"# Cronau 2021 ACS Energy Lett. 6, 3072 — SI (nz1c01299_si_001.pdf) figure readout. ALL VALUES DIGITIZED (not stated in text). tools/litdb/cronau2021_si_digitize.py"
figure,panel,material,class,series,x_name,x_value,x_unit,y_name,y_value,y_unit,fit_cost,own_px,flag,provenance
S1,S1a,AM-Li7P3S11,AM,fab 194.69 MPa,stack_pressure,2.82,MPa,sigma_ion,5.01713e-05,S/cm,11,14,occluded,digitized
S1,S1a,AM-Li7P3S11,AM,fab 194.69 MPa,stack_pressure,3.82,MPa,sigma_ion,5.82865e-05,S/cm,0,36,ok,digitized
S1,S1a,AM-Li7P3S11,AM,fab 194.69 MPa,stack_pressure,4.45,MPa,sigma_ion,6.85977e-05,S/cm,2,24,occluded,digitized
S1,S1a,AM-Li7P3S11,AM,fab 194.69 MPa,stack_pressure,5.64,MPa,sigma_ion,7.70887e-05,S/cm,0,7,occluded,digitized
S1,S1a,AM-Li7P3S11,AM,fab 194.69 MPa,stack_pressure,19.61,MPa,sigma_ion,1.34101e-04,S/cm,0,62,ok,digitized
S1,S1a,AM-Li7P3S11,AM,fab 194.69 MPa,stack_pressure,29.25,MPa,sigma_ion,1.43991e-04,S/cm,37,56,ok,digitized
S1,S1a,AM-Li7P3S11,AM,fab 194.69 MPa,stack_pressure,39.11,MPa,sigma_ion,1.47023e-04,S/cm,65,64,neighbor_overlap,digitized
S1,S1a,AM-Li7P3S11,AM,fab 194.69 MPa,stack_pressure,48.47,MPa,sigma_ion,1.48222e-04,S/cm,60,68,neighbor_overlap,digitized
S1,S1a,AM-Li7P3S11,AM,fab 194.69 MPa,stack_pressure,58.86,MPa,sigma_ion,1.48573e-04,S/cm,64,61,neighbor_overlap,digitized
S1,S1a,AM-Li7P3S11,AM,fab 194.69 MPa,stack_pressure,68.14,MPa,sigma_ion,1.48829e-04,S/cm,64,58,neighbor_overlap,digitized
S1,S1a,AM-Li7P3S11,AM,fab 194.69 MPa,stack_pressure,77.67,MPa,sigma_ion,1.48802e-04,S/cm,63,54,neighbor_overlap,digitized
S1,S1a,AM-Li7P3S11,AM,fab 194.69 MPa,stack_pressure,87.29,MPa,sigma_ion,1.48637e-04,S/cm,58,62,neighbor_overlap,digitized
S1,S1a,AM-Li7P3S11,AM,fab 194.69 MPa,stack_pressure,95.84,MPa,sigma_ion,1.48426e-04,S/cm,40,58,ok,digitized
S1,S1a,AM-Li7P3S11,AM,fab 194.69 MPa,stack_pressure,146.10,MPa,sigma_ion,1.50589e-04,S/cm,0,52,ok,digitized
S1,S1a,AM-Li7P3S11,AM,fab 194.69 MPa,stack_pressure,194.67,MPa,sigma_ion,1.53546e-04,S/cm,0,46,ok,digitized
S1,S1a,AM-Li7P3S11,AM,fab 292.03 MPa,stack_pressure,0.91,MPa,sigma_ion,3.49575e-05,S/cm,9,24,occluded,digitized
S1,S1a,AM-Li7P3S11,AM,fab 292.03 MPa,stack_pressure,1.83,MPa,sigma_ion,4.29212e-05,S/cm,10,31,ok,digitized
S1,S1a,AM-Li7P3S11,AM,fab 292.03 MPa,stack_pressure,2.59,MPa,sigma_ion,5.31086e-05,S/cm,0,41,ok,digitized
S1,S1a,AM-Li7P3S11,AM,fab 292.03 MPa,stack_pressure,3.94,MPa,sigma_ion,6.35668e-05,S/cm,0,55,ok,digitized
S1,S1a,AM-Li7P3S11,AM,fab 292.03 MPa,stack_pressure,4.78,MPa,sigma_ion,7.40060e-05,S/cm,5,54,ok,digitized
S1,S1a,AM-Li7P3S11,AM,fab 292.03 MPa,stack_pressure,5.57,MPa,sigma_ion,8.35054e-05,S/cm,17,55,ok,digitized
S1,S1a,AM-Li7P3S11,AM,fab 292.03 MPa,stack_pressure,6.65,MPa,sigma_ion,9.21171e-05,S/cm,28,53,ok,digitized
S1,S1a,AM-Li7P3S11,AM,fab 292.03 MPa,stack_pressure,8.08,MPa,sigma_ion,1.00940e-04,S/cm,47,56,neighbor_overlap,digitized
S1,S1a,AM-Li7P3S11,AM,fab 292.03 MPa,stack_pressure,8.73,MPa,sigma_ion,1.07786e-04,S/cm,63,64,neighbor_overlap,digitized
S1,S1a,AM-Li7P3S11,AM,fab 292.03 MPa,stack_pressure,9.76,MPa,sigma_ion,1.12280e-04,S/cm,38,62,ok,digitized
S1,S1a,AM-Li7P3S11,AM,fab 292.03 MPa,stack_pressure,19.53,MPa,sigma_ion,1.62206e-04,S/cm,0,55,ok,digitized
S1,S1a,AM-Li7P3S11,AM,fab 292.03 MPa,stack_pressure,29.31,MPa,sigma_ion,1.86248e-04,S/cm,0,54,ok,digitized
S1,S1a,AM-Li7P3S11,AM,fab 292.03 MPa,stack_pressure,38.94,MPa,sigma_ion,1.96631e-04,S/cm,29,52,ok,digitized
S1,S1a,AM-Li7P3S11,AM,fab 292.03 MPa,stack_pressure,49.55,MPa,sigma_ion,2.00234e-04,S/cm,41,60,neighbor_overlap,digitized
S1,S1a,AM-Li7P3S11,AM,fab 292.03 MPa,stack_pressure,79.05,MPa,sigma_ion,1.98582e-04,S/cm,42,66,neighbor_overlap,digitized
S1,S1a,AM-Li7P3S11,AM,fab 292.03 MPa,stack_pressure,87.53,MPa,sigma_ion,1.97236e-04,S/cm,69,66,neighbor_overlap,digitized
S1,S1a,AM-Li7P3S11,AM,fab 292.03 MPa,stack_pressure,96.45,MPa,sigma_ion,1.95546e-04,S/cm,36,64,ok,digitized
S1,S1a,AM-Li7P3S11,AM,fab 292.03 MPa,stack_pressure,145.99,MPa,sigma_ion,1.93821e-04,S/cm,0,60,ok,digitized
S1,S1a,AM-Li7P3S11,AM,fab 292.03 MPa,stack_pressure,194.61,MPa,sigma_ion,1.92281e-04,S/cm,0,61,ok,digitized
S1,S1a,AM-Li7P3S11,AM,fab 292.03 MPa,stack_pressure,243.23,MPa,sigma_ion,1.91094e-04,S/cm,0,63,ok,digitized
S1,S1a,AM-Li7P3S11,AM,fab 292.03 MPa,stack_pressure,291.98,MPa,sigma_ion,1.90538e-04,S/cm,0,64,ok,digitized
S1,S1a,AM-Li7P3S11,AM,fab 389.30 MPa,stack_pressure,19.46,MPa,sigma_ion,7.73003e-05,S/cm,0,51,ok,digitized
S1,S1a,AM-Li7P3S11,AM,fab 389.30 MPa,stack_pressure,28.93,MPa,sigma_ion,1.07105e-04,S/cm,0,55,ok,digitized
S1,S1a,AM-Li7P3S11,AM,fab 389.30 MPa,stack_pressure,38.96,MPa,sigma_ion,1.35741e-04,S/cm,0,45,ok,digitized
S1,S1a,AM-Li7P3S11,AM,fab 389.30 MPa,stack_pressure,48.50,MPa,sigma_ion,1.62612e-04,S/cm,0,47,ok,digitized
S1,S1a,AM-Li7P3S11,AM,fab 389.30 MPa,stack_pressure,58.75,MPa,sigma_ion,1.84270e-04,S/cm,0,47,ok,digitized
S1,S1a,AM-Li7P3S11,AM,fab 389.30 MPa,stack_pressure,67.96,MPa,sigma_ion,1.99219e-04,S/cm,7,47,ok,digitized
S1,S1a,AM-Li7P3S11,AM,fab 389.30 MPa,stack_pressure,77.89,MPa,sigma_ion,2.07217e-04,S/cm,34,48,ok,digitized
S1,S1a,AM-Li7P3S11,AM,fab 389.30 MPa,stack_pressure,88.77,MPa,sigma_ion,2.11780e-04,S/cm,56,57,neighbor_overlap,digitized
S1,S1a,AM-Li7P3S11,AM,fab 389.30 MPa,stack_pressure,95.85,MPa,sigma_ion,2.13178e-04,S/cm,40,56,ok,digitized
S1,S1a,AM-Li7P3S11,AM,fab 389.30 MPa,stack_pressure,145.70,MPa,sigma_ion,2.14989e-04,S/cm,0,41,ok,digitized
S1,S1a,AM-Li7P3S11,AM,fab 389.30 MPa,stack_pressure,194.56,MPa,sigma_ion,2.13316e-04,S/cm,0,46,ok,digitized
S1,S1a,AM-Li7P3S11,AM,fab 389.30 MPa,stack_pressure,243.40,MPa,sigma_ion,2.11346e-04,S/cm,0,51,ok,digitized
S1,S1a,AM-Li7P3S11,AM,fab 389.30 MPa,stack_pressure,292.03,MPa,sigma_ion,2.09692e-04,S/cm,0,52,ok,digitized
S1,S1a,AM-Li7P3S11,AM,fab 389.30 MPa,stack_pressure,389.41,MPa,sigma_ion,2.09470e-04,S/cm,0,30,ok,digitized
S1,S1a,AM-Li7P3S11,AM,fab 486.73 MPa,stack_pressure,1.78,MPa,sigma_ion,1.93455e-05,S/cm,73,77,neighbor_overlap,digitized
S1,S1a,AM-Li7P3S11,AM,fab 486.73 MPa,stack_pressure,4.56,MPa,sigma_ion,2.66107e-05,S/cm,89,67,neighbor_overlap,digitized
S1,S1a,AM-Li7P3S11,AM,fab 486.73 MPa,stack_pressure,6.70,MPa,sigma_ion,3.65144e-05,S/cm,83,67,neighbor_overlap,digitized
S1,S1a,AM-Li7P3S11,AM,fab 486.73 MPa,stack_pressure,7.77,MPa,sigma_ion,4.06581e-05,S/cm,85,70,neighbor_overlap,digitized
S1,S1a,AM-Li7P3S11,AM,fab 486.73 MPa,stack_pressure,8.82,MPa,sigma_ion,4.59900e-05,S/cm,77,68,neighbor_overlap,digitized
S1,S1a,AM-Li7P3S11,AM,fab 486.73 MPa,stack_pressure,9.80,MPa,sigma_ion,5.07425e-05,S/cm,44,70,neighbor_overlap,digitized
S1,S1a,AM-Li7P3S11,AM,fab 486.73 MPa,stack_pressure,19.34,MPa,sigma_ion,9.75642e-05,S/cm,0,62,ok,digitized
S1,S1a,AM-Li7P3S11,AM,fab 486.73 MPa,stack_pressure,29.07,MPa,sigma_ion,1.33228e-04,S/cm,0,63,ok,digitized
S1,S1a,AM-Li7P3S11,AM,fab 486.73 MPa,stack_pressure,38.73,MPa,sigma_ion,1.61384e-04,S/cm,0,65,ok,digitized
S1,S1a,AM-Li7P3S11,AM,fab 486.73 MPa,stack_pressure,48.69,MPa,sigma_ion,1.82023e-04,S/cm,0,59,ok,digitized
S1,S1a,AM-Li7P3S11,AM,fab 486.73 MPa,stack_pressure,58.32,MPa,sigma_ion,1.96997e-04,S/cm,0,54,ok,digitized
S1,S1a,AM-Li7P3S11,AM,fab 486.73 MPa,stack_pressure,68.05,MPa,sigma_ion,2.07129e-04,S/cm,16,56,ok,digitized
S1,S1a,AM-Li7P3S11,AM,fab 486.73 MPa,stack_pressure,77.80,MPa,sigma_ion,2.14172e-04,S/cm,45,53,neighbor_overlap,digitized
S1,S1a,AM-Li7P3S11,AM,fab 486.73 MPa,stack_pressure,87.39,MPa,sigma_ion,2.18539e-04,S/cm,62,60,neighbor_overlap,digitized
S1,S1a,AM-Li7P3S11,AM,fab 486.73 MPa,stack_pressure,96.26,MPa,sigma_ion,2.21175e-04,S/cm,36,59,ok,digitized
S1,S1a,AM-Li7P3S11,AM,fab 486.73 MPa,stack_pressure,145.96,MPa,sigma_ion,2.24672e-04,S/cm,0,55,ok,digitized
S1,S1a,AM-Li7P3S11,AM,fab 486.73 MPa,stack_pressure,194.47,MPa,sigma_ion,2.22891e-04,S/cm,0,57,ok,digitized
S1,S1a,AM-Li7P3S11,AM,fab 486.73 MPa,stack_pressure,243.40,MPa,sigma_ion,2.20429e-04,S/cm,0,61,ok,digitized
S1,S1a,AM-Li7P3S11,AM,fab 486.73 MPa,stack_pressure,291.91,MPa,sigma_ion,2.17704e-04,S/cm,0,60,ok,digitized
S1,S1a,AM-Li7P3S11,AM,fab 486.73 MPa,stack_pressure,389.33,MPa,sigma_ion,2.14184e-04,S/cm,0,50,ok,digitized
S1,S1a,AM-Li7P3S11,AM,fab 486.73 MPa,stack_pressure,486.45,MPa,sigma_ion,2.11093e-04,S/cm,0,53,ok,digitized
S1,S1a,AM-Li7P3S11,AM,fab 97.34 MPa,stack_pressure,20.81,MPa,sigma_ion,1.02755e-04,S/cm,9,36,ok,digitized
S1,S1a,AM-Li7P3S11,AM,fab 97.34 MPa,stack_pressure,39.01,MPa,sigma_ion,1.05410e-04,S/cm,37,57,ok,digitized
S1,S1a,AM-Li7P3S11,AM,fab 97.34 MPa,stack_pressure,48.71,MPa,sigma_ion,1.06252e-04,S/cm,57,59,neighbor_overlap,digitized
S1,S1a,AM-Li7P3S11,AM,fab 97.34 MPa,stack_pressure,58.35,MPa,sigma_ion,1.07408e-04,S/cm,63,58,neighbor_overlap,digitized
S1,S1a,AM-Li7P3S11,AM,fab 97.34 MPa,stack_pressure,67.89,MPa,sigma_ion,1.08249e-04,S/cm,58,60,neighbor_overlap,digitized
S1,S1a,AM-Li7P3S11,AM,fab 97.34 MPa,stack_pressure,77.59,MPa,sigma_ion,1.09167e-04,S/cm,63,52,neighbor_overlap,digitized
S1,S1a,AM-Li7P3S11,AM,fab 97.34 MPa,stack_pressure,87.78,MPa,sigma_ion,1.10045e-04,S/cm,56,63,neighbor_overlap,digitized
S1,S1a,AM-Li7P3S11,AM,fab 97.34 MPa,stack_pressure,96.16,MPa,sigma_ion,1.10586e-04,S/cm,31,58,ok,digitized
S1,S1b,AM-80Li2S-20P2S5,AM,fab 194.69 MPa,stack_pressure,18.87,MPa,sigma_ion,3.94055e-04,S/cm,0,13,occluded,digitized
S1,S1b,AM-80Li2S-20P2S5,AM,fab 194.69 MPa,stack_pressure,29.08,MPa,sigma_ion,4.27253e-04,S/cm,26,57,ok,digitized
S1,S1b,AM-80Li2S-20P2S5,AM,fab 194.69 MPa,stack_pressure,39.35,MPa,sigma_ion,4.36652e-04,S/cm,61,46,neighbor_overlap,digitized
S1,S1b,AM-80Li2S-20P2S5,AM,fab 194.69 MPa,stack_pressure,49.07,MPa,sigma_ion,4.38683e-04,S/cm,54,64,neighbor_overlap,digitized
S1,S1b,AM-80Li2S-20P2S5,AM,fab 194.69 MPa,stack_pressure,57.60,MPa,sigma_ion,4.38680e-04,S/cm,60,61,neighbor_overlap,digitized
S1,S1b,AM-80Li2S-20P2S5,AM,fab 194.69 MPa,stack_pressure,67.55,MPa,sigma_ion,4.37069e-04,S/cm,60,53,neighbor_overlap,digitized
S1,S1b,AM-80Li2S-20P2S5,AM,fab 194.69 MPa,stack_pressure,77.84,MPa,sigma_ion,4.35891e-04,S/cm,59,63,neighbor_overlap,digitized
S1,S1b,AM-80Li2S-20P2S5,AM,fab 194.69 MPa,stack_pressure,88.30,MPa,sigma_ion,4.33453e-04,S/cm,64,62,neighbor_overlap,digitized
S1,S1b,AM-80Li2S-20P2S5,AM,fab 194.69 MPa,stack_pressure,96.48,MPa,sigma_ion,4.33313e-04,S/cm,36,61,ok,digitized
S1,S1b,AM-80Li2S-20P2S5,AM,fab 194.69 MPa,stack_pressure,145.85,MPa,sigma_ion,4.32837e-04,S/cm,0,55,ok,digitized
S1,S1b,AM-80Li2S-20P2S5,AM,fab 194.69 MPa,stack_pressure,194.34,MPa,sigma_ion,4.33594e-04,S/cm,0,50,ok,digitized
S1,S1b,AM-80Li2S-20P2S5,AM,fab 292.03 MPa,stack_pressure,1.36,MPa,sigma_ion,3.69773e-05,S/cm,0,46,ok,digitized
S1,S1b,AM-80Li2S-20P2S5,AM,fab 292.03 MPa,stack_pressure,3.77,MPa,sigma_ion,1.21241e-04,S/cm,0,8,occluded,digitized
S1,S1b,AM-80Li2S-20P2S5,AM,fab 292.03 MPa,stack_pressure,7.47,MPa,sigma_ion,2.41883e-04,S/cm,0,21,occluded,digitized
S1,S1b,AM-80Li2S-20P2S5,AM,fab 292.03 MPa,stack_pressure,19.32,MPa,sigma_ion,4.15338e-04,S/cm,0,53,ok,digitized
S1,S1b,AM-80Li2S-20P2S5,AM,fab 292.03 MPa,stack_pressure,29.02,MPa,sigma_ion,4.72000e-04,S/cm,0,33,ok,digitized
S1,S1b,AM-80Li2S-20P2S5,AM,fab 292.03 MPa,stack_pressure,38.61,MPa,sigma_ion,4.96214e-04,S/cm,23,17,occluded,digitized
S1,S1b,AM-80Li2S-20P2S5,AM,fab 292.03 MPa,stack_pressure,49.27,MPa,sigma_ion,5.08818e-04,S/cm,26,60,ok,digitized
S1,S1b,AM-80Li2S-20P2S5,AM,fab 292.03 MPa,stack_pressure,57.62,MPa,sigma_ion,5.13593e-04,S/cm,42,45,neighbor_overlap,digitized
S1,S1b,AM-80Li2S-20P2S5,AM,fab 292.03 MPa,stack_pressure,78.62,MPa,sigma_ion,5.16685e-04,S/cm,45,62,neighbor_overlap,digitized
S1,S1b,AM-80Li2S-20P2S5,AM,fab 292.03 MPa,stack_pressure,87.22,MPa,sigma_ion,5.16554e-04,S/cm,67,66,neighbor_overlap,digitized
S1,S1b,AM-80Li2S-20P2S5,AM,fab 292.03 MPa,stack_pressure,96.85,MPa,sigma_ion,5.15666e-04,S/cm,30,67,ok,digitized
S1,S1b,AM-80Li2S-20P2S5,AM,fab 292.03 MPa,stack_pressure,145.87,MPa,sigma_ion,5.14178e-04,S/cm,0,65,ok,digitized
S1,S1b,AM-80Li2S-20P2S5,AM,fab 292.03 MPa,stack_pressure,194.58,MPa,sigma_ion,5.12211e-04,S/cm,0,63,ok,digitized
S1,S1b,AM-80Li2S-20P2S5,AM,fab 292.03 MPa,stack_pressure,243.34,MPa,sigma_ion,5.10090e-04,S/cm,0,61,ok,digitized
S1,S1b,AM-80Li2S-20P2S5,AM,fab 292.03 MPa,stack_pressure,291.97,MPa,sigma_ion,5.08257e-04,S/cm,0,64,ok,digitized
S1,S1b,AM-80Li2S-20P2S5,AM,fab 389.30 MPa,stack_pressure,1.40,MPa,sigma_ion,5.04722e-05,S/cm,0,32,ok,digitized
S1,S1b,AM-80Li2S-20P2S5,AM,fab 389.30 MPa,stack_pressure,3.87,MPa,sigma_ion,1.64600e-04,S/cm,0,13,occluded,digitized
S1,S1b,AM-80Li2S-20P2S5,AM,fab 389.30 MPa,stack_pressure,5.11,MPa,sigma_ion,2.14571e-04,S/cm,2,9,occluded,digitized
S1,S1b,AM-80Li2S-20P2S5,AM,fab 389.30 MPa,stack_pressure,6.14,MPa,sigma_ion,2.39237e-04,S/cm,15,17,occluded,digitized
S1,S1b,AM-80Li2S-20P2S5,AM,fab 389.30 MPa,stack_pressure,7.40,MPa,sigma_ion,2.55331e-04,S/cm,33,56,ok,digitized
S1,S1b,AM-80Li2S-20P2S5,AM,fab 389.30 MPa,stack_pressure,8.30,MPa,sigma_ion,2.68408e-04,S/cm,45,55,neighbor_overlap,digitized
S1,S1b,AM-80Li2S-20P2S5,AM,fab 389.30 MPa,stack_pressure,9.53,MPa,sigma_ion,2.87559e-04,S/cm,22,43,ok,digitized
S1,S1b,AM-80Li2S-20P2S5,AM,fab 389.30 MPa,stack_pressure,19.23,MPa,sigma_ion,3.98004e-04,S/cm,0,48,ok,digitized
S1,S1b,AM-80Li2S-20P2S5,AM,fab 389.30 MPa,stack_pressure,28.78,MPa,sigma_ion,4.61965e-04,S/cm,0,48,ok,digitized
S1,S1b,AM-80Li2S-20P2S5,AM,fab 389.30 MPa,stack_pressure,38.72,MPa,sigma_ion,5.02846e-04,S/cm,0,48,ok,digitized
S1,S1b,AM-80Li2S-20P2S5,AM,fab 389.30 MPa,stack_pressure,48.27,MPa,sigma_ion,5.30302e-04,S/cm,21,44,ok,digitized
S1,S1b,AM-80Li2S-20P2S5,AM,fab 389.30 MPa,stack_pressure,58.16,MPa,sigma_ion,5.45141e-04,S/cm,43,48,neighbor_overlap,digitized
S1,S1b,AM-80Li2S-20P2S5,AM,fab 389.30 MPa,stack_pressure,69.28,MPa,sigma_ion,5.53726e-04,S/cm,57,57,neighbor_overlap,digitized
S1,S1b,AM-80Li2S-20P2S5,AM,fab 389.30 MPa,stack_pressure,77.70,MPa,sigma_ion,5.57554e-04,S/cm,48,60,neighbor_overlap,digitized
S1,S1b,AM-80Li2S-20P2S5,AM,fab 389.30 MPa,stack_pressure,145.87,MPa,sigma_ion,5.59053e-04,S/cm,0,49,ok,digitized
S1,S1b,AM-80Li2S-20P2S5,AM,fab 389.30 MPa,stack_pressure,194.44,MPa,sigma_ion,5.55830e-04,S/cm,0,45,ok,digitized
S1,S1b,AM-80Li2S-20P2S5,AM,fab 389.30 MPa,stack_pressure,243.30,MPa,sigma_ion,5.51293e-04,S/cm,0,47,ok,digitized
S1,S1b,AM-80Li2S-20P2S5,AM,fab 389.30 MPa,stack_pressure,291.97,MPa,sigma_ion,5.47081e-04,S/cm,0,49,ok,digitized
S1,S1b,AM-80Li2S-20P2S5,AM,fab 389.30 MPa,stack_pressure,389.04,MPa,sigma_ion,5.40505e-04,S/cm,0,43,ok,digitized
S1,S1b,AM-80Li2S-20P2S5,AM,fab 486.73 MPa,stack_pressure,1.01,MPa,sigma_ion,6.69882e-05,S/cm,40,70,ok,digitized
S1,S1b,AM-80Li2S-20P2S5,AM,fab 486.73 MPa,stack_pressure,1.81,MPa,sigma_ion,7.46824e-05,S/cm,71,68,neighbor_overlap,digitized
S1,S1b,AM-80Li2S-20P2S5,AM,fab 486.73 MPa,stack_pressure,2.64,MPa,sigma_ion,9.11996e-05,S/cm,60,59,neighbor_overlap,digitized
S1,S1b,AM-80Li2S-20P2S5,AM,fab 486.73 MPa,stack_pressure,3.30,MPa,sigma_ion,1.10254e-04,S/cm,40,56,ok,digitized
S1,S1b,AM-80Li2S-20P2S5,AM,fab 486.73 MPa,stack_pressure,4.56,MPa,sigma_ion,1.30499e-04,S/cm,28,54,ok,digitized
S1,S1b,AM-80Li2S-20P2S5,AM,fab 486.73 MPa,stack_pressure,5.64,MPa,sigma_ion,1.50657e-04,S/cm,26,58,ok,digitized
S1,S1b,AM-80Li2S-20P2S5,AM,fab 486.73 MPa,stack_pressure,6.32,MPa,sigma_ion,1.71145e-04,S/cm,20,58,ok,digitized
S1,S1b,AM-80Li2S-20P2S5,AM,fab 486.73 MPa,stack_pressure,7.87,MPa,sigma_ion,1.92371e-04,S/cm,35,55,ok,digitized
S1,S1b,AM-80Li2S-20P2S5,AM,fab 486.73 MPa,stack_pressure,8.94,MPa,sigma_ion,2.11121e-04,S/cm,45,61,neighbor_overlap,digitized
S1,S1b,AM-80Li2S-20P2S5,AM,fab 486.73 MPa,stack_pressure,9.62,MPa,sigma_ion,2.28416e-04,S/cm,30,58,ok,digitized
S1,S1b,AM-80Li2S-20P2S5,AM,fab 486.73 MPa,stack_pressure,19.19,MPa,sigma_ion,3.45656e-04,S/cm,0,65,ok,digitized
S1,S1b,AM-80Li2S-20P2S5,AM,fab 486.73 MPa,stack_pressure,28.86,MPa,sigma_ion,4.08253e-04,S/cm,0,62,ok,digitized
S1,S1b,AM-80Li2S-20P2S5,AM,fab 486.73 MPa,stack_pressure,38.69,MPa,sigma_ion,4.48111e-04,S/cm,0,63,ok,digitized
S1,S1b,AM-80Li2S-20P2S5,AM,fab 486.73 MPa,stack_pressure,48.58,MPa,sigma_ion,4.77813e-04,S/cm,1,59,ok,digitized
S1,S1b,AM-80Li2S-20P2S5,AM,fab 486.73 MPa,stack_pressure,58.27,MPa,sigma_ion,5.02280e-04,S/cm,6,55,ok,digitized
S1,S1b,AM-80Li2S-20P2S5,AM,fab 486.73 MPa,stack_pressure,67.88,MPa,sigma_ion,5.21758e-04,S/cm,26,55,ok,digitized
S1,S1b,AM-80Li2S-20P2S5,AM,fab 486.73 MPa,stack_pressure,77.69,MPa,sigma_ion,5.37306e-04,S/cm,44,59,neighbor_overlap,digitized
S1,S1b,AM-80Li2S-20P2S5,AM,fab 486.73 MPa,stack_pressure,87.30,MPa,sigma_ion,5.50298e-04,S/cm,53,49,neighbor_overlap,digitized
S1,S1b,AM-80Li2S-20P2S5,AM,fab 486.73 MPa,stack_pressure,97.14,MPa,sigma_ion,5.61154e-04,S/cm,21,49,ok,digitized
S1,S1b,AM-80Li2S-20P2S5,AM,fab 486.73 MPa,stack_pressure,145.83,MPa,sigma_ion,5.84446e-04,S/cm,0,52,ok,digitized
S1,S1b,AM-80Li2S-20P2S5,AM,fab 486.73 MPa,stack_pressure,194.50,MPa,sigma_ion,5.82582e-04,S/cm,0,60,ok,digitized
S1,S1b,AM-80Li2S-20P2S5,AM,fab 486.73 MPa,stack_pressure,243.27,MPa,sigma_ion,5.75757e-04,S/cm,0,57,ok,digitized
S1,S1b,AM-80Li2S-20P2S5,AM,fab 486.73 MPa,stack_pressure,292.11,MPa,sigma_ion,5.68367e-04,S/cm,0,55,ok,digitized
S1,S1b,AM-80Li2S-20P2S5,AM,fab 486.73 MPa,stack_pressure,389.39,MPa,sigma_ion,5.57272e-04,S/cm,0,46,ok,digitized
S1,S1b,AM-80Li2S-20P2S5,AM,fab 486.73 MPa,stack_pressure,486.56,MPa,sigma_ion,5.42529e-04,S/cm,0,52,ok,digitized
S1,S1b,AM-80Li2S-20P2S5,AM,fab 97.34 MPa,stack_pressure,5.73,MPa,sigma_ion,8.68923e-05,S/cm,10,7,occluded,digitized
S1,S1b,AM-80Li2S-20P2S5,AM,fab 97.34 MPa,stack_pressure,6.91,MPa,sigma_ion,1.07995e-04,S/cm,13,21,occluded,digitized
S1,S1b,AM-80Li2S-20P2S5,AM,fab 97.34 MPa,stack_pressure,9.43,MPa,sigma_ion,1.27713e-04,S/cm,22,23,occluded,digitized
S1,S1b,AM-80Li2S-20P2S5,AM,fab 97.34 MPa,stack_pressure,9.74,MPa,sigma_ion,1.34745e-04,S/cm,17,27,ok,digitized
S1,S1b,AM-80Li2S-20P2S5,AM,fab 97.34 MPa,stack_pressure,19.06,MPa,sigma_ion,2.42904e-04,S/cm,0,41,ok,digitized
S1,S1b,AM-80Li2S-20P2S5,AM,fab 97.34 MPa,stack_pressure,29.09,MPa,sigma_ion,3.08989e-04,S/cm,17,48,ok,digitized
S1,S1b,AM-80Li2S-20P2S5,AM,fab 97.34 MPa,stack_pressure,39.40,MPa,sigma_ion,3.27581e-04,S/cm,39,61,ok,digitized
S1,S1b,AM-80Li2S-20P2S5,AM,fab 97.34 MPa,stack_pressure,48.83,MPa,sigma_ion,3.29167e-04,S/cm,59,54,neighbor_overlap,digitized
S1,S1b,AM-80Li2S-20P2S5,AM,fab 97.34 MPa,stack_pressure,58.35,MPa,sigma_ion,3.29581e-04,S/cm,56,60,neighbor_overlap,digitized
S1,S1b,AM-80Li2S-20P2S5,AM,fab 97.34 MPa,stack_pressure,67.31,MPa,sigma_ion,3.29460e-04,S/cm,61,58,neighbor_overlap,digitized
S1,S1b,AM-80Li2S-20P2S5,AM,fab 97.34 MPa,stack_pressure,77.80,MPa,sigma_ion,3.28797e-04,S/cm,57,62,neighbor_overlap,digitized
S1,S1b,AM-80Li2S-20P2S5,AM,fab 97.34 MPa,stack_pressure,87.21,MPa,sigma_ion,3.28188e-04,S/cm,60,60,neighbor_overlap,digitized
S1,S1b,AM-80Li2S-20P2S5,AM,fab 97.34 MPa,stack_pressure,95.59,MPa,sigma_ion,3.27580e-04,S/cm,32,58,ok,digitized
S1,S1c,GC-Li7P3S11,GC,fab 194.69 MPa,stack_pressure,4.88,MPa,sigma_ion,6.98172e-04,S/cm,0,10,occluded,digitized
S1,S1c,GC-Li7P3S11,GC,fab 194.69 MPa,stack_pressure,5.43,MPa,sigma_ion,7.89492e-04,S/cm,5,15,occluded,digitized
S1,S1c,GC-Li7P3S11,GC,fab 194.69 MPa,stack_pressure,6.58,MPa,sigma_ion,8.75300e-04,S/cm,34,26,ok,digitized
S1,S1c,GC-Li7P3S11,GC,fab 194.69 MPa,stack_pressure,7.54,MPa,sigma_ion,9.58423e-04,S/cm,46,67,neighbor_overlap,digitized
S1,S1c,GC-Li7P3S11,GC,fab 194.69 MPa,stack_pressure,8.76,MPa,sigma_ion,1.02889e-03,S/cm,63,65,neighbor_overlap,digitized
S1,S1c,GC-Li7P3S11,GC,fab 194.69 MPa,stack_pressure,9.47,MPa,sigma_ion,1.09753e-03,S/cm,29,60,ok,digitized
S1,S1c,GC-Li7P3S11,GC,fab 194.69 MPa,stack_pressure,19.36,MPa,sigma_ion,1.55705e-03,S/cm,0,68,ok,digitized
S1,S1c,GC-Li7P3S11,GC,fab 194.69 MPa,stack_pressure,29.17,MPa,sigma_ion,1.71092e-03,S/cm,22,63,ok,digitized
S1,S1c,GC-Li7P3S11,GC,fab 194.69 MPa,stack_pressure,38.86,MPa,sigma_ion,1.77699e-03,S/cm,49,45,neighbor_overlap,digitized
S1,S1c,GC-Li7P3S11,GC,fab 194.69 MPa,stack_pressure,49.19,MPa,sigma_ion,1.81864e-03,S/cm,55,58,neighbor_overlap,digitized
S1,S1c,GC-Li7P3S11,GC,fab 194.69 MPa,stack_pressure,58.53,MPa,sigma_ion,1.84639e-03,S/cm,62,59,neighbor_overlap,digitized
S1,S1c,GC-Li7P3S11,GC,fab 194.69 MPa,stack_pressure,69.01,MPa,sigma_ion,1.86796e-03,S/cm,63,59,neighbor_overlap,digitized
S1,S1c,GC-Li7P3S11,GC,fab 194.69 MPa,stack_pressure,77.56,MPa,sigma_ion,1.88377e-03,S/cm,63,62,neighbor_overlap,digitized
S1,S1c,GC-Li7P3S11,GC,fab 194.69 MPa,stack_pressure,87.31,MPa,sigma_ion,1.89384e-03,S/cm,64,64,neighbor_overlap,digitized
S1,S1c,GC-Li7P3S11,GC,fab 194.69 MPa,stack_pressure,95.70,MPa,sigma_ion,1.90103e-03,S/cm,38,59,ok,digitized
S1,S1c,GC-Li7P3S11,GC,fab 194.69 MPa,stack_pressure,145.91,MPa,sigma_ion,1.94330e-03,S/cm,0,47,ok,digitized
S1,S1c,GC-Li7P3S11,GC,fab 194.69 MPa,stack_pressure,194.47,MPa,sigma_ion,1.94339e-03,S/cm,0,48,ok,digitized
S1,S1c,GC-Li7P3S11,GC,fab 292.03 MPa,stack_pressure,0.62,MPa,sigma_ion,2.09113e-04,S/cm,0,19,occluded,digitized
S1,S1c,GC-Li7P3S11,GC,fab 292.03 MPa,stack_pressure,3.04,MPa,sigma_ion,3.14477e-04,S/cm,8,12,occluded,digitized
S1,S1c,GC-Li7P3S11,GC,fab 292.03 MPa,stack_pressure,5.05,MPa,sigma_ion,3.81562e-04,S/cm,9,11,occluded,digitized
S1,S1c,GC-Li7P3S11,GC,fab 292.03 MPa,stack_pressure,5.61,MPa,sigma_ion,4.59559e-04,S/cm,15,9,occluded,digitized
S1,S1c,GC-Li7P3S11,GC,fab 292.03 MPa,stack_pressure,6.89,MPa,sigma_ion,5.01497e-04,S/cm,10,11,occluded,digitized
S1,S1c,GC-Li7P3S11,GC,fab 292.03 MPa,stack_pressure,8.04,MPa,sigma_ion,5.57836e-04,S/cm,13,13,occluded,digitized
S1,S1c,GC-Li7P3S11,GC,fab 292.03 MPa,stack_pressure,9.11,MPa,sigma_ion,6.18781e-04,S/cm,14,21,occluded,digitized
S1,S1c,GC-Li7P3S11,GC,fab 292.03 MPa,stack_pressure,10.19,MPa,sigma_ion,6.79880e-04,S/cm,10,17,occluded,digitized
S1,S1c,GC-Li7P3S11,GC,fab 292.03 MPa,stack_pressure,19.22,MPa,sigma_ion,1.22676e-03,S/cm,0,54,ok,digitized
S1,S1c,GC-Li7P3S11,GC,fab 292.03 MPa,stack_pressure,38.92,MPa,sigma_ion,1.82208e-03,S/cm,0,19,occluded,digitized
S1,S1c,GC-Li7P3S11,GC,fab 292.03 MPa,stack_pressure,48.58,MPa,sigma_ion,1.94101e-03,S/cm,11,56,ok,digitized
S1,S1c,GC-Li7P3S11,GC,fab 292.03 MPa,stack_pressure,58.27,MPa,sigma_ion,2.00511e-03,S/cm,46,41,neighbor_overlap,digitized
S1,S1c,GC-Li7P3S11,GC,fab 292.03 MPa,stack_pressure,68.07,MPa,sigma_ion,2.04256e-03,S/cm,51,56,neighbor_overlap,digitized
S1,S1c,GC-Li7P3S11,GC,fab 292.03 MPa,stack_pressure,78.40,MPa,sigma_ion,2.07210e-03,S/cm,66,62,neighbor_overlap,digitized
S1,S1c,GC-Li7P3S11,GC,fab 292.03 MPa,stack_pressure,88.02,MPa,sigma_ion,2.09232e-03,S/cm,69,68,neighbor_overlap,digitized
S1,S1c,GC-Li7P3S11,GC,fab 292.03 MPa,stack_pressure,96.58,MPa,sigma_ion,2.10635e-03,S/cm,33,66,ok,digitized
S1,S1c,GC-Li7P3S11,GC,fab 292.03 MPa,stack_pressure,145.85,MPa,sigma_ion,2.17157e-03,S/cm,0,59,ok,digitized
S1,S1c,GC-Li7P3S11,GC,fab 292.03 MPa,stack_pressure,194.55,MPa,sigma_ion,2.18211e-03,S/cm,0,63,ok,digitized
S1,S1c,GC-Li7P3S11,GC,fab 292.03 MPa,stack_pressure,243.29,MPa,sigma_ion,2.16076e-03,S/cm,0,63,ok,digitized
S1,S1c,GC-Li7P3S11,GC,fab 292.03 MPa,stack_pressure,291.84,MPa,sigma_ion,2.13398e-03,S/cm,0,58,ok,digitized
S1,S1c,GC-Li7P3S11,GC,fab 389.30 MPa,stack_pressure,4.09,MPa,sigma_ion,1.59649e-04,S/cm,90,70,neighbor_overlap,digitized
S1,S1c,GC-Li7P3S11,GC,fab 389.30 MPa,stack_pressure,19.52,MPa,sigma_ion,4.45262e-04,S/cm,0,49,ok,digitized
S1,S1c,GC-Li7P3S11,GC,fab 389.30 MPa,stack_pressure,29.06,MPa,sigma_ion,7.57734e-04,S/cm,0,48,ok,digitized
S1,S1c,GC-Li7P3S11,GC,fab 389.30 MPa,stack_pressure,38.81,MPa,sigma_ion,1.24345e-03,S/cm,0,42,ok,digitized
S1,S1c,GC-Li7P3S11,GC,fab 389.30 MPa,stack_pressure,48.06,MPa,sigma_ion,1.68047e-03,S/cm,0,41,ok,digitized
S1,S1c,GC-Li7P3S11,GC,fab 389.30 MPa,stack_pressure,58.16,MPa,sigma_ion,1.95203e-03,S/cm,0,47,ok,digitized
S1,S1c,GC-Li7P3S11,GC,fab 389.30 MPa,stack_pressure,68.00,MPa,sigma_ion,2.11469e-03,S/cm,3,51,ok,digitized
S1,S1c,GC-Li7P3S11,GC,fab 389.30 MPa,stack_pressure,77.71,MPa,sigma_ion,2.20300e-03,S/cm,19,35,ok,digitized
S1,S1c,GC-Li7P3S11,GC,fab 389.30 MPa,stack_pressure,89.17,MPa,sigma_ion,2.24769e-03,S/cm,34,37,ok,digitized
S1,S1c,GC-Li7P3S11,GC,fab 389.30 MPa,stack_pressure,95.84,MPa,sigma_ion,2.26040e-03,S/cm,23,34,ok,digitized
S1,S1c,GC-Li7P3S11,GC,fab 389.30 MPa,stack_pressure,145.87,MPa,sigma_ion,2.31051e-03,S/cm,0,43,ok,digitized
S1,S1c,GC-Li7P3S11,GC,fab 389.30 MPa,stack_pressure,194.58,MPa,sigma_ion,2.30962e-03,S/cm,0,43,ok,digitized
S1,S1c,GC-Li7P3S11,GC,fab 389.30 MPa,stack_pressure,243.68,MPa,sigma_ion,2.29037e-03,S/cm,0,42,ok,digitized
S1,S1c,GC-Li7P3S11,GC,fab 389.30 MPa,stack_pressure,291.95,MPa,sigma_ion,2.25390e-03,S/cm,0,51,ok,digitized
S1,S1c,GC-Li7P3S11,GC,fab 389.30 MPa,stack_pressure,389.23,MPa,sigma_ion,2.17564e-03,S/cm,0,44,ok,digitized
S1,S1c,GC-Li7P3S11,GC,fab 486.73 MPa,stack_pressure,0.76,MPa,sigma_ion,2.63111e-04,S/cm,14,62,ok,digitized
S1,S1c,GC-Li7P3S11,GC,fab 486.73 MPa,stack_pressure,2.00,MPa,sigma_ion,3.55605e-04,S/cm,47,59,neighbor_overlap,digitized
S1,S1c,GC-Li7P3S11,GC,fab 486.73 MPa,stack_pressure,2.88,MPa,sigma_ion,4.28292e-04,S/cm,67,67,neighbor_overlap,digitized
S1,S1c,GC-Li7P3S11,GC,fab 486.73 MPa,stack_pressure,3.85,MPa,sigma_ion,4.89009e-04,S/cm,72,69,neighbor_overlap,digitized
S1,S1c,GC-Li7P3S11,GC,fab 486.73 MPa,stack_pressure,4.73,MPa,sigma_ion,5.53571e-04,S/cm,72,64,neighbor_overlap,digitized
S1,S1c,GC-Li7P3S11,GC,fab 486.73 MPa,stack_pressure,5.43,MPa,sigma_ion,6.18831e-04,S/cm,73,66,neighbor_overlap,digitized
S1,S1c,GC-Li7P3S11,GC,fab 486.73 MPa,stack_pressure,6.34,MPa,sigma_ion,6.89333e-04,S/cm,79,63,neighbor_overlap,digitized
S1,S1c,GC-Li7P3S11,GC,fab 486.73 MPa,stack_pressure,7.94,MPa,sigma_ion,7.47304e-04,S/cm,82,74,neighbor_overlap,digitized
S1,S1c,GC-Li7P3S11,GC,fab 486.73 MPa,stack_pressure,8.78,MPa,sigma_ion,8.00795e-04,S/cm,87,71,neighbor_overlap,digitized
S1,S1c,GC-Li7P3S11,GC,fab 486.73 MPa,stack_pressure,9.59,MPa,sigma_ion,8.53653e-04,S/cm,39,72,ok,digitized
S1,S1c,GC-Li7P3S11,GC,fab 486.73 MPa,stack_pressure,19.50,MPa,sigma_ion,1.30499e-03,S/cm,0,62,ok,digitized
S1,S1c,GC-Li7P3S11,GC,fab 486.73 MPa,stack_pressure,29.04,MPa,sigma_ion,1.61805e-03,S/cm,0,68,ok,digitized
S1,S1c,GC-Li7P3S11,GC,fab 486.73 MPa,stack_pressure,38.70,MPa,sigma_ion,1.85965e-03,S/cm,0,61,ok,digitized
S1,S1c,GC-Li7P3S11,GC,fab 486.73 MPa,stack_pressure,48.60,MPa,sigma_ion,2.03306e-03,S/cm,0,64,ok,digitized
S1,S1c,GC-Li7P3S11,GC,fab 486.73 MPa,stack_pressure,58.24,MPa,sigma_ion,2.14523e-03,S/cm,17,55,ok,digitized
S1,S1c,GC-Li7P3S11,GC,fab 486.73 MPa,stack_pressure,68.11,MPa,sigma_ion,2.21344e-03,S/cm,47,58,neighbor_overlap,digitized
S1,S1c,GC-Li7P3S11,GC,fab 486.73 MPa,stack_pressure,77.87,MPa,sigma_ion,2.25906e-03,S/cm,61,54,neighbor_overlap,digitized
S1,S1c,GC-Li7P3S11,GC,fab 486.73 MPa,stack_pressure,88.16,MPa,sigma_ion,2.29003e-03,S/cm,54,56,neighbor_overlap,digitized
S1,S1c,GC-Li7P3S11,GC,fab 486.73 MPa,stack_pressure,96.53,MPa,sigma_ion,2.30553e-03,S/cm,27,56,ok,digitized
S1,S1c,GC-Li7P3S11,GC,fab 486.73 MPa,stack_pressure,145.83,MPa,sigma_ion,2.37310e-03,S/cm,0,55,ok,digitized
S1,S1c,GC-Li7P3S11,GC,fab 486.73 MPa,stack_pressure,194.36,MPa,sigma_ion,2.38829e-03,S/cm,0,53,ok,digitized
S1,S1c,GC-Li7P3S11,GC,fab 486.73 MPa,stack_pressure,243.59,MPa,sigma_ion,2.37928e-03,S/cm,0,50,ok,digitized
S1,S1c,GC-Li7P3S11,GC,fab 486.73 MPa,stack_pressure,292.00,MPa,sigma_ion,2.35938e-03,S/cm,0,52,ok,digitized
S1,S1c,GC-Li7P3S11,GC,fab 486.73 MPa,stack_pressure,389.25,MPa,sigma_ion,2.28712e-03,S/cm,0,55,ok,digitized
S1,S1c,GC-Li7P3S11,GC,fab 486.73 MPa,stack_pressure,486.56,MPa,sigma_ion,2.17988e-03,S/cm,0,46,ok,digitized
S1,S1c,GC-Li7P3S11,GC,fab 97.34 MPa,stack_pressure,0.58,MPa,sigma_ion,9.88710e-04,S/cm,18,43,ok,digitized
S1,S1c,GC-Li7P3S11,GC,fab 97.34 MPa,stack_pressure,1.35,MPa,sigma_ion,1.08628e-03,S/cm,35,48,ok,digitized
S1,S1c,GC-Li7P3S11,GC,fab 97.34 MPa,stack_pressure,7.16,MPa,sigma_ion,1.17771e-03,S/cm,38,60,ok,digitized
S1,S1c,GC-Li7P3S11,GC,fab 97.34 MPa,stack_pressure,29.15,MPa,sigma_ion,1.31079e-03,S/cm,30,45,ok,digitized
S1,S1c,GC-Li7P3S11,GC,fab 97.34 MPa,stack_pressure,38.95,MPa,sigma_ion,1.35084e-03,S/cm,50,49,neighbor_overlap,digitized
S1,S1c,GC-Li7P3S11,GC,fab 97.34 MPa,stack_pressure,49.30,MPa,sigma_ion,1.38388e-03,S/cm,58,55,neighbor_overlap,digitized
S1,S1c,GC-Li7P3S11,GC,fab 97.34 MPa,stack_pressure,58.59,MPa,sigma_ion,1.40299e-03,S/cm,63,62,neighbor_overlap,digitized
S1,S1c,GC-Li7P3S11,GC,fab 97.34 MPa,stack_pressure,68.07,MPa,sigma_ion,1.41799e-03,S/cm,62,64,neighbor_overlap,digitized
S1,S1c,GC-Li7P3S11,GC,fab 97.34 MPa,stack_pressure,77.76,MPa,sigma_ion,1.42682e-03,S/cm,62,59,neighbor_overlap,digitized
S1,S1c,GC-Li7P3S11,GC,fab 97.34 MPa,stack_pressure,87.15,MPa,sigma_ion,1.43297e-03,S/cm,60,60,neighbor_overlap,digitized
S1,S1c,GC-Li7P3S11,GC,fab 97.34 MPa,stack_pressure,95.74,MPa,sigma_ion,1.44815e-03,S/cm,32,54,ok,digitized
S1,S1d,GC-Li6PS5Br,GC,fab 194.69 MPa,stack_pressure,4.97,MPa,sigma_ion,3.16312e-04,S/cm,0,19,occluded,digitized
S1,S1d,GC-Li6PS5Br,GC,fab 194.69 MPa,stack_pressure,5.62,MPa,sigma_ion,4.03455e-04,S/cm,0,52,ok,digitized
S1,S1d,GC-Li6PS5Br,GC,fab 194.69 MPa,stack_pressure,6.77,MPa,sigma_ion,4.47547e-04,S/cm,40,66,ok,digitized
S1,S1d,GC-Li6PS5Br,GC,fab 194.69 MPa,stack_pressure,8.14,MPa,sigma_ion,4.81031e-04,S/cm,80,71,neighbor_overlap,digitized
S1,S1d,GC-Li6PS5Br,GC,fab 194.69 MPa,stack_pressure,9.04,MPa,sigma_ion,4.90193e-04,S/cm,48,71,neighbor_overlap,digitized
S1,S1d,GC-Li6PS5Br,GC,fab 194.69 MPa,stack_pressure,19.58,MPa,sigma_ion,6.05679e-04,S/cm,0,17,occluded,digitized
S1,S1d,GC-Li6PS5Br,GC,fab 194.69 MPa,stack_pressure,38.83,MPa,sigma_ion,6.67491e-04,S/cm,34,58,ok,digitized
S1,S1d,GC-Li6PS5Br,GC,fab 194.69 MPa,stack_pressure,48.90,MPa,sigma_ion,6.80663e-04,S/cm,64,61,neighbor_overlap,digitized
S1,S1d,GC-Li6PS5Br,GC,fab 194.69 MPa,stack_pressure,58.46,MPa,sigma_ion,6.89399e-04,S/cm,64,58,neighbor_overlap,digitized
S1,S1d,GC-Li6PS5Br,GC,fab 194.69 MPa,stack_pressure,68.95,MPa,sigma_ion,6.96099e-04,S/cm,59,58,neighbor_overlap,digitized
S1,S1d,GC-Li6PS5Br,GC,fab 194.69 MPa,stack_pressure,77.76,MPa,sigma_ion,6.99813e-04,S/cm,60,61,neighbor_overlap,digitized
S1,S1d,GC-Li6PS5Br,GC,fab 194.69 MPa,stack_pressure,87.69,MPa,sigma_ion,7.02657e-04,S/cm,64,62,neighbor_overlap,digitized
S1,S1d,GC-Li6PS5Br,GC,fab 194.69 MPa,stack_pressure,95.63,MPa,sigma_ion,7.03203e-04,S/cm,39,61,ok,digitized
S1,S1d,GC-Li6PS5Br,GC,fab 194.69 MPa,stack_pressure,145.99,MPa,sigma_ion,7.20501e-04,S/cm,0,46,ok,digitized
S1,S1d,GC-Li6PS5Br,GC,fab 194.69 MPa,stack_pressure,194.47,MPa,sigma_ion,7.24538e-04,S/cm,0,53,ok,digitized
S1,S1d,GC-Li6PS5Br,GC,fab 292.03 MPa,stack_pressure,19.32,MPa,sigma_ion,5.00437e-04,S/cm,0,55,ok,digitized
S1,S1d,GC-Li6PS5Br,GC,fab 292.03 MPa,stack_pressure,29.29,MPa,sigma_ion,6.46823e-04,S/cm,0,56,ok,digitized
S1,S1d,GC-Li6PS5Br,GC,fab 292.03 MPa,stack_pressure,38.73,MPa,sigma_ion,7.24242e-04,S/cm,8,55,ok,digitized
S1,S1d,GC-Li6PS5Br,GC,fab 292.03 MPa,stack_pressure,48.84,MPa,sigma_ion,7.60147e-04,S/cm,36,57,ok,digitized
S1,S1d,GC-Li6PS5Br,GC,fab 292.03 MPa,stack_pressure,58.66,MPa,sigma_ion,7.78766e-04,S/cm,66,61,neighbor_overlap,digitized
S1,S1d,GC-Li6PS5Br,GC,fab 292.03 MPa,stack_pressure,68.08,MPa,sigma_ion,7.87849e-04,S/cm,67,63,neighbor_overlap,digitized
S1,S1d,GC-Li6PS5Br,GC,fab 292.03 MPa,stack_pressure,77.73,MPa,sigma_ion,7.92588e-04,S/cm,64,63,neighbor_overlap,digitized
S1,S1d,GC-Li6PS5Br,GC,fab 292.03 MPa,stack_pressure,87.78,MPa,sigma_ion,7.96241e-04,S/cm,63,59,neighbor_overlap,digitized
S1,S1d,GC-Li6PS5Br,GC,fab 292.03 MPa,stack_pressure,96.70,MPa,sigma_ion,7.96708e-04,S/cm,37,60,ok,digitized
S1,S1d,GC-Li6PS5Br,GC,fab 292.03 MPa,stack_pressure,145.92,MPa,sigma_ion,8.16937e-04,S/cm,0,65,ok,digitized
S1,S1d,GC-Li6PS5Br,GC,fab 292.03 MPa,stack_pressure,194.62,MPa,sigma_ion,8.21962e-04,S/cm,0,60,ok,digitized
S1,S1d,GC-Li6PS5Br,GC,fab 292.03 MPa,stack_pressure,243.24,MPa,sigma_ion,8.19327e-04,S/cm,0,62,ok,digitized
S1,S1d,GC-Li6PS5Br,GC,fab 292.03 MPa,stack_pressure,292.02,MPa,sigma_ion,8.14388e-04,S/cm,0,66,ok,digitized
S1,S1d,GC-Li6PS5Br,GC,fab 389.30 MPa,stack_pressure,8.67,MPa,sigma_ion,3.15861e-04,S/cm,21,41,ok,digitized
S1,S1d,GC-Li6PS5Br,GC,fab 389.30 MPa,stack_pressure,9.46,MPa,sigma_ion,3.49435e-04,S/cm,11,52,ok,digitized
S1,S1d,GC-Li6PS5Br,GC,fab 389.30 MPa,stack_pressure,19.10,MPa,sigma_ion,6.15510e-04,S/cm,0,43,ok,digitized
S1,S1d,GC-Li6PS5Br,GC,fab 389.30 MPa,stack_pressure,29.21,MPa,sigma_ion,7.47071e-04,S/cm,0,48,ok,digitized
S1,S1d,GC-Li6PS5Br,GC,fab 389.30 MPa,stack_pressure,38.68,MPa,sigma_ion,8.11885e-04,S/cm,12,31,ok,digitized
S1,S1d,GC-Li6PS5Br,GC,fab 389.30 MPa,stack_pressure,48.49,MPa,sigma_ion,8.43976e-04,S/cm,21,46,ok,digitized
S1,S1d,GC-Li6PS5Br,GC,fab 389.30 MPa,stack_pressure,59.50,MPa,sigma_ion,8.61528e-04,S/cm,53,49,neighbor_overlap,digitized
S1,S1d,GC-Li6PS5Br,GC,fab 389.30 MPa,stack_pressure,68.38,MPa,sigma_ion,8.70021e-04,S/cm,57,57,neighbor_overlap,digitized
S1,S1d,GC-Li6PS5Br,GC,fab 389.30 MPa,stack_pressure,78.61,MPa,sigma_ion,8.75255e-04,S/cm,60,59,neighbor_overlap,digitized
S1,S1d,GC-Li6PS5Br,GC,fab 389.30 MPa,stack_pressure,87.50,MPa,sigma_ion,8.78814e-04,S/cm,63,58,neighbor_overlap,digitized
S1,S1d,GC-Li6PS5Br,GC,fab 389.30 MPa,stack_pressure,95.95,MPa,sigma_ion,8.80467e-04,S/cm,34,61,ok,digitized
S1,S1d,GC-Li6PS5Br,GC,fab 389.30 MPa,stack_pressure,146.02,MPa,sigma_ion,8.99170e-04,S/cm,0,48,ok,digitized
S1,S1d,GC-Li6PS5Br,GC,fab 389.30 MPa,stack_pressure,194.50,MPa,sigma_ion,9.04465e-04,S/cm,0,47,ok,digitized
S1,S1d,GC-Li6PS5Br,GC,fab 389.30 MPa,stack_pressure,243.45,MPa,sigma_ion,9.05821e-04,S/cm,0,50,ok,digitized
S1,S1d,GC-Li6PS5Br,GC,fab 389.30 MPa,stack_pressure,291.94,MPa,sigma_ion,9.00574e-04,S/cm,0,48,ok,digitized
S1,S1d,GC-Li6PS5Br,GC,fab 389.30 MPa,stack_pressure,389.31,MPa,sigma_ion,8.95512e-04,S/cm,0,44,ok,digitized
S1,S1d,GC-Li6PS5Br,GC,fab 486.73 MPa,stack_pressure,1.56,MPa,sigma_ion,4.99000e-05,S/cm,16,60,ok,digitized
S1,S1d,GC-Li6PS5Br,GC,fab 486.73 MPa,stack_pressure,2.99,MPa,sigma_ion,8.46984e-05,S/cm,37,57,ok,digitized
S1,S1d,GC-Li6PS5Br,GC,fab 486.73 MPa,stack_pressure,3.91,MPa,sigma_ion,1.17929e-04,S/cm,57,66,neighbor_overlap,digitized
S1,S1d,GC-Li6PS5Br,GC,fab 486.73 MPa,stack_pressure,5.07,MPa,sigma_ion,1.39396e-04,S/cm,73,65,neighbor_overlap,digitized
S1,S1d,GC-Li6PS5Br,GC,fab 486.73 MPa,stack_pressure,5.94,MPa,sigma_ion,1.65812e-04,S/cm,71,62,neighbor_overlap,digitized
S1,S1d,GC-Li6PS5Br,GC,fab 486.73 MPa,stack_pressure,6.83,MPa,sigma_ion,1.91015e-04,S/cm,64,65,neighbor_overlap,digitized
S1,S1d,GC-Li6PS5Br,GC,fab 486.73 MPa,stack_pressure,7.86,MPa,sigma_ion,2.21825e-04,S/cm,58,63,neighbor_overlap,digitized
S1,S1d,GC-Li6PS5Br,GC,fab 486.73 MPa,stack_pressure,8.78,MPa,sigma_ion,2.51251e-04,S/cm,59,59,neighbor_overlap,digitized
S1,S1d,GC-Li6PS5Br,GC,fab 486.73 MPa,stack_pressure,9.57,MPa,sigma_ion,2.80143e-04,S/cm,26,63,ok,digitized
S1,S1d,GC-Li6PS5Br,GC,fab 486.73 MPa,stack_pressure,19.28,MPa,sigma_ion,5.33343e-04,S/cm,0,63,ok,digitized
S1,S1d,GC-Li6PS5Br,GC,fab 486.73 MPa,stack_pressure,29.05,MPa,sigma_ion,7.08953e-04,S/cm,0,62,ok,digitized
S1,S1d,GC-Li6PS5Br,GC,fab 486.73 MPa,stack_pressure,38.77,MPa,sigma_ion,8.31088e-04,S/cm,0,58,ok,digitized
S1,S1d,GC-Li6PS5Br,GC,fab 486.73 MPa,stack_pressure,48.58,MPa,sigma_ion,9.05861e-04,S/cm,2,64,ok,digitized
S1,S1d,GC-Li6PS5Br,GC,fab 486.73 MPa,stack_pressure,58.47,MPa,sigma_ion,9.45769e-04,S/cm,30,59,ok,digitized
S1,S1d,GC-Li6PS5Br,GC,fab 486.73 MPa,stack_pressure,68.36,MPa,sigma_ion,9.64494e-04,S/cm,65,58,neighbor_overlap,digitized
S1,S1d,GC-Li6PS5Br,GC,fab 486.73 MPa,stack_pressure,78.50,MPa,sigma_ion,9.73521e-04,S/cm,58,65,neighbor_overlap,digitized
S1,S1d,GC-Li6PS5Br,GC,fab 486.73 MPa,stack_pressure,87.00,MPa,sigma_ion,9.75972e-04,S/cm,62,61,neighbor_overlap,digitized
S1,S1d,GC-Li6PS5Br,GC,fab 486.73 MPa,stack_pressure,95.76,MPa,sigma_ion,9.76389e-04,S/cm,28,57,ok,digitized
S1,S1d,GC-Li6PS5Br,GC,fab 486.73 MPa,stack_pressure,146.07,MPa,sigma_ion,9.91460e-04,S/cm,0,53,ok,digitized
S1,S1d,GC-Li6PS5Br,GC,fab 486.73 MPa,stack_pressure,194.44,MPa,sigma_ion,9.92359e-04,S/cm,0,52,ok,digitized
S1,S1d,GC-Li6PS5Br,GC,fab 486.73 MPa,stack_pressure,243.24,MPa,sigma_ion,9.87306e-04,S/cm,0,59,ok,digitized
S1,S1d,GC-Li6PS5Br,GC,fab 486.73 MPa,stack_pressure,291.78,MPa,sigma_ion,9.79305e-04,S/cm,0,49,ok,digitized
S1,S1d,GC-Li6PS5Br,GC,fab 486.73 MPa,stack_pressure,389.35,MPa,sigma_ion,9.66463e-04,S/cm,0,51,ok,digitized
S1,S1d,GC-Li6PS5Br,GC,fab 486.73 MPa,stack_pressure,486.69,MPa,sigma_ion,9.47442e-04,S/cm,0,54,ok,digitized
S1,S1d,GC-Li6PS5Br,GC,fab 97.34 MPa,stack_pressure,1.53,MPa,sigma_ion,1.64807e-04,S/cm,0,7,occluded,digitized
S1,S1d,GC-Li6PS5Br,GC,fab 97.34 MPa,stack_pressure,2.46,MPa,sigma_ion,2.69611e-04,S/cm,0,28,ok,digitized
S1,S1d,GC-Li6PS5Br,GC,fab 97.34 MPa,stack_pressure,3.87,MPa,sigma_ion,3.33292e-04,S/cm,1,25,ok,digitized
S1,S1d,GC-Li6PS5Br,GC,fab 97.34 MPa,stack_pressure,4.96,MPa,sigma_ion,3.74200e-04,S/cm,3,54,ok,digitized
S1,S1d,GC-Li6PS5Br,GC,fab 97.34 MPa,stack_pressure,9.00,MPa,sigma_ion,4.29510e-04,S/cm,4,30,ok,digitized
S1,S1d,GC-Li6PS5Br,GC,fab 97.34 MPa,stack_pressure,19.45,MPa,sigma_ion,4.79866e-04,S/cm,17,41,ok,digitized
S1,S1d,GC-Li6PS5Br,GC,fab 97.34 MPa,stack_pressure,29.18,MPa,sigma_ion,5.02738e-04,S/cm,38,47,ok,digitized
S1,S1d,GC-Li6PS5Br,GC,fab 97.34 MPa,stack_pressure,40.18,MPa,sigma_ion,5.19686e-04,S/cm,58,48,neighbor_overlap,digitized
S1,S1d,GC-Li6PS5Br,GC,fab 97.34 MPa,stack_pressure,49.00,MPa,sigma_ion,5.29709e-04,S/cm,59,59,neighbor_overlap,digitized
S1,S1d,GC-Li6PS5Br,GC,fab 97.34 MPa,stack_pressure,58.44,MPa,sigma_ion,5.35701e-04,S/cm,60,63,neighbor_overlap,digitized
S1,S1d,GC-Li6PS5Br,GC,fab 97.34 MPa,stack_pressure,67.81,MPa,sigma_ion,5.39489e-04,S/cm,60,57,neighbor_overlap,digitized
S1,S1d,GC-Li6PS5Br,GC,fab 97.34 MPa,stack_pressure,77.87,MPa,sigma_ion,5.41962e-04,S/cm,57,58,neighbor_overlap,digitized
S1,S1d,GC-Li6PS5Br,GC,fab 97.34 MPa,stack_pressure,87.55,MPa,sigma_ion,5.43263e-04,S/cm,62,56,neighbor_overlap,digitized
S1,S1d,GC-Li6PS5Br,GC,fab 97.34 MPa,stack_pressure,95.88,MPa,sigma_ion,5.45308e-04,S/cm,35,60,ok,digitized
S1,S1e,GC-Li6PS5Cl,GC,fab 194.69 MPa,stack_pressure,5.57,MPa,sigma_ion,2.03043e-04,S/cm,1,8,occluded,digitized
S1,S1e,GC-Li6PS5Cl,GC,fab 194.69 MPa,stack_pressure,6.76,MPa,sigma_ion,2.35530e-04,S/cm,5,7,occluded,digitized
S1,S1e,GC-Li6PS5Cl,GC,fab 194.69 MPa,stack_pressure,7.69,MPa,sigma_ion,2.67334e-04,S/cm,2,10,occluded,digitized
S1,S1e,GC-Li6PS5Cl,GC,fab 194.69 MPa,stack_pressure,9.50,MPa,sigma_ion,3.16055e-04,S/cm,1,62,ok,digitized
S1,S1e,GC-Li6PS5Cl,GC,fab 194.69 MPa,stack_pressure,19.37,MPa,sigma_ion,5.10173e-04,S/cm,0,35,ok,digitized
S1,S1e,GC-Li6PS5Cl,GC,fab 194.69 MPa,stack_pressure,29.17,MPa,sigma_ion,5.85120e-04,S/cm,13,59,ok,digitized
S1,S1e,GC-Li6PS5Cl,GC,fab 194.69 MPa,stack_pressure,38.80,MPa,sigma_ion,6.16962e-04,S/cm,41,42,neighbor_overlap,digitized
S1,S1e,GC-Li6PS5Cl,GC,fab 194.69 MPa,stack_pressure,48.53,MPa,sigma_ion,6.35357e-04,S/cm,50,56,neighbor_overlap,digitized
S1,S1e,GC-Li6PS5Cl,GC,fab 194.69 MPa,stack_pressure,58.88,MPa,sigma_ion,6.49749e-04,S/cm,61,60,neighbor_overlap,digitized
S1,S1e,GC-Li6PS5Cl,GC,fab 194.69 MPa,stack_pressure,68.04,MPa,sigma_ion,6.58882e-04,S/cm,63,59,neighbor_overlap,digitized
S1,S1e,GC-Li6PS5Cl,GC,fab 194.69 MPa,stack_pressure,78.15,MPa,sigma_ion,6.66958e-04,S/cm,62,61,neighbor_overlap,digitized
S1,S1e,GC-Li6PS5Cl,GC,fab 194.69 MPa,stack_pressure,86.51,MPa,sigma_ion,6.71964e-04,S/cm,59,60,neighbor_overlap,digitized
S1,S1e,GC-Li6PS5Cl,GC,fab 194.69 MPa,stack_pressure,95.82,MPa,sigma_ion,6.75138e-04,S/cm,30,52,ok,digitized
S1,S1e,GC-Li6PS5Cl,GC,fab 194.69 MPa,stack_pressure,145.86,MPa,sigma_ion,6.98677e-04,S/cm,0,49,ok,digitized
S1,S1e,GC-Li6PS5Cl,GC,fab 194.69 MPa,stack_pressure,194.71,MPa,sigma_ion,7.06960e-04,S/cm,0,53,ok,digitized
S1,S1e,GC-Li6PS5Cl,GC,fab 292.03 MPa,stack_pressure,11.15,MPa,sigma_ion,1.66919e-04,S/cm,2,14,occluded,digitized
S1,S1e,GC-Li6PS5Cl,GC,fab 292.03 MPa,stack_pressure,19.34,MPa,sigma_ion,3.20178e-04,S/cm,0,56,ok,digitized
S1,S1e,GC-Li6PS5Cl,GC,fab 292.03 MPa,stack_pressure,28.80,MPa,sigma_ion,5.05792e-04,S/cm,0,54,ok,digitized
S1,S1e,GC-Li6PS5Cl,GC,fab 292.03 MPa,stack_pressure,38.77,MPa,sigma_ion,6.34374e-04,S/cm,0,56,ok,digitized
S1,S1e,GC-Li6PS5Cl,GC,fab 292.03 MPa,stack_pressure,48.68,MPa,sigma_ion,6.87354e-04,S/cm,31,54,ok,digitized
S1,S1e,GC-Li6PS5Cl,GC,fab 292.03 MPa,stack_pressure,59.05,MPa,sigma_ion,7.08064e-04,S/cm,58,57,neighbor_overlap,digitized
S1,S1e,GC-Li6PS5Cl,GC,fab 292.03 MPa,stack_pressure,68.41,MPa,sigma_ion,7.17642e-04,S/cm,64,60,neighbor_overlap,digitized
S1,S1e,GC-Li6PS5Cl,GC,fab 292.03 MPa,stack_pressure,78.01,MPa,sigma_ion,7.24617e-04,S/cm,65,63,neighbor_overlap,digitized
S1,S1e,GC-Li6PS5Cl,GC,fab 292.03 MPa,stack_pressure,87.55,MPa,sigma_ion,7.29278e-04,S/cm,67,62,neighbor_overlap,digitized
S1,S1e,GC-Li6PS5Cl,GC,fab 292.03 MPa,stack_pressure,96.22,MPa,sigma_ion,7.32500e-04,S/cm,35,67,ok,digitized
S1,S1e,GC-Li6PS5Cl,GC,fab 292.03 MPa,stack_pressure,145.82,MPa,sigma_ion,7.53547e-04,S/cm,0,56,ok,digitized
S1,S1e,GC-Li6PS5Cl,GC,fab 292.03 MPa,stack_pressure,194.56,MPa,sigma_ion,7.61350e-04,S/cm,0,60,ok,digitized
S1,S1e,GC-Li6PS5Cl,GC,fab 292.03 MPa,stack_pressure,243.14,MPa,sigma_ion,7.60366e-04,S/cm,0,62,ok,digitized
S1,S1e,GC-Li6PS5Cl,GC,fab 292.03 MPa,stack_pressure,292.00,MPa,sigma_ion,7.57554e-04,S/cm,0,61,ok,digitized
S1,S1e,GC-Li6PS5Cl,GC,fab 389.30 MPa,stack_pressure,2.83,MPa,sigma_ion,4.79294e-05,S/cm,0,43,ok,digitized
S1,S1e,GC-Li6PS5Cl,GC,fab 389.30 MPa,stack_pressure,9.64,MPa,sigma_ion,2.40816e-04,S/cm,0,8,occluded,digitized
S1,S1e,GC-Li6PS5Cl,GC,fab 389.30 MPa,stack_pressure,10.33,MPa,sigma_ion,2.06098e-04,S/cm,4,8,occluded,digitized
S1,S1e,GC-Li6PS5Cl,GC,fab 389.30 MPa,stack_pressure,19.48,MPa,sigma_ion,4.84219e-04,S/cm,0,11,occluded,digitized
S1,S1e,GC-Li6PS5Cl,GC,fab 389.30 MPa,stack_pressure,29.19,MPa,sigma_ion,7.01623e-04,S/cm,0,42,ok,digitized
S1,S1e,GC-Li6PS5Cl,GC,fab 389.30 MPa,stack_pressure,38.79,MPa,sigma_ion,8.04549e-04,S/cm,0,50,ok,digitized
S1,S1e,GC-Li6PS5Cl,GC,fab 389.30 MPa,stack_pressure,58.60,MPa,sigma_ion,8.69157e-04,S/cm,30,56,ok,digitized
S1,S1e,GC-Li6PS5Cl,GC,fab 389.30 MPa,stack_pressure,69.31,MPa,sigma_ion,8.79526e-04,S/cm,61,57,neighbor_overlap,digitized
S1,S1e,GC-Li6PS5Cl,GC,fab 389.30 MPa,stack_pressure,77.99,MPa,sigma_ion,8.84456e-04,S/cm,62,61,neighbor_overlap,digitized
S1,S1e,GC-Li6PS5Cl,GC,fab 389.30 MPa,stack_pressure,87.54,MPa,sigma_ion,8.86285e-04,S/cm,60,65,neighbor_overlap,digitized
S1,S1e,GC-Li6PS5Cl,GC,fab 389.30 MPa,stack_pressure,96.12,MPa,sigma_ion,8.86987e-04,S/cm,32,58,ok,digitized
S1,S1e,GC-Li6PS5Cl,GC,fab 389.30 MPa,stack_pressure,145.90,MPa,sigma_ion,9.02540e-04,S/cm,0,46,ok,digitized
S1,S1e,GC-Li6PS5Cl,GC,fab 389.30 MPa,stack_pressure,194.69,MPa,sigma_ion,9.07500e-04,S/cm,0,51,ok,digitized
S1,S1e,GC-Li6PS5Cl,GC,fab 389.30 MPa,stack_pressure,243.29,MPa,sigma_ion,9.04219e-04,S/cm,0,52,ok,digitized
S1,S1e,GC-Li6PS5Cl,GC,fab 389.30 MPa,stack_pressure,291.98,MPa,sigma_ion,8.96367e-04,S/cm,0,49,ok,digitized
S1,S1e,GC-Li6PS5Cl,GC,fab 389.30 MPa,stack_pressure,389.11,MPa,sigma_ion,8.85710e-04,S/cm,0,51,ok,digitized
S1,S1e,GC-Li6PS5Cl,GC,fab 486.73 MPa,stack_pressure,0.86,MPa,sigma_ion,2.34594e-05,S/cm,0,63,ok,digitized
S1,S1e,GC-Li6PS5Cl,GC,fab 486.73 MPa,stack_pressure,1.19,MPa,sigma_ion,7.53077e-05,S/cm,36,61,ok,digitized
S1,S1e,GC-Li6PS5Cl,GC,fab 486.73 MPa,stack_pressure,2.29,MPa,sigma_ion,1.02207e-04,S/cm,66,64,neighbor_overlap,digitized
S1,S1e,GC-Li6PS5Cl,GC,fab 486.73 MPa,stack_pressure,3.33,MPa,sigma_ion,1.29757e-04,S/cm,72,68,neighbor_overlap,digitized
S1,S1e,GC-Li6PS5Cl,GC,fab 486.73 MPa,stack_pressure,4.47,MPa,sigma_ion,1.48131e-04,S/cm,59,71,neighbor_overlap,digitized
S1,S1e,GC-Li6PS5Cl,GC,fab 486.73 MPa,stack_pressure,6.53,MPa,sigma_ion,1.90368e-04,S/cm,30,53,ok,digitized
S1,S1e,GC-Li6PS5Cl,GC,fab 486.73 MPa,stack_pressure,7.33,MPa,sigma_ion,2.24230e-04,S/cm,25,51,ok,digitized
S1,S1e,GC-Li6PS5Cl,GC,fab 486.73 MPa,stack_pressure,8.63,MPa,sigma_ion,2.61406e-04,S/cm,42,61,neighbor_overlap,digitized
S1,S1e,GC-Li6PS5Cl,GC,fab 486.73 MPa,stack_pressure,9.59,MPa,sigma_ion,2.86470e-04,S/cm,31,70,ok,digitized
S1,S1e,GC-Li6PS5Cl,GC,fab 486.73 MPa,stack_pressure,19.27,MPa,sigma_ion,4.96100e-04,S/cm,0,53,ok,digitized
S1,S1e,GC-Li6PS5Cl,GC,fab 486.73 MPa,stack_pressure,29.02,MPa,sigma_ion,6.46529e-04,S/cm,0,65,ok,digitized
S1,S1e,GC-Li6PS5Cl,GC,fab 486.73 MPa,stack_pressure,38.70,MPa,sigma_ion,7.61834e-04,S/cm,0,63,ok,digitized
S1,S1e,GC-Li6PS5Cl,GC,fab 486.73 MPa,stack_pressure,48.66,MPa,sigma_ion,8.48130e-04,S/cm,0,56,ok,digitized
S1,S1e,GC-Li6PS5Cl,GC,fab 486.73 MPa,stack_pressure,58.42,MPa,sigma_ion,9.08179e-04,S/cm,0,55,ok,digitized
S1,S1e,GC-Li6PS5Cl,GC,fab 486.73 MPa,stack_pressure,67.98,MPa,sigma_ion,9.51572e-04,S/cm,13,51,ok,digitized
S1,S1e,GC-Li6PS5Cl,GC,fab 486.73 MPa,stack_pressure,77.77,MPa,sigma_ion,9.80364e-04,S/cm,41,54,neighbor_overlap,digitized
S1,S1e,GC-Li6PS5Cl,GC,fab 486.73 MPa,stack_pressure,87.63,MPa,sigma_ion,9.99113e-04,S/cm,55,56,neighbor_overlap,digitized
S1,S1e,GC-Li6PS5Cl,GC,fab 486.73 MPa,stack_pressure,96.20,MPa,sigma_ion,1.00929e-03,S/cm,36,52,ok,digitized
S1,S1e,GC-Li6PS5Cl,GC,fab 486.73 MPa,stack_pressure,145.85,MPa,sigma_ion,1.04079e-03,S/cm,0,51,ok,digitized
S1,S1e,GC-Li6PS5Cl,GC,fab 486.73 MPa,stack_pressure,194.49,MPa,sigma_ion,1.04547e-03,S/cm,0,54,ok,digitized
S1,S1e,GC-Li6PS5Cl,GC,fab 486.73 MPa,stack_pressure,243.25,MPa,sigma_ion,1.04117e-03,S/cm,0,56,ok,digitized
S1,S1e,GC-Li6PS5Cl,GC,fab 486.73 MPa,stack_pressure,292.06,MPa,sigma_ion,1.03243e-03,S/cm,0,56,ok,digitized
S1,S1e,GC-Li6PS5Cl,GC,fab 486.73 MPa,stack_pressure,388.88,MPa,sigma_ion,1.01424e-03,S/cm,0,44,ok,digitized
S1,S1e,GC-Li6PS5Cl,GC,fab 486.73 MPa,stack_pressure,486.45,MPa,sigma_ion,9.88538e-04,S/cm,0,43,ok,digitized
S1,S1e,GC-Li6PS5Cl,GC,fab 97.34 MPa,stack_pressure,29.19,MPa,sigma_ion,4.01031e-04,S/cm,15,50,ok,digitized
S1,S1e,GC-Li6PS5Cl,GC,fab 97.34 MPa,stack_pressure,38.88,MPa,sigma_ion,4.30063e-04,S/cm,42,53,neighbor_overlap,digitized
S1,S1e,GC-Li6PS5Cl,GC,fab 97.34 MPa,stack_pressure,48.82,MPa,sigma_ion,4.46368e-04,S/cm,62,61,neighbor_overlap,digitized
S1,S1e,GC-Li6PS5Cl,GC,fab 97.34 MPa,stack_pressure,58.88,MPa,sigma_ion,4.57469e-04,S/cm,65,63,neighbor_overlap,digitized
S1,S1e,GC-Li6PS5Cl,GC,fab 97.34 MPa,stack_pressure,68.46,MPa,sigma_ion,4.62955e-04,S/cm,67,60,neighbor_overlap,digitized
S1,S1e,GC-Li6PS5Cl,GC,fab 97.34 MPa,stack_pressure,77.97,MPa,sigma_ion,4.67229e-04,S/cm,63,66,neighbor_overlap,digitized
S1,S1e,GC-Li6PS5Cl,GC,fab 97.34 MPa,stack_pressure,87.32,MPa,sigma_ion,4.69823e-04,S/cm,65,66,neighbor_overlap,digitized
S1,S1e,GC-Li6PS5Cl,GC,fab 97.34 MPa,stack_pressure,96.19,MPa,sigma_ion,4.73365e-04,S/cm,35,62,ok,digitized
S1,S1f,GC-Li5.5PS4.5Cl1.5,GC,fab 194.69 MPa,stack_pressure,19.42,MPa,sigma_ion,1.03075e-03,S/cm,0,63,ok,digitized
S1,S1f,GC-Li5.5PS4.5Cl1.5,GC,fab 194.69 MPa,stack_pressure,29.09,MPa,sigma_ion,1.20976e-03,S/cm,0,33,ok,digitized
S1,S1f,GC-Li5.5PS4.5Cl1.5,GC,fab 194.69 MPa,stack_pressure,38.74,MPa,sigma_ion,1.30509e-03,S/cm,12,57,ok,digitized
S1,S1f,GC-Li5.5PS4.5Cl1.5,GC,fab 194.69 MPa,stack_pressure,48.64,MPa,sigma_ion,1.36792e-03,S/cm,38,57,ok,digitized
S1,S1f,GC-Li5.5PS4.5Cl1.5,GC,fab 194.69 MPa,stack_pressure,58.57,MPa,sigma_ion,1.41135e-03,S/cm,58,53,neighbor_overlap,digitized
S1,S1f,GC-Li5.5PS4.5Cl1.5,GC,fab 194.69 MPa,stack_pressure,68.17,MPa,sigma_ion,1.44079e-03,S/cm,60,56,neighbor_overlap,digitized
S1,S1f,GC-Li5.5PS4.5Cl1.5,GC,fab 194.69 MPa,stack_pressure,78.58,MPa,sigma_ion,1.46087e-03,S/cm,62,57,neighbor_overlap,digitized
S1,S1f,GC-Li5.5PS4.5Cl1.5,GC,fab 194.69 MPa,stack_pressure,87.96,MPa,sigma_ion,1.47686e-03,S/cm,62,63,neighbor_overlap,digitized
S1,S1f,GC-Li5.5PS4.5Cl1.5,GC,fab 194.69 MPa,stack_pressure,95.64,MPa,sigma_ion,1.48792e-03,S/cm,37,61,ok,digitized
S1,S1f,GC-Li5.5PS4.5Cl1.5,GC,fab 194.69 MPa,stack_pressure,145.81,MPa,sigma_ion,1.53846e-03,S/cm,0,47,ok,digitized
S1,S1f,GC-Li5.5PS4.5Cl1.5,GC,fab 194.69 MPa,stack_pressure,194.57,MPa,sigma_ion,1.54636e-03,S/cm,0,55,ok,digitized
S1,S1f,GC-Li5.5PS4.5Cl1.5,GC,fab 292.03 MPa,stack_pressure,2.24,MPa,sigma_ion,2.57305e-04,S/cm,6,8,occluded,digitized
S1,S1f,GC-Li5.5PS4.5Cl1.5,GC,fab 292.03 MPa,stack_pressure,3.65,MPa,sigma_ion,3.39275e-04,S/cm,6,9,occluded,digitized
S1,S1f,GC-Li5.5PS4.5Cl1.5,GC,fab 292.03 MPa,stack_pressure,4.66,MPa,sigma_ion,4.13661e-04,S/cm,8,19,occluded,digitized
S1,S1f,GC-Li5.5PS4.5Cl1.5,GC,fab 292.03 MPa,stack_pressure,6.70,MPa,sigma_ion,5.49176e-04,S/cm,56,59,neighbor_overlap,digitized
S1,S1f,GC-Li5.5PS4.5Cl1.5,GC,fab 292.03 MPa,stack_pressure,6.97,MPa,sigma_ion,5.07247e-04,S/cm,29,48,ok,digitized
S1,S1f,GC-Li5.5PS4.5Cl1.5,GC,fab 292.03 MPa,stack_pressure,7.96,MPa,sigma_ion,6.05524e-04,S/cm,67,64,neighbor_overlap,digitized
S1,S1f,GC-Li5.5PS4.5Cl1.5,GC,fab 292.03 MPa,stack_pressure,8.98,MPa,sigma_ion,6.48562e-04,S/cm,69,65,neighbor_overlap,digitized
S1,S1f,GC-Li5.5PS4.5Cl1.5,GC,fab 292.03 MPa,stack_pressure,19.48,MPa,sigma_ion,1.12448e-03,S/cm,0,54,ok,digitized
S1,S1f,GC-Li5.5PS4.5Cl1.5,GC,fab 292.03 MPa,stack_pressure,29.46,MPa,sigma_ion,1.38624e-03,S/cm,0,53,ok,digitized
S1,S1f,GC-Li5.5PS4.5Cl1.5,GC,fab 292.03 MPa,stack_pressure,38.66,MPa,sigma_ion,1.54298e-03,S/cm,0,36,ok,digitized
S1,S1f,GC-Li5.5PS4.5Cl1.5,GC,fab 292.03 MPa,stack_pressure,48.29,MPa,sigma_ion,1.64473e-03,S/cm,26,8,occluded,digitized
S1,S1f,GC-Li5.5PS4.5Cl1.5,GC,fab 292.03 MPa,stack_pressure,58.34,MPa,sigma_ion,1.69119e-03,S/cm,36,55,ok,digitized
S1,S1f,GC-Li5.5PS4.5Cl1.5,GC,fab 292.03 MPa,stack_pressure,68.00,MPa,sigma_ion,1.72765e-03,S/cm,63,61,neighbor_overlap,digitized
S1,S1f,GC-Li5.5PS4.5Cl1.5,GC,fab 292.03 MPa,stack_pressure,78.21,MPa,sigma_ion,1.75123e-03,S/cm,67,63,neighbor_overlap,digitized
S1,S1f,GC-Li5.5PS4.5Cl1.5,GC,fab 292.03 MPa,stack_pressure,87.97,MPa,sigma_ion,1.76836e-03,S/cm,65,67,neighbor_overlap,digitized
S1,S1f,GC-Li5.5PS4.5Cl1.5,GC,fab 292.03 MPa,stack_pressure,96.51,MPa,sigma_ion,1.77871e-03,S/cm,34,63,ok,digitized
S1,S1f,GC-Li5.5PS4.5Cl1.5,GC,fab 292.03 MPa,stack_pressure,145.85,MPa,sigma_ion,1.83439e-03,S/cm,0,59,ok,digitized
S1,S1f,GC-Li5.5PS4.5Cl1.5,GC,fab 292.03 MPa,stack_pressure,194.57,MPa,sigma_ion,1.84186e-03,S/cm,0,58,ok,digitized
S1,S1f,GC-Li5.5PS4.5Cl1.5,GC,fab 292.03 MPa,stack_pressure,243.25,MPa,sigma_ion,1.82118e-03,S/cm,0,65,ok,digitized
S1,S1f,GC-Li5.5PS4.5Cl1.5,GC,fab 292.03 MPa,stack_pressure,291.99,MPa,sigma_ion,1.79276e-03,S/cm,0,65,ok,digitized
S1,S1f,GC-Li5.5PS4.5Cl1.5,GC,fab 389.30 MPa,stack_pressure,0.87,MPa,sigma_ion,7.68195e-05,S/cm,0,11,occluded,digitized
S1,S1f,GC-Li5.5PS4.5Cl1.5,GC,fab 389.30 MPa,stack_pressure,8.59,MPa,sigma_ion,4.57070e-04,S/cm,0,15,occluded,digitized
S1,S1f,GC-Li5.5PS4.5Cl1.5,GC,fab 389.30 MPa,stack_pressure,19.18,MPa,sigma_ion,8.98184e-04,S/cm,0,43,ok,digitized
S1,S1f,GC-Li5.5PS4.5Cl1.5,GC,fab 389.30 MPa,stack_pressure,29.37,MPa,sigma_ion,1.24310e-03,S/cm,0,42,ok,digitized
S1,S1f,GC-Li5.5PS4.5Cl1.5,GC,fab 389.30 MPa,stack_pressure,38.65,MPa,sigma_ion,1.50276e-03,S/cm,0,43,ok,digitized
S1,S1f,GC-Li5.5PS4.5Cl1.5,GC,fab 389.30 MPa,stack_pressure,48.73,MPa,sigma_ion,1.67710e-03,S/cm,0,45,ok,digitized
S1,S1f,GC-Li5.5PS4.5Cl1.5,GC,fab 389.30 MPa,stack_pressure,67.99,MPa,sigma_ion,1.86865e-03,S/cm,15,49,ok,digitized
S1,S1f,GC-Li5.5PS4.5Cl1.5,GC,fab 389.30 MPa,stack_pressure,78.06,MPa,sigma_ion,1.91918e-03,S/cm,50,42,neighbor_overlap,digitized
S1,S1f,GC-Li5.5PS4.5Cl1.5,GC,fab 389.30 MPa,stack_pressure,87.98,MPa,sigma_ion,1.95175e-03,S/cm,52,58,neighbor_overlap,digitized
S1,S1f,GC-Li5.5PS4.5Cl1.5,GC,fab 389.30 MPa,stack_pressure,95.50,MPa,sigma_ion,1.96741e-03,S/cm,37,54,ok,digitized
S1,S1f,GC-Li5.5PS4.5Cl1.5,GC,fab 389.30 MPa,stack_pressure,145.97,MPa,sigma_ion,2.06135e-03,S/cm,0,43,ok,digitized
S1,S1f,GC-Li5.5PS4.5Cl1.5,GC,fab 389.30 MPa,stack_pressure,194.58,MPa,sigma_ion,2.08321e-03,S/cm,0,47,ok,digitized
S1,S1f,GC-Li5.5PS4.5Cl1.5,GC,fab 389.30 MPa,stack_pressure,243.06,MPa,sigma_ion,2.07368e-03,S/cm,0,46,ok,digitized
S1,S1f,GC-Li5.5PS4.5Cl1.5,GC,fab 389.30 MPa,stack_pressure,292.05,MPa,sigma_ion,2.04024e-03,S/cm,0,46,ok,digitized
S1,S1f,GC-Li5.5PS4.5Cl1.5,GC,fab 389.30 MPa,stack_pressure,389.13,MPa,sigma_ion,1.97474e-03,S/cm,0,53,ok,digitized
S1,S1f,GC-Li5.5PS4.5Cl1.5,GC,fab 486.73 MPa,stack_pressure,1.65,MPa,sigma_ion,1.22482e-04,S/cm,50,75,neighbor_overlap,digitized
S1,S1f,GC-Li5.5PS4.5Cl1.5,GC,fab 486.73 MPa,stack_pressure,3.81,MPa,sigma_ion,1.88455e-04,S/cm,85,69,neighbor_overlap,digitized
S1,S1f,GC-Li5.5PS4.5Cl1.5,GC,fab 486.73 MPa,stack_pressure,5.12,MPa,sigma_ion,2.43256e-04,S/cm,89,69,neighbor_overlap,digitized
S1,S1f,GC-Li5.5PS4.5Cl1.5,GC,fab 486.73 MPa,stack_pressure,5.91,MPa,sigma_ion,2.72597e-04,S/cm,85,72,neighbor_overlap,digitized
S1,S1f,GC-Li5.5PS4.5Cl1.5,GC,fab 486.73 MPa,stack_pressure,6.82,MPa,sigma_ion,3.06446e-04,S/cm,85,74,neighbor_overlap,digitized
S1,S1f,GC-Li5.5PS4.5Cl1.5,GC,fab 486.73 MPa,stack_pressure,8.17,MPa,sigma_ion,3.45583e-04,S/cm,89,67,neighbor_overlap,digitized
S1,S1f,GC-Li5.5PS4.5Cl1.5,GC,fab 486.73 MPa,stack_pressure,9.06,MPa,sigma_ion,3.78779e-04,S/cm,79,67,neighbor_overlap,digitized
S1,S1f,GC-Li5.5PS4.5Cl1.5,GC,fab 486.73 MPa,stack_pressure,19.43,MPa,sigma_ion,7.84041e-04,S/cm,0,62,ok,digitized
S1,S1f,GC-Li5.5PS4.5Cl1.5,GC,fab 486.73 MPa,stack_pressure,29.06,MPa,sigma_ion,1.10265e-03,S/cm,0,64,ok,digitized
S1,S1f,GC-Li5.5PS4.5Cl1.5,GC,fab 486.73 MPa,stack_pressure,38.81,MPa,sigma_ion,1.37889e-03,S/cm,0,58,ok,digitized
S1,S1f,GC-Li5.5PS4.5Cl1.5,GC,fab 486.73 MPa,stack_pressure,48.60,MPa,sigma_ion,1.60532e-03,S/cm,0,58,ok,digitized
S1,S1f,GC-Li5.5PS4.5Cl1.5,GC,fab 486.73 MPa,stack_pressure,58.44,MPa,sigma_ion,1.79662e-03,S/cm,0,51,ok,digitized
S1,S1f,GC-Li5.5PS4.5Cl1.5,GC,fab 486.73 MPa,stack_pressure,68.13,MPa,sigma_ion,1.93572e-03,S/cm,0,58,ok,digitized
S1,S1f,GC-Li5.5PS4.5Cl1.5,GC,fab 486.73 MPa,stack_pressure,77.74,MPa,sigma_ion,2.03362e-03,S/cm,15,56,ok,digitized
S1,S1f,GC-Li5.5PS4.5Cl1.5,GC,fab 486.73 MPa,stack_pressure,87.46,MPa,sigma_ion,2.10047e-03,S/cm,35,62,ok,digitized
S1,S1f,GC-Li5.5PS4.5Cl1.5,GC,fab 486.73 MPa,stack_pressure,97.35,MPa,sigma_ion,2.14063e-03,S/cm,31,46,ok,digitized
S1,S1f,GC-Li5.5PS4.5Cl1.5,GC,fab 486.73 MPa,stack_pressure,145.88,MPa,sigma_ion,2.23530e-03,S/cm,0,46,ok,digitized
S1,S1f,GC-Li5.5PS4.5Cl1.5,GC,fab 486.73 MPa,stack_pressure,194.59,MPa,sigma_ion,2.24822e-03,S/cm,0,48,ok,digitized
S1,S1f,GC-Li5.5PS4.5Cl1.5,GC,fab 486.73 MPa,stack_pressure,243.13,MPa,sigma_ion,2.23186e-03,S/cm,0,45,ok,digitized
S1,S1f,GC-Li5.5PS4.5Cl1.5,GC,fab 486.73 MPa,stack_pressure,292.06,MPa,sigma_ion,2.20240e-03,S/cm,0,52,ok,digitized
S1,S1f,GC-Li5.5PS4.5Cl1.5,GC,fab 486.73 MPa,stack_pressure,389.01,MPa,sigma_ion,2.13287e-03,S/cm,0,47,ok,digitized
S1,S1f,GC-Li5.5PS4.5Cl1.5,GC,fab 486.73 MPa,stack_pressure,486.68,MPa,sigma_ion,2.03196e-03,S/cm,0,39,ok,digitized
S1,S1f,GC-Li5.5PS4.5Cl1.5,GC,fab 97.34 MPa,stack_pressure,19.23,MPa,sigma_ion,8.37429e-04,S/cm,0,39,ok,digitized
S1,S1f,GC-Li5.5PS4.5Cl1.5,GC,fab 97.34 MPa,stack_pressure,29.19,MPa,sigma_ion,9.51091e-04,S/cm,3,46,ok,digitized
S1,S1f,GC-Li5.5PS4.5Cl1.5,GC,fab 97.34 MPa,stack_pressure,39.06,MPa,sigma_ion,1.02365e-03,S/cm,22,47,ok,digitized
S1,S1f,GC-Li5.5PS4.5Cl1.5,GC,fab 97.34 MPa,stack_pressure,48.64,MPa,sigma_ion,1.07130e-03,S/cm,44,42,neighbor_overlap,digitized
S1,S1f,GC-Li5.5PS4.5Cl1.5,GC,fab 97.34 MPa,stack_pressure,58.61,MPa,sigma_ion,1.10938e-03,S/cm,52,50,neighbor_overlap,digitized
S1,S1f,GC-Li5.5PS4.5Cl1.5,GC,fab 97.34 MPa,stack_pressure,68.78,MPa,sigma_ion,1.13505e-03,S/cm,53,56,neighbor_overlap,digitized
S1,S1f,GC-Li5.5PS4.5Cl1.5,GC,fab 97.34 MPa,stack_pressure,78.07,MPa,sigma_ion,1.15305e-03,S/cm,61,49,neighbor_overlap,digitized
S1,S1f,GC-Li5.5PS4.5Cl1.5,GC,fab 97.34 MPa,stack_pressure,87.52,MPa,sigma_ion,1.16859e-03,S/cm,58,57,neighbor_overlap,digitized
S1,S1f,GC-Li5.5PS4.5Cl1.5,GC,fab 97.34 MPa,stack_pressure,96.18,MPa,sigma_ion,1.18530e-03,S/cm,38,55,ok,digitized
S2,S2a,uC-Li6PS5Br,uC,fab 194.69 MPa,stack_pressure,0.89,MPa,sigma_ion,8.94037e-05,S/cm,0,15,occluded,digitized
S2,S2a,uC-Li6PS5Br,uC,fab 194.69 MPa,stack_pressure,4.71,MPa,sigma_ion,6.54013e-04,S/cm,0,11,occluded,digitized
S2,S2a,uC-Li6PS5Br,uC,fab 194.69 MPa,stack_pressure,5.81,MPa,sigma_ion,7.42737e-04,S/cm,1,15,occluded,digitized
S2,S2a,uC-Li6PS5Br,uC,fab 194.69 MPa,stack_pressure,6.89,MPa,sigma_ion,8.17419e-04,S/cm,2,23,occluded,digitized
S2,S2a,uC-Li6PS5Br,uC,fab 194.69 MPa,stack_pressure,7.83,MPa,sigma_ion,8.83550e-04,S/cm,12,11,occluded,digitized
S2,S2a,uC-Li6PS5Br,uC,fab 194.69 MPa,stack_pressure,19.42,MPa,sigma_ion,1.29510e-03,S/cm,0,69,ok,digitized
S2,S2a,uC-Li6PS5Br,uC,fab 194.69 MPa,stack_pressure,29.06,MPa,sigma_ion,1.46017e-03,S/cm,0,68,ok,digitized
S2,S2a,uC-Li6PS5Br,uC,fab 194.69 MPa,stack_pressure,38.57,MPa,sigma_ion,1.57882e-03,S/cm,15,9,occluded,digitized
S2,S2a,uC-Li6PS5Br,uC,fab 194.69 MPa,stack_pressure,48.61,MPa,sigma_ion,1.64893e-03,S/cm,17,61,ok,digitized
S2,S2a,uC-Li6PS5Br,uC,fab 194.69 MPa,stack_pressure,58.35,MPa,sigma_ion,1.70902e-03,S/cm,47,67,neighbor_overlap,digitized
S2,S2a,uC-Li6PS5Br,uC,fab 194.69 MPa,stack_pressure,68.07,MPa,sigma_ion,1.75430e-03,S/cm,66,67,neighbor_overlap,digitized
S2,S2a,uC-Li6PS5Br,uC,fab 194.69 MPa,stack_pressure,77.87,MPa,sigma_ion,1.78994e-03,S/cm,71,69,neighbor_overlap,digitized
S2,S2a,uC-Li6PS5Br,uC,fab 194.69 MPa,stack_pressure,87.92,MPa,sigma_ion,1.81704e-03,S/cm,75,68,neighbor_overlap,digitized
S2,S2a,uC-Li6PS5Br,uC,fab 194.69 MPa,stack_pressure,97.09,MPa,sigma_ion,1.83870e-03,S/cm,39,67,ok,digitized
S2,S2a,uC-Li6PS5Br,uC,fab 194.69 MPa,stack_pressure,145.86,MPa,sigma_ion,1.92446e-03,S/cm,0,66,ok,digitized
S2,S2a,uC-Li6PS5Br,uC,fab 194.69 MPa,stack_pressure,194.52,MPa,sigma_ion,1.97124e-03,S/cm,0,66,ok,digitized
S2,S2a,uC-Li6PS5Br,uC,fab 292.03 MPa,stack_pressure,0.89,MPa,sigma_ion,6.54414e-05,S/cm,0,60,ok,digitized
S2,S2a,uC-Li6PS5Br,uC,fab 292.03 MPa,stack_pressure,1.66,MPa,sigma_ion,4.32673e-04,S/cm,0,12,occluded,digitized
S2,S2a,uC-Li6PS5Br,uC,fab 292.03 MPa,stack_pressure,2.73,MPa,sigma_ion,5.28055e-04,S/cm,0,20,occluded,digitized
S2,S2a,uC-Li6PS5Br,uC,fab 292.03 MPa,stack_pressure,3.73,MPa,sigma_ion,6.20916e-04,S/cm,0,17,occluded,digitized
S2,S2a,uC-Li6PS5Br,uC,fab 292.03 MPa,stack_pressure,4.67,MPa,sigma_ion,7.08267e-04,S/cm,12,24,occluded,digitized
S2,S2a,uC-Li6PS5Br,uC,fab 292.03 MPa,stack_pressure,5.72,MPa,sigma_ion,7.86999e-04,S/cm,18,65,ok,digitized
S2,S2a,uC-Li6PS5Br,uC,fab 292.03 MPa,stack_pressure,6.78,MPa,sigma_ion,8.58941e-04,S/cm,44,64,neighbor_overlap,digitized
S2,S2a,uC-Li6PS5Br,uC,fab 292.03 MPa,stack_pressure,7.83,MPa,sigma_ion,9.25582e-04,S/cm,63,70,neighbor_overlap,digitized
S2,S2a,uC-Li6PS5Br,uC,fab 292.03 MPa,stack_pressure,8.83,MPa,sigma_ion,9.82503e-04,S/cm,73,71,neighbor_overlap,digitized
S2,S2a,uC-Li6PS5Br,uC,fab 292.03 MPa,stack_pressure,9.97,MPa,sigma_ion,1.02483e-03,S/cm,38,67,ok,digitized
S2,S2a,uC-Li6PS5Br,uC,fab 292.03 MPa,stack_pressure,19.39,MPa,sigma_ion,1.40170e-03,S/cm,0,64,ok,digitized
S2,S2a,uC-Li6PS5Br,uC,fab 292.03 MPa,stack_pressure,29.07,MPa,sigma_ion,1.60114e-03,S/cm,0,65,ok,digitized
S2,S2a,uC-Li6PS5Br,uC,fab 292.03 MPa,stack_pressure,38.77,MPa,sigma_ion,1.72956e-03,S/cm,0,62,ok,digitized
S2,S2a,uC-Li6PS5Br,uC,fab 292.03 MPa,stack_pressure,48.60,MPa,sigma_ion,1.81940e-03,S/cm,5,62,ok,digitized
S2,S2a,uC-Li6PS5Br,uC,fab 292.03 MPa,stack_pressure,58.24,MPa,sigma_ion,1.88823e-03,S/cm,18,47,ok,digitized
S2,S2a,uC-Li6PS5Br,uC,fab 292.03 MPa,stack_pressure,68.05,MPa,sigma_ion,1.94017e-03,S/cm,26,29,ok,digitized
S2,S2a,uC-Li6PS5Br,uC,fab 292.03 MPa,stack_pressure,77.93,MPa,sigma_ion,1.98237e-03,S/cm,20,18,occluded,digitized
S2,S2a,uC-Li6PS5Br,uC,fab 292.03 MPa,stack_pressure,87.48,MPa,sigma_ion,2.01418e-03,S/cm,10,9,occluded,digitized
S2,S2a,uC-Li6PS5Br,uC,fab 292.03 MPa,stack_pressure,145.92,MPa,sigma_ion,2.13880e-03,S/cm,0,43,ok,digitized
S2,S2a,uC-Li6PS5Br,uC,fab 292.03 MPa,stack_pressure,194.58,MPa,sigma_ion,2.17803e-03,S/cm,0,61,ok,digitized
S2,S2a,uC-Li6PS5Br,uC,fab 292.03 MPa,stack_pressure,243.26,MPa,sigma_ion,2.18383e-03,S/cm,0,63,ok,digitized
S2,S2a,uC-Li6PS5Br,uC,fab 292.03 MPa,stack_pressure,291.99,MPa,sigma_ion,2.18524e-03,S/cm,0,62,ok,digitized
S2,S2a,uC-Li6PS5Br,uC,fab 389.30 MPa,stack_pressure,1.78,MPa,sigma_ion,2.55397e-04,S/cm,0,20,occluded,digitized
S2,S2a,uC-Li6PS5Br,uC,fab 389.30 MPa,stack_pressure,2.49,MPa,sigma_ion,5.17620e-04,S/cm,7,10,occluded,digitized
S2,S2a,uC-Li6PS5Br,uC,fab 389.30 MPa,stack_pressure,2.73,MPa,sigma_ion,4.28532e-04,S/cm,5,7,occluded,digitized
S2,S2a,uC-Li6PS5Br,uC,fab 389.30 MPa,stack_pressure,3.70,MPa,sigma_ion,5.69986e-04,S/cm,8,13,occluded,digitized
S2,S2a,uC-Li6PS5Br,uC,fab 389.30 MPa,stack_pressure,4.12,MPa,sigma_ion,6.13597e-04,S/cm,12,13,occluded,digitized
S2,S2a,uC-Li6PS5Br,uC,fab 389.30 MPa,stack_pressure,9.09,MPa,sigma_ion,7.09901e-04,S/cm,27,70,ok,digitized
S2,S2a,uC-Li6PS5Br,uC,fab 389.30 MPa,stack_pressure,19.54,MPa,sigma_ion,1.08610e-03,S/cm,0,69,ok,digitized
S2,S2a,uC-Li6PS5Br,uC,fab 389.30 MPa,stack_pressure,29.07,MPa,sigma_ion,1.40259e-03,S/cm,0,67,ok,digitized
S2,S2a,uC-Li6PS5Br,uC,fab 389.30 MPa,stack_pressure,38.78,MPa,sigma_ion,1.61679e-03,S/cm,0,64,ok,digitized
S2,S2a,uC-Li6PS5Br,uC,fab 389.30 MPa,stack_pressure,48.50,MPa,sigma_ion,1.75122e-03,S/cm,0,56,ok,digitized
S2,S2a,uC-Li6PS5Br,uC,fab 389.30 MPa,stack_pressure,58.45,MPa,sigma_ion,1.84760e-03,S/cm,0,42,ok,digitized
S2,S2a,uC-Li6PS5Br,uC,fab 389.30 MPa,stack_pressure,68.11,MPa,sigma_ion,1.91885e-03,S/cm,6,29,ok,digitized
S2,S2a,uC-Li6PS5Br,uC,fab 389.30 MPa,stack_pressure,194.69,MPa,sigma_ion,2.23169e-03,S/cm,0,8,occluded,digitized
S2,S2a,uC-Li6PS5Br,uC,fab 389.30 MPa,stack_pressure,243.32,MPa,sigma_ion,2.25050e-03,S/cm,0,12,occluded,digitized
S2,S2a,uC-Li6PS5Br,uC,fab 389.30 MPa,stack_pressure,292.07,MPa,sigma_ion,2.24410e-03,S/cm,0,20,occluded,digitized
S2,S2a,uC-Li6PS5Br,uC,fab 389.30 MPa,stack_pressure,389.40,MPa,sigma_ion,2.22799e-03,S/cm,0,14,occluded,digitized
S2,S2a,uC-Li6PS5Br,uC,fab 486.73 MPa,stack_pressure,0.92,MPa,sigma_ion,1.30304e-04,S/cm,18,67,ok,digitized
S2,S2a,uC-Li6PS5Br,uC,fab 486.73 MPa,stack_pressure,1.71,MPa,sigma_ion,1.99189e-04,S/cm,31,64,ok,digitized
S2,S2a,uC-Li6PS5Br,uC,fab 486.73 MPa,stack_pressure,2.72,MPa,sigma_ion,2.77086e-04,S/cm,29,66,ok,digitized
S2,S2a,uC-Li6PS5Br,uC,fab 486.73 MPa,stack_pressure,3.96,MPa,sigma_ion,3.47738e-04,S/cm,52,67,neighbor_overlap,digitized
S2,S2a,uC-Li6PS5Br,uC,fab 486.73 MPa,stack_pressure,4.65,MPa,sigma_ion,4.10213e-04,S/cm,72,70,neighbor_overlap,digitized
S2,S2a,uC-Li6PS5Br,uC,fab 486.73 MPa,stack_pressure,5.75,MPa,sigma_ion,4.61114e-04,S/cm,81,71,neighbor_overlap,digitized
S2,S2a,uC-Li6PS5Br,uC,fab 486.73 MPa,stack_pressure,6.73,MPa,sigma_ion,5.08103e-04,S/cm,84,69,neighbor_overlap,digitized
S2,S2a,uC-Li6PS5Br,uC,fab 486.73 MPa,stack_pressure,7.83,MPa,sigma_ion,5.57735e-04,S/cm,83,70,neighbor_overlap,digitized
S2,S2a,uC-Li6PS5Br,uC,fab 486.73 MPa,stack_pressure,8.86,MPa,sigma_ion,6.09247e-04,S/cm,85,69,neighbor_overlap,digitized
S2,S2a,uC-Li6PS5Br,uC,fab 486.73 MPa,stack_pressure,9.87,MPa,sigma_ion,6.39956e-04,S/cm,45,71,neighbor_overlap,digitized
S2,S2a,uC-Li6PS5Br,uC,fab 486.73 MPa,stack_pressure,19.39,MPa,sigma_ion,1.02404e-03,S/cm,0,66,ok,digitized
S2,S2a,uC-Li6PS5Br,uC,fab 486.73 MPa,stack_pressure,29.07,MPa,sigma_ion,1.33332e-03,S/cm,0,69,ok,digitized
S2,S2a,uC-Li6PS5Br,uC,fab 486.73 MPa,stack_pressure,38.82,MPa,sigma_ion,1.55246e-03,S/cm,0,65,ok,digitized
S2,S2a,uC-Li6PS5Br,uC,fab 486.73 MPa,stack_pressure,48.68,MPa,sigma_ion,1.70112e-03,S/cm,0,62,ok,digitized
S2,S2a,uC-Li6PS5Br,uC,fab 486.73 MPa,stack_pressure,58.30,MPa,sigma_ion,1.81017e-03,S/cm,3,65,ok,digitized
S2,S2a,uC-Li6PS5Br,uC,fab 486.73 MPa,stack_pressure,68.06,MPa,sigma_ion,1.88995e-03,S/cm,20,63,ok,digitized
S2,S2a,uC-Li6PS5Br,uC,fab 486.73 MPa,stack_pressure,77.81,MPa,sigma_ion,1.95444e-03,S/cm,41,67,neighbor_overlap,digitized
S2,S2a,uC-Li6PS5Br,uC,fab 486.73 MPa,stack_pressure,87.51,MPa,sigma_ion,2.00196e-03,S/cm,60,63,neighbor_overlap,digitized
S2,S2a,uC-Li6PS5Br,uC,fab 486.73 MPa,stack_pressure,97.23,MPa,sigma_ion,2.04163e-03,S/cm,32,63,ok,digitized
S2,S2a,uC-Li6PS5Br,uC,fab 486.73 MPa,stack_pressure,145.90,MPa,sigma_ion,2.18266e-03,S/cm,0,66,ok,digitized
S2,S2a,uC-Li6PS5Br,uC,fab 486.73 MPa,stack_pressure,194.56,MPa,sigma_ion,2.24388e-03,S/cm,0,61,ok,digitized
S2,S2a,uC-Li6PS5Br,uC,fab 486.73 MPa,stack_pressure,243.29,MPa,sigma_ion,2.26627e-03,S/cm,0,66,ok,digitized
S2,S2a,uC-Li6PS5Br,uC,fab 486.73 MPa,stack_pressure,292.08,MPa,sigma_ion,2.26452e-03,S/cm,0,66,ok,digitized
S2,S2a,uC-Li6PS5Br,uC,fab 486.73 MPa,stack_pressure,389.29,MPa,sigma_ion,2.24317e-03,S/cm,0,61,ok,digitized
S2,S2a,uC-Li6PS5Br,uC,fab 486.73 MPa,stack_pressure,486.53,MPa,sigma_ion,2.28952e-03,S/cm,0,64,ok,digitized
S2,S2a,uC-Li6PS5Br,uC,fab 97.34 MPa,stack_pressure,0.90,MPa,sigma_ion,3.35772e-04,S/cm,5,17,occluded,digitized
S2,S2a,uC-Li6PS5Br,uC,fab 97.34 MPa,stack_pressure,1.77,MPa,sigma_ion,4.04988e-04,S/cm,1,8,occluded,digitized
S2,S2a,uC-Li6PS5Br,uC,fab 97.34 MPa,stack_pressure,3.68,MPa,sigma_ion,5.88343e-04,S/cm,0,9,occluded,digitized
S2,S2a,uC-Li6PS5Br,uC,fab 97.34 MPa,stack_pressure,7.74,MPa,sigma_ion,7.85987e-04,S/cm,11,8,occluded,digitized
S2,S2a,uC-Li6PS5Br,uC,fab 97.34 MPa,stack_pressure,10.02,MPa,sigma_ion,8.48565e-04,S/cm,3,18,occluded,digitized
S2,S2a,uC-Li6PS5Br,uC,fab 97.34 MPa,stack_pressure,29.12,MPa,sigma_ion,1.21514e-03,S/cm,0,62,ok,digitized
S2,S2a,uC-Li6PS5Br,uC,fab 97.34 MPa,stack_pressure,38.79,MPa,sigma_ion,1.30365e-03,S/cm,16,64,ok,digitized
S2,S2a,uC-Li6PS5Br,uC,fab 97.34 MPa,stack_pressure,48.59,MPa,sigma_ion,1.36298e-03,S/cm,42,63,neighbor_overlap,digitized
S2,S2a,uC-Li6PS5Br,uC,fab 97.34 MPa,stack_pressure,58.41,MPa,sigma_ion,1.40690e-03,S/cm,61,60,neighbor_overlap,digitized
S2,S2a,uC-Li6PS5Br,uC,fab 97.34 MPa,stack_pressure,68.06,MPa,sigma_ion,1.43943e-03,S/cm,69,62,neighbor_overlap,digitized
S2,S2a,uC-Li6PS5Br,uC,fab 97.34 MPa,stack_pressure,78.36,MPa,sigma_ion,1.46253e-03,S/cm,70,65,neighbor_overlap,digitized
S2,S2a,uC-Li6PS5Br,uC,fab 97.34 MPa,stack_pressure,86.85,MPa,sigma_ion,1.48383e-03,S/cm,70,66,neighbor_overlap,digitized
S2,S2a,uC-Li6PS5Br,uC,fab 97.34 MPa,stack_pressure,97.18,MPa,sigma_ion,1.51858e-03,S/cm,37,64,ok,digitized
S2,S2b,uC-Li10GeP2S12,uC,fab 194.69 MPa,stack_pressure,0.52,MPa,sigma_ion,9.72085e-04,S/cm,0,22,occluded,digitized
S2,S2b,uC-Li10GeP2S12,uC,fab 194.69 MPa,stack_pressure,4.63,MPa,sigma_ion,1.61291e-03,S/cm,0,9,occluded,digitized
S2,S2b,uC-Li10GeP2S12,uC,fab 194.69 MPa,stack_pressure,6.62,MPa,sigma_ion,1.87870e-03,S/cm,0,10,occluded,digitized
S2,S2b,uC-Li10GeP2S12,uC,fab 194.69 MPa,stack_pressure,8.73,MPa,sigma_ion,2.13490e-03,S/cm,42,73,neighbor_overlap,digitized
S2,S2b,uC-Li10GeP2S12,uC,fab 194.69 MPa,stack_pressure,9.76,MPa,sigma_ion,2.22544e-03,S/cm,42,73,neighbor_overlap,digitized
S2,S2b,uC-Li10GeP2S12,uC,fab 194.69 MPa,stack_pressure,19.39,MPa,sigma_ion,3.05988e-03,S/cm,0,66,ok,digitized
S2,S2b,uC-Li10GeP2S12,uC,fab 194.69 MPa,stack_pressure,29.00,MPa,sigma_ion,3.43482e-03,S/cm,0,39,ok,digitized
S2,S2b,uC-Li10GeP2S12,uC,fab 194.69 MPa,stack_pressure,38.70,MPa,sigma_ion,3.70334e-03,S/cm,0,33,ok,digitized
S2,S2b,uC-Li10GeP2S12,uC,fab 194.69 MPa,stack_pressure,48.65,MPa,sigma_ion,3.90807e-03,S/cm,4,20,occluded,digitized
S2,S2b,uC-Li10GeP2S12,uC,fab 194.69 MPa,stack_pressure,77.69,MPa,sigma_ion,4.32731e-03,S/cm,10,8,occluded,digitized
S2,S2b,uC-Li10GeP2S12,uC,fab 194.69 MPa,stack_pressure,87.35,MPa,sigma_ion,4.42522e-03,S/cm,19,19,occluded,digitized
S2,S2b,uC-Li10GeP2S12,uC,fab 194.69 MPa,stack_pressure,97.08,MPa,sigma_ion,4.51204e-03,S/cm,11,28,ok,digitized
S2,S2b,uC-Li10GeP2S12,uC,fab 194.69 MPa,stack_pressure,145.84,MPa,sigma_ion,4.91764e-03,S/cm,0,40,ok,digitized
S2,S2b,uC-Li10GeP2S12,uC,fab 194.69 MPa,stack_pressure,194.52,MPa,sigma_ion,5.14106e-03,S/cm,0,44,ok,digitized
S2,S2b,uC-Li10GeP2S12,uC,fab 292.03 MPa,stack_pressure,0.83,MPa,sigma_ion,8.03062e-04,S/cm,0,42,ok,digitized
S2,S2b,uC-Li10GeP2S12,uC,fab 292.03 MPa,stack_pressure,2.06,MPa,sigma_ion,1.03976e-03,S/cm,0,24,occluded,digitized
S2,S2b,uC-Li10GeP2S12,uC,fab 292.03 MPa,stack_pressure,9.71,MPa,sigma_ion,1.93863e-03,S/cm,0,11,occluded,digitized
S2,S2b,uC-Li10GeP2S12,uC,fab 292.03 MPa,stack_pressure,19.35,MPa,sigma_ion,2.75906e-03,S/cm,0,55,ok,digitized
S2,S2b,uC-Li10GeP2S12,uC,fab 292.03 MPa,stack_pressure,29.04,MPa,sigma_ion,3.28142e-03,S/cm,0,65,ok,digitized
S2,S2b,uC-Li10GeP2S12,uC,fab 292.03 MPa,stack_pressure,38.63,MPa,sigma_ion,3.63117e-03,S/cm,0,36,ok,digitized
S2,S2b,uC-Li10GeP2S12,uC,fab 292.03 MPa,stack_pressure,58.42,MPa,sigma_ion,4.05662e-03,S/cm,18,15,occluded,digitized
S2,S2b,uC-Li10GeP2S12,uC,fab 292.03 MPa,stack_pressure,68.12,MPa,sigma_ion,4.21171e-03,S/cm,22,33,ok,digitized
S2,S2b,uC-Li10GeP2S12,uC,fab 292.03 MPa,stack_pressure,77.66,MPa,sigma_ion,4.35456e-03,S/cm,28,41,ok,digitized
S2,S2b,uC-Li10GeP2S12,uC,fab 292.03 MPa,stack_pressure,87.49,MPa,sigma_ion,4.47093e-03,S/cm,46,43,neighbor_overlap,digitized
S2,S2b,uC-Li10GeP2S12,uC,fab 292.03 MPa,stack_pressure,97.29,MPa,sigma_ion,4.58550e-03,S/cm,25,54,ok,digitized
S2,S2b,uC-Li10GeP2S12,uC,fab 292.03 MPa,stack_pressure,145.88,MPa,sigma_ion,5.00833e-03,S/cm,0,62,ok,digitized
S2,S2b,uC-Li10GeP2S12,uC,fab 292.03 MPa,stack_pressure,194.53,MPa,sigma_ion,5.24653e-03,S/cm,0,62,ok,digitized
S2,S2b,uC-Li10GeP2S12,uC,fab 292.03 MPa,stack_pressure,243.22,MPa,sigma_ion,5.37308e-03,S/cm,0,64,ok,digitized
S2,S2b,uC-Li10GeP2S12,uC,fab 292.03 MPa,stack_pressure,291.99,MPa,sigma_ion,5.44401e-03,S/cm,0,64,ok,digitized
S2,S2b,uC-Li10GeP2S12,uC,fab 389.30 MPa,stack_pressure,2.78,MPa,sigma_ion,4.49268e-04,S/cm,10,62,ok,digitized
S2,S2b,uC-Li10GeP2S12,uC,fab 389.30 MPa,stack_pressure,3.73,MPa,sigma_ion,6.72136e-04,S/cm,17,62,ok,digitized
S2,S2b,uC-Li10GeP2S12,uC,fab 389.30 MPa,stack_pressure,4.61,MPa,sigma_ion,8.85347e-04,S/cm,23,66,ok,digitized
S2,S2b,uC-Li10GeP2S12,uC,fab 389.30 MPa,stack_pressure,5.62,MPa,sigma_ion,1.09406e-03,S/cm,24,53,ok,digitized
S2,S2b,uC-Li10GeP2S12,uC,fab 389.30 MPa,stack_pressure,6.71,MPa,sigma_ion,1.27505e-03,S/cm,23,27,ok,digitized
S2,S2b,uC-Li10GeP2S12,uC,fab 389.30 MPa,stack_pressure,8.02,MPa,sigma_ion,1.46101e-03,S/cm,20,22,occluded,digitized
S2,S2b,uC-Li10GeP2S12,uC,fab 389.30 MPa,stack_pressure,8.80,MPa,sigma_ion,1.60326e-03,S/cm,24,15,occluded,digitized
S2,S2b,uC-Li10GeP2S12,uC,fab 389.30 MPa,stack_pressure,9.66,MPa,sigma_ion,1.76384e-03,S/cm,3,14,occluded,digitized
S2,S2b,uC-Li10GeP2S12,uC,fab 389.30 MPa,stack_pressure,19.40,MPa,sigma_ion,2.89659e-03,S/cm,0,62,ok,digitized
S2,S2b,uC-Li10GeP2S12,uC,fab 389.30 MPa,stack_pressure,29.01,MPa,sigma_ion,3.53177e-03,S/cm,0,65,ok,digitized
S2,S2b,uC-Li10GeP2S12,uC,fab 389.30 MPa,stack_pressure,38.73,MPa,sigma_ion,3.90778e-03,S/cm,0,62,ok,digitized
S2,S2b,uC-Li10GeP2S12,uC,fab 389.30 MPa,stack_pressure,48.60,MPa,sigma_ion,4.17982e-03,S/cm,11,64,ok,digitized
S2,S2b,uC-Li10GeP2S12,uC,fab 389.30 MPa,stack_pressure,58.40,MPa,sigma_ion,4.38547e-03,S/cm,25,64,ok,digitized
S2,S2b,uC-Li10GeP2S12,uC,fab 389.30 MPa,stack_pressure,68.04,MPa,sigma_ion,4.55330e-03,S/cm,43,62,neighbor_overlap,digitized
S2,S2b,uC-Li10GeP2S12,uC,fab 389.30 MPa,stack_pressure,77.74,MPa,sigma_ion,4.69664e-03,S/cm,53,64,neighbor_overlap,digitized
S2,S2b,uC-Li10GeP2S12,uC,fab 389.30 MPa,stack_pressure,87.46,MPa,sigma_ion,4.82182e-03,S/cm,62,63,neighbor_overlap,digitized
S2,S2b,uC-Li10GeP2S12,uC,fab 389.30 MPa,stack_pressure,97.18,MPa,sigma_ion,4.92570e-03,S/cm,35,64,ok,digitized
S2,S2b,uC-Li10GeP2S12,uC,fab 389.30 MPa,stack_pressure,145.78,MPa,sigma_ion,5.31164e-03,S/cm,0,37,ok,digitized
S2,S2b,uC-Li10GeP2S12,uC,fab 389.30 MPa,stack_pressure,243.18,MPa,sigma_ion,5.65450e-03,S/cm,0,26,ok,digitized
S2,S2b,uC-Li10GeP2S12,uC,fab 389.30 MPa,stack_pressure,291.94,MPa,sigma_ion,5.71786e-03,S/cm,0,55,ok,digitized
S2,S2b,uC-Li10GeP2S12,uC,fab 389.30 MPa,stack_pressure,389.32,MPa,sigma_ion,5.71306e-03,S/cm,0,66,ok,digitized
S2,S2b,uC-Li10GeP2S12,uC,fab 486.73 MPa,stack_pressure,1.97,MPa,sigma_ion,1.23876e-03,S/cm,57,72,neighbor_overlap,digitized
S2,S2b,uC-Li10GeP2S12,uC,fab 486.73 MPa,stack_pressure,4.59,MPa,sigma_ion,1.44600e-03,S/cm,57,67,neighbor_overlap,digitized
S2,S2b,uC-Li10GeP2S12,uC,fab 486.73 MPa,stack_pressure,6.58,MPa,sigma_ion,1.63054e-03,S/cm,52,68,neighbor_overlap,digitized
S2,S2b,uC-Li10GeP2S12,uC,fab 486.73 MPa,stack_pressure,8.73,MPa,sigma_ion,1.83304e-03,S/cm,55,72,neighbor_overlap,digitized
S2,S2b,uC-Li10GeP2S12,uC,fab 486.73 MPa,stack_pressure,9.51,MPa,sigma_ion,1.87545e-03,S/cm,34,70,ok,digitized
S2,S2b,uC-Li10GeP2S12,uC,fab 486.73 MPa,stack_pressure,19.32,MPa,sigma_ion,2.51933e-03,S/cm,0,67,ok,digitized
S2,S2b,uC-Li10GeP2S12,uC,fab 486.73 MPa,stack_pressure,29.04,MPa,sigma_ion,3.09661e-03,S/cm,0,66,ok,digitized
S2,S2b,uC-Li10GeP2S12,uC,fab 486.73 MPa,stack_pressure,38.71,MPa,sigma_ion,3.53294e-03,S/cm,0,64,ok,digitized
S2,S2b,uC-Li10GeP2S12,uC,fab 486.73 MPa,stack_pressure,48.64,MPa,sigma_ion,3.85538e-03,S/cm,0,65,ok,digitized
S2,S2b,uC-Li10GeP2S12,uC,fab 486.73 MPa,stack_pressure,58.42,MPa,sigma_ion,4.09918e-03,S/cm,12,66,ok,digitized
S2,S2b,uC-Li10GeP2S12,uC,fab 486.73 MPa,stack_pressure,68.11,MPa,sigma_ion,4.29368e-03,S/cm,32,68,ok,digitized
S2,S2b,uC-Li10GeP2S12,uC,fab 486.73 MPa,stack_pressure,77.75,MPa,sigma_ion,4.45342e-03,S/cm,51,67,neighbor_overlap,digitized
S2,S2b,uC-Li10GeP2S12,uC,fab 486.73 MPa,stack_pressure,87.41,MPa,sigma_ion,4.57771e-03,S/cm,54,65,neighbor_overlap,digitized
S2,S2b,uC-Li10GeP2S12,uC,fab 486.73 MPa,stack_pressure,97.11,MPa,sigma_ion,4.72047e-03,S/cm,27,62,ok,digitized
S2,S2b,uC-Li10GeP2S12,uC,fab 486.73 MPa,stack_pressure,145.83,MPa,sigma_ion,5.21773e-03,S/cm,0,64,ok,digitized
S2,S2b,uC-Li10GeP2S12,uC,fab 486.73 MPa,stack_pressure,194.59,MPa,sigma_ion,5.51881e-03,S/cm,0,65,ok,digitized
S2,S2b,uC-Li10GeP2S12,uC,fab 486.73 MPa,stack_pressure,243.24,MPa,sigma_ion,5.71743e-03,S/cm,0,63,ok,digitized
S2,S2b,uC-Li10GeP2S12,uC,fab 486.73 MPa,stack_pressure,292.01,MPa,sigma_ion,5.84314e-03,S/cm,0,61,ok,digitized
S2,S2b,uC-Li10GeP2S12,uC,fab 486.73 MPa,stack_pressure,389.28,MPa,sigma_ion,5.96597e-03,S/cm,0,64,ok,digitized
S2,S2b,uC-Li10GeP2S12,uC,fab 486.73 MPa,stack_pressure,486.70,MPa,sigma_ion,5.93416e-03,S/cm,0,64,ok,digitized
S2,S2b,uC-Li10GeP2S12,uC,fab 97.34 MPa,stack_pressure,19.36,MPa,sigma_ion,2.57740e-03,S/cm,0,20,occluded,digitized
S2,S2b,uC-Li10GeP2S12,uC,fab 97.34 MPa,stack_pressure,29.06,MPa,sigma_ion,2.92608e-03,S/cm,0,65,ok,digitized
S2,S2b,uC-Li10GeP2S12,uC,fab 97.34 MPa,stack_pressure,38.73,MPa,sigma_ion,3.17995e-03,S/cm,11,61,ok,digitized
S2,S2b,uC-Li10GeP2S12,uC,fab 97.34 MPa,stack_pressure,48.49,MPa,sigma_ion,3.36132e-03,S/cm,32,60,ok,digitized
S2,S2b,uC-Li10GeP2S12,uC,fab 97.34 MPa,stack_pressure,58.37,MPa,sigma_ion,3.51394e-03,S/cm,49,63,neighbor_overlap,digitized
S2,S2b,uC-Li10GeP2S12,uC,fab 97.34 MPa,stack_pressure,68.02,MPa,sigma_ion,3.64055e-03,S/cm,62,63,neighbor_overlap,digitized
S2,S2b,uC-Li10GeP2S12,uC,fab 97.34 MPa,stack_pressure,77.73,MPa,sigma_ion,3.74595e-03,S/cm,65,64,neighbor_overlap,digitized
S2,S2b,uC-Li10GeP2S12,uC,fab 97.34 MPa,stack_pressure,87.48,MPa,sigma_ion,3.83884e-03,S/cm,66,59,neighbor_overlap,digitized
S2,S2b,uC-Li10GeP2S12,uC,fab 97.34 MPa,stack_pressure,97.19,MPa,sigma_ion,3.93925e-03,S/cm,35,61,ok,digitized
S2,S2c,uC-Li6PS5Cl,uC,fab 194.69 MPa,stack_pressure,3.52,MPa,sigma_ion,6.15573e-04,S/cm,0,11,occluded,digitized
S2,S2c,uC-Li6PS5Cl,uC,fab 194.69 MPa,stack_pressure,4.56,MPa,sigma_ion,7.80743e-04,S/cm,0,29,ok,digitized
S2,S2c,uC-Li6PS5Cl,uC,fab 194.69 MPa,stack_pressure,5.71,MPa,sigma_ion,9.27099e-04,S/cm,6,67,ok,digitized
S2,S2c,uC-Li6PS5Cl,uC,fab 194.69 MPa,stack_pressure,6.73,MPa,sigma_ion,1.05264e-03,S/cm,33,66,ok,digitized
S2,S2c,uC-Li6PS5Cl,uC,fab 194.69 MPa,stack_pressure,7.91,MPa,sigma_ion,1.16280e-03,S/cm,61,69,neighbor_overlap,digitized
S2,S2c,uC-Li6PS5Cl,uC,fab 194.69 MPa,stack_pressure,8.62,MPa,sigma_ion,1.25354e-03,S/cm,76,72,neighbor_overlap,digitized
S2,S2c,uC-Li6PS5Cl,uC,fab 194.69 MPa,stack_pressure,9.62,MPa,sigma_ion,1.32380e-03,S/cm,46,70,neighbor_overlap,digitized
S2,S2c,uC-Li6PS5Cl,uC,fab 194.69 MPa,stack_pressure,19.22,MPa,sigma_ion,1.83790e-03,S/cm,0,69,ok,digitized
S2,S2c,uC-Li6PS5Cl,uC,fab 194.69 MPa,stack_pressure,28.98,MPa,sigma_ion,2.10985e-03,S/cm,0,66,ok,digitized
S2,S2c,uC-Li6PS5Cl,uC,fab 194.69 MPa,stack_pressure,38.64,MPa,sigma_ion,2.29407e-03,S/cm,2,65,ok,digitized
S2,S2c,uC-Li6PS5Cl,uC,fab 194.69 MPa,stack_pressure,48.69,MPa,sigma_ion,2.42517e-03,S/cm,23,65,ok,digitized
S2,S2c,uC-Li6PS5Cl,uC,fab 194.69 MPa,stack_pressure,58.28,MPa,sigma_ion,2.51969e-03,S/cm,32,65,ok,digitized
S2,S2c,uC-Li6PS5Cl,uC,fab 194.69 MPa,stack_pressure,68.01,MPa,sigma_ion,2.59580e-03,S/cm,30,38,ok,digitized
S2,S2c,uC-Li6PS5Cl,uC,fab 194.69 MPa,stack_pressure,77.89,MPa,sigma_ion,2.65277e-03,S/cm,50,8,occluded,digitized
S2,S2c,uC-Li6PS5Cl,uC,fab 194.69 MPa,stack_pressure,87.76,MPa,sigma_ion,2.70362e-03,S/cm,39,56,ok,digitized
S2,S2c,uC-Li6PS5Cl,uC,fab 194.69 MPa,stack_pressure,97.06,MPa,sigma_ion,2.73788e-03,S/cm,33,69,ok,digitized
S2,S2c,uC-Li6PS5Cl,uC,fab 194.69 MPa,stack_pressure,194.54,MPa,sigma_ion,2.96663e-03,S/cm,0,15,occluded,digitized
S2,S2c,uC-Li6PS5Cl,uC,fab 292.03 MPa,stack_pressure,1.01,MPa,sigma_ion,1.09760e-04,S/cm,1,37,ok,digitized
S2,S2c,uC-Li6PS5Cl,uC,fab 292.03 MPa,stack_pressure,19.29,MPa,sigma_ion,1.02764e-03,S/cm,0,63,ok,digitized
S2,S2c,uC-Li6PS5Cl,uC,fab 292.03 MPa,stack_pressure,29.07,MPa,sigma_ion,1.33519e-03,S/cm,0,61,ok,digitized
S2,S2c,uC-Li6PS5Cl,uC,fab 292.03 MPa,stack_pressure,38.73,MPa,sigma_ion,1.58385e-03,S/cm,0,59,ok,digitized
S2,S2c,uC-Li6PS5Cl,uC,fab 292.03 MPa,stack_pressure,48.61,MPa,sigma_ion,1.81448e-03,S/cm,0,61,ok,digitized
S2,S2c,uC-Li6PS5Cl,uC,fab 292.03 MPa,stack_pressure,58.33,MPa,sigma_ion,2.04032e-03,S/cm,0,66,ok,digitized
S2,S2c,uC-Li6PS5Cl,uC,fab 292.03 MPa,stack_pressure,68.03,MPa,sigma_ion,2.22353e-03,S/cm,0,68,ok,digitized
S2,S2c,uC-Li6PS5Cl,uC,fab 292.03 MPa,stack_pressure,77.71,MPa,sigma_ion,2.36815e-03,S/cm,9,65,ok,digitized
S2,S2c,uC-Li6PS5Cl,uC,fab 292.03 MPa,stack_pressure,87.42,MPa,sigma_ion,2.47742e-03,S/cm,30,64,ok,digitized
S2,S2c,uC-Li6PS5Cl,uC,fab 292.03 MPa,stack_pressure,97.27,MPa,sigma_ion,2.56474e-03,S/cm,17,61,ok,digitized
S2,S2c,uC-Li6PS5Cl,uC,fab 292.03 MPa,stack_pressure,145.82,MPa,sigma_ion,2.88369e-03,S/cm,0,38,ok,digitized
S2,S2c,uC-Li6PS5Cl,uC,fab 292.03 MPa,stack_pressure,194.56,MPa,sigma_ion,2.99129e-03,S/cm,0,62,ok,digitized
S2,S2c,uC-Li6PS5Cl,uC,fab 292.03 MPa,stack_pressure,243.22,MPa,sigma_ion,3.01481e-03,S/cm,0,65,ok,digitized
S2,S2c,uC-Li6PS5Cl,uC,fab 292.03 MPa,stack_pressure,291.94,MPa,sigma_ion,3.04474e-03,S/cm,0,64,ok,digitized
S2,S2c,uC-Li6PS5Cl,uC,fab 389.30 MPa,stack_pressure,2.14,MPa,sigma_ion,4.24634e-04,S/cm,7,9,occluded,digitized
S2,S2c,uC-Li6PS5Cl,uC,fab 389.30 MPa,stack_pressure,2.20,MPa,sigma_ion,4.03919e-04,S/cm,4,8,occluded,digitized
S2,S2c,uC-Li6PS5Cl,uC,fab 389.30 MPa,stack_pressure,7.58,MPa,sigma_ion,6.87216e-04,S/cm,76,74,neighbor_overlap,digitized
S2,S2c,uC-Li6PS5Cl,uC,fab 389.30 MPa,stack_pressure,8.63,MPa,sigma_ion,7.27929e-04,S/cm,81,74,neighbor_overlap,digitized
S2,S2c,uC-Li6PS5Cl,uC,fab 389.30 MPa,stack_pressure,9.65,MPa,sigma_ion,7.68155e-04,S/cm,45,73,neighbor_overlap,digitized
S2,S2c,uC-Li6PS5Cl,uC,fab 389.30 MPa,stack_pressure,19.30,MPa,sigma_ion,1.34375e-03,S/cm,0,64,ok,digitized
S2,S2c,uC-Li6PS5Cl,uC,fab 389.30 MPa,stack_pressure,29.01,MPa,sigma_ion,1.73405e-03,S/cm,0,64,ok,digitized
S2,S2c,uC-Li6PS5Cl,uC,fab 389.30 MPa,stack_pressure,38.74,MPa,sigma_ion,2.00851e-03,S/cm,0,65,ok,digitized
S2,S2c,uC-Li6PS5Cl,uC,fab 389.30 MPa,stack_pressure,48.67,MPa,sigma_ion,2.22350e-03,S/cm,0,65,ok,digitized
S2,S2c,uC-Li6PS5Cl,uC,fab 389.30 MPa,stack_pressure,58.37,MPa,sigma_ion,2.39754e-03,S/cm,0,66,ok,digitized
S2,S2c,uC-Li6PS5Cl,uC,fab 389.30 MPa,stack_pressure,68.01,MPa,sigma_ion,2.54616e-03,S/cm,6,64,ok,digitized
S2,S2c,uC-Li6PS5Cl,uC,fab 389.30 MPa,stack_pressure,77.79,MPa,sigma_ion,2.66987e-03,S/cm,16,65,ok,digitized
S2,S2c,uC-Li6PS5Cl,uC,fab 389.30 MPa,stack_pressure,87.39,MPa,sigma_ion,2.77971e-03,S/cm,30,63,ok,digitized
S2,S2c,uC-Li6PS5Cl,uC,fab 389.30 MPa,stack_pressure,97.21,MPa,sigma_ion,2.87090e-03,S/cm,16,63,ok,digitized
S2,S2c,uC-Li6PS5Cl,uC,fab 389.30 MPa,stack_pressure,145.93,MPa,sigma_ion,3.26462e-03,S/cm,0,62,ok,digitized
S2,S2c,uC-Li6PS5Cl,uC,fab 389.30 MPa,stack_pressure,194.63,MPa,sigma_ion,3.41447e-03,S/cm,0,63,ok,digitized
S2,S2c,uC-Li6PS5Cl,uC,fab 389.30 MPa,stack_pressure,243.19,MPa,sigma_ion,3.45857e-03,S/cm,0,65,ok,digitized
S2,S2c,uC-Li6PS5Cl,uC,fab 389.30 MPa,stack_pressure,291.87,MPa,sigma_ion,3.44088e-03,S/cm,0,69,ok,digitized
S2,S2c,uC-Li6PS5Cl,uC,fab 389.30 MPa,stack_pressure,389.33,MPa,sigma_ion,3.39101e-03,S/cm,0,67,ok,digitized
S2,S2c,uC-Li6PS5Cl,uC,fab 486.73 MPa,stack_pressure,1.14,MPa,sigma_ion,1.72085e-04,S/cm,41,68,neighbor_overlap,digitized
S2,S2c,uC-Li6PS5Cl,uC,fab 486.73 MPa,stack_pressure,2.23,MPa,sigma_ion,2.43608e-04,S/cm,86,67,neighbor_overlap,digitized
S2,S2c,uC-Li6PS5Cl,uC,fab 486.73 MPa,stack_pressure,2.78,MPa,sigma_ion,2.95523e-04,S/cm,90,69,neighbor_overlap,digitized
S2,S2c,uC-Li6PS5Cl,uC,fab 486.73 MPa,stack_pressure,4.34,MPa,sigma_ion,3.74127e-04,S/cm,93,73,neighbor_overlap,digitized
S2,S2c,uC-Li6PS5Cl,uC,fab 486.73 MPa,stack_pressure,5.43,MPa,sigma_ion,4.27509e-04,S/cm,99,69,neighbor_overlap,digitized
S2,S2c,uC-Li6PS5Cl,uC,fab 486.73 MPa,stack_pressure,6.49,MPa,sigma_ion,4.68094e-04,S/cm,100,69,neighbor_overlap,digitized
S2,S2c,uC-Li6PS5Cl,uC,fab 486.73 MPa,stack_pressure,8.63,MPa,sigma_ion,5.39379e-04,S/cm,76,69,neighbor_overlap,digitized
S2,S2c,uC-Li6PS5Cl,uC,fab 486.73 MPa,stack_pressure,19.34,MPa,sigma_ion,9.37985e-04,S/cm,0,63,ok,digitized
S2,S2c,uC-Li6PS5Cl,uC,fab 486.73 MPa,stack_pressure,29.00,MPa,sigma_ion,1.23927e-03,S/cm,0,65,ok,digitized
S2,S2c,uC-Li6PS5Cl,uC,fab 486.73 MPa,stack_pressure,38.69,MPa,sigma_ion,1.49303e-03,S/cm,0,62,ok,digitized
S2,S2c,uC-Li6PS5Cl,uC,fab 486.73 MPa,stack_pressure,48.64,MPa,sigma_ion,1.69809e-03,S/cm,0,63,ok,digitized
S2,S2c,uC-Li6PS5Cl,uC,fab 486.73 MPa,stack_pressure,58.31,MPa,sigma_ion,1.86895e-03,S/cm,0,64,ok,digitized
S2,S2c,uC-Li6PS5Cl,uC,fab 486.73 MPa,stack_pressure,68.01,MPa,sigma_ion,2.02375e-03,S/cm,0,61,ok,digitized
S2,S2c,uC-Li6PS5Cl,uC,fab 486.73 MPa,stack_pressure,77.74,MPa,sigma_ion,2.16569e-03,S/cm,0,63,ok,digitized
S2,S2c,uC-Li6PS5Cl,uC,fab 486.73 MPa,stack_pressure,87.52,MPa,sigma_ion,2.30055e-03,S/cm,7,64,ok,digitized
S2,S2c,uC-Li6PS5Cl,uC,fab 486.73 MPa,stack_pressure,97.28,MPa,sigma_ion,2.42232e-03,S/cm,4,63,ok,digitized
S2,S2c,uC-Li6PS5Cl,uC,fab 486.73 MPa,stack_pressure,145.95,MPa,sigma_ion,2.93640e-03,S/cm,0,63,ok,digitized
S2,S2c,uC-Li6PS5Cl,uC,fab 486.73 MPa,stack_pressure,194.43,MPa,sigma_ion,3.14671e-03,S/cm,0,63,ok,digitized
S2,S2c,uC-Li6PS5Cl,uC,fab 486.73 MPa,stack_pressure,243.27,MPa,sigma_ion,3.22515e-03,S/cm,0,63,ok,digitized
S2,S2c,uC-Li6PS5Cl,uC,fab 486.73 MPa,stack_pressure,291.93,MPa,sigma_ion,3.23083e-03,S/cm,0,64,ok,digitized
S2,S2c,uC-Li6PS5Cl,uC,fab 486.73 MPa,stack_pressure,389.24,MPa,sigma_ion,3.17058e-03,S/cm,0,61,ok,digitized
S2,S2c,uC-Li6PS5Cl,uC,fab 486.73 MPa,stack_pressure,486.62,MPa,sigma_ion,3.05646e-03,S/cm,0,63,ok,digitized
S2,S2c,uC-Li6PS5Cl,uC,fab 97.34 MPa,stack_pressure,0.54,MPa,sigma_ion,3.61175e-04,S/cm,0,10,occluded,digitized
S2,S2c,uC-Li6PS5Cl,uC,fab 97.34 MPa,stack_pressure,1.74,MPa,sigma_ion,5.02561e-04,S/cm,0,12,occluded,digitized
S2,S2c,uC-Li6PS5Cl,uC,fab 97.34 MPa,stack_pressure,2.61,MPa,sigma_ion,6.63822e-04,S/cm,0,20,occluded,digitized
S2,S2c,uC-Li6PS5Cl,uC,fab 97.34 MPa,stack_pressure,3.66,MPa,sigma_ion,8.39420e-04,S/cm,0,42,ok,digitized
S2,S2c,uC-Li6PS5Cl,uC,fab 97.34 MPa,stack_pressure,4.71,MPa,sigma_ion,9.81360e-04,S/cm,1,26,ok,digitized
S2,S2c,uC-Li6PS5Cl,uC,fab 97.34 MPa,stack_pressure,5.71,MPa,sigma_ion,1.08382e-03,S/cm,15,10,occluded,digitized
S2,S2c,uC-Li6PS5Cl,uC,fab 97.34 MPa,stack_pressure,19.34,MPa,sigma_ion,1.65426e-03,S/cm,0,65,ok,digitized
S2,S2c,uC-Li6PS5Cl,uC,fab 97.34 MPa,stack_pressure,29.02,MPa,sigma_ion,1.85521e-03,S/cm,5,62,ok,digitized
S2,S2c,uC-Li6PS5Cl,uC,fab 97.34 MPa,stack_pressure,38.71,MPa,sigma_ion,1.97989e-03,S/cm,26,21,occluded,digitized
S2,S2c,uC-Li6PS5Cl,uC,fab 97.34 MPa,stack_pressure,48.63,MPa,sigma_ion,2.06390e-03,S/cm,34,62,ok,digitized
S2,S2c,uC-Li6PS5Cl,uC,fab 97.34 MPa,stack_pressure,58.30,MPa,sigma_ion,2.12256e-03,S/cm,59,61,neighbor_overlap,digitized
S2,S2c,uC-Li6PS5Cl,uC,fab 97.34 MPa,stack_pressure,68.03,MPa,sigma_ion,2.16400e-03,S/cm,44,48,neighbor_overlap,digitized
S2,S2c,uC-Li6PS5Cl,uC,fab 97.34 MPa,stack_pressure,77.00,MPa,sigma_ion,2.20050e-03,S/cm,46,21,occluded,digitized
S2,S2c,uC-Li6PS5Cl,uC,fab 97.34 MPa,stack_pressure,87.45,MPa,sigma_ion,2.24615e-03,S/cm,30,39,ok,digitized
S2,S2c,uC-Li6PS5Cl,uC,fab 97.34 MPa,stack_pressure,97.19,MPa,sigma_ion,2.33000e-03,S/cm,8,60,ok,digitized
S2,S2d,uC-Li5.5PS4.5Cl1.5,uC,fab 194.69 MPa,stack_pressure,1.76,MPa,sigma_ion,3.15936e-04,S/cm,0,67,ok,digitized
S2,S2d,uC-Li5.5PS4.5Cl1.5,uC,fab 194.69 MPa,stack_pressure,4.94,MPa,sigma_ion,7.64814e-04,S/cm,6,10,occluded,digitized
S2,S2d,uC-Li5.5PS4.5Cl1.5,uC,fab 194.69 MPa,stack_pressure,28.97,MPa,sigma_ion,2.71742e-03,S/cm,0,32,ok,digitized
S2,S2d,uC-Li5.5PS4.5Cl1.5,uC,fab 194.69 MPa,stack_pressure,38.86,MPa,sigma_ion,3.05368e-03,S/cm,0,17,occluded,digitized
S2,S2d,uC-Li5.5PS4.5Cl1.5,uC,fab 194.69 MPa,stack_pressure,67.98,MPa,sigma_ion,3.56312e-03,S/cm,16,28,ok,digitized
S2,S2d,uC-Li5.5PS4.5Cl1.5,uC,fab 194.69 MPa,stack_pressure,77.68,MPa,sigma_ion,3.65270e-03,S/cm,30,38,ok,digitized
S2,S2d,uC-Li5.5PS4.5Cl1.5,uC,fab 194.69 MPa,stack_pressure,87.35,MPa,sigma_ion,3.70803e-03,S/cm,28,27,ok,digitized
S2,S2d,uC-Li5.5PS4.5Cl1.5,uC,fab 194.69 MPa,stack_pressure,97.31,MPa,sigma_ion,3.74847e-03,S/cm,12,13,occluded,digitized
S2,S2d,uC-Li5.5PS4.5Cl1.5,uC,fab 194.69 MPa,stack_pressure,145.91,MPa,sigma_ion,3.86529e-03,S/cm,0,56,ok,digitized
S2,S2d,uC-Li5.5PS4.5Cl1.5,uC,fab 194.69 MPa,stack_pressure,194.49,MPa,sigma_ion,3.89081e-03,S/cm,0,50,ok,digitized
S2,S2d,uC-Li5.5PS4.5Cl1.5,uC,fab 292.03 MPa,stack_pressure,0.92,MPa,sigma_ion,4.26746e-04,S/cm,2,36,ok,digitized
S2,S2d,uC-Li5.5PS4.5Cl1.5,uC,fab 292.03 MPa,stack_pressure,9.65,MPa,sigma_ion,1.48886e-03,S/cm,7,14,occluded,digitized
S2,S2d,uC-Li5.5PS4.5Cl1.5,uC,fab 292.03 MPa,stack_pressure,9.81,MPa,sigma_ion,1.51639e-03,S/cm,7,16,occluded,digitized
S2,S2d,uC-Li5.5PS4.5Cl1.5,uC,fab 292.03 MPa,stack_pressure,19.29,MPa,sigma_ion,2.21528e-03,S/cm,0,62,ok,digitized
S2,S2d,uC-Li5.5PS4.5Cl1.5,uC,fab 292.03 MPa,stack_pressure,38.85,MPa,sigma_ion,2.97369e-03,S/cm,0,23,occluded,digitized
S2,S2d,uC-Li5.5PS4.5Cl1.5,uC,fab 292.03 MPa,stack_pressure,48.67,MPa,sigma_ion,3.19733e-03,S/cm,6,48,ok,digitized
S2,S2d,uC-Li5.5PS4.5Cl1.5,uC,fab 292.03 MPa,stack_pressure,58.33,MPa,sigma_ion,3.35658e-03,S/cm,15,64,ok,digitized
S2,S2d,uC-Li5.5PS4.5Cl1.5,uC,fab 292.03 MPa,stack_pressure,67.95,MPa,sigma_ion,3.48246e-03,S/cm,42,64,neighbor_overlap,digitized
S2,S2d,uC-Li5.5PS4.5Cl1.5,uC,fab 292.03 MPa,stack_pressure,77.66,MPa,sigma_ion,3.58194e-03,S/cm,57,65,neighbor_overlap,digitized
S2,S2d,uC-Li5.5PS4.5Cl1.5,uC,fab 292.03 MPa,stack_pressure,87.34,MPa,sigma_ion,3.65939e-03,S/cm,66,62,neighbor_overlap,digitized
S2,S2d,uC-Li5.5PS4.5Cl1.5,uC,fab 292.03 MPa,stack_pressure,97.27,MPa,sigma_ion,3.72130e-03,S/cm,30,61,ok,digitized
S2,S2d,uC-Li5.5PS4.5Cl1.5,uC,fab 292.03 MPa,stack_pressure,145.90,MPa,sigma_ion,3.95596e-03,S/cm,0,60,ok,digitized
S2,S2d,uC-Li5.5PS4.5Cl1.5,uC,fab 292.03 MPa,stack_pressure,194.45,MPa,sigma_ion,3.97435e-03,S/cm,0,64,ok,digitized
S2,S2d,uC-Li5.5PS4.5Cl1.5,uC,fab 292.03 MPa,stack_pressure,243.21,MPa,sigma_ion,3.90034e-03,S/cm,0,63,ok,digitized
S2,S2d,uC-Li5.5PS4.5Cl1.5,uC,fab 292.03 MPa,stack_pressure,291.94,MPa,sigma_ion,3.84814e-03,S/cm,0,65,ok,digitized
S2,S2d,uC-Li5.5PS4.5Cl1.5,uC,fab 389.30 MPa,stack_pressure,1.96,MPa,sigma_ion,6.12156e-04,S/cm,0,45,ok,digitized
S2,S2d,uC-Li5.5PS4.5Cl1.5,uC,fab 389.30 MPa,stack_pressure,4.29,MPa,sigma_ion,7.88049e-04,S/cm,6,33,ok,digitized
S2,S2d,uC-Li5.5PS4.5Cl1.5,uC,fab 389.30 MPa,stack_pressure,5.31,MPa,sigma_ion,9.62328e-04,S/cm,12,35,ok,digitized
S2,S2d,uC-Li5.5PS4.5Cl1.5,uC,fab 389.30 MPa,stack_pressure,7.08,MPa,sigma_ion,1.11624e-03,S/cm,19,37,ok,digitized
S2,S2d,uC-Li5.5PS4.5Cl1.5,uC,fab 389.30 MPa,stack_pressure,9.61,MPa,sigma_ion,1.27277e-03,S/cm,28,32,ok,digitized
S2,S2d,uC-Li5.5PS4.5Cl1.5,uC,fab 389.30 MPa,stack_pressure,19.38,MPa,sigma_ion,2.10501e-03,S/cm,0,68,ok,digitized
S2,S2d,uC-Li5.5PS4.5Cl1.5,uC,fab 389.30 MPa,stack_pressure,29.03,MPa,sigma_ion,2.65111e-03,S/cm,0,65,ok,digitized
S2,S2d,uC-Li5.5PS4.5Cl1.5,uC,fab 389.30 MPa,stack_pressure,38.88,MPa,sigma_ion,3.01618e-03,S/cm,0,63,ok,digitized
S2,S2d,uC-Li5.5PS4.5Cl1.5,uC,fab 389.30 MPa,stack_pressure,48.62,MPa,sigma_ion,3.27616e-03,S/cm,0,65,ok,digitized
S2,S2d,uC-Li5.5PS4.5Cl1.5,uC,fab 389.30 MPa,stack_pressure,58.31,MPa,sigma_ion,3.47615e-03,S/cm,3,63,ok,digitized
S2,S2d,uC-Li5.5PS4.5Cl1.5,uC,fab 389.30 MPa,stack_pressure,68.04,MPa,sigma_ion,3.64007e-03,S/cm,17,61,ok,digitized
S2,S2d,uC-Li5.5PS4.5Cl1.5,uC,fab 389.30 MPa,stack_pressure,77.68,MPa,sigma_ion,3.77115e-03,S/cm,33,66,ok,digitized
S2,S2d,uC-Li5.5PS4.5Cl1.5,uC,fab 389.30 MPa,stack_pressure,87.52,MPa,sigma_ion,3.87847e-03,S/cm,50,62,neighbor_overlap,digitized
S2,S2d,uC-Li5.5PS4.5Cl1.5,uC,fab 389.30 MPa,stack_pressure,97.20,MPa,sigma_ion,3.96859e-03,S/cm,23,62,ok,digitized
S2,S2d,uC-Li5.5PS4.5Cl1.5,uC,fab 389.30 MPa,stack_pressure,145.78,MPa,sigma_ion,4.31227e-03,S/cm,0,63,ok,digitized
S2,S2d,uC-Li5.5PS4.5Cl1.5,uC,fab 389.30 MPa,stack_pressure,194.58,MPa,sigma_ion,4.41120e-03,S/cm,0,64,ok,digitized
S2,S2d,uC-Li5.5PS4.5Cl1.5,uC,fab 389.30 MPa,stack_pressure,243.24,MPa,sigma_ion,4.38138e-03,S/cm,0,65,ok,digitized
S2,S2d,uC-Li5.5PS4.5Cl1.5,uC,fab 389.30 MPa,stack_pressure,291.94,MPa,sigma_ion,4.27069e-03,S/cm,0,64,ok,digitized
S2,S2d,uC-Li5.5PS4.5Cl1.5,uC,fab 389.30 MPa,stack_pressure,389.23,MPa,sigma_ion,3.98629e-03,S/cm,0,67,ok,digitized
S2,S2d,uC-Li5.5PS4.5Cl1.5,uC,fab 486.73 MPa,stack_pressure,0.97,MPa,sigma_ion,5.11629e-04,S/cm,0,66,ok,digitized
S2,S2d,uC-Li5.5PS4.5Cl1.5,uC,fab 486.73 MPa,stack_pressure,1.85,MPa,sigma_ion,6.96752e-04,S/cm,0,65,ok,digitized
S2,S2d,uC-Li5.5PS4.5Cl1.5,uC,fab 486.73 MPa,stack_pressure,2.85,MPa,sigma_ion,8.76256e-04,S/cm,6,64,ok,digitized
S2,S2d,uC-Li5.5PS4.5Cl1.5,uC,fab 486.73 MPa,stack_pressure,3.83,MPa,sigma_ion,1.04187e-03,S/cm,14,66,ok,digitized
S2,S2d,uC-Li5.5PS4.5Cl1.5,uC,fab 486.73 MPa,stack_pressure,4.56,MPa,sigma_ion,1.19794e-03,S/cm,30,66,ok,digitized
S2,S2d,uC-Li5.5PS4.5Cl1.5,uC,fab 486.73 MPa,stack_pressure,5.61,MPa,sigma_ion,1.33543e-03,S/cm,49,66,neighbor_overlap,digitized
S2,S2d,uC-Li5.5PS4.5Cl1.5,uC,fab 486.73 MPa,stack_pressure,6.67,MPa,sigma_ion,1.46850e-03,S/cm,64,68,neighbor_overlap,digitized
S2,S2d,uC-Li5.5PS4.5Cl1.5,uC,fab 486.73 MPa,stack_pressure,7.82,MPa,sigma_ion,1.58351e-03,S/cm,76,70,neighbor_overlap,digitized
S2,S2d,uC-Li5.5PS4.5Cl1.5,uC,fab 486.73 MPa,stack_pressure,8.60,MPa,sigma_ion,1.68479e-03,S/cm,82,70,neighbor_overlap,digitized
S2,S2d,uC-Li5.5PS4.5Cl1.5,uC,fab 486.73 MPa,stack_pressure,9.57,MPa,sigma_ion,1.77223e-03,S/cm,45,71,neighbor_overlap,digitized
S2,S2d,uC-Li5.5PS4.5Cl1.5,uC,fab 486.73 MPa,stack_pressure,19.27,MPa,sigma_ion,2.58953e-03,S/cm,0,66,ok,digitized
S2,S2d,uC-Li5.5PS4.5Cl1.5,uC,fab 486.73 MPa,stack_pressure,28.94,MPa,sigma_ion,3.07722e-03,S/cm,0,64,ok,digitized
S2,S2d,uC-Li5.5PS4.5Cl1.5,uC,fab 486.73 MPa,stack_pressure,38.86,MPa,sigma_ion,3.40931e-03,S/cm,0,63,ok,digitized
S2,S2d,uC-Li5.5PS4.5Cl1.5,uC,fab 486.73 MPa,stack_pressure,48.63,MPa,sigma_ion,3.65575e-03,S/cm,0,64,ok,digitized
S2,S2d,uC-Li5.5PS4.5Cl1.5,uC,fab 486.73 MPa,stack_pressure,58.33,MPa,sigma_ion,3.84638e-03,S/cm,7,66,ok,digitized
S2,S2d,uC-Li5.5PS4.5Cl1.5,uC,fab 486.73 MPa,stack_pressure,68.04,MPa,sigma_ion,3.99613e-03,S/cm,26,63,ok,digitized
S2,S2d,uC-Li5.5PS4.5Cl1.5,uC,fab 486.73 MPa,stack_pressure,77.67,MPa,sigma_ion,4.11450e-03,S/cm,43,65,neighbor_overlap,digitized
S2,S2d,uC-Li5.5PS4.5Cl1.5,uC,fab 486.73 MPa,stack_pressure,87.55,MPa,sigma_ion,4.21089e-03,S/cm,56,62,neighbor_overlap,digitized
S2,S2d,uC-Li5.5PS4.5Cl1.5,uC,fab 486.73 MPa,stack_pressure,97.25,MPa,sigma_ion,4.28818e-03,S/cm,28,64,ok,digitized
S2,S2d,uC-Li5.5PS4.5Cl1.5,uC,fab 486.73 MPa,stack_pressure,145.88,MPa,sigma_ion,4.59512e-03,S/cm,0,60,ok,digitized
S2,S2d,uC-Li5.5PS4.5Cl1.5,uC,fab 486.73 MPa,stack_pressure,194.49,MPa,sigma_ion,4.67647e-03,S/cm,0,62,ok,digitized
S2,S2d,uC-Li5.5PS4.5Cl1.5,uC,fab 486.73 MPa,stack_pressure,243.25,MPa,sigma_ion,4.64669e-03,S/cm,0,64,ok,digitized
S2,S2d,uC-Li5.5PS4.5Cl1.5,uC,fab 486.73 MPa,stack_pressure,291.93,MPa,sigma_ion,4.54516e-03,S/cm,0,64,ok,digitized
S2,S2d,uC-Li5.5PS4.5Cl1.5,uC,fab 486.73 MPa,stack_pressure,389.22,MPa,sigma_ion,4.24982e-03,S/cm,0,62,ok,digitized
S2,S2d,uC-Li5.5PS4.5Cl1.5,uC,fab 486.73 MPa,stack_pressure,486.69,MPa,sigma_ion,3.90845e-03,S/cm,0,64,ok,digitized
S2,S2d,uC-Li5.5PS4.5Cl1.5,uC,fab 97.34 MPa,stack_pressure,28.95,MPa,sigma_ion,2.41479e-03,S/cm,0,65,ok,digitized
S2,S2d,uC-Li5.5PS4.5Cl1.5,uC,fab 97.34 MPa,stack_pressure,38.76,MPa,sigma_ion,2.61265e-03,S/cm,13,62,ok,digitized
S2,S2d,uC-Li5.5PS4.5Cl1.5,uC,fab 97.34 MPa,stack_pressure,48.66,MPa,sigma_ion,2.74041e-03,S/cm,47,62,neighbor_overlap,digitized
S2,S2d,uC-Li5.5PS4.5Cl1.5,uC,fab 97.34 MPa,stack_pressure,58.34,MPa,sigma_ion,2.81707e-03,S/cm,69,64,neighbor_overlap,digitized
S2,S2d,uC-Li5.5PS4.5Cl1.5,uC,fab 97.34 MPa,stack_pressure,67.99,MPa,sigma_ion,2.86926e-03,S/cm,69,66,neighbor_overlap,digitized
S2,S2d,uC-Li5.5PS4.5Cl1.5,uC,fab 97.34 MPa,stack_pressure,77.77,MPa,sigma_ion,2.91829e-03,S/cm,68,62,neighbor_overlap,digitized
S2,S2d,uC-Li5.5PS4.5Cl1.5,uC,fab 97.34 MPa,stack_pressure,87.56,MPa,sigma_ion,2.99193e-03,S/cm,60,60,neighbor_overlap,digitized
S2,S2d,uC-Li5.5PS4.5Cl1.5,uC,fab 97.34 MPa,stack_pressure,97.26,MPa,sigma_ion,3.08377e-03,S/cm,23,60,ok,digitized
S3,S3,AM-80Li2S-20P2S5,,darkred circle,fabrication_pressure,97.34,MPa,density,1.3157,g/cm3,,95,ok,digitized
S3,S3,AM-80Li2S-20P2S5,,darkred circle,fabrication_pressure,389.30,MPa,density,1.6664,g/cm3,,96,ok,digitized
S3,S3,AM-80Li2S-20P2S5,,darkred circle,fabrication_pressure,486.73,MPa,density,1.7959,g/cm3,,97,ok,digitized
S3,S3,uC-LGPS,,darkred square,fabrication_pressure,389.30,MPa,density,1.7253,g/cm3,,99,ok,digitized
S3,S3,uC-LGPS,,darkred square,fabrication_pressure,486.73,MPa,density,1.7491,g/cm3,,90,ok,digitized
S3,S3,darkred (unassigned),,darkred unassigned,fabrication_pressure,97.34,MPa,density,1.4308,g/cm3,,88,overlap_not_separable,digitized
S3,S3,darkred (unassigned),,darkred unassigned,fabrication_pressure,194.69,MPa,density,1.5055,g/cm3,,106,overlap_not_separable,digitized
S3,S3,darkred (unassigned),,darkred unassigned,fabrication_pressure,292.03,MPa,density,1.6063,g/cm3,,107,overlap_not_separable,digitized
S3,S3,GC-Li6PS5Cl,,green circle,fabrication_pressure,97.34,MPa,density,1.3491,g/cm3,,82,ok,digitized
S3,S3,GC-Li6PS5Cl,,green circle,fabrication_pressure,194.69,MPa,density,1.3656,g/cm3,,91,ok,digitized
S3,S3,GC-Li6PS5Cl,,green circle,fabrication_pressure,292.03,MPa,density,1.4595,g/cm3,,94,ok,digitized
S3,S3,GC-Li6PS5Cl,,green circle,fabrication_pressure,389.30,MPa,density,1.4976,g/cm3,,91,ok,digitized
S3,S3,GC-Li6PS5Cl,,green circle,fabrication_pressure,486.73,MPa,density,1.4737,g/cm3,,92,ok,digitized
S3,S3,uC-Li6PS5Cl,,green square,fabrication_pressure,194.69,MPa,density,1.4718,g/cm3,,80,ok,digitized
S3,S3,uC-Li6PS5Cl,,green square,fabrication_pressure,292.03,MPa,density,1.5425,g/cm3,,81,ok,digitized
S3,S3,uC-Li6PS5Br,,orange square,fabrication_pressure,194.69,MPa,density,1.6784,g/cm3,,100,ok,digitized
S3,S3,uC-Li6PS5Br,,orange square,fabrication_pressure,389.30,MPa,density,1.8234,g/cm3,,100,ok,digitized
S3,S3,uC-Li6PS5Br,,orange square,fabrication_pressure,486.73,MPa,density,1.9792,g/cm3,,100,ok,digitized
S3,S3,orange (unassigned),,orange unassigned,fabrication_pressure,97.34,MPa,density,1.4895,g/cm3,,118,overlap_not_separable,digitized
S3,S3,orange (unassigned),,orange unassigned,fabrication_pressure,194.69,MPa,density,1.5631,g/cm3,,34,overlap_not_separable,digitized
S3,S3,orange (unassigned),,orange unassigned,fabrication_pressure,292.03,MPa,density,1.7357,g/cm3,,102,overlap_not_separable,digitized
S3,S3,orange (unassigned),,orange unassigned,fabrication_pressure,486.73,MPa,density,1.8258,g/cm3,,66,overlap_not_separable,digitized
S3,S3,uC-Li5.5PS4.5Cl1.5,,purple square,fabrication_pressure,194.69,MPa,density,1.5878,g/cm3,,100,ok,digitized
S3,S3,uC-Li5.5PS4.5Cl1.5,,purple square,fabrication_pressure,389.30,MPa,density,1.6294,g/cm3,,90,ok,digitized
S3,S3,uC-Li5.5PS4.5Cl1.5,,purple square,fabrication_pressure,486.73,MPa,density,1.6584,g/cm3,,90,ok,digitized
S3,S3,purple (unassigned),,purple unassigned,fabrication_pressure,97.34,MPa,density,1.4535,g/cm3,,39,overlap_not_separable,digitized
S3,S3,purple (unassigned),,purple unassigned,fabrication_pressure,292.03,MPa,density,1.6358,g/cm3,,49,overlap_not_separable,digitized
S4,S4a,uC-Li6PS5Br after pellet annealing (550 C),,green,fabrication_pressure,194.71,MPa,sigma_ion,2.67954e-03,S/cm,,69,ok,digitized
S4,S4a,uC-Li6PS5Br after pellet annealing (550 C),,green,fabrication_pressure,386.69,MPa,sigma_ion,2.44731e-03,S/cm,,74,ok,digitized
S4,S4a,GC-Li6PS5Br (legend 'BMO'),,navy,fabrication_pressure,97.24,MPa,sigma_ion,1.45401e-04,S/cm,,76,ok,digitized
S4,S4a,GC-Li6PS5Br (legend 'BMO'),,navy,fabrication_pressure,194.71,MPa,sigma_ion,5.59798e-04,S/cm,,69,ok,digitized
S4,S4a,GC-Li6PS5Br (legend 'BMO'),,navy,fabrication_pressure,291.84,MPa,sigma_ion,5.12081e-04,S/cm,,74,ok,digitized
S4,S4a,GC-Li6PS5Br (legend 'BMO'),,navy,fabrication_pressure,386.72,MPa,sigma_ion,6.54041e-04,S/cm,,75,ok,digitized
S4,S4a,uC-Li6PS5Br before pellet annealing,,orange,fabrication_pressure,97.26,MPa,sigma_ion,6.28259e-04,S/cm,,76,ok,digitized
S4,S4a,uC-Li6PS5Br before pellet annealing,,orange,fabrication_pressure,194.71,MPa,sigma_ion,4.13478e-04,S/cm,,76,ok,digitized
S4,S4a,uC-Li6PS5Br before pellet annealing,,orange,fabrication_pressure,291.89,MPa,sigma_ion,7.33357e-04,S/cm,,78,ok,digitized
S4,S4a,uC-Li6PS5Br before pellet annealing,,orange,fabrication_pressure,386.69,MPa,sigma_ion,5.29451e-04,S/cm,,76,ok,digitized
S4,S4b,uC-Li6PS5Br after pellet annealing (550 C),,green,fabrication_pressure,194.67,MPa,Ea,0.2851,eV,,73,ok,digitized
S4,S4b,uC-Li6PS5Br after pellet annealing (550 C),,green,fabrication_pressure,386.65,MPa,Ea,0.3100,eV,,72,ok,digitized
S4,S4b,GC-Li6PS5Br (legend 'BMO'),,navy,fabrication_pressure,97.24,MPa,Ea,0.3390,eV,,76,ok,digitized
S4,S4b,GC-Li6PS5Br (legend 'BMO'),,navy,fabrication_pressure,194.62,MPa,Ea,0.3541,eV,,75,ok,digitized
S4,S4b,GC-Li6PS5Br (legend 'BMO'),,navy,fabrication_pressure,291.92,MPa,Ea,0.3430,eV,,69,ok,digitized
S4,S4b,GC-Li6PS5Br (legend 'BMO'),,navy,fabrication_pressure,386.64,MPa,Ea,0.3500,eV,,74,ok,digitized
S4,S4b,uC-Li6PS5Br before pellet annealing,,orange,fabrication_pressure,97.26,MPa,Ea,0.3291,eV,,78,ok,digitized
S4,S4b,uC-Li6PS5Br before pellet annealing,,orange,fabrication_pressure,194.54,MPa,Ea,0.3401,eV,,76,ok,digitized
S4,S4b,uC-Li6PS5Br before pellet annealing,,orange,fabrication_pressure,291.82,MPa,Ea,0.3200,eV,,72,ok,digitized
S4,S4b,uC-Li6PS5Br before pellet annealing,,orange,fabrication_pressure,386.64,MPa,Ea,0.3170,eV,,77,ok,digitized
S5,S5,"GC-Li6PS5Br, -80 C",GC,fab 389.30 MPa,Z_real_semicircle_end,8.9940e+05,Ohm cm2,minus_Z_imag,1.49242e+05,Ohm cm2,,265,cluster_centroid,digitized
S5,S5,"GC-Li6PS5Br, -80 C",GC,fab 97.34 MPa,Z_real_semicircle_end,3.9375e+06,Ohm cm2,minus_Z_imag,1.99565e+05,Ohm cm2,,402,cluster_centroid,digitized
