nohup: ignoring input
WARNING:root:If 'dataset_list' is provided in the config, the code assumes that each dataset maps to itself. Please use 'dataset_mapping' as 'dataset_list' is deprecated and will be removed in the future.
      Step     Time          Energy          fmax
FIRE:    0 13:55:26     -863.552543        0.116553
FIRE:    1 13:55:26     -863.560720        0.096485
FIRE:    2 13:55:26     -863.571518        0.059488
FIRE:    3 13:55:26     -863.577682        0.016041
[prep] H0_host: fmax 0.0160 (target 0.02) · steps 3 · converged True · 0.0 min
WARNING:root:If 'dataset_list' is provided in the config, the code assumes that each dataset maps to itself. Please use 'dataset_mapping' as 'dataset_list' is deprecated and will be removed in the future.
      Step     Time          Energy          fmax
FIRE:    0 13:55:36     -844.884448        4.899540
FIRE:    1 13:55:36     -846.350342        5.091041
FIRE:    2 13:55:36     -848.613292        5.019842
FIRE:    3 13:55:36     -850.551863        3.727747
FIRE:    4 13:55:36     -851.641770        2.724465
FIRE:    5 13:55:36     -851.381867        9.127158
FIRE:    6 13:55:36     -851.957727        5.966906
FIRE:    7 13:55:36     -852.495932        2.133677
FIRE:    8 13:55:37     -852.695986        1.904260
FIRE:    9 13:55:37     -852.718652        2.982452
FIRE:   10 13:55:37     -852.745335        2.918684
FIRE:   11 13:55:37     -852.796853        2.788336
FIRE:   12 13:55:37     -852.869638        2.586278
FIRE:   13 13:55:37     -852.958474        2.306783
FIRE:   14 13:55:37     -853.056947        1.946890
FIRE:   15 13:55:37     -853.158185        1.513799
FIRE:   16 13:55:38     -853.256272        1.243155
FIRE:   17 13:55:38     -853.357395        1.264098
FIRE:   18 13:55:38     -853.462694        1.387184
FIRE:   19 13:55:38     -853.583971        1.961895
FIRE:   20 13:55:38     -853.743411        2.202768
FIRE:   21 13:55:38     -853.959943        1.943371
FIRE:   22 13:55:38     -854.227745        1.246863
FIRE:   23 13:55:38     -854.511435        1.252431
FIRE:   24 13:55:39     -854.779888        1.188037
FIRE:   25 13:55:39     -855.042273        1.310114
FIRE:   26 13:55:39     -855.318905        1.151644
FIRE:   27 13:55:39     -855.581565        0.724510
FIRE:   28 13:55:39     -855.779553        1.127819
FIRE:   29 13:55:39     -855.988670        1.104631
FIRE:   30 13:55:39     -856.242266        0.816043
FIRE:   31 13:55:39     -856.455255        0.966413
FIRE:   32 13:55:39     -856.674191        0.711891
FIRE:   33 13:55:40     -856.835853        0.752363
FIRE:   34 13:55:40     -856.940797        0.978472
FIRE:   35 13:55:40     -857.052432        0.598994
FIRE:   36 13:55:40     -857.173564        0.786393
FIRE:   37 13:55:40     -857.346535        0.551137
FIRE:   38 13:55:40     -857.502672        0.794029
FIRE:   39 13:55:40     -857.645492        0.497673
FIRE:   40 13:55:40     -857.757893        0.555025
FIRE:   41 13:55:41     -857.872380        0.611085
FIRE:   42 13:55:41     -858.010546        0.432889
FIRE:   43 13:55:41     -858.140820        0.628231
FIRE:   44 13:55:41     -858.263271        0.506655
FIRE:   45 13:55:41     -858.384708        0.305679
FIRE:   46 13:55:41     -858.506813        0.468585
FIRE:   47 13:55:41     -858.625240        0.426186
FIRE:   48 13:55:41     -858.734573        0.420757
FIRE:   49 13:55:42     -858.841510        0.340630
FIRE:   50 13:55:42     -858.954910        0.413458
FIRE:   51 13:55:42     -859.073986        0.464508
FIRE:   52 13:55:42     -859.189392        0.360243
FIRE:   53 13:55:42     -859.302412        0.317694
FIRE:   54 13:55:42     -859.418775        0.467840
FIRE:   55 13:55:42     -859.532114        0.483603
FIRE:   56 13:55:42     -859.640669        0.471238
FIRE:   57 13:55:42     -859.746984        0.266760
FIRE:   58 13:55:43     -859.851887        0.260719
FIRE:   59 13:55:43     -859.954367        0.251256
FIRE:   60 13:55:43     -860.056742        0.306369
FIRE:   61 13:55:43     -860.162492        0.172822
FIRE:   62 13:55:43     -860.268763        0.178426
FIRE:   63 13:55:43     -860.371554        0.251868
FIRE:   64 13:55:43     -860.470744        0.183041
FIRE:   65 13:55:43     -860.567116        0.189799
FIRE:   66 13:55:43     -860.661928        0.223573
FIRE:   67 13:55:44     -860.754477        0.186903
FIRE:   68 13:55:44     -860.840648        0.172498
FIRE:   69 13:55:44     -860.918775        0.193647
FIRE:   70 13:55:44     -860.988738        0.156225
FIRE:   71 13:55:44     -861.050660        0.209200
FIRE:   72 13:55:44     -861.108253        0.287594
FIRE:   73 13:55:44     -861.166673        0.332978
FIRE:   74 13:55:44     -861.232016        0.329628
FIRE:   75 13:55:44     -861.309013        0.283312
FIRE:   76 13:55:44     -861.394896        0.271426
FIRE:   77 13:55:45     -861.484626        0.267886
FIRE:   78 13:55:45     -861.572055        0.246953
FIRE:   79 13:55:45     -861.653184        0.205329
FIRE:   80 13:55:45     -861.726642        0.208032
FIRE:   81 13:55:45     -861.791819        0.235286
FIRE:   82 13:55:45     -861.851776        0.255726
FIRE:   83 13:55:45     -861.910805        0.289351
FIRE:   84 13:55:45     -861.973726        0.295667
FIRE:   85 13:55:45     -862.041167        0.308931
FIRE:   86 13:55:46     -862.108180        0.266592
FIRE:   87 13:55:46     -862.168575        0.193205
FIRE:   88 13:55:46     -862.218027        0.203273
FIRE:   89 13:55:46     -862.257804        0.270935
FIRE:   90 13:55:46     -862.292888        0.391849
FIRE:   91 13:55:46     -862.331304        0.448883
FIRE:   92 13:55:46     -862.378055        0.411991
FIRE:   93 13:55:46     -862.431531        0.304985
FIRE:   94 13:55:46     -862.486901        0.268553
FIRE:   95 13:55:47     -862.540054        0.268911
FIRE:   96 13:55:47     -862.589595        0.281562
FIRE:   97 13:55:47     -862.634371        0.240217
FIRE:   98 13:55:47     -862.674718        0.260725
FIRE:   99 13:55:47     -862.710818        0.276692
FIRE:  100 13:55:47     -862.741773        0.257686
FIRE:  101 13:55:47     -862.765292        0.247827
FIRE:  102 13:55:47     -862.779384        0.220825
FIRE:  103 13:55:47     -862.865984        1.413974
FIRE:  104 13:55:48     -862.545487        6.980682
FIRE:  105 13:55:48     -862.792860        2.715133
FIRE:  106 13:55:48     -862.839379        2.204940
FIRE:  107 13:55:48     -862.897894        1.114320
FIRE:  108 13:55:48     -862.913752        0.566846
FIRE:  109 13:55:48     -862.914454        0.522397
FIRE:  110 13:55:48     -862.915713        0.437828
FIRE:  111 13:55:48     -862.917241        0.321273
FIRE:  112 13:55:48     -862.918767        0.184241
FIRE:  113 13:55:49     -862.920097        0.091431
FIRE:  114 13:55:49     -862.921203        0.093589
FIRE:  115 13:55:49     -862.922233        0.196135
FIRE:  116 13:55:49     -862.923519        0.270729
FIRE:  117 13:55:49     -862.925370        0.300408
FIRE:  118 13:55:49     -862.927996        0.272863
FIRE:  119 13:55:49     -862.931357        0.181585
FIRE:  120 13:55:49     -862.935110        0.078346
FIRE:  121 13:55:49     -862.939018        0.152430
FIRE:  122 13:55:50     -862.943547        0.232064
FIRE:  123 13:55:50     -862.949457        0.191984
FIRE:  124 13:55:50     -862.956457        0.071204
FIRE:  125 13:55:50     -862.963768        0.183095
FIRE:  126 13:55:50     -862.972413        0.181749
FIRE:  127 13:55:50     -862.982447        0.075196
FIRE:  128 13:55:50     -862.992912        0.198690
FIRE:  129 13:55:50     -863.005166        0.073798
FIRE:  130 13:55:50     -863.017754        0.188919
FIRE:  131 13:55:51     -863.031817        0.120506
FIRE:  132 13:55:51     -863.046908        0.074754
FIRE:  133 13:55:51     -863.063040        0.156554
FIRE:  134 13:55:51     -863.079024        0.419979
FIRE:  135 13:55:51     -863.090498        0.820838
FIRE:  136 13:55:51     -863.099287        0.179526
FIRE:  137 13:55:51     -863.095932        0.675757
FIRE:  138 13:55:51     -863.098039        0.522866
FIRE:  139 13:55:51     -863.100561        0.259359
FIRE:  140 13:55:52     -863.101705        0.091999
FIRE:  141 13:55:52     -863.101334        0.291089
FIRE:  142 13:55:52     -863.101463        0.276322
FIRE:  143 13:55:52     -863.101723        0.247506
FIRE:  144 13:55:52     -863.102049        0.205938
FIRE:  145 13:55:52     -863.102409        0.153794
FIRE:  146 13:55:52     -863.102752        0.094099
FIRE:  147 13:55:52     -863.103052        0.092009
FIRE:  148 13:55:53     -863.103314        0.092046
FIRE:  149 13:55:53     -863.103565        0.092083
FIRE:  150 13:55:53     -863.103853        0.131814
FIRE:  151 13:55:53     -863.104256        0.156436
FIRE:  152 13:55:53     -863.104854        0.153097
FIRE:  153 13:55:53     -863.105688        0.117056
FIRE:  154 13:55:53     -863.106667        0.092035
FIRE:  155 13:55:53     -863.107744        0.091962
FIRE:  156 13:55:54     -863.108929        0.100735
FIRE:  157 13:55:54     -863.110439        0.118842
FIRE:  158 13:55:54     -863.112401        0.091751
FIRE:  159 13:55:54     -863.114688        0.091659
FIRE:  160 13:55:54     -863.117267        0.105965
FIRE:  161 13:55:54     -863.120539        0.091028
FIRE:  162 13:55:54     -863.124359        0.090305
FIRE:  163 13:55:54     -863.128829        0.089971
FIRE:  164 13:55:55     -863.134234        0.087713
FIRE:  165 13:55:55     -863.140513        0.085177
FIRE:  166 13:55:55     -863.147880        0.101988
FIRE:  167 13:55:55     -863.156631        0.075288
FIRE:  168 13:55:55     -863.166806        0.066504
FIRE:  169 13:55:55     -863.178671        0.072535
FIRE:  170 13:55:55     -863.191825        0.238751
FIRE:  171 13:55:55     -863.199762        0.793939
FIRE:  172 13:55:56     -863.208225        0.091493
FIRE:  173 13:55:56     -863.202370        0.797592
FIRE:  174 13:55:56     -863.205846        0.568046
FIRE:  175 13:55:56     -863.209262        0.190615
FIRE:  176 13:55:56     -863.209511        0.211269
FIRE:  177 13:55:56     -863.209611        0.197745
FIRE:  178 13:55:56     -863.209789        0.171430
FIRE:  179 13:55:56     -863.210007        0.134128
FIRE:  180 13:55:57     -863.210240        0.093243
FIRE:  181 13:55:57     -863.210463        0.093413
FIRE:  182 13:55:57     -863.210659        0.093613
FIRE:  183 13:55:57     -863.210837        0.093837
FIRE:  184 13:55:57     -863.211042        0.094105
FIRE:  185 13:55:57     -863.211318        0.113711
FIRE:  186 13:55:57     -863.211736        0.113549
FIRE:  187 13:55:57     -863.212281        0.095198
FIRE:  188 13:55:57     -863.212967        0.095700
FIRE:  189 13:55:58     -863.213736        0.096323
FIRE:  190 13:55:58     -863.214603        0.097121
FIRE:  191 13:55:58     -863.215728        0.098145
FIRE:  192 13:55:58     -863.217184        0.099444
FIRE:  193 13:55:58     -863.218920        0.101064
FIRE:  194 13:55:58     -863.220961        0.103025
FIRE:  195 13:55:58     -863.223579        0.105319
FIRE:  196 13:55:58     -863.226738        0.108067
FIRE:  197 13:55:58     -863.230617        0.111464
FIRE:  198 13:55:59     -863.235435        0.115603
FIRE:  199 13:55:59     -863.241364        0.120319
FIRE:  200 13:55:59     -863.248686        0.125451
FIRE:  201 13:55:59     -863.257858        0.130944
FIRE:  202 13:55:59     -863.269248        0.135536
FIRE:  203 13:55:59     -863.283372        0.137736
FIRE:  204 13:55:59     -863.300583        0.134104
FIRE:  205 13:55:59     -863.319493        0.318001
FIRE:  206 13:55:59     -863.315871        1.296539
FIRE:  207 13:56:00     -863.341981        0.275696
FIRE:  208 13:56:00     -863.342707        0.182953
FIRE:  209 13:56:00     -863.343481        0.098287
FIRE:  210 13:56:00     -863.343839        0.114175
FIRE:  211 13:56:00     -863.344196        0.193428
FIRE:  212 13:56:00     -863.345058        0.185648
FIRE:  213 13:56:00     -863.346345        0.100525
FIRE:  214 13:56:01     -863.347569        0.096263
FIRE:  215 13:56:01     -863.348698        0.136786
FIRE:  216 13:56:01     -863.350332        0.147160
FIRE:  217 13:56:01     -863.352660        0.094988
FIRE:  218 13:56:01     -863.355038        0.117620
FIRE:  219 13:56:01     -863.358118        0.113221
FIRE:  220 13:56:01     -863.362030        0.093755
FIRE:  221 13:56:01     -863.366556        0.113915
FIRE:  222 13:56:01     -863.372298        0.100472
FIRE:  223 13:56:02     -863.379404        0.088477
FIRE:  224 13:56:02     -863.387887        0.146270
FIRE:  225 13:56:02     -863.398205        0.244835
FIRE:  226 13:56:02     -863.410231        0.421968
FIRE:  227 13:56:02     -863.418908        0.860119
FIRE:  228 13:56:02     -863.429591        0.143910
FIRE:  229 13:56:02     -863.423123        0.839478
FIRE:  230 13:56:02     -863.426977        0.613922
FIRE:  231 13:56:03     -863.431037        0.238965
FIRE:  232 13:56:03     -863.431919        0.169164
FIRE:  233 13:56:03     -863.432012        0.158963
FIRE:  234 13:56:03     -863.432170        0.147571
FIRE:  235 13:56:03     -863.432385        0.147710
FIRE:  236 13:56:03     -863.432641        0.147898
FIRE:  237 13:56:03     -863.432918        0.148143
FIRE:  238 13:56:03     -863.433194        0.148447
FIRE:  239 13:56:03     -863.433497        0.148812
FIRE:  240 13:56:04     -863.433855        0.149289
FIRE:  241 13:56:04     -863.434318        0.149901
FIRE:  242 13:56:04     -863.434937        0.150674
FIRE:  243 13:56:04     -863.435722        0.151640
FIRE:  244 13:56:04     -863.436738        0.152840
FIRE:  245 13:56:04     -863.437956        0.154319
FIRE:  246 13:56:04     -863.439413        0.156121
FIRE:  247 13:56:04     -863.441246        0.158278
FIRE:  248 13:56:05     -863.443591        0.160832
FIRE:  249 13:56:05     -863.446495        0.163854
FIRE:  250 13:56:05     -863.450063        0.167439
FIRE:  251 13:56:05     -863.454578        0.171632
FIRE:  252 13:56:05     -863.460259        0.176376
FIRE:  253 13:56:05     -863.467356        0.181405
FIRE:  254 13:56:05     -863.476413        0.186159
FIRE:  255 13:56:05     -863.487761        0.189736
FIRE:  256 13:56:05     -863.502121        0.190261
FIRE:  257 13:56:06     -863.520074        0.184008
FIRE:  258 13:56:06     -863.541969        0.165268
FIRE:  259 13:56:06     -863.567446        0.153882
FIRE:  260 13:56:06     -863.593709        0.437462
FIRE:  261 13:56:06     -863.606620        1.154544
FIRE:  262 13:56:06     -863.626199        0.174127
FIRE:  263 13:56:06     -863.614411        1.181924
FIRE:  264 13:56:06     -863.622010        0.842148
FIRE:  265 13:56:07     -863.629609        0.293107
FIRE:  266 13:56:07     -863.630702        0.279474
FIRE:  267 13:56:07     -863.630896        0.262366
FIRE:  268 13:56:07     -863.631266        0.229095
FIRE:  269 13:56:07     -863.631738        0.181718
FIRE:  270 13:56:07     -863.632281        0.174020
FIRE:  271 13:56:07     -863.632821        0.174058
FIRE:  272 13:56:07     -863.633347        0.174100
FIRE:  273 13:56:07     -863.633861        0.174146
FIRE:  274 13:56:08     -863.634478        0.174199
FIRE:  275 13:56:08     -863.635258        0.174258
FIRE:  276 13:56:08     -863.636319        0.174321
FIRE:  277 13:56:08     -863.637709        0.174396
FIRE:  278 13:56:08     -863.639416        0.174486
FIRE:  279 13:56:08     -863.641371        0.174601
FIRE:  280 13:56:08     -863.643605        0.174761
FIRE:  281 13:56:08     -863.646341        0.174982
FIRE:  282 13:56:08     -863.649810        0.175273
FIRE:  283 13:56:08     -863.653888        0.175624
FIRE:  284 13:56:09     -863.658638        0.175987
FIRE:  285 13:56:09     -863.664532        0.176238
FIRE:  286 13:56:09     -863.671603        0.176212
FIRE:  287 13:56:09     -863.680069        0.175612
FIRE:  288 13:56:09     -863.690403        0.173808
FIRE:  289 13:56:09     -863.702732        0.169565
FIRE:  290 13:56:09     -863.717338        0.160925
FIRE:  291 13:56:09     -863.734378        0.145220
FIRE:  292 13:56:09     -863.753405        0.118877
FIRE:  293 13:56:10     -863.773680        0.084996
FIRE:  294 13:56:10     -863.794178        0.090038
FIRE:  295 13:56:10     -863.813946        0.218751
FIRE:  296 13:56:10     -863.817805        1.032747
FIRE:  297 13:56:10     -863.835841        0.269881
FIRE:  298 13:56:10     -863.836696        0.192757
FIRE:  299 13:56:10     -863.837756        0.102588
FIRE:  300 13:56:10     -863.838491        0.101472
FIRE:  301 13:56:10     -863.839133        0.182486
FIRE:  302 13:56:11     -863.840300        0.195475
FIRE:  303 13:56:11     -863.842011        0.126393
FIRE:  304 13:56:11     -863.843736        0.102269
FIRE:  305 13:56:11     -863.845354        0.115568
FIRE:  306 13:56:11     -863.847330        0.158510
FIRE:  307 13:56:11     -863.850089        0.103359
FIRE:  308 13:56:11     -863.852944        0.103695
FIRE:  309 13:56:11     -863.856172        0.136514
FIRE:  310 13:56:11     -863.860364        0.104881
FIRE:  311 13:56:12     -863.864823        0.136834
FIRE:  312 13:56:12     -863.870617        0.105481
FIRE:  313 13:56:12     -863.877209        0.117959
FIRE:  314 13:56:12     -863.885062        0.158824
FIRE:  315 13:56:12     -863.894514        0.120348
FIRE:  316 13:56:12     -863.905046        0.159901
FIRE:  317 13:56:12     -863.914303        0.424404
FIRE:  318 13:56:12     -863.903868        1.354584
FIRE:  319 13:56:12     -863.929204        0.297884
FIRE:  320 13:56:13     -863.929819        0.215517
FIRE:  321 13:56:13     -863.930510        0.071440
FIRE:  322 13:56:13     -863.930756        0.090970
FIRE:  323 13:56:13     -863.930796        0.084557
FIRE:  324 13:56:13     -863.930858        0.072300
FIRE:  325 13:56:13     -863.930941        0.060811
FIRE:  326 13:56:13     -863.931055        0.060751
FIRE:  327 13:56:13     -863.931170        0.060677
FIRE:  328 13:56:13     -863.931304        0.060591
FIRE:  329 13:56:14     -863.931447        0.060488
FIRE:  330 13:56:14     -863.931631        0.060359
FIRE:  331 13:56:14     -863.931857        0.060200
FIRE:  332 13:56:14     -863.932156        0.060002
FIRE:  333 13:56:14     -863.932535        0.059756
FIRE:  334 13:56:14     -863.932995        0.059451
FIRE:  335 13:56:14     -863.933548        0.059070
FIRE:  336 13:56:14     -863.934214        0.058591
FIRE:  337 13:56:15     -863.935031        0.057992
FIRE:  338 13:56:15     -863.936032        0.057240
FIRE:  339 13:56:15     -863.937212        0.056293
FIRE:  340 13:56:15     -863.938645        0.055111
FIRE:  341 13:56:15     -863.940362        0.053634
FIRE:  342 13:56:15     -863.942385        0.051765
FIRE:  343 13:56:15     -863.944810        0.049411
FIRE:  344 13:56:15     -863.947639        0.046478
FIRE:  345 13:56:15     -863.950963        0.042912
FIRE:  346 13:56:15     -863.954832        0.039315
FIRE:  347 13:56:16     -863.959267        0.038171
FIRE:  348 13:56:16     -863.964268        0.074064
FIRE:  349 13:56:16     -863.969321        0.224106
FIRE:  350 13:56:16     -863.971390        0.631534
FIRE:  351 13:56:16     -863.975986        0.033859
FIRE:  352 13:56:16     -863.976014        0.033862
FIRE:  353 13:56:16     -863.976084        0.033871
FIRE:  354 13:56:16     -863.976185        0.033889
FIRE:  355 13:56:16     -863.976319        0.033917
FIRE:  356 13:56:17     -863.976486        0.033961
FIRE:  357 13:56:17     -863.976669        0.034022
FIRE:  358 13:56:17     -863.976903        0.034098
FIRE:  359 13:56:17     -863.977188        0.034197
FIRE:  360 13:56:17     -863.977540        0.034318
FIRE:  361 13:56:17     -863.977987        0.034464
FIRE:  362 13:56:17     -863.978549        0.034639
FIRE:  363 13:56:17     -863.979230        0.034864
FIRE:  364 13:56:18     -863.980074        0.035168
FIRE:  365 13:56:18     -863.981109        0.035565
FIRE:  366 13:56:18     -863.982373        0.036046
FIRE:  367 13:56:18     -863.983908        0.036639
FIRE:  368 13:56:18     -863.985773        0.037417
FIRE:  369 13:56:18     -863.988018        0.038371
FIRE:  370 13:56:18     -863.990746        0.039515
FIRE:  371 13:56:18     -863.994028        0.040983
FIRE:  372 13:56:19     -863.997860        0.096412
FIRE:  373 13:56:19     -864.000742        0.374648
FIRE:  374 13:56:19     -863.984611        1.453541
FIRE:  375 13:56:19     -864.004275        0.532733
FIRE:  376 13:56:19     -864.006174        0.371985
FIRE:  377 13:56:19     -864.007869        0.090024
FIRE:  378 13:56:19     -864.007509        0.228365
FIRE:  379 13:56:19     -864.007606        0.209492
FIRE:  380 13:56:20     -864.007783        0.173426
FIRE:  381 13:56:20     -864.007990        0.123541
FIRE:  382 13:56:20     -864.008151        0.064355
FIRE:  383 13:56:20     -864.008248        0.045695
FIRE:  384 13:56:20     -864.008286        0.053956
FIRE:  385 13:56:20     -864.008282        0.052890
FIRE:  386 13:56:20     -864.008289        0.050774
FIRE:  387 13:56:20     -864.008302        0.047622
FIRE:  388 13:56:21     -864.008309        0.045805
FIRE:  389 13:56:21     -864.008332        0.045800
FIRE:  390 13:56:21     -864.008342        0.045795
FIRE:  391 13:56:21     -864.008373        0.045789
FIRE:  392 13:56:21     -864.008384        0.045784
FIRE:  393 13:56:21     -864.008418        0.045777
FIRE:  394 13:56:21     -864.008453        0.045773
FIRE:  395 13:56:21     -864.008488        0.045772
FIRE:  396 13:56:22     -864.008547        0.045774
FIRE:  397 13:56:22     -864.008608        0.045785
FIRE:  398 13:56:22     -864.008677        0.045803
FIRE:  399 13:56:22     -864.008769        0.045835
FIRE:  400 13:56:22     -864.008883        0.045882
FIRE:  401 13:56:22     -864.009034        0.045945
FIRE:  402 13:56:22     -864.009203        0.046021
FIRE:  403 13:56:22     -864.009423        0.046107
FIRE:  404 13:56:22     -864.009673        0.046193
FIRE:  405 13:56:23     -864.009995        0.046275
FIRE:  406 13:56:23     -864.010380        0.046349
FIRE:  407 13:56:23     -864.010848        0.046436
FIRE:  408 13:56:23     -864.011412        0.046553
FIRE:  409 13:56:23     -864.012113        0.046705
FIRE:  410 13:56:23     -864.012959        0.046853
FIRE:  411 13:56:23     -864.013992        0.046929
FIRE:  412 13:56:23     -864.015248        0.046919
FIRE:  413 13:56:23     -864.016772        0.046857
FIRE:  414 13:56:24     -864.018617        0.046608
FIRE:  415 13:56:24     -864.020862        0.045913
FIRE:  416 13:56:24     -864.023572        0.044795
FIRE:  417 13:56:24     -864.026801        0.052278
FIRE:  418 13:56:24     -864.030393        0.153442
FIRE:  419 13:56:24     -864.032479        0.480059
FIRE:  420 13:56:24     -864.035159        0.038341
FIRE:  421 13:56:24     -864.035194        0.033675
FIRE:  422 13:56:24     -864.035261        0.033694
FIRE:  423 13:56:25     -864.035330        0.033747
FIRE:  424 13:56:25     -864.035439        0.033811
FIRE:  425 13:56:25     -864.035570        0.033879
FIRE:  426 13:56:25     -864.035734        0.033951
FIRE:  427 13:56:25     -864.035936        0.034031
FIRE:  428 13:56:25     -864.036172        0.034132
FIRE:  429 13:56:25     -864.036457        0.034268
FIRE:  430 13:56:25     -864.036842        0.034454
FIRE:  431 13:56:25     -864.037316        0.034696
FIRE:  432 13:56:26     -864.037897        0.034986
FIRE:  433 13:56:26     -864.038625        0.035318
FIRE:  434 13:56:26     -864.039524        0.035715
FIRE:  435 13:56:26     -864.040627        0.036231
FIRE:  436 13:56:26     -864.041981        0.036853
FIRE:  437 13:56:26     -864.043641        0.037527
FIRE:  438 13:56:26     -864.045675        0.038352
FIRE:  439 13:56:26     -864.048164        0.039227
FIRE:  440 13:56:26     -864.051183        0.040122
FIRE:  441 13:56:27     -864.054884        0.040874
FIRE:  442 13:56:27     -864.059286        0.061390
FIRE:  443 13:56:27     -864.061521        0.351179
FIRE:  444 13:56:27     -864.064449        0.125791
FIRE:  445 13:56:27     -864.064703        0.081600
FIRE:  446 13:56:27     -864.064940        0.040542
FIRE:  447 13:56:27     -864.064978        0.059685
FIRE:  448 13:56:27     -864.065004        0.054622
FIRE:  449 13:56:27     -864.065039        0.044899
FIRE:  450 13:56:28     -864.065098        0.040507
FIRE:  451 13:56:28     -864.065146        0.040518
FIRE:  452 13:56:28     -864.065200        0.040529
FIRE:  453 13:56:28     -864.065255        0.040539
FIRE:  454 13:56:28     -864.065310        0.040544
FIRE:  455 13:56:28     -864.065399        0.040546
FIRE:  456 13:56:28     -864.065491        0.040539
FIRE:  457 13:56:28     -864.065640        0.040525
FIRE:  458 13:56:29     -864.065806        0.040501
FIRE:  459 13:56:29     -864.066018        0.040472
FIRE:  460 13:56:29     -864.066263        0.040438
FIRE:  461 13:56:29     -864.066569        0.040402
FIRE:  462 13:56:29     -864.066961        0.040363
FIRE:  463 13:56:29     -864.067435        0.040306
FIRE:  464 13:56:29     -864.068007        0.040204
FIRE:  465 13:56:29     -864.068722        0.040028
FIRE:  466 13:56:30     -864.069600        0.039766
FIRE:  467 13:56:30     -864.070671        0.039419
FIRE:  468 13:56:30     -864.071985        0.038924
FIRE:  469 13:56:30     -864.073617        0.039780
FIRE:  470 13:56:30     -864.075589        0.041064
FIRE:  471 13:56:30     -864.078023        0.042643
FIRE:  472 13:56:30     -864.080930        0.061854
FIRE:  473 13:56:30     -864.084219        0.129771
FIRE:  474 13:56:30     -864.086574        0.313662
FIRE:  475 13:56:31     -864.088943        0.049736
FIRE:  476 13:56:31     -864.087451        0.288545
FIRE:  477 13:56:31     -864.088265        0.215346
FIRE:  478 13:56:31     -864.089165        0.089328
FIRE:  479 13:56:31     -864.089381        0.054942
FIRE:  480 13:56:31     -864.089397        0.051635
FIRE:  481 13:56:31     -864.089420        0.050058
FIRE:  482 13:56:31     -864.089464        0.050071
FIRE:  483 13:56:32     -864.089512        0.050088
FIRE:  484 13:56:32     -864.089561        0.050111
FIRE:  485 13:56:32     -864.089616        0.050139
FIRE:  486 13:56:32     -864.089664        0.050171
FIRE:  487 13:56:32     -864.089733        0.050215
FIRE:  488 13:56:32     -864.089811        0.050271
FIRE:  489 13:56:32     -864.089919        0.050342
FIRE:  490 13:56:33     -864.090072        0.050431
FIRE:  491 13:56:33     -864.090252        0.050543
FIRE:  492 13:56:33     -864.090469        0.050682
FIRE:  493 13:56:33     -864.090729        0.050856
FIRE:  494 13:56:33     -864.091052        0.051068
FIRE:  495 13:56:33     -864.091461        0.051329
FIRE:  496 13:56:33     -864.091957        0.051649
FIRE:  497 13:56:33     -864.092556        0.052047
FIRE:  498 13:56:33     -864.093307        0.052543
FIRE:  499 13:56:34     -864.094242        0.053159
FIRE:  500 13:56:34     -864.095365        0.053915
FIRE:  501 13:56:34     -864.096773        0.054834
FIRE:  502 13:56:34     -864.098496        0.055960
FIRE:  503 13:56:34     -864.100629        0.057330
FIRE:  504 13:56:34     -864.103262        0.058958
FIRE:  505 13:56:34     -864.106516        0.060871
FIRE:  506 13:56:34     -864.110555        0.063064
FIRE:  507 13:56:34     -864.115302        0.104440
FIRE:  508 13:56:34     -864.119097        0.315952
FIRE:  509 13:56:35     -864.121726        0.067795
FIRE:  510 13:56:35     -864.120109        0.295118
FIRE:  511 13:56:35     -864.121069        0.217512
FIRE:  512 13:56:35     -864.122090        0.084738
FIRE:  513 13:56:35     -864.122307        0.067893
FIRE:  514 13:56:35     -864.122334        0.067893
FIRE:  515 13:56:35     -864.122374        0.067895
FIRE:  516 13:56:35     -864.122436        0.067898
FIRE:  517 13:56:35     -864.122488        0.067902
FIRE:  518 13:56:36     -864.122568        0.067906
FIRE:  519 13:56:36     -864.122633        0.067914
FIRE:  520 13:56:36     -864.122713        0.067925
FIRE:  521 13:56:36     -864.122794        0.067939
FIRE:  522 13:56:36     -864.122912        0.067957
FIRE:  523 13:56:36     -864.123071        0.067982
FIRE:  524 13:56:36     -864.123271        0.068016
FIRE:  525 13:56:36     -864.123522        0.068059
FIRE:  526 13:56:36     -864.123811        0.068113
FIRE:  527 13:56:37     -864.124170        0.068179
FIRE:  528 13:56:37     -864.124613        0.068259
FIRE:  529 13:56:37     -864.125173        0.068354
FIRE:  530 13:56:37     -864.125848        0.068469
FIRE:  531 13:56:37     -864.126666        0.068614
FIRE:  532 13:56:37     -864.127699        0.068794
FIRE:  533 13:56:37     -864.128951        0.069012
FIRE:  534 13:56:37     -864.130467        0.069257
FIRE:  535 13:56:38     -864.132354        0.069518
FIRE:  536 13:56:38     -864.134649        0.069789
FIRE:  537 13:56:38     -864.137425        0.070038
FIRE:  538 13:56:38     -864.140833        0.070172
FIRE:  539 13:56:38     -864.144957        0.070123
FIRE:  540 13:56:38     -864.149947        0.069709
FIRE:  541 13:56:38     -864.155909        0.068755
FIRE:  542 13:56:38     -864.162474        0.197229
FIRE:  543 13:56:38     -864.161621        0.805158
FIRE:  544 13:56:39     -864.170646        0.167814
FIRE:  545 13:56:39     -864.170916        0.113595
FIRE:  546 13:56:39     -864.171198        0.063702
FIRE:  547 13:56:39     -864.171292        0.066237
FIRE:  548 13:56:39     -864.171320        0.063605
FIRE:  549 13:56:39     -864.171363        0.063586
FIRE:  550 13:56:39     -864.171414        0.063560
FIRE:  551 13:56:39     -864.171480        0.063525
FIRE:  552 13:56:39     -864.171544        0.063480
FIRE:  553 13:56:40     -864.171622        0.063429
FIRE:  554 13:56:40     -864.171698        0.063370
FIRE:  555 13:56:40     -864.171810        0.063297
FIRE:  556 13:56:40     -864.171944        0.063209
FIRE:  557 13:56:40     -864.172122        0.063103
FIRE:  558 13:56:40     -864.172344        0.062975
FIRE:  559 13:56:40     -864.172624        0.062818
FIRE:  560 13:56:40     -864.172945        0.062626
FIRE:  561 13:56:40     -864.173361        0.062392
FIRE:  562 13:56:41     -864.173864        0.062109
FIRE:  563 13:56:41     -864.174487        0.061770
FIRE:  564 13:56:41     -864.175239        0.061369
FIRE:  565 13:56:41     -864.176168        0.060908
FIRE:  566 13:56:41     -864.177294        0.060368
FIRE:  567 13:56:41     -864.178668        0.059730
FIRE:  568 13:56:41     -864.180332        0.058970
FIRE:  569 13:56:41     -864.182347        0.058081
FIRE:  570 13:56:41     -864.184781        0.057021
FIRE:  571 13:56:41     -864.187684        0.055720
FIRE:  572 13:56:42     -864.191154        0.054172
FIRE:  573 13:56:42     -864.195158        0.091344
FIRE:  574 13:56:42     -864.199026        0.259590
FIRE:  575 13:56:42     -864.197726        0.770799
FIRE:  576 13:56:42     -864.205070        0.105860
FIRE:  577 13:56:42     -864.205165        0.077345
FIRE:  578 13:56:42     -864.205289        0.046922
FIRE:  579 13:56:42     -864.205390        0.046866
FIRE:  580 13:56:43     -864.205475        0.066496
FIRE:  581 13:56:43     -864.205618        0.077882
FIRE:  582 13:56:43     -864.205834        0.059481
FIRE:  583 13:56:43     -864.206077        0.046559
FIRE:  584 13:56:43     -864.206340        0.046448
FIRE:  585 13:56:43     -864.206653        0.060134
FIRE:  586 13:56:43     -864.207091        0.046100
FIRE:  587 13:56:43     -864.207620        0.045845
FIRE:  588 13:56:44     -864.208235        0.053875
FIRE:  589 13:56:44     -864.209047        0.045168
FIRE:  590 13:56:44     -864.210005        0.046218
FIRE:  591 13:56:44     -864.211208        0.044171
FIRE:  592 13:56:44     -864.212628        0.060510
FIRE:  593 13:56:44     -864.214420        0.042671
FIRE:  594 13:56:44     -864.216573        0.041997
FIRE:  595 13:56:44     -864.219155        0.067242
FIRE:  596 13:56:45     -864.221967        0.179539
FIRE:  597 13:56:45     -864.223540        0.465157
FIRE:  598 13:56:45     -864.226160        0.052240
FIRE:  599 13:56:45     -864.224487        0.395808
FIRE:  600 13:56:45     -864.225331        0.303793
FIRE:  601 13:56:45     -864.226297        0.138095
FIRE:  602 13:56:45     -864.226569        0.064130
FIRE:  603 13:56:45     -864.226588        0.060145
FIRE:  604 13:56:46     -864.226605        0.052999
FIRE:  605 13:56:46     -864.226638        0.053006
FIRE:  606 13:56:46     -864.226680        0.053015
FIRE:  607 13:56:46     -864.226728        0.053032
FIRE:  608 13:56:46     -864.226769        0.053059
FIRE:  609 13:56:46     -864.226821        0.053100
FIRE:  610 13:56:46     -864.226878        0.053164
FIRE:  611 13:56:46     -864.226957        0.053258
FIRE:  612 13:56:47     -864.227058        0.053389
FIRE:  613 13:56:47     -864.227183        0.053569
FIRE:  614 13:56:47     -864.227347        0.053804
FIRE:  615 13:56:47     -864.227544        0.054101
FIRE:  616 13:56:47     -864.227780        0.054459
FIRE:  617 13:56:47     -864.228071        0.054877
FIRE:  618 13:56:47     -864.228434        0.055355
FIRE:  619 13:56:47     -864.228890        0.055923
FIRE:  620 13:56:47     -864.229437        0.056642
FIRE:  621 13:56:48     -864.230114        0.057581
FIRE:  622 13:56:48     -864.230963        0.058786
FIRE:  623 13:56:48     -864.231995        0.060226
FIRE:  624 13:56:48     -864.233294        0.061912
FIRE:  625 13:56:48     -864.234887        0.064023
FIRE:  626 13:56:48     -864.236891        0.066719
FIRE:  627 13:56:48     -864.239404        0.069847
FIRE:  628 13:56:48     -864.242565        0.073613
FIRE:  629 13:56:48     -864.246570        0.078136
FIRE:  630 13:56:49     -864.251525        0.123160
FIRE:  631 13:56:49     -864.256238        0.396462
FIRE:  632 13:56:49     -864.246045        1.198081
FIRE:  633 13:56:49     -864.265925        0.154035
FIRE:  634 13:56:49     -864.266161        0.106054
FIRE:  635 13:56:49     -864.266453        0.090682
FIRE:  636 13:56:49     -864.266630        0.090581
FIRE:  637 13:56:49     -864.266797        0.105474
FIRE:  638 13:56:49     -864.267122        0.109287
FIRE:  639 13:56:50     -864.267630        0.090838
FIRE:  640 13:56:50     -864.268163        0.091093
FIRE:  641 13:56:50     -864.268685        0.091374
FIRE:  642 13:56:50     -864.269378        0.091579
FIRE:  643 13:56:50     -864.270381        0.091650
FIRE:  644 13:56:50     -864.271517        0.091610
FIRE:  645 13:56:50     -864.272917        0.091610
FIRE:  646 13:56:50     -864.274771        0.091639
FIRE:  647 13:56:50     -864.276919        0.091310
FIRE:  648 13:56:51     -864.279726        0.090164
FIRE:  649 13:56:51     -864.283100        0.088289
FIRE:  650 13:56:51     -864.287169        0.093296
FIRE:  651 13:56:51     -864.292116        0.112816
FIRE:  652 13:56:51     -864.297785        0.168497
FIRE:  653 13:56:51     -864.303014        0.370566
FIRE:  654 13:56:51     -864.298892        1.042719
FIRE:  655 13:56:51     -864.312280        0.181102
FIRE:  656 13:56:51     -864.312524        0.132360
FIRE:  657 13:56:52     -864.312832        0.077886
FIRE:  658 13:56:52     -864.313019        0.078045
FIRE:  659 13:56:52     -864.313164        0.113765
FIRE:  660 13:56:52     -864.313414        0.131707
FIRE:  661 13:56:52     -864.313867        0.099016
FIRE:  662 13:56:52     -864.314379        0.078992
FIRE:  663 13:56:52     -864.314890        0.079352
FIRE:  664 13:56:52     -864.315456        0.104433
FIRE:  665 13:56:53     -864.316320        0.081089
FIRE:  666 13:56:53     -864.317396        0.081296
FIRE:  667 13:56:53     -864.318573        0.089450
FIRE:  668 13:56:53     -864.320214        0.083569
FIRE:  669 13:56:53     -864.322116        0.085093
FIRE:  670 13:56:53     -864.324562        0.087034
FIRE:  671 13:56:53     -864.327491        0.099225
FIRE:  672 13:56:53     -864.331314        0.092213
FIRE:  673 13:56:54     -864.335990        0.095407
FIRE:  674 13:56:54     -864.341692        0.148543
FIRE:  675 13:56:54     -864.347925        0.326826
FIRE:  676 13:56:54     -864.351108        0.782781
FIRE:  677 13:56:54     -864.358322        0.101415
FIRE:  678 13:56:54     -864.358394        0.101412
FIRE:  679 13:56:54     -864.358554        0.101405
FIRE:  680 13:56:54     -864.358779        0.101393
FIRE:  681 13:56:55     -864.359080        0.101374
FIRE:  682 13:56:55     -864.359438        0.101347
FIRE:  683 13:56:55     -864.359890        0.101307
FIRE:  684 13:56:55     -864.360414        0.101249
FIRE:  685 13:56:55     -864.361089        0.101160
FIRE:  686 13:56:55     -864.361920        0.101023
FIRE:  687 13:56:55     -864.362979        0.100801
FIRE:  688 13:56:55     -864.364303        0.100452
FIRE:  689 13:56:55     -864.365963        0.099889
FIRE:  690 13:56:56     -864.368018        0.098988
FIRE:  691 13:56:56     -864.370560        0.097554
FIRE:  692 13:56:56     -864.373712        0.095310
FIRE:  693 13:56:56     -864.377573        0.091828
FIRE:  694 13:56:56     -864.382280        0.086480
FIRE:  695 13:56:56     -864.387973        0.078418
FIRE:  696 13:56:56     -864.394755        0.077736
FIRE:  697 13:56:56     -864.402651        0.080165
FIRE:  698 13:56:57     -864.410866        0.277366
FIRE:  699 13:56:57     -864.411697        0.874168
FIRE:  700 13:56:57     -864.421774        0.080989
FIRE:  701 13:56:57     -864.413991        0.888000
FIRE:  702 13:56:57     -864.418361        0.621210
FIRE:  703 13:56:57     -864.422410        0.188170
FIRE:  704 13:56:57     -864.422241        0.265340
FIRE:  705 13:56:57     -864.422355        0.248057
FIRE:  706 13:56:58     -864.422594        0.214427
FIRE:  707 13:56:58     -864.422869        0.166649
FIRE:  708 13:56:58     -864.423137        0.107811
FIRE:  709 13:56:58     -864.423351        0.080853
FIRE:  710 13:56:58     -864.423497        0.080838
FIRE:  711 13:56:58     -864.423577        0.080818
FIRE:  712 13:56:58     -864.423668        0.121632
FIRE:  713 13:56:58     -864.423835        0.145355
FIRE:  714 13:56:58     -864.424122        0.142534
FIRE:  715 13:56:58     -864.424545        0.108929
FIRE:  716 13:56:59     -864.425064        0.080590
FIRE:  717 13:56:59     -864.425584        0.080493
FIRE:  718 13:56:59     -864.426099        0.097718
FIRE:  719 13:56:59     -864.426804        0.114302
FIRE:  720 13:56:59     -864.427796        0.079931
FIRE:  721 13:56:59     -864.428936        0.079584
FIRE:  722 13:56:59     -864.430165        0.097254
FIRE:  723 13:56:59     -864.431844        0.078400
FIRE:  724 13:56:59     -864.433818        0.077413
FIRE:  725 13:57:00     -864.436153        0.085110
FIRE:  726 13:57:00     -864.439091        0.073961
FIRE:  727 13:57:00     -864.442579        0.071031
FIRE:  728 13:57:00     -864.446785        0.098071
FIRE:  729 13:57:00     -864.451982        0.075036
FIRE:  730 13:57:00     -864.458229        0.080844
FIRE:  731 13:57:00     -864.465826        0.087970
FIRE:  732 13:57:00     -864.474828        0.160551
FIRE:  733 13:57:00     -864.481628        0.612620
FIRE:  734 13:57:01     -864.486665        0.104969
FIRE:  735 13:57:01     -864.486773        0.105054
FIRE:  736 13:57:01     -864.486979        0.105219
FIRE:  737 13:57:01     -864.487285        0.105460
FIRE:  738 13:57:01     -864.487673        0.105774
FIRE:  739 13:57:01     -864.488173        0.106151
FIRE:  740 13:57:01     -864.488773        0.106588
FIRE:  741 13:57:01     -864.489483        0.107082
FIRE:  742 13:57:01     -864.490366        0.107692
FIRE:  743 13:57:02     -864.491492        0.108429
FIRE:  744 13:57:02     -864.492928        0.109308
FIRE:  745 13:57:02     -864.494725        0.110324
FIRE:  746 13:57:02     -864.496985        0.111435
FIRE:  747 13:57:02     -864.499831        0.112562
FIRE:  748 13:57:02     -864.503387        0.113567
FIRE:  749 13:57:02     -864.507871        0.114164
FIRE:  750 13:57:02     -864.513492        0.113806
FIRE:  751 13:57:02     -864.520520        0.111555
FIRE:  752 13:57:03     -864.529233        0.105956
FIRE:  753 13:57:03     -864.539861        0.100281
FIRE:  754 13:57:03     -864.552027        0.206372
FIRE:  755 13:57:03     -864.560895        0.709471
FIRE:  756 13:57:03     -864.566882        0.121729
FIRE:  757 13:57:03     -864.566998        0.121763
FIRE:  758 13:57:03     -864.567222        0.121836
FIRE:  759 13:57:03     -864.567535        0.121943
FIRE:  760 13:57:04     -864.567960        0.122082
FIRE:  761 13:57:04     -864.568478        0.122251
FIRE:  762 13:57:04     -864.569109        0.122451
FIRE:  763 13:57:04     -864.569847        0.122685
FIRE:  764 13:57:04     -864.570777        0.122980
FIRE:  765 13:57:04     -864.571949        0.123357
FIRE:  766 13:57:04     -864.573421        0.123826
FIRE:  767 13:57:04     -864.575276        0.124398
FIRE:  768 13:57:04     -864.577566        0.125063
FIRE:  769 13:57:05     -864.580420        0.125784
FIRE:  770 13:57:05     -864.583954        0.126478
FIRE:  771 13:57:05     -864.588322        0.126987
FIRE:  772 13:57:05     -864.593696        0.126971
FIRE:  773 13:57:05     -864.600276        0.125812
FIRE:  774 13:57:05     -864.608252        0.122578
FIRE:  775 13:57:05     -864.617780        0.115894
FIRE:  776 13:57:05     -864.628856        0.104174
FIRE:  777 13:57:05     -864.640658        0.240904
FIRE:  778 13:57:05     -864.644582        0.869032
FIRE:  779 13:57:06     -864.654602        0.071702
FIRE:  780 13:57:06     -864.654706        0.071517
FIRE:  781 13:57:06     -864.654888        0.071160
FIRE:  782 13:57:06     -864.655175        0.070655
FIRE:  783 13:57:06     -864.655551        0.070032
FIRE:  784 13:57:06     -864.656015        0.069334
FIRE:  785 13:57:06     -864.656561        0.068607
FIRE:  786 13:57:06     -864.657188        0.067903
FIRE:  787 13:57:07     -864.657986        0.067203
FIRE:  788 13:57:07     -864.658972        0.066580
FIRE:  789 13:57:07     -864.660197        0.066139
FIRE:  790 13:57:07     -864.661706        0.065977
FIRE:  791 13:57:07     -864.663542        0.066155
FIRE:  792 13:57:07     -864.665804        0.066654
FIRE:  793 13:57:07     -864.668561        0.067297
FIRE:  794 13:57:07     -864.671925        0.067780
FIRE:  795 13:57:07     -864.676025        0.067717
FIRE:  796 13:57:08     -864.681001        0.066763
FIRE:  797 13:57:08     -864.687023        0.064714
FIRE:  798 13:57:08     -864.694295        0.061723
FIRE:  799 13:57:08     -864.702685        0.172125
FIRE:  800 13:57:08     -864.709227        0.585931
FIRE:  801 13:57:08     -864.713365        0.054747
FIRE:  802 13:57:08     -864.713426        0.054718
FIRE:  803 13:57:08     -864.713559        0.054656
FIRE:  804 13:57:09     -864.713761        0.054566
FIRE:  805 13:57:09     -864.714017        0.054452
FIRE:  806 13:57:09     -864.714348        0.054313
FIRE:  807 13:57:09     -864.714751        0.054158
FIRE:  808 13:57:09     -864.715214        0.053986
FIRE:  809 13:57:09     -864.715795        0.053789
FIRE:  810 13:57:09     -864.716540        0.053561
FIRE:  811 13:57:09     -864.717467        0.053312
FIRE:  812 13:57:10     -864.718632        0.053043
FIRE:  813 13:57:10     -864.720095        0.052751
FIRE:  814 13:57:10     -864.721887        0.053236
FIRE:  815 13:57:10     -864.724125        0.054378
FIRE:  816 13:57:10     -864.726905        0.055826
FIRE:  817 13:57:10     -864.730350        0.057660
FIRE:  818 13:57:10     -864.734603        0.059960
FIRE:  819 13:57:10     -864.739858        0.062872
FIRE:  820 13:57:11     -864.746393        0.066547
FIRE:  821 13:57:11     -864.754509        0.071107
FIRE:  822 13:57:11     -864.764444        0.137226
FIRE:  823 13:57:11     -864.773472        0.545050
FIRE:  824 13:57:11     -864.740167        2.303422
FIRE:  825 13:57:11     -864.780600        0.961901
FIRE:  826 13:57:11     -864.786865        0.683488
FIRE:  827 13:57:11     -864.792697        0.177304
FIRE:  828 13:57:12     -864.791580        0.420818
FIRE:  829 13:57:12     -864.791934        0.384580
FIRE:  830 13:57:12     -864.792538        0.315822
FIRE:  831 13:57:12     -864.793212        0.221274
FIRE:  832 13:57:12     -864.793766        0.110498
FIRE:  833 13:57:12     -864.794085        0.090922
FIRE:  834 13:57:12     -864.794198        0.105015
FIRE:  835 13:57:12     -864.794215        0.102884
FIRE:  836 13:57:13     -864.794233        0.098667
FIRE:  837 13:57:13     -864.794280        0.092396
FIRE:  838 13:57:13     -864.794326        0.091019
FIRE:  839 13:57:13     -864.794387        0.091042
FIRE:  840 13:57:13     -864.794462        0.091073
FIRE:  841 13:57:13     -864.794534        0.091104
FIRE:  842 13:57:13     -864.794623        0.091146
FIRE:  843 13:57:13     -864.794732        0.091197
FIRE:  844 13:57:13     -864.794848        0.091260
FIRE:  845 13:57:14     -864.795012        0.091338
FIRE:  846 13:57:14     -864.795188        0.091429
FIRE:  847 13:57:14     -864.795421        0.091537
FIRE:  848 13:57:14     -864.795697        0.091666
FIRE:  849 13:57:14     -864.796065        0.091818
FIRE:  850 13:57:14     -864.796519        0.091996
FIRE:  851 13:57:14     -864.797063        0.092208
FIRE:  852 13:57:14     -864.797736        0.092464
FIRE:  853 13:57:14     -864.798540        0.092779
FIRE:  854 13:57:15     -864.799537        0.093163
FIRE:  855 13:57:15     -864.800761        0.093632
FIRE:  856 13:57:15     -864.802278        0.094198
FIRE:  857 13:57:15     -864.804132        0.094853
FIRE:  858 13:57:15     -864.806414        0.095587
FIRE:  859 13:57:15     -864.809239        0.096390
FIRE:  860 13:57:15     -864.812712        0.097260
FIRE:  861 13:57:15     -864.817035        0.098175
FIRE:  862 13:57:15     -864.822377        0.100484
FIRE:  863 13:57:16     -864.829057        0.104094
FIRE:  864 13:57:16     -864.837353        0.108127
FIRE:  865 13:57:16     -864.847735        0.112387
FIRE:  866 13:57:16     -864.860643        0.116119
FIRE:  867 13:57:16     -864.876516        0.118121
FIRE:  868 13:57:16     -864.894954        0.259118
FIRE:  869 13:57:16     -864.908202        0.914024
FIRE:  870 13:57:16     -864.917745        0.116494
FIRE:  871 13:57:16     -864.917960        0.103100
FIRE:  872 13:57:17     -864.918316        0.102995
FIRE:  873 13:57:17     -864.918745        0.102821
FIRE:  874 13:57:17     -864.919253        0.102567
FIRE:  875 13:57:17     -864.919926        0.102220
FIRE:  876 13:57:17     -864.920781        0.101780
FIRE:  877 13:57:17     -864.921773        0.101243
FIRE:  878 13:57:17     -864.922968        0.100533
FIRE:  879 13:57:17     -864.924442        0.099611
FIRE:  880 13:57:17     -864.926349        0.098421
FIRE:  881 13:57:18     -864.928698        0.096849
FIRE:  882 13:57:18     -864.931531        0.094699
FIRE:  883 13:57:18     -864.935083        0.091739
FIRE:  884 13:57:18     -864.939326        0.087688
FIRE:  885 13:57:18     -864.944524        0.082255
FIRE:  886 13:57:18     -864.950668        0.074874
FIRE:  887 13:57:18     -864.957968        0.072701
FIRE:  888 13:57:18     -864.966484        0.072065
FIRE:  889 13:57:19     -864.976247        0.073551
FIRE:  890 13:57:19     -864.987003        0.168829
FIRE:  891 13:57:19     -864.995444        0.559015
FIRE:  892 13:57:19     -864.974235        1.916456
FIRE:  893 13:57:19     -865.008917        0.517052
FIRE:  894 13:57:19     -865.010618        0.376354
FIRE:  895 13:57:19     -865.012381        0.126363
FIRE:  896 13:57:19     -865.012599        0.164095
FIRE:  897 13:57:20     -865.012665        0.151924
FIRE:  898 13:57:20     -865.012795        0.128627
FIRE:  899 13:57:20     -865.012956        0.096086
FIRE:  900 13:57:20     -865.013117        0.080528
FIRE:  901 13:57:20     -865.013284        0.080473
FIRE:  902 13:57:20     -865.013442        0.080407
FIRE:  903 13:57:20     -865.013599        0.080329
FIRE:  904 13:57:20     -865.013795        0.080230
FIRE:  905 13:57:20     -865.014052        0.088541
FIRE:  906 13:57:21     -865.014422        0.080998
FIRE:  907 13:57:21     -865.014895        0.079775
FIRE:  908 13:57:21     -865.015449        0.079548
FIRE:  909 13:57:21     -865.016069        0.079265
FIRE:  910 13:57:21     -865.016822        0.078913
FIRE:  911 13:57:21     -865.017785        0.078479
FIRE:  912 13:57:21     -865.018970        0.077944
FIRE:  913 13:57:21     -865.020321        0.077272
FIRE:  914 13:57:22     -865.021976        0.076436
FIRE:  915 13:57:22     -865.023994        0.075384
FIRE:  916 13:57:22     -865.026347        0.074038
FIRE:  917 13:57:22     -865.029213        0.072304
FIRE:  918 13:57:22     -865.032542        0.070027
FIRE:  919 13:57:22     -865.036518        0.067012
FIRE:  920 13:57:22     -865.041158        0.062920
FIRE:  921 13:57:22     -865.046487        0.074336
FIRE:  922 13:57:23     -865.052310        0.163684
FIRE:  923 13:57:23     -865.057583        0.360188
FIRE:  924 13:57:23     -865.057777        0.855938
FIRE:  925 13:57:23     -865.065982        0.045581
FIRE:  926 13:57:23     -865.066036        0.039383
FIRE:  927 13:57:23     -865.066120        0.039384
FIRE:  928 13:57:23     -865.066252        0.039378
FIRE:  929 13:57:23     -865.066402        0.039351
FIRE:  930 13:57:23     -865.066604        0.039301
FIRE:  931 13:57:24     -865.066828        0.039226
FIRE:  932 13:57:24     -865.067109        0.039130
FIRE:  933 13:57:24     -865.067456        0.039013
FIRE:  934 13:57:24     -865.067877        0.038892
FIRE:  935 13:57:24     -865.068412        0.038781
FIRE:  936 13:57:24     -865.069076        0.038668
FIRE:  937 13:57:24     -865.069875        0.038508
FIRE:  938 13:57:24     -865.070853        0.038236
FIRE:  939 13:57:24     -865.072038        0.037842
FIRE:  940 13:57:25     -865.073479        0.037411
FIRE:  941 13:57:25     -865.075195        0.036926
FIRE:  942 13:57:25     -865.077271        0.036199
FIRE:  943 13:57:25     -865.079717        0.035347
FIRE:  944 13:57:25     -865.082631        0.034311
FIRE:  945 13:57:25     -865.085979        0.077283
FIRE:  946 13:57:25     -865.089196        0.254028
FIRE:  947 13:57:25     -865.087556        0.728347
FIRE:  948 13:57:25     -865.094298        0.030180
FIRE:  949 13:57:25     -865.094328        0.030166
FIRE:  950 13:57:26     -865.094377        0.030137
FIRE:  951 13:57:26     -865.094459        0.030102
FIRE:  952 13:57:26     -865.094553        0.030069
FIRE:  953 13:57:26     -865.094692        0.030042
FIRE:  954 13:57:26     -865.094839        0.030024
FIRE:  955 13:57:26     -865.095029        0.030014
FIRE:  956 13:57:26     -865.095259        0.030027
FIRE:  957 13:57:26     -865.095545        0.030135
FIRE:  958 13:57:26     -865.095904        0.030282
FIRE:  959 13:57:27     -865.096363        0.030479
FIRE:  960 13:57:27     -865.096919        0.030732
FIRE:  961 13:57:27     -865.097605        0.031058
FIRE:  962 13:57:27     -865.098469        0.031491
FIRE:  963 13:57:27     -865.099517        0.032073
FIRE:  964 13:57:27     -865.100803        0.032836
FIRE:  965 13:57:27     -865.102394        0.033820
FIRE:  966 13:57:27     -865.104333        0.035165
FIRE:  967 13:57:27     -865.106716        0.036903
FIRE:  968 13:57:28     -865.109569        0.075550
FIRE:  969 13:57:28     -865.112316        0.263158
FIRE:  970 13:57:28     -865.108513        0.825956
FIRE:  971 13:57:28     -865.117254        0.095082
FIRE:  972 13:57:28     -865.117323        0.066420
FIRE:  973 13:57:28     -865.117443        0.046156
FIRE:  974 13:57:28     -865.117530        0.046299
FIRE:  975 13:57:28     -865.117626        0.064945
FIRE:  976 13:57:28     -865.117773        0.069620
FIRE:  977 13:57:29     -865.117987        0.046799
FIRE:  978 13:57:29     -865.118231        0.046986
FIRE:  979 13:57:29     -865.118477        0.047231
FIRE:  980 13:57:29     -865.118807        0.053286
FIRE:  981 13:57:29     -865.119259        0.048045
FIRE:  982 13:57:29     -865.119799        0.048656
FIRE:  983 13:57:29     -865.120451        0.049444
FIRE:  984 13:57:29     -865.121310        0.050231
FIRE:  985 13:57:29     -865.122339        0.051319
FIRE:  986 13:57:30     -865.123690        0.052749
FIRE:  987 13:57:30     -865.125320        0.054494
FIRE:  988 13:57:30     -865.127376        0.056522
FIRE:  989 13:57:30     -865.129972        0.059129
FIRE:  990 13:57:30     -865.133192        0.081092
FIRE:  991 13:57:30     -865.136895        0.195865
FIRE:  992 13:57:30     -865.138635        0.569190
FIRE:  993 13:57:30     -865.142543        0.068545
FIRE:  994 13:57:30     -865.142605        0.068565
FIRE:  995 13:57:31     -865.142710        0.068605
FIRE:  996 13:57:31     -865.142838        0.068671
FIRE:  997 13:57:31     -865.143001        0.068770
FIRE:  998 13:57:31     -865.143218        0.068899
FIRE:  999 13:57:31     -865.143482        0.069063
FIRE:  1000 13:57:31     -865.143795        0.069252
FIRE:  1001 13:57:31     -865.144181        0.069487
FIRE:  1002 13:57:31     -865.144655        0.069763
FIRE:  1003 13:57:31     -865.145278        0.070076
FIRE:  1004 13:57:32     -865.146052        0.070431
FIRE:  1005 13:57:32     -865.147016        0.070842
FIRE:  1006 13:57:32     -865.148227        0.071306
FIRE:  1007 13:57:32     -865.149732        0.071777
FIRE:  1008 13:57:32     -865.151618        0.072150
FIRE:  1009 13:57:32     -865.153949        0.072315
FIRE:  1010 13:57:32     -865.156836        0.072106
FIRE:  1011 13:57:32     -865.160416        0.071092
FIRE:  1012 13:57:32     -865.164798        0.068736
FIRE:  1013 13:57:33     -865.170110        0.064098
FIRE:  1014 13:57:33     -865.176407        0.057629
FIRE:  1015 13:57:33     -865.183563        0.054173
FIRE:  1016 13:57:33     -865.188881        0.360173
FIRE:  1017 13:57:33     -865.122716        2.261612
FIRE:  1018 13:57:33     -865.143881        1.618727
FIRE:  1019 13:57:33     -865.176354        1.077525
FIRE:  1020 13:57:33     -865.198679        0.054091
FIRE:  1021 13:57:34     -865.179153        1.147941
FIRE:  1022 13:57:34     -865.183485        1.008893
FIRE:  1023 13:57:34     -865.190170        0.754162
FIRE:  1024 13:57:34     -865.196218        0.423500
FIRE:  1025 13:57:34     -865.199104        0.062932
FIRE:  1026 13:57:34     -865.197935        0.276320
FIRE:  1027 13:57:34     -865.198017        0.269336
FIRE:  1028 13:57:34     -865.198147        0.255557
FIRE:  1029 13:57:35     -865.198332        0.235289
FIRE:  1030 13:57:35     -865.198552        0.208879
FIRE:  1031 13:57:35     -865.198777        0.177099
FIRE:  1032 13:57:35     -865.198999        0.140658
FIRE:  1033 13:57:35     -865.199189        0.100452
FIRE:  1034 13:57:35     -865.199340        0.053322
FIRE:  1035 13:57:35     -865.199441        0.037653
FIRE:  1036 13:57:35     -865.199449        0.053064
FIRE:  1037 13:57:36     -865.199448        0.052464
FIRE:  1038 13:57:36     -865.199456        0.051227
FIRE:  1039 13:57:36     -865.199466        0.049395
FIRE:  1040 13:57:36     -865.199472        0.047039
FIRE:  1041 13:57:36     -865.199475        0.044166
FIRE:  1042 13:57:36     -865.199497        0.040782
FIRE:  1043 13:57:36     -865.199504        0.037603
FIRE:  1044 13:57:36     -865.199520        0.037595
FIRE:  1045 13:57:37     -865.199543        0.037589
FIRE:  1046 13:57:37     -865.199569        0.037582
FIRE:  1047 13:57:37     -865.199597        0.037573
FIRE:  1048 13:57:37     -865.199622        0.037559
FIRE:  1049 13:57:37     -865.199667        0.037542
FIRE:  1050 13:57:37     -865.199708        0.037517
FIRE:  1051 13:57:37     -865.199763        0.037487
FIRE:  1052 13:57:37     -865.199823        0.037453
FIRE:  1053 13:57:38     -865.199909        0.037405
FIRE:  1054 13:57:38     -865.200012        0.037348
FIRE:  1055 13:57:38     -865.200131        0.037280
FIRE:  1056 13:57:38     -865.200279        0.037191
FIRE:  1057 13:57:38     -865.200461        0.037086
FIRE:  1058 13:57:38     -865.200666        0.036961
FIRE:  1059 13:57:38     -865.200929        0.036818
FIRE:  1060 13:57:38     -865.201249        0.036638
FIRE:  1061 13:57:38     -865.201622        0.036426
FIRE:  1062 13:57:39     -865.202054        0.036151
FIRE:  1063 13:57:39     -865.202596        0.035803
FIRE:  1064 13:57:39     -865.203234        0.035367
FIRE:  1065 13:57:39     -865.203989        0.034823
FIRE:  1066 13:57:39     -865.204881        0.034142
FIRE:  1067 13:57:39     -865.205953        0.033500
FIRE:  1068 13:57:39     -865.207225        0.034532
FIRE:  1069 13:57:39     -865.208748        0.035842
FIRE:  1070 13:57:39     -865.210538        0.037520
FIRE:  1071 13:57:40     -865.212662        0.039827
FIRE:  1072 13:57:40     -865.215111        0.074304
FIRE:  1073 13:57:40     -865.217531        0.180312
FIRE:  1074 13:57:40     -865.217155        0.463564
FIRE:  1075 13:57:40     -865.221617        0.052102
FIRE:  1076 13:57:40     -865.221650        0.052140
FIRE:  1077 13:57:40     -865.221701        0.052220
FIRE:  1078 13:57:40     -865.221773        0.052346
FIRE:  1079 13:57:40     -865.221860        0.052524
FIRE:  1080 13:57:41     -865.221987        0.052755
FIRE:  1081 13:57:41     -865.222126        0.053042
FIRE:  1082 13:57:41     -865.222290        0.053383
FIRE:  1083 13:57:41     -865.222506        0.053824
FIRE:  1084 13:57:41     -865.222778        0.054380
FIRE:  1085 13:57:41     -865.223117        0.055075
FIRE:  1086 13:57:41     -865.223540        0.055954
FIRE:  1087 13:57:41     -865.224087        0.057082
FIRE:  1088 13:57:41     -865.224757        0.058535
FIRE:  1089 13:57:42     -865.225603        0.060398
FIRE:  1090 13:57:42     -865.226690        0.062757
FIRE:  1091 13:57:42     -865.228041        0.065817
FIRE:  1092 13:57:42     -865.229800        0.069822
FIRE:  1093 13:57:42     -865.232039        0.074991
FIRE:  1094 13:57:42     -865.234971        0.081839
FIRE:  1095 13:57:42     -865.238888        0.090805
FIRE:  1096 13:57:42     -865.244077        0.102725
FIRE:  1097 13:57:42     -865.249112        0.345210
FIRE:  1098 13:57:43     -865.220663        1.574131
FIRE:  1099 13:57:43     -865.249894        0.789818
FIRE:  1100 13:57:43     -865.256584        0.532881
FIRE:  1101 13:57:43     -865.261892        0.136078
FIRE:  1102 13:57:43     -865.259519        0.421195
FIRE:  1103 13:57:43     -865.260061        0.381616
FIRE:  1104 13:57:43     -865.260973        0.306735
FIRE:  1105 13:57:43     -865.261918        0.204688
FIRE:  1106 13:57:44     -865.262630        0.137513
FIRE:  1107 13:57:44     -865.262906        0.137657
FIRE:  1108 13:57:44     -865.262837        0.137913
FIRE:  1109 13:57:44     -865.262870        0.137929
FIRE:  1110 13:57:44     -865.262905        0.137960
FIRE:  1111 13:57:44     -865.262958        0.138008
FIRE:  1112 13:57:44     -865.263037        0.138072
FIRE:  1113 13:57:44     -865.263117        0.138150
FIRE:  1114 13:57:45     -865.263212        0.138245
FIRE:  1115 13:57:45     -865.263311        0.138354
FIRE:  1116 13:57:45     -865.263421        0.138493
FIRE:  1117 13:57:45     -865.263523        0.138669
FIRE:  1118 13:57:45     -865.263653        0.138885
FIRE:  1119 13:57:45     -865.263782        0.139151
FIRE:  1120 13:57:45     -865.263935        0.139472
FIRE:  1121 13:57:45     -865.264133        0.139849
FIRE:  1122 13:57:45     -865.264388        0.140293
FIRE:  1123 13:57:46     -865.264736        0.140814
FIRE:  1124 13:57:46     -865.265172        0.141430
FIRE:  1125 13:57:46     -865.265707        0.142171
FIRE:  1126 13:57:46     -865.266309        0.143076
FIRE:  1127 13:57:46     -865.267033        0.144190
FIRE:  1128 13:57:46     -865.267956        0.145555
FIRE:  1129 13:57:46     -865.269129        0.147209
FIRE:  1130 13:57:46     -865.270550        0.149185
FIRE:  1131 13:57:47     -865.272271        0.151482
FIRE:  1132 13:57:47     -865.274462        0.154064
FIRE:  1133 13:57:47     -865.277175        0.156927
FIRE:  1134 13:57:47     -865.280537        0.160058
FIRE:  1135 13:57:47     -865.284773        0.163273
FIRE:  1136 13:57:47     -865.290036        0.166019
FIRE:  1137 13:57:47     -865.296621        0.167284
FIRE:  1138 13:57:47     -865.304750        0.165656
FIRE:  1139 13:57:47     -865.314520        0.158369
FIRE:  1140 13:57:48     -865.325701        0.140837
FIRE:  1141 13:57:48     -865.336771        0.253441
FIRE:  1142 13:57:48     -865.341658        0.610726
FIRE:  1143 13:57:48     -865.348625        0.069196
FIRE:  1144 13:57:48     -865.344056        0.585586
FIRE:  1145 13:57:48     -865.346466        0.435272
FIRE:  1146 13:57:48     -865.349077        0.180603
FIRE:  1147 13:57:48     -865.349651        0.104919
FIRE:  1148 13:57:48     -865.349690        0.098414
FIRE:  1149 13:57:49     -865.349761        0.085855
FIRE:  1150 13:57:49     -865.349863        0.068000
FIRE:  1151 13:57:49     -865.349967        0.066279
FIRE:  1152 13:57:49     -865.350089        0.066138
FIRE:  1153 13:57:49     -865.350193        0.065968
FIRE:  1154 13:57:49     -865.350313        0.065771
FIRE:  1155 13:57:49     -865.350452        0.065531
FIRE:  1156 13:57:49     -865.350634        0.065239
FIRE:  1157 13:57:49     -865.350862        0.064893
FIRE:  1158 13:57:50     -865.351168        0.064494
FIRE:  1159 13:57:50     -865.351554        0.064038
FIRE:  1160 13:57:50     -865.352000        0.063543
FIRE:  1161 13:57:50     -865.352519        0.063564
FIRE:  1162 13:57:50     -865.353146        0.063518
FIRE:  1163 13:57:50     -865.353939        0.063369
FIRE:  1164 13:57:50     -865.354881        0.063136
FIRE:  1165 13:57:50     -865.355977        0.062928
FIRE:  1166 13:57:50     -865.357321        0.062894
FIRE:  1167 13:57:51     -865.358942        0.063069
FIRE:  1168 13:57:51     -865.360847        0.063293
FIRE:  1169 13:57:51     -865.363175        0.064145
FIRE:  1170 13:57:51     -865.365914        0.066220
FIRE:  1171 13:57:51     -865.369222        0.068518
FIRE:  1172 13:57:51     -865.373196        0.071211
FIRE:  1173 13:57:51     -865.378003        0.074059
FIRE:  1174 13:57:51     -865.383745        0.076567
FIRE:  1175 13:57:51     -865.390105        0.209387
FIRE:  1176 13:57:52     -865.393839        0.538769
FIRE:  1177 13:57:52     -865.399152        0.079761
FIRE:  1178 13:57:52     -865.395577        0.520772
FIRE:  1179 13:57:52     -865.397529        0.383187
FIRE:  1180 13:57:52     -865.399589        0.150550
FIRE:  1181 13:57:52     -865.399957        0.108425
FIRE:  1182 13:57:52     -865.400004        0.101594
FIRE:  1183 13:57:52     -865.400075        0.088345
FIRE:  1184 13:57:52     -865.400166        0.080247
FIRE:  1185 13:57:53     -865.400277        0.080200
FIRE:  1186 13:57:53     -865.400381        0.080150
FIRE:  1187 13:57:53     -865.400490        0.080108
FIRE:  1188 13:57:53     -865.400594        0.080081
FIRE:  1189 13:57:53     -865.400716        0.080074
FIRE:  1190 13:57:53     -865.400887        0.080099
FIRE:  1191 13:57:53     -865.401099        0.080168
FIRE:  1192 13:57:53     -865.401398        0.080290
FIRE:  1193 13:57:53     -865.401758        0.080468
FIRE:  1194 13:57:54     -865.402197        0.080697
FIRE:  1195 13:57:54     -865.402688        0.080945
FIRE:  1196 13:57:54     -865.403317        0.081176
FIRE:  1197 13:57:54     -865.404124        0.081362
FIRE:  1198 13:57:54     -865.405099        0.081528
FIRE:  1199 13:57:54     -865.406257        0.081761
FIRE:  1200 13:57:54     -865.407707        0.082151
FIRE:  1201 13:57:54     -865.409471        0.082671
FIRE:  1202 13:57:54     -865.411613        0.083096
FIRE:  1203 13:57:55     -865.414251        0.083225
FIRE:  1204 13:57:55     -865.417428        0.083194
FIRE:  1205 13:57:55     -865.421248        0.082924
FIRE:  1206 13:57:55     -865.425843        0.081402
FIRE:  1207 13:57:55     -865.431253        0.078437
FIRE:  1208 13:57:55     -865.437496        0.072858
FIRE:  1209 13:57:55     -865.444159        0.135160
FIRE:  1210 13:57:56     -865.447676        0.453323
FIRE:  1211 13:57:56     -865.451778        0.047972
FIRE:  1212 13:57:56     -865.448893        0.436484
FIRE:  1213 13:57:56     -865.450451        0.318069
FIRE:  1214 13:57:56     -865.452064        0.117935
FIRE:  1215 13:57:56     -865.452251        0.104223
FIRE:  1216 13:57:56     -865.452289        0.097488
FIRE:  1217 13:57:56     -865.452354        0.084515
FIRE:  1218 13:57:56     -865.452424        0.066019
FIRE:  1219 13:57:57     -865.452520        0.047700
FIRE:  1220 13:57:57     -865.452594        0.047590
FIRE:  1221 13:57:57     -865.452665        0.047476
FIRE:  1222 13:57:57     -865.452731        0.047365
FIRE:  1223 13:57:57     -865.452811        0.047255
FIRE:  1224 13:57:57     -865.452900        0.056439
FIRE:  1225 13:57:57     -865.453039        0.057003
FIRE:  1226 13:57:57     -865.453232        0.047013
FIRE:  1227 13:57:57     -865.453469        0.046968
FIRE:  1228 13:57:58     -865.453737        0.046912
FIRE:  1229 13:57:58     -865.454033        0.046801
FIRE:  1230 13:57:58     -865.454411        0.046586
FIRE:  1231 13:57:58     -865.454898        0.046229
FIRE:  1232 13:57:58     -865.455470        0.045734
FIRE:  1233 13:57:58     -865.456128        0.045167
FIRE:  1234 13:57:58     -865.456953        0.044598
FIRE:  1235 13:57:58     -865.457929        0.043945
FIRE:  1236 13:57:59     -865.459072        0.042924
FIRE:  1237 13:57:59     -865.460459        0.041377
FIRE:  1238 13:57:59     -865.462063        0.039503
FIRE:  1239 13:57:59     -865.463931        0.040532
FIRE:  1240 13:57:59     -865.466113        0.033825
FIRE:  1241 13:57:59     -865.468595        0.030781
FIRE:  1242 13:57:59     -865.471385        0.050298
FIRE:  1243 13:58:00     -865.474125        0.158174
FIRE:  1244 13:58:00     -865.474094        0.508933
FIRE:  1245 13:58:00     -865.477795        0.052162
FIRE:  1246 13:58:00     -865.477833        0.037913
FIRE:  1247 13:58:00     -865.477880        0.031815
FIRE:  1248 13:58:00     -865.477939        0.031849
FIRE:  1249 13:58:00     -865.478001        0.033777
FIRE:  1250 13:58:00     -865.478082        0.039805
FIRE:  1251 13:58:00     -865.478189        0.031921
FIRE:  1252 13:58:01     -865.478327        0.031927
FIRE:  1253 13:58:01     -865.478472        0.031937
FIRE:  1254 13:58:01     -865.478649        0.031971
FIRE:  1255 13:58:01     -865.478892        0.032037
FIRE:  1256 13:58:01     -865.479189        0.032142
FIRE:  1257 13:58:01     -865.479523        0.032261
FIRE:  1258 13:58:01     -865.479993        0.032372
FIRE:  1259 13:58:01     -865.480522        0.032502
FIRE:  1260 13:58:02     -865.481186        0.032729
FIRE:  1261 13:58:02     -865.481978        0.033050
FIRE:  1262 13:58:02     -865.482945        0.033387
FIRE:  1263 13:58:02     -865.484117        0.033933
FIRE:  1264 13:58:02     -865.485539        0.034644
FIRE:  1265 13:58:02     -865.487235        0.035588
FIRE:  1266 13:58:02     -865.489018        0.135295
FIRE:  1267 13:58:02     -865.488330        0.462763
FIRE:  1268 13:58:03     -865.491621        0.061987
FIRE:  1269 13:58:03     -865.491653        0.043920
FIRE:  1270 13:58:03     -865.491724        0.038894
FIRE:  1271 13:58:03     -865.491766        0.038892
FIRE:  1272 13:58:03     -865.491807        0.040102
FIRE:  1273 13:58:03     -865.491889        0.043629
FIRE:  1274 13:58:03     -865.491997        0.039045
FIRE:  1275 13:58:03     -865.492118        0.039147
FIRE:  1276 13:58:03     -865.492252        0.039276
FIRE:  1277 13:58:04     -865.492410        0.039414
FIRE:  1278 13:58:04     -865.492646        0.039557
FIRE:  1279 13:58:04     -865.492909        0.039725
FIRE:  1280 13:58:04     -865.493232        0.039973
FIRE:  1281 13:58:04     -865.493660        0.040336
FIRE:  1282 13:58:04     -865.494156        0.040796
FIRE:  1283 13:58:04     -865.494812        0.041306
FIRE:  1284 13:58:04     -865.495589        0.041985
FIRE:  1285 13:58:04     -865.496559        0.042962
FIRE:  1286 13:58:05     -865.497757        0.044039
FIRE:  1287 13:58:05     -865.499228        0.045569
FIRE:  1288 13:58:05     -865.500925        0.106036
FIRE:  1289 13:58:05     -865.501862        0.319277
FIRE:  1290 13:58:05     -865.503367        0.049483
FIRE:  1291 13:58:05     -865.503400        0.049506
FIRE:  1292 13:58:05     -865.503432        0.049553
FIRE:  1293 13:58:05     -865.503479        0.049619
FIRE:  1294 13:58:05     -865.503553        0.049698
FIRE:  1295 13:58:06     -865.503645        0.049789
FIRE:  1296 13:58:06     -865.503742        0.049890
FIRE:  1297 13:58:06     -865.503874        0.050002
FIRE:  1298 13:58:06     -865.504025        0.050144
FIRE:  1299 13:58:06     -865.504220        0.050332
FIRE:  1300 13:58:06     -865.504481        0.050577
FIRE:  1301 13:58:06     -865.504794        0.050888
FIRE:  1302 13:58:06     -865.505178        0.051263
FIRE:  1303 13:58:06     -865.505669        0.051696
FIRE:  1304 13:58:07     -865.506293        0.052210
FIRE:  1305 13:58:07     -865.507053        0.052845
FIRE:  1306 13:58:07     -865.508013        0.053585
FIRE:  1307 13:58:07     -865.509212        0.054370
FIRE:  1308 13:58:07     -865.510685        0.055242
FIRE:  1309 13:58:07     -865.512544        0.056035
FIRE:  1310 13:58:07     -865.514856        0.056586
FIRE:  1311 13:58:07     -865.517724        0.056475
FIRE:  1312 13:58:07     -865.521216        0.057857
FIRE:  1313 13:58:08     -865.523855        0.354248
FIRE:  1314 13:58:08     -865.483587        2.137275
FIRE:  1315 13:58:08     -865.497018        1.534897
FIRE:  1316 13:58:08     -865.516596        1.008651
FIRE:  1317 13:58:08     -865.530131        0.042302
FIRE:  1318 13:58:08     -865.518153        1.064711
FIRE:  1319 13:58:08     -865.520813        0.937474
FIRE:  1320 13:58:08     -865.524899        0.703534
FIRE:  1321 13:58:09     -865.528597        0.398242
FIRE:  1322 13:58:09     -865.530382        0.062913
FIRE:  1323 13:58:09     -865.529687        0.255734
FIRE:  1324 13:58:09     -865.529725        0.249238
FIRE:  1325 13:58:09     -865.529802        0.236335
FIRE:  1326 13:58:09     -865.529917        0.217375
FIRE:  1327 13:58:09     -865.530047        0.192845
FIRE:  1328 13:58:09     -865.530189        0.163229
FIRE:  1329 13:58:10     -865.530324        0.129300
FIRE:  1330 13:58:10     -865.530436        0.092008
FIRE:  1331 13:58:10     -865.530533        0.048186
FIRE:  1332 13:58:10     -865.530583        0.042014
FIRE:  1333 13:58:10     -865.530593        0.049906
FIRE:  1334 13:58:10     -865.530590        0.049324
FIRE:  1335 13:58:10     -865.530591        0.048188
FIRE:  1336 13:58:10     -865.530605        0.046512
FIRE:  1337 13:58:10     -865.530605        0.044310
FIRE:  1338 13:58:11     -865.530612        0.042011
FIRE:  1339 13:58:11     -865.530625        0.042003
FIRE:  1340 13:58:11     -865.530635        0.041996
FIRE:  1341 13:58:11     -865.530633        0.041986
FIRE:  1342 13:58:11     -865.530654        0.041973
FIRE:  1343 13:58:11     -865.530657        0.041958
FIRE:  1344 13:58:11     -865.530686        0.041938
FIRE:  1345 13:58:11     -865.530702        0.041916
FIRE:  1346 13:58:12     -865.530723        0.041889
FIRE:  1347 13:58:12     -865.530749        0.041857
FIRE:  1348 13:58:12     -865.530786        0.041822
FIRE:  1349 13:58:12     -865.530823        0.041780
FIRE:  1350 13:58:12     -865.530877        0.041730
FIRE:  1351 13:58:12     -865.530942        0.041676
FIRE:  1352 13:58:12     -865.531023        0.041610
FIRE:  1353 13:58:12     -865.531111        0.041529
FIRE:  1354 13:58:12     -865.531231        0.041427
FIRE:  1355 13:58:13     -865.531366        0.041294
FIRE:  1356 13:58:13     -865.531526        0.041121
FIRE:  1357 13:58:13     -865.531733        0.040896
FIRE:  1358 13:58:13     -865.531979        0.040605
FIRE:  1359 13:58:13     -865.532275        0.040239
FIRE:  1360 13:58:13     -865.532628        0.039784
FIRE:  1361 13:58:13     -865.533051        0.039211
FIRE:  1362 13:58:13     -865.533569        0.038456
FIRE:  1363 13:58:14     -865.534194        0.037452
FIRE:  1364 13:58:14     -865.534924        0.036141
FIRE:  1365 13:58:14     -865.535792        0.034467
FIRE:  1366 13:58:14     -865.536830        0.032269
FIRE:  1367 13:58:14     -865.538034        0.030485
FIRE:  1368 13:58:14     -865.539410        0.035899
FIRE:  1369 13:58:14     -865.540958        0.077083
FIRE:  1370 13:58:14     -865.542365        0.191559
FIRE:  1371 13:58:14     -865.541776        0.486089
FIRE:  1372 13:58:14     -865.544741        0.035090
FIRE:  1373 13:58:15     -865.544746        0.035109
FIRE:  1374 13:58:15     -865.544773        0.035142
FIRE:  1375 13:58:15     -865.544804        0.035186
FIRE:  1376 13:58:15     -865.544842        0.035237
FIRE:  1377 13:58:15     -865.544904        0.035287
FIRE:  1378 13:58:15     -865.544971        0.035338
FIRE:  1379 13:58:15     -865.545048        0.035390
FIRE:  1380 13:58:15     -865.545147        0.035460
FIRE:  1381 13:58:15     -865.545278        0.035561
FIRE:  1382 13:58:16     -865.545418        0.035707
FIRE:  1383 13:58:16     -865.545626        0.035904
FIRE:  1384 13:58:16     -865.545866        0.036141
FIRE:  1385 13:58:16     -865.546166        0.036416
FIRE:  1386 13:58:16     -865.546545        0.036765
FIRE:  1387 13:58:16     -865.546999        0.037248
FIRE:  1388 13:58:16     -865.547568        0.037861
FIRE:  1389 13:58:16     -865.548258        0.038578
FIRE:  1390 13:58:16     -865.549132        0.039575
FIRE:  1391 13:58:17     -865.550183        0.040733
FIRE:  1392 13:58:17     -865.551463        0.042372
FIRE:  1393 13:58:17     -865.552838        0.133532
FIRE:  1394 13:58:17     -865.552414        0.448764
FIRE:  1395 13:58:17     -865.554928        0.058382
FIRE:  1396 13:58:17     -865.554959        0.046429
FIRE:  1397 13:58:17     -865.555004        0.046534
FIRE:  1398 13:58:17     -865.555044        0.046668
FIRE:  1399 13:58:17     -865.555094        0.046796
FIRE:  1400 13:58:18     -865.555158        0.046896
FIRE:  1401 13:58:18     -865.555246        0.046964
FIRE:  1402 13:58:18     -865.555348        0.047021
FIRE:  1403 13:58:18     -865.555465        0.047108
FIRE:  1404 13:58:18     -865.555612        0.047277
FIRE:  1405 13:58:18     -865.555811        0.047565
FIRE:  1406 13:58:18     -865.556050        0.047966
FIRE:  1407 13:58:18     -865.556339        0.048394
FIRE:  1408 13:58:18     -865.556724        0.048796
FIRE:  1409 13:58:19     -865.557182        0.049327
FIRE:  1410 13:58:19     -865.557760        0.050187
FIRE:  1411 13:58:19     -865.558479        0.051223
FIRE:  1412 13:58:19     -865.559383        0.052268
FIRE:  1413 13:58:19     -865.560513        0.054013
FIRE:  1414 13:58:19     -865.561912        0.055708
FIRE:  1415 13:58:19     -865.563540        0.117730
FIRE:  1416 13:58:19     -865.564536        0.345446
FIRE:  1417 13:58:19     -865.565980        0.061560
FIRE:  1418 13:58:20     -865.565995        0.061568
FIRE:  1419 13:58:20     -865.566040        0.061591
FIRE:  1420 13:58:20     -865.566099        0.061640
FIRE:  1421 13:58:20     -865.566164        0.061726
FIRE:  1422 13:58:20     -865.566267        0.061863
FIRE:  1423 13:58:20     -865.566372        0.062050
FIRE:  1424 13:58:20     -865.566505        0.062283
FIRE:  1425 13:58:20     -865.566672        0.062579
FIRE:  1426 13:58:20     -865.566885        0.062928
FIRE:  1427 13:58:21     -865.567152        0.063325
FIRE:  1428 13:58:21     -865.567488        0.063793
FIRE:  1429 13:58:21     -865.567910        0.064398
FIRE:  1430 13:58:21     -865.568450        0.065220
FIRE:  1431 13:58:21     -865.569124        0.066262
FIRE:  1432 13:58:21     -865.569964        0.067460
FIRE:  1433 13:58:21     -865.571035        0.068919
FIRE:  1434 13:58:21     -865.572395        0.070888
FIRE:  1435 13:58:21     -865.574121        0.073192
FIRE:  1436 13:58:22     -865.576341        0.076082
FIRE:  1437 13:58:22     -865.579209        0.079755
FIRE:  1438 13:58:22     -865.582894        0.083726
FIRE:  1439 13:58:22     -865.586614        0.307372
FIRE:  1440 13:58:22     -865.574340        1.356016
FIRE:  1441 13:58:22     -865.589562        0.595511
FIRE:  1442 13:58:22     -865.592076        0.405186
FIRE:  1443 13:58:22     -865.594199        0.094720
FIRE:  1444 13:58:22     -865.593502        0.292680
FIRE:  1445 13:58:23     -865.593687        0.266819
FIRE:  1446 13:58:23     -865.593984        0.217719
FIRE:  1447 13:58:23     -865.594303        0.150166
FIRE:  1448 13:58:23     -865.594573        0.094503
FIRE:  1449 13:58:23     -865.594711        0.094934
FIRE:  1450 13:58:23     -865.594726        0.095354
FIRE:  1451 13:58:23     -865.594735        0.095349
FIRE:  1452 13:58:23     -865.594748        0.095342
FIRE:  1453 13:58:24     -865.594769        0.095329
FIRE:  1454 13:58:24     -865.594796        0.095314
FIRE:  1455 13:58:24     -865.594824        0.095297
FIRE:  1456 13:58:24     -865.594851        0.095278
FIRE:  1457 13:58:24     -865.594895        0.095260
FIRE:  1458 13:58:24     -865.594937        0.095242
FIRE:  1459 13:58:24     -865.594988        0.095227
FIRE:  1460 13:58:24     -865.595038        0.095220
FIRE:  1461 13:58:24     -865.595104        0.095226
FIRE:  1462 13:58:25     -865.595186        0.095255
FIRE:  1463 13:58:25     -865.595280        0.095316
FIRE:  1464 13:58:25     -865.595395        0.095421
FIRE:  1465 13:58:25     -865.595558        0.095582
FIRE:  1466 13:58:25     -865.595757        0.095806
FIRE:  1467 13:58:25     -865.595997        0.096099
FIRE:  1468 13:58:25     -865.596282        0.096450
FIRE:  1469 13:58:25     -865.596628        0.096838
FIRE:  1470 13:58:26     -865.597040        0.097231
FIRE:  1471 13:58:26     -865.597574        0.097608
FIRE:  1472 13:58:26     -865.598224        0.097996
FIRE:  1473 13:58:26     -865.599007        0.098474
FIRE:  1474 13:58:26     -865.599982        0.099138
FIRE:  1475 13:58:26     -865.601172        0.099981
FIRE:  1476 13:58:26     -865.602622        0.100807
FIRE:  1477 13:58:26     -865.604424        0.101386
FIRE:  1478 13:58:27     -865.606629        0.101803
FIRE:  1479 13:58:27     -865.609362        0.102201
FIRE:  1480 13:58:27     -865.612690        0.101773
FIRE:  1481 13:58:27     -865.616747        0.099674
FIRE:  1482 13:58:27     -865.621549        0.095945
FIRE:  1483 13:58:27     -865.626935        0.140866
FIRE:  1484 13:58:27     -865.631494        0.355617
FIRE:  1485 13:58:27     -865.626837        1.036617
FIRE:  1486 13:58:28     -865.638291        0.176641
FIRE:  1487 13:58:28     -865.638504        0.128352
FIRE:  1488 13:58:28     -865.638736        0.046996
FIRE:  1489 13:58:28     -865.638807        0.050974
FIRE:  1490 13:58:28     -865.638824        0.047547
FIRE:  1491 13:58:28     -865.638841        0.046623
FIRE:  1492 13:58:28     -865.638865        0.046637
FIRE:  1493 13:58:28     -865.638894        0.046651
FIRE:  1494 13:58:28     -865.638935        0.046664
FIRE:  1495 13:58:29     -865.638972        0.046670
FIRE:  1496 13:58:29     -865.639009        0.046665
FIRE:  1497 13:58:29     -865.639060        0.046641
FIRE:  1498 13:58:29     -865.639133        0.046589
FIRE:  1499 13:58:29     -865.639214        0.046499
FIRE:  1500 13:58:29     -865.639324        0.046362
FIRE:  1501 13:58:29     -865.639447        0.046169
FIRE:  1502 13:58:29     -865.639600        0.045922
FIRE:  1503 13:58:29     -865.639782        0.045632
FIRE:  1504 13:58:30     -865.640009        0.045304
FIRE:  1505 13:58:30     -865.640280        0.044921
FIRE:  1506 13:58:30     -865.640602        0.044400
FIRE:  1507 13:58:30     -865.640981        0.043592
FIRE:  1508 13:58:30     -865.641424        0.042352
FIRE:  1509 13:58:30     -865.641930        0.040641
FIRE:  1510 13:58:30     -865.642510        0.038467
FIRE:  1511 13:58:30     -865.643173        0.035455
FIRE:  1512 13:58:30     -865.643879        0.031034
FIRE:  1513 13:58:31     -865.644615        0.025427
FIRE:  1514 13:58:31     -865.645365        0.018194
[prep] P1_Al2O3_A: fmax 0.0182 (target 0.02) · steps 1514 · converged True · 2.9 min
WARNING:root:If 'dataset_list' is provided in the config, the code assumes that each dataset maps to itself. Please use 'dataset_mapping' as 'dataset_list' is deprecated and will be removed in the future.
      Step     Time          Energy          fmax
FIRE:    0 13:58:41     -842.174596        1.533289
FIRE:    1 13:58:41     -842.568023        1.127813
FIRE:    2 13:58:41     -843.127294        0.821455
FIRE:    3 13:58:41     -843.631165        0.797071
FIRE:    4 13:58:41     -844.107354        1.092403
FIRE:    5 13:58:41     -844.698590        1.360260
FIRE:    6 13:58:41     -845.284647        1.396660
FIRE:    7 13:58:41     -845.728842        1.316109
FIRE:    8 13:58:42     -846.007653        1.101381
FIRE:    9 13:58:42     -846.195737        1.247808
FIRE:   10 13:58:42     -846.396993        1.276448
FIRE:   11 13:58:42     -846.636717        1.117937
FIRE:   12 13:58:42     -846.856660        0.939114
FIRE:   13 13:58:42     -847.024332        0.976954
FIRE:   14 13:58:42     -847.142754        0.800625
FIRE:   15 13:58:42     -847.258816        0.781386
FIRE:   16 13:58:42     -847.405372        0.585135
FIRE:   17 13:58:43     -847.559179        0.661700
FIRE:   18 13:58:43     -847.712019        0.704814
FIRE:   19 13:58:43     -847.865503        0.545077
FIRE:   20 13:58:43     -847.996009        0.409357
FIRE:   21 13:58:43     -848.081971        0.719229
FIRE:   22 13:58:43     -848.197852        0.705941
FIRE:   23 13:58:43     -848.328038        0.329274
FIRE:   24 13:58:43     -848.439543        0.422023
FIRE:   25 13:58:43     -848.554228        0.466833
FIRE:   26 13:58:44     -848.665956        0.338092
FIRE:   27 13:58:44     -848.772658        0.298253
FIRE:   28 13:58:44     -848.863494        0.332660
FIRE:   29 13:58:44     -848.951019        0.271014
FIRE:   30 13:58:44     -849.058461        0.266083
FIRE:   31 13:58:44     -849.161339        0.281634
FIRE:   32 13:58:44     -849.257189        0.293430
FIRE:   33 13:58:44     -849.354881        0.296227
FIRE:   34 13:58:44     -849.456482        0.280549
FIRE:   35 13:58:45     -849.554201        0.246833
FIRE:   36 13:58:45     -849.649851        0.198154
FIRE:   37 13:58:45     -849.748341        0.200710
FIRE:   38 13:58:45     -849.840294        0.219010
FIRE:   39 13:58:45     -849.930380        0.230950
FIRE:   40 13:58:45     -850.025468        0.234586
FIRE:   41 13:58:45     -850.124237        0.230954
FIRE:   42 13:58:45     -850.225261        0.216559
FIRE:   43 13:58:45     -850.325676        0.186390
FIRE:   44 13:58:46     -850.423603        0.150246
FIRE:   45 13:58:46     -850.519013        0.146712
FIRE:   46 13:58:46     -850.608240        0.142596
FIRE:   47 13:58:46     -850.690761        0.186543
FIRE:   48 13:58:46     -850.768618        0.226250
FIRE:   49 13:58:46     -850.842298        0.227268
FIRE:   50 13:58:46     -850.912663        0.184336
FIRE:   51 13:58:46     -850.980760        0.285307
FIRE:   52 13:58:46     -851.049542        0.353752
FIRE:   53 13:58:47     -851.124485        0.357094
FIRE:   54 13:58:47     -851.206913        0.300771
FIRE:   55 13:58:47     -851.291328        0.216326
FIRE:   56 13:58:47     -851.373256        0.165328
FIRE:   57 13:58:47     -851.452603        0.158734
FIRE:   58 13:58:47     -851.530443        0.174397
FIRE:   59 13:58:47     -851.608053        0.202124
FIRE:   60 13:58:47     -851.686448        0.209656
FIRE:   61 13:58:47     -851.766332        0.204675
FIRE:   62 13:58:48     -851.847271        0.208108
FIRE:   63 13:58:48     -851.927452        0.221204
FIRE:   64 13:58:48     -852.004960        0.234167
FIRE:   65 13:58:48     -852.078820        0.244745
FIRE:   66 13:58:48     -852.149006        0.248911
FIRE:   67 13:58:48     -852.215362        0.242104
FIRE:   68 13:58:48     -852.277443        0.236108
FIRE:   69 13:58:48     -852.334369        0.258359
FIRE:   70 13:58:49     -852.384281        0.245245
FIRE:   71 13:58:49     -852.425455        0.265337
FIRE:   72 13:58:49     -852.457894        0.281153
FIRE:   73 13:58:49     -852.484647        0.299447
FIRE:   74 13:58:49     -852.511491        0.399286
FIRE:   75 13:58:49     -852.543218        0.424968
FIRE:   76 13:58:49     -852.580343        0.366459
FIRE:   77 13:58:49     -852.620970        0.255461
FIRE:   78 13:58:50     -852.664162        0.257989
FIRE:   79 13:58:50     -852.709641        0.253840
FIRE:   80 13:58:50     -852.756158        0.220399
FIRE:   81 13:58:50     -852.802382        0.204767
FIRE:   82 13:58:50     -852.848081        0.210646
FIRE:   83 13:58:50     -852.893342        0.184883
FIRE:   84 13:58:50     -852.937616        0.176947
FIRE:   85 13:58:50     -852.980048        0.171537
FIRE:   86 13:58:51     -853.021009        0.170659
FIRE:   87 13:58:51     -853.062337        0.160327
FIRE:   88 13:58:51     -853.105111        0.175131
FIRE:   89 13:58:51     -853.148770        0.215681
FIRE:   90 13:58:51     -853.192339        0.243344
FIRE:   91 13:58:51     -853.235097        0.246261
FIRE:   92 13:58:51     -853.276766        0.211793
FIRE:   93 13:58:51     -853.317480        0.191569
FIRE:   94 13:58:52     -853.357129        0.194442
FIRE:   95 13:58:52     -853.395068        0.213354
FIRE:   96 13:58:52     -853.430542        0.241430
FIRE:   97 13:58:52     -853.462843        0.242607
FIRE:   98 13:58:52     -853.491922        0.216433
FIRE:   99 13:58:52     -853.519242        0.260252
FIRE:  100 13:58:52     -853.547165        0.293601
FIRE:  101 13:58:52     -853.576875        0.268415
FIRE:  102 13:58:53     -853.608221        0.201041
FIRE:  103 13:58:53     -853.641188        0.222345
FIRE:  104 13:58:53     -853.675647        0.224076
FIRE:  105 13:58:53     -853.709433        0.201455
FIRE:  106 13:58:53     -853.738171        0.171674
FIRE:  107 13:58:53     -853.757802        0.167618
FIRE:  108 13:58:53     -853.766541        0.202668
FIRE:  109 13:58:53     -853.868371        0.147619
FIRE:  110 13:58:53     -853.902754        0.463006
FIRE:  111 13:58:54     -853.912102        0.587025
FIRE:  112 13:58:54     -853.936046        0.249600
FIRE:  113 13:58:54     -853.943033        0.239479
FIRE:  114 13:58:54     -853.944409        0.203140
FIRE:  115 13:58:54     -853.946658        0.135884
FIRE:  116 13:58:54     -853.949060        0.113545
FIRE:  117 13:58:54     -853.951116        0.113028
FIRE:  118 13:58:54     -853.952941        0.118829
FIRE:  119 13:58:54     -853.955069        0.160490
FIRE:  120 13:58:55     -853.957925        0.163686
FIRE:  121 13:58:55     -853.961911        0.124908
FIRE:  122 13:58:55     -853.966692        0.119145
FIRE:  123 13:58:55     -853.971607        0.122461
FIRE:  124 13:58:55     -853.976939        0.125820
FIRE:  125 13:58:55     -853.983833        0.128695
FIRE:  126 13:58:55     -853.992353        0.131016
FIRE:  127 13:58:55     -854.001538        0.133571
FIRE:  128 13:58:55     -854.012613        0.137594
FIRE:  129 13:58:56     -854.026023        0.143192
FIRE:  130 13:58:56     -854.040937        0.148334
FIRE:  131 13:58:56     -854.058665        0.151132
FIRE:  132 13:58:56     -854.078365        0.153398
FIRE:  133 13:58:56     -854.100667        0.154078
FIRE:  134 13:58:56     -854.125305        0.143737
FIRE:  135 13:58:56     -854.150561        0.116389
FIRE:  136 13:58:56     -854.170379        0.218908
FIRE:  137 13:58:56     -854.163298        0.658941
FIRE:  138 13:58:57     -854.193279        0.109338
FIRE:  139 13:58:57     -854.173751        0.558502
FIRE:  140 13:58:57     -854.183852        0.420373
FIRE:  141 13:58:57     -854.194949        0.173683
FIRE:  142 13:58:57     -854.197251        0.129218
FIRE:  143 13:58:57     -854.197418        0.120779
FIRE:  144 13:58:57     -854.197721        0.104515
FIRE:  145 13:58:57     -854.198114        0.081693
FIRE:  146 13:58:57     -854.198547        0.072355
FIRE:  147 13:58:58     -854.198969        0.068740
FIRE:  148 13:58:58     -854.199360        0.066158
FIRE:  149 13:58:58     -854.199738        0.064596
FIRE:  150 13:58:58     -854.200161        0.063414
FIRE:  151 13:58:58     -854.200729        0.066047
FIRE:  152 13:58:58     -854.201483        0.065161
FIRE:  153 13:58:58     -854.202483        0.053223
FIRE:  154 13:58:58     -854.203680        0.047954
FIRE:  155 13:58:59     -854.204989        0.046970
FIRE:  156 13:58:59     -854.206422        0.048932
FIRE:  157 13:58:59     -854.208159        0.052746
FIRE:  158 13:58:59     -854.210307        0.047867
FIRE:  159 13:58:59     -854.212729        0.050156
FIRE:  160 13:58:59     -854.215419        0.052050
FIRE:  161 13:58:59     -854.218719        0.052482
FIRE:  162 13:58:59     -854.222479        0.057852
FIRE:  163 13:58:59     -854.226887        0.060597
FIRE:  164 13:59:00     -854.232147        0.060133
FIRE:  165 13:59:00     -854.238330        0.062052
FIRE:  166 13:59:00     -854.245623        0.064432
FIRE:  167 13:59:00     -854.254391        0.073261
FIRE:  168 13:59:00     -854.264896        0.079229
FIRE:  169 13:59:00     -854.277553        0.102988
FIRE:  170 13:59:00     -854.291607        0.267491
FIRE:  171 13:59:00     -854.296597        0.757518
FIRE:  172 13:59:01     -854.312889        0.096653
FIRE:  173 13:59:01     -854.313086        0.097055
FIRE:  174 13:59:01     -854.313428        0.097739
FIRE:  175 13:59:01     -854.313912        0.098468
FIRE:  176 13:59:01     -854.314522        0.098961
FIRE:  177 13:59:01     -854.315296        0.098984
FIRE:  178 13:59:01     -854.316238        0.098443
FIRE:  179 13:59:01     -854.317330        0.097431
FIRE:  180 13:59:01     -854.318688        0.096041
FIRE:  181 13:59:02     -854.320376        0.094617
FIRE:  182 13:59:02     -854.322482        0.093447
FIRE:  183 13:59:02     -854.325086        0.092303
FIRE:  184 13:59:02     -854.328245        0.090072
FIRE:  185 13:59:02     -854.332104        0.085355
FIRE:  186 13:59:02     -854.336701        0.077965
FIRE:  187 13:59:02     -854.342135        0.068869
FIRE:  188 13:59:02     -854.348399        0.056417
FIRE:  189 13:59:03     -854.355481        0.047326
FIRE:  190 13:59:03     -854.363323        0.048545
FIRE:  191 13:59:03     -854.371987        0.071414
FIRE:  192 13:59:03     -854.381110        0.185580
FIRE:  193 13:59:03     -854.386488        0.528439
FIRE:  194 13:59:03     -854.393002        0.047723
FIRE:  195 13:59:03     -854.389232        0.455906
FIRE:  196 13:59:03     -854.391318        0.348267
FIRE:  197 13:59:03     -854.393719        0.157693
FIRE:  198 13:59:04     -854.394474        0.072346
FIRE:  199 13:59:04     -854.394512        0.067955
FIRE:  200 13:59:04     -854.394578        0.059433
FIRE:  201 13:59:04     -854.394678        0.047772
FIRE:  202 13:59:04     -854.394799        0.047781
FIRE:  203 13:59:04     -854.394938        0.047792
FIRE:  204 13:59:04     -854.395081        0.047803
FIRE:  205 13:59:04     -854.395245        0.047813
FIRE:  206 13:59:04     -854.395438        0.047823
FIRE:  207 13:59:05     -854.395694        0.047834
FIRE:  208 13:59:05     -854.396017        0.047839
FIRE:  209 13:59:05     -854.396413        0.047841
FIRE:  210 13:59:05     -854.396924        0.047834
FIRE:  211 13:59:05     -854.397519        0.047817
FIRE:  212 13:59:05     -854.398236        0.047788
FIRE:  213 13:59:05     -854.399108        0.047743
FIRE:  214 13:59:06     -854.400175        0.047679
FIRE:  215 13:59:06     -854.401452        0.047579
FIRE:  216 13:59:06     -854.402960        0.047411
FIRE:  217 13:59:06     -854.404788        0.047122
FIRE:  218 13:59:06     -854.406975        0.046626
FIRE:  219 13:59:06     -854.409590        0.045808
FIRE:  220 13:59:06     -854.412746        0.044529
FIRE:  221 13:59:06     -854.416531        0.042541
FIRE:  222 13:59:06     -854.421082        0.039451
FIRE:  223 13:59:07     -854.426549        0.037453
FIRE:  224 13:59:07     -854.433012        0.037632
FIRE:  225 13:59:07     -854.440520        0.036683
FIRE:  226 13:59:07     -854.448834        0.075427
FIRE:  227 13:59:07     -854.455504        0.303651
FIRE:  228 13:59:07     -854.438899        1.051921
FIRE:  229 13:59:07     -854.464684        0.237011
FIRE:  230 13:59:07     -854.465452        0.166933
FIRE:  231 13:59:07     -854.466217        0.046603
FIRE:  232 13:59:08     -854.466339        0.085391
FIRE:  233 13:59:08     -854.466376        0.078903
FIRE:  234 13:59:08     -854.466445        0.066453
FIRE:  235 13:59:08     -854.466544        0.049147
FIRE:  236 13:59:08     -854.466637        0.044956
FIRE:  237 13:59:08     -854.466743        0.044860
FIRE:  238 13:59:08     -854.466837        0.044786
FIRE:  239 13:59:08     -854.466939        0.044751
FIRE:  240 13:59:08     -854.467056        0.044771
FIRE:  241 13:59:09     -854.467222        0.046367
FIRE:  242 13:59:09     -854.467447        0.045070
FIRE:  243 13:59:09     -854.467741        0.045390
FIRE:  244 13:59:09     -854.468075        0.045835
FIRE:  245 13:59:09     -854.468457        0.046368
FIRE:  246 13:59:09     -854.468921        0.046919
FIRE:  247 13:59:09     -854.469529        0.047435
FIRE:  248 13:59:09     -854.470239        0.047923
FIRE:  249 13:59:10     -854.471068        0.048533
FIRE:  250 13:59:10     -854.472101        0.049498
FIRE:  251 13:59:10     -854.473360        0.050934
FIRE:  252 13:59:10     -854.474856        0.052622
FIRE:  253 13:59:10     -854.476727        0.054243
FIRE:  254 13:59:10     -854.479008        0.056087
FIRE:  255 13:59:10     -854.481856        0.058584
FIRE:  256 13:59:10     -854.485443        0.060744
FIRE:  257 13:59:10     -854.489938        0.062113
FIRE:  258 13:59:11     -854.495593        0.062674
FIRE:  259 13:59:11     -854.502242        0.143545
FIRE:  260 13:59:11     -854.506739        0.428693
FIRE:  261 13:59:11     -854.511566        0.076217
FIRE:  262 13:59:11     -854.511649        0.076212
FIRE:  263 13:59:11     -854.511801        0.076224
FIRE:  264 13:59:11     -854.512032        0.076297
FIRE:  265 13:59:11     -854.512327        0.076478
FIRE:  266 13:59:11     -854.512701        0.076805
FIRE:  267 13:59:12     -854.513153        0.077296
FIRE:  268 13:59:12     -854.513684        0.077931
FIRE:  269 13:59:12     -854.514356        0.078748
FIRE:  270 13:59:12     -854.515204        0.079693
FIRE:  271 13:59:12     -854.516276        0.080701
FIRE:  272 13:59:12     -854.517632        0.081787
FIRE:  273 13:59:12     -854.519308        0.083111
FIRE:  274 13:59:12     -854.521422        0.084823
FIRE:  275 13:59:12     -854.524052        0.086727
FIRE:  276 13:59:13     -854.527311        0.088142
FIRE:  277 13:59:13     -854.531332        0.088498
FIRE:  278 13:59:13     -854.536200        0.087262
FIRE:  279 13:59:13     -854.541933        0.082007
FIRE:  280 13:59:13     -854.548287        0.069528
FIRE:  281 13:59:13     -854.554585        0.048272
FIRE:  282 13:59:13     -854.559540        0.059604
FIRE:  283 13:59:13     -854.560163        0.269330
FIRE:  284 13:59:14     -854.562599        0.059649
FIRE:  285 13:59:14     -854.561481        0.239875
FIRE:  286 13:59:14     -854.562309        0.179803
FIRE:  287 13:59:14     -854.563233        0.074527
FIRE:  288 13:59:14     -854.563497        0.048706
FIRE:  289 13:59:14     -854.563527        0.045592
FIRE:  290 13:59:14     -854.563571        0.045354
FIRE:  291 13:59:14     -854.563625        0.044990
FIRE:  292 13:59:15     -854.563695        0.044497
FIRE:  293 13:59:15     -854.563771        0.043861
FIRE:  294 13:59:15     -854.563853        0.043072
FIRE:  295 13:59:15     -854.563927        0.042120
FIRE:  296 13:59:15     -854.564030        0.040883
FIRE:  297 13:59:15     -854.564158        0.039299
FIRE:  298 13:59:15     -854.564316        0.037320
FIRE:  299 13:59:15     -854.564522        0.034903
FIRE:  300 13:59:15     -854.564752        0.032042
FIRE:  301 13:59:16     -854.565013        0.028784
FIRE:  302 13:59:16     -854.565308        0.025276
FIRE:  303 13:59:16     -854.565652        0.021744
FIRE:  304 13:59:16     -854.566046        0.018494
[prep] P2_Al2S3_A: fmax 0.0185 (target 0.02) · steps 304 · converged True · 0.6 min
WARNING:root:If 'dataset_list' is provided in the config, the code assumes that each dataset maps to itself. Please use 'dataset_mapping' as 'dataset_list' is deprecated and will be removed in the future.
      Step     Time          Energy          fmax
FIRE:    0 13:59:26     -846.611361        4.909144
FIRE:    1 13:59:26     -848.546103        5.107541
FIRE:    2 13:59:26     -851.108024        5.082095
FIRE:    3 13:59:26     -853.335736        4.258640
FIRE:    4 13:59:27     -854.786558        1.854250
FIRE:    5 13:59:27     -854.765916        7.046975
FIRE:    6 13:59:27     -855.180453        4.899295
FIRE:    7 13:59:27     -855.624789        2.042784
FIRE:    8 13:59:27     -855.845802        1.593710
FIRE:    9 13:59:27     -855.910719        2.581582
FIRE:   10 13:59:27     -855.933088        2.517509
FIRE:   11 13:59:27     -855.975949        2.387934
FIRE:   12 13:59:28     -856.035634        2.190849
FIRE:   13 13:59:28     -856.107085        1.925302
FIRE:   14 13:59:28     -856.184362        1.595068
FIRE:   15 13:59:28     -856.261639        1.216544
FIRE:   16 13:59:28     -856.334522        0.880957
FIRE:   17 13:59:28     -856.408300        0.760801
FIRE:   18 13:59:28     -856.484999        1.240859
FIRE:   19 13:59:28     -856.573802        1.602773
FIRE:   20 13:59:28     -856.688086        1.674485
FIRE:   21 13:59:29     -856.834936        1.359555
FIRE:   22 13:59:29     -857.003633        0.678293
FIRE:   23 13:59:29     -857.169722        0.571154
FIRE:   24 13:59:29     -857.325268        0.878431
FIRE:   25 13:59:29     -857.495270        1.124673
FIRE:   26 13:59:29     -857.698533        0.801816
FIRE:   27 13:59:29     -857.905664        0.456100
FIRE:   28 13:59:29     -858.091378        1.019818
FIRE:   29 13:59:29     -858.306133        0.663277
FIRE:   30 13:59:30     -858.520042        0.558479
FIRE:   31 13:59:30     -858.720156        0.776955
FIRE:   32 13:59:30     -858.924327        0.427567
FIRE:   33 13:59:30     -859.070392        0.857403
FIRE:   34 13:59:30     -859.196031        0.518620
FIRE:   35 13:59:30     -859.264704        0.683976
FIRE:   36 13:59:30     -859.344233        0.447667
FIRE:   37 13:59:30     -859.420299        0.797510
FIRE:   38 13:59:30     -859.531351        0.381729
FIRE:   39 13:59:31     -859.627275        0.592804
FIRE:   40 13:59:31     -859.706270        0.587745
FIRE:   41 13:59:31     -859.784738        0.486814
FIRE:   42 13:59:31     -859.859715        0.506158
FIRE:   43 13:59:31     -859.921758        0.739670
FIRE:   44 13:59:31     -859.977239        0.879748
FIRE:   45 13:59:31     -859.992122        1.383019
FIRE:   46 13:59:31     -860.026112        0.425885
FIRE:   47 13:59:31     -860.032327        0.641186
FIRE:   48 13:59:32     -860.035692        0.550304
FIRE:   49 13:59:32     -860.041164        0.378421
FIRE:   50 13:59:32     -860.046962        0.223180
FIRE:   51 13:59:32     -860.051796        0.223069
FIRE:   52 13:59:32     -860.055932        0.305132
FIRE:   53 13:59:32     -860.060832        0.418079
FIRE:   54 13:59:32     -860.067644        0.417762
FIRE:   55 13:59:32     -860.077189        0.293810
FIRE:   56 13:59:32     -860.088105        0.217174
FIRE:   57 13:59:32     -860.098666        0.214560
FIRE:   58 13:59:33     -860.110036        0.337429
FIRE:   59 13:59:33     -860.124977        0.276424
FIRE:   60 13:59:33     -860.142319        0.204583
FIRE:   61 13:59:33     -860.159171        0.276362
FIRE:   62 13:59:33     -860.179824        0.220486
FIRE:   63 13:59:33     -860.202714        0.176164
FIRE:   64 13:59:33     -860.227397        0.234179
FIRE:   65 13:59:33     -860.256596        0.197852
FIRE:   66 13:59:33     -860.289292        0.185189
FIRE:   67 13:59:34     -860.325405        0.311170
FIRE:   68 13:59:34     -860.368745        0.283660
FIRE:   69 13:59:34     -860.419495        0.216737
FIRE:   70 13:59:34     -860.481597        0.383505
FIRE:   71 13:59:34     -860.545254        1.008732
FIRE:   72 13:59:34     -860.531989        2.673998
FIRE:   73 13:59:34     -860.635098        0.860771
FIRE:   74 13:59:34     -860.644635        0.629461
FIRE:   75 13:59:34     -860.654990        0.208474
FIRE:   76 13:59:35     -860.657626        0.291946
FIRE:   77 13:59:35     -860.658187        0.270094
FIRE:   78 13:59:35     -860.659207        0.228421
FIRE:   79 13:59:35     -860.660543        0.196485
FIRE:   80 13:59:35     -860.662055        0.196292
FIRE:   81 13:59:35     -860.663633        0.196049
FIRE:   82 13:59:35     -860.665271        0.195748
FIRE:   83 13:59:35     -860.667033        0.195395
FIRE:   84 13:59:35     -860.669302        0.194944
FIRE:   85 13:59:36     -860.672298        0.194373
FIRE:   86 13:59:36     -860.676224        0.193649
FIRE:   87 13:59:36     -860.681150        0.192722
FIRE:   88 13:59:36     -860.687022        0.191515
FIRE:   89 13:59:36     -860.693928        0.189924
FIRE:   90 13:59:36     -860.702402        0.187816
FIRE:   91 13:59:36     -860.713053        0.185001
FIRE:   92 13:59:36     -860.725916        0.181211
FIRE:   93 13:59:36     -860.741148        0.176075
FIRE:   94 13:59:37     -860.759891        0.177990
FIRE:   95 13:59:37     -860.782486        0.182028
FIRE:   96 13:59:37     -860.809572        0.186850
FIRE:   97 13:59:37     -860.842460        0.192494
FIRE:   98 13:59:37     -860.881840        0.198868
FIRE:   99 13:59:37     -860.929114        0.205670
FIRE:  100 13:59:37     -860.985764        0.212360
FIRE:  101 13:59:37     -861.053034        0.217199
FIRE:  102 13:59:37     -861.131618        0.259699
FIRE:  103 13:59:38     -861.211139        0.733206
FIRE:  104 13:59:38     -861.257543        1.600415
FIRE:  105 13:59:38     -861.302675        0.180441
FIRE:  106 13:59:38     -861.273025        1.755614
FIRE:  107 13:59:38     -861.292624        1.186690
FIRE:  108 13:59:38     -861.310957        0.311541
FIRE:  109 13:59:38     -861.312045        0.530528
FIRE:  110 13:59:38     -861.312673        0.497704
FIRE:  111 13:59:39     -861.313817        0.433735
FIRE:  112 13:59:39     -861.315299        0.342178
FIRE:  113 13:59:39     -861.316876        0.228863
FIRE:  114 13:59:39     -861.318378        0.177555
FIRE:  115 13:59:39     -861.319708        0.177300
FIRE:  116 13:59:39     -861.320956        0.177003
FIRE:  117 13:59:39     -861.322383        0.228102
FIRE:  118 13:59:39     -861.324349        0.279910
FIRE:  119 13:59:39     -861.327145        0.275570
FIRE:  120 13:59:40     -861.330907        0.205023
FIRE:  121 13:59:40     -861.335490        0.174017
FIRE:  122 13:59:40     -861.340585        0.172903
FIRE:  123 13:59:40     -861.346415        0.206590
FIRE:  124 13:59:40     -861.353848        0.226502
FIRE:  125 13:59:40     -861.363392        0.167283
FIRE:  126 13:59:40     -861.374487        0.164238
FIRE:  127 13:59:40     -861.387498        0.195653
FIRE:  128 13:59:41     -861.403949        0.162117
FIRE:  129 13:59:41     -861.423205        0.162562
FIRE:  130 13:59:41     -861.446545        0.164293
FIRE:  131 13:59:41     -861.474495        0.167076
FIRE:  132 13:59:41     -861.508074        0.170986
FIRE:  133 13:59:41     -861.547506        0.223143
FIRE:  134 13:59:41     -861.594395        0.230254
FIRE:  135 13:59:41     -861.648791        0.256492
FIRE:  136 13:59:41     -861.709459        0.500910
FIRE:  137 13:59:42     -861.762562        1.216580
FIRE:  138 13:59:42     -861.754432        3.228326
FIRE:  139 13:59:42     -861.839997        0.848376
FIRE:  140 13:59:42     -861.844614        0.635507
FIRE:  141 13:59:42     -861.850098        0.246675
FIRE:  142 13:59:42     -861.852324        0.224186
FIRE:  143 13:59:42     -861.852539        0.208771
FIRE:  144 13:59:42     -861.852962        0.179142
FIRE:  145 13:59:43     -861.853556        0.137884
FIRE:  146 13:59:43     -861.854269        0.131503
FIRE:  147 13:59:43     -861.855094        0.131479
FIRE:  148 13:59:43     -861.856005        0.131414
FIRE:  149 13:59:43     -861.857032        0.131290
FIRE:  150 13:59:43     -861.858314        0.131071
FIRE:  151 13:59:43     -861.859951        0.130726
FIRE:  152 13:59:43     -861.862051        0.130219
FIRE:  153 13:59:43     -861.864678        0.129531
FIRE:  154 13:59:44     -861.867893        0.128652
FIRE:  155 13:59:44     -861.871735        0.127615
FIRE:  156 13:59:44     -861.876405        0.126464
FIRE:  157 13:59:44     -861.882152        0.125234
FIRE:  158 13:59:44     -861.889138        0.123873
FIRE:  159 13:59:44     -861.897487        0.122196
FIRE:  160 13:59:44     -861.907549        0.119935
FIRE:  161 13:59:44     -861.919737        0.118432
FIRE:  162 13:59:45     -861.934262        0.117081
FIRE:  163 13:59:45     -861.951794        0.116284
FIRE:  164 13:59:45     -861.972680        0.119126
FIRE:  165 13:59:45     -861.997709        0.121806
FIRE:  166 13:59:45     -862.027382        0.123546
FIRE:  167 13:59:45     -862.062222        0.122913
FIRE:  168 13:59:45     -862.102212        0.237985
FIRE:  169 13:59:45     -862.144132        0.585985
FIRE:  170 13:59:45     -862.170707        1.625988
FIRE:  171 13:59:46     -862.197983        0.145185
FIRE:  172 13:59:46     -862.198338        0.145231
FIRE:  173 13:59:46     -862.199032        0.145318
FIRE:  174 13:59:46     -862.200029        0.145445
FIRE:  175 13:59:46     -862.201334        0.145607
FIRE:  176 13:59:46     -862.202963        0.145796
FIRE:  177 13:59:46     -862.204923        0.146006
FIRE:  178 13:59:46     -862.207204        0.146230
FIRE:  179 13:59:46     -862.210051        0.146483
FIRE:  180 13:59:47     -862.213614        0.146756
FIRE:  181 13:59:47     -862.218066        0.147022
FIRE:  182 13:59:47     -862.223576        0.147227
FIRE:  183 13:59:47     -862.230333        0.147266
FIRE:  184 13:59:47     -862.238639        0.146959
FIRE:  185 13:59:47     -862.248765        0.146000
FIRE:  186 13:59:47     -862.261075        0.143896
FIRE:  187 13:59:47     -862.275969        0.139844
FIRE:  188 13:59:47     -862.293881        0.132616
FIRE:  189 13:59:48     -862.315203        0.120505
FIRE:  190 13:59:48     -862.340208        0.101564
FIRE:  191 13:59:48     -862.368701        0.191316
FIRE:  192 13:59:48     -862.397047        0.634450
FIRE:  193 13:59:48     -862.399282        1.657822
FIRE:  194 13:59:48     -862.436463        0.171130
FIRE:  195 13:59:48     -862.406600        1.844335
FIRE:  196 13:59:48     -862.423522        1.269747
FIRE:  197 13:59:48     -862.438721        0.379766
FIRE:  198 13:59:49     -862.438132        0.501277
FIRE:  199 13:59:49     -862.438565        0.470859
FIRE:  200 13:59:49     -862.439327        0.411536
FIRE:  201 13:59:49     -862.440270        0.326325
FIRE:  202 13:59:49     -862.441233        0.220040
FIRE:  203 13:59:49     -862.442030        0.099955
FIRE:  204 13:59:49     -862.442582        0.079322
FIRE:  205 13:59:49     -862.442914        0.132806
FIRE:  206 13:59:50     -862.443210        0.223340
FIRE:  207 13:59:50     -862.443717        0.278828
FIRE:  208 13:59:50     -862.444628        0.285275
FIRE:  209 13:59:50     -862.446059        0.232881
FIRE:  210 13:59:50     -862.447854        0.121431
FIRE:  211 13:59:50     -862.449690        0.081037
FIRE:  212 13:59:50     -862.451477        0.162955
FIRE:  213 13:59:51     -862.453750        0.218290
FIRE:  214 13:59:51     -862.457035        0.157157
FIRE:  215 13:59:51     -862.460947        0.084038
FIRE:  216 13:59:51     -862.465083        0.174833
FIRE:  217 13:59:51     -862.470531        0.159539
FIRE:  218 13:59:51     -862.477279        0.088196
FIRE:  219 13:59:51     -862.484942        0.174375
FIRE:  220 13:59:51     -862.494959        0.092423
FIRE:  221 13:59:52     -862.506546        0.181869
FIRE:  222 13:59:52     -862.521293        0.103258
FIRE:  223 13:59:52     -862.539283        0.100174
FIRE:  224 13:59:52     -862.561099        0.214198
FIRE:  225 13:59:52     -862.586729        0.432821
FIRE:  226 13:59:52     -862.613077        0.926296
FIRE:  227 13:59:52     -862.606569        1.995519
FIRE:  228 13:59:52     -862.662546        0.213537
FIRE:  229 13:59:53     -862.614221        2.366928
FIRE:  230 13:59:53     -862.642625        1.571039
FIRE:  231 13:59:53     -862.666111        0.388046
FIRE:  232 13:59:53     -862.662680        0.717590
FIRE:  233 13:59:53     -862.663528        0.674257
FIRE:  234 13:59:53     -862.665051        0.589336
FIRE:  235 13:59:53     -862.666922        0.466713
FIRE:  236 13:59:53     -862.668744        0.312666
FIRE:  237 13:59:53     -862.670173        0.157110
FIRE:  238 13:59:54     -862.671009        0.157458
FIRE:  239 13:59:54     -862.671342        0.205725
FIRE:  240 13:59:54     -862.671539        0.335937
FIRE:  241 13:59:54     -862.672090        0.412817
FIRE:  242 13:59:54     -862.673433        0.416515
FIRE:  243 13:59:54     -862.675740        0.333733
FIRE:  244 13:59:54     -862.678643        0.166202
FIRE:  245 13:59:54     -862.681381        0.165104
FIRE:  246 13:59:54     -862.683852        0.244821
FIRE:  247 13:59:55     -862.687153        0.319328
FIRE:  248 13:59:55     -862.692308        0.229070
FIRE:  249 13:59:55     -862.698520        0.177113
FIRE:  250 13:59:55     -862.704868        0.253193
FIRE:  251 13:59:55     -862.713660        0.232767
FIRE:  252 13:59:55     -862.724922        0.194451
FIRE:  253 13:59:55     -862.737771        0.253863
FIRE:  254 13:59:55     -862.755383        0.211480
FIRE:  255 13:59:55     -862.776100        0.268886
FIRE:  256 13:59:56     -862.803629        0.230787
FIRE:  257 13:59:56     -862.837946        0.237378
FIRE:  258 13:59:56     -862.880100        0.343226
FIRE:  259 13:59:56     -862.928860        0.642690
FIRE:  260 13:59:56     -862.974371        1.379245
FIRE:  261 13:59:56     -862.995355        0.174399
FIRE:  262 13:59:56     -862.985933        1.042715
FIRE:  263 13:59:56     -862.991424        0.837197
FIRE:  264 13:59:56     -862.998567        0.449662
FIRE:  265 13:59:57     -863.002381        0.173155
FIRE:  266 13:59:57     -863.001570        0.522520
FIRE:  267 13:59:57     -863.002017        0.491076
FIRE:  268 13:59:57     -863.002828        0.430485
FIRE:  269 13:59:57     -863.003870        0.345188
FIRE:  270 13:59:57     -863.004982        0.241680
FIRE:  271 13:59:57     -863.006019        0.173254
FIRE:  272 13:59:57     -863.006909        0.173289
FIRE:  273 13:59:57     -863.007678        0.173321
FIRE:  274 13:59:58     -863.008498        0.175834
FIRE:  275 13:59:58     -863.009552        0.237950
FIRE:  276 13:59:58     -863.011073        0.261851
FIRE:  277 13:59:58     -863.013223        0.237259
FIRE:  278 13:59:58     -863.016020        0.173224
FIRE:  279 13:59:58     -863.019269        0.173059
FIRE:  280 13:59:58     -863.022828        0.172784
FIRE:  281 13:59:58     -863.027009        0.201348
FIRE:  282 13:59:58     -863.032474        0.187821
FIRE:  283 13:59:59     -863.039344        0.170572
FIRE:  284 13:59:59     -863.047104        0.168842
FIRE:  285 13:59:59     -863.056402        0.177565
FIRE:  286 13:59:59     -863.067993        0.161810
FIRE:  287 13:59:59     -863.081111        0.163764
FIRE:  288 13:59:59     -863.096907        0.145318
FIRE:  289 13:59:59     -863.114665        0.168948
FIRE:  290 13:59:59     -863.135209        0.109871
FIRE:  291 13:59:59     -863.157242        0.198671
FIRE:  292 14:00:00     -863.180558        0.282492
FIRE:  293 14:00:00     -863.204933        0.348221
FIRE:  294 14:00:00     -863.228803        0.535426
FIRE:  295 14:00:00     -863.245668        1.210916
FIRE:  296 14:00:00     -863.261836        0.117292
FIRE:  297 14:00:00     -863.253507        0.936255
FIRE:  298 14:00:00     -863.257993        0.742695
FIRE:  299 14:00:00     -863.263640        0.380544
FIRE:  300 14:00:00     -863.266160        0.113118
FIRE:  301 14:00:01     -863.266240        0.113113
FIRE:  302 14:00:01     -863.266389        0.113102
FIRE:  303 14:00:01     -863.266596        0.113085
FIRE:  304 14:00:01     -863.266866        0.113063
FIRE:  305 14:00:01     -863.267205        0.113034
FIRE:  306 14:00:01     -863.267589        0.112997
FIRE:  307 14:00:01     -863.268032        0.112952
FIRE:  308 14:00:01     -863.268578        0.112893
FIRE:  309 14:00:01     -863.269269        0.112814
FIRE:  310 14:00:01     -863.270137        0.112710
FIRE:  311 14:00:02     -863.271225        0.112572
FIRE:  312 14:00:02     -863.272542        0.112389
FIRE:  313 14:00:02     -863.274156        0.112149
FIRE:  314 14:00:02     -863.276101        0.111833
FIRE:  315 14:00:02     -863.278435        0.111409
FIRE:  316 14:00:02     -863.281246        0.110846
FIRE:  317 14:00:02     -863.284617        0.110081
FIRE:  318 14:00:02     -863.288617        0.109025
FIRE:  319 14:00:03     -863.293398        0.107554
FIRE:  320 14:00:03     -863.299090        0.107098
FIRE:  321 14:00:03     -863.305874        0.109844
FIRE:  322 14:00:03     -863.314017        0.113252
FIRE:  323 14:00:03     -863.323769        0.117399
FIRE:  324 14:00:03     -863.335518        0.122355
FIRE:  325 14:00:03     -863.349631        0.128280
FIRE:  326 14:00:03     -863.366605        0.134985
FIRE:  327 14:00:03     -863.386906        0.141722
FIRE:  328 14:00:04     -863.410775        0.170592
FIRE:  329 14:00:04     -863.434432        0.653723
FIRE:  330 14:00:04     -863.418047        1.906619
FIRE:  331 14:00:04     -863.469739        0.122485
FIRE:  332 14:00:04     -863.421553        2.308856
FIRE:  333 14:00:04     -863.450794        1.465483
FIRE:  334 14:00:04     -863.472185        0.243684
FIRE:  335 14:00:04     -863.464462        0.850370
FIRE:  336 14:00:05     -863.465693        0.795327
FIRE:  337 14:00:05     -863.467855        0.687523
FIRE:  338 14:00:05     -863.470418        0.531475
FIRE:  339 14:00:05     -863.472739        0.335030
FIRE:  340 14:00:05     -863.474243        0.118761
FIRE:  341 14:00:05     -863.474615        0.121079
FIRE:  342 14:00:05     -863.474640        0.118972
FIRE:  343 14:00:05     -863.474672        0.118241
FIRE:  344 14:00:05     -863.474721        0.118213
FIRE:  345 14:00:06     -863.474793        0.118171
FIRE:  346 14:00:06     -863.474865        0.118121
FIRE:  347 14:00:06     -863.474959        0.118061
FIRE:  348 14:00:06     -863.475063        0.117989
FIRE:  349 14:00:06     -863.475186        0.117894
FIRE:  350 14:00:06     -863.475346        0.117774
FIRE:  351 14:00:06     -863.475521        0.117620
FIRE:  352 14:00:06     -863.475747        0.117423
FIRE:  353 14:00:07     -863.476010        0.117171
FIRE:  354 14:00:07     -863.476333        0.116852
FIRE:  355 14:00:07     -863.476723        0.116449
FIRE:  356 14:00:07     -863.477225        0.115940
FIRE:  357 14:00:07     -863.477846        0.115302
FIRE:  358 14:00:07     -863.478603        0.114502
FIRE:  359 14:00:07     -863.479517        0.113495
FIRE:  360 14:00:07     -863.480606        0.112238
FIRE:  361 14:00:08     -863.481920        0.110662
FIRE:  362 14:00:08     -863.483510        0.108689
FIRE:  363 14:00:08     -863.485425        0.106205
FIRE:  364 14:00:08     -863.487698        0.103041
FIRE:  365 14:00:08     -863.490391        0.098977
FIRE:  366 14:00:08     -863.493594        0.093733
FIRE:  367 14:00:08     -863.497334        0.086975
FIRE:  368 14:00:08     -863.501675        0.078340
FIRE:  369 14:00:09     -863.506701        0.068972
FIRE:  370 14:00:09     -863.512393        0.068378
FIRE:  371 14:00:09     -863.518802        0.067222
FIRE:  372 14:00:09     -863.525951        0.065177
FIRE:  373 14:00:09     -863.533892        0.061603
FIRE:  374 14:00:09     -863.542783        0.057099
FIRE:  375 14:00:09     -863.552843        0.057720
FIRE:  376 14:00:09     -863.563683        0.209156
FIRE:  377 14:00:09     -863.567947        0.801709
FIRE:  378 14:00:10     -863.576269        0.067279
FIRE:  379 14:00:10     -863.576375        0.059195
FIRE:  380 14:00:10     -863.576555        0.059243
FIRE:  381 14:00:10     -863.576804        0.059317
FIRE:  382 14:00:10     -863.577118        0.059419
FIRE:  383 14:00:10     -863.577516        0.059548
FIRE:  384 14:00:10     -863.577998        0.059706
FIRE:  385 14:00:10     -863.578555        0.059893
FIRE:  386 14:00:10     -863.579220        0.060138
FIRE:  387 14:00:11     -863.580064        0.060454
FIRE:  388 14:00:11     -863.581117        0.060863
FIRE:  389 14:00:11     -863.582374        0.061396
FIRE:  390 14:00:11     -863.583906        0.062090
FIRE:  391 14:00:11     -863.585769        0.062989
FIRE:  392 14:00:11     -863.587988        0.064146
FIRE:  393 14:00:11     -863.590667        0.065616
FIRE:  394 14:00:11     -863.593887        0.067478
FIRE:  395 14:00:12     -863.597719        0.069785
FIRE:  396 14:00:12     -863.602298        0.072506
FIRE:  397 14:00:12     -863.607614        0.142964
FIRE:  398 14:00:12     -863.612895        0.333610
FIRE:  399 14:00:12     -863.612989        0.894397
FIRE:  400 14:00:12     -863.621615        0.079647
FIRE:  401 14:00:12     -863.621699        0.079659
FIRE:  402 14:00:12     -863.621828        0.079682
FIRE:  403 14:00:12     -863.621997        0.079712
FIRE:  404 14:00:13     -863.622190        0.079749
FIRE:  405 14:00:13     -863.622445        0.079787
FIRE:  406 14:00:13     -863.622766        0.079824
FIRE:  407 14:00:13     -863.623153        0.079859
FIRE:  408 14:00:13     -863.623617        0.079888
FIRE:  409 14:00:13     -863.624175        0.079909
FIRE:  410 14:00:13     -863.624900        0.079909
FIRE:  411 14:00:13     -863.625805        0.079867
FIRE:  412 14:00:13     -863.626904        0.079742
FIRE:  413 14:00:14     -863.628270        0.079463
FIRE:  414 14:00:14     -863.629931        0.078932
FIRE:  415 14:00:14     -863.631957        0.077992
FIRE:  416 14:00:14     -863.634377        0.076374
FIRE:  417 14:00:14     -863.637298        0.073677
FIRE:  418 14:00:14     -863.640732        0.069305
FIRE:  419 14:00:14     -863.644686        0.062338
FIRE:  420 14:00:14     -863.648991        0.104537
FIRE:  421 14:00:15     -863.652247        0.368425
FIRE:  422 14:00:15     -863.644705        1.026341
FIRE:  423 14:00:15     -863.658167        0.044628
FIRE:  424 14:00:15     -863.658205        0.032820
FIRE:  425 14:00:15     -863.658256        0.024987
FIRE:  426 14:00:15     -863.658338        0.024338
FIRE:  427 14:00:15     -863.658432        0.025524
FIRE:  428 14:00:15     -863.658550        0.027920
FIRE:  429 14:00:16     -863.658697        0.021328
FIRE:  430 14:00:16     -863.658870        0.020737
FIRE:  431 14:00:16     -863.659070        0.020700
FIRE:  432 14:00:16     -863.659319        0.024908
FIRE:  433 14:00:16     -863.659645        0.020577
FIRE:  434 14:00:16     -863.660035        0.020478
FIRE:  435 14:00:16     -863.660502        0.020346
FIRE:  436 14:00:16     -863.661079        0.020466
FIRE:  437 14:00:17     -863.661762        0.022911
FIRE:  438 14:00:17     -863.662583        0.021275
FIRE:  439 14:00:17     -863.663550        0.021298
FIRE:  440 14:00:17     -863.664684        0.029272
FIRE:  441 14:00:17     -863.666001        0.040608
FIRE:  442 14:00:17     -863.667450        0.082467
FIRE:  443 14:00:17     -863.668766        0.183513
FIRE:  444 14:00:17     -863.668563        0.463641
FIRE:  445 14:00:17     -863.670953        0.019421
[prep] P1_Al2O3_B: fmax 0.0194 (target 0.02) · steps 445 · converged True · 0.9 min
WARNING:root:If 'dataset_list' is provided in the config, the code assumes that each dataset maps to itself. Please use 'dataset_mapping' as 'dataset_list' is deprecated and will be removed in the future.
      Step     Time          Energy          fmax
FIRE:    0 14:00:28     -843.802404        2.742891
FIRE:    1 14:00:28     -844.567059        1.894626
FIRE:    2 14:00:28     -845.636021        1.597440
FIRE:    3 14:00:28     -846.441145        1.153393
FIRE:    4 14:00:28     -846.956051        1.530816
FIRE:    5 14:00:29     -847.347973        1.562326
FIRE:    6 14:00:29     -847.612780        1.447892
FIRE:    7 14:00:29     -847.758441        1.734693
FIRE:    8 14:00:29     -847.804304        1.632325
FIRE:    9 14:00:29     -847.887546        1.440719
FIRE:   10 14:00:29     -847.993734        1.182456
FIRE:   11 14:00:29     -848.106630        0.883875
FIRE:   12 14:00:29     -848.212519        0.706130
FIRE:   13 14:00:30     -848.303342        0.718307
FIRE:   14 14:00:30     -848.377345        0.670092
FIRE:   15 14:00:30     -848.442852        0.516190
FIRE:   16 14:00:30     -848.501688        0.510040
FIRE:   17 14:00:30     -848.559569        0.654108
FIRE:   18 14:00:30     -848.626898        0.693900
FIRE:   19 14:00:30     -848.715954        0.621166
FIRE:   20 14:00:30     -848.832166        0.502507
FIRE:   21 14:00:31     -848.965369        0.421245
FIRE:   22 14:00:31     -849.093517        0.376139
FIRE:   23 14:00:31     -849.201969        0.496260
FIRE:   24 14:00:31     -849.293694        0.472665
FIRE:   25 14:00:31     -849.393355        0.418193
FIRE:   26 14:00:31     -849.505115        0.352215
FIRE:   27 14:00:31     -849.596770        0.406942
FIRE:   28 14:00:31     -849.669627        0.339750
FIRE:   29 14:00:31     -849.747819        0.327083
FIRE:   30 14:00:32     -849.826053        0.271816
FIRE:   31 14:00:32     -849.889777        0.215012
FIRE:   32 14:00:32     -849.946515        0.327074
FIRE:   33 14:00:32     -850.008917        0.202054
FIRE:   34 14:00:32     -850.070876        0.230837
FIRE:   35 14:00:32     -850.133123        0.186887
FIRE:   36 14:00:32     -850.202913        0.209689
FIRE:   37 14:00:32     -850.279340        0.212563
FIRE:   38 14:00:33     -850.354068        0.251203
FIRE:   39 14:00:33     -850.433705        0.210467
FIRE:   40 14:00:33     -850.514463        0.189459
FIRE:   41 14:00:33     -850.593903        0.180126
FIRE:   42 14:00:33     -850.677242        0.173534
FIRE:   43 14:00:33     -850.760495        0.187471
FIRE:   44 14:00:33     -850.844785        0.199021
FIRE:   45 14:00:33     -850.934508        0.214445
FIRE:   46 14:00:34     -851.026220        0.222903
FIRE:   47 14:00:34     -851.120275        0.219315
FIRE:   48 14:00:34     -851.213525        0.200786
FIRE:   49 14:00:34     -851.303474        0.184295
FIRE:   50 14:00:34     -851.387409        0.178102
FIRE:   51 14:00:34     -851.462916        0.170002
FIRE:   52 14:00:34     -851.531654        0.167958
FIRE:   53 14:00:34     -851.597888        0.206670
FIRE:   54 14:00:34     -851.665578        0.227693
FIRE:   55 14:00:35     -851.735235        0.201258
FIRE:   56 14:00:35     -851.804668        0.146515
FIRE:   57 14:00:35     -851.871149        0.142216
FIRE:   58 14:00:35     -851.934786        0.167865
FIRE:   59 14:00:35     -851.997656        0.176628
FIRE:   60 14:00:35     -852.060935        0.178909
FIRE:   61 14:00:35     -852.124684        0.196963
FIRE:   62 14:00:35     -852.189611        0.189972
FIRE:   63 14:00:35     -852.255530        0.199965
FIRE:   64 14:00:36     -852.320967        0.215706
FIRE:   65 14:00:36     -852.384321        0.225278
FIRE:   66 14:00:36     -852.444289        0.223389
FIRE:   67 14:00:36     -852.499714        0.205213
FIRE:   68 14:00:36     -852.550185        0.167622
FIRE:   69 14:00:36     -852.595723        0.148342
FIRE:   70 14:00:36     -852.636704        0.186240
FIRE:   71 14:00:36     -852.674440        0.230717
FIRE:   72 14:00:36     -852.712192        0.260337
FIRE:   73 14:00:37     -852.753130        0.269662
FIRE:   74 14:00:37     -852.797817        0.220393
FIRE:   75 14:00:37     -852.845161        0.154304
FIRE:   76 14:00:37     -852.894013        0.169608
FIRE:   77 14:00:37     -852.942601        0.192418
FIRE:   78 14:00:37     -852.989055        0.216231
FIRE:   79 14:00:37     -853.034025        0.247812
FIRE:   80 14:00:37     -853.081066        0.300687
FIRE:   81 14:00:37     -853.132257        0.285773
FIRE:   82 14:00:38     -853.184846        0.238413
FIRE:   83 14:00:38     -853.234355        0.306395
FIRE:   84 14:00:38     -853.279430        0.367631
FIRE:   85 14:00:38     -853.321783        0.353731
FIRE:   86 14:00:38     -853.361933        0.258540
FIRE:   87 14:00:38     -853.399353        0.328685
FIRE:   88 14:00:38     -853.436656        0.397584
FIRE:   89 14:00:38     -853.476013        0.363331
FIRE:   90 14:00:38     -853.513780        0.251921
FIRE:   91 14:00:39     -853.546614        0.239234
FIRE:   92 14:00:39     -853.576768        0.313957
FIRE:   93 14:00:39     -853.606735        0.269641
FIRE:   94 14:00:39     -853.634414        0.185084
FIRE:   95 14:00:39     -853.656791        0.191269
FIRE:   96 14:00:39     -853.674914        0.191305
FIRE:   97 14:00:39     -853.692465        0.178594
FIRE:   98 14:00:39     -853.710939        0.172011
FIRE:   99 14:00:40     -853.727712        0.198766
FIRE:  100 14:00:40     -853.738918        0.207610
FIRE:  101 14:00:40     -853.824205        0.153923
FIRE:  102 14:00:40     -853.860859        0.474571
FIRE:  103 14:00:40     -853.866447        0.656688
FIRE:  104 14:00:40     -853.890593        0.278598
FIRE:  105 14:00:40     -853.895218        0.260345
FIRE:  106 14:00:40     -853.896929        0.218267
FIRE:  107 14:00:40     -853.899604        0.141275
FIRE:  108 14:00:41     -853.902221        0.127007
FIRE:  109 14:00:41     -853.904146        0.126812
FIRE:  110 14:00:41     -853.905617        0.141214
FIRE:  111 14:00:41     -853.907451        0.183549
FIRE:  112 14:00:41     -853.910188        0.184659
FIRE:  113 14:00:41     -853.914200        0.140655
FIRE:  114 14:00:41     -853.918878        0.125628
FIRE:  115 14:00:41     -853.923372        0.125345
FIRE:  116 14:00:42     -853.928148        0.125141
FIRE:  117 14:00:42     -853.934711        0.125071
FIRE:  118 14:00:42     -853.942874        0.125083
FIRE:  119 14:00:42     -853.951307        0.124787
FIRE:  120 14:00:42     -853.961737        0.123359
FIRE:  121 14:00:42     -853.974202        0.119863
FIRE:  122 14:00:42     -853.987670        0.113490
FIRE:  123 14:00:42     -854.003282        0.103280
FIRE:  124 14:00:43     -854.019691        0.087942
FIRE:  125 14:00:43     -854.036373        0.125815
FIRE:  126 14:00:43     -854.052386        0.112929
FIRE:  127 14:00:43     -854.065642        0.192482
FIRE:  128 14:00:43     -854.072022        0.399528
FIRE:  129 14:00:43     -854.079195        0.072273
FIRE:  130 14:00:43     -854.076566        0.324094
FIRE:  131 14:00:43     -854.078307        0.254833
FIRE:  132 14:00:44     -854.080473        0.130699
FIRE:  133 14:00:44     -854.081550        0.057269
FIRE:  134 14:00:44     -854.081312        0.149470
FIRE:  135 14:00:44     -854.081430        0.141110
FIRE:  136 14:00:44     -854.081651        0.124879
FIRE:  137 14:00:44     -854.081946        0.101732
FIRE:  138 14:00:44     -854.082252        0.073186
FIRE:  139 14:00:44     -854.082556        0.050830
FIRE:  140 14:00:44     -854.082816        0.049703
FIRE:  141 14:00:44     -854.083032        0.048372
FIRE:  142 14:00:45     -854.083251        0.050335
FIRE:  143 14:00:45     -854.083508        0.070891
FIRE:  144 14:00:45     -854.083881        0.080335
FIRE:  145 14:00:45     -854.084401        0.075329
FIRE:  146 14:00:45     -854.085091        0.053966
FIRE:  147 14:00:45     -854.085884        0.046015
FIRE:  148 14:00:45     -854.086714        0.044356
FIRE:  149 14:00:45     -854.087606        0.054060
FIRE:  150 14:00:46     -854.088734        0.054692
FIRE:  151 14:00:46     -854.090144        0.042370
FIRE:  152 14:00:46     -854.091665        0.042960
FIRE:  153 14:00:46     -854.093338        0.055823
FIRE:  154 14:00:46     -854.095427        0.040296
FIRE:  155 14:00:46     -854.097716        0.039833
FIRE:  156 14:00:46     -854.100407        0.035056
FIRE:  157 14:00:46     -854.103531        0.045344
FIRE:  158 14:00:46     -854.107184        0.032407
FIRE:  159 14:00:47     -854.111321        0.057007
FIRE:  160 14:00:47     -854.116263        0.055208
FIRE:  161 14:00:47     -854.121976        0.039027
FIRE:  162 14:00:47     -854.128557        0.069556
FIRE:  163 14:00:47     -854.135465        0.192706
FIRE:  164 14:00:47     -854.136604        0.590116
FIRE:  165 14:00:47     -854.145565        0.044479
FIRE:  166 14:00:47     -854.145649        0.044549
FIRE:  167 14:00:47     -854.145819        0.044685
FIRE:  168 14:00:48     -854.146040        0.044879
FIRE:  169 14:00:48     -854.146313        0.045125
FIRE:  170 14:00:48     -854.146655        0.045414
FIRE:  171 14:00:48     -854.147092        0.045750
FIRE:  172 14:00:48     -854.147594        0.046139
FIRE:  173 14:00:48     -854.148206        0.046653
FIRE:  174 14:00:48     -854.148980        0.047346
FIRE:  175 14:00:48     -854.149975        0.048277
FIRE:  176 14:00:48     -854.151200        0.049506
FIRE:  177 14:00:48     -854.152737        0.051098
FIRE:  178 14:00:49     -854.154661        0.053147
FIRE:  179 14:00:49     -854.157086        0.055869
FIRE:  180 14:00:49     -854.160137        0.059540
FIRE:  181 14:00:49     -854.164010        0.064411
FIRE:  182 14:00:49     -854.168992        0.070785
FIRE:  183 14:00:49     -854.175428        0.079329
FIRE:  184 14:00:49     -854.183903        0.090223
FIRE:  185 14:00:49     -854.195111        0.103566
FIRE:  186 14:00:49     -854.209131        0.215963
FIRE:  187 14:00:50     -854.214192        0.774664
FIRE:  188 14:00:50     -854.229731        0.125147
FIRE:  189 14:00:50     -854.230145        0.124266
FIRE:  190 14:00:50     -854.230746        0.124430
FIRE:  191 14:00:50     -854.231325        0.124620
FIRE:  192 14:00:50     -854.231989        0.124784
FIRE:  193 14:00:50     -854.232949        0.124873
FIRE:  194 14:00:50     -854.234244        0.124860
FIRE:  195 14:00:50     -854.235675        0.124735
FIRE:  196 14:00:51     -854.237315        0.124453
FIRE:  197 14:00:51     -854.239415        0.123926
FIRE:  198 14:00:51     -854.242185        0.122953
FIRE:  199 14:00:51     -854.245464        0.121102
FIRE:  200 14:00:51     -854.249476        0.117697
FIRE:  201 14:00:51     -854.254429        0.111921
FIRE:  202 14:00:51     -854.260178        0.102706
FIRE:  203 14:00:51     -854.266915        0.088582
FIRE:  204 14:00:51     -854.274391        0.067582
FIRE:  205 14:00:52     -854.282163        0.076595
FIRE:  206 14:00:52     -854.289638        0.138127
FIRE:  207 14:00:52     -854.296067        0.241119
FIRE:  208 14:00:52     -854.299020        0.461020
FIRE:  209 14:00:52     -854.305338        0.064972
FIRE:  210 14:00:52     -854.302292        0.393171
FIRE:  211 14:00:52     -854.304059        0.302808
FIRE:  212 14:00:53     -854.306156        0.144743
FIRE:  213 14:00:53     -854.306987        0.050918
FIRE:  214 14:00:53     -854.307015        0.050742
FIRE:  215 14:00:53     -854.307072        0.050388
FIRE:  216 14:00:53     -854.307160        0.049860
FIRE:  217 14:00:53     -854.307252        0.049159
FIRE:  218 14:00:53     -854.307383        0.048286
FIRE:  219 14:00:53     -854.307522        0.047243
FIRE:  220 14:00:53     -854.307688        0.047264
FIRE:  221 14:00:54     -854.307880        0.047322
FIRE:  222 14:00:54     -854.308129        0.047392
FIRE:  223 14:00:54     -854.308432        0.047470
FIRE:  224 14:00:54     -854.308812        0.047558
FIRE:  225 14:00:54     -854.309284        0.047657
FIRE:  226 14:00:54     -854.309843        0.047774
FIRE:  227 14:00:54     -854.310507        0.047913
FIRE:  228 14:00:54     -854.311296        0.048083
FIRE:  229 14:00:55     -854.312239        0.048291
FIRE:  230 14:00:55     -854.313351        0.048528
FIRE:  231 14:00:55     -854.314652        0.048766
FIRE:  232 14:00:55     -854.316191        0.048949
FIRE:  233 14:00:55     -854.318022        0.049018
FIRE:  234 14:00:55     -854.320213        0.048907
FIRE:  235 14:00:55     -854.322863        0.048487
FIRE:  236 14:00:55     -854.326087        0.047449
FIRE:  237 14:00:56     -854.330025        0.045264
FIRE:  238 14:00:56     -854.334820        0.041274
FIRE:  239 14:00:56     -854.340567        0.036903
FIRE:  240 14:00:56     -854.347263        0.041257
FIRE:  241 14:00:56     -854.354577        0.103894
FIRE:  242 14:00:56     -854.360648        0.295435
FIRE:  243 14:00:56     -854.352603        0.870120
FIRE:  244 14:00:56     -854.372006        0.133200
FIRE:  245 14:00:56     -854.372359        0.096630
FIRE:  246 14:00:57     -854.372844        0.066139
FIRE:  247 14:00:57     -854.373274        0.066455
FIRE:  248 14:00:57     -854.373680        0.085904
FIRE:  249 14:00:57     -854.374286        0.098170
FIRE:  250 14:00:57     -854.375150        0.071682
FIRE:  251 14:00:57     -854.376122        0.068929
FIRE:  252 14:00:57     -854.377149        0.069906
FIRE:  253 14:00:57     -854.378389        0.076221
FIRE:  254 14:00:58     -854.380065        0.072576
FIRE:  255 14:00:58     -854.382075        0.074466
FIRE:  256 14:00:58     -854.384412        0.076956
FIRE:  257 14:00:58     -854.387516        0.080063
FIRE:  258 14:00:58     -854.391209        0.083714
FIRE:  259 14:00:58     -854.396096        0.087702
FIRE:  260 14:00:58     -854.402170        0.092110
FIRE:  261 14:00:58     -854.410184        0.096275
FIRE:  262 14:00:59     -854.420513        0.097829
FIRE:  263 14:00:59     -854.433655        0.093890
FIRE:  264 14:00:59     -854.449529        0.102093
FIRE:  265 14:00:59     -854.464250        0.380349
FIRE:  266 14:00:59     -854.442737        1.243679
FIRE:  267 14:00:59     -854.486104        0.205510
FIRE:  268 14:00:59     -854.486959        0.144788
FIRE:  269 14:00:59     -854.488042        0.085292
FIRE:  270 14:00:59     -854.488822        0.085544
FIRE:  271 14:01:00     -854.489539        0.137182
FIRE:  272 14:01:00     -854.490769        0.146158
FIRE:  273 14:01:00     -854.492549        0.096253
FIRE:  274 14:01:00     -854.494424        0.089104
FIRE:  275 14:01:00     -854.496309        0.090676
FIRE:  276 14:01:00     -854.498673        0.114265
FIRE:  277 14:01:00     -854.501972        0.094348
FIRE:  278 14:01:00     -854.505685        0.096453
FIRE:  279 14:01:00     -854.510230        0.098934
FIRE:  280 14:01:01     -854.516249        0.101766
FIRE:  281 14:01:01     -854.523426        0.104460
FIRE:  282 14:01:01     -854.533012        0.105918
FIRE:  283 14:01:01     -854.545069        0.117138
FIRE:  284 14:01:01     -854.560567        0.132728
FIRE:  285 14:01:01     -854.580514        0.152175
FIRE:  286 14:01:01     -854.605461        0.182252
FIRE:  287 14:01:01     -854.633286        0.406507
FIRE:  288 14:01:01     -854.638927        1.219050
FIRE:  289 14:01:02     -854.673175        0.203421
FIRE:  290 14:01:02     -854.673984        0.168913
FIRE:  291 14:01:02     -854.675176        0.168163
FIRE:  292 14:01:02     -854.676369        0.167016
FIRE:  293 14:01:02     -854.677611        0.165489
FIRE:  294 14:01:02     -854.679310        0.163599
FIRE:  295 14:01:02     -854.681578        0.161353
FIRE:  296 14:01:02     -854.684115        0.158698
FIRE:  297 14:01:02     -854.686880        0.155149
FIRE:  298 14:01:03     -854.690120        0.150355
FIRE:  299 14:01:03     -854.694306        0.143888
FIRE:  300 14:01:03     -854.699101        0.135114
FIRE:  301 14:01:03     -854.704405        0.123442
FIRE:  302 14:01:03     -854.710783        0.108765
FIRE:  303 14:01:03     -854.717513        0.104371
FIRE:  304 14:01:03     -854.725200        0.073236
FIRE:  305 14:01:03     -854.733170        0.100120
FIRE:  306 14:01:03     -854.741885        0.113165
FIRE:  307 14:01:04     -854.751468        0.075962
FIRE:  308 14:01:04     -854.761630        0.089874
FIRE:  309 14:01:04     -854.771268        0.215969
FIRE:  310 14:01:04     -854.773560        0.636738
FIRE:  311 14:01:04     -854.782739        0.040410
FIRE:  312 14:01:04     -854.776237        0.598359
FIRE:  313 14:01:04     -854.779590        0.439228
FIRE:  314 14:01:04     -854.783130        0.170452
FIRE:  315 14:01:05     -854.783679        0.132210
FIRE:  316 14:01:05     -854.783737        0.124437
FIRE:  317 14:01:05     -854.783846        0.109350
FIRE:  318 14:01:05     -854.783981        0.087878
FIRE:  319 14:01:05     -854.784121        0.061580
FIRE:  320 14:01:05     -854.784257        0.038834
FIRE:  321 14:01:05     -854.784380        0.038748
FIRE:  322 14:01:05     -854.784503        0.038668
FIRE:  323 14:01:06     -854.784625        0.046310
FIRE:  324 14:01:06     -854.784789        0.060593
FIRE:  325 14:01:06     -854.785019        0.063248
FIRE:  326 14:01:06     -854.785334        0.051615
FIRE:  327 14:01:06     -854.785737        0.038083
FIRE:  328 14:01:06     -854.786167        0.037900
FIRE:  329 14:01:06     -854.786661        0.043866
FIRE:  330 14:01:06     -854.787244        0.057187
FIRE:  331 14:01:06     -854.787999        0.040140
FIRE:  332 14:01:07     -854.788898        0.038205
FIRE:  333 14:01:07     -854.789907        0.041487
FIRE:  334 14:01:07     -854.791147        0.038674
FIRE:  335 14:01:07     -854.792636        0.038305
FIRE:  336 14:01:07     -854.794345        0.044238
FIRE:  337 14:01:07     -854.796453        0.038552
FIRE:  338 14:01:07     -854.798872        0.038332
FIRE:  339 14:01:07     -854.801765        0.039278
FIRE:  340 14:01:08     -854.805185        0.036254
FIRE:  341 14:01:08     -854.809190        0.035795
FIRE:  342 14:01:08     -854.813854        0.068001
FIRE:  343 14:01:08     -854.818616        0.196024
FIRE:  344 14:01:08     -854.819580        0.522375
FIRE:  345 14:01:08     -854.825791        0.038950
FIRE:  346 14:01:08     -854.821129        0.501360
FIRE:  347 14:01:08     -854.823524        0.364986
FIRE:  348 14:01:09     -854.825964        0.135058
FIRE:  349 14:01:09     -854.826193        0.120747
FIRE:  350 14:01:09     -854.826243        0.113148
FIRE:  351 14:01:09     -854.826325        0.098439
FIRE:  352 14:01:09     -854.826433        0.077487
FIRE:  353 14:01:09     -854.826544        0.051790
FIRE:  354 14:01:09     -854.826646        0.038644
FIRE:  355 14:01:09     -854.826716        0.038603
FIRE:  356 14:01:09     -854.826778        0.038568
FIRE:  357 14:01:10     -854.826845        0.050553
FIRE:  358 14:01:10     -854.826933        0.062959
FIRE:  359 14:01:10     -854.827097        0.064028
FIRE:  360 14:01:10     -854.827298        0.051604
FIRE:  361 14:01:10     -854.827551        0.038562
FIRE:  362 14:01:10     -854.827832        0.038602
FIRE:  363 14:01:10     -854.828144        0.040011
FIRE:  364 14:01:10     -854.828530        0.051195
FIRE:  365 14:01:10     -854.829051        0.038871
FIRE:  366 14:01:11     -854.829669        0.039033
FIRE:  367 14:01:11     -854.830377        0.042481
FIRE:  368 14:01:11     -854.831290        0.039434
FIRE:  369 14:01:11     -854.832395        0.039680
FIRE:  370 14:01:11     -854.833709        0.040142
FIRE:  371 14:01:11     -854.835366        0.040889
FIRE:  372 14:01:11     -854.837336        0.041781
FIRE:  373 14:01:11     -854.839784        0.042825
FIRE:  374 14:01:11     -854.842793        0.044442
FIRE:  375 14:01:11     -854.846481        0.046677
FIRE:  376 14:01:12     -854.850994        0.069903
FIRE:  377 14:01:12     -854.855931        0.196833
FIRE:  378 14:01:12     -854.857416        0.520719
FIRE:  379 14:01:12     -854.863918        0.058876
FIRE:  380 14:01:12     -854.863970        0.058879
FIRE:  381 14:01:12     -854.864093        0.058894
FIRE:  382 14:01:12     -854.864263        0.058931
FIRE:  383 14:01:12     -854.864507        0.059009
FIRE:  384 14:01:12     -854.864796        0.059142
FIRE:  385 14:01:13     -854.865164        0.059344
FIRE:  386 14:01:13     -854.865574        0.059615
FIRE:  387 14:01:13     -854.866112        0.059988
FIRE:  388 14:01:13     -854.866796        0.060459
FIRE:  389 14:01:13     -854.867652        0.061006
FIRE:  390 14:01:13     -854.868755        0.061618
FIRE:  391 14:01:13     -854.870140        0.062319
FIRE:  392 14:01:13     -854.871897        0.063196
FIRE:  393 14:01:13     -854.874133        0.064363
FIRE:  394 14:01:14     -854.876977        0.065813
FIRE:  395 14:01:14     -854.880600        0.067387
FIRE:  396 14:01:14     -854.885245        0.070274
FIRE:  397 14:01:14     -854.891205        0.073577
FIRE:  398 14:01:14     -854.898823        0.075864
FIRE:  399 14:01:14     -854.908412        0.074803
FIRE:  400 14:01:14     -854.919915        0.066922
FIRE:  401 14:01:14     -854.931567        0.150707
FIRE:  402 14:01:15     -854.923704        0.720931
FIRE:  403 14:01:15     -854.940050        0.287644
FIRE:  404 14:01:15     -854.941492        0.196984
FIRE:  405 14:01:15     -854.942690        0.043042
FIRE:  406 14:01:15     -854.942439        0.118088
FIRE:  407 14:01:15     -854.942528        0.107169
FIRE:  408 14:01:15     -854.942707        0.086293
FIRE:  409 14:01:15     -854.942903        0.057421
FIRE:  410 14:01:15     -854.943079        0.033307
FIRE:  411 14:01:15     -854.943194        0.026471
FIRE:  412 14:01:16     -854.943260        0.043388
FIRE:  413 14:01:16     -854.943311        0.066128
FIRE:  414 14:01:16     -854.943398        0.079329
FIRE:  415 14:01:16     -854.943556        0.079735
FIRE:  416 14:01:16     -854.943817        0.064911
FIRE:  417 14:01:16     -854.944131        0.034698
FIRE:  418 14:01:16     -854.944421        0.027209
FIRE:  419 14:01:16     -854.944692        0.040055
FIRE:  420 14:01:16     -854.945058        0.050667
FIRE:  421 14:01:17     -854.945575        0.028424
FIRE:  422 14:01:17     -854.946126        0.028348
FIRE:  423 14:01:17     -854.946662        0.049938
FIRE:  424 14:01:17     -854.947409        0.029862
FIRE:  425 14:01:17     -854.948224        0.031248
FIRE:  426 14:01:17     -854.949132        0.041996
FIRE:  427 14:01:17     -854.950226        0.032533
FIRE:  428 14:01:17     -854.951468        0.034040
FIRE:  429 14:01:17     -854.952852        0.055498
FIRE:  430 14:01:18     -854.954558        0.038914
FIRE:  431 14:01:18     -854.956489        0.042205
FIRE:  432 14:01:18     -854.958722        0.047121
FIRE:  433 14:01:18     -854.960976        0.141285
FIRE:  434 14:01:18     -854.959705        0.454272
FIRE:  435 14:01:18     -854.964865        0.088810
FIRE:  436 14:01:18     -854.964991        0.063364
FIRE:  437 14:01:18     -854.965135        0.058002
FIRE:  438 14:01:18     -854.965250        0.058347
FIRE:  439 14:01:19     -854.965349        0.058695
FIRE:  440 14:01:19     -854.965523        0.063473
FIRE:  441 14:01:19     -854.965786        0.059248
FIRE:  442 14:01:19     -854.966089        0.059470
FIRE:  443 14:01:19     -854.966379        0.059757
FIRE:  444 14:01:19     -854.966753        0.060210
FIRE:  445 14:01:19     -854.967306        0.060906
FIRE:  446 14:01:19     -854.967952        0.061850
FIRE:  447 14:01:20     -854.968730        0.062852
FIRE:  448 14:01:20     -854.969775        0.063670
FIRE:  449 14:01:20     -854.970997        0.064348
FIRE:  450 14:01:20     -854.972613        0.065128
FIRE:  451 14:01:20     -854.974568        0.065571
FIRE:  452 14:01:20     -854.977025        0.064242
FIRE:  453 14:01:20     -854.979997        0.060960
FIRE:  454 14:01:20     -854.983394        0.053896
FIRE:  455 14:01:20     -854.986767        0.099249
FIRE:  456 14:01:21     -854.987281        0.313271
FIRE:  457 14:01:21     -854.990413        0.023981
FIRE:  458 14:01:21     -854.990428        0.023965
FIRE:  459 14:01:21     -854.990474        0.023931
FIRE:  460 14:01:21     -854.990533        0.023872
FIRE:  461 14:01:21     -854.990602        0.023781
FIRE:  462 14:01:21     -854.990704        0.023656
FIRE:  463 14:01:22     -854.990811        0.023497
FIRE:  464 14:01:22     -854.990932        0.023310
FIRE:  465 14:01:22     -854.991084        0.023074
FIRE:  466 14:01:22     -854.991271        0.022793
FIRE:  467 14:01:22     -854.991508        0.022466
FIRE:  468 14:01:22     -854.991781        0.022069
FIRE:  469 14:01:22     -854.992114        0.021572
FIRE:  470 14:01:22     -854.992520        0.020956
FIRE:  471 14:01:23     -854.992991        0.020249
FIRE:  472 14:01:23     -854.993528        0.019474
[prep] P2_Al2S3_B: fmax 0.0195 (target 0.02) · steps 472 · converged True · 0.9 min
WARNING:root:If 'dataset_list' is provided in the config, the code assumes that each dataset maps to itself. Please use 'dataset_mapping' as 'dataset_list' is deprecated and will be removed in the future.
      Step     Time          Energy          fmax
FIRE:    0 14:01:33     -848.413759        4.928919
FIRE:    1 14:01:33     -850.106763        5.155239
FIRE:    2 14:01:33     -852.486923        5.153630
FIRE:    3 14:01:33     -854.542192        4.061639
FIRE:    4 14:01:33     -855.806779        2.893785
FIRE:    5 14:01:33     -855.708334        8.564151
FIRE:    6 14:01:33     -856.199718        5.645651
FIRE:    7 14:01:33     -856.661240        2.034541
FIRE:    8 14:01:34     -856.828018        1.936198
FIRE:    9 14:01:34     -856.836359        3.002655
FIRE:   10 14:01:34     -856.859623        2.932102
FIRE:   11 14:01:34     -856.904166        2.788136
FIRE:   12 14:01:34     -856.966120        2.565652
FIRE:   13 14:01:34     -857.039948        2.259269
FIRE:   14 14:01:34     -857.118868        1.867031
FIRE:   15 14:01:34     -857.195801        1.399208
FIRE:   16 14:01:35     -857.264794        0.908634
FIRE:   17 14:01:35     -857.328768        0.905825
FIRE:   18 14:01:35     -857.388422        1.587891
FIRE:   19 14:01:35     -857.454757        2.075725
FIRE:   20 14:01:35     -857.545993        2.183721
FIRE:   21 14:01:35     -857.673468        1.793253
FIRE:   22 14:01:35     -857.825486        0.944279
FIRE:   23 14:01:35     -857.970770        0.605314
FIRE:   24 14:01:35     -858.096357        1.014735
FIRE:   25 14:01:35     -858.231749        1.301221
FIRE:   26 14:01:36     -858.404853        1.172398
FIRE:   27 14:01:36     -858.588797        0.432437
FIRE:   28 14:01:36     -858.738413        1.170856
FIRE:   29 14:01:36     -858.911503        1.110299
FIRE:   30 14:01:36     -859.101231        0.549848
FIRE:   31 14:01:36     -859.264993        0.984869
FIRE:   32 14:01:36     -859.466730        0.543532
FIRE:   33 14:01:36     -859.607652        1.034785
FIRE:   34 14:01:36     -859.734775        0.685222
FIRE:   35 14:01:37     -859.801928        0.927105
FIRE:   36 14:01:37     -859.888047        0.510986
FIRE:   37 14:01:37     -859.959797        1.268072
FIRE:   38 14:01:37     -860.072294        0.607024
FIRE:   39 14:01:37     -860.164196        0.790308
FIRE:   40 14:01:37     -860.232952        1.031377
FIRE:   41 14:01:37     -860.266198        0.314879
FIRE:   42 14:01:37     -860.282306        1.044350
FIRE:   43 14:01:37     -860.328557        0.530827
FIRE:   44 14:01:38     -860.355864        0.752661
FIRE:   45 14:01:38     -860.362281        0.511561
FIRE:   46 14:01:38     -860.369793        0.237405
FIRE:   47 14:01:38     -860.374520        0.272548
FIRE:   48 14:01:38     -860.378622        0.500775
FIRE:   49 14:01:38     -860.386100        0.532454
FIRE:   50 14:01:38     -860.397273        0.373632
FIRE:   51 14:01:38     -860.408892        0.236111
FIRE:   52 14:01:38     -860.419561        0.280755
FIRE:   53 14:01:39     -860.432247        0.441548
FIRE:   54 14:01:39     -860.450927        0.254155
FIRE:   55 14:01:39     -860.470826        0.233022
FIRE:   56 14:01:39     -860.492294        0.397029
FIRE:   57 14:01:39     -860.520664        0.232288
FIRE:   58 14:01:39     -860.549323        0.373076
FIRE:   59 14:01:39     -860.586608        0.226280
FIRE:   60 14:01:39     -860.626344        0.412874
FIRE:   61 14:01:39     -860.675711        0.316653
FIRE:   62 14:01:39     -860.734385        0.230587
FIRE:   63 14:01:40     -860.802697        0.448779
FIRE:   64 14:01:40     -860.869508        1.164333
FIRE:   65 14:01:40     -860.874915        3.105448
FIRE:   66 14:01:40     -860.964303        0.818856
FIRE:   67 14:01:40     -860.968768        0.611984
FIRE:   68 14:01:40     -860.974251        0.235979
FIRE:   69 14:01:40     -860.977103        0.213465
FIRE:   70 14:01:40     -860.978052        0.549037
FIRE:   71 14:01:41     -860.978699        0.508526
FIRE:   72 14:01:41     -860.979850        0.431164
FIRE:   73 14:01:41     -860.981304        0.324093
FIRE:   74 14:01:41     -860.982834        0.202110
FIRE:   75 14:01:41     -860.984278        0.201913
FIRE:   76 14:01:41     -860.985587        0.201673
FIRE:   77 14:01:41     -860.986860        0.201389
FIRE:   78 14:01:41     -860.988453        0.242123
FIRE:   79 14:01:41     -860.990643        0.278840
FIRE:   80 14:01:42     -860.993691        0.262459
FIRE:   81 14:01:42     -860.997685        0.199346
FIRE:   82 14:01:42     -861.002478        0.198478
FIRE:   83 14:01:42     -861.007859        0.197360
FIRE:   84 14:01:42     -861.014219        0.214116
FIRE:   85 14:01:42     -861.022403        0.207661
FIRE:   86 14:01:42     -861.032687        0.191510
FIRE:   87 14:01:42     -861.044601        0.188148
FIRE:   88 14:01:42     -861.058954        0.195017
FIRE:   89 14:01:43     -861.076883        0.178917
FIRE:   90 14:01:43     -861.097751        0.183075
FIRE:   91 14:01:43     -861.123266        0.188202
FIRE:   92 14:01:43     -861.153112        0.193748
FIRE:   93 14:01:43     -861.188957        0.197548
FIRE:   94 14:01:43     -861.230285        0.198499
FIRE:   95 14:01:43     -861.277665        0.314154
FIRE:   96 14:01:43     -861.330824        0.429985
FIRE:   97 14:01:43     -861.385416        0.768976
FIRE:   98 14:01:44     -861.423031        1.847000
FIRE:   99 14:01:44     -861.458158        0.132551
FIRE:  100 14:01:44     -861.458802        0.132617
FIRE:  101 14:01:44     -861.460050        0.132747
FIRE:  102 14:01:44     -861.461828        0.132935
FIRE:  103 14:01:44     -861.464160        0.133177
FIRE:  104 14:01:44     -861.467034        0.133464
FIRE:  105 14:01:44     -861.470470        0.133790
FIRE:  106 14:01:44     -861.474415        0.134146
FIRE:  107 14:01:45     -861.479319        0.134570
FIRE:  108 14:01:45     -861.485366        0.135062
FIRE:  109 14:01:45     -861.492806        0.135617
FIRE:  110 14:01:45     -861.501914        0.136202
FIRE:  111 14:01:45     -861.512938        0.136749
FIRE:  112 14:01:45     -861.526341        0.137126
FIRE:  113 14:01:45     -861.542574        0.137117
FIRE:  114 14:01:45     -861.562247        0.136361
FIRE:  115 14:01:45     -861.586122        0.134217
FIRE:  116 14:01:46     -861.615063        0.132917
FIRE:  117 14:01:46     -861.650045        0.134559
FIRE:  118 14:01:46     -861.691986        0.136711
FIRE:  119 14:01:46     -861.741189        0.223255
FIRE:  120 14:01:46     -861.793247        0.736543
FIRE:  121 14:01:46     -861.810600        1.932978
FIRE:  122 14:01:46     -861.862261        0.258483
FIRE:  123 14:01:46     -861.823285        2.179446
FIRE:  124 14:01:47     -861.846532        1.486835
FIRE:  125 14:01:47     -861.867188        0.431990
FIRE:  126 14:01:47     -861.866646        0.586640
FIRE:  127 14:01:47     -861.867260        0.551665
FIRE:  128 14:01:47     -861.868353        0.483207
FIRE:  129 14:01:47     -861.869735        0.384715
FIRE:  130 14:01:47     -861.871175        0.261622
FIRE:  131 14:01:47     -861.872441        0.194627
FIRE:  132 14:01:48     -861.873407        0.194964
FIRE:  133 14:01:48     -861.874129        0.195353
FIRE:  134 14:01:48     -861.874856        0.258588
FIRE:  135 14:01:48     -861.875893        0.326486
FIRE:  136 14:01:48     -861.877598        0.335861
FIRE:  137 14:01:48     -861.880120        0.274260
FIRE:  138 14:01:48     -861.883289        0.198722
FIRE:  139 14:01:48     -861.886671        0.199842
FIRE:  140 14:01:49     -861.890230        0.201254
FIRE:  141 14:01:49     -861.894714        0.256122
FIRE:  142 14:01:49     -861.900915        0.205129
FIRE:  143 14:01:49     -861.908348        0.207680
FIRE:  144 14:01:49     -861.916620        0.210657
FIRE:  145 14:01:49     -861.927356        0.213925
FIRE:  146 14:01:49     -861.940580        0.217395
FIRE:  147 14:01:49     -861.956092        0.220981
FIRE:  148 14:01:49     -861.975948        0.224194
FIRE:  149 14:01:50     -861.999431        0.225860
FIRE:  150 14:01:50     -862.028658        0.223745
FIRE:  151 14:01:50     -862.064052        0.214824
FIRE:  152 14:01:50     -862.105828        0.202241
FIRE:  153 14:01:50     -862.151968        0.491946
FIRE:  154 14:01:50     -862.191972        1.209761
FIRE:  155 14:01:50     -862.161562        2.569998
FIRE:  156 14:01:50     -862.258336        0.456497
FIRE:  157 14:01:50     -862.176866        3.180651
FIRE:  158 14:01:51     -862.226592        2.053535
FIRE:  159 14:01:51     -862.265390        0.451294
FIRE:  160 14:01:51     -862.257731        0.964957
FIRE:  161 14:01:51     -862.259192        0.909321
FIRE:  162 14:01:51     -862.261857        0.799821
FIRE:  163 14:01:51     -862.265125        0.640427
FIRE:  164 14:01:51     -862.268339        0.437942
FIRE:  165 14:01:51     -862.270819        0.203354
FIRE:  166 14:01:51     -862.272173        0.188973
FIRE:  167 14:01:52     -862.272505        0.267852
FIRE:  168 14:01:52     -862.272566        0.263374
FIRE:  169 14:01:52     -862.272672        0.254513
FIRE:  170 14:01:52     -862.272831        0.241421
FIRE:  171 14:01:52     -862.273035        0.224418
FIRE:  172 14:01:52     -862.273271        0.203891
FIRE:  173 14:01:52     -862.273560        0.189124
FIRE:  174 14:01:52     -862.273860        0.189145
FIRE:  175 14:01:52     -862.274222        0.189170
FIRE:  176 14:01:53     -862.274652        0.189204
FIRE:  177 14:01:53     -862.275146        0.189244
FIRE:  178 14:01:53     -862.275729        0.189292
FIRE:  179 14:01:53     -862.276398        0.189350
FIRE:  180 14:01:53     -862.277203        0.189418
FIRE:  181 14:01:53     -862.278195        0.189498
FIRE:  182 14:01:53     -862.279432        0.189586
FIRE:  183 14:01:53     -862.280998        0.189681
FIRE:  184 14:01:53     -862.282946        0.189779
FIRE:  185 14:01:54     -862.285302        0.189875
FIRE:  186 14:01:54     -862.288085        0.189956
FIRE:  187 14:01:54     -862.291409        0.190000
FIRE:  188 14:01:54     -862.295429        0.189975
FIRE:  189 14:01:54     -862.300394        0.189825
FIRE:  190 14:01:54     -862.306376        0.189452
FIRE:  191 14:01:54     -862.313487        0.188705
FIRE:  192 14:01:54     -862.322130        0.187356
FIRE:  193 14:01:55     -862.332635        0.185035
FIRE:  194 14:01:55     -862.345232        0.181181
FIRE:  195 14:01:55     -862.360563        0.174957
FIRE:  196 14:01:55     -862.378965        0.174683
FIRE:  197 14:01:55     -862.401181        0.181870
FIRE:  198 14:01:55     -862.427535        0.189142
FIRE:  199 14:01:55     -862.458503        0.195068
FIRE:  200 14:01:55     -862.494137        0.195816
FIRE:  201 14:01:56     -862.533868        0.198363
FIRE:  202 14:01:56     -862.574201        0.567082
FIRE:  203 14:01:56     -862.589895        1.550827
FIRE:  204 14:01:56     -862.622860        0.145384
FIRE:  205 14:01:56     -862.599450        1.670694
FIRE:  206 14:01:56     -862.613765        1.155293
FIRE:  207 14:01:56     -862.626992        0.349284
FIRE:  208 14:01:56     -862.627270        0.455145
FIRE:  209 14:01:57     -862.627656        0.427658
FIRE:  210 14:01:57     -862.628350        0.374091
FIRE:  211 14:01:57     -862.629246        0.297356
FIRE:  212 14:01:57     -862.630185        0.202184
FIRE:  213 14:01:57     -862.631039        0.118633
FIRE:  214 14:01:57     -862.631734        0.118598
FIRE:  215 14:01:57     -862.632308        0.118574
FIRE:  216 14:01:57     -862.632935        0.190933
FIRE:  217 14:01:58     -862.633812        0.240016
FIRE:  218 14:01:58     -862.635107        0.244066
FIRE:  219 14:01:58     -862.636939        0.193737
FIRE:  220 14:01:58     -862.639163        0.118910
FIRE:  221 14:01:58     -862.641557        0.119120
FIRE:  222 14:01:58     -862.644095        0.160916
FIRE:  223 14:01:58     -862.647288        0.198900
FIRE:  224 14:01:58     -862.651464        0.127578
FIRE:  225 14:01:59     -862.656267        0.120323
FIRE:  226 14:01:59     -862.661550        0.160567
FIRE:  227 14:01:59     -862.668280        0.121685
FIRE:  228 14:01:59     -862.676114        0.122815
FIRE:  229 14:01:59     -862.685272        0.151724
FIRE:  230 14:01:59     -862.696551        0.125634
FIRE:  231 14:01:59     -862.709861        0.127561
FIRE:  232 14:01:59     -862.725955        0.165455
FIRE:  233 14:02:00     -862.745769        0.132425
FIRE:  234 14:02:00     -862.769809        0.134892
FIRE:  235 14:02:00     -862.799193        0.155626
FIRE:  236 14:02:00     -862.832723        0.519649
FIRE:  237 14:02:00     -862.849323        1.501641
FIRE:  238 14:02:00     -862.879834        0.163245
FIRE:  239 14:02:00     -862.856422        1.646677
FIRE:  240 14:02:00     -862.870587        1.123948
FIRE:  241 14:02:00     -862.883210        0.311857
FIRE:  242 14:02:00     -862.882676        0.488872
FIRE:  243 14:02:01     -862.883104        0.458548
FIRE:  244 14:02:01     -862.883873        0.399457
FIRE:  245 14:02:01     -862.884848        0.314833
FIRE:  246 14:02:01     -862.885840        0.209823
FIRE:  247 14:02:01     -862.886678        0.166630
FIRE:  248 14:02:01     -862.887329        0.166918
FIRE:  249 14:02:01     -862.887797        0.167257
FIRE:  250 14:02:01     -862.888320        0.216658
FIRE:  251 14:02:02     -862.889099        0.265437
FIRE:  252 14:02:02     -862.890357        0.264258
FIRE:  253 14:02:02     -862.892188        0.204131
FIRE:  254 14:02:02     -862.894428        0.170292
FIRE:  255 14:02:02     -862.896787        0.171306
FIRE:  256 14:02:02     -862.899336        0.180023
FIRE:  257 14:02:02     -862.902682        0.213863
FIRE:  258 14:02:02     -862.907233        0.175804
FIRE:  259 14:02:02     -862.912564        0.177864
FIRE:  260 14:02:02     -862.918647        0.180202
FIRE:  261 14:02:03     -862.926674        0.182699
FIRE:  262 14:02:03     -862.936284        0.185235
FIRE:  263 14:02:03     -862.947878        0.187559
FIRE:  264 14:02:03     -862.962389        0.189094
FIRE:  265 14:02:03     -862.979783        0.188690
FIRE:  266 14:02:03     -863.000719        0.187268
FIRE:  267 14:02:03     -863.025983        0.173515
FIRE:  268 14:02:03     -863.055273        0.151544
FIRE:  269 14:02:03     -863.088267        0.118675
FIRE:  270 14:02:04     -863.123319        0.128446
FIRE:  271 14:02:04     -863.151846        0.619067
FIRE:  272 14:02:04     -863.074063        2.917362
FIRE:  273 14:02:04     -863.166025        1.291900
FIRE:  274 14:02:04     -863.180725        0.931962
FIRE:  275 14:02:04     -863.194879        0.260366
FIRE:  276 14:02:04     -863.193048        0.559795
FIRE:  277 14:02:04     -863.193844        0.510143
FIRE:  278 14:02:04     -863.195236        0.416194
FIRE:  279 14:02:05     -863.196791        0.287874
FIRE:  280 14:02:05     -863.198098        0.138978
FIRE:  281 14:02:05     -863.198931        0.115334
FIRE:  282 14:02:05     -863.199306        0.146306
FIRE:  283 14:02:05     -863.199530        0.241358
FIRE:  284 14:02:05     -863.199979        0.297507
FIRE:  285 14:02:05     -863.200988        0.303289
FIRE:  286 14:02:05     -863.202690        0.249526
FIRE:  287 14:02:05     -863.204830        0.133416
FIRE:  288 14:02:06     -863.206855        0.089570
FIRE:  289 14:02:06     -863.208539        0.179619
FIRE:  290 14:02:06     -863.210656        0.234466
FIRE:  291 14:02:06     -863.213943        0.151439
FIRE:  292 14:02:06     -863.217644        0.091315
FIRE:  293 14:02:06     -863.221060        0.196970
FIRE:  294 14:02:06     -863.225759        0.155789
FIRE:  295 14:02:06     -863.231412        0.094819
FIRE:  296 14:02:06     -863.237359        0.176650
FIRE:  297 14:02:07     -863.245393        0.099985
FIRE:  298 14:02:07     -863.254235        0.161177
FIRE:  299 14:02:07     -863.265645        0.126040
FIRE:  300 14:02:07     -863.279421        0.112383
FIRE:  301 14:02:07     -863.295795        0.196299
FIRE:  302 14:02:07     -863.314585        0.354409
FIRE:  303 14:02:07     -863.331395        0.656607
FIRE:  304 14:02:07     -863.341454        0.121673
FIRE:  305 14:02:07     -863.336800        0.574821
FIRE:  306 14:02:08     -863.339756        0.437609
FIRE:  307 14:02:08     -863.343182        0.202246
FIRE:  308 14:02:08     -863.344488        0.121689
FIRE:  309 14:02:08     -863.344544        0.121693
FIRE:  310 14:02:08     -863.344666        0.121699
FIRE:  311 14:02:08     -863.344835        0.121708
FIRE:  312 14:02:08     -863.345057        0.121718
FIRE:  313 14:02:08     -863.345317        0.121727
FIRE:  314 14:02:08     -863.345613        0.121738
FIRE:  315 14:02:09     -863.345947        0.121745
FIRE:  316 14:02:09     -863.346361        0.121750
FIRE:  317 14:02:09     -863.346898        0.121749
FIRE:  318 14:02:09     -863.347575        0.121737
FIRE:  319 14:02:09     -863.348419        0.121710
FIRE:  320 14:02:09     -863.349479        0.121660
FIRE:  321 14:02:09     -863.350790        0.121580
FIRE:  322 14:02:09     -863.352390        0.121460
FIRE:  323 14:02:09     -863.354355        0.121282
FIRE:  324 14:02:10     -863.356783        0.121018
FIRE:  325 14:02:10     -863.359760        0.120614
FIRE:  326 14:02:10     -863.363393        0.119980
FIRE:  327 14:02:10     -863.367810        0.118986
FIRE:  328 14:02:10     -863.373213        0.117453
FIRE:  329 14:02:10     -863.379727        0.115164
FIRE:  330 14:02:10     -863.387622        0.111830
FIRE:  331 14:02:10     -863.397073        0.107058
FIRE:  332 14:02:11     -863.408336        0.100513
FIRE:  333 14:02:11     -863.421584        0.092472
FIRE:  334 14:02:11     -863.436966        0.084276
FIRE:  335 14:02:11     -863.454487        0.094283
FIRE:  336 14:02:11     -863.473499        0.208310
FIRE:  337 14:02:11     -863.488534        0.576050
FIRE:  338 14:02:11     -863.459990        1.850445
FIRE:  339 14:02:11     -863.517911        0.448631
FIRE:  340 14:02:12     -863.520044        0.325151
FIRE:  341 14:02:12     -863.522451        0.149796
FIRE:  342 14:02:12     -863.523290        0.149802
FIRE:  343 14:02:12     -863.523398        0.149903
FIRE:  344 14:02:12     -863.523604        0.150102
FIRE:  345 14:02:12     -863.523888        0.150395
FIRE:  346 14:02:12     -863.524218        0.150775
FIRE:  347 14:02:12     -863.524594        0.151235
FIRE:  348 14:02:13     -863.525007        0.151760
FIRE:  349 14:02:13     -863.525461        0.152340
FIRE:  350 14:02:13     -863.526025        0.153029
FIRE:  351 14:02:13     -863.526761        0.153838
FIRE:  352 14:02:13     -863.527698        0.154789
FIRE:  353 14:02:13     -863.528892        0.155921
FIRE:  354 14:02:13     -863.530342        0.157312
FIRE:  355 14:02:13     -863.532083        0.159081
FIRE:  356 14:02:14     -863.534196        0.161383
FIRE:  357 14:02:14     -863.536832        0.164386
FIRE:  358 14:02:14     -863.540083        0.168243
FIRE:  359 14:02:14     -863.543995        0.173064
FIRE:  360 14:02:14     -863.548822        0.178915
FIRE:  361 14:02:14     -863.554823        0.186029
FIRE:  362 14:02:14     -863.562204        0.194973
FIRE:  363 14:02:14     -863.571564        0.206301
FIRE:  364 14:02:14     -863.583378        0.220111
FIRE:  365 14:02:15     -863.598654        0.236100
FIRE:  366 14:02:15     -863.618497        0.254363
FIRE:  367 14:02:15     -863.644445        0.272798
FIRE:  368 14:02:15     -863.678120        0.284781
FIRE:  369 14:02:15     -863.719727        0.279445
FIRE:  370 14:02:15     -863.759905        0.834643
FIRE:  371 14:02:15     -863.721258        2.216952
FIRE:  372 14:02:15     -863.815580        0.164836
FIRE:  373 14:02:15     -863.724536        2.940840
FIRE:  374 14:02:16     -863.781172        1.798952
FIRE:  375 14:02:16     -863.820435        0.228867
FIRE:  376 14:02:16     -863.804445        1.073604
FIRE:  377 14:02:16     -863.806870        1.005477
FIRE:  378 14:02:16     -863.811164        0.871285
FIRE:  379 14:02:16     -863.816264        0.675502
FIRE:  380 14:02:16     -863.820888        0.426264
FIRE:  381 14:02:16     -863.823882        0.167372
FIRE:  382 14:02:16     -863.824591        0.166878
FIRE:  383 14:02:17     -863.824624        0.164148
FIRE:  384 14:02:17     -863.824684        0.158740
FIRE:  385 14:02:17     -863.824781        0.155147
FIRE:  386 14:02:17     -863.824895        0.155128
FIRE:  387 14:02:17     -863.825041        0.155104
FIRE:  388 14:02:17     -863.825207        0.155073
FIRE:  389 14:02:17     -863.825395        0.155037
FIRE:  390 14:02:17     -863.825614        0.154988
FIRE:  391 14:02:17     -863.825886        0.154922
FIRE:  392 14:02:18     -863.826210        0.154835
FIRE:  393 14:02:18     -863.826597        0.154721
FIRE:  394 14:02:18     -863.827058        0.154573
FIRE:  395 14:02:18     -863.827618        0.154381
FIRE:  396 14:02:18     -863.828314        0.154141
FIRE:  397 14:02:18     -863.829171        0.153852
FIRE:  398 14:02:18     -863.830255        0.153510
FIRE:  399 14:02:18     -863.831559        0.153131
FIRE:  400 14:02:18     -863.833141        0.152738
FIRE:  401 14:02:19     -863.835005        0.152373
FIRE:  402 14:02:19     -863.837255        0.152087
FIRE:  403 14:02:19     -863.839976        0.151926
FIRE:  404 14:02:19     -863.843250        0.151896
FIRE:  405 14:02:19     -863.847136        0.151917
FIRE:  406 14:02:19     -863.851737        0.151824
FIRE:  407 14:02:19     -863.857244        0.151366
FIRE:  408 14:02:19     -863.863730        0.150202
FIRE:  409 14:02:19     -863.871396        0.147893
FIRE:  410 14:02:20     -863.880402        0.143850
FIRE:  411 14:02:20     -863.890897        0.137512
FIRE:  412 14:02:20     -863.903002        0.128951
FIRE:  413 14:02:20     -863.916851        0.119381
FIRE:  414 14:02:20     -863.932452        0.111048
FIRE:  415 14:02:20     -863.949841        0.107407
FIRE:  416 14:02:20     -863.968931        0.123789
FIRE:  417 14:02:20     -863.986943        0.524241
FIRE:  418 14:02:21     -863.976828        1.585304
FIRE:  419 14:02:21     -864.012730        0.127161
FIRE:  420 14:02:21     -863.980499        1.823421
FIRE:  421 14:02:21     -863.999301        1.193839
FIRE:  422 14:02:21     -864.014131        0.249197
FIRE:  423 14:02:21     -864.010098        0.640926
FIRE:  424 14:02:21     -864.010808        0.599379
FIRE:  425 14:02:21     -864.012062        0.518166
FIRE:  426 14:02:22     -864.013551        0.401280
FIRE:  427 14:02:22     -864.014906        0.255092
FIRE:  428 14:02:22     -864.015803        0.126450
FIRE:  429 14:02:22     -864.016099        0.126493
FIRE:  430 14:02:22     -864.016105        0.126493
FIRE:  431 14:02:22     -864.016124        0.126493
FIRE:  432 14:02:22     -864.016155        0.126493
FIRE:  433 14:02:22     -864.016196        0.126492
FIRE:  434 14:02:22     -864.016248        0.126493
FIRE:  435 14:02:23     -864.016313        0.126494
FIRE:  436 14:02:23     -864.016383        0.126496
FIRE:  437 14:02:23     -864.016459        0.126496
FIRE:  438 14:02:23     -864.016578        0.126500
FIRE:  439 14:02:23     -864.016698        0.126507
FIRE:  440 14:02:23     -864.016849        0.126517
FIRE:  441 14:02:23     -864.017044        0.126531
FIRE:  442 14:02:23     -864.017274        0.126555
FIRE:  443 14:02:24     -864.017561        0.126589
FIRE:  444 14:02:24     -864.017931        0.126641
FIRE:  445 14:02:24     -864.018375        0.126716
FIRE:  446 14:02:24     -864.018926        0.126826
FIRE:  447 14:02:24     -864.019591        0.126983
FIRE:  448 14:02:24     -864.020400        0.127201
FIRE:  449 14:02:24     -864.021398        0.127509
FIRE:  450 14:02:24     -864.022612        0.127932
FIRE:  451 14:02:24     -864.024092        0.128515
FIRE:  452 14:02:25     -864.025895        0.129317
FIRE:  453 14:02:25     -864.028076        0.130408
FIRE:  454 14:02:25     -864.030755        0.131872
FIRE:  455 14:02:25     -864.034023        0.133789
FIRE:  456 14:02:25     -864.037997        0.136225
FIRE:  457 14:02:25     -864.042875        0.139213
FIRE:  458 14:02:25     -864.048848        0.142749
FIRE:  459 14:02:25     -864.056193        0.146653
FIRE:  460 14:02:25     -864.065239        0.150374
FIRE:  461 14:02:26     -864.076314        0.152764
FIRE:  462 14:02:26     -864.089754        0.151421
FIRE:  463 14:02:26     -864.105439        0.146614
FIRE:  464 14:02:26     -864.120553        0.475245
FIRE:  465 14:02:26     -864.114745        1.343712
FIRE:  466 14:02:26     -864.140116        0.065083
FIRE:  467 14:02:26     -864.118185        1.478415
FIRE:  468 14:02:26     -864.130546        0.992560
FIRE:  469 14:02:26     -864.140867        0.241997
FIRE:  470 14:02:27     -864.138773        0.494878
FIRE:  471 14:02:27     -864.139200        0.462593
FIRE:  472 14:02:27     -864.139949        0.399707
FIRE:  473 14:02:27     -864.140830        0.309545
FIRE:  474 14:02:27     -864.141644        0.197398
FIRE:  475 14:02:27     -864.142189        0.070762
FIRE:  476 14:02:27     -864.142372        0.063369
FIRE:  477 14:02:27     -864.142386        0.063367
FIRE:  478 14:02:27     -864.142400        0.063367
FIRE:  479 14:02:28     -864.142417        0.063365
FIRE:  480 14:02:28     -864.142443        0.063361
FIRE:  481 14:02:28     -864.142474        0.063358
FIRE:  482 14:02:28     -864.142516        0.063353
FIRE:  483 14:02:28     -864.142556        0.063348
FIRE:  484 14:02:28     -864.142617        0.063342
FIRE:  485 14:02:28     -864.142675        0.063333
FIRE:  486 14:02:29     -864.142763        0.063323
FIRE:  487 14:02:29     -864.142862        0.063309
FIRE:  488 14:02:29     -864.142985        0.063293
FIRE:  489 14:02:29     -864.143134        0.063273
FIRE:  490 14:02:29     -864.143317        0.063248
FIRE:  491 14:02:29     -864.143547        0.063217
FIRE:  492 14:02:29     -864.143829        0.063177
FIRE:  493 14:02:29     -864.144179        0.063127
FIRE:  494 14:02:29     -864.144595        0.063062
FIRE:  495 14:02:30     -864.145099        0.062974
FIRE:  496 14:02:30     -864.145718        0.062852
FIRE:  497 14:02:30     -864.146465        0.062677
FIRE:  498 14:02:30     -864.147366        0.062420
FIRE:  499 14:02:30     -864.148438        0.062037
FIRE:  500 14:02:30     -864.149735        0.061461
FIRE:  501 14:02:30     -864.151262        0.060599
FIRE:  502 14:02:30     -864.153088        0.059314
FIRE:  503 14:02:30     -864.155263        0.058455
FIRE:  504 14:02:31     -864.157831        0.058756
FIRE:  505 14:02:31     -864.160842        0.059357
FIRE:  506 14:02:31     -864.164368        0.060423
FIRE:  507 14:02:31     -864.168468        0.062070
FIRE:  508 14:02:31     -864.173228        0.064645
FIRE:  509 14:02:31     -864.178702        0.068527
FIRE:  510 14:02:31     -864.184883        0.122326
FIRE:  511 14:02:31     -864.190677        0.372294
FIRE:  512 14:02:31     -864.187190        1.002102
FIRE:  513 14:02:32     -864.200772        0.092307
FIRE:  514 14:02:32     -864.200836        0.092372
FIRE:  515 14:02:32     -864.200971        0.092508
FIRE:  516 14:02:32     -864.201155        0.092729
FIRE:  517 14:02:32     -864.201413        0.093053
FIRE:  518 14:02:32     -864.201731        0.093491
FIRE:  519 14:02:32     -864.202108        0.094044
FIRE:  520 14:02:32     -864.202558        0.094711
FIRE:  521 14:02:32     -864.203123        0.095563
FIRE:  522 14:02:33     -864.203852        0.096630
FIRE:  523 14:02:33     -864.204757        0.097960
FIRE:  524 14:02:33     -864.205904        0.099652
FIRE:  525 14:02:33     -864.207359        0.101860
FIRE:  526 14:02:33     -864.209198        0.104741
FIRE:  527 14:02:33     -864.211507        0.108404
FIRE:  528 14:02:33     -864.214462        0.112943
FIRE:  529 14:02:33     -864.218220        0.118622
FIRE:  530 14:02:33     -864.223065        0.125612
FIRE:  531 14:02:34     -864.229361        0.133569
FIRE:  532 14:02:34     -864.237590        0.142158
FIRE:  533 14:02:34     -864.248288        0.148701
FIRE:  534 14:02:34     -864.261099        0.258336
FIRE:  535 14:02:34     -864.263064        1.072732
FIRE:  536 14:02:34     -864.277722        0.292016
FIRE:  537 14:02:34     -864.278431        0.205683
FIRE:  538 14:02:34     -864.279227        0.134759
FIRE:  539 14:02:34     -864.279561        0.134002
FIRE:  540 14:02:35     -864.279621        0.134007
FIRE:  541 14:02:35     -864.279717        0.134012
FIRE:  542 14:02:35     -864.279841        0.134015
FIRE:  543 14:02:35     -864.280013        0.134008
FIRE:  544 14:02:35     -864.280191        0.133981
FIRE:  545 14:02:35     -864.280385        0.133928
FIRE:  546 14:02:35     -864.280611        0.133835
FIRE:  547 14:02:35     -864.280891        0.133679
FIRE:  548 14:02:36     -864.281252        0.133439
FIRE:  549 14:02:36     -864.281716        0.133085
FIRE:  550 14:02:36     -864.282306        0.132599
FIRE:  551 14:02:36     -864.283032        0.131958
FIRE:  552 14:02:36     -864.283891        0.131143
FIRE:  553 14:02:36     -864.284945        0.130135
FIRE:  554 14:02:36     -864.286265        0.128877
FIRE:  555 14:02:36     -864.287865        0.127226
FIRE:  556 14:02:37     -864.289787        0.124916
FIRE:  557 14:02:37     -864.292116        0.121611
FIRE:  558 14:02:37     -864.294917        0.116975
FIRE:  559 14:02:37     -864.298237        0.110723
FIRE:  560 14:02:37     -864.302155        0.102431
FIRE:  561 14:02:37     -864.306691        0.091221
FIRE:  562 14:02:37     -864.311879        0.076621
FIRE:  563 14:02:37     -864.317703        0.069086
FIRE:  564 14:02:38     -864.324129        0.074142
FIRE:  565 14:02:38     -864.331140        0.094570
FIRE:  566 14:02:38     -864.338016        0.299197
FIRE:  567 14:02:38     -864.338671        0.803074
FIRE:  568 14:02:38     -864.348304        0.091065
FIRE:  569 14:02:38     -864.341258        0.811149
FIRE:  570 14:02:38     -864.345137        0.581658
FIRE:  571 14:02:38     -864.348982        0.203599
FIRE:  572 14:02:38     -864.349284        0.201835
FIRE:  573 14:02:39     -864.349372        0.189000
FIRE:  574 14:02:39     -864.349527        0.164074
FIRE:  575 14:02:39     -864.349735        0.128650
FIRE:  576 14:02:39     -864.349952        0.091930
FIRE:  577 14:02:39     -864.350148        0.092004
FIRE:  578 14:02:39     -864.350309        0.092091
FIRE:  579 14:02:39     -864.350449        0.092189
FIRE:  580 14:02:39     -864.350604        0.092309
FIRE:  581 14:02:40     -864.350819        0.110837
FIRE:  582 14:02:40     -864.351137        0.112268
FIRE:  583 14:02:40     -864.351581        0.092785
FIRE:  584 14:02:40     -864.352134        0.092992
FIRE:  585 14:02:40     -864.352754        0.093245
FIRE:  586 14:02:40     -864.353420        0.093552
FIRE:  587 14:02:40     -864.354270        0.093923
FIRE:  588 14:02:40     -864.355408        0.094360
FIRE:  589 14:02:40     -864.356759        0.094858
FIRE:  590 14:02:41     -864.358295        0.095389
FIRE:  591 14:02:41     -864.360295        0.095893
FIRE:  592 14:02:41     -864.362699        0.096323
FIRE:  593 14:02:41     -864.365591        0.096597
FIRE:  594 14:02:41     -864.369239        0.097067
FIRE:  595 14:02:41     -864.373657        0.099997
FIRE:  596 14:02:41     -864.379098        0.103191
FIRE:  597 14:02:41     -864.385843        0.106332
FIRE:  598 14:02:41     -864.394078        0.108859
FIRE:  599 14:02:42     -864.403960        0.109433
FIRE:  600 14:02:42     -864.414680        0.294874
FIRE:  601 14:02:42     -864.418318        0.863554
FIRE:  602 14:02:42     -864.428612        0.093204
FIRE:  603 14:02:42     -864.420771        0.883845
FIRE:  604 14:02:42     -864.425170        0.623429
FIRE:  605 14:02:42     -864.429318        0.199267
FIRE:  606 14:02:42     -864.429310        0.247453
FIRE:  607 14:02:42     -864.429422        0.231405
FIRE:  608 14:02:43     -864.429644        0.200179
FIRE:  609 14:02:43     -864.429905        0.155733
FIRE:  610 14:02:43     -864.430161        0.101039
FIRE:  611 14:02:43     -864.430390        0.091724
FIRE:  612 14:02:43     -864.430537        0.091595
FIRE:  613 14:02:43     -864.430651        0.091440
FIRE:  614 14:02:43     -864.430766        0.114568
FIRE:  615 14:02:43     -864.430946        0.138125
FIRE:  616 14:02:43     -864.431257        0.136950
FIRE:  617 14:02:44     -864.431713        0.106682
FIRE:  618 14:02:44     -864.432252        0.089942
FIRE:  619 14:02:44     -864.432807        0.089400
FIRE:  620 14:02:44     -864.433390        0.088708
FIRE:  621 14:02:44     -864.434140        0.104751
FIRE:  622 14:02:44     -864.435177        0.086740
FIRE:  623 14:02:44     -864.436356        0.085345
FIRE:  624 14:02:44     -864.437640        0.093774
FIRE:  625 14:02:44     -864.439325        0.081282
FIRE:  626 14:02:45     -864.441245        0.078360
FIRE:  627 14:02:45     -864.443469        0.076498
FIRE:  628 14:02:45     -864.446158        0.069663
FIRE:  629 14:02:45     -864.449180        0.063366
FIRE:  630 14:02:45     -864.452590        0.095483
FIRE:  631 14:02:45     -864.456493        0.060441
FIRE:  632 14:02:45     -864.460725        0.047869
FIRE:  633 14:02:45     -864.465220        0.061354
FIRE:  634 14:02:46     -864.469199        0.201244
FIRE:  635 14:02:46     -864.466656        0.671195
FIRE:  636 14:02:46     -864.474556        0.099751
FIRE:  637 14:02:46     -864.474654        0.072194
FIRE:  638 14:02:46     -864.474774        0.030531
FIRE:  639 14:02:46     -864.474861        0.030519
FIRE:  640 14:02:46     -864.474943        0.065408
FIRE:  641 14:02:46     -864.475066        0.075277
FIRE:  642 14:02:47     -864.475254        0.056685
FIRE:  643 14:02:47     -864.475475        0.030575
FIRE:  644 14:02:47     -864.475694        0.030621
FIRE:  645 14:02:47     -864.475943        0.056563
FIRE:  646 14:02:47     -864.476310        0.040789
FIRE:  647 14:02:47     -864.476743        0.030826
FIRE:  648 14:02:47     -864.477203        0.052628
FIRE:  649 14:02:47     -864.477836        0.030871
FIRE:  650 14:02:47     -864.478517        0.046055
FIRE:  651 14:02:48     -864.479390        0.030323
FIRE:  652 14:02:48     -864.480354        0.061014
FIRE:  653 14:02:48     -864.481564        0.028871
FIRE:  654 14:02:48     -864.482959        0.026862
FIRE:  655 14:02:48     -864.484575        0.053108
FIRE:  656 14:02:48     -864.486203        0.151934
FIRE:  657 14:02:48     -864.486614        0.406615
FIRE:  658 14:02:48     -864.488644        0.020984
FIRE:  659 14:02:49     -864.488656        0.020988
FIRE:  660 14:02:49     -864.488681        0.020996
FIRE:  661 14:02:49     -864.488718        0.021009
FIRE:  662 14:02:49     -864.488779        0.021027
FIRE:  663 14:02:49     -864.488844        0.021049
FIRE:  664 14:02:49     -864.488927        0.021077
FIRE:  665 14:02:49     -864.489009        0.021105
FIRE:  666 14:02:49     -864.489134        0.021138
FIRE:  667 14:02:50     -864.489275        0.021174
FIRE:  668 14:02:50     -864.489466        0.021208
FIRE:  669 14:02:50     -864.489691        0.021233
FIRE:  670 14:02:50     -864.489976        0.021238
FIRE:  671 14:02:50     -864.490316        0.021197
FIRE:  672 14:02:50     -864.490741        0.021084
FIRE:  673 14:02:50     -864.491257        0.020859
FIRE:  674 14:02:50     -864.491885        0.020614
FIRE:  675 14:02:50     -864.492650        0.021416
FIRE:  676 14:02:51     -864.493573        0.022453
FIRE:  677 14:02:51     -864.494682        0.023806
FIRE:  678 14:02:51     -864.496008        0.025594
FIRE:  679 14:02:51     -864.497580        0.056106
FIRE:  680 14:02:51     -864.498836        0.229310
FIRE:  681 14:02:51     -864.492505        0.910106
FIRE:  682 14:02:51     -864.500358        0.327124
FIRE:  683 14:02:51     -864.501077        0.223891
FIRE:  684 14:02:51     -864.501701        0.046315
FIRE:  685 14:02:52     -864.501539        0.147216
FIRE:  686 14:02:52     -864.501584        0.135067
FIRE:  687 14:02:52     -864.501662        0.111859
FIRE:  688 14:02:52     -864.501742        0.079658
FIRE:  689 14:02:52     -864.501811        0.041377
FIRE:  690 14:02:52     -864.501848        0.035749
FIRE:  691 14:02:52     -864.501860        0.035806
FIRE:  692 14:02:52     -864.501865        0.035808
FIRE:  693 14:02:52     -864.501868        0.035816
FIRE:  694 14:02:53     -864.501864        0.035825
FIRE:  695 14:02:53     -864.501874        0.035837
FIRE:  696 14:02:53     -864.501878        0.035852
FIRE:  697 14:02:53     -864.501891        0.035870
FIRE:  698 14:02:53     -864.501896        0.035891
FIRE:  699 14:02:53     -864.501918        0.035918
FIRE:  700 14:02:53     -864.501915        0.035951
FIRE:  701 14:02:53     -864.501934        0.035994
FIRE:  702 14:02:53     -864.501950        0.036047
FIRE:  703 14:02:54     -864.501975        0.036110
FIRE:  704 14:02:54     -864.502001        0.036190
FIRE:  705 14:02:54     -864.502032        0.036284
FIRE:  706 14:02:54     -864.502075        0.036399
FIRE:  707 14:02:54     -864.502126        0.036537
FIRE:  708 14:02:54     -864.502191        0.036706
FIRE:  709 14:02:54     -864.502260        0.036915
FIRE:  710 14:02:54     -864.502353        0.037172
FIRE:  711 14:02:54     -864.502474        0.037495
FIRE:  712 14:02:55     -864.502614        0.037891
FIRE:  713 14:02:55     -864.502784        0.038384
FIRE:  714 14:02:55     -864.502989        0.038990
FIRE:  715 14:02:55     -864.503247        0.039733
FIRE:  716 14:02:55     -864.503574        0.040644
FIRE:  717 14:02:55     -864.503966        0.041778
FIRE:  718 14:02:55     -864.504442        0.043203
FIRE:  719 14:02:55     -864.505054        0.044993
FIRE:  720 14:02:55     -864.505801        0.047219
FIRE:  721 14:02:56     -864.506748        0.050029
FIRE:  722 14:02:56     -864.507958        0.053617
FIRE:  723 14:02:56     -864.509510        0.058140
FIRE:  724 14:02:56     -864.511523        0.063949
FIRE:  725 14:02:56     -864.514160        0.071246
FIRE:  726 14:02:56     -864.517175        0.234139
FIRE:  727 14:02:56     -864.514282        0.794045
FIRE:  728 14:02:56     -864.522396        0.182083
FIRE:  729 14:02:56     -864.522672        0.123170
FIRE:  730 14:02:57     -864.522939        0.092052
FIRE:  731 14:02:57     -864.523054        0.092366
FIRE:  732 14:02:57     -864.523065        0.092400
FIRE:  733 14:02:57     -864.523117        0.092466
FIRE:  734 14:02:57     -864.523168        0.092567
FIRE:  735 14:02:57     -864.523238        0.092700
FIRE:  736 14:02:57     -864.523314        0.092868
FIRE:  737 14:02:57     -864.523394        0.093064
FIRE:  738 14:02:58     -864.523468        0.093289
FIRE:  739 14:02:58     -864.523596        0.093569
FIRE:  740 14:02:58     -864.523739        0.093909
FIRE:  741 14:02:58     -864.523936        0.094325
FIRE:  742 14:02:58     -864.524178        0.094837
FIRE:  743 14:02:58     -864.524470        0.095472
FIRE:  744 14:02:58     -864.524838        0.096261
FIRE:  745 14:02:58     -864.525292        0.097243
FIRE:  746 14:02:58     -864.525872        0.098454
FIRE:  747 14:02:59     -864.526590        0.099938
FIRE:  748 14:02:59     -864.527486        0.101729
FIRE:  749 14:02:59     -864.528619        0.103858
FIRE:  750 14:02:59     -864.530048        0.106381
FIRE:  751 14:02:59     -864.531851        0.109381
FIRE:  752 14:02:59     -864.534144        0.112867
FIRE:  753 14:02:59     -864.537072        0.116724
FIRE:  754 14:02:59     -864.540832        0.120770
FIRE:  755 14:02:59     -864.545658        0.124735
FIRE:  756 14:03:00     -864.551859        0.127656
FIRE:  757 14:03:00     -864.559742        0.128218
FIRE:  758 14:03:00     -864.569449        0.123885
FIRE:  759 14:03:00     -864.578767        0.412760
FIRE:  760 14:03:00     -864.557002        1.447019
FIRE:  761 14:03:00     -864.591531        0.318982
FIRE:  762 14:03:00     -864.592901        0.211288
FIRE:  763 14:03:00     -864.594093        0.099634
FIRE:  764 14:03:01     -864.594006        0.141275
FIRE:  765 14:03:01     -864.594104        0.129510
FIRE:  766 14:03:01     -864.594278        0.107095
FIRE:  767 14:03:01     -864.594475        0.098890
FIRE:  768 14:03:01     -864.594675        0.098904
FIRE:  769 14:03:01     -864.594841        0.098900
FIRE:  770 14:03:01     -864.594968        0.098861
FIRE:  771 14:03:01     -864.595097        0.098783
FIRE:  772 14:03:01     -864.595267        0.098651
FIRE:  773 14:03:02     -864.595548        0.098450
FIRE:  774 14:03:02     -864.595924        0.098180
FIRE:  775 14:03:02     -864.596415        0.097834
FIRE:  776 14:03:02     -864.596929        0.097435
FIRE:  777 14:03:02     -864.597497        0.097032
FIRE:  778 14:03:02     -864.598225        0.096688
FIRE:  779 14:03:02     -864.599189        0.096434
FIRE:  780 14:03:03     -864.600317        0.096234
FIRE:  781 14:03:03     -864.601597        0.095966
FIRE:  782 14:03:03     -864.603243        0.095532
FIRE:  783 14:03:03     -864.605167        0.094915
FIRE:  784 14:03:03     -864.607484        0.094225
FIRE:  785 14:03:03     -864.610276        0.093313
FIRE:  786 14:03:03     -864.613638        0.091600
FIRE:  787 14:03:03     -864.617567        0.088921
FIRE:  788 14:03:03     -864.622261        0.085924
FIRE:  789 14:03:04     -864.627754        0.081779
FIRE:  790 14:03:04     -864.633923        0.143433
FIRE:  791 14:03:04     -864.639221        0.353417
FIRE:  792 14:03:04     -864.630310        1.086914
FIRE:  793 14:03:04     -864.649473        0.230851
FIRE:  794 14:03:04     -864.649871        0.165558
FIRE:  795 14:03:04     -864.650329        0.072870
FIRE:  796 14:03:04     -864.650507        0.074603
FIRE:  797 14:03:05     -864.650527        0.073080
FIRE:  798 14:03:05     -864.650569        0.073026
FIRE:  799 14:03:05     -864.650639        0.072949
FIRE:  800 14:03:05     -864.650710        0.072849
FIRE:  801 14:03:05     -864.650803        0.072737
FIRE:  802 14:03:05     -864.650885        0.072616
FIRE:  803 14:03:05     -864.650989        0.072496
FIRE:  804 14:03:05     -864.651129        0.072369
FIRE:  805 14:03:06     -864.651297        0.072242
FIRE:  806 14:03:06     -864.651519        0.072122
FIRE:  807 14:03:06     -864.651791        0.072007
FIRE:  808 14:03:06     -864.652143        0.071893
FIRE:  809 14:03:06     -864.652546        0.071762
FIRE:  810 14:03:06     -864.653059        0.071593
FIRE:  811 14:03:06     -864.653691        0.071360
FIRE:  812 14:03:06     -864.654477        0.071067
FIRE:  813 14:03:06     -864.655424        0.070766
FIRE:  814 14:03:07     -864.656597        0.070522
FIRE:  815 14:03:07     -864.658043        0.070339
FIRE:  816 14:03:07     -864.659785        0.070071
FIRE:  817 14:03:07     -864.661939        0.069528
FIRE:  818 14:03:07     -864.664562        0.068695
FIRE:  819 14:03:07     -864.667792        0.067595
FIRE:  820 14:03:07     -864.671711        0.065664
FIRE:  821 14:03:07     -864.676438        0.062620
FIRE:  822 14:03:07     -864.682040        0.073667
FIRE:  823 14:03:08     -864.688126        0.202455
FIRE:  824 14:03:08     -864.691760        0.577462
FIRE:  825 14:03:08     -864.695924        0.053044
FIRE:  826 14:03:08     -864.695968        0.053034
FIRE:  827 14:03:08     -864.696055        0.053020
FIRE:  828 14:03:08     -864.696177        0.052994
FIRE:  829 14:03:08     -864.696345        0.052957
FIRE:  830 14:03:08     -864.696551        0.052908
FIRE:  831 14:03:08     -864.696804        0.052844
FIRE:  832 14:03:09     -864.697099        0.052765
FIRE:  833 14:03:09     -864.697458        0.052659
FIRE:  834 14:03:09     -864.697927        0.052519
FIRE:  835 14:03:09     -864.698503        0.052331
FIRE:  836 14:03:09     -864.699229        0.052069
FIRE:  837 14:03:09     -864.700100        0.051710
FIRE:  838 14:03:09     -864.701198        0.051201
FIRE:  839 14:03:09     -864.702520        0.050484
FIRE:  840 14:03:09     -864.704126        0.049478
FIRE:  841 14:03:10     -864.706061        0.048046
FIRE:  842 14:03:10     -864.708358        0.045998
FIRE:  843 14:03:10     -864.711057        0.043133
FIRE:  844 14:03:10     -864.714187        0.039105
FIRE:  845 14:03:10     -864.717741        0.033633
FIRE:  846 14:03:10     -864.721487        0.106868
FIRE:  847 14:03:10     -864.723075        0.422218
FIRE:  848 14:03:10     -864.725797        0.031591
FIRE:  849 14:03:11     -864.725827        0.031572
FIRE:  850 14:03:11     -864.725877        0.031536
FIRE:  851 14:03:11     -864.725940        0.031483
FIRE:  852 14:03:11     -864.726022        0.031415
FIRE:  853 14:03:11     -864.726130        0.031337
FIRE:  854 14:03:11     -864.726258        0.031246
FIRE:  855 14:03:11     -864.726404        0.031144
FIRE:  856 14:03:11     -864.726592        0.031014
FIRE:  857 14:03:11     -864.726823        0.030847
FIRE:  858 14:03:12     -864.727120        0.030636
FIRE:  859 14:03:12     -864.727488        0.030377
FIRE:  860 14:03:12     -864.727931        0.030076
FIRE:  861 14:03:12     -864.728488        0.029730
FIRE:  862 14:03:12     -864.729160        0.029320
FIRE:  863 14:03:12     -864.729990        0.028827
FIRE:  864 14:03:12     -864.730970        0.028278
FIRE:  865 14:03:12     -864.732172        0.027679
FIRE:  866 14:03:13     -864.733606        0.026976
FIRE:  867 14:03:13     -864.735315        0.026303
FIRE:  868 14:03:13     -864.737284        0.075131
FIRE:  869 14:03:13     -864.738919        0.253898
FIRE:  870 14:03:13     -864.734807        0.764135
FIRE:  871 14:03:13     -864.742224        0.085660
FIRE:  872 14:03:13     -864.742282        0.060258
FIRE:  873 14:03:13     -864.742353        0.024540
FIRE:  874 14:03:14     -864.742407        0.027899
FIRE:  875 14:03:14     -864.742448        0.057163
FIRE:  876 14:03:14     -864.742525        0.061986
FIRE:  877 14:03:14     -864.742652        0.042703
FIRE:  878 14:03:14     -864.742787        0.024974
FIRE:  879 14:03:14     -864.742921        0.031819
FIRE:  880 14:03:14     -864.743090        0.048555
FIRE:  881 14:03:14     -864.743334        0.027271
FIRE:  882 14:03:15     -864.743629        0.025797
FIRE:  883 14:03:15     -864.743965        0.044256
FIRE:  884 14:03:15     -864.744431        0.026533
FIRE:  885 14:03:15     -864.744952        0.042832
FIRE:  886 14:03:15     -864.745651        0.027637
FIRE:  887 14:03:15     -864.746453        0.044650
FIRE:  888 14:03:15     -864.747489        0.042748
FIRE:  889 14:03:15     -864.748774        0.030210
FIRE:  890 14:03:15     -864.750331        0.031265
FIRE:  891 14:03:16     -864.752207        0.082535
FIRE:  892 14:03:16     -864.753706        0.283143
FIRE:  893 14:03:16     -864.754721        0.033361
FIRE:  894 14:03:16     -864.754745        0.033366
FIRE:  895 14:03:16     -864.754792        0.033381
FIRE:  896 14:03:16     -864.754846        0.033402
FIRE:  897 14:03:16     -864.754913        0.033435
FIRE:  898 14:03:16     -864.754996        0.033478
FIRE:  899 14:03:16     -864.755110        0.033530
FIRE:  900 14:03:17     -864.755242        0.033590
FIRE:  901 14:03:17     -864.755405        0.033663
FIRE:  902 14:03:17     -864.755609        0.033745
FIRE:  903 14:03:17     -864.755866        0.033836
FIRE:  904 14:03:17     -864.756190        0.033929
FIRE:  905 14:03:17     -864.756605        0.034026
FIRE:  906 14:03:17     -864.757111        0.034119
FIRE:  907 14:03:17     -864.757740        0.034179
FIRE:  908 14:03:17     -864.758533        0.034153
FIRE:  909 14:03:18     -864.759488        0.033984
FIRE:  910 14:03:18     -864.760673        0.033576
FIRE:  911 14:03:18     -864.762125        0.032714
FIRE:  912 14:03:18     -864.763894        0.031142
FIRE:  913 14:03:18     -864.765993        0.029278
FIRE:  914 14:03:18     -864.768311        0.106524
FIRE:  915 14:03:18     -864.768856        0.436839
FIRE:  916 14:03:18     -864.771058        0.080460
FIRE:  917 14:03:18     -864.771123        0.057508
FIRE:  918 14:03:19     -864.771177        0.029348
FIRE:  919 14:03:19     -864.771236        0.029260
FIRE:  920 14:03:19     -864.771269        0.052991
FIRE:  921 14:03:19     -864.771334        0.058512
FIRE:  922 14:03:19     -864.771448        0.041021
FIRE:  923 14:03:19     -864.771563        0.028688
FIRE:  924 14:03:19     -864.771685        0.029376
FIRE:  925 14:03:19     -864.771819        0.046773
FIRE:  926 14:03:19     -864.772029        0.029190
FIRE:  927 14:03:20     -864.772279        0.027501
FIRE:  928 14:03:20     -864.772557        0.041331
FIRE:  929 14:03:20     -864.772938        0.026501
FIRE:  930 14:03:20     -864.773349        0.040212
FIRE:  931 14:03:20     -864.773880        0.025120
FIRE:  932 14:03:20     -864.774497        0.045101
FIRE:  933 14:03:20     -864.775236        0.037861
FIRE:  934 14:03:20     -864.776097        0.022039
FIRE:  935 14:03:20     -864.777091        0.020611
FIRE:  936 14:03:21     -864.778210        0.045970
FIRE:  937 14:03:21     -864.779095        0.181337
FIRE:  938 14:03:21     -864.775678        0.673849
FIRE:  939 14:03:21     -864.780349        0.202975
FIRE:  940 14:03:21     -864.780625        0.140676
FIRE:  941 14:03:21     -864.780863        0.034012
FIRE:  942 14:03:21     -864.780821        0.082367
FIRE:  943 14:03:21     -864.780832        0.075798
FIRE:  944 14:03:21     -864.780867        0.063280
FIRE:  945 14:03:22     -864.780897        0.045781
FIRE:  946 14:03:22     -864.780921        0.024940
FIRE:  947 14:03:22     -864.780934        0.013983
[prep] P1_Al2O3_C: fmax 0.0140 (target 0.02) · steps 947 · converged True · 1.8 min
WARNING:root:If 'dataset_list' is provided in the config, the code assumes that each dataset maps to itself. Please use 'dataset_mapping' as 'dataset_list' is deprecated and will be removed in the future.
      Step     Time          Energy          fmax
FIRE:    0 14:03:31     -845.601348        2.774186
FIRE:    1 14:03:31     -846.218238        1.898353
FIRE:    2 14:03:32     -847.048436        1.486905
FIRE:    3 14:03:32     -847.721071        1.270653
FIRE:    4 14:03:32     -848.149656        1.310818
FIRE:    5 14:03:32     -848.472459        1.437472
FIRE:    6 14:03:32     -848.708754        1.405741
FIRE:    7 14:03:32     -848.842888        1.610270
FIRE:    8 14:03:32     -848.885270        1.520285
FIRE:    9 14:03:32     -848.962541        1.350680
FIRE:   10 14:03:32     -849.061667        1.119678
FIRE:   11 14:03:33     -849.167493        0.849282
FIRE:   12 14:03:33     -849.266279        0.561571
FIRE:   13 14:03:33     -849.348700        0.373509
FIRE:   14 14:03:33     -849.411419        0.346339
FIRE:   15 14:03:33     -849.460705        0.350143
FIRE:   16 14:03:33     -849.499480        0.470014
FIRE:   17 14:03:33     -849.536087        0.580853
FIRE:   18 14:03:33     -849.582493        0.619194
FIRE:   19 14:03:33     -849.650474        0.573209
FIRE:   20 14:03:34     -849.744692        0.475270
FIRE:   21 14:03:34     -849.855358        0.342700
FIRE:   22 14:03:34     -849.959418        0.251780
FIRE:   23 14:03:34     -850.040778        0.417493
FIRE:   24 14:03:34     -850.109878        0.479001
FIRE:   25 14:03:34     -850.191479        0.444104
FIRE:   26 14:03:34     -850.289367        0.268480
FIRE:   27 14:03:34     -850.360717        0.372910
FIRE:   28 14:03:34     -850.416176        0.357219
FIRE:   29 14:03:35     -850.491577        0.358934
FIRE:   30 14:03:35     -850.561856        0.184764
FIRE:   31 14:03:35     -850.608124        0.323396
FIRE:   32 14:03:35     -850.669834        0.328618
FIRE:   33 14:03:35     -850.739213        0.175161
FIRE:   34 14:03:35     -850.797069        0.250521
FIRE:   35 14:03:35     -850.871812        0.192016
FIRE:   36 14:03:35     -850.950581        0.197020
FIRE:   37 14:03:35     -851.027831        0.189256
FIRE:   38 14:03:36     -851.111095        0.146161
FIRE:   39 14:03:36     -851.186663        0.187056
FIRE:   40 14:03:36     -851.266116        0.161475
FIRE:   41 14:03:36     -851.350482        0.164516
FIRE:   42 14:03:36     -851.438535        0.166276
FIRE:   43 14:03:36     -851.534419        0.154936
FIRE:   44 14:03:36     -851.625820        0.149269
FIRE:   45 14:03:36     -851.711931        0.146244
FIRE:   46 14:03:37     -851.790209        0.128323
FIRE:   47 14:03:37     -851.857510        0.121612
FIRE:   48 14:03:37     -851.917438        0.137529
FIRE:   49 14:03:37     -851.972653        0.144254
FIRE:   50 14:03:37     -852.025606        0.182017
FIRE:   51 14:03:37     -852.080624        0.178339
FIRE:   52 14:03:37     -852.137003        0.149989
FIRE:   53 14:03:37     -852.193725        0.130835
FIRE:   54 14:03:38     -852.252242        0.126459
FIRE:   55 14:03:38     -852.312576        0.136285
FIRE:   56 14:03:38     -852.374511        0.159328
FIRE:   57 14:03:38     -852.439161        0.183397
FIRE:   58 14:03:38     -852.507509        0.205079
FIRE:   59 14:03:38     -852.579430        0.220121
FIRE:   60 14:03:38     -852.655275        0.221889
FIRE:   61 14:03:38     -852.734030        0.202369
FIRE:   62 14:03:38     -852.812399        0.159239
FIRE:   63 14:03:39     -852.887220        0.147861
FIRE:   64 14:03:39     -852.956442        0.182366
FIRE:   65 14:03:39     -853.019803        0.205318
FIRE:   66 14:03:39     -853.079072        0.228297
FIRE:   67 14:03:39     -853.135492        0.226393
FIRE:   68 14:03:39     -853.188688        0.178772
FIRE:   69 14:03:39     -853.239147        0.181552
FIRE:   70 14:03:39     -853.288450        0.200085
FIRE:   71 14:03:40     -853.336430        0.189770
FIRE:   72 14:03:40     -853.381716        0.274441
FIRE:   73 14:03:40     -853.426426        0.342266
FIRE:   74 14:03:40     -853.475269        0.340187
FIRE:   75 14:03:40     -853.528569        0.263704
FIRE:   76 14:03:40     -853.580458        0.173070
FIRE:   77 14:03:40     -853.624999        0.189510
FIRE:   78 14:03:40     -853.660696        0.201277
FIRE:   79 14:03:40     -853.689694        0.206389
FIRE:   80 14:03:41     -853.715719        0.261475
FIRE:   81 14:03:41     -853.741903        0.277598
FIRE:   82 14:03:41     -853.768814        0.251472
FIRE:   83 14:03:41     -853.794550        0.208686
FIRE:   84 14:03:41     -853.817900        0.279129
FIRE:   85 14:03:41     -853.841273        0.371914
FIRE:   86 14:03:41     -853.867985        0.377228
FIRE:   87 14:03:41     -853.896778        0.282356
FIRE:   88 14:03:41     -853.924987        0.181601
FIRE:   89 14:03:42     -853.954776        0.198381
FIRE:   90 14:03:42     -853.990173        0.198987
FIRE:   91 14:03:42     -854.031974        0.197738
FIRE:   92 14:03:42     -854.078628        0.186781
FIRE:   93 14:03:42     -854.129324        0.181320
FIRE:   94 14:03:42     -854.184191        0.181251
FIRE:   95 14:03:42     -854.242095        0.164793
FIRE:   96 14:03:42     -854.300092        0.175112
FIRE:   97 14:03:42     -854.354669        0.179949
FIRE:   98 14:03:43     -854.403193        0.176235
FIRE:   99 14:03:43     -854.444496        0.174359
FIRE:  100 14:03:43     -854.478853        0.190448
FIRE:  101 14:03:43     -854.506941        0.222556
FIRE:  102 14:03:43     -854.528745        0.216652
FIRE:  103 14:03:43     -854.544563        0.238571
FIRE:  104 14:03:43     -854.556904        0.300352
FIRE:  105 14:03:43     -854.651863        0.145373
FIRE:  106 14:03:43     -854.695231        0.266825
FIRE:  107 14:03:44     -854.704484        0.403387
FIRE:  108 14:03:44     -854.717256        0.135986
FIRE:  109 14:03:44     -854.722139        0.217517
FIRE:  110 14:03:44     -854.723195        0.182802
FIRE:  111 14:03:44     -854.724962        0.119336
FIRE:  112 14:03:44     -854.726990        0.114585
FIRE:  113 14:03:44     -854.728963        0.114165
FIRE:  114 14:03:44     -854.730990        0.113910
FIRE:  115 14:03:44     -854.733410        0.132031
FIRE:  116 14:03:45     -854.736451        0.122880
FIRE:  117 14:03:45     -854.740476        0.114980
FIRE:  118 14:03:45     -854.745234        0.116128
FIRE:  119 14:03:45     -854.750462        0.117563
FIRE:  120 14:03:45     -854.756613        0.118942
FIRE:  121 14:03:45     -854.764460        0.119878
FIRE:  122 14:03:45     -854.773951        0.120181
FIRE:  123 14:03:45     -854.785011        0.120147
FIRE:  124 14:03:45     -854.798886        0.120345
FIRE:  125 14:03:46     -854.815743        0.126545
FIRE:  126 14:03:46     -854.836224        0.137063
FIRE:  127 14:03:46     -854.861082        0.150400
FIRE:  128 14:03:46     -854.891057        0.165145
FIRE:  129 14:03:46     -854.926630        0.174972
FIRE:  130 14:03:46     -854.967798        0.175137
FIRE:  131 14:03:46     -855.011737        0.300048
FIRE:  132 14:03:46     -855.046083        0.660878
FIRE:  133 14:03:46     -855.055376        1.219385
FIRE:  134 14:03:47     -855.091087        0.154371
FIRE:  135 14:03:47     -855.069311        1.178806
FIRE:  136 14:03:47     -855.083235        0.844715
FIRE:  137 14:03:47     -855.097269        0.293930
FIRE:  138 14:03:47     -855.098961        0.308850
FIRE:  139 14:03:47     -855.099334        0.289164
FIRE:  140 14:03:47     -855.100029        0.251017
FIRE:  141 14:03:47     -855.100922        0.196856
FIRE:  142 14:03:47     -855.101880        0.130574
FIRE:  143 14:03:48     -855.102800        0.088751
FIRE:  144 14:03:48     -855.103647        0.086290
FIRE:  145 14:03:48     -855.104422        0.083411
FIRE:  146 14:03:48     -855.105324        0.130628
FIRE:  147 14:03:48     -855.106511        0.160541
FIRE:  148 14:03:48     -855.108166        0.159281
FIRE:  149 14:03:48     -855.110348        0.120976
FIRE:  150 14:03:48     -855.112942        0.081800
FIRE:  151 14:03:48     -855.115766        0.082663
FIRE:  152 14:03:49     -855.118889        0.116185
FIRE:  153 14:03:49     -855.122778        0.127881
FIRE:  154 14:03:49     -855.127632        0.086926
FIRE:  155 14:03:49     -855.133100        0.089108
FIRE:  156 14:03:49     -855.139376        0.112670
FIRE:  157 14:03:49     -855.147240        0.095258
FIRE:  158 14:03:49     -855.156294        0.099642
FIRE:  159 14:03:49     -855.167236        0.105054
FIRE:  160 14:03:49     -855.180312        0.111263
FIRE:  161 14:03:50     -855.196102        0.117908
FIRE:  162 14:03:50     -855.214652        0.129665
FIRE:  163 14:03:50     -855.236894        0.128277
FIRE:  164 14:03:50     -855.262689        0.123154
FIRE:  165 14:03:50     -855.290812        0.194130
FIRE:  166 14:03:50     -855.313876        0.541042
FIRE:  167 14:03:50     -855.293539        1.595820
FIRE:  168 14:03:50     -855.344624        0.283903
FIRE:  169 14:03:50     -855.345793        0.209738
FIRE:  170 14:03:51     -855.347315        0.091446
FIRE:  171 14:03:51     -855.348392        0.084577
FIRE:  172 14:03:51     -855.349140        0.179397
FIRE:  173 14:03:51     -855.350341        0.211049
FIRE:  174 14:03:51     -855.352293        0.161393
FIRE:  175 14:03:51     -855.354455        0.065428
FIRE:  176 14:03:51     -855.356436        0.091107
FIRE:  177 14:03:51     -855.358520        0.160759
FIRE:  178 14:03:52     -855.361519        0.122260
FIRE:  179 14:03:52     -855.365022        0.071142
FIRE:  180 14:03:52     -855.368615        0.142530
FIRE:  181 14:03:52     -855.373554        0.078733
FIRE:  182 14:03:52     -855.379009        0.124052
FIRE:  183 14:03:52     -855.386042        0.084298
FIRE:  184 14:03:52     -855.394176        0.151356
FIRE:  185 14:03:52     -855.404831        0.093446
FIRE:  186 14:03:53     -855.417464        0.096260
FIRE:  187 14:03:53     -855.431962        0.221284
FIRE:  188 14:03:53     -855.446049        0.461399
FIRE:  189 14:03:53     -855.447265        1.073658
FIRE:  190 14:03:53     -855.470262        0.072164
FIRE:  191 14:03:53     -855.470468        0.065122
FIRE:  192 14:03:53     -855.470851        0.065037
FIRE:  193 14:03:53     -855.471349        0.064903
FIRE:  194 14:03:54     -855.471942        0.064712
FIRE:  195 14:03:54     -855.472685        0.064458
FIRE:  196 14:03:54     -855.473584        0.064138
FIRE:  197 14:03:54     -855.474647        0.063748
FIRE:  198 14:03:54     -855.475957        0.063235
FIRE:  199 14:03:54     -855.477566        0.062564
FIRE:  200 14:03:54     -855.479549        0.061684
FIRE:  201 14:03:54     -855.482014        0.060482
FIRE:  202 14:03:55     -855.485017        0.058747
FIRE:  203 14:03:55     -855.488702        0.059293
FIRE:  204 14:03:55     -855.493187        0.061100
FIRE:  205 14:03:55     -855.498633        0.063209
FIRE:  206 14:03:55     -855.505199        0.065335
FIRE:  207 14:03:55     -855.513078        0.066979
FIRE:  208 14:03:55     -855.522452        0.067458
FIRE:  209 14:03:56     -855.533440        0.065383
FIRE:  210 14:03:56     -855.546014        0.073796
FIRE:  211 14:03:56     -855.558676        0.270701
FIRE:  212 14:03:56     -855.558297        0.885134
FIRE:  213 14:03:56     -855.574936        0.064756
FIRE:  214 14:03:56     -855.575102        0.051285
FIRE:  215 14:03:56     -855.575384        0.049846
FIRE:  216 14:03:56     -855.575738        0.047827
FIRE:  217 14:03:56     -855.576189        0.045966
FIRE:  218 14:03:57     -855.576752        0.046067
FIRE:  219 14:03:57     -855.577456        0.046195
FIRE:  220 14:03:57     -855.578256        0.046346
FIRE:  221 14:03:57     -855.579220        0.046539
FIRE:  222 14:03:57     -855.580409        0.046767
FIRE:  223 14:03:57     -855.581916        0.047021
FIRE:  224 14:03:57     -855.583725        0.047287
FIRE:  225 14:03:57     -855.585929        0.047560
FIRE:  226 14:03:57     -855.588648        0.047853
FIRE:  227 14:03:58     -855.591941        0.048169
FIRE:  228 14:03:58     -855.595984        0.048401
FIRE:  229 14:03:58     -855.600886        0.048329
FIRE:  230 14:03:58     -855.606874        0.047827
FIRE:  231 14:03:58     -855.614131        0.048859
FIRE:  232 14:03:58     -855.622818        0.089831
FIRE:  233 14:03:58     -855.632308        0.225642
FIRE:  234 14:03:58     -855.637312        0.644927
FIRE:  235 14:03:58     -855.645461        0.045352
FIRE:  236 14:03:59     -855.645550        0.045390
FIRE:  237 14:03:59     -855.645722        0.045463
FIRE:  238 14:03:59     -855.645992        0.045549
FIRE:  239 14:03:59     -855.646318        0.045632
FIRE:  240 14:03:59     -855.646749        0.045696
FIRE:  241 14:03:59     -855.647262        0.045734
FIRE:  242 14:03:59     -855.647868        0.045753
FIRE:  243 14:03:59     -855.648623        0.046126
FIRE:  244 14:03:59     -855.649577        0.046799
FIRE:  245 14:04:00     -855.650790        0.047666
FIRE:  246 14:04:00     -855.652307        0.048780
FIRE:  247 14:04:00     -855.654194        0.050205
FIRE:  248 14:04:00     -855.656556        0.052012
FIRE:  249 14:04:00     -855.659501        0.054291
FIRE:  250 14:04:00     -855.663173        0.057190
FIRE:  251 14:04:00     -855.667761        0.060895
FIRE:  252 14:04:00     -855.673482        0.065566
FIRE:  253 14:04:01     -855.680666        0.071283
FIRE:  254 14:04:01     -855.689693        0.078079
FIRE:  255 14:04:01     -855.701020        0.085509
FIRE:  256 14:04:01     -855.714787        0.158804
FIRE:  257 14:04:01     -855.725339        0.577106
FIRE:  258 14:04:01     -855.732635        0.090865
FIRE:  259 14:04:01     -855.732784        0.090832
FIRE:  260 14:04:01     -855.733056        0.090767
FIRE:  261 14:04:01     -855.733456        0.090668
FIRE:  262 14:04:02     -855.733977        0.090532
FIRE:  263 14:04:02     -855.734626        0.090356
FIRE:  264 14:04:02     -855.735414        0.090129
FIRE:  265 14:04:02     -855.736321        0.089831
FIRE:  266 14:04:02     -855.737477        0.089396
FIRE:  267 14:04:02     -855.738916        0.088748
FIRE:  268 14:04:02     -855.740710        0.087763
FIRE:  269 14:04:02     -855.742943        0.086273
FIRE:  270 14:04:03     -855.745664        0.084024
FIRE:  271 14:04:03     -855.748981        0.080658
FIRE:  272 14:04:03     -855.752963        0.075638
FIRE:  273 14:04:03     -855.757654        0.068250
FIRE:  274 14:04:03     -855.763073        0.057632
FIRE:  275 14:04:03     -855.769120        0.043080
FIRE:  276 14:04:03     -855.775608        0.044549
FIRE:  277 14:04:03     -855.782132        0.109820
FIRE:  278 14:04:04     -855.787354        0.283311
FIRE:  279 14:04:04     -855.785347        0.744130
FIRE:  280 14:04:04     -855.795852        0.061695
FIRE:  281 14:04:04     -855.795941        0.061754
FIRE:  282 14:04:04     -855.796117        0.061872
FIRE:  283 14:04:04     -855.796372        0.062047
FIRE:  284 14:04:04     -855.796696        0.062277
FIRE:  285 14:04:04     -855.797086        0.062558
FIRE:  286 14:04:04     -855.797556        0.062889
FIRE:  287 14:04:05     -855.798094        0.063268
FIRE:  288 14:04:05     -855.798755        0.063738
FIRE:  289 14:04:05     -855.799564        0.064319
FIRE:  290 14:04:05     -855.800541        0.065019
FIRE:  291 14:04:05     -855.801737        0.065840
FIRE:  292 14:04:05     -855.803173        0.066759
FIRE:  293 14:04:05     -855.804912        0.067721
FIRE:  294 14:04:05     -855.807010        0.068620
FIRE:  295 14:04:06     -855.809572        0.069250
FIRE:  296 14:04:06     -855.812708        0.069192
FIRE:  297 14:04:06     -855.816552        0.067681
FIRE:  298 14:04:06     -855.821238        0.063522
FIRE:  299 14:04:06     -855.826850        0.054828
FIRE:  300 14:04:06     -855.833315        0.045074
FIRE:  301 14:04:06     -855.839967        0.164434
FIRE:  302 14:04:06     -855.841353        0.565677
FIRE:  303 14:04:06     -855.847909        0.055957
FIRE:  304 14:04:06     -855.847999        0.056002
FIRE:  305 14:04:07     -855.848163        0.056091
FIRE:  306 14:04:07     -855.848372        0.056224
FIRE:  307 14:04:07     -855.848643        0.056396
FIRE:  308 14:04:07     -855.848998        0.056608
FIRE:  309 14:04:07     -855.849418        0.056855
FIRE:  310 14:04:07     -855.849897        0.057136
FIRE:  311 14:04:07     -855.850493        0.057487
FIRE:  312 14:04:07     -855.851216        0.057920
FIRE:  313 14:04:07     -855.852128        0.058434
FIRE:  314 14:04:08     -855.853242        0.059031
FIRE:  315 14:04:08     -855.854608        0.059689
FIRE:  316 14:04:08     -855.856294        0.060367
FIRE:  317 14:04:08     -855.858353        0.060982
FIRE:  318 14:04:08     -855.860885        0.061346
FIRE:  319 14:04:08     -855.863982        0.061084
FIRE:  320 14:04:08     -855.867787        0.059617
FIRE:  321 14:04:08     -855.872354        0.055964
FIRE:  322 14:04:08     -855.877690        0.055194
FIRE:  323 14:04:09     -855.883265        0.156723
FIRE:  324 14:04:09     -855.885703        0.481691
FIRE:  325 14:04:09     -855.890007        0.047935
FIRE:  326 14:04:09     -855.890052        0.047984
FIRE:  327 14:04:09     -855.890139        0.048082
FIRE:  328 14:04:09     -855.890272        0.048231
FIRE:  329 14:04:09     -855.890442        0.048432
FIRE:  330 14:04:09     -855.890645        0.048685
FIRE:  331 14:04:09     -855.890903        0.048991
FIRE:  332 14:04:10     -855.891193        0.049353
FIRE:  333 14:04:10     -855.891561        0.049818
FIRE:  334 14:04:10     -855.892026        0.050420
FIRE:  335 14:04:10     -855.892603        0.051193
FIRE:  336 14:04:10     -855.893333        0.052188
FIRE:  337 14:04:10     -855.894221        0.053478
FIRE:  338 14:04:10     -855.895338        0.055151
FIRE:  339 14:04:10     -855.896737        0.057324
FIRE:  340 14:04:10     -855.898464        0.060132
FIRE:  341 14:04:11     -855.900657        0.063761
FIRE:  342 14:04:11     -855.903423        0.068499
FIRE:  343 14:04:11     -855.906958        0.074683
FIRE:  344 14:04:11     -855.911572        0.082639
FIRE:  345 14:04:11     -855.917707        0.092752
FIRE:  346 14:04:11     -855.925917        0.105043
FIRE:  347 14:04:11     -855.935166        0.345343
FIRE:  348 14:04:11     -855.918364        1.432446
FIRE:  349 14:04:11     -855.946790        0.574035
FIRE:  350 14:04:12     -855.950442        0.398095
FIRE:  351 14:04:12     -855.953764        0.130469
FIRE:  352 14:04:12     -855.953389        0.253442
FIRE:  353 14:04:12     -855.953620        0.231725
FIRE:  354 14:04:12     -855.954019        0.190413
FIRE:  355 14:04:12     -855.954495        0.133448
FIRE:  356 14:04:12     -855.954917        0.130879
FIRE:  357 14:04:12     -855.955237        0.131010
FIRE:  358 14:04:13     -855.955467        0.131152
FIRE:  359 14:04:13     -855.955670        0.131297
FIRE:  360 14:04:13     -855.955970        0.136787
FIRE:  361 14:04:13     -855.956486        0.139873
FIRE:  362 14:04:13     -855.957245        0.131728
FIRE:  363 14:04:13     -855.958202        0.131844
FIRE:  364 14:04:13     -855.959229        0.131937
FIRE:  365 14:04:13     -855.960305        0.132002
FIRE:  366 14:04:13     -855.961712        0.132012
FIRE:  367 14:04:14     -855.963654        0.131906
FIRE:  368 14:04:14     -855.965923        0.131545
FIRE:  369 14:04:14     -855.968491        0.130632
FIRE:  370 14:04:14     -855.971865        0.128741
FIRE:  371 14:04:14     -855.975826        0.125279
FIRE:  372 14:04:14     -855.980462        0.119466
FIRE:  373 14:04:14     -855.985950        0.109991
FIRE:  374 14:04:14     -855.992021        0.094514
FIRE:  375 14:04:14     -855.998230        0.110356
FIRE:  376 14:04:15     -856.004230        0.098702
FIRE:  377 14:04:15     -856.009127        0.097411
FIRE:  378 14:04:15     -856.012541        0.176001
FIRE:  379 14:04:15     -856.013496        0.419691
FIRE:  380 14:04:15     -856.017246        0.084642
FIRE:  381 14:04:15     -856.015897        0.350784
FIRE:  382 14:04:15     -856.016958        0.272642
FIRE:  383 14:04:15     -856.018261        0.131759
FIRE:  384 14:04:15     -856.018867        0.066102
FIRE:  385 14:04:16     -856.018696        0.181572
FIRE:  386 14:04:16     -856.018785        0.170586
FIRE:  387 14:04:16     -856.018947        0.149419
FIRE:  388 14:04:16     -856.019163        0.119426
FIRE:  389 14:04:16     -856.019385        0.082688
FIRE:  390 14:04:16     -856.019583        0.058023
FIRE:  391 14:04:16     -856.019752        0.056510
FIRE:  392 14:04:16     -856.019875        0.054745
FIRE:  393 14:04:16     -856.019996        0.067747
FIRE:  394 14:04:17     -856.020171        0.089276
FIRE:  395 14:04:17     -856.020407        0.096163
FIRE:  396 14:04:17     -856.020755        0.084784
FIRE:  397 14:04:17     -856.021192        0.053533
FIRE:  398 14:04:17     -856.021645        0.047636
FIRE:  399 14:04:17     -856.022083        0.047317
FIRE:  400 14:04:17     -856.022552        0.072046
FIRE:  401 14:04:17     -856.023155        0.060027
FIRE:  402 14:04:18     -856.023853        0.045713
FIRE:  403 14:04:18     -856.024472        0.053402
FIRE:  404 14:04:18     -856.025178        0.060795
FIRE:  405 14:04:18     -856.025999        0.043362
FIRE:  406 14:04:18     -856.026768        0.060535
FIRE:  407 14:04:18     -856.027743        0.041633
FIRE:  408 14:04:18     -856.028729        0.066141
FIRE:  409 14:04:18     -856.030040        0.040250
FIRE:  410 14:04:19     -856.031436        0.071519
FIRE:  411 14:04:19     -856.033181        0.075685
FIRE:  412 14:04:19     -856.035275        0.056586
FIRE:  413 14:04:19     -856.037636        0.070141
FIRE:  414 14:04:19     -856.039860        0.185900
FIRE:  415 14:04:19     -856.037739        0.541225
FIRE:  416 14:04:19     -856.043686        0.066945
FIRE:  417 14:04:19     -856.043751        0.048877
FIRE:  418 14:04:20     -856.043847        0.048975
FIRE:  419 14:04:20     -856.043929        0.049108
FIRE:  420 14:04:20     -856.044020        0.049251
FIRE:  421 14:04:20     -856.044140        0.049392
FIRE:  422 14:04:20     -856.044321        0.049536
FIRE:  423 14:04:20     -856.044526        0.049714
FIRE:  424 14:04:20     -856.044751        0.049997
FIRE:  425 14:04:20     -856.045013        0.050438
FIRE:  426 14:04:20     -856.045398        0.051052
FIRE:  427 14:04:21     -856.045840        0.051836
FIRE:  428 14:04:21     -856.046357        0.052719
FIRE:  429 14:04:21     -856.047059        0.053733
FIRE:  430 14:04:21     -856.047889        0.055206
FIRE:  431 14:04:21     -856.048973        0.057456
FIRE:  432 14:04:21     -856.050334        0.060339
FIRE:  433 14:04:21     -856.052098        0.063686
FIRE:  434 14:04:21     -856.054397        0.068625
FIRE:  435 14:04:22     -856.057458        0.074596
FIRE:  436 14:04:22     -856.061509        0.086216
FIRE:  437 14:04:22     -856.065850        0.288486
FIRE:  438 14:04:22     -856.057866        0.899710
FIRE:  439 14:04:22     -856.074999        0.168769
FIRE:  440 14:04:22     -856.075379        0.116912
FIRE:  441 14:04:22     -856.075799        0.106543
FIRE:  442 14:04:22     -856.076044        0.107276
FIRE:  443 14:04:22     -856.076272        0.108002
FIRE:  444 14:04:23     -856.076757        0.108773
FIRE:  445 14:04:23     -856.077498        0.109205
FIRE:  446 14:04:23     -856.078257        0.109819
FIRE:  447 14:04:23     -856.079025        0.110761
FIRE:  448 14:04:23     -856.080072        0.112232
FIRE:  449 14:04:23     -856.081589        0.114300
FIRE:  450 14:04:23     -856.083313        0.116825
FIRE:  451 14:04:23     -856.085517        0.119290
FIRE:  452 14:04:23     -856.088486        0.121563
FIRE:  453 14:04:24     -856.092066        0.124430
FIRE:  454 14:04:24     -856.096842        0.128013
FIRE:  455 14:04:24     -856.102820        0.129922
FIRE:  456 14:04:24     -856.110193        0.127763
FIRE:  457 14:04:24     -856.119025        0.120409
FIRE:  458 14:04:24     -856.128236        0.214329
FIRE:  459 14:04:24     -856.133350        0.427520
FIRE:  460 14:04:24     -856.137540        0.055212
FIRE:  461 14:04:24     -856.135079        0.409270
FIRE:  462 14:04:24     -856.136377        0.313066
FIRE:  463 14:04:25     -856.137845        0.147393
FIRE:  464 14:04:25     -856.138292        0.057869
FIRE:  465 14:04:25     -856.138307        0.055355
FIRE:  466 14:04:25     -856.138342        0.053888
FIRE:  467 14:04:25     -856.138394        0.053812
FIRE:  468 14:04:25     -856.138455        0.053714
FIRE:  469 14:04:25     -856.138514        0.053595
FIRE:  470 14:04:25     -856.138592        0.053460
FIRE:  471 14:04:26     -856.138669        0.053313
FIRE:  472 14:04:26     -856.138759        0.053140
FIRE:  473 14:04:26     -856.138874        0.052940
FIRE:  474 14:04:26     -856.139029        0.052718
FIRE:  475 14:04:26     -856.139204        0.052471
FIRE:  476 14:04:26     -856.139436        0.052191
FIRE:  477 14:04:26     -856.139705        0.051863
FIRE:  478 14:04:26     -856.140029        0.051453
FIRE:  479 14:04:26     -856.140417        0.050904
FIRE:  480 14:04:27     -856.140866        0.050149
FIRE:  481 14:04:27     -856.141402        0.049101
FIRE:  482 14:04:27     -856.142006        0.047683
FIRE:  483 14:04:27     -856.142704        0.045815
FIRE:  484 14:04:27     -856.143509        0.043309
FIRE:  485 14:04:27     -856.144384        0.039757
FIRE:  486 14:04:27     -856.145336        0.034755
FIRE:  487 14:04:28     -856.146344        0.028167
FIRE:  488 14:04:28     -856.147351        0.020082
FIRE:  489 14:04:28     -856.148288        0.021689
FIRE:  490 14:04:28     -856.149100        0.025877
FIRE:  491 14:04:28     -856.149666        0.066669
FIRE:  492 14:04:28     -856.149800        0.136505
FIRE:  493 14:04:28     -856.150191        0.029816
FIRE:  494 14:04:28     -856.150058        0.100565
FIRE:  495 14:04:29     -856.150143        0.080647
FIRE:  496 14:04:29     -856.150242        0.044977
FIRE:  497 14:04:29     -856.150300        0.018447
[prep] P2_Al2S3_C: fmax 0.0184 (target 0.02) · steps 497 · converged True · 1.0 min
WARNING:root:If 'dataset_list' is provided in the config, the code assumes that each dataset maps to itself. Please use 'dataset_mapping' as 'dataset_list' is deprecated and will be removed in the future.
      Step     Time          Energy          fmax
FIRE:    0 14:04:39     -846.962483        5.707927
FIRE:    1 14:04:40     -848.935944        6.110434
FIRE:    2 14:04:40     -851.680300        6.069902
FIRE:    3 14:04:40     -854.037346        4.288312
FIRE:    4 14:04:40     -855.181177        4.566849
FIRE:    5 14:04:40     -854.391554       12.877830
FIRE:    6 14:04:40     -855.431849        7.141954
FIRE:    7 14:04:40     -856.186235        2.049936
FIRE:    8 14:04:40     -856.252922        3.392699
FIRE:    9 14:04:40     -856.280433        3.292407
FIRE:   10 14:04:41     -856.332975        3.088093
FIRE:   11 14:04:41     -856.405783        2.773709
FIRE:   12 14:04:41     -856.492214        2.344131
FIRE:   13 14:04:41     -856.584724        1.801829
FIRE:   14 14:04:41     -856.676261        1.263278
FIRE:   15 14:04:41     -856.762395        1.240021
FIRE:   16 14:04:41     -856.851706        1.531451
FIRE:   17 14:04:41     -856.950739        2.150710
FIRE:   18 14:04:42     -857.073144        2.418288
FIRE:   19 14:04:42     -857.230748        2.155418
FIRE:   20 14:04:42     -857.418532        1.337808
FIRE:   21 14:04:42     -857.610957        0.899478
FIRE:   22 14:04:42     -857.787178        1.081895
FIRE:   23 14:04:42     -857.961051        1.330108
FIRE:   24 14:04:42     -858.156040        0.952484
FIRE:   25 14:04:42     -858.353856        0.530399
FIRE:   26 14:04:42     -858.522410        1.339940
FIRE:   27 14:04:43     -858.712268        0.950896
FIRE:   28 14:04:43     -858.922396        0.613550
FIRE:   29 14:04:43     -859.123669        1.110196
FIRE:   30 14:04:43     -859.346985        0.527542
FIRE:   31 14:04:43     -859.521833        1.087811
FIRE:   32 14:04:43     -859.681027        0.683593
FIRE:   33 14:04:43     -859.808233        0.886561
FIRE:   34 14:04:43     -859.932357        0.551681
FIRE:   35 14:04:44     -860.051441        0.602717
FIRE:   36 14:04:44     -860.156398        0.841866
FIRE:   37 14:04:44     -860.251480        0.550941
FIRE:   38 14:04:44     -860.339699        0.692054
FIRE:   39 14:04:44     -860.441187        0.969538
FIRE:   40 14:04:44     -860.566576        0.814543
FIRE:   41 14:04:44     -860.689095        0.619262
FIRE:   42 14:04:44     -860.805158        0.416577
FIRE:   43 14:04:45     -860.927146        0.433287
FIRE:   44 14:04:45     -861.054827        0.426000
FIRE:   45 14:04:45     -861.175918        0.452768
FIRE:   46 14:04:45     -861.285388        0.519332
FIRE:   47 14:04:45     -861.378085        0.831213
FIRE:   48 14:04:45     -861.436712        1.309404
FIRE:   49 14:04:45     -860.386905       14.368393
FIRE:   50 14:04:45     -861.324863        3.457115
FIRE:   51 14:04:45     -861.430545        2.430586
FIRE:   52 14:04:46     -861.516821        0.271905
FIRE:   53 14:04:46     -861.451241        3.005545
FIRE:   54 14:04:46     -861.471470        2.543390
FIRE:   55 14:04:46     -861.500345        1.738411
FIRE:   56 14:04:46     -861.522857        0.771943
FIRE:   57 14:04:46     -861.529772        0.255101
FIRE:   58 14:04:46     -861.529909        0.249226
FIRE:   59 14:04:46     -861.530182        0.237709
FIRE:   60 14:04:46     -861.530583        0.221711
FIRE:   61 14:04:47     -861.531097        0.221554
FIRE:   62 14:04:47     -861.531730        0.221358
FIRE:   63 14:04:47     -861.532460        0.221117
FIRE:   64 14:04:47     -861.533271        0.220840
FIRE:   65 14:04:47     -861.534271        0.220477
FIRE:   66 14:04:47     -861.535497        0.220021
FIRE:   67 14:04:47     -861.536990        0.219440
FIRE:   68 14:04:47     -861.538836        0.218709
FIRE:   69 14:04:47     -861.541097        0.217794
FIRE:   70 14:04:48     -861.543909        0.216654
FIRE:   71 14:04:48     -861.547364        0.215240
FIRE:   72 14:04:48     -861.551585        0.213487
FIRE:   73 14:04:48     -861.556629        0.211324
FIRE:   74 14:04:48     -861.562643        0.208658
FIRE:   75 14:04:48     -861.569847        0.205377
FIRE:   76 14:04:48     -861.578480        0.201346
FIRE:   77 14:04:48     -861.588740        0.196366
FIRE:   78 14:04:48     -861.600775        0.190165
FIRE:   79 14:04:49     -861.614931        0.183425
FIRE:   80 14:04:49     -861.631542        0.180284
FIRE:   81 14:04:49     -861.650816        0.175535
FIRE:   82 14:04:49     -861.673269        0.168384
FIRE:   83 14:04:49     -861.699138        0.157817
FIRE:   84 14:04:49     -861.728909        0.149710
FIRE:   85 14:04:49     -861.762728        0.156413
FIRE:   86 14:04:49     -861.800826        0.165224
FIRE:   87 14:04:49     -861.843288        0.190039
FIRE:   88 14:04:50     -861.889690        0.418846
FIRE:   89 14:04:50     -861.933516        1.019611
FIRE:   90 14:04:50     -861.937673        2.832509
FIRE:   91 14:04:50     -862.005589        0.458481
FIRE:   92 14:04:50     -862.007146        0.348000
FIRE:   93 14:04:50     -862.009357        0.219658
FIRE:   94 14:04:50     -862.011330        0.220266
FIRE:   95 14:04:50     -862.013099        0.264973
FIRE:   96 14:04:50     -862.015588        0.333828
FIRE:   97 14:04:51     -862.019318        0.273533
FIRE:   98 14:04:51     -862.023748        0.224038
FIRE:   99 14:04:51     -862.028577        0.225391
FIRE:  100 14:04:51     -862.034007        0.254340
FIRE:  101 14:04:51     -862.041384        0.233833
FIRE:  102 14:04:51     -862.050775        0.231552
FIRE:  103 14:04:51     -862.061269        0.234328
FIRE:  104 14:04:51     -862.074817        0.237245
FIRE:  105 14:04:51     -862.091227        0.240103
FIRE:  106 14:04:52     -862.111311        0.242612
FIRE:  107 14:04:52     -862.136153        0.243940
FIRE:  108 14:04:52     -862.167315        0.242373
FIRE:  109 14:04:52     -862.205252        0.235437
FIRE:  110 14:04:52     -862.251136        0.401522
FIRE:  111 14:04:52     -862.303329        0.671385
FIRE:  112 14:04:52     -862.352222        1.411671
FIRE:  113 14:04:52     -862.320058        2.864016
FIRE:  114 14:04:53     -862.436776        0.564915
FIRE:  115 14:04:53     -862.341341        3.540531
FIRE:  116 14:04:53     -862.400108        2.284170
FIRE:  117 14:04:53     -862.445881        0.511773
FIRE:  118 14:04:53     -862.437272        1.049837
FIRE:  119 14:04:53     -862.438978        0.990045
FIRE:  120 14:04:53     -862.442019        0.872289
FIRE:  121 14:04:53     -862.445812        0.700834
FIRE:  122 14:04:54     -862.449551        0.482841
FIRE:  123 14:04:54     -862.452519        0.240428
FIRE:  124 14:04:54     -862.454202        0.233391
FIRE:  125 14:04:54     -862.454719        0.286487
FIRE:  126 14:04:54     -862.454798        0.281844
FIRE:  127 14:04:54     -862.454921        0.272675
FIRE:  128 14:04:54     -862.455104        0.259167
FIRE:  129 14:04:54     -862.455340        0.241617
FIRE:  130 14:04:54     -862.455629        0.229027
FIRE:  131 14:04:55     -862.455962        0.229696
FIRE:  132 14:04:55     -862.456323        0.230440
FIRE:  133 14:04:55     -862.456752        0.231327
FIRE:  134 14:04:55     -862.457274        0.232360
FIRE:  135 14:04:55     -862.457889        0.233521
FIRE:  136 14:04:55     -862.458594        0.234774
FIRE:  137 14:04:55     -862.459444        0.236050
FIRE:  138 14:04:55     -862.460465        0.237242
FIRE:  139 14:04:56     -862.461714        0.238221
FIRE:  140 14:04:56     -862.463281        0.238833
FIRE:  141 14:04:56     -862.465247        0.238936
FIRE:  142 14:04:56     -862.467686        0.238426
FIRE:  143 14:04:56     -862.470675        0.237311
FIRE:  144 14:04:56     -862.474251        0.235780
FIRE:  145 14:04:56     -862.478520        0.234276
FIRE:  146 14:04:56     -862.483720        0.233361
FIRE:  147 14:04:56     -862.490126        0.233376
FIRE:  148 14:04:57     -862.497887        0.233954
FIRE:  149 14:04:57     -862.507161        0.233562
FIRE:  150 14:04:57     -862.518370        0.229862
FIRE:  151 14:04:57     -862.531912        0.221178
FIRE:  152 14:04:57     -862.547937        0.207944
FIRE:  153 14:04:57     -862.566956        0.191212
FIRE:  154 14:04:57     -862.589014        0.167018
FIRE:  155 14:04:57     -862.614210        0.138290
FIRE:  156 14:04:57     -862.642139        0.145329
FIRE:  157 14:04:58     -862.673036        0.160676
FIRE:  158 14:04:58     -862.708588        0.187052
FIRE:  159 14:04:58     -862.752901        0.223613
FIRE:  160 14:04:58     -862.810025        0.197205
FIRE:  161 14:04:58     -862.877940        0.475814
FIRE:  162 14:04:58     -862.919755        1.649118
FIRE:  163 14:04:58     -862.951488        0.481873
FIRE:  164 14:04:58     -862.953608        0.352849
FIRE:  165 14:04:58     -862.956417        0.148377
FIRE:  166 14:04:58     -862.958649        0.154875
FIRE:  167 14:04:59     -862.960795        0.297583
FIRE:  168 14:04:59     -862.964328        0.324398
FIRE:  169 14:04:59     -862.969409        0.217283
FIRE:  170 14:04:59     -862.974846        0.151427
FIRE:  171 14:04:59     -862.980488        0.204858
FIRE:  172 14:04:59     -862.987564        0.276913
FIRE:  173 14:04:59     -862.997362        0.154755
FIRE:  174 14:04:59     -863.008552        0.156305
FIRE:  175 14:04:59     -863.021901        0.244326
FIRE:  176 14:05:00     -863.039294        0.159068
FIRE:  177 14:05:00     -863.059317        0.224798
FIRE:  178 14:05:00     -863.085037        0.159611
FIRE:  179 14:05:00     -863.115471        0.206037
FIRE:  180 14:05:00     -863.152068        0.285601
FIRE:  181 14:05:00     -863.195950        0.277472
FIRE:  182 14:05:00     -863.245430        0.382758
FIRE:  183 14:05:00     -863.292258        0.897194
FIRE:  184 14:05:00     -863.273161        2.108114
FIRE:  185 14:05:01     -863.364226        0.232149
FIRE:  186 14:05:01     -863.284506        2.535465
FIRE:  187 14:05:01     -863.330756        1.677126
FIRE:  188 14:05:01     -863.369102        0.410495
FIRE:  189 14:05:01     -863.363036        0.766754
FIRE:  190 14:05:01     -863.364444        0.720535
FIRE:  191 14:05:01     -863.366950        0.630063
FIRE:  192 14:05:01     -863.369994        0.499237
FIRE:  193 14:05:01     -863.372926        0.334450
FIRE:  194 14:05:02     -863.375138        0.152819
FIRE:  195 14:05:02     -863.376310        0.152716
FIRE:  196 14:05:02     -863.376589        0.223936
FIRE:  197 14:05:02     -863.376664        0.220186
FIRE:  198 14:05:02     -863.376768        0.212764
FIRE:  199 14:05:02     -863.376934        0.201807
FIRE:  200 14:05:02     -863.377149        0.187528
FIRE:  201 14:05:02     -863.377395        0.170303
FIRE:  202 14:05:02     -863.377687        0.152401
FIRE:  203 14:05:03     -863.378012        0.152349
FIRE:  204 14:05:03     -863.378382        0.152281
FIRE:  205 14:05:03     -863.378813        0.152197
FIRE:  206 14:05:03     -863.379316        0.152089
FIRE:  207 14:05:03     -863.379879        0.151958
FIRE:  208 14:05:03     -863.380571        0.151793
FIRE:  209 14:05:03     -863.381369        0.151589
FIRE:  210 14:05:04     -863.382364        0.151341
FIRE:  211 14:05:04     -863.383619        0.151035
FIRE:  212 14:05:04     -863.385202        0.150661
FIRE:  213 14:05:04     -863.387170        0.150196
FIRE:  214 14:05:04     -863.389557        0.149612
FIRE:  215 14:05:04     -863.392358        0.148868
FIRE:  216 14:05:04     -863.395708        0.147904
FIRE:  217 14:05:04     -863.399793        0.146650
FIRE:  218 14:05:04     -863.404804        0.145012
FIRE:  219 14:05:05     -863.410830        0.142858
FIRE:  220 14:05:05     -863.417948        0.140012
FIRE:  221 14:05:05     -863.426573        0.136237
FIRE:  222 14:05:05     -863.436945        0.131185
FIRE:  223 14:05:05     -863.449212        0.124331
FIRE:  224 14:05:05     -863.463956        0.118861
FIRE:  225 14:05:05     -863.481344        0.121730
FIRE:  226 14:05:05     -863.501997        0.124842
FIRE:  227 14:05:05     -863.526177        0.128089
FIRE:  228 14:05:06     -863.554360        0.131102
FIRE:  229 14:05:06     -863.586839        0.132742
FIRE:  230 14:05:06     -863.623157        0.246748
FIRE:  231 14:05:06     -863.657977        0.669266
FIRE:  232 14:05:06     -863.652232        1.652888
FIRE:  233 14:05:06     -863.711974        0.114504
FIRE:  234 14:05:06     -863.660459        1.882627
FIRE:  235 14:05:06     -863.688992        1.275415
FIRE:  236 14:05:06     -863.714140        0.343602
FIRE:  237 14:05:07     -863.711822        0.563377
FIRE:  238 14:05:07     -863.712597        0.528250
FIRE:  239 14:05:07     -863.713975        0.459612
FIRE:  240 14:05:07     -863.715656        0.361153
FIRE:  241 14:05:07     -863.717267        0.238127
FIRE:  242 14:05:07     -863.718507        0.116751
FIRE:  243 14:05:07     -863.719190        0.116938
FIRE:  244 14:05:07     -863.719422        0.167022
FIRE:  245 14:05:08     -863.719457        0.164209
FIRE:  246 14:05:08     -863.719510        0.158693
FIRE:  247 14:05:08     -863.719616        0.150485
FIRE:  248 14:05:08     -863.719734        0.139904
FIRE:  249 14:05:08     -863.719871        0.127009
FIRE:  250 14:05:08     -863.720039        0.117304
FIRE:  251 14:05:08     -863.720221        0.117350
FIRE:  252 14:05:08     -863.720444        0.117410
FIRE:  253 14:05:09     -863.720706        0.117485
FIRE:  254 14:05:09     -863.720996        0.117582
FIRE:  255 14:05:09     -863.721344        0.117704
FIRE:  256 14:05:09     -863.721757        0.117856
FIRE:  257 14:05:09     -863.722252        0.118044
FIRE:  258 14:05:09     -863.722861        0.118277
FIRE:  259 14:05:09     -863.723618        0.118560
FIRE:  260 14:05:09     -863.724588        0.118909
FIRE:  261 14:05:10     -863.725775        0.119332
FIRE:  262 14:05:10     -863.727221        0.119849
FIRE:  263 14:05:10     -863.728938        0.120478
FIRE:  264 14:05:10     -863.730978        0.121240
FIRE:  265 14:05:10     -863.733470        0.122156
FIRE:  266 14:05:10     -863.736545        0.123251
FIRE:  267 14:05:10     -863.740225        0.124555
FIRE:  268 14:05:10     -863.744601        0.126097
FIRE:  269 14:05:11     -863.749907        0.127886
FIRE:  270 14:05:11     -863.756298        0.129918
FIRE:  271 14:05:11     -863.763894        0.132149
FIRE:  272 14:05:11     -863.773047        0.134441
FIRE:  273 14:05:11     -863.783927        0.136525
FIRE:  274 14:05:11     -863.796922        0.137852
FIRE:  275 14:05:11     -863.812261        0.137413
FIRE:  276 14:05:11     -863.830242        0.133455
FIRE:  277 14:05:11     -863.850938        0.123329
FIRE:  278 14:05:12     -863.873727        0.213522
FIRE:  279 14:05:12     -863.894923        0.591342
FIRE:  280 14:05:12     -863.892655        1.488523
FIRE:  281 14:05:12     -863.924471        0.100579
FIRE:  282 14:05:12     -863.898142        1.637563
FIRE:  283 14:05:12     -863.912690        1.129559
FIRE:  284 14:05:12     -863.925874        0.334411
FIRE:  285 14:05:12     -863.925242        0.462609
FIRE:  286 14:05:12     -863.925604        0.434081
FIRE:  287 14:05:13     -863.926274        0.378298
FIRE:  288 14:05:13     -863.927089        0.298459
FIRE:  289 14:05:13     -863.927886        0.199063
FIRE:  290 14:05:13     -863.928532        0.087150
FIRE:  291 14:05:13     -863.928938        0.080535
FIRE:  292 14:05:13     -863.929143        0.127389
FIRE:  293 14:05:13     -863.929301        0.208364
FIRE:  294 14:05:13     -863.929625        0.256183
FIRE:  295 14:05:13     -863.930294        0.258911
FIRE:  296 14:05:14     -863.931371        0.208206
FIRE:  297 14:05:14     -863.932720        0.104494
FIRE:  298 14:05:14     -863.934024        0.081374
FIRE:  299 14:05:14     -863.935211        0.156188
FIRE:  300 14:05:14     -863.936772        0.203035
FIRE:  301 14:05:14     -863.939092        0.143221
FIRE:  302 14:05:14     -863.941812        0.082723
FIRE:  303 14:05:14     -863.944563        0.160350
FIRE:  304 14:05:14     -863.948278        0.142215
FIRE:  305 14:05:15     -863.952853        0.087276
FIRE:  306 14:05:15     -863.957928        0.160572
FIRE:  307 14:05:15     -863.964678        0.094575
FIRE:  308 14:05:15     -863.972321        0.161674
FIRE:  309 14:05:15     -863.982165        0.105032
FIRE:  310 14:05:15     -863.994113        0.112690
FIRE:  311 14:05:15     -864.008481        0.189053
FIRE:  312 14:05:15     -864.025092        0.385199
FIRE:  313 14:05:15     -864.041189        0.810150
FIRE:  314 14:05:16     -864.049140        0.142020
FIRE:  315 14:05:16     -864.045596        0.641238
FIRE:  316 14:05:16     -864.047732        0.508111
FIRE:  317 14:05:16     -864.050437        0.263531
FIRE:  318 14:05:16     -864.051793        0.143193
FIRE:  319 14:05:16     -864.051463        0.315574
FIRE:  320 14:05:16     -864.051634        0.297071
FIRE:  321 14:05:16     -864.051946        0.261342
FIRE:  322 14:05:16     -864.052353        0.210772
FIRE:  323 14:05:17     -864.052775        0.148992
FIRE:  324 14:05:17     -864.053191        0.144018
FIRE:  325 14:05:17     -864.053537        0.143709
FIRE:  326 14:05:17     -864.053854        0.143458
FIRE:  327 14:05:17     -864.054166        0.143287
FIRE:  328 14:05:17     -864.054575        0.147582
FIRE:  329 14:05:17     -864.055161        0.163679
FIRE:  330 14:05:17     -864.056001        0.149774
FIRE:  331 14:05:18     -864.057104        0.144449
FIRE:  332 14:05:18     -864.058390        0.145356
FIRE:  333 14:05:18     -864.059818        0.146403
FIRE:  334 14:05:18     -864.061507        0.147366
FIRE:  335 14:05:18     -864.063720        0.148029
FIRE:  336 14:05:18     -864.066539        0.148317
FIRE:  337 14:05:18     -864.069808        0.148460
FIRE:  338 14:05:18     -864.073767        0.148979
FIRE:  339 14:05:18     -864.078842        0.150086
FIRE:  340 14:05:19     -864.084815        0.151121
FIRE:  341 14:05:19     -864.092243        0.150563
FIRE:  342 14:05:19     -864.101185        0.148027
FIRE:  343 14:05:19     -864.112130        0.144680
FIRE:  344 14:05:19     -864.125033        0.138355
FIRE:  345 14:05:19     -864.140320        0.154566
FIRE:  346 14:05:19     -864.157859        0.171837
FIRE:  347 14:05:19     -864.176621        0.334961
FIRE:  348 14:05:20     -864.191396        0.840766
FIRE:  349 14:05:20     -864.199551        0.096482
FIRE:  350 14:05:20     -864.195409        0.698158
FIRE:  351 14:05:20     -864.197762        0.550501
FIRE:  352 14:05:20     -864.200659        0.279195
FIRE:  353 14:05:20     -864.201920        0.096268
FIRE:  354 14:05:20     -864.201957        0.096264
FIRE:  355 14:05:20     -864.202038        0.096257
FIRE:  356 14:05:20     -864.202163        0.096245
FIRE:  357 14:05:21     -864.202326        0.096232
FIRE:  358 14:05:21     -864.202521        0.096213
FIRE:  359 14:05:21     -864.202751        0.096190
FIRE:  360 14:05:21     -864.203005        0.096161
FIRE:  361 14:05:21     -864.203328        0.096123
FIRE:  362 14:05:21     -864.203735        0.096072
FIRE:  363 14:05:21     -864.204253        0.096006
FIRE:  364 14:05:21     -864.204901        0.095916
FIRE:  365 14:05:22     -864.205701        0.095797
FIRE:  366 14:05:22     -864.206682        0.095640
FIRE:  367 14:05:22     -864.207881        0.095429
FIRE:  368 14:05:22     -864.209341        0.095147
FIRE:  369 14:05:22     -864.211126        0.094765
FIRE:  370 14:05:22     -864.213293        0.094240
FIRE:  371 14:05:22     -864.215923        0.093509
FIRE:  372 14:05:22     -864.219084        0.092480
FIRE:  373 14:05:22     -864.222914        0.091027
FIRE:  374 14:05:23     -864.227510        0.088971
FIRE:  375 14:05:23     -864.233040        0.086058
FIRE:  376 14:05:23     -864.239660        0.081918
FIRE:  377 14:05:23     -864.247581        0.082092
FIRE:  378 14:05:23     -864.256999        0.086590
FIRE:  379 14:05:23     -864.268134        0.092896
FIRE:  380 14:05:23     -864.281171        0.101737
FIRE:  381 14:05:23     -864.296114        0.174443
FIRE:  382 14:05:23     -864.309682        0.631673
FIRE:  383 14:05:24     -864.289935        1.809442
FIRE:  384 14:05:24     -864.334431        0.147542
FIRE:  385 14:05:24     -864.334617        0.147678
FIRE:  386 14:05:24     -864.334971        0.147954
FIRE:  387 14:05:24     -864.335480        0.148377
FIRE:  388 14:05:24     -864.336150        0.148956
FIRE:  389 14:05:24     -864.336999        0.149695
FIRE:  390 14:05:24     -864.338018        0.150593
FIRE:  391 14:05:24     -864.339195        0.151643
FIRE:  392 14:05:25     -864.340684        0.152969
FIRE:  393 14:05:25     -864.342580        0.154616
FIRE:  394 14:05:25     -864.344953        0.156636
FIRE:  395 14:05:25     -864.347938        0.159099
FIRE:  396 14:05:25     -864.351669        0.162075
FIRE:  397 14:05:25     -864.356353        0.165566
FIRE:  398 14:05:25     -864.362201        0.169406
FIRE:  399 14:05:25     -864.369553        0.173183
FIRE:  400 14:05:25     -864.378735        0.176102
FIRE:  401 14:05:25     -864.390140        0.176390
FIRE:  402 14:05:26     -864.404052        0.170457
FIRE:  403 14:05:26     -864.420286        0.152630
FIRE:  404 14:05:26     -864.436992        0.269141
FIRE:  405 14:05:26     -864.442147        0.984285
FIRE:  406 14:05:26     -864.454686        0.114065
FIRE:  407 14:05:26     -864.454883        0.107338
FIRE:  408 14:05:26     -864.455230        0.104982
FIRE:  409 14:05:26     -864.455646        0.101501
FIRE:  410 14:05:27     -864.456131        0.097022
FIRE:  411 14:05:27     -864.456764        0.091718
FIRE:  412 14:05:27     -864.457543        0.085767
FIRE:  413 14:05:27     -864.458438        0.079314
FIRE:  414 14:05:27     -864.459489        0.071740
FIRE:  415 14:05:27     -864.460736        0.067778
FIRE:  416 14:05:27     -864.462317        0.068976
FIRE:  417 14:05:27     -864.464199        0.070869
FIRE:  418 14:05:27     -864.466420        0.073353
FIRE:  419 14:05:28     -864.469109        0.076107
FIRE:  420 14:05:28     -864.472273        0.078622
FIRE:  421 14:05:28     -864.476098        0.080282
FIRE:  422 14:05:28     -864.480598        0.080022
FIRE:  423 14:05:28     -864.485933        0.076826
FIRE:  424 14:05:28     -864.492181        0.070332
FIRE:  425 14:05:28     -864.499388        0.060031
FIRE:  426 14:05:28     -864.507482        0.107928
FIRE:  427 14:05:28     -864.514749        0.397186
FIRE:  428 14:05:29     -864.506250        1.400112
FIRE:  429 14:05:29     -864.525084        0.314925
FIRE:  430 14:05:29     -864.525698        0.227942
FIRE:  431 14:05:29     -864.526359        0.075692
FIRE:  432 14:05:29     -864.526517        0.096472
FIRE:  433 14:05:29     -864.526541        0.089579
FIRE:  434 14:05:29     -864.526613        0.076245
FIRE:  435 14:05:29     -864.526674        0.057604
FIRE:  436 14:05:29     -864.526764        0.047271
FIRE:  437 14:05:30     -864.526851        0.047265
FIRE:  438 14:05:30     -864.526939        0.047258
FIRE:  439 14:05:30     -864.527042        0.047249
FIRE:  440 14:05:30     -864.527166        0.047238
FIRE:  441 14:05:30     -864.527327        0.050885
FIRE:  442 14:05:30     -864.527536        0.047209
FIRE:  443 14:05:30     -864.527809        0.047187
FIRE:  444 14:05:30     -864.528138        0.047160
FIRE:  445 14:05:30     -864.528522        0.047123
FIRE:  446 14:05:31     -864.529001        0.047073
FIRE:  447 14:05:31     -864.529582        0.047003
FIRE:  448 14:05:31     -864.530318        0.047157
FIRE:  449 14:05:31     -864.531192        0.047810
FIRE:  450 14:05:31     -864.532255        0.048650
FIRE:  451 14:05:31     -864.533559        0.049729
FIRE:  452 14:05:31     -864.535130        0.051069
FIRE:  453 14:05:31     -864.537076        0.052685
FIRE:  454 14:05:31     -864.539410        0.054707
FIRE:  455 14:05:32     -864.542278        0.057295
FIRE:  456 14:05:32     -864.545757        0.060447
FIRE:  457 14:05:32     -864.549985        0.064273
FIRE:  458 14:05:32     -864.555018        0.097113
FIRE:  459 14:05:32     -864.560581        0.237407
FIRE:  460 14:05:32     -864.564294        0.615782
FIRE:  461 14:05:32     -864.568547        0.079774
FIRE:  462 14:05:32     -864.565920        0.519073
FIRE:  463 14:05:33     -864.567270        0.400207
FIRE:  464 14:05:33     -864.568830        0.184889
FIRE:  465 14:05:33     -864.569320        0.080571
FIRE:  466 14:05:33     -864.569337        0.080579
FIRE:  467 14:05:33     -864.569376        0.080592
FIRE:  468 14:05:33     -864.569431        0.080616
FIRE:  469 14:05:33     -864.569501        0.080647
FIRE:  470 14:05:33     -864.569580        0.080689
FIRE:  471 14:05:33     -864.569659        0.080743
FIRE:  472 14:05:34     -864.569748        0.080809
FIRE:  473 14:05:34     -864.569858        0.080897
FIRE:  474 14:05:34     -864.570002        0.081013
FIRE:  475 14:05:34     -864.570181        0.081166
FIRE:  476 14:05:34     -864.570422        0.081359
FIRE:  477 14:05:34     -864.570710        0.081603
FIRE:  478 14:05:34     -864.571073        0.081903
FIRE:  479 14:05:34     -864.571502        0.082262
FIRE:  480 14:05:35     -864.572042        0.082684
FIRE:  481 14:05:35     -864.572706        0.083170
FIRE:  482 14:05:35     -864.573541        0.083733
FIRE:  483 14:05:35     -864.574543        0.084395
FIRE:  484 14:05:35     -864.575795        0.085169
FIRE:  485 14:05:35     -864.577332        0.086040
FIRE:  486 14:05:35     -864.579206        0.086935
FIRE:  487 14:05:36     -864.581532        0.087743
FIRE:  488 14:05:36     -864.584365        0.088356
FIRE:  489 14:05:36     -864.587863        0.088527
FIRE:  490 14:05:36     -864.592133        0.087661
FIRE:  491 14:05:36     -864.597319        0.085040
FIRE:  492 14:05:36     -864.603535        0.079461
FIRE:  493 14:05:36     -864.610657        0.140617
FIRE:  494 14:05:36     -864.616309        0.503198
FIRE:  495 14:05:37     -864.597573        1.522964
FIRE:  496 14:05:37     -864.627618        0.156508
FIRE:  497 14:05:37     -864.627814        0.108037
FIRE:  498 14:05:37     -864.628071        0.044731
FIRE:  499 14:05:37     -864.628247        0.055470
FIRE:  500 14:05:37     -864.628417        0.106486
FIRE:  501 14:05:37     -864.628724        0.110542
FIRE:  502 14:05:37     -864.629188        0.069940
FIRE:  503 14:05:37     -864.629658        0.036587
FIRE:  504 14:05:38     -864.630153        0.065725
FIRE:  505 14:05:38     -864.630788        0.084779
FIRE:  506 14:05:38     -864.631672        0.036726
FIRE:  507 14:05:38     -864.632654        0.057614
FIRE:  508 14:05:38     -864.633868        0.075604
FIRE:  509 14:05:38     -864.635434        0.039921
FIRE:  510 14:05:38     -864.637237        0.073811
FIRE:  511 14:05:38     -864.639549        0.042776
FIRE:  512 14:05:38     -864.642328        0.047108
FIRE:  513 14:05:39     -864.645678        0.094586
FIRE:  514 14:05:39     -864.649758        0.127328
FIRE:  515 14:05:39     -864.654566        0.188623
FIRE:  516 14:05:39     -864.659209        0.396716
FIRE:  517 14:05:39     -864.656058        1.088350
FIRE:  518 14:05:39     -864.668137        0.187856
FIRE:  519 14:05:39     -864.668391        0.137249
FIRE:  520 14:05:39     -864.668708        0.062044
FIRE:  521 14:05:39     -864.668906        0.062250
FIRE:  522 14:05:40     -864.669044        0.117867
FIRE:  523 14:05:40     -864.669309        0.136541
FIRE:  524 14:05:40     -864.669773        0.102529
FIRE:  525 14:05:40     -864.670306        0.063600
FIRE:  526 14:05:40     -864.670836        0.064126
FIRE:  527 14:05:40     -864.671450        0.109068
FIRE:  528 14:05:40     -864.672369        0.084788
FIRE:  529 14:05:40     -864.673520        0.066786
FIRE:  530 14:05:40     -864.674791        0.092653
FIRE:  531 14:05:41     -864.676561        0.069910
FIRE:  532 14:05:41     -864.678666        0.080359
FIRE:  533 14:05:41     -864.681397        0.074840
FIRE:  534 14:05:41     -864.684716        0.101734
FIRE:  535 14:05:41     -864.689128        0.082669
FIRE:  536 14:05:41     -864.694667        0.088114
FIRE:  537 14:05:41     -864.701659        0.153275
FIRE:  538 14:05:41     -864.709859        0.341395
FIRE:  539 14:05:41     -864.715681        0.833492
FIRE:  540 14:05:42     -864.723425        0.110483
FIRE:  541 14:05:42     -864.723539        0.110553
FIRE:  542 14:05:42     -864.723784        0.110691
FIRE:  543 14:05:42     -864.724126        0.110895
FIRE:  544 14:05:42     -864.724567        0.111165
FIRE:  545 14:05:42     -864.725130        0.111495
FIRE:  546 14:05:42     -864.725833        0.111882
FIRE:  547 14:05:42     -864.726648        0.112322
FIRE:  548 14:05:43     -864.727667        0.112868
FIRE:  549 14:05:43     -864.728974        0.113539
FIRE:  550 14:05:43     -864.730630        0.114346
FIRE:  551 14:05:43     -864.732745        0.115295
FIRE:  552 14:05:43     -864.735385        0.116371
FIRE:  553 14:05:43     -864.738719        0.117521
FIRE:  554 14:05:43     -864.742934        0.118640
FIRE:  555 14:05:43     -864.748238        0.119533
FIRE:  556 14:05:43     -864.754920        0.119802
FIRE:  557 14:05:44     -864.763298        0.118748
FIRE:  558 14:05:44     -864.773771        0.116545
FIRE:  559 14:05:44     -864.786702        0.116450
FIRE:  560 14:05:44     -864.802314        0.112672
FIRE:  561 14:05:44     -864.819616        0.313693
FIRE:  562 14:05:44     -864.827323        1.039015
FIRE:  563 14:05:44     -864.841348        0.128691
FIRE:  564 14:05:44     -864.831160        1.075017
FIRE:  565 14:05:45     -864.837348        0.747263
FIRE:  566 14:05:45     -864.843069        0.220345
FIRE:  567 14:05:45     -864.843007        0.321640
FIRE:  568 14:05:45     -864.843213        0.300852
FIRE:  569 14:05:45     -864.843558        0.260423
FIRE:  570 14:05:45     -864.843998        0.202983
FIRE:  571 14:05:45     -864.844447        0.132643
FIRE:  572 14:05:45     -864.844836        0.132892
FIRE:  573 14:05:46     -864.845144        0.133210
FIRE:  574 14:05:46     -864.845390        0.133599
FIRE:  575 14:05:46     -864.845671        0.144656
FIRE:  576 14:05:46     -864.846082        0.173914
FIRE:  577 14:05:46     -864.846739        0.169991
FIRE:  578 14:05:46     -864.847642        0.136482
FIRE:  579 14:05:46     -864.848737        0.137676
FIRE:  580 14:05:46     -864.849915        0.139164
FIRE:  581 14:05:46     -864.851218        0.141005
FIRE:  582 14:05:47     -864.852942        0.143232
FIRE:  583 14:05:47     -864.855240        0.145921
FIRE:  584 14:05:47     -864.857911        0.149229
FIRE:  585 14:05:47     -864.861047        0.153347
FIRE:  586 14:05:47     -864.865199        0.158409
FIRE:  587 14:05:47     -864.870165        0.164632
FIRE:  588 14:05:47     -864.876373        0.172124
FIRE:  589 14:05:47     -864.884189        0.180986
FIRE:  590 14:05:47     -864.894025        0.191374
FIRE:  591 14:05:48     -864.906366        0.202915
FIRE:  592 14:05:48     -864.922254        0.214077
FIRE:  593 14:05:48     -864.942364        0.222196
FIRE:  594 14:05:48     -864.967535        0.220511
FIRE:  595 14:05:48     -864.997500        0.196878
FIRE:  596 14:05:48     -865.026767        0.434582
FIRE:  597 14:05:48     -865.001276        1.768857
FIRE:  598 14:05:48     -865.055112        0.372379
FIRE:  599 14:05:48     -865.056683        0.241215
FIRE:  600 14:05:49     -865.058278        0.158756
FIRE:  601 14:05:49     -865.058880        0.167602
FIRE:  602 14:05:49     -865.059030        0.153830
FIRE:  603 14:05:49     -865.059301        0.147385
FIRE:  604 14:05:49     -865.059652        0.145589
FIRE:  605 14:05:49     -865.060049        0.143179
FIRE:  606 14:05:49     -865.060465        0.140170
FIRE:  607 14:05:49     -865.060896        0.136572
FIRE:  608 14:05:49     -865.061355        0.132440
FIRE:  609 14:05:50     -865.061942        0.127354
FIRE:  610 14:05:50     -865.062727        0.121202
FIRE:  611 14:05:50     -865.063721        0.113864
FIRE:  612 14:05:50     -865.064914        0.105237
FIRE:  613 14:05:50     -865.066261        0.095228
FIRE:  614 14:05:50     -865.067803        0.083911
FIRE:  615 14:05:50     -865.069689        0.072414
FIRE:  616 14:05:50     -865.071936        0.073829
FIRE:  617 14:05:50     -865.074489        0.077199
FIRE:  618 14:05:51     -865.077443        0.082195
FIRE:  619 14:05:51     -865.080996        0.087989
FIRE:  620 14:05:51     -865.085065        0.093290
FIRE:  621 14:05:51     -865.089994        0.096765
FIRE:  622 14:05:51     -865.095737        0.097125
FIRE:  623 14:05:51     -865.102678        0.093771
FIRE:  624 14:05:51     -865.110811        0.085964
FIRE:  625 14:05:51     -865.120274        0.093915
FIRE:  626 14:05:51     -865.130929        0.176112
FIRE:  627 14:05:52     -865.141866        0.357829
FIRE:  628 14:05:52     -865.147908        0.790396
FIRE:  629 14:05:52     -865.157468        0.083662
FIRE:  630 14:05:52     -865.151202        0.749347
FIRE:  631 14:05:52     -865.154496        0.554034
FIRE:  632 14:05:52     -865.158035        0.225605
FIRE:  633 14:05:52     -865.158818        0.139453
FIRE:  634 14:05:52     -865.158867        0.131378
FIRE:  635 14:05:52     -865.158970        0.115713
FIRE:  636 14:05:53     -865.159099        0.093385
FIRE:  637 14:05:53     -865.159242        0.075567
FIRE:  638 14:05:53     -865.159400        0.075538
FIRE:  639 14:05:53     -865.159554        0.075522
FIRE:  640 14:05:53     -865.159713        0.075526
FIRE:  641 14:05:53     -865.159905        0.075562
FIRE:  642 14:05:53     -865.160139        0.075645
FIRE:  643 14:05:53     -865.160471        0.075789
FIRE:  644 14:05:53     -865.160894        0.076012
FIRE:  645 14:05:54     -865.161425        0.076321
FIRE:  646 14:05:54     -865.162056        0.076719
FIRE:  647 14:05:54     -865.162792        0.077184
FIRE:  648 14:05:54     -865.163702        0.077679
FIRE:  649 14:05:54     -865.164843        0.078183
FIRE:  650 14:05:54     -865.166247        0.078720
FIRE:  651 14:05:54     -865.167907        0.079397
FIRE:  652 14:05:54     -865.169966        0.080347
FIRE:  653 14:05:54     -865.172485        0.081611
FIRE:  654 14:05:55     -865.175516        0.083020
FIRE:  655 14:05:55     -865.179278        0.084403
FIRE:  656 14:05:55     -865.183799        0.086024
FIRE:  657 14:05:55     -865.189360        0.088104
FIRE:  658 14:05:55     -865.196097        0.089827
FIRE:  659 14:05:55     -865.204210        0.091060
FIRE:  660 14:05:55     -865.213771        0.127759
FIRE:  661 14:05:55     -865.224028        0.315208
FIRE:  662 14:05:55     -865.229539        0.772724
FIRE:  663 14:05:56     -865.238206        0.082545
FIRE:  664 14:05:56     -865.232113        0.751417
FIRE:  665 14:05:56     -865.235311        0.550029
FIRE:  666 14:05:56     -865.238666        0.213274
FIRE:  667 14:05:56     -865.239204        0.157515
FIRE:  668 14:05:56     -865.239260        0.148097
FIRE:  669 14:05:56     -865.239362        0.129767
FIRE:  670 14:05:56     -865.239502        0.103756
FIRE:  671 14:05:56     -865.239650        0.081634
FIRE:  672 14:05:57     -865.239799        0.081476
FIRE:  673 14:05:57     -865.239931        0.081302
FIRE:  674 14:05:57     -865.240058        0.081123
FIRE:  675 14:05:57     -865.240212        0.080930
FIRE:  676 14:05:57     -865.240403        0.080728
FIRE:  677 14:05:57     -865.240681        0.082525
FIRE:  678 14:05:57     -865.241051        0.080321
FIRE:  679 14:05:57     -865.241511        0.080105
FIRE:  680 14:05:58     -865.242041        0.079843
FIRE:  681 14:05:58     -865.242659        0.079473
FIRE:  682 14:05:58     -865.243407        0.078920
FIRE:  683 14:05:58     -865.244371        0.078118
FIRE:  684 14:05:58     -865.245549        0.077029
FIRE:  685 14:05:58     -865.246913        0.075680
FIRE:  686 14:05:58     -865.248623        0.074125
FIRE:  687 14:05:58     -865.250678        0.072257
FIRE:  688 14:05:59     -865.253113        0.069698
FIRE:  689 14:05:59     -865.256078        0.066122
FIRE:  690 14:05:59     -865.259559        0.061575
FIRE:  691 14:05:59     -865.263686        0.056027
FIRE:  692 14:05:59     -865.268520        0.049469
FIRE:  693 14:05:59     -865.274089        0.049426
FIRE:  694 14:05:59     -865.280345        0.098516
FIRE:  695 14:05:59     -865.286344        0.290999
FIRE:  696 14:06:00     -865.286793        0.745954
FIRE:  697 14:06:00     -865.295015        0.046459
FIRE:  698 14:06:00     -865.288588        0.742669
FIRE:  699 14:06:00     -865.291848        0.537934
FIRE:  700 14:06:00     -865.295139        0.197236
FIRE:  701 14:06:00     -865.295412        0.175059
FIRE:  702 14:06:00     -865.295479        0.164229
FIRE:  703 14:06:00     -865.295589        0.143213
FIRE:  704 14:06:01     -865.295722        0.113297
FIRE:  705 14:06:01     -865.295857        0.076501
FIRE:  706 14:06:01     -865.295977        0.046219
FIRE:  707 14:06:01     -865.296072        0.046215
FIRE:  708 14:06:01     -865.296137        0.046204
FIRE:  709 14:06:01     -865.296202        0.072869
FIRE:  710 14:06:01     -865.296305        0.091741
FIRE:  711 14:06:01     -865.296468        0.094423
FIRE:  712 14:06:02     -865.296710        0.077635
FIRE:  713 14:06:02     -865.297005        0.045978
FIRE:  714 14:06:02     -865.297339        0.045879
FIRE:  715 14:06:02     -865.297680        0.055508
FIRE:  716 14:06:02     -865.298102        0.075184
FIRE:  717 14:06:02     -865.298674        0.054196
FIRE:  718 14:06:02     -865.299383        0.045294
FIRE:  719 14:06:02     -865.300164        0.057896
FIRE:  720 14:06:02     -865.301151        0.052389
FIRE:  721 14:06:03     -865.302376        0.044301
FIRE:  722 14:06:03     -865.303768        0.061135
FIRE:  723 14:06:03     -865.305563        0.043054
FIRE:  724 14:06:03     -865.307616        0.059056
FIRE:  725 14:06:03     -865.310171        0.041138
FIRE:  726 14:06:03     -865.313202        0.040676
FIRE:  727 14:06:03     -865.316808        0.060079
FIRE:  728 14:06:03     -865.320890        0.145543
FIRE:  729 14:06:03     -865.324753        0.326498
FIRE:  730 14:06:04     -865.323465        0.762816
FIRE:  731 14:06:04     -865.331890        0.046626
FIRE:  732 14:06:04     -865.325147        0.764494
FIRE:  733 14:06:04     -865.328628        0.545989
FIRE:  734 14:06:04     -865.331991        0.185408
FIRE:  735 14:06:04     -865.332028        0.203474
FIRE:  736 14:06:04     -865.332109        0.190492
FIRE:  737 14:06:04     -865.332247        0.165347
FIRE:  738 14:06:04     -865.332414        0.129516
FIRE:  739 14:06:04     -865.332579        0.085387
FIRE:  740 14:06:05     -865.332714        0.046911
FIRE:  741 14:06:05     -865.332786        0.046911
FIRE:  742 14:06:05     -865.332828        0.056205
FIRE:  743 14:06:05     -865.332859        0.090313
FIRE:  744 14:06:05     -865.332934        0.110256
FIRE:  745 14:06:05     -865.333076        0.111100
FIRE:  746 14:06:05     -865.333304        0.089314
FIRE:  747 14:06:05     -865.333589        0.047145
FIRE:  748 14:06:05     -865.333863        0.047239
FIRE:  749 14:06:06     -865.334126        0.067366
FIRE:  750 14:06:06     -865.334466        0.087933
FIRE:  751 14:06:06     -865.334989        0.061483
FIRE:  752 14:06:06     -865.335589        0.047700
FIRE:  753 14:06:06     -865.336214        0.069390
FIRE:  754 14:06:06     -865.337067        0.061405
FIRE:  755 14:06:06     -865.338112        0.048306
FIRE:  756 14:06:06     -865.339291        0.069888
FIRE:  757 14:06:06     -865.340844        0.048796
FIRE:  758 14:06:07     -865.342621        0.069468
FIRE:  759 14:06:07     -865.344839        0.049208
FIRE:  760 14:06:07     -865.347516        0.049222
FIRE:  761 14:06:07     -865.350674        0.075711
FIRE:  762 14:06:07     -865.354220        0.168715
FIRE:  763 14:06:07     -865.357365        0.365126
FIRE:  764 14:06:07     -865.359146        0.046455
FIRE:  765 14:06:07     -865.358256        0.297709
FIRE:  766 14:06:08     -865.358743        0.233447
FIRE:  767 14:06:08     -865.359349        0.117399
FIRE:  768 14:06:08     -865.359611        0.046382
FIRE:  769 14:06:08     -865.359631        0.046382
FIRE:  770 14:06:08     -865.359648        0.046380
FIRE:  771 14:06:08     -865.359665        0.046379
FIRE:  772 14:06:08     -865.359696        0.046375
FIRE:  773 14:06:08     -865.359729        0.046370
FIRE:  774 14:06:09     -865.359787        0.046365
FIRE:  775 14:06:09     -865.359830        0.046357
FIRE:  776 14:06:09     -865.359905        0.046347
FIRE:  777 14:06:09     -865.359989        0.046332
FIRE:  778 14:06:09     -865.360090        0.046313
FIRE:  779 14:06:09     -865.360213        0.046287
FIRE:  780 14:06:09     -865.360384        0.046249
FIRE:  781 14:06:09     -865.360583        0.046206
FIRE:  782 14:06:09     -865.360840        0.046148
FIRE:  783 14:06:10     -865.361141        0.046076
FIRE:  784 14:06:10     -865.361514        0.045983
FIRE:  785 14:06:10     -865.361995        0.045868
FIRE:  786 14:06:10     -865.362565        0.045715
FIRE:  787 14:06:10     -865.363256        0.045510
FIRE:  788 14:06:10     -865.364115        0.045227
FIRE:  789 14:06:10     -865.365163        0.044847
FIRE:  790 14:06:10     -865.366431        0.044339
FIRE:  791 14:06:10     -865.367956        0.043645
FIRE:  792 14:06:11     -865.369820        0.042677
FIRE:  793 14:06:11     -865.372071        0.041342
FIRE:  794 14:06:11     -865.374772        0.039525
FIRE:  795 14:06:11     -865.378015        0.037005
FIRE:  796 14:06:11     -865.381794        0.076776
FIRE:  797 14:06:11     -865.385486        0.256692
FIRE:  798 14:06:11     -865.383464        0.751109
FIRE:  799 14:06:11     -865.391408        0.049700
FIRE:  800 14:06:12     -865.391450        0.035869
FIRE:  801 14:06:12     -865.391522        0.028396
FIRE:  802 14:06:12     -865.391626        0.028364
FIRE:  803 14:06:12     -865.391737        0.030317
FIRE:  804 14:06:12     -865.391885        0.034377
FIRE:  805 14:06:12     -865.392081        0.028195
FIRE:  806 14:06:12     -865.392296        0.028116
FIRE:  807 14:06:12     -865.392564        0.028022
FIRE:  808 14:06:12     -865.392908        0.027912
FIRE:  809 14:06:13     -865.393342        0.027784
FIRE:  810 14:06:13     -865.393877        0.027784
FIRE:  811 14:06:13     -865.394527        0.027888
FIRE:  812 14:06:13     -865.395347        0.028025
FIRE:  813 14:06:13     -865.396349        0.028189
FIRE:  814 14:06:13     -865.397600        0.028393
FIRE:  815 14:06:13     -865.399111        0.028633
FIRE:  816 14:06:13     -865.400967        0.031409
FIRE:  817 14:06:13     -865.403234        0.036510
FIRE:  818 14:06:14     -865.405931        0.064086
FIRE:  819 14:06:14     -865.408899        0.160954
FIRE:  820 14:06:14     -865.410431        0.453889
FIRE:  821 14:06:14     -865.413170        0.030749
FIRE:  822 14:06:14     -865.413204        0.030753
FIRE:  823 14:06:14     -865.413256        0.030762
FIRE:  824 14:06:14     -865.413336        0.030773
FIRE:  825 14:06:14     -865.413452        0.030789
FIRE:  826 14:06:14     -865.413570        0.030810
FIRE:  827 14:06:15     -865.413734        0.030835
FIRE:  828 14:06:15     -865.413919        0.030866
FIRE:  829 14:06:15     -865.414165        0.030902
FIRE:  830 14:06:15     -865.414458        0.030945
FIRE:  831 14:06:15     -865.414831        0.030997
FIRE:  832 14:06:15     -865.415305        0.031058
FIRE:  833 14:06:15     -865.415890        0.031130
FIRE:  834 14:06:15     -865.416622        0.031217
FIRE:  835 14:06:15     -865.417531        0.031319
FIRE:  836 14:06:16     -865.418655        0.031435
FIRE:  837 14:06:16     -865.420048        0.031574
FIRE:  838 14:06:16     -865.421772        0.031937
FIRE:  839 14:06:16     -865.423897        0.032820
FIRE:  840 14:06:16     -865.426535        0.034039
FIRE:  841 14:06:16     -865.429825        0.035766
FIRE:  842 14:06:16     -865.433795        0.101697
FIRE:  843 14:06:16     -865.436979        0.397452
FIRE:  844 14:06:16     -865.417561        1.630534
FIRE:  845 14:06:17     -865.439385        0.673289
FIRE:  846 14:06:17     -865.442442        0.466281
FIRE:  847 14:06:17     -865.445088        0.100853
FIRE:  848 14:06:17     -865.444303        0.312065
FIRE:  849 14:06:17     -865.444496        0.285119
FIRE:  850 14:06:17     -865.444819        0.233888
FIRE:  851 14:06:17     -865.445164        0.163314
FIRE:  852 14:06:17     -865.445452        0.080148
FIRE:  853 14:06:17     -865.445588        0.047371
FIRE:  854 14:06:18     -865.445602        0.082115
FIRE:  855 14:06:18     -865.445612        0.080429
FIRE:  856 14:06:18     -865.445622        0.077007
FIRE:  857 14:06:18     -865.445640        0.071978
FIRE:  858 14:06:18     -865.445664        0.065552
FIRE:  859 14:06:18     -865.445699        0.057780
FIRE:  860 14:06:18     -865.445713        0.048805
FIRE:  861 14:06:18     -865.445747        0.047649
FIRE:  862 14:06:18     -865.445792        0.047664
FIRE:  863 14:06:19     -865.445842        0.047684
FIRE:  864 14:06:19     -865.445872        0.047716
FIRE:  865 14:06:19     -865.445936        0.047761
FIRE:  866 14:06:19     -865.446010        0.047826
FIRE:  867 14:06:19     -865.446096        0.047918
FIRE:  868 14:06:19     -865.446199        0.048046
FIRE:  869 14:06:19     -865.446336        0.048213
FIRE:  870 14:06:19     -865.446499        0.048434
FIRE:  871 14:06:19     -865.446713        0.048712
FIRE:  872 14:06:19     -865.446953        0.049054
FIRE:  873 14:06:20     -865.447252        0.049460
FIRE:  874 14:06:20     -865.447618        0.049936
FIRE:  875 14:06:20     -865.448075        0.050483
FIRE:  876 14:06:20     -865.448642        0.051137
FIRE:  877 14:06:20     -865.449318        0.051959
FIRE:  878 14:06:20     -865.450153        0.053021
FIRE:  879 14:06:20     -865.451201        0.054382
FIRE:  880 14:06:20     -865.452470        0.056048
FIRE:  881 14:06:20     -865.454061        0.058023
FIRE:  882 14:06:21     -865.456029        0.060465
FIRE:  883 14:06:21     -865.458499        0.063617
FIRE:  884 14:06:21     -865.461610        0.067526
FIRE:  885 14:06:21     -865.465555        0.072211
FIRE:  886 14:06:21     -865.470595        0.078219
FIRE:  887 14:06:21     -865.477084        0.085106
FIRE:  888 14:06:21     -865.485181        0.192706
FIRE:  889 14:06:21     -865.492058        0.632771
FIRE:  890 14:06:21     -865.496844        0.102236
FIRE:  891 14:06:22     -865.496967        0.102274
FIRE:  892 14:06:22     -865.497204        0.102359
FIRE:  893 14:06:22     -865.497491        0.102511
FIRE:  894 14:06:22     -865.497860        0.102747
FIRE:  895 14:06:22     -865.498333        0.103077
FIRE:  896 14:06:22     -865.498921        0.103499
FIRE:  897 14:06:22     -865.499624        0.104001
FIRE:  898 14:06:22     -865.500486        0.104620
FIRE:  899 14:06:22     -865.501576        0.105337
FIRE:  900 14:06:23     -865.502969        0.106139
FIRE:  901 14:06:23     -865.504743        0.107044
FIRE:  902 14:06:23     -865.506941        0.108119
FIRE:  903 14:06:23     -865.509739        0.109381
FIRE:  904 14:06:23     -865.513234        0.110667
FIRE:  905 14:06:23     -865.517646        0.111642
FIRE:  906 14:06:23     -865.523153        0.112056
FIRE:  907 14:06:23     -865.530033        0.111460
FIRE:  908 14:06:24     -865.538534        0.108409
FIRE:  909 14:06:24     -865.548875        0.101545
FIRE:  910 14:06:24     -865.561053        0.094487
FIRE:  911 14:06:24     -865.573622        0.305723
FIRE:  912 14:06:24     -865.571088        1.264888
FIRE:  913 14:06:24     -865.587538        0.320848
FIRE:  914 14:06:24     -865.588257        0.229835
FIRE:  915 14:06:24     -865.589031        0.071130
FIRE:  916 14:06:25     -865.589269        0.105576
FIRE:  917 14:06:25     -865.589316        0.097711
FIRE:  918 14:06:25     -865.589390        0.082666
FIRE:  919 14:06:25     -865.589492        0.065543
FIRE:  920 14:06:25     -865.589616        0.065535
FIRE:  921 14:06:25     -865.589737        0.065522
FIRE:  922 14:06:25     -865.589891        0.065509
FIRE:  923 14:06:25     -865.590051        0.065493
FIRE:  924 14:06:26     -865.590236        0.065470
FIRE:  925 14:06:26     -865.590500        0.065446
FIRE:  926 14:06:26     -865.590833        0.065414
FIRE:  927 14:06:26     -865.591250        0.065380
FIRE:  928 14:06:26     -865.591756        0.065347
FIRE:  929 14:06:26     -865.592347        0.065319
FIRE:  930 14:06:26     -865.593070        0.065295
FIRE:  931 14:06:26     -865.593968        0.065284
FIRE:  932 14:06:27     -865.595056        0.065268
FIRE:  933 14:06:27     -865.596349        0.065216
FIRE:  934 14:06:27     -865.597921        0.065071
FIRE:  935 14:06:27     -865.599799        0.064744
FIRE:  936 14:06:27     -865.602022        0.064105
FIRE:  937 14:06:27     -865.604704        0.062980
FIRE:  938 14:06:27     -865.607867        0.061102
FIRE:  939 14:06:27     -865.611588        0.058181
FIRE:  940 14:06:27     -865.615955        0.054000
FIRE:  941 14:06:28     -865.621002        0.048293
FIRE:  942 14:06:28     -865.626751        0.041000
FIRE:  943 14:06:28     -865.633036        0.115227
FIRE:  944 14:06:28     -865.637536        0.468048
FIRE:  945 14:06:28     -865.618593        1.442530
FIRE:  946 14:06:28     -865.646798        0.149819
FIRE:  947 14:06:28     -865.646981        0.103896
FIRE:  948 14:06:28     -865.647186        0.038131
FIRE:  949 14:06:28     -865.647272        0.051695
FIRE:  950 14:06:29     -865.647341        0.099932
FIRE:  951 14:06:29     -865.647518        0.104525
FIRE:  952 14:06:29     -865.647810        0.068102
FIRE:  953 14:06:29     -865.648127        0.038403
FIRE:  954 14:06:29     -865.648392        0.060265
FIRE:  955 14:06:29     -865.648737        0.083456
FIRE:  956 14:06:29     -865.649281        0.040929
FIRE:  957 14:06:29     -865.649862        0.044395
FIRE:  958 14:06:29     -865.650525        0.073512
FIRE:  959 14:06:30     -865.651465        0.039612
FIRE:  960 14:06:30     -865.652457        0.074883
FIRE:  961 14:06:30     -865.653796        0.040705
FIRE:  962 14:06:30     -865.655315        0.067731
FIRE:  963 14:06:30     -865.657178        0.078455
FIRE:  964 14:06:30     -865.659427        0.063179
FIRE:  965 14:06:30     -865.662048        0.082113
FIRE:  966 14:06:30     -865.664765        0.202761
FIRE:  967 14:06:30     -865.664599        0.621147
FIRE:  968 14:06:31     -865.668855        0.088324
FIRE:  969 14:06:31     -865.668926        0.064192
FIRE:  970 14:06:31     -865.669024        0.050829
FIRE:  971 14:06:31     -865.669101        0.050880
FIRE:  972 14:06:31     -865.669187        0.055848
FIRE:  973 14:06:31     -865.669319        0.064474
FIRE:  974 14:06:31     -865.669499        0.051247
FIRE:  975 14:06:31     -865.669708        0.051437
FIRE:  976 14:06:31     -865.669924        0.051679
FIRE:  977 14:06:32     -865.670202        0.051969
FIRE:  978 14:06:32     -865.670576        0.052304
FIRE:  979 14:06:32     -865.671042        0.052699
FIRE:  980 14:06:32     -865.671577        0.053204
FIRE:  981 14:06:32     -865.672308        0.053859
FIRE:  982 14:06:32     -865.673159        0.054674
FIRE:  983 14:06:32     -865.674258        0.055602
FIRE:  984 14:06:32     -865.675553        0.056693
FIRE:  985 14:06:33     -865.677205        0.058029
FIRE:  986 14:06:33     -865.679230        0.059419
FIRE:  987 14:06:33     -865.681726        0.060866
FIRE:  988 14:06:33     -865.684755        0.079525
FIRE:  989 14:06:33     -865.687602        0.286758
FIRE:  990 14:06:33     -865.682636        0.900190
FIRE:  991 14:06:33     -865.692768        0.118990
FIRE:  992 14:06:33     -865.692875        0.082939
FIRE:  993 14:06:33     -865.693009        0.061084
FIRE:  994 14:06:34     -865.693105        0.061112
FIRE:  995 14:06:34     -865.693183        0.079779
FIRE:  996 14:06:34     -865.693333        0.084338
FIRE:  997 14:06:34     -865.693559        0.061069
FIRE:  998 14:06:34     -865.693807        0.061007
FIRE:  999 14:06:34     -865.694052        0.060924
FIRE:  1000 14:06:34     -865.694375        0.067393
FIRE:  1001 14:06:34     -865.694827        0.060738
FIRE:  1002 14:06:35     -865.695345        0.060602
FIRE:  1003 14:06:35     -865.695964        0.060351
FIRE:  1004 14:06:35     -865.696801        0.059926
FIRE:  1005 14:06:35     -865.697738        0.059482
FIRE:  1006 14:06:35     -865.698952        0.058447
FIRE:  1007 14:06:35     -865.700378        0.057098
FIRE:  1008 14:06:35     -865.702087        0.069937
FIRE:  1009 14:06:35     -865.704106        0.068820
FIRE:  1010 14:06:36     -865.706397        0.098594
FIRE:  1011 14:06:36     -865.708536        0.225467
FIRE:  1012 14:06:36     -865.707532        0.633149
FIRE:  1013 14:06:36     -865.711949        0.079260
FIRE:  1014 14:06:36     -865.712001        0.057893
FIRE:  1015 14:06:36     -865.712068        0.033483
FIRE:  1016 14:06:36     -865.712121        0.033447
FIRE:  1017 14:06:36     -865.712184        0.049160
FIRE:  1018 14:06:37     -865.712258        0.057777
FIRE:  1019 14:06:37     -865.712372        0.044098
FIRE:  1020 14:06:37     -865.712510        0.033344
FIRE:  1021 14:06:37     -865.712668        0.033318
FIRE:  1022 14:06:37     -865.712839        0.045180
FIRE:  1023 14:06:37     -865.713076        0.034527
FIRE:  1024 14:06:37     -865.713381        0.033021
FIRE:  1025 14:06:37     -865.713719        0.039957
FIRE:  1026 14:06:37     -865.714160        0.032577
FIRE:  1027 14:06:38     -865.714670        0.035110
FIRE:  1028 14:06:38     -865.715294        0.031677
FIRE:  1029 14:06:38     -865.716022        0.045818
FIRE:  1030 14:06:38     -865.716902        0.029731
FIRE:  1031 14:06:38     -865.717917        0.028095
FIRE:  1032 14:06:38     -865.719084        0.041207
FIRE:  1033 14:06:38     -865.720230        0.125364
FIRE:  1034 14:06:38     -865.720561        0.333645
FIRE:  1035 14:06:38     -865.721836        0.019232
[prep] P1_Al2O3_D: fmax 0.0192 (target 0.02) · steps 1035 · converged True · 2.0 min
WARNING:root:If 'dataset_list' is provided in the config, the code assumes that each dataset maps to itself. Please use 'dataset_mapping' as 'dataset_list' is deprecated and will be removed in the future.
      Step     Time          Energy          fmax
FIRE:    0 14:06:49     -844.724203        2.108476
FIRE:    1 14:06:49     -845.194801        1.618219
FIRE:    2 14:06:49     -845.928567        1.568611
FIRE:    3 14:06:49     -846.685400        1.436044
FIRE:    4 14:06:49     -847.333055        1.379947
FIRE:    5 14:06:49     -847.863982        1.595822
FIRE:    6 14:06:50     -848.254023        1.299130
FIRE:    7 14:06:50     -848.473066        1.410994
FIRE:    8 14:06:50     -848.567741        1.551981
FIRE:    9 14:06:50     -848.609437        1.456037
FIRE:   10 14:06:50     -848.683947        1.276668
FIRE:   11 14:06:50     -848.776452        1.035611
FIRE:   12 14:06:50     -848.871209        0.758843
FIRE:   13 14:06:50     -848.956608        0.474856
FIRE:   14 14:06:51     -849.028194        0.513038
FIRE:   15 14:06:51     -849.087778        0.480531
FIRE:   16 14:06:51     -849.144174        0.408064
FIRE:   17 14:06:51     -849.198297        0.437610
FIRE:   18 14:06:51     -849.252256        0.544570
FIRE:   19 14:06:51     -849.314455        0.572578
FIRE:   20 14:06:51     -849.399169        0.507705
FIRE:   21 14:06:51     -849.514107        0.485824
FIRE:   22 14:06:51     -849.646907        0.481500
FIRE:   23 14:06:52     -849.773385        0.474534
FIRE:   24 14:06:52     -849.885541        0.476846
FIRE:   25 14:06:52     -850.003460        0.493304
FIRE:   26 14:06:52     -850.135379        0.517303
FIRE:   27 14:06:52     -850.273798        0.543940
FIRE:   28 14:06:52     -850.402159        0.571319
FIRE:   29 14:06:52     -850.521926        0.584041
FIRE:   30 14:06:52     -850.652827        0.566103
FIRE:   31 14:06:52     -850.787660        0.516552
FIRE:   32 14:06:53     -850.913882        0.438219
FIRE:   33 14:06:53     -851.023327        0.353026
FIRE:   34 14:06:53     -851.124375        0.326689
FIRE:   35 14:06:53     -851.216606        0.336614
FIRE:   36 14:06:53     -851.293242        0.295055
FIRE:   37 14:06:53     -851.352828        0.329057
FIRE:   38 14:06:53     -851.403460        0.505475
FIRE:   39 14:06:53     -851.462989        0.549665
FIRE:   40 14:06:53     -851.529901        0.387521
FIRE:   41 14:06:54     -851.588954        0.253174
FIRE:   42 14:06:54     -851.640461        0.309116
FIRE:   43 14:06:54     -851.691085        0.222087
FIRE:   44 14:06:54     -851.751374        0.258519
FIRE:   45 14:06:54     -851.822056        0.210771
FIRE:   46 14:06:54     -851.888056        0.217197
FIRE:   47 14:06:54     -851.947956        0.214687
FIRE:   48 14:06:54     -852.006355        0.196017
FIRE:   49 14:06:55     -852.063584        0.147675
FIRE:   50 14:06:55     -852.118337        0.122432
FIRE:   51 14:06:55     -852.165312        0.184991
FIRE:   52 14:06:55     -852.204553        0.240010
FIRE:   53 14:06:55     -852.243939        0.279951
FIRE:   54 14:06:55     -852.287679        0.241721
FIRE:   55 14:06:55     -852.335889        0.166071
FIRE:   56 14:06:55     -852.391164        0.164991
FIRE:   57 14:06:55     -852.452108        0.171968
FIRE:   58 14:06:56     -852.513312        0.178066
FIRE:   59 14:06:56     -852.573840        0.169881
FIRE:   60 14:06:56     -852.635614        0.172916
FIRE:   61 14:06:56     -852.698919        0.180548
FIRE:   62 14:06:56     -852.761938        0.164616
FIRE:   63 14:06:56     -852.822941        0.188361
FIRE:   64 14:06:56     -852.881946        0.199930
FIRE:   65 14:06:56     -852.939409        0.202920
FIRE:   66 14:06:56     -852.994336        0.164829
FIRE:   67 14:06:57     -853.044322        0.169633
FIRE:   68 14:06:57     -853.087217        0.152106
FIRE:   69 14:06:57     -853.122200        0.139710
FIRE:   70 14:06:57     -853.151608        0.172289
FIRE:   71 14:06:57     -853.180312        0.195925
FIRE:   72 14:06:57     -853.211449        0.214124
FIRE:   73 14:06:57     -853.244183        0.181170
FIRE:   74 14:06:57     -853.275575        0.116419
FIRE:   75 14:06:57     -853.303954        0.103468
FIRE:   76 14:06:58     -853.330787        0.110748
FIRE:   77 14:06:58     -853.358946        0.133937
FIRE:   78 14:06:58     -853.389931        0.142876
FIRE:   79 14:06:58     -853.422908        0.133655
FIRE:   80 14:06:58     -853.455674        0.110145
FIRE:   81 14:06:58     -853.485687        0.112670
FIRE:   82 14:06:58     -853.511223        0.155116
FIRE:   83 14:06:58     -853.532095        0.173284
FIRE:   84 14:06:58     -853.549477        0.181986
FIRE:   85 14:06:59     -853.564580        0.161039
FIRE:   86 14:06:59     -853.577885        0.140848
FIRE:   87 14:06:59     -853.590761        0.143259
FIRE:   88 14:06:59     -853.605625        0.149141
FIRE:   89 14:06:59     -853.622688        0.132003
FIRE:   90 14:06:59     -853.639885        0.103007
FIRE:   91 14:06:59     -853.655233        0.103886
FIRE:   92 14:06:59     -853.668050        0.097049
FIRE:   93 14:07:00     -853.679180        0.108512
FIRE:   94 14:07:00     -853.731936        0.097753
FIRE:   95 14:07:00     -853.722778        0.836535
FIRE:   96 14:07:00     -853.696129        1.310915
FIRE:   97 14:07:00     -853.768137        0.424438
FIRE:   98 14:07:00     -853.763465        0.668610
FIRE:   99 14:07:00     -853.769197        0.566057
FIRE:  100 14:07:00     -853.777453        0.375868
FIRE:  101 14:07:01     -853.783698        0.127606
FIRE:  102 14:07:01     -853.784965        0.143320
FIRE:  103 14:07:01     -853.785093        0.137547
FIRE:  104 14:07:01     -853.785346        0.126228
FIRE:  105 14:07:01     -853.785700        0.109875
FIRE:  106 14:07:01     -853.786131        0.089309
FIRE:  107 14:07:01     -853.786614        0.071212
FIRE:  108 14:07:01     -853.787124        0.071005
FIRE:  109 14:07:01     -853.787648        0.070773
FIRE:  110 14:07:02     -853.788247        0.070491
FIRE:  111 14:07:02     -853.788939        0.070156
FIRE:  112 14:07:02     -853.789770        0.069771
FIRE:  113 14:07:02     -853.790811        0.071947
FIRE:  114 14:07:02     -853.792120        0.070949
FIRE:  115 14:07:02     -853.793749        0.068305
FIRE:  116 14:07:02     -853.795669        0.067698
FIRE:  117 14:07:02     -853.797830        0.066985
FIRE:  118 14:07:03     -853.800282        0.066102
FIRE:  119 14:07:03     -853.803172        0.064960
FIRE:  120 14:07:03     -853.806611        0.063448
FIRE:  121 14:07:03     -853.810526        0.061446
FIRE:  122 14:07:03     -853.814953        0.058891
FIRE:  123 14:07:03     -853.820179        0.055743
FIRE:  124 14:07:03     -853.826134        0.051819
FIRE:  125 14:07:03     -853.832884        0.046639
FIRE:  126 14:07:03     -853.840490        0.046155
FIRE:  127 14:07:04     -853.848790        0.049108
FIRE:  128 14:07:04     -853.857699        0.056638
FIRE:  129 14:07:04     -853.867257        0.061029
FIRE:  130 14:07:04     -853.877569        0.069194
FIRE:  131 14:07:04     -853.889061        0.080411
FIRE:  132 14:07:04     -853.901757        0.176654
FIRE:  133 14:07:04     -853.910698        0.487356
FIRE:  134 14:07:04     -853.921047        0.103285
FIRE:  135 14:07:04     -853.915557        0.432788
FIRE:  136 14:07:04     -853.918997        0.326884
FIRE:  137 14:07:05     -853.922919        0.140540
FIRE:  138 14:07:05     -853.924168        0.104669
FIRE:  139 14:07:05     -853.924247        0.104683
FIRE:  140 14:07:05     -853.924405        0.104714
FIRE:  141 14:07:05     -853.924627        0.104760
FIRE:  142 14:07:05     -853.924887        0.104824
FIRE:  143 14:07:05     -853.925188        0.104909
FIRE:  144 14:07:05     -853.925524        0.105020
FIRE:  145 14:07:05     -853.925898        0.105153
FIRE:  146 14:07:06     -853.926357        0.105335
FIRE:  147 14:07:06     -853.926945        0.105575
FIRE:  148 14:07:06     -853.927688        0.105886
FIRE:  149 14:07:06     -853.928652        0.106288
FIRE:  150 14:07:06     -853.929850        0.106794
FIRE:  151 14:07:06     -853.931311        0.107418
FIRE:  152 14:07:07     -853.933099        0.108157
FIRE:  153 14:07:07     -853.935311        0.108980
FIRE:  154 14:07:07     -853.938077        0.109836
FIRE:  155 14:07:07     -853.941502        0.110644
FIRE:  156 14:07:07     -853.945706        0.111306
FIRE:  157 14:07:07     -853.950954        0.111696
FIRE:  158 14:07:07     -853.957481        0.111588
FIRE:  159 14:07:07     -853.965593        0.110446
FIRE:  160 14:07:07     -853.975765        0.115008
FIRE:  161 14:07:08     -853.988433        0.122937
FIRE:  162 14:07:08     -854.004267        0.130673
FIRE:  163 14:07:08     -854.024007        0.138475
FIRE:  164 14:07:08     -854.048442        0.143157
FIRE:  165 14:07:08     -854.078378        0.136547
FIRE:  166 14:07:08     -854.113406        0.120702
FIRE:  167 14:07:08     -854.143526        0.441960
FIRE:  168 14:07:08     -854.118589        1.205847
FIRE:  169 14:07:08     -854.178010        0.279800
FIRE:  170 14:07:09     -854.180435        0.195568
FIRE:  171 14:07:09     -854.183072        0.082213
FIRE:  172 14:07:09     -854.184058        0.102834
FIRE:  173 14:07:09     -854.184230        0.094877
FIRE:  174 14:07:09     -854.184554        0.079562
FIRE:  175 14:07:09     -854.184984        0.077312
FIRE:  176 14:07:09     -854.185487        0.077216
FIRE:  177 14:07:09     -854.186022        0.077097
FIRE:  178 14:07:09     -854.186592        0.076961
FIRE:  179 14:07:10     -854.187214        0.076809
FIRE:  180 14:07:10     -854.187992        0.076621
FIRE:  181 14:07:10     -854.189006        0.076395
FIRE:  182 14:07:10     -854.190309        0.076109
FIRE:  183 14:07:10     -854.191898        0.075745
FIRE:  184 14:07:10     -854.193765        0.075258
FIRE:  185 14:07:10     -854.195928        0.074581
FIRE:  186 14:07:10     -854.198537        0.073634
FIRE:  187 14:07:10     -854.201734        0.072318
FIRE:  188 14:07:11     -854.205488        0.070509
FIRE:  189 14:07:11     -854.209872        0.068069
FIRE:  190 14:07:11     -854.215195        0.064810
FIRE:  191 14:07:11     -854.221472        0.060395
FIRE:  192 14:07:11     -854.228973        0.063018
FIRE:  193 14:07:11     -854.237966        0.066406
FIRE:  194 14:07:11     -854.248766        0.070720
FIRE:  195 14:07:11     -854.261765        0.076427
FIRE:  196 14:07:11     -854.277611        0.083511
FIRE:  197 14:07:12     -854.297011        0.091655
FIRE:  198 14:07:12     -854.320937        0.100890
FIRE:  199 14:07:12     -854.349350        0.199355
FIRE:  200 14:07:12     -854.369438        0.633668
FIRE:  201 14:07:12     -854.388764        0.129762
FIRE:  202 14:07:12     -854.389151        0.129964
FIRE:  203 14:07:12     -854.389888        0.130369
FIRE:  204 14:07:12     -854.390947        0.130967
FIRE:  205 14:07:12     -854.392338        0.131755
FIRE:  206 14:07:13     -854.394078        0.132721
FIRE:  207 14:07:13     -854.396178        0.133851
FIRE:  208 14:07:13     -854.398632        0.135134
FIRE:  209 14:07:13     -854.401735        0.136706
FIRE:  210 14:07:13     -854.405639        0.138588
FIRE:  211 14:07:13     -854.410568        0.140754
FIRE:  212 14:07:13     -854.416737        0.143106
FIRE:  213 14:07:13     -854.424426        0.145390
FIRE:  214 14:07:14     -854.434006        0.147102
FIRE:  215 14:07:14     -854.445826        0.147273
FIRE:  216 14:07:14     -854.460325        0.144098
FIRE:  217 14:07:14     -854.477756        0.134442
FIRE:  218 14:07:14     -854.498141        0.113689
FIRE:  219 14:07:14     -854.520841        0.111818
FIRE:  220 14:07:14     -854.544551        0.111971
FIRE:  221 14:07:14     -854.568070        0.114335
FIRE:  222 14:07:15     -854.588179        0.409354
FIRE:  223 14:07:15     -854.569094        1.334633
FIRE:  224 14:07:15     -854.616060        0.225923
FIRE:  225 14:07:15     -854.617178        0.164553
FIRE:  226 14:07:15     -854.618772        0.123076
FIRE:  227 14:07:15     -854.620211        0.123686
FIRE:  228 14:07:15     -854.621648        0.146654
FIRE:  229 14:07:15     -854.623635        0.165918
FIRE:  230 14:07:16     -854.626306        0.125793
FIRE:  231 14:07:16     -854.629152        0.126599
FIRE:  232 14:07:16     -854.632076        0.127717
FIRE:  233 14:07:16     -854.635435        0.129315
FIRE:  234 14:07:16     -854.639788        0.131462
FIRE:  235 14:07:16     -854.644591        0.134101
FIRE:  236 14:07:16     -854.650019        0.136857
FIRE:  237 14:07:16     -854.656907        0.139326
FIRE:  238 14:07:17     -854.664723        0.141327
FIRE:  239 14:07:17     -854.674740        0.141713
FIRE:  240 14:07:17     -854.686467        0.136851
FIRE:  241 14:07:17     -854.700271        0.121614
FIRE:  242 14:07:17     -854.715166        0.118178
FIRE:  243 14:07:17     -854.729018        0.158723
FIRE:  244 14:07:17     -854.738483        0.337128
FIRE:  245 14:07:17     -854.742069        0.106089
FIRE:  246 14:07:17     -854.742090        0.256874
FIRE:  247 14:07:18     -854.742868        0.201284
FIRE:  248 14:07:18     -854.743915        0.103075
FIRE:  249 14:07:18     -854.744639        0.079879
FIRE:  250 14:07:18     -854.744947        0.114302
FIRE:  251 14:07:18     -854.745278        0.169189
FIRE:  252 14:07:18     -854.746034        0.171570
FIRE:  253 14:07:18     -854.747186        0.126127
FIRE:  254 14:07:18     -854.748484        0.045667
FIRE:  255 14:07:18     -854.749476        0.076666
FIRE:  256 14:07:19     -854.750416        0.135886
FIRE:  257 14:07:19     -854.751977        0.106794
FIRE:  258 14:07:19     -854.753781        0.038070
FIRE:  259 14:07:19     -854.755271        0.114264
FIRE:  260 14:07:19     -854.757389        0.085626
FIRE:  261 14:07:19     -854.759699        0.074328
FIRE:  262 14:07:19     -854.762226        0.091451
FIRE:  263 14:07:19     -854.765260        0.088705
FIRE:  264 14:07:19     -854.768730        0.061034
FIRE:  265 14:07:20     -854.772276        0.122811
FIRE:  266 14:07:20     -854.776211        0.154060
FIRE:  267 14:07:20     -854.780082        0.197110
FIRE:  268 14:07:20     -854.782445        0.356500
FIRE:  269 14:07:20     -854.785519        0.022903
FIRE:  270 14:07:20     -854.783675        0.298563
FIRE:  271 14:07:20     -854.784597        0.231212
FIRE:  272 14:07:20     -854.785690        0.110643
FIRE:  273 14:07:20     -854.786056        0.038520
FIRE:  274 14:07:21     -854.786069        0.036343
FIRE:  275 14:07:21     -854.786094        0.032070
FIRE:  276 14:07:21     -854.786125        0.026060
FIRE:  277 14:07:21     -854.786167        0.021778
FIRE:  278 14:07:21     -854.786207        0.021721
FIRE:  279 14:07:21     -854.786257        0.021652
FIRE:  280 14:07:21     -854.786314        0.021571
FIRE:  281 14:07:21     -854.786376        0.021468
FIRE:  282 14:07:21     -854.786468        0.021409
FIRE:  283 14:07:22     -854.786578        0.021415
FIRE:  284 14:07:22     -854.786713        0.021456
FIRE:  285 14:07:22     -854.786890        0.021533
FIRE:  286 14:07:22     -854.787099        0.021637
FIRE:  287 14:07:22     -854.787339        0.021752
FIRE:  288 14:07:22     -854.787645        0.021844
FIRE:  289 14:07:22     -854.788016        0.021883
FIRE:  290 14:07:22     -854.788468        0.021878
FIRE:  291 14:07:23     -854.789000        0.021897
FIRE:  292 14:07:23     -854.789650        0.022020
FIRE:  293 14:07:23     -854.790435        0.022266
FIRE:  294 14:07:23     -854.791379        0.022507
FIRE:  295 14:07:23     -854.792537        0.022618
FIRE:  296 14:07:23     -854.793916        0.022788
FIRE:  297 14:07:23     -854.795600        0.023211
FIRE:  298 14:07:23     -854.797626        0.023472
FIRE:  299 14:07:23     -854.800079        0.023729
FIRE:  300 14:07:24     -854.803054        0.031642
FIRE:  301 14:07:24     -854.806544        0.086743
FIRE:  302 14:07:24     -854.809572        0.255548
FIRE:  303 14:07:24     -854.802510        0.745479
FIRE:  304 14:07:24     -854.816291        0.118944
FIRE:  305 14:07:24     -854.816523        0.084807
FIRE:  306 14:07:24     -854.816781        0.044414
FIRE:  307 14:07:24     -854.816920        0.044852
FIRE:  308 14:07:25     -854.817001        0.077689
FIRE:  309 14:07:25     -854.817213        0.085318
FIRE:  310 14:07:25     -854.817592        0.060148
FIRE:  311 14:07:25     -854.818007        0.047077
FIRE:  312 14:07:25     -854.818390        0.047891
FIRE:  313 14:07:25     -854.818864        0.068485
FIRE:  314 14:07:25     -854.819598        0.050511
FIRE:  315 14:07:25     -854.820488        0.052479
FIRE:  316 14:07:26     -854.821500        0.059056
FIRE:  317 14:07:26     -854.822973        0.057800
FIRE:  318 14:07:26     -854.824708        0.061463
FIRE:  319 14:07:26     -854.827112        0.066350
FIRE:  320 14:07:26     -854.830123        0.072688
FIRE:  321 14:07:26     -854.834307        0.080159
FIRE:  322 14:07:26     -854.839952        0.089599
FIRE:  323 14:07:26     -854.847743        0.100488
FIRE:  324 14:07:26     -854.858268        0.137254
FIRE:  325 14:07:27     -854.868838        0.414032
FIRE:  326 14:07:27     -854.837723        1.396904
FIRE:  327 14:07:27     -854.888574        0.403236
FIRE:  328 14:07:27     -854.891092        0.280810
FIRE:  329 14:07:27     -854.893525        0.096706
FIRE:  330 14:07:27     -854.893707        0.162986
FIRE:  331 14:07:27     -854.893861        0.149841
FIRE:  332 14:07:27     -854.894133        0.124718
FIRE:  333 14:07:28     -854.894486        0.095722
FIRE:  334 14:07:28     -854.894836        0.095704
FIRE:  335 14:07:28     -854.895164        0.095655
FIRE:  336 14:07:28     -854.895464        0.095559
FIRE:  337 14:07:28     -854.895777        0.095405
FIRE:  338 14:07:28     -854.896180        0.095160
FIRE:  339 14:07:28     -854.896759        0.094795
FIRE:  340 14:07:28     -854.897560        0.094282
FIRE:  341 14:07:28     -854.898556        0.093584
FIRE:  342 14:07:28     -854.899718        0.092670
FIRE:  343 14:07:29     -854.901039        0.091520
FIRE:  344 14:07:29     -854.902702        0.090120
FIRE:  345 14:07:29     -854.904879        0.088531
FIRE:  346 14:07:29     -854.907486        0.090771
FIRE:  347 14:07:29     -854.910581        0.093518
FIRE:  348 14:07:29     -854.914490        0.096840
FIRE:  349 14:07:29     -854.919211        0.100873
FIRE:  350 14:07:29     -854.924957        0.105746
FIRE:  351 14:07:30     -854.932029        0.111434
FIRE:  352 14:07:30     -854.940637        0.117743
FIRE:  353 14:07:30     -854.951137        0.124080
FIRE:  354 14:07:30     -854.964100        0.128919
FIRE:  355 14:07:30     -854.979870        0.128731
FIRE:  356 14:07:30     -854.998495        0.117691
FIRE:  357 14:07:30     -855.018115        0.171390
FIRE:  358 14:07:30     -855.026407        0.672721
FIRE:  359 14:07:30     -855.036645        0.061619
FIRE:  360 14:07:30     -855.036827        0.060276
FIRE:  361 14:07:31     -855.037147        0.057630
FIRE:  362 14:07:31     -855.037559        0.053749
FIRE:  363 14:07:31     -855.038065        0.048809
FIRE:  364 14:07:31     -855.038694        0.044101
FIRE:  365 14:07:31     -855.039427        0.040765
FIRE:  366 14:07:31     -855.040244        0.038913
FIRE:  367 14:07:31     -855.041207        0.037773
FIRE:  368 14:07:31     -855.042357        0.037780
FIRE:  369 14:07:31     -855.043745        0.039111
FIRE:  370 14:07:32     -855.045359        0.041467
FIRE:  371 14:07:32     -855.047264        0.044026
FIRE:  372 14:07:32     -855.049532        0.045709
FIRE:  373 14:07:32     -855.052158        0.045454
FIRE:  374 14:07:32     -855.055218        0.042702
FIRE:  375 14:07:32     -855.058691        0.037207
FIRE:  376 14:07:32     -855.062530        0.038453
FIRE:  377 14:07:32     -855.066601        0.064105
FIRE:  378 14:07:32     -855.070567        0.117982
FIRE:  379 14:07:33     -855.073515        0.256452
FIRE:  380 14:07:33     -855.075026        0.051325
FIRE:  381 14:07:33     -855.074499        0.191282
FIRE:  382 14:07:33     -855.074830        0.151237
FIRE:  383 14:07:33     -855.075255        0.079877
FIRE:  384 14:07:33     -855.075485        0.030438
FIRE:  385 14:07:33     -855.075452        0.082905
FIRE:  386 14:07:33     -855.075472        0.078784
FIRE:  387 14:07:33     -855.075517        0.070797
FIRE:  388 14:07:34     -855.075568        0.059307
FIRE:  389 14:07:34     -855.075623        0.045025
FIRE:  390 14:07:34     -855.075679        0.030396
FIRE:  391 14:07:34     -855.075728        0.030392
FIRE:  392 14:07:34     -855.075779        0.030389
FIRE:  393 14:07:34     -855.075828        0.030383
FIRE:  394 14:07:34     -855.075886        0.031992
FIRE:  395 14:07:34     -855.075962        0.039031
FIRE:  396 14:07:34     -855.076075        0.038777
FIRE:  397 14:07:35     -855.076224        0.030293
FIRE:  398 14:07:35     -855.076407        0.030245
FIRE:  399 14:07:35     -855.076595        0.030184
FIRE:  400 14:07:35     -855.076819        0.030107
FIRE:  401 14:07:35     -855.077101        0.034397
FIRE:  402 14:07:35     -855.077453        0.029902
FIRE:  403 14:07:35     -855.077862        0.029758
FIRE:  404 14:07:35     -855.078326        0.029561
FIRE:  405 14:07:35     -855.078906        0.029295
FIRE:  406 14:07:36     -855.079590        0.028943
FIRE:  407 14:07:36     -855.080386        0.028505
FIRE:  408 14:07:36     -855.081351        0.027973
FIRE:  409 14:07:36     -855.082453        0.027306
FIRE:  410 14:07:36     -855.083746        0.028180
FIRE:  411 14:07:36     -855.085247        0.025590
FIRE:  412 14:07:36     -855.086970        0.024555
FIRE:  413 14:07:36     -855.088938        0.023444
FIRE:  414 14:07:36     -855.091070        0.063792
FIRE:  415 14:07:37     -855.092381        0.231501
FIRE:  416 14:07:37     -855.093587        0.020940
FIRE:  417 14:07:37     -855.092755        0.211018
FIRE:  418 14:07:37     -855.093189        0.156078
FIRE:  419 14:07:37     -855.093656        0.061134
FIRE:  420 14:07:37     -855.093733        0.047910
FIRE:  421 14:07:37     -855.093745        0.044928
FIRE:  422 14:07:37     -855.093755        0.039144
FIRE:  423 14:07:37     -855.093777        0.030961
FIRE:  424 14:07:38     -855.093792        0.020969
FIRE:  425 14:07:38     -855.093820        0.020958
FIRE:  426 14:07:38     -855.093848        0.020959
FIRE:  427 14:07:38     -855.093862        0.020960
FIRE:  428 14:07:38     -855.093884        0.020960
FIRE:  429 14:07:38     -855.093915        0.023282
FIRE:  430 14:07:38     -855.093961        0.023746
FIRE:  431 14:07:39     -855.094012        0.020949
FIRE:  432 14:07:39     -855.094083        0.020941
FIRE:  433 14:07:39     -855.094162        0.020929
FIRE:  434 14:07:39     -855.094249        0.020913
FIRE:  435 14:07:39     -855.094371        0.020892
FIRE:  436 14:07:39     -855.094518        0.020867
FIRE:  437 14:07:39     -855.094690        0.020831
FIRE:  438 14:07:39     -855.094903        0.020776
FIRE:  439 14:07:40     -855.095153        0.020696
FIRE:  440 14:07:40     -855.095456        0.020587
FIRE:  441 14:07:40     -855.095835        0.020446
FIRE:  442 14:07:40     -855.096287        0.020266
FIRE:  443 14:07:40     -855.096825        0.020019
FIRE:  444 14:07:40     -855.097462        0.019701
[prep] P2_Al2S3_D: fmax 0.0197 (target 0.02) · steps 444 · converged True · 0.9 min
WARNING:root:If 'dataset_list' is provided in the config, the code assumes that each dataset maps to itself. Please use 'dataset_mapping' as 'dataset_list' is deprecated and will be removed in the future.
      Step     Time          Energy          fmax
FIRE:    0 14:07:50     -846.549428        4.723563
FIRE:    1 14:07:50     -847.859552        4.891914
FIRE:    2 14:07:51     -850.055193        4.809779
FIRE:    3 14:07:51     -852.040101        3.964331
FIRE:    4 14:07:51     -853.443186        2.652676
FIRE:    5 14:07:51     -853.792762        7.754068
FIRE:    6 14:07:51     -854.108215        5.259925
FIRE:    7 14:07:51     -854.459087        2.013902
FIRE:    8 14:07:51     -854.677459        1.542945
FIRE:    9 14:07:51     -854.812477        2.554047
FIRE:   10 14:07:51     -854.970382        2.957292
FIRE:   11 14:07:52     -855.209092        2.999557
FIRE:   12 14:07:52     -855.528971        2.635998
FIRE:   13 14:07:52     -855.917684        1.567028
FIRE:   14 14:07:52     -856.247495        0.929175
FIRE:   15 14:07:52     -856.416399        3.179236
FIRE:   16 14:07:52     -856.648402        3.073249
FIRE:   17 14:07:52     -856.992492        1.199310
FIRE:   18 14:07:52     -857.169143        2.128932
FIRE:   19 14:07:53     -857.371552        2.386425
FIRE:   20 14:07:53     -857.721109        1.106884
FIRE:   21 14:07:53     -857.920092        2.181310
FIRE:   22 14:07:53     -858.113583        1.727462
FIRE:   23 14:07:53     -858.298767        1.106704
FIRE:   24 14:07:53     -858.388752        1.539547
FIRE:   25 14:07:53     -858.575831        0.732236
FIRE:   26 14:07:53     -858.701363        1.905956
FIRE:   27 14:07:53     -858.899664        0.776694
FIRE:   28 14:07:54     -859.016717        1.126312
FIRE:   29 14:07:54     -859.143771        0.729554
FIRE:   30 14:07:54     -859.240040        1.061808
FIRE:   31 14:07:54     -859.360875        1.105809
FIRE:   32 14:07:54     -859.477480        0.973755
FIRE:   33 14:07:54     -859.587290        0.977741
FIRE:   34 14:07:54     -859.684943        1.225524
FIRE:   35 14:07:54     -859.816937        0.739390
FIRE:   36 14:07:54     -859.931039        0.808520
FIRE:   37 14:07:55     -860.005425        1.354088
FIRE:   38 14:07:55     -859.475356        8.726639
FIRE:   39 14:07:55     -859.869488        3.445885
FIRE:   40 14:07:55     -859.959313        2.855044
FIRE:   41 14:07:55     -860.076690        1.472006
FIRE:   42 14:07:55     -860.107432        0.952314
FIRE:   43 14:07:55     -860.109740        0.864608
FIRE:   44 14:07:55     -860.113761        0.700006
FIRE:   45 14:07:55     -860.118477        0.478543
FIRE:   46 14:07:55     -860.122971        0.293391
FIRE:   47 14:07:56     -860.126718        0.292679
FIRE:   48 14:07:56     -860.129860        0.291752
FIRE:   49 14:07:56     -860.133031        0.399158
FIRE:   50 14:07:56     -860.137415        0.492872
FIRE:   51 14:07:56     -860.143846        0.501078
FIRE:   52 14:07:56     -860.152683        0.406469
FIRE:   53 14:07:56     -860.163421        0.281253
FIRE:   54 14:07:56     -860.174949        0.276847
FIRE:   55 14:07:56     -860.187486        0.354477
FIRE:   56 14:07:57     -860.203489        0.384818
FIRE:   57 14:07:57     -860.224073        0.253713
FIRE:   58 14:07:57     -860.246831        0.242081
FIRE:   59 14:07:57     -860.272615        0.366241
FIRE:   60 14:07:57     -860.304982        0.238577
FIRE:   61 14:07:57     -860.340723        0.275802
FIRE:   62 14:07:57     -860.383269        0.231468
FIRE:   63 14:07:57     -860.431792        0.307910
FIRE:   64 14:07:57     -860.489461        0.212476
FIRE:   65 14:07:58     -860.554479        0.411661
FIRE:   66 14:07:58     -860.631014        0.481600
FIRE:   67 14:07:58     -860.719556        0.461701
FIRE:   68 14:07:58     -860.808956        0.628499
FIRE:   69 14:07:58     -860.890898        1.084524
FIRE:   70 14:07:58     -860.958634        1.540909
FIRE:   71 14:07:58     -860.997587        0.253308
FIRE:   72 14:07:58     -860.977888        1.768152
FIRE:   73 14:07:58     -860.997157        1.149895
FIRE:   74 14:07:59     -861.013511        0.256604
FIRE:   75 14:07:59     -861.013741        0.612164
FIRE:   76 14:07:59     -861.014709        0.571453
FIRE:   77 14:07:59     -861.016458        0.491979
FIRE:   78 14:07:59     -861.018719        0.378342
FIRE:   79 14:07:59     -861.021142        0.258944
FIRE:   80 14:07:59     -861.023445        0.259199
FIRE:   81 14:07:59     -861.025527        0.259543
FIRE:   82 14:07:59     -861.027516        0.259979
FIRE:   83 14:08:00     -861.029955        0.309839
FIRE:   84 14:08:00     -861.033316        0.357105
FIRE:   85 14:08:00     -861.038059        0.330177
FIRE:   86 14:08:00     -861.044268        0.263543
FIRE:   87 14:08:00     -861.051564        0.265020
FIRE:   88 14:08:00     -861.059685        0.266737
FIRE:   89 14:08:00     -861.069334        0.268609
FIRE:   90 14:08:00     -861.081839        0.270500
FIRE:   91 14:08:00     -861.097387        0.272278
FIRE:   92 14:08:01     -861.115244        0.273812
FIRE:   93 14:08:01     -861.137030        0.274861
FIRE:   94 14:08:01     -861.164161        0.274831
FIRE:   95 14:08:01     -861.195770        0.272412
FIRE:   96 14:08:01     -861.234895        0.265506
FIRE:   97 14:08:01     -861.280489        0.251682
FIRE:   98 14:08:01     -861.335257        0.228993
FIRE:   99 14:08:01     -861.397883        0.196900
FIRE:  100 14:08:01     -861.467180        0.352507
FIRE:  101 14:08:02     -861.538583        0.656498
FIRE:  102 14:08:02     -861.601510        1.207045
FIRE:  103 14:08:02     -861.634711        1.803533
FIRE:  104 14:08:02     -861.683976        0.304561
FIRE:  105 14:08:02     -861.654642        1.925569
FIRE:  106 14:08:02     -861.674165        1.335900
FIRE:  107 14:08:02     -861.692637        0.425231
FIRE:  108 14:08:02     -861.694445        0.469803
FIRE:  109 14:08:02     -861.694944        0.442673
FIRE:  110 14:08:03     -861.695875        0.389707
FIRE:  111 14:08:03     -861.697086        0.313697
FIRE:  112 14:08:03     -861.698449        0.219137
FIRE:  113 14:08:03     -861.699808        0.192020
FIRE:  114 14:08:03     -861.701072        0.190188
FIRE:  115 14:08:03     -861.702282        0.188088
FIRE:  116 14:08:03     -861.703659        0.185526
FIRE:  117 14:08:03     -861.705417        0.240458
FIRE:  118 14:08:04     -861.707846        0.252873
FIRE:  119 14:08:04     -861.711088        0.208780
FIRE:  120 14:08:04     -861.715110        0.170830
FIRE:  121 14:08:04     -861.719657        0.166203
FIRE:  122 14:08:04     -861.724750        0.161378
FIRE:  123 14:08:04     -861.730938        0.204106
FIRE:  124 14:08:04     -861.738769        0.152152
FIRE:  125 14:08:04     -861.747988        0.148235
FIRE:  126 14:08:04     -861.758402        0.163952
FIRE:  127 14:08:05     -861.771175        0.142412
FIRE:  128 14:08:05     -861.786255        0.139968
FIRE:  129 14:08:05     -861.803773        0.156205
FIRE:  130 14:08:05     -861.824908        0.130841
FIRE:  131 14:08:05     -861.849431        0.143393
FIRE:  132 14:08:05     -861.878261        0.156763
FIRE:  133 14:08:05     -861.911991        0.100107
FIRE:  134 14:08:05     -861.950735        0.100749
FIRE:  135 14:08:06     -861.994683        0.169548
FIRE:  136 14:08:06     -862.040265        0.628968
FIRE:  137 14:08:06     -862.057094        1.687586
FIRE:  138 14:08:06     -862.099436        0.204077
FIRE:  139 14:08:06     -862.068270        1.885432
FIRE:  140 14:08:06     -862.087031        1.295424
FIRE:  141 14:08:06     -862.103957        0.389099
FIRE:  142 14:08:06     -862.103871        0.496161
FIRE:  143 14:08:07     -862.104377        0.466052
FIRE:  144 14:08:07     -862.105261        0.407314
FIRE:  145 14:08:07     -862.106400        0.322893
FIRE:  146 14:08:07     -862.107583        0.217610
FIRE:  147 14:08:07     -862.108641        0.109627
FIRE:  148 14:08:07     -862.109499        0.109790
FIRE:  149 14:08:07     -862.110161        0.132425
FIRE:  150 14:08:07     -862.110861        0.224353
FIRE:  151 14:08:08     -862.111849        0.281743
FIRE:  152 14:08:08     -862.113385        0.289164
FIRE:  153 14:08:08     -862.115607        0.235778
FIRE:  154 14:08:08     -862.118368        0.122211
FIRE:  155 14:08:08     -862.121345        0.111468
FIRE:  156 14:08:08     -862.124537        0.161922
FIRE:  157 14:08:08     -862.128550        0.212592
FIRE:  158 14:08:08     -862.133983        0.143143
FIRE:  159 14:08:08     -862.140427        0.114264
FIRE:  160 14:08:09     -862.147631        0.187761
FIRE:  161 14:08:09     -862.156896        0.152408
FIRE:  162 14:08:09     -862.168119        0.117407
FIRE:  163 14:08:09     -862.181299        0.166901
FIRE:  164 14:08:09     -862.197885        0.119203
FIRE:  165 14:08:09     -862.217430        0.170774
FIRE:  166 14:08:09     -862.241372        0.145080
FIRE:  167 14:08:09     -862.270301        0.118642
FIRE:  168 14:08:09     -862.304535        0.122531
FIRE:  169 14:08:10     -862.343518        0.337632
FIRE:  170 14:08:10     -862.379619        0.963760
FIRE:  171 14:08:10     -862.362975        2.192518
FIRE:  172 14:08:10     -862.436869        0.320265
FIRE:  173 14:08:10     -862.372188        2.692726
FIRE:  174 14:08:10     -862.410626        1.755982
FIRE:  175 14:08:10     -862.441099        0.403479
FIRE:  176 14:08:10     -862.435213        0.818064
FIRE:  177 14:08:10     -862.436360        0.769746
FIRE:  178 14:08:11     -862.438410        0.674965
FIRE:  179 14:08:11     -862.440928        0.537339
FIRE:  180 14:08:11     -862.443368        0.363154
FIRE:  181 14:08:11     -862.445227        0.165249
FIRE:  182 14:08:11     -862.446195        0.101302
FIRE:  183 14:08:11     -862.446371        0.237531
FIRE:  184 14:08:11     -862.446425        0.233587
FIRE:  185 14:08:11     -862.446497        0.225769
FIRE:  186 14:08:11     -862.446624        0.214295
FIRE:  187 14:08:12     -862.446782        0.199365
FIRE:  188 14:08:12     -862.446963        0.181309
FIRE:  189 14:08:12     -862.447180        0.160538
FIRE:  190 14:08:12     -862.447405        0.137608
FIRE:  191 14:08:12     -862.447677        0.110353
FIRE:  192 14:08:12     -862.447994        0.101747
FIRE:  193 14:08:12     -862.448363        0.101773
FIRE:  194 14:08:12     -862.448789        0.101818
FIRE:  195 14:08:12     -862.449271        0.101886
FIRE:  196 14:08:13     -862.449858        0.101984
FIRE:  197 14:08:13     -862.450582        0.102125
FIRE:  198 14:08:13     -862.451490        0.102320
FIRE:  199 14:08:13     -862.452636        0.102584
FIRE:  200 14:08:13     -862.454071        0.102927
FIRE:  201 14:08:13     -862.455812        0.103360
FIRE:  202 14:08:13     -862.457877        0.103891
FIRE:  203 14:08:13     -862.460332        0.104512
FIRE:  204 14:08:13     -862.463315        0.105211
FIRE:  205 14:08:14     -862.467014        0.105986
FIRE:  206 14:08:14     -862.471489        0.106859
FIRE:  207 14:08:14     -862.476804        0.107898
FIRE:  208 14:08:14     -862.483282        0.109178
FIRE:  209 14:08:14     -862.491162        0.110712
FIRE:  210 14:08:14     -862.500571        0.112386
FIRE:  211 14:08:14     -862.512057        0.113968
FIRE:  212 14:08:15     -862.525859        0.115352
FIRE:  213 14:08:15     -862.542623        0.116449
FIRE:  214 14:08:15     -862.562783        0.116421
FIRE:  215 14:08:15     -862.587064        0.113653
FIRE:  216 14:08:15     -862.616080        0.106900
FIRE:  217 14:08:15     -862.650167        0.177463
FIRE:  218 14:08:15     -862.687288        0.522039
FIRE:  219 14:08:15     -862.707179        1.407013
FIRE:  220 14:08:16     -862.735934        0.161730
FIRE:  221 14:08:16     -862.714833        1.531202
FIRE:  222 14:08:16     -862.727545        1.060179
FIRE:  223 14:08:16     -862.739247        0.322666
FIRE:  224 14:08:16     -862.739397        0.413966
FIRE:  225 14:08:16     -862.739748        0.388377
FIRE:  226 14:08:16     -862.740388        0.338609
FIRE:  227 14:08:16     -862.741199        0.267248
FIRE:  228 14:08:17     -862.742041        0.178814
FIRE:  229 14:08:17     -862.742814        0.167732
FIRE:  230 14:08:17     -862.743453        0.168294
FIRE:  231 14:08:17     -862.743986        0.168944
FIRE:  232 14:08:17     -862.744569        0.184246
FIRE:  233 14:08:17     -862.745390        0.229186
FIRE:  234 14:08:17     -862.746627        0.232252
FIRE:  235 14:08:17     -862.748387        0.185022
FIRE:  236 14:08:18     -862.750554        0.174658
FIRE:  237 14:08:18     -862.752944        0.176581
FIRE:  238 14:08:18     -862.755608        0.178991
FIRE:  239 14:08:18     -862.759014        0.181984
FIRE:  240 14:08:18     -862.763579        0.185657
FIRE:  241 14:08:18     -862.769044        0.190135
FIRE:  242 14:08:18     -862.775406        0.195475
FIRE:  243 14:08:18     -862.783679        0.201572
FIRE:  244 14:08:18     -862.793847        0.208452
FIRE:  245 14:08:18     -862.806243        0.216117
FIRE:  246 14:08:19     -862.822041        0.223992
FIRE:  247 14:08:19     -862.841370        0.230496
FIRE:  248 14:08:19     -862.865427        0.232574
FIRE:  249 14:08:19     -862.895048        0.225468
FIRE:  250 14:08:19     -862.930091        0.199604
FIRE:  251 14:08:19     -862.968979        0.208668
FIRE:  252 14:08:19     -863.003507        0.719824
FIRE:  253 14:08:19     -862.992436        1.898270
FIRE:  254 14:08:19     -863.047315        0.207102
FIRE:  255 14:08:20     -863.002000        2.254229
FIRE:  256 14:08:20     -863.029743        1.486410
FIRE:  257 14:08:20     -863.052381        0.351387
FIRE:  258 14:08:20     -863.048777        0.699342
FIRE:  259 14:08:20     -863.049647        0.656837
FIRE:  260 14:08:20     -863.051218        0.573474
FIRE:  261 14:08:20     -863.053122        0.453094
FIRE:  262 14:08:20     -863.054979        0.301773
FIRE:  263 14:08:20     -863.056427        0.132252
FIRE:  264 14:08:21     -863.057250        0.128220
FIRE:  265 14:08:21     -863.057543        0.206516
FIRE:  266 14:08:21     -863.057590        0.203044
FIRE:  267 14:08:21     -863.057656        0.196086
FIRE:  268 14:08:21     -863.057769        0.185822
FIRE:  269 14:08:21     -863.057913        0.172520
FIRE:  270 14:08:21     -863.058074        0.156396
FIRE:  271 14:08:21     -863.058267        0.137922
FIRE:  272 14:08:21     -863.058482        0.120126
FIRE:  273 14:08:22     -863.058736        0.119074
FIRE:  274 14:08:22     -863.059027        0.117750
FIRE:  275 14:08:22     -863.059368        0.116089
FIRE:  276 14:08:22     -863.059763        0.114018
FIRE:  277 14:08:22     -863.060235        0.111477
FIRE:  278 14:08:22     -863.060790        0.108384
FIRE:  279 14:08:22     -863.061462        0.104664
FIRE:  280 14:08:22     -863.062317        0.100258
FIRE:  281 14:08:22     -863.063360        0.095087
FIRE:  282 14:08:23     -863.064664        0.089086
FIRE:  283 14:08:23     -863.066196        0.082206
FIRE:  284 14:08:23     -863.067995        0.074443
FIRE:  285 14:08:23     -863.070092        0.065870
FIRE:  286 14:08:23     -863.072604        0.072709
FIRE:  287 14:08:23     -863.075628        0.065488
FIRE:  288 14:08:23     -863.079199        0.066444
FIRE:  289 14:08:23     -863.083354        0.067635
FIRE:  290 14:08:23     -863.088347        0.072315
FIRE:  291 14:08:24     -863.094291        0.079540
FIRE:  292 14:08:24     -863.101315        0.085193
FIRE:  293 14:08:24     -863.109799        0.088238
FIRE:  294 14:08:24     -863.119874        0.087877
FIRE:  295 14:08:24     -863.132020        0.084996
FIRE:  296 14:08:24     -863.146498        0.091339
FIRE:  297 14:08:24     -863.163856        0.099632
FIRE:  298 14:08:24     -863.184626        0.122866
FIRE:  299 14:08:24     -863.209252        0.231063
FIRE:  300 14:08:25     -863.235995        0.599347
FIRE:  301 14:08:25     -863.245144        1.484291
FIRE:  302 14:08:25     -863.277119        0.154187
FIRE:  303 14:08:25     -863.251782        1.650340
FIRE:  304 14:08:25     -863.266691        1.127730
FIRE:  305 14:08:25     -863.279931        0.319367
FIRE:  306 14:08:25     -863.279261        0.475491
FIRE:  307 14:08:25     -863.279696        0.446126
FIRE:  308 14:08:25     -863.280452        0.388930
FIRE:  309 14:08:26     -863.281415        0.306825
FIRE:  310 14:08:26     -863.282383        0.204714
FIRE:  311 14:08:26     -863.283201        0.157083
FIRE:  312 14:08:26     -863.283795        0.157259
FIRE:  313 14:08:26     -863.284197        0.157486
FIRE:  314 14:08:26     -863.284619        0.214336
FIRE:  315 14:08:26     -863.285257        0.263902
FIRE:  316 14:08:26     -863.286366        0.265336
FIRE:  317 14:08:26     -863.288025        0.209561
FIRE:  318 14:08:27     -863.290068        0.160003
FIRE:  319 14:08:27     -863.292209        0.160883
FIRE:  320 14:08:27     -863.294430        0.167646
FIRE:  321 14:08:27     -863.297356        0.208147
FIRE:  322 14:08:27     -863.301452        0.164240
FIRE:  323 14:08:27     -863.306299        0.165513
FIRE:  324 14:08:27     -863.311746        0.174453
FIRE:  325 14:08:27     -863.319014        0.168176
FIRE:  326 14:08:27     -863.327895        0.169205
FIRE:  327 14:08:28     -863.338529        0.169361
FIRE:  328 14:08:28     -863.352226        0.167797
FIRE:  329 14:08:28     -863.368651        0.163475
FIRE:  330 14:08:28     -863.389077        0.154787
FIRE:  331 14:08:28     -863.414187        0.143086
FIRE:  332 14:08:28     -863.444322        0.142553
FIRE:  333 14:08:28     -863.479387        0.285699
FIRE:  334 14:08:28     -863.513595        0.847279
FIRE:  335 14:08:28     -863.501512        2.076901
FIRE:  336 14:08:29     -863.568156        0.224261
FIRE:  337 14:08:29     -863.508604        2.567704
FIRE:  338 14:08:29     -863.544881        1.656486
FIRE:  339 14:08:29     -863.572984        0.344059
FIRE:  340 14:08:29     -863.566641        0.830458
FIRE:  341 14:08:29     -863.567854        0.780497
FIRE:  342 14:08:29     -863.570016        0.682444
FIRE:  343 14:08:29     -863.572652        0.540220
FIRE:  344 14:08:30     -863.575203        0.360371
FIRE:  345 14:08:30     -863.577123        0.153498
FIRE:  346 14:08:30     -863.578087        0.144221
FIRE:  347 14:08:30     -863.578258        0.251508
FIRE:  348 14:08:30     -863.578308        0.247124
FIRE:  349 14:08:30     -863.578406        0.238389
FIRE:  350 14:08:30     -863.578551        0.225619
FIRE:  351 14:08:30     -863.578722        0.208987
FIRE:  352 14:08:31     -863.578942        0.188901
FIRE:  353 14:08:31     -863.579184        0.165813
FIRE:  354 14:08:31     -863.579450        0.144276
FIRE:  355 14:08:31     -863.579759        0.144316
FIRE:  356 14:08:31     -863.580114        0.144364
FIRE:  357 14:08:31     -863.580522        0.144420
FIRE:  358 14:08:31     -863.580995        0.144484
FIRE:  359 14:08:31     -863.581536        0.144555
FIRE:  360 14:08:32     -863.582180        0.144628
FIRE:  361 14:08:32     -863.582979        0.144700
FIRE:  362 14:08:32     -863.583989        0.144768
FIRE:  363 14:08:32     -863.585277        0.144827
FIRE:  364 14:08:32     -863.586863        0.144872
FIRE:  365 14:08:32     -863.588792        0.144902
FIRE:  366 14:08:32     -863.591041        0.144914
FIRE:  367 14:08:32     -863.593725        0.144910
FIRE:  368 14:08:33     -863.596991        0.144886
FIRE:  369 14:08:33     -863.601021        0.144813
FIRE:  370 14:08:33     -863.605837        0.144622
FIRE:  371 14:08:33     -863.611538        0.144171
FIRE:  372 14:08:33     -863.618441        0.143244
FIRE:  373 14:08:33     -863.626757        0.141575
FIRE:  374 14:08:33     -863.636570        0.138813
FIRE:  375 14:08:33     -863.648347        0.134384
FIRE:  376 14:08:33     -863.662132        0.127158
FIRE:  377 14:08:34     -863.678243        0.115406
FIRE:  378 14:08:34     -863.696512        0.096978
FIRE:  379 14:08:34     -863.716446        0.117239
FIRE:  380 14:08:34     -863.736786        0.200432
FIRE:  381 14:08:34     -863.754739        0.407737
FIRE:  382 14:08:34     -863.764252        0.927705
FIRE:  383 14:08:34     -863.774585        0.091609
FIRE:  384 14:08:34     -863.769645        0.715645
FIRE:  385 14:08:34     -863.772267        0.572822
FIRE:  386 14:08:35     -863.775634        0.307343
FIRE:  387 14:08:35     -863.777326        0.077255
FIRE:  388 14:08:35     -863.776740        0.341424
FIRE:  389 14:08:35     -863.776929        0.321741
FIRE:  390 14:08:35     -863.777272        0.283538
FIRE:  391 14:08:35     -863.777708        0.229525
FIRE:  392 14:08:35     -863.778160        0.163390
FIRE:  393 14:08:35     -863.778591        0.090006
FIRE:  394 14:08:35     -863.778933        0.070125
FIRE:  395 14:08:36     -863.779199        0.068779
FIRE:  396 14:08:36     -863.779459        0.112903
FIRE:  397 14:08:36     -863.779776        0.156249
FIRE:  398 14:08:36     -863.780250        0.175110
FIRE:  399 14:08:36     -863.780966        0.162714
FIRE:  400 14:08:36     -863.781913        0.114971
FIRE:  401 14:08:36     -863.782995        0.064798
FIRE:  402 14:08:36     -863.784089        0.065096
FIRE:  403 14:08:36     -863.785304        0.126873
FIRE:  404 14:08:37     -863.786882        0.128868
FIRE:  405 14:08:37     -863.788893        0.066350
FIRE:  406 14:08:37     -863.791048        0.066952
FIRE:  407 14:08:37     -863.793485        0.120582
FIRE:  408 14:08:37     -863.796596        0.068768
FIRE:  409 14:08:37     -863.799987        0.094173
FIRE:  410 14:08:37     -863.804084        0.082745
FIRE:  411 14:08:37     -863.808855        0.092285
FIRE:  412 14:08:37     -863.814583        0.075553
FIRE:  413 14:08:38     -863.821164        0.142047
FIRE:  414 14:08:38     -863.829277        0.110071
FIRE:  415 14:08:38     -863.838921        0.083466
FIRE:  416 14:08:38     -863.850389        0.085474
FIRE:  417 14:08:38     -863.863512        0.235162
FIRE:  418 14:08:38     -863.871346        0.808930
FIRE:  419 14:08:38     -863.880345        0.081468
FIRE:  420 14:08:38     -863.880462        0.081448
FIRE:  421 14:08:39     -863.880681        0.081410
FIRE:  422 14:08:39     -863.881013        0.081354
FIRE:  423 14:08:39     -863.881440        0.081277
FIRE:  424 14:08:39     -863.881979        0.081181
FIRE:  425 14:08:39     -863.882630        0.081060
FIRE:  426 14:08:39     -863.883386        0.080910
FIRE:  427 14:08:39     -863.884320        0.080700
FIRE:  428 14:08:39     -863.885526        0.080399
FIRE:  429 14:08:39     -863.887025        0.079969
FIRE:  430 14:08:40     -863.888891        0.079357
FIRE:  431 14:08:40     -863.891201        0.078481
FIRE:  432 14:08:40     -863.894057        0.077229
FIRE:  433 14:08:40     -863.897577        0.075404
FIRE:  434 14:08:40     -863.901900        0.072731
FIRE:  435 14:08:40     -863.907181        0.068858
FIRE:  436 14:08:40     -863.913629        0.063299
FIRE:  437 14:08:40     -863.921465        0.066181
FIRE:  438 14:08:41     -863.930917        0.071100
FIRE:  439 14:08:41     -863.941968        0.177997
FIRE:  440 14:08:41     -863.951263        0.624030
FIRE:  441 14:08:41     -863.924211        1.783401
FIRE:  442 14:08:41     -863.971703        0.096415
FIRE:  443 14:08:41     -863.971851        0.096518
FIRE:  444 14:08:41     -863.972143        0.096721
FIRE:  445 14:08:41     -863.972542        0.097011
FIRE:  446 14:08:42     -863.973060        0.097377
FIRE:  447 14:08:42     -863.973724        0.097808
FIRE:  448 14:08:42     -863.974521        0.098302
FIRE:  449 14:08:42     -863.975446        0.098869
FIRE:  450 14:08:42     -863.976601        0.099597
FIRE:  451 14:08:42     -863.978059        0.100540
FIRE:  452 14:08:42     -863.979930        0.101746
FIRE:  453 14:08:42     -863.982242        0.103237
FIRE:  454 14:08:43     -863.985122        0.104997
FIRE:  455 14:08:43     -863.988745        0.107028
FIRE:  456 14:08:43     -863.993234        0.109357
FIRE:  457 14:08:43     -863.998873        0.111882
FIRE:  458 14:08:43     -864.005920        0.114159
FIRE:  459 14:08:43     -864.014713        0.115549
FIRE:  460 14:08:43     -864.025603        0.114800
FIRE:  461 14:08:43     -864.038740        0.152558
FIRE:  462 14:08:43     -864.052270        0.439491
FIRE:  463 14:08:44     -864.051174        1.386958
FIRE:  464 14:08:44     -864.071851        0.238245
FIRE:  465 14:08:44     -864.072308        0.175867
FIRE:  466 14:08:44     -864.072896        0.084979
FIRE:  467 14:08:44     -864.073328        0.085290
FIRE:  468 14:08:44     -864.073660        0.147739
FIRE:  469 14:08:44     -864.074235        0.175332
FIRE:  470 14:08:44     -864.075152        0.135535
FIRE:  471 14:08:44     -864.076230        0.086953
FIRE:  472 14:08:45     -864.077340        0.087552
FIRE:  473 14:08:45     -864.078596        0.134537
FIRE:  474 14:08:45     -864.080412        0.108748
FIRE:  475 14:08:45     -864.082703        0.090863
FIRE:  476 14:08:45     -864.085241        0.118926
FIRE:  477 14:08:45     -864.088669        0.094672
FIRE:  478 14:08:45     -864.092715        0.097150
FIRE:  479 14:08:45     -864.097822        0.100342
FIRE:  480 14:08:45     -864.103945        0.128955
FIRE:  481 14:08:46     -864.111788        0.108845
FIRE:  482 14:08:46     -864.121282        0.114166
FIRE:  483 14:08:46     -864.132635        0.205208
FIRE:  484 14:08:46     -864.144830        0.435087
FIRE:  485 14:08:46     -864.151682        1.032508
FIRE:  486 14:08:46     -864.164025        0.126881
FIRE:  487 14:08:46     -864.164164        0.126895
FIRE:  488 14:08:46     -864.164436        0.126921
FIRE:  489 14:08:47     -864.164819        0.126956
FIRE:  490 14:08:47     -864.165323        0.126989
FIRE:  491 14:08:47     -864.165950        0.127014
FIRE:  492 14:08:47     -864.166722        0.127024
FIRE:  493 14:08:47     -864.167595        0.127014
FIRE:  494 14:08:47     -864.168721        0.126975
FIRE:  495 14:08:47     -864.170137        0.126889
FIRE:  496 14:08:47     -864.171906        0.126729
FIRE:  497 14:08:47     -864.174113        0.126432
FIRE:  498 14:08:48     -864.176836        0.125879
FIRE:  499 14:08:48     -864.180203        0.124894
FIRE:  500 14:08:48     -864.184300        0.123218
FIRE:  501 14:08:48     -864.189273        0.120502
FIRE:  502 14:08:48     -864.195225        0.116168
FIRE:  503 14:08:48     -864.202271        0.109367
FIRE:  504 14:08:48     -864.210385        0.099147
FIRE:  505 14:08:48     -864.219440        0.084566
FIRE:  506 14:08:49     -864.228994        0.112710
FIRE:  507 14:08:49     -864.236757        0.417642
FIRE:  508 14:08:49     -864.229359        1.150077
FIRE:  509 14:08:49     -864.247833        0.047401
FIRE:  510 14:08:49     -864.231607        1.250299
FIRE:  511 14:08:49     -864.240251        0.867173
FIRE:  512 14:08:49     -864.248024        0.259548
FIRE:  513 14:08:49     -864.247328        0.362150
FIRE:  514 14:08:49     -864.247561        0.339181
FIRE:  515 14:08:50     -864.247945        0.294449
FIRE:  516 14:08:50     -864.248429        0.230408
FIRE:  517 14:08:50     -864.248871        0.150903
FIRE:  518 14:08:50     -864.249193        0.061190
FIRE:  519 14:08:50     -864.249350        0.036513
FIRE:  520 14:08:50     -864.249347        0.108982
FIRE:  521 14:08:50     -864.249355        0.107180
FIRE:  522 14:08:50     -864.249369        0.103602
FIRE:  523 14:08:50     -864.249393        0.098375
FIRE:  524 14:08:51     -864.249425        0.091545
FIRE:  525 14:08:51     -864.249458        0.083225
FIRE:  526 14:08:51     -864.249501        0.073661
FIRE:  527 14:08:51     -864.249541        0.063039
FIRE:  528 14:08:51     -864.249590        0.050388
FIRE:  529 14:08:51     -864.249640        0.035902
FIRE:  530 14:08:51     -864.249712        0.035826
FIRE:  531 14:08:51     -864.249778        0.035735
FIRE:  532 14:08:51     -864.249856        0.035622
FIRE:  533 14:08:52     -864.249950        0.035483
FIRE:  534 14:08:52     -864.250064        0.042323
FIRE:  535 14:08:52     -864.250197        0.048049
FIRE:  536 14:08:52     -864.250379        0.045914
FIRE:  537 14:08:52     -864.250622        0.034709
FIRE:  538 14:08:52     -864.250892        0.034271
FIRE:  539 14:08:52     -864.251213        0.033878
FIRE:  540 14:08:52     -864.251576        0.033409
FIRE:  541 14:08:52     -864.252024        0.040499
FIRE:  542 14:08:53     -864.252566        0.032204
FIRE:  543 14:08:53     -864.253206        0.031456
FIRE:  544 14:08:53     -864.253952        0.030603
FIRE:  545 14:08:53     -864.254844        0.030214
FIRE:  546 14:08:53     -864.255897        0.032094
FIRE:  547 14:08:53     -864.257112        0.034292
FIRE:  548 14:08:53     -864.258548        0.036432
FIRE:  549 14:08:53     -864.260215        0.038189
FIRE:  550 14:08:53     -864.262187        0.039185
FIRE:  551 14:08:54     -864.264461        0.038927
FIRE:  552 14:08:54     -864.267069        0.046165
FIRE:  553 14:08:54     -864.270044        0.063177
FIRE:  554 14:08:54     -864.273264        0.111666
FIRE:  555 14:08:54     -864.276185        0.267317
FIRE:  556 14:08:54     -864.275394        0.645658
FIRE:  557 14:08:54     -864.280922        0.024944
FIRE:  558 14:08:54     -864.276434        0.643315
FIRE:  559 14:08:55     -864.278715        0.461993
FIRE:  560 14:08:55     -864.280928        0.160887
FIRE:  561 14:08:55     -864.280946        0.167133
FIRE:  562 14:08:55     -864.280995        0.156395
FIRE:  563 14:08:55     -864.281077        0.135492
FIRE:  564 14:08:55     -864.281184        0.105773
FIRE:  565 14:08:55     -864.281291        0.069160
FIRE:  566 14:08:55     -864.281363        0.028380
FIRE:  567 14:08:56     -864.281409        0.025035
FIRE:  568 14:08:56     -864.281419        0.048440
FIRE:  569 14:08:56     -864.281430        0.076639
FIRE:  570 14:08:56     -864.281460        0.093121
FIRE:  571 14:08:56     -864.281535        0.094069
FIRE:  572 14:08:56     -864.281656        0.076707
FIRE:  573 14:08:56     -864.281815        0.040736
FIRE:  574 14:08:56     -864.281970        0.025118
FIRE:  575 14:08:57     -864.282085        0.052664
FIRE:  576 14:08:57     -864.282264        0.071360
FIRE:  577 14:08:57     -864.282518        0.051946
FIRE:  578 14:08:57     -864.282836        0.025327
FIRE:  579 14:08:57     -864.283130        0.056950
FIRE:  580 14:08:57     -864.283555        0.055629
FIRE:  581 14:08:57     -864.284062        0.025639
FIRE:  582 14:08:57     -864.284623        0.056903
FIRE:  583 14:08:58     -864.285365        0.026069
FIRE:  584 14:08:58     -864.286169        0.062716
FIRE:  585 14:08:58     -864.287221        0.026796
FIRE:  586 14:08:58     -864.288422        0.028927
FIRE:  587 14:08:58     -864.289789        0.085009
FIRE:  588 14:08:58     -864.291307        0.140865
FIRE:  589 14:08:58     -864.292645        0.263721
FIRE:  590 14:08:58     -864.293518        0.030669
FIRE:  591 14:08:58     -864.293058        0.214112
FIRE:  592 14:08:59     -864.293300        0.167306
FIRE:  593 14:08:59     -864.293596        0.083099
FIRE:  594 14:08:59     -864.293718        0.030818
FIRE:  595 14:08:59     -864.293713        0.030818
FIRE:  596 14:08:59     -864.293731        0.030822
FIRE:  597 14:08:59     -864.293740        0.030828
FIRE:  598 14:08:59     -864.293753        0.030835
FIRE:  599 14:08:59     -864.293759        0.030844
FIRE:  600 14:08:59     -864.293786        0.030855
FIRE:  601 14:09:00     -864.293815        0.030869
FIRE:  602 14:09:00     -864.293837        0.030890
FIRE:  603 14:09:00     -864.293874        0.030914
FIRE:  604 14:09:00     -864.293919        0.030950
FIRE:  605 14:09:00     -864.293980        0.030997
FIRE:  606 14:09:00     -864.294043        0.031054
FIRE:  607 14:09:00     -864.294138        0.031129
FIRE:  608 14:09:00     -864.294245        0.031223
FIRE:  609 14:09:00     -864.294370        0.031338
FIRE:  610 14:09:01     -864.294536        0.031478
FIRE:  611 14:09:01     -864.294738        0.031650
FIRE:  612 14:09:01     -864.294985        0.031867
FIRE:  613 14:09:01     -864.295280        0.032146
FIRE:  614 14:09:01     -864.295659        0.032508
FIRE:  615 14:09:01     -864.296099        0.032971
FIRE:  616 14:09:01     -864.296649        0.033553
FIRE:  617 14:09:01     -864.297327        0.034304
FIRE:  618 14:09:01     -864.298144        0.035298
FIRE:  619 14:09:02     -864.299141        0.036596
FIRE:  620 14:09:02     -864.300366        0.038295
FIRE:  621 14:09:02     -864.301865        0.040598
FIRE:  622 14:09:02     -864.303688        0.048626
FIRE:  623 14:09:02     -864.305644        0.164382
FIRE:  624 14:09:02     -864.305564        0.490171
FIRE:  625 14:09:02     -864.308716        0.052987
FIRE:  626 14:09:02     -864.308749        0.053024
FIRE:  627 14:09:02     -864.308803        0.053105
FIRE:  628 14:09:03     -864.308861        0.053233
FIRE:  629 14:09:03     -864.308936        0.053413
FIRE:  630 14:09:03     -864.309042        0.053652
FIRE:  631 14:09:03     -864.309167        0.053949
FIRE:  632 14:09:03     -864.309316        0.054300
FIRE:  633 14:09:03     -864.309500        0.054750
FIRE:  634 14:09:03     -864.309734        0.055310
FIRE:  635 14:09:03     -864.310031        0.056002
FIRE:  636 14:09:04     -864.310403        0.056868
FIRE:  637 14:09:04     -864.310876        0.057972
FIRE:  638 14:09:04     -864.311483        0.059384
FIRE:  639 14:09:04     -864.312223        0.061169
FIRE:  640 14:09:04     -864.313191        0.063383
FIRE:  641 14:09:04     -864.314405        0.066195
FIRE:  642 14:09:04     -864.315967        0.069776
FIRE:  643 14:09:04     -864.317991        0.074188
FIRE:  644 14:09:04     -864.320633        0.079793
FIRE:  645 14:09:05     -864.324075        0.086584
FIRE:  646 14:09:05     -864.327931        0.266354
FIRE:  647 14:09:05     -864.325029        0.851816
FIRE:  648 14:09:05     -864.334795        0.131598
FIRE:  649 14:09:05     -864.334968        0.103860
FIRE:  650 14:09:05     -864.335170        0.103982
FIRE:  651 14:09:05     -864.335341        0.104195
FIRE:  652 14:09:05     -864.335540        0.104510
FIRE:  653 14:09:06     -864.335847        0.104930
FIRE:  654 14:09:06     -864.336271        0.105443
FIRE:  655 14:09:06     -864.336738        0.106041
FIRE:  656 14:09:06     -864.337251        0.106785
FIRE:  657 14:09:06     -864.337921        0.107657
FIRE:  658 14:09:06     -864.338847        0.108654
FIRE:  659 14:09:06     -864.339947        0.109825
FIRE:  660 14:09:06     -864.341319        0.111227
FIRE:  661 14:09:07     -864.343122        0.112851
FIRE:  662 14:09:07     -864.345311        0.114575
FIRE:  663 14:09:07     -864.348152        0.116138
FIRE:  664 14:09:07     -864.351678        0.117385
FIRE:  665 14:09:07     -864.356040        0.117748
FIRE:  666 14:09:07     -864.361405        0.115883
FIRE:  667 14:09:07     -864.367601        0.190814
FIRE:  668 14:09:07     -864.373158        0.408202
FIRE:  669 14:09:08     -864.368113        1.162559
FIRE:  670 14:09:08     -864.382600        0.198258
FIRE:  671 14:09:08     -864.382894        0.143851
FIRE:  672 14:09:08     -864.383239        0.081641
FIRE:  673 14:09:08     -864.383397        0.081519
FIRE:  674 14:09:08     -864.383449        0.134328
FIRE:  675 14:09:08     -864.383480        0.125220
FIRE:  676 14:09:08     -864.383556        0.107732
FIRE:  677 14:09:08     -864.383657        0.083250
FIRE:  678 14:09:09     -864.383746        0.080976
FIRE:  679 14:09:09     -864.383832        0.080839
FIRE:  680 14:09:09     -864.383917        0.080679
FIRE:  681 14:09:09     -864.383988        0.080504
FIRE:  682 14:09:09     -864.384085        0.080296
FIRE:  683 14:09:09     -864.384216        0.080063
FIRE:  684 14:09:09     -864.384394        0.079795
FIRE:  685 14:09:09     -864.384640        0.079488
FIRE:  686 14:09:09     -864.384919        0.079120
FIRE:  687 14:09:10     -864.385247        0.078661
FIRE:  688 14:09:10     -864.385611        0.078071
FIRE:  689 14:09:10     -864.386097        0.077312
FIRE:  690 14:09:10     -864.386701        0.076353
FIRE:  691 14:09:10     -864.387390        0.075153
FIRE:  692 14:09:10     -864.388216        0.073706
FIRE:  693 14:09:10     -864.389233        0.071968
FIRE:  694 14:09:10     -864.390392        0.069765
FIRE:  695 14:09:10     -864.391804        0.066882
FIRE:  696 14:09:11     -864.393415        0.063137
FIRE:  697 14:09:11     -864.395299        0.058547
FIRE:  698 14:09:11     -864.397379        0.053008
FIRE:  699 14:09:11     -864.399667        0.075063
FIRE:  700 14:09:11     -864.402098        0.114068
FIRE:  701 14:09:11     -864.404360        0.186099
FIRE:  702 14:09:11     -864.405394        0.412550
FIRE:  703 14:09:11     -864.407411        0.032648
FIRE:  704 14:09:11     -864.406035        0.342504
FIRE:  705 14:09:12     -864.406667        0.264957
FIRE:  706 14:09:12     -864.407393        0.125052
FIRE:  707 14:09:12     -864.407609        0.047535
FIRE:  708 14:09:12     -864.407625        0.044925
FIRE:  709 14:09:12     -864.407635        0.039914
FIRE:  710 14:09:12     -864.407644        0.032808
FIRE:  711 14:09:12     -864.407666        0.032289
FIRE:  712 14:09:12     -864.407684        0.032266
FIRE:  713 14:09:12     -864.407709        0.032236
FIRE:  714 14:09:13     -864.407734        0.032205
FIRE:  715 14:09:13     -864.407752        0.032161
FIRE:  716 14:09:13     -864.407784        0.032111
FIRE:  717 14:09:13     -864.407833        0.032049
FIRE:  718 14:09:13     -864.407897        0.031974
FIRE:  719 14:09:13     -864.407969        0.031883
FIRE:  720 14:09:13     -864.408050        0.031771
FIRE:  721 14:09:13     -864.408157        0.031635
FIRE:  722 14:09:13     -864.408275        0.031468
FIRE:  723 14:09:14     -864.408439        0.031268
FIRE:  724 14:09:14     -864.408618        0.031029
FIRE:  725 14:09:14     -864.408848        0.030746
FIRE:  726 14:09:14     -864.409126        0.030419
FIRE:  727 14:09:14     -864.409466        0.030041
FIRE:  728 14:09:14     -864.409851        0.029610
FIRE:  729 14:09:14     -864.410326        0.029127
FIRE:  730 14:09:14     -864.410882        0.028605
FIRE:  731 14:09:14     -864.411557        0.028069
FIRE:  732 14:09:15     -864.412352        0.027541
FIRE:  733 14:09:15     -864.413278        0.027070
FIRE:  734 14:09:15     -864.414345        0.039409
FIRE:  735 14:09:15     -864.415465        0.101843
FIRE:  736 14:09:15     -864.416052        0.278025
FIRE:  737 14:09:15     -864.416992        0.026717
FIRE:  738 14:09:15     -864.416361        0.237252
FIRE:  739 14:09:15     -864.416659        0.181041
FIRE:  740 14:09:15     -864.417020        0.080700
FIRE:  741 14:09:16     -864.417109        0.040665
FIRE:  742 14:09:16     -864.417114        0.038296
FIRE:  743 14:09:16     -864.417117        0.033687
FIRE:  744 14:09:16     -864.417132        0.027228
FIRE:  745 14:09:16     -864.417143        0.026733
FIRE:  746 14:09:16     -864.417154        0.026732
FIRE:  747 14:09:16     -864.417167        0.026733
FIRE:  748 14:09:16     -864.417176        0.026733
FIRE:  749 14:09:16     -864.417195        0.026735
FIRE:  750 14:09:17     -864.417217        0.026736
FIRE:  751 14:09:17     -864.417233        0.026739
FIRE:  752 14:09:17     -864.417271        0.026746
FIRE:  753 14:09:17     -864.417323        0.026751
FIRE:  754 14:09:17     -864.417371        0.026759
FIRE:  755 14:09:17     -864.417436        0.026772
FIRE:  756 14:09:17     -864.417514        0.026784
FIRE:  757 14:09:17     -864.417608        0.026800
FIRE:  758 14:09:17     -864.417724        0.026821
FIRE:  759 14:09:18     -864.417871        0.026848
FIRE:  760 14:09:18     -864.418047        0.026888
FIRE:  761 14:09:18     -864.418264        0.026941
FIRE:  762 14:09:18     -864.418520        0.027015
FIRE:  763 14:09:18     -864.418847        0.027110
FIRE:  764 14:09:18     -864.419226        0.027242
FIRE:  765 14:09:18     -864.419693        0.027430
FIRE:  766 14:09:18     -864.420260        0.027683
FIRE:  767 14:09:19     -864.420957        0.028043
FIRE:  768 14:09:19     -864.421792        0.028547
FIRE:  769 14:09:19     -864.422741        0.073827
FIRE:  770 14:09:19     -864.423399        0.225698
FIRE:  771 14:09:19     -864.424033        0.030140
FIRE:  772 14:09:19     -864.423633        0.195808
FIRE:  773 14:09:19     -864.423850        0.147576
FIRE:  774 14:09:19     -864.424095        0.062016
FIRE:  775 14:09:19     -864.424151        0.039661
FIRE:  776 14:09:20     -864.424153        0.037204
FIRE:  777 14:09:20     -864.424160        0.032562
FIRE:  778 14:09:20     -864.424169        0.030237
FIRE:  779 14:09:20     -864.424180        0.030242
FIRE:  780 14:09:20     -864.424196        0.030248
FIRE:  781 14:09:20     -864.424208        0.030254
FIRE:  782 14:09:20     -864.424233        0.030264
FIRE:  783 14:09:20     -864.424242        0.030276
FIRE:  784 14:09:21     -864.424266        0.030290
FIRE:  785 14:09:21     -864.424288        0.030311
FIRE:  786 14:09:21     -864.424328        0.030334
FIRE:  787 14:09:21     -864.424367        0.030366
FIRE:  788 14:09:21     -864.424427        0.030404
FIRE:  789 14:09:21     -864.424492        0.030452
FIRE:  790 14:09:21     -864.424577        0.030510
FIRE:  791 14:09:21     -864.424682        0.030582
FIRE:  792 14:09:22     -864.424806        0.030670
FIRE:  793 14:09:22     -864.424971        0.030780
FIRE:  794 14:09:22     -864.425155        0.030918
FIRE:  795 14:09:22     -864.425391        0.031093
FIRE:  796 14:09:22     -864.425678        0.031309
FIRE:  797 14:09:22     -864.426026        0.031575
FIRE:  798 14:09:22     -864.426453        0.031912
FIRE:  799 14:09:22     -864.426988        0.032332
FIRE:  800 14:09:23     -864.427655        0.032852
FIRE:  801 14:09:23     -864.428476        0.033497
FIRE:  802 14:09:23     -864.429491        0.034283
FIRE:  803 14:09:23     -864.430757        0.035215
FIRE:  804 14:09:23     -864.432240        0.097339
FIRE:  805 14:09:23     -864.432333        0.387671
FIRE:  806 14:09:23     -864.434223        0.090556
FIRE:  807 14:09:23     -864.434295        0.062148
FIRE:  808 14:09:24     -864.434360        0.037281
FIRE:  809 14:09:24     -864.434394        0.037303
FIRE:  810 14:09:24     -864.434425        0.061664
FIRE:  811 14:09:24     -864.434498        0.062221
FIRE:  812 14:09:24     -864.434603        0.037419
FIRE:  813 14:09:24     -864.434714        0.037470
FIRE:  814 14:09:24     -864.434823        0.041632
FIRE:  815 14:09:24     -864.434965        0.052135
FIRE:  816 14:09:24     -864.435170        0.037700
FIRE:  817 14:09:25     -864.435408        0.037807
FIRE:  818 14:09:25     -864.435689        0.042361
FIRE:  819 14:09:25     -864.436079        0.038065
FIRE:  820 14:09:25     -864.436507        0.044904
FIRE:  821 14:09:25     -864.437094        0.038347
FIRE:  822 14:09:25     -864.437784        0.038464
FIRE:  823 14:09:25     -864.438626        0.056077
FIRE:  824 14:09:25     -864.439670        0.061237
FIRE:  825 14:09:25     -864.440909        0.092289
FIRE:  826 14:09:26     -864.442067        0.194913
FIRE:  827 14:09:26     -864.440781        0.556782
FIRE:  828 14:09:26     -864.444329        0.095415
FIRE:  829 14:09:26     -864.444402        0.068185
FIRE:  830 14:09:26     -864.444478        0.036068
FIRE:  831 14:09:26     -864.444519        0.036049
FIRE:  832 14:09:26     -864.444545        0.065009
FIRE:  833 14:09:26     -864.444611        0.072894
FIRE:  834 14:09:26     -864.444728        0.053701
FIRE:  835 14:09:27     -864.444866        0.035907
FIRE:  836 14:09:27     -864.444983        0.035846
FIRE:  837 14:09:27     -864.445116        0.054543
FIRE:  838 14:09:27     -864.445327        0.039007
FIRE:  839 14:09:27     -864.445596        0.035529
FIRE:  840 14:09:27     -864.445881        0.051011
FIRE:  841 14:09:27     -864.446284        0.035093
FIRE:  842 14:09:27     -864.446733        0.042121
FIRE:  843 14:09:27     -864.447318        0.034293
FIRE:  844 14:09:28     -864.448000        0.058498
FIRE:  845 14:09:28     -864.448888        0.032794
FIRE:  846 14:09:28     -864.449939        0.031597
FIRE:  847 14:09:28     -864.451179        0.072472
FIRE:  848 14:09:28     -864.452438        0.168389
FIRE:  849 14:09:28     -864.452511        0.424453
FIRE:  850 14:09:28     -864.454668        0.031045
FIRE:  851 14:09:28     -864.454682        0.031069
FIRE:  852 14:09:29     -864.454715        0.031116
FIRE:  853 14:09:29     -864.454754        0.031172
FIRE:  854 14:09:29     -864.454810        0.031234
FIRE:  855 14:09:29     -864.454884        0.031292
FIRE:  856 14:09:29     -864.454966        0.031344
FIRE:  857 14:09:29     -864.455056        0.031400
FIRE:  858 14:09:29     -864.455188        0.031471
FIRE:  859 14:09:29     -864.455348        0.031584
FIRE:  860 14:09:29     -864.455543        0.031760
FIRE:  861 14:09:30     -864.455797        0.032006
FIRE:  862 14:09:30     -864.456098        0.032307
FIRE:  863 14:09:30     -864.456495        0.032639
FIRE:  864 14:09:30     -864.456979        0.033052
FIRE:  865 14:09:30     -864.457581        0.033661
FIRE:  866 14:09:30     -864.458317        0.034502
FIRE:  867 14:09:30     -864.459256        0.035501
FIRE:  868 14:09:30     -864.460418        0.036899
FIRE:  869 14:09:31     -864.461871        0.038778
FIRE:  870 14:09:31     -864.463687        0.041177
FIRE:  871 14:09:31     -864.465868        0.112763
FIRE:  872 14:09:31     -864.466999        0.379931
FIRE:  873 14:09:31     -864.468945        0.049237
FIRE:  874 14:09:31     -864.468978        0.049245
FIRE:  875 14:09:31     -864.469036        0.049270
FIRE:  876 14:09:31     -864.469104        0.049324
FIRE:  877 14:09:31     -864.469193        0.049433
FIRE:  878 14:09:32     -864.469307        0.049603
FIRE:  879 14:09:32     -864.469452        0.049839
FIRE:  880 14:09:32     -864.469613        0.050129
FIRE:  881 14:09:32     -864.469823        0.050499
FIRE:  882 14:09:32     -864.470092        0.050933
FIRE:  883 14:09:32     -864.470427        0.051432
FIRE:  884 14:09:32     -864.470855        0.052044
FIRE:  885 14:09:32     -864.471390        0.052871
FIRE:  886 14:09:33     -864.472072        0.053998
FIRE:  887 14:09:33     -864.472923        0.055422
FIRE:  888 14:09:33     -864.474011        0.057108
FIRE:  889 14:09:33     -864.475391        0.059297
FIRE:  890 14:09:33     -864.477144        0.062232
FIRE:  891 14:09:33     -864.479400        0.065689
FIRE:  892 14:09:33     -864.482327        0.070353
FIRE:  893 14:09:33     -864.486063        0.084093
FIRE:  894 14:09:34     -864.490027        0.304857
FIRE:  895 14:09:34     -864.485174        0.944123
FIRE:  896 14:09:34     -864.497376        0.140329
FIRE:  897 14:09:34     -864.497553        0.098600
FIRE:  898 14:09:34     -864.497769        0.089618
FIRE:  899 14:09:34     -864.497940        0.089582
FIRE:  900 14:09:34     -864.498110        0.089693
FIRE:  901 14:09:34     -864.498419        0.089989
FIRE:  902 14:09:34     -864.498841        0.090456
FIRE:  903 14:09:34     -864.499303        0.091046
FIRE:  904 14:09:35     -864.499791        0.091736
FIRE:  905 14:09:35     -864.500441        0.092399
FIRE:  906 14:09:35     -864.501340        0.092973
FIRE:  907 14:09:35     -864.502392        0.093569
FIRE:  908 14:09:35     -864.503709        0.094477
FIRE:  909 14:09:35     -864.505433        0.095788
FIRE:  910 14:09:35     -864.507506        0.097059
FIRE:  911 14:09:35     -864.510177        0.097760
FIRE:  912 14:09:35     -864.513504        0.098353
FIRE:  913 14:09:36     -864.517605        0.098505
FIRE:  914 14:09:36     -864.522640        0.108528
FIRE:  915 14:09:36     -864.528506        0.188741
FIRE:  916 14:09:36     -864.533920        0.402890
FIRE:  917 14:09:36     -864.529316        1.143523
FIRE:  918 14:09:36     -864.543452        0.208933
FIRE:  919 14:09:36     -864.543755        0.152809
FIRE:  920 14:09:36     -864.544137        0.073805
FIRE:  921 14:09:36     -864.544323        0.074126
FIRE:  922 14:09:37     -864.544398        0.133141
FIRE:  923 14:09:37     -864.544436        0.123699
FIRE:  924 14:09:37     -864.544519        0.105517
FIRE:  925 14:09:37     -864.544616        0.080021
FIRE:  926 14:09:37     -864.544730        0.074656
FIRE:  927 14:09:37     -864.544834        0.074736
FIRE:  928 14:09:37     -864.544926        0.074841
FIRE:  929 14:09:37     -864.545023        0.074974
FIRE:  930 14:09:37     -864.545138        0.075150
FIRE:  931 14:09:38     -864.545292        0.075381
FIRE:  932 14:09:38     -864.545506        0.075677
FIRE:  933 14:09:38     -864.545789        0.076050
FIRE:  934 14:09:38     -864.546131        0.076522
FIRE:  935 14:09:38     -864.546530        0.077110
FIRE:  936 14:09:38     -864.546990        0.077830
FIRE:  937 14:09:38     -864.547586        0.078696
FIRE:  938 14:09:38     -864.548351        0.079743
FIRE:  939 14:09:38     -864.549240        0.081043
FIRE:  940 14:09:39     -864.550325        0.082692
FIRE:  941 14:09:39     -864.551703        0.084771
FIRE:  942 14:09:39     -864.553327        0.087377
FIRE:  943 14:09:39     -864.555372        0.090543
FIRE:  944 14:09:39     -864.557849        0.094438
FIRE:  945 14:09:39     -864.560933        0.099299
FIRE:  946 14:09:39     -864.564709        0.105232
FIRE:  947 14:09:39     -864.569409        0.112070
FIRE:  948 14:09:39     -864.575250        0.119856
FIRE:  949 14:09:40     -864.582298        0.179635
FIRE:  950 14:09:40     -864.589312        0.448167
FIRE:  951 14:09:40     -864.582233        1.211087
FIRE:  952 14:09:40     -864.602697        0.130778
FIRE:  953 14:09:40     -864.602809        0.130736
FIRE:  954 14:09:40     -864.603004        0.130653
FIRE:  955 14:09:40     -864.603288        0.130531
FIRE:  956 14:09:40     -864.603640        0.130368
FIRE:  957 14:09:40     -864.604081        0.130162
FIRE:  958 14:09:41     -864.604645        0.129905
FIRE:  959 14:09:41     -864.605273        0.129581
FIRE:  960 14:09:41     -864.606072        0.129112
FIRE:  961 14:09:41     -864.607072        0.128423
FIRE:  962 14:09:41     -864.608320        0.127408
FIRE:  963 14:09:41     -864.609865        0.125912
FIRE:  964 14:09:41     -864.611748        0.123716
FIRE:  965 14:09:41     -864.614047        0.120470
FIRE:  966 14:09:41     -864.616783        0.115605
FIRE:  967 14:09:42     -864.620014        0.108338
FIRE:  968 14:09:42     -864.623711        0.097674
FIRE:  969 14:09:42     -864.627774        0.082261
FIRE:  970 14:09:42     -864.631928        0.074321
FIRE:  971 14:09:42     -864.635459        0.188573
FIRE:  972 14:09:42     -864.636538        0.434567
FIRE:  973 14:09:42     -864.638935        0.077309
FIRE:  974 14:09:42     -864.637657        0.359985
FIRE:  975 14:09:42     -864.638281        0.278860
FIRE:  976 14:09:43     -864.639027        0.137160
FIRE:  977 14:09:43     -864.639303        0.034998
FIRE:  978 14:09:43     -864.639313        0.034931
FIRE:  979 14:09:43     -864.639326        0.034791
FIRE:  980 14:09:43     -864.639338        0.034583
FIRE:  981 14:09:43     -864.639364        0.034305
FIRE:  982 14:09:43     -864.639390        0.033960
FIRE:  983 14:09:43     -864.639419        0.033552
FIRE:  984 14:09:44     -864.639449        0.033076
FIRE:  985 14:09:44     -864.639484        0.032486
FIRE:  986 14:09:44     -864.639537        0.031753
FIRE:  987 14:09:44     -864.639594        0.030860
FIRE:  988 14:09:44     -864.639675        0.029775
FIRE:  989 14:09:44     -864.639775        0.028488
FIRE:  990 14:09:44     -864.639894        0.026960
FIRE:  991 14:09:44     -864.640025        0.026871
FIRE:  992 14:09:44     -864.640192        0.026830
FIRE:  993 14:09:45     -864.640389        0.026779
FIRE:  994 14:09:45     -864.640622        0.026715
FIRE:  995 14:09:45     -864.640899        0.026636
FIRE:  996 14:09:45     -864.641218        0.026540
FIRE:  997 14:09:45     -864.641597        0.026421
FIRE:  998 14:09:45     -864.642024        0.026271
FIRE:  999 14:09:45     -864.642501        0.026083
FIRE:  1000 14:09:45     -864.643058        0.025848
FIRE:  1001 14:09:46     -864.643684        0.025557
FIRE:  1002 14:09:46     -864.644395        0.025205
FIRE:  1003 14:09:46     -864.645195        0.024778
FIRE:  1004 14:09:46     -864.646069        0.034065
FIRE:  1005 14:09:46     -864.646921        0.084705
FIRE:  1006 14:09:46     -864.647436        0.202187
FIRE:  1007 14:09:46     -864.647958        0.025719
FIRE:  1008 14:09:46     -864.647653        0.172746
FIRE:  1009 14:09:47     -864.647803        0.133467
FIRE:  1010 14:09:47     -864.647971        0.064525
FIRE:  1011 14:09:47     -864.648041        0.022755
FIRE:  1012 14:09:47     -864.648044        0.022752
FIRE:  1013 14:09:47     -864.648032        0.022747
FIRE:  1014 14:09:47     -864.648048        0.022742
FIRE:  1015 14:09:47     -864.648054        0.022731
FIRE:  1016 14:09:47     -864.648055        0.022720
FIRE:  1017 14:09:47     -864.648066        0.022707
FIRE:  1018 14:09:48     -864.648068        0.022692
FIRE:  1019 14:09:48     -864.648077        0.022673
FIRE:  1020 14:09:48     -864.648099        0.022651
FIRE:  1021 14:09:48     -864.648104        0.022620
FIRE:  1022 14:09:48     -864.648127        0.022588
FIRE:  1023 14:09:48     -864.648157        0.022546
FIRE:  1024 14:09:48     -864.648187        0.022496
FIRE:  1025 14:09:48     -864.648224        0.022435
FIRE:  1026 14:09:49     -864.648261        0.022359
FIRE:  1027 14:09:49     -864.648325        0.022268
FIRE:  1028 14:09:49     -864.648388        0.022158
FIRE:  1029 14:09:49     -864.648469        0.022025
FIRE:  1030 14:09:49     -864.648559        0.021869
FIRE:  1031 14:09:49     -864.648684        0.021685
FIRE:  1032 14:09:49     -864.648820        0.021464
FIRE:  1033 14:09:49     -864.648986        0.021199
FIRE:  1034 14:09:50     -864.649187        0.020881
FIRE:  1035 14:09:50     -864.649418        0.020506
FIRE:  1036 14:09:50     -864.649702        0.020053
FIRE:  1037 14:09:50     -864.650020        0.019512
[prep] P1_Al2O3_E: fmax 0.0195 (target 0.02) · steps 1037 · converged True · 2.0 min
WARNING:root:If 'dataset_list' is provided in the config, the code assumes that each dataset maps to itself. Please use 'dataset_mapping' as 'dataset_list' is deprecated and will be removed in the future.
      Step     Time          Energy          fmax
FIRE:    0 14:10:00     -843.879621        1.848515
FIRE:    1 14:10:00     -844.313602        1.523469
FIRE:    2 14:10:00     -844.984123        1.466714
FIRE:    3 14:10:00     -845.688531        1.389637
FIRE:    4 14:10:00     -846.354811        1.313765
FIRE:    5 14:10:01     -846.931002        1.355721
FIRE:    6 14:10:01     -847.356587        1.161516
FIRE:    7 14:10:01     -847.596565        1.199817
FIRE:    8 14:10:01     -847.714811        1.408804
FIRE:    9 14:10:01     -847.754667        1.328631
FIRE:   10 14:10:01     -847.826338        1.177583
FIRE:   11 14:10:01     -847.916515        0.972112
FIRE:   12 14:10:01     -848.010872        0.732593
FIRE:   13 14:10:01     -848.098482        0.480615
FIRE:   14 14:10:02     -848.174312        0.406764
FIRE:   15 14:10:02     -848.238518        0.369892
FIRE:   16 14:10:02     -848.298613        0.445317
FIRE:   17 14:10:02     -848.354565        0.488139
FIRE:   18 14:10:02     -848.409089        0.476680
FIRE:   19 14:10:02     -848.472192        0.498993
FIRE:   20 14:10:02     -848.557873        0.457649
FIRE:   21 14:10:02     -848.670462        0.382996
FIRE:   22 14:10:02     -848.794689        0.371709
FIRE:   23 14:10:03     -848.909843        0.343825
FIRE:   24 14:10:03     -849.010699        0.375414
FIRE:   25 14:10:03     -849.112165        0.355268
FIRE:   26 14:10:03     -849.230965        0.357856
FIRE:   27 14:10:03     -849.346530        0.293707
FIRE:   28 14:10:03     -849.446881        0.309740
FIRE:   29 14:10:03     -849.540612        0.327481
FIRE:   30 14:10:03     -849.645754        0.338297
FIRE:   31 14:10:03     -849.755832        0.346855
FIRE:   32 14:10:04     -849.866188        0.353944
FIRE:   33 14:10:04     -849.981692        0.347284
FIRE:   34 14:10:04     -850.106637        0.320164
FIRE:   35 14:10:04     -850.226543        0.264826
FIRE:   36 14:10:04     -850.335668        0.265968
FIRE:   37 14:10:04     -850.438903        0.253889
FIRE:   38 14:10:04     -850.537169        0.296329
FIRE:   39 14:10:04     -850.634347        0.300630
FIRE:   40 14:10:04     -850.733335        0.239806
FIRE:   41 14:10:05     -850.833053        0.185020
FIRE:   42 14:10:05     -850.930086        0.190162
FIRE:   43 14:10:05     -851.023528        0.190573
FIRE:   44 14:10:05     -851.115303        0.184813
FIRE:   45 14:10:05     -851.204328        0.186186
FIRE:   46 14:10:05     -851.286049        0.179233
FIRE:   47 14:10:05     -851.358002        0.156957
FIRE:   48 14:10:05     -851.419319        0.114372
FIRE:   49 14:10:05     -851.469145        0.139188
FIRE:   50 14:10:06     -851.508228        0.150478
FIRE:   51 14:10:06     -851.539191        0.145906
FIRE:   52 14:10:06     -851.566078        0.195815
FIRE:   53 14:10:06     -851.594603        0.220145
FIRE:   54 14:10:06     -851.628653        0.220156
FIRE:   55 14:10:06     -851.667196        0.191983
FIRE:   56 14:10:06     -851.708252        0.159181
FIRE:   57 14:10:06     -851.751453        0.138642
FIRE:   58 14:10:06     -851.796919        0.135003
FIRE:   59 14:10:07     -851.843681        0.118448
FIRE:   60 14:10:07     -851.890852        0.107979
FIRE:   61 14:10:07     -851.938355        0.098215
FIRE:   62 14:10:07     -851.985858        0.107491
FIRE:   63 14:10:07     -852.033202        0.118125
FIRE:   64 14:10:07     -852.081549        0.146195
FIRE:   65 14:10:07     -852.132708        0.159855
FIRE:   66 14:10:07     -852.187353        0.165886
FIRE:   67 14:10:07     -852.244426        0.168960
FIRE:   68 14:10:08     -852.300709        0.144832
FIRE:   69 14:10:08     -852.351646        0.105543
FIRE:   70 14:10:08     -852.393424        0.090279
FIRE:   71 14:10:08     -852.424870        0.138122
FIRE:   72 14:10:08     -852.448855        0.180690
FIRE:   73 14:10:08     -852.471136        0.214821
FIRE:   74 14:10:08     -852.496118        0.202105
FIRE:   75 14:10:08     -852.523685        0.151395
FIRE:   76 14:10:08     -852.551409        0.143394
FIRE:   77 14:10:09     -852.578381        0.160348
FIRE:   78 14:10:09     -852.605508        0.159388
FIRE:   79 14:10:09     -852.634264        0.138764
FIRE:   80 14:10:09     -852.665608        0.118034
FIRE:   81 14:10:09     -852.699677        0.129018
FIRE:   82 14:10:09     -852.736567        0.140919
FIRE:   83 14:10:09     -852.776622        0.150627
FIRE:   84 14:10:09     -852.819976        0.155127
FIRE:   85 14:10:10     -852.866040        0.151227
FIRE:   86 14:10:10     -852.913761        0.146348
FIRE:   87 14:10:10     -852.962349        0.149241
FIRE:   88 14:10:10     -853.011175        0.145164
FIRE:   89 14:10:10     -853.059552        0.130089
FIRE:   90 14:10:10     -853.107060        0.153336
FIRE:   91 14:10:10     -853.153993        0.203677
FIRE:   92 14:10:10     -853.200780        0.212747
FIRE:   93 14:10:10     -853.247171        0.178032
FIRE:   94 14:10:11     -853.292822        0.165214
FIRE:   95 14:10:11     -853.337736        0.180239
FIRE:   96 14:10:11     -853.381190        0.164180
FIRE:   97 14:10:11     -853.421364        0.138383
FIRE:   98 14:10:11     -853.456647        0.163410
FIRE:   99 14:10:11     -853.486613        0.170199
FIRE:  100 14:10:11     -853.512215        0.163775
FIRE:  101 14:10:11     -853.535754        0.205246
FIRE:  102 14:10:12     -853.559866        0.208269
FIRE:  103 14:10:12     -853.585769        0.181505
FIRE:  104 14:10:12     -853.612705        0.154708
FIRE:  105 14:10:12     -853.639394        0.116125
FIRE:  106 14:10:12     -853.665290        0.110411
FIRE:  107 14:10:12     -853.690303        0.107588
FIRE:  108 14:10:12     -853.714303        0.095507
FIRE:  109 14:10:12     -853.737185        0.094819
FIRE:  110 14:10:13     -853.759079        0.100677
FIRE:  111 14:10:13     -853.780279        0.098484
FIRE:  112 14:10:13     -853.800814        0.093845
FIRE:  113 14:10:13     -853.820216        0.096932
FIRE:  114 14:10:13     -853.837623        0.111266
FIRE:  115 14:10:13     -853.852609        0.205973
FIRE:  116 14:10:13     -853.866669        0.302229
FIRE:  117 14:10:13     -853.883323        0.358498
FIRE:  118 14:10:14     -853.904964        0.346669
FIRE:  119 14:10:14     -853.930240        0.276687
FIRE:  120 14:10:14     -853.956307        0.187094
FIRE:  121 14:10:14     -853.981780        0.116423
FIRE:  122 14:10:14     -854.005915        0.104644
FIRE:  123 14:10:14     -854.027553        0.118502
FIRE:  124 14:10:14     -854.045965        0.131676
FIRE:  125 14:10:14     -854.061800        0.174128
FIRE:  126 14:10:14     -854.076574        0.185499
FIRE:  127 14:10:15     -854.091412        0.209747
FIRE:  128 14:10:15     -854.106196        0.219060
FIRE:  129 14:10:15     -854.119416        0.200876
FIRE:  130 14:10:15     -854.195593        0.114535
FIRE:  131 14:10:15     -854.241327        0.437282
FIRE:  132 14:10:15     -854.130817        1.931878
FIRE:  133 14:10:15     -854.059212        2.373175
FIRE:  134 14:10:15     -854.248828        1.012660
FIRE:  135 14:10:15     -854.250318        0.966060
FIRE:  136 14:10:16     -854.262074        0.827457
FIRE:  137 14:10:16     -854.279173        0.568718
FIRE:  138 14:10:16     -854.292340        0.225629
FIRE:  139 14:10:16     -854.294791        0.171152
FIRE:  140 14:10:16     -854.294958        0.164895
FIRE:  141 14:10:16     -854.295291        0.152648
FIRE:  142 14:10:16     -854.295746        0.134925
FIRE:  143 14:10:16     -854.296301        0.112497
FIRE:  144 14:10:16     -854.296892        0.086513
FIRE:  145 14:10:17     -854.297512        0.070724
FIRE:  146 14:10:17     -854.298133        0.070300
FIRE:  147 14:10:17     -854.298807        0.069764
FIRE:  148 14:10:17     -854.299564        0.069099
FIRE:  149 14:10:17     -854.300443        0.068291
FIRE:  150 14:10:17     -854.301541        0.077131
FIRE:  151 14:10:17     -854.302946        0.079557
FIRE:  152 14:10:17     -854.304734        0.065960
FIRE:  153 14:10:17     -854.306857        0.065363
FIRE:  154 14:10:18     -854.309243        0.064618
FIRE:  155 14:10:18     -854.311885        0.063745
FIRE:  156 14:10:18     -854.314985        0.064815
FIRE:  157 14:10:18     -854.318702        0.061747
FIRE:  158 14:10:18     -854.322933        0.060584
FIRE:  159 14:10:18     -854.327590        0.059109
FIRE:  160 14:10:18     -854.333094        0.057085
FIRE:  161 14:10:18     -854.339456        0.054345
FIRE:  162 14:10:18     -854.346604        0.050938
FIRE:  163 14:10:19     -854.354989        0.047045
FIRE:  164 14:10:19     -854.364242        0.059814
FIRE:  165 14:10:19     -854.374555        0.049935
FIRE:  166 14:10:19     -854.385545        0.052559
FIRE:  167 14:10:19     -854.396887        0.063299
FIRE:  168 14:10:19     -854.407882        0.136917
FIRE:  169 14:10:19     -854.416915        0.285875
FIRE:  170 14:10:19     -854.417869        0.602303
FIRE:  171 14:10:20     -854.430795        0.063779
FIRE:  172 14:10:20     -854.422125        0.527601
FIRE:  173 14:10:20     -854.426205        0.404837
FIRE:  174 14:10:20     -854.430853        0.188160
FIRE:  175 14:10:20     -854.432190        0.071888
FIRE:  176 14:10:20     -854.432221        0.067634
FIRE:  177 14:10:20     -854.432314        0.063426
FIRE:  178 14:10:20     -854.432415        0.063448
FIRE:  179 14:10:20     -854.432538        0.063475
FIRE:  180 14:10:21     -854.432673        0.063501
FIRE:  181 14:10:21     -854.432815        0.063526
FIRE:  182 14:10:21     -854.432969        0.063544
FIRE:  183 14:10:21     -854.433140        0.063550
FIRE:  184 14:10:21     -854.433359        0.063540
FIRE:  185 14:10:21     -854.433648        0.063504
FIRE:  186 14:10:21     -854.434016        0.063438
FIRE:  187 14:10:21     -854.434480        0.063336
FIRE:  188 14:10:22     -854.435037        0.063203
FIRE:  189 14:10:22     -854.435681        0.063053
FIRE:  190 14:10:22     -854.436451        0.062912
FIRE:  191 14:10:22     -854.437417        0.062797
FIRE:  192 14:10:22     -854.438568        0.062704
FIRE:  193 14:10:22     -854.439914        0.062584
FIRE:  194 14:10:22     -854.441532        0.062362
FIRE:  195 14:10:22     -854.443472        0.062005
FIRE:  196 14:10:23     -854.445755        0.061575
FIRE:  197 14:10:23     -854.448500        0.061122
FIRE:  198 14:10:23     -854.451732        0.060442
FIRE:  199 14:10:23     -854.455571        0.059222
FIRE:  200 14:10:23     -854.460104        0.057482
FIRE:  201 14:10:23     -854.465385        0.054711
FIRE:  202 14:10:23     -854.471391        0.059665
FIRE:  203 14:10:23     -854.477506        0.157189
FIRE:  204 14:10:23     -854.480264        0.400468
FIRE:  205 14:10:24     -854.485626        0.034862
FIRE:  206 14:10:24     -854.481988        0.356520
FIRE:  207 14:10:24     -854.483790        0.270144
FIRE:  208 14:10:24     -854.485785        0.118448
FIRE:  209 14:10:24     -854.486278        0.060945
FIRE:  210 14:10:24     -854.486314        0.057224
FIRE:  211 14:10:25     -854.486353        0.050032
FIRE:  212 14:10:25     -854.486421        0.039853
FIRE:  213 14:10:25     -854.486486        0.034799
FIRE:  214 14:10:25     -854.486563        0.034763
FIRE:  215 14:10:25     -854.486635        0.034728
FIRE:  216 14:10:25     -854.486713        0.034692
FIRE:  217 14:10:25     -854.486801        0.034653
FIRE:  218 14:10:25     -854.486919        0.034618
FIRE:  219 14:10:25     -854.487083        0.034586
FIRE:  220 14:10:26     -854.487293        0.034559
FIRE:  221 14:10:26     -854.487545        0.034538
FIRE:  222 14:10:26     -854.487846        0.034515
FIRE:  223 14:10:26     -854.488205        0.034483
FIRE:  224 14:10:26     -854.488642        0.034430
FIRE:  225 14:10:26     -854.489205        0.034353
FIRE:  226 14:10:26     -854.489884        0.034264
FIRE:  227 14:10:26     -854.490684        0.034208
FIRE:  228 14:10:26     -854.491668        0.034224
FIRE:  229 14:10:27     -854.492859        0.034333
FIRE:  230 14:10:27     -854.494294        0.034520
FIRE:  231 14:10:27     -854.496042        0.034824
FIRE:  232 14:10:27     -854.498130        0.035437
FIRE:  233 14:10:27     -854.500662        0.036471
FIRE:  234 14:10:27     -854.503714        0.037895
FIRE:  235 14:10:27     -854.507399        0.040269
FIRE:  236 14:10:27     -854.511838        0.043668
FIRE:  237 14:10:27     -854.516917        0.103416
FIRE:  238 14:10:28     -854.520645        0.295554
FIRE:  239 14:10:28     -854.523958        0.056445
FIRE:  240 14:10:28     -854.521948        0.268115
FIRE:  241 14:10:28     -854.523096        0.201082
FIRE:  242 14:10:28     -854.524368        0.084077
FIRE:  243 14:10:28     -854.524692        0.057439
FIRE:  244 14:10:28     -854.524714        0.057453
FIRE:  245 14:10:28     -854.524759        0.057478
FIRE:  246 14:10:28     -854.524823        0.057517
FIRE:  247 14:10:29     -854.524904        0.057568
FIRE:  248 14:10:29     -854.524967        0.057638
FIRE:  249 14:10:29     -854.525058        0.057721
FIRE:  250 14:10:29     -854.525157        0.057826
FIRE:  251 14:10:29     -854.525253        0.057959
FIRE:  252 14:10:29     -854.525395        0.058132
FIRE:  253 14:10:29     -854.525578        0.058356
FIRE:  254 14:10:29     -854.525828        0.058637
FIRE:  255 14:10:29     -854.526128        0.058994
FIRE:  256 14:10:29     -854.526485        0.059440
FIRE:  257 14:10:30     -854.526928        0.059998
FIRE:  258 14:10:30     -854.527470        0.060695
FIRE:  259 14:10:30     -854.528169        0.061572
FIRE:  260 14:10:30     -854.529022        0.062687
FIRE:  261 14:10:30     -854.530066        0.064126
FIRE:  262 14:10:30     -854.531394        0.065977
FIRE:  263 14:10:30     -854.533047        0.068350
FIRE:  264 14:10:30     -854.535123        0.071386
FIRE:  265 14:10:30     -854.537759        0.075295
FIRE:  266 14:10:31     -854.541129        0.080378
FIRE:  267 14:10:31     -854.545507        0.086847
FIRE:  268 14:10:31     -854.551260        0.094904
FIRE:  269 14:10:31     -854.558938        0.104877
FIRE:  270 14:10:31     -854.569338        0.116141
FIRE:  271 14:10:31     -854.583350        0.127297
FIRE:  272 14:10:31     -854.599817        0.267331
FIRE:  273 14:10:31     -854.592064        0.943021
FIRE:  274 14:10:32     -854.624568        0.231584
FIRE:  275 14:10:32     -854.625855        0.160374
FIRE:  276 14:10:32     -854.627221        0.115369
FIRE:  277 14:10:32     -854.627698        0.114803
FIRE:  278 14:10:32     -854.627808        0.114763
FIRE:  279 14:10:32     -854.627974        0.114685
FIRE:  280 14:10:32     -854.628209        0.114565
FIRE:  281 14:10:32     -854.628488        0.114403
FIRE:  282 14:10:32     -854.628777        0.114192
FIRE:  283 14:10:33     -854.629098        0.113932
FIRE:  284 14:10:33     -854.629446        0.113619
FIRE:  285 14:10:33     -854.629896        0.113212
FIRE:  286 14:10:33     -854.630482        0.112684
FIRE:  287 14:10:33     -854.631242        0.112000
FIRE:  288 14:10:33     -854.632188        0.111112
FIRE:  289 14:10:33     -854.633334        0.109944
FIRE:  290 14:10:33     -854.634691        0.108392
FIRE:  291 14:10:33     -854.636355        0.106326
FIRE:  292 14:10:34     -854.638430        0.103549
FIRE:  293 14:10:34     -854.640914        0.099778
FIRE:  294 14:10:34     -854.643832        0.094624
FIRE:  295 14:10:34     -854.647351        0.087616
FIRE:  296 14:10:34     -854.651452        0.078126
FIRE:  297 14:10:34     -854.656154        0.065441
FIRE:  298 14:10:34     -854.661519        0.056018
FIRE:  299 14:10:34     -854.667511        0.060994
FIRE:  300 14:10:34     -854.674123        0.067374
FIRE:  301 14:10:35     -854.681688        0.075668
FIRE:  302 14:10:35     -854.690764        0.085357
FIRE:  303 14:10:35     -854.702285        0.096619
FIRE:  304 14:10:35     -854.716344        0.227620
FIRE:  305 14:10:35     -854.724172        0.675516
FIRE:  306 14:10:35     -854.738237        0.106505
FIRE:  307 14:10:35     -854.738518        0.106517
FIRE:  308 14:10:36     -854.739018        0.106527
FIRE:  309 14:10:36     -854.739694        0.106513
FIRE:  310 14:10:36     -854.740548        0.106441
FIRE:  311 14:10:36     -854.741635        0.106282
FIRE:  312 14:10:36     -854.742969        0.106011
FIRE:  313 14:10:36     -854.744510        0.105612
FIRE:  314 14:10:36     -854.746411        0.105001
FIRE:  315 14:10:36     -854.748798        0.104097
FIRE:  316 14:10:36     -854.751800        0.102742
FIRE:  317 14:10:37     -854.755517        0.100637
FIRE:  318 14:10:37     -854.760083        0.097280
FIRE:  319 14:10:37     -854.765745        0.093174
FIRE:  320 14:10:37     -854.772617        0.099139
FIRE:  321 14:10:37     -854.781026        0.106460
FIRE:  322 14:10:37     -854.791180        0.115544
FIRE:  323 14:10:37     -854.803468        0.126471
FIRE:  324 14:10:37     -854.818402        0.138030
FIRE:  325 14:10:38     -854.836704        0.147933
FIRE:  326 14:10:38     -854.858846        0.148509
FIRE:  327 14:10:38     -854.880710        0.310274
FIRE:  328 14:10:38     -854.860814        1.000962
FIRE:  329 14:10:38     -854.907344        0.131822
FIRE:  330 14:10:38     -854.908277        0.092451
FIRE:  331 14:10:38     -854.909398        0.087172
FIRE:  332 14:10:38     -854.910087        0.085692
FIRE:  333 14:10:39     -854.910633        0.091553
FIRE:  334 14:10:39     -854.911681        0.097013
FIRE:  335 14:10:39     -854.913316        0.081003
FIRE:  336 14:10:39     -854.914991        0.080113
FIRE:  337 14:10:39     -854.916487        0.079667
FIRE:  338 14:10:39     -854.918279        0.079744
FIRE:  339 14:10:39     -854.920916        0.080199
FIRE:  340 14:10:39     -854.923674        0.080649
FIRE:  341 14:10:39     -854.926717        0.080685
FIRE:  342 14:10:40     -854.930780        0.079830
FIRE:  343 14:10:40     -854.934903        0.076947
FIRE:  344 14:10:40     -854.940259        0.072127
FIRE:  345 14:10:40     -854.945876        0.073131
FIRE:  346 14:10:40     -854.952505        0.070830
FIRE:  347 14:10:40     -854.960097        0.058464
FIRE:  348 14:10:40     -854.968374        0.083671
FIRE:  349 14:10:40     -854.976316        0.210185
FIRE:  350 14:10:40     -854.974114        0.588674
FIRE:  351 14:10:41     -854.988688        0.058802
FIRE:  352 14:10:41     -854.988805        0.058741
FIRE:  353 14:10:41     -854.988991        0.058630
FIRE:  354 14:10:41     -854.989223        0.058490
FIRE:  355 14:10:41     -854.989504        0.058352
FIRE:  356 14:10:41     -854.989861        0.058246
FIRE:  357 14:10:41     -854.990316        0.058199
FIRE:  358 14:10:41     -854.990845        0.058223
FIRE:  359 14:10:41     -854.991461        0.058343
FIRE:  360 14:10:42     -854.992227        0.058578
FIRE:  361 14:10:42     -854.993210        0.058938
FIRE:  362 14:10:42     -854.994408        0.059431
FIRE:  363 14:10:42     -854.995857        0.060066
FIRE:  364 14:10:42     -854.997673        0.060856
FIRE:  365 14:10:42     -854.999868        0.061775
FIRE:  366 14:10:42     -855.002579        0.062692
FIRE:  367 14:10:42     -855.005861        0.063365
FIRE:  368 14:10:42     -855.009866        0.063773
FIRE:  369 14:10:43     -855.014711        0.063783
FIRE:  370 14:10:43     -855.020483        0.062236
FIRE:  371 14:10:43     -855.026955        0.082597
FIRE:  372 14:10:43     -855.031424        0.254275
FIRE:  373 14:10:43     -855.035029        0.049213
FIRE:  374 14:10:43     -855.032813        0.232454
FIRE:  375 14:10:43     -855.034039        0.173362
FIRE:  376 14:10:43     -855.035409        0.071333
FIRE:  377 14:10:43     -855.035768        0.049223
FIRE:  378 14:10:44     -855.035790        0.049228
FIRE:  379 14:10:44     -855.035827        0.049235
FIRE:  380 14:10:44     -855.035901        0.049246
FIRE:  381 14:10:44     -855.035961        0.049259
FIRE:  382 14:10:44     -855.036040        0.049274
FIRE:  383 14:10:44     -855.036126        0.049289
FIRE:  384 14:10:44     -855.036210        0.049302
FIRE:  385 14:10:44     -855.036312        0.049316
FIRE:  386 14:10:45     -855.036456        0.049326
FIRE:  387 14:10:45     -855.036628        0.049335
FIRE:  388 14:10:45     -855.036860        0.049338
FIRE:  389 14:10:45     -855.037136        0.049333
FIRE:  390 14:10:45     -855.037478        0.049324
FIRE:  391 14:10:45     -855.037888        0.049305
FIRE:  392 14:10:45     -855.038383        0.049276
FIRE:  393 14:10:45     -855.039000        0.049219
FIRE:  394 14:10:45     -855.039756        0.049102
FIRE:  395 14:10:46     -855.040649        0.048868
FIRE:  396 14:10:46     -855.041762        0.048434
FIRE:  397 14:10:46     -855.043081        0.047706
FIRE:  398 14:10:46     -855.044675        0.046571
FIRE:  399 14:10:46     -855.046592        0.044909
FIRE:  400 14:10:46     -855.048877        0.042531
FIRE:  401 14:10:46     -855.051588        0.039235
FIRE:  402 14:10:46     -855.054792        0.034977
FIRE:  403 14:10:47     -855.058550        0.035165
FIRE:  404 14:10:47     -855.062935        0.036488
FIRE:  405 14:10:47     -855.067977        0.049135
FIRE:  406 14:10:47     -855.072689        0.204161
FIRE:  407 14:10:47     -855.064534        0.771666
FIRE:  408 14:10:47     -855.079266        0.219293
FIRE:  409 14:10:47     -855.079944        0.153375
FIRE:  410 14:10:47     -855.080605        0.040159
FIRE:  411 14:10:48     -855.080626        0.083436
FIRE:  412 14:10:48     -855.080664        0.076913
FIRE:  413 14:10:48     -855.080732        0.064418
FIRE:  414 14:10:48     -855.080818        0.047010
FIRE:  415 14:10:48     -855.080906        0.033200
FIRE:  416 14:10:48     -855.080974        0.033087
FIRE:  417 14:10:48     -855.081041        0.032965
FIRE:  418 14:10:48     -855.081105        0.032844
FIRE:  419 14:10:48     -855.081203        0.042610
FIRE:  420 14:10:49     -855.081325        0.045833
FIRE:  421 14:10:49     -855.081503        0.039367
FIRE:  422 14:10:49     -855.081730        0.032395
FIRE:  423 14:10:49     -855.081984        0.032345
FIRE:  424 14:10:49     -855.082277        0.032324
FIRE:  425 14:10:49     -855.082630        0.035668
FIRE:  426 14:10:49     -855.083094        0.032611
FIRE:  427 14:10:49     -855.083657        0.032959
FIRE:  428 14:10:49     -855.084316        0.033339
FIRE:  429 14:10:50     -855.085138        0.033610
FIRE:  430 14:10:50     -855.086138        0.033794
FIRE:  431 14:10:50     -855.087337        0.034187
FIRE:  432 14:10:50     -855.088831        0.034943
FIRE:  433 14:10:50     -855.090590        0.035620
FIRE:  434 14:10:50     -855.092754        0.035890
FIRE:  435 14:10:50     -855.095385        0.036521
FIRE:  436 14:10:50     -855.098538        0.036297
FIRE:  437 14:10:50     -855.102302        0.034852
FIRE:  438 14:10:51     -855.106408        0.104490
FIRE:  439 14:10:51     -855.108276        0.342464
FIRE:  440 14:10:51     -855.111740        0.028563
FIRE:  441 14:10:51     -855.111778        0.028562
FIRE:  442 14:10:51     -855.111860        0.028560
FIRE:  443 14:10:51     -855.111956        0.028558
FIRE:  444 14:10:51     -855.112081        0.028553
FIRE:  445 14:10:51     -855.112239        0.028548
FIRE:  446 14:10:51     -855.112430        0.028541
FIRE:  447 14:10:52     -855.112666        0.028540
FIRE:  448 14:10:52     -855.112947        0.028546
FIRE:  449 14:10:52     -855.113298        0.028571
FIRE:  450 14:10:52     -855.113746        0.028626
FIRE:  451 14:10:52     -855.114298        0.028725
FIRE:  452 14:10:52     -855.114977        0.028878
FIRE:  453 14:10:52     -855.115818        0.029100
FIRE:  454 14:10:52     -855.116832        0.029419
FIRE:  455 14:10:52     -855.118090        0.029880
FIRE:  456 14:10:53     -855.119619        0.030500
FIRE:  457 14:10:53     -855.121471        0.031272
FIRE:  458 14:10:53     -855.123710        0.032252
FIRE:  459 14:10:53     -855.126393        0.033361
FIRE:  460 14:10:53     -855.129570        0.037277
FIRE:  461 14:10:53     -855.132794        0.136754
FIRE:  462 14:10:53     -855.131005        0.480368
FIRE:  463 14:10:53     -855.137494        0.088276
FIRE:  464 14:10:53     -855.137630        0.062942
FIRE:  465 14:10:54     -855.137781        0.035753
FIRE:  466 14:10:54     -855.137871        0.035753
FIRE:  467 14:10:54     -855.137927        0.059569
FIRE:  468 14:10:54     -855.138060        0.065995
FIRE:  469 14:10:54     -855.138290        0.047242
FIRE:  470 14:10:54     -855.138539        0.035653
FIRE:  471 14:10:54     -855.138772        0.035609
FIRE:  472 14:10:54     -855.139063        0.051039
FIRE:  473 14:10:54     -855.139485        0.035537
FIRE:  474 14:10:55     -855.140003        0.035509
FIRE:  475 14:10:55     -855.140568        0.046544
FIRE:  476 14:10:55     -855.141355        0.035358
FIRE:  477 14:10:55     -855.142236        0.042186
FIRE:  478 14:10:55     -855.143406        0.035077
FIRE:  479 14:10:55     -855.144731        0.053364
FIRE:  480 14:10:55     -855.146439        0.034478
FIRE:  481 14:10:55     -855.148498        0.034019
FIRE:  482 14:10:55     -855.150972        0.036185
FIRE:  483 14:10:56     -855.153666        0.115329
FIRE:  484 14:10:56     -855.154597        0.342530
FIRE:  485 14:10:56     -855.157505        0.030944
FIRE:  486 14:10:56     -855.157524        0.030946
FIRE:  487 14:10:56     -855.157578        0.030950
FIRE:  488 14:10:56     -855.157650        0.030954
FIRE:  489 14:10:56     -855.157739        0.030955
FIRE:  490 14:10:57     -855.157858        0.030952
FIRE:  491 14:10:57     -855.158004        0.030942
FIRE:  492 14:10:57     -855.158172        0.030926
FIRE:  493 14:10:57     -855.158382        0.030902
FIRE:  494 14:10:57     -855.158641        0.030871
FIRE:  495 14:10:57     -855.158973        0.030830
FIRE:  496 14:10:57     -855.159380        0.030772
FIRE:  497 14:10:57     -855.159882        0.030678
FIRE:  498 14:10:57     -855.160509        0.030527
FIRE:  499 14:10:58     -855.161277        0.030302
FIRE:  500 14:10:58     -855.162207        0.030004
FIRE:  501 14:10:58     -855.163340        0.029591
FIRE:  502 14:10:58     -855.164710        0.028999
FIRE:  503 14:10:58     -855.166339        0.028245
FIRE:  504 14:10:58     -855.168267        0.027245
FIRE:  505 14:10:58     -855.170506        0.026014
FIRE:  506 14:10:58     -855.172932        0.058072
FIRE:  507 14:10:58     -855.173624        0.243833
FIRE:  508 14:10:59     -855.175815        0.037029
FIRE:  509 14:10:59     -855.175847        0.026421
FIRE:  510 14:10:59     -855.175895        0.022708
FIRE:  511 14:10:59     -855.175937        0.022735
FIRE:  512 14:10:59     -855.175983        0.024716
FIRE:  513 14:10:59     -855.176054        0.027643
FIRE:  514 14:10:59     -855.176144        0.022758
FIRE:  515 14:10:59     -855.176258        0.022738
FIRE:  516 14:10:59     -855.176369        0.022709
FIRE:  517 14:11:00     -855.176522        0.022680
FIRE:  518 14:11:00     -855.176721        0.022652
FIRE:  519 14:11:00     -855.176948        0.022613
FIRE:  520 14:11:00     -855.177242        0.022526
FIRE:  521 14:11:00     -855.177604        0.022356
FIRE:  522 14:11:00     -855.178019        0.022118
FIRE:  523 14:11:00     -855.178550        0.021853
FIRE:  524 14:11:00     -855.179161        0.021492
FIRE:  525 14:11:01     -855.179897        0.020944
FIRE:  526 14:11:01     -855.180769        0.020370
FIRE:  527 14:11:01     -855.181771        0.024935
FIRE:  528 14:11:01     -855.182821        0.067134
FIRE:  529 14:11:01     -855.183192        0.187685
FIRE:  530 14:11:01     -855.184232        0.017631
[prep] P2_Al2S3_E: fmax 0.0176 (target 0.02) · steps 530 · converged True · 1.0 min
WARNING:root:If 'dataset_list' is provided in the config, the code assumes that each dataset maps to itself. Please use 'dataset_mapping' as 'dataset_list' is deprecated and will be removed in the future.
      Step     Time          Energy          fmax
FIRE:    0 14:11:11     -845.709307        5.487669
FIRE:    1 14:11:11     -847.234462        5.855211
FIRE:    2 14:11:12     -849.613561        5.736900
FIRE:    3 14:11:12     -851.618429        3.719599
FIRE:    4 14:11:12     -852.524733        6.491992
FIRE:    5 14:11:12     -852.739412        4.576446
FIRE:    6 14:11:12     -853.021164        2.362921
FIRE:    7 14:11:12     -853.271314        1.914804
FIRE:    8 14:11:12     -853.495511        2.875867
FIRE:    9 14:11:12     -853.726794        3.160955
FIRE:   10 14:11:13     -853.985065        2.869463
FIRE:   11 14:11:13     -854.273741        2.392048
FIRE:   12 14:11:13     -854.588614        1.904972
FIRE:   13 14:11:13     -854.841663        2.368609
FIRE:   14 14:11:13     -855.072678        2.858223
FIRE:   15 14:11:13     -855.368069        1.874915
FIRE:   16 14:11:13     -855.640760        1.880423
FIRE:   17 14:11:13     -855.964256        2.412919
FIRE:   18 14:11:13     -856.317493        1.218058
FIRE:   19 14:11:14     -856.561678        2.068146
FIRE:   20 14:11:14     -856.873681        1.216012
FIRE:   21 14:11:14     -857.095658        1.267680
FIRE:   22 14:11:14     -857.272899        1.495947
FIRE:   23 14:11:14     -857.416817        1.146046
FIRE:   24 14:11:14     -857.458248        0.955147
FIRE:   25 14:11:14     -857.517532        0.633447
FIRE:   26 14:11:14     -857.579176        0.661825
FIRE:   27 14:11:15     -857.640144        0.444089
FIRE:   28 14:11:15     -857.693683        0.335227
FIRE:   29 14:11:15     -857.737671        0.551509
FIRE:   30 14:11:15     -857.782950        0.531175
FIRE:   31 14:11:15     -857.835362        0.527764
FIRE:   32 14:11:15     -857.893025        0.551174
FIRE:   33 14:11:15     -857.961848        0.288220
FIRE:   34 14:11:15     -858.033499        0.500588
FIRE:   35 14:11:15     -858.113864        0.477412
FIRE:   36 14:11:15     -858.202889        0.418380
FIRE:   37 14:11:16     -858.307748        0.638366
FIRE:   38 14:11:16     -858.434656        0.624116
FIRE:   39 14:11:16     -858.564114        0.810424
FIRE:   40 14:11:16     -858.678869        1.134724
FIRE:   41 14:11:16     -858.785884        1.562840
FIRE:   42 14:11:16     -858.875621        1.942679
FIRE:   43 14:11:16     -858.929220        0.432457
FIRE:   44 14:11:16     -858.932982        0.291281
FIRE:   45 14:11:16     -858.938885        0.292225
FIRE:   46 14:11:17     -858.945865        0.293586
FIRE:   47 14:11:17     -858.954560        0.354496
FIRE:   48 14:11:17     -858.965785        0.316630
FIRE:   49 14:11:17     -858.978919        0.299398
FIRE:   50 14:11:17     -858.992884        0.301734
FIRE:   51 14:11:17     -859.009718        0.304512
FIRE:   52 14:11:17     -859.031526        0.307810
FIRE:   53 14:11:17     -859.058610        0.313573
FIRE:   54 14:11:17     -859.091702        0.321216
FIRE:   55 14:11:18     -859.133959        0.330029
FIRE:   56 14:11:18     -859.185558        0.339390
FIRE:   57 14:11:18     -859.250787        0.347534
FIRE:   58 14:11:18     -859.331327        0.351280
FIRE:   59 14:11:18     -859.431860        0.347481
FIRE:   60 14:11:18     -859.554833        0.342232
FIRE:   61 14:11:18     -859.696132        0.319948
FIRE:   62 14:11:18     -859.824525        0.566807
FIRE:   63 14:11:18     -859.933620        1.120648
FIRE:   64 14:11:19     -860.021857        1.545821
FIRE:   65 14:11:19     -860.123822        1.742477
FIRE:   66 14:11:19     -860.151765        0.906456
FIRE:   67 14:11:19     -860.159376        0.603438
FIRE:   68 14:11:19     -860.168079        0.245370
FIRE:   69 14:11:19     -860.173161        0.475634
FIRE:   70 14:11:19     -860.179026        0.749919
FIRE:   71 14:11:19     -860.191071        0.624563
FIRE:   72 14:11:19     -860.206076        0.197964
FIRE:   73 14:11:20     -860.218595        0.288138
FIRE:   74 14:11:20     -860.232031        0.547713
FIRE:   75 14:11:20     -860.252134        0.397841
FIRE:   76 14:11:20     -860.275751        0.201215
FIRE:   77 14:11:20     -860.300452        0.513288
FIRE:   78 14:11:20     -860.335158        0.204224
FIRE:   79 14:11:20     -860.372681        0.468414
FIRE:   80 14:11:20     -860.422836        0.208612
FIRE:   81 14:11:20     -860.478559        0.600546
FIRE:   82 14:11:21     -860.550140        0.440785
FIRE:   83 14:11:21     -860.636024        0.208408
FIRE:   84 14:11:21     -860.737790        0.212731
FIRE:   85 14:11:21     -860.849744        0.309404
FIRE:   86 14:11:21     -860.951575        1.017408
FIRE:   87 14:11:21     -861.023459        1.874444
FIRE:   88 14:11:21     -861.074174        0.224953
FIRE:   89 14:11:21     -861.075811        0.226519
FIRE:   90 14:11:21     -861.078856        0.229183
FIRE:   91 14:11:22     -861.083131        0.232081
FIRE:   92 14:11:22     -861.088748        0.234286
FIRE:   93 14:11:22     -861.095835        0.235204
FIRE:   94 14:11:22     -861.104387        0.234874
FIRE:   95 14:11:22     -861.114207        0.234017
FIRE:   96 14:11:22     -861.126492        0.233763
FIRE:   97 14:11:22     -861.141983        0.235627
FIRE:   98 14:11:22     -861.161404        0.240154
FIRE:   99 14:11:22     -861.185356        0.245454
FIRE:  100 14:11:23     -861.215133        0.248188
FIRE:  101 14:11:23     -861.251836        0.248465
FIRE:  102 14:11:23     -861.296998        0.252284
FIRE:  103 14:11:23     -861.352173        0.259490
FIRE:  104 14:11:23     -861.419090        0.256394
FIRE:  105 14:11:23     -861.498683        0.248174
FIRE:  106 14:11:23     -861.590300        0.228090
FIRE:  107 14:11:23     -861.685811        0.393494
FIRE:  108 14:11:23     -861.759687        0.855189
FIRE:  109 14:11:24     -861.812192        1.609450
FIRE:  110 14:11:24     -861.841498        0.262436
FIRE:  111 14:11:24     -861.842683        0.230356
FIRE:  112 14:11:24     -861.844885        0.224933
FIRE:  113 14:11:24     -861.847875        0.216716
FIRE:  114 14:11:24     -861.851597        0.205795
FIRE:  115 14:11:24     -861.856107        0.192618
FIRE:  116 14:11:24     -861.861405        0.178125
FIRE:  117 14:11:24     -861.867305        0.163678
FIRE:  118 14:11:25     -861.874285        0.149566
FIRE:  119 14:11:25     -861.882560        0.137913
FIRE:  120 14:11:25     -861.892518        0.130109
FIRE:  121 14:11:25     -861.904218        0.126262
FIRE:  122 14:11:25     -861.917930        0.126596
FIRE:  123 14:11:25     -861.934310        0.131854
FIRE:  124 14:11:25     -861.953621        0.138960
FIRE:  125 14:11:25     -861.976847        0.140352
FIRE:  126 14:11:26     -862.004547        0.140440
FIRE:  127 14:11:26     -862.037761        0.146690
FIRE:  128 14:11:26     -862.077165        0.151612
FIRE:  129 14:11:26     -862.123274        0.152235
FIRE:  130 14:11:26     -862.176568        0.142410
FIRE:  131 14:11:26     -862.236196        0.292720
FIRE:  132 14:11:26     -862.279698        1.324668
FIRE:  133 14:11:26     -862.213953        2.863410
FIRE:  134 14:11:26     -862.352296        0.138696
FIRE:  135 14:11:27     -862.353058        0.136066
FIRE:  136 14:11:27     -862.354519        0.130896
FIRE:  137 14:11:27     -862.356625        0.123397
FIRE:  138 14:11:27     -862.359329        0.113880
FIRE:  139 14:11:27     -862.362649        0.109695
FIRE:  140 14:11:27     -862.366536        0.110428
FIRE:  141 14:11:27     -862.370943        0.111287
FIRE:  142 14:11:27     -862.376395        0.112379
FIRE:  143 14:11:28     -862.383099        0.113746
FIRE:  144 14:11:28     -862.391304        0.115438
FIRE:  145 14:11:28     -862.401260        0.117512
FIRE:  146 14:11:28     -862.413387        0.120017
FIRE:  147 14:11:28     -862.428139        0.122950
FIRE:  148 14:11:28     -862.446157        0.126261
FIRE:  149 14:11:28     -862.468106        0.129826
FIRE:  150 14:11:28     -862.494799        0.133220
FIRE:  151 14:11:29     -862.527121        0.135205
FIRE:  152 14:11:29     -862.565759        0.133484
FIRE:  153 14:11:29     -862.610130        0.315631
FIRE:  154 14:11:29     -862.646220        1.211237
FIRE:  155 14:11:29     -862.562700        2.982837
FIRE:  156 14:11:29     -862.710968        0.344052
FIRE:  157 14:11:29     -862.541648        4.547153
FIRE:  158 14:11:29     -862.656248        2.517498
FIRE:  159 14:11:29     -862.717616        0.108367
FIRE:  160 14:11:30     -862.680304        1.662573
FIRE:  161 14:11:30     -862.685178        1.567129
FIRE:  162 14:11:30     -862.693835        1.376669
FIRE:  163 14:11:30     -862.704298        1.093168
FIRE:  164 14:11:30     -862.713985        0.722298
FIRE:  165 14:11:30     -862.720357        0.277302
FIRE:  166 14:11:30     -862.721627        0.211189
FIRE:  167 14:11:30     -862.721658        0.207289
FIRE:  168 14:11:30     -862.721741        0.199504
FIRE:  169 14:11:31     -862.721856        0.188055
FIRE:  170 14:11:31     -862.722013        0.173210
FIRE:  171 14:11:31     -862.722191        0.155320
FIRE:  172 14:11:31     -862.722398        0.134903
FIRE:  173 14:11:31     -862.722625        0.112460
FIRE:  174 14:11:31     -862.722882        0.109175
FIRE:  175 14:11:31     -862.723197        0.109211
FIRE:  176 14:11:31     -862.723566        0.109260
FIRE:  177 14:11:31     -862.723999        0.109322
FIRE:  178 14:11:32     -862.724495        0.109400
FIRE:  179 14:11:32     -862.725124        0.109503
FIRE:  180 14:11:32     -862.725890        0.109631
FIRE:  181 14:11:32     -862.726859        0.109795
FIRE:  182 14:11:32     -862.728073        0.110000
FIRE:  183 14:11:32     -862.729558        0.110260
FIRE:  184 14:11:32     -862.731347        0.110587
FIRE:  185 14:11:32     -862.733449        0.111000
FIRE:  186 14:11:32     -862.736015        0.111520
FIRE:  187 14:11:33     -862.739148        0.112176
FIRE:  188 14:11:33     -862.742978        0.113014
FIRE:  189 14:11:33     -862.747529        0.114104
FIRE:  190 14:11:33     -862.753001        0.115530
FIRE:  191 14:11:33     -862.759644        0.117409
FIRE:  192 14:11:33     -862.767577        0.119871
FIRE:  193 14:11:33     -862.777117        0.123076
FIRE:  194 14:11:33     -862.788573        0.127254
FIRE:  195 14:11:33     -862.802339        0.132768
FIRE:  196 14:11:34     -862.818859        0.140025
FIRE:  197 14:11:34     -862.838791        0.149423
FIRE:  198 14:11:34     -862.862869        0.161444
FIRE:  199 14:11:34     -862.892126        0.176156
FIRE:  200 14:11:34     -862.927699        0.192520
FIRE:  201 14:11:34     -862.967410        0.604283
FIRE:  202 14:11:34     -862.969842        1.911949
FIRE:  203 14:11:34     -863.023918        0.206759
FIRE:  204 14:11:34     -862.975818        2.310438
FIRE:  205 14:11:35     -863.006610        1.446541
FIRE:  206 14:11:35     -863.028671        0.208314
FIRE:  207 14:11:35     -863.020829        0.871766
FIRE:  208 14:11:35     -863.022207        0.815182
FIRE:  209 14:11:35     -863.024637        0.704195
FIRE:  210 14:11:35     -863.027536        0.543606
FIRE:  211 14:11:35     -863.030197        0.341465
FIRE:  212 14:11:36     -863.031997        0.205246
FIRE:  213 14:11:36     -863.032660        0.205110
FIRE:  214 14:11:36     -863.032504        0.318167
FIRE:  215 14:11:36     -863.032564        0.312033
FIRE:  216 14:11:36     -863.032704        0.299898
FIRE:  217 14:11:36     -863.032889        0.282060
FIRE:  218 14:11:36     -863.033123        0.258920
FIRE:  219 14:11:36     -863.033393        0.231028
FIRE:  220 14:11:37     -863.033699        0.204775
FIRE:  221 14:11:37     -863.034003        0.204724
FIRE:  222 14:11:37     -863.034363        0.204661
FIRE:  223 14:11:37     -863.034744        0.204577
FIRE:  224 14:11:37     -863.035153        0.204470
FIRE:  225 14:11:37     -863.035606        0.204335
FIRE:  226 14:11:37     -863.036107        0.204163
FIRE:  227 14:11:37     -863.036708        0.203949
FIRE:  228 14:11:37     -863.037481        0.203683
FIRE:  229 14:11:38     -863.038479        0.203350
FIRE:  230 14:11:38     -863.039768        0.202934
FIRE:  231 14:11:38     -863.041386        0.202407
FIRE:  232 14:11:38     -863.043272        0.201724
FIRE:  233 14:11:38     -863.045452        0.200830
FIRE:  234 14:11:38     -863.048057        0.199642
FIRE:  235 14:11:38     -863.051320        0.198067
FIRE:  236 14:11:38     -863.055363        0.195959
FIRE:  237 14:11:39     -863.060114        0.193103
FIRE:  238 14:11:39     -863.065737        0.189212
FIRE:  239 14:11:39     -863.072664        0.183904
FIRE:  240 14:11:39     -863.080846        0.176577
FIRE:  241 14:11:39     -863.090492        0.166430
FIRE:  242 14:11:39     -863.101935        0.152508
FIRE:  243 14:11:39     -863.115089        0.133620
FIRE:  244 14:11:39     -863.130138        0.108934
FIRE:  245 14:11:40     -863.147113        0.079728
FIRE:  246 14:11:40     -863.165859        0.085180
FIRE:  247 14:11:40     -863.186360        0.154884
FIRE:  248 14:11:40     -863.207207        0.422071
FIRE:  249 14:11:40     -863.219201        1.165870
FIRE:  250 14:11:40     -863.234490        0.101866
FIRE:  251 14:11:40     -863.234696        0.101890
FIRE:  252 14:11:40     -863.235087        0.101935
FIRE:  253 14:11:40     -863.235667        0.102001
FIRE:  254 14:11:40     -863.236430        0.102087
FIRE:  255 14:11:41     -863.237365        0.102191
FIRE:  256 14:11:41     -863.238470        0.102308
FIRE:  257 14:11:41     -863.239745        0.102437
FIRE:  258 14:11:41     -863.241320        0.102588
FIRE:  259 14:11:41     -863.243269        0.102761
FIRE:  260 14:11:41     -863.245656        0.102941
FIRE:  261 14:11:41     -863.248547        0.103106
FIRE:  262 14:11:41     -863.252053        0.103205
FIRE:  263 14:11:41     -863.256260        0.103152
FIRE:  264 14:11:42     -863.261310        0.102784
FIRE:  265 14:11:42     -863.267365        0.101847
FIRE:  266 14:11:42     -863.274611        0.099896
FIRE:  267 14:11:42     -863.283255        0.096256
FIRE:  268 14:11:42     -863.293480        0.089962
FIRE:  269 14:11:42     -863.305359        0.079746
FIRE:  270 14:11:42     -863.318708        0.097021
FIRE:  271 14:11:42     -863.331818        0.366213
FIRE:  272 14:11:42     -863.332233        1.088688
FIRE:  273 14:11:43     -863.348304        0.043626
FIRE:  274 14:11:43     -863.335171        1.151760
FIRE:  275 14:11:43     -863.342284        0.808331
FIRE:  276 14:11:43     -863.348894        0.256808
FIRE:  277 14:11:43     -863.348739        0.315725
FIRE:  278 14:11:43     -863.348914        0.295836
FIRE:  279 14:11:43     -863.349235        0.257143
FIRE:  280 14:11:43     -863.349603        0.201835
FIRE:  281 14:11:43     -863.349987        0.133389
FIRE:  282 14:11:44     -863.350290        0.056704
FIRE:  283 14:11:44     -863.350480        0.040984
FIRE:  284 14:11:44     -863.350585        0.088480
FIRE:  285 14:11:44     -863.350674        0.142923
FIRE:  286 14:11:44     -863.350844        0.174905
FIRE:  287 14:11:44     -863.351178        0.176387
FIRE:  288 14:11:44     -863.351705        0.141775
FIRE:  289 14:11:44     -863.352362        0.071129
FIRE:  290 14:11:44     -863.353011        0.040762
FIRE:  291 14:11:45     -863.353619        0.105221
FIRE:  292 14:11:45     -863.354408        0.136526
FIRE:  293 14:11:45     -863.355562        0.094225
FIRE:  294 14:11:45     -863.356904        0.041985
FIRE:  295 14:11:45     -863.358291        0.111105
FIRE:  296 14:11:45     -863.360127        0.095601
FIRE:  297 14:11:45     -863.362361        0.043810
FIRE:  298 14:11:45     -863.364849        0.107188
FIRE:  299 14:11:45     -863.368070        0.045702
FIRE:  300 14:11:46     -863.371668        0.106734
FIRE:  301 14:11:46     -863.376167        0.072998
FIRE:  302 14:11:46     -863.381505        0.049990
FIRE:  303 14:11:46     -863.387772        0.106232
FIRE:  304 14:11:46     -863.394691        0.247194
FIRE:  305 14:11:46     -863.400691        0.554545
FIRE:  306 14:11:46     -863.404376        0.056201
FIRE:  307 14:11:46     -863.402509        0.443798
FIRE:  308 14:11:46     -863.403513        0.349688
FIRE:  309 14:11:47     -863.404761        0.178182
FIRE:  310 14:11:47     -863.405323        0.056432
FIRE:  311 14:11:47     -863.405069        0.219258
FIRE:  312 14:11:47     -863.405151        0.206655
FIRE:  313 14:11:47     -863.405290        0.182290
FIRE:  314 14:11:47     -863.405466        0.147725
FIRE:  315 14:11:47     -863.405647        0.105252
FIRE:  316 14:11:47     -863.405814        0.057945
FIRE:  317 14:11:47     -863.405947        0.056577
FIRE:  318 14:11:48     -863.406051        0.056600
FIRE:  319 14:11:48     -863.406156        0.072916
FIRE:  320 14:11:48     -863.406282        0.100610
FIRE:  321 14:11:48     -863.406482        0.112175
FIRE:  322 14:11:48     -863.406786        0.103140
FIRE:  323 14:11:48     -863.407188        0.071057
FIRE:  324 14:11:48     -863.407664        0.056975
FIRE:  325 14:11:48     -863.408159        0.057094
FIRE:  326 14:11:48     -863.408726        0.084136
FIRE:  327 14:11:49     -863.409482        0.084002
FIRE:  328 14:11:49     -863.410476        0.057621
FIRE:  329 14:11:49     -863.411596        0.057856
FIRE:  330 14:11:49     -863.412944        0.076804
FIRE:  331 14:11:49     -863.414696        0.058477
FIRE:  332 14:11:49     -863.416747        0.062072
FIRE:  333 14:11:49     -863.419291        0.059318
FIRE:  334 14:11:49     -863.422382        0.061219
FIRE:  335 14:11:49     -863.426206        0.063514
FIRE:  336 14:11:50     -863.430816        0.091707
FIRE:  337 14:11:50     -863.436536        0.079454
FIRE:  338 14:11:50     -863.443564        0.074062
FIRE:  339 14:11:50     -863.452130        0.110237
FIRE:  340 14:11:50     -863.461692        0.328909
FIRE:  341 14:11:50     -863.463553        0.962624
FIRE:  342 14:11:50     -863.476076        0.091063
FIRE:  343 14:11:50     -863.476186        0.091108
FIRE:  344 14:11:51     -863.476396        0.091199
FIRE:  345 14:11:51     -863.476689        0.091338
FIRE:  346 14:11:51     -863.477083        0.091521
FIRE:  347 14:11:51     -863.477570        0.091751
FIRE:  348 14:11:51     -863.478182        0.092017
FIRE:  349 14:11:51     -863.478876        0.092325
FIRE:  350 14:11:51     -863.479762        0.092702
FIRE:  351 14:11:51     -863.480882        0.093155
FIRE:  352 14:11:52     -863.482314        0.093691
FIRE:  353 14:11:52     -863.484088        0.094315
FIRE:  354 14:11:52     -863.486311        0.095035
FIRE:  355 14:11:52     -863.489101        0.095828
FIRE:  356 14:11:52     -863.492569        0.096627
FIRE:  357 14:11:52     -863.496886        0.097268
FIRE:  358 14:11:52     -863.502239        0.097504
FIRE:  359 14:11:52     -863.508851        0.096911
FIRE:  360 14:11:53     -863.516954        0.094591
FIRE:  361 14:11:53     -863.526700        0.089100
FIRE:  362 14:11:53     -863.537572        0.241216
FIRE:  363 14:11:53     -863.543978        0.799292
FIRE:  364 14:11:53     -863.551249        0.062686
FIRE:  365 14:11:53     -863.551345        0.062626
FIRE:  366 14:11:53     -863.551507        0.062529
FIRE:  367 14:11:53     -863.551764        0.062439
FIRE:  368 14:11:53     -863.552066        0.062412
FIRE:  369 14:11:54     -863.552457        0.062490
FIRE:  370 14:11:54     -863.552939        0.062686
FIRE:  371 14:11:54     -863.553492        0.062973
FIRE:  372 14:11:54     -863.554190        0.063335
FIRE:  373 14:11:54     -863.555062        0.063688
FIRE:  374 14:11:54     -863.556158        0.063947
FIRE:  375 14:11:54     -863.557518        0.064115
FIRE:  376 14:11:54     -863.559201        0.064361
FIRE:  377 14:11:55     -863.561281        0.064888
FIRE:  378 14:11:55     -863.563818        0.065570
FIRE:  379 14:11:55     -863.566928        0.065916
FIRE:  380 14:11:55     -863.570693        0.065901
FIRE:  381 14:11:55     -863.575260        0.066048
FIRE:  382 14:11:55     -863.580740        0.065094
FIRE:  383 14:11:55     -863.587278        0.062836
FIRE:  384 14:11:55     -863.594995        0.059562
FIRE:  385 14:11:55     -863.603400        0.239215
FIRE:  386 14:11:56     -863.605710        0.803539
FIRE:  387 14:11:56     -863.614295        0.071627
FIRE:  388 14:11:56     -863.614378        0.071693
FIRE:  389 14:11:56     -863.614514        0.071820
FIRE:  390 14:11:56     -863.614727        0.072004
FIRE:  391 14:11:56     -863.615003        0.072234
FIRE:  392 14:11:56     -863.615350        0.072505
FIRE:  393 14:11:56     -863.615777        0.072814
FIRE:  394 14:11:56     -863.616264        0.073166
FIRE:  395 14:11:57     -863.616886        0.073613
FIRE:  396 14:11:57     -863.617679        0.074191
FIRE:  397 14:11:57     -863.618664        0.074935
FIRE:  398 14:11:57     -863.619903        0.075867
FIRE:  399 14:11:57     -863.621448        0.076995
FIRE:  400 14:11:57     -863.623371        0.078333
FIRE:  401 14:11:57     -863.625750        0.079939
FIRE:  402 14:11:57     -863.628728        0.081857
FIRE:  403 14:11:57     -863.632399        0.083992
FIRE:  404 14:11:58     -863.636968        0.086175
FIRE:  405 14:11:58     -863.642625        0.088228
FIRE:  406 14:11:58     -863.649621        0.089197
FIRE:  407 14:11:58     -863.657985        0.127994
FIRE:  408 14:11:58     -863.665681        0.485683
FIRE:  409 14:11:58     -863.650611        1.448898
FIRE:  410 14:11:58     -863.679677        0.120303
FIRE:  411 14:11:58     -863.679834        0.085855
FIRE:  412 14:11:58     -863.680048        0.067430
FIRE:  413 14:11:59     -863.680300        0.067369
FIRE:  414 14:11:59     -863.680575        0.072681
FIRE:  415 14:11:59     -863.680965        0.074327
FIRE:  416 14:11:59     -863.681487        0.066640
FIRE:  417 14:11:59     -863.682067        0.066202
FIRE:  418 14:11:59     -863.682737        0.065633
FIRE:  419 14:11:59     -863.683608        0.066536
FIRE:  420 14:11:59     -863.684736        0.064114
FIRE:  421 14:11:59     -863.686083        0.063041
FIRE:  422 14:12:00     -863.687762        0.061553
FIRE:  423 14:12:00     -863.689873        0.060869
FIRE:  424 14:12:00     -863.692426        0.062476
FIRE:  425 14:12:00     -863.695603        0.064349
FIRE:  426 14:12:00     -863.699489        0.066638
FIRE:  427 14:12:00     -863.704215        0.072949
FIRE:  428 14:12:00     -863.709920        0.109352
FIRE:  429 14:12:00     -863.716541        0.219418
FIRE:  430 14:12:01     -863.722738        0.456380
FIRE:  431 14:12:01     -863.718436        1.263741
FIRE:  432 14:12:01     -863.734959        0.204146
FIRE:  433 14:12:01     -863.735291        0.148417
FIRE:  434 14:12:01     -863.735713        0.085225
FIRE:  435 14:12:01     -863.735994        0.085724
FIRE:  436 14:12:01     -863.736188        0.137814
FIRE:  437 14:12:01     -863.736544        0.161094
FIRE:  438 14:12:01     -863.737169        0.125387
FIRE:  439 14:12:02     -863.737900        0.087265
FIRE:  440 14:12:02     -863.738622        0.087616
FIRE:  441 14:12:02     -863.739446        0.114023
FIRE:  442 14:12:02     -863.740674        0.091836
FIRE:  443 14:12:02     -863.742238        0.090500
FIRE:  444 14:12:02     -863.743938        0.109818
FIRE:  445 14:12:02     -863.746285        0.093439
FIRE:  446 14:12:02     -863.749059        0.094795
FIRE:  447 14:12:03     -863.752596        0.096736
FIRE:  448 14:12:03     -863.756838        0.116723
FIRE:  449 14:12:03     -863.762297        0.100459
FIRE:  450 14:12:03     -863.768863        0.101087
FIRE:  451 14:12:03     -863.776590        0.192760
FIRE:  452 14:12:03     -863.784544        0.390545
FIRE:  453 14:12:03     -863.787792        0.914794
FIRE:  454 14:12:03     -863.797154        0.082166
FIRE:  455 14:12:03     -863.797235        0.082164
FIRE:  456 14:12:04     -863.797399        0.082153
FIRE:  457 14:12:04     -863.797625        0.082116
FIRE:  458 14:12:04     -863.797920        0.082028
FIRE:  459 14:12:04     -863.798301        0.081873
FIRE:  460 14:12:04     -863.798744        0.081636
FIRE:  461 14:12:04     -863.799270        0.081316
FIRE:  462 14:12:04     -863.799923        0.080875
FIRE:  463 14:12:04     -863.800749        0.080298
FIRE:  464 14:12:05     -863.801785        0.079564
FIRE:  465 14:12:05     -863.803062        0.078597
FIRE:  466 14:12:05     -863.804637        0.077244
FIRE:  467 14:12:05     -863.806566        0.075295
FIRE:  468 14:12:05     -863.808913        0.072586
FIRE:  469 14:12:05     -863.811744        0.069027
FIRE:  470 14:12:05     -863.815117        0.065962
FIRE:  471 14:12:05     -863.819108        0.065332
FIRE:  472 14:12:05     -863.823726        0.063646
FIRE:  473 14:12:06     -863.828944        0.060125
FIRE:  474 14:12:06     -863.834568        0.084625
FIRE:  475 14:12:06     -863.839349        0.294533
FIRE:  476 14:12:06     -863.835322        0.905582
FIRE:  477 14:12:06     -863.845682        0.025920
FIRE:  478 14:12:06     -863.837033        0.905164
FIRE:  479 14:12:06     -863.841543        0.632064
FIRE:  480 14:12:06     -863.845689        0.188850
FIRE:  481 14:12:06     -863.845351        0.278407
FIRE:  482 14:12:07     -863.845464        0.260897
FIRE:  483 14:12:07     -863.845678        0.226862
FIRE:  484 14:12:07     -863.845926        0.178351
FIRE:  485 14:12:07     -863.846151        0.118371
FIRE:  486 14:12:07     -863.846311        0.051204
FIRE:  487 14:12:07     -863.846381        0.032111
FIRE:  488 14:12:07     -863.846367        0.080676
FIRE:  489 14:12:08     -863.846374        0.079484
FIRE:  490 14:12:08     -863.846385        0.077087
FIRE:  491 14:12:08     -863.846397        0.073568
FIRE:  492 14:12:08     -863.846410        0.068993
FIRE:  493 14:12:08     -863.846423        0.063434
FIRE:  494 14:12:08     -863.846441        0.057090
FIRE:  495 14:12:08     -863.846463        0.050075
FIRE:  496 14:12:08     -863.846490        0.041812
FIRE:  497 14:12:09     -863.846522        0.032454
FIRE:  498 14:12:09     -863.846553        0.025842
FIRE:  499 14:12:09     -863.846585        0.025849
FIRE:  500 14:12:09     -863.846628        0.025854
FIRE:  501 14:12:09     -863.846667        0.034216
FIRE:  502 14:12:09     -863.846714        0.042858
FIRE:  503 14:12:09     -863.846789        0.046839
FIRE:  504 14:12:09     -863.846873        0.044671
FIRE:  505 14:12:09     -863.846984        0.035404
FIRE:  506 14:12:10     -863.847117        0.025860
FIRE:  507 14:12:10     -863.847279        0.025853
FIRE:  508 14:12:10     -863.847463        0.030961
FIRE:  509 14:12:10     -863.847675        0.035757
FIRE:  510 14:12:10     -863.847947        0.027480
FIRE:  511 14:12:10     -863.848279        0.025881
FIRE:  512 14:12:10     -863.848653        0.029330
FIRE:  513 14:12:10     -863.849108        0.029224
FIRE:  514 14:12:10     -863.849654        0.025784
FIRE:  515 14:12:11     -863.850277        0.026724
FIRE:  516 14:12:11     -863.851043        0.025426
FIRE:  517 14:12:11     -863.851899        0.028764
FIRE:  518 14:12:11     -863.852931        0.024447
FIRE:  519 14:12:11     -863.854096        0.023619
FIRE:  520 14:12:11     -863.855428        0.039658
FIRE:  521 14:12:11     -863.856926        0.050258
FIRE:  522 14:12:11     -863.858509        0.095280
FIRE:  523 14:12:12     -863.859851        0.210544
FIRE:  524 14:12:12     -863.858951        0.514110
FIRE:  525 14:12:12     -863.862210        0.017434
[prep] P1_Al2O3_F: fmax 0.0174 (target 0.02) · steps 525 · converged True · 1.0 min
WARNING:root:If 'dataset_list' is provided in the config, the code assumes that each dataset maps to itself. Please use 'dataset_mapping' as 'dataset_list' is deprecated and will be removed in the future.
      Step     Time          Energy          fmax
FIRE:    0 14:12:19     -843.109252        1.291805
FIRE:    1 14:12:19     -843.479381        1.181349
FIRE:    2 14:12:20     -844.037442        1.378060
FIRE:    3 14:12:20     -844.606390        1.499789
FIRE:    4 14:12:20     -845.154654        1.262941
FIRE:    5 14:12:20     -845.677270        0.948803
FIRE:    6 14:12:21     -846.095641        1.273643
FIRE:    7 14:12:21     -846.381326        1.528789
FIRE:    8 14:12:21     -846.590931        1.726279
FIRE:    9 14:12:21     -846.790313        1.308219
FIRE:   10 14:12:22     -847.002708        1.251502
FIRE:   11 14:12:22     -847.221167        1.089596
FIRE:   12 14:12:22     -847.400641        0.893666
FIRE:   13 14:12:22     -847.512544        1.113983
FIRE:   14 14:12:23     -847.570436        0.886812
FIRE:   15 14:12:23     -847.657283        0.694176
FIRE:   16 14:12:23     -847.739913        0.442518
FIRE:   17 14:12:23     -847.803739        0.281614
FIRE:   18 14:12:24     -847.853759        0.417128
FIRE:   19 14:12:24     -847.899847        0.519584
FIRE:   20 14:12:24     -847.947142        0.547127
FIRE:   21 14:12:24     -848.001728        0.492377
FIRE:   22 14:12:25     -848.062718        0.350249
FIRE:   23 14:12:25     -848.127895        0.368718
FIRE:   24 14:12:25     -848.195704        0.493693
FIRE:   25 14:12:25     -848.273695        0.386714
FIRE:   26 14:12:26     -848.376460        0.366398
FIRE:   27 14:12:26     -848.509096        0.267596
FIRE:   28 14:12:26     -848.643498        0.259731
FIRE:   29 14:12:26     -848.770936        0.280815
FIRE:   30 14:12:26     -848.897395        0.298670
FIRE:   31 14:12:27     -849.028080        0.301473
FIRE:   32 14:12:27     -849.166657        0.329592
FIRE:   33 14:12:27     -849.306891        0.348588
FIRE:   34 14:12:27     -849.447310        0.361910
FIRE:   35 14:12:28     -849.594788        0.366789
FIRE:   36 14:12:28     -849.739923        0.351943
FIRE:   37 14:12:28     -849.884169        0.338031
FIRE:   38 14:12:28     -850.026055        0.323581
FIRE:   39 14:12:29     -850.157532        0.297700
FIRE:   40 14:12:29     -850.276996        0.266697
FIRE:   41 14:12:29     -850.387302        0.261121
FIRE:   42 14:12:29     -850.490629        0.208977
FIRE:   43 14:12:30     -850.586083        0.179645
FIRE:   44 14:12:30     -850.671787        0.153294
FIRE:   45 14:12:30     -850.750960        0.146427
FIRE:   46 14:12:30     -850.825862        0.147621
FIRE:   47 14:12:31     -850.898247        0.157742
FIRE:   48 14:12:31     -850.970006        0.136345
FIRE:   49 14:12:31     -851.043079        0.136125
FIRE:   50 14:12:31     -851.118595        0.137541
FIRE:   51 14:12:32     -851.196195        0.143735
FIRE:   52 14:12:32     -851.275116        0.145344
FIRE:   53 14:12:32     -851.353989        0.159746
FIRE:   54 14:12:32     -851.431613        0.175670
FIRE:   55 14:12:33     -851.508472        0.192233
FIRE:   56 14:12:33     -851.584825        0.206632
FIRE:   57 14:12:33     -851.660279        0.214037
FIRE:   58 14:12:33     -851.734282        0.207790
FIRE:   59 14:12:33     -851.805823        0.179015
FIRE:   60 14:12:34     -851.873110        0.145432
FIRE:   61 14:12:34     -851.933271        0.140907
FIRE:   62 14:12:34     -851.984017        0.196972
FIRE:   63 14:12:34     -852.026667        0.248525
FIRE:   64 14:12:35     -852.066832        0.335966
FIRE:   65 14:12:35     -852.110951        0.346957
FIRE:   66 14:12:35     -852.161990        0.291719
FIRE:   67 14:12:35     -852.218812        0.238178
FIRE:   68 14:12:36     -852.277893        0.184977
FIRE:   69 14:12:36     -852.334694        0.155150
FIRE:   70 14:12:36     -852.385753        0.144889
FIRE:   71 14:12:36     -852.430340        0.160603
FIRE:   72 14:12:37     -852.468846        0.162667
FIRE:   73 14:12:37     -852.501658        0.151706
FIRE:   74 14:12:37     -852.530705        0.186887
FIRE:   75 14:12:37     -852.560328        0.201315
FIRE:   76 14:12:37     -852.595621        0.244029
FIRE:   77 14:12:38     -852.639368        0.250237
FIRE:   78 14:12:38     -852.690623        0.220011
FIRE:   79 14:12:38     -852.746629        0.218211
FIRE:   80 14:12:39     -852.804673        0.229117
FIRE:   81 14:12:39     -852.862559        0.233743
FIRE:   82 14:12:39     -852.919063        0.227980
FIRE:   83 14:12:39     -852.974103        0.205871
FIRE:   84 14:12:39     -853.027562        0.161307
FIRE:   85 14:12:40     -853.077720        0.137121
FIRE:   86 14:12:40     -853.121363        0.136617
FIRE:   87 14:12:40     -853.156430        0.209389
FIRE:   88 14:12:40     -853.184950        0.308580
FIRE:   89 14:12:41     -853.211789        0.368559
FIRE:   90 14:12:41     -853.239005        0.348748
FIRE:   91 14:12:41     -853.263758        0.269402
FIRE:   92 14:12:41     -853.283121        0.191700
FIRE:   93 14:12:42     -853.296990        0.238546
FIRE:   94 14:12:42     -853.379400        0.185454
FIRE:   95 14:12:42     -853.420961        0.434487
FIRE:   96 14:12:42     -853.425639        0.618799
FIRE:   97 14:12:43     -853.442828        0.245156
FIRE:   98 14:12:43     -853.446641        0.256580
FIRE:   99 14:12:43     -853.447930        0.217332
FIRE:  100 14:12:43     -853.449990        0.144541
FIRE:  101 14:12:44     -853.452095        0.106647
FIRE:  102 14:12:44     -853.453778        0.103960
FIRE:  103 14:12:44     -853.455193        0.130620
FIRE:  104 14:12:44     -853.456952        0.174133
FIRE:  105 14:12:45     -853.459431        0.175458
FIRE:  106 14:12:45     -853.462948        0.130610
FIRE:  107 14:12:45     -853.467056        0.089168
FIRE:  108 14:12:45     -853.471159        0.085310
FIRE:  109 14:12:45     -853.475698        0.124929
FIRE:  110 14:12:46     -853.481730        0.108158
FIRE:  111 14:12:46     -853.488995        0.074135
FIRE:  112 14:12:46     -853.496647        0.107045
FIRE:  113 14:12:46     -853.506004        0.096093
FIRE:  114 14:12:47     -853.516919        0.080910
FIRE:  115 14:12:47     -853.529030        0.107377
FIRE:  116 14:12:47     -853.543157        0.089349
FIRE:  117 14:12:47     -853.558832        0.089263
FIRE:  118 14:12:48     -853.576453        0.128920
FIRE:  119 14:12:48     -853.596309        0.129138
FIRE:  120 14:12:48     -853.618106        0.173287
FIRE:  121 14:12:48     -853.639073        0.440439
FIRE:  122 14:12:49     -853.636170        1.024867
FIRE:  123 14:12:49     -853.674613        0.083317
FIRE:  124 14:12:49     -853.644918        1.086514
FIRE:  125 14:12:49     -853.660656        0.767440
FIRE:  126 14:12:50     -853.675991        0.255321
FIRE:  127 14:12:50     -853.676700        0.278162
FIRE:  128 14:12:50     -853.677038        0.260113
FIRE:  129 14:12:50     -853.677659        0.224999
FIRE:  130 14:12:51     -853.678441        0.174900
FIRE:  131 14:12:51     -853.679219        0.113012
FIRE:  132 14:12:51     -853.679874        0.082360
FIRE:  133 14:12:51     -853.680354        0.079410
FIRE:  134 14:12:52     -853.680681        0.086693
FIRE:  135 14:12:52     -853.681024        0.136016
FIRE:  136 14:12:52     -853.681544        0.164930
FIRE:  137 14:12:52     -853.682418        0.165656
FIRE:  138 14:12:53     -853.683712        0.133023
FIRE:  139 14:12:53     -853.685301        0.075818
FIRE:  140 14:12:53     -853.686959        0.078573
FIRE:  141 14:12:53     -853.688644        0.091515
FIRE:  142 14:12:54     -853.690801        0.115158
FIRE:  143 14:12:54     -853.693789        0.077018
FIRE:  144 14:12:54     -853.697246        0.070883
FIRE:  145 14:12:54     -853.700990        0.109980
FIRE:  146 14:12:55     -853.705833        0.082716
FIRE:  147 14:12:55     -853.711556        0.063939
FIRE:  148 14:12:55     -853.718054        0.089069
FIRE:  149 14:12:55     -853.726087        0.060411
FIRE:  150 14:12:55     -853.735168        0.082527
FIRE:  151 14:12:56     -853.745909        0.086229
FIRE:  152 14:12:56     -853.758494        0.062023
FIRE:  153 14:12:56     -853.772947        0.069859
FIRE:  154 14:12:57     -853.789131        0.125315
FIRE:  155 14:12:57     -853.804278        0.289824
FIRE:  156 14:12:57     -853.799723        0.669037
FIRE:  157 14:12:57     -853.831064        0.096524
FIRE:  158 14:12:58     -853.831293        0.096523
FIRE:  159 14:12:58     -853.831697        0.096534
FIRE:  160 14:12:58     -853.832256        0.096585
FIRE:  161 14:12:58     -853.832952        0.096707
FIRE:  162 14:12:58     -853.833844        0.096921
FIRE:  163 14:12:59     -853.834927        0.097228
FIRE:  164 14:12:59     -853.836193        0.097607
FIRE:  165 14:12:59     -853.837770        0.098058
FIRE:  166 14:12:59     -853.839727        0.098509
FIRE:  167 14:13:00     -853.842213        0.098865
FIRE:  168 14:13:00     -853.845283        0.099052
FIRE:  169 14:13:00     -853.849061        0.099029
FIRE:  170 14:13:00     -853.853740        0.098672
FIRE:  171 14:13:01     -853.859443        0.097517
FIRE:  172 14:13:01     -853.866404        0.094685
FIRE:  173 14:13:01     -853.874773        0.089335
FIRE:  174 14:13:01     -853.884720        0.080906
FIRE:  175 14:13:02     -853.896287        0.068872
FIRE:  176 14:13:02     -853.909395        0.072851
FIRE:  177 14:13:02     -853.923234        0.196842
FIRE:  178 14:13:02     -853.931339        0.605001
FIRE:  179 14:13:03     -853.940610        0.054109
FIRE:  180 14:13:03     -853.934848        0.541233
FIRE:  181 14:13:03     -853.938016        0.404699
FIRE:  182 14:13:03     -853.941495        0.169016
FIRE:  183 14:13:04     -853.942369        0.105963
FIRE:  184 14:13:04     -853.942436        0.099776
FIRE:  185 14:13:04     -853.942543        0.087783
FIRE:  186 14:13:04     -853.942693        0.070809
FIRE:  187 14:13:05     -853.942871        0.056322
FIRE:  188 14:13:05     -853.943072        0.056491
FIRE:  189 14:13:05     -853.943258        0.056693
FIRE:  190 14:13:05     -853.943465        0.056932
FIRE:  191 14:13:05     -853.943716        0.057233
FIRE:  192 14:13:06     -853.944026        0.057610
FIRE:  193 14:13:06     -853.944446        0.058077
FIRE:  194 14:13:06     -853.944987        0.058653
FIRE:  195 14:13:06     -853.945656        0.059371
FIRE:  196 14:13:07     -853.946449        0.060271
FIRE:  197 14:13:07     -853.947405        0.061408
FIRE:  198 14:13:07     -853.948570        0.062838
FIRE:  199 14:13:07     -853.950038        0.064631
FIRE:  200 14:13:08     -853.951831        0.066881
FIRE:  201 14:13:08     -853.953973        0.069711
FIRE:  202 14:13:08     -853.956655        0.073253
FIRE:  203 14:13:08     -853.959974        0.077722
FIRE:  204 14:13:09     -853.964066        0.083412
FIRE:  205 14:13:09     -853.969238        0.090634
FIRE:  206 14:13:09     -853.975745        0.099758
FIRE:  207 14:13:09     -853.984131        0.111169
FIRE:  208 14:13:10     -853.995032        0.125287
FIRE:  209 14:13:10     -854.009432        0.141855
FIRE:  210 14:13:10     -854.028726        0.158817
FIRE:  211 14:13:10     -854.053996        0.183223
FIRE:  212 14:13:11     -854.080226        0.558676
FIRE:  213 14:13:11     -854.044461        1.905901
FIRE:  214 14:13:11     -854.117090        0.538889
FIRE:  215 14:13:11     -854.121007        0.388576
FIRE:  216 14:13:12     -854.125041        0.123883
FIRE:  217 14:13:12     -854.125633        0.187304
FIRE:  218 14:13:12     -854.125831        0.172747
FIRE:  219 14:13:12     -854.126187        0.144817
FIRE:  220 14:13:13     -854.126632        0.112458
FIRE:  221 14:13:13     -854.127114        0.112212
FIRE:  222 14:13:13     -854.127567        0.111910
FIRE:  223 14:13:13     -854.128000        0.111556
FIRE:  224 14:13:14     -854.128438        0.111161
FIRE:  225 14:13:14     -854.129014        0.110686
FIRE:  226 14:13:14     -854.129788        0.110129
FIRE:  227 14:13:14     -854.130840        0.109478
FIRE:  228 14:13:15     -854.132174        0.108710
FIRE:  229 14:13:15     -854.133711        0.107785
FIRE:  230 14:13:15     -854.135466        0.106642
FIRE:  231 14:13:15     -854.137587        0.105206
FIRE:  232 14:13:16     -854.140305        0.103372
FIRE:  233 14:13:16     -854.143536        0.100954
FIRE:  234 14:13:16     -854.147233        0.097671
FIRE:  235 14:13:16     -854.151770        0.093235
FIRE:  236 14:13:17     -854.157063        0.087261
FIRE:  237 14:13:17     -854.163150        0.079392
FIRE:  238 14:13:17     -854.170262        0.069571
FIRE:  239 14:13:17     -854.178263        0.058151
FIRE:  240 14:13:18     -854.187194        0.073157
FIRE:  241 14:13:18     -854.197185        0.058952
FIRE:  242 14:13:18     -854.208237        0.063613
FIRE:  243 14:13:18     -854.220551        0.102955
FIRE:  244 14:13:19     -854.233074        0.290319
FIRE:  245 14:13:19     -854.234691        0.819944
FIRE:  246 14:13:19     -854.253168        0.110158
FIRE:  247 14:13:19     -854.253382        0.110392
FIRE:  248 14:13:19     -854.253784        0.110850
FIRE:  249 14:13:20     -854.254365        0.111524
FIRE:  250 14:13:20     -854.255129        0.112391
FIRE:  251 14:13:20     -854.256089        0.113441
FIRE:  252 14:13:20     -854.257259        0.114656
FIRE:  253 14:13:21     -854.258629        0.116037
FIRE:  254 14:13:21     -854.260364        0.117758
FIRE:  255 14:13:21     -854.262589        0.119896
FIRE:  256 14:13:21     -854.265415        0.122509
FIRE:  257 14:13:22     -854.269019        0.125590
FIRE:  258 14:13:22     -854.273586        0.128997
FIRE:  259 14:13:22     -854.279399        0.132370
FIRE:  260 14:13:22     -854.286798        0.134989
FIRE:  261 14:13:23     -854.296191        0.135464
FIRE:  262 14:13:23     -854.308034        0.131019
FIRE:  263 14:13:23     -854.322662        0.116890
FIRE:  264 14:13:23     -854.340168        0.116471
FIRE:  265 14:13:24     -854.360253        0.120185
FIRE:  266 14:13:24     -854.383089        0.130902
FIRE:  267 14:13:24     -854.409392        0.107324
FIRE:  268 14:13:24     -854.433973        0.350385
FIRE:  269 14:13:25     -854.407161        1.444544
FIRE:  270 14:13:25     -854.454829        0.536770
FIRE:  271 14:13:25     -854.459324        0.360145
FIRE:  272 14:13:25     -854.463549        0.123029
FIRE:  273 14:13:26     -854.463992        0.245976
FIRE:  274 14:13:26     -854.464331        0.225026
FIRE:  275 14:13:26     -854.464938        0.185054
FIRE:  276 14:13:26     -854.465680        0.129853
FIRE:  277 14:13:27     -854.466421        0.105672
FIRE:  278 14:13:27     -854.467085        0.102020
FIRE:  279 14:13:27     -854.467667        0.097771
FIRE:  280 14:13:27     -854.468251        0.105270
FIRE:  281 14:13:28     -854.469032        0.130089
FIRE:  282 14:13:28     -854.470113        0.128421
FIRE:  283 14:13:28     -854.471543        0.095548
FIRE:  284 14:13:28     -854.473205        0.094566
FIRE:  285 14:13:29     -854.474898        0.093520
FIRE:  286 14:13:29     -854.476662        0.099629
FIRE:  287 14:13:29     -854.478840        0.100742
FIRE:  288 14:13:29     -854.481452        0.088258
FIRE:  289 14:13:29     -854.484117        0.085289
FIRE:  290 14:13:30     -854.487031        0.088360
FIRE:  291 14:13:30     -854.490559        0.075885
FIRE:  292 14:13:30     -854.494181        0.086906
FIRE:  293 14:13:30     -854.498458        0.064672
FIRE:  294 14:13:31     -854.502901        0.091860
FIRE:  295 14:13:31     -854.507976        0.057594
FIRE:  296 14:13:31     -854.512979        0.087761
FIRE:  297 14:13:31     -854.517948        0.131585
FIRE:  298 14:13:32     -854.522755        0.160629
FIRE:  299 14:13:32     -854.526873        0.246087
FIRE:  300 14:13:32     -854.528430        0.048837
FIRE:  301 14:13:32     -854.528274        0.179101
FIRE:  302 14:13:33     -854.528592        0.143526
FIRE:  303 14:13:33     -854.529037        0.079379
FIRE:  304 14:13:33     -854.529352        0.043156
FIRE:  305 14:13:33     -854.529484        0.071498
FIRE:  306 14:13:33     -854.529599        0.114892
FIRE:  307 14:13:34     -854.529891        0.122440
FIRE:  308 14:13:34     -854.530372        0.095790
FIRE:  309 14:13:34     -854.530972        0.037549
FIRE:  310 14:13:34     -854.531487        0.041084
FIRE:  311 14:13:35     -854.531969        0.092033
FIRE:  312 14:13:35     -854.532727        0.085241
FIRE:  313 14:13:35     -854.533749        0.039645
FIRE:  314 14:13:35     -854.534670        0.072975
FIRE:  315 14:13:36     -854.535879        0.074307
FIRE:  316 14:13:36     -854.537429        0.043191
FIRE:  317 14:13:36     -854.539069        0.076511
FIRE:  318 14:13:36     -854.541315        0.047980
FIRE:  319 14:13:37     -854.543917        0.058855
FIRE:  320 14:13:37     -854.547166        0.085466
FIRE:  321 14:13:37     -854.551449        0.062722
FIRE:  322 14:13:37     -854.556939        0.070606
FIRE:  323 14:13:38     -854.564022        0.106670
FIRE:  324 14:13:38     -854.571112        0.324507
FIRE:  325 14:13:38     -854.551628        1.127755
FIRE:  326 14:13:38     -854.583759        0.343916
FIRE:  327 14:13:39     -854.585668        0.236683
FIRE:  328 14:13:39     -854.587442        0.099173
FIRE:  329 14:13:39     -854.587469        0.143777
FIRE:  330 14:13:39     -854.587587        0.132055
FIRE:  331 14:13:40     -854.587806        0.109632
FIRE:  332 14:13:40     -854.588068        0.099648
FIRE:  333 14:13:40     -854.588334        0.099616
FIRE:  334 14:13:40     -854.588568        0.099589
FIRE:  335 14:13:41     -854.588770        0.099577
FIRE:  336 14:13:41     -854.588974        0.099579
FIRE:  337 14:13:41     -854.589255        0.099605
FIRE:  338 14:13:41     -854.589653        0.099659
FIRE:  339 14:13:42     -854.590220        0.099740
FIRE:  340 14:13:42     -854.590932        0.099843
FIRE:  341 14:13:42     -854.591735        0.099942
FIRE:  342 14:13:42     -854.592646        0.099982
FIRE:  343 14:13:42     -854.593793        0.099881
FIRE:  344 14:13:43     -854.595315        0.099543
FIRE:  345 14:13:43     -854.597129        0.098845
FIRE:  346 14:13:43     -854.599239        0.097663
FIRE:  347 14:13:43     -854.601927        0.095775
FIRE:  348 14:13:44     -854.605112        0.092708
FIRE:  349 14:13:44     -854.608887        0.087619
FIRE:  350 14:13:44     -854.613364        0.079517
FIRE:  351 14:13:44     -854.618476        0.067570
FIRE:  352 14:13:45     -854.624092        0.062865
FIRE:  353 14:13:45     -854.630168        0.060180
FIRE:  354 14:13:45     -854.636535        0.065852
FIRE:  355 14:13:45     -854.642991        0.123135
FIRE:  356 14:13:46     -854.647854        0.319978
FIRE:  357 14:13:46     -854.650633        0.049433
FIRE:  358 14:13:46     -854.649410        0.267635
FIRE:  359 14:13:46     -854.650210        0.206921
FIRE:  360 14:13:47     -854.651166        0.098901
FIRE:  361 14:13:47     -854.651587        0.048898
FIRE:  362 14:13:47     -854.651593        0.048890
FIRE:  363 14:13:47     -854.651628        0.048874
FIRE:  364 14:13:47     -854.651678        0.048853
FIRE:  365 14:13:48     -854.651743        0.048821
FIRE:  366 14:13:48     -854.651812        0.048780
FIRE:  367 14:13:48     -854.651906        0.048731
FIRE:  368 14:13:48     -854.651991        0.048673
FIRE:  369 14:13:49     -854.652121        0.048593
FIRE:  370 14:13:49     -854.652263        0.048491
FIRE:  371 14:13:49     -854.652441        0.048356
FIRE:  372 14:13:49     -854.652677        0.048184
FIRE:  373 14:13:50     -854.652951        0.047961
FIRE:  374 14:13:50     -854.653281        0.047678
FIRE:  375 14:13:50     -854.653683        0.047319
FIRE:  376 14:13:50     -854.654158        0.046863
FIRE:  377 14:13:51     -854.654719        0.046296
FIRE:  378 14:13:51     -854.655370        0.045574
FIRE:  379 14:13:51     -854.656120        0.044640
FIRE:  380 14:13:51     -854.657007        0.043415
FIRE:  381 14:13:52     -854.658023        0.041810
FIRE:  382 14:13:52     -854.659195        0.039713
FIRE:  383 14:13:52     -854.660545        0.036998
FIRE:  384 14:13:52     -854.662088        0.033451
FIRE:  385 14:13:53     -854.663849        0.028821
FIRE:  386 14:13:53     -854.665812        0.022903
FIRE:  387 14:13:53     -854.667939        0.017543
[prep] P2_Al2S3_F: fmax 0.0175 (target 0.02) · steps 387 · converged True · 1.6 min
WARNING:root:If 'dataset_list' is provided in the config, the code assumes that each dataset maps to itself. Please use 'dataset_mapping' as 'dataset_list' is deprecated and will be removed in the future.
      Step     Time          Energy          fmax
FIRE:    0 14:14:00     -846.978220        5.141118
FIRE:    1 14:14:01     -848.697387        5.324784
FIRE:    2 14:14:01     -851.188640        5.190621
FIRE:    3 14:14:01     -853.314716        4.005349
FIRE:    4 14:14:01     -854.430050        2.463549
FIRE:    5 14:14:02     -853.812286        9.172933
FIRE:    6 14:14:02     -854.558109        5.929289
FIRE:    7 14:14:02     -855.206011        2.002637
FIRE:    8 14:14:02     -855.353106        1.992456
FIRE:    9 14:14:03     -855.368287        1.943152
FIRE:   10 14:14:03     -855.397657        1.845203
FIRE:   11 14:14:03     -855.439336        1.700498
FIRE:   12 14:14:03     -855.490794        1.513597
FIRE:   13 14:14:04     -855.549223        1.354720
FIRE:   14 14:14:04     -855.611983        1.315166
FIRE:   15 14:14:04     -855.677244        1.269649
FIRE:   16 14:14:04     -855.751578        1.213045
FIRE:   17 14:14:05     -855.837257        1.144221
FIRE:   18 14:14:05     -855.938943        1.062845
FIRE:   19 14:14:05     -856.062399        1.048930
FIRE:   20 14:14:05     -856.210740        0.868638
FIRE:   21 14:14:05     -856.380843        0.765172
FIRE:   22 14:14:06     -856.566806        0.739648
FIRE:   23 14:14:06     -856.772618        0.930545
FIRE:   24 14:14:06     -857.016579        1.145236
FIRE:   25 14:14:06     -857.310507        1.307989
FIRE:   26 14:14:07     -857.635641        1.325981
FIRE:   27 14:14:07     -857.957734        1.138951
FIRE:   28 14:14:07     -858.257164        0.790897
FIRE:   29 14:14:07     -858.492594        0.953830
FIRE:   30 14:14:08     -858.684698        1.052187
FIRE:   31 14:14:08     -858.860938        0.882746
FIRE:   32 14:14:08     -859.015460        1.028185
FIRE:   33 14:14:08     -859.154955        0.719913
FIRE:   34 14:14:09     -859.248130        0.579802
FIRE:   35 14:14:09     -859.328003        0.604442
FIRE:   36 14:14:09     -859.427099        0.601510
FIRE:   37 14:14:09     -859.566782        0.710276
FIRE:   38 14:14:10     -859.716481        0.617639
FIRE:   39 14:14:10     -859.856522        0.287066
FIRE:   40 14:14:10     -859.964708        0.373743
FIRE:   41 14:14:10     -860.057618        0.672493
FIRE:   42 14:14:11     -860.169217        0.615760
FIRE:   43 14:14:11     -860.290123        0.278520
FIRE:   44 14:14:11     -860.400184        0.363641
FIRE:   45 14:14:11     -860.510630        0.407151
FIRE:   46 14:14:12     -860.626815        0.296421
FIRE:   47 14:14:12     -860.736628        0.243653
FIRE:   48 14:14:12     -860.836041        0.304248
FIRE:   49 14:14:12     -860.929423        0.323811
FIRE:   50 14:14:12     -861.028936        0.434511
FIRE:   51 14:14:13     -861.133377        0.588769
FIRE:   52 14:14:13     -861.228034        0.763021
FIRE:   53 14:14:13     -861.319384        1.032199
FIRE:   54 14:14:13     -861.414231        1.150747
FIRE:   55 14:14:14     -860.278297       12.816909
FIRE:   56 14:14:14     -861.327694        2.734436
FIRE:   57 14:14:14     -861.498301        0.296233
FIRE:   58 14:14:14     -861.337754        4.080161
FIRE:   59 14:14:15     -861.449941        2.315479
FIRE:   60 14:14:15     -861.518825        0.253004
FIRE:   61 14:14:15     -861.487304        1.506853
FIRE:   62 14:14:15     -861.492499        1.415332
FIRE:   63 14:14:16     -861.501722        1.233406
FIRE:   64 14:14:16     -861.512836        0.964642
FIRE:   65 14:14:16     -861.523206        0.617098
FIRE:   66 14:14:16     -861.530343        0.252187
FIRE:   67 14:14:17     -861.532951        0.252220
FIRE:   68 14:14:17     -861.533055        0.252217
FIRE:   69 14:14:17     -861.533275        0.252206
FIRE:   70 14:14:17     -861.533598        0.252191
FIRE:   71 14:14:18     -861.534015        0.252170
FIRE:   72 14:14:18     -861.534521        0.252144
FIRE:   73 14:14:18     -861.535136        0.252114
FIRE:   74 14:14:18     -861.535815        0.252080
FIRE:   75 14:14:19     -861.536658        0.252034
FIRE:   76 14:14:19     -861.537694        0.251982
FIRE:   77 14:14:19     -861.538959        0.251914
FIRE:   78 14:14:19     -861.540506        0.251834
FIRE:   79 14:14:20     -861.542392        0.251736
FIRE:   80 14:14:20     -861.544712        0.251619
FIRE:   81 14:14:20     -861.547592        0.251481
FIRE:   82 14:14:20     -861.551149        0.251316
FIRE:   83 14:14:20     -861.555546        0.251119
FIRE:   84 14:14:21     -861.560935        0.250878
FIRE:   85 14:14:21     -861.567448        0.250580
FIRE:   86 14:14:21     -861.575288        0.250199
FIRE:   87 14:14:21     -861.584804        0.249701
FIRE:   88 14:14:22     -861.596344        0.249038
FIRE:   89 14:14:22     -861.610287        0.248145
FIRE:   90 14:14:22     -861.626988        0.246943
FIRE:   91 14:14:22     -861.647014        0.245309
FIRE:   92 14:14:22     -861.671081        0.243040
FIRE:   93 14:14:23     -861.699738        0.239750
FIRE:   94 14:14:23     -861.733906        0.234771
FIRE:   95 14:14:23     -861.774448        0.227066
FIRE:   96 14:14:23     -861.822284        0.215085
FIRE:   97 14:14:24     -861.878125        0.196417
FIRE:   98 14:14:24     -861.942420        0.168129
FIRE:   99 14:14:24     -862.014819        0.160836
FIRE:  100 14:14:24     -862.094299        0.165713
FIRE:  101 14:14:25     -862.171473        0.179841
FIRE:  102 14:14:25     -862.243531        0.483586
FIRE:  103 14:14:25     -862.305658        1.103946
FIRE:  104 14:14:25     -862.345272        1.719593
FIRE:  105 14:14:26     -862.392717        0.475006
FIRE:  106 14:14:26     -862.395838        0.301252
FIRE:  107 14:14:26     -862.399611        0.191836
FIRE:  108 14:14:26     -862.402666        0.218346
FIRE:  109 14:14:27     -862.406556        0.334499
FIRE:  110 14:14:27     -862.412845        0.289918
FIRE:  111 14:14:27     -862.420697        0.173964
FIRE:  112 14:14:27     -862.428324        0.168740
FIRE:  113 14:14:28     -862.436917        0.267347
FIRE:  114 14:14:28     -862.448719        0.194940
FIRE:  115 14:14:28     -862.462881        0.152546
FIRE:  116 14:14:28     -862.478561        0.234769
FIRE:  117 14:14:28     -862.498833        0.144430
FIRE:  118 14:14:29     -862.521413        0.244267
FIRE:  119 14:14:29     -862.549643        0.160177
FIRE:  120 14:14:29     -862.581449        0.243341
FIRE:  121 14:14:29     -862.619929        0.245273
FIRE:  122 14:14:30     -862.665330        0.201719
FIRE:  123 14:14:30     -862.718654        0.233132
FIRE:  124 14:14:30     -862.778845        0.574403
FIRE:  125 14:14:30     -862.815078        2.022850
FIRE:  126 14:14:31     -862.858179        0.317350
FIRE:  127 14:14:31     -862.859465        0.235224
FIRE:  128 14:14:31     -862.861489        0.220226
FIRE:  129 14:14:31     -862.863681        0.219297
FIRE:  130 14:14:32     -862.866115        0.218418
FIRE:  131 14:14:32     -862.869346        0.252622
FIRE:  132 14:14:32     -862.873616        0.217243
FIRE:  133 14:14:32     -862.878591        0.216803
FIRE:  134 14:14:33     -862.884326        0.216045
FIRE:  135 14:14:33     -862.891201        0.214427
FIRE:  136 14:14:33     -862.900145        0.211438
FIRE:  137 14:14:33     -862.911099        0.206833
FIRE:  138 14:14:34     -862.923849        0.200833
FIRE:  139 14:14:34     -862.939810        0.193580
FIRE:  140 14:14:34     -862.958501        0.183689
FIRE:  141 14:14:34     -862.981103        0.168562
FIRE:  142 14:14:35     -863.007289        0.200692
FIRE:  143 14:14:35     -863.038345        0.128208
FIRE:  144 14:14:35     -863.074289        0.114350
FIRE:  145 14:14:35     -863.115828        0.106500
FIRE:  146 14:14:36     -863.162593        0.331209
FIRE:  147 14:14:36     -863.202194        1.211638
FIRE:  148 14:14:36     -863.147644        2.776667
FIRE:  149 14:14:36     -863.272214        0.378096
FIRE:  150 14:14:36     -863.146381        3.891647
FIRE:  151 14:14:37     -863.227923        2.314487
FIRE:  152 14:14:37     -863.280113        0.252022
FIRE:  153 14:14:37     -863.257107        1.369787
FIRE:  154 14:14:37     -863.260332        1.290532
FIRE:  155 14:14:38     -863.266065        1.133371
FIRE:  156 14:14:38     -863.273055        0.901795
FIRE:  157 14:14:38     -863.279660        0.602719
FIRE:  158 14:14:38     -863.284281        0.250392
FIRE:  159 14:14:38     -863.285883        0.154479
FIRE:  160 14:14:39     -863.285914        0.154499
FIRE:  161 14:14:39     -863.285985        0.154536
FIRE:  162 14:14:39     -863.286106        0.154596
FIRE:  163 14:14:39     -863.286255        0.154674
FIRE:  164 14:14:40     -863.286430        0.154771
FIRE:  165 14:14:40     -863.286640        0.154888
FIRE:  166 14:14:40     -863.286885        0.155022
FIRE:  167 14:14:40     -863.287193        0.155195
FIRE:  168 14:14:41     -863.287559        0.155412
FIRE:  169 14:14:41     -863.288024        0.155684
FIRE:  170 14:14:41     -863.288584        0.156023
FIRE:  171 14:14:41     -863.289287        0.156441
FIRE:  172 14:14:42     -863.290145        0.156959
FIRE:  173 14:14:42     -863.291200        0.157590
FIRE:  174 14:14:42     -863.292500        0.158366
FIRE:  175 14:14:42     -863.294132        0.159312
FIRE:  176 14:14:43     -863.296121        0.160473
FIRE:  177 14:14:43     -863.298554        0.161895
FIRE:  178 14:14:43     -863.301519        0.163651
FIRE:  179 14:14:43     -863.305127        0.165819
FIRE:  180 14:14:44     -863.309549        0.168504
FIRE:  181 14:14:44     -863.314954        0.171827
FIRE:  182 14:14:44     -863.321545        0.175935
FIRE:  183 14:14:44     -863.329575        0.180997
FIRE:  184 14:14:45     -863.339423        0.187210
FIRE:  185 14:14:45     -863.351496        0.194835
FIRE:  186 14:14:45     -863.366332        0.204178
FIRE:  187 14:14:45     -863.384683        0.215489
FIRE:  188 14:14:46     -863.407409        0.228811
FIRE:  189 14:14:46     -863.435642        0.243776
FIRE:  190 14:14:46     -863.470743        0.259190
FIRE:  191 14:14:46     -863.514089        0.271378
FIRE:  192 14:14:47     -863.566629        0.271669
FIRE:  193 14:14:47     -863.627288        0.244606
FIRE:  194 14:14:47     -863.686668        0.736264
FIRE:  195 14:14:47     -863.696667        1.860425
FIRE:  196 14:14:47     -863.749068        0.182194
FIRE:  197 14:14:48     -863.708271        2.219517
FIRE:  198 14:14:48     -863.735584        1.440765
FIRE:  199 14:14:48     -863.757263        0.296365
FIRE:  200 14:14:48     -863.753448        0.740338
FIRE:  201 14:14:49     -863.754493        0.693253
FIRE:  202 14:14:49     -863.756371        0.601038
FIRE:  203 14:14:49     -863.758679        0.468069
FIRE:  204 14:14:49     -863.760937        0.301552
FIRE:  205 14:14:50     -863.762746        0.137974
FIRE:  206 14:14:50     -863.763892        0.138477
FIRE:  207 14:14:50     -863.764543        0.244185
FIRE:  208 14:14:50     -863.765177        0.373688
FIRE:  209 14:14:51     -863.766393        0.441295
FIRE:  210 14:14:51     -863.768685        0.425466
FIRE:  211 14:14:51     -863.772110        0.314137
FIRE:  212 14:14:52     -863.776071        0.142946
FIRE:  213 14:14:52     -863.779729        0.144170
FIRE:  214 14:14:52     -863.783336        0.290185
FIRE:  215 14:14:52     -863.788417        0.317161
FIRE:  216 14:14:53     -863.795533        0.161978
FIRE:  217 14:14:53     -863.803123        0.153836
FIRE:  218 14:14:53     -863.811331        0.301525
FIRE:  219 14:14:53     -863.822816        0.162049
FIRE:  220 14:14:53     -863.835663        0.193742
FIRE:  221 14:14:54     -863.851447        0.221323
FIRE:  222 14:14:54     -863.871158        0.179896
FIRE:  223 14:14:54     -863.895217        0.186650
FIRE:  224 14:14:54     -863.924170        0.307113
FIRE:  225 14:14:55     -863.961370        0.195300
FIRE:  226 14:14:55     -864.006538        0.200873
FIRE:  227 14:14:55     -864.061212        0.204300
FIRE:  228 14:14:55     -864.124830        0.187301
FIRE:  229 14:14:56     -864.184819        0.355963
FIRE:  230 14:14:56     -864.185817        1.405091
FIRE:  231 14:14:56     -864.231705        0.619698
FIRE:  232 14:14:56     -864.238245        0.421964
FIRE:  233 14:14:57     -864.244305        0.151842
FIRE:  234 14:14:57     -864.244516        0.303691
FIRE:  235 14:14:57     -864.245053        0.276479
FIRE:  236 14:14:57     -864.245998        0.224882
FIRE:  237 14:14:58     -864.247134        0.154435
FIRE:  238 14:14:58     -864.248258        0.152353
FIRE:  239 14:14:58     -864.249228        0.152544
FIRE:  240 14:14:58     -864.250083        0.152757
FIRE:  241 14:14:59     -864.250979        0.152980
FIRE:  242 14:14:59     -864.252217        0.157457
FIRE:  243 14:14:59     -864.254018        0.153512
FIRE:  244 14:14:59     -864.256425        0.153827
FIRE:  245 14:15:00     -864.259310        0.154195
FIRE:  246 14:15:00     -864.262421        0.154652
FIRE:  247 14:15:00     -864.265915        0.155238
FIRE:  248 14:15:00     -864.270387        0.155976
FIRE:  249 14:15:01     -864.276009        0.156866
FIRE:  250 14:15:01     -864.282239        0.157866
FIRE:  251 14:15:01     -864.289528        0.158844
FIRE:  252 14:15:01     -864.298641        0.159635
FIRE:  253 14:15:01     -864.308890        0.160061
FIRE:  254 14:15:02     -864.321474        0.159711
FIRE:  255 14:15:02     -864.335910        0.157638
FIRE:  256 14:15:02     -864.353396        0.152266
FIRE:  257 14:15:02     -864.373230        0.141264
FIRE:  258 14:15:03     -864.395342        0.184644
FIRE:  259 14:15:03     -864.418754        0.270276
FIRE:  260 14:15:03     -864.439382        0.488171
FIRE:  261 14:15:03     -864.442376        1.172125
FIRE:  262 14:15:04     -864.468921        0.106956
FIRE:  263 14:15:04     -864.469170        0.105703
FIRE:  264 14:15:04     -864.469637        0.103223
FIRE:  265 14:15:04     -864.470263        0.099581
FIRE:  266 14:15:05     -864.471066        0.094894
FIRE:  267 14:15:05     -864.472038        0.090509
FIRE:  268 14:15:05     -864.473216        0.090644
FIRE:  269 14:15:05     -864.474572        0.090807
FIRE:  270 14:15:06     -864.476207        0.091038
FIRE:  271 14:15:06     -864.478193        0.091373
FIRE:  272 14:15:06     -864.480629        0.091865
FIRE:  273 14:15:06     -864.483585        0.092576
FIRE:  274 14:15:07     -864.487105        0.093571
FIRE:  275 14:15:07     -864.491382        0.094923
FIRE:  276 14:15:07     -864.496510        0.096769
FIRE:  277 14:15:07     -864.502761        0.099293
FIRE:  278 14:15:08     -864.510329        0.102681
FIRE:  279 14:15:08     -864.519609        0.107098
FIRE:  280 14:15:08     -864.531001        0.112956
FIRE:  281 14:15:08     -864.545032        0.120524
FIRE:  282 14:15:09     -864.562193        0.129803
FIRE:  283 14:15:09     -864.581068        0.410106
FIRE:  284 14:15:09     -864.583934        1.158395
FIRE:  285 14:15:09     -864.610213        0.150832
FIRE:  286 14:15:09     -864.589669        1.235220
FIRE:  287 14:15:10     -864.601332        0.852188
FIRE:  288 14:15:10     -864.612030        0.245027
FIRE:  289 14:15:10     -864.611571        0.369461
FIRE:  290 14:15:10     -864.611909        0.345647
FIRE:  291 14:15:11     -864.612511        0.299357
FIRE:  292 14:15:11     -864.613262        0.233234
FIRE:  293 14:15:11     -864.613989        0.152571
FIRE:  294 14:15:11     -864.614594        0.152715
FIRE:  295 14:15:12     -864.614992        0.152888
FIRE:  296 14:15:12     -864.615249        0.153086
FIRE:  297 14:15:12     -864.615521        0.172182
FIRE:  298 14:15:12     -864.615975        0.206603
FIRE:  299 14:15:13     -864.616798        0.203246
FIRE:  300 14:15:13     -864.618002        0.155917
FIRE:  301 14:15:13     -864.619465        0.154590
FIRE:  302 14:15:13     -864.620946        0.155040
FIRE:  303 14:15:14     -864.622479        0.155583
FIRE:  304 14:15:14     -864.624539        0.159035
FIRE:  305 14:15:14     -864.627440        0.156944
FIRE:  306 14:15:14     -864.630777        0.157731
FIRE:  307 14:15:14     -864.634491        0.158487
FIRE:  308 14:15:15     -864.639497        0.159048
FIRE:  309 14:15:15     -864.645456        0.159220
FIRE:  310 14:15:15     -864.652570        0.158721
FIRE:  311 14:15:15     -864.661524        0.156968
FIRE:  312 14:15:16     -864.672114        0.152830
FIRE:  313 14:15:16     -864.684717        0.144777
FIRE:  314 14:15:16     -864.699763        0.130894
FIRE:  315 14:15:16     -864.716806        0.108472
FIRE:  316 14:15:16     -864.735450        0.093728
FIRE:  317 14:15:17     -864.754040        0.243030
FIRE:  318 14:15:17     -864.760042        0.887359
FIRE:  319 14:15:17     -864.774288        0.093365
FIRE:  320 14:15:17     -864.774487        0.093332
FIRE:  321 14:15:18     -864.774858        0.093268
FIRE:  322 14:15:18     -864.775376        0.093174
FIRE:  323 14:15:18     -864.776049        0.093051
FIRE:  324 14:15:18     -864.776874        0.092902
FIRE:  325 14:15:19     -864.777849        0.092724
FIRE:  326 14:15:19     -864.778950        0.092506
FIRE:  327 14:15:19     -864.780283        0.092214
FIRE:  328 14:15:19     -864.781904        0.091804
FIRE:  329 14:15:20     -864.783840        0.091225
FIRE:  330 14:15:20     -864.786147        0.090399
FIRE:  331 14:15:20     -864.788851        0.089224
FIRE:  332 14:15:20     -864.792064        0.087538
FIRE:  333 14:15:21     -864.795834        0.085081
FIRE:  334 14:15:21     -864.800296        0.081501
FIRE:  335 14:15:21     -864.805541        0.076367
FIRE:  336 14:15:21     -864.811691        0.069050
FIRE:  337 14:15:21     -864.818818        0.058784
FIRE:  338 14:15:22     -864.826729        0.090829
FIRE:  339 14:15:22     -864.834097        0.235915
FIRE:  340 14:15:22     -864.833946        0.654589
FIRE:  341 14:15:22     -864.844774        0.046367
FIRE:  342 14:15:23     -864.844826        0.046389
FIRE:  343 14:15:23     -864.844949        0.046432
FIRE:  344 14:15:23     -864.845136        0.046490
FIRE:  345 14:15:23     -864.845362        0.046563
FIRE:  346 14:15:24     -864.845632        0.046645
FIRE:  347 14:15:24     -864.845983        0.046736
FIRE:  348 14:15:24     -864.846387        0.046838
FIRE:  349 14:15:24     -864.846880        0.046967
FIRE:  350 14:15:25     -864.847494        0.047135
FIRE:  351 14:15:25     -864.848264        0.047361
FIRE:  352 14:15:25     -864.849213        0.047652
FIRE:  353 14:15:25     -864.850377        0.048013
FIRE:  354 14:15:26     -864.851808        0.048444
FIRE:  355 14:15:26     -864.853548        0.048970
FIRE:  356 14:15:26     -864.855663        0.049637
FIRE:  357 14:15:26     -864.858230        0.050459
FIRE:  358 14:15:27     -864.861364        0.051399
FIRE:  359 14:15:27     -864.865159        0.052532
FIRE:  360 14:15:27     -864.869780        0.053817
FIRE:  361 14:15:27     -864.875351        0.055103
FIRE:  362 14:15:28     -864.881710        0.165817
FIRE:  363 14:15:28     -864.884737        0.555479
FIRE:  364 14:15:28     -864.890138        0.057011
FIRE:  365 14:15:28     -864.890196        0.057008
FIRE:  366 14:15:29     -864.890313        0.057003
FIRE:  367 14:15:29     -864.890469        0.057001
FIRE:  368 14:15:29     -864.890683        0.057008
FIRE:  369 14:15:29     -864.890947        0.057025
FIRE:  370 14:15:30     -864.891257        0.057051
FIRE:  371 14:15:30     -864.891642        0.057084
FIRE:  372 14:15:30     -864.892105        0.057122
FIRE:  373 14:15:30     -864.892708        0.057157
FIRE:  374 14:15:31     -864.893460        0.057183
FIRE:  375 14:15:31     -864.894395        0.057198
FIRE:  376 14:15:31     -864.895570        0.057213
FIRE:  377 14:15:31     -864.897022        0.057225
FIRE:  378 14:15:32     -864.898830        0.057193
FIRE:  379 14:15:32     -864.901058        0.057042
FIRE:  380 14:15:32     -864.903844        0.056741
FIRE:  381 14:15:32     -864.907282        0.056226
FIRE:  382 14:15:33     -864.911537        0.055242
FIRE:  383 14:15:33     -864.916777        0.056475
FIRE:  384 14:15:33     -864.923142        0.074119
FIRE:  385 14:15:33     -864.929427        0.275338
FIRE:  386 14:15:33     -864.921540        0.839096
FIRE:  387 14:15:34     -864.940543        0.100105
FIRE:  388 14:15:34     -864.940760        0.081791
FIRE:  389 14:15:34     -864.941045        0.081932
FIRE:  390 14:15:34     -864.941263        0.082180
FIRE:  391 14:15:35     -864.941491        0.082556
FIRE:  392 14:15:35     -864.941859        0.083058
FIRE:  393 14:15:35     -864.942404        0.083680
FIRE:  394 14:15:35     -864.943005        0.084426
FIRE:  395 14:15:36     -864.943642        0.085387
FIRE:  396 14:15:36     -864.944457        0.086568
FIRE:  397 14:15:36     -864.945605        0.088003
FIRE:  398 14:15:36     -864.946967        0.089812
FIRE:  399 14:15:37     -864.948634        0.092169
FIRE:  400 14:15:37     -864.950866        0.095221
FIRE:  401 14:15:37     -864.953537        0.099110
FIRE:  402 14:15:37     -864.957054        0.103884
FIRE:  403 14:15:38     -864.961435        0.110026
FIRE:  404 14:15:38     -864.967070        0.117879
FIRE:  405 14:15:38     -864.974394        0.127214
FIRE:  406 14:15:38     -864.983823        0.138533
FIRE:  407 14:15:39     -864.995415        0.217860
FIRE:  408 14:15:39     -865.003583        0.681497
FIRE:  409 14:15:39     -865.012747        0.161055
FIRE:  410 14:15:39     -865.012946        0.161144
FIRE:  411 14:15:39     -865.013314        0.161318
FIRE:  412 14:15:40     -865.013770        0.161563
FIRE:  413 14:15:40     -865.014356        0.161866
FIRE:  414 14:15:40     -865.015108        0.162205
FIRE:  415 14:15:40     -865.016047        0.162567
FIRE:  416 14:15:41     -865.017147        0.162949
FIRE:  417 14:15:41     -865.018501        0.163383
FIRE:  418 14:15:41     -865.020201        0.163867
FIRE:  419 14:15:41     -865.022393        0.164360
FIRE:  420 14:15:42     -865.025144        0.164759
FIRE:  421 14:15:42     -865.028532        0.164843
FIRE:  422 14:15:42     -865.032800        0.164249
FIRE:  423 14:15:42     -865.038036        0.162457
FIRE:  424 14:15:43     -865.044502        0.158641
FIRE:  425 14:15:43     -865.052251        0.151275
FIRE:  426 14:15:43     -865.061419        0.138056
FIRE:  427 14:15:43     -865.071852        0.116219
FIRE:  428 14:15:44     -865.082977        0.082788
FIRE:  429 14:15:44     -865.093328        0.229219
FIRE:  430 14:15:44     -865.096577        0.699845
FIRE:  431 14:15:44     -865.103691        0.077892
FIRE:  432 14:15:45     -865.099212        0.665895
FIRE:  433 14:15:45     -865.101708        0.491305
FIRE:  434 14:15:45     -865.104372        0.197443
FIRE:  435 14:15:45     -865.104937        0.128764
FIRE:  436 14:15:46     -865.104983        0.121103
FIRE:  437 14:15:46     -865.105071        0.106316
FIRE:  438 14:15:46     -865.105174        0.085230
FIRE:  439 14:15:46     -865.105307        0.062134
FIRE:  440 14:15:46     -865.105440        0.061285
FIRE:  441 14:15:47     -865.105575        0.060275
FIRE:  442 14:15:47     -865.105711        0.059100
FIRE:  443 14:15:47     -865.105869        0.057625
FIRE:  444 14:15:47     -865.106083        0.063077
FIRE:  445 14:15:48     -865.106347        0.067088
FIRE:  446 14:15:48     -865.106697        0.056571
FIRE:  447 14:15:48     -865.107130        0.053761
FIRE:  448 14:15:48     -865.107629        0.053117
FIRE:  449 14:15:49     -865.108202        0.052337
FIRE:  450 14:15:49     -865.108893        0.054180
FIRE:  451 14:15:49     -865.109731        0.050336
FIRE:  452 14:15:49     -865.110727        0.049070
FIRE:  453 14:15:50     -865.111859        0.047559
FIRE:  454 14:15:50     -865.113215        0.045762
FIRE:  455 14:15:50     -865.114789        0.043663
FIRE:  456 14:15:50     -865.116629        0.043386
FIRE:  457 14:15:51     -865.118805        0.041371
FIRE:  458 14:15:51     -865.121334        0.044484
FIRE:  459 14:15:51     -865.124323        0.045875
FIRE:  460 14:15:51     -865.127819        0.045120
FIRE:  461 14:15:52     -865.131916        0.041578
FIRE:  462 14:15:52     -865.136605        0.053517
FIRE:  463 14:15:52     -865.141499        0.175978
FIRE:  464 14:15:52     -865.143649        0.515684
FIRE:  465 14:15:53     -865.147586        0.047246
FIRE:  466 14:15:53     -865.144734        0.492468
FIRE:  467 14:15:53     -865.146198        0.361616
FIRE:  468 14:15:53     -865.147747        0.140093
FIRE:  469 14:15:54     -865.147962        0.107716
FIRE:  470 14:15:54     -865.147988        0.101143
FIRE:  471 14:15:54     -865.148040        0.088485
FIRE:  472 14:15:54     -865.148105        0.070394
FIRE:  473 14:15:54     -865.148162        0.048244
FIRE:  474 14:15:55     -865.148233        0.047871
FIRE:  475 14:15:55     -865.148286        0.047823
FIRE:  476 14:15:55     -865.148340        0.047795
FIRE:  477 14:15:55     -865.148392        0.047795
FIRE:  478 14:15:56     -865.148474        0.053455
FIRE:  479 14:15:56     -865.148576        0.055504
FIRE:  480 14:15:56     -865.148734        0.048119
FIRE:  481 14:15:56     -865.148922        0.048373
FIRE:  482 14:15:57     -865.149131        0.048697
FIRE:  483 14:15:57     -865.149373        0.049061
FIRE:  484 14:15:57     -865.149665        0.049417
FIRE:  485 14:15:57     -865.150064        0.049738
FIRE:  486 14:15:58     -865.150531        0.050056
FIRE:  487 14:15:58     -865.151077        0.050498
FIRE:  488 14:15:58     -865.151770        0.051215
FIRE:  489 14:15:58     -865.152595        0.052235
FIRE:  490 14:15:59     -865.153599        0.053348
FIRE:  491 14:15:59     -865.154840        0.054401
FIRE:  492 14:15:59     -865.156329        0.055774
FIRE:  493 14:15:59     -865.158135        0.057786
FIRE:  494 14:16:00     -865.160342        0.059675
FIRE:  495 14:16:00     -865.163034        0.061890
FIRE:  496 14:16:00     -865.166261        0.069586
FIRE:  497 14:16:00     -865.169785        0.189651
FIRE:  498 14:16:01     -865.171183        0.502666
FIRE:  499 14:16:01     -865.175060        0.068066
FIRE:  500 14:16:01     -865.172263        0.483231
FIRE:  501 14:16:01     -865.173752        0.350999
FIRE:  502 14:16:02     -865.175285        0.128262
FIRE:  503 14:16:02     -865.175439        0.118174
FIRE:  504 14:16:02     -865.175472        0.110744
FIRE:  505 14:16:02     -865.175530        0.096303
FIRE:  506 14:16:02     -865.175611        0.075898
FIRE:  507 14:16:03     -865.175684        0.068417
FIRE:  508 14:16:03     -865.175760        0.068304
FIRE:  509 14:16:03     -865.175831        0.068193
FIRE:  510 14:16:03     -865.175882        0.068098
FIRE:  511 14:16:04     -865.175943        0.068026
FIRE:  512 14:16:04     -865.176021        0.067992
FIRE:  513 14:16:04     -865.176150        0.068009
FIRE:  514 14:16:04     -865.176330        0.068088
FIRE:  515 14:16:05     -865.176539        0.068228
FIRE:  516 14:16:05     -865.176787        0.068404
FIRE:  517 14:16:05     -865.177053        0.068562
FIRE:  518 14:16:05     -865.177418        0.068626
FIRE:  519 14:16:06     -865.177863        0.068556
FIRE:  520 14:16:06     -865.178414        0.068364
FIRE:  521 14:16:06     -865.179061        0.068180
FIRE:  522 14:16:06     -865.179887        0.068136
FIRE:  523 14:16:07     -865.180888        0.068169
FIRE:  524 14:16:07     -865.182088        0.067885
FIRE:  525 14:16:07     -865.183586        0.067018
FIRE:  526 14:16:07     -865.185401        0.065911
FIRE:  527 14:16:07     -865.187613        0.064590
FIRE:  528 14:16:08     -865.190317        0.061699
FIRE:  529 14:16:08     -865.193602        0.057715
FIRE:  530 14:16:08     -865.197534        0.055864
FIRE:  531 14:16:08     -865.202049        0.101339
FIRE:  532 14:16:09     -865.205148        0.354877
FIRE:  533 14:16:09     -865.207802        0.069212
FIRE:  534 14:16:09     -865.207834        0.069297
FIRE:  535 14:16:09     -865.207912        0.069464
FIRE:  536 14:16:10     -865.208035        0.069708
FIRE:  537 14:16:10     -865.208188        0.070021
FIRE:  538 14:16:10     -865.208387        0.070397
FIRE:  539 14:16:10     -865.208615        0.070832
FIRE:  540 14:16:11     -865.208896        0.071329
FIRE:  541 14:16:11     -865.209250        0.071959
FIRE:  542 14:16:11     -865.209692        0.072760
FIRE:  543 14:16:11     -865.210254        0.073776
FIRE:  544 14:16:12     -865.210969        0.075046
FIRE:  545 14:16:12     -865.211868        0.076593
FIRE:  546 14:16:12     -865.212989        0.078442
FIRE:  547 14:16:12     -865.214408        0.080660
FIRE:  548 14:16:13     -865.216185        0.083318
FIRE:  549 14:16:13     -865.218435        0.086395
FIRE:  550 14:16:13     -865.221276        0.089748
FIRE:  551 14:16:13     -865.224867        0.093306
FIRE:  552 14:16:13     -865.229426        0.096546
FIRE:  553 14:16:14     -865.235168        0.098633
FIRE:  554 14:16:14     -865.242311        0.098107
FIRE:  555 14:16:14     -865.250627        0.150151
FIRE:  556 14:16:14     -865.251223        0.854762
FIRE:  557 14:16:15     -865.258809        0.382391
FIRE:  558 14:16:15     -865.259997        0.254645
FIRE:  559 14:16:15     -865.260990        0.082838
FIRE:  560 14:16:15     -865.260792        0.188275
FIRE:  561 14:16:16     -865.260878        0.171377
FIRE:  562 14:16:16     -865.261043        0.139246
FIRE:  563 14:16:16     -865.261239        0.095042
FIRE:  564 14:16:16     -865.261386        0.082556
FIRE:  565 14:16:17     -865.261509        0.082476
FIRE:  566 14:16:17     -865.261576        0.082381
FIRE:  567 14:16:17     -865.261650        0.087002
FIRE:  568 14:16:17     -865.261769        0.104578
FIRE:  569 14:16:18     -865.261967        0.102588
FIRE:  570 14:16:18     -865.262260        0.081899
FIRE:  571 14:16:18     -865.262612        0.081738
FIRE:  572 14:16:18     -865.262966        0.081547
FIRE:  573 14:16:19     -865.263345        0.081316
FIRE:  574 14:16:19     -865.263859        0.081041
FIRE:  575 14:16:19     -865.264564        0.080711
FIRE:  576 14:16:19     -865.265322        0.080307
FIRE:  577 14:16:20     -865.266209        0.079807
FIRE:  578 14:16:20     -865.267392        0.079177
FIRE:  579 14:16:20     -865.268710        0.078326
FIRE:  580 14:16:20     -865.270326        0.077146
FIRE:  581 14:16:21     -865.272220        0.075468
FIRE:  582 14:16:21     -865.274521        0.073142
FIRE:  583 14:16:21     -865.277096        0.086750
FIRE:  584 14:16:21     -865.280113        0.102449
FIRE:  585 14:16:21     -865.283517        0.110955
FIRE:  586 14:16:22     -865.287010        0.189995
FIRE:  587 14:16:22     -865.288935        0.468987
FIRE:  588 14:16:22     -865.291632        0.052699
FIRE:  589 14:16:22     -865.291661        0.052679
FIRE:  590 14:16:23     -865.291720        0.052638
FIRE:  591 14:16:23     -865.291777        0.052579
FIRE:  592 14:16:23     -865.291874        0.052507
FIRE:  593 14:16:23     -865.291991        0.052423
FIRE:  594 14:16:24     -865.292129        0.052332
FIRE:  595 14:16:24     -865.292293        0.052237
FIRE:  596 14:16:24     -865.292495        0.052130
FIRE:  597 14:16:24     -865.292759        0.052013
FIRE:  598 14:16:25     -865.293086        0.051884
FIRE:  599 14:16:25     -865.293479        0.051745
FIRE:  600 14:16:25     -865.293974        0.051594
FIRE:  601 14:16:25     -865.294575        0.051420
FIRE:  602 14:16:26     -865.295314        0.051197
FIRE:  603 14:16:26     -865.296209        0.050877
FIRE:  604 14:16:26     -865.297281        0.050412
FIRE:  605 14:16:26     -865.298582        0.049787
FIRE:  606 14:16:27     -865.300122        0.049008
FIRE:  607 14:16:27     -865.301949        0.048191
FIRE:  608 14:16:27     -865.304085        0.047588
FIRE:  609 14:16:27     -865.306477        0.070670
FIRE:  610 14:16:27     -865.308128        0.299285
FIRE:  611 14:16:28     -865.309328        0.048432
FIRE:  612 14:16:28     -865.309343        0.048440
FIRE:  613 14:16:28     -865.309371        0.048459
FIRE:  614 14:16:28     -865.309424        0.048487
FIRE:  615 14:16:29     -865.309482        0.048524
FIRE:  616 14:16:29     -865.309557        0.048570
FIRE:  617 14:16:29     -865.309646        0.048628
FIRE:  618 14:16:29     -865.309746        0.048695
FIRE:  619 14:16:30     -865.309884        0.048787
FIRE:  620 14:16:30     -865.310044        0.048908
FIRE:  621 14:16:30     -865.310253        0.049068
FIRE:  622 14:16:30     -865.310522        0.049279
FIRE:  623 14:16:31     -865.310842        0.049552
FIRE:  624 14:16:31     -865.311240        0.049897
FIRE:  625 14:16:31     -865.311742        0.050339
FIRE:  626 14:16:31     -865.312356        0.050912
FIRE:  627 14:16:32     -865.313104        0.051660
FIRE:  628 14:16:32     -865.314043        0.052651
FIRE:  629 14:16:32     -865.315190        0.054000
FIRE:  630 14:16:32     -865.316608        0.055860
FIRE:  631 14:16:33     -865.318359        0.058452
FIRE:  632 14:16:33     -865.320229        0.171159
FIRE:  633 14:16:33     -865.319219        0.559048
FIRE:  634 14:16:33     -865.323259        0.072962
FIRE:  635 14:16:33     -865.323315        0.066689
FIRE:  636 14:16:34     -865.323383        0.066765
FIRE:  637 14:16:34     -865.323453        0.066885
FIRE:  638 14:16:34     -865.323518        0.067048
FIRE:  639 14:16:34     -865.323618        0.067251
FIRE:  640 14:16:35     -865.323773        0.067491
FIRE:  641 14:16:35     -865.323940        0.067770
FIRE:  642 14:16:35     -865.324128        0.068128
FIRE:  643 14:16:35     -865.324359        0.068578
FIRE:  644 14:16:36     -865.324681        0.069138
FIRE:  645 14:16:36     -865.325074        0.069839
FIRE:  646 14:16:36     -865.325562        0.070719
FIRE:  647 14:16:36     -865.326185        0.071807
FIRE:  648 14:16:37     -865.326958        0.073155
FIRE:  649 14:16:37     -865.327950        0.074788
FIRE:  650 14:16:37     -865.329185        0.076785
FIRE:  651 14:16:37     -865.330763        0.079185
FIRE:  652 14:16:38     -865.332788        0.081969
FIRE:  653 14:16:38     -865.335334        0.085084
FIRE:  654 14:16:38     -865.338357        0.154840
FIRE:  655 14:16:38     -865.340219        0.462077
FIRE:  656 14:16:39     -865.342834        0.090849
FIRE:  657 14:16:39     -865.342879        0.090868
FIRE:  658 14:16:39     -865.342963        0.090906
FIRE:  659 14:16:39     -865.343059        0.090962
FIRE:  660 14:16:39     -865.343196        0.091034
FIRE:  661 14:16:40     -865.343370        0.091120
FIRE:  662 14:16:40     -865.343590        0.091219
FIRE:  663 14:16:40     -865.343833        0.091328
FIRE:  664 14:16:40     -865.344134        0.091453
FIRE:  665 14:16:41     -865.344531        0.091598
FIRE:  666 14:16:41     -865.345026        0.091752
FIRE:  667 14:16:41     -865.345647        0.091903
FIRE:  668 14:16:41     -865.346423        0.092018
FIRE:  669 14:16:42     -865.347387        0.092051
FIRE:  670 14:16:42     -865.348567        0.091908
FIRE:  671 14:16:42     -865.350047        0.091435
FIRE:  672 14:16:42     -865.351841        0.090382
FIRE:  673 14:16:42     -865.354015        0.088335
FIRE:  674 14:16:43     -865.356604        0.084611
FIRE:  675 14:16:43     -865.359599        0.078108
FIRE:  676 14:16:43     -865.362880        0.067155
FIRE:  677 14:16:43     -865.365645        0.205355
FIRE:  678 14:16:44     -865.362169        0.764931
FIRE:  679 14:16:44     -865.368485        0.156838
FIRE:  680 14:16:44     -865.368645        0.112327
FIRE:  681 14:16:44     -865.368815        0.035375
FIRE:  682 14:16:45     -865.368830        0.050610
FIRE:  683 14:16:45     -865.368840        0.046967
FIRE:  684 14:16:45     -865.368849        0.039944
FIRE:  685 14:16:45     -865.368859        0.030109
FIRE:  686 14:16:46     -865.368878        0.025087
FIRE:  687 14:16:46     -865.368896        0.025055
FIRE:  688 14:16:46     -865.368915        0.025015
FIRE:  689 14:16:46     -865.368925        0.024970
FIRE:  690 14:16:47     -865.368951        0.024915
FIRE:  691 14:16:47     -865.368974        0.026944
FIRE:  692 14:16:47     -865.369011        0.024776
FIRE:  693 14:16:47     -865.369059        0.024688
FIRE:  694 14:16:48     -865.369105        0.024583
FIRE:  695 14:16:48     -865.369172        0.024459
FIRE:  696 14:16:48     -865.369248        0.024314
FIRE:  697 14:16:48     -865.369341        0.024142
FIRE:  698 14:16:49     -865.369456        0.023938
FIRE:  699 14:16:49     -865.369587        0.023679
FIRE:  700 14:16:49     -865.369737        0.023345
FIRE:  701 14:16:49     -865.369918        0.022895
FIRE:  702 14:16:50     -865.370122        0.022275
FIRE:  703 14:16:50     -865.370371        0.021434
FIRE:  704 14:16:50     -865.370650        0.020284
FIRE:  705 14:16:50     -865.370976        0.018763
[prep] P1_Al2O3_G: fmax 0.0188 (target 0.02) · steps 705 · converged True · 2.8 min
WARNING:root:If 'dataset_list' is provided in the config, the code assumes that each dataset maps to itself. Please use 'dataset_mapping' as 'dataset_list' is deprecated and will be removed in the future.
      Step     Time          Energy          fmax
FIRE:    0 14:16:57     -844.283698        3.204450
FIRE:    1 14:16:58     -844.717563        2.975814
FIRE:    2 14:16:58     -845.371022        2.497517
FIRE:    3 14:16:58     -845.983680        1.909998
FIRE:    4 14:16:58     -846.460839        1.769755
FIRE:    5 14:16:59     -846.854550        1.783712
FIRE:    6 14:16:59     -847.164476        1.735561
FIRE:    7 14:16:59     -847.401533        2.442468
FIRE:    8 14:16:59     -847.719956        2.104751
FIRE:    9 14:16:59     -848.060317        1.309388
FIRE:   10 14:17:00     -848.297697        1.031977
FIRE:   11 14:17:00     -848.482303        1.042568
FIRE:   12 14:17:00     -848.663111        1.169937
FIRE:   13 14:17:00     -848.797946        1.119528
FIRE:   14 14:17:01     -848.922993        1.211983
FIRE:   15 14:17:01     -849.072105        0.824627
FIRE:   16 14:17:01     -849.179048        0.725569
FIRE:   17 14:17:01     -849.283226        0.861669
FIRE:   18 14:17:01     -849.416757        0.797056
FIRE:   19 14:17:02     -849.562757        0.655392
FIRE:   20 14:17:02     -849.686945        0.394777
FIRE:   21 14:17:02     -849.771850        0.483412
FIRE:   22 14:17:02     -849.865094        0.746510
FIRE:   23 14:17:03     -849.976882        0.424976
FIRE:   24 14:17:03     -850.085846        0.379203
FIRE:   25 14:17:03     -850.186157        0.436028
FIRE:   26 14:17:03     -850.301261        0.326068
FIRE:   27 14:17:04     -850.408073        0.315469
FIRE:   28 14:17:04     -850.503900        0.326065
FIRE:   29 14:17:04     -850.611200        0.229650
FIRE:   30 14:17:04     -850.715087        0.220092
FIRE:   31 14:17:05     -850.819888        0.273246
FIRE:   32 14:17:05     -850.920156        0.256049
FIRE:   33 14:17:05     -851.010531        0.262590
FIRE:   34 14:17:05     -851.100613        0.251542
FIRE:   35 14:17:06     -851.185828        0.235223
FIRE:   36 14:17:06     -851.275080        0.221600
FIRE:   37 14:17:06     -851.364109        0.221542
FIRE:   38 14:17:06     -851.448532        0.181329
FIRE:   39 14:17:07     -851.528253        0.140867
FIRE:   40 14:17:07     -851.597403        0.138414
FIRE:   41 14:17:07     -851.657699        0.149930
FIRE:   42 14:17:07     -851.711611        0.159680
FIRE:   43 14:17:08     -851.761225        0.237726
FIRE:   44 14:17:08     -851.811793        0.299532
FIRE:   45 14:17:08     -851.865426        0.292549
FIRE:   46 14:17:08     -851.923396        0.225507
FIRE:   47 14:17:08     -851.983059        0.151126
FIRE:   48 14:17:09     -852.043853        0.157595
FIRE:   49 14:17:09     -852.106042        0.157748
FIRE:   50 14:17:09     -852.166396        0.161485
FIRE:   51 14:17:09     -852.221241        0.148381
FIRE:   52 14:17:10     -852.273259        0.152389
FIRE:   53 14:17:10     -852.323865        0.154456
FIRE:   54 14:17:10     -852.372825        0.155444
FIRE:   55 14:17:10     -852.422232        0.161116
FIRE:   56 14:17:11     -852.471984        0.168583
FIRE:   57 14:17:11     -852.518943        0.152419
FIRE:   58 14:17:11     -852.561767        0.143204
FIRE:   59 14:17:11     -852.601966        0.149716
FIRE:   60 14:17:12     -852.641645        0.147103
FIRE:   61 14:17:12     -852.682413        0.194815
FIRE:   62 14:17:12     -852.726877        0.215763
FIRE:   63 14:17:12     -852.777991        0.197835
FIRE:   64 14:17:13     -852.834955        0.182923
FIRE:   65 14:17:13     -852.895225        0.157951
FIRE:   66 14:17:13     -852.955573        0.175169
FIRE:   67 14:17:13     -853.012657        0.187911
FIRE:   68 14:17:14     -853.064203        0.192911
FIRE:   69 14:17:14     -853.110340        0.186539
FIRE:   70 14:17:14     -853.152426        0.187886
FIRE:   71 14:17:14     -853.192917        0.217559
FIRE:   72 14:17:15     -853.233371        0.205436
FIRE:   73 14:17:15     -853.274065        0.211448
FIRE:   74 14:17:15     -853.317231        0.215215
FIRE:   75 14:17:15     -853.366342        0.218240
FIRE:   76 14:17:15     -853.422428        0.207848
FIRE:   77 14:17:16     -853.483960        0.200671
FIRE:   78 14:17:16     -853.547878        0.196643
FIRE:   79 14:17:16     -853.610103        0.196683
FIRE:   80 14:17:16     -853.666184        0.187306
FIRE:   81 14:17:17     -853.712229        0.166394
FIRE:   82 14:17:17     -853.747471        0.208337
FIRE:   83 14:17:17     -853.774859        0.276843
FIRE:   84 14:17:17     -853.799969        0.313076
FIRE:   85 14:17:18     -853.827619        0.306519
FIRE:   86 14:17:18     -853.858101        0.235364
FIRE:   87 14:17:18     -853.887905        0.245408
FIRE:   88 14:17:18     -853.914091        0.211704
FIRE:   89 14:17:19     -853.936056        0.212253
FIRE:   90 14:17:19     -853.955784        0.218779
FIRE:   91 14:17:19     -853.976994        0.201523
FIRE:   92 14:17:19     -854.002803        0.199579
FIRE:   93 14:17:20     -854.033994        0.158944
FIRE:   94 14:17:20     -854.069383        0.153006
FIRE:   95 14:17:20     -854.107525        0.157774
FIRE:   96 14:17:20     -854.147350        0.142220
FIRE:   97 14:17:20     -854.187132        0.149713
FIRE:   98 14:17:21     -854.224838        0.127372
FIRE:   99 14:17:21     -854.259028        0.132608
FIRE:  100 14:17:21     -854.289732        0.153962
FIRE:  101 14:17:21     -854.318733        0.192918
FIRE:  102 14:17:22     -854.348606        0.223830
FIRE:  103 14:17:22     -854.381117        0.251004
FIRE:  104 14:17:22     -854.415138        0.237380
FIRE:  105 14:17:22     -854.447249        0.206606
FIRE:  106 14:17:23     -854.474699        0.189871
FIRE:  107 14:17:23     -854.495227        0.187493
FIRE:  108 14:17:23     -854.505905        0.192619
FIRE:  109 14:17:23     -854.602674        0.121337
FIRE:  110 14:17:24     -854.620935        0.537398
FIRE:  111 14:17:24     -854.624114        0.777479
FIRE:  112 14:17:24     -854.663665        0.265949
FIRE:  113 14:17:24     -854.669730        0.364906
FIRE:  114 14:17:25     -854.672179        0.307860
FIRE:  115 14:17:25     -854.675937        0.202093
FIRE:  116 14:17:25     -854.679350        0.098960
FIRE:  117 14:17:25     -854.681378        0.097316
FIRE:  118 14:17:26     -854.682408        0.190801
FIRE:  119 14:17:26     -854.683798        0.244717
FIRE:  120 14:17:26     -854.686489        0.237828
FIRE:  121 14:17:26     -854.690870        0.167447
FIRE:  122 14:17:26     -854.695997        0.094647
FIRE:  123 14:17:27     -854.700382        0.104731
FIRE:  124 14:17:27     -854.704494        0.174972
FIRE:  125 14:17:27     -854.710618        0.138885
FIRE:  126 14:17:27     -854.718699        0.094577
FIRE:  127 14:17:28     -854.726303        0.150224
FIRE:  128 14:17:28     -854.735311        0.123818
FIRE:  129 14:17:28     -854.746705        0.086746
FIRE:  130 14:17:28     -854.757869        0.114524
FIRE:  131 14:17:29     -854.771274        0.097931
FIRE:  132 14:17:29     -854.784340        0.102339
FIRE:  133 14:17:29     -854.798749        0.143360
FIRE:  134 14:17:29     -854.812501        0.179494
FIRE:  135 14:17:30     -854.825494        0.211398
FIRE:  136 14:17:30     -854.836258        0.320675
FIRE:  137 14:17:30     -854.841999        0.094081
FIRE:  138 14:17:30     -854.840566        0.262081
FIRE:  139 14:17:31     -854.841783        0.205327
FIRE:  140 14:17:31     -854.843369        0.104881
FIRE:  141 14:17:31     -854.844329        0.094292
FIRE:  142 14:17:31     -854.844443        0.116415
FIRE:  143 14:17:32     -854.844526        0.110028
FIRE:  144 14:17:32     -854.844692        0.097571
FIRE:  145 14:17:32     -854.844909        0.096200
FIRE:  146 14:17:32     -854.845151        0.096111
FIRE:  147 14:17:32     -854.845409        0.096028
FIRE:  148 14:17:33     -854.845668        0.095967
FIRE:  149 14:17:33     -854.845923        0.095949
FIRE:  150 14:17:33     -854.846202        0.096001
FIRE:  151 14:17:34     -854.846542        0.096170
FIRE:  152 14:17:34     -854.846997        0.096499
FIRE:  153 14:17:34     -854.847606        0.097046
FIRE:  154 14:17:34     -854.848375        0.097864
FIRE:  155 14:17:34     -854.849324        0.098997
FIRE:  156 14:17:35     -854.850424        0.100454
FIRE:  157 14:17:35     -854.851718        0.102168
FIRE:  158 14:17:35     -854.853346        0.104015
FIRE:  159 14:17:35     -854.855386        0.105904
FIRE:  160 14:17:36     -854.857832        0.107876
FIRE:  161 14:17:36     -854.860784        0.110228
FIRE:  162 14:17:36     -854.864475        0.113380
FIRE:  163 14:17:36     -854.868980        0.117447
FIRE:  164 14:17:37     -854.874533        0.121563
FIRE:  165 14:17:37     -854.881400        0.124176
FIRE:  166 14:17:37     -854.889847        0.124473
FIRE:  167 14:17:37     -854.900081        0.121692
FIRE:  168 14:17:38     -854.912072        0.110009
FIRE:  169 14:17:38     -854.925114        0.082716
FIRE:  170 14:17:38     -854.937378        0.103453
FIRE:  171 14:17:38     -854.945205        0.297058
FIRE:  172 14:17:39     -854.948595        0.093752
FIRE:  173 14:17:39     -854.948153        0.240637
FIRE:  174 14:17:39     -854.948968        0.186629
FIRE:  175 14:17:39     -854.950022        0.090861
FIRE:  176 14:17:39     -854.950658        0.068024
FIRE:  177 14:17:40     -854.950791        0.118239
FIRE:  178 14:17:40     -854.950871        0.111677
FIRE:  179 14:17:40     -854.950984        0.098992
FIRE:  180 14:17:40     -854.951158        0.080865
FIRE:  181 14:17:41     -854.951353        0.060644
FIRE:  182 14:17:41     -854.951544        0.059237
FIRE:  183 14:17:41     -854.951739        0.057654
FIRE:  184 14:17:41     -854.951910        0.055914
FIRE:  185 14:17:42     -854.952118        0.053840
FIRE:  186 14:17:42     -854.952362        0.052400
FIRE:  187 14:17:42     -854.952689        0.059009
FIRE:  188 14:17:42     -854.953118        0.053665
FIRE:  189 14:17:43     -854.953645        0.045006
FIRE:  190 14:17:43     -854.954254        0.044848
FIRE:  191 14:17:43     -854.954898        0.044646
FIRE:  192 14:17:43     -854.955634        0.046730
FIRE:  193 14:17:44     -854.956533        0.044009
FIRE:  194 14:17:44     -854.957580        0.043519
FIRE:  195 14:17:44     -854.958722        0.042877
FIRE:  196 14:17:44     -854.960029        0.042068
FIRE:  197 14:17:45     -854.961574        0.041037
FIRE:  198 14:17:45     -854.963303        0.039623
FIRE:  199 14:17:45     -854.965343        0.039134
FIRE:  200 14:17:45     -854.967644        0.040031
FIRE:  201 14:17:46     -854.970302        0.032183
FIRE:  202 14:17:46     -854.973188        0.033401
FIRE:  203 14:17:46     -854.976199        0.061620
FIRE:  204 14:17:46     -854.979127        0.093644
FIRE:  205 14:17:47     -854.981587        0.159490
FIRE:  206 14:17:47     -854.982203        0.324651
FIRE:  207 14:17:47     -854.984981        0.023811
FIRE:  208 14:17:47     -854.983149        0.283644
FIRE:  209 14:17:47     -854.984012        0.217701
FIRE:  210 14:17:48     -854.985016        0.101273
FIRE:  211 14:17:48     -854.985308        0.038085
FIRE:  212 14:17:48     -854.985317        0.035877
FIRE:  213 14:17:48     -854.985336        0.031606
FIRE:  214 14:17:49     -854.985351        0.025530
FIRE:  215 14:17:49     -854.985386        0.024054
FIRE:  216 14:17:49     -854.985410        0.024067
FIRE:  217 14:17:49     -854.985449        0.024080
FIRE:  218 14:17:50     -854.985476        0.024100
FIRE:  219 14:17:50     -854.985520        0.024122
FIRE:  220 14:17:50     -854.985567        0.024157
FIRE:  221 14:17:50     -854.985635        0.024201
FIRE:  222 14:17:51     -854.985720        0.024258
FIRE:  223 14:17:51     -854.985824        0.024332
FIRE:  224 14:17:51     -854.985948        0.024422
FIRE:  225 14:17:51     -854.986083        0.024538
FIRE:  226 14:17:52     -854.986264        0.024674
FIRE:  227 14:17:52     -854.986464        0.024841
FIRE:  228 14:17:52     -854.986725        0.025045
FIRE:  229 14:17:52     -854.987015        0.025306
FIRE:  230 14:17:53     -854.987369        0.025639
FIRE:  231 14:17:53     -854.987787        0.026063
FIRE:  232 14:17:53     -854.988288        0.026588
FIRE:  233 14:17:53     -854.988895        0.027224
FIRE:  234 14:17:53     -854.989609        0.028008
FIRE:  235 14:17:54     -854.990483        0.028976
FIRE:  236 14:17:54     -854.991526        0.030102
FIRE:  237 14:17:54     -854.992769        0.031343
FIRE:  238 14:17:54     -854.994228        0.034569
FIRE:  239 14:17:55     -854.995838        0.082749
FIRE:  240 14:17:55     -854.996908        0.209384
FIRE:  241 14:17:55     -854.998085        0.033556
FIRE:  242 14:17:55     -854.997336        0.184870
FIRE:  243 14:17:56     -854.997725        0.140261
FIRE:  244 14:17:56     -854.998159        0.061846
FIRE:  245 14:17:56     -854.998283        0.033541
FIRE:  246 14:17:56     -854.998282        0.033539
FIRE:  247 14:17:57     -854.998297        0.033538
FIRE:  248 14:17:57     -854.998312        0.033533
FIRE:  249 14:17:57     -854.998336        0.033527
FIRE:  250 14:17:57     -854.998356        0.033522
FIRE:  251 14:17:57     -854.998380        0.033514
FIRE:  252 14:17:58     -854.998401        0.033507
FIRE:  253 14:17:58     -854.998426        0.033500
FIRE:  254 14:17:58     -854.998464        0.033490
FIRE:  255 14:17:58     -854.998511        0.033480
FIRE:  256 14:17:59     -854.998579        0.033467
FIRE:  257 14:17:59     -854.998656        0.033452
FIRE:  258 14:17:59     -854.998746        0.033429
FIRE:  259 14:17:59     -854.998849        0.033396
FIRE:  260 14:18:00     -854.998988        0.033347
FIRE:  261 14:18:00     -854.999163        0.033269
FIRE:  262 14:18:00     -854.999368        0.033158
FIRE:  263 14:18:00     -854.999626        0.032999
FIRE:  264 14:18:00     -854.999927        0.032777
FIRE:  265 14:18:01     -855.000300        0.032456
FIRE:  266 14:18:01     -855.000747        0.031973
FIRE:  267 14:18:01     -855.001294        0.031252
FIRE:  268 14:18:01     -855.001936        0.030196
FIRE:  269 14:18:02     -855.002701        0.028655
FIRE:  270 14:18:02     -855.003597        0.026390
FIRE:  271 14:18:02     -855.004641        0.023152
FIRE:  272 14:18:02     -855.005815        0.018627
[prep] P2_Al2S3_G: fmax 0.0186 (target 0.02) · steps 272 · converged True · 1.1 min
WARNING:root:If 'dataset_list' is provided in the config, the code assumes that each dataset maps to itself. Please use 'dataset_mapping' as 'dataset_list' is deprecated and will be removed in the future.
      Step     Time          Energy          fmax
FIRE:    0 14:18:10     -846.193999        4.906981
FIRE:    1 14:18:10     -847.625511        5.138567
FIRE:    2 14:18:10     -849.894451        5.094052
FIRE:    3 14:18:10     -851.839516        3.594899
FIRE:    4 14:18:11     -852.888984        3.480463
FIRE:    5 14:18:11     -852.738765       10.223999
FIRE:    6 14:18:11     -853.392167        6.352147
FIRE:    7 14:18:11     -853.937876        1.993461
FIRE:    8 14:18:12     -854.071158        2.206620
FIRE:    9 14:18:12     -854.087022        2.147823
FIRE:   10 14:18:12     -854.117797        2.030195
FIRE:   11 14:18:12     -854.161687        1.854383
FIRE:   12 14:18:13     -854.216230        1.623425
FIRE:   13 14:18:13     -854.278702        1.345605
FIRE:   14 14:18:13     -854.346475        1.039730
FIRE:   15 14:18:13     -854.417750        0.908121
FIRE:   16 14:18:13     -854.499965        0.890869
FIRE:   17 14:18:14     -854.596015        1.098778
FIRE:   18 14:18:14     -854.711655        1.321301
FIRE:   19 14:18:14     -854.854276        1.319640
FIRE:   20 14:18:14     -855.028943        1.072106
FIRE:   21 14:18:15     -855.234372        1.184862
FIRE:   22 14:18:15     -855.465256        1.277163
FIRE:   23 14:18:15     -855.721188        1.309041
FIRE:   24 14:18:15     -856.006446        1.235774
FIRE:   25 14:18:16     -856.311645        1.045694
FIRE:   26 14:18:16     -856.604303        0.754326
FIRE:   27 14:18:16     -856.867836        0.744079
FIRE:   28 14:18:16     -857.120610        0.943256
FIRE:   29 14:18:17     -857.351315        0.915335
FIRE:   30 14:18:17     -857.579734        0.888947
FIRE:   31 14:18:17     -857.802560        0.746905
FIRE:   32 14:18:17     -857.977123        0.644639
FIRE:   33 14:18:18     -858.106735        0.517039
FIRE:   34 14:18:18     -858.206877        0.588098
FIRE:   35 14:18:18     -858.326077        0.614292
FIRE:   36 14:18:18     -858.476769        0.631738
FIRE:   37 14:18:18     -858.656098        0.526433
FIRE:   38 14:18:19     -858.829289        0.447617
FIRE:   39 14:18:19     -858.984568        0.460555
FIRE:   40 14:18:19     -859.127238        0.478741
FIRE:   41 14:18:19     -859.281848        0.493647
FIRE:   42 14:18:20     -859.438264        0.379836
FIRE:   43 14:18:20     -859.573613        0.363984
FIRE:   44 14:18:20     -859.687894        0.318115
FIRE:   45 14:18:20     -859.790521        0.302943
FIRE:   46 14:18:21     -859.890459        0.425488
FIRE:   47 14:18:21     -859.994496        0.423597
FIRE:   48 14:18:21     -860.104070        0.321710
FIRE:   49 14:18:21     -860.214597        0.295835
FIRE:   50 14:18:21     -860.327332        0.286453
FIRE:   51 14:18:22     -860.441926        0.277895
FIRE:   52 14:18:22     -860.557428        0.293060
FIRE:   53 14:18:22     -860.676305        0.329923
FIRE:   54 14:18:22     -860.794000        0.366511
FIRE:   55 14:18:23     -860.906636        0.401879
FIRE:   56 14:18:23     -861.016446        0.301506
FIRE:   57 14:18:23     -861.127168        0.292764
FIRE:   58 14:18:23     -861.239924        0.298972
FIRE:   59 14:18:24     -861.354224        0.320095
FIRE:   60 14:18:24     -861.466440        0.286164
FIRE:   61 14:18:24     -861.568868        0.228334
FIRE:   62 14:18:24     -861.655651        0.219916
FIRE:   63 14:18:25     -861.726717        0.352985
FIRE:   64 14:18:25     -861.788952        0.475795
FIRE:   65 14:18:25     -861.853006        0.510435
FIRE:   66 14:18:25     -861.922254        0.445632
FIRE:   67 14:18:25     -861.989764        0.324889
FIRE:   68 14:18:26     -862.050245        0.410660
FIRE:   69 14:18:26     -862.104440        0.461176
FIRE:   70 14:18:26     -862.155244        0.415028
FIRE:   71 14:18:26     -862.205852        0.297654
FIRE:   72 14:18:27     -862.257305        0.226958
FIRE:   73 14:18:27     -862.309402        0.240332
FIRE:   74 14:18:27     -862.361633        0.286154
FIRE:   75 14:18:27     -862.412010        0.298207
FIRE:   76 14:18:28     -862.459864        0.278774
FIRE:   77 14:18:28     -862.507044        0.271127
FIRE:   78 14:18:28     -862.556645        0.330080
FIRE:   79 14:18:28     -862.613344        0.398730
FIRE:   80 14:18:29     -862.679978        0.402627
FIRE:   81 14:18:29     -862.754327        0.366351
FIRE:   82 14:18:29     -862.833228        0.340932
FIRE:   83 14:18:29     -862.914745        0.349175
FIRE:   84 14:18:29     -862.998420        0.370588
FIRE:   85 14:18:30     -863.084584        0.380087
FIRE:   86 14:18:30     -863.171455        0.360888
FIRE:   87 14:18:30     -863.255137        0.296289
FIRE:   88 14:18:30     -863.328895        0.217567
FIRE:   89 14:18:31     -863.384130        0.400368
FIRE:   90 14:18:31     -863.418316        0.616060
FIRE:   91 14:18:31     -863.443720        0.762226
FIRE:   92 14:18:32     -863.482336        0.737648
FIRE:   93 14:18:32     -863.535169        0.627174
FIRE:   94 14:18:32     -863.579210        0.410671
FIRE:   95 14:18:32     -863.604941        0.532879
FIRE:   96 14:18:32     -863.627332        0.726935
FIRE:   97 14:18:33     -863.660391        0.705991
FIRE:   98 14:18:33     -863.699498        0.561180
FIRE:   99 14:18:33     -863.735079        0.425151
FIRE:  100 14:18:33     -863.765056        0.365270
FIRE:  101 14:18:34     -863.792093        0.350224
FIRE:  102 14:18:34     -863.817890        0.368887
FIRE:  103 14:18:34     -863.843533        0.428115
FIRE:  104 14:18:34     -863.873085        0.478113
FIRE:  105 14:18:35     -863.910884        0.468983
FIRE:  106 14:18:35     -863.955206        0.388073
FIRE:  107 14:18:35     -863.997679        0.288508
FIRE:  108 14:18:35     -864.030265        0.282908
FIRE:  109 14:18:36     -864.052790        0.356669
FIRE:  110 14:18:36     -864.072071        0.411348
FIRE:  111 14:18:36     -864.095255        0.403373
FIRE:  112 14:18:36     -864.124752        0.331689
FIRE:  113 14:18:36     -864.157486        0.252748
FIRE:  114 14:18:37     -864.189122        0.256187
FIRE:  115 14:18:37     -864.217922        0.307468
FIRE:  116 14:18:37     -864.243368        0.336524
FIRE:  117 14:18:37     -864.265282        0.346398
FIRE:  118 14:18:38     -864.286106        0.329556
FIRE:  119 14:18:38     -864.308557        0.256661
FIRE:  120 14:18:38     -864.330282        0.222322
FIRE:  121 14:18:38     -864.346208        0.225987
FIRE:  122 14:18:39     -864.434500        0.939213
FIRE:  123 14:18:39     -863.592956       11.868983
FIRE:  124 14:18:39     -864.337273        2.883426
FIRE:  125 14:18:39     -864.489375        0.571268
FIRE:  126 14:18:39     -864.344344        4.228281
FIRE:  127 14:18:40     -864.443519        2.440912
FIRE:  128 14:18:40     -864.503213        0.188233
FIRE:  129 14:18:40     -864.474227        1.492982
FIRE:  130 14:18:40     -864.478166        1.409075
FIRE:  131 14:18:41     -864.485192        1.242079
FIRE:  132 14:18:41     -864.493757        0.994477
FIRE:  133 14:18:41     -864.501883        0.672235
FIRE:  134 14:18:41     -864.507576        0.287642
FIRE:  135 14:18:42     -864.509461        0.132390
FIRE:  136 14:18:42     -864.509501        0.130056
FIRE:  137 14:18:42     -864.509571        0.125375
FIRE:  138 14:18:42     -864.509696        0.118494
FIRE:  139 14:18:43     -864.509842        0.109582
FIRE:  140 14:18:43     -864.510028        0.098839
FIRE:  141 14:18:43     -864.510240        0.091669
FIRE:  142 14:18:43     -864.510493        0.090599
FIRE:  143 14:18:43     -864.510805        0.089261
FIRE:  144 14:18:44     -864.511181        0.087591
FIRE:  145 14:18:44     -864.511639        0.085525
FIRE:  146 14:18:44     -864.512197        0.083007
FIRE:  147 14:18:44     -864.512878        0.080204
FIRE:  148 14:18:45     -864.513710        0.079468
FIRE:  149 14:18:45     -864.514708        0.078593
FIRE:  150 14:18:45     -864.515948        0.077562
FIRE:  151 14:18:45     -864.517443        0.076361
FIRE:  152 14:18:46     -864.519238        0.074979
FIRE:  153 14:18:46     -864.521373        0.073402
FIRE:  154 14:18:46     -864.523885        0.071633
FIRE:  155 14:18:46     -864.526841        0.069690
FIRE:  156 14:18:47     -864.530359        0.067628
FIRE:  157 14:18:47     -864.534487        0.065538
FIRE:  158 14:18:47     -864.539312        0.063565
FIRE:  159 14:18:47     -864.544948        0.061894
FIRE:  160 14:18:48     -864.551582        0.060681
FIRE:  161 14:18:48     -864.559314        0.060015
FIRE:  162 14:18:48     -864.568341        0.059893
FIRE:  163 14:18:48     -864.578802        0.060285
FIRE:  164 14:18:49     -864.590768        0.061207
FIRE:  165 14:18:49     -864.604341        0.062689
FIRE:  166 14:18:49     -864.619705        0.065880
FIRE:  167 14:18:49     -864.637129        0.069498
FIRE:  168 14:18:49     -864.657022        0.073082
FIRE:  169 14:18:50     -864.679917        0.076017
FIRE:  170 14:18:50     -864.706267        0.113485
FIRE:  171 14:18:50     -864.731196        0.551661
FIRE:  172 14:18:50     -864.660637        2.787397
FIRE:  173 14:18:51     -864.737427        1.340449
FIRE:  174 14:18:51     -864.755636        0.954577
FIRE:  175 14:18:51     -864.772241        0.234462
FIRE:  176 14:18:51     -864.767584        0.665584
FIRE:  177 14:18:52     -864.768807        0.604169
FIRE:  178 14:18:52     -864.770821        0.488499
FIRE:  179 14:18:52     -864.772982        0.331710
FIRE:  180 14:18:52     -864.774600        0.150945
FIRE:  181 14:18:53     -864.775307        0.095223
FIRE:  182 14:18:53     -864.775252        0.184588
FIRE:  183 14:18:53     -864.775294        0.180529
FIRE:  184 14:18:53     -864.775367        0.172503
FIRE:  185 14:18:54     -864.775498        0.160706
FIRE:  186 14:18:54     -864.775651        0.146918
FIRE:  187 14:18:54     -864.775826        0.130584
FIRE:  188 14:18:54     -864.776014        0.111889
FIRE:  189 14:18:54     -864.776220        0.095450
FIRE:  190 14:18:55     -864.776459        0.095485
FIRE:  191 14:18:55     -864.776704        0.095530
FIRE:  192 14:18:55     -864.776986        0.095588
FIRE:  193 14:18:55     -864.777297        0.095662
FIRE:  194 14:18:56     -864.777654        0.095755
FIRE:  195 14:18:56     -864.778095        0.095870
FIRE:  196 14:18:56     -864.778687        0.102090
FIRE:  197 14:18:56     -864.779445        0.096186
FIRE:  198 14:18:57     -864.780388        0.096399
FIRE:  199 14:18:57     -864.781542        0.096662
FIRE:  200 14:18:57     -864.782877        0.096985
FIRE:  201 14:18:57     -864.784455        0.097385
FIRE:  202 14:18:58     -864.786403        0.097872
FIRE:  203 14:18:58     -864.788852        0.098468
FIRE:  204 14:18:58     -864.791782        0.099199
FIRE:  205 14:18:58     -864.795258        0.100092
FIRE:  206 14:18:59     -864.799551        0.101179
FIRE:  207 14:18:59     -864.804765        0.102490
FIRE:  208 14:18:59     -864.810994        0.104073
FIRE:  209 14:18:59     -864.818662        0.105960
FIRE:  210 14:19:00     -864.827797        0.108166
FIRE:  211 14:19:00     -864.838930        0.110633
FIRE:  212 14:19:00     -864.852286        0.113216
FIRE:  213 14:19:00     -864.868239        0.115502
FIRE:  214 14:19:01     -864.887016        0.146634
FIRE:  215 14:19:01     -864.907927        0.318429
FIRE:  216 14:19:01     -864.925429        0.739208
FIRE:  217 14:19:01     -864.902474        2.198513
FIRE:  218 14:19:02     -864.956439        0.547074
FIRE:  219 14:19:02     -864.958495        0.403138
FIRE:  220 14:19:02     -864.960762        0.145645
FIRE:  221 14:19:02     -864.961320        0.157276
FIRE:  222 14:19:03     -864.961405        0.146122
FIRE:  223 14:19:03     -864.961562        0.124718
FIRE:  224 14:19:03     -864.961771        0.105747
FIRE:  225 14:19:03     -864.962009        0.105720
FIRE:  226 14:19:04     -864.962259        0.105684
FIRE:  227 14:19:04     -864.962531        0.105639
FIRE:  228 14:19:04     -864.962806        0.105588
FIRE:  229 14:19:04     -864.963174        0.105522
FIRE:  230 14:19:05     -864.963636        0.105439
FIRE:  231 14:19:05     -864.964253        0.105332
FIRE:  232 14:19:05     -864.965028        0.105194
FIRE:  233 14:19:05     -864.965964        0.105013
FIRE:  234 14:19:05     -864.967081        0.104771
FIRE:  235 14:19:06     -864.968420        0.104444
FIRE:  236 14:19:06     -864.970090        0.104001
FIRE:  237 14:19:06     -864.972141        0.103392
FIRE:  238 14:19:06     -864.974552        0.102555
FIRE:  239 14:19:07     -864.977460        0.101399
FIRE:  240 14:19:07     -864.980975        0.099799
FIRE:  241 14:19:07     -864.985092        0.097572
FIRE:  242 14:19:07     -864.990010        0.094493
FIRE:  243 14:19:08     -864.995716        0.090284
FIRE:  244 14:19:08     -865.002366        0.084739
FIRE:  245 14:19:08     -865.009932        0.077742
FIRE:  246 14:19:08     -865.018422        0.069669
FIRE:  247 14:19:09     -865.027507        0.168908
FIRE:  248 14:19:09     -865.035831        0.386495
FIRE:  249 14:19:09     -865.037912        0.938454
FIRE:  250 14:19:09     -865.048449        0.059858
FIRE:  251 14:19:10     -865.048530        0.059867
FIRE:  252 14:19:10     -865.048676        0.059884
FIRE:  253 14:19:10     -865.048891        0.059911
FIRE:  254 14:19:10     -865.049172        0.059949
FIRE:  255 14:19:11     -865.049525        0.059997
FIRE:  256 14:19:11     -865.049930        0.060058
FIRE:  257 14:19:11     -865.050418        0.060135
FIRE:  258 14:19:11     -865.051013        0.060238
FIRE:  259 14:19:12     -865.051768        0.060376
FIRE:  260 14:19:12     -865.052693        0.060564
FIRE:  261 14:19:12     -865.053842        0.060815
FIRE:  262 14:19:12     -865.055232        0.061157
FIRE:  263 14:19:12     -865.056933        0.061618
FIRE:  264 14:19:13     -865.059012        0.062242
FIRE:  265 14:19:13     -865.061543        0.063085
FIRE:  266 14:19:13     -865.064614        0.064224
FIRE:  267 14:19:13     -865.068368        0.065761
FIRE:  268 14:19:14     -865.072967        0.067815
FIRE:  269 14:19:14     -865.078633        0.070524
FIRE:  270 14:19:14     -865.085571        0.073999
FIRE:  271 14:19:14     -865.093648        0.202924
FIRE:  272 14:19:15     -865.098421        0.641258
FIRE:  273 14:19:15     -865.104776        0.082776
FIRE:  274 14:19:15     -865.100376        0.633917
FIRE:  275 14:19:15     -865.102917        0.453546
FIRE:  276 14:19:16     -865.105460        0.154376
FIRE:  277 14:19:16     -865.105692        0.167668
FIRE:  278 14:19:16     -865.105755        0.156803
FIRE:  279 14:19:16     -865.105866        0.135725
FIRE:  280 14:19:17     -865.106031        0.105842
FIRE:  281 14:19:17     -865.106201        0.083488
FIRE:  282 14:19:17     -865.106344        0.083532
FIRE:  283 14:19:17     -865.106488        0.083586
FIRE:  284 14:19:18     -865.106618        0.083651
FIRE:  285 14:19:18     -865.106756        0.083735
FIRE:  286 14:19:18     -865.106953        0.090367
FIRE:  287 14:19:18     -865.107242        0.089784
FIRE:  288 14:19:18     -865.107635        0.084133
FIRE:  289 14:19:19     -865.108118        0.084329
FIRE:  290 14:19:19     -865.108658        0.084569
FIRE:  291 14:19:19     -865.109291        0.084858
FIRE:  292 14:19:19     -865.110099        0.085199
FIRE:  293 14:19:20     -865.111136        0.085595
FIRE:  294 14:19:20     -865.112385        0.086057
FIRE:  295 14:19:20     -865.113859        0.086592
FIRE:  296 14:19:20     -865.115766        0.087196
FIRE:  297 14:19:21     -865.118064        0.087848
FIRE:  298 14:19:21     -865.120903        0.088490
FIRE:  299 14:19:21     -865.124436        0.089030
FIRE:  300 14:19:21     -865.128775        0.089338
FIRE:  301 14:19:22     -865.134137        0.089143
FIRE:  302 14:19:22     -865.140830        0.089366
FIRE:  303 14:19:22     -865.149110        0.094525
FIRE:  304 14:19:22     -865.159341        0.100753
FIRE:  305 14:19:23     -865.171586        0.163466
FIRE:  306 14:19:23     -865.181434        0.641816
FIRE:  307 14:19:23     -865.132821        2.041166
FIRE:  308 14:19:23     -865.202793        0.281275
FIRE:  309 14:19:24     -865.203592        0.187246
FIRE:  310 14:19:24     -865.204397        0.113554
FIRE:  311 14:19:24     -865.204636        0.114296
FIRE:  312 14:19:24     -865.204708        0.113384
FIRE:  313 14:19:25     -865.204828        0.113369
FIRE:  314 14:19:25     -865.204995        0.113346
FIRE:  315 14:19:25     -865.205174        0.113313
FIRE:  316 14:19:25     -865.205368        0.113269
FIRE:  317 14:19:26     -865.205563        0.113214
FIRE:  318 14:19:26     -865.205787        0.113146
FIRE:  319 14:19:26     -865.206072        0.113051
FIRE:  320 14:19:26     -865.206451        0.112929
FIRE:  321 14:19:27     -865.206955        0.112766
FIRE:  322 14:19:27     -865.207578        0.112556
FIRE:  323 14:19:27     -865.208306        0.112284
FIRE:  324 14:19:27     -865.209177        0.111928
FIRE:  325 14:19:28     -865.210285        0.111468
FIRE:  326 14:19:28     -865.211670        0.110861
FIRE:  327 14:19:28     -865.213334        0.110032
FIRE:  328 14:19:28     -865.215326        0.108874
FIRE:  329 14:19:29     -865.217817        0.107243
FIRE:  330 14:19:29     -865.220800        0.104936
FIRE:  331 14:19:29     -865.224444        0.101685
FIRE:  332 14:19:29     -865.228820        0.097056
FIRE:  333 14:19:29     -865.234088        0.090419
FIRE:  334 14:19:30     -865.240353        0.081010
FIRE:  335 14:19:30     -865.247743        0.086792
FIRE:  336 14:19:30     -865.256261        0.113404
FIRE:  337 14:19:30     -865.265530        0.255455
FIRE:  338 14:19:31     -865.272585        0.612738
FIRE:  339 14:19:31     -865.277773        0.120719
FIRE:  340 14:19:31     -865.275047        0.561849
FIRE:  341 14:19:31     -865.276717        0.420625
FIRE:  342 14:19:32     -865.278577        0.180259
FIRE:  343 14:19:32     -865.279176        0.122843
FIRE:  344 14:19:32     -865.279215        0.122872
FIRE:  345 14:19:32     -865.279275        0.122932
FIRE:  346 14:19:33     -865.279370        0.123024
FIRE:  347 14:19:33     -865.279495        0.123146
FIRE:  348 14:19:33     -865.279622        0.123303
FIRE:  349 14:19:33     -865.279777        0.123494
FIRE:  350 14:19:34     -865.279937        0.123724
FIRE:  351 14:19:34     -865.280137        0.124018
FIRE:  352 14:19:34     -865.280397        0.124395
FIRE:  353 14:19:34     -865.280726        0.124872
FIRE:  354 14:19:34     -865.281148        0.125472
FIRE:  355 14:19:35     -865.281674        0.126220
FIRE:  356 14:19:35     -865.282321        0.127147
FIRE:  357 14:19:35     -865.283113        0.128285
FIRE:  358 14:19:35     -865.284085        0.129671
FIRE:  359 14:19:36     -865.285304        0.131341
FIRE:  360 14:19:36     -865.286807        0.133362
FIRE:  361 14:19:36     -865.288650        0.135807
FIRE:  362 14:19:36     -865.290934        0.138761
FIRE:  363 14:19:37     -865.293800        0.142286
FIRE:  364 14:19:37     -865.297323        0.146399
FIRE:  365 14:19:37     -865.301754        0.151049
FIRE:  366 14:19:37     -865.307280        0.156142
FIRE:  367 14:19:38     -865.314228        0.161325
FIRE:  368 14:19:38     -865.322951        0.165616
FIRE:  369 14:19:38     -865.333823        0.167151
FIRE:  370 14:19:38     -865.347032        0.162563
FIRE:  371 14:19:39     -865.361868        0.234210
FIRE:  372 14:19:39     -865.372624        0.676727
FIRE:  373 14:19:39     -865.378737        0.112562
FIRE:  374 14:19:39     -865.375047        0.644060
FIRE:  375 14:19:40     -865.377216        0.474621
FIRE:  376 14:19:40     -865.379537        0.189308
FIRE:  377 14:19:40     -865.380063        0.126775
FIRE:  378 14:19:40     -865.380107        0.119171
FIRE:  379 14:19:41     -865.380183        0.110679
FIRE:  380 14:19:41     -865.380314        0.110585
FIRE:  381 14:19:41     -865.380441        0.110462
FIRE:  382 14:19:41     -865.380581        0.110308
FIRE:  383 14:19:42     -865.380730        0.110123
FIRE:  384 14:19:42     -865.380889        0.109910
FIRE:  385 14:19:42     -865.381075        0.109642
FIRE:  386 14:19:42     -865.381319        0.109316
FIRE:  387 14:19:42     -865.381642        0.108920
FIRE:  388 14:19:43     -865.382048        0.108443
FIRE:  389 14:19:43     -865.382551        0.107867
FIRE:  390 14:19:43     -865.383151        0.107161
FIRE:  391 14:19:43     -865.383855        0.106293
FIRE:  392 14:19:44     -865.384735        0.105218
FIRE:  393 14:19:44     -865.385813        0.103891
FIRE:  394 14:19:44     -865.387115        0.102244
FIRE:  395 14:19:44     -865.388631        0.100184
FIRE:  396 14:19:45     -865.390481        0.097620
FIRE:  397 14:19:45     -865.392675        0.094367
FIRE:  398 14:19:45     -865.395227        0.090127
FIRE:  399 14:19:45     -865.398226        0.084594
FIRE:  400 14:19:46     -865.401653        0.077473
FIRE:  401 14:19:46     -865.405546        0.068537
FIRE:  402 14:19:46     -865.409867        0.057629
FIRE:  403 14:19:46     -865.414541        0.045338
FIRE:  404 14:19:46     -865.419411        0.068771
FIRE:  405 14:19:47     -865.423663        0.240705
FIRE:  406 14:19:47     -865.422890        0.728408
FIRE:  407 14:19:47     -865.428941        0.045529
FIRE:  408 14:19:47     -865.428964        0.034241
FIRE:  409 14:19:48     -865.429021        0.020448
FIRE:  410 14:19:48     -865.429093        0.020277
FIRE:  411 14:19:48     -865.429159        0.024452
FIRE:  412 14:19:48     -865.429264        0.030930
FIRE:  413 14:19:49     -865.429382        0.025066
FIRE:  414 14:19:49     -865.429535        0.019100
[prep] P1_Al2O3_H: fmax 0.0191 (target 0.02) · steps 414 · converged True · 1.7 min
WARNING:root:If 'dataset_list' is provided in the config, the code assumes that each dataset maps to itself. Please use 'dataset_mapping' as 'dataset_list' is deprecated and will be removed in the future.
      Step     Time          Energy          fmax
FIRE:    0 14:19:56     -843.317996        1.864755
FIRE:    1 14:19:56     -843.745856        1.773953
FIRE:    2 14:19:57     -844.389710        1.587468
FIRE:    3 14:19:57     -845.005248        1.345568
FIRE:    4 14:19:57     -845.519970        1.232535
FIRE:    5 14:19:57     -845.962911        1.137942
FIRE:    6 14:19:58     -846.331182        1.381853
FIRE:    7 14:19:58     -846.613246        2.182219
FIRE:    8 14:19:58     -846.886665        2.153667
FIRE:    9 14:19:58     -847.159526        1.216279
FIRE:   10 14:19:59     -847.375095        1.188331
FIRE:   11 14:19:59     -847.565145        1.093907
FIRE:   12 14:19:59     -847.746772        1.008998
FIRE:   13 14:19:59     -847.896927        1.054189
FIRE:   14 14:19:59     -848.024875        0.972101
FIRE:   15 14:20:00     -848.148746        0.725795
FIRE:   16 14:20:00     -848.275328        0.765000
FIRE:   17 14:20:00     -848.428831        0.839512
FIRE:   18 14:20:00     -848.603701        0.708293
FIRE:   19 14:20:01     -848.762000        0.600302
FIRE:   20 14:20:01     -848.902737        0.695947
FIRE:   21 14:20:01     -849.036199        0.688389
FIRE:   22 14:20:01     -849.184285        0.653706
FIRE:   23 14:20:02     -849.333082        0.382922
FIRE:   24 14:20:02     -849.468732        0.377836
FIRE:   25 14:20:02     -849.591485        0.433182
FIRE:   26 14:20:02     -849.701278        0.465777
FIRE:   27 14:20:03     -849.799527        0.499568
FIRE:   28 14:20:03     -849.893327        0.348982
FIRE:   29 14:20:03     -849.981563        0.292049
FIRE:   30 14:20:03     -850.073776        0.354298
FIRE:   31 14:20:03     -850.183951        0.339707
FIRE:   32 14:20:04     -850.293031        0.360864
FIRE:   33 14:20:04     -850.408081        0.368593
FIRE:   34 14:20:04     -850.525096        0.354980
FIRE:   35 14:20:04     -850.640824        0.319114
FIRE:   36 14:20:05     -850.757164        0.261333
FIRE:   37 14:20:05     -850.871069        0.225392
FIRE:   38 14:20:05     -850.974745        0.232169
FIRE:   39 14:20:05     -851.064639        0.236241
FIRE:   40 14:20:06     -851.146989        0.364194
FIRE:   41 14:20:06     -851.230631        0.459991
FIRE:   42 14:20:06     -851.316474        0.453264
FIRE:   43 14:20:06     -851.399307        0.361737
FIRE:   44 14:20:07     -851.475281        0.268905
FIRE:   45 14:20:07     -851.545612        0.259158
FIRE:   46 14:20:07     -851.615058        0.284251
FIRE:   47 14:20:07     -851.686139        0.314099
FIRE:   48 14:20:07     -851.758486        0.285259
FIRE:   49 14:20:08     -851.829634        0.217684
FIRE:   50 14:20:08     -851.896548        0.179489
FIRE:   51 14:20:08     -851.958228        0.198759
FIRE:   52 14:20:08     -852.014904        0.194264
FIRE:   53 14:20:09     -852.068475        0.191770
FIRE:   54 14:20:09     -852.124498        0.239209
FIRE:   55 14:20:09     -852.186517        0.258387
FIRE:   56 14:20:09     -852.252052        0.249002
FIRE:   57 14:20:10     -852.317110        0.218181
FIRE:   58 14:20:10     -852.379015        0.175689
FIRE:   59 14:20:10     -852.437901        0.200093
FIRE:   60 14:20:10     -852.495794        0.239904
FIRE:   61 14:20:11     -852.553710        0.273110
FIRE:   62 14:20:11     -852.611667        0.261288
FIRE:   63 14:20:11     -852.668842        0.192478
FIRE:   64 14:20:11     -852.722452        0.163672
FIRE:   65 14:20:12     -852.769653        0.158074
FIRE:   66 14:20:12     -852.810771        0.167833
FIRE:   67 14:20:12     -852.847169        0.178630
FIRE:   68 14:20:12     -852.879043        0.160183
FIRE:   69 14:20:12     -852.906899        0.220234
FIRE:   70 14:20:13     -852.934040        0.296567
FIRE:   71 14:20:13     -852.967025        0.340590
FIRE:   72 14:20:13     -853.009609        0.318607
FIRE:   73 14:20:13     -853.059022        0.250286
FIRE:   74 14:20:14     -853.110697        0.172615
FIRE:   75 14:20:14     -853.161872        0.170513
FIRE:   76 14:20:14     -853.211154        0.142849
FIRE:   77 14:20:14     -853.258449        0.136046
FIRE:   78 14:20:15     -853.304589        0.144706
FIRE:   79 14:20:15     -853.350371        0.164342
FIRE:   80 14:20:15     -853.395456        0.139987
FIRE:   81 14:20:15     -853.437874        0.108562
FIRE:   82 14:20:16     -853.476089        0.110440
FIRE:   83 14:20:16     -853.510580        0.111859
FIRE:   84 14:20:16     -853.543178        0.125171
FIRE:   85 14:20:16     -853.575412        0.126337
FIRE:   86 14:20:17     -853.607472        0.127978
FIRE:   87 14:20:17     -853.638608        0.125372
FIRE:   88 14:20:17     -853.668484        0.135573
FIRE:   89 14:20:17     -853.697338        0.159486
FIRE:   90 14:20:18     -853.725663        0.163516
FIRE:   91 14:20:18     -853.753638        0.151432
FIRE:   92 14:20:18     -853.781270        0.131797
FIRE:   93 14:20:18     -853.809674        0.158008
FIRE:   94 14:20:18     -853.840929        0.184342
FIRE:   95 14:20:19     -853.876410        0.182856
FIRE:   96 14:20:19     -853.915051        0.171121
FIRE:   97 14:20:19     -853.954233        0.196797
FIRE:   98 14:20:19     -853.992386        0.222423
FIRE:   99 14:20:20     -854.030316        0.246410
FIRE:  100 14:20:20     -854.070689        0.268082
FIRE:  101 14:20:20     -854.116159        0.285759
FIRE:  102 14:20:20     -854.167429        0.294891
FIRE:  103 14:20:21     -854.222775        0.286157
FIRE:  104 14:20:21     -854.277766        0.244245
FIRE:  105 14:20:21     -854.324931        0.150144
FIRE:  106 14:20:22     -854.354031        0.234188
FIRE:  107 14:20:22     -854.356095        0.470878
FIRE:  108 14:20:22     -854.443566        0.209954
FIRE:  109 14:20:22     -854.464672        0.531120
FIRE:  110 14:20:22     -854.473115        0.717793
FIRE:  111 14:20:23     -854.501386        0.277388
FIRE:  112 14:20:23     -854.507687        0.290563
FIRE:  113 14:20:23     -854.509513        0.248420
FIRE:  114 14:20:23     -854.512421        0.169807
FIRE:  115 14:20:24     -854.515359        0.123963
FIRE:  116 14:20:24     -854.517632        0.121086
FIRE:  117 14:20:24     -854.519394        0.134953
FIRE:  118 14:20:24     -854.521430        0.186566
FIRE:  119 14:20:25     -854.524370        0.191966
FIRE:  120 14:20:25     -854.528627        0.146509
FIRE:  121 14:20:25     -854.533574        0.078771
FIRE:  122 14:20:25     -854.538204        0.078929
FIRE:  123 14:20:25     -854.542863        0.139188
FIRE:  124 14:20:26     -854.549130        0.130337
FIRE:  125 14:20:26     -854.556972        0.079613
FIRE:  126 14:20:26     -854.564891        0.107699
FIRE:  127 14:20:26     -854.574554        0.121658
FIRE:  128 14:20:27     -854.586546        0.076424
FIRE:  129 14:20:27     -854.599161        0.119056
FIRE:  130 14:20:27     -854.614207        0.060630
FIRE:  131 14:20:27     -854.629633        0.117147
FIRE:  132 14:20:28     -854.646765        0.106104
FIRE:  133 14:20:28     -854.665028        0.080259
FIRE:  134 14:20:28     -854.683203        0.152818
FIRE:  135 14:20:28     -854.697722        0.321255
FIRE:  136 14:20:29     -854.704202        0.055302
FIRE:  137 14:20:29     -854.702135        0.256833
FIRE:  138 14:20:29     -854.703599        0.201322
FIRE:  139 14:20:29     -854.705481        0.103073
FIRE:  140 14:20:30     -854.706531        0.055622
FIRE:  141 14:20:30     -854.706497        0.116250
FIRE:  142 14:20:30     -854.706605        0.110044
FIRE:  143 14:20:30     -854.706788        0.097964
FIRE:  144 14:20:31     -854.707039        0.080715
FIRE:  145 14:20:31     -854.707327        0.059335
FIRE:  146 14:20:31     -854.707605        0.056407
FIRE:  147 14:20:31     -854.707880        0.056430
FIRE:  148 14:20:32     -854.708129        0.056474
FIRE:  149 14:20:32     -854.708397        0.056556
FIRE:  150 14:20:32     -854.708724        0.056689
FIRE:  151 14:20:32     -854.709155        0.059651
FIRE:  152 14:20:33     -854.709765        0.057177
FIRE:  153 14:20:33     -854.710543        0.057574
FIRE:  154 14:20:33     -854.711501        0.058107
FIRE:  155 14:20:33     -854.712565        0.058796
FIRE:  156 14:20:34     -854.713814        0.059641
FIRE:  157 14:20:34     -854.715377        0.060622
FIRE:  158 14:20:34     -854.717365        0.061738
FIRE:  159 14:20:34     -854.719710        0.063040
FIRE:  160 14:20:34     -854.722482        0.064661
FIRE:  161 14:20:35     -854.725965        0.066786
FIRE:  162 14:20:35     -854.730122        0.069607
FIRE:  163 14:20:35     -854.735195        0.073101
FIRE:  164 14:20:35     -854.741412        0.077103
FIRE:  165 14:20:36     -854.748996        0.081696
FIRE:  166 14:20:36     -854.758289        0.087300
FIRE:  167 14:20:36     -854.769811        0.093323
FIRE:  168 14:20:36     -854.784092        0.098050
FIRE:  169 14:20:37     -854.801702        0.101053
FIRE:  170 14:20:37     -854.822165        0.144856
FIRE:  171 14:20:37     -854.836117        0.470593
FIRE:  172 14:20:37     -854.848363        0.080453
FIRE:  173 14:20:37     -854.848564        0.080338
FIRE:  174 14:20:38     -854.848937        0.080112
FIRE:  175 14:20:38     -854.849466        0.079781
FIRE:  176 14:20:38     -854.850141        0.079356
FIRE:  177 14:20:38     -854.851004        0.078852
FIRE:  178 14:20:39     -854.852036        0.078282
FIRE:  179 14:20:39     -854.853239        0.077661
FIRE:  180 14:20:39     -854.854750        0.076917
FIRE:  181 14:20:39     -854.856637        0.076016
FIRE:  182 14:20:40     -854.858999        0.074894
FIRE:  183 14:20:40     -854.861919        0.073444
FIRE:  184 14:20:40     -854.865507        0.071726
FIRE:  185 14:20:40     -854.869911        0.073976
FIRE:  186 14:20:41     -854.875255        0.076672
FIRE:  187 14:20:41     -854.881717        0.079792
FIRE:  188 14:20:41     -854.889441        0.083546
FIRE:  189 14:20:41     -854.898574        0.087579
FIRE:  190 14:20:42     -854.909232        0.090525
FIRE:  191 14:20:42     -854.921363        0.091568
FIRE:  192 14:20:42     -854.933774        0.160071
FIRE:  193 14:20:42     -854.938893        0.481862
FIRE:  194 14:20:43     -854.948132        0.062300
FIRE:  195 14:20:43     -854.941920        0.417163
FIRE:  196 14:20:43     -854.944970        0.317257
FIRE:  197 14:20:43     -854.948405        0.140217
FIRE:  198 14:20:44     -854.949254        0.072624
FIRE:  199 14:20:44     -854.949299        0.068261
FIRE:  200 14:20:44     -854.949378        0.061438
FIRE:  201 14:20:44     -854.949480        0.061329
FIRE:  202 14:20:44     -854.949612        0.061185
FIRE:  203 14:20:45     -854.949738        0.061019
FIRE:  204 14:20:45     -854.949861        0.060835
FIRE:  205 14:20:45     -854.949986        0.060639
FIRE:  206 14:20:45     -854.950137        0.060420
FIRE:  207 14:20:46     -854.950340        0.060185
FIRE:  208 14:20:46     -854.950592        0.059935
FIRE:  209 14:20:46     -854.950935        0.059667
FIRE:  210 14:20:46     -854.951359        0.059368
FIRE:  211 14:20:47     -854.951865        0.058996
FIRE:  212 14:20:47     -854.952427        0.058486
FIRE:  213 14:20:47     -854.953135        0.057749
FIRE:  214 14:20:47     -854.954015        0.056695
FIRE:  215 14:20:48     -854.955057        0.055255
FIRE:  216 14:20:48     -854.956268        0.053411
FIRE:  217 14:20:48     -854.957724        0.051169
FIRE:  218 14:20:48     -854.959424        0.048384
FIRE:  219 14:20:49     -854.961388        0.044640
FIRE:  220 14:20:49     -854.963666        0.039577
FIRE:  221 14:20:49     -854.966229        0.033300
FIRE:  222 14:20:49     -854.969077        0.028441
FIRE:  223 14:20:50     -854.972217        0.022914
FIRE:  224 14:20:50     -854.975578        0.021591
FIRE:  225 14:20:50     -854.979110        0.036889
FIRE:  226 14:20:50     -854.982330        0.123935
FIRE:  227 14:20:51     -854.982025        0.344617
FIRE:  228 14:20:51     -854.986743        0.021080
FIRE:  229 14:20:51     -854.983224        0.316338
FIRE:  230 14:20:51     -854.984939        0.235558
FIRE:  231 14:20:52     -854.986756        0.095496
FIRE:  232 14:20:52     -854.986975        0.067007
FIRE:  233 14:20:52     -854.987002        0.062668
FIRE:  234 14:20:52     -854.987054        0.054297
FIRE:  235 14:20:52     -854.987119        0.042435
FIRE:  236 14:20:53     -854.987196        0.027893
FIRE:  237 14:20:53     -854.987248        0.020736
FIRE:  238 14:20:53     -854.987288        0.020704
FIRE:  239 14:20:53     -854.987323        0.020671
FIRE:  240 14:20:54     -854.987364        0.029900
FIRE:  241 14:20:54     -854.987410        0.036999
FIRE:  242 14:20:54     -854.987493        0.037885
FIRE:  243 14:20:54     -854.987614        0.031247
FIRE:  244 14:20:55     -854.987753        0.020447
FIRE:  245 14:20:55     -854.987910        0.020386
FIRE:  246 14:20:55     -854.988075        0.020311
FIRE:  247 14:20:55     -854.988281        0.027407
FIRE:  248 14:20:56     -854.988564        0.020111
FIRE:  249 14:20:56     -854.988898        0.019990
[prep] P2_Al2S3_H: fmax 0.0200 (target 0.02) · steps 249 · converged True · 1.0 min
WARNING:root:If 'dataset_list' is provided in the config, the code assumes that each dataset maps to itself. Please use 'dataset_mapping' as 'dataset_list' is deprecated and will be removed in the future.
      Step     Time          Energy          fmax
FIRE:    0 14:21:03     -846.730906        5.128670
FIRE:    1 14:21:03     -848.241090        5.400270
FIRE:    2 14:21:04     -850.634612        5.375018
FIRE:    3 14:21:04     -852.731928        3.794631
FIRE:    4 14:21:04     -853.904380        3.534241
FIRE:    5 14:21:04     -853.776033       10.515359
FIRE:    6 14:21:05     -854.467525        6.405897
FIRE:    7 14:21:05     -855.034307        1.897102
FIRE:    8 14:21:05     -855.179546        2.457343
FIRE:    9 14:21:05     -855.200048        2.389711
FIRE:   10 14:21:06     -855.239749        2.254202
FIRE:   11 14:21:06     -855.296101        2.051322
FIRE:   12 14:21:06     -855.365640        1.784690
FIRE:   13 14:21:06     -855.444481        1.481334
FIRE:   14 14:21:06     -855.528960        1.459173
FIRE:   15 14:21:07     -855.616484        1.431618
FIRE:   16 14:21:07     -855.715856        1.394511
FIRE:   17 14:21:07     -855.830188        1.354641
FIRE:   18 14:21:07     -855.965567        1.573077
FIRE:   19 14:21:08     -856.128104        1.513966
FIRE:   20 14:21:08     -856.317283        1.121419
FIRE:   21 14:21:08     -856.521053        0.978261
FIRE:   22 14:21:08     -856.723369        0.828321
FIRE:   23 14:21:09     -856.921657        0.911427
FIRE:   24 14:21:09     -857.125380        0.806029
FIRE:   25 14:21:09     -857.329715        0.618109
FIRE:   26 14:21:09     -857.516812        0.771335
FIRE:   27 14:21:09     -857.709764        0.842496
FIRE:   28 14:21:10     -857.924402        0.644185
FIRE:   29 14:21:10     -858.126703        0.739991
FIRE:   30 14:21:10     -858.317805        0.484483
FIRE:   31 14:21:10     -858.460758        0.718031
FIRE:   32 14:21:11     -858.581220        0.607843
FIRE:   33 14:21:11     -858.692178        0.830546
FIRE:   34 14:21:11     -858.830991        0.614094
FIRE:   35 14:21:11     -858.984506        0.716859
FIRE:   36 14:21:12     -859.143304        0.347042
FIRE:   37 14:21:12     -859.267856        0.625981
FIRE:   38 14:21:12     -859.378137        0.405589
FIRE:   39 14:21:12     -859.482461        0.378673
FIRE:   40 14:21:13     -859.586881        0.548945
FIRE:   41 14:21:13     -859.696180        0.411472
FIRE:   42 14:21:13     -859.808259        0.318670
FIRE:   43 14:21:13     -859.925913        0.463709
FIRE:   44 14:21:14     -860.044647        0.435645
FIRE:   45 14:21:14     -860.152943        0.416457
FIRE:   46 14:21:14     -860.247635        0.504549
FIRE:   47 14:21:14     -860.328408        0.606726
FIRE:   48 14:21:15     -860.400695        0.893685
FIRE:   49 14:21:15     -860.466812        1.296017
FIRE:   50 14:21:15     -859.136394       16.579676
FIRE:   51 14:21:15     -860.465803        2.365861
FIRE:   52 14:21:16     -860.530842        1.480951
FIRE:   53 14:21:16     -860.570510        0.385579
FIRE:   54 14:21:16     -860.571634        0.344210
FIRE:   55 14:21:16     -860.573737        0.326756
FIRE:   56 14:21:16     -860.576522        0.326745
FIRE:   57 14:21:17     -860.579793        0.326730
FIRE:   58 14:21:17     -860.583478        0.326710
FIRE:   59 14:21:17     -860.587717        0.326683
FIRE:   60 14:21:17     -860.592629        0.326643
FIRE:   61 14:21:18     -860.598939        0.326579
FIRE:   62 14:21:18     -860.606784        0.326469
FIRE:   63 14:21:18     -860.616285        0.326270
FIRE:   64 14:21:18     -860.627656        0.325905
FIRE:   65 14:21:19     -860.641673        0.325242
FIRE:   66 14:21:19     -860.659007        0.324044
FIRE:   67 14:21:19     -860.679699        0.321909
FIRE:   68 14:21:19     -860.704420        0.318174
FIRE:   69 14:21:20     -860.734573        0.311835
FIRE:   70 14:21:20     -860.770646        0.301310
FIRE:   71 14:21:20     -860.814596        0.311706
FIRE:   72 14:21:20     -860.867370        0.331235
FIRE:   73 14:21:21     -860.931128        0.351736
FIRE:   74 14:21:21     -861.006764        0.372578
FIRE:   75 14:21:21     -861.094368        0.384212
FIRE:   76 14:21:21     -861.190877        0.411462
FIRE:   77 14:21:22     -861.272531        0.812028
FIRE:   78 14:21:22     -861.328315        1.400657
FIRE:   79 14:21:22     -861.357265        0.225002
FIRE:   80 14:21:22     -861.346160        1.112270
FIRE:   81 14:21:23     -861.354873        0.874066
FIRE:   82 14:21:23     -861.365784        0.426805
FIRE:   83 14:21:23     -861.370879        0.184593
FIRE:   84 14:21:23     -861.369423        0.642745
FIRE:   85 14:21:23     -861.370306        0.600295
FIRE:   86 14:21:24     -861.371887        0.518964
FIRE:   87 14:21:24     -861.373874        0.405403
FIRE:   88 14:21:24     -861.375909        0.269204
FIRE:   89 14:21:24     -861.377699        0.173269
FIRE:   90 14:21:25     -861.379154        0.173771
FIRE:   91 14:21:25     -861.380336        0.174448
FIRE:   92 14:21:25     -861.381636        0.245529
FIRE:   93 14:21:25     -861.383407        0.307451
FIRE:   94 14:21:26     -861.386049        0.317319
FIRE:   95 14:21:26     -861.389777        0.264145
FIRE:   96 14:21:26     -861.394414        0.182362
FIRE:   97 14:21:26     -861.399461        0.185103
FIRE:   98 14:21:27     -861.404704        0.191627
FIRE:   99 14:21:27     -861.411032        0.264619
FIRE:  100 14:21:27     -861.419455        0.196417
FIRE:  101 14:21:27     -861.429364        0.201316
FIRE:  102 14:21:28     -861.440062        0.206619
FIRE:  103 14:21:28     -861.453441        0.211877
FIRE:  104 14:21:28     -861.469601        0.216700
FIRE:  105 14:21:28     -861.487885        0.220980
FIRE:  106 14:21:29     -861.510924        0.224897
FIRE:  107 14:21:29     -861.537477        0.228601
FIRE:  108 14:21:29     -861.570433        0.233219
FIRE:  109 14:21:29     -861.610060        0.239509
FIRE:  110 14:21:29     -861.657523        0.247603
FIRE:  111 14:21:30     -861.712459        0.489616
FIRE:  112 14:21:30     -861.764757        0.965409
FIRE:  113 14:21:30     -861.760887        2.577419
FIRE:  114 14:21:30     -861.836335        0.424572
FIRE:  115 14:21:31     -861.837680        0.317354
FIRE:  116 14:21:31     -861.839443        0.142413
FIRE:  117 14:21:31     -861.840611        0.099337
FIRE:  118 14:21:31     -861.841296        0.272400
FIRE:  119 14:21:32     -861.842509        0.335873
FIRE:  120 14:21:32     -861.844699        0.277449
FIRE:  121 14:21:32     -861.847379        0.125183
FIRE:  122 14:21:32     -861.849973        0.084205
FIRE:  123 14:21:33     -861.852532        0.230164
FIRE:  124 14:21:33     -861.856325        0.219144
FIRE:  125 14:21:33     -861.861345        0.079938
FIRE:  126 14:21:33     -861.866365        0.206157
FIRE:  127 14:21:34     -861.872945        0.184960
FIRE:  128 14:21:34     -861.880891        0.112459
FIRE:  129 14:21:34     -861.889963        0.172872
FIRE:  130 14:21:34     -861.901112        0.160453
FIRE:  131 14:21:34     -861.914521        0.101414
FIRE:  132 14:21:35     -861.930017        0.241111
FIRE:  133 14:21:35     -861.948762        0.356453
FIRE:  134 14:21:35     -861.970598        0.510365
FIRE:  135 14:21:35     -861.991409        1.038086
FIRE:  136 14:21:36     -862.003607        0.162350
FIRE:  137 14:21:36     -861.997970        0.826747
FIRE:  138 14:21:36     -862.001417        0.652983
FIRE:  139 14:21:36     -862.005755        0.331299
FIRE:  140 14:21:37     -862.007848        0.166461
FIRE:  141 14:21:37     -862.007204        0.431119
FIRE:  142 14:21:37     -862.007508        0.404628
FIRE:  143 14:21:37     -862.008060        0.353551
FIRE:  144 14:21:38     -862.008757        0.281626
FIRE:  145 14:21:38     -862.009498        0.194239
FIRE:  146 14:21:38     -862.010174        0.168734
FIRE:  147 14:21:38     -862.010736        0.169147
FIRE:  148 14:21:39     -862.011206        0.169652
FIRE:  149 14:21:39     -862.011715        0.170308
FIRE:  150 14:21:39     -862.012387        0.206307
FIRE:  151 14:21:39     -862.013367        0.222698
FIRE:  152 14:21:40     -862.014795        0.197406
FIRE:  153 14:21:40     -862.016639        0.174928
FIRE:  154 14:21:40     -862.018774        0.176826
FIRE:  155 14:21:40     -862.021114        0.179186
FIRE:  156 14:21:41     -862.023954        0.182077
FIRE:  157 14:21:41     -862.027750        0.185569
FIRE:  158 14:21:41     -862.032581        0.189807
FIRE:  159 14:21:41     -862.038200        0.195032
FIRE:  160 14:21:42     -862.045254        0.201442
FIRE:  161 14:21:42     -862.054387        0.209223
FIRE:  162 14:21:42     -862.065440        0.218634
FIRE:  163 14:21:42     -862.079773        0.229646
FIRE:  164 14:21:43     -862.097664        0.242259
FIRE:  165 14:21:43     -862.120921        0.255910
FIRE:  166 14:21:43     -862.150346        0.268880
FIRE:  167 14:21:43     -862.188077        0.276631
FIRE:  168 14:21:43     -862.235471        0.270681
FIRE:  169 14:21:44     -862.291033        0.434547
FIRE:  170 14:21:44     -862.339978        1.238466
FIRE:  171 14:21:44     -862.283611        2.903593
FIRE:  172 14:21:44     -862.412219        0.310603
FIRE:  173 14:21:45     -862.280237        4.094761
FIRE:  174 14:21:45     -862.366885        2.411235
FIRE:  175 14:21:45     -862.420971        0.218719
FIRE:  176 14:21:45     -862.395275        1.483924
FIRE:  177 14:21:46     -862.398889        1.396824
FIRE:  178 14:21:46     -862.405318        1.224115
FIRE:  179 14:21:46     -862.413071        0.969601
FIRE:  180 14:21:46     -862.420338        0.641041
FIRE:  181 14:21:47     -862.425296        0.253137
FIRE:  182 14:21:47     -862.426793        0.163881
FIRE:  183 14:21:47     -862.426832        0.160987
FIRE:  184 14:21:47     -862.426914        0.157420
FIRE:  185 14:21:48     -862.427040        0.157065
FIRE:  186 14:21:48     -862.427198        0.156586
FIRE:  187 14:21:48     -862.427384        0.155994
FIRE:  188 14:21:48     -862.427619        0.155271
FIRE:  189 14:21:48     -862.427873        0.154439
FIRE:  190 14:21:49     -862.428190        0.153375
FIRE:  191 14:21:49     -862.428581        0.152042
FIRE:  192 14:21:49     -862.429055        0.150377
FIRE:  193 14:21:49     -862.429626        0.148302
FIRE:  194 14:21:50     -862.430321        0.145755
FIRE:  195 14:21:50     -862.431157        0.142647
FIRE:  196 14:21:50     -862.432207        0.138893
FIRE:  197 14:21:50     -862.433489        0.134383
FIRE:  198 14:21:51     -862.435081        0.129042
FIRE:  199 14:21:51     -862.437017        0.122752
FIRE:  200 14:21:51     -862.439339        0.115439
FIRE:  201 14:21:51     -862.442114        0.107039
FIRE:  202 14:21:52     -862.445444        0.104332
FIRE:  203 14:21:52     -862.449455        0.103223
FIRE:  204 14:21:52     -862.454284        0.101791
FIRE:  205 14:21:52     -862.460019        0.101882
FIRE:  206 14:21:53     -862.466832        0.106070
FIRE:  207 14:21:53     -862.474996        0.111341
FIRE:  208 14:21:53     -862.484702        0.116113
FIRE:  209 14:21:53     -862.496240        0.119413
FIRE:  210 14:21:54     -862.509990        0.120117
FIRE:  211 14:21:54     -862.526265        0.117100
FIRE:  212 14:21:54     -862.545482        0.109584
FIRE:  213 14:21:54     -862.568002        0.097677
FIRE:  214 14:21:55     -862.594076        0.091126
FIRE:  215 14:21:55     -862.623911        0.081762
FIRE:  216 14:21:55     -862.656945        0.219712
FIRE:  217 14:21:55     -862.686479        0.817118
FIRE:  218 14:21:56     -862.658590        2.253550
FIRE:  219 14:21:56     -862.730115        0.130127
FIRE:  220 14:21:56     -862.658280        2.880169
FIRE:  221 14:21:56     -862.701535        1.811141
FIRE:  222 14:21:57     -862.732728        0.297385
FIRE:  223 14:21:57     -862.721467        1.029411
FIRE:  224 14:21:57     -862.723151        0.965975
FIRE:  225 14:21:57     -862.726136        0.841229
FIRE:  226 14:21:57     -862.729701        0.659869
FIRE:  227 14:21:58     -862.732986        0.429831
FIRE:  228 14:21:58     -862.735160        0.163720
FIRE:  229 14:21:58     -862.735759        0.115499
FIRE:  230 14:21:58     -862.735780        0.113439
FIRE:  231 14:21:59     -862.735818        0.109369
FIRE:  232 14:21:59     -862.735871        0.103417
FIRE:  233 14:21:59     -862.735941        0.095633
FIRE:  234 14:21:59     -862.736027        0.086230
FIRE:  235 14:22:00     -862.736127        0.075467
FIRE:  236 14:22:00     -862.736245        0.066942
FIRE:  237 14:22:00     -862.736392        0.066924
FIRE:  238 14:22:00     -862.736564        0.066900
FIRE:  239 14:22:01     -862.736760        0.066870
FIRE:  240 14:22:01     -862.737023        0.066832
FIRE:  241 14:22:01     -862.737330        0.066784
FIRE:  242 14:22:01     -862.737700        0.066724
FIRE:  243 14:22:02     -862.738157        0.066649
FIRE:  244 14:22:02     -862.738732        0.066556
FIRE:  245 14:22:02     -862.739452        0.066442
FIRE:  246 14:22:02     -862.740336        0.066302
FIRE:  247 14:22:03     -862.741399        0.066131
FIRE:  248 14:22:03     -862.742679        0.065927
FIRE:  249 14:22:03     -862.744236        0.065682
FIRE:  250 14:22:03     -862.746137        0.065390
FIRE:  251 14:22:03     -862.748446        0.065044
FIRE:  252 14:22:04     -862.751246        0.064635
FIRE:  253 14:22:04     -862.754590        0.064855
FIRE:  254 14:22:04     -862.758655        0.066162
FIRE:  255 14:22:04     -862.763541        0.067780
FIRE:  256 14:22:05     -862.769416        0.069758
FIRE:  257 14:22:05     -862.776487        0.072162
FIRE:  258 14:22:05     -862.784989        0.075143
FIRE:  259 14:22:05     -862.795215        0.078877
FIRE:  260 14:22:06     -862.807529        0.083491
FIRE:  261 14:22:06     -862.822320        0.089167
FIRE:  262 14:22:06     -862.840095        0.096068
FIRE:  263 14:22:06     -862.861060        0.217343
FIRE:  264 14:22:07     -862.882236        0.665908
FIRE:  265 14:22:07     -862.875284        1.755901
FIRE:  266 14:22:07     -862.916954        0.118783
FIRE:  267 14:22:07     -862.879398        2.046299
FIRE:  268 14:22:08     -862.901291        1.350173
FIRE:  269 14:22:08     -862.918948        0.304008
FIRE:  270 14:22:08     -862.915038        0.685117
FIRE:  271 14:22:08     -862.915808        0.641485
FIRE:  272 14:22:09     -862.917162        0.556243
FIRE:  273 14:22:09     -862.918786        0.433510
FIRE:  274 14:22:09     -862.920317        0.279980
FIRE:  275 14:22:09     -862.921377        0.119693
FIRE:  276 14:22:10     -862.921840        0.119820
FIRE:  277 14:22:10     -862.921818        0.223913
FIRE:  278 14:22:10     -862.921847        0.219927
FIRE:  279 14:22:10     -862.921904        0.212095
FIRE:  280 14:22:10     -862.921996        0.200491
FIRE:  281 14:22:11     -862.922112        0.185432
FIRE:  282 14:22:11     -862.922244        0.167229
FIRE:  283 14:22:11     -862.922392        0.146339
FIRE:  284 14:22:11     -862.922552        0.123231
FIRE:  285 14:22:12     -862.922733        0.119991
FIRE:  286 14:22:12     -862.922944        0.120008
FIRE:  287 14:22:12     -862.923172        0.120026
FIRE:  288 14:22:12     -862.923422        0.120055
FIRE:  289 14:22:13     -862.923710        0.120094
FIRE:  290 14:22:13     -862.924059        0.120143
FIRE:  291 14:22:13     -862.924479        0.120209
FIRE:  292 14:22:13     -862.925027        0.120290
FIRE:  293 14:22:13     -862.925731        0.120392
FIRE:  294 14:22:14     -862.926630        0.120515
FIRE:  295 14:22:14     -862.927693        0.120659
FIRE:  296 14:22:14     -862.928945        0.120819
FIRE:  297 14:22:14     -862.930435        0.120988
FIRE:  298 14:22:15     -862.932288        0.121144
FIRE:  299 14:22:15     -862.934595        0.121268
FIRE:  300 14:22:15     -862.937383        0.121335
FIRE:  301 14:22:15     -862.940715        0.121302
FIRE:  302 14:22:16     -862.944827        0.121101
FIRE:  303 14:22:16     -862.949854        0.120588
FIRE:  304 14:22:16     -862.955883        0.119507
FIRE:  305 14:22:16     -862.963308        0.117487
FIRE:  306 14:22:17     -862.972207        0.113997
FIRE:  307 14:22:17     -862.983051        0.108261
FIRE:  308 14:22:17     -862.995996        0.098954
FIRE:  309 14:22:17     -863.011303        0.098137
FIRE:  310 14:22:18     -863.029083        0.152866
FIRE:  311 14:22:18     -863.048597        0.299493
FIRE:  312 14:22:18     -863.065892        0.755706
FIRE:  313 14:22:18     -863.052117        1.796581
FIRE:  314 14:22:19     -863.096094        0.104189
FIRE:  315 14:22:19     -863.055876        2.115442
FIRE:  316 14:22:19     -863.078861        1.406912
FIRE:  317 14:22:19     -863.097717        0.340593
FIRE:  318 14:22:20     -863.094069        0.674028
FIRE:  319 14:22:20     -863.094808        0.631787
FIRE:  320 14:22:20     -863.096099        0.549175
FIRE:  321 14:22:20     -863.097663        0.430178
FIRE:  322 14:22:20     -863.099131        0.281035
FIRE:  323 14:22:21     -863.100190        0.113329
FIRE:  324 14:22:21     -863.100636        0.071490
FIRE:  325 14:22:21     -863.100604        0.214034
FIRE:  326 14:22:21     -863.100633        0.210353
FIRE:  327 14:22:22     -863.100682        0.203120
FIRE:  328 14:22:22     -863.100761        0.192437
FIRE:  329 14:22:22     -863.100863        0.178551
FIRE:  330 14:22:22     -863.100976        0.161714
FIRE:  331 14:22:23     -863.101110        0.142354
FIRE:  332 14:22:23     -863.101250        0.120943
FIRE:  333 14:22:23     -863.101422        0.095558
FIRE:  334 14:22:23     -863.101597        0.071093
FIRE:  335 14:22:24     -863.101801        0.070997
FIRE:  336 14:22:24     -863.102022        0.070882
FIRE:  337 14:22:24     -863.102264        0.070745
FIRE:  338 14:22:24     -863.102569        0.070585
FIRE:  339 14:22:24     -863.102935        0.084957
FIRE:  340 14:22:25     -863.103399        0.094421
FIRE:  341 14:22:25     -863.104004        0.088219
FIRE:  342 14:22:25     -863.104754        0.069674
FIRE:  343 14:22:25     -863.105674        0.069342
FIRE:  344 14:22:26     -863.106720        0.068935
FIRE:  345 14:22:26     -863.107974        0.068418
FIRE:  346 14:22:26     -863.109491        0.079483
FIRE:  347 14:22:26     -863.111378        0.066900
FIRE:  348 14:22:27     -863.113652        0.065817
FIRE:  349 14:22:27     -863.116322        0.065686
FIRE:  350 14:22:27     -863.119568        0.066839
FIRE:  351 14:22:27     -863.123530        0.068254
FIRE:  352 14:22:28     -863.128224        0.069984
FIRE:  353 14:22:28     -863.133976        0.072084
FIRE:  354 14:22:28     -863.140870        0.074674
FIRE:  355 14:22:28     -863.149313        0.077881
FIRE:  356 14:22:28     -863.159521        0.081848
FIRE:  357 14:22:29     -863.171985        0.086688
FIRE:  358 14:22:29     -863.187220        0.111400
FIRE:  359 14:22:29     -863.205657        0.186558
FIRE:  360 14:22:29     -863.226267        0.497844
FIRE:  361 14:22:30     -863.235141        1.285655
FIRE:  362 14:22:30     -863.257130        0.115417
FIRE:  363 14:22:30     -863.240169        1.382930
FIRE:  364 14:22:30     -863.250103        0.958161
FIRE:  365 14:22:31     -863.259156        0.285167
FIRE:  366 14:22:31     -863.258880        0.396825
FIRE:  367 14:22:31     -863.259175        0.371413
FIRE:  368 14:22:31     -863.259697        0.322021
FIRE:  369 14:22:32     -863.260347        0.251408
FIRE:  370 14:22:32     -863.261000        0.164085
FIRE:  371 14:22:32     -863.261555        0.116606
FIRE:  372 14:22:32     -863.261967        0.116714
FIRE:  373 14:22:33     -863.262277        0.116831
FIRE:  374 14:22:33     -863.262607        0.185213
FIRE:  375 14:22:33     -863.263093        0.224326
FIRE:  376 14:22:33     -863.263922        0.222777
FIRE:  377 14:22:34     -863.265119        0.173326
FIRE:  378 14:22:34     -863.266561        0.117795
FIRE:  379 14:22:34     -863.268094        0.118094
FIRE:  380 14:22:34     -863.269724        0.141693
FIRE:  381 14:22:35     -863.271890        0.169012
FIRE:  382 14:22:35     -863.274840        0.119323
FIRE:  383 14:22:35     -863.278289        0.119819
FIRE:  384 14:22:35     -863.282203        0.153417
FIRE:  385 14:22:36     -863.287395        0.120684
FIRE:  386 14:22:36     -863.293612        0.120830
FIRE:  387 14:22:36     -863.301098        0.125990
FIRE:  388 14:22:36     -863.310474        0.119460
FIRE:  389 14:22:37     -863.321723        0.117024
FIRE:  390 14:22:37     -863.335317        0.146800
FIRE:  391 14:22:37     -863.351894        0.116791
FIRE:  392 14:22:37     -863.371492        0.120256
FIRE:  393 14:22:37     -863.394308        0.121813
FIRE:  394 14:22:38     -863.419840        0.127905
FIRE:  395 14:22:38     -863.442724        0.596864
FIRE:  396 14:22:38     -863.392657        2.940037
FIRE:  397 14:22:38     -863.451324        1.306184
FIRE:  398 14:22:39     -863.462792        0.935806
FIRE:  399 14:22:39     -863.473637        0.247052
FIRE:  400 14:22:39     -863.471523        0.593292
FIRE:  401 14:22:39     -863.472204        0.540908
FIRE:  402 14:22:40     -863.473325        0.441762
FIRE:  403 14:22:40     -863.474556        0.306320
FIRE:  404 14:22:40     -863.475545        0.148744
FIRE:  405 14:22:40     -863.476073        0.081410
FIRE:  406 14:22:41     -863.476169        0.152130
FIRE:  407 14:22:41     -863.476203        0.148915
FIRE:  408 14:22:41     -863.476251        0.142550
FIRE:  409 14:22:41     -863.476316        0.133184
FIRE:  410 14:22:42     -863.476409        0.120985
FIRE:  411 14:22:42     -863.476509        0.106299
FIRE:  412 14:22:42     -863.476633        0.091199
FIRE:  413 14:22:42     -863.476753        0.081158
FIRE:  414 14:22:43     -863.476910        0.081126
FIRE:  415 14:22:43     -863.477079        0.081087
FIRE:  416 14:22:43     -863.477279        0.081036
FIRE:  417 14:22:43     -863.477510        0.080969
FIRE:  418 14:22:43     -863.477785        0.080885
FIRE:  419 14:22:44     -863.478118        0.080779
FIRE:  420 14:22:44     -863.478541        0.080646
FIRE:  421 14:22:44     -863.479080        0.080481
FIRE:  422 14:22:44     -863.479744        0.080282
FIRE:  423 14:22:45     -863.480536        0.080037
FIRE:  424 14:22:45     -863.481465        0.079742
FIRE:  425 14:22:45     -863.482549        0.079392
FIRE:  426 14:22:45     -863.483874        0.078976
FIRE:  427 14:22:46     -863.485457        0.078486
FIRE:  428 14:22:46     -863.487353        0.077894
FIRE:  429 14:22:46     -863.489533        0.077146
FIRE:  430 14:22:46     -863.492127        0.076183
FIRE:  431 14:22:47     -863.495179        0.074918
FIRE:  432 14:22:47     -863.498715        0.073238
FIRE:  433 14:22:47     -863.502884        0.071003
FIRE:  434 14:22:47     -863.507708        0.067940
FIRE:  435 14:22:48     -863.513340        0.063755
FIRE:  436 14:22:48     -863.519857        0.058190
FIRE:  437 14:22:48     -863.527356        0.073113
FIRE:  438 14:22:48     -863.535785        0.124181
FIRE:  439 14:22:49     -863.544654        0.271604
FIRE:  440 14:22:49     -863.551474        0.584087
FIRE:  441 14:22:49     -863.555730        0.083236
FIRE:  442 14:22:49     -863.553480        0.515597
FIRE:  443 14:22:50     -863.554702        0.394205
FIRE:  444 14:22:50     -863.556133        0.184789
FIRE:  445 14:22:50     -863.556631        0.057391
FIRE:  446 14:22:50     -863.556648        0.054018
FIRE:  447 14:22:51     -863.556683        0.048132
FIRE:  448 14:22:51     -863.556725        0.040004
FIRE:  449 14:22:51     -863.556797        0.039196
FIRE:  450 14:22:51     -863.556874        0.039112
FIRE:  451 14:22:52     -863.556957        0.039028
FIRE:  452 14:22:52     -863.557050        0.038953
FIRE:  453 14:22:52     -863.557176        0.038886
FIRE:  454 14:22:52     -863.557318        0.038839
FIRE:  455 14:22:52     -863.557521        0.038831
FIRE:  456 14:22:53     -863.557755        0.038869
FIRE:  457 14:22:53     -863.558060        0.038959
FIRE:  458 14:22:53     -863.558431        0.039093
FIRE:  459 14:22:53     -863.558875        0.039241
FIRE:  460 14:22:54     -863.559430        0.039350
FIRE:  461 14:22:54     -863.560104        0.039377
FIRE:  462 14:22:54     -863.560930        0.039316
FIRE:  463 14:22:54     -863.561925        0.039248
FIRE:  464 14:22:55     -863.563133        0.039320
FIRE:  465 14:22:55     -863.564612        0.039598
FIRE:  466 14:22:55     -863.566366        0.039926
FIRE:  467 14:22:55     -863.568492        0.040046
FIRE:  468 14:22:56     -863.571041        0.040137
FIRE:  469 14:22:56     -863.574070        0.040691
FIRE:  470 14:22:56     -863.577673        0.041230
FIRE:  471 14:22:56     -863.581940        0.041556
FIRE:  472 14:22:57     -863.586940        0.062793
FIRE:  473 14:22:57     -863.592503        0.173525
FIRE:  474 14:22:57     -863.597021        0.446656
FIRE:  475 14:22:57     -863.589187        1.311950
FIRE:  476 14:22:58     -863.606123        0.250293
FIRE:  477 14:22:58     -863.606516        0.181359
FIRE:  478 14:22:58     -863.606968        0.062755
FIRE:  479 14:22:58     -863.607113        0.075358
FIRE:  480 14:22:59     -863.607143        0.070247
FIRE:  481 14:22:59     -863.607188        0.060520
FIRE:  482 14:22:59     -863.607235        0.046882
FIRE:  483 14:22:59     -863.607296        0.046625
FIRE:  484 14:23:00     -863.607361        0.046742
FIRE:  485 14:23:00     -863.607439        0.046864
FIRE:  486 14:23:00     -863.607527        0.046972
FIRE:  487 14:23:00     -863.607631        0.047069
FIRE:  488 14:23:01     -863.607768        0.047134
FIRE:  489 14:23:01     -863.607944        0.047160
FIRE:  490 14:23:01     -863.608178        0.047143
FIRE:  491 14:23:01     -863.608454        0.047087
FIRE:  492 14:23:02     -863.608785        0.047033
FIRE:  493 14:23:02     -863.609203        0.047034
FIRE:  494 14:23:02     -863.609711        0.047152
FIRE:  495 14:23:02     -863.610348        0.047404
FIRE:  496 14:23:03     -863.611122        0.047784
FIRE:  497 14:23:03     -863.612081        0.048680
FIRE:  498 14:23:03     -863.613256        0.049781
FIRE:  499 14:23:03     -863.614707        0.051139
FIRE:  500 14:23:04     -863.616497        0.052813
FIRE:  501 14:23:04     -863.618689        0.054881
FIRE:  502 14:23:04     -863.621422        0.057438
FIRE:  503 14:23:04     -863.624796        0.060607
FIRE:  504 14:23:05     -863.629014        0.064526
FIRE:  505 14:23:05     -863.634269        0.073950
FIRE:  506 14:23:05     -863.640648        0.164981
FIRE:  507 14:23:05     -863.646837        0.468505
FIRE:  508 14:23:05     -863.638918        1.260698
FIRE:  509 14:23:06     -863.659573        0.089830
FIRE:  510 14:23:06     -863.659698        0.089901
FIRE:  511 14:23:06     -863.659907        0.090043
FIRE:  512 14:23:06     -863.660168        0.090256
FIRE:  513 14:23:07     -863.660499        0.090542
FIRE:  514 14:23:07     -863.660932        0.090894
FIRE:  515 14:23:07     -863.661478        0.091307
FIRE:  516 14:23:07     -863.662103        0.091784
FIRE:  517 14:23:08     -863.662872        0.092387
FIRE:  518 14:23:08     -863.663855        0.093135
FIRE:  519 14:23:08     -863.665132        0.094059
FIRE:  520 14:23:08     -863.666713        0.095193
FIRE:  521 14:23:09     -863.668699        0.096571
FIRE:  522 14:23:09     -863.671219        0.098209
FIRE:  523 14:23:09     -863.674380        0.100115
FIRE:  524 14:23:09     -863.678377        0.102249
FIRE:  525 14:23:10     -863.683410        0.104538
FIRE:  526 14:23:10     -863.689751        0.106788
FIRE:  527 14:23:10     -863.697732        0.108488
FIRE:  528 14:23:10     -863.707600        0.132501
FIRE:  529 14:23:11     -863.718705        0.332586
FIRE:  530 14:23:11     -863.723810        1.005001
FIRE:  531 14:23:11     -863.734702        0.100357
FIRE:  532 14:23:11     -863.734871        0.096253
FIRE:  533 14:23:12     -863.735136        0.096147
FIRE:  534 14:23:12     -863.735463        0.095982
FIRE:  535 14:23:12     -863.735866        0.095755
FIRE:  536 14:23:12     -863.736370        0.095465
FIRE:  537 14:23:13     -863.737032        0.095110
FIRE:  538 14:23:13     -863.737797        0.094684
FIRE:  539 14:23:13     -863.738720        0.094123
FIRE:  540 14:23:13     -863.739870        0.093382
FIRE:  541 14:23:13     -863.741352        0.092409
FIRE:  542 14:23:14     -863.743189        0.091126
FIRE:  543 14:23:14     -863.745414        0.089414
FIRE:  544 14:23:14     -863.748219        0.087125
FIRE:  545 14:23:14     -863.751605        0.084020
FIRE:  546 14:23:15     -863.755774        0.084708
FIRE:  547 14:23:15     -863.760761        0.086317
FIRE:  548 14:23:15     -863.766810        0.088876
FIRE:  549 14:23:15     -863.773985        0.091565
FIRE:  550 14:23:16     -863.782456        0.095241
FIRE:  551 14:23:16     -863.792331        0.099475
FIRE:  552 14:23:16     -863.803141        0.242047
FIRE:  553 14:23:16     -863.806457        0.882827
FIRE:  554 14:23:17     -863.816822        0.109883
FIRE:  555 14:23:17     -863.816943        0.109943
FIRE:  556 14:23:17     -863.817154        0.110054
FIRE:  557 14:23:17     -863.817430        0.110208
FIRE:  558 14:23:17     -863.817800        0.110385
FIRE:  559 14:23:18     -863.818253        0.110576
FIRE:  560 14:23:18     -863.818828        0.110775
FIRE:  561 14:23:18     -863.819489        0.110990
FIRE:  562 14:23:18     -863.820296        0.111260
FIRE:  563 14:23:19     -863.821334        0.111613
FIRE:  564 14:23:19     -863.822625        0.112075
FIRE:  565 14:23:19     -863.824229        0.112647
FIRE:  566 14:23:19     -863.826205        0.113304
FIRE:  567 14:23:20     -863.828667        0.114024
FIRE:  568 14:23:20     -863.831678        0.114794
FIRE:  569 14:23:20     -863.835392        0.115483
FIRE:  570 14:23:20     -863.839928        0.115745
FIRE:  571 14:23:21     -863.845428        0.115205
FIRE:  572 14:23:21     -863.852043        0.113052
FIRE:  573 14:23:21     -863.859685        0.136190
FIRE:  574 14:23:21     -863.867110        0.345126
FIRE:  575 14:23:22     -863.867132        0.989115
FIRE:  576 14:23:22     -863.877444        0.081269
FIRE:  577 14:23:22     -863.877536        0.075888
FIRE:  578 14:23:22     -863.877663        0.075707
FIRE:  579 14:23:22     -863.877813        0.075432
FIRE:  580 14:23:23     -863.877977        0.075056
FIRE:  581 14:23:23     -863.878202        0.074588
FIRE:  582 14:23:23     -863.878487        0.074028
FIRE:  583 14:23:23     -863.878816        0.073371
FIRE:  584 14:23:24     -863.879221        0.072522
FIRE:  585 14:23:24     -863.879682        0.071437
FIRE:  586 14:23:24     -863.880300        0.070073
FIRE:  587 14:23:25     -863.881046        0.068365
FIRE:  588 14:23:25     -863.881922        0.066208
FIRE:  589 14:23:25     -863.883009        0.063485
FIRE:  590 14:23:25     -863.884273        0.059986
FIRE:  591 14:23:25     -863.885787        0.055505
FIRE:  592 14:23:26     -863.887496        0.051056
FIRE:  593 14:23:26     -863.889487        0.042630
FIRE:  594 14:23:26     -863.891691        0.033887
FIRE:  595 14:23:26     -863.894088        0.028265
FIRE:  596 14:23:27     -863.896597        0.081349
FIRE:  597 14:23:27     -863.898293        0.295656
FIRE:  598 14:23:27     -863.899344        0.025240
FIRE:  599 14:23:27     -863.898763        0.246733
FIRE:  600 14:23:28     -863.899072        0.191072
FIRE:  601 14:23:28     -863.899437        0.091390
FIRE:  602 14:23:28     -863.899578        0.030145
FIRE:  603 14:23:28     -863.899590        0.028487
FIRE:  604 14:23:29     -863.899598        0.025272
FIRE:  605 14:23:29     -863.899617        0.025042
FIRE:  606 14:23:29     -863.899623        0.025034
FIRE:  607 14:23:29     -863.899648        0.025025
FIRE:  608 14:23:30     -863.899665        0.025013
FIRE:  609 14:23:30     -863.899695        0.024997
FIRE:  610 14:23:30     -863.899731        0.024975
FIRE:  611 14:23:30     -863.899775        0.024947
FIRE:  612 14:23:31     -863.899816        0.024909
FIRE:  613 14:23:31     -863.899891        0.024859
FIRE:  614 14:23:31     -863.899968        0.024794
FIRE:  615 14:23:31     -863.900076        0.024714
FIRE:  616 14:23:32     -863.900198        0.024618
FIRE:  617 14:23:32     -863.900343        0.024502
FIRE:  618 14:23:32     -863.900536        0.024368
FIRE:  619 14:23:32     -863.900757        0.024208
FIRE:  620 14:23:33     -863.901029        0.024013
FIRE:  621 14:23:33     -863.901360        0.023771
FIRE:  622 14:23:33     -863.901760        0.023471
FIRE:  623 14:23:33     -863.902239        0.023114
FIRE:  624 14:23:33     -863.902823        0.022703
FIRE:  625 14:23:34     -863.903511        0.022214
FIRE:  626 14:23:34     -863.904348        0.021614
FIRE:  627 14:23:34     -863.905331        0.020919
FIRE:  628 14:23:34     -863.906520        0.020111
FIRE:  629 14:23:35     -863.907908        0.026517
FIRE:  630 14:23:35     -863.909507        0.077799
FIRE:  631 14:23:35     -863.910812        0.242949
FIRE:  632 14:23:35     -863.907762        0.695262
FIRE:  633 14:23:36     -863.913575        0.076860
FIRE:  634 14:23:36     -863.913624        0.054667
FIRE:  635 14:23:36     -863.913687        0.025478
FIRE:  636 14:23:36     -863.913724        0.025536
FIRE:  637 14:23:37     -863.913760        0.049241
FIRE:  638 14:23:37     -863.913826        0.054212
FIRE:  639 14:23:37     -863.913921        0.037887
FIRE:  640 14:23:37     -863.914029        0.025819
FIRE:  641 14:23:37     -863.914147        0.027877
FIRE:  642 14:23:38     -863.914284        0.043706
FIRE:  643 14:23:38     -863.914472        0.026267
FIRE:  644 14:23:38     -863.914707        0.026528
FIRE:  645 14:23:38     -863.914979        0.038145
FIRE:  646 14:23:39     -863.915356        0.027225
FIRE:  647 14:23:39     -863.915766        0.038228
FIRE:  648 14:23:39     -863.916317        0.028363
FIRE:  649 14:23:39     -863.916981        0.039890
FIRE:  650 14:23:40     -863.917797        0.037089
FIRE:  651 14:23:40     -863.918825        0.031725
FIRE:  652 14:23:40     -863.920093        0.033605
FIRE:  653 14:23:40     -863.921661        0.049778
FIRE:  654 14:23:41     -863.923218        0.186978
FIRE:  655 14:23:41     -863.920194        0.648750
FIRE:  656 14:23:41     -863.925883        0.144633
FIRE:  657 14:23:41     -863.926056        0.098388
FIRE:  658 14:23:42     -863.926227        0.044445
FIRE:  659 14:23:42     -863.926256        0.056781
FIRE:  660 14:23:42     -863.926277        0.052279
FIRE:  661 14:23:42     -863.926293        0.044644
FIRE:  662 14:23:43     -863.926327        0.044674
FIRE:  663 14:23:43     -863.926353        0.044715
FIRE:  664 14:23:43     -863.926379        0.044768
FIRE:  665 14:23:43     -863.926407        0.044833
FIRE:  666 14:23:44     -863.926453        0.044913
FIRE:  667 14:23:44     -863.926489        0.045014
FIRE:  668 14:23:44     -863.926560        0.045145
FIRE:  669 14:23:44     -863.926626        0.045307
FIRE:  670 14:23:44     -863.926731        0.045511
FIRE:  671 14:23:45     -863.926857        0.045769
FIRE:  672 14:23:45     -863.927004        0.046088
FIRE:  673 14:23:45     -863.927179        0.046484
FIRE:  674 14:23:45     -863.927407        0.046967
FIRE:  675 14:23:46     -863.927693        0.047567
FIRE:  676 14:23:46     -863.928037        0.048323
FIRE:  677 14:23:46     -863.928470        0.049273
FIRE:  678 14:23:46     -863.928999        0.050470
FIRE:  679 14:23:47     -863.929671        0.051971
FIRE:  680 14:23:47     -863.930502        0.053855
FIRE:  681 14:23:47     -863.931556        0.056260
FIRE:  682 14:23:47     -863.932888        0.059343
FIRE:  683 14:23:48     -863.934605        0.063262
FIRE:  684 14:23:48     -863.936810        0.068342
FIRE:  685 14:23:48     -863.939714        0.074913
FIRE:  686 14:23:48     -863.943609        0.083422
FIRE:  687 14:23:49     -863.948618        0.148515
FIRE:  688 14:23:49     -863.950949        0.590836
FIRE:  689 14:23:49     -863.956087        0.137158
FIRE:  690 14:23:49     -863.956307        0.107726
FIRE:  691 14:23:50     -863.956573        0.108003
FIRE:  692 14:23:50     -863.956764        0.108425
FIRE:  693 14:23:50     -863.956989        0.108971
FIRE:  694 14:23:50     -863.957371        0.109624
FIRE:  695 14:23:50     -863.957898        0.110371
FIRE:  696 14:23:51     -863.958470        0.111227
FIRE:  697 14:23:51     -863.959077        0.112319
FIRE:  698 14:23:51     -863.959926        0.113680
FIRE:  699 14:23:51     -863.961073        0.115357
FIRE:  700 14:23:52     -863.962412        0.117422
FIRE:  701 14:23:52     -863.964163        0.119878
FIRE:  702 14:23:52     -863.966424        0.122744
FIRE:  703 14:23:52     -863.969239        0.126069
FIRE:  704 14:23:53     -863.972901        0.129730
FIRE:  705 14:23:53     -863.977603        0.133359
FIRE:  706 14:23:53     -863.983533        0.136275
FIRE:  707 14:23:53     -863.990979        0.137069
FIRE:  708 14:23:54     -863.999715        0.255189
FIRE:  709 14:23:54     -864.006939        0.564696
FIRE:  710 14:23:54     -864.011763        0.119576
FIRE:  711 14:23:54     -864.009130        0.520621
FIRE:  712 14:23:55     -864.010701        0.389851
FIRE:  713 14:23:55     -864.012467        0.166700
FIRE:  714 14:23:55     -864.013013        0.118442
FIRE:  715 14:23:55     -864.013044        0.118423
FIRE:  716 14:23:56     -864.013102        0.118381
FIRE:  717 14:23:56     -864.013190        0.118319
FIRE:  718 14:23:56     -864.013298        0.118235
FIRE:  719 14:23:56     -864.013422        0.118131
FIRE:  720 14:23:57     -864.013542        0.118006
FIRE:  721 14:23:57     -864.013696        0.117858
FIRE:  722 14:23:57     -864.013880        0.117670
FIRE:  723 14:23:57     -864.014103        0.117433
FIRE:  724 14:23:58     -864.014399        0.117137
FIRE:  725 14:23:58     -864.014764        0.116766
FIRE:  726 14:23:58     -864.015231        0.116301
FIRE:  727 14:23:58     -864.015806        0.115708
FIRE:  728 14:23:59     -864.016487        0.114947
FIRE:  729 14:23:59     -864.017327        0.113971
FIRE:  730 14:23:59     -864.018364        0.112713
FIRE:  731 14:23:59     -864.019629        0.111082
FIRE:  732 14:23:59     -864.021156        0.108962
FIRE:  733 14:24:00     -864.023005        0.106206
FIRE:  734 14:24:00     -864.025241        0.102605
FIRE:  735 14:24:00     -864.027878        0.097852
FIRE:  736 14:24:00     -864.031035        0.091593
FIRE:  737 14:24:01     -864.034721        0.083433
FIRE:  738 14:24:01     -864.038995        0.073009
FIRE:  739 14:24:01     -864.043874        0.060036
FIRE:  740 14:24:01     -864.049351        0.044804
FIRE:  741 14:24:02     -864.055401        0.040994
FIRE:  742 14:24:02     -864.061717        0.158889
FIRE:  743 14:24:02     -864.065400        0.501969
FIRE:  744 14:24:02     -864.069101        0.034438
FIRE:  745 14:24:03     -864.066638        0.478100
FIRE:  746 14:24:03     -864.067967        0.354863
FIRE:  747 14:24:03     -864.069385        0.145079
FIRE:  748 14:24:03     -864.069672        0.091263
FIRE:  749 14:24:04     -864.069693        0.085572
FIRE:  750 14:24:04     -864.069733        0.074572
FIRE:  751 14:24:04     -864.069799        0.058960
FIRE:  752 14:24:04     -864.069861        0.039875
FIRE:  753 14:24:05     -864.069927        0.033666
FIRE:  754 14:24:05     -864.070005        0.033607
FIRE:  755 14:24:05     -864.070070        0.033538
FIRE:  756 14:24:05     -864.070156        0.038381
FIRE:  757 14:24:06     -864.070259        0.049335
FIRE:  758 14:24:06     -864.070403        0.051815
FIRE:  759 14:24:06     -864.070588        0.043701
FIRE:  760 14:24:06     -864.070821        0.032877
FIRE:  761 14:24:07     -864.071085        0.032649
FIRE:  762 14:24:07     -864.071404        0.032435
FIRE:  763 14:24:07     -864.071797        0.036575
FIRE:  764 14:24:07     -864.072290        0.032312
FIRE:  765 14:24:08     -864.072874        0.032203
FIRE:  766 14:24:08     -864.073561        0.034441
FIRE:  767 14:24:08     -864.074399        0.031973
FIRE:  768 14:24:08     -864.075415        0.031869
FIRE:  769 14:24:09     -864.076612        0.031715
FIRE:  770 14:24:09     -864.078061        0.031464
FIRE:  771 14:24:09     -864.079768        0.031179
FIRE:  772 14:24:09     -864.081804        0.030889
FIRE:  773 14:24:09     -864.084245        0.030408
FIRE:  774 14:24:10     -864.087121        0.029839
FIRE:  775 14:24:10     -864.090524        0.033156
FIRE:  776 14:24:10     -864.094308        0.128566
FIRE:  777 14:24:10     -864.096746        0.403153
FIRE:  778 14:24:11     -864.099061        0.026935
FIRE:  779 14:24:11     -864.097464        0.386033
FIRE:  780 14:24:11     -864.098329        0.284268
FIRE:  781 14:24:11     -864.099243        0.110949
FIRE:  782 14:24:12     -864.099376        0.083692
FIRE:  783 14:24:12     -864.099400        0.078286
FIRE:  784 14:24:12     -864.099428        0.067837
FIRE:  785 14:24:12     -864.099476        0.053040
FIRE:  786 14:24:12     -864.099525        0.035075
FIRE:  787 14:24:13     -864.099567        0.026784
FIRE:  788 14:24:13     -864.099606        0.026755
FIRE:  789 14:24:13     -864.099655        0.026726
FIRE:  790 14:24:13     -864.099705        0.037307
FIRE:  791 14:24:14     -864.099772        0.046501
FIRE:  792 14:24:14     -864.099859        0.047583
FIRE:  793 14:24:14     -864.099983        0.038844
FIRE:  794 14:24:14     -864.100129        0.026587
FIRE:  795 14:24:15     -864.100304        0.026557
FIRE:  796 14:24:15     -864.100507        0.026656
FIRE:  797 14:24:15     -864.100758        0.033775
FIRE:  798 14:24:15     -864.101092        0.026508
FIRE:  799 14:24:16     -864.101483        0.026708
FIRE:  800 14:24:16     -864.101948        0.032822
FIRE:  801 14:24:16     -864.102527        0.027242
FIRE:  802 14:24:16     -864.103219        0.027592
FIRE:  803 14:24:17     -864.104070        0.028031
FIRE:  804 14:24:17     -864.105092        0.028583
FIRE:  805 14:24:17     -864.106337        0.029261
FIRE:  806 14:24:17     -864.107824        0.030089
FIRE:  807 14:24:18     -864.109641        0.031146
FIRE:  808 14:24:18     -864.111816        0.032461
FIRE:  809 14:24:18     -864.114444        0.034149
FIRE:  810 14:24:18     -864.117608        0.036332
FIRE:  811 14:24:19     -864.121308        0.072471
FIRE:  812 14:24:19     -864.122876        0.373714
FIRE:  813 14:24:19     -864.125703        0.124191
FIRE:  814 14:24:19     -864.125895        0.084037
FIRE:  815 14:24:20     -864.126082        0.042835
FIRE:  816 14:24:20     -864.126133        0.052790
FIRE:  817 14:24:20     -864.126151        0.048488
FIRE:  818 14:24:20     -864.126178        0.042963
FIRE:  819 14:24:21     -864.126218        0.042984
FIRE:  820 14:24:21     -864.126257        0.043010
FIRE:  821 14:24:21     -864.126302        0.043043
FIRE:  822 14:24:21     -864.126342        0.043088
FIRE:  823 14:24:21     -864.126393        0.043139
FIRE:  824 14:24:22     -864.126443        0.043205
FIRE:  825 14:24:22     -864.126532        0.043288
FIRE:  826 14:24:22     -864.126641        0.043392
FIRE:  827 14:24:22     -864.126779        0.043522
FIRE:  828 14:24:23     -864.126935        0.043688
FIRE:  829 14:24:23     -864.127127        0.043891
FIRE:  830 14:24:23     -864.127374        0.044138
FIRE:  831 14:24:23     -864.127691        0.044446
FIRE:  832 14:24:24     -864.128067        0.044820
FIRE:  833 14:24:24     -864.128512        0.045285
FIRE:  834 14:24:24     -864.129102        0.045863
FIRE:  835 14:24:24     -864.129797        0.046577
FIRE:  836 14:24:25     -864.130662        0.047454
FIRE:  837 14:24:25     -864.131734        0.048524
FIRE:  838 14:24:25     -864.133046        0.049840
FIRE:  839 14:24:25     -864.134689        0.051455
FIRE:  840 14:24:26     -864.136715        0.053388
FIRE:  841 14:24:26     -864.139231        0.055709
FIRE:  842 14:24:26     -864.142332        0.078616
FIRE:  843 14:24:26     -864.145676        0.232024
FIRE:  844 14:24:27     -864.145417        0.675279
FIRE:  845 14:24:27     -864.151138        0.064185
FIRE:  846 14:24:27     -864.151196        0.064210
FIRE:  847 14:24:27     -864.151277        0.064263
FIRE:  848 14:24:28     -864.151396        0.064338
FIRE:  849 14:24:28     -864.151537        0.064438
FIRE:  850 14:24:28     -864.151722        0.064562
FIRE:  851 14:24:28     -864.151959        0.064703
FIRE:  852 14:24:28     -864.152222        0.064867
FIRE:  853 14:24:29     -864.152555        0.065072
FIRE:  854 14:24:29     -864.152975        0.065321
FIRE:  855 14:24:29     -864.153521        0.065621
FIRE:  856 14:24:29     -864.154194        0.065975
FIRE:  857 14:24:30     -864.155034        0.066389
FIRE:  858 14:24:30     -864.156101        0.066852
FIRE:  859 14:24:30     -864.157427        0.067344
FIRE:  860 14:24:30     -864.159099        0.067813
FIRE:  861 14:24:31     -864.161172        0.068181
FIRE:  862 14:24:31     -864.163768        0.068311
FIRE:  863 14:24:31     -864.167011        0.067948
FIRE:  864 14:24:31     -864.171026        0.066679
FIRE:  865 14:24:32     -864.175756        0.164791
FIRE:  866 14:24:32     -864.179279        0.506286
FIRE:  867 14:24:32     -864.182233        0.069432
FIRE:  868 14:24:32     -864.182286        0.069484
FIRE:  869 14:24:33     -864.182381        0.069587
FIRE:  870 14:24:33     -864.182526        0.069742
FIRE:  871 14:24:33     -864.182701        0.069946
FIRE:  872 14:24:33     -864.182936        0.070197
FIRE:  873 14:24:34     -864.183209        0.070500
FIRE:  874 14:24:34     -864.183542        0.070854
FIRE:  875 14:24:34     -864.183950        0.071308
FIRE:  876 14:24:34     -864.184469        0.071890
FIRE:  877 14:24:35     -864.185135        0.072640
FIRE:  878 14:24:35     -864.185970        0.073596
FIRE:  879 14:24:35     -864.187003        0.074808
FIRE:  880 14:24:35     -864.188301        0.076339
FIRE:  881 14:24:35     -864.189934        0.078280
FIRE:  882 14:24:36     -864.191964        0.080759
FIRE:  883 14:24:36     -864.194526        0.083933
FIRE:  884 14:24:36     -864.197721        0.087975
FIRE:  885 14:24:36     -864.201749        0.093161
FIRE:  886 14:24:37     -864.206854        0.099751
FIRE:  887 14:24:37     -864.213360        0.107952
FIRE:  888 14:24:37     -864.221560        0.130988
FIRE:  889 14:24:37     -864.229246        0.515106
FIRE:  890 14:24:38     -864.199329        2.199357
FIRE:  891 14:24:38     -864.234713        0.947174
FIRE:  892 14:24:38     -864.240611        0.663976
FIRE:  893 14:24:38     -864.245914        0.154917
FIRE:  894 14:24:39     -864.244616        0.436057
FIRE:  895 14:24:39     -864.244986        0.397823
FIRE:  896 14:24:39     -864.245601        0.325227
FIRE:  897 14:24:39     -864.246285        0.225571
FIRE:  898 14:24:40     -864.246832        0.137523
FIRE:  899 14:24:40     -864.247127        0.137515
FIRE:  900 14:24:40     -864.247188        0.137527
FIRE:  901 14:24:40     -864.247208        0.137529
FIRE:  902 14:24:40     -864.247225        0.137537
FIRE:  903 14:24:41     -864.247278        0.137546
FIRE:  904 14:24:41     -864.247313        0.137559
FIRE:  905 14:24:41     -864.247379        0.137574
FIRE:  906 14:24:41     -864.247449        0.137593
FIRE:  907 14:24:42     -864.247522        0.137614
FIRE:  908 14:24:42     -864.247603        0.137639
FIRE:  909 14:24:42     -864.247704        0.137670
FIRE:  910 14:24:42     -864.247823        0.137709
FIRE:  911 14:24:43     -864.247954        0.137752
FIRE:  912 14:24:43     -864.248124        0.137803
FIRE:  913 14:24:43     -864.248329        0.137860
FIRE:  914 14:24:43     -864.248579        0.137923
FIRE:  915 14:24:44     -864.248902        0.137990
FIRE:  916 14:24:44     -864.249315        0.138061
FIRE:  917 14:24:44     -864.249809        0.138136
FIRE:  918 14:24:44     -864.250396        0.138214
FIRE:  919 14:24:45     -864.251120        0.138293
FIRE:  920 14:24:45     -864.251996        0.138367
FIRE:  921 14:24:45     -864.253085        0.138417
FIRE:  922 14:24:45     -864.254403        0.138414
FIRE:  923 14:24:46     -864.255992        0.138286
FIRE:  924 14:24:46     -864.257945        0.137933
FIRE:  925 14:24:46     -864.260325        0.137206
FIRE:  926 14:24:46     -864.263172        0.135898
FIRE:  927 14:24:47     -864.266631        0.133679
FIRE:  928 14:24:47     -864.270742        0.129961
FIRE:  929 14:24:47     -864.275619        0.123884
FIRE:  930 14:24:47     -864.281248        0.114297
FIRE:  931 14:24:48     -864.287554        0.099664
FIRE:  932 14:24:48     -864.294189        0.103467
FIRE:  933 14:24:48     -864.300278        0.237159
FIRE:  934 14:24:48     -864.303169        0.541979
FIRE:  935 14:24:49     -864.306760        0.074310
FIRE:  936 14:24:49     -864.304790        0.475248
FIRE:  937 14:24:49     -864.305847        0.362553
FIRE:  938 14:24:49     -864.307048        0.167772
FIRE:  939 14:24:49     -864.307462        0.058169
FIRE:  940 14:24:50     -864.307482        0.054900
FIRE:  941 14:24:50     -864.307506        0.052843
FIRE:  942 14:24:50     -864.307549        0.052503
FIRE:  943 14:24:50     -864.307597        0.052072
FIRE:  944 14:24:51     -864.307649        0.051530
FIRE:  945 14:24:51     -864.307725        0.050885
FIRE:  946 14:24:51     -864.307787        0.050148
FIRE:  947 14:24:51     -864.307878        0.049355
FIRE:  948 14:24:52     -864.307980        0.049438
FIRE:  949 14:24:52     -864.308136        0.049542
FIRE:  950 14:24:52     -864.308307        0.049672
FIRE:  951 14:24:52     -864.308528        0.049836
FIRE:  952 14:24:53     -864.308781        0.050042
FIRE:  953 14:24:53     -864.309099        0.050300
FIRE:  954 14:24:53     -864.309473        0.050620
FIRE:  955 14:24:53     -864.309928        0.051019
FIRE:  956 14:24:54     -864.310476        0.051519
FIRE:  957 14:24:54     -864.311128        0.052145
FIRE:  958 14:24:54     -864.311902        0.052936
FIRE:  959 14:24:54     -864.312814        0.053926
FIRE:  960 14:24:54     -864.313905        0.055170
FIRE:  961 14:24:55     -864.315216        0.056716
FIRE:  962 14:24:55     -864.316752        0.058652
FIRE:  963 14:24:55     -864.318617        0.061059
FIRE:  964 14:24:55     -864.320862        0.064021
FIRE:  965 14:24:56     -864.323570        0.067613
FIRE:  966 14:24:56     -864.326842        0.071867
FIRE:  967 14:24:56     -864.330612        0.137724
FIRE:  968 14:24:56     -864.333961        0.361831
FIRE:  969 14:24:57     -864.329369        1.050801
FIRE:  970 14:24:57     -864.340564        0.200067
FIRE:  971 14:24:57     -864.340828        0.145122
FIRE:  972 14:24:57     -864.341128        0.085168
FIRE:  973 14:24:58     -864.341258        0.085259
FIRE:  974 14:24:58     -864.341270        0.085269
FIRE:  975 14:24:58     -864.341303        0.085284
FIRE:  976 14:24:58     -864.341348        0.085308
FIRE:  977 14:24:59     -864.341394        0.085340
FIRE:  978 14:24:59     -864.341452        0.085378
FIRE:  979 14:24:59     -864.341513        0.085425
FIRE:  980 14:24:59     -864.341586        0.085478
FIRE:  981 14:24:59     -864.341680        0.085546
FIRE:  982 14:25:00     -864.341796        0.085629
FIRE:  983 14:25:00     -864.341954        0.085730
FIRE:  984 14:25:00     -864.342145        0.085853
FIRE:  985 14:25:00     -864.342380        0.086000
FIRE:  986 14:25:01     -864.342673        0.086180
FIRE:  987 14:25:01     -864.343029        0.086392
FIRE:  988 14:25:01     -864.343473        0.086638
FIRE:  989 14:25:01     -864.344021        0.086917
FIRE:  990 14:25:02     -864.344680        0.087222
FIRE:  991 14:25:02     -864.345504        0.087534
FIRE:  992 14:25:02     -864.346513        0.087812
FIRE:  993 14:25:02     -864.347741        0.087998
FIRE:  994 14:25:03     -864.349264        0.087978
FIRE:  995 14:25:03     -864.351103        0.087565
FIRE:  996 14:25:03     -864.353359        0.086462
FIRE:  997 14:25:03     -864.356083        0.084213
FIRE:  998 14:25:04     -864.359313        0.080148
FIRE:  999 14:25:04     -864.363071        0.073377
FIRE:  1000 14:25:04     -864.367043        0.175407
FIRE:  1001 14:25:04     -864.369359        0.480318
FIRE:  1002 14:25:05     -864.371987        0.049003
FIRE:  1003 14:25:05     -864.370308        0.410868
FIRE:  1004 14:25:05     -864.371147        0.316767
FIRE:  1005 14:25:05     -864.372101        0.147338
FIRE:  1006 14:25:05     -864.372388        0.059880
FIRE:  1007 14:25:06     -864.372413        0.056158
FIRE:  1008 14:25:06     -864.372425        0.049105
FIRE:  1009 14:25:06     -864.372456        0.049111
FIRE:  1010 14:25:06     -864.372492        0.049115
FIRE:  1011 14:25:07     -864.372527        0.049122
FIRE:  1012 14:25:07     -864.372582        0.049131
FIRE:  1013 14:25:07     -864.372621        0.049141
FIRE:  1014 14:25:07     -864.372679        0.049154
FIRE:  1015 14:25:08     -864.372756        0.049169
FIRE:  1016 14:25:08     -864.372848        0.049189
FIRE:  1017 14:25:08     -864.372962        0.049217
FIRE:  1018 14:25:08     -864.373114        0.049248
FIRE:  1019 14:25:08     -864.373300        0.049289
FIRE:  1020 14:25:09     -864.373510        0.049336
FIRE:  1021 14:25:09     -864.373771        0.049394
FIRE:  1022 14:25:09     -864.374102        0.049453
FIRE:  1023 14:25:09     -864.374493        0.049503
FIRE:  1024 14:25:10     -864.374976        0.049527
FIRE:  1025 14:25:10     -864.375554        0.049482
FIRE:  1026 14:25:10     -864.376246        0.049316
FIRE:  1027 14:25:10     -864.377072        0.048941
FIRE:  1028 14:25:11     -864.378086        0.048243
FIRE:  1029 14:25:11     -864.379261        0.047064
FIRE:  1030 14:25:11     -864.380655        0.045241
FIRE:  1031 14:25:11     -864.382311        0.042593
FIRE:  1032 14:25:12     -864.384207        0.038951
FIRE:  1033 14:25:12     -864.386389        0.034212
FIRE:  1034 14:25:12     -864.388815        0.065828
FIRE:  1035 14:25:12     -864.390751        0.260717
FIRE:  1036 14:25:12     -864.385399        0.854119
FIRE:  1037 14:25:13     -864.394136        0.125596
FIRE:  1038 14:25:13     -864.394245        0.086782
FIRE:  1039 14:25:13     -864.394348        0.021763
FIRE:  1040 14:25:13     -864.394386        0.046838
FIRE:  1041 14:25:14     -864.394393        0.043450
FIRE:  1042 14:25:14     -864.394397        0.036930
FIRE:  1043 14:25:14     -864.394410        0.027832
FIRE:  1044 14:25:14     -864.394433        0.017271
[prep] P1_Al2O3_I: fmax 0.0173 (target 0.02) · steps 1044 · converged True · 4.2 min
WARNING:root:If 'dataset_list' is provided in the config, the code assumes that each dataset maps to itself. Please use 'dataset_mapping' as 'dataset_list' is deprecated and will be removed in the future.
      Step     Time          Energy          fmax
FIRE:    0 14:25:22     -844.050172        1.807342
FIRE:    1 14:25:22     -844.439379        1.346899
FIRE:    2 14:25:22     -845.078247        1.470668
FIRE:    3 14:25:23     -845.824596        1.634855
FIRE:    4 14:25:23     -846.561320        1.463611
FIRE:    5 14:25:23     -847.160941        1.178822
FIRE:    6 14:25:23     -847.593205        0.914925
FIRE:    7 14:25:24     -847.826857        1.147718
FIRE:    8 14:25:24     -847.915642        1.404057
FIRE:    9 14:25:24     -847.952961        1.323384
FIRE:   10 14:25:24     -848.020611        1.171735
FIRE:   11 14:25:25     -848.106764        0.966235
FIRE:   12 14:25:25     -848.198230        0.733898
FIRE:   13 14:25:25     -848.284117        0.505812
FIRE:   14 14:25:25     -848.358239        0.369564
FIRE:   15 14:25:26     -848.419568        0.366375
FIRE:   16 14:25:26     -848.475124        0.373594
FIRE:   17 14:25:26     -848.526230        0.440650
FIRE:   18 14:25:26     -848.577291        0.476881
FIRE:   19 14:25:27     -848.638314        0.520684
FIRE:   20 14:25:27     -848.722548        0.509538
FIRE:   21 14:25:27     -848.835095        0.399622
FIRE:   22 14:25:27     -848.961184        0.301071
FIRE:   23 14:25:28     -849.074911        0.269537
FIRE:   24 14:25:28     -849.169297        0.368195
FIRE:   25 14:25:28     -849.264537        0.420471
FIRE:   26 14:25:28     -849.383148        0.352168
FIRE:   27 14:25:28     -849.500921        0.233533
FIRE:   28 14:25:29     -849.598173        0.286050
FIRE:   29 14:25:29     -849.690882        0.294974
FIRE:   30 14:25:29     -849.796712        0.278296
FIRE:   31 14:25:29     -849.906013        0.280965
FIRE:   32 14:25:30     -850.009853        0.284380
FIRE:   33 14:25:30     -850.116826        0.275045
FIRE:   34 14:25:30     -850.231138        0.282847
FIRE:   35 14:25:30     -850.337825        0.310061
FIRE:   36 14:25:31     -850.435451        0.330502
FIRE:   37 14:25:31     -850.531431        0.342135
FIRE:   38 14:25:31     -850.627927        0.341622
FIRE:   39 14:25:31     -850.724181        0.320884
FIRE:   40 14:25:31     -850.823756        0.272995
FIRE:   41 14:25:32     -850.922904        0.228699
FIRE:   42 14:25:32     -851.011067        0.207808
FIRE:   43 14:25:32     -851.086433        0.181577
FIRE:   44 14:25:32     -851.154011        0.183091
FIRE:   45 14:25:33     -851.215071        0.191605
FIRE:   46 14:25:33     -851.269028        0.150981
FIRE:   47 14:25:33     -851.314881        0.121744
FIRE:   48 14:25:33     -851.353702        0.202160
FIRE:   49 14:25:34     -851.392126        0.245240
FIRE:   50 14:25:34     -851.435710        0.229856
FIRE:   51 14:25:34     -851.484895        0.184499
FIRE:   52 14:25:34     -851.539591        0.158126
FIRE:   53 14:25:35     -851.600616        0.176886
FIRE:   54 14:25:35     -851.666533        0.201630
FIRE:   55 14:25:35     -851.734326        0.219984
FIRE:   56 14:25:35     -851.802098        0.227268
FIRE:   57 14:25:35     -851.868746        0.214131
FIRE:   58 14:25:36     -851.933372        0.174102
FIRE:   59 14:25:36     -851.996006        0.183785
FIRE:   60 14:25:36     -852.056608        0.205371
FIRE:   61 14:25:36     -852.115712        0.255970
FIRE:   62 14:25:37     -852.175564        0.249523
FIRE:   63 14:25:37     -852.236146        0.197774
FIRE:   64 14:25:37     -852.292296        0.137292
FIRE:   65 14:25:37     -852.339279        0.120854
FIRE:   66 14:25:38     -852.377849        0.147447
FIRE:   67 14:25:38     -852.412144        0.197155
FIRE:   68 14:25:38     -852.445494        0.212135
FIRE:   69 14:25:38     -852.478964        0.191436
FIRE:   70 14:25:39     -852.512354        0.150429
FIRE:   71 14:25:39     -852.545209        0.127453
FIRE:   72 14:25:39     -852.576895        0.123158
FIRE:   73 14:25:39     -852.607689        0.164057
FIRE:   74 14:25:40     -852.639514        0.190589
FIRE:   75 14:25:40     -852.673950        0.188497
FIRE:   76 14:25:40     -852.710085        0.161029
FIRE:   77 14:25:40     -852.745893        0.120879
FIRE:   78 14:25:41     -852.780583        0.112746
FIRE:   79 14:25:41     -852.814867        0.110482
FIRE:   80 14:25:41     -852.849569        0.103241
FIRE:   81 14:25:41     -852.884293        0.092367
FIRE:   82 14:25:42     -852.916815        0.080251
FIRE:   83 14:25:42     -852.944243        0.078893
FIRE:   84 14:25:42     -852.965038        0.114696
FIRE:   85 14:25:42     -852.980301        0.142057
FIRE:   86 14:25:43     -852.993397        0.179395
FIRE:   87 14:25:43     -853.008115        0.219351
FIRE:   88 14:25:43     -853.026616        0.231223
FIRE:   89 14:25:43     -853.049110        0.204402
FIRE:   90 14:25:43     -853.075315        0.151949
FIRE:   91 14:25:44     -853.105007        0.135379
FIRE:   92 14:25:44     -853.137598        0.123948
FIRE:   93 14:25:44     -853.172753        0.128111
FIRE:   94 14:25:44     -853.211112        0.128930
FIRE:   95 14:25:45     -853.252918        0.129010
FIRE:   96 14:25:45     -853.296984        0.127462
FIRE:   97 14:25:45     -853.341506        0.124587
FIRE:   98 14:25:45     -853.385440        0.134282
FIRE:   99 14:25:46     -853.428169        0.139894
FIRE:  100 14:25:46     -853.468929        0.138565
FIRE:  101 14:25:46     -853.507096        0.126325
FIRE:  102 14:25:46     -853.542619        0.146199
FIRE:  103 14:25:47     -853.575716        0.146176
FIRE:  104 14:25:47     -853.606489        0.115352
FIRE:  105 14:25:47     -853.635270        0.135941
FIRE:  106 14:25:47     -853.663436        0.146147
FIRE:  107 14:25:48     -853.692887        0.155487
FIRE:  108 14:25:48     -853.724670        0.148999
FIRE:  109 14:25:48     -853.759032        0.167233
FIRE:  110 14:25:48     -853.796370        0.180058
FIRE:  111 14:25:49     -853.836813        0.181385
FIRE:  112 14:25:49     -853.879180        0.163339
FIRE:  113 14:25:49     -853.921062        0.119549
FIRE:  114 14:25:49     -853.959541        0.142516
FIRE:  115 14:25:50     -853.992565        0.222396
FIRE:  116 14:25:50     -854.021237        0.282516
FIRE:  117 14:25:50     -854.050075        0.364928
FIRE:  118 14:25:50     -854.081954        0.355540
FIRE:  119 14:25:50     -854.113841        0.272097
FIRE:  120 14:25:51     -854.141373        0.230692
FIRE:  121 14:25:51     -854.163426        0.169269
FIRE:  122 14:25:51     -854.179660        0.171216
FIRE:  123 14:25:52     -854.188416        0.146903
FIRE:  124 14:25:52     -854.249125        0.147424
FIRE:  125 14:25:52     -854.263976        0.869637
FIRE:  126 14:25:52     -854.269305        0.986402
FIRE:  127 14:25:52     -854.295697        0.457735
FIRE:  128 14:25:53     -854.301357        0.328984
FIRE:  129 14:25:53     -854.302830        0.283230
FIRE:  130 14:25:53     -854.305169        0.197296
FIRE:  131 14:25:53     -854.307458        0.099475
FIRE:  132 14:25:54     -854.309087        0.099284
FIRE:  133 14:25:54     -854.310191        0.145734
FIRE:  134 14:25:54     -854.311484        0.208007
FIRE:  135 14:25:54     -854.313557        0.219704
FIRE:  136 14:25:55     -854.316743        0.175563
FIRE:  137 14:25:55     -854.320562        0.099287
FIRE:  138 14:25:55     -854.324151        0.099609
FIRE:  139 14:25:55     -854.327705        0.149426
FIRE:  140 14:25:55     -854.332660        0.156950
FIRE:  141 14:25:56     -854.339161        0.102524
FIRE:  142 14:25:56     -854.345849        0.108300
FIRE:  143 14:25:56     -854.353985        0.154038
FIRE:  144 14:25:56     -854.364656        0.108622
FIRE:  145 14:25:57     -854.376412        0.130581
FIRE:  146 14:25:57     -854.391551        0.113992
FIRE:  147 14:25:57     -854.408662        0.153987
FIRE:  148 14:25:57     -854.429890        0.119446
FIRE:  149 14:25:58     -854.454959        0.128831
FIRE:  150 14:25:58     -854.483925        0.170520
FIRE:  151 14:25:58     -854.514071        0.344876
FIRE:  152 14:25:58     -854.530198        0.731416
FIRE:  153 14:25:59     -854.554881        0.116231
FIRE:  154 14:25:59     -854.541168        0.588733
FIRE:  155 14:25:59     -854.548974        0.464033
FIRE:  156 14:25:59     -854.557968        0.233897
FIRE:  157 14:26:00     -854.560898        0.118585
FIRE:  158 14:26:00     -854.561057        0.118620
FIRE:  159 14:26:00     -854.561340        0.118686
FIRE:  160 14:26:00     -854.561752        0.118789
FIRE:  161 14:26:01     -854.562234        0.118924
FIRE:  162 14:26:01     -854.562782        0.119094
FIRE:  163 14:26:01     -854.563375        0.119296
FIRE:  164 14:26:01     -854.564020        0.119532
FIRE:  165 14:26:01     -854.564823        0.119826
FIRE:  166 14:26:02     -854.565833        0.120192
FIRE:  167 14:26:02     -854.567130        0.120635
FIRE:  168 14:26:02     -854.568775        0.121170
FIRE:  169 14:26:02     -854.570805        0.121809
FIRE:  170 14:26:03     -854.573222        0.122561
FIRE:  171 14:26:03     -854.576111        0.123419
FIRE:  172 14:26:03     -854.579641        0.124350
FIRE:  173 14:26:03     -854.583954        0.125273
FIRE:  174 14:26:04     -854.589111        0.126050
FIRE:  175 14:26:04     -854.595222        0.126430
FIRE:  176 14:26:04     -854.602545        0.126030
FIRE:  177 14:26:04     -854.611144        0.124201
FIRE:  178 14:26:05     -854.621162        0.119840
FIRE:  179 14:26:05     -854.632624        0.111205
FIRE:  180 14:26:05     -854.645358        0.096261
FIRE:  181 14:26:05     -854.658899        0.074412
FIRE:  182 14:26:06     -854.672553        0.062289
FIRE:  183 14:26:06     -854.685436        0.095809
FIRE:  184 14:26:06     -854.696207        0.213075
FIRE:  185 14:26:06     -854.700056        0.502241
FIRE:  186 14:26:07     -854.708713        0.062171
FIRE:  187 14:26:07     -854.704376        0.410834
FIRE:  188 14:26:07     -854.706734        0.321200
FIRE:  189 14:26:07     -854.709582        0.160175
FIRE:  190 14:26:08     -854.710761        0.046800
FIRE:  191 14:26:08     -854.710791        0.046609
FIRE:  192 14:26:08     -854.710854        0.046232
FIRE:  193 14:26:08     -854.710951        0.045661
FIRE:  194 14:26:09     -854.711074        0.044908
FIRE:  195 14:26:09     -854.711219        0.043975
FIRE:  196 14:26:09     -854.711396        0.042870
FIRE:  197 14:26:09     -854.711584        0.041600
FIRE:  198 14:26:10     -854.711820        0.040018
FIRE:  199 14:26:10     -854.712112        0.038074
FIRE:  200 14:26:10     -854.712476        0.036460
FIRE:  201 14:26:10     -854.712927        0.035129
FIRE:  202 14:26:11     -854.713474        0.035147
FIRE:  203 14:26:11     -854.714128        0.035169
FIRE:  204 14:26:11     -854.714904        0.035201
FIRE:  205 14:26:11     -854.715814        0.035248
FIRE:  206 14:26:11     -854.716886        0.035309
FIRE:  207 14:26:12     -854.718126        0.035394
FIRE:  208 14:26:12     -854.719546        0.035498
FIRE:  209 14:26:12     -854.721198        0.035623
FIRE:  210 14:26:13     -854.723100        0.035778
FIRE:  211 14:26:13     -854.725280        0.035990
FIRE:  212 14:26:13     -854.727820        0.036281
FIRE:  213 14:26:13     -854.730789        0.036643
FIRE:  214 14:26:14     -854.734265        0.037085
FIRE:  215 14:26:14     -854.738399        0.037673
FIRE:  216 14:26:14     -854.743355        0.039761
FIRE:  217 14:26:14     -854.749359        0.042505
FIRE:  218 14:26:15     -854.756605        0.080158
FIRE:  219 14:26:15     -854.764058        0.235700
FIRE:  220 14:26:15     -854.761032        0.687007
FIRE:  221 14:26:15     -854.777203        0.062628
FIRE:  222 14:26:15     -854.777386        0.059678
FIRE:  223 14:26:16     -854.777671        0.060043
FIRE:  224 14:26:16     -854.777992        0.060509
FIRE:  225 14:26:16     -854.778349        0.060988
FIRE:  226 14:26:16     -854.778835        0.061421
FIRE:  227 14:26:17     -854.779481        0.061795
FIRE:  228 14:26:17     -854.780221        0.062154
FIRE:  229 14:26:17     -854.781109        0.062633
FIRE:  230 14:26:17     -854.782211        0.063387
FIRE:  231 14:26:18     -854.783652        0.064534
FIRE:  232 14:26:18     -854.785465        0.066059
FIRE:  233 14:26:18     -854.787681        0.067719
FIRE:  234 14:26:18     -854.790537        0.069303
FIRE:  235 14:26:19     -854.794074        0.071096
FIRE:  236 14:26:19     -854.798599        0.073569
FIRE:  237 14:26:19     -854.804279        0.076063
FIRE:  238 14:26:19     -854.811490        0.077218
FIRE:  239 14:26:20     -854.820596        0.077813
FIRE:  240 14:26:20     -854.831919        0.074810
FIRE:  241 14:26:20     -854.845518        0.113932
FIRE:  242 14:26:20     -854.858121        0.397559
FIRE:  243 14:26:21     -854.835422        1.277052
FIRE:  244 14:26:21     -854.878755        0.171255
FIRE:  245 14:26:21     -854.879395        0.119078
FIRE:  246 14:26:21     -854.880174        0.068143
FIRE:  247 14:26:21     -854.880667        0.068395
FIRE:  248 14:26:22     -854.881102        0.118803
FIRE:  249 14:26:22     -854.881912        0.124302
FIRE:  250 14:26:22     -854.883152        0.081384
FIRE:  251 14:26:22     -854.884458        0.070423
FIRE:  252 14:26:23     -854.885776        0.071305
FIRE:  253 14:26:23     -854.887443        0.092953
FIRE:  254 14:26:23     -854.889825        0.073251
FIRE:  255 14:26:23     -854.892495        0.074469
FIRE:  256 14:26:24     -854.895768        0.080705
FIRE:  257 14:26:24     -854.900109        0.077016
FIRE:  258 14:26:24     -854.905147        0.083138
FIRE:  259 14:26:24     -854.911801        0.081119
FIRE:  260 14:26:25     -854.919883        0.087720
FIRE:  261 14:26:25     -854.929868        0.103820
FIRE:  262 14:26:25     -854.942182        0.124152
FIRE:  263 14:26:25     -854.956595        0.178583
FIRE:  264 14:26:26     -854.970392        0.401920
FIRE:  265 14:26:26     -854.963163        1.157599
FIRE:  266 14:26:26     -854.991949        0.199684
FIRE:  267 14:26:26     -854.992564        0.146501
FIRE:  268 14:26:26     -854.993354        0.107242
FIRE:  269 14:26:27     -854.993914        0.106970
FIRE:  270 14:26:27     -854.994345        0.124422
FIRE:  271 14:26:27     -854.995080        0.144484
FIRE:  272 14:26:27     -854.996241        0.107644
FIRE:  273 14:26:28     -854.997542        0.103837
FIRE:  274 14:26:28     -854.998816        0.102315
FIRE:  275 14:26:28     -855.000220        0.117263
FIRE:  276 14:26:28     -855.002236        0.097667
FIRE:  277 14:26:29     -855.004582        0.094082
FIRE:  278 14:26:29     -855.007009        0.098883
FIRE:  279 14:26:29     -855.010192        0.081591
FIRE:  280 14:26:29     -855.013459        0.095194
FIRE:  281 14:26:30     -855.017351        0.058308
FIRE:  282 14:26:30     -855.021083        0.121208
FIRE:  283 14:26:30     -855.025366        0.053838
FIRE:  284 14:26:30     -855.029369        0.036236
FIRE:  285 14:26:31     -855.033024        0.117373
FIRE:  286 14:26:31     -855.035314        0.292930
FIRE:  287 14:26:31     -855.037237        0.060531
FIRE:  288 14:26:31     -855.036672        0.220216
FIRE:  289 14:26:32     -855.037086        0.173570
FIRE:  290 14:26:32     -855.037626        0.090873
FIRE:  291 14:26:32     -855.037922        0.036435
FIRE:  292 14:26:32     -855.037921        0.094813
FIRE:  293 14:26:33     -855.037944        0.090085
FIRE:  294 14:26:33     -855.038003        0.080905
FIRE:  295 14:26:33     -855.038066        0.067707
FIRE:  296 14:26:33     -855.038143        0.051302
FIRE:  297 14:26:34     -855.038223        0.036381
FIRE:  298 14:26:34     -855.038301        0.036304
FIRE:  299 14:26:34     -855.038367        0.036226
FIRE:  300 14:26:34     -855.038452        0.036144
FIRE:  301 14:26:35     -855.038537        0.037588
FIRE:  302 14:26:35     -855.038659        0.045626
FIRE:  303 14:26:35     -855.038811        0.045139
FIRE:  304 14:26:35     -855.039021        0.035880
FIRE:  305 14:26:36     -855.039274        0.035843
FIRE:  306 14:26:36     -855.039544        0.035796
FIRE:  307 14:26:36     -855.039849        0.035714
FIRE:  308 14:26:36     -855.040234        0.038933
FIRE:  309 14:26:37     -855.040709        0.035303
FIRE:  310 14:26:37     -855.041244        0.034972
FIRE:  311 14:26:37     -855.041862        0.034628
FIRE:  312 14:26:37     -855.042606        0.034346
FIRE:  313 14:26:38     -855.043465        0.034101
FIRE:  314 14:26:38     -855.044479        0.033738
FIRE:  315 14:26:38     -855.045704        0.033212
FIRE:  316 14:26:38     -855.047156        0.032778
FIRE:  317 14:26:38     -855.048890        0.033760
FIRE:  318 14:26:39     -855.051003        0.031838
FIRE:  319 14:26:39     -855.053540        0.031245
FIRE:  320 14:26:39     -855.056607        0.030477
FIRE:  321 14:26:39     -855.060161        0.079336
FIRE:  322 14:26:40     -855.063035        0.269809
FIRE:  323 14:26:40     -855.053243        0.914723
FIRE:  324 14:26:40     -855.068193        0.259825
FIRE:  325 14:26:40     -855.068940        0.182628
FIRE:  326 14:26:41     -855.069647        0.049712
FIRE:  327 14:26:41     -855.069628        0.097489
FIRE:  328 14:26:41     -855.069664        0.089774
FIRE:  329 14:26:41     -855.069739        0.074971
FIRE:  330 14:26:42     -855.069812        0.054358
FIRE:  331 14:26:42     -855.069894        0.033579
FIRE:  332 14:26:42     -855.069959        0.033595
FIRE:  333 14:26:42     -855.070011        0.033620
FIRE:  334 14:26:42     -855.070054        0.039143
FIRE:  335 14:26:43     -855.070119        0.051943
FIRE:  336 14:26:43     -855.070223        0.055822
FIRE:  337 14:26:43     -855.070351        0.048537
FIRE:  338 14:26:43     -855.070542        0.033922
FIRE:  339 14:26:44     -855.070743        0.034035
FIRE:  340 14:26:44     -855.070960        0.034172
FIRE:  341 14:26:44     -855.071231        0.040855
FIRE:  342 14:26:44     -855.071595        0.034513
FIRE:  343 14:26:45     -855.072051        0.034738
FIRE:  344 14:26:45     -855.072548        0.035037
FIRE:  345 14:26:45     -855.073198        0.035426
FIRE:  346 14:26:45     -855.073989        0.035898
FIRE:  347 14:26:46     -855.074930        0.036428
FIRE:  348 14:26:46     -855.076108        0.037018
FIRE:  349 14:26:46     -855.077514        0.037765
FIRE:  350 14:26:46     -855.079258        0.038608
FIRE:  351 14:26:47     -855.081395        0.039300
FIRE:  352 14:26:47     -855.083963        0.039941
FIRE:  353 14:26:47     -855.087021        0.070116
FIRE:  354 14:26:47     -855.090106        0.184130
FIRE:  355 14:26:47     -855.090226        0.490573
FIRE:  356 14:26:48     -855.095045        0.043175
FIRE:  357 14:26:48     -855.095097        0.035788
FIRE:  358 14:26:48     -855.095175        0.035791
FIRE:  359 14:26:48     -855.095262        0.035791
FIRE:  360 14:26:49     -855.095375        0.035783
FIRE:  361 14:26:49     -855.095524        0.035767
FIRE:  362 14:26:49     -855.095713        0.035738
FIRE:  363 14:26:49     -855.095924        0.035699
FIRE:  364 14:26:50     -855.096188        0.035639
FIRE:  365 14:26:50     -855.096522        0.035559
FIRE:  366 14:26:50     -855.096938        0.035447
FIRE:  367 14:26:50     -855.097461        0.035279
FIRE:  368 14:26:50     -855.098105        0.035007
FIRE:  369 14:26:51     -855.098923        0.034569
FIRE:  370 14:26:51     -855.099906        0.033917
FIRE:  371 14:26:51     -855.101142        0.032970
FIRE:  372 14:26:51     -855.102649        0.031541
FIRE:  373 14:26:52     -855.104512        0.032654
FIRE:  374 14:26:52     -855.106793        0.034052
FIRE:  375 14:26:52     -855.109620        0.036131
FIRE:  376 14:26:52     -855.113133        0.038896
FIRE:  377 14:26:53     -855.117461        0.061851
FIRE:  378 14:26:53     -855.121325        0.259193
FIRE:  379 14:26:53     -855.103518        0.925195
FIRE:  380 14:26:53     -855.128226        0.245952
FIRE:  381 14:26:54     -855.129557        0.162574
FIRE:  382 14:26:54     -855.130685        0.056112
FIRE:  383 14:26:54     -855.130506        0.107969
FIRE:  384 14:26:54     -855.130604        0.098971
FIRE:  385 14:26:55     -855.130772        0.081725
FIRE:  386 14:26:55     -855.130964        0.057683
FIRE:  387 14:26:55     -855.131141        0.056755
FIRE:  388 14:26:55     -855.131282        0.056765
FIRE:  389 14:26:55     -855.131379        0.056815
FIRE:  390 14:26:56     -855.131474        0.056911
FIRE:  391 14:26:56     -855.131607        0.061211
FIRE:  392 14:26:56     -855.131828        0.062381
FIRE:  393 14:26:56     -855.132153        0.057653
FIRE:  394 14:26:57     -855.132578        0.058098
FIRE:  395 14:26:57     -855.133001        0.058653
FIRE:  396 14:26:57     -855.133479        0.059295
FIRE:  397 14:26:57     -855.134110        0.059982
FIRE:  398 14:26:58     -855.134964        0.060714
FIRE:  399 14:26:58     -855.135971        0.061569
FIRE:  400 14:26:58     -855.137144        0.062704
FIRE:  401 14:26:58     -855.138710        0.064230
FIRE:  402 14:26:59     -855.140602        0.066125
FIRE:  403 14:26:59     -855.142954        0.068158
FIRE:  404 14:26:59     -855.145952        0.070281
FIRE:  405 14:26:59     -855.149705        0.072840
FIRE:  406 14:27:00     -855.154373        0.075479
FIRE:  407 14:27:00     -855.160278        0.076919
FIRE:  408 14:27:00     -855.167547        0.077038
FIRE:  409 14:27:00     -855.176132        0.071616
FIRE:  410 14:27:01     -855.184176        0.200244
FIRE:  411 14:27:01     -855.176217        0.629209
FIRE:  412 14:27:01     -855.194922        0.089251
FIRE:  413 14:27:01     -855.195174        0.062178
FIRE:  414 14:27:02     -855.195472        0.052484
FIRE:  415 14:27:02     -855.195641        0.052373
FIRE:  416 14:27:02     -855.195768        0.062535
FIRE:  417 14:27:02     -855.196039        0.066847
FIRE:  418 14:27:03     -855.196482        0.052343
FIRE:  419 14:27:03     -855.196948        0.052428
FIRE:  420 14:27:03     -855.197371        0.052517
FIRE:  421 14:27:03     -855.197880        0.052543
FIRE:  422 14:27:04     -855.198655        0.052466
FIRE:  423 14:27:04     -855.199504        0.052299
FIRE:  424 14:27:04     -855.200441        0.052153
FIRE:  425 14:27:04     -855.201714        0.052041
FIRE:  426 14:27:04     -855.203038        0.051762
FIRE:  427 14:27:05     -855.204766        0.051041
FIRE:  428 14:27:05     -855.206598        0.049959
FIRE:  429 14:27:05     -855.208814        0.048464
FIRE:  430 14:27:05     -855.211282        0.045466
FIRE:  431 14:27:06     -855.213875        0.042301
FIRE:  432 14:27:06     -855.216065        0.117244
FIRE:  433 14:27:06     -855.214547        0.326899
FIRE:  434 14:27:06     -855.219256        0.035383
FIRE:  435 14:27:06     -855.219288        0.026442
FIRE:  436 14:27:07     -855.219337        0.026451
FIRE:  437 14:27:07     -855.219379        0.026445
FIRE:  438 14:27:07     -855.219434        0.026405
FIRE:  439 14:27:07     -855.219517        0.026320
FIRE:  440 14:27:08     -855.219608        0.026187
FIRE:  441 14:27:08     -855.219728        0.026015
FIRE:  442 14:27:08     -855.219855        0.025798
FIRE:  443 14:27:08     -855.220005        0.025563
FIRE:  444 14:27:09     -855.220205        0.025334
FIRE:  445 14:27:09     -855.220449        0.025093
FIRE:  446 14:27:09     -855.220734        0.024747
FIRE:  447 14:27:09     -855.221077        0.024198
FIRE:  448 14:27:10     -855.221478        0.023438
FIRE:  449 14:27:10     -855.221970        0.022591
FIRE:  450 14:27:10     -855.222528        0.021501
FIRE:  451 14:27:10     -855.223182        0.019835
[prep] P2_Al2S3_I: fmax 0.0198 (target 0.02) · steps 451 · converged True · 1.8 min
WARNING:root:If 'dataset_list' is provided in the config, the code assumes that each dataset maps to itself. Please use 'dataset_mapping' as 'dataset_list' is deprecated and will be removed in the future.
      Step     Time          Energy          fmax
FIRE:    0 14:27:18     -846.390163        5.026409
FIRE:    1 14:27:18     -848.163102        5.242896
FIRE:    2 14:27:18     -850.608696        5.187249
FIRE:    3 14:27:18     -852.731381        4.087549
FIRE:    4 14:27:19     -854.144545        3.169087
FIRE:    5 14:27:19     -854.348902        8.310043
FIRE:    6 14:27:19     -854.736596        5.536391
FIRE:    7 14:27:19     -855.135524        2.015254
FIRE:    8 14:27:20     -855.333026        1.859799
FIRE:    9 14:27:20     -855.408839        2.921884
FIRE:   10 14:27:20     -855.505761        3.301079
FIRE:   11 14:27:20     -855.696490        3.222464
FIRE:   12 14:27:20     -855.981122        2.713310
FIRE:   13 14:27:21     -856.330582        1.488558
FIRE:   14 14:27:21     -856.585399        1.229193
FIRE:   15 14:27:21     -856.679231        3.700111
FIRE:   16 14:27:21     -856.724339        3.196855
FIRE:   17 14:27:22     -856.795981        2.318652
FIRE:   18 14:27:22     -856.868639        1.292879
FIRE:   19 14:27:22     -856.923969        0.532321
FIRE:   20 14:27:22     -856.959079        0.723207
FIRE:   21 14:27:23     -856.984653        1.296380
FIRE:   22 14:27:23     -857.014597        1.622543
FIRE:   23 14:27:23     -857.063494        1.714079
FIRE:   24 14:27:23     -857.138943        1.534973
FIRE:   25 14:27:24     -857.239116        1.041383
FIRE:   26 14:27:24     -857.349088        0.504352
FIRE:   27 14:27:24     -857.450337        0.886540
FIRE:   28 14:27:24     -857.556095        1.552578
FIRE:   29 14:27:24     -857.707588        1.318406
FIRE:   30 14:27:25     -857.894597        0.456596
FIRE:   31 14:27:25     -858.067964        0.890445
FIRE:   32 14:27:25     -858.259317        1.066777
FIRE:   33 14:27:25     -858.492039        0.411263
FIRE:   34 14:27:26     -858.692934        1.199132
FIRE:   35 14:27:26     -858.917593        0.675874
FIRE:   36 14:27:26     -859.083471        0.928707
FIRE:   37 14:27:26     -859.248015        0.699229
FIRE:   38 14:27:27     -859.379368        1.081344
FIRE:   39 14:27:27     -859.527523        0.552930
FIRE:   40 14:27:27     -859.651747        0.864225
FIRE:   41 14:27:27     -859.808302        0.271047
FIRE:   42 14:27:28     -859.929943        0.945490
FIRE:   43 14:27:28     -860.072165        0.634144
FIRE:   44 14:27:28     -860.196471        0.513111
FIRE:   45 14:27:28     -860.297040        0.884742
FIRE:   46 14:27:29     -860.412315        0.562326
FIRE:   47 14:27:29     -860.521125        0.189971
FIRE:   48 14:27:29     -860.606874        0.748974
FIRE:   49 14:27:29     -860.680953        1.032947
FIRE:   50 14:27:30     -860.771169        0.683434
FIRE:   51 14:27:30     -860.856777        0.420511
FIRE:   52 14:27:30     -860.940793        0.411067
FIRE:   53 14:27:30     -861.019822        0.647130
FIRE:   54 14:27:31     -861.083901        1.261510
FIRE:   55 14:27:31     -860.353570        4.986157
FIRE:   56 14:27:31     -861.059325        1.839224
FIRE:   57 14:27:31     -861.130955        1.042264
FIRE:   58 14:27:32     -861.146321        0.737309
FIRE:   59 14:27:32     -861.149810        0.646366
FIRE:   60 14:27:32     -861.155229        0.472236
FIRE:   61 14:27:32     -861.160363        0.233270
FIRE:   62 14:27:32     -861.163533        0.169407
FIRE:   63 14:27:33     -861.165044        0.393120
FIRE:   64 14:27:33     -861.166837        0.541346
FIRE:   65 14:27:33     -861.170543        0.561352
FIRE:   66 14:27:33     -861.177076        0.440524
FIRE:   67 14:27:34     -861.185292        0.188037
FIRE:   68 14:27:34     -861.192938        0.166615
FIRE:   69 14:27:34     -861.200245        0.348418
FIRE:   70 14:27:34     -861.210873        0.362918
FIRE:   71 14:27:35     -861.225988        0.163118
FIRE:   72 14:27:35     -861.241372        0.255642
FIRE:   73 14:27:35     -861.258893        0.368255
FIRE:   74 14:27:35     -861.282774        0.155987
FIRE:   75 14:27:36     -861.307353        0.319940
FIRE:   76 14:27:36     -861.339460        0.154580
FIRE:   77 14:27:36     -861.373480        0.397649
FIRE:   78 14:27:36     -861.416526        0.175487
FIRE:   79 14:27:37     -861.463291        0.311513
FIRE:   80 14:27:37     -861.513369        0.460084
FIRE:   81 14:27:37     -861.563999        0.790558
FIRE:   82 14:27:37     -861.593615        1.802017
FIRE:   83 14:27:37     -861.639781        0.165519
FIRE:   84 14:27:38     -861.612035        1.335733
FIRE:   85 14:27:38     -861.625351        1.069864
FIRE:   86 14:27:38     -861.641541        0.559532
FIRE:   87 14:27:38     -861.647758        0.145809
FIRE:   88 14:27:39     -861.647915        0.145853
FIRE:   89 14:27:39     -861.648209        0.145937
FIRE:   90 14:27:39     -861.648647        0.146061
FIRE:   91 14:27:39     -861.649197        0.146213
FIRE:   92 14:27:40     -861.649835        0.146392
FIRE:   93 14:27:40     -861.650577        0.146577
FIRE:   94 14:27:40     -861.651398        0.146770
FIRE:   95 14:27:40     -861.652422        0.146970
FIRE:   96 14:27:41     -861.653709        0.147163
FIRE:   97 14:27:41     -861.655341        0.147333
FIRE:   98 14:27:41     -861.657401        0.147469
FIRE:   99 14:27:41     -861.659969        0.147552
FIRE:  100 14:27:42     -861.663093        0.147595
FIRE:  101 14:27:42     -861.666875        0.147609
FIRE:  102 14:27:42     -861.671485        0.147630
FIRE:  103 14:27:42     -861.677148        0.147667
FIRE:  104 14:27:43     -861.684008        0.147651
FIRE:  105 14:27:43     -861.692236        0.147404
FIRE:  106 14:27:43     -861.702156        0.146657
FIRE:  107 14:27:43     -861.714080        0.145199
FIRE:  108 14:27:43     -861.728285        0.142946
FIRE:  109 14:27:44     -861.745260        0.139651
FIRE:  110 14:27:44     -861.765355        0.134381
FIRE:  111 14:27:44     -861.789123        0.126251
FIRE:  112 14:27:44     -861.816967        0.115885
FIRE:  113 14:27:45     -861.849327        0.112948
FIRE:  114 14:27:45     -861.886491        0.122070
FIRE:  115 14:27:45     -861.927348        0.379477
FIRE:  116 14:27:45     -861.959551        1.027778
FIRE:  117 14:27:45     -861.903352        3.345623
FIRE:  118 14:27:46     -862.012483        0.999854
FIRE:  119 14:27:46     -862.019240        0.748429
FIRE:  120 14:27:46     -862.026772        0.289888
FIRE:  121 14:27:46     -862.028325        0.299518
FIRE:  122 14:27:47     -862.028563        0.278513
FIRE:  123 14:27:47     -862.029000        0.238304
FIRE:  124 14:27:47     -862.029574        0.182416
FIRE:  125 14:27:47     -862.030197        0.134032
FIRE:  126 14:27:48     -862.030830        0.133637
FIRE:  127 14:27:48     -862.031471        0.133257
FIRE:  128 14:27:48     -862.032131        0.132935
FIRE:  129 14:27:48     -862.032966        0.132685
FIRE:  130 14:27:49     -862.034064        0.143738
FIRE:  131 14:27:49     -862.035548        0.132570
FIRE:  132 14:27:49     -862.037428        0.132759
FIRE:  133 14:27:49     -862.039685        0.133079
FIRE:  134 14:27:50     -862.042278        0.133393
FIRE:  135 14:27:50     -862.045401        0.133468
FIRE:  136 14:27:50     -862.049350        0.133067
FIRE:  137 14:27:50     -862.054201        0.132090
FIRE:  138 14:27:50     -862.059846        0.130702
FIRE:  139 14:27:51     -862.066721        0.129211
FIRE:  140 14:27:51     -862.075121        0.127501
FIRE:  141 14:27:51     -862.085016        0.124474
FIRE:  142 14:27:51     -862.097115        0.118683
FIRE:  143 14:27:52     -862.111427        0.110074
FIRE:  144 14:27:52     -862.128736        0.099056
FIRE:  145 14:27:52     -862.149285        0.098511
FIRE:  146 14:27:52     -862.173512        0.131075
FIRE:  147 14:27:53     -862.201347        0.295150
FIRE:  148 14:27:53     -862.230067        0.640487
FIRE:  149 14:27:53     -862.244527        1.648300
FIRE:  150 14:27:53     -862.273874        0.162216
FIRE:  151 14:27:54     -862.274331        0.129858
FIRE:  152 14:27:54     -862.275117        0.129991
FIRE:  153 14:27:54     -862.276119        0.130194
FIRE:  154 14:27:54     -862.277343        0.130470
FIRE:  155 14:27:55     -862.278893        0.130814
FIRE:  156 14:27:55     -862.280833        0.131217
FIRE:  157 14:27:55     -862.283094        0.131669
FIRE:  158 14:27:55     -862.285862        0.132207
FIRE:  159 14:27:56     -862.289263        0.132821
FIRE:  160 14:27:56     -862.293568        0.133483
FIRE:  161 14:27:56     -862.298948        0.134155
FIRE:  162 14:27:56     -862.305458        0.134777
FIRE:  163 14:27:57     -862.313571        0.135224
FIRE:  164 14:27:57     -862.323490        0.137339
FIRE:  165 14:27:57     -862.335666        0.139360
FIRE:  166 14:27:57     -862.350516        0.140799
FIRE:  167 14:27:58     -862.368611        0.140729
FIRE:  168 14:27:58     -862.390206        0.137283
FIRE:  169 14:27:58     -862.415208        0.140203
FIRE:  170 14:27:58     -862.441617        0.344108
FIRE:  171 14:27:59     -862.459898        0.987636
FIRE:  172 14:27:59     -862.471082        0.064972
FIRE:  173 14:27:59     -862.465212        0.762170
FIRE:  174 14:27:59     -862.468148        0.608189
FIRE:  175 14:28:00     -862.471871        0.321775
FIRE:  176 14:28:00     -862.473636        0.064780
FIRE:  177 14:28:00     -862.472830        0.375877
FIRE:  178 14:28:00     -862.473048        0.353936
FIRE:  179 14:28:01     -862.473439        0.311562
FIRE:  180 14:28:01     -862.473936        0.251673
FIRE:  181 14:28:01     -862.474450        0.178458
FIRE:  182 14:28:01     -862.474911        0.097300
FIRE:  183 14:28:01     -862.475266        0.064521
FIRE:  184 14:28:02     -862.475521        0.064470
FIRE:  185 14:28:02     -862.475765        0.124483
FIRE:  186 14:28:02     -862.476084        0.170584
FIRE:  187 14:28:02     -862.476583        0.189712
FIRE:  188 14:28:03     -862.477347        0.174697
FIRE:  189 14:28:03     -862.478374        0.121296
FIRE:  190 14:28:03     -862.479555        0.063601
FIRE:  191 14:28:03     -862.480757        0.070034
FIRE:  192 14:28:04     -862.482097        0.142451
FIRE:  193 14:28:04     -862.483901        0.143337
FIRE:  194 14:28:04     -862.486250        0.061582
FIRE:  195 14:28:04     -862.488827        0.070893
FIRE:  196 14:28:05     -862.491787        0.130640
FIRE:  197 14:28:05     -862.495639        0.060523
FIRE:  198 14:28:05     -862.499940        0.104028
FIRE:  199 14:28:05     -862.505141        0.091209
FIRE:  200 14:28:06     -862.511197        0.101948
FIRE:  201 14:28:06     -862.518392        0.066342
FIRE:  202 14:28:06     -862.526453        0.159118
FIRE:  203 14:28:06     -862.535990        0.142724
FIRE:  204 14:28:06     -862.546882        0.109179
FIRE:  205 14:28:07     -862.558981        0.184870
FIRE:  206 14:28:07     -862.570238        0.515248
FIRE:  207 14:28:07     -862.561493        1.407211
FIRE:  208 14:28:07     -862.589125        0.096198
FIRE:  209 14:28:08     -862.565094        1.554273
FIRE:  210 14:28:08     -862.578807        1.035909
FIRE:  211 14:28:08     -862.590089        0.240209
FIRE:  212 14:28:08     -862.587646        0.533319
FIRE:  213 14:28:09     -862.588127        0.498816
FIRE:  214 14:28:09     -862.588976        0.431501
FIRE:  215 14:28:09     -862.589995        0.334966
FIRE:  216 14:28:09     -862.590916        0.214733
FIRE:  217 14:28:10     -862.591546        0.098206
FIRE:  218 14:28:10     -862.591777        0.097934
FIRE:  219 14:28:10     -862.591713        0.173440
FIRE:  220 14:28:10     -862.591731        0.170239
FIRE:  221 14:28:11     -862.591770        0.163986
FIRE:  222 14:28:11     -862.591817        0.154698
FIRE:  223 14:28:11     -862.591893        0.142626
FIRE:  224 14:28:11     -862.591977        0.128055
FIRE:  225 14:28:12     -862.592063        0.111261
FIRE:  226 14:28:12     -862.592159        0.098147
FIRE:  227 14:28:12     -862.592270        0.098257
FIRE:  228 14:28:12     -862.592391        0.098390
FIRE:  229 14:28:13     -862.592512        0.098548
FIRE:  230 14:28:13     -862.592655        0.098728
FIRE:  231 14:28:13     -862.592804        0.098930
FIRE:  232 14:28:13     -862.592978        0.099148
FIRE:  233 14:28:13     -862.593212        0.099374
FIRE:  234 14:28:14     -862.593499        0.099605
FIRE:  235 14:28:14     -862.593892        0.099837
FIRE:  236 14:28:14     -862.594374        0.100077
FIRE:  237 14:28:14     -862.594953        0.100340
FIRE:  238 14:28:15     -862.595616        0.100670
FIRE:  239 14:28:15     -862.596409        0.101125
FIRE:  240 14:28:15     -862.597397        0.101764
FIRE:  241 14:28:15     -862.598641        0.102638
FIRE:  242 14:28:16     -862.600134        0.103743
FIRE:  243 14:28:16     -862.601917        0.105007
FIRE:  244 14:28:16     -862.604130        0.106328
FIRE:  245 14:28:16     -862.606865        0.107728
FIRE:  246 14:28:17     -862.610145        0.109425
FIRE:  247 14:28:17     -862.614228        0.111580
FIRE:  248 14:28:17     -862.619201        0.113880
FIRE:  249 14:28:17     -862.625369        0.115690
FIRE:  250 14:28:17     -862.632940        0.117059
FIRE:  251 14:28:18     -862.642253        0.117448
FIRE:  252 14:28:18     -862.653626        0.114065
FIRE:  253 14:28:18     -862.667051        0.208046
FIRE:  254 14:28:18     -862.680595        0.501951
FIRE:  255 14:28:19     -862.677469        1.322975
FIRE:  256 14:28:19     -862.702204        0.098680
FIRE:  257 14:28:19     -862.681557        1.431995
FIRE:  258 14:28:19     -862.693403        0.965938
FIRE:  259 14:28:20     -862.703558        0.241432
FIRE:  260 14:28:20     -862.702056        0.473671
FIRE:  261 14:28:20     -862.702443        0.443529
FIRE:  262 14:28:20     -862.703145        0.384761
FIRE:  263 14:28:21     -862.703987        0.300593
FIRE:  264 14:28:21     -862.704769        0.196105
FIRE:  265 14:28:21     -862.705348        0.103321
FIRE:  266 14:28:22     -862.705648        0.103704
FIRE:  267 14:28:22     -862.705732        0.140027
FIRE:  268 14:28:22     -862.705751        0.137415
FIRE:  269 14:28:22     -862.705790        0.132285
FIRE:  270 14:28:23     -862.705827        0.124684
FIRE:  271 14:28:23     -862.705915        0.114859
FIRE:  272 14:28:23     -862.705992        0.104378
FIRE:  273 14:28:23     -862.706083        0.104461
FIRE:  274 14:28:23     -862.706179        0.104557
FIRE:  275 14:28:24     -862.706298        0.104683
FIRE:  276 14:28:24     -862.706424        0.104841
FIRE:  277 14:28:24     -862.706579        0.105043
FIRE:  278 14:28:24     -862.706768        0.105297
FIRE:  279 14:28:25     -862.706980        0.105614
FIRE:  280 14:28:25     -862.707224        0.106011
FIRE:  281 14:28:25     -862.707539        0.106497
FIRE:  282 14:28:25     -862.707940        0.107092
FIRE:  283 14:28:26     -862.708445        0.107820
FIRE:  284 14:28:26     -862.709091        0.108708
FIRE:  285 14:28:26     -862.709860        0.109799
FIRE:  286 14:28:26     -862.710772        0.111142
FIRE:  287 14:28:27     -862.711885        0.112792
FIRE:  288 14:28:27     -862.713274        0.114817
FIRE:  289 14:28:27     -862.714999        0.117299
FIRE:  290 14:28:27     -862.717118        0.120353
FIRE:  291 14:28:28     -862.719707        0.124120
FIRE:  292 14:28:28     -862.722937        0.128765
FIRE:  293 14:28:28     -862.726978        0.134502
FIRE:  294 14:28:28     -862.732000        0.141611
FIRE:  295 14:28:29     -862.738361        0.150398
FIRE:  296 14:28:29     -862.746445        0.161270
FIRE:  297 14:28:29     -862.756869        0.174609
FIRE:  298 14:28:29     -862.770377        0.190778
FIRE:  299 14:28:30     -862.788146        0.209598
FIRE:  300 14:28:30     -862.811687        0.229496
FIRE:  301 14:28:30     -862.842695        0.245297
FIRE:  302 14:28:30     -862.881631        0.242992
FIRE:  303 14:28:31     -862.917526        0.733356
FIRE:  304 14:28:31     -862.830783        3.217772
FIRE:  305 14:28:31     -862.931828        1.430989
FIRE:  306 14:28:31     -862.947156        1.044298
FIRE:  307 14:28:31     -862.961968        0.310047
FIRE:  308 14:28:32     -862.959739        0.614869
FIRE:  309 14:28:32     -862.960582        0.560474
FIRE:  310 14:28:32     -862.962004        0.457589
FIRE:  311 14:28:32     -862.963579        0.317258
FIRE:  312 14:28:33     -862.964859        0.154260
FIRE:  313 14:28:33     -862.965577        0.120456
FIRE:  314 14:28:33     -862.965774        0.157159
FIRE:  315 14:28:33     -862.965798        0.153968
FIRE:  316 14:28:34     -862.965863        0.147643
FIRE:  317 14:28:34     -862.965948        0.138367
FIRE:  318 14:28:34     -862.966071        0.126292
FIRE:  319 14:28:34     -862.966202        0.115077
FIRE:  320 14:28:35     -862.966369        0.114407
FIRE:  321 14:28:35     -862.966537        0.113626
FIRE:  322 14:28:35     -862.966736        0.112623
FIRE:  323 14:28:35     -862.966967        0.111361
FIRE:  324 14:28:36     -862.967234        0.109782
FIRE:  325 14:28:36     -862.967543        0.107813
FIRE:  326 14:28:36     -862.967906        0.106022
FIRE:  327 14:28:36     -862.968363        0.105012
FIRE:  328 14:28:37     -862.968930        0.103900
FIRE:  329 14:28:37     -862.969623        0.102715
FIRE:  330 14:28:37     -862.970489        0.101504
FIRE:  331 14:28:37     -862.971515        0.100335
FIRE:  332 14:28:37     -862.972707        0.099308
FIRE:  333 14:28:38     -862.974083        0.098557
FIRE:  334 14:28:38     -862.975727        0.098247
FIRE:  335 14:28:38     -862.977692        0.098537
FIRE:  336 14:28:38     -862.979976        0.099523
FIRE:  337 14:28:39     -862.982590        0.101153
FIRE:  338 14:28:39     -862.985678        0.103117
FIRE:  339 14:28:39     -862.989283        0.104779
FIRE:  340 14:28:39     -862.993424        0.105210
FIRE:  341 14:28:40     -862.998259        0.103442
FIRE:  342 14:28:40     -863.003764        0.098501
FIRE:  343 14:28:40     -863.010030        0.090093
FIRE:  344 14:28:40     -863.016970        0.078707
FIRE:  345 14:28:41     -863.024460        0.073195
FIRE:  346 14:28:41     -863.032161        0.146336
FIRE:  347 14:28:41     -863.039241        0.309602
FIRE:  348 14:28:41     -863.042972        0.624216
FIRE:  349 14:28:41     -863.048175        0.102096
FIRE:  350 14:28:42     -863.045108        0.545181
FIRE:  351 14:28:42     -863.046614        0.416111
FIRE:  352 14:28:42     -863.048325        0.193957
FIRE:  353 14:28:42     -863.048868        0.063172
FIRE:  354 14:28:43     -863.048887        0.059757
FIRE:  355 14:28:43     -863.048916        0.053090
FIRE:  356 14:28:43     -863.048956        0.044369
FIRE:  357 14:28:43     -863.049004        0.044128
FIRE:  358 14:28:44     -863.049055        0.043834
FIRE:  359 14:28:44     -863.049114        0.043489
FIRE:  360 14:28:44     -863.049185        0.043099
FIRE:  361 14:28:44     -863.049273        0.042622
FIRE:  362 14:28:45     -863.049363        0.042053
FIRE:  363 14:28:45     -863.049499        0.041906
FIRE:  364 14:28:45     -863.049661        0.041772
FIRE:  365 14:28:45     -863.049849        0.041585
FIRE:  366 14:28:46     -863.050114        0.041346
FIRE:  367 14:28:46     -863.050397        0.041063
FIRE:  368 14:28:46     -863.050749        0.040763
FIRE:  369 14:28:46     -863.051190        0.040464
FIRE:  370 14:28:47     -863.051712        0.040171
FIRE:  371 14:28:47     -863.052331        0.039837
FIRE:  372 14:28:47     -863.053078        0.039388
FIRE:  373 14:28:47     -863.053977        0.038782
FIRE:  374 14:28:48     -863.055050        0.038110
FIRE:  375 14:28:48     -863.056335        0.037523
FIRE:  376 14:28:48     -863.057857        0.036960
FIRE:  377 14:28:48     -863.059665        0.036170
FIRE:  378 14:28:48     -863.061783        0.035415
FIRE:  379 14:28:49     -863.064239        0.034951
FIRE:  380 14:28:49     -863.067047        0.066817
FIRE:  381 14:28:49     -863.069993        0.154806
FIRE:  382 14:28:49     -863.072081        0.361189
FIRE:  383 14:28:50     -863.073877        0.040046
FIRE:  384 14:28:50     -863.072793        0.320033
FIRE:  385 14:28:50     -863.073350        0.243635
FIRE:  386 14:28:50     -863.073983        0.111039
FIRE:  387 14:28:51     -863.074181        0.043466
FIRE:  388 14:28:51     -863.074192        0.041024
FIRE:  389 14:28:51     -863.074202        0.036242
FIRE:  390 14:28:51     -863.074232        0.032809
FIRE:  391 14:28:52     -863.074256        0.032830
FIRE:  392 14:28:52     -863.074273        0.032853
FIRE:  393 14:28:52     -863.074308        0.032875
FIRE:  394 14:28:52     -863.074350        0.032892
FIRE:  395 14:28:53     -863.074381        0.032902
FIRE:  396 14:28:53     -863.074449        0.032902
FIRE:  397 14:28:53     -863.074504        0.032884
FIRE:  398 14:28:53     -863.074594        0.032845
FIRE:  399 14:28:53     -863.074701        0.032783
FIRE:  400 14:28:54     -863.074835        0.032701
FIRE:  401 14:28:54     -863.074995        0.032610
FIRE:  402 14:28:54     -863.075190        0.032529
FIRE:  403 14:28:54     -863.075443        0.032471
FIRE:  404 14:28:55     -863.075729        0.032438
FIRE:  405 14:28:55     -863.076103        0.032402
FIRE:  406 14:28:55     -863.076536        0.032316
FIRE:  407 14:28:55     -863.077072        0.032164
FIRE:  408 14:28:56     -863.077731        0.032013
FIRE:  409 14:28:56     -863.078517        0.031962
FIRE:  410 14:28:56     -863.079472        0.031943
FIRE:  411 14:28:56     -863.080619        0.031815
FIRE:  412 14:28:57     -863.082002        0.031802
FIRE:  413 14:28:57     -863.083650        0.031961
FIRE:  414 14:28:57     -863.085601        0.045567
FIRE:  415 14:28:57     -863.087794        0.117050
FIRE:  416 14:28:58     -863.089432        0.305653
FIRE:  417 14:28:58     -863.090687        0.032763
FIRE:  418 14:28:58     -863.089915        0.275610
FIRE:  419 14:28:58     -863.090328        0.207770
FIRE:  420 14:28:59     -863.090790        0.090384
FIRE:  421 14:28:59     -863.090916        0.045458
FIRE:  422 14:28:59     -863.090929        0.042788
FIRE:  423 14:28:59     -863.090938        0.037685
FIRE:  424 14:28:59     -863.090961        0.032774
FIRE:  425 14:29:00     -863.090976        0.032805
FIRE:  426 14:29:00     -863.091010        0.032841
FIRE:  427 14:29:00     -863.091035        0.032876
FIRE:  428 14:29:00     -863.091060        0.032911
FIRE:  429 14:29:01     -863.091093        0.032942
FIRE:  430 14:29:01     -863.091145        0.032966
FIRE:  431 14:29:01     -863.091197        0.032979
FIRE:  432 14:29:01     -863.091274        0.032978
FIRE:  433 14:29:02     -863.091363        0.032963
FIRE:  434 14:29:02     -863.091472        0.032940
FIRE:  435 14:29:02     -863.091612        0.032924
FIRE:  436 14:29:02     -863.091776        0.032930
FIRE:  437 14:29:03     -863.091985        0.032980
FIRE:  438 14:29:03     -863.092251        0.033070
FIRE:  439 14:29:03     -863.092554        0.033172
FIRE:  440 14:29:03     -863.092933        0.033240
FIRE:  441 14:29:04     -863.093402        0.033272
FIRE:  442 14:29:04     -863.093969        0.033350
FIRE:  443 14:29:04     -863.094661        0.033553
FIRE:  444 14:29:04     -863.095502        0.033793
FIRE:  445 14:29:04     -863.096539        0.033951
FIRE:  446 14:29:05     -863.097791        0.034291
FIRE:  447 14:29:05     -863.099321        0.034741
FIRE:  448 14:29:05     -863.101159        0.039327
FIRE:  449 14:29:05     -863.103291        0.109285
FIRE:  450 14:29:06     -863.104927        0.310090
FIRE:  451 14:29:06     -863.106153        0.036236
FIRE:  452 14:29:06     -863.105386        0.284849
FIRE:  453 14:29:06     -863.105818        0.212168
FIRE:  454 14:29:07     -863.106282        0.087133
FIRE:  455 14:29:07     -863.106402        0.055732
FIRE:  456 14:29:07     -863.106414        0.052364
FIRE:  457 14:29:07     -863.106420        0.045926
FIRE:  458 14:29:08     -863.106444        0.036701
FIRE:  459 14:29:08     -863.106474        0.036297
FIRE:  460 14:29:08     -863.106494        0.036341
FIRE:  461 14:29:08     -863.106530        0.036387
FIRE:  462 14:29:09     -863.106565        0.036430
FIRE:  463 14:29:09     -863.106607        0.036472
FIRE:  464 14:29:09     -863.106648        0.036506
FIRE:  465 14:29:09     -863.106716        0.036529
FIRE:  466 14:29:10     -863.106788        0.036538
FIRE:  467 14:29:10     -863.106895        0.036532
FIRE:  468 14:29:10     -863.107011        0.036520
FIRE:  469 14:29:10     -863.107163        0.036520
FIRE:  470 14:29:10     -863.107344        0.036556
FIRE:  471 14:29:11     -863.107581        0.036643
FIRE:  472 14:29:11     -863.107850        0.036777
FIRE:  473 14:29:11     -863.108193        0.036916
FIRE:  474 14:29:11     -863.108619        0.037012
FIRE:  475 14:29:12     -863.109133        0.037066
FIRE:  476 14:29:12     -863.109767        0.037177
FIRE:  477 14:29:12     -863.110561        0.037410
FIRE:  478 14:29:12     -863.111519        0.037619
FIRE:  479 14:29:13     -863.112695        0.038357
FIRE:  480 14:29:13     -863.114157        0.040030
FIRE:  481 14:29:13     -863.115969        0.042282
FIRE:  482 14:29:13     -863.118207        0.045346
FIRE:  483 14:29:14     -863.120915        0.093130
FIRE:  484 14:29:14     -863.123324        0.304468
FIRE:  485 14:29:14     -863.116638        1.045148
FIRE:  486 14:29:14     -863.127583        0.308827
FIRE:  487 14:29:15     -863.128216        0.217422
FIRE:  488 14:29:15     -863.128812        0.062545
FIRE:  489 14:29:15     -863.128814        0.115919
FIRE:  490 14:29:15     -863.128848        0.106817
FIRE:  491 14:29:16     -863.128909        0.089394
FIRE:  492 14:29:16     -863.128985        0.065108
FIRE:  493 14:29:16     -863.129049        0.062879
FIRE:  494 14:29:16     -863.129116        0.062987
FIRE:  495 14:29:17     -863.129168        0.063112
FIRE:  496 14:29:17     -863.129209        0.063253
FIRE:  497 14:29:17     -863.129275        0.063425
FIRE:  498 14:29:17     -863.129372        0.064736
FIRE:  499 14:29:18     -863.129507        0.063863
FIRE:  500 14:29:18     -863.129695        0.064150
FIRE:  501 14:29:18     -863.129899        0.064505
FIRE:  502 14:29:18     -863.130129        0.064956
FIRE:  503 14:29:19     -863.130410        0.065532
FIRE:  504 14:29:19     -863.130800        0.066264
FIRE:  505 14:29:19     -863.131263        0.067188
FIRE:  506 14:29:19     -863.131816        0.068348
FIRE:  507 14:29:20     -863.132524        0.069759
FIRE:  508 14:29:20     -863.133407        0.071496
FIRE:  509 14:29:20     -863.134488        0.073713
FIRE:  510 14:29:20     -863.135871        0.076537
FIRE:  511 14:29:21     -863.137598        0.080109
FIRE:  512 14:29:21     -863.139806        0.084527
FIRE:  513 14:29:21     -863.142658        0.090149
FIRE:  514 14:29:21     -863.146342        0.097191
FIRE:  515 14:29:21     -863.151108        0.105605
FIRE:  516 14:29:22     -863.156883        0.241797
FIRE:  517 14:29:22     -863.160734        0.673991
FIRE:  518 14:29:22     -863.166074        0.125218
FIRE:  519 14:29:22     -863.166181        0.125290
FIRE:  520 14:29:23     -863.166360        0.125436
FIRE:  521 14:29:23     -863.166602        0.125663
FIRE:  522 14:29:23     -863.166910        0.125968
FIRE:  523 14:29:23     -863.167303        0.126355
FIRE:  524 14:29:24     -863.167795        0.126814
FIRE:  525 14:29:24     -863.168374        0.127337
FIRE:  526 14:29:24     -863.169087        0.127977
FIRE:  527 14:29:24     -863.169980        0.128735
FIRE:  528 14:29:25     -863.171137        0.129604
FIRE:  529 14:29:25     -863.172600        0.130569
FIRE:  530 14:29:25     -863.174416        0.131598
FIRE:  531 14:29:25     -863.176727        0.132597
FIRE:  532 14:29:26     -863.179586        0.133347
FIRE:  533 14:29:26     -863.183184        0.133413
FIRE:  534 14:29:26     -863.187614        0.132148
FIRE:  535 14:29:26     -863.193057        0.128468
FIRE:  536 14:29:27     -863.199558        0.120451
FIRE:  537 14:29:27     -863.207068        0.105375
FIRE:  538 14:29:27     -863.215193        0.079955
FIRE:  539 14:29:27     -863.223030        0.055858
FIRE:  540 14:29:28     -863.227644        0.323233
FIRE:  541 14:29:28     -863.193628        1.569960
FIRE:  542 14:29:28     -863.223341        0.729541
FIRE:  543 14:29:28     -863.229406        0.499280
FIRE:  544 14:29:29     -863.234294        0.092154
FIRE:  545 14:29:29     -863.232274        0.363093
FIRE:  546 14:29:29     -863.232753        0.329914
FIRE:  547 14:29:29     -863.233530        0.267062
FIRE:  548 14:29:29     -863.234358        0.180882
FIRE:  549 14:29:30     -863.234976        0.080133
FIRE:  550 14:29:30     -863.235223        0.075037
FIRE:  551 14:29:30     -863.235161        0.111438
FIRE:  552 14:29:30     -863.235172        0.109098
FIRE:  553 14:29:31     -863.235213        0.104465
FIRE:  554 14:29:31     -863.235257        0.097650
FIRE:  555 14:29:31     -863.235322        0.088808
FIRE:  556 14:29:31     -863.235384        0.078135
FIRE:  557 14:29:32     -863.235462        0.071398
FIRE:  558 14:29:32     -863.235539        0.070916
FIRE:  559 14:29:32     -863.235607        0.070293
FIRE:  560 14:29:32     -863.235695        0.069499
FIRE:  561 14:29:33     -863.235789        0.068490
FIRE:  562 14:29:33     -863.235889        0.067232
FIRE:  563 14:29:33     -863.235987        0.065685
FIRE:  564 14:29:33     -863.236116        0.063820
FIRE:  565 14:29:34     -863.236309        0.061741
FIRE:  566 14:29:34     -863.236549        0.061776
FIRE:  567 14:29:34     -863.236830        0.061826
FIRE:  568 14:29:34     -863.237146        0.061891
FIRE:  569 14:29:35     -863.237519        0.061964
FIRE:  570 14:29:35     -863.237913        0.062036
FIRE:  571 14:29:35     -863.238397        0.062090
FIRE:  572 14:29:35     -863.238990        0.062121
FIRE:  573 14:29:36     -863.239615        0.062129
FIRE:  574 14:29:36     -863.240315        0.062128
FIRE:  575 14:29:36     -863.241149        0.062123
FIRE:  576 14:29:36     -863.242060        0.062063
FIRE:  577 14:29:36     -863.243098        0.061838
FIRE:  578 14:29:37     -863.244301        0.061346
FIRE:  579 14:29:37     -863.245687        0.060548
FIRE:  580 14:29:37     -863.247347        0.059277
FIRE:  581 14:29:37     -863.249327        0.057120
FIRE:  582 14:29:38     -863.251673        0.053804
FIRE:  583 14:29:38     -863.254410        0.081427
FIRE:  584 14:29:38     -863.257309        0.152280
FIRE:  585 14:29:38     -863.259286        0.328853
FIRE:  586 14:29:39     -863.261194        0.037768
FIRE:  587 14:29:39     -863.260035        0.291563
FIRE:  588 14:29:39     -863.260656        0.220760
FIRE:  589 14:29:39     -863.261356        0.098002
FIRE:  590 14:29:40     -863.261560        0.044908
FIRE:  591 14:29:40     -863.261563        0.042417
FIRE:  592 14:29:40     -863.261590        0.038170
FIRE:  593 14:29:40     -863.261609        0.038186
FIRE:  594 14:29:41     -863.261639        0.038207
FIRE:  595 14:29:41     -863.261675        0.038235
FIRE:  596 14:29:41     -863.261707        0.038270
FIRE:  597 14:29:41     -863.261750        0.038311
FIRE:  598 14:29:41     -863.261798        0.038365
FIRE:  599 14:29:42     -863.261864        0.038433
FIRE:  600 14:29:42     -863.261953        0.038518
FIRE:  601 14:29:42     -863.262050        0.038627
FIRE:  602 14:29:42     -863.262180        0.038762
FIRE:  603 14:29:43     -863.262343        0.038930
FIRE:  604 14:29:43     -863.262531        0.039138
FIRE:  605 14:29:43     -863.262764        0.039395
FIRE:  606 14:29:43     -863.263046        0.039711
FIRE:  607 14:29:44     -863.263407        0.040102
FIRE:  608 14:29:44     -863.263810        0.040591
FIRE:  609 14:29:44     -863.264336        0.041202
FIRE:  610 14:29:44     -863.264953        0.041966
FIRE:  611 14:29:45     -863.265718        0.042919
FIRE:  612 14:29:45     -863.266635        0.044107
FIRE:  613 14:29:45     -863.267745        0.045609
FIRE:  614 14:29:45     -863.269105        0.047516
FIRE:  615 14:29:46     -863.270791        0.049939
FIRE:  616 14:29:46     -863.272854        0.053072
FIRE:  617 14:29:46     -863.275411        0.057127
FIRE:  618 14:29:46     -863.278493        0.106842
FIRE:  619 14:29:47     -863.281367        0.300171
FIRE:  620 14:29:47     -863.276419        0.920843
FIRE:  621 14:29:47     -863.287152        0.210082
FIRE:  622 14:29:47     -863.287511        0.150440
FIRE:  623 14:29:48     -863.287906        0.078296
FIRE:  624 14:29:48     -863.288012        0.078573
FIRE:  625 14:29:48     -863.288041        0.078594
FIRE:  626 14:29:48     -863.288083        0.078636
FIRE:  627 14:29:49     -863.288138        0.078700
FIRE:  628 14:29:49     -863.288197        0.078787
FIRE:  629 14:29:49     -863.288269        0.078895
FIRE:  630 14:29:49     -863.288342        0.079027
FIRE:  631 14:29:49     -863.288418        0.079181
FIRE:  632 14:29:50     -863.288512        0.079377
FIRE:  633 14:29:50     -863.288652        0.079622
FIRE:  634 14:29:50     -863.288826        0.079925
FIRE:  635 14:29:50     -863.289041        0.080306
FIRE:  636 14:29:51     -863.289310        0.080781
FIRE:  637 14:29:51     -863.289644        0.081374
FIRE:  638 14:29:51     -863.290046        0.082113
FIRE:  639 14:29:51     -863.290558        0.083029
FIRE:  640 14:29:52     -863.291205        0.084168
FIRE:  641 14:29:52     -863.291997        0.085583
FIRE:  642 14:29:52     -863.292990        0.087339
FIRE:  643 14:29:52     -863.294240        0.089522
FIRE:  644 14:29:53     -863.295812        0.092243
FIRE:  645 14:29:53     -863.297816        0.095620
FIRE:  646 14:29:53     -863.300366        0.099823
FIRE:  647 14:29:53     -863.303679        0.105037
FIRE:  648 14:29:54     -863.307990        0.111500
FIRE:  649 14:29:54     -863.313689        0.119434
FIRE:  650 14:29:54     -863.321293        0.128991
FIRE:  651 14:29:54     -863.331358        0.153567
FIRE:  652 14:29:55     -863.342720        0.461204
FIRE:  653 14:29:55     -863.333449        1.360238
FIRE:  654 14:29:55     -863.364266        0.159221
FIRE:  655 14:29:55     -863.364699        0.159285
FIRE:  656 14:29:55     -863.365306        0.159417
FIRE:  657 14:29:56     -863.365863        0.159622
FIRE:  658 14:29:56     -863.366514        0.159898
FIRE:  659 14:29:56     -863.367491        0.160233
FIRE:  660 14:29:56     -863.368837        0.160611
FIRE:  661 14:29:57     -863.370269        0.161014
FIRE:  662 14:29:57     -863.371934        0.161461
FIRE:  663 14:29:57     -863.374116        0.161906
FIRE:  664 14:29:57     -863.377043        0.162287
FIRE:  665 14:29:58     -863.380512        0.162536
FIRE:  666 14:29:58     -863.384958        0.162524
FIRE:  667 14:29:58     -863.390593        0.161957
FIRE:  668 14:29:58     -863.397547        0.160234
FIRE:  669 14:29:59     -863.406290        0.156445
FIRE:  670 14:29:59     -863.417160        0.149494
FIRE:  671 14:29:59     -863.430308        0.153001
FIRE:  672 14:29:59     -863.445802        0.156179
FIRE:  673 14:29:59     -863.462369        0.289001
FIRE:  674 14:30:00     -863.473389        0.682078
FIRE:  675 14:30:00     -863.483658        0.142553
FIRE:  676 14:30:00     -863.477852        0.629287
FIRE:  677 14:30:00     -863.481128        0.468698
FIRE:  678 14:30:01     -863.484788        0.196349
FIRE:  679 14:30:01     -863.485900        0.141547
FIRE:  680 14:30:01     -863.485961        0.141534
FIRE:  681 14:30:01     -863.486073        0.141507
FIRE:  682 14:30:02     -863.486216        0.141464
FIRE:  683 14:30:02     -863.486405        0.141408
FIRE:  684 14:30:02     -863.486614        0.141334
FIRE:  685 14:30:02     -863.486839        0.141241
FIRE:  686 14:30:02     -863.487095        0.141126
FIRE:  687 14:30:03     -863.487400        0.140974
FIRE:  688 14:30:03     -863.487787        0.140772
FIRE:  689 14:30:03     -863.488284        0.140509
FIRE:  690 14:30:03     -863.488921        0.140166
FIRE:  691 14:30:04     -863.489713        0.139724
FIRE:  692 14:30:04     -863.490670        0.139156
FIRE:  693 14:30:04     -863.491831        0.138431
FIRE:  694 14:30:04     -863.493224        0.137508
FIRE:  695 14:30:05     -863.494962        0.136333
FIRE:  696 14:30:05     -863.497063        0.134815
FIRE:  697 14:30:05     -863.499573        0.132799
FIRE:  698 14:30:05     -863.502615        0.130085
FIRE:  699 14:30:06     -863.506261        0.126411
FIRE:  700 14:30:06     -863.510555        0.121493
FIRE:  701 14:30:06     -863.515693        0.115029
FIRE:  702 14:30:06     -863.521690        0.106596
FIRE:  703 14:30:07     -863.528665        0.095855
FIRE:  704 14:30:07     -863.536655        0.083012
FIRE:  705 14:30:07     -863.545683        0.073596
FIRE:  706 14:30:07     -863.555659        0.076132
FIRE:  707 14:30:07     -863.565741        0.216114
FIRE:  708 14:30:08     -863.570815        0.582209
FIRE:  709 14:30:08     -863.578132        0.065377
FIRE:  710 14:30:08     -863.573197        0.533657
FIRE:  711 14:30:08     -863.575701        0.399017
FIRE:  712 14:30:09     -863.578435        0.169286
FIRE:  713 14:30:09     -863.579054        0.092616
FIRE:  714 14:30:09     -863.579093        0.087522
FIRE:  715 14:30:09     -863.579160        0.077613
FIRE:  716 14:30:10     -863.579245        0.063538
FIRE:  717 14:30:10     -863.579353        0.060906
FIRE:  718 14:30:10     -863.579458        0.061002
FIRE:  719 14:30:10     -863.579567        0.061117
FIRE:  720 14:30:11     -863.579678        0.061255
FIRE:  721 14:30:11     -863.579808        0.061429
FIRE:  722 14:30:11     -863.579977        0.061646
FIRE:  723 14:30:11     -863.580192        0.061914
FIRE:  724 14:30:12     -863.580478        0.062246
FIRE:  725 14:30:12     -863.580856        0.062656
FIRE:  726 14:30:12     -863.581289        0.063169
FIRE:  727 14:30:12     -863.581794        0.063812
FIRE:  728 14:30:13     -863.582420        0.064614
FIRE:  729 14:30:13     -863.583200        0.065614
FIRE:  730 14:30:13     -863.584160        0.066858
FIRE:  731 14:30:13     -863.585298        0.068411
FIRE:  732 14:30:14     -863.586700        0.070349
FIRE:  733 14:30:14     -863.588431        0.072782
FIRE:  734 14:30:14     -863.590508        0.075875
FIRE:  735 14:30:14     -863.593097        0.079794
FIRE:  736 14:30:15     -863.596241        0.084790
FIRE:  737 14:30:15     -863.600177        0.091175
FIRE:  738 14:30:15     -863.605080        0.099449
FIRE:  739 14:30:15     -863.611266        0.110139
FIRE:  740 14:30:15     -863.619148        0.123992
FIRE:  741 14:30:16     -863.628948        0.188752
FIRE:  742 14:30:16     -863.638427        0.485727
FIRE:  743 14:30:16     -863.620057        1.487979
FIRE:  744 14:30:16     -863.658285        0.397562
FIRE:  745 14:30:17     -863.660200        0.286637
FIRE:  746 14:30:17     -863.662179        0.189228
FIRE:  747 14:30:17     -863.662603        0.190194
FIRE:  748 14:30:17     -863.662704        0.190262
FIRE:  749 14:30:18     -863.662898        0.190396
FIRE:  750 14:30:18     -863.663168        0.190601
FIRE:  751 14:30:18     -863.663467        0.190876
FIRE:  752 14:30:18     -863.663757        0.191225
FIRE:  753 14:30:19     -863.664080        0.191653
FIRE:  754 14:30:19     -863.664409        0.192157
FIRE:  755 14:30:19     -863.664843        0.192791
FIRE:  756 14:30:19     -863.665422        0.193585
FIRE:  757 14:30:20     -863.666183        0.194566
FIRE:  758 14:30:20     -863.667172        0.195770
FIRE:  759 14:30:20     -863.668353        0.197252
FIRE:  760 14:30:20     -863.669777        0.199063
FIRE:  761 14:30:21     -863.671546        0.201250
FIRE:  762 14:30:21     -863.673831        0.203851
FIRE:  763 14:30:21     -863.676681        0.206931
FIRE:  764 14:30:21     -863.680172        0.210545
FIRE:  765 14:30:22     -863.684599        0.214686
FIRE:  766 14:30:22     -863.690183        0.219237
FIRE:  767 14:30:22     -863.697142        0.223897
FIRE:  768 14:30:22     -863.705990        0.228056
FIRE:  769 14:30:22     -863.717002        0.230548
FIRE:  770 14:30:23     -863.730745        0.229062
FIRE:  771 14:30:23     -863.747460        0.219500
FIRE:  772 14:30:23     -863.766920        0.195659
FIRE:  773 14:30:23     -863.787544        0.152429
FIRE:  774 14:30:24     -863.804050        0.440981
FIRE:  775 14:30:24     -863.799127        1.279442
FIRE:  776 14:30:24     -863.821338        0.173860
FIRE:  777 14:30:24     -863.821685        0.170935
FIRE:  778 14:30:25     -863.822288        0.165161
FIRE:  779 14:30:25     -863.823050        0.156679
FIRE:  780 14:30:25     -863.823947        0.145775
FIRE:  781 14:30:25     -863.825049        0.132903
FIRE:  782 14:30:26     -863.826314        0.118587
FIRE:  783 14:30:26     -863.827705        0.103299
FIRE:  784 14:30:26     -863.829246        0.085825
FIRE:  785 14:30:26     -863.830970        0.067545
FIRE:  786 14:30:27     -863.832972        0.067754
FIRE:  787 14:30:27     -863.835185        0.068027
FIRE:  788 14:30:27     -863.837611        0.068369
FIRE:  789 14:30:27     -863.840446        0.070282
FIRE:  790 14:30:27     -863.843667        0.082065
FIRE:  791 14:30:28     -863.847579        0.090234
FIRE:  792 14:30:28     -863.852196        0.092417
FIRE:  793 14:30:28     -863.857836        0.087874
FIRE:  794 14:30:28     -863.864573        0.077012
FIRE:  795 14:30:29     -863.872558        0.070817
FIRE:  796 14:30:29     -863.881711        0.129229
FIRE:  797 14:30:29     -863.889989        0.409743
FIRE:  798 14:30:29     -863.880861        1.131673
FIRE:  799 14:30:30     -863.904245        0.163530
FIRE:  800 14:30:30     -863.904487        0.117240
FIRE:  801 14:30:30     -863.904817        0.070742
FIRE:  802 14:30:30     -863.905087        0.070886
FIRE:  803 14:30:30     -863.905360        0.108090
FIRE:  804 14:30:31     -863.905791        0.119311
FIRE:  805 14:30:31     -863.906390        0.081874
FIRE:  806 14:30:31     -863.907040        0.071971
FIRE:  807 14:30:31     -863.907746        0.072396
FIRE:  808 14:30:32     -863.908607        0.095505
FIRE:  809 14:30:32     -863.909779        0.073531
FIRE:  810 14:30:32     -863.911147        0.074272
FIRE:  811 14:30:32     -863.912767        0.083555
FIRE:  812 14:30:33     -863.914869        0.076232
FIRE:  813 14:30:33     -863.917298        0.083482
FIRE:  814 14:30:33     -863.920434        0.078735
FIRE:  815 14:30:33     -863.924162        0.080870
FIRE:  816 14:30:34     -863.928726        0.091786
FIRE:  817 14:30:34     -863.934289        0.081561
FIRE:  818 14:30:34     -863.940846        0.088823
FIRE:  819 14:30:34     -863.948062        0.231696
FIRE:  820 14:30:35     -863.951791        0.681173
FIRE:  821 14:30:35     -863.957553        0.069204
FIRE:  822 14:30:35     -863.953422        0.668508
FIRE:  823 14:30:35     -863.955723        0.481852
FIRE:  824 14:30:36     -863.958018        0.170803
FIRE:  825 14:30:36     -863.958218        0.168044
FIRE:  826 14:30:36     -863.958263        0.157395
FIRE:  827 14:30:36     -863.958359        0.136749
FIRE:  828 14:30:37     -863.958498        0.107428
FIRE:  829 14:30:37     -863.958623        0.071507
FIRE:  830 14:30:37     -863.958752        0.068524
FIRE:  831 14:30:38     -863.958852        0.068461
FIRE:  832 14:30:38     -863.958939        0.068385
FIRE:  833 14:30:38     -863.959038        0.071056
FIRE:  834 14:30:38     -863.959187        0.088182
FIRE:  835 14:30:39     -863.959404        0.089074
FIRE:  836 14:30:39     -863.959682        0.070412
FIRE:  837 14:30:39     -863.960047        0.067654
FIRE:  838 14:30:39     -863.960442        0.067384
FIRE:  839 14:30:39     -863.960886        0.067038
FIRE:  840 14:30:40     -863.961455        0.071327
FIRE:  841 14:30:40     -863.962194        0.066032
FIRE:  842 14:30:40     -863.963068        0.065302
FIRE:  843 14:30:40     -863.964074        0.064354
FIRE:  844 14:30:41     -863.965351        0.063137
FIRE:  845 14:30:41     -863.966880        0.061548
FIRE:  846 14:30:41     -863.968689        0.059447
FIRE:  847 14:30:41     -863.970908        0.056683
FIRE:  848 14:30:42     -863.973519        0.053052
FIRE:  849 14:30:42     -863.976621        0.064762
FIRE:  850 14:30:42     -863.980305        0.042286
FIRE:  851 14:30:42     -863.984625        0.040101
FIRE:  852 14:30:42     -863.989695        0.042021
FIRE:  853 14:30:43     -863.995549        0.100792
FIRE:  854 14:30:43     -864.000467        0.423389
FIRE:  855 14:30:43     -863.982277        1.434483
FIRE:  856 14:30:43     -864.009674        0.264948
FIRE:  857 14:30:44     -864.010224        0.177094
FIRE:  858 14:30:44     -864.010729        0.053438
FIRE:  859 14:30:44     -864.010785        0.109569
FIRE:  860 14:30:44     -864.010820        0.100734
FIRE:  861 14:30:45     -864.010904        0.083793
FIRE:  862 14:30:45     -864.010987        0.060287
FIRE:  863 14:30:45     -864.011084        0.053586
FIRE:  864 14:30:45     -864.011161        0.053678
FIRE:  865 14:30:46     -864.011261        0.053780
FIRE:  866 14:30:46     -864.011351        0.053884
FIRE:  867 14:30:46     -864.011473        0.058586
FIRE:  868 14:30:46     -864.011641        0.060831
FIRE:  869 14:30:47     -864.011866        0.054259
FIRE:  870 14:30:47     -864.012148        0.054414
FIRE:  871 14:30:47     -864.012485        0.054605
FIRE:  872 14:30:47     -864.012875        0.054863
FIRE:  873 14:30:48     -864.013369        0.055221
FIRE:  874 14:30:48     -864.013999        0.055706
FIRE:  875 14:30:48     -864.014761        0.056330
FIRE:  876 14:30:48     -864.015682        0.057080
FIRE:  877 14:30:49     -864.016851        0.057943
FIRE:  878 14:30:49     -864.018262        0.058985
FIRE:  879 14:30:49     -864.020008        0.060366
FIRE:  880 14:30:49     -864.022204        0.062182
FIRE:  881 14:30:50     -864.024934        0.064354
FIRE:  882 14:30:50     -864.028344        0.067740
FIRE:  883 14:30:50     -864.032678        0.072479
FIRE:  884 14:30:50     -864.038245        0.078754
FIRE:  885 14:30:50     -864.045447        0.087282
FIRE:  886 14:30:51     -864.054575        0.190123
FIRE:  887 14:30:51     -864.062310        0.682185
FIRE:  888 14:30:51     -864.067838        0.113591
FIRE:  889 14:30:51     -864.068017        0.113754
FIRE:  890 14:30:52     -864.068305        0.114075
FIRE:  891 14:30:52     -864.068667        0.114552
FIRE:  892 14:30:52     -864.069103        0.115175
FIRE:  893 14:30:52     -864.069696        0.115930
FIRE:  894 14:30:53     -864.070444        0.116813
FIRE:  895 14:30:53     -864.071306        0.117833
FIRE:  896 14:30:53     -864.072364        0.119149
FIRE:  897 14:30:53     -864.073719        0.120841
FIRE:  898 14:30:54     -864.075496        0.123005
FIRE:  899 14:30:54     -864.077712        0.125753
FIRE:  900 14:30:54     -864.080509        0.129189
FIRE:  901 14:30:54     -864.084129        0.133427
FIRE:  902 14:30:55     -864.088681        0.138693
FIRE:  903 14:30:55     -864.094589        0.145222
FIRE:  904 14:30:55     -864.102135        0.153164
FIRE:  905 14:30:55     -864.111936        0.162406
FIRE:  906 14:30:56     -864.124678        0.172780
FIRE:  907 14:30:56     -864.141251        0.183020
FIRE:  908 14:30:56     -864.162643        0.189727
FIRE:  909 14:30:56     -864.188630        0.287572
FIRE:  910 14:30:56     -864.201988        1.308246
FIRE:  911 14:30:57     -864.219698        0.367965
FIRE:  912 14:30:57     -864.220736        0.261560
FIRE:  913 14:30:57     -864.221940        0.153964
FIRE:  914 14:30:57     -864.222553        0.153392
FIRE:  915 14:30:58     -864.222958        0.258134
FIRE:  916 14:30:58     -864.224001        0.274624
FIRE:  917 14:30:58     -864.225814        0.179608
FIRE:  918 14:30:58     -864.227674        0.149543
FIRE:  919 14:30:58     -864.229321        0.152394
FIRE:  920 14:30:59     -864.231397        0.217063
FIRE:  921 14:30:59     -864.234631        0.142658
FIRE:  922 14:30:59     -864.238156        0.138563
FIRE:  923 14:30:59     -864.242115        0.191500
FIRE:  924 14:31:00     -864.247582        0.125726
FIRE:  925 14:31:00     -864.253307        0.187289
FIRE:  926 14:31:00     -864.260848        0.102205
FIRE:  927 14:31:01     -864.268851        0.192371
FIRE:  928 14:31:01     -864.278336        0.200024
FIRE:  929 14:31:01     -864.289232        0.124462
FIRE:  930 14:31:01     -864.301169        0.142786
FIRE:  931 14:31:01     -864.313381        0.378231
FIRE:  932 14:31:02     -864.314527        1.101706
FIRE:  933 14:31:02     -864.330791        0.109622
FIRE:  934 14:31:02     -864.318203        1.150767
FIRE:  935 14:31:02     -864.325445        0.797329
FIRE:  936 14:31:03     -864.332068        0.231875
FIRE:  937 14:31:03     -864.331726        0.347903
FIRE:  938 14:31:03     -864.331945        0.325459
FIRE:  939 14:31:03     -864.332341        0.281716
FIRE:  940 14:31:04     -864.332814        0.219336
FIRE:  941 14:31:04     -864.333288        0.142450
FIRE:  942 14:31:04     -864.333673        0.110137
FIRE:  943 14:31:04     -864.333925        0.110213
FIRE:  944 14:31:05     -864.334090        0.110289
FIRE:  945 14:31:05     -864.334255        0.160022
FIRE:  946 14:31:05     -864.334552        0.191574
FIRE:  947 14:31:05     -864.335070        0.187912
FIRE:  948 14:31:06     -864.335839        0.143236
FIRE:  949 14:31:06     -864.336758        0.110703
FIRE:  950 14:31:06     -864.337687        0.110798
FIRE:  951 14:31:06     -864.338620        0.129113
FIRE:  952 14:31:06     -864.339883        0.149852
FIRE:  953 14:31:07     -864.341656        0.111258
FIRE:  954 14:31:07     -864.343659        0.111445
FIRE:  955 14:31:07     -864.345856        0.129005
FIRE:  956 14:31:07     -864.348809        0.111451
FIRE:  957 14:31:08     -864.352260        0.111064
FIRE:  958 14:31:08     -864.356372        0.110302
FIRE:  959 14:31:08     -864.361501        0.108911
FIRE:  960 14:31:08     -864.367592        0.106270
FIRE:  961 14:31:09     -864.374893        0.132481
FIRE:  962 14:31:09     -864.383888        0.102183
FIRE:  963 14:31:09     -864.394577        0.109070
FIRE:  964 14:31:09     -864.407276        0.117027
FIRE:  965 14:31:10     -864.422044        0.125324
FIRE:  966 14:31:10     -864.435563        0.519398
FIRE:  967 14:31:10     -864.397056        2.423234
FIRE:  968 14:31:10     -864.441639        1.106036
FIRE:  969 14:31:11     -864.450126        0.779066
FIRE:  970 14:31:11     -864.457789        0.182007
FIRE:  971 14:31:11     -864.455835        0.521828
FIRE:  972 14:31:11     -864.456382        0.474934
FIRE:  973 14:31:12     -864.457303        0.386192
FIRE:  974 14:31:12     -864.458304        0.264954
FIRE:  975 14:31:12     -864.459104        0.130678
FIRE:  976 14:31:12     -864.459512        0.130622
FIRE:  977 14:31:12     -864.459581        0.143934
FIRE:  978 14:31:13     -864.459596        0.140928
FIRE:  979 14:31:13     -864.459640        0.134916
FIRE:  980 14:31:13     -864.459692        0.130522
FIRE:  981 14:31:13     -864.459768        0.130507
FIRE:  982 14:31:14     -864.459858        0.130490
FIRE:  983 14:31:14     -864.459961        0.130467
FIRE:  984 14:31:14     -864.460065        0.130442
FIRE:  985 14:31:14     -864.460190        0.130410
FIRE:  986 14:31:15     -864.460334        0.130368
FIRE:  987 14:31:15     -864.460501        0.130315
FIRE:  988 14:31:15     -864.460683        0.130251
FIRE:  989 14:31:15     -864.460913        0.130168
FIRE:  990 14:31:16     -864.461194        0.130067
FIRE:  991 14:31:16     -864.461538        0.129942
FIRE:  992 14:31:16     -864.461987        0.129789
FIRE:  993 14:31:16     -864.462544        0.129600
FIRE:  994 14:31:17     -864.463223        0.129360
FIRE:  995 14:31:17     -864.464022        0.129055
FIRE:  996 14:31:17     -864.464960        0.128664
FIRE:  997 14:31:17     -864.466111        0.128151
FIRE:  998 14:31:18     -864.467524        0.127481
FIRE:  999 14:31:18     -864.469210        0.126593
FIRE:  1000 14:31:18     -864.471208        0.125406
FIRE:  1001 14:31:18     -864.473624        0.123810
FIRE:  1002 14:31:18     -864.476519        0.121631
FIRE:  1003 14:31:19     -864.479904        0.118602
FIRE:  1004 14:31:19     -864.483985        0.114367
FIRE:  1005 14:31:19     -864.488725        0.108443
FIRE:  1006 14:31:19     -864.494296        0.100285
FIRE:  1007 14:31:20     -864.500707        0.089257
FIRE:  1008 14:31:20     -864.507976        0.084152
FIRE:  1009 14:31:20     -864.515956        0.124218
FIRE:  1010 14:31:20     -864.524008        0.268094
FIRE:  1011 14:31:21     -864.529472        0.603499
FIRE:  1012 14:31:21     -864.534045        0.091314
FIRE:  1013 14:31:21     -864.531649        0.532359
FIRE:  1014 14:31:21     -864.533016        0.403080
FIRE:  1015 14:31:22     -864.534578        0.181211
FIRE:  1016 14:31:22     -864.535113        0.091353
FIRE:  1017 14:31:22     -864.535141        0.091352
FIRE:  1018 14:31:22     -864.535178        0.091352
FIRE:  1019 14:31:22     -864.535244        0.091348
FIRE:  1020 14:31:23     -864.535322        0.091346
FIRE:  1021 14:31:23     -864.535412        0.091344
FIRE:  1022 14:31:23     -864.535522        0.091341
FIRE:  1023 14:31:23     -864.535640        0.091337
FIRE:  1024 14:31:24     -864.535783        0.091333
FIRE:  1025 14:31:24     -864.535955        0.091329
FIRE:  1026 14:31:24     -864.536195        0.091323
FIRE:  1027 14:31:24     -864.536474        0.091316
FIRE:  1028 14:31:25     -864.536832        0.091303
FIRE:  1029 14:31:25     -864.537273        0.091281
FIRE:  1030 14:31:25     -864.537792        0.091242
FIRE:  1031 14:31:25     -864.538434        0.091173
FIRE:  1032 14:31:26     -864.539221        0.091058
FIRE:  1033 14:31:26     -864.540170        0.090875
FIRE:  1034 14:31:26     -864.541313        0.090589
FIRE:  1035 14:31:26     -864.542692        0.090147
FIRE:  1036 14:31:27     -864.544355        0.089468
FIRE:  1037 14:31:27     -864.546329        0.088412
FIRE:  1038 14:31:27     -864.548688        0.086780
FIRE:  1039 14:31:27     -864.551490        0.084297
FIRE:  1040 14:31:28     -864.554827        0.080582
FIRE:  1041 14:31:28     -864.558746        0.075068
FIRE:  1042 14:31:28     -864.563280        0.067121
FIRE:  1043 14:31:28     -864.568399        0.077065
FIRE:  1044 14:31:29     -864.573630        0.206534
FIRE:  1045 14:31:29     -864.576575        0.534156
FIRE:  1046 14:31:29     -864.580044        0.053251
FIRE:  1047 14:31:29     -864.577807        0.489015
FIRE:  1048 14:31:29     -864.578965        0.366929
FIRE:  1049 14:31:30     -864.580230        0.157692
FIRE:  1050 14:31:30     -864.580558        0.081287
FIRE:  1051 14:31:30     -864.580566        0.076623
FIRE:  1052 14:31:31     -864.580595        0.067587
FIRE:  1053 14:31:31     -864.580636        0.054669
FIRE:  1054 14:31:31     -864.580691        0.053224
FIRE:  1055 14:31:31     -864.580745        0.053231
FIRE:  1056 14:31:31     -864.580792        0.053239
FIRE:  1057 14:31:32     -864.580855        0.053247
FIRE:  1058 14:31:32     -864.580935        0.053251
FIRE:  1059 14:31:32     -864.581014        0.053251
FIRE:  1060 14:31:32     -864.581134        0.053247
FIRE:  1061 14:31:33     -864.581294        0.053235
FIRE:  1062 14:31:33     -864.581469        0.053216
FIRE:  1063 14:31:33     -864.581693        0.053191
FIRE:  1064 14:31:33     -864.581972        0.053160
FIRE:  1065 14:31:34     -864.582284        0.053130
FIRE:  1066 14:31:34     -864.582685        0.053104
FIRE:  1067 14:31:34     -864.583182        0.053078
FIRE:  1068 14:31:34     -864.583759        0.053035
FIRE:  1069 14:31:35     -864.584452        0.052951
FIRE:  1070 14:31:35     -864.585296        0.052809
FIRE:  1071 14:31:35     -864.586293        0.052613
FIRE:  1072 14:31:35     -864.587491        0.052356
FIRE:  1073 14:31:36     -864.588903        0.051958
FIRE:  1074 14:31:36     -864.590565        0.051304
FIRE:  1075 14:31:36     -864.592502        0.050361
FIRE:  1076 14:31:36     -864.594738        0.048923
FIRE:  1077 14:31:37     -864.597234        0.070685
FIRE:  1078 14:31:37     -864.599653        0.189892
FIRE:  1079 14:31:37     -864.600305        0.472443
FIRE:  1080 14:31:37     -864.602970        0.038923
FIRE:  1081 14:31:38     -864.600952        0.446712
FIRE:  1082 14:31:38     -864.601925        0.331853
FIRE:  1083 14:31:38     -864.602959        0.135644
FIRE:  1084 14:31:38     -864.603126        0.087607
FIRE:  1085 14:31:38     -864.603139        0.082386
FIRE:  1086 14:31:39     -864.603166        0.072255
FIRE:  1087 14:31:39     -864.603196        0.057840
FIRE:  1088 14:31:39     -864.603221        0.040085
FIRE:  1089 14:31:39     -864.603255        0.038429
FIRE:  1090 14:31:40     -864.603287        0.038400
FIRE:  1091 14:31:40     -864.603304        0.038365
FIRE:  1092 14:31:40     -864.603324        0.038317
FIRE:  1093 14:31:40     -864.603360        0.042770
FIRE:  1094 14:31:41     -864.603406        0.045205
FIRE:  1095 14:31:41     -864.603475        0.038272
FIRE:  1096 14:31:41     -864.603552        0.037930
FIRE:  1097 14:31:41     -864.603650        0.037764
FIRE:  1098 14:31:42     -864.603749        0.037564
FIRE:  1099 14:31:42     -864.603882        0.037325
FIRE:  1100 14:31:42     -864.604047        0.037049
FIRE:  1101 14:31:42     -864.604242        0.036722
FIRE:  1102 14:31:43     -864.604472        0.036316
FIRE:  1103 14:31:43     -864.604755        0.035800
FIRE:  1104 14:31:43     -864.605097        0.035153
FIRE:  1105 14:31:43     -864.605495        0.034354
FIRE:  1106 14:31:44     -864.605972        0.033403
FIRE:  1107 14:31:44     -864.606525        0.032214
FIRE:  1108 14:31:44     -864.607176        0.030697
FIRE:  1109 14:31:44     -864.607933        0.028856
FIRE:  1110 14:31:44     -864.608788        0.033148
FIRE:  1111 14:31:45     -864.609681        0.079975
FIRE:  1112 14:31:45     -864.610447        0.168715
FIRE:  1113 14:31:45     -864.610132        0.377352
FIRE:  1114 14:31:45     -864.611822        0.017077
[prep] P1_Al2O3_J: fmax 0.0171 (target 0.02) · steps 1114 · converged True · 4.5 min
WARNING:root:If 'dataset_list' is provided in the config, the code assumes that each dataset maps to itself. Please use 'dataset_mapping' as 'dataset_list' is deprecated and will be removed in the future.
      Step     Time          Energy          fmax
FIRE:    0 14:31:53     -843.577244        3.204448
FIRE:    1 14:31:53     -844.313290        2.291579
FIRE:    2 14:31:53     -845.348868        1.459567
FIRE:    3 14:31:54     -846.120724        1.605513
FIRE:    4 14:31:54     -846.619383        2.499236
FIRE:    5 14:31:54     -847.038643        1.805303
FIRE:    6 14:31:54     -847.319203        1.553825
FIRE:    7 14:31:54     -847.482044        1.723071
FIRE:    8 14:31:55     -847.679345        1.419528
FIRE:    9 14:31:55     -847.957819        1.105366
FIRE:   10 14:31:55     -848.226334        0.914938
FIRE:   11 14:31:55     -848.419138        1.102851
FIRE:   12 14:31:56     -848.584910        1.122994
FIRE:   13 14:31:56     -848.759159        0.938706
FIRE:   14 14:31:56     -848.937247        1.127503
FIRE:   15 14:31:56     -849.146642        0.915352
FIRE:   16 14:31:57     -849.308802        0.668985
FIRE:   17 14:31:57     -849.411694        0.827801
FIRE:   18 14:31:57     -849.551402        0.671921
FIRE:   19 14:31:57     -849.704648        0.667925
FIRE:   20 14:31:58     -849.870197        0.417991
FIRE:   21 14:31:58     -849.983827        0.411620
FIRE:   22 14:31:58     -850.078369        0.610556
FIRE:   23 14:31:58     -850.215885        0.457213
FIRE:   24 14:31:59     -850.330746        0.469124
FIRE:   25 14:31:59     -850.420093        0.391311
FIRE:   26 14:31:59     -850.498820        0.444254
FIRE:   27 14:31:59     -850.588566        0.247215
FIRE:   28 14:31:59     -850.652709        0.340305
FIRE:   29 14:32:00     -850.728424        0.342498
FIRE:   30 14:32:00     -850.824372        0.235461
FIRE:   31 14:32:00     -850.913877        0.268499
FIRE:   32 14:32:00     -850.993675        0.281945
FIRE:   33 14:32:01     -851.081922        0.215520
FIRE:   34 14:32:01     -851.159391        0.188832
FIRE:   35 14:32:01     -851.227533        0.226432
FIRE:   36 14:32:01     -851.292667        0.204045
FIRE:   37 14:32:02     -851.344036        0.187399
FIRE:   38 14:32:02     -851.384841        0.197498
FIRE:   39 14:32:02     -851.425842        0.170479
FIRE:   40 14:32:02     -851.462279        0.164789
FIRE:   41 14:32:03     -851.498479        0.154837
FIRE:   42 14:32:03     -851.535936        0.166290
FIRE:   43 14:32:03     -851.571429        0.174268
FIRE:   44 14:32:03     -851.606324        0.166436
FIRE:   45 14:32:04     -851.643383        0.148048
FIRE:   46 14:32:04     -851.679969        0.128361
FIRE:   47 14:32:04     -851.712008        0.169304
FIRE:   48 14:32:04     -851.741970        0.206573
FIRE:   49 14:32:04     -851.770649        0.247349
FIRE:   50 14:32:05     -851.804084        0.249266
FIRE:   51 14:32:05     -851.840263        0.192906
FIRE:   52 14:32:05     -851.876294        0.203093
FIRE:   53 14:32:05     -851.911019        0.166063
FIRE:   54 14:32:06     -851.939426        0.129563
FIRE:   55 14:32:06     -851.964071        0.156921
FIRE:   56 14:32:06     -851.987232        0.152547
FIRE:   57 14:32:06     -852.011719        0.182601
FIRE:   58 14:32:07     -852.039865        0.178417
FIRE:   59 14:32:07     -852.069284        0.137703
FIRE:   60 14:32:07     -852.099840        0.090300
FIRE:   61 14:32:07     -852.131943        0.102535
FIRE:   62 14:32:08     -852.163996        0.091529
FIRE:   63 14:32:08     -852.198034        0.092482
FIRE:   64 14:32:08     -852.231994        0.093659
FIRE:   65 14:32:08     -852.261474        0.120225
FIRE:   66 14:32:09     -852.288493        0.170265
FIRE:   67 14:32:09     -852.312989        0.195392
FIRE:   68 14:32:09     -852.338516        0.184846
FIRE:   69 14:32:09     -852.364593        0.154499
FIRE:   70 14:32:10     -852.387313        0.102795
FIRE:   71 14:32:10     -852.406822        0.117333
FIRE:   72 14:32:10     -852.424519        0.156861
FIRE:   73 14:32:10     -852.442548        0.157776
FIRE:   74 14:32:11     -852.462213        0.131133
FIRE:   75 14:32:11     -852.481248        0.110325
FIRE:   76 14:32:11     -852.497820        0.107526
FIRE:   77 14:32:11     -852.512052        0.110022
FIRE:   78 14:32:12     -852.522391        0.100003
FIRE:   79 14:32:12     -852.534291        0.443721
FIRE:   80 14:32:12     -852.529260        0.659763
FIRE:   81 14:32:12     -852.560160        0.254885
FIRE:   82 14:32:12     -852.561669        0.345786
FIRE:   83 14:32:13     -852.564016        0.286350
FIRE:   84 14:32:13     -852.567424        0.178953
FIRE:   85 14:32:13     -852.570182        0.076417
FIRE:   86 14:32:13     -852.571282        0.087714
FIRE:   87 14:32:14     -852.571397        0.178941
FIRE:   88 14:32:14     -852.571603        0.171481
FIRE:   89 14:32:14     -852.571970        0.156880
FIRE:   90 14:32:14     -852.572491        0.135765
FIRE:   91 14:32:15     -852.573088        0.109089
FIRE:   92 14:32:15     -852.573725        0.078245
FIRE:   93 14:32:15     -852.574358        0.076333
FIRE:   94 14:32:15     -852.574949        0.076341
FIRE:   95 14:32:16     -852.575561        0.076365
FIRE:   96 14:32:16     -852.576230        0.076415
FIRE:   97 14:32:16     -852.577012        0.079911
FIRE:   98 14:32:16     -852.578037        0.091710
FIRE:   99 14:32:17     -852.579420        0.087062
FIRE:  100 14:32:17     -852.581222        0.076981
FIRE:  101 14:32:17     -852.583392        0.077210
FIRE:  102 14:32:17     -852.585816        0.077441
FIRE:  103 14:32:18     -852.588513        0.077635
FIRE:  104 14:32:18     -852.591737        0.077758
FIRE:  105 14:32:18     -852.595760        0.077809
FIRE:  106 14:32:18     -852.600386        0.077841
FIRE:  107 14:32:18     -852.605477        0.077931
FIRE:  108 14:32:19     -852.611516        0.078001
FIRE:  109 14:32:19     -852.618398        0.077675
FIRE:  110 14:32:19     -852.626018        0.076284
FIRE:  111 14:32:19     -852.634821        0.073448
FIRE:  112 14:32:20     -852.644576        0.072520
FIRE:  113 14:32:20     -852.655726        0.080449
FIRE:  114 14:32:20     -852.668419        0.089093
FIRE:  115 14:32:20     -852.682979        0.100668
FIRE:  116 14:32:21     -852.699965        0.113096
FIRE:  117 14:32:21     -852.719596        0.167801
FIRE:  118 14:32:21     -852.737388        0.373475
FIRE:  119 14:32:21     -852.749390        0.133167
FIRE:  120 14:32:22     -852.744283        0.331163
FIRE:  121 14:32:22     -852.748062        0.250135
FIRE:  122 14:32:22     -852.752484        0.134065
FIRE:  123 14:32:22     -852.754252        0.133356
FIRE:  124 14:32:23     -852.754356        0.133369
FIRE:  125 14:32:23     -852.754562        0.133394
FIRE:  126 14:32:23     -852.754846        0.133431
FIRE:  127 14:32:23     -852.755226        0.133473
FIRE:  128 14:32:24     -852.755659        0.133517
FIRE:  129 14:32:24     -852.756163        0.133559
FIRE:  130 14:32:24     -852.756734        0.133592
FIRE:  131 14:32:24     -852.757436        0.133613
FIRE:  132 14:32:25     -852.758330        0.133608
FIRE:  133 14:32:25     -852.759474        0.133566
FIRE:  134 14:32:25     -852.760926        0.133466
FIRE:  135 14:32:25     -852.762714        0.133285
FIRE:  136 14:32:26     -852.764941        0.132995
FIRE:  137 14:32:26     -852.767657        0.132555
FIRE:  138 14:32:26     -852.771028        0.131897
FIRE:  139 14:32:26     -852.775224        0.130889
FIRE:  140 14:32:27     -852.780390        0.129301
FIRE:  141 14:32:27     -852.786757        0.126763
FIRE:  142 14:32:27     -852.794660        0.122751
FIRE:  143 14:32:27     -852.804478        0.116601
FIRE:  144 14:32:27     -852.816651        0.117883
FIRE:  145 14:32:28     -852.831872        0.128086
FIRE:  146 14:32:28     -852.850914        0.141062
FIRE:  147 14:32:28     -852.874997        0.157352
FIRE:  148 14:32:28     -852.905760        0.175455
FIRE:  149 14:32:29     -852.945557        0.191504
FIRE:  150 14:32:29     -852.996741        0.194688
FIRE:  151 14:32:29     -853.055738        0.186707
FIRE:  152 14:32:29     -853.106719        0.201225
FIRE:  153 14:32:30     -853.142627        0.402461
FIRE:  154 14:32:30     -853.161331        0.615362
FIRE:  155 14:32:30     -853.189141        0.282476
FIRE:  156 14:32:30     -853.193362        0.184448
FIRE:  157 14:32:30     -853.197766        0.127068
FIRE:  158 14:32:31     -853.199909        0.143293
FIRE:  159 14:32:31     -853.202351        0.215323
FIRE:  160 14:32:31     -853.207595        0.180684
FIRE:  161 14:32:31     -853.213973        0.096910
FIRE:  162 14:32:32     -853.218545        0.099917
FIRE:  163 14:32:32     -853.222623        0.164307
FIRE:  164 14:32:32     -853.229323        0.118273
FIRE:  165 14:32:32     -853.236812        0.106814
FIRE:  166 14:32:33     -853.243426        0.146175
FIRE:  167 14:32:33     -853.253560        0.102722
FIRE:  168 14:32:33     -853.263261        0.140172
FIRE:  169 14:32:33     -853.276514        0.082863
FIRE:  170 14:32:34     -853.289237        0.169679
FIRE:  171 14:32:34     -853.306904        0.090911
FIRE:  172 14:32:34     -853.325524        0.074252
FIRE:  173 14:32:34     -853.344617        0.238083
FIRE:  174 14:32:35     -853.359094        0.500146
FIRE:  175 14:32:35     -853.374841        0.085763
FIRE:  176 14:32:35     -853.367257        0.404593
FIRE:  177 14:32:35     -853.371547        0.319649
FIRE:  178 14:32:36     -853.376812        0.165192
FIRE:  179 14:32:36     -853.379146        0.089115
FIRE:  180 14:32:36     -853.378144        0.192850
FIRE:  181 14:32:36     -853.378462        0.181769
FIRE:  182 14:32:36     -853.379056        0.160294
FIRE:  183 14:32:37     -853.379817        0.129806
FIRE:  184 14:32:37     -853.380616        0.092347
FIRE:  185 14:32:37     -853.381346        0.090847
FIRE:  186 14:32:37     -853.381943        0.091095
FIRE:  187 14:32:38     -853.382415        0.091429
FIRE:  188 14:32:38     -853.382877        0.091899
FIRE:  189 14:32:38     -853.383459        0.092532
FIRE:  190 14:32:38     -853.384333        0.103044
FIRE:  191 14:32:39     -853.385659        0.095819
FIRE:  192 14:32:39     -853.387419        0.095706
FIRE:  193 14:32:39     -853.389481        0.097334
FIRE:  194 14:32:39     -853.391678        0.099333
FIRE:  195 14:32:40     -853.394217        0.101727
FIRE:  196 14:32:40     -853.397634        0.104546
FIRE:  197 14:32:40     -853.402113        0.107920
FIRE:  198 14:32:40     -853.407316        0.112139
FIRE:  199 14:32:41     -853.413647        0.117513
FIRE:  200 14:32:41     -853.422066        0.124136
FIRE:  201 14:32:41     -853.432335        0.131947
FIRE:  202 14:32:41     -853.445549        0.140532
FIRE:  203 14:32:41     -853.462498        0.149530
FIRE:  204 14:32:42     -853.484315        0.157728
FIRE:  205 14:32:42     -853.512150        0.160460
FIRE:  206 14:32:42     -853.547622        0.174736
FIRE:  207 14:32:42     -853.590432        0.190877
FIRE:  208 14:32:43     -853.637428        0.212914
FIRE:  209 14:32:43     -853.675143        0.603837
FIRE:  210 14:32:43     -853.683383        1.282141
FIRE:  211 14:32:43     -853.722322        0.189695
FIRE:  212 14:32:44     -853.723487        0.139621
FIRE:  213 14:32:44     -853.725347        0.131910
FIRE:  214 14:32:44     -853.727493        0.120562
FIRE:  215 14:32:44     -853.729905        0.121909
FIRE:  216 14:32:45     -853.732851        0.133220
FIRE:  217 14:32:45     -853.736288        0.103580
FIRE:  218 14:32:45     -853.739829        0.102346
FIRE:  219 14:32:45     -853.743591        0.100814
FIRE:  220 14:32:46     -853.747869        0.098787
FIRE:  221 14:32:46     -853.752853        0.095821
FIRE:  222 14:32:46     -853.758195        0.091758
FIRE:  223 14:32:46     -853.764295        0.086272
FIRE:  224 14:32:47     -853.771257        0.078672
FIRE:  225 14:32:47     -853.779087        0.071032
FIRE:  226 14:32:47     -853.787956        0.083344
FIRE:  227 14:32:47     -853.798011        0.058498
FIRE:  228 14:32:47     -853.809097        0.074896
FIRE:  229 14:32:48     -853.820965        0.162707
FIRE:  230 14:32:48     -853.832779        0.320032
FIRE:  231 14:32:48     -853.840925        0.631092
FIRE:  232 14:32:49     -853.849600        0.092807
FIRE:  233 14:32:49     -853.845491        0.539618
FIRE:  234 14:32:49     -853.847869        0.415312
FIRE:  235 14:32:49     -853.850691        0.199143
FIRE:  236 14:32:49     -853.851823        0.063989
FIRE:  237 14:32:50     -853.851868        0.063991
FIRE:  238 14:32:50     -853.851942        0.063998
FIRE:  239 14:32:50     -853.852060        0.064005
FIRE:  240 14:32:50     -853.852198        0.064016
FIRE:  241 14:32:51     -853.852378        0.064029
FIRE:  242 14:32:51     -853.852566        0.064045
FIRE:  243 14:32:51     -853.852804        0.064067
FIRE:  244 14:32:51     -853.853093        0.064090
FIRE:  245 14:32:52     -853.853463        0.064125
FIRE:  246 14:32:52     -853.853909        0.064169
FIRE:  247 14:32:52     -853.854479        0.064225
FIRE:  248 14:32:52     -853.855179        0.064300
FIRE:  249 14:32:53     -853.856054        0.064400
FIRE:  250 14:32:53     -853.857120        0.064534
FIRE:  251 14:32:53     -853.858419        0.064712
FIRE:  252 14:32:53     -853.860020        0.064954
FIRE:  253 14:32:54     -853.861971        0.065282
FIRE:  254 14:32:54     -853.864372        0.065724
FIRE:  255 14:32:54     -853.867306        0.066313
FIRE:  256 14:32:54     -853.870939        0.067097
FIRE:  257 14:32:54     -853.875446        0.068140
FIRE:  258 14:32:55     -853.881070        0.069518
FIRE:  259 14:32:55     -853.888123        0.071288
FIRE:  260 14:32:55     -853.897071        0.073467
FIRE:  261 14:32:55     -853.908487        0.076031
FIRE:  262 14:32:56     -853.923189        0.082313
FIRE:  263 14:32:56     -853.942219        0.090926
FIRE:  264 14:32:56     -853.966768        0.099669
FIRE:  265 14:32:56     -853.996820        0.246051
FIRE:  266 14:32:57     -854.018780        0.914767
FIRE:  267 14:32:57     -854.035225        0.132401
FIRE:  268 14:32:57     -854.035689        0.096154
FIRE:  269 14:32:57     -854.036455        0.095236
FIRE:  270 14:32:58     -854.037346        0.095256
FIRE:  271 14:32:58     -854.038420        0.095205
FIRE:  272 14:32:58     -854.039835        0.098746
FIRE:  273 14:32:58     -854.041646        0.094771
FIRE:  274 14:32:59     -854.043714        0.094369
FIRE:  275 14:32:59     -854.046199        0.093787
FIRE:  276 14:32:59     -854.049277        0.092979
FIRE:  277 14:32:59     -854.053254        0.091827
FIRE:  278 14:33:00     -854.058105        0.090043
FIRE:  279 14:33:00     -854.063985        0.087140
FIRE:  280 14:33:00     -854.071279        0.082575
FIRE:  281 14:33:00     -854.079976        0.086925
FIRE:  282 14:33:00     -854.090556        0.094238
FIRE:  283 14:33:01     -854.103052        0.103775
FIRE:  284 14:33:01     -854.117821        0.116133
FIRE:  285 14:33:01     -854.135289        0.131948
FIRE:  286 14:33:01     -854.156065        0.150285
FIRE:  287 14:33:02     -854.179859        0.353114
FIRE:  288 14:33:02     -854.195909        0.935739
FIRE:  289 14:33:02     -854.214967        0.176456
FIRE:  290 14:33:02     -854.203768        0.878737
FIRE:  291 14:33:03     -854.210675        0.647042
FIRE:  292 14:33:03     -854.218060        0.255711
FIRE:  293 14:33:03     -854.219784        0.184446
FIRE:  294 14:33:03     -854.219945        0.176338
FIRE:  295 14:33:04     -854.220254        0.176318
FIRE:  296 14:33:04     -854.220689        0.176286
FIRE:  297 14:33:04     -854.221173        0.176242
FIRE:  298 14:33:04     -854.221704        0.176181
FIRE:  299 14:33:05     -854.222266        0.176102
FIRE:  300 14:33:05     -854.222844        0.176002
FIRE:  301 14:33:05     -854.223553        0.175864
FIRE:  302 14:33:05     -854.224459        0.175672
FIRE:  303 14:33:06     -854.225638        0.175404
FIRE:  304 14:33:06     -854.227180        0.175022
FIRE:  305 14:33:06     -854.229099        0.174470
FIRE:  306 14:33:06     -854.231361        0.173655
FIRE:  307 14:33:07     -854.234038        0.172441
FIRE:  308 14:33:07     -854.237349        0.170619
FIRE:  309 14:33:07     -854.241447        0.167888
FIRE:  310 14:33:07     -854.246346        0.163774
FIRE:  311 14:33:07     -854.252084        0.157583
FIRE:  312 14:33:08     -854.258964        0.148378
FIRE:  313 14:33:08     -854.266886        0.134766
FIRE:  314 14:33:08     -854.275795        0.114920
FIRE:  315 14:33:08     -854.285535        0.087065
FIRE:  316 14:33:09     -854.295639        0.068519
FIRE:  317 14:33:09     -854.305486        0.078443
FIRE:  318 14:33:09     -854.314908        0.087161
FIRE:  319 14:33:09     -854.324287        0.093101
FIRE:  320 14:33:10     -854.334276        0.150328
FIRE:  321 14:33:10     -854.343667        0.348072
FIRE:  322 14:33:10     -854.340966        0.943021
FIRE:  323 14:33:10     -854.358316        0.078926
FIRE:  324 14:33:11     -854.358548        0.078860
FIRE:  325 14:33:11     -854.358974        0.078728
FIRE:  326 14:33:11     -854.359530        0.078527
FIRE:  327 14:33:11     -854.360214        0.078253
FIRE:  328 14:33:12     -854.361038        0.077906
FIRE:  329 14:33:12     -854.362036        0.077479
FIRE:  330 14:33:12     -854.363138        0.076961
FIRE:  331 14:33:12     -854.364446        0.076261
FIRE:  332 14:33:12     -854.365980        0.075300
FIRE:  333 14:33:13     -854.367813        0.073966
FIRE:  334 14:33:13     -854.369934        0.072080
FIRE:  335 14:33:13     -854.372338        0.069395
FIRE:  336 14:33:13     -854.375076        0.065616
FIRE:  337 14:33:14     -854.378116        0.060351
FIRE:  338 14:33:14     -854.381490        0.053121
FIRE:  339 14:33:14     -854.385170        0.052771
FIRE:  340 14:33:14     -854.389190        0.056055
FIRE:  341 14:33:15     -854.393540        0.059929
FIRE:  342 14:33:15     -854.398321        0.070290
FIRE:  343 14:33:15     -854.403363        0.160760
FIRE:  344 14:33:15     -854.406749        0.403761
FIRE:  345 14:33:16     -854.410278        0.065881
FIRE:  346 14:33:16     -854.408548        0.353328
FIRE:  347 14:33:16     -854.409617        0.269684
FIRE:  348 14:33:16     -854.410890        0.123396
FIRE:  349 14:33:17     -854.411347        0.065892
FIRE:  350 14:33:17     -854.411369        0.065893
FIRE:  351 14:33:17     -854.411415        0.065897
FIRE:  352 14:33:17     -854.411472        0.065899
FIRE:  353 14:33:17     -854.411553        0.065904
FIRE:  354 14:33:18     -854.411645        0.065909
FIRE:  355 14:33:18     -854.411753        0.065912
FIRE:  356 14:33:18     -854.411860        0.065915
FIRE:  357 14:33:18     -854.412009        0.065912
FIRE:  358 14:33:19     -854.412207        0.065906
FIRE:  359 14:33:19     -854.412424        0.065891
FIRE:  360 14:33:19     -854.412715        0.065868
FIRE:  361 14:33:19     -854.413070        0.065821
FIRE:  362 14:33:20     -854.413508        0.065759
FIRE:  363 14:33:20     -854.414036        0.065660
FIRE:  364 14:33:20     -854.414664        0.065516
FIRE:  365 14:33:20     -854.415428        0.065303
FIRE:  366 14:33:21     -854.416357        0.064973
FIRE:  367 14:33:21     -854.417443        0.064456
FIRE:  368 14:33:21     -854.418746        0.063645
FIRE:  369 14:33:21     -854.420301        0.062400
FIRE:  370 14:33:22     -854.422100        0.060543
FIRE:  371 14:33:22     -854.424231        0.057813
FIRE:  372 14:33:22     -854.426704        0.053827
FIRE:  373 14:33:22     -854.429562        0.048179
FIRE:  374 14:33:23     -854.432844        0.040628
FIRE:  375 14:33:23     -854.436563        0.031232
FIRE:  376 14:33:23     -854.440745        0.030657
FIRE:  377 14:33:23     -854.445365        0.083125
FIRE:  378 14:33:23     -854.449277        0.286444
FIRE:  379 14:33:24     -854.441190        0.918392
FIRE:  380 14:33:24     -854.456720        0.182620
FIRE:  381 14:33:24     -854.457122        0.130741
FIRE:  382 14:33:24     -854.457571        0.060815
FIRE:  383 14:33:25     -854.457780        0.061306
FIRE:  384 14:33:25     -854.457849        0.121985
FIRE:  385 14:33:25     -854.457909        0.112977
FIRE:  386 14:33:25     -854.458013        0.095637
FIRE:  387 14:33:26     -854.458143        0.071417
FIRE:  388 14:33:26     -854.458285        0.062370
FIRE:  389 14:33:26     -854.458413        0.062578
FIRE:  390 14:33:26     -854.458519        0.062833
FIRE:  391 14:33:27     -854.458626        0.063133
FIRE:  392 14:33:27     -854.458761        0.063514
FIRE:  393 14:33:27     -854.458951        0.066594
FIRE:  394 14:33:27     -854.459225        0.064574
FIRE:  395 14:33:28     -854.459577        0.065301
FIRE:  396 14:33:28     -854.460003        0.066215
FIRE:  397 14:33:28     -854.460476        0.067378
FIRE:  398 14:33:28     -854.461054        0.068851
FIRE:  399 14:33:29     -854.461815        0.070700
FIRE:  400 14:33:29     -854.462805        0.073026
FIRE:  401 14:33:29     -854.463959        0.075989
FIRE:  402 14:33:29     -854.465448        0.079755
FIRE:  403 14:33:30     -854.467382        0.084554
FIRE:  404 14:33:30     -854.469821        0.090776
FIRE:  405 14:33:30     -854.473079        0.098829
FIRE:  406 14:33:30     -854.477372        0.109294
FIRE:  407 14:33:31     -854.483298        0.122760
FIRE:  408 14:33:31     -854.491537        0.140082
FIRE:  409 14:33:31     -854.503357        0.161623
FIRE:  410 14:33:31     -854.520606        0.185568
FIRE:  411 14:33:31     -854.545574        0.204612
FIRE:  412 14:33:32     -854.577718        0.368563
FIRE:  413 14:33:32     -854.585910        1.251726
FIRE:  414 14:33:32     -854.618072        0.230815
FIRE:  415 14:33:32     -854.618982        0.163269
FIRE:  416 14:33:33     -854.620230        0.121265
FIRE:  417 14:33:33     -854.621281        0.120208
FIRE:  418 14:33:33     -854.622349        0.155906
FIRE:  419 14:33:33     -854.623995        0.166964
FIRE:  420 14:33:34     -854.626269        0.116343
FIRE:  421 14:33:34     -854.628711        0.114976
FIRE:  422 14:33:34     -854.631327        0.113317
FIRE:  423 14:33:34     -854.634601        0.127866
FIRE:  424 14:33:34     -854.638972        0.108455
FIRE:  425 14:33:35     -854.643968        0.104500
FIRE:  426 14:33:35     -854.649977        0.107741
FIRE:  427 14:33:35     -854.657433        0.105824
FIRE:  428 14:33:35     -854.665976        0.106859
FIRE:  429 14:33:36     -854.676263        0.107453
FIRE:  430 14:33:36     -854.688157        0.107123
FIRE:  431 14:33:36     -854.701584        0.135998
FIRE:  432 14:33:36     -854.716486        0.213600
FIRE:  433 14:33:37     -854.731908        0.342223
FIRE:  434 14:33:37     -854.742450        0.669840
FIRE:  435 14:33:37     -854.751951        0.086464
FIRE:  436 14:33:37     -854.746869        0.583049
FIRE:  437 14:33:38     -854.749643        0.445643
FIRE:  438 14:33:38     -854.752881        0.207326
FIRE:  439 14:33:38     -854.754033        0.077007
FIRE:  440 14:33:38     -854.754067        0.077059
FIRE:  441 14:33:38     -854.754156        0.077165
FIRE:  442 14:33:39     -854.754274        0.077320
FIRE:  443 14:33:39     -854.754420        0.077524
FIRE:  444 14:33:39     -854.754599        0.077773
FIRE:  445 14:33:39     -854.754798        0.078061
FIRE:  446 14:33:40     -854.755012        0.078381
FIRE:  447 14:33:40     -854.755300        0.078768
FIRE:  448 14:33:40     -854.755640        0.079231
FIRE:  449 14:33:40     -854.756090        0.079779
FIRE:  450 14:33:41     -854.756654        0.080429
FIRE:  451 14:33:41     -854.757362        0.081210
FIRE:  452 14:33:41     -854.758220        0.082168
FIRE:  453 14:33:41     -854.759284        0.083377
FIRE:  454 14:33:42     -854.760586        0.084930
FIRE:  455 14:33:42     -854.762196        0.086925
FIRE:  456 14:33:42     -854.764185        0.089449
FIRE:  457 14:33:42     -854.766622        0.092539
FIRE:  458 14:33:43     -854.769626        0.096204
FIRE:  459 14:33:43     -854.773342        0.100512
FIRE:  460 14:33:43     -854.777929        0.105670
FIRE:  461 14:33:43     -854.783656        0.111828
FIRE:  462 14:33:44     -854.790793        0.118597
FIRE:  463 14:33:44     -854.799743        0.124857
FIRE:  464 14:33:44     -854.810960        0.129294
FIRE:  465 14:33:44     -854.824891        0.128829
FIRE:  466 14:33:45     -854.841706        0.116856
FIRE:  467 14:33:45     -854.860606        0.141121
FIRE:  468 14:33:45     -854.877557        0.410201
FIRE:  469 14:33:45     -854.868138        1.331803
FIRE:  470 14:33:46     -854.900877        0.218426
FIRE:  471 14:33:46     -854.901662        0.157954
FIRE:  472 14:33:46     -854.902725        0.082563
FIRE:  473 14:33:46     -854.903552        0.075630
FIRE:  474 14:33:47     -854.904238        0.152770
FIRE:  475 14:33:47     -854.905236        0.175135
FIRE:  476 14:33:47     -854.906721        0.131804
FIRE:  477 14:33:47     -854.908321        0.060866
FIRE:  478 14:33:48     -854.909831        0.070187
FIRE:  479 14:33:48     -854.911446        0.122030
FIRE:  480 14:33:48     -854.913709        0.084238
FIRE:  481 14:33:48     -854.916274        0.059588
FIRE:  482 14:33:49     -854.919002        0.119932
FIRE:  483 14:33:49     -854.922672        0.064474
FIRE:  484 14:33:49     -854.926716        0.101936
FIRE:  485 14:33:49     -854.931854        0.062261
FIRE:  486 14:33:50     -854.937577        0.125064
FIRE:  487 14:33:50     -854.944582        0.074741
FIRE:  488 14:33:50     -854.952465        0.049701
FIRE:  489 14:33:50     -854.961155        0.101938
FIRE:  490 14:33:50     -854.969399        0.271788
FIRE:  491 14:33:51     -854.970397        0.743719
FIRE:  492 14:33:51     -854.981335        0.045747
FIRE:  493 14:33:51     -854.981423        0.045743
FIRE:  494 14:33:51     -854.981581        0.045736
FIRE:  495 14:33:52     -854.981812        0.045726
FIRE:  496 14:33:52     -854.982101        0.045719
FIRE:  497 14:33:52     -854.982461        0.045713
FIRE:  498 14:33:52     -854.982898        0.045712
FIRE:  499 14:33:53     -854.983396        0.045710
FIRE:  500 14:33:53     -854.984018        0.045703
FIRE:  501 14:33:53     -854.984769        0.045677
FIRE:  502 14:33:53     -854.985708        0.045602
FIRE:  503 14:33:54     -854.986853        0.045441
FIRE:  504 14:33:54     -854.988250        0.045155
FIRE:  505 14:33:54     -854.989961        0.044697
FIRE:  506 14:33:54     -854.992027        0.044000
FIRE:  507 14:33:55     -854.994530        0.042927
FIRE:  508 14:33:55     -854.997561        0.041217
FIRE:  509 14:33:55     -855.001186        0.038580
FIRE:  510 14:33:55     -855.005486        0.034721
FIRE:  511 14:33:56     -855.010535        0.029118
FIRE:  512 14:33:56     -855.016389        0.029697
FIRE:  513 14:33:56     -855.022839        0.119047
FIRE:  514 14:33:56     -855.026329        0.435782
FIRE:  515 14:33:57     -855.030816        0.036526
FIRE:  516 14:33:57     -855.030875        0.035035
FIRE:  517 14:33:57     -855.030988        0.034905
FIRE:  518 14:33:57     -855.031154        0.034844
FIRE:  519 14:33:58     -855.031350        0.034776
FIRE:  520 14:33:58     -855.031613        0.034787
FIRE:  521 14:33:58     -855.031929        0.034989
FIRE:  522 14:33:58     -855.032306        0.035299
FIRE:  523 14:33:58     -855.032764        0.035688
FIRE:  524 14:33:59     -855.033337        0.036069
FIRE:  525 14:33:59     -855.034078        0.036377
FIRE:  526 14:33:59     -855.034994        0.036687
FIRE:  527 14:33:59     -855.036125        0.037266
FIRE:  528 14:34:00     -855.037542        0.038353
FIRE:  529 14:34:00     -855.039317        0.039799
FIRE:  530 14:34:00     -855.041538        0.041276
FIRE:  531 14:34:00     -855.044314        0.043382
FIRE:  532 14:34:00     -855.047836        0.047003
FIRE:  533 14:34:01     -855.052342        0.051179
FIRE:  534 14:34:01     -855.058194        0.058249
FIRE:  535 14:34:01     -855.065870        0.067333
FIRE:  536 14:34:01     -855.075680        0.186967
FIRE:  537 14:34:02     -855.081236        0.643979
FIRE:  538 14:34:02     -855.090893        0.104798
FIRE:  539 14:34:02     -855.091144        0.104661
FIRE:  540 14:34:02     -855.091540        0.104514
FIRE:  541 14:34:03     -855.092019        0.104598
FIRE:  542 14:34:03     -855.092609        0.105181
FIRE:  543 14:34:03     -855.093404        0.106439
FIRE:  544 14:34:03     -855.094437        0.108397
FIRE:  545 14:34:04     -855.095612        0.110923
FIRE:  546 14:34:04     -855.097073        0.114076
FIRE:  547 14:34:04     -855.098969        0.117555
FIRE:  548 14:34:04     -855.101480        0.121195
FIRE:  549 14:34:05     -855.104654        0.125354
FIRE:  550 14:34:05     -855.108764        0.130991
FIRE:  551 14:34:05     -855.114180        0.138729
FIRE:  552 14:34:05     -855.121203        0.147540
FIRE:  553 14:34:06     -855.130494        0.155224
FIRE:  554 14:34:06     -855.142629        0.161065
FIRE:  555 14:34:06     -855.158310        0.161686
FIRE:  556 14:34:06     -855.177668        0.143315
FIRE:  557 14:34:06     -855.198971        0.109027
FIRE:  558 14:34:07     -855.215819        0.351693
FIRE:  559 14:34:07     -855.207770        1.008467
FIRE:  560 14:34:07     -855.231113        0.180054
FIRE:  561 14:34:07     -855.231703        0.144509
FIRE:  562 14:34:08     -855.232702        0.126052
FIRE:  563 14:34:08     -855.233865        0.114962
FIRE:  564 14:34:08     -855.235174        0.115638
FIRE:  565 14:34:08     -855.236722        0.127954
FIRE:  566 14:34:09     -855.238503        0.110549
FIRE:  567 14:34:09     -855.240375        0.085880
FIRE:  568 14:34:09     -855.242334        0.086554
FIRE:  569 14:34:09     -855.244465        0.096915
FIRE:  570 14:34:10     -855.246923        0.088528
FIRE:  571 14:34:10     -855.249568        0.089812
FIRE:  572 14:34:10     -855.252464        0.091167
FIRE:  573 14:34:10     -855.255970        0.092422
FIRE:  574 14:34:11     -855.260031        0.093410
FIRE:  575 14:34:11     -855.265236        0.093669
FIRE:  576 14:34:11     -855.271560        0.092028
FIRE:  577 14:34:11     -855.279343        0.086586
FIRE:  578 14:34:12     -855.288334        0.075173
FIRE:  579 14:34:12     -855.297918        0.054164
FIRE:  580 14:34:12     -855.306932        0.066442
FIRE:  581 14:34:12     -855.312606        0.233272
FIRE:  582 14:34:13     -855.301258        0.808967
FIRE:  583 14:34:13     -855.319011        0.085808
FIRE:  584 14:34:13     -855.319199        0.084366
FIRE:  585 14:34:13     -855.319514        0.081524
FIRE:  586 14:34:14     -855.319939        0.077382
FIRE:  587 14:34:14     -855.320419        0.072107
FIRE:  588 14:34:14     -855.320991        0.065931
FIRE:  589 14:34:14     -855.321655        0.059073
FIRE:  590 14:34:15     -855.322332        0.051703
FIRE:  591 14:34:15     -855.323061        0.043127
FIRE:  592 14:34:15     -855.323852        0.033449
FIRE:  593 14:34:15     -855.324698        0.024696
FIRE:  594 14:34:16     -855.325503        0.024948
FIRE:  595 14:34:16     -855.326327        0.023621
FIRE:  596 14:34:16     -855.327141        0.024610
FIRE:  597 14:34:16     -855.327990        0.021562
FIRE:  598 14:34:16     -855.328911        0.026838
FIRE:  599 14:34:17     -855.330000        0.026043
FIRE:  600 14:34:17     -855.331226        0.027115
FIRE:  601 14:34:17     -855.332544        0.047500
FIRE:  602 14:34:17     -855.333749        0.085534
FIRE:  603 14:34:18     -855.334374        0.174622
FIRE:  604 14:34:18     -855.335085        0.030906
FIRE:  605 14:34:18     -855.334767        0.134342
FIRE:  606 14:34:18     -855.334940        0.104428
FIRE:  607 14:34:19     -855.335161        0.051561
FIRE:  608 14:34:19     -855.335257        0.012303
[prep] P2_Al2S3_J: fmax 0.0123 (target 0.02) · steps 608 · converged True · 2.5 min
[eprime_H0_host] 208 atoms | free-S=16 Cl=16 | free-anion sites=32 | max_swaps=16
WARNING:root:If 'dataset_list' is provided in the config, the code assumes that each dataset maps to itself. Please use 'dataset_mapping' as 'dataset_list' is deprecated and will be removed in the future.
UMA inference mode: default
/home/kgy/lldvar/tools/modelc_v3/disorder_ensemble_diffusion.py:222: DeprecationWarning: Use thermalize_momenta
  MaxwellBoltzmannDistribution(atoms, temperature_K=T, rng=np.random.default_rng(rng_seed))
/home/kgy/apps/miniforge3/envs/uma/lib/python3.11/site-packages/ase/md/langevin.py:102: FutureWarning: The implementation of `fixcm=True` in `Langevin` does not strictly sample the correct NVT distributions. The deviations are typically small for large systems but can be more pronounced for small systems. Use `fixcm=False` together with `ase.constraints.FixCom`. `fixcm` is deprecated since ASE 3.28.0 and will be removed in a future release.
  warnings.warn(msg, FutureWarning)

##### disorder d=0.0 -> n_swaps=0 (actual d=0.000), 1 config(s) #####
    d=0.00 cfg0 T=600: D_Li=3.088e-06 cm²/s  (457.3 min)

==== eprime_H0_host DONE (457 min) ====
  d=0.00  Ea=None ± None eV  D0=None
  → /home/kgy/work/runs/cascade_v6_40run_0921/md/H0_host__T600__s1/ensemble_results.json
[eprime_P1_Al2O3_A] 204 atoms | free-S=16 Cl=16 | free-anion sites=32 | max_swaps=16
WARNING:root:If 'dataset_list' is provided in the config, the code assumes that each dataset maps to itself. Please use 'dataset_mapping' as 'dataset_list' is deprecated and will be removed in the future.
UMA inference mode: default
/home/kgy/lldvar/tools/modelc_v3/disorder_ensemble_diffusion.py:222: DeprecationWarning: Use thermalize_momenta
  MaxwellBoltzmannDistribution(atoms, temperature_K=T, rng=np.random.default_rng(rng_seed))
/home/kgy/apps/miniforge3/envs/uma/lib/python3.11/site-packages/ase/md/langevin.py:102: FutureWarning: The implementation of `fixcm=True` in `Langevin` does not strictly sample the correct NVT distributions. The deviations are typically small for large systems but can be more pronounced for small systems. Use `fixcm=False` together with `ase.constraints.FixCom`. `fixcm` is deprecated since ASE 3.28.0 and will be removed in a future release.
  warnings.warn(msg, FutureWarning)

##### disorder d=0.0 -> n_swaps=0 (actual d=0.000), 1 config(s) #####
    d=0.00 cfg0 T=600: D_Li=2.366e-06 cm²/s  (468.6 min)

==== eprime_P1_Al2O3_A DONE (469 min) ====
  d=0.00  Ea=None ± None eV  D0=None
  → /home/kgy/work/runs/cascade_v6_40run_0921/md/P1_Al2O3_A__s1/ensemble_results.json
[eprime_P1_Al2O3_A] 204 atoms | free-S=16 Cl=16 | free-anion sites=32 | max_swaps=16
WARNING:root:If 'dataset_list' is provided in the config, the code assumes that each dataset maps to itself. Please use 'dataset_mapping' as 'dataset_list' is deprecated and will be removed in the future.
UMA inference mode: default
/home/kgy/lldvar/tools/modelc_v3/disorder_ensemble_diffusion.py:222: DeprecationWarning: Use thermalize_momenta
  MaxwellBoltzmannDistribution(atoms, temperature_K=T, rng=np.random.default_rng(rng_seed))
/home/kgy/apps/miniforge3/envs/uma/lib/python3.11/site-packages/ase/md/langevin.py:102: FutureWarning: The implementation of `fixcm=True` in `Langevin` does not strictly sample the correct NVT distributions. The deviations are typically small for large systems but can be more pronounced for small systems. Use `fixcm=False` together with `ase.constraints.FixCom`. `fixcm` is deprecated since ASE 3.28.0 and will be removed in a future release.
  warnings.warn(msg, FutureWarning)

##### disorder d=0.0 -> n_swaps=0 (actual d=0.000), 1 config(s) #####
    d=0.00 cfg0 T=600: D_Li=3.882e-06 cm²/s  (468.3 min)

==== eprime_P1_Al2O3_A DONE (468 min) ====
  d=0.00  Ea=None ± None eV  D0=None
  → /home/kgy/work/runs/cascade_v6_40run_0921/md/P1_Al2O3_A__s2/ensemble_results.json
[eprime_P2_Al2S3_A] 204 atoms | free-S=16 Cl=16 | free-anion sites=32 | max_swaps=16
WARNING:root:If 'dataset_list' is provided in the config, the code assumes that each dataset maps to itself. Please use 'dataset_mapping' as 'dataset_list' is deprecated and will be removed in the future.
UMA inference mode: default
/home/kgy/lldvar/tools/modelc_v3/disorder_ensemble_diffusion.py:222: DeprecationWarning: Use thermalize_momenta
  MaxwellBoltzmannDistribution(atoms, temperature_K=T, rng=np.random.default_rng(rng_seed))
/home/kgy/apps/miniforge3/envs/uma/lib/python3.11/site-packages/ase/md/langevin.py:102: FutureWarning: The implementation of `fixcm=True` in `Langevin` does not strictly sample the correct NVT distributions. The deviations are typically small for large systems but can be more pronounced for small systems. Use `fixcm=False` together with `ase.constraints.FixCom`. `fixcm` is deprecated since ASE 3.28.0 and will be removed in a future release.
  warnings.warn(msg, FutureWarning)

##### disorder d=0.0 -> n_swaps=0 (actual d=0.000), 1 config(s) #####
    d=0.00 cfg0 T=600: D_Li=4.700e-06 cm²/s  (469.1 min)

==== eprime_P2_Al2S3_A DONE (469 min) ====
  d=0.00  Ea=None ± None eV  D0=None
  → /home/kgy/work/runs/cascade_v6_40run_0921/md/P2_Al2S3_A__s1/ensemble_results.json
[eprime_P2_Al2S3_A] 204 atoms | free-S=16 Cl=16 | free-anion sites=32 | max_swaps=16
WARNING:root:If 'dataset_list' is provided in the config, the code assumes that each dataset maps to itself. Please use 'dataset_mapping' as 'dataset_list' is deprecated and will be removed in the future.
UMA inference mode: default
/home/kgy/lldvar/tools/modelc_v3/disorder_ensemble_diffusion.py:222: DeprecationWarning: Use thermalize_momenta
  MaxwellBoltzmannDistribution(atoms, temperature_K=T, rng=np.random.default_rng(rng_seed))
/home/kgy/apps/miniforge3/envs/uma/lib/python3.11/site-packages/ase/md/langevin.py:102: FutureWarning: The implementation of `fixcm=True` in `Langevin` does not strictly sample the correct NVT distributions. The deviations are typically small for large systems but can be more pronounced for small systems. Use `fixcm=False` together with `ase.constraints.FixCom`. `fixcm` is deprecated since ASE 3.28.0 and will be removed in a future release.
  warnings.warn(msg, FutureWarning)

##### disorder d=0.0 -> n_swaps=0 (actual d=0.000), 1 config(s) #####
    d=0.00 cfg0 T=600: D_Li=2.221e-06 cm²/s  (468.0 min)

==== eprime_P2_Al2S3_A DONE (468 min) ====
  d=0.00  Ea=None ± None eV  D0=None
  → /home/kgy/work/runs/cascade_v6_40run_0921/md/P2_Al2S3_A__s2/ensemble_results.json
[eprime_P1_Al2O3_B] 204 atoms | free-S=16 Cl=16 | free-anion sites=32 | max_swaps=16
WARNING:root:If 'dataset_list' is provided in the config, the code assumes that each dataset maps to itself. Please use 'dataset_mapping' as 'dataset_list' is deprecated and will be removed in the future.
UMA inference mode: default
/home/kgy/lldvar/tools/modelc_v3/disorder_ensemble_diffusion.py:222: DeprecationWarning: Use thermalize_momenta
  MaxwellBoltzmannDistribution(atoms, temperature_K=T, rng=np.random.default_rng(rng_seed))
/home/kgy/apps/miniforge3/envs/uma/lib/python3.11/site-packages/ase/md/langevin.py:102: FutureWarning: The implementation of `fixcm=True` in `Langevin` does not strictly sample the correct NVT distributions. The deviations are typically small for large systems but can be more pronounced for small systems. Use `fixcm=False` together with `ase.constraints.FixCom`. `fixcm` is deprecated since ASE 3.28.0 and will be removed in a future release.
  warnings.warn(msg, FutureWarning)

##### disorder d=0.0 -> n_swaps=0 (actual d=0.000), 1 config(s) #####
    d=0.00 cfg0 T=600: D_Li=3.351e-06 cm²/s  (396.1 min)

==== eprime_P1_Al2O3_B DONE (396 min) ====
  d=0.00  Ea=None ± None eV  D0=None
  → /home/kgy/work/runs/cascade_v6_40run_0921/md/P1_Al2O3_B__s1/ensemble_results.json
[eprime_P1_Al2O3_B] 204 atoms | free-S=16 Cl=16 | free-anion sites=32 | max_swaps=16
WARNING:root:If 'dataset_list' is provided in the config, the code assumes that each dataset maps to itself. Please use 'dataset_mapping' as 'dataset_list' is deprecated and will be removed in the future.
UMA inference mode: default
/home/kgy/lldvar/tools/modelc_v3/disorder_ensemble_diffusion.py:222: DeprecationWarning: Use thermalize_momenta
  MaxwellBoltzmannDistribution(atoms, temperature_K=T, rng=np.random.default_rng(rng_seed))
/home/kgy/apps/miniforge3/envs/uma/lib/python3.11/site-packages/ase/md/langevin.py:102: FutureWarning: The implementation of `fixcm=True` in `Langevin` does not strictly sample the correct NVT distributions. The deviations are typically small for large systems but can be more pronounced for small systems. Use `fixcm=False` together with `ase.constraints.FixCom`. `fixcm` is deprecated since ASE 3.28.0 and will be removed in a future release.
  warnings.warn(msg, FutureWarning)

##### disorder d=0.0 -> n_swaps=0 (actual d=0.000), 1 config(s) #####
    d=0.00 cfg0 T=600: D_Li=3.490e-06 cm²/s  (239.7 min)

==== eprime_P1_Al2O3_B DONE (240 min) ====
  d=0.00  Ea=None ± None eV  D0=None
  → /home/kgy/work/runs/cascade_v6_40run_0921/md/P1_Al2O3_B__s2/ensemble_results.json
[eprime_P2_Al2S3_B] 204 atoms | free-S=16 Cl=16 | free-anion sites=32 | max_swaps=16
WARNING:root:If 'dataset_list' is provided in the config, the code assumes that each dataset maps to itself. Please use 'dataset_mapping' as 'dataset_list' is deprecated and will be removed in the future.
UMA inference mode: default
/home/kgy/lldvar/tools/modelc_v3/disorder_ensemble_diffusion.py:222: DeprecationWarning: Use thermalize_momenta
  MaxwellBoltzmannDistribution(atoms, temperature_K=T, rng=np.random.default_rng(rng_seed))
/home/kgy/apps/miniforge3/envs/uma/lib/python3.11/site-packages/ase/md/langevin.py:102: FutureWarning: The implementation of `fixcm=True` in `Langevin` does not strictly sample the correct NVT distributions. The deviations are typically small for large systems but can be more pronounced for small systems. Use `fixcm=False` together with `ase.constraints.FixCom`. `fixcm` is deprecated since ASE 3.28.0 and will be removed in a future release.
  warnings.warn(msg, FutureWarning)

##### disorder d=0.0 -> n_swaps=0 (actual d=0.000), 1 config(s) #####
    d=0.00 cfg0 T=600: D_Li=3.862e-06 cm²/s  (189.8 min)

==== eprime_P2_Al2S3_B DONE (190 min) ====
  d=0.00  Ea=None ± None eV  D0=None
  → /home/kgy/work/runs/cascade_v6_40run_0921/md/P2_Al2S3_B__s1/ensemble_results.json
[eprime_P2_Al2S3_B] 204 atoms | free-S=16 Cl=16 | free-anion sites=32 | max_swaps=16
WARNING:root:If 'dataset_list' is provided in the config, the code assumes that each dataset maps to itself. Please use 'dataset_mapping' as 'dataset_list' is deprecated and will be removed in the future.
UMA inference mode: default
/home/kgy/lldvar/tools/modelc_v3/disorder_ensemble_diffusion.py:222: DeprecationWarning: Use thermalize_momenta
  MaxwellBoltzmannDistribution(atoms, temperature_K=T, rng=np.random.default_rng(rng_seed))
/home/kgy/apps/miniforge3/envs/uma/lib/python3.11/site-packages/ase/md/langevin.py:102: FutureWarning: The implementation of `fixcm=True` in `Langevin` does not strictly sample the correct NVT distributions. The deviations are typically small for large systems but can be more pronounced for small systems. Use `fixcm=False` together with `ase.constraints.FixCom`. `fixcm` is deprecated since ASE 3.28.0 and will be removed in a future release.
  warnings.warn(msg, FutureWarning)

##### disorder d=0.0 -> n_swaps=0 (actual d=0.000), 1 config(s) #####
    d=0.00 cfg0 T=600: D_Li=2.834e-06 cm²/s  (189.3 min)

==== eprime_P2_Al2S3_B DONE (189 min) ====
  d=0.00  Ea=None ± None eV  D0=None
  → /home/kgy/work/runs/cascade_v6_40run_0921/md/P2_Al2S3_B__s2/ensemble_results.json
[eprime_P1_Al2O3_C] 204 atoms | free-S=16 Cl=16 | free-anion sites=32 | max_swaps=16
WARNING:root:If 'dataset_list' is provided in the config, the code assumes that each dataset maps to itself. Please use 'dataset_mapping' as 'dataset_list' is deprecated and will be removed in the future.
UMA inference mode: default
/home/kgy/lldvar/tools/modelc_v3/disorder_ensemble_diffusion.py:222: DeprecationWarning: Use thermalize_momenta
  MaxwellBoltzmannDistribution(atoms, temperature_K=T, rng=np.random.default_rng(rng_seed))
/home/kgy/apps/miniforge3/envs/uma/lib/python3.11/site-packages/ase/md/langevin.py:102: FutureWarning: The implementation of `fixcm=True` in `Langevin` does not strictly sample the correct NVT distributions. The deviations are typically small for large systems but can be more pronounced for small systems. Use `fixcm=False` together with `ase.constraints.FixCom`. `fixcm` is deprecated since ASE 3.28.0 and will be removed in a future release.
  warnings.warn(msg, FutureWarning)

##### disorder d=0.0 -> n_swaps=0 (actual d=0.000), 1 config(s) #####
    d=0.00 cfg0 T=600: D_Li=3.300e-06 cm²/s  (234.6 min)

==== eprime_P1_Al2O3_C DONE (235 min) ====
  d=0.00  Ea=None ± None eV  D0=None
  → /home/kgy/work/runs/cascade_v6_40run_0921/md/P1_Al2O3_C__s1/ensemble_results.json
[eprime_P1_Al2O3_C] 204 atoms | free-S=16 Cl=16 | free-anion sites=32 | max_swaps=16
WARNING:root:If 'dataset_list' is provided in the config, the code assumes that each dataset maps to itself. Please use 'dataset_mapping' as 'dataset_list' is deprecated and will be removed in the future.
UMA inference mode: default
/home/kgy/lldvar/tools/modelc_v3/disorder_ensemble_diffusion.py:222: DeprecationWarning: Use thermalize_momenta
  MaxwellBoltzmannDistribution(atoms, temperature_K=T, rng=np.random.default_rng(rng_seed))
/home/kgy/apps/miniforge3/envs/uma/lib/python3.11/site-packages/ase/md/langevin.py:102: FutureWarning: The implementation of `fixcm=True` in `Langevin` does not strictly sample the correct NVT distributions. The deviations are typically small for large systems but can be more pronounced for small systems. Use `fixcm=False` together with `ase.constraints.FixCom`. `fixcm` is deprecated since ASE 3.28.0 and will be removed in a future release.
  warnings.warn(msg, FutureWarning)

##### disorder d=0.0 -> n_swaps=0 (actual d=0.000), 1 config(s) #####
    d=0.00 cfg0 T=600: D_Li=3.007e-06 cm²/s  (265.3 min)

==== eprime_P1_Al2O3_C DONE (265 min) ====
  d=0.00  Ea=None ± None eV  D0=None
  → /home/kgy/work/runs/cascade_v6_40run_0921/md/P1_Al2O3_C__s2/ensemble_results.json
[eprime_P2_Al2S3_C] 204 atoms | free-S=16 Cl=16 | free-anion sites=32 | max_swaps=16
WARNING:root:If 'dataset_list' is provided in the config, the code assumes that each dataset maps to itself. Please use 'dataset_mapping' as 'dataset_list' is deprecated and will be removed in the future.
UMA inference mode: default
/home/kgy/lldvar/tools/modelc_v3/disorder_ensemble_diffusion.py:222: DeprecationWarning: Use thermalize_momenta
  MaxwellBoltzmannDistribution(atoms, temperature_K=T, rng=np.random.default_rng(rng_seed))
/home/kgy/apps/miniforge3/envs/uma/lib/python3.11/site-packages/ase/md/langevin.py:102: FutureWarning: The implementation of `fixcm=True` in `Langevin` does not strictly sample the correct NVT distributions. The deviations are typically small for large systems but can be more pronounced for small systems. Use `fixcm=False` together with `ase.constraints.FixCom`. `fixcm` is deprecated since ASE 3.28.0 and will be removed in a future release.
  warnings.warn(msg, FutureWarning)

##### disorder d=0.0 -> n_swaps=0 (actual d=0.000), 1 config(s) #####
    d=0.00 cfg0 T=600: D_Li=2.614e-06 cm²/s  (374.7 min)

==== eprime_P2_Al2S3_C DONE (375 min) ====
  d=0.00  Ea=None ± None eV  D0=None
  → /home/kgy/work/runs/cascade_v6_40run_0921/md/P2_Al2S3_C__s1/ensemble_results.json
[eprime_P2_Al2S3_C] 204 atoms | free-S=16 Cl=16 | free-anion sites=32 | max_swaps=16
WARNING:root:If 'dataset_list' is provided in the config, the code assumes that each dataset maps to itself. Please use 'dataset_mapping' as 'dataset_list' is deprecated and will be removed in the future.
UMA inference mode: default
/home/kgy/lldvar/tools/modelc_v3/disorder_ensemble_diffusion.py:222: DeprecationWarning: Use thermalize_momenta
  MaxwellBoltzmannDistribution(atoms, temperature_K=T, rng=np.random.default_rng(rng_seed))
/home/kgy/apps/miniforge3/envs/uma/lib/python3.11/site-packages/ase/md/langevin.py:102: FutureWarning: The implementation of `fixcm=True` in `Langevin` does not strictly sample the correct NVT distributions. The deviations are typically small for large systems but can be more pronounced for small systems. Use `fixcm=False` together with `ase.constraints.FixCom`. `fixcm` is deprecated since ASE 3.28.0 and will be removed in a future release.
  warnings.warn(msg, FutureWarning)

##### disorder d=0.0 -> n_swaps=0 (actual d=0.000), 1 config(s) #####
    d=0.00 cfg0 T=600: D_Li=4.475e-06 cm²/s  (434.9 min)

==== eprime_P2_Al2S3_C DONE (435 min) ====
  d=0.00  Ea=None ± None eV  D0=None
  → /home/kgy/work/runs/cascade_v6_40run_0921/md/P2_Al2S3_C__s2/ensemble_results.json
[eprime_P1_Al2O3_D] 204 atoms | free-S=16 Cl=16 | free-anion sites=32 | max_swaps=16
WARNING:root:If 'dataset_list' is provided in the config, the code assumes that each dataset maps to itself. Please use 'dataset_mapping' as 'dataset_list' is deprecated and will be removed in the future.
UMA inference mode: default
/home/kgy/lldvar/tools/modelc_v3/disorder_ensemble_diffusion.py:222: DeprecationWarning: Use thermalize_momenta
  MaxwellBoltzmannDistribution(atoms, temperature_K=T, rng=np.random.default_rng(rng_seed))
/home/kgy/apps/miniforge3/envs/uma/lib/python3.11/site-packages/ase/md/langevin.py:102: FutureWarning: The implementation of `fixcm=True` in `Langevin` does not strictly sample the correct NVT distributions. The deviations are typically small for large systems but can be more pronounced for small systems. Use `fixcm=False` together with `ase.constraints.FixCom`. `fixcm` is deprecated since ASE 3.28.0 and will be removed in a future release.
  warnings.warn(msg, FutureWarning)

##### disorder d=0.0 -> n_swaps=0 (actual d=0.000), 1 config(s) #####
    d=0.00 cfg0 T=600: D_Li=4.382e-06 cm²/s  (332.1 min)

==== eprime_P1_Al2O3_D DONE (332 min) ====
  d=0.00  Ea=None ± None eV  D0=None
  → /home/kgy/work/runs/cascade_v6_40run_0921/md/P1_Al2O3_D__s1/ensemble_results.json
[eprime_P1_Al2O3_D] 204 atoms | free-S=16 Cl=16 | free-anion sites=32 | max_swaps=16
WARNING:root:If 'dataset_list' is provided in the config, the code assumes that each dataset maps to itself. Please use 'dataset_mapping' as 'dataset_list' is deprecated and will be removed in the future.
UMA inference mode: default
/home/kgy/lldvar/tools/modelc_v3/disorder_ensemble_diffusion.py:222: DeprecationWarning: Use thermalize_momenta
  MaxwellBoltzmannDistribution(atoms, temperature_K=T, rng=np.random.default_rng(rng_seed))
/home/kgy/apps/miniforge3/envs/uma/lib/python3.11/site-packages/ase/md/langevin.py:102: FutureWarning: The implementation of `fixcm=True` in `Langevin` does not strictly sample the correct NVT distributions. The deviations are typically small for large systems but can be more pronounced for small systems. Use `fixcm=False` together with `ase.constraints.FixCom`. `fixcm` is deprecated since ASE 3.28.0 and will be removed in a future release.
  warnings.warn(msg, FutureWarning)

##### disorder d=0.0 -> n_swaps=0 (actual d=0.000), 1 config(s) #####
    d=0.00 cfg0 T=600: D_Li=2.147e-06 cm²/s  (330.9 min)

==== eprime_P1_Al2O3_D DONE (331 min) ====
  d=0.00  Ea=None ± None eV  D0=None
  → /home/kgy/work/runs/cascade_v6_40run_0921/md/P1_Al2O3_D__s2/ensemble_results.json
[eprime_P2_Al2S3_D] 204 atoms | free-S=16 Cl=16 | free-anion sites=32 | max_swaps=16
WARNING:root:If 'dataset_list' is provided in the config, the code assumes that each dataset maps to itself. Please use 'dataset_mapping' as 'dataset_list' is deprecated and will be removed in the future.
UMA inference mode: default
/home/kgy/lldvar/tools/modelc_v3/disorder_ensemble_diffusion.py:222: DeprecationWarning: Use thermalize_momenta
  MaxwellBoltzmannDistribution(atoms, temperature_K=T, rng=np.random.default_rng(rng_seed))
/home/kgy/apps/miniforge3/envs/uma/lib/python3.11/site-packages/ase/md/langevin.py:102: FutureWarning: The implementation of `fixcm=True` in `Langevin` does not strictly sample the correct NVT distributions. The deviations are typically small for large systems but can be more pronounced for small systems. Use `fixcm=False` together with `ase.constraints.FixCom`. `fixcm` is deprecated since ASE 3.28.0 and will be removed in a future release.
  warnings.warn(msg, FutureWarning)

##### disorder d=0.0 -> n_swaps=0 (actual d=0.000), 1 config(s) #####
    d=0.00 cfg0 T=600: D_Li=2.764e-06 cm²/s  (323.7 min)

==== eprime_P2_Al2S3_D DONE (324 min) ====
  d=0.00  Ea=None ± None eV  D0=None
  → /home/kgy/work/runs/cascade_v6_40run_0921/md/P2_Al2S3_D__s1/ensemble_results.json
[eprime_P2_Al2S3_D] 204 atoms | free-S=16 Cl=16 | free-anion sites=32 | max_swaps=16
WARNING:root:If 'dataset_list' is provided in the config, the code assumes that each dataset maps to itself. Please use 'dataset_mapping' as 'dataset_list' is deprecated and will be removed in the future.
UMA inference mode: default
/home/kgy/lldvar/tools/modelc_v3/disorder_ensemble_diffusion.py:222: DeprecationWarning: Use thermalize_momenta
  MaxwellBoltzmannDistribution(atoms, temperature_K=T, rng=np.random.default_rng(rng_seed))
/home/kgy/apps/miniforge3/envs/uma/lib/python3.11/site-packages/ase/md/langevin.py:102: FutureWarning: The implementation of `fixcm=True` in `Langevin` does not strictly sample the correct NVT distributions. The deviations are typically small for large systems but can be more pronounced for small systems. Use `fixcm=False` together with `ase.constraints.FixCom`. `fixcm` is deprecated since ASE 3.28.0 and will be removed in a future release.
  warnings.warn(msg, FutureWarning)

##### disorder d=0.0 -> n_swaps=0 (actual d=0.000), 1 config(s) #####
    d=0.00 cfg0 T=600: D_Li=4.343e-06 cm²/s  (278.1 min)

==== eprime_P2_Al2S3_D DONE (278 min) ====
  d=0.00  Ea=None ± None eV  D0=None
  → /home/kgy/work/runs/cascade_v6_40run_0921/md/P2_Al2S3_D__s2/ensemble_results.json
[eprime_P1_Al2O3_E] 204 atoms | free-S=16 Cl=16 | free-anion sites=32 | max_swaps=16
WARNING:root:If 'dataset_list' is provided in the config, the code assumes that each dataset maps to itself. Please use 'dataset_mapping' as 'dataset_list' is deprecated and will be removed in the future.
UMA inference mode: default
/home/kgy/lldvar/tools/modelc_v3/disorder_ensemble_diffusion.py:222: DeprecationWarning: Use thermalize_momenta
  MaxwellBoltzmannDistribution(atoms, temperature_K=T, rng=np.random.default_rng(rng_seed))
/home/kgy/apps/miniforge3/envs/uma/lib/python3.11/site-packages/ase/md/langevin.py:102: FutureWarning: The implementation of `fixcm=True` in `Langevin` does not strictly sample the correct NVT distributions. The deviations are typically small for large systems but can be more pronounced for small systems. Use `fixcm=False` together with `ase.constraints.FixCom`. `fixcm` is deprecated since ASE 3.28.0 and will be removed in a future release.
  warnings.warn(msg, FutureWarning)

##### disorder d=0.0 -> n_swaps=0 (actual d=0.000), 1 config(s) #####
    d=0.00 cfg0 T=600: D_Li=2.853e-06 cm²/s  (382.7 min)

==== eprime_P1_Al2O3_E DONE (383 min) ====
  d=0.00  Ea=None ± None eV  D0=None
  → /home/kgy/work/runs/cascade_v6_40run_0921/md/P1_Al2O3_E__s1/ensemble_results.json
[eprime_P1_Al2O3_E] 204 atoms | free-S=16 Cl=16 | free-anion sites=32 | max_swaps=16
WARNING:root:If 'dataset_list' is provided in the config, the code assumes that each dataset maps to itself. Please use 'dataset_mapping' as 'dataset_list' is deprecated and will be removed in the future.
UMA inference mode: default
/home/kgy/lldvar/tools/modelc_v3/disorder_ensemble_diffusion.py:222: DeprecationWarning: Use thermalize_momenta
  MaxwellBoltzmannDistribution(atoms, temperature_K=T, rng=np.random.default_rng(rng_seed))
/home/kgy/apps/miniforge3/envs/uma/lib/python3.11/site-packages/ase/md/langevin.py:102: FutureWarning: The implementation of `fixcm=True` in `Langevin` does not strictly sample the correct NVT distributions. The deviations are typically small for large systems but can be more pronounced for small systems. Use `fixcm=False` together with `ase.constraints.FixCom`. `fixcm` is deprecated since ASE 3.28.0 and will be removed in a future release.
  warnings.warn(msg, FutureWarning)

##### disorder d=0.0 -> n_swaps=0 (actual d=0.000), 1 config(s) #####
    d=0.00 cfg0 T=600: D_Li=2.665e-06 cm²/s  (334.3 min)

==== eprime_P1_Al2O3_E DONE (334 min) ====
  d=0.00  Ea=None ± None eV  D0=None
  → /home/kgy/work/runs/cascade_v6_40run_0921/md/P1_Al2O3_E__s2/ensemble_results.json
[eprime_P2_Al2S3_E] 204 atoms | free-S=16 Cl=16 | free-anion sites=32 | max_swaps=16
WARNING:root:If 'dataset_list' is provided in the config, the code assumes that each dataset maps to itself. Please use 'dataset_mapping' as 'dataset_list' is deprecated and will be removed in the future.
UMA inference mode: default
/home/kgy/lldvar/tools/modelc_v3/disorder_ensemble_diffusion.py:222: DeprecationWarning: Use thermalize_momenta
  MaxwellBoltzmannDistribution(atoms, temperature_K=T, rng=np.random.default_rng(rng_seed))
/home/kgy/apps/miniforge3/envs/uma/lib/python3.11/site-packages/ase/md/langevin.py:102: FutureWarning: The implementation of `fixcm=True` in `Langevin` does not strictly sample the correct NVT distributions. The deviations are typically small for large systems but can be more pronounced for small systems. Use `fixcm=False` together with `ase.constraints.FixCom`. `fixcm` is deprecated since ASE 3.28.0 and will be removed in a future release.
  warnings.warn(msg, FutureWarning)

##### disorder d=0.0 -> n_swaps=0 (actual d=0.000), 1 config(s) #####
    d=0.00 cfg0 T=600: D_Li=4.353e-06 cm²/s  (347.0 min)

==== eprime_P2_Al2S3_E DONE (347 min) ====
  d=0.00  Ea=None ± None eV  D0=None
  → /home/kgy/work/runs/cascade_v6_40run_0921/md/P2_Al2S3_E__s1/ensemble_results.json
[eprime_P2_Al2S3_E] 204 atoms | free-S=16 Cl=16 | free-anion sites=32 | max_swaps=16
WARNING:root:If 'dataset_list' is provided in the config, the code assumes that each dataset maps to itself. Please use 'dataset_mapping' as 'dataset_list' is deprecated and will be removed in the future.
UMA inference mode: default
/home/kgy/lldvar/tools/modelc_v3/disorder_ensemble_diffusion.py:222: DeprecationWarning: Use thermalize_momenta
  MaxwellBoltzmannDistribution(atoms, temperature_K=T, rng=np.random.default_rng(rng_seed))
/home/kgy/apps/miniforge3/envs/uma/lib/python3.11/site-packages/ase/md/langevin.py:102: FutureWarning: The implementation of `fixcm=True` in `Langevin` does not strictly sample the correct NVT distributions. The deviations are typically small for large systems but can be more pronounced for small systems. Use `fixcm=False` together with `ase.constraints.FixCom`. `fixcm` is deprecated since ASE 3.28.0 and will be removed in a future release.
  warnings.warn(msg, FutureWarning)

##### disorder d=0.0 -> n_swaps=0 (actual d=0.000), 1 config(s) #####
    d=0.00 cfg0 T=600: D_Li=3.258e-06 cm²/s  (348.1 min)

==== eprime_P2_Al2S3_E DONE (348 min) ====
  d=0.00  Ea=None ± None eV  D0=None
  → /home/kgy/work/runs/cascade_v6_40run_0921/md/P2_Al2S3_E__s2/ensemble_results.json
[eprime_P1_Al2O3_F] 204 atoms | free-S=16 Cl=16 | free-anion sites=32 | max_swaps=16
WARNING:root:If 'dataset_list' is provided in the config, the code assumes that each dataset maps to itself. Please use 'dataset_mapping' as 'dataset_list' is deprecated and will be removed in the future.
UMA inference mode: default
/home/kgy/lldvar/tools/modelc_v3/disorder_ensemble_diffusion.py:222: DeprecationWarning: Use thermalize_momenta
  MaxwellBoltzmannDistribution(atoms, temperature_K=T, rng=np.random.default_rng(rng_seed))
/home/kgy/apps/miniforge3/envs/uma/lib/python3.11/site-packages/ase/md/langevin.py:102: FutureWarning: The implementation of `fixcm=True` in `Langevin` does not strictly sample the correct NVT distributions. The deviations are typically small for large systems but can be more pronounced for small systems. Use `fixcm=False` together with `ase.constraints.FixCom`. `fixcm` is deprecated since ASE 3.28.0 and will be removed in a future release.
  warnings.warn(msg, FutureWarning)

##### disorder d=0.0 -> n_swaps=0 (actual d=0.000), 1 config(s) #####
    d=0.00 cfg0 T=600: D_Li=3.259e-06 cm²/s  (346.3 min)

==== eprime_P1_Al2O3_F DONE (346 min) ====
  d=0.00  Ea=None ± None eV  D0=None
  → /home/kgy/work/runs/cascade_v6_40run_0921/md/P1_Al2O3_F__s1/ensemble_results.json
[eprime_P1_Al2O3_F] 204 atoms | free-S=16 Cl=16 | free-anion sites=32 | max_swaps=16
WARNING:root:If 'dataset_list' is provided in the config, the code assumes that each dataset maps to itself. Please use 'dataset_mapping' as 'dataset_list' is deprecated and will be removed in the future.
UMA inference mode: default
/home/kgy/lldvar/tools/modelc_v3/disorder_ensemble_diffusion.py:222: DeprecationWarning: Use thermalize_momenta
  MaxwellBoltzmannDistribution(atoms, temperature_K=T, rng=np.random.default_rng(rng_seed))
/home/kgy/apps/miniforge3/envs/uma/lib/python3.11/site-packages/ase/md/langevin.py:102: FutureWarning: The implementation of `fixcm=True` in `Langevin` does not strictly sample the correct NVT distributions. The deviations are typically small for large systems but can be more pronounced for small systems. Use `fixcm=False` together with `ase.constraints.FixCom`. `fixcm` is deprecated since ASE 3.28.0 and will be removed in a future release.
  warnings.warn(msg, FutureWarning)

##### disorder d=0.0 -> n_swaps=0 (actual d=0.000), 1 config(s) #####
    d=0.00 cfg0 T=600: D_Li=4.346e-06 cm²/s  (437.2 min)

==== eprime_P1_Al2O3_F DONE (437 min) ====
  d=0.00  Ea=None ± None eV  D0=None
  → /home/kgy/work/runs/cascade_v6_40run_0921/md/P1_Al2O3_F__s2/ensemble_results.json
[eprime_P2_Al2S3_F] 204 atoms | free-S=16 Cl=16 | free-anion sites=32 | max_swaps=16
WARNING:root:If 'dataset_list' is provided in the config, the code assumes that each dataset maps to itself. Please use 'dataset_mapping' as 'dataset_list' is deprecated and will be removed in the future.
UMA inference mode: default
/home/kgy/lldvar/tools/modelc_v3/disorder_ensemble_diffusion.py:222: DeprecationWarning: Use thermalize_momenta
  MaxwellBoltzmannDistribution(atoms, temperature_K=T, rng=np.random.default_rng(rng_seed))
/home/kgy/apps/miniforge3/envs/uma/lib/python3.11/site-packages/ase/md/langevin.py:102: FutureWarning: The implementation of `fixcm=True` in `Langevin` does not strictly sample the correct NVT distributions. The deviations are typically small for large systems but can be more pronounced for small systems. Use `fixcm=False` together with `ase.constraints.FixCom`. `fixcm` is deprecated since ASE 3.28.0 and will be removed in a future release.
  warnings.warn(msg, FutureWarning)

##### disorder d=0.0 -> n_swaps=0 (actual d=0.000), 1 config(s) #####
    d=0.00 cfg0 T=600: D_Li=2.837e-06 cm²/s  (243.9 min)

==== eprime_P2_Al2S3_F DONE (244 min) ====
  d=0.00  Ea=None ± None eV  D0=None
  → /home/kgy/work/runs/cascade_v6_40run_0921/md/P2_Al2S3_F__s1/ensemble_results.json
[eprime_P2_Al2S3_F] 204 atoms | free-S=16 Cl=16 | free-anion sites=32 | max_swaps=16
WARNING:root:If 'dataset_list' is provided in the config, the code assumes that each dataset maps to itself. Please use 'dataset_mapping' as 'dataset_list' is deprecated and will be removed in the future.
UMA inference mode: default
/home/kgy/lldvar/tools/modelc_v3/disorder_ensemble_diffusion.py:222: DeprecationWarning: Use thermalize_momenta
  MaxwellBoltzmannDistribution(atoms, temperature_K=T, rng=np.random.default_rng(rng_seed))
/home/kgy/apps/miniforge3/envs/uma/lib/python3.11/site-packages/ase/md/langevin.py:102: FutureWarning: The implementation of `fixcm=True` in `Langevin` does not strictly sample the correct NVT distributions. The deviations are typically small for large systems but can be more pronounced for small systems. Use `fixcm=False` together with `ase.constraints.FixCom`. `fixcm` is deprecated since ASE 3.28.0 and will be removed in a future release.
  warnings.warn(msg, FutureWarning)

##### disorder d=0.0 -> n_swaps=0 (actual d=0.000), 1 config(s) #####
    d=0.00 cfg0 T=600: D_Li=3.353e-06 cm²/s  (352.7 min)

==== eprime_P2_Al2S3_F DONE (353 min) ====
  d=0.00  Ea=None ± None eV  D0=None
  → /home/kgy/work/runs/cascade_v6_40run_0921/md/P2_Al2S3_F__s2/ensemble_results.json
[eprime_P1_Al2O3_G] 204 atoms | free-S=16 Cl=16 | free-anion sites=32 | max_swaps=16
WARNING:root:If 'dataset_list' is provided in the config, the code assumes that each dataset maps to itself. Please use 'dataset_mapping' as 'dataset_list' is deprecated and will be removed in the future.
UMA inference mode: default
/home/kgy/lldvar/tools/modelc_v3/disorder_ensemble_diffusion.py:222: DeprecationWarning: Use thermalize_momenta
  MaxwellBoltzmannDistribution(atoms, temperature_K=T, rng=np.random.default_rng(rng_seed))
/home/kgy/apps/miniforge3/envs/uma/lib/python3.11/site-packages/ase/md/langevin.py:102: FutureWarning: The implementation of `fixcm=True` in `Langevin` does not strictly sample the correct NVT distributions. The deviations are typically small for large systems but can be more pronounced for small systems. Use `fixcm=False` together with `ase.constraints.FixCom`. `fixcm` is deprecated since ASE 3.28.0 and will be removed in a future release.
  warnings.warn(msg, FutureWarning)

##### disorder d=0.0 -> n_swaps=0 (actual d=0.000), 1 config(s) #####
    d=0.00 cfg0 T=600: D_Li=3.511e-06 cm²/s  (355.2 min)

==== eprime_P1_Al2O3_G DONE (355 min) ====
  d=0.00  Ea=None ± None eV  D0=None
  → /home/kgy/work/runs/cascade_v6_40run_0921/md/P1_Al2O3_G__s1/ensemble_results.json
[eprime_P1_Al2O3_G] 204 atoms | free-S=16 Cl=16 | free-anion sites=32 | max_swaps=16
WARNING:root:If 'dataset_list' is provided in the config, the code assumes that each dataset maps to itself. Please use 'dataset_mapping' as 'dataset_list' is deprecated and will be removed in the future.
UMA inference mode: default
/home/kgy/lldvar/tools/modelc_v3/disorder_ensemble_diffusion.py:222: DeprecationWarning: Use thermalize_momenta
  MaxwellBoltzmannDistribution(atoms, temperature_K=T, rng=np.random.default_rng(rng_seed))
/home/kgy/apps/miniforge3/envs/uma/lib/python3.11/site-packages/ase/md/langevin.py:102: FutureWarning: The implementation of `fixcm=True` in `Langevin` does not strictly sample the correct NVT distributions. The deviations are typically small for large systems but can be more pronounced for small systems. Use `fixcm=False` together with `ase.constraints.FixCom`. `fixcm` is deprecated since ASE 3.28.0 and will be removed in a future release.
  warnings.warn(msg, FutureWarning)

##### disorder d=0.0 -> n_swaps=0 (actual d=0.000), 1 config(s) #####
    d=0.00 cfg0 T=600: D_Li=2.462e-06 cm²/s  (363.0 min)

==== eprime_P1_Al2O3_G DONE (363 min) ====
  d=0.00  Ea=None ± None eV  D0=None
  → /home/kgy/work/runs/cascade_v6_40run_0921/md/P1_Al2O3_G__s2/ensemble_results.json
[eprime_P2_Al2S3_G] 204 atoms | free-S=16 Cl=16 | free-anion sites=32 | max_swaps=16
WARNING:root:If 'dataset_list' is provided in the config, the code assumes that each dataset maps to itself. Please use 'dataset_mapping' as 'dataset_list' is deprecated and will be removed in the future.
UMA inference mode: default
/home/kgy/lldvar/tools/modelc_v3/disorder_ensemble_diffusion.py:222: DeprecationWarning: Use thermalize_momenta
  MaxwellBoltzmannDistribution(atoms, temperature_K=T, rng=np.random.default_rng(rng_seed))
/home/kgy/apps/miniforge3/envs/uma/lib/python3.11/site-packages/ase/md/langevin.py:102: FutureWarning: The implementation of `fixcm=True` in `Langevin` does not strictly sample the correct NVT distributions. The deviations are typically small for large systems but can be more pronounced for small systems. Use `fixcm=False` together with `ase.constraints.FixCom`. `fixcm` is deprecated since ASE 3.28.0 and will be removed in a future release.
  warnings.warn(msg, FutureWarning)

##### disorder d=0.0 -> n_swaps=0 (actual d=0.000), 1 config(s) #####
    d=0.00 cfg0 T=600: D_Li=2.410e-06 cm²/s  (375.4 min)

==== eprime_P2_Al2S3_G DONE (375 min) ====
  d=0.00  Ea=None ± None eV  D0=None
  → /home/kgy/work/runs/cascade_v6_40run_0921/md/P2_Al2S3_G__s1/ensemble_results.json
[eprime_P2_Al2S3_G] 204 atoms | free-S=16 Cl=16 | free-anion sites=32 | max_swaps=16
WARNING:root:If 'dataset_list' is provided in the config, the code assumes that each dataset maps to itself. Please use 'dataset_mapping' as 'dataset_list' is deprecated and will be removed in the future.
UMA inference mode: default
/home/kgy/lldvar/tools/modelc_v3/disorder_ensemble_diffusion.py:222: DeprecationWarning: Use thermalize_momenta
  MaxwellBoltzmannDistribution(atoms, temperature_K=T, rng=np.random.default_rng(rng_seed))
/home/kgy/apps/miniforge3/envs/uma/lib/python3.11/site-packages/ase/md/langevin.py:102: FutureWarning: The implementation of `fixcm=True` in `Langevin` does not strictly sample the correct NVT distributions. The deviations are typically small for large systems but can be more pronounced for small systems. Use `fixcm=False` together with `ase.constraints.FixCom`. `fixcm` is deprecated since ASE 3.28.0 and will be removed in a future release.
  warnings.warn(msg, FutureWarning)

##### disorder d=0.0 -> n_swaps=0 (actual d=0.000), 1 config(s) #####
    d=0.00 cfg0 T=600: D_Li=4.176e-06 cm²/s  (392.2 min)

==== eprime_P2_Al2S3_G DONE (392 min) ====
  d=0.00  Ea=None ± None eV  D0=None
  → /home/kgy/work/runs/cascade_v6_40run_0921/md/P2_Al2S3_G__s2/ensemble_results.json
[eprime_P1_Al2O3_H] 204 atoms | free-S=16 Cl=16 | free-anion sites=32 | max_swaps=16
WARNING:root:If 'dataset_list' is provided in the config, the code assumes that each dataset maps to itself. Please use 'dataset_mapping' as 'dataset_list' is deprecated and will be removed in the future.
UMA inference mode: default
/home/kgy/lldvar/tools/modelc_v3/disorder_ensemble_diffusion.py:222: DeprecationWarning: Use thermalize_momenta
  MaxwellBoltzmannDistribution(atoms, temperature_K=T, rng=np.random.default_rng(rng_seed))
/home/kgy/apps/miniforge3/envs/uma/lib/python3.11/site-packages/ase/md/langevin.py:102: FutureWarning: The implementation of `fixcm=True` in `Langevin` does not strictly sample the correct NVT distributions. The deviations are typically small for large systems but can be more pronounced for small systems. Use `fixcm=False` together with `ase.constraints.FixCom`. `fixcm` is deprecated since ASE 3.28.0 and will be removed in a future release.
  warnings.warn(msg, FutureWarning)

##### disorder d=0.0 -> n_swaps=0 (actual d=0.000), 1 config(s) #####
    d=0.00 cfg0 T=600: D_Li=4.001e-06 cm²/s  (387.2 min)

==== eprime_P1_Al2O3_H DONE (387 min) ====
  d=0.00  Ea=None ± None eV  D0=None
  → /home/kgy/work/runs/cascade_v6_40run_0921/md/P1_Al2O3_H__s1/ensemble_results.json
[eprime_P1_Al2O3_H] 204 atoms | free-S=16 Cl=16 | free-anion sites=32 | max_swaps=16
WARNING:root:If 'dataset_list' is provided in the config, the code assumes that each dataset maps to itself. Please use 'dataset_mapping' as 'dataset_list' is deprecated and will be removed in the future.
UMA inference mode: default
/home/kgy/lldvar/tools/modelc_v3/disorder_ensemble_diffusion.py:222: DeprecationWarning: Use thermalize_momenta
  MaxwellBoltzmannDistribution(atoms, temperature_K=T, rng=np.random.default_rng(rng_seed))
/home/kgy/apps/miniforge3/envs/uma/lib/python3.11/site-packages/ase/md/langevin.py:102: FutureWarning: The implementation of `fixcm=True` in `Langevin` does not strictly sample the correct NVT distributions. The deviations are typically small for large systems but can be more pronounced for small systems. Use `fixcm=False` together with `ase.constraints.FixCom`. `fixcm` is deprecated since ASE 3.28.0 and will be removed in a future release.
  warnings.warn(msg, FutureWarning)

##### disorder d=0.0 -> n_swaps=0 (actual d=0.000), 1 config(s) #####
    d=0.00 cfg0 T=600: D_Li=2.082e-06 cm²/s  (366.8 min)

==== eprime_P1_Al2O3_H DONE (367 min) ====
  d=0.00  Ea=None ± None eV  D0=None
  → /home/kgy/work/runs/cascade_v6_40run_0921/md/P1_Al2O3_H__s2/ensemble_results.json
[eprime_P2_Al2S3_H] 204 atoms | free-S=16 Cl=16 | free-anion sites=32 | max_swaps=16
WARNING:root:If 'dataset_list' is provided in the config, the code assumes that each dataset maps to itself. Please use 'dataset_mapping' as 'dataset_list' is deprecated and will be removed in the future.
UMA inference mode: default
/home/kgy/lldvar/tools/modelc_v3/disorder_ensemble_diffusion.py:222: DeprecationWarning: Use thermalize_momenta
  MaxwellBoltzmannDistribution(atoms, temperature_K=T, rng=np.random.default_rng(rng_seed))
/home/kgy/apps/miniforge3/envs/uma/lib/python3.11/site-packages/ase/md/langevin.py:102: FutureWarning: The implementation of `fixcm=True` in `Langevin` does not strictly sample the correct NVT distributions. The deviations are typically small for large systems but can be more pronounced for small systems. Use `fixcm=False` together with `ase.constraints.FixCom`. `fixcm` is deprecated since ASE 3.28.0 and will be removed in a future release.
  warnings.warn(msg, FutureWarning)

##### disorder d=0.0 -> n_swaps=0 (actual d=0.000), 1 config(s) #####
    d=0.00 cfg0 T=600: D_Li=3.831e-06 cm²/s  (416.8 min)

==== eprime_P2_Al2S3_H DONE (417 min) ====
  d=0.00  Ea=None ± None eV  D0=None
  → /home/kgy/work/runs/cascade_v6_40run_0921/md/P2_Al2S3_H__s1/ensemble_results.json
[eprime_P2_Al2S3_H] 204 atoms | free-S=16 Cl=16 | free-anion sites=32 | max_swaps=16
WARNING:root:If 'dataset_list' is provided in the config, the code assumes that each dataset maps to itself. Please use 'dataset_mapping' as 'dataset_list' is deprecated and will be removed in the future.
UMA inference mode: default
/home/kgy/lldvar/tools/modelc_v3/disorder_ensemble_diffusion.py:222: DeprecationWarning: Use thermalize_momenta
  MaxwellBoltzmannDistribution(atoms, temperature_K=T, rng=np.random.default_rng(rng_seed))
/home/kgy/apps/miniforge3/envs/uma/lib/python3.11/site-packages/ase/md/langevin.py:102: FutureWarning: The implementation of `fixcm=True` in `Langevin` does not strictly sample the correct NVT distributions. The deviations are typically small for large systems but can be more pronounced for small systems. Use `fixcm=False` together with `ase.constraints.FixCom`. `fixcm` is deprecated since ASE 3.28.0 and will be removed in a future release.
  warnings.warn(msg, FutureWarning)

##### disorder d=0.0 -> n_swaps=0 (actual d=0.000), 1 config(s) #####
    d=0.00 cfg0 T=600: D_Li=3.620e-06 cm²/s  (345.3 min)

==== eprime_P2_Al2S3_H DONE (345 min) ====
  d=0.00  Ea=None ± None eV  D0=None
  → /home/kgy/work/runs/cascade_v6_40run_0921/md/P2_Al2S3_H__s2/ensemble_results.json
[eprime_P1_Al2O3_I] 204 atoms | free-S=16 Cl=16 | free-anion sites=32 | max_swaps=16
WARNING:root:If 'dataset_list' is provided in the config, the code assumes that each dataset maps to itself. Please use 'dataset_mapping' as 'dataset_list' is deprecated and will be removed in the future.
UMA inference mode: default
/home/kgy/lldvar/tools/modelc_v3/disorder_ensemble_diffusion.py:222: DeprecationWarning: Use thermalize_momenta
  MaxwellBoltzmannDistribution(atoms, temperature_K=T, rng=np.random.default_rng(rng_seed))
/home/kgy/apps/miniforge3/envs/uma/lib/python3.11/site-packages/ase/md/langevin.py:102: FutureWarning: The implementation of `fixcm=True` in `Langevin` does not strictly sample the correct NVT distributions. The deviations are typically small for large systems but can be more pronounced for small systems. Use `fixcm=False` together with `ase.constraints.FixCom`. `fixcm` is deprecated since ASE 3.28.0 and will be removed in a future release.
  warnings.warn(msg, FutureWarning)

##### disorder d=0.0 -> n_swaps=0 (actual d=0.000), 1 config(s) #####
    d=0.00 cfg0 T=600: D_Li=2.433e-06 cm²/s  (314.1 min)

==== eprime_P1_Al2O3_I DONE (314 min) ====
  d=0.00  Ea=None ± None eV  D0=None
  → /home/kgy/work/runs/cascade_v6_40run_0921/md/P1_Al2O3_I__s1/ensemble_results.json
[eprime_P1_Al2O3_I] 204 atoms | free-S=16 Cl=16 | free-anion sites=32 | max_swaps=16
WARNING:root:If 'dataset_list' is provided in the config, the code assumes that each dataset maps to itself. Please use 'dataset_mapping' as 'dataset_list' is deprecated and will be removed in the future.
UMA inference mode: default
/home/kgy/lldvar/tools/modelc_v3/disorder_ensemble_diffusion.py:222: DeprecationWarning: Use thermalize_momenta
  MaxwellBoltzmannDistribution(atoms, temperature_K=T, rng=np.random.default_rng(rng_seed))
/home/kgy/apps/miniforge3/envs/uma/lib/python3.11/site-packages/ase/md/langevin.py:102: FutureWarning: The implementation of `fixcm=True` in `Langevin` does not strictly sample the correct NVT distributions. The deviations are typically small for large systems but can be more pronounced for small systems. Use `fixcm=False` together with `ase.constraints.FixCom`. `fixcm` is deprecated since ASE 3.28.0 and will be removed in a future release.
  warnings.warn(msg, FutureWarning)

##### disorder d=0.0 -> n_swaps=0 (actual d=0.000), 1 config(s) #####
    d=0.00 cfg0 T=600: D_Li=4.507e-06 cm²/s  (319.5 min)

==== eprime_P1_Al2O3_I DONE (319 min) ====
  d=0.00  Ea=None ± None eV  D0=None
  → /home/kgy/work/runs/cascade_v6_40run_0921/md/P1_Al2O3_I__s2/ensemble_results.json
[eprime_P2_Al2S3_I] 204 atoms | free-S=16 Cl=16 | free-anion sites=32 | max_swaps=16
WARNING:root:If 'dataset_list' is provided in the config, the code assumes that each dataset maps to itself. Please use 'dataset_mapping' as 'dataset_list' is deprecated and will be removed in the future.
UMA inference mode: default
/home/kgy/lldvar/tools/modelc_v3/disorder_ensemble_diffusion.py:222: DeprecationWarning: Use thermalize_momenta
  MaxwellBoltzmannDistribution(atoms, temperature_K=T, rng=np.random.default_rng(rng_seed))
/home/kgy/apps/miniforge3/envs/uma/lib/python3.11/site-packages/ase/md/langevin.py:102: FutureWarning: The implementation of `fixcm=True` in `Langevin` does not strictly sample the correct NVT distributions. The deviations are typically small for large systems but can be more pronounced for small systems. Use `fixcm=False` together with `ase.constraints.FixCom`. `fixcm` is deprecated since ASE 3.28.0 and will be removed in a future release.
  warnings.warn(msg, FutureWarning)

##### disorder d=0.0 -> n_swaps=0 (actual d=0.000), 1 config(s) #####
    d=0.00 cfg0 T=600: D_Li=2.828e-06 cm²/s  (305.3 min)

==== eprime_P2_Al2S3_I DONE (305 min) ====
  d=0.00  Ea=None ± None eV  D0=None
  → /home/kgy/work/runs/cascade_v6_40run_0921/md/P2_Al2S3_I__s1/ensemble_results.json
[eprime_P2_Al2S3_I] 204 atoms | free-S=16 Cl=16 | free-anion sites=32 | max_swaps=16
WARNING:root:If 'dataset_list' is provided in the config, the code assumes that each dataset maps to itself. Please use 'dataset_mapping' as 'dataset_list' is deprecated and will be removed in the future.
UMA inference mode: default
/home/kgy/lldvar/tools/modelc_v3/disorder_ensemble_diffusion.py:222: DeprecationWarning: Use thermalize_momenta
  MaxwellBoltzmannDistribution(atoms, temperature_K=T, rng=np.random.default_rng(rng_seed))
/home/kgy/apps/miniforge3/envs/uma/lib/python3.11/site-packages/ase/md/langevin.py:102: FutureWarning: The implementation of `fixcm=True` in `Langevin` does not strictly sample the correct NVT distributions. The deviations are typically small for large systems but can be more pronounced for small systems. Use `fixcm=False` together with `ase.constraints.FixCom`. `fixcm` is deprecated since ASE 3.28.0 and will be removed in a future release.
  warnings.warn(msg, FutureWarning)

##### disorder d=0.0 -> n_swaps=0 (actual d=0.000), 1 config(s) #####
    d=0.00 cfg0 T=600: D_Li=2.774e-06 cm²/s  (285.6 min)

==== eprime_P2_Al2S3_I DONE (286 min) ====
  d=0.00  Ea=None ± None eV  D0=None
  → /home/kgy/work/runs/cascade_v6_40run_0921/md/P2_Al2S3_I__s2/ensemble_results.json
[eprime_P1_Al2O3_J] 204 atoms | free-S=16 Cl=16 | free-anion sites=32 | max_swaps=16
WARNING:root:If 'dataset_list' is provided in the config, the code assumes that each dataset maps to itself. Please use 'dataset_mapping' as 'dataset_list' is deprecated and will be removed in the future.
UMA inference mode: default
/home/kgy/lldvar/tools/modelc_v3/disorder_ensemble_diffusion.py:222: DeprecationWarning: Use thermalize_momenta
  MaxwellBoltzmannDistribution(atoms, temperature_K=T, rng=np.random.default_rng(rng_seed))
/home/kgy/apps/miniforge3/envs/uma/lib/python3.11/site-packages/ase/md/langevin.py:102: FutureWarning: The implementation of `fixcm=True` in `Langevin` does not strictly sample the correct NVT distributions. The deviations are typically small for large systems but can be more pronounced for small systems. Use `fixcm=False` together with `ase.constraints.FixCom`. `fixcm` is deprecated since ASE 3.28.0 and will be removed in a future release.
  warnings.warn(msg, FutureWarning)

##### disorder d=0.0 -> n_swaps=0 (actual d=0.000), 1 config(s) #####
    d=0.00 cfg0 T=600: D_Li=4.041e-06 cm²/s  (255.8 min)

==== eprime_P1_Al2O3_J DONE (256 min) ====
  d=0.00  Ea=None ± None eV  D0=None
  → /home/kgy/work/runs/cascade_v6_40run_0921/md/P1_Al2O3_J__s1/ensemble_results.json
[eprime_P1_Al2O3_J] 204 atoms | free-S=16 Cl=16 | free-anion sites=32 | max_swaps=16
WARNING:root:If 'dataset_list' is provided in the config, the code assumes that each dataset maps to itself. Please use 'dataset_mapping' as 'dataset_list' is deprecated and will be removed in the future.
UMA inference mode: default
/home/kgy/lldvar/tools/modelc_v3/disorder_ensemble_diffusion.py:222: DeprecationWarning: Use thermalize_momenta
  MaxwellBoltzmannDistribution(atoms, temperature_K=T, rng=np.random.default_rng(rng_seed))
/home/kgy/apps/miniforge3/envs/uma/lib/python3.11/site-packages/ase/md/langevin.py:102: FutureWarning: The implementation of `fixcm=True` in `Langevin` does not strictly sample the correct NVT distributions. The deviations are typically small for large systems but can be more pronounced for small systems. Use `fixcm=False` together with `ase.constraints.FixCom`. `fixcm` is deprecated since ASE 3.28.0 and will be removed in a future release.
  warnings.warn(msg, FutureWarning)

##### disorder d=0.0 -> n_swaps=0 (actual d=0.000), 1 config(s) #####
    d=0.00 cfg0 T=600: D_Li=3.355e-06 cm²/s  (241.1 min)

==== eprime_P1_Al2O3_J DONE (241 min) ====
  d=0.00  Ea=None ± None eV  D0=None
  → /home/kgy/work/runs/cascade_v6_40run_0921/md/P1_Al2O3_J__s2/ensemble_results.json
[eprime_P2_Al2S3_J] 204 atoms | free-S=16 Cl=16 | free-anion sites=32 | max_swaps=16
WARNING:root:If 'dataset_list' is provided in the config, the code assumes that each dataset maps to itself. Please use 'dataset_mapping' as 'dataset_list' is deprecated and will be removed in the future.
UMA inference mode: default
/home/kgy/lldvar/tools/modelc_v3/disorder_ensemble_diffusion.py:222: DeprecationWarning: Use thermalize_momenta
  MaxwellBoltzmannDistribution(atoms, temperature_K=T, rng=np.random.default_rng(rng_seed))
/home/kgy/apps/miniforge3/envs/uma/lib/python3.11/site-packages/ase/md/langevin.py:102: FutureWarning: The implementation of `fixcm=True` in `Langevin` does not strictly sample the correct NVT distributions. The deviations are typically small for large systems but can be more pronounced for small systems. Use `fixcm=False` together with `ase.constraints.FixCom`. `fixcm` is deprecated since ASE 3.28.0 and will be removed in a future release.
  warnings.warn(msg, FutureWarning)

##### disorder d=0.0 -> n_swaps=0 (actual d=0.000), 1 config(s) #####
    d=0.00 cfg0 T=600: D_Li=3.260e-06 cm²/s  (416.9 min)

==== eprime_P2_Al2S3_J DONE (417 min) ====
  d=0.00  Ea=None ± None eV  D0=None
  → /home/kgy/work/runs/cascade_v6_40run_0921/md/P2_Al2S3_J__s1/ensemble_results.json
[eprime_P2_Al2S3_J] 204 atoms | free-S=16 Cl=16 | free-anion sites=32 | max_swaps=16
WARNING:root:If 'dataset_list' is provided in the config, the code assumes that each dataset maps to itself. Please use 'dataset_mapping' as 'dataset_list' is deprecated and will be removed in the future.
UMA inference mode: default
/home/kgy/lldvar/tools/modelc_v3/disorder_ensemble_diffusion.py:222: DeprecationWarning: Use thermalize_momenta
  MaxwellBoltzmannDistribution(atoms, temperature_K=T, rng=np.random.default_rng(rng_seed))
/home/kgy/apps/miniforge3/envs/uma/lib/python3.11/site-packages/ase/md/langevin.py:102: FutureWarning: The implementation of `fixcm=True` in `Langevin` does not strictly sample the correct NVT distributions. The deviations are typically small for large systems but can be more pronounced for small systems. Use `fixcm=False` together with `ase.constraints.FixCom`. `fixcm` is deprecated since ASE 3.28.0 and will be removed in a future release.
  warnings.warn(msg, FutureWarning)

##### disorder d=0.0 -> n_swaps=0 (actual d=0.000), 1 config(s) #####
    d=0.00 cfg0 T=600: D_Li=3.682e-06 cm²/s  (628.7 min)

==== eprime_P2_Al2S3_J DONE (629 min) ====
  d=0.00  Ea=None ± None eV  D0=None
  → /home/kgy/work/runs/cascade_v6_40run_0921/md/P2_Al2S3_J__s2/ensemble_results.json
계획: 준비 21건 · MD 호출 41건 = **41런** · 상한 10 / 320 GPU-h
▶ prep/H0_host …
  ← rc=0 · 0.00 GPU-h · 누적 0.00 / 320
▶ prep/P1_Al2O3_A …
  ← rc=0 · 0.05 GPU-h · 누적 0.05 / 320
▶ prep/P2_Al2S3_A …
  ← rc=0 · 0.01 GPU-h · 누적 0.07 / 320
▶ prep/P1_Al2O3_B …
  ← rc=0 · 0.02 GPU-h · 누적 0.08 / 320
▶ prep/P2_Al2S3_B …
  ← rc=0 · 0.02 GPU-h · 누적 0.10 / 320
▶ prep/P1_Al2O3_C …
  ← rc=0 · 0.03 GPU-h · 누적 0.14 / 320
▶ prep/P2_Al2S3_C …
  ← rc=0 · 0.02 GPU-h · 누적 0.15 / 320
▶ prep/P1_Al2O3_D …
  ← rc=0 · 0.04 GPU-h · 누적 0.19 / 320
▶ prep/P2_Al2S3_D …
  ← rc=0 · 0.02 GPU-h · 누적 0.21 / 320
▶ prep/P1_Al2O3_E …
  ← rc=0 · 0.04 GPU-h · 누적 0.24 / 320
▶ prep/P2_Al2S3_E …
  ← rc=0 · 0.02 GPU-h · 누적 0.26 / 320
▶ prep/P1_Al2O3_F …
  ← rc=0 · 0.02 GPU-h · 누적 0.28 / 320
▶ prep/P2_Al2S3_F …
  ← rc=0 · 0.03 GPU-h · 누적 0.31 / 320
▶ prep/P1_Al2O3_G …
  ← rc=0 · 0.05 GPU-h · 누적 0.36 / 320
▶ prep/P2_Al2S3_G …
  ← rc=0 · 0.02 GPU-h · 누적 0.38 / 320
▶ prep/P1_Al2O3_H …
  ← rc=0 · 0.03 GPU-h · 누적 0.41 / 320
▶ prep/P2_Al2S3_H …
  ← rc=0 · 0.02 GPU-h · 누적 0.43 / 320
▶ prep/P1_Al2O3_I …
  ← rc=0 · 0.07 GPU-h · 누적 0.50 / 320
▶ prep/P2_Al2S3_I …
  ← rc=0 · 0.03 GPU-h · 누적 0.53 / 320
▶ prep/P1_Al2O3_J …
  ← rc=0 · 0.08 GPU-h · 누적 0.61 / 320
▶ prep/P2_Al2S3_J …
  ← rc=0 · 0.04 GPU-h · 누적 0.65 / 320
▶ md/H0_host__T600__s1 …
  ← rc=0 · 7.62 GPU-h · 누적 8.27 / 320
  투영: 남은 40런 ≈ 304.9 GPU-h (누적 예상 313.2 / 320)
▶ md/P1_Al2O3_A__s1 …
  ← rc=0 · 7.81 GPU-h · 누적 16.09 / 320
▶ md/P1_Al2O3_A__s2 …
  ← rc=0 · 7.81 GPU-h · 누적 23.89 / 320
▶ md/P2_Al2S3_A__s1 …
  ← rc=0 · 7.82 GPU-h · 누적 31.71 / 320
▶ md/P2_Al2S3_A__s2 …
  ← rc=0 · 7.80 GPU-h · 누적 39.52 / 320
▶ md/P1_Al2O3_B__s1 …
  ← rc=0 · 6.60 GPU-h · 누적 46.12 / 320
▶ md/P1_Al2O3_B__s2 …
  ← rc=0 · 4.00 GPU-h · 누적 50.12 / 320
▶ md/P2_Al2S3_B__s1 …
  ← rc=0 · 3.17 GPU-h · 누적 53.28 / 320
▶ md/P2_Al2S3_B__s2 …
  ← rc=0 · 3.16 GPU-h · 누적 56.44 / 320
▶ md/P1_Al2O3_C__s1 …
  ← rc=0 · 3.91 GPU-h · 누적 60.35 / 320
▶ md/P1_Al2O3_C__s2 …
  ← rc=0 · 4.42 GPU-h · 누적 64.78 / 320
▶ md/P2_Al2S3_C__s1 …
  ← rc=0 · 6.25 GPU-h · 누적 71.02 / 320
▶ md/P2_Al2S3_C__s2 …
  ← rc=0 · 7.25 GPU-h · 누적 78.27 / 320
▶ md/P1_Al2O3_D__s1 …
  ← rc=0 · 5.54 GPU-h · 누적 83.81 / 320
▶ md/P1_Al2O3_D__s2 …
  ← rc=0 · 5.52 GPU-h · 누적 89.33 / 320
▶ md/P2_Al2S3_D__s1 …
  ← rc=0 · 5.40 GPU-h · 누적 94.72 / 320
▶ md/P2_Al2S3_D__s2 …
  ← rc=0 · 4.64 GPU-h · 누적 99.36 / 320
▶ md/P1_Al2O3_E__s1 …
  ← rc=0 · 6.38 GPU-h · 누적 105.74 / 320
▶ md/P1_Al2O3_E__s2 …
  ← rc=0 · 5.57 GPU-h · 누적 111.32 / 320
▶ md/P2_Al2S3_E__s1 …
  ← rc=0 · 5.79 GPU-h · 누적 117.10 / 320
▶ md/P2_Al2S3_E__s2 …
  ← rc=0 · 5.80 GPU-h · 누적 122.91 / 320
▶ md/P1_Al2O3_F__s1 …
  ← rc=0 · 5.77 GPU-h · 누적 128.68 / 320
▶ md/P1_Al2O3_F__s2 …
  ← rc=0 · 7.29 GPU-h · 누적 135.97 / 320
▶ md/P2_Al2S3_F__s1 …
  ← rc=0 · 4.07 GPU-h · 누적 140.04 / 320
▶ md/P2_Al2S3_F__s2 …
  ← rc=0 · 5.88 GPU-h · 누적 145.92 / 320
▶ md/P1_Al2O3_G__s1 …
  ← rc=0 · 5.92 GPU-h · 누적 151.84 / 320
▶ md/P1_Al2O3_G__s2 …
  ← rc=0 · 6.05 GPU-h · 누적 157.89 / 320
▶ md/P2_Al2S3_G__s1 …
  ← rc=0 · 6.26 GPU-h · 누적 164.15 / 320
▶ md/P2_Al2S3_G__s2 …
  ← rc=0 · 6.54 GPU-h · 누적 170.69 / 320
▶ md/P1_Al2O3_H__s1 …
  ← rc=0 · 6.46 GPU-h · 누적 177.15 / 320
▶ md/P1_Al2O3_H__s2 …
  ← rc=0 · 6.12 GPU-h · 누적 183.26 / 320
▶ md/P2_Al2S3_H__s1 …
  ← rc=0 · 6.95 GPU-h · 누적 190.21 / 320
▶ md/P2_Al2S3_H__s2 …
  ← rc=0 · 5.76 GPU-h · 누적 195.97 / 320
▶ md/P1_Al2O3_I__s1 …
  ← rc=0 · 5.24 GPU-h · 누적 201.21 / 320
▶ md/P1_Al2O3_I__s2 …
  ← rc=0 · 5.33 GPU-h · 누적 206.53 / 320
▶ md/P2_Al2S3_I__s1 …
  ← rc=0 · 5.09 GPU-h · 누적 211.62 / 320
▶ md/P2_Al2S3_I__s2 …
  ← rc=0 · 4.76 GPU-h · 누적 216.39 / 320
▶ md/P1_Al2O3_J__s1 …
  ← rc=0 · 4.26 GPU-h · 누적 220.65 / 320
▶ md/P1_Al2O3_J__s2 …
  ← rc=0 · 4.02 GPU-h · 누적 224.67 / 320
▶ md/P2_Al2S3_J__s1 …
  ← rc=0 · 6.95 GPU-h · 누적 231.62 / 320
▶ md/P2_Al2S3_J__s2 …
  ← rc=0 · 10.48 GPU-h · 누적 242.10 / 320
■ 라운드 끝 · 누적 242.10 / 320 GPU-h
