# li3p_mp-736 total DOS (QE dos.x, degauss 0.007 Ry). VBM 3.252 / CBM 3.961 / gap 0.709 eV from fixed-occ nscf eigenvalues. DO NOT read the gap off this curve (smearing underestimates ~0.3 eV).
E_eV,E_minus_VBM_eV,DOS_states_per_eV,integrated_DOS_states
-42.512,-45.7641,0.001417,1.417e-05
-42.502,-45.7541,0.002726,4.143e-05
-42.492,-45.7441,0.005132,9.275e-05
-42.482,-45.7341,0.009456,0.0001873
-42.472,-45.7241,0.01705,0.0003578
-42.462,-45.7141,0.03011,0.0006589
-42.452,-45.7041,0.05203,0.001179
-42.442,-45.6941,0.08801,0.002059
-42.432,-45.6841,0.1457,0.003517
-42.422,-45.6741,0.2362,0.005879
-42.412,-45.6641,0.3749,0.009628
-42.402,-45.6541,0.5824,0.01545
-42.392,-45.6441,0.8857,0.02431
-42.382,-45.6341,1.319,0.03749
-42.372,-45.6241,1.922,0.05672
-42.362,-45.6141,2.743,0.08414
-42.352,-45.6041,3.832,0.1225
-42.342,-45.5941,5.243,0.1749
-42.332,-45.5841,7.022,0.2451
-42.322,-45.5741,9.209,0.3372
-42.312,-45.5641,11.82,0.4554
-42.302,-45.5541,14.87,0.6041
-42.292,-45.5441,18.3,0.7871
-42.282,-45.5341,22.06,1.008
-42.272,-45.5241,26.04,1.268
-42.262,-45.5141,30.1,1.569
-42.252,-45.5041,34.06,1.91
-42.242,-45.4941,37.75,2.287
-42.232,-45.4841,40.97,2.697
-42.222,-45.4741,43.54,3.132
-42.212,-45.4641,45.31,3.585
-42.202,-45.4541,46.17,4.047
-42.192,-45.4441,46.07,4.508
-42.182,-45.4341,45.02,4.958
-42.172,-45.4241,43.08,5.389
-42.162,-45.4141,40.36,5.792
-42.152,-45.4041,37.04,6.163
-42.142,-45.3941,33.28,6.496
-42.132,-45.3841,29.28,6.788
-42.122,-45.3741,25.23,7.041
-42.112,-45.3641,21.29,7.254
-42.102,-45.3541,17.6,7.429
-42.092,-45.3441,14.25,7.572
-42.082,-45.3341,11.33,7.685
-42.072,-45.3241,8.842,7.774
-42.062,-45.3141,6.81,7.842
-42.052,-45.3041,5.214,7.894
-42.042,-45.2941,4.028,7.934
-42.032,-45.2841,3.221,7.966
-42.022,-45.2741,2.763,7.994
-42.012,-45.2641,2.628,8.02
-42.002,-45.2541,2.8,8.048
-41.992,-45.2441,3.267,8.081
-41.982,-45.2341,4.023,8.121
-41.972,-45.2241,5.064,8.172
-41.962,-45.2141,6.38,8.236
-41.952,-45.2041,7.955,8.315
-41.942,-45.1941,9.757,8.413
-41.932,-45.1841,11.74,8.53
-41.922,-45.1741,13.83,8.669
-41.912,-45.1641,15.95,8.828
-41.902,-45.1541,18,9.008
-41.892,-45.1441,19.87,9.207
-41.882,-45.1341,21.46,9.421
-41.872,-45.1241,22.68,9.648
-41.862,-45.1141,23.44,9.883
-41.852,-45.1041,23.7,10.12
-41.842,-45.0941,23.43,10.35
-41.832,-45.0841,22.67,10.58
-41.822,-45.0741,21.45,10.8
-41.812,-45.0641,19.86,10.99
-41.802,-45.0541,17.98,11.17
-41.792,-45.0441,15.92,11.33
-41.782,-45.0341,13.8,11.47
-41.772,-45.0241,11.69,11.59
-41.762,-45.0141,9.693,11.68
-41.752,-45.0041,7.86,11.76
-41.742,-44.9941,6.235,11.83
-41.732,-44.9841,4.838,11.87
-41.722,-44.9741,3.672,11.91
-41.712,-44.9641,2.727,11.94
-41.702,-44.9541,1.98,11.96
-41.692,-44.9441,1.407,11.97
-41.682,-44.9341,0.9778,11.98
-41.672,-44.9241,0.6647,11.99
-41.662,-44.9141,0.442,11.99
-41.652,-44.9041,0.2875,12
-41.642,-44.8941,0.1829,12
-41.632,-44.8841,0.1139,12
-41.622,-44.8741,0.06933,12
-41.612,-44.8641,0.04129,12
-41.602,-44.8541,0.02405,12
-41.592,-44.8441,0.01371,12
-41.582,-44.8341,0.007641,12
-41.572,-44.8241,0.004167,12
-41.562,-44.8141,0.002223,12
-41.552,-44.8041,0.00116,12
-41.542,-44.7941,0.0005919,12
-41.532,-44.7841,0.0002955,12
-41.522,-44.7741,0.0001443,12
-41.512,-44.7641,6.894e-05,12
-41.502,-44.7541,3.222e-05,12
-41.492,-44.7441,1.473e-05,12
-41.482,-44.7341,6.585e-06,12
-41.472,-44.7241,2.88e-06,12
-41.462,-44.7141,1.232e-06,12
-41.452,-44.7041,5.157e-07,12
-41.442,-44.6941,2.111e-07,12
-41.432,-44.6841,8.455e-08,12
-41.422,-44.6741,3.312e-08,12
-41.412,-44.6641,1.269e-08,12
-41.402,-44.6541,4.757e-09,12
-41.392,-44.6441,1.744e-09,12
-41.382,-44.6341,6.257e-10,12
-41.372,-44.6241,2.195e-10,12
-41.362,-44.6141,7.533e-11,12
-41.352,-44.6041,2.529e-11,12
-41.342,-44.5941,8.305e-12,12
-41.332,-44.5841,2.668e-12,12
-41.322,-44.5741,8.383e-13,12
-41.312,-44.5641,2.577e-13,12
-41.302,-44.5541,7.747e-14,12
-41.292,-44.5441,2.278e-14,12
-41.282,-44.5341,6.555e-15,12
-41.272,-44.5241,1.845e-15,12
-41.262,-44.5141,5.078e-16,12
-41.252,-44.5041,1.367e-16,12
-41.242,-44.4941,3.602e-17,12
-41.232,-44.4841,9.281e-18,12
-41.222,-44.4741,2.339e-18,12
-41.212,-44.4641,5.767e-19,12
-41.202,-44.4541,1.391e-19,12
-41.192,-44.4441,3.281e-20,12
-41.182,-44.4341,7.572e-21,12
-41.172,-44.4241,1.709e-21,12
-41.162,-44.4141,3.774e-22,12
-41.152,-44.4041,8.153e-23,12
-41.142,-44.3941,1.723e-23,12
-41.132,-44.3841,3.56e-24,12
-41.122,-44.3741,7.198e-25,12
-41.112,-44.3641,1.423e-25,12
-41.102,-44.3541,2.754e-26,12
-41.092,-44.3441,5.211e-27,12
-41.082,-44.3341,9.646e-28,12
-41.072,-44.3241,1.747e-28,12
-41.062,-44.3141,3.093e-29,12
-41.052,-44.3041,5.36e-30,12
-41.042,-44.2941,9.083e-31,12
-41.032,-44.2841,1.506e-31,12
-41.022,-44.2741,2.442e-32,12
-41.012,-44.2641,3.874e-33,12
-41.002,-44.2541,6.011e-34,12
-40.992,-44.2441,9.124e-35,12
-40.982,-44.2341,1.355e-35,12
-40.972,-44.2241,1.968e-36,12
-40.962,-44.2141,2.796e-37,12
-40.952,-44.2041,3.885e-38,12
-40.942,-44.1941,5.282e-39,12
-40.932,-44.1841,7.023e-40,12
-40.922,-44.1741,9.136e-41,12
-40.912,-44.1641,1.162e-41,12
-40.902,-44.1541,1.447e-42,12
-40.892,-44.1441,1.762e-43,12
-40.882,-44.1341,2.098e-44,12
-40.872,-44.1241,2.444e-45,12
-40.862,-44.1141,2.786e-46,12
-40.852,-44.1041,3.105e-47,12
-40.842,-44.0941,3.386e-48,12
-40.832,-44.0841,3.612e-49,12
-40.822,-44.0741,3.769e-50,12
-40.812,-44.0641,3.846e-51,12
-40.802,-44.0541,3.84e-52,12
-40.792,-44.0441,3.75e-53,12
-40.782,-44.0341,3.583e-54,12
-40.772,-44.0241,3.348e-55,12
-40.762,-44.0141,3.061e-56,12
-40.752,-44.0041,2.737e-57,12
-40.742,-43.9941,2.394e-58,12
-40.732,-43.9841,2.048e-59,12
-40.722,-43.9741,1.714e-60,12
-40.712,-43.9641,1.403e-61,12
-40.702,-43.9541,1.124e-62,12
-40.692,-43.9441,8.804e-64,12
-40.682,-43.9341,6.746e-65,12
-40.672,-43.9241,5.057e-66,12
-40.662,-43.9141,3.708e-67,12
-40.652,-43.9041,2.66e-68,12
-40.642,-43.8941,1.866e-69,12
-40.632,-43.8841,1.281e-70,12
-40.622,-43.8741,8.597e-72,12
-40.612,-43.8641,5.646e-73,12
-40.602,-43.8541,3.627e-74,12
-40.592,-43.8441,2.279e-75,12
-40.582,-43.8341,1.401e-76,12
-40.572,-43.8241,8.422e-78,12
-40.562,-43.8141,4.953e-79,12
-40.552,-43.8041,2.85e-80,12
-40.542,-43.7941,1.604e-81,12
-40.532,-43.7841,8.868e-83,12
-40.522,-43.7741,5.148e-84,12
-40.512,-43.7641,6.439e-85,12
-40.502,-43.7541,4.263e-85,12
-40.492,-43.7441,4.263e-85,12
-40.482,-43.7341,4.263e-85,12
-40.472,-43.7241,4.263e-85,12
-40.462,-43.7141,4.263e-85,12
-40.452,-43.7041,4.263e-85,12
-40.442,-43.6941,4.263e-85,12
-40.432,-43.6841,4.263e-85,12
-40.422,-43.6741,4.263e-85,12
-40.412,-43.6641,4.263e-85,12
-40.402,-43.6541,4.263e-85,12
-40.392,-43.6441,4.263e-85,12
-40.382,-43.6341,4.263e-85,12
-40.372,-43.6241,4.263e-85,12
-40.362,-43.6141,4.263e-85,12
-40.352,-43.6041,4.263e-85,12
-40.342,-43.5941,4.263e-85,12
-40.332,-43.5841,4.263e-85,12
-40.322,-43.5741,4.263e-85,12
-40.312,-43.5641,4.263e-85,12
-40.302,-43.5541,4.263e-85,12
-40.292,-43.5441,4.263e-85,12
-40.282,-43.5341,4.263e-85,12
-40.272,-43.5241,4.263e-85,12
-40.262,-43.5141,4.263e-85,12
-40.252,-43.5041,4.263e-85,12
-40.242,-43.4941,4.263e-85,12
-40.232,-43.4841,4.263e-85,12
-40.222,-43.4741,4.263e-85,12
-40.212,-43.4641,4.263e-85,12
-40.202,-43.4541,4.263e-85,12
-40.192,-43.4441,4.263e-85,12
-40.182,-43.4341,4.263e-85,12
-40.172,-43.4241,4.263e-85,12
-40.162,-43.4141,4.263e-85,12
-40.152,-43.4041,4.263e-85,12
-40.142,-43.3941,4.263e-85,12
-40.132,-43.3841,4.263e-85,12
-40.122,-43.3741,4.263e-85,12
-40.112,-43.3641,4.263e-85,12
-40.102,-43.3541,4.263e-85,12
-40.092,-43.3441,4.263e-85,12
-40.082,-43.3341,4.263e-85,12
-40.072,-43.3241,4.263e-85,12
-40.062,-43.3141,4.263e-85,12
-40.052,-43.3041,4.263e-85,12
-40.042,-43.2941,4.263e-85,12
-40.032,-43.2841,4.263e-85,12
-40.022,-43.2741,4.263e-85,12
-40.012,-43.2641,4.263e-85,12
-40.002,-43.2541,4.263e-85,12
-39.992,-43.2441,4.263e-85,12
-39.982,-43.2341,4.263e-85,12
-39.972,-43.2241,4.263e-85,12
-39.962,-43.2141,4.263e-85,12
-39.952,-43.2041,4.263e-85,12
-39.942,-43.1941,4.263e-85,12
-39.932,-43.1841,4.263e-85,12
-39.922,-43.1741,4.263e-85,12
-39.912,-43.1641,4.263e-85,12
-39.902,-43.1541,4.263e-85,12
-39.892,-43.1441,4.263e-85,12
-39.882,-43.1341,4.263e-85,12
-39.872,-43.1241,4.263e-85,12
-39.862,-43.1141,4.263e-85,12
-39.852,-43.1041,4.263e-85,12
-39.842,-43.0941,4.263e-85,12
-39.832,-43.0841,4.263e-85,12
-39.822,-43.0741,4.263e-85,12
-39.812,-43.0641,4.263e-85,12
-39.802,-43.0541,4.263e-85,12
-39.792,-43.0441,4.263e-85,12
-39.782,-43.0341,4.263e-85,12
-39.772,-43.0241,4.263e-85,12
-39.762,-43.0141,4.263e-85,12
-39.752,-43.0041,4.263e-85,12
-39.742,-42.9941,4.263e-85,12
-39.732,-42.9841,4.263e-85,12
-39.722,-42.9741,4.263e-85,12
-39.712,-42.9641,4.263e-85,12
-39.702,-42.9541,4.263e-85,12
-39.692,-42.9441,4.263e-85,12
-39.682,-42.9341,4.263e-85,12
-39.672,-42.9241,4.263e-85,12
-39.662,-42.9141,4.263e-85,12
-39.652,-42.9041,4.263e-85,12
-39.642,-42.8941,4.263e-85,12
-39.632,-42.8841,4.263e-85,12
-39.622,-42.8741,4.263e-85,12
-39.612,-42.8641,4.263e-85,12
-39.602,-42.8541,4.263e-85,12
-39.592,-42.8441,4.263e-85,12
-39.582,-42.8341,4.263e-85,12
-39.572,-42.8241,4.263e-85,12
-39.562,-42.8141,4.263e-85,12
-39.552,-42.8041,4.263e-85,12
-39.542,-42.7941,4.263e-85,12
-39.532,-42.7841,4.263e-85,12
-39.522,-42.7741,4.263e-85,12
-39.512,-42.7641,4.263e-85,12
-39.502,-42.7541,4.263e-85,12
-39.492,-42.7441,4.263e-85,12
-39.482,-42.7341,4.263e-85,12
-39.472,-42.7241,4.263e-85,12
-39.462,-42.7141,4.263e-85,12
-39.452,-42.7041,4.263e-85,12
-39.442,-42.6941,4.263e-85,12
-39.432,-42.6841,4.263e-85,12
-39.422,-42.6741,4.263e-85,12
-39.412,-42.6641,4.263e-85,12
-39.402,-42.6541,4.263e-85,12
-39.392,-42.6441,4.263e-85,12
-39.382,-42.6341,4.263e-85,12
-39.372,-42.6241,4.263e-85,12
-39.362,-42.6141,4.263e-85,12
-39.352,-42.6041,4.263e-85,12
-39.342,-42.5941,4.263e-85,12
-39.332,-42.5841,4.263e-85,12
-39.322,-42.5741,4.263e-85,12
-39.312,-42.5641,4.263e-85,12
-39.302,-42.5541,4.263e-85,12
-39.292,-42.5441,4.263e-85,12
-39.282,-42.5341,4.263e-85,12
-39.272,-42.5241,4.263e-85,12
-39.262,-42.5141,4.263e-85,12
-39.252,-42.5041,4.263e-85,12
-39.242,-42.4941,4.263e-85,12
-39.232,-42.4841,4.263e-85,12
-39.222,-42.4741,4.263e-85,12
-39.212,-42.4641,4.263e-85,12
-39.202,-42.4541,4.263e-85,12
-39.192,-42.4441,4.263e-85,12
-39.182,-42.4341,4.263e-85,12
-39.172,-42.4241,4.263e-85,12
-39.162,-42.4141,4.263e-85,12
-39.152,-42.4041,4.263e-85,12
-39.142,-42.3941,4.263e-85,12
-39.132,-42.3841,4.263e-85,12
-39.122,-42.3741,4.263e-85,12
-39.112,-42.3641,4.263e-85,12
-39.102,-42.3541,4.263e-85,12
-39.092,-42.3441,4.263e-85,12
-39.082,-42.3341,4.263e-85,12
-39.072,-42.3241,4.263e-85,12
-39.062,-42.3141,4.263e-85,12
-39.052,-42.3041,4.263e-85,12
-39.042,-42.2941,4.263e-85,12
-39.032,-42.2841,4.263e-85,12
-39.022,-42.2741,4.263e-85,12
-39.012,-42.2641,4.263e-85,12
-39.002,-42.2541,4.263e-85,12
-38.992,-42.2441,4.263e-85,12
-38.982,-42.2341,4.263e-85,12
-38.972,-42.2241,4.263e-85,12
-38.962,-42.2141,4.263e-85,12
-38.952,-42.2041,4.263e-85,12
-38.942,-42.1941,4.263e-85,12
-38.932,-42.1841,4.263e-85,12
-38.922,-42.1741,4.263e-85,12
-38.912,-42.1641,4.263e-85,12
-38.902,-42.1541,4.263e-85,12
-38.892,-42.1441,4.263e-85,12
-38.882,-42.1341,4.263e-85,12
-38.872,-42.1241,4.263e-85,12
-38.862,-42.1141,4.263e-85,12
-38.852,-42.1041,4.263e-85,12
-38.842,-42.0941,4.263e-85,12
-38.832,-42.0841,4.263e-85,12
-38.822,-42.0741,4.263e-85,12
-38.812,-42.0641,4.263e-85,12
-38.802,-42.0541,4.263e-85,12
-38.792,-42.0441,4.263e-85,12
-38.782,-42.0341,4.263e-85,12
-38.772,-42.0241,4.263e-85,12
-38.762,-42.0141,4.263e-85,12
-38.752,-42.0041,4.263e-85,12
-38.742,-41.9941,4.263e-85,12
-38.732,-41.9841,4.263e-85,12
-38.722,-41.9741,4.263e-85,12
-38.712,-41.9641,4.263e-85,12
-38.702,-41.9541,4.263e-85,12
-38.692,-41.9441,4.263e-85,12
-38.682,-41.9341,4.263e-85,12
-38.672,-41.9241,4.263e-85,12
-38.662,-41.9141,4.263e-85,12
-38.652,-41.9041,4.263e-85,12
-38.642,-41.8941,4.263e-85,12
-38.632,-41.8841,4.263e-85,12
-38.622,-41.8741,4.263e-85,12
-38.612,-41.8641,4.263e-85,12
-38.602,-41.8541,4.263e-85,12
-38.592,-41.8441,4.263e-85,12
-38.582,-41.8341,4.263e-85,12
-38.572,-41.8241,4.263e-85,12
-38.562,-41.8141,4.263e-85,12
-38.552,-41.8041,4.263e-85,12
-38.542,-41.7941,4.263e-85,12
-38.532,-41.7841,4.263e-85,12
-38.522,-41.7741,4.263e-85,12
-38.512,-41.7641,4.263e-85,12
-38.502,-41.7541,4.263e-85,12
-38.492,-41.7441,4.263e-85,12
-38.482,-41.7341,4.263e-85,12
-38.472,-41.7241,4.263e-85,12
-38.462,-41.7141,4.263e-85,12
-38.452,-41.7041,4.263e-85,12
-38.442,-41.6941,4.263e-85,12
-38.432,-41.6841,4.263e-85,12
-38.422,-41.6741,4.263e-85,12
-38.412,-41.6641,4.263e-85,12
-38.402,-41.6541,4.263e-85,12
-38.392,-41.6441,4.263e-85,12
-38.382,-41.6341,4.263e-85,12
-38.372,-41.6241,4.263e-85,12
-38.362,-41.6141,4.263e-85,12
-38.352,-41.6041,4.263e-85,12
-38.342,-41.5941,4.263e-85,12
-38.332,-41.5841,4.263e-85,12
-38.322,-41.5741,4.263e-85,12
-38.312,-41.5641,4.263e-85,12
-38.302,-41.5541,4.263e-85,12
-38.292,-41.5441,4.263e-85,12
-38.282,-41.5341,4.263e-85,12
-38.272,-41.5241,4.263e-85,12
-38.262,-41.5141,4.263e-85,12
-38.252,-41.5041,4.263e-85,12
-38.242,-41.4941,4.263e-85,12
-38.232,-41.4841,4.263e-85,12
-38.222,-41.4741,4.263e-85,12
-38.212,-41.4641,4.263e-85,12
-38.202,-41.4541,4.263e-85,12
-38.192,-41.4441,4.263e-85,12
-38.182,-41.4341,4.263e-85,12
-38.172,-41.4241,4.263e-85,12
-38.162,-41.4141,4.263e-85,12
-38.152,-41.4041,4.263e-85,12
-38.142,-41.3941,4.263e-85,12
-38.132,-41.3841,4.263e-85,12
-38.122,-41.3741,4.263e-85,12
-38.112,-41.3641,4.263e-85,12
-38.102,-41.3541,4.263e-85,12
-38.092,-41.3441,4.263e-85,12
-38.082,-41.3341,4.263e-85,12
-38.072,-41.3241,4.263e-85,12
-38.062,-41.3141,4.263e-85,12
-38.052,-41.3041,4.263e-85,12
-38.042,-41.2941,4.263e-85,12
-38.032,-41.2841,4.263e-85,12
-38.022,-41.2741,4.263e-85,12
-38.012,-41.2641,4.263e-85,12
-38.002,-41.2541,4.263e-85,12
-37.992,-41.2441,4.263e-85,12
-37.982,-41.2341,4.263e-85,12
-37.972,-41.2241,4.263e-85,12
-37.962,-41.2141,4.263e-85,12
-37.952,-41.2041,4.263e-85,12
-37.942,-41.1941,4.263e-85,12
-37.932,-41.1841,4.263e-85,12
-37.922,-41.1741,4.263e-85,12
-37.912,-41.1641,4.263e-85,12
-37.902,-41.1541,4.263e-85,12
-37.892,-41.1441,4.263e-85,12
-37.882,-41.1341,4.263e-85,12
-37.872,-41.1241,4.263e-85,12
-37.862,-41.1141,4.263e-85,12
-37.852,-41.1041,4.263e-85,12
-37.842,-41.0941,4.263e-85,12
-37.832,-41.0841,4.263e-85,12
-37.822,-41.0741,4.263e-85,12
-37.812,-41.0641,4.263e-85,12
-37.802,-41.0541,4.263e-85,12
-37.792,-41.0441,4.263e-85,12
-37.782,-41.0341,4.263e-85,12
-37.772,-41.0241,4.263e-85,12
-37.762,-41.0141,4.263e-85,12
-37.752,-41.0041,4.263e-85,12
-37.742,-40.9941,4.263e-85,12
-37.732,-40.9841,4.263e-85,12
-37.722,-40.9741,4.263e-85,12
-37.712,-40.9641,4.263e-85,12
-37.702,-40.9541,4.263e-85,12
-37.692,-40.9441,4.263e-85,12
-37.682,-40.9341,4.263e-85,12
-37.672,-40.9241,4.263e-85,12
-37.662,-40.9141,4.263e-85,12
-37.652,-40.9041,4.263e-85,12
-37.642,-40.8941,4.263e-85,12
-37.632,-40.8841,4.263e-85,12
-37.622,-40.8741,4.263e-85,12
-37.612,-40.8641,4.263e-85,12
-37.602,-40.8541,4.263e-85,12
-37.592,-40.8441,4.263e-85,12
-37.582,-40.8341,4.263e-85,12
-37.572,-40.8241,4.263e-85,12
-37.562,-40.8141,4.263e-85,12
-37.552,-40.8041,4.263e-85,12
-37.542,-40.7941,4.263e-85,12
-37.532,-40.7841,4.263e-85,12
-37.522,-40.7741,4.263e-85,12
-37.512,-40.7641,4.263e-85,12
-37.502,-40.7541,4.263e-85,12
-37.492,-40.7441,4.263e-85,12
-37.482,-40.7341,4.263e-85,12
-37.472,-40.7241,4.263e-85,12
-37.462,-40.7141,4.263e-85,12
-37.452,-40.7041,4.263e-85,12
-37.442,-40.6941,4.263e-85,12
-37.432,-40.6841,4.263e-85,12
-37.422,-40.6741,4.263e-85,12
-37.412,-40.6641,4.263e-85,12
-37.402,-40.6541,4.263e-85,12
-37.392,-40.6441,4.263e-85,12
-37.382,-40.6341,4.263e-85,12
-37.372,-40.6241,4.263e-85,12
-37.362,-40.6141,4.263e-85,12
-37.352,-40.6041,4.263e-85,12
-37.342,-40.5941,4.263e-85,12
-37.332,-40.5841,4.263e-85,12
-37.322,-40.5741,4.263e-85,12
-37.312,-40.5641,4.263e-85,12
-37.302,-40.5541,4.263e-85,12
-37.292,-40.5441,4.263e-85,12
-37.282,-40.5341,4.263e-85,12
-37.272,-40.5241,4.263e-85,12
-37.262,-40.5141,4.263e-85,12
-37.252,-40.5041,4.263e-85,12
-37.242,-40.4941,4.263e-85,12
-37.232,-40.4841,4.263e-85,12
-37.222,-40.4741,4.263e-85,12
-37.212,-40.4641,4.263e-85,12
-37.202,-40.4541,4.263e-85,12
-37.192,-40.4441,4.263e-85,12
-37.182,-40.4341,4.263e-85,12
-37.172,-40.4241,4.263e-85,12
-37.162,-40.4141,4.263e-85,12
-37.152,-40.4041,4.263e-85,12
-37.142,-40.3941,4.263e-85,12
-37.132,-40.3841,4.263e-85,12
-37.122,-40.3741,4.263e-85,12
-37.112,-40.3641,4.263e-85,12
-37.102,-40.3541,4.263e-85,12
-37.092,-40.3441,4.263e-85,12
-37.082,-40.3341,4.263e-85,12
-37.072,-40.3241,4.263e-85,12
-37.062,-40.3141,4.263e-85,12
-37.052,-40.3041,4.263e-85,12
-37.042,-40.2941,4.263e-85,12
-37.032,-40.2841,4.263e-85,12
-37.022,-40.2741,4.263e-85,12
-37.012,-40.2641,4.263e-85,12
-37.002,-40.2541,4.263e-85,12
-36.992,-40.2441,4.263e-85,12
-36.982,-40.2341,4.263e-85,12
-36.972,-40.2241,4.263e-85,12
-36.962,-40.2141,4.263e-85,12
-36.952,-40.2041,4.263e-85,12
-36.942,-40.1941,4.263e-85,12
-36.932,-40.1841,4.263e-85,12
-36.922,-40.1741,4.263e-85,12
-36.912,-40.1641,4.263e-85,12
-36.902,-40.1541,4.263e-85,12
-36.892,-40.1441,4.263e-85,12
-36.882,-40.1341,4.263e-85,12
-36.872,-40.1241,4.263e-85,12
-36.862,-40.1141,4.263e-85,12
-36.852,-40.1041,4.263e-85,12
-36.842,-40.0941,4.263e-85,12
-36.832,-40.0841,4.263e-85,12
-36.822,-40.0741,4.263e-85,12
-36.812,-40.0641,4.263e-85,12
-36.802,-40.0541,4.263e-85,12
-36.792,-40.0441,4.263e-85,12
-36.782,-40.0341,4.263e-85,12
-36.772,-40.0241,4.263e-85,12
-36.762,-40.0141,4.263e-85,12
-36.752,-40.0041,4.263e-85,12
-36.742,-39.9941,4.263e-85,12
-36.732,-39.9841,4.263e-85,12
-36.722,-39.9741,4.263e-85,12
-36.712,-39.9641,4.263e-85,12
-36.702,-39.9541,4.263e-85,12
-36.692,-39.9441,4.263e-85,12
-36.682,-39.9341,4.263e-85,12
-36.672,-39.9241,4.263e-85,12
-36.662,-39.9141,4.263e-85,12
-36.652,-39.9041,4.263e-85,12
-36.642,-39.8941,4.263e-85,12
-36.632,-39.8841,4.263e-85,12
-36.622,-39.8741,4.263e-85,12
-36.612,-39.8641,4.263e-85,12
-36.602,-39.8541,4.263e-85,12
-36.592,-39.8441,4.263e-85,12
-36.582,-39.8341,4.263e-85,12
-36.572,-39.8241,4.263e-85,12
-36.562,-39.8141,4.263e-85,12
-36.552,-39.8041,4.263e-85,12
-36.542,-39.7941,4.263e-85,12
-36.532,-39.7841,4.263e-85,12
-36.522,-39.7741,4.263e-85,12
-36.512,-39.7641,4.263e-85,12
-36.502,-39.7541,4.263e-85,12
-36.492,-39.7441,4.263e-85,12
-36.482,-39.7341,4.263e-85,12
-36.472,-39.7241,4.263e-85,12
-36.462,-39.7141,4.263e-85,12
-36.452,-39.7041,4.263e-85,12
-36.442,-39.6941,4.263e-85,12
-36.432,-39.6841,4.263e-85,12
-36.422,-39.6741,4.263e-85,12
-36.412,-39.6641,4.263e-85,12
-36.402,-39.6541,4.263e-85,12
-36.392,-39.6441,4.263e-85,12
-36.382,-39.6341,4.263e-85,12
-36.372,-39.6241,4.263e-85,12
-36.362,-39.6141,4.263e-85,12
-36.352,-39.6041,4.263e-85,12
-36.342,-39.5941,4.263e-85,12
-36.332,-39.5841,4.263e-85,12
-36.322,-39.5741,4.263e-85,12
-36.312,-39.5641,4.263e-85,12
-36.302,-39.5541,4.263e-85,12
-36.292,-39.5441,4.263e-85,12
-36.282,-39.5341,4.263e-85,12
-36.272,-39.5241,4.263e-85,12
-36.262,-39.5141,4.263e-85,12
-36.252,-39.5041,4.263e-85,12
-36.242,-39.4941,4.263e-85,12
-36.232,-39.4841,4.263e-85,12
-36.222,-39.4741,4.263e-85,12
-36.212,-39.4641,4.263e-85,12
-36.202,-39.4541,4.263e-85,12
-36.192,-39.4441,4.263e-85,12
-36.182,-39.4341,4.263e-85,12
-36.172,-39.4241,4.263e-85,12
-36.162,-39.4141,4.263e-85,12
-36.152,-39.4041,4.263e-85,12
-36.142,-39.3941,4.263e-85,12
-36.132,-39.3841,4.263e-85,12
-36.122,-39.3741,4.263e-85,12
-36.112,-39.3641,4.263e-85,12
-36.102,-39.3541,4.263e-85,12
-36.092,-39.3441,4.263e-85,12
-36.082,-39.3341,4.263e-85,12
-36.072,-39.3241,4.263e-85,12
-36.062,-39.3141,4.263e-85,12
-36.052,-39.3041,4.263e-85,12
-36.042,-39.2941,4.263e-85,12
-36.032,-39.2841,4.263e-85,12
-36.022,-39.2741,4.263e-85,12
-36.012,-39.2641,4.263e-85,12
-36.002,-39.2541,4.263e-85,12
-35.992,-39.2441,4.263e-85,12
-35.982,-39.2341,4.263e-85,12
-35.972,-39.2241,4.263e-85,12
-35.962,-39.2141,4.263e-85,12
-35.952,-39.2041,4.263e-85,12
-35.942,-39.1941,4.263e-85,12
-35.932,-39.1841,4.263e-85,12
-35.922,-39.1741,4.263e-85,12
-35.912,-39.1641,4.263e-85,12
-35.902,-39.1541,4.263e-85,12
-35.892,-39.1441,4.263e-85,12
-35.882,-39.1341,4.263e-85,12
-35.872,-39.1241,4.263e-85,12
-35.862,-39.1141,4.263e-85,12
-35.852,-39.1041,4.263e-85,12
-35.842,-39.0941,4.263e-85,12
-35.832,-39.0841,4.263e-85,12
-35.822,-39.0741,4.263e-85,12
-35.812,-39.0641,4.263e-85,12
-35.802,-39.0541,4.263e-85,12
-35.792,-39.0441,4.263e-85,12
-35.782,-39.0341,4.263e-85,12
-35.772,-39.0241,4.263e-85,12
-35.762,-39.0141,4.263e-85,12
-35.752,-39.0041,4.263e-85,12
-35.742,-38.9941,4.263e-85,12
-35.732,-38.9841,4.263e-85,12
-35.722,-38.9741,4.263e-85,12
-35.712,-38.9641,4.263e-85,12
-35.702,-38.9541,4.263e-85,12
-35.692,-38.9441,4.263e-85,12
-35.682,-38.9341,4.263e-85,12
-35.672,-38.9241,4.263e-85,12
-35.662,-38.9141,4.263e-85,12
-35.652,-38.9041,4.263e-85,12
-35.642,-38.8941,4.263e-85,12
-35.632,-38.8841,4.263e-85,12
-35.622,-38.8741,4.263e-85,12
-35.612,-38.8641,4.263e-85,12
-35.602,-38.8541,4.263e-85,12
-35.592,-38.8441,4.263e-85,12
-35.582,-38.8341,4.263e-85,12
-35.572,-38.8241,4.263e-85,12
-35.562,-38.8141,4.263e-85,12
-35.552,-38.8041,4.263e-85,12
-35.542,-38.7941,4.263e-85,12
-35.532,-38.7841,4.263e-85,12
-35.522,-38.7741,4.263e-85,12
-35.512,-38.7641,4.263e-85,12
-35.502,-38.7541,4.263e-85,12
-35.492,-38.7441,4.263e-85,12
-35.482,-38.7341,4.263e-85,12
-35.472,-38.7241,4.263e-85,12
-35.462,-38.7141,4.263e-85,12
-35.452,-38.7041,4.263e-85,12
-35.442,-38.6941,4.263e-85,12
-35.432,-38.6841,4.263e-85,12
-35.422,-38.6741,4.263e-85,12
-35.412,-38.6641,4.263e-85,12
-35.402,-38.6541,4.263e-85,12
-35.392,-38.6441,4.263e-85,12
-35.382,-38.6341,4.263e-85,12
-35.372,-38.6241,4.263e-85,12
-35.362,-38.6141,4.263e-85,12
-35.352,-38.6041,4.263e-85,12
-35.342,-38.5941,4.263e-85,12
-35.332,-38.5841,4.263e-85,12
-35.322,-38.5741,4.263e-85,12
-35.312,-38.5641,4.263e-85,12
-35.302,-38.5541,4.263e-85,12
-35.292,-38.5441,4.263e-85,12
-35.282,-38.5341,4.263e-85,12
-35.272,-38.5241,4.263e-85,12
-35.262,-38.5141,4.263e-85,12
-35.252,-38.5041,4.263e-85,12
-35.242,-38.4941,4.263e-85,12
-35.232,-38.4841,4.263e-85,12
-35.222,-38.4741,4.263e-85,12
-35.212,-38.4641,4.263e-85,12
-35.202,-38.4541,4.263e-85,12
-35.192,-38.4441,4.263e-85,12
-35.182,-38.4341,4.263e-85,12
-35.172,-38.4241,4.263e-85,12
-35.162,-38.4141,4.263e-85,12
-35.152,-38.4041,4.263e-85,12
-35.142,-38.3941,4.263e-85,12
-35.132,-38.3841,4.263e-85,12
-35.122,-38.3741,4.263e-85,12
-35.112,-38.3641,4.263e-85,12
-35.102,-38.3541,4.263e-85,12
-35.092,-38.3441,4.263e-85,12
-35.082,-38.3341,4.263e-85,12
-35.072,-38.3241,4.263e-85,12
-35.062,-38.3141,4.263e-85,12
-35.052,-38.3041,4.263e-85,12
-35.042,-38.2941,4.263e-85,12
-35.032,-38.2841,4.263e-85,12
-35.022,-38.2741,4.263e-85,12
-35.012,-38.2641,4.263e-85,12
-35.002,-38.2541,4.263e-85,12
-34.992,-38.2441,4.263e-85,12
-34.982,-38.2341,4.263e-85,12
-34.972,-38.2241,4.263e-85,12
-34.962,-38.2141,4.263e-85,12
-34.952,-38.2041,4.263e-85,12
-34.942,-38.1941,4.263e-85,12
-34.932,-38.1841,4.263e-85,12
-34.922,-38.1741,4.263e-85,12
-34.912,-38.1641,4.263e-85,12
-34.902,-38.1541,4.263e-85,12
-34.892,-38.1441,4.263e-85,12
-34.882,-38.1341,4.263e-85,12
-34.872,-38.1241,4.263e-85,12
-34.862,-38.1141,4.263e-85,12
-34.852,-38.1041,4.263e-85,12
-34.842,-38.0941,4.263e-85,12
-34.832,-38.0841,4.263e-85,12
-34.822,-38.0741,4.263e-85,12
-34.812,-38.0641,4.263e-85,12
-34.802,-38.0541,4.263e-85,12
-34.792,-38.0441,4.263e-85,12
-34.782,-38.0341,4.263e-85,12
-34.772,-38.0241,4.263e-85,12
-34.762,-38.0141,4.263e-85,12
-34.752,-38.0041,4.263e-85,12
-34.742,-37.9941,4.263e-85,12
-34.732,-37.9841,4.263e-85,12
-34.722,-37.9741,4.263e-85,12
-34.712,-37.9641,4.263e-85,12
-34.702,-37.9541,4.263e-85,12
-34.692,-37.9441,4.263e-85,12
-34.682,-37.9341,4.263e-85,12
-34.672,-37.9241,4.263e-85,12
-34.662,-37.9141,4.263e-85,12
-34.652,-37.9041,4.263e-85,12
-34.642,-37.8941,4.263e-85,12
-34.632,-37.8841,4.263e-85,12
-34.622,-37.8741,4.263e-85,12
-34.612,-37.8641,4.263e-85,12
-34.602,-37.8541,4.263e-85,12
-34.592,-37.8441,4.263e-85,12
-34.582,-37.8341,4.263e-85,12
-34.572,-37.8241,4.263e-85,12
-34.562,-37.8141,4.263e-85,12
-34.552,-37.8041,4.263e-85,12
-34.542,-37.7941,4.263e-85,12
-34.532,-37.7841,4.263e-85,12
-34.522,-37.7741,4.263e-85,12
-34.512,-37.7641,4.263e-85,12
-34.502,-37.7541,4.263e-85,12
-34.492,-37.7441,4.263e-85,12
-34.482,-37.7341,4.263e-85,12
-34.472,-37.7241,4.263e-85,12
-34.462,-37.7141,4.263e-85,12
-34.452,-37.7041,4.263e-85,12
-34.442,-37.6941,4.263e-85,12
-34.432,-37.6841,4.263e-85,12
-34.422,-37.6741,4.263e-85,12
-34.412,-37.6641,4.263e-85,12
-34.402,-37.6541,4.263e-85,12
-34.392,-37.6441,4.263e-85,12
-34.382,-37.6341,4.263e-85,12
-34.372,-37.6241,4.263e-85,12
-34.362,-37.6141,4.263e-85,12
-34.352,-37.6041,4.263e-85,12
-34.342,-37.5941,4.263e-85,12
-34.332,-37.5841,4.263e-85,12
-34.322,-37.5741,4.263e-85,12
-34.312,-37.5641,4.263e-85,12
-34.302,-37.5541,4.263e-85,12
-34.292,-37.5441,4.263e-85,12
-34.282,-37.5341,4.263e-85,12
-34.272,-37.5241,4.263e-85,12
-34.262,-37.5141,4.263e-85,12
-34.252,-37.5041,4.263e-85,12
-34.242,-37.4941,4.263e-85,12
-34.232,-37.4841,4.263e-85,12
-34.222,-37.4741,4.263e-85,12
-34.212,-37.4641,4.263e-85,12
-34.202,-37.4541,4.263e-85,12
-34.192,-37.4441,4.263e-85,12
-34.182,-37.4341,4.263e-85,12
-34.172,-37.4241,4.263e-85,12
-34.162,-37.4141,4.263e-85,12
-34.152,-37.4041,4.263e-85,12
-34.142,-37.3941,4.263e-85,12
-34.132,-37.3841,4.263e-85,12
-34.122,-37.3741,4.263e-85,12
-34.112,-37.3641,4.263e-85,12
-34.102,-37.3541,4.263e-85,12
-34.092,-37.3441,4.263e-85,12
-34.082,-37.3341,4.263e-85,12
-34.072,-37.3241,4.263e-85,12
-34.062,-37.3141,4.263e-85,12
-34.052,-37.3041,4.263e-85,12
-34.042,-37.2941,4.263e-85,12
-34.032,-37.2841,4.263e-85,12
-34.022,-37.2741,4.263e-85,12
-34.012,-37.2641,4.263e-85,12
-34.002,-37.2541,4.263e-85,12
-33.992,-37.2441,4.263e-85,12
-33.982,-37.2341,4.263e-85,12
-33.972,-37.2241,4.263e-85,12
-33.962,-37.2141,4.263e-85,12
-33.952,-37.2041,4.263e-85,12
-33.942,-37.1941,4.263e-85,12
-33.932,-37.1841,4.263e-85,12
-33.922,-37.1741,4.263e-85,12
-33.912,-37.1641,4.263e-85,12
-33.902,-37.1541,4.263e-85,12
-33.892,-37.1441,4.263e-85,12
-33.882,-37.1341,4.263e-85,12
-33.872,-37.1241,4.263e-85,12
-33.862,-37.1141,4.263e-85,12
-33.852,-37.1041,4.263e-85,12
-33.842,-37.0941,4.263e-85,12
-33.832,-37.0841,4.263e-85,12
-33.822,-37.0741,4.263e-85,12
-33.812,-37.0641,4.263e-85,12
-33.802,-37.0541,4.263e-85,12
-33.792,-37.0441,4.263e-85,12
-33.782,-37.0341,4.263e-85,12
-33.772,-37.0241,4.263e-85,12
-33.762,-37.0141,4.263e-85,12
-33.752,-37.0041,4.263e-85,12
-33.742,-36.9941,4.263e-85,12
-33.732,-36.9841,4.263e-85,12
-33.722,-36.9741,4.263e-85,12
-33.712,-36.9641,4.263e-85,12
-33.702,-36.9541,4.263e-85,12
-33.692,-36.9441,4.263e-85,12
-33.682,-36.9341,4.263e-85,12
-33.672,-36.9241,4.263e-85,12
-33.662,-36.9141,4.263e-85,12
-33.652,-36.9041,4.263e-85,12
-33.642,-36.8941,4.263e-85,12
-33.632,-36.8841,4.263e-85,12
-33.622,-36.8741,4.263e-85,12
-33.612,-36.8641,4.263e-85,12
-33.602,-36.8541,4.263e-85,12
-33.592,-36.8441,4.263e-85,12
-33.582,-36.8341,4.263e-85,12
-33.572,-36.8241,4.263e-85,12
-33.562,-36.8141,4.263e-85,12
-33.552,-36.8041,4.263e-85,12
-33.542,-36.7941,4.263e-85,12
-33.532,-36.7841,4.263e-85,12
-33.522,-36.7741,4.263e-85,12
-33.512,-36.7641,4.263e-85,12
-33.502,-36.7541,4.263e-85,12
-33.492,-36.7441,4.263e-85,12
-33.482,-36.7341,4.263e-85,12
-33.472,-36.7241,4.263e-85,12
-33.462,-36.7141,4.263e-85,12
-33.452,-36.7041,4.263e-85,12
-33.442,-36.6941,4.263e-85,12
-33.432,-36.6841,4.263e-85,12
-33.422,-36.6741,4.263e-85,12
-33.412,-36.6641,4.263e-85,12
-33.402,-36.6541,4.263e-85,12
-33.392,-36.6441,4.263e-85,12
-33.382,-36.6341,4.263e-85,12
-33.372,-36.6241,4.263e-85,12
-33.362,-36.6141,4.263e-85,12
-33.352,-36.6041,4.263e-85,12
-33.342,-36.5941,4.263e-85,12
-33.332,-36.5841,4.263e-85,12
-33.322,-36.5741,4.263e-85,12
-33.312,-36.5641,4.263e-85,12
-33.302,-36.5541,4.263e-85,12
-33.292,-36.5441,4.263e-85,12
-33.282,-36.5341,4.263e-85,12
-33.272,-36.5241,4.263e-85,12
-33.262,-36.5141,4.263e-85,12
-33.252,-36.5041,4.263e-85,12
-33.242,-36.4941,4.263e-85,12
-33.232,-36.4841,4.263e-85,12
-33.222,-36.4741,4.263e-85,12
-33.212,-36.4641,4.263e-85,12
-33.202,-36.4541,4.263e-85,12
-33.192,-36.4441,4.263e-85,12
-33.182,-36.4341,4.263e-85,12
-33.172,-36.4241,4.263e-85,12
-33.162,-36.4141,4.263e-85,12
-33.152,-36.4041,4.263e-85,12
-33.142,-36.3941,4.263e-85,12
-33.132,-36.3841,4.263e-85,12
-33.122,-36.3741,4.263e-85,12
-33.112,-36.3641,4.263e-85,12
-33.102,-36.3541,4.263e-85,12
-33.092,-36.3441,4.263e-85,12
-33.082,-36.3341,4.263e-85,12
-33.072,-36.3241,4.263e-85,12
-33.062,-36.3141,4.263e-85,12
-33.052,-36.3041,4.263e-85,12
-33.042,-36.2941,4.263e-85,12
-33.032,-36.2841,4.263e-85,12
-33.022,-36.2741,4.263e-85,12
-33.012,-36.2641,4.263e-85,12
-33.002,-36.2541,4.263e-85,12
-32.992,-36.2441,4.263e-85,12
-32.982,-36.2341,4.263e-85,12
-32.972,-36.2241,4.263e-85,12
-32.962,-36.2141,4.263e-85,12
-32.952,-36.2041,4.263e-85,12
-32.942,-36.1941,4.263e-85,12
-32.932,-36.1841,4.263e-85,12
-32.922,-36.1741,4.263e-85,12
-32.912,-36.1641,4.263e-85,12
-32.902,-36.1541,4.263e-85,12
-32.892,-36.1441,4.263e-85,12
-32.882,-36.1341,4.263e-85,12
-32.872,-36.1241,4.263e-85,12
-32.862,-36.1141,4.263e-85,12
-32.852,-36.1041,4.263e-85,12
-32.842,-36.0941,4.263e-85,12
-32.832,-36.0841,4.263e-85,12
-32.822,-36.0741,4.263e-85,12
-32.812,-36.0641,4.263e-85,12
-32.802,-36.0541,4.263e-85,12
-32.792,-36.0441,4.263e-85,12
-32.782,-36.0341,4.263e-85,12
-32.772,-36.0241,4.263e-85,12
-32.762,-36.0141,4.263e-85,12
-32.752,-36.0041,4.263e-85,12
-32.742,-35.9941,4.263e-85,12
-32.732,-35.9841,4.263e-85,12
-32.722,-35.9741,4.263e-85,12
-32.712,-35.9641,4.263e-85,12
-32.702,-35.9541,4.263e-85,12
-32.692,-35.9441,4.263e-85,12
-32.682,-35.9341,4.263e-85,12
-32.672,-35.9241,4.263e-85,12
-32.662,-35.9141,4.263e-85,12
-32.652,-35.9041,4.263e-85,12
-32.642,-35.8941,4.263e-85,12
-32.632,-35.8841,4.263e-85,12
-32.622,-35.8741,4.263e-85,12
-32.612,-35.8641,4.263e-85,12
-32.602,-35.8541,4.263e-85,12
-32.592,-35.8441,4.263e-85,12
-32.582,-35.8341,4.263e-85,12
-32.572,-35.8241,4.263e-85,12
-32.562,-35.8141,4.263e-85,12
-32.552,-35.8041,4.263e-85,12
-32.542,-35.7941,4.263e-85,12
-32.532,-35.7841,4.263e-85,12
-32.522,-35.7741,4.263e-85,12
-32.512,-35.7641,4.263e-85,12
-32.502,-35.7541,4.263e-85,12
-32.492,-35.7441,4.263e-85,12
-32.482,-35.7341,4.263e-85,12
-32.472,-35.7241,4.263e-85,12
-32.462,-35.7141,4.263e-85,12
-32.452,-35.7041,4.263e-85,12
-32.442,-35.6941,4.263e-85,12
-32.432,-35.6841,4.263e-85,12
-32.422,-35.6741,4.263e-85,12
-32.412,-35.6641,4.263e-85,12
-32.402,-35.6541,4.263e-85,12
-32.392,-35.6441,4.263e-85,12
-32.382,-35.6341,4.263e-85,12
-32.372,-35.6241,4.263e-85,12
-32.362,-35.6141,4.263e-85,12
-32.352,-35.6041,4.263e-85,12
-32.342,-35.5941,4.263e-85,12
-32.332,-35.5841,4.263e-85,12
-32.322,-35.5741,4.263e-85,12
-32.312,-35.5641,4.263e-85,12
-32.302,-35.5541,4.263e-85,12
-32.292,-35.5441,4.263e-85,12
-32.282,-35.5341,4.263e-85,12
-32.272,-35.5241,4.263e-85,12
-32.262,-35.5141,4.263e-85,12
-32.252,-35.5041,4.263e-85,12
-32.242,-35.4941,4.263e-85,12
-32.232,-35.4841,4.263e-85,12
-32.222,-35.4741,4.263e-85,12
-32.212,-35.4641,4.263e-85,12
-32.202,-35.4541,4.263e-85,12
-32.192,-35.4441,4.263e-85,12
-32.182,-35.4341,4.263e-85,12
-32.172,-35.4241,4.263e-85,12
-32.162,-35.4141,4.263e-85,12
-32.152,-35.4041,4.263e-85,12
-32.142,-35.3941,4.263e-85,12
-32.132,-35.3841,4.263e-85,12
-32.122,-35.3741,4.263e-85,12
-32.112,-35.3641,4.263e-85,12
-32.102,-35.3541,4.263e-85,12
-32.092,-35.3441,4.263e-85,12
-32.082,-35.3341,4.263e-85,12
-32.072,-35.3241,4.263e-85,12
-32.062,-35.3141,4.263e-85,12
-32.052,-35.3041,4.263e-85,12
-32.042,-35.2941,4.263e-85,12
-32.032,-35.2841,4.263e-85,12
-32.022,-35.2741,4.263e-85,12
-32.012,-35.2641,4.263e-85,12
-32.002,-35.2541,4.263e-85,12
-31.992,-35.2441,4.263e-85,12
-31.982,-35.2341,4.263e-85,12
-31.972,-35.2241,4.263e-85,12
-31.962,-35.2141,4.263e-85,12
-31.952,-35.2041,4.263e-85,12
-31.942,-35.1941,4.263e-85,12
-31.932,-35.1841,4.263e-85,12
-31.922,-35.1741,4.263e-85,12
-31.912,-35.1641,4.263e-85,12
-31.902,-35.1541,4.263e-85,12
-31.892,-35.1441,4.263e-85,12
-31.882,-35.1341,4.263e-85,12
-31.872,-35.1241,4.263e-85,12
-31.862,-35.1141,4.263e-85,12
-31.852,-35.1041,4.263e-85,12
-31.842,-35.0941,4.263e-85,12
-31.832,-35.0841,4.263e-85,12
-31.822,-35.0741,4.263e-85,12
-31.812,-35.0641,4.263e-85,12
-31.802,-35.0541,4.263e-85,12
-31.792,-35.0441,4.263e-85,12
-31.782,-35.0341,4.263e-85,12
-31.772,-35.0241,4.263e-85,12
-31.762,-35.0141,4.263e-85,12
-31.752,-35.0041,4.263e-85,12
-31.742,-34.9941,4.263e-85,12
-31.732,-34.9841,4.263e-85,12
-31.722,-34.9741,4.263e-85,12
-31.712,-34.9641,4.263e-85,12
-31.702,-34.9541,4.263e-85,12
-31.692,-34.9441,4.263e-85,12
-31.682,-34.9341,4.263e-85,12
-31.672,-34.9241,4.263e-85,12
-31.662,-34.9141,4.263e-85,12
-31.652,-34.9041,4.263e-85,12
-31.642,-34.8941,4.263e-85,12
-31.632,-34.8841,4.263e-85,12
-31.622,-34.8741,4.263e-85,12
-31.612,-34.8641,4.263e-85,12
-31.602,-34.8541,4.263e-85,12
-31.592,-34.8441,4.263e-85,12
-31.582,-34.8341,4.263e-85,12
-31.572,-34.8241,4.263e-85,12
-31.562,-34.8141,4.263e-85,12
-31.552,-34.8041,4.263e-85,12
-31.542,-34.7941,4.263e-85,12
-31.532,-34.7841,4.263e-85,12
-31.522,-34.7741,4.263e-85,12
-31.512,-34.7641,4.263e-85,12
-31.502,-34.7541,4.263e-85,12
-31.492,-34.7441,4.263e-85,12
-31.482,-34.7341,4.263e-85,12
-31.472,-34.7241,4.263e-85,12
-31.462,-34.7141,4.263e-85,12
-31.452,-34.7041,4.263e-85,12
-31.442,-34.6941,4.263e-85,12
-31.432,-34.6841,4.263e-85,12
-31.422,-34.6741,4.263e-85,12
-31.412,-34.6641,4.263e-85,12
-31.402,-34.6541,4.263e-85,12
-31.392,-34.6441,4.263e-85,12
-31.382,-34.6341,4.263e-85,12
-31.372,-34.6241,4.263e-85,12
-31.362,-34.6141,4.263e-85,12
-31.352,-34.6041,4.263e-85,12
-31.342,-34.5941,4.263e-85,12
-31.332,-34.5841,4.263e-85,12
-31.322,-34.5741,4.263e-85,12
-31.312,-34.5641,4.263e-85,12
-31.302,-34.5541,4.263e-85,12
-31.292,-34.5441,4.263e-85,12
-31.282,-34.5341,4.263e-85,12
-31.272,-34.5241,4.263e-85,12
-31.262,-34.5141,4.263e-85,12
-31.252,-34.5041,4.263e-85,12
-31.242,-34.4941,4.263e-85,12
-31.232,-34.4841,4.263e-85,12
-31.222,-34.4741,4.263e-85,12
-31.212,-34.4641,4.263e-85,12
-31.202,-34.4541,4.263e-85,12
-31.192,-34.4441,4.263e-85,12
-31.182,-34.4341,4.263e-85,12
-31.172,-34.4241,4.263e-85,12
-31.162,-34.4141,4.263e-85,12
-31.152,-34.4041,4.263e-85,12
-31.142,-34.3941,4.263e-85,12
-31.132,-34.3841,4.263e-85,12
-31.122,-34.3741,4.263e-85,12
-31.112,-34.3641,4.263e-85,12
-31.102,-34.3541,4.263e-85,12
-31.092,-34.3441,4.263e-85,12
-31.082,-34.3341,4.263e-85,12
-31.072,-34.3241,4.263e-85,12
-31.062,-34.3141,4.263e-85,12
-31.052,-34.3041,4.263e-85,12
-31.042,-34.2941,4.263e-85,12
-31.032,-34.2841,4.263e-85,12
-31.022,-34.2741,4.263e-85,12
-31.012,-34.2641,4.263e-85,12
-31.002,-34.2541,4.263e-85,12
-30.992,-34.2441,4.263e-85,12
-30.982,-34.2341,4.263e-85,12
-30.972,-34.2241,4.263e-85,12
-30.962,-34.2141,4.263e-85,12
-30.952,-34.2041,4.263e-85,12
-30.942,-34.1941,4.263e-85,12
-30.932,-34.1841,4.263e-85,12
-30.922,-34.1741,4.263e-85,12
-30.912,-34.1641,4.263e-85,12
-30.902,-34.1541,4.263e-85,12
-30.892,-34.1441,4.263e-85,12
-30.882,-34.1341,4.263e-85,12
-30.872,-34.1241,4.263e-85,12
-30.862,-34.1141,4.263e-85,12
-30.852,-34.1041,4.263e-85,12
-30.842,-34.0941,4.263e-85,12
-30.832,-34.0841,4.263e-85,12
-30.822,-34.0741,4.263e-85,12
-30.812,-34.0641,4.263e-85,12
-30.802,-34.0541,4.263e-85,12
-30.792,-34.0441,4.263e-85,12
-30.782,-34.0341,4.263e-85,12
-30.772,-34.0241,4.263e-85,12
-30.762,-34.0141,4.263e-85,12
-30.752,-34.0041,4.263e-85,12
-30.742,-33.9941,4.263e-85,12
-30.732,-33.9841,4.263e-85,12
-30.722,-33.9741,4.263e-85,12
-30.712,-33.9641,4.263e-85,12
-30.702,-33.9541,4.263e-85,12
-30.692,-33.9441,4.263e-85,12
-30.682,-33.9341,4.263e-85,12
-30.672,-33.9241,4.263e-85,12
-30.662,-33.9141,4.263e-85,12
-30.652,-33.9041,4.263e-85,12
-30.642,-33.8941,4.263e-85,12
-30.632,-33.8841,4.263e-85,12
-30.622,-33.8741,4.263e-85,12
-30.612,-33.8641,4.263e-85,12
-30.602,-33.8541,4.263e-85,12
-30.592,-33.8441,4.263e-85,12
-30.582,-33.8341,4.263e-85,12
-30.572,-33.8241,4.263e-85,12
-30.562,-33.8141,4.263e-85,12
-30.552,-33.8041,4.263e-85,12
-30.542,-33.7941,4.263e-85,12
-30.532,-33.7841,4.263e-85,12
-30.522,-33.7741,4.263e-85,12
-30.512,-33.7641,4.263e-85,12
-30.502,-33.7541,4.263e-85,12
-30.492,-33.7441,4.263e-85,12
-30.482,-33.7341,4.263e-85,12
-30.472,-33.7241,4.263e-85,12
-30.462,-33.7141,4.263e-85,12
-30.452,-33.7041,4.263e-85,12
-30.442,-33.6941,4.263e-85,12
-30.432,-33.6841,4.263e-85,12
-30.422,-33.6741,4.263e-85,12
-30.412,-33.6641,4.263e-85,12
-30.402,-33.6541,4.263e-85,12
-30.392,-33.6441,4.263e-85,12
-30.382,-33.6341,4.263e-85,12
-30.372,-33.6241,4.263e-85,12
-30.362,-33.6141,4.263e-85,12
-30.352,-33.6041,4.263e-85,12
-30.342,-33.5941,4.263e-85,12
-30.332,-33.5841,4.263e-85,12
-30.322,-33.5741,4.263e-85,12
-30.312,-33.5641,4.263e-85,12
-30.302,-33.5541,4.263e-85,12
-30.292,-33.5441,4.263e-85,12
-30.282,-33.5341,4.263e-85,12
-30.272,-33.5241,4.263e-85,12
-30.262,-33.5141,4.263e-85,12
-30.252,-33.5041,4.263e-85,12
-30.242,-33.4941,4.263e-85,12
-30.232,-33.4841,4.263e-85,12
-30.222,-33.4741,4.263e-85,12
-30.212,-33.4641,4.263e-85,12
-30.202,-33.4541,4.263e-85,12
-30.192,-33.4441,4.263e-85,12
-30.182,-33.4341,4.263e-85,12
-30.172,-33.4241,4.263e-85,12
-30.162,-33.4141,4.263e-85,12
-30.152,-33.4041,4.263e-85,12
-30.142,-33.3941,4.263e-85,12
-30.132,-33.3841,4.263e-85,12
-30.122,-33.3741,4.263e-85,12
-30.112,-33.3641,4.263e-85,12
-30.102,-33.3541,4.263e-85,12
-30.092,-33.3441,4.263e-85,12
-30.082,-33.3341,4.263e-85,12
-30.072,-33.3241,4.263e-85,12
-30.062,-33.3141,4.263e-85,12
-30.052,-33.3041,4.263e-85,12
-30.042,-33.2941,4.263e-85,12
-30.032,-33.2841,4.263e-85,12
-30.022,-33.2741,4.263e-85,12
-30.012,-33.2641,4.263e-85,12
-30.002,-33.2541,4.263e-85,12
-29.992,-33.2441,4.263e-85,12
-29.982,-33.2341,4.263e-85,12
-29.972,-33.2241,4.263e-85,12
-29.962,-33.2141,4.263e-85,12
-29.952,-33.2041,4.263e-85,12
-29.942,-33.1941,4.263e-85,12
-29.932,-33.1841,4.263e-85,12
-29.922,-33.1741,4.263e-85,12
-29.912,-33.1641,4.263e-85,12
-29.902,-33.1541,4.263e-85,12
-29.892,-33.1441,4.263e-85,12
-29.882,-33.1341,4.263e-85,12
-29.872,-33.1241,4.263e-85,12
-29.862,-33.1141,4.263e-85,12
-29.852,-33.1041,4.263e-85,12
-29.842,-33.0941,4.263e-85,12
-29.832,-33.0841,4.263e-85,12
-29.822,-33.0741,4.263e-85,12
-29.812,-33.0641,4.263e-85,12
-29.802,-33.0541,4.263e-85,12
-29.792,-33.0441,4.263e-85,12
-29.782,-33.0341,4.263e-85,12
-29.772,-33.0241,4.263e-85,12
-29.762,-33.0141,4.263e-85,12
-29.752,-33.0041,4.263e-85,12
-29.742,-32.9941,4.263e-85,12
-29.732,-32.9841,4.263e-85,12
-29.722,-32.9741,4.263e-85,12
-29.712,-32.9641,4.263e-85,12
-29.702,-32.9541,4.263e-85,12
-29.692,-32.9441,4.263e-85,12
-29.682,-32.9341,4.263e-85,12
-29.672,-32.9241,4.263e-85,12
-29.662,-32.9141,4.263e-85,12
-29.652,-32.9041,4.263e-85,12
-29.642,-32.8941,4.263e-85,12
-29.632,-32.8841,4.263e-85,12
-29.622,-32.8741,4.263e-85,12
-29.612,-32.8641,4.263e-85,12
-29.602,-32.8541,4.263e-85,12
-29.592,-32.8441,4.263e-85,12
-29.582,-32.8341,4.263e-85,12
-29.572,-32.8241,4.263e-85,12
-29.562,-32.8141,4.263e-85,12
-29.552,-32.8041,4.263e-85,12
-29.542,-32.7941,4.263e-85,12
-29.532,-32.7841,4.263e-85,12
-29.522,-32.7741,4.263e-85,12
-29.512,-32.7641,4.263e-85,12
-29.502,-32.7541,4.263e-85,12
-29.492,-32.7441,4.263e-85,12
-29.482,-32.7341,4.263e-85,12
-29.472,-32.7241,4.263e-85,12
-29.462,-32.7141,4.263e-85,12
-29.452,-32.7041,4.263e-85,12
-29.442,-32.6941,4.263e-85,12
-29.432,-32.6841,4.263e-85,12
-29.422,-32.6741,4.263e-85,12
-29.412,-32.6641,4.263e-85,12
-29.402,-32.6541,4.263e-85,12
-29.392,-32.6441,4.263e-85,12
-29.382,-32.6341,4.263e-85,12
-29.372,-32.6241,4.263e-85,12
-29.362,-32.6141,4.263e-85,12
-29.352,-32.6041,4.263e-85,12
-29.342,-32.5941,4.263e-85,12
-29.332,-32.5841,4.263e-85,12
-29.322,-32.5741,4.263e-85,12
-29.312,-32.5641,4.263e-85,12
-29.302,-32.5541,4.263e-85,12
-29.292,-32.5441,4.263e-85,12
-29.282,-32.5341,4.263e-85,12
-29.272,-32.5241,4.263e-85,12
-29.262,-32.5141,4.263e-85,12
-29.252,-32.5041,4.263e-85,12
-29.242,-32.4941,4.263e-85,12
-29.232,-32.4841,4.263e-85,12
-29.222,-32.4741,4.263e-85,12
-29.212,-32.4641,4.263e-85,12
-29.202,-32.4541,4.263e-85,12
-29.192,-32.4441,4.263e-85,12
-29.182,-32.4341,4.263e-85,12
-29.172,-32.4241,4.263e-85,12
-29.162,-32.4141,4.263e-85,12
-29.152,-32.4041,4.263e-85,12
-29.142,-32.3941,4.263e-85,12
-29.132,-32.3841,4.263e-85,12
-29.122,-32.3741,4.263e-85,12
-29.112,-32.3641,4.263e-85,12
-29.102,-32.3541,4.263e-85,12
-29.092,-32.3441,4.263e-85,12
-29.082,-32.3341,4.263e-85,12
-29.072,-32.3241,4.263e-85,12
-29.062,-32.3141,4.263e-85,12
-29.052,-32.3041,4.263e-85,12
-29.042,-32.2941,4.263e-85,12
-29.032,-32.2841,4.263e-85,12
-29.022,-32.2741,4.263e-85,12
-29.012,-32.2641,4.263e-85,12
-29.002,-32.2541,4.263e-85,12
-28.992,-32.2441,4.263e-85,12
-28.982,-32.2341,4.263e-85,12
-28.972,-32.2241,4.263e-85,12
-28.962,-32.2141,4.263e-85,12
-28.952,-32.2041,4.263e-85,12
-28.942,-32.1941,4.263e-85,12
-28.932,-32.1841,4.263e-85,12
-28.922,-32.1741,4.263e-85,12
-28.912,-32.1641,4.263e-85,12
-28.902,-32.1541,4.263e-85,12
-28.892,-32.1441,4.263e-85,12
-28.882,-32.1341,4.263e-85,12
-28.872,-32.1241,4.263e-85,12
-28.862,-32.1141,4.263e-85,12
-28.852,-32.1041,4.263e-85,12
-28.842,-32.0941,4.263e-85,12
-28.832,-32.0841,4.263e-85,12
-28.822,-32.0741,4.263e-85,12
-28.812,-32.0641,4.263e-85,12
-28.802,-32.0541,4.263e-85,12
-28.792,-32.0441,4.263e-85,12
-28.782,-32.0341,4.263e-85,12
-28.772,-32.0241,4.263e-85,12
-28.762,-32.0141,4.263e-85,12
-28.752,-32.0041,4.263e-85,12
-28.742,-31.9941,4.263e-85,12
-28.732,-31.9841,4.263e-85,12
-28.722,-31.9741,4.263e-85,12
-28.712,-31.9641,4.263e-85,12
-28.702,-31.9541,4.263e-85,12
-28.692,-31.9441,4.263e-85,12
-28.682,-31.9341,4.263e-85,12
-28.672,-31.9241,4.263e-85,12
-28.662,-31.9141,4.263e-85,12
-28.652,-31.9041,4.263e-85,12
-28.642,-31.8941,4.263e-85,12
-28.632,-31.8841,4.263e-85,12
-28.622,-31.8741,4.263e-85,12
-28.612,-31.8641,4.263e-85,12
-28.602,-31.8541,4.263e-85,12
-28.592,-31.8441,4.263e-85,12
-28.582,-31.8341,4.263e-85,12
-28.572,-31.8241,4.263e-85,12
-28.562,-31.8141,4.263e-85,12
-28.552,-31.8041,4.263e-85,12
-28.542,-31.7941,4.263e-85,12
-28.532,-31.7841,4.263e-85,12
-28.522,-31.7741,4.263e-85,12
-28.512,-31.7641,4.263e-85,12
-28.502,-31.7541,4.263e-85,12
-28.492,-31.7441,4.263e-85,12
-28.482,-31.7341,4.263e-85,12
-28.472,-31.7241,4.263e-85,12
-28.462,-31.7141,4.263e-85,12
-28.452,-31.7041,4.263e-85,12
-28.442,-31.6941,4.263e-85,12
-28.432,-31.6841,4.263e-85,12
-28.422,-31.6741,4.263e-85,12
-28.412,-31.6641,4.263e-85,12
-28.402,-31.6541,4.263e-85,12
-28.392,-31.6441,4.263e-85,12
-28.382,-31.6341,4.263e-85,12
-28.372,-31.6241,4.263e-85,12
-28.362,-31.6141,4.263e-85,12
-28.352,-31.6041,4.263e-85,12
-28.342,-31.5941,4.263e-85,12
-28.332,-31.5841,4.263e-85,12
-28.322,-31.5741,4.263e-85,12
-28.312,-31.5641,4.263e-85,12
-28.302,-31.5541,4.263e-85,12
-28.292,-31.5441,4.263e-85,12
-28.282,-31.5341,4.263e-85,12
-28.272,-31.5241,4.263e-85,12
-28.262,-31.5141,4.263e-85,12
-28.252,-31.5041,4.263e-85,12
-28.242,-31.4941,4.263e-85,12
-28.232,-31.4841,4.263e-85,12
-28.222,-31.4741,4.263e-85,12
-28.212,-31.4641,4.263e-85,12
-28.202,-31.4541,4.263e-85,12
-28.192,-31.4441,4.263e-85,12
-28.182,-31.4341,4.263e-85,12
-28.172,-31.4241,4.263e-85,12
-28.162,-31.4141,4.263e-85,12
-28.152,-31.4041,4.263e-85,12
-28.142,-31.3941,4.263e-85,12
-28.132,-31.3841,4.263e-85,12
-28.122,-31.3741,4.263e-85,12
-28.112,-31.3641,4.263e-85,12
-28.102,-31.3541,4.263e-85,12
-28.092,-31.3441,4.263e-85,12
-28.082,-31.3341,4.263e-85,12
-28.072,-31.3241,4.263e-85,12
-28.062,-31.3141,4.263e-85,12
-28.052,-31.3041,4.263e-85,12
-28.042,-31.2941,4.263e-85,12
-28.032,-31.2841,4.263e-85,12
-28.022,-31.2741,4.263e-85,12
-28.012,-31.2641,4.263e-85,12
-28.002,-31.2541,4.263e-85,12
-27.992,-31.2441,4.263e-85,12
-27.982,-31.2341,4.263e-85,12
-27.972,-31.2241,4.263e-85,12
-27.962,-31.2141,4.263e-85,12
-27.952,-31.2041,4.263e-85,12
-27.942,-31.1941,4.263e-85,12
-27.932,-31.1841,4.263e-85,12
-27.922,-31.1741,4.263e-85,12
-27.912,-31.1641,4.263e-85,12
-27.902,-31.1541,4.263e-85,12
-27.892,-31.1441,4.263e-85,12
-27.882,-31.1341,4.263e-85,12
-27.872,-31.1241,4.263e-85,12
-27.862,-31.1141,4.263e-85,12
-27.852,-31.1041,4.263e-85,12
-27.842,-31.0941,4.263e-85,12
-27.832,-31.0841,4.263e-85,12
-27.822,-31.0741,4.263e-85,12
-27.812,-31.0641,4.263e-85,12
-27.802,-31.0541,4.263e-85,12
-27.792,-31.0441,4.263e-85,12
-27.782,-31.0341,4.263e-85,12
-27.772,-31.0241,4.263e-85,12
-27.762,-31.0141,4.263e-85,12
-27.752,-31.0041,4.263e-85,12
-27.742,-30.9941,4.263e-85,12
-27.732,-30.9841,4.263e-85,12
-27.722,-30.9741,4.263e-85,12
-27.712,-30.9641,4.263e-85,12
-27.702,-30.9541,4.263e-85,12
-27.692,-30.9441,4.263e-85,12
-27.682,-30.9341,4.263e-85,12
-27.672,-30.9241,4.263e-85,12
-27.662,-30.9141,4.263e-85,12
-27.652,-30.9041,4.263e-85,12
-27.642,-30.8941,4.263e-85,12
-27.632,-30.8841,4.263e-85,12
-27.622,-30.8741,4.263e-85,12
-27.612,-30.8641,4.263e-85,12
-27.602,-30.8541,4.263e-85,12
-27.592,-30.8441,4.263e-85,12
-27.582,-30.8341,4.263e-85,12
-27.572,-30.8241,4.263e-85,12
-27.562,-30.8141,4.263e-85,12
-27.552,-30.8041,4.263e-85,12
-27.542,-30.7941,4.263e-85,12
-27.532,-30.7841,4.263e-85,12
-27.522,-30.7741,4.263e-85,12
-27.512,-30.7641,4.263e-85,12
-27.502,-30.7541,4.263e-85,12
-27.492,-30.7441,4.263e-85,12
-27.482,-30.7341,4.263e-85,12
-27.472,-30.7241,4.263e-85,12
-27.462,-30.7141,4.263e-85,12
-27.452,-30.7041,4.263e-85,12
-27.442,-30.6941,4.263e-85,12
-27.432,-30.6841,4.263e-85,12
-27.422,-30.6741,4.263e-85,12
-27.412,-30.6641,4.263e-85,12
-27.402,-30.6541,4.263e-85,12
-27.392,-30.6441,4.263e-85,12
-27.382,-30.6341,4.263e-85,12
-27.372,-30.6241,4.263e-85,12
-27.362,-30.6141,4.263e-85,12
-27.352,-30.6041,4.263e-85,12
-27.342,-30.5941,4.263e-85,12
-27.332,-30.5841,4.263e-85,12
-27.322,-30.5741,4.263e-85,12
-27.312,-30.5641,4.263e-85,12
-27.302,-30.5541,4.263e-85,12
-27.292,-30.5441,4.263e-85,12
-27.282,-30.5341,4.263e-85,12
-27.272,-30.5241,4.263e-85,12
-27.262,-30.5141,4.263e-85,12
-27.252,-30.5041,4.263e-85,12
-27.242,-30.4941,4.263e-85,12
-27.232,-30.4841,4.263e-85,12
-27.222,-30.4741,4.263e-85,12
-27.212,-30.4641,4.263e-85,12
-27.202,-30.4541,4.263e-85,12
-27.192,-30.4441,4.263e-85,12
-27.182,-30.4341,4.263e-85,12
-27.172,-30.4241,4.263e-85,12
-27.162,-30.4141,4.263e-85,12
-27.152,-30.4041,4.263e-85,12
-27.142,-30.3941,4.263e-85,12
-27.132,-30.3841,4.263e-85,12
-27.122,-30.3741,4.263e-85,12
-27.112,-30.3641,4.263e-85,12
-27.102,-30.3541,4.263e-85,12
-27.092,-30.3441,4.263e-85,12
-27.082,-30.3341,4.263e-85,12
-27.072,-30.3241,4.263e-85,12
-27.062,-30.3141,4.263e-85,12
-27.052,-30.3041,4.263e-85,12
-27.042,-30.2941,4.263e-85,12
-27.032,-30.2841,4.263e-85,12
-27.022,-30.2741,4.263e-85,12
-27.012,-30.2641,4.263e-85,12
-27.002,-30.2541,4.263e-85,12
-26.992,-30.2441,4.263e-85,12
-26.982,-30.2341,4.263e-85,12
-26.972,-30.2241,4.263e-85,12
-26.962,-30.2141,4.263e-85,12
-26.952,-30.2041,4.263e-85,12
-26.942,-30.1941,4.263e-85,12
-26.932,-30.1841,4.263e-85,12
-26.922,-30.1741,4.263e-85,12
-26.912,-30.1641,4.263e-85,12
-26.902,-30.1541,4.263e-85,12
-26.892,-30.1441,4.263e-85,12
-26.882,-30.1341,4.263e-85,12
-26.872,-30.1241,4.263e-85,12
-26.862,-30.1141,4.263e-85,12
-26.852,-30.1041,4.263e-85,12
-26.842,-30.0941,4.263e-85,12
-26.832,-30.0841,4.263e-85,12
-26.822,-30.0741,4.263e-85,12
-26.812,-30.0641,4.263e-85,12
-26.802,-30.0541,4.263e-85,12
-26.792,-30.0441,4.263e-85,12
-26.782,-30.0341,4.263e-85,12
-26.772,-30.0241,4.263e-85,12
-26.762,-30.0141,4.263e-85,12
-26.752,-30.0041,4.263e-85,12
-26.742,-29.9941,4.263e-85,12
-26.732,-29.9841,4.263e-85,12
-26.722,-29.9741,4.263e-85,12
-26.712,-29.9641,4.263e-85,12
-26.702,-29.9541,4.263e-85,12
-26.692,-29.9441,4.263e-85,12
-26.682,-29.9341,4.263e-85,12
-26.672,-29.9241,4.263e-85,12
-26.662,-29.9141,4.263e-85,12
-26.652,-29.9041,4.263e-85,12
-26.642,-29.8941,4.263e-85,12
-26.632,-29.8841,4.263e-85,12
-26.622,-29.8741,4.263e-85,12
-26.612,-29.8641,4.263e-85,12
-26.602,-29.8541,4.263e-85,12
-26.592,-29.8441,4.263e-85,12
-26.582,-29.8341,4.263e-85,12
-26.572,-29.8241,4.263e-85,12
-26.562,-29.8141,4.263e-85,12
-26.552,-29.8041,4.263e-85,12
-26.542,-29.7941,4.263e-85,12
-26.532,-29.7841,4.263e-85,12
-26.522,-29.7741,4.263e-85,12
-26.512,-29.7641,4.263e-85,12
-26.502,-29.7541,4.263e-85,12
-26.492,-29.7441,4.263e-85,12
-26.482,-29.7341,4.263e-85,12
-26.472,-29.7241,4.263e-85,12
-26.462,-29.7141,4.263e-85,12
-26.452,-29.7041,4.263e-85,12
-26.442,-29.6941,4.263e-85,12
-26.432,-29.6841,4.263e-85,12
-26.422,-29.6741,4.263e-85,12
-26.412,-29.6641,4.263e-85,12
-26.402,-29.6541,4.263e-85,12
-26.392,-29.6441,4.263e-85,12
-26.382,-29.6341,4.263e-85,12
-26.372,-29.6241,4.263e-85,12
-26.362,-29.6141,4.263e-85,12
-26.352,-29.6041,4.263e-85,12
-26.342,-29.5941,4.263e-85,12
-26.332,-29.5841,4.263e-85,12
-26.322,-29.5741,4.263e-85,12
-26.312,-29.5641,4.263e-85,12
-26.302,-29.5541,4.263e-85,12
-26.292,-29.5441,4.263e-85,12
-26.282,-29.5341,4.263e-85,12
-26.272,-29.5241,4.263e-85,12
-26.262,-29.5141,4.263e-85,12
-26.252,-29.5041,4.263e-85,12
-26.242,-29.4941,4.263e-85,12
-26.232,-29.4841,4.263e-85,12
-26.222,-29.4741,4.263e-85,12
-26.212,-29.4641,4.263e-85,12
-26.202,-29.4541,4.263e-85,12
-26.192,-29.4441,4.263e-85,12
-26.182,-29.4341,4.263e-85,12
-26.172,-29.4241,4.263e-85,12
-26.162,-29.4141,4.263e-85,12
-26.152,-29.4041,4.263e-85,12
-26.142,-29.3941,4.263e-85,12
-26.132,-29.3841,4.263e-85,12
-26.122,-29.3741,4.263e-85,12
-26.112,-29.3641,4.263e-85,12
-26.102,-29.3541,4.263e-85,12
-26.092,-29.3441,4.263e-85,12
-26.082,-29.3341,4.263e-85,12
-26.072,-29.3241,4.263e-85,12
-26.062,-29.3141,4.263e-85,12
-26.052,-29.3041,4.263e-85,12
-26.042,-29.2941,4.263e-85,12
-26.032,-29.2841,4.263e-85,12
-26.022,-29.2741,4.263e-85,12
-26.012,-29.2641,4.263e-85,12
-26.002,-29.2541,4.263e-85,12
-25.992,-29.2441,4.263e-85,12
-25.982,-29.2341,4.263e-85,12
-25.972,-29.2241,4.263e-85,12
-25.962,-29.2141,4.263e-85,12
-25.952,-29.2041,4.263e-85,12
-25.942,-29.1941,4.263e-85,12
-25.932,-29.1841,4.263e-85,12
-25.922,-29.1741,4.263e-85,12
-25.912,-29.1641,4.263e-85,12
-25.902,-29.1541,4.263e-85,12
-25.892,-29.1441,4.263e-85,12
-25.882,-29.1341,4.263e-85,12
-25.872,-29.1241,4.263e-85,12
-25.862,-29.1141,4.263e-85,12
-25.852,-29.1041,4.263e-85,12
-25.842,-29.0941,4.263e-85,12
-25.832,-29.0841,4.263e-85,12
-25.822,-29.0741,4.263e-85,12
-25.812,-29.0641,4.263e-85,12
-25.802,-29.0541,4.263e-85,12
-25.792,-29.0441,4.263e-85,12
-25.782,-29.0341,4.263e-85,12
-25.772,-29.0241,4.263e-85,12
-25.762,-29.0141,4.263e-85,12
-25.752,-29.0041,4.263e-85,12
-25.742,-28.9941,4.263e-85,12
-25.732,-28.9841,4.263e-85,12
-25.722,-28.9741,4.263e-85,12
-25.712,-28.9641,4.263e-85,12
-25.702,-28.9541,4.263e-85,12
-25.692,-28.9441,4.263e-85,12
-25.682,-28.9341,4.263e-85,12
-25.672,-28.9241,4.263e-85,12
-25.662,-28.9141,4.263e-85,12
-25.652,-28.9041,4.263e-85,12
-25.642,-28.8941,4.263e-85,12
-25.632,-28.8841,4.263e-85,12
-25.622,-28.8741,4.263e-85,12
-25.612,-28.8641,4.263e-85,12
-25.602,-28.8541,4.263e-85,12
-25.592,-28.8441,4.263e-85,12
-25.582,-28.8341,4.263e-85,12
-25.572,-28.8241,4.263e-85,12
-25.562,-28.8141,4.263e-85,12
-25.552,-28.8041,4.263e-85,12
-25.542,-28.7941,4.263e-85,12
-25.532,-28.7841,4.263e-85,12
-25.522,-28.7741,4.263e-85,12
-25.512,-28.7641,4.263e-85,12
-25.502,-28.7541,4.263e-85,12
-25.492,-28.7441,4.263e-85,12
-25.482,-28.7341,4.263e-85,12
-25.472,-28.7241,4.263e-85,12
-25.462,-28.7141,4.263e-85,12
-25.452,-28.7041,4.263e-85,12
-25.442,-28.6941,4.263e-85,12
-25.432,-28.6841,4.263e-85,12
-25.422,-28.6741,4.263e-85,12
-25.412,-28.6641,4.263e-85,12
-25.402,-28.6541,4.263e-85,12
-25.392,-28.6441,4.263e-85,12
-25.382,-28.6341,4.263e-85,12
-25.372,-28.6241,4.263e-85,12
-25.362,-28.6141,4.263e-85,12
-25.352,-28.6041,4.263e-85,12
-25.342,-28.5941,4.263e-85,12
-25.332,-28.5841,4.263e-85,12
-25.322,-28.5741,4.263e-85,12
-25.312,-28.5641,4.263e-85,12
-25.302,-28.5541,4.263e-85,12
-25.292,-28.5441,4.263e-85,12
-25.282,-28.5341,4.263e-85,12
-25.272,-28.5241,4.263e-85,12
-25.262,-28.5141,4.263e-85,12
-25.252,-28.5041,4.263e-85,12
-25.242,-28.4941,4.263e-85,12
-25.232,-28.4841,4.263e-85,12
-25.222,-28.4741,4.263e-85,12
-25.212,-28.4641,4.263e-85,12
-25.202,-28.4541,4.263e-85,12
-25.192,-28.4441,4.263e-85,12
-25.182,-28.4341,4.263e-85,12
-25.172,-28.4241,4.263e-85,12
-25.162,-28.4141,4.263e-85,12
-25.152,-28.4041,4.263e-85,12
-25.142,-28.3941,4.263e-85,12
-25.132,-28.3841,4.263e-85,12
-25.122,-28.3741,4.263e-85,12
-25.112,-28.3641,4.263e-85,12
-25.102,-28.3541,4.263e-85,12
-25.092,-28.3441,4.263e-85,12
-25.082,-28.3341,4.263e-85,12
-25.072,-28.3241,4.263e-85,12
-25.062,-28.3141,4.263e-85,12
-25.052,-28.3041,4.263e-85,12
-25.042,-28.2941,4.263e-85,12
-25.032,-28.2841,4.263e-85,12
-25.022,-28.2741,4.263e-85,12
-25.012,-28.2641,4.263e-85,12
-25.002,-28.2541,4.263e-85,12
-24.992,-28.2441,4.263e-85,12
-24.982,-28.2341,4.263e-85,12
-24.972,-28.2241,4.263e-85,12
-24.962,-28.2141,4.263e-85,12
-24.952,-28.2041,4.263e-85,12
-24.942,-28.1941,4.263e-85,12
-24.932,-28.1841,4.263e-85,12
-24.922,-28.1741,4.263e-85,12
-24.912,-28.1641,4.263e-85,12
-24.902,-28.1541,4.263e-85,12
-24.892,-28.1441,4.263e-85,12
-24.882,-28.1341,4.263e-85,12
-24.872,-28.1241,4.263e-85,12
-24.862,-28.1141,4.263e-85,12
-24.852,-28.1041,4.263e-85,12
-24.842,-28.0941,4.263e-85,12
-24.832,-28.0841,4.263e-85,12
-24.822,-28.0741,4.263e-85,12
-24.812,-28.0641,4.263e-85,12
-24.802,-28.0541,4.263e-85,12
-24.792,-28.0441,4.263e-85,12
-24.782,-28.0341,4.263e-85,12
-24.772,-28.0241,4.263e-85,12
-24.762,-28.0141,4.263e-85,12
-24.752,-28.0041,4.263e-85,12
-24.742,-27.9941,4.263e-85,12
-24.732,-27.9841,4.263e-85,12
-24.722,-27.9741,4.263e-85,12
-24.712,-27.9641,4.263e-85,12
-24.702,-27.9541,4.263e-85,12
-24.692,-27.9441,4.263e-85,12
-24.682,-27.9341,4.263e-85,12
-24.672,-27.9241,4.263e-85,12
-24.662,-27.9141,4.263e-85,12
-24.652,-27.9041,4.263e-85,12
-24.642,-27.8941,4.263e-85,12
-24.632,-27.8841,4.263e-85,12
-24.622,-27.8741,4.263e-85,12
-24.612,-27.8641,4.263e-85,12
-24.602,-27.8541,4.263e-85,12
-24.592,-27.8441,4.263e-85,12
-24.582,-27.8341,4.263e-85,12
-24.572,-27.8241,4.263e-85,12
-24.562,-27.8141,4.263e-85,12
-24.552,-27.8041,4.263e-85,12
-24.542,-27.7941,4.263e-85,12
-24.532,-27.7841,4.263e-85,12
-24.522,-27.7741,4.263e-85,12
-24.512,-27.7641,4.263e-85,12
-24.502,-27.7541,4.263e-85,12
-24.492,-27.7441,4.263e-85,12
-24.482,-27.7341,4.263e-85,12
-24.472,-27.7241,4.263e-85,12
-24.462,-27.7141,4.263e-85,12
-24.452,-27.7041,4.263e-85,12
-24.442,-27.6941,4.263e-85,12
-24.432,-27.6841,4.263e-85,12
-24.422,-27.6741,4.263e-85,12
-24.412,-27.6641,4.263e-85,12
-24.402,-27.6541,4.263e-85,12
-24.392,-27.6441,4.263e-85,12
-24.382,-27.6341,4.263e-85,12
-24.372,-27.6241,4.263e-85,12
-24.362,-27.6141,4.263e-85,12
-24.352,-27.6041,4.263e-85,12
-24.342,-27.5941,4.263e-85,12
-24.332,-27.5841,4.263e-85,12
-24.322,-27.5741,4.263e-85,12
-24.312,-27.5641,4.263e-85,12
-24.302,-27.5541,4.263e-85,12
-24.292,-27.5441,4.263e-85,12
-24.282,-27.5341,4.263e-85,12
-24.272,-27.5241,4.263e-85,12
-24.262,-27.5141,4.263e-85,12
-24.252,-27.5041,4.263e-85,12
-24.242,-27.4941,4.263e-85,12
-24.232,-27.4841,4.263e-85,12
-24.222,-27.4741,4.263e-85,12
-24.212,-27.4641,4.263e-85,12
-24.202,-27.4541,4.263e-85,12
-24.192,-27.4441,4.263e-85,12
-24.182,-27.4341,4.263e-85,12
-24.172,-27.4241,4.263e-85,12
-24.162,-27.4141,4.263e-85,12
-24.152,-27.4041,4.263e-85,12
-24.142,-27.3941,4.263e-85,12
-24.132,-27.3841,4.263e-85,12
-24.122,-27.3741,4.263e-85,12
-24.112,-27.3641,4.263e-85,12
-24.102,-27.3541,4.263e-85,12
-24.092,-27.3441,4.263e-85,12
-24.082,-27.3341,4.263e-85,12
-24.072,-27.3241,4.263e-85,12
-24.062,-27.3141,4.263e-85,12
-24.052,-27.3041,4.263e-85,12
-24.042,-27.2941,4.263e-85,12
-24.032,-27.2841,4.263e-85,12
-24.022,-27.2741,4.263e-85,12
-24.012,-27.2641,4.263e-85,12
-24.002,-27.2541,4.263e-85,12
-23.992,-27.2441,4.263e-85,12
-23.982,-27.2341,4.263e-85,12
-23.972,-27.2241,4.263e-85,12
-23.962,-27.2141,4.263e-85,12
-23.952,-27.2041,4.263e-85,12
-23.942,-27.1941,4.263e-85,12
-23.932,-27.1841,4.263e-85,12
-23.922,-27.1741,4.263e-85,12
-23.912,-27.1641,4.263e-85,12
-23.902,-27.1541,4.263e-85,12
-23.892,-27.1441,4.263e-85,12
-23.882,-27.1341,4.263e-85,12
-23.872,-27.1241,4.263e-85,12
-23.862,-27.1141,4.263e-85,12
-23.852,-27.1041,4.263e-85,12
-23.842,-27.0941,4.263e-85,12
-23.832,-27.0841,4.263e-85,12
-23.822,-27.0741,4.263e-85,12
-23.812,-27.0641,4.263e-85,12
-23.802,-27.0541,4.263e-85,12
-23.792,-27.0441,4.263e-85,12
-23.782,-27.0341,4.263e-85,12
-23.772,-27.0241,4.263e-85,12
-23.762,-27.0141,4.263e-85,12
-23.752,-27.0041,4.263e-85,12
-23.742,-26.9941,4.263e-85,12
-23.732,-26.9841,4.263e-85,12
-23.722,-26.9741,4.263e-85,12
-23.712,-26.9641,4.263e-85,12
-23.702,-26.9541,4.263e-85,12
-23.692,-26.9441,4.263e-85,12
-23.682,-26.9341,4.263e-85,12
-23.672,-26.9241,4.263e-85,12
-23.662,-26.9141,4.263e-85,12
-23.652,-26.9041,4.263e-85,12
-23.642,-26.8941,4.263e-85,12
-23.632,-26.8841,4.263e-85,12
-23.622,-26.8741,4.263e-85,12
-23.612,-26.8641,4.263e-85,12
-23.602,-26.8541,4.263e-85,12
-23.592,-26.8441,4.263e-85,12
-23.582,-26.8341,4.263e-85,12
-23.572,-26.8241,4.263e-85,12
-23.562,-26.8141,4.263e-85,12
-23.552,-26.8041,4.263e-85,12
-23.542,-26.7941,4.263e-85,12
-23.532,-26.7841,4.263e-85,12
-23.522,-26.7741,4.263e-85,12
-23.512,-26.7641,4.263e-85,12
-23.502,-26.7541,4.263e-85,12
-23.492,-26.7441,4.263e-85,12
-23.482,-26.7341,4.263e-85,12
-23.472,-26.7241,4.263e-85,12
-23.462,-26.7141,4.263e-85,12
-23.452,-26.7041,4.263e-85,12
-23.442,-26.6941,4.263e-85,12
-23.432,-26.6841,4.263e-85,12
-23.422,-26.6741,4.263e-85,12
-23.412,-26.6641,4.263e-85,12
-23.402,-26.6541,4.263e-85,12
-23.392,-26.6441,4.263e-85,12
-23.382,-26.6341,4.263e-85,12
-23.372,-26.6241,4.263e-85,12
-23.362,-26.6141,4.263e-85,12
-23.352,-26.6041,4.263e-85,12
-23.342,-26.5941,4.263e-85,12
-23.332,-26.5841,4.263e-85,12
-23.322,-26.5741,4.263e-85,12
-23.312,-26.5641,4.263e-85,12
-23.302,-26.5541,4.263e-85,12
-23.292,-26.5441,4.263e-85,12
-23.282,-26.5341,4.263e-85,12
-23.272,-26.5241,4.263e-85,12
-23.262,-26.5141,4.263e-85,12
-23.252,-26.5041,4.263e-85,12
-23.242,-26.4941,4.263e-85,12
-23.232,-26.4841,4.263e-85,12
-23.222,-26.4741,4.263e-85,12
-23.212,-26.4641,4.263e-85,12
-23.202,-26.4541,4.263e-85,12
-23.192,-26.4441,4.263e-85,12
-23.182,-26.4341,4.263e-85,12
-23.172,-26.4241,4.263e-85,12
-23.162,-26.4141,4.263e-85,12
-23.152,-26.4041,4.263e-85,12
-23.142,-26.3941,4.263e-85,12
-23.132,-26.3841,4.263e-85,12
-23.122,-26.3741,4.263e-85,12
-23.112,-26.3641,4.263e-85,12
-23.102,-26.3541,4.263e-85,12
-23.092,-26.3441,4.263e-85,12
-23.082,-26.3341,4.263e-85,12
-23.072,-26.3241,4.263e-85,12
-23.062,-26.3141,4.263e-85,12
-23.052,-26.3041,4.263e-85,12
-23.042,-26.2941,4.263e-85,12
-23.032,-26.2841,4.263e-85,12
-23.022,-26.2741,4.263e-85,12
-23.012,-26.2641,4.263e-85,12
-23.002,-26.2541,4.263e-85,12
-22.992,-26.2441,4.263e-85,12
-22.982,-26.2341,4.263e-85,12
-22.972,-26.2241,4.263e-85,12
-22.962,-26.2141,4.263e-85,12
-22.952,-26.2041,4.263e-85,12
-22.942,-26.1941,4.263e-85,12
-22.932,-26.1841,4.263e-85,12
-22.922,-26.1741,4.263e-85,12
-22.912,-26.1641,4.263e-85,12
-22.902,-26.1541,4.263e-85,12
-22.892,-26.1441,4.263e-85,12
-22.882,-26.1341,4.263e-85,12
-22.872,-26.1241,4.263e-85,12
-22.862,-26.1141,4.263e-85,12
-22.852,-26.1041,4.263e-85,12
-22.842,-26.0941,4.263e-85,12
-22.832,-26.0841,4.263e-85,12
-22.822,-26.0741,4.263e-85,12
-22.812,-26.0641,4.263e-85,12
-22.802,-26.0541,4.263e-85,12
-22.792,-26.0441,4.263e-85,12
-22.782,-26.0341,4.263e-85,12
-22.772,-26.0241,4.263e-85,12
-22.762,-26.0141,4.263e-85,12
-22.752,-26.0041,4.263e-85,12
-22.742,-25.9941,4.263e-85,12
-22.732,-25.9841,4.263e-85,12
-22.722,-25.9741,4.263e-85,12
-22.712,-25.9641,4.263e-85,12
-22.702,-25.9541,4.263e-85,12
-22.692,-25.9441,4.263e-85,12
-22.682,-25.9341,4.263e-85,12
-22.672,-25.9241,4.263e-85,12
-22.662,-25.9141,4.263e-85,12
-22.652,-25.9041,4.263e-85,12
-22.642,-25.8941,4.263e-85,12
-22.632,-25.8841,4.263e-85,12
-22.622,-25.8741,4.263e-85,12
-22.612,-25.8641,4.263e-85,12
-22.602,-25.8541,4.263e-85,12
-22.592,-25.8441,4.263e-85,12
-22.582,-25.8341,4.263e-85,12
-22.572,-25.8241,4.263e-85,12
-22.562,-25.8141,4.263e-85,12
-22.552,-25.8041,4.263e-85,12
-22.542,-25.7941,4.263e-85,12
-22.532,-25.7841,4.263e-85,12
-22.522,-25.7741,4.263e-85,12
-22.512,-25.7641,4.263e-85,12
-22.502,-25.7541,4.263e-85,12
-22.492,-25.7441,4.263e-85,12
-22.482,-25.7341,4.263e-85,12
-22.472,-25.7241,4.263e-85,12
-22.462,-25.7141,4.263e-85,12
-22.452,-25.7041,4.263e-85,12
-22.442,-25.6941,4.263e-85,12
-22.432,-25.6841,4.263e-85,12
-22.422,-25.6741,4.263e-85,12
-22.412,-25.6641,4.263e-85,12
-22.402,-25.6541,4.263e-85,12
-22.392,-25.6441,4.263e-85,12
-22.382,-25.6341,4.263e-85,12
-22.372,-25.6241,4.263e-85,12
-22.362,-25.6141,4.263e-85,12
-22.352,-25.6041,4.263e-85,12
-22.342,-25.5941,4.263e-85,12
-22.332,-25.5841,4.263e-85,12
-22.322,-25.5741,4.263e-85,12
-22.312,-25.5641,4.263e-85,12
-22.302,-25.5541,4.263e-85,12
-22.292,-25.5441,4.263e-85,12
-22.282,-25.5341,4.263e-85,12
-22.272,-25.5241,4.263e-85,12
-22.262,-25.5141,4.263e-85,12
-22.252,-25.5041,4.263e-85,12
-22.242,-25.4941,4.263e-85,12
-22.232,-25.4841,4.263e-85,12
-22.222,-25.4741,4.263e-85,12
-22.212,-25.4641,4.263e-85,12
-22.202,-25.4541,4.263e-85,12
-22.192,-25.4441,4.263e-85,12
-22.182,-25.4341,4.263e-85,12
-22.172,-25.4241,4.263e-85,12
-22.162,-25.4141,4.263e-85,12
-22.152,-25.4041,4.263e-85,12
-22.142,-25.3941,4.263e-85,12
-22.132,-25.3841,4.263e-85,12
-22.122,-25.3741,4.263e-85,12
-22.112,-25.3641,4.263e-85,12
-22.102,-25.3541,4.263e-85,12
-22.092,-25.3441,4.263e-85,12
-22.082,-25.3341,4.263e-85,12
-22.072,-25.3241,4.263e-85,12
-22.062,-25.3141,4.263e-85,12
-22.052,-25.3041,4.263e-85,12
-22.042,-25.2941,4.263e-85,12
-22.032,-25.2841,4.263e-85,12
-22.022,-25.2741,4.263e-85,12
-22.012,-25.2641,4.263e-85,12
-22.002,-25.2541,4.263e-85,12
-21.992,-25.2441,4.263e-85,12
-21.982,-25.2341,4.263e-85,12
-21.972,-25.2241,4.263e-85,12
-21.962,-25.2141,4.263e-85,12
-21.952,-25.2041,4.263e-85,12
-21.942,-25.1941,4.263e-85,12
-21.932,-25.1841,4.263e-85,12
-21.922,-25.1741,4.263e-85,12
-21.912,-25.1641,4.263e-85,12
-21.902,-25.1541,4.263e-85,12
-21.892,-25.1441,4.263e-85,12
-21.882,-25.1341,4.263e-85,12
-21.872,-25.1241,4.263e-85,12
-21.862,-25.1141,4.263e-85,12
-21.852,-25.1041,4.263e-85,12
-21.842,-25.0941,4.263e-85,12
-21.832,-25.0841,4.263e-85,12
-21.822,-25.0741,4.263e-85,12
-21.812,-25.0641,4.263e-85,12
-21.802,-25.0541,4.263e-85,12
-21.792,-25.0441,4.263e-85,12
-21.782,-25.0341,4.263e-85,12
-21.772,-25.0241,4.263e-85,12
-21.762,-25.0141,4.263e-85,12
-21.752,-25.0041,4.263e-85,12
-21.742,-24.9941,4.263e-85,12
-21.732,-24.9841,4.263e-85,12
-21.722,-24.9741,4.263e-85,12
-21.712,-24.9641,4.263e-85,12
-21.702,-24.9541,4.263e-85,12
-21.692,-24.9441,4.263e-85,12
-21.682,-24.9341,4.263e-85,12
-21.672,-24.9241,4.263e-85,12
-21.662,-24.9141,4.263e-85,12
-21.652,-24.9041,4.263e-85,12
-21.642,-24.8941,4.263e-85,12
-21.632,-24.8841,4.263e-85,12
-21.622,-24.8741,4.263e-85,12
-21.612,-24.8641,4.263e-85,12
-21.602,-24.8541,4.263e-85,12
-21.592,-24.8441,4.263e-85,12
-21.582,-24.8341,4.263e-85,12
-21.572,-24.8241,4.263e-85,12
-21.562,-24.8141,4.263e-85,12
-21.552,-24.8041,4.263e-85,12
-21.542,-24.7941,4.263e-85,12
-21.532,-24.7841,4.263e-85,12
-21.522,-24.7741,4.263e-85,12
-21.512,-24.7641,4.263e-85,12
-21.502,-24.7541,4.263e-85,12
-21.492,-24.7441,4.263e-85,12
-21.482,-24.7341,4.263e-85,12
-21.472,-24.7241,4.263e-85,12
-21.462,-24.7141,4.263e-85,12
-21.452,-24.7041,4.263e-85,12
-21.442,-24.6941,4.263e-85,12
-21.432,-24.6841,4.263e-85,12
-21.422,-24.6741,4.263e-85,12
-21.412,-24.6641,4.263e-85,12
-21.402,-24.6541,4.263e-85,12
-21.392,-24.6441,4.263e-85,12
-21.382,-24.6341,4.263e-85,12
-21.372,-24.6241,4.263e-85,12
-21.362,-24.6141,4.263e-85,12
-21.352,-24.6041,4.263e-85,12
-21.342,-24.5941,4.263e-85,12
-21.332,-24.5841,4.263e-85,12
-21.322,-24.5741,4.263e-85,12
-21.312,-24.5641,4.263e-85,12
-21.302,-24.5541,4.263e-85,12
-21.292,-24.5441,4.263e-85,12
-21.282,-24.5341,4.263e-85,12
-21.272,-24.5241,4.263e-85,12
-21.262,-24.5141,4.263e-85,12
-21.252,-24.5041,4.263e-85,12
-21.242,-24.4941,4.263e-85,12
-21.232,-24.4841,4.263e-85,12
-21.222,-24.4741,4.263e-85,12
-21.212,-24.4641,4.263e-85,12
-21.202,-24.4541,4.263e-85,12
-21.192,-24.4441,4.263e-85,12
-21.182,-24.4341,4.263e-85,12
-21.172,-24.4241,4.263e-85,12
-21.162,-24.4141,4.263e-85,12
-21.152,-24.4041,4.263e-85,12
-21.142,-24.3941,4.263e-85,12
-21.132,-24.3841,4.263e-85,12
-21.122,-24.3741,4.263e-85,12
-21.112,-24.3641,4.263e-85,12
-21.102,-24.3541,4.263e-85,12
-21.092,-24.3441,4.263e-85,12
-21.082,-24.3341,4.263e-85,12
-21.072,-24.3241,4.263e-85,12
-21.062,-24.3141,4.263e-85,12
-21.052,-24.3041,4.263e-85,12
-21.042,-24.2941,4.263e-85,12
-21.032,-24.2841,4.263e-85,12
-21.022,-24.2741,4.263e-85,12
-21.012,-24.2641,4.263e-85,12
-21.002,-24.2541,4.263e-85,12
-20.992,-24.2441,4.263e-85,12
-20.982,-24.2341,4.263e-85,12
-20.972,-24.2241,4.263e-85,12
-20.962,-24.2141,4.263e-85,12
-20.952,-24.2041,4.263e-85,12
-20.942,-24.1941,4.263e-85,12
-20.932,-24.1841,4.263e-85,12
-20.922,-24.1741,4.263e-85,12
-20.912,-24.1641,4.263e-85,12
-20.902,-24.1541,4.263e-85,12
-20.892,-24.1441,4.263e-85,12
-20.882,-24.1341,4.263e-85,12
-20.872,-24.1241,4.263e-85,12
-20.862,-24.1141,4.263e-85,12
-20.852,-24.1041,4.263e-85,12
-20.842,-24.0941,4.263e-85,12
-20.832,-24.0841,4.263e-85,12
-20.822,-24.0741,4.263e-85,12
-20.812,-24.0641,4.263e-85,12
-20.802,-24.0541,4.263e-85,12
-20.792,-24.0441,4.263e-85,12
-20.782,-24.0341,4.263e-85,12
-20.772,-24.0241,4.263e-85,12
-20.762,-24.0141,4.263e-85,12
-20.752,-24.0041,4.263e-85,12
-20.742,-23.9941,4.263e-85,12
-20.732,-23.9841,4.263e-85,12
-20.722,-23.9741,4.263e-85,12
-20.712,-23.9641,4.263e-85,12
-20.702,-23.9541,4.263e-85,12
-20.692,-23.9441,4.263e-85,12
-20.682,-23.9341,4.263e-85,12
-20.672,-23.9241,4.263e-85,12
-20.662,-23.9141,4.263e-85,12
-20.652,-23.9041,4.263e-85,12
-20.642,-23.8941,4.263e-85,12
-20.632,-23.8841,4.263e-85,12
-20.622,-23.8741,4.263e-85,12
-20.612,-23.8641,4.263e-85,12
-20.602,-23.8541,4.263e-85,12
-20.592,-23.8441,4.263e-85,12
-20.582,-23.8341,4.263e-85,12
-20.572,-23.8241,4.263e-85,12
-20.562,-23.8141,4.263e-85,12
-20.552,-23.8041,4.263e-85,12
-20.542,-23.7941,4.263e-85,12
-20.532,-23.7841,4.263e-85,12
-20.522,-23.7741,4.263e-85,12
-20.512,-23.7641,4.263e-85,12
-20.502,-23.7541,4.263e-85,12
-20.492,-23.7441,4.263e-85,12
-20.482,-23.7341,4.263e-85,12
-20.472,-23.7241,4.263e-85,12
-20.462,-23.7141,4.263e-85,12
-20.452,-23.7041,4.263e-85,12
-20.442,-23.6941,4.263e-85,12
-20.432,-23.6841,4.263e-85,12
-20.422,-23.6741,4.263e-85,12
-20.412,-23.6641,4.263e-85,12
-20.402,-23.6541,4.263e-85,12
-20.392,-23.6441,4.263e-85,12
-20.382,-23.6341,4.263e-85,12
-20.372,-23.6241,4.263e-85,12
-20.362,-23.6141,4.263e-85,12
-20.352,-23.6041,4.263e-85,12
-20.342,-23.5941,4.263e-85,12
-20.332,-23.5841,4.263e-85,12
-20.322,-23.5741,4.263e-85,12
-20.312,-23.5641,4.263e-85,12
-20.302,-23.5541,4.263e-85,12
-20.292,-23.5441,4.263e-85,12
-20.282,-23.5341,4.263e-85,12
-20.272,-23.5241,4.263e-85,12
-20.262,-23.5141,4.263e-85,12
-20.252,-23.5041,4.263e-85,12
-20.242,-23.4941,4.263e-85,12
-20.232,-23.4841,4.263e-85,12
-20.222,-23.4741,4.263e-85,12
-20.212,-23.4641,4.263e-85,12
-20.202,-23.4541,4.263e-85,12
-20.192,-23.4441,4.263e-85,12
-20.182,-23.4341,4.263e-85,12
-20.172,-23.4241,4.263e-85,12
-20.162,-23.4141,4.263e-85,12
-20.152,-23.4041,4.263e-85,12
-20.142,-23.3941,4.263e-85,12
-20.132,-23.3841,4.263e-85,12
-20.122,-23.3741,4.263e-85,12
-20.112,-23.3641,4.263e-85,12
-20.102,-23.3541,4.263e-85,12
-20.092,-23.3441,4.263e-85,12
-20.082,-23.3341,4.263e-85,12
-20.072,-23.3241,4.263e-85,12
-20.062,-23.3141,4.263e-85,12
-20.052,-23.3041,4.263e-85,12
-20.042,-23.2941,4.263e-85,12
-20.032,-23.2841,4.263e-85,12
-20.022,-23.2741,4.263e-85,12
-20.012,-23.2641,4.263e-85,12
-20.002,-23.2541,4.263e-85,12
-19.992,-23.2441,4.263e-85,12
-19.982,-23.2341,4.263e-85,12
-19.972,-23.2241,4.263e-85,12
-19.962,-23.2141,4.263e-85,12
-19.952,-23.2041,4.263e-85,12
-19.942,-23.1941,4.263e-85,12
-19.932,-23.1841,4.263e-85,12
-19.922,-23.1741,4.263e-85,12
-19.912,-23.1641,4.263e-85,12
-19.902,-23.1541,4.263e-85,12
-19.892,-23.1441,4.263e-85,12
-19.882,-23.1341,4.263e-85,12
-19.872,-23.1241,4.263e-85,12
-19.862,-23.1141,4.263e-85,12
-19.852,-23.1041,4.263e-85,12
-19.842,-23.0941,4.263e-85,12
-19.832,-23.0841,4.263e-85,12
-19.822,-23.0741,4.263e-85,12
-19.812,-23.0641,4.263e-85,12
-19.802,-23.0541,4.263e-85,12
-19.792,-23.0441,4.263e-85,12
-19.782,-23.0341,4.263e-85,12
-19.772,-23.0241,4.263e-85,12
-19.762,-23.0141,4.263e-85,12
-19.752,-23.0041,4.263e-85,12
-19.742,-22.9941,4.263e-85,12
-19.732,-22.9841,4.263e-85,12
-19.722,-22.9741,4.263e-85,12
-19.712,-22.9641,4.263e-85,12
-19.702,-22.9541,4.263e-85,12
-19.692,-22.9441,4.263e-85,12
-19.682,-22.9341,4.263e-85,12
-19.672,-22.9241,4.263e-85,12
-19.662,-22.9141,4.263e-85,12
-19.652,-22.9041,4.263e-85,12
-19.642,-22.8941,4.263e-85,12
-19.632,-22.8841,4.263e-85,12
-19.622,-22.8741,4.263e-85,12
-19.612,-22.8641,4.263e-85,12
-19.602,-22.8541,4.263e-85,12
-19.592,-22.8441,4.263e-85,12
-19.582,-22.8341,4.263e-85,12
-19.572,-22.8241,4.263e-85,12
-19.562,-22.8141,4.263e-85,12
-19.552,-22.8041,4.263e-85,12
-19.542,-22.7941,4.263e-85,12
-19.532,-22.7841,4.263e-85,12
-19.522,-22.7741,4.263e-85,12
-19.512,-22.7641,4.263e-85,12
-19.502,-22.7541,4.263e-85,12
-19.492,-22.7441,4.263e-85,12
-19.482,-22.7341,4.263e-85,12
-19.472,-22.7241,4.263e-85,12
-19.462,-22.7141,4.263e-85,12
-19.452,-22.7041,4.263e-85,12
-19.442,-22.6941,4.263e-85,12
-19.432,-22.6841,4.263e-85,12
-19.422,-22.6741,4.263e-85,12
-19.412,-22.6641,4.263e-85,12
-19.402,-22.6541,4.263e-85,12
-19.392,-22.6441,4.263e-85,12
-19.382,-22.6341,4.263e-85,12
-19.372,-22.6241,4.263e-85,12
-19.362,-22.6141,4.263e-85,12
-19.352,-22.6041,4.263e-85,12
-19.342,-22.5941,4.263e-85,12
-19.332,-22.5841,4.263e-85,12
-19.322,-22.5741,4.263e-85,12
-19.312,-22.5641,4.263e-85,12
-19.302,-22.5541,4.263e-85,12
-19.292,-22.5441,4.263e-85,12
-19.282,-22.5341,4.263e-85,12
-19.272,-22.5241,4.263e-85,12
-19.262,-22.5141,4.263e-85,12
-19.252,-22.5041,4.263e-85,12
-19.242,-22.4941,4.263e-85,12
-19.232,-22.4841,4.263e-85,12
-19.222,-22.4741,4.263e-85,12
-19.212,-22.4641,4.263e-85,12
-19.202,-22.4541,4.263e-85,12
-19.192,-22.4441,4.263e-85,12
-19.182,-22.4341,4.263e-85,12
-19.172,-22.4241,4.263e-85,12
-19.162,-22.4141,4.263e-85,12
-19.152,-22.4041,4.263e-85,12
-19.142,-22.3941,4.263e-85,12
-19.132,-22.3841,4.263e-85,12
-19.122,-22.3741,4.263e-85,12
-19.112,-22.3641,4.263e-85,12
-19.102,-22.3541,4.263e-85,12
-19.092,-22.3441,4.263e-85,12
-19.082,-22.3341,4.263e-85,12
-19.072,-22.3241,4.263e-85,12
-19.062,-22.3141,4.263e-85,12
-19.052,-22.3041,4.263e-85,12
-19.042,-22.2941,4.263e-85,12
-19.032,-22.2841,4.263e-85,12
-19.022,-22.2741,4.263e-85,12
-19.012,-22.2641,4.263e-85,12
-19.002,-22.2541,4.263e-85,12
-18.992,-22.2441,4.263e-85,12
-18.982,-22.2341,4.263e-85,12
-18.972,-22.2241,4.263e-85,12
-18.962,-22.2141,4.263e-85,12
-18.952,-22.2041,4.263e-85,12
-18.942,-22.1941,4.263e-85,12
-18.932,-22.1841,4.263e-85,12
-18.922,-22.1741,4.263e-85,12
-18.912,-22.1641,4.263e-85,12
-18.902,-22.1541,4.263e-85,12
-18.892,-22.1441,4.263e-85,12
-18.882,-22.1341,4.263e-85,12
-18.872,-22.1241,4.263e-85,12
-18.862,-22.1141,4.263e-85,12
-18.852,-22.1041,4.263e-85,12
-18.842,-22.0941,4.263e-85,12
-18.832,-22.0841,4.263e-85,12
-18.822,-22.0741,4.263e-85,12
-18.812,-22.0641,4.263e-85,12
-18.802,-22.0541,4.263e-85,12
-18.792,-22.0441,4.263e-85,12
-18.782,-22.0341,4.263e-85,12
-18.772,-22.0241,4.263e-85,12
-18.762,-22.0141,4.263e-85,12
-18.752,-22.0041,4.263e-85,12
-18.742,-21.9941,4.263e-85,12
-18.732,-21.9841,4.263e-85,12
-18.722,-21.9741,4.263e-85,12
-18.712,-21.9641,4.263e-85,12
-18.702,-21.9541,4.263e-85,12
-18.692,-21.9441,4.263e-85,12
-18.682,-21.9341,4.263e-85,12
-18.672,-21.9241,4.263e-85,12
-18.662,-21.9141,4.263e-85,12
-18.652,-21.9041,4.263e-85,12
-18.642,-21.8941,4.263e-85,12
-18.632,-21.8841,4.263e-85,12
-18.622,-21.8741,4.263e-85,12
-18.612,-21.8641,4.263e-85,12
-18.602,-21.8541,4.263e-85,12
-18.592,-21.8441,4.263e-85,12
-18.582,-21.8341,4.263e-85,12
-18.572,-21.8241,4.263e-85,12
-18.562,-21.8141,4.263e-85,12
-18.552,-21.8041,4.263e-85,12
-18.542,-21.7941,4.263e-85,12
-18.532,-21.7841,4.263e-85,12
-18.522,-21.7741,4.263e-85,12
-18.512,-21.7641,4.263e-85,12
-18.502,-21.7541,4.263e-85,12
-18.492,-21.7441,4.263e-85,12
-18.482,-21.7341,4.263e-85,12
-18.472,-21.7241,4.263e-85,12
-18.462,-21.7141,4.263e-85,12
-18.452,-21.7041,4.263e-85,12
-18.442,-21.6941,4.263e-85,12
-18.432,-21.6841,4.263e-85,12
-18.422,-21.6741,4.263e-85,12
-18.412,-21.6641,4.263e-85,12
-18.402,-21.6541,4.263e-85,12
-18.392,-21.6441,4.263e-85,12
-18.382,-21.6341,4.263e-85,12
-18.372,-21.6241,4.263e-85,12
-18.362,-21.6141,4.263e-85,12
-18.352,-21.6041,4.263e-85,12
-18.342,-21.5941,4.263e-85,12
-18.332,-21.5841,4.263e-85,12
-18.322,-21.5741,4.263e-85,12
-18.312,-21.5641,4.263e-85,12
-18.302,-21.5541,4.263e-85,12
-18.292,-21.5441,4.263e-85,12
-18.282,-21.5341,4.263e-85,12
-18.272,-21.5241,4.263e-85,12
-18.262,-21.5141,4.263e-85,12
-18.252,-21.5041,4.263e-85,12
-18.242,-21.4941,4.263e-85,12
-18.232,-21.4841,4.263e-85,12
-18.222,-21.4741,4.263e-85,12
-18.212,-21.4641,4.263e-85,12
-18.202,-21.4541,4.263e-85,12
-18.192,-21.4441,4.263e-85,12
-18.182,-21.4341,4.263e-85,12
-18.172,-21.4241,4.263e-85,12
-18.162,-21.4141,4.263e-85,12
-18.152,-21.4041,4.263e-85,12
-18.142,-21.3941,4.263e-85,12
-18.132,-21.3841,4.263e-85,12
-18.122,-21.3741,4.263e-85,12
-18.112,-21.3641,4.263e-85,12
-18.102,-21.3541,4.263e-85,12
-18.092,-21.3441,4.263e-85,12
-18.082,-21.3341,4.263e-85,12
-18.072,-21.3241,4.263e-85,12
-18.062,-21.3141,4.263e-85,12
-18.052,-21.3041,4.263e-85,12
-18.042,-21.2941,4.263e-85,12
-18.032,-21.2841,4.263e-85,12
-18.022,-21.2741,4.263e-85,12
-18.012,-21.2641,4.263e-85,12
-18.002,-21.2541,4.263e-85,12
-17.992,-21.2441,4.263e-85,12
-17.982,-21.2341,4.263e-85,12
-17.972,-21.2241,4.263e-85,12
-17.962,-21.2141,4.263e-85,12
-17.952,-21.2041,4.263e-85,12
-17.942,-21.1941,4.263e-85,12
-17.932,-21.1841,4.263e-85,12
-17.922,-21.1741,4.263e-85,12
-17.912,-21.1641,4.263e-85,12
-17.902,-21.1541,4.263e-85,12
-17.892,-21.1441,4.263e-85,12
-17.882,-21.1341,4.263e-85,12
-17.872,-21.1241,4.263e-85,12
-17.862,-21.1141,4.263e-85,12
-17.852,-21.1041,4.263e-85,12
-17.842,-21.0941,4.263e-85,12
-17.832,-21.0841,4.263e-85,12
-17.822,-21.0741,4.263e-85,12
-17.812,-21.0641,4.263e-85,12
-17.802,-21.0541,4.263e-85,12
-17.792,-21.0441,4.263e-85,12
-17.782,-21.0341,4.263e-85,12
-17.772,-21.0241,4.263e-85,12
-17.762,-21.0141,4.263e-85,12
-17.752,-21.0041,4.263e-85,12
-17.742,-20.9941,4.263e-85,12
-17.732,-20.9841,4.263e-85,12
-17.722,-20.9741,4.263e-85,12
-17.712,-20.9641,4.263e-85,12
-17.702,-20.9541,4.263e-85,12
-17.692,-20.9441,4.263e-85,12
-17.682,-20.9341,4.263e-85,12
-17.672,-20.9241,4.263e-85,12
-17.662,-20.9141,4.263e-85,12
-17.652,-20.9041,4.263e-85,12
-17.642,-20.8941,4.263e-85,12
-17.632,-20.8841,4.263e-85,12
-17.622,-20.8741,4.263e-85,12
-17.612,-20.8641,4.263e-85,12
-17.602,-20.8541,4.263e-85,12
-17.592,-20.8441,4.263e-85,12
-17.582,-20.8341,4.263e-85,12
-17.572,-20.8241,4.263e-85,12
-17.562,-20.8141,4.263e-85,12
-17.552,-20.8041,4.263e-85,12
-17.542,-20.7941,4.263e-85,12
-17.532,-20.7841,4.263e-85,12
-17.522,-20.7741,4.263e-85,12
-17.512,-20.7641,4.263e-85,12
-17.502,-20.7541,4.263e-85,12
-17.492,-20.7441,4.263e-85,12
-17.482,-20.7341,4.263e-85,12
-17.472,-20.7241,4.263e-85,12
-17.462,-20.7141,4.263e-85,12
-17.452,-20.7041,4.263e-85,12
-17.442,-20.6941,4.263e-85,12
-17.432,-20.6841,4.263e-85,12
-17.422,-20.6741,4.263e-85,12
-17.412,-20.6641,4.263e-85,12
-17.402,-20.6541,4.263e-85,12
-17.392,-20.6441,4.263e-85,12
-17.382,-20.6341,4.263e-85,12
-17.372,-20.6241,4.263e-85,12
-17.362,-20.6141,4.263e-85,12
-17.352,-20.6041,4.263e-85,12
-17.342,-20.5941,4.263e-85,12
-17.332,-20.5841,4.263e-85,12
-17.322,-20.5741,4.263e-85,12
-17.312,-20.5641,4.263e-85,12
-17.302,-20.5541,4.263e-85,12
-17.292,-20.5441,4.263e-85,12
-17.282,-20.5341,4.263e-85,12
-17.272,-20.5241,4.263e-85,12
-17.262,-20.5141,4.263e-85,12
-17.252,-20.5041,4.263e-85,12
-17.242,-20.4941,4.263e-85,12
-17.232,-20.4841,4.263e-85,12
-17.222,-20.4741,4.263e-85,12
-17.212,-20.4641,4.263e-85,12
-17.202,-20.4541,4.263e-85,12
-17.192,-20.4441,4.263e-85,12
-17.182,-20.4341,4.263e-85,12
-17.172,-20.4241,4.263e-85,12
-17.162,-20.4141,4.263e-85,12
-17.152,-20.4041,4.263e-85,12
-17.142,-20.3941,4.263e-85,12
-17.132,-20.3841,4.263e-85,12
-17.122,-20.3741,4.263e-85,12
-17.112,-20.3641,4.263e-85,12
-17.102,-20.3541,4.263e-85,12
-17.092,-20.3441,4.263e-85,12
-17.082,-20.3341,4.263e-85,12
-17.072,-20.3241,4.263e-85,12
-17.062,-20.3141,4.263e-85,12
-17.052,-20.3041,4.263e-85,12
-17.042,-20.2941,4.263e-85,12
-17.032,-20.2841,4.263e-85,12
-17.022,-20.2741,4.263e-85,12
-17.012,-20.2641,4.263e-85,12
-17.002,-20.2541,4.263e-85,12
-16.992,-20.2441,4.263e-85,12
-16.982,-20.2341,4.263e-85,12
-16.972,-20.2241,4.263e-85,12
-16.962,-20.2141,4.263e-85,12
-16.952,-20.2041,4.263e-85,12
-16.942,-20.1941,4.263e-85,12
-16.932,-20.1841,4.263e-85,12
-16.922,-20.1741,4.263e-85,12
-16.912,-20.1641,4.263e-85,12
-16.902,-20.1541,4.263e-85,12
-16.892,-20.1441,4.263e-85,12
-16.882,-20.1341,4.263e-85,12
-16.872,-20.1241,4.263e-85,12
-16.862,-20.1141,4.263e-85,12
-16.852,-20.1041,4.263e-85,12
-16.842,-20.0941,4.263e-85,12
-16.832,-20.0841,4.263e-85,12
-16.822,-20.0741,4.263e-85,12
-16.812,-20.0641,4.263e-85,12
-16.802,-20.0541,4.263e-85,12
-16.792,-20.0441,4.263e-85,12
-16.782,-20.0341,4.263e-85,12
-16.772,-20.0241,4.263e-85,12
-16.762,-20.0141,4.263e-85,12
-16.752,-20.0041,4.263e-85,12
-16.742,-19.9941,4.263e-85,12
-16.732,-19.9841,4.263e-85,12
-16.722,-19.9741,4.263e-85,12
-16.712,-19.9641,4.263e-85,12
-16.702,-19.9541,4.263e-85,12
-16.692,-19.9441,4.263e-85,12
-16.682,-19.9341,4.263e-85,12
-16.672,-19.9241,4.263e-85,12
-16.662,-19.9141,4.263e-85,12
-16.652,-19.9041,4.263e-85,12
-16.642,-19.8941,4.263e-85,12
-16.632,-19.8841,4.263e-85,12
-16.622,-19.8741,4.263e-85,12
-16.612,-19.8641,4.263e-85,12
-16.602,-19.8541,4.263e-85,12
-16.592,-19.8441,4.263e-85,12
-16.582,-19.8341,4.263e-85,12
-16.572,-19.8241,4.263e-85,12
-16.562,-19.8141,4.263e-85,12
-16.552,-19.8041,4.263e-85,12
-16.542,-19.7941,4.263e-85,12
-16.532,-19.7841,4.263e-85,12
-16.522,-19.7741,4.263e-85,12
-16.512,-19.7641,4.263e-85,12
-16.502,-19.7541,4.263e-85,12
-16.492,-19.7441,4.263e-85,12
-16.482,-19.7341,4.263e-85,12
-16.472,-19.7241,4.263e-85,12
-16.462,-19.7141,4.263e-85,12
-16.452,-19.7041,4.263e-85,12
-16.442,-19.6941,4.263e-85,12
-16.432,-19.6841,4.263e-85,12
-16.422,-19.6741,4.263e-85,12
-16.412,-19.6641,4.263e-85,12
-16.402,-19.6541,4.263e-85,12
-16.392,-19.6441,4.263e-85,12
-16.382,-19.6341,4.263e-85,12
-16.372,-19.6241,4.263e-85,12
-16.362,-19.6141,4.263e-85,12
-16.352,-19.6041,4.263e-85,12
-16.342,-19.5941,4.263e-85,12
-16.332,-19.5841,4.263e-85,12
-16.322,-19.5741,4.263e-85,12
-16.312,-19.5641,4.263e-85,12
-16.302,-19.5541,4.263e-85,12
-16.292,-19.5441,4.263e-85,12
-16.282,-19.5341,4.263e-85,12
-16.272,-19.5241,4.263e-85,12
-16.262,-19.5141,4.263e-85,12
-16.252,-19.5041,4.263e-85,12
-16.242,-19.4941,4.263e-85,12
-16.232,-19.4841,4.263e-85,12
-16.222,-19.4741,4.263e-85,12
-16.212,-19.4641,4.263e-85,12
-16.202,-19.4541,4.263e-85,12
-16.192,-19.4441,4.263e-85,12
-16.182,-19.4341,4.263e-85,12
-16.172,-19.4241,4.263e-85,12
-16.162,-19.4141,4.263e-85,12
-16.152,-19.4041,4.263e-85,12
-16.142,-19.3941,4.263e-85,12
-16.132,-19.3841,4.263e-85,12
-16.122,-19.3741,4.263e-85,12
-16.112,-19.3641,4.263e-85,12
-16.102,-19.3541,4.263e-85,12
-16.092,-19.3441,4.263e-85,12
-16.082,-19.3341,4.263e-85,12
-16.072,-19.3241,4.263e-85,12
-16.062,-19.3141,4.263e-85,12
-16.052,-19.3041,4.263e-85,12
-16.042,-19.2941,4.263e-85,12
-16.032,-19.2841,4.263e-85,12
-16.022,-19.2741,4.263e-85,12
-16.012,-19.2641,4.263e-85,12
-16.002,-19.2541,4.263e-85,12
-15.992,-19.2441,4.263e-85,12
-15.982,-19.2341,4.263e-85,12
-15.972,-19.2241,4.263e-85,12
-15.962,-19.2141,4.263e-85,12
-15.952,-19.2041,4.263e-85,12
-15.942,-19.1941,4.263e-85,12
-15.932,-19.1841,4.263e-85,12
-15.922,-19.1741,4.263e-85,12
-15.912,-19.1641,4.263e-85,12
-15.902,-19.1541,4.263e-85,12
-15.892,-19.1441,4.263e-85,12
-15.882,-19.1341,4.263e-85,12
-15.872,-19.1241,4.263e-85,12
-15.862,-19.1141,4.263e-85,12
-15.852,-19.1041,4.263e-85,12
-15.842,-19.0941,4.263e-85,12
-15.832,-19.0841,4.263e-85,12
-15.822,-19.0741,4.263e-85,12
-15.812,-19.0641,4.263e-85,12
-15.802,-19.0541,4.263e-85,12
-15.792,-19.0441,4.263e-85,12
-15.782,-19.0341,4.263e-85,12
-15.772,-19.0241,4.263e-85,12
-15.762,-19.0141,4.263e-85,12
-15.752,-19.0041,4.263e-85,12
-15.742,-18.9941,4.263e-85,12
-15.732,-18.9841,4.263e-85,12
-15.722,-18.9741,4.263e-85,12
-15.712,-18.9641,4.263e-85,12
-15.702,-18.9541,4.263e-85,12
-15.692,-18.9441,4.263e-85,12
-15.682,-18.9341,4.263e-85,12
-15.672,-18.9241,4.263e-85,12
-15.662,-18.9141,4.263e-85,12
-15.652,-18.9041,4.263e-85,12
-15.642,-18.8941,4.263e-85,12
-15.632,-18.8841,4.263e-85,12
-15.622,-18.8741,4.263e-85,12
-15.612,-18.8641,4.263e-85,12
-15.602,-18.8541,4.263e-85,12
-15.592,-18.8441,4.263e-85,12
-15.582,-18.8341,4.263e-85,12
-15.572,-18.8241,4.263e-85,12
-15.562,-18.8141,4.263e-85,12
-15.552,-18.8041,4.263e-85,12
-15.542,-18.7941,4.263e-85,12
-15.532,-18.7841,4.263e-85,12
-15.522,-18.7741,4.263e-85,12
-15.512,-18.7641,4.263e-85,12
-15.502,-18.7541,4.263e-85,12
-15.492,-18.7441,4.263e-85,12
-15.482,-18.7341,4.263e-85,12
-15.472,-18.7241,4.263e-85,12
-15.462,-18.7141,4.263e-85,12
-15.452,-18.7041,4.263e-85,12
-15.442,-18.6941,4.263e-85,12
-15.432,-18.6841,4.263e-85,12
-15.422,-18.6741,4.263e-85,12
-15.412,-18.6641,4.263e-85,12
-15.402,-18.6541,4.263e-85,12
-15.392,-18.6441,4.263e-85,12
-15.382,-18.6341,4.263e-85,12
-15.372,-18.6241,4.263e-85,12
-15.362,-18.6141,4.263e-85,12
-15.352,-18.6041,4.263e-85,12
-15.342,-18.5941,4.263e-85,12
-15.332,-18.5841,4.263e-85,12
-15.322,-18.5741,4.263e-85,12
-15.312,-18.5641,4.263e-85,12
-15.302,-18.5541,4.263e-85,12
-15.292,-18.5441,4.263e-85,12
-15.282,-18.5341,4.263e-85,12
-15.272,-18.5241,4.263e-85,12
-15.262,-18.5141,4.263e-85,12
-15.252,-18.5041,4.263e-85,12
-15.242,-18.4941,4.263e-85,12
-15.232,-18.4841,4.263e-85,12
-15.222,-18.4741,4.263e-85,12
-15.212,-18.4641,4.263e-85,12
-15.202,-18.4541,4.263e-85,12
-15.192,-18.4441,4.263e-85,12
-15.182,-18.4341,4.263e-85,12
-15.172,-18.4241,4.263e-85,12
-15.162,-18.4141,4.263e-85,12
-15.152,-18.4041,4.263e-85,12
-15.142,-18.3941,4.263e-85,12
-15.132,-18.3841,4.263e-85,12
-15.122,-18.3741,4.263e-85,12
-15.112,-18.3641,4.263e-85,12
-15.102,-18.3541,4.263e-85,12
-15.092,-18.3441,4.263e-85,12
-15.082,-18.3341,4.263e-85,12
-15.072,-18.3241,4.263e-85,12
-15.062,-18.3141,4.263e-85,12
-15.052,-18.3041,4.263e-85,12
-15.042,-18.2941,4.263e-85,12
-15.032,-18.2841,4.263e-85,12
-15.022,-18.2741,4.263e-85,12
-15.012,-18.2641,4.263e-85,12
-15.002,-18.2541,4.263e-85,12
-14.992,-18.2441,4.263e-85,12
-14.982,-18.2341,4.263e-85,12
-14.972,-18.2241,4.263e-85,12
-14.962,-18.2141,4.263e-85,12
-14.952,-18.2041,4.263e-85,12
-14.942,-18.1941,4.263e-85,12
-14.932,-18.1841,4.263e-85,12
-14.922,-18.1741,4.263e-85,12
-14.912,-18.1641,4.263e-85,12
-14.902,-18.1541,4.263e-85,12
-14.892,-18.1441,4.263e-85,12
-14.882,-18.1341,4.263e-85,12
-14.872,-18.1241,4.263e-85,12
-14.862,-18.1141,4.263e-85,12
-14.852,-18.1041,4.263e-85,12
-14.842,-18.0941,4.263e-85,12
-14.832,-18.0841,4.263e-85,12
-14.822,-18.0741,4.263e-85,12
-14.812,-18.0641,4.263e-85,12
-14.802,-18.0541,4.263e-85,12
-14.792,-18.0441,4.263e-85,12
-14.782,-18.0341,4.263e-85,12
-14.772,-18.0241,4.263e-85,12
-14.762,-18.0141,4.263e-85,12
-14.752,-18.0041,4.263e-85,12
-14.742,-17.9941,4.263e-85,12
-14.732,-17.9841,4.263e-85,12
-14.722,-17.9741,4.263e-85,12
-14.712,-17.9641,4.263e-85,12
-14.702,-17.9541,4.263e-85,12
-14.692,-17.9441,4.263e-85,12
-14.682,-17.9341,4.263e-85,12
-14.672,-17.9241,4.263e-85,12
-14.662,-17.9141,4.263e-85,12
-14.652,-17.9041,4.263e-85,12
-14.642,-17.8941,4.263e-85,12
-14.632,-17.8841,4.263e-85,12
-14.622,-17.8741,4.263e-85,12
-14.612,-17.8641,4.263e-85,12
-14.602,-17.8541,4.263e-85,12
-14.592,-17.8441,4.263e-85,12
-14.582,-17.8341,4.263e-85,12
-14.572,-17.8241,4.263e-85,12
-14.562,-17.8141,4.263e-85,12
-14.552,-17.8041,4.263e-85,12
-14.542,-17.7941,4.263e-85,12
-14.532,-17.7841,4.263e-85,12
-14.522,-17.7741,4.263e-85,12
-14.512,-17.7641,4.263e-85,12
-14.502,-17.7541,4.263e-85,12
-14.492,-17.7441,4.263e-85,12
-14.482,-17.7341,4.263e-85,12
-14.472,-17.7241,4.263e-85,12
-14.462,-17.7141,4.263e-85,12
-14.452,-17.7041,4.263e-85,12
-14.442,-17.6941,4.263e-85,12
-14.432,-17.6841,4.263e-85,12
-14.422,-17.6741,4.263e-85,12
-14.412,-17.6641,4.263e-85,12
-14.402,-17.6541,4.263e-85,12
-14.392,-17.6441,4.263e-85,12
-14.382,-17.6341,4.263e-85,12
-14.372,-17.6241,4.263e-85,12
-14.362,-17.6141,4.263e-85,12
-14.352,-17.6041,4.263e-85,12
-14.342,-17.5941,4.263e-85,12
-14.332,-17.5841,4.263e-85,12
-14.322,-17.5741,4.263e-85,12
-14.312,-17.5641,4.263e-85,12
-14.302,-17.5541,4.263e-85,12
-14.292,-17.5441,4.263e-85,12
-14.282,-17.5341,4.263e-85,12
-14.272,-17.5241,4.263e-85,12
-14.262,-17.5141,4.263e-85,12
-14.252,-17.5041,4.263e-85,12
-14.242,-17.4941,4.263e-85,12
-14.232,-17.4841,4.263e-85,12
-14.222,-17.4741,4.263e-85,12
-14.212,-17.4641,4.263e-85,12
-14.202,-17.4541,4.263e-85,12
-14.192,-17.4441,4.263e-85,12
-14.182,-17.4341,4.263e-85,12
-14.172,-17.4241,4.263e-85,12
-14.162,-17.4141,4.263e-85,12
-14.152,-17.4041,4.263e-85,12
-14.142,-17.3941,4.263e-85,12
-14.132,-17.3841,4.263e-85,12
-14.122,-17.3741,4.263e-85,12
-14.112,-17.3641,4.263e-85,12
-14.102,-17.3541,4.263e-85,12
-14.092,-17.3441,4.263e-85,12
-14.082,-17.3341,4.263e-85,12
-14.072,-17.3241,4.263e-85,12
-14.062,-17.3141,4.263e-85,12
-14.052,-17.3041,4.263e-85,12
-14.042,-17.2941,4.263e-85,12
-14.032,-17.2841,4.263e-85,12
-14.022,-17.2741,4.263e-85,12
-14.012,-17.2641,4.263e-85,12
-14.002,-17.2541,4.263e-85,12
-13.992,-17.2441,4.263e-85,12
-13.982,-17.2341,4.263e-85,12
-13.972,-17.2241,4.263e-85,12
-13.962,-17.2141,4.263e-85,12
-13.952,-17.2041,4.263e-85,12
-13.942,-17.1941,4.263e-85,12
-13.932,-17.1841,4.263e-85,12
-13.922,-17.1741,4.263e-85,12
-13.912,-17.1641,4.263e-85,12
-13.902,-17.1541,4.263e-85,12
-13.892,-17.1441,4.263e-85,12
-13.882,-17.1341,4.263e-85,12
-13.872,-17.1241,4.263e-85,12
-13.862,-17.1141,4.263e-85,12
-13.852,-17.1041,4.263e-85,12
-13.842,-17.0941,4.263e-85,12
-13.832,-17.0841,4.263e-85,12
-13.822,-17.0741,4.263e-85,12
-13.812,-17.0641,4.263e-85,12
-13.802,-17.0541,4.263e-85,12
-13.792,-17.0441,4.263e-85,12
-13.782,-17.0341,4.263e-85,12
-13.772,-17.0241,4.263e-85,12
-13.762,-17.0141,4.263e-85,12
-13.752,-17.0041,4.263e-85,12
-13.742,-16.9941,4.263e-85,12
-13.732,-16.9841,4.263e-85,12
-13.722,-16.9741,4.263e-85,12
-13.712,-16.9641,4.263e-85,12
-13.702,-16.9541,4.263e-85,12
-13.692,-16.9441,4.263e-85,12
-13.682,-16.9341,4.263e-85,12
-13.672,-16.9241,4.263e-85,12
-13.662,-16.9141,4.263e-85,12
-13.652,-16.9041,4.263e-85,12
-13.642,-16.8941,4.263e-85,12
-13.632,-16.8841,4.263e-85,12
-13.622,-16.8741,4.263e-85,12
-13.612,-16.8641,4.263e-85,12
-13.602,-16.8541,4.263e-85,12
-13.592,-16.8441,4.263e-85,12
-13.582,-16.8341,4.263e-85,12
-13.572,-16.8241,4.263e-85,12
-13.562,-16.8141,4.263e-85,12
-13.552,-16.8041,4.263e-85,12
-13.542,-16.7941,4.263e-85,12
-13.532,-16.7841,4.263e-85,12
-13.522,-16.7741,4.263e-85,12
-13.512,-16.7641,4.263e-85,12
-13.502,-16.7541,4.263e-85,12
-13.492,-16.7441,4.263e-85,12
-13.482,-16.7341,4.263e-85,12
-13.472,-16.7241,4.263e-85,12
-13.462,-16.7141,4.263e-85,12
-13.452,-16.7041,4.263e-85,12
-13.442,-16.6941,4.263e-85,12
-13.432,-16.6841,4.263e-85,12
-13.422,-16.6741,4.263e-85,12
-13.412,-16.6641,4.263e-85,12
-13.402,-16.6541,4.263e-85,12
-13.392,-16.6441,4.263e-85,12
-13.382,-16.6341,4.263e-85,12
-13.372,-16.6241,4.263e-85,12
-13.362,-16.6141,4.263e-85,12
-13.352,-16.6041,4.263e-85,12
-13.342,-16.5941,4.263e-85,12
-13.332,-16.5841,4.263e-85,12
-13.322,-16.5741,4.263e-85,12
-13.312,-16.5641,4.263e-85,12
-13.302,-16.5541,4.263e-85,12
-13.292,-16.5441,4.263e-85,12
-13.282,-16.5341,4.263e-85,12
-13.272,-16.5241,4.263e-85,12
-13.262,-16.5141,4.263e-85,12
-13.252,-16.5041,4.263e-85,12
-13.242,-16.4941,4.263e-85,12
-13.232,-16.4841,4.263e-85,12
-13.222,-16.4741,4.263e-85,12
-13.212,-16.4641,4.263e-85,12
-13.202,-16.4541,4.263e-85,12
-13.192,-16.4441,4.263e-85,12
-13.182,-16.4341,4.263e-85,12
-13.172,-16.4241,4.263e-85,12
-13.162,-16.4141,4.263e-85,12
-13.152,-16.4041,4.263e-85,12
-13.142,-16.3941,4.263e-85,12
-13.132,-16.3841,4.263e-85,12
-13.122,-16.3741,4.263e-85,12
-13.112,-16.3641,4.263e-85,12
-13.102,-16.3541,4.263e-85,12
-13.092,-16.3441,4.263e-85,12
-13.082,-16.3341,4.263e-85,12
-13.072,-16.3241,4.263e-85,12
-13.062,-16.3141,4.263e-85,12
-13.052,-16.3041,4.263e-85,12
-13.042,-16.2941,4.263e-85,12
-13.032,-16.2841,4.263e-85,12
-13.022,-16.2741,4.263e-85,12
-13.012,-16.2641,4.263e-85,12
-13.002,-16.2541,4.263e-85,12
-12.992,-16.2441,4.263e-85,12
-12.982,-16.2341,4.263e-85,12
-12.972,-16.2241,4.263e-85,12
-12.962,-16.2141,4.263e-85,12
-12.952,-16.2041,4.263e-85,12
-12.942,-16.1941,4.263e-85,12
-12.932,-16.1841,4.263e-85,12
-12.922,-16.1741,4.263e-85,12
-12.912,-16.1641,4.263e-85,12
-12.902,-16.1541,4.263e-85,12
-12.892,-16.1441,4.263e-85,12
-12.882,-16.1341,4.263e-85,12
-12.872,-16.1241,4.263e-85,12
-12.862,-16.1141,4.263e-85,12
-12.852,-16.1041,4.263e-85,12
-12.842,-16.0941,4.263e-85,12
-12.832,-16.0841,4.263e-85,12
-12.822,-16.0741,4.263e-85,12
-12.812,-16.0641,4.263e-85,12
-12.802,-16.0541,4.263e-85,12
-12.792,-16.0441,4.263e-85,12
-12.782,-16.0341,4.263e-85,12
-12.772,-16.0241,4.263e-85,12
-12.762,-16.0141,4.263e-85,12
-12.752,-16.0041,4.263e-85,12
-12.742,-15.9941,4.263e-85,12
-12.732,-15.9841,4.263e-85,12
-12.722,-15.9741,4.263e-85,12
-12.712,-15.9641,4.263e-85,12
-12.702,-15.9541,4.263e-85,12
-12.692,-15.9441,4.263e-85,12
-12.682,-15.9341,4.263e-85,12
-12.672,-15.9241,4.263e-85,12
-12.662,-15.9141,4.263e-85,12
-12.652,-15.9041,4.263e-85,12
-12.642,-15.8941,4.263e-85,12
-12.632,-15.8841,4.263e-85,12
-12.622,-15.8741,4.263e-85,12
-12.612,-15.8641,4.263e-85,12
-12.602,-15.8541,4.263e-85,12
-12.592,-15.8441,4.263e-85,12
-12.582,-15.8341,4.263e-85,12
-12.572,-15.8241,4.263e-85,12
-12.562,-15.8141,4.263e-85,12
-12.552,-15.8041,4.263e-85,12
-12.542,-15.7941,4.263e-85,12
-12.532,-15.7841,4.263e-85,12
-12.522,-15.7741,4.263e-85,12
-12.512,-15.7641,4.263e-85,12
-12.502,-15.7541,4.263e-85,12
-12.492,-15.7441,4.263e-85,12
-12.482,-15.7341,4.263e-85,12
-12.472,-15.7241,4.263e-85,12
-12.462,-15.7141,4.263e-85,12
-12.452,-15.7041,4.263e-85,12
-12.442,-15.6941,4.263e-85,12
-12.432,-15.6841,4.263e-85,12
-12.422,-15.6741,4.263e-85,12
-12.412,-15.6641,4.263e-85,12
-12.402,-15.6541,4.263e-85,12
-12.392,-15.6441,4.263e-85,12
-12.382,-15.6341,4.263e-85,12
-12.372,-15.6241,4.263e-85,12
-12.362,-15.6141,4.263e-85,12
-12.352,-15.6041,4.263e-85,12
-12.342,-15.5941,4.263e-85,12
-12.332,-15.5841,4.263e-85,12
-12.322,-15.5741,4.263e-85,12
-12.312,-15.5641,4.263e-85,12
-12.302,-15.5541,4.263e-85,12
-12.292,-15.5441,4.263e-85,12
-12.282,-15.5341,4.263e-85,12
-12.272,-15.5241,4.263e-85,12
-12.262,-15.5141,4.263e-85,12
-12.252,-15.5041,4.263e-85,12
-12.242,-15.4941,4.263e-85,12
-12.232,-15.4841,4.263e-85,12
-12.222,-15.4741,4.263e-85,12
-12.212,-15.4641,4.263e-85,12
-12.202,-15.4541,4.263e-85,12
-12.192,-15.4441,4.263e-85,12
-12.182,-15.4341,4.263e-85,12
-12.172,-15.4241,4.263e-85,12
-12.162,-15.4141,4.263e-85,12
-12.152,-15.4041,4.263e-85,12
-12.142,-15.3941,4.263e-85,12
-12.132,-15.3841,4.263e-85,12
-12.122,-15.3741,4.263e-85,12
-12.112,-15.3641,4.263e-85,12
-12.102,-15.3541,4.263e-85,12
-12.092,-15.3441,4.263e-85,12
-12.082,-15.3341,4.263e-85,12
-12.072,-15.3241,4.263e-85,12
-12.062,-15.3141,4.263e-85,12
-12.052,-15.3041,4.263e-85,12
-12.042,-15.2941,4.263e-85,12
-12.032,-15.2841,4.263e-85,12
-12.022,-15.2741,4.263e-85,12
-12.012,-15.2641,4.263e-85,12
-12.002,-15.2541,4.263e-85,12
-11.992,-15.2441,4.263e-85,12
-11.982,-15.2341,4.263e-85,12
-11.972,-15.2241,4.263e-85,12
-11.962,-15.2141,4.263e-85,12
-11.952,-15.2041,4.263e-85,12
-11.942,-15.1941,4.263e-85,12
-11.932,-15.1841,4.263e-85,12
-11.922,-15.1741,4.263e-85,12
-11.912,-15.1641,4.263e-85,12
-11.902,-15.1541,4.263e-85,12
-11.892,-15.1441,4.263e-85,12
-11.882,-15.1341,4.263e-85,12
-11.872,-15.1241,4.263e-85,12
-11.862,-15.1141,4.263e-85,12
-11.852,-15.1041,4.263e-85,12
-11.842,-15.0941,4.263e-85,12
-11.832,-15.0841,4.263e-85,12
-11.822,-15.0741,4.263e-85,12
-11.812,-15.0641,4.263e-85,12
-11.802,-15.0541,4.263e-85,12
-11.792,-15.0441,4.263e-85,12
-11.782,-15.0341,4.263e-85,12
-11.772,-15.0241,4.263e-85,12
-11.762,-15.0141,4.263e-85,12
-11.752,-15.0041,4.263e-85,12
-11.742,-14.9941,4.263e-85,12
-11.732,-14.9841,4.263e-85,12
-11.722,-14.9741,4.263e-85,12
-11.712,-14.9641,4.263e-85,12
-11.702,-14.9541,4.263e-85,12
-11.692,-14.9441,4.263e-85,12
-11.682,-14.9341,4.263e-85,12
-11.672,-14.9241,4.263e-85,12
-11.662,-14.9141,4.263e-85,12
-11.652,-14.9041,4.263e-85,12
-11.642,-14.8941,4.263e-85,12
-11.632,-14.8841,4.263e-85,12
-11.622,-14.8741,4.263e-85,12
-11.612,-14.8641,4.263e-85,12
-11.602,-14.8541,4.263e-85,12
-11.592,-14.8441,4.263e-85,12
-11.582,-14.8341,4.263e-85,12
-11.572,-14.8241,4.263e-85,12
-11.562,-14.8141,4.263e-85,12
-11.552,-14.8041,4.263e-85,12
-11.542,-14.7941,4.263e-85,12
-11.532,-14.7841,4.263e-85,12
-11.522,-14.7741,4.263e-85,12
-11.512,-14.7641,4.263e-85,12
-11.502,-14.7541,4.263e-85,12
-11.492,-14.7441,4.263e-85,12
-11.482,-14.7341,4.263e-85,12
-11.472,-14.7241,4.263e-85,12
-11.462,-14.7141,4.263e-85,12
-11.452,-14.7041,4.263e-85,12
-11.442,-14.6941,4.263e-85,12
-11.432,-14.6841,4.263e-85,12
-11.422,-14.6741,4.263e-85,12
-11.412,-14.6641,4.263e-85,12
-11.402,-14.6541,4.263e-85,12
-11.392,-14.6441,4.263e-85,12
-11.382,-14.6341,4.263e-85,12
-11.372,-14.6241,4.263e-85,12
-11.362,-14.6141,4.263e-85,12
-11.352,-14.6041,4.263e-85,12
-11.342,-14.5941,4.263e-85,12
-11.332,-14.5841,4.263e-85,12
-11.322,-14.5741,4.263e-85,12
-11.312,-14.5641,4.263e-85,12
-11.302,-14.5541,4.263e-85,12
-11.292,-14.5441,4.263e-85,12
-11.282,-14.5341,4.263e-85,12
-11.272,-14.5241,4.263e-85,12
-11.262,-14.5141,4.263e-85,12
-11.252,-14.5041,4.263e-85,12
-11.242,-14.4941,4.263e-85,12
-11.232,-14.4841,4.263e-85,12
-11.222,-14.4741,4.263e-85,12
-11.212,-14.4641,4.263e-85,12
-11.202,-14.4541,4.263e-85,12
-11.192,-14.4441,4.263e-85,12
-11.182,-14.4341,4.263e-85,12
-11.172,-14.4241,4.263e-85,12
-11.162,-14.4141,4.263e-85,12
-11.152,-14.4041,4.263e-85,12
-11.142,-14.3941,4.263e-85,12
-11.132,-14.3841,4.263e-85,12
-11.122,-14.3741,4.263e-85,12
-11.112,-14.3641,4.263e-85,12
-11.102,-14.3541,4.263e-85,12
-11.092,-14.3441,4.263e-85,12
-11.082,-14.3341,4.263e-85,12
-11.072,-14.3241,4.263e-85,12
-11.062,-14.3141,4.263e-85,12
-11.052,-14.3041,4.263e-85,12
-11.042,-14.2941,4.263e-85,12
-11.032,-14.2841,4.263e-85,12
-11.022,-14.2741,4.263e-85,12
-11.012,-14.2641,4.263e-85,12
-11.002,-14.2541,4.263e-85,12
-10.992,-14.2441,4.263e-85,12
-10.982,-14.2341,4.263e-85,12
-10.972,-14.2241,4.263e-85,12
-10.962,-14.2141,4.263e-85,12
-10.952,-14.2041,4.263e-85,12
-10.942,-14.1941,4.263e-85,12
-10.932,-14.1841,4.263e-85,12
-10.922,-14.1741,4.263e-85,12
-10.912,-14.1641,4.263e-85,12
-10.902,-14.1541,4.263e-85,12
-10.892,-14.1441,4.263e-85,12
-10.882,-14.1341,4.263e-85,12
-10.872,-14.1241,4.263e-85,12
-10.862,-14.1141,4.263e-85,12
-10.852,-14.1041,4.263e-85,12
-10.842,-14.0941,4.263e-85,12
-10.832,-14.0841,4.263e-85,12
-10.822,-14.0741,4.263e-85,12
-10.812,-14.0641,4.263e-85,12
-10.802,-14.0541,4.263e-85,12
-10.792,-14.0441,4.263e-85,12
-10.782,-14.0341,4.263e-85,12
-10.772,-14.0241,4.263e-85,12
-10.762,-14.0141,4.263e-85,12
-10.752,-14.0041,4.263e-85,12
-10.742,-13.9941,4.263e-85,12
-10.732,-13.9841,4.263e-85,12
-10.722,-13.9741,4.263e-85,12
-10.712,-13.9641,4.263e-85,12
-10.702,-13.9541,4.263e-85,12
-10.692,-13.9441,4.263e-85,12
-10.682,-13.9341,4.263e-85,12
-10.672,-13.9241,4.263e-85,12
-10.662,-13.9141,4.263e-85,12
-10.652,-13.9041,4.263e-85,12
-10.642,-13.8941,4.263e-85,12
-10.632,-13.8841,4.263e-85,12
-10.622,-13.8741,4.263e-85,12
-10.612,-13.8641,4.263e-85,12
-10.602,-13.8541,4.263e-85,12
-10.592,-13.8441,4.263e-85,12
-10.582,-13.8341,4.263e-85,12
-10.572,-13.8241,4.263e-85,12
-10.562,-13.8141,4.263e-85,12
-10.552,-13.8041,4.263e-85,12
-10.542,-13.7941,4.263e-85,12
-10.532,-13.7841,4.263e-85,12
-10.522,-13.7741,4.263e-85,12
-10.512,-13.7641,4.263e-85,12
-10.502,-13.7541,4.263e-85,12
-10.492,-13.7441,4.263e-85,12
-10.482,-13.7341,4.263e-85,12
-10.472,-13.7241,4.263e-85,12
-10.462,-13.7141,4.263e-85,12
-10.452,-13.7041,4.263e-85,12
-10.442,-13.6941,4.263e-85,12
-10.432,-13.6841,4.263e-85,12
-10.422,-13.6741,4.263e-85,12
-10.412,-13.6641,4.263e-85,12
-10.402,-13.6541,4.263e-85,12
-10.392,-13.6441,4.263e-85,12
-10.382,-13.6341,4.263e-85,12
-10.372,-13.6241,4.263e-85,12
-10.362,-13.6141,4.263e-85,12
-10.352,-13.6041,4.263e-85,12
-10.342,-13.5941,4.263e-85,12
-10.332,-13.5841,4.263e-85,12
-10.322,-13.5741,4.263e-85,12
-10.312,-13.5641,4.263e-85,12
-10.302,-13.5541,4.263e-85,12
-10.292,-13.5441,4.263e-85,12
-10.282,-13.5341,4.263e-85,12
-10.272,-13.5241,4.263e-85,12
-10.262,-13.5141,4.263e-85,12
-10.252,-13.5041,4.263e-85,12
-10.242,-13.4941,4.263e-85,12
-10.232,-13.4841,4.263e-85,12
-10.222,-13.4741,4.263e-85,12
-10.212,-13.4641,4.263e-85,12
-10.202,-13.4541,4.263e-85,12
-10.192,-13.4441,4.263e-85,12
-10.182,-13.4341,4.263e-85,12
-10.172,-13.4241,4.263e-85,12
-10.162,-13.4141,4.263e-85,12
-10.152,-13.4041,4.263e-85,12
-10.142,-13.3941,4.263e-85,12
-10.132,-13.3841,4.263e-85,12
-10.122,-13.3741,4.263e-85,12
-10.112,-13.3641,4.263e-85,12
-10.102,-13.3541,4.263e-85,12
-10.092,-13.3441,4.263e-85,12
-10.082,-13.3341,4.263e-85,12
-10.072,-13.3241,4.263e-85,12
-10.062,-13.3141,4.263e-85,12
-10.052,-13.3041,4.263e-85,12
-10.042,-13.2941,4.263e-85,12
-10.032,-13.2841,4.263e-85,12
-10.022,-13.2741,4.263e-85,12
-10.012,-13.2641,4.263e-85,12
-10.002,-13.2541,4.263e-85,12
-9.992,-13.2441,4.263e-85,12
-9.982,-13.2341,4.263e-85,12
-9.972,-13.2241,4.263e-85,12
-9.962,-13.2141,4.263e-85,12
-9.952,-13.2041,4.263e-85,12
-9.942,-13.1941,4.263e-85,12
-9.932,-13.1841,4.263e-85,12
-9.922,-13.1741,4.263e-85,12
-9.912,-13.1641,4.263e-85,12
-9.902,-13.1541,4.263e-85,12
-9.892,-13.1441,4.263e-85,12
-9.882,-13.1341,4.263e-85,12
-9.872,-13.1241,4.263e-85,12
-9.862,-13.1141,4.263e-85,12
-9.852,-13.1041,4.263e-85,12
-9.842,-13.0941,4.263e-85,12
-9.832,-13.0841,4.263e-85,12
-9.822,-13.0741,4.263e-85,12
-9.812,-13.0641,4.263e-85,12
-9.802,-13.0541,4.263e-85,12
-9.792,-13.0441,4.263e-85,12
-9.782,-13.0341,4.263e-85,12
-9.772,-13.0241,4.263e-85,12
-9.762,-13.0141,4.263e-85,12
-9.752,-13.0041,4.263e-85,12
-9.742,-12.9941,4.263e-85,12
-9.732,-12.9841,4.263e-85,12
-9.722,-12.9741,4.263e-85,12
-9.712,-12.9641,4.263e-85,12
-9.702,-12.9541,4.263e-85,12
-9.692,-12.9441,4.263e-85,12
-9.682,-12.9341,4.263e-85,12
-9.672,-12.9241,4.263e-85,12
-9.662,-12.9141,4.263e-85,12
-9.652,-12.9041,4.263e-85,12
-9.642,-12.8941,4.263e-85,12
-9.632,-12.8841,4.263e-85,12
-9.622,-12.8741,4.263e-85,12
-9.612,-12.8641,4.263e-85,12
-9.602,-12.8541,4.263e-85,12
-9.592,-12.8441,4.263e-85,12
-9.582,-12.8341,4.263e-85,12
-9.572,-12.8241,4.263e-85,12
-9.562,-12.8141,4.263e-85,12
-9.552,-12.8041,4.263e-85,12
-9.542,-12.7941,4.263e-85,12
-9.532,-12.7841,4.263e-85,12
-9.522,-12.7741,4.263e-85,12
-9.512,-12.7641,4.263e-85,12
-9.502,-12.7541,4.263e-85,12
-9.492,-12.7441,4.263e-85,12
-9.482,-12.7341,4.263e-85,12
-9.472,-12.7241,4.263e-85,12
-9.462,-12.7141,4.263e-85,12
-9.452,-12.7041,4.263e-85,12
-9.442,-12.6941,4.263e-85,12
-9.432,-12.6841,4.263e-85,12
-9.422,-12.6741,4.263e-85,12
-9.412,-12.6641,4.263e-85,12
-9.402,-12.6541,4.263e-85,12
-9.392,-12.6441,4.263e-85,12
-9.382,-12.6341,4.263e-85,12
-9.372,-12.6241,4.263e-85,12
-9.362,-12.6141,4.263e-85,12
-9.352,-12.6041,4.263e-85,12
-9.342,-12.5941,4.263e-85,12
-9.332,-12.5841,4.263e-85,12
-9.322,-12.5741,4.263e-85,12
-9.312,-12.5641,4.263e-85,12
-9.302,-12.5541,4.263e-85,12
-9.292,-12.5441,4.263e-85,12
-9.282,-12.5341,4.263e-85,12
-9.272,-12.5241,4.263e-85,12
-9.262,-12.5141,4.263e-85,12
-9.252,-12.5041,4.263e-85,12
-9.242,-12.4941,4.263e-85,12
-9.232,-12.4841,4.263e-85,12
-9.222,-12.4741,4.263e-85,12
-9.212,-12.4641,4.263e-85,12
-9.202,-12.4541,4.263e-85,12
-9.192,-12.4441,4.263e-85,12
-9.182,-12.4341,4.263e-85,12
-9.172,-12.4241,4.263e-85,12
-9.162,-12.4141,4.263e-85,12
-9.152,-12.4041,4.263e-85,12
-9.142,-12.3941,4.263e-85,12
-9.132,-12.3841,4.263e-85,12
-9.122,-12.3741,4.263e-85,12
-9.112,-12.3641,4.263e-85,12
-9.102,-12.3541,4.263e-85,12
-9.092,-12.3441,4.263e-85,12
-9.082,-12.3341,4.263e-85,12
-9.072,-12.3241,4.263e-85,12
-9.062,-12.3141,4.263e-85,12
-9.052,-12.3041,4.263e-85,12
-9.042,-12.2941,4.263e-85,12
-9.032,-12.2841,4.263e-85,12
-9.022,-12.2741,4.263e-85,12
-9.012,-12.2641,4.263e-85,12
-9.002,-12.2541,4.263e-85,12
-8.992,-12.2441,4.263e-85,12
-8.982,-12.2341,4.263e-85,12
-8.972,-12.2241,4.263e-85,12
-8.962,-12.2141,4.263e-85,12
-8.952,-12.2041,4.263e-85,12
-8.942,-12.1941,4.263e-85,12
-8.932,-12.1841,4.263e-85,12
-8.922,-12.1741,4.263e-85,12
-8.912,-12.1641,4.263e-85,12
-8.902,-12.1541,4.263e-85,12
-8.892,-12.1441,4.263e-85,12
-8.882,-12.1341,4.263e-85,12
-8.872,-12.1241,4.263e-85,12
-8.862,-12.1141,4.263e-85,12
-8.852,-12.1041,4.263e-85,12
-8.842,-12.0941,4.263e-85,12
-8.832,-12.0841,4.263e-85,12
-8.822,-12.0741,4.263e-85,12
-8.812,-12.0641,4.263e-85,12
-8.802,-12.0541,4.263e-85,12
-8.792,-12.0441,4.263e-85,12
-8.782,-12.0341,4.263e-85,12
-8.772,-12.0241,4.263e-85,12
-8.762,-12.0141,4.263e-85,12
-8.752,-12.0041,4.263e-85,12
-8.742,-11.9941,4.263e-85,12
-8.732,-11.9841,4.263e-85,12
-8.722,-11.9741,4.263e-85,12
-8.712,-11.9641,4.263e-85,12
-8.702,-11.9541,4.263e-85,12
-8.692,-11.9441,4.263e-85,12
-8.682,-11.9341,4.263e-85,12
-8.672,-11.9241,4.263e-85,12
-8.662,-11.9141,4.263e-85,12
-8.652,-11.9041,4.263e-85,12
-8.642,-11.8941,4.263e-85,12
-8.632,-11.8841,4.263e-85,12
-8.622,-11.8741,4.263e-85,12
-8.612,-11.8641,4.263e-85,12
-8.602,-11.8541,4.263e-85,12
-8.592,-11.8441,4.263e-85,12
-8.582,-11.8341,4.263e-85,12
-8.572,-11.8241,4.263e-85,12
-8.562,-11.8141,4.263e-85,12
-8.552,-11.8041,4.263e-85,12
-8.542,-11.7941,4.263e-85,12
-8.532,-11.7841,4.263e-85,12
-8.522,-11.7741,4.263e-85,12
-8.512,-11.7641,4.263e-85,12
-8.502,-11.7541,4.263e-85,12
-8.492,-11.7441,4.263e-85,12
-8.482,-11.7341,4.263e-85,12
-8.472,-11.7241,4.263e-85,12
-8.462,-11.7141,4.263e-85,12
-8.452,-11.7041,4.263e-85,12
-8.442,-11.6941,4.263e-85,12
-8.432,-11.6841,4.263e-85,12
-8.422,-11.6741,4.263e-85,12
-8.412,-11.6641,4.263e-85,12
-8.402,-11.6541,4.263e-85,12
-8.392,-11.6441,4.263e-85,12
-8.382,-11.6341,4.263e-85,12
-8.372,-11.6241,4.263e-85,12
-8.362,-11.6141,4.263e-85,12
-8.352,-11.6041,4.263e-85,12
-8.342,-11.5941,4.263e-85,12
-8.332,-11.5841,4.263e-85,12
-8.322,-11.5741,4.263e-85,12
-8.312,-11.5641,4.263e-85,12
-8.302,-11.5541,4.263e-85,12
-8.292,-11.5441,4.263e-85,12
-8.282,-11.5341,4.263e-85,12
-8.272,-11.5241,4.263e-85,12
-8.262,-11.5141,4.263e-85,12
-8.252,-11.5041,4.263e-85,12
-8.242,-11.4941,4.263e-85,12
-8.232,-11.4841,4.263e-85,12
-8.222,-11.4741,4.263e-85,12
-8.212,-11.4641,4.263e-85,12
-8.202,-11.4541,4.263e-85,12
-8.192,-11.4441,4.263e-85,12
-8.182,-11.4341,4.263e-85,12
-8.172,-11.4241,4.263e-85,12
-8.162,-11.4141,4.263e-85,12
-8.152,-11.4041,4.263e-85,12
-8.142,-11.3941,4.263e-85,12
-8.132,-11.3841,4.263e-85,12
-8.122,-11.3741,4.263e-85,12
-8.112,-11.3641,4.263e-85,12
-8.102,-11.3541,4.263e-85,12
-8.092,-11.3441,4.263e-85,12
-8.082,-11.3341,4.263e-85,12
-8.072,-11.3241,4.263e-85,12
-8.062,-11.3141,4.263e-85,12
-8.052,-11.3041,4.263e-85,12
-8.042,-11.2941,4.263e-85,12
-8.032,-11.2841,4.263e-85,12
-8.022,-11.2741,4.263e-85,12
-8.012,-11.2641,4.263e-85,12
-8.002,-11.2541,4.263e-85,12
-7.992,-11.2441,4.263e-85,12
-7.982,-11.2341,4.263e-85,12
-7.972,-11.2241,4.263e-85,12
-7.962,-11.2141,4.263e-85,12
-7.952,-11.2041,4.263e-85,12
-7.942,-11.1941,4.263e-85,12
-7.932,-11.1841,4.263e-85,12
-7.922,-11.1741,4.263e-85,12
-7.912,-11.1641,4.263e-85,12
-7.902,-11.1541,4.263e-85,12
-7.892,-11.1441,4.263e-85,12
-7.882,-11.1341,4.263e-85,12
-7.872,-11.1241,4.263e-85,12
-7.862,-11.1141,4.263e-85,12
-7.852,-11.1041,4.263e-85,12
-7.842,-11.0941,4.263e-85,12
-7.832,-11.0841,4.263e-85,12
-7.822,-11.0741,4.263e-85,12
-7.812,-11.0641,4.263e-85,12
-7.802,-11.0541,4.263e-85,12
-7.792,-11.0441,4.263e-85,12
-7.782,-11.0341,4.263e-85,12
-7.772,-11.0241,4.263e-85,12
-7.762,-11.0141,4.263e-85,12
-7.752,-11.0041,4.263e-85,12
-7.742,-10.9941,4.263e-85,12
-7.732,-10.9841,4.263e-85,12
-7.722,-10.9741,4.263e-85,12
-7.712,-10.9641,4.263e-85,12
-7.702,-10.9541,4.263e-85,12
-7.692,-10.9441,4.263e-85,12
-7.682,-10.9341,4.263e-85,12
-7.672,-10.9241,4.263e-85,12
-7.662,-10.9141,4.263e-85,12
-7.652,-10.9041,4.263e-85,12
-7.642,-10.8941,4.263e-85,12
-7.632,-10.8841,4.263e-85,12
-7.622,-10.8741,4.263e-85,12
-7.612,-10.8641,4.263e-85,12
-7.602,-10.8541,4.263e-85,12
-7.592,-10.8441,4.263e-85,12
-7.582,-10.8341,4.263e-85,12
-7.572,-10.8241,4.263e-85,12
-7.562,-10.8141,4.263e-85,12
-7.552,-10.8041,4.263e-85,12
-7.542,-10.7941,4.263e-85,12
-7.532,-10.7841,4.263e-85,12
-7.522,-10.7741,4.263e-85,12
-7.512,-10.7641,4.263e-85,12
-7.502,-10.7541,4.263e-85,12
-7.492,-10.7441,4.263e-85,12
-7.482,-10.7341,4.263e-85,12
-7.472,-10.7241,4.263e-85,12
-7.462,-10.7141,4.263e-85,12
-7.452,-10.7041,4.263e-85,12
-7.442,-10.6941,4.263e-85,12
-7.432,-10.6841,4.263e-85,12
-7.422,-10.6741,4.263e-85,12
-7.412,-10.6641,4.263e-85,12
-7.402,-10.6541,4.263e-85,12
-7.392,-10.6441,4.263e-85,12
-7.382,-10.6341,4.271e-85,12
-7.372,-10.6241,4.431e-85,12
-7.362,-10.6141,7.399e-85,12
-7.352,-10.6041,6.123e-84,12
-7.342,-10.5941,1.016e-82,12
-7.332,-10.5841,1.759e-81,12
-7.322,-10.5741,2.989e-80,12
-7.312,-10.5641,4.969e-79,12
-7.302,-10.5541,8.082e-78,12
-7.292,-10.5441,1.286e-76,12
-7.282,-10.5341,2.001e-75,12
-7.272,-10.5241,3.046e-74,12
-7.262,-10.5141,4.536e-73,12
-7.252,-10.5041,6.608e-72,12
-7.242,-10.4941,9.415e-71,12
-7.232,-10.4841,1.312e-69,12
-7.222,-10.4741,1.789e-68,12
-7.212,-10.4641,2.386e-67,12
-7.202,-10.4541,3.113e-66,12
-7.192,-10.4441,3.972e-65,12
-7.182,-10.4341,4.959e-64,12
-7.172,-10.4241,6.055e-63,12
-7.162,-10.4141,7.233e-62,12
-7.152,-10.4041,8.451e-61,12
-7.142,-10.3941,9.658e-60,12
-7.132,-10.3841,1.08e-58,12
-7.122,-10.3741,1.181e-57,12
-7.112,-10.3641,1.263e-56,12
-7.102,-10.3541,1.322e-55,12
-7.092,-10.3441,1.353e-54,12
-7.082,-10.3341,1.355e-53,12
-7.072,-10.3241,1.327e-52,12
-7.062,-10.3141,1.271e-51,12
-7.052,-10.3041,1.192e-50,12
-7.042,-10.2941,1.092e-49,12
-7.032,-10.2841,9.797e-49,12
-7.022,-10.2741,8.594e-48,12
-7.012,-10.2641,7.374e-47,12
-7.002,-10.2541,6.19e-46,12
-6.992,-10.2441,5.082e-45,12
-6.982,-10.2341,4.082e-44,12
-6.972,-10.2241,3.207e-43,12
-6.962,-10.2141,2.465e-42,12
-6.952,-10.2041,1.853e-41,12
-6.942,-10.1941,1.362e-40,12
-6.932,-10.1841,9.801e-40,12
-6.922,-10.1741,6.896e-39,12
-6.912,-10.1641,4.747e-38,12
-6.902,-10.1541,3.196e-37,12
-6.892,-10.1441,2.105e-36,12
-6.882,-10.1341,1.356e-35,12
-6.872,-10.1241,8.545e-35,12
-6.862,-10.1141,5.267e-34,12
-6.852,-10.1041,3.176e-33,12
-6.842,-10.0941,1.874e-32,12
-6.832,-10.0841,1.081e-31,12
-6.822,-10.0741,6.101e-31,12
-6.812,-10.0641,3.368e-30,12
-6.802,-10.0541,1.819e-29,12
-6.792,-10.0441,9.61e-29,12
-6.782,-10.0341,4.966e-28,12
-6.772,-10.0241,2.51e-27,12
-6.762,-10.0141,1.241e-26,12
-6.752,-10.0041,6.004e-26,12
-6.742,-9.9941,2.841e-25,12
-6.732,-9.9841,1.315e-24,12
-6.722,-9.9741,5.952e-24,12
-6.712,-9.9641,2.636e-23,12
-6.702,-9.9541,1.142e-22,12
-6.692,-9.9441,4.839e-22,12
-6.682,-9.9341,2.006e-21,12
-6.672,-9.9241,8.132e-21,12
-6.662,-9.9141,3.225e-20,12
-6.652,-9.9041,1.251e-19,12
-6.642,-9.8941,4.749e-19,12
-6.632,-9.8841,1.763e-18,12
-6.622,-9.8741,6.403e-18,12
-6.612,-9.8641,2.274e-17,12
-6.602,-9.8541,7.903e-17,12
-6.592,-9.8441,2.686e-16,12
-6.582,-9.8341,8.932e-16,12
-6.572,-9.8241,2.905e-15,12
-6.562,-9.8141,9.243e-15,12
-6.552,-9.8041,2.877e-14,12
-6.542,-9.7941,8.758e-14,12
-6.532,-9.7841,2.608e-13,12
-6.522,-9.7741,7.598e-13,12
-6.512,-9.7641,2.165e-12,12
-6.502,-9.7541,6.036e-12,12
-6.492,-9.7441,1.646e-11,12
-6.482,-9.7341,4.391e-11,12
-6.472,-9.7241,1.146e-10,12
-6.462,-9.7141,2.925e-10,12
-6.452,-9.7041,7.304e-10,12
-6.442,-9.6941,1.784e-09,12
-6.432,-9.6841,4.265e-09,12
-6.422,-9.6741,9.971e-09,12
-6.412,-9.6641,2.281e-08,12
-6.402,-9.6541,5.105e-08,12
-6.392,-9.6441,1.118e-07,12
-6.382,-9.6341,2.394e-07,12
-6.372,-9.6241,5.019e-07,12
-6.362,-9.6141,1.029e-06,12
-6.352,-9.6041,2.066e-06,12
-6.342,-9.5941,4.059e-06,12
-6.332,-9.5841,7.804e-06,12
-6.322,-9.5741,1.469e-05,12
-6.312,-9.5641,2.706e-05,12
-6.302,-9.5541,4.881e-05,12
-6.292,-9.5441,8.623e-05,12
-6.282,-9.5341,0.0001492,12
-6.272,-9.5241,0.0002529,12
-6.262,-9.5141,0.0004201,12
-6.252,-9.5041,0.0006842,12
-6.242,-9.4941,0.001093,12
-6.232,-9.4841,0.001711,12
-6.222,-9.4741,0.002631,12
-6.212,-9.4641,0.003973,12
-6.202,-9.4541,0.005892,12
-6.192,-9.4441,0.008591,12
-6.182,-9.4341,0.01232,12
-6.172,-9.4241,0.01739,12
-6.162,-9.4141,0.02418,12
-6.152,-9.4041,0.03313,12
-6.142,-9.3941,0.04476,12
-6.132,-9.3841,0.05965,12
-6.122,-9.3741,0.07847,12
-6.112,-9.3641,0.1019,12
-6.102,-9.3541,0.1307,12.01
-6.092,-9.3441,0.1657,12.01
-6.082,-9.3341,0.2074,12.01
-6.072,-9.3241,0.2565,12.01
-6.062,-9.3141,0.3134,12.01
-6.052,-9.3041,0.3783,12.02
-6.042,-9.2941,0.4512,12.02
-6.032,-9.2841,0.5318,12.03
-6.022,-9.2741,0.6193,12.03
-6.012,-9.2641,0.7128,12.04
-6.002,-9.2541,0.8111,12.05
-5.992,-9.2441,0.9127,12.06
-5.982,-9.2341,1.016,12.07
-5.972,-9.2241,1.12,12.08
-5.962,-9.2141,1.222,12.09
-5.952,-9.2041,1.322,12.11
-5.942,-9.1941,1.419,12.12
-5.932,-9.1841,1.511,12.13
-5.922,-9.1741,1.598,12.15
-5.912,-9.1641,1.681,12.17
-5.902,-9.1541,1.761,12.19
-5.892,-9.1441,1.839,12.2
-5.882,-9.1341,1.918,12.22
-5.872,-9.1241,1.999,12.24
-5.862,-9.1141,2.086,12.26
-5.852,-9.1041,2.181,12.29
-5.842,-9.0941,2.288,12.31
-5.832,-9.0841,2.409,12.33
-5.822,-9.0741,2.543,12.36
-5.812,-9.0641,2.693,12.38
-5.802,-9.0541,2.854,12.41
-5.792,-9.0441,3.026,12.44
-5.782,-9.0341,3.204,12.48
-5.772,-9.0241,3.383,12.51
-5.762,-9.0141,3.559,12.55
-5.752,-9.0041,3.727,12.58
-5.742,-8.9941,3.886,12.62
-5.732,-8.9841,4.033,12.66
-5.722,-8.9741,4.171,12.7
-5.712,-8.9641,4.303,12.75
-5.702,-8.9541,4.435,12.79
-5.692,-8.9441,4.575,12.84
-5.682,-8.9341,4.729,12.88
-5.672,-8.9241,4.907,12.93
-5.662,-8.9141,5.114,12.98
-5.652,-8.9041,5.356,13.04
-5.642,-8.8941,5.633,13.09
-5.632,-8.8841,5.945,13.15
-5.622,-8.8741,6.287,13.22
-5.612,-8.8641,6.653,13.28
-5.602,-8.8541,7.035,13.35
-5.592,-8.8441,7.424,13.43
-5.582,-8.8341,7.813,13.51
-5.572,-8.8241,8.196,13.59
-5.562,-8.8141,8.569,13.67
-5.552,-8.8041,8.929,13.76
-5.542,-8.7941,9.276,13.86
-5.532,-8.7841,9.61,13.95
-5.522,-8.7741,9.931,14.05
-5.512,-8.7641,10.24,14.15
-5.502,-8.7541,10.52,14.26
-5.492,-8.7441,10.78,14.37
-5.482,-8.7341,11,14.48
-5.472,-8.7241,11.18,14.59
-5.462,-8.7141,11.28,14.7
-5.452,-8.7041,11.31,14.81
-5.442,-8.6941,11.23,14.93
-5.432,-8.6841,11.05,15.04
-5.422,-8.6741,10.76,15.14
-5.412,-8.6641,10.35,15.25
-5.402,-8.6541,9.823,15.35
-5.392,-8.6441,9.201,15.44
-5.382,-8.6341,8.495,15.52
-5.372,-8.6241,7.726,15.6
-5.362,-8.6141,6.919,15.67
-5.352,-8.6041,6.097,15.73
-5.342,-8.5941,5.285,15.78
-5.332,-8.5841,4.505,15.83
-5.322,-8.5741,3.774,15.87
-5.312,-8.5641,3.107,15.9
-5.302,-8.5541,2.513,15.92
-5.292,-8.5441,1.996,15.94
-5.282,-8.5341,1.556,15.96
-5.272,-8.5241,1.191,15.97
-5.262,-8.5141,0.8948,15.98
-5.252,-8.5041,0.6595,15.98
-5.242,-8.4941,0.4769,15.99
-5.232,-8.4841,0.3383,15.99
-5.222,-8.4741,0.2353,16
-5.212,-8.4641,0.1605,16
-5.202,-8.4541,0.1073,16
-5.192,-8.4441,0.07034,16
-5.182,-8.4341,0.04519,16
-5.172,-8.4241,0.02846,16
-5.162,-8.4141,0.01756,16
-5.152,-8.4041,0.01062,16
-5.142,-8.3941,0.00629,16
-5.132,-8.3841,0.003651,16
-5.122,-8.3741,0.002076,16
-5.112,-8.3641,0.001156,16
-5.102,-8.3541,0.0006307,16
-5.092,-8.3441,0.000337,16
-5.082,-8.3341,0.0001764,16
-5.072,-8.3241,9.039e-05,16
-5.062,-8.3141,4.536e-05,16
-5.052,-8.3041,2.229e-05,16
-5.042,-8.2941,1.073e-05,16
-5.032,-8.2841,5.055e-06,16
-5.022,-8.2741,2.332e-06,16
-5.012,-8.2641,1.053e-06,16
-5.002,-8.2541,4.659e-07,16
-4.992,-8.2441,2.017e-07,16
-4.982,-8.2341,8.55e-08,16
-4.972,-8.2241,3.548e-08,16
-4.962,-8.2141,1.441e-08,16
-4.952,-8.2041,5.73e-09,16
-4.942,-8.1941,2.23e-09,16
-4.932,-8.1841,8.497e-10,16
-4.922,-8.1741,3.169e-10,16
-4.912,-8.1641,1.157e-10,16
-4.902,-8.1541,4.132e-11,16
-4.892,-8.1441,1.445e-11,16
-4.882,-8.1341,4.946e-12,16
-4.872,-8.1241,1.657e-12,16
-4.862,-8.1141,5.431e-13,16
-4.852,-8.1041,1.743e-13,16
-4.842,-8.0941,5.472e-14,16
-4.832,-8.0841,1.682e-14,16
-4.822,-8.0741,5.057e-15,16
-4.812,-8.0641,1.488e-15,16
-4.802,-8.0541,4.287e-16,16
-4.792,-8.0441,1.208e-16,16
-4.782,-8.0341,3.333e-17,16
-4.772,-8.0241,8.996e-18,16
-4.762,-8.0141,2.376e-18,16
-4.752,-8.0041,6.141e-19,16
-4.742,-7.9941,1.553e-19,16
-4.732,-7.9841,3.843e-20,16
-4.722,-7.9741,9.307e-21,16
-4.712,-7.9641,2.205e-21,16
-4.702,-7.9541,5.113e-22,16
-4.692,-7.9441,1.16e-22,16
-4.682,-7.9341,2.575e-23,16
-4.672,-7.9241,5.592e-24,16
-4.662,-7.9141,1.188e-24,16
-4.652,-7.9041,2.471e-25,16
-4.642,-7.8941,5.027e-26,16
-4.632,-7.8841,1.001e-26,16
-4.622,-7.8741,1.949e-27,16
-4.612,-7.8641,3.714e-28,16
-4.602,-7.8541,6.925e-29,16
-4.592,-7.8441,1.263e-29,16
-4.582,-7.8341,2.255e-30,16
-4.572,-7.8241,3.937e-31,16
-4.562,-7.8141,6.726e-32,16
-4.552,-7.8041,1.124e-32,16
-4.542,-7.7941,1.838e-33,16
-4.532,-7.7841,2.941e-34,16
-4.522,-7.7741,4.603e-35,16
-4.512,-7.7641,7.05e-36,16
-4.502,-7.7541,1.056e-36,16
-4.492,-7.7441,1.548e-37,16
-4.482,-7.7341,2.22e-38,16
-4.472,-7.7241,3.114e-39,16
-4.462,-7.7141,4.274e-40,16
-4.452,-7.7041,5.739e-41,16
-4.442,-7.6941,7.54e-42,16
-4.432,-7.6841,9.689e-43,16
-4.422,-7.6741,1.218e-43,16
-4.412,-7.6641,1.498e-44,16
-4.402,-7.6541,1.803e-45,16
-4.392,-7.6441,2.122e-46,16
-4.382,-7.6341,2.444e-47,16
-4.372,-7.6241,2.754e-48,16
-4.362,-7.6141,3.035e-49,16
-4.352,-7.6041,3.272e-50,16
-4.342,-7.5941,3.452e-51,16
-4.332,-7.5841,3.562e-52,16
-4.322,-7.5741,3.595e-53,16
-4.312,-7.5641,3.551e-54,16
-4.302,-7.5541,3.43e-55,16
-4.292,-7.5441,3.242e-56,16
-4.282,-7.5341,2.997e-57,16
-4.272,-7.5241,2.711e-58,16
-4.262,-7.5141,2.398e-59,16
-4.252,-7.5041,2.076e-60,16
-4.242,-7.4941,1.758e-61,16
-4.232,-7.4841,1.456e-62,16
-4.222,-7.4741,1.18e-63,16
-4.212,-7.4641,9.352e-65,16
-4.202,-7.4541,7.251e-66,16
-4.192,-7.4441,5.501e-67,16
-4.182,-7.4341,4.082e-68,16
-4.172,-7.4241,2.963e-69,16
-4.162,-7.4141,2.104e-70,16
-4.152,-7.4041,1.462e-71,16
-4.142,-7.3941,9.933e-73,16
-4.132,-7.3841,6.603e-74,16
-4.122,-7.3741,4.294e-75,16
-4.112,-7.3641,2.731e-76,16
-4.102,-7.3541,1.7e-77,16
-4.092,-7.3441,1.035e-78,16
-4.082,-7.3341,6.162e-80,16
-4.072,-7.3241,3.59e-81,16
-4.062,-7.3141,2.05e-82,16
-4.052,-7.3041,1.182e-83,16
-4.042,-7.2941,1.045e-84,16
-4.032,-7.2841,4.579e-85,16
-4.022,-7.2741,4.273e-85,16
-4.012,-7.2641,4.263e-85,16
-4.002,-7.2541,4.263e-85,16
-3.992,-7.2441,4.263e-85,16
-3.982,-7.2341,4.263e-85,16
-3.972,-7.2241,4.263e-85,16
-3.962,-7.2141,4.263e-85,16
-3.952,-7.2041,4.263e-85,16
-3.942,-7.1941,4.263e-85,16
-3.932,-7.1841,4.263e-85,16
-3.922,-7.1741,4.263e-85,16
-3.912,-7.1641,4.263e-85,16
-3.902,-7.1541,4.263e-85,16
-3.892,-7.1441,4.263e-85,16
-3.882,-7.1341,4.263e-85,16
-3.872,-7.1241,4.263e-85,16
-3.862,-7.1141,4.263e-85,16
-3.852,-7.1041,4.263e-85,16
-3.842,-7.0941,4.263e-85,16
-3.832,-7.0841,4.263e-85,16
-3.822,-7.0741,4.263e-85,16
-3.812,-7.0641,4.263e-85,16
-3.802,-7.0541,4.263e-85,16
-3.792,-7.0441,4.263e-85,16
-3.782,-7.0341,4.263e-85,16
-3.772,-7.0241,4.263e-85,16
-3.762,-7.0141,4.263e-85,16
-3.752,-7.0041,4.263e-85,16
-3.742,-6.9941,4.263e-85,16
-3.732,-6.9841,4.263e-85,16
-3.722,-6.9741,4.263e-85,16
-3.712,-6.9641,4.263e-85,16
-3.702,-6.9541,4.263e-85,16
-3.692,-6.9441,4.263e-85,16
-3.682,-6.9341,4.263e-85,16
-3.672,-6.9241,4.263e-85,16
-3.662,-6.9141,4.263e-85,16
-3.652,-6.9041,4.263e-85,16
-3.642,-6.8941,4.263e-85,16
-3.632,-6.8841,4.263e-85,16
-3.622,-6.8741,4.263e-85,16
-3.612,-6.8641,4.263e-85,16
-3.602,-6.8541,4.263e-85,16
-3.592,-6.8441,4.263e-85,16
-3.582,-6.8341,4.263e-85,16
-3.572,-6.8241,4.263e-85,16
-3.562,-6.8141,4.263e-85,16
-3.552,-6.8041,4.263e-85,16
-3.542,-6.7941,4.263e-85,16
-3.532,-6.7841,4.263e-85,16
-3.522,-6.7741,4.263e-85,16
-3.512,-6.7641,4.263e-85,16
-3.502,-6.7541,4.263e-85,16
-3.492,-6.7441,4.263e-85,16
-3.482,-6.7341,4.263e-85,16
-3.472,-6.7241,4.263e-85,16
-3.462,-6.7141,4.263e-85,16
-3.452,-6.7041,4.263e-85,16
-3.442,-6.6941,4.263e-85,16
-3.432,-6.6841,4.263e-85,16
-3.422,-6.6741,4.263e-85,16
-3.412,-6.6641,4.263e-85,16
-3.402,-6.6541,4.263e-85,16
-3.392,-6.6441,4.263e-85,16
-3.382,-6.6341,4.263e-85,16
-3.372,-6.6241,4.263e-85,16
-3.362,-6.6141,4.263e-85,16
-3.352,-6.6041,4.263e-85,16
-3.342,-6.5941,4.263e-85,16
-3.332,-6.5841,4.263e-85,16
-3.322,-6.5741,4.263e-85,16
-3.312,-6.5641,4.263e-85,16
-3.302,-6.5541,4.263e-85,16
-3.292,-6.5441,4.263e-85,16
-3.282,-6.5341,4.263e-85,16
-3.272,-6.5241,4.263e-85,16
-3.262,-6.5141,4.263e-85,16
-3.252,-6.5041,4.263e-85,16
-3.242,-6.4941,4.263e-85,16
-3.232,-6.4841,4.263e-85,16
-3.222,-6.4741,4.263e-85,16
-3.212,-6.4641,4.263e-85,16
-3.202,-6.4541,4.263e-85,16
-3.192,-6.4441,4.263e-85,16
-3.182,-6.4341,4.263e-85,16
-3.172,-6.4241,4.263e-85,16
-3.162,-6.4141,4.263e-85,16
-3.152,-6.4041,4.263e-85,16
-3.142,-6.3941,4.263e-85,16
-3.132,-6.3841,4.263e-85,16
-3.122,-6.3741,4.263e-85,16
-3.112,-6.3641,4.263e-85,16
-3.102,-6.3541,4.263e-85,16
-3.092,-6.3441,4.263e-85,16
-3.082,-6.3341,4.263e-85,16
-3.072,-6.3241,4.263e-85,16
-3.062,-6.3141,4.263e-85,16
-3.052,-6.3041,4.263e-85,16
-3.042,-6.2941,4.263e-85,16
-3.032,-6.2841,4.263e-85,16
-3.022,-6.2741,4.263e-85,16
-3.012,-6.2641,4.263e-85,16
-3.002,-6.2541,4.263e-85,16
-2.992,-6.2441,4.263e-85,16
-2.982,-6.2341,4.263e-85,16
-2.972,-6.2241,4.263e-85,16
-2.962,-6.2141,4.263e-85,16
-2.952,-6.2041,4.263e-85,16
-2.942,-6.1941,4.263e-85,16
-2.932,-6.1841,4.263e-85,16
-2.922,-6.1741,4.263e-85,16
-2.912,-6.1641,4.263e-85,16
-2.902,-6.1541,4.263e-85,16
-2.892,-6.1441,4.263e-85,16
-2.882,-6.1341,4.263e-85,16
-2.872,-6.1241,4.263e-85,16
-2.862,-6.1141,4.263e-85,16
-2.852,-6.1041,4.263e-85,16
-2.842,-6.0941,4.263e-85,16
-2.832,-6.0841,4.263e-85,16
-2.822,-6.0741,4.263e-85,16
-2.812,-6.0641,4.263e-85,16
-2.802,-6.0541,4.263e-85,16
-2.792,-6.0441,4.263e-85,16
-2.782,-6.0341,4.263e-85,16
-2.772,-6.0241,4.263e-85,16
-2.762,-6.0141,4.263e-85,16
-2.752,-6.0041,4.263e-85,16
-2.742,-5.9941,4.263e-85,16
-2.732,-5.9841,4.263e-85,16
-2.722,-5.9741,4.263e-85,16
-2.712,-5.9641,4.263e-85,16
-2.702,-5.9541,4.263e-85,16
-2.692,-5.9441,4.263e-85,16
-2.682,-5.9341,4.263e-85,16
-2.672,-5.9241,4.263e-85,16
-2.662,-5.9141,4.263e-85,16
-2.652,-5.9041,4.263e-85,16
-2.642,-5.8941,4.263e-85,16
-2.632,-5.8841,4.263e-85,16
-2.622,-5.8741,4.263e-85,16
-2.612,-5.8641,4.263e-85,16
-2.602,-5.8541,4.263e-85,16
-2.592,-5.8441,4.263e-85,16
-2.582,-5.8341,4.263e-85,16
-2.572,-5.8241,4.263e-85,16
-2.562,-5.8141,4.263e-85,16
-2.552,-5.8041,4.263e-85,16
-2.542,-5.7941,4.263e-85,16
-2.532,-5.7841,4.263e-85,16
-2.522,-5.7741,4.263e-85,16
-2.512,-5.7641,4.263e-85,16
-2.502,-5.7541,4.263e-85,16
-2.492,-5.7441,4.263e-85,16
-2.482,-5.7341,4.263e-85,16
-2.472,-5.7241,4.263e-85,16
-2.462,-5.7141,4.263e-85,16
-2.452,-5.7041,4.263e-85,16
-2.442,-5.6941,4.263e-85,16
-2.432,-5.6841,4.263e-85,16
-2.422,-5.6741,4.263e-85,16
-2.412,-5.6641,4.263e-85,16
-2.402,-5.6541,4.263e-85,16
-2.392,-5.6441,4.263e-85,16
-2.382,-5.6341,4.263e-85,16
-2.372,-5.6241,4.263e-85,16
-2.362,-5.6141,4.263e-85,16
-2.352,-5.6041,4.263e-85,16
-2.342,-5.5941,4.263e-85,16
-2.332,-5.5841,4.263e-85,16
-2.322,-5.5741,4.263e-85,16
-2.312,-5.5641,4.263e-85,16
-2.302,-5.5541,4.263e-85,16
-2.292,-5.5441,4.263e-85,16
-2.282,-5.5341,4.263e-85,16
-2.272,-5.5241,4.263e-85,16
-2.262,-5.5141,4.263e-85,16
-2.252,-5.5041,4.263e-85,16
-2.242,-5.4941,4.263e-85,16
-2.232,-5.4841,4.263e-85,16
-2.222,-5.4741,4.263e-85,16
-2.212,-5.4641,4.263e-85,16
-2.202,-5.4541,4.263e-85,16
-2.192,-5.4441,4.263e-85,16
-2.182,-5.4341,4.263e-85,16
-2.172,-5.4241,4.263e-85,16
-2.162,-5.4141,4.263e-85,16
-2.152,-5.4041,4.263e-85,16
-2.142,-5.3941,4.263e-85,16
-2.132,-5.3841,4.263e-85,16
-2.122,-5.3741,4.263e-85,16
-2.112,-5.3641,4.263e-85,16
-2.102,-5.3541,4.263e-85,16
-2.092,-5.3441,4.263e-85,16
-2.082,-5.3341,4.263e-85,16
-2.072,-5.3241,4.263e-85,16
-2.062,-5.3141,4.263e-85,16
-2.052,-5.3041,4.263e-85,16
-2.042,-5.2941,4.263e-85,16
-2.032,-5.2841,4.263e-85,16
-2.022,-5.2741,4.263e-85,16
-2.012,-5.2641,4.263e-85,16
-2.002,-5.2541,4.263e-85,16
-1.992,-5.2441,4.263e-85,16
-1.982,-5.2341,4.263e-85,16
-1.972,-5.2241,4.263e-85,16
-1.962,-5.2141,4.263e-85,16
-1.952,-5.2041,4.263e-85,16
-1.942,-5.1941,4.263e-85,16
-1.932,-5.1841,4.263e-85,16
-1.922,-5.1741,4.263e-85,16
-1.912,-5.1641,4.263e-85,16
-1.902,-5.1541,4.263e-85,16
-1.892,-5.1441,4.263e-85,16
-1.882,-5.1341,4.263e-85,16
-1.872,-5.1241,4.263e-85,16
-1.862,-5.1141,4.263e-85,16
-1.852,-5.1041,4.263e-85,16
-1.842,-5.0941,4.263e-85,16
-1.832,-5.0841,4.263e-85,16
-1.822,-5.0741,4.263e-85,16
-1.812,-5.0641,4.263e-85,16
-1.802,-5.0541,4.263e-85,16
-1.792,-5.0441,4.263e-85,16
-1.782,-5.0341,4.263e-85,16
-1.772,-5.0241,4.263e-85,16
-1.762,-5.0141,4.263e-85,16
-1.752,-5.0041,4.263e-85,16
-1.742,-4.9941,4.263e-85,16
-1.732,-4.9841,4.263e-85,16
-1.722,-4.9741,4.263e-85,16
-1.712,-4.9641,4.263e-85,16
-1.702,-4.9541,4.263e-85,16
-1.692,-4.9441,4.263e-85,16
-1.682,-4.9341,4.263e-85,16
-1.672,-4.9241,4.263e-85,16
-1.662,-4.9141,4.263e-85,16
-1.652,-4.9041,4.263e-85,16
-1.642,-4.8941,4.263e-85,16
-1.632,-4.8841,4.263e-85,16
-1.622,-4.8741,4.263e-85,16
-1.612,-4.8641,4.263e-85,16
-1.602,-4.8541,4.263e-85,16
-1.592,-4.8441,4.263e-85,16
-1.582,-4.8341,4.263e-85,16
-1.572,-4.8241,4.263e-85,16
-1.562,-4.8141,4.263e-85,16
-1.552,-4.8041,4.263e-85,16
-1.542,-4.7941,4.263e-85,16
-1.532,-4.7841,4.263e-85,16
-1.522,-4.7741,4.263e-85,16
-1.512,-4.7641,4.263e-85,16
-1.502,-4.7541,4.263e-85,16
-1.492,-4.7441,4.263e-85,16
-1.482,-4.7341,4.263e-85,16
-1.472,-4.7241,4.263e-85,16
-1.462,-4.7141,4.263e-85,16
-1.452,-4.7041,4.263e-85,16
-1.442,-4.6941,4.263e-85,16
-1.432,-4.6841,4.263e-85,16
-1.422,-4.6741,4.263e-85,16
-1.412,-4.6641,4.263e-85,16
-1.402,-4.6541,4.269e-85,16
-1.392,-4.6441,4.406e-85,16
-1.382,-4.6341,6.934e-85,16
-1.372,-4.6241,5.285e-84,16
-1.362,-4.6141,8.685e-83,16
-1.352,-4.6041,1.504e-81,16
-1.342,-4.5941,2.559e-80,16
-1.332,-4.5841,4.259e-79,16
-1.322,-4.5741,6.936e-78,16
-1.312,-4.5641,1.105e-76,16
-1.302,-4.5541,1.721e-75,16
-1.292,-4.5441,2.624e-74,16
-1.282,-4.5341,3.912e-73,16
-1.272,-4.5241,5.705e-72,16
-1.262,-4.5141,8.139e-71,16
-1.252,-4.5041,1.136e-69,16
-1.242,-4.4941,1.55e-68,16
-1.232,-4.4841,2.07e-67,16
-1.222,-4.4741,2.704e-66,16
-1.212,-4.4641,3.455e-65,16
-1.202,-4.4541,4.318e-64,16
-1.192,-4.4441,5.279e-63,16
-1.182,-4.4341,6.313e-62,16
-1.172,-4.4241,7.385e-61,16
-1.162,-4.4141,8.451e-60,16
-1.152,-4.4041,9.46e-59,16
-1.142,-4.3941,1.036e-57,16
-1.132,-4.3841,1.109e-56,16
-1.122,-4.3741,1.162e-55,16
-1.112,-4.3641,1.191e-54,16
-1.102,-4.3541,1.194e-53,16
-1.092,-4.3441,1.171e-52,16
-1.082,-4.3341,1.123e-51,16
-1.072,-4.3241,1.054e-50,16
-1.062,-4.3141,9.676e-50,16
-1.052,-4.3041,8.688e-49,16
-1.042,-4.2941,7.63e-48,16
-1.032,-4.2841,6.555e-47,16
-1.022,-4.2741,5.509e-46,16
-1.012,-4.2641,4.529e-45,16
-1.002,-4.2541,3.642e-44,16
-0.992,-4.2441,2.865e-43,16
-0.982,-4.2341,2.204e-42,16
-0.972,-4.2241,1.659e-41,16
-0.962,-4.2141,1.221e-40,16
-0.952,-4.2041,8.797e-40,16
-0.942,-4.1941,6.197e-39,16
-0.932,-4.1841,4.271e-38,16
-0.922,-4.1741,2.879e-37,16
-0.912,-4.1641,1.898e-36,16
-0.902,-4.1541,1.224e-35,16
-0.892,-4.1441,7.726e-35,16
-0.882,-4.1341,4.768e-34,16
-0.872,-4.1241,2.879e-33,16
-0.862,-4.1141,1.7e-32,16
-0.852,-4.1041,9.822e-32,16
-0.842,-4.0941,5.55e-31,16
-0.832,-4.0841,3.068e-30,16
-0.822,-4.0741,1.659e-29,16
-0.812,-4.0641,8.774e-29,16
-0.802,-4.0541,4.54e-28,16
-0.792,-4.0441,2.297e-27,16
-0.782,-4.0341,1.137e-26,16
-0.772,-4.0241,5.508e-26,16
-0.762,-4.0141,2.609e-25,16
-0.752,-4.0041,1.209e-24,16
-0.742,-3.9941,5.48e-24,16
-0.732,-3.9841,2.43e-23,16
-0.722,-3.9741,1.054e-22,16
-0.712,-3.9641,4.471e-22,16
-0.702,-3.9541,1.856e-21,16
-0.692,-3.9441,7.533e-21,16
-0.682,-3.9341,2.991e-20,16
-0.672,-3.9241,1.162e-19,16
-0.662,-3.9141,4.415e-19,16
-0.652,-3.9041,1.641e-18,16
-0.642,-3.8941,5.967e-18,16
-0.632,-3.8841,2.122e-17,16
-0.622,-3.8741,7.382e-17,16
-0.612,-3.8641,2.512e-16,16
-0.602,-3.8541,8.363e-16,16
-0.592,-3.8441,2.723e-15,16
-0.582,-3.8341,8.674e-15,16
-0.572,-3.8241,2.703e-14,16
-0.562,-3.8141,8.238e-14,16
-0.552,-3.8041,2.456e-13,16
-0.542,-3.7941,7.162e-13,16
-0.532,-3.7841,2.043e-12,16
-0.522,-3.7741,5.702e-12,16
-0.512,-3.7641,1.556e-11,16
-0.502,-3.7541,4.156e-11,16
-0.492,-3.7441,1.086e-10,16
-0.482,-3.7341,2.773e-10,16
-0.472,-3.7241,6.932e-10,16
-0.462,-3.7141,1.695e-09,16
-0.452,-3.7041,4.053e-09,16
-0.442,-3.6941,9.48e-09,16
-0.432,-3.6841,2.169e-08,16
-0.422,-3.6741,4.856e-08,16
-0.412,-3.6641,1.063e-07,16
-0.402,-3.6541,2.277e-07,16
-0.392,-3.6441,4.771e-07,16
-0.382,-3.6341,9.778e-07,16
-0.372,-3.6241,1.96e-06,16
-0.362,-3.6141,3.844e-06,16
-0.352,-3.6041,7.374e-06,16
-0.342,-3.5941,1.384e-05,16
-0.332,-3.5841,2.54e-05,16
-0.322,-3.5741,4.56e-05,16
-0.312,-3.5641,8.009e-05,16
-0.302,-3.5541,0.0001376,16
-0.292,-3.5441,0.0002313,16
-0.282,-3.5341,0.0003802,16
-0.272,-3.5241,0.0006115,16
-0.262,-3.5141,0.0009621,16
-0.252,-3.5041,0.001481,16
-0.242,-3.4941,0.00223,16
-0.232,-3.4841,0.003285,16
-0.222,-3.4741,0.004735,16
-0.212,-3.4641,0.006678,16
-0.202,-3.4541,0.009217,16
-0.192,-3.4441,0.01245,16
-0.182,-3.4341,0.01647,16
-0.172,-3.4241,0.02133,16
-0.162,-3.4141,0.02707,16
-0.152,-3.4041,0.03367,16
-0.142,-3.3941,0.0411,16
-0.132,-3.3841,0.04926,16
-0.122,-3.3741,0.05806,16
-0.112,-3.3641,0.06742,16
-0.102,-3.3541,0.07731,16
-0.092,-3.3441,0.08775,16.01
-0.082,-3.3341,0.09891,16.01
-0.072,-3.3241,0.1111,16.01
-0.062,-3.3141,0.1247,16.01
-0.052,-3.3041,0.1404,16.01
-0.042,-3.2941,0.1588,16.01
-0.032,-3.2841,0.1805,16.01
-0.022,-3.2741,0.2063,16.02
-0.012,-3.2641,0.2366,16.02
-0.002,-3.2541,0.2717,16.02
0.008,-3.2441,0.3118,16.02
0.018,-3.2341,0.3567,16.03
0.028,-3.2241,0.4061,16.03
0.038,-3.2141,0.4599,16.04
0.048,-3.2041,0.5178,16.04
0.058,-3.1941,0.5803,16.05
0.068,-3.1841,0.648,16.05
0.078,-3.1741,0.7223,16.06
0.088,-3.1641,0.8053,16.07
0.098,-3.1541,0.8992,16.08
0.108,-3.1441,1.007,16.09
0.118,-3.1341,1.13,16.1
0.128,-3.1241,1.272,16.11
0.138,-3.1141,1.431,16.13
0.148,-3.1041,1.607,16.14
0.158,-3.0941,1.796,16.16
0.168,-3.0841,1.993,16.18
0.178,-3.0741,2.191,16.2
0.188,-3.0641,2.38,16.23
0.198,-3.0541,2.552,16.25
0.208,-3.0441,2.696,16.28
0.218,-3.0341,2.804,16.31
0.228,-3.0241,2.87,16.33
0.238,-3.0141,2.889,16.36
0.248,-3.0041,2.862,16.39
0.258,-2.9941,2.79,16.42
0.268,-2.9841,2.681,16.45
0.278,-2.9741,2.542,16.47
0.288,-2.9641,2.384,16.5
0.298,-2.9541,2.22,16.52
0.308,-2.9441,2.062,16.54
0.318,-2.9341,1.921,16.56
0.328,-2.9241,1.808,16.58
0.338,-2.9141,1.733,16.59
0.348,-2.9041,1.704,16.61
0.358,-2.8941,1.729,16.63
0.368,-2.8841,1.812,16.65
0.378,-2.8741,1.96,16.67
0.388,-2.8641,2.176,16.69
0.398,-2.8541,2.464,16.71
0.408,-2.8441,2.823,16.74
0.418,-2.8341,3.253,16.77
0.428,-2.8241,3.748,16.81
0.438,-2.8141,4.3,16.85
0.448,-2.8041,4.896,16.9
0.458,-2.7941,5.516,16.96
0.468,-2.7841,6.14,17.02
0.478,-2.7741,6.74,17.09
0.488,-2.7641,7.289,17.16
0.498,-2.7541,7.76,17.24
0.508,-2.7441,8.129,17.32
0.518,-2.7341,8.375,17.4
0.528,-2.7241,8.486,17.49
0.538,-2.7141,8.459,17.57
0.548,-2.7041,8.299,17.65
0.558,-2.6941,8.02,17.73
0.568,-2.6841,7.645,17.81
0.578,-2.6741,7.203,17.88
0.588,-2.6641,6.725,17.95
0.598,-2.6541,6.245,18.01
0.608,-2.6441,5.791,18.07
0.618,-2.6341,5.39,18.12
0.628,-2.6241,5.06,18.18
0.638,-2.6141,4.81,18.22
0.648,-2.6041,4.643,18.27
0.658,-2.5941,4.553,18.32
0.668,-2.5841,4.525,18.36
0.678,-2.5741,4.541,18.41
0.688,-2.5641,4.581,18.45
0.698,-2.5541,4.623,18.5
0.708,-2.5441,4.647,18.54
0.718,-2.5341,4.637,18.59
0.728,-2.5241,4.582,18.64
0.738,-2.5141,4.479,18.68
0.748,-2.5041,4.329,18.72
0.758,-2.4941,4.142,18.77
0.768,-2.4841,3.928,18.81
0.778,-2.4741,3.705,18.84
0.788,-2.4641,3.489,18.88
0.798,-2.4541,3.298,18.91
0.808,-2.4441,3.147,18.94
0.818,-2.4341,3.046,18.97
0.828,-2.4241,3.002,19
0.838,-2.4141,3.017,19.03
0.848,-2.4041,3.087,19.06
0.858,-2.3941,3.204,19.1
0.868,-2.3841,3.357,19.13
0.878,-2.3741,3.531,19.16
0.888,-2.3641,3.71,19.2
0.898,-2.3541,3.878,19.24
0.908,-2.3441,4.022,19.28
0.918,-2.3341,4.13,19.32
0.928,-2.3241,4.193,19.36
0.938,-2.3141,4.206,19.41
0.948,-2.3041,4.168,19.45
0.958,-2.2941,4.081,19.49
0.968,-2.2841,3.95,19.53
0.978,-2.2741,3.783,19.57
0.988,-2.2641,3.587,19.6
0.998,-2.2541,3.371,19.63
1.008,-2.2441,3.144,19.67
1.018,-2.2341,2.913,19.7
1.028,-2.2241,2.686,19.72
1.038,-2.2141,2.466,19.75
1.048,-2.2041,2.259,19.77
1.058,-2.1941,2.068,19.79
1.068,-2.1841,1.895,19.81
1.078,-2.1741,1.741,19.83
1.088,-2.1641,1.608,19.84
1.098,-2.1541,1.495,19.86
1.108,-2.1441,1.402,19.87
1.118,-2.1341,1.327,19.88
1.128,-2.1241,1.269,19.9
1.138,-2.1141,1.226,19.91
1.148,-2.1041,1.195,19.92
1.158,-2.0941,1.174,19.93
1.168,-2.0841,1.16,19.95
1.178,-2.0741,1.153,19.96
1.188,-2.0641,1.152,19.97
1.198,-2.0541,1.158,19.98
1.208,-2.0441,1.173,19.99
1.218,-2.0341,1.201,20
1.228,-2.0241,1.244,20.02
1.238,-2.0141,1.307,20.03
1.248,-2.0041,1.393,20.04
1.258,-1.9941,1.506,20.06
1.268,-1.9841,1.647,20.07
1.278,-1.9741,1.818,20.09
1.288,-1.9641,2.02,20.11
1.298,-1.9541,2.25,20.14
1.308,-1.9441,2.508,20.16
1.318,-1.9341,2.792,20.19
1.328,-1.9241,3.1,20.22
1.338,-1.9141,3.431,20.25
1.348,-1.9041,3.783,20.29
1.358,-1.8941,4.155,20.33
1.368,-1.8841,4.545,20.38
1.378,-1.8741,4.95,20.43
1.388,-1.8641,5.365,20.48
1.398,-1.8541,5.783,20.54
1.408,-1.8441,6.195,20.6
1.418,-1.8341,6.59,20.67
1.428,-1.8241,6.957,20.74
1.438,-1.8141,7.283,20.81
1.448,-1.8041,7.558,20.89
1.458,-1.7941,7.774,20.96
1.468,-1.7841,7.927,21.04
1.478,-1.7741,8.015,21.12
1.488,-1.7641,8.043,21.2
1.498,-1.7541,8.016,21.28
1.508,-1.7441,7.943,21.36
1.518,-1.7341,7.834,21.44
1.528,-1.7241,7.697,21.52
1.538,-1.7141,7.54,21.59
1.548,-1.7041,7.368,21.67
1.558,-1.6941,7.183,21.74
1.568,-1.6841,6.987,21.81
1.578,-1.6741,6.777,21.88
1.588,-1.6641,6.553,21.94
1.598,-1.6541,6.312,22.01
1.608,-1.6441,6.056,22.07
1.618,-1.6341,5.785,22.12
1.628,-1.6241,5.506,22.18
1.638,-1.6141,5.225,22.23
1.648,-1.6041,4.95,22.28
1.658,-1.5941,4.694,22.33
1.668,-1.5841,4.465,22.37
1.678,-1.5741,4.275,22.41
1.688,-1.5641,4.132,22.46
1.698,-1.5541,4.04,22.5
1.708,-1.5441,4.001,22.54
1.718,-1.5341,4.011,22.58
1.728,-1.5241,4.065,22.62
1.738,-1.5141,4.152,22.66
1.748,-1.5041,4.258,22.7
1.758,-1.4941,4.369,22.74
1.768,-1.4841,4.47,22.79
1.778,-1.4741,4.547,22.84
1.788,-1.4641,4.592,22.88
1.798,-1.4541,4.597,22.93
1.808,-1.4441,4.562,22.97
1.818,-1.4341,4.488,23.02
1.828,-1.4241,4.383,23.06
1.838,-1.4141,4.259,23.1
1.848,-1.4041,4.129,23.15
1.858,-1.3941,4.007,23.19
1.868,-1.3841,3.907,23.22
1.878,-1.3741,3.843,23.26
1.888,-1.3641,3.826,23.3
1.898,-1.3541,3.863,23.34
1.908,-1.3441,3.959,23.38
1.918,-1.3341,4.116,23.42
1.928,-1.3241,4.333,23.46
1.938,-1.3141,4.605,23.51
1.948,-1.3041,4.926,23.56
1.958,-1.2941,5.289,23.61
1.968,-1.2841,5.686,23.67
1.978,-1.2741,6.11,23.73
1.988,-1.2641,6.55,23.8
1.998,-1.2541,6.999,23.87
2.008,-1.2441,7.448,23.94
2.018,-1.2341,7.888,24.02
2.028,-1.2241,8.31,24.1
2.038,-1.2141,8.703,24.19
2.048,-1.2041,9.056,24.28
2.058,-1.1941,9.358,24.37
2.068,-1.1841,9.598,24.47
2.078,-1.1741,9.766,24.57
2.088,-1.1641,9.854,24.67
2.098,-1.1541,9.856,24.76
2.108,-1.1441,9.77,24.86
2.118,-1.1341,9.597,24.96
2.128,-1.1241,9.344,25.05
2.138,-1.1141,9.02,25.14
2.148,-1.1041,8.639,25.23
2.158,-1.0941,8.215,25.31
2.168,-1.0841,7.765,25.39
2.178,-1.0741,7.306,25.46
2.188,-1.0641,6.854,25.53
2.198,-1.0541,6.421,25.59
2.208,-1.0441,6.016,25.65
2.218,-1.0341,5.647,25.71
2.228,-1.0241,5.314,25.76
2.238,-1.0141,5.016,25.81
2.248,-1.0041,4.75,25.86
2.258,-0.9941,4.508,25.91
2.268,-0.9841,4.284,25.95
2.278,-0.9741,4.072,25.99
2.288,-0.9641,3.867,26.03
2.298,-0.9541,3.668,26.06
2.308,-0.9441,3.475,26.1
2.318,-0.9341,3.294,26.13
2.328,-0.9241,3.13,26.16
2.338,-0.9141,2.992,26.19
2.348,-0.9041,2.888,26.22
2.358,-0.8941,2.826,26.25
2.368,-0.8841,2.811,26.28
2.378,-0.8741,2.845,26.31
2.388,-0.8641,2.927,26.34
2.398,-0.8541,3.052,26.37
2.408,-0.8441,3.21,26.4
2.418,-0.8341,3.391,26.43
2.428,-0.8241,3.583,26.47
2.438,-0.8141,3.772,26.51
2.448,-0.8041,3.948,26.55
2.458,-0.7941,4.101,26.59
2.468,-0.7841,4.226,26.63
2.478,-0.7741,4.318,26.67
2.488,-0.7641,4.377,26.72
2.498,-0.7541,4.407,26.76
2.508,-0.7441,4.409,26.8
2.518,-0.7341,4.39,26.85
2.528,-0.7241,4.352,26.89
2.538,-0.7141,4.3,26.93
2.548,-0.7041,4.236,26.98
2.558,-0.6941,4.162,27.02
2.568,-0.6841,4.076,27.06
2.578,-0.6741,3.98,27.1
2.588,-0.6641,3.872,27.14
2.598,-0.6541,3.751,27.18
2.608,-0.6441,3.618,27.21
2.618,-0.6341,3.473,27.25
2.628,-0.6241,3.317,27.28
2.638,-0.6141,3.153,27.31
2.648,-0.6041,2.981,27.34
2.658,-0.5941,2.805,27.37
2.668,-0.5841,2.626,27.4
2.678,-0.5741,2.446,27.42
2.688,-0.5641,2.267,27.44
2.698,-0.5541,2.089,27.46
2.708,-0.5441,1.915,27.48
2.718,-0.5341,1.746,27.5
2.728,-0.5241,1.583,27.52
2.738,-0.5141,1.43,27.53
2.748,-0.5041,1.287,27.54
2.758,-0.4941,1.16,27.55
2.768,-0.4841,1.049,27.56
2.778,-0.4741,0.9586,27.57
2.788,-0.4641,0.8904,27.58
2.798,-0.4541,0.846,27.59
2.808,-0.4441,0.8262,27.6
2.818,-0.4341,0.8305,27.61
2.828,-0.4241,0.8574,27.62
2.838,-0.4141,0.904,27.63
2.848,-0.4041,0.9664,27.64
2.858,-0.3941,1.04,27.65
2.868,-0.3841,1.118,27.66
2.878,-0.3741,1.194,27.67
2.888,-0.3641,1.264,27.68
2.898,-0.3541,1.32,27.7
2.908,-0.3441,1.359,27.71
2.918,-0.3341,1.376,27.72
2.928,-0.3241,1.37,27.74
2.938,-0.3141,1.342,27.75
2.948,-0.3041,1.294,27.76
2.958,-0.2941,1.228,27.77
2.968,-0.2841,1.151,27.79
2.978,-0.2741,1.067,27.8
2.988,-0.2641,0.9835,27.81
2.998,-0.2541,0.9052,27.82
3.008,-0.2441,0.837,27.82
3.018,-0.2341,0.7824,27.83
3.028,-0.2241,0.7435,27.84
3.038,-0.2141,0.7206,27.85
3.048,-0.2041,0.7127,27.85
3.058,-0.1941,0.7174,27.86
3.068,-0.1841,0.7313,27.87
3.078,-0.1741,0.7506,27.88
3.088,-0.1641,0.7711,27.88
3.098,-0.1541,0.789,27.89
3.108,-0.1441,0.8011,27.9
3.118,-0.1341,0.8049,27.91
3.128,-0.1241,0.7989,27.92
3.138,-0.1141,0.7827,27.92
3.148,-0.1041,0.7567,27.93
3.158,-0.0941,0.722,27.94
3.168,-0.0841,0.6805,27.94
3.178,-0.0741,0.6341,27.95
3.188,-0.0641,0.5849,27.96
3.198,-0.0541,0.5348,27.96
3.208,-0.0441,0.4855,27.97
3.218,-0.0341,0.4382,27.97
3.228,-0.0241,0.3937,27.98
3.238,-0.0141,0.3522,27.98
3.248,-0.0041,0.3139,27.98
3.258,0.0059,0.2786,27.99
3.268,0.0159,0.246,27.99
3.278,0.0259,0.2159,27.99
3.288,0.0359,0.188,27.99
3.298,0.0459,0.1622,27.99
3.308,0.0559,0.1383,27.99
3.318,0.0659,0.1164,28
3.328,0.0759,0.09657,28
3.338,0.0859,0.07885,28
3.348,0.0959,0.0633,28
3.358,0.1059,0.04991,28
3.368,0.1159,0.03861,28
3.378,0.1259,0.0293,28
3.388,0.1359,0.02179,28
3.398,0.1459,0.01588,28
3.408,0.1559,0.01134,28
3.418,0.1659,0.007923,28
3.428,0.1759,0.005422,28
3.438,0.1859,0.003631,28
3.448,0.1959,0.00238,28
3.458,0.2059,0.001527,28
3.468,0.2159,0.0009582,28
3.478,0.2259,0.0005884,28
3.488,0.2359,0.0003535,28
3.498,0.2459,0.0002078,28
3.508,0.2559,0.0001195,28
3.518,0.2659,6.723e-05,28
3.528,0.2759,3.7e-05,28
3.538,0.2859,1.992e-05,28
3.548,0.2959,1.049e-05,28
3.558,0.3059,5.406e-06,28
3.568,0.3159,2.724e-06,28
3.578,0.3259,1.343e-06,28
3.588,0.3359,6.477e-07,28
3.598,0.3459,3.056e-07,28
3.608,0.3559,1.41e-07,28
3.618,0.3659,6.366e-08,28
3.628,0.3759,2.811e-08,28
3.638,0.3859,1.214e-08,28
3.648,0.3959,5.13e-09,28
3.658,0.4059,2.12e-09,28
3.668,0.4159,8.578e-10,28
3.678,0.4259,3.407e-10,28
3.688,0.4359,1.36e-10,28
3.698,0.4459,6.334e-11,28
3.708,0.4559,5.653e-11,28
3.718,0.4659,1.106e-10,28
3.728,0.4759,2.791e-10,28
3.738,0.4859,7.22e-10,28
3.748,0.4959,1.839e-09,28
3.758,0.5059,4.584e-09,28
3.768,0.5159,1.118e-08,28
3.778,0.5259,2.667e-08,28
3.788,0.5359,6.224e-08,28
3.798,0.5459,1.421e-07,28
3.808,0.5559,3.173e-07,28
3.818,0.5659,6.931e-07,28
3.828,0.5759,1.481e-06,28
3.838,0.5859,3.095e-06,28
3.848,0.5959,6.329e-06,28
3.858,0.6059,1.266e-05,28
3.868,0.6159,2.476e-05,28
3.878,0.6259,4.739e-05,28
3.888,0.6359,8.871e-05,28
3.898,0.6459,0.0001624,28
3.908,0.6559,0.000291,28
3.918,0.6659,0.0005098,28
3.928,0.6759,0.0008738,28
3.938,0.6859,0.001465,28
3.948,0.6959,0.002402,28
3.958,0.7059,0.003854,28
3.968,0.7159,0.006048,28
3.978,0.7259,0.009284,28
3.988,0.7359,0.01394,28
3.998,0.7459,0.02047,28
4.008,0.7559,0.02942,28
4.018,0.7659,0.04134,28
4.028,0.7759,0.05684,28
4.038,0.7859,0.07644,28
4.048,0.7959,0.1005,28
4.058,0.8059,0.1294,28
4.068,0.8159,0.1629,28.01
4.078,0.8259,0.2005,28.01
4.088,0.8359,0.2415,28.01
4.098,0.8459,0.2845,28.01
4.108,0.8559,0.3279,28.02
4.118,0.8659,0.3697,28.02
4.128,0.8759,0.4077,28.02
4.138,0.8859,0.4398,28.03
4.148,0.8959,0.464,28.03
4.158,0.9059,0.4789,28.04
4.168,0.9159,0.4836,28.04
4.178,0.9259,0.4776,28.05
4.188,0.9359,0.4614,28.05
4.198,0.9459,0.436,28.06
4.208,0.9559,0.4031,28.06
4.218,0.9659,0.3645,28.06
4.228,0.9759,0.3224,28.07
4.238,0.9859,0.279,28.07
4.248,0.9959,0.2361,28.07
4.258,1.0059,0.1955,28.08
4.268,1.0159,0.1583,28.08
4.278,1.0259,0.1254,28.08
4.288,1.0359,0.09719,28.08
4.298,1.0459,0.07367,28.08
4.308,1.0559,0.05463,28.08
4.318,1.0659,0.03962,28.08
4.328,1.0759,0.02811,28.08
4.338,1.0859,0.01951,28.08
4.348,1.0959,0.01325,28.08
4.358,1.1059,0.008801,28.08
4.368,1.1159,0.005723,28.08
4.378,1.1259,0.003647,28.08
4.388,1.1359,0.002289,28.08
4.398,1.1459,0.001432,28.08
4.408,1.1559,0.0009275,28.08
4.418,1.1659,0.000677,28.08
4.428,1.1759,0.0006294,28.08
4.438,1.1859,0.0007745,28.08
4.448,1.1959,0.001143,28.08
4.458,1.2059,0.001808,28.08
4.468,1.2159,0.002892,28.08
4.478,1.2259,0.004578,28.08
4.488,1.2359,0.007113,28.08
4.498,1.2459,0.01082,28.08
4.508,1.2559,0.01612,28.08
4.518,1.2659,0.02348,28.08
4.528,1.2759,0.03346,28.08
4.538,1.2859,0.04664,28.08
4.548,1.2959,0.0636,28.08
4.558,1.3059,0.08483,28.08
4.568,1.3159,0.1107,28.09
4.578,1.3259,0.1413,28.09
4.588,1.3359,0.1764,28.09
4.598,1.3459,0.2154,28.09
4.608,1.3559,0.2573,28.09
4.618,1.3659,0.3007,28.1
4.628,1.3759,0.3437,28.1
4.638,1.3859,0.3843,28.1
4.648,1.3959,0.4204,28.11
4.658,1.4059,0.4497,28.11
4.668,1.4159,0.4707,28.12
4.678,1.4259,0.4819,28.12
4.688,1.4359,0.4826,28.13
4.698,1.4459,0.4727,28.13
4.708,1.4559,0.453,28.14
4.718,1.4659,0.4246,28.14
4.728,1.4759,0.3893,28.14
4.738,1.4859,0.3492,28.15
4.748,1.4959,0.3064,28.15
4.758,1.5059,0.2629,28.15
4.768,1.5159,0.2208,28.16
4.778,1.5259,0.1813,28.16
4.788,1.5359,0.1458,28.16
4.798,1.5459,0.1147,28.16
4.808,1.5559,0.08854,28.16
4.818,1.5659,0.06721,28.16
4.828,1.5759,0.05053,28.16
4.838,1.5859,0.03823,28.16
4.848,1.5959,0.03004,28.16
4.858,1.6059,0.02583,28.16
4.868,1.6159,0.02564,28.16
4.878,1.6259,0.02987,28.16
4.888,1.6359,0.03925,28.16
4.898,1.6459,0.05495,28.16
4.908,1.6559,0.07862,28.17
4.918,1.6659,0.1124,28.17
4.928,1.6759,0.1588,28.17
4.938,1.6859,0.2209,28.17
4.948,1.6959,0.3018,28.17
4.958,1.7059,0.4047,28.18
4.968,1.7159,0.5326,28.18
4.978,1.7259,0.6879,28.19
4.988,1.7359,0.872,28.2
4.998,1.7459,1.085,28.21
5.008,1.7559,1.326,28.22
5.018,1.7659,1.59,28.24
5.028,1.7759,1.872,28.26
5.038,1.7859,2.164,28.28
5.048,1.7959,2.456,28.3
5.058,1.8059,2.738,28.33
5.068,1.8159,2.996,28.36
5.078,1.8259,3.219,28.39
5.088,1.8359,3.396,28.43
5.098,1.8459,3.516,28.46
5.108,1.8559,3.574,28.5
5.118,1.8659,3.566,28.53
5.128,1.8759,3.491,28.57
5.138,1.8859,3.354,28.6
5.148,1.8959,3.162,28.63
5.158,1.9059,2.925,28.66
5.168,1.9159,2.654,28.69
5.178,1.9259,2.363,28.71
5.188,1.9359,2.065,28.73
5.198,1.9459,1.771,28.75
5.208,1.9559,1.494,28.77
5.218,1.9659,1.24,28.78
5.228,1.9759,1.017,28.79
5.238,1.9859,0.8282,28.8
5.248,1.9959,0.6745,28.8
5.258,2.0059,0.5558,28.81
5.268,2.0159,0.4699,28.81
5.278,2.0259,0.4136,28.82
5.288,2.0359,0.3829,28.82
5.298,2.0459,0.3732,28.83
5.308,2.0559,0.3798,28.83
5.318,2.0659,0.3981,28.83
5.328,2.0759,0.4239,28.84
5.338,2.0859,0.4533,28.84
5.348,2.0959,0.4836,28.85
5.358,2.1059,0.5127,28.85
5.368,2.1159,0.5397,28.86
5.378,2.1259,0.5649,28.86
5.388,2.1359,0.5899,28.87
5.398,2.1459,0.6171,28.88
5.408,2.1559,0.6499,28.88
5.418,2.1659,0.6921,28.89
5.428,2.1759,0.7476,28.9
5.438,2.1859,0.8194,28.9
5.448,2.1959,0.9097,28.91
5.458,2.2059,1.019,28.92
5.468,2.2159,1.146,28.94
5.478,2.2259,1.288,28.95
5.488,2.2359,1.439,28.96
5.498,2.2459,1.592,28.98
5.508,2.2559,1.741,29
5.518,2.2659,1.878,29.01
5.528,2.2759,1.995,29.03
5.538,2.2859,2.087,29.06
5.548,2.2959,2.151,29.08
5.558,2.3059,2.186,29.1
5.568,2.3159,2.192,29.12
5.578,2.3259,2.174,29.14
5.588,2.3359,2.137,29.16
5.598,2.3459,2.088,29.18
5.608,2.3559,2.032,29.2
5.618,2.3659,1.975,29.22
5.628,2.3759,1.923,29.24
5.638,2.3859,1.879,29.26
5.648,2.3959,1.844,29.28
5.658,2.4059,1.817,29.3
5.668,2.4159,1.799,29.32
5.678,2.4259,1.786,29.34
5.688,2.4359,1.775,29.35
5.698,2.4459,1.763,29.37
5.708,2.4559,1.748,29.39
5.718,2.4659,1.727,29.41
5.728,2.4759,1.698,29.42
5.738,2.4859,1.66,29.44
5.748,2.4959,1.613,29.46
5.758,2.5059,1.557,29.47
5.768,2.5159,1.493,29.49
5.778,2.5259,1.423,29.5
5.788,2.5359,1.349,29.51
5.798,2.5459,1.274,29.53
5.808,2.5559,1.199,29.54
5.818,2.5659,1.128,29.55
5.828,2.5759,1.062,29.56
5.838,2.5859,1.002,29.57
5.848,2.5959,0.9494,29.58
5.858,2.6059,0.905,29.59
5.868,2.6159,0.8689,29.6
5.878,2.6259,0.8415,29.61
5.888,2.6359,0.823,29.61
5.898,2.6459,0.8137,29.62
5.908,2.6559,0.8143,29.63
5.918,2.6659,0.8255,29.64
5.928,2.6759,0.8483,29.65
5.938,2.6859,0.8836,29.66
5.948,2.6959,0.932,29.66
5.958,2.7059,0.9938,29.67
5.968,2.7159,1.069,29.69
5.978,2.7259,1.156,29.7
5.988,2.7359,1.255,29.71
5.998,2.7459,1.363,29.72
6.008,2.7559,1.478,29.74
6.018,2.7659,1.597,29.75
6.028,2.7759,1.718,29.77
6.038,2.7859,1.839,29.79
6.048,2.7959,1.958,29.81
6.058,2.8059,2.075,29.83
6.068,2.8159,2.191,29.85
6.078,2.8259,2.306,29.87
6.088,2.8359,2.425,29.9
6.098,2.8459,2.549,29.92
6.108,2.8559,2.682,29.95
6.118,2.8659,2.827,29.98
6.128,2.8759,2.982,30.01
6.138,2.8859,3.149,30.04
6.148,2.8959,3.321,30.07
6.158,2.9059,3.493,30.11
6.168,2.9159,3.656,30.15
6.178,2.9259,3.801,30.18
6.188,2.9359,3.917,30.22
6.198,2.9459,3.996,30.26
6.208,2.9559,4.029,30.3
6.218,2.9659,4.014,30.34
6.228,2.9759,3.95,30.38
6.238,2.9859,3.841,30.42
6.248,2.9959,3.696,30.46
6.258,3.0059,3.525,30.49
6.268,3.0159,3.34,30.53
6.278,3.0259,3.153,30.56
6.288,3.0359,2.977,30.59
6.298,3.0459,2.821,30.62
6.308,3.0559,2.69,30.64
6.318,3.0659,2.587,30.67
6.328,3.0759,2.512,30.69
6.338,3.0859,2.46,30.72
6.348,3.0959,2.424,30.74
6.358,3.1059,2.398,30.77
6.368,3.1159,2.373,30.79
6.378,3.1259,2.341,30.81
6.388,3.1359,2.297,30.84
6.398,3.1459,2.236,30.86
6.408,3.1559,2.156,30.88
6.418,3.1659,2.057,30.9
6.428,3.1759,1.942,30.92
6.438,3.1859,1.817,30.94
6.448,3.1959,1.688,30.96
6.458,3.2059,1.563,30.97
6.468,3.2159,1.449,30.99
6.478,3.2259,1.357,31
6.488,3.2359,1.294,31.01
6.498,3.2459,1.266,31.03
6.508,3.2559,1.28,31.04
6.518,3.2659,1.338,31.05
6.528,3.2759,1.439,31.07
6.538,3.2859,1.582,31.08
6.548,3.2959,1.76,31.1
6.558,3.3059,1.964,31.12
6.568,3.3159,2.182,31.14
6.578,3.3259,2.402,31.16
6.588,3.3359,2.608,31.19
6.598,3.3459,2.788,31.22
6.608,3.3559,2.928,31.25
6.618,3.3659,3.019,31.28
6.628,3.3759,3.054,31.31
6.638,3.3859,3.031,31.34
6.648,3.3959,2.952,31.37
6.658,3.4059,2.823,31.4
6.668,3.4159,2.653,31.42
6.678,3.4259,2.453,31.45
6.688,3.4359,2.234,31.47
6.698,3.4459,2.01,31.49
6.708,3.4559,1.79,31.51
6.718,3.4659,1.585,31.52
6.728,3.4759,1.4,31.54
6.738,3.4859,1.239,31.55
6.748,3.4959,1.103,31.56
6.758,3.5059,0.9932,31.57
6.768,3.5159,0.9071,31.58
6.778,3.5259,0.8424,31.59
6.788,3.5359,0.7969,31.6
6.798,3.5459,0.7682,31.6
6.808,3.5559,0.7545,31.61
6.818,3.5659,0.7547,31.62
6.828,3.5759,0.7677,31.63
6.838,3.5859,0.7925,31.64
6.848,3.5959,0.8281,31.64
6.858,3.6059,0.8731,31.65
6.868,3.6159,0.9252,31.66
6.878,3.6259,0.9818,31.67
6.888,3.6359,1.04,31.68
6.898,3.6459,1.096,31.69
6.908,3.6559,1.148,31.7
6.918,3.6659,1.192,31.72
6.928,3.6759,1.226,31.73
6.938,3.6859,1.25,31.74
6.948,3.6959,1.262,31.75
6.958,3.7059,1.264,31.77
6.968,3.7159,1.256,31.78
6.978,3.7259,1.24,31.79
6.988,3.7359,1.218,31.8
6.998,3.7459,1.191,31.82
7.008,3.7559,1.16,31.83
7.018,3.7659,1.126,31.84
7.028,3.7759,1.091,31.85
7.038,3.7859,1.053,31.86
7.048,3.7959,1.015,31.87
7.058,3.8059,0.9774,31.88
7.068,3.8159,0.9402,31.89
7.078,3.8259,0.9055,31.9
7.088,3.8359,0.8748,31.91
7.098,3.8459,0.85,31.92
7.108,3.8559,0.8333,31.92
7.118,3.8659,0.8266,31.93
7.128,3.8759,0.8313,31.94
7.138,3.8859,0.8485,31.95
7.148,3.8959,0.8787,31.96
7.158,3.9059,0.9214,31.97
7.168,3.9159,0.9754,31.98
7.178,3.9259,1.039,31.99
7.188,3.9359,1.109,32
7.198,3.9459,1.183,32.01
7.208,3.9559,1.258,32.02
7.218,3.9659,1.33,32.04
7.228,3.9759,1.398,32.05
7.238,3.9859,1.459,32.06
7.248,3.9959,1.512,32.08
7.258,4.0059,1.559,32.09
7.268,4.0159,1.6,32.11
7.278,4.0259,1.64,32.13
7.288,4.0359,1.682,32.14
7.298,4.0459,1.732,32.16
7.308,4.0559,1.797,32.18
7.318,4.0659,1.884,32.2
7.328,4.0759,1.998,32.22
7.338,4.0859,2.145,32.24
7.348,4.0959,2.328,32.26
7.358,4.1059,2.55,32.29
7.368,4.1159,2.809,32.32
7.378,4.1259,3.101,32.35
7.388,4.1359,3.422,32.38
7.398,4.1459,3.764,32.42
7.408,4.1559,4.118,32.46
7.418,4.1659,4.475,32.51
7.428,4.1759,4.827,32.55
7.438,4.1859,5.168,32.61
7.448,4.1959,5.494,32.66
7.458,4.2059,5.803,32.72
7.468,4.2159,6.098,32.78
7.478,4.2259,6.383,32.84
7.488,4.2359,6.664,32.91
7.498,4.2459,6.946,32.98
7.508,4.2559,7.236,33.05
7.518,4.2659,7.536,33.13
7.528,4.2759,7.847,33.21
7.538,4.2859,8.165,33.29
7.548,4.2959,8.481,33.37
7.558,4.3059,8.783,33.46
7.568,4.3159,9.055,33.55
7.578,4.3259,9.28,33.64
7.588,4.3359,9.439,33.74
7.598,4.3459,9.516,33.83
7.608,4.3559,9.496,33.93
7.618,4.3659,9.372,34.02
7.628,4.3759,9.14,34.11
7.638,4.3859,8.803,34.2
7.648,4.3959,8.371,34.28
7.658,4.4059,7.86,34.36
7.668,4.4159,7.291,34.44
7.678,4.4259,6.687,34.5
7.688,4.4359,6.073,34.56
7.698,4.4459,5.473,34.62
7.708,4.4559,4.91,34.67
7.718,4.4659,4.402,34.71
7.728,4.4759,3.961,34.75
7.738,4.4859,3.597,34.79
7.748,4.4959,3.312,34.82
7.758,4.5059,3.105,34.85
7.768,4.5159,2.971,34.88
7.778,4.5259,2.903,34.91
7.788,4.5359,2.892,34.94
7.798,4.5459,2.929,34.97
7.808,4.5559,3.01,35
7.818,4.5659,3.127,35.03
7.828,4.5759,3.278,35.06
7.838,4.5859,3.462,35.1
7.848,4.5959,3.678,35.13
7.858,4.6059,3.925,35.17
7.868,4.6159,4.201,35.21
7.878,4.6259,4.504,35.26
7.888,4.6359,4.827,35.31
7.898,4.6459,5.161,35.36
7.908,4.6559,5.497,35.41
7.918,4.6659,5.82,35.47
7.928,4.6759,6.118,35.53
7.938,4.6859,6.378,35.6
7.948,4.6959,6.589,35.66
7.958,4.7059,6.743,35.73
7.968,4.7159,6.835,35.8
7.978,4.7259,6.863,35.87
7.988,4.7359,6.828,35.94
7.998,4.7459,6.737,36
8.008,4.7559,6.594,36.07
8.018,4.7659,6.407,36.13
8.028,4.7759,6.186,36.2
8.038,4.7859,5.937,36.26
8.048,4.7959,5.67,36.31
8.058,4.8059,5.393,36.37
8.068,4.8159,5.114,36.42
8.078,4.8259,4.843,36.47
8.088,4.8359,4.588,36.51
8.098,4.8459,4.359,36.55
8.108,4.8559,4.163,36.6
8.118,4.8659,4.006,36.64
8.128,4.8759,3.894,36.68
8.138,4.8859,3.827,36.71
8.148,4.8959,3.803,36.75
8.158,4.9059,3.816,36.79
8.168,4.9159,3.857,36.83
8.178,4.9259,3.913,36.87
8.188,4.9359,3.971,36.91
8.198,4.9459,4.019,36.95
8.208,4.9559,4.044,36.99
8.218,4.9659,4.039,37.03
8.228,4.9759,3.999,37.07
8.238,4.9859,3.924,37.11
8.248,4.9959,3.818,37.15
8.258,5.0059,3.69,37.18
8.268,5.0159,3.551,37.22
8.278,5.0259,3.415,37.25
8.288,5.0359,3.293,37.29
8.298,5.0459,3.2,37.32
8.308,5.0559,3.144,37.35
8.318,5.0659,3.132,37.38
8.328,5.0759,3.168,37.41
8.338,5.0859,3.249,37.44
8.348,5.0959,3.372,37.48
8.358,5.1059,3.53,37.51
8.368,5.1159,3.714,37.55
8.378,5.1259,3.914,37.59
8.388,5.1359,4.118,37.63
8.398,5.1459,4.317,37.67
8.408,5.1559,4.5,37.72
8.418,5.1659,4.657,37.77
8.428,5.1759,4.781,37.81
8.438,5.1859,4.864,37.86
8.448,5.1959,4.902,37.91
8.458,5.2059,4.892,37.96
8.468,5.2159,4.832,38.01
8.478,5.2259,4.723,38.06
8.488,5.2359,4.57,38.1
8.498,5.2459,4.377,38.14
8.508,5.2559,4.152,38.19
8.518,5.2659,3.903,38.23
8.528,5.2759,3.641,38.26
8.538,5.2859,3.376,38.3
8.548,5.2959,3.117,38.33
8.558,5.3059,2.877,38.36
8.568,5.3159,2.664,38.38
8.578,5.3259,2.487,38.41
8.588,5.3359,2.354,38.43
8.598,5.3459,2.272,38.45
8.608,5.3559,2.245,38.48
8.618,5.3659,2.275,38.5
8.628,5.3759,2.361,38.52
8.638,5.3859,2.5,38.55
8.648,5.3959,2.684,38.57
8.658,5.4059,2.904,38.6
8.668,5.4159,3.146,38.63
8.678,5.4259,3.395,38.67
8.688,5.4359,3.636,38.7
8.698,5.4459,3.851,38.74
8.708,5.4559,4.028,38.78
8.718,5.4659,4.153,38.82
8.728,5.4759,4.218,38.87
8.738,5.4859,4.218,38.91
8.748,5.4959,4.154,38.95
8.758,5.5059,4.03,38.99
8.768,5.5159,3.851,39.03
8.778,5.5259,3.63,39.07
8.788,5.5359,3.375,39.1
8.798,5.5459,3.101,39.13
8.808,5.5559,2.817,39.16
8.818,5.5659,2.535,39.18
8.828,5.5759,2.264,39.21
8.838,5.5859,2.013,39.23
8.848,5.5959,1.788,39.24
8.858,5.6059,1.595,39.26
8.868,5.6159,1.439,39.28
8.878,5.6259,1.324,39.29
8.888,5.6359,1.255,39.3
8.898,5.6459,1.234,39.31
8.908,5.6559,1.264,39.33
8.918,5.6659,1.348,39.34
8.928,5.6759,1.486,39.35
8.938,5.6859,1.678,39.37
8.948,5.6959,1.921,39.39
8.958,5.7059,2.211,39.41
8.968,5.7159,2.542,39.44
8.978,5.7259,2.904,39.47
8.988,5.7359,3.286,39.5
8.998,5.7459,3.675,39.54
9.008,5.7559,4.056,39.58
9.018,5.7659,4.415,39.62
9.028,5.7759,4.739,39.67
9.038,5.7859,5.014,39.72
9.048,5.7959,5.231,39.77
9.058,5.8059,5.383,39.82
9.068,5.8159,5.466,39.88
9.078,5.8259,5.482,39.93
9.088,5.8359,5.434,39.99
9.098,5.8459,5.331,40.04
9.108,5.8559,5.183,40.09
9.118,5.8659,5.004,40.14
9.128,5.8759,4.808,40.19
9.138,5.8859,4.611,40.24
9.148,5.8959,4.428,40.28
9.158,5.9059,4.273,40.33
9.168,5.9159,4.157,40.37
9.178,5.9259,4.089,40.41
9.188,5.9359,4.071,40.45
9.198,5.9459,4.105,40.49
9.208,5.9559,4.185,40.53
9.218,5.9659,4.304,40.57
9.228,5.9759,4.449,40.62
9.238,5.9859,4.608,40.66
9.248,5.9959,4.767,40.71
9.258,6.0059,4.913,40.76
9.268,6.0159,5.035,40.81
9.278,6.0259,5.124,40.86
9.288,6.0359,5.176,40.91
9.298,6.0459,5.19,40.97
9.308,6.0559,5.166,41.02
9.318,6.0659,5.11,41.07
9.328,6.0759,5.027,41.12
9.338,6.0859,4.924,41.17
9.348,6.0959,4.807,41.22
9.358,6.1059,4.682,41.26
9.368,6.1159,4.554,41.31
9.378,6.1259,4.426,41.35
9.388,6.1359,4.3,41.4
9.398,6.1459,4.175,41.44
9.408,6.1559,4.052,41.48
9.418,6.1659,3.929,41.52
9.428,6.1759,3.804,41.56
9.438,6.1859,3.675,41.59
9.448,6.1959,3.542,41.63
9.458,6.2059,3.407,41.66
9.468,6.2159,3.27,41.7
9.478,6.2259,3.135,41.73
9.488,6.2359,3.01,41.76
9.498,6.2459,2.899,41.79
9.508,6.2559,2.812,41.81
9.518,6.2659,2.756,41.84
9.528,6.2759,2.741,41.87
9.538,6.2859,2.773,41.9
9.548,6.2959,2.857,41.93
9.558,6.3059,2.997,41.96
9.568,6.3159,3.193,41.99
9.578,6.3259,3.44,42.02
9.588,6.3359,3.733,42.06
9.598,6.3459,4.062,42.1
9.608,6.3559,4.417,42.14
9.618,6.3659,4.783,42.19
9.628,6.3759,5.148,42.24
9.638,6.3859,5.499,42.3
9.648,6.3959,5.824,42.36
9.658,6.4059,6.111,42.42
9.668,6.4159,6.354,42.48
9.678,6.4259,6.544,42.55
9.688,6.4359,6.68,42.61
9.698,6.4459,6.759,42.68
9.708,6.4559,6.781,42.75
9.718,6.4659,6.75,42.82
9.728,6.4759,6.669,42.88
9.738,6.4859,6.545,42.95
9.748,6.4959,6.385,43.01
9.758,6.5059,6.197,43.07
9.768,6.5159,5.991,43.13
9.778,6.5259,5.777,43.19
9.788,6.5359,5.564,43.25
9.798,6.5459,5.361,43.3
9.808,6.5559,5.177,43.35
9.818,6.5659,5.018,43.4
9.828,6.5759,4.889,43.45
9.838,6.5859,4.792,43.5
9.848,6.5959,4.73,43.55
9.858,6.6059,4.698,43.59
9.868,6.6159,4.694,43.64
9.878,6.6259,4.709,43.69
9.888,6.6359,4.736,43.74
9.898,6.6459,4.763,43.78
9.908,6.6559,4.781,43.83
9.918,6.6659,4.779,43.88
9.928,6.6759,4.748,43.93
9.938,6.6859,4.681,43.97
9.948,6.6959,4.573,44.02
9.958,6.7059,4.425,44.06
9.968,6.7159,4.239,44.11
9.978,6.7259,4.021,44.15
9.988,6.7359,3.779,44.18
9.998,6.7459,3.524,44.22
10.008,6.7559,3.266,44.25
10.018,6.7659,3.013,44.28
10.028,6.7759,2.774,44.31
10.038,6.7859,2.554,44.33
10.048,6.7959,2.355,44.36
10.058,6.8059,2.179,44.38
10.068,6.8159,2.023,44.4
10.078,6.8259,1.885,44.42
10.088,6.8359,1.76,44.44
10.098,6.8459,1.646,44.45
10.108,6.8559,1.539,44.47
10.118,6.8659,1.437,44.48
10.128,6.8759,1.341,44.5
10.138,6.8859,1.25,44.51
10.148,6.8959,1.168,44.52
10.158,6.9059,1.099,44.53
10.168,6.9159,1.047,44.54
10.178,6.9259,1.016,44.55
10.188,6.9359,1.013,44.56
10.198,6.9459,1.042,44.57
10.208,6.9559,1.107,44.58
10.218,6.9659,1.21,44.6
10.228,6.9759,1.353,44.61
10.238,6.9859,1.535,44.62
10.248,6.9959,1.752,44.64
10.258,7.0059,1.999,44.66
10.268,7.0159,2.268,44.68
10.278,7.0259,2.55,44.71
10.288,7.0359,2.831,44.74
10.298,7.0459,3.101,44.77
10.308,7.0559,3.344,44.8
10.318,7.0659,3.55,44.84
10.328,7.0759,3.708,44.88
10.338,7.0859,3.808,44.91
10.348,7.0959,3.846,44.95
10.358,7.1059,3.821,44.99
10.368,7.1159,3.734,45.03
10.378,7.1259,3.591,45.06
10.388,7.1359,3.402,45.1
10.398,7.1459,3.178,45.13
10.408,7.1559,2.932,45.16
10.418,7.1659,2.678,45.19
10.428,7.1759,2.428,45.21
10.438,7.1859,2.196,45.23
10.448,7.1959,1.99,45.25
10.458,7.2059,1.819,45.27
10.468,7.2159,1.689,45.29
10.478,7.2259,1.603,45.3
10.488,7.2359,1.561,45.32
10.498,7.2459,1.563,45.33
10.508,7.2559,1.607,45.35
10.518,7.2659,1.688,45.37
10.528,7.2759,1.802,45.38
10.538,7.2859,1.943,45.4
10.548,7.2959,2.105,45.43
10.558,7.3059,2.281,45.45
10.568,7.3159,2.464,45.47
10.578,7.3259,2.647,45.5
10.588,7.3359,2.824,45.53
10.598,7.3459,2.986,45.56
10.608,7.3559,3.128,45.59
10.618,7.3659,3.244,45.62
10.628,7.3759,3.33,45.65
10.638,7.3859,3.384,45.69
10.648,7.3959,3.403,45.72
10.658,7.4059,3.39,45.76
10.668,7.4159,3.346,45.79
10.678,7.4259,3.274,45.82
10.688,7.4359,3.18,45.85
10.698,7.4459,3.07,45.88
10.708,7.4559,2.947,45.91
10.718,7.4659,2.817,45.94
10.728,7.4759,2.686,45.97
10.738,7.4859,2.558,45.99
10.748,7.4959,2.437,46.02
10.758,7.5059,2.326,46.04
10.768,7.5159,2.231,46.06
10.778,7.5259,2.155,46.09
10.788,7.5359,2.103,46.11
10.798,7.5459,2.081,46.13
10.808,7.5559,2.092,46.15
10.818,7.5659,2.142,46.17
10.828,7.5759,2.233,46.19
10.838,7.5859,2.367,46.22
10.848,7.5959,2.542,46.24
10.858,7.6059,2.752,46.27
10.868,7.6159,2.99,46.3
10.878,7.6259,3.244,46.33
10.888,7.6359,3.5,46.37
10.898,7.6459,3.743,46.4
10.908,7.6559,3.957,46.44
10.918,7.6659,4.127,46.49
10.928,7.6759,4.242,46.53
10.938,7.6859,4.295,46.57
10.948,7.6959,4.282,46.61
10.958,7.7059,4.206,46.66
10.968,7.7159,4.073,46.7
10.978,7.7259,3.893,46.74
10.988,7.7359,3.68,46.77
10.998,7.7459,3.448,46.81
11.008,7.7559,3.212,46.84
11.018,7.7659,2.984,46.87
11.028,7.7759,2.775,46.9
11.038,7.7859,2.593,46.92
11.048,7.7959,2.443,46.95
11.058,7.8059,2.329,46.97
11.068,7.8159,2.25,46.99
11.078,7.8259,2.205,47.01
11.088,7.8359,2.194,47.04
11.098,7.8459,2.213,47.06
11.108,7.8559,2.26,47.08
11.118,7.8659,2.334,47.1
11.128,7.8759,2.432,47.13
11.138,7.8859,2.553,47.15
11.148,7.8959,2.694,47.18
11.158,7.9059,2.853,47.21
11.168,7.9159,3.026,47.24
11.178,7.9259,3.21,47.27
11.188,7.9359,3.4,47.31
11.198,7.9459,3.589,47.34
11.208,7.9559,3.774,47.38
11.218,7.9659,3.946,47.42
11.228,7.9759,4.1,47.46
11.238,7.9859,4.231,47.5
11.248,7.9959,4.331,47.55
11.258,8.0059,4.396,47.59
11.268,8.0159,4.422,47.63
11.278,8.0259,4.405,47.68
11.288,8.0359,4.342,47.72
11.298,8.0459,4.235,47.76
11.308,8.0559,4.083,47.8
11.318,8.0659,3.89,47.84
11.328,8.0759,3.662,47.88
11.338,8.0859,3.406,47.91
11.348,8.0959,3.132,47.95
11.358,8.1059,2.851,47.97
11.368,8.1159,2.573,48
11.378,8.1259,2.311,48.02
11.388,8.1359,2.076,48.04
11.398,8.1459,1.88,48.06
11.408,8.1559,1.73,48.08
11.418,8.1659,1.633,48.1
11.428,8.1759,1.595,48.11
11.438,8.1859,1.617,48.13
11.448,8.1959,1.697,48.14
11.458,8.2059,1.832,48.16
11.468,8.2159,2.015,48.18
11.478,8.2259,2.237,48.21
11.488,8.2359,2.487,48.23
11.498,8.2459,2.752,48.26
11.508,8.2559,3.019,48.29
11.518,8.2659,3.275,48.32
11.528,8.2759,3.507,48.36
11.538,8.2859,3.706,48.39
11.548,8.2959,3.862,48.43
11.558,8.3059,3.97,48.47
11.568,8.3159,4.026,48.51
11.578,8.3259,4.029,48.55
11.588,8.3359,3.982,48.59
11.598,8.3459,3.89,48.63
11.608,8.3559,3.759,48.67
11.618,8.3659,3.599,48.7
11.628,8.3759,3.42,48.74
11.638,8.3859,3.233,48.77
11.648,8.3959,3.051,48.8
11.658,8.4059,2.885,48.83
11.668,8.4159,2.747,48.86
11.678,8.4259,2.645,48.88
11.688,8.4359,2.587,48.91
11.698,8.4459,2.577,48.94
11.708,8.4559,2.615,48.96
11.718,8.4659,2.698,48.99
11.728,8.4759,2.82,49.02
11.738,8.4859,2.97,49.05
11.748,8.4959,3.137,49.08
11.758,8.5059,3.309,49.11
11.768,8.5159,3.472,49.15
11.778,8.5259,3.614,49.18
11.788,8.5359,3.726,49.22
11.798,8.5459,3.8,49.26
11.808,8.5559,3.832,49.3
11.818,8.5659,3.822,49.33
11.828,8.5759,3.77,49.37
11.838,8.5859,3.683,49.41
11.848,8.5959,3.567,49.44
11.858,8.6059,3.428,49.48
11.868,8.6159,3.275,49.51
11.878,8.6259,3.116,49.54
11.888,8.6359,2.958,49.57
11.898,8.6459,2.805,49.6
11.908,8.6559,2.663,49.63
11.918,8.6659,2.536,49.65
11.928,8.6759,2.425,49.68
11.938,8.6859,2.333,49.7
11.948,8.6959,2.261,49.72
11.958,8.7059,2.21,49.74
11.968,8.7159,2.181,49.77
11.978,8.7259,2.176,49.79
11.988,8.7359,2.196,49.81
11.998,8.7459,2.244,49.83
12.008,8.7559,2.319,49.86
12.018,8.7659,2.421,49.88
12.028,8.7759,2.551,49.91
12.038,8.7859,2.703,49.93
12.048,8.7959,2.874,49.96
12.058,8.8059,3.057,49.99
12.068,8.8159,3.244,50.02
12.078,8.8259,3.427,50.06
12.088,8.8359,3.595,50.09
12.098,8.8459,3.741,50.13
12.108,8.8559,3.857,50.17
12.118,8.8659,3.937,50.21
12.128,8.8759,3.978,50.25
12.138,8.8859,3.98,50.29
12.148,8.8959,3.944,50.33
12.158,8.9059,3.874,50.37
12.168,8.9159,3.776,50.41
12.178,8.9259,3.658,50.44
12.188,8.9359,3.527,50.48
12.198,8.9459,3.392,50.51
12.208,8.9559,3.259,50.54
12.218,8.9659,3.133,50.57
12.228,8.9759,3.021,50.6
12.238,8.9859,2.922,50.63
12.248,8.9959,2.838,50.66
12.258,9.0059,2.768,50.69
12.268,9.0159,2.71,50.72
12.278,9.0259,2.661,50.74
12.288,9.0359,2.619,50.77
12.298,9.0459,2.584,50.8
12.308,9.0559,2.555,50.82
12.318,9.0659,2.534,50.85
12.328,9.0759,2.524,50.87
12.338,9.0859,2.53,50.9
12.348,9.0959,2.556,50.92
12.358,9.1059,2.607,50.95
12.368,9.1159,2.686,50.98
12.378,9.1259,2.796,51
12.388,9.1359,2.936,51.03
12.398,9.1459,3.104,51.06
12.408,9.1559,3.294,51.1
12.418,9.1659,3.498,51.13
12.428,9.1759,3.707,51.17
12.438,9.1859,3.91,51.21
12.448,9.1959,4.094,51.25
12.458,9.2059,4.249,51.29
12.468,9.2159,4.364,51.34
12.478,9.2259,4.431,51.38
12.488,9.2359,4.444,51.42
12.498,9.2459,4.4,51.47
12.508,9.2559,4.3,51.51
12.518,9.2659,4.148,51.55
12.528,9.2759,3.952,51.59
12.538,9.2859,3.719,51.63
12.548,9.2959,3.461,51.66
12.558,9.3059,3.189,51.7
12.568,9.3159,2.914,51.73
12.578,9.3259,2.646,51.75
12.588,9.3359,2.394,51.78
12.598,9.3459,2.164,51.8
12.608,9.3559,1.961,51.82
12.618,9.3659,1.785,51.83
12.628,9.3759,1.636,51.85
12.638,9.3859,1.511,51.87
12.648,9.3959,1.406,51.88
12.658,9.4059,1.316,51.89
12.668,9.4159,1.236,51.91
12.678,9.4259,1.161,51.92
12.688,9.4359,1.087,51.93
12.698,9.4459,1.011,51.94
12.708,9.4559,0.9313,51.95
12.718,9.4659,0.8478,51.96
12.728,9.4759,0.7612,51.96
12.738,9.4859,0.673,51.97
12.748,9.4959,0.5851,51.98
12.758,9.5059,0.4998,51.98
12.768,9.5159,0.4191,51.99
12.778,9.5259,0.3448,51.99
12.788,9.5359,0.2783,51.99
12.798,9.5459,0.2202,51.99
12.808,9.5559,0.1708,52
12.818,9.5659,0.1298,52
12.828,9.5759,0.09663,52
12.838,9.5859,0.07049,52
12.848,9.5959,0.05037,52
12.858,9.6059,0.03525,52
12.868,9.6159,0.02416,52
12.878,9.6259,0.01622,52
12.888,9.6359,0.01066,52
12.898,9.6459,0.006858,52
12.908,9.6559,0.004321,52
12.918,9.6659,0.002665,52
12.928,9.6759,0.001609,52
12.938,9.6859,0.000951,52
12.948,9.6959,0.0005501,52
12.958,9.7059,0.0003115,52
12.968,9.7159,0.0001726,52
12.978,9.7259,9.364e-05,52
