# li3po4g_mp-2878 PDOS summed by element+orbital (QE projwfc.x). Columns are states/eV. VBM 2.757 eV. Gap is the fixed-occ nscf value (5.821 eV), not a DOS threshold.
E_eV,E_minus_VBM_eV,Li_p,Li_s,O_p,O_s,P_p,P_s
-39.917,-42.6738,0.00012136,0.00537516,2.656e-05,1.1484e-06,3.288e-06,2.092e-07
-39.907,-42.6638,0.00022528,0.0100228,4.944e-05,2.14e-06,6.12e-06,3.892e-07
-39.897,-42.6538,0.0004098,0.0182267,8.988e-05,3.9e-06,1.112e-05,7.08e-07
-39.887,-42.6438,0.00072984,0.0324526,0.00016004,6.932e-06,1.98e-05,1.26e-06
-39.877,-42.6338,0.0012716,0.0565784,0.0002788,1.206e-05,3.452e-05,2.196e-06
-39.867,-42.6238,0.0021612,0.096184,0.0004748,2.06e-05,5.88e-05,3.74e-06
-39.857,-42.6138,0.0036076,0.16044,0.0007916,3.428e-05,9.8e-05,6.24e-06
-39.847,-42.6038,0.0058768,0.261473,0.0012892,5.596e-05,0.0001596,1.016e-05
-39.837,-42.5938,0.0093924,0.41626,0.002052,8.92e-05,0.0002544,1.62e-05
-39.827,-42.5838,0.014628,0.650656,0.003208,0.00013932,0.0003968,2.524e-05
-39.817,-42.5738,0.02228,0.994152,0.004892,0.000212,0.000604,3.852e-05
-39.807,-42.5638,0.033332,1.48311,0.007304,0.0003168,0.000904,5.76e-05
-39.797,-42.5538,0.048624,2.16208,0.010664,0.0004632,0.00132,8.4e-05
-39.787,-42.5438,0.069408,3.0875,0.015232,0.0006608,0.001884,0.0001196
-39.777,-42.5338,0.09724,4.32401,0.02124,0.0009236,0.002632,0.0001672
-39.767,-42.5238,0.13216,5.90012,0.02908,0.0012624,0.003592,0.0002284
-39.757,-42.5138,0.17704,7.88044,0.03892,0.0016864,0.0048,0.0003056
-39.747,-42.5038,0.23188,10.305,0.0508,0.002208,0.00628,0.0003996
-39.737,-42.4938,0.29592,13.1743,0.065,0.002824,0.00804,0.000512
-39.727,-42.4838,0.37072,16.4882,0.08124,0.003532,0.01004,0.00064
-39.717,-42.4738,0.453,20.1658,0.09948,0.004324,0.01228,0.00078
-39.707,-42.4638,0.54276,24.1261,0.11912,0.00518,0.01472,0.000936
-39.697,-42.4538,0.63584,28.289,0.1396,0.006064,0.01724,0.001096
-39.687,-42.4438,0.72812,32.3714,0.15984,0.006944,0.01972,0.001256
-39.677,-42.4338,0.81544,36.2935,0.17884,0.007788,0.02212,0.001408
-39.667,-42.4238,0.89764,39.7716,0.19592,0.008532,0.02424,0.00154
-39.657,-42.4138,0.95612,42.4464,0.2104,0.009152,0.026,0.001652
-39.647,-42.4038,1.006,44.8792,0.2208,0.0096,0.02724,0.001732
-39.637,-42.3938,1.0312,46.1112,0.2268,0.009856,0.02796,0.00178
-39.627,-42.3838,1.03972,46.1456,0.2276,0.0099,0.02808,0.001784
-39.617,-42.3738,1.01564,45.394,0.224,0.009736,0.0276,0.001756
-39.607,-42.3638,0.9832,43.4684,0.2156,0.00938,0.0266,0.001688
-39.597,-42.3538,0.92664,41.1904,0.204,0.00886,0.02508,0.001588
-39.587,-42.3438,0.85448,38.0684,0.18848,0.008216,0.02324,0.001468
-39.577,-42.3338,0.77688,34.6232,0.1712,0.007512,0.02116,0.001328
-39.567,-42.3238,0.6968,31.066,0.15452,0.006784,0.01904,0.001184
-39.557,-42.3138,0.6196,27.7088,0.13852,0.006124,0.017,0.001044
-39.547,-42.3038,0.5516,24.7564,0.12472,0.005568,0.01528,0.000916
-39.537,-42.2938,0.4968,22.456,0.11448,0.005188,0.01396,0.000808
-39.527,-42.2838,0.462,21.0352,0.10912,0.005036,0.0132,0.000724
-39.517,-42.2738,0.4484,20.6876,0.10948,0.005156,0.01312,0.000676
-39.507,-42.2638,0.4612,21.4932,0.11628,0.00558,0.0138,0.000664
-39.497,-42.2538,0.4996,23.5892,0.13012,0.006344,0.01524,0.000688
-39.487,-42.2438,0.5648,27.056,0.15112,0.007444,0.01752,0.000752
-39.477,-42.2338,0.6568,31.6936,0.1792,0.00888,0.02056,0.000852
-39.467,-42.2238,0.7716,37.544,0.2136,0.010628,0.02432,0.000984
-39.457,-42.2138,0.9072,44.3032,0.254,0.012624,0.02864,0.001144
-39.447,-42.2038,1.0544,51.8324,0.2984,0.014796,0.0334,0.001324
-39.437,-42.1938,1.2112,59.6888,0.3452,0.01712,0.03832,0.001516
-39.427,-42.1838,1.3648,67.5772,0.3908,0.0194,0.0432,0.001704
-39.417,-42.1738,1.5072,74.9924,0.4352,0.02148,0.0476,0.001884
-39.407,-42.1638,1.6328,81.7396,0.4736,0.02332,0.0516,0.00204
-39.397,-42.1538,1.732,86.5156,0.5048,0.0248,0.0548,0.002164
-39.387,-42.1438,1.8,90.5052,0.5268,0.02576,0.0568,0.002248
-39.377,-42.1338,1.82,92.0944,0.5372,0.02628,0.0576,0.002284
-39.367,-42.1238,1.816,92.0764,0.5364,0.0262,0.0572,0.002272
-39.357,-42.1138,1.764,89.648,0.524,0.02548,0.0556,0.002212
-39.347,-42.1038,1.6744,85.6052,0.5008,0.02436,0.0528,0.002104
-39.337,-42.0938,1.56,79.7904,0.4684,0.02268,0.0488,0.00196
-39.327,-42.0838,1.4184,72.8452,0.4284,0.02068,0.0444,0.001784
-39.317,-42.0738,1.2608,65.0932,0.3836,0.01848,0.03956,0.001588
-39.307,-42.0638,1.1,56.9368,0.3356,0.016164,0.0344,0.001384
-39.297,-42.0538,0.9352,48.6996,0.2872,0.013776,0.02928,0.00118
-39.287,-42.0438,0.7816,40.7048,0.2404,0.011512,0.02436,0.000984
-39.277,-42.0338,0.6364,33.2758,0.1972,0.009412,0.01984,0.000804
-39.267,-42.0238,0.5076,26.6526,0.15808,0.007528,0.0158,0.000644
-39.257,-42.0138,0.396,20.9192,0.12408,0.00588,0.01232,0.0005
-39.247,-42.0038,0.3028,15.9921,0.09524,0.004508,0.0094,0.0003828
-39.237,-41.9938,0.2256,11.9545,0.07144,0.003368,0.007,0.000286
-39.227,-41.9838,0.1648,8.80412,0.05248,0.002468,0.00512,0.0002092
-39.217,-41.9738,0.11768,6.30844,0.03768,0.0017696,0.003648,0.0001496
-39.207,-41.9638,0.0824,4.42648,0.02648,0.0012393,0.002548,0.0001048
-39.197,-41.9538,0.05628,3.03725,0.0182,0.00085,0.00174,7.16e-05
-39.187,-41.9438,0.03772,2.0437,0.01224,0.00057,0.00116,4.8e-05
-39.177,-41.9338,0.02464,1.34098,0.008052,0.0003736,0.00076,3.14e-05
-39.167,-41.9238,0.015776,0.864336,0.005184,0.0002404,0.000484,2.012e-05
-39.157,-41.9138,0.00988,0.541256,0.003264,0.00015064,0.0003036,1.26e-05
-39.147,-41.9038,0.006056,0.332837,0.002008,9.256e-05,0.0001856,7.72e-06
-39.137,-41.8938,0.003628,0.200348,0.00121,5.564e-05,0.0001112,4.64e-06
-39.127,-41.8838,0.002124,0.117952,0.0007136,3.268e-05,6.52e-05,2.716e-06
-39.117,-41.8738,0.00122,0.067864,0.0004112,1.882e-05,3.728e-05,1.56e-06
-39.107,-41.8638,0.0006844,0.0382146,0.0002316,1.0576e-05,2.088e-05,8.76e-07
-39.097,-41.8538,0.0003752,0.0210872,0.00012796,5.82e-06,1.144e-05,4.8e-07
-39.087,-41.8438,0.0002016,0.0113916,6.912e-05,3.136e-06,6.12e-06,2.584e-07
-39.077,-41.8338,0.00010608,0.00598704,3.648e-05,1.6516e-06,3.22e-06,1.356e-07
-39.067,-41.8238,5.44e-05,0.00308652,1.888e-05,8.504e-07,1.652e-06,6.96e-08
-39.057,-41.8138,2.732e-05,0.00155947,9.524e-06,4.28e-07,8.28e-07,3.508e-08
-39.047,-41.8038,1.3432e-05,0.00076924,4.708e-06,2.112e-07,4.08e-07,1.728e-08
-39.037,-41.7938,6.464e-06,0.000371697,2.276e-06,1.018e-07,1.956e-07,8.32e-09
-39.027,-41.7838,3.04e-06,0.000175348,1.0768e-06,4.808e-08,9.2e-08,3.912e-09
-39.017,-41.7738,1.3992e-06,8.081e-05,4.98e-07,2.22e-08,4.24e-08,1.8e-09
-39.007,-41.7638,6.304e-07,3.66875e-05,2.252e-07,1.0012e-08,1.9e-08,8.12e-10
-38.997,-41.7538,2.78e-07,1.62426e-05,9.988e-08,4.42e-09,8.36e-09,3.576e-10
-38.987,-41.7438,1.1984e-07,7.01452e-06,4.324e-08,1.912e-09,3.596e-09,1.544e-10
-38.977,-41.7338,5.048e-08,2.97399e-06,1.832e-08,8.076e-10,1.512e-09,6.52e-11
-38.967,-41.7238,2.084e-08,1.22842e-06,7.604e-09,3.34e-10,6.24e-10,2.684e-11
-38.957,-41.7138,8.384e-09,4.98648e-07,3.084e-09,1.3508e-10,2.508e-10,1.084e-11
-38.947,-41.7038,3.316e-09,1.97199e-07,1.2232e-09,5.344e-11,9.88e-11,4.28e-12
-38.937,-41.6938,1.28e-09,7.65384e-08,4.752e-10,2.072e-11,3.812e-11,1.652e-12
-38.927,-41.6838,4.832e-10,2.90157e-08,1.8e-10,7.832e-12,1.436e-11,6.24e-13
-38.917,-41.6738,1.784e-10,1.075e-08,6.696e-11,2.9e-12,5.32e-12,2.308e-13
-38.907,-41.6638,6.444e-11,3.91193e-09,2.436e-11,1.0512e-12,1.912e-12,8.32e-14
-38.897,-41.6538,2.276e-11,1.39023e-09,8.648e-12,3.728e-13,6.76e-13,2.948e-14
-38.887,-41.6438,2.612e-12,2.57256e-10,1.784e-12,5.672e-14,5.44e-14,3.66e-15
-38.877,-41.6338,0,0,0,0,0,0
-38.867,-41.6238,0,0,0,0,0,0
-38.857,-41.6138,0,0,0,0,0,0
-38.847,-41.6038,0,0,0,0,0,0
-38.837,-41.5938,0,0,0,0,0,0
-38.827,-41.5838,0,0,0,0,0,0
-38.817,-41.5738,0,0,0,0,0,0
-38.807,-41.5638,0,0,0,0,0,0
-38.797,-41.5538,0,0,0,0,0,0
-38.787,-41.5438,0,0,0,0,0,0
-38.777,-41.5338,0,0,0,0,0,0
-38.767,-41.5238,0,0,0,0,0,0
-38.757,-41.5138,0,0,0,0,0,0
-38.747,-41.5038,0,0,0,0,0,0
-38.737,-41.4938,0,0,0,0,0,0
-38.727,-41.4838,0,0,0,0,0,0
-38.717,-41.4738,0,0,0,0,0,0
-38.707,-41.4638,0,0,0,0,0,0
-38.697,-41.4538,0,0,0,0,0,0
-38.687,-41.4438,0,0,0,0,0,0
-38.677,-41.4338,0,0,0,0,0,0
-38.667,-41.4238,0,0,0,0,0,0
-38.657,-41.4138,0,0,0,0,0,0
-38.647,-41.4038,0,0,0,0,0,0
-38.637,-41.3938,0,0,0,0,0,0
-38.627,-41.3838,0,0,0,0,0,0
-38.617,-41.3738,0,0,0,0,0,0
-38.607,-41.3638,0,0,0,0,0,0
-38.597,-41.3538,0,0,0,0,0,0
-38.587,-41.3438,0,0,0,0,0,0
-38.577,-41.3338,0,0,0,0,0,0
-38.567,-41.3238,0,0,0,0,0,0
-38.557,-41.3138,0,0,0,0,0,0
-38.547,-41.3038,0,0,0,0,0,0
-38.537,-41.2938,0,0,0,0,0,0
-38.527,-41.2838,0,0,0,0,0,0
-38.517,-41.2738,0,0,0,0,0,0
-38.507,-41.2638,0,0,0,0,0,0
-38.497,-41.2538,0,0,0,0,0,0
-38.487,-41.2438,0,0,0,0,0,0
-38.477,-41.2338,0,0,0,0,0,0
-38.467,-41.2238,0,0,0,0,0,0
-38.457,-41.2138,0,0,0,0,0,0
-38.447,-41.2038,0,0,0,0,0,0
-38.437,-41.1938,0,0,0,0,0,0
-38.427,-41.1838,0,0,0,0,0,0
-38.417,-41.1738,0,0,0,0,0,0
-38.407,-41.1638,0,0,0,0,0,0
-38.397,-41.1538,0,0,0,0,0,0
-38.387,-41.1438,0,0,0,0,0,0
-38.377,-41.1338,0,0,0,0,0,0
-38.367,-41.1238,0,0,0,0,0,0
-38.357,-41.1138,0,0,0,0,0,0
-38.347,-41.1038,0,0,0,0,0,0
-38.337,-41.0938,0,0,0,0,0,0
-38.327,-41.0838,0,0,0,0,0,0
-38.317,-41.0738,0,0,0,0,0,0
-38.307,-41.0638,0,0,0,0,0,0
-38.297,-41.0538,0,0,0,0,0,0
-38.287,-41.0438,0,0,0,0,0,0
-38.277,-41.0338,0,0,0,0,0,0
-38.267,-41.0238,0,0,0,0,0,0
-38.257,-41.0138,0,0,0,0,0,0
-38.247,-41.0038,0,0,0,0,0,0
-38.237,-40.9938,0,0,0,0,0,0
-38.227,-40.9838,0,0,0,0,0,0
-38.217,-40.9738,0,0,0,0,0,0
-38.207,-40.9638,0,0,0,0,0,0
-38.197,-40.9538,0,0,0,0,0,0
-38.187,-40.9438,0,0,0,0,0,0
-38.177,-40.9338,0,0,0,0,0,0
-38.167,-40.9238,0,0,0,0,0,0
-38.157,-40.9138,0,0,0,0,0,0
-38.147,-40.9038,0,0,0,0,0,0
-38.137,-40.8938,0,0,0,0,0,0
-38.127,-40.8838,0,0,0,0,0,0
-38.117,-40.8738,0,0,0,0,0,0
-38.107,-40.8638,0,0,0,0,0,0
-38.097,-40.8538,0,0,0,0,0,0
-38.087,-40.8438,0,0,0,0,0,0
-38.077,-40.8338,0,0,0,0,0,0
-38.067,-40.8238,0,0,0,0,0,0
-38.057,-40.8138,0,0,0,0,0,0
-38.047,-40.8038,0,0,0,0,0,0
-38.037,-40.7938,0,0,0,0,0,0
-38.027,-40.7838,0,0,0,0,0,0
-38.017,-40.7738,0,0,0,0,0,0
-38.007,-40.7638,0,0,0,0,0,0
-37.997,-40.7538,0,0,0,0,0,0
-37.987,-40.7438,0,0,0,0,0,0
-37.977,-40.7338,0,0,0,0,0,0
-37.967,-40.7238,0,0,0,0,0,0
-37.957,-40.7138,0,0,0,0,0,0
-37.947,-40.7038,0,0,0,0,0,0
-37.937,-40.6938,0,0,0,0,0,0
-37.927,-40.6838,0,0,0,0,0,0
-37.917,-40.6738,0,0,0,0,0,0
-37.907,-40.6638,0,0,0,0,0,0
-37.897,-40.6538,0,0,0,0,0,0
-37.887,-40.6438,0,0,0,0,0,0
-37.877,-40.6338,0,0,0,0,0,0
-37.867,-40.6238,0,0,0,0,0,0
-37.857,-40.6138,0,0,0,0,0,0
-37.847,-40.6038,0,0,0,0,0,0
-37.837,-40.5938,0,0,0,0,0,0
-37.827,-40.5838,0,0,0,0,0,0
-37.817,-40.5738,0,0,0,0,0,0
-37.807,-40.5638,0,0,0,0,0,0
-37.797,-40.5538,0,0,0,0,0,0
-37.787,-40.5438,0,0,0,0,0,0
-37.777,-40.5338,0,0,0,0,0,0
-37.767,-40.5238,0,0,0,0,0,0
-37.757,-40.5138,0,0,0,0,0,0
-37.747,-40.5038,0,0,0,0,0,0
-37.737,-40.4938,0,0,0,0,0,0
-37.727,-40.4838,0,0,0,0,0,0
-37.717,-40.4738,0,0,0,0,0,0
-37.707,-40.4638,0,0,0,0,0,0
-37.697,-40.4538,0,0,0,0,0,0
-37.687,-40.4438,0,0,0,0,0,0
-37.677,-40.4338,0,0,0,0,0,0
-37.667,-40.4238,0,0,0,0,0,0
-37.657,-40.4138,0,0,0,0,0,0
-37.647,-40.4038,0,0,0,0,0,0
-37.637,-40.3938,0,0,0,0,0,0
-37.627,-40.3838,0,0,0,0,0,0
-37.617,-40.3738,0,0,0,0,0,0
-37.607,-40.3638,0,0,0,0,0,0
-37.597,-40.3538,0,0,0,0,0,0
-37.587,-40.3438,0,0,0,0,0,0
-37.577,-40.3338,0,0,0,0,0,0
-37.567,-40.3238,0,0,0,0,0,0
-37.557,-40.3138,0,0,0,0,0,0
-37.547,-40.3038,0,0,0,0,0,0
-37.537,-40.2938,0,0,0,0,0,0
-37.527,-40.2838,0,0,0,0,0,0
-37.517,-40.2738,0,0,0,0,0,0
-37.507,-40.2638,0,0,0,0,0,0
-37.497,-40.2538,0,0,0,0,0,0
-37.487,-40.2438,0,0,0,0,0,0
-37.477,-40.2338,0,0,0,0,0,0
-37.467,-40.2238,0,0,0,0,0,0
-37.457,-40.2138,0,0,0,0,0,0
-37.447,-40.2038,0,0,0,0,0,0
-37.437,-40.1938,0,0,0,0,0,0
-37.427,-40.1838,0,0,0,0,0,0
-37.417,-40.1738,0,0,0,0,0,0
-37.407,-40.1638,0,0,0,0,0,0
-37.397,-40.1538,0,0,0,0,0,0
-37.387,-40.1438,0,0,0,0,0,0
-37.377,-40.1338,0,0,0,0,0,0
-37.367,-40.1238,0,0,0,0,0,0
-37.357,-40.1138,0,0,0,0,0,0
-37.347,-40.1038,0,0,0,0,0,0
-37.337,-40.0938,0,0,0,0,0,0
-37.327,-40.0838,0,0,0,0,0,0
-37.317,-40.0738,0,0,0,0,0,0
-37.307,-40.0638,0,0,0,0,0,0
-37.297,-40.0538,0,0,0,0,0,0
-37.287,-40.0438,0,0,0,0,0,0
-37.277,-40.0338,0,0,0,0,0,0
-37.267,-40.0238,0,0,0,0,0,0
-37.257,-40.0138,0,0,0,0,0,0
-37.247,-40.0038,0,0,0,0,0,0
-37.237,-39.9938,0,0,0,0,0,0
-37.227,-39.9838,0,0,0,0,0,0
-37.217,-39.9738,0,0,0,0,0,0
-37.207,-39.9638,0,0,0,0,0,0
-37.197,-39.9538,0,0,0,0,0,0
-37.187,-39.9438,0,0,0,0,0,0
-37.177,-39.9338,0,0,0,0,0,0
-37.167,-39.9238,0,0,0,0,0,0
-37.157,-39.9138,0,0,0,0,0,0
-37.147,-39.9038,0,0,0,0,0,0
-37.137,-39.8938,0,0,0,0,0,0
-37.127,-39.8838,0,0,0,0,0,0
-37.117,-39.8738,0,0,0,0,0,0
-37.107,-39.8638,0,0,0,0,0,0
-37.097,-39.8538,0,0,0,0,0,0
-37.087,-39.8438,0,0,0,0,0,0
-37.077,-39.8338,0,0,0,0,0,0
-37.067,-39.8238,0,0,0,0,0,0
-37.057,-39.8138,0,0,0,0,0,0
-37.047,-39.8038,0,0,0,0,0,0
-37.037,-39.7938,0,0,0,0,0,0
-37.027,-39.7838,0,0,0,0,0,0
-37.017,-39.7738,0,0,0,0,0,0
-37.007,-39.7638,0,0,0,0,0,0
-36.997,-39.7538,0,0,0,0,0,0
-36.987,-39.7438,0,0,0,0,0,0
-36.977,-39.7338,0,0,0,0,0,0
-36.967,-39.7238,0,0,0,0,0,0
-36.957,-39.7138,0,0,0,0,0,0
-36.947,-39.7038,0,0,0,0,0,0
-36.937,-39.6938,0,0,0,0,0,0
-36.927,-39.6838,0,0,0,0,0,0
-36.917,-39.6738,0,0,0,0,0,0
-36.907,-39.6638,0,0,0,0,0,0
-36.897,-39.6538,0,0,0,0,0,0
-36.887,-39.6438,0,0,0,0,0,0
-36.877,-39.6338,0,0,0,0,0,0
-36.867,-39.6238,0,0,0,0,0,0
-36.857,-39.6138,0,0,0,0,0,0
-36.847,-39.6038,0,0,0,0,0,0
-36.837,-39.5938,0,0,0,0,0,0
-36.827,-39.5838,0,0,0,0,0,0
-36.817,-39.5738,0,0,0,0,0,0
-36.807,-39.5638,0,0,0,0,0,0
-36.797,-39.5538,0,0,0,0,0,0
-36.787,-39.5438,0,0,0,0,0,0
-36.777,-39.5338,0,0,0,0,0,0
-36.767,-39.5238,0,0,0,0,0,0
-36.757,-39.5138,0,0,0,0,0,0
-36.747,-39.5038,0,0,0,0,0,0
-36.737,-39.4938,0,0,0,0,0,0
-36.727,-39.4838,0,0,0,0,0,0
-36.717,-39.4738,0,0,0,0,0,0
-36.707,-39.4638,0,0,0,0,0,0
-36.697,-39.4538,0,0,0,0,0,0
-36.687,-39.4438,0,0,0,0,0,0
-36.677,-39.4338,0,0,0,0,0,0
-36.667,-39.4238,0,0,0,0,0,0
-36.657,-39.4138,0,0,0,0,0,0
-36.647,-39.4038,0,0,0,0,0,0
-36.637,-39.3938,0,0,0,0,0,0
-36.627,-39.3838,0,0,0,0,0,0
-36.617,-39.3738,0,0,0,0,0,0
-36.607,-39.3638,0,0,0,0,0,0
-36.597,-39.3538,0,0,0,0,0,0
-36.587,-39.3438,0,0,0,0,0,0
-36.577,-39.3338,0,0,0,0,0,0
-36.567,-39.3238,0,0,0,0,0,0
-36.557,-39.3138,0,0,0,0,0,0
-36.547,-39.3038,0,0,0,0,0,0
-36.537,-39.2938,0,0,0,0,0,0
-36.527,-39.2838,0,0,0,0,0,0
-36.517,-39.2738,0,0,0,0,0,0
-36.507,-39.2638,0,0,0,0,0,0
-36.497,-39.2538,0,0,0,0,0,0
-36.487,-39.2438,0,0,0,0,0,0
-36.477,-39.2338,0,0,0,0,0,0
-36.467,-39.2238,0,0,0,0,0,0
-36.457,-39.2138,0,0,0,0,0,0
-36.447,-39.2038,0,0,0,0,0,0
-36.437,-39.1938,0,0,0,0,0,0
-36.427,-39.1838,0,0,0,0,0,0
-36.417,-39.1738,0,0,0,0,0,0
-36.407,-39.1638,0,0,0,0,0,0
-36.397,-39.1538,0,0,0,0,0,0
-36.387,-39.1438,0,0,0,0,0,0
-36.377,-39.1338,0,0,0,0,0,0
-36.367,-39.1238,0,0,0,0,0,0
-36.357,-39.1138,0,0,0,0,0,0
-36.347,-39.1038,0,0,0,0,0,0
-36.337,-39.0938,0,0,0,0,0,0
-36.327,-39.0838,0,0,0,0,0,0
-36.317,-39.0738,0,0,0,0,0,0
-36.307,-39.0638,0,0,0,0,0,0
-36.297,-39.0538,0,0,0,0,0,0
-36.287,-39.0438,0,0,0,0,0,0
-36.277,-39.0338,0,0,0,0,0,0
-36.267,-39.0238,0,0,0,0,0,0
-36.257,-39.0138,0,0,0,0,0,0
-36.247,-39.0038,0,0,0,0,0,0
-36.237,-38.9938,0,0,0,0,0,0
-36.227,-38.9838,0,0,0,0,0,0
-36.217,-38.9738,0,0,0,0,0,0
-36.207,-38.9638,0,0,0,0,0,0
-36.197,-38.9538,0,0,0,0,0,0
-36.187,-38.9438,0,0,0,0,0,0
-36.177,-38.9338,0,0,0,0,0,0
-36.167,-38.9238,0,0,0,0,0,0
-36.157,-38.9138,0,0,0,0,0,0
-36.147,-38.9038,0,0,0,0,0,0
-36.137,-38.8938,0,0,0,0,0,0
-36.127,-38.8838,0,0,0,0,0,0
-36.117,-38.8738,0,0,0,0,0,0
-36.107,-38.8638,0,0,0,0,0,0
-36.097,-38.8538,0,0,0,0,0,0
-36.087,-38.8438,0,0,0,0,0,0
-36.077,-38.8338,0,0,0,0,0,0
-36.067,-38.8238,0,0,0,0,0,0
-36.057,-38.8138,0,0,0,0,0,0
-36.047,-38.8038,0,0,0,0,0,0
-36.037,-38.7938,0,0,0,0,0,0
-36.027,-38.7838,0,0,0,0,0,0
-36.017,-38.7738,0,0,0,0,0,0
-36.007,-38.7638,0,0,0,0,0,0
-35.997,-38.7538,0,0,0,0,0,0
-35.987,-38.7438,0,0,0,0,0,0
-35.977,-38.7338,0,0,0,0,0,0
-35.967,-38.7238,0,0,0,0,0,0
-35.957,-38.7138,0,0,0,0,0,0
-35.947,-38.7038,0,0,0,0,0,0
-35.937,-38.6938,0,0,0,0,0,0
-35.927,-38.6838,0,0,0,0,0,0
-35.917,-38.6738,0,0,0,0,0,0
-35.907,-38.6638,0,0,0,0,0,0
-35.897,-38.6538,0,0,0,0,0,0
-35.887,-38.6438,0,0,0,0,0,0
-35.877,-38.6338,0,0,0,0,0,0
-35.867,-38.6238,0,0,0,0,0,0
-35.857,-38.6138,0,0,0,0,0,0
-35.847,-38.6038,0,0,0,0,0,0
-35.837,-38.5938,0,0,0,0,0,0
-35.827,-38.5838,0,0,0,0,0,0
-35.817,-38.5738,0,0,0,0,0,0
-35.807,-38.5638,0,0,0,0,0,0
-35.797,-38.5538,0,0,0,0,0,0
-35.787,-38.5438,0,0,0,0,0,0
-35.777,-38.5338,0,0,0,0,0,0
-35.767,-38.5238,0,0,0,0,0,0
-35.757,-38.5138,0,0,0,0,0,0
-35.747,-38.5038,0,0,0,0,0,0
-35.737,-38.4938,0,0,0,0,0,0
-35.727,-38.4838,0,0,0,0,0,0
-35.717,-38.4738,0,0,0,0,0,0
-35.707,-38.4638,0,0,0,0,0,0
-35.697,-38.4538,0,0,0,0,0,0
-35.687,-38.4438,0,0,0,0,0,0
-35.677,-38.4338,0,0,0,0,0,0
-35.667,-38.4238,0,0,0,0,0,0
-35.657,-38.4138,0,0,0,0,0,0
-35.647,-38.4038,0,0,0,0,0,0
-35.637,-38.3938,0,0,0,0,0,0
-35.627,-38.3838,0,0,0,0,0,0
-35.617,-38.3738,0,0,0,0,0,0
-35.607,-38.3638,0,0,0,0,0,0
-35.597,-38.3538,0,0,0,0,0,0
-35.587,-38.3438,0,0,0,0,0,0
-35.577,-38.3338,0,0,0,0,0,0
-35.567,-38.3238,0,0,0,0,0,0
-35.557,-38.3138,0,0,0,0,0,0
-35.547,-38.3038,0,0,0,0,0,0
-35.537,-38.2938,0,0,0,0,0,0
-35.527,-38.2838,0,0,0,0,0,0
-35.517,-38.2738,0,0,0,0,0,0
-35.507,-38.2638,0,0,0,0,0,0
-35.497,-38.2538,0,0,0,0,0,0
-35.487,-38.2438,0,0,0,0,0,0
-35.477,-38.2338,0,0,0,0,0,0
-35.467,-38.2238,0,0,0,0,0,0
-35.457,-38.2138,0,0,0,0,0,0
-35.447,-38.2038,0,0,0,0,0,0
-35.437,-38.1938,0,0,0,0,0,0
-35.427,-38.1838,0,0,0,0,0,0
-35.417,-38.1738,0,0,0,0,0,0
-35.407,-38.1638,0,0,0,0,0,0
-35.397,-38.1538,0,0,0,0,0,0
-35.387,-38.1438,0,0,0,0,0,0
-35.377,-38.1338,0,0,0,0,0,0
-35.367,-38.1238,0,0,0,0,0,0
-35.357,-38.1138,0,0,0,0,0,0
-35.347,-38.1038,0,0,0,0,0,0
-35.337,-38.0938,0,0,0,0,0,0
-35.327,-38.0838,0,0,0,0,0,0
-35.317,-38.0738,0,0,0,0,0,0
-35.307,-38.0638,0,0,0,0,0,0
-35.297,-38.0538,0,0,0,0,0,0
-35.287,-38.0438,0,0,0,0,0,0
-35.277,-38.0338,0,0,0,0,0,0
-35.267,-38.0238,0,0,0,0,0,0
-35.257,-38.0138,0,0,0,0,0,0
-35.247,-38.0038,0,0,0,0,0,0
-35.237,-37.9938,0,0,0,0,0,0
-35.227,-37.9838,0,0,0,0,0,0
-35.217,-37.9738,0,0,0,0,0,0
-35.207,-37.9638,0,0,0,0,0,0
-35.197,-37.9538,0,0,0,0,0,0
-35.187,-37.9438,0,0,0,0,0,0
-35.177,-37.9338,0,0,0,0,0,0
-35.167,-37.9238,0,0,0,0,0,0
-35.157,-37.9138,0,0,0,0,0,0
-35.147,-37.9038,0,0,0,0,0,0
-35.137,-37.8938,0,0,0,0,0,0
-35.127,-37.8838,0,0,0,0,0,0
-35.117,-37.8738,0,0,0,0,0,0
-35.107,-37.8638,0,0,0,0,0,0
-35.097,-37.8538,0,0,0,0,0,0
-35.087,-37.8438,0,0,0,0,0,0
-35.077,-37.8338,0,0,0,0,0,0
-35.067,-37.8238,0,0,0,0,0,0
-35.057,-37.8138,0,0,0,0,0,0
-35.047,-37.8038,0,0,0,0,0,0
-35.037,-37.7938,0,0,0,0,0,0
-35.027,-37.7838,0,0,0,0,0,0
-35.017,-37.7738,0,0,0,0,0,0
-35.007,-37.7638,0,0,0,0,0,0
-34.997,-37.7538,0,0,0,0,0,0
-34.987,-37.7438,0,0,0,0,0,0
-34.977,-37.7338,0,0,0,0,0,0
-34.967,-37.7238,0,0,0,0,0,0
-34.957,-37.7138,0,0,0,0,0,0
-34.947,-37.7038,0,0,0,0,0,0
-34.937,-37.6938,0,0,0,0,0,0
-34.927,-37.6838,0,0,0,0,0,0
-34.917,-37.6738,0,0,0,0,0,0
-34.907,-37.6638,0,0,0,0,0,0
-34.897,-37.6538,0,0,0,0,0,0
-34.887,-37.6438,0,0,0,0,0,0
-34.877,-37.6338,0,0,0,0,0,0
-34.867,-37.6238,0,0,0,0,0,0
-34.857,-37.6138,0,0,0,0,0,0
-34.847,-37.6038,0,0,0,0,0,0
-34.837,-37.5938,0,0,0,0,0,0
-34.827,-37.5838,0,0,0,0,0,0
-34.817,-37.5738,0,0,0,0,0,0
-34.807,-37.5638,0,0,0,0,0,0
-34.797,-37.5538,0,0,0,0,0,0
-34.787,-37.5438,0,0,0,0,0,0
-34.777,-37.5338,0,0,0,0,0,0
-34.767,-37.5238,0,0,0,0,0,0
-34.757,-37.5138,0,0,0,0,0,0
-34.747,-37.5038,0,0,0,0,0,0
-34.737,-37.4938,0,0,0,0,0,0
-34.727,-37.4838,0,0,0,0,0,0
-34.717,-37.4738,0,0,0,0,0,0
-34.707,-37.4638,0,0,0,0,0,0
-34.697,-37.4538,0,0,0,0,0,0
-34.687,-37.4438,0,0,0,0,0,0
-34.677,-37.4338,0,0,0,0,0,0
-34.667,-37.4238,0,0,0,0,0,0
-34.657,-37.4138,0,0,0,0,0,0
-34.647,-37.4038,0,0,0,0,0,0
-34.637,-37.3938,0,0,0,0,0,0
-34.627,-37.3838,0,0,0,0,0,0
-34.617,-37.3738,0,0,0,0,0,0
-34.607,-37.3638,0,0,0,0,0,0
-34.597,-37.3538,0,0,0,0,0,0
-34.587,-37.3438,0,0,0,0,0,0
-34.577,-37.3338,0,0,0,0,0,0
-34.567,-37.3238,0,0,0,0,0,0
-34.557,-37.3138,0,0,0,0,0,0
-34.547,-37.3038,0,0,0,0,0,0
-34.537,-37.2938,0,0,0,0,0,0
-34.527,-37.2838,0,0,0,0,0,0
-34.517,-37.2738,0,0,0,0,0,0
-34.507,-37.2638,0,0,0,0,0,0
-34.497,-37.2538,0,0,0,0,0,0
-34.487,-37.2438,0,0,0,0,0,0
-34.477,-37.2338,0,0,0,0,0,0
-34.467,-37.2238,0,0,0,0,0,0
-34.457,-37.2138,0,0,0,0,0,0
-34.447,-37.2038,0,0,0,0,0,0
-34.437,-37.1938,0,0,0,0,0,0
-34.427,-37.1838,0,0,0,0,0,0
-34.417,-37.1738,0,0,0,0,0,0
-34.407,-37.1638,0,0,0,0,0,0
-34.397,-37.1538,0,0,0,0,0,0
-34.387,-37.1438,0,0,0,0,0,0
-34.377,-37.1338,0,0,0,0,0,0
-34.367,-37.1238,0,0,0,0,0,0
-34.357,-37.1138,0,0,0,0,0,0
-34.347,-37.1038,0,0,0,0,0,0
-34.337,-37.0938,0,0,0,0,0,0
-34.327,-37.0838,0,0,0,0,0,0
-34.317,-37.0738,0,0,0,0,0,0
-34.307,-37.0638,0,0,0,0,0,0
-34.297,-37.0538,0,0,0,0,0,0
-34.287,-37.0438,0,0,0,0,0,0
-34.277,-37.0338,0,0,0,0,0,0
-34.267,-37.0238,0,0,0,0,0,0
-34.257,-37.0138,0,0,0,0,0,0
-34.247,-37.0038,0,0,0,0,0,0
-34.237,-36.9938,0,0,0,0,0,0
-34.227,-36.9838,0,0,0,0,0,0
-34.217,-36.9738,0,0,0,0,0,0
-34.207,-36.9638,0,0,0,0,0,0
-34.197,-36.9538,0,0,0,0,0,0
-34.187,-36.9438,0,0,0,0,0,0
-34.177,-36.9338,0,0,0,0,0,0
-34.167,-36.9238,0,0,0,0,0,0
-34.157,-36.9138,0,0,0,0,0,0
-34.147,-36.9038,0,0,0,0,0,0
-34.137,-36.8938,0,0,0,0,0,0
-34.127,-36.8838,0,0,0,0,0,0
-34.117,-36.8738,0,0,0,0,0,0
-34.107,-36.8638,0,0,0,0,0,0
-34.097,-36.8538,0,0,0,0,0,0
-34.087,-36.8438,0,0,0,0,0,0
-34.077,-36.8338,0,0,0,0,0,0
-34.067,-36.8238,0,0,0,0,0,0
-34.057,-36.8138,0,0,0,0,0,0
-34.047,-36.8038,0,0,0,0,0,0
-34.037,-36.7938,0,0,0,0,0,0
-34.027,-36.7838,0,0,0,0,0,0
-34.017,-36.7738,0,0,0,0,0,0
-34.007,-36.7638,0,0,0,0,0,0
-33.997,-36.7538,0,0,0,0,0,0
-33.987,-36.7438,0,0,0,0,0,0
-33.977,-36.7338,0,0,0,0,0,0
-33.967,-36.7238,0,0,0,0,0,0
-33.957,-36.7138,0,0,0,0,0,0
-33.947,-36.7038,0,0,0,0,0,0
-33.937,-36.6938,0,0,0,0,0,0
-33.927,-36.6838,0,0,0,0,0,0
-33.917,-36.6738,0,0,0,0,0,0
-33.907,-36.6638,0,0,0,0,0,0
-33.897,-36.6538,0,0,0,0,0,0
-33.887,-36.6438,0,0,0,0,0,0
-33.877,-36.6338,0,0,0,0,0,0
-33.867,-36.6238,0,0,0,0,0,0
-33.857,-36.6138,0,0,0,0,0,0
-33.847,-36.6038,0,0,0,0,0,0
-33.837,-36.5938,0,0,0,0,0,0
-33.827,-36.5838,0,0,0,0,0,0
-33.817,-36.5738,0,0,0,0,0,0
-33.807,-36.5638,0,0,0,0,0,0
-33.797,-36.5538,0,0,0,0,0,0
-33.787,-36.5438,0,0,0,0,0,0
-33.777,-36.5338,0,0,0,0,0,0
-33.767,-36.5238,0,0,0,0,0,0
-33.757,-36.5138,0,0,0,0,0,0
-33.747,-36.5038,0,0,0,0,0,0
-33.737,-36.4938,0,0,0,0,0,0
-33.727,-36.4838,0,0,0,0,0,0
-33.717,-36.4738,0,0,0,0,0,0
-33.707,-36.4638,0,0,0,0,0,0
-33.697,-36.4538,0,0,0,0,0,0
-33.687,-36.4438,0,0,0,0,0,0
-33.677,-36.4338,0,0,0,0,0,0
-33.667,-36.4238,0,0,0,0,0,0
-33.657,-36.4138,0,0,0,0,0,0
-33.647,-36.4038,0,0,0,0,0,0
-33.637,-36.3938,0,0,0,0,0,0
-33.627,-36.3838,0,0,0,0,0,0
-33.617,-36.3738,0,0,0,0,0,0
-33.607,-36.3638,0,0,0,0,0,0
-33.597,-36.3538,0,0,0,0,0,0
-33.587,-36.3438,0,0,0,0,0,0
-33.577,-36.3338,0,0,0,0,0,0
-33.567,-36.3238,0,0,0,0,0,0
-33.557,-36.3138,0,0,0,0,0,0
-33.547,-36.3038,0,0,0,0,0,0
-33.537,-36.2938,0,0,0,0,0,0
-33.527,-36.2838,0,0,0,0,0,0
-33.517,-36.2738,0,0,0,0,0,0
-33.507,-36.2638,0,0,0,0,0,0
-33.497,-36.2538,0,0,0,0,0,0
-33.487,-36.2438,0,0,0,0,0,0
-33.477,-36.2338,0,0,0,0,0,0
-33.467,-36.2238,0,0,0,0,0,0
-33.457,-36.2138,0,0,0,0,0,0
-33.447,-36.2038,0,0,0,0,0,0
-33.437,-36.1938,0,0,0,0,0,0
-33.427,-36.1838,0,0,0,0,0,0
-33.417,-36.1738,0,0,0,0,0,0
-33.407,-36.1638,0,0,0,0,0,0
-33.397,-36.1538,0,0,0,0,0,0
-33.387,-36.1438,0,0,0,0,0,0
-33.377,-36.1338,0,0,0,0,0,0
-33.367,-36.1238,0,0,0,0,0,0
-33.357,-36.1138,0,0,0,0,0,0
-33.347,-36.1038,0,0,0,0,0,0
-33.337,-36.0938,0,0,0,0,0,0
-33.327,-36.0838,0,0,0,0,0,0
-33.317,-36.0738,0,0,0,0,0,0
-33.307,-36.0638,0,0,0,0,0,0
-33.297,-36.0538,0,0,0,0,0,0
-33.287,-36.0438,0,0,0,0,0,0
-33.277,-36.0338,0,0,0,0,0,0
-33.267,-36.0238,0,0,0,0,0,0
-33.257,-36.0138,0,0,0,0,0,0
-33.247,-36.0038,0,0,0,0,0,0
-33.237,-35.9938,0,0,0,0,0,0
-33.227,-35.9838,0,0,0,0,0,0
-33.217,-35.9738,0,0,0,0,0,0
-33.207,-35.9638,0,0,0,0,0,0
-33.197,-35.9538,0,0,0,0,0,0
-33.187,-35.9438,0,0,0,0,0,0
-33.177,-35.9338,0,0,0,0,0,0
-33.167,-35.9238,0,0,0,0,0,0
-33.157,-35.9138,0,0,0,0,0,0
-33.147,-35.9038,0,0,0,0,0,0
-33.137,-35.8938,0,0,0,0,0,0
-33.127,-35.8838,0,0,0,0,0,0
-33.117,-35.8738,0,0,0,0,0,0
-33.107,-35.8638,0,0,0,0,0,0
-33.097,-35.8538,0,0,0,0,0,0
-33.087,-35.8438,0,0,0,0,0,0
-33.077,-35.8338,0,0,0,0,0,0
-33.067,-35.8238,0,0,0,0,0,0
-33.057,-35.8138,0,0,0,0,0,0
-33.047,-35.8038,0,0,0,0,0,0
-33.037,-35.7938,0,0,0,0,0,0
-33.027,-35.7838,0,0,0,0,0,0
-33.017,-35.7738,0,0,0,0,0,0
-33.007,-35.7638,0,0,0,0,0,0
-32.997,-35.7538,0,0,0,0,0,0
-32.987,-35.7438,0,0,0,0,0,0
-32.977,-35.7338,0,0,0,0,0,0
-32.967,-35.7238,0,0,0,0,0,0
-32.957,-35.7138,0,0,0,0,0,0
-32.947,-35.7038,0,0,0,0,0,0
-32.937,-35.6938,0,0,0,0,0,0
-32.927,-35.6838,0,0,0,0,0,0
-32.917,-35.6738,0,0,0,0,0,0
-32.907,-35.6638,0,0,0,0,0,0
-32.897,-35.6538,0,0,0,0,0,0
-32.887,-35.6438,0,0,0,0,0,0
-32.877,-35.6338,0,0,0,0,0,0
-32.867,-35.6238,0,0,0,0,0,0
-32.857,-35.6138,0,0,0,0,0,0
-32.847,-35.6038,0,0,0,0,0,0
-32.837,-35.5938,0,0,0,0,0,0
-32.827,-35.5838,0,0,0,0,0,0
-32.817,-35.5738,0,0,0,0,0,0
-32.807,-35.5638,0,0,0,0,0,0
-32.797,-35.5538,0,0,0,0,0,0
-32.787,-35.5438,0,0,0,0,0,0
-32.777,-35.5338,0,0,0,0,0,0
-32.767,-35.5238,0,0,0,0,0,0
-32.757,-35.5138,0,0,0,0,0,0
-32.747,-35.5038,0,0,0,0,0,0
-32.737,-35.4938,0,0,0,0,0,0
-32.727,-35.4838,0,0,0,0,0,0
-32.717,-35.4738,0,0,0,0,0,0
-32.707,-35.4638,0,0,0,0,0,0
-32.697,-35.4538,0,0,0,0,0,0
-32.687,-35.4438,0,0,0,0,0,0
-32.677,-35.4338,0,0,0,0,0,0
-32.667,-35.4238,0,0,0,0,0,0
-32.657,-35.4138,0,0,0,0,0,0
-32.647,-35.4038,0,0,0,0,0,0
-32.637,-35.3938,0,0,0,0,0,0
-32.627,-35.3838,0,0,0,0,0,0
-32.617,-35.3738,0,0,0,0,0,0
-32.607,-35.3638,0,0,0,0,0,0
-32.597,-35.3538,0,0,0,0,0,0
-32.587,-35.3438,0,0,0,0,0,0
-32.577,-35.3338,0,0,0,0,0,0
-32.567,-35.3238,0,0,0,0,0,0
-32.557,-35.3138,0,0,0,0,0,0
-32.547,-35.3038,0,0,0,0,0,0
-32.537,-35.2938,0,0,0,0,0,0
-32.527,-35.2838,0,0,0,0,0,0
-32.517,-35.2738,0,0,0,0,0,0
-32.507,-35.2638,0,0,0,0,0,0
-32.497,-35.2538,0,0,0,0,0,0
-32.487,-35.2438,0,0,0,0,0,0
-32.477,-35.2338,0,0,0,0,0,0
-32.467,-35.2238,0,0,0,0,0,0
-32.457,-35.2138,0,0,0,0,0,0
-32.447,-35.2038,0,0,0,0,0,0
-32.437,-35.1938,0,0,0,0,0,0
-32.427,-35.1838,0,0,0,0,0,0
-32.417,-35.1738,0,0,0,0,0,0
-32.407,-35.1638,0,0,0,0,0,0
-32.397,-35.1538,0,0,0,0,0,0
-32.387,-35.1438,0,0,0,0,0,0
-32.377,-35.1338,0,0,0,0,0,0
-32.367,-35.1238,0,0,0,0,0,0
-32.357,-35.1138,0,0,0,0,0,0
-32.347,-35.1038,0,0,0,0,0,0
-32.337,-35.0938,0,0,0,0,0,0
-32.327,-35.0838,0,0,0,0,0,0
-32.317,-35.0738,0,0,0,0,0,0
-32.307,-35.0638,0,0,0,0,0,0
-32.297,-35.0538,0,0,0,0,0,0
-32.287,-35.0438,0,0,0,0,0,0
-32.277,-35.0338,0,0,0,0,0,0
-32.267,-35.0238,0,0,0,0,0,0
-32.257,-35.0138,0,0,0,0,0,0
-32.247,-35.0038,0,0,0,0,0,0
-32.237,-34.9938,0,0,0,0,0,0
-32.227,-34.9838,0,0,0,0,0,0
-32.217,-34.9738,0,0,0,0,0,0
-32.207,-34.9638,0,0,0,0,0,0
-32.197,-34.9538,0,0,0,0,0,0
-32.187,-34.9438,0,0,0,0,0,0
-32.177,-34.9338,0,0,0,0,0,0
-32.167,-34.9238,0,0,0,0,0,0
-32.157,-34.9138,0,0,0,0,0,0
-32.147,-34.9038,0,0,0,0,0,0
-32.137,-34.8938,0,0,0,0,0,0
-32.127,-34.8838,0,0,0,0,0,0
-32.117,-34.8738,0,0,0,0,0,0
-32.107,-34.8638,0,0,0,0,0,0
-32.097,-34.8538,0,0,0,0,0,0
-32.087,-34.8438,0,0,0,0,0,0
-32.077,-34.8338,0,0,0,0,0,0
-32.067,-34.8238,0,0,0,0,0,0
-32.057,-34.8138,0,0,0,0,0,0
-32.047,-34.8038,0,0,0,0,0,0
-32.037,-34.7938,0,0,0,0,0,0
-32.027,-34.7838,0,0,0,0,0,0
-32.017,-34.7738,0,0,0,0,0,0
-32.007,-34.7638,0,0,0,0,0,0
-31.997,-34.7538,0,0,0,0,0,0
-31.987,-34.7438,0,0,0,0,0,0
-31.977,-34.7338,0,0,0,0,0,0
-31.967,-34.7238,0,0,0,0,0,0
-31.957,-34.7138,0,0,0,0,0,0
-31.947,-34.7038,0,0,0,0,0,0
-31.937,-34.6938,0,0,0,0,0,0
-31.927,-34.6838,0,0,0,0,0,0
-31.917,-34.6738,0,0,0,0,0,0
-31.907,-34.6638,0,0,0,0,0,0
-31.897,-34.6538,0,0,0,0,0,0
-31.887,-34.6438,0,0,0,0,0,0
-31.877,-34.6338,0,0,0,0,0,0
-31.867,-34.6238,0,0,0,0,0,0
-31.857,-34.6138,0,0,0,0,0,0
-31.847,-34.6038,0,0,0,0,0,0
-31.837,-34.5938,0,0,0,0,0,0
-31.827,-34.5838,0,0,0,0,0,0
-31.817,-34.5738,0,0,0,0,0,0
-31.807,-34.5638,0,0,0,0,0,0
-31.797,-34.5538,0,0,0,0,0,0
-31.787,-34.5438,0,0,0,0,0,0
-31.777,-34.5338,0,0,0,0,0,0
-31.767,-34.5238,0,0,0,0,0,0
-31.757,-34.5138,0,0,0,0,0,0
-31.747,-34.5038,0,0,0,0,0,0
-31.737,-34.4938,0,0,0,0,0,0
-31.727,-34.4838,0,0,0,0,0,0
-31.717,-34.4738,0,0,0,0,0,0
-31.707,-34.4638,0,0,0,0,0,0
-31.697,-34.4538,0,0,0,0,0,0
-31.687,-34.4438,0,0,0,0,0,0
-31.677,-34.4338,0,0,0,0,0,0
-31.667,-34.4238,0,0,0,0,0,0
-31.657,-34.4138,0,0,0,0,0,0
-31.647,-34.4038,0,0,0,0,0,0
-31.637,-34.3938,0,0,0,0,0,0
-31.627,-34.3838,0,0,0,0,0,0
-31.617,-34.3738,0,0,0,0,0,0
-31.607,-34.3638,0,0,0,0,0,0
-31.597,-34.3538,0,0,0,0,0,0
-31.587,-34.3438,0,0,0,0,0,0
-31.577,-34.3338,0,0,0,0,0,0
-31.567,-34.3238,0,0,0,0,0,0
-31.557,-34.3138,0,0,0,0,0,0
-31.547,-34.3038,0,0,0,0,0,0
-31.537,-34.2938,0,0,0,0,0,0
-31.527,-34.2838,0,0,0,0,0,0
-31.517,-34.2738,0,0,0,0,0,0
-31.507,-34.2638,0,0,0,0,0,0
-31.497,-34.2538,0,0,0,0,0,0
-31.487,-34.2438,0,0,0,0,0,0
-31.477,-34.2338,0,0,0,0,0,0
-31.467,-34.2238,0,0,0,0,0,0
-31.457,-34.2138,0,0,0,0,0,0
-31.447,-34.2038,0,0,0,0,0,0
-31.437,-34.1938,0,0,0,0,0,0
-31.427,-34.1838,0,0,0,0,0,0
-31.417,-34.1738,0,0,0,0,0,0
-31.407,-34.1638,0,0,0,0,0,0
-31.397,-34.1538,0,0,0,0,0,0
-31.387,-34.1438,0,0,0,0,0,0
-31.377,-34.1338,0,0,0,0,0,0
-31.367,-34.1238,0,0,0,0,0,0
-31.357,-34.1138,0,0,0,0,0,0
-31.347,-34.1038,0,0,0,0,0,0
-31.337,-34.0938,0,0,0,0,0,0
-31.327,-34.0838,0,0,0,0,0,0
-31.317,-34.0738,0,0,0,0,0,0
-31.307,-34.0638,0,0,0,0,0,0
-31.297,-34.0538,0,0,0,0,0,0
-31.287,-34.0438,0,0,0,0,0,0
-31.277,-34.0338,0,0,0,0,0,0
-31.267,-34.0238,0,0,0,0,0,0
-31.257,-34.0138,0,0,0,0,0,0
-31.247,-34.0038,0,0,0,0,0,0
-31.237,-33.9938,0,0,0,0,0,0
-31.227,-33.9838,0,0,0,0,0,0
-31.217,-33.9738,0,0,0,0,0,0
-31.207,-33.9638,0,0,0,0,0,0
-31.197,-33.9538,0,0,0,0,0,0
-31.187,-33.9438,0,0,0,0,0,0
-31.177,-33.9338,0,0,0,0,0,0
-31.167,-33.9238,0,0,0,0,0,0
-31.157,-33.9138,0,0,0,0,0,0
-31.147,-33.9038,0,0,0,0,0,0
-31.137,-33.8938,0,0,0,0,0,0
-31.127,-33.8838,0,0,0,0,0,0
-31.117,-33.8738,0,0,0,0,0,0
-31.107,-33.8638,0,0,0,0,0,0
-31.097,-33.8538,0,0,0,0,0,0
-31.087,-33.8438,0,0,0,0,0,0
-31.077,-33.8338,0,0,0,0,0,0
-31.067,-33.8238,0,0,0,0,0,0
-31.057,-33.8138,0,0,0,0,0,0
-31.047,-33.8038,0,0,0,0,0,0
-31.037,-33.7938,0,0,0,0,0,0
-31.027,-33.7838,0,0,0,0,0,0
-31.017,-33.7738,0,0,0,0,0,0
-31.007,-33.7638,0,0,0,0,0,0
-30.997,-33.7538,0,0,0,0,0,0
-30.987,-33.7438,0,0,0,0,0,0
-30.977,-33.7338,0,0,0,0,0,0
-30.967,-33.7238,0,0,0,0,0,0
-30.957,-33.7138,0,0,0,0,0,0
-30.947,-33.7038,0,0,0,0,0,0
-30.937,-33.6938,0,0,0,0,0,0
-30.927,-33.6838,0,0,0,0,0,0
-30.917,-33.6738,0,0,0,0,0,0
-30.907,-33.6638,0,0,0,0,0,0
-30.897,-33.6538,0,0,0,0,0,0
-30.887,-33.6438,0,0,0,0,0,0
-30.877,-33.6338,0,0,0,0,0,0
-30.867,-33.6238,0,0,0,0,0,0
-30.857,-33.6138,0,0,0,0,0,0
-30.847,-33.6038,0,0,0,0,0,0
-30.837,-33.5938,0,0,0,0,0,0
-30.827,-33.5838,0,0,0,0,0,0
-30.817,-33.5738,0,0,0,0,0,0
-30.807,-33.5638,0,0,0,0,0,0
-30.797,-33.5538,0,0,0,0,0,0
-30.787,-33.5438,0,0,0,0,0,0
-30.777,-33.5338,0,0,0,0,0,0
-30.767,-33.5238,0,0,0,0,0,0
-30.757,-33.5138,0,0,0,0,0,0
-30.747,-33.5038,0,0,0,0,0,0
-30.737,-33.4938,0,0,0,0,0,0
-30.727,-33.4838,0,0,0,0,0,0
-30.717,-33.4738,0,0,0,0,0,0
-30.707,-33.4638,0,0,0,0,0,0
-30.697,-33.4538,0,0,0,0,0,0
-30.687,-33.4438,0,0,0,0,0,0
-30.677,-33.4338,0,0,0,0,0,0
-30.667,-33.4238,0,0,0,0,0,0
-30.657,-33.4138,0,0,0,0,0,0
-30.647,-33.4038,0,0,0,0,0,0
-30.637,-33.3938,0,0,0,0,0,0
-30.627,-33.3838,0,0,0,0,0,0
-30.617,-33.3738,0,0,0,0,0,0
-30.607,-33.3638,0,0,0,0,0,0
-30.597,-33.3538,0,0,0,0,0,0
-30.587,-33.3438,0,0,0,0,0,0
-30.577,-33.3338,0,0,0,0,0,0
-30.567,-33.3238,0,0,0,0,0,0
-30.557,-33.3138,0,0,0,0,0,0
-30.547,-33.3038,0,0,0,0,0,0
-30.537,-33.2938,0,0,0,0,0,0
-30.527,-33.2838,0,0,0,0,0,0
-30.517,-33.2738,0,0,0,0,0,0
-30.507,-33.2638,0,0,0,0,0,0
-30.497,-33.2538,0,0,0,0,0,0
-30.487,-33.2438,0,0,0,0,0,0
-30.477,-33.2338,0,0,0,0,0,0
-30.467,-33.2238,0,0,0,0,0,0
-30.457,-33.2138,0,0,0,0,0,0
-30.447,-33.2038,0,0,0,0,0,0
-30.437,-33.1938,0,0,0,0,0,0
-30.427,-33.1838,0,0,0,0,0,0
-30.417,-33.1738,0,0,0,0,0,0
-30.407,-33.1638,0,0,0,0,0,0
-30.397,-33.1538,0,0,0,0,0,0
-30.387,-33.1438,0,0,0,0,0,0
-30.377,-33.1338,0,0,0,0,0,0
-30.367,-33.1238,0,0,0,0,0,0
-30.357,-33.1138,0,0,0,0,0,0
-30.347,-33.1038,0,0,0,0,0,0
-30.337,-33.0938,0,0,0,0,0,0
-30.327,-33.0838,0,0,0,0,0,0
-30.317,-33.0738,0,0,0,0,0,0
-30.307,-33.0638,0,0,0,0,0,0
-30.297,-33.0538,0,0,0,0,0,0
-30.287,-33.0438,0,0,0,0,0,0
-30.277,-33.0338,0,0,0,0,0,0
-30.267,-33.0238,0,0,0,0,0,0
-30.257,-33.0138,0,0,0,0,0,0
-30.247,-33.0038,0,0,0,0,0,0
-30.237,-32.9938,0,0,0,0,0,0
-30.227,-32.9838,0,0,0,0,0,0
-30.217,-32.9738,0,0,0,0,0,0
-30.207,-32.9638,0,0,0,0,0,0
-30.197,-32.9538,0,0,0,0,0,0
-30.187,-32.9438,0,0,0,0,0,0
-30.177,-32.9338,0,0,0,0,0,0
-30.167,-32.9238,0,0,0,0,0,0
-30.157,-32.9138,0,0,0,0,0,0
-30.147,-32.9038,0,0,0,0,0,0
-30.137,-32.8938,0,0,0,0,0,0
-30.127,-32.8838,0,0,0,0,0,0
-30.117,-32.8738,0,0,0,0,0,0
-30.107,-32.8638,0,0,0,0,0,0
-30.097,-32.8538,0,0,0,0,0,0
-30.087,-32.8438,0,0,0,0,0,0
-30.077,-32.8338,0,0,0,0,0,0
-30.067,-32.8238,0,0,0,0,0,0
-30.057,-32.8138,0,0,0,0,0,0
-30.047,-32.8038,0,0,0,0,0,0
-30.037,-32.7938,0,0,0,0,0,0
-30.027,-32.7838,0,0,0,0,0,0
-30.017,-32.7738,0,0,0,0,0,0
-30.007,-32.7638,0,0,0,0,0,0
-29.997,-32.7538,0,0,0,0,0,0
-29.987,-32.7438,0,0,0,0,0,0
-29.977,-32.7338,0,0,0,0,0,0
-29.967,-32.7238,0,0,0,0,0,0
-29.957,-32.7138,0,0,0,0,0,0
-29.947,-32.7038,0,0,0,0,0,0
-29.937,-32.6938,0,0,0,0,0,0
-29.927,-32.6838,0,0,0,0,0,0
-29.917,-32.6738,0,0,0,0,0,0
-29.907,-32.6638,0,0,0,0,0,0
-29.897,-32.6538,0,0,0,0,0,0
-29.887,-32.6438,0,0,0,0,0,0
-29.877,-32.6338,0,0,0,0,0,0
-29.867,-32.6238,0,0,0,0,0,0
-29.857,-32.6138,0,0,0,0,0,0
-29.847,-32.6038,0,0,0,0,0,0
-29.837,-32.5938,0,0,0,0,0,0
-29.827,-32.5838,0,0,0,0,0,0
-29.817,-32.5738,0,0,0,0,0,0
-29.807,-32.5638,0,0,0,0,0,0
-29.797,-32.5538,0,0,0,0,0,0
-29.787,-32.5438,0,0,0,0,0,0
-29.777,-32.5338,0,0,0,0,0,0
-29.767,-32.5238,0,0,0,0,0,0
-29.757,-32.5138,0,0,0,0,0,0
-29.747,-32.5038,0,0,0,0,0,0
-29.737,-32.4938,0,0,0,0,0,0
-29.727,-32.4838,0,0,0,0,0,0
-29.717,-32.4738,0,0,0,0,0,0
-29.707,-32.4638,0,0,0,0,0,0
-29.697,-32.4538,0,0,0,0,0,0
-29.687,-32.4438,0,0,0,0,0,0
-29.677,-32.4338,0,0,0,0,0,0
-29.667,-32.4238,0,0,0,0,0,0
-29.657,-32.4138,0,0,0,0,0,0
-29.647,-32.4038,0,0,0,0,0,0
-29.637,-32.3938,0,0,0,0,0,0
-29.627,-32.3838,0,0,0,0,0,0
-29.617,-32.3738,0,0,0,0,0,0
-29.607,-32.3638,0,0,0,0,0,0
-29.597,-32.3538,0,0,0,0,0,0
-29.587,-32.3438,0,0,0,0,0,0
-29.577,-32.3338,0,0,0,0,0,0
-29.567,-32.3238,0,0,0,0,0,0
-29.557,-32.3138,0,0,0,0,0,0
-29.547,-32.3038,0,0,0,0,0,0
-29.537,-32.2938,0,0,0,0,0,0
-29.527,-32.2838,0,0,0,0,0,0
-29.517,-32.2738,0,0,0,0,0,0
-29.507,-32.2638,0,0,0,0,0,0
-29.497,-32.2538,0,0,0,0,0,0
-29.487,-32.2438,0,0,0,0,0,0
-29.477,-32.2338,0,0,0,0,0,0
-29.467,-32.2238,0,0,0,0,0,0
-29.457,-32.2138,0,0,0,0,0,0
-29.447,-32.2038,0,0,0,0,0,0
-29.437,-32.1938,0,0,0,0,0,0
-29.427,-32.1838,0,0,0,0,0,0
-29.417,-32.1738,0,0,0,0,0,0
-29.407,-32.1638,0,0,0,0,0,0
-29.397,-32.1538,0,0,0,0,0,0
-29.387,-32.1438,0,0,0,0,0,0
-29.377,-32.1338,0,0,0,0,0,0
-29.367,-32.1238,0,0,0,0,0,0
-29.357,-32.1138,0,0,0,0,0,0
-29.347,-32.1038,0,0,0,0,0,0
-29.337,-32.0938,0,0,0,0,0,0
-29.327,-32.0838,0,0,0,0,0,0
-29.317,-32.0738,0,0,0,0,0,0
-29.307,-32.0638,0,0,0,0,0,0
-29.297,-32.0538,0,0,0,0,0,0
-29.287,-32.0438,0,0,0,0,0,0
-29.277,-32.0338,0,0,0,0,0,0
-29.267,-32.0238,0,0,0,0,0,0
-29.257,-32.0138,0,0,0,0,0,0
-29.247,-32.0038,0,0,0,0,0,0
-29.237,-31.9938,0,0,0,0,0,0
-29.227,-31.9838,0,0,0,0,0,0
-29.217,-31.9738,0,0,0,0,0,0
-29.207,-31.9638,0,0,0,0,0,0
-29.197,-31.9538,0,0,0,0,0,0
-29.187,-31.9438,0,0,0,0,0,0
-29.177,-31.9338,0,0,0,0,0,0
-29.167,-31.9238,0,0,0,0,0,0
-29.157,-31.9138,0,0,0,0,0,0
-29.147,-31.9038,0,0,0,0,0,0
-29.137,-31.8938,0,0,0,0,0,0
-29.127,-31.8838,0,0,0,0,0,0
-29.117,-31.8738,0,0,0,0,0,0
-29.107,-31.8638,0,0,0,0,0,0
-29.097,-31.8538,0,0,0,0,0,0
-29.087,-31.8438,0,0,0,0,0,0
-29.077,-31.8338,0,0,0,0,0,0
-29.067,-31.8238,0,0,0,0,0,0
-29.057,-31.8138,0,0,0,0,0,0
-29.047,-31.8038,0,0,0,0,0,0
-29.037,-31.7938,0,0,0,0,0,0
-29.027,-31.7838,0,0,0,0,0,0
-29.017,-31.7738,0,0,0,0,0,0
-29.007,-31.7638,0,0,0,0,0,0
-28.997,-31.7538,0,0,0,0,0,0
-28.987,-31.7438,0,0,0,0,0,0
-28.977,-31.7338,0,0,0,0,0,0
-28.967,-31.7238,0,0,0,0,0,0
-28.957,-31.7138,0,0,0,0,0,0
-28.947,-31.7038,0,0,0,0,0,0
-28.937,-31.6938,0,0,0,0,0,0
-28.927,-31.6838,0,0,0,0,0,0
-28.917,-31.6738,0,0,0,0,0,0
-28.907,-31.6638,0,0,0,0,0,0
-28.897,-31.6538,0,0,0,0,0,0
-28.887,-31.6438,0,0,0,0,0,0
-28.877,-31.6338,0,0,0,0,0,0
-28.867,-31.6238,0,0,0,0,0,0
-28.857,-31.6138,0,0,0,0,0,0
-28.847,-31.6038,0,0,0,0,0,0
-28.837,-31.5938,0,0,0,0,0,0
-28.827,-31.5838,0,0,0,0,0,0
-28.817,-31.5738,0,0,0,0,0,0
-28.807,-31.5638,0,0,0,0,0,0
-28.797,-31.5538,0,0,0,0,0,0
-28.787,-31.5438,0,0,0,0,0,0
-28.777,-31.5338,0,0,0,0,0,0
-28.767,-31.5238,0,0,0,0,0,0
-28.757,-31.5138,0,0,0,0,0,0
-28.747,-31.5038,0,0,0,0,0,0
-28.737,-31.4938,0,0,0,0,0,0
-28.727,-31.4838,0,0,0,0,0,0
-28.717,-31.4738,0,0,0,0,0,0
-28.707,-31.4638,0,0,0,0,0,0
-28.697,-31.4538,0,0,0,0,0,0
-28.687,-31.4438,0,0,0,0,0,0
-28.677,-31.4338,0,0,0,0,0,0
-28.667,-31.4238,0,0,0,0,0,0
-28.657,-31.4138,0,0,0,0,0,0
-28.647,-31.4038,0,0,0,0,0,0
-28.637,-31.3938,0,0,0,0,0,0
-28.627,-31.3838,0,0,0,0,0,0
-28.617,-31.3738,0,0,0,0,0,0
-28.607,-31.3638,0,0,0,0,0,0
-28.597,-31.3538,0,0,0,0,0,0
-28.587,-31.3438,0,0,0,0,0,0
-28.577,-31.3338,0,0,0,0,0,0
-28.567,-31.3238,0,0,0,0,0,0
-28.557,-31.3138,0,0,0,0,0,0
-28.547,-31.3038,0,0,0,0,0,0
-28.537,-31.2938,0,0,0,0,0,0
-28.527,-31.2838,0,0,0,0,0,0
-28.517,-31.2738,0,0,0,0,0,0
-28.507,-31.2638,0,0,0,0,0,0
-28.497,-31.2538,0,0,0,0,0,0
-28.487,-31.2438,0,0,0,0,0,0
-28.477,-31.2338,0,0,0,0,0,0
-28.467,-31.2238,0,0,0,0,0,0
-28.457,-31.2138,0,0,0,0,0,0
-28.447,-31.2038,0,0,0,0,0,0
-28.437,-31.1938,0,0,0,0,0,0
-28.427,-31.1838,0,0,0,0,0,0
-28.417,-31.1738,0,0,0,0,0,0
-28.407,-31.1638,0,0,0,0,0,0
-28.397,-31.1538,0,0,0,0,0,0
-28.387,-31.1438,0,0,0,0,0,0
-28.377,-31.1338,0,0,0,0,0,0
-28.367,-31.1238,0,0,0,0,0,0
-28.357,-31.1138,0,0,0,0,0,0
-28.347,-31.1038,0,0,0,0,0,0
-28.337,-31.0938,0,0,0,0,0,0
-28.327,-31.0838,0,0,0,0,0,0
-28.317,-31.0738,0,0,0,0,0,0
-28.307,-31.0638,0,0,0,0,0,0
-28.297,-31.0538,0,0,0,0,0,0
-28.287,-31.0438,0,0,0,0,0,0
-28.277,-31.0338,0,0,0,0,0,0
-28.267,-31.0238,0,0,0,0,0,0
-28.257,-31.0138,0,0,0,0,0,0
-28.247,-31.0038,0,0,0,0,0,0
-28.237,-30.9938,0,0,0,0,0,0
-28.227,-30.9838,0,0,0,0,0,0
-28.217,-30.9738,0,0,0,0,0,0
-28.207,-30.9638,0,0,0,0,0,0
-28.197,-30.9538,0,0,0,0,0,0
-28.187,-30.9438,0,0,0,0,0,0
-28.177,-30.9338,0,0,0,0,0,0
-28.167,-30.9238,0,0,0,0,0,0
-28.157,-30.9138,0,0,0,0,0,0
-28.147,-30.9038,0,0,0,0,0,0
-28.137,-30.8938,0,0,0,0,0,0
-28.127,-30.8838,0,0,0,0,0,0
-28.117,-30.8738,0,0,0,0,0,0
-28.107,-30.8638,0,0,0,0,0,0
-28.097,-30.8538,0,0,0,0,0,0
-28.087,-30.8438,0,0,0,0,0,0
-28.077,-30.8338,0,0,0,0,0,0
-28.067,-30.8238,0,0,0,0,0,0
-28.057,-30.8138,0,0,0,0,0,0
-28.047,-30.8038,0,0,0,0,0,0
-28.037,-30.7938,0,0,0,0,0,0
-28.027,-30.7838,0,0,0,0,0,0
-28.017,-30.7738,0,0,0,0,0,0
-28.007,-30.7638,0,0,0,0,0,0
-27.997,-30.7538,0,0,0,0,0,0
-27.987,-30.7438,0,0,0,0,0,0
-27.977,-30.7338,0,0,0,0,0,0
-27.967,-30.7238,0,0,0,0,0,0
-27.957,-30.7138,0,0,0,0,0,0
-27.947,-30.7038,0,0,0,0,0,0
-27.937,-30.6938,0,0,0,0,0,0
-27.927,-30.6838,0,0,0,0,0,0
-27.917,-30.6738,0,0,0,0,0,0
-27.907,-30.6638,0,0,0,0,0,0
-27.897,-30.6538,0,0,0,0,0,0
-27.887,-30.6438,0,0,0,0,0,0
-27.877,-30.6338,0,0,0,0,0,0
-27.867,-30.6238,0,0,0,0,0,0
-27.857,-30.6138,0,0,0,0,0,0
-27.847,-30.6038,0,0,0,0,0,0
-27.837,-30.5938,0,0,0,0,0,0
-27.827,-30.5838,0,0,0,0,0,0
-27.817,-30.5738,0,0,0,0,0,0
-27.807,-30.5638,0,0,0,0,0,0
-27.797,-30.5538,0,0,0,0,0,0
-27.787,-30.5438,0,0,0,0,0,0
-27.777,-30.5338,0,0,0,0,0,0
-27.767,-30.5238,0,0,0,0,0,0
-27.757,-30.5138,0,0,0,0,0,0
-27.747,-30.5038,0,0,0,0,0,0
-27.737,-30.4938,0,0,0,0,0,0
-27.727,-30.4838,0,0,0,0,0,0
-27.717,-30.4738,0,0,0,0,0,0
-27.707,-30.4638,0,0,0,0,0,0
-27.697,-30.4538,0,0,0,0,0,0
-27.687,-30.4438,0,0,0,0,0,0
-27.677,-30.4338,0,0,0,0,0,0
-27.667,-30.4238,0,0,0,0,0,0
-27.657,-30.4138,0,0,0,0,0,0
-27.647,-30.4038,0,0,0,0,0,0
-27.637,-30.3938,0,0,0,0,0,0
-27.627,-30.3838,0,0,0,0,0,0
-27.617,-30.3738,0,0,0,0,0,0
-27.607,-30.3638,0,0,0,0,0,0
-27.597,-30.3538,0,0,0,0,0,0
-27.587,-30.3438,0,0,0,0,0,0
-27.577,-30.3338,0,0,0,0,0,0
-27.567,-30.3238,0,0,0,0,0,0
-27.557,-30.3138,0,0,0,0,0,0
-27.547,-30.3038,0,0,0,0,0,0
-27.537,-30.2938,0,0,0,0,0,0
-27.527,-30.2838,0,0,0,0,0,0
-27.517,-30.2738,0,0,0,0,0,0
-27.507,-30.2638,0,0,0,0,0,0
-27.497,-30.2538,0,0,0,0,0,0
-27.487,-30.2438,0,0,0,0,0,0
-27.477,-30.2338,0,0,0,0,0,0
-27.467,-30.2238,0,0,0,0,0,0
-27.457,-30.2138,0,0,0,0,0,0
-27.447,-30.2038,0,0,0,0,0,0
-27.437,-30.1938,0,0,0,0,0,0
-27.427,-30.1838,0,0,0,0,0,0
-27.417,-30.1738,0,0,0,0,0,0
-27.407,-30.1638,0,0,0,0,0,0
-27.397,-30.1538,0,0,0,0,0,0
-27.387,-30.1438,0,0,0,0,0,0
-27.377,-30.1338,0,0,0,0,0,0
-27.367,-30.1238,0,0,0,0,0,0
-27.357,-30.1138,0,0,0,0,0,0
-27.347,-30.1038,0,0,0,0,0,0
-27.337,-30.0938,0,0,0,0,0,0
-27.327,-30.0838,0,0,0,0,0,0
-27.317,-30.0738,0,0,0,0,0,0
-27.307,-30.0638,0,0,0,0,0,0
-27.297,-30.0538,0,0,0,0,0,0
-27.287,-30.0438,0,0,0,0,0,0
-27.277,-30.0338,0,0,0,0,0,0
-27.267,-30.0238,0,0,0,0,0,0
-27.257,-30.0138,0,0,0,0,0,0
-27.247,-30.0038,0,0,0,0,0,0
-27.237,-29.9938,0,0,0,0,0,0
-27.227,-29.9838,0,0,0,0,0,0
-27.217,-29.9738,0,0,0,0,0,0
-27.207,-29.9638,0,0,0,0,0,0
-27.197,-29.9538,0,0,0,0,0,0
-27.187,-29.9438,0,0,0,0,0,0
-27.177,-29.9338,0,0,0,0,0,0
-27.167,-29.9238,0,0,0,0,0,0
-27.157,-29.9138,0,0,0,0,0,0
-27.147,-29.9038,0,0,0,0,0,0
-27.137,-29.8938,0,0,0,0,0,0
-27.127,-29.8838,0,0,0,0,0,0
-27.117,-29.8738,0,0,0,0,0,0
-27.107,-29.8638,0,0,0,0,0,0
-27.097,-29.8538,0,0,0,0,0,0
-27.087,-29.8438,0,0,0,0,0,0
-27.077,-29.8338,0,0,0,0,0,0
-27.067,-29.8238,0,0,0,0,0,0
-27.057,-29.8138,0,0,0,0,0,0
-27.047,-29.8038,0,0,0,0,0,0
-27.037,-29.7938,0,0,0,0,0,0
-27.027,-29.7838,0,0,0,0,0,0
-27.017,-29.7738,0,0,0,0,0,0
-27.007,-29.7638,0,0,0,0,0,0
-26.997,-29.7538,0,0,0,0,0,0
-26.987,-29.7438,0,0,0,0,0,0
-26.977,-29.7338,0,0,0,0,0,0
-26.967,-29.7238,0,0,0,0,0,0
-26.957,-29.7138,0,0,0,0,0,0
-26.947,-29.7038,0,0,0,0,0,0
-26.937,-29.6938,0,0,0,0,0,0
-26.927,-29.6838,0,0,0,0,0,0
-26.917,-29.6738,0,0,0,0,0,0
-26.907,-29.6638,0,0,0,0,0,0
-26.897,-29.6538,0,0,0,0,0,0
-26.887,-29.6438,0,0,0,0,0,0
-26.877,-29.6338,0,0,0,0,0,0
-26.867,-29.6238,0,0,0,0,0,0
-26.857,-29.6138,0,0,0,0,0,0
-26.847,-29.6038,0,0,0,0,0,0
-26.837,-29.5938,0,0,0,0,0,0
-26.827,-29.5838,0,0,0,0,0,0
-26.817,-29.5738,0,0,0,0,0,0
-26.807,-29.5638,0,0,0,0,0,0
-26.797,-29.5538,0,0,0,0,0,0
-26.787,-29.5438,0,0,0,0,0,0
-26.777,-29.5338,0,0,0,0,0,0
-26.767,-29.5238,0,0,0,0,0,0
-26.757,-29.5138,0,0,0,0,0,0
-26.747,-29.5038,0,0,0,0,0,0
-26.737,-29.4938,0,0,0,0,0,0
-26.727,-29.4838,0,0,0,0,0,0
-26.717,-29.4738,0,0,0,0,0,0
-26.707,-29.4638,0,0,0,0,0,0
-26.697,-29.4538,0,0,0,0,0,0
-26.687,-29.4438,0,0,0,0,0,0
-26.677,-29.4338,0,0,0,0,0,0
-26.667,-29.4238,0,0,0,0,0,0
-26.657,-29.4138,0,0,0,0,0,0
-26.647,-29.4038,0,0,0,0,0,0
-26.637,-29.3938,0,0,0,0,0,0
-26.627,-29.3838,0,0,0,0,0,0
-26.617,-29.3738,0,0,0,0,0,0
-26.607,-29.3638,0,0,0,0,0,0
-26.597,-29.3538,0,0,0,0,0,0
-26.587,-29.3438,0,0,0,0,0,0
-26.577,-29.3338,0,0,0,0,0,0
-26.567,-29.3238,0,0,0,0,0,0
-26.557,-29.3138,0,0,0,0,0,0
-26.547,-29.3038,0,0,0,0,0,0
-26.537,-29.2938,0,0,0,0,0,0
-26.527,-29.2838,0,0,0,0,0,0
-26.517,-29.2738,0,0,0,0,0,0
-26.507,-29.2638,0,0,0,0,0,0
-26.497,-29.2538,0,0,0,0,0,0
-26.487,-29.2438,0,0,0,0,0,0
-26.477,-29.2338,0,0,0,0,0,0
-26.467,-29.2238,0,0,0,0,0,0
-26.457,-29.2138,0,0,0,0,0,0
-26.447,-29.2038,0,0,0,0,0,0
-26.437,-29.1938,0,0,0,0,0,0
-26.427,-29.1838,0,0,0,0,0,0
-26.417,-29.1738,0,0,0,0,0,0
-26.407,-29.1638,0,0,0,0,0,0
-26.397,-29.1538,0,0,0,0,0,0
-26.387,-29.1438,0,0,0,0,0,0
-26.377,-29.1338,0,0,0,0,0,0
-26.367,-29.1238,0,0,0,0,0,0
-26.357,-29.1138,0,0,0,0,0,0
-26.347,-29.1038,0,0,0,0,0,0
-26.337,-29.0938,0,0,0,0,0,0
-26.327,-29.0838,0,0,0,0,0,0
-26.317,-29.0738,0,0,0,0,0,0
-26.307,-29.0638,0,0,0,0,0,0
-26.297,-29.0538,0,0,0,0,0,0
-26.287,-29.0438,0,0,0,0,0,0
-26.277,-29.0338,0,0,0,0,0,0
-26.267,-29.0238,0,0,0,0,0,0
-26.257,-29.0138,0,0,0,0,0,0
-26.247,-29.0038,0,0,0,0,0,0
-26.237,-28.9938,0,0,0,0,0,0
-26.227,-28.9838,0,0,0,0,0,0
-26.217,-28.9738,0,0,0,0,0,0
-26.207,-28.9638,0,0,0,0,0,0
-26.197,-28.9538,0,0,0,0,0,0
-26.187,-28.9438,0,0,0,0,0,0
-26.177,-28.9338,0,0,0,0,0,0
-26.167,-28.9238,0,0,0,0,0,0
-26.157,-28.9138,0,0,0,0,0,0
-26.147,-28.9038,0,0,0,0,0,0
-26.137,-28.8938,0,0,0,0,0,0
-26.127,-28.8838,0,0,0,0,0,0
-26.117,-28.8738,0,0,0,0,0,0
-26.107,-28.8638,0,0,0,0,0,0
-26.097,-28.8538,0,0,0,0,0,0
-26.087,-28.8438,0,0,0,0,0,0
-26.077,-28.8338,0,0,0,0,0,0
-26.067,-28.8238,0,0,0,0,0,0
-26.057,-28.8138,0,0,0,0,0,0
-26.047,-28.8038,0,0,0,0,0,0
-26.037,-28.7938,0,0,0,0,0,0
-26.027,-28.7838,0,0,0,0,0,0
-26.017,-28.7738,0,0,0,0,0,0
-26.007,-28.7638,0,0,0,0,0,0
-25.997,-28.7538,0,0,0,0,0,0
-25.987,-28.7438,0,0,0,0,0,0
-25.977,-28.7338,0,0,0,0,0,0
-25.967,-28.7238,0,0,0,0,0,0
-25.957,-28.7138,0,0,0,0,0,0
-25.947,-28.7038,0,0,0,0,0,0
-25.937,-28.6938,0,0,0,0,0,0
-25.927,-28.6838,0,0,0,0,0,0
-25.917,-28.6738,0,0,0,0,0,0
-25.907,-28.6638,0,0,0,0,0,0
-25.897,-28.6538,0,0,0,0,0,0
-25.887,-28.6438,0,0,0,0,0,0
-25.877,-28.6338,0,0,0,0,0,0
-25.867,-28.6238,0,0,0,0,0,0
-25.857,-28.6138,0,0,0,0,0,0
-25.847,-28.6038,0,0,0,0,0,0
-25.837,-28.5938,0,0,0,0,0,0
-25.827,-28.5838,0,0,0,0,0,0
-25.817,-28.5738,0,0,0,0,0,0
-25.807,-28.5638,0,0,0,0,0,0
-25.797,-28.5538,0,0,0,0,0,0
-25.787,-28.5438,0,0,0,0,0,0
-25.777,-28.5338,0,0,0,0,0,0
-25.767,-28.5238,0,0,0,0,0,0
-25.757,-28.5138,0,0,0,0,0,0
-25.747,-28.5038,0,0,0,0,0,0
-25.737,-28.4938,0,0,0,0,0,0
-25.727,-28.4838,0,0,0,0,0,0
-25.717,-28.4738,0,0,0,0,0,0
-25.707,-28.4638,0,0,0,0,0,0
-25.697,-28.4538,0,0,0,0,0,0
-25.687,-28.4438,0,0,0,0,0,0
-25.677,-28.4338,0,0,0,0,0,0
-25.667,-28.4238,0,0,0,0,0,0
-25.657,-28.4138,0,0,0,0,0,0
-25.647,-28.4038,0,0,0,0,0,0
-25.637,-28.3938,0,0,0,0,0,0
-25.627,-28.3838,0,0,0,0,0,0
-25.617,-28.3738,0,0,0,0,0,0
-25.607,-28.3638,0,0,0,0,0,0
-25.597,-28.3538,0,0,0,0,0,0
-25.587,-28.3438,0,0,0,0,0,0
-25.577,-28.3338,0,0,0,0,0,0
-25.567,-28.3238,0,0,0,0,0,0
-25.557,-28.3138,0,0,0,0,0,0
-25.547,-28.3038,0,0,0,0,0,0
-25.537,-28.2938,0,0,0,0,0,0
-25.527,-28.2838,0,0,0,0,0,0
-25.517,-28.2738,0,0,0,0,0,0
-25.507,-28.2638,0,0,0,0,0,0
-25.497,-28.2538,0,0,0,0,0,0
-25.487,-28.2438,0,0,0,0,0,0
-25.477,-28.2338,0,0,0,0,0,0
-25.467,-28.2238,0,0,0,0,0,0
-25.457,-28.2138,0,0,0,0,0,0
-25.447,-28.2038,0,0,0,0,0,0
-25.437,-28.1938,0,0,0,0,0,0
-25.427,-28.1838,0,0,0,0,0,0
-25.417,-28.1738,0,0,0,0,0,0
-25.407,-28.1638,0,0,0,0,0,0
-25.397,-28.1538,0,0,0,0,0,0
-25.387,-28.1438,0,0,0,0,0,0
-25.377,-28.1338,0,0,0,0,0,0
-25.367,-28.1238,0,0,0,0,0,0
-25.357,-28.1138,0,0,0,0,0,0
-25.347,-28.1038,0,0,0,0,0,0
-25.337,-28.0938,0,0,0,0,0,0
-25.327,-28.0838,0,0,0,0,0,0
-25.317,-28.0738,0,0,0,0,0,0
-25.307,-28.0638,0,0,0,0,0,0
-25.297,-28.0538,0,0,0,0,0,0
-25.287,-28.0438,0,0,0,0,0,0
-25.277,-28.0338,0,0,0,0,0,0
-25.267,-28.0238,0,0,0,0,0,0
-25.257,-28.0138,0,0,0,0,0,0
-25.247,-28.0038,0,0,0,0,0,0
-25.237,-27.9938,0,0,0,0,0,0
-25.227,-27.9838,0,0,0,0,0,0
-25.217,-27.9738,0,0,0,0,0,0
-25.207,-27.9638,0,0,0,0,0,0
-25.197,-27.9538,0,0,0,0,0,0
-25.187,-27.9438,0,0,0,0,0,0
-25.177,-27.9338,0,0,0,0,0,0
-25.167,-27.9238,0,0,0,0,0,0
-25.157,-27.9138,0,0,0,0,0,0
-25.147,-27.9038,0,0,0,0,0,0
-25.137,-27.8938,0,0,0,0,0,0
-25.127,-27.8838,0,0,0,0,0,0
-25.117,-27.8738,0,0,0,0,0,0
-25.107,-27.8638,0,0,0,0,0,0
-25.097,-27.8538,0,0,0,0,0,0
-25.087,-27.8438,0,0,0,0,0,0
-25.077,-27.8338,0,0,0,0,0,0
-25.067,-27.8238,0,0,0,0,0,0
-25.057,-27.8138,0,0,0,0,0,0
-25.047,-27.8038,0,0,0,0,0,0
-25.037,-27.7938,0,0,0,0,0,0
-25.027,-27.7838,0,0,0,0,0,0
-25.017,-27.7738,0,0,0,0,0,0
-25.007,-27.7638,0,0,0,0,0,0
-24.997,-27.7538,0,0,0,0,0,0
-24.987,-27.7438,0,0,0,0,0,0
-24.977,-27.7338,0,0,0,0,0,0
-24.967,-27.7238,0,0,0,0,0,0
-24.957,-27.7138,0,0,0,0,0,0
-24.947,-27.7038,0,0,0,0,0,0
-24.937,-27.6938,0,0,0,0,0,0
-24.927,-27.6838,0,0,0,0,0,0
-24.917,-27.6738,0,0,0,0,0,0
-24.907,-27.6638,0,0,0,0,0,0
-24.897,-27.6538,0,0,0,0,0,0
-24.887,-27.6438,0,0,0,0,0,0
-24.877,-27.6338,0,0,0,0,0,0
-24.867,-27.6238,0,0,0,0,0,0
-24.857,-27.6138,0,0,0,0,0,0
-24.847,-27.6038,0,0,0,0,0,0
-24.837,-27.5938,0,0,0,0,0,0
-24.827,-27.5838,0,0,0,0,0,0
-24.817,-27.5738,0,0,0,0,0,0
-24.807,-27.5638,0,0,0,0,0,0
-24.797,-27.5538,0,0,0,0,0,0
-24.787,-27.5438,0,0,0,0,0,0
-24.777,-27.5338,0,0,0,0,0,0
-24.767,-27.5238,0,0,0,0,0,0
-24.757,-27.5138,0,0,0,0,0,0
-24.747,-27.5038,0,0,0,0,0,0
-24.737,-27.4938,0,0,0,0,0,0
-24.727,-27.4838,0,0,0,0,0,0
-24.717,-27.4738,0,0,0,0,0,0
-24.707,-27.4638,0,0,0,0,0,0
-24.697,-27.4538,0,0,0,0,0,0
-24.687,-27.4438,0,0,0,0,0,0
-24.677,-27.4338,0,0,0,0,0,0
-24.667,-27.4238,0,0,0,0,0,0
-24.657,-27.4138,0,0,0,0,0,0
-24.647,-27.4038,0,0,0,0,0,0
-24.637,-27.3938,0,0,0,0,0,0
-24.627,-27.3838,0,0,0,0,0,0
-24.617,-27.3738,0,0,0,0,0,0
-24.607,-27.3638,0,0,0,0,0,0
-24.597,-27.3538,0,0,0,0,0,0
-24.587,-27.3438,0,0,0,0,0,0
-24.577,-27.3338,0,0,0,0,0,0
-24.567,-27.3238,0,0,0,0,0,0
-24.557,-27.3138,0,0,0,0,0,0
-24.547,-27.3038,0,0,0,0,0,0
-24.537,-27.2938,0,0,0,0,0,0
-24.527,-27.2838,0,0,0,0,0,0
-24.517,-27.2738,0,0,0,0,0,0
-24.507,-27.2638,0,0,0,0,0,0
-24.497,-27.2538,0,0,0,0,0,0
-24.487,-27.2438,0,0,0,0,0,0
-24.477,-27.2338,0,0,0,0,0,0
-24.467,-27.2238,0,0,0,0,0,0
-24.457,-27.2138,0,0,0,0,0,0
-24.447,-27.2038,0,0,0,0,0,0
-24.437,-27.1938,0,0,0,0,0,0
-24.427,-27.1838,0,0,0,0,0,0
-24.417,-27.1738,0,0,0,0,0,0
-24.407,-27.1638,0,0,0,0,0,0
-24.397,-27.1538,0,0,0,0,0,0
-24.387,-27.1438,0,0,0,0,0,0
-24.377,-27.1338,0,0,0,0,0,0
-24.367,-27.1238,0,0,0,0,0,0
-24.357,-27.1138,0,0,0,0,0,0
-24.347,-27.1038,0,0,0,0,0,0
-24.337,-27.0938,0,0,0,0,0,0
-24.327,-27.0838,0,0,0,0,0,0
-24.317,-27.0738,0,0,0,0,0,0
-24.307,-27.0638,0,0,0,0,0,0
-24.297,-27.0538,0,0,0,0,0,0
-24.287,-27.0438,0,0,0,0,0,0
-24.277,-27.0338,0,0,0,0,0,0
-24.267,-27.0238,0,0,0,0,0,0
-24.257,-27.0138,0,0,0,0,0,0
-24.247,-27.0038,0,0,0,0,0,0
-24.237,-26.9938,0,0,0,0,0,0
-24.227,-26.9838,0,0,0,0,0,0
-24.217,-26.9738,0,0,0,0,0,0
-24.207,-26.9638,0,0,0,0,0,0
-24.197,-26.9538,0,0,0,0,0,0
-24.187,-26.9438,0,0,0,0,0,0
-24.177,-26.9338,0,0,0,0,0,0
-24.167,-26.9238,0,0,0,0,0,0
-24.157,-26.9138,0,0,0,0,0,0
-24.147,-26.9038,0,0,0,0,0,0
-24.137,-26.8938,0,0,0,0,0,0
-24.127,-26.8838,0,0,0,0,0,0
-24.117,-26.8738,0,0,0,0,0,0
-24.107,-26.8638,0,0,0,0,0,0
-24.097,-26.8538,0,0,0,0,0,0
-24.087,-26.8438,0,0,0,0,0,0
-24.077,-26.8338,0,0,0,0,0,0
-24.067,-26.8238,0,0,0,0,0,0
-24.057,-26.8138,0,0,0,0,0,0
-24.047,-26.8038,0,0,0,0,0,0
-24.037,-26.7938,0,0,0,0,0,0
-24.027,-26.7838,0,0,0,0,0,0
-24.017,-26.7738,0,0,0,0,0,0
-24.007,-26.7638,0,0,0,0,0,0
-23.997,-26.7538,0,0,0,0,0,0
-23.987,-26.7438,0,0,0,0,0,0
-23.977,-26.7338,0,0,0,0,0,0
-23.967,-26.7238,0,0,0,0,0,0
-23.957,-26.7138,0,0,0,0,0,0
-23.947,-26.7038,0,0,0,0,0,0
-23.937,-26.6938,0,0,0,0,0,0
-23.927,-26.6838,0,0,0,0,0,0
-23.917,-26.6738,0,0,0,0,0,0
-23.907,-26.6638,0,0,0,0,0,0
-23.897,-26.6538,0,0,0,0,0,0
-23.887,-26.6438,0,0,0,0,0,0
-23.877,-26.6338,0,0,0,0,0,0
-23.867,-26.6238,0,0,0,0,0,0
-23.857,-26.6138,0,0,0,0,0,0
-23.847,-26.6038,0,0,0,0,0,0
-23.837,-26.5938,0,0,0,0,0,0
-23.827,-26.5838,0,0,0,0,0,0
-23.817,-26.5738,0,0,0,0,0,0
-23.807,-26.5638,0,0,0,0,0,0
-23.797,-26.5538,0,0,0,0,0,0
-23.787,-26.5438,0,0,0,0,0,0
-23.777,-26.5338,0,0,0,0,0,0
-23.767,-26.5238,0,0,0,0,0,0
-23.757,-26.5138,0,0,0,0,0,0
-23.747,-26.5038,0,0,0,0,0,0
-23.737,-26.4938,0,0,0,0,0,0
-23.727,-26.4838,0,0,0,0,0,0
-23.717,-26.4738,0,0,0,0,0,0
-23.707,-26.4638,0,0,0,0,0,0
-23.697,-26.4538,0,0,0,0,0,0
-23.687,-26.4438,0,0,0,0,0,0
-23.677,-26.4338,0,0,0,0,0,0
-23.667,-26.4238,0,0,0,0,0,0
-23.657,-26.4138,0,0,0,0,0,0
-23.647,-26.4038,0,0,0,0,0,0
-23.637,-26.3938,0,0,0,0,0,0
-23.627,-26.3838,0,0,0,0,0,0
-23.617,-26.3738,0,0,0,0,0,0
-23.607,-26.3638,0,0,0,0,0,0
-23.597,-26.3538,0,0,0,0,0,0
-23.587,-26.3438,0,0,0,0,0,0
-23.577,-26.3338,0,0,0,0,0,0
-23.567,-26.3238,0,0,0,0,0,0
-23.557,-26.3138,0,0,0,0,0,0
-23.547,-26.3038,0,0,0,0,0,0
-23.537,-26.2938,0,0,0,0,0,0
-23.527,-26.2838,0,0,0,0,0,0
-23.517,-26.2738,0,0,0,0,0,0
-23.507,-26.2638,0,0,0,0,0,0
-23.497,-26.2538,0,0,0,0,0,0
-23.487,-26.2438,0,0,0,0,0,0
-23.477,-26.2338,0,0,0,0,0,0
-23.467,-26.2238,0,0,0,0,0,0
-23.457,-26.2138,0,0,0,0,0,0
-23.447,-26.2038,0,0,0,0,0,0
-23.437,-26.1938,0,0,0,0,0,0
-23.427,-26.1838,0,0,0,0,0,0
-23.417,-26.1738,0,0,0,0,0,0
-23.407,-26.1638,0,0,0,0,0,0
-23.397,-26.1538,0,0,0,0,0,0
-23.387,-26.1438,0,0,0,0,0,0
-23.377,-26.1338,0,0,0,0,0,0
-23.367,-26.1238,0,0,0,0,0,0
-23.357,-26.1138,0,0,0,0,0,0
-23.347,-26.1038,0,0,0,0,0,0
-23.337,-26.0938,0,0,0,0,0,0
-23.327,-26.0838,0,0,0,0,0,0
-23.317,-26.0738,0,0,0,0,0,0
-23.307,-26.0638,0,0,0,0,0,0
-23.297,-26.0538,0,0,0,0,0,0
-23.287,-26.0438,0,0,0,0,0,0
-23.277,-26.0338,0,0,0,0,0,0
-23.267,-26.0238,0,0,0,0,0,0
-23.257,-26.0138,0,0,0,0,0,0
-23.247,-26.0038,0,0,0,0,0,0
-23.237,-25.9938,0,0,0,0,0,0
-23.227,-25.9838,0,0,0,0,0,0
-23.217,-25.9738,0,0,0,0,0,0
-23.207,-25.9638,0,0,0,0,0,0
-23.197,-25.9538,0,0,0,0,0,0
-23.187,-25.9438,0,0,0,0,0,0
-23.177,-25.9338,0,0,0,0,0,0
-23.167,-25.9238,0,0,0,0,0,0
-23.157,-25.9138,0,0,0,0,0,0
-23.147,-25.9038,0,0,0,0,0,0
-23.137,-25.8938,0,0,0,0,0,0
-23.127,-25.8838,0,0,0,0,0,0
-23.117,-25.8738,0,0,0,0,0,0
-23.107,-25.8638,0,0,0,0,0,0
-23.097,-25.8538,0,0,0,0,0,0
-23.087,-25.8438,0,0,0,0,0,0
-23.077,-25.8338,0,0,0,0,0,0
-23.067,-25.8238,0,0,0,0,0,0
-23.057,-25.8138,0,0,0,0,0,0
-23.047,-25.8038,0,0,0,0,0,0
-23.037,-25.7938,0,0,0,0,0,0
-23.027,-25.7838,0,0,0,0,0,0
-23.017,-25.7738,0,0,0,0,0,0
-23.007,-25.7638,0,0,0,0,0,0
-22.997,-25.7538,0,0,0,0,0,0
-22.987,-25.7438,0,0,0,0,0,0
-22.977,-25.7338,0,0,0,0,0,0
-22.967,-25.7238,0,0,0,0,0,0
-22.957,-25.7138,0,0,0,0,0,0
-22.947,-25.7038,0,0,0,0,0,0
-22.937,-25.6938,0,0,0,0,0,0
-22.927,-25.6838,0,0,0,0,0,0
-22.917,-25.6738,0,0,0,0,0,0
-22.907,-25.6638,0,0,0,0,0,0
-22.897,-25.6538,0,0,0,0,0,0
-22.887,-25.6438,0,0,0,0,0,0
-22.877,-25.6338,0,0,0,0,0,0
-22.867,-25.6238,0,0,0,0,0,0
-22.857,-25.6138,0,0,0,0,0,0
-22.847,-25.6038,0,0,0,0,0,0
-22.837,-25.5938,0,0,0,0,0,0
-22.827,-25.5838,0,0,0,0,0,0
-22.817,-25.5738,0,0,0,0,0,0
-22.807,-25.5638,0,0,0,0,0,0
-22.797,-25.5538,0,0,0,0,0,0
-22.787,-25.5438,0,0,0,0,0,0
-22.777,-25.5338,0,0,0,0,0,0
-22.767,-25.5238,0,0,0,0,0,0
-22.757,-25.5138,0,0,0,0,0,0
-22.747,-25.5038,0,0,0,0,0,0
-22.737,-25.4938,0,0,0,0,0,0
-22.727,-25.4838,0,0,0,0,0,0
-22.717,-25.4738,0,0,0,0,0,0
-22.707,-25.4638,0,0,0,0,0,0
-22.697,-25.4538,0,0,0,0,0,0
-22.687,-25.4438,0,0,0,0,0,0
-22.677,-25.4338,0,0,0,0,0,0
-22.667,-25.4238,0,0,0,0,0,0
-22.657,-25.4138,0,0,0,0,0,0
-22.647,-25.4038,0,0,0,0,0,0
-22.637,-25.3938,0,0,0,0,0,0
-22.627,-25.3838,0,0,0,0,0,0
-22.617,-25.3738,0,0,0,0,0,0
-22.607,-25.3638,0,0,0,0,0,0
-22.597,-25.3538,0,0,0,0,0,0
-22.587,-25.3438,0,0,0,0,0,0
-22.577,-25.3338,0,0,0,0,0,0
-22.567,-25.3238,0,0,0,0,0,0
-22.557,-25.3138,0,0,0,0,0,0
-22.547,-25.3038,0,0,0,0,0,0
-22.537,-25.2938,0,0,0,0,0,0
-22.527,-25.2838,0,0,0,0,0,0
-22.517,-25.2738,0,0,0,0,0,0
-22.507,-25.2638,0,0,0,0,0,0
-22.497,-25.2538,0,0,0,0,0,0
-22.487,-25.2438,0,0,0,0,0,0
-22.477,-25.2338,0,0,0,0,0,0
-22.467,-25.2238,0,0,0,0,0,0
-22.457,-25.2138,0,0,0,0,0,0
-22.447,-25.2038,0,0,0,0,0,0
-22.437,-25.1938,0,0,0,0,0,0
-22.427,-25.1838,0,0,0,0,0,0
-22.417,-25.1738,0,0,0,0,0,0
-22.407,-25.1638,0,0,0,0,0,0
-22.397,-25.1538,0,0,0,0,0,0
-22.387,-25.1438,0,0,0,0,0,0
-22.377,-25.1338,0,0,0,0,0,0
-22.367,-25.1238,0,0,0,0,0,0
-22.357,-25.1138,0,0,0,0,0,0
-22.347,-25.1038,0,0,0,0,0,0
-22.337,-25.0938,0,0,0,0,0,0
-22.327,-25.0838,0,0,0,0,0,0
-22.317,-25.0738,0,0,0,0,0,0
-22.307,-25.0638,0,0,0,0,0,0
-22.297,-25.0538,0,0,0,0,0,0
-22.287,-25.0438,0,0,0,0,0,0
-22.277,-25.0338,0,0,0,0,0,0
-22.267,-25.0238,0,0,0,0,0,0
-22.257,-25.0138,0,0,0,0,0,0
-22.247,-25.0038,0,0,0,0,0,0
-22.237,-24.9938,0,0,0,0,0,0
-22.227,-24.9838,0,0,0,0,0,0
-22.217,-24.9738,0,0,0,0,0,0
-22.207,-24.9638,0,0,0,0,0,0
-22.197,-24.9538,0,0,0,0,0,0
-22.187,-24.9438,0,0,0,0,0,0
-22.177,-24.9338,0,0,0,0,0,0
-22.167,-24.9238,0,0,0,0,0,0
-22.157,-24.9138,0,0,0,0,0,0
-22.147,-24.9038,0,0,0,0,0,0
-22.137,-24.8938,0,0,0,0,0,0
-22.127,-24.8838,0,0,0,0,0,0
-22.117,-24.8738,0,0,0,0,0,0
-22.107,-24.8638,0,0,0,0,0,0
-22.097,-24.8538,0,0,0,0,0,0
-22.087,-24.8438,0,0,0,0,0,0
-22.077,-24.8338,0,0,0,0,0,0
-22.067,-24.8238,0,0,0,0,0,0
-22.057,-24.8138,0,0,0,0,0,0
-22.047,-24.8038,0,0,0,0,0,0
-22.037,-24.7938,0,0,0,0,0,0
-22.027,-24.7838,0,0,0,0,0,0
-22.017,-24.7738,0,0,0,0,0,0
-22.007,-24.7638,0,0,0,0,0,0
-21.997,-24.7538,0,0,0,0,0,0
-21.987,-24.7438,0,0,0,0,0,0
-21.977,-24.7338,0,0,0,0,0,0
-21.967,-24.7238,0,0,0,0,0,0
-21.957,-24.7138,0,0,0,0,0,0
-21.947,-24.7038,0,0,0,0,0,0
-21.937,-24.6938,0,0,0,0,0,0
-21.927,-24.6838,0,0,0,0,0,0
-21.917,-24.6738,0,0,0,0,0,0
-21.907,-24.6638,0,0,0,0,0,0
-21.897,-24.6538,0,0,0,0,0,0
-21.887,-24.6438,0,0,0,0,0,0
-21.877,-24.6338,0,0,0,0,0,0
-21.867,-24.6238,0,0,0,0,0,0
-21.857,-24.6138,0,0,0,0,0,0
-21.847,-24.6038,0,0,0,0,0,0
-21.837,-24.5938,0,0,0,0,0,0
-21.827,-24.5838,0,0,0,0,0,0
-21.817,-24.5738,0,0,0,0,0,0
-21.807,-24.5638,0,0,0,0,0,0
-21.797,-24.5538,0,0,0,0,0,0
-21.787,-24.5438,0,0,0,0,0,0
-21.777,-24.5338,0,0,0,0,0,0
-21.767,-24.5238,0,0,0,0,0,0
-21.757,-24.5138,0,0,0,0,0,0
-21.747,-24.5038,0,0,0,0,0,0
-21.737,-24.4938,0,0,0,0,0,0
-21.727,-24.4838,0,0,0,0,0,0
-21.717,-24.4738,0,0,0,0,0,0
-21.707,-24.4638,0,0,0,0,0,0
-21.697,-24.4538,0,0,0,0,0,0
-21.687,-24.4438,0,0,0,0,0,0
-21.677,-24.4338,0,0,0,0,0,0
-21.667,-24.4238,0,0,0,0,0,0
-21.657,-24.4138,0,0,0,0,0,0
-21.647,-24.4038,0,0,0,0,0,0
-21.637,-24.3938,0,0,0,0,0,0
-21.627,-24.3838,0,0,0,0,0,0
-21.617,-24.3738,0,0,0,0,0,0
-21.607,-24.3638,0,0,0,0,0,0
-21.597,-24.3538,0,0,0,0,0,0
-21.587,-24.3438,0,0,0,0,0,0
-21.577,-24.3338,0,0,0,0,0,0
-21.567,-24.3238,0,0,0,0,0,0
-21.557,-24.3138,0,0,0,0,0,0
-21.547,-24.3038,0,0,0,0,0,0
-21.537,-24.2938,0,0,0,0,0,0
-21.527,-24.2838,0,0,0,0,0,0
-21.517,-24.2738,0,0,0,0,0,0
-21.507,-24.2638,0,0,0,0,0,0
-21.497,-24.2538,0,0,0,0,0,0
-21.487,-24.2438,0,0,0,0,0,0
-21.477,-24.2338,0,0,0,0,0,0
-21.467,-24.2238,0,0,0,0,0,0
-21.457,-24.2138,0,0,0,0,0,0
-21.447,-24.2038,0,0,0,0,0,0
-21.437,-24.1938,0,0,0,0,0,0
-21.427,-24.1838,0,0,0,0,0,0
-21.417,-24.1738,0,0,0,0,0,0
-21.407,-24.1638,0,0,0,0,0,0
-21.397,-24.1538,0,0,0,0,0,0
-21.387,-24.1438,0,0,0,0,0,0
-21.377,-24.1338,0,0,0,0,0,0
-21.367,-24.1238,0,0,0,0,0,0
-21.357,-24.1138,0,0,0,0,0,0
-21.347,-24.1038,0,0,0,0,0,0
-21.337,-24.0938,0,0,0,0,0,0
-21.327,-24.0838,0,0,0,0,0,0
-21.317,-24.0738,0,0,0,0,0,0
-21.307,-24.0638,0,0,0,0,0,0
-21.297,-24.0538,0,0,0,0,0,0
-21.287,-24.0438,0,0,0,0,0,0
-21.277,-24.0338,0,0,0,0,0,0
-21.267,-24.0238,0,0,0,0,0,0
-21.257,-24.0138,0,0,0,0,0,0
-21.247,-24.0038,0,0,0,0,0,0
-21.237,-23.9938,0,0,0,0,0,0
-21.227,-23.9838,0,0,0,0,0,0
-21.217,-23.9738,0,0,0,0,0,0
-21.207,-23.9638,0,0,0,0,0,0
-21.197,-23.9538,0,0,0,0,0,0
-21.187,-23.9438,0,0,0,0,0,0
-21.177,-23.9338,0,0,0,0,0,0
-21.167,-23.9238,0,0,0,0,0,0
-21.157,-23.9138,0,0,0,0,0,0
-21.147,-23.9038,0,0,0,0,0,0
-21.137,-23.8938,0,0,0,0,0,0
-21.127,-23.8838,0,0,0,0,0,0
-21.117,-23.8738,0,0,0,0,0,0
-21.107,-23.8638,0,0,0,0,0,0
-21.097,-23.8538,0,0,0,0,0,0
-21.087,-23.8438,0,0,0,0,0,0
-21.077,-23.8338,0,0,0,0,0,0
-21.067,-23.8238,0,0,0,0,0,0
-21.057,-23.8138,0,0,0,0,0,0
-21.047,-23.8038,0,0,0,0,0,0
-21.037,-23.7938,0,0,0,0,0,0
-21.027,-23.7838,0,0,0,0,0,0
-21.017,-23.7738,0,0,0,0,0,0
-21.007,-23.7638,0,0,0,0,0,0
-20.997,-23.7538,0,0,0,0,0,0
-20.987,-23.7438,0,0,0,0,0,0
-20.977,-23.7338,0,0,0,0,0,0
-20.967,-23.7238,0,0,0,0,0,0
-20.957,-23.7138,0,0,0,0,0,0
-20.947,-23.7038,0,0,0,0,0,0
-20.937,-23.6938,0,0,0,0,0,0
-20.927,-23.6838,0,0,0,0,0,0
-20.917,-23.6738,0,0,0,0,0,0
-20.907,-23.6638,0,0,0,0,0,0
-20.897,-23.6538,0,0,0,0,0,0
-20.887,-23.6438,0,0,0,0,0,0
-20.877,-23.6338,0,0,0,0,0,0
-20.867,-23.6238,0,0,0,0,0,0
-20.857,-23.6138,0,0,0,0,0,0
-20.847,-23.6038,0,0,0,0,0,0
-20.837,-23.5938,0,0,0,0,0,0
-20.827,-23.5838,0,0,0,0,0,0
-20.817,-23.5738,0,0,0,0,0,0
-20.807,-23.5638,0,0,0,0,0,0
-20.797,-23.5538,0,0,0,0,0,0
-20.787,-23.5438,0,0,0,0,0,0
-20.777,-23.5338,0,0,0,0,0,0
-20.767,-23.5238,0,0,0,0,0,0
-20.757,-23.5138,0,0,0,0,0,0
-20.747,-23.5038,0,0,0,0,0,0
-20.737,-23.4938,0,0,0,0,0,0
-20.727,-23.4838,0,0,0,0,0,0
-20.717,-23.4738,0,0,0,0,0,0
-20.707,-23.4638,0,0,0,0,0,0
-20.697,-23.4538,0,0,0,0,0,0
-20.687,-23.4438,0,0,0,0,0,0
-20.677,-23.4338,0,0,0,0,0,0
-20.667,-23.4238,0,0,0,0,0,0
-20.657,-23.4138,0,0,0,0,0,0
-20.647,-23.4038,0,0,0,0,0,0
-20.637,-23.3938,0,0,0,0,0,0
-20.627,-23.3838,0,0,0,0,0,0
-20.617,-23.3738,0,0,0,0,0,0
-20.607,-23.3638,0,0,0,0,0,0
-20.597,-23.3538,0,0,0,0,0,0
-20.587,-23.3438,0,0,0,0,0,0
-20.577,-23.3338,0,0,0,0,0,0
-20.567,-23.3238,0,0,0,0,0,0
-20.557,-23.3138,0,0,0,0,0,0
-20.547,-23.3038,0,0,0,0,0,0
-20.537,-23.2938,0,0,0,0,0,0
-20.527,-23.2838,0,0,0,0,0,0
-20.517,-23.2738,0,0,0,0,0,0
-20.507,-23.2638,0,0,0,0,0,0
-20.497,-23.2538,0,0,0,0,0,0
-20.487,-23.2438,0,0,0,0,0,0
-20.477,-23.2338,0,0,0,0,0,0
-20.467,-23.2238,0,0,0,0,0,0
-20.457,-23.2138,0,0,0,0,0,0
-20.447,-23.2038,0,0,0,0,0,0
-20.437,-23.1938,0,0,0,0,0,0
-20.427,-23.1838,0,0,0,0,0,0
-20.417,-23.1738,0,0,0,0,0,0
-20.407,-23.1638,0,0,0,0,0,0
-20.397,-23.1538,0,0,0,0,0,0
-20.387,-23.1438,0,0,0,0,0,0
-20.377,-23.1338,0,0,0,0,0,0
-20.367,-23.1238,0,0,0,0,0,0
-20.357,-23.1138,0,0,0,0,0,0
-20.347,-23.1038,0,0,0,0,0,0
-20.337,-23.0938,0,0,0,0,0,0
-20.327,-23.0838,0,0,0,0,0,0
-20.317,-23.0738,0,0,0,0,0,0
-20.307,-23.0638,0,0,0,0,0,0
-20.297,-23.0538,0,0,0,0,0,0
-20.287,-23.0438,0,0,0,0,0,0
-20.277,-23.0338,0,0,0,0,0,0
-20.267,-23.0238,0,0,0,0,0,0
-20.257,-23.0138,0,0,0,0,0,0
-20.247,-23.0038,0,0,0,0,0,0
-20.237,-22.9938,0,0,0,0,0,0
-20.227,-22.9838,0,0,0,0,0,0
-20.217,-22.9738,0,0,0,0,0,0
-20.207,-22.9638,0,0,0,0,0,0
-20.197,-22.9538,0,0,0,0,0,0
-20.187,-22.9438,0,0,0,0,0,0
-20.177,-22.9338,0,0,0,0,0,0
-20.167,-22.9238,0,0,0,0,0,0
-20.157,-22.9138,0,0,0,0,0,0
-20.147,-22.9038,0,0,0,0,0,0
-20.137,-22.8938,0,0,0,0,0,0
-20.127,-22.8838,0,0,0,0,0,0
-20.117,-22.8738,0,0,0,0,0,0
-20.107,-22.8638,0,0,0,0,0,0
-20.097,-22.8538,0,0,0,0,0,0
-20.087,-22.8438,0,0,0,0,0,0
-20.077,-22.8338,0,0,0,0,0,0
-20.067,-22.8238,0,0,0,0,0,0
-20.057,-22.8138,0,0,0,0,0,0
-20.047,-22.8038,0,0,0,0,0,0
-20.037,-22.7938,0,0,0,0,0,0
-20.027,-22.7838,0,0,0,0,0,0
-20.017,-22.7738,0,0,0,0,0,0
-20.007,-22.7638,0,0,0,0,0,0
-19.997,-22.7538,0,0,0,0,0,0
-19.987,-22.7438,0,0,0,0,0,0
-19.977,-22.7338,0,0,0,0,0,0
-19.967,-22.7238,0,0,0,0,0,0
-19.957,-22.7138,0,0,0,0,0,0
-19.947,-22.7038,0,0,0,0,0,0
-19.937,-22.6938,0,0,0,0,0,0
-19.927,-22.6838,0,0,0,0,0,0
-19.917,-22.6738,0,0,0,0,0,0
-19.907,-22.6638,0,0,0,0,0,0
-19.897,-22.6538,0,0,0,0,0,0
-19.887,-22.6438,0,0,0,0,0,0
-19.877,-22.6338,0,0,0,0,0,0
-19.867,-22.6238,0,0,0,0,0,0
-19.857,-22.6138,0,0,0,0,0,0
-19.847,-22.6038,0,0,0,0,0,0
-19.837,-22.5938,0,0,0,0,0,0
-19.827,-22.5838,0,0,0,0,0,0
-19.817,-22.5738,0,0,0,0,0,0
-19.807,-22.5638,0,0,0,0,0,0
-19.797,-22.5538,0,0,0,0,0,0
-19.787,-22.5438,0,0,0,0,0,0
-19.777,-22.5338,0,0,0,0,0,0
-19.767,-22.5238,0,0,0,0,0,0
-19.757,-22.5138,0,0,0,0,0,0
-19.747,-22.5038,0,0,0,0,0,0
-19.737,-22.4938,0,0,0,0,0,0
-19.727,-22.4838,0,0,0,0,0,0
-19.717,-22.4738,0,0,0,0,0,0
-19.707,-22.4638,0,0,0,0,0,0
-19.697,-22.4538,0,0,0,0,0,0
-19.687,-22.4438,0,0,0,0,0,0
-19.677,-22.4338,0,0,0,0,0,0
-19.667,-22.4238,0,0,0,0,0,0
-19.657,-22.4138,0,0,0,0,0,0
-19.647,-22.4038,0,0,0,0,0,0
-19.637,-22.3938,0,0,0,0,0,0
-19.627,-22.3838,0,0,0,0,0,0
-19.617,-22.3738,0,0,0,0,0,0
-19.607,-22.3638,0,0,0,0,0,0
-19.597,-22.3538,0,0,0,0,0,0
-19.587,-22.3438,0,0,0,0,0,0
-19.577,-22.3338,0,0,0,0,0,0
-19.567,-22.3238,0,0,0,0,0,0
-19.557,-22.3138,0,0,0,0,0,0
-19.547,-22.3038,0,0,0,0,0,0
-19.537,-22.2938,0,0,0,0,0,0
-19.527,-22.2838,0,0,0,0,0,0
-19.517,-22.2738,0,0,0,0,0,0
-19.507,-22.2638,0,0,0,0,0,0
-19.497,-22.2538,0,0,0,0,0,0
-19.487,-22.2438,0,0,0,0,0,0
-19.477,-22.2338,0,0,0,0,0,0
-19.467,-22.2238,0,0,0,0,0,0
-19.457,-22.2138,0,0,0,0,0,0
-19.447,-22.2038,0,0,0,0,0,0
-19.437,-22.1938,0,0,0,0,0,0
-19.427,-22.1838,0,0,0,0,0,0
-19.417,-22.1738,0,0,0,0,0,0
-19.407,-22.1638,0,0,0,0,0,0
-19.397,-22.1538,0,0,0,0,0,0
-19.387,-22.1438,0,0,0,0,0,0
-19.377,-22.1338,0,0,0,0,0,0
-19.367,-22.1238,0,0,0,0,0,0
-19.357,-22.1138,0,0,0,0,0,0
-19.347,-22.1038,0,0,0,0,0,0
-19.337,-22.0938,0,0,0,0,0,0
-19.327,-22.0838,0,0,0,0,0,0
-19.317,-22.0738,0,0,0,0,0,0
-19.307,-22.0638,0,0,0,0,0,0
-19.297,-22.0538,0,0,0,0,0,0
-19.287,-22.0438,0,0,0,0,0,0
-19.277,-22.0338,0,0,0,0,0,0
-19.267,-22.0238,0,0,0,0,0,0
-19.257,-22.0138,0,0,0,0,0,0
-19.247,-22.0038,0,0,0,0,0,0
-19.237,-21.9938,0,0,0,0,0,0
-19.227,-21.9838,0,0,0,0,0,0
-19.217,-21.9738,0,0,0,0,0,0
-19.207,-21.9638,0,0,0,0,0,0
-19.197,-21.9538,0,0,0,0,0,0
-19.187,-21.9438,0,0,0,0,0,0
-19.177,-21.9338,0,0,0,0,0,0
-19.167,-21.9238,0,0,0,0,0,0
-19.157,-21.9138,0,0,0,0,0,0
-19.147,-21.9038,0,0,0,0,0,0
-19.137,-21.8938,0,0,0,0,0,0
-19.127,-21.8838,0,0,0,0,0,0
-19.117,-21.8738,0,0,0,0,0,0
-19.107,-21.8638,0,0,0,0,0,0
-19.097,-21.8538,0,0,0,0,0,0
-19.087,-21.8438,0,0,0,0,0,0
-19.077,-21.8338,0,0,0,0,0,0
-19.067,-21.8238,0,0,0,0,0,0
-19.057,-21.8138,0,0,0,0,0,0
-19.047,-21.8038,0,0,0,0,0,0
-19.037,-21.7938,0,0,0,0,0,0
-19.027,-21.7838,0,0,0,0,0,0
-19.017,-21.7738,0,0,0,0,0,0
-19.007,-21.7638,0,0,0,0,0,0
-18.997,-21.7538,0,0,0,0,0,0
-18.987,-21.7438,0,0,0,0,0,0
-18.977,-21.7338,0,0,0,0,0,0
-18.967,-21.7238,0,0,0,0,0,0
-18.957,-21.7138,0,0,0,0,0,0
-18.947,-21.7038,0,0,0,0,0,0
-18.937,-21.6938,0,0,0,0,0,0
-18.927,-21.6838,0,0,0,0,0,0
-18.917,-21.6738,0,0,0,0,0,0
-18.907,-21.6638,0,0,0,0,0,0
-18.897,-21.6538,0,0,0,0,0,0
-18.887,-21.6438,0,0,0,0,0,0
-18.877,-21.6338,0,0,0,0,0,0
-18.867,-21.6238,0,0,0,0,0,0
-18.857,-21.6138,0,0,0,0,0,0
-18.847,-21.6038,0,0,0,0,0,0
-18.837,-21.5938,0,0,0,0,0,0
-18.827,-21.5838,0,0,0,0,0,0
-18.817,-21.5738,0,0,0,0,0,0
-18.807,-21.5638,0,0,0,0,0,0
-18.797,-21.5538,0,0,0,0,0,0
-18.787,-21.5438,0,0,0,0,0,0
-18.777,-21.5338,0,0,0,0,0,0
-18.767,-21.5238,0,0,0,0,0,0
-18.757,-21.5138,0,0,0,0,0,0
-18.747,-21.5038,0,0,0,0,0,0
-18.737,-21.4938,0,0,0,0,0,0
-18.727,-21.4838,0,0,0,0,0,0
-18.717,-21.4738,0,0,0,0,0,0
-18.707,-21.4638,0,0,0,0,0,0
-18.697,-21.4538,0,0,0,0,0,0
-18.687,-21.4438,0,0,0,0,0,0
-18.677,-21.4338,0,0,0,0,0,0
-18.667,-21.4238,0,0,0,0,0,0
-18.657,-21.4138,0,0,0,0,0,0
-18.647,-21.4038,0,0,0,0,0,0
-18.637,-21.3938,0,0,0,0,0,0
-18.627,-21.3838,0,0,0,0,0,0
-18.617,-21.3738,0,0,0,0,0,0
-18.607,-21.3638,0,0,0,0,0,0
-18.597,-21.3538,0,0,0,0,0,0
-18.587,-21.3438,0,0,0,0,0,0
-18.577,-21.3338,0,0,0,0,0,0
-18.567,-21.3238,0,0,0,0,0,0
-18.557,-21.3138,0,0,0,0,0,0
-18.547,-21.3038,0,0,0,0,0,0
-18.537,-21.2938,0,0,0,0,0,0
-18.527,-21.2838,0,0,0,0,0,0
-18.517,-21.2738,0,0,0,0,0,0
-18.507,-21.2638,0,0,0,0,0,0
-18.497,-21.2538,0,0,0,0,0,0
-18.487,-21.2438,0,0,0,0,0,0
-18.477,-21.2338,0,0,0,0,0,0
-18.467,-21.2238,0,0,0,0,0,0
-18.457,-21.2138,0,0,0,0,0,0
-18.447,-21.2038,0,0,0,0,0,0
-18.437,-21.1938,0,0,0,0,0,0
-18.427,-21.1838,0,0,0,0,0,0
-18.417,-21.1738,0,0,0,0,0,0
-18.407,-21.1638,0,0,0,0,0,0
-18.397,-21.1538,0,0,0,0,0,0
-18.387,-21.1438,0,0,0,0,0,0
-18.377,-21.1338,0,0,0,0,0,0
-18.367,-21.1238,0,0,0,0,0,0
-18.357,-21.1138,0,0,0,0,0,0
-18.347,-21.1038,0,0,0,0,0,0
-18.337,-21.0938,0,0,0,0,0,0
-18.327,-21.0838,0,0,0,0,0,0
-18.317,-21.0738,0,0,0,0,0,0
-18.307,-21.0638,0,0,0,0,0,0
-18.297,-21.0538,0,0,0,0,0,0
-18.287,-21.0438,0,0,0,0,0,0
-18.277,-21.0338,0,0,0,0,0,0
-18.267,-21.0238,0,0,0,0,0,0
-18.257,-21.0138,0,0,0,0,0,0
-18.247,-21.0038,0,0,0,0,0,0
-18.237,-20.9938,0,0,0,0,0,0
-18.227,-20.9838,0,0,0,0,0,0
-18.217,-20.9738,0,0,0,0,0,0
-18.207,-20.9638,0,0,0,0,0,0
-18.197,-20.9538,0,0,0,0,0,0
-18.187,-20.9438,0,0,0,0,0,0
-18.177,-20.9338,0,0,0,0,0,0
-18.167,-20.9238,0,0,0,0,0,0
-18.157,-20.9138,0,0,0,0,0,0
-18.147,-20.9038,0,0,0,0,0,0
-18.137,-20.8938,0,0,0,0,0,0
-18.127,-20.8838,0,0,0,0,0,0
-18.117,-20.8738,0,0,0,0,0,0
-18.107,-20.8638,0,0,0,0,0,0
-18.097,-20.8538,0,0,0,0,0,0
-18.087,-20.8438,0,0,0,0,0,0
-18.077,-20.8338,0,0,0,0,0,0
-18.067,-20.8238,0,0,0,0,0,0
-18.057,-20.8138,0,0,0,0,0,0
-18.047,-20.8038,0,0,0,0,0,0
-18.037,-20.7938,0,0,0,0,0,0
-18.027,-20.7838,0,0,0,0,0,0
-18.017,-20.7738,0,0,0,0,0,0
-18.007,-20.7638,0,0,0,0,0,0
-17.997,-20.7538,0,0,0,0,0,0
-17.987,-20.7438,0,0,0,0,0,0
-17.977,-20.7338,0,0,0,0,0,0
-17.967,-20.7238,0,0,0,0,0,0
-17.957,-20.7138,0,0,0,0,0,0
-17.947,-20.7038,0,0,0,0,0,0
-17.937,-20.6938,0,0,0,0,0,0
-17.927,-20.6838,0,0,0,0,0,0
-17.917,-20.6738,0,0,0,0,0,0
-17.907,-20.6638,0,0,0,0,0,0
-17.897,-20.6538,0,0,0,0,0,0
-17.887,-20.6438,0,0,0,0,0,0
-17.877,-20.6338,0,0,0,0,0,0
-17.867,-20.6238,0,0,0,0,0,0
-17.857,-20.6138,0,0,0,0,0,0
-17.847,-20.6038,0,0,0,0,0,0
-17.837,-20.5938,0,0,0,0,0,0
-17.827,-20.5838,0,0,0,0,0,0
-17.817,-20.5738,0,0,0,0,0,0
-17.807,-20.5638,0,0,0,0,0,0
-17.797,-20.5538,0,0,0,0,0,0
-17.787,-20.5438,0,0,0,0,0,0
-17.777,-20.5338,0,0,0,0,0,0
-17.767,-20.5238,0,0,0,0,0,0
-17.757,-20.5138,0,0,0,0,0,0
-17.747,-20.5038,0,0,0,0,0,0
-17.737,-20.4938,0,0,0,0,0,0
-17.727,-20.4838,0,0,0,0,0,0
-17.717,-20.4738,0,0,0,0,0,0
-17.707,-20.4638,0,0,0,0,0,0
-17.697,-20.4538,0,0,0,0,0,0
-17.687,-20.4438,0,0,0,0,0,0
-17.677,-20.4338,0,0,0,0,0,0
-17.667,-20.4238,0,0,0,0,0,0
-17.657,-20.4138,0,0,0,0,0,0
-17.647,-20.4038,0,0,0,0,0,0
-17.637,-20.3938,0,0,0,0,0,0
-17.627,-20.3838,0,0,0,0,0,0
-17.617,-20.3738,0,0,0,0,0,0
-17.607,-20.3638,0,0,0,0,0,0
-17.597,-20.3538,0,0,0,0,0,0
-17.587,-20.3438,0,0,0,0,0,0
-17.577,-20.3338,0,0,0,0,0,0
-17.567,-20.3238,0,0,0,0,0,0
-17.557,-20.3138,0,0,0,0,0,0
-17.547,-20.3038,0,0,0,0,0,0
-17.537,-20.2938,0,0,0,0,0,0
-17.527,-20.2838,0,0,0,0,0,0
-17.517,-20.2738,0,0,0,0,0,0
-17.507,-20.2638,0,0,0,0,0,0
-17.497,-20.2538,0,0,0,0,0,0
-17.487,-20.2438,0,0,0,0,0,0
-17.477,-20.2338,0,0,0,0,0,0
-17.467,-20.2238,0,0,0,0,0,0
-17.457,-20.2138,0,0,0,0,0,0
-17.447,-20.2038,0,0,0,0,0,0
-17.437,-20.1938,0,0,0,0,0,0
-17.427,-20.1838,0,0,0,0,0,0
-17.417,-20.1738,0,0,0,0,0,0
-17.407,-20.1638,0,0,0,0,0,0
-17.397,-20.1538,0,0,0,0,0,0
-17.387,-20.1438,0,0,0,0,0,0
-17.377,-20.1338,0,0,0,0,0,0
-17.367,-20.1238,0,0,0,0,0,0
-17.357,-20.1138,0,0,0,0,0,0
-17.347,-20.1038,0,0,0,0,0,0
-17.337,-20.0938,6.712e-15,4.614e-13,1.704e-13,1.1312e-12,1.852e-16,5.12e-13
-17.327,-20.0838,2.016e-13,2.01188e-12,7.996e-13,5.304e-12,9.76e-16,2.404e-12
-17.317,-20.0738,7.216e-13,6.0256e-12,2.44e-12,1.62e-11,3.1e-15,7.32e-12
-17.307,-20.0638,3.544e-12,1.90356e-11,8.172e-12,5.416e-11,1.1e-14,2.448e-11
-17.297,-20.0538,9.872e-12,5.154e-11,2.22e-11,1.4736e-10,3.004e-14,6.64e-11
-17.287,-20.0438,3.028e-11,1.38828e-10,6.144e-11,4.068e-10,8.4e-14,1.836e-10
-17.277,-20.0338,8.332e-11,3.63208e-10,1.6192e-10,1.0716e-09,2.216e-13,4.84e-10
-17.267,-20.0238,2.224e-10,9.2492e-10,4.156e-10,2.756e-09,5.72e-13,1.244e-09
-17.257,-20.0138,5.768e-10,2.31044e-09,1.044e-09,6.92e-09,1.444e-12,3.12e-09
-17.247,-20.0038,1.468e-09,5.6344e-09,2.576e-09,1.7e-08,3.568e-12,7.68e-09
-17.237,-19.9938,3.648e-09,1.34388e-08,6.2e-09,4.108e-08,8.64e-12,1.852e-08
-17.227,-19.9838,8.884e-09,3.14728e-08,1.464e-08,9.692e-08,2.052e-11,4.36e-08
-17.217,-19.9738,2.12e-08,7.2224e-08,3.384e-08,2.244e-07,4.76e-11,1.012e-07
-17.207,-19.9638,4.952e-08,1.62172e-07,7.672e-08,5.08e-07,1.084e-10,2.288e-07
-17.197,-19.9538,1.1308e-07,3.55872e-07,1.7e-07,1.1276e-06,2.416e-10,5.08e-07
-17.187,-19.9438,2.54e-07,7.6696e-07,3.708e-07,2.448e-06,5.28e-10,1.104e-06
-17.177,-19.9338,5.58e-07,1.6226e-06,7.892e-07,5.22e-06,1.128e-09,2.352e-06
-17.167,-19.9238,1.2004e-06,3.33752e-06,1.652e-06,1.0908e-05,2.364e-09,4.92e-06
-17.157,-19.9138,2.536e-06,6.7552e-06,3.372e-06,2.228e-05,4.84e-09,1.004e-05
-17.147,-19.9038,5.244e-06,1.33412e-05,6.76e-06,4.472e-05,9.76e-09,2.016e-05
-17.137,-19.8938,1.062e-05,2.6062e-05,1.3304e-05,8.796e-05,1.924e-08,3.96e-05
-17.127,-19.8838,2.112e-05,4.9492e-05,2.564e-05,0.00017,3.712e-08,7.64e-05
-17.117,-19.8738,4.108e-05,9.2208e-05,4.844e-05,0.0003204,7.04e-08,0.000144
-17.107,-19.8638,7.836e-05,0.000168372,8.964e-05,0.0005924,1.3e-07,0.0002664
-17.097,-19.8538,0.0001464,0.000301168,0.0001624,0.001076,2.364e-07,0.000484
-17.087,-19.8438,0.0002692,0.00052744,0.00029,0.001916,4.2e-07,0.00086
-17.077,-19.8338,0.000484,0.000907,0.000506,0.003348,7.36e-07,0.001504
-17.067,-19.8238,0.0008532,0.001524,0.0008668,0.005728,1.256e-06,0.002572
-17.057,-19.8138,0.00148,0.00252128,0.001456,0.009628,2.104e-06,0.00432
-17.047,-19.8038,0.002508,0.0040768,0.002404,0.015856,3.46e-06,0.00712
-17.037,-19.7938,0.004176,0.006456,0.00388,0.02568,5.56e-06,0.01152
-17.027,-19.7838,0.006816,0.0100348,0.006156,0.04072,8.8e-06,0.01824
-17.017,-19.7738,0.010928,0.0153092,0.009588,0.06344,1.36e-05,0.0284
-17.007,-19.7638,0.01724,0.0228096,0.014664,0.09692,2.068e-05,0.0436
-16.997,-19.7538,0.0266,0.033476,0.02196,0.14556,3.076e-05,0.0652
-16.987,-19.7438,0.0404,0.04804,0.03248,0.2144,4.48e-05,0.096
-16.977,-19.7338,0.06016,0.067728,0.047,0.3112,6.44e-05,0.1392
-16.967,-19.7238,0.08804,0.093544,0.06696,0.4428,9.04e-05,0.198
-16.957,-19.7138,0.12688,0.126852,0.09364,0.6196,0.0001248,0.2768
-16.947,-19.7038,0.1788,0.168676,0.12888,0.8528,0.0001688,0.3808
-16.937,-19.6938,0.2492,0.220564,0.174,1.154,0.000224,0.516
-16.927,-19.6838,0.34,0.282192,0.2324,1.5376,0.000292,0.684
-16.917,-19.6738,0.4572,0.35472,0.304,2.008,0.000374,0.896
-16.907,-19.6638,0.6036,0.43828,0.3916,2.596,0.000472,1.156
-16.897,-19.6538,0.7852,0.532,0.4972,3.288,0.00058,1.468
-16.887,-19.6438,1.0044,0.63272,0.6208,4.112,0.000704,1.832
-16.877,-19.6338,1.2628,0.74064,0.7648,5.064,0.00084,2.256
-16.867,-19.6238,1.568,0.8518,0.9276,6.148,0.000988,2.74
-16.857,-19.6138,1.916,0.96316,1.11,7.356,0.00114,3.276
-16.847,-19.6038,2.296,1.06976,1.3076,8.672,0.001296,3.86
-16.837,-19.5938,2.708,1.1682,1.5192,10.084,0.001448,4.48
-16.827,-19.5838,3.152,1.2576,1.736,11.556,0.001592,5.16
-16.817,-19.5738,3.612,1.32992,1.964,13.048,0.001724,5.8
-16.807,-19.5638,4.072,1.37836,2.188,14.54,0.00184,6.48
-16.797,-19.5538,4.512,1.41388,2.404,15.968,0.001932,7.12
-16.787,-19.5438,4.928,1.42832,2.6,17.32,0.002,7.68
-16.777,-19.5338,5.304,1.42152,2.772,18.44,0.002044,8.2
-16.767,-19.5238,5.6,1.3896,2.908,19.4,0.002056,8.64
-16.757,-19.5138,5.832,1.3324,3.012,20.08,0.002036,8.92
-16.747,-19.5038,5.964,1.27164,3.076,20.44,0.001988,9.12
-16.737,-19.4938,6.004,1.1862,3.08,20.52,0.001916,9.16
-16.727,-19.4838,5.94,1.09312,3.044,20.28,0.001816,9.04
-16.717,-19.4738,5.772,0.992,2.96,19.72,0.0017,8.8
-16.707,-19.4638,5.528,0.8876,2.832,18.88,0.001564,8.4
-16.697,-19.4538,5.188,0.7828,2.664,17.76,0.00142,7.92
-16.687,-19.4438,4.788,0.67988,2.456,16.4,0.001268,7.32
-16.677,-19.4338,4.348,0.58096,2.232,14.908,0.001112,6.64
-16.667,-19.4238,3.868,0.48948,1.992,13.308,0.000964,5.96
-16.657,-19.4138,3.384,0.4064,1.748,11.676,0.00082,5.24
-16.647,-19.4038,2.9,0.33168,1.5064,10.052,0.000688,4.48
-16.637,-19.3938,2.452,0.26628,1.2736,8.504,0.000564,3.808
-16.627,-19.3838,2.024,0.210676,1.0572,7.064,0.000456,3.16
-16.617,-19.3738,1.64,0.163884,0.8616,5.752,0.0003632,2.576
-16.607,-19.3638,1.308,0.125656,0.6884,4.596,0.0002836,2.06
-16.597,-19.3538,1.0232,0.094236,0.5396,3.608,0.0002176,1.616
-16.587,-19.3438,0.784,0.06964,0.4152,2.776,0.000164,1.244
-16.577,-19.3338,0.5888,0.050576,0.3136,2.092,0.0001216,0.94
-16.567,-19.3238,0.4336,0.036128,0.2316,1.5504,8.8e-05,0.696
-16.557,-19.3138,0.3136,0.025284,0.168,1.1244,6.28e-05,0.504
-16.547,-19.3038,0.2224,0.017434,0.11956,0.7992,4.4e-05,0.3592
-16.537,-19.2938,0.154,0.0117376,0.08336,0.5576,3.016e-05,0.2504
-16.527,-19.2838,0.105,0.0078128,0.05696,0.3808,2.028e-05,0.1712
-16.517,-19.2738,0.07004,0.0050804,0.03812,0.2548,1.34e-05,0.1148
-16.507,-19.2638,0.04584,0.0032472,0.025,0.1672,8.68e-06,0.0752
-16.497,-19.2538,0.02936,0.0020292,0.01604,0.10772,5.52e-06,0.0484
-16.487,-19.2438,0.01844,0.0012438,0.01014,0.06788,3.428e-06,0.03056
-16.477,-19.2338,0.011336,0.00075144,0.006264,0.04192,2.092e-06,0.01888
-16.467,-19.2238,0.006836,0.00044316,0.003784,0.0254,1.252e-06,0.01144
-16.457,-19.2138,0.004036,0.00025656,0.002244,0.015036,7.32e-07,0.00676
-16.447,-19.2038,0.002336,0.000145684,0.0013028,0.008728,4.2e-07,0.003932
-16.437,-19.1938,0.001326,8.082e-05,0.0007416,0.004968,2.372e-07,0.002236
-16.427,-19.1838,0.0007348,4.3988e-05,0.0004128,0.002764,1.308e-07,0.001248
-16.417,-19.1738,0.0003996,2.34712e-05,0.0002252,0.0015092,7.08e-08,0.00068
-16.407,-19.1638,0.0002132,1.22972e-05,0.00012036,0.0008072,3.744e-08,0.000364
-16.397,-19.1538,0.00011108,6.2784e-06,6.3e-05,0.0004224,1.944e-08,0.0001904
-16.387,-19.1438,5.672e-05,3.1492e-06,3.232e-05,0.0002164,9.88e-09,9.76e-05
-16.377,-19.1338,2.844e-05,1.54744e-06,1.62e-05,0.0001088,4.92e-09,4.92e-05
-16.367,-19.1238,1.392e-05,7.434e-07,7.972e-06,5.352e-05,2.4e-09,2.416e-05
-16.357,-19.1138,6.696e-06,3.5e-07,3.836e-06,2.572e-05,1.148e-09,1.164e-05
-16.347,-19.1038,3.144e-06,1.61232e-07,1.808e-06,1.2156e-05,5.36e-10,5.48e-06
-16.337,-19.0938,1.4476e-06,7.2864e-08,8.368e-07,5.62e-06,2.464e-10,2.536e-06
-16.327,-19.0838,6.54e-07,3.2248e-08,3.788e-07,2.54e-06,1.108e-10,1.148e-06
-16.317,-19.0738,2.888e-07,1.39112e-08,1.676e-07,1.126e-06,4.88e-11,5.08e-07
-16.307,-19.0638,1.2508e-07,5.9144e-09,7.268e-08,4.88e-07,2.1e-11,2.208e-07
-16.297,-19.0538,5.288e-08,2.4536e-09,3.088e-08,2.068e-07,8.84e-12,9.36e-08
-16.287,-19.0438,2.196e-08,9.9668e-10,1.2832e-08,8.624e-08,3.66e-12,3.9e-08
-16.277,-19.0338,8.916e-09,3.9624e-10,5.224e-09,3.516e-08,1.48e-12,1.588e-08
-16.267,-19.0238,3.544e-09,1.53088e-10,2.084e-09,1.3996e-08,5.88e-13,6.32e-09
-16.257,-19.0138,1.3768e-09,5.818e-11,8.112e-10,5.456e-09,2.268e-13,2.468e-09
-16.247,-19.0038,5.236e-10,2.1592e-11,3.096e-10,2.084e-09,8.6e-14,9.4e-10
-16.237,-18.9938,1.944e-10,7.8452e-12,1.1528e-10,7.76e-10,3.16e-14,3.512e-10
-16.227,-18.9838,6.992e-11,2.678e-12,4.156e-11,2.804e-10,1.128e-14,1.268e-10
-16.217,-18.9738,2.044e-11,6.1488e-13,1.252e-11,8.444e-11,3.164e-15,3.828e-11
-16.207,-18.9638,5.488e-12,7.3696e-14,3.396e-12,2.304e-11,8.68e-16,1.044e-11
-16.197,-18.9538,1.92e-12,2.5736e-14,1.1904e-12,8.064e-12,3.04e-16,3.66e-12
-16.187,-18.9438,0,0,0,0,0,0
-16.177,-18.9338,0,0,0,0,0,0
-16.167,-18.9238,0,0,0,0,0,0
-16.157,-18.9138,0,0,0,0,0,0
-16.147,-18.9038,0,0,0,0,0,0
-16.137,-18.8938,0,0,0,0,0,0
-16.127,-18.8838,0,0,0,0,0,0
-16.117,-18.8738,0,0,0,0,0,0
-16.107,-18.8638,0,0,0,0,0,0
-16.097,-18.8538,0,0,0,0,0,0
-16.087,-18.8438,0,0,0,0,0,0
-16.077,-18.8338,0,0,0,0,0,0
-16.067,-18.8238,0,0,0,0,0,0
-16.057,-18.8138,0,0,0,0,0,0
-16.047,-18.8038,0,0,0,0,0,0
-16.037,-18.7938,0,0,0,0,0,0
-16.027,-18.7838,0,0,0,0,0,0
-16.017,-18.7738,0,0,0,0,0,0
-16.007,-18.7638,0,0,0,0,0,0
-15.997,-18.7538,0,0,0,0,0,0
-15.987,-18.7438,0,0,0,0,0,0
-15.977,-18.7338,0,0,0,0,0,0
-15.967,-18.7238,0,0,0,0,0,0
-15.957,-18.7138,0,0,0,0,0,0
-15.947,-18.7038,0,0,0,0,0,0
-15.937,-18.6938,0,0,0,0,0,0
-15.927,-18.6838,0,0,0,0,0,0
-15.917,-18.6738,0,0,0,0,0,0
-15.907,-18.6638,0,0,0,0,0,0
-15.897,-18.6538,0,0,0,0,0,0
-15.887,-18.6438,0,0,0,0,0,0
-15.877,-18.6338,0,0,0,0,0,0
-15.867,-18.6238,0,0,0,0,0,0
-15.857,-18.6138,0,0,0,0,0,0
-15.847,-18.6038,0,0,0,0,0,0
-15.837,-18.5938,0,0,0,0,0,0
-15.827,-18.5838,0,0,0,0,0,0
-15.817,-18.5738,0,0,0,0,0,0
-15.807,-18.5638,0,0,0,0,0,0
-15.797,-18.5538,0,0,0,0,0,0
-15.787,-18.5438,0,0,0,0,0,0
-15.777,-18.5338,0,0,0,0,0,0
-15.767,-18.5238,0,0,0,0,0,0
-15.757,-18.5138,0,0,0,0,0,0
-15.747,-18.5038,0,0,0,0,0,0
-15.737,-18.4938,0,0,0,0,0,0
-15.727,-18.4838,0,0,0,0,0,0
-15.717,-18.4738,0,0,0,0,0,0
-15.707,-18.4638,0,0,0,0,0,0
-15.697,-18.4538,0,0,0,0,0,0
-15.687,-18.4438,0,0,0,0,0,0
-15.677,-18.4338,0,0,0,0,0,0
-15.667,-18.4238,0,0,0,0,0,0
-15.657,-18.4138,0,0,0,0,0,0
-15.647,-18.4038,0,0,0,0,0,0
-15.637,-18.3938,0,0,0,0,0,0
-15.627,-18.3838,0,0,0,0,0,0
-15.617,-18.3738,0,0,0,0,0,0
-15.607,-18.3638,0,0,0,0,0,0
-15.597,-18.3538,0,0,0,0,0,0
-15.587,-18.3438,0,0,0,0,0,0
-15.577,-18.3338,0,0,0,0,0,0
-15.567,-18.3238,0,0,0,0,0,0
-15.557,-18.3138,0,0,0,0,0,0
-15.547,-18.3038,0,0,0,0,0,0
-15.537,-18.2938,0,0,0,0,0,0
-15.527,-18.2838,0,0,0,0,0,0
-15.517,-18.2738,0,0,0,0,0,0
-15.507,-18.2638,0,0,0,0,0,0
-15.497,-18.2538,0,0,0,0,0,0
-15.487,-18.2438,0,0,0,0,0,0
-15.477,-18.2338,0,0,0,0,0,0
-15.467,-18.2238,0,0,0,0,0,0
-15.457,-18.2138,0,0,0,0,0,0
-15.447,-18.2038,0,0,0,0,0,0
-15.437,-18.1938,0,0,0,0,0,0
-15.427,-18.1838,0,0,0,0,0,0
-15.417,-18.1738,0,0,0,0,0,0
-15.407,-18.1638,0,0,0,0,0,0
-15.397,-18.1538,0,0,0,0,0,0
-15.387,-18.1438,0,0,0,0,0,0
-15.377,-18.1338,0,0,0,0,0,0
-15.367,-18.1238,0,0,0,0,0,0
-15.357,-18.1138,0,0,0,0,0,0
-15.347,-18.1038,0,0,0,0,0,0
-15.337,-18.0938,0,0,0,0,0,0
-15.327,-18.0838,0,0,0,0,0,0
-15.317,-18.0738,0,0,0,0,0,0
-15.307,-18.0638,0,0,0,0,0,0
-15.297,-18.0538,0,0,0,0,0,0
-15.287,-18.0438,0,0,0,0,0,0
-15.277,-18.0338,0,0,0,0,0,0
-15.267,-18.0238,0,0,0,0,0,0
-15.257,-18.0138,0,0,0,0,0,0
-15.247,-18.0038,0,0,0,0,0,0
-15.237,-17.9938,0,0,0,0,0,0
-15.227,-17.9838,0,0,0,0,0,0
-15.217,-17.9738,0,0,0,0,0,0
-15.207,-17.9638,0,0,0,0,0,0
-15.197,-17.9538,0,0,0,0,0,0
-15.187,-17.9438,0,0,0,0,0,0
-15.177,-17.9338,0,0,0,0,0,0
-15.167,-17.9238,0,0,0,0,0,0
-15.157,-17.9138,0,0,0,0,0,0
-15.147,-17.9038,0,0,0,0,0,0
-15.137,-17.8938,0,0,0,0,0,0
-15.127,-17.8838,0,0,0,0,0,0
-15.117,-17.8738,0,0,0,0,0,0
-15.107,-17.8638,0,0,0,0,0,0
-15.097,-17.8538,0,0,0,0,0,0
-15.087,-17.8438,0,0,0,0,0,0
-15.077,-17.8338,0,0,0,0,0,0
-15.067,-17.8238,0,0,0,0,0,0
-15.057,-17.8138,0,0,0,0,0,0
-15.047,-17.8038,0,0,0,0,0,0
-15.037,-17.7938,0,0,0,0,0,0
-15.027,-17.7838,0,0,0,0,0,0
-15.017,-17.7738,0,0,0,0,0,0
-15.007,-17.7638,0,0,0,0,0,0
-14.997,-17.7538,0,0,0,0,0,0
-14.987,-17.7438,0,0,0,0,0,0
-14.977,-17.7338,0,0,0,0,0,0
-14.967,-17.7238,0,0,0,0,0,0
-14.957,-17.7138,0,0,0,0,0,0
-14.947,-17.7038,0,0,0,0,0,0
-14.937,-17.6938,0,0,0,0,0,0
-14.927,-17.6838,0,0,0,0,0,0
-14.917,-17.6738,0,0,0,0,0,0
-14.907,-17.6638,0,0,0,0,0,0
-14.897,-17.6538,8.42e-13,8.734e-13,3.2032e-13,1.11432e-11,2.3e-12,5.44e-15
-14.887,-17.6438,5.76e-12,5.2356e-12,2.0456e-12,7.08e-11,1.456e-11,2.768e-14
-14.877,-17.6338,1.784e-11,1.5704e-11,6.2488e-12,2.1528e-10,4.44e-11,8.04e-14
-14.867,-17.6238,5.024e-11,4.3864e-11,1.7504e-11,6.06e-10,1.24e-10,2.244e-13
-14.857,-17.6138,1.376e-10,1.19772e-10,4.788e-11,1.656e-09,3.4e-10,6.12e-13
-14.847,-17.6038,3.696e-10,3.1988e-10,1.2832e-10,4.4328e-09,9.12e-10,1.64e-12
-14.837,-17.5938,9.656e-10,8.3336e-10,3.3512e-10,1.1556e-08,2.376e-09,4.28e-12
-14.827,-17.5838,2.464e-09,2.1236e-09,8.524e-10,2.9488e-08,6.04e-09,1.084e-11
-14.817,-17.5738,6.144e-09,5.2712e-09,2.1288e-09,7.364e-08,1.508e-08,2.696e-11
-14.807,-17.5638,1.5e-08,1.28408e-08,5.1928e-09,1.7912e-07,3.68e-08,6.56e-11
-14.797,-17.5538,3.58e-08,3.056e-08,1.238e-08,4.2736e-07,8.76e-08,1.56e-10
-14.787,-17.5438,8.38e-08,7.1212e-08,2.8944e-08,9.976e-07,2.048e-07,3.636e-10
-14.777,-17.5338,1.92e-07,1.6288e-07,6.596e-08,2.2832e-06,4.68e-07,8.28e-10
-14.767,-17.5238,4.3e-07,3.6228e-07,1.4776e-07,5.1e-06,1.048e-06,1.852e-09
-14.757,-17.5138,9.416e-07,7.9152e-07,3.2368e-07,1.1148e-05,2.292e-06,4.04e-09
-14.747,-17.5038,2.02e-06,1.6872e-06,6.932e-07,2.396e-05,4.92e-06,8.64e-09
-14.737,-17.4938,4.252e-06,3.5448e-06,1.4568e-06,5.0248e-05,1.032e-05,1.808e-08
-14.727,-17.4838,8.74e-06,7.2584e-06,2.9944e-06,0.00010328,2.12e-05,3.708e-08
-14.717,-17.4738,1.76e-05,1.4548e-05,6.024e-06,0.00020776,4.28e-05,7.44e-08
-14.707,-17.4638,3.468e-05,2.8488e-05,1.1852e-05,0.00040888,8.4e-05,1.46e-07
-14.697,-17.4538,6.708e-05,5.4816e-05,2.2896e-05,0.0007908,0.0001616,2.812e-07
-14.687,-17.4438,0.0001264,0.000103144,4.3224e-05,0.0014896,0.0003056,5.28e-07
-14.677,-17.4338,0.0002352,0.00019036,8.004e-05,0.0027584,0.000564,9.76e-07
-14.667,-17.4238,0.0004264,0.000343,0.00014492,0.0049936,0.001024,1.768e-06
-14.657,-17.4138,0.0007592,0.00060604,0.00025752,0.00886,0.001816,3.132e-06
-14.647,-17.4038,0.00132,0.0010474,0.00044736,0.015412,0.00316,5.44e-06
-14.637,-17.3938,0.002264,0.0017776,0.0007636,0.02628,0.0054,9.24e-06
-14.627,-17.3838,0.003788,0.0029436,0.0012748,0.043928,0.009,1.54e-05
-14.617,-17.3738,0.006212,0.0047884,0.0020904,0.072,0.01472,2.52e-05
-14.607,-17.3638,0.01,0.0076328,0.0033552,0.11564,0.02364,4.04e-05
-14.597,-17.3538,0.01576,0.0119216,0.005284,0.182,0.03724,6.36e-05
-14.587,-17.3438,0.02444,0.018272,0.00816,0.2812,0.0576,9.8e-05
-14.577,-17.3338,0.03708,0.027344,0.012392,0.42624,0.0872,0.0001488
-14.567,-17.3238,0.05528,0.040292,0.018384,0.6344,0.1296,0.0002208
-14.557,-17.3138,0.08092,0.0581,0.026872,0.9256,0.1892,0.0003224
-14.547,-17.3038,0.1162,0.0822,0.03848,1.3292,0.2708,0.000464
-14.537,-17.2938,0.1644,0.114028,0.05424,1.872,0.3816,0.000652
-14.527,-17.2838,0.2276,0.15508,0.07504,2.592,0.528,0.000904
-14.517,-17.2738,0.3096,0.20716,0.1022,3.5208,0.716,0.001228
-14.507,-17.2638,0.4152,0.27236,0.13624,4.708,0.96,0.001644
-14.497,-17.2538,0.5468,0.35044,0.1792,6.192,1.26,0.002168
-14.487,-17.2438,0.708,0.44432,0.23216,8.02,1.632,0.002808
-14.477,-17.2338,0.9036,0.55236,0.2956,10.2,2.076,0.003584
-14.467,-17.2238,1.134,0.67456,0.37,12.82,2.6,0.00452
-14.457,-17.2138,1.4,0.81072,0.4576,15.856,3.212,0.00556
-14.447,-17.2038,1.708,0.95708,0.5568,19.304,3.908,0.0068
-14.437,-17.1938,2.052,1.11212,0.6676,23.184,4.68,0.00816
-14.427,-17.1838,2.424,1.27108,0.7896,27.44,5.56,0.00964
-14.417,-17.1738,2.828,1.4276,0.9212,32.04,6.48,0.01124
-14.407,-17.1638,3.256,1.5816,1.0608,37,7.44,0.01292
-14.397,-17.1538,3.688,1.7224,1.204,42.04,8.48,0.0146
-14.387,-17.1438,4.132,1.85,1.3536,47.24,9.52,0.01628
-14.377,-17.1338,4.564,1.9584,1.4984,52.44,10.52,0.01788
-14.367,-17.1238,4.984,2.0332,1.6384,57.48,11.52,0.01936
-14.357,-17.1138,5.368,2.0892,1.776,62.2,12.48,0.02064
-14.347,-17.1038,5.716,2.1112,1.896,66.56,13.36,0.02168
-14.337,-17.0938,6.012,2.1048,2.008,70.44,14.12,0.02244
-14.327,-17.0838,6.24,2.0608,2.096,73.64,14.72,0.02288
-14.317,-17.0738,6.404,2.0024,2.168,76.16,15.24,0.02296
-14.307,-17.0638,6.496,1.9048,2.212,77.84,15.56,0.02272
-14.297,-17.0538,6.512,1.798,2.236,78.72,15.72,0.02216
-14.287,-17.0438,6.448,1.666,2.232,78.76,15.72,0.02124
-14.277,-17.0338,6.308,1.5332,2.204,77.84,15.52,0.02012
-14.267,-17.0238,6.108,1.38044,2.156,76.04,15.16,0.01872
-14.257,-17.0138,5.836,1.23416,2.082,73.36,14.64,0.0172
-14.247,-17.0038,5.504,1.08824,1.9876,70.04,13.96,0.0156
-14.237,-16.9938,5.136,0.94616,1.8772,65.96,13.12,0.01392
-14.227,-16.9838,4.724,0.81372,1.744,61.4,12.2,0.01228
-14.217,-16.9738,4.284,0.691,1.6016,56.32,11.2,0.01064
-14.207,-16.9638,3.84,0.5798,1.4508,51,10.16,0.00912
-14.197,-16.9538,3.388,0.48052,1.294,45.52,9.04,0.00772
-14.187,-16.9438,2.948,0.39392,1.1408,40.04,7.96,0.00644
-14.177,-16.9338,2.524,0.31872,0.988,34.668,6.88,0.00532
-14.167,-16.9238,2.132,0.255,0.8428,29.552,5.88,0.00432
-14.157,-16.9138,1.772,0.20208,0.7072,24.732,4.92,0.003456
-14.147,-16.9038,1.448,0.15796,0.5832,20.432,4.08,0.002732
-14.137,-16.8938,1.158,0.121352,0.47248,16.56,3.292,0.002132
-14.127,-16.8838,0.9148,0.092352,0.37664,13.164,2.624,0.001636
-14.117,-16.8738,0.7088,0.069352,0.2948,10.292,2.052,0.00124
-14.107,-16.8638,0.54,0.051248,0.22588,7.904,1.576,0.000924
-14.097,-16.8538,0.4036,0.037372,0.17064,5.9544,1.188,0.000676
-14.087,-16.8438,0.296,0.026852,0.12636,4.408,0.88,0.000488
-14.077,-16.8338,0.2132,0.019,0.09168,3.1956,0.636,0.0003472
-14.067,-16.8238,0.1504,0.013226,0.065264,2.2752,0.456,0.0002424
-14.057,-16.8138,0.10432,0.0090216,0.045632,1.5848,0.3172,0.0001664
-14.047,-16.8038,0.07088,0.0060624,0.031172,1.08756,0.2172,0.000112
-14.037,-16.7938,0.04724,0.0040052,0.020952,0.72968,0.1456,7.4e-05
-14.027,-16.7838,0.03084,0.00259,0.013776,0.47976,0.096,4.8e-05
-14.017,-16.7738,0.0198,0.0016492,0.0088844,0.30904,0.0616,3.06e-05
-14.007,-16.7638,0.012372,0.00103172,0.0056164,0.19516,0.03904,1.912e-05
-13.997,-16.7538,0.007624,0.00063184,0.0034728,0.120588,0.02416,1.172e-05
-13.987,-16.7438,0.0046,0.00037948,0.0021064,0.073348,0.01468,7.04e-06
-13.977,-16.7338,0.002712,0.00022416,0.0012544,0.043632,0.00872,4.16e-06
-13.967,-16.7238,0.001568,0.000129204,0.0007294,0.025392,0.00508,2.396e-06
-13.957,-16.7138,0.0008912,7.3304e-05,0.0004156,0.0145004,0.002896,1.356e-06
-13.947,-16.7038,0.0004956,4.076e-05,0.00023228,0.0080888,0.00162,7.52e-07
-13.937,-16.6938,0.0002696,2.2132e-05,0.00012748,0.0044284,0.000888,4.08e-07
-13.927,-16.6838,0.000144,1.18072e-05,6.8184e-05,0.0023756,0.000476,2.172e-07
-13.917,-16.6738,7.504e-05,6.1628e-06,3.5828e-05,0.0012444,0.0002496,1.132e-07
-13.907,-16.6638,3.84e-05,3.1556e-06,1.842e-05,0.00064088,0.0001284,5.8e-08
-13.897,-16.6538,1.92e-05,1.58152e-06,9.2756e-06,0.00032288,6.48e-05,2.892e-08
-13.887,-16.6438,9.436e-06,7.7592e-07,4.5716e-06,0.000159316,3.188e-05,1.416e-08
-13.877,-16.6338,4.536e-06,3.7288e-07,2.2104e-06,7.6812e-05,1.54e-05,6.8e-09
-13.867,-16.6238,2.132e-06,1.7536e-07,1.04496e-06,3.6336e-05,7.28e-06,3.196e-09
-13.857,-16.6138,9.828e-07,8.0984e-08,4.8376e-07,1.684e-05,3.376e-06,1.468e-09
-13.847,-16.6038,4.436e-07,3.656e-08,2.1952e-07,7.6332e-06,1.532e-06,6.64e-10
-13.837,-16.5938,1.96e-07,1.61376e-08,9.7376e-08,3.3932e-06,6.8e-07,2.92e-10
-13.827,-16.5838,8.484e-08,6.9928e-09,4.2312e-08,1.47104e-06,2.956e-07,1.264e-10
-13.817,-16.5738,3.596e-08,2.9656e-09,1.802e-08,6.2704e-07,1.26e-07,5.32e-11
-13.807,-16.5638,1.492e-08,1.23052e-09,7.502e-09,2.61552e-07,5.24e-08,2.208e-11
-13.797,-16.5538,6.064e-09,4.9916e-10,3.0632e-09,1.0664e-07,2.14e-08,8.96e-12
-13.787,-16.5438,2.412e-09,1.9872e-10,1.22444e-09,4.256e-08,8.56e-09,3.556e-12
-13.777,-16.5338,9.384e-10,7.7272e-11,4.7748e-10,1.6622e-08,3.34e-09,1.384e-12
-13.767,-16.5238,3.568e-10,2.9364e-11,1.828e-10,6.3632e-09,1.276e-09,5.24e-13
-13.757,-16.5138,1.3112e-10,1.08812e-11,6.782e-11,2.35528e-09,4.72e-10,1.932e-13
-13.747,-16.5038,4.552e-11,3.808e-12,2.3872e-11,8.326e-10,1.672e-10,6.8e-14
-13.737,-16.4938,1.528e-11,1.275e-12,8.1412e-12,2.8312e-10,5.72e-11,2.148e-14
-13.727,-16.4838,4.264e-12,3.3668e-13,2.346e-12,8.18392e-11,1.648e-11,5.48e-15
-13.717,-16.4738,8.708e-13,6.8504e-14,5.1456e-13,1.80076e-11,3.636e-12,1.468e-15
-13.707,-16.4638,9.104e-14,5.01064e-15,5.4296e-14,1.89922e-12,3.832e-13,3.788e-17
-13.697,-16.4538,0,0,0,0,0,0
-13.687,-16.4438,0,0,0,0,0,0
-13.677,-16.4338,0,0,0,0,0,0
-13.667,-16.4238,0,0,0,0,0,0
-13.657,-16.4138,0,0,0,0,0,0
-13.647,-16.4038,0,0,0,0,0,0
-13.637,-16.3938,0,0,0,0,0,0
-13.627,-16.3838,0,0,0,0,0,0
-13.617,-16.3738,0,0,0,0,0,0
-13.607,-16.3638,0,0,0,0,0,0
-13.597,-16.3538,0,0,0,0,0,0
-13.587,-16.3438,0,0,0,0,0,0
-13.577,-16.3338,0,0,0,0,0,0
-13.567,-16.3238,0,0,0,0,0,0
-13.557,-16.3138,0,0,0,0,0,0
-13.547,-16.3038,0,0,0,0,0,0
-13.537,-16.2938,0,0,0,0,0,0
-13.527,-16.2838,0,0,0,0,0,0
-13.517,-16.2738,0,0,0,0,0,0
-13.507,-16.2638,0,0,0,0,0,0
-13.497,-16.2538,0,0,0,0,0,0
-13.487,-16.2438,0,0,0,0,0,0
-13.477,-16.2338,0,0,0,0,0,0
-13.467,-16.2238,0,0,0,0,0,0
-13.457,-16.2138,0,0,0,0,0,0
-13.447,-16.2038,0,0,0,0,0,0
-13.437,-16.1938,0,0,0,0,0,0
-13.427,-16.1838,0,0,0,0,0,0
-13.417,-16.1738,0,0,0,0,0,0
-13.407,-16.1638,0,0,0,0,0,0
-13.397,-16.1538,0,0,0,0,0,0
-13.387,-16.1438,0,0,0,0,0,0
-13.377,-16.1338,0,0,0,0,0,0
-13.367,-16.1238,0,0,0,0,0,0
-13.357,-16.1138,0,0,0,0,0,0
-13.347,-16.1038,0,0,0,0,0,0
-13.337,-16.0938,0,0,0,0,0,0
-13.327,-16.0838,0,0,0,0,0,0
-13.317,-16.0738,0,0,0,0,0,0
-13.307,-16.0638,0,0,0,0,0,0
-13.297,-16.0538,0,0,0,0,0,0
-13.287,-16.0438,0,0,0,0,0,0
-13.277,-16.0338,0,0,0,0,0,0
-13.267,-16.0238,0,0,0,0,0,0
-13.257,-16.0138,0,0,0,0,0,0
-13.247,-16.0038,0,0,0,0,0,0
-13.237,-15.9938,0,0,0,0,0,0
-13.227,-15.9838,0,0,0,0,0,0
-13.217,-15.9738,0,0,0,0,0,0
-13.207,-15.9638,0,0,0,0,0,0
-13.197,-15.9538,0,0,0,0,0,0
-13.187,-15.9438,0,0,0,0,0,0
-13.177,-15.9338,0,0,0,0,0,0
-13.167,-15.9238,0,0,0,0,0,0
-13.157,-15.9138,0,0,0,0,0,0
-13.147,-15.9038,0,0,0,0,0,0
-13.137,-15.8938,0,0,0,0,0,0
-13.127,-15.8838,0,0,0,0,0,0
-13.117,-15.8738,0,0,0,0,0,0
-13.107,-15.8638,0,0,0,0,0,0
-13.097,-15.8538,0,0,0,0,0,0
-13.087,-15.8438,0,0,0,0,0,0
-13.077,-15.8338,0,0,0,0,0,0
-13.067,-15.8238,0,0,0,0,0,0
-13.057,-15.8138,0,0,0,0,0,0
-13.047,-15.8038,0,0,0,0,0,0
-13.037,-15.7938,0,0,0,0,0,0
-13.027,-15.7838,0,0,0,0,0,0
-13.017,-15.7738,0,0,0,0,0,0
-13.007,-15.7638,0,0,0,0,0,0
-12.997,-15.7538,0,0,0,0,0,0
-12.987,-15.7438,0,0,0,0,0,0
-12.977,-15.7338,0,0,0,0,0,0
-12.967,-15.7238,0,0,0,0,0,0
-12.957,-15.7138,0,0,0,0,0,0
-12.947,-15.7038,0,0,0,0,0,0
-12.937,-15.6938,0,0,0,0,0,0
-12.927,-15.6838,0,0,0,0,0,0
-12.917,-15.6738,0,0,0,0,0,0
-12.907,-15.6638,0,0,0,0,0,0
-12.897,-15.6538,0,0,0,0,0,0
-12.887,-15.6438,0,0,0,0,0,0
-12.877,-15.6338,0,0,0,0,0,0
-12.867,-15.6238,0,0,0,0,0,0
-12.857,-15.6138,0,0,0,0,0,0
-12.847,-15.6038,0,0,0,0,0,0
-12.837,-15.5938,0,0,0,0,0,0
-12.827,-15.5838,0,0,0,0,0,0
-12.817,-15.5738,0,0,0,0,0,0
-12.807,-15.5638,0,0,0,0,0,0
-12.797,-15.5538,0,0,0,0,0,0
-12.787,-15.5438,0,0,0,0,0,0
-12.777,-15.5338,0,0,0,0,0,0
-12.767,-15.5238,0,0,0,0,0,0
-12.757,-15.5138,0,0,0,0,0,0
-12.747,-15.5038,0,0,0,0,0,0
-12.737,-15.4938,0,0,0,0,0,0
-12.727,-15.4838,0,0,0,0,0,0
-12.717,-15.4738,0,0,0,0,0,0
-12.707,-15.4638,0,0,0,0,0,0
-12.697,-15.4538,0,0,0,0,0,0
-12.687,-15.4438,0,0,0,0,0,0
-12.677,-15.4338,0,0,0,0,0,0
-12.667,-15.4238,0,0,0,0,0,0
-12.657,-15.4138,0,0,0,0,0,0
-12.647,-15.4038,0,0,0,0,0,0
-12.637,-15.3938,0,0,0,0,0,0
-12.627,-15.3838,0,0,0,0,0,0
-12.617,-15.3738,0,0,0,0,0,0
-12.607,-15.3638,0,0,0,0,0,0
-12.597,-15.3538,0,0,0,0,0,0
-12.587,-15.3438,0,0,0,0,0,0
-12.577,-15.3338,0,0,0,0,0,0
-12.567,-15.3238,0,0,0,0,0,0
-12.557,-15.3138,0,0,0,0,0,0
-12.547,-15.3038,0,0,0,0,0,0
-12.537,-15.2938,0,0,0,0,0,0
-12.527,-15.2838,0,0,0,0,0,0
-12.517,-15.2738,0,0,0,0,0,0
-12.507,-15.2638,0,0,0,0,0,0
-12.497,-15.2538,0,0,0,0,0,0
-12.487,-15.2438,0,0,0,0,0,0
-12.477,-15.2338,0,0,0,0,0,0
-12.467,-15.2238,0,0,0,0,0,0
-12.457,-15.2138,0,0,0,0,0,0
-12.447,-15.2038,0,0,0,0,0,0
-12.437,-15.1938,0,0,0,0,0,0
-12.427,-15.1838,0,0,0,0,0,0
-12.417,-15.1738,0,0,0,0,0,0
-12.407,-15.1638,0,0,0,0,0,0
-12.397,-15.1538,0,0,0,0,0,0
-12.387,-15.1438,0,0,0,0,0,0
-12.377,-15.1338,0,0,0,0,0,0
-12.367,-15.1238,0,0,0,0,0,0
-12.357,-15.1138,0,0,0,0,0,0
-12.347,-15.1038,0,0,0,0,0,0
-12.337,-15.0938,0,0,0,0,0,0
-12.327,-15.0838,0,0,0,0,0,0
-12.317,-15.0738,0,0,0,0,0,0
-12.307,-15.0638,0,0,0,0,0,0
-12.297,-15.0538,0,0,0,0,0,0
-12.287,-15.0438,0,0,0,0,0,0
-12.277,-15.0338,0,0,0,0,0,0
-12.267,-15.0238,0,0,0,0,0,0
-12.257,-15.0138,0,0,0,0,0,0
-12.247,-15.0038,0,0,0,0,0,0
-12.237,-14.9938,0,0,0,0,0,0
-12.227,-14.9838,0,0,0,0,0,0
-12.217,-14.9738,0,0,0,0,0,0
-12.207,-14.9638,0,0,0,0,0,0
-12.197,-14.9538,0,0,0,0,0,0
-12.187,-14.9438,0,0,0,0,0,0
-12.177,-14.9338,0,0,0,0,0,0
-12.167,-14.9238,0,0,0,0,0,0
-12.157,-14.9138,0,0,0,0,0,0
-12.147,-14.9038,0,0,0,0,0,0
-12.137,-14.8938,0,0,0,0,0,0
-12.127,-14.8838,0,0,0,0,0,0
-12.117,-14.8738,0,0,0,0,0,0
-12.107,-14.8638,0,0,0,0,0,0
-12.097,-14.8538,0,0,0,0,0,0
-12.087,-14.8438,0,0,0,0,0,0
-12.077,-14.8338,0,0,0,0,0,0
-12.067,-14.8238,0,0,0,0,0,0
-12.057,-14.8138,0,0,0,0,0,0
-12.047,-14.8038,0,0,0,0,0,0
-12.037,-14.7938,0,0,0,0,0,0
-12.027,-14.7838,0,0,0,0,0,0
-12.017,-14.7738,0,0,0,0,0,0
-12.007,-14.7638,0,0,0,0,0,0
-11.997,-14.7538,0,0,0,0,0,0
-11.987,-14.7438,0,0,0,0,0,0
-11.977,-14.7338,0,0,0,0,0,0
-11.967,-14.7238,0,0,0,0,0,0
-11.957,-14.7138,0,0,0,0,0,0
-11.947,-14.7038,0,0,0,0,0,0
-11.937,-14.6938,0,0,0,0,0,0
-11.927,-14.6838,0,0,0,0,0,0
-11.917,-14.6738,0,0,0,0,0,0
-11.907,-14.6638,0,0,0,0,0,0
-11.897,-14.6538,0,0,0,0,0,0
-11.887,-14.6438,0,0,0,0,0,0
-11.877,-14.6338,0,0,0,0,0,0
-11.867,-14.6238,0,0,0,0,0,0
-11.857,-14.6138,0,0,0,0,0,0
-11.847,-14.6038,0,0,0,0,0,0
-11.837,-14.5938,0,0,0,0,0,0
-11.827,-14.5838,0,0,0,0,0,0
-11.817,-14.5738,0,0,0,0,0,0
-11.807,-14.5638,0,0,0,0,0,0
-11.797,-14.5538,0,0,0,0,0,0
-11.787,-14.5438,0,0,0,0,0,0
-11.777,-14.5338,0,0,0,0,0,0
-11.767,-14.5238,0,0,0,0,0,0
-11.757,-14.5138,0,0,0,0,0,0
-11.747,-14.5038,0,0,0,0,0,0
-11.737,-14.4938,0,0,0,0,0,0
-11.727,-14.4838,0,0,0,0,0,0
-11.717,-14.4738,0,0,0,0,0,0
-11.707,-14.4638,0,0,0,0,0,0
-11.697,-14.4538,0,0,0,0,0,0
-11.687,-14.4438,0,0,0,0,0,0
-11.677,-14.4338,0,0,0,0,0,0
-11.667,-14.4238,0,0,0,0,0,0
-11.657,-14.4138,0,0,0,0,0,0
-11.647,-14.4038,0,0,0,0,0,0
-11.637,-14.3938,0,0,0,0,0,0
-11.627,-14.3838,0,0,0,0,0,0
-11.617,-14.3738,0,0,0,0,0,0
-11.607,-14.3638,0,0,0,0,0,0
-11.597,-14.3538,0,0,0,0,0,0
-11.587,-14.3438,0,0,0,0,0,0
-11.577,-14.3338,0,0,0,0,0,0
-11.567,-14.3238,0,0,0,0,0,0
-11.557,-14.3138,0,0,0,0,0,0
-11.547,-14.3038,0,0,0,0,0,0
-11.537,-14.2938,0,0,0,0,0,0
-11.527,-14.2838,0,0,0,0,0,0
-11.517,-14.2738,0,0,0,0,0,0
-11.507,-14.2638,0,0,0,0,0,0
-11.497,-14.2538,0,0,0,0,0,0
-11.487,-14.2438,0,0,0,0,0,0
-11.477,-14.2338,0,0,0,0,0,0
-11.467,-14.2238,0,0,0,0,0,0
-11.457,-14.2138,0,0,0,0,0,0
-11.447,-14.2038,0,0,0,0,0,0
-11.437,-14.1938,0,0,0,0,0,0
-11.427,-14.1838,0,0,0,0,0,0
-11.417,-14.1738,0,0,0,0,0,0
-11.407,-14.1638,0,0,0,0,0,0
-11.397,-14.1538,0,0,0,0,0,0
-11.387,-14.1438,0,0,0,0,0,0
-11.377,-14.1338,0,0,0,0,0,0
-11.367,-14.1238,0,0,0,0,0,0
-11.357,-14.1138,0,0,0,0,0,0
-11.347,-14.1038,0,0,0,0,0,0
-11.337,-14.0938,0,0,0,0,0,0
-11.327,-14.0838,0,0,0,0,0,0
-11.317,-14.0738,0,0,0,0,0,0
-11.307,-14.0638,0,0,0,0,0,0
-11.297,-14.0538,0,0,0,0,0,0
-11.287,-14.0438,0,0,0,0,0,0
-11.277,-14.0338,0,0,0,0,0,0
-11.267,-14.0238,0,0,0,0,0,0
-11.257,-14.0138,0,0,0,0,0,0
-11.247,-14.0038,0,0,0,0,0,0
-11.237,-13.9938,0,0,0,0,0,0
-11.227,-13.9838,0,0,0,0,0,0
-11.217,-13.9738,0,0,0,0,0,0
-11.207,-13.9638,0,0,0,0,0,0
-11.197,-13.9538,0,0,0,0,0,0
-11.187,-13.9438,0,0,0,0,0,0
-11.177,-13.9338,0,0,0,0,0,0
-11.167,-13.9238,0,0,0,0,0,0
-11.157,-13.9138,0,0,0,0,0,0
-11.147,-13.9038,0,0,0,0,0,0
-11.137,-13.8938,0,0,0,0,0,0
-11.127,-13.8838,0,0,0,0,0,0
-11.117,-13.8738,0,0,0,0,0,0
-11.107,-13.8638,0,0,0,0,0,0
-11.097,-13.8538,0,0,0,0,0,0
-11.087,-13.8438,0,0,0,0,0,0
-11.077,-13.8338,0,0,0,0,0,0
-11.067,-13.8238,0,0,0,0,0,0
-11.057,-13.8138,0,0,0,0,0,0
-11.047,-13.8038,0,0,0,0,0,0
-11.037,-13.7938,0,0,0,0,0,0
-11.027,-13.7838,0,0,0,0,0,0
-11.017,-13.7738,0,0,0,0,0,0
-11.007,-13.7638,0,0,0,0,0,0
-10.997,-13.7538,0,0,0,0,0,0
-10.987,-13.7438,0,0,0,0,0,0
-10.977,-13.7338,0,0,0,0,0,0
-10.967,-13.7238,0,0,0,0,0,0
-10.957,-13.7138,0,0,0,0,0,0
-10.947,-13.7038,0,0,0,0,0,0
-10.937,-13.6938,0,0,0,0,0,0
-10.927,-13.6838,0,0,0,0,0,0
-10.917,-13.6738,0,0,0,0,0,0
-10.907,-13.6638,0,0,0,0,0,0
-10.897,-13.6538,0,0,0,0,0,0
-10.887,-13.6438,0,0,0,0,0,0
-10.877,-13.6338,0,0,0,0,0,0
-10.867,-13.6238,0,0,0,0,0,0
-10.857,-13.6138,0,0,0,0,0,0
-10.847,-13.6038,0,0,0,0,0,0
-10.837,-13.5938,0,0,0,0,0,0
-10.827,-13.5838,0,0,0,0,0,0
-10.817,-13.5738,0,0,0,0,0,0
-10.807,-13.5638,0,0,0,0,0,0
-10.797,-13.5538,0,0,0,0,0,0
-10.787,-13.5438,0,0,0,0,0,0
-10.777,-13.5338,0,0,0,0,0,0
-10.767,-13.5238,0,0,0,0,0,0
-10.757,-13.5138,0,0,0,0,0,0
-10.747,-13.5038,0,0,0,0,0,0
-10.737,-13.4938,0,0,0,0,0,0
-10.727,-13.4838,0,0,0,0,0,0
-10.717,-13.4738,0,0,0,0,0,0
-10.707,-13.4638,0,0,0,0,0,0
-10.697,-13.4538,0,0,0,0,0,0
-10.687,-13.4438,0,0,0,0,0,0
-10.677,-13.4338,0,0,0,0,0,0
-10.667,-13.4238,0,0,0,0,0,0
-10.657,-13.4138,0,0,0,0,0,0
-10.647,-13.4038,0,0,0,0,0,0
-10.637,-13.3938,0,0,0,0,0,0
-10.627,-13.3838,0,0,0,0,0,0
-10.617,-13.3738,0,0,0,0,0,0
-10.607,-13.3638,0,0,0,0,0,0
-10.597,-13.3538,0,0,0,0,0,0
-10.587,-13.3438,0,0,0,0,0,0
-10.577,-13.3338,0,0,0,0,0,0
-10.567,-13.3238,0,0,0,0,0,0
-10.557,-13.3138,0,0,0,0,0,0
-10.547,-13.3038,0,0,0,0,0,0
-10.537,-13.2938,0,0,0,0,0,0
-10.527,-13.2838,0,0,0,0,0,0
-10.517,-13.2738,0,0,0,0,0,0
-10.507,-13.2638,0,0,0,0,0,0
-10.497,-13.2538,0,0,0,0,0,0
-10.487,-13.2438,0,0,0,0,0,0
-10.477,-13.2338,0,0,0,0,0,0
-10.467,-13.2238,0,0,0,0,0,0
-10.457,-13.2138,0,0,0,0,0,0
-10.447,-13.2038,0,0,0,0,0,0
-10.437,-13.1938,0,0,0,0,0,0
-10.427,-13.1838,0,0,0,0,0,0
-10.417,-13.1738,0,0,0,0,0,0
-10.407,-13.1638,0,0,0,0,0,0
-10.397,-13.1538,0,0,0,0,0,0
-10.387,-13.1438,0,0,0,0,0,0
-10.377,-13.1338,0,0,0,0,0,0
-10.367,-13.1238,0,0,0,0,0,0
-10.357,-13.1138,0,0,0,0,0,0
-10.347,-13.1038,0,0,0,0,0,0
-10.337,-13.0938,0,0,0,0,0,0
-10.327,-13.0838,0,0,0,0,0,0
-10.317,-13.0738,0,0,0,0,0,0
-10.307,-13.0638,0,0,0,0,0,0
-10.297,-13.0538,0,0,0,0,0,0
-10.287,-13.0438,0,0,0,0,0,0
-10.277,-13.0338,0,0,0,0,0,0
-10.267,-13.0238,0,0,0,0,0,0
-10.257,-13.0138,0,0,0,0,0,0
-10.247,-13.0038,0,0,0,0,0,0
-10.237,-12.9938,0,0,0,0,0,0
-10.227,-12.9838,0,0,0,0,0,0
-10.217,-12.9738,0,0,0,0,0,0
-10.207,-12.9638,0,0,0,0,0,0
-10.197,-12.9538,0,0,0,0,0,0
-10.187,-12.9438,0,0,0,0,0,0
-10.177,-12.9338,0,0,0,0,0,0
-10.167,-12.9238,0,0,0,0,0,0
-10.157,-12.9138,0,0,0,0,0,0
-10.147,-12.9038,0,0,0,0,0,0
-10.137,-12.8938,0,0,0,0,0,0
-10.127,-12.8838,0,0,0,0,0,0
-10.117,-12.8738,0,0,0,0,0,0
-10.107,-12.8638,0,0,0,0,0,0
-10.097,-12.8538,0,0,0,0,0,0
-10.087,-12.8438,0,0,0,0,0,0
-10.077,-12.8338,0,0,0,0,0,0
-10.067,-12.8238,0,0,0,0,0,0
-10.057,-12.8138,0,0,0,0,0,0
-10.047,-12.8038,0,0,0,0,0,0
-10.037,-12.7938,0,0,0,0,0,0
-10.027,-12.7838,0,0,0,0,0,0
-10.017,-12.7738,0,0,0,0,0,0
-10.007,-12.7638,0,0,0,0,0,0
-9.997,-12.7538,0,0,0,0,0,0
-9.987,-12.7438,0,0,0,0,0,0
-9.977,-12.7338,0,0,0,0,0,0
-9.967,-12.7238,0,0,0,0,0,0
-9.957,-12.7138,0,0,0,0,0,0
-9.947,-12.7038,0,0,0,0,0,0
-9.937,-12.6938,0,0,0,0,0,0
-9.927,-12.6838,0,0,0,0,0,0
-9.917,-12.6738,0,0,0,0,0,0
-9.907,-12.6638,0,0,0,0,0,0
-9.897,-12.6538,0,0,0,0,0,0
-9.887,-12.6438,0,0,0,0,0,0
-9.877,-12.6338,0,0,0,0,0,0
-9.867,-12.6238,0,0,0,0,0,0
-9.857,-12.6138,0,0,0,0,0,0
-9.847,-12.6038,0,0,0,0,0,0
-9.837,-12.5938,0,0,0,0,0,0
-9.827,-12.5838,0,0,0,0,0,0
-9.817,-12.5738,0,0,0,0,0,0
-9.807,-12.5638,0,0,0,0,0,0
-9.797,-12.5538,0,0,0,0,0,0
-9.787,-12.5438,0,0,0,0,0,0
-9.777,-12.5338,0,0,0,0,0,0
-9.767,-12.5238,0,0,0,0,0,0
-9.757,-12.5138,0,0,0,0,0,0
-9.747,-12.5038,0,0,0,0,0,0
-9.737,-12.4938,0,0,0,0,0,0
-9.727,-12.4838,0,0,0,0,0,0
-9.717,-12.4738,0,0,0,0,0,0
-9.707,-12.4638,0,0,0,0,0,0
-9.697,-12.4538,0,0,0,0,0,0
-9.687,-12.4438,0,0,0,0,0,0
-9.677,-12.4338,0,0,0,0,0,0
-9.667,-12.4238,0,0,0,0,0,0
-9.657,-12.4138,0,0,0,0,0,0
-9.647,-12.4038,0,0,0,0,0,0
-9.637,-12.3938,0,0,0,0,0,0
-9.627,-12.3838,0,0,0,0,0,0
-9.617,-12.3738,0,0,0,0,0,0
-9.607,-12.3638,0,0,0,0,0,0
-9.597,-12.3538,0,0,0,0,0,0
-9.587,-12.3438,0,0,0,0,0,0
-9.577,-12.3338,0,0,0,0,0,0
-9.567,-12.3238,0,0,0,0,0,0
-9.557,-12.3138,0,0,0,0,0,0
-9.547,-12.3038,0,0,0,0,0,0
-9.537,-12.2938,0,0,0,0,0,0
-9.527,-12.2838,0,0,0,0,0,0
-9.517,-12.2738,0,0,0,0,0,0
-9.507,-12.2638,0,0,0,0,0,0
-9.497,-12.2538,0,0,0,0,0,0
-9.487,-12.2438,0,0,0,0,0,0
-9.477,-12.2338,0,0,0,0,0,0
-9.467,-12.2238,0,0,0,0,0,0
-9.457,-12.2138,0,0,0,0,0,0
-9.447,-12.2038,0,0,0,0,0,0
-9.437,-12.1938,0,0,0,0,0,0
-9.427,-12.1838,0,0,0,0,0,0
-9.417,-12.1738,0,0,0,0,0,0
-9.407,-12.1638,0,0,0,0,0,0
-9.397,-12.1538,0,0,0,0,0,0
-9.387,-12.1438,0,0,0,0,0,0
-9.377,-12.1338,0,0,0,0,0,0
-9.367,-12.1238,0,0,0,0,0,0
-9.357,-12.1138,0,0,0,0,0,0
-9.347,-12.1038,0,0,0,0,0,0
-9.337,-12.0938,0,0,0,0,0,0
-9.327,-12.0838,0,0,0,0,0,0
-9.317,-12.0738,0,0,0,0,0,0
-9.307,-12.0638,0,0,0,0,0,0
-9.297,-12.0538,0,0,0,0,0,0
-9.287,-12.0438,0,0,0,0,0,0
-9.277,-12.0338,0,0,0,0,0,0
-9.267,-12.0238,0,0,0,0,0,0
-9.257,-12.0138,0,0,0,0,0,0
-9.247,-12.0038,0,0,0,0,0,0
-9.237,-11.9938,0,0,0,0,0,0
-9.227,-11.9838,0,0,0,0,0,0
-9.217,-11.9738,0,0,0,0,0,0
-9.207,-11.9638,0,0,0,0,0,0
-9.197,-11.9538,0,0,0,0,0,0
-9.187,-11.9438,0,0,0,0,0,0
-9.177,-11.9338,0,0,0,0,0,0
-9.167,-11.9238,0,0,0,0,0,0
-9.157,-11.9138,0,0,0,0,0,0
-9.147,-11.9038,0,0,0,0,0,0
-9.137,-11.8938,0,0,0,0,0,0
-9.127,-11.8838,0,0,0,0,0,0
-9.117,-11.8738,0,0,0,0,0,0
-9.107,-11.8638,0,0,0,0,0,0
-9.097,-11.8538,0,0,0,0,0,0
-9.087,-11.8438,0,0,0,0,0,0
-9.077,-11.8338,0,0,0,0,0,0
-9.067,-11.8238,0,0,0,0,0,0
-9.057,-11.8138,0,0,0,0,0,0
-9.047,-11.8038,0,0,0,0,0,0
-9.037,-11.7938,0,0,0,0,0,0
-9.027,-11.7838,0,0,0,0,0,0
-9.017,-11.7738,0,0,0,0,0,0
-9.007,-11.7638,0,0,0,0,0,0
-8.997,-11.7538,0,0,0,0,0,0
-8.987,-11.7438,0,0,0,0,0,0
-8.977,-11.7338,0,0,0,0,0,0
-8.967,-11.7238,0,0,0,0,0,0
-8.957,-11.7138,0,0,0,0,0,0
-8.947,-11.7038,0,0,0,0,0,0
-8.937,-11.6938,0,0,0,0,0,0
-8.927,-11.6838,0,0,0,0,0,0
-8.917,-11.6738,0,0,0,0,0,0
-8.907,-11.6638,0,0,0,0,0,0
-8.897,-11.6538,0,0,0,0,0,0
-8.887,-11.6438,0,0,0,0,0,0
-8.877,-11.6338,0,0,0,0,0,0
-8.867,-11.6238,0,0,0,0,0,0
-8.857,-11.6138,0,0,0,0,0,0
-8.847,-11.6038,0,0,0,0,0,0
-8.837,-11.5938,0,0,0,0,0,0
-8.827,-11.5838,0,0,0,0,0,0
-8.817,-11.5738,0,0,0,0,0,0
-8.807,-11.5638,0,0,0,0,0,0
-8.797,-11.5538,0,0,0,0,0,0
-8.787,-11.5438,0,0,0,0,0,0
-8.777,-11.5338,0,0,0,0,0,0
-8.767,-11.5238,0,0,0,0,0,0
-8.757,-11.5138,0,0,0,0,0,0
-8.747,-11.5038,0,0,0,0,0,0
-8.737,-11.4938,0,0,0,0,0,0
-8.727,-11.4838,0,0,0,0,0,0
-8.717,-11.4738,0,0,0,0,0,0
-8.707,-11.4638,0,0,0,0,0,0
-8.697,-11.4538,0,0,0,0,0,0
-8.687,-11.4438,0,0,0,0,0,0
-8.677,-11.4338,0,0,0,0,0,0
-8.667,-11.4238,0,0,0,0,0,0
-8.657,-11.4138,0,0,0,0,0,0
-8.647,-11.4038,0,0,0,0,0,0
-8.637,-11.3938,0,0,0,0,0,0
-8.627,-11.3838,0,0,0,0,0,0
-8.617,-11.3738,0,0,0,0,0,0
-8.607,-11.3638,0,0,0,0,0,0
-8.597,-11.3538,0,0,0,0,0,0
-8.587,-11.3438,0,0,0,0,0,0
-8.577,-11.3338,0,0,0,0,0,0
-8.567,-11.3238,0,0,0,0,0,0
-8.557,-11.3138,0,0,0,0,0,0
-8.547,-11.3038,0,0,0,0,0,0
-8.537,-11.2938,0,0,0,0,0,0
-8.527,-11.2838,0,0,0,0,0,0
-8.517,-11.2738,0,0,0,0,0,0
-8.507,-11.2638,0,0,0,0,0,0
-8.497,-11.2538,0,0,0,0,0,0
-8.487,-11.2438,0,0,0,0,0,0
-8.477,-11.2338,0,0,0,0,0,0
-8.467,-11.2238,0,0,0,0,0,0
-8.457,-11.2138,0,0,0,0,0,0
-8.447,-11.2038,0,0,0,0,0,0
-8.437,-11.1938,0,0,0,0,0,0
-8.427,-11.1838,0,0,0,0,0,0
-8.417,-11.1738,0,0,0,0,0,0
-8.407,-11.1638,0,0,0,0,0,0
-8.397,-11.1538,0,0,0,0,0,0
-8.387,-11.1438,0,0,0,0,0,0
-8.377,-11.1338,0,0,0,0,0,0
-8.367,-11.1238,0,0,0,0,0,0
-8.357,-11.1138,0,0,0,0,0,0
-8.347,-11.1038,0,0,0,0,0,0
-8.337,-11.0938,0,0,0,0,0,0
-8.327,-11.0838,0,0,0,0,0,0
-8.317,-11.0738,0,0,0,0,0,0
-8.307,-11.0638,0,0,0,0,0,0
-8.297,-11.0538,0,0,0,0,0,0
-8.287,-11.0438,0,0,0,0,0,0
-8.277,-11.0338,0,0,0,0,0,0
-8.267,-11.0238,0,0,0,0,0,0
-8.257,-11.0138,0,0,0,0,0,0
-8.247,-11.0038,0,0,0,0,0,0
-8.237,-10.9938,0,0,0,0,0,0
-8.227,-10.9838,0,0,0,0,0,0
-8.217,-10.9738,0,0,0,0,0,0
-8.207,-10.9638,0,0,0,0,0,0
-8.197,-10.9538,0,0,0,0,0,0
-8.187,-10.9438,0,0,0,0,0,0
-8.177,-10.9338,0,0,0,0,0,0
-8.167,-10.9238,0,0,0,0,0,0
-8.157,-10.9138,0,0,0,0,0,0
-8.147,-10.9038,0,0,0,0,0,0
-8.137,-10.8938,0,0,0,0,0,0
-8.127,-10.8838,0,0,0,0,0,0
-8.117,-10.8738,0,0,0,0,0,0
-8.107,-10.8638,0,0,0,0,0,0
-8.097,-10.8538,0,0,0,0,0,0
-8.087,-10.8438,0,0,0,0,0,0
-8.077,-10.8338,0,0,0,0,0,0
-8.067,-10.8238,0,0,0,0,0,0
-8.057,-10.8138,0,0,0,0,0,0
-8.047,-10.8038,0,0,0,0,0,0
-8.037,-10.7938,0,0,0,0,0,0
-8.027,-10.7838,0,0,0,0,0,0
-8.017,-10.7738,0,0,0,0,0,0
-8.007,-10.7638,0,0,0,0,0,0
-7.997,-10.7538,0,0,0,0,0,0
-7.987,-10.7438,0,0,0,0,0,0
-7.977,-10.7338,0,0,0,0,0,0
-7.967,-10.7238,0,0,0,0,0,0
-7.957,-10.7138,0,0,0,0,0,0
-7.947,-10.7038,0,0,0,0,0,0
-7.937,-10.6938,0,0,0,0,0,0
-7.927,-10.6838,0,0,0,0,0,0
-7.917,-10.6738,0,0,0,0,0,0
-7.907,-10.6638,0,0,0,0,0,0
-7.897,-10.6538,0,0,0,0,0,0
-7.887,-10.6438,0,0,0,0,0,0
-7.877,-10.6338,0,0,0,0,0,0
-7.867,-10.6238,0,0,0,0,0,0
-7.857,-10.6138,0,0,0,0,0,0
-7.847,-10.6038,0,0,0,0,0,0
-7.837,-10.5938,0,0,0,0,0,0
-7.827,-10.5838,0,0,0,0,0,0
-7.817,-10.5738,0,0,0,0,0,0
-7.807,-10.5638,0,0,0,0,0,0
-7.797,-10.5538,0,0,0,0,0,0
-7.787,-10.5438,0,0,0,0,0,0
-7.777,-10.5338,0,0,0,0,0,0
-7.767,-10.5238,0,0,0,0,0,0
-7.757,-10.5138,0,0,0,0,0,0
-7.747,-10.5038,0,0,0,0,0,0
-7.737,-10.4938,0,0,0,0,0,0
-7.727,-10.4838,0,0,0,0,0,0
-7.717,-10.4738,0,0,0,0,0,0
-7.707,-10.4638,0,0,0,0,0,0
-7.697,-10.4538,0,0,0,0,0,0
-7.687,-10.4438,0,0,0,0,0,0
-7.677,-10.4338,0,0,0,0,0,0
-7.667,-10.4238,0,0,0,0,0,0
-7.657,-10.4138,0,0,0,0,0,0
-7.647,-10.4038,0,0,0,0,0,0
-7.637,-10.3938,0,0,0,0,0,0
-7.627,-10.3838,0,0,0,0,0,0
-7.617,-10.3738,0,0,0,0,0,0
-7.607,-10.3638,0,0,0,0,0,0
-7.597,-10.3538,0,0,0,0,0,0
-7.587,-10.3438,0,0,0,0,0,0
-7.577,-10.3338,0,0,0,0,0,0
-7.567,-10.3238,0,0,0,0,0,0
-7.557,-10.3138,0,0,0,0,0,0
-7.547,-10.3038,0,0,0,0,0,0
-7.537,-10.2938,0,0,0,0,0,0
-7.527,-10.2838,0,0,0,0,0,0
-7.517,-10.2738,0,0,0,0,0,0
-7.507,-10.2638,0,0,0,0,0,0
-7.497,-10.2538,0,0,0,0,0,0
-7.487,-10.2438,0,0,0,0,0,0
-7.477,-10.2338,0,0,0,0,0,0
-7.467,-10.2238,0,0,0,0,0,0
-7.457,-10.2138,0,0,0,0,0,0
-7.447,-10.2038,0,0,0,0,0,0
-7.437,-10.1938,0,0,0,0,0,0
-7.427,-10.1838,0,0,0,0,0,0
-7.417,-10.1738,0,0,0,0,0,0
-7.407,-10.1638,0,0,0,0,0,0
-7.397,-10.1538,0,0,0,0,0,0
-7.387,-10.1438,0,0,0,0,0,0
-7.377,-10.1338,0,0,0,0,0,0
-7.367,-10.1238,0,0,0,0,0,0
-7.357,-10.1138,0,0,0,0,0,0
-7.347,-10.1038,0,0,0,0,0,0
-7.337,-10.0938,0,0,0,0,0,0
-7.327,-10.0838,0,0,0,0,0,0
-7.317,-10.0738,0,0,0,0,0,0
-7.307,-10.0638,0,0,0,0,0,0
-7.297,-10.0538,0,0,0,0,0,0
-7.287,-10.0438,0,0,0,0,0,0
-7.277,-10.0338,0,0,0,0,0,0
-7.267,-10.0238,0,0,0,0,0,0
-7.257,-10.0138,0,0,0,0,0,0
-7.247,-10.0038,0,0,0,0,0,0
-7.237,-9.9938,0,0,0,0,0,0
-7.227,-9.9838,0,0,0,0,0,0
-7.217,-9.9738,0,0,0,0,0,0
-7.207,-9.9638,0,0,0,0,0,0
-7.197,-9.9538,0,0,0,0,0,0
-7.187,-9.9438,0,0,0,0,0,0
-7.177,-9.9338,0,0,0,0,0,0
-7.167,-9.9238,0,0,0,0,0,0
-7.157,-9.9138,0,0,0,0,0,0
-7.147,-9.9038,0,0,0,0,0,0
-7.137,-9.8938,0,0,0,0,0,0
-7.127,-9.8838,0,0,0,0,0,0
-7.117,-9.8738,0,0,0,0,0,0
-7.107,-9.8638,0,0,0,0,0,0
-7.097,-9.8538,0,0,0,0,0,0
-7.087,-9.8438,0,0,0,0,0,0
-7.077,-9.8338,0,0,0,0,0,0
-7.067,-9.8238,0,0,0,0,0,0
-7.057,-9.8138,0,0,0,0,0,0
-7.047,-9.8038,0,0,0,0,0,0
-7.037,-9.7938,0,0,0,0,0,0
-7.027,-9.7838,0,0,0,0,0,0
-7.017,-9.7738,0,0,0,0,0,0
-7.007,-9.7638,0,0,0,0,0,0
-6.997,-9.7538,0,0,0,0,0,0
-6.987,-9.7438,0,0,0,0,0,0
-6.977,-9.7338,0,0,0,0,0,0
-6.967,-9.7238,0,0,0,0,0,0
-6.957,-9.7138,0,0,0,0,0,0
-6.947,-9.7038,0,0,0,0,0,0
-6.937,-9.6938,0,0,0,0,0,0
-6.927,-9.6838,0,0,0,0,0,0
-6.917,-9.6738,0,0,0,0,0,0
-6.907,-9.6638,0,0,0,0,0,0
-6.897,-9.6538,0,0,0,0,0,0
-6.887,-9.6438,0,0,0,0,0,0
-6.877,-9.6338,0,0,0,0,0,0
-6.867,-9.6238,0,0,0,0,0,0
-6.857,-9.6138,0,0,0,0,0,0
-6.847,-9.6038,0,0,0,0,0,0
-6.837,-9.5938,0,0,0,0,0,0
-6.827,-9.5838,0,0,0,0,0,0
-6.817,-9.5738,0,0,0,0,0,0
-6.807,-9.5638,0,0,0,0,0,0
-6.797,-9.5538,0,0,0,0,0,0
-6.787,-9.5438,0,0,0,0,0,0
-6.777,-9.5338,0,0,0,0,0,0
-6.767,-9.5238,0,0,0,0,0,0
-6.757,-9.5138,0,0,0,0,0,0
-6.747,-9.5038,0,0,0,0,0,0
-6.737,-9.4938,0,0,0,0,0,0
-6.727,-9.4838,0,0,0,0,0,0
-6.717,-9.4738,0,0,0,0,0,0
-6.707,-9.4638,0,0,0,0,0,0
-6.697,-9.4538,0,0,0,0,0,0
-6.687,-9.4438,0,0,0,0,0,0
-6.677,-9.4338,0,0,0,0,0,0
-6.667,-9.4238,0,0,0,0,0,0
-6.657,-9.4138,0,0,0,0,0,0
-6.647,-9.4038,0,0,0,0,0,0
-6.637,-9.3938,0,0,0,0,0,0
-6.627,-9.3838,0,0,0,0,0,0
-6.617,-9.3738,0,0,0,0,0,0
-6.607,-9.3638,0,0,0,0,0,0
-6.597,-9.3538,0,0,0,0,0,0
-6.587,-9.3438,0,0,0,0,0,0
-6.577,-9.3338,0,0,0,0,0,0
-6.567,-9.3238,0,0,0,0,0,0
-6.557,-9.3138,0,0,0,0,0,0
-6.547,-9.3038,0,0,0,0,0,0
-6.537,-9.2938,0,0,0,0,0,0
-6.527,-9.2838,0,0,0,0,0,0
-6.517,-9.2738,0,0,0,0,0,0
-6.507,-9.2638,0,0,0,0,0,0
-6.497,-9.2538,0,0,0,0,0,0
-6.487,-9.2438,0,0,0,0,0,0
-6.477,-9.2338,0,0,0,0,0,0
-6.467,-9.2238,0,0,0,0,0,0
-6.457,-9.2138,0,0,0,0,0,0
-6.447,-9.2038,0,0,0,0,0,0
-6.437,-9.1938,0,0,0,0,0,0
-6.427,-9.1838,0,0,0,0,0,0
-6.417,-9.1738,0,0,0,0,0,0
-6.407,-9.1638,0,0,0,0,0,0
-6.397,-9.1538,0,0,0,0,0,0
-6.387,-9.1438,0,0,0,0,0,0
-6.377,-9.1338,0,0,0,0,0,0
-6.367,-9.1238,0,0,0,0,0,0
-6.357,-9.1138,0,0,0,0,0,0
-6.347,-9.1038,0,0,0,0,0,0
-6.337,-9.0938,0,0,0,0,0,0
-6.327,-9.0838,0,0,0,0,0,0
-6.317,-9.0738,0,0,0,0,0,0
-6.307,-9.0638,0,0,0,0,0,0
-6.297,-9.0538,0,0,0,0,0,0
-6.287,-9.0438,0,0,0,0,0,0
-6.277,-9.0338,0,0,0,0,0,0
-6.267,-9.0238,0,0,0,0,0,0
-6.257,-9.0138,0,0,0,0,0,0
-6.247,-9.0038,0,0,0,0,0,0
-6.237,-8.9938,0,0,0,0,0,0
-6.227,-8.9838,0,0,0,0,0,0
-6.217,-8.9738,0,0,0,0,0,0
-6.207,-8.9638,0,0,0,0,0,0
-6.197,-8.9538,0,0,0,0,0,0
-6.187,-8.9438,0,0,0,0,0,0
-6.177,-8.9338,0,0,0,0,0,0
-6.167,-8.9238,0,0,0,0,0,0
-6.157,-8.9138,0,0,0,0,0,0
-6.147,-8.9038,0,0,0,0,0,0
-6.137,-8.8938,0,0,0,0,0,0
-6.127,-8.8838,0,0,0,0,0,0
-6.117,-8.8738,0,0,0,0,0,0
-6.107,-8.8638,0,0,0,0,0,0
-6.097,-8.8538,0,0,0,0,0,0
-6.087,-8.8438,0,0,0,0,0,0
-6.077,-8.8338,0,0,0,0,0,0
-6.067,-8.8238,0,0,0,0,0,0
-6.057,-8.8138,0,0,0,0,0,0
-6.047,-8.8038,0,0,0,0,0,0
-6.037,-8.7938,0,0,0,0,0,0
-6.027,-8.7838,0,0,0,0,0,0
-6.017,-8.7738,0,0,0,0,0,0
-6.007,-8.7638,0,0,0,0,0,0
-5.997,-8.7538,0,0,0,0,0,0
-5.987,-8.7438,0,0,0,0,0,0
-5.977,-8.7338,0,0,0,0,0,0
-5.967,-8.7238,0,0,0,0,0,0
-5.957,-8.7138,0,0,0,0,0,0
-5.947,-8.7038,0,0,0,0,0,0
-5.937,-8.6938,0,0,0,0,0,0
-5.927,-8.6838,0,0,0,0,0,0
-5.917,-8.6738,0,0,0,0,0,0
-5.907,-8.6638,0,0,0,0,0,0
-5.897,-8.6538,0,0,0,0,0,0
-5.887,-8.6438,0,0,0,0,0,0
-5.877,-8.6338,0,0,0,0,0,0
-5.867,-8.6238,0,0,0,0,0,0
-5.857,-8.6138,0,0,0,0,0,0
-5.847,-8.6038,0,0,0,0,0,0
-5.837,-8.5938,0,0,0,0,0,0
-5.827,-8.5838,0,0,0,0,0,0
-5.817,-8.5738,0,0,0,0,0,0
-5.807,-8.5638,0,0,0,0,0,0
-5.797,-8.5538,0,0,0,0,0,0
-5.787,-8.5438,0,0,0,0,0,0
-5.777,-8.5338,0,0,0,0,0,0
-5.767,-8.5238,0,0,0,0,0,0
-5.757,-8.5138,0,0,0,0,0,0
-5.747,-8.5038,0,0,0,0,0,0
-5.737,-8.4938,0,0,0,0,0,0
-5.727,-8.4838,0,0,0,0,0,0
-5.717,-8.4738,0,0,0,0,0,0
-5.707,-8.4638,0,0,0,0,0,0
-5.697,-8.4538,0,0,0,0,0,0
-5.687,-8.4438,0,0,0,0,0,0
-5.677,-8.4338,0,0,0,0,0,0
-5.667,-8.4238,0,0,0,0,0,0
-5.657,-8.4138,0,0,0,0,0,0
-5.647,-8.4038,0,0,0,0,0,0
-5.637,-8.3938,0,0,0,0,0,0
-5.627,-8.3838,0,0,0,0,0,0
-5.617,-8.3738,0,0,0,0,0,0
-5.607,-8.3638,0,0,0,0,0,0
-5.597,-8.3538,0,0,0,0,0,0
-5.587,-8.3438,0,0,0,0,0,0
-5.577,-8.3338,0,0,0,0,0,0
-5.567,-8.3238,0,0,0,0,0,0
-5.557,-8.3138,0,0,0,0,0,0
-5.547,-8.3038,0,0,0,0,0,0
-5.537,-8.2938,0,0,0,0,0,0
-5.527,-8.2838,0,0,0,0,0,0
-5.517,-8.2738,0,0,0,0,0,0
-5.507,-8.2638,0,0,0,0,0,0
-5.497,-8.2538,0,0,0,0,0,0
-5.487,-8.2438,0,0,0,0,0,0
-5.477,-8.2338,0,0,0,0,0,0
-5.467,-8.2238,0,0,0,0,0,0
-5.457,-8.2138,0,0,0,0,0,0
-5.447,-8.2038,0,0,0,0,0,0
-5.437,-8.1938,0,0,0,0,0,0
-5.427,-8.1838,0,0,0,0,0,0
-5.417,-8.1738,0,0,0,0,0,0
-5.407,-8.1638,0,0,0,0,0,0
-5.397,-8.1538,0,0,0,0,0,0
-5.387,-8.1438,0,0,0,0,0,0
-5.377,-8.1338,0,0,0,0,0,0
-5.367,-8.1238,0,0,0,0,0,0
-5.357,-8.1138,0,0,0,0,0,0
-5.347,-8.1038,0,0,0,0,0,0
-5.337,-8.0938,0,0,0,0,0,0
-5.327,-8.0838,0,0,0,0,0,0
-5.317,-8.0738,0,0,0,0,0,0
-5.307,-8.0638,0,0,0,0,0,0
-5.297,-8.0538,0,0,0,0,0,0
-5.287,-8.0438,0,0,0,0,0,0
-5.277,-8.0338,0,0,0,0,0,0
-5.267,-8.0238,0,0,0,0,0,0
-5.257,-8.0138,0,0,0,0,0,0
-5.247,-8.0038,0,0,0,0,0,0
-5.237,-7.9938,0,0,0,0,0,0
-5.227,-7.9838,0,0,0,0,0,0
-5.217,-7.9738,0,0,0,0,0,0
-5.207,-7.9638,0,0,0,0,0,0
-5.197,-7.9538,0,0,0,0,0,0
-5.187,-7.9438,0,0,0,0,0,0
-5.177,-7.9338,0,0,0,0,0,0
-5.167,-7.9238,0,0,0,0,0,0
-5.157,-7.9138,0,0,0,0,0,0
-5.147,-7.9038,0,0,0,0,0,0
-5.137,-7.8938,0,0,0,0,0,0
-5.127,-7.8838,0,0,0,0,0,0
-5.117,-7.8738,0,0,0,0,0,0
-5.107,-7.8638,0,0,0,0,0,0
-5.097,-7.8538,0,0,0,0,0,0
-5.087,-7.8438,0,0,0,0,0,0
-5.077,-7.8338,0,0,0,0,0,0
-5.067,-7.8238,0,0,0,0,0,0
-5.057,-7.8138,0,0,0,0,0,0
-5.047,-7.8038,0,0,0,0,0,0
-5.037,-7.7938,0,0,0,0,0,0
-5.027,-7.7838,0,0,0,0,0,0
-5.017,-7.7738,0,0,0,0,0,0
-5.007,-7.7638,0,0,0,0,0,0
-4.997,-7.7538,0,0,0,0,0,0
-4.987,-7.7438,0,0,0,0,0,0
-4.977,-7.7338,0,0,0,0,0,0
-4.967,-7.7238,0,0,0,0,0,0
-4.957,-7.7138,0,0,0,0,0,0
-4.947,-7.7038,0,0,0,0,0,0
-4.937,-7.6938,0,0,0,0,0,0
-4.927,-7.6838,0,0,0,0,0,0
-4.917,-7.6738,0,0,0,0,0,0
-4.907,-7.6638,0,0,0,0,0,0
-4.897,-7.6538,0,0,0,0,0,0
-4.887,-7.6438,0,0,0,0,0,0
-4.877,-7.6338,0,0,0,0,0,0
-4.867,-7.6238,0,0,0,0,0,0
-4.857,-7.6138,0,0,0,0,0,0
-4.847,-7.6038,0,0,0,0,0,0
-4.837,-7.5938,0,0,0,0,0,0
-4.827,-7.5838,0,0,0,0,0,0
-4.817,-7.5738,0,0,0,0,0,0
-4.807,-7.5638,0,0,0,0,0,0
-4.797,-7.5538,0,0,0,0,0,0
-4.787,-7.5438,2.204e-13,5.5508e-14,1.6488e-12,6.116e-13,3.156e-15,5.92e-13
-4.777,-7.5338,1.32e-12,4.5248e-13,1.0552e-11,3.876e-12,2.06e-14,3.824e-12
-4.767,-7.5238,3.94e-12,1.5036e-12,3.224e-11,1.1768e-11,6.44e-14,1.172e-11
-4.757,-7.5138,1.1736e-11,4.398e-12,9.604e-11,3.516e-11,1.884e-13,3.484e-11
-4.747,-7.5038,3.24e-11,1.206e-11,2.644e-10,9.688e-11,5.16e-13,9.6e-11
-4.737,-7.4938,8.632e-11,3.2684e-11,7.076e-10,2.592e-10,1.384e-12,2.568e-10
-4.727,-7.4838,2.252e-10,8.592e-11,1.856e-09,6.768e-10,3.62e-12,6.72e-10
-4.717,-7.4738,5.736e-10,2.2064e-10,4.728e-09,1.728e-09,9.24e-12,1.716e-09
-4.707,-7.4638,1.428e-09,5.5448e-10,1.1808e-08,4.316e-09,2.308e-11,4.28e-09
-4.697,-7.4538,3.496e-09,1.362e-09,2.888e-08,1.056e-08,5.64e-11,1.048e-08
-4.687,-7.4438,8.348e-09,3.278e-09,6.916e-08,2.532e-08,1.352e-10,2.512e-08
-4.677,-7.4338,1.952e-08,7.712e-09,1.6212e-07,5.916e-08,3.164e-10,5.88e-08
-4.667,-7.4238,4.468e-08,1.7788e-08,3.716e-07,1.3564e-07,7.24e-10,1.348e-07
-4.657,-7.4138,9.996e-08,4.0156e-08,8.332e-07,3.04e-07,1.628e-09,3.028e-07
-4.647,-7.4038,2.192e-07,8.852e-08,1.828e-06,6.68e-07,3.572e-09,6.64e-07
-4.637,-7.3938,4.704e-07,1.9148e-07,3.932e-06,1.4348e-06,7.68e-09,1.428e-06
-4.627,-7.3838,9.868e-07,4.0444e-07,8.276e-06,3.02e-06,1.616e-08,3.008e-06
-4.617,-7.3738,2.024e-06,8.38e-07,1.7092e-05,6.212e-06,3.324e-08,6.2e-06
-4.607,-7.3638,4.076e-06,1.6976e-06,3.436e-05,1.2524e-05,6.68e-08,1.248e-05
-4.597,-7.3538,8.028e-06,3.3728e-06,6.78e-05,2.472e-05,1.32e-07,2.464e-05
-4.587,-7.3438,1.548e-05,6.5472e-06,0.00013096,4.776e-05,2.552e-07,4.76e-05
-4.577,-7.3338,2.916e-05,1.2456e-05,0.0002476,9.024e-05,4.84e-07,9e-05
-4.567,-7.3238,5.392e-05,2.3184e-05,0.0004584,0.0001668,8.92e-07,0.0001668
-4.557,-7.3138,9.756e-05,4.2252e-05,0.0008316,0.0003028,1.616e-06,0.0003028
-4.547,-7.3038,0.0001724,7.5492e-05,0.001478,0.0005376,2.868e-06,0.000536
-4.537,-7.2938,0.0002996,0.00013204,0.002572,0.0009352,5e-06,0.000936
-4.527,-7.2838,0.0005084,0.0002258,0.004376,0.0015936,8.48e-06,0.001592
-4.517,-7.2738,0.0008464,0.00037888,0.007304,0.00266,1.412e-05,0.00266
-4.507,-7.2638,0.001376,0.00062284,0.011932,0.004344,2.308e-05,0.00436
-4.497,-7.2538,0.0022,0.0010016,0.01908,0.006944,3.692e-05,0.00696
-4.487,-7.2438,0.00344,0.0015788,0.03,0.010904,5.8e-05,0.01092
-4.477,-7.2338,0.005284,0.0024428,0.04616,0.0168,8.88e-05,0.0168
-4.467,-7.2238,0.007936,0.0037012,0.06952,0.02528,0.000134,0.02536
-4.457,-7.2138,0.01168,0.0054912,0.10288,0.0374,0.000198,0.03752
-4.447,-7.2038,0.01692,0.007992,0.14924,0.0542,0.0002864,0.0544
-4.437,-7.1938,0.02396,0.011412,0.2124,0.07716,0.000408,0.0776
-4.427,-7.1838,0.03332,0.015992,0.2968,0.10776,0.000568,0.108
-4.417,-7.1738,0.04548,0.022012,0.4064,0.14772,0.000776,0.1484
-4.407,-7.1638,0.06096,0.029624,0.5468,0.1992,0.001044,0.1996
-4.397,-7.1538,0.08032,0.039252,0.7236,0.2636,0.001384,0.2644
-4.387,-7.1438,0.10388,0.050996,0.9408,0.342,0.001796,0.3436
-4.377,-7.1338,0.132,0.0652,1.2028,0.4376,0.002292,0.44
-4.367,-7.1238,0.1652,0.08184,1.5128,0.5512,0.002884,0.552
-4.357,-7.1138,0.2036,0.10108,1.868,0.6824,0.003564,0.684
-4.347,-7.1038,0.2472,0.1228,2.276,0.832,0.00436,0.836
-4.337,-7.0938,0.2948,0.1466,2.736,0.9988,0.0052,1.004
-4.327,-7.0838,0.3468,0.17288,3.24,1.1828,0.00616,1.184
-4.317,-7.0738,0.4024,0.20024,3.776,1.3796,0.0072,1.384
-4.307,-7.0638,0.4596,0.2294,4.332,1.5856,0.00828,1.588
-4.297,-7.0538,0.518,0.25864,4.92,1.796,0.00936,1.804
-4.287,-7.0438,0.576,0.2868,5.5,2.008,0.01048,2.016
-4.277,-7.0338,0.6324,0.31388,6.064,2.22,0.01156,2.224
-4.267,-7.0238,0.6836,0.33916,6.592,2.42,0.01256,2.42
-4.257,-7.0138,0.7296,0.36068,7.076,2.6,0.01348,2.596
-4.247,-7.0038,0.768,0.37924,7.496,2.76,0.01428,2.752
-4.237,-6.9938,0.798,0.3932,7.832,2.888,0.01492,2.876
-4.227,-6.9838,0.8184,0.40188,8.084,2.98,0.0154,2.968
-4.217,-6.9738,0.8296,0.40572,8.244,3.044,0.01568,3.028
-4.207,-6.9638,0.8308,0.40348,8.308,3.072,0.0158,3.056
-4.197,-6.9538,0.8224,0.39604,8.292,3.072,0.01576,3.052
-4.187,-6.9438,0.8072,0.38496,8.216,3.052,0.01556,3.024
-4.177,-6.9338,0.7868,0.36936,8.092,3.008,0.01528,2.98
-4.167,-6.9238,0.7628,0.35132,7.94,2.968,0.01492,2.924
-4.157,-6.9138,0.7388,0.331,7.796,2.932,0.0146,2.872
-4.147,-6.9038,0.7164,0.31108,7.68,2.9,0.01432,2.832
-4.137,-6.8938,0.6992,0.29136,7.624,2.896,0.01416,2.812
-4.127,-6.8838,0.6868,0.27356,7.628,2.924,0.01412,2.816
-4.117,-6.8738,0.682,0.25736,7.72,2.972,0.01428,2.852
-4.107,-6.8638,0.684,0.24484,7.9,3.064,0.01456,2.916
-4.097,-6.8538,0.6928,0.2358,8.16,3.188,0.015,3.012
-4.087,-6.8438,0.7084,0.22912,8.484,3.332,0.01556,3.132
-4.077,-6.8338,0.7284,0.22656,8.86,3.5,0.01624,3.272
-4.067,-6.8238,0.7512,0.22628,9.276,3.68,0.01696,3.428
-4.057,-6.8138,0.7748,0.2262,9.692,3.872,0.01768,3.584
-4.047,-6.8038,0.7992,0.22888,10.116,4.048,0.0184,3.736
-4.037,-6.7938,0.82,0.2308,10.496,4.224,0.01904,3.876
-4.027,-6.7838,0.8376,0.2328,10.844,4.372,0.01956,4
-4.017,-6.7738,0.8508,0.23372,11.12,4.5,0.02,4.12
-4.007,-6.7638,0.858,0.23388,11.328,4.612,0.02032,4.16
-3.997,-6.7538,0.8588,0.23128,11.448,4.676,0.02052,4.2
-3.987,-6.7438,0.854,0.22744,11.484,4.7,0.0206,4.24
-3.977,-6.7338,0.8424,0.22116,11.408,4.696,0.02052,4.2
-3.967,-6.7238,0.824,0.21368,11.24,4.636,0.02032,4.12
-3.957,-6.7138,0.7988,0.2034,10.968,4.544,0.02,4.04
-3.947,-6.7038,0.7676,0.19164,10.592,4.4,0.01952,3.888
-3.937,-6.6938,0.7296,0.17852,10.124,4.228,0.01892,3.712
-3.927,-6.6838,0.6868,0.16404,9.572,4.004,0.01816,3.504
-3.917,-6.6738,0.6388,0.1492,8.932,3.752,0.01732,3.268
-3.907,-6.6638,0.5876,0.13392,8.236,3.464,0.01632,3.012
-3.897,-6.6538,0.534,0.11856,7.492,3.164,0.0152,2.736
-3.887,-6.6438,0.4788,0.10336,6.728,2.844,0.014,2.452
-3.877,-6.6338,0.424,0.08892,5.956,2.524,0.01272,2.168
-3.867,-6.6238,0.3696,0.07528,5.196,2.208,0.0114,1.892
-3.857,-6.6138,0.3184,0.06284,4.468,1.904,0.01008,1.624
-3.847,-6.6038,0.2696,0.05162,3.784,1.616,0.0088,1.376
-3.837,-6.5938,0.2256,0.041784,3.156,1.3496,0.00756,1.144
-3.827,-6.5838,0.1852,0.033236,2.592,1.1104,0.0064,0.94
-3.817,-6.5738,0.1504,0.026088,2.096,0.8996,0.00532,0.76
-3.807,-6.5638,0.11976,0.020124,1.668,0.7176,0.00436,0.604
-3.797,-6.5538,0.09396,0.015204,1.3052,0.5624,0.003492,0.472
-3.787,-6.5438,0.07256,0.01136,1.0056,0.4344,0.002764,0.3632
-3.777,-6.5338,0.05516,0.008336,0.7624,0.3292,0.002148,0.2748
-3.767,-6.5238,0.0412,0.006012,0.5684,0.2464,0.00164,0.2048
-3.757,-6.5138,0.03024,0.004264,0.4168,0.1812,0.001228,0.15
-3.747,-6.5038,0.02184,0.002974,0.2996,0.13044,0.000904,0.108
-3.737,-6.4938,0.01552,0.0020364,0.2128,0.09252,0.000656,0.0764
-3.727,-6.4838,0.01084,0.0013728,0.14784,0.06452,0.000464,0.0532
-3.717,-6.4738,0.007432,0.0009084,0.10116,0.04412,0.0003244,0.03628
-3.707,-6.4638,0.005012,0.0005908,0.068,0.02972,0.000222,0.02436
-3.697,-6.4538,0.003308,0.00037768,0.04484,0.01968,0.0001488,0.01604
-3.687,-6.4438,0.002156,0.00023716,0.02904,0.01274,9.8e-05,0.0104
-3.677,-6.4338,0.001368,0.00014628,0.01852,0.008116,6.32e-05,0.0066
-3.667,-6.4238,0.0008592,8.852e-05,0.011548,0.005072,4e-05,0.00412
-3.657,-6.4138,0.000528,5.2688e-05,0.00708,0.003112,2.492e-05,0.002528
-3.647,-6.4038,0.000318,3.0708e-05,0.004256,0.001876,1.52e-05,0.00152
-3.637,-6.3938,0.000188,1.76e-05,0.002512,0.001108,9.08e-06,0.000896
-3.627,-6.3838,0.00010936,9.9e-06,0.0014528,0.000642,5.32e-06,0.00052
-3.617,-6.3738,6.216e-05,5.464e-06,0.0008256,0.0003648,3.052e-06,0.000294
-3.607,-6.3638,3.464e-05,2.9572e-06,0.0004596,0.0002032,1.716e-06,0.0001636
-3.597,-6.3538,1.896e-05,1.5724e-06,0.0002512,0.00011112,9.48e-07,8.92e-05
-3.587,-6.3438,1.0176e-05,8.188e-07,0.00013428,5.952e-05,5.12e-07,4.76e-05
-3.577,-6.3338,5.352e-06,4.1792e-07,7.056e-05,3.128e-05,2.712e-07,2.508e-05
-3.567,-6.3238,2.76e-06,2.0968e-07,3.624e-05,1.6108e-05,1.408e-07,1.288e-05
-3.557,-6.3138,1.392e-06,1.0296e-07,1.8356e-05,8.12e-06,7.16e-08,6.48e-06
-3.547,-6.3038,6.9e-07,4.9584e-08,9.04e-06,4.012e-06,3.564e-08,3.208e-06
-3.537,-6.2938,3.348e-07,2.3416e-08,4.384e-06,1.94e-06,1.74e-08,1.552e-06
-3.527,-6.2838,1.592e-07,1.0848e-08,2.076e-06,9.232e-07,8.32e-09,7.36e-07
-3.517,-6.2738,7.412e-08,4.9152e-09,9.652e-07,4.296e-07,3.892e-09,3.42e-07
-3.507,-6.2638,3.38e-08,2.1848e-09,4.4e-07,1.956e-07,1.784e-09,1.556e-07
-3.497,-6.2538,1.508e-08,9.528e-10,1.96e-07,8.728e-08,8e-10,6.96e-08
-3.487,-6.2438,6.616e-09,4.064e-10,8.572e-08,3.816e-08,3.524e-10,3.036e-08
-3.477,-6.2338,2.836e-09,1.7016e-10,3.668e-08,1.6352e-08,1.516e-10,1.296e-08
-3.467,-6.2238,1.192e-09,6.9536e-11,1.538e-08,6.844e-09,6.4e-11,5.44e-09
-3.457,-6.2138,4.9e-10,2.7828e-11,6.3e-09,2.808e-09,2.64e-11,2.232e-09
-3.447,-6.2038,1.976e-10,1.0948e-11,2.532e-09,1.1296e-09,1.068e-11,8.96e-10
-3.437,-6.1938,7.74e-11,4.1536e-12,9.924e-10,4.424e-10,4.2e-12,3.508e-10
-3.427,-6.1838,2.972e-11,1.5408e-12,3.8e-10,1.696e-10,1.624e-12,1.344e-10
-3.417,-6.1738,1.1136e-11,5.5528e-13,1.4212e-10,6.352e-11,6.12e-13,5.04e-11
-3.407,-6.1638,4.052e-12,1.9264e-13,5.164e-11,2.308e-11,2.24e-13,1.824e-11
-3.397,-6.1538,1.412e-12,5.9072e-14,1.7792e-11,7.96e-12,7.92e-14,6.28e-12
-3.387,-6.1438,4.508e-13,1.9456e-14,5.756e-12,2.58e-12,2.552e-14,2.032e-12
-3.377,-6.1338,1.1992e-13,1.3924e-15,1.3944e-12,6.22e-13,7.2e-15,4.92e-13
-3.367,-6.1238,0,0,0,0,0,0
-3.357,-6.1138,0,0,0,0,0,0
-3.347,-6.1038,0,0,0,0,0,0
-3.337,-6.0938,0,0,0,0,0,0
-3.327,-6.0838,0,0,0,0,0,0
-3.317,-6.0738,0,0,0,0,0,0
-3.307,-6.0638,0,0,0,0,0,0
-3.297,-6.0538,0,0,0,0,0,0
-3.287,-6.0438,0,0,0,0,0,0
-3.277,-6.0338,0,0,0,0,0,0
-3.267,-6.0238,0,0,0,0,0,0
-3.257,-6.0138,0,0,0,0,0,0
-3.247,-6.0038,0,0,0,0,0,0
-3.237,-5.9938,0,0,0,0,0,0
-3.227,-5.9838,0,0,0,0,0,0
-3.217,-5.9738,0,0,0,0,0,0
-3.207,-5.9638,0,0,0,0,0,0
-3.197,-5.9538,0,0,0,0,0,0
-3.187,-5.9438,0,0,0,0,0,0
-3.177,-5.9338,0,0,0,0,0,0
-3.167,-5.9238,0,0,0,0,0,0
-3.157,-5.9138,0,0,0,0,0,0
-3.147,-5.9038,0,0,0,0,0,0
-3.137,-5.8938,0,0,0,0,0,0
-3.127,-5.8838,0,0,0,0,0,0
-3.117,-5.8738,0,0,0,0,0,0
-3.107,-5.8638,0,0,0,0,0,0
-3.097,-5.8538,0,0,0,0,0,0
-3.087,-5.8438,0,0,0,0,0,0
-3.077,-5.8338,0,0,0,0,0,0
-3.067,-5.8238,0,0,0,0,0,0
-3.057,-5.8138,0,0,0,0,0,0
-3.047,-5.8038,0,0,0,0,0,0
-3.037,-5.7938,0,0,0,0,0,0
-3.027,-5.7838,0,0,0,0,0,0
-3.017,-5.7738,0,0,0,0,0,0
-3.007,-5.7638,0,0,0,0,0,0
-2.997,-5.7538,0,0,0,0,0,0
-2.987,-5.7438,0,0,0,0,0,0
-2.977,-5.7338,0,0,0,0,0,0
-2.967,-5.7238,0,0,0,0,0,0
-2.957,-5.7138,0,0,0,0,0,0
-2.947,-5.7038,0,0,0,0,0,0
-2.937,-5.6938,0,0,0,0,0,0
-2.927,-5.6838,0,0,0,0,0,0
-2.917,-5.6738,0,0,0,0,0,0
-2.907,-5.6638,0,0,0,0,0,0
-2.897,-5.6538,0,0,0,0,0,0
-2.887,-5.6438,0,0,0,0,0,0
-2.877,-5.6338,0,0,0,0,0,0
-2.867,-5.6238,0,0,0,0,0,0
-2.857,-5.6138,0,0,0,0,0,0
-2.847,-5.6038,0,0,0,0,0,0
-2.837,-5.5938,0,0,0,0,0,0
-2.827,-5.5838,0,0,0,0,0,0
-2.817,-5.5738,0,0,0,0,0,0
-2.807,-5.5638,2.676e-13,4.0664e-14,1.5136e-12,1.13524e-13,4.08e-13,1.076e-15
-2.797,-5.5538,7.712e-13,1.17008e-13,4.356e-12,3.2712e-13,1.168e-12,3.088e-15
-2.787,-5.5438,2.164e-12,3.2876e-13,1.2252e-11,9.2036e-13,3.292e-12,8.68e-15
-2.777,-5.5338,5.968e-12,9.0496e-13,3.376e-11,2.5348e-12,9.04e-12,2.392e-14
-2.767,-5.5238,1.608e-11,2.442e-12,9.076e-11,6.8192e-12,2.44e-11,6.44e-14
-2.757,-5.5138,4.3e-11,6.4872e-12,2.4316e-10,1.8264e-11,6.52e-11,1.7e-13
-2.747,-5.5038,1.112e-10,1.678e-11,6.276e-10,4.7256e-11,1.688e-10,4.4e-13
-2.737,-5.4938,2.816e-10,4.2412e-11,1.5888e-09,1.1974e-10,4.28e-10,1.112e-12
-2.727,-5.4838,6.948e-10,1.04704e-10,3.924e-09,2.9536e-10,1.056e-09,2.744e-12
-2.717,-5.4738,1.68e-09,2.5328e-10,9.496e-09,7.1528e-10,2.552e-09,6.64e-12
-2.707,-5.4638,3.972e-09,5.9956e-10,2.2444e-08,1.6938e-09,6.04e-09,1.564e-11
-2.697,-5.4538,9.208e-09,1.38792e-09,5.196e-08,3.9192e-09,1.396e-08,3.62e-11
-2.687,-5.4438,2.088e-08,3.142e-09,1.1796e-07,8.8868e-09,3.164e-08,8.2e-11
-2.677,-5.4338,4.624e-08,6.954e-09,2.6108e-07,1.9692e-08,7e-08,1.812e-10
-2.667,-5.4238,1.0028e-07,1.5088e-08,5.664e-07,4.2752e-08,1.524e-07,3.924e-10
-2.657,-5.4138,2.128e-07,3.2056e-08,1.2036e-06,9.0692e-08,3.232e-07,8.32e-10
-2.647,-5.4038,4.424e-07,6.6528e-08,2.5016e-06,1.89e-07,6.72e-07,1.724e-09
-2.637,-5.3938,9.004e-07,1.35288e-07,5.088e-06,3.8472e-07,1.368e-06,3.5e-09
-2.627,-5.3838,1.796e-06,2.6904e-07,1.014e-05,7.6536e-07,2.724e-06,6.96e-09
-2.617,-5.3738,3.496e-06,5.2432e-07,1.9724e-05,1.49396e-06,5.32e-06,1.352e-08
-2.607,-5.3638,6.668e-06,9.9896e-07,3.772e-05,2.8496e-06,1.012e-05,2.576e-08
-2.597,-5.3538,1.2472e-05,1.8716e-06,7.052e-05,5.3384e-06,1.896e-05,4.8e-08
-2.587,-5.3438,2.288e-05,3.4192e-06,0.00012912,9.7816e-06,3.468e-05,8.76e-08
-2.577,-5.3338,4.096e-05,6.1224e-06,0.0002314,1.7548e-05,6.24e-05,1.568e-07
-2.567,-5.3238,7.192e-05,1.07728e-05,0.0004064,3.0852e-05,0.0001092,2.744e-07
-2.557,-5.3138,0.00012372,1.8468e-05,0.0007008,5.3204e-05,0.000188,4.72e-07
-2.547,-5.3038,0.0002084,3.1232e-05,0.001184,8.9872e-05,0.0003176,7.92e-07
-2.537,-5.2938,0.0003452,5.1608e-05,0.0019564,0.00014844,0.000524,1.304e-06
-2.527,-5.2838,0.0005588,8.3648e-05,0.003172,0.00024136,0.000852,2.112e-06
-2.517,-5.2738,0.0008884,0.000133208,0.00504,0.00038372,0.001356,3.348e-06
-2.507,-5.2638,0.001388,0.0002078,0.007872,0.00059988,0.002112,5.2e-06
-2.497,-5.2538,0.002124,0.00031804,0.012056,0.00091948,0.003236,7.96e-06
-2.487,-5.2438,0.003184,0.00047892,0.018152,0.0013848,0.00488,1.196e-05
-2.477,-5.2338,0.004692,0.00070804,0.026772,0.0020512,0.0072,1.764e-05
-2.467,-5.2238,0.006808,0.00102752,0.03892,0.0029796,0.01044,2.564e-05
-2.457,-5.2138,0.009692,0.0014708,0.05548,0.0042524,0.01488,3.66e-05
-2.447,-5.2038,0.0136,0.0020648,0.07792,0.0059824,0.02088,5.16e-05
-2.437,-5.1938,0.01868,0.0028616,0.10772,0.00826,0.02884,7.16e-05
-2.427,-5.1838,0.02536,0.0038988,0.14648,0.01128,0.0392,9.76e-05
-2.417,-5.1738,0.03392,0.0052392,0.19608,0.01514,0.0524,0.0001316
-2.407,-5.1638,0.04468,0.006938,0.25888,0.020068,0.0692,0.0001756
-2.397,-5.1538,0.058,0.0090584,0.338,0.026156,0.0904,0.0002308
-2.387,-5.1438,0.07436,0.011668,0.434,0.033776,0.116,0.0003004
-2.377,-5.1338,0.094,0.014856,0.5516,0.042968,0.1472,0.000386
-2.367,-5.1238,0.11716,0.01864,0.6916,0.05408,0.1848,0.000492
-2.357,-5.1138,0.1448,0.0231,0.8572,0.06728,0.2288,0.000616
-2.347,-5.1038,0.1768,0.028296,1.0504,0.08276,0.2804,0.000764
-2.337,-5.0938,0.2136,0.03432,1.2712,0.10072,0.34,0.00094
-2.327,-5.0838,0.2548,0.041164,1.5272,0.12152,0.408,0.00114
-2.317,-5.0738,0.3008,0.04868,1.8108,0.14492,0.484,0.001372
-2.307,-5.0638,0.3516,0.057104,2.1296,0.17132,0.568,0.001624
-2.297,-5.0538,0.4072,0.066156,2.472,0.20036,0.66,0.001904
-2.287,-5.0438,0.4668,0.075872,2.856,0.23244,0.764,0.002208
-2.277,-5.0338,0.53,0.086264,3.256,0.2664,0.872,0.002524
-2.267,-5.0238,0.5956,0.097072,3.68,0.3036,0.984,0.002856
-2.257,-5.0138,0.6628,0.108176,4.124,0.3416,1.104,0.003192
-2.247,-5.0038,0.7312,0.11988,4.576,0.3816,1.224,0.003528
-2.237,-4.9938,0.798,0.13152,5.032,0.422,1.348,0.003852
-2.227,-4.9838,0.8632,0.14352,5.488,0.4632,1.472,0.00416
-2.217,-4.9738,0.9252,0.15528,5.94,0.5044,1.592,0.00444
-2.207,-4.9638,0.9836,0.16788,6.368,0.5436,1.708,0.00472
-2.197,-4.9538,1.0356,0.1798,6.776,0.5816,1.816,0.00496
-2.187,-4.9438,1.082,0.19284,7.164,0.6176,1.92,0.0052
-2.177,-4.9338,1.1216,0.20516,7.524,0.6508,2.016,0.0054
-2.167,-4.9238,1.154,0.2188,7.856,0.6832,2.108,0.0056
-2.157,-4.9138,1.18,0.232,8.176,0.712,2.188,0.00576
-2.147,-4.9038,1.2024,0.24656,8.464,0.7396,2.268,0.00596
-2.137,-4.8938,1.2144,0.26192,8.752,0.7652,2.34,0.00612
-2.127,-4.8838,1.224,0.2782,9.024,0.7904,2.412,0.00636
-2.117,-4.8738,1.236,0.295,9.288,0.8152,2.48,0.0066
-2.107,-4.8638,1.244,0.31256,9.568,0.8412,2.552,0.00688
-2.097,-4.8538,1.244,0.3298,9.856,0.8676,2.628,0.00724
-2.087,-4.8438,1.252,0.34824,10.164,0.8956,2.708,0.00768
-2.077,-4.8338,1.264,0.36652,10.484,0.9252,2.792,0.00816
-2.067,-4.8238,1.272,0.38396,10.828,0.9576,2.88,0.0088
-2.057,-4.8138,1.292,0.40084,11.192,0.9928,2.976,0.00952
-2.047,-4.8038,1.316,0.41544,11.572,1.0304,3.076,0.01032
-2.037,-4.7938,1.34,0.4298,11.964,1.0716,3.18,0.01128
-2.027,-4.7838,1.364,0.44072,12.344,1.112,3.284,0.01228
-2.017,-4.7738,1.392,0.45,12.78,1.152,3.392,0.0134
-2.007,-4.7638,1.42,0.45692,13.14,1.1948,3.496,0.0146
-1.997,-4.7538,1.448,0.46152,13.504,1.234,3.592,0.0158
-1.987,-4.7438,1.476,0.46304,13.852,1.2704,3.684,0.017
-1.977,-4.7338,1.504,0.46248,14.144,1.3052,3.76,0.0182
-1.967,-4.7238,1.52,0.45936,14.376,1.338,3.828,0.01928
-1.957,-4.7138,1.54,0.45556,14.568,1.362,3.88,0.0202
-1.947,-4.7038,1.544,0.44996,14.716,1.3828,3.92,0.021
-1.937,-4.6938,1.54,0.44264,14.812,1.4,3.948,0.02164
-1.927,-4.6838,1.532,0.43612,14.86,1.4128,3.964,0.02204
-1.917,-4.6738,1.52,0.43092,14.916,1.4256,3.98,0.02228
-1.907,-4.6638,1.5,0.42712,14.96,1.4408,3.996,0.02236
-1.897,-4.6538,1.48,0.4256,15.052,1.4552,4,0.02228
-1.887,-4.6438,1.464,0.42716,15.16,1.4764,4.04,0.02212
-1.877,-4.6338,1.448,0.43316,15.384,1.5016,4.12,0.02192
-1.867,-4.6238,1.432,0.44196,15.68,1.5388,4.2,0.02172
-1.857,-4.6138,1.428,0.4552,16.108,1.5832,4.32,0.0216
-1.847,-4.6038,1.428,0.47164,16.604,1.6368,4.44,0.02148
-1.837,-4.5938,1.436,0.4912,17.176,1.7048,4.6,0.02148
-1.827,-4.5838,1.448,0.51128,17.76,1.7664,4.76,0.02156
-1.817,-4.5738,1.464,0.53212,18.432,1.8296,4.96,0.02168
-1.807,-4.5638,1.48,0.5504,18.944,1.89,5.08,0.02184
-1.797,-4.5538,1.496,0.5668,19.528,1.9396,5.24,0.02196
-1.787,-4.5438,1.504,0.57908,19.892,1.9696,5.32,0.02204
-1.777,-4.5338,1.5,0.58528,20.032,1.9916,5.36,0.02204
-1.767,-4.5238,1.484,0.58476,20.108,1.994,5.36,0.02188
-1.757,-4.5138,1.46,0.57796,19.912,1.976,5.32,0.02156
-1.747,-4.5038,1.424,0.56404,19.568,1.9336,5.2,0.02108
-1.737,-4.4938,1.38,0.54396,19.036,1.8788,5.08,0.0204
-1.727,-4.4838,1.332,0.51944,18.284,1.8124,4.88,0.01956
-1.717,-4.4738,1.2644,0.49008,17.52,1.7292,4.64,0.0186
-1.707,-4.4638,1.2048,0.45892,16.708,1.6504,4.44,0.01748
-1.697,-4.4538,1.1348,0.42612,15.784,1.5636,4.2,0.01628
-1.687,-4.4438,1.0704,0.39328,14.976,1.4864,3.964,0.01504
-1.677,-4.4338,1.0112,0.36152,14.24,1.4132,3.756,0.01376
-1.667,-4.4238,0.9592,0.33276,13.6,1.3612,3.584,0.01252
-1.657,-4.4138,0.9176,0.30648,13.1,1.316,3.448,0.01132
-1.647,-4.4038,0.8856,0.28452,12.772,1.2948,3.356,0.0102
-1.637,-4.3938,0.8672,0.26584,12.616,1.29,3.312,0.0092
-1.627,-4.3838,0.8604,0.25088,12.64,1.302,3.312,0.00832
-1.617,-4.3738,0.8664,0.24024,12.84,1.3304,3.36,0.0076
-1.607,-4.3638,0.8848,0.23364,13.196,1.3752,3.452,0.00704
-1.597,-4.3538,0.912,0.229,13.68,1.4348,3.576,0.00664
-1.587,-4.3438,0.9476,0.22824,14.276,1.5016,3.724,0.00636
-1.577,-4.3338,0.9896,0.22896,14.948,1.5804,3.896,0.00628
-1.567,-4.3238,1.0356,0.23176,15.728,1.6568,4.08,0.00628
-1.557,-4.3138,1.084,0.236,16.46,1.742,4.28,0.0064
-1.547,-4.3038,1.1316,0.24152,17.256,1.8228,4.48,0.00664
-1.537,-4.2938,1.1768,0.24836,18.032,1.9068,4.68,0.00696
-1.527,-4.2838,1.22,0.25608,18.76,1.9892,4.84,0.00732
-1.517,-4.2738,1.268,0.26544,19.52,2.06,5.04,0.00768
-1.507,-4.2638,1.3,0.27524,20.28,2.136,5.2,0.00808
-1.497,-4.2538,1.336,0.28704,21.04,2.212,5.4,0.00848
-1.487,-4.2438,1.368,0.29936,21.8,2.296,5.56,0.00884
-1.477,-4.2338,1.396,0.31368,22.56,2.368,5.76,0.0092
-1.467,-4.2238,1.424,0.32832,23.36,2.436,5.92,0.00948
-1.457,-4.2138,1.444,0.34348,24.04,2.516,6.12,0.00976
-1.447,-4.2038,1.464,0.35884,24.8,2.58,6.28,0.01
-1.437,-4.1938,1.48,0.3742,25.48,2.648,6.44,0.01016
-1.427,-4.1838,1.484,0.3886,26.08,2.7,6.6,0.01028
-1.417,-4.1738,1.488,0.4016,26.56,2.744,6.68,0.01032
-1.407,-4.1638,1.492,0.41156,26.84,2.776,6.76,0.01032
-1.397,-4.1538,1.472,0.41836,27.04,2.784,6.8,0.01024
-1.387,-4.1438,1.452,0.42204,26.96,2.772,6.76,0.01008
-1.377,-4.1338,1.412,0.42008,26.68,2.74,6.68,0.00984
-1.367,-4.1238,1.372,0.41468,26.08,2.676,6.56,0.00956
-1.357,-4.1138,1.308,0.40444,25.28,2.588,6.32,0.00916
-1.347,-4.1038,1.246,0.3898,24.2,2.476,6.04,0.00872
-1.337,-4.0938,1.1632,0.371,22.88,2.336,5.72,0.0082
-1.327,-4.0838,1.0772,0.34788,21.36,2.18,5.32,0.0076
-1.317,-4.0738,0.9836,0.3226,19.68,2.012,4.92,0.00696
-1.307,-4.0638,0.886,0.29436,17.8,1.824,4.48,0.00632
-1.297,-4.0538,0.7876,0.26496,16,1.6316,3.996,0.00564
-1.287,-4.0438,0.6888,0.2348,14.104,1.4396,3.524,0.00496
-1.277,-4.0338,0.5944,0.20472,12.26,1.2504,3.064,0.00432
-1.267,-4.0238,0.5044,0.1768,10.488,1.0704,2.62,0.003704
-1.257,-4.0138,0.422,0.149472,8.836,0.9012,2.208,0.003124
-1.247,-4.0038,0.3468,0.124556,7.328,0.7468,1.828,0.002592
-1.237,-3.9938,0.2808,0.102072,5.976,0.6088,1.492,0.00212
-1.227,-3.9838,0.2236,0.082252,4.788,0.488,1.196,0.001704
-1.217,-3.9738,0.1756,0.065184,3.776,0.3844,0.944,0.001348
-1.207,-3.9638,0.1348,0.050768,2.928,0.298,0.728,0.001048
-1.197,-3.9538,0.1022,0.03886,2.224,0.2264,0.556,0.000804
-1.187,-3.9438,0.07596,0.029208,1.6632,0.16964,0.416,0.000604
-1.177,-3.9338,0.05548,0.021532,1.2236,0.1246,0.3052,0.000444
-1.167,-3.9238,0.03976,0.0156236,0.882,0.08972,0.22,0.0003236
-1.157,-3.9138,0.02808,0.0111072,0.6244,0.06356,0.1556,0.0002304
-1.147,-3.9038,0.0194,0.0077568,0.434,0.04416,0.1084,0.0001612
-1.137,-3.8938,0.013184,0.0053076,0.2956,0.03012,0.0736,0.0001108
-1.127,-3.8838,0.008764,0.0035712,0.198,0.02008,0.0492,7.48e-05
-1.117,-3.8738,0.005732,0.0023524,0.12996,0.013192,0.0324,4.96e-05
-1.107,-3.8638,0.00368,0.00152184,0.08368,0.0085,0.02088,3.208e-05
-1.097,-3.8538,0.002312,0.00096484,0.0528,0.00536,0.01316,2.044e-05
-1.087,-3.8438,0.001428,0.0005992,0.03268,0.003316,0.00816,1.276e-05
-1.077,-3.8338,0.000864,0.00036504,0.01988,0.002016,0.00496,7.8e-06
-1.067,-3.8238,0.0005128,0.000218476,0.011824,0.0011976,0.002948,4.68e-06
-1.057,-3.8138,0.0002984,0.000127632,0.006896,0.0006988,0.00172,2.764e-06
-1.047,-3.8038,0.0001704,7.3232e-05,0.003944,0.0003992,0.000984,1.592e-06
-1.037,-3.7938,9.52e-05,4.1216e-05,0.002208,0.0002232,0.000552,9e-07
-1.027,-3.7838,5.22e-05,2.2692e-05,0.001214,0.00012304,0.0003028,5e-07
-1.017,-3.7738,2.804e-05,1.22568e-05,0.0006528,6.608e-05,0.0001628,2.712e-07
-1.007,-3.7638,1.476e-05,6.4772e-06,0.0003444,3.48e-05,8.6e-05,1.444e-07
-0.997,-3.7538,7.608e-06,3.3536e-06,0.000178,1.8016e-05,4.44e-05,7.52e-08
-0.987,-3.7438,3.84e-06,1.70376e-06,9.012e-05,9.104e-06,2.248e-05,3.836e-08
-0.977,-3.7338,1.908e-06,8.4688e-07,4.468e-05,4.512e-06,1.116e-05,1.92e-08
-0.967,-3.7238,9.236e-07,4.1232e-07,2.168e-05,2.192e-06,5.4e-06,9.4e-09
-0.957,-3.7138,4.388e-07,1.96792e-07,1.032e-05,1.0428e-06,2.576e-06,4.52e-09
-0.947,-3.7038,2.04e-07,9.1792e-08,4.812e-06,4.86e-07,1.2e-06,2.116e-09
-0.937,-3.6938,9.316e-08,4.1956e-08,2.196e-06,2.216e-07,5.48e-07,9.76e-10
-0.927,-3.6838,4.16e-08,1.88176e-08,9.816e-07,9.9e-08,2.448e-07,4.4e-10
-0.917,-3.6738,1.82e-08,8.2428e-09,4.296e-07,4.336e-08,1.072e-07,1.936e-10
-0.907,-3.6638,7.796e-09,3.538e-09,1.8392e-07,1.8576e-08,4.6e-08,8.36e-11
-0.897,-3.6538,3.272e-09,1.48824e-09,7.74e-08,7.796e-09,1.928e-08,3.536e-11
-0.887,-3.6438,1.344e-09,6.132e-10,3.18e-08,3.204e-09,7.92e-09,1.464e-11
-0.877,-3.6338,5.396e-10,2.4652e-10,1.2784e-08,1.286e-09,3.188e-09,5.92e-12
-0.867,-3.6238,2.124e-10,9.7432e-11,5.036e-09,5.072e-10,1.256e-09,2.348e-12
-0.857,-3.6138,8.16e-11,3.7564e-11,1.94e-09,1.9536e-10,4.84e-10,9.12e-13
-0.847,-3.6038,3.072e-11,1.4162e-11,7.304e-10,7.352e-11,1.824e-10,3.448e-13
-0.837,-3.5938,1.1008e-11,5.1336e-12,2.616e-10,2.636e-11,6.56e-11,1.272e-13
-0.827,-3.5838,3.924e-12,1.84596e-12,9.364e-11,9.388e-12,2.336e-11,4.64e-14
-0.817,-3.5738,1.1112e-12,5.2004e-13,2.66e-11,2.668e-12,6.64e-12,1.264e-14
-0.807,-3.5638,3.252e-13,1.53648e-13,7.74e-12,7.776e-13,1.932e-12,4.4e-15
-0.797,-3.5538,0,0,0,0,0,0
-0.787,-3.5438,0,0,0,0,0,0
-0.777,-3.5338,0,0,0,0,0,0
-0.767,-3.5238,0,0,0,0,0,0
-0.757,-3.5138,0,0,0,0,0,0
-0.747,-3.5038,0,0,0,0,0,0
-0.737,-3.4938,0,0,0,0,0,0
-0.727,-3.4838,0,0,0,0,0,0
-0.717,-3.4738,0,0,0,0,0,0
-0.707,-3.4638,0,0,0,0,0,0
-0.697,-3.4538,0,0,0,0,0,0
-0.687,-3.4438,0,0,0,0,0,0
-0.677,-3.4338,0,0,0,0,0,0
-0.667,-3.4238,0,0,0,0,0,0
-0.657,-3.4138,0,0,0,0,0,0
-0.647,-3.4038,0,0,0,0,0,0
-0.637,-3.3938,0,0,0,0,0,0
-0.627,-3.3838,0,0,0,0,0,0
-0.617,-3.3738,0,0,0,0,0,0
-0.607,-3.3638,0,0,0,0,0,0
-0.597,-3.3538,0,0,0,0,0,0
-0.587,-3.3438,0,0,0,0,0,0
-0.577,-3.3338,3.064e-13,1.3056e-13,2.684e-12,3.984e-15,1.708e-15,2.172e-28
-0.567,-3.3238,1.4744e-12,6.0632e-13,1.2844e-11,2.488e-14,1.456e-14,1.076e-27
-0.557,-3.3138,4.164e-12,1.708e-12,3.624e-11,7.04e-14,4.12e-14,3.036e-27
-0.547,-3.3038,1.3e-11,5.2104e-12,1.1264e-10,2.488e-13,1.588e-13,9.78e-27
-0.537,-3.2938,3.528e-11,1.4144e-11,3.06e-10,6.816e-13,4.36e-13,2.666e-26
-0.527,-3.2838,9.384e-11,3.7512e-11,8.124e-10,1.824e-12,1.176e-12,7.1e-26
-0.517,-3.2738,2.436e-10,9.76e-11,2.116e-09,4.784e-12,3.096e-12,1.85e-25
-0.507,-3.2638,6.216e-10,2.472e-10,5.372e-09,1.224e-11,7.96e-12,4.72e-25
-0.497,-3.2538,1.548e-09,6.16038e-10,1.338e-08,3.08461e-11,2.012e-11,8.88e-16
-0.487,-3.2438,3.776e-09,1.50434e-09,3.272e-08,7.60956e-11,5e-11,8.16e-15
-0.477,-3.2338,9e-09,3.57375e-09,7.8e-08,1.83344e-10,1.204e-10,2.3e-14
-0.467,-3.2238,2.104e-08,8.33063e-09,1.8196e-07,4.314e-10,2.852e-10,6.36e-14
-0.457,-3.2138,4.804e-08,1.89911e-08,4.156e-07,9.90984e-10,6.6e-10,1.712e-13
-0.447,-3.2038,1.076e-07,4.23867e-08,9.292e-07,2.2424e-09,1.496e-09,4.52e-13
-0.437,-3.1938,2.352e-07,9.23682e-08,2.036e-06,4.95948e-09,3.32e-09,1.168e-12
-0.427,-3.1838,5.036e-07,1.98122e-07,4.356e-06,1.06796e-08,7.2e-09,2.956e-12
-0.417,-3.1738,1.0576e-06,4.14221e-07,9.12e-06,2.26956e-08,1.532e-08,7.32e-12
-0.407,-3.1638,2.168e-06,8.48728e-07,1.8696e-05,4.70332e-08,3.192e-08,1.768e-11
-0.397,-3.1538,4.348e-06,1.70412e-06,3.756e-05,9.5284e-08,6.52e-08,4.2e-11
-0.387,-3.1438,8.568e-06,3.33758e-06,7.376e-05,1.90288e-07,1.296e-07,9.68e-11
-0.377,-3.1338,1.644e-05,6.40743e-06,0.00014208,3.69588e-07,2.536e-07,2.196e-10
-0.367,-3.1238,3.096e-05,1.2028e-05,0.0002676,7.0504e-07,4.84e-07,4.88e-10
-0.357,-3.1138,5.712e-05,2.21794e-05,0.0004924,1.31404e-06,9.08e-07,1.056e-09
-0.347,-3.1038,0.0001032,3.99001e-05,0.0008888,2.4088e-06,1.668e-06,2.24e-09
-0.337,-3.0938,0.0001824,7.04709e-05,0.0015708,4.32e-06,2.996e-06,4.64e-09
-0.327,-3.0838,0.0003156,0.000121428,0.002716,7.5972e-06,5.28e-06,9.44e-09
-0.317,-3.0738,0.0005344,0.000206049,0.004604,1.30584e-05,9.12e-06,1.876e-08
-0.307,-3.0638,0.0008864,0.000340538,0.007644,2.2076e-05,1.54e-05,3.648e-08
-0.297,-3.0538,0.0014432,0.000552694,0.01244,3.6644e-05,2.556e-05,6.92e-08
-0.287,-3.0438,0.002296,0.000878924,0.0198,5.9456e-05,4.16e-05,1.292e-07
-0.277,-3.0338,0.00358,0.00136491,0.0308,9.478e-05,6.6e-05,2.348e-07
-0.267,-3.0238,0.005468,0.00209012,0.04716,0.00014836,0.0001036,4.2e-07
-0.257,-3.0138,0.008192,0.00312631,0.07064,0.00022764,0.0001588,7.28e-07
-0.247,-3.0038,0.01204,0.00458396,0.10372,0.00034364,0.0002392,1.244e-06
-0.237,-2.9938,0.01732,0.00658616,0.14936,0.00050944,0.0003536,2.076e-06
-0.227,-2.9838,0.02444,0.00930344,0.2112,0.0007428,0.000512,3.388e-06
-0.217,-2.9738,0.03392,0.012887,0.2928,0.0010664,0.000732,5.4e-06
-0.207,-2.9638,0.04612,0.0175169,0.398,0.0014972,0.001028,8.48e-06
-0.197,-2.9538,0.06164,0.023382,0.532,0.0020796,0.001416,1.296e-05
-0.187,-2.9438,0.08112,0.0306868,0.6988,0.002834,0.001924,1.944e-05
-0.177,-2.9338,0.10456,0.0395668,0.9012,0.003812,0.002568,2.856e-05
-0.167,-2.9238,0.13248,0.050164,1.146,0.005052,0.00338,4.12e-05
-0.157,-2.9138,0.1652,0.0627092,1.43,0.006604,0.00436,5.76e-05
-0.147,-2.9038,0.2036,0.077172,1.7584,0.008504,0.0056,7.96e-05
-0.137,-2.8938,0.2468,0.093632,2.136,0.0108,0.00704,0.000108
-0.127,-2.8838,0.2964,0.112044,2.552,0.013544,0.00876,0.0001432
-0.117,-2.8738,0.3504,0.132784,3.02,0.016808,0.01076,0.0001864
-0.107,-2.8638,0.4096,0.155432,3.528,0.020544,0.01308,0.000238
-0.097,-2.8538,0.4752,0.179984,4.088,0.02492,0.01568,0.0002988
-0.087,-2.8438,0.5464,0.206832,4.684,0.02976,0.01864,0.0003692
-0.077,-2.8338,0.6248,0.23612,5.332,0.03536,0.02196,0.000448
-0.067,-2.8238,0.7096,0.2674,6.032,0.04168,0.02568,0.00054
-0.057,-2.8138,0.8032,0.30116,6.788,0.04868,0.0298,0.000636
-0.047,-2.8038,0.9056,0.33836,7.6,0.0564,0.03432,0.000744
-0.037,-2.7938,1.02,0.37768,8.496,0.06496,0.03936,0.000864
-0.027,-2.7838,1.1432,0.42116,9.456,0.0744,0.0448,0.000988
-0.017,-2.7738,1.28,0.4684,10.512,0.08472,0.0508,0.001124
-0.007,-2.7638,1.432,0.519,11.66,0.09592,0.0572,0.001268
0.003,-2.7538,1.588,0.57292,12.872,0.10804,0.0644,0.001424
0.013,-2.7438,1.764,0.6302,14.184,0.12084,0.0716,0.001588
0.023,-2.7338,1.948,0.68976,15.532,0.134,0.0796,0.00176
0.033,-2.7238,2.14,0.74976,16.948,0.14776,0.0872,0.001936
0.043,-2.7138,2.328,0.80928,18.332,0.1612,0.0952,0.002112
0.053,-2.7038,2.508,0.86576,19.68,0.17452,0.1028,0.002288
0.063,-2.6938,2.692,0.9188,20.94,0.18704,0.11,0.00246
0.073,-2.6838,2.848,0.966,22.108,0.1984,0.1168,0.002624
0.083,-2.6738,2.996,1.006,23.14,0.2088,0.1228,0.002772
0.093,-2.6638,3.12,1.0392,23.992,0.2172,0.1276,0.002904
0.103,-2.6538,3.216,1.06136,24.68,0.2232,0.132,0.00302
0.113,-2.6438,3.276,1.0768,25.08,0.2284,0.1352,0.003116
0.123,-2.6338,3.316,1.08608,25.24,0.2316,0.1372,0.003196
0.133,-2.6238,3.328,1.0852,25.28,0.2328,0.1392,0.003264
0.143,-2.6138,3.312,1.08432,25.2,0.2336,0.1404,0.003324
0.153,-2.6038,3.272,1.07544,24.92,0.2332,0.1416,0.00338
0.163,-2.5938,3.216,1.0668,24.52,0.232,0.1424,0.003436
0.173,-2.5838,3.144,1.05672,24,0.2312,0.1436,0.0035
0.183,-2.5738,3.06,1.0464,23.44,0.2296,0.1452,0.003568
0.193,-2.5638,2.972,1.0372,22.92,0.2296,0.1472,0.003648
0.203,-2.5538,2.876,1.0276,22.32,0.2288,0.1492,0.00374
0.213,-2.5438,2.78,1.0184,21.68,0.2296,0.1516,0.003832
0.223,-2.5338,2.68,1.0092,21.16,0.2296,0.154,0.003932
0.233,-2.5238,2.58,0.9972,20.52,0.2292,0.156,0.00404
0.243,-2.5138,2.476,0.9828,19.96,0.2284,0.1576,0.00412
0.253,-2.5038,2.368,0.9652,19.36,0.2284,0.1588,0.00424
0.263,-2.4938,2.264,0.94356,18.72,0.2268,0.1588,0.00432
0.273,-2.4838,2.164,0.9188,18.124,0.224,0.158,0.0044
0.283,-2.4738,2.064,0.88976,17.416,0.2216,0.1564,0.00452
0.293,-2.4638,1.96,0.85812,16.852,0.218,0.154,0.00468
0.303,-2.4538,1.872,0.82508,16.272,0.214,0.1508,0.00484
0.313,-2.4438,1.784,0.79208,15.84,0.21,0.1472,0.00504
0.323,-2.4338,1.704,0.7602,15.36,0.2056,0.1432,0.00532
0.333,-2.4238,1.648,0.73136,15.096,0.2016,0.1392,0.00568
0.343,-2.4138,1.592,0.70704,14.892,0.1976,0.1356,0.00608
0.353,-2.4038,1.56,0.68728,14.804,0.1952,0.1324,0.00656
0.363,-2.3938,1.536,0.67296,14.824,0.1936,0.13,0.00708
0.373,-2.3838,1.528,0.6646,14.96,0.1932,0.1284,0.00764
0.383,-2.3738,1.532,0.662,15.184,0.194,0.1272,0.00828
0.393,-2.3638,1.536,0.66356,15.464,0.1944,0.1268,0.00888
0.403,-2.3538,1.552,0.66924,15.848,0.1964,0.1272,0.00948
0.413,-2.3438,1.576,0.67684,16.2,0.198,0.128,0.01004
0.423,-2.3338,1.592,0.68712,16.54,0.1996,0.1292,0.01052
0.433,-2.3238,1.62,0.69704,16.868,0.2024,0.1304,0.01096
0.443,-2.3138,1.64,0.70612,17.184,0.204,0.132,0.01128
0.453,-2.3038,1.656,0.7138,17.524,0.2052,0.1332,0.01148
0.463,-2.2938,1.676,0.71856,17.812,0.206,0.1344,0.01164
0.473,-2.2838,1.684,0.7222,18.008,0.2052,0.1352,0.01168
0.483,-2.2738,1.7,0.72248,18.24,0.2052,0.136,0.01164
0.493,-2.2638,1.708,0.7204,18.468,0.2032,0.1364,0.01156
0.503,-2.2538,1.724,0.715,18.744,0.202,0.1368,0.01144
0.513,-2.2438,1.732,0.7094,19.024,0.2,0.1372,0.01128
0.523,-2.2338,1.744,0.70168,19.316,0.198,0.1376,0.01116
0.533,-2.2238,1.76,0.69388,19.58,0.1948,0.138,0.01104
0.543,-2.2138,1.78,0.6852,19.976,0.1932,0.1384,0.01092
0.553,-2.2038,1.804,0.67608,20.388,0.1908,0.1388,0.01084
0.563,-2.1938,1.824,0.66736,20.812,0.188,0.1396,0.0108
0.573,-2.1838,1.84,0.65828,21.248,0.186,0.1408,0.0108
0.583,-2.1738,1.86,0.64904,21.72,0.184,0.1416,0.0108
0.593,-2.1638,1.868,0.64032,22.16,0.1816,0.1428,0.01084
0.603,-2.1538,1.88,0.63072,22.6,0.18,0.1436,0.01088
0.613,-2.1438,1.888,0.62024,22.96,0.1784,0.1444,0.01096
0.623,-2.1338,1.888,0.6106,23.28,0.17564,0.1452,0.01104
0.633,-2.1238,1.88,0.59916,23.6,0.17376,0.146,0.01112
0.643,-2.1138,1.868,0.5882,23.88,0.17228,0.146,0.0112
0.653,-2.1038,1.86,0.5772,24.16,0.1696,0.146,0.01132
0.663,-2.0938,1.844,0.5662,24.48,0.16828,0.146,0.0114
0.673,-2.0838,1.832,0.5556,24.8,0.16704,0.146,0.01148
0.683,-2.0738,1.816,0.54548,25.08,0.166,0.1456,0.01156
0.693,-2.0638,1.808,0.53584,25.48,0.1644,0.1452,0.0116
0.703,-2.0538,1.796,0.52788,25.84,0.16388,0.1448,0.01164
0.713,-2.0438,1.788,0.52012,26.28,0.16356,0.1448,0.01164
0.723,-2.0338,1.78,0.51396,26.72,0.16348,0.1444,0.0116
0.733,-2.0238,1.772,0.50628,27.08,0.16352,0.144,0.01152
0.743,-2.0138,1.768,0.49996,27.44,0.1636,0.1432,0.01136
0.753,-2.0038,1.756,0.49192,27.76,0.16288,0.1424,0.01116
0.763,-1.9938,1.748,0.48316,28,0.16212,0.1416,0.01092
0.773,-1.9838,1.732,0.47364,28.12,0.16036,0.1404,0.0106
0.783,-1.9738,1.712,0.46164,28.12,0.1584,0.1388,0.01024
0.793,-1.9638,1.688,0.448,27.92,0.15544,0.1368,0.00988
0.803,-1.9538,1.652,0.43264,27.64,0.15224,0.134,0.00944
0.813,-1.9438,1.608,0.41568,27.2,0.148,0.1312,0.00904
0.823,-1.9338,1.56,0.39788,26.6,0.1428,0.128,0.00864
0.833,-1.9238,1.508,0.3784,25.92,0.13824,0.1244,0.00824
0.843,-1.9138,1.452,0.3594,25.04,0.13204,0.1208,0.00784
0.853,-1.9038,1.391,0.33952,24.08,0.1264,0.1168,0.00752
0.863,-1.8938,1.324,0.31972,23.132,0.1204,0.1128,0.00724
0.873,-1.8838,1.2648,0.30116,22.172,0.11444,0.1096,0.007
0.883,-1.8738,1.1996,0.2834,21.176,0.10856,0.1064,0.00684
0.893,-1.8638,1.152,0.26704,20.316,0.10308,0.104,0.00672
0.903,-1.8538,1.1024,0.25228,19.476,0.09804,0.1028,0.00672
0.913,-1.8438,1.0644,0.23932,18.816,0.09352,0.1024,0.00672
0.923,-1.8338,1.0356,0.22808,18.268,0.08964,0.1032,0.00684
0.933,-1.8238,1.0176,0.21984,17.832,0.08648,0.1052,0.007
0.943,-1.8138,1.01,0.21324,17.632,0.08412,0.1084,0.00724
0.953,-1.8038,1.0128,0.20852,17.628,0.08248,0.1128,0.00752
0.963,-1.7938,1.0256,0.20584,17.78,0.08152,0.1184,0.00788
0.973,-1.7838,1.046,0.20528,18.004,0.08124,0.1248,0.00824
0.983,-1.7738,1.0732,0.20612,18.424,0.08156,0.1324,0.00868
0.993,-1.7638,1.1016,0.20856,18.948,0.08228,0.1404,0.00908
1.003,-1.7538,1.1388,0.21188,19.496,0.0834,0.1484,0.00956
1.013,-1.7438,1.1688,0.21604,20.136,0.08472,0.1568,0.01
1.023,-1.7338,1.2068,0.22144,20.72,0.08616,0.1648,0.0104
1.033,-1.7238,1.236,0.22596,21.28,0.08756,0.1724,0.01084
1.043,-1.7138,1.2564,0.23048,21.84,0.08884,0.1796,0.0112
1.053,-1.7038,1.2756,0.23492,22.32,0.09008,0.1856,0.01148
1.063,-1.6938,1.2932,0.23856,22.64,0.09096,0.1912,0.01176
1.073,-1.6838,1.3008,0.241316,22.88,0.09168,0.1956,0.01192
1.083,-1.6738,1.2988,0.24406,23.08,0.092,0.1988,0.012
1.093,-1.6638,1.2872,0.245036,23.12,0.0922,0.2012,0.01204
1.103,-1.6538,1.2736,0.245692,23.04,0.09208,0.2028,0.012
1.113,-1.6438,1.2504,0.245464,22.92,0.09168,0.2036,0.01188
1.123,-1.6338,1.226,0.24356,22.72,0.0912,0.2036,0.01168
1.133,-1.6238,1.2008,0.241736,22.4,0.09056,0.2032,0.01148
1.143,-1.6138,1.1668,0.23984,22.04,0.0898,0.202,0.01124
1.153,-1.6038,1.1244,0.237148,21.64,0.08892,0.2012,0.011
1.163,-1.5938,1.09,0.234064,21.24,0.08804,0.2,0.01076
1.173,-1.5838,1.048,0.230588,20.832,0.08716,0.1992,0.01056
1.183,-1.5738,1.0148,0.22672,20.384,0.0862,0.1984,0.01036
1.193,-1.5638,0.978,0.223256,19.988,0.08532,0.1984,0.0102
1.203,-1.5538,0.946,0.21868,19.728,0.08432,0.1996,0.01012
1.213,-1.5438,0.9164,0.214832,19.484,0.08336,0.2012,0.01004
1.223,-1.5338,0.8928,0.210584,19.38,0.0824,0.2044,0.01008
1.233,-1.5238,0.874,0.20554,19.296,0.08136,0.2088,0.01012
1.243,-1.5138,0.8624,0.201296,19.48,0.08024,0.214,0.0102
1.253,-1.5038,0.8564,0.195852,19.72,0.079,0.2208,0.01036
1.263,-1.4938,0.8576,0.190404,20.16,0.07772,0.2288,0.01056
1.273,-1.4838,0.8644,0.184952,20.64,0.07628,0.238,0.01076
1.283,-1.4738,0.8764,0.178616,21.28,0.07468,0.248,0.011
1.293,-1.4638,0.892,0.172676,22,0.073,0.2584,0.0112
1.303,-1.4538,0.91,0.166332,22.72,0.07124,0.2692,0.0114
1.313,-1.4438,0.9292,0.159984,23.48,0.06952,0.2796,0.0116
1.323,-1.4338,0.9476,0.153632,24.2,0.06776,0.29,0.01172
1.333,-1.4238,0.9632,0.148324,24.92,0.06588,0.2988,0.01176
1.343,-1.4138,0.9744,0.142136,25.48,0.0642,0.3068,0.01168
1.353,-1.4038,0.9816,0.136876,25.96,0.06252,0.3132,0.01156
1.363,-1.3938,0.982,0.132588,26.28,0.06084,0.3176,0.01132
1.373,-1.3838,0.9764,0.127628,26.4,0.0592,0.32,0.01096
1.383,-1.3738,0.9636,0.123632,26.4,0.05756,0.3204,0.01052
1.393,-1.3638,0.9452,0.119716,26.24,0.05596,0.3188,0.00996
1.403,-1.3538,0.92,0.115484,25.88,0.05412,0.3156,0.00936
1.413,-1.3438,0.89,0.111436,25.48,0.05224,0.31,0.00872
1.423,-1.3338,0.8564,0.107132,24.84,0.0502,0.3032,0.008
1.433,-1.3238,0.8188,0.102644,24.12,0.04803,0.2952,0.00732
1.443,-1.3138,0.7792,0.0979,23.28,0.0456,0.2864,0.0066
1.453,-1.3038,0.7388,0.09286,22.4,0.043,0.2768,0.00592
1.463,-1.2938,0.6984,0.087596,21.56,0.04028,0.2668,0.00528
1.473,-1.2838,0.658,0.082076,20.68,0.03752,0.2568,0.00468
1.483,-1.2738,0.6188,0.076472,19.76,0.0346,0.2468,0.00412
1.493,-1.2638,0.58,0.070912,18.88,0.03172,0.2364,0.00362
1.503,-1.2538,0.5432,0.065356,17.984,0.02884,0.2264,0.003176
1.513,-1.2438,0.5076,0.060008,17.092,0.02608,0.216,0.00278
1.523,-1.2338,0.4732,0.05476,16.208,0.02344,0.2056,0.002436
1.533,-1.2238,0.44,0.04986,15.332,0.020948,0.1948,0.002132
1.543,-1.2138,0.408,0.045132,14.452,0.0186,0.184,0.001864
1.553,-1.2038,0.3764,0.04072,13.544,0.016424,0.1728,0.001632
1.563,-1.1938,0.3452,0.036568,12.62,0.014384,0.1612,0.00142
1.573,-1.1838,0.3148,0.032724,11.688,0.01256,0.1492,0.001236
1.583,-1.1738,0.2856,0.0291,10.748,0.010884,0.1368,0.001068
1.593,-1.1638,0.2572,0.025744,9.824,0.009404,0.1244,0.00092
1.603,-1.1538,0.23,0.0226032,8.916,0.008064,0.1124,0.000784
1.613,-1.1438,0.204,0.0198528,8.032,0.006864,0.1004,0.00066
1.623,-1.1338,0.18,0.0172504,7.188,0.00582,0.0892,0.000552
1.633,-1.1238,0.1572,0.014916,6.4,0.004912,0.0788,0.000456
1.643,-1.1138,0.13712,0.0129224,5.668,0.004132,0.0688,0.0003748
1.653,-1.1038,0.11888,0.0111024,5.008,0.003468,0.0596,0.0003036
1.663,-1.0938,0.10264,0.00951,4.408,0.002908,0.0516,0.0002436
1.673,-1.0838,0.08832,0.0081528,3.872,0.0024492,0.0448,0.000194
1.683,-1.0738,0.076,0.0069852,3.4,0.00207,0.03848,0.000154
1.693,-1.0638,0.06512,0.0059928,2.992,0.0017592,0.03312,0.000122
1.703,-1.0538,0.0558,0.005154,2.632,0.001506,0.02852,9.72e-05
1.713,-1.0438,0.04768,0.0044444,2.312,0.0013004,0.02456,7.8e-05
1.723,-1.0338,0.04076,0.0038548,2.032,0.0011312,0.0212,6.4e-05
1.733,-1.0238,0.03488,0.00335928,1.788,0.0009868,0.01832,5.32e-05
1.743,-1.0138,0.02976,0.0029332,1.5684,0.00087,0.01584,4.52e-05
1.753,-1.0038,0.02548,0.00258012,1.372,0.0007664,0.01368,3.892e-05
1.763,-0.9938,0.02192,0.00229592,1.2,0.0006772,0.01176,3.416e-05
1.773,-0.9838,0.019,0.00207652,1.046,0.000598,0.01008,3.024e-05
1.783,-0.9738,0.01676,0.00192392,0.9112,0.0005288,0.00864,2.696e-05
1.793,-0.9638,0.01528,0.001865,0.796,0.0004696,0.00732,2.412e-05
1.803,-0.9538,0.0146,0.00190456,0.7008,0.000422,0.00616,2.172e-05
1.813,-0.9438,0.01472,0.00208332,0.6292,0.0003876,0.00516,1.972e-05
1.823,-0.9338,0.01588,0.00245268,0.582,0.0003696,0.00428,1.836e-05
1.833,-0.9238,0.01832,0.00305924,0.5636,0.0003732,0.003528,1.78e-05
1.843,-0.9138,0.02208,0.00398316,0.578,0.0004024,0.002912,1.832e-05
1.853,-0.9038,0.02752,0.00531932,0.6308,0.0004672,0.00242,2.036e-05
1.863,-0.8938,0.03476,0.0071744,0.7268,0.000574,0.002056,2.432e-05
1.873,-0.8838,0.04432,0.0096912,0.8736,0.000734,0.001816,3.084e-05
1.883,-0.8738,0.0564,0.0129916,1.0784,0.0009604,0.0017,4.04e-05
1.893,-0.8638,0.07128,0.0173376,1.348,0.0012664,0.001704,5.4e-05
1.903,-0.8538,0.08936,0.0228368,1.6908,0.0016748,0.001832,7.24e-05
1.913,-0.8438,0.11104,0.0297916,2.1236,0.002196,0.002088,9.64e-05
1.923,-0.8338,0.13608,0.038262,2.644,0.0028508,0.002472,0.0001264
1.933,-0.8238,0.16532,0.048692,3.264,0.0036548,0.002992,0.000164
1.943,-0.8138,0.1988,0.060928,3.992,0.0046336,0.003652,0.0002092
1.953,-0.8038,0.2368,0.07536,4.832,0.0057996,0.00444,0.0002624
1.963,-0.7938,0.2792,0.092092,5.8,0.0071696,0.0054,0.0003244
1.973,-0.7838,0.3256,0.11106,6.888,0.008752,0.00648,0.0003948
1.983,-0.7738,0.3756,0.132528,8.092,0.0105524,0.00772,0.000472
1.993,-0.7638,0.4292,0.155392,9.412,0.0125828,0.00908,0.000556
2.003,-0.7538,0.4868,0.18038,10.832,0.01482,0.0106,0.000648
2.013,-0.7438,0.5468,0.206492,12.332,0.017188,0.0122,0.000744
2.023,-0.7338,0.608,0.23476,13.912,0.019804,0.01392,0.00084
2.033,-0.7238,0.6708,0.262668,15.56,0.022552,0.01568,0.00094
2.043,-0.7138,0.7332,0.291328,17.208,0.025348,0.01752,0.001032
2.053,-0.7038,0.7956,0.31876,18.84,0.028232,0.01934,0.001124
2.063,-0.6938,0.8548,0.34572,20.48,0.031196,0.02116,0.001204
2.073,-0.6838,0.9108,0.37052,22,0.034,0.02292,0.001276
2.083,-0.6738,0.9624,0.3932,23.52,0.036844,0.0246,0.001336
2.093,-0.6638,1.0092,0.4132,24.84,0.0396,0.0262,0.001384
2.103,-0.6538,1.0492,0.42948,26.04,0.042108,0.0276,0.001412
2.113,-0.6438,1.0828,0.44268,27.12,0.044524,0.02884,0.001424
2.123,-0.6338,1.1088,0.45248,27.84,0.046604,0.02988,0.00142
2.133,-0.6238,1.1272,0.45848,28.6,0.048508,0.03072,0.0014
2.143,-0.6138,1.1384,0.46096,29.04,0.050036,0.03128,0.001368
2.153,-0.6038,1.1432,0.46012,29.32,0.051388,0.03164,0.00132
2.163,-0.5938,1.1412,0.4566,29.56,0.05228,0.03176,0.001264
2.173,-0.5838,1.1368,0.44976,29.48,0.05296,0.03164,0.001196
2.183,-0.5738,1.1224,0.44068,29.4,0.053304,0.03128,0.001128
2.193,-0.5638,1.1064,0.42988,29.16,0.0534,0.0308,0.00106
2.203,-0.5538,1.0896,0.41656,28.8,0.053168,0.03012,0.000992
2.213,-0.5438,1.068,0.40316,28.4,0.052692,0.02932,0.000932
2.223,-0.5338,1.0472,0.38892,28,0.051972,0.02848,0.000876
2.233,-0.5238,1.0236,0.37464,27.48,0.051056,0.02756,0.000832
2.243,-0.5138,0.9996,0.36028,27,0.049948,0.02664,0.000796
2.253,-0.5038,0.9752,0.34684,26.48,0.048644,0.02576,0.000772
2.263,-0.4938,0.9504,0.33496,26.08,0.047272,0.02496,0.000756
2.273,-0.4838,0.9268,0.32476,25.64,0.045912,0.02424,0.000752
2.283,-0.4738,0.9028,0.31632,25.28,0.044528,0.0236,0.000764
2.293,-0.4638,0.8812,0.3104,25,0.0432,0.02312,0.000784
2.303,-0.4538,0.86,0.30664,24.8,0.041892,0.02276,0.000816
2.313,-0.4438,0.842,0.30544,24.76,0.040756,0.02256,0.000856
2.323,-0.4338,0.8252,0.30716,24.76,0.0398,0.02248,0.000912
2.333,-0.4238,0.8116,0.31148,24.96,0.038976,0.02252,0.000976
2.343,-0.4138,0.8004,0.31712,25.2,0.038444,0.02268,0.001048
2.353,-0.4038,0.792,0.32484,25.6,0.03796,0.02292,0.001132
2.363,-0.3938,0.7868,0.33384,26,0.03768,0.02324,0.00122
2.373,-0.3838,0.7836,0.34332,26.52,0.03756,0.02356,0.001312
2.383,-0.3738,0.782,0.35324,27.04,0.037472,0.02392,0.001408
2.393,-0.3638,0.782,0.36232,27.6,0.037452,0.0242,0.0015
2.403,-0.3538,0.7836,0.37004,28.2,0.037536,0.02448,0.001588
2.413,-0.3438,0.786,0.37744,28.76,0.037564,0.02468,0.001668
2.423,-0.3338,0.788,0.38272,29.28,0.037572,0.02484,0.001736
2.433,-0.3238,0.7916,0.38632,29.84,0.03752,0.02496,0.001796
2.443,-0.3138,0.7952,0.38908,30.32,0.037528,0.02504,0.001836
2.453,-0.3038,0.7996,0.38936,30.88,0.037444,0.02512,0.001864
2.463,-0.2938,0.8056,0.38804,31.4,0.037428,0.0252,0.00188
2.473,-0.2838,0.8128,0.38624,32,0.037484,0.02532,0.00188
2.483,-0.2738,0.8208,0.38332,32.64,0.0375,0.02548,0.001868
2.493,-0.2638,0.832,0.38044,33.28,0.037556,0.02572,0.001844
2.503,-0.2538,0.844,0.37636,34.12,0.037736,0.026,0.001812
2.513,-0.2438,0.8576,0.37268,34.92,0.038004,0.02636,0.001776
2.523,-0.2338,0.872,0.36788,35.72,0.03828,0.0268,0.001732
2.533,-0.2238,0.8876,0.36268,36.56,0.0386,0.02728,0.001688
2.543,-0.2138,0.9024,0.35668,37.36,0.038888,0.02772,0.00164
2.553,-0.2038,0.9156,0.34948,38.12,0.03922,0.02816,0.001588
2.563,-0.1938,0.9264,0.34144,38.76,0.039432,0.02856,0.001536
2.573,-0.1838,0.9336,0.33252,39.36,0.03952,0.02884,0.001484
2.583,-0.1738,0.9376,0.32192,39.76,0.039444,0.029,0.001432
2.593,-0.1638,0.9364,0.31012,39.92,0.03928,0.029,0.001372
2.603,-0.1538,0.93,0.29776,39.88,0.038864,0.02888,0.001316
2.613,-0.1438,0.9184,0.28364,39.6,0.038196,0.02856,0.001252
2.623,-0.1338,0.9012,0.268324,39.16,0.037352,0.02804,0.001188
2.633,-0.1238,0.8788,0.25212,38.48,0.036176,0.02732,0.00112
2.643,-0.1138,0.8512,0.234948,37.52,0.034824,0.02648,0.001048
2.653,-0.1038,0.818,0.218168,36.28,0.033256,0.0254,0.000976
2.663,-0.0938,0.7816,0.200024,34.92,0.031476,0.0242,0.0009
2.673,-0.0838,0.74,0.182356,33.4,0.02952,0.02288,0.000824
2.683,-0.0738,0.6948,0.164844,31.56,0.027396,0.02144,0.000748
2.693,-0.0638,0.6472,0.148212,29.64,0.025216,0.01988,0.000676
2.703,-0.0538,0.5976,0.1317,27.52,0.022948,0.01828,0.000604
2.713,-0.0438,0.5468,0.115392,25.4,0.020676,0.01664,0.000532
2.723,-0.0338,0.494,0.100556,23.12,0.0184,0.015,0.000468
2.733,-0.0238,0.442,0.08664,20.76,0.0162,0.01336,0.000404
2.743,-0.0138,0.3916,0.073768,18.48,0.014068,0.01176,0.0003456
2.753,-0.0038,0.342,0.062048,16.256,0.012044,0.01024,0.0002924
2.763,0.0062,0.2944,0.0516,14.072,0.010184,0.0088,0.0002444
2.773,0.0162,0.2508,0.042256,12.02,0.0085,0.00744,0.000202
2.783,0.0262,0.21,0.034204,10.116,0.006988,0.0062,0.0001644
2.793,0.0362,0.17352,0.027224,8.376,0.005664,0.00512,0.000132
2.803,0.0462,0.14056,0.0214392,6.824,0.004516,0.00416,0.0001044
2.813,0.0562,0.11264,0.0165664,5.472,0.0035492,0.003308,8.16e-05
2.823,0.0662,0.08864,0.0126024,4.316,0.00274,0.002596,6.28e-05
2.833,0.0762,0.06852,0.0094316,3.336,0.0020792,0.002004,4.72e-05
2.843,0.0862,0.05212,0.0069456,2.536,0.0015552,0.00152,3.52e-05
2.853,0.0962,0.03888,0.00503,1.892,0.0011428,0.001132,2.572e-05
2.863,0.1062,0.02848,0.003572,1.3912,0.000824,0.000828,1.848e-05
2.873,0.1162,0.02052,0.0025012,1.0008,0.0005836,0.000596,1.304e-05
2.883,0.1262,0.014472,0.00171188,0.706,0.0004052,0.00042,9.04e-06
2.893,0.1362,0.010056,0.00115524,0.4896,0.00027664,0.0002916,6.12e-06
2.903,0.1462,0.006828,0.00076444,0.3324,0.00018568,0.000198,4.08e-06
2.913,0.1562,0.004552,0.00049616,0.2216,0.00012184,0.000132,2.68e-06
2.923,0.1662,0.00298,0.0003156,0.14444,7.856e-05,8.64e-05,1.724e-06
2.933,0.1762,0.0019084,0.000197852,0.0926,4.968e-05,5.52e-05,1.084e-06
2.943,0.1862,0.0012036,0.000120992,0.05808,3.0744e-05,3.472e-05,6.72e-07
2.953,0.1962,0.0007392,7.2752e-05,0.03572,1.8692e-05,2.14e-05,4.04e-07
2.963,0.2062,0.0004468,4.2924e-05,0.0216,1.1124e-05,1.292e-05,2.408e-07
2.973,0.2162,0.0002644,2.48164e-05,0.012724,6.492e-06,7.64e-06,1.4e-07
2.983,0.2262,0.00015312,1.40464e-05,0.00736,3.712e-06,4.44e-06,8e-08
2.993,0.2362,8.712e-05,7.796e-06,0.004176,2.0848e-06,2.52e-06,4.44e-08
3.003,0.2462,4.856e-05,4.2448e-06,0.002316,1.142e-06,1.404e-06,2.44e-08
3.013,0.2562,2.648e-05,2.26284e-06,0.0012636,6.144e-07,7.64e-07,1.308e-08
3.023,0.2662,1.4156e-05,1.184e-06,0.0006732,3.2396e-07,4.08e-07,6.84e-09
3.033,0.2762,7.412e-06,6.0684e-07,0.0003516,1.6736e-07,2.14e-07,3.524e-09
3.043,0.2862,3.808e-06,3.0476e-07,0.00018,8.444e-08,1.1e-07,1.772e-09
3.053,0.2962,1.908e-06,1.49592e-07,9.016e-05,4.18e-08,5.52e-08,8.76e-10
3.063,0.3062,9.408e-07,7.2268e-08,4.424e-05,2.0244e-08,2.716e-08,4.2e-10
3.073,0.3162,4.536e-07,3.41148e-08,2.132e-05,9.628e-09,1.308e-08,1.992e-10
3.083,0.3262,2.144e-07,1.57876e-08,1.0024e-05,4.472e-09,6.2e-09,9.24e-11
3.093,0.3362,9.892e-08,7.1564e-09,4.62e-06,2.038e-09,2.86e-09,4.16e-11
3.103,0.3462,4.492e-08,3.17528e-09,2.088e-06,9.092e-10,1.296e-09,1.852e-11
3.113,0.3562,1.9932e-08,1.37964e-09,9.232e-07,3.968e-10,5.76e-10,8.04e-12
3.123,0.3662,8.656e-09,5.8916e-10,3.996e-07,1.6956e-10,2.496e-10,3.412e-12
3.133,0.3762,3.68e-09,2.46072e-10,1.696e-07,7.104e-11,1.06e-10,1.42e-12
3.143,0.3862,1.5352e-09,1.006e-10,7.044e-08,2.9168e-11,4.44e-11,5.76e-13
3.153,0.3962,6.26e-10,4.02076e-11,2.864e-08,1.1656e-11,1.804e-11,2.296e-13
3.163,0.4062,2.496e-10,1.57224e-11,1.1404e-08,4.584e-12,7.2e-12,8.96e-14
3.173,0.4162,9.736e-11,6.0304e-12,4.444e-09,1.76e-12,2.82e-12,3.404e-14
3.183,0.4262,3.744e-11,2.2728e-12,1.6964e-09,6.64e-13,1.08e-12,1.272e-14
3.193,0.4362,1.384e-11,8.0288e-13,6.268e-10,2.4164e-13,4e-13,4.52e-15
3.203,0.4462,4.804e-12,2.32552e-13,2.12e-10,7.4e-14,1.376e-13,1.324e-15
3.213,0.4562,1.622e-12,7.97e-14,7.2e-11,2.5512e-14,4.72e-14,4.68e-16
3.223,0.4662,3.516e-13,1.1912e-14,1.4192e-11,2.552e-15,9.88e-15,4.232e-29
3.233,0.4762,1.2416e-13,4.208e-15,5.024e-12,9.04e-16,3.5e-15,1.495e-29
3.243,0.4862,0,0,0,0,0,0
3.253,0.4962,0,0,0,0,0,0
3.263,0.5062,0,0,0,0,0,0
3.273,0.5162,0,0,0,0,0,0
3.283,0.5262,0,0,0,0,0,0
3.293,0.5362,0,0,0,0,0,0
3.303,0.5462,0,0,0,0,0,0
3.313,0.5562,0,0,0,0,0,0
3.323,0.5662,0,0,0,0,0,0
3.333,0.5762,0,0,0,0,0,0
3.343,0.5862,0,0,0,0,0,0
3.353,0.5962,0,0,0,0,0,0
3.363,0.6062,0,0,0,0,0,0
3.373,0.6162,0,0,0,0,0,0
3.383,0.6262,0,0,0,0,0,0
3.393,0.6362,0,0,0,0,0,0
3.403,0.6462,0,0,0,0,0,0
3.413,0.6562,0,0,0,0,0,0
3.423,0.6662,0,0,0,0,0,0
3.433,0.6762,0,0,0,0,0,0
3.443,0.6862,0,0,0,0,0,0
3.453,0.6962,0,0,0,0,0,0
3.463,0.7062,0,0,0,0,0,0
3.473,0.7162,0,0,0,0,0,0
3.483,0.7262,0,0,0,0,0,0
3.493,0.7362,0,0,0,0,0,0
3.503,0.7462,0,0,0,0,0,0
3.513,0.7562,0,0,0,0,0,0
3.523,0.7662,0,0,0,0,0,0
3.533,0.7762,0,0,0,0,0,0
3.543,0.7862,0,0,0,0,0,0
3.553,0.7962,0,0,0,0,0,0
3.563,0.8062,0,0,0,0,0,0
3.573,0.8162,0,0,0,0,0,0
3.583,0.8262,0,0,0,0,0,0
3.593,0.8362,0,0,0,0,0,0
3.603,0.8462,0,0,0,0,0,0
3.613,0.8562,0,0,0,0,0,0
3.623,0.8662,0,0,0,0,0,0
3.633,0.8762,0,0,0,0,0,0
3.643,0.8862,0,0,0,0,0,0
3.653,0.8962,0,0,0,0,0,0
3.663,0.9062,0,0,0,0,0,0
3.673,0.9162,0,0,0,0,0,0
3.683,0.9262,0,0,0,0,0,0
3.693,0.9362,0,0,0,0,0,0
3.703,0.9462,0,0,0,0,0,0
3.713,0.9562,0,0,0,0,0,0
3.723,0.9662,0,0,0,0,0,0
3.733,0.9762,0,0,0,0,0,0
3.743,0.9862,0,0,0,0,0,0
3.753,0.9962,0,0,0,0,0,0
3.763,1.0062,0,0,0,0,0,0
3.773,1.0162,0,0,0,0,0,0
3.783,1.0262,0,0,0,0,0,0
3.793,1.0362,0,0,0,0,0,0
3.803,1.0462,0,0,0,0,0,0
3.813,1.0562,0,0,0,0,0,0
3.823,1.0662,0,0,0,0,0,0
3.833,1.0762,0,0,0,0,0,0
3.843,1.0862,0,0,0,0,0,0
3.853,1.0962,0,0,0,0,0,0
3.863,1.1062,0,0,0,0,0,0
3.873,1.1162,0,0,0,0,0,0
3.883,1.1262,0,0,0,0,0,0
3.893,1.1362,0,0,0,0,0,0
3.903,1.1462,0,0,0,0,0,0
3.913,1.1562,0,0,0,0,0,0
3.923,1.1662,0,0,0,0,0,0
3.933,1.1762,0,0,0,0,0,0
3.943,1.1862,0,0,0,0,0,0
3.953,1.1962,0,0,0,0,0,0
3.963,1.2062,0,0,0,0,0,0
3.973,1.2162,0,0,0,0,0,0
3.983,1.2262,0,0,0,0,0,0
3.993,1.2362,0,0,0,0,0,0
4.003,1.2462,0,0,0,0,0,0
4.013,1.2562,0,0,0,0,0,0
4.023,1.2662,0,0,0,0,0,0
4.033,1.2762,0,0,0,0,0,0
4.043,1.2862,0,0,0,0,0,0
4.053,1.2962,0,0,0,0,0,0
4.063,1.3062,0,0,0,0,0,0
4.073,1.3162,0,0,0,0,0,0
4.083,1.3262,0,0,0,0,0,0
4.093,1.3362,0,0,0,0,0,0
4.103,1.3462,0,0,0,0,0,0
4.113,1.3562,0,0,0,0,0,0
4.123,1.3662,0,0,0,0,0,0
4.133,1.3762,0,0,0,0,0,0
4.143,1.3862,0,0,0,0,0,0
4.153,1.3962,0,0,0,0,0,0
4.163,1.4062,0,0,0,0,0,0
4.173,1.4162,0,0,0,0,0,0
4.183,1.4262,0,0,0,0,0,0
4.193,1.4362,0,0,0,0,0,0
4.203,1.4462,0,0,0,0,0,0
4.213,1.4562,0,0,0,0,0,0
4.223,1.4662,0,0,0,0,0,0
4.233,1.4762,0,0,0,0,0,0
4.243,1.4862,0,0,0,0,0,0
4.253,1.4962,0,0,0,0,0,0
4.263,1.5062,0,0,0,0,0,0
4.273,1.5162,0,0,0,0,0,0
4.283,1.5262,0,0,0,0,0,0
4.293,1.5362,0,0,0,0,0,0
4.303,1.5462,0,0,0,0,0,0
4.313,1.5562,0,0,0,0,0,0
4.323,1.5662,0,0,0,0,0,0
4.333,1.5762,0,0,0,0,0,0
4.343,1.5862,0,0,0,0,0,0
4.353,1.5962,0,0,0,0,0,0
4.363,1.6062,0,0,0,0,0,0
4.373,1.6162,0,0,0,0,0,0
4.383,1.6262,0,0,0,0,0,0
4.393,1.6362,0,0,0,0,0,0
4.403,1.6462,0,0,0,0,0,0
4.413,1.6562,0,0,0,0,0,0
4.423,1.6662,0,0,0,0,0,0
4.433,1.6762,0,0,0,0,0,0
4.443,1.6862,0,0,0,0,0,0
4.453,1.6962,0,0,0,0,0,0
4.463,1.7062,0,0,0,0,0,0
4.473,1.7162,0,0,0,0,0,0
4.483,1.7262,0,0,0,0,0,0
4.493,1.7362,0,0,0,0,0,0
4.503,1.7462,0,0,0,0,0,0
4.513,1.7562,0,0,0,0,0,0
4.523,1.7662,0,0,0,0,0,0
4.533,1.7762,0,0,0,0,0,0
4.543,1.7862,0,0,0,0,0,0
4.553,1.7962,0,0,0,0,0,0
4.563,1.8062,0,0,0,0,0,0
4.573,1.8162,0,0,0,0,0,0
4.583,1.8262,0,0,0,0,0,0
4.593,1.8362,0,0,0,0,0,0
4.603,1.8462,0,0,0,0,0,0
4.613,1.8562,0,0,0,0,0,0
4.623,1.8662,0,0,0,0,0,0
4.633,1.8762,0,0,0,0,0,0
4.643,1.8862,0,0,0,0,0,0
4.653,1.8962,0,0,0,0,0,0
4.663,1.9062,0,0,0,0,0,0
4.673,1.9162,0,0,0,0,0,0
4.683,1.9262,0,0,0,0,0,0
4.693,1.9362,0,0,0,0,0,0
4.703,1.9462,0,0,0,0,0,0
4.713,1.9562,0,0,0,0,0,0
4.723,1.9662,0,0,0,0,0,0
4.733,1.9762,0,0,0,0,0,0
4.743,1.9862,0,0,0,0,0,0
4.753,1.9962,0,0,0,0,0,0
4.763,2.0062,0,0,0,0,0,0
4.773,2.0162,0,0,0,0,0,0
4.783,2.0262,0,0,0,0,0,0
4.793,2.0362,0,0,0,0,0,0
4.803,2.0462,0,0,0,0,0,0
4.813,2.0562,0,0,0,0,0,0
4.823,2.0662,0,0,0,0,0,0
4.833,2.0762,0,0,0,0,0,0
4.843,2.0862,0,0,0,0,0,0
4.853,2.0962,0,0,0,0,0,0
4.863,2.1062,0,0,0,0,0,0
4.873,2.1162,0,0,0,0,0,0
4.883,2.1262,0,0,0,0,0,0
4.893,2.1362,0,0,0,0,0,0
4.903,2.1462,0,0,0,0,0,0
4.913,2.1562,0,0,0,0,0,0
4.923,2.1662,0,0,0,0,0,0
4.933,2.1762,0,0,0,0,0,0
4.943,2.1862,0,0,0,0,0,0
4.953,2.1962,0,0,0,0,0,0
4.963,2.2062,0,0,0,0,0,0
4.973,2.2162,0,0,0,0,0,0
4.983,2.2262,0,0,0,0,0,0
4.993,2.2362,0,0,0,0,0,0
5.003,2.2462,0,0,0,0,0,0
5.013,2.2562,0,0,0,0,0,0
5.023,2.2662,0,0,0,0,0,0
5.033,2.2762,0,0,0,0,0,0
5.043,2.2862,0,0,0,0,0,0
5.053,2.2962,0,0,0,0,0,0
5.063,2.3062,0,0,0,0,0,0
5.073,2.3162,0,0,0,0,0,0
5.083,2.3262,0,0,0,0,0,0
5.093,2.3362,0,0,0,0,0,0
5.103,2.3462,0,0,0,0,0,0
5.113,2.3562,0,0,0,0,0,0
5.123,2.3662,0,0,0,0,0,0
5.133,2.3762,0,0,0,0,0,0
5.143,2.3862,0,0,0,0,0,0
5.153,2.3962,0,0,0,0,0,0
5.163,2.4062,0,0,0,0,0,0
5.173,2.4162,0,0,0,0,0,0
5.183,2.4262,0,0,0,0,0,0
5.193,2.4362,0,0,0,0,0,0
5.203,2.4462,0,0,0,0,0,0
5.213,2.4562,0,0,0,0,0,0
5.223,2.4662,0,0,0,0,0,0
5.233,2.4762,0,0,0,0,0,0
5.243,2.4862,0,0,0,0,0,0
5.253,2.4962,0,0,0,0,0,0
5.263,2.5062,0,0,0,0,0,0
5.273,2.5162,0,0,0,0,0,0
5.283,2.5262,0,0,0,0,0,0
5.293,2.5362,0,0,0,0,0,0
5.303,2.5462,0,0,0,0,0,0
5.313,2.5562,0,0,0,0,0,0
5.323,2.5662,0,0,0,0,0,0
5.333,2.5762,0,0,0,0,0,0
5.343,2.5862,0,0,0,0,0,0
5.353,2.5962,0,0,0,0,0,0
5.363,2.6062,0,0,0,0,0,0
5.373,2.6162,0,0,0,0,0,0
5.383,2.6262,0,0,0,0,0,0
5.393,2.6362,0,0,0,0,0,0
5.403,2.6462,0,0,0,0,0,0
5.413,2.6562,0,0,0,0,0,0
5.423,2.6662,0,0,0,0,0,0
5.433,2.6762,0,0,0,0,0,0
5.443,2.6862,0,0,0,0,0,0
5.453,2.6962,0,0,0,0,0,0
5.463,2.7062,0,0,0,0,0,0
5.473,2.7162,0,0,0,0,0,0
5.483,2.7262,0,0,0,0,0,0
5.493,2.7362,0,0,0,0,0,0
5.503,2.7462,0,0,0,0,0,0
5.513,2.7562,0,0,0,0,0,0
5.523,2.7662,0,0,0,0,0,0
5.533,2.7762,0,0,0,0,0,0
5.543,2.7862,0,0,0,0,0,0
5.553,2.7962,0,0,0,0,0,0
5.563,2.8062,0,0,0,0,0,0
5.573,2.8162,0,0,0,0,0,0
5.583,2.8262,0,0,0,0,0,0
5.593,2.8362,0,0,0,0,0,0
5.603,2.8462,0,0,0,0,0,0
5.613,2.8562,0,0,0,0,0,0
5.623,2.8662,0,0,0,0,0,0
5.633,2.8762,0,0,0,0,0,0
5.643,2.8862,0,0,0,0,0,0
5.653,2.8962,0,0,0,0,0,0
5.663,2.9062,0,0,0,0,0,0
5.673,2.9162,0,0,0,0,0,0
5.683,2.9262,0,0,0,0,0,0
5.693,2.9362,0,0,0,0,0,0
5.703,2.9462,0,0,0,0,0,0
5.713,2.9562,0,0,0,0,0,0
5.723,2.9662,0,0,0,0,0,0
5.733,2.9762,0,0,0,0,0,0
5.743,2.9862,0,0,0,0,0,0
5.753,2.9962,0,0,0,0,0,0
5.763,3.0062,0,0,0,0,0,0
5.773,3.0162,0,0,0,0,0,0
5.783,3.0262,0,0,0,0,0,0
5.793,3.0362,0,0,0,0,0,0
5.803,3.0462,0,0,0,0,0,0
5.813,3.0562,0,0,0,0,0,0
5.823,3.0662,0,0,0,0,0,0
5.833,3.0762,0,0,0,0,0,0
5.843,3.0862,0,0,0,0,0,0
5.853,3.0962,0,0,0,0,0,0
5.863,3.1062,0,0,0,0,0,0
5.873,3.1162,0,0,0,0,0,0
5.883,3.1262,0,0,0,0,0,0
5.893,3.1362,0,0,0,0,0,0
5.903,3.1462,0,0,0,0,0,0
5.913,3.1562,0,0,0,0,0,0
5.923,3.1662,0,0,0,0,0,0
5.933,3.1762,0,0,0,0,0,0
5.943,3.1862,0,0,0,0,0,0
5.953,3.1962,0,0,0,0,0,0
5.963,3.2062,0,0,0,0,0,0
5.973,3.2162,0,0,0,0,0,0
5.983,3.2262,0,0,0,0,0,0
5.993,3.2362,0,0,0,0,0,0
6.003,3.2462,0,0,0,0,0,0
6.013,3.2562,0,0,0,0,0,0
6.023,3.2662,0,0,0,0,0,0
6.033,3.2762,0,0,0,0,0,0
6.043,3.2862,0,0,0,0,0,0
6.053,3.2962,0,0,0,0,0,0
6.063,3.3062,0,0,0,0,0,0
6.073,3.3162,0,0,0,0,0,0
6.083,3.3262,0,0,0,0,0,0
6.093,3.3362,0,0,0,0,0,0
6.103,3.3462,0,0,0,0,0,0
6.113,3.3562,0,0,0,0,0,0
6.123,3.3662,0,0,0,0,0,0
6.133,3.3762,0,0,0,0,0,0
6.143,3.3862,0,0,0,0,0,0
6.153,3.3962,0,0,0,0,0,0
6.163,3.4062,0,0,0,0,0,0
6.173,3.4162,0,0,0,0,0,0
6.183,3.4262,0,0,0,0,0,0
6.193,3.4362,0,0,0,0,0,0
6.203,3.4462,0,0,0,0,0,0
6.213,3.4562,0,0,0,0,0,0
6.223,3.4662,0,0,0,0,0,0
6.233,3.4762,0,0,0,0,0,0
6.243,3.4862,0,0,0,0,0,0
6.253,3.4962,0,0,0,0,0,0
6.263,3.5062,0,0,0,0,0,0
6.273,3.5162,0,0,0,0,0,0
6.283,3.5262,0,0,0,0,0,0
6.293,3.5362,0,0,0,0,0,0
6.303,3.5462,0,0,0,0,0,0
6.313,3.5562,0,0,0,0,0,0
6.323,3.5662,0,0,0,0,0,0
6.333,3.5762,0,0,0,0,0,0
6.343,3.5862,0,0,0,0,0,0
6.353,3.5962,0,0,0,0,0,0
6.363,3.6062,0,0,0,0,0,0
6.373,3.6162,0,0,0,0,0,0
6.383,3.6262,0,0,0,0,0,0
6.393,3.6362,0,0,0,0,0,0
6.403,3.6462,0,0,0,0,0,0
6.413,3.6562,0,0,0,0,0,0
6.423,3.6662,0,0,0,0,0,0
6.433,3.6762,0,0,0,0,0,0
6.443,3.6862,0,0,0,0,0,0
6.453,3.6962,0,0,0,0,0,0
6.463,3.7062,0,0,0,0,0,0
6.473,3.7162,0,0,0,0,0,0
6.483,3.7262,0,0,0,0,0,0
6.493,3.7362,0,0,0,0,0,0
6.503,3.7462,0,0,0,0,0,0
6.513,3.7562,0,0,0,0,0,0
6.523,3.7662,0,0,0,0,0,0
6.533,3.7762,0,0,0,0,0,0
6.543,3.7862,0,0,0,0,0,0
6.553,3.7962,0,0,0,0,0,0
6.563,3.8062,0,0,0,0,0,0
6.573,3.8162,0,0,0,0,0,0
6.583,3.8262,0,0,0,0,0,0
6.593,3.8362,0,0,0,0,0,0
6.603,3.8462,0,0,0,0,0,0
6.613,3.8562,0,0,0,0,0,0
6.623,3.8662,0,0,0,0,0,0
6.633,3.8762,0,0,0,0,0,0
6.643,3.8862,0,0,0,0,0,0
6.653,3.8962,0,0,0,0,0,0
6.663,3.9062,0,0,0,0,0,0
6.673,3.9162,0,0,0,0,0,0
6.683,3.9262,0,0,0,0,0,0
6.693,3.9362,0,0,0,0,0,0
6.703,3.9462,0,0,0,0,0,0
6.713,3.9562,0,0,0,0,0,0
6.723,3.9662,0,0,0,0,0,0
6.733,3.9762,0,0,0,0,0,0
6.743,3.9862,0,0,0,0,0,0
6.753,3.9962,0,0,0,0,0,0
6.763,4.0062,0,0,0,0,0,0
6.773,4.0162,0,0,0,0,0,0
6.783,4.0262,0,0,0,0,0,0
6.793,4.0362,0,0,0,0,0,0
6.803,4.0462,0,0,0,0,0,0
6.813,4.0562,0,0,0,0,0,0
6.823,4.0662,0,0,0,0,0,0
6.833,4.0762,0,0,0,0,0,0
6.843,4.0862,0,0,0,0,0,0
6.853,4.0962,0,0,0,0,0,0
6.863,4.1062,0,0,0,0,0,0
6.873,4.1162,0,0,0,0,0,0
6.883,4.1262,0,0,0,0,0,0
6.893,4.1362,0,0,0,0,0,0
6.903,4.1462,0,0,0,0,0,0
6.913,4.1562,0,0,0,0,0,0
6.923,4.1662,0,0,0,0,0,0
6.933,4.1762,0,0,0,0,0,0
6.943,4.1862,0,0,0,0,0,0
6.953,4.1962,0,0,0,0,0,0
6.963,4.2062,0,0,0,0,0,0
6.973,4.2162,0,0,0,0,0,0
6.983,4.2262,0,0,0,0,0,0
6.993,4.2362,0,0,0,0,0,0
7.003,4.2462,0,0,0,0,0,0
7.013,4.2562,0,0,0,0,0,0
7.023,4.2662,0,0,0,0,0,0
7.033,4.2762,0,0,0,0,0,0
7.043,4.2862,0,0,0,0,0,0
7.053,4.2962,0,0,0,0,0,0
7.063,4.3062,0,0,0,0,0,0
7.073,4.3162,0,0,0,0,0,0
7.083,4.3262,0,0,0,0,0,0
7.093,4.3362,0,0,0,0,0,0
7.103,4.3462,0,0,0,0,0,0
7.113,4.3562,0,0,0,0,0,0
7.123,4.3662,0,0,0,0,0,0
7.133,4.3762,0,0,0,0,0,0
7.143,4.3862,0,0,0,0,0,0
7.153,4.3962,0,0,0,0,0,0
7.163,4.4062,0,0,0,0,0,0
7.173,4.4162,0,0,0,0,0,0
7.183,4.4262,0,0,0,0,0,0
7.193,4.4362,0,0,0,0,0,0
7.203,4.4462,0,0,0,0,0,0
7.213,4.4562,0,0,0,0,0,0
7.223,4.4662,0,0,0,0,0,0
7.233,4.4762,0,0,0,0,0,0
7.243,4.4862,0,0,0,0,0,0
7.253,4.4962,0,0,0,0,0,0
7.263,4.5062,0,0,0,0,0,0
7.273,4.5162,0,0,0,0,0,0
7.283,4.5262,0,0,0,0,0,0
7.293,4.5362,0,0,0,0,0,0
7.303,4.5462,0,0,0,0,0,0
7.313,4.5562,0,0,0,0,0,0
7.323,4.5662,0,0,0,0,0,0
7.333,4.5762,0,0,0,0,0,0
7.343,4.5862,0,0,0,0,0,0
7.353,4.5962,0,0,0,0,0,0
7.363,4.6062,0,0,0,0,0,0
7.373,4.6162,0,0,0,0,0,0
7.383,4.6262,0,0,0,0,0,0
7.393,4.6362,0,0,0,0,0,0
7.403,4.6462,0,0,0,0,0,0
7.413,4.6562,0,0,0,0,0,0
7.423,4.6662,0,0,0,0,0,0
7.433,4.6762,0,0,0,0,0,0
7.443,4.6862,0,0,0,0,0,0
7.453,4.6962,0,0,0,0,0,0
7.463,4.7062,0,0,0,0,0,0
7.473,4.7162,0,0,0,0,0,0
7.483,4.7262,0,0,0,0,0,0
7.493,4.7362,0,0,0,0,0,0
7.503,4.7462,0,0,0,0,0,0
7.513,4.7562,0,0,0,0,0,0
7.523,4.7662,0,0,0,0,0,0
7.533,4.7762,0,0,0,0,0,0
7.543,4.7862,0,0,0,0,0,0
7.553,4.7962,0,0,0,0,0,0
7.563,4.8062,0,0,0,0,0,0
7.573,4.8162,0,0,0,0,0,0
7.583,4.8262,0,0,0,0,0,0
7.593,4.8362,0,0,0,0,0,0
7.603,4.8462,0,0,0,0,0,0
7.613,4.8562,0,0,0,0,0,0
7.623,4.8662,0,0,0,0,0,0
7.633,4.8762,0,0,0,0,0,0
7.643,4.8862,0,0,0,0,0,0
7.653,4.8962,0,0,0,0,0,0
7.663,4.9062,0,0,0,0,0,0
7.673,4.9162,0,0,0,0,0,0
7.683,4.9262,0,0,0,0,0,0
7.693,4.9362,0,0,0,0,0,0
7.703,4.9462,0,0,0,0,0,0
7.713,4.9562,0,0,0,0,0,0
7.723,4.9662,0,0,0,0,0,0
7.733,4.9762,0,0,0,0,0,0
7.743,4.9862,0,0,0,0,0,0
7.753,4.9962,0,0,0,0,0,0
7.763,5.0062,0,0,0,0,0,0
7.773,5.0162,0,0,0,0,0,0
7.783,5.0262,0,0,0,0,0,0
7.793,5.0362,0,0,0,0,0,0
7.803,5.0462,0,0,0,0,0,0
7.813,5.0562,0,0,0,0,0,0
7.823,5.0662,0,0,0,0,0,0
7.833,5.0762,0,0,0,0,0,0
7.843,5.0862,0,0,0,0,0,0
7.853,5.0962,0,0,0,0,0,0
7.863,5.1062,0,0,0,0,0,0
7.873,5.1162,0,0,0,0,0,0
7.883,5.1262,0,0,0,0,0,0
7.893,5.1362,0,0,0,0,0,0
7.903,5.1462,0,0,0,0,0,0
7.913,5.1562,0,0,0,0,0,0
7.923,5.1662,0,0,0,0,0,0
7.933,5.1762,0,0,0,0,0,0
7.943,5.1862,0,0,0,0,0,0
7.953,5.1962,0,0,0,0,0,0
7.963,5.2062,0,0,0,0,0,0
7.973,5.2162,0,0,0,0,0,0
7.983,5.2262,0,0,0,0,0,0
7.993,5.2362,0,0,0,0,0,0
8.003,5.2462,0,0,0,0,0,0
8.013,5.2562,0,0,0,0,0,0
8.023,5.2662,0,0,0,0,0,0
8.033,5.2762,0,0,0,0,0,0
8.043,5.2862,0,0,0,0,0,0
8.053,5.2962,0,0,0,0,0,0
8.063,5.3062,0,0,0,0,0,0
8.073,5.3162,0,0,0,0,0,0
8.083,5.3262,0,0,0,0,0,0
8.093,5.3362,0,0,0,0,0,0
8.103,5.3462,4.948e-14,1.77412e-12,5.836e-14,9.632e-13,3.42e-15,1.268e-13
8.113,5.3562,1.396e-13,4.99452e-12,1.6448e-13,2.712e-12,9.64e-15,3.576e-13
8.123,5.3662,3.852e-13,1.37676e-11,4.548e-13,7.492e-12,2.664e-14,9.88e-13
8.133,5.3762,1.0384e-12,3.72048e-11,1.2252e-12,2.02e-11,7.2e-14,2.664e-12
8.143,5.3862,2.7448e-12,9.8216e-11,3.236e-12,5.336e-11,1.896e-13,7.04e-12
8.153,5.3962,7.104e-12,2.53628e-10,8.364e-12,1.3784e-10,4.88e-13,1.816e-11
8.163,5.4062,1.7912e-11,6.404e-10,2.112e-11,3.484e-10,1.236e-12,4.6e-11
8.173,5.4162,4.424e-11,1.58564e-09,5.228e-11,8.608e-10,3.06e-12,1.136e-10
8.183,5.4262,1.0696e-10,3.83104e-09,1.264e-10,2.084e-09,7.4e-12,2.74e-10
8.193,5.4362,2.5288e-10,9.0508e-09,2.984e-10,4.924e-09,1.748e-11,6.48e-10
8.203,5.4462,5.848e-10,2.0938e-08,6.9e-10,1.1376e-08,4.04e-11,1.5e-09
8.213,5.4562,1.3224e-09,4.74064e-08,1.564e-09,2.576e-08,9.16e-11,3.392e-09
8.223,5.4662,2.9296e-09,1.04856e-07,3.456e-09,5.704e-08,2.024e-10,7.52e-09
8.233,5.4762,6.328e-09,2.27e-07,7.484e-09,1.2332e-07,4.4e-10,1.624e-08
8.243,5.4862,1.3432e-08,4.80224e-07,1.5864e-08,2.612e-07,9.28e-10,3.444e-08
8.253,5.4962,2.7816e-08,9.9568e-07,3.284e-08,5.412e-07,1.924e-09,7.12e-08
8.263,5.5062,5.64e-08,2.01596e-06,6.652e-08,1.0968e-06,3.896e-09,1.444e-07
8.273,5.5162,1.1168e-07,3.99908e-06,1.3196e-07,2.172e-06,7.72e-09,2.864e-07
8.283,5.5262,2.1656e-07,7.7524e-06,2.552e-07,4.208e-06,1.496e-08,5.56e-07
8.293,5.5362,4.112e-07,1.47496e-05,4.848e-07,7.992e-06,2.84e-08,1.052e-06
8.303,5.5462,7.632e-07,2.73288e-05,8.996e-07,1.482e-05,5.28e-08,1.956e-06
8.313,5.5562,1.3848e-06,4.9534e-05,1.6324e-06,2.696e-05,9.56e-08,3.548e-06
8.323,5.5662,2.4552e-06,8.7972e-05,2.896e-06,4.78e-05,1.696e-07,6.28e-06
8.333,5.5762,4.264e-06,0.000152432,5.036e-06,8.296e-05,2.948e-07,1.092e-05
8.343,5.5862,7.264e-06,0.000259364,8.552e-06,0.00014096,5e-07,1.856e-05
8.353,5.5962,1.2056e-05,0.000431044,1.4192e-05,0.0002344,8.32e-07,3.088e-05
8.363,5.6062,1.9592e-05,0.0007006,2.304e-05,0.0003812,1.352e-06,5e-05
8.373,5.6162,3.1136e-05,0.00111408,3.672e-05,0.0006056,2.152e-06,7.96e-05
8.383,5.6262,4.844e-05,0.0017292,5.708e-05,0.0009412,3.344e-06,0.000124
8.393,5.6362,7.376e-05,0.0026346,8.692e-05,0.0014324,5.08e-06,0.0001888
8.403,5.6462,0.0001096,0.00392124,0.00012912,0.002132,7.56e-06,0.0002808
8.413,5.6562,0.0001596,0.005712,0.00018808,0.003104,1.104e-05,0.000408
8.423,5.6662,0.00022712,0.0081288,0.000268,0.004416,1.568e-05,0.000584
8.433,5.6762,0.00031656,0.0113292,0.0003732,0.006156,2.188e-05,0.000812
8.443,5.6862,0.0004312,0.0154068,0.0005092,0.008384,2.98e-05,0.001104
8.453,5.6962,0.0005744,0.0205688,0.0006784,0.011176,3.972e-05,0.001472
8.463,5.7062,0.0007488,0.0268376,0.000884,0.014572,5.16e-05,0.00192
8.473,5.7162,0.0009544,0.0341728,0.0011272,0.0186,6.6e-05,0.002448
8.483,5.7262,0.0011912,0.042614,0.0014064,0.02316,8.24e-05,0.003056
8.493,5.7362,0.0014544,0.0520808,0.0017168,0.02832,0.0001004,0.003728
8.503,5.7462,0.0017384,0.062156,0.002052,0.03372,0.00012,0.00444
8.513,5.7562,0.0020288,0.072608,0.002396,0.03944,0.00014,0.0052
8.523,5.7662,0.0023192,0.082932,0.002736,0.04504,0.00016,0.00592
8.533,5.7762,0.0025944,0.092644,0.00306,0.05032,0.0001788,0.00664
8.543,5.7862,0.0028392,0.101244,0.003344,0.05504,0.0001956,0.00724
8.553,5.7962,0.003044,0.108296,0.003576,0.05884,0.0002096,0.00776
8.563,5.8062,0.0031984,0.113336,0.003744,0.0616,0.0002192,0.00812
8.573,5.8162,0.003296,0.116084,0.00384,0.06308,0.0002252,0.00832
8.583,5.8262,0.00334,0.116324,0.00386,0.06324,0.0002264,0.00832
8.593,5.8362,0.00334,0.114196,0.003812,0.06212,0.0002232,0.0082
8.603,5.8462,0.003312,0.109896,0.003692,0.0598,0.0002164,0.00788
8.613,5.8562,0.00328,0.103756,0.003536,0.0566,0.0002072,0.00744
8.623,5.8662,0.003276,0.096352,0.003352,0.05264,0.0001964,0.00692
8.633,5.8762,0.003356,0.088288,0.003176,0.0484,0.0001864,0.00636
8.643,5.8862,0.00356,0.080392,0.00304,0.04432,0.0001784,0.0058
8.653,5.8962,0.003956,0.07312,0.002984,0.04072,0.0001752,0.00532
8.663,5.9062,0.004604,0.067368,0.003028,0.03796,0.0001788,0.00496
8.673,5.9162,0.005568,0.063668,0.003224,0.03648,0.0001908,0.00472
8.683,5.9262,0.006908,0.062484,0.003592,0.03652,0.0002132,0.00468
8.693,5.9362,0.008696,0.064256,0.00416,0.03836,0.0002484,0.00488
8.703,5.9462,0.010992,0.069196,0.004948,0.04204,0.0002972,0.00532
8.713,5.9562,0.01376,0.077304,0.005968,0.04784,0.0003608,0.00604
8.723,5.9662,0.01712,0.088588,0.007216,0.05544,0.00044,0.00696
8.733,5.9762,0.021,0.102712,0.008676,0.0648,0.000532,0.00812
8.743,5.9862,0.02536,0.119504,0.010336,0.07572,0.000644,0.00944
8.753,5.9962,0.03016,0.138076,0.012152,0.08796,0.000764,0.01092
8.763,6.0062,0.0354,0.158284,0.014112,0.10104,0.000904,0.01252
8.773,6.0162,0.04104,0.17892,0.016132,0.11468,0.001052,0.01416
8.783,6.0262,0.04692,0.199172,0.01824,0.12844,0.001212,0.01584
8.793,6.0362,0.05312,0.219808,0.02028,0.14204,0.001388,0.01744
8.803,6.0462,0.0596,0.238844,0.02244,0.15552,0.001572,0.019
8.813,6.0562,0.06628,0.257852,0.02452,0.16752,0.001768,0.02044
8.823,6.0662,0.0732,0.274836,0.02652,0.18,0.001976,0.0218
8.833,6.0762,0.0804,0.290196,0.0286,0.1916,0.0022,0.02308
8.843,6.0862,0.08784,0.30554,0.03068,0.2028,0.002428,0.02428
8.853,6.0962,0.09548,0.319272,0.03272,0.2128,0.002668,0.0254
8.863,6.1062,0.10316,0.33218,0.03476,0.2228,0.002912,0.02644
8.873,6.1162,0.11088,0.34346,0.03672,0.2328,0.003152,0.02744
8.883,6.1262,0.118,0.353908,0.03864,0.2404,0.003384,0.02832
8.893,6.1362,0.1244,0.362676,0.04036,0.2488,0.003592,0.02912
8.903,6.1462,0.13,0.369004,0.04192,0.2544,0.003772,0.02976
8.913,6.1562,0.1344,0.372824,0.04308,0.258,0.003916,0.03016
8.923,6.1662,0.1376,0.373416,0.04388,0.2596,0.004,0.03036
8.933,6.1762,0.1396,0.370608,0.0442,0.2596,0.00408,0.03024
8.943,6.1862,0.1392,0.365288,0.04416,0.2568,0.00408,0.02988
8.953,6.1962,0.1376,0.355372,0.04376,0.2512,0.00404,0.02924
8.963,6.2062,0.136,0.343916,0.043,0.2444,0.00398,0.02836
8.973,6.2162,0.1332,0.329884,0.04216,0.2356,0.003916,0.0274
8.983,6.2262,0.1316,0.31594,0.04148,0.2272,0.00386,0.02636
8.993,6.2362,0.1312,0.30362,0.04104,0.2208,0.003844,0.02548
9.003,6.2462,0.1324,0.29462,0.04124,0.216,0.003884,0.02484
9.013,6.2562,0.136,0.289808,0.0422,0.2156,0.004,0.02456
9.023,6.2662,0.1436,0.290816,0.04416,0.2196,0.00424,0.0248
9.033,6.2762,0.1548,0.298892,0.04732,0.228,0.00456,0.0256
9.043,6.2862,0.17,0.31362,0.05168,0.2432,0.00504,0.02708
9.053,6.2962,0.19,0.33588,0.05724,0.2636,0.0056,0.02916
9.063,6.3062,0.2128,0.36604,0.06396,0.2896,0.00628,0.03184
9.073,6.3162,0.2388,0.39992,0.07152,0.3184,0.00704,0.035
9.083,6.3262,0.266,0.43796,0.07976,0.3516,0.00788,0.03856
9.093,6.3362,0.2936,0.47808,0.08816,0.386,0.00868,0.0424
9.103,6.3462,0.322,0.5182,0.0966,0.4196,0.00952,0.046
9.113,6.3562,0.348,0.55508,0.10448,0.4516,0.01028,0.0496
9.123,6.3662,0.3716,0.58732,0.11164,0.4796,0.01096,0.0524
9.133,6.3762,0.3912,0.61416,0.11768,0.5024,0.01156,0.0552
9.143,6.3862,0.4072,0.63344,0.12244,0.5208,0.012,0.0568
9.153,6.3962,0.4192,0.64408,0.12568,0.5316,0.01236,0.058
9.163,6.4062,0.4252,0.64756,0.12748,0.5364,0.01256,0.0584
9.173,6.4162,0.4276,0.64272,0.1278,0.5348,0.01264,0.0584
9.183,6.4262,0.426,0.63084,0.1268,0.5268,0.01256,0.0572
9.193,6.4362,0.4196,0.61144,0.12444,0.5144,0.0124,0.0556
9.203,6.4462,0.4108,0.58828,0.12116,0.4972,0.01216,0.0536
9.213,6.4562,0.3984,0.56004,0.11688,0.4768,0.0118,0.0512
9.223,6.4662,0.3836,0.52976,0.11212,0.454,0.0114,0.0484
9.233,6.4762,0.3684,0.49768,0.1068,0.4292,0.01096,0.0456
9.243,6.4862,0.3516,0.46452,0.10144,0.4044,0.01048,0.0424
9.253,6.4962,0.3356,0.43328,0.09628,0.3796,0.01004,0.03976
9.263,6.5062,0.3208,0.40372,0.09164,0.3576,0.00964,0.03716
9.273,6.5162,0.3096,0.378,0.0878,0.3376,0.00932,0.03492
9.283,6.5262,0.3012,0.3568,0.08532,0.3224,0.00912,0.03316
9.293,6.5362,0.2988,0.34156,0.0844,0.3132,0.00908,0.032
9.303,6.5462,0.302,0.33424,0.08532,0.3108,0.0092,0.03156
9.313,6.5562,0.3124,0.33488,0.08836,0.3156,0.00956,0.03188
9.323,6.5662,0.3308,0.34356,0.0936,0.328,0.01016,0.03304
9.333,6.5762,0.356,0.3598,0.10088,0.348,0.01096,0.03492
9.343,6.5862,0.3876,0.38324,0.10996,0.3744,0.01196,0.03748
9.353,6.5962,0.424,0.41164,0.1204,0.4056,0.01312,0.0404
9.363,6.6062,0.462,0.44384,0.13164,0.44,0.01432,0.044
9.373,6.6162,0.5008,0.47684,0.14284,0.4748,0.01556,0.0476
9.383,6.6262,0.5372,0.50772,0.15324,0.5076,0.01668,0.0508
9.393,6.6362,0.568,0.534,0.16164,0.5348,0.01764,0.0532
9.403,6.6462,0.5908,0.55304,0.1684,0.5548,0.01836,0.0552
9.413,6.6562,0.6036,0.5636,0.1724,0.566,0.01876,0.0564
9.423,6.6662,0.606,0.56368,0.1724,0.5664,0.01884,0.0564
9.433,6.6762,0.5964,0.55316,0.17,0.5572,0.0186,0.0556
9.443,6.6862,0.5776,0.53332,0.16368,0.5376,0.01804,0.0536
9.453,6.6962,0.55,0.5046,0.15548,0.5096,0.01724,0.0508
9.463,6.7062,0.5168,0.4692,0.1452,0.4756,0.01624,0.0472
9.473,6.7162,0.4804,0.4296,0.13388,0.4376,0.0152,0.0432
9.483,6.7262,0.444,0.38916,0.12232,0.3992,0.0142,0.0392
9.493,6.7362,0.4116,0.35,0.11156,0.362,0.01332,0.03536
9.503,6.7462,0.3848,0.31584,0.1022,0.3304,0.01264,0.03192
9.513,6.7562,0.368,0.28604,0.09512,0.3052,0.01228,0.02912
9.523,6.7662,0.3604,0.26468,0.09056,0.288,0.01228,0.02712
9.533,6.7762,0.364,0.25096,0.08908,0.28,0.01268,0.02596
9.543,6.7862,0.3792,0.24652,0.0904,0.2812,0.01348,0.02572
9.553,6.7962,0.4056,0.2502,0.09476,0.2916,0.01464,0.02632
9.563,6.8062,0.4416,0.261,0.10164,0.3104,0.01616,0.02772
9.573,6.8162,0.4848,0.2778,0.11072,0.3356,0.01792,0.02972
9.583,6.8262,0.5352,0.29928,0.1214,0.3648,0.01996,0.03228
9.593,6.8362,0.5884,0.32412,0.13316,0.3988,0.02212,0.03512
9.603,6.8462,0.6436,0.3506,0.14552,0.434,0.0244,0.03812
9.613,6.8562,0.6988,0.37592,0.15772,0.4684,0.02664,0.0412
9.623,6.8662,0.7504,0.40072,0.16936,0.5016,0.02888,0.044
9.633,6.8762,0.798,0.4226,0.1792,0.5316,0.03096,0.0464
9.643,6.8862,0.8392,0.43984,0.1884,0.556,0.03284,0.0484
9.653,6.8962,0.8736,0.45324,0.1952,0.5764,0.03452,0.0496
9.663,6.9062,0.9,0.46188,0.2,0.5904,0.03588,0.0508
9.673,6.9162,0.9176,0.46468,0.2028,0.5976,0.03692,0.0512
9.683,6.9262,0.9264,0.46236,0.2036,0.5992,0.0376,0.0508
9.693,6.9362,0.9268,0.4558,0.202,0.5948,0.03796,0.05
9.703,6.9462,0.9204,0.44572,0.1996,0.586,0.03796,0.0488
9.713,6.9562,0.9096,0.4324,0.1968,0.5744,0.03772,0.0476
9.723,6.9662,0.8952,0.41856,0.1932,0.5608,0.03728,0.046
9.733,6.9762,0.8824,0.40392,0.19,0.5476,0.0368,0.0448
9.743,6.9862,0.8724,0.3924,0.1888,0.5372,0.03636,0.044
9.753,6.9962,0.8708,0.3834,0.1892,0.5324,0.03612,0.0436
9.763,7.0062,0.88,0.38052,0.1936,0.5344,0.03628,0.0436
9.773,7.0162,0.9032,0.3824,0.2004,0.5452,0.03696,0.0448
9.783,7.0262,0.9428,0.392,0.2116,0.5664,0.03824,0.0464
9.793,7.0362,0.9996,0.40772,0.2264,0.5972,0.0404,0.0492
9.803,7.0462,1.0736,0.42992,0.2452,0.6388,0.0432,0.0528
9.813,7.0562,1.1664,0.4582,0.2664,0.6888,0.0468,0.0568
9.823,7.0662,1.276,0.49076,0.292,0.7456,0.0508,0.0612
9.833,7.0762,1.388,0.5264,0.3176,0.808,0.056,0.0664
9.843,7.0862,1.512,0.5622,0.3448,0.874,0.0616,0.0712
9.853,7.0962,1.644,0.59832,0.372,0.9404,0.0676,0.076
9.863,7.1062,1.78,0.632,0.398,1.0048,0.0736,0.0808
9.873,7.1162,1.912,0.6614,0.4228,1.066,0.0804,0.0848
9.883,7.1262,2.032,0.6874,0.4452,1.1224,0.0868,0.0884
9.893,7.1362,2.152,0.70784,0.4644,1.172,0.0932,0.0916
9.903,7.1462,2.256,0.72264,0.4816,1.214,0.0992,0.094
9.913,7.1562,2.348,0.73272,0.4956,1.2484,0.1044,0.0956
9.923,7.1662,2.42,0.73752,0.506,1.2728,0.1092,0.0972
9.933,7.1762,2.476,0.73668,0.5136,1.2888,0.1132,0.098
9.943,7.1862,2.516,0.731,0.518,1.2964,0.1164,0.0984
9.953,7.1962,2.528,0.72052,0.5188,1.2944,0.1184,0.0984
9.963,7.2062,2.524,0.70688,0.5164,1.2848,0.1196,0.0984
9.973,7.2162,2.508,0.68884,0.512,1.2664,0.12,0.098
9.983,7.2262,2.468,0.66848,0.5044,1.242,0.1192,0.0976
9.993,7.2362,2.408,0.6454,0.4956,1.2128,0.118,0.0972
10.003,7.2462,2.348,0.6214,0.4856,1.18,0.1164,0.0968
10.013,7.2562,2.28,0.59644,0.4744,1.1436,0.1148,0.0964
10.023,7.2662,2.208,0.57112,0.4632,1.1088,0.1128,0.0964
10.033,7.2762,2.14,0.54688,0.4516,1.0732,0.1108,0.0964
10.043,7.2862,2.076,0.52316,0.4412,1.04,0.1092,0.0964
10.053,7.2962,2.02,0.50104,0.4308,1.0084,0.1072,0.0964
10.063,7.3062,1.968,0.47976,0.4208,0.9796,0.106,0.096
10.073,7.3162,1.924,0.45976,0.4116,0.9524,0.1044,0.0952
10.083,7.3262,1.884,0.44056,0.4024,0.9272,0.1028,0.0944
10.093,7.3362,1.852,0.42224,0.3928,0.9036,0.1016,0.0928
10.103,7.3462,1.824,0.40472,0.3836,0.8816,0.1,0.0908
10.113,7.3562,1.812,0.3876,0.3748,0.862,0.0984,0.0884
10.123,7.3662,1.8,0.37144,0.3668,0.8448,0.0972,0.0856
10.133,7.3762,1.792,0.357,0.3592,0.83,0.096,0.0832
10.143,7.3862,1.804,0.34396,0.3536,0.8212,0.0952,0.0812
10.153,7.3962,1.824,0.33316,0.3508,0.8176,0.0952,0.08
10.163,7.4062,1.86,0.32632,0.35,0.8196,0.0956,0.0804
10.173,7.4162,1.908,0.32136,0.354,0.8292,0.0968,0.082
10.183,7.4262,1.96,0.32044,0.3612,0.8464,0.0988,0.0852
10.193,7.4362,2.032,0.32352,0.3728,0.8728,0.102,0.0908
10.203,7.4462,2.112,0.33032,0.3884,0.9064,0.1064,0.0988
10.213,7.4562,2.212,0.34108,0.4084,0.9484,0.1116,0.1088
10.223,7.4662,2.32,0.35412,0.4324,0.9972,0.118,0.1208
10.233,7.4762,2.436,0.3708,0.4592,1.0536,0.1256,0.1344
10.243,7.4862,2.568,0.38892,0.49,1.1144,0.1336,0.1492
10.253,7.4962,2.696,0.40848,0.5212,1.1776,0.1424,0.1644
10.263,7.5062,2.828,0.42892,0.5536,1.2436,0.1512,0.1796
10.273,7.5162,2.968,0.44812,0.5852,1.3084,0.16,0.194
10.283,7.5262,3.096,0.46684,0.6156,1.37,0.1684,0.2072
10.293,7.5362,3.208,0.4822,0.642,1.4252,0.1756,0.218
10.303,7.5462,3.32,0.49528,0.6656,1.4744,0.182,0.2264
10.313,7.5562,3.412,0.50484,0.6832,1.5208,0.1868,0.2324
10.323,7.5662,3.48,0.51068,0.6968,1.5504,0.1904,0.2352
10.333,7.5762,3.54,0.5122,0.7052,1.572,0.192,0.236
10.343,7.5862,3.584,0.51,0.7092,1.5856,0.1924,0.2348
10.353,7.5962,3.612,0.50504,0.7096,1.5952,0.1916,0.2324
10.363,7.6062,3.624,0.49732,0.7072,1.5932,0.19,0.2296
10.373,7.6162,3.636,0.48764,0.7036,1.5908,0.1884,0.2272
10.383,7.6262,3.652,0.47656,0.7,1.5844,0.1868,0.2268
10.393,7.6362,3.672,0.46412,0.6972,1.582,0.1864,0.2284
10.403,7.6462,3.696,0.45272,0.6968,1.5844,0.1872,0.2332
10.413,7.6562,3.728,0.44092,0.6988,1.5868,0.1896,0.2416
10.423,7.6662,3.776,0.43028,0.704,1.5932,0.194,0.2532
10.433,7.6762,3.836,0.42008,0.7116,1.6076,0.2004,0.2684
10.443,7.6862,3.912,0.41072,0.7224,1.6244,0.2088,0.2868
10.453,7.6962,3.992,0.40188,0.736,1.6424,0.2192,0.3068
10.463,7.7062,4.084,0.39396,0.7516,1.6672,0.2312,0.3284
10.473,7.7162,4.18,0.3858,0.7672,1.6896,0.2444,0.3504
10.483,7.7262,4.268,0.37896,0.7836,1.716,0.2584,0.3712
10.493,7.7362,4.356,0.37152,0.7996,1.7412,0.2736,0.3904
10.503,7.7462,4.444,0.36508,0.814,1.7612,0.2888,0.408
10.513,7.7562,4.528,0.358,0.8272,1.7772,0.3044,0.42
10.523,7.7662,4.604,0.35156,0.8392,1.7932,0.32,0.428
10.533,7.7762,4.676,0.3448,0.8492,1.8136,0.336,0.432
10.543,7.7862,4.74,0.33948,0.858,1.8232,0.352,0.436
10.553,7.7962,4.804,0.33388,0.8656,1.8304,0.3688,0.432
10.563,7.8062,4.868,0.32948,0.8732,1.844,0.3856,0.428
10.573,7.8162,4.928,0.32556,0.8804,1.8556,0.404,0.42
10.583,7.8262,4.984,0.3228,0.8864,1.8616,0.42,0.416
10.593,7.8362,5.044,0.32032,0.8944,1.866,0.44,0.408
10.603,7.8462,5.1,0.319,0.9016,1.872,0.46,0.4
10.613,7.8562,5.152,0.31776,0.9088,1.8796,0.48,0.3948
10.623,7.8662,5.188,0.31676,0.9148,1.8756,0.496,0.3904
10.633,7.8762,5.208,0.31708,0.9196,1.876,0.512,0.3864
10.643,7.8862,5.208,0.3158,0.922,1.8664,0.528,0.3836
10.653,7.8962,5.192,0.31424,0.9208,1.8488,0.54,0.3808
10.663,7.9062,5.14,0.31232,0.9172,1.8208,0.548,0.378
10.673,7.9162,5.068,0.3084,0.9076,1.7848,0.552,0.374
10.683,7.9262,4.956,0.303,0.894,1.7392,0.552,0.3684
10.693,7.9362,4.824,0.29692,0.876,1.6856,0.544,0.3612
10.703,7.9462,4.664,0.28904,0.8532,1.6184,0.536,0.352
10.713,7.9562,4.496,0.27972,0.8272,1.5496,0.528,0.3408
10.723,7.9662,4.304,0.2696,0.7992,1.4776,0.512,0.3284
10.733,7.9762,4.116,0.2586,0.7692,1.3968,0.5,0.3144
10.743,7.9862,3.924,0.24804,0.7392,1.3196,0.484,0.3004
10.753,7.9962,3.74,0.2364,0.71,1.2428,0.472,0.286
10.763,8.0062,3.584,0.22532,0.6844,1.1724,0.46,0.2728
10.773,8.0162,3.444,0.21568,0.6612,1.1096,0.452,0.2604
10.783,8.0262,3.328,0.20756,0.6436,1.0528,0.448,0.2504
10.793,8.0362,3.24,0.20028,0.6304,1.0056,0.448,0.242
10.803,8.0462,3.18,0.1948,0.6228,0.968,0.452,0.236
10.813,8.0562,3.148,0.19156,0.6212,0.9396,0.46,0.2324
10.823,8.0662,3.144,0.19012,0.6244,0.9196,0.472,0.2308
10.833,8.0762,3.16,0.191,0.6328,0.9092,0.488,0.2312
10.843,8.0862,3.2,0.19368,0.6456,0.9052,0.508,0.2332
10.853,8.0962,3.256,0.19764,0.662,0.9084,0.532,0.2364
10.863,8.1062,3.324,0.20352,0.6812,0.9168,0.556,0.2408
10.873,8.1162,3.412,0.21004,0.7024,0.9292,0.58,0.2456
10.883,8.1262,3.512,0.2176,0.7256,0.9452,0.604,0.2504
10.893,8.1362,3.612,0.22584,0.748,0.9636,0.632,0.2552
10.903,8.1462,3.724,0.2338,0.77,0.9816,0.656,0.2592
10.913,8.1562,3.828,0.24136,0.7908,0.9996,0.68,0.2616
10.923,8.1662,3.928,0.24856,0.8088,1.0148,0.704,0.2628
10.933,8.1762,4.024,0.25452,0.8232,1.0272,0.724,0.262
10.943,8.1862,4.108,0.25936,0.8336,1.0348,0.74,0.2592
10.953,8.1962,4.172,0.263,0.8408,1.0372,0.752,0.254
10.963,8.2062,4.22,0.2658,0.8428,1.0352,0.756,0.2476
10.973,8.2162,4.252,0.26724,0.8424,1.0292,0.76,0.2392
10.983,8.2262,4.268,0.26824,0.8396,1.0168,0.76,0.2296
10.993,8.2362,4.28,0.26848,0.8344,1.0036,0.756,0.2196
11.003,8.2462,4.268,0.2684,0.8284,0.9868,0.752,0.2092
11.013,8.2562,4.256,0.26824,0.8228,0.9692,0.744,0.1992
11.023,8.2662,4.24,0.26784,0.8172,0.952,0.736,0.1904
11.033,8.2762,4.22,0.26788,0.8128,0.9348,0.728,0.1824
11.043,8.2862,4.196,0.26792,0.8104,0.9204,0.72,0.176
11.053,8.2962,4.172,0.26748,0.808,0.9072,0.712,0.1712
11.063,8.3062,4.148,0.2672,0.8088,0.8956,0.708,0.1684
11.073,8.3162,4.12,0.26664,0.8092,0.8872,0.704,0.1668
11.083,8.3262,4.104,0.2654,0.8132,0.88,0.704,0.1672
11.093,8.3362,4.08,0.2644,0.8176,0.876,0.704,0.1696
11.103,8.3462,4.056,0.26328,0.8244,0.8744,0.708,0.1732
11.113,8.3562,4.04,0.26216,0.834,0.8756,0.712,0.1788
11.123,8.3662,4.032,0.26116,0.8472,0.8792,0.724,0.1856
11.133,8.3762,4.024,0.26052,0.8636,0.8868,0.74,0.194
11.143,8.3862,4.028,0.26108,0.8828,0.898,0.76,0.2036
11.153,8.3962,4.04,0.26216,0.9064,0.912,0.78,0.2144
11.163,8.4062,4.06,0.26416,0.9332,0.9292,0.808,0.2256
11.173,8.4162,4.088,0.267,0.9636,0.9484,0.836,0.2372
11.183,8.4262,4.12,0.2702,0.994,0.9696,0.868,0.2484
11.193,8.4362,4.156,0.2744,1.0264,0.9912,0.9,0.2588
11.203,8.4462,4.184,0.27888,1.0576,1.0124,0.936,0.2684
11.213,8.4562,4.208,0.28212,1.0876,1.0316,0.964,0.2764
11.223,8.4662,4.224,0.28636,1.1152,1.0492,0.992,0.2828
11.233,8.4762,4.22,0.28932,1.1384,1.0636,1.02,0.2872
11.243,8.4862,4.208,0.29204,1.1588,1.0744,1.04,0.2896
11.253,8.4962,4.192,0.29456,1.1756,1.0808,1.06,0.2904
11.263,8.5062,4.156,0.29456,1.188,1.0844,1.072,0.2892
11.273,8.5162,4.12,0.29432,1.1968,1.086,1.084,0.2864
11.283,8.5262,4.072,0.29364,1.202,1.0852,1.088,0.282
11.293,8.5362,4.028,0.29168,1.2044,1.0808,1.092,0.2768
11.303,8.5462,3.984,0.2884,1.2044,1.0748,1.092,0.2708
11.313,8.5562,3.948,0.28476,1.202,1.0696,1.092,0.264
11.323,8.5662,3.912,0.2798,1.198,1.0616,1.088,0.2568
11.333,8.5762,3.888,0.2746,1.1928,1.0508,1.084,0.2492
11.343,8.5862,3.872,0.26932,1.1856,1.0448,1.08,0.2412
11.353,8.5962,3.86,0.26332,1.1788,1.0316,1.076,0.2332
11.363,8.6062,3.852,0.25764,1.1688,1.022,1.068,0.2244
11.373,8.6162,3.84,0.25088,1.1572,1.0088,1.06,0.2156
11.383,8.6262,3.828,0.24356,1.1432,0.9944,1.056,0.2064
11.393,8.6362,3.804,0.23708,1.1268,0.9748,1.048,0.1976
11.403,8.6462,3.76,0.2296,1.1084,0.9572,1.04,0.1884
11.413,8.6562,3.712,0.22208,1.0876,0.936,1.032,0.1792
11.423,8.6662,3.64,0.21476,1.0656,0.9136,1.024,0.1712
11.433,8.6762,3.564,0.2078,1.044,0.8912,1.02,0.1636
11.443,8.6862,3.488,0.20168,1.0252,0.8708,1.02,0.1576
11.453,8.6962,3.408,0.19668,1.0108,0.8528,1.024,0.1532
11.463,8.7062,3.344,0.19304,1.004,0.8412,1.036,0.1508
11.473,8.7162,3.3,0.19176,1.006,0.8372,1.056,0.1512
11.483,8.7262,3.288,0.19264,1.0196,0.842,1.088,0.1544
11.493,8.7362,3.3,0.1966,1.0456,0.8576,1.128,0.1604
11.503,8.7462,3.352,0.20284,1.0836,0.8828,1.18,0.1696
11.513,8.7562,3.448,0.21244,1.1348,0.9196,1.24,0.1816
11.523,8.7662,3.572,0.2232,1.1976,0.9628,1.308,0.1964
11.533,8.7762,3.728,0.23696,1.2688,1.0176,1.384,0.2132
11.543,8.7862,3.912,0.25256,1.3464,1.0764,1.46,0.2316
11.553,8.7962,4.096,0.26944,1.4272,1.1376,1.54,0.2508
11.563,8.8062,4.284,0.28628,1.5044,1.2,1.616,0.27
11.573,8.8162,4.456,0.30216,1.5844,1.2568,1.688,0.2884
11.583,8.8262,4.612,0.31872,1.6592,1.3112,1.752,0.3056
11.593,8.8362,4.744,0.33256,1.7204,1.358,1.808,0.3204
11.603,8.8462,4.832,0.34612,1.7716,1.3948,1.856,0.3332
11.613,8.8562,4.896,0.35724,1.8164,1.4224,1.892,0.3432
11.623,8.8662,4.924,0.36688,1.8556,1.4436,1.924,0.3504
11.633,8.8762,4.924,0.37536,1.8688,1.4516,1.944,0.3544
11.643,8.8862,4.9,0.38232,1.8924,1.4536,1.96,0.3564
11.653,8.8962,4.848,0.38788,1.8988,1.4512,1.972,0.3556
11.663,8.9062,4.788,0.3936,1.8964,1.4416,1.98,0.3532
11.673,8.9162,4.724,0.3984,1.8892,1.4248,1.984,0.3492
11.683,8.9262,4.656,0.40228,1.8936,1.4104,1.984,0.344
11.693,8.9362,4.592,0.40656,1.878,1.3912,1.984,0.338
11.703,8.9462,4.536,0.4096,1.8664,1.3712,1.984,0.332
11.713,8.9562,4.484,0.41312,1.8584,1.3504,1.98,0.3256
11.723,8.9662,4.436,0.41576,1.8428,1.3296,1.976,0.3188
11.733,8.9762,4.38,0.41688,1.8312,1.3092,1.964,0.3124
11.743,8.9862,4.324,0.4164,1.812,1.288,1.952,0.3056
11.753,8.9962,4.26,0.41552,1.7848,1.2664,1.936,0.2992
11.763,9.0062,4.2,0.41304,1.766,1.2404,1.916,0.2928
11.773,9.0162,4.124,0.40904,1.7404,1.2184,1.892,0.2864
11.783,9.0262,4.044,0.4054,1.7152,1.196,1.872,0.28
11.793,9.0362,3.964,0.40196,1.692,1.1776,1.852,0.2744
11.803,9.0462,3.896,0.39976,1.6812,1.1616,1.836,0.2688
11.813,9.0562,3.84,0.39944,1.6748,1.152,1.832,0.264
11.823,9.0662,3.808,0.40164,1.68,1.15,1.84,0.2596
11.833,9.0762,3.8,0.407,1.6968,1.154,1.86,0.2564
11.843,9.0862,3.82,0.4162,1.7252,1.1712,1.9,0.254
11.853,9.0962,3.896,0.42932,1.7772,1.1948,1.956,0.2528
11.863,9.1062,3.992,0.44552,1.842,1.2276,2.028,0.2524
11.873,9.1162,4.14,0.46472,1.9154,1.2708,2.12,0.2528
11.883,9.1262,4.312,0.48696,2.0068,1.3148,2.224,0.254
11.893,9.1362,4.516,0.50956,2.108,1.366,2.34,0.256
11.903,9.1462,4.728,0.5314,2.204,1.4168,2.46,0.258
11.913,9.1562,4.948,0.55232,2.3,1.468,2.584,0.2596
11.923,9.1662,5.148,0.56976,2.392,1.5128,2.704,0.2608
11.933,9.1762,5.332,0.58336,2.468,1.5512,2.812,0.2612
11.943,9.1862,5.476,0.59184,2.536,1.5784,2.912,0.2604
11.953,9.1962,5.58,0.59384,2.588,1.5936,2.992,0.2584
11.963,9.2062,5.636,0.59104,2.612,1.6008,3.056,0.2548
11.973,9.2162,5.644,0.5822,2.62,1.5952,3.104,0.25
11.983,9.2262,5.6,0.56784,2.612,1.5756,3.132,0.244
11.993,9.2362,5.512,0.54832,2.588,1.5444,3.148,0.2368
12.003,9.2462,5.392,0.5262,2.552,1.51,3.152,0.2292
12.013,9.2562,5.256,0.50072,2.504,1.4712,3.152,0.2212
12.023,9.2662,5.112,0.47444,2.464,1.43,3.156,0.214
12.033,9.2762,4.964,0.44856,2.42,1.3904,3.16,0.2072
12.043,9.2862,4.844,0.42328,2.388,1.3552,3.18,0.2012
12.053,9.2962,4.748,0.4014,2.376,1.328,3.212,0.1964
12.063,9.3062,4.688,0.38288,2.364,1.3088,3.26,0.1932
12.073,9.3162,4.672,0.36832,2.38,1.3,3.328,0.1916
12.083,9.3262,4.696,0.35836,2.408,1.2972,3.408,0.1908
12.093,9.3362,4.764,0.35308,2.452,1.3104,3.504,0.1912
12.103,9.3462,4.864,0.35328,2.516,1.3236,3.608,0.1924
12.113,9.3562,4.98,0.3572,2.58,1.3436,3.716,0.1944
12.123,9.3662,5.124,0.3644,2.64,1.3692,3.82,0.1964
12.133,9.3762,5.26,0.37568,2.712,1.3908,3.92,0.1988
12.143,9.3862,5.4,0.38844,2.776,1.4068,4,0.2012
12.153,9.3962,5.52,0.40352,2.836,1.4144,4.08,0.2032
12.163,9.4062,5.608,0.41896,2.88,1.4216,4.12,0.2052
12.173,9.4162,5.684,0.43372,2.912,1.4184,4.16,0.2068
12.183,9.4262,5.716,0.44756,2.94,1.404,4.2,0.2084
12.193,9.4362,5.712,0.46036,2.94,1.3864,4.2,0.2096
12.203,9.4462,5.672,0.47144,2.94,1.3564,4.16,0.2108
12.213,9.4562,5.604,0.47996,2.932,1.3232,4.12,0.2116
12.223,9.4662,5.512,0.48596,2.912,1.2864,4.08,0.212
12.233,9.4762,5.392,0.4898,2.88,1.2416,4.04,0.2124
12.243,9.4862,5.256,0.49044,2.844,1.1964,3.98,0.2124
12.253,9.4962,5.104,0.48948,2.808,1.1488,3.908,0.212
12.263,9.5062,4.944,0.48532,2.76,1.102,3.832,0.2108
12.273,9.5162,4.78,0.47916,2.708,1.0548,3.752,0.2096
12.283,9.5262,4.608,0.47072,2.64,1.0092,3.66,0.2072
12.293,9.5362,4.448,0.46044,2.572,0.964,3.564,0.2048
12.303,9.5462,4.276,0.44888,2.5,0.9212,3.456,0.2012
12.313,9.5562,4.12,0.436764,2.416,0.88,3.348,0.198
12.323,9.5662,3.964,0.424292,2.332,0.84,3.232,0.194
12.333,9.5762,3.828,0.411148,2.248,0.8032,3.116,0.1904
12.343,9.5862,3.688,0.398452,2.164,0.7692,3,0.1872
12.353,9.5962,3.568,0.387152,2.08,0.7384,2.888,0.1848
12.363,9.6062,3.468,0.3771,2.008,0.7124,2.784,0.1832
12.373,9.6162,3.376,0.3688,1.932,0.6896,2.692,0.1832
12.383,9.6262,3.308,0.363424,1.88,0.6732,2.616,0.1844
12.393,9.6362,3.252,0.360588,1.836,0.6612,2.556,0.1872
12.403,9.6462,3.208,0.35988,1.804,0.6564,2.516,0.1912
12.413,9.6562,3.188,0.362104,1.792,0.658,2.496,0.1972
12.423,9.6662,3.188,0.367264,1.79,0.6648,2.496,0.2044
12.433,9.6762,3.196,0.374548,1.8088,0.6788,2.52,0.2132
12.443,9.6862,3.224,0.383164,1.8428,0.6992,2.564,0.2228
12.453,9.6962,3.268,0.392288,1.8916,0.7252,2.632,0.2332
12.463,9.7062,3.336,0.402632,1.9556,0.7572,2.716,0.2444
12.473,9.7162,3.408,0.41316,2.026,0.7944,2.816,0.256
12.483,9.7262,3.496,0.42284,2.1028,0.8352,2.928,0.2676
12.493,9.7362,3.596,0.4322,2.1896,0.88,3.048,0.2792
12.503,9.7462,3.7,0.43988,2.2736,0.9264,3.172,0.2904
12.513,9.7562,3.816,0.4452,2.3544,0.972,3.292,0.3004
12.523,9.7662,3.928,0.44912,2.4396,1.0172,3.404,0.31
12.533,9.7762,4.044,0.45064,2.5048,1.0592,3.504,0.318
12.543,9.7862,4.148,0.4504,2.5652,1.0976,3.584,0.3244
12.553,9.7962,4.252,0.44844,2.6132,1.1296,3.648,0.3296
12.563,9.8062,4.332,0.4444,2.6476,1.1572,3.688,0.3332
12.573,9.8162,4.408,0.44024,2.6616,1.1776,3.708,0.3356
12.583,9.8262,4.476,0.43448,2.666,1.1928,3.712,0.3372
12.593,9.8362,4.536,0.42888,2.662,1.2032,3.696,0.3376
12.603,9.8462,4.584,0.42332,2.6456,1.2076,3.668,0.3384
12.613,9.8562,4.632,0.41848,2.6292,1.2092,3.632,0.3392
12.623,9.8662,4.672,0.41496,2.6004,1.208,3.592,0.3412
12.633,9.8762,4.716,0.41172,2.5804,1.2044,3.552,0.344
12.643,9.8862,4.764,0.41016,2.56,1.1996,3.516,0.3484
12.653,9.8962,4.8,0.40808,2.544,1.1948,3.48,0.354
12.663,9.9062,4.832,0.40816,2.5244,1.1888,3.448,0.3608
12.673,9.9162,4.864,0.40736,2.508,1.1824,3.42,0.3688
12.683,9.9262,4.88,0.40612,2.4992,1.1744,3.388,0.3772
12.693,9.9362,4.88,0.40416,2.4816,1.1656,3.36,0.3852
12.703,9.9462,4.856,0.40128,2.4548,1.1548,3.328,0.3932
12.713,9.9562,4.816,0.39712,2.4312,1.1424,3.292,0.4
12.723,9.9662,4.76,0.39224,2.3988,1.1272,3.252,0.404
12.733,9.9762,4.692,0.3856,2.3572,1.1112,3.204,0.408
12.743,9.9862,4.608,0.37852,2.3236,1.094,3.156,0.408
12.753,9.9962,4.52,0.37068,2.278,1.0756,3.104,0.408
12.763,10.0062,4.42,0.36396,2.2404,1.0564,3.052,0.408
12.773,10.0162,4.324,0.35596,2.192,1.0384,3,0.404
12.783,10.0262,4.236,0.3492,2.1564,1.0196,2.952,0.3972
12.793,10.0362,4.152,0.3436,2.118,1.0012,2.908,0.3908
12.803,10.0462,4.076,0.33836,2.0808,0.9836,2.868,0.3836
12.813,10.0562,4.012,0.33428,2.0524,0.9652,2.828,0.3764
12.823,10.0662,3.948,0.3306,2.0208,0.946,2.796,0.3688
12.833,10.0762,3.88,0.32724,1.9932,0.9256,2.76,0.3616
12.843,10.0862,3.812,0.32316,1.9612,0.9024,2.72,0.3548
12.853,10.0962,3.744,0.31936,1.936,0.8768,2.672,0.3488
12.863,10.1062,3.668,0.31512,1.8976,0.8468,2.62,0.3432
12.873,10.1162,3.58,0.3096,1.8608,0.8136,2.552,0.3384
12.883,10.1262,3.476,0.30292,1.8184,0.7776,2.48,0.3344
12.893,10.1362,3.364,0.29544,1.7736,0.738,2.396,0.3312
12.903,10.1462,3.236,0.28748,1.7184,0.6964,2.304,0.3296
12.913,10.1562,3.104,0.279528,1.6576,0.654,2.212,0.3292
12.923,10.1662,2.964,0.27084,1.5996,0.6116,2.116,0.33
12.933,10.1762,2.828,0.262564,1.5448,0.5716,2.024,0.3328
12.943,10.1862,2.696,0.25514,1.4856,0.5336,1.94,0.3368
12.953,10.1962,2.576,0.248976,1.4372,0.4996,1.868,0.3428
12.963,10.2062,2.468,0.244084,1.3964,0.47,1.812,0.35
12.973,10.2162,2.372,0.240464,1.3616,0.4468,1.772,0.3588
12.983,10.2262,2.3,0.239332,1.3388,0.4284,1.756,0.3688
12.993,10.2362,2.252,0.239488,1.3268,0.4172,1.764,0.3804
13.003,10.2462,2.24,0.242128,1.3296,0.4116,1.796,0.3924
13.013,10.2562,2.244,0.246852,1.3456,0.4108,1.852,0.404
13.023,10.2662,2.272,0.254048,1.3756,0.4156,1.932,0.42
13.033,10.2762,2.336,0.26372,1.424,0.4244,2.032,0.436
13.043,10.2862,2.412,0.276252,1.4796,0.4368,2.156,0.448
13.053,10.2962,2.516,0.291624,1.5464,0.452,2.3,0.464
13.063,10.3062,2.64,0.308232,1.628,0.4688,2.46,0.48
13.073,10.3162,2.772,0.327268,1.7244,0.4876,2.636,0.492
13.083,10.3262,2.92,0.347908,1.8188,0.5064,2.82,0.504
13.093,10.3362,3.06,0.369336,1.9192,0.5252,3.008,0.516
13.103,10.3462,3.2,0.391948,2.0172,0.5428,3.204,0.524
13.113,10.3562,3.336,0.41374,2.1156,0.5584,3.396,0.528
13.123,10.3662,3.464,0.435484,2.2104,0.5728,3.584,0.532
13.133,10.3762,3.568,0.455592,2.2972,0.5844,3.76,0.532
13.143,10.3862,3.656,0.474056,2.3832,0.5936,3.928,0.528
13.153,10.3962,3.732,0.49008,2.444,0.6004,4.08,0.52
13.163,10.4062,3.784,0.502864,2.516,0.6044,4.2,0.512
13.173,10.4162,3.816,0.513612,2.56,0.6064,4.32,0.5
13.183,10.4262,3.844,0.521548,2.608,0.606,4.44,0.488
13.193,10.4362,3.84,0.527072,2.632,0.6036,4.52,0.48
13.203,10.4462,3.836,0.529396,2.664,0.6,4.6,0.472
13.213,10.4562,3.824,0.53054,2.68,0.596,4.64,0.464
13.223,10.4662,3.812,0.53012,2.7,0.592,4.72,0.464
13.233,10.4762,3.796,0.528932,2.712,0.588,4.72,0.468
13.243,10.4862,3.784,0.5274,2.728,0.584,4.76,0.476
13.253,10.4962,3.784,0.525928,2.736,0.5812,4.8,0.492
13.263,10.5062,3.792,0.52612,2.756,0.5804,4.8,0.516
13.273,10.5162,3.816,0.527588,2.78,0.58,4.84,0.544
13.283,10.5262,3.844,0.531532,2.812,0.5812,4.88,0.576
13.293,10.5362,3.888,0.53712,2.848,0.5844,4.92,0.616
13.303,10.5462,3.936,0.543992,2.884,0.588,4.92,0.66
13.313,10.5562,3.996,0.552904,2.932,0.5924,4.96,0.708
13.323,10.5662,4.06,0.563032,2.964,0.596,5,0.76
13.333,10.5762,4.112,0.573568,3.012,0.5996,5.04,0.808
13.343,10.5862,4.16,0.582904,3.048,0.6012,5.04,0.856
13.353,10.5962,4.188,0.592192,3.08,0.6008,5.04,0.9
13.363,10.6062,4.208,0.599416,3.096,0.5984,5.04,0.94
13.373,10.6162,4.204,0.6038,3.1,0.592,5.04,0.972
13.383,10.6262,4.188,0.60484,3.092,0.5832,4.96,1.004
13.393,10.6362,4.14,0.60388,3.072,0.5716,4.92,1.024
13.403,10.6462,4.088,0.59872,3.044,0.5564,4.84,1.04
13.413,10.6562,4.016,0.59164,2.996,0.5392,4.72,1.052
13.423,10.6662,3.936,0.58152,2.936,0.5192,4.6,1.06
13.433,10.6762,3.852,0.57024,2.88,0.4976,4.48,1.064
13.443,10.6862,3.772,0.55768,2.808,0.4756,4.36,1.068
13.453,10.6962,3.696,0.54472,2.752,0.4532,4.2,1.072
13.463,10.7062,3.644,0.53384,2.696,0.432,4.08,1.076
13.473,10.7162,3.612,0.52376,2.644,0.4132,3.964,1.088
13.483,10.7262,3.596,0.51648,2.612,0.396,3.852,1.104
13.493,10.7362,3.616,0.5118,2.592,0.3812,3.76,1.128
13.503,10.7462,3.664,0.51156,2.588,0.37,3.692,1.164
13.513,10.7562,3.744,0.51504,2.612,0.3624,3.648,1.212
13.523,10.7662,3.848,0.52224,2.652,0.3584,3.628,1.272
13.533,10.7762,3.984,0.53308,2.712,0.3584,3.632,1.348
13.543,10.7862,4.148,0.54656,2.796,0.3616,3.66,1.436
13.553,10.7962,4.34,0.56412,2.892,0.3692,3.712,1.54
13.563,10.8062,4.536,0.58332,3.004,0.38,3.776,1.652
13.573,10.8162,4.748,0.60464,3.132,0.3936,3.856,1.78
13.583,10.8262,4.964,0.62716,3.272,0.4084,3.944,1.916
13.593,10.8362,5.18,0.6494,3.404,0.4248,4.04,2.064
13.603,10.8462,5.396,0.67112,3.536,0.442,4.12,2.212
13.613,10.8562,5.592,0.69252,3.672,0.4584,4.2,2.368
13.623,10.8662,5.772,0.71064,3.788,0.4744,4.24,2.52
13.633,10.8762,5.924,0.7274,3.9,0.4888,4.28,2.668
13.643,10.8862,6.048,0.74016,3.992,0.5008,4.28,2.812
13.653,10.8962,6.14,0.75076,4.064,0.5112,4.28,2.948
13.663,10.9062,6.196,0.75752,4.112,0.518,4.2,3.068
13.673,10.9162,6.212,0.75988,4.136,0.5224,4.16,3.18
13.683,10.9262,6.184,0.75956,4.14,0.5224,4.04,3.276
13.693,10.9362,6.116,0.75556,4.128,0.5196,3.924,3.356
13.703,10.9462,6.024,0.7478,4.088,0.5148,3.78,3.42
13.713,10.9562,5.892,0.73832,4.036,0.5068,3.624,3.464
13.723,10.9662,5.74,0.72636,3.968,0.4972,3.464,3.496
13.733,10.9762,5.576,0.71316,3.896,0.4856,3.304,3.508
13.743,10.9862,5.4,0.69872,3.812,0.4736,3.148,3.508
13.753,10.9962,5.232,0.68428,3.732,0.4608,3.004,3.488
13.763,11.0062,5.072,0.67068,3.64,0.4492,2.876,3.46
13.773,11.0162,4.928,0.6578,3.56,0.438,2.768,3.416
13.783,11.0262,4.804,0.64632,3.484,0.4276,2.684,3.36
13.793,11.0362,4.708,0.6368,3.416,0.4184,2.62,3.296
13.803,11.0462,4.628,0.62856,3.356,0.4104,2.58,3.228
13.813,11.0562,4.572,0.62196,3.296,0.4036,2.556,3.152
13.823,11.0662,4.532,0.61656,3.256,0.3976,2.552,3.072
13.833,11.0762,4.5,0.61164,3.212,0.3928,2.556,2.988
13.843,11.0862,4.472,0.60824,3.172,0.388,2.572,2.904
13.853,11.0962,4.444,0.604,3.14,0.3836,2.588,2.82
13.863,11.1062,4.416,0.59972,3.092,0.3784,2.6,2.736
13.873,11.1162,4.376,0.59456,3.056,0.3728,2.608,2.652
13.883,11.1262,4.324,0.58804,3.004,0.366,2.608,2.568
13.893,11.1362,4.244,0.57948,2.956,0.358,2.592,2.484
13.903,11.1462,4.152,0.5704,2.892,0.3488,2.568,2.4
13.913,11.1562,4.048,0.55924,2.812,0.3384,2.524,2.316
13.923,11.1662,3.92,0.54724,2.744,0.3268,2.468,2.232
13.933,11.1762,3.78,0.53436,2.66,0.3152,2.404,2.148
13.943,11.1862,3.64,0.52024,2.568,0.3032,2.328,2.068
13.953,11.1962,3.492,0.50736,2.488,0.2904,2.244,1.992
13.963,11.2062,3.352,0.49368,2.396,0.2788,2.16,1.924
13.973,11.2162,3.22,0.481316,2.32,0.268,2.076,1.86
13.983,11.2262,3.1,0.468984,2.244,0.2584,2,1.804
13.993,11.2362,3.012,0.458044,2.18,0.2508,1.928,1.752
14.003,11.2462,2.936,0.448032,2.12,0.244,1.864,1.708
14.013,11.2562,2.9,0.43894,2.068,0.2396,1.812,1.668
14.023,11.2662,2.88,0.431168,2.028,0.2372,1.772,1.632
14.033,11.2762,2.896,0.42288,1.996,0.236,1.74,1.6
14.043,11.2862,2.936,0.415828,1.9696,0.2356,1.72,1.572
14.053,11.2962,2.988,0.408884,1.9448,0.236,1.704,1.54
14.063,11.3062,3.052,0.402052,1.928,0.2372,1.696,1.512
14.073,11.3162,3.132,0.394916,1.9064,0.238,1.688,1.48
14.083,11.3262,3.212,0.3886,1.8864,0.2388,1.68,1.444
14.093,11.3362,3.28,0.383496,1.864,0.2388,1.672,1.412
14.103,11.3462,3.336,0.3792,1.8392,0.238,1.664,1.376
14.113,11.3562,3.384,0.376436,1.8112,0.2364,1.652,1.34
14.123,11.3662,3.424,0.37528,1.784,0.234,1.636,1.304
14.133,11.3762,3.448,0.37814,1.7584,0.2316,1.62,1.272
14.143,11.3862,3.464,0.38422,1.7352,0.228,1.604,1.24
14.153,11.3962,3.476,0.395116,1.7128,0.2252,1.592,1.216
14.163,11.4062,3.492,0.41004,1.7016,0.2224,1.584,1.196
14.173,11.4162,3.512,0.431,1.6968,0.22,1.58,1.184
14.183,11.4262,3.548,0.45596,1.6992,0.2188,1.584,1.18
14.193,11.4362,3.584,0.48668,1.7112,0.2184,1.592,1.184
14.203,11.4462,3.644,0.5206,1.732,0.2188,1.6,1.192
14.213,11.4562,3.704,0.5578,1.7616,0.2212,1.616,1.208
14.223,11.4662,3.772,0.59652,1.7944,0.2232,1.632,1.228
14.233,11.4762,3.844,0.63448,1.824,0.2264,1.644,1.252
14.243,11.4862,3.904,0.67152,1.856,0.2288,1.656,1.272
14.253,11.4962,3.952,0.70608,1.884,0.2316,1.656,1.292
14.263,11.5062,3.976,0.73532,1.908,0.2332,1.652,1.304
14.273,11.5162,3.988,0.75924,1.912,0.234,1.64,1.312
14.283,11.5262,3.976,0.77744,1.908,0.2336,1.62,1.308
14.293,11.5362,3.952,0.78956,1.896,0.2316,1.592,1.3
14.303,11.5462,3.908,0.79556,1.8728,0.2288,1.556,1.28
14.313,11.5562,3.856,0.7964,1.8448,0.2252,1.52,1.256
14.323,11.5662,3.816,0.7932,1.808,0.2208,1.488,1.224
14.333,11.5762,3.768,0.78756,1.7696,0.2164,1.452,1.188
14.343,11.5862,3.736,0.77884,1.7328,0.2124,1.424,1.148
14.353,11.5962,3.712,0.771,1.6956,0.2088,1.4,1.108
14.363,11.6062,3.716,0.76312,1.6572,0.2056,1.38,1.068
14.373,11.6162,3.732,0.75496,1.6248,0.20356,1.368,1.032
14.383,11.6262,3.76,0.748,1.5944,0.20156,1.356,0.996
14.393,11.6362,3.792,0.74228,1.5648,0.20056,1.348,0.96
14.403,11.6462,3.832,0.73564,1.53,0.1988,1.336,0.924
14.413,11.6562,3.868,0.7298,1.4976,0.19828,1.32,0.888
14.423,11.6662,3.888,0.72256,1.4616,0.19688,1.3,0.856
14.433,11.6762,3.896,0.71392,1.4188,0.19496,1.272,0.82
14.443,11.6862,3.892,0.70272,1.3732,0.19168,1.24,0.784
14.453,11.6962,3.872,0.6906,1.3236,0.18904,1.2,0.752
14.463,11.7062,3.836,0.67592,1.272,0.1858,1.152,0.716
14.473,11.7162,3.788,0.65904,1.2148,0.18204,1.104,0.684
14.483,11.7262,3.736,0.64004,1.1616,0.1782,1.056,0.652
14.493,11.7362,3.692,0.62072,1.1096,0.17468,1.008,0.62
14.503,11.7462,3.644,0.60012,1.0608,0.17036,0.964,0.596
14.513,11.7562,3.6,0.57992,1.0164,0.16764,0.924,0.572
14.523,11.7662,3.572,0.56016,0.9772,0.16456,0.888,0.552
14.533,11.7762,3.536,0.541,0.9436,0.16192,0.86,0.54
14.543,11.7862,3.52,0.52464,0.9152,0.15972,0.836,0.528
14.553,11.7962,3.484,0.51084,0.8924,0.15724,0.816,0.52
14.563,11.8062,3.464,0.49952,0.872,0.156,0.8,0.516
14.573,11.8162,3.424,0.49104,0.8548,0.15448,0.788,0.512
14.583,11.8262,3.376,0.48752,0.8396,0.15268,0.772,0.512
14.593,11.8362,3.316,0.48796,0.824,0.1522,0.756,0.512
14.603,11.8462,3.244,0.4942,0.8096,0.15252,0.736,0.512
14.613,11.8562,3.16,0.50596,0.7948,0.1532,0.716,0.512
14.623,11.8662,3.064,0.5242,0.7788,0.1554,0.692,0.512
14.633,11.8762,2.968,0.54964,0.7628,0.15892,0.672,0.512
14.643,11.8862,2.876,0.58112,0.7472,0.16432,0.648,0.516
14.653,11.8962,2.788,0.61816,0.732,0.1714,0.624,0.516
14.663,11.9062,2.708,0.66048,0.72,0.18032,0.604,0.516
14.673,11.9162,2.652,0.70724,0.7092,0.19116,0.584,0.516
14.683,11.9262,2.62,0.75716,0.702,0.20336,0.572,0.52
14.693,11.9362,2.608,0.80716,0.6988,0.21676,0.564,0.524
14.703,11.9462,2.624,0.85636,0.7,0.23092,0.564,0.532
14.713,11.9562,2.672,0.90244,0.706,0.24464,0.568,0.54
14.723,11.9662,2.748,0.94488,0.7172,0.25808,0.576,0.548
14.733,11.9762,2.84,0.98096,0.732,0.27032,0.592,0.556
14.743,11.9862,2.956,1.01108,0.752,0.2812,0.612,0.568
14.753,11.9962,3.088,1.0348,0.7732,0.2884,0.636,0.58
14.763,12.0062,3.232,1.05332,0.7984,0.2956,0.668,0.588
14.773,12.0162,3.384,1.06752,0.8248,0.2992,0.7,0.596
14.783,12.0262,3.544,1.07736,0.8512,0.3016,0.732,0.604
14.793,12.0362,3.7,1.0864,0.8792,0.302,0.772,0.612
14.803,12.0462,3.86,1.09424,0.9068,0.3016,0.808,0.616
14.813,12.0562,4.024,1.10248,0.9332,0.3008,0.848,0.616
14.823,12.0662,4.184,1.11404,0.9596,0.3,0.884,0.62
14.833,12.0762,4.336,1.12512,0.9844,0.2996,0.924,0.62
14.843,12.0862,4.488,1.13776,1.0084,0.3004,0.96,0.624
14.853,12.0962,4.632,1.15164,1.0292,0.3016,0.996,0.624
14.863,12.1062,4.768,1.15908,1.0488,0.304,1.028,0.624
14.873,12.1162,4.896,1.17604,1.0648,0.3072,1.06,0.628
14.883,12.1262,5,1.1782,1.078,0.3108,1.088,0.628
14.893,12.1362,5.1,1.1894,1.0868,0.3156,1.108,0.632
14.903,12.1462,5.188,1.1854,1.0932,0.3216,1.128,0.632
14.913,12.1562,5.26,1.19012,1.0944,0.328,1.144,0.632
14.923,12.1662,5.324,1.18716,1.092,0.3336,1.156,0.628
14.933,12.1762,5.376,1.18452,1.0864,0.3404,1.168,0.624
14.943,12.1862,5.416,1.17416,1.0764,0.3472,1.176,0.612
14.953,12.1962,5.456,1.18024,1.0636,0.354,1.18,0.6
14.963,12.2062,5.496,1.17868,1.0476,0.3612,1.188,0.584
14.973,12.2162,5.528,1.18516,1.0296,0.3688,1.192,0.564
14.983,12.2262,5.564,1.20752,1.0084,0.3768,1.2,0.54
14.993,12.2362,5.6,1.2304,0.9872,0.3856,1.204,0.512
15.003,12.2462,5.628,1.26096,0.9652,0.394,1.212,0.48
15.013,12.2562,5.668,1.29912,0.9432,0.4032,1.22,0.448
15.023,12.2662,5.696,1.34536,0.9224,0.4104,1.224,0.416
15.033,12.2762,5.728,1.3988,0.902,0.4188,1.232,0.3824
15.043,12.2862,5.744,1.45104,0.882,0.4256,1.236,0.3508
15.053,12.2962,5.752,1.51059,0.864,0.4316,1.236,0.3208
15.063,12.3062,5.744,1.56852,0.8476,0.4356,1.236,0.2928
15.073,12.3162,5.72,1.62525,0.8312,0.4384,1.232,0.268
15.083,12.3262,5.68,1.68078,0.8148,0.4384,1.224,0.2456
15.093,12.3362,5.612,1.72712,0.8004,0.4364,1.212,0.2268
15.103,12.3462,5.536,1.76466,0.7868,0.4324,1.196,0.2108
15.113,12.3562,5.436,1.79381,0.7752,0.4264,1.18,0.198
15.123,12.3662,5.34,1.8233,0.766,0.4188,1.168,0.1884
15.133,12.3762,5.252,1.83809,0.7608,0.4088,1.156,0.182
15.143,12.3862,5.176,1.86204,0.762,0.3988,1.148,0.1784
15.153,12.3962,5.124,1.87211,0.7688,0.3884,1.148,0.178
15.163,12.4062,5.108,1.89311,0.7844,0.378,1.16,0.1808
15.173,12.4162,5.132,1.91655,0.808,0.3676,1.176,0.1868
15.183,12.4262,5.204,1.94325,0.8396,0.3584,1.204,0.196
15.193,12.4362,5.32,1.97248,0.882,0.3504,1.24,0.2084
15.203,12.4462,5.48,2.01383,0.9312,0.3424,1.284,0.2244
15.213,12.4562,5.676,2.0625,0.9876,0.3352,1.336,0.2428
15.223,12.4662,5.904,2.1152,1.0488,0.3296,1.388,0.2644
15.233,12.4762,6.152,2.16396,1.1128,0.3248,1.44,0.288
15.243,12.4862,6.408,2.21676,1.1776,0.3208,1.496,0.314
15.253,12.4962,6.656,2.27752,1.2408,0.3172,1.544,0.3412
15.263,12.5062,6.896,2.32624,1.3008,0.3136,1.588,0.3692
15.273,12.5162,7.116,2.37488,1.3556,0.3108,1.624,0.3972
15.283,12.5262,7.304,2.41944,1.4068,0.3088,1.652,0.424
15.293,12.5362,7.456,2.46392,1.4428,0.3064,1.676,0.452
15.303,12.5462,7.572,2.48824,1.484,0.3056,1.696,0.48
15.313,12.5562,7.652,2.51256,1.5068,0.3032,1.708,0.504
15.323,12.5662,7.696,2.53664,1.534,0.302,1.716,0.524
15.333,12.5762,7.712,2.54072,1.5512,0.3008,1.72,0.544
15.343,12.5862,7.696,2.55672,1.5576,0.2996,1.724,0.56
15.353,12.5962,7.66,2.55668,1.57,0.2988,1.728,0.572
15.363,12.6062,7.6,2.55656,1.572,0.2972,1.728,0.58
15.373,12.6162,7.532,2.55648,1.5652,0.2964,1.732,0.588
15.383,12.6262,7.452,2.55244,1.5652,0.2952,1.732,0.592
15.393,12.6362,7.372,2.55236,1.5564,0.2936,1.732,0.592
15.403,12.6462,7.292,2.5564,1.5556,0.292,1.732,0.592
15.413,12.6562,7.212,2.56852,1.546,0.2908,1.732,0.592
15.423,12.6662,7.144,2.57276,1.5372,0.2892,1.728,0.588
15.433,12.6762,7.068,2.58504,1.5272,0.2892,1.72,0.584
15.443,12.6862,6.996,2.6094,1.5092,0.2892,1.708,0.576
15.453,12.6962,6.928,2.62176,1.498,0.2892,1.692,0.568
15.463,12.7062,6.848,2.64212,1.4776,0.2904,1.672,0.564
15.473,12.7162,6.752,2.65044,1.4552,0.2924,1.648,0.556
15.483,12.7262,6.644,2.65068,1.434,0.294,1.616,0.548
15.493,12.7362,6.52,2.64276,1.4052,0.2964,1.584,0.54
15.503,12.7462,6.364,2.6268,1.3728,0.298,1.544,0.528
15.513,12.7562,6.192,2.59056,1.3376,0.3008,1.504,0.52
15.523,12.7662,5.992,2.5542,1.2984,0.3024,1.464,0.512
15.533,12.7762,5.772,2.49372,1.258,0.304,1.42,0.504
15.543,12.7862,5.536,2.429,1.2156,0.3052,1.376,0.496
15.553,12.7962,5.28,2.35224,1.172,0.3056,1.332,0.484
15.563,12.8062,5.024,2.27136,1.1276,0.3052,1.292,0.476
15.573,12.8162,4.764,2.19444,1.0848,0.3032,1.252,0.468
15.583,12.8262,4.516,2.11752,1.042,0.3004,1.216,0.456
15.593,12.8362,4.276,2.03256,1.0016,0.2968,1.18,0.448
15.603,12.8462,4.052,1.95968,0.9632,0.292,1.148,0.436
15.613,12.8562,3.84,1.8988,0.9268,0.28664,1.12,0.424
15.623,12.8662,3.664,1.85004,0.894,0.28112,1.092,0.412
15.633,12.8762,3.516,1.8054,0.864,0.27488,1.068,0.3996
15.643,12.8862,3.392,1.78087,0.838,0.26864,1.048,0.3868
15.653,12.8962,3.32,1.76452,0.818,0.26304,1.036,0.3736
15.663,12.9062,3.28,1.77229,0.8032,0.25808,1.028,0.3608
15.673,12.9162,3.272,1.79624,0.7944,0.25376,1.028,0.3488
15.683,12.9262,3.32,1.83232,0.7924,0.25048,1.032,0.338
15.693,12.9362,3.404,1.88059,0.7984,0.24856,1.044,0.3284
15.703,12.9462,3.532,1.94503,0.81,0.24752,1.06,0.3208
15.713,12.9562,3.696,2.02166,0.8292,0.24684,1.084,0.3148
15.723,12.9662,3.88,2.11836,0.854,0.2474,1.108,0.3108
15.733,12.9762,4.092,2.21924,0.8824,0.2482,1.136,0.3084
15.743,12.9862,4.32,2.32416,0.9148,0.24936,1.168,0.3076
15.753,12.9962,4.544,2.44124,0.948,0.25064,1.196,0.3072
15.763,13.0062,4.772,2.5582,0.9804,0.25156,1.22,0.3072
15.773,13.0162,4.988,2.67524,1.0092,0.25236,1.24,0.3064
15.783,13.0262,5.172,2.7762,1.0344,0.25268,1.252,0.3044
15.793,13.0362,5.328,2.88092,1.0524,0.25234,1.26,0.3008
15.803,13.0462,5.444,2.9616,1.0636,0.25108,1.256,0.2944
15.813,13.0562,5.524,3.03804,1.0656,0.24864,1.244,0.286
15.823,13.0662,5.56,3.08224,1.058,0.2458,1.22,0.2744
15.833,13.0762,5.54,3.11024,1.0412,0.24168,1.192,0.2604
15.843,13.0862,5.472,3.10992,1.0148,0.23704,1.152,0.244
15.853,13.0962,5.356,3.08552,0.9804,0.23064,1.104,0.226
15.863,13.1062,5.196,3.03272,0.9372,0.22356,1.048,0.2064
15.873,13.1162,4.996,2.95984,0.888,0.21512,0.988,0.186
15.883,13.1262,4.756,2.85072,0.8332,0.20544,0.928,0.1656
15.893,13.1362,4.48,2.73348,0.7748,0.19476,0.86,0.1456
15.903,13.1462,4.192,2.5842,0.714,0.1834,0.792,0.1268
15.913,13.1562,3.88,2.41884,0.6528,0.1712,0.728,0.1096
15.923,13.1662,3.564,2.25344,0.5924,0.15868,0.664,0.094
15.933,13.1762,3.244,2.07608,0.5332,0.14592,0.6,0.08
15.943,13.1862,2.937,1.8908,0.4776,0.13316,0.544,0.068
15.953,13.1962,2.644,1.71355,0.426,0.12068,0.492,0.058
15.963,13.2062,2.368,1.54438,0.3788,0.10928,0.44,0.0496
15.973,13.2162,2.124,1.38331,0.3372,0.09836,0.3988,0.0424
15.983,13.2262,1.904,1.23435,0.3,0.0884,0.3608,0.03704
15.993,13.2362,1.708,1.10069,0.2684,0.07988,0.3276,0.03268
16.003,13.2462,1.5424,0.978344,0.24,0.07232,0.2992,0.02924
16.013,13.2562,1.3984,0.871293,0.21644,0.06536,0.2744,0.02653
16.023,13.2662,1.276,0.77634,0.19608,0.05944,0.2524,0.02436
16.033,13.2762,1.166,0.692656,0.17772,0.05416,0.2328,0.02248
16.043,13.2862,1.068,0.617448,0.16168,0.04928,0.2148,0.02084
16.053,13.2962,0.974,0.550696,0.14676,0.04484,0.1972,0.01932
16.063,13.3062,0.8852,0.489192,0.13268,0.0406,0.1804,0.01776
16.073,13.3162,0.7988,0.43212,0.11908,0.036496,0.1632,0.01624
16.083,13.3262,0.7132,0.379076,0.1058,0.03249,0.146,0.01464
16.093,13.3362,0.6288,0.328465,0.09276,0.028568,0.1292,0.013
16.103,13.3462,0.5456,0.281868,0.08052,0.024776,0.1124,0.0114
16.113,13.3562,0.4672,0.238094,0.06868,0.021112,0.096,0.0098
16.123,13.3662,0.392,0.197937,0.05752,0.017752,0.0808,0.00824
16.133,13.3762,0.3232,0.162199,0.04728,0.014588,0.0668,0.00684
16.143,13.3862,0.2612,0.130319,0.0382,0.011808,0.054,0.00552
16.153,13.3962,0.2076,0.102856,0.03024,0.009344,0.0428,0.0044
16.163,13.4062,0.16084,0.0794504,0.023448,0.00726,0.0332,0.003424
16.173,13.4162,0.12212,0.0602592,0.01784,0.0055152,0.02524,0.002608
16.183,13.4262,0.09108,0.0447224,0.013244,0.0041048,0.0188,0.001944
16.193,13.4362,0.06636,0.0325986,0.009672,0.0029904,0.01372,0.00142
16.203,13.4462,0.0474,0.023204,0.006888,0.0021312,0.00976,0.001012
16.213,13.4562,0.03304,0.0161385,0.004808,0.0014912,0.00684,0.000708
16.223,13.4662,0.0226,0.011024,0.003284,0.0010184,0.00468,0.000484
16.233,13.4762,0.01508,0.00736664,0.0021924,0.0006792,0.003116,0.0003232
16.243,13.4862,0.009876,0.0048134,0.0014336,0.00044464,0.00204,0.0002116
16.253,13.4962,0.006316,0.00308315,0.0009164,0.00028448,0.001304,0.0001352
16.263,13.5062,0.003956,0.00192696,0.0005744,0.00017808,0.000816,8.48e-05
16.273,13.5162,0.00242,0.00118026,0.0003516,0.00010908,0.0005,5.2e-05
16.283,13.5262,0.0014484,0.000706152,0.00021064,6.532e-05,0.0002996,3.108e-05
16.293,13.5362,0.00085,0.000413491,0.00012325,3.828e-05,0.0001756,1.82e-05
16.303,13.5462,0.0004868,0.000237256,7.076e-05,2.196e-05,0.0001004,1.044e-05
16.313,13.5562,0.0002736,0.0001328,3.968e-05,1.2304e-05,5.64e-05,5.84e-06
16.323,13.5662,0.00014976,7.29036e-05,2.1756e-05,6.736e-06,3.092e-05,3.212e-06
16.333,13.5762,8.04e-05,3.91414e-05,1.1672e-05,3.6192e-06,1.66e-05,1.724e-06
