# li3p_mp-736 PDOS summed by element+orbital (QE projwfc.x). Columns are states/eV. VBM 3.252 eV. Gap is the fixed-occ nscf value (0.709 eV), not a DOS threshold.
E_eV,E_minus_VBM_eV,Li_p,Li_s,P_p,P_s
-42.512,-45.7641,5.536e-05,0.0013559,3.94e-06,3.58e-07
-42.502,-45.7541,0.0001062,0.00261093,7.58e-06,6.88e-07
-42.492,-45.7441,0.000199,0.00492338,1.42e-05,1.29e-06
-42.482,-45.7341,0.0003652,0.00908046,2.6e-05,2.36e-06
-42.472,-45.7241,0.0006544,0.0163459,4.68e-05,4.24e-06
-42.462,-45.7141,0.00115,0.0288588,8.24e-05,7.46e-06
-42.452,-45.7041,0.001978,0.0500502,0.0001418,1.282e-05
-42.442,-45.6941,0.003324,0.0843688,0.000238,2.16e-05
-42.432,-45.6841,0.005468,0.13968,0.000392,3.54e-05
-42.422,-45.6741,0.00882,0.226893,0.000634,5.7e-05
-42.412,-45.6641,0.01386,0.35975,0.000998,8.98e-05
-42.402,-45.6541,0.0214,0.56125,0.00154,0.0001384
-42.392,-45.6441,0.03228,0.852046,0.00232,0.000208
-42.382,-45.6341,0.04768,1.26812,0.00344,0.000308
-42.372,-45.6241,0.06892,1.84587,0.00496,0.000444
-42.362,-45.6141,0.0974,2.63781,0.00702,0.000628
-42.352,-45.6041,0.135,3.68846,0.00972,0.000866
-42.342,-45.5941,0.1828,5.05048,0.01318,0.001172
-42.332,-45.5841,0.2426,6.74854,0.01748,0.00155
-42.322,-45.5741,0.3148,8.85122,0.0226,0.002
-42.312,-45.5641,0.4,11.3983,0.0288,0.00254
-42.302,-45.5541,0.498,14.3108,0.0358,0.00314
-42.292,-45.5441,0.6048,17.6684,0.0434,0.00382
-42.282,-45.5341,0.72,21.2707,0.0518,0.00452
-42.272,-45.5241,0.842,25.116,0.0602,0.00524
-42.262,-45.5141,0.958,29.0439,0.0686,0.00596
-42.252,-45.5041,1.07,32.8919,0.0766,0.00662
-42.242,-45.4941,1.172,36.4986,0.0836,0.0072
-42.232,-45.4841,1.256,39.6211,0.0892,0.00766
-42.222,-45.4741,1.312,42.096,0.0934,0.00798
-42.212,-45.4641,1.346,43.7245,0.0956,0.00814
-42.202,-45.4541,1.352,44.543,0.0956,0.0081
-42.192,-45.4441,1.33,44.552,0.0938,0.0079
-42.182,-45.4341,1.278,43.7472,0.09,0.00754
-42.172,-45.4241,1.204,41.7333,0.0844,0.00706
-42.162,-45.4141,1.112,39.1866,0.0776,0.00644
-42.152,-45.4041,1.002,35.9515,0.0698,0.00576
-42.142,-45.3941,0.886,32.3118,0.0614,0.00504
-42.132,-45.3841,0.764,28.468,0.053,0.00432
-42.122,-45.3741,0.65,24.5429,0.0448,0.00362
-42.112,-45.3641,0.5388,20.7004,0.037,0.00298
-42.102,-45.3541,0.4376,17.1442,0.03,0.00238
-42.092,-45.3441,0.3486,13.8775,0.0238,0.001874
-42.082,-45.3341,0.2722,11.0261,0.01856,0.001442
-42.072,-45.3241,0.2088,8.6354,0.01434,0.001086
-42.062,-45.3141,0.1578,6.63402,0.01106,0.000802
-42.052,-45.3041,0.1192,5.07178,0.00872,0.00058
-42.042,-45.2941,0.0908,3.93086,0.00722,0.000412
-42.032,-45.2841,0.072,3.1427,0.00658,0.00029
-42.022,-45.2741,0.06168,2.69498,0.00676,0.000204
-42.012,-45.2641,0.05924,2.56134,0.0078,0.0001478
-42.002,-45.2541,0.06388,2.72748,0.0097,0.0001128
-41.992,-45.2441,0.07528,3.17322,0.01254,9.52e-05
-41.982,-45.2341,0.09356,3.91916,0.01638,9.1e-05
-41.972,-45.2241,0.11814,4.92876,0.0212,9.74e-05
-41.962,-45.2141,0.14964,6.20524,0.0272,0.000112
-41.952,-45.2041,0.18676,7.73404,0.0342,0.0001336
-41.942,-45.1941,0.229,9.48456,0.042,0.0001602
-41.932,-45.1841,0.27588,11.41,0.0508,0.0001908
-41.922,-45.1741,0.3249,13.4441,0.0598,0.000224
-41.912,-45.1641,0.37478,15.504,0.069,0.000258
-41.902,-45.1541,0.4242,17.5053,0.0778,0.00029
-41.892,-45.1441,0.46588,19.3264,0.086,0.00032
-41.882,-45.1341,0.50332,20.8647,0.0928,0.000346
-41.872,-45.1241,0.5324,22.0792,0.098,0.000366
-41.862,-45.1141,0.549,22.6882,0.1014,0.000378
-41.852,-45.1041,0.5574,23.0912,0.1024,0.000382
-41.842,-45.0941,0.549,22.6884,0.1012,0.000378
-41.832,-45.0841,0.5324,22.0787,0.098,0.000366
-41.822,-45.0741,0.5033,20.8638,0.0926,0.000346
-41.812,-45.0641,0.46588,19.3044,0.0858,0.00032
-41.802,-45.0541,0.42418,17.4812,0.0776,0.00029
-41.792,-45.0441,0.37394,15.4758,0.0688,0.000258
-41.782,-45.0341,0.32402,13.4099,0.0596,0.000222
-41.772,-45.0241,0.27454,11.3638,0.0504,0.0001888
-41.762,-45.0141,0.22754,9.41936,0.0418,0.0001566
-41.752,-45.0041,0.18468,7.63684,0.034,0.000127
-41.742,-44.9941,0.14642,6.05688,0.0268,0.0001008
-41.732,-44.9841,0.11356,4.69956,0.0208,7.82e-05
-41.722,-44.9741,0.08612,3.56532,0.01584,5.94e-05
-41.712,-44.9641,0.06406,2.65358,0.01176,4.4e-05
-41.702,-44.9541,0.046586,1.9244,0.00854,3.2e-05
-41.692,-44.9441,0.033028,1.36734,0.00606,2.28e-05
-41.682,-44.9341,0.022962,0.95006,0.00422,1.582e-05
-41.672,-44.9241,0.0156,0.646188,0.00286,1.076e-05
-41.662,-44.9141,0.010358,0.429456,0.001904,7.16e-06
-41.652,-44.9041,0.00674,0.279546,0.001238,4.66e-06
-41.642,-44.8941,0.0042852,0.177856,0.000788,2.96e-06
-41.632,-44.8841,0.0026708,0.110604,0.00049,1.844e-06
-41.622,-44.8741,0.0016266,0.0674556,0.000298,1.122e-06
-41.612,-44.8641,0.0009692,0.0401096,0.0001776,6.68e-07
-41.602,-44.8541,0.0005658,0.0232968,0.0001034,3.9e-07
-41.592,-44.8441,0.00032158,0.0133293,5.9e-05,2.22e-07
-41.582,-44.8341,0.0001793,0.00743436,3.28e-05,1.238e-07
-41.572,-44.8241,9.776e-05,0.00405144,1.792e-05,6.76e-08
-41.562,-44.8141,5.2e-05,0.00216745,9.56e-06,3.6e-08
-41.552,-44.8041,2.7208e-05,0.00112834,4.98e-06,1.88e-08
-41.542,-44.7941,1.3894e-05,0.000575324,2.54e-06,9.6e-09
-41.532,-44.7841,6.948e-06,0.000287652,1.27e-06,4.8e-09
-41.522,-44.7741,3.3824e-06,0.000140386,6.2e-07,2.34e-09
-41.512,-44.7641,1.6184e-06,6.70532e-05,2.96e-07,1.118e-09
-41.502,-44.7541,7.572e-07,3.1398e-05,1.384e-07,5.22e-10
-41.492,-44.7441,3.4532e-07,1.43223e-05,6.32e-08,2.38e-10
-41.482,-44.7341,1.5436e-07,6.40148e-06,2.82e-08,1.068e-10
-41.472,-44.7241,6.74e-08,2.79564e-06,1.236e-08,4.68e-11
-41.462,-44.7141,2.8876e-08,1.19723e-06,5.28e-09,2e-11
-41.452,-44.7041,1.2106e-08,5.02388e-07,2.22e-09,8.38e-12
-41.442,-44.6941,4.9512e-09,2.04616e-07,9.06e-10,3.42e-12
-41.432,-44.6841,1.9806e-09,8.22468e-08,3.62e-10,1.374e-12
-41.422,-44.6741,7.78e-10,3.22096e-08,1.42e-10,5.38e-13
-41.412,-44.6641,2.975e-10,1.23372e-08,5.44e-11,2.06e-13
-41.402,-44.6541,1.115e-10,4.61892e-09,2.04e-11,7.74e-14
-41.392,-44.6441,4.086e-11,1.69562e-09,7.48e-12,2.84e-14
-41.382,-44.6341,1.4646e-11,6.0776e-10,2.68e-12,1.016e-14
-41.372,-44.6241,5.1588e-12,2.12723e-10,9.4e-13,3.56e-15
-41.362,-44.6141,0,0,0,0
-41.352,-44.6041,0,0,0,0
-41.342,-44.5941,0,0,0,0
-41.332,-44.5841,0,0,0,0
-41.322,-44.5741,0,0,0,0
-41.312,-44.5641,0,0,0,0
-41.302,-44.5541,0,0,0,0
-41.292,-44.5441,0,0,0,0
-41.282,-44.5341,0,0,0,0
-41.272,-44.5241,0,0,0,0
-41.262,-44.5141,0,0,0,0
-41.252,-44.5041,0,0,0,0
-41.242,-44.4941,0,0,0,0
-41.232,-44.4841,0,0,0,0
-41.222,-44.4741,0,0,0,0
-41.212,-44.4641,0,0,0,0
-41.202,-44.4541,0,0,0,0
-41.192,-44.4441,0,0,0,0
-41.182,-44.4341,0,0,0,0
-41.172,-44.4241,0,0,0,0
-41.162,-44.4141,0,0,0,0
-41.152,-44.4041,0,0,0,0
-41.142,-44.3941,0,0,0,0
-41.132,-44.3841,0,0,0,0
-41.122,-44.3741,0,0,0,0
-41.112,-44.3641,0,0,0,0
-41.102,-44.3541,0,0,0,0
-41.092,-44.3441,0,0,0,0
-41.082,-44.3341,0,0,0,0
-41.072,-44.3241,0,0,0,0
-41.062,-44.3141,0,0,0,0
-41.052,-44.3041,0,0,0,0
-41.042,-44.2941,0,0,0,0
-41.032,-44.2841,0,0,0,0
-41.022,-44.2741,0,0,0,0
-41.012,-44.2641,0,0,0,0
-41.002,-44.2541,0,0,0,0
-40.992,-44.2441,0,0,0,0
-40.982,-44.2341,0,0,0,0
-40.972,-44.2241,0,0,0,0
-40.962,-44.2141,0,0,0,0
-40.952,-44.2041,0,0,0,0
-40.942,-44.1941,0,0,0,0
-40.932,-44.1841,0,0,0,0
-40.922,-44.1741,0,0,0,0
-40.912,-44.1641,0,0,0,0
-40.902,-44.1541,0,0,0,0
-40.892,-44.1441,0,0,0,0
-40.882,-44.1341,0,0,0,0
-40.872,-44.1241,0,0,0,0
-40.862,-44.1141,0,0,0,0
-40.852,-44.1041,0,0,0,0
-40.842,-44.0941,0,0,0,0
-40.832,-44.0841,0,0,0,0
-40.822,-44.0741,0,0,0,0
-40.812,-44.0641,0,0,0,0
-40.802,-44.0541,0,0,0,0
-40.792,-44.0441,0,0,0,0
-40.782,-44.0341,0,0,0,0
-40.772,-44.0241,0,0,0,0
-40.762,-44.0141,0,0,0,0
-40.752,-44.0041,0,0,0,0
-40.742,-43.9941,0,0,0,0
-40.732,-43.9841,0,0,0,0
-40.722,-43.9741,0,0,0,0
-40.712,-43.9641,0,0,0,0
-40.702,-43.9541,0,0,0,0
-40.692,-43.9441,0,0,0,0
-40.682,-43.9341,0,0,0,0
-40.672,-43.9241,0,0,0,0
-40.662,-43.9141,0,0,0,0
-40.652,-43.9041,0,0,0,0
-40.642,-43.8941,0,0,0,0
-40.632,-43.8841,0,0,0,0
-40.622,-43.8741,0,0,0,0
-40.612,-43.8641,0,0,0,0
-40.602,-43.8541,0,0,0,0
-40.592,-43.8441,0,0,0,0
-40.582,-43.8341,0,0,0,0
-40.572,-43.8241,0,0,0,0
-40.562,-43.8141,0,0,0,0
-40.552,-43.8041,0,0,0,0
-40.542,-43.7941,0,0,0,0
-40.532,-43.7841,0,0,0,0
-40.522,-43.7741,0,0,0,0
-40.512,-43.7641,0,0,0,0
-40.502,-43.7541,0,0,0,0
-40.492,-43.7441,0,0,0,0
-40.482,-43.7341,0,0,0,0
-40.472,-43.7241,0,0,0,0
-40.462,-43.7141,0,0,0,0
-40.452,-43.7041,0,0,0,0
-40.442,-43.6941,0,0,0,0
-40.432,-43.6841,0,0,0,0
-40.422,-43.6741,0,0,0,0
-40.412,-43.6641,0,0,0,0
-40.402,-43.6541,0,0,0,0
-40.392,-43.6441,0,0,0,0
-40.382,-43.6341,0,0,0,0
-40.372,-43.6241,0,0,0,0
-40.362,-43.6141,0,0,0,0
-40.352,-43.6041,0,0,0,0
-40.342,-43.5941,0,0,0,0
-40.332,-43.5841,0,0,0,0
-40.322,-43.5741,0,0,0,0
-40.312,-43.5641,0,0,0,0
-40.302,-43.5541,0,0,0,0
-40.292,-43.5441,0,0,0,0
-40.282,-43.5341,0,0,0,0
-40.272,-43.5241,0,0,0,0
-40.262,-43.5141,0,0,0,0
-40.252,-43.5041,0,0,0,0
-40.242,-43.4941,0,0,0,0
-40.232,-43.4841,0,0,0,0
-40.222,-43.4741,0,0,0,0
-40.212,-43.4641,0,0,0,0
-40.202,-43.4541,0,0,0,0
-40.192,-43.4441,0,0,0,0
-40.182,-43.4341,0,0,0,0
-40.172,-43.4241,0,0,0,0
-40.162,-43.4141,0,0,0,0
-40.152,-43.4041,0,0,0,0
-40.142,-43.3941,0,0,0,0
-40.132,-43.3841,0,0,0,0
-40.122,-43.3741,0,0,0,0
-40.112,-43.3641,0,0,0,0
-40.102,-43.3541,0,0,0,0
-40.092,-43.3441,0,0,0,0
-40.082,-43.3341,0,0,0,0
-40.072,-43.3241,0,0,0,0
-40.062,-43.3141,0,0,0,0
-40.052,-43.3041,0,0,0,0
-40.042,-43.2941,0,0,0,0
-40.032,-43.2841,0,0,0,0
-40.022,-43.2741,0,0,0,0
-40.012,-43.2641,0,0,0,0
-40.002,-43.2541,0,0,0,0
-39.992,-43.2441,0,0,0,0
-39.982,-43.2341,0,0,0,0
-39.972,-43.2241,0,0,0,0
-39.962,-43.2141,0,0,0,0
-39.952,-43.2041,0,0,0,0
-39.942,-43.1941,0,0,0,0
-39.932,-43.1841,0,0,0,0
-39.922,-43.1741,0,0,0,0
-39.912,-43.1641,0,0,0,0
-39.902,-43.1541,0,0,0,0
-39.892,-43.1441,0,0,0,0
-39.882,-43.1341,0,0,0,0
-39.872,-43.1241,0,0,0,0
-39.862,-43.1141,0,0,0,0
-39.852,-43.1041,0,0,0,0
-39.842,-43.0941,0,0,0,0
-39.832,-43.0841,0,0,0,0
-39.822,-43.0741,0,0,0,0
-39.812,-43.0641,0,0,0,0
-39.802,-43.0541,0,0,0,0
-39.792,-43.0441,0,0,0,0
-39.782,-43.0341,0,0,0,0
-39.772,-43.0241,0,0,0,0
-39.762,-43.0141,0,0,0,0
-39.752,-43.0041,0,0,0,0
-39.742,-42.9941,0,0,0,0
-39.732,-42.9841,0,0,0,0
-39.722,-42.9741,0,0,0,0
-39.712,-42.9641,0,0,0,0
-39.702,-42.9541,0,0,0,0
-39.692,-42.9441,0,0,0,0
-39.682,-42.9341,0,0,0,0
-39.672,-42.9241,0,0,0,0
-39.662,-42.9141,0,0,0,0
-39.652,-42.9041,0,0,0,0
-39.642,-42.8941,0,0,0,0
-39.632,-42.8841,0,0,0,0
-39.622,-42.8741,0,0,0,0
-39.612,-42.8641,0,0,0,0
-39.602,-42.8541,0,0,0,0
-39.592,-42.8441,0,0,0,0
-39.582,-42.8341,0,0,0,0
-39.572,-42.8241,0,0,0,0
-39.562,-42.8141,0,0,0,0
-39.552,-42.8041,0,0,0,0
-39.542,-42.7941,0,0,0,0
-39.532,-42.7841,0,0,0,0
-39.522,-42.7741,0,0,0,0
-39.512,-42.7641,0,0,0,0
-39.502,-42.7541,0,0,0,0
-39.492,-42.7441,0,0,0,0
-39.482,-42.7341,0,0,0,0
-39.472,-42.7241,0,0,0,0
-39.462,-42.7141,0,0,0,0
-39.452,-42.7041,0,0,0,0
-39.442,-42.6941,0,0,0,0
-39.432,-42.6841,0,0,0,0
-39.422,-42.6741,0,0,0,0
-39.412,-42.6641,0,0,0,0
-39.402,-42.6541,0,0,0,0
-39.392,-42.6441,0,0,0,0
-39.382,-42.6341,0,0,0,0
-39.372,-42.6241,0,0,0,0
-39.362,-42.6141,0,0,0,0
-39.352,-42.6041,0,0,0,0
-39.342,-42.5941,0,0,0,0
-39.332,-42.5841,0,0,0,0
-39.322,-42.5741,0,0,0,0
-39.312,-42.5641,0,0,0,0
-39.302,-42.5541,0,0,0,0
-39.292,-42.5441,0,0,0,0
-39.282,-42.5341,0,0,0,0
-39.272,-42.5241,0,0,0,0
-39.262,-42.5141,0,0,0,0
-39.252,-42.5041,0,0,0,0
-39.242,-42.4941,0,0,0,0
-39.232,-42.4841,0,0,0,0
-39.222,-42.4741,0,0,0,0
-39.212,-42.4641,0,0,0,0
-39.202,-42.4541,0,0,0,0
-39.192,-42.4441,0,0,0,0
-39.182,-42.4341,0,0,0,0
-39.172,-42.4241,0,0,0,0
-39.162,-42.4141,0,0,0,0
-39.152,-42.4041,0,0,0,0
-39.142,-42.3941,0,0,0,0
-39.132,-42.3841,0,0,0,0
-39.122,-42.3741,0,0,0,0
-39.112,-42.3641,0,0,0,0
-39.102,-42.3541,0,0,0,0
-39.092,-42.3441,0,0,0,0
-39.082,-42.3341,0,0,0,0
-39.072,-42.3241,0,0,0,0
-39.062,-42.3141,0,0,0,0
-39.052,-42.3041,0,0,0,0
-39.042,-42.2941,0,0,0,0
-39.032,-42.2841,0,0,0,0
-39.022,-42.2741,0,0,0,0
-39.012,-42.2641,0,0,0,0
-39.002,-42.2541,0,0,0,0
-38.992,-42.2441,0,0,0,0
-38.982,-42.2341,0,0,0,0
-38.972,-42.2241,0,0,0,0
-38.962,-42.2141,0,0,0,0
-38.952,-42.2041,0,0,0,0
-38.942,-42.1941,0,0,0,0
-38.932,-42.1841,0,0,0,0
-38.922,-42.1741,0,0,0,0
-38.912,-42.1641,0,0,0,0
-38.902,-42.1541,0,0,0,0
-38.892,-42.1441,0,0,0,0
-38.882,-42.1341,0,0,0,0
-38.872,-42.1241,0,0,0,0
-38.862,-42.1141,0,0,0,0
-38.852,-42.1041,0,0,0,0
-38.842,-42.0941,0,0,0,0
-38.832,-42.0841,0,0,0,0
-38.822,-42.0741,0,0,0,0
-38.812,-42.0641,0,0,0,0
-38.802,-42.0541,0,0,0,0
-38.792,-42.0441,0,0,0,0
-38.782,-42.0341,0,0,0,0
-38.772,-42.0241,0,0,0,0
-38.762,-42.0141,0,0,0,0
-38.752,-42.0041,0,0,0,0
-38.742,-41.9941,0,0,0,0
-38.732,-41.9841,0,0,0,0
-38.722,-41.9741,0,0,0,0
-38.712,-41.9641,0,0,0,0
-38.702,-41.9541,0,0,0,0
-38.692,-41.9441,0,0,0,0
-38.682,-41.9341,0,0,0,0
-38.672,-41.9241,0,0,0,0
-38.662,-41.9141,0,0,0,0
-38.652,-41.9041,0,0,0,0
-38.642,-41.8941,0,0,0,0
-38.632,-41.8841,0,0,0,0
-38.622,-41.8741,0,0,0,0
-38.612,-41.8641,0,0,0,0
-38.602,-41.8541,0,0,0,0
-38.592,-41.8441,0,0,0,0
-38.582,-41.8341,0,0,0,0
-38.572,-41.8241,0,0,0,0
-38.562,-41.8141,0,0,0,0
-38.552,-41.8041,0,0,0,0
-38.542,-41.7941,0,0,0,0
-38.532,-41.7841,0,0,0,0
-38.522,-41.7741,0,0,0,0
-38.512,-41.7641,0,0,0,0
-38.502,-41.7541,0,0,0,0
-38.492,-41.7441,0,0,0,0
-38.482,-41.7341,0,0,0,0
-38.472,-41.7241,0,0,0,0
-38.462,-41.7141,0,0,0,0
-38.452,-41.7041,0,0,0,0
-38.442,-41.6941,0,0,0,0
-38.432,-41.6841,0,0,0,0
-38.422,-41.6741,0,0,0,0
-38.412,-41.6641,0,0,0,0
-38.402,-41.6541,0,0,0,0
-38.392,-41.6441,0,0,0,0
-38.382,-41.6341,0,0,0,0
-38.372,-41.6241,0,0,0,0
-38.362,-41.6141,0,0,0,0
-38.352,-41.6041,0,0,0,0
-38.342,-41.5941,0,0,0,0
-38.332,-41.5841,0,0,0,0
-38.322,-41.5741,0,0,0,0
-38.312,-41.5641,0,0,0,0
-38.302,-41.5541,0,0,0,0
-38.292,-41.5441,0,0,0,0
-38.282,-41.5341,0,0,0,0
-38.272,-41.5241,0,0,0,0
-38.262,-41.5141,0,0,0,0
-38.252,-41.5041,0,0,0,0
-38.242,-41.4941,0,0,0,0
-38.232,-41.4841,0,0,0,0
-38.222,-41.4741,0,0,0,0
-38.212,-41.4641,0,0,0,0
-38.202,-41.4541,0,0,0,0
-38.192,-41.4441,0,0,0,0
-38.182,-41.4341,0,0,0,0
-38.172,-41.4241,0,0,0,0
-38.162,-41.4141,0,0,0,0
-38.152,-41.4041,0,0,0,0
-38.142,-41.3941,0,0,0,0
-38.132,-41.3841,0,0,0,0
-38.122,-41.3741,0,0,0,0
-38.112,-41.3641,0,0,0,0
-38.102,-41.3541,0,0,0,0
-38.092,-41.3441,0,0,0,0
-38.082,-41.3341,0,0,0,0
-38.072,-41.3241,0,0,0,0
-38.062,-41.3141,0,0,0,0
-38.052,-41.3041,0,0,0,0
-38.042,-41.2941,0,0,0,0
-38.032,-41.2841,0,0,0,0
-38.022,-41.2741,0,0,0,0
-38.012,-41.2641,0,0,0,0
-38.002,-41.2541,0,0,0,0
-37.992,-41.2441,0,0,0,0
-37.982,-41.2341,0,0,0,0
-37.972,-41.2241,0,0,0,0
-37.962,-41.2141,0,0,0,0
-37.952,-41.2041,0,0,0,0
-37.942,-41.1941,0,0,0,0
-37.932,-41.1841,0,0,0,0
-37.922,-41.1741,0,0,0,0
-37.912,-41.1641,0,0,0,0
-37.902,-41.1541,0,0,0,0
-37.892,-41.1441,0,0,0,0
-37.882,-41.1341,0,0,0,0
-37.872,-41.1241,0,0,0,0
-37.862,-41.1141,0,0,0,0
-37.852,-41.1041,0,0,0,0
-37.842,-41.0941,0,0,0,0
-37.832,-41.0841,0,0,0,0
-37.822,-41.0741,0,0,0,0
-37.812,-41.0641,0,0,0,0
-37.802,-41.0541,0,0,0,0
-37.792,-41.0441,0,0,0,0
-37.782,-41.0341,0,0,0,0
-37.772,-41.0241,0,0,0,0
-37.762,-41.0141,0,0,0,0
-37.752,-41.0041,0,0,0,0
-37.742,-40.9941,0,0,0,0
-37.732,-40.9841,0,0,0,0
-37.722,-40.9741,0,0,0,0
-37.712,-40.9641,0,0,0,0
-37.702,-40.9541,0,0,0,0
-37.692,-40.9441,0,0,0,0
-37.682,-40.9341,0,0,0,0
-37.672,-40.9241,0,0,0,0
-37.662,-40.9141,0,0,0,0
-37.652,-40.9041,0,0,0,0
-37.642,-40.8941,0,0,0,0
-37.632,-40.8841,0,0,0,0
-37.622,-40.8741,0,0,0,0
-37.612,-40.8641,0,0,0,0
-37.602,-40.8541,0,0,0,0
-37.592,-40.8441,0,0,0,0
-37.582,-40.8341,0,0,0,0
-37.572,-40.8241,0,0,0,0
-37.562,-40.8141,0,0,0,0
-37.552,-40.8041,0,0,0,0
-37.542,-40.7941,0,0,0,0
-37.532,-40.7841,0,0,0,0
-37.522,-40.7741,0,0,0,0
-37.512,-40.7641,0,0,0,0
-37.502,-40.7541,0,0,0,0
-37.492,-40.7441,0,0,0,0
-37.482,-40.7341,0,0,0,0
-37.472,-40.7241,0,0,0,0
-37.462,-40.7141,0,0,0,0
-37.452,-40.7041,0,0,0,0
-37.442,-40.6941,0,0,0,0
-37.432,-40.6841,0,0,0,0
-37.422,-40.6741,0,0,0,0
-37.412,-40.6641,0,0,0,0
-37.402,-40.6541,0,0,0,0
-37.392,-40.6441,0,0,0,0
-37.382,-40.6341,0,0,0,0
-37.372,-40.6241,0,0,0,0
-37.362,-40.6141,0,0,0,0
-37.352,-40.6041,0,0,0,0
-37.342,-40.5941,0,0,0,0
-37.332,-40.5841,0,0,0,0
-37.322,-40.5741,0,0,0,0
-37.312,-40.5641,0,0,0,0
-37.302,-40.5541,0,0,0,0
-37.292,-40.5441,0,0,0,0
-37.282,-40.5341,0,0,0,0
-37.272,-40.5241,0,0,0,0
-37.262,-40.5141,0,0,0,0
-37.252,-40.5041,0,0,0,0
-37.242,-40.4941,0,0,0,0
-37.232,-40.4841,0,0,0,0
-37.222,-40.4741,0,0,0,0
-37.212,-40.4641,0,0,0,0
-37.202,-40.4541,0,0,0,0
-37.192,-40.4441,0,0,0,0
-37.182,-40.4341,0,0,0,0
-37.172,-40.4241,0,0,0,0
-37.162,-40.4141,0,0,0,0
-37.152,-40.4041,0,0,0,0
-37.142,-40.3941,0,0,0,0
-37.132,-40.3841,0,0,0,0
-37.122,-40.3741,0,0,0,0
-37.112,-40.3641,0,0,0,0
-37.102,-40.3541,0,0,0,0
-37.092,-40.3441,0,0,0,0
-37.082,-40.3341,0,0,0,0
-37.072,-40.3241,0,0,0,0
-37.062,-40.3141,0,0,0,0
-37.052,-40.3041,0,0,0,0
-37.042,-40.2941,0,0,0,0
-37.032,-40.2841,0,0,0,0
-37.022,-40.2741,0,0,0,0
-37.012,-40.2641,0,0,0,0
-37.002,-40.2541,0,0,0,0
-36.992,-40.2441,0,0,0,0
-36.982,-40.2341,0,0,0,0
-36.972,-40.2241,0,0,0,0
-36.962,-40.2141,0,0,0,0
-36.952,-40.2041,0,0,0,0
-36.942,-40.1941,0,0,0,0
-36.932,-40.1841,0,0,0,0
-36.922,-40.1741,0,0,0,0
-36.912,-40.1641,0,0,0,0
-36.902,-40.1541,0,0,0,0
-36.892,-40.1441,0,0,0,0
-36.882,-40.1341,0,0,0,0
-36.872,-40.1241,0,0,0,0
-36.862,-40.1141,0,0,0,0
-36.852,-40.1041,0,0,0,0
-36.842,-40.0941,0,0,0,0
-36.832,-40.0841,0,0,0,0
-36.822,-40.0741,0,0,0,0
-36.812,-40.0641,0,0,0,0
-36.802,-40.0541,0,0,0,0
-36.792,-40.0441,0,0,0,0
-36.782,-40.0341,0,0,0,0
-36.772,-40.0241,0,0,0,0
-36.762,-40.0141,0,0,0,0
-36.752,-40.0041,0,0,0,0
-36.742,-39.9941,0,0,0,0
-36.732,-39.9841,0,0,0,0
-36.722,-39.9741,0,0,0,0
-36.712,-39.9641,0,0,0,0
-36.702,-39.9541,0,0,0,0
-36.692,-39.9441,0,0,0,0
-36.682,-39.9341,0,0,0,0
-36.672,-39.9241,0,0,0,0
-36.662,-39.9141,0,0,0,0
-36.652,-39.9041,0,0,0,0
-36.642,-39.8941,0,0,0,0
-36.632,-39.8841,0,0,0,0
-36.622,-39.8741,0,0,0,0
-36.612,-39.8641,0,0,0,0
-36.602,-39.8541,0,0,0,0
-36.592,-39.8441,0,0,0,0
-36.582,-39.8341,0,0,0,0
-36.572,-39.8241,0,0,0,0
-36.562,-39.8141,0,0,0,0
-36.552,-39.8041,0,0,0,0
-36.542,-39.7941,0,0,0,0
-36.532,-39.7841,0,0,0,0
-36.522,-39.7741,0,0,0,0
-36.512,-39.7641,0,0,0,0
-36.502,-39.7541,0,0,0,0
-36.492,-39.7441,0,0,0,0
-36.482,-39.7341,0,0,0,0
-36.472,-39.7241,0,0,0,0
-36.462,-39.7141,0,0,0,0
-36.452,-39.7041,0,0,0,0
-36.442,-39.6941,0,0,0,0
-36.432,-39.6841,0,0,0,0
-36.422,-39.6741,0,0,0,0
-36.412,-39.6641,0,0,0,0
-36.402,-39.6541,0,0,0,0
-36.392,-39.6441,0,0,0,0
-36.382,-39.6341,0,0,0,0
-36.372,-39.6241,0,0,0,0
-36.362,-39.6141,0,0,0,0
-36.352,-39.6041,0,0,0,0
-36.342,-39.5941,0,0,0,0
-36.332,-39.5841,0,0,0,0
-36.322,-39.5741,0,0,0,0
-36.312,-39.5641,0,0,0,0
-36.302,-39.5541,0,0,0,0
-36.292,-39.5441,0,0,0,0
-36.282,-39.5341,0,0,0,0
-36.272,-39.5241,0,0,0,0
-36.262,-39.5141,0,0,0,0
-36.252,-39.5041,0,0,0,0
-36.242,-39.4941,0,0,0,0
-36.232,-39.4841,0,0,0,0
-36.222,-39.4741,0,0,0,0
-36.212,-39.4641,0,0,0,0
-36.202,-39.4541,0,0,0,0
-36.192,-39.4441,0,0,0,0
-36.182,-39.4341,0,0,0,0
-36.172,-39.4241,0,0,0,0
-36.162,-39.4141,0,0,0,0
-36.152,-39.4041,0,0,0,0
-36.142,-39.3941,0,0,0,0
-36.132,-39.3841,0,0,0,0
-36.122,-39.3741,0,0,0,0
-36.112,-39.3641,0,0,0,0
-36.102,-39.3541,0,0,0,0
-36.092,-39.3441,0,0,0,0
-36.082,-39.3341,0,0,0,0
-36.072,-39.3241,0,0,0,0
-36.062,-39.3141,0,0,0,0
-36.052,-39.3041,0,0,0,0
-36.042,-39.2941,0,0,0,0
-36.032,-39.2841,0,0,0,0
-36.022,-39.2741,0,0,0,0
-36.012,-39.2641,0,0,0,0
-36.002,-39.2541,0,0,0,0
-35.992,-39.2441,0,0,0,0
-35.982,-39.2341,0,0,0,0
-35.972,-39.2241,0,0,0,0
-35.962,-39.2141,0,0,0,0
-35.952,-39.2041,0,0,0,0
-35.942,-39.1941,0,0,0,0
-35.932,-39.1841,0,0,0,0
-35.922,-39.1741,0,0,0,0
-35.912,-39.1641,0,0,0,0
-35.902,-39.1541,0,0,0,0
-35.892,-39.1441,0,0,0,0
-35.882,-39.1341,0,0,0,0
-35.872,-39.1241,0,0,0,0
-35.862,-39.1141,0,0,0,0
-35.852,-39.1041,0,0,0,0
-35.842,-39.0941,0,0,0,0
-35.832,-39.0841,0,0,0,0
-35.822,-39.0741,0,0,0,0
-35.812,-39.0641,0,0,0,0
-35.802,-39.0541,0,0,0,0
-35.792,-39.0441,0,0,0,0
-35.782,-39.0341,0,0,0,0
-35.772,-39.0241,0,0,0,0
-35.762,-39.0141,0,0,0,0
-35.752,-39.0041,0,0,0,0
-35.742,-38.9941,0,0,0,0
-35.732,-38.9841,0,0,0,0
-35.722,-38.9741,0,0,0,0
-35.712,-38.9641,0,0,0,0
-35.702,-38.9541,0,0,0,0
-35.692,-38.9441,0,0,0,0
-35.682,-38.9341,0,0,0,0
-35.672,-38.9241,0,0,0,0
-35.662,-38.9141,0,0,0,0
-35.652,-38.9041,0,0,0,0
-35.642,-38.8941,0,0,0,0
-35.632,-38.8841,0,0,0,0
-35.622,-38.8741,0,0,0,0
-35.612,-38.8641,0,0,0,0
-35.602,-38.8541,0,0,0,0
-35.592,-38.8441,0,0,0,0
-35.582,-38.8341,0,0,0,0
-35.572,-38.8241,0,0,0,0
-35.562,-38.8141,0,0,0,0
-35.552,-38.8041,0,0,0,0
-35.542,-38.7941,0,0,0,0
-35.532,-38.7841,0,0,0,0
-35.522,-38.7741,0,0,0,0
-35.512,-38.7641,0,0,0,0
-35.502,-38.7541,0,0,0,0
-35.492,-38.7441,0,0,0,0
-35.482,-38.7341,0,0,0,0
-35.472,-38.7241,0,0,0,0
-35.462,-38.7141,0,0,0,0
-35.452,-38.7041,0,0,0,0
-35.442,-38.6941,0,0,0,0
-35.432,-38.6841,0,0,0,0
-35.422,-38.6741,0,0,0,0
-35.412,-38.6641,0,0,0,0
-35.402,-38.6541,0,0,0,0
-35.392,-38.6441,0,0,0,0
-35.382,-38.6341,0,0,0,0
-35.372,-38.6241,0,0,0,0
-35.362,-38.6141,0,0,0,0
-35.352,-38.6041,0,0,0,0
-35.342,-38.5941,0,0,0,0
-35.332,-38.5841,0,0,0,0
-35.322,-38.5741,0,0,0,0
-35.312,-38.5641,0,0,0,0
-35.302,-38.5541,0,0,0,0
-35.292,-38.5441,0,0,0,0
-35.282,-38.5341,0,0,0,0
-35.272,-38.5241,0,0,0,0
-35.262,-38.5141,0,0,0,0
-35.252,-38.5041,0,0,0,0
-35.242,-38.4941,0,0,0,0
-35.232,-38.4841,0,0,0,0
-35.222,-38.4741,0,0,0,0
-35.212,-38.4641,0,0,0,0
-35.202,-38.4541,0,0,0,0
-35.192,-38.4441,0,0,0,0
-35.182,-38.4341,0,0,0,0
-35.172,-38.4241,0,0,0,0
-35.162,-38.4141,0,0,0,0
-35.152,-38.4041,0,0,0,0
-35.142,-38.3941,0,0,0,0
-35.132,-38.3841,0,0,0,0
-35.122,-38.3741,0,0,0,0
-35.112,-38.3641,0,0,0,0
-35.102,-38.3541,0,0,0,0
-35.092,-38.3441,0,0,0,0
-35.082,-38.3341,0,0,0,0
-35.072,-38.3241,0,0,0,0
-35.062,-38.3141,0,0,0,0
-35.052,-38.3041,0,0,0,0
-35.042,-38.2941,0,0,0,0
-35.032,-38.2841,0,0,0,0
-35.022,-38.2741,0,0,0,0
-35.012,-38.2641,0,0,0,0
-35.002,-38.2541,0,0,0,0
-34.992,-38.2441,0,0,0,0
-34.982,-38.2341,0,0,0,0
-34.972,-38.2241,0,0,0,0
-34.962,-38.2141,0,0,0,0
-34.952,-38.2041,0,0,0,0
-34.942,-38.1941,0,0,0,0
-34.932,-38.1841,0,0,0,0
-34.922,-38.1741,0,0,0,0
-34.912,-38.1641,0,0,0,0
-34.902,-38.1541,0,0,0,0
-34.892,-38.1441,0,0,0,0
-34.882,-38.1341,0,0,0,0
-34.872,-38.1241,0,0,0,0
-34.862,-38.1141,0,0,0,0
-34.852,-38.1041,0,0,0,0
-34.842,-38.0941,0,0,0,0
-34.832,-38.0841,0,0,0,0
-34.822,-38.0741,0,0,0,0
-34.812,-38.0641,0,0,0,0
-34.802,-38.0541,0,0,0,0
-34.792,-38.0441,0,0,0,0
-34.782,-38.0341,0,0,0,0
-34.772,-38.0241,0,0,0,0
-34.762,-38.0141,0,0,0,0
-34.752,-38.0041,0,0,0,0
-34.742,-37.9941,0,0,0,0
-34.732,-37.9841,0,0,0,0
-34.722,-37.9741,0,0,0,0
-34.712,-37.9641,0,0,0,0
-34.702,-37.9541,0,0,0,0
-34.692,-37.9441,0,0,0,0
-34.682,-37.9341,0,0,0,0
-34.672,-37.9241,0,0,0,0
-34.662,-37.9141,0,0,0,0
-34.652,-37.9041,0,0,0,0
-34.642,-37.8941,0,0,0,0
-34.632,-37.8841,0,0,0,0
-34.622,-37.8741,0,0,0,0
-34.612,-37.8641,0,0,0,0
-34.602,-37.8541,0,0,0,0
-34.592,-37.8441,0,0,0,0
-34.582,-37.8341,0,0,0,0
-34.572,-37.8241,0,0,0,0
-34.562,-37.8141,0,0,0,0
-34.552,-37.8041,0,0,0,0
-34.542,-37.7941,0,0,0,0
-34.532,-37.7841,0,0,0,0
-34.522,-37.7741,0,0,0,0
-34.512,-37.7641,0,0,0,0
-34.502,-37.7541,0,0,0,0
-34.492,-37.7441,0,0,0,0
-34.482,-37.7341,0,0,0,0
-34.472,-37.7241,0,0,0,0
-34.462,-37.7141,0,0,0,0
-34.452,-37.7041,0,0,0,0
-34.442,-37.6941,0,0,0,0
-34.432,-37.6841,0,0,0,0
-34.422,-37.6741,0,0,0,0
-34.412,-37.6641,0,0,0,0
-34.402,-37.6541,0,0,0,0
-34.392,-37.6441,0,0,0,0
-34.382,-37.6341,0,0,0,0
-34.372,-37.6241,0,0,0,0
-34.362,-37.6141,0,0,0,0
-34.352,-37.6041,0,0,0,0
-34.342,-37.5941,0,0,0,0
-34.332,-37.5841,0,0,0,0
-34.322,-37.5741,0,0,0,0
-34.312,-37.5641,0,0,0,0
-34.302,-37.5541,0,0,0,0
-34.292,-37.5441,0,0,0,0
-34.282,-37.5341,0,0,0,0
-34.272,-37.5241,0,0,0,0
-34.262,-37.5141,0,0,0,0
-34.252,-37.5041,0,0,0,0
-34.242,-37.4941,0,0,0,0
-34.232,-37.4841,0,0,0,0
-34.222,-37.4741,0,0,0,0
-34.212,-37.4641,0,0,0,0
-34.202,-37.4541,0,0,0,0
-34.192,-37.4441,0,0,0,0
-34.182,-37.4341,0,0,0,0
-34.172,-37.4241,0,0,0,0
-34.162,-37.4141,0,0,0,0
-34.152,-37.4041,0,0,0,0
-34.142,-37.3941,0,0,0,0
-34.132,-37.3841,0,0,0,0
-34.122,-37.3741,0,0,0,0
-34.112,-37.3641,0,0,0,0
-34.102,-37.3541,0,0,0,0
-34.092,-37.3441,0,0,0,0
-34.082,-37.3341,0,0,0,0
-34.072,-37.3241,0,0,0,0
-34.062,-37.3141,0,0,0,0
-34.052,-37.3041,0,0,0,0
-34.042,-37.2941,0,0,0,0
-34.032,-37.2841,0,0,0,0
-34.022,-37.2741,0,0,0,0
-34.012,-37.2641,0,0,0,0
-34.002,-37.2541,0,0,0,0
-33.992,-37.2441,0,0,0,0
-33.982,-37.2341,0,0,0,0
-33.972,-37.2241,0,0,0,0
-33.962,-37.2141,0,0,0,0
-33.952,-37.2041,0,0,0,0
-33.942,-37.1941,0,0,0,0
-33.932,-37.1841,0,0,0,0
-33.922,-37.1741,0,0,0,0
-33.912,-37.1641,0,0,0,0
-33.902,-37.1541,0,0,0,0
-33.892,-37.1441,0,0,0,0
-33.882,-37.1341,0,0,0,0
-33.872,-37.1241,0,0,0,0
-33.862,-37.1141,0,0,0,0
-33.852,-37.1041,0,0,0,0
-33.842,-37.0941,0,0,0,0
-33.832,-37.0841,0,0,0,0
-33.822,-37.0741,0,0,0,0
-33.812,-37.0641,0,0,0,0
-33.802,-37.0541,0,0,0,0
-33.792,-37.0441,0,0,0,0
-33.782,-37.0341,0,0,0,0
-33.772,-37.0241,0,0,0,0
-33.762,-37.0141,0,0,0,0
-33.752,-37.0041,0,0,0,0
-33.742,-36.9941,0,0,0,0
-33.732,-36.9841,0,0,0,0
-33.722,-36.9741,0,0,0,0
-33.712,-36.9641,0,0,0,0
-33.702,-36.9541,0,0,0,0
-33.692,-36.9441,0,0,0,0
-33.682,-36.9341,0,0,0,0
-33.672,-36.9241,0,0,0,0
-33.662,-36.9141,0,0,0,0
-33.652,-36.9041,0,0,0,0
-33.642,-36.8941,0,0,0,0
-33.632,-36.8841,0,0,0,0
-33.622,-36.8741,0,0,0,0
-33.612,-36.8641,0,0,0,0
-33.602,-36.8541,0,0,0,0
-33.592,-36.8441,0,0,0,0
-33.582,-36.8341,0,0,0,0
-33.572,-36.8241,0,0,0,0
-33.562,-36.8141,0,0,0,0
-33.552,-36.8041,0,0,0,0
-33.542,-36.7941,0,0,0,0
-33.532,-36.7841,0,0,0,0
-33.522,-36.7741,0,0,0,0
-33.512,-36.7641,0,0,0,0
-33.502,-36.7541,0,0,0,0
-33.492,-36.7441,0,0,0,0
-33.482,-36.7341,0,0,0,0
-33.472,-36.7241,0,0,0,0
-33.462,-36.7141,0,0,0,0
-33.452,-36.7041,0,0,0,0
-33.442,-36.6941,0,0,0,0
-33.432,-36.6841,0,0,0,0
-33.422,-36.6741,0,0,0,0
-33.412,-36.6641,0,0,0,0
-33.402,-36.6541,0,0,0,0
-33.392,-36.6441,0,0,0,0
-33.382,-36.6341,0,0,0,0
-33.372,-36.6241,0,0,0,0
-33.362,-36.6141,0,0,0,0
-33.352,-36.6041,0,0,0,0
-33.342,-36.5941,0,0,0,0
-33.332,-36.5841,0,0,0,0
-33.322,-36.5741,0,0,0,0
-33.312,-36.5641,0,0,0,0
-33.302,-36.5541,0,0,0,0
-33.292,-36.5441,0,0,0,0
-33.282,-36.5341,0,0,0,0
-33.272,-36.5241,0,0,0,0
-33.262,-36.5141,0,0,0,0
-33.252,-36.5041,0,0,0,0
-33.242,-36.4941,0,0,0,0
-33.232,-36.4841,0,0,0,0
-33.222,-36.4741,0,0,0,0
-33.212,-36.4641,0,0,0,0
-33.202,-36.4541,0,0,0,0
-33.192,-36.4441,0,0,0,0
-33.182,-36.4341,0,0,0,0
-33.172,-36.4241,0,0,0,0
-33.162,-36.4141,0,0,0,0
-33.152,-36.4041,0,0,0,0
-33.142,-36.3941,0,0,0,0
-33.132,-36.3841,0,0,0,0
-33.122,-36.3741,0,0,0,0
-33.112,-36.3641,0,0,0,0
-33.102,-36.3541,0,0,0,0
-33.092,-36.3441,0,0,0,0
-33.082,-36.3341,0,0,0,0
-33.072,-36.3241,0,0,0,0
-33.062,-36.3141,0,0,0,0
-33.052,-36.3041,0,0,0,0
-33.042,-36.2941,0,0,0,0
-33.032,-36.2841,0,0,0,0
-33.022,-36.2741,0,0,0,0
-33.012,-36.2641,0,0,0,0
-33.002,-36.2541,0,0,0,0
-32.992,-36.2441,0,0,0,0
-32.982,-36.2341,0,0,0,0
-32.972,-36.2241,0,0,0,0
-32.962,-36.2141,0,0,0,0
-32.952,-36.2041,0,0,0,0
-32.942,-36.1941,0,0,0,0
-32.932,-36.1841,0,0,0,0
-32.922,-36.1741,0,0,0,0
-32.912,-36.1641,0,0,0,0
-32.902,-36.1541,0,0,0,0
-32.892,-36.1441,0,0,0,0
-32.882,-36.1341,0,0,0,0
-32.872,-36.1241,0,0,0,0
-32.862,-36.1141,0,0,0,0
-32.852,-36.1041,0,0,0,0
-32.842,-36.0941,0,0,0,0
-32.832,-36.0841,0,0,0,0
-32.822,-36.0741,0,0,0,0
-32.812,-36.0641,0,0,0,0
-32.802,-36.0541,0,0,0,0
-32.792,-36.0441,0,0,0,0
-32.782,-36.0341,0,0,0,0
-32.772,-36.0241,0,0,0,0
-32.762,-36.0141,0,0,0,0
-32.752,-36.0041,0,0,0,0
-32.742,-35.9941,0,0,0,0
-32.732,-35.9841,0,0,0,0
-32.722,-35.9741,0,0,0,0
-32.712,-35.9641,0,0,0,0
-32.702,-35.9541,0,0,0,0
-32.692,-35.9441,0,0,0,0
-32.682,-35.9341,0,0,0,0
-32.672,-35.9241,0,0,0,0
-32.662,-35.9141,0,0,0,0
-32.652,-35.9041,0,0,0,0
-32.642,-35.8941,0,0,0,0
-32.632,-35.8841,0,0,0,0
-32.622,-35.8741,0,0,0,0
-32.612,-35.8641,0,0,0,0
-32.602,-35.8541,0,0,0,0
-32.592,-35.8441,0,0,0,0
-32.582,-35.8341,0,0,0,0
-32.572,-35.8241,0,0,0,0
-32.562,-35.8141,0,0,0,0
-32.552,-35.8041,0,0,0,0
-32.542,-35.7941,0,0,0,0
-32.532,-35.7841,0,0,0,0
-32.522,-35.7741,0,0,0,0
-32.512,-35.7641,0,0,0,0
-32.502,-35.7541,0,0,0,0
-32.492,-35.7441,0,0,0,0
-32.482,-35.7341,0,0,0,0
-32.472,-35.7241,0,0,0,0
-32.462,-35.7141,0,0,0,0
-32.452,-35.7041,0,0,0,0
-32.442,-35.6941,0,0,0,0
-32.432,-35.6841,0,0,0,0
-32.422,-35.6741,0,0,0,0
-32.412,-35.6641,0,0,0,0
-32.402,-35.6541,0,0,0,0
-32.392,-35.6441,0,0,0,0
-32.382,-35.6341,0,0,0,0
-32.372,-35.6241,0,0,0,0
-32.362,-35.6141,0,0,0,0
-32.352,-35.6041,0,0,0,0
-32.342,-35.5941,0,0,0,0
-32.332,-35.5841,0,0,0,0
-32.322,-35.5741,0,0,0,0
-32.312,-35.5641,0,0,0,0
-32.302,-35.5541,0,0,0,0
-32.292,-35.5441,0,0,0,0
-32.282,-35.5341,0,0,0,0
-32.272,-35.5241,0,0,0,0
-32.262,-35.5141,0,0,0,0
-32.252,-35.5041,0,0,0,0
-32.242,-35.4941,0,0,0,0
-32.232,-35.4841,0,0,0,0
-32.222,-35.4741,0,0,0,0
-32.212,-35.4641,0,0,0,0
-32.202,-35.4541,0,0,0,0
-32.192,-35.4441,0,0,0,0
-32.182,-35.4341,0,0,0,0
-32.172,-35.4241,0,0,0,0
-32.162,-35.4141,0,0,0,0
-32.152,-35.4041,0,0,0,0
-32.142,-35.3941,0,0,0,0
-32.132,-35.3841,0,0,0,0
-32.122,-35.3741,0,0,0,0
-32.112,-35.3641,0,0,0,0
-32.102,-35.3541,0,0,0,0
-32.092,-35.3441,0,0,0,0
-32.082,-35.3341,0,0,0,0
-32.072,-35.3241,0,0,0,0
-32.062,-35.3141,0,0,0,0
-32.052,-35.3041,0,0,0,0
-32.042,-35.2941,0,0,0,0
-32.032,-35.2841,0,0,0,0
-32.022,-35.2741,0,0,0,0
-32.012,-35.2641,0,0,0,0
-32.002,-35.2541,0,0,0,0
-31.992,-35.2441,0,0,0,0
-31.982,-35.2341,0,0,0,0
-31.972,-35.2241,0,0,0,0
-31.962,-35.2141,0,0,0,0
-31.952,-35.2041,0,0,0,0
-31.942,-35.1941,0,0,0,0
-31.932,-35.1841,0,0,0,0
-31.922,-35.1741,0,0,0,0
-31.912,-35.1641,0,0,0,0
-31.902,-35.1541,0,0,0,0
-31.892,-35.1441,0,0,0,0
-31.882,-35.1341,0,0,0,0
-31.872,-35.1241,0,0,0,0
-31.862,-35.1141,0,0,0,0
-31.852,-35.1041,0,0,0,0
-31.842,-35.0941,0,0,0,0
-31.832,-35.0841,0,0,0,0
-31.822,-35.0741,0,0,0,0
-31.812,-35.0641,0,0,0,0
-31.802,-35.0541,0,0,0,0
-31.792,-35.0441,0,0,0,0
-31.782,-35.0341,0,0,0,0
-31.772,-35.0241,0,0,0,0
-31.762,-35.0141,0,0,0,0
-31.752,-35.0041,0,0,0,0
-31.742,-34.9941,0,0,0,0
-31.732,-34.9841,0,0,0,0
-31.722,-34.9741,0,0,0,0
-31.712,-34.9641,0,0,0,0
-31.702,-34.9541,0,0,0,0
-31.692,-34.9441,0,0,0,0
-31.682,-34.9341,0,0,0,0
-31.672,-34.9241,0,0,0,0
-31.662,-34.9141,0,0,0,0
-31.652,-34.9041,0,0,0,0
-31.642,-34.8941,0,0,0,0
-31.632,-34.8841,0,0,0,0
-31.622,-34.8741,0,0,0,0
-31.612,-34.8641,0,0,0,0
-31.602,-34.8541,0,0,0,0
-31.592,-34.8441,0,0,0,0
-31.582,-34.8341,0,0,0,0
-31.572,-34.8241,0,0,0,0
-31.562,-34.8141,0,0,0,0
-31.552,-34.8041,0,0,0,0
-31.542,-34.7941,0,0,0,0
-31.532,-34.7841,0,0,0,0
-31.522,-34.7741,0,0,0,0
-31.512,-34.7641,0,0,0,0
-31.502,-34.7541,0,0,0,0
-31.492,-34.7441,0,0,0,0
-31.482,-34.7341,0,0,0,0
-31.472,-34.7241,0,0,0,0
-31.462,-34.7141,0,0,0,0
-31.452,-34.7041,0,0,0,0
-31.442,-34.6941,0,0,0,0
-31.432,-34.6841,0,0,0,0
-31.422,-34.6741,0,0,0,0
-31.412,-34.6641,0,0,0,0
-31.402,-34.6541,0,0,0,0
-31.392,-34.6441,0,0,0,0
-31.382,-34.6341,0,0,0,0
-31.372,-34.6241,0,0,0,0
-31.362,-34.6141,0,0,0,0
-31.352,-34.6041,0,0,0,0
-31.342,-34.5941,0,0,0,0
-31.332,-34.5841,0,0,0,0
-31.322,-34.5741,0,0,0,0
-31.312,-34.5641,0,0,0,0
-31.302,-34.5541,0,0,0,0
-31.292,-34.5441,0,0,0,0
-31.282,-34.5341,0,0,0,0
-31.272,-34.5241,0,0,0,0
-31.262,-34.5141,0,0,0,0
-31.252,-34.5041,0,0,0,0
-31.242,-34.4941,0,0,0,0
-31.232,-34.4841,0,0,0,0
-31.222,-34.4741,0,0,0,0
-31.212,-34.4641,0,0,0,0
-31.202,-34.4541,0,0,0,0
-31.192,-34.4441,0,0,0,0
-31.182,-34.4341,0,0,0,0
-31.172,-34.4241,0,0,0,0
-31.162,-34.4141,0,0,0,0
-31.152,-34.4041,0,0,0,0
-31.142,-34.3941,0,0,0,0
-31.132,-34.3841,0,0,0,0
-31.122,-34.3741,0,0,0,0
-31.112,-34.3641,0,0,0,0
-31.102,-34.3541,0,0,0,0
-31.092,-34.3441,0,0,0,0
-31.082,-34.3341,0,0,0,0
-31.072,-34.3241,0,0,0,0
-31.062,-34.3141,0,0,0,0
-31.052,-34.3041,0,0,0,0
-31.042,-34.2941,0,0,0,0
-31.032,-34.2841,0,0,0,0
-31.022,-34.2741,0,0,0,0
-31.012,-34.2641,0,0,0,0
-31.002,-34.2541,0,0,0,0
-30.992,-34.2441,0,0,0,0
-30.982,-34.2341,0,0,0,0
-30.972,-34.2241,0,0,0,0
-30.962,-34.2141,0,0,0,0
-30.952,-34.2041,0,0,0,0
-30.942,-34.1941,0,0,0,0
-30.932,-34.1841,0,0,0,0
-30.922,-34.1741,0,0,0,0
-30.912,-34.1641,0,0,0,0
-30.902,-34.1541,0,0,0,0
-30.892,-34.1441,0,0,0,0
-30.882,-34.1341,0,0,0,0
-30.872,-34.1241,0,0,0,0
-30.862,-34.1141,0,0,0,0
-30.852,-34.1041,0,0,0,0
-30.842,-34.0941,0,0,0,0
-30.832,-34.0841,0,0,0,0
-30.822,-34.0741,0,0,0,0
-30.812,-34.0641,0,0,0,0
-30.802,-34.0541,0,0,0,0
-30.792,-34.0441,0,0,0,0
-30.782,-34.0341,0,0,0,0
-30.772,-34.0241,0,0,0,0
-30.762,-34.0141,0,0,0,0
-30.752,-34.0041,0,0,0,0
-30.742,-33.9941,0,0,0,0
-30.732,-33.9841,0,0,0,0
-30.722,-33.9741,0,0,0,0
-30.712,-33.9641,0,0,0,0
-30.702,-33.9541,0,0,0,0
-30.692,-33.9441,0,0,0,0
-30.682,-33.9341,0,0,0,0
-30.672,-33.9241,0,0,0,0
-30.662,-33.9141,0,0,0,0
-30.652,-33.9041,0,0,0,0
-30.642,-33.8941,0,0,0,0
-30.632,-33.8841,0,0,0,0
-30.622,-33.8741,0,0,0,0
-30.612,-33.8641,0,0,0,0
-30.602,-33.8541,0,0,0,0
-30.592,-33.8441,0,0,0,0
-30.582,-33.8341,0,0,0,0
-30.572,-33.8241,0,0,0,0
-30.562,-33.8141,0,0,0,0
-30.552,-33.8041,0,0,0,0
-30.542,-33.7941,0,0,0,0
-30.532,-33.7841,0,0,0,0
-30.522,-33.7741,0,0,0,0
-30.512,-33.7641,0,0,0,0
-30.502,-33.7541,0,0,0,0
-30.492,-33.7441,0,0,0,0
-30.482,-33.7341,0,0,0,0
-30.472,-33.7241,0,0,0,0
-30.462,-33.7141,0,0,0,0
-30.452,-33.7041,0,0,0,0
-30.442,-33.6941,0,0,0,0
-30.432,-33.6841,0,0,0,0
-30.422,-33.6741,0,0,0,0
-30.412,-33.6641,0,0,0,0
-30.402,-33.6541,0,0,0,0
-30.392,-33.6441,0,0,0,0
-30.382,-33.6341,0,0,0,0
-30.372,-33.6241,0,0,0,0
-30.362,-33.6141,0,0,0,0
-30.352,-33.6041,0,0,0,0
-30.342,-33.5941,0,0,0,0
-30.332,-33.5841,0,0,0,0
-30.322,-33.5741,0,0,0,0
-30.312,-33.5641,0,0,0,0
-30.302,-33.5541,0,0,0,0
-30.292,-33.5441,0,0,0,0
-30.282,-33.5341,0,0,0,0
-30.272,-33.5241,0,0,0,0
-30.262,-33.5141,0,0,0,0
-30.252,-33.5041,0,0,0,0
-30.242,-33.4941,0,0,0,0
-30.232,-33.4841,0,0,0,0
-30.222,-33.4741,0,0,0,0
-30.212,-33.4641,0,0,0,0
-30.202,-33.4541,0,0,0,0
-30.192,-33.4441,0,0,0,0
-30.182,-33.4341,0,0,0,0
-30.172,-33.4241,0,0,0,0
-30.162,-33.4141,0,0,0,0
-30.152,-33.4041,0,0,0,0
-30.142,-33.3941,0,0,0,0
-30.132,-33.3841,0,0,0,0
-30.122,-33.3741,0,0,0,0
-30.112,-33.3641,0,0,0,0
-30.102,-33.3541,0,0,0,0
-30.092,-33.3441,0,0,0,0
-30.082,-33.3341,0,0,0,0
-30.072,-33.3241,0,0,0,0
-30.062,-33.3141,0,0,0,0
-30.052,-33.3041,0,0,0,0
-30.042,-33.2941,0,0,0,0
-30.032,-33.2841,0,0,0,0
-30.022,-33.2741,0,0,0,0
-30.012,-33.2641,0,0,0,0
-30.002,-33.2541,0,0,0,0
-29.992,-33.2441,0,0,0,0
-29.982,-33.2341,0,0,0,0
-29.972,-33.2241,0,0,0,0
-29.962,-33.2141,0,0,0,0
-29.952,-33.2041,0,0,0,0
-29.942,-33.1941,0,0,0,0
-29.932,-33.1841,0,0,0,0
-29.922,-33.1741,0,0,0,0
-29.912,-33.1641,0,0,0,0
-29.902,-33.1541,0,0,0,0
-29.892,-33.1441,0,0,0,0
-29.882,-33.1341,0,0,0,0
-29.872,-33.1241,0,0,0,0
-29.862,-33.1141,0,0,0,0
-29.852,-33.1041,0,0,0,0
-29.842,-33.0941,0,0,0,0
-29.832,-33.0841,0,0,0,0
-29.822,-33.0741,0,0,0,0
-29.812,-33.0641,0,0,0,0
-29.802,-33.0541,0,0,0,0
-29.792,-33.0441,0,0,0,0
-29.782,-33.0341,0,0,0,0
-29.772,-33.0241,0,0,0,0
-29.762,-33.0141,0,0,0,0
-29.752,-33.0041,0,0,0,0
-29.742,-32.9941,0,0,0,0
-29.732,-32.9841,0,0,0,0
-29.722,-32.9741,0,0,0,0
-29.712,-32.9641,0,0,0,0
-29.702,-32.9541,0,0,0,0
-29.692,-32.9441,0,0,0,0
-29.682,-32.9341,0,0,0,0
-29.672,-32.9241,0,0,0,0
-29.662,-32.9141,0,0,0,0
-29.652,-32.9041,0,0,0,0
-29.642,-32.8941,0,0,0,0
-29.632,-32.8841,0,0,0,0
-29.622,-32.8741,0,0,0,0
-29.612,-32.8641,0,0,0,0
-29.602,-32.8541,0,0,0,0
-29.592,-32.8441,0,0,0,0
-29.582,-32.8341,0,0,0,0
-29.572,-32.8241,0,0,0,0
-29.562,-32.8141,0,0,0,0
-29.552,-32.8041,0,0,0,0
-29.542,-32.7941,0,0,0,0
-29.532,-32.7841,0,0,0,0
-29.522,-32.7741,0,0,0,0
-29.512,-32.7641,0,0,0,0
-29.502,-32.7541,0,0,0,0
-29.492,-32.7441,0,0,0,0
-29.482,-32.7341,0,0,0,0
-29.472,-32.7241,0,0,0,0
-29.462,-32.7141,0,0,0,0
-29.452,-32.7041,0,0,0,0
-29.442,-32.6941,0,0,0,0
-29.432,-32.6841,0,0,0,0
-29.422,-32.6741,0,0,0,0
-29.412,-32.6641,0,0,0,0
-29.402,-32.6541,0,0,0,0
-29.392,-32.6441,0,0,0,0
-29.382,-32.6341,0,0,0,0
-29.372,-32.6241,0,0,0,0
-29.362,-32.6141,0,0,0,0
-29.352,-32.6041,0,0,0,0
-29.342,-32.5941,0,0,0,0
-29.332,-32.5841,0,0,0,0
-29.322,-32.5741,0,0,0,0
-29.312,-32.5641,0,0,0,0
-29.302,-32.5541,0,0,0,0
-29.292,-32.5441,0,0,0,0
-29.282,-32.5341,0,0,0,0
-29.272,-32.5241,0,0,0,0
-29.262,-32.5141,0,0,0,0
-29.252,-32.5041,0,0,0,0
-29.242,-32.4941,0,0,0,0
-29.232,-32.4841,0,0,0,0
-29.222,-32.4741,0,0,0,0
-29.212,-32.4641,0,0,0,0
-29.202,-32.4541,0,0,0,0
-29.192,-32.4441,0,0,0,0
-29.182,-32.4341,0,0,0,0
-29.172,-32.4241,0,0,0,0
-29.162,-32.4141,0,0,0,0
-29.152,-32.4041,0,0,0,0
-29.142,-32.3941,0,0,0,0
-29.132,-32.3841,0,0,0,0
-29.122,-32.3741,0,0,0,0
-29.112,-32.3641,0,0,0,0
-29.102,-32.3541,0,0,0,0
-29.092,-32.3441,0,0,0,0
-29.082,-32.3341,0,0,0,0
-29.072,-32.3241,0,0,0,0
-29.062,-32.3141,0,0,0,0
-29.052,-32.3041,0,0,0,0
-29.042,-32.2941,0,0,0,0
-29.032,-32.2841,0,0,0,0
-29.022,-32.2741,0,0,0,0
-29.012,-32.2641,0,0,0,0
-29.002,-32.2541,0,0,0,0
-28.992,-32.2441,0,0,0,0
-28.982,-32.2341,0,0,0,0
-28.972,-32.2241,0,0,0,0
-28.962,-32.2141,0,0,0,0
-28.952,-32.2041,0,0,0,0
-28.942,-32.1941,0,0,0,0
-28.932,-32.1841,0,0,0,0
-28.922,-32.1741,0,0,0,0
-28.912,-32.1641,0,0,0,0
-28.902,-32.1541,0,0,0,0
-28.892,-32.1441,0,0,0,0
-28.882,-32.1341,0,0,0,0
-28.872,-32.1241,0,0,0,0
-28.862,-32.1141,0,0,0,0
-28.852,-32.1041,0,0,0,0
-28.842,-32.0941,0,0,0,0
-28.832,-32.0841,0,0,0,0
-28.822,-32.0741,0,0,0,0
-28.812,-32.0641,0,0,0,0
-28.802,-32.0541,0,0,0,0
-28.792,-32.0441,0,0,0,0
-28.782,-32.0341,0,0,0,0
-28.772,-32.0241,0,0,0,0
-28.762,-32.0141,0,0,0,0
-28.752,-32.0041,0,0,0,0
-28.742,-31.9941,0,0,0,0
-28.732,-31.9841,0,0,0,0
-28.722,-31.9741,0,0,0,0
-28.712,-31.9641,0,0,0,0
-28.702,-31.9541,0,0,0,0
-28.692,-31.9441,0,0,0,0
-28.682,-31.9341,0,0,0,0
-28.672,-31.9241,0,0,0,0
-28.662,-31.9141,0,0,0,0
-28.652,-31.9041,0,0,0,0
-28.642,-31.8941,0,0,0,0
-28.632,-31.8841,0,0,0,0
-28.622,-31.8741,0,0,0,0
-28.612,-31.8641,0,0,0,0
-28.602,-31.8541,0,0,0,0
-28.592,-31.8441,0,0,0,0
-28.582,-31.8341,0,0,0,0
-28.572,-31.8241,0,0,0,0
-28.562,-31.8141,0,0,0,0
-28.552,-31.8041,0,0,0,0
-28.542,-31.7941,0,0,0,0
-28.532,-31.7841,0,0,0,0
-28.522,-31.7741,0,0,0,0
-28.512,-31.7641,0,0,0,0
-28.502,-31.7541,0,0,0,0
-28.492,-31.7441,0,0,0,0
-28.482,-31.7341,0,0,0,0
-28.472,-31.7241,0,0,0,0
-28.462,-31.7141,0,0,0,0
-28.452,-31.7041,0,0,0,0
-28.442,-31.6941,0,0,0,0
-28.432,-31.6841,0,0,0,0
-28.422,-31.6741,0,0,0,0
-28.412,-31.6641,0,0,0,0
-28.402,-31.6541,0,0,0,0
-28.392,-31.6441,0,0,0,0
-28.382,-31.6341,0,0,0,0
-28.372,-31.6241,0,0,0,0
-28.362,-31.6141,0,0,0,0
-28.352,-31.6041,0,0,0,0
-28.342,-31.5941,0,0,0,0
-28.332,-31.5841,0,0,0,0
-28.322,-31.5741,0,0,0,0
-28.312,-31.5641,0,0,0,0
-28.302,-31.5541,0,0,0,0
-28.292,-31.5441,0,0,0,0
-28.282,-31.5341,0,0,0,0
-28.272,-31.5241,0,0,0,0
-28.262,-31.5141,0,0,0,0
-28.252,-31.5041,0,0,0,0
-28.242,-31.4941,0,0,0,0
-28.232,-31.4841,0,0,0,0
-28.222,-31.4741,0,0,0,0
-28.212,-31.4641,0,0,0,0
-28.202,-31.4541,0,0,0,0
-28.192,-31.4441,0,0,0,0
-28.182,-31.4341,0,0,0,0
-28.172,-31.4241,0,0,0,0
-28.162,-31.4141,0,0,0,0
-28.152,-31.4041,0,0,0,0
-28.142,-31.3941,0,0,0,0
-28.132,-31.3841,0,0,0,0
-28.122,-31.3741,0,0,0,0
-28.112,-31.3641,0,0,0,0
-28.102,-31.3541,0,0,0,0
-28.092,-31.3441,0,0,0,0
-28.082,-31.3341,0,0,0,0
-28.072,-31.3241,0,0,0,0
-28.062,-31.3141,0,0,0,0
-28.052,-31.3041,0,0,0,0
-28.042,-31.2941,0,0,0,0
-28.032,-31.2841,0,0,0,0
-28.022,-31.2741,0,0,0,0
-28.012,-31.2641,0,0,0,0
-28.002,-31.2541,0,0,0,0
-27.992,-31.2441,0,0,0,0
-27.982,-31.2341,0,0,0,0
-27.972,-31.2241,0,0,0,0
-27.962,-31.2141,0,0,0,0
-27.952,-31.2041,0,0,0,0
-27.942,-31.1941,0,0,0,0
-27.932,-31.1841,0,0,0,0
-27.922,-31.1741,0,0,0,0
-27.912,-31.1641,0,0,0,0
-27.902,-31.1541,0,0,0,0
-27.892,-31.1441,0,0,0,0
-27.882,-31.1341,0,0,0,0
-27.872,-31.1241,0,0,0,0
-27.862,-31.1141,0,0,0,0
-27.852,-31.1041,0,0,0,0
-27.842,-31.0941,0,0,0,0
-27.832,-31.0841,0,0,0,0
-27.822,-31.0741,0,0,0,0
-27.812,-31.0641,0,0,0,0
-27.802,-31.0541,0,0,0,0
-27.792,-31.0441,0,0,0,0
-27.782,-31.0341,0,0,0,0
-27.772,-31.0241,0,0,0,0
-27.762,-31.0141,0,0,0,0
-27.752,-31.0041,0,0,0,0
-27.742,-30.9941,0,0,0,0
-27.732,-30.9841,0,0,0,0
-27.722,-30.9741,0,0,0,0
-27.712,-30.9641,0,0,0,0
-27.702,-30.9541,0,0,0,0
-27.692,-30.9441,0,0,0,0
-27.682,-30.9341,0,0,0,0
-27.672,-30.9241,0,0,0,0
-27.662,-30.9141,0,0,0,0
-27.652,-30.9041,0,0,0,0
-27.642,-30.8941,0,0,0,0
-27.632,-30.8841,0,0,0,0
-27.622,-30.8741,0,0,0,0
-27.612,-30.8641,0,0,0,0
-27.602,-30.8541,0,0,0,0
-27.592,-30.8441,0,0,0,0
-27.582,-30.8341,0,0,0,0
-27.572,-30.8241,0,0,0,0
-27.562,-30.8141,0,0,0,0
-27.552,-30.8041,0,0,0,0
-27.542,-30.7941,0,0,0,0
-27.532,-30.7841,0,0,0,0
-27.522,-30.7741,0,0,0,0
-27.512,-30.7641,0,0,0,0
-27.502,-30.7541,0,0,0,0
-27.492,-30.7441,0,0,0,0
-27.482,-30.7341,0,0,0,0
-27.472,-30.7241,0,0,0,0
-27.462,-30.7141,0,0,0,0
-27.452,-30.7041,0,0,0,0
-27.442,-30.6941,0,0,0,0
-27.432,-30.6841,0,0,0,0
-27.422,-30.6741,0,0,0,0
-27.412,-30.6641,0,0,0,0
-27.402,-30.6541,0,0,0,0
-27.392,-30.6441,0,0,0,0
-27.382,-30.6341,0,0,0,0
-27.372,-30.6241,0,0,0,0
-27.362,-30.6141,0,0,0,0
-27.352,-30.6041,0,0,0,0
-27.342,-30.5941,0,0,0,0
-27.332,-30.5841,0,0,0,0
-27.322,-30.5741,0,0,0,0
-27.312,-30.5641,0,0,0,0
-27.302,-30.5541,0,0,0,0
-27.292,-30.5441,0,0,0,0
-27.282,-30.5341,0,0,0,0
-27.272,-30.5241,0,0,0,0
-27.262,-30.5141,0,0,0,0
-27.252,-30.5041,0,0,0,0
-27.242,-30.4941,0,0,0,0
-27.232,-30.4841,0,0,0,0
-27.222,-30.4741,0,0,0,0
-27.212,-30.4641,0,0,0,0
-27.202,-30.4541,0,0,0,0
-27.192,-30.4441,0,0,0,0
-27.182,-30.4341,0,0,0,0
-27.172,-30.4241,0,0,0,0
-27.162,-30.4141,0,0,0,0
-27.152,-30.4041,0,0,0,0
-27.142,-30.3941,0,0,0,0
-27.132,-30.3841,0,0,0,0
-27.122,-30.3741,0,0,0,0
-27.112,-30.3641,0,0,0,0
-27.102,-30.3541,0,0,0,0
-27.092,-30.3441,0,0,0,0
-27.082,-30.3341,0,0,0,0
-27.072,-30.3241,0,0,0,0
-27.062,-30.3141,0,0,0,0
-27.052,-30.3041,0,0,0,0
-27.042,-30.2941,0,0,0,0
-27.032,-30.2841,0,0,0,0
-27.022,-30.2741,0,0,0,0
-27.012,-30.2641,0,0,0,0
-27.002,-30.2541,0,0,0,0
-26.992,-30.2441,0,0,0,0
-26.982,-30.2341,0,0,0,0
-26.972,-30.2241,0,0,0,0
-26.962,-30.2141,0,0,0,0
-26.952,-30.2041,0,0,0,0
-26.942,-30.1941,0,0,0,0
-26.932,-30.1841,0,0,0,0
-26.922,-30.1741,0,0,0,0
-26.912,-30.1641,0,0,0,0
-26.902,-30.1541,0,0,0,0
-26.892,-30.1441,0,0,0,0
-26.882,-30.1341,0,0,0,0
-26.872,-30.1241,0,0,0,0
-26.862,-30.1141,0,0,0,0
-26.852,-30.1041,0,0,0,0
-26.842,-30.0941,0,0,0,0
-26.832,-30.0841,0,0,0,0
-26.822,-30.0741,0,0,0,0
-26.812,-30.0641,0,0,0,0
-26.802,-30.0541,0,0,0,0
-26.792,-30.0441,0,0,0,0
-26.782,-30.0341,0,0,0,0
-26.772,-30.0241,0,0,0,0
-26.762,-30.0141,0,0,0,0
-26.752,-30.0041,0,0,0,0
-26.742,-29.9941,0,0,0,0
-26.732,-29.9841,0,0,0,0
-26.722,-29.9741,0,0,0,0
-26.712,-29.9641,0,0,0,0
-26.702,-29.9541,0,0,0,0
-26.692,-29.9441,0,0,0,0
-26.682,-29.9341,0,0,0,0
-26.672,-29.9241,0,0,0,0
-26.662,-29.9141,0,0,0,0
-26.652,-29.9041,0,0,0,0
-26.642,-29.8941,0,0,0,0
-26.632,-29.8841,0,0,0,0
-26.622,-29.8741,0,0,0,0
-26.612,-29.8641,0,0,0,0
-26.602,-29.8541,0,0,0,0
-26.592,-29.8441,0,0,0,0
-26.582,-29.8341,0,0,0,0
-26.572,-29.8241,0,0,0,0
-26.562,-29.8141,0,0,0,0
-26.552,-29.8041,0,0,0,0
-26.542,-29.7941,0,0,0,0
-26.532,-29.7841,0,0,0,0
-26.522,-29.7741,0,0,0,0
-26.512,-29.7641,0,0,0,0
-26.502,-29.7541,0,0,0,0
-26.492,-29.7441,0,0,0,0
-26.482,-29.7341,0,0,0,0
-26.472,-29.7241,0,0,0,0
-26.462,-29.7141,0,0,0,0
-26.452,-29.7041,0,0,0,0
-26.442,-29.6941,0,0,0,0
-26.432,-29.6841,0,0,0,0
-26.422,-29.6741,0,0,0,0
-26.412,-29.6641,0,0,0,0
-26.402,-29.6541,0,0,0,0
-26.392,-29.6441,0,0,0,0
-26.382,-29.6341,0,0,0,0
-26.372,-29.6241,0,0,0,0
-26.362,-29.6141,0,0,0,0
-26.352,-29.6041,0,0,0,0
-26.342,-29.5941,0,0,0,0
-26.332,-29.5841,0,0,0,0
-26.322,-29.5741,0,0,0,0
-26.312,-29.5641,0,0,0,0
-26.302,-29.5541,0,0,0,0
-26.292,-29.5441,0,0,0,0
-26.282,-29.5341,0,0,0,0
-26.272,-29.5241,0,0,0,0
-26.262,-29.5141,0,0,0,0
-26.252,-29.5041,0,0,0,0
-26.242,-29.4941,0,0,0,0
-26.232,-29.4841,0,0,0,0
-26.222,-29.4741,0,0,0,0
-26.212,-29.4641,0,0,0,0
-26.202,-29.4541,0,0,0,0
-26.192,-29.4441,0,0,0,0
-26.182,-29.4341,0,0,0,0
-26.172,-29.4241,0,0,0,0
-26.162,-29.4141,0,0,0,0
-26.152,-29.4041,0,0,0,0
-26.142,-29.3941,0,0,0,0
-26.132,-29.3841,0,0,0,0
-26.122,-29.3741,0,0,0,0
-26.112,-29.3641,0,0,0,0
-26.102,-29.3541,0,0,0,0
-26.092,-29.3441,0,0,0,0
-26.082,-29.3341,0,0,0,0
-26.072,-29.3241,0,0,0,0
-26.062,-29.3141,0,0,0,0
-26.052,-29.3041,0,0,0,0
-26.042,-29.2941,0,0,0,0
-26.032,-29.2841,0,0,0,0
-26.022,-29.2741,0,0,0,0
-26.012,-29.2641,0,0,0,0
-26.002,-29.2541,0,0,0,0
-25.992,-29.2441,0,0,0,0
-25.982,-29.2341,0,0,0,0
-25.972,-29.2241,0,0,0,0
-25.962,-29.2141,0,0,0,0
-25.952,-29.2041,0,0,0,0
-25.942,-29.1941,0,0,0,0
-25.932,-29.1841,0,0,0,0
-25.922,-29.1741,0,0,0,0
-25.912,-29.1641,0,0,0,0
-25.902,-29.1541,0,0,0,0
-25.892,-29.1441,0,0,0,0
-25.882,-29.1341,0,0,0,0
-25.872,-29.1241,0,0,0,0
-25.862,-29.1141,0,0,0,0
-25.852,-29.1041,0,0,0,0
-25.842,-29.0941,0,0,0,0
-25.832,-29.0841,0,0,0,0
-25.822,-29.0741,0,0,0,0
-25.812,-29.0641,0,0,0,0
-25.802,-29.0541,0,0,0,0
-25.792,-29.0441,0,0,0,0
-25.782,-29.0341,0,0,0,0
-25.772,-29.0241,0,0,0,0
-25.762,-29.0141,0,0,0,0
-25.752,-29.0041,0,0,0,0
-25.742,-28.9941,0,0,0,0
-25.732,-28.9841,0,0,0,0
-25.722,-28.9741,0,0,0,0
-25.712,-28.9641,0,0,0,0
-25.702,-28.9541,0,0,0,0
-25.692,-28.9441,0,0,0,0
-25.682,-28.9341,0,0,0,0
-25.672,-28.9241,0,0,0,0
-25.662,-28.9141,0,0,0,0
-25.652,-28.9041,0,0,0,0
-25.642,-28.8941,0,0,0,0
-25.632,-28.8841,0,0,0,0
-25.622,-28.8741,0,0,0,0
-25.612,-28.8641,0,0,0,0
-25.602,-28.8541,0,0,0,0
-25.592,-28.8441,0,0,0,0
-25.582,-28.8341,0,0,0,0
-25.572,-28.8241,0,0,0,0
-25.562,-28.8141,0,0,0,0
-25.552,-28.8041,0,0,0,0
-25.542,-28.7941,0,0,0,0
-25.532,-28.7841,0,0,0,0
-25.522,-28.7741,0,0,0,0
-25.512,-28.7641,0,0,0,0
-25.502,-28.7541,0,0,0,0
-25.492,-28.7441,0,0,0,0
-25.482,-28.7341,0,0,0,0
-25.472,-28.7241,0,0,0,0
-25.462,-28.7141,0,0,0,0
-25.452,-28.7041,0,0,0,0
-25.442,-28.6941,0,0,0,0
-25.432,-28.6841,0,0,0,0
-25.422,-28.6741,0,0,0,0
-25.412,-28.6641,0,0,0,0
-25.402,-28.6541,0,0,0,0
-25.392,-28.6441,0,0,0,0
-25.382,-28.6341,0,0,0,0
-25.372,-28.6241,0,0,0,0
-25.362,-28.6141,0,0,0,0
-25.352,-28.6041,0,0,0,0
-25.342,-28.5941,0,0,0,0
-25.332,-28.5841,0,0,0,0
-25.322,-28.5741,0,0,0,0
-25.312,-28.5641,0,0,0,0
-25.302,-28.5541,0,0,0,0
-25.292,-28.5441,0,0,0,0
-25.282,-28.5341,0,0,0,0
-25.272,-28.5241,0,0,0,0
-25.262,-28.5141,0,0,0,0
-25.252,-28.5041,0,0,0,0
-25.242,-28.4941,0,0,0,0
-25.232,-28.4841,0,0,0,0
-25.222,-28.4741,0,0,0,0
-25.212,-28.4641,0,0,0,0
-25.202,-28.4541,0,0,0,0
-25.192,-28.4441,0,0,0,0
-25.182,-28.4341,0,0,0,0
-25.172,-28.4241,0,0,0,0
-25.162,-28.4141,0,0,0,0
-25.152,-28.4041,0,0,0,0
-25.142,-28.3941,0,0,0,0
-25.132,-28.3841,0,0,0,0
-25.122,-28.3741,0,0,0,0
-25.112,-28.3641,0,0,0,0
-25.102,-28.3541,0,0,0,0
-25.092,-28.3441,0,0,0,0
-25.082,-28.3341,0,0,0,0
-25.072,-28.3241,0,0,0,0
-25.062,-28.3141,0,0,0,0
-25.052,-28.3041,0,0,0,0
-25.042,-28.2941,0,0,0,0
-25.032,-28.2841,0,0,0,0
-25.022,-28.2741,0,0,0,0
-25.012,-28.2641,0,0,0,0
-25.002,-28.2541,0,0,0,0
-24.992,-28.2441,0,0,0,0
-24.982,-28.2341,0,0,0,0
-24.972,-28.2241,0,0,0,0
-24.962,-28.2141,0,0,0,0
-24.952,-28.2041,0,0,0,0
-24.942,-28.1941,0,0,0,0
-24.932,-28.1841,0,0,0,0
-24.922,-28.1741,0,0,0,0
-24.912,-28.1641,0,0,0,0
-24.902,-28.1541,0,0,0,0
-24.892,-28.1441,0,0,0,0
-24.882,-28.1341,0,0,0,0
-24.872,-28.1241,0,0,0,0
-24.862,-28.1141,0,0,0,0
-24.852,-28.1041,0,0,0,0
-24.842,-28.0941,0,0,0,0
-24.832,-28.0841,0,0,0,0
-24.822,-28.0741,0,0,0,0
-24.812,-28.0641,0,0,0,0
-24.802,-28.0541,0,0,0,0
-24.792,-28.0441,0,0,0,0
-24.782,-28.0341,0,0,0,0
-24.772,-28.0241,0,0,0,0
-24.762,-28.0141,0,0,0,0
-24.752,-28.0041,0,0,0,0
-24.742,-27.9941,0,0,0,0
-24.732,-27.9841,0,0,0,0
-24.722,-27.9741,0,0,0,0
-24.712,-27.9641,0,0,0,0
-24.702,-27.9541,0,0,0,0
-24.692,-27.9441,0,0,0,0
-24.682,-27.9341,0,0,0,0
-24.672,-27.9241,0,0,0,0
-24.662,-27.9141,0,0,0,0
-24.652,-27.9041,0,0,0,0
-24.642,-27.8941,0,0,0,0
-24.632,-27.8841,0,0,0,0
-24.622,-27.8741,0,0,0,0
-24.612,-27.8641,0,0,0,0
-24.602,-27.8541,0,0,0,0
-24.592,-27.8441,0,0,0,0
-24.582,-27.8341,0,0,0,0
-24.572,-27.8241,0,0,0,0
-24.562,-27.8141,0,0,0,0
-24.552,-27.8041,0,0,0,0
-24.542,-27.7941,0,0,0,0
-24.532,-27.7841,0,0,0,0
-24.522,-27.7741,0,0,0,0
-24.512,-27.7641,0,0,0,0
-24.502,-27.7541,0,0,0,0
-24.492,-27.7441,0,0,0,0
-24.482,-27.7341,0,0,0,0
-24.472,-27.7241,0,0,0,0
-24.462,-27.7141,0,0,0,0
-24.452,-27.7041,0,0,0,0
-24.442,-27.6941,0,0,0,0
-24.432,-27.6841,0,0,0,0
-24.422,-27.6741,0,0,0,0
-24.412,-27.6641,0,0,0,0
-24.402,-27.6541,0,0,0,0
-24.392,-27.6441,0,0,0,0
-24.382,-27.6341,0,0,0,0
-24.372,-27.6241,0,0,0,0
-24.362,-27.6141,0,0,0,0
-24.352,-27.6041,0,0,0,0
-24.342,-27.5941,0,0,0,0
-24.332,-27.5841,0,0,0,0
-24.322,-27.5741,0,0,0,0
-24.312,-27.5641,0,0,0,0
-24.302,-27.5541,0,0,0,0
-24.292,-27.5441,0,0,0,0
-24.282,-27.5341,0,0,0,0
-24.272,-27.5241,0,0,0,0
-24.262,-27.5141,0,0,0,0
-24.252,-27.5041,0,0,0,0
-24.242,-27.4941,0,0,0,0
-24.232,-27.4841,0,0,0,0
-24.222,-27.4741,0,0,0,0
-24.212,-27.4641,0,0,0,0
-24.202,-27.4541,0,0,0,0
-24.192,-27.4441,0,0,0,0
-24.182,-27.4341,0,0,0,0
-24.172,-27.4241,0,0,0,0
-24.162,-27.4141,0,0,0,0
-24.152,-27.4041,0,0,0,0
-24.142,-27.3941,0,0,0,0
-24.132,-27.3841,0,0,0,0
-24.122,-27.3741,0,0,0,0
-24.112,-27.3641,0,0,0,0
-24.102,-27.3541,0,0,0,0
-24.092,-27.3441,0,0,0,0
-24.082,-27.3341,0,0,0,0
-24.072,-27.3241,0,0,0,0
-24.062,-27.3141,0,0,0,0
-24.052,-27.3041,0,0,0,0
-24.042,-27.2941,0,0,0,0
-24.032,-27.2841,0,0,0,0
-24.022,-27.2741,0,0,0,0
-24.012,-27.2641,0,0,0,0
-24.002,-27.2541,0,0,0,0
-23.992,-27.2441,0,0,0,0
-23.982,-27.2341,0,0,0,0
-23.972,-27.2241,0,0,0,0
-23.962,-27.2141,0,0,0,0
-23.952,-27.2041,0,0,0,0
-23.942,-27.1941,0,0,0,0
-23.932,-27.1841,0,0,0,0
-23.922,-27.1741,0,0,0,0
-23.912,-27.1641,0,0,0,0
-23.902,-27.1541,0,0,0,0
-23.892,-27.1441,0,0,0,0
-23.882,-27.1341,0,0,0,0
-23.872,-27.1241,0,0,0,0
-23.862,-27.1141,0,0,0,0
-23.852,-27.1041,0,0,0,0
-23.842,-27.0941,0,0,0,0
-23.832,-27.0841,0,0,0,0
-23.822,-27.0741,0,0,0,0
-23.812,-27.0641,0,0,0,0
-23.802,-27.0541,0,0,0,0
-23.792,-27.0441,0,0,0,0
-23.782,-27.0341,0,0,0,0
-23.772,-27.0241,0,0,0,0
-23.762,-27.0141,0,0,0,0
-23.752,-27.0041,0,0,0,0
-23.742,-26.9941,0,0,0,0
-23.732,-26.9841,0,0,0,0
-23.722,-26.9741,0,0,0,0
-23.712,-26.9641,0,0,0,0
-23.702,-26.9541,0,0,0,0
-23.692,-26.9441,0,0,0,0
-23.682,-26.9341,0,0,0,0
-23.672,-26.9241,0,0,0,0
-23.662,-26.9141,0,0,0,0
-23.652,-26.9041,0,0,0,0
-23.642,-26.8941,0,0,0,0
-23.632,-26.8841,0,0,0,0
-23.622,-26.8741,0,0,0,0
-23.612,-26.8641,0,0,0,0
-23.602,-26.8541,0,0,0,0
-23.592,-26.8441,0,0,0,0
-23.582,-26.8341,0,0,0,0
-23.572,-26.8241,0,0,0,0
-23.562,-26.8141,0,0,0,0
-23.552,-26.8041,0,0,0,0
-23.542,-26.7941,0,0,0,0
-23.532,-26.7841,0,0,0,0
-23.522,-26.7741,0,0,0,0
-23.512,-26.7641,0,0,0,0
-23.502,-26.7541,0,0,0,0
-23.492,-26.7441,0,0,0,0
-23.482,-26.7341,0,0,0,0
-23.472,-26.7241,0,0,0,0
-23.462,-26.7141,0,0,0,0
-23.452,-26.7041,0,0,0,0
-23.442,-26.6941,0,0,0,0
-23.432,-26.6841,0,0,0,0
-23.422,-26.6741,0,0,0,0
-23.412,-26.6641,0,0,0,0
-23.402,-26.6541,0,0,0,0
-23.392,-26.6441,0,0,0,0
-23.382,-26.6341,0,0,0,0
-23.372,-26.6241,0,0,0,0
-23.362,-26.6141,0,0,0,0
-23.352,-26.6041,0,0,0,0
-23.342,-26.5941,0,0,0,0
-23.332,-26.5841,0,0,0,0
-23.322,-26.5741,0,0,0,0
-23.312,-26.5641,0,0,0,0
-23.302,-26.5541,0,0,0,0
-23.292,-26.5441,0,0,0,0
-23.282,-26.5341,0,0,0,0
-23.272,-26.5241,0,0,0,0
-23.262,-26.5141,0,0,0,0
-23.252,-26.5041,0,0,0,0
-23.242,-26.4941,0,0,0,0
-23.232,-26.4841,0,0,0,0
-23.222,-26.4741,0,0,0,0
-23.212,-26.4641,0,0,0,0
-23.202,-26.4541,0,0,0,0
-23.192,-26.4441,0,0,0,0
-23.182,-26.4341,0,0,0,0
-23.172,-26.4241,0,0,0,0
-23.162,-26.4141,0,0,0,0
-23.152,-26.4041,0,0,0,0
-23.142,-26.3941,0,0,0,0
-23.132,-26.3841,0,0,0,0
-23.122,-26.3741,0,0,0,0
-23.112,-26.3641,0,0,0,0
-23.102,-26.3541,0,0,0,0
-23.092,-26.3441,0,0,0,0
-23.082,-26.3341,0,0,0,0
-23.072,-26.3241,0,0,0,0
-23.062,-26.3141,0,0,0,0
-23.052,-26.3041,0,0,0,0
-23.042,-26.2941,0,0,0,0
-23.032,-26.2841,0,0,0,0
-23.022,-26.2741,0,0,0,0
-23.012,-26.2641,0,0,0,0
-23.002,-26.2541,0,0,0,0
-22.992,-26.2441,0,0,0,0
-22.982,-26.2341,0,0,0,0
-22.972,-26.2241,0,0,0,0
-22.962,-26.2141,0,0,0,0
-22.952,-26.2041,0,0,0,0
-22.942,-26.1941,0,0,0,0
-22.932,-26.1841,0,0,0,0
-22.922,-26.1741,0,0,0,0
-22.912,-26.1641,0,0,0,0
-22.902,-26.1541,0,0,0,0
-22.892,-26.1441,0,0,0,0
-22.882,-26.1341,0,0,0,0
-22.872,-26.1241,0,0,0,0
-22.862,-26.1141,0,0,0,0
-22.852,-26.1041,0,0,0,0
-22.842,-26.0941,0,0,0,0
-22.832,-26.0841,0,0,0,0
-22.822,-26.0741,0,0,0,0
-22.812,-26.0641,0,0,0,0
-22.802,-26.0541,0,0,0,0
-22.792,-26.0441,0,0,0,0
-22.782,-26.0341,0,0,0,0
-22.772,-26.0241,0,0,0,0
-22.762,-26.0141,0,0,0,0
-22.752,-26.0041,0,0,0,0
-22.742,-25.9941,0,0,0,0
-22.732,-25.9841,0,0,0,0
-22.722,-25.9741,0,0,0,0
-22.712,-25.9641,0,0,0,0
-22.702,-25.9541,0,0,0,0
-22.692,-25.9441,0,0,0,0
-22.682,-25.9341,0,0,0,0
-22.672,-25.9241,0,0,0,0
-22.662,-25.9141,0,0,0,0
-22.652,-25.9041,0,0,0,0
-22.642,-25.8941,0,0,0,0
-22.632,-25.8841,0,0,0,0
-22.622,-25.8741,0,0,0,0
-22.612,-25.8641,0,0,0,0
-22.602,-25.8541,0,0,0,0
-22.592,-25.8441,0,0,0,0
-22.582,-25.8341,0,0,0,0
-22.572,-25.8241,0,0,0,0
-22.562,-25.8141,0,0,0,0
-22.552,-25.8041,0,0,0,0
-22.542,-25.7941,0,0,0,0
-22.532,-25.7841,0,0,0,0
-22.522,-25.7741,0,0,0,0
-22.512,-25.7641,0,0,0,0
-22.502,-25.7541,0,0,0,0
-22.492,-25.7441,0,0,0,0
-22.482,-25.7341,0,0,0,0
-22.472,-25.7241,0,0,0,0
-22.462,-25.7141,0,0,0,0
-22.452,-25.7041,0,0,0,0
-22.442,-25.6941,0,0,0,0
-22.432,-25.6841,0,0,0,0
-22.422,-25.6741,0,0,0,0
-22.412,-25.6641,0,0,0,0
-22.402,-25.6541,0,0,0,0
-22.392,-25.6441,0,0,0,0
-22.382,-25.6341,0,0,0,0
-22.372,-25.6241,0,0,0,0
-22.362,-25.6141,0,0,0,0
-22.352,-25.6041,0,0,0,0
-22.342,-25.5941,0,0,0,0
-22.332,-25.5841,0,0,0,0
-22.322,-25.5741,0,0,0,0
-22.312,-25.5641,0,0,0,0
-22.302,-25.5541,0,0,0,0
-22.292,-25.5441,0,0,0,0
-22.282,-25.5341,0,0,0,0
-22.272,-25.5241,0,0,0,0
-22.262,-25.5141,0,0,0,0
-22.252,-25.5041,0,0,0,0
-22.242,-25.4941,0,0,0,0
-22.232,-25.4841,0,0,0,0
-22.222,-25.4741,0,0,0,0
-22.212,-25.4641,0,0,0,0
-22.202,-25.4541,0,0,0,0
-22.192,-25.4441,0,0,0,0
-22.182,-25.4341,0,0,0,0
-22.172,-25.4241,0,0,0,0
-22.162,-25.4141,0,0,0,0
-22.152,-25.4041,0,0,0,0
-22.142,-25.3941,0,0,0,0
-22.132,-25.3841,0,0,0,0
-22.122,-25.3741,0,0,0,0
-22.112,-25.3641,0,0,0,0
-22.102,-25.3541,0,0,0,0
-22.092,-25.3441,0,0,0,0
-22.082,-25.3341,0,0,0,0
-22.072,-25.3241,0,0,0,0
-22.062,-25.3141,0,0,0,0
-22.052,-25.3041,0,0,0,0
-22.042,-25.2941,0,0,0,0
-22.032,-25.2841,0,0,0,0
-22.022,-25.2741,0,0,0,0
-22.012,-25.2641,0,0,0,0
-22.002,-25.2541,0,0,0,0
-21.992,-25.2441,0,0,0,0
-21.982,-25.2341,0,0,0,0
-21.972,-25.2241,0,0,0,0
-21.962,-25.2141,0,0,0,0
-21.952,-25.2041,0,0,0,0
-21.942,-25.1941,0,0,0,0
-21.932,-25.1841,0,0,0,0
-21.922,-25.1741,0,0,0,0
-21.912,-25.1641,0,0,0,0
-21.902,-25.1541,0,0,0,0
-21.892,-25.1441,0,0,0,0
-21.882,-25.1341,0,0,0,0
-21.872,-25.1241,0,0,0,0
-21.862,-25.1141,0,0,0,0
-21.852,-25.1041,0,0,0,0
-21.842,-25.0941,0,0,0,0
-21.832,-25.0841,0,0,0,0
-21.822,-25.0741,0,0,0,0
-21.812,-25.0641,0,0,0,0
-21.802,-25.0541,0,0,0,0
-21.792,-25.0441,0,0,0,0
-21.782,-25.0341,0,0,0,0
-21.772,-25.0241,0,0,0,0
-21.762,-25.0141,0,0,0,0
-21.752,-25.0041,0,0,0,0
-21.742,-24.9941,0,0,0,0
-21.732,-24.9841,0,0,0,0
-21.722,-24.9741,0,0,0,0
-21.712,-24.9641,0,0,0,0
-21.702,-24.9541,0,0,0,0
-21.692,-24.9441,0,0,0,0
-21.682,-24.9341,0,0,0,0
-21.672,-24.9241,0,0,0,0
-21.662,-24.9141,0,0,0,0
-21.652,-24.9041,0,0,0,0
-21.642,-24.8941,0,0,0,0
-21.632,-24.8841,0,0,0,0
-21.622,-24.8741,0,0,0,0
-21.612,-24.8641,0,0,0,0
-21.602,-24.8541,0,0,0,0
-21.592,-24.8441,0,0,0,0
-21.582,-24.8341,0,0,0,0
-21.572,-24.8241,0,0,0,0
-21.562,-24.8141,0,0,0,0
-21.552,-24.8041,0,0,0,0
-21.542,-24.7941,0,0,0,0
-21.532,-24.7841,0,0,0,0
-21.522,-24.7741,0,0,0,0
-21.512,-24.7641,0,0,0,0
-21.502,-24.7541,0,0,0,0
-21.492,-24.7441,0,0,0,0
-21.482,-24.7341,0,0,0,0
-21.472,-24.7241,0,0,0,0
-21.462,-24.7141,0,0,0,0
-21.452,-24.7041,0,0,0,0
-21.442,-24.6941,0,0,0,0
-21.432,-24.6841,0,0,0,0
-21.422,-24.6741,0,0,0,0
-21.412,-24.6641,0,0,0,0
-21.402,-24.6541,0,0,0,0
-21.392,-24.6441,0,0,0,0
-21.382,-24.6341,0,0,0,0
-21.372,-24.6241,0,0,0,0
-21.362,-24.6141,0,0,0,0
-21.352,-24.6041,0,0,0,0
-21.342,-24.5941,0,0,0,0
-21.332,-24.5841,0,0,0,0
-21.322,-24.5741,0,0,0,0
-21.312,-24.5641,0,0,0,0
-21.302,-24.5541,0,0,0,0
-21.292,-24.5441,0,0,0,0
-21.282,-24.5341,0,0,0,0
-21.272,-24.5241,0,0,0,0
-21.262,-24.5141,0,0,0,0
-21.252,-24.5041,0,0,0,0
-21.242,-24.4941,0,0,0,0
-21.232,-24.4841,0,0,0,0
-21.222,-24.4741,0,0,0,0
-21.212,-24.4641,0,0,0,0
-21.202,-24.4541,0,0,0,0
-21.192,-24.4441,0,0,0,0
-21.182,-24.4341,0,0,0,0
-21.172,-24.4241,0,0,0,0
-21.162,-24.4141,0,0,0,0
-21.152,-24.4041,0,0,0,0
-21.142,-24.3941,0,0,0,0
-21.132,-24.3841,0,0,0,0
-21.122,-24.3741,0,0,0,0
-21.112,-24.3641,0,0,0,0
-21.102,-24.3541,0,0,0,0
-21.092,-24.3441,0,0,0,0
-21.082,-24.3341,0,0,0,0
-21.072,-24.3241,0,0,0,0
-21.062,-24.3141,0,0,0,0
-21.052,-24.3041,0,0,0,0
-21.042,-24.2941,0,0,0,0
-21.032,-24.2841,0,0,0,0
-21.022,-24.2741,0,0,0,0
-21.012,-24.2641,0,0,0,0
-21.002,-24.2541,0,0,0,0
-20.992,-24.2441,0,0,0,0
-20.982,-24.2341,0,0,0,0
-20.972,-24.2241,0,0,0,0
-20.962,-24.2141,0,0,0,0
-20.952,-24.2041,0,0,0,0
-20.942,-24.1941,0,0,0,0
-20.932,-24.1841,0,0,0,0
-20.922,-24.1741,0,0,0,0
-20.912,-24.1641,0,0,0,0
-20.902,-24.1541,0,0,0,0
-20.892,-24.1441,0,0,0,0
-20.882,-24.1341,0,0,0,0
-20.872,-24.1241,0,0,0,0
-20.862,-24.1141,0,0,0,0
-20.852,-24.1041,0,0,0,0
-20.842,-24.0941,0,0,0,0
-20.832,-24.0841,0,0,0,0
-20.822,-24.0741,0,0,0,0
-20.812,-24.0641,0,0,0,0
-20.802,-24.0541,0,0,0,0
-20.792,-24.0441,0,0,0,0
-20.782,-24.0341,0,0,0,0
-20.772,-24.0241,0,0,0,0
-20.762,-24.0141,0,0,0,0
-20.752,-24.0041,0,0,0,0
-20.742,-23.9941,0,0,0,0
-20.732,-23.9841,0,0,0,0
-20.722,-23.9741,0,0,0,0
-20.712,-23.9641,0,0,0,0
-20.702,-23.9541,0,0,0,0
-20.692,-23.9441,0,0,0,0
-20.682,-23.9341,0,0,0,0
-20.672,-23.9241,0,0,0,0
-20.662,-23.9141,0,0,0,0
-20.652,-23.9041,0,0,0,0
-20.642,-23.8941,0,0,0,0
-20.632,-23.8841,0,0,0,0
-20.622,-23.8741,0,0,0,0
-20.612,-23.8641,0,0,0,0
-20.602,-23.8541,0,0,0,0
-20.592,-23.8441,0,0,0,0
-20.582,-23.8341,0,0,0,0
-20.572,-23.8241,0,0,0,0
-20.562,-23.8141,0,0,0,0
-20.552,-23.8041,0,0,0,0
-20.542,-23.7941,0,0,0,0
-20.532,-23.7841,0,0,0,0
-20.522,-23.7741,0,0,0,0
-20.512,-23.7641,0,0,0,0
-20.502,-23.7541,0,0,0,0
-20.492,-23.7441,0,0,0,0
-20.482,-23.7341,0,0,0,0
-20.472,-23.7241,0,0,0,0
-20.462,-23.7141,0,0,0,0
-20.452,-23.7041,0,0,0,0
-20.442,-23.6941,0,0,0,0
-20.432,-23.6841,0,0,0,0
-20.422,-23.6741,0,0,0,0
-20.412,-23.6641,0,0,0,0
-20.402,-23.6541,0,0,0,0
-20.392,-23.6441,0,0,0,0
-20.382,-23.6341,0,0,0,0
-20.372,-23.6241,0,0,0,0
-20.362,-23.6141,0,0,0,0
-20.352,-23.6041,0,0,0,0
-20.342,-23.5941,0,0,0,0
-20.332,-23.5841,0,0,0,0
-20.322,-23.5741,0,0,0,0
-20.312,-23.5641,0,0,0,0
-20.302,-23.5541,0,0,0,0
-20.292,-23.5441,0,0,0,0
-20.282,-23.5341,0,0,0,0
-20.272,-23.5241,0,0,0,0
-20.262,-23.5141,0,0,0,0
-20.252,-23.5041,0,0,0,0
-20.242,-23.4941,0,0,0,0
-20.232,-23.4841,0,0,0,0
-20.222,-23.4741,0,0,0,0
-20.212,-23.4641,0,0,0,0
-20.202,-23.4541,0,0,0,0
-20.192,-23.4441,0,0,0,0
-20.182,-23.4341,0,0,0,0
-20.172,-23.4241,0,0,0,0
-20.162,-23.4141,0,0,0,0
-20.152,-23.4041,0,0,0,0
-20.142,-23.3941,0,0,0,0
-20.132,-23.3841,0,0,0,0
-20.122,-23.3741,0,0,0,0
-20.112,-23.3641,0,0,0,0
-20.102,-23.3541,0,0,0,0
-20.092,-23.3441,0,0,0,0
-20.082,-23.3341,0,0,0,0
-20.072,-23.3241,0,0,0,0
-20.062,-23.3141,0,0,0,0
-20.052,-23.3041,0,0,0,0
-20.042,-23.2941,0,0,0,0
-20.032,-23.2841,0,0,0,0
-20.022,-23.2741,0,0,0,0
-20.012,-23.2641,0,0,0,0
-20.002,-23.2541,0,0,0,0
-19.992,-23.2441,0,0,0,0
-19.982,-23.2341,0,0,0,0
-19.972,-23.2241,0,0,0,0
-19.962,-23.2141,0,0,0,0
-19.952,-23.2041,0,0,0,0
-19.942,-23.1941,0,0,0,0
-19.932,-23.1841,0,0,0,0
-19.922,-23.1741,0,0,0,0
-19.912,-23.1641,0,0,0,0
-19.902,-23.1541,0,0,0,0
-19.892,-23.1441,0,0,0,0
-19.882,-23.1341,0,0,0,0
-19.872,-23.1241,0,0,0,0
-19.862,-23.1141,0,0,0,0
-19.852,-23.1041,0,0,0,0
-19.842,-23.0941,0,0,0,0
-19.832,-23.0841,0,0,0,0
-19.822,-23.0741,0,0,0,0
-19.812,-23.0641,0,0,0,0
-19.802,-23.0541,0,0,0,0
-19.792,-23.0441,0,0,0,0
-19.782,-23.0341,0,0,0,0
-19.772,-23.0241,0,0,0,0
-19.762,-23.0141,0,0,0,0
-19.752,-23.0041,0,0,0,0
-19.742,-22.9941,0,0,0,0
-19.732,-22.9841,0,0,0,0
-19.722,-22.9741,0,0,0,0
-19.712,-22.9641,0,0,0,0
-19.702,-22.9541,0,0,0,0
-19.692,-22.9441,0,0,0,0
-19.682,-22.9341,0,0,0,0
-19.672,-22.9241,0,0,0,0
-19.662,-22.9141,0,0,0,0
-19.652,-22.9041,0,0,0,0
-19.642,-22.8941,0,0,0,0
-19.632,-22.8841,0,0,0,0
-19.622,-22.8741,0,0,0,0
-19.612,-22.8641,0,0,0,0
-19.602,-22.8541,0,0,0,0
-19.592,-22.8441,0,0,0,0
-19.582,-22.8341,0,0,0,0
-19.572,-22.8241,0,0,0,0
-19.562,-22.8141,0,0,0,0
-19.552,-22.8041,0,0,0,0
-19.542,-22.7941,0,0,0,0
-19.532,-22.7841,0,0,0,0
-19.522,-22.7741,0,0,0,0
-19.512,-22.7641,0,0,0,0
-19.502,-22.7541,0,0,0,0
-19.492,-22.7441,0,0,0,0
-19.482,-22.7341,0,0,0,0
-19.472,-22.7241,0,0,0,0
-19.462,-22.7141,0,0,0,0
-19.452,-22.7041,0,0,0,0
-19.442,-22.6941,0,0,0,0
-19.432,-22.6841,0,0,0,0
-19.422,-22.6741,0,0,0,0
-19.412,-22.6641,0,0,0,0
-19.402,-22.6541,0,0,0,0
-19.392,-22.6441,0,0,0,0
-19.382,-22.6341,0,0,0,0
-19.372,-22.6241,0,0,0,0
-19.362,-22.6141,0,0,0,0
-19.352,-22.6041,0,0,0,0
-19.342,-22.5941,0,0,0,0
-19.332,-22.5841,0,0,0,0
-19.322,-22.5741,0,0,0,0
-19.312,-22.5641,0,0,0,0
-19.302,-22.5541,0,0,0,0
-19.292,-22.5441,0,0,0,0
-19.282,-22.5341,0,0,0,0
-19.272,-22.5241,0,0,0,0
-19.262,-22.5141,0,0,0,0
-19.252,-22.5041,0,0,0,0
-19.242,-22.4941,0,0,0,0
-19.232,-22.4841,0,0,0,0
-19.222,-22.4741,0,0,0,0
-19.212,-22.4641,0,0,0,0
-19.202,-22.4541,0,0,0,0
-19.192,-22.4441,0,0,0,0
-19.182,-22.4341,0,0,0,0
-19.172,-22.4241,0,0,0,0
-19.162,-22.4141,0,0,0,0
-19.152,-22.4041,0,0,0,0
-19.142,-22.3941,0,0,0,0
-19.132,-22.3841,0,0,0,0
-19.122,-22.3741,0,0,0,0
-19.112,-22.3641,0,0,0,0
-19.102,-22.3541,0,0,0,0
-19.092,-22.3441,0,0,0,0
-19.082,-22.3341,0,0,0,0
-19.072,-22.3241,0,0,0,0
-19.062,-22.3141,0,0,0,0
-19.052,-22.3041,0,0,0,0
-19.042,-22.2941,0,0,0,0
-19.032,-22.2841,0,0,0,0
-19.022,-22.2741,0,0,0,0
-19.012,-22.2641,0,0,0,0
-19.002,-22.2541,0,0,0,0
-18.992,-22.2441,0,0,0,0
-18.982,-22.2341,0,0,0,0
-18.972,-22.2241,0,0,0,0
-18.962,-22.2141,0,0,0,0
-18.952,-22.2041,0,0,0,0
-18.942,-22.1941,0,0,0,0
-18.932,-22.1841,0,0,0,0
-18.922,-22.1741,0,0,0,0
-18.912,-22.1641,0,0,0,0
-18.902,-22.1541,0,0,0,0
-18.892,-22.1441,0,0,0,0
-18.882,-22.1341,0,0,0,0
-18.872,-22.1241,0,0,0,0
-18.862,-22.1141,0,0,0,0
-18.852,-22.1041,0,0,0,0
-18.842,-22.0941,0,0,0,0
-18.832,-22.0841,0,0,0,0
-18.822,-22.0741,0,0,0,0
-18.812,-22.0641,0,0,0,0
-18.802,-22.0541,0,0,0,0
-18.792,-22.0441,0,0,0,0
-18.782,-22.0341,0,0,0,0
-18.772,-22.0241,0,0,0,0
-18.762,-22.0141,0,0,0,0
-18.752,-22.0041,0,0,0,0
-18.742,-21.9941,0,0,0,0
-18.732,-21.9841,0,0,0,0
-18.722,-21.9741,0,0,0,0
-18.712,-21.9641,0,0,0,0
-18.702,-21.9541,0,0,0,0
-18.692,-21.9441,0,0,0,0
-18.682,-21.9341,0,0,0,0
-18.672,-21.9241,0,0,0,0
-18.662,-21.9141,0,0,0,0
-18.652,-21.9041,0,0,0,0
-18.642,-21.8941,0,0,0,0
-18.632,-21.8841,0,0,0,0
-18.622,-21.8741,0,0,0,0
-18.612,-21.8641,0,0,0,0
-18.602,-21.8541,0,0,0,0
-18.592,-21.8441,0,0,0,0
-18.582,-21.8341,0,0,0,0
-18.572,-21.8241,0,0,0,0
-18.562,-21.8141,0,0,0,0
-18.552,-21.8041,0,0,0,0
-18.542,-21.7941,0,0,0,0
-18.532,-21.7841,0,0,0,0
-18.522,-21.7741,0,0,0,0
-18.512,-21.7641,0,0,0,0
-18.502,-21.7541,0,0,0,0
-18.492,-21.7441,0,0,0,0
-18.482,-21.7341,0,0,0,0
-18.472,-21.7241,0,0,0,0
-18.462,-21.7141,0,0,0,0
-18.452,-21.7041,0,0,0,0
-18.442,-21.6941,0,0,0,0
-18.432,-21.6841,0,0,0,0
-18.422,-21.6741,0,0,0,0
-18.412,-21.6641,0,0,0,0
-18.402,-21.6541,0,0,0,0
-18.392,-21.6441,0,0,0,0
-18.382,-21.6341,0,0,0,0
-18.372,-21.6241,0,0,0,0
-18.362,-21.6141,0,0,0,0
-18.352,-21.6041,0,0,0,0
-18.342,-21.5941,0,0,0,0
-18.332,-21.5841,0,0,0,0
-18.322,-21.5741,0,0,0,0
-18.312,-21.5641,0,0,0,0
-18.302,-21.5541,0,0,0,0
-18.292,-21.5441,0,0,0,0
-18.282,-21.5341,0,0,0,0
-18.272,-21.5241,0,0,0,0
-18.262,-21.5141,0,0,0,0
-18.252,-21.5041,0,0,0,0
-18.242,-21.4941,0,0,0,0
-18.232,-21.4841,0,0,0,0
-18.222,-21.4741,0,0,0,0
-18.212,-21.4641,0,0,0,0
-18.202,-21.4541,0,0,0,0
-18.192,-21.4441,0,0,0,0
-18.182,-21.4341,0,0,0,0
-18.172,-21.4241,0,0,0,0
-18.162,-21.4141,0,0,0,0
-18.152,-21.4041,0,0,0,0
-18.142,-21.3941,0,0,0,0
-18.132,-21.3841,0,0,0,0
-18.122,-21.3741,0,0,0,0
-18.112,-21.3641,0,0,0,0
-18.102,-21.3541,0,0,0,0
-18.092,-21.3441,0,0,0,0
-18.082,-21.3341,0,0,0,0
-18.072,-21.3241,0,0,0,0
-18.062,-21.3141,0,0,0,0
-18.052,-21.3041,0,0,0,0
-18.042,-21.2941,0,0,0,0
-18.032,-21.2841,0,0,0,0
-18.022,-21.2741,0,0,0,0
-18.012,-21.2641,0,0,0,0
-18.002,-21.2541,0,0,0,0
-17.992,-21.2441,0,0,0,0
-17.982,-21.2341,0,0,0,0
-17.972,-21.2241,0,0,0,0
-17.962,-21.2141,0,0,0,0
-17.952,-21.2041,0,0,0,0
-17.942,-21.1941,0,0,0,0
-17.932,-21.1841,0,0,0,0
-17.922,-21.1741,0,0,0,0
-17.912,-21.1641,0,0,0,0
-17.902,-21.1541,0,0,0,0
-17.892,-21.1441,0,0,0,0
-17.882,-21.1341,0,0,0,0
-17.872,-21.1241,0,0,0,0
-17.862,-21.1141,0,0,0,0
-17.852,-21.1041,0,0,0,0
-17.842,-21.0941,0,0,0,0
-17.832,-21.0841,0,0,0,0
-17.822,-21.0741,0,0,0,0
-17.812,-21.0641,0,0,0,0
-17.802,-21.0541,0,0,0,0
-17.792,-21.0441,0,0,0,0
-17.782,-21.0341,0,0,0,0
-17.772,-21.0241,0,0,0,0
-17.762,-21.0141,0,0,0,0
-17.752,-21.0041,0,0,0,0
-17.742,-20.9941,0,0,0,0
-17.732,-20.9841,0,0,0,0
-17.722,-20.9741,0,0,0,0
-17.712,-20.9641,0,0,0,0
-17.702,-20.9541,0,0,0,0
-17.692,-20.9441,0,0,0,0
-17.682,-20.9341,0,0,0,0
-17.672,-20.9241,0,0,0,0
-17.662,-20.9141,0,0,0,0
-17.652,-20.9041,0,0,0,0
-17.642,-20.8941,0,0,0,0
-17.632,-20.8841,0,0,0,0
-17.622,-20.8741,0,0,0,0
-17.612,-20.8641,0,0,0,0
-17.602,-20.8541,0,0,0,0
-17.592,-20.8441,0,0,0,0
-17.582,-20.8341,0,0,0,0
-17.572,-20.8241,0,0,0,0
-17.562,-20.8141,0,0,0,0
-17.552,-20.8041,0,0,0,0
-17.542,-20.7941,0,0,0,0
-17.532,-20.7841,0,0,0,0
-17.522,-20.7741,0,0,0,0
-17.512,-20.7641,0,0,0,0
-17.502,-20.7541,0,0,0,0
-17.492,-20.7441,0,0,0,0
-17.482,-20.7341,0,0,0,0
-17.472,-20.7241,0,0,0,0
-17.462,-20.7141,0,0,0,0
-17.452,-20.7041,0,0,0,0
-17.442,-20.6941,0,0,0,0
-17.432,-20.6841,0,0,0,0
-17.422,-20.6741,0,0,0,0
-17.412,-20.6641,0,0,0,0
-17.402,-20.6541,0,0,0,0
-17.392,-20.6441,0,0,0,0
-17.382,-20.6341,0,0,0,0
-17.372,-20.6241,0,0,0,0
-17.362,-20.6141,0,0,0,0
-17.352,-20.6041,0,0,0,0
-17.342,-20.5941,0,0,0,0
-17.332,-20.5841,0,0,0,0
-17.322,-20.5741,0,0,0,0
-17.312,-20.5641,0,0,0,0
-17.302,-20.5541,0,0,0,0
-17.292,-20.5441,0,0,0,0
-17.282,-20.5341,0,0,0,0
-17.272,-20.5241,0,0,0,0
-17.262,-20.5141,0,0,0,0
-17.252,-20.5041,0,0,0,0
-17.242,-20.4941,0,0,0,0
-17.232,-20.4841,0,0,0,0
-17.222,-20.4741,0,0,0,0
-17.212,-20.4641,0,0,0,0
-17.202,-20.4541,0,0,0,0
-17.192,-20.4441,0,0,0,0
-17.182,-20.4341,0,0,0,0
-17.172,-20.4241,0,0,0,0
-17.162,-20.4141,0,0,0,0
-17.152,-20.4041,0,0,0,0
-17.142,-20.3941,0,0,0,0
-17.132,-20.3841,0,0,0,0
-17.122,-20.3741,0,0,0,0
-17.112,-20.3641,0,0,0,0
-17.102,-20.3541,0,0,0,0
-17.092,-20.3441,0,0,0,0
-17.082,-20.3341,0,0,0,0
-17.072,-20.3241,0,0,0,0
-17.062,-20.3141,0,0,0,0
-17.052,-20.3041,0,0,0,0
-17.042,-20.2941,0,0,0,0
-17.032,-20.2841,0,0,0,0
-17.022,-20.2741,0,0,0,0
-17.012,-20.2641,0,0,0,0
-17.002,-20.2541,0,0,0,0
-16.992,-20.2441,0,0,0,0
-16.982,-20.2341,0,0,0,0
-16.972,-20.2241,0,0,0,0
-16.962,-20.2141,0,0,0,0
-16.952,-20.2041,0,0,0,0
-16.942,-20.1941,0,0,0,0
-16.932,-20.1841,0,0,0,0
-16.922,-20.1741,0,0,0,0
-16.912,-20.1641,0,0,0,0
-16.902,-20.1541,0,0,0,0
-16.892,-20.1441,0,0,0,0
-16.882,-20.1341,0,0,0,0
-16.872,-20.1241,0,0,0,0
-16.862,-20.1141,0,0,0,0
-16.852,-20.1041,0,0,0,0
-16.842,-20.0941,0,0,0,0
-16.832,-20.0841,0,0,0,0
-16.822,-20.0741,0,0,0,0
-16.812,-20.0641,0,0,0,0
-16.802,-20.0541,0,0,0,0
-16.792,-20.0441,0,0,0,0
-16.782,-20.0341,0,0,0,0
-16.772,-20.0241,0,0,0,0
-16.762,-20.0141,0,0,0,0
-16.752,-20.0041,0,0,0,0
-16.742,-19.9941,0,0,0,0
-16.732,-19.9841,0,0,0,0
-16.722,-19.9741,0,0,0,0
-16.712,-19.9641,0,0,0,0
-16.702,-19.9541,0,0,0,0
-16.692,-19.9441,0,0,0,0
-16.682,-19.9341,0,0,0,0
-16.672,-19.9241,0,0,0,0
-16.662,-19.9141,0,0,0,0
-16.652,-19.9041,0,0,0,0
-16.642,-19.8941,0,0,0,0
-16.632,-19.8841,0,0,0,0
-16.622,-19.8741,0,0,0,0
-16.612,-19.8641,0,0,0,0
-16.602,-19.8541,0,0,0,0
-16.592,-19.8441,0,0,0,0
-16.582,-19.8341,0,0,0,0
-16.572,-19.8241,0,0,0,0
-16.562,-19.8141,0,0,0,0
-16.552,-19.8041,0,0,0,0
-16.542,-19.7941,0,0,0,0
-16.532,-19.7841,0,0,0,0
-16.522,-19.7741,0,0,0,0
-16.512,-19.7641,0,0,0,0
-16.502,-19.7541,0,0,0,0
-16.492,-19.7441,0,0,0,0
-16.482,-19.7341,0,0,0,0
-16.472,-19.7241,0,0,0,0
-16.462,-19.7141,0,0,0,0
-16.452,-19.7041,0,0,0,0
-16.442,-19.6941,0,0,0,0
-16.432,-19.6841,0,0,0,0
-16.422,-19.6741,0,0,0,0
-16.412,-19.6641,0,0,0,0
-16.402,-19.6541,0,0,0,0
-16.392,-19.6441,0,0,0,0
-16.382,-19.6341,0,0,0,0
-16.372,-19.6241,0,0,0,0
-16.362,-19.6141,0,0,0,0
-16.352,-19.6041,0,0,0,0
-16.342,-19.5941,0,0,0,0
-16.332,-19.5841,0,0,0,0
-16.322,-19.5741,0,0,0,0
-16.312,-19.5641,0,0,0,0
-16.302,-19.5541,0,0,0,0
-16.292,-19.5441,0,0,0,0
-16.282,-19.5341,0,0,0,0
-16.272,-19.5241,0,0,0,0
-16.262,-19.5141,0,0,0,0
-16.252,-19.5041,0,0,0,0
-16.242,-19.4941,0,0,0,0
-16.232,-19.4841,0,0,0,0
-16.222,-19.4741,0,0,0,0
-16.212,-19.4641,0,0,0,0
-16.202,-19.4541,0,0,0,0
-16.192,-19.4441,0,0,0,0
-16.182,-19.4341,0,0,0,0
-16.172,-19.4241,0,0,0,0
-16.162,-19.4141,0,0,0,0
-16.152,-19.4041,0,0,0,0
-16.142,-19.3941,0,0,0,0
-16.132,-19.3841,0,0,0,0
-16.122,-19.3741,0,0,0,0
-16.112,-19.3641,0,0,0,0
-16.102,-19.3541,0,0,0,0
-16.092,-19.3441,0,0,0,0
-16.082,-19.3341,0,0,0,0
-16.072,-19.3241,0,0,0,0
-16.062,-19.3141,0,0,0,0
-16.052,-19.3041,0,0,0,0
-16.042,-19.2941,0,0,0,0
-16.032,-19.2841,0,0,0,0
-16.022,-19.2741,0,0,0,0
-16.012,-19.2641,0,0,0,0
-16.002,-19.2541,0,0,0,0
-15.992,-19.2441,0,0,0,0
-15.982,-19.2341,0,0,0,0
-15.972,-19.2241,0,0,0,0
-15.962,-19.2141,0,0,0,0
-15.952,-19.2041,0,0,0,0
-15.942,-19.1941,0,0,0,0
-15.932,-19.1841,0,0,0,0
-15.922,-19.1741,0,0,0,0
-15.912,-19.1641,0,0,0,0
-15.902,-19.1541,0,0,0,0
-15.892,-19.1441,0,0,0,0
-15.882,-19.1341,0,0,0,0
-15.872,-19.1241,0,0,0,0
-15.862,-19.1141,0,0,0,0
-15.852,-19.1041,0,0,0,0
-15.842,-19.0941,0,0,0,0
-15.832,-19.0841,0,0,0,0
-15.822,-19.0741,0,0,0,0
-15.812,-19.0641,0,0,0,0
-15.802,-19.0541,0,0,0,0
-15.792,-19.0441,0,0,0,0
-15.782,-19.0341,0,0,0,0
-15.772,-19.0241,0,0,0,0
-15.762,-19.0141,0,0,0,0
-15.752,-19.0041,0,0,0,0
-15.742,-18.9941,0,0,0,0
-15.732,-18.9841,0,0,0,0
-15.722,-18.9741,0,0,0,0
-15.712,-18.9641,0,0,0,0
-15.702,-18.9541,0,0,0,0
-15.692,-18.9441,0,0,0,0
-15.682,-18.9341,0,0,0,0
-15.672,-18.9241,0,0,0,0
-15.662,-18.9141,0,0,0,0
-15.652,-18.9041,0,0,0,0
-15.642,-18.8941,0,0,0,0
-15.632,-18.8841,0,0,0,0
-15.622,-18.8741,0,0,0,0
-15.612,-18.8641,0,0,0,0
-15.602,-18.8541,0,0,0,0
-15.592,-18.8441,0,0,0,0
-15.582,-18.8341,0,0,0,0
-15.572,-18.8241,0,0,0,0
-15.562,-18.8141,0,0,0,0
-15.552,-18.8041,0,0,0,0
-15.542,-18.7941,0,0,0,0
-15.532,-18.7841,0,0,0,0
-15.522,-18.7741,0,0,0,0
-15.512,-18.7641,0,0,0,0
-15.502,-18.7541,0,0,0,0
-15.492,-18.7441,0,0,0,0
-15.482,-18.7341,0,0,0,0
-15.472,-18.7241,0,0,0,0
-15.462,-18.7141,0,0,0,0
-15.452,-18.7041,0,0,0,0
-15.442,-18.6941,0,0,0,0
-15.432,-18.6841,0,0,0,0
-15.422,-18.6741,0,0,0,0
-15.412,-18.6641,0,0,0,0
-15.402,-18.6541,0,0,0,0
-15.392,-18.6441,0,0,0,0
-15.382,-18.6341,0,0,0,0
-15.372,-18.6241,0,0,0,0
-15.362,-18.6141,0,0,0,0
-15.352,-18.6041,0,0,0,0
-15.342,-18.5941,0,0,0,0
-15.332,-18.5841,0,0,0,0
-15.322,-18.5741,0,0,0,0
-15.312,-18.5641,0,0,0,0
-15.302,-18.5541,0,0,0,0
-15.292,-18.5441,0,0,0,0
-15.282,-18.5341,0,0,0,0
-15.272,-18.5241,0,0,0,0
-15.262,-18.5141,0,0,0,0
-15.252,-18.5041,0,0,0,0
-15.242,-18.4941,0,0,0,0
-15.232,-18.4841,0,0,0,0
-15.222,-18.4741,0,0,0,0
-15.212,-18.4641,0,0,0,0
-15.202,-18.4541,0,0,0,0
-15.192,-18.4441,0,0,0,0
-15.182,-18.4341,0,0,0,0
-15.172,-18.4241,0,0,0,0
-15.162,-18.4141,0,0,0,0
-15.152,-18.4041,0,0,0,0
-15.142,-18.3941,0,0,0,0
-15.132,-18.3841,0,0,0,0
-15.122,-18.3741,0,0,0,0
-15.112,-18.3641,0,0,0,0
-15.102,-18.3541,0,0,0,0
-15.092,-18.3441,0,0,0,0
-15.082,-18.3341,0,0,0,0
-15.072,-18.3241,0,0,0,0
-15.062,-18.3141,0,0,0,0
-15.052,-18.3041,0,0,0,0
-15.042,-18.2941,0,0,0,0
-15.032,-18.2841,0,0,0,0
-15.022,-18.2741,0,0,0,0
-15.012,-18.2641,0,0,0,0
-15.002,-18.2541,0,0,0,0
-14.992,-18.2441,0,0,0,0
-14.982,-18.2341,0,0,0,0
-14.972,-18.2241,0,0,0,0
-14.962,-18.2141,0,0,0,0
-14.952,-18.2041,0,0,0,0
-14.942,-18.1941,0,0,0,0
-14.932,-18.1841,0,0,0,0
-14.922,-18.1741,0,0,0,0
-14.912,-18.1641,0,0,0,0
-14.902,-18.1541,0,0,0,0
-14.892,-18.1441,0,0,0,0
-14.882,-18.1341,0,0,0,0
-14.872,-18.1241,0,0,0,0
-14.862,-18.1141,0,0,0,0
-14.852,-18.1041,0,0,0,0
-14.842,-18.0941,0,0,0,0
-14.832,-18.0841,0,0,0,0
-14.822,-18.0741,0,0,0,0
-14.812,-18.0641,0,0,0,0
-14.802,-18.0541,0,0,0,0
-14.792,-18.0441,0,0,0,0
-14.782,-18.0341,0,0,0,0
-14.772,-18.0241,0,0,0,0
-14.762,-18.0141,0,0,0,0
-14.752,-18.0041,0,0,0,0
-14.742,-17.9941,0,0,0,0
-14.732,-17.9841,0,0,0,0
-14.722,-17.9741,0,0,0,0
-14.712,-17.9641,0,0,0,0
-14.702,-17.9541,0,0,0,0
-14.692,-17.9441,0,0,0,0
-14.682,-17.9341,0,0,0,0
-14.672,-17.9241,0,0,0,0
-14.662,-17.9141,0,0,0,0
-14.652,-17.9041,0,0,0,0
-14.642,-17.8941,0,0,0,0
-14.632,-17.8841,0,0,0,0
-14.622,-17.8741,0,0,0,0
-14.612,-17.8641,0,0,0,0
-14.602,-17.8541,0,0,0,0
-14.592,-17.8441,0,0,0,0
-14.582,-17.8341,0,0,0,0
-14.572,-17.8241,0,0,0,0
-14.562,-17.8141,0,0,0,0
-14.552,-17.8041,0,0,0,0
-14.542,-17.7941,0,0,0,0
-14.532,-17.7841,0,0,0,0
-14.522,-17.7741,0,0,0,0
-14.512,-17.7641,0,0,0,0
-14.502,-17.7541,0,0,0,0
-14.492,-17.7441,0,0,0,0
-14.482,-17.7341,0,0,0,0
-14.472,-17.7241,0,0,0,0
-14.462,-17.7141,0,0,0,0
-14.452,-17.7041,0,0,0,0
-14.442,-17.6941,0,0,0,0
-14.432,-17.6841,0,0,0,0
-14.422,-17.6741,0,0,0,0
-14.412,-17.6641,0,0,0,0
-14.402,-17.6541,0,0,0,0
-14.392,-17.6441,0,0,0,0
-14.382,-17.6341,0,0,0,0
-14.372,-17.6241,0,0,0,0
-14.362,-17.6141,0,0,0,0
-14.352,-17.6041,0,0,0,0
-14.342,-17.5941,0,0,0,0
-14.332,-17.5841,0,0,0,0
-14.322,-17.5741,0,0,0,0
-14.312,-17.5641,0,0,0,0
-14.302,-17.5541,0,0,0,0
-14.292,-17.5441,0,0,0,0
-14.282,-17.5341,0,0,0,0
-14.272,-17.5241,0,0,0,0
-14.262,-17.5141,0,0,0,0
-14.252,-17.5041,0,0,0,0
-14.242,-17.4941,0,0,0,0
-14.232,-17.4841,0,0,0,0
-14.222,-17.4741,0,0,0,0
-14.212,-17.4641,0,0,0,0
-14.202,-17.4541,0,0,0,0
-14.192,-17.4441,0,0,0,0
-14.182,-17.4341,0,0,0,0
-14.172,-17.4241,0,0,0,0
-14.162,-17.4141,0,0,0,0
-14.152,-17.4041,0,0,0,0
-14.142,-17.3941,0,0,0,0
-14.132,-17.3841,0,0,0,0
-14.122,-17.3741,0,0,0,0
-14.112,-17.3641,0,0,0,0
-14.102,-17.3541,0,0,0,0
-14.092,-17.3441,0,0,0,0
-14.082,-17.3341,0,0,0,0
-14.072,-17.3241,0,0,0,0
-14.062,-17.3141,0,0,0,0
-14.052,-17.3041,0,0,0,0
-14.042,-17.2941,0,0,0,0
-14.032,-17.2841,0,0,0,0
-14.022,-17.2741,0,0,0,0
-14.012,-17.2641,0,0,0,0
-14.002,-17.2541,0,0,0,0
-13.992,-17.2441,0,0,0,0
-13.982,-17.2341,0,0,0,0
-13.972,-17.2241,0,0,0,0
-13.962,-17.2141,0,0,0,0
-13.952,-17.2041,0,0,0,0
-13.942,-17.1941,0,0,0,0
-13.932,-17.1841,0,0,0,0
-13.922,-17.1741,0,0,0,0
-13.912,-17.1641,0,0,0,0
-13.902,-17.1541,0,0,0,0
-13.892,-17.1441,0,0,0,0
-13.882,-17.1341,0,0,0,0
-13.872,-17.1241,0,0,0,0
-13.862,-17.1141,0,0,0,0
-13.852,-17.1041,0,0,0,0
-13.842,-17.0941,0,0,0,0
-13.832,-17.0841,0,0,0,0
-13.822,-17.0741,0,0,0,0
-13.812,-17.0641,0,0,0,0
-13.802,-17.0541,0,0,0,0
-13.792,-17.0441,0,0,0,0
-13.782,-17.0341,0,0,0,0
-13.772,-17.0241,0,0,0,0
-13.762,-17.0141,0,0,0,0
-13.752,-17.0041,0,0,0,0
-13.742,-16.9941,0,0,0,0
-13.732,-16.9841,0,0,0,0
-13.722,-16.9741,0,0,0,0
-13.712,-16.9641,0,0,0,0
-13.702,-16.9541,0,0,0,0
-13.692,-16.9441,0,0,0,0
-13.682,-16.9341,0,0,0,0
-13.672,-16.9241,0,0,0,0
-13.662,-16.9141,0,0,0,0
-13.652,-16.9041,0,0,0,0
-13.642,-16.8941,0,0,0,0
-13.632,-16.8841,0,0,0,0
-13.622,-16.8741,0,0,0,0
-13.612,-16.8641,0,0,0,0
-13.602,-16.8541,0,0,0,0
-13.592,-16.8441,0,0,0,0
-13.582,-16.8341,0,0,0,0
-13.572,-16.8241,0,0,0,0
-13.562,-16.8141,0,0,0,0
-13.552,-16.8041,0,0,0,0
-13.542,-16.7941,0,0,0,0
-13.532,-16.7841,0,0,0,0
-13.522,-16.7741,0,0,0,0
-13.512,-16.7641,0,0,0,0
-13.502,-16.7541,0,0,0,0
-13.492,-16.7441,0,0,0,0
-13.482,-16.7341,0,0,0,0
-13.472,-16.7241,0,0,0,0
-13.462,-16.7141,0,0,0,0
-13.452,-16.7041,0,0,0,0
-13.442,-16.6941,0,0,0,0
-13.432,-16.6841,0,0,0,0
-13.422,-16.6741,0,0,0,0
-13.412,-16.6641,0,0,0,0
-13.402,-16.6541,0,0,0,0
-13.392,-16.6441,0,0,0,0
-13.382,-16.6341,0,0,0,0
-13.372,-16.6241,0,0,0,0
-13.362,-16.6141,0,0,0,0
-13.352,-16.6041,0,0,0,0
-13.342,-16.5941,0,0,0,0
-13.332,-16.5841,0,0,0,0
-13.322,-16.5741,0,0,0,0
-13.312,-16.5641,0,0,0,0
-13.302,-16.5541,0,0,0,0
-13.292,-16.5441,0,0,0,0
-13.282,-16.5341,0,0,0,0
-13.272,-16.5241,0,0,0,0
-13.262,-16.5141,0,0,0,0
-13.252,-16.5041,0,0,0,0
-13.242,-16.4941,0,0,0,0
-13.232,-16.4841,0,0,0,0
-13.222,-16.4741,0,0,0,0
-13.212,-16.4641,0,0,0,0
-13.202,-16.4541,0,0,0,0
-13.192,-16.4441,0,0,0,0
-13.182,-16.4341,0,0,0,0
-13.172,-16.4241,0,0,0,0
-13.162,-16.4141,0,0,0,0
-13.152,-16.4041,0,0,0,0
-13.142,-16.3941,0,0,0,0
-13.132,-16.3841,0,0,0,0
-13.122,-16.3741,0,0,0,0
-13.112,-16.3641,0,0,0,0
-13.102,-16.3541,0,0,0,0
-13.092,-16.3441,0,0,0,0
-13.082,-16.3341,0,0,0,0
-13.072,-16.3241,0,0,0,0
-13.062,-16.3141,0,0,0,0
-13.052,-16.3041,0,0,0,0
-13.042,-16.2941,0,0,0,0
-13.032,-16.2841,0,0,0,0
-13.022,-16.2741,0,0,0,0
-13.012,-16.2641,0,0,0,0
-13.002,-16.2541,0,0,0,0
-12.992,-16.2441,0,0,0,0
-12.982,-16.2341,0,0,0,0
-12.972,-16.2241,0,0,0,0
-12.962,-16.2141,0,0,0,0
-12.952,-16.2041,0,0,0,0
-12.942,-16.1941,0,0,0,0
-12.932,-16.1841,0,0,0,0
-12.922,-16.1741,0,0,0,0
-12.912,-16.1641,0,0,0,0
-12.902,-16.1541,0,0,0,0
-12.892,-16.1441,0,0,0,0
-12.882,-16.1341,0,0,0,0
-12.872,-16.1241,0,0,0,0
-12.862,-16.1141,0,0,0,0
-12.852,-16.1041,0,0,0,0
-12.842,-16.0941,0,0,0,0
-12.832,-16.0841,0,0,0,0
-12.822,-16.0741,0,0,0,0
-12.812,-16.0641,0,0,0,0
-12.802,-16.0541,0,0,0,0
-12.792,-16.0441,0,0,0,0
-12.782,-16.0341,0,0,0,0
-12.772,-16.0241,0,0,0,0
-12.762,-16.0141,0,0,0,0
-12.752,-16.0041,0,0,0,0
-12.742,-15.9941,0,0,0,0
-12.732,-15.9841,0,0,0,0
-12.722,-15.9741,0,0,0,0
-12.712,-15.9641,0,0,0,0
-12.702,-15.9541,0,0,0,0
-12.692,-15.9441,0,0,0,0
-12.682,-15.9341,0,0,0,0
-12.672,-15.9241,0,0,0,0
-12.662,-15.9141,0,0,0,0
-12.652,-15.9041,0,0,0,0
-12.642,-15.8941,0,0,0,0
-12.632,-15.8841,0,0,0,0
-12.622,-15.8741,0,0,0,0
-12.612,-15.8641,0,0,0,0
-12.602,-15.8541,0,0,0,0
-12.592,-15.8441,0,0,0,0
-12.582,-15.8341,0,0,0,0
-12.572,-15.8241,0,0,0,0
-12.562,-15.8141,0,0,0,0
-12.552,-15.8041,0,0,0,0
-12.542,-15.7941,0,0,0,0
-12.532,-15.7841,0,0,0,0
-12.522,-15.7741,0,0,0,0
-12.512,-15.7641,0,0,0,0
-12.502,-15.7541,0,0,0,0
-12.492,-15.7441,0,0,0,0
-12.482,-15.7341,0,0,0,0
-12.472,-15.7241,0,0,0,0
-12.462,-15.7141,0,0,0,0
-12.452,-15.7041,0,0,0,0
-12.442,-15.6941,0,0,0,0
-12.432,-15.6841,0,0,0,0
-12.422,-15.6741,0,0,0,0
-12.412,-15.6641,0,0,0,0
-12.402,-15.6541,0,0,0,0
-12.392,-15.6441,0,0,0,0
-12.382,-15.6341,0,0,0,0
-12.372,-15.6241,0,0,0,0
-12.362,-15.6141,0,0,0,0
-12.352,-15.6041,0,0,0,0
-12.342,-15.5941,0,0,0,0
-12.332,-15.5841,0,0,0,0
-12.322,-15.5741,0,0,0,0
-12.312,-15.5641,0,0,0,0
-12.302,-15.5541,0,0,0,0
-12.292,-15.5441,0,0,0,0
-12.282,-15.5341,0,0,0,0
-12.272,-15.5241,0,0,0,0
-12.262,-15.5141,0,0,0,0
-12.252,-15.5041,0,0,0,0
-12.242,-15.4941,0,0,0,0
-12.232,-15.4841,0,0,0,0
-12.222,-15.4741,0,0,0,0
-12.212,-15.4641,0,0,0,0
-12.202,-15.4541,0,0,0,0
-12.192,-15.4441,0,0,0,0
-12.182,-15.4341,0,0,0,0
-12.172,-15.4241,0,0,0,0
-12.162,-15.4141,0,0,0,0
-12.152,-15.4041,0,0,0,0
-12.142,-15.3941,0,0,0,0
-12.132,-15.3841,0,0,0,0
-12.122,-15.3741,0,0,0,0
-12.112,-15.3641,0,0,0,0
-12.102,-15.3541,0,0,0,0
-12.092,-15.3441,0,0,0,0
-12.082,-15.3341,0,0,0,0
-12.072,-15.3241,0,0,0,0
-12.062,-15.3141,0,0,0,0
-12.052,-15.3041,0,0,0,0
-12.042,-15.2941,0,0,0,0
-12.032,-15.2841,0,0,0,0
-12.022,-15.2741,0,0,0,0
-12.012,-15.2641,0,0,0,0
-12.002,-15.2541,0,0,0,0
-11.992,-15.2441,0,0,0,0
-11.982,-15.2341,0,0,0,0
-11.972,-15.2241,0,0,0,0
-11.962,-15.2141,0,0,0,0
-11.952,-15.2041,0,0,0,0
-11.942,-15.1941,0,0,0,0
-11.932,-15.1841,0,0,0,0
-11.922,-15.1741,0,0,0,0
-11.912,-15.1641,0,0,0,0
-11.902,-15.1541,0,0,0,0
-11.892,-15.1441,0,0,0,0
-11.882,-15.1341,0,0,0,0
-11.872,-15.1241,0,0,0,0
-11.862,-15.1141,0,0,0,0
-11.852,-15.1041,0,0,0,0
-11.842,-15.0941,0,0,0,0
-11.832,-15.0841,0,0,0,0
-11.822,-15.0741,0,0,0,0
-11.812,-15.0641,0,0,0,0
-11.802,-15.0541,0,0,0,0
-11.792,-15.0441,0,0,0,0
-11.782,-15.0341,0,0,0,0
-11.772,-15.0241,0,0,0,0
-11.762,-15.0141,0,0,0,0
-11.752,-15.0041,0,0,0,0
-11.742,-14.9941,0,0,0,0
-11.732,-14.9841,0,0,0,0
-11.722,-14.9741,0,0,0,0
-11.712,-14.9641,0,0,0,0
-11.702,-14.9541,0,0,0,0
-11.692,-14.9441,0,0,0,0
-11.682,-14.9341,0,0,0,0
-11.672,-14.9241,0,0,0,0
-11.662,-14.9141,0,0,0,0
-11.652,-14.9041,0,0,0,0
-11.642,-14.8941,0,0,0,0
-11.632,-14.8841,0,0,0,0
-11.622,-14.8741,0,0,0,0
-11.612,-14.8641,0,0,0,0
-11.602,-14.8541,0,0,0,0
-11.592,-14.8441,0,0,0,0
-11.582,-14.8341,0,0,0,0
-11.572,-14.8241,0,0,0,0
-11.562,-14.8141,0,0,0,0
-11.552,-14.8041,0,0,0,0
-11.542,-14.7941,0,0,0,0
-11.532,-14.7841,0,0,0,0
-11.522,-14.7741,0,0,0,0
-11.512,-14.7641,0,0,0,0
-11.502,-14.7541,0,0,0,0
-11.492,-14.7441,0,0,0,0
-11.482,-14.7341,0,0,0,0
-11.472,-14.7241,0,0,0,0
-11.462,-14.7141,0,0,0,0
-11.452,-14.7041,0,0,0,0
-11.442,-14.6941,0,0,0,0
-11.432,-14.6841,0,0,0,0
-11.422,-14.6741,0,0,0,0
-11.412,-14.6641,0,0,0,0
-11.402,-14.6541,0,0,0,0
-11.392,-14.6441,0,0,0,0
-11.382,-14.6341,0,0,0,0
-11.372,-14.6241,0,0,0,0
-11.362,-14.6141,0,0,0,0
-11.352,-14.6041,0,0,0,0
-11.342,-14.5941,0,0,0,0
-11.332,-14.5841,0,0,0,0
-11.322,-14.5741,0,0,0,0
-11.312,-14.5641,0,0,0,0
-11.302,-14.5541,0,0,0,0
-11.292,-14.5441,0,0,0,0
-11.282,-14.5341,0,0,0,0
-11.272,-14.5241,0,0,0,0
-11.262,-14.5141,0,0,0,0
-11.252,-14.5041,0,0,0,0
-11.242,-14.4941,0,0,0,0
-11.232,-14.4841,0,0,0,0
-11.222,-14.4741,0,0,0,0
-11.212,-14.4641,0,0,0,0
-11.202,-14.4541,0,0,0,0
-11.192,-14.4441,0,0,0,0
-11.182,-14.4341,0,0,0,0
-11.172,-14.4241,0,0,0,0
-11.162,-14.4141,0,0,0,0
-11.152,-14.4041,0,0,0,0
-11.142,-14.3941,0,0,0,0
-11.132,-14.3841,0,0,0,0
-11.122,-14.3741,0,0,0,0
-11.112,-14.3641,0,0,0,0
-11.102,-14.3541,0,0,0,0
-11.092,-14.3441,0,0,0,0
-11.082,-14.3341,0,0,0,0
-11.072,-14.3241,0,0,0,0
-11.062,-14.3141,0,0,0,0
-11.052,-14.3041,0,0,0,0
-11.042,-14.2941,0,0,0,0
-11.032,-14.2841,0,0,0,0
-11.022,-14.2741,0,0,0,0
-11.012,-14.2641,0,0,0,0
-11.002,-14.2541,0,0,0,0
-10.992,-14.2441,0,0,0,0
-10.982,-14.2341,0,0,0,0
-10.972,-14.2241,0,0,0,0
-10.962,-14.2141,0,0,0,0
-10.952,-14.2041,0,0,0,0
-10.942,-14.1941,0,0,0,0
-10.932,-14.1841,0,0,0,0
-10.922,-14.1741,0,0,0,0
-10.912,-14.1641,0,0,0,0
-10.902,-14.1541,0,0,0,0
-10.892,-14.1441,0,0,0,0
-10.882,-14.1341,0,0,0,0
-10.872,-14.1241,0,0,0,0
-10.862,-14.1141,0,0,0,0
-10.852,-14.1041,0,0,0,0
-10.842,-14.0941,0,0,0,0
-10.832,-14.0841,0,0,0,0
-10.822,-14.0741,0,0,0,0
-10.812,-14.0641,0,0,0,0
-10.802,-14.0541,0,0,0,0
-10.792,-14.0441,0,0,0,0
-10.782,-14.0341,0,0,0,0
-10.772,-14.0241,0,0,0,0
-10.762,-14.0141,0,0,0,0
-10.752,-14.0041,0,0,0,0
-10.742,-13.9941,0,0,0,0
-10.732,-13.9841,0,0,0,0
-10.722,-13.9741,0,0,0,0
-10.712,-13.9641,0,0,0,0
-10.702,-13.9541,0,0,0,0
-10.692,-13.9441,0,0,0,0
-10.682,-13.9341,0,0,0,0
-10.672,-13.9241,0,0,0,0
-10.662,-13.9141,0,0,0,0
-10.652,-13.9041,0,0,0,0
-10.642,-13.8941,0,0,0,0
-10.632,-13.8841,0,0,0,0
-10.622,-13.8741,0,0,0,0
-10.612,-13.8641,0,0,0,0
-10.602,-13.8541,0,0,0,0
-10.592,-13.8441,0,0,0,0
-10.582,-13.8341,0,0,0,0
-10.572,-13.8241,0,0,0,0
-10.562,-13.8141,0,0,0,0
-10.552,-13.8041,0,0,0,0
-10.542,-13.7941,0,0,0,0
-10.532,-13.7841,0,0,0,0
-10.522,-13.7741,0,0,0,0
-10.512,-13.7641,0,0,0,0
-10.502,-13.7541,0,0,0,0
-10.492,-13.7441,0,0,0,0
-10.482,-13.7341,0,0,0,0
-10.472,-13.7241,0,0,0,0
-10.462,-13.7141,0,0,0,0
-10.452,-13.7041,0,0,0,0
-10.442,-13.6941,0,0,0,0
-10.432,-13.6841,0,0,0,0
-10.422,-13.6741,0,0,0,0
-10.412,-13.6641,0,0,0,0
-10.402,-13.6541,0,0,0,0
-10.392,-13.6441,0,0,0,0
-10.382,-13.6341,0,0,0,0
-10.372,-13.6241,0,0,0,0
-10.362,-13.6141,0,0,0,0
-10.352,-13.6041,0,0,0,0
-10.342,-13.5941,0,0,0,0
-10.332,-13.5841,0,0,0,0
-10.322,-13.5741,0,0,0,0
-10.312,-13.5641,0,0,0,0
-10.302,-13.5541,0,0,0,0
-10.292,-13.5441,0,0,0,0
-10.282,-13.5341,0,0,0,0
-10.272,-13.5241,0,0,0,0
-10.262,-13.5141,0,0,0,0
-10.252,-13.5041,0,0,0,0
-10.242,-13.4941,0,0,0,0
-10.232,-13.4841,0,0,0,0
-10.222,-13.4741,0,0,0,0
-10.212,-13.4641,0,0,0,0
-10.202,-13.4541,0,0,0,0
-10.192,-13.4441,0,0,0,0
-10.182,-13.4341,0,0,0,0
-10.172,-13.4241,0,0,0,0
-10.162,-13.4141,0,0,0,0
-10.152,-13.4041,0,0,0,0
-10.142,-13.3941,0,0,0,0
-10.132,-13.3841,0,0,0,0
-10.122,-13.3741,0,0,0,0
-10.112,-13.3641,0,0,0,0
-10.102,-13.3541,0,0,0,0
-10.092,-13.3441,0,0,0,0
-10.082,-13.3341,0,0,0,0
-10.072,-13.3241,0,0,0,0
-10.062,-13.3141,0,0,0,0
-10.052,-13.3041,0,0,0,0
-10.042,-13.2941,0,0,0,0
-10.032,-13.2841,0,0,0,0
-10.022,-13.2741,0,0,0,0
-10.012,-13.2641,0,0,0,0
-10.002,-13.2541,0,0,0,0
-9.992,-13.2441,0,0,0,0
-9.982,-13.2341,0,0,0,0
-9.972,-13.2241,0,0,0,0
-9.962,-13.2141,0,0,0,0
-9.952,-13.2041,0,0,0,0
-9.942,-13.1941,0,0,0,0
-9.932,-13.1841,0,0,0,0
-9.922,-13.1741,0,0,0,0
-9.912,-13.1641,0,0,0,0
-9.902,-13.1541,0,0,0,0
-9.892,-13.1441,0,0,0,0
-9.882,-13.1341,0,0,0,0
-9.872,-13.1241,0,0,0,0
-9.862,-13.1141,0,0,0,0
-9.852,-13.1041,0,0,0,0
-9.842,-13.0941,0,0,0,0
-9.832,-13.0841,0,0,0,0
-9.822,-13.0741,0,0,0,0
-9.812,-13.0641,0,0,0,0
-9.802,-13.0541,0,0,0,0
-9.792,-13.0441,0,0,0,0
-9.782,-13.0341,0,0,0,0
-9.772,-13.0241,0,0,0,0
-9.762,-13.0141,0,0,0,0
-9.752,-13.0041,0,0,0,0
-9.742,-12.9941,0,0,0,0
-9.732,-12.9841,0,0,0,0
-9.722,-12.9741,0,0,0,0
-9.712,-12.9641,0,0,0,0
-9.702,-12.9541,0,0,0,0
-9.692,-12.9441,0,0,0,0
-9.682,-12.9341,0,0,0,0
-9.672,-12.9241,0,0,0,0
-9.662,-12.9141,0,0,0,0
-9.652,-12.9041,0,0,0,0
-9.642,-12.8941,0,0,0,0
-9.632,-12.8841,0,0,0,0
-9.622,-12.8741,0,0,0,0
-9.612,-12.8641,0,0,0,0
-9.602,-12.8541,0,0,0,0
-9.592,-12.8441,0,0,0,0
-9.582,-12.8341,0,0,0,0
-9.572,-12.8241,0,0,0,0
-9.562,-12.8141,0,0,0,0
-9.552,-12.8041,0,0,0,0
-9.542,-12.7941,0,0,0,0
-9.532,-12.7841,0,0,0,0
-9.522,-12.7741,0,0,0,0
-9.512,-12.7641,0,0,0,0
-9.502,-12.7541,0,0,0,0
-9.492,-12.7441,0,0,0,0
-9.482,-12.7341,0,0,0,0
-9.472,-12.7241,0,0,0,0
-9.462,-12.7141,0,0,0,0
-9.452,-12.7041,0,0,0,0
-9.442,-12.6941,0,0,0,0
-9.432,-12.6841,0,0,0,0
-9.422,-12.6741,0,0,0,0
-9.412,-12.6641,0,0,0,0
-9.402,-12.6541,0,0,0,0
-9.392,-12.6441,0,0,0,0
-9.382,-12.6341,0,0,0,0
-9.372,-12.6241,0,0,0,0
-9.362,-12.6141,0,0,0,0
-9.352,-12.6041,0,0,0,0
-9.342,-12.5941,0,0,0,0
-9.332,-12.5841,0,0,0,0
-9.322,-12.5741,0,0,0,0
-9.312,-12.5641,0,0,0,0
-9.302,-12.5541,0,0,0,0
-9.292,-12.5441,0,0,0,0
-9.282,-12.5341,0,0,0,0
-9.272,-12.5241,0,0,0,0
-9.262,-12.5141,0,0,0,0
-9.252,-12.5041,0,0,0,0
-9.242,-12.4941,0,0,0,0
-9.232,-12.4841,0,0,0,0
-9.222,-12.4741,0,0,0,0
-9.212,-12.4641,0,0,0,0
-9.202,-12.4541,0,0,0,0
-9.192,-12.4441,0,0,0,0
-9.182,-12.4341,0,0,0,0
-9.172,-12.4241,0,0,0,0
-9.162,-12.4141,0,0,0,0
-9.152,-12.4041,0,0,0,0
-9.142,-12.3941,0,0,0,0
-9.132,-12.3841,0,0,0,0
-9.122,-12.3741,0,0,0,0
-9.112,-12.3641,0,0,0,0
-9.102,-12.3541,0,0,0,0
-9.092,-12.3441,0,0,0,0
-9.082,-12.3341,0,0,0,0
-9.072,-12.3241,0,0,0,0
-9.062,-12.3141,0,0,0,0
-9.052,-12.3041,0,0,0,0
-9.042,-12.2941,0,0,0,0
-9.032,-12.2841,0,0,0,0
-9.022,-12.2741,0,0,0,0
-9.012,-12.2641,0,0,0,0
-9.002,-12.2541,0,0,0,0
-8.992,-12.2441,0,0,0,0
-8.982,-12.2341,0,0,0,0
-8.972,-12.2241,0,0,0,0
-8.962,-12.2141,0,0,0,0
-8.952,-12.2041,0,0,0,0
-8.942,-12.1941,0,0,0,0
-8.932,-12.1841,0,0,0,0
-8.922,-12.1741,0,0,0,0
-8.912,-12.1641,0,0,0,0
-8.902,-12.1541,0,0,0,0
-8.892,-12.1441,0,0,0,0
-8.882,-12.1341,0,0,0,0
-8.872,-12.1241,0,0,0,0
-8.862,-12.1141,0,0,0,0
-8.852,-12.1041,0,0,0,0
-8.842,-12.0941,0,0,0,0
-8.832,-12.0841,0,0,0,0
-8.822,-12.0741,0,0,0,0
-8.812,-12.0641,0,0,0,0
-8.802,-12.0541,0,0,0,0
-8.792,-12.0441,0,0,0,0
-8.782,-12.0341,0,0,0,0
-8.772,-12.0241,0,0,0,0
-8.762,-12.0141,0,0,0,0
-8.752,-12.0041,0,0,0,0
-8.742,-11.9941,0,0,0,0
-8.732,-11.9841,0,0,0,0
-8.722,-11.9741,0,0,0,0
-8.712,-11.9641,0,0,0,0
-8.702,-11.9541,0,0,0,0
-8.692,-11.9441,0,0,0,0
-8.682,-11.9341,0,0,0,0
-8.672,-11.9241,0,0,0,0
-8.662,-11.9141,0,0,0,0
-8.652,-11.9041,0,0,0,0
-8.642,-11.8941,0,0,0,0
-8.632,-11.8841,0,0,0,0
-8.622,-11.8741,0,0,0,0
-8.612,-11.8641,0,0,0,0
-8.602,-11.8541,0,0,0,0
-8.592,-11.8441,0,0,0,0
-8.582,-11.8341,0,0,0,0
-8.572,-11.8241,0,0,0,0
-8.562,-11.8141,0,0,0,0
-8.552,-11.8041,0,0,0,0
-8.542,-11.7941,0,0,0,0
-8.532,-11.7841,0,0,0,0
-8.522,-11.7741,0,0,0,0
-8.512,-11.7641,0,0,0,0
-8.502,-11.7541,0,0,0,0
-8.492,-11.7441,0,0,0,0
-8.482,-11.7341,0,0,0,0
-8.472,-11.7241,0,0,0,0
-8.462,-11.7141,0,0,0,0
-8.452,-11.7041,0,0,0,0
-8.442,-11.6941,0,0,0,0
-8.432,-11.6841,0,0,0,0
-8.422,-11.6741,0,0,0,0
-8.412,-11.6641,0,0,0,0
-8.402,-11.6541,0,0,0,0
-8.392,-11.6441,0,0,0,0
-8.382,-11.6341,0,0,0,0
-8.372,-11.6241,0,0,0,0
-8.362,-11.6141,0,0,0,0
-8.352,-11.6041,0,0,0,0
-8.342,-11.5941,0,0,0,0
-8.332,-11.5841,0,0,0,0
-8.322,-11.5741,0,0,0,0
-8.312,-11.5641,0,0,0,0
-8.302,-11.5541,0,0,0,0
-8.292,-11.5441,0,0,0,0
-8.282,-11.5341,0,0,0,0
-8.272,-11.5241,0,0,0,0
-8.262,-11.5141,0,0,0,0
-8.252,-11.5041,0,0,0,0
-8.242,-11.4941,0,0,0,0
-8.232,-11.4841,0,0,0,0
-8.222,-11.4741,0,0,0,0
-8.212,-11.4641,0,0,0,0
-8.202,-11.4541,0,0,0,0
-8.192,-11.4441,0,0,0,0
-8.182,-11.4341,0,0,0,0
-8.172,-11.4241,0,0,0,0
-8.162,-11.4141,0,0,0,0
-8.152,-11.4041,0,0,0,0
-8.142,-11.3941,0,0,0,0
-8.132,-11.3841,0,0,0,0
-8.122,-11.3741,0,0,0,0
-8.112,-11.3641,0,0,0,0
-8.102,-11.3541,0,0,0,0
-8.092,-11.3441,0,0,0,0
-8.082,-11.3341,0,0,0,0
-8.072,-11.3241,0,0,0,0
-8.062,-11.3141,0,0,0,0
-8.052,-11.3041,0,0,0,0
-8.042,-11.2941,0,0,0,0
-8.032,-11.2841,0,0,0,0
-8.022,-11.2741,0,0,0,0
-8.012,-11.2641,0,0,0,0
-8.002,-11.2541,0,0,0,0
-7.992,-11.2441,0,0,0,0
-7.982,-11.2341,0,0,0,0
-7.972,-11.2241,0,0,0,0
-7.962,-11.2141,0,0,0,0
-7.952,-11.2041,0,0,0,0
-7.942,-11.1941,0,0,0,0
-7.932,-11.1841,0,0,0,0
-7.922,-11.1741,0,0,0,0
-7.912,-11.1641,0,0,0,0
-7.902,-11.1541,0,0,0,0
-7.892,-11.1441,0,0,0,0
-7.882,-11.1341,0,0,0,0
-7.872,-11.1241,0,0,0,0
-7.862,-11.1141,0,0,0,0
-7.852,-11.1041,0,0,0,0
-7.842,-11.0941,0,0,0,0
-7.832,-11.0841,0,0,0,0
-7.822,-11.0741,0,0,0,0
-7.812,-11.0641,0,0,0,0
-7.802,-11.0541,0,0,0,0
-7.792,-11.0441,0,0,0,0
-7.782,-11.0341,0,0,0,0
-7.772,-11.0241,0,0,0,0
-7.762,-11.0141,0,0,0,0
-7.752,-11.0041,0,0,0,0
-7.742,-10.9941,0,0,0,0
-7.732,-10.9841,0,0,0,0
-7.722,-10.9741,0,0,0,0
-7.712,-10.9641,0,0,0,0
-7.702,-10.9541,0,0,0,0
-7.692,-10.9441,0,0,0,0
-7.682,-10.9341,0,0,0,0
-7.672,-10.9241,0,0,0,0
-7.662,-10.9141,0,0,0,0
-7.652,-10.9041,0,0,0,0
-7.642,-10.8941,0,0,0,0
-7.632,-10.8841,0,0,0,0
-7.622,-10.8741,0,0,0,0
-7.612,-10.8641,0,0,0,0
-7.602,-10.8541,0,0,0,0
-7.592,-10.8441,0,0,0,0
-7.582,-10.8341,0,0,0,0
-7.572,-10.8241,0,0,0,0
-7.562,-10.8141,0,0,0,0
-7.552,-10.8041,0,0,0,0
-7.542,-10.7941,0,0,0,0
-7.532,-10.7841,0,0,0,0
-7.522,-10.7741,0,0,0,0
-7.512,-10.7641,0,0,0,0
-7.502,-10.7541,0,0,0,0
-7.492,-10.7441,0,0,0,0
-7.482,-10.7341,0,0,0,0
-7.472,-10.7241,0,0,0,0
-7.462,-10.7141,0,0,0,0
-7.452,-10.7041,0,0,0,0
-7.442,-10.6941,0,0,0,0
-7.432,-10.6841,0,0,0,0
-7.422,-10.6741,0,0,0,0
-7.412,-10.6641,0,0,0,0
-7.402,-10.6541,0,0,0,0
-7.392,-10.6441,0,0,0,0
-7.382,-10.6341,0,0,0,0
-7.372,-10.6241,0,0,0,0
-7.362,-10.6141,0,0,0,0
-7.352,-10.6041,0,0,0,0
-7.342,-10.5941,0,0,0,0
-7.332,-10.5841,0,0,0,0
-7.322,-10.5741,0,0,0,0
-7.312,-10.5641,0,0,0,0
-7.302,-10.5541,0,0,0,0
-7.292,-10.5441,0,0,0,0
-7.282,-10.5341,0,0,0,0
-7.272,-10.5241,0,0,0,0
-7.262,-10.5141,0,0,0,0
-7.252,-10.5041,0,0,0,0
-7.242,-10.4941,0,0,0,0
-7.232,-10.4841,0,0,0,0
-7.222,-10.4741,0,0,0,0
-7.212,-10.4641,0,0,0,0
-7.202,-10.4541,0,0,0,0
-7.192,-10.4441,0,0,0,0
-7.182,-10.4341,0,0,0,0
-7.172,-10.4241,0,0,0,0
-7.162,-10.4141,0,0,0,0
-7.152,-10.4041,0,0,0,0
-7.142,-10.3941,0,0,0,0
-7.132,-10.3841,0,0,0,0
-7.122,-10.3741,0,0,0,0
-7.112,-10.3641,0,0,0,0
-7.102,-10.3541,0,0,0,0
-7.092,-10.3441,0,0,0,0
-7.082,-10.3341,0,0,0,0
-7.072,-10.3241,0,0,0,0
-7.062,-10.3141,0,0,0,0
-7.052,-10.3041,0,0,0,0
-7.042,-10.2941,0,0,0,0
-7.032,-10.2841,0,0,0,0
-7.022,-10.2741,0,0,0,0
-7.012,-10.2641,0,0,0,0
-7.002,-10.2541,0,0,0,0
-6.992,-10.2441,0,0,0,0
-6.982,-10.2341,0,0,0,0
-6.972,-10.2241,0,0,0,0
-6.962,-10.2141,0,0,0,0
-6.952,-10.2041,0,0,0,0
-6.942,-10.1941,0,0,0,0
-6.932,-10.1841,0,0,0,0
-6.922,-10.1741,0,0,0,0
-6.912,-10.1641,0,0,0,0
-6.902,-10.1541,0,0,0,0
-6.892,-10.1441,0,0,0,0
-6.882,-10.1341,0,0,0,0
-6.872,-10.1241,0,0,0,0
-6.862,-10.1141,0,0,0,0
-6.852,-10.1041,0,0,0,0
-6.842,-10.0941,0,0,0,0
-6.832,-10.0841,0,0,0,0
-6.822,-10.0741,0,0,0,0
-6.812,-10.0641,0,0,0,0
-6.802,-10.0541,0,0,0,0
-6.792,-10.0441,0,0,0,0
-6.782,-10.0341,0,0,0,0
-6.772,-10.0241,0,0,0,0
-6.762,-10.0141,0,0,0,0
-6.752,-10.0041,0,0,0,0
-6.742,-9.9941,0,0,0,0
-6.732,-9.9841,0,0,0,0
-6.722,-9.9741,0,0,0,0
-6.712,-9.9641,0,0,0,0
-6.702,-9.9541,0,0,0,0
-6.692,-9.9441,0,0,0,0
-6.682,-9.9341,0,0,0,0
-6.672,-9.9241,0,0,0,0
-6.662,-9.9141,0,0,0,0
-6.652,-9.9041,0,0,0,0
-6.642,-9.8941,0,0,0,0
-6.632,-9.8841,0,0,0,0
-6.622,-9.8741,0,0,0,0
-6.612,-9.8641,0,0,0,0
-6.602,-9.8541,0,0,0,0
-6.592,-9.8441,0,0,0,0
-6.582,-9.8341,0,0,0,0
-6.572,-9.8241,0,0,0,0
-6.562,-9.8141,0,0,0,0
-6.552,-9.8041,0,0,0,0
-6.542,-9.7941,0,0,0,0
-6.532,-9.7841,0,0,0,0
-6.522,-9.7741,9.28e-17,3.5974e-13,1.155e-23,4e-13
-6.512,-9.7641,2.64e-16,1.02308e-12,3.3e-23,1.138e-12
-6.502,-9.7541,7.36e-16,2.8564e-12,9.18e-23,3.18e-12
-6.492,-9.7441,2.008e-15,7.788e-12,2.5e-22,8.64e-12
-6.482,-9.7341,5.36e-15,2.0756e-11,6.67e-22,2.3e-11
-6.472,-9.7241,1.396e-14,5.418e-11,1.741e-21,6.02e-11
-6.462,-9.7141,3.56e-14,1.381e-10,4.44e-21,1.534e-10
-6.452,-9.7041,8.88e-14,3.45e-10,1.109e-20,3.84e-10
-6.442,-9.6941,7.06e-13,8.4412e-10,2.22e-15,9.38e-10
-6.432,-9.6841,2.206e-12,2.0186e-09,7.24e-15,2.24e-09
-6.422,-9.6741,5.906e-12,4.7154e-09,2.02e-14,5.24e-09
-6.412,-9.6641,1.564e-11,1.07986e-08,5.52e-14,1.2e-08
-6.402,-9.6541,4.062e-11,2.4146e-08,1.472e-13,2.68e-08
-6.392,-9.6441,1.034e-10,5.2838e-08,3.84e-13,5.88e-08
-6.382,-9.6341,2.588e-10,1.13064e-07,9.82e-13,1.26e-07
-6.372,-9.6241,6.38e-10,2.3706e-07,2.46e-12,2.64e-07
-6.362,-9.6141,1.532e-09,4.863e-07,6e-12,5.42e-07
-6.352,-9.6041,3.622e-09,9.7678e-07,1.436e-11,1.086e-06
-6.342,-9.5941,8.4e-09,1.916e-06,3.36e-11,2.14e-06
-6.332,-9.5841,1.904e-08,3.6764e-06,7.7e-11,4.1e-06
-6.322,-9.5741,4.232e-08,6.907e-06,1.724e-10,7.72e-06
-6.312,-9.5641,9.2e-08,1.272e-05,3.78e-10,1.424e-05
-6.302,-9.5541,1.966e-07,2.2934e-05,8.08e-10,2.56e-05
-6.292,-9.5441,4.104e-07,4.0418e-05,1.696e-09,4.54e-05
-6.282,-9.5341,8.4e-07,6.9724e-05,3.48e-09,7.84e-05
-6.272,-9.5241,1.682e-06,0.000118168,6.98e-09,0.000133
-6.262,-9.5141,3.296e-06,0.00019572,1.37e-08,0.000222
-6.252,-9.5041,6.316e-06,0.00031778,2.64e-08,0.00036
-6.242,-9.4941,1.188e-05,0.00050542,4.94e-08,0.000574
-6.232,-9.4841,2.182e-05,0.00078844,9.08e-08,0.0009
-6.222,-9.4741,3.924e-05,0.00120408,1.634e-07,0.001384
-6.212,-9.4641,6.92e-05,0.001812,2.88e-07,0.0021
-6.202,-9.4541,0.000119,0.0026692,4.96e-07,0.0031
-6.192,-9.4441,0.000201,0.003863,8.34e-07,0.00452
-6.182,-9.4341,0.000332,0.0054952,1.378e-06,0.00648
-6.172,-9.4241,0.000537,0.0076912,2.22e-06,0.00916
-6.162,-9.4141,0.00085,0.0105916,3.52e-06,0.01274
-6.152,-9.4041,0.001318,0.014322,5.44e-06,0.01746
-6.142,-9.3941,0.002004,0.019158,8.24e-06,0.0236
-6.132,-9.3841,0.002986,0.025212,1.222e-05,0.0314
-6.122,-9.3741,0.004358,0.032716,1.774e-05,0.0414
-6.112,-9.3641,0.006244,0.04185,2.52e-05,0.0538
-6.102,-9.3541,0.00874,0.052932,3.52e-05,0.069
-6.092,-9.3441,0.01204,0.06592,4.82e-05,0.0874
-6.082,-9.3341,0.01626,0.081506,6.46e-05,0.1094
-6.072,-9.3241,0.0216,0.099268,8.5e-05,0.1354
-6.062,-9.3141,0.02814,0.11942,0.0001096,0.1654
-6.052,-9.3041,0.03608,0.14192,0.000139,0.1998
-6.042,-9.2941,0.04552,0.16686,0.0001732,0.238
-6.032,-9.2841,0.05652,0.19394,0.000212,0.282
-6.022,-9.2741,0.069,0.2224,0.000256,0.328
-6.012,-9.2641,0.0834,0.2518,0.000304,0.378
-6.002,-9.2541,0.099,0.2819,0.000354,0.43
-5.992,-9.2441,0.1168,0.31228,0.000408,0.484
-5.982,-9.2341,0.1356,0.34146,0.000466,0.538
-5.972,-9.2241,0.1556,0.36964,0.000522,0.594
-5.962,-9.2141,0.1766,0.39596,0.00058,0.648
-5.952,-9.2041,0.199,0.42022,0.000638,0.702
-5.942,-9.1941,0.2222,0.4414,0.000696,0.754
-5.932,-9.1841,0.246,0.46004,0.00075,0.804
-5.922,-9.1741,0.2706,0.4755,0.000802,0.85
-5.912,-9.1641,0.296,0.48766,0.000852,0.896
-5.902,-9.1541,0.322,0.49768,0.0009,0.94
-5.892,-9.1441,0.3492,0.50504,0.000944,0.984
-5.882,-9.1341,0.3784,0.5105,0.000988,1.026
-5.872,-9.1241,0.4096,0.5152,0.00103,1.072
-5.862,-9.1141,0.4442,0.51892,0.001072,1.12
-5.852,-9.1041,0.482,0.52238,0.001116,1.174
-5.842,-9.0941,0.5244,0.52724,0.00116,1.234
-5.832,-9.0841,0.5712,0.53292,0.001208,1.302
-5.822,-9.0741,0.624,0.54042,0.001258,1.378
-5.812,-9.0641,0.678,0.54964,0.001308,1.462
-5.802,-9.0541,0.74,0.56032,0.001362,1.552
-5.792,-9.0441,0.804,0.57208,0.001414,1.648
-5.782,-9.0341,0.87,0.584,0.001462,1.748
-5.772,-9.0241,0.936,0.596,0.001506,1.848
-5.762,-9.0141,1.002,0.6062,0.001544,1.946
-5.752,-9.0041,1.066,0.6162,0.00157,2.04
-5.742,-8.9941,1.13,0.6224,0.001586,2.14
-5.732,-8.9841,1.188,0.6242,0.00159,2.22
-5.722,-8.9741,1.248,0.6236,0.001582,2.3
-5.712,-8.9641,1.304,0.6216,0.00156,2.38
-5.702,-8.9541,1.366,0.616,0.00153,2.46
-5.692,-8.9441,1.426,0.6076,0.001492,2.54
-5.682,-8.9341,1.496,0.5988,0.00145,2.62
-5.672,-8.9241,1.578,0.5908,0.001406,2.74
-5.662,-8.9141,1.666,0.5836,0.001364,2.86
-5.652,-8.9041,1.766,0.5782,0.001326,3
-5.642,-8.8941,1.882,0.5768,0.001294,3.18
-5.632,-8.8841,2.008,0.5766,0.001268,3.36
-5.622,-8.8741,2.144,0.5764,0.001246,3.56
-5.612,-8.8641,2.286,0.5792,0.00123,3.78
-5.602,-8.8541,2.436,0.5826,0.001216,4
-5.592,-8.8441,2.588,0.5856,0.001204,4.24
-5.582,-8.8341,2.742,0.5886,0.001188,4.48
-5.572,-8.8241,2.894,0.5872,0.001168,4.7
-5.562,-8.8141,3.042,0.5846,0.001142,4.94
-5.552,-8.8041,3.186,0.5772,0.00111,5.16
-5.542,-8.7941,3.328,0.5674,0.00107,5.38
-5.532,-8.7841,3.468,0.5548,0.001022,5.58
-5.522,-8.7741,3.598,0.5392,0.00097,5.78
-5.512,-8.7641,3.726,0.5212,0.000912,5.98
-5.502,-8.7541,3.85,0.5016,0.000852,6.16
-5.492,-8.7441,3.958,0.4802,0.00079,6.34
-5.482,-8.7341,4.056,0.4576,0.00073,6.48
-5.472,-8.7241,4.132,0.4344,0.000672,6.6
-5.462,-8.7141,4.182,0.4104,0.000616,6.68
-5.452,-8.7041,4.202,0.3852,0.000562,6.7
-5.442,-8.6941,4.186,0.3598,0.000512,6.68
-5.432,-8.6841,4.126,0.3342,0.000466,6.58
-5.422,-8.6741,4.022,0.3078,0.000422,6.42
-5.412,-8.6641,3.872,0.2806,0.00038,6.18
-5.402,-8.6541,3.684,0.25356,0.00034,5.88
-5.392,-8.6441,3.452,0.22678,0.000302,5.52
-5.382,-8.6341,3.19,0.20032,0.000266,5.1
-5.372,-8.6241,2.904,0.17474,0.000234,4.64
-5.362,-8.6141,2.602,0.15016,0.000202,4.16
-5.352,-8.6041,2.294,0.12772,0.0001714,3.66
-5.342,-8.5941,1.99,0.10668,0.0001442,3.18
-5.332,-8.5841,1.696,0.08786,0.0001196,2.72
-5.322,-8.5741,1.422,0.07112,9.76e-05,2.28
-5.312,-8.5641,1.172,0.05678,7.84e-05,1.876
-5.302,-8.5541,0.946,0.04458,6.2e-05,1.518
-5.292,-8.5441,0.752,0.03438,4.82e-05,1.206
-5.282,-8.5341,0.5884,0.026096,3.68e-05,0.942
-5.272,-8.5241,0.4496,0.019484,2.76e-05,0.72
-5.262,-8.5141,0.338,0.014274,2.02e-05,0.542
-5.252,-8.5041,0.249,0.010262,1.466e-05,0.4
-5.242,-8.4941,0.18,0.007276,1.04e-05,0.29
-5.232,-8.4841,0.1278,0.005046,7.24e-06,0.206
-5.222,-8.4741,0.0888,0.00344,4.96e-06,0.1428
-5.212,-8.4641,0.06068,0.0023016,3.32e-06,0.0974
-5.202,-8.4541,0.04056,0.001513,2.18e-06,0.0652
-5.192,-8.4441,0.0266,0.0009758,1.404e-06,0.0428
-5.182,-8.4341,0.0171,0.0006162,8.88e-07,0.0274
-5.172,-8.4241,0.01078,0.0003822,5.5e-07,0.01728
-5.162,-8.4141,0.00664,0.00023252,3.34e-07,0.01068
-5.152,-8.4041,0.004016,0.0001385,1.982e-07,0.00646
-5.142,-8.3941,0.002378,8.104e-05,1.156e-07,0.00382
-5.132,-8.3841,0.00138,4.652e-05,6.6e-08,0.00222
-5.122,-8.3741,0.000784,2.6152e-05,3.7e-08,0.001262
-5.112,-8.3641,0.0004374,1.4406e-05,2.02e-08,0.000704
-5.102,-8.3541,0.0002386,7.766e-06,1.088e-08,0.000384
-5.092,-8.3441,0.0001274,4.116e-06,5.72e-09,0.000206
-5.082,-8.3341,6.676e-05,2.1332e-06,2.94e-09,0.0001074
-5.072,-8.3241,3.42e-05,1.0834e-06,1.486e-09,5.5e-05
-5.062,-8.3141,1.718e-05,5.396e-07,7.34e-10,2.76e-05
-5.052,-8.3041,8.44e-06,2.6292e-07,3.56e-10,1.358e-05
-5.042,-8.2941,4.062e-06,1.2554e-07,1.684e-10,6.54e-06
-5.032,-8.2841,1.914e-06,5.872e-08,7.82e-11,3.08e-06
-5.022,-8.2741,8.84e-07,2.69e-08,3.54e-11,1.42e-06
-5.012,-8.2641,3.988e-07,1.2086e-08,1.578e-11,6.42e-07
-5.002,-8.2541,1.762e-07,5.302e-09,6.88e-12,2.84e-07
-4.992,-8.2441,7.64e-08,2.2824e-09,2.94e-12,1.23e-07
-4.982,-8.2341,3.238e-08,9.594e-10,1.224e-12,5.2e-08
-4.972,-8.2241,1.342e-08,3.9648e-10,5e-13,2.16e-08
-4.962,-8.2141,5.448e-09,1.598e-10,1.998e-13,8.78e-09
-4.952,-8.2041,2.168e-09,6.322e-11,7.82e-14,3.48e-09
-4.942,-8.1941,8.42e-10,2.4416e-11,2.98e-14,1.356e-09
-4.932,-8.1841,3.2e-10,9.184e-12,1.112e-14,5.16e-10
-4.922,-8.1741,1.194e-10,3.4204e-12,4.08e-15,1.924e-10
-4.912,-8.1641,4.144e-11,1.154e-12,1.302e-15,6.68e-11
-4.902,-8.1541,1.444e-11,3.9516e-13,4.38e-16,2.32e-11
-4.892,-8.1441,3.274e-12,8.202e-14,3.36e-17,5.26e-12
-4.882,-8.1341,1.14e-12,2.855e-14,1.172e-17,1.83e-12
-4.872,-8.1241,0,0,0,0
-4.862,-8.1141,0,0,0,0
-4.852,-8.1041,0,0,0,0
-4.842,-8.0941,0,0,0,0
-4.832,-8.0841,0,0,0,0
-4.822,-8.0741,0,0,0,0
-4.812,-8.0641,0,0,0,0
-4.802,-8.0541,0,0,0,0
-4.792,-8.0441,0,0,0,0
-4.782,-8.0341,0,0,0,0
-4.772,-8.0241,0,0,0,0
-4.762,-8.0141,0,0,0,0
-4.752,-8.0041,0,0,0,0
-4.742,-7.9941,0,0,0,0
-4.732,-7.9841,0,0,0,0
-4.722,-7.9741,0,0,0,0
-4.712,-7.9641,0,0,0,0
-4.702,-7.9541,0,0,0,0
-4.692,-7.9441,0,0,0,0
-4.682,-7.9341,0,0,0,0
-4.672,-7.9241,0,0,0,0
-4.662,-7.9141,0,0,0,0
-4.652,-7.9041,0,0,0,0
-4.642,-7.8941,0,0,0,0
-4.632,-7.8841,0,0,0,0
-4.622,-7.8741,0,0,0,0
-4.612,-7.8641,0,0,0,0
-4.602,-7.8541,0,0,0,0
-4.592,-7.8441,0,0,0,0
-4.582,-7.8341,0,0,0,0
-4.572,-7.8241,0,0,0,0
-4.562,-7.8141,0,0,0,0
-4.552,-7.8041,0,0,0,0
-4.542,-7.7941,0,0,0,0
-4.532,-7.7841,0,0,0,0
-4.522,-7.7741,0,0,0,0
-4.512,-7.7641,0,0,0,0
-4.502,-7.7541,0,0,0,0
-4.492,-7.7441,0,0,0,0
-4.482,-7.7341,0,0,0,0
-4.472,-7.7241,0,0,0,0
-4.462,-7.7141,0,0,0,0
-4.452,-7.7041,0,0,0,0
-4.442,-7.6941,0,0,0,0
-4.432,-7.6841,0,0,0,0
-4.422,-7.6741,0,0,0,0
-4.412,-7.6641,0,0,0,0
-4.402,-7.6541,0,0,0,0
-4.392,-7.6441,0,0,0,0
-4.382,-7.6341,0,0,0,0
-4.372,-7.6241,0,0,0,0
-4.362,-7.6141,0,0,0,0
-4.352,-7.6041,0,0,0,0
-4.342,-7.5941,0,0,0,0
-4.332,-7.5841,0,0,0,0
-4.322,-7.5741,0,0,0,0
-4.312,-7.5641,0,0,0,0
-4.302,-7.5541,0,0,0,0
-4.292,-7.5441,0,0,0,0
-4.282,-7.5341,0,0,0,0
-4.272,-7.5241,0,0,0,0
-4.262,-7.5141,0,0,0,0
-4.252,-7.5041,0,0,0,0
-4.242,-7.4941,0,0,0,0
-4.232,-7.4841,0,0,0,0
-4.222,-7.4741,0,0,0,0
-4.212,-7.4641,0,0,0,0
-4.202,-7.4541,0,0,0,0
-4.192,-7.4441,0,0,0,0
-4.182,-7.4341,0,0,0,0
-4.172,-7.4241,0,0,0,0
-4.162,-7.4141,0,0,0,0
-4.152,-7.4041,0,0,0,0
-4.142,-7.3941,0,0,0,0
-4.132,-7.3841,0,0,0,0
-4.122,-7.3741,0,0,0,0
-4.112,-7.3641,0,0,0,0
-4.102,-7.3541,0,0,0,0
-4.092,-7.3441,0,0,0,0
-4.082,-7.3341,0,0,0,0
-4.072,-7.3241,0,0,0,0
-4.062,-7.3141,0,0,0,0
-4.052,-7.3041,0,0,0,0
-4.042,-7.2941,0,0,0,0
-4.032,-7.2841,0,0,0,0
-4.022,-7.2741,0,0,0,0
-4.012,-7.2641,0,0,0,0
-4.002,-7.2541,0,0,0,0
-3.992,-7.2441,0,0,0,0
-3.982,-7.2341,0,0,0,0
-3.972,-7.2241,0,0,0,0
-3.962,-7.2141,0,0,0,0
-3.952,-7.2041,0,0,0,0
-3.942,-7.1941,0,0,0,0
-3.932,-7.1841,0,0,0,0
-3.922,-7.1741,0,0,0,0
-3.912,-7.1641,0,0,0,0
-3.902,-7.1541,0,0,0,0
-3.892,-7.1441,0,0,0,0
-3.882,-7.1341,0,0,0,0
-3.872,-7.1241,0,0,0,0
-3.862,-7.1141,0,0,0,0
-3.852,-7.1041,0,0,0,0
-3.842,-7.0941,0,0,0,0
-3.832,-7.0841,0,0,0,0
-3.822,-7.0741,0,0,0,0
-3.812,-7.0641,0,0,0,0
-3.802,-7.0541,0,0,0,0
-3.792,-7.0441,0,0,0,0
-3.782,-7.0341,0,0,0,0
-3.772,-7.0241,0,0,0,0
-3.762,-7.0141,0,0,0,0
-3.752,-7.0041,0,0,0,0
-3.742,-6.9941,0,0,0,0
-3.732,-6.9841,0,0,0,0
-3.722,-6.9741,0,0,0,0
-3.712,-6.9641,0,0,0,0
-3.702,-6.9541,0,0,0,0
-3.692,-6.9441,0,0,0,0
-3.682,-6.9341,0,0,0,0
-3.672,-6.9241,0,0,0,0
-3.662,-6.9141,0,0,0,0
-3.652,-6.9041,0,0,0,0
-3.642,-6.8941,0,0,0,0
-3.632,-6.8841,0,0,0,0
-3.622,-6.8741,0,0,0,0
-3.612,-6.8641,0,0,0,0
-3.602,-6.8541,0,0,0,0
-3.592,-6.8441,0,0,0,0
-3.582,-6.8341,0,0,0,0
-3.572,-6.8241,0,0,0,0
-3.562,-6.8141,0,0,0,0
-3.552,-6.8041,0,0,0,0
-3.542,-6.7941,0,0,0,0
-3.532,-6.7841,0,0,0,0
-3.522,-6.7741,0,0,0,0
-3.512,-6.7641,0,0,0,0
-3.502,-6.7541,0,0,0,0
-3.492,-6.7441,0,0,0,0
-3.482,-6.7341,0,0,0,0
-3.472,-6.7241,0,0,0,0
-3.462,-6.7141,0,0,0,0
-3.452,-6.7041,0,0,0,0
-3.442,-6.6941,0,0,0,0
-3.432,-6.6841,0,0,0,0
-3.422,-6.6741,0,0,0,0
-3.412,-6.6641,0,0,0,0
-3.402,-6.6541,0,0,0,0
-3.392,-6.6441,0,0,0,0
-3.382,-6.6341,0,0,0,0
-3.372,-6.6241,0,0,0,0
-3.362,-6.6141,0,0,0,0
-3.352,-6.6041,0,0,0,0
-3.342,-6.5941,0,0,0,0
-3.332,-6.5841,0,0,0,0
-3.322,-6.5741,0,0,0,0
-3.312,-6.5641,0,0,0,0
-3.302,-6.5541,0,0,0,0
-3.292,-6.5441,0,0,0,0
-3.282,-6.5341,0,0,0,0
-3.272,-6.5241,0,0,0,0
-3.262,-6.5141,0,0,0,0
-3.252,-6.5041,0,0,0,0
-3.242,-6.4941,0,0,0,0
-3.232,-6.4841,0,0,0,0
-3.222,-6.4741,0,0,0,0
-3.212,-6.4641,0,0,0,0
-3.202,-6.4541,0,0,0,0
-3.192,-6.4441,0,0,0,0
-3.182,-6.4341,0,0,0,0
-3.172,-6.4241,0,0,0,0
-3.162,-6.4141,0,0,0,0
-3.152,-6.4041,0,0,0,0
-3.142,-6.3941,0,0,0,0
-3.132,-6.3841,0,0,0,0
-3.122,-6.3741,0,0,0,0
-3.112,-6.3641,0,0,0,0
-3.102,-6.3541,0,0,0,0
-3.092,-6.3441,0,0,0,0
-3.082,-6.3341,0,0,0,0
-3.072,-6.3241,0,0,0,0
-3.062,-6.3141,0,0,0,0
-3.052,-6.3041,0,0,0,0
-3.042,-6.2941,0,0,0,0
-3.032,-6.2841,0,0,0,0
-3.022,-6.2741,0,0,0,0
-3.012,-6.2641,0,0,0,0
-3.002,-6.2541,0,0,0,0
-2.992,-6.2441,0,0,0,0
-2.982,-6.2341,0,0,0,0
-2.972,-6.2241,0,0,0,0
-2.962,-6.2141,0,0,0,0
-2.952,-6.2041,0,0,0,0
-2.942,-6.1941,0,0,0,0
-2.932,-6.1841,0,0,0,0
-2.922,-6.1741,0,0,0,0
-2.912,-6.1641,0,0,0,0
-2.902,-6.1541,0,0,0,0
-2.892,-6.1441,0,0,0,0
-2.882,-6.1341,0,0,0,0
-2.872,-6.1241,0,0,0,0
-2.862,-6.1141,0,0,0,0
-2.852,-6.1041,0,0,0,0
-2.842,-6.0941,0,0,0,0
-2.832,-6.0841,0,0,0,0
-2.822,-6.0741,0,0,0,0
-2.812,-6.0641,0,0,0,0
-2.802,-6.0541,0,0,0,0
-2.792,-6.0441,0,0,0,0
-2.782,-6.0341,0,0,0,0
-2.772,-6.0241,0,0,0,0
-2.762,-6.0141,0,0,0,0
-2.752,-6.0041,0,0,0,0
-2.742,-5.9941,0,0,0,0
-2.732,-5.9841,0,0,0,0
-2.722,-5.9741,0,0,0,0
-2.712,-5.9641,0,0,0,0
-2.702,-5.9541,0,0,0,0
-2.692,-5.9441,0,0,0,0
-2.682,-5.9341,0,0,0,0
-2.672,-5.9241,0,0,0,0
-2.662,-5.9141,0,0,0,0
-2.652,-5.9041,0,0,0,0
-2.642,-5.8941,0,0,0,0
-2.632,-5.8841,0,0,0,0
-2.622,-5.8741,0,0,0,0
-2.612,-5.8641,0,0,0,0
-2.602,-5.8541,0,0,0,0
-2.592,-5.8441,0,0,0,0
-2.582,-5.8341,0,0,0,0
-2.572,-5.8241,0,0,0,0
-2.562,-5.8141,0,0,0,0
-2.552,-5.8041,0,0,0,0
-2.542,-5.7941,0,0,0,0
-2.532,-5.7841,0,0,0,0
-2.522,-5.7741,0,0,0,0
-2.512,-5.7641,0,0,0,0
-2.502,-5.7541,0,0,0,0
-2.492,-5.7441,0,0,0,0
-2.482,-5.7341,0,0,0,0
-2.472,-5.7241,0,0,0,0
-2.462,-5.7141,0,0,0,0
-2.452,-5.7041,0,0,0,0
-2.442,-5.6941,0,0,0,0
-2.432,-5.6841,0,0,0,0
-2.422,-5.6741,0,0,0,0
-2.412,-5.6641,0,0,0,0
-2.402,-5.6541,0,0,0,0
-2.392,-5.6441,0,0,0,0
-2.382,-5.6341,0,0,0,0
-2.372,-5.6241,0,0,0,0
-2.362,-5.6141,0,0,0,0
-2.352,-5.6041,0,0,0,0
-2.342,-5.5941,0,0,0,0
-2.332,-5.5841,0,0,0,0
-2.322,-5.5741,0,0,0,0
-2.312,-5.5641,0,0,0,0
-2.302,-5.5541,0,0,0,0
-2.292,-5.5441,0,0,0,0
-2.282,-5.5341,0,0,0,0
-2.272,-5.5241,0,0,0,0
-2.262,-5.5141,0,0,0,0
-2.252,-5.5041,0,0,0,0
-2.242,-5.4941,0,0,0,0
-2.232,-5.4841,0,0,0,0
-2.222,-5.4741,0,0,0,0
-2.212,-5.4641,0,0,0,0
-2.202,-5.4541,0,0,0,0
-2.192,-5.4441,0,0,0,0
-2.182,-5.4341,0,0,0,0
-2.172,-5.4241,0,0,0,0
-2.162,-5.4141,0,0,0,0
-2.152,-5.4041,0,0,0,0
-2.142,-5.3941,0,0,0,0
-2.132,-5.3841,0,0,0,0
-2.122,-5.3741,0,0,0,0
-2.112,-5.3641,0,0,0,0
-2.102,-5.3541,0,0,0,0
-2.092,-5.3441,0,0,0,0
-2.082,-5.3341,0,0,0,0
-2.072,-5.3241,0,0,0,0
-2.062,-5.3141,0,0,0,0
-2.052,-5.3041,0,0,0,0
-2.042,-5.2941,0,0,0,0
-2.032,-5.2841,0,0,0,0
-2.022,-5.2741,0,0,0,0
-2.012,-5.2641,0,0,0,0
-2.002,-5.2541,0,0,0,0
-1.992,-5.2441,0,0,0,0
-1.982,-5.2341,0,0,0,0
-1.972,-5.2241,0,0,0,0
-1.962,-5.2141,0,0,0,0
-1.952,-5.2041,0,0,0,0
-1.942,-5.1941,0,0,0,0
-1.932,-5.1841,0,0,0,0
-1.922,-5.1741,0,0,0,0
-1.912,-5.1641,0,0,0,0
-1.902,-5.1541,0,0,0,0
-1.892,-5.1441,0,0,0,0
-1.882,-5.1341,0,0,0,0
-1.872,-5.1241,0,0,0,0
-1.862,-5.1141,0,0,0,0
-1.852,-5.1041,0,0,0,0
-1.842,-5.0941,0,0,0,0
-1.832,-5.0841,0,0,0,0
-1.822,-5.0741,0,0,0,0
-1.812,-5.0641,0,0,0,0
-1.802,-5.0541,0,0,0,0
-1.792,-5.0441,0,0,0,0
-1.782,-5.0341,0,0,0,0
-1.772,-5.0241,0,0,0,0
-1.762,-5.0141,0,0,0,0
-1.752,-5.0041,0,0,0,0
-1.742,-4.9941,0,0,0,0
-1.732,-4.9841,0,0,0,0
-1.722,-4.9741,0,0,0,0
-1.712,-4.9641,0,0,0,0
-1.702,-4.9541,0,0,0,0
-1.692,-4.9441,0,0,0,0
-1.682,-4.9341,0,0,0,0
-1.672,-4.9241,0,0,0,0
-1.662,-4.9141,0,0,0,0
-1.652,-4.9041,0,0,0,0
-1.642,-4.8941,0,0,0,0
-1.632,-4.8841,0,0,0,0
-1.622,-4.8741,0,0,0,0
-1.612,-4.8641,0,0,0,0
-1.602,-4.8541,0,0,0,0
-1.592,-4.8441,0,0,0,0
-1.582,-4.8341,0,0,0,0
-1.572,-4.8241,0,0,0,0
-1.562,-4.8141,0,0,0,0
-1.552,-4.8041,0,0,0,0
-1.542,-4.7941,0,0,0,0
-1.532,-4.7841,0,0,0,0
-1.522,-4.7741,0,0,0,0
-1.512,-4.7641,0,0,0,0
-1.502,-4.7541,0,0,0,0
-1.492,-4.7441,0,0,0,0
-1.482,-4.7341,0,0,0,0
-1.472,-4.7241,0,0,0,0
-1.462,-4.7141,0,0,0,0
-1.452,-4.7041,0,0,0,0
-1.442,-4.6941,0,0,0,0
-1.432,-4.6841,0,0,0,0
-1.422,-4.6741,0,0,0,0
-1.412,-4.6641,0,0,0,0
-1.402,-4.6541,0,0,0,0
-1.392,-4.6441,0,0,0,0
-1.382,-4.6341,0,0,0,0
-1.372,-4.6241,0,0,0,0
-1.362,-4.6141,0,0,0,0
-1.352,-4.6041,0,0,0,0
-1.342,-4.5941,0,0,0,0
-1.332,-4.5841,0,0,0,0
-1.322,-4.5741,0,0,0,0
-1.312,-4.5641,0,0,0,0
-1.302,-4.5541,0,0,0,0
-1.292,-4.5441,0,0,0,0
-1.282,-4.5341,0,0,0,0
-1.272,-4.5241,0,0,0,0
-1.262,-4.5141,0,0,0,0
-1.252,-4.5041,0,0,0,0
-1.242,-4.4941,0,0,0,0
-1.232,-4.4841,0,0,0,0
-1.222,-4.4741,0,0,0,0
-1.212,-4.4641,0,0,0,0
-1.202,-4.4541,0,0,0,0
-1.192,-4.4441,0,0,0,0
-1.182,-4.4341,0,0,0,0
-1.172,-4.4241,0,0,0,0
-1.162,-4.4141,0,0,0,0
-1.152,-4.4041,0,0,0,0
-1.142,-4.3941,0,0,0,0
-1.132,-4.3841,0,0,0,0
-1.122,-4.3741,0,0,0,0
-1.112,-4.3641,0,0,0,0
-1.102,-4.3541,0,0,0,0
-1.092,-4.3441,0,0,0,0
-1.082,-4.3341,0,0,0,0
-1.072,-4.3241,0,0,0,0
-1.062,-4.3141,0,0,0,0
-1.052,-4.3041,0,0,0,0
-1.042,-4.2941,0,0,0,0
-1.032,-4.2841,0,0,0,0
-1.022,-4.2741,0,0,0,0
-1.012,-4.2641,0,0,0,0
-1.002,-4.2541,0,0,0,0
-0.992,-4.2441,0,0,0,0
-0.982,-4.2341,0,0,0,0
-0.972,-4.2241,0,0,0,0
-0.962,-4.2141,0,0,0,0
-0.952,-4.2041,0,0,0,0
-0.942,-4.1941,0,0,0,0
-0.932,-4.1841,0,0,0,0
-0.922,-4.1741,0,0,0,0
-0.912,-4.1641,0,0,0,0
-0.902,-4.1541,0,0,0,0
-0.892,-4.1441,0,0,0,0
-0.882,-4.1341,0,0,0,0
-0.872,-4.1241,0,0,0,0
-0.862,-4.1141,0,0,0,0
-0.852,-4.1041,0,0,0,0
-0.842,-4.0941,0,0,0,0
-0.832,-4.0841,0,0,0,0
-0.822,-4.0741,0,0,0,0
-0.812,-4.0641,0,0,0,0
-0.802,-4.0541,0,0,0,0
-0.792,-4.0441,0,0,0,0
-0.782,-4.0341,0,0,0,0
-0.772,-4.0241,0,0,0,0
-0.762,-4.0141,0,0,0,0
-0.752,-4.0041,0,0,0,0
-0.742,-3.9941,0,0,0,0
-0.732,-3.9841,0,0,0,0
-0.722,-3.9741,0,0,0,0
-0.712,-3.9641,0,0,0,0
-0.702,-3.9541,0,0,0,0
-0.692,-3.9441,0,0,0,0
-0.682,-3.9341,0,0,0,0
-0.672,-3.9241,0,0,0,0
-0.662,-3.9141,0,0,0,0
-0.652,-3.9041,0,0,0,0
-0.642,-3.8941,0,0,0,0
-0.632,-3.8841,0,0,0,0
-0.622,-3.8741,0,0,0,0
-0.612,-3.8641,0,0,0,0
-0.602,-3.8541,0,0,0,0
-0.592,-3.8441,0,0,0,0
-0.582,-3.8341,0,0,0,0
-0.572,-3.8241,0,0,0,0
-0.562,-3.8141,0,0,0,0
-0.552,-3.8041,0,0,0,0
-0.542,-3.7941,3.04e-13,1.3232e-13,2.8e-13,3.89e-29
-0.532,-3.7841,8.676e-13,3.772e-13,7.98e-13,1.109e-28
-0.522,-3.7741,2.42e-12,1.0536e-12,2.22e-12,3.1e-28
-0.512,-3.7641,6.608e-12,2.872e-12,6.08e-12,8.46e-28
-0.502,-3.7541,1.764e-11,7.656e-12,1.622e-11,2.254e-27
-0.492,-3.7441,4.604e-11,2.0064e-11,4.24e-11,5.9e-27
-0.482,-3.7341,1.176e-10,5.104e-11,1.082e-10,1.506e-26
-0.472,-3.7241,2.94e-10,1.28e-10,2.7e-10,3.77e-26
-0.462,-3.7141,7.196e-10,3.128e-10,6.62e-10,9.21e-26
-0.452,-3.7041,1.718e-09,7.464e-10,1.582e-09,2.204e-25
-0.442,-3.6941,4.016e-09,1.7512e-09,3.7e-09,5.15e-25
-0.432,-3.6841,9.204e-09,4.004e-09,8.46e-09,1.178e-24
-0.422,-3.6741,2.062e-08,8.952e-09,1.894e-08,2.636e-24
-0.412,-3.6641,4.508e-08,1.9632e-08,4.14e-08,5.78e-24
-0.402,-3.6541,9.664e-08,4.204e-08,8.88e-08,1.236e-23
-0.392,-3.6441,2.024e-07,8.808e-08,1.862e-07,2.59e-23
-0.382,-3.6341,4.144e-07,1.8048e-07,3.82e-07,5.31e-23
-0.372,-3.6241,8.316e-07,3.62e-07,7.64e-07,1.065e-22
-0.362,-3.6141,1.632e-06,7.076e-07,1.5e-06,2.085e-22
-0.352,-3.6041,3.126e-06,1.3616e-06,2.88e-06,4e-22
-0.342,-3.5941,5.88e-06,2.556e-06,5.4e-06,7.52e-22
-0.332,-3.5841,1.076e-05,4.688e-06,9.92e-06,1.379e-21
-0.322,-3.5741,1.932e-05,8.42e-06,1.78e-05,2.48e-21
-0.312,-3.5641,3.392e-05,1.4776e-05,3.12e-05,4.35e-21
-0.302,-3.5541,5.848e-05,2.54e-05,5.36e-05,7.47e-21
-0.292,-3.5441,9.804e-05,4.268e-05,9.02e-05,1.256e-20
-0.282,-3.5341,0.0001614,7.024e-05,0.0001484,1.31e-14
-0.272,-3.5241,0.0002594,0.00011304,0.000238,3.76e-14
-0.262,-3.5141,0.000408,0.00017756,0.000376,1.434e-13
-0.252,-3.5041,0.000628,0.0002732,0.000578,3.96e-13
-0.242,-3.4941,0.0009464,0.0004116,0.00087,1.074e-12
-0.232,-3.4841,0.001396,0.0006064,0.001282,2.88e-12
-0.222,-3.4741,0.00201,0.0008756,0.001848,7.46e-12
-0.212,-3.4641,0.002834,0.001232,0.0026,1.894e-11
-0.202,-3.4541,0.003912,0.0016992,0.0036,4.7e-11
-0.192,-3.4441,0.005292,0.0022956,0.00486,1.144e-10
-0.182,-3.4341,0.00698,0.00303601,0.00642,2.72e-10
-0.172,-3.4241,0.009052,0.00393601,0.00832,6.34e-10
-0.162,-3.4141,0.0115,0.00500003,0.01056,1.444e-09
-0.152,-3.4041,0.0143,0.00620806,0.01314,3.22e-09
-0.142,-3.3941,0.01744,0.00755613,0.01606,7.04e-09
-0.132,-3.3841,0.02092,0.00904829,0.01924,1.502e-08
-0.122,-3.3741,0.02464,0.0106806,0.0226,3.14e-08
-0.112,-3.3641,0.02864,0.0123652,0.0264,6.42e-08
-0.102,-3.3541,0.03286,0.0141464,0.0302,1.288e-07
-0.092,-3.3441,0.03724,0.0159808,0.0344,2.52e-07
-0.082,-3.3341,0.04212,0.0179532,0.0388,4.84e-07
-0.072,-3.3241,0.0472,0.0200772,0.0436,9.1e-07
-0.062,-3.3141,0.05308,0.0223996,0.049,1.674e-06
-0.052,-3.3041,0.0598,0.0250567,0.0554,3.02e-06
-0.042,-3.2941,0.06776,0.0281401,0.0626,5.32e-06
-0.032,-3.2841,0.07704,0.031773,0.0714,9.18e-06
-0.022,-3.2741,0.08804,0.036132,0.0818,1.552e-05
-0.012,-3.2641,0.101,0.0411634,0.094,2.56e-05
-0.002,-3.2541,0.116,0.046985,0.1084,4.16e-05
0.008,-3.2441,0.1332,0.053648,0.1246,6.6e-05
0.018,-3.2341,0.1522,0.061106,0.143,0.0001026
0.028,-3.2241,0.1728,0.069326,0.1634,0.0001562
0.038,-3.2141,0.1952,0.078036,0.1856,0.000232
0.048,-3.2041,0.219,0.087734,0.21,0.00034
0.058,-3.1941,0.2444,0.097854,0.236,0.000486
0.068,-3.1841,0.2716,0.10888,0.266,0.000682
0.078,-3.1741,0.3008,0.12106,0.298,0.000936
0.088,-3.1641,0.333,0.13416,0.336,0.001258
0.098,-3.1541,0.3688,0.14942,0.378,0.001658
0.108,-3.1441,0.4094,0.16666,0.428,0.00214
0.118,-3.1341,0.4556,0.18692,0.484,0.00272
0.128,-3.1241,0.5082,0.20972,0.548,0.00336
0.138,-3.1141,0.5674,0.2358,0.622,0.00408
0.148,-3.1041,0.6302,0.26456,0.704,0.00486
0.158,-3.0941,0.7012,0.2956,0.79,0.00568
0.168,-3.0841,0.774,0.32816,0.882,0.0065
0.178,-3.0741,0.846,0.3612,0.972,0.0073
0.188,-3.0641,0.916,0.39316,1.06,0.00802
0.198,-3.0541,0.98,0.4218,1.138,0.00866
0.208,-3.0441,1.03,0.4464,1.206,0.00914
0.218,-3.0341,1.072,0.4646,1.256,0.00948
0.228,-3.0241,1.094,0.4764,1.286,0.00966
0.238,-3.0141,1.1,0.4802,1.296,0.00964
0.248,-3.0041,1.088,0.4756,1.284,0.00948
0.258,-2.9941,1.06,0.4638,1.252,0.00914
0.268,-2.9841,1.022,0.4454,1.204,0.00872
0.278,-2.9741,0.968,0.4218,1.14,0.00822
0.288,-2.9641,0.91,0.39456,1.07,0.0077
0.298,-2.9541,0.848,0.36624,0.994,0.00724
0.308,-2.9441,0.792,0.338,0.922,0.00688
0.318,-2.9341,0.74,0.31232,0.858,0.0067
0.328,-2.9241,0.7,0.29074,0.808,0.00676
0.338,-2.9141,0.676,0.2753,0.774,0.00714
0.348,-2.9041,0.664,0.26716,0.762,0.0079
0.358,-2.8941,0.676,0.26694,0.776,0.00908
0.368,-2.8841,0.704,0.2766,0.818,0.0108
0.378,-2.8741,0.76,0.29618,0.89,0.01308
0.388,-2.8641,0.836,0.32662,0.994,0.016
0.398,-2.8541,0.938,0.3679,1.134,0.01962
0.408,-2.8441,1.064,0.4208,1.308,0.024
0.418,-2.8341,1.218,0.4852,1.516,0.029
0.428,-2.8241,1.394,0.5592,1.754,0.035
0.438,-2.8141,1.588,0.6432,2.02,0.0416
0.448,-2.8041,1.796,0.7328,2.32,0.0486
0.458,-2.7941,2.012,0.8294,2.62,0.0562
0.468,-2.7841,2.228,0.9216,2.92,0.064
0.478,-2.7741,2.438,1.0164,3.2,0.0718
0.488,-2.7641,2.63,1.1004,3.48,0.0792
0.498,-2.7541,2.79,1.1702,3.7,0.0858
0.508,-2.7441,2.92,1.226,3.88,0.0916
0.518,-2.7341,3,1.2672,4,0.096
0.528,-2.7241,3.036,1.2792,4.06,0.099
0.538,-2.7141,3.022,1.276,4.04,0.1004
0.548,-2.7041,2.96,1.254,3.98,0.1004
0.558,-2.6941,2.858,1.2072,3.84,0.099
0.568,-2.6841,2.718,1.1506,3.66,0.0968
0.578,-2.6741,2.558,1.0842,3.46,0.0938
0.588,-2.6641,2.384,1.009,3.24,0.0908
0.598,-2.6541,2.204,0.9338,3,0.088
0.608,-2.6441,2.038,0.8644,2.8,0.086
0.618,-2.6341,1.884,0.8058,2.6,0.085
0.628,-2.6241,1.754,0.7594,2.46,0.0856
0.638,-2.6141,1.654,0.7216,2.34,0.0874
0.648,-2.6041,1.58,0.701,2.26,0.0908
0.658,-2.5941,1.532,0.6886,2.22,0.0952
0.668,-2.5841,1.504,0.689,2.22,0.1004
0.678,-2.5741,1.494,0.6966,2.24,0.106
0.688,-2.5641,1.492,0.706,2.26,0.1112
0.698,-2.5541,1.494,0.7164,2.3,0.1156
0.708,-2.5441,1.488,0.7226,2.32,0.1186
0.718,-2.5341,1.474,0.7236,2.32,0.12
0.728,-2.5241,1.452,0.7146,2.3,0.1196
0.738,-2.5141,1.41,0.6998,2.24,0.117
0.748,-2.5041,1.358,0.6742,2.18,0.1126
0.758,-2.4941,1.294,0.6422,2.08,0.1066
0.768,-2.4841,1.228,0.60858,1.988,0.0994
0.778,-2.4741,1.16,0.56706,1.882,0.0912
0.788,-2.4641,1.096,0.52676,1.778,0.0826
0.798,-2.4541,1.04,0.48852,1.688,0.0742
0.808,-2.4441,1.002,0.45478,1.616,0.0664
0.818,-2.4341,0.986,0.42732,1.57,0.0594
0.828,-2.4241,0.986,0.40762,1.55,0.0534
0.838,-2.4141,1.008,0.39512,1.56,0.0486
0.848,-2.4041,1.046,0.39074,1.598,0.0452
0.858,-2.3941,1.102,0.39282,1.658,0.0432
0.868,-2.3841,1.17,0.40054,1.738,0.0422
0.878,-2.3741,1.244,0.41268,1.826,0.0424
0.888,-2.3641,1.314,0.42674,1.918,0.0436
0.898,-2.3541,1.38,0.44116,2,0.0454
0.908,-2.3441,1.434,0.45452,2.08,0.0478
0.918,-2.3341,1.47,0.4654,2.14,0.0508
0.928,-2.3241,1.49,0.473,2.16,0.054
0.938,-2.3141,1.486,0.4764,2.18,0.0572
0.948,-2.3041,1.466,0.47504,2.16,0.0604
0.958,-2.2941,1.422,0.46948,2.12,0.0634
0.968,-2.2841,1.362,0.45956,2.06,0.0662
0.978,-2.2741,1.29,0.44632,1.97,0.0686
0.988,-2.2641,1.206,0.42944,1.872,0.0704
0.998,-2.2541,1.12,0.40996,1.764,0.0716
1.008,-2.2441,1.03,0.3887,1.648,0.072
1.018,-2.2341,0.94,0.36658,1.53,0.0714
1.028,-2.2241,0.856,0.34286,1.412,0.0702
1.038,-2.2141,0.776,0.31924,1.298,0.068
1.048,-2.2041,0.702,0.29518,1.192,0.0648
1.058,-2.1941,0.64,0.27172,1.092,0.061
1.068,-2.1841,0.5852,0.24888,1,0.0564
1.078,-2.1741,0.5398,0.22694,0.92,0.0514
1.088,-2.1641,0.5024,0.2062,0.85,0.0462
1.098,-2.1541,0.4738,0.18736,0.79,0.0406
1.108,-2.1441,0.4524,0.16974,0.742,0.0352
1.118,-2.1341,0.438,0.1536,0.702,0.03
1.128,-2.1241,0.4286,0.13946,0.674,0.0252
1.138,-2.1141,0.424,0.12714,0.652,0.021
1.148,-2.1041,0.4222,0.11636,0.636,0.01738
1.158,-2.0941,0.4226,0.10776,0.626,0.01448
1.168,-2.0841,0.424,0.10048,0.62,0.01236
1.178,-2.0741,0.426,0.0946,0.618,0.01108
1.188,-2.0641,0.428,0.09052,0.62,0.01062
1.198,-2.0541,0.4302,0.08866,0.626,0.01106
1.208,-2.0441,0.4334,0.08824,0.636,0.01238
1.218,-2.0341,0.439,0.09052,0.654,0.0146
1.228,-2.0241,0.4476,0.09506,0.682,0.0177
1.238,-2.0141,0.4612,0.10256,0.718,0.0216
1.248,-2.0041,0.4814,0.11236,0.77,0.0264
1.258,-1.9941,0.5094,0.12566,0.836,0.0318
1.268,-1.9841,0.5466,0.14164,0.918,0.0378
1.278,-1.9741,0.5944,0.15952,1.016,0.044
1.288,-1.9641,0.65,0.18026,1.134,0.0502
1.298,-1.9541,0.718,0.20262,1.266,0.0564
1.308,-1.9441,0.798,0.22646,1.414,0.062
1.318,-1.9341,0.89,0.25144,1.58,0.067
1.328,-1.9241,0.988,0.27674,1.758,0.071
1.338,-1.9141,1.096,0.30238,1.95,0.0742
1.348,-1.9041,1.212,0.32828,2.16,0.0762
1.358,-1.8941,1.342,0.35388,2.38,0.0774
1.368,-1.8841,1.472,0.37968,2.6,0.0776
1.378,-1.8741,1.612,0.40532,2.84,0.0772
1.388,-1.8641,1.752,0.43044,3.1,0.0766
1.398,-1.8541,1.896,0.4554,3.34,0.0756
1.408,-1.8441,2.036,0.4796,3.6,0.0748
1.418,-1.8341,2.166,0.50176,3.84,0.0744
1.428,-1.8241,2.292,0.5222,4.06,0.0742
1.438,-1.8141,2.398,0.5398,4.26,0.0744
1.448,-1.8041,2.486,0.55348,4.42,0.075
1.458,-1.7941,2.554,0.5628,4.56,0.076
1.468,-1.7841,2.602,0.56748,4.66,0.0772
1.478,-1.7741,2.632,0.56688,4.72,0.0784
1.488,-1.7641,2.636,0.56164,4.74,0.0794
1.498,-1.7541,2.626,0.5522,4.74,0.0804
1.508,-1.7441,2.6,0.53924,4.7,0.0812
1.518,-1.7341,2.562,0.52356,4.66,0.0818
1.528,-1.7241,2.516,0.50588,4.58,0.082
1.538,-1.7141,2.464,0.48732,4.5,0.0822
1.548,-1.7041,2.406,0.4689,4.4,0.0824
1.558,-1.6941,2.344,0.45096,4.3,0.0826
1.568,-1.6841,2.276,0.4339,4.18,0.083
1.578,-1.6741,2.204,0.41812,4.06,0.0834
1.588,-1.6641,2.124,0.40288,3.92,0.084
1.598,-1.6541,2.04,0.3887,3.78,0.0844
1.608,-1.6441,1.944,0.37494,3.64,0.0848
1.618,-1.6341,1.85,0.36106,3.48,0.085
1.628,-1.6241,1.75,0.34656,3.32,0.0846
1.638,-1.6141,1.648,0.33126,3.16,0.0834
1.648,-1.6041,1.55,0.31516,3,0.0816
1.658,-1.5941,1.462,0.2985,2.84,0.0788
1.668,-1.5841,1.386,0.28108,2.72,0.0752
1.678,-1.5741,1.322,0.2635,2.62,0.0708
1.688,-1.5641,1.278,0.24648,2.54,0.0656
1.698,-1.5541,1.25,0.23004,2.5,0.06
1.708,-1.5441,1.244,0.21518,2.48,0.054
1.718,-1.5341,1.252,0.20194,2.5,0.048
1.728,-1.5241,1.276,0.19114,2.56,0.0422
1.738,-1.5141,1.312,0.18236,2.62,0.0366
1.748,-1.5041,1.352,0.176,2.7,0.0316
1.758,-1.4941,1.392,0.17142,2.78,0.027
1.768,-1.4841,1.428,0.16816,2.84,0.0232
1.778,-1.4741,1.452,0.16616,2.9,0.01976
1.788,-1.4641,1.468,0.16502,2.94,0.01692
1.798,-1.4541,1.468,0.16404,2.94,0.01456
1.808,-1.4441,1.454,0.16262,2.92,0.0126
1.818,-1.4341,1.426,0.16152,2.88,0.01096
1.828,-1.4241,1.388,0.15958,2.82,0.0096
1.838,-1.4141,1.338,0.15802,2.74,0.00848
1.848,-1.4041,1.29,0.15578,2.66,0.00752
1.858,-1.3941,1.238,0.15398,2.6,0.00674
1.868,-1.3841,1.198,0.1526,2.54,0.00612
1.878,-1.3741,1.164,0.1521,2.52,0.00566
1.888,-1.3641,1.152,0.15226,2.52,0.00532
1.898,-1.3541,1.15,0.15396,2.54,0.00514
1.908,-1.3441,1.17,0.15616,2.62,0.00508
1.918,-1.3341,1.208,0.15986,2.74,0.00518
1.928,-1.3241,1.264,0.16428,2.88,0.00538
1.938,-1.3141,1.34,0.16934,3.08,0.0057
1.948,-1.3041,1.434,0.17488,3.3,0.00614
1.958,-1.2941,1.536,0.18098,3.56,0.00666
1.968,-1.2841,1.65,0.18622,3.84,0.00728
1.978,-1.2741,1.77,0.19202,4.12,0.008
1.988,-1.2641,1.898,0.1967,4.44,0.00884
1.998,-1.2541,2.024,0.20066,4.76,0.00978
2.008,-1.2441,2.152,0.2043,5.08,0.01086
2.018,-1.2341,2.272,0.20684,5.38,0.01204
2.028,-1.2241,2.39,0.2093,5.68,0.01334
2.038,-1.2141,2.498,0.21044,5.96,0.01474
2.048,-1.2041,2.592,0.21132,6.22,0.01622
2.058,-1.1941,2.67,0.21154,6.44,0.01772
2.068,-1.1841,2.73,0.21068,6.62,0.01918
2.078,-1.1741,2.774,0.20904,6.76,0.0206
2.088,-1.1641,2.788,0.20632,6.82,0.0218
2.098,-1.1541,2.782,0.20258,6.84,0.0228
2.108,-1.1441,2.75,0.19782,6.78,0.0236
2.118,-1.1341,2.694,0.19206,6.68,0.0242
2.128,-1.1241,2.616,0.18526,6.5,0.0244
2.138,-1.1141,2.52,0.17748,6.28,0.0244
2.148,-1.1041,2.404,0.1691,6.02,0.0242
2.158,-1.0941,2.282,0.16034,5.74,0.0236
2.168,-1.0841,2.148,0.15226,5.44,0.0232
2.178,-1.0741,2.012,0.14442,5.12,0.0226
2.188,-1.0641,1.878,0.13726,4.8,0.022
2.198,-1.0541,1.744,0.13142,4.52,0.0214
2.208,-1.0441,1.622,0.12704,4.24,0.0208
2.218,-1.0341,1.51,0.12374,3.98,0.0206
2.228,-1.0241,1.406,0.12192,3.76,0.0202
2.238,-1.0141,1.312,0.12052,3.56,0.01992
2.248,-1.0041,1.226,0.12014,3.38,0.01964
2.258,-0.9941,1.148,0.11932,3.22,0.0193
2.268,-0.9841,1.078,0.11868,3.06,0.01884
2.278,-0.9741,1.012,0.11758,2.92,0.01824
2.288,-0.9641,0.948,0.115,2.78,0.01746
2.298,-0.9541,0.886,0.111944,2.64,0.01652
2.308,-0.9441,0.832,0.107532,2.52,0.0154
2.318,-0.9341,0.782,0.102248,2.38,0.01414
2.328,-0.9241,0.738,0.09598,2.28,0.01282
2.338,-0.9141,0.704,0.089284,2.18,0.01144
2.348,-0.9041,0.676,0.082308,2.12,0.0101
2.358,-0.8941,0.662,0.075328,2.08,0.00886
2.368,-0.8841,0.66,0.068676,2.08,0.00774
2.378,-0.8741,0.67,0.062916,2.1,0.00684
2.388,-0.8641,0.692,0.05792,2.16,0.00616
2.398,-0.8541,0.72,0.053868,2.26,0.00574
2.408,-0.8441,0.758,0.05098,2.38,0.00564
2.418,-0.8341,0.802,0.049072,2.52,0.00588
2.428,-0.8241,0.846,0.048368,2.68,0.00646
2.438,-0.8141,0.89,0.048656,2.82,0.0074
2.448,-0.8041,0.93,0.049636,2.96,0.00876
2.458,-0.7941,0.956,0.0517,3.08,0.01048
2.468,-0.7841,0.978,0.054612,3.18,0.0126
2.478,-0.7741,0.99,0.058116,3.24,0.01506
2.488,-0.7641,0.994,0.062156,3.3,0.01784
2.498,-0.7541,0.99,0.066624,3.32,0.0208
2.508,-0.7441,0.974,0.071172,3.34,0.024
2.518,-0.7341,0.956,0.07596,3.32,0.0272
2.528,-0.7241,0.932,0.080576,3.3,0.0302
2.538,-0.7141,0.904,0.084516,3.26,0.0328
2.548,-0.7041,0.878,0.087956,3.22,0.0352
2.558,-0.6941,0.852,0.090228,3.18,0.037
2.568,-0.6841,0.822,0.091188,3.12,0.038
2.578,-0.6741,0.79,0.091212,3.06,0.0384
2.588,-0.6641,0.76,0.08982,2.98,0.0382
2.598,-0.6541,0.73,0.087096,2.88,0.037
2.608,-0.6441,0.7,0.08324,2.8,0.0354
2.618,-0.6341,0.668,0.0786,2.68,0.033
2.628,-0.6241,0.6336,0.07314,2.58,0.0304
2.638,-0.6141,0.5992,0.067328,2.46,0.0274
2.648,-0.6041,0.564,0.061202,2.32,0.0242
2.658,-0.5941,0.5288,0.055038,2.2,0.021
2.668,-0.5841,0.494,0.04901,2.06,0.01784
2.678,-0.5741,0.4576,0.043368,1.926,0.01494
2.688,-0.5641,0.422,0.03807,1.79,0.0123
2.698,-0.5541,0.3882,0.033284,1.654,0.00998
2.708,-0.5441,0.3544,0.02885,1.52,0.00796
2.718,-0.5341,0.3218,0.0248664,1.388,0.00626
2.728,-0.5241,0.2912,0.0212672,1.262,0.00486
2.738,-0.5141,0.262,0.0180364,1.142,0.00374
2.748,-0.5041,0.235,0.0151524,1.032,0.00284
2.758,-0.4941,0.211,0.0126024,0.932,0.00214
2.768,-0.4841,0.1904,0.0103536,0.844,0.001588
2.778,-0.4741,0.1732,0.0083832,0.774,0.001174
2.788,-0.4641,0.1596,0.0066868,0.72,0.00086
2.798,-0.4541,0.151,0.00525664,0.688,0.000626
2.808,-0.4441,0.1464,0.00405408,0.674,0.00045
2.818,-0.4341,0.146,0.00308012,0.68,0.000322
2.828,-0.4241,0.1496,0.00228364,0.704,0.000228
2.838,-0.4141,0.1564,0.00167232,0.744,0.0001584
2.848,-0.4041,0.1662,0.0011972,0.796,0.0001092
2.858,-0.3941,0.178,0.000838652,0.858,7.42e-05
2.868,-0.3841,0.1904,0.000576804,0.924,4.96e-05
2.878,-0.3741,0.2028,0.000388544,0.988,3.28e-05
2.888,-0.3641,0.2136,0.0002556,1.046,2.12e-05
2.898,-0.3541,0.2228,0.000164784,1.094,1.348e-05
2.908,-0.3441,0.2286,0.000104064,1.126,8.4e-06
2.918,-0.3341,0.2308,6.42636e-05,1.142,5.14e-06
2.928,-0.3241,0.2296,3.87796e-05,1.138,3.08e-06
2.938,-0.3141,0.224,2.30252e-05,1.114,1.816e-06
2.948,-0.3041,0.215,1.32908e-05,1.076,1.046e-06
2.958,-0.2941,0.2032,7.52228e-06,1.022,5.9e-07
2.968,-0.2841,0.1892,4.16732e-06,0.958,3.26e-07
2.978,-0.2741,0.1734,2.25456e-06,0.89,1.76e-07
2.988,-0.2641,0.158,1.19764e-06,0.822,9.32e-08
2.998,-0.2541,0.1434,6.19984e-07,0.76,4.82e-08
3.008,-0.2441,0.1298,3.15244e-07,0.704,2.44e-08
3.018,-0.2341,0.1182,1.56316e-07,0.662,1.214e-08
3.028,-0.2241,0.1092,7.58776e-08,0.632,5.9e-09
3.038,-0.2141,0.10236,3.6006e-08,0.616,2.8e-09
3.048,-0.2041,0.0982,1.67576e-08,0.612,1.31e-09
3.058,-0.1941,0.09596,7.60824e-09,0.618,6.02e-10
3.068,-0.1841,0.09544,3.38692e-09,0.634,2.76e-10
3.078,-0.1741,0.09592,1.47816e-09,0.652,1.276e-10
3.088,-0.1641,0.09696,6.34322e-10,0.672,6.2e-11
3.098,-0.1541,0.09776,2.68094e-10,0.688,3.38e-11
3.108,-0.1441,0.09836,1.1346e-10,0.7,2.16e-11
3.118,-0.1341,0.098,4.93459e-11,0.704,1.628e-11
3.128,-0.1241,0.09672,2.32131e-11,0.698,1.37e-11
3.138,-0.1141,0.09404,1.26071e-11,0.686,1.218e-11
3.148,-0.1041,0.09052,8.1754e-12,0.664,1.098e-11
3.158,-0.0941,0.08572,6.1434e-12,0.634,9.87e-12
3.168,-0.0841,0.08028,5.0001e-12,0.598,8.77e-12
3.178,-0.0741,0.07424,4.2108e-12,0.558,7.68e-12
3.188,-0.0641,0.06788,3.5258e-12,0.514,6.63e-12
3.198,-0.0541,0.0616,2.9838e-12,0.47,5.64e-12
3.208,-0.0441,0.05536,2.486e-12,0.428,4.74e-12
3.218,-0.0341,0.04936,2.046e-12,0.386,3.94e-12
3.228,-0.0241,0.04388,1.66317e-12,0.348,3.24e-12
3.238,-0.0141,0.03872,1.34196e-12,0.312,2.66e-12
3.248,-0.0041,0.03396,1.07598e-12,0.278,2.18e-12
3.258,0.0059,0.0298,8.5927e-13,0.248,1.77e-12
3.268,0.0159,0.025984,6.8377e-13,0.218,1.442e-12
3.278,0.0259,0.022612,5.45e-13,0.1922,1.177e-12
3.288,0.0359,0.0195,4.3521e-13,0.1676,9.61e-13
3.298,0.0459,0.01668,3.4666e-13,0.1446,7.85e-13
3.308,0.0559,0.014116,2.76966e-13,0.1234,6.4e-13
3.318,0.0659,0.011824,2.206e-13,0.104,5.19e-13
3.328,0.0759,0.009752,1.74948e-13,0.0864,4.18e-13
3.338,0.0859,0.00794,1.37767e-13,0.0706,3.34e-13
3.348,0.0959,0.0063356,1.0754e-13,0.0566,2.64e-13
3.358,0.1059,0.0049872,8.2907e-14,0.0446,2.05e-13
3.368,0.1159,0.0038468,6.3075e-14,0.0346,1.572e-13
3.378,0.1259,0.0029076,4.7277e-14,0.0262,1.185e-13
3.388,0.1359,0.002164,3.4834e-14,0.01952,8.77e-14
3.398,0.1459,0.0015764,2.52331e-14,0.01422,6.36e-14
3.408,0.1559,0.001126,1.78713e-14,0.01016,4.53e-14
3.418,0.1659,0.00078584,1.24495e-14,0.0071,3.16e-14
3.428,0.1759,0.0005366,8.4822e-15,0.00486,2.16e-14
3.438,0.1859,0.00035884,5.66631e-15,0.00326,1.444e-14
3.448,0.1959,0.00023556,3.71552e-15,0.00214,9.45e-15
3.458,0.2059,0.00015124,2.37914e-15,0.001368,6.06e-15
3.468,0.2159,9.476e-05,1.49099e-15,0.000858,3.8e-15
3.478,0.2259,5.8288e-05,9.14772e-16,0.000528,2.34e-15
3.488,0.2359,3.4964e-05,5.48743e-16,0.000316,1.403e-15
3.498,0.2459,2.056e-05,3.23355e-16,0.0001862,8.25e-16
3.508,0.2559,1.1816e-05,1.85533e-16,0.000107,4.74e-16
3.518,0.2659,6.6564e-06,1.04326e-16,6.02e-05,2.66e-16
3.528,0.2759,3.6608e-06,5.74273e-17,3.32e-05,1.468e-16
3.538,0.2859,1.9716e-06,3.08802e-17,1.784e-05,7.9e-17
3.548,0.2959,1.03772e-06,1.62862e-17,9.4e-06,4.16e-17
3.558,0.3059,5.3444e-07,8.38528e-18,4.84e-06,2.14e-17
3.568,0.3159,2.7028e-07,4.23355e-18,2.44e-06,1.081e-17
3.578,0.3259,1.3288e-07,2.08483e-18,1.204e-06,5.33e-18
3.588,0.3359,6.404e-08,1.00472e-18,5.8e-07,2.57e-18
3.598,0.3459,3.0152e-08,4.73948e-19,2.74e-07,1.211e-18
3.608,0.3559,1.3952e-08,2.18897e-19,1.264e-07,5.59e-19
3.618,0.3659,6.2996e-09,9.8713e-20,5.7e-08,2.52e-19
3.628,0.3759,2.7856e-09,4.35748e-20,2.52e-08,1.115e-19
3.638,0.3859,1.2016e-09,1.8833e-20,1.088e-08,4.81e-20
3.648,0.3959,5.0728e-10,7.96068e-21,4.6e-09,2.04e-20
3.658,0.4059,2.0996e-10,3.29358e-21,1.9e-09,8.41e-21
3.668,0.4159,8.4824e-11,1.3299e-21,7.68e-10,3.4e-21
3.678,0.4259,3.3476e-11,5.25577e-22,3.04e-10,1.344e-21
3.688,0.4359,1.7508e-11,7.588e-15,1.178e-10,5.2e-22
3.698,0.4459,1.78e-11,2.1644e-14,4.5e-11,1.968e-22
3.708,0.4559,3.768e-11,6.008e-14,1.808e-11,7.29e-23
3.718,0.4659,9.84e-11,1.6388e-13,1.038e-11,2.64e-23
3.728,0.4759,2.604e-10,4.372e-13,1.386e-11,9.35e-24
3.738,0.4859,6.784e-10,1.14e-12,3.06e-11,3.1e-27
3.748,0.4959,1.728e-09,2.9e-12,7.82e-11,7.89e-27
3.758,0.5059,4.312e-09,7.216e-12,1.948e-10,1.968e-26
3.768,0.5159,1.052e-08,1.764e-11,4.74e-10,4.8e-26
3.778,0.5259,2.51e-08,4.212e-11,1.134e-09,1.144e-25
3.788,0.5359,5.844e-08,9.82e-11,2.64e-09,2.669e-25
3.798,0.5459,1.334e-07,2.2432e-10,6.04e-09,6.1e-25
3.808,0.5559,2.984e-07,5.024e-10,1.348e-08,1.361e-24
3.818,0.5659,6.512e-07,1.094e-09,2.94e-08,2.97e-24
3.828,0.5759,1.39e-06,2.3368e-09,6.3e-08,6.35e-24
3.838,0.5859,2.91e-06,4.888e-09,1.316e-07,1.328e-23
3.848,0.5959,5.94e-06,1.0004e-08,2.68e-07,2.72e-23
3.858,0.6059,1.19e-05,1.9968e-08,5.38e-07,5.43e-23
3.868,0.6159,2.33e-05,3.908e-08,1.052e-06,1.063e-22
3.878,0.6259,4.456e-05,7.492e-08,2.02e-06,2.033e-22
3.888,0.6359,8.32e-05,1.4008e-07,3.76e-06,3.81e-22
3.898,0.6459,0.0001528,2.5644e-07,6.9e-06,6.97e-22
3.908,0.6559,0.0002736,4.592e-07,1.236e-05,1.248e-21
3.918,0.6659,0.0004788,8.052e-07,2.16e-05,2.19e-21
3.928,0.6759,0.00082,1.378e-06,3.72e-05,3.75e-21
3.938,0.6859,0.001376,2.3132e-06,6.22e-05,6.29e-21
3.948,0.6959,0.002258,3.792e-06,0.000102,1.031e-20
3.958,0.7059,0.003624,6.096e-06,0.0001638,1.653e-20
3.968,0.7159,0.005688,9.544e-06,0.000256,2.591e-20
3.978,0.7259,0.00874,1.466e-05,0.000394,3.99e-20
3.988,0.7359,0.01312,2.2016e-05,0.000592,5.99e-20
3.998,0.7459,0.01926,3.232e-05,0.00087,8.78e-20
4.008,0.7559,0.02766,4.644e-05,0.00125,1.263e-19
4.018,0.7659,0.03886,6.516e-05,0.001756,1.777e-19
4.028,0.7759,0.05348,8.98e-05,0.00242,2.443e-19
4.038,0.7859,0.0716,0.00012056,0.00324,3.28e-19
4.048,0.7959,0.0944,0.00015872,0.00428,4.32e-19
4.058,0.8059,0.1216,0.00020432,0.0055,5.56e-19
4.068,0.8159,0.1532,0.00025696,0.00692,6.99e-19
4.078,0.8259,0.1884,0.0003164,0.00852,8.61e-19
4.088,0.8359,0.227,0.0003812,0.01026,1.036e-18
4.098,0.8459,0.2676,0.0004492,0.01208,1.221e-18
4.108,0.8559,0.3082,0.0005168,0.01394,1.407e-18
4.118,0.8659,0.3474,0.000582,0.0157,1.587e-18
4.128,0.8759,0.3832,0.0006424,0.01732,1.748e-18
4.138,0.8859,0.4134,0.0006936,0.01868,1.889e-18
4.148,0.8959,0.4362,0.0007308,0.01972,1.988e-18
4.158,0.9059,0.4504,0.0007544,0.0204,2.051e-18
4.168,0.9159,0.4546,0.0007632,0.0206,2.079e-18
4.178,0.9259,0.449,0.000754,0.0202,2.049e-18
4.188,0.9359,0.434,0.0007264,0.0196,1.984e-18
4.198,0.9459,0.41,0.0006888,0.01852,1.873e-18
4.208,0.9559,0.379,0.0006376,0.01712,1.731e-18
4.218,0.9659,0.3426,0.0005768,0.01548,1.564e-18
4.228,0.9759,0.3032,0.0005076,0.0137,1.384e-18
4.238,0.9859,0.2622,0.0004404,0.01186,1.198e-18
4.248,0.9959,0.222,0.0003728,0.01004,1.013e-18
4.258,1.0059,0.1836,0.0003084,0.0083,8.39e-19
4.268,1.0159,0.1486,0.00024992,0.00672,6.8e-19
4.278,1.0259,0.1178,0.00019784,0.00532,5.38e-19
4.288,1.0359,0.0914,0.00015356,0.00412,4.18e-19
4.298,1.0459,0.0694,0.00011636,0.00312,3.16e-19
4.308,1.0559,0.05128,8.612e-05,0.00232,2.349e-19
4.318,1.0659,0.03726,6.24e-05,0.001684,1.7e-19
4.328,1.0759,0.02642,4.436e-05,0.001194,1.206e-19
4.338,1.0859,0.01836,3.08e-05,0.00083,8.37e-20
4.348,1.0959,0.01246,2.09e-05,0.000564,5.69e-20
4.358,1.1059,0.00826,1.3876e-05,0.000374,3.78e-20
4.368,1.1159,0.005388,9.032e-06,0.000244,2.449e-20
4.378,1.1259,0.003426,5.776e-06,0.0001572,1.559e-20
4.388,1.1359,0.002148,3.624e-06,0.0001014,9.7e-21
4.398,1.1459,0.001338,2.282e-06,6.88e-05,5.91e-21
4.408,1.1559,0.000858,1.5024e-06,5.42e-05,3.54e-21
4.418,1.1659,0.0006088,1.1388e-06,5.54e-05,2.096e-21
4.428,1.1759,0.000544,1.1152e-06,7.42e-05,1.268e-21
4.438,1.1859,0.0006452,1.436e-06,0.0001154,8.33e-22
4.448,1.1959,0.000932,2.164e-06,0.0001888,6.69e-22
4.458,1.2059,0.001464,3.456e-06,0.00031,7.16e-22
4.468,1.2159,0.002336,5.548e-06,0.000502,9.57e-22
4.478,1.2259,0.003694,8.8e-06,0.000798,1.416e-21
4.488,1.2359,0.005732,1.364e-05,0.001242,2.155e-21
4.498,1.2459,0.00872,2.076e-05,0.00189,3.259e-21
4.508,1.2559,0.01298,3.092e-05,0.00282,4.835e-21
4.518,1.2659,0.01896,4.508e-05,0.0041,7.03e-21
4.528,1.2759,0.02698,6.44e-05,0.00584,1.002e-20
4.538,1.2859,0.03764,8.936e-05,0.00814,1.399e-20
4.548,1.2959,0.0512,0.00012232,0.0111,1.902e-20
4.558,1.3059,0.06836,0.0001628,0.01482,2.537e-20
4.568,1.3159,0.0894,0.0002124,0.01932,3.313e-20
4.578,1.3259,0.1142,0.0002712,0.0246,4.234e-20
4.588,1.3359,0.1422,0.0003388,0.0308,2.88e-14
4.598,1.3459,0.1736,0.0004132,0.0376,8.22e-14
4.608,1.3559,0.2074,0.0004944,0.045,2.3e-13
4.618,1.3659,0.2426,0.0005772,0.0526,6.26e-13
4.628,1.3759,0.277,0.0006616,0.06,2.26e-12
4.638,1.3859,0.31,0.0007388,0.0672,6.04e-12
4.648,1.3959,0.3392,0.0008092,0.0734,1.582e-11
4.658,1.4059,0.3628,0.0008632,0.0786,4.14e-11
4.668,1.4159,0.3796,0.0009044,0.0822,1.044e-10
4.678,1.4259,0.389,0.000923201,0.0842,2.58e-10
4.688,1.4359,0.3892,0.000927601,0.0842,6.22e-10
4.698,1.4459,0.3812,0.000909603,0.0826,1.476e-09
4.708,1.4559,0.3656,0.000869206,0.0792,3.42e-09
4.718,1.4659,0.3428,0.000815613,0.0742,7.8e-09
4.728,1.4759,0.3142,0.000746029,0.068,1.744e-08
4.738,1.4859,0.2816,0.00066886,0.061,3.82e-08
4.748,1.4959,0.247,0.000588524,0.0534,8.18e-08
4.758,1.5059,0.2124,0.000505049,0.046,1.724e-07
4.768,1.5159,0.178,0.000424891,0.0386,3.56e-07
4.778,1.5259,0.1464,0.000350142,0.0316,7.2e-07
4.788,1.5359,0.1174,0.000283374,0.0254,1.428e-06
4.798,1.5459,0.0924,0.000226874,0.02,2.78e-06
4.808,1.5559,0.07136,0.000182294,0.01546,5.3e-06
4.818,1.5659,0.05416,0.000151584,0.01174,9.92e-06
4.828,1.5759,0.04068,0.00013706,0.00884,1.82e-05
4.838,1.5859,0.0307,0.00014398,0.0067,3.28e-05
4.848,1.5959,0.024,0.00017884,0.00528,5.78e-05
4.858,1.6059,0.02046,0.00025454,0.00458,0.0001002
4.868,1.6159,0.02006,0.00038838,0.00458,0.0001702
4.878,1.6259,0.02308,0.00060804,0.00536,0.000284
4.888,1.6359,0.03004,0.00095272,0.00706,0.000464
4.898,1.6459,0.04188,0.0014776,0.00988,0.000742
4.908,1.6559,0.05956,0.0022578,0.01412,0.001166
4.918,1.6659,0.085,0.0033888,0.0202,0.001796
4.928,1.6759,0.1198,0.0049964,0.0284,0.00272
4.938,1.6859,0.166,0.0072156,0.0394,0.00402
4.948,1.6959,0.2264,0.0102492,0.0536,0.00584
4.958,1.7059,0.3026,0.0143252,0.0716,0.00832
4.968,1.7159,0.3974,0.019596,0.0938,0.01162
4.978,1.7259,0.5112,0.026274,0.1206,0.0159
4.988,1.7359,0.646,0.034654,0.1522,0.0214
4.998,1.7459,0.802,0.044798,0.1884,0.0282
5.008,1.7559,0.98,0.056822,0.228,0.0362
5.018,1.7659,1.168,0.07072,0.272,0.0458
5.028,1.7759,1.372,0.086264,0.32,0.0568
5.038,1.7859,1.578,0.103468,0.366,0.0692
5.048,1.7959,1.788,0.12182,0.414,0.0824
5.058,1.8059,1.986,0.140448,0.458,0.096
5.068,1.8159,2.166,0.158888,0.498,0.1098
5.078,1.8259,2.322,0.17624,0.532,0.1232
5.088,1.8359,2.44,0.1917,0.556,0.1352
5.098,1.8459,2.518,0.20434,0.572,0.1456
5.108,1.8559,2.554,0.21338,0.576,0.1534
5.118,1.8659,2.54,0.21884,0.572,0.1584
5.128,1.8759,2.478,0.21978,0.556,0.1604
5.138,1.8859,2.374,0.21598,0.53,0.1588
5.148,1.8959,2.232,0.20868,0.496,0.1542
5.158,1.9059,2.06,0.19702,0.456,0.1466
5.168,1.9159,1.864,0.1824,0.41,0.1366
5.178,1.9259,1.654,0.16564,0.364,0.1244
5.188,1.9359,1.442,0.147184,0.316,0.1112
5.198,1.9459,1.232,0.128376,0.27,0.0972
5.208,1.9559,1.038,0.109648,0.228,0.0832
5.218,1.9659,0.858,0.091862,0.1906,0.0698
5.228,1.9759,0.702,0.075458,0.1582,0.0572
5.238,1.9859,0.5688,0.06124,0.132,0.046
5.248,1.9959,0.462,0.048838,0.112,0.0362
5.258,2.0059,0.3782,0.038488,0.0982,0.0278
5.268,2.0159,0.3176,0.030292,0.09,0.021
5.278,2.0259,0.2776,0.023994,0.0872,0.01552
5.288,2.0359,0.2548,0.019374,0.0888,0.01124
5.298,2.0459,0.2464,0.0162056,0.094,0.008
5.308,2.0559,0.2494,0.014222,0.102,0.00564
5.318,2.0659,0.2602,0.0131594,0.1116,0.00398
5.328,2.0759,0.2766,0.0127646,0.1222,0.00292
5.338,2.0859,0.2952,0.0129424,0.1326,0.00234
5.348,2.0959,0.315,0.0134814,0.1424,0.00218
5.358,2.1059,0.3334,0.0143754,0.1508,0.00244
5.368,2.1159,0.3508,0.015584,0.1578,0.00312
5.378,2.1259,0.3672,0.0171502,0.1632,0.00426
5.388,2.1359,0.384,0.0191686,0.1672,0.00596
5.398,2.1459,0.402,0.021808,0.1708,0.0083
5.408,2.1559,0.4228,0.025246,0.1746,0.01142
5.418,2.1659,0.4512,0.029662,0.1794,0.01542
5.428,2.1759,0.488,0.035232,0.1862,0.0204
5.438,2.1859,0.5348,0.042144,0.196,0.0264
5.448,2.1959,0.5932,0.05025,0.21,0.0336
5.458,2.2059,0.6644,0.060054,0.226,0.042
5.468,2.2159,0.7468,0.071234,0.248,0.0514
5.478,2.2259,0.836,0.083418,0.27,0.0616
5.488,2.2359,0.934,0.09624,0.296,0.0726
5.498,2.2459,1.032,0.109652,0.322,0.084
5.508,2.2559,1.128,0.123336,0.348,0.0958
5.518,2.2659,1.212,0.13688,0.37,0.1078
5.528,2.2759,1.284,0.14948,0.388,0.1196
5.538,2.2859,1.34,0.16164,0.4,0.1312
5.548,2.2959,1.372,0.17292,0.404,0.1428
5.558,2.3059,1.386,0.18294,0.402,0.1542
5.568,2.3159,1.378,0.19228,0.394,0.1654
5.578,2.3259,1.356,0.20098,0.378,0.177
5.588,2.3359,1.32,0.20904,0.358,0.1888
5.598,2.3459,1.274,0.2172,0.336,0.2
5.608,2.3559,1.222,0.22518,0.31,0.214
5.618,2.3659,1.172,0.23294,0.284,0.226
5.628,2.3759,1.124,0.2409,0.258,0.238
5.638,2.3859,1.082,0.24908,0.236,0.25
5.648,2.3959,1.05,0.25652,0.214,0.262
5.658,2.4059,1.024,0.2634,0.1978,0.272
5.668,2.4159,1.006,0.2693,0.184,0.28
5.678,2.4259,0.992,0.274,0.1734,0.286
5.688,2.4359,0.982,0.27734,0.1656,0.288
5.698,2.4459,0.972,0.27924,0.1598,0.29
5.708,2.4559,0.962,0.27874,0.1558,0.29
5.718,2.4659,0.95,0.2768,0.1524,0.286
5.728,2.4759,0.934,0.27304,0.1496,0.28
5.738,2.4859,0.914,0.26766,0.1464,0.274
5.748,2.4959,0.888,0.26098,0.1426,0.264
5.758,2.5059,0.856,0.25326,0.138,0.256
5.768,2.5159,0.818,0.24416,0.1326,0.246
5.778,2.5259,0.778,0.235,0.126,0.236
5.788,2.5359,0.732,0.2254,0.1186,0.226
5.798,2.5459,0.684,0.2158,0.1106,0.218
5.808,2.5559,0.6414,0.20678,0.1022,0.21
5.818,2.5659,0.5944,0.199,0.0938,0.202
5.828,2.5759,0.5524,0.19162,0.0854,0.1964
5.838,2.5859,0.5154,0.18484,0.0774,0.1916
5.848,2.5959,0.4822,0.1793,0.07,0.1876
5.858,2.6059,0.4544,0.174318,0.0634,0.1846
5.868,2.6159,0.432,0.170564,0.0578,0.182
5.878,2.6259,0.4152,0.167192,0.053,0.18
5.888,2.6359,0.4048,0.164838,0.0492,0.1786
5.898,2.6459,0.4008,0.163464,0.0464,0.178
5.908,2.6559,0.4028,0.163108,0.0446,0.178
5.918,2.6659,0.4116,0.164134,0.0442,0.1792
5.928,2.6759,0.4274,0.166384,0.0448,0.1818
5.938,2.6859,0.4498,0.170854,0.047,0.186
5.948,2.6959,0.4792,0.17774,0.0504,0.1922
5.958,2.7059,0.5148,0.18626,0.0556,0.2
5.968,2.7159,0.5572,0.19748,0.0626,0.21
5.978,2.7259,0.6066,0.21048,0.0714,0.222
5.988,2.7359,0.663,0.22578,0.082,0.236
5.998,2.7459,0.7222,0.24168,0.0948,0.252
6.008,2.7559,0.784,0.2584,0.1092,0.268
6.018,2.7659,0.852,0.274784,0.1258,0.282
6.028,2.7759,0.918,0.290384,0.144,0.298
6.038,2.7859,0.988,0.30478,0.1638,0.31
6.048,2.7959,1.052,0.31704,0.1854,0.322
6.058,2.8059,1.124,0.32714,0.208,0.332
6.068,2.8159,1.192,0.33472,0.234,0.34
6.078,2.8259,1.266,0.34014,0.26,0.348
6.088,2.8359,1.34,0.34384,0.288,0.354
6.098,2.8459,1.42,0.3469,0.32,0.36
6.108,2.8559,1.508,0.34928,0.352,0.368
6.118,2.8659,1.602,0.35258,0.386,0.378
6.128,2.8759,1.7,0.3564,0.42,0.39
6.138,2.8859,1.806,0.36214,0.456,0.404
6.148,2.8959,1.912,0.3694,0.492,0.42
6.158,2.9059,2.018,0.37764,0.526,0.438
6.168,2.9159,2.116,0.3861,0.556,0.456
6.178,2.9259,2.204,0.39442,0.582,0.474
6.188,2.9359,2.274,0.40144,0.602,0.49
6.198,2.9459,2.32,0.40518,0.616,0.5
6.208,2.9559,2.342,0.40552,0.622,0.506
6.218,2.9659,2.332,0.40156,0.62,0.506
6.228,2.9759,2.298,0.39324,0.608,0.498
6.238,2.9859,2.238,0.38034,0.592,0.484
6.248,2.9959,2.16,0.36336,0.57,0.464
6.258,3.0059,2.064,0.34384,0.544,0.44
6.268,3.0159,1.958,0.32306,0.518,0.414
6.278,3.0259,1.854,0.30208,0.49,0.388
6.288,3.0359,1.758,0.28214,0.466,0.36
6.298,3.0459,1.67,0.26458,0.444,0.338
6.308,3.0559,1.596,0.25076,0.428,0.318
6.318,3.0659,1.538,0.24012,0.414,0.302
6.328,3.0759,1.492,0.23368,0.404,0.292
6.338,3.0859,1.46,0.2306,0.398,0.286
6.348,3.0959,1.434,0.23022,0.392,0.284
6.358,3.1059,1.412,0.23168,0.388,0.284
6.368,3.1159,1.388,0.23374,0.382,0.286
6.378,3.1259,1.362,0.23652,0.376,0.286
6.388,3.1359,1.328,0.23758,0.366,0.288
6.398,3.1459,1.284,0.23664,0.354,0.286
6.408,3.1559,1.232,0.23372,0.34,0.28
6.418,3.1659,1.168,0.2278,0.322,0.274
6.428,3.1759,1.094,0.21992,0.302,0.262
6.438,3.1859,1.018,0.2097,0.28,0.25
6.448,3.1959,0.942,0.19794,0.26,0.234
6.458,3.2059,0.868,0.18516,0.242,0.218
6.468,3.2159,0.8,0.17354,0.226,0.202
6.478,3.2259,0.746,0.16268,0.216,0.1888
6.488,3.2359,0.704,0.1545,0.212,0.1776
6.498,3.2459,0.69,0.15018,0.214,0.17
6.508,3.2559,0.696,0.14966,0.222,0.1672
6.518,3.2659,0.724,0.1538,0.24,0.1694
6.528,3.2759,0.778,0.16236,0.266,0.1768
6.538,3.2859,0.856,0.1758,0.298,0.1892
6.548,3.2959,0.952,0.19342,0.336,0.206
6.558,3.3059,1.066,0.21398,0.378,0.226
6.568,3.3159,1.186,0.23682,0.42,0.25
6.578,3.3259,1.308,0.25988,0.462,0.274
6.588,3.3359,1.42,0.28188,0.5,0.296
6.598,3.3459,1.52,0.3019,0.532,0.316
6.608,3.3559,1.598,0.31814,0.556,0.332
6.618,3.3659,1.648,0.32954,0.57,0.344
6.628,3.3759,1.666,0.33548,0.572,0.348
6.638,3.3859,1.656,0.3355,0.562,0.348
6.648,3.3959,1.608,0.3303,0.542,0.342
6.658,3.4059,1.54,0.32024,0.514,0.33
6.668,3.4159,1.442,0.30564,0.476,0.314
6.678,3.4259,1.328,0.28872,0.434,0.294
6.688,3.4359,1.202,0.27012,0.39,0.272
6.698,3.4459,1.074,0.25132,0.344,0.25
6.708,3.4559,0.948,0.23278,0.3,0.23
6.718,3.4659,0.828,0.2159,0.258,0.21
6.728,3.4759,0.7218,0.20136,0.22,0.1922
6.738,3.4859,0.628,0.18855,0.1876,0.177
6.748,3.4959,0.5482,0.17828,0.1598,0.1642
6.758,3.5059,0.4846,0.169354,0.1368,0.1538
6.768,3.5159,0.436,0.162366,0.1182,0.1454
6.778,3.5259,0.4014,0.156706,0.1036,0.1388
6.788,3.5359,0.3796,0.151764,0.0924,0.1336
6.798,3.5459,0.3694,0.147134,0.0838,0.1294
6.808,3.5559,0.37,0.143598,0.0776,0.1264
6.818,3.5659,0.3802,0.14036,0.073,0.1244
6.828,3.5759,0.3996,0.137998,0.0702,0.1236
6.838,3.5859,0.427,0.136314,0.0686,0.1238
6.848,3.5959,0.4616,0.13569,0.068,0.1252
6.858,3.6059,0.5018,0.13652,0.0682,0.1278
6.868,3.6159,0.5464,0.138178,0.0692,0.1316
6.878,3.6259,0.5928,0.141048,0.0706,0.136
6.888,3.6359,0.6392,0.144308,0.0722,0.141
6.898,3.6459,0.684,0.148356,0.0736,0.1462
6.908,3.6559,0.724,0.152128,0.0748,0.1512
6.918,3.6659,0.758,0.15544,0.0754,0.1554
6.928,3.6759,0.784,0.15848,0.0752,0.1588
6.938,3.6859,0.804,0.16002,0.074,0.1608
6.948,3.6959,0.818,0.16028,0.0722,0.1616
6.958,3.7059,0.824,0.15968,0.0694,0.1608
6.968,3.7159,0.824,0.15754,0.0658,0.1584
6.978,3.7259,0.822,0.15396,0.0616,0.1546
6.988,3.7359,0.816,0.14934,0.057,0.1496
6.998,3.7459,0.806,0.14322,0.052,0.1434
7.008,3.7559,0.792,0.136472,0.047,0.136
7.018,3.7659,0.782,0.1289,0.042,0.1278
7.028,3.7759,0.77,0.1201,0.0372,0.119
7.038,3.7859,0.758,0.111288,0.0328,0.1096
7.048,3.7959,0.746,0.101668,0.0286,0.0998
7.058,3.8059,0.732,0.092252,0.0248,0.09
7.068,3.8159,0.718,0.082712,0.0216,0.0802
7.078,3.8259,0.706,0.073508,0.01864,0.071
7.088,3.8359,0.694,0.065058,0.01616,0.0622
7.098,3.8459,0.69,0.057408,0.01416,0.0544
7.108,3.8559,0.686,0.050804,0.01258,0.0478
7.118,3.8659,0.694,0.04556,0.01146,0.0426
7.128,3.8759,0.706,0.04184,0.0108,0.039
7.138,3.8859,0.726,0.039788,0.0106,0.037
7.148,3.8959,0.7518,0.039698,0.01084,0.037
7.158,3.9059,0.7862,0.041624,0.01152,0.039
7.168,3.9159,0.828,0.045598,0.01262,0.0432
7.178,3.9259,0.878,0.051818,0.01418,0.0492
7.188,3.9359,0.928,0.0604,0.01612,0.0572
7.198,3.9459,0.976,0.07082,0.01846,0.0672
7.208,3.9559,1.016,0.083308,0.0212,0.0786
7.218,3.9659,1.056,0.09745,0.0242,0.0916
7.228,3.9759,1.088,0.113036,0.0274,0.1052
7.238,3.9859,1.112,0.130046,0.031,0.1196
7.248,3.9959,1.128,0.147664,0.0348,0.1342
7.258,4.0059,1.134,0.16608,0.0388,0.1488
7.268,4.0159,1.136,0.1851,0.043,0.1634
7.278,4.0259,1.136,0.20486,0.0478,0.1778
7.288,4.0359,1.138,0.22524,0.0528,0.1924
7.298,4.0459,1.142,0.24744,0.0586,0.208
7.308,4.0559,1.156,0.27102,0.0654,0.224
7.318,4.0659,1.186,0.2977,0.0736,0.244
7.328,4.0759,1.23,0.3276,0.0832,0.266
7.338,4.0859,1.302,0.36162,0.0948,0.29
7.348,4.0959,1.39,0.39978,0.1086,0.322
7.358,4.1059,1.506,0.44284,0.1246,0.356
7.368,4.1159,1.646,0.48962,0.143,0.396
7.378,4.1259,1.81,0.53994,0.1634,0.44
7.388,4.1359,1.992,0.59394,0.1856,0.49
7.398,4.1459,2.188,0.64818,0.21,0.54
7.408,4.1559,2.392,0.70562,0.234,0.592
7.418,4.1659,2.598,0.75806,0.258,0.644
7.428,4.1759,2.804,0.8138,0.282,0.696
7.438,4.1859,3.006,0.86524,0.304,0.744
7.448,4.1959,3.198,0.91294,0.326,0.788
7.458,4.2059,3.384,0.96148,0.344,0.83
7.468,4.2159,3.56,1.0121,0.362,0.868
7.478,4.2259,3.728,1.066,0.378,0.9
7.488,4.2359,3.894,1.1186,0.394,0.932
7.498,4.2459,4.058,1.17516,0.41,0.96
7.508,4.2559,4.224,1.23974,0.426,0.986
7.518,4.2659,4.4,1.30436,0.444,1.01
7.528,4.2759,4.58,1.377,0.466,1.034
7.538,4.2859,4.762,1.44972,0.488,1.054
7.548,4.2959,4.948,1.51848,0.514,1.07
7.558,4.3059,5.128,1.58524,0.542,1.084
7.568,4.3159,5.294,1.64394,0.572,1.09
7.578,4.3259,5.436,1.68656,0.6,1.09
7.588,4.3359,5.542,1.71102,0.626,1.08
7.598,4.3459,5.588,1.72122,0.65,1.06
7.608,4.3559,5.62,1.70512,0.666,1.032
7.618,4.3659,5.56,1.6647,0.676,0.992
7.628,4.3759,5.454,1.60386,0.678,0.942
7.638,4.3859,5.28,1.52262,0.67,0.884
7.648,4.3959,5.05,1.42304,0.654,0.818
7.658,4.4059,4.772,1.31512,0.628,0.746
7.668,4.4159,4.458,1.19692,0.596,0.672
7.678,4.4259,4.124,1.07652,0.556,0.596
7.688,4.4359,3.778,0.95402,0.514,0.52
7.698,4.4459,3.438,0.83942,0.468,0.448
7.708,4.4559,3.118,0.73192,0.424,0.38
7.718,4.4659,2.832,0.63952,0.382,0.318
7.728,4.4759,2.586,0.5593,0.344,0.264
7.738,4.4859,2.386,0.4919,0.31,0.216
7.748,4.4959,2.232,0.44074,0.284,0.1758
7.758,4.5059,2.12,0.4039,0.264,0.1436
7.768,4.5159,2.052,0.38156,0.25,0.1192
7.778,4.5259,2.02,0.371684,0.244,0.1018
7.788,4.5359,2.016,0.373304,0.244,0.0916
7.798,4.5459,2.034,0.38561,0.25,0.0876
7.808,4.5559,2.076,0.40818,0.262,0.0898
7.818,4.5659,2.128,0.43941,0.278,0.0978
7.828,4.5759,2.2,0.479688,0.298,0.1108
7.838,4.5859,2.28,0.528192,0.322,0.1288
7.848,4.5959,2.378,0.58254,0.348,0.1514
7.858,4.6059,2.494,0.64764,0.378,0.1778
7.868,4.6159,2.622,0.71874,0.41,0.208
7.878,4.6259,2.766,0.7904,0.444,0.24
7.888,4.6359,2.924,0.86796,0.478,0.276
7.898,4.6459,3.094,0.94958,0.512,0.312
7.908,4.6559,3.266,1.0252,0.544,0.348
7.918,4.6659,3.434,1.09876,0.574,0.382
7.928,4.6759,3.59,1.16226,0.6,0.416
7.938,4.6859,3.73,1.22366,0.622,0.446
7.948,4.6959,3.84,1.27086,0.636,0.472
7.958,4.7059,3.918,1.30784,0.646,0.492
7.968,4.7159,3.962,1.3326,0.648,0.51
7.978,4.7259,3.968,1.3492,0.644,0.52
7.988,4.7359,3.938,1.3535,0.634,0.526
7.998,4.7459,3.874,1.34964,0.618,0.526
8.008,4.7559,3.782,1.33358,0.596,0.522
8.018,4.7659,3.66,1.31332,0.572,0.512
8.028,4.7759,3.522,1.2869,0.544,0.5
8.038,4.7859,3.37,1.2483,0.514,0.484
8.048,4.7959,3.208,1.21162,0.484,0.464
8.058,4.8059,3.038,1.1668,0.452,0.442
8.068,4.8159,2.878,1.1219,0.422,0.42
8.078,4.8259,2.724,1.07696,0.392,0.394
8.088,4.8359,2.58,1.03202,0.364,0.368
8.098,4.8459,2.458,0.98908,0.34,0.34
8.108,4.8559,2.352,0.95214,0.318,0.314
8.118,4.8659,2.274,0.92334,0.302,0.286
8.128,4.8759,2.226,0.90464,0.29,0.262
8.138,4.8859,2.206,0.89404,0.282,0.238
8.148,4.8959,2.208,0.88956,0.28,0.216
8.158,4.9059,2.23,0.89318,0.28,0.196
8.168,4.9159,2.268,0.90892,0.284,0.178
8.178,4.9259,2.316,0.92472,0.29,0.1618
8.188,4.9359,2.36,0.94054,0.298,0.147
8.198,4.9459,2.396,0.95236,0.304,0.134
8.208,4.9559,2.416,0.96214,0.31,0.1218
8.218,4.9659,2.416,0.9639,0.312,0.1108
8.228,4.9759,2.396,0.95756,0.312,0.1006
8.238,4.9859,2.354,0.93912,0.31,0.091
8.248,4.9959,2.294,0.90866,0.304,0.0822
8.258,5.0059,2.226,0.87408,0.298,0.0742
8.268,5.0159,2.154,0.82952,0.29,0.067
8.278,5.0259,2.086,0.78496,0.28,0.0606
8.288,5.0359,2.03,0.7384,0.272,0.0554
8.298,5.0459,1.992,0.695924,0.268,0.0514
8.308,5.0559,1.984,0.659948,0.264,0.0488
8.318,5.0659,1.996,0.632876,0.264,0.0476
8.328,5.0759,2.042,0.618352,0.266,0.0476
8.338,5.0859,2.11,0.61836,0.274,0.0492
8.348,5.0959,2.196,0.633324,0.282,0.0522
8.358,5.1059,2.3,0.661616,0.296,0.0566
8.368,5.1159,2.408,0.704036,0.31,0.0622
8.378,5.1259,2.516,0.758532,0.326,0.069
8.388,5.1359,2.62,0.825116,0.344,0.0766
8.398,5.1459,2.712,0.89374,0.36,0.0848
8.408,5.1559,2.784,0.96638,0.378,0.0936
8.418,5.1659,2.838,1.03698,0.394,0.1028
8.428,5.1759,2.868,1.1015,0.406,0.1118
8.438,5.1859,2.868,1.15796,0.418,0.1202
8.448,5.1959,2.852,1.1963,0.426,0.128
8.458,5.2059,2.808,1.2165,0.43,0.1348
8.468,5.2159,2.74,1.2225,0.43,0.14
8.478,5.2259,2.658,1.20436,0.426,0.1438
8.488,5.2359,2.552,1.17004,0.418,0.1456
8.498,5.2459,2.436,1.11756,0.406,0.1458
8.508,5.2559,2.31,1.04696,0.392,0.1442
8.518,5.2659,2.172,0.968236,0.374,0.1412
8.528,5.2759,2.038,0.883456,0.354,0.1374
8.538,5.2859,1.902,0.794812,0.334,0.133
8.548,5.2959,1.772,0.702964,0.312,0.129
8.558,5.3059,1.652,0.620156,0.292,0.126
8.568,5.3159,1.548,0.543192,0.276,0.1246
8.578,5.3259,1.46,0.477312,0.26,0.1256
8.588,5.3359,1.398,0.423924,0.25,0.1294
8.598,5.3459,1.358,0.38406,0.246,0.1362
8.608,5.3559,1.346,0.358312,0.246,0.1462
8.618,5.3659,1.364,0.347086,0.254,0.1592
8.628,5.3759,1.412,0.349758,0.268,0.1746
8.638,5.3859,1.486,0.36503,0.29,0.1918
8.648,5.3959,1.584,0.391176,0.316,0.21
8.658,5.4059,1.704,0.426286,0.348,0.228
8.668,5.4159,1.836,0.468436,0.382,0.244
8.678,5.4259,1.97,0.513808,0.418,0.258
8.688,5.4359,2.102,0.559182,0.452,0.27
8.698,5.4459,2.22,0.60394,0.484,0.276
8.708,5.4559,2.314,0.644468,0.508,0.278
8.718,5.4659,2.38,0.675962,0.526,0.276
8.728,5.4759,2.414,0.70221,0.534,0.268
8.738,5.4859,2.414,0.718812,0.534,0.256
8.748,5.4959,2.376,0.720764,0.522,0.24
8.758,5.5059,2.302,0.716674,0.502,0.22
8.768,5.5159,2.198,0.702546,0.476,0.1996
8.778,5.5259,2.074,0.67839,0.442,0.1772
8.788,5.5359,1.926,0.646202,0.404,0.1544
8.798,5.5459,1.768,0.610006,0.366,0.1322
8.808,5.5559,1.608,0.568392,0.326,0.1112
8.818,5.5659,1.446,0.524786,0.29,0.0922
8.828,5.5759,1.288,0.479984,0.256,0.0752
8.838,5.5859,1.146,0.4362,0.226,0.0604
8.848,5.5959,1.014,0.394044,0.202,0.0482
8.858,5.6059,0.902,0.356322,0.1822,0.0386
8.868,5.6159,0.814,0.323452,0.1688,0.0312
8.878,5.6259,0.746,0.297238,0.1612,0.0262
8.888,5.6359,0.704,0.279502,0.1594,0.0236
8.898,5.6459,0.688,0.27105,0.163,0.023
8.908,5.6559,0.706,0.273296,0.1726,0.0248
8.918,5.6659,0.752,0.286452,0.1878,0.0288
8.928,5.6759,0.824,0.311524,0.208,0.0352
8.938,5.6859,0.934,0.347918,0.236,0.0442
8.948,5.6959,1.068,0.395846,0.268,0.0556
8.958,5.7059,1.226,0.454068,0.306,0.0698
8.968,5.7159,1.406,0.52057,0.35,0.0864
8.978,5.7259,1.602,0.593184,0.398,0.1054
8.988,5.7359,1.812,0.671186,0.45,0.1264
8.998,5.7459,2.02,0.75,0.502,0.1488
9.008,5.7559,2.226,0.82478,0.554,0.172
9.018,5.7659,2.418,0.89888,0.606,0.1952
9.028,5.7759,2.59,0.95984,0.652,0.218
9.038,5.7859,2.736,1.01522,0.692,0.238
9.048,5.7959,2.846,1.05644,0.726,0.254
9.058,5.8059,2.926,1.0832,0.75,0.268
9.068,5.8159,2.972,1.0956,0.764,0.278
9.078,5.8259,2.982,1.09312,0.768,0.282
9.088,5.8359,2.958,1.07654,0.764,0.282
9.098,5.8459,2.908,1.04992,0.75,0.278
9.108,5.8559,2.836,1.01744,0.73,0.27
9.118,5.8659,2.746,0.97162,0.706,0.256
9.128,5.8759,2.65,0.92898,0.678,0.24
9.138,5.8859,2.556,0.88218,0.652,0.224
9.148,5.8959,2.47,0.83518,0.626,0.204
9.158,5.9059,2.398,0.79688,0.606,0.1856
9.168,5.9159,2.35,0.76726,0.592,0.1672
9.178,5.9259,2.326,0.746776,0.586,0.15
9.188,5.9359,2.328,0.73539,0.588,0.1344
9.198,5.9459,2.358,0.737344,0.596,0.121
9.208,5.9559,2.414,0.744442,0.612,0.1098
9.218,5.9659,2.488,0.760842,0.634,0.1006
9.228,5.9759,2.578,0.786302,0.66,0.0934
9.238,5.9859,2.674,0.81266,0.686,0.0878
9.248,5.9959,2.77,0.83587,0.71,0.0836
9.258,6.0059,2.86,0.859454,0.732,0.0804
9.268,6.0159,2.936,0.879442,0.748,0.0778
9.278,6.0259,3,0.887798,0.756,0.0756
9.288,6.0359,3.042,0.892316,0.76,0.0734
9.298,6.0459,3.066,0.884994,0.754,0.0712
9.308,6.0559,3.076,0.865556,0.742,0.069
9.318,6.0659,3.066,0.842278,0.722,0.0664
9.328,6.0759,3.048,0.807122,0.696,0.0636
9.338,6.0859,3.016,0.771926,0.668,0.0606
9.348,6.0959,2.982,0.729256,0.634,0.0576
9.358,6.1059,2.948,0.682908,0.6,0.0542
9.368,6.1159,2.906,0.641162,0.564,0.0508
9.378,6.1259,2.86,0.596022,0.53,0.0474
9.388,6.1359,2.814,0.559846,0.498,0.0438
9.398,6.1459,2.762,0.528516,0.468,0.0404
9.408,6.1559,2.702,0.50199,0.44,0.037
9.418,6.1659,2.632,0.48052,0.416,0.0338
9.428,6.1759,2.55,0.4667,0.396,0.0308
9.438,6.1859,2.456,0.459938,0.38,0.0282
9.448,6.1959,2.352,0.458836,0.366,0.0262
9.458,6.2059,2.234,0.463002,0.356,0.0246
9.468,6.2159,2.112,0.471832,0.348,0.0238
9.478,6.2259,1.984,0.48353,0.344,0.024
9.488,6.2359,1.858,0.497896,0.34,0.0252
9.498,6.2459,1.74,0.514344,0.342,0.0276
9.508,6.2559,1.64,0.534478,0.346,0.0316
9.518,6.2659,1.558,0.555708,0.354,0.0372
9.528,6.2759,1.506,0.576844,0.366,0.0446
9.538,6.2859,1.486,0.606702,0.384,0.054
9.548,6.2959,1.502,0.63764,0.408,0.0654
9.558,6.3059,1.556,0.67374,0.438,0.0788
9.568,6.3159,1.648,0.71556,0.474,0.0936
9.578,6.3259,1.772,0.75906,0.518,0.1098
9.588,6.3359,1.93,0.812,0.566,0.1268
9.598,6.3459,2.11,0.86644,0.62,0.144
9.608,6.3559,2.306,0.9216,0.678,0.1606
9.618,6.3659,2.514,0.97674,0.74,0.176
9.628,6.3759,2.72,1.03174,0.802,0.1896
9.638,6.3859,2.92,1.08058,0.862,0.2
9.648,6.3959,3.108,1.12724,0.92,0.208
9.658,6.4059,3.274,1.16166,0.974,0.214
9.668,6.4159,3.418,1.18784,1.022,0.216
9.678,6.4259,3.538,1.20176,1.062,0.214
9.688,6.4359,3.63,1.20344,1.092,0.212
9.698,6.4459,3.696,1.19088,1.112,0.206
9.708,6.4559,3.73,1.17018,1.122,0.2
9.718,6.4659,3.742,1.1333,1.122,0.1938
9.728,6.4759,3.73,1.0863,1.108,0.1872
9.738,6.4859,3.698,1.03122,1.086,0.1814
9.748,6.4959,3.646,0.97016,1.054,0.1762
9.758,6.5059,3.582,0.9051,1.014,0.1722
9.768,6.5159,3.506,0.84012,0.966,0.1692
9.778,6.5259,3.422,0.77784,0.916,0.167
9.788,6.5359,3.338,0.72168,0.862,0.1654
9.798,6.5459,3.254,0.6773,0.808,0.1644
9.808,6.5559,3.178,0.6377,0.756,0.1634
9.818,6.5659,3.102,0.615896,0.706,0.1624
9.828,6.5759,3.038,0.608492,0.662,0.161
9.838,6.5859,2.984,0.616692,0.622,0.1592
9.848,6.5959,2.938,0.6399,0.59,0.1568
9.858,6.6059,2.898,0.68168,0.562,0.1538
9.868,6.6159,2.862,0.7364,0.54,0.15
9.878,6.6259,2.832,0.80208,0.524,0.1458
9.888,6.6359,2.798,0.875,0.51,0.141
9.898,6.6459,2.76,0.95196,0.502,0.1358
9.908,6.6559,2.712,1.02694,0.494,0.1302
9.918,6.6659,2.65,1.09982,0.488,0.1246
9.928,6.6759,2.574,1.15462,0.48,0.1192
9.938,6.6859,2.482,1.20322,0.472,0.1138
9.948,6.6959,2.37,1.22964,0.464,0.1088
9.958,6.7059,2.246,1.23592,0.454,0.1042
9.968,6.7159,2.102,1.22394,0.442,0.1004
9.978,6.7259,1.952,1.19376,0.43,0.0974
9.988,6.7359,1.796,1.14946,0.418,0.095
9.998,6.7459,1.642,1.087,0.406,0.0938
10.008,6.7559,1.492,1.01844,0.394,0.0934
10.018,6.7659,1.348,0.94786,0.382,0.094
10.028,6.7759,1.218,0.8692,0.372,0.0954
10.038,6.7859,1.102,0.79658,0.364,0.0974
10.048,6.7959,1.004,0.7248,0.356,0.0998
10.058,6.8059,0.918,0.65818,0.346,0.1022
10.068,6.8159,0.85,0.59402,0.338,0.1048
10.078,6.8259,0.792,0.53664,0.328,0.1068
10.088,6.8359,0.744,0.48366,0.316,0.1082
10.098,6.8459,0.7004,0.43308,0.302,0.1086
10.108,6.8559,0.6624,0.3871,0.286,0.1082
10.118,6.8659,0.6298,0.3445,0.268,0.1066
10.128,6.8759,0.5986,0.3057,0.248,0.104
10.138,6.8859,0.5722,0.270664,0.23,0.1006
10.148,6.8959,0.5462,0.24068,0.21,0.0966
10.158,6.9059,0.5254,0.216156,0.1934,0.0924
10.168,6.9159,0.5104,0.198896,0.1784,0.088
10.178,6.9259,0.504,0.189336,0.1664,0.0842
10.188,6.9359,0.509,0.189128,0.1582,0.081
10.198,6.9459,0.5262,0.19946,0.1548,0.079
10.208,6.9559,0.5582,0.222388,0.1562,0.0782
10.218,6.9659,0.6058,0.25794,0.1626,0.0788
10.228,6.9759,0.672,0.307116,0.1742,0.0808
10.238,6.9859,0.752,0.371116,0.1904,0.084
10.248,6.9959,0.844,0.44814,0.21,0.0884
10.258,7.0059,0.948,0.5362,0.234,0.0934
10.268,7.0159,1.058,0.63682,0.26,0.099
10.278,7.0259,1.168,0.74482,0.286,0.1046
10.288,7.0359,1.28,0.85646,0.312,0.11
10.298,7.0459,1.38,0.96652,0.336,0.115
10.308,7.0559,1.468,1.07246,0.358,0.1192
10.318,7.0659,1.542,1.16392,0.376,0.1224
10.328,7.0759,1.592,1.23916,0.388,0.125
10.338,7.0859,1.618,1.29806,0.396,0.1268
10.348,7.0959,1.618,1.33066,0.396,0.1276
10.358,7.1059,1.594,1.33688,0.392,0.128
10.368,7.1159,1.544,1.31874,0.382,0.1276
10.378,7.1259,1.478,1.27426,0.366,0.1266
10.388,7.1359,1.392,1.21142,0.348,0.1252
10.398,7.1459,1.3,1.13036,0.326,0.1232
10.408,7.1559,1.198,1.03626,0.304,0.1206
10.418,7.1659,1.096,0.9345,0.282,0.1176
10.428,7.1759,1.004,0.83304,0.26,0.114
10.438,7.1859,0.914,0.73446,0.242,0.1102
10.448,7.1959,0.844,0.64198,0.226,0.106
10.458,7.2059,0.79,0.55922,0.216,0.1018
10.468,7.2159,0.752,0.49104,0.212,0.0978
10.478,7.2259,0.7318,0.436268,0.212,0.0942
10.488,7.2359,0.7304,0.395724,0.22,0.0912
10.498,7.2459,0.7508,0.368996,0.232,0.089
10.508,7.2559,0.7884,0.356888,0.25,0.088
10.518,7.2659,0.838,0.358992,0.276,0.088
10.528,7.2759,0.9,0.371292,0.304,0.0892
10.538,7.2859,0.974,0.39496,0.336,0.0916
10.548,7.2959,1.052,0.42794,0.372,0.0948
10.558,7.3059,1.136,0.46744,0.41,0.0988
10.568,7.3159,1.218,0.5142,0.448,0.1032
10.578,7.3259,1.296,0.56378,0.484,0.1078
10.588,7.3359,1.366,0.6145,0.52,0.1124
10.598,7.3459,1.428,0.668,0.55,0.1166
10.608,7.3559,1.48,0.7162,0.578,0.1202
10.618,7.3659,1.514,0.76264,0.598,0.123
10.628,7.3759,1.534,0.80014,0.614,0.1248
10.638,7.3859,1.544,0.8322,0.622,0.1254
10.648,7.3959,1.534,0.8521,0.626,0.1248
10.658,7.4059,1.508,0.86782,0.622,0.1232
10.668,7.4159,1.474,0.87136,0.612,0.1204
10.678,7.4259,1.428,0.86278,0.598,0.1168
10.688,7.4359,1.376,0.84808,0.582,0.1122
10.698,7.4459,1.316,0.82938,0.56,0.107
10.708,7.4559,1.256,0.79866,0.538,0.1014
10.718,7.4659,1.198,0.76996,0.514,0.0956
10.728,7.4759,1.1424,0.73728,0.49,0.0898
10.738,7.4859,1.0862,0.69872,0.464,0.084
10.748,7.4959,1.0426,0.66428,0.44,0.0784
10.758,7.5059,1.0004,0.62972,0.418,0.0732
10.768,7.5159,0.9722,0.59548,0.396,0.0684
10.778,7.5259,0.959,0.56532,0.376,0.0642
10.788,7.5359,0.9612,0.5357,0.358,0.0606
10.798,7.5459,0.9796,0.51172,0.344,0.0578
10.808,7.5559,1.022,0.48948,0.334,0.0558
10.818,7.5659,1.096,0.47106,0.326,0.0544
10.828,7.5759,1.19,0.45656,0.324,0.054
10.838,7.5859,1.316,0.44632,0.328,0.0544
10.848,7.5959,1.468,0.44096,0.336,0.0554
10.858,7.6059,1.642,0.43924,0.35,0.0572
10.868,7.6159,1.832,0.44174,0.366,0.0592
10.878,7.6259,2.032,0.44668,0.386,0.0616
10.888,7.6359,2.228,0.45338,0.408,0.064
10.898,7.6459,2.412,0.46222,0.428,0.0658
10.908,7.6559,2.578,0.46896,0.448,0.0672
10.918,7.6659,2.706,0.47364,0.462,0.068
10.928,7.6759,2.796,0.47532,0.472,0.0676
10.938,7.6859,2.84,0.4736,0.474,0.0664
10.948,7.6959,2.84,0.4682,0.472,0.064
10.958,7.7059,2.79,0.4586,0.46,0.0608
10.968,7.7159,2.704,0.44488,0.444,0.057
10.978,7.7259,2.586,0.42826,0.422,0.0526
10.988,7.7359,2.44,0.40802,0.396,0.0478
10.998,7.7459,2.282,0.388312,0.366,0.0432
11.008,7.7559,2.122,0.368272,0.336,0.0388
11.018,7.7659,1.97,0.349076,0.308,0.0346
11.028,7.7759,1.826,0.331556,0.282,0.031
11.038,7.7859,1.704,0.316132,0.258,0.0278
11.048,7.7959,1.604,0.302628,0.24,0.0252
11.058,7.8059,1.526,0.292204,0.226,0.0232
11.068,7.8159,1.47,0.283476,0.218,0.0214
11.078,7.8259,1.44,0.27782,0.214,0.0202
11.088,7.8359,1.428,0.273636,0.216,0.01906
11.098,7.8459,1.438,0.27294,0.224,0.01814
11.108,7.8559,1.46,0.274672,0.238,0.0173
11.118,7.8659,1.5,0.279492,0.256,0.01654
11.128,7.8759,1.554,0.28734,0.278,0.0158
11.138,7.8859,1.616,0.299856,0.304,0.01508
11.148,7.8959,1.692,0.31602,0.334,0.0144
11.158,7.9059,1.776,0.336032,0.368,0.01374
11.168,7.9159,1.864,0.360688,0.404,0.01314
11.178,7.9259,1.958,0.38834,0.444,0.01258
11.188,7.9359,2.054,0.41838,0.486,0.01208
11.198,7.9459,2.146,0.45002,0.53,0.01162
11.208,7.9559,2.236,0.48322,0.574,0.0112
11.218,7.9659,2.314,0.51358,0.618,0.0108
11.228,7.9759,2.384,0.5434,0.662,0.0104
11.238,7.9859,2.444,0.56558,0.704,0.00998
11.248,7.9959,2.486,0.58566,0.74,0.00956
11.258,8.0059,2.514,0.59762,0.77,0.00912
11.268,8.0159,2.518,0.60148,0.792,0.00868
11.278,8.0259,2.504,0.5976,0.806,0.0082
11.288,8.0359,2.47,0.58444,0.808,0.00772
11.298,8.0459,2.41,0.56356,0.8,0.00722
11.308,8.0559,2.332,0.53622,0.778,0.00674
11.318,8.0659,2.23,0.502,0.746,0.0063
11.328,8.0759,2.11,0.462716,0.704,0.0059
11.338,8.0859,1.974,0.420616,0.654,0.00556
11.348,8.0959,1.83,0.377308,0.598,0.00534
11.358,8.1059,1.674,0.334588,0.54,0.00526
11.368,8.1159,1.524,0.294332,0.48,0.00536
11.378,8.1259,1.38,0.257518,0.424,0.00572
11.388,8.1359,1.246,0.226592,0.374,0.00636
11.398,8.1459,1.132,0.202366,0.33,0.00734
11.408,8.1559,1.046,0.18485,0.296,0.00868
11.418,8.1659,0.988,0.175462,0.272,0.0104
11.428,8.1759,0.96,0.174402,0.256,0.01254
11.438,8.1859,0.974,0.180672,0.252,0.01504
11.448,8.1959,1.016,0.194474,0.258,0.01788
11.458,8.2059,1.094,0.215398,0.272,0.021
11.468,8.2159,1.198,0.24143,0.292,0.0242
11.478,8.2259,1.332,0.272162,0.318,0.0274
11.488,8.2359,1.48,0.30618,0.346,0.0306
11.498,8.2459,1.642,0.341848,0.374,0.0336
11.508,8.2559,1.804,0.3782,0.402,0.0362
11.518,8.2659,1.958,0.414154,0.426,0.0384
11.528,8.2759,2.1,0.44774,0.446,0.04
11.538,8.2859,2.222,0.4785,0.46,0.041
11.548,8.2959,2.324,0.50524,0.468,0.0414
11.558,8.3059,2.39,0.52814,0.47,0.0412
11.568,8.3159,2.424,0.5456,0.466,0.0406
11.578,8.3259,2.424,0.55858,0.456,0.0396
11.588,8.3359,2.394,0.56544,0.438,0.0382
11.598,8.3459,2.332,0.56982,0.418,0.0368
11.608,8.3559,2.246,0.57014,0.396,0.0352
11.618,8.3659,2.138,0.56636,0.37,0.0338
11.628,8.3759,2.016,0.56332,0.344,0.0328
11.638,8.3859,1.884,0.55824,0.32,0.0322
11.648,8.3959,1.754,0.55676,0.296,0.032
11.658,8.4059,1.63,0.55814,0.276,0.0328
11.668,8.4159,1.518,0.56722,0.262,0.0342
11.678,8.4259,1.422,0.58282,0.252,0.0368
11.688,8.4359,1.348,0.60746,0.248,0.0402
11.698,8.4459,1.3,0.6419,0.25,0.0446
11.708,8.4559,1.278,0.68578,0.258,0.05
11.718,8.4659,1.28,0.73944,0.272,0.0562
11.728,8.4759,1.306,0.79732,0.29,0.0632
11.738,8.4859,1.352,0.86084,0.31,0.0704
11.748,8.4959,1.408,0.92844,0.332,0.0776
11.758,8.5059,1.472,0.98796,0.356,0.0848
11.768,8.5159,1.54,1.04138,0.378,0.0912
11.778,8.5259,1.608,1.08048,0.398,0.0966
11.788,8.5359,1.666,1.10526,0.416,0.1006
11.798,8.5459,1.718,1.11368,0.428,0.1032
11.808,8.5559,1.754,1.10168,0.434,0.104
11.818,8.5659,1.78,1.0752,0.436,0.1032
11.828,8.5759,1.798,1.02832,0.432,0.1006
11.838,8.5859,1.8,0.96708,0.424,0.0964
11.848,8.5959,1.794,0.8955,0.41,0.0908
11.858,8.6059,1.784,0.81364,0.394,0.084
11.868,8.6159,1.768,0.72766,0.376,0.0766
11.878,8.6259,1.742,0.63752,0.356,0.0686
11.888,8.6359,1.72,0.55044,0.334,0.0604
11.898,8.6459,1.692,0.46678,0.314,0.0524
11.908,8.6559,1.666,0.38966,0.294,0.045
11.918,8.6659,1.636,0.32006,0.278,0.0384
11.928,8.6759,1.614,0.259916,0.262,0.0328
11.938,8.6859,1.59,0.209838,0.25,0.0286
11.948,8.6959,1.57,0.169152,0.242,0.0254
11.958,8.7059,1.556,0.137938,0.236,0.024
11.968,8.7159,1.548,0.115982,0.234,0.0238
11.978,8.7259,1.548,0.10288,0.238,0.0252
11.988,8.7359,1.564,0.09741,0.244,0.028
11.998,8.7459,1.588,0.099568,0.254,0.0322
12.008,8.7559,1.63,0.108728,0.268,0.0376
12.018,8.7659,1.686,0.124266,0.286,0.044
12.028,8.7759,1.762,0.144932,0.308,0.051
12.038,8.7859,1.844,0.171142,0.332,0.0584
12.048,8.7959,1.938,0.2012,0.356,0.0656
12.058,8.8059,2.036,0.2351,0.382,0.0724
12.068,8.8159,2.138,0.27178,0.406,0.0784
12.078,8.8259,2.23,0.3098,0.428,0.083
12.088,8.8359,2.31,0.34812,0.446,0.086
12.098,8.8459,2.374,0.38572,0.46,0.0872
12.108,8.8559,2.418,0.42138,0.47,0.0866
12.118,8.8659,2.436,0.45448,0.474,0.0842
12.128,8.8759,2.426,0.48302,0.474,0.0802
12.138,8.8859,2.392,0.507,0.47,0.075
12.148,8.8959,2.334,0.52682,0.462,0.0686
12.158,8.9059,2.26,0.53934,0.452,0.0616
12.168,8.9159,2.168,0.54664,0.442,0.0544
12.178,8.9259,2.072,0.54946,0.432,0.0474
12.188,8.9359,1.968,0.55066,0.424,0.0408
12.198,8.9459,1.862,0.54632,0.418,0.035
12.208,8.9559,1.764,0.54128,0.416,0.03
12.218,8.9659,1.67,0.53788,0.416,0.0262
12.228,8.9759,1.59,0.53382,0.42,0.0232
12.238,8.9859,1.516,0.53144,0.426,0.021
12.248,8.9959,1.454,0.53082,0.432,0.01982
12.258,9.0059,1.4,0.53102,0.44,0.01928
12.268,9.0159,1.352,0.53656,0.446,0.01934
12.278,9.0259,1.316,0.5401,0.45,0.01988
12.288,9.0359,1.282,0.54768,0.452,0.0208
12.298,9.0459,1.25,0.5549,0.45,0.0222
12.308,9.0559,1.222,0.56168,0.448,0.0238
12.318,9.0659,1.2,0.56962,0.442,0.026
12.328,9.0759,1.188,0.57678,0.438,0.0286
12.338,9.0859,1.184,0.58354,0.434,0.032
12.348,9.0959,1.194,0.59146,0.432,0.0364
12.358,9.1059,1.221,0.59948,0.434,0.0416
12.368,9.1159,1.262,0.60948,0.442,0.0482
12.378,9.1259,1.324,0.61794,0.456,0.0558
12.388,9.1359,1.404,0.62682,0.476,0.0644
12.398,9.1459,1.5,0.63458,0.5,0.0742
12.408,9.1559,1.612,0.6432,0.53,0.0846
12.418,9.1659,1.738,0.65224,0.564,0.0954
12.428,9.1759,1.866,0.6577,0.598,0.1058
12.438,9.1859,1.99,0.6635,0.63,0.1158
12.448,9.1959,2.108,0.66534,0.658,0.1242
12.458,9.2059,2.206,0.66664,0.678,0.131
12.468,9.2159,2.286,0.66344,0.69,0.1356
12.478,9.2259,2.338,0.65772,0.694,0.1374
12.488,9.2359,2.354,0.6494,0.684,0.1366
12.498,9.2459,2.342,0.63936,0.666,0.133
12.508,9.2559,2.294,0.62594,0.636,0.127
12.518,9.2659,2.214,0.61192,0.598,0.1186
12.528,9.2759,2.108,0.5958,0.552,0.1088
12.538,9.2859,1.978,0.58072,0.502,0.0976
12.548,9.2959,1.828,0.56562,0.448,0.0858
12.558,9.3059,1.672,0.5529,0.396,0.074
12.568,9.3159,1.51,0.54538,0.344,0.0624
12.578,9.3259,1.346,0.54032,0.294,0.0516
12.588,9.3359,1.192,0.54014,0.25,0.0418
12.598,9.3459,1.044,0.54552,0.21,0.0334
12.608,9.3559,0.914,0.55422,0.1768,0.026
12.618,9.3659,0.8,0.5674,0.1478,0.01986
12.628,9.3759,0.702,0.57888,0.1236,0.0149
12.638,9.3859,0.6184,0.58942,0.1038,0.01096
12.648,9.3959,0.5488,0.59892,0.0876,0.00792
12.658,9.4059,0.4916,0.603641,0.0746,0.0056
12.668,9.4159,0.4442,0.602844,0.0638,0.0039
12.678,9.4259,0.4047,0.592726,0.0548,0.00266
12.688,9.4359,0.3696,0.57248,0.0472,0.001782
12.698,9.4459,0.338,0.546042,0.0406,0.001174
12.708,9.4559,0.3088,0.512932,0.0346,0.000758
12.718,9.4659,0.2794,0.472952,0.0294,0.000482
12.728,9.4759,0.251,0.42976,0.0248,0.0003
12.738,9.4859,0.2228,0.380431,0.0206,0.0001836
12.748,9.4959,0.1948,0.331141,0.01686,0.0001104
12.758,9.5059,0.1676,0.28301,0.01358,6.52e-05
12.768,9.5159,0.1414,0.236766,0.01074,3.78e-05
12.778,9.5259,0.1175,0.194367,0.00834,2.16e-05
12.788,9.5359,0.09564,0.156558,0.00636,1.204e-05
12.798,9.5459,0.07638,0.123323,0.00476,6.62e-06
12.808,9.5559,0.05975,0.095439,0.00348,3.56e-06
12.818,9.5659,0.04572,0.0720849,0.0025,1.888e-06
12.828,9.5759,0.0343,0.0536459,0.001762,9.82e-07
12.838,9.5859,0.0253,0.0389034,0.001216,5.02e-07
12.848,9.5959,0.0182,0.0276818,0.00082,2.52e-07
12.858,9.6059,0.01284,0.0193269,0.000544,1.245e-07
12.868,9.6159,0.008856,0.0131867,0.000352,6.07e-08
12.878,9.6259,0.005982,0.0088455,0.000224,2.91e-08
12.888,9.6359,0.00396,0.00577473,0.000139,1.385e-08
12.898,9.6459,0.00256,0.00371056,8.48e-05,6.53e-09
12.908,9.6559,0.00162,0.00233047,5.06e-05,3.06e-09
12.918,9.6659,0.0010048,0.00143363,2.96e-05,1.439e-09
12.928,9.6759,0.0006082,0.000864295,1.696e-05,6.78e-10
12.938,9.6859,0.0003624,0.000507967,9.52e-06,3.22e-10
12.948,9.6959,0.00021,0.000294123,5.24e-06,1.546e-10
12.958,9.7059,0.00011942,0.00016592,2.82e-06,7.5e-11
12.968,9.7159,6.638e-05,9.17727e-05,1.494e-06,3.66e-11
12.978,9.7259,3.608e-05,4.95763e-05,7.74e-07,1.79e-11
12.988,9.7359,1.922e-05,2.63841e-05,3.92e-07,8.87e-12
