# licl_mp-22905 total DOS (QE dos.x, degauss 0.007 Ry). VBM 1.576 / CBM 7.836 / gap 6.260 eV from fixed-occ nscf eigenvalues. DO NOT read the gap off this curve (smearing underestimates ~0.3 eV). ⚠ STALE: 이 곡선은 04_nscf_dos 가 실패한 실행 폴더에 남아 있던 이전 실행의 산출물이다. 갭(6.260 eV, 03 단계)은 무관하게 유효. 재실행 후 교체할 것.
E_eV,E_minus_VBM_eV,DOS_states_per_eV,integrated_DOS_states
-42.208,-43.7836,0.004984,4.984e-05
-42.198,-43.7736,0.009307,0.0001429
-42.188,-43.7636,0.017,0.0003129
-42.178,-43.7536,0.03038,0.0006167
-42.168,-43.7436,0.05309,0.001148
-42.158,-43.7336,0.09077,0.002055
-42.148,-43.7236,0.1518,0.003573
-42.138,-43.7136,0.2483,0.006057
-42.128,-43.7036,0.3974,0.01003
-42.118,-43.6936,0.6221,0.01625
-42.108,-43.6836,0.9526,0.02578
-42.098,-43.6736,1.427,0.04004
-42.088,-43.6636,2.091,0.06095
-42.078,-43.6536,2.996,0.09091
-42.068,-43.6436,4.201,0.1329
-42.058,-43.6336,5.761,0.1905
-42.048,-43.6236,7.728,0.2678
-42.038,-43.6136,10.14,0.3692
-42.028,-43.6036,13.02,0.4994
-42.018,-43.5936,16.35,0.6629
-42.008,-43.5836,20.08,0.8637
-41.998,-43.5736,24.12,1.105
-41.988,-43.5636,28.35,1.388
-41.978,-43.5536,32.6,1.714
-41.968,-43.5436,36.66,2.081
-41.958,-43.5336,40.33,2.484
-41.948,-43.5236,43.39,2.918
-41.938,-43.5136,45.68,3.375
-41.928,-43.5036,47.03,3.845
-41.918,-43.4936,47.37,4.319
-41.908,-43.4836,46.67,4.786
-41.898,-43.4736,44.98,5.236
-41.888,-43.4636,42.41,5.66
-41.878,-43.4536,39.11,6.051
-41.868,-43.4436,35.28,6.404
-41.858,-43.4336,31.13,6.715
-41.848,-43.4236,26.87,6.984
-41.838,-43.4136,22.69,7.21
-41.828,-43.4036,18.74,7.398
-41.818,-43.3936,15.14,7.549
-41.808,-43.3836,11.97,7.669
-41.798,-43.3736,9.251,7.761
-41.788,-43.3636,6.996,7.831
-41.778,-43.3536,5.175,7.883
-41.768,-43.3436,3.745,7.921
-41.758,-43.3336,2.651,7.947
-41.748,-43.3236,1.835,7.965
-41.738,-43.3136,1.243,7.978
-41.728,-43.3036,0.8235,7.986
-41.718,-43.2936,0.5337,7.991
-41.708,-43.2836,0.3384,7.995
-41.698,-43.2736,0.2098,7.997
-41.688,-43.2636,0.1273,7.998
-41.678,-43.2536,0.07552,7.999
-41.668,-43.2436,0.04384,7.999
-41.658,-43.2336,0.02489,8
-41.648,-43.2236,0.01382,8
-41.638,-43.2136,0.00751,8
-41.628,-43.2036,0.003991,8
-41.618,-43.1936,0.002075,8
-41.608,-43.1836,0.001055,8
-41.598,-43.1736,0.0005248,8
-41.588,-43.1636,0.0002554,8
-41.578,-43.1536,0.0001216,8
-41.568,-43.1436,5.66e-05,8
-41.558,-43.1336,2.578e-05,8
-41.548,-43.1236,1.148e-05,8
-41.538,-43.1136,5.004e-06,8
-41.528,-43.1036,2.133e-06,8
-41.518,-43.0936,8.896e-07,8
-41.508,-43.0836,3.629e-07,8
-41.498,-43.0736,1.448e-07,8
-41.488,-43.0636,5.651e-08,8
-41.478,-43.0536,2.158e-08,8
-41.468,-43.0436,8.058e-09,8
-41.458,-43.0336,2.944e-09,8
-41.448,-43.0236,1.052e-09,8
-41.438,-43.0136,3.678e-10,8
-41.428,-43.0036,1.258e-10,8
-41.418,-42.9936,4.206e-11,8
-41.408,-42.9836,1.376e-11,8
-41.398,-42.9736,4.405e-12,8
-41.388,-42.9636,1.379e-12,8
-41.378,-42.9536,4.224e-13,8
-41.368,-42.9436,1.265e-13,8
-41.358,-42.9336,3.708e-14,8
-41.348,-42.9236,1.063e-14,8
-41.338,-42.9136,2.981e-15,8
-41.328,-42.9036,8.175e-16,8
-41.318,-42.8936,2.194e-16,8
-41.308,-42.8836,5.757e-17,8
-41.298,-42.8736,1.478e-17,8
-41.288,-42.8636,3.712e-18,8
-41.278,-42.8536,9.119e-19,8
-41.268,-42.8436,2.191e-19,8
-41.258,-42.8336,5.151e-20,8
-41.248,-42.8236,1.184e-20,8
-41.238,-42.8136,2.664e-21,8
-41.228,-42.8036,5.862e-22,8
-41.218,-42.7936,1.262e-22,8
-41.208,-42.7836,2.656e-23,8
-41.198,-42.7736,5.47e-24,8
-41.188,-42.7636,1.102e-24,8
-41.178,-42.7536,2.171e-25,8
-41.168,-42.7436,4.185e-26,8
-41.158,-42.7336,7.892e-27,8
-41.148,-42.7236,1.456e-27,8
-41.138,-42.7136,2.626e-28,8
-41.128,-42.7036,4.635e-29,8
-41.118,-42.6936,8.001e-30,8
-41.108,-42.6836,1.351e-30,8
-41.098,-42.6736,2.232e-31,8
-41.088,-42.6636,3.607e-32,8
-41.078,-42.6536,5.701e-33,8
-41.068,-42.6436,8.815e-34,8
-41.058,-42.6336,1.333e-34,8
-41.048,-42.6236,1.973e-35,8
-41.038,-42.6136,2.855e-36,8
-41.028,-42.6036,4.042e-37,8
-41.018,-42.5936,5.597e-38,8
-41.008,-42.5836,7.582e-39,8
-40.998,-42.5736,1.005e-39,8
-40.988,-42.5636,1.302e-40,8
-40.978,-42.5536,1.651e-41,8
-40.968,-42.5436,2.048e-42,8
-40.958,-42.5336,2.484e-43,8
-40.948,-42.5236,2.948e-44,8
-40.938,-42.5136,3.423e-45,8
-40.928,-42.5036,3.887e-46,8
-40.918,-42.4936,4.317e-47,8
-40.908,-42.4836,4.691e-48,8
-40.898,-42.4736,4.986e-49,8
-40.888,-42.4636,5.184e-50,8
-40.878,-42.4536,5.273e-51,8
-40.868,-42.4436,5.246e-52,8
-40.858,-42.4336,5.105e-53,8
-40.848,-42.4236,4.86e-54,8
-40.838,-42.4136,4.525e-55,8
-40.828,-42.4036,4.122e-56,8
-40.818,-42.3936,3.673e-57,8
-40.808,-42.3836,3.201e-58,8
-40.798,-42.3736,2.729e-59,8
-40.788,-42.3636,2.276e-60,8
-40.778,-42.3536,1.857e-61,8
-40.768,-42.3436,1.482e-62,8
-40.758,-42.3336,1.157e-63,8
-40.748,-42.3236,8.834e-65,8
-40.738,-42.3136,6.599e-66,8
-40.728,-42.3036,4.821e-67,8
-40.718,-42.2936,3.446e-68,8
-40.708,-42.2836,2.409e-69,8
-40.698,-42.2736,1.648e-70,8
-40.688,-42.2636,1.102e-71,8
-40.678,-42.2536,7.213e-73,8
-40.668,-42.2436,4.618e-74,8
-40.658,-42.2336,2.891e-75,8
-40.648,-42.2236,1.771e-76,8
-40.638,-42.2136,1.061e-77,8
-40.628,-42.2036,6.219e-79,8
-40.618,-42.1936,3.566e-80,8
-40.608,-42.1836,2e-81,8
-40.598,-42.1736,1.102e-82,8
-40.588,-42.1636,6.395e-84,8
-40.578,-42.1536,8.173e-85,8
-40.568,-42.1436,5.739e-85,8
-40.558,-42.1336,5.739e-85,8
-40.548,-42.1236,5.739e-85,8
-40.538,-42.1136,5.739e-85,8
-40.528,-42.1036,5.739e-85,8
-40.518,-42.0936,5.739e-85,8
-40.508,-42.0836,5.739e-85,8
-40.498,-42.0736,5.739e-85,8
-40.488,-42.0636,5.739e-85,8
-40.478,-42.0536,5.739e-85,8
-40.468,-42.0436,5.739e-85,8
-40.458,-42.0336,5.739e-85,8
-40.448,-42.0236,5.739e-85,8
-40.438,-42.0136,5.739e-85,8
-40.428,-42.0036,5.739e-85,8
-40.418,-41.9936,5.739e-85,8
-40.408,-41.9836,5.739e-85,8
-40.398,-41.9736,5.739e-85,8
-40.388,-41.9636,5.739e-85,8
-40.378,-41.9536,5.739e-85,8
-40.368,-41.9436,5.739e-85,8
-40.358,-41.9336,5.739e-85,8
-40.348,-41.9236,5.739e-85,8
-40.338,-41.9136,5.739e-85,8
-40.328,-41.9036,5.739e-85,8
-40.318,-41.8936,5.739e-85,8
-40.308,-41.8836,5.739e-85,8
-40.298,-41.8736,5.739e-85,8
-40.288,-41.8636,5.739e-85,8
-40.278,-41.8536,5.739e-85,8
-40.268,-41.8436,5.739e-85,8
-40.258,-41.8336,5.739e-85,8
-40.248,-41.8236,5.739e-85,8
-40.238,-41.8136,5.739e-85,8
-40.228,-41.8036,5.739e-85,8
-40.218,-41.7936,5.739e-85,8
-40.208,-41.7836,5.739e-85,8
-40.198,-41.7736,5.739e-85,8
-40.188,-41.7636,5.739e-85,8
-40.178,-41.7536,5.739e-85,8
-40.168,-41.7436,5.739e-85,8
-40.158,-41.7336,5.739e-85,8
-40.148,-41.7236,5.739e-85,8
-40.138,-41.7136,5.739e-85,8
-40.128,-41.7036,5.739e-85,8
-40.118,-41.6936,5.739e-85,8
-40.108,-41.6836,5.739e-85,8
-40.098,-41.6736,5.739e-85,8
-40.088,-41.6636,5.739e-85,8
-40.078,-41.6536,5.739e-85,8
-40.068,-41.6436,5.739e-85,8
-40.058,-41.6336,5.739e-85,8
-40.048,-41.6236,5.739e-85,8
-40.038,-41.6136,5.739e-85,8
-40.028,-41.6036,5.739e-85,8
-40.018,-41.5936,5.739e-85,8
-40.008,-41.5836,5.739e-85,8
-39.998,-41.5736,5.739e-85,8
-39.988,-41.5636,5.739e-85,8
-39.978,-41.5536,5.739e-85,8
-39.968,-41.5436,5.739e-85,8
-39.958,-41.5336,5.739e-85,8
-39.948,-41.5236,5.739e-85,8
-39.938,-41.5136,5.739e-85,8
-39.928,-41.5036,5.739e-85,8
-39.918,-41.4936,5.739e-85,8
-39.908,-41.4836,5.739e-85,8
-39.898,-41.4736,5.739e-85,8
-39.888,-41.4636,5.739e-85,8
-39.878,-41.4536,5.739e-85,8
-39.868,-41.4436,5.739e-85,8
-39.858,-41.4336,5.739e-85,8
-39.848,-41.4236,5.739e-85,8
-39.838,-41.4136,5.739e-85,8
-39.828,-41.4036,5.739e-85,8
-39.818,-41.3936,5.739e-85,8
-39.808,-41.3836,5.739e-85,8
-39.798,-41.3736,5.739e-85,8
-39.788,-41.3636,5.739e-85,8
-39.778,-41.3536,5.739e-85,8
-39.768,-41.3436,5.739e-85,8
-39.758,-41.3336,5.739e-85,8
-39.748,-41.3236,5.739e-85,8
-39.738,-41.3136,5.739e-85,8
-39.728,-41.3036,5.739e-85,8
-39.718,-41.2936,5.739e-85,8
-39.708,-41.2836,5.739e-85,8
-39.698,-41.2736,5.739e-85,8
-39.688,-41.2636,5.739e-85,8
-39.678,-41.2536,5.739e-85,8
-39.668,-41.2436,5.739e-85,8
-39.658,-41.2336,5.739e-85,8
-39.648,-41.2236,5.739e-85,8
-39.638,-41.2136,5.739e-85,8
-39.628,-41.2036,5.739e-85,8
-39.618,-41.1936,5.739e-85,8
-39.608,-41.1836,5.739e-85,8
-39.598,-41.1736,5.739e-85,8
-39.588,-41.1636,5.739e-85,8
-39.578,-41.1536,5.739e-85,8
-39.568,-41.1436,5.739e-85,8
-39.558,-41.1336,5.739e-85,8
-39.548,-41.1236,5.739e-85,8
-39.538,-41.1136,5.739e-85,8
-39.528,-41.1036,5.739e-85,8
-39.518,-41.0936,5.739e-85,8
-39.508,-41.0836,5.739e-85,8
-39.498,-41.0736,5.739e-85,8
-39.488,-41.0636,5.739e-85,8
-39.478,-41.0536,5.739e-85,8
-39.468,-41.0436,5.739e-85,8
-39.458,-41.0336,5.739e-85,8
-39.448,-41.0236,5.739e-85,8
-39.438,-41.0136,5.739e-85,8
-39.428,-41.0036,5.739e-85,8
-39.418,-40.9936,5.739e-85,8
-39.408,-40.9836,5.739e-85,8
-39.398,-40.9736,5.739e-85,8
-39.388,-40.9636,5.739e-85,8
-39.378,-40.9536,5.739e-85,8
-39.368,-40.9436,5.739e-85,8
-39.358,-40.9336,5.739e-85,8
-39.348,-40.9236,5.739e-85,8
-39.338,-40.9136,5.739e-85,8
-39.328,-40.9036,5.739e-85,8
-39.318,-40.8936,5.739e-85,8
-39.308,-40.8836,5.739e-85,8
-39.298,-40.8736,5.739e-85,8
-39.288,-40.8636,5.739e-85,8
-39.278,-40.8536,5.739e-85,8
-39.268,-40.8436,5.739e-85,8
-39.258,-40.8336,5.739e-85,8
-39.248,-40.8236,5.739e-85,8
-39.238,-40.8136,5.739e-85,8
-39.228,-40.8036,5.739e-85,8
-39.218,-40.7936,5.739e-85,8
-39.208,-40.7836,5.739e-85,8
-39.198,-40.7736,5.739e-85,8
-39.188,-40.7636,5.739e-85,8
-39.178,-40.7536,5.739e-85,8
-39.168,-40.7436,5.739e-85,8
-39.158,-40.7336,5.739e-85,8
-39.148,-40.7236,5.739e-85,8
-39.138,-40.7136,5.739e-85,8
-39.128,-40.7036,5.739e-85,8
-39.118,-40.6936,5.739e-85,8
-39.108,-40.6836,5.739e-85,8
-39.098,-40.6736,5.739e-85,8
-39.088,-40.6636,5.739e-85,8
-39.078,-40.6536,5.739e-85,8
-39.068,-40.6436,5.739e-85,8
-39.058,-40.6336,5.739e-85,8
-39.048,-40.6236,5.739e-85,8
-39.038,-40.6136,5.739e-85,8
-39.028,-40.6036,5.739e-85,8
-39.018,-40.5936,5.739e-85,8
-39.008,-40.5836,5.739e-85,8
-38.998,-40.5736,5.739e-85,8
-38.988,-40.5636,5.739e-85,8
-38.978,-40.5536,5.739e-85,8
-38.968,-40.5436,5.739e-85,8
-38.958,-40.5336,5.739e-85,8
-38.948,-40.5236,5.739e-85,8
-38.938,-40.5136,5.739e-85,8
-38.928,-40.5036,5.739e-85,8
-38.918,-40.4936,5.739e-85,8
-38.908,-40.4836,5.739e-85,8
-38.898,-40.4736,5.739e-85,8
-38.888,-40.4636,5.739e-85,8
-38.878,-40.4536,5.739e-85,8
-38.868,-40.4436,5.739e-85,8
-38.858,-40.4336,5.739e-85,8
-38.848,-40.4236,5.739e-85,8
-38.838,-40.4136,5.739e-85,8
-38.828,-40.4036,5.739e-85,8
-38.818,-40.3936,5.739e-85,8
-38.808,-40.3836,5.739e-85,8
-38.798,-40.3736,5.739e-85,8
-38.788,-40.3636,5.739e-85,8
-38.778,-40.3536,5.739e-85,8
-38.768,-40.3436,5.739e-85,8
-38.758,-40.3336,5.739e-85,8
-38.748,-40.3236,5.739e-85,8
-38.738,-40.3136,5.739e-85,8
-38.728,-40.3036,5.739e-85,8
-38.718,-40.2936,5.739e-85,8
-38.708,-40.2836,5.739e-85,8
-38.698,-40.2736,5.739e-85,8
-38.688,-40.2636,5.739e-85,8
-38.678,-40.2536,5.739e-85,8
-38.668,-40.2436,5.739e-85,8
-38.658,-40.2336,5.739e-85,8
-38.648,-40.2236,5.739e-85,8
-38.638,-40.2136,5.739e-85,8
-38.628,-40.2036,5.739e-85,8
-38.618,-40.1936,5.739e-85,8
-38.608,-40.1836,5.739e-85,8
-38.598,-40.1736,5.739e-85,8
-38.588,-40.1636,5.739e-85,8
-38.578,-40.1536,5.739e-85,8
-38.568,-40.1436,5.739e-85,8
-38.558,-40.1336,5.739e-85,8
-38.548,-40.1236,5.739e-85,8
-38.538,-40.1136,5.739e-85,8
-38.528,-40.1036,5.739e-85,8
-38.518,-40.0936,5.739e-85,8
-38.508,-40.0836,5.739e-85,8
-38.498,-40.0736,5.739e-85,8
-38.488,-40.0636,5.739e-85,8
-38.478,-40.0536,5.739e-85,8
-38.468,-40.0436,5.739e-85,8
-38.458,-40.0336,5.739e-85,8
-38.448,-40.0236,5.739e-85,8
-38.438,-40.0136,5.739e-85,8
-38.428,-40.0036,5.739e-85,8
-38.418,-39.9936,5.739e-85,8
-38.408,-39.9836,5.739e-85,8
-38.398,-39.9736,5.739e-85,8
-38.388,-39.9636,5.739e-85,8
-38.378,-39.9536,5.739e-85,8
-38.368,-39.9436,5.739e-85,8
-38.358,-39.9336,5.739e-85,8
-38.348,-39.9236,5.739e-85,8
-38.338,-39.9136,5.739e-85,8
-38.328,-39.9036,5.739e-85,8
-38.318,-39.8936,5.739e-85,8
-38.308,-39.8836,5.739e-85,8
-38.298,-39.8736,5.739e-85,8
-38.288,-39.8636,5.739e-85,8
-38.278,-39.8536,5.739e-85,8
-38.268,-39.8436,5.739e-85,8
-38.258,-39.8336,5.739e-85,8
-38.248,-39.8236,5.739e-85,8
-38.238,-39.8136,5.739e-85,8
-38.228,-39.8036,5.739e-85,8
-38.218,-39.7936,5.739e-85,8
-38.208,-39.7836,5.739e-85,8
-38.198,-39.7736,5.739e-85,8
-38.188,-39.7636,5.739e-85,8
-38.178,-39.7536,5.739e-85,8
-38.168,-39.7436,5.739e-85,8
-38.158,-39.7336,5.739e-85,8
-38.148,-39.7236,5.739e-85,8
-38.138,-39.7136,5.739e-85,8
-38.128,-39.7036,5.739e-85,8
-38.118,-39.6936,5.739e-85,8
-38.108,-39.6836,5.739e-85,8
-38.098,-39.6736,5.739e-85,8
-38.088,-39.6636,5.739e-85,8
-38.078,-39.6536,5.739e-85,8
-38.068,-39.6436,5.739e-85,8
-38.058,-39.6336,5.739e-85,8
-38.048,-39.6236,5.739e-85,8
-38.038,-39.6136,5.739e-85,8
-38.028,-39.6036,5.739e-85,8
-38.018,-39.5936,5.739e-85,8
-38.008,-39.5836,5.739e-85,8
-37.998,-39.5736,5.739e-85,8
-37.988,-39.5636,5.739e-85,8
-37.978,-39.5536,5.739e-85,8
-37.968,-39.5436,5.739e-85,8
-37.958,-39.5336,5.739e-85,8
-37.948,-39.5236,5.739e-85,8
-37.938,-39.5136,5.739e-85,8
-37.928,-39.5036,5.739e-85,8
-37.918,-39.4936,5.739e-85,8
-37.908,-39.4836,5.739e-85,8
-37.898,-39.4736,5.739e-85,8
-37.888,-39.4636,5.739e-85,8
-37.878,-39.4536,5.739e-85,8
-37.868,-39.4436,5.739e-85,8
-37.858,-39.4336,5.739e-85,8
-37.848,-39.4236,5.739e-85,8
-37.838,-39.4136,5.739e-85,8
-37.828,-39.4036,5.739e-85,8
-37.818,-39.3936,5.739e-85,8
-37.808,-39.3836,5.739e-85,8
-37.798,-39.3736,5.739e-85,8
-37.788,-39.3636,5.739e-85,8
-37.778,-39.3536,5.739e-85,8
-37.768,-39.3436,5.739e-85,8
-37.758,-39.3336,5.739e-85,8
-37.748,-39.3236,5.739e-85,8
-37.738,-39.3136,5.739e-85,8
-37.728,-39.3036,5.739e-85,8
-37.718,-39.2936,5.739e-85,8
-37.708,-39.2836,5.739e-85,8
-37.698,-39.2736,5.739e-85,8
-37.688,-39.2636,5.739e-85,8
-37.678,-39.2536,5.739e-85,8
-37.668,-39.2436,5.739e-85,8
-37.658,-39.2336,5.739e-85,8
-37.648,-39.2236,5.739e-85,8
-37.638,-39.2136,5.739e-85,8
-37.628,-39.2036,5.739e-85,8
-37.618,-39.1936,5.739e-85,8
-37.608,-39.1836,5.739e-85,8
-37.598,-39.1736,5.739e-85,8
-37.588,-39.1636,5.739e-85,8
-37.578,-39.1536,5.739e-85,8
-37.568,-39.1436,5.739e-85,8
-37.558,-39.1336,5.739e-85,8
-37.548,-39.1236,5.739e-85,8
-37.538,-39.1136,5.739e-85,8
-37.528,-39.1036,5.739e-85,8
-37.518,-39.0936,5.739e-85,8
-37.508,-39.0836,5.739e-85,8
-37.498,-39.0736,5.739e-85,8
-37.488,-39.0636,5.739e-85,8
-37.478,-39.0536,5.739e-85,8
-37.468,-39.0436,5.739e-85,8
-37.458,-39.0336,5.739e-85,8
-37.448,-39.0236,5.739e-85,8
-37.438,-39.0136,5.739e-85,8
-37.428,-39.0036,5.739e-85,8
-37.418,-38.9936,5.739e-85,8
-37.408,-38.9836,5.739e-85,8
-37.398,-38.9736,5.739e-85,8
-37.388,-38.9636,5.739e-85,8
-37.378,-38.9536,5.739e-85,8
-37.368,-38.9436,5.739e-85,8
-37.358,-38.9336,5.739e-85,8
-37.348,-38.9236,5.739e-85,8
-37.338,-38.9136,5.739e-85,8
-37.328,-38.9036,5.739e-85,8
-37.318,-38.8936,5.739e-85,8
-37.308,-38.8836,5.739e-85,8
-37.298,-38.8736,5.739e-85,8
-37.288,-38.8636,5.739e-85,8
-37.278,-38.8536,5.739e-85,8
-37.268,-38.8436,5.739e-85,8
-37.258,-38.8336,5.739e-85,8
-37.248,-38.8236,5.739e-85,8
-37.238,-38.8136,5.739e-85,8
-37.228,-38.8036,5.739e-85,8
-37.218,-38.7936,5.739e-85,8
-37.208,-38.7836,5.739e-85,8
-37.198,-38.7736,5.739e-85,8
-37.188,-38.7636,5.739e-85,8
-37.178,-38.7536,5.739e-85,8
-37.168,-38.7436,5.739e-85,8
-37.158,-38.7336,5.739e-85,8
-37.148,-38.7236,5.739e-85,8
-37.138,-38.7136,5.739e-85,8
-37.128,-38.7036,5.739e-85,8
-37.118,-38.6936,5.739e-85,8
-37.108,-38.6836,5.739e-85,8
-37.098,-38.6736,5.739e-85,8
-37.088,-38.6636,5.739e-85,8
-37.078,-38.6536,5.739e-85,8
-37.068,-38.6436,5.739e-85,8
-37.058,-38.6336,5.739e-85,8
-37.048,-38.6236,5.739e-85,8
-37.038,-38.6136,5.739e-85,8
-37.028,-38.6036,5.739e-85,8
-37.018,-38.5936,5.739e-85,8
-37.008,-38.5836,5.739e-85,8
-36.998,-38.5736,5.739e-85,8
-36.988,-38.5636,5.739e-85,8
-36.978,-38.5536,5.739e-85,8
-36.968,-38.5436,5.739e-85,8
-36.958,-38.5336,5.739e-85,8
-36.948,-38.5236,5.739e-85,8
-36.938,-38.5136,5.739e-85,8
-36.928,-38.5036,5.739e-85,8
-36.918,-38.4936,5.739e-85,8
-36.908,-38.4836,5.739e-85,8
-36.898,-38.4736,5.739e-85,8
-36.888,-38.4636,5.739e-85,8
-36.878,-38.4536,5.739e-85,8
-36.868,-38.4436,5.739e-85,8
-36.858,-38.4336,5.739e-85,8
-36.848,-38.4236,5.739e-85,8
-36.838,-38.4136,5.739e-85,8
-36.828,-38.4036,5.739e-85,8
-36.818,-38.3936,5.739e-85,8
-36.808,-38.3836,5.739e-85,8
-36.798,-38.3736,5.739e-85,8
-36.788,-38.3636,5.739e-85,8
-36.778,-38.3536,5.739e-85,8
-36.768,-38.3436,5.739e-85,8
-36.758,-38.3336,5.739e-85,8
-36.748,-38.3236,5.739e-85,8
-36.738,-38.3136,5.739e-85,8
-36.728,-38.3036,5.739e-85,8
-36.718,-38.2936,5.739e-85,8
-36.708,-38.2836,5.739e-85,8
-36.698,-38.2736,5.739e-85,8
-36.688,-38.2636,5.739e-85,8
-36.678,-38.2536,5.739e-85,8
-36.668,-38.2436,5.739e-85,8
-36.658,-38.2336,5.739e-85,8
-36.648,-38.2236,5.739e-85,8
-36.638,-38.2136,5.739e-85,8
-36.628,-38.2036,5.739e-85,8
-36.618,-38.1936,5.739e-85,8
-36.608,-38.1836,5.739e-85,8
-36.598,-38.1736,5.739e-85,8
-36.588,-38.1636,5.739e-85,8
-36.578,-38.1536,5.739e-85,8
-36.568,-38.1436,5.739e-85,8
-36.558,-38.1336,5.739e-85,8
-36.548,-38.1236,5.739e-85,8
-36.538,-38.1136,5.739e-85,8
-36.528,-38.1036,5.739e-85,8
-36.518,-38.0936,5.739e-85,8
-36.508,-38.0836,5.739e-85,8
-36.498,-38.0736,5.739e-85,8
-36.488,-38.0636,5.739e-85,8
-36.478,-38.0536,5.739e-85,8
-36.468,-38.0436,5.739e-85,8
-36.458,-38.0336,5.739e-85,8
-36.448,-38.0236,5.739e-85,8
-36.438,-38.0136,5.739e-85,8
-36.428,-38.0036,5.739e-85,8
-36.418,-37.9936,5.739e-85,8
-36.408,-37.9836,5.739e-85,8
-36.398,-37.9736,5.739e-85,8
-36.388,-37.9636,5.739e-85,8
-36.378,-37.9536,5.739e-85,8
-36.368,-37.9436,5.739e-85,8
-36.358,-37.9336,5.739e-85,8
-36.348,-37.9236,5.739e-85,8
-36.338,-37.9136,5.739e-85,8
-36.328,-37.9036,5.739e-85,8
-36.318,-37.8936,5.739e-85,8
-36.308,-37.8836,5.739e-85,8
-36.298,-37.8736,5.739e-85,8
-36.288,-37.8636,5.739e-85,8
-36.278,-37.8536,5.739e-85,8
-36.268,-37.8436,5.739e-85,8
-36.258,-37.8336,5.739e-85,8
-36.248,-37.8236,5.739e-85,8
-36.238,-37.8136,5.739e-85,8
-36.228,-37.8036,5.739e-85,8
-36.218,-37.7936,5.739e-85,8
-36.208,-37.7836,5.739e-85,8
-36.198,-37.7736,5.739e-85,8
-36.188,-37.7636,5.739e-85,8
-36.178,-37.7536,5.739e-85,8
-36.168,-37.7436,5.739e-85,8
-36.158,-37.7336,5.739e-85,8
-36.148,-37.7236,5.739e-85,8
-36.138,-37.7136,5.739e-85,8
-36.128,-37.7036,5.739e-85,8
-36.118,-37.6936,5.739e-85,8
-36.108,-37.6836,5.739e-85,8
-36.098,-37.6736,5.739e-85,8
-36.088,-37.6636,5.739e-85,8
-36.078,-37.6536,5.739e-85,8
-36.068,-37.6436,5.739e-85,8
-36.058,-37.6336,5.739e-85,8
-36.048,-37.6236,5.739e-85,8
-36.038,-37.6136,5.739e-85,8
-36.028,-37.6036,5.739e-85,8
-36.018,-37.5936,5.739e-85,8
-36.008,-37.5836,5.739e-85,8
-35.998,-37.5736,5.739e-85,8
-35.988,-37.5636,5.739e-85,8
-35.978,-37.5536,5.739e-85,8
-35.968,-37.5436,5.739e-85,8
-35.958,-37.5336,5.739e-85,8
-35.948,-37.5236,5.739e-85,8
-35.938,-37.5136,5.739e-85,8
-35.928,-37.5036,5.739e-85,8
-35.918,-37.4936,5.739e-85,8
-35.908,-37.4836,5.739e-85,8
-35.898,-37.4736,5.739e-85,8
-35.888,-37.4636,5.739e-85,8
-35.878,-37.4536,5.739e-85,8
-35.868,-37.4436,5.739e-85,8
-35.858,-37.4336,5.739e-85,8
-35.848,-37.4236,5.739e-85,8
-35.838,-37.4136,5.739e-85,8
-35.828,-37.4036,5.739e-85,8
-35.818,-37.3936,5.739e-85,8
-35.808,-37.3836,5.739e-85,8
-35.798,-37.3736,5.739e-85,8
-35.788,-37.3636,5.739e-85,8
-35.778,-37.3536,5.739e-85,8
-35.768,-37.3436,5.739e-85,8
-35.758,-37.3336,5.739e-85,8
-35.748,-37.3236,5.739e-85,8
-35.738,-37.3136,5.739e-85,8
-35.728,-37.3036,5.739e-85,8
-35.718,-37.2936,5.739e-85,8
-35.708,-37.2836,5.739e-85,8
-35.698,-37.2736,5.739e-85,8
-35.688,-37.2636,5.739e-85,8
-35.678,-37.2536,5.739e-85,8
-35.668,-37.2436,5.739e-85,8
-35.658,-37.2336,5.739e-85,8
-35.648,-37.2236,5.739e-85,8
-35.638,-37.2136,5.739e-85,8
-35.628,-37.2036,5.739e-85,8
-35.618,-37.1936,5.739e-85,8
-35.608,-37.1836,5.739e-85,8
-35.598,-37.1736,5.739e-85,8
-35.588,-37.1636,5.739e-85,8
-35.578,-37.1536,5.739e-85,8
-35.568,-37.1436,5.739e-85,8
-35.558,-37.1336,5.739e-85,8
-35.548,-37.1236,5.739e-85,8
-35.538,-37.1136,5.739e-85,8
-35.528,-37.1036,5.739e-85,8
-35.518,-37.0936,5.739e-85,8
-35.508,-37.0836,5.739e-85,8
-35.498,-37.0736,5.739e-85,8
-35.488,-37.0636,5.739e-85,8
-35.478,-37.0536,5.739e-85,8
-35.468,-37.0436,5.739e-85,8
-35.458,-37.0336,5.739e-85,8
-35.448,-37.0236,5.739e-85,8
-35.438,-37.0136,5.739e-85,8
-35.428,-37.0036,5.739e-85,8
-35.418,-36.9936,5.739e-85,8
-35.408,-36.9836,5.739e-85,8
-35.398,-36.9736,5.739e-85,8
-35.388,-36.9636,5.739e-85,8
-35.378,-36.9536,5.739e-85,8
-35.368,-36.9436,5.739e-85,8
-35.358,-36.9336,5.739e-85,8
-35.348,-36.9236,5.739e-85,8
-35.338,-36.9136,5.739e-85,8
-35.328,-36.9036,5.739e-85,8
-35.318,-36.8936,5.739e-85,8
-35.308,-36.8836,5.739e-85,8
-35.298,-36.8736,5.739e-85,8
-35.288,-36.8636,5.739e-85,8
-35.278,-36.8536,5.739e-85,8
-35.268,-36.8436,5.739e-85,8
-35.258,-36.8336,5.739e-85,8
-35.248,-36.8236,5.739e-85,8
-35.238,-36.8136,5.739e-85,8
-35.228,-36.8036,5.739e-85,8
-35.218,-36.7936,5.739e-85,8
-35.208,-36.7836,5.739e-85,8
-35.198,-36.7736,5.739e-85,8
-35.188,-36.7636,5.739e-85,8
-35.178,-36.7536,5.739e-85,8
-35.168,-36.7436,5.739e-85,8
-35.158,-36.7336,5.739e-85,8
-35.148,-36.7236,5.739e-85,8
-35.138,-36.7136,5.739e-85,8
-35.128,-36.7036,5.739e-85,8
-35.118,-36.6936,5.739e-85,8
-35.108,-36.6836,5.739e-85,8
-35.098,-36.6736,5.739e-85,8
-35.088,-36.6636,5.739e-85,8
-35.078,-36.6536,5.739e-85,8
-35.068,-36.6436,5.739e-85,8
-35.058,-36.6336,5.739e-85,8
-35.048,-36.6236,5.739e-85,8
-35.038,-36.6136,5.739e-85,8
-35.028,-36.6036,5.739e-85,8
-35.018,-36.5936,5.739e-85,8
-35.008,-36.5836,5.739e-85,8
-34.998,-36.5736,5.739e-85,8
-34.988,-36.5636,5.739e-85,8
-34.978,-36.5536,5.739e-85,8
-34.968,-36.5436,5.739e-85,8
-34.958,-36.5336,5.739e-85,8
-34.948,-36.5236,5.739e-85,8
-34.938,-36.5136,5.739e-85,8
-34.928,-36.5036,5.739e-85,8
-34.918,-36.4936,5.739e-85,8
-34.908,-36.4836,5.739e-85,8
-34.898,-36.4736,5.739e-85,8
-34.888,-36.4636,5.739e-85,8
-34.878,-36.4536,5.739e-85,8
-34.868,-36.4436,5.739e-85,8
-34.858,-36.4336,5.739e-85,8
-34.848,-36.4236,5.739e-85,8
-34.838,-36.4136,5.739e-85,8
-34.828,-36.4036,5.739e-85,8
-34.818,-36.3936,5.739e-85,8
-34.808,-36.3836,5.739e-85,8
-34.798,-36.3736,5.739e-85,8
-34.788,-36.3636,5.739e-85,8
-34.778,-36.3536,5.739e-85,8
-34.768,-36.3436,5.739e-85,8
-34.758,-36.3336,5.739e-85,8
-34.748,-36.3236,5.739e-85,8
-34.738,-36.3136,5.739e-85,8
-34.728,-36.3036,5.739e-85,8
-34.718,-36.2936,5.739e-85,8
-34.708,-36.2836,5.739e-85,8
-34.698,-36.2736,5.739e-85,8
-34.688,-36.2636,5.739e-85,8
-34.678,-36.2536,5.739e-85,8
-34.668,-36.2436,5.739e-85,8
-34.658,-36.2336,5.739e-85,8
-34.648,-36.2236,5.739e-85,8
-34.638,-36.2136,5.739e-85,8
-34.628,-36.2036,5.739e-85,8
-34.618,-36.1936,5.739e-85,8
-34.608,-36.1836,5.739e-85,8
-34.598,-36.1736,5.739e-85,8
-34.588,-36.1636,5.739e-85,8
-34.578,-36.1536,5.739e-85,8
-34.568,-36.1436,5.739e-85,8
-34.558,-36.1336,5.739e-85,8
-34.548,-36.1236,5.739e-85,8
-34.538,-36.1136,5.739e-85,8
-34.528,-36.1036,5.739e-85,8
-34.518,-36.0936,5.739e-85,8
-34.508,-36.0836,5.739e-85,8
-34.498,-36.0736,5.739e-85,8
-34.488,-36.0636,5.739e-85,8
-34.478,-36.0536,5.739e-85,8
-34.468,-36.0436,5.739e-85,8
-34.458,-36.0336,5.739e-85,8
-34.448,-36.0236,5.739e-85,8
-34.438,-36.0136,5.739e-85,8
-34.428,-36.0036,5.739e-85,8
-34.418,-35.9936,5.739e-85,8
-34.408,-35.9836,5.739e-85,8
-34.398,-35.9736,5.739e-85,8
-34.388,-35.9636,5.739e-85,8
-34.378,-35.9536,5.739e-85,8
-34.368,-35.9436,5.739e-85,8
-34.358,-35.9336,5.739e-85,8
-34.348,-35.9236,5.739e-85,8
-34.338,-35.9136,5.739e-85,8
-34.328,-35.9036,5.739e-85,8
-34.318,-35.8936,5.739e-85,8
-34.308,-35.8836,5.739e-85,8
-34.298,-35.8736,5.739e-85,8
-34.288,-35.8636,5.739e-85,8
-34.278,-35.8536,5.739e-85,8
-34.268,-35.8436,5.739e-85,8
-34.258,-35.8336,5.739e-85,8
-34.248,-35.8236,5.739e-85,8
-34.238,-35.8136,5.739e-85,8
-34.228,-35.8036,5.739e-85,8
-34.218,-35.7936,5.739e-85,8
-34.208,-35.7836,5.739e-85,8
-34.198,-35.7736,5.739e-85,8
-34.188,-35.7636,5.739e-85,8
-34.178,-35.7536,5.739e-85,8
-34.168,-35.7436,5.739e-85,8
-34.158,-35.7336,5.739e-85,8
-34.148,-35.7236,5.739e-85,8
-34.138,-35.7136,5.739e-85,8
-34.128,-35.7036,5.739e-85,8
-34.118,-35.6936,5.739e-85,8
-34.108,-35.6836,5.739e-85,8
-34.098,-35.6736,5.739e-85,8
-34.088,-35.6636,5.739e-85,8
-34.078,-35.6536,5.739e-85,8
-34.068,-35.6436,5.739e-85,8
-34.058,-35.6336,5.739e-85,8
-34.048,-35.6236,5.739e-85,8
-34.038,-35.6136,5.739e-85,8
-34.028,-35.6036,5.739e-85,8
-34.018,-35.5936,5.739e-85,8
-34.008,-35.5836,5.739e-85,8
-33.998,-35.5736,5.739e-85,8
-33.988,-35.5636,5.739e-85,8
-33.978,-35.5536,5.739e-85,8
-33.968,-35.5436,5.739e-85,8
-33.958,-35.5336,5.739e-85,8
-33.948,-35.5236,5.739e-85,8
-33.938,-35.5136,5.739e-85,8
-33.928,-35.5036,5.739e-85,8
-33.918,-35.4936,5.739e-85,8
-33.908,-35.4836,5.739e-85,8
-33.898,-35.4736,5.739e-85,8
-33.888,-35.4636,5.739e-85,8
-33.878,-35.4536,5.739e-85,8
-33.868,-35.4436,5.739e-85,8
-33.858,-35.4336,5.739e-85,8
-33.848,-35.4236,5.739e-85,8
-33.838,-35.4136,5.739e-85,8
-33.828,-35.4036,5.739e-85,8
-33.818,-35.3936,5.739e-85,8
-33.808,-35.3836,5.739e-85,8
-33.798,-35.3736,5.739e-85,8
-33.788,-35.3636,5.739e-85,8
-33.778,-35.3536,5.739e-85,8
-33.768,-35.3436,5.739e-85,8
-33.758,-35.3336,5.739e-85,8
-33.748,-35.3236,5.739e-85,8
-33.738,-35.3136,5.739e-85,8
-33.728,-35.3036,5.739e-85,8
-33.718,-35.2936,5.739e-85,8
-33.708,-35.2836,5.739e-85,8
-33.698,-35.2736,5.739e-85,8
-33.688,-35.2636,5.739e-85,8
-33.678,-35.2536,5.739e-85,8
-33.668,-35.2436,5.739e-85,8
-33.658,-35.2336,5.739e-85,8
-33.648,-35.2236,5.739e-85,8
-33.638,-35.2136,5.739e-85,8
-33.628,-35.2036,5.739e-85,8
-33.618,-35.1936,5.739e-85,8
-33.608,-35.1836,5.739e-85,8
-33.598,-35.1736,5.739e-85,8
-33.588,-35.1636,5.739e-85,8
-33.578,-35.1536,5.739e-85,8
-33.568,-35.1436,5.739e-85,8
-33.558,-35.1336,5.739e-85,8
-33.548,-35.1236,5.739e-85,8
-33.538,-35.1136,5.739e-85,8
-33.528,-35.1036,5.739e-85,8
-33.518,-35.0936,5.739e-85,8
-33.508,-35.0836,5.739e-85,8
-33.498,-35.0736,5.739e-85,8
-33.488,-35.0636,5.739e-85,8
-33.478,-35.0536,5.739e-85,8
-33.468,-35.0436,5.739e-85,8
-33.458,-35.0336,5.739e-85,8
-33.448,-35.0236,5.739e-85,8
-33.438,-35.0136,5.739e-85,8
-33.428,-35.0036,5.739e-85,8
-33.418,-34.9936,5.739e-85,8
-33.408,-34.9836,5.739e-85,8
-33.398,-34.9736,5.739e-85,8
-33.388,-34.9636,5.739e-85,8
-33.378,-34.9536,5.739e-85,8
-33.368,-34.9436,5.739e-85,8
-33.358,-34.9336,5.739e-85,8
-33.348,-34.9236,5.739e-85,8
-33.338,-34.9136,5.739e-85,8
-33.328,-34.9036,5.739e-85,8
-33.318,-34.8936,5.739e-85,8
-33.308,-34.8836,5.739e-85,8
-33.298,-34.8736,5.739e-85,8
-33.288,-34.8636,5.739e-85,8
-33.278,-34.8536,5.739e-85,8
-33.268,-34.8436,5.739e-85,8
-33.258,-34.8336,5.739e-85,8
-33.248,-34.8236,5.739e-85,8
-33.238,-34.8136,5.739e-85,8
-33.228,-34.8036,5.739e-85,8
-33.218,-34.7936,5.739e-85,8
-33.208,-34.7836,5.739e-85,8
-33.198,-34.7736,5.739e-85,8
-33.188,-34.7636,5.739e-85,8
-33.178,-34.7536,5.739e-85,8
-33.168,-34.7436,5.739e-85,8
-33.158,-34.7336,5.739e-85,8
-33.148,-34.7236,5.739e-85,8
-33.138,-34.7136,5.739e-85,8
-33.128,-34.7036,5.739e-85,8
-33.118,-34.6936,5.739e-85,8
-33.108,-34.6836,5.739e-85,8
-33.098,-34.6736,5.739e-85,8
-33.088,-34.6636,5.739e-85,8
-33.078,-34.6536,5.739e-85,8
-33.068,-34.6436,5.739e-85,8
-33.058,-34.6336,5.739e-85,8
-33.048,-34.6236,5.739e-85,8
-33.038,-34.6136,5.739e-85,8
-33.028,-34.6036,5.739e-85,8
-33.018,-34.5936,5.739e-85,8
-33.008,-34.5836,5.739e-85,8
-32.998,-34.5736,5.739e-85,8
-32.988,-34.5636,5.739e-85,8
-32.978,-34.5536,5.739e-85,8
-32.968,-34.5436,5.739e-85,8
-32.958,-34.5336,5.739e-85,8
-32.948,-34.5236,5.739e-85,8
-32.938,-34.5136,5.739e-85,8
-32.928,-34.5036,5.739e-85,8
-32.918,-34.4936,5.739e-85,8
-32.908,-34.4836,5.739e-85,8
-32.898,-34.4736,5.739e-85,8
-32.888,-34.4636,5.739e-85,8
-32.878,-34.4536,5.739e-85,8
-32.868,-34.4436,5.739e-85,8
-32.858,-34.4336,5.739e-85,8
-32.848,-34.4236,5.739e-85,8
-32.838,-34.4136,5.739e-85,8
-32.828,-34.4036,5.739e-85,8
-32.818,-34.3936,5.739e-85,8
-32.808,-34.3836,5.739e-85,8
-32.798,-34.3736,5.739e-85,8
-32.788,-34.3636,5.739e-85,8
-32.778,-34.3536,5.739e-85,8
-32.768,-34.3436,5.739e-85,8
-32.758,-34.3336,5.739e-85,8
-32.748,-34.3236,5.739e-85,8
-32.738,-34.3136,5.739e-85,8
-32.728,-34.3036,5.739e-85,8
-32.718,-34.2936,5.739e-85,8
-32.708,-34.2836,5.739e-85,8
-32.698,-34.2736,5.739e-85,8
-32.688,-34.2636,5.739e-85,8
-32.678,-34.2536,5.739e-85,8
-32.668,-34.2436,5.739e-85,8
-32.658,-34.2336,5.739e-85,8
-32.648,-34.2236,5.739e-85,8
-32.638,-34.2136,5.739e-85,8
-32.628,-34.2036,5.739e-85,8
-32.618,-34.1936,5.739e-85,8
-32.608,-34.1836,5.739e-85,8
-32.598,-34.1736,5.739e-85,8
-32.588,-34.1636,5.739e-85,8
-32.578,-34.1536,5.739e-85,8
-32.568,-34.1436,5.739e-85,8
-32.558,-34.1336,5.739e-85,8
-32.548,-34.1236,5.739e-85,8
-32.538,-34.1136,5.739e-85,8
-32.528,-34.1036,5.739e-85,8
-32.518,-34.0936,5.739e-85,8
-32.508,-34.0836,5.739e-85,8
-32.498,-34.0736,5.739e-85,8
-32.488,-34.0636,5.739e-85,8
-32.478,-34.0536,5.739e-85,8
-32.468,-34.0436,5.739e-85,8
-32.458,-34.0336,5.739e-85,8
-32.448,-34.0236,5.739e-85,8
-32.438,-34.0136,5.739e-85,8
-32.428,-34.0036,5.739e-85,8
-32.418,-33.9936,5.739e-85,8
-32.408,-33.9836,5.739e-85,8
-32.398,-33.9736,5.739e-85,8
-32.388,-33.9636,5.739e-85,8
-32.378,-33.9536,5.739e-85,8
-32.368,-33.9436,5.739e-85,8
-32.358,-33.9336,5.739e-85,8
-32.348,-33.9236,5.739e-85,8
-32.338,-33.9136,5.739e-85,8
-32.328,-33.9036,5.739e-85,8
-32.318,-33.8936,5.739e-85,8
-32.308,-33.8836,5.739e-85,8
-32.298,-33.8736,5.739e-85,8
-32.288,-33.8636,5.739e-85,8
-32.278,-33.8536,5.739e-85,8
-32.268,-33.8436,5.739e-85,8
-32.258,-33.8336,5.739e-85,8
-32.248,-33.8236,5.739e-85,8
-32.238,-33.8136,5.739e-85,8
-32.228,-33.8036,5.739e-85,8
-32.218,-33.7936,5.739e-85,8
-32.208,-33.7836,5.739e-85,8
-32.198,-33.7736,5.739e-85,8
-32.188,-33.7636,5.739e-85,8
-32.178,-33.7536,5.739e-85,8
-32.168,-33.7436,5.739e-85,8
-32.158,-33.7336,5.739e-85,8
-32.148,-33.7236,5.739e-85,8
-32.138,-33.7136,5.739e-85,8
-32.128,-33.7036,5.739e-85,8
-32.118,-33.6936,5.739e-85,8
-32.108,-33.6836,5.739e-85,8
-32.098,-33.6736,5.739e-85,8
-32.088,-33.6636,5.739e-85,8
-32.078,-33.6536,5.739e-85,8
-32.068,-33.6436,5.739e-85,8
-32.058,-33.6336,5.739e-85,8
-32.048,-33.6236,5.739e-85,8
-32.038,-33.6136,5.739e-85,8
-32.028,-33.6036,5.739e-85,8
-32.018,-33.5936,5.739e-85,8
-32.008,-33.5836,5.739e-85,8
-31.998,-33.5736,5.739e-85,8
-31.988,-33.5636,5.739e-85,8
-31.978,-33.5536,5.739e-85,8
-31.968,-33.5436,5.739e-85,8
-31.958,-33.5336,5.739e-85,8
-31.948,-33.5236,5.739e-85,8
-31.938,-33.5136,5.739e-85,8
-31.928,-33.5036,5.739e-85,8
-31.918,-33.4936,5.739e-85,8
-31.908,-33.4836,5.739e-85,8
-31.898,-33.4736,5.739e-85,8
-31.888,-33.4636,5.739e-85,8
-31.878,-33.4536,5.739e-85,8
-31.868,-33.4436,5.739e-85,8
-31.858,-33.4336,5.739e-85,8
-31.848,-33.4236,5.739e-85,8
-31.838,-33.4136,5.739e-85,8
-31.828,-33.4036,5.739e-85,8
-31.818,-33.3936,5.739e-85,8
-31.808,-33.3836,5.739e-85,8
-31.798,-33.3736,5.739e-85,8
-31.788,-33.3636,5.739e-85,8
-31.778,-33.3536,5.739e-85,8
-31.768,-33.3436,5.739e-85,8
-31.758,-33.3336,5.739e-85,8
-31.748,-33.3236,5.739e-85,8
-31.738,-33.3136,5.739e-85,8
-31.728,-33.3036,5.739e-85,8
-31.718,-33.2936,5.739e-85,8
-31.708,-33.2836,5.739e-85,8
-31.698,-33.2736,5.739e-85,8
-31.688,-33.2636,5.739e-85,8
-31.678,-33.2536,5.739e-85,8
-31.668,-33.2436,5.739e-85,8
-31.658,-33.2336,5.739e-85,8
-31.648,-33.2236,5.739e-85,8
-31.638,-33.2136,5.739e-85,8
-31.628,-33.2036,5.739e-85,8
-31.618,-33.1936,5.739e-85,8
-31.608,-33.1836,5.739e-85,8
-31.598,-33.1736,5.739e-85,8
-31.588,-33.1636,5.739e-85,8
-31.578,-33.1536,5.739e-85,8
-31.568,-33.1436,5.739e-85,8
-31.558,-33.1336,5.739e-85,8
-31.548,-33.1236,5.739e-85,8
-31.538,-33.1136,5.739e-85,8
-31.528,-33.1036,5.739e-85,8
-31.518,-33.0936,5.739e-85,8
-31.508,-33.0836,5.739e-85,8
-31.498,-33.0736,5.739e-85,8
-31.488,-33.0636,5.739e-85,8
-31.478,-33.0536,5.739e-85,8
-31.468,-33.0436,5.739e-85,8
-31.458,-33.0336,5.739e-85,8
-31.448,-33.0236,5.739e-85,8
-31.438,-33.0136,5.739e-85,8
-31.428,-33.0036,5.739e-85,8
-31.418,-32.9936,5.739e-85,8
-31.408,-32.9836,5.739e-85,8
-31.398,-32.9736,5.739e-85,8
-31.388,-32.9636,5.739e-85,8
-31.378,-32.9536,5.739e-85,8
-31.368,-32.9436,5.739e-85,8
-31.358,-32.9336,5.739e-85,8
-31.348,-32.9236,5.739e-85,8
-31.338,-32.9136,5.739e-85,8
-31.328,-32.9036,5.739e-85,8
-31.318,-32.8936,5.739e-85,8
-31.308,-32.8836,5.739e-85,8
-31.298,-32.8736,5.739e-85,8
-31.288,-32.8636,5.739e-85,8
-31.278,-32.8536,5.739e-85,8
-31.268,-32.8436,5.739e-85,8
-31.258,-32.8336,5.739e-85,8
-31.248,-32.8236,5.739e-85,8
-31.238,-32.8136,5.739e-85,8
-31.228,-32.8036,5.739e-85,8
-31.218,-32.7936,5.739e-85,8
-31.208,-32.7836,5.739e-85,8
-31.198,-32.7736,5.739e-85,8
-31.188,-32.7636,5.739e-85,8
-31.178,-32.7536,5.739e-85,8
-31.168,-32.7436,5.739e-85,8
-31.158,-32.7336,5.739e-85,8
-31.148,-32.7236,5.739e-85,8
-31.138,-32.7136,5.739e-85,8
-31.128,-32.7036,5.739e-85,8
-31.118,-32.6936,5.739e-85,8
-31.108,-32.6836,5.739e-85,8
-31.098,-32.6736,5.739e-85,8
-31.088,-32.6636,5.739e-85,8
-31.078,-32.6536,5.739e-85,8
-31.068,-32.6436,5.739e-85,8
-31.058,-32.6336,5.739e-85,8
-31.048,-32.6236,5.739e-85,8
-31.038,-32.6136,5.739e-85,8
-31.028,-32.6036,5.739e-85,8
-31.018,-32.5936,5.739e-85,8
-31.008,-32.5836,5.739e-85,8
-30.998,-32.5736,5.739e-85,8
-30.988,-32.5636,5.739e-85,8
-30.978,-32.5536,5.739e-85,8
-30.968,-32.5436,5.739e-85,8
-30.958,-32.5336,5.739e-85,8
-30.948,-32.5236,5.739e-85,8
-30.938,-32.5136,5.739e-85,8
-30.928,-32.5036,5.739e-85,8
-30.918,-32.4936,5.739e-85,8
-30.908,-32.4836,5.739e-85,8
-30.898,-32.4736,5.739e-85,8
-30.888,-32.4636,5.739e-85,8
-30.878,-32.4536,5.739e-85,8
-30.868,-32.4436,5.739e-85,8
-30.858,-32.4336,5.739e-85,8
-30.848,-32.4236,5.739e-85,8
-30.838,-32.4136,5.739e-85,8
-30.828,-32.4036,5.739e-85,8
-30.818,-32.3936,5.739e-85,8
-30.808,-32.3836,5.739e-85,8
-30.798,-32.3736,5.739e-85,8
-30.788,-32.3636,5.739e-85,8
-30.778,-32.3536,5.739e-85,8
-30.768,-32.3436,5.739e-85,8
-30.758,-32.3336,5.739e-85,8
-30.748,-32.3236,5.739e-85,8
-30.738,-32.3136,5.739e-85,8
-30.728,-32.3036,5.739e-85,8
-30.718,-32.2936,5.739e-85,8
-30.708,-32.2836,5.739e-85,8
-30.698,-32.2736,5.739e-85,8
-30.688,-32.2636,5.739e-85,8
-30.678,-32.2536,5.739e-85,8
-30.668,-32.2436,5.739e-85,8
-30.658,-32.2336,5.739e-85,8
-30.648,-32.2236,5.739e-85,8
-30.638,-32.2136,5.739e-85,8
-30.628,-32.2036,5.739e-85,8
-30.618,-32.1936,5.739e-85,8
-30.608,-32.1836,5.739e-85,8
-30.598,-32.1736,5.739e-85,8
-30.588,-32.1636,5.739e-85,8
-30.578,-32.1536,5.739e-85,8
-30.568,-32.1436,5.739e-85,8
-30.558,-32.1336,5.739e-85,8
-30.548,-32.1236,5.739e-85,8
-30.538,-32.1136,5.739e-85,8
-30.528,-32.1036,5.739e-85,8
-30.518,-32.0936,5.739e-85,8
-30.508,-32.0836,5.739e-85,8
-30.498,-32.0736,5.739e-85,8
-30.488,-32.0636,5.739e-85,8
-30.478,-32.0536,5.739e-85,8
-30.468,-32.0436,5.739e-85,8
-30.458,-32.0336,5.739e-85,8
-30.448,-32.0236,5.739e-85,8
-30.438,-32.0136,5.739e-85,8
-30.428,-32.0036,5.739e-85,8
-30.418,-31.9936,5.739e-85,8
-30.408,-31.9836,5.739e-85,8
-30.398,-31.9736,5.739e-85,8
-30.388,-31.9636,5.739e-85,8
-30.378,-31.9536,5.739e-85,8
-30.368,-31.9436,5.739e-85,8
-30.358,-31.9336,5.739e-85,8
-30.348,-31.9236,5.739e-85,8
-30.338,-31.9136,5.739e-85,8
-30.328,-31.9036,5.739e-85,8
-30.318,-31.8936,5.739e-85,8
-30.308,-31.8836,5.739e-85,8
-30.298,-31.8736,5.739e-85,8
-30.288,-31.8636,5.739e-85,8
-30.278,-31.8536,5.739e-85,8
-30.268,-31.8436,5.739e-85,8
-30.258,-31.8336,5.739e-85,8
-30.248,-31.8236,5.739e-85,8
-30.238,-31.8136,5.739e-85,8
-30.228,-31.8036,5.739e-85,8
-30.218,-31.7936,5.739e-85,8
-30.208,-31.7836,5.739e-85,8
-30.198,-31.7736,5.739e-85,8
-30.188,-31.7636,5.739e-85,8
-30.178,-31.7536,5.739e-85,8
-30.168,-31.7436,5.739e-85,8
-30.158,-31.7336,5.739e-85,8
-30.148,-31.7236,5.739e-85,8
-30.138,-31.7136,5.739e-85,8
-30.128,-31.7036,5.739e-85,8
-30.118,-31.6936,5.739e-85,8
-30.108,-31.6836,5.739e-85,8
-30.098,-31.6736,5.739e-85,8
-30.088,-31.6636,5.739e-85,8
-30.078,-31.6536,5.739e-85,8
-30.068,-31.6436,5.739e-85,8
-30.058,-31.6336,5.739e-85,8
-30.048,-31.6236,5.739e-85,8
-30.038,-31.6136,5.739e-85,8
-30.028,-31.6036,5.739e-85,8
-30.018,-31.5936,5.739e-85,8
-30.008,-31.5836,5.739e-85,8
-29.998,-31.5736,5.739e-85,8
-29.988,-31.5636,5.739e-85,8
-29.978,-31.5536,5.739e-85,8
-29.968,-31.5436,5.739e-85,8
-29.958,-31.5336,5.739e-85,8
-29.948,-31.5236,5.739e-85,8
-29.938,-31.5136,5.739e-85,8
-29.928,-31.5036,5.739e-85,8
-29.918,-31.4936,5.739e-85,8
-29.908,-31.4836,5.739e-85,8
-29.898,-31.4736,5.739e-85,8
-29.888,-31.4636,5.739e-85,8
-29.878,-31.4536,5.739e-85,8
-29.868,-31.4436,5.739e-85,8
-29.858,-31.4336,5.739e-85,8
-29.848,-31.4236,5.739e-85,8
-29.838,-31.4136,5.739e-85,8
-29.828,-31.4036,5.739e-85,8
-29.818,-31.3936,5.739e-85,8
-29.808,-31.3836,5.739e-85,8
-29.798,-31.3736,5.739e-85,8
-29.788,-31.3636,5.739e-85,8
-29.778,-31.3536,5.739e-85,8
-29.768,-31.3436,5.739e-85,8
-29.758,-31.3336,5.739e-85,8
-29.748,-31.3236,5.739e-85,8
-29.738,-31.3136,5.739e-85,8
-29.728,-31.3036,5.739e-85,8
-29.718,-31.2936,5.739e-85,8
-29.708,-31.2836,5.739e-85,8
-29.698,-31.2736,5.739e-85,8
-29.688,-31.2636,5.739e-85,8
-29.678,-31.2536,5.739e-85,8
-29.668,-31.2436,5.739e-85,8
-29.658,-31.2336,5.739e-85,8
-29.648,-31.2236,5.739e-85,8
-29.638,-31.2136,5.739e-85,8
-29.628,-31.2036,5.739e-85,8
-29.618,-31.1936,5.739e-85,8
-29.608,-31.1836,5.739e-85,8
-29.598,-31.1736,5.739e-85,8
-29.588,-31.1636,5.739e-85,8
-29.578,-31.1536,5.739e-85,8
-29.568,-31.1436,5.739e-85,8
-29.558,-31.1336,5.739e-85,8
-29.548,-31.1236,5.739e-85,8
-29.538,-31.1136,5.739e-85,8
-29.528,-31.1036,5.739e-85,8
-29.518,-31.0936,5.739e-85,8
-29.508,-31.0836,5.739e-85,8
-29.498,-31.0736,5.739e-85,8
-29.488,-31.0636,5.739e-85,8
-29.478,-31.0536,5.739e-85,8
-29.468,-31.0436,5.739e-85,8
-29.458,-31.0336,5.739e-85,8
-29.448,-31.0236,5.739e-85,8
-29.438,-31.0136,5.739e-85,8
-29.428,-31.0036,5.739e-85,8
-29.418,-30.9936,5.739e-85,8
-29.408,-30.9836,5.739e-85,8
-29.398,-30.9736,5.739e-85,8
-29.388,-30.9636,5.739e-85,8
-29.378,-30.9536,5.739e-85,8
-29.368,-30.9436,5.739e-85,8
-29.358,-30.9336,5.739e-85,8
-29.348,-30.9236,5.739e-85,8
-29.338,-30.9136,5.739e-85,8
-29.328,-30.9036,5.739e-85,8
-29.318,-30.8936,5.739e-85,8
-29.308,-30.8836,5.739e-85,8
-29.298,-30.8736,5.739e-85,8
-29.288,-30.8636,5.739e-85,8
-29.278,-30.8536,5.739e-85,8
-29.268,-30.8436,5.739e-85,8
-29.258,-30.8336,5.739e-85,8
-29.248,-30.8236,5.739e-85,8
-29.238,-30.8136,5.739e-85,8
-29.228,-30.8036,5.739e-85,8
-29.218,-30.7936,5.739e-85,8
-29.208,-30.7836,5.739e-85,8
-29.198,-30.7736,5.739e-85,8
-29.188,-30.7636,5.739e-85,8
-29.178,-30.7536,5.739e-85,8
-29.168,-30.7436,5.739e-85,8
-29.158,-30.7336,5.739e-85,8
-29.148,-30.7236,5.739e-85,8
-29.138,-30.7136,5.739e-85,8
-29.128,-30.7036,5.739e-85,8
-29.118,-30.6936,5.739e-85,8
-29.108,-30.6836,5.739e-85,8
-29.098,-30.6736,5.739e-85,8
-29.088,-30.6636,5.739e-85,8
-29.078,-30.6536,5.739e-85,8
-29.068,-30.6436,5.739e-85,8
-29.058,-30.6336,5.739e-85,8
-29.048,-30.6236,5.739e-85,8
-29.038,-30.6136,5.739e-85,8
-29.028,-30.6036,5.739e-85,8
-29.018,-30.5936,5.739e-85,8
-29.008,-30.5836,5.739e-85,8
-28.998,-30.5736,5.739e-85,8
-28.988,-30.5636,5.739e-85,8
-28.978,-30.5536,5.739e-85,8
-28.968,-30.5436,5.739e-85,8
-28.958,-30.5336,5.739e-85,8
-28.948,-30.5236,5.739e-85,8
-28.938,-30.5136,5.739e-85,8
-28.928,-30.5036,5.739e-85,8
-28.918,-30.4936,5.739e-85,8
-28.908,-30.4836,5.739e-85,8
-28.898,-30.4736,5.739e-85,8
-28.888,-30.4636,5.739e-85,8
-28.878,-30.4536,5.739e-85,8
-28.868,-30.4436,5.739e-85,8
-28.858,-30.4336,5.739e-85,8
-28.848,-30.4236,5.739e-85,8
-28.838,-30.4136,5.739e-85,8
-28.828,-30.4036,5.739e-85,8
-28.818,-30.3936,5.739e-85,8
-28.808,-30.3836,5.739e-85,8
-28.798,-30.3736,5.739e-85,8
-28.788,-30.3636,5.739e-85,8
-28.778,-30.3536,5.739e-85,8
-28.768,-30.3436,5.739e-85,8
-28.758,-30.3336,5.739e-85,8
-28.748,-30.3236,5.739e-85,8
-28.738,-30.3136,5.739e-85,8
-28.728,-30.3036,5.739e-85,8
-28.718,-30.2936,5.739e-85,8
-28.708,-30.2836,5.739e-85,8
-28.698,-30.2736,5.739e-85,8
-28.688,-30.2636,5.739e-85,8
-28.678,-30.2536,5.739e-85,8
-28.668,-30.2436,5.739e-85,8
-28.658,-30.2336,5.739e-85,8
-28.648,-30.2236,5.739e-85,8
-28.638,-30.2136,5.739e-85,8
-28.628,-30.2036,5.739e-85,8
-28.618,-30.1936,5.739e-85,8
-28.608,-30.1836,5.739e-85,8
-28.598,-30.1736,5.739e-85,8
-28.588,-30.1636,5.739e-85,8
-28.578,-30.1536,5.739e-85,8
-28.568,-30.1436,5.739e-85,8
-28.558,-30.1336,5.739e-85,8
-28.548,-30.1236,5.739e-85,8
-28.538,-30.1136,5.739e-85,8
-28.528,-30.1036,5.739e-85,8
-28.518,-30.0936,5.739e-85,8
-28.508,-30.0836,5.739e-85,8
-28.498,-30.0736,5.739e-85,8
-28.488,-30.0636,5.739e-85,8
-28.478,-30.0536,5.739e-85,8
-28.468,-30.0436,5.739e-85,8
-28.458,-30.0336,5.739e-85,8
-28.448,-30.0236,5.739e-85,8
-28.438,-30.0136,5.739e-85,8
-28.428,-30.0036,5.739e-85,8
-28.418,-29.9936,5.739e-85,8
-28.408,-29.9836,5.739e-85,8
-28.398,-29.9736,5.739e-85,8
-28.388,-29.9636,5.739e-85,8
-28.378,-29.9536,5.739e-85,8
-28.368,-29.9436,5.739e-85,8
-28.358,-29.9336,5.739e-85,8
-28.348,-29.9236,5.739e-85,8
-28.338,-29.9136,5.739e-85,8
-28.328,-29.9036,5.739e-85,8
-28.318,-29.8936,5.739e-85,8
-28.308,-29.8836,5.739e-85,8
-28.298,-29.8736,5.739e-85,8
-28.288,-29.8636,5.739e-85,8
-28.278,-29.8536,5.739e-85,8
-28.268,-29.8436,5.739e-85,8
-28.258,-29.8336,5.739e-85,8
-28.248,-29.8236,5.739e-85,8
-28.238,-29.8136,5.739e-85,8
-28.228,-29.8036,5.739e-85,8
-28.218,-29.7936,5.739e-85,8
-28.208,-29.7836,5.739e-85,8
-28.198,-29.7736,5.739e-85,8
-28.188,-29.7636,5.739e-85,8
-28.178,-29.7536,5.739e-85,8
-28.168,-29.7436,5.739e-85,8
-28.158,-29.7336,5.739e-85,8
-28.148,-29.7236,5.739e-85,8
-28.138,-29.7136,5.739e-85,8
-28.128,-29.7036,5.739e-85,8
-28.118,-29.6936,5.739e-85,8
-28.108,-29.6836,5.739e-85,8
-28.098,-29.6736,5.739e-85,8
-28.088,-29.6636,5.739e-85,8
-28.078,-29.6536,5.739e-85,8
-28.068,-29.6436,5.739e-85,8
-28.058,-29.6336,5.739e-85,8
-28.048,-29.6236,5.739e-85,8
-28.038,-29.6136,5.739e-85,8
-28.028,-29.6036,5.739e-85,8
-28.018,-29.5936,5.739e-85,8
-28.008,-29.5836,5.739e-85,8
-27.998,-29.5736,5.739e-85,8
-27.988,-29.5636,5.739e-85,8
-27.978,-29.5536,5.739e-85,8
-27.968,-29.5436,5.739e-85,8
-27.958,-29.5336,5.739e-85,8
-27.948,-29.5236,5.739e-85,8
-27.938,-29.5136,5.739e-85,8
-27.928,-29.5036,5.739e-85,8
-27.918,-29.4936,5.739e-85,8
-27.908,-29.4836,5.739e-85,8
-27.898,-29.4736,5.739e-85,8
-27.888,-29.4636,5.739e-85,8
-27.878,-29.4536,5.739e-85,8
-27.868,-29.4436,5.739e-85,8
-27.858,-29.4336,5.739e-85,8
-27.848,-29.4236,5.739e-85,8
-27.838,-29.4136,5.739e-85,8
-27.828,-29.4036,5.739e-85,8
-27.818,-29.3936,5.739e-85,8
-27.808,-29.3836,5.739e-85,8
-27.798,-29.3736,5.739e-85,8
-27.788,-29.3636,5.739e-85,8
-27.778,-29.3536,5.739e-85,8
-27.768,-29.3436,5.739e-85,8
-27.758,-29.3336,5.739e-85,8
-27.748,-29.3236,5.739e-85,8
-27.738,-29.3136,5.739e-85,8
-27.728,-29.3036,5.739e-85,8
-27.718,-29.2936,5.739e-85,8
-27.708,-29.2836,5.739e-85,8
-27.698,-29.2736,5.739e-85,8
-27.688,-29.2636,5.739e-85,8
-27.678,-29.2536,5.739e-85,8
-27.668,-29.2436,5.739e-85,8
-27.658,-29.2336,5.739e-85,8
-27.648,-29.2236,5.739e-85,8
-27.638,-29.2136,5.739e-85,8
-27.628,-29.2036,5.739e-85,8
-27.618,-29.1936,5.739e-85,8
-27.608,-29.1836,5.739e-85,8
-27.598,-29.1736,5.739e-85,8
-27.588,-29.1636,5.739e-85,8
-27.578,-29.1536,5.739e-85,8
-27.568,-29.1436,5.739e-85,8
-27.558,-29.1336,5.739e-85,8
-27.548,-29.1236,5.739e-85,8
-27.538,-29.1136,5.739e-85,8
-27.528,-29.1036,5.739e-85,8
-27.518,-29.0936,5.739e-85,8
-27.508,-29.0836,5.739e-85,8
-27.498,-29.0736,5.739e-85,8
-27.488,-29.0636,5.739e-85,8
-27.478,-29.0536,5.739e-85,8
-27.468,-29.0436,5.739e-85,8
-27.458,-29.0336,5.739e-85,8
-27.448,-29.0236,5.739e-85,8
-27.438,-29.0136,5.739e-85,8
-27.428,-29.0036,5.739e-85,8
-27.418,-28.9936,5.739e-85,8
-27.408,-28.9836,5.739e-85,8
-27.398,-28.9736,5.739e-85,8
-27.388,-28.9636,5.739e-85,8
-27.378,-28.9536,5.739e-85,8
-27.368,-28.9436,5.739e-85,8
-27.358,-28.9336,5.739e-85,8
-27.348,-28.9236,5.739e-85,8
-27.338,-28.9136,5.739e-85,8
-27.328,-28.9036,5.739e-85,8
-27.318,-28.8936,5.739e-85,8
-27.308,-28.8836,5.739e-85,8
-27.298,-28.8736,5.739e-85,8
-27.288,-28.8636,5.739e-85,8
-27.278,-28.8536,5.739e-85,8
-27.268,-28.8436,5.739e-85,8
-27.258,-28.8336,5.739e-85,8
-27.248,-28.8236,5.739e-85,8
-27.238,-28.8136,5.739e-85,8
-27.228,-28.8036,5.739e-85,8
-27.218,-28.7936,5.739e-85,8
-27.208,-28.7836,5.739e-85,8
-27.198,-28.7736,5.739e-85,8
-27.188,-28.7636,5.739e-85,8
-27.178,-28.7536,5.739e-85,8
-27.168,-28.7436,5.739e-85,8
-27.158,-28.7336,5.739e-85,8
-27.148,-28.7236,5.739e-85,8
-27.138,-28.7136,5.739e-85,8
-27.128,-28.7036,5.739e-85,8
-27.118,-28.6936,5.739e-85,8
-27.108,-28.6836,5.739e-85,8
-27.098,-28.6736,5.739e-85,8
-27.088,-28.6636,5.739e-85,8
-27.078,-28.6536,5.739e-85,8
-27.068,-28.6436,5.739e-85,8
-27.058,-28.6336,5.739e-85,8
-27.048,-28.6236,5.739e-85,8
-27.038,-28.6136,5.739e-85,8
-27.028,-28.6036,5.739e-85,8
-27.018,-28.5936,5.739e-85,8
-27.008,-28.5836,5.739e-85,8
-26.998,-28.5736,5.739e-85,8
-26.988,-28.5636,5.739e-85,8
-26.978,-28.5536,5.739e-85,8
-26.968,-28.5436,5.739e-85,8
-26.958,-28.5336,5.739e-85,8
-26.948,-28.5236,5.739e-85,8
-26.938,-28.5136,5.739e-85,8
-26.928,-28.5036,5.739e-85,8
-26.918,-28.4936,5.739e-85,8
-26.908,-28.4836,5.739e-85,8
-26.898,-28.4736,5.739e-85,8
-26.888,-28.4636,5.739e-85,8
-26.878,-28.4536,5.739e-85,8
-26.868,-28.4436,5.739e-85,8
-26.858,-28.4336,5.739e-85,8
-26.848,-28.4236,5.739e-85,8
-26.838,-28.4136,5.739e-85,8
-26.828,-28.4036,5.739e-85,8
-26.818,-28.3936,5.739e-85,8
-26.808,-28.3836,5.739e-85,8
-26.798,-28.3736,5.739e-85,8
-26.788,-28.3636,5.739e-85,8
-26.778,-28.3536,5.739e-85,8
-26.768,-28.3436,5.739e-85,8
-26.758,-28.3336,5.739e-85,8
-26.748,-28.3236,5.739e-85,8
-26.738,-28.3136,5.739e-85,8
-26.728,-28.3036,5.739e-85,8
-26.718,-28.2936,5.739e-85,8
-26.708,-28.2836,5.739e-85,8
-26.698,-28.2736,5.739e-85,8
-26.688,-28.2636,5.739e-85,8
-26.678,-28.2536,5.739e-85,8
-26.668,-28.2436,5.739e-85,8
-26.658,-28.2336,5.739e-85,8
-26.648,-28.2236,5.739e-85,8
-26.638,-28.2136,5.739e-85,8
-26.628,-28.2036,5.739e-85,8
-26.618,-28.1936,5.739e-85,8
-26.608,-28.1836,5.739e-85,8
-26.598,-28.1736,5.739e-85,8
-26.588,-28.1636,5.739e-85,8
-26.578,-28.1536,5.739e-85,8
-26.568,-28.1436,5.739e-85,8
-26.558,-28.1336,5.739e-85,8
-26.548,-28.1236,5.739e-85,8
-26.538,-28.1136,5.739e-85,8
-26.528,-28.1036,5.739e-85,8
-26.518,-28.0936,5.739e-85,8
-26.508,-28.0836,5.739e-85,8
-26.498,-28.0736,5.739e-85,8
-26.488,-28.0636,5.739e-85,8
-26.478,-28.0536,5.739e-85,8
-26.468,-28.0436,5.739e-85,8
-26.458,-28.0336,5.739e-85,8
-26.448,-28.0236,5.739e-85,8
-26.438,-28.0136,5.739e-85,8
-26.428,-28.0036,5.739e-85,8
-26.418,-27.9936,5.739e-85,8
-26.408,-27.9836,5.739e-85,8
-26.398,-27.9736,5.739e-85,8
-26.388,-27.9636,5.739e-85,8
-26.378,-27.9536,5.739e-85,8
-26.368,-27.9436,5.739e-85,8
-26.358,-27.9336,5.739e-85,8
-26.348,-27.9236,5.739e-85,8
-26.338,-27.9136,5.739e-85,8
-26.328,-27.9036,5.739e-85,8
-26.318,-27.8936,5.739e-85,8
-26.308,-27.8836,5.739e-85,8
-26.298,-27.8736,5.739e-85,8
-26.288,-27.8636,5.739e-85,8
-26.278,-27.8536,5.739e-85,8
-26.268,-27.8436,5.739e-85,8
-26.258,-27.8336,5.739e-85,8
-26.248,-27.8236,5.739e-85,8
-26.238,-27.8136,5.739e-85,8
-26.228,-27.8036,5.739e-85,8
-26.218,-27.7936,5.739e-85,8
-26.208,-27.7836,5.739e-85,8
-26.198,-27.7736,5.739e-85,8
-26.188,-27.7636,5.739e-85,8
-26.178,-27.7536,5.739e-85,8
-26.168,-27.7436,5.739e-85,8
-26.158,-27.7336,5.739e-85,8
-26.148,-27.7236,5.739e-85,8
-26.138,-27.7136,5.739e-85,8
-26.128,-27.7036,5.739e-85,8
-26.118,-27.6936,5.739e-85,8
-26.108,-27.6836,5.739e-85,8
-26.098,-27.6736,5.739e-85,8
-26.088,-27.6636,5.739e-85,8
-26.078,-27.6536,5.739e-85,8
-26.068,-27.6436,5.739e-85,8
-26.058,-27.6336,5.739e-85,8
-26.048,-27.6236,5.739e-85,8
-26.038,-27.6136,5.739e-85,8
-26.028,-27.6036,5.739e-85,8
-26.018,-27.5936,5.739e-85,8
-26.008,-27.5836,5.739e-85,8
-25.998,-27.5736,5.739e-85,8
-25.988,-27.5636,5.739e-85,8
-25.978,-27.5536,5.739e-85,8
-25.968,-27.5436,5.739e-85,8
-25.958,-27.5336,5.739e-85,8
-25.948,-27.5236,5.739e-85,8
-25.938,-27.5136,5.739e-85,8
-25.928,-27.5036,5.739e-85,8
-25.918,-27.4936,5.739e-85,8
-25.908,-27.4836,5.739e-85,8
-25.898,-27.4736,5.739e-85,8
-25.888,-27.4636,5.739e-85,8
-25.878,-27.4536,5.739e-85,8
-25.868,-27.4436,5.739e-85,8
-25.858,-27.4336,5.739e-85,8
-25.848,-27.4236,5.739e-85,8
-25.838,-27.4136,5.739e-85,8
-25.828,-27.4036,5.739e-85,8
-25.818,-27.3936,5.739e-85,8
-25.808,-27.3836,5.739e-85,8
-25.798,-27.3736,5.739e-85,8
-25.788,-27.3636,5.739e-85,8
-25.778,-27.3536,5.739e-85,8
-25.768,-27.3436,5.739e-85,8
-25.758,-27.3336,5.739e-85,8
-25.748,-27.3236,5.739e-85,8
-25.738,-27.3136,5.739e-85,8
-25.728,-27.3036,5.739e-85,8
-25.718,-27.2936,5.739e-85,8
-25.708,-27.2836,5.739e-85,8
-25.698,-27.2736,5.739e-85,8
-25.688,-27.2636,5.739e-85,8
-25.678,-27.2536,5.739e-85,8
-25.668,-27.2436,5.739e-85,8
-25.658,-27.2336,5.739e-85,8
-25.648,-27.2236,5.739e-85,8
-25.638,-27.2136,5.739e-85,8
-25.628,-27.2036,5.739e-85,8
-25.618,-27.1936,5.739e-85,8
-25.608,-27.1836,5.739e-85,8
-25.598,-27.1736,5.739e-85,8
-25.588,-27.1636,5.739e-85,8
-25.578,-27.1536,5.739e-85,8
-25.568,-27.1436,5.739e-85,8
-25.558,-27.1336,5.739e-85,8
-25.548,-27.1236,5.739e-85,8
-25.538,-27.1136,5.739e-85,8
-25.528,-27.1036,5.739e-85,8
-25.518,-27.0936,5.739e-85,8
-25.508,-27.0836,5.739e-85,8
-25.498,-27.0736,5.739e-85,8
-25.488,-27.0636,5.739e-85,8
-25.478,-27.0536,5.739e-85,8
-25.468,-27.0436,5.739e-85,8
-25.458,-27.0336,5.739e-85,8
-25.448,-27.0236,5.739e-85,8
-25.438,-27.0136,5.739e-85,8
-25.428,-27.0036,5.739e-85,8
-25.418,-26.9936,5.739e-85,8
-25.408,-26.9836,5.739e-85,8
-25.398,-26.9736,5.739e-85,8
-25.388,-26.9636,5.739e-85,8
-25.378,-26.9536,5.739e-85,8
-25.368,-26.9436,5.739e-85,8
-25.358,-26.9336,5.739e-85,8
-25.348,-26.9236,5.739e-85,8
-25.338,-26.9136,5.739e-85,8
-25.328,-26.9036,5.739e-85,8
-25.318,-26.8936,5.739e-85,8
-25.308,-26.8836,5.739e-85,8
-25.298,-26.8736,5.739e-85,8
-25.288,-26.8636,5.739e-85,8
-25.278,-26.8536,5.739e-85,8
-25.268,-26.8436,5.739e-85,8
-25.258,-26.8336,5.739e-85,8
-25.248,-26.8236,5.739e-85,8
-25.238,-26.8136,5.739e-85,8
-25.228,-26.8036,5.739e-85,8
-25.218,-26.7936,5.739e-85,8
-25.208,-26.7836,5.739e-85,8
-25.198,-26.7736,5.739e-85,8
-25.188,-26.7636,5.739e-85,8
-25.178,-26.7536,5.739e-85,8
-25.168,-26.7436,5.739e-85,8
-25.158,-26.7336,5.739e-85,8
-25.148,-26.7236,5.739e-85,8
-25.138,-26.7136,5.739e-85,8
-25.128,-26.7036,5.739e-85,8
-25.118,-26.6936,5.739e-85,8
-25.108,-26.6836,5.739e-85,8
-25.098,-26.6736,5.739e-85,8
-25.088,-26.6636,5.739e-85,8
-25.078,-26.6536,5.739e-85,8
-25.068,-26.6436,5.739e-85,8
-25.058,-26.6336,5.739e-85,8
-25.048,-26.6236,5.739e-85,8
-25.038,-26.6136,5.739e-85,8
-25.028,-26.6036,5.739e-85,8
-25.018,-26.5936,5.739e-85,8
-25.008,-26.5836,5.739e-85,8
-24.998,-26.5736,5.739e-85,8
-24.988,-26.5636,5.739e-85,8
-24.978,-26.5536,5.739e-85,8
-24.968,-26.5436,5.739e-85,8
-24.958,-26.5336,5.739e-85,8
-24.948,-26.5236,5.739e-85,8
-24.938,-26.5136,5.739e-85,8
-24.928,-26.5036,5.739e-85,8
-24.918,-26.4936,5.739e-85,8
-24.908,-26.4836,5.739e-85,8
-24.898,-26.4736,5.739e-85,8
-24.888,-26.4636,5.739e-85,8
-24.878,-26.4536,5.739e-85,8
-24.868,-26.4436,5.739e-85,8
-24.858,-26.4336,5.739e-85,8
-24.848,-26.4236,5.739e-85,8
-24.838,-26.4136,5.739e-85,8
-24.828,-26.4036,5.739e-85,8
-24.818,-26.3936,5.739e-85,8
-24.808,-26.3836,5.739e-85,8
-24.798,-26.3736,5.739e-85,8
-24.788,-26.3636,5.739e-85,8
-24.778,-26.3536,5.739e-85,8
-24.768,-26.3436,5.739e-85,8
-24.758,-26.3336,5.739e-85,8
-24.748,-26.3236,5.739e-85,8
-24.738,-26.3136,5.739e-85,8
-24.728,-26.3036,5.739e-85,8
-24.718,-26.2936,5.739e-85,8
-24.708,-26.2836,5.739e-85,8
-24.698,-26.2736,5.739e-85,8
-24.688,-26.2636,5.739e-85,8
-24.678,-26.2536,5.739e-85,8
-24.668,-26.2436,5.739e-85,8
-24.658,-26.2336,5.739e-85,8
-24.648,-26.2236,5.739e-85,8
-24.638,-26.2136,5.739e-85,8
-24.628,-26.2036,5.739e-85,8
-24.618,-26.1936,5.739e-85,8
-24.608,-26.1836,5.739e-85,8
-24.598,-26.1736,5.739e-85,8
-24.588,-26.1636,5.739e-85,8
-24.578,-26.1536,5.739e-85,8
-24.568,-26.1436,5.739e-85,8
-24.558,-26.1336,5.739e-85,8
-24.548,-26.1236,5.739e-85,8
-24.538,-26.1136,5.739e-85,8
-24.528,-26.1036,5.739e-85,8
-24.518,-26.0936,5.739e-85,8
-24.508,-26.0836,5.739e-85,8
-24.498,-26.0736,5.739e-85,8
-24.488,-26.0636,5.739e-85,8
-24.478,-26.0536,5.739e-85,8
-24.468,-26.0436,5.739e-85,8
-24.458,-26.0336,5.739e-85,8
-24.448,-26.0236,5.739e-85,8
-24.438,-26.0136,5.739e-85,8
-24.428,-26.0036,5.739e-85,8
-24.418,-25.9936,5.739e-85,8
-24.408,-25.9836,5.739e-85,8
-24.398,-25.9736,5.739e-85,8
-24.388,-25.9636,5.739e-85,8
-24.378,-25.9536,5.739e-85,8
-24.368,-25.9436,5.739e-85,8
-24.358,-25.9336,5.739e-85,8
-24.348,-25.9236,5.739e-85,8
-24.338,-25.9136,5.739e-85,8
-24.328,-25.9036,5.739e-85,8
-24.318,-25.8936,5.739e-85,8
-24.308,-25.8836,5.739e-85,8
-24.298,-25.8736,5.739e-85,8
-24.288,-25.8636,5.739e-85,8
-24.278,-25.8536,5.739e-85,8
-24.268,-25.8436,5.739e-85,8
-24.258,-25.8336,5.739e-85,8
-24.248,-25.8236,5.739e-85,8
-24.238,-25.8136,5.739e-85,8
-24.228,-25.8036,5.739e-85,8
-24.218,-25.7936,5.739e-85,8
-24.208,-25.7836,5.739e-85,8
-24.198,-25.7736,5.739e-85,8
-24.188,-25.7636,5.739e-85,8
-24.178,-25.7536,5.739e-85,8
-24.168,-25.7436,5.739e-85,8
-24.158,-25.7336,5.739e-85,8
-24.148,-25.7236,5.739e-85,8
-24.138,-25.7136,5.739e-85,8
-24.128,-25.7036,5.739e-85,8
-24.118,-25.6936,5.739e-85,8
-24.108,-25.6836,5.739e-85,8
-24.098,-25.6736,5.739e-85,8
-24.088,-25.6636,5.739e-85,8
-24.078,-25.6536,5.739e-85,8
-24.068,-25.6436,5.739e-85,8
-24.058,-25.6336,5.739e-85,8
-24.048,-25.6236,5.739e-85,8
-24.038,-25.6136,5.739e-85,8
-24.028,-25.6036,5.739e-85,8
-24.018,-25.5936,5.739e-85,8
-24.008,-25.5836,5.739e-85,8
-23.998,-25.5736,5.739e-85,8
-23.988,-25.5636,5.739e-85,8
-23.978,-25.5536,5.739e-85,8
-23.968,-25.5436,5.739e-85,8
-23.958,-25.5336,5.739e-85,8
-23.948,-25.5236,5.739e-85,8
-23.938,-25.5136,5.739e-85,8
-23.928,-25.5036,5.739e-85,8
-23.918,-25.4936,5.739e-85,8
-23.908,-25.4836,5.739e-85,8
-23.898,-25.4736,5.739e-85,8
-23.888,-25.4636,5.739e-85,8
-23.878,-25.4536,5.739e-85,8
-23.868,-25.4436,5.739e-85,8
-23.858,-25.4336,5.739e-85,8
-23.848,-25.4236,5.739e-85,8
-23.838,-25.4136,5.739e-85,8
-23.828,-25.4036,5.739e-85,8
-23.818,-25.3936,5.739e-85,8
-23.808,-25.3836,5.739e-85,8
-23.798,-25.3736,5.739e-85,8
-23.788,-25.3636,5.739e-85,8
-23.778,-25.3536,5.739e-85,8
-23.768,-25.3436,5.739e-85,8
-23.758,-25.3336,5.739e-85,8
-23.748,-25.3236,5.739e-85,8
-23.738,-25.3136,5.739e-85,8
-23.728,-25.3036,5.739e-85,8
-23.718,-25.2936,5.739e-85,8
-23.708,-25.2836,5.739e-85,8
-23.698,-25.2736,5.739e-85,8
-23.688,-25.2636,5.739e-85,8
-23.678,-25.2536,5.739e-85,8
-23.668,-25.2436,5.739e-85,8
-23.658,-25.2336,5.739e-85,8
-23.648,-25.2236,5.739e-85,8
-23.638,-25.2136,5.739e-85,8
-23.628,-25.2036,5.739e-85,8
-23.618,-25.1936,5.739e-85,8
-23.608,-25.1836,5.739e-85,8
-23.598,-25.1736,5.739e-85,8
-23.588,-25.1636,5.739e-85,8
-23.578,-25.1536,5.739e-85,8
-23.568,-25.1436,5.739e-85,8
-23.558,-25.1336,5.739e-85,8
-23.548,-25.1236,5.739e-85,8
-23.538,-25.1136,5.739e-85,8
-23.528,-25.1036,5.739e-85,8
-23.518,-25.0936,5.739e-85,8
-23.508,-25.0836,5.739e-85,8
-23.498,-25.0736,5.739e-85,8
-23.488,-25.0636,5.739e-85,8
-23.478,-25.0536,5.739e-85,8
-23.468,-25.0436,5.739e-85,8
-23.458,-25.0336,5.739e-85,8
-23.448,-25.0236,5.739e-85,8
-23.438,-25.0136,5.739e-85,8
-23.428,-25.0036,5.739e-85,8
-23.418,-24.9936,5.739e-85,8
-23.408,-24.9836,5.739e-85,8
-23.398,-24.9736,5.739e-85,8
-23.388,-24.9636,5.739e-85,8
-23.378,-24.9536,5.739e-85,8
-23.368,-24.9436,5.739e-85,8
-23.358,-24.9336,5.739e-85,8
-23.348,-24.9236,5.739e-85,8
-23.338,-24.9136,5.739e-85,8
-23.328,-24.9036,5.739e-85,8
-23.318,-24.8936,5.739e-85,8
-23.308,-24.8836,5.739e-85,8
-23.298,-24.8736,5.739e-85,8
-23.288,-24.8636,5.739e-85,8
-23.278,-24.8536,5.739e-85,8
-23.268,-24.8436,5.739e-85,8
-23.258,-24.8336,5.739e-85,8
-23.248,-24.8236,5.739e-85,8
-23.238,-24.8136,5.739e-85,8
-23.228,-24.8036,5.739e-85,8
-23.218,-24.7936,5.739e-85,8
-23.208,-24.7836,5.739e-85,8
-23.198,-24.7736,5.739e-85,8
-23.188,-24.7636,5.739e-85,8
-23.178,-24.7536,5.739e-85,8
-23.168,-24.7436,5.739e-85,8
-23.158,-24.7336,5.739e-85,8
-23.148,-24.7236,5.739e-85,8
-23.138,-24.7136,5.739e-85,8
-23.128,-24.7036,5.739e-85,8
-23.118,-24.6936,5.739e-85,8
-23.108,-24.6836,5.739e-85,8
-23.098,-24.6736,5.739e-85,8
-23.088,-24.6636,5.739e-85,8
-23.078,-24.6536,5.739e-85,8
-23.068,-24.6436,5.739e-85,8
-23.058,-24.6336,5.739e-85,8
-23.048,-24.6236,5.739e-85,8
-23.038,-24.6136,5.739e-85,8
-23.028,-24.6036,5.739e-85,8
-23.018,-24.5936,5.739e-85,8
-23.008,-24.5836,5.739e-85,8
-22.998,-24.5736,5.739e-85,8
-22.988,-24.5636,5.739e-85,8
-22.978,-24.5536,5.739e-85,8
-22.968,-24.5436,5.739e-85,8
-22.958,-24.5336,5.739e-85,8
-22.948,-24.5236,5.739e-85,8
-22.938,-24.5136,5.739e-85,8
-22.928,-24.5036,5.739e-85,8
-22.918,-24.4936,5.739e-85,8
-22.908,-24.4836,5.739e-85,8
-22.898,-24.4736,5.739e-85,8
-22.888,-24.4636,5.739e-85,8
-22.878,-24.4536,5.739e-85,8
-22.868,-24.4436,5.739e-85,8
-22.858,-24.4336,5.739e-85,8
-22.848,-24.4236,5.739e-85,8
-22.838,-24.4136,5.739e-85,8
-22.828,-24.4036,5.739e-85,8
-22.818,-24.3936,5.739e-85,8
-22.808,-24.3836,5.739e-85,8
-22.798,-24.3736,5.739e-85,8
-22.788,-24.3636,5.739e-85,8
-22.778,-24.3536,5.739e-85,8
-22.768,-24.3436,5.739e-85,8
-22.758,-24.3336,5.739e-85,8
-22.748,-24.3236,5.739e-85,8
-22.738,-24.3136,5.739e-85,8
-22.728,-24.3036,5.739e-85,8
-22.718,-24.2936,5.739e-85,8
-22.708,-24.2836,5.739e-85,8
-22.698,-24.2736,5.739e-85,8
-22.688,-24.2636,5.739e-85,8
-22.678,-24.2536,5.739e-85,8
-22.668,-24.2436,5.739e-85,8
-22.658,-24.2336,5.739e-85,8
-22.648,-24.2236,5.739e-85,8
-22.638,-24.2136,5.739e-85,8
-22.628,-24.2036,5.739e-85,8
-22.618,-24.1936,5.739e-85,8
-22.608,-24.1836,5.739e-85,8
-22.598,-24.1736,5.739e-85,8
-22.588,-24.1636,5.739e-85,8
-22.578,-24.1536,5.739e-85,8
-22.568,-24.1436,5.739e-85,8
-22.558,-24.1336,5.739e-85,8
-22.548,-24.1236,5.739e-85,8
-22.538,-24.1136,5.739e-85,8
-22.528,-24.1036,5.739e-85,8
-22.518,-24.0936,5.739e-85,8
-22.508,-24.0836,5.739e-85,8
-22.498,-24.0736,5.739e-85,8
-22.488,-24.0636,5.739e-85,8
-22.478,-24.0536,5.739e-85,8
-22.468,-24.0436,5.739e-85,8
-22.458,-24.0336,5.739e-85,8
-22.448,-24.0236,5.739e-85,8
-22.438,-24.0136,5.739e-85,8
-22.428,-24.0036,5.739e-85,8
-22.418,-23.9936,5.739e-85,8
-22.408,-23.9836,5.739e-85,8
-22.398,-23.9736,5.739e-85,8
-22.388,-23.9636,5.739e-85,8
-22.378,-23.9536,5.739e-85,8
-22.368,-23.9436,5.739e-85,8
-22.358,-23.9336,5.739e-85,8
-22.348,-23.9236,5.739e-85,8
-22.338,-23.9136,5.739e-85,8
-22.328,-23.9036,5.739e-85,8
-22.318,-23.8936,5.739e-85,8
-22.308,-23.8836,5.739e-85,8
-22.298,-23.8736,5.739e-85,8
-22.288,-23.8636,5.739e-85,8
-22.278,-23.8536,5.739e-85,8
-22.268,-23.8436,5.739e-85,8
-22.258,-23.8336,5.739e-85,8
-22.248,-23.8236,5.739e-85,8
-22.238,-23.8136,5.739e-85,8
-22.228,-23.8036,5.739e-85,8
-22.218,-23.7936,5.739e-85,8
-22.208,-23.7836,5.739e-85,8
-22.198,-23.7736,5.739e-85,8
-22.188,-23.7636,5.739e-85,8
-22.178,-23.7536,5.739e-85,8
-22.168,-23.7436,5.739e-85,8
-22.158,-23.7336,5.739e-85,8
-22.148,-23.7236,5.739e-85,8
-22.138,-23.7136,5.739e-85,8
-22.128,-23.7036,5.739e-85,8
-22.118,-23.6936,5.739e-85,8
-22.108,-23.6836,5.739e-85,8
-22.098,-23.6736,5.739e-85,8
-22.088,-23.6636,5.739e-85,8
-22.078,-23.6536,5.739e-85,8
-22.068,-23.6436,5.739e-85,8
-22.058,-23.6336,5.739e-85,8
-22.048,-23.6236,5.739e-85,8
-22.038,-23.6136,5.739e-85,8
-22.028,-23.6036,5.739e-85,8
-22.018,-23.5936,5.739e-85,8
-22.008,-23.5836,5.739e-85,8
-21.998,-23.5736,5.739e-85,8
-21.988,-23.5636,5.739e-85,8
-21.978,-23.5536,5.739e-85,8
-21.968,-23.5436,5.739e-85,8
-21.958,-23.5336,5.739e-85,8
-21.948,-23.5236,5.739e-85,8
-21.938,-23.5136,5.739e-85,8
-21.928,-23.5036,5.739e-85,8
-21.918,-23.4936,5.739e-85,8
-21.908,-23.4836,5.739e-85,8
-21.898,-23.4736,5.739e-85,8
-21.888,-23.4636,5.739e-85,8
-21.878,-23.4536,5.739e-85,8
-21.868,-23.4436,5.739e-85,8
-21.858,-23.4336,5.739e-85,8
-21.848,-23.4236,5.739e-85,8
-21.838,-23.4136,5.739e-85,8
-21.828,-23.4036,5.739e-85,8
-21.818,-23.3936,5.739e-85,8
-21.808,-23.3836,5.739e-85,8
-21.798,-23.3736,5.739e-85,8
-21.788,-23.3636,5.739e-85,8
-21.778,-23.3536,5.739e-85,8
-21.768,-23.3436,5.739e-85,8
-21.758,-23.3336,5.739e-85,8
-21.748,-23.3236,5.739e-85,8
-21.738,-23.3136,5.739e-85,8
-21.728,-23.3036,5.739e-85,8
-21.718,-23.2936,5.739e-85,8
-21.708,-23.2836,5.739e-85,8
-21.698,-23.2736,5.739e-85,8
-21.688,-23.2636,5.739e-85,8
-21.678,-23.2536,5.739e-85,8
-21.668,-23.2436,5.739e-85,8
-21.658,-23.2336,5.739e-85,8
-21.648,-23.2236,5.739e-85,8
-21.638,-23.2136,5.739e-85,8
-21.628,-23.2036,5.739e-85,8
-21.618,-23.1936,5.739e-85,8
-21.608,-23.1836,5.739e-85,8
-21.598,-23.1736,5.739e-85,8
-21.588,-23.1636,5.739e-85,8
-21.578,-23.1536,5.739e-85,8
-21.568,-23.1436,5.739e-85,8
-21.558,-23.1336,5.739e-85,8
-21.548,-23.1236,5.739e-85,8
-21.538,-23.1136,5.739e-85,8
-21.528,-23.1036,5.739e-85,8
-21.518,-23.0936,5.739e-85,8
-21.508,-23.0836,5.739e-85,8
-21.498,-23.0736,5.739e-85,8
-21.488,-23.0636,5.739e-85,8
-21.478,-23.0536,5.739e-85,8
-21.468,-23.0436,5.739e-85,8
-21.458,-23.0336,5.739e-85,8
-21.448,-23.0236,5.739e-85,8
-21.438,-23.0136,5.739e-85,8
-21.428,-23.0036,5.739e-85,8
-21.418,-22.9936,5.739e-85,8
-21.408,-22.9836,5.739e-85,8
-21.398,-22.9736,5.739e-85,8
-21.388,-22.9636,5.739e-85,8
-21.378,-22.9536,5.739e-85,8
-21.368,-22.9436,5.739e-85,8
-21.358,-22.9336,5.739e-85,8
-21.348,-22.9236,5.739e-85,8
-21.338,-22.9136,5.739e-85,8
-21.328,-22.9036,5.739e-85,8
-21.318,-22.8936,5.739e-85,8
-21.308,-22.8836,5.739e-85,8
-21.298,-22.8736,5.739e-85,8
-21.288,-22.8636,5.739e-85,8
-21.278,-22.8536,5.739e-85,8
-21.268,-22.8436,5.739e-85,8
-21.258,-22.8336,5.739e-85,8
-21.248,-22.8236,5.739e-85,8
-21.238,-22.8136,5.739e-85,8
-21.228,-22.8036,5.739e-85,8
-21.218,-22.7936,5.739e-85,8
-21.208,-22.7836,5.739e-85,8
-21.198,-22.7736,5.739e-85,8
-21.188,-22.7636,5.739e-85,8
-21.178,-22.7536,5.739e-85,8
-21.168,-22.7436,5.739e-85,8
-21.158,-22.7336,5.739e-85,8
-21.148,-22.7236,5.739e-85,8
-21.138,-22.7136,5.739e-85,8
-21.128,-22.7036,5.739e-85,8
-21.118,-22.6936,5.739e-85,8
-21.108,-22.6836,5.739e-85,8
-21.098,-22.6736,5.739e-85,8
-21.088,-22.6636,5.739e-85,8
-21.078,-22.6536,5.739e-85,8
-21.068,-22.6436,5.739e-85,8
-21.058,-22.6336,5.739e-85,8
-21.048,-22.6236,5.739e-85,8
-21.038,-22.6136,5.739e-85,8
-21.028,-22.6036,5.739e-85,8
-21.018,-22.5936,5.739e-85,8
-21.008,-22.5836,5.739e-85,8
-20.998,-22.5736,5.739e-85,8
-20.988,-22.5636,5.739e-85,8
-20.978,-22.5536,5.739e-85,8
-20.968,-22.5436,5.739e-85,8
-20.958,-22.5336,5.739e-85,8
-20.948,-22.5236,5.739e-85,8
-20.938,-22.5136,5.739e-85,8
-20.928,-22.5036,5.739e-85,8
-20.918,-22.4936,5.739e-85,8
-20.908,-22.4836,5.739e-85,8
-20.898,-22.4736,5.739e-85,8
-20.888,-22.4636,5.739e-85,8
-20.878,-22.4536,5.739e-85,8
-20.868,-22.4436,5.739e-85,8
-20.858,-22.4336,5.739e-85,8
-20.848,-22.4236,5.739e-85,8
-20.838,-22.4136,5.739e-85,8
-20.828,-22.4036,5.739e-85,8
-20.818,-22.3936,5.739e-85,8
-20.808,-22.3836,5.739e-85,8
-20.798,-22.3736,5.739e-85,8
-20.788,-22.3636,5.739e-85,8
-20.778,-22.3536,5.739e-85,8
-20.768,-22.3436,5.739e-85,8
-20.758,-22.3336,5.739e-85,8
-20.748,-22.3236,5.739e-85,8
-20.738,-22.3136,5.739e-85,8
-20.728,-22.3036,5.739e-85,8
-20.718,-22.2936,5.739e-85,8
-20.708,-22.2836,5.739e-85,8
-20.698,-22.2736,5.739e-85,8
-20.688,-22.2636,5.739e-85,8
-20.678,-22.2536,5.739e-85,8
-20.668,-22.2436,5.739e-85,8
-20.658,-22.2336,5.739e-85,8
-20.648,-22.2236,5.739e-85,8
-20.638,-22.2136,5.739e-85,8
-20.628,-22.2036,5.739e-85,8
-20.618,-22.1936,5.739e-85,8
-20.608,-22.1836,5.739e-85,8
-20.598,-22.1736,5.739e-85,8
-20.588,-22.1636,5.739e-85,8
-20.578,-22.1536,5.739e-85,8
-20.568,-22.1436,5.739e-85,8
-20.558,-22.1336,5.739e-85,8
-20.548,-22.1236,5.739e-85,8
-20.538,-22.1136,5.739e-85,8
-20.528,-22.1036,5.739e-85,8
-20.518,-22.0936,5.739e-85,8
-20.508,-22.0836,5.739e-85,8
-20.498,-22.0736,5.739e-85,8
-20.488,-22.0636,5.739e-85,8
-20.478,-22.0536,5.739e-85,8
-20.468,-22.0436,5.739e-85,8
-20.458,-22.0336,5.739e-85,8
-20.448,-22.0236,5.739e-85,8
-20.438,-22.0136,5.739e-85,8
-20.428,-22.0036,5.739e-85,8
-20.418,-21.9936,5.739e-85,8
-20.408,-21.9836,5.739e-85,8
-20.398,-21.9736,5.739e-85,8
-20.388,-21.9636,5.739e-85,8
-20.378,-21.9536,5.739e-85,8
-20.368,-21.9436,5.739e-85,8
-20.358,-21.9336,5.739e-85,8
-20.348,-21.9236,5.739e-85,8
-20.338,-21.9136,5.739e-85,8
-20.328,-21.9036,5.739e-85,8
-20.318,-21.8936,5.739e-85,8
-20.308,-21.8836,5.739e-85,8
-20.298,-21.8736,5.739e-85,8
-20.288,-21.8636,5.739e-85,8
-20.278,-21.8536,5.739e-85,8
-20.268,-21.8436,5.739e-85,8
-20.258,-21.8336,5.739e-85,8
-20.248,-21.8236,5.739e-85,8
-20.238,-21.8136,5.739e-85,8
-20.228,-21.8036,5.739e-85,8
-20.218,-21.7936,5.739e-85,8
-20.208,-21.7836,5.739e-85,8
-20.198,-21.7736,5.739e-85,8
-20.188,-21.7636,5.739e-85,8
-20.178,-21.7536,5.739e-85,8
-20.168,-21.7436,5.739e-85,8
-20.158,-21.7336,5.739e-85,8
-20.148,-21.7236,5.739e-85,8
-20.138,-21.7136,5.739e-85,8
-20.128,-21.7036,5.739e-85,8
-20.118,-21.6936,5.739e-85,8
-20.108,-21.6836,5.739e-85,8
-20.098,-21.6736,5.739e-85,8
-20.088,-21.6636,5.739e-85,8
-20.078,-21.6536,5.739e-85,8
-20.068,-21.6436,5.739e-85,8
-20.058,-21.6336,5.739e-85,8
-20.048,-21.6236,5.739e-85,8
-20.038,-21.6136,5.739e-85,8
-20.028,-21.6036,5.739e-85,8
-20.018,-21.5936,5.739e-85,8
-20.008,-21.5836,5.739e-85,8
-19.998,-21.5736,5.739e-85,8
-19.988,-21.5636,5.739e-85,8
-19.978,-21.5536,5.739e-85,8
-19.968,-21.5436,5.739e-85,8
-19.958,-21.5336,5.739e-85,8
-19.948,-21.5236,5.739e-85,8
-19.938,-21.5136,5.739e-85,8
-19.928,-21.5036,5.739e-85,8
-19.918,-21.4936,5.739e-85,8
-19.908,-21.4836,5.739e-85,8
-19.898,-21.4736,5.739e-85,8
-19.888,-21.4636,5.739e-85,8
-19.878,-21.4536,5.739e-85,8
-19.868,-21.4436,5.739e-85,8
-19.858,-21.4336,5.739e-85,8
-19.848,-21.4236,5.739e-85,8
-19.838,-21.4136,5.739e-85,8
-19.828,-21.4036,5.739e-85,8
-19.818,-21.3936,5.739e-85,8
-19.808,-21.3836,5.739e-85,8
-19.798,-21.3736,5.739e-85,8
-19.788,-21.3636,5.739e-85,8
-19.778,-21.3536,5.739e-85,8
-19.768,-21.3436,5.739e-85,8
-19.758,-21.3336,5.739e-85,8
-19.748,-21.3236,5.739e-85,8
-19.738,-21.3136,5.739e-85,8
-19.728,-21.3036,5.739e-85,8
-19.718,-21.2936,5.739e-85,8
-19.708,-21.2836,5.739e-85,8
-19.698,-21.2736,5.739e-85,8
-19.688,-21.2636,5.739e-85,8
-19.678,-21.2536,5.739e-85,8
-19.668,-21.2436,5.739e-85,8
-19.658,-21.2336,5.739e-85,8
-19.648,-21.2236,5.739e-85,8
-19.638,-21.2136,5.739e-85,8
-19.628,-21.2036,5.739e-85,8
-19.618,-21.1936,5.739e-85,8
-19.608,-21.1836,5.739e-85,8
-19.598,-21.1736,5.739e-85,8
-19.588,-21.1636,5.739e-85,8
-19.578,-21.1536,5.739e-85,8
-19.568,-21.1436,5.739e-85,8
-19.558,-21.1336,5.739e-85,8
-19.548,-21.1236,5.739e-85,8
-19.538,-21.1136,5.739e-85,8
-19.528,-21.1036,5.739e-85,8
-19.518,-21.0936,5.739e-85,8
-19.508,-21.0836,5.739e-85,8
-19.498,-21.0736,5.739e-85,8
-19.488,-21.0636,5.739e-85,8
-19.478,-21.0536,5.739e-85,8
-19.468,-21.0436,5.739e-85,8
-19.458,-21.0336,5.739e-85,8
-19.448,-21.0236,5.739e-85,8
-19.438,-21.0136,5.739e-85,8
-19.428,-21.0036,5.739e-85,8
-19.418,-20.9936,5.739e-85,8
-19.408,-20.9836,5.739e-85,8
-19.398,-20.9736,5.739e-85,8
-19.388,-20.9636,5.739e-85,8
-19.378,-20.9536,5.739e-85,8
-19.368,-20.9436,5.739e-85,8
-19.358,-20.9336,5.739e-85,8
-19.348,-20.9236,5.739e-85,8
-19.338,-20.9136,5.739e-85,8
-19.328,-20.9036,5.739e-85,8
-19.318,-20.8936,5.739e-85,8
-19.308,-20.8836,5.739e-85,8
-19.298,-20.8736,5.739e-85,8
-19.288,-20.8636,5.739e-85,8
-19.278,-20.8536,5.739e-85,8
-19.268,-20.8436,5.739e-85,8
-19.258,-20.8336,5.739e-85,8
-19.248,-20.8236,5.739e-85,8
-19.238,-20.8136,5.739e-85,8
-19.228,-20.8036,5.739e-85,8
-19.218,-20.7936,5.739e-85,8
-19.208,-20.7836,5.739e-85,8
-19.198,-20.7736,5.739e-85,8
-19.188,-20.7636,5.739e-85,8
-19.178,-20.7536,5.739e-85,8
-19.168,-20.7436,5.739e-85,8
-19.158,-20.7336,5.739e-85,8
-19.148,-20.7236,5.739e-85,8
-19.138,-20.7136,5.739e-85,8
-19.128,-20.7036,5.739e-85,8
-19.118,-20.6936,5.739e-85,8
-19.108,-20.6836,5.739e-85,8
-19.098,-20.6736,5.739e-85,8
-19.088,-20.6636,5.739e-85,8
-19.078,-20.6536,5.739e-85,8
-19.068,-20.6436,5.739e-85,8
-19.058,-20.6336,5.739e-85,8
-19.048,-20.6236,5.739e-85,8
-19.038,-20.6136,5.739e-85,8
-19.028,-20.6036,5.739e-85,8
-19.018,-20.5936,5.739e-85,8
-19.008,-20.5836,5.739e-85,8
-18.998,-20.5736,5.739e-85,8
-18.988,-20.5636,5.739e-85,8
-18.978,-20.5536,5.739e-85,8
-18.968,-20.5436,5.739e-85,8
-18.958,-20.5336,5.739e-85,8
-18.948,-20.5236,5.739e-85,8
-18.938,-20.5136,5.739e-85,8
-18.928,-20.5036,5.739e-85,8
-18.918,-20.4936,5.739e-85,8
-18.908,-20.4836,5.739e-85,8
-18.898,-20.4736,5.739e-85,8
-18.888,-20.4636,5.739e-85,8
-18.878,-20.4536,5.739e-85,8
-18.868,-20.4436,5.739e-85,8
-18.858,-20.4336,5.739e-85,8
-18.848,-20.4236,5.739e-85,8
-18.838,-20.4136,5.739e-85,8
-18.828,-20.4036,5.739e-85,8
-18.818,-20.3936,5.739e-85,8
-18.808,-20.3836,5.739e-85,8
-18.798,-20.3736,5.739e-85,8
-18.788,-20.3636,5.739e-85,8
-18.778,-20.3536,5.739e-85,8
-18.768,-20.3436,5.739e-85,8
-18.758,-20.3336,5.739e-85,8
-18.748,-20.3236,5.739e-85,8
-18.738,-20.3136,5.739e-85,8
-18.728,-20.3036,5.739e-85,8
-18.718,-20.2936,5.739e-85,8
-18.708,-20.2836,5.739e-85,8
-18.698,-20.2736,5.739e-85,8
-18.688,-20.2636,5.739e-85,8
-18.678,-20.2536,5.739e-85,8
-18.668,-20.2436,5.739e-85,8
-18.658,-20.2336,5.739e-85,8
-18.648,-20.2236,5.739e-85,8
-18.638,-20.2136,5.739e-85,8
-18.628,-20.2036,5.739e-85,8
-18.618,-20.1936,5.739e-85,8
-18.608,-20.1836,5.739e-85,8
-18.598,-20.1736,5.739e-85,8
-18.588,-20.1636,5.739e-85,8
-18.578,-20.1536,5.739e-85,8
-18.568,-20.1436,5.739e-85,8
-18.558,-20.1336,5.739e-85,8
-18.548,-20.1236,5.739e-85,8
-18.538,-20.1136,5.739e-85,8
-18.528,-20.1036,5.739e-85,8
-18.518,-20.0936,5.739e-85,8
-18.508,-20.0836,5.739e-85,8
-18.498,-20.0736,5.739e-85,8
-18.488,-20.0636,5.739e-85,8
-18.478,-20.0536,5.739e-85,8
-18.468,-20.0436,5.739e-85,8
-18.458,-20.0336,5.739e-85,8
-18.448,-20.0236,5.739e-85,8
-18.438,-20.0136,5.739e-85,8
-18.428,-20.0036,5.739e-85,8
-18.418,-19.9936,5.739e-85,8
-18.408,-19.9836,5.739e-85,8
-18.398,-19.9736,5.739e-85,8
-18.388,-19.9636,5.739e-85,8
-18.378,-19.9536,5.739e-85,8
-18.368,-19.9436,5.739e-85,8
-18.358,-19.9336,5.739e-85,8
-18.348,-19.9236,5.739e-85,8
-18.338,-19.9136,5.739e-85,8
-18.328,-19.9036,5.739e-85,8
-18.318,-19.8936,5.739e-85,8
-18.308,-19.8836,5.739e-85,8
-18.298,-19.8736,5.739e-85,8
-18.288,-19.8636,5.739e-85,8
-18.278,-19.8536,5.739e-85,8
-18.268,-19.8436,5.739e-85,8
-18.258,-19.8336,5.739e-85,8
-18.248,-19.8236,5.739e-85,8
-18.238,-19.8136,5.739e-85,8
-18.228,-19.8036,5.739e-85,8
-18.218,-19.7936,5.739e-85,8
-18.208,-19.7836,5.739e-85,8
-18.198,-19.7736,5.739e-85,8
-18.188,-19.7636,5.739e-85,8
-18.178,-19.7536,5.739e-85,8
-18.168,-19.7436,5.739e-85,8
-18.158,-19.7336,5.739e-85,8
-18.148,-19.7236,5.739e-85,8
-18.138,-19.7136,5.739e-85,8
-18.128,-19.7036,5.739e-85,8
-18.118,-19.6936,5.739e-85,8
-18.108,-19.6836,5.739e-85,8
-18.098,-19.6736,5.739e-85,8
-18.088,-19.6636,5.739e-85,8
-18.078,-19.6536,5.739e-85,8
-18.068,-19.6436,5.739e-85,8
-18.058,-19.6336,5.739e-85,8
-18.048,-19.6236,5.739e-85,8
-18.038,-19.6136,5.739e-85,8
-18.028,-19.6036,5.739e-85,8
-18.018,-19.5936,5.739e-85,8
-18.008,-19.5836,5.739e-85,8
-17.998,-19.5736,5.739e-85,8
-17.988,-19.5636,5.739e-85,8
-17.978,-19.5536,5.739e-85,8
-17.968,-19.5436,5.739e-85,8
-17.958,-19.5336,5.739e-85,8
-17.948,-19.5236,5.739e-85,8
-17.938,-19.5136,5.739e-85,8
-17.928,-19.5036,5.739e-85,8
-17.918,-19.4936,5.739e-85,8
-17.908,-19.4836,5.739e-85,8
-17.898,-19.4736,5.739e-85,8
-17.888,-19.4636,5.739e-85,8
-17.878,-19.4536,5.739e-85,8
-17.868,-19.4436,5.739e-85,8
-17.858,-19.4336,5.739e-85,8
-17.848,-19.4236,5.739e-85,8
-17.838,-19.4136,5.739e-85,8
-17.828,-19.4036,5.739e-85,8
-17.818,-19.3936,5.739e-85,8
-17.808,-19.3836,5.739e-85,8
-17.798,-19.3736,5.739e-85,8
-17.788,-19.3636,5.739e-85,8
-17.778,-19.3536,5.739e-85,8
-17.768,-19.3436,5.739e-85,8
-17.758,-19.3336,5.739e-85,8
-17.748,-19.3236,5.739e-85,8
-17.738,-19.3136,5.739e-85,8
-17.728,-19.3036,5.739e-85,8
-17.718,-19.2936,5.739e-85,8
-17.708,-19.2836,5.739e-85,8
-17.698,-19.2736,5.739e-85,8
-17.688,-19.2636,5.739e-85,8
-17.678,-19.2536,5.739e-85,8
-17.668,-19.2436,5.739e-85,8
-17.658,-19.2336,5.739e-85,8
-17.648,-19.2236,5.739e-85,8
-17.638,-19.2136,5.739e-85,8
-17.628,-19.2036,5.739e-85,8
-17.618,-19.1936,5.739e-85,8
-17.608,-19.1836,5.739e-85,8
-17.598,-19.1736,5.739e-85,8
-17.588,-19.1636,5.739e-85,8
-17.578,-19.1536,5.739e-85,8
-17.568,-19.1436,5.739e-85,8
-17.558,-19.1336,5.739e-85,8
-17.548,-19.1236,5.739e-85,8
-17.538,-19.1136,5.739e-85,8
-17.528,-19.1036,5.739e-85,8
-17.518,-19.0936,5.739e-85,8
-17.508,-19.0836,5.739e-85,8
-17.498,-19.0736,5.739e-85,8
-17.488,-19.0636,5.739e-85,8
-17.478,-19.0536,5.739e-85,8
-17.468,-19.0436,5.739e-85,8
-17.458,-19.0336,5.739e-85,8
-17.448,-19.0236,5.739e-85,8
-17.438,-19.0136,5.739e-85,8
-17.428,-19.0036,5.739e-85,8
-17.418,-18.9936,5.739e-85,8
-17.408,-18.9836,5.739e-85,8
-17.398,-18.9736,5.739e-85,8
-17.388,-18.9636,5.739e-85,8
-17.378,-18.9536,5.739e-85,8
-17.368,-18.9436,5.739e-85,8
-17.358,-18.9336,5.739e-85,8
-17.348,-18.9236,5.739e-85,8
-17.338,-18.9136,5.739e-85,8
-17.328,-18.9036,5.739e-85,8
-17.318,-18.8936,5.739e-85,8
-17.308,-18.8836,5.739e-85,8
-17.298,-18.8736,5.739e-85,8
-17.288,-18.8636,5.739e-85,8
-17.278,-18.8536,5.739e-85,8
-17.268,-18.8436,5.739e-85,8
-17.258,-18.8336,5.739e-85,8
-17.248,-18.8236,5.739e-85,8
-17.238,-18.8136,5.739e-85,8
-17.228,-18.8036,5.739e-85,8
-17.218,-18.7936,5.739e-85,8
-17.208,-18.7836,5.739e-85,8
-17.198,-18.7736,5.739e-85,8
-17.188,-18.7636,5.739e-85,8
-17.178,-18.7536,5.739e-85,8
-17.168,-18.7436,5.739e-85,8
-17.158,-18.7336,5.739e-85,8
-17.148,-18.7236,5.739e-85,8
-17.138,-18.7136,5.739e-85,8
-17.128,-18.7036,5.739e-85,8
-17.118,-18.6936,5.739e-85,8
-17.108,-18.6836,5.739e-85,8
-17.098,-18.6736,5.739e-85,8
-17.088,-18.6636,5.739e-85,8
-17.078,-18.6536,5.739e-85,8
-17.068,-18.6436,5.739e-85,8
-17.058,-18.6336,5.739e-85,8
-17.048,-18.6236,5.739e-85,8
-17.038,-18.6136,5.739e-85,8
-17.028,-18.6036,5.739e-85,8
-17.018,-18.5936,5.739e-85,8
-17.008,-18.5836,5.739e-85,8
-16.998,-18.5736,5.739e-85,8
-16.988,-18.5636,5.739e-85,8
-16.978,-18.5536,5.739e-85,8
-16.968,-18.5436,5.739e-85,8
-16.958,-18.5336,5.739e-85,8
-16.948,-18.5236,5.739e-85,8
-16.938,-18.5136,5.739e-85,8
-16.928,-18.5036,5.739e-85,8
-16.918,-18.4936,5.739e-85,8
-16.908,-18.4836,5.739e-85,8
-16.898,-18.4736,5.739e-85,8
-16.888,-18.4636,5.739e-85,8
-16.878,-18.4536,5.739e-85,8
-16.868,-18.4436,5.739e-85,8
-16.858,-18.4336,5.739e-85,8
-16.848,-18.4236,5.739e-85,8
-16.838,-18.4136,5.739e-85,8
-16.828,-18.4036,5.739e-85,8
-16.818,-18.3936,5.739e-85,8
-16.808,-18.3836,5.739e-85,8
-16.798,-18.3736,5.739e-85,8
-16.788,-18.3636,5.739e-85,8
-16.778,-18.3536,5.739e-85,8
-16.768,-18.3436,5.739e-85,8
-16.758,-18.3336,5.739e-85,8
-16.748,-18.3236,5.739e-85,8
-16.738,-18.3136,5.739e-85,8
-16.728,-18.3036,5.739e-85,8
-16.718,-18.2936,5.739e-85,8
-16.708,-18.2836,5.739e-85,8
-16.698,-18.2736,5.739e-85,8
-16.688,-18.2636,5.739e-85,8
-16.678,-18.2536,5.739e-85,8
-16.668,-18.2436,5.739e-85,8
-16.658,-18.2336,5.739e-85,8
-16.648,-18.2236,5.739e-85,8
-16.638,-18.2136,5.739e-85,8
-16.628,-18.2036,5.739e-85,8
-16.618,-18.1936,5.739e-85,8
-16.608,-18.1836,5.739e-85,8
-16.598,-18.1736,5.739e-85,8
-16.588,-18.1636,5.739e-85,8
-16.578,-18.1536,5.739e-85,8
-16.568,-18.1436,5.739e-85,8
-16.558,-18.1336,5.739e-85,8
-16.548,-18.1236,5.739e-85,8
-16.538,-18.1136,5.739e-85,8
-16.528,-18.1036,5.739e-85,8
-16.518,-18.0936,5.739e-85,8
-16.508,-18.0836,5.739e-85,8
-16.498,-18.0736,5.739e-85,8
-16.488,-18.0636,5.739e-85,8
-16.478,-18.0536,5.739e-85,8
-16.468,-18.0436,5.739e-85,8
-16.458,-18.0336,5.739e-85,8
-16.448,-18.0236,5.739e-85,8
-16.438,-18.0136,5.739e-85,8
-16.428,-18.0036,5.739e-85,8
-16.418,-17.9936,5.739e-85,8
-16.408,-17.9836,5.739e-85,8
-16.398,-17.9736,5.739e-85,8
-16.388,-17.9636,5.739e-85,8
-16.378,-17.9536,5.739e-85,8
-16.368,-17.9436,5.739e-85,8
-16.358,-17.9336,5.739e-85,8
-16.348,-17.9236,5.739e-85,8
-16.338,-17.9136,5.739e-85,8
-16.328,-17.9036,5.739e-85,8
-16.318,-17.8936,5.739e-85,8
-16.308,-17.8836,5.739e-85,8
-16.298,-17.8736,5.739e-85,8
-16.288,-17.8636,5.739e-85,8
-16.278,-17.8536,5.739e-85,8
-16.268,-17.8436,5.739e-85,8
-16.258,-17.8336,5.739e-85,8
-16.248,-17.8236,5.739e-85,8
-16.238,-17.8136,5.739e-85,8
-16.228,-17.8036,5.739e-85,8
-16.218,-17.7936,5.739e-85,8
-16.208,-17.7836,5.739e-85,8
-16.198,-17.7736,5.739e-85,8
-16.188,-17.7636,5.739e-85,8
-16.178,-17.7536,5.739e-85,8
-16.168,-17.7436,5.739e-85,8
-16.158,-17.7336,5.739e-85,8
-16.148,-17.7236,5.739e-85,8
-16.138,-17.7136,5.739e-85,8
-16.128,-17.7036,5.739e-85,8
-16.118,-17.6936,5.739e-85,8
-16.108,-17.6836,5.739e-85,8
-16.098,-17.6736,5.739e-85,8
-16.088,-17.6636,5.739e-85,8
-16.078,-17.6536,5.739e-85,8
-16.068,-17.6436,5.739e-85,8
-16.058,-17.6336,5.739e-85,8
-16.048,-17.6236,5.739e-85,8
-16.038,-17.6136,5.739e-85,8
-16.028,-17.6036,5.739e-85,8
-16.018,-17.5936,5.739e-85,8
-16.008,-17.5836,5.739e-85,8
-15.998,-17.5736,5.739e-85,8
-15.988,-17.5636,5.739e-85,8
-15.978,-17.5536,5.739e-85,8
-15.968,-17.5436,5.739e-85,8
-15.958,-17.5336,5.739e-85,8
-15.948,-17.5236,5.739e-85,8
-15.938,-17.5136,5.739e-85,8
-15.928,-17.5036,5.739e-85,8
-15.918,-17.4936,5.739e-85,8
-15.908,-17.4836,5.739e-85,8
-15.898,-17.4736,5.739e-85,8
-15.888,-17.4636,5.739e-85,8
-15.878,-17.4536,5.739e-85,8
-15.868,-17.4436,5.739e-85,8
-15.858,-17.4336,5.739e-85,8
-15.848,-17.4236,5.739e-85,8
-15.838,-17.4136,5.739e-85,8
-15.828,-17.4036,5.739e-85,8
-15.818,-17.3936,5.739e-85,8
-15.808,-17.3836,5.739e-85,8
-15.798,-17.3736,5.739e-85,8
-15.788,-17.3636,5.739e-85,8
-15.778,-17.3536,5.739e-85,8
-15.768,-17.3436,5.739e-85,8
-15.758,-17.3336,5.739e-85,8
-15.748,-17.3236,5.739e-85,8
-15.738,-17.3136,5.739e-85,8
-15.728,-17.3036,5.739e-85,8
-15.718,-17.2936,5.739e-85,8
-15.708,-17.2836,5.739e-85,8
-15.698,-17.2736,5.739e-85,8
-15.688,-17.2636,5.739e-85,8
-15.678,-17.2536,5.739e-85,8
-15.668,-17.2436,5.739e-85,8
-15.658,-17.2336,5.739e-85,8
-15.648,-17.2236,5.739e-85,8
-15.638,-17.2136,5.739e-85,8
-15.628,-17.2036,5.739e-85,8
-15.618,-17.1936,5.739e-85,8
-15.608,-17.1836,5.739e-85,8
-15.598,-17.1736,5.739e-85,8
-15.588,-17.1636,5.739e-85,8
-15.578,-17.1536,5.739e-85,8
-15.568,-17.1436,5.739e-85,8
-15.558,-17.1336,5.739e-85,8
-15.548,-17.1236,5.739e-85,8
-15.538,-17.1136,5.739e-85,8
-15.528,-17.1036,5.739e-85,8
-15.518,-17.0936,5.739e-85,8
-15.508,-17.0836,5.739e-85,8
-15.498,-17.0736,5.739e-85,8
-15.488,-17.0636,5.739e-85,8
-15.478,-17.0536,5.739e-85,8
-15.468,-17.0436,5.739e-85,8
-15.458,-17.0336,5.739e-85,8
-15.448,-17.0236,5.739e-85,8
-15.438,-17.0136,5.739e-85,8
-15.428,-17.0036,5.739e-85,8
-15.418,-16.9936,5.739e-85,8
-15.408,-16.9836,5.739e-85,8
-15.398,-16.9736,5.739e-85,8
-15.388,-16.9636,5.739e-85,8
-15.378,-16.9536,5.739e-85,8
-15.368,-16.9436,5.739e-85,8
-15.358,-16.9336,5.739e-85,8
-15.348,-16.9236,5.739e-85,8
-15.338,-16.9136,5.739e-85,8
-15.328,-16.9036,5.739e-85,8
-15.318,-16.8936,5.739e-85,8
-15.308,-16.8836,5.739e-85,8
-15.298,-16.8736,5.739e-85,8
-15.288,-16.8636,5.739e-85,8
-15.278,-16.8536,5.739e-85,8
-15.268,-16.8436,5.739e-85,8
-15.258,-16.8336,5.739e-85,8
-15.248,-16.8236,5.739e-85,8
-15.238,-16.8136,5.739e-85,8
-15.228,-16.8036,5.739e-85,8
-15.218,-16.7936,5.739e-85,8
-15.208,-16.7836,5.739e-85,8
-15.198,-16.7736,5.739e-85,8
-15.188,-16.7636,5.739e-85,8
-15.178,-16.7536,5.739e-85,8
-15.168,-16.7436,5.739e-85,8
-15.158,-16.7336,5.739e-85,8
-15.148,-16.7236,5.739e-85,8
-15.138,-16.7136,5.739e-85,8
-15.128,-16.7036,5.739e-85,8
-15.118,-16.6936,5.739e-85,8
-15.108,-16.6836,5.739e-85,8
-15.098,-16.6736,5.739e-85,8
-15.088,-16.6636,5.739e-85,8
-15.078,-16.6536,5.739e-85,8
-15.068,-16.6436,5.739e-85,8
-15.058,-16.6336,5.739e-85,8
-15.048,-16.6236,5.739e-85,8
-15.038,-16.6136,5.739e-85,8
-15.028,-16.6036,5.739e-85,8
-15.018,-16.5936,5.739e-85,8
-15.008,-16.5836,5.739e-85,8
-14.998,-16.5736,5.739e-85,8
-14.988,-16.5636,5.739e-85,8
-14.978,-16.5536,5.739e-85,8
-14.968,-16.5436,5.739e-85,8
-14.958,-16.5336,5.739e-85,8
-14.948,-16.5236,5.739e-85,8
-14.938,-16.5136,5.739e-85,8
-14.928,-16.5036,5.739e-85,8
-14.918,-16.4936,5.739e-85,8
-14.908,-16.4836,5.739e-85,8
-14.898,-16.4736,5.739e-85,8
-14.888,-16.4636,5.739e-85,8
-14.878,-16.4536,5.739e-85,8
-14.868,-16.4436,5.739e-85,8
-14.858,-16.4336,5.739e-85,8
-14.848,-16.4236,5.739e-85,8
-14.838,-16.4136,5.739e-85,8
-14.828,-16.4036,5.739e-85,8
-14.818,-16.3936,5.739e-85,8
-14.808,-16.3836,5.739e-85,8
-14.798,-16.3736,5.739e-85,8
-14.788,-16.3636,5.739e-85,8
-14.778,-16.3536,5.739e-85,8
-14.768,-16.3436,5.739e-85,8
-14.758,-16.3336,5.739e-85,8
-14.748,-16.3236,5.739e-85,8
-14.738,-16.3136,5.739e-85,8
-14.728,-16.3036,5.739e-85,8
-14.718,-16.2936,5.739e-85,8
-14.708,-16.2836,5.739e-85,8
-14.698,-16.2736,5.739e-85,8
-14.688,-16.2636,5.739e-85,8
-14.678,-16.2536,5.739e-85,8
-14.668,-16.2436,5.739e-85,8
-14.658,-16.2336,5.739e-85,8
-14.648,-16.2236,5.739e-85,8
-14.638,-16.2136,5.739e-85,8
-14.628,-16.2036,5.739e-85,8
-14.618,-16.1936,5.739e-85,8
-14.608,-16.1836,5.739e-85,8
-14.598,-16.1736,5.739e-85,8
-14.588,-16.1636,5.739e-85,8
-14.578,-16.1536,5.739e-85,8
-14.568,-16.1436,5.739e-85,8
-14.558,-16.1336,5.739e-85,8
-14.548,-16.1236,5.739e-85,8
-14.538,-16.1136,5.739e-85,8
-14.528,-16.1036,5.739e-85,8
-14.518,-16.0936,5.739e-85,8
-14.508,-16.0836,5.739e-85,8
-14.498,-16.0736,5.739e-85,8
-14.488,-16.0636,5.739e-85,8
-14.478,-16.0536,5.739e-85,8
-14.468,-16.0436,5.739e-85,8
-14.458,-16.0336,5.739e-85,8
-14.448,-16.0236,5.739e-85,8
-14.438,-16.0136,5.739e-85,8
-14.428,-16.0036,5.739e-85,8
-14.418,-15.9936,5.739e-85,8
-14.408,-15.9836,5.739e-85,8
-14.398,-15.9736,5.739e-85,8
-14.388,-15.9636,5.739e-85,8
-14.378,-15.9536,5.739e-85,8
-14.368,-15.9436,5.739e-85,8
-14.358,-15.9336,5.739e-85,8
-14.348,-15.9236,5.739e-85,8
-14.338,-15.9136,5.739e-85,8
-14.328,-15.9036,5.739e-85,8
-14.318,-15.8936,5.739e-85,8
-14.308,-15.8836,5.739e-85,8
-14.298,-15.8736,5.739e-85,8
-14.288,-15.8636,5.739e-85,8
-14.278,-15.8536,5.739e-85,8
-14.268,-15.8436,5.739e-85,8
-14.258,-15.8336,5.739e-85,8
-14.248,-15.8236,5.739e-85,8
-14.238,-15.8136,5.739e-85,8
-14.228,-15.8036,5.739e-85,8
-14.218,-15.7936,5.739e-85,8
-14.208,-15.7836,5.739e-85,8
-14.198,-15.7736,5.739e-85,8
-14.188,-15.7636,5.739e-85,8
-14.178,-15.7536,5.739e-85,8
-14.168,-15.7436,5.739e-85,8
-14.158,-15.7336,5.739e-85,8
-14.148,-15.7236,5.739e-85,8
-14.138,-15.7136,5.739e-85,8
-14.128,-15.7036,5.739e-85,8
-14.118,-15.6936,5.739e-85,8
-14.108,-15.6836,5.739e-85,8
-14.098,-15.6736,5.739e-85,8
-14.088,-15.6636,5.739e-85,8
-14.078,-15.6536,5.739e-85,8
-14.068,-15.6436,5.739e-85,8
-14.058,-15.6336,5.739e-85,8
-14.048,-15.6236,5.739e-85,8
-14.038,-15.6136,5.739e-85,8
-14.028,-15.6036,5.739e-85,8
-14.018,-15.5936,5.739e-85,8
-14.008,-15.5836,5.739e-85,8
-13.998,-15.5736,5.739e-85,8
-13.988,-15.5636,5.739e-85,8
-13.978,-15.5536,5.739e-85,8
-13.968,-15.5436,5.739e-85,8
-13.958,-15.5336,5.739e-85,8
-13.948,-15.5236,5.739e-85,8
-13.938,-15.5136,5.739e-85,8
-13.928,-15.5036,5.739e-85,8
-13.918,-15.4936,5.739e-85,8
-13.908,-15.4836,5.739e-85,8
-13.898,-15.4736,5.739e-85,8
-13.888,-15.4636,5.739e-85,8
-13.878,-15.4536,5.739e-85,8
-13.868,-15.4436,5.739e-85,8
-13.858,-15.4336,5.739e-85,8
-13.848,-15.4236,5.739e-85,8
-13.838,-15.4136,5.739e-85,8
-13.828,-15.4036,5.739e-85,8
-13.818,-15.3936,5.739e-85,8
-13.808,-15.3836,5.739e-85,8
-13.798,-15.3736,5.739e-85,8
-13.788,-15.3636,5.739e-85,8
-13.778,-15.3536,5.739e-85,8
-13.768,-15.3436,5.739e-85,8
-13.758,-15.3336,5.739e-85,8
-13.748,-15.3236,5.739e-85,8
-13.738,-15.3136,5.739e-85,8
-13.728,-15.3036,5.739e-85,8
-13.718,-15.2936,5.739e-85,8
-13.708,-15.2836,5.739e-85,8
-13.698,-15.2736,5.739e-85,8
-13.688,-15.2636,5.739e-85,8
-13.678,-15.2536,5.739e-85,8
-13.668,-15.2436,5.739e-85,8
-13.658,-15.2336,5.739e-85,8
-13.648,-15.2236,5.739e-85,8
-13.638,-15.2136,5.739e-85,8
-13.628,-15.2036,5.739e-85,8
-13.618,-15.1936,5.739e-85,8
-13.608,-15.1836,5.739e-85,8
-13.598,-15.1736,5.739e-85,8
-13.588,-15.1636,5.739e-85,8
-13.578,-15.1536,5.739e-85,8
-13.568,-15.1436,5.739e-85,8
-13.558,-15.1336,5.739e-85,8
-13.548,-15.1236,5.739e-85,8
-13.538,-15.1136,5.739e-85,8
-13.528,-15.1036,5.739e-85,8
-13.518,-15.0936,5.739e-85,8
-13.508,-15.0836,5.739e-85,8
-13.498,-15.0736,5.739e-85,8
-13.488,-15.0636,5.739e-85,8
-13.478,-15.0536,5.739e-85,8
-13.468,-15.0436,5.739e-85,8
-13.458,-15.0336,5.739e-85,8
-13.448,-15.0236,5.739e-85,8
-13.438,-15.0136,5.739e-85,8
-13.428,-15.0036,5.739e-85,8
-13.418,-14.9936,5.739e-85,8
-13.408,-14.9836,5.739e-85,8
-13.398,-14.9736,5.739e-85,8
-13.388,-14.9636,5.739e-85,8
-13.378,-14.9536,5.739e-85,8
-13.368,-14.9436,5.739e-85,8
-13.358,-14.9336,5.739e-85,8
-13.348,-14.9236,5.739e-85,8
-13.338,-14.9136,5.739e-85,8
-13.328,-14.9036,5.739e-85,8
-13.318,-14.8936,5.739e-85,8
-13.308,-14.8836,5.739e-85,8
-13.298,-14.8736,5.739e-85,8
-13.288,-14.8636,5.739e-85,8
-13.278,-14.8536,5.739e-85,8
-13.268,-14.8436,5.739e-85,8
-13.258,-14.8336,5.739e-85,8
-13.248,-14.8236,5.739e-85,8
-13.238,-14.8136,5.739e-85,8
-13.228,-14.8036,5.739e-85,8
-13.218,-14.7936,5.739e-85,8
-13.208,-14.7836,5.739e-85,8
-13.198,-14.7736,5.739e-85,8
-13.188,-14.7636,5.739e-85,8
-13.178,-14.7536,5.739e-85,8
-13.168,-14.7436,5.739e-85,8
-13.158,-14.7336,5.739e-85,8
-13.148,-14.7236,5.739e-85,8
-13.138,-14.7136,5.739e-85,8
-13.128,-14.7036,5.739e-85,8
-13.118,-14.6936,5.749e-85,8
-13.108,-14.6836,5.942e-85,8
-13.098,-14.6736,9.49e-85,8
-13.088,-14.6636,7.304e-84,8
-13.078,-14.6536,1.186e-82,8
-13.068,-14.6436,2.026e-81,8
-13.058,-14.6336,3.401e-80,8
-13.048,-14.6236,5.584e-79,8
-13.038,-14.6136,8.97e-78,8
-13.028,-14.6036,1.41e-76,8
-13.018,-14.5936,2.167e-75,8
-13.008,-14.5836,3.258e-74,8
-12.998,-14.5736,4.793e-73,8
-12.988,-14.5636,6.897e-72,8
-12.978,-14.5536,9.709e-71,8
-12.968,-14.5436,1.337e-69,8
-12.958,-14.5336,1.801e-68,8
-12.948,-14.5236,2.374e-67,8
-12.938,-14.5136,3.06e-66,8
-12.928,-14.5036,3.859e-65,8
-12.918,-14.4936,4.761e-64,8
-12.908,-14.4836,5.747e-63,8
-12.898,-14.4736,6.785e-62,8
-12.888,-14.4636,7.837e-61,8
-12.878,-14.4536,8.855e-60,8
-12.868,-14.4436,9.789e-59,8
-12.858,-14.4336,1.059e-57,8
-12.848,-14.4236,1.12e-56,8
-12.838,-14.4136,1.159e-55,8
-12.828,-14.4036,1.173e-54,8
-12.818,-14.3936,1.162e-53,8
-12.808,-14.3836,1.126e-52,8
-12.798,-14.3736,1.068e-51,8
-12.788,-14.3636,9.902e-51,8
-12.778,-14.3536,8.984e-50,8
-12.768,-14.3436,7.974e-49,8
-12.758,-14.3336,6.925e-48,8
-12.748,-14.3236,5.884e-47,8
-12.738,-14.3136,4.89e-46,8
-12.728,-14.3036,3.977e-45,8
-12.718,-14.2936,3.164e-44,8
-12.708,-14.2836,2.463e-43,8
-12.698,-14.2736,1.875e-42,8
-12.688,-14.2636,1.397e-41,8
-12.678,-14.2536,1.019e-40,8
-12.668,-14.2436,7.265e-40,8
-12.658,-14.2336,5.069e-39,8
-12.648,-14.2236,3.461e-38,8
-12.638,-14.2136,2.312e-37,8
-12.628,-14.2036,1.511e-36,8
-12.618,-14.1936,9.662e-36,8
-12.608,-14.1836,6.046e-35,8
-12.598,-14.1736,3.701e-34,8
-12.588,-14.1636,2.217e-33,8
-12.578,-14.1536,1.3e-32,8
-12.568,-14.1436,7.453e-32,8
-12.558,-14.1336,4.183e-31,8
-12.548,-14.1236,2.297e-30,8
-12.538,-14.1136,1.234e-29,8
-12.528,-14.1036,6.489e-29,8
-12.518,-14.0936,3.339e-28,8
-12.508,-14.0836,1.681e-27,8
-12.498,-14.0736,8.283e-27,8
-12.488,-14.0636,3.994e-26,8
-12.478,-14.0536,1.884e-25,8
-12.468,-14.0436,8.701e-25,8
-12.458,-14.0336,3.932e-24,8
-12.448,-14.0236,1.739e-23,8
-12.438,-14.0136,7.526e-23,8
-12.428,-14.0036,3.188e-22,8
-12.418,-13.9936,1.321e-21,8
-12.408,-13.9836,5.362e-21,8
-12.398,-13.9736,2.129e-20,8
-12.388,-13.9636,8.275e-20,8
-12.378,-13.9536,3.148e-19,8
-12.368,-13.9436,1.172e-18,8
-12.358,-13.9336,4.272e-18,8
-12.348,-13.9236,1.524e-17,8
-12.338,-13.9136,5.323e-17,8
-12.328,-13.9036,1.82e-16,8
-12.318,-13.8936,6.088e-16,8
-12.308,-13.8836,1.994e-15,8
-12.298,-13.8736,6.395e-15,8
-12.288,-13.8636,2.008e-14,8
-12.278,-13.8536,6.17e-14,8
-12.268,-13.8436,1.857e-13,8
-12.258,-13.8336,5.469e-13,8
-12.248,-13.8236,1.577e-12,8
-12.238,-13.8136,4.454e-12,8
-12.228,-13.8036,1.231e-11,8
-12.218,-13.7936,3.333e-11,8
-12.208,-13.7836,8.836e-11,8
-12.198,-13.7736,2.293e-10,8
-12.188,-13.7636,5.829e-10,8
-12.178,-13.7536,1.451e-09,8
-12.168,-13.7436,3.535e-09,8
-12.158,-13.7336,8.438e-09,8
-12.148,-13.7236,1.972e-08,8
-12.138,-13.7136,4.515e-08,8
-12.128,-13.7036,1.012e-07,8
-12.118,-13.6936,2.223e-07,8
-12.108,-13.6836,4.781e-07,8
-12.098,-13.6736,1.007e-06,8
-12.088,-13.6636,2.079e-06,8
-12.078,-13.6536,4.203e-06,8
-12.068,-13.6436,8.323e-06,8
-12.058,-13.6336,1.615e-05,8
-12.048,-13.6236,3.07e-05,8
-12.038,-13.6136,5.717e-05,8
-12.028,-13.6036,0.0001043,8
-12.018,-13.5936,0.0001866,8
-12.008,-13.5836,0.0003271,8
-11.998,-13.5736,0.000562,8
-11.988,-13.5636,0.0009463,8
-11.978,-13.5536,0.001562,8
-11.968,-13.5436,0.002529,8
-11.958,-13.5336,0.004014,8
-11.948,-13.5236,0.006248,8
-11.938,-13.5136,0.009542,8
-11.928,-13.5036,0.0143,8
-11.918,-13.4936,0.02102,8.001
-11.908,-13.4836,0.03033,8.001
-11.898,-13.4736,0.04298,8.001
-11.888,-13.4636,0.0598,8.002
-11.878,-13.4536,0.08175,8.003
-11.868,-13.4436,0.1098,8.004
-11.858,-13.4336,0.1451,8.005
-11.848,-13.4236,0.1884,8.007
-11.838,-13.4136,0.2408,8.01
-11.828,-13.4036,0.3029,8.013
-11.818,-13.3936,0.3753,8.016
-11.808,-13.3836,0.4582,8.021
-11.798,-13.3736,0.5515,8.026
-11.788,-13.3636,0.6548,8.033
-11.778,-13.3536,0.7674,8.041
-11.768,-13.3436,0.8884,8.05
-11.758,-13.3336,1.016,8.06
-11.748,-13.3236,1.15,8.071
-11.738,-13.3136,1.289,8.084
-11.728,-13.3036,1.431,8.098
-11.718,-13.2936,1.574,8.114
-11.708,-13.2836,1.719,8.131
-11.698,-13.2736,1.864,8.15
-11.688,-13.2636,2.009,8.17
-11.678,-13.2536,2.153,8.192
-11.668,-13.2436,2.296,8.215
-11.658,-13.2336,2.438,8.239
-11.648,-13.2236,2.58,8.265
-11.638,-13.2136,2.72,8.292
-11.628,-13.2036,2.861,8.321
-11.618,-13.1936,3,8.351
-11.608,-13.1836,3.14,8.382
-11.598,-13.1736,3.28,8.415
-11.588,-13.1636,3.42,8.449
-11.578,-13.1536,3.562,8.485
-11.568,-13.1436,3.706,8.522
-11.558,-13.1336,3.854,8.56
-11.548,-13.1236,4.006,8.6
-11.538,-13.1136,4.162,8.642
-11.528,-13.1036,4.324,8.685
-11.518,-13.0936,4.492,8.73
-11.508,-13.0836,4.666,8.777
-11.498,-13.0736,4.845,8.825
-11.488,-13.0636,5.03,8.875
-11.478,-13.0536,5.22,8.928
-11.468,-13.0436,5.416,8.982
-11.458,-13.0336,5.619,9.038
-11.448,-13.0236,5.831,9.096
-11.438,-13.0136,6.053,9.157
-11.428,-13.0036,6.288,9.22
-11.418,-12.9936,6.538,9.285
-11.408,-12.9836,6.807,9.353
-11.398,-12.9736,7.097,9.424
-11.388,-12.9636,7.41,9.498
-11.378,-12.9536,7.749,9.576
-11.368,-12.9436,8.113,9.657
-11.358,-12.9336,8.505,9.742
-11.348,-12.9236,8.924,9.831
-11.338,-12.9136,9.37,9.925
-11.328,-12.9036,9.844,10.02
-11.318,-12.8936,10.34,10.13
-11.308,-12.8836,10.87,10.24
-11.298,-12.8736,11.42,10.35
-11.288,-12.8636,11.99,10.47
-11.278,-12.8536,12.58,10.6
-11.268,-12.8436,13.19,10.73
-11.258,-12.8336,13.8,10.87
-11.248,-12.8236,14.42,11.01
-11.238,-12.8136,15.03,11.16
-11.228,-12.8036,15.62,11.32
-11.218,-12.7936,16.2,11.48
-11.208,-12.7836,16.74,11.65
-11.198,-12.7736,17.25,11.82
-11.188,-12.7636,17.72,12
-11.178,-12.7536,18.15,12.18
-11.168,-12.7436,18.54,12.36
-11.158,-12.7336,18.88,12.55
-11.148,-12.7236,19.18,12.74
-11.138,-12.7136,19.42,12.94
-11.128,-12.7036,19.61,13.13
-11.118,-12.6936,19.73,13.33
-11.108,-12.6836,19.77,13.53
-11.098,-12.6736,19.71,13.73
-11.088,-12.6636,19.55,13.92
-11.078,-12.6536,19.26,14.11
-11.068,-12.6436,18.84,14.3
-11.058,-12.6336,18.27,14.48
-11.048,-12.6236,17.56,14.66
-11.038,-12.6136,16.7,14.83
-11.028,-12.6036,15.7,14.98
-11.018,-12.5936,14.58,15.13
-11.008,-12.5836,13.37,15.26
-10.998,-12.5736,12.09,15.38
-10.988,-12.5636,10.77,15.49
-10.978,-12.5536,9.456,15.59
-10.968,-12.5436,8.17,15.67
-10.958,-12.5336,6.943,15.74
-10.948,-12.5236,5.802,15.8
-10.938,-12.5136,4.765,15.84
-10.928,-12.5036,3.845,15.88
-10.918,-12.4936,3.046,15.91
-10.908,-12.4836,2.369,15.94
-10.898,-12.4736,1.808,15.95
-10.888,-12.4636,1.354,15.97
-10.878,-12.4536,0.9948,15.98
-10.868,-12.4436,0.7166,15.98
-10.858,-12.4336,0.5061,15.99
-10.848,-12.4236,0.3504,15.99
-10.838,-12.4136,0.2378,16
-10.828,-12.4036,0.1582,16
-10.818,-12.3936,0.1031,16
-10.808,-12.3836,0.06584,16
-10.798,-12.3736,0.04119,16
-10.788,-12.3636,0.02524,16
-10.778,-12.3536,0.01516,16
-10.768,-12.3436,0.008912,16
-10.758,-12.3336,0.005133,16
-10.748,-12.3236,0.002895,16
-10.738,-12.3136,0.001599,16
-10.728,-12.3036,0.0008652,16
-10.718,-12.2936,0.0004583,16
-10.708,-12.2836,0.0002377,16
-10.698,-12.2736,0.0001207,16
-10.688,-12.2636,6.004e-05,16
-10.678,-12.2536,2.923e-05,16
-10.668,-12.2436,1.393e-05,16
-10.658,-12.2336,6.502e-06,16
-10.648,-12.2236,2.971e-06,16
-10.638,-12.2136,1.329e-06,16
-10.628,-12.2036,5.817e-07,16
-10.618,-12.1936,2.493e-07,16
-10.608,-12.1836,1.046e-07,16
-10.598,-12.1736,4.296e-08,16
-10.588,-12.1636,1.727e-08,16
-10.578,-12.1536,6.796e-09,16
-10.568,-12.1436,2.618e-09,16
-10.558,-12.1336,9.868e-10,16
-10.548,-12.1236,3.641e-10,16
-10.538,-12.1136,1.315e-10,16
-10.528,-12.1036,4.648e-11,16
-10.518,-12.0936,1.608e-11,16
-10.508,-12.0836,5.443e-12,16
-10.498,-12.0736,1.804e-12,16
-10.488,-12.0636,5.848e-13,16
-10.478,-12.0536,1.856e-13,16
-10.468,-12.0436,5.764e-14,16
-10.458,-12.0336,1.752e-14,16
-10.448,-12.0236,5.21e-15,16
-10.438,-12.0136,1.516e-15,16
-10.428,-12.0036,4.319e-16,16
-10.418,-11.9936,1.204e-16,16
-10.408,-11.9836,3.283e-17,16
-10.398,-11.9736,8.76e-18,16
-10.388,-11.9636,2.288e-18,16
-10.378,-11.9536,5.845e-19,16
-10.368,-11.9436,1.461e-19,16
-10.358,-11.9336,3.576e-20,16
-10.348,-11.9236,8.559e-21,16
-10.338,-11.9136,2.005e-21,16
-10.328,-11.9036,4.595e-22,16
-10.318,-11.8936,1.03e-22,16
-10.308,-11.8836,2.261e-23,16
-10.298,-11.8736,4.853e-24,16
-10.288,-11.8636,1.019e-24,16
-10.278,-11.8536,2.095e-25,16
-10.268,-11.8436,4.213e-26,16
-10.258,-11.8336,8.288e-27,16
-10.248,-11.8236,1.595e-27,16
-10.238,-11.8136,3.004e-28,16
-10.228,-11.8036,5.535e-29,16
-10.218,-11.7936,9.978e-30,16
-10.208,-11.7836,1.76e-30,16
-10.198,-11.7736,3.036e-31,16
-10.188,-11.7636,5.126e-32,16
-10.178,-11.7536,8.466e-33,16
-10.168,-11.7436,1.368e-33,16
-10.158,-11.7336,2.162e-34,16
-10.148,-11.7236,3.344e-35,16
-10.138,-11.7136,5.06e-36,16
-10.128,-11.7036,7.491e-37,16
-10.118,-11.6936,1.085e-37,16
-10.108,-11.6836,1.537e-38,16
-10.098,-11.6736,2.13e-39,16
-10.088,-11.6636,2.889e-40,16
-10.078,-11.6536,3.832e-41,16
-10.068,-11.6436,4.974e-42,16
-10.058,-11.6336,6.315e-43,16
-10.048,-11.6236,7.844e-44,16
-10.038,-11.6136,9.531e-45,16
-10.028,-11.6036,1.133e-45,16
-10.018,-11.5936,1.318e-46,16
-10.008,-11.5836,1.499e-47,16
-9.998,-11.5736,1.669e-48,16
-9.988,-11.5636,1.817e-49,16
-9.978,-11.5536,1.935e-50,16
-9.968,-11.5436,2.017e-51,16
-9.958,-11.5336,2.056e-52,16
-9.948,-11.5236,2.05e-53,16
-9.938,-11.5136,2e-54,16
-9.928,-11.5036,1.909e-55,16
-9.918,-11.4936,1.782e-56,16
-9.908,-11.4836,1.628e-57,16
-9.898,-11.4736,1.454e-58,16
-9.888,-11.4636,1.271e-59,16
-9.878,-11.4536,1.087e-60,16
-9.868,-11.4436,9.093e-62,16
-9.858,-11.4336,7.441e-63,16
-9.848,-11.4236,5.957e-64,16
-9.838,-11.4136,4.665e-65,16
-9.828,-11.4036,3.573e-66,16
-9.818,-11.3936,2.678e-67,16
-9.808,-11.3836,1.963e-68,16
-9.798,-11.3736,1.408e-69,16
-9.788,-11.3636,9.879e-71,16
-9.778,-11.3536,6.78e-72,16
-9.768,-11.3436,4.552e-73,16
-9.758,-11.3336,2.99e-74,16
-9.748,-11.3236,1.921e-75,16
-9.738,-11.3136,1.207e-76,16
-9.728,-11.3036,7.423e-78,16
-9.718,-11.2936,4.465e-79,16
-9.708,-11.2836,2.627e-80,16
-9.698,-11.2736,1.513e-81,16
-9.688,-11.2636,8.57e-83,16
-9.678,-11.2536,5.256e-84,16
-9.668,-11.2436,8.228e-85,16
-9.658,-11.2336,5.85e-85,16
-9.648,-11.2236,5.739e-85,16
-9.638,-11.2136,5.739e-85,16
-9.628,-11.2036,5.739e-85,16
-9.618,-11.1936,5.739e-85,16
-9.608,-11.1836,5.739e-85,16
-9.598,-11.1736,5.739e-85,16
-9.588,-11.1636,5.739e-85,16
-9.578,-11.1536,5.739e-85,16
-9.568,-11.1436,5.739e-85,16
-9.558,-11.1336,5.739e-85,16
-9.548,-11.1236,5.739e-85,16
-9.538,-11.1136,5.739e-85,16
-9.528,-11.1036,5.739e-85,16
-9.518,-11.0936,5.739e-85,16
-9.508,-11.0836,5.739e-85,16
-9.498,-11.0736,5.739e-85,16
-9.488,-11.0636,5.739e-85,16
-9.478,-11.0536,5.739e-85,16
-9.468,-11.0436,5.739e-85,16
-9.458,-11.0336,5.739e-85,16
-9.448,-11.0236,5.739e-85,16
-9.438,-11.0136,5.739e-85,16
-9.428,-11.0036,5.739e-85,16
-9.418,-10.9936,5.739e-85,16
-9.408,-10.9836,5.739e-85,16
-9.398,-10.9736,5.739e-85,16
-9.388,-10.9636,5.739e-85,16
-9.378,-10.9536,5.739e-85,16
-9.368,-10.9436,5.739e-85,16
-9.358,-10.9336,5.739e-85,16
-9.348,-10.9236,5.739e-85,16
-9.338,-10.9136,5.739e-85,16
-9.328,-10.9036,5.739e-85,16
-9.318,-10.8936,5.739e-85,16
-9.308,-10.8836,5.739e-85,16
-9.298,-10.8736,5.739e-85,16
-9.288,-10.8636,5.739e-85,16
-9.278,-10.8536,5.739e-85,16
-9.268,-10.8436,5.739e-85,16
-9.258,-10.8336,5.739e-85,16
-9.248,-10.8236,5.739e-85,16
-9.238,-10.8136,5.739e-85,16
-9.228,-10.8036,5.739e-85,16
-9.218,-10.7936,5.739e-85,16
-9.208,-10.7836,5.739e-85,16
-9.198,-10.7736,5.739e-85,16
-9.188,-10.7636,5.739e-85,16
-9.178,-10.7536,5.739e-85,16
-9.168,-10.7436,5.739e-85,16
-9.158,-10.7336,5.739e-85,16
-9.148,-10.7236,5.739e-85,16
-9.138,-10.7136,5.739e-85,16
-9.128,-10.7036,5.739e-85,16
-9.118,-10.6936,5.739e-85,16
-9.108,-10.6836,5.739e-85,16
-9.098,-10.6736,5.739e-85,16
-9.088,-10.6636,5.739e-85,16
-9.078,-10.6536,5.739e-85,16
-9.068,-10.6436,5.739e-85,16
-9.058,-10.6336,5.739e-85,16
-9.048,-10.6236,5.739e-85,16
-9.038,-10.6136,5.739e-85,16
-9.028,-10.6036,5.739e-85,16
-9.018,-10.5936,5.739e-85,16
-9.008,-10.5836,5.739e-85,16
-8.998,-10.5736,5.739e-85,16
-8.988,-10.5636,5.739e-85,16
-8.978,-10.5536,5.739e-85,16
-8.968,-10.5436,5.739e-85,16
-8.958,-10.5336,5.739e-85,16
-8.948,-10.5236,5.739e-85,16
-8.938,-10.5136,5.739e-85,16
-8.928,-10.5036,5.739e-85,16
-8.918,-10.4936,5.739e-85,16
-8.908,-10.4836,5.739e-85,16
-8.898,-10.4736,5.739e-85,16
-8.888,-10.4636,5.739e-85,16
-8.878,-10.4536,5.739e-85,16
-8.868,-10.4436,5.739e-85,16
-8.858,-10.4336,5.739e-85,16
-8.848,-10.4236,5.739e-85,16
-8.838,-10.4136,5.739e-85,16
-8.828,-10.4036,5.739e-85,16
-8.818,-10.3936,5.739e-85,16
-8.808,-10.3836,5.739e-85,16
-8.798,-10.3736,5.739e-85,16
-8.788,-10.3636,5.739e-85,16
-8.778,-10.3536,5.739e-85,16
-8.768,-10.3436,5.739e-85,16
-8.758,-10.3336,5.739e-85,16
-8.748,-10.3236,5.739e-85,16
-8.738,-10.3136,5.739e-85,16
-8.728,-10.3036,5.739e-85,16
-8.718,-10.2936,5.739e-85,16
-8.708,-10.2836,5.739e-85,16
-8.698,-10.2736,5.739e-85,16
-8.688,-10.2636,5.739e-85,16
-8.678,-10.2536,5.739e-85,16
-8.668,-10.2436,5.739e-85,16
-8.658,-10.2336,5.739e-85,16
-8.648,-10.2236,5.739e-85,16
-8.638,-10.2136,5.739e-85,16
-8.628,-10.2036,5.739e-85,16
-8.618,-10.1936,5.739e-85,16
-8.608,-10.1836,5.739e-85,16
-8.598,-10.1736,5.739e-85,16
-8.588,-10.1636,5.739e-85,16
-8.578,-10.1536,5.739e-85,16
-8.568,-10.1436,5.739e-85,16
-8.558,-10.1336,5.739e-85,16
-8.548,-10.1236,5.739e-85,16
-8.538,-10.1136,5.739e-85,16
-8.528,-10.1036,5.739e-85,16
-8.518,-10.0936,5.739e-85,16
-8.508,-10.0836,5.739e-85,16
-8.498,-10.0736,5.739e-85,16
-8.488,-10.0636,5.739e-85,16
-8.478,-10.0536,5.739e-85,16
-8.468,-10.0436,5.739e-85,16
-8.458,-10.0336,5.739e-85,16
-8.448,-10.0236,5.739e-85,16
-8.438,-10.0136,5.739e-85,16
-8.428,-10.0036,5.739e-85,16
-8.418,-9.9936,5.739e-85,16
-8.408,-9.9836,5.739e-85,16
-8.398,-9.9736,5.739e-85,16
-8.388,-9.9636,5.739e-85,16
-8.378,-9.9536,5.739e-85,16
-8.368,-9.9436,5.739e-85,16
-8.358,-9.9336,5.739e-85,16
-8.348,-9.9236,5.739e-85,16
-8.338,-9.9136,5.739e-85,16
-8.328,-9.9036,5.739e-85,16
-8.318,-9.8936,5.739e-85,16
-8.308,-9.8836,5.739e-85,16
-8.298,-9.8736,5.739e-85,16
-8.288,-9.8636,5.739e-85,16
-8.278,-9.8536,5.739e-85,16
-8.268,-9.8436,5.739e-85,16
-8.258,-9.8336,5.739e-85,16
-8.248,-9.8236,5.739e-85,16
-8.238,-9.8136,5.739e-85,16
-8.228,-9.8036,5.739e-85,16
-8.218,-9.7936,5.739e-85,16
-8.208,-9.7836,5.739e-85,16
-8.198,-9.7736,5.739e-85,16
-8.188,-9.7636,5.739e-85,16
-8.178,-9.7536,5.739e-85,16
-8.168,-9.7436,5.739e-85,16
-8.158,-9.7336,5.739e-85,16
-8.148,-9.7236,5.739e-85,16
-8.138,-9.7136,5.739e-85,16
-8.128,-9.7036,5.739e-85,16
-8.118,-9.6936,5.739e-85,16
-8.108,-9.6836,5.739e-85,16
-8.098,-9.6736,5.739e-85,16
-8.088,-9.6636,5.739e-85,16
-8.078,-9.6536,5.739e-85,16
-8.068,-9.6436,5.739e-85,16
-8.058,-9.6336,5.739e-85,16
-8.048,-9.6236,5.739e-85,16
-8.038,-9.6136,5.739e-85,16
-8.028,-9.6036,5.739e-85,16
-8.018,-9.5936,5.739e-85,16
-8.008,-9.5836,5.739e-85,16
-7.998,-9.5736,5.739e-85,16
-7.988,-9.5636,5.739e-85,16
-7.978,-9.5536,5.739e-85,16
-7.968,-9.5436,5.739e-85,16
-7.958,-9.5336,5.739e-85,16
-7.948,-9.5236,5.739e-85,16
-7.938,-9.5136,5.739e-85,16
-7.928,-9.5036,5.739e-85,16
-7.918,-9.4936,5.739e-85,16
-7.908,-9.4836,5.739e-85,16
-7.898,-9.4736,5.739e-85,16
-7.888,-9.4636,5.739e-85,16
-7.878,-9.4536,5.739e-85,16
-7.868,-9.4436,5.739e-85,16
-7.858,-9.4336,5.739e-85,16
-7.848,-9.4236,5.739e-85,16
-7.838,-9.4136,5.739e-85,16
-7.828,-9.4036,5.739e-85,16
-7.818,-9.3936,5.739e-85,16
-7.808,-9.3836,5.739e-85,16
-7.798,-9.3736,5.739e-85,16
-7.788,-9.3636,5.739e-85,16
-7.778,-9.3536,5.739e-85,16
-7.768,-9.3436,5.739e-85,16
-7.758,-9.3336,5.739e-85,16
-7.748,-9.3236,5.739e-85,16
-7.738,-9.3136,5.739e-85,16
-7.728,-9.3036,5.739e-85,16
-7.718,-9.2936,5.739e-85,16
-7.708,-9.2836,5.739e-85,16
-7.698,-9.2736,5.739e-85,16
-7.688,-9.2636,5.739e-85,16
-7.678,-9.2536,5.739e-85,16
-7.668,-9.2436,5.739e-85,16
-7.658,-9.2336,5.739e-85,16
-7.648,-9.2236,5.739e-85,16
-7.638,-9.2136,5.739e-85,16
-7.628,-9.2036,5.739e-85,16
-7.618,-9.1936,5.739e-85,16
-7.608,-9.1836,5.739e-85,16
-7.598,-9.1736,5.739e-85,16
-7.588,-9.1636,5.739e-85,16
-7.578,-9.1536,5.739e-85,16
-7.568,-9.1436,5.739e-85,16
-7.558,-9.1336,5.739e-85,16
-7.548,-9.1236,5.739e-85,16
-7.538,-9.1136,5.739e-85,16
-7.528,-9.1036,5.739e-85,16
-7.518,-9.0936,5.739e-85,16
-7.508,-9.0836,5.739e-85,16
-7.498,-9.0736,5.739e-85,16
-7.488,-9.0636,5.739e-85,16
-7.478,-9.0536,5.739e-85,16
-7.468,-9.0436,5.739e-85,16
-7.458,-9.0336,5.739e-85,16
-7.448,-9.0236,5.739e-85,16
-7.438,-9.0136,5.739e-85,16
-7.428,-9.0036,5.739e-85,16
-7.418,-8.9936,5.739e-85,16
-7.408,-8.9836,5.739e-85,16
-7.398,-8.9736,5.739e-85,16
-7.388,-8.9636,5.739e-85,16
-7.378,-8.9536,5.739e-85,16
-7.368,-8.9436,5.739e-85,16
-7.358,-8.9336,5.739e-85,16
-7.348,-8.9236,5.739e-85,16
-7.338,-8.9136,5.739e-85,16
-7.328,-8.9036,5.739e-85,16
-7.318,-8.8936,5.739e-85,16
-7.308,-8.8836,5.739e-85,16
-7.298,-8.8736,5.739e-85,16
-7.288,-8.8636,5.739e-85,16
-7.278,-8.8536,5.739e-85,16
-7.268,-8.8436,5.739e-85,16
-7.258,-8.8336,5.739e-85,16
-7.248,-8.8236,5.739e-85,16
-7.238,-8.8136,5.739e-85,16
-7.228,-8.8036,5.739e-85,16
-7.218,-8.7936,5.739e-85,16
-7.208,-8.7836,5.739e-85,16
-7.198,-8.7736,5.739e-85,16
-7.188,-8.7636,5.739e-85,16
-7.178,-8.7536,5.739e-85,16
-7.168,-8.7436,5.739e-85,16
-7.158,-8.7336,5.739e-85,16
-7.148,-8.7236,5.739e-85,16
-7.138,-8.7136,5.739e-85,16
-7.128,-8.7036,5.739e-85,16
-7.118,-8.6936,5.739e-85,16
-7.108,-8.6836,5.739e-85,16
-7.098,-8.6736,5.739e-85,16
-7.088,-8.6636,5.739e-85,16
-7.078,-8.6536,5.739e-85,16
-7.068,-8.6436,5.739e-85,16
-7.058,-8.6336,5.739e-85,16
-7.048,-8.6236,5.739e-85,16
-7.038,-8.6136,5.739e-85,16
-7.028,-8.6036,5.739e-85,16
-7.018,-8.5936,5.739e-85,16
-7.008,-8.5836,5.739e-85,16
-6.998,-8.5736,5.739e-85,16
-6.988,-8.5636,5.739e-85,16
-6.978,-8.5536,5.739e-85,16
-6.968,-8.5436,5.739e-85,16
-6.958,-8.5336,5.739e-85,16
-6.948,-8.5236,5.739e-85,16
-6.938,-8.5136,5.739e-85,16
-6.928,-8.5036,5.739e-85,16
-6.918,-8.4936,5.739e-85,16
-6.908,-8.4836,5.739e-85,16
-6.898,-8.4736,5.739e-85,16
-6.888,-8.4636,5.739e-85,16
-6.878,-8.4536,5.739e-85,16
-6.868,-8.4436,5.739e-85,16
-6.858,-8.4336,5.739e-85,16
-6.848,-8.4236,5.739e-85,16
-6.838,-8.4136,5.739e-85,16
-6.828,-8.4036,5.739e-85,16
-6.818,-8.3936,5.739e-85,16
-6.808,-8.3836,5.739e-85,16
-6.798,-8.3736,5.739e-85,16
-6.788,-8.3636,5.739e-85,16
-6.778,-8.3536,5.739e-85,16
-6.768,-8.3436,5.739e-85,16
-6.758,-8.3336,5.739e-85,16
-6.748,-8.3236,5.739e-85,16
-6.738,-8.3136,5.739e-85,16
-6.728,-8.3036,5.739e-85,16
-6.718,-8.2936,5.739e-85,16
-6.708,-8.2836,5.739e-85,16
-6.698,-8.2736,5.739e-85,16
-6.688,-8.2636,5.739e-85,16
-6.678,-8.2536,5.739e-85,16
-6.668,-8.2436,5.739e-85,16
-6.658,-8.2336,5.739e-85,16
-6.648,-8.2236,5.739e-85,16
-6.638,-8.2136,5.739e-85,16
-6.628,-8.2036,5.739e-85,16
-6.618,-8.1936,5.739e-85,16
-6.608,-8.1836,5.739e-85,16
-6.598,-8.1736,5.739e-85,16
-6.588,-8.1636,5.739e-85,16
-6.578,-8.1536,5.739e-85,16
-6.568,-8.1436,5.739e-85,16
-6.558,-8.1336,5.739e-85,16
-6.548,-8.1236,5.739e-85,16
-6.538,-8.1136,5.739e-85,16
-6.528,-8.1036,5.739e-85,16
-6.518,-8.0936,5.739e-85,16
-6.508,-8.0836,5.739e-85,16
-6.498,-8.0736,5.739e-85,16
-6.488,-8.0636,5.739e-85,16
-6.478,-8.0536,5.739e-85,16
-6.468,-8.0436,5.739e-85,16
-6.458,-8.0336,5.739e-85,16
-6.448,-8.0236,5.739e-85,16
-6.438,-8.0136,5.739e-85,16
-6.428,-8.0036,5.739e-85,16
-6.418,-7.9936,5.739e-85,16
-6.408,-7.9836,5.739e-85,16
-6.398,-7.9736,5.739e-85,16
-6.388,-7.9636,5.739e-85,16
-6.378,-7.9536,5.739e-85,16
-6.368,-7.9436,5.739e-85,16
-6.358,-7.9336,5.739e-85,16
-6.348,-7.9236,5.739e-85,16
-6.338,-7.9136,5.739e-85,16
-6.328,-7.9036,5.739e-85,16
-6.318,-7.8936,5.739e-85,16
-6.308,-7.8836,5.739e-85,16
-6.298,-7.8736,5.739e-85,16
-6.288,-7.8636,5.739e-85,16
-6.278,-7.8536,5.739e-85,16
-6.268,-7.8436,5.739e-85,16
-6.258,-7.8336,5.739e-85,16
-6.248,-7.8236,5.739e-85,16
-6.238,-7.8136,5.739e-85,16
-6.228,-7.8036,5.739e-85,16
-6.218,-7.7936,5.739e-85,16
-6.208,-7.7836,5.739e-85,16
-6.198,-7.7736,5.739e-85,16
-6.188,-7.7636,5.739e-85,16
-6.178,-7.7536,5.739e-85,16
-6.168,-7.7436,5.739e-85,16
-6.158,-7.7336,5.739e-85,16
-6.148,-7.7236,5.739e-85,16
-6.138,-7.7136,5.739e-85,16
-6.128,-7.7036,5.739e-85,16
-6.118,-7.6936,5.739e-85,16
-6.108,-7.6836,5.739e-85,16
-6.098,-7.6736,5.739e-85,16
-6.088,-7.6636,5.739e-85,16
-6.078,-7.6536,5.739e-85,16
-6.068,-7.6436,5.739e-85,16
-6.058,-7.6336,5.739e-85,16
-6.048,-7.6236,5.739e-85,16
-6.038,-7.6136,5.739e-85,16
-6.028,-7.6036,5.739e-85,16
-6.018,-7.5936,5.739e-85,16
-6.008,-7.5836,5.739e-85,16
-5.998,-7.5736,5.739e-85,16
-5.988,-7.5636,5.739e-85,16
-5.978,-7.5536,5.739e-85,16
-5.968,-7.5436,5.739e-85,16
-5.958,-7.5336,5.739e-85,16
-5.948,-7.5236,5.739e-85,16
-5.938,-7.5136,5.739e-85,16
-5.928,-7.5036,5.739e-85,16
-5.918,-7.4936,5.739e-85,16
-5.908,-7.4836,5.739e-85,16
-5.898,-7.4736,5.739e-85,16
-5.888,-7.4636,5.739e-85,16
-5.878,-7.4536,5.739e-85,16
-5.868,-7.4436,5.739e-85,16
-5.858,-7.4336,5.739e-85,16
-5.848,-7.4236,5.739e-85,16
-5.838,-7.4136,5.739e-85,16
-5.828,-7.4036,5.739e-85,16
-5.818,-7.3936,5.739e-85,16
-5.808,-7.3836,5.739e-85,16
-5.798,-7.3736,5.739e-85,16
-5.788,-7.3636,5.739e-85,16
-5.778,-7.3536,5.739e-85,16
-5.768,-7.3436,5.739e-85,16
-5.758,-7.3336,5.739e-85,16
-5.748,-7.3236,5.739e-85,16
-5.738,-7.3136,5.739e-85,16
-5.728,-7.3036,5.739e-85,16
-5.718,-7.2936,5.739e-85,16
-5.708,-7.2836,5.739e-85,16
-5.698,-7.2736,5.739e-85,16
-5.688,-7.2636,5.739e-85,16
-5.678,-7.2536,5.739e-85,16
-5.668,-7.2436,5.739e-85,16
-5.658,-7.2336,5.739e-85,16
-5.648,-7.2236,5.739e-85,16
-5.638,-7.2136,5.739e-85,16
-5.628,-7.2036,5.739e-85,16
-5.618,-7.1936,5.739e-85,16
-5.608,-7.1836,5.739e-85,16
-5.598,-7.1736,5.739e-85,16
-5.588,-7.1636,5.739e-85,16
-5.578,-7.1536,5.739e-85,16
-5.568,-7.1436,5.739e-85,16
-5.558,-7.1336,5.739e-85,16
-5.548,-7.1236,5.739e-85,16
-5.538,-7.1136,5.739e-85,16
-5.528,-7.1036,5.739e-85,16
-5.518,-7.0936,5.739e-85,16
-5.508,-7.0836,5.739e-85,16
-5.498,-7.0736,5.739e-85,16
-5.488,-7.0636,5.739e-85,16
-5.478,-7.0536,5.739e-85,16
-5.468,-7.0436,5.739e-85,16
-5.458,-7.0336,5.739e-85,16
-5.448,-7.0236,5.739e-85,16
-5.438,-7.0136,5.739e-85,16
-5.428,-7.0036,5.739e-85,16
-5.418,-6.9936,5.739e-85,16
-5.408,-6.9836,5.739e-85,16
-5.398,-6.9736,5.739e-85,16
-5.388,-6.9636,5.739e-85,16
-5.378,-6.9536,5.739e-85,16
-5.368,-6.9436,5.739e-85,16
-5.358,-6.9336,5.739e-85,16
-5.348,-6.9236,5.739e-85,16
-5.338,-6.9136,5.739e-85,16
-5.328,-6.9036,5.739e-85,16
-5.318,-6.8936,5.739e-85,16
-5.308,-6.8836,5.739e-85,16
-5.298,-6.8736,5.739e-85,16
-5.288,-6.8636,5.739e-85,16
-5.278,-6.8536,5.739e-85,16
-5.268,-6.8436,5.739e-85,16
-5.258,-6.8336,5.739e-85,16
-5.248,-6.8236,5.739e-85,16
-5.238,-6.8136,5.739e-85,16
-5.228,-6.8036,5.739e-85,16
-5.218,-6.7936,5.739e-85,16
-5.208,-6.7836,5.739e-85,16
-5.198,-6.7736,5.739e-85,16
-5.188,-6.7636,5.739e-85,16
-5.178,-6.7536,5.739e-85,16
-5.168,-6.7436,5.739e-85,16
-5.158,-6.7336,5.739e-85,16
-5.148,-6.7236,5.739e-85,16
-5.138,-6.7136,5.739e-85,16
-5.128,-6.7036,5.739e-85,16
-5.118,-6.6936,5.739e-85,16
-5.108,-6.6836,5.739e-85,16
-5.098,-6.6736,5.739e-85,16
-5.088,-6.6636,5.739e-85,16
-5.078,-6.6536,5.739e-85,16
-5.068,-6.6436,5.739e-85,16
-5.058,-6.6336,5.739e-85,16
-5.048,-6.6236,5.739e-85,16
-5.038,-6.6136,5.739e-85,16
-5.028,-6.6036,5.739e-85,16
-5.018,-6.5936,5.739e-85,16
-5.008,-6.5836,5.739e-85,16
-4.998,-6.5736,5.739e-85,16
-4.988,-6.5636,5.739e-85,16
-4.978,-6.5536,5.739e-85,16
-4.968,-6.5436,5.739e-85,16
-4.958,-6.5336,5.739e-85,16
-4.948,-6.5236,5.739e-85,16
-4.938,-6.5136,5.739e-85,16
-4.928,-6.5036,5.739e-85,16
-4.918,-6.4936,5.739e-85,16
-4.908,-6.4836,5.739e-85,16
-4.898,-6.4736,5.739e-85,16
-4.888,-6.4636,5.739e-85,16
-4.878,-6.4536,5.739e-85,16
-4.868,-6.4436,5.739e-85,16
-4.858,-6.4336,5.739e-85,16
-4.848,-6.4236,5.739e-85,16
-4.838,-6.4136,5.739e-85,16
-4.828,-6.4036,5.739e-85,16
-4.818,-6.3936,5.739e-85,16
-4.808,-6.3836,5.739e-85,16
-4.798,-6.3736,5.739e-85,16
-4.788,-6.3636,5.739e-85,16
-4.778,-6.3536,5.739e-85,16
-4.768,-6.3436,5.739e-85,16
-4.758,-6.3336,5.739e-85,16
-4.748,-6.3236,5.739e-85,16
-4.738,-6.3136,5.739e-85,16
-4.728,-6.3036,5.739e-85,16
-4.718,-6.2936,5.739e-85,16
-4.708,-6.2836,5.739e-85,16
-4.698,-6.2736,5.739e-85,16
-4.688,-6.2636,5.739e-85,16
-4.678,-6.2536,5.739e-85,16
-4.668,-6.2436,5.739e-85,16
-4.658,-6.2336,5.739e-85,16
-4.648,-6.2236,5.739e-85,16
-4.638,-6.2136,5.739e-85,16
-4.628,-6.2036,5.739e-85,16
-4.618,-6.1936,5.739e-85,16
-4.608,-6.1836,5.739e-85,16
-4.598,-6.1736,5.739e-85,16
-4.588,-6.1636,5.739e-85,16
-4.578,-6.1536,5.739e-85,16
-4.568,-6.1436,5.739e-85,16
-4.558,-6.1336,5.739e-85,16
-4.548,-6.1236,5.739e-85,16
-4.538,-6.1136,5.739e-85,16
-4.528,-6.1036,5.739e-85,16
-4.518,-6.0936,5.739e-85,16
-4.508,-6.0836,5.739e-85,16
-4.498,-6.0736,5.739e-85,16
-4.488,-6.0636,5.739e-85,16
-4.478,-6.0536,5.739e-85,16
-4.468,-6.0436,5.739e-85,16
-4.458,-6.0336,5.739e-85,16
-4.448,-6.0236,5.739e-85,16
-4.438,-6.0136,5.739e-85,16
-4.428,-6.0036,5.739e-85,16
-4.418,-5.9936,5.739e-85,16
-4.408,-5.9836,5.739e-85,16
-4.398,-5.9736,5.739e-85,16
-4.388,-5.9636,5.739e-85,16
-4.378,-5.9536,5.739e-85,16
-4.368,-5.9436,5.739e-85,16
-4.358,-5.9336,5.739e-85,16
-4.348,-5.9236,5.739e-85,16
-4.338,-5.9136,5.739e-85,16
-4.328,-5.9036,5.739e-85,16
-4.318,-5.8936,5.739e-85,16
-4.308,-5.8836,5.739e-85,16
-4.298,-5.8736,5.739e-85,16
-4.288,-5.8636,5.739e-85,16
-4.278,-5.8536,5.739e-85,16
-4.268,-5.8436,5.739e-85,16
-4.258,-5.8336,5.739e-85,16
-4.248,-5.8236,5.739e-85,16
-4.238,-5.8136,5.739e-85,16
-4.228,-5.8036,5.739e-85,16
-4.218,-5.7936,5.739e-85,16
-4.208,-5.7836,5.739e-85,16
-4.198,-5.7736,5.739e-85,16
-4.188,-5.7636,5.739e-85,16
-4.178,-5.7536,5.739e-85,16
-4.168,-5.7436,5.739e-85,16
-4.158,-5.7336,5.739e-85,16
-4.148,-5.7236,5.739e-85,16
-4.138,-5.7136,5.739e-85,16
-4.128,-5.7036,5.739e-85,16
-4.118,-5.6936,5.739e-85,16
-4.108,-5.6836,5.739e-85,16
-4.098,-5.6736,5.739e-85,16
-4.088,-5.6636,5.739e-85,16
-4.078,-5.6536,5.739e-85,16
-4.068,-5.6436,5.739e-85,16
-4.058,-5.6336,5.739e-85,16
-4.048,-5.6236,5.739e-85,16
-4.038,-5.6136,5.739e-85,16
-4.028,-5.6036,5.739e-85,16
-4.018,-5.5936,5.739e-85,16
-4.008,-5.5836,5.739e-85,16
-3.998,-5.5736,5.739e-85,16
-3.988,-5.5636,5.739e-85,16
-3.978,-5.5536,5.739e-85,16
-3.968,-5.5436,5.739e-85,16
-3.958,-5.5336,5.739e-85,16
-3.948,-5.5236,5.739e-85,16
-3.938,-5.5136,5.739e-85,16
-3.928,-5.5036,5.739e-85,16
-3.918,-5.4936,5.739e-85,16
-3.908,-5.4836,5.739e-85,16
-3.898,-5.4736,5.739e-85,16
-3.888,-5.4636,5.739e-85,16
-3.878,-5.4536,5.739e-85,16
-3.868,-5.4436,5.739e-85,16
-3.858,-5.4336,5.739e-85,16
-3.848,-5.4236,5.739e-85,16
-3.838,-5.4136,5.739e-85,16
-3.828,-5.4036,5.739e-85,16
-3.818,-5.3936,5.739e-85,16
-3.808,-5.3836,5.739e-85,16
-3.798,-5.3736,5.739e-85,16
-3.788,-5.3636,5.739e-85,16
-3.778,-5.3536,5.739e-85,16
-3.768,-5.3436,5.739e-85,16
-3.758,-5.3336,5.739e-85,16
-3.748,-5.3236,5.739e-85,16
-3.738,-5.3136,5.739e-85,16
-3.728,-5.3036,5.739e-85,16
-3.718,-5.2936,5.739e-85,16
-3.708,-5.2836,5.739e-85,16
-3.698,-5.2736,5.739e-85,16
-3.688,-5.2636,5.739e-85,16
-3.678,-5.2536,5.739e-85,16
-3.668,-5.2436,5.739e-85,16
-3.658,-5.2336,5.739e-85,16
-3.648,-5.2236,5.739e-85,16
-3.638,-5.2136,5.739e-85,16
-3.628,-5.2036,5.739e-85,16
-3.618,-5.1936,5.739e-85,16
-3.608,-5.1836,5.739e-85,16
-3.598,-5.1736,5.739e-85,16
-3.588,-5.1636,5.739e-85,16
-3.578,-5.1536,5.739e-85,16
-3.568,-5.1436,5.739e-85,16
-3.558,-5.1336,5.739e-85,16
-3.548,-5.1236,5.739e-85,16
-3.538,-5.1136,5.739e-85,16
-3.528,-5.1036,5.739e-85,16
-3.518,-5.0936,5.739e-85,16
-3.508,-5.0836,5.739e-85,16
-3.498,-5.0736,5.739e-85,16
-3.488,-5.0636,5.739e-85,16
-3.478,-5.0536,5.739e-85,16
-3.468,-5.0436,5.739e-85,16
-3.458,-5.0336,5.739e-85,16
-3.448,-5.0236,5.739e-85,16
-3.438,-5.0136,5.739e-85,16
-3.428,-5.0036,5.739e-85,16
-3.418,-4.9936,5.739e-85,16
-3.408,-4.9836,5.739e-85,16
-3.398,-4.9736,5.739e-85,16
-3.388,-4.9636,5.739e-85,16
-3.378,-4.9536,5.739e-85,16
-3.368,-4.9436,5.739e-85,16
-3.358,-4.9336,5.739e-85,16
-3.348,-4.9236,5.739e-85,16
-3.338,-4.9136,5.739e-85,16
-3.328,-4.9036,5.739e-85,16
-3.318,-4.8936,5.739e-85,16
-3.308,-4.8836,5.739e-85,16
-3.298,-4.8736,5.739e-85,16
-3.288,-4.8636,5.739e-85,16
-3.278,-4.8536,5.739e-85,16
-3.268,-4.8436,5.739e-85,16
-3.258,-4.8336,5.739e-85,16
-3.248,-4.8236,5.739e-85,16
-3.238,-4.8136,5.739e-85,16
-3.228,-4.8036,5.739e-85,16
-3.218,-4.7936,5.739e-85,16
-3.208,-4.7836,5.739e-85,16
-3.198,-4.7736,5.739e-85,16
-3.188,-4.7636,5.739e-85,16
-3.178,-4.7536,5.739e-85,16
-3.168,-4.7436,5.739e-85,16
-3.158,-4.7336,5.739e-85,16
-3.148,-4.7236,5.739e-85,16
-3.138,-4.7136,5.739e-85,16
-3.128,-4.7036,5.739e-85,16
-3.118,-4.6936,5.739e-85,16
-3.108,-4.6836,5.739e-85,16
-3.098,-4.6736,5.739e-85,16
-3.088,-4.6636,5.739e-85,16
-3.078,-4.6536,5.739e-85,16
-3.068,-4.6436,5.739e-85,16
-3.058,-4.6336,5.739e-85,16
-3.048,-4.6236,5.739e-85,16
-3.038,-4.6136,5.739e-85,16
-3.028,-4.6036,5.739e-85,16
-3.018,-4.5936,5.739e-85,16
-3.008,-4.5836,5.739e-85,16
-2.998,-4.5736,5.739e-85,16
-2.988,-4.5636,5.739e-85,16
-2.978,-4.5536,5.739e-85,16
-2.968,-4.5436,5.739e-85,16
-2.958,-4.5336,5.739e-85,16
-2.948,-4.5236,5.739e-85,16
-2.938,-4.5136,5.739e-85,16
-2.928,-4.5036,5.739e-85,16
-2.918,-4.4936,5.739e-85,16
-2.908,-4.4836,5.739e-85,16
-2.898,-4.4736,5.739e-85,16
-2.888,-4.4636,5.739e-85,16
-2.878,-4.4536,5.739e-85,16
-2.868,-4.4436,5.739e-85,16
-2.858,-4.4336,5.739e-85,16
-2.848,-4.4236,5.739e-85,16
-2.838,-4.4136,5.739e-85,16
-2.828,-4.4036,5.739e-85,16
-2.818,-4.3936,5.739e-85,16
-2.808,-4.3836,5.739e-85,16
-2.798,-4.3736,5.739e-85,16
-2.788,-4.3636,5.739e-85,16
-2.778,-4.3536,5.739e-85,16
-2.768,-4.3436,5.739e-85,16
-2.758,-4.3336,5.739e-85,16
-2.748,-4.3236,5.739e-85,16
-2.738,-4.3136,5.739e-85,16
-2.728,-4.3036,5.739e-85,16
-2.718,-4.2936,5.739e-85,16
-2.708,-4.2836,5.739e-85,16
-2.698,-4.2736,5.739e-85,16
-2.688,-4.2636,5.739e-85,16
-2.678,-4.2536,5.739e-85,16
-2.668,-4.2436,5.739e-85,16
-2.658,-4.2336,5.739e-85,16
-2.648,-4.2236,5.739e-85,16
-2.638,-4.2136,5.739e-85,16
-2.628,-4.2036,5.739e-85,16
-2.618,-4.1936,5.739e-85,16
-2.608,-4.1836,5.74e-85,16
-2.598,-4.1736,5.776e-85,16
-2.588,-4.1636,6.449e-85,16
-2.578,-4.1536,1.874e-84,16
-2.568,-4.1436,2.384e-83,16
-2.558,-4.1336,4.079e-82,16
-2.548,-4.1236,6.976e-81,16
-2.538,-4.1136,1.168e-79,16
-2.528,-4.1036,1.914e-78,16
-2.518,-4.0936,3.069e-77,16
-2.508,-4.0836,4.811e-76,16
-2.498,-4.0736,7.379e-75,16
-2.488,-4.0636,1.107e-73,16
-2.478,-4.0536,1.624e-72,16
-2.468,-4.0436,2.332e-71,16
-2.458,-4.0336,3.275e-70,16
-2.448,-4.0236,4.498e-69,16
-2.438,-4.0136,6.043e-68,16
-2.428,-4.0036,7.943e-67,16
-2.418,-3.9936,1.021e-65,16
-2.408,-3.9836,1.284e-64,16
-2.398,-3.9736,1.58e-63,16
-2.388,-3.9636,1.901e-62,16
-2.378,-3.9536,2.238e-61,16
-2.368,-3.9436,2.577e-60,16
-2.358,-3.9336,2.903e-59,16
-2.348,-3.9236,3.198e-58,16
-2.338,-3.9136,3.447e-57,16
-2.328,-3.9036,3.634e-56,16
-2.318,-3.8936,3.748e-55,16
-2.308,-3.8836,3.78e-54,16
-2.298,-3.8736,3.73e-53,16
-2.288,-3.8636,3.601e-52,16
-2.278,-3.8536,3.4e-51,16
-2.268,-3.8436,3.14e-50,16
-2.258,-3.8336,2.837e-49,16
-2.248,-3.8236,2.508e-48,16
-2.238,-3.8136,2.168e-47,16
-2.228,-3.8036,1.833e-46,16
-2.218,-3.7936,1.517e-45,16
-2.208,-3.7836,1.227e-44,16
-2.198,-3.7736,9.714e-44,16
-2.188,-3.7636,7.522e-43,16
-2.178,-3.7536,5.697e-42,16
-2.168,-3.7436,4.221e-41,16
-2.158,-3.7336,3.059e-40,16
-2.148,-3.7236,2.169e-39,16
-2.138,-3.7136,1.504e-38,16
-2.128,-3.7036,1.02e-37,16
-2.118,-3.6936,6.771e-37,16
-2.108,-3.6836,4.395e-36,16
-2.098,-3.6736,2.791e-35,16
-2.088,-3.6636,1.733e-34,16
-2.078,-3.6536,1.053e-33,16
-2.068,-3.6436,6.26e-33,16
-2.058,-3.6336,3.64e-32,16
-2.048,-3.6236,2.07e-31,16
-2.038,-3.6136,1.152e-30,16
-2.028,-3.6036,6.268e-30,16
-2.018,-3.5936,3.337e-29,16
-2.008,-3.5836,1.738e-28,16
-1.998,-3.5736,8.853e-28,16
-1.988,-3.5636,4.412e-27,16
-1.978,-3.5536,2.151e-26,16
-1.968,-3.5436,1.026e-25,16
-1.958,-3.5336,4.785e-25,16
-1.948,-3.5236,2.183e-24,16
-1.938,-3.5136,9.748e-24,16
-1.928,-3.5036,4.257e-23,16
-1.918,-3.4936,1.819e-22,16
-1.908,-3.4836,7.601e-22,16
-1.898,-3.4736,3.108e-21,16
-1.888,-3.4636,1.243e-20,16
-1.878,-3.4536,4.863e-20,16
-1.868,-3.4436,1.862e-19,16
-1.858,-3.4336,6.971e-19,16
-1.848,-3.4236,2.554e-18,16
-1.838,-3.4136,9.154e-18,16
-1.828,-3.4036,3.21e-17,16
-1.818,-3.3936,1.101e-16,16
-1.808,-3.3836,3.696e-16,16
-1.798,-3.3736,1.214e-15,16
-1.788,-3.3636,3.899e-15,16
-1.778,-3.3536,1.226e-14,16
-1.768,-3.3436,3.77e-14,16
-1.758,-3.3336,1.134e-13,16
-1.748,-3.3236,3.341e-13,16
-1.738,-3.3136,9.625e-13,16
-1.728,-3.3036,2.714e-12,16
-1.718,-3.2936,7.488e-12,16
-1.708,-3.2836,2.022e-11,16
-1.698,-3.2736,5.343e-11,16
-1.688,-3.2636,1.382e-10,16
-1.678,-3.2536,3.497e-10,16
-1.668,-3.2436,8.665e-10,16
-1.658,-3.2336,2.101e-09,16
-1.648,-3.2236,4.988e-09,16
-1.638,-3.2136,1.159e-08,16
-1.628,-3.2036,2.637e-08,16
-1.618,-3.1936,5.875e-08,16
-1.608,-3.1836,1.282e-07,16
-1.598,-3.1736,2.738e-07,16
-1.588,-3.1636,5.728e-07,16
-1.578,-3.1536,1.174e-06,16
-1.568,-3.1436,2.357e-06,16
-1.558,-3.1336,4.635e-06,16
-1.548,-3.1236,8.934e-06,16
-1.538,-3.1136,1.688e-05,16
-1.528,-3.1036,3.125e-05,16
-1.518,-3.0936,5.672e-05,16
-1.508,-3.0836,0.000101,16
-1.498,-3.0736,0.0001763,16
-1.488,-3.0636,0.0003019,16
-1.478,-3.0536,0.0005073,16
-1.468,-3.0436,0.0008369,16
-1.458,-3.0336,0.001355,16
-1.448,-3.0236,0.002156,16
-1.438,-3.0136,0.003369,16
-1.428,-3.0036,0.005175,16
-1.418,-2.9936,0.007813,16
-1.408,-2.9836,0.0116,16
-1.398,-2.9736,0.01695,16
-1.388,-2.9636,0.02438,16
-1.378,-2.9536,0.03452,16
-1.368,-2.9436,0.04814,16
-1.358,-2.9336,0.06617,16
-1.348,-2.9236,0.08967,16
-1.338,-2.9136,0.1198,16
-1.328,-2.9036,0.158,16.01
-1.318,-2.8936,0.2056,16.01
-1.308,-2.8836,0.264,16.01
-1.298,-2.8736,0.335,16.01
-1.288,-2.8636,0.4198,16.02
-1.278,-2.8536,0.5199,16.02
-1.268,-2.8436,0.6365,16.03
-1.258,-2.8336,0.7705,16.04
-1.248,-2.8236,0.9226,16.05
-1.238,-2.8136,1.093,16.06
-1.228,-2.8036,1.281,16.07
-1.218,-2.7936,1.488,16.09
-1.208,-2.7836,1.71,16.1
-1.198,-2.7736,1.948,16.12
-1.188,-2.7636,2.199,16.14
-1.178,-2.7536,2.46,16.17
-1.168,-2.7436,2.73,16.2
-1.158,-2.7336,3.005,16.23
-1.148,-2.7236,3.282,16.26
-1.138,-2.7136,3.558,16.29
-1.128,-2.7036,3.829,16.33
-1.118,-2.6936,4.094,16.37
-1.108,-2.6836,4.349,16.42
-1.098,-2.6736,4.595,16.46
-1.088,-2.6636,4.831,16.51
-1.078,-2.6536,5.06,16.56
-1.068,-2.6436,5.285,16.61
-1.058,-2.6336,5.511,16.67
-1.048,-2.6236,5.745,16.73
-1.038,-2.6136,5.993,16.79
-1.028,-2.6036,6.262,16.85
-1.018,-2.5936,6.558,16.92
-1.008,-2.5836,6.888,16.98
-0.998,-2.5736,7.252,17.06
-0.988,-2.5636,7.652,17.13
-0.978,-2.5536,8.083,17.21
-0.968,-2.5436,8.538,17.3
-0.958,-2.5336,9.008,17.39
-0.948,-2.5236,9.481,17.48
-0.938,-2.5136,9.941,17.58
-0.928,-2.5036,10.37,17.69
-0.918,-2.4936,10.77,17.8
-0.908,-2.4836,11.11,17.91
-0.898,-2.4736,11.38,18.02
-0.888,-2.4636,11.59,18.14
-0.878,-2.4536,11.73,18.25
-0.868,-2.4436,11.81,18.37
-0.858,-2.4336,11.82,18.49
-0.848,-2.4236,11.79,18.61
-0.838,-2.4136,11.73,18.72
-0.828,-2.4036,11.64,18.84
-0.818,-2.3936,11.55,18.96
-0.808,-2.3836,11.45,19.07
-0.798,-2.3736,11.37,19.19
-0.788,-2.3636,11.3,19.3
-0.778,-2.3536,11.24,19.41
-0.768,-2.3436,11.18,19.52
-0.758,-2.3336,11.14,19.63
-0.748,-2.3236,11.09,19.74
-0.738,-2.3136,11.03,19.85
-0.728,-2.3036,10.96,19.96
-0.718,-2.2936,10.87,20.07
-0.708,-2.2836,10.77,20.18
-0.698,-2.2736,10.65,20.29
-0.688,-2.2636,10.51,20.39
-0.678,-2.2536,10.35,20.5
-0.668,-2.2436,10.17,20.6
-0.658,-2.2336,9.978,20.7
-0.648,-2.2236,9.768,20.79
-0.638,-2.2136,9.539,20.89
-0.628,-2.2036,9.292,20.98
-0.618,-2.1936,9.025,21.07
-0.608,-2.1836,8.738,21.16
-0.598,-2.1736,8.431,21.25
-0.588,-2.1636,8.105,21.33
-0.578,-2.1536,7.763,21.4
-0.568,-2.1436,7.407,21.48
-0.558,-2.1336,7.044,21.55
-0.548,-2.1236,6.677,21.62
-0.538,-2.1136,6.315,21.68
-0.528,-2.1036,5.963,21.74
-0.518,-2.0936,5.629,21.79
-0.508,-2.0836,5.319,21.85
-0.498,-2.0736,5.041,21.9
-0.488,-2.0636,4.801,21.95
-0.478,-2.0536,4.605,21.99
-0.468,-2.0436,4.455,22.04
-0.458,-2.0336,4.355,22.08
-0.448,-2.0236,4.304,22.12
-0.438,-2.0136,4.302,22.17
-0.428,-2.0036,4.345,22.21
-0.418,-1.9936,4.427,22.25
-0.408,-1.9836,4.541,22.3
-0.398,-1.9736,4.678,22.35
-0.388,-1.9636,4.827,22.39
-0.378,-1.9536,4.98,22.44
-0.368,-1.9436,5.126,22.5
-0.358,-1.9336,5.256,22.55
-0.348,-1.9236,5.36,22.6
-0.338,-1.9136,5.435,22.66
-0.328,-1.9036,5.474,22.71
-0.318,-1.8936,5.479,22.77
-0.308,-1.8836,5.449,22.82
-0.298,-1.8736,5.391,22.87
-0.288,-1.8636,5.309,22.93
-0.278,-1.8536,5.214,22.98
-0.268,-1.8436,5.115,23.03
-0.258,-1.8336,5.021,23.08
-0.248,-1.8236,4.944,23.13
-0.238,-1.8136,4.891,23.18
-0.228,-1.8036,4.869,23.23
-0.218,-1.7936,4.884,23.28
-0.208,-1.7836,4.938,23.33
-0.198,-1.7736,5.031,23.38
-0.188,-1.7636,5.161,23.43
-0.178,-1.7536,5.324,23.48
-0.168,-1.7436,5.514,23.54
-0.158,-1.7336,5.723,23.59
-0.148,-1.7236,5.943,23.65
-0.138,-1.7136,6.162,23.71
-0.128,-1.7036,6.37,23.78
-0.118,-1.6936,6.555,23.84
-0.108,-1.6836,6.706,23.91
-0.098,-1.6736,6.814,23.98
-0.088,-1.6636,6.87,24.05
-0.078,-1.6536,6.869,24.12
-0.068,-1.6436,6.807,24.18
-0.058,-1.6336,6.688,24.25
-0.048,-1.6236,6.514,24.32
-0.038,-1.6136,6.296,24.38
-0.028,-1.6036,6.045,24.44
-0.018,-1.5936,5.778,24.5
-0.008,-1.5836,5.509,24.55
0.002,-1.5736,5.258,24.6
0.012,-1.5636,5.041,24.66
0.022,-1.5536,4.872,24.7
0.032,-1.5436,4.764,24.75
0.042,-1.5336,4.723,24.8
0.052,-1.5236,4.755,24.85
0.062,-1.5136,4.856,24.9
0.072,-1.5036,5.022,24.95
0.082,-1.4936,5.241,25
0.092,-1.4836,5.5,25.05
0.102,-1.4736,5.782,25.11
0.112,-1.4636,6.072,25.17
0.122,-1.4536,6.352,25.23
0.132,-1.4436,6.606,25.3
0.142,-1.4336,6.823,25.37
0.152,-1.4236,6.993,25.44
0.162,-1.4136,7.111,25.51
0.172,-1.4036,7.175,25.58
0.182,-1.3936,7.188,25.65
0.192,-1.3836,7.154,25.73
0.202,-1.3736,7.081,25.8
0.212,-1.3636,6.98,25.87
0.222,-1.3536,6.861,25.93
0.232,-1.3436,6.734,26
0.242,-1.3336,6.61,26.07
0.252,-1.3236,6.497,26.13
0.262,-1.3136,6.401,26.2
0.272,-1.3036,6.327,26.26
0.282,-1.2936,6.277,26.32
0.292,-1.2836,6.249,26.39
0.302,-1.2736,6.241,26.45
0.312,-1.2636,6.248,26.51
0.322,-1.2536,6.263,26.57
0.332,-1.2436,6.282,26.64
0.342,-1.2336,6.298,26.7
0.352,-1.2236,6.311,26.76
0.362,-1.2136,6.318,26.83
0.372,-1.2036,6.323,26.89
0.382,-1.1936,6.331,26.95
0.392,-1.1836,6.35,27.02
0.402,-1.1736,6.389,27.08
0.412,-1.1636,6.458,27.14
0.422,-1.1536,6.567,27.21
0.432,-1.1436,6.723,27.28
0.442,-1.1336,6.931,27.35
0.452,-1.1236,7.194,27.42
0.462,-1.1136,7.51,27.49
0.472,-1.1036,7.875,27.57
0.482,-1.0936,8.28,27.65
0.492,-1.0836,8.715,27.74
0.502,-1.0736,9.168,27.83
0.512,-1.0636,9.625,27.93
0.522,-1.0536,10.07,28.03
0.532,-1.0436,10.5,28.14
0.542,-1.0336,10.9,28.24
0.552,-1.0236,11.25,28.36
0.562,-1.0136,11.55,28.47
0.572,-1.0036,11.81,28.59
0.582,-0.9936,12.01,28.71
0.592,-0.9836,12.16,28.83
0.602,-0.9736,12.26,28.95
0.612,-0.9636,12.31,29.08
0.622,-0.9536,12.33,29.2
0.632,-0.9436,12.32,29.32
0.642,-0.9336,12.28,29.45
0.652,-0.9236,12.23,29.57
0.662,-0.9136,12.17,29.69
0.672,-0.9036,12.11,29.81
0.682,-0.8936,12.07,29.93
0.692,-0.8836,12.04,30.05
0.702,-0.8736,12.04,30.17
0.712,-0.8636,12.06,30.29
0.722,-0.8536,12.11,30.42
0.732,-0.8436,12.18,30.54
0.742,-0.8336,12.28,30.66
0.752,-0.8236,12.39,30.78
0.762,-0.8136,12.52,30.91
0.772,-0.8036,12.64,31.04
0.782,-0.7936,12.76,31.16
0.792,-0.7836,12.85,31.29
0.802,-0.7736,12.92,31.42
0.812,-0.7636,12.96,31.55
0.822,-0.7536,12.96,31.68
0.832,-0.7436,12.92,31.81
0.842,-0.7336,12.85,31.94
0.852,-0.7236,12.74,32.06
0.862,-0.7136,12.61,32.19
0.872,-0.7036,12.47,32.32
0.882,-0.6936,12.33,32.44
0.892,-0.6836,12.19,32.56
0.902,-0.6736,12.07,32.68
0.912,-0.6636,11.97,32.8
0.922,-0.6536,11.91,32.92
0.932,-0.6436,11.9,33.04
0.942,-0.6336,11.93,33.16
0.952,-0.6236,12,33.28
0.962,-0.6136,12.12,33.4
0.972,-0.6036,12.28,33.52
0.982,-0.5936,12.46,33.65
0.992,-0.5836,12.66,33.77
1.002,-0.5736,12.85,33.9
1.012,-0.5636,13.04,34.03
1.022,-0.5536,13.19,34.16
1.032,-0.5436,13.3,34.3
1.042,-0.5336,13.35,34.43
1.052,-0.5236,13.35,34.56
1.062,-0.5136,13.29,34.7
1.072,-0.5036,13.18,34.83
1.082,-0.4936,13.02,34.96
1.092,-0.4836,12.84,35.09
1.102,-0.4736,12.66,35.21
1.112,-0.4636,12.49,35.34
1.122,-0.4536,12.35,35.46
1.132,-0.4436,12.25,35.59
1.142,-0.4336,12.21,35.71
1.152,-0.4236,12.22,35.83
1.162,-0.4136,12.29,35.95
1.172,-0.4036,12.4,36.08
1.182,-0.3936,12.55,36.2
1.192,-0.3836,12.71,36.33
1.202,-0.3736,12.86,36.46
1.212,-0.3636,12.99,36.59
1.222,-0.3536,13.09,36.72
1.232,-0.3436,13.14,36.85
1.242,-0.3336,13.13,36.98
1.252,-0.3236,13.06,37.11
1.262,-0.3136,12.94,37.24
1.272,-0.3036,12.77,37.37
1.282,-0.2936,12.56,37.49
1.292,-0.2836,12.31,37.62
1.302,-0.2736,12.05,37.74
1.312,-0.2636,11.77,37.86
1.322,-0.2536,11.49,37.97
1.332,-0.2436,11.21,38.08
1.342,-0.2336,10.93,38.19
1.352,-0.2236,10.65,38.3
1.362,-0.2136,10.37,38.4
1.372,-0.2036,10.1,38.5
1.382,-0.1936,9.82,38.6
1.392,-0.1836,9.537,38.7
1.402,-0.1736,9.249,38.79
1.412,-0.1636,8.954,38.88
1.422,-0.1536,8.653,38.97
1.432,-0.1436,8.346,39.05
1.442,-0.1336,8.035,39.13
1.452,-0.1236,7.718,39.21
1.462,-0.1136,7.396,39.28
1.472,-0.1036,7.068,39.35
1.482,-0.0936,6.73,39.42
1.492,-0.0836,6.382,39.48
1.502,-0.0736,6.02,39.54
1.512,-0.0636,5.644,39.6
1.522,-0.0536,5.252,39.65
1.532,-0.0436,4.847,39.7
1.542,-0.0336,4.43,39.74
1.552,-0.0236,4.007,39.78
1.562,-0.0136,3.583,39.82
1.572,-0.0036,3.164,39.85
1.582,0.0064,2.758,39.88
1.592,0.0164,2.37,39.9
1.602,0.0264,2.008,39.92
1.612,0.0364,1.676,39.94
1.622,0.0464,1.377,39.95
1.632,0.0564,1.114,39.96
1.642,0.0664,0.8865,39.97
1.652,0.0764,0.6938,39.98
1.662,0.0864,0.5338,39.99
1.672,0.0964,0.4038,39.99
1.682,0.1064,0.3001,39.99
1.692,0.1164,0.2191,40
1.702,0.1264,0.1572,40
1.712,0.1364,0.1107,40
1.722,0.1464,0.07653,40
1.732,0.1564,0.05194,40
1.742,0.1664,0.0346,40
1.752,0.1764,0.02261,40
1.762,0.1864,0.0145,40
1.772,0.1964,0.009119,40
1.782,0.2064,0.005625,40
1.792,0.2164,0.003402,40
1.802,0.2264,0.002017,40
1.812,0.2364,0.001173,40
1.822,0.2464,0.000668,40
1.832,0.2564,0.000373,40
1.842,0.2664,0.0002041,40
1.852,0.2764,0.0001094,40
1.862,0.2864,5.746e-05,40
1.872,0.2964,2.956e-05,40
1.882,0.3064,1.489e-05,40
1.892,0.3164,7.351e-06,40
1.902,0.3264,3.553e-06,40
1.912,0.3364,1.681e-06,40
1.922,0.3464,7.792e-07,40
1.932,0.3564,3.535e-07,40
1.942,0.3664,1.57e-07,40
1.952,0.3764,6.83e-08,40
1.962,0.3864,2.907e-08,40
1.972,0.3964,1.212e-08,40
1.982,0.4064,4.942e-09,40
1.992,0.4164,1.973e-09,40
2.002,0.4264,7.709e-10,40
2.012,0.4364,2.948e-10,40
2.022,0.4464,1.103e-10,40
2.032,0.4564,4.041e-11,40
2.042,0.4664,1.449e-11,40
2.052,0.4764,5.081e-12,40
2.062,0.4864,1.744e-12,40
2.072,0.4964,5.857e-13,40
2.082,0.5064,1.925e-13,40
2.092,0.5164,6.19e-14,40
2.102,0.5264,1.948e-14,40
2.112,0.5364,5.996e-15,40
2.122,0.5464,1.806e-15,40
2.132,0.5564,5.322e-16,40
2.142,0.5664,1.535e-16,40
2.152,0.5764,4.33e-17,40
2.162,0.5864,1.195e-17,40
2.172,0.5964,3.227e-18,40
2.182,0.6064,8.527e-19,40
2.192,0.6164,2.204e-19,40
2.202,0.6264,5.573e-20,40
2.212,0.6364,1.379e-20,40
2.222,0.6464,3.337e-21,40
2.232,0.6564,7.902e-22,40
2.242,0.6664,1.831e-22,40
2.252,0.6764,4.148e-23,40
2.262,0.6864,9.197e-24,40
2.272,0.6964,1.995e-24,40
2.282,0.7064,4.232e-25,40
2.292,0.7164,8.785e-26,40
2.302,0.7264,1.784e-26,40
2.312,0.7364,3.544e-27,40
2.322,0.7464,6.887e-28,40
2.332,0.7564,1.309e-28,40
2.342,0.7664,2.435e-29,40
2.352,0.7764,4.43e-30,40
2.362,0.7864,7.884e-31,40
2.372,0.7964,1.373e-31,40
2.382,0.8064,2.338e-32,40
2.392,0.8164,3.895e-33,40
2.402,0.8264,6.349e-34,40
2.412,0.8364,1.012e-34,40
2.422,0.8464,1.579e-35,40
2.432,0.8564,2.409e-36,40
2.442,0.8664,3.596e-37,40
2.452,0.8764,5.25e-38,40
2.462,0.8864,7.499e-39,40
2.472,0.8964,1.048e-39,40
2.482,0.9064,1.432e-40,40
2.492,0.9164,1.915e-41,40
2.502,0.9264,2.505e-42,40
2.512,0.9364,3.205e-43,40
2.522,0.9464,4.012e-44,40
2.532,0.9564,4.912e-45,40
2.542,0.9664,5.883e-46,40
2.552,0.9764,6.893e-47,40
2.562,0.9864,7.9e-48,40
2.572,0.9964,8.858e-49,40
2.582,1.0064,9.715e-50,40
2.592,1.0164,1.042e-50,40
2.602,1.0264,1.094e-51,40
2.612,1.0364,1.123e-52,40
2.622,1.0464,1.128e-53,40
2.632,1.0564,1.108e-54,40
2.642,1.0664,1.065e-55,40
2.652,1.0764,1.001e-56,40
2.662,1.0864,9.208e-58,40
2.672,1.0964,8.284e-59,40
2.682,1.1064,7.29e-60,40
2.692,1.1164,6.276e-61,40
2.702,1.1264,5.285e-62,40
2.712,1.1364,4.353e-63,40
2.722,1.1464,3.508e-64,40
2.732,1.1564,2.765e-65,40
2.742,1.1664,2.132e-66,40
2.752,1.1764,1.608e-67,40
2.762,1.1864,1.187e-68,40
2.772,1.1964,8.566e-70,40
2.782,1.2064,6.048e-71,40
2.792,1.2164,4.178e-72,40
2.802,1.2264,2.823e-73,40
2.812,1.2364,1.866e-74,40
2.822,1.2464,1.206e-75,40
2.832,1.2564,7.628e-77,40
2.842,1.2664,4.719e-78,40
2.852,1.2764,2.856e-79,40
2.862,1.2864,1.691e-80,40
2.872,1.2964,9.797e-82,40
2.882,1.3064,5.604e-83,40
2.892,1.3164,3.647e-84,40
2.902,1.3264,7.399e-85,40
2.912,1.3364,5.821e-85,40
2.922,1.3464,5.739e-85,40
2.932,1.3564,5.739e-85,40
2.942,1.3664,5.739e-85,40
2.952,1.3764,5.739e-85,40
2.962,1.3864,5.739e-85,40
2.972,1.3964,5.739e-85,40
2.982,1.4064,5.739e-85,40
2.992,1.4164,5.739e-85,40
3.002,1.4264,5.739e-85,40
3.012,1.4364,5.739e-85,40
3.022,1.4464,5.739e-85,40
3.032,1.4564,5.739e-85,40
3.042,1.4664,5.739e-85,40
3.052,1.4764,5.739e-85,40
3.062,1.4864,5.739e-85,40
3.072,1.4964,5.739e-85,40
3.082,1.5064,5.739e-85,40
3.092,1.5164,5.739e-85,40
3.102,1.5264,5.739e-85,40
3.112,1.5364,5.739e-85,40
3.122,1.5464,5.739e-85,40
3.132,1.5564,5.739e-85,40
3.142,1.5664,5.739e-85,40
3.152,1.5764,5.739e-85,40
3.162,1.5864,5.739e-85,40
3.172,1.5964,5.739e-85,40
3.182,1.6064,5.739e-85,40
3.192,1.6164,5.739e-85,40
3.202,1.6264,5.739e-85,40
3.212,1.6364,5.739e-85,40
3.222,1.6464,5.739e-85,40
3.232,1.6564,5.739e-85,40
3.242,1.6664,5.739e-85,40
3.252,1.6764,5.739e-85,40
3.262,1.6864,5.739e-85,40
3.272,1.6964,5.739e-85,40
3.282,1.7064,5.739e-85,40
3.292,1.7164,5.739e-85,40
3.302,1.7264,5.739e-85,40
3.312,1.7364,5.739e-85,40
3.322,1.7464,5.739e-85,40
3.332,1.7564,5.739e-85,40
3.342,1.7664,5.739e-85,40
3.352,1.7764,5.739e-85,40
3.362,1.7864,5.739e-85,40
3.372,1.7964,5.739e-85,40
3.382,1.8064,5.739e-85,40
3.392,1.8164,5.739e-85,40
3.402,1.8264,5.739e-85,40
3.412,1.8364,5.739e-85,40
3.422,1.8464,5.739e-85,40
3.432,1.8564,5.739e-85,40
3.442,1.8664,5.739e-85,40
3.452,1.8764,5.739e-85,40
3.462,1.8864,5.739e-85,40
3.472,1.8964,5.739e-85,40
3.482,1.9064,5.739e-85,40
3.492,1.9164,5.739e-85,40
3.502,1.9264,5.739e-85,40
3.512,1.9364,5.739e-85,40
3.522,1.9464,5.739e-85,40
3.532,1.9564,5.739e-85,40
3.542,1.9664,5.739e-85,40
3.552,1.9764,5.739e-85,40
3.562,1.9864,5.739e-85,40
3.572,1.9964,5.739e-85,40
3.582,2.0064,5.739e-85,40
3.592,2.0164,5.739e-85,40
3.602,2.0264,5.739e-85,40
3.612,2.0364,5.739e-85,40
3.622,2.0464,5.739e-85,40
3.632,2.0564,5.739e-85,40
3.642,2.0664,5.739e-85,40
3.652,2.0764,5.739e-85,40
3.662,2.0864,5.739e-85,40
3.672,2.0964,5.739e-85,40
3.682,2.1064,5.739e-85,40
3.692,2.1164,5.739e-85,40
3.702,2.1264,5.739e-85,40
3.712,2.1364,5.739e-85,40
3.722,2.1464,5.739e-85,40
3.732,2.1564,5.739e-85,40
3.742,2.1664,5.739e-85,40
3.752,2.1764,5.739e-85,40
3.762,2.1864,5.739e-85,40
3.772,2.1964,5.739e-85,40
3.782,2.2064,5.739e-85,40
3.792,2.2164,5.739e-85,40
3.802,2.2264,5.739e-85,40
3.812,2.2364,5.739e-85,40
3.822,2.2464,5.739e-85,40
3.832,2.2564,5.739e-85,40
3.842,2.2664,5.739e-85,40
3.852,2.2764,5.739e-85,40
3.862,2.2864,5.739e-85,40
3.872,2.2964,5.739e-85,40
3.882,2.3064,5.739e-85,40
3.892,2.3164,5.739e-85,40
3.902,2.3264,5.739e-85,40
3.912,2.3364,5.739e-85,40
3.922,2.3464,5.739e-85,40
3.932,2.3564,5.739e-85,40
3.942,2.3664,5.739e-85,40
3.952,2.3764,5.739e-85,40
3.962,2.3864,5.739e-85,40
3.972,2.3964,5.739e-85,40
3.982,2.4064,5.739e-85,40
3.992,2.4164,5.739e-85,40
4.002,2.4264,5.739e-85,40
4.012,2.4364,5.739e-85,40
4.022,2.4464,5.739e-85,40
4.032,2.4564,5.739e-85,40
4.042,2.4664,5.739e-85,40
4.052,2.4764,5.739e-85,40
4.062,2.4864,5.739e-85,40
4.072,2.4964,5.739e-85,40
4.082,2.5064,5.739e-85,40
4.092,2.5164,5.739e-85,40
4.102,2.5264,5.739e-85,40
4.112,2.5364,5.739e-85,40
4.122,2.5464,5.739e-85,40
4.132,2.5564,5.739e-85,40
4.142,2.5664,5.739e-85,40
4.152,2.5764,5.739e-85,40
4.162,2.5864,5.739e-85,40
4.172,2.5964,5.739e-85,40
4.182,2.6064,5.739e-85,40
4.192,2.6164,5.739e-85,40
4.202,2.6264,5.739e-85,40
4.212,2.6364,5.739e-85,40
4.222,2.6464,5.739e-85,40
4.232,2.6564,5.739e-85,40
4.242,2.6664,5.739e-85,40
4.252,2.6764,5.739e-85,40
4.262,2.6864,5.739e-85,40
4.272,2.6964,5.739e-85,40
4.282,2.7064,5.739e-85,40
4.292,2.7164,5.739e-85,40
4.302,2.7264,5.739e-85,40
4.312,2.7364,5.739e-85,40
4.322,2.7464,5.739e-85,40
4.332,2.7564,5.739e-85,40
4.342,2.7664,5.739e-85,40
4.352,2.7764,5.739e-85,40
4.362,2.7864,5.739e-85,40
4.372,2.7964,5.739e-85,40
4.382,2.8064,5.739e-85,40
4.392,2.8164,5.739e-85,40
4.402,2.8264,5.739e-85,40
4.412,2.8364,5.739e-85,40
4.422,2.8464,5.739e-85,40
4.432,2.8564,5.739e-85,40
4.442,2.8664,5.739e-85,40
4.452,2.8764,5.739e-85,40
4.462,2.8864,5.739e-85,40
4.472,2.8964,5.739e-85,40
4.482,2.9064,5.739e-85,40
4.492,2.9164,5.739e-85,40
4.502,2.9264,5.739e-85,40
4.512,2.9364,5.739e-85,40
4.522,2.9464,5.739e-85,40
4.532,2.9564,5.739e-85,40
4.542,2.9664,5.739e-85,40
4.552,2.9764,5.739e-85,40
4.562,2.9864,5.739e-85,40
4.572,2.9964,5.739e-85,40
4.582,3.0064,5.739e-85,40
4.592,3.0164,5.739e-85,40
4.602,3.0264,5.739e-85,40
4.612,3.0364,5.739e-85,40
4.622,3.0464,5.739e-85,40
4.632,3.0564,5.739e-85,40
4.642,3.0664,5.739e-85,40
4.652,3.0764,5.739e-85,40
4.662,3.0864,5.739e-85,40
4.672,3.0964,5.739e-85,40
4.682,3.1064,5.739e-85,40
4.692,3.1164,5.739e-85,40
4.702,3.1264,5.739e-85,40
4.712,3.1364,5.739e-85,40
4.722,3.1464,5.739e-85,40
4.732,3.1564,5.739e-85,40
4.742,3.1664,5.739e-85,40
4.752,3.1764,5.739e-85,40
4.762,3.1864,5.739e-85,40
4.772,3.1964,5.739e-85,40
4.782,3.2064,5.739e-85,40
4.792,3.2164,5.739e-85,40
4.802,3.2264,5.739e-85,40
4.812,3.2364,5.739e-85,40
4.822,3.2464,5.739e-85,40
4.832,3.2564,5.739e-85,40
4.842,3.2664,5.739e-85,40
4.852,3.2764,5.739e-85,40
4.862,3.2864,5.739e-85,40
4.872,3.2964,5.739e-85,40
4.882,3.3064,5.739e-85,40
4.892,3.3164,5.739e-85,40
4.902,3.3264,5.739e-85,40
4.912,3.3364,5.739e-85,40
4.922,3.3464,5.739e-85,40
4.932,3.3564,5.739e-85,40
4.942,3.3664,5.739e-85,40
4.952,3.3764,5.739e-85,40
4.962,3.3864,5.739e-85,40
4.972,3.3964,5.739e-85,40
4.982,3.4064,5.739e-85,40
4.992,3.4164,5.739e-85,40
5.002,3.4264,5.739e-85,40
5.012,3.4364,5.739e-85,40
5.022,3.4464,5.739e-85,40
5.032,3.4564,5.739e-85,40
5.042,3.4664,5.739e-85,40
5.052,3.4764,5.739e-85,40
5.062,3.4864,5.739e-85,40
5.072,3.4964,5.739e-85,40
5.082,3.5064,5.739e-85,40
5.092,3.5164,5.739e-85,40
5.102,3.5264,5.739e-85,40
5.112,3.5364,5.739e-85,40
5.122,3.5464,5.739e-85,40
5.132,3.5564,5.739e-85,40
5.142,3.5664,5.739e-85,40
5.152,3.5764,5.739e-85,40
5.162,3.5864,5.739e-85,40
5.172,3.5964,5.739e-85,40
5.182,3.6064,5.739e-85,40
5.192,3.6164,5.739e-85,40
5.202,3.6264,5.739e-85,40
5.212,3.6364,5.739e-85,40
5.222,3.6464,5.739e-85,40
5.232,3.6564,5.739e-85,40
5.242,3.6664,5.739e-85,40
5.252,3.6764,5.739e-85,40
5.262,3.6864,5.739e-85,40
5.272,3.6964,5.739e-85,40
5.282,3.7064,5.739e-85,40
5.292,3.7164,5.739e-85,40
5.302,3.7264,5.739e-85,40
5.312,3.7364,5.739e-85,40
5.322,3.7464,5.739e-85,40
5.332,3.7564,5.739e-85,40
5.342,3.7664,5.739e-85,40
5.352,3.7764,5.739e-85,40
5.362,3.7864,5.739e-85,40
5.372,3.7964,5.739e-85,40
5.382,3.8064,5.739e-85,40
5.392,3.8164,5.739e-85,40
5.402,3.8264,5.739e-85,40
5.412,3.8364,5.739e-85,40
5.422,3.8464,5.739e-85,40
5.432,3.8564,5.739e-85,40
5.442,3.8664,5.739e-85,40
5.452,3.8764,5.739e-85,40
5.462,3.8864,5.739e-85,40
5.472,3.8964,5.739e-85,40
5.482,3.9064,5.739e-85,40
5.492,3.9164,5.739e-85,40
5.502,3.9264,5.739e-85,40
5.512,3.9364,5.739e-85,40
5.522,3.9464,5.739e-85,40
5.532,3.9564,5.739e-85,40
5.542,3.9664,5.739e-85,40
5.552,3.9764,5.739e-85,40
5.562,3.9864,5.739e-85,40
5.572,3.9964,5.739e-85,40
5.582,4.0064,5.739e-85,40
5.592,4.0164,5.739e-85,40
5.602,4.0264,5.739e-85,40
5.612,4.0364,5.739e-85,40
5.622,4.0464,5.739e-85,40
5.632,4.0564,5.739e-85,40
5.642,4.0664,5.739e-85,40
5.652,4.0764,5.739e-85,40
5.662,4.0864,5.739e-85,40
5.672,4.0964,5.739e-85,40
5.682,4.1064,5.739e-85,40
5.692,4.1164,5.739e-85,40
5.702,4.1264,5.739e-85,40
5.712,4.1364,5.739e-85,40
5.722,4.1464,5.739e-85,40
5.732,4.1564,5.739e-85,40
5.742,4.1664,5.739e-85,40
5.752,4.1764,5.739e-85,40
5.762,4.1864,5.739e-85,40
5.772,4.1964,5.739e-85,40
5.782,4.2064,5.739e-85,40
5.792,4.2164,5.739e-85,40
5.802,4.2264,5.739e-85,40
5.812,4.2364,5.739e-85,40
5.822,4.2464,5.739e-85,40
5.832,4.2564,5.739e-85,40
5.842,4.2664,5.739e-85,40
5.852,4.2764,5.739e-85,40
5.862,4.2864,5.739e-85,40
5.872,4.2964,5.739e-85,40
5.882,4.3064,5.739e-85,40
5.892,4.3164,5.739e-85,40
5.902,4.3264,5.739e-85,40
5.912,4.3364,5.739e-85,40
5.922,4.3464,5.739e-85,40
5.932,4.3564,5.739e-85,40
5.942,4.3664,5.739e-85,40
5.952,4.3764,5.739e-85,40
5.962,4.3864,5.739e-85,40
5.972,4.3964,5.739e-85,40
5.982,4.4064,5.739e-85,40
5.992,4.4164,5.739e-85,40
6.002,4.4264,5.739e-85,40
6.012,4.4364,5.739e-85,40
6.022,4.4464,5.739e-85,40
6.032,4.4564,5.739e-85,40
6.042,4.4664,5.739e-85,40
6.052,4.4764,5.739e-85,40
6.062,4.4864,5.739e-85,40
6.072,4.4964,5.739e-85,40
6.082,4.5064,5.739e-85,40
6.092,4.5164,5.739e-85,40
6.102,4.5264,5.739e-85,40
6.112,4.5364,5.739e-85,40
6.122,4.5464,5.739e-85,40
6.132,4.5564,5.739e-85,40
6.142,4.5664,5.739e-85,40
6.152,4.5764,5.739e-85,40
6.162,4.5864,5.739e-85,40
6.172,4.5964,5.739e-85,40
6.182,4.6064,5.739e-85,40
6.192,4.6164,5.739e-85,40
6.202,4.6264,5.739e-85,40
6.212,4.6364,5.739e-85,40
6.222,4.6464,5.739e-85,40
6.232,4.6564,5.739e-85,40
6.242,4.6664,5.739e-85,40
6.252,4.6764,5.739e-85,40
6.262,4.6864,5.739e-85,40
6.272,4.6964,5.739e-85,40
6.282,4.7064,5.739e-85,40
6.292,4.7164,5.739e-85,40
6.302,4.7264,5.739e-85,40
6.312,4.7364,5.739e-85,40
6.322,4.7464,5.739e-85,40
6.332,4.7564,5.739e-85,40
6.342,4.7664,5.739e-85,40
6.352,4.7764,5.739e-85,40
6.362,4.7864,5.739e-85,40
6.372,4.7964,5.739e-85,40
6.382,4.8064,5.739e-85,40
6.392,4.8164,5.739e-85,40
6.402,4.8264,5.739e-85,40
6.412,4.8364,5.739e-85,40
6.422,4.8464,5.739e-85,40
6.432,4.8564,5.739e-85,40
6.442,4.8664,5.739e-85,40
6.452,4.8764,5.739e-85,40
6.462,4.8864,5.739e-85,40
6.472,4.8964,5.739e-85,40
6.482,4.9064,5.739e-85,40
6.492,4.9164,5.739e-85,40
6.502,4.9264,5.748e-85,40
6.512,4.9364,5.915e-85,40
6.522,4.9464,8.969e-85,40
6.532,4.9564,6.368e-84,40
6.542,4.9664,1.022e-82,40
6.552,4.9764,1.745e-81,40
6.562,4.9864,2.929e-80,40
6.572,4.9964,4.81e-79,40
6.582,5.0064,7.727e-78,40
6.592,5.0164,1.214e-76,40
6.602,5.0264,1.866e-75,40
6.612,5.0364,2.806e-74,40
6.622,5.0464,4.128e-73,40
6.632,5.0564,5.938e-72,40
6.642,5.0664,8.357e-71,40
6.652,5.0764,1.151e-69,40
6.662,5.0864,1.549e-68,40
6.672,5.0964,2.041e-67,40
6.682,5.1064,2.63e-66,40
6.692,5.1164,3.315e-65,40
6.702,5.1264,4.087e-64,40
6.712,5.1364,4.929e-63,40
6.722,5.1464,5.815e-62,40
6.732,5.1564,6.71e-61,40
6.742,5.1664,7.575e-60,40
6.752,5.1764,8.365e-59,40
6.762,5.1864,9.035e-58,40
6.772,5.1964,9.547e-57,40
6.782,5.2064,9.867e-56,40
6.792,5.2164,9.976e-55,40
6.802,5.2264,9.866e-54,40
6.812,5.2364,9.544e-53,40
6.822,5.2464,9.032e-52,40
6.832,5.2564,8.361e-51,40
6.842,5.2664,7.57e-50,40
6.852,5.2764,6.705e-49,40
6.862,5.2864,5.81e-48,40
6.872,5.2964,4.924e-47,40
6.882,5.3064,4.082e-46,40
6.892,5.3164,3.31e-45,40
6.902,5.3264,2.626e-44,40
6.912,5.3364,2.038e-43,40
6.922,5.3464,1.547e-42,40
6.932,5.3564,1.149e-41,40
6.942,5.3664,8.342e-41,40
6.952,5.3764,5.927e-40,40
6.962,5.3864,4.119e-39,40
6.972,5.3964,2.8e-38,40
6.982,5.4064,1.862e-37,40
6.992,5.4164,1.211e-36,40
7.002,5.4264,7.708e-36,40
7.012,5.4364,4.797e-35,40
7.022,5.4464,2.921e-34,40
7.032,5.4564,1.74e-33,40
7.042,5.4664,1.014e-32,40
7.052,5.4764,5.776e-32,40
7.062,5.4864,3.22e-31,40
7.072,5.4964,1.756e-30,40
7.082,5.5064,9.366e-30,40
7.092,5.5164,4.887e-29,40
7.102,5.5264,2.494e-28,40
7.112,5.5364,1.245e-27,40
7.122,5.5464,6.082e-27,40
7.132,5.5564,2.905e-26,40
7.142,5.5664,1.358e-25,40
7.152,5.5764,6.206e-25,40
7.162,5.5864,2.775e-24,40
7.172,5.5964,1.214e-23,40
7.182,5.6064,5.194e-23,40
7.192,5.6164,2.174e-22,40
7.202,5.6264,8.899e-22,40
7.212,5.6364,3.564e-21,40
7.222,5.6464,1.396e-20,40
7.232,5.6564,5.35e-20,40
7.242,5.6664,2.005e-19,40
7.252,5.6764,7.353e-19,40
7.262,5.6864,2.637e-18,40
7.272,5.6964,9.253e-18,40
7.282,5.7064,3.176e-17,40
7.292,5.7164,1.066e-16,40
7.302,5.7264,3.501e-16,40
7.312,5.7364,1.125e-15,40
7.322,5.7464,3.534e-15,40
7.332,5.7564,1.086e-14,40
7.342,5.7664,3.266e-14,40
7.352,5.7764,9.606e-14,40
7.362,5.7864,2.764e-13,40
7.372,5.7964,7.778e-13,40
7.382,5.8064,2.141e-12,40
7.392,5.8164,5.766e-12,40
7.402,5.8264,1.519e-11,40
7.412,5.8364,3.913e-11,40
7.422,5.8464,9.863e-11,40
7.432,5.8564,2.432e-10,40
7.442,5.8664,5.865e-10,40
7.452,5.8764,1.384e-09,40
7.462,5.8864,3.193e-09,40
7.472,5.8964,7.208e-09,40
7.482,5.9064,1.592e-08,40
7.492,5.9164,3.438e-08,40
7.502,5.9264,7.264e-08,40
7.512,5.9364,1.501e-07,40
7.522,5.9464,3.035e-07,40
7.532,5.9564,6.003e-07,40
7.542,5.9664,1.161e-06,40
7.552,5.9764,2.197e-06,40
7.562,5.9864,4.068e-06,40
7.572,5.9964,7.366e-06,40
7.582,6.0064,1.305e-05,40
7.592,6.0164,2.261e-05,40
7.602,6.0264,3.831e-05,40
7.612,6.0364,6.353e-05,40
7.622,6.0464,0.000103,40
7.632,6.0564,0.0001635,40
7.642,6.0664,0.0002537,40
7.652,6.0764,0.0003853,40
7.662,6.0864,0.0005724,40
7.672,6.0964,0.000832,40
7.682,6.1064,0.001183,40
7.692,6.1164,0.001647,40
7.702,6.1264,0.002243,40
7.712,6.1364,0.00299,40
7.722,6.1464,0.003904,40
7.732,6.1564,0.004993,40
7.742,6.1664,0.006258,40
7.752,6.1764,0.007693,40
7.762,6.1864,0.009282,40
7.772,6.1964,0.01101,40
7.782,6.2064,0.01285,40
7.792,6.2164,0.0148,40
7.802,6.2264,0.01686,40
7.812,6.2364,0.01904,40
7.822,6.2464,0.02139,40
7.832,6.2564,0.024,40
7.842,6.2664,0.02695,40
7.852,6.2764,0.03038,40
7.862,6.2864,0.03442,40
7.872,6.2964,0.03918,40
7.882,6.3064,0.04475,40
7.892,6.3164,0.05119,40
7.902,6.3264,0.05847,40
7.912,6.3364,0.06652,40.01
7.922,6.3464,0.0752,40.01
7.932,6.3564,0.08432,40.01
7.942,6.3664,0.09368,40.01
7.952,6.3764,0.1031,40.01
7.962,6.3864,0.1124,40.01
7.972,6.3964,0.1215,40.01
7.982,6.4064,0.1304,40.01
7.992,6.4164,0.1392,40.01
8.002,6.4264,0.148,40.02
8.012,6.4364,0.157,40.02
8.022,6.4464,0.1664,40.02
8.032,6.4564,0.1763,40.02
8.042,6.4664,0.1867,40.02
8.052,6.4764,0.1974,40.02
8.062,6.4864,0.2082,40.03
8.072,6.4964,0.2187,40.03
8.082,6.5064,0.2285,40.03
8.092,6.5164,0.2371,40.03
8.102,6.5264,0.2442,40.04
8.112,6.5364,0.2494,40.04
8.122,6.5464,0.2525,40.04
8.132,6.5564,0.2535,40.04
8.142,6.5664,0.2526,40.05
8.152,6.5764,0.2498,40.05
8.162,6.5864,0.2456,40.05
8.172,6.5964,0.2402,40.05
8.182,6.6064,0.234,40.06
8.192,6.6164,0.2275,40.06
8.202,6.6264,0.2208,40.06
8.212,6.6364,0.2146,40.06
8.222,6.6464,0.2091,40.06
8.232,6.6564,0.2048,40.07
8.242,6.6664,0.2023,40.07
8.252,6.6764,0.2021,40.07
8.262,6.6864,0.205,40.07
8.272,6.6964,0.2116,40.07
8.282,6.7064,0.2226,40.08
8.292,6.7164,0.2386,40.08
8.302,6.7264,0.2603,40.08
8.312,6.7364,0.2882,40.08
8.322,6.7464,0.3227,40.09
8.332,6.7564,0.3642,40.09
8.342,6.7664,0.4128,40.1
8.352,6.7764,0.4685,40.1
8.362,6.7864,0.5312,40.11
8.372,6.7964,0.6004,40.11
8.382,6.8064,0.6753,40.12
8.392,6.8164,0.7551,40.13
8.402,6.8264,0.8385,40.13
8.412,6.8364,0.924,40.14
8.422,6.8464,1.01,40.15
8.432,6.8564,1.094,40.16
8.442,6.8664,1.174,40.18
8.452,6.8764,1.249,40.19
8.462,6.8864,1.317,40.2
8.472,6.8964,1.375,40.22
8.482,6.9064,1.423,40.23
8.492,6.9164,1.459,40.24
8.502,6.9264,1.484,40.26
8.512,6.9364,1.498,40.27
8.522,6.9464,1.502,40.29
8.532,6.9564,1.497,40.3
8.542,6.9664,1.485,40.32
8.552,6.9764,1.47,40.33
8.562,6.9864,1.455,40.35
8.572,6.9964,1.443,40.36
8.582,7.0064,1.438,40.38
8.592,7.0164,1.441,40.39
8.602,7.0264,1.457,40.41
8.612,7.0364,1.486,40.42
8.622,7.0464,1.529,40.44
8.632,7.0564,1.586,40.45
8.642,7.0664,1.653,40.47
8.652,7.0764,1.73,40.49
8.662,7.0864,1.811,40.5
8.672,7.0964,1.893,40.52
8.682,7.1064,1.97,40.54
8.692,7.1164,2.038,40.56
8.702,7.1264,2.094,40.58
8.712,7.1364,2.135,40.61
8.722,7.1464,2.158,40.63
8.732,7.1564,2.164,40.65
8.742,7.1664,2.153,40.67
8.752,7.1764,2.128,40.69
8.762,7.1864,2.092,40.71
8.772,7.1964,2.048,40.73
8.782,7.2064,2.001,40.75
8.792,7.2164,1.954,40.77
8.802,7.2264,1.912,40.79
8.812,7.2364,1.876,40.81
8.822,7.2464,1.85,40.83
8.832,7.2564,1.836,40.85
8.842,7.2664,1.835,40.87
8.852,7.2764,1.848,40.88
8.862,7.2864,1.875,40.9
8.872,7.2964,1.916,40.92
8.882,7.3064,1.969,40.94
8.892,7.3164,2.035,40.96
8.902,7.3264,2.112,40.98
8.912,7.3364,2.197,41
8.922,7.3464,2.291,41.03
8.932,7.3564,2.39,41.05
8.942,7.3664,2.494,41.08
8.952,7.3764,2.599,41.1
8.962,7.3864,2.706,41.13
8.972,7.3964,2.81,41.16
8.982,7.4064,2.912,41.19
8.992,7.4164,3.008,41.22
9.002,7.4264,3.098,41.25
9.012,7.4364,3.18,41.28
9.022,7.4464,3.251,41.31
9.032,7.4564,3.312,41.35
9.042,7.4664,3.36,41.38
9.052,7.4764,3.397,41.41
9.062,7.4864,3.421,41.45
9.072,7.4964,3.432,41.48
9.082,7.5064,3.432,41.52
9.092,7.5164,3.419,41.55
9.102,7.5264,3.395,41.58
9.112,7.5364,3.36,41.62
9.122,7.5464,3.314,41.65
9.132,7.5564,3.259,41.68
9.142,7.5664,3.195,41.72
9.152,7.5764,3.124,41.75
9.162,7.5864,3.048,41.78
9.172,7.5964,2.969,41.81
9.182,7.6064,2.89,41.84
9.192,7.6164,2.812,41.86
9.202,7.6264,2.739,41.89
9.212,7.6364,2.671,41.92
9.222,7.6464,2.608,41.94
9.232,7.6564,2.552,41.97
9.242,7.6664,2.501,41.99
9.252,7.6764,2.455,42.02
9.262,7.6864,2.412,42.04
9.272,7.6964,2.37,42.07
9.282,7.7064,2.331,42.09
9.292,7.7164,2.293,42.11
9.302,7.7264,2.259,42.14
9.312,7.7364,2.229,42.16
9.322,7.7464,2.207,42.18
9.332,7.7564,2.196,42.2
9.342,7.7664,2.198,42.22
9.352,7.7764,2.217,42.25
9.362,7.7864,2.255,42.27
9.372,7.7964,2.315,42.29
9.382,7.8064,2.4,42.32
9.392,7.8164,2.509,42.34
9.402,7.8264,2.644,42.37
9.412,7.8364,2.806,42.4
9.422,7.8464,2.993,42.43
9.432,7.8564,3.204,42.46
9.442,7.8664,3.438,42.49
9.452,7.8764,3.691,42.53
9.462,7.8864,3.959,42.57
9.472,7.8964,4.239,42.61
9.482,7.9064,4.526,42.66
9.492,7.9164,4.815,42.7
9.502,7.9264,5.103,42.75
9.512,7.9364,5.387,42.81
9.522,7.9464,5.664,42.87
9.532,7.9564,5.933,42.92
9.542,7.9664,6.195,42.99
9.552,7.9764,6.448,43.05
9.562,7.9864,6.695,43.12
9.572,7.9964,6.935,43.19
9.582,8.0064,7.169,43.26
9.592,8.0164,7.395,43.33
9.602,8.0264,7.613,43.41
9.612,8.0364,7.821,43.49
9.622,8.0464,8.016,43.57
9.632,8.0564,8.197,43.65
9.642,8.0664,8.362,43.73
9.652,8.0764,8.508,43.82
9.662,8.0864,8.634,43.9
9.672,8.0964,8.739,43.99
9.682,8.1064,8.82,44.08
9.692,8.1164,8.875,44.17
9.702,8.1264,8.9,44.26
9.712,8.1364,8.892,44.35
9.722,8.1464,8.846,44.44
9.732,8.1564,8.758,44.52
9.742,8.1664,8.624,44.61
9.752,8.1764,8.442,44.69
9.762,8.1864,8.212,44.78
9.772,8.1964,7.935,44.85
9.782,8.2064,7.618,44.93
9.792,8.2164,7.268,45
9.802,8.2264,6.896,45.07
9.812,8.2364,6.515,45.14
9.822,8.2464,6.141,45.2
9.832,8.2564,5.789,45.26
9.842,8.2664,5.473,45.31
9.852,8.2764,5.206,45.36
9.862,8.2864,4.999,45.41
9.872,8.2964,4.859,45.46
9.882,8.3064,4.788,45.51
9.892,8.3164,4.785,45.56
9.902,8.3264,4.845,45.61
9.912,8.3364,4.958,45.66
9.922,8.3464,5.113,45.71
9.932,8.3564,5.296,45.76
9.942,8.3664,5.493,45.82
9.952,8.3764,5.691,45.87
9.962,8.3864,5.878,45.93
9.972,8.3964,6.044,45.99
9.982,8.4064,6.183,46.05
9.992,8.4164,6.291,46.12
10.002,8.4264,6.369,46.18
10.012,8.4364,6.419,46.24
10.022,8.4464,6.443,46.31
10.032,8.4564,6.446,46.37
10.042,8.4664,6.434,46.44
10.052,8.4764,6.409,46.5
10.062,8.4864,6.375,46.57
10.072,8.4964,6.333,46.63
10.082,8.5064,6.283,46.69
10.092,8.5164,6.222,46.75
10.102,8.5264,6.15,46.82
10.112,8.5364,6.064,46.88
10.122,8.5464,5.961,46.94
10.132,8.5564,5.839,46.99
10.142,8.5664,5.698,47.05
10.152,8.5764,5.536,47.11
10.162,8.5864,5.354,47.16
10.172,8.5964,5.152,47.21
10.182,8.6064,4.932,47.26
10.192,8.6164,4.694,47.31
10.202,8.6264,4.443,47.35
10.212,8.6364,4.179,47.39
10.222,8.6464,3.907,47.43
10.232,8.6564,3.631,47.47
10.242,8.6664,3.357,47.5
10.252,8.6764,3.089,47.53
10.262,8.6864,2.836,47.56
10.272,8.6964,2.603,47.59
10.282,8.7064,2.397,47.61
10.292,8.7164,2.223,47.63
10.302,8.7264,2.084,47.65
10.312,8.7364,1.983,47.67
10.322,8.7464,1.921,47.69
10.332,8.7564,1.895,47.71
10.342,8.7664,1.901,47.73
10.352,8.7764,1.936,47.75
10.362,8.7864,1.993,47.77
10.372,8.7964,2.065,47.79
10.382,8.8064,2.148,47.81
10.392,8.8164,2.235,47.84
10.402,8.8264,2.324,47.86
10.412,8.8364,2.411,47.88
10.422,8.8464,2.494,47.91
10.432,8.8564,2.572,47.93
10.442,8.8664,2.647,47.96
10.452,8.8764,2.718,47.99
10.462,8.8864,2.785,48.02
10.472,8.8964,2.849,48.04
10.482,8.9064,2.909,48.07
10.492,8.9164,2.965,48.1
10.502,8.9264,3.015,48.13
10.512,8.9364,3.057,48.16
10.522,8.9464,3.09,48.19
10.532,8.9564,3.113,48.23
10.542,8.9664,3.123,48.26
10.552,8.9764,3.121,48.29
10.562,8.9864,3.107,48.32
10.572,8.9964,3.082,48.35
10.582,9.0064,3.047,48.38
10.592,9.0164,3.006,48.41
10.602,9.0264,2.959,48.44
10.612,9.0364,2.91,48.47
10.622,9.0464,2.861,48.5
10.632,9.0564,2.813,48.53
10.642,9.0664,2.771,48.55
10.652,9.0764,2.736,48.58
10.662,9.0864,2.712,48.61
10.672,9.0964,2.704,48.63
10.682,9.1064,2.718,48.66
10.692,9.1164,2.76,48.69
10.702,9.1264,2.838,48.72
10.712,9.1364,2.959,48.75
10.722,9.1464,3.133,48.78
10.732,9.1564,3.365,48.81
10.742,9.1664,3.661,48.85
10.752,9.1764,4.024,48.89
10.762,9.1864,4.455,48.93
10.772,9.1964,4.949,48.98
10.782,9.2064,5.501,49.04
10.792,9.2164,6.1,49.1
10.802,9.2264,6.734,49.17
10.812,9.2364,7.386,49.24
10.822,9.2464,8.043,49.32
10.832,9.2564,8.686,49.41
10.842,9.2664,9.302,49.5
10.852,9.2764,9.876,49.6
10.862,9.2864,10.4,49.7
10.872,9.2964,10.86,49.81
10.882,9.3064,11.25,49.92
10.892,9.3164,11.58,50.04
10.902,9.3264,11.83,50.16
10.912,9.3364,12,50.28
10.922,9.3464,12.1,50.4
10.932,9.3564,12.13,50.52
10.942,9.3664,12.07,50.64
10.952,9.3764,11.95,50.76
10.962,9.3864,11.76,50.88
10.972,9.3964,11.51,50.99
10.982,9.4064,11.21,51.11
10.992,9.4164,10.87,51.21
11.002,9.4264,10.5,51.32
11.012,9.4364,10.13,51.42
11.022,9.4464,9.772,51.52
11.032,9.4564,9.437,51.61
11.042,9.4664,9.139,51.7
11.052,9.4764,8.889,51.79
11.062,9.4864,8.694,51.88
11.072,9.4964,8.555,51.97
11.082,9.5064,8.471,52.05
11.092,9.5164,8.439,52.14
11.102,9.5264,8.453,52.22
11.112,9.5364,8.503,52.3
11.122,9.5464,8.582,52.39
11.132,9.5564,8.68,52.48
11.142,9.5664,8.787,52.57
11.152,9.5764,8.894,52.65
11.162,9.5864,8.992,52.74
11.172,9.5964,9.072,52.83
11.182,9.6064,9.128,52.93
11.192,9.6164,9.153,53.02
11.202,9.6264,9.144,53.11
11.212,9.6364,9.1,53.2
11.222,9.6464,9.024,53.29
11.232,9.6564,8.922,53.38
11.242,9.6664,8.8,53.47
11.252,9.6764,8.669,53.55
11.262,9.6864,8.54,53.64
11.272,9.6964,8.425,53.72
11.282,9.7064,8.333,53.81
11.292,9.7164,8.271,53.89
11.302,9.7264,8.245,53.97
11.312,9.7364,8.254,54.05
11.322,9.7464,8.297,54.14
11.332,9.7564,8.365,54.22
11.342,9.7664,8.452,54.31
11.352,9.7764,8.548,54.39
11.362,9.7864,8.643,54.48
11.372,9.7964,8.728,54.57
11.382,9.8064,8.798,54.65
11.392,9.8164,8.848,54.74
11.402,9.8264,8.879,54.83
11.412,9.8364,8.894,54.92
11.422,9.8464,8.897,55.01
11.432,9.8564,8.895,55.1
11.442,9.8664,8.896,55.19
11.452,9.8764,8.905,55.28
11.462,9.8864,8.928,55.36
11.472,9.8964,8.968,55.45
11.482,9.9064,9.024,55.54
11.492,9.9164,9.094,55.64
11.502,9.9264,9.174,55.73
11.512,9.9364,9.254,55.82
11.522,9.9464,9.328,55.91
11.532,9.9564,9.387,56.01
11.542,9.9664,9.422,56.1
11.552,9.9764,9.426,56.2
11.562,9.9864,9.393,56.29
11.572,9.9964,9.321,56.38
11.582,10.0064,9.21,56.47
11.592,10.0164,9.063,56.57
11.602,10.0264,8.884,56.65
11.612,10.0364,8.682,56.74
11.622,10.0464,8.467,56.83
11.632,10.0564,8.25,56.91
11.642,10.0664,8.043,56.99
11.652,10.0764,7.857,57.07
11.662,10.0864,7.705,57.14
11.672,10.0964,7.594,57.22
11.682,10.1064,7.532,57.3
11.692,10.1164,7.522,57.37
11.702,10.1264,7.564,57.45
11.712,10.1364,7.657,57.52
11.722,10.1464,7.795,57.6
11.732,10.1564,7.969,57.68
11.742,10.1664,8.169,57.76
11.752,10.1764,8.384,57.85
11.762,10.1864,8.602,57.93
11.772,10.1964,8.812,58.02
11.782,10.2064,9.003,58.11
11.792,10.2164,9.165,58.2
11.802,10.2264,9.292,58.29
11.812,10.2364,9.376,58.39
11.822,10.2464,9.415,58.48
11.832,10.2564,9.407,58.58
11.842,10.2664,9.351,58.67
11.852,10.2764,9.248,58.76
11.862,10.2864,9.1,58.85
11.872,10.2964,8.911,58.94
11.882,10.3064,8.685,59.03
11.892,10.3164,8.426,59.11
11.902,10.3264,8.139,59.2
11.912,10.3364,7.832,59.27
11.922,10.3464,7.513,59.35
11.932,10.3564,7.19,59.42
11.942,10.3664,6.875,59.49
11.952,10.3764,6.577,59.56
11.962,10.3864,6.309,59.62
11.972,10.3964,6.082,59.68
11.982,10.4064,5.906,59.74
11.992,10.4164,5.789,59.8
12.002,10.4264,5.737,59.85
12.012,10.4364,5.752,59.91
12.022,10.4464,5.832,59.97
12.032,10.4564,5.973,60.03
12.042,10.4664,6.165,60.09
12.052,10.4764,6.398,60.15
12.062,10.4864,6.659,60.22
12.072,10.4964,6.936,60.29
12.082,10.5064,7.216,60.36
12.092,10.5164,7.488,60.44
12.102,10.5264,7.741,60.51
12.112,10.5364,7.968,60.59
12.122,10.5464,8.162,60.68
12.132,10.5564,8.32,60.76
12.142,10.5664,8.439,60.84
12.152,10.5764,8.516,60.93
12.162,10.5864,8.551,61.01
12.172,10.5964,8.545,61.1
12.182,10.6064,8.497,61.18
12.192,10.6164,8.409,61.27
12.202,10.6264,8.283,61.35
12.212,10.6364,8.123,61.43
12.222,10.6464,7.933,61.51
12.232,10.6564,7.718,61.59
12.242,10.6664,7.485,61.66
12.252,10.6764,7.24,61.74
12.262,10.6864,6.991,61.81
12.272,10.6964,6.744,61.87
12.282,10.7064,6.507,61.94
12.292,10.7164,6.285,62
12.302,10.7264,6.083,62.06
12.312,10.7364,5.904,62.12
12.322,10.7464,5.751,62.18
12.332,10.7564,5.627,62.24
12.342,10.7664,5.53,62.29
12.352,10.7764,5.463,62.35
12.362,10.7864,5.424,62.4
12.372,10.7964,5.411,62.45
12.382,10.8064,5.423,62.51
12.392,10.8164,5.455,62.56
12.402,10.8264,5.504,62.62
12.412,10.8364,5.564,62.67
12.422,10.8464,5.629,62.73
12.432,10.8564,5.694,62.79
12.442,10.8664,5.752,62.84
12.452,10.8764,5.798,62.9
12.462,10.8864,5.826,62.96
12.472,10.8964,5.834,63.02
12.482,10.9064,5.819,63.08
12.492,10.9164,5.781,63.13
12.502,10.9264,5.721,63.19
12.512,10.9364,5.642,63.25
12.522,10.9464,5.547,63.3
12.532,10.9564,5.442,63.36
12.542,10.9664,5.332,63.41
12.552,10.9764,5.223,63.46
12.562,10.9864,5.122,63.52
12.572,10.9964,5.037,63.57
12.582,11.0064,4.972,63.62
12.592,11.0164,4.936,63.66
12.602,11.0264,4.933,63.71
12.612,11.0364,4.968,63.76
12.622,11.0464,5.045,63.81
12.632,11.0564,5.166,63.87
12.642,11.0664,5.331,63.92
12.652,11.0764,5.538,63.97
12.662,11.0864,5.782,64.03
12.672,11.0964,6.06,64.09
12.682,11.1064,6.363,64.16
12.692,11.1164,6.686,64.22
12.702,11.1264,7.02,64.29
12.712,11.1364,7.36,64.37
12.722,11.1464,7.699,64.44
12.732,11.1564,8.032,64.52
12.742,11.1664,8.355,64.61
12.752,11.1764,8.664,64.69
12.762,11.1864,8.956,64.78
12.772,11.1964,9.226,64.88
12.782,11.2064,9.468,64.97
12.792,11.2164,9.678,65.07
12.802,11.2264,9.849,65.17
12.812,11.2364,9.975,65.27
12.822,11.2464,10.05,65.37
12.832,11.2564,10.07,65.47
12.842,11.2664,10.02,65.57
12.852,11.2764,9.915,65.67
12.862,11.2864,9.747,65.76
12.872,11.2964,9.519,65.86
12.882,11.3064,9.237,65.95
12.892,11.3164,8.907,66.04
12.902,11.3264,8.535,66.13
12.912,11.3364,8.128,66.21
12.922,11.3464,7.696,66.28
12.932,11.3564,7.245,66.36
12.942,11.3664,6.783,66.42
12.952,11.3764,6.319,66.49
12.962,11.3864,5.86,66.55
12.972,11.3964,5.413,66.6
12.982,11.4064,4.986,66.65
12.992,11.4164,4.585,66.7
13.002,11.4264,4.217,66.74
13.012,11.4364,3.886,66.78
13.022,11.4464,3.595,66.81
13.032,11.4564,3.347,66.85
13.042,11.4664,3.144,66.88
13.052,11.4764,2.984,66.91
13.062,11.4864,2.867,66.94
13.072,11.4964,2.79,66.96
13.082,11.5064,2.751,66.99
13.092,11.5164,2.748,67.02
13.102,11.5264,2.776,67.05
13.112,11.5364,2.834,67.08
13.122,11.5464,2.918,67.1
13.132,11.5564,3.026,67.13
13.142,11.5664,3.154,67.17
13.152,11.5764,3.299,67.2
13.162,11.5864,3.46,67.23
13.172,11.5964,3.632,67.27
13.182,11.6064,3.813,67.31
13.192,11.6164,4,67.35
13.202,11.6264,4.19,67.39
13.212,11.6364,4.381,67.43
13.222,11.6464,4.568,67.48
13.232,11.6564,4.749,67.53
13.242,11.6664,4.921,67.58
13.252,11.6764,5.079,67.63
13.262,11.6864,5.221,67.68
13.272,11.6964,5.342,67.73
13.282,11.7064,5.439,67.79
13.292,11.7164,5.509,67.84
13.302,11.7264,5.55,67.9
13.312,11.7364,5.561,67.95
13.322,11.7464,5.543,68.01
13.332,11.7564,5.496,68.06
13.342,11.7664,5.426,68.12
13.352,11.7764,5.335,68.17
13.362,11.7864,5.228,68.22
13.372,11.7964,5.112,68.27
13.382,11.8064,4.988,68.32
13.392,11.8164,4.862,68.37
13.402,11.8264,4.734,68.42
13.412,11.8364,4.605,68.47
13.422,11.8464,4.474,68.51
13.432,11.8564,4.339,68.56
13.442,11.8664,4.196,68.6
13.452,11.8764,4.044,68.64
13.462,11.8864,3.88,68.68
13.472,11.8964,3.704,68.71
13.482,11.9064,3.517,68.75
13.492,11.9164,3.32,68.78
13.502,11.9264,3.118,68.81
13.512,11.9364,2.914,68.84
13.522,11.9464,2.714,68.87
13.532,11.9564,2.522,68.89
13.542,11.9664,2.343,68.92
13.552,11.9764,2.18,68.94
13.562,11.9864,2.036,68.96
13.572,11.9964,1.91,68.98
13.582,12.0064,1.804,69
13.592,12.0164,1.716,69.01
13.602,12.0264,1.645,69.03
13.612,12.0364,1.588,69.05
13.622,12.0464,1.543,69.06
13.632,12.0564,1.51,69.08
13.642,12.0664,1.486,69.09
13.652,12.0764,1.47,69.11
13.662,12.0864,1.461,69.12
13.672,12.0964,1.459,69.14
13.682,12.1064,1.463,69.15
13.692,12.1164,1.473,69.17
13.702,12.1264,1.489,69.18
13.712,12.1364,1.51,69.2
13.722,12.1464,1.538,69.21
13.732,12.1564,1.571,69.23
13.742,12.1664,1.611,69.24
13.752,12.1764,1.658,69.26
13.762,12.1864,1.712,69.28
13.772,12.1964,1.774,69.29
13.782,12.2064,1.845,69.31
13.792,12.2164,1.924,69.33
13.802,12.2264,2.01,69.35
13.812,12.2364,2.102,69.37
13.822,12.2464,2.196,69.39
13.832,12.2564,2.288,69.42
13.842,12.2664,2.374,69.44
13.852,12.2764,2.449,69.47
13.862,12.2864,2.508,69.49
13.872,12.2964,2.544,69.52
13.882,12.3064,2.555,69.54
13.892,12.3164,2.536,69.57
13.902,12.3264,2.484,69.59
13.912,12.3364,2.4,69.62
13.922,12.3464,2.285,69.64
13.932,12.3564,2.142,69.66
13.942,12.3664,1.975,69.68
13.952,12.3764,1.791,69.7
13.962,12.3864,1.596,69.71
13.972,12.3964,1.397,69.73
13.982,12.4064,1.2,69.74
13.992,12.4164,1.012,69.75
14.002,12.4264,0.837,69.76
14.012,12.4364,0.6793,69.77
14.022,12.4464,0.5409,69.77
14.032,12.4564,0.4228,69.77
14.042,12.4664,0.3248,69.78
14.052,12.4764,0.246,69.78
14.062,12.4864,0.1848,69.78
14.072,12.4964,0.1393,69.78
14.082,12.5064,0.1077,69.78
14.092,12.5164,0.08802,69.79
14.102,12.5264,0.0788,69.79
14.112,12.5364,0.07874,69.79
14.122,12.5464,0.08685,69.79
14.132,12.5564,0.1024,69.79
14.142,12.5664,0.1247,69.79
14.152,12.5764,0.1533,69.79
14.162,12.5864,0.1874,69.79
14.172,12.5964,0.2262,69.8
14.182,12.6064,0.2687,69.8
14.192,12.6164,0.3134,69.8
14.202,12.6264,0.3588,69.81
14.212,12.6364,0.4031,69.81
14.222,12.6464,0.4442,69.81
14.232,12.6564,0.4803,69.82
14.242,12.6664,0.5095,69.82
14.252,12.6764,0.5303,69.83
14.262,12.6864,0.5417,69.83
14.272,12.6964,0.543,69.84
14.282,12.7064,0.5343,69.85
14.292,12.7164,0.5161,69.85
14.302,12.7264,0.4894,69.86
14.312,12.7364,0.4558,69.86
14.322,12.7464,0.4171,69.86
14.332,12.7564,0.3752,69.87
14.342,12.7664,0.3324,69.87
14.352,12.7764,0.2905,69.87
14.362,12.7864,0.2513,69.88
14.372,12.7964,0.2165,69.88
14.382,12.8064,0.1873,69.88
14.392,12.8164,0.1646,69.88
14.402,12.8264,0.1489,69.88
14.412,12.8364,0.1405,69.89
14.422,12.8464,0.1393,69.89
14.432,12.8564,0.145,69.89
14.442,12.8664,0.1568,69.89
14.452,12.8764,0.174,69.89
14.462,12.8864,0.1953,69.89
14.472,12.8964,0.2195,69.9
14.482,12.9064,0.245,69.9
14.492,12.9164,0.2704,69.9
14.502,12.9264,0.2939,69.9
14.512,12.9364,0.3142,69.91
14.522,12.9464,0.3299,69.91
14.532,12.9564,0.34,69.91
14.542,12.9664,0.3438,69.92
14.552,12.9764,0.3411,69.92
14.562,12.9864,0.3322,69.92
14.572,12.9964,0.3177,69.93
14.582,13.0064,0.2986,69.93
14.592,13.0164,0.2765,69.93
14.602,13.0264,0.2527,69.93
14.612,13.0364,0.229,69.94
14.622,13.0464,0.2067,69.94
14.632,13.0564,0.1872,69.94
14.642,13.0664,0.1716,69.94
14.652,13.0764,0.1605,69.94
14.662,13.0864,0.1542,69.95
14.672,13.0964,0.1525,69.95
14.682,13.1064,0.1548,69.95
14.692,13.1164,0.1605,69.95
14.702,13.1264,0.1683,69.95
14.712,13.1364,0.1771,69.95
14.722,13.1464,0.1855,69.96
14.732,13.1564,0.1926,69.96
14.742,13.1664,0.1971,69.96
14.752,13.1764,0.1985,69.96
14.762,13.1864,0.1963,69.96
14.772,13.1964,0.1903,69.97
14.782,13.2064,0.1808,69.97
14.792,13.2164,0.1684,69.97
14.802,13.2264,0.1537,69.97
14.812,13.2364,0.1376,69.97
14.822,13.2464,0.121,69.97
14.832,13.2564,0.1049,69.97
14.842,13.2664,0.08991,69.98
14.852,13.2764,0.0768,69.98
14.862,13.2864,0.06606,69.98
14.872,13.2964,0.05799,69.98
14.882,13.3064,0.05274,69.98
14.892,13.3164,0.05029,69.98
14.902,13.3264,0.05047,69.98
14.912,13.3364,0.05298,69.98
14.922,13.3464,0.05741,69.98
14.932,13.3564,0.06328,69.98
14.942,13.3664,0.07002,69.98
14.952,13.3764,0.07704,69.98
14.962,13.3864,0.08377,69.98
14.972,13.3964,0.08963,69.98
14.982,13.4064,0.09414,69.98
14.992,13.4164,0.09693,69.99
15.002,13.4264,0.09774,69.99
15.012,13.4364,0.09648,69.99
15.022,13.4464,0.09319,69.99
15.032,13.4564,0.08808,69.99
15.042,13.4664,0.08144,69.99
15.052,13.4764,0.07367,69.99
15.062,13.4864,0.06518,69.99
15.072,13.4964,0.05642,69.99
15.082,13.5064,0.04777,69.99
15.092,13.5164,0.03957,69.99
15.102,13.5264,0.03206,69.99
15.112,13.5364,0.02541,69.99
15.122,13.5464,0.0197,69.99
15.132,13.5564,0.01494,69.99
15.142,13.5664,0.01108,69.99
15.152,13.5764,0.008041,69.99
15.162,13.5864,0.005708,69.99
15.172,13.5964,0.003963,69.99
15.182,13.6064,0.002692,69.99
15.192,13.6164,0.001788,69.99
15.202,13.6264,0.001162,69.99
15.212,13.6364,0.0007388,69.99
15.222,13.6464,0.0004594,69.99
15.232,13.6564,0.0002795,69.99
15.242,13.6664,0.0001663,69.99
15.252,13.6764,9.682e-05,69.99
15.262,13.6864,5.518e-05,69.99
15.272,13.6964,3.084e-05,69.99
15.282,13.7064,1.702e-05,69.99
15.292,13.7164,9.51e-06,69.99
15.302,13.7264,5.83e-06,69.99
15.312,13.7364,4.661e-06,69.99
15.322,13.7464,5.521e-06,69.99
15.332,13.7564,8.613e-06,69.99
15.342,13.7664,1.483e-05,69.99
15.352,13.7764,2.593e-05,69.99
15.362,13.7864,4.477e-05,69.99
15.372,13.7964,7.584e-05,69.99
15.382,13.8064,0.0001258,69.99
15.392,13.8164,0.000204,69.99
15.402,13.8264,0.0003238,69.99
15.412,13.8364,0.0005026,69.99
15.422,13.8464,0.0007633,69.99
15.432,13.8564,0.001134,69.99
15.442,13.8664,0.001647,69.99
15.452,13.8764,0.002342,69.99
15.462,13.8864,0.003256,69.99
15.472,13.8964,0.004428,69.99
15.482,13.9064,0.005891,69.99
15.492,13.9164,0.007666,69.99
15.502,13.9264,0.009759,69.99
15.512,13.9364,0.01215,69.99
15.522,13.9464,0.0148,70
15.532,13.9564,0.01764,70
15.542,13.9664,0.02056,70
15.552,13.9764,0.02344,70
15.562,13.9864,0.02614,70
15.572,13.9964,0.02851,70
15.582,14.0064,0.03043,70
15.592,14.0164,0.03176,70
15.602,14.0264,0.03243,70
15.612,14.0364,0.03239,70
15.622,14.0464,0.03165,70
15.632,14.0564,0.03025,70
15.642,14.0664,0.02828,70
15.652,14.0764,0.02586,70
15.662,14.0864,0.02314,70
15.672,14.0964,0.02025,70
15.682,14.1064,0.01733,70
15.692,14.1164,0.01451,70
15.702,14.1264,0.01188,70
15.712,14.1364,0.009522,70
15.722,14.1464,0.007462,70
15.732,14.1564,0.005721,70
15.742,14.1664,0.00429,70
15.752,14.1764,0.003147,70
15.762,14.1864,0.002258,70
15.772,14.1964,0.001585,70
15.782,14.2064,0.001088,70
15.792,14.2164,0.0007309,70
15.802,14.2264,0.0004802,70
15.812,14.2364,0.0003086,70
15.822,14.2464,0.000194,70
15.832,14.2564,0.0001193,70
15.842,14.2664,7.175e-05,70
15.852,14.2764,4.222e-05,70
15.862,14.2864,2.43e-05,70
15.872,14.2964,1.368e-05,70
15.882,14.3064,7.534e-06,70
15.892,14.3164,4.059e-06,70
