# lindo2_mp-1222355 PDOS summed by element+orbital (QE projwfc.x). Columns are states/eV. VBM 12.131 eV. Gap is the fixed-occ nscf value (-0.028 eV), not a DOS threshold.
E_eV,E_minus_VBM_eV,Li_p,Li_s,Nd_d,Nd_f,Nd_p,Nd_s,O_p,O_s
-33.982,-46.1131,3.86e-05,0.0035924,8.844e-05,5.0824e-05,2.59264e-05,2.62068e-05,1.816e-05,1.3612e-06
-33.972,-46.1031,7.24e-05,0.00675108,0.0001668,9.6004e-05,4.8688e-05,4.9114e-05,3.42e-05,2.568e-06
-33.962,-46.0931,0.0001336,0.0124576,0.0003068,0.00017628,9.0068e-05,8.938e-05,6.292e-05,4.74e-06
-33.952,-46.0831,0.00024,0.0224248,0.0005524,0.000317068,0.000162288,0.000160244,0.00011392,8.564e-06
-33.942,-46.0731,0.000424,0.0395456,0.000974,0.00055672,0.00028604,0.00028064,0.0002008,1.5148e-05
-33.932,-46.0631,0.000728,0.0683224,0.001676,0.00096012,0.00049496,0.000479176,0.0003468,2.616e-05
-33.922,-46.0531,0.001224,0.114948,0.002828,0.00161772,0.00083172,0.00080536,0.000584,4.424e-05
-33.912,-46.0431,0.002016,0.189708,0.004664,0.00266268,0.00137532,0.00131684,0.0009668,7.308e-05
-33.902,-46.0331,0.003248,0.30628,0.007508,0.00427668,0.00221916,0.00211432,0.00156,0.0001186
-33.892,-46.0231,0.00512,0.482352,0.01188,0.006778,0.0035052,0.0033146,0.002472,0.00018748
-33.882,-46.0131,0.00788,0.747656,0.01832,0.0104496,0.005436,0.00507496,0.00382,0.0002904
-33.872,-46.0031,0.01192,1.12956,0.02772,0.0157356,0.0081948,0.0076128,0.005776,0.00044
-33.862,-45.9931,0.01756,1.66828,0.04092,0.0232408,0.0121296,0.011198,0.008548,0.0006528
-33.852,-45.9831,0.02536,2.41204,0.05908,0.0335308,0.0175252,0.0160732,0.012376,0.0009468
-33.842,-45.9731,0.0358,3.41316,0.0836,0.047212,0.0247864,0.0225604,0.01752,0.0013412
-33.832,-45.9631,0.0496,4.70392,0.1156,0.065372,0.03432,0.031022,0.02428,0.0018604
-33.822,-45.9531,0.0668,6.3926,0.1568,0.088372,0.046648,0.0415008,0.03288,0.002528
-33.812,-45.9431,0.0884,8.4836,0.2068,0.117024,0.06166,0.0547984,0.0436,0.003352
-33.802,-45.9331,0.1144,10.9768,0.268,0.151332,0.079912,0.070516,0.05656,0.004356
-33.792,-45.9231,0.1444,13.9124,0.3392,0.191288,0.101008,0.088656,0.0716,0.005516
-33.782,-45.9131,0.1788,17.25,0.4204,0.236896,0.125348,0.109212,0.0892,0.006892
-33.772,-45.9031,0.2164,20.91,0.51,0.286544,0.152116,0.131388,0.10812,0.008372
-33.762,-45.8931,0.2564,24.8112,0.6044,0.339824,0.180912,0.154772,0.12856,0.00994
-33.752,-45.8831,0.2968,28.7936,0.7008,0.393512,0.209712,0.17856,0.1492,0.011592
-33.742,-45.8731,0.3364,32.6552,0.7968,0.447992,0.238508,0.201148,0.1696,0.0132
-33.732,-45.8631,0.3728,36.276,0.8824,0.49644,0.264872,0.22212,0.1884,0.014664
-33.722,-45.8531,0.404,39.4144,0.96,0.53684,0.287588,0.239472,0.2048,0.01598
-33.712,-45.8431,0.428,41.8292,1.02,0.56916,0.30584,0.252788,0.218,0.017048
-33.702,-45.8331,0.444,43.4396,1.056,0.58936,0.3184,0.260872,0.2268,0.017784
-33.692,-45.8231,0.452,44.2452,1.076,0.60144,0.32368,0.263308,0.2308,0.018144
-33.682,-45.8131,0.448,44.2456,1.068,0.59744,0.32244,0.2601,0.23,0.01808
-33.672,-45.8031,0.436,43.0404,1.04,0.58128,0.31392,0.251244,0.224,0.017672
-33.662,-45.7931,0.416,41.0304,0.992,0.54904,0.29892,0.237548,0.2132,0.016856
-33.652,-45.7831,0.3852,38.0956,0.9236,0.51272,0.27864,0.219816,0.1988,0.015748
-33.642,-45.7731,0.35,34.7176,0.8412,0.46428,0.2539,0.198856,0.1816,0.014368
-33.632,-45.7631,0.3116,30.9372,0.7464,0.415832,0.22632,0.17588,0.1616,0.012848
-33.622,-45.7531,0.2712,26.9956,0.6516,0.361344,0.19752,0.152492,0.14124,0.011232
-33.612,-45.7431,0.2308,23.0136,0.5556,0.307656,0.168316,0.129104,0.12072,0.009624
-33.602,-45.7331,0.192,19.192,0.4636,0.256388,0.140732,0.10692,0.1008,0.008064
-33.592,-45.7231,0.1564,15.692,0.378,0.208752,0.114776,0.086752,0.08244,0.0066
-33.582,-45.7131,0.1248,12.514,0.3016,0.16636,0.09166,0.0686,0.06588,0.005284
-33.572,-45.7031,0.0972,9.778,0.2356,0.13002,0.071784,0.053272,0.05144,0.004132
-33.562,-45.6931,0.074,7.4844,0.18,0.098932,0.054752,0.0403596,0.03936,0.003164
-33.552,-45.6831,0.0552,5.59352,0.1344,0.0739,0.04096,0.0299892,0.02944,0.0023736
-33.542,-45.6731,0.0404,4.10464,0.098,0.054112,0.029972,0.0217972,0.02152,0.001742
-33.532,-45.6631,0.02884,2.92572,0.0702,0.0386064,0.0214536,0.0154612,0.01544,0.0012472
-33.522,-45.6531,0.02012,2.04848,0.04908,0.0269768,0.0150056,0.0107388,0.0108,0.0008784
-33.512,-45.6431,0.01376,1.4006,0.0336,0.018456,0.0103008,0.0073076,0.007416,0.0006032
-33.502,-45.6331,0.0092,0.9378,0.02248,0.012318,0.006894,0.0048456,0.00496,0.000404
-33.492,-45.6231,0.006,0.615808,0.01472,0.0080772,0.0045016,0.00315776,0.003252,0.00026552
-33.482,-45.6131,0.003844,0.394452,0.00944,0.0051696,0.00289552,0.00201112,0.002088,0.0001708
-33.472,-45.6031,0.002404,0.247148,0.005904,0.00323116,0.00181676,0.001252,0.0013072,0.00010728
-33.462,-45.5931,0.001472,0.151752,0.00362,0.00197916,0.0011152,0.00076336,0.0008028,6.604e-05
-33.452,-45.5831,0.00088,0.090976,0.002172,0.00118748,0.00066912,0.00045244,0.0004824,3.968e-05
-33.442,-45.5731,0.000516,0.0535392,0.001276,0.00069476,0.00039216,0.000264596,0.0002832,2.3372e-05
-33.432,-45.5631,0.0002956,0.0306756,0.0007288,0.000398284,0.000225468,0.000150692,0.0001628,1.3448e-05
-33.422,-45.5531,0.0001656,0.0172304,0.00041,0.000223384,0.000126524,8.404e-05,9.14e-05,7.588e-06
-33.412,-45.5431,9.08e-05,0.0094608,0.0002252,0.0001224,6.9748e-05,4.606e-05,5.028e-05,4.172e-06
-33.402,-45.5331,4.88e-05,0.00507296,0.0001208,6.5848e-05,3.7388e-05,2.44884e-05,2.704e-05,2.25e-06
-33.392,-45.5231,2.556e-05,0.0026774,6.348e-05,3.45404e-05,1.96672e-05,1.27708e-05,1.4232e-05,1.184e-06
-33.382,-45.5131,1.312e-05,0.001377,3.264e-05,1.77352e-05,1.01372e-05,6.5472e-06,7.312e-06,6.1e-07
-33.372,-45.5031,6.6e-06,0.00069256,1.64e-05,8.9284e-06,5.1092e-06,3.26188e-06,3.688e-06,3.086e-07
-33.362,-45.4931,3.236e-06,0.000341452,8.068e-06,4.3636e-06,2.506e-06,1.59272e-06,1.816e-06,1.5232e-07
-33.352,-45.4831,1.556e-06,0.000164288,3.884e-06,2.10896e-06,1.20836e-06,7.6404e-07,8.752e-07,7.356e-08
-33.342,-45.4731,7.32e-07,7.7316e-05,1.828e-06,9.8988e-07,5.6772e-07,3.56596e-07,4.12e-07,3.476e-08
-33.332,-45.4631,3.364e-07,3.56784e-05,8.436e-07,4.5656e-07,2.62352e-07,1.62952e-07,1.9e-07,1.6056e-08
-33.322,-45.4531,1.512e-07,1.6068e-05,3.792e-07,2.05258e-07,1.18e-07,7.3192e-08,8.584e-08,7.248e-09
-33.312,-45.4431,6.64e-08,7.088e-06,1.672e-07,9.0508e-08,5.2304e-08,3.19488e-08,3.784e-08,3.206e-09
-33.302,-45.4331,2.864e-08,3.06072e-06,7.2e-08,3.89524e-08,2.2504e-08,1.37104e-08,1.632e-08,1.3876e-09
-33.292,-45.4231,1.204e-08,1.2928e-06,3.036e-08,1.64056e-08,9.4884e-09,5.7436e-09,6.876e-09,5.864e-10
-33.282,-45.4131,4.96e-09,5.31644e-07,1.252e-08,6.7484e-09,3.9188e-09,2.35028e-09,2.848e-09,2.4296e-10
-33.272,-45.4031,2e-09,2.1548e-07,5.056e-09,2.72768e-09,1.58136e-09,9.4264e-10,1.148e-09,9.844e-11
-33.262,-45.3931,7.88e-10,8.4988e-08,1.996e-09,1.07496e-09,6.2444e-10,3.698e-10,4.544e-10,3.896e-11
-33.252,-45.3831,3.044e-10,3.29076e-08,7.719e-10,4.1624e-10,2.4166e-10,1.42024e-10,1.756e-10,1.5084e-11
-33.242,-45.3731,1.148e-10,1.24464e-08,2.908e-10,1.56804e-10,9.1232e-11,5.3416e-11,6.652e-11,5.704e-12
-33.232,-45.3631,4.24e-11,4.59208e-09,1.076e-10,5.7792e-11,3.3796e-11,1.95876e-11,2.456e-11,2.1208e-12
-33.222,-45.3531,1.528e-11,1.66364e-09,3.888e-11,2.09348e-11,1.22448e-11,7.0424e-12,8.88e-12,7.684e-13
-33.212,-45.3431,5.4e-12,5.8816e-10,1.376e-11,7.396e-12,4.3384e-12,2.4732e-12,3.148e-12,2.7268e-13
-33.202,-45.3331,8.56e-13,1.26048e-10,2.484e-12,1.31392e-12,8.7128e-13,2.5248e-13,6.58e-13,7.4452e-14
-33.192,-45.3231,0,0,0,0,0,0,0,0
-33.182,-45.3131,0,0,0,0,0,0,0,0
-33.172,-45.3031,0,0,0,0,0,0,0,0
-33.162,-45.2931,0,0,0,0,0,0,0,0
-33.152,-45.2831,0,0,0,0,0,0,0,0
-33.142,-45.2731,0,0,0,0,0,0,0,0
-33.132,-45.2631,0,0,0,0,0,0,0,0
-33.122,-45.2531,0,0,0,0,0,0,0,0
-33.112,-45.2431,0,0,0,0,0,0,0,0
-33.102,-45.2331,0,0,0,0,0,0,0,0
-33.092,-45.2231,0,0,0,0,0,0,0,0
-33.082,-45.2131,0,0,0,0,0,0,0,0
-33.072,-45.2031,0,0,0,0,0,0,0,0
-33.062,-45.1931,0,0,0,0,0,0,0,0
-33.052,-45.1831,0,0,0,0,0,0,0,0
-33.042,-45.1731,0,0,0,0,0,0,0,0
-33.032,-45.1631,0,0,0,0,0,0,0,0
-33.022,-45.1531,0,0,0,0,0,0,0,0
-33.012,-45.1431,0,0,0,0,0,0,0,0
-33.002,-45.1331,0,0,0,0,0,0,0,0
-32.992,-45.1231,0,0,0,0,0,0,0,0
-32.982,-45.1131,0,0,0,0,0,0,0,0
-32.972,-45.1031,0,0,0,0,0,0,0,0
-32.962,-45.0931,0,0,0,0,0,0,0,0
-32.952,-45.0831,0,0,0,0,0,0,0,0
-32.942,-45.0731,0,0,0,0,0,0,0,0
-32.932,-45.0631,0,0,0,0,0,0,0,0
-32.922,-45.0531,0,0,0,0,0,0,0,0
-32.912,-45.0431,0,0,0,0,0,0,0,0
-32.902,-45.0331,0,0,0,0,0,0,0,0
-32.892,-45.0231,0,0,0,0,0,0,0,0
-32.882,-45.0131,0,0,0,0,0,0,0,0
-32.872,-45.0031,0,0,0,0,0,0,0,0
-32.862,-44.9931,0,0,0,0,0,0,0,0
-32.852,-44.9831,0,0,0,0,0,0,0,0
-32.842,-44.9731,0,0,0,0,0,0,0,0
-32.832,-44.9631,0,0,0,0,0,0,0,0
-32.822,-44.9531,0,0,0,0,0,0,0,0
-32.812,-44.9431,0,0,0,0,0,0,0,0
-32.802,-44.9331,0,0,0,0,0,0,0,0
-32.792,-44.9231,0,0,0,0,0,0,0,0
-32.782,-44.9131,0,0,0,0,0,0,0,0
-32.772,-44.9031,0,0,0,0,0,0,0,0
-32.762,-44.8931,0,0,0,0,0,0,0,0
-32.752,-44.8831,0,0,0,0,0,0,0,0
-32.742,-44.8731,0,0,0,0,0,0,0,0
-32.732,-44.8631,0,0,0,0,0,0,0,0
-32.722,-44.8531,0,0,0,0,0,0,0,0
-32.712,-44.8431,0,0,0,0,0,0,0,0
-32.702,-44.8331,0,0,0,0,0,0,0,0
-32.692,-44.8231,0,0,0,0,0,0,0,0
-32.682,-44.8131,0,0,0,0,0,0,0,0
-32.672,-44.8031,0,0,0,0,0,0,0,0
-32.662,-44.7931,0,0,0,0,0,0,0,0
-32.652,-44.7831,0,0,0,0,0,0,0,0
-32.642,-44.7731,0,0,0,0,0,0,0,0
-32.632,-44.7631,0,0,0,0,0,0,0,0
-32.622,-44.7531,0,0,0,0,0,0,0,0
-32.612,-44.7431,0,0,0,0,0,0,0,0
-32.602,-44.7331,0,0,0,0,0,0,0,0
-32.592,-44.7231,0,0,0,0,0,0,0,0
-32.582,-44.7131,0,0,0,0,0,0,0,0
-32.572,-44.7031,0,0,0,0,0,0,0,0
-32.562,-44.6931,0,0,0,0,0,0,0,0
-32.552,-44.6831,0,0,0,0,0,0,0,0
-32.542,-44.6731,0,0,0,0,0,0,0,0
-32.532,-44.6631,0,0,0,0,0,0,0,0
-32.522,-44.6531,0,0,0,0,0,0,0,0
-32.512,-44.6431,0,0,0,0,0,0,0,0
-32.502,-44.6331,0,0,0,0,0,0,0,0
-32.492,-44.6231,0,0,0,0,0,0,0,0
-32.482,-44.6131,0,0,0,0,0,0,0,0
-32.472,-44.6031,0,0,0,0,0,0,0,0
-32.462,-44.5931,0,0,0,0,0,0,0,0
-32.452,-44.5831,0,0,0,0,0,0,0,0
-32.442,-44.5731,0,0,0,0,0,0,0,0
-32.432,-44.5631,0,0,0,0,0,0,0,0
-32.422,-44.5531,0,0,0,0,0,0,0,0
-32.412,-44.5431,0,0,0,0,0,0,0,0
-32.402,-44.5331,0,0,0,0,0,0,0,0
-32.392,-44.5231,0,0,0,0,0,0,0,0
-32.382,-44.5131,0,0,0,0,0,0,0,0
-32.372,-44.5031,0,0,0,0,0,0,0,0
-32.362,-44.4931,0,0,0,0,0,0,0,0
-32.352,-44.4831,0,0,0,0,0,0,0,0
-32.342,-44.4731,0,0,0,0,0,0,0,0
-32.332,-44.4631,0,0,0,0,0,0,0,0
-32.322,-44.4531,0,0,0,0,0,0,0,0
-32.312,-44.4431,0,0,0,0,0,0,0,0
-32.302,-44.4331,0,0,0,0,0,0,0,0
-32.292,-44.4231,0,0,0,0,0,0,0,0
-32.282,-44.4131,0,0,0,0,0,0,0,0
-32.272,-44.4031,0,0,0,0,0,0,0,0
-32.262,-44.3931,0,0,0,0,0,0,0,0
-32.252,-44.3831,0,0,0,0,0,0,0,0
-32.242,-44.3731,0,0,0,0,0,0,0,0
-32.232,-44.3631,0,0,0,0,0,0,0,0
-32.222,-44.3531,0,0,0,0,0,0,0,0
-32.212,-44.3431,0,0,0,0,0,0,0,0
-32.202,-44.3331,0,0,0,0,0,0,0,0
-32.192,-44.3231,0,0,0,0,0,0,0,0
-32.182,-44.3131,0,0,0,0,0,0,0,0
-32.172,-44.3031,0,0,0,0,0,0,0,0
-32.162,-44.2931,0,0,0,0,0,0,0,0
-32.152,-44.2831,0,0,0,0,0,0,0,0
-32.142,-44.2731,0,0,0,0,0,0,0,0
-32.132,-44.2631,0,0,0,0,0,0,0,0
-32.122,-44.2531,0,0,0,0,0,0,0,0
-32.112,-44.2431,0,0,0,0,0,0,0,0
-32.102,-44.2331,0,0,0,0,0,0,0,0
-32.092,-44.2231,0,0,0,0,0,0,0,0
-32.082,-44.2131,0,0,0,0,0,0,0,0
-32.072,-44.2031,0,0,0,0,0,0,0,0
-32.062,-44.1931,0,0,0,0,0,0,0,0
-32.052,-44.1831,0,0,0,0,0,0,0,0
-32.042,-44.1731,0,0,0,0,0,0,0,0
-32.032,-44.1631,0,0,0,0,0,0,0,0
-32.022,-44.1531,0,0,0,0,0,0,0,0
-32.012,-44.1431,0,0,0,0,0,0,0,0
-32.002,-44.1331,0,0,0,0,0,0,0,0
-31.992,-44.1231,0,0,0,0,0,0,0,0
-31.982,-44.1131,0,0,0,0,0,0,0,0
-31.972,-44.1031,0,0,0,0,0,0,0,0
-31.962,-44.0931,0,0,0,0,0,0,0,0
-31.952,-44.0831,0,0,0,0,0,0,0,0
-31.942,-44.0731,0,0,0,0,0,0,0,0
-31.932,-44.0631,0,0,0,0,0,0,0,0
-31.922,-44.0531,0,0,0,0,0,0,0,0
-31.912,-44.0431,0,0,0,0,0,0,0,0
-31.902,-44.0331,0,0,0,0,0,0,0,0
-31.892,-44.0231,0,0,0,0,0,0,0,0
-31.882,-44.0131,0,0,0,0,0,0,0,0
-31.872,-44.0031,0,0,0,0,0,0,0,0
-31.862,-43.9931,0,0,0,0,0,0,0,0
-31.852,-43.9831,0,0,0,0,0,0,0,0
-31.842,-43.9731,0,0,0,0,0,0,0,0
-31.832,-43.9631,0,0,0,0,0,0,0,0
-31.822,-43.9531,0,0,0,0,0,0,0,0
-31.812,-43.9431,0,0,0,0,0,0,0,0
-31.802,-43.9331,0,0,0,0,0,0,0,0
-31.792,-43.9231,0,0,0,0,0,0,0,0
-31.782,-43.9131,0,0,0,0,0,0,0,0
-31.772,-43.9031,0,0,0,0,0,0,0,0
-31.762,-43.8931,0,0,0,0,0,0,0,0
-31.752,-43.8831,0,0,0,0,0,0,0,0
-31.742,-43.8731,0,0,0,0,0,0,0,0
-31.732,-43.8631,0,0,0,0,0,0,0,0
-31.722,-43.8531,0,0,0,0,0,0,0,0
-31.712,-43.8431,0,0,0,0,0,0,0,0
-31.702,-43.8331,0,0,0,0,0,0,0,0
-31.692,-43.8231,0,0,0,0,0,0,0,0
-31.682,-43.8131,0,0,0,0,0,0,0,0
-31.672,-43.8031,0,0,0,0,0,0,0,0
-31.662,-43.7931,0,0,0,0,0,0,0,0
-31.652,-43.7831,0,0,0,0,0,0,0,0
-31.642,-43.7731,0,0,0,0,0,0,0,0
-31.632,-43.7631,0,0,0,0,0,0,0,0
-31.622,-43.7531,0,0,0,0,0,0,0,0
-31.612,-43.7431,0,0,0,0,0,0,0,0
-31.602,-43.7331,0,0,0,0,0,0,0,0
-31.592,-43.7231,0,0,0,0,0,0,0,0
-31.582,-43.7131,0,0,0,0,0,0,0,0
-31.572,-43.7031,0,0,0,0,0,0,0,0
-31.562,-43.6931,0,0,0,0,0,0,0,0
-31.552,-43.6831,0,0,0,0,0,0,0,0
-31.542,-43.6731,0,0,0,0,0,0,0,0
-31.532,-43.6631,0,0,0,0,0,0,0,0
-31.522,-43.6531,0,0,0,0,0,0,0,0
-31.512,-43.6431,0,0,0,0,0,0,0,0
-31.502,-43.6331,0,0,0,0,0,0,0,0
-31.492,-43.6231,0,0,0,0,0,0,0,0
-31.482,-43.6131,0,0,0,0,0,0,0,0
-31.472,-43.6031,0,0,0,0,0,0,0,0
-31.462,-43.5931,0,0,0,0,0,0,0,0
-31.452,-43.5831,0,0,0,0,0,0,0,0
-31.442,-43.5731,0,0,0,0,0,0,0,0
-31.432,-43.5631,0,0,0,0,0,0,0,0
-31.422,-43.5531,0,0,0,0,0,0,0,0
-31.412,-43.5431,0,0,0,0,0,0,0,0
-31.402,-43.5331,0,0,0,0,0,0,0,0
-31.392,-43.5231,0,0,0,0,0,0,0,0
-31.382,-43.5131,0,0,0,0,0,0,0,0
-31.372,-43.5031,0,0,0,0,0,0,0,0
-31.362,-43.4931,0,0,0,0,0,0,0,0
-31.352,-43.4831,0,0,0,0,0,0,0,0
-31.342,-43.4731,0,0,0,0,0,0,0,0
-31.332,-43.4631,0,0,0,0,0,0,0,0
-31.322,-43.4531,0,0,0,0,0,0,0,0
-31.312,-43.4431,0,0,0,0,0,0,0,0
-31.302,-43.4331,0,0,0,0,0,0,0,0
-31.292,-43.4231,0,0,0,0,0,0,0,0
-31.282,-43.4131,0,0,0,0,0,0,0,0
-31.272,-43.4031,0,0,0,0,0,0,0,0
-31.262,-43.3931,0,0,0,0,0,0,0,0
-31.252,-43.3831,0,0,0,0,0,0,0,0
-31.242,-43.3731,0,0,0,0,0,0,0,0
-31.232,-43.3631,0,0,0,0,0,0,0,0
-31.222,-43.3531,0,0,0,0,0,0,0,0
-31.212,-43.3431,0,0,0,0,0,0,0,0
-31.202,-43.3331,0,0,0,0,0,0,0,0
-31.192,-43.3231,0,0,0,0,0,0,0,0
-31.182,-43.3131,0,0,0,0,0,0,0,0
-31.172,-43.3031,0,0,0,0,0,0,0,0
-31.162,-43.2931,0,0,0,0,0,0,0,0
-31.152,-43.2831,0,0,0,0,0,0,0,0
-31.142,-43.2731,0,0,0,0,0,0,0,0
-31.132,-43.2631,0,0,0,0,0,0,0,0
-31.122,-43.2531,0,0,0,0,0,0,0,0
-31.112,-43.2431,0,0,0,0,0,0,0,0
-31.102,-43.2331,0,0,0,0,0,0,0,0
-31.092,-43.2231,0,0,0,0,0,0,0,0
-31.082,-43.2131,0,0,0,0,0,0,0,0
-31.072,-43.2031,0,0,0,0,0,0,0,0
-31.062,-43.1931,0,0,0,0,0,0,0,0
-31.052,-43.1831,0,0,0,0,0,0,0,0
-31.042,-43.1731,0,0,0,0,0,0,0,0
-31.032,-43.1631,0,0,0,0,0,0,0,0
-31.022,-43.1531,0,0,0,0,0,0,0,0
-31.012,-43.1431,0,0,0,0,0,0,0,0
-31.002,-43.1331,0,0,0,0,0,0,0,0
-30.992,-43.1231,0,0,0,0,0,0,0,0
-30.982,-43.1131,0,0,0,0,0,0,0,0
-30.972,-43.1031,0,0,0,0,0,0,0,0
-30.962,-43.0931,0,0,0,0,0,0,0,0
-30.952,-43.0831,0,0,0,0,0,0,0,0
-30.942,-43.0731,0,0,0,0,0,0,0,0
-30.932,-43.0631,0,0,0,0,0,0,0,0
-30.922,-43.0531,0,0,0,0,0,0,0,0
-30.912,-43.0431,0,0,0,0,0,0,0,0
-30.902,-43.0331,0,0,0,0,0,0,0,0
-30.892,-43.0231,0,0,0,0,0,0,0,0
-30.882,-43.0131,0,0,0,0,0,0,0,0
-30.872,-43.0031,0,0,0,0,0,0,0,0
-30.862,-42.9931,0,0,0,0,0,0,0,0
-30.852,-42.9831,0,0,0,0,0,0,0,0
-30.842,-42.9731,0,0,0,0,0,0,0,0
-30.832,-42.9631,0,0,0,0,0,0,0,0
-30.822,-42.9531,0,0,0,0,0,0,0,0
-30.812,-42.9431,0,0,0,0,0,0,0,0
-30.802,-42.9331,0,0,0,0,0,0,0,0
-30.792,-42.9231,0,0,0,0,0,0,0,0
-30.782,-42.9131,0,0,0,0,0,0,0,0
-30.772,-42.9031,0,0,0,0,0,0,0,0
-30.762,-42.8931,0,0,0,0,0,0,0,0
-30.752,-42.8831,0,0,0,0,0,0,0,0
-30.742,-42.8731,0,0,0,0,0,0,0,0
-30.732,-42.8631,0,0,0,0,0,0,0,0
-30.722,-42.8531,0,0,0,0,0,0,0,0
-30.712,-42.8431,0,0,0,0,0,0,0,0
-30.702,-42.8331,0,0,0,0,0,0,0,0
-30.692,-42.8231,0,0,0,0,0,0,0,0
-30.682,-42.8131,0,0,0,0,0,0,0,0
-30.672,-42.8031,0,0,0,0,0,0,0,0
-30.662,-42.7931,0,0,0,0,0,0,0,0
-30.652,-42.7831,0,0,0,0,0,0,0,0
-30.642,-42.7731,0,0,0,0,0,0,0,0
-30.632,-42.7631,0,0,0,0,0,0,0,0
-30.622,-42.7531,0,0,0,0,0,0,0,0
-30.612,-42.7431,0,0,0,0,0,0,0,0
-30.602,-42.7331,0,0,0,0,0,0,0,0
-30.592,-42.7231,0,0,0,0,0,0,0,0
-30.582,-42.7131,0,0,0,0,0,0,0,0
-30.572,-42.7031,0,0,0,0,0,0,0,0
-30.562,-42.6931,0,0,0,0,0,0,0,0
-30.552,-42.6831,0,0,0,0,0,0,0,0
-30.542,-42.6731,0,0,0,0,0,0,0,0
-30.532,-42.6631,0,0,0,0,0,0,0,0
-30.522,-42.6531,0,0,0,0,0,0,0,0
-30.512,-42.6431,0,0,0,0,0,0,0,0
-30.502,-42.6331,0,0,0,0,0,0,0,0
-30.492,-42.6231,0,0,0,0,0,0,0,0
-30.482,-42.6131,0,0,0,0,0,0,0,0
-30.472,-42.6031,0,0,0,0,0,0,0,0
-30.462,-42.5931,0,0,0,0,0,0,0,0
-30.452,-42.5831,0,0,0,0,0,0,0,0
-30.442,-42.5731,0,0,0,0,0,0,0,0
-30.432,-42.5631,0,0,0,0,0,0,0,0
-30.422,-42.5531,0,0,0,0,0,0,0,0
-30.412,-42.5431,0,0,0,0,0,0,0,0
-30.402,-42.5331,0,0,0,0,0,0,0,0
-30.392,-42.5231,0,0,0,0,0,0,0,0
-30.382,-42.5131,0,0,0,0,0,0,0,0
-30.372,-42.5031,0,0,0,0,0,0,0,0
-30.362,-42.4931,0,0,0,0,0,0,0,0
-30.352,-42.4831,0,0,0,0,0,0,0,0
-30.342,-42.4731,0,0,0,0,0,0,0,0
-30.332,-42.4631,0,0,0,0,0,0,0,0
-30.322,-42.4531,0,0,0,0,0,0,0,0
-30.312,-42.4431,0,0,0,0,0,0,0,0
-30.302,-42.4331,0,0,0,0,0,0,0,0
-30.292,-42.4231,0,0,0,0,0,0,0,0
-30.282,-42.4131,0,0,0,0,0,0,0,0
-30.272,-42.4031,0,0,0,0,0,0,0,0
-30.262,-42.3931,0,0,0,0,0,0,0,0
-30.252,-42.3831,0,0,0,0,0,0,0,0
-30.242,-42.3731,0,0,0,0,0,0,0,0
-30.232,-42.3631,0,0,0,0,0,0,0,0
-30.222,-42.3531,0,0,0,0,0,0,0,0
-30.212,-42.3431,0,0,0,0,0,0,0,0
-30.202,-42.3331,0,0,0,0,0,0,0,0
-30.192,-42.3231,0,0,0,0,0,0,0,0
-30.182,-42.3131,0,0,0,0,0,0,0,0
-30.172,-42.3031,0,0,0,0,0,0,0,0
-30.162,-42.2931,0,0,0,0,0,0,0,0
-30.152,-42.2831,0,0,0,0,0,0,0,0
-30.142,-42.2731,0,0,0,0,0,0,0,0
-30.132,-42.2631,0,0,0,0,0,0,0,0
-30.122,-42.2531,0,0,0,0,0,0,0,0
-30.112,-42.2431,0,0,0,0,0,0,0,0
-30.102,-42.2331,0,0,0,0,0,0,0,0
-30.092,-42.2231,0,0,0,0,0,0,0,0
-30.082,-42.2131,0,0,0,0,0,0,0,0
-30.072,-42.2031,0,0,0,0,0,0,0,0
-30.062,-42.1931,0,0,0,0,0,0,0,0
-30.052,-42.1831,0,0,0,0,0,0,0,0
-30.042,-42.1731,0,0,0,0,0,0,0,0
-30.032,-42.1631,0,0,0,0,0,0,0,0
-30.022,-42.1531,0,0,0,0,0,0,0,0
-30.012,-42.1431,0,0,0,0,0,0,0,0
-30.002,-42.1331,0,0,0,0,0,0,0,0
-29.992,-42.1231,0,0,0,0,0,0,0,0
-29.982,-42.1131,0,0,0,0,0,0,0,0
-29.972,-42.1031,0,0,0,0,0,0,0,0
-29.962,-42.0931,0,0,0,0,0,0,0,0
-29.952,-42.0831,0,0,0,0,0,0,0,0
-29.942,-42.0731,0,0,0,0,0,0,0,0
-29.932,-42.0631,0,0,0,0,0,0,0,0
-29.922,-42.0531,0,0,0,0,0,0,0,0
-29.912,-42.0431,0,0,0,0,0,0,0,0
-29.902,-42.0331,0,0,0,0,0,0,0,0
-29.892,-42.0231,0,0,0,0,0,0,0,0
-29.882,-42.0131,0,0,0,0,0,0,0,0
-29.872,-42.0031,0,0,0,0,0,0,0,0
-29.862,-41.9931,0,0,0,0,0,0,0,0
-29.852,-41.9831,0,0,0,0,0,0,0,0
-29.842,-41.9731,0,0,0,0,0,0,0,0
-29.832,-41.9631,0,0,0,0,0,0,0,0
-29.822,-41.9531,0,0,0,0,0,0,0,0
-29.812,-41.9431,0,0,0,0,0,0,0,0
-29.802,-41.9331,0,0,0,0,0,0,0,0
-29.792,-41.9231,0,0,0,0,0,0,0,0
-29.782,-41.9131,0,0,0,0,0,0,0,0
-29.772,-41.9031,0,0,0,0,0,0,0,0
-29.762,-41.8931,0,0,0,0,0,0,0,0
-29.752,-41.8831,0,0,0,0,0,0,0,0
-29.742,-41.8731,0,0,0,0,0,0,0,0
-29.732,-41.8631,0,0,0,0,0,0,0,0
-29.722,-41.8531,0,0,0,0,0,0,0,0
-29.712,-41.8431,0,0,0,0,0,0,0,0
-29.702,-41.8331,0,0,0,0,0,0,0,0
-29.692,-41.8231,0,0,0,0,0,0,0,0
-29.682,-41.8131,0,0,0,0,0,0,0,0
-29.672,-41.8031,0,0,0,0,0,0,0,0
-29.662,-41.7931,0,0,0,0,0,0,0,0
-29.652,-41.7831,0,0,0,0,0,0,0,0
-29.642,-41.7731,0,0,0,0,0,0,0,0
-29.632,-41.7631,0,0,0,0,0,0,0,0
-29.622,-41.7531,0,0,0,0,0,0,0,0
-29.612,-41.7431,0,0,0,0,0,0,0,0
-29.602,-41.7331,0,0,0,0,0,0,0,0
-29.592,-41.7231,0,0,0,0,0,0,0,0
-29.582,-41.7131,0,0,0,0,0,0,0,0
-29.572,-41.7031,0,0,0,0,0,0,0,0
-29.562,-41.6931,0,0,0,0,0,0,0,0
-29.552,-41.6831,0,0,0,0,0,0,0,0
-29.542,-41.6731,0,0,0,0,0,0,0,0
-29.532,-41.6631,0,0,0,0,0,0,0,0
-29.522,-41.6531,0,0,0,0,0,0,0,0
-29.512,-41.6431,0,0,0,0,0,0,0,0
-29.502,-41.6331,0,0,0,0,0,0,0,0
-29.492,-41.6231,0,0,0,0,0,0,0,0
-29.482,-41.6131,0,0,0,0,0,0,0,0
-29.472,-41.6031,0,0,0,0,0,0,0,0
-29.462,-41.5931,0,0,0,0,0,0,0,0
-29.452,-41.5831,0,0,0,0,0,0,0,0
-29.442,-41.5731,0,0,0,0,0,0,0,0
-29.432,-41.5631,0,0,0,0,0,0,0,0
-29.422,-41.5531,0,0,0,0,0,0,0,0
-29.412,-41.5431,0,0,0,0,0,0,0,0
-29.402,-41.5331,0,0,0,0,0,0,0,0
-29.392,-41.5231,0,0,0,0,0,0,0,0
-29.382,-41.5131,0,0,0,0,0,0,0,0
-29.372,-41.5031,0,0,0,0,0,0,0,0
-29.362,-41.4931,0,0,0,0,0,0,0,0
-29.352,-41.4831,0,0,0,0,0,0,0,0
-29.342,-41.4731,0,0,0,0,0,0,0,0
-29.332,-41.4631,0,0,0,0,0,0,0,0
-29.322,-41.4531,0,0,0,0,0,0,0,0
-29.312,-41.4431,0,0,0,0,0,0,0,0
-29.302,-41.4331,0,0,0,0,0,0,0,0
-29.292,-41.4231,0,0,0,0,0,0,0,0
-29.282,-41.4131,0,0,0,0,0,0,0,0
-29.272,-41.4031,0,0,0,0,0,0,0,0
-29.262,-41.3931,0,0,0,0,0,0,0,0
-29.252,-41.3831,0,0,0,0,0,0,0,0
-29.242,-41.3731,0,0,0,0,0,0,0,0
-29.232,-41.3631,0,0,0,0,0,0,0,0
-29.222,-41.3531,0,0,0,0,0,0,0,0
-29.212,-41.3431,0,0,0,0,0,0,0,0
-29.202,-41.3331,0,0,0,0,0,0,0,0
-29.192,-41.3231,0,0,0,0,0,0,0,0
-29.182,-41.3131,0,0,0,0,0,0,0,0
-29.172,-41.3031,0,0,0,0,0,0,0,0
-29.162,-41.2931,0,0,0,0,0,0,0,0
-29.152,-41.2831,0,0,0,0,0,0,0,0
-29.142,-41.2731,0,0,0,0,0,0,0,0
-29.132,-41.2631,0,0,0,0,0,0,0,0
-29.122,-41.2531,0,0,0,0,0,0,0,0
-29.112,-41.2431,0,0,0,0,0,0,0,0
-29.102,-41.2331,0,0,0,0,0,0,0,0
-29.092,-41.2231,0,0,0,0,0,0,0,0
-29.082,-41.2131,0,0,0,0,0,0,0,0
-29.072,-41.2031,0,0,0,0,0,0,0,0
-29.062,-41.1931,0,0,0,0,0,0,0,0
-29.052,-41.1831,0,0,0,0,0,0,0,0
-29.042,-41.1731,0,0,0,0,0,0,0,0
-29.032,-41.1631,0,0,0,0,0,0,0,0
-29.022,-41.1531,0,0,0,0,0,0,0,0
-29.012,-41.1431,0,0,0,0,0,0,0,0
-29.002,-41.1331,0,0,0,0,0,0,0,0
-28.992,-41.1231,0,0,0,0,0,0,0,0
-28.982,-41.1131,0,0,0,0,0,0,0,0
-28.972,-41.1031,0,0,0,0,0,0,0,0
-28.962,-41.0931,0,0,0,0,0,0,0,0
-28.952,-41.0831,0,0,0,0,0,0,0,0
-28.942,-41.0731,0,0,0,0,0,0,0,0
-28.932,-41.0631,0,0,0,0,0,0,0,0
-28.922,-41.0531,0,0,0,0,0,0,0,0
-28.912,-41.0431,0,0,0,0,0,0,0,0
-28.902,-41.0331,0,0,0,0,0,0,0,0
-28.892,-41.0231,0,0,0,0,0,0,0,0
-28.882,-41.0131,0,0,0,0,0,0,0,0
-28.872,-41.0031,0,0,0,0,0,0,0,0
-28.862,-40.9931,0,0,0,0,0,0,0,0
-28.852,-40.9831,0,0,0,0,0,0,0,0
-28.842,-40.9731,0,0,0,0,0,0,0,0
-28.832,-40.9631,0,0,0,0,0,0,0,0
-28.822,-40.9531,0,0,0,0,0,0,0,0
-28.812,-40.9431,0,0,0,0,0,0,0,0
-28.802,-40.9331,0,0,0,0,0,0,0,0
-28.792,-40.9231,0,0,0,0,0,0,0,0
-28.782,-40.9131,0,0,0,0,0,0,0,0
-28.772,-40.9031,0,0,0,0,0,0,0,0
-28.762,-40.8931,0,0,0,0,0,0,0,0
-28.752,-40.8831,0,0,0,0,0,0,0,0
-28.742,-40.8731,0,0,0,0,0,0,0,0
-28.732,-40.8631,0,0,0,0,0,0,0,0
-28.722,-40.8531,0,0,0,0,0,0,0,0
-28.712,-40.8431,0,0,0,0,0,0,0,0
-28.702,-40.8331,0,0,0,0,0,0,0,0
-28.692,-40.8231,0,0,0,0,0,0,0,0
-28.682,-40.8131,0,0,0,0,0,0,0,0
-28.672,-40.8031,0,0,0,0,0,0,0,0
-28.662,-40.7931,0,0,0,0,0,0,0,0
-28.652,-40.7831,0,0,0,0,0,0,0,0
-28.642,-40.7731,0,0,0,0,0,0,0,0
-28.632,-40.7631,0,0,0,0,0,0,0,0
-28.622,-40.7531,0,0,0,0,0,0,0,0
-28.612,-40.7431,0,0,0,0,0,0,0,0
-28.602,-40.7331,0,0,0,0,0,0,0,0
-28.592,-40.7231,0,0,0,0,0,0,0,0
-28.582,-40.7131,0,0,0,0,0,0,0,0
-28.572,-40.7031,0,0,0,0,0,0,0,0
-28.562,-40.6931,0,0,0,0,0,0,0,0
-28.552,-40.6831,0,0,0,0,0,0,0,0
-28.542,-40.6731,0,0,0,0,0,0,0,0
-28.532,-40.6631,0,0,0,0,0,0,0,0
-28.522,-40.6531,0,0,0,0,0,0,0,0
-28.512,-40.6431,0,0,0,0,0,0,0,0
-28.502,-40.6331,0,0,0,0,0,0,0,0
-28.492,-40.6231,0,0,0,0,0,0,0,0
-28.482,-40.6131,0,0,0,0,0,0,0,0
-28.472,-40.6031,0,0,0,0,0,0,0,0
-28.462,-40.5931,0,0,0,0,0,0,0,0
-28.452,-40.5831,0,0,0,0,0,0,0,0
-28.442,-40.5731,0,0,0,0,0,0,0,0
-28.432,-40.5631,0,0,0,0,0,0,0,0
-28.422,-40.5531,0,0,0,0,0,0,0,0
-28.412,-40.5431,0,0,0,0,0,0,0,0
-28.402,-40.5331,0,0,0,0,0,0,0,0
-28.392,-40.5231,0,0,0,0,0,0,0,0
-28.382,-40.5131,0,0,0,0,0,0,0,0
-28.372,-40.5031,0,0,0,0,0,0,0,0
-28.362,-40.4931,0,0,0,0,0,0,0,0
-28.352,-40.4831,0,0,0,0,0,0,0,0
-28.342,-40.4731,0,0,0,0,0,0,0,0
-28.332,-40.4631,0,0,0,0,0,0,0,0
-28.322,-40.4531,0,0,0,0,0,0,0,0
-28.312,-40.4431,0,0,0,0,0,0,0,0
-28.302,-40.4331,0,0,0,0,0,0,0,0
-28.292,-40.4231,0,0,0,0,0,0,0,0
-28.282,-40.4131,0,0,0,0,0,0,0,0
-28.272,-40.4031,0,0,0,0,0,0,0,0
-28.262,-40.3931,0,0,0,0,0,0,0,0
-28.252,-40.3831,0,0,0,0,0,0,0,0
-28.242,-40.3731,0,0,0,0,0,0,0,0
-28.232,-40.3631,0,0,0,0,0,0,0,0
-28.222,-40.3531,0,0,0,0,0,0,0,0
-28.212,-40.3431,0,0,0,0,0,0,0,0
-28.202,-40.3331,0,0,0,0,0,0,0,0
-28.192,-40.3231,0,0,0,0,0,0,0,0
-28.182,-40.3131,0,0,0,0,0,0,0,0
-28.172,-40.3031,0,0,0,0,0,0,0,0
-28.162,-40.2931,0,0,0,0,0,0,0,0
-28.152,-40.2831,0,0,0,0,0,0,0,0
-28.142,-40.2731,0,0,0,0,0,0,0,0
-28.132,-40.2631,0,0,0,0,0,0,0,0
-28.122,-40.2531,0,0,0,0,0,0,0,0
-28.112,-40.2431,0,0,0,0,0,0,0,0
-28.102,-40.2331,0,0,0,0,0,0,0,0
-28.092,-40.2231,0,0,0,0,0,0,0,0
-28.082,-40.2131,0,0,0,0,0,0,0,0
-28.072,-40.2031,0,0,0,0,0,0,0,0
-28.062,-40.1931,0,0,0,0,0,0,0,0
-28.052,-40.1831,0,0,0,0,0,0,0,0
-28.042,-40.1731,0,0,0,0,0,0,0,0
-28.032,-40.1631,0,0,0,0,0,0,0,0
-28.022,-40.1531,0,0,0,0,0,0,0,0
-28.012,-40.1431,0,0,0,0,0,0,0,0
-28.002,-40.1331,0,0,0,0,0,0,0,0
-27.992,-40.1231,0,0,0,0,0,0,0,0
-27.982,-40.1131,0,0,0,0,0,0,0,0
-27.972,-40.1031,0,0,0,0,0,0,0,0
-27.962,-40.0931,0,0,0,0,0,0,0,0
-27.952,-40.0831,0,0,0,0,0,0,0,0
-27.942,-40.0731,0,0,0,0,0,0,0,0
-27.932,-40.0631,0,0,0,0,0,0,0,0
-27.922,-40.0531,0,0,0,0,0,0,0,0
-27.912,-40.0431,0,0,0,0,0,0,0,0
-27.902,-40.0331,0,0,0,0,0,0,0,0
-27.892,-40.0231,0,0,0,0,0,0,0,0
-27.882,-40.0131,0,0,0,0,0,0,0,0
-27.872,-40.0031,0,0,0,0,0,0,0,0
-27.862,-39.9931,0,0,0,0,0,0,0,0
-27.852,-39.9831,0,0,0,0,0,0,0,0
-27.842,-39.9731,0,0,0,0,0,0,0,0
-27.832,-39.9631,0,0,0,0,0,0,0,0
-27.822,-39.9531,0,0,0,0,0,0,0,0
-27.812,-39.9431,0,0,0,0,0,0,0,0
-27.802,-39.9331,0,0,0,0,0,0,0,0
-27.792,-39.9231,0,0,0,0,0,0,0,0
-27.782,-39.9131,0,0,0,0,0,0,0,0
-27.772,-39.9031,0,0,0,0,0,0,0,0
-27.762,-39.8931,0,0,0,0,0,0,0,0
-27.752,-39.8831,0,0,0,0,0,0,0,0
-27.742,-39.8731,0,0,0,0,0,0,0,0
-27.732,-39.8631,0,0,0,0,0,0,0,0
-27.722,-39.8531,0,0,0,0,0,0,0,0
-27.712,-39.8431,0,0,0,0,0,0,0,0
-27.702,-39.8331,0,0,0,0,0,0,0,0
-27.692,-39.8231,0,0,0,0,0,0,0,0
-27.682,-39.8131,0,0,0,0,0,0,0,0
-27.672,-39.8031,0,0,0,0,0,0,0,0
-27.662,-39.7931,0,0,0,0,0,0,0,0
-27.652,-39.7831,0,0,0,0,0,0,0,0
-27.642,-39.7731,0,0,0,0,0,0,0,0
-27.632,-39.7631,0,0,0,0,0,0,0,0
-27.622,-39.7531,0,0,0,0,0,0,0,0
-27.612,-39.7431,0,0,0,0,0,0,0,0
-27.602,-39.7331,0,0,0,0,0,0,0,0
-27.592,-39.7231,0,0,0,0,0,0,0,0
-27.582,-39.7131,0,0,0,0,0,0,0,0
-27.572,-39.7031,0,0,0,0,0,0,0,0
-27.562,-39.6931,0,0,0,0,0,0,0,0
-27.552,-39.6831,0,0,0,0,0,0,0,0
-27.542,-39.6731,0,0,0,0,0,0,0,0
-27.532,-39.6631,0,0,0,0,0,0,0,0
-27.522,-39.6531,0,0,0,0,0,0,0,0
-27.512,-39.6431,0,0,0,0,0,0,0,0
-27.502,-39.6331,0,0,0,0,0,0,0,0
-27.492,-39.6231,0,0,0,0,0,0,0,0
-27.482,-39.6131,0,0,0,0,0,0,0,0
-27.472,-39.6031,0,0,0,0,0,0,0,0
-27.462,-39.5931,0,0,0,0,0,0,0,0
-27.452,-39.5831,0,0,0,0,0,0,0,0
-27.442,-39.5731,0,0,0,0,0,0,0,0
-27.432,-39.5631,0,0,0,0,0,0,0,0
-27.422,-39.5531,0,0,0,0,0,0,0,0
-27.412,-39.5431,0,0,0,0,0,0,0,0
-27.402,-39.5331,0,0,0,0,0,0,0,0
-27.392,-39.5231,0,0,0,0,0,0,0,0
-27.382,-39.5131,0,0,0,0,0,0,0,0
-27.372,-39.5031,0,0,0,0,0,0,0,0
-27.362,-39.4931,0,0,0,0,0,0,0,0
-27.352,-39.4831,0,0,0,0,0,0,0,0
-27.342,-39.4731,0,0,0,0,0,0,0,0
-27.332,-39.4631,0,0,0,0,0,0,0,0
-27.322,-39.4531,0,0,0,0,0,0,0,0
-27.312,-39.4431,0,0,0,0,0,0,0,0
-27.302,-39.4331,0,0,0,0,0,0,0,0
-27.292,-39.4231,0,0,0,0,0,0,0,0
-27.282,-39.4131,0,0,0,0,0,0,0,0
-27.272,-39.4031,0,0,0,0,0,0,0,0
-27.262,-39.3931,0,0,0,0,0,0,0,0
-27.252,-39.3831,0,0,0,0,0,0,0,0
-27.242,-39.3731,0,0,0,0,0,0,0,0
-27.232,-39.3631,0,0,0,0,0,0,0,0
-27.222,-39.3531,0,0,0,0,0,0,0,0
-27.212,-39.3431,0,0,0,0,0,0,0,0
-27.202,-39.3331,0,0,0,0,0,0,0,0
-27.192,-39.3231,0,0,0,0,0,0,0,0
-27.182,-39.3131,0,0,0,0,0,0,0,0
-27.172,-39.3031,0,0,0,0,0,0,0,0
-27.162,-39.2931,0,0,0,0,0,0,0,0
-27.152,-39.2831,0,0,0,0,0,0,0,0
-27.142,-39.2731,0,0,0,0,0,0,0,0
-27.132,-39.2631,0,0,0,0,0,0,0,0
-27.122,-39.2531,0,0,0,0,0,0,0,0
-27.112,-39.2431,0,0,0,0,0,0,0,0
-27.102,-39.2331,0,0,0,0,0,0,0,0
-27.092,-39.2231,0,0,0,0,0,0,0,0
-27.082,-39.2131,0,0,0,0,0,0,0,0
-27.072,-39.2031,0,0,0,0,0,0,0,0
-27.062,-39.1931,0,0,0,0,0,0,0,0
-27.052,-39.1831,0,0,0,0,0,0,0,0
-27.042,-39.1731,0,0,0,0,0,0,0,0
-27.032,-39.1631,0,0,0,0,0,0,0,0
-27.022,-39.1531,0,0,0,0,0,0,0,0
-27.012,-39.1431,0,0,0,0,0,0,0,0
-27.002,-39.1331,0,0,0,0,0,0,0,0
-26.992,-39.1231,0,0,0,0,0,0,0,0
-26.982,-39.1131,0,0,0,0,0,0,0,0
-26.972,-39.1031,0,0,0,0,0,0,0,0
-26.962,-39.0931,0,0,0,0,0,0,0,0
-26.952,-39.0831,0,0,0,0,0,0,0,0
-26.942,-39.0731,0,0,0,0,0,0,0,0
-26.932,-39.0631,0,0,0,0,0,0,0,0
-26.922,-39.0531,0,0,0,0,0,0,0,0
-26.912,-39.0431,0,0,0,0,0,0,0,0
-26.902,-39.0331,0,0,0,0,0,0,0,0
-26.892,-39.0231,0,0,0,0,0,0,0,0
-26.882,-39.0131,0,0,0,0,0,0,0,0
-26.872,-39.0031,0,0,0,0,0,0,0,0
-26.862,-38.9931,0,0,0,0,0,0,0,0
-26.852,-38.9831,0,0,0,0,0,0,0,0
-26.842,-38.9731,0,0,0,0,0,0,0,0
-26.832,-38.9631,0,0,0,0,0,0,0,0
-26.822,-38.9531,0,0,0,0,0,0,0,0
-26.812,-38.9431,0,0,0,0,0,0,0,0
-26.802,-38.9331,0,0,0,0,0,0,0,0
-26.792,-38.9231,0,0,0,0,0,0,0,0
-26.782,-38.9131,0,0,0,0,0,0,0,0
-26.772,-38.9031,0,0,0,0,0,0,0,0
-26.762,-38.8931,0,0,0,0,0,0,0,0
-26.752,-38.8831,0,0,0,0,0,0,0,0
-26.742,-38.8731,0,0,0,0,0,0,0,0
-26.732,-38.8631,0,0,0,0,0,0,0,0
-26.722,-38.8531,0,0,0,0,0,0,0,0
-26.712,-38.8431,0,0,0,0,0,0,0,0
-26.702,-38.8331,0,0,0,0,0,0,0,0
-26.692,-38.8231,0,0,0,0,0,0,0,0
-26.682,-38.8131,0,0,0,0,0,0,0,0
-26.672,-38.8031,0,0,0,0,0,0,0,0
-26.662,-38.7931,0,0,0,0,0,0,0,0
-26.652,-38.7831,0,0,0,0,0,0,0,0
-26.642,-38.7731,0,0,0,0,0,0,0,0
-26.632,-38.7631,0,0,0,0,0,0,0,0
-26.622,-38.7531,0,0,0,0,0,0,0,0
-26.612,-38.7431,0,0,0,0,0,0,0,0
-26.602,-38.7331,0,0,0,0,0,0,0,0
-26.592,-38.7231,0,0,0,0,0,0,0,0
-26.582,-38.7131,0,0,0,0,0,0,0,0
-26.572,-38.7031,0,0,0,0,0,0,0,0
-26.562,-38.6931,0,0,0,0,0,0,0,0
-26.552,-38.6831,0,0,0,0,0,0,0,0
-26.542,-38.6731,0,0,0,0,0,0,0,0
-26.532,-38.6631,0,0,0,0,0,0,0,0
-26.522,-38.6531,0,0,0,0,0,0,0,0
-26.512,-38.6431,0,0,0,0,0,0,0,0
-26.502,-38.6331,0,0,0,0,0,0,0,0
-26.492,-38.6231,0,0,0,0,0,0,0,0
-26.482,-38.6131,0,0,0,0,0,0,0,0
-26.472,-38.6031,0,0,0,0,0,0,0,0
-26.462,-38.5931,0,0,0,0,0,0,0,0
-26.452,-38.5831,0,0,0,0,0,0,0,0
-26.442,-38.5731,0,0,0,0,0,0,0,0
-26.432,-38.5631,0,0,0,0,0,0,0,0
-26.422,-38.5531,0,0,0,0,0,0,0,0
-26.412,-38.5431,0,0,0,0,0,0,0,0
-26.402,-38.5331,0,0,0,0,0,0,0,0
-26.392,-38.5231,0,0,0,0,0,0,0,0
-26.382,-38.5131,0,0,0,0,0,0,0,0
-26.372,-38.5031,0,0,0,0,0,0,0,0
-26.362,-38.4931,0,0,0,0,0,0,0,0
-26.352,-38.4831,0,0,0,0,0,0,0,0
-26.342,-38.4731,0,0,0,0,0,0,0,0
-26.332,-38.4631,0,0,0,0,0,0,0,0
-26.322,-38.4531,0,0,0,0,0,0,0,0
-26.312,-38.4431,0,0,0,0,0,0,0,0
-26.302,-38.4331,0,0,0,0,0,0,0,0
-26.292,-38.4231,0,0,0,0,0,0,0,0
-26.282,-38.4131,0,0,0,0,0,0,0,0
-26.272,-38.4031,0,0,0,0,0,0,0,0
-26.262,-38.3931,0,0,0,0,0,0,0,0
-26.252,-38.3831,0,0,0,0,0,0,0,0
-26.242,-38.3731,0,0,0,0,0,0,0,0
-26.232,-38.3631,0,0,0,0,0,0,0,0
-26.222,-38.3531,0,0,0,0,0,0,0,0
-26.212,-38.3431,0,0,0,0,0,0,0,0
-26.202,-38.3331,0,0,0,0,0,0,0,0
-26.192,-38.3231,0,0,0,0,0,0,0,0
-26.182,-38.3131,0,0,0,0,0,0,0,0
-26.172,-38.3031,0,0,0,0,0,0,0,0
-26.162,-38.2931,0,0,0,0,0,0,0,0
-26.152,-38.2831,0,0,0,0,0,0,0,0
-26.142,-38.2731,0,0,0,0,0,0,0,0
-26.132,-38.2631,0,0,0,0,0,0,0,0
-26.122,-38.2531,0,0,0,0,0,0,0,0
-26.112,-38.2431,0,0,0,0,0,0,0,0
-26.102,-38.2331,0,0,0,0,0,0,0,0
-26.092,-38.2231,0,0,0,0,0,0,0,0
-26.082,-38.2131,0,0,0,0,0,0,0,0
-26.072,-38.2031,0,0,0,0,0,0,0,0
-26.062,-38.1931,0,0,0,0,0,0,0,0
-26.052,-38.1831,0,0,0,0,0,0,0,0
-26.042,-38.1731,0,0,0,0,0,0,0,0
-26.032,-38.1631,0,0,0,0,0,0,0,0
-26.022,-38.1531,0,0,0,0,0,0,0,0
-26.012,-38.1431,0,0,0,0,0,0,0,0
-26.002,-38.1331,0,0,0,0,0,0,0,0
-25.992,-38.1231,0,0,0,0,0,0,0,0
-25.982,-38.1131,0,0,0,0,0,0,0,0
-25.972,-38.1031,0,0,0,0,0,0,0,0
-25.962,-38.0931,0,0,0,0,0,0,0,0
-25.952,-38.0831,0,0,0,0,0,0,0,0
-25.942,-38.0731,0,0,0,0,0,0,0,0
-25.932,-38.0631,0,0,0,0,0,0,0,0
-25.922,-38.0531,0,0,0,0,0,0,0,0
-25.912,-38.0431,0,0,0,0,0,0,0,0
-25.902,-38.0331,0,0,0,0,0,0,0,0
-25.892,-38.0231,0,0,0,0,0,0,0,0
-25.882,-38.0131,0,0,0,0,0,0,0,0
-25.872,-38.0031,0,0,0,0,0,0,0,0
-25.862,-37.9931,0,0,0,0,0,0,0,0
-25.852,-37.9831,0,0,0,0,0,0,0,0
-25.842,-37.9731,0,0,0,0,0,0,0,0
-25.832,-37.9631,0,0,0,0,0,0,0,0
-25.822,-37.9531,0,0,0,0,0,0,0,0
-25.812,-37.9431,0,0,0,0,0,0,0,0
-25.802,-37.9331,0,0,0,0,0,0,0,0
-25.792,-37.9231,0,0,0,0,0,0,0,0
-25.782,-37.9131,0,0,0,0,0,0,0,0
-25.772,-37.9031,0,0,0,0,0,0,0,0
-25.762,-37.8931,0,0,0,0,0,0,0,0
-25.752,-37.8831,0,0,0,0,0,0,0,0
-25.742,-37.8731,0,0,0,0,0,0,0,0
-25.732,-37.8631,0,0,0,0,0,0,0,0
-25.722,-37.8531,0,0,0,0,0,0,0,0
-25.712,-37.8431,0,0,0,0,0,0,0,0
-25.702,-37.8331,0,0,0,0,0,0,0,0
-25.692,-37.8231,0,0,0,0,0,0,0,0
-25.682,-37.8131,0,0,0,0,0,0,0,0
-25.672,-37.8031,0,0,0,0,0,0,0,0
-25.662,-37.7931,0,0,0,0,0,0,0,0
-25.652,-37.7831,0,0,0,0,0,0,0,0
-25.642,-37.7731,0,0,0,0,0,0,0,0
-25.632,-37.7631,0,0,0,0,0,0,0,0
-25.622,-37.7531,0,0,0,0,0,0,0,0
-25.612,-37.7431,0,0,0,0,0,0,0,0
-25.602,-37.7331,0,0,0,0,0,0,0,0
-25.592,-37.7231,0,0,0,0,0,0,0,0
-25.582,-37.7131,0,0,0,0,0,0,0,0
-25.572,-37.7031,0,0,0,0,0,0,0,0
-25.562,-37.6931,0,0,0,0,0,0,0,0
-25.552,-37.6831,0,0,0,0,0,0,0,0
-25.542,-37.6731,0,0,0,0,0,0,0,0
-25.532,-37.6631,0,0,0,0,0,0,0,0
-25.522,-37.6531,0,0,0,0,0,0,0,0
-25.512,-37.6431,7.4e-15,1.30888e-13,2.468e-15,2.36672e-14,1.57901e-14,1.011e-12,5.816e-15,1.2484e-15
-25.502,-37.6331,1.664e-13,5.1954e-13,1.608e-14,9.54804e-14,6.74192e-14,4.5852e-12,2.852e-14,5.172e-15
-25.492,-37.6231,6.76e-13,1.84872e-12,6.868e-14,3.41908e-13,2.25924e-13,1.67724e-11,1.0868e-13,1.8696e-14
-25.482,-37.6131,3.54e-12,6.4452e-12,3.116e-13,1.21612e-12,7.7492e-13,6.4244e-11,4.364e-13,6.78e-14
-25.472,-37.6031,1.196e-11,1.88536e-11,1.04e-12,3.60844e-12,2.25776e-12,1.95772e-10,1.364e-12,2.036e-13
-25.462,-37.5931,3.444e-11,5.1164e-11,2.964e-12,9.87428e-12,6.14776e-12,5.4072e-10,3.82e-12,5.572e-13
-25.452,-37.5831,9.6e-11,1.35364e-10,8.224e-12,2.62924e-11,1.63572e-11,1.45636e-09,1.036e-11,1.4892e-12
-25.442,-37.5731,2.56e-10,3.501e-10,2.188e-11,6.82416e-11,4.22056e-11,3.80764e-09,2.736e-11,3.876e-12
-25.432,-37.5631,6.68e-10,8.8636e-10,5.704e-11,1.73816e-10,1.07336e-10,9.7592e-09,7.024e-11,9.864e-12
-25.422,-37.5531,1.7e-09,2.19176e-09,1.452e-10,4.33544e-10,2.6616e-10,2.4354e-08,1.768e-10,2.46e-11
-25.412,-37.5431,4.24e-09,5.31824e-09,3.6e-10,1.05178e-09,6.47372e-10,5.9664e-08,4.356e-10,5.98e-11
-25.402,-37.5331,1.032e-08,1.26108e-08,8.748e-10,2.50504e-09,1.5362e-09,1.43092e-07,1.052e-09,1.43e-10
-25.392,-37.5231,2.464e-08,2.92916e-08,2.084e-09,5.82124e-09,3.57148e-09,3.35308e-07,2.476e-09,3.336e-10
-25.382,-37.5131,5.76e-08,6.648e-08,4.856e-09,1.33288e-08,8.1256e-09,7.6964e-07,5.724e-09,7.62e-10
-25.372,-37.5031,1.32e-07,1.48276e-07,1.108e-08,2.98296e-08,1.8144e-08,1.7364e-06,1.296e-08,1.7076e-09
-25.362,-37.4931,2.956e-07,3.22748e-07,2.484e-08,6.54416e-08,3.96324e-08,3.82272e-06,2.872e-08,3.748e-09
-25.352,-37.4831,6.48e-07,6.89e-07,5.444e-08,1.4012e-07,8.4908e-08,8.2564e-06,6.24e-08,8.068e-09
-25.342,-37.4731,1.392e-06,1.43852e-06,1.168e-07,2.94304e-07,1.77496e-07,1.74364e-05,1.328e-07,1.6948e-08
-25.332,-37.4631,2.932e-06,2.94156e-06,2.46e-07,6.06284e-07,3.64308e-07,3.6116e-05,2.764e-07,3.488e-08
-25.322,-37.4531,6.04e-06,5.8832e-06,5.072e-07,1.22064e-06,7.3276e-07,7.3268e-05,5.648e-07,7.06e-08
-25.312,-37.4431,1.22e-05,1.15252e-05,1.024e-06,2.4092e-06,1.44164e-06,0.000145708,1.128e-06,1.3936e-07
-25.302,-37.4331,2.416e-05,2.21636e-05,2.028e-06,4.65796e-06,2.78312e-06,0.000283732,2.216e-06,2.692e-07
-25.292,-37.4231,4.68e-05,4.15088e-05,3.936e-06,8.83428e-06,5.2772e-06,0.000539236,4.26e-06,5.112e-07
-25.282,-37.4131,8.88e-05,7.6572e-05,7.492e-06,1.6384e-05,9.7508e-06,0.00100992,8.032e-06,9.484e-07
-25.272,-37.4031,0.0001656,0.000137832,1.4e-05,2.98376e-05,1.76928e-05,0.00185064,1.48e-05,1.732e-06
-25.262,-37.3931,0.0003016,0.000243428,2.552e-05,5.30112e-05,3.14436e-05,0.0033268,2.68e-05,3.088e-06
-25.252,-37.3831,0.00054,0.000419172,4.584e-05,9.27724e-05,5.484e-05,0.00583256,4.756e-05,5.4e-06
-25.242,-37.3731,0.000944,0.0007134,8.044e-05,0.000159044,9.3572e-05,0.0100952,8.268e-05,9.272e-06
-25.232,-37.3631,0.00162,0.00118096,0.0001388,0.000267492,0.00015734,0.0170524,0.0001416,1.556e-05
-25.222,-37.3531,0.002724,0.00191864,0.0002352,0.000441816,0.000258272,0.0282724,0.0002364,2.56e-05
-25.212,-37.3431,0.00448,0.0030474,0.0003908,0.00071096,0.000415792,0.0458464,0.000388,4.136e-05
-25.202,-37.3331,0.00724,0.00475668,0.0006364,0.00112472,0.0006582,0.0731928,0.0006256,6.568e-05
-25.192,-37.3231,0.01152,0.0072564,0.0010172,0.00174744,0.00102596,0.114616,0.000988,0.00010172
-25.182,-37.3131,0.01788,0.0108448,0.001596,0.00266348,0.00156372,0.176156,0.001536,0.00015508
-25.172,-37.3031,0.02728,0.0158852,0.00246,0.00398536,0.00234032,0.26546,0.002336,0.0002324
-25.162,-37.2931,0.0408,0.0228208,0.003728,0.00586584,0.00344096,0.392604,0.003496,0.0003408
-25.152,-37.2831,0.06,0.0320964,0.005544,0.00843776,0.0049752,0.571284,0.005144,0.0004908
-25.142,-37.2731,0.086,0.0443568,0.008096,0.0119744,0.0070408,0.81284,0.007424,0.000694
-25.132,-37.2631,0.1216,0.059688,0.011648,0.0166764,0.0098364,1.13904,0.01056,0.0009632
-25.122,-37.2531,0.1688,0.079452,0.01644,0.0228264,0.0135248,1.56616,0.01472,0.0013156
-25.112,-37.2431,0.2296,0.103256,0.0228,0.0307052,0.0182692,2.12252,0.0202,0.001764
-25.102,-37.2331,0.3068,0.131504,0.03108,0.0405952,0.0243136,2.82044,0.02724,0.002324
-25.092,-37.2231,0.404,0.164196,0.04176,0.0530584,0.03182,3.69252,0.0362,0.003016
-25.082,-37.2131,0.52,0.201732,0.0552,0.0679368,0.040956,4.75928,0.04732,0.00384
-25.072,-37.2031,0.656,0.242916,0.07188,0.085632,0.05192,6.0136,0.06088,0.004812
-25.062,-37.1931,0.816,0.286936,0.09156,0.106948,0.06532,7.512,0.07724,0.00592
-25.052,-37.1831,1,0.333388,0.11556,0.13108,0.080356,9.2152,0.0964,0.007208
-25.042,-37.1731,1.2,0.37986,0.1432,0.158436,0.097428,11.1644,0.1184,0.008628
-25.032,-37.1631,1.416,0.423936,0.1748,0.188612,0.116932,13.32,0.1436,0.010144
-25.022,-37.1531,1.644,0.4684,0.21,0.222008,0.138068,15.6432,0.1712,0.011752
-25.012,-37.1431,1.876,0.50884,0.2484,0.25742,0.160428,18.1336,0.2012,0.0134
-25.002,-37.1331,2.108,0.54128,0.2892,0.294848,0.184,20.6712,0.2332,0.01508
-24.992,-37.1231,2.328,0.5656,0.332,0.332688,0.20758,23.296,0.266,0.01668
-24.982,-37.1131,2.528,0.58588,0.374,0.370528,0.231152,25.808,0.2992,0.0182
-24.972,-37.1031,2.7,0.59408,0.4156,0.406364,0.2535,28.2,0.3316,0.01956
-24.962,-37.0931,2.84,0.5982,0.4544,0.442584,0.2738,30.396,0.3612,0.02072
-24.952,-37.0831,2.936,0.5902,0.488,0.470788,0.29088,32.268,0.388,0.02156
-24.942,-37.0731,2.984,0.57416,0.5164,0.494956,0.30428,33.7,0.4104,0.02216
-24.932,-37.0631,2.988,0.55396,0.5372,0.51509,0.3132,34.72,0.4268,0.02236
-24.922,-37.0531,2.94,0.52572,0.5492,0.523176,0.31724,35.168,0.4368,0.02228
-24.912,-37.0431,2.848,0.4894,0.552,0.527212,0.3156,35.084,0.4396,0.02176
-24.902,-37.0331,2.712,0.45304,0.5452,0.519192,0.30908,34.424,0.4352,0.02096
-24.892,-37.0231,2.54,0.4126,0.5284,0.50712,0.29728,33.224,0.4232,0.0198
-24.882,-37.0131,2.336,0.37256,0.5036,0.482996,0.281,31.528,0.4044,0.01848
-24.872,-37.0031,2.116,0.3309,0.4712,0.454824,0.261088,29.416,0.38,0.01692
-24.862,-36.9931,1.884,0.29004,0.4328,0.418616,0.237928,26.964,0.35,0.01516
-24.852,-36.9831,1.648,0.250788,0.39,0.37918,0.213144,24.264,0.3168,0.0134
-24.842,-36.9731,1.416,0.213564,0.3452,0.337324,0.187152,21.436,0.2816,0.0116
-24.832,-36.9631,1.196,0.179572,0.2996,0.294256,0.16156,18.6,0.2456,0.00992
-24.822,-36.9531,0.992,0.148416,0.2548,0.251996,0.136792,15.84,0.21,0.008292
-24.812,-36.9431,0.808,0.120904,0.2128,0.211744,0.113244,13.244,0.176,0.006816
-24.802,-36.9331,0.648,0.097032,0.1744,0.174708,0.092136,10.8492,0.1444,0.005492
-24.792,-36.9231,0.508,0.076404,0.14,0.1413,0.073864,8.7416,0.1164,0.00434
-24.782,-36.9131,0.392,0.059016,0.1102,0.111912,0.057628,6.8812,0.0924,0.003372
-24.772,-36.9031,0.2964,0.045264,0.08508,0.086956,0.044236,5.3092,0.07152,0.002568
-24.762,-36.8931,0.22,0.0337416,0.06416,0.066024,0.033316,4.0292,0.05428,0.001916
-24.752,-36.8831,0.1604,0.0247676,0.04756,0.0491156,0.0245904,2.9928,0.0404,0.0014
-24.742,-36.8731,0.1144,0.017856,0.03452,0.0359908,0.0177728,2.176,0.02944,0.001008
-24.732,-36.8631,0.08,0.0126428,0.02456,0.0257656,0.0125788,1.5536,0.02104,0.0007076
-24.722,-36.8531,0.0552,0.008764,0.01712,0.018076,0.008724,1.0848,0.01472,0.000488
-24.712,-36.8431,0.03704,0.0059764,0.011688,0.0124,0.005924,0.74408,0.01008,0.0003296
-24.702,-36.8331,0.02444,0.0039932,0.007792,0.0083336,0.003952,0.499,0.006772,0.0002184
-24.692,-36.8231,0.0158,0.002612,0.005104,0.00551548,0.00257644,0.32696,0.004448,0.0001416
-24.682,-36.8131,0.01,0.0016752,0.003276,0.00355088,0.00164728,0.21012,0.002864,9.04e-05
-24.672,-36.8031,0.00624,0.00105344,0.002056,0.00224248,0.00103056,0.13236,0.001804,5.612e-05
-24.662,-36.7931,0.003788,0.00064972,0.001264,0.00138896,0.00063292,0.0816,0.001112,3.424e-05
-24.652,-36.7831,0.002256,0.00039182,0.0007612,0.00084144,0.00037936,0.049144,0.0006736,2.048e-05
-24.642,-36.7731,0.00132,0.000231596,0.0004484,0.00049922,0.000223144,0.029156,0.0003988,1.2e-05
-24.632,-36.7631,0.000756,0.00013394,0.0002588,0.000289072,0.000128208,0.016872,0.0002308,6.876e-06
-24.622,-36.7531,0.000424,7.624e-05,0.0001464,0.000164264,7.222e-05,0.0095832,0.0001308,3.864e-06
-24.612,-36.7431,0.000232,4.23512e-05,8.084e-05,9.1392e-05,3.992e-05,0.0052936,7.272e-05,2.124e-06
-24.602,-36.7331,0.0001248,2.29488e-05,4.38e-05,4.99224e-05,2.15836e-05,0.0028844,3.952e-05,1.144e-06
-24.592,-36.7231,6.56e-05,1.22192e-05,2.324e-05,2.6532e-05,1.14004e-05,0.0015344,2.104e-05,6.032e-07
-24.582,-36.7131,3.38e-05,6.3712e-06,1.204e-05,1.38496e-05,5.9232e-06,0.00079652,1.096e-05,3.116e-07
-24.572,-36.7031,1.704e-05,3.24988e-06,6.128e-06,7.086e-06,2.994e-06,0.00040664,5.58e-06,1.576e-07
-24.562,-36.6931,8.44e-06,1.6248e-06,3.044e-06,3.53492e-06,1.48492e-06,0.00020272,2.784e-06,7.788e-08
-24.552,-36.6831,4.08e-06,7.942e-07,1.48e-06,1.7312e-06,7.2216e-07,9.888e-05,1.36e-06,3.78e-08
-24.542,-36.6731,1.928e-06,3.80132e-07,7.068e-07,8.2936e-07,3.4364e-07,4.7156e-05,6.5e-07,1.792e-08
-24.532,-36.6631,8.96e-07,1.7816e-07,3.296e-07,3.88116e-07,1.59848e-07,2.2116e-05,3.04e-07,8.34e-09
-24.522,-36.6531,4.04e-07,8.182e-08,1.504e-07,1.77956e-07,7.3024e-08,1.014e-05,1.392e-07,3.788e-09
-24.512,-36.6431,1.804e-07,3.66348e-08,6.728e-08,8.012e-08,3.2496e-08,4.5496e-06,6.24e-08,1.688e-09
-24.502,-36.6331,7.84e-08,1.60796e-08,2.936e-08,3.51076e-08,1.41996e-08,1.9872e-06,2.736e-08,7.336e-10
-24.492,-36.6231,3.34e-08,6.9308e-09,1.26e-08,1.5098e-08,6.0452e-09,8.5184e-07,1.176e-08,3.132e-10
-24.482,-36.6131,1.392e-08,2.91324e-09,5.268e-09,6.3612e-09,2.53168e-09,3.5828e-07,4.932e-09,1.308e-10
-24.472,-36.6031,5.68e-09,1.20068e-09,2.16e-09,2.61696e-09,1.0386e-09,1.474e-07,2.028e-09,5.348e-11
-24.462,-36.5931,2.264e-09,4.83464e-10,8.68e-10,1.05484e-09,4.1384e-10,5.9308e-08,8.168e-10,2.136e-11
-24.452,-36.5831,8.84e-10,1.90152e-10,3.4e-10,4.14692e-10,1.62692e-10,2.3308e-08,3.212e-10,8.36e-12
-24.442,-36.5731,3.364e-10,7.3316e-11,1.304e-10,1.60236e-10,6.2076e-11,8.9816e-09,1.236e-10,3.192e-12
-24.432,-36.5631,1.252e-10,2.7632e-11,4.896e-11,6.03908e-11,2.32876e-11,3.372e-09,4.648e-11,1.192e-12
-24.422,-36.5531,4.52e-11,1.01496e-11,1.784e-11,2.21836e-11,8.4392e-12,1.2372e-09,1.704e-11,4.304e-13
-24.412,-36.5431,1.544e-11,3.60412e-12,6.212e-12,7.8508e-12,2.9372e-12,4.3484e-10,5.988e-12,1.472e-13
-24.402,-36.5331,4.48e-12,1.17504e-12,1.876e-12,2.50832e-12,8.7248e-13,1.3604e-10,1.868e-12,4.42e-14
-24.392,-36.5231,8.2e-13,2.74412e-13,3.932e-13,5.63632e-13,1.61648e-13,2.9608e-11,4.044e-13,8.32e-15
-24.382,-36.5131,0,0,0,0,0,0,0,0
-24.372,-36.5031,0,0,0,0,0,0,0,0
-24.362,-36.4931,0,0,0,0,0,0,0,0
-24.352,-36.4831,0,0,0,0,0,0,0,0
-24.342,-36.4731,0,0,0,0,0,0,0,0
-24.332,-36.4631,0,0,0,0,0,0,0,0
-24.322,-36.4531,0,0,0,0,0,0,0,0
-24.312,-36.4431,0,0,0,0,0,0,0,0
-24.302,-36.4331,0,0,0,0,0,0,0,0
-24.292,-36.4231,0,0,0,0,0,0,0,0
-24.282,-36.4131,0,0,0,0,0,0,0,0
-24.272,-36.4031,0,0,0,0,0,0,0,0
-24.262,-36.3931,0,0,0,0,0,0,0,0
-24.252,-36.3831,0,0,0,0,0,0,0,0
-24.242,-36.3731,0,0,0,0,0,0,0,0
-24.232,-36.3631,0,0,0,0,0,0,0,0
-24.222,-36.3531,0,0,0,0,0,0,0,0
-24.212,-36.3431,0,0,0,0,0,0,0,0
-24.202,-36.3331,0,0,0,0,0,0,0,0
-24.192,-36.3231,0,0,0,0,0,0,0,0
-24.182,-36.3131,0,0,0,0,0,0,0,0
-24.172,-36.3031,0,0,0,0,0,0,0,0
-24.162,-36.2931,0,0,0,0,0,0,0,0
-24.152,-36.2831,0,0,0,0,0,0,0,0
-24.142,-36.2731,0,0,0,0,0,0,0,0
-24.132,-36.2631,0,0,0,0,0,0,0,0
-24.122,-36.2531,0,0,0,0,0,0,0,0
-24.112,-36.2431,0,0,0,0,0,0,0,0
-24.102,-36.2331,0,0,0,0,0,0,0,0
-24.092,-36.2231,0,0,0,0,0,0,0,0
-24.082,-36.2131,0,0,0,0,0,0,0,0
-24.072,-36.2031,0,0,0,0,0,0,0,0
-24.062,-36.1931,0,0,0,0,0,0,0,0
-24.052,-36.1831,0,0,0,0,0,0,0,0
-24.042,-36.1731,0,0,0,0,0,0,0,0
-24.032,-36.1631,0,0,0,0,0,0,0,0
-24.022,-36.1531,0,0,0,0,0,0,0,0
-24.012,-36.1431,0,0,0,0,0,0,0,0
-24.002,-36.1331,0,0,0,0,0,0,0,0
-23.992,-36.1231,0,0,0,0,0,0,0,0
-23.982,-36.1131,0,0,0,0,0,0,0,0
-23.972,-36.1031,0,0,0,0,0,0,0,0
-23.962,-36.0931,0,0,0,0,0,0,0,0
-23.952,-36.0831,0,0,0,0,0,0,0,0
-23.942,-36.0731,0,0,0,0,0,0,0,0
-23.932,-36.0631,0,0,0,0,0,0,0,0
-23.922,-36.0531,0,0,0,0,0,0,0,0
-23.912,-36.0431,0,0,0,0,0,0,0,0
-23.902,-36.0331,0,0,0,0,0,0,0,0
-23.892,-36.0231,0,0,0,0,0,0,0,0
-23.882,-36.0131,0,0,0,0,0,0,0,0
-23.872,-36.0031,0,0,0,0,0,0,0,0
-23.862,-35.9931,0,0,0,0,0,0,0,0
-23.852,-35.9831,0,0,0,0,0,0,0,0
-23.842,-35.9731,0,0,0,0,0,0,0,0
-23.832,-35.9631,0,0,0,0,0,0,0,0
-23.822,-35.9531,0,0,0,0,0,0,0,0
-23.812,-35.9431,0,0,0,0,0,0,0,0
-23.802,-35.9331,0,0,0,0,0,0,0,0
-23.792,-35.9231,0,0,0,0,0,0,0,0
-23.782,-35.9131,0,0,0,0,0,0,0,0
-23.772,-35.9031,0,0,0,0,0,0,0,0
-23.762,-35.8931,0,0,0,0,0,0,0,0
-23.752,-35.8831,0,0,0,0,0,0,0,0
-23.742,-35.8731,0,0,0,0,0,0,0,0
-23.732,-35.8631,0,0,0,0,0,0,0,0
-23.722,-35.8531,0,0,0,0,0,0,0,0
-23.712,-35.8431,0,0,0,0,0,0,0,0
-23.702,-35.8331,0,0,0,0,0,0,0,0
-23.692,-35.8231,0,0,0,0,0,0,0,0
-23.682,-35.8131,0,0,0,0,0,0,0,0
-23.672,-35.8031,0,0,0,0,0,0,0,0
-23.662,-35.7931,0,0,0,0,0,0,0,0
-23.652,-35.7831,0,0,0,0,0,0,0,0
-23.642,-35.7731,0,0,0,0,0,0,0,0
-23.632,-35.7631,0,0,0,0,0,0,0,0
-23.622,-35.7531,0,0,0,0,0,0,0,0
-23.612,-35.7431,0,0,0,0,0,0,0,0
-23.602,-35.7331,0,0,0,0,0,0,0,0
-23.592,-35.7231,0,0,0,0,0,0,0,0
-23.582,-35.7131,0,0,0,0,0,0,0,0
-23.572,-35.7031,0,0,0,0,0,0,0,0
-23.562,-35.6931,0,0,0,0,0,0,0,0
-23.552,-35.6831,0,0,0,0,0,0,0,0
-23.542,-35.6731,0,0,0,0,0,0,0,0
-23.532,-35.6631,0,0,0,0,0,0,0,0
-23.522,-35.6531,0,0,0,0,0,0,0,0
-23.512,-35.6431,0,0,0,0,0,0,0,0
-23.502,-35.6331,0,0,0,0,0,0,0,0
-23.492,-35.6231,0,0,0,0,0,0,0,0
-23.482,-35.6131,0,0,0,0,0,0,0,0
-23.472,-35.6031,0,0,0,0,0,0,0,0
-23.462,-35.5931,0,0,0,0,0,0,0,0
-23.452,-35.5831,0,0,0,0,0,0,0,0
-23.442,-35.5731,0,0,0,0,0,0,0,0
-23.432,-35.5631,0,0,0,0,0,0,0,0
-23.422,-35.5531,0,0,0,0,0,0,0,0
-23.412,-35.5431,0,0,0,0,0,0,0,0
-23.402,-35.5331,0,0,0,0,0,0,0,0
-23.392,-35.5231,0,0,0,0,0,0,0,0
-23.382,-35.5131,0,0,0,0,0,0,0,0
-23.372,-35.5031,0,0,0,0,0,0,0,0
-23.362,-35.4931,0,0,0,0,0,0,0,0
-23.352,-35.4831,0,0,0,0,0,0,0,0
-23.342,-35.4731,0,0,0,0,0,0,0,0
-23.332,-35.4631,0,0,0,0,0,0,0,0
-23.322,-35.4531,0,0,0,0,0,0,0,0
-23.312,-35.4431,0,0,0,0,0,0,0,0
-23.302,-35.4331,0,0,0,0,0,0,0,0
-23.292,-35.4231,0,0,0,0,0,0,0,0
-23.282,-35.4131,0,0,0,0,0,0,0,0
-23.272,-35.4031,0,0,0,0,0,0,0,0
-23.262,-35.3931,0,0,0,0,0,0,0,0
-23.252,-35.3831,0,0,0,0,0,0,0,0
-23.242,-35.3731,0,0,0,0,0,0,0,0
-23.232,-35.3631,0,0,0,0,0,0,0,0
-23.222,-35.3531,0,0,0,0,0,0,0,0
-23.212,-35.3431,0,0,0,0,0,0,0,0
-23.202,-35.3331,0,0,0,0,0,0,0,0
-23.192,-35.3231,0,0,0,0,0,0,0,0
-23.182,-35.3131,0,0,0,0,0,0,0,0
-23.172,-35.3031,0,0,0,0,0,0,0,0
-23.162,-35.2931,0,0,0,0,0,0,0,0
-23.152,-35.2831,0,0,0,0,0,0,0,0
-23.142,-35.2731,0,0,0,0,0,0,0,0
-23.132,-35.2631,0,0,0,0,0,0,0,0
-23.122,-35.2531,0,0,0,0,0,0,0,0
-23.112,-35.2431,0,0,0,0,0,0,0,0
-23.102,-35.2331,0,0,0,0,0,0,0,0
-23.092,-35.2231,0,0,0,0,0,0,0,0
-23.082,-35.2131,0,0,0,0,0,0,0,0
-23.072,-35.2031,0,0,0,0,0,0,0,0
-23.062,-35.1931,0,0,0,0,0,0,0,0
-23.052,-35.1831,0,0,0,0,0,0,0,0
-23.042,-35.1731,0,0,0,0,0,0,0,0
-23.032,-35.1631,0,0,0,0,0,0,0,0
-23.022,-35.1531,0,0,0,0,0,0,0,0
-23.012,-35.1431,0,0,0,0,0,0,0,0
-23.002,-35.1331,0,0,0,0,0,0,0,0
-22.992,-35.1231,0,0,0,0,0,0,0,0
-22.982,-35.1131,0,0,0,0,0,0,0,0
-22.972,-35.1031,0,0,0,0,0,0,0,0
-22.962,-35.0931,0,0,0,0,0,0,0,0
-22.952,-35.0831,0,0,0,0,0,0,0,0
-22.942,-35.0731,0,0,0,0,0,0,0,0
-22.932,-35.0631,0,0,0,0,0,0,0,0
-22.922,-35.0531,0,0,0,0,0,0,0,0
-22.912,-35.0431,0,0,0,0,0,0,0,0
-22.902,-35.0331,0,0,0,0,0,0,0,0
-22.892,-35.0231,0,0,0,0,0,0,0,0
-22.882,-35.0131,0,0,0,0,0,0,0,0
-22.872,-35.0031,0,0,0,0,0,0,0,0
-22.862,-34.9931,0,0,0,0,0,0,0,0
-22.852,-34.9831,0,0,0,0,0,0,0,0
-22.842,-34.9731,0,0,0,0,0,0,0,0
-22.832,-34.9631,0,0,0,0,0,0,0,0
-22.822,-34.9531,0,0,0,0,0,0,0,0
-22.812,-34.9431,0,0,0,0,0,0,0,0
-22.802,-34.9331,0,0,0,0,0,0,0,0
-22.792,-34.9231,0,0,0,0,0,0,0,0
-22.782,-34.9131,0,0,0,0,0,0,0,0
-22.772,-34.9031,0,0,0,0,0,0,0,0
-22.762,-34.8931,0,0,0,0,0,0,0,0
-22.752,-34.8831,0,0,0,0,0,0,0,0
-22.742,-34.8731,0,0,0,0,0,0,0,0
-22.732,-34.8631,0,0,0,0,0,0,0,0
-22.722,-34.8531,0,0,0,0,0,0,0,0
-22.712,-34.8431,0,0,0,0,0,0,0,0
-22.702,-34.8331,0,0,0,0,0,0,0,0
-22.692,-34.8231,0,0,0,0,0,0,0,0
-22.682,-34.8131,0,0,0,0,0,0,0,0
-22.672,-34.8031,0,0,0,0,0,0,0,0
-22.662,-34.7931,0,0,0,0,0,0,0,0
-22.652,-34.7831,0,0,0,0,0,0,0,0
-22.642,-34.7731,0,0,0,0,0,0,0,0
-22.632,-34.7631,0,0,0,0,0,0,0,0
-22.622,-34.7531,0,0,0,0,0,0,0,0
-22.612,-34.7431,0,0,0,0,0,0,0,0
-22.602,-34.7331,0,0,0,0,0,0,0,0
-22.592,-34.7231,0,0,0,0,0,0,0,0
-22.582,-34.7131,0,0,0,0,0,0,0,0
-22.572,-34.7031,0,0,0,0,0,0,0,0
-22.562,-34.6931,0,0,0,0,0,0,0,0
-22.552,-34.6831,0,0,0,0,0,0,0,0
-22.542,-34.6731,0,0,0,0,0,0,0,0
-22.532,-34.6631,0,0,0,0,0,0,0,0
-22.522,-34.6531,0,0,0,0,0,0,0,0
-22.512,-34.6431,0,0,0,0,0,0,0,0
-22.502,-34.6331,0,0,0,0,0,0,0,0
-22.492,-34.6231,0,0,0,0,0,0,0,0
-22.482,-34.6131,0,0,0,0,0,0,0,0
-22.472,-34.6031,0,0,0,0,0,0,0,0
-22.462,-34.5931,0,0,0,0,0,0,0,0
-22.452,-34.5831,0,0,0,0,0,0,0,0
-22.442,-34.5731,0,0,0,0,0,0,0,0
-22.432,-34.5631,0,0,0,0,0,0,0,0
-22.422,-34.5531,0,0,0,0,0,0,0,0
-22.412,-34.5431,0,0,0,0,0,0,0,0
-22.402,-34.5331,0,0,0,0,0,0,0,0
-22.392,-34.5231,0,0,0,0,0,0,0,0
-22.382,-34.5131,0,0,0,0,0,0,0,0
-22.372,-34.5031,0,0,0,0,0,0,0,0
-22.362,-34.4931,0,0,0,0,0,0,0,0
-22.352,-34.4831,0,0,0,0,0,0,0,0
-22.342,-34.4731,0,0,0,0,0,0,0,0
-22.332,-34.4631,0,0,0,0,0,0,0,0
-22.322,-34.4531,0,0,0,0,0,0,0,0
-22.312,-34.4431,0,0,0,0,0,0,0,0
-22.302,-34.4331,0,0,0,0,0,0,0,0
-22.292,-34.4231,0,0,0,0,0,0,0,0
-22.282,-34.4131,0,0,0,0,0,0,0,0
-22.272,-34.4031,0,0,0,0,0,0,0,0
-22.262,-34.3931,0,0,0,0,0,0,0,0
-22.252,-34.3831,0,0,0,0,0,0,0,0
-22.242,-34.3731,0,0,0,0,0,0,0,0
-22.232,-34.3631,0,0,0,0,0,0,0,0
-22.222,-34.3531,0,0,0,0,0,0,0,0
-22.212,-34.3431,0,0,0,0,0,0,0,0
-22.202,-34.3331,0,0,0,0,0,0,0,0
-22.192,-34.3231,0,0,0,0,0,0,0,0
-22.182,-34.3131,0,0,0,0,0,0,0,0
-22.172,-34.3031,0,0,0,0,0,0,0,0
-22.162,-34.2931,0,0,0,0,0,0,0,0
-22.152,-34.2831,0,0,0,0,0,0,0,0
-22.142,-34.2731,0,0,0,0,0,0,0,0
-22.132,-34.2631,0,0,0,0,0,0,0,0
-22.122,-34.2531,0,0,0,0,0,0,0,0
-22.112,-34.2431,0,0,0,0,0,0,0,0
-22.102,-34.2331,0,0,0,0,0,0,0,0
-22.092,-34.2231,0,0,0,0,0,0,0,0
-22.082,-34.2131,0,0,0,0,0,0,0,0
-22.072,-34.2031,0,0,0,0,0,0,0,0
-22.062,-34.1931,0,0,0,0,0,0,0,0
-22.052,-34.1831,0,0,0,0,0,0,0,0
-22.042,-34.1731,0,0,0,0,0,0,0,0
-22.032,-34.1631,0,0,0,0,0,0,0,0
-22.022,-34.1531,0,0,0,0,0,0,0,0
-22.012,-34.1431,0,0,0,0,0,0,0,0
-22.002,-34.1331,0,0,0,0,0,0,0,0
-21.992,-34.1231,0,0,0,0,0,0,0,0
-21.982,-34.1131,0,0,0,0,0,0,0,0
-21.972,-34.1031,0,0,0,0,0,0,0,0
-21.962,-34.0931,0,0,0,0,0,0,0,0
-21.952,-34.0831,0,0,0,0,0,0,0,0
-21.942,-34.0731,0,0,0,0,0,0,0,0
-21.932,-34.0631,0,0,0,0,0,0,0,0
-21.922,-34.0531,0,0,0,0,0,0,0,0
-21.912,-34.0431,0,0,0,0,0,0,0,0
-21.902,-34.0331,0,0,0,0,0,0,0,0
-21.892,-34.0231,0,0,0,0,0,0,0,0
-21.882,-34.0131,0,0,0,0,0,0,0,0
-21.872,-34.0031,0,0,0,0,0,0,0,0
-21.862,-33.9931,0,0,0,0,0,0,0,0
-21.852,-33.9831,0,0,0,0,0,0,0,0
-21.842,-33.9731,0,0,0,0,0,0,0,0
-21.832,-33.9631,0,0,0,0,0,0,0,0
-21.822,-33.9531,0,0,0,0,0,0,0,0
-21.812,-33.9431,0,0,0,0,0,0,0,0
-21.802,-33.9331,0,0,0,0,0,0,0,0
-21.792,-33.9231,0,0,0,0,0,0,0,0
-21.782,-33.9131,0,0,0,0,0,0,0,0
-21.772,-33.9031,0,0,0,0,0,0,0,0
-21.762,-33.8931,0,0,0,0,0,0,0,0
-21.752,-33.8831,0,0,0,0,0,0,0,0
-21.742,-33.8731,0,0,0,0,0,0,0,0
-21.732,-33.8631,0,0,0,0,0,0,0,0
-21.722,-33.8531,0,0,0,0,0,0,0,0
-21.712,-33.8431,0,0,0,0,0,0,0,0
-21.702,-33.8331,0,0,0,0,0,0,0,0
-21.692,-33.8231,0,0,0,0,0,0,0,0
-21.682,-33.8131,0,0,0,0,0,0,0,0
-21.672,-33.8031,0,0,0,0,0,0,0,0
-21.662,-33.7931,0,0,0,0,0,0,0,0
-21.652,-33.7831,0,0,0,0,0,0,0,0
-21.642,-33.7731,0,0,0,0,0,0,0,0
-21.632,-33.7631,0,0,0,0,0,0,0,0
-21.622,-33.7531,0,0,0,0,0,0,0,0
-21.612,-33.7431,0,0,0,0,0,0,0,0
-21.602,-33.7331,0,0,0,0,0,0,0,0
-21.592,-33.7231,0,0,0,0,0,0,0,0
-21.582,-33.7131,0,0,0,0,0,0,0,0
-21.572,-33.7031,0,0,0,0,0,0,0,0
-21.562,-33.6931,0,0,0,0,0,0,0,0
-21.552,-33.6831,0,0,0,0,0,0,0,0
-21.542,-33.6731,0,0,0,0,0,0,0,0
-21.532,-33.6631,0,0,0,0,0,0,0,0
-21.522,-33.6531,0,0,0,0,0,0,0,0
-21.512,-33.6431,0,0,0,0,0,0,0,0
-21.502,-33.6331,0,0,0,0,0,0,0,0
-21.492,-33.6231,0,0,0,0,0,0,0,0
-21.482,-33.6131,0,0,0,0,0,0,0,0
-21.472,-33.6031,0,0,0,0,0,0,0,0
-21.462,-33.5931,0,0,0,0,0,0,0,0
-21.452,-33.5831,0,0,0,0,0,0,0,0
-21.442,-33.5731,0,0,0,0,0,0,0,0
-21.432,-33.5631,0,0,0,0,0,0,0,0
-21.422,-33.5531,0,0,0,0,0,0,0,0
-21.412,-33.5431,0,0,0,0,0,0,0,0
-21.402,-33.5331,0,0,0,0,0,0,0,0
-21.392,-33.5231,0,0,0,0,0,0,0,0
-21.382,-33.5131,0,0,0,0,0,0,0,0
-21.372,-33.5031,0,0,0,0,0,0,0,0
-21.362,-33.4931,0,0,0,0,0,0,0,0
-21.352,-33.4831,0,0,0,0,0,0,0,0
-21.342,-33.4731,0,0,0,0,0,0,0,0
-21.332,-33.4631,0,0,0,0,0,0,0,0
-21.322,-33.4531,0,0,0,0,0,0,0,0
-21.312,-33.4431,0,0,0,0,0,0,0,0
-21.302,-33.4331,0,0,0,0,0,0,0,0
-21.292,-33.4231,0,0,0,0,0,0,0,0
-21.282,-33.4131,0,0,0,0,0,0,0,0
-21.272,-33.4031,0,0,0,0,0,0,0,0
-21.262,-33.3931,0,0,0,0,0,0,0,0
-21.252,-33.3831,0,0,0,0,0,0,0,0
-21.242,-33.3731,0,0,0,0,0,0,0,0
-21.232,-33.3631,0,0,0,0,0,0,0,0
-21.222,-33.3531,0,0,0,0,0,0,0,0
-21.212,-33.3431,0,0,0,0,0,0,0,0
-21.202,-33.3331,0,0,0,0,0,0,0,0
-21.192,-33.3231,0,0,0,0,0,0,0,0
-21.182,-33.3131,0,0,0,0,0,0,0,0
-21.172,-33.3031,0,0,0,0,0,0,0,0
-21.162,-33.2931,0,0,0,0,0,0,0,0
-21.152,-33.2831,0,0,0,0,0,0,0,0
-21.142,-33.2731,0,0,0,0,0,0,0,0
-21.132,-33.2631,0,0,0,0,0,0,0,0
-21.122,-33.2531,0,0,0,0,0,0,0,0
-21.112,-33.2431,0,0,0,0,0,0,0,0
-21.102,-33.2331,0,0,0,0,0,0,0,0
-21.092,-33.2231,0,0,0,0,0,0,0,0
-21.082,-33.2131,0,0,0,0,0,0,0,0
-21.072,-33.2031,0,0,0,0,0,0,0,0
-21.062,-33.1931,0,0,0,0,0,0,0,0
-21.052,-33.1831,0,0,0,0,0,0,0,0
-21.042,-33.1731,0,0,0,0,0,0,0,0
-21.032,-33.1631,0,0,0,0,0,0,0,0
-21.022,-33.1531,0,0,0,0,0,0,0,0
-21.012,-33.1431,0,0,0,0,0,0,0,0
-21.002,-33.1331,0,0,0,0,0,0,0,0
-20.992,-33.1231,0,0,0,0,0,0,0,0
-20.982,-33.1131,0,0,0,0,0,0,0,0
-20.972,-33.1031,0,0,0,0,0,0,0,0
-20.962,-33.0931,0,0,0,0,0,0,0,0
-20.952,-33.0831,0,0,0,0,0,0,0,0
-20.942,-33.0731,0,0,0,0,0,0,0,0
-20.932,-33.0631,0,0,0,0,0,0,0,0
-20.922,-33.0531,0,0,0,0,0,0,0,0
-20.912,-33.0431,0,0,0,0,0,0,0,0
-20.902,-33.0331,0,0,0,0,0,0,0,0
-20.892,-33.0231,0,0,0,0,0,0,0,0
-20.882,-33.0131,0,0,0,0,0,0,0,0
-20.872,-33.0031,0,0,0,0,0,0,0,0
-20.862,-32.9931,0,0,0,0,0,0,0,0
-20.852,-32.9831,0,0,0,0,0,0,0,0
-20.842,-32.9731,0,0,0,0,0,0,0,0
-20.832,-32.9631,0,0,0,0,0,0,0,0
-20.822,-32.9531,0,0,0,0,0,0,0,0
-20.812,-32.9431,0,0,0,0,0,0,0,0
-20.802,-32.9331,0,0,0,0,0,0,0,0
-20.792,-32.9231,0,0,0,0,0,0,0,0
-20.782,-32.9131,0,0,0,0,0,0,0,0
-20.772,-32.9031,0,0,0,0,0,0,0,0
-20.762,-32.8931,0,0,0,0,0,0,0,0
-20.752,-32.8831,0,0,0,0,0,0,0,0
-20.742,-32.8731,0,0,0,0,0,0,0,0
-20.732,-32.8631,0,0,0,0,0,0,0,0
-20.722,-32.8531,0,0,0,0,0,0,0,0
-20.712,-32.8431,0,0,0,0,0,0,0,0
-20.702,-32.8331,0,0,0,0,0,0,0,0
-20.692,-32.8231,0,0,0,0,0,0,0,0
-20.682,-32.8131,0,0,0,0,0,0,0,0
-20.672,-32.8031,0,0,0,0,0,0,0,0
-20.662,-32.7931,0,0,0,0,0,0,0,0
-20.652,-32.7831,0,0,0,0,0,0,0,0
-20.642,-32.7731,0,0,0,0,0,0,0,0
-20.632,-32.7631,0,0,0,0,0,0,0,0
-20.622,-32.7531,0,0,0,0,0,0,0,0
-20.612,-32.7431,0,0,0,0,0,0,0,0
-20.602,-32.7331,0,0,0,0,0,0,0,0
-20.592,-32.7231,0,0,0,0,0,0,0,0
-20.582,-32.7131,0,0,0,0,0,0,0,0
-20.572,-32.7031,0,0,0,0,0,0,0,0
-20.562,-32.6931,0,0,0,0,0,0,0,0
-20.552,-32.6831,0,0,0,0,0,0,0,0
-20.542,-32.6731,0,0,0,0,0,0,0,0
-20.532,-32.6631,0,0,0,0,0,0,0,0
-20.522,-32.6531,0,0,0,0,0,0,0,0
-20.512,-32.6431,0,0,0,0,0,0,0,0
-20.502,-32.6331,0,0,0,0,0,0,0,0
-20.492,-32.6231,0,0,0,0,0,0,0,0
-20.482,-32.6131,0,0,0,0,0,0,0,0
-20.472,-32.6031,0,0,0,0,0,0,0,0
-20.462,-32.5931,0,0,0,0,0,0,0,0
-20.452,-32.5831,0,0,0,0,0,0,0,0
-20.442,-32.5731,0,0,0,0,0,0,0,0
-20.432,-32.5631,0,0,0,0,0,0,0,0
-20.422,-32.5531,0,0,0,0,0,0,0,0
-20.412,-32.5431,0,0,0,0,0,0,0,0
-20.402,-32.5331,0,0,0,0,0,0,0,0
-20.392,-32.5231,0,0,0,0,0,0,0,0
-20.382,-32.5131,0,0,0,0,0,0,0,0
-20.372,-32.5031,0,0,0,0,0,0,0,0
-20.362,-32.4931,0,0,0,0,0,0,0,0
-20.352,-32.4831,0,0,0,0,0,0,0,0
-20.342,-32.4731,0,0,0,0,0,0,0,0
-20.332,-32.4631,0,0,0,0,0,0,0,0
-20.322,-32.4531,0,0,0,0,0,0,0,0
-20.312,-32.4431,0,0,0,0,0,0,0,0
-20.302,-32.4331,0,0,0,0,0,0,0,0
-20.292,-32.4231,0,0,0,0,0,0,0,0
-20.282,-32.4131,0,0,0,0,0,0,0,0
-20.272,-32.4031,0,0,0,0,0,0,0,0
-20.262,-32.3931,0,0,0,0,0,0,0,0
-20.252,-32.3831,0,0,0,0,0,0,0,0
-20.242,-32.3731,0,0,0,0,0,0,0,0
-20.232,-32.3631,0,0,0,0,0,0,0,0
-20.222,-32.3531,0,0,0,0,0,0,0,0
-20.212,-32.3431,0,0,0,0,0,0,0,0
-20.202,-32.3331,0,0,0,0,0,0,0,0
-20.192,-32.3231,0,0,0,0,0,0,0,0
-20.182,-32.3131,0,0,0,0,0,0,0,0
-20.172,-32.3031,0,0,0,0,0,0,0,0
-20.162,-32.2931,0,0,0,0,0,0,0,0
-20.152,-32.2831,0,0,0,0,0,0,0,0
-20.142,-32.2731,0,0,0,0,0,0,0,0
-20.132,-32.2631,0,0,0,0,0,0,0,0
-20.122,-32.2531,0,0,0,0,0,0,0,0
-20.112,-32.2431,0,0,0,0,0,0,0,0
-20.102,-32.2331,0,0,0,0,0,0,0,0
-20.092,-32.2231,0,0,0,0,0,0,0,0
-20.082,-32.2131,0,0,0,0,0,0,0,0
-20.072,-32.2031,0,0,0,0,0,0,0,0
-20.062,-32.1931,0,0,0,0,0,0,0,0
-20.052,-32.1831,0,0,0,0,0,0,0,0
-20.042,-32.1731,0,0,0,0,0,0,0,0
-20.032,-32.1631,0,0,0,0,0,0,0,0
-20.022,-32.1531,0,0,0,0,0,0,0,0
-20.012,-32.1431,0,0,0,0,0,0,0,0
-20.002,-32.1331,0,0,0,0,0,0,0,0
-19.992,-32.1231,0,0,0,0,0,0,0,0
-19.982,-32.1131,0,0,0,0,0,0,0,0
-19.972,-32.1031,0,0,0,0,0,0,0,0
-19.962,-32.0931,0,0,0,0,0,0,0,0
-19.952,-32.0831,0,0,0,0,0,0,0,0
-19.942,-32.0731,0,0,0,0,0,0,0,0
-19.932,-32.0631,0,0,0,0,0,0,0,0
-19.922,-32.0531,0,0,0,0,0,0,0,0
-19.912,-32.0431,0,0,0,0,0,0,0,0
-19.902,-32.0331,0,0,0,0,0,0,0,0
-19.892,-32.0231,0,0,0,0,0,0,0,0
-19.882,-32.0131,0,0,0,0,0,0,0,0
-19.872,-32.0031,0,0,0,0,0,0,0,0
-19.862,-31.9931,0,0,0,0,0,0,0,0
-19.852,-31.9831,0,0,0,0,0,0,0,0
-19.842,-31.9731,0,0,0,0,0,0,0,0
-19.832,-31.9631,0,0,0,0,0,0,0,0
-19.822,-31.9531,0,0,0,0,0,0,0,0
-19.812,-31.9431,0,0,0,0,0,0,0,0
-19.802,-31.9331,0,0,0,0,0,0,0,0
-19.792,-31.9231,0,0,0,0,0,0,0,0
-19.782,-31.9131,0,0,0,0,0,0,0,0
-19.772,-31.9031,0,0,0,0,0,0,0,0
-19.762,-31.8931,0,0,0,0,0,0,0,0
-19.752,-31.8831,0,0,0,0,0,0,0,0
-19.742,-31.8731,0,0,0,0,0,0,0,0
-19.732,-31.8631,0,0,0,0,0,0,0,0
-19.722,-31.8531,0,0,0,0,0,0,0,0
-19.712,-31.8431,0,0,0,0,0,0,0,0
-19.702,-31.8331,0,0,0,0,0,0,0,0
-19.692,-31.8231,0,0,0,0,0,0,0,0
-19.682,-31.8131,0,0,0,0,0,0,0,0
-19.672,-31.8031,0,0,0,0,0,0,0,0
-19.662,-31.7931,0,0,0,0,0,0,0,0
-19.652,-31.7831,0,0,0,0,0,0,0,0
-19.642,-31.7731,0,0,0,0,0,0,0,0
-19.632,-31.7631,0,0,0,0,0,0,0,0
-19.622,-31.7531,0,0,0,0,0,0,0,0
-19.612,-31.7431,0,0,0,0,0,0,0,0
-19.602,-31.7331,0,0,0,0,0,0,0,0
-19.592,-31.7231,0,0,0,0,0,0,0,0
-19.582,-31.7131,0,0,0,0,0,0,0,0
-19.572,-31.7031,0,0,0,0,0,0,0,0
-19.562,-31.6931,0,0,0,0,0,0,0,0
-19.552,-31.6831,0,0,0,0,0,0,0,0
-19.542,-31.6731,0,0,0,0,0,0,0,0
-19.532,-31.6631,0,0,0,0,0,0,0,0
-19.522,-31.6531,0,0,0,0,0,0,0,0
-19.512,-31.6431,0,0,0,0,0,0,0,0
-19.502,-31.6331,0,0,0,0,0,0,0,0
-19.492,-31.6231,0,0,0,0,0,0,0,0
-19.482,-31.6131,0,0,0,0,0,0,0,0
-19.472,-31.6031,0,0,0,0,0,0,0,0
-19.462,-31.5931,0,0,0,0,0,0,0,0
-19.452,-31.5831,0,0,0,0,0,0,0,0
-19.442,-31.5731,0,0,0,0,0,0,0,0
-19.432,-31.5631,0,0,0,0,0,0,0,0
-19.422,-31.5531,0,0,0,0,0,0,0,0
-19.412,-31.5431,0,0,0,0,0,0,0,0
-19.402,-31.5331,0,0,0,0,0,0,0,0
-19.392,-31.5231,0,0,0,0,0,0,0,0
-19.382,-31.5131,0,0,0,0,0,0,0,0
-19.372,-31.5031,0,0,0,0,0,0,0,0
-19.362,-31.4931,0,0,0,0,0,0,0,0
-19.352,-31.4831,0,0,0,0,0,0,0,0
-19.342,-31.4731,0,0,0,0,0,0,0,0
-19.332,-31.4631,0,0,0,0,0,0,0,0
-19.322,-31.4531,0,0,0,0,0,0,0,0
-19.312,-31.4431,0,0,0,0,0,0,0,0
-19.302,-31.4331,0,0,0,0,0,0,0,0
-19.292,-31.4231,0,0,0,0,0,0,0,0
-19.282,-31.4131,0,0,0,0,0,0,0,0
-19.272,-31.4031,0,0,0,0,0,0,0,0
-19.262,-31.3931,0,0,0,0,0,0,0,0
-19.252,-31.3831,0,0,0,0,0,0,0,0
-19.242,-31.3731,0,0,0,0,0,0,0,0
-19.232,-31.3631,0,0,0,0,0,0,0,0
-19.222,-31.3531,0,0,0,0,0,0,0,0
-19.212,-31.3431,0,0,0,0,0,0,0,0
-19.202,-31.3331,0,0,0,0,0,0,0,0
-19.192,-31.3231,0,0,0,0,0,0,0,0
-19.182,-31.3131,0,0,0,0,0,0,0,0
-19.172,-31.3031,0,0,0,0,0,0,0,0
-19.162,-31.2931,0,0,0,0,0,0,0,0
-19.152,-31.2831,0,0,0,0,0,0,0,0
-19.142,-31.2731,0,0,0,0,0,0,0,0
-19.132,-31.2631,0,0,0,0,0,0,0,0
-19.122,-31.2531,0,0,0,0,0,0,0,0
-19.112,-31.2431,0,0,0,0,0,0,0,0
-19.102,-31.2331,0,0,0,0,0,0,0,0
-19.092,-31.2231,0,0,0,0,0,0,0,0
-19.082,-31.2131,0,0,0,0,0,0,0,0
-19.072,-31.2031,0,0,0,0,0,0,0,0
-19.062,-31.1931,0,0,0,0,0,0,0,0
-19.052,-31.1831,0,0,0,0,0,0,0,0
-19.042,-31.1731,0,0,0,0,0,0,0,0
-19.032,-31.1631,0,0,0,0,0,0,0,0
-19.022,-31.1531,0,0,0,0,0,0,0,0
-19.012,-31.1431,0,0,0,0,0,0,0,0
-19.002,-31.1331,0,0,0,0,0,0,0,0
-18.992,-31.1231,0,0,0,0,0,0,0,0
-18.982,-31.1131,0,0,0,0,0,0,0,0
-18.972,-31.1031,0,0,0,0,0,0,0,0
-18.962,-31.0931,0,0,0,0,0,0,0,0
-18.952,-31.0831,0,0,0,0,0,0,0,0
-18.942,-31.0731,0,0,0,0,0,0,0,0
-18.932,-31.0631,0,0,0,0,0,0,0,0
-18.922,-31.0531,0,0,0,0,0,0,0,0
-18.912,-31.0431,0,0,0,0,0,0,0,0
-18.902,-31.0331,0,0,0,0,0,0,0,0
-18.892,-31.0231,0,0,0,0,0,0,0,0
-18.882,-31.0131,0,0,0,0,0,0,0,0
-18.872,-31.0031,0,0,0,0,0,0,0,0
-18.862,-30.9931,0,0,0,0,0,0,0,0
-18.852,-30.9831,0,0,0,0,0,0,0,0
-18.842,-30.9731,0,0,0,0,0,0,0,0
-18.832,-30.9631,0,0,0,0,0,0,0,0
-18.822,-30.9531,0,0,0,0,0,0,0,0
-18.812,-30.9431,0,0,0,0,0,0,0,0
-18.802,-30.9331,0,0,0,0,0,0,0,0
-18.792,-30.9231,0,0,0,0,0,0,0,0
-18.782,-30.9131,0,0,0,0,0,0,0,0
-18.772,-30.9031,0,0,0,0,0,0,0,0
-18.762,-30.8931,0,0,0,0,0,0,0,0
-18.752,-30.8831,0,0,0,0,0,0,0,0
-18.742,-30.8731,0,0,0,0,0,0,0,0
-18.732,-30.8631,0,0,0,0,0,0,0,0
-18.722,-30.8531,0,0,0,0,0,0,0,0
-18.712,-30.8431,0,0,0,0,0,0,0,0
-18.702,-30.8331,0,0,0,0,0,0,0,0
-18.692,-30.8231,0,0,0,0,0,0,0,0
-18.682,-30.8131,0,0,0,0,0,0,0,0
-18.672,-30.8031,0,0,0,0,0,0,0,0
-18.662,-30.7931,0,0,0,0,0,0,0,0
-18.652,-30.7831,0,0,0,0,0,0,0,0
-18.642,-30.7731,0,0,0,0,0,0,0,0
-18.632,-30.7631,0,0,0,0,0,0,0,0
-18.622,-30.7531,0,0,0,0,0,0,0,0
-18.612,-30.7431,0,0,0,0,0,0,0,0
-18.602,-30.7331,0,0,0,0,0,0,0,0
-18.592,-30.7231,0,0,0,0,0,0,0,0
-18.582,-30.7131,0,0,0,0,0,0,0,0
-18.572,-30.7031,0,0,0,0,0,0,0,0
-18.562,-30.6931,0,0,0,0,0,0,0,0
-18.552,-30.6831,0,0,0,0,0,0,0,0
-18.542,-30.6731,0,0,0,0,0,0,0,0
-18.532,-30.6631,0,0,0,0,0,0,0,0
-18.522,-30.6531,0,0,0,0,0,0,0,0
-18.512,-30.6431,0,0,0,0,0,0,0,0
-18.502,-30.6331,0,0,0,0,0,0,0,0
-18.492,-30.6231,0,0,0,0,0,0,0,0
-18.482,-30.6131,0,0,0,0,0,0,0,0
-18.472,-30.6031,0,0,0,0,0,0,0,0
-18.462,-30.5931,0,0,0,0,0,0,0,0
-18.452,-30.5831,0,0,0,0,0,0,0,0
-18.442,-30.5731,0,0,0,0,0,0,0,0
-18.432,-30.5631,0,0,0,0,0,0,0,0
-18.422,-30.5531,0,0,0,0,0,0,0,0
-18.412,-30.5431,0,0,0,0,0,0,0,0
-18.402,-30.5331,0,0,0,0,0,0,0,0
-18.392,-30.5231,0,0,0,0,0,0,0,0
-18.382,-30.5131,0,0,0,0,0,0,0,0
-18.372,-30.5031,0,0,0,0,0,0,0,0
-18.362,-30.4931,0,0,0,0,0,0,0,0
-18.352,-30.4831,0,0,0,0,0,0,0,0
-18.342,-30.4731,0,0,0,0,0,0,0,0
-18.332,-30.4631,0,0,0,0,0,0,0,0
-18.322,-30.4531,0,0,0,0,0,0,0,0
-18.312,-30.4431,0,0,0,0,0,0,0,0
-18.302,-30.4331,0,0,0,0,0,0,0,0
-18.292,-30.4231,0,0,0,0,0,0,0,0
-18.282,-30.4131,0,0,0,0,0,0,0,0
-18.272,-30.4031,0,0,0,0,0,0,0,0
-18.262,-30.3931,0,0,0,0,0,0,0,0
-18.252,-30.3831,0,0,0,0,0,0,0,0
-18.242,-30.3731,0,0,0,0,0,0,0,0
-18.232,-30.3631,0,0,0,0,0,0,0,0
-18.222,-30.3531,0,0,0,0,0,0,0,0
-18.212,-30.3431,0,0,0,0,0,0,0,0
-18.202,-30.3331,0,0,0,0,0,0,0,0
-18.192,-30.3231,0,0,0,0,0,0,0,0
-18.182,-30.3131,0,0,0,0,0,0,0,0
-18.172,-30.3031,0,0,0,0,0,0,0,0
-18.162,-30.2931,0,0,0,0,0,0,0,0
-18.152,-30.2831,0,0,0,0,0,0,0,0
-18.142,-30.2731,0,0,0,0,0,0,0,0
-18.132,-30.2631,0,0,0,0,0,0,0,0
-18.122,-30.2531,0,0,0,0,0,0,0,0
-18.112,-30.2431,0,0,0,0,0,0,0,0
-18.102,-30.2331,0,0,0,0,0,0,0,0
-18.092,-30.2231,0,0,0,0,0,0,0,0
-18.082,-30.2131,0,0,0,0,0,0,0,0
-18.072,-30.2031,0,0,0,0,0,0,0,0
-18.062,-30.1931,0,0,0,0,0,0,0,0
-18.052,-30.1831,0,0,0,0,0,0,0,0
-18.042,-30.1731,0,0,0,0,0,0,0,0
-18.032,-30.1631,0,0,0,0,0,0,0,0
-18.022,-30.1531,0,0,0,0,0,0,0,0
-18.012,-30.1431,0,0,0,0,0,0,0,0
-18.002,-30.1331,0,0,0,0,0,0,0,0
-17.992,-30.1231,0,0,0,0,0,0,0,0
-17.982,-30.1131,0,0,0,0,0,0,0,0
-17.972,-30.1031,0,0,0,0,0,0,0,0
-17.962,-30.0931,0,0,0,0,0,0,0,0
-17.952,-30.0831,0,0,0,0,0,0,0,0
-17.942,-30.0731,0,0,0,0,0,0,0,0
-17.932,-30.0631,0,0,0,0,0,0,0,0
-17.922,-30.0531,0,0,0,0,0,0,0,0
-17.912,-30.0431,0,0,0,0,0,0,0,0
-17.902,-30.0331,0,0,0,0,0,0,0,0
-17.892,-30.0231,0,0,0,0,0,0,0,0
-17.882,-30.0131,0,0,0,0,0,0,0,0
-17.872,-30.0031,0,0,0,0,0,0,0,0
-17.862,-29.9931,0,0,0,0,0,0,0,0
-17.852,-29.9831,0,0,0,0,0,0,0,0
-17.842,-29.9731,0,0,0,0,0,0,0,0
-17.832,-29.9631,0,0,0,0,0,0,0,0
-17.822,-29.9531,0,0,0,0,0,0,0,0
-17.812,-29.9431,0,0,0,0,0,0,0,0
-17.802,-29.9331,0,0,0,0,0,0,0,0
-17.792,-29.9231,0,0,0,0,0,0,0,0
-17.782,-29.9131,0,0,0,0,0,0,0,0
-17.772,-29.9031,0,0,0,0,0,0,0,0
-17.762,-29.8931,0,0,0,0,0,0,0,0
-17.752,-29.8831,0,0,0,0,0,0,0,0
-17.742,-29.8731,0,0,0,0,0,0,0,0
-17.732,-29.8631,0,0,0,0,0,0,0,0
-17.722,-29.8531,0,0,0,0,0,0,0,0
-17.712,-29.8431,0,0,0,0,0,0,0,0
-17.702,-29.8331,0,0,0,0,0,0,0,0
-17.692,-29.8231,0,0,0,0,0,0,0,0
-17.682,-29.8131,0,0,0,0,0,0,0,0
-17.672,-29.8031,0,0,0,0,0,0,0,0
-17.662,-29.7931,0,0,0,0,0,0,0,0
-17.652,-29.7831,0,0,0,0,0,0,0,0
-17.642,-29.7731,0,0,0,0,0,0,0,0
-17.632,-29.7631,0,0,0,0,0,0,0,0
-17.622,-29.7531,0,0,0,0,0,0,0,0
-17.612,-29.7431,0,0,0,0,0,0,0,0
-17.602,-29.7331,0,0,0,0,0,0,0,0
-17.592,-29.7231,0,0,0,0,0,0,0,0
-17.582,-29.7131,0,0,0,0,0,0,0,0
-17.572,-29.7031,0,0,0,0,0,0,0,0
-17.562,-29.6931,0,0,0,0,0,0,0,0
-17.552,-29.6831,0,0,0,0,0,0,0,0
-17.542,-29.6731,0,0,0,0,0,0,0,0
-17.532,-29.6631,0,0,0,0,0,0,0,0
-17.522,-29.6531,0,0,0,0,0,0,0,0
-17.512,-29.6431,0,0,0,0,0,0,0,0
-17.502,-29.6331,0,0,0,0,0,0,0,0
-17.492,-29.6231,0,0,0,0,0,0,0,0
-17.482,-29.6131,0,0,0,0,0,0,0,0
-17.472,-29.6031,0,0,0,0,0,0,0,0
-17.462,-29.5931,0,0,0,0,0,0,0,0
-17.452,-29.5831,0,0,0,0,0,0,0,0
-17.442,-29.5731,0,0,0,0,0,0,0,0
-17.432,-29.5631,0,0,0,0,0,0,0,0
-17.422,-29.5531,0,0,0,0,0,0,0,0
-17.412,-29.5431,0,0,0,0,0,0,0,0
-17.402,-29.5331,0,0,0,0,0,0,0,0
-17.392,-29.5231,0,0,0,0,0,0,0,0
-17.382,-29.5131,0,0,0,0,0,0,0,0
-17.372,-29.5031,0,0,0,0,0,0,0,0
-17.362,-29.4931,0,0,0,0,0,0,0,0
-17.352,-29.4831,0,0,0,0,0,0,0,0
-17.342,-29.4731,0,0,0,0,0,0,0,0
-17.332,-29.4631,0,0,0,0,0,0,0,0
-17.322,-29.4531,0,0,0,0,0,0,0,0
-17.312,-29.4431,0,0,0,0,0,0,0,0
-17.302,-29.4331,0,0,0,0,0,0,0,0
-17.292,-29.4231,0,0,0,0,0,0,0,0
-17.282,-29.4131,0,0,0,0,0,0,0,0
-17.272,-29.4031,0,0,0,0,0,0,0,0
-17.262,-29.3931,0,0,0,0,0,0,0,0
-17.252,-29.3831,0,0,0,0,0,0,0,0
-17.242,-29.3731,0,0,0,0,0,0,0,0
-17.232,-29.3631,0,0,0,0,0,0,0,0
-17.222,-29.3531,0,0,0,0,0,0,0,0
-17.212,-29.3431,0,0,0,0,0,0,0,0
-17.202,-29.3331,0,0,0,0,0,0,0,0
-17.192,-29.3231,0,0,0,0,0,0,0,0
-17.182,-29.3131,0,0,0,0,0,0,0,0
-17.172,-29.3031,0,0,0,0,0,0,0,0
-17.162,-29.2931,0,0,0,0,0,0,0,0
-17.152,-29.2831,0,0,0,0,0,0,0,0
-17.142,-29.2731,0,0,0,0,0,0,0,0
-17.132,-29.2631,0,0,0,0,0,0,0,0
-17.122,-29.2531,0,0,0,0,0,0,0,0
-17.112,-29.2431,0,0,0,0,0,0,0,0
-17.102,-29.2331,0,0,0,0,0,0,0,0
-17.092,-29.2231,0,0,0,0,0,0,0,0
-17.082,-29.2131,0,0,0,0,0,0,0,0
-17.072,-29.2031,0,0,0,0,0,0,0,0
-17.062,-29.1931,0,0,0,0,0,0,0,0
-17.052,-29.1831,0,0,0,0,0,0,0,0
-17.042,-29.1731,0,0,0,0,0,0,0,0
-17.032,-29.1631,0,0,0,0,0,0,0,0
-17.022,-29.1531,0,0,0,0,0,0,0,0
-17.012,-29.1431,0,0,0,0,0,0,0,0
-17.002,-29.1331,0,0,0,0,0,0,0,0
-16.992,-29.1231,0,0,0,0,0,0,0,0
-16.982,-29.1131,0,0,0,0,0,0,0,0
-16.972,-29.1031,0,0,0,0,0,0,0,0
-16.962,-29.0931,0,0,0,0,0,0,0,0
-16.952,-29.0831,0,0,0,0,0,0,0,0
-16.942,-29.0731,0,0,0,0,0,0,0,0
-16.932,-29.0631,0,0,0,0,0,0,0,0
-16.922,-29.0531,0,0,0,0,0,0,0,0
-16.912,-29.0431,0,0,0,0,0,0,0,0
-16.902,-29.0331,0,0,0,0,0,0,0,0
-16.892,-29.0231,0,0,0,0,0,0,0,0
-16.882,-29.0131,0,0,0,0,0,0,0,0
-16.872,-29.0031,0,0,0,0,0,0,0,0
-16.862,-28.9931,0,0,0,0,0,0,0,0
-16.852,-28.9831,0,0,0,0,0,0,0,0
-16.842,-28.9731,0,0,0,0,0,0,0,0
-16.832,-28.9631,0,0,0,0,0,0,0,0
-16.822,-28.9531,0,0,0,0,0,0,0,0
-16.812,-28.9431,0,0,0,0,0,0,0,0
-16.802,-28.9331,0,0,0,0,0,0,0,0
-16.792,-28.9231,0,0,0,0,0,0,0,0
-16.782,-28.9131,0,0,0,0,0,0,0,0
-16.772,-28.9031,0,0,0,0,0,0,0,0
-16.762,-28.8931,0,0,0,0,0,0,0,0
-16.752,-28.8831,0,0,0,0,0,0,0,0
-16.742,-28.8731,0,0,0,0,0,0,0,0
-16.732,-28.8631,0,0,0,0,0,0,0,0
-16.722,-28.8531,0,0,0,0,0,0,0,0
-16.712,-28.8431,0,0,0,0,0,0,0,0
-16.702,-28.8331,0,0,0,0,0,0,0,0
-16.692,-28.8231,0,0,0,0,0,0,0,0
-16.682,-28.8131,0,0,0,0,0,0,0,0
-16.672,-28.8031,0,0,0,0,0,0,0,0
-16.662,-28.7931,0,0,0,0,0,0,0,0
-16.652,-28.7831,0,0,0,0,0,0,0,0
-16.642,-28.7731,0,0,0,0,0,0,0,0
-16.632,-28.7631,0,0,0,0,0,0,0,0
-16.622,-28.7531,0,0,0,0,0,0,0,0
-16.612,-28.7431,0,0,0,0,0,0,0,0
-16.602,-28.7331,0,0,0,0,0,0,0,0
-16.592,-28.7231,0,0,0,0,0,0,0,0
-16.582,-28.7131,0,0,0,0,0,0,0,0
-16.572,-28.7031,0,0,0,0,0,0,0,0
-16.562,-28.6931,0,0,0,0,0,0,0,0
-16.552,-28.6831,0,0,0,0,0,0,0,0
-16.542,-28.6731,0,0,0,0,0,0,0,0
-16.532,-28.6631,0,0,0,0,0,0,0,0
-16.522,-28.6531,0,0,0,0,0,0,0,0
-16.512,-28.6431,0,0,0,0,0,0,0,0
-16.502,-28.6331,0,0,0,0,0,0,0,0
-16.492,-28.6231,0,0,0,0,0,0,0,0
-16.482,-28.6131,0,0,0,0,0,0,0,0
-16.472,-28.6031,0,0,0,0,0,0,0,0
-16.462,-28.5931,0,0,0,0,0,0,0,0
-16.452,-28.5831,0,0,0,0,0,0,0,0
-16.442,-28.5731,0,0,0,0,0,0,0,0
-16.432,-28.5631,0,0,0,0,0,0,0,0
-16.422,-28.5531,0,0,0,0,0,0,0,0
-16.412,-28.5431,0,0,0,0,0,0,0,0
-16.402,-28.5331,0,0,0,0,0,0,0,0
-16.392,-28.5231,0,0,0,0,0,0,0,0
-16.382,-28.5131,0,0,0,0,0,0,0,0
-16.372,-28.5031,0,0,0,0,0,0,0,0
-16.362,-28.4931,0,0,0,0,0,0,0,0
-16.352,-28.4831,0,0,0,0,0,0,0,0
-16.342,-28.4731,0,0,0,0,0,0,0,0
-16.332,-28.4631,0,0,0,0,0,0,0,0
-16.322,-28.4531,0,0,0,0,0,0,0,0
-16.312,-28.4431,0,0,0,0,0,0,0,0
-16.302,-28.4331,0,0,0,0,0,0,0,0
-16.292,-28.4231,0,0,0,0,0,0,0,0
-16.282,-28.4131,0,0,0,0,0,0,0,0
-16.272,-28.4031,0,0,0,0,0,0,0,0
-16.262,-28.3931,0,0,0,0,0,0,0,0
-16.252,-28.3831,0,0,0,0,0,0,0,0
-16.242,-28.3731,0,0,0,0,0,0,0,0
-16.232,-28.3631,0,0,0,0,0,0,0,0
-16.222,-28.3531,0,0,0,0,0,0,0,0
-16.212,-28.3431,0,0,0,0,0,0,0,0
-16.202,-28.3331,0,0,0,0,0,0,0,0
-16.192,-28.3231,0,0,0,0,0,0,0,0
-16.182,-28.3131,0,0,0,0,0,0,0,0
-16.172,-28.3031,0,0,0,0,0,0,0,0
-16.162,-28.2931,0,0,0,0,0,0,0,0
-16.152,-28.2831,0,0,0,0,0,0,0,0
-16.142,-28.2731,0,0,0,0,0,0,0,0
-16.132,-28.2631,0,0,0,0,0,0,0,0
-16.122,-28.2531,0,0,0,0,0,0,0,0
-16.112,-28.2431,0,0,0,0,0,0,0,0
-16.102,-28.2331,0,0,0,0,0,0,0,0
-16.092,-28.2231,0,0,0,0,0,0,0,0
-16.082,-28.2131,0,0,0,0,0,0,0,0
-16.072,-28.2031,0,0,0,0,0,0,0,0
-16.062,-28.1931,0,0,0,0,0,0,0,0
-16.052,-28.1831,0,0,0,0,0,0,0,0
-16.042,-28.1731,0,0,0,0,0,0,0,0
-16.032,-28.1631,0,0,0,0,0,0,0,0
-16.022,-28.1531,0,0,0,0,0,0,0,0
-16.012,-28.1431,0,0,0,0,0,0,0,0
-16.002,-28.1331,0,0,0,0,0,0,0,0
-15.992,-28.1231,0,0,0,0,0,0,0,0
-15.982,-28.1131,0,0,0,0,0,0,0,0
-15.972,-28.1031,0,0,0,0,0,0,0,0
-15.962,-28.0931,0,0,0,0,0,0,0,0
-15.952,-28.0831,0,0,0,0,0,0,0,0
-15.942,-28.0731,0,0,0,0,0,0,0,0
-15.932,-28.0631,0,0,0,0,0,0,0,0
-15.922,-28.0531,0,0,0,0,0,0,0,0
-15.912,-28.0431,0,0,0,0,0,0,0,0
-15.902,-28.0331,0,0,0,0,0,0,0,0
-15.892,-28.0231,0,0,0,0,0,0,0,0
-15.882,-28.0131,0,0,0,0,0,0,0,0
-15.872,-28.0031,0,0,0,0,0,0,0,0
-15.862,-27.9931,0,0,0,0,0,0,0,0
-15.852,-27.9831,0,0,0,0,0,0,0,0
-15.842,-27.9731,0,0,0,0,0,0,0,0
-15.832,-27.9631,0,0,0,0,0,0,0,0
-15.822,-27.9531,0,0,0,0,0,0,0,0
-15.812,-27.9431,0,0,0,0,0,0,0,0
-15.802,-27.9331,0,0,0,0,0,0,0,0
-15.792,-27.9231,0,0,0,0,0,0,0,0
-15.782,-27.9131,0,0,0,0,0,0,0,0
-15.772,-27.9031,0,0,0,0,0,0,0,0
-15.762,-27.8931,0,0,0,0,0,0,0,0
-15.752,-27.8831,0,0,0,0,0,0,0,0
-15.742,-27.8731,0,0,0,0,0,0,0,0
-15.732,-27.8631,0,0,0,0,0,0,0,0
-15.722,-27.8531,0,0,0,0,0,0,0,0
-15.712,-27.8431,0,0,0,0,0,0,0,0
-15.702,-27.8331,0,0,0,0,0,0,0,0
-15.692,-27.8231,0,0,0,0,0,0,0,0
-15.682,-27.8131,0,0,0,0,0,0,0,0
-15.672,-27.8031,0,0,0,0,0,0,0,0
-15.662,-27.7931,0,0,0,0,0,0,0,0
-15.652,-27.7831,0,0,0,0,0,0,0,0
-15.642,-27.7731,0,0,0,0,0,0,0,0
-15.632,-27.7631,0,0,0,0,0,0,0,0
-15.622,-27.7531,0,0,0,0,0,0,0,0
-15.612,-27.7431,0,0,0,0,0,0,0,0
-15.602,-27.7331,0,0,0,0,0,0,0,0
-15.592,-27.7231,0,0,0,0,0,0,0,0
-15.582,-27.7131,0,0,0,0,0,0,0,0
-15.572,-27.7031,0,0,0,0,0,0,0,0
-15.562,-27.6931,0,0,0,0,0,0,0,0
-15.552,-27.6831,0,0,0,0,0,0,0,0
-15.542,-27.6731,0,0,0,0,0,0,0,0
-15.532,-27.6631,0,0,0,0,0,0,0,0
-15.522,-27.6531,0,0,0,0,0,0,0,0
-15.512,-27.6431,0,0,0,0,0,0,0,0
-15.502,-27.6331,0,0,0,0,0,0,0,0
-15.492,-27.6231,0,0,0,0,0,0,0,0
-15.482,-27.6131,0,0,0,0,0,0,0,0
-15.472,-27.6031,0,0,0,0,0,0,0,0
-15.462,-27.5931,0,0,0,0,0,0,0,0
-15.452,-27.5831,0,0,0,0,0,0,0,0
-15.442,-27.5731,0,0,0,0,0,0,0,0
-15.432,-27.5631,0,0,0,0,0,0,0,0
-15.422,-27.5531,0,0,0,0,0,0,0,0
-15.412,-27.5431,0,0,0,0,0,0,0,0
-15.402,-27.5331,0,0,0,0,0,0,0,0
-15.392,-27.5231,0,0,0,0,0,0,0,0
-15.382,-27.5131,0,0,0,0,0,0,0,0
-15.372,-27.5031,0,0,0,0,0,0,0,0
-15.362,-27.4931,0,0,0,0,0,0,0,0
-15.352,-27.4831,0,0,0,0,0,0,0,0
-15.342,-27.4731,0,0,0,0,0,0,0,0
-15.332,-27.4631,0,0,0,0,0,0,0,0
-15.322,-27.4531,0,0,0,0,0,0,0,0
-15.312,-27.4431,0,0,0,0,0,0,0,0
-15.302,-27.4331,0,0,0,0,0,0,0,0
-15.292,-27.4231,0,0,0,0,0,0,0,0
-15.282,-27.4131,0,0,0,0,0,0,0,0
-15.272,-27.4031,0,0,0,0,0,0,0,0
-15.262,-27.3931,0,0,0,0,0,0,0,0
-15.252,-27.3831,0,0,0,0,0,0,0,0
-15.242,-27.3731,0,0,0,0,0,0,0,0
-15.232,-27.3631,0,0,0,0,0,0,0,0
-15.222,-27.3531,0,0,0,0,0,0,0,0
-15.212,-27.3431,0,0,0,0,0,0,0,0
-15.202,-27.3331,0,0,0,0,0,0,0,0
-15.192,-27.3231,0,0,0,0,0,0,0,0
-15.182,-27.3131,0,0,0,0,0,0,0,0
-15.172,-27.3031,0,0,0,0,0,0,0,0
-15.162,-27.2931,0,0,0,0,0,0,0,0
-15.152,-27.2831,0,0,0,0,0,0,0,0
-15.142,-27.2731,0,0,0,0,0,0,0,0
-15.132,-27.2631,0,0,0,0,0,0,0,0
-15.122,-27.2531,0,0,0,0,0,0,0,0
-15.112,-27.2431,0,0,0,0,0,0,0,0
-15.102,-27.2331,0,0,0,0,0,0,0,0
-15.092,-27.2231,0,0,0,0,0,0,0,0
-15.082,-27.2131,0,0,0,0,0,0,0,0
-15.072,-27.2031,0,0,0,0,0,0,0,0
-15.062,-27.1931,0,0,0,0,0,0,0,0
-15.052,-27.1831,0,0,0,0,0,0,0,0
-15.042,-27.1731,0,0,0,0,0,0,0,0
-15.032,-27.1631,0,0,0,0,0,0,0,0
-15.022,-27.1531,0,0,0,0,0,0,0,0
-15.012,-27.1431,0,0,0,0,0,0,0,0
-15.002,-27.1331,0,0,0,0,0,0,0,0
-14.992,-27.1231,0,0,0,0,0,0,0,0
-14.982,-27.1131,0,0,0,0,0,0,0,0
-14.972,-27.1031,0,0,0,0,0,0,0,0
-14.962,-27.0931,0,0,0,0,0,0,0,0
-14.952,-27.0831,0,0,0,0,0,0,0,0
-14.942,-27.0731,0,0,0,0,0,0,0,0
-14.932,-27.0631,0,0,0,0,0,0,0,0
-14.922,-27.0531,0,0,0,0,0,0,0,0
-14.912,-27.0431,0,0,0,0,0,0,0,0
-14.902,-27.0331,0,0,0,0,0,0,0,0
-14.892,-27.0231,0,0,0,0,0,0,0,0
-14.882,-27.0131,0,0,0,0,0,0,0,0
-14.872,-27.0031,0,0,0,0,0,0,0,0
-14.862,-26.9931,0,0,0,0,0,0,0,0
-14.852,-26.9831,0,0,0,0,0,0,0,0
-14.842,-26.9731,0,0,0,0,0,0,0,0
-14.832,-26.9631,0,0,0,0,0,0,0,0
-14.822,-26.9531,0,0,0,0,0,0,0,0
-14.812,-26.9431,0,0,0,0,0,0,0,0
-14.802,-26.9331,0,0,0,0,0,0,0,0
-14.792,-26.9231,0,0,0,0,0,0,0,0
-14.782,-26.9131,0,0,0,0,0,0,0,0
-14.772,-26.9031,0,0,0,0,0,0,0,0
-14.762,-26.8931,0,0,0,0,0,0,0,0
-14.752,-26.8831,0,0,0,0,0,0,0,0
-14.742,-26.8731,0,0,0,0,0,0,0,0
-14.732,-26.8631,0,0,0,0,0,0,0,0
-14.722,-26.8531,0,0,0,0,0,0,0,0
-14.712,-26.8431,0,0,0,0,0,0,0,0
-14.702,-26.8331,0,0,0,0,0,0,0,0
-14.692,-26.8231,0,0,0,0,0,0,0,0
-14.682,-26.8131,0,0,0,0,0,0,0,0
-14.672,-26.8031,0,0,0,0,0,0,0,0
-14.662,-26.7931,0,0,0,0,0,0,0,0
-14.652,-26.7831,0,0,0,0,0,0,0,0
-14.642,-26.7731,0,0,0,0,0,0,0,0
-14.632,-26.7631,0,0,0,0,0,0,0,0
-14.622,-26.7531,0,0,0,0,0,0,0,0
-14.612,-26.7431,0,0,0,0,0,0,0,0
-14.602,-26.7331,0,0,0,0,0,0,0,0
-14.592,-26.7231,0,0,0,0,0,0,0,0
-14.582,-26.7131,0,0,0,0,0,0,0,0
-14.572,-26.7031,0,0,0,0,0,0,0,0
-14.562,-26.6931,0,0,0,0,0,0,0,0
-14.552,-26.6831,0,0,0,0,0,0,0,0
-14.542,-26.6731,0,0,0,0,0,0,0,0
-14.532,-26.6631,0,0,0,0,0,0,0,0
-14.522,-26.6531,0,0,0,0,0,0,0,0
-14.512,-26.6431,0,0,0,0,0,0,0,0
-14.502,-26.6331,0,0,0,0,0,0,0,0
-14.492,-26.6231,0,0,0,0,0,0,0,0
-14.482,-26.6131,0,0,0,0,0,0,0,0
-14.472,-26.6031,0,0,0,0,0,0,0,0
-14.462,-26.5931,0,0,0,0,0,0,0,0
-14.452,-26.5831,0,0,0,0,0,0,0,0
-14.442,-26.5731,0,0,0,0,0,0,0,0
-14.432,-26.5631,0,0,0,0,0,0,0,0
-14.422,-26.5531,0,0,0,0,0,0,0,0
-14.412,-26.5431,0,0,0,0,0,0,0,0
-14.402,-26.5331,0,0,0,0,0,0,0,0
-14.392,-26.5231,0,0,0,0,0,0,0,0
-14.382,-26.5131,0,0,0,0,0,0,0,0
-14.372,-26.5031,0,0,0,0,0,0,0,0
-14.362,-26.4931,0,0,0,0,0,0,0,0
-14.352,-26.4831,0,0,0,0,0,0,0,0
-14.342,-26.4731,0,0,0,0,0,0,0,0
-14.332,-26.4631,0,0,0,0,0,0,0,0
-14.322,-26.4531,0,0,0,0,0,0,0,0
-14.312,-26.4431,0,0,0,0,0,0,0,0
-14.302,-26.4331,0,0,0,0,0,0,0,0
-14.292,-26.4231,0,0,0,0,0,0,0,0
-14.282,-26.4131,0,0,0,0,0,0,0,0
-14.272,-26.4031,0,0,0,0,0,0,0,0
-14.262,-26.3931,0,0,0,0,0,0,0,0
-14.252,-26.3831,0,0,0,0,0,0,0,0
-14.242,-26.3731,0,0,0,0,0,0,0,0
-14.232,-26.3631,0,0,0,0,0,0,0,0
-14.222,-26.3531,0,0,0,0,0,0,0,0
-14.212,-26.3431,0,0,0,0,0,0,0,0
-14.202,-26.3331,0,0,0,0,0,0,0,0
-14.192,-26.3231,0,0,0,0,0,0,0,0
-14.182,-26.3131,0,0,0,0,0,0,0,0
-14.172,-26.3031,0,0,0,0,0,0,0,0
-14.162,-26.2931,0,0,0,0,0,0,0,0
-14.152,-26.2831,0,0,0,0,0,0,0,0
-14.142,-26.2731,0,0,0,0,0,0,0,0
-14.132,-26.2631,0,0,0,0,0,0,0,0
-14.122,-26.2531,0,0,0,0,0,0,0,0
-14.112,-26.2431,0,0,0,0,0,0,0,0
-14.102,-26.2331,0,0,0,0,0,0,0,0
-14.092,-26.2231,0,0,0,0,0,0,0,0
-14.082,-26.2131,0,0,0,0,0,0,0,0
-14.072,-26.2031,0,0,0,0,0,0,0,0
-14.062,-26.1931,0,0,0,0,0,0,0,0
-14.052,-26.1831,0,0,0,0,0,0,0,0
-14.042,-26.1731,0,0,0,0,0,0,0,0
-14.032,-26.1631,0,0,0,0,0,0,0,0
-14.022,-26.1531,0,0,0,0,0,0,0,0
-14.012,-26.1431,0,0,0,0,0,0,0,0
-14.002,-26.1331,0,0,0,0,0,0,0,0
-13.992,-26.1231,0,0,0,0,0,0,0,0
-13.982,-26.1131,0,0,0,0,0,0,0,0
-13.972,-26.1031,0,0,0,0,0,0,0,0
-13.962,-26.0931,0,0,0,0,0,0,0,0
-13.952,-26.0831,0,0,0,0,0,0,0,0
-13.942,-26.0731,0,0,0,0,0,0,0,0
-13.932,-26.0631,0,0,0,0,0,0,0,0
-13.922,-26.0531,0,0,0,0,0,0,0,0
-13.912,-26.0431,0,0,0,0,0,0,0,0
-13.902,-26.0331,0,0,0,0,0,0,0,0
-13.892,-26.0231,0,0,0,0,0,0,0,0
-13.882,-26.0131,0,0,0,0,0,0,0,0
-13.872,-26.0031,0,0,0,0,0,0,0,0
-13.862,-25.9931,0,0,0,0,0,0,0,0
-13.852,-25.9831,0,0,0,0,0,0,0,0
-13.842,-25.9731,0,0,0,0,0,0,0,0
-13.832,-25.9631,0,0,0,0,0,0,0,0
-13.822,-25.9531,0,0,0,0,0,0,0,0
-13.812,-25.9431,0,0,0,0,0,0,0,0
-13.802,-25.9331,0,0,0,0,0,0,0,0
-13.792,-25.9231,0,0,0,0,0,0,0,0
-13.782,-25.9131,0,0,0,0,0,0,0,0
-13.772,-25.9031,0,0,0,0,0,0,0,0
-13.762,-25.8931,0,0,0,0,0,0,0,0
-13.752,-25.8831,0,0,0,0,0,0,0,0
-13.742,-25.8731,0,0,0,0,0,0,0,0
-13.732,-25.8631,0,0,0,0,0,0,0,0
-13.722,-25.8531,0,0,0,0,0,0,0,0
-13.712,-25.8431,0,0,0,0,0,0,0,0
-13.702,-25.8331,0,0,0,0,0,0,0,0
-13.692,-25.8231,0,0,0,0,0,0,0,0
-13.682,-25.8131,0,0,0,0,0,0,0,0
-13.672,-25.8031,0,0,0,0,0,0,0,0
-13.662,-25.7931,0,0,0,0,0,0,0,0
-13.652,-25.7831,0,0,0,0,0,0,0,0
-13.642,-25.7731,0,0,0,0,0,0,0,0
-13.632,-25.7631,0,0,0,0,0,0,0,0
-13.622,-25.7531,0,0,0,0,0,0,0,0
-13.612,-25.7431,0,0,0,0,0,0,0,0
-13.602,-25.7331,0,0,0,0,0,0,0,0
-13.592,-25.7231,0,0,0,0,0,0,0,0
-13.582,-25.7131,0,0,0,0,0,0,0,0
-13.572,-25.7031,0,0,0,0,0,0,0,0
-13.562,-25.6931,0,0,0,0,0,0,0,0
-13.552,-25.6831,0,0,0,0,0,0,0,0
-13.542,-25.6731,0,0,0,0,0,0,0,0
-13.532,-25.6631,0,0,0,0,0,0,0,0
-13.522,-25.6531,0,0,0,0,0,0,0,0
-13.512,-25.6431,0,0,0,0,0,0,0,0
-13.502,-25.6331,0,0,0,0,0,0,0,0
-13.492,-25.6231,0,0,0,0,0,0,0,0
-13.482,-25.6131,0,0,0,0,0,0,0,0
-13.472,-25.6031,0,0,0,0,0,0,0,0
-13.462,-25.5931,0,0,0,0,0,0,0,0
-13.452,-25.5831,0,0,0,0,0,0,0,0
-13.442,-25.5731,0,0,0,0,0,0,0,0
-13.432,-25.5631,0,0,0,0,0,0,0,0
-13.422,-25.5531,0,0,0,0,0,0,0,0
-13.412,-25.5431,0,0,0,0,0,0,0,0
-13.402,-25.5331,0,0,0,0,0,0,0,0
-13.392,-25.5231,0,0,0,0,0,0,0,0
-13.382,-25.5131,0,0,0,0,0,0,0,0
-13.372,-25.5031,0,0,0,0,0,0,0,0
-13.362,-25.4931,0,0,0,0,0,0,0,0
-13.352,-25.4831,0,0,0,0,0,0,0,0
-13.342,-25.4731,0,0,0,0,0,0,0,0
-13.332,-25.4631,0,0,0,0,0,0,0,0
-13.322,-25.4531,0,0,0,0,0,0,0,0
-13.312,-25.4431,0,0,0,0,0,0,0,0
-13.302,-25.4331,0,0,0,0,0,0,0,0
-13.292,-25.4231,0,0,0,0,0,0,0,0
-13.282,-25.4131,0,0,0,0,0,0,0,0
-13.272,-25.4031,0,0,0,0,0,0,0,0
-13.262,-25.3931,0,0,0,0,0,0,0,0
-13.252,-25.3831,0,0,0,0,0,0,0,0
-13.242,-25.3731,0,0,0,0,0,0,0,0
-13.232,-25.3631,0,0,0,0,0,0,0,0
-13.222,-25.3531,0,0,0,0,0,0,0,0
-13.212,-25.3431,0,0,0,0,0,0,0,0
-13.202,-25.3331,0,0,0,0,0,0,0,0
-13.192,-25.3231,0,0,0,0,0,0,0,0
-13.182,-25.3131,0,0,0,0,0,0,0,0
-13.172,-25.3031,0,0,0,0,0,0,0,0
-13.162,-25.2931,0,0,0,0,0,0,0,0
-13.152,-25.2831,0,0,0,0,0,0,0,0
-13.142,-25.2731,0,0,0,0,0,0,0,0
-13.132,-25.2631,0,0,0,0,0,0,0,0
-13.122,-25.2531,0,0,0,0,0,0,0,0
-13.112,-25.2431,0,0,0,0,0,0,0,0
-13.102,-25.2331,0,0,0,0,0,0,0,0
-13.092,-25.2231,0,0,0,0,0,0,0,0
-13.082,-25.2131,0,0,0,0,0,0,0,0
-13.072,-25.2031,0,0,0,0,0,0,0,0
-13.062,-25.1931,0,0,0,0,0,0,0,0
-13.052,-25.1831,0,0,0,0,0,0,0,0
-13.042,-25.1731,0,0,0,0,0,0,0,0
-13.032,-25.1631,0,0,0,0,0,0,0,0
-13.022,-25.1531,0,0,0,0,0,0,0,0
-13.012,-25.1431,0,0,0,0,0,0,0,0
-13.002,-25.1331,0,0,0,0,0,0,0,0
-12.992,-25.1231,0,0,0,0,0,0,0,0
-12.982,-25.1131,0,0,0,0,0,0,0,0
-12.972,-25.1031,0,0,0,0,0,0,0,0
-12.962,-25.0931,0,0,0,0,0,0,0,0
-12.952,-25.0831,0,0,0,0,0,0,0,0
-12.942,-25.0731,0,0,0,0,0,0,0,0
-12.932,-25.0631,0,0,0,0,0,0,0,0
-12.922,-25.0531,0,0,0,0,0,0,0,0
-12.912,-25.0431,0,0,0,0,0,0,0,0
-12.902,-25.0331,0,0,0,0,0,0,0,0
-12.892,-25.0231,0,0,0,0,0,0,0,0
-12.882,-25.0131,0,0,0,0,0,0,0,0
-12.872,-25.0031,0,0,0,0,0,0,0,0
-12.862,-24.9931,0,0,0,0,0,0,0,0
-12.852,-24.9831,0,0,0,0,0,0,0,0
-12.842,-24.9731,0,0,0,0,0,0,0,0
-12.832,-24.9631,0,0,0,0,0,0,0,0
-12.822,-24.9531,0,0,0,0,0,0,0,0
-12.812,-24.9431,0,0,0,0,0,0,0,0
-12.802,-24.9331,0,0,0,0,0,0,0,0
-12.792,-24.9231,0,0,0,0,0,0,0,0
-12.782,-24.9131,0,0,0,0,0,0,0,0
-12.772,-24.9031,0,0,0,0,0,0,0,0
-12.762,-24.8931,0,0,0,0,0,0,0,0
-12.752,-24.8831,0,0,0,0,0,0,0,0
-12.742,-24.8731,0,0,0,0,0,0,0,0
-12.732,-24.8631,0,0,0,0,0,0,0,0
-12.722,-24.8531,0,0,0,0,0,0,0,0
-12.712,-24.8431,0,0,0,0,0,0,0,0
-12.702,-24.8331,0,0,0,0,0,0,0,0
-12.692,-24.8231,0,0,0,0,0,0,0,0
-12.682,-24.8131,0,0,0,0,0,0,0,0
-12.672,-24.8031,0,0,0,0,0,0,0,0
-12.662,-24.7931,0,0,0,0,0,0,0,0
-12.652,-24.7831,0,0,0,0,0,0,0,0
-12.642,-24.7731,0,0,0,0,0,0,0,0
-12.632,-24.7631,0,0,0,0,0,0,0,0
-12.622,-24.7531,0,0,0,0,0,0,0,0
-12.612,-24.7431,0,0,0,0,0,0,0,0
-12.602,-24.7331,0,0,0,0,0,0,0,0
-12.592,-24.7231,0,0,0,0,0,0,0,0
-12.582,-24.7131,0,0,0,0,0,0,0,0
-12.572,-24.7031,0,0,0,0,0,0,0,0
-12.562,-24.6931,0,0,0,0,0,0,0,0
-12.552,-24.6831,0,0,0,0,0,0,0,0
-12.542,-24.6731,0,0,0,0,0,0,0,0
-12.532,-24.6631,0,0,0,0,0,0,0,0
-12.522,-24.6531,0,0,0,0,0,0,0,0
-12.512,-24.6431,0,0,0,0,0,0,0,0
-12.502,-24.6331,0,0,0,0,0,0,0,0
-12.492,-24.6231,0,0,0,0,0,0,0,0
-12.482,-24.6131,0,0,0,0,0,0,0,0
-12.472,-24.6031,0,0,0,0,0,0,0,0
-12.462,-24.5931,0,0,0,0,0,0,0,0
-12.452,-24.5831,0,0,0,0,0,0,0,0
-12.442,-24.5731,0,0,0,0,0,0,0,0
-12.432,-24.5631,0,0,0,0,0,0,0,0
-12.422,-24.5531,0,0,0,0,0,0,0,0
-12.412,-24.5431,0,0,0,0,0,0,0,0
-12.402,-24.5331,0,0,0,0,0,0,0,0
-12.392,-24.5231,0,0,0,0,0,0,0,0
-12.382,-24.5131,0,0,0,0,0,0,0,0
-12.372,-24.5031,0,0,0,0,0,0,0,0
-12.362,-24.4931,0,0,0,0,0,0,0,0
-12.352,-24.4831,0,0,0,0,0,0,0,0
-12.342,-24.4731,0,0,0,0,0,0,0,0
-12.332,-24.4631,0,0,0,0,0,0,0,0
-12.322,-24.4531,0,0,0,0,0,0,0,0
-12.312,-24.4431,0,0,0,0,0,0,0,0
-12.302,-24.4331,0,0,0,0,0,0,0,0
-12.292,-24.4231,0,0,0,0,0,0,0,0
-12.282,-24.4131,0,0,0,0,0,0,0,0
-12.272,-24.4031,0,0,0,0,0,0,0,0
-12.262,-24.3931,0,0,0,0,0,0,0,0
-12.252,-24.3831,0,0,0,0,0,0,0,0
-12.242,-24.3731,0,0,0,0,0,0,0,0
-12.232,-24.3631,0,0,0,0,0,0,0,0
-12.222,-24.3531,0,0,0,0,0,0,0,0
-12.212,-24.3431,0,0,0,0,0,0,0,0
-12.202,-24.3331,0,0,0,0,0,0,0,0
-12.192,-24.3231,0,0,0,0,0,0,0,0
-12.182,-24.3131,0,0,0,0,0,0,0,0
-12.172,-24.3031,0,0,0,0,0,0,0,0
-12.162,-24.2931,0,0,0,0,0,0,0,0
-12.152,-24.2831,0,0,0,0,0,0,0,0
-12.142,-24.2731,0,0,0,0,0,0,0,0
-12.132,-24.2631,0,0,0,0,0,0,0,0
-12.122,-24.2531,0,0,0,0,0,0,0,0
-12.112,-24.2431,0,0,0,0,0,0,0,0
-12.102,-24.2331,0,0,0,0,0,0,0,0
-12.092,-24.2231,0,0,0,0,0,0,0,0
-12.082,-24.2131,0,0,0,0,0,0,0,0
-12.072,-24.2031,0,0,0,0,0,0,0,0
-12.062,-24.1931,0,0,0,0,0,0,0,0
-12.052,-24.1831,0,0,0,0,0,0,0,0
-12.042,-24.1731,0,0,0,0,0,0,0,0
-12.032,-24.1631,0,0,0,0,0,0,0,0
-12.022,-24.1531,0,0,0,0,0,0,0,0
-12.012,-24.1431,0,0,0,0,0,0,0,0
-12.002,-24.1331,0,0,0,0,0,0,0,0
-11.992,-24.1231,0,0,0,0,0,0,0,0
-11.982,-24.1131,0,0,0,0,0,0,0,0
-11.972,-24.1031,0,0,0,0,0,0,0,0
-11.962,-24.0931,0,0,0,0,0,0,0,0
-11.952,-24.0831,0,0,0,0,0,0,0,0
-11.942,-24.0731,0,0,0,0,0,0,0,0
-11.932,-24.0631,0,0,0,0,0,0,0,0
-11.922,-24.0531,0,0,0,0,0,0,0,0
-11.912,-24.0431,0,0,0,0,0,0,0,0
-11.902,-24.0331,0,0,0,0,0,0,0,0
-11.892,-24.0231,0,0,0,0,0,0,0,0
-11.882,-24.0131,0,0,0,0,0,0,0,0
-11.872,-24.0031,0,0,0,0,0,0,0,0
-11.862,-23.9931,0,0,0,0,0,0,0,0
-11.852,-23.9831,0,0,0,0,0,0,0,0
-11.842,-23.9731,0,0,0,0,0,0,0,0
-11.832,-23.9631,0,0,0,0,0,0,0,0
-11.822,-23.9531,0,0,0,0,0,0,0,0
-11.812,-23.9431,0,0,0,0,0,0,0,0
-11.802,-23.9331,0,0,0,0,0,0,0,0
-11.792,-23.9231,0,0,0,0,0,0,0,0
-11.782,-23.9131,0,0,0,0,0,0,0,0
-11.772,-23.9031,0,0,0,0,0,0,0,0
-11.762,-23.8931,0,0,0,0,0,0,0,0
-11.752,-23.8831,0,0,0,0,0,0,0,0
-11.742,-23.8731,0,0,0,0,0,0,0,0
-11.732,-23.8631,0,0,0,0,0,0,0,0
-11.722,-23.8531,0,0,0,0,0,0,0,0
-11.712,-23.8431,0,0,0,0,0,0,0,0
-11.702,-23.8331,0,0,0,0,0,0,0,0
-11.692,-23.8231,0,0,0,0,0,0,0,0
-11.682,-23.8131,0,0,0,0,0,0,0,0
-11.672,-23.8031,0,0,0,0,0,0,0,0
-11.662,-23.7931,0,0,0,0,0,0,0,0
-11.652,-23.7831,0,0,0,0,0,0,0,0
-11.642,-23.7731,0,0,0,0,0,0,0,0
-11.632,-23.7631,0,0,0,0,0,0,0,0
-11.622,-23.7531,0,0,0,0,0,0,0,0
-11.612,-23.7431,0,0,0,0,0,0,0,0
-11.602,-23.7331,0,0,0,0,0,0,0,0
-11.592,-23.7231,0,0,0,0,0,0,0,0
-11.582,-23.7131,0,0,0,0,0,0,0,0
-11.572,-23.7031,0,0,0,0,0,0,0,0
-11.562,-23.6931,0,0,0,0,0,0,0,0
-11.552,-23.6831,0,0,0,0,0,0,0,0
-11.542,-23.6731,0,0,0,0,0,0,0,0
-11.532,-23.6631,0,0,0,0,0,0,0,0
-11.522,-23.6531,0,0,0,0,0,0,0,0
-11.512,-23.6431,0,0,0,0,0,0,0,0
-11.502,-23.6331,0,0,0,0,0,0,0,0
-11.492,-23.6231,0,0,0,0,0,0,0,0
-11.482,-23.6131,0,0,0,0,0,0,0,0
-11.472,-23.6031,0,0,0,0,0,0,0,0
-11.462,-23.5931,0,0,0,0,0,0,0,0
-11.452,-23.5831,0,0,0,0,0,0,0,0
-11.442,-23.5731,0,0,0,0,0,0,0,0
-11.432,-23.5631,0,0,0,0,0,0,0,0
-11.422,-23.5531,0,0,0,0,0,0,0,0
-11.412,-23.5431,0,0,0,0,0,0,0,0
-11.402,-23.5331,0,0,0,0,0,0,0,0
-11.392,-23.5231,0,0,0,0,0,0,0,0
-11.382,-23.5131,0,0,0,0,0,0,0,0
-11.372,-23.5031,0,0,0,0,0,0,0,0
-11.362,-23.4931,0,0,0,0,0,0,0,0
-11.352,-23.4831,0,0,0,0,0,0,0,0
-11.342,-23.4731,0,0,0,0,0,0,0,0
-11.332,-23.4631,0,0,0,0,0,0,0,0
-11.322,-23.4531,0,0,0,0,0,0,0,0
-11.312,-23.4431,0,0,0,0,0,0,0,0
-11.302,-23.4331,0,0,0,0,0,0,0,0
-11.292,-23.4231,0,0,0,0,0,0,0,0
-11.282,-23.4131,0,0,0,0,0,0,0,0
-11.272,-23.4031,0,0,0,0,0,0,0,0
-11.262,-23.3931,0,0,0,0,0,0,0,0
-11.252,-23.3831,0,0,0,0,0,0,0,0
-11.242,-23.3731,0,0,0,0,0,0,0,0
-11.232,-23.3631,0,0,0,0,0,0,0,0
-11.222,-23.3531,0,0,0,0,0,0,0,0
-11.212,-23.3431,0,0,0,0,0,0,0,0
-11.202,-23.3331,0,0,0,0,0,0,0,0
-11.192,-23.3231,0,0,0,0,0,0,0,0
-11.182,-23.3131,0,0,0,0,0,0,0,0
-11.172,-23.3031,0,0,0,0,0,0,0,0
-11.162,-23.2931,0,0,0,0,0,0,0,0
-11.152,-23.2831,0,0,0,0,0,0,0,0
-11.142,-23.2731,0,0,0,0,0,0,0,0
-11.132,-23.2631,0,0,0,0,0,0,0,0
-11.122,-23.2531,0,0,0,0,0,0,0,0
-11.112,-23.2431,0,0,0,0,0,0,0,0
-11.102,-23.2331,0,0,0,0,0,0,0,0
-11.092,-23.2231,0,0,0,0,0,0,0,0
-11.082,-23.2131,0,0,0,0,0,0,0,0
-11.072,-23.2031,0,0,0,0,0,0,0,0
-11.062,-23.1931,0,0,0,0,0,0,0,0
-11.052,-23.1831,0,0,0,0,0,0,0,0
-11.042,-23.1731,0,0,0,0,0,0,0,0
-11.032,-23.1631,0,0,0,0,0,0,0,0
-11.022,-23.1531,0,0,0,0,0,0,0,0
-11.012,-23.1431,0,0,0,0,0,0,0,0
-11.002,-23.1331,0,0,0,0,0,0,0,0
-10.992,-23.1231,0,0,0,0,0,0,0,0
-10.982,-23.1131,0,0,0,0,0,0,0,0
-10.972,-23.1031,0,0,0,0,0,0,0,0
-10.962,-23.0931,0,0,0,0,0,0,0,0
-10.952,-23.0831,0,0,0,0,0,0,0,0
-10.942,-23.0731,0,0,0,0,0,0,0,0
-10.932,-23.0631,0,0,0,0,0,0,0,0
-10.922,-23.0531,0,0,0,0,0,0,0,0
-10.912,-23.0431,0,0,0,0,0,0,0,0
-10.902,-23.0331,0,0,0,0,0,0,0,0
-10.892,-23.0231,0,0,0,0,0,0,0,0
-10.882,-23.0131,0,0,0,0,0,0,0,0
-10.872,-23.0031,0,0,0,0,0,0,0,0
-10.862,-22.9931,0,0,0,0,0,0,0,0
-10.852,-22.9831,0,0,0,0,0,0,0,0
-10.842,-22.9731,0,0,0,0,0,0,0,0
-10.832,-22.9631,0,0,0,0,0,0,0,0
-10.822,-22.9531,0,0,0,0,0,0,0,0
-10.812,-22.9431,0,0,0,0,0,0,0,0
-10.802,-22.9331,0,0,0,0,0,0,0,0
-10.792,-22.9231,0,0,0,0,0,0,0,0
-10.782,-22.9131,0,0,0,0,0,0,0,0
-10.772,-22.9031,0,0,0,0,0,0,0,0
-10.762,-22.8931,0,0,0,0,0,0,0,0
-10.752,-22.8831,0,0,0,0,0,0,0,0
-10.742,-22.8731,0,0,0,0,0,0,0,0
-10.732,-22.8631,0,0,0,0,0,0,0,0
-10.722,-22.8531,0,0,0,0,0,0,0,0
-10.712,-22.8431,0,0,0,0,0,0,0,0
-10.702,-22.8331,0,0,0,0,0,0,0,0
-10.692,-22.8231,0,0,0,0,0,0,0,0
-10.682,-22.8131,0,0,0,0,0,0,0,0
-10.672,-22.8031,0,0,0,0,0,0,0,0
-10.662,-22.7931,0,0,0,0,0,0,0,0
-10.652,-22.7831,0,0,0,0,0,0,0,0
-10.642,-22.7731,0,0,0,0,0,0,0,0
-10.632,-22.7631,0,0,0,0,0,0,0,0
-10.622,-22.7531,0,0,0,0,0,0,0,0
-10.612,-22.7431,0,0,0,0,0,0,0,0
-10.602,-22.7331,0,0,0,0,0,0,0,0
-10.592,-22.7231,0,0,0,0,0,0,0,0
-10.582,-22.7131,0,0,0,0,0,0,0,0
-10.572,-22.7031,0,0,0,0,0,0,0,0
-10.562,-22.6931,0,0,0,0,0,0,0,0
-10.552,-22.6831,0,0,0,0,0,0,0,0
-10.542,-22.6731,0,0,0,0,0,0,0,0
-10.532,-22.6631,0,0,0,0,0,0,0,0
-10.522,-22.6531,0,0,0,0,0,0,0,0
-10.512,-22.6431,0,0,0,0,0,0,0,0
-10.502,-22.6331,0,0,0,0,0,0,0,0
-10.492,-22.6231,0,0,0,0,0,0,0,0
-10.482,-22.6131,0,0,0,0,0,0,0,0
-10.472,-22.6031,0,0,0,0,0,0,0,0
-10.462,-22.5931,0,0,0,0,0,0,0,0
-10.452,-22.5831,0,0,0,0,0,0,0,0
-10.442,-22.5731,0,0,0,0,0,0,0,0
-10.432,-22.5631,0,0,0,0,0,0,0,0
-10.422,-22.5531,0,0,0,0,0,0,0,0
-10.412,-22.5431,0,0,0,0,0,0,0,0
-10.402,-22.5331,0,0,0,0,0,0,0,0
-10.392,-22.5231,0,0,0,0,0,0,0,0
-10.382,-22.5131,0,0,0,0,0,0,0,0
-10.372,-22.5031,0,0,0,0,0,0,0,0
-10.362,-22.4931,0,0,0,0,0,0,0,0
-10.352,-22.4831,0,0,0,0,0,0,0,0
-10.342,-22.4731,0,0,0,0,0,0,0,0
-10.332,-22.4631,0,0,0,0,0,0,0,0
-10.322,-22.4531,0,0,0,0,0,0,0,0
-10.312,-22.4431,0,0,0,0,0,0,0,0
-10.302,-22.4331,0,0,0,0,0,0,0,0
-10.292,-22.4231,0,0,0,0,0,0,0,0
-10.282,-22.4131,0,0,0,0,0,0,0,0
-10.272,-22.4031,0,0,0,0,0,0,0,0
-10.262,-22.3931,0,0,0,0,0,0,0,0
-10.252,-22.3831,0,0,0,0,0,0,0,0
-10.242,-22.3731,0,0,0,0,0,0,0,0
-10.232,-22.3631,0,0,0,0,0,0,0,0
-10.222,-22.3531,0,0,0,0,0,0,0,0
-10.212,-22.3431,0,0,0,0,0,0,0,0
-10.202,-22.3331,0,0,0,0,0,0,0,0
-10.192,-22.3231,0,0,0,0,0,0,0,0
-10.182,-22.3131,0,0,0,0,0,0,0,0
-10.172,-22.3031,0,0,0,0,0,0,0,0
-10.162,-22.2931,0,0,0,0,0,0,0,0
-10.152,-22.2831,0,0,0,0,0,0,0,0
-10.142,-22.2731,0,0,0,0,0,0,0,0
-10.132,-22.2631,0,0,0,0,0,0,0,0
-10.122,-22.2531,0,0,0,0,0,0,0,0
-10.112,-22.2431,0,0,0,0,0,0,0,0
-10.102,-22.2331,0,0,0,0,0,0,0,0
-10.092,-22.2231,0,0,0,0,0,0,0,0
-10.082,-22.2131,0,0,0,0,0,0,0,0
-10.072,-22.2031,0,0,0,0,0,0,0,0
-10.062,-22.1931,0,0,0,0,0,0,0,0
-10.052,-22.1831,0,0,0,0,0,0,0,0
-10.042,-22.1731,0,0,0,0,0,0,0,0
-10.032,-22.1631,0,0,0,0,0,0,0,0
-10.022,-22.1531,0,0,0,0,0,0,0,0
-10.012,-22.1431,0,0,0,0,0,0,0,0
-10.002,-22.1331,0,0,0,0,0,0,0,0
-9.992,-22.1231,0,0,0,0,0,0,0,0
-9.982,-22.1131,0,0,0,0,0,0,0,0
-9.972,-22.1031,0,0,0,0,0,0,0,0
-9.962,-22.0931,0,0,0,0,0,0,0,0
-9.952,-22.0831,0,0,0,0,0,0,0,0
-9.942,-22.0731,0,0,0,0,0,0,0,0
-9.932,-22.0631,0,0,0,0,0,0,0,0
-9.922,-22.0531,0,0,0,0,0,0,0,0
-9.912,-22.0431,0,0,0,0,0,0,0,0
-9.902,-22.0331,0,0,0,0,0,0,0,0
-9.892,-22.0231,0,0,0,0,0,0,0,0
-9.882,-22.0131,0,0,0,0,0,0,0,0
-9.872,-22.0031,0,0,0,0,0,0,0,0
-9.862,-21.9931,0,0,0,0,0,0,0,0
-9.852,-21.9831,0,0,0,0,0,0,0,0
-9.842,-21.9731,0,0,0,0,0,0,0,0
-9.832,-21.9631,0,0,0,0,0,0,0,0
-9.822,-21.9531,0,0,0,0,0,0,0,0
-9.812,-21.9431,0,0,0,0,0,0,0,0
-9.802,-21.9331,0,0,0,0,0,0,0,0
-9.792,-21.9231,0,0,0,0,0,0,0,0
-9.782,-21.9131,0,0,0,0,0,0,0,0
-9.772,-21.9031,0,0,0,0,0,0,0,0
-9.762,-21.8931,0,0,0,0,0,0,0,0
-9.752,-21.8831,0,0,0,0,0,0,0,0
-9.742,-21.8731,0,0,0,0,0,0,0,0
-9.732,-21.8631,0,0,0,0,0,0,0,0
-9.722,-21.8531,0,0,0,0,0,0,0,0
-9.712,-21.8431,0,0,0,0,0,0,0,0
-9.702,-21.8331,0,0,0,0,0,0,0,0
-9.692,-21.8231,0,0,0,0,0,0,0,0
-9.682,-21.8131,0,0,0,0,0,0,0,0
-9.672,-21.8031,0,0,0,0,0,0,0,0
-9.662,-21.7931,0,0,0,0,0,0,0,0
-9.652,-21.7831,0,0,0,0,0,0,0,0
-9.642,-21.7731,0,0,0,0,0,0,0,0
-9.632,-21.7631,0,0,0,0,0,0,0,0
-9.622,-21.7531,0,0,0,0,0,0,0,0
-9.612,-21.7431,0,0,0,0,0,0,0,0
-9.602,-21.7331,0,0,0,0,0,0,0,0
-9.592,-21.7231,0,0,0,0,0,0,0,0
-9.582,-21.7131,0,0,0,0,0,0,0,0
-9.572,-21.7031,0,0,0,0,0,0,0,0
-9.562,-21.6931,0,0,0,0,0,0,0,0
-9.552,-21.6831,0,0,0,0,0,0,0,0
-9.542,-21.6731,0,0,0,0,0,0,0,0
-9.532,-21.6631,0,0,0,0,0,0,0,0
-9.522,-21.6531,0,0,0,0,0,0,0,0
-9.512,-21.6431,0,0,0,0,0,0,0,0
-9.502,-21.6331,0,0,0,0,0,0,0,0
-9.492,-21.6231,0,0,0,0,0,0,0,0
-9.482,-21.6131,0,0,0,0,0,0,0,0
-9.472,-21.6031,0,0,0,0,0,0,0,0
-9.462,-21.5931,0,0,0,0,0,0,0,0
-9.452,-21.5831,0,0,0,0,0,0,0,0
-9.442,-21.5731,0,0,0,0,0,0,0,0
-9.432,-21.5631,0,0,0,0,0,0,0,0
-9.422,-21.5531,0,0,0,0,0,0,0,0
-9.412,-21.5431,0,0,0,0,0,0,0,0
-9.402,-21.5331,0,0,0,0,0,0,0,0
-9.392,-21.5231,0,0,0,0,0,0,0,0
-9.382,-21.5131,0,0,0,0,0,0,0,0
-9.372,-21.5031,0,0,0,0,0,0,0,0
-9.362,-21.4931,0,0,0,0,0,0,0,0
-9.352,-21.4831,0,0,0,0,0,0,0,0
-9.342,-21.4731,0,0,0,0,0,0,0,0
-9.332,-21.4631,0,0,0,0,0,0,0,0
-9.322,-21.4531,0,0,0,0,0,0,0,0
-9.312,-21.4431,0,0,0,0,0,0,0,0
-9.302,-21.4331,0,0,0,0,0,0,0,0
-9.292,-21.4231,0,0,0,0,0,0,0,0
-9.282,-21.4131,0,0,0,0,0,0,0,0
-9.272,-21.4031,0,0,0,0,0,0,0,0
-9.262,-21.3931,0,0,0,0,0,0,0,0
-9.252,-21.3831,0,0,0,0,0,0,0,0
-9.242,-21.3731,0,0,0,0,0,0,0,0
-9.232,-21.3631,0,0,0,0,0,0,0,0
-9.222,-21.3531,0,0,0,0,0,0,0,0
-9.212,-21.3431,0,0,0,0,0,0,0,0
-9.202,-21.3331,0,0,0,0,0,0,0,0
-9.192,-21.3231,0,0,0,0,0,0,0,0
-9.182,-21.3131,0,0,0,0,0,0,0,0
-9.172,-21.3031,0,0,0,0,0,0,0,0
-9.162,-21.2931,0,0,0,0,0,0,0,0
-9.152,-21.2831,0,0,0,0,0,0,0,0
-9.142,-21.2731,0,0,0,0,0,0,0,0
-9.132,-21.2631,6.8e-13,7.1452e-14,1.764e-13,8.824e-14,1.9354e-12,1.3908e-14,2.528e-14,1.716e-12
-9.122,-21.2531,1.92e-12,2.0232e-13,4.996e-13,2.4968e-13,5.4836e-12,3.9484e-14,7.128e-14,4.856e-12
-9.112,-21.2431,5.84e-12,8.2068e-13,1.624e-12,7.928e-13,1.72608e-11,1.1688e-13,2.324e-13,1.536e-11
-9.102,-21.2331,1.696e-11,2.5544e-12,4.748e-12,2.2748e-12,5.0828e-11,3.5952e-13,6.932e-13,4.516e-11
-9.092,-21.2231,4.52e-11,6.9136e-12,1.2728e-11,6.096e-12,1.35944e-10,9.664e-13,1.86e-12,1.2116e-10
-9.082,-21.2131,1.196e-10,1.8668e-11,3.372e-11,1.6064e-11,3.60644e-10,2.6408e-12,4.956e-12,3.212e-10
-9.072,-21.2031,3.064e-10,4.8428e-11,8.676e-11,4.124e-11,9.2784e-10,6.804e-12,1.272e-11,8.244e-10
-9.062,-21.1931,7.68e-10,1.2332e-10,2.18e-10,1.0372e-10,2.32772e-09,1.722e-11,3.208e-11,2.072e-09
-9.052,-21.1831,1.888e-09,3.0868e-10,5.376e-10,2.5484e-10,5.7288e-09,4.296e-11,7.92e-11,5.104e-09
-9.042,-21.1731,4.52e-09,7.53e-10,1.2972e-09,6.144e-10,1.37976e-08,1.0416e-10,1.912e-10,1.232e-08
-9.032,-21.1631,1.068e-08,1.7996e-09,3.056e-09,1.4428e-09,3.25984e-08,2.4804e-10,4.52e-10,2.904e-08
-9.022,-21.1531,2.456e-08,4.2188e-09,7.064e-09,3.328e-09,7.5444e-08,5.792e-10,1.048e-09,6.712e-08
-9.012,-21.1431,5.52e-08,9.6372e-09,1.6e-08,7.512e-09,1.7026e-07,1.3192e-09,2.372e-09,1.516e-07
-9.002,-21.1331,1.22e-07,2.1628e-08,3.54e-08,1.658e-08,3.76844e-07,2.9476e-09,5.268e-09,3.356e-07
-8.992,-21.1231,2.64e-07,4.7552e-08,7.684e-08,3.588e-08,8.1904e-07,6.468e-09,1.148e-08,7.3e-07
-8.982,-21.1131,5.6e-07,1.02528e-07,1.628e-07,7.608e-08,1.73504e-06,1.384e-08,2.44e-08,1.548e-06
-8.972,-21.1031,1.156e-06,2.158e-07,3.384e-07,1.5768e-07,3.6074e-06,2.9164e-08,5.092e-08,3.216e-06
-8.962,-21.0931,2.348e-06,4.464e-07,6.904e-07,3.1968e-07,7.344e-06,6.032e-08,1.04e-07,6.568e-06
-8.952,-21.0831,4.68e-06,9.01e-07,1.3744e-06,6.344e-07,1.46484e-05,1.216e-07,2.084e-07,1.304e-05
-8.942,-21.0731,9.08e-06,1.7852e-06,2.684e-06,1.2372e-06,2.86524e-05,2.4108e-07,4.092e-07,2.556e-05
-8.932,-21.0631,1.728e-05,3.4628e-06,5.128e-06,2.3608e-06,5.4884e-05,4.696e-07,7.856e-07,4.892e-05
-8.922,-21.0531,3.228e-05,6.5696e-06,9.596e-06,4.404e-06,0.000102912,8.952e-07,1.484e-06,9.164e-05
-8.912,-21.0431,5.92e-05,1.22688e-05,1.764e-05,8.048e-06,0.000188888,1.6712e-06,2.74e-06,0.0001684
-8.902,-21.0331,0.0001056,2.2428e-05,3.164e-05,1.4456e-05,0.000340252,3.066e-06,4.96e-06,0.0003036
-8.892,-21.0231,0.0001856,4.014e-05,5.576e-05,2.5324e-05,0.0006014,5.516e-06,8.792e-06,0.0005352
-8.882,-21.0131,0.0003192,7.0204e-05,9.608e-05,4.356e-05,0.0010374,9.74e-06,1.532e-05,0.0009272
-8.872,-21.0031,0.000536,0.000120972,0.00016272,7.34e-05,0.00176004,1.692e-05,2.616e-05,0.001568
-8.862,-20.9931,0.000888,0.00020392,0.0002692,0.0001212,0.0029228,2.8788e-05,4.376e-05,0.002608
-8.852,-20.9831,0.00144,0.0003376,0.0004372,0.0001962,0.004764,4.808e-05,7.172e-05,0.004244
-8.842,-20.9731,0.002284,0.0005488,0.0006972,0.0003108,0.0075904,7.908e-05,0.0001156,0.006772
-8.832,-20.9631,0.003552,0.0008706,0.0010836,0.0004836,0.0119112,0.00012724,0.0001828,0.010616
-8.822,-20.9531,0.0054,0.0013572,0.001664,0.0007376,0.0183316,0.00020188,0.0002832,0.01632
-8.812,-20.9431,0.00812,0.0020788,0.002492,0.0011032,0.0276204,0.00031392,0.0004312,0.0246
-8.802,-20.9331,0.01192,0.003122,0.003664,0.001614,0.0407876,0.0004812,0.0006444,0.0364
-8.792,-20.9231,0.01716,0.0046176,0.005272,0.0023244,0.059368,0.000724,0.000944,0.05284
-8.782,-20.9131,0.02424,0.0066784,0.00748,0.00328,0.084812,0.001066,0.001364,0.07528
-8.772,-20.9031,0.0336,0.0094804,0.01042,0.004544,0.118744,0.0015516,0.001928,0.10544
-8.762,-20.8931,0.0456,0.0132288,0.014248,0.006188,0.16318,0.0022168,0.002684,0.1448
-8.752,-20.8831,0.0612,0.018172,0.01908,0.008252,0.220548,0.0031196,0.003672,0.196
-8.742,-20.8731,0.0804,0.024472,0.02516,0.010832,0.292868,0.004312,0.004936,0.2596
-8.732,-20.8631,0.104,0.032456,0.03256,0.013988,0.38256,0.005884,0.006536,0.3392
-8.722,-20.8531,0.132,0.042412,0.04148,0.01776,0.49284,0.00786,0.0085,0.4352
-8.712,-20.8431,0.1652,0.054344,0.05196,0.022164,0.62216,0.010408,0.01088,0.5496
-8.702,-20.8331,0.2028,0.068332,0.06404,0.02724,0.77572,0.0135,0.01376,0.6848
-8.692,-20.8231,0.246,0.085184,0.07808,0.03296,0.94948,0.017256,0.01712,0.8396
-8.682,-20.8131,0.2932,0.1041,0.09328,0.03936,1.14752,0.021772,0.02096,1.01
-8.672,-20.8031,0.3452,0.125072,0.11004,0.04632,1.36576,0.02708,0.02536,1.204
-8.662,-20.7931,0.4,0.14888,0.12864,0.05364,1.60824,0.033152,0.03028,1.416
-8.652,-20.7831,0.46,0.17396,0.14792,0.06176,1.86692,0.04008,0.03564,1.64
-8.642,-20.7731,0.52,0.20108,0.16856,0.07,2.14176,0.0478,0.04148,1.884
-8.632,-20.7631,0.584,0.2294,0.19,0.07868,2.42876,0.05628,0.04768,2.132
-8.622,-20.7531,0.648,0.25816,0.2124,0.0874,2.72388,0.0652,0.05424,2.388
-8.612,-20.7431,0.708,0.28732,0.2352,0.09616,3.02308,0.07496,0.06108,2.652
-8.602,-20.7331,0.772,0.31604,0.2588,0.10492,3.32632,0.0852,0.06808,2.912
-8.592,-20.7231,0.832,0.3444,0.282,0.11328,3.6256,0.09548,0.07508,3.172
-8.582,-20.7131,0.892,0.37188,0.3056,0.122,3.9208,0.10616,0.08268,3.428
-8.572,-20.7031,0.948,0.39772,0.33,0.13028,4.204,0.11692,0.08988,3.676
-8.562,-20.6931,1,0.42316,0.3536,0.13808,4.4876,0.12768,0.0968,3.912
-8.552,-20.6831,1.052,0.44372,0.3772,0.14544,4.7308,0.13848,0.104,4.14
-8.542,-20.6731,1.096,0.46424,0.4008,0.15268,4.9736,0.14928,0.1108,4.352
-8.532,-20.6631,1.14,0.48476,0.4236,0.15944,5.2168,0.15972,0.1176,4.552
-8.522,-20.6531,1.176,0.50116,0.4456,0.16572,5.42,0.1698,0.1236,4.736
-8.512,-20.6431,1.212,0.51356,0.4668,0.17104,5.6228,0.17992,0.13,4.9
-8.502,-20.6331,1.244,0.52592,0.4868,0.17588,5.8252,0.19008,0.136,5.048
-8.492,-20.6231,1.268,0.5342,0.5064,0.1802,5.9476,0.19948,0.1412,5.176
-8.482,-20.6131,1.292,0.54244,0.5196,0.184,6.07,0.20884,0.146,5.28
-8.472,-20.6031,1.308,0.54264,0.5364,0.18688,6.192,0.21744,0.1504,5.368
-8.462,-20.5931,1.324,0.54676,0.5448,0.1888,6.2736,0.22604,0.154,5.432
-8.452,-20.5831,1.332,0.54284,0.5568,0.19024,6.3152,0.23336,0.1572,5.468
-8.442,-20.5731,1.336,0.53484,0.5608,0.19076,6.356,0.2406,0.1596,5.488
-8.432,-20.5631,1.34,0.5268,0.568,0.19036,6.3568,0.2466,0.1616,5.488
-8.422,-20.5531,1.34,0.51868,0.5672,0.18948,6.3572,0.25208,0.1632,5.464
-8.412,-20.5431,1.332,0.50652,0.5664,0.18768,6.3176,0.25664,0.164,5.428
-8.402,-20.5331,1.324,0.49032,0.5652,0.18576,6.2376,0.26032,0.164,5.368
-8.392,-20.5231,1.312,0.47408,0.5596,0.183,6.1572,0.26344,0.164,5.3
-8.382,-20.5131,1.296,0.45784,0.5544,0.17976,6.0768,0.26608,0.1636,5.22
-8.372,-20.5031,1.28,0.44152,0.5452,0.176,5.9564,0.26788,0.1628,5.124
-8.362,-20.4931,1.256,0.42524,0.5356,0.1722,5.8756,0.2696,0.1616,5.02
-8.352,-20.4831,1.236,0.40932,0.526,0.16792,5.7544,0.27092,0.16,4.912
-8.342,-20.4731,1.208,0.39304,0.5164,0.1636,5.5932,0.27224,0.1576,4.8
-8.332,-20.4631,1.184,0.37672,0.5028,0.15924,5.472,0.2736,0.1556,4.68
-8.322,-20.4531,1.156,0.36084,0.4932,0.15484,5.3504,0.27504,0.1528,4.56
-8.312,-20.4431,1.128,0.3458,0.4784,0.15044,5.1892,0.27648,0.15,4.432
-8.302,-20.4331,1.1,0.33076,0.4648,0.14604,5.0676,0.2784,0.1472,4.312
-8.292,-20.4231,1.068,0.31612,0.4504,0.14164,4.906,0.27992,0.144,4.188
-8.282,-20.4131,1.04,0.30228,0.436,0.13764,4.7844,0.2816,0.1404,4.064
-8.272,-20.4031,1.008,0.28888,0.422,0.13328,4.6632,0.2828,0.1372,3.94
-8.262,-20.3931,0.976,0.27584,0.4084,0.12932,4.502,0.2836,0.1332,3.816
-8.252,-20.3831,0.944,0.26324,0.3952,0.12544,4.3808,0.2832,0.13,3.7
-8.242,-20.3731,0.912,0.2514,0.3824,0.12152,4.2196,0.282,0.1264,3.576
-8.232,-20.3631,0.88,0.24,0.3712,0.11764,4.0992,0.28,0.1228,3.46
-8.222,-20.3531,0.848,0.22976,0.3612,0.1142,3.9668,0.2776,0.1196,3.352
-8.212,-20.3431,0.816,0.22032,0.3524,0.1108,3.8424,0.2744,0.1168,3.244
-8.202,-20.3331,0.784,0.21212,0.346,0.10784,3.7348,0.2708,0.1152,3.152
-8.192,-20.3231,0.756,0.20472,0.342,0.10496,3.6432,0.2672,0.1136,3.072
-8.182,-20.3131,0.728,0.19936,0.34,0.10292,3.5684,0.264,0.1128,3.008
-8.172,-20.3031,0.704,0.19524,0.3412,0.1018,3.5176,0.262,0.1128,2.96
-8.162,-20.2931,0.684,0.19276,0.3448,0.10076,3.4872,0.2612,0.114,2.928
-8.152,-20.2831,0.672,0.19156,0.3504,0.1006,3.4816,0.2608,0.1156,2.924
-8.142,-20.2731,0.66,0.19236,0.3584,0.10096,3.4956,0.2624,0.1184,2.928
-8.132,-20.2631,0.652,0.19404,0.3668,0.1018,3.53,0.264,0.1216,2.948
-8.122,-20.2531,0.648,0.19696,0.3768,0.10308,3.5724,0.2672,0.1252,2.98
-8.112,-20.2431,0.644,0.20072,0.3856,0.1044,3.6224,0.27,0.1288,3.016
-8.102,-20.2331,0.64,0.20488,0.394,0.10572,3.6724,0.2728,0.1328,3.052
-8.092,-20.2231,0.64,0.20908,0.4004,0.10664,3.714,0.2752,0.1352,3.084
-8.082,-20.2131,0.636,0.21328,0.4048,0.10752,3.7432,0.276,0.138,3.1
-8.072,-20.2031,0.632,0.21664,0.4068,0.10792,3.76,0.2764,0.1392,3.112
-8.062,-20.1931,0.628,0.2196,0.4064,0.10784,3.764,0.2752,0.14,3.108
-8.052,-20.1831,0.62,0.22176,0.4036,0.10736,3.752,0.2728,0.14,3.092
-8.042,-20.1731,0.616,0.22352,0.3996,0.1068,3.728,0.2696,0.1388,3.068
-8.032,-20.1631,0.608,0.22492,0.3944,0.1062,3.6996,0.266,0.1372,3.04
-8.022,-20.1531,0.604,0.22628,0.3896,0.10564,3.6712,0.262,0.1356,3.016
-8.012,-20.1431,0.604,0.22732,0.3852,0.10508,3.6472,0.2588,0.1336,2.996
-8.002,-20.1331,0.604,0.22876,0.3824,0.1054,3.6356,0.256,0.1312,2.984
-7.992,-20.1231,0.612,0.23024,0.382,0.10576,3.6404,0.2544,0.1296,2.992
-7.982,-20.1131,0.62,0.2326,0.3836,0.10708,3.6616,0.2536,0.1284,3.016
-7.972,-20.1031,0.636,0.23536,0.3884,0.10844,3.6992,0.2544,0.1276,3.052
-7.962,-20.0931,0.652,0.2386,0.3952,0.11072,3.7576,0.2568,0.1272,3.108
-7.952,-20.0831,0.672,0.2418,0.404,0.11312,3.828,0.2604,0.1272,3.176
-7.942,-20.0731,0.692,0.24504,0.4144,0.11592,3.9068,0.2644,0.1276,3.252
-7.932,-20.0631,0.712,0.2478,0.426,0.1184,3.9852,0.2688,0.128,3.332
-7.922,-20.0531,0.732,0.25016,0.4376,0.12128,4.0636,0.2728,0.1284,3.404
-7.912,-20.0431,0.748,0.2516,0.4488,0.12332,4.1376,0.2764,0.1288,3.472
-7.902,-20.0331,0.76,0.2514,0.4584,0.12488,4.1792,0.2792,0.1288,3.528
-7.892,-20.0231,0.768,0.25028,0.4644,0.126,4.22,0.2812,0.1284,3.56
-7.882,-20.0131,0.768,0.24744,0.4744,0.1266,4.22,0.2816,0.1276,3.584
-7.872,-20.0031,0.764,0.24328,0.476,0.12668,4.1796,0.2808,0.1264,3.58
-7.862,-19.9931,0.756,0.23784,0.4772,0.12624,4.178,0.2788,0.1248,3.56
-7.852,-19.9831,0.744,0.23108,0.4784,0.12532,4.096,0.2756,0.1228,3.524
-7.842,-19.9731,0.724,0.22388,0.4792,0.12388,4.0336,0.2716,0.1208,3.472
-7.832,-19.9631,0.708,0.2158,0.4756,0.12236,3.9544,0.2668,0.1184,3.412
-7.822,-19.9531,0.684,0.20772,0.4708,0.1208,3.8628,0.2616,0.11624,3.34
-7.812,-19.9431,0.664,0.1992,0.4664,0.1192,3.7712,0.256,0.11396,3.268
-7.802,-19.9331,0.64,0.19108,0.462,0.1176,3.6796,0.2508,0.1114,3.196
-7.792,-19.9231,0.62,0.1834,0.4572,0.11604,3.592,0.2456,0.10932,3.128
-7.782,-19.9131,0.6,0.17656,0.4532,0.11488,3.5124,0.2412,0.1078,3.064
-7.772,-19.9031,0.584,0.17016,0.4496,0.1142,3.4376,0.2364,0.106,3.008
-7.762,-19.8931,0.568,0.1646,0.4464,0.1132,3.3752,0.2324,0.10476,2.96
-7.752,-19.8831,0.556,0.15952,0.444,0.11264,3.3208,0.2292,0.1036,2.92
-7.742,-19.8731,0.544,0.15568,0.442,0.11256,3.2792,0.2264,0.1026,2.884
-7.732,-19.8631,0.536,0.15192,0.4412,0.11216,3.242,0.2244,0.10172,2.864
-7.722,-19.8531,0.528,0.14904,0.4408,0.1118,3.2176,0.2224,0.10136,2.848
-7.712,-19.8431,0.524,0.14656,0.4412,0.11192,3.2016,0.2208,0.10108,2.844
-7.702,-19.8331,0.524,0.14452,0.442,0.11164,3.1896,0.22,0.10052,2.84
-7.692,-19.8231,0.52,0.14208,0.4432,0.1114,3.182,0.2188,0.1008,2.84
-7.682,-19.8131,0.52,0.13964,0.4444,0.11072,3.1788,0.2184,0.1008,2.84
-7.672,-19.8031,0.52,0.1372,0.446,0.11008,3.1716,0.2172,0.1008,2.844
-7.662,-19.7931,0.52,0.13392,0.4468,0.109,3.1684,0.216,0.1012,2.844
-7.652,-19.7831,0.524,0.1298,0.4476,0.10788,3.1612,0.2144,0.1012,2.84
-7.642,-19.7731,0.524,0.12524,0.4476,0.10636,3.15,0.2124,0.1016,2.832
-7.632,-19.7631,0.524,0.12028,0.4476,0.1048,3.138,0.2096,0.102,2.82
-7.622,-19.7531,0.524,0.11484,0.4464,0.1032,3.118,0.2068,0.102,2.808
-7.612,-19.7431,0.524,0.10896,0.4444,0.10156,3.0936,0.2036,0.1024,2.784
-7.602,-19.7331,0.524,0.10308,0.442,0.09952,3.0608,0.2,0.1024,2.756
-7.592,-19.7231,0.52,0.0972,0.4384,0.09784,3.028,0.1964,0.102,2.728
-7.582,-19.7131,0.52,0.09212,0.434,0.09616,2.9868,0.1936,0.102,2.692
-7.572,-19.7031,0.516,0.08748,0.4292,0.09488,2.9452,0.1912,0.1016,2.656
-7.562,-19.6931,0.508,0.08368,0.4232,0.0936,2.8992,0.1888,0.1012,2.616
-7.552,-19.6831,0.5,0.08072,0.4168,0.09228,2.8496,0.188,0.1008,2.58
-7.542,-19.6731,0.492,0.07904,0.4096,0.09136,2.7996,0.1884,0.1,2.536
-7.532,-19.6631,0.48,0.0782,0.4024,0.0904,2.75,0.1892,0.0988,2.492
-7.522,-19.6531,0.468,0.07864,0.3944,0.0898,2.6964,0.1912,0.0976,2.452
-7.512,-19.6431,0.456,0.07988,0.386,0.08916,2.6432,0.194,0.0964,2.412
-7.502,-19.6331,0.444,0.0816,0.3776,0.08848,2.59,0.1972,0.0948,2.368
-7.492,-19.6231,0.428,0.08416,0.3684,0.08736,2.5328,0.2008,0.0928,2.328
-7.482,-19.6131,0.412,0.08672,0.3596,0.0866,2.476,0.2044,0.0908,2.284
-7.472,-19.6031,0.3932,0.08928,0.3512,0.0854,2.4196,0.2072,0.08856,2.24
-7.462,-19.5931,0.3756,0.09144,0.3432,0.08416,2.3628,0.2092,0.0862,2.196
-7.452,-19.5831,0.3584,0.09356,0.3364,0.08288,2.3064,0.2108,0.08388,2.156
-7.442,-19.5731,0.342,0.09524,0.33,0.08164,2.258,0.2108,0.08164,2.116
-7.432,-19.5631,0.3264,0.09608,0.326,0.08,2.2096,0.21,0.07948,2.08
-7.422,-19.5531,0.3128,0.09652,0.3232,0.0788,2.1652,0.2076,0.07744,2.052
-7.412,-19.5431,0.3012,0.09612,0.3228,0.07768,2.1328,0.2044,0.076,2.032
-7.402,-19.5331,0.292,0.09572,0.3252,0.077,2.1084,0.2004,0.07436,2.02
-7.392,-19.5231,0.286,0.09448,0.3304,0.07648,2.096,0.19604,0.07372,2.02
-7.382,-19.5131,0.2828,0.09324,0.3384,0.07644,2.096,0.19124,0.07332,2.036
-7.372,-19.5031,0.2828,0.09156,0.3492,0.07692,2.1116,0.18572,0.07352,2.06
-7.362,-19.4931,0.286,0.08992,0.3636,0.07792,2.1392,0.18072,0.07396,2.1
-7.352,-19.4831,0.2916,0.08824,0.3796,0.07944,2.1792,0.17544,0.07496,2.152
-7.342,-19.4731,0.2996,0.0862,0.3984,0.08148,2.2272,0.17024,0.07656,2.22
-7.332,-19.4631,0.3092,0.08412,0.4188,0.084,2.2872,0.1652,0.07868,2.292
-7.322,-19.4531,0.32,0.08204,0.4408,0.0866,2.3512,0.1598,0.08044,2.372
-7.312,-19.4431,0.3316,0.07996,0.4636,0.08924,2.4152,0.15448,0.08264,2.448
-7.302,-19.4331,0.3428,0.07744,0.4848,0.09192,2.4832,0.14916,0.08476,2.532
-7.292,-19.4231,0.3536,0.07492,0.5024,0.09416,2.5392,0.14304,0.08644,2.604
-7.282,-19.4131,0.3628,0.07196,0.5236,0.09592,2.5908,0.13728,0.08836,2.668
-7.272,-19.4031,0.37,0.069,0.5368,0.09724,2.6304,0.13068,0.0892,2.716
-7.262,-19.3931,0.3748,0.06564,0.5496,0.09804,2.658,0.124,0.09,2.752
-7.252,-19.3831,0.3776,0.0622,0.558,0.09792,2.6652,0.11768,0.0904,2.772
-7.242,-19.3731,0.3772,0.0588,0.562,0.09728,2.66,0.11088,0.09,2.772
-7.232,-19.3631,0.3744,0.0558,0.562,0.09568,2.643,0.10448,0.0892,2.76
-7.222,-19.3531,0.3696,0.05236,0.5612,0.09356,2.60972,0.09848,0.088,2.736
-7.212,-19.3431,0.3628,0.04936,0.5528,0.09136,2.5684,0.09332,0.08668,2.692
-7.202,-19.3331,0.3544,0.04676,0.544,0.08868,2.51912,0.08864,0.08528,2.648
-7.192,-19.3231,0.3452,0.04424,0.5352,0.08596,2.46592,0.08528,0.08392,2.596
-7.182,-19.3131,0.336,0.04228,0.5268,0.08364,2.41696,0.08292,0.08264,2.54
-7.172,-19.3031,0.3276,0.04076,0.5144,0.08136,2.37224,0.0816,0.08152,2.492
-7.162,-19.2931,0.3196,0.03972,0.5064,0.07996,2.33588,0.08168,0.081,2.452
-7.152,-19.2831,0.3136,0.03916,0.4984,0.07864,2.31184,0.08284,0.08112,2.428
-7.142,-19.2731,0.3092,0.03904,0.4952,0.0786,2.3002,0.08504,0.08152,2.408
-7.132,-19.2631,0.3064,0.03928,0.492,0.07872,2.30088,0.08868,0.0826,2.408
-7.122,-19.2531,0.3056,0.0398,0.4932,0.07972,2.31788,0.09244,0.08388,2.416
-7.112,-19.2431,0.306,0.04056,0.4948,0.0812,2.33912,0.09712,0.0856,2.44
-7.102,-19.2331,0.3076,0.04136,0.5004,0.08312,2.36844,0.1014,0.0876,2.468
-7.092,-19.2231,0.3092,0.04208,0.502,0.08508,2.39784,0.106,0.09,2.5
-7.082,-19.2131,0.3104,0.04264,0.5076,0.08708,2.42712,0.10924,0.0912,2.528
-7.072,-19.2031,0.3108,0.04292,0.5128,0.089,2.4484,0.1122,0.0928,2.548
-7.062,-19.1931,0.31,0.04284,0.5136,0.09048,2.4572,0.11324,0.094,2.56
-7.052,-19.1831,0.3072,0.04232,0.5136,0.09148,2.4536,0.11308,0.094,2.56
-7.042,-19.1731,0.3024,0.04136,0.5136,0.092,2.4376,0.11136,0.0936,2.548
-7.032,-19.1631,0.2956,0.04,0.5092,0.09248,2.4056,0.10804,0.0924,2.52
-7.022,-19.1531,0.2872,0.03828,0.5044,0.09248,2.3652,0.1036,0.0904,2.48
-7.012,-19.1431,0.2776,0.03628,0.4952,0.09204,2.3124,0.09768,0.088,2.432
-7.002,-19.1331,0.2668,0.034116,0.486,0.0916,2.25556,0.09116,0.0856,2.38
-6.992,-19.1231,0.2556,0.03188,0.4804,0.0912,2.1946,0.08412,0.0828,2.328
-6.982,-19.1131,0.2448,0.029652,0.4712,0.0908,2.14164,0.07664,0.0802,2.276
-6.972,-19.1031,0.2348,0.027516,0.466,0.09052,2.08864,0.0692,0.07788,2.236
-6.962,-19.0931,0.2252,0.025604,0.4612,0.09064,2.04776,0.06224,0.07604,2.2
-6.952,-19.0831,0.2172,0.02388,0.4604,0.09084,2.01496,0.05568,0.07456,2.176
-6.942,-19.0731,0.2104,0.022428,0.4556,0.09152,1.9942,0.04984,0.07348,2.156
-6.932,-19.0631,0.2052,0.021252,0.4552,0.09216,1.97756,0.04484,0.0728,2.148
-6.922,-19.0531,0.2004,0.020348,0.4548,0.09244,1.96492,0.04064,0.07244,2.14
-6.912,-19.0431,0.1968,0.01968,0.4544,0.09264,1.95232,0.0374,0.0722,2.132
-6.902,-19.0331,0.1932,0.01932,0.454,0.0928,1.93568,0.03504,0.07196,2.128
-6.892,-19.0231,0.1904,0.019192,0.4532,0.09244,1.919,0.03364,0.07156,2.116
-6.882,-19.0131,0.1872,0.019328,0.4476,0.09116,1.89428,0.03316,0.07096,2.1
-6.872,-19.0031,0.184,0.019696,0.4408,0.08976,1.85756,0.03364,0.07004,2.08
-6.862,-18.9931,0.1808,0.020292,0.4328,0.08824,1.81684,0.03504,0.0688,2.052
-6.852,-18.9831,0.1772,0.021192,0.4228,0.08584,1.76816,0.03744,0.0672,2.024
-6.842,-18.9731,0.1736,0.02232,0.4124,0.0838,1.71552,0.04072,0.06532,1.992
-6.832,-18.9631,0.1696,0.023672,0.4008,0.08128,1.65904,0.04484,0.06336,1.96
-6.822,-18.9531,0.1664,0.025244,0.3896,0.07912,1.60268,0.04972,0.06124,1.936
-6.812,-18.9431,0.1632,0.026988,0.37932,0.07704,1.54652,0.055,0.0592,1.912
-6.802,-18.9331,0.1604,0.02882,0.36992,0.07496,1.49848,0.06076,0.05732,1.892
-6.792,-18.9231,0.1576,0.030648,0.36192,0.07332,1.4586,0.06656,0.05556,1.88
-6.782,-18.9131,0.1552,0.03234,0.35496,0.07212,1.4228,0.07188,0.05412,1.872
-6.772,-18.9031,0.1528,0.033808,0.34944,0.071,1.39108,0.07664,0.05288,1.86
-6.762,-18.8931,0.1504,0.034956,0.34408,0.07028,1.36732,0.08044,0.05188,1.852
-6.752,-18.8831,0.148,0.03566,0.33968,0.0692,1.34752,0.08276,0.05108,1.84
-6.742,-18.8731,0.1448,0.035868,0.33496,0.06852,1.32756,0.08436,0.05044,1.82
-6.732,-18.8631,0.1412,0.03554,0.32984,0.06744,1.30748,0.084,0.04988,1.796
-6.722,-18.8531,0.1368,0.034632,0.32428,0.06632,1.28716,0.08252,0.04932,1.76
-6.712,-18.8431,0.132,0.033236,0.31712,0.06476,1.26268,0.07948,0.04876,1.72
-6.702,-18.8331,0.1264,0.031352,0.3094,0.0628,1.23796,0.07536,0.04812,1.664
-6.692,-18.8231,0.1204,0.029116,0.3004,0.0612,1.20904,0.0702,0.04736,1.6
-6.682,-18.8131,0.114,0.026612,0.29008,0.0588,1.17596,0.06444,0.0466,1.532
-6.672,-18.8031,0.1076,0.02398,0.2792,0.05676,1.13868,0.05816,0.04568,1.46
-6.662,-18.7931,0.1008,0.02126,0.26744,0.05428,1.09732,0.05172,0.04476,1.384
-6.652,-18.7831,0.094,0.018632,0.25516,0.05184,1.05984,0.0454,0.04376,1.3
-6.642,-18.7731,0.0876,0.016136,0.2424,0.04944,1.01832,0.03928,0.04284,1.216
-6.632,-18.7631,0.0812,0.01386,0.2296,0.04708,0.98076,0.0336,0.04204,1.136
-6.622,-18.7531,0.0748,0.011768,0.2168,0.04484,0.9472,0.02844,0.04144,1.056
-6.612,-18.7431,0.0692,0.00998,0.204,0.04276,0.92172,0.0238,0.0412,0.978
-6.602,-18.7331,0.064,0.008416,0.19212,0.04088,0.90428,0.01972,0.04144,0.902
-6.592,-18.7231,0.0592,0.007156,0.18116,0.03932,0.89892,0.01616,0.04236,0.8284
-6.582,-18.7131,0.0552,0.00616,0.1708,0.038,0.90572,0.01312,0.044,0.762
-6.572,-18.7031,0.052,0.005388,0.16152,0.03708,0.93268,0.010588,0.04664,0.6996
-6.562,-18.6931,0.0496,0.004836,0.15376,0.03648,0.97984,0.008472,0.0504,0.6448
-6.552,-18.6831,0.048,0.004476,0.14756,0.03624,1.0512,0.006796,0.0554,0.5944
-6.542,-18.6731,0.0472,0.004328,0.14224,0.03636,1.15072,0.005472,0.06184,0.5484
-6.532,-18.6631,0.0476,0.004364,0.1386,0.0368,1.27852,0.00446,0.06976,0.5108
-6.522,-18.6531,0.0484,0.00456,0.13636,0.0376,1.43852,0.003728,0.07924,0.4744
-6.512,-18.6431,0.0504,0.004928,0.13556,0.03868,1.63076,0.003244,0.0908,0.4424
-6.502,-18.6331,0.0528,0.005436,0.1364,0.04012,1.86324,0.002972,0.104,0.4144
-6.492,-18.6231,0.0564,0.006112,0.1384,0.04192,2.136,0.0029,0.1192,0.3888
-6.482,-18.6131,0.0604,0.006884,0.142,0.04408,2.45296,0.002988,0.1364,0.3652
-6.472,-18.6031,0.0652,0.007828,0.1476,0.04676,2.81824,0.003236,0.156,0.3448
-6.462,-18.5931,0.0708,0.008828,0.1544,0.04984,3.2318,0.00362,0.1776,0.326
-6.452,-18.5831,0.0772,0.009992,0.1636,0.05376,3.69764,0.004124,0.2016,0.3096
-6.442,-18.5731,0.0844,0.011212,0.1748,0.05812,4.2158,0.004748,0.228,0.2956
-6.432,-18.5631,0.0924,0.012476,0.188,0.06328,4.77828,0.005476,0.2568,0.2848
-6.422,-18.5531,0.1008,0.013832,0.2036,0.06932,5.42104,0.0063,0.2876,0.2768
-6.412,-18.5431,0.11,0.015228,0.2216,0.07616,6.10408,0.007196,0.3208,0.2716
-6.402,-18.5331,0.1196,0.016628,0.2416,0.08388,6.8274,0.008172,0.3556,0.27
-6.392,-18.5231,0.1296,0.017988,0.2632,0.09168,7.59096,0.00916,0.3916,0.2708
-6.382,-18.5131,0.14,0.019304,0.2864,0.10068,8.39472,0.0102,0.428,0.2744
-6.372,-18.5031,0.15,0.020536,0.3104,0.10972,9.1986,0.0112,0.464,0.2804
-6.362,-18.4931,0.1596,0.021676,0.3352,0.1188,10.0024,0.01224,0.4992,0.288
-6.352,-18.4831,0.1688,0.022688,0.3596,0.12832,10.7664,0.0132,0.5332,0.2968
-6.342,-18.4731,0.1772,0.023568,0.3832,0.1374,11.5304,0.01412,0.5648,0.306
-6.332,-18.4631,0.1848,0.024312,0.4064,0.14612,12.2544,0.01496,0.5936,0.3156
-6.322,-18.4531,0.1908,0.024888,0.4276,0.1544,12.898,0.01576,0.6188,0.3248
-6.312,-18.4431,0.196,0.025368,0.4472,0.16268,13.5416,0.01652,0.6404,0.3336
-6.302,-18.4331,0.1996,0.02568,0.4652,0.17012,14.1048,0.01716,0.6588,0.342
-6.292,-18.4231,0.202,0.025864,0.4816,0.17756,14.628,0.01776,0.6736,0.3492
-6.282,-18.4131,0.2036,0.026,0.4972,0.1846,15.0712,0.01828,0.6856,0.356
-6.272,-18.4031,0.2044,0.026016,0.5112,0.1916,15.5544,0.01876,0.6948,0.3628
-6.262,-18.3931,0.2044,0.025992,0.5244,0.1986,15.9976,0.01916,0.7024,0.3696
-6.252,-18.3831,0.204,0.025928,0.5376,0.206,16.4408,0.01948,0.7088,0.3764
-6.242,-18.3731,0.2032,0.025824,0.5512,0.2138,16.924,0.0198,0.7144,0.384
-6.232,-18.3631,0.2024,0.025688,0.5644,0.2216,17.4072,0.02,0.7204,0.3924
-6.222,-18.3531,0.202,0.025552,0.5792,0.23028,17.9308,0.02012,0.726,0.402
-6.212,-18.3431,0.2012,0.02542,0.5932,0.23936,18.4548,0.02016,0.732,0.412
-6.202,-18.3331,0.2008,0.025252,0.6032,0.24884,19.0188,0.02008,0.7384,0.4236
-6.192,-18.3231,0.2,0.025084,0.6176,0.25796,19.5824,0.01988,0.744,0.436
-6.182,-18.3131,0.1996,0.024916,0.6276,0.26712,20.1064,0.01956,0.7492,0.4488
-6.172,-18.3031,0.1984,0.0247,0.6376,0.27588,20.59,0.01912,0.7528,0.4624
-6.162,-18.2931,0.1968,0.024436,0.6432,0.2834,21.0336,0.01856,0.754,0.476
-6.152,-18.2831,0.1944,0.024124,0.648,0.28976,21.3568,0.01788,0.7524,0.4896
-6.142,-18.2731,0.1916,0.023676,0.648,0.29404,21.5592,0.0172,0.7468,0.502
-6.132,-18.2631,0.1876,0.023172,0.6392,0.29628,21.6412,0.01636,0.7372,0.5132
-6.122,-18.2531,0.1824,0.022568,0.6292,0.29604,21.522,0.01548,0.7228,0.5228
-6.112,-18.2431,0.1764,0.021788,0.618,0.29332,21.2424,0.01464,0.7028,0.53
-6.102,-18.2331,0.1692,0.020904,0.598,0.28768,20.8016,0.01376,0.6784,0.5344
-6.092,-18.2231,0.1608,0.019888,0.5728,0.27956,20.2,0.01288,0.6492,0.5364
-6.082,-18.2131,0.1516,0.018776,0.548,0.26936,19.3972,0.01212,0.6152,0.5356
-6.072,-18.2031,0.142,0.017572,0.5188,0.2566,18.4732,0.0114,0.578,0.5316
-6.062,-18.1931,0.132,0.016284,0.4876,0.2418,17.3888,0.0108,0.5376,0.5252
-6.052,-18.1831,0.1216,0.014992,0.4548,0.22568,16.2232,0.010288,0.496,0.5168
-6.042,-18.1731,0.1112,0.0137,0.422,0.20868,15.0172,0.009896,0.4524,0.5068
-6.032,-18.1631,0.1012,0.012456,0.3896,0.19128,13.7304,0.009636,0.4096,0.496
-6.022,-18.1531,0.0916,0.011264,0.358,0.1738,12.4836,0.009544,0.3676,0.4848
-6.012,-18.1431,0.0828,0.010204,0.3276,0.15676,11.1964,0.00954,0.3268,0.4736
-6.002,-18.1331,0.0744,0.009196,0.2996,0.14052,9.9888,0.009656,0.2888,0.4636
-5.992,-18.1231,0.0672,0.00836,0.2736,0.12508,8.8616,0.009888,0.2532,0.4552
-5.982,-18.1131,0.0608,0.00762,0.2504,0.11052,7.7748,0.010188,0.2212,0.4488
-5.972,-18.1031,0.0552,0.006972,0.2296,0.0976,6.808,0.010544,0.1924,0.4444
-5.962,-18.0931,0.0508,0.006456,0.2116,0.08636,5.922,0.01096,0.1668,0.4428
-5.952,-18.0831,0.0468,0.006032,0.1964,0.0764,5.15628,0.01136,0.1448,0.4444
-5.942,-18.0731,0.0436,0.005696,0.184,0.06772,4.4712,0.01184,0.126,0.4492
-5.932,-18.0631,0.0412,0.005444,0.174,0.06076,3.88672,0.01232,0.11,0.458
-5.922,-18.0531,0.03908,0.005284,0.1664,0.05504,3.39888,0.01276,0.0972,0.4712
-5.912,-18.0431,0.0378,0.005248,0.1616,0.05108,2.9996,0.01336,0.0872,0.4896
-5.902,-18.0331,0.03708,0.00526,0.1592,0.04796,2.68088,0.014,0.07932,0.5144
-5.892,-18.0231,0.03692,0.005404,0.1588,0.0466,2.43472,0.01476,0.07376,0.5452
-5.882,-18.0131,0.0374,0.005636,0.1608,0.04648,2.25704,0.01572,0.07012,0.584
-5.872,-18.0031,0.03844,0.006036,0.1656,0.04732,2.13976,0.01688,0.06824,0.6304
-5.862,-17.9931,0.04,0.006576,0.1724,0.04904,2.07492,0.01828,0.06784,0.6848
-5.852,-17.9831,0.042,0.007244,0.1812,0.05204,2.0584,0.02,0.0688,0.7484
-5.842,-17.9731,0.0448,0.008088,0.192,0.05556,2.07416,0.02192,0.07096,0.8176
-5.832,-17.9631,0.0476,0.009068,0.2044,0.05992,2.12616,0.02416,0.074,0.8936
-5.822,-17.9531,0.0508,0.01018,0.2184,0.0648,2.19836,0.0266,0.07756,0.976
-5.812,-17.9431,0.054,0.01138,0.2332,0.06968,2.29068,0.02916,0.08212,1.06
-5.802,-17.9331,0.0572,0.012664,0.2476,0.07504,2.39512,0.0318,0.0868,1.148
-5.792,-17.9231,0.0604,0.013948,0.2628,0.08,2.50364,0.0344,0.0912,1.232
-5.782,-17.9131,0.0636,0.015192,0.2768,0.08496,2.60812,0.03684,0.0964,1.316
-5.772,-17.9031,0.066,0.01638,0.29,0.08948,2.70864,0.03908,0.1004,1.396
-5.762,-17.8931,0.068,0.017396,0.302,0.0936,2.80108,0.04092,0.1044,1.468
-5.752,-17.8831,0.0696,0.018188,0.3124,0.09724,2.87344,0.04236,0.1076,1.528
-5.742,-17.8731,0.0708,0.0188,0.3204,0.10044,2.92972,0.04336,0.1104,1.588
-5.732,-17.8631,0.0716,0.019144,0.3268,0.10312,2.96992,0.04388,0.1124,1.628
-5.722,-17.8531,0.0724,0.019224,0.3308,0.10488,2.99004,0.044,0.1136,1.664
-5.712,-17.8431,0.0724,0.01904,0.3336,0.10656,2.99808,0.04372,0.1144,1.692
-5.702,-17.8331,0.0724,0.01868,0.3348,0.10776,2.99004,0.04324,0.1144,1.716
-5.692,-17.8231,0.0724,0.01814,0.3348,0.10844,2.974,0.04256,0.1144,1.728
-5.682,-17.8131,0.0728,0.017436,0.3348,0.10904,2.95396,0.04184,0.114,1.736
-5.672,-17.8031,0.0732,0.016644,0.3344,0.10996,2.93396,0.04116,0.1132,1.744
-5.662,-17.7931,0.074,0.01586,0.3344,0.11084,2.922,0.0406,0.1124,1.748
-5.652,-17.7831,0.0748,0.01504,0.3356,0.11208,2.91412,0.04028,0.112,1.76
-5.642,-17.7731,0.0764,0.014268,0.3376,0.11328,2.91436,0.04028,0.1116,1.772
-5.632,-17.7631,0.0784,0.013596,0.3404,0.11488,2.93072,0.04052,0.112,1.788
-5.622,-17.7531,0.0804,0.013016,0.3444,0.11692,2.9552,0.04104,0.1124,1.812
-5.612,-17.7431,0.0832,0.012576,0.3496,0.11932,2.9958,0.0418,0.1128,1.832
-5.602,-17.7331,0.0856,0.012272,0.356,0.1222,3.04852,0.04284,0.114,1.864
-5.592,-17.7231,0.0884,0.012064,0.3624,0.12512,3.10932,0.04396,0.1156,1.896
-5.582,-17.7131,0.0912,0.011992,0.37,0.12848,3.17416,0.04524,0.1168,1.932
-5.572,-17.7031,0.0932,0.012092,0.3768,0.13188,3.24308,0.04656,0.1188,1.972
-5.562,-17.6931,0.0956,0.012284,0.3836,0.13528,3.316,0.04788,0.1204,2.012
-5.552,-17.6831,0.0972,0.01256,0.3892,0.13876,3.38088,0.04916,0.1216,2.056
-5.542,-17.6731,0.098,0.012964,0.394,0.1418,3.44168,0.05032,0.1232,2.088
-5.532,-17.6631,0.0988,0.013456,0.3968,0.14444,3.4904,0.05144,0.124,2.12
-5.522,-17.6531,0.0988,0.013984,0.398,0.14704,3.527,0.0524,0.1248,2.148
-5.512,-17.6431,0.098,0.014596,0.3976,0.14876,3.55144,0.05332,0.1248,2.168
-5.502,-17.6331,0.0972,0.015208,0.3952,0.14996,3.55972,0.05416,0.1248,2.176
-5.492,-17.6231,0.096,0.01586,0.3912,0.15072,3.55588,0.05492,0.124,2.18
-5.482,-17.6131,0.0944,0.016468,0.386,0.15056,3.53988,0.05568,0.1232,2.18
-5.472,-17.6031,0.0928,0.017072,0.3796,0.14988,3.5158,0.05648,0.122,2.168
-5.462,-17.5931,0.0912,0.01768,0.3724,0.14876,3.4876,0.0574,0.1212,2.16
-5.452,-17.5831,0.09,0.018204,0.3656,0.14756,3.45936,0.0584,0.1196,2.148
-5.442,-17.5731,0.0892,0.018728,0.3588,0.14596,3.43512,0.05964,0.1192,2.14
-5.432,-17.5631,0.0892,0.019212,0.3536,0.14476,3.41892,0.06072,0.118,2.136
-5.422,-17.5531,0.0896,0.019656,0.3492,0.1436,3.4148,0.06232,0.118,2.14
-5.412,-17.5431,0.0908,0.020056,0.3464,0.14292,3.4228,0.06404,0.118,2.148
-5.402,-17.5331,0.0924,0.020412,0.3452,0.14308,3.44292,0.06548,0.1188,2.168
-5.392,-17.5231,0.0948,0.020676,0.3456,0.1434,3.47512,0.06736,0.1196,2.192
-5.382,-17.5131,0.0976,0.020892,0.3472,0.14456,3.51948,0.06928,0.1208,2.22
-5.372,-17.5031,0.1004,0.021016,0.3496,0.14588,3.56792,0.0708,0.1224,2.256
-5.362,-17.4931,0.1032,0.02108,0.3528,0.14804,3.62048,0.07228,0.124,2.292
-5.352,-17.4831,0.1064,0.021004,0.3556,0.14988,3.67304,0.07332,0.1252,2.328
-5.342,-17.4731,0.1088,0.020828,0.3588,0.15256,3.71768,0.07424,0.1268,2.356
-5.332,-17.4631,0.1112,0.020548,0.3616,0.15492,3.75432,0.07504,0.1276,2.388
-5.322,-17.4531,0.1132,0.020168,0.3636,0.15728,3.78296,0.07492,0.128,2.412
-5.312,-17.4431,0.1144,0.019692,0.3648,0.15924,3.7996,0.0746,0.128,2.428
-5.302,-17.4331,0.1152,0.01912,0.3652,0.1612,3.80416,0.07416,0.1276,2.436
-5.292,-17.4231,0.1156,0.01854,0.3648,0.16276,3.79668,0.07276,0.1272,2.444
-5.282,-17.4131,0.1152,0.017948,0.3632,0.16428,3.77712,0.0716,0.126,2.444
-5.272,-17.4031,0.1144,0.017316,0.3612,0.16496,3.74948,0.06992,0.1248,2.44
-5.262,-17.3931,0.1132,0.016724,0.358,0.16516,3.70976,0.06776,0.1232,2.428
-5.252,-17.3831,0.1116,0.016176,0.3548,0.16488,3.66188,0.06588,0.1216,2.412
-5.242,-17.3731,0.1092,0.015676,0.3508,0.16412,3.60592,0.06352,0.1196,2.392
-5.232,-17.3631,0.1068,0.015224,0.3464,0.16248,3.5418,0.06104,0.1176,2.368
-5.222,-17.3531,0.104,0.0149,0.3416,0.15992,3.4776,0.05864,0.1152,2.336
-5.212,-17.3431,0.1008,0.014628,0.3364,0.15692,3.40528,0.05632,0.1132,2.304
-5.202,-17.3331,0.0976,0.014488,0.332,0.1534,3.33684,0.05404,0.1112,2.276
-5.192,-17.3231,0.0944,0.014444,0.3276,0.14984,3.2684,0.05196,0.1096,2.244
-5.182,-17.3131,0.0912,0.014536,0.324,0.14584,3.20792,0.05008,0.108,2.216
-5.172,-17.3031,0.0884,0.014684,0.3212,0.14184,3.15544,0.0484,0.1068,2.192
-5.162,-17.2931,0.0856,0.014964,0.3196,0.13828,3.11104,0.04704,0.1064,2.176
-5.152,-17.2831,0.0836,0.015296,0.3188,0.13472,3.07468,0.04596,0.106,2.164
-5.142,-17.2731,0.0816,0.01568,0.3188,0.13204,3.05444,0.04512,0.106,2.16
-5.132,-17.2631,0.08,0.016072,0.32,0.1298,3.04228,0.04452,0.1064,2.164
-5.122,-17.2531,0.0792,0.016468,0.3216,0.12844,3.03824,0.04412,0.1068,2.164
-5.112,-17.2431,0.0784,0.016824,0.3236,0.12756,3.04228,0.04388,0.108,2.176
-5.102,-17.2331,0.078,0.017096,0.3252,0.12712,3.0464,0.04376,0.1084,2.188
-5.092,-17.2231,0.078,0.017244,0.3272,0.12756,3.05452,0.04364,0.1092,2.2
-5.082,-17.2131,0.078,0.0173,0.3288,0.1284,3.06272,0.0436,0.1096,2.208
-5.072,-17.2031,0.078,0.017268,0.33,0.13012,3.07096,0.04352,0.1104,2.216
-5.062,-17.1931,0.0784,0.017104,0.3308,0.13228,3.0752,0.0434,0.1104,2.228
-5.052,-17.1831,0.0792,0.016852,0.3316,0.13444,3.08348,0.04332,0.1108,2.236
-5.042,-17.1731,0.08,0.016512,0.332,0.13704,3.0878,0.04328,0.1108,2.244
-5.032,-17.1631,0.0808,0.016168,0.3324,0.14048,3.0922,0.04332,0.1108,2.256
-5.022,-17.1531,0.082,0.01578,0.3332,0.14352,3.10068,0.04348,0.1112,2.268
-5.012,-17.1431,0.0832,0.015436,0.3344,0.147,3.1132,0.04376,0.1116,2.284
-5.002,-17.1331,0.0852,0.01514,0.336,0.15004,3.12984,0.0442,0.112,2.3
-4.992,-17.1231,0.0868,0.014888,0.3372,0.15348,3.1506,0.04484,0.1124,2.32
-4.982,-17.1131,0.0888,0.014768,0.3388,0.15652,3.17544,0.04572,0.1132,2.34
-4.972,-17.1031,0.0908,0.01474,0.34,0.15912,3.20036,0.04684,0.114,2.364
-4.962,-17.0931,0.0928,0.01484,0.3416,0.16168,3.2334,0.04812,0.1148,2.384
-4.952,-17.0831,0.0948,0.01504,0.3424,0.1642,3.26652,0.0496,0.1156,2.408
-4.942,-17.0731,0.0968,0.015368,0.3424,0.16628,3.29972,0.05128,0.116,2.428
-4.932,-17.0631,0.0988,0.015832,0.3428,0.16792,3.33696,0.05316,0.1164,2.452
-4.922,-17.0531,0.1004,0.016388,0.342,0.17,3.37824,0.05516,0.1164,2.468
-4.912,-17.0431,0.102,0.01708,0.3412,0.1716,3.4156,0.05724,0.1168,2.488
-4.902,-17.0331,0.1036,0.017824,0.3396,0.17364,3.4528,0.05952,0.1168,2.504
-4.892,-17.0231,0.1048,0.018704,0.338,0.17564,3.4944,0.06152,0.1164,2.524
-4.882,-17.0131,0.106,0.019668,0.336,0.17768,3.5276,0.06352,0.116,2.536
-4.872,-17.0031,0.1068,0.020684,0.334,0.17972,3.5652,0.06544,0.1156,2.548
-4.862,-16.9931,0.1072,0.021748,0.332,0.18216,3.5944,0.06736,0.1148,2.56
-4.852,-16.9831,0.1076,0.02282,0.3304,0.1846,3.62,0.06876,0.1144,2.576
-4.842,-16.9731,0.108,0.023972,0.3292,0.18708,3.6452,0.06976,0.114,2.584
-4.832,-16.9631,0.108,0.025096,0.3292,0.19,3.6708,0.07072,0.114,2.6
-4.822,-16.9531,0.1084,0.02626,0.3304,0.19336,3.6964,0.07168,0.1144,2.62
-4.812,-16.9431,0.1088,0.02748,0.3328,0.1968,3.7264,0.07224,0.1152,2.644
-4.802,-16.9331,0.11,0.02864,0.3364,0.20156,3.768,0.07288,0.1168,2.684
-4.792,-16.9231,0.1112,0.02988,0.3428,0.20724,3.8264,0.07356,0.1184,2.732
-4.782,-16.9131,0.1136,0.03116,0.3504,0.21384,3.9008,0.07436,0.1212,2.8
-4.772,-16.9031,0.1164,0.03244,0.3604,0.2218,3.9912,0.07568,0.1248,2.884
-4.762,-16.8931,0.12,0.0338,0.372,0.23072,4.106,0.07708,0.1288,2.98
-4.752,-16.8831,0.124,0.03508,0.3852,0.24092,4.2292,0.0786,0.1332,3.096
-4.742,-16.8731,0.1288,0.03636,0.3984,0.25164,4.392,0.08016,0.138,3.216
-4.732,-16.8631,0.1336,0.03752,0.412,0.26236,4.5148,0.08216,0.1424,3.336
-4.722,-16.8531,0.1384,0.03852,0.424,0.27304,4.6772,0.08412,0.1468,3.46
-4.712,-16.8431,0.1428,0.0394,0.4348,0.28284,4.7996,0.086,0.1504,3.572
-4.702,-16.8331,0.1468,0.04004,0.4428,0.29168,4.9212,0.08736,0.1528,3.664
-4.692,-16.8231,0.15,0.04044,0.448,0.29912,5.002,0.08852,0.1544,3.74
-4.682,-16.8131,0.152,0.04056,0.45,0.30436,5.0428,0.08952,0.1548,3.784
-4.672,-16.8031,0.1532,0.04048,0.448,0.30816,5.0824,0.08952,0.154,3.808
-4.662,-16.7931,0.1532,0.0402,0.4436,0.31012,5.0816,0.08928,0.1524,3.804
-4.652,-16.7831,0.152,0.03984,0.436,0.31064,5.0404,0.08848,0.1492,3.776
-4.642,-16.7731,0.1504,0.03936,0.4264,0.3098,4.9588,0.08756,0.1452,3.736
-4.632,-16.7631,0.1484,0.03884,0.4156,0.30804,4.8772,0.08616,0.1412,3.676
-4.622,-16.7531,0.146,0.0384,0.4044,0.3062,4.8356,0.08512,0.1368,3.62
-4.612,-16.7431,0.144,0.03808,0.3932,0.30392,4.754,0.08372,0.132,3.556
-4.602,-16.7331,0.142,0.03792,0.3828,0.30248,4.6728,0.0828,0.12772,3.5
-4.592,-16.7231,0.1408,0.03788,0.3736,0.30148,4.632,0.082,0.12376,3.452
-4.582,-16.7131,0.14,0.038,0.366,0.30056,4.5916,0.08168,0.12044,3.412
-4.572,-16.7031,0.1396,0.03816,0.3596,0.30048,4.5516,0.08144,0.11784,3.384
-4.562,-16.6931,0.14,0.03836,0.3548,0.30052,4.552,0.08172,0.11544,3.364
-4.552,-16.6831,0.1404,0.03852,0.3508,0.30056,4.5528,0.08164,0.11368,3.352
-4.542,-16.6731,0.1412,0.03852,0.3472,0.29984,4.554,0.08196,0.11212,3.336
-4.532,-16.6631,0.1416,0.0384,0.3444,0.29872,4.5552,0.08184,0.11108,3.32
-4.522,-16.6531,0.1416,0.03804,0.3412,0.29676,4.5164,0.08124,0.1098,3.3
-4.512,-16.6431,0.1412,0.0374,0.3376,0.2936,4.4772,0.08016,0.10896,3.272
-4.502,-16.6331,0.14,0.03652,0.3336,0.2896,4.4384,0.07896,0.1078,3.236
-4.492,-16.6231,0.1388,0.03544,0.3292,0.28516,4.3992,0.07728,0.10664,3.196
-4.482,-16.6131,0.1364,0.03416,0.3248,0.28032,4.32,0.07508,0.10548,3.152
-4.472,-16.6031,0.134,0.03276,0.3204,0.27588,4.2404,0.07284,0.10432,3.104
-4.462,-16.5931,0.1316,0.03136,0.316,0.27192,4.1608,0.07016,0.10316,3.06
-4.452,-16.5831,0.1288,0.02996,0.3128,0.26884,4.0816,0.06744,0.10276,3.02
-4.442,-16.5731,0.1264,0.02864,0.31,0.26704,4.038,0.06476,0.10228,2.992
-4.432,-16.5631,0.124,0.02748,0.3084,0.2666,3.9904,0.06256,0.102,2.972
-4.422,-16.5531,0.122,0.02652,0.308,0.26784,3.9552,0.06036,0.1024,2.968
-4.412,-16.5431,0.1208,0.02572,0.308,0.2708,3.94,0.05828,0.1028,2.972
-4.402,-16.5331,0.1196,0.02512,0.3092,0.27512,3.9372,0.05652,0.1036,2.992
-4.392,-16.5231,0.1192,0.02464,0.3112,0.28072,3.9504,0.05512,0.1048,3.028
-4.382,-16.5131,0.1192,0.0244,0.3136,0.2872,3.9804,0.05396,0.106,3.068
-4.372,-16.5031,0.1192,0.02436,0.3164,0.295,4.0224,0.053,0.1072,3.12
-4.362,-16.4931,0.12,0.02436,0.32,0.30324,4.0808,0.05228,0.1092,3.18
-4.352,-16.4831,0.1212,0.0246,0.3232,0.31232,4.1356,0.0518,0.1112,3.248
-4.342,-16.4731,0.1224,0.02492,0.3264,0.32148,4.2192,0.05156,0.1128,3.32
-4.332,-16.4631,0.1236,0.0254,0.3304,0.33104,4.3028,0.05144,0.1148,3.4
-4.322,-16.4531,0.1252,0.02604,0.3348,0.3406,4.4272,0.0516,0.1168,3.484
-4.312,-16.4431,0.1272,0.0268,0.3384,0.3502,4.512,0.05184,0.1192,3.572
-4.302,-16.4331,0.1292,0.02768,0.3428,0.35976,4.6372,0.05228,0.1212,3.66
-4.292,-16.4231,0.1308,0.02864,0.3468,0.36852,4.7624,0.05284,0.1232,3.748
-4.282,-16.4131,0.1328,0.02972,0.3504,0.3772,4.848,0.05344,0.1252,3.832
-4.272,-16.4031,0.1344,0.03088,0.3544,0.3846,4.9732,0.05408,0.1268,3.912
-4.262,-16.3931,0.136,0.03204,0.3572,0.39076,5.0584,0.05464,0.1276,3.98
-4.252,-16.3831,0.1372,0.0332,0.3592,0.39596,5.1832,0.05512,0.1284,4.04
-4.242,-16.3731,0.138,0.03432,0.3608,0.39948,5.228,0.05544,0.1284,4.092
-4.232,-16.3631,0.1384,0.0354,0.3616,0.40168,5.312,0.05552,0.128,4.128
-4.222,-16.3531,0.1384,0.03628,0.3616,0.4026,5.3552,0.05544,0.1272,4.156
-4.212,-16.3431,0.1384,0.03708,0.3604,0.40216,5.3984,0.05512,0.1256,4.172
-4.202,-16.3331,0.1376,0.03772,0.3592,0.40048,5.4008,0.05452,0.124,4.18
-4.192,-16.3231,0.1368,0.03824,0.3576,0.39796,5.4428,0.05372,0.122,4.184
-4.182,-16.3131,0.1356,0.03856,0.3556,0.3946,5.4448,0.05272,0.1204,4.18
-4.172,-16.3031,0.1344,0.03872,0.3536,0.39128,5.4464,0.05148,0.118,4.176
-4.162,-16.2931,0.1328,0.0388,0.3524,0.38756,5.4076,0.05012,0.116,4.176
-4.152,-16.2831,0.1316,0.03872,0.3508,0.38428,5.4088,0.04856,0.1144,4.176
-4.142,-16.2731,0.1304,0.03852,0.3496,0.38104,5.4104,0.047,0.1124,4.18
-4.132,-16.2631,0.1292,0.03828,0.3492,0.37872,5.4116,0.04532,0.1108,4.18
-4.122,-16.2531,0.128,0.03792,0.3484,0.37684,5.3732,0.04356,0.1092,4.184
-4.112,-16.2431,0.1268,0.03752,0.348,0.3754,5.3748,0.0418,0.108,4.188
-4.102,-16.2331,0.1256,0.03704,0.3472,0.3744,5.3764,0.04008,0.1064,4.192
-4.092,-16.2231,0.1248,0.03656,0.346,0.37384,5.3376,0.03832,0.1052,4.192
-4.082,-16.2131,0.1236,0.03604,0.3448,0.37324,5.3392,0.03664,0.1036,4.188
-4.072,-16.2031,0.1224,0.03556,0.3428,0.37304,5.3008,0.035,0.1024,4.176
-4.062,-16.1931,0.1212,0.03508,0.3404,0.37244,5.2624,0.03344,0.1008,4.16
-4.052,-16.1831,0.12,0.03468,0.338,0.37176,5.224,0.03196,0.0996,4.144
-4.042,-16.1731,0.1188,0.03432,0.3348,0.37104,5.1856,0.03056,0.0976,4.12
-4.032,-16.1631,0.118,0.03404,0.3308,0.36988,5.1472,0.02924,0.096,4.096
-4.022,-16.1531,0.1168,0.03384,0.3272,0.36824,5.1088,0.028,0.09428,4.068
-4.012,-16.1431,0.1156,0.033744,0.3228,0.36612,5.03,0.02692,0.09248,4.036
-4.002,-16.1331,0.1144,0.033732,0.3184,0.36312,4.9912,0.02588,0.09072,4
-3.992,-16.1231,0.1132,0.033768,0.3132,0.35964,4.9524,0.02484,0.089,3.96
-3.982,-16.1131,0.1116,0.033808,0.3076,0.35488,4.8732,0.02396,0.08688,3.912
-3.972,-16.1031,0.1104,0.03384,0.302,0.3492,4.8332,0.02304,0.08516,3.856
-3.962,-16.0931,0.1088,0.033784,0.2952,0.3422,4.7528,0.02216,0.0826,3.792
-3.952,-16.0831,0.1068,0.033636,0.2876,0.33384,4.6316,0.02128,0.0804,3.712
-3.942,-16.0731,0.1044,0.033308,0.2792,0.32416,4.5496,0.02036,0.07772,3.62
-3.932,-16.0631,0.1016,0.0328,0.2688,0.31272,4.3864,0.01944,0.07456,3.512
-3.922,-16.0531,0.0984,0.032028,0.258,0.29952,4.2624,0.01844,0.07128,3.388
-3.912,-16.0431,0.0948,0.031072,0.246,0.285,4.0768,0.017388,0.06744,3.244
-3.902,-16.0331,0.0908,0.029852,0.2328,0.26912,3.882,0.016292,0.0636,3.08
-3.892,-16.0231,0.0864,0.028368,0.2184,0.25192,3.6704,0.015148,0.05936,2.908
-3.882,-16.0131,0.0816,0.026708,0.2028,0.23384,3.4376,0.013988,0.05488,2.716
-3.872,-16.0031,0.0764,0.024912,0.1864,0.21488,3.196,0.012784,0.05028,2.52
-3.862,-15.9931,0.0708,0.022944,0.17,0.19588,2.946,0.011608,0.04556,2.316
-3.852,-15.9831,0.0652,0.020928,0.1536,0.17688,2.6872,0.010432,0.04088,2.108
-3.842,-15.9731,0.0596,0.018872,0.1372,0.15832,2.4368,0.009296,0.03628,1.904
-3.832,-15.9631,0.054,0.016856,0.1212,0.14064,2.186,0.008204,0.03184,1.7
-3.822,-15.9531,0.0484,0.014844,0.1064,0.12384,1.9476,0.0072,0.02772,1.512
-3.812,-15.9431,0.0432,0.012964,0.0924,0.10832,1.7216,0.006208,0.02384,1.328
-3.802,-15.9331,0.03844,0.011212,0.07916,0.09416,1.5084,0.005352,0.02028,1.16
-3.792,-15.9231,0.03388,0.009592,0.0674,0.08128,1.3156,0.00456,0.01716,1.008
-3.782,-15.9131,0.02972,0.008144,0.05692,0.06976,1.1392,0.003852,0.01432,0.872
-3.772,-15.9031,0.02596,0.006832,0.04772,0.05996,0.98,0.003224,0.01188,0.7464
-3.762,-15.8931,0.0226,0.005652,0.03972,0.05112,0.8416,0.002676,0.009792,0.638
-3.752,-15.8831,0.0196,0.00466,0.03288,0.0436,0.7196,0.0022,0.00804,0.5436
-3.742,-15.8731,0.017,0.0038,0.02704,0.0372,0.61448,0.0018,0.006564,0.462
-3.732,-15.8631,0.01472,0.003076,0.02212,0.031764,0.522,0.0014612,0.00534,0.392
-3.722,-15.8531,0.01276,0.0024728,0.01808,0.027168,0.44212,0.0011772,0.00434,0.3324
-3.712,-15.8431,0.01108,0.0019732,0.01468,0.02332,0.37684,0.0009424,0.003528,0.2824
-3.702,-15.8331,0.00964,0.0015684,0.01192,0.020056,0.3204,0.0007512,0.002872,0.24
-3.692,-15.8231,0.0084,0.001242,0.00968,0.01732,0.2732,0.000598,0.00234,0.2048
-3.682,-15.8131,0.00732,0.00098,0.00788,0.014984,0.23316,0.0004748,0.00192,0.1748
-3.672,-15.8031,0.0064,0.000774,0.006388,0.01296,0.19904,0.0003769,0.001576,0.1492
-3.662,-15.7931,0.00556,0.0006104,0.005188,0.011244,0.16996,0.0003,0.0013,0.128
-3.652,-15.7831,0.00484,0.0004844,0.004216,0.009712,0.14468,0.0002392,0.001072,0.1088
-3.642,-15.7731,0.00416,0.000384,0.00342,0.008312,0.1228,0.0001908,0.0008856,0.0924
-3.632,-15.7631,0.003568,0.0003048,0.002776,0.007088,0.10384,0.00015228,0.0007292,0.07804
-3.622,-15.7531,0.00302,0.0002416,0.002236,0.006,0.0866,0.00012188,0.0005984,0.06552
-3.612,-15.7431,0.002528,0.00019104,0.0018,0.005,0.07186,9.672e-05,0.0004876,0.05432
-3.602,-15.7331,0.002084,0.00015076,0.001432,0.004112,0.058824,7.696e-05,0.0003932,0.04448
-3.592,-15.7231,0.001696,0.00011796,0.001128,0.003336,0.047472,6.036e-05,0.000314,0.03588
-3.582,-15.7131,0.001352,9.152e-05,0.0008808,0.0026576,0.03772,4.7e-05,0.0002472,0.02856
-3.572,-15.7031,0.001064,7.004e-05,0.0006768,0.0020844,0.029484,3.616e-05,0.000192,0.02232
-3.562,-15.6931,0.00082,5.296e-05,0.0005132,0.0016024,0.022636,2.736e-05,0.000146,0.01712
-3.552,-15.6831,0.00062,3.944e-05,0.0003828,0.0012108,0.017052,2.048e-05,0.0001096,0.01292
-3.542,-15.6731,0.000456,2.888e-05,0.0002804,0.0008968,0.0126,1.4984e-05,8.076e-05,0.00956
-3.532,-15.6631,0.0003324,2.0788e-05,0.0002016,0.0006508,0.009112,1.0812e-05,5.836e-05,0.006916
-3.522,-15.6531,0.0002364,1.4676e-05,0.0001424,0.00046,0.0064676,7.648e-06,4.132e-05,0.004908
-3.512,-15.6431,0.0001644,1.0164e-05,9.892e-05,0.000321,0.0044936,5.296e-06,2.864e-05,0.003416
-3.502,-15.6331,0.000112,6.916e-06,6.716e-05,0.00021856,0.0030696,3.6e-06,1.948e-05,0.002324
-3.492,-15.6231,7.48e-05,4.592e-06,4.456e-05,0.00014572,0.0020448,2.392e-06,1.296e-05,0.001548
-3.482,-15.6131,4.88e-05,2.992e-06,2.9e-05,9.516e-05,0.0013352,1.56e-06,8.464e-06,0.001008
-3.472,-15.6031,3.116e-05,1.9092e-06,1.848e-05,6.1e-05,0.0008524,9.948e-07,5.396e-06,0.0006456
-3.462,-15.5931,1.948e-05,1.1892e-06,1.154e-05,3.8e-05,0.0005332,6.22e-07,3.372e-06,0.0004036
-3.452,-15.5831,1.192e-05,7.292e-07,7.04e-06,2.3264e-05,0.0003258,3.8e-07,2.06e-06,0.0002468
-3.442,-15.5731,7.12e-06,4.352e-07,4.216e-06,1.3892e-05,0.00019484,2.272e-07,1.232e-06,0.000148
-3.432,-15.5631,4.16e-06,2.548e-07,2.464e-06,8.148e-06,0.0001142,1.3312e-07,7.204e-07,8.636e-05
-3.422,-15.5531,2.392e-06,1.4588e-07,1.412e-06,4.648e-06,6.5492e-05,7.628e-08,4.128e-07,4.952e-05
-3.412,-15.5431,1.34e-06,8.164e-08,7.908e-07,2.6136e-06,3.6612e-05,4.26e-08,2.312e-07,2.776e-05
-3.402,-15.5331,7.36e-07,4.472e-08,4.332e-07,1.434e-06,2.0068e-05,2.34e-08,1.268e-07,1.52e-05
-3.392,-15.5231,3.94e-07,2.4e-08,2.32e-07,7.692e-07,1.0748e-05,1.2516e-08,6.796e-08,8.132e-06
-3.382,-15.5131,2.068e-07,1.2604e-08,1.216e-07,4.028e-07,5.6272e-06,6.56e-09,3.56e-08,4.276e-06
-3.372,-15.5031,1.06e-07,6.468e-09,6.252e-08,2.0672e-07,2.8972e-06,3.372e-09,1.828e-08,2.196e-06
-3.362,-15.4931,5.32e-08,3.24e-09,3.132e-08,1.038e-07,1.4528e-06,1.692e-09,9.16e-09,1.1e-06
-3.352,-15.4831,2.616e-08,1.5892e-09,1.54e-08,5.1e-08,7.1376e-07,8.292e-10,4.504e-09,5.408e-07
-3.342,-15.4731,1.256e-08,7.632e-10,7.38e-09,2.4496e-08,3.4304e-07,3.992e-10,2.164e-09,2.596e-07
-3.332,-15.4631,5.92e-09,3.592e-10,3.472e-09,1.152e-08,1.6124e-07,1.876e-10,1.016e-09,1.22e-07
-3.322,-15.4531,2.712e-09,1.6516e-10,1.596e-09,5.284e-09,7.3904e-08,8.616e-11,4.672e-10,5.612e-08
-3.312,-15.4431,1.22e-09,7.436e-11,7.188e-10,2.3768e-09,3.3296e-08,3.872e-11,2.1e-10,2.524e-08
-3.302,-15.4331,5.36e-10,3.264e-11,3.156e-10,1.0472e-09,1.4652e-08,1.704e-11,9.24e-11,1.108e-08
-3.292,-15.4231,2.308e-10,1.4052e-11,1.356e-10,4.5e-10,6.298e-09,7.32e-12,3.976e-11,4.776e-09
-3.282,-15.4131,9.72e-11,5.896e-12,5.712e-11,1.894e-10,2.6536e-09,3.088e-12,1.672e-11,2.008e-09
-3.272,-15.4031,3.996e-11,2.432e-12,2.352e-11,7.788e-11,1.0916e-09,1.2724e-12,6.888e-12,8.264e-10
-3.262,-15.3931,1.608e-11,9.804e-13,9.488e-12,3.1376e-11,4.408e-10,5.116e-13,2.776e-12,3.328e-10
-3.252,-15.3831,6.36e-12,3.86e-13,3.732e-12,1.2344e-11,1.73e-10,2.016e-13,1.096e-12,1.312e-10
-3.242,-15.3731,2.444e-12,1.4872e-13,1.44e-12,4.78e-12,6.6756e-11,7.752e-14,4.212e-13,5.052e-11
-3.232,-15.3631,9.2e-13,5.604e-14,5.42e-13,1.7944e-12,2.5148e-11,2.924e-14,1.588e-13,1.904e-11
-3.222,-15.3531,3.396e-13,2.0668e-14,2e-13,6.604e-13,9.28e-12,1.0784e-14,5.852e-14,7.024e-12
-3.212,-15.3431,1.224e-13,7.44e-15,7.196e-14,2.3864e-13,3.3464e-12,3.892e-15,2.112e-14,2.536e-12
-3.202,-15.3331,4.32e-14,2.628e-15,2.54e-14,8.424e-14,1.18e-12,1.3712e-15,7.436e-15,8.92e-13
-3.192,-15.3231,0,0,0,0,0,0,0,0
-3.182,-15.3131,0,0,0,0,0,0,0,0
-3.172,-15.3031,0,0,0,0,0,0,0,0
-3.162,-15.2931,0,0,0,0,0,0,0,0
-3.152,-15.2831,0,0,0,0,0,0,0,0
-3.142,-15.2731,0,0,0,0,0,0,0,0
-3.132,-15.2631,0,0,0,0,0,0,0,0
-3.122,-15.2531,0,0,0,0,0,0,0,0
-3.112,-15.2431,0,0,0,0,0,0,0,0
-3.102,-15.2331,0,0,0,0,0,0,0,0
-3.092,-15.2231,0,0,0,0,0,0,0,0
-3.082,-15.2131,0,0,0,0,0,0,0,0
-3.072,-15.2031,0,0,0,0,0,0,0,0
-3.062,-15.1931,0,0,0,0,0,0,0,0
-3.052,-15.1831,0,0,0,0,0,0,0,0
-3.042,-15.1731,0,0,0,0,0,0,0,0
-3.032,-15.1631,0,0,0,0,0,0,0,0
-3.022,-15.1531,0,0,0,0,0,0,0,0
-3.012,-15.1431,0,0,0,0,0,0,0,0
-3.002,-15.1331,0,0,0,0,0,0,0,0
-2.992,-15.1231,0,0,0,0,0,0,0,0
-2.982,-15.1131,0,0,0,0,0,0,0,0
-2.972,-15.1031,0,0,0,0,0,0,0,0
-2.962,-15.0931,0,0,0,0,0,0,0,0
-2.952,-15.0831,0,0,0,0,0,0,0,0
-2.942,-15.0731,0,0,0,0,0,0,0,0
-2.932,-15.0631,0,0,0,0,0,0,0,0
-2.922,-15.0531,0,0,0,0,0,0,0,0
-2.912,-15.0431,0,0,0,0,0,0,0,0
-2.902,-15.0331,0,0,0,0,0,0,0,0
-2.892,-15.0231,0,0,0,0,0,0,0,0
-2.882,-15.0131,0,0,0,0,0,0,0,0
-2.872,-15.0031,0,0,0,0,0,0,0,0
-2.862,-14.9931,0,0,0,0,0,0,0,0
-2.852,-14.9831,0,0,0,0,0,0,0,0
-2.842,-14.9731,0,0,0,0,0,0,0,0
-2.832,-14.9631,0,0,0,0,0,0,0,0
-2.822,-14.9531,0,0,0,0,0,0,0,0
-2.812,-14.9431,0,0,0,0,0,0,0,0
-2.802,-14.9331,0,0,0,0,0,0,0,0
-2.792,-14.9231,0,0,0,0,0,0,0,0
-2.782,-14.9131,0,0,0,0,0,0,0,0
-2.772,-14.9031,0,0,0,0,0,0,0,0
-2.762,-14.8931,0,0,0,0,0,0,0,0
-2.752,-14.8831,0,0,0,0,0,0,0,0
-2.742,-14.8731,0,0,0,0,0,0,0,0
-2.732,-14.8631,0,0,0,0,0,0,0,0
-2.722,-14.8531,0,0,0,0,0,0,0,0
-2.712,-14.8431,0,0,0,0,0,0,0,0
-2.702,-14.8331,0,0,0,0,0,0,0,0
-2.692,-14.8231,0,0,0,0,0,0,0,0
-2.682,-14.8131,0,0,0,0,0,0,0,0
-2.672,-14.8031,0,0,0,0,0,0,0,0
-2.662,-14.7931,0,0,0,0,0,0,0,0
-2.652,-14.7831,0,0,0,0,0,0,0,0
-2.642,-14.7731,0,0,0,0,0,0,0,0
-2.632,-14.7631,0,0,0,0,0,0,0,0
-2.622,-14.7531,0,0,0,0,0,0,0,0
-2.612,-14.7431,0,0,0,0,0,0,0,0
-2.602,-14.7331,0,0,0,0,0,0,0,0
-2.592,-14.7231,0,0,0,0,0,0,0,0
-2.582,-14.7131,0,0,0,0,0,0,0,0
-2.572,-14.7031,0,0,0,0,0,0,0,0
-2.562,-14.6931,0,0,0,0,0,0,0,0
-2.552,-14.6831,0,0,0,0,0,0,0,0
-2.542,-14.6731,0,0,0,0,0,0,0,0
-2.532,-14.6631,0,0,0,0,0,0,0,0
-2.522,-14.6531,0,0,0,0,0,0,0,0
-2.512,-14.6431,0,0,0,0,0,0,0,0
-2.502,-14.6331,0,0,0,0,0,0,0,0
-2.492,-14.6231,0,0,0,0,0,0,0,0
-2.482,-14.6131,0,0,0,0,0,0,0,0
-2.472,-14.6031,0,0,0,0,0,0,0,0
-2.462,-14.5931,0,0,0,0,0,0,0,0
-2.452,-14.5831,0,0,0,0,0,0,0,0
-2.442,-14.5731,0,0,0,0,0,0,0,0
-2.432,-14.5631,0,0,0,0,0,0,0,0
-2.422,-14.5531,0,0,0,0,0,0,0,0
-2.412,-14.5431,0,0,0,0,0,0,0,0
-2.402,-14.5331,0,0,0,0,0,0,0,0
-2.392,-14.5231,0,0,0,0,0,0,0,0
-2.382,-14.5131,0,0,0,0,0,0,0,0
-2.372,-14.5031,0,0,0,0,0,0,0,0
-2.362,-14.4931,0,0,0,0,0,0,0,0
-2.352,-14.4831,0,0,0,0,0,0,0,0
-2.342,-14.4731,0,0,0,0,0,0,0,0
-2.332,-14.4631,0,0,0,0,0,0,0,0
-2.322,-14.4531,0,0,0,0,0,0,0,0
-2.312,-14.4431,0,0,0,0,0,0,0,0
-2.302,-14.4331,0,0,0,0,0,0,0,0
-2.292,-14.4231,0,0,0,0,0,0,0,0
-2.282,-14.4131,0,0,0,0,0,0,0,0
-2.272,-14.4031,0,0,0,0,0,0,0,0
-2.262,-14.3931,0,0,0,0,0,0,0,0
-2.252,-14.3831,0,0,0,0,0,0,0,0
-2.242,-14.3731,0,0,0,0,0,0,0,0
-2.232,-14.3631,0,0,0,0,0,0,0,0
-2.222,-14.3531,0,0,0,0,0,0,0,0
-2.212,-14.3431,0,0,0,0,0,0,0,0
-2.202,-14.3331,0,0,0,0,0,0,0,0
-2.192,-14.3231,0,0,0,0,0,0,0,0
-2.182,-14.3131,0,0,0,0,0,0,0,0
-2.172,-14.3031,0,0,0,0,0,0,0,0
-2.162,-14.2931,0,0,0,0,0,0,0,0
-2.152,-14.2831,0,0,0,0,0,0,0,0
-2.142,-14.2731,0,0,0,0,0,0,0,0
-2.132,-14.2631,0,0,0,0,0,0,0,0
-2.122,-14.2531,0,0,0,0,0,0,0,0
-2.112,-14.2431,0,0,0,0,0,0,0,0
-2.102,-14.2331,0,0,0,0,0,0,0,0
-2.092,-14.2231,0,0,0,0,0,0,0,0
-2.082,-14.2131,0,0,0,0,0,0,0,0
-2.072,-14.2031,0,0,0,0,0,0,0,0
-2.062,-14.1931,0,0,0,0,0,0,0,0
-2.052,-14.1831,0,0,0,0,0,0,0,0
-2.042,-14.1731,0,0,0,0,0,0,0,0
-2.032,-14.1631,0,0,0,0,0,0,0,0
-2.022,-14.1531,0,0,0,0,0,0,0,0
-2.012,-14.1431,0,0,0,0,0,0,0,0
-2.002,-14.1331,0,0,0,0,0,0,0,0
-1.992,-14.1231,0,0,0,0,0,0,0,0
-1.982,-14.1131,0,0,0,0,0,0,0,0
-1.972,-14.1031,0,0,0,0,0,0,0,0
-1.962,-14.0931,0,0,0,0,0,0,0,0
-1.952,-14.0831,0,0,0,0,0,0,0,0
-1.942,-14.0731,0,0,0,0,0,0,0,0
-1.932,-14.0631,0,0,0,0,0,0,0,0
-1.922,-14.0531,0,0,0,0,0,0,0,0
-1.912,-14.0431,0,0,0,0,0,0,0,0
-1.902,-14.0331,0,0,0,0,0,0,0,0
-1.892,-14.0231,0,0,0,0,0,0,0,0
-1.882,-14.0131,0,0,0,0,0,0,0,0
-1.872,-14.0031,0,0,0,0,0,0,0,0
-1.862,-13.9931,0,0,0,0,0,0,0,0
-1.852,-13.9831,0,0,0,0,0,0,0,0
-1.842,-13.9731,0,0,0,0,0,0,0,0
-1.832,-13.9631,0,0,0,0,0,0,0,0
-1.822,-13.9531,0,0,0,0,0,0,0,0
-1.812,-13.9431,0,0,0,0,0,0,0,0
-1.802,-13.9331,0,0,0,0,0,0,0,0
-1.792,-13.9231,0,0,0,0,0,0,0,0
-1.782,-13.9131,0,0,0,0,0,0,0,0
-1.772,-13.9031,0,0,0,0,0,0,0,0
-1.762,-13.8931,0,0,0,0,0,0,0,0
-1.752,-13.8831,0,0,0,0,0,0,0,0
-1.742,-13.8731,0,0,0,0,0,0,0,0
-1.732,-13.8631,0,0,0,0,0,0,0,0
-1.722,-13.8531,0,0,0,0,0,0,0,0
-1.712,-13.8431,0,0,0,0,0,0,0,0
-1.702,-13.8331,0,0,0,0,0,0,0,0
-1.692,-13.8231,0,0,0,0,0,0,0,0
-1.682,-13.8131,0,0,0,0,0,0,0,0
-1.672,-13.8031,0,0,0,0,0,0,0,0
-1.662,-13.7931,0,0,0,0,0,0,0,0
-1.652,-13.7831,0,0,0,0,0,0,0,0
-1.642,-13.7731,0,0,0,0,0,0,0,0
-1.632,-13.7631,0,0,0,0,0,0,0,0
-1.622,-13.7531,0,0,0,0,0,0,0,0
-1.612,-13.7431,0,0,0,0,0,0,0,0
-1.602,-13.7331,0,0,0,0,0,0,0,0
-1.592,-13.7231,0,0,0,0,0,0,0,0
-1.582,-13.7131,0,0,0,0,0,0,0,0
-1.572,-13.7031,0,0,0,0,0,0,0,0
-1.562,-13.6931,0,0,0,0,0,0,0,0
-1.552,-13.6831,0,0,0,0,0,0,0,0
-1.542,-13.6731,0,0,0,0,0,0,0,0
-1.532,-13.6631,0,0,0,0,0,0,0,0
-1.522,-13.6531,0,0,0,0,0,0,0,0
-1.512,-13.6431,0,0,0,0,0,0,0,0
-1.502,-13.6331,0,0,0,0,0,0,0,0
-1.492,-13.6231,0,0,0,0,0,0,0,0
-1.482,-13.6131,0,0,0,0,0,0,0,0
-1.472,-13.6031,0,0,0,0,0,0,0,0
-1.462,-13.5931,0,0,0,0,0,0,0,0
-1.452,-13.5831,0,0,0,0,0,0,0,0
-1.442,-13.5731,0,0,0,0,0,0,0,0
-1.432,-13.5631,0,0,0,0,0,0,0,0
-1.422,-13.5531,0,0,0,0,0,0,0,0
-1.412,-13.5431,0,0,0,0,0,0,0,0
-1.402,-13.5331,0,0,0,0,0,0,0,0
-1.392,-13.5231,0,0,0,0,0,0,0,0
-1.382,-13.5131,0,0,0,0,0,0,0,0
-1.372,-13.5031,0,0,0,0,0,0,0,0
-1.362,-13.4931,0,0,0,0,0,0,0,0
-1.352,-13.4831,0,0,0,0,0,0,0,0
-1.342,-13.4731,0,0,0,0,0,0,0,0
-1.332,-13.4631,0,0,0,0,0,0,0,0
-1.322,-13.4531,0,0,0,0,0,0,0,0
-1.312,-13.4431,0,0,0,0,0,0,0,0
-1.302,-13.4331,0,0,0,0,0,0,0,0
-1.292,-13.4231,0,0,0,0,0,0,0,0
-1.282,-13.4131,0,0,0,0,0,0,0,0
-1.272,-13.4031,0,0,0,0,0,0,0,0
-1.262,-13.3931,0,0,0,0,0,0,0,0
-1.252,-13.3831,0,0,0,0,0,0,0,0
-1.242,-13.3731,0,0,0,0,0,0,0,0
-1.232,-13.3631,0,0,0,0,0,0,0,0
-1.222,-13.3531,0,0,0,0,0,0,0,0
-1.212,-13.3431,0,0,0,0,0,0,0,0
-1.202,-13.3331,0,0,0,0,0,0,0,0
-1.192,-13.3231,0,0,0,0,0,0,0,0
-1.182,-13.3131,0,0,0,0,0,0,0,0
-1.172,-13.3031,0,0,0,0,0,0,0,0
-1.162,-13.2931,0,0,0,0,0,0,0,0
-1.152,-13.2831,0,0,0,0,0,0,0,0
-1.142,-13.2731,0,0,0,0,0,0,0,0
-1.132,-13.2631,0,0,0,0,0,0,0,0
-1.122,-13.2531,0,0,0,0,0,0,0,0
-1.112,-13.2431,0,0,0,0,0,0,0,0
-1.102,-13.2331,0,0,0,0,0,0,0,0
-1.092,-13.2231,0,0,0,0,0,0,0,0
-1.082,-13.2131,0,0,0,0,0,0,0,0
-1.072,-13.2031,0,0,0,0,0,0,0,0
-1.062,-13.1931,0,0,0,0,0,0,0,0
-1.052,-13.1831,0,0,0,0,0,0,0,0
-1.042,-13.1731,0,0,0,0,0,0,0,0
-1.032,-13.1631,0,0,0,0,0,0,0,0
-1.022,-13.1531,0,0,0,0,0,0,0,0
-1.012,-13.1431,0,0,0,0,0,0,0,0
-1.002,-13.1331,0,0,0,0,0,0,0,0
-0.992,-13.1231,0,0,0,0,0,0,0,0
-0.982,-13.1131,0,0,0,0,0,0,0,0
-0.972,-13.1031,0,0,0,0,0,0,0,0
-0.962,-13.0931,0,0,0,0,0,0,0,0
-0.952,-13.0831,0,0,0,0,0,0,0,0
-0.942,-13.0731,0,0,0,0,0,0,0,0
-0.932,-13.0631,0,0,0,0,0,0,0,0
-0.922,-13.0531,0,0,0,0,0,0,0,0
-0.912,-13.0431,0,0,0,0,0,0,0,0
-0.902,-13.0331,0,0,0,0,0,0,0,0
-0.892,-13.0231,0,0,0,0,0,0,0,0
-0.882,-13.0131,0,0,0,0,0,0,0,0
-0.872,-13.0031,0,0,0,0,0,0,0,0
-0.862,-12.9931,0,0,0,0,0,0,0,0
-0.852,-12.9831,0,0,0,0,0,0,0,0
-0.842,-12.9731,0,0,0,0,0,0,0,0
-0.832,-12.9631,0,0,0,0,0,0,0,0
-0.822,-12.9531,0,0,0,0,0,0,0,0
-0.812,-12.9431,0,0,0,0,0,0,0,0
-0.802,-12.9331,0,0,0,0,0,0,0,0
-0.792,-12.9231,0,0,0,0,0,0,0,0
-0.782,-12.9131,0,0,0,0,0,0,0,0
-0.772,-12.9031,0,0,0,0,0,0,0,0
-0.762,-12.8931,0,0,0,0,0,0,0,0
-0.752,-12.8831,0,0,0,0,0,0,0,0
-0.742,-12.8731,0,0,0,0,0,0,0,0
-0.732,-12.8631,0,0,0,0,0,0,0,0
-0.722,-12.8531,0,0,0,0,0,0,0,0
-0.712,-12.8431,0,0,0,0,0,0,0,0
-0.702,-12.8331,0,0,0,0,0,0,0,0
-0.692,-12.8231,0,0,0,0,0,0,0,0
-0.682,-12.8131,0,0,0,0,0,0,0,0
-0.672,-12.8031,0,0,0,0,0,0,0,0
-0.662,-12.7931,0,0,0,0,0,0,0,0
-0.652,-12.7831,0,0,0,0,0,0,0,0
-0.642,-12.7731,0,0,0,0,0,0,0,0
-0.632,-12.7631,0,0,0,0,0,0,0,0
-0.622,-12.7531,0,0,0,0,0,0,0,0
-0.612,-12.7431,0,0,0,0,0,0,0,0
-0.602,-12.7331,0,0,0,0,0,0,0,0
-0.592,-12.7231,0,0,0,0,0,0,0,0
-0.582,-12.7131,0,0,0,0,0,0,0,0
-0.572,-12.7031,0,0,0,0,0,0,0,0
-0.562,-12.6931,0,0,0,0,0,0,0,0
-0.552,-12.6831,0,0,0,0,0,0,0,0
-0.542,-12.6731,0,0,0,0,0,0,0,0
-0.532,-12.6631,0,0,0,0,0,0,0,0
-0.522,-12.6531,0,0,0,0,0,0,0,0
-0.512,-12.6431,0,0,0,0,0,0,0,0
-0.502,-12.6331,0,0,0,0,0,0,0,0
-0.492,-12.6231,0,0,0,0,0,0,0,0
-0.482,-12.6131,0,0,0,0,0,0,0,0
-0.472,-12.6031,0,0,0,0,0,0,0,0
-0.462,-12.5931,0,0,0,0,0,0,0,0
-0.452,-12.5831,0,0,0,0,0,0,0,0
-0.442,-12.5731,0,0,0,0,0,0,0,0
-0.432,-12.5631,0,0,0,0,0,0,0,0
-0.422,-12.5531,0,0,0,0,0,0,0,0
-0.412,-12.5431,0,0,0,0,0,0,0,0
-0.402,-12.5331,0,0,0,0,0,0,0,0
-0.392,-12.5231,0,0,0,0,0,0,0,0
-0.382,-12.5131,0,0,0,0,0,0,0,0
-0.372,-12.5031,0,0,0,0,0,0,0,0
-0.362,-12.4931,0,0,0,0,0,0,0,0
-0.352,-12.4831,0,0,0,0,0,0,0,0
-0.342,-12.4731,0,0,0,0,0,0,0,0
-0.332,-12.4631,0,0,0,0,0,0,0,0
-0.322,-12.4531,0,0,0,0,0,0,0,0
-0.312,-12.4431,0,0,0,0,0,0,0,0
-0.302,-12.4331,0,0,0,0,0,0,0,0
-0.292,-12.4231,0,0,0,0,0,0,0,0
-0.282,-12.4131,0,0,0,0,0,0,0,0
-0.272,-12.4031,0,0,0,0,0,0,0,0
-0.262,-12.3931,0,0,0,0,0,0,0,0
-0.252,-12.3831,0,0,0,0,0,0,0,0
-0.242,-12.3731,0,0,0,0,0,0,0,0
-0.232,-12.3631,0,0,0,0,0,0,0,0
-0.222,-12.3531,0,0,0,0,0,0,0,0
-0.212,-12.3431,0,0,0,0,0,0,0,0
-0.202,-12.3331,0,0,0,0,0,0,0,0
-0.192,-12.3231,0,0,0,0,0,0,0,0
-0.182,-12.3131,0,0,0,0,0,0,0,0
-0.172,-12.3031,0,0,0,0,0,0,0,0
-0.162,-12.2931,0,0,0,0,0,0,0,0
-0.152,-12.2831,0,0,0,0,0,0,0,0
-0.142,-12.2731,0,0,0,0,0,0,0,0
-0.132,-12.2631,0,0,0,0,0,0,0,0
-0.122,-12.2531,0,0,0,0,0,0,0,0
-0.112,-12.2431,0,0,0,0,0,0,0,0
-0.102,-12.2331,0,0,0,0,0,0,0,0
-0.092,-12.2231,0,0,0,0,0,0,0,0
-0.082,-12.2131,0,0,0,0,0,0,0,0
-0.072,-12.2031,0,0,0,0,0,0,0,0
-0.062,-12.1931,0,0,0,0,0,0,0,0
-0.052,-12.1831,0,0,0,0,0,0,0,0
-0.042,-12.1731,0,0,0,0,0,0,0,0
-0.032,-12.1631,0,0,0,0,0,0,0,0
-0.022,-12.1531,0,0,0,0,0,0,0,0
-0.012,-12.1431,0,0,0,0,0,0,0,0
-0.002,-12.1331,0,0,0,0,0,0,0,0
0.008,-12.1231,0,0,0,0,0,0,0,0
0.018,-12.1131,0,0,0,0,0,0,0,0
0.028,-12.1031,0,0,0,0,0,0,0,0
0.038,-12.0931,0,0,0,0,0,0,0,0
0.048,-12.0831,0,0,0,0,0,0,0,0
0.058,-12.0731,0,0,0,0,0,0,0,0
0.068,-12.0631,0,0,0,0,0,0,0,0
0.078,-12.0531,0,0,0,0,0,0,0,0
0.088,-12.0431,0,0,0,0,0,0,0,0
0.098,-12.0331,0,0,0,0,0,0,0,0
0.108,-12.0231,0,0,0,0,0,0,0,0
0.118,-12.0131,0,0,0,0,0,0,0,0
0.128,-12.0031,0,0,0,0,0,0,0,0
0.138,-11.9931,0,0,0,0,0,0,0,0
0.148,-11.9831,0,0,0,0,0,0,0,0
0.158,-11.9731,0,0,0,0,0,0,0,0
0.168,-11.9631,0,0,0,0,0,0,0,0
0.178,-11.9531,0,0,0,0,0,0,0,0
0.188,-11.9431,0,0,0,0,0,0,0,0
0.198,-11.9331,0,0,0,0,0,0,0,0
0.208,-11.9231,0,0,0,0,0,0,0,0
0.218,-11.9131,0,0,0,0,0,0,0,0
0.228,-11.9031,0,0,0,0,0,0,0,0
0.238,-11.8931,0,0,0,0,0,0,0,0
0.248,-11.8831,0,0,0,0,0,0,0,0
0.258,-11.8731,0,0,0,0,0,0,0,0
0.268,-11.8631,0,0,0,0,0,0,0,0
0.278,-11.8531,0,0,0,0,0,0,0,0
0.288,-11.8431,0,0,0,0,0,0,0,0
0.298,-11.8331,0,0,0,0,0,0,0,0
0.308,-11.8231,0,0,0,0,0,0,0,0
0.318,-11.8131,0,0,0,0,0,0,0,0
0.328,-11.8031,0,0,0,0,0,0,0,0
0.338,-11.7931,0,0,0,0,0,0,0,0
0.348,-11.7831,0,0,0,0,0,0,0,0
0.358,-11.7731,0,0,0,0,0,0,0,0
0.368,-11.7631,0,0,0,0,0,0,0,0
0.378,-11.7531,0,0,0,0,0,0,0,0
0.388,-11.7431,0,0,0,0,0,0,0,0
0.398,-11.7331,0,0,0,0,0,0,0,0
0.408,-11.7231,0,0,0,0,0,0,0,0
0.418,-11.7131,0,0,0,0,0,0,0,0
0.428,-11.7031,0,0,0,0,0,0,0,0
0.438,-11.6931,0,0,0,0,0,0,0,0
0.448,-11.6831,0,0,0,0,0,0,0,0
0.458,-11.6731,0,0,0,0,0,0,0,0
0.468,-11.6631,0,0,0,0,0,0,0,0
0.478,-11.6531,0,0,0,0,0,0,0,0
0.488,-11.6431,0,0,0,0,0,0,0,0
0.498,-11.6331,0,0,0,0,0,0,0,0
0.508,-11.6231,0,0,0,0,0,0,0,0
0.518,-11.6131,0,0,0,0,0,0,0,0
0.528,-11.6031,0,0,0,0,0,0,0,0
0.538,-11.5931,0,0,0,0,0,0,0,0
0.548,-11.5831,0,0,0,0,0,0,0,0
0.558,-11.5731,0,0,0,0,0,0,0,0
0.568,-11.5631,0,0,0,0,0,0,0,0
0.578,-11.5531,0,0,0,0,0,0,0,0
0.588,-11.5431,0,0,0,0,0,0,0,0
0.598,-11.5331,0,0,0,0,0,0,0,0
0.608,-11.5231,0,0,0,0,0,0,0,0
0.618,-11.5131,0,0,0,0,0,0,0,0
0.628,-11.5031,0,0,0,0,0,0,0,0
0.638,-11.4931,0,0,0,0,0,0,0,0
0.648,-11.4831,0,0,0,0,0,0,0,0
0.658,-11.4731,0,0,0,0,0,0,0,0
0.668,-11.4631,0,0,0,0,0,0,0,0
0.678,-11.4531,0,0,0,0,0,0,0,0
0.688,-11.4431,0,0,0,0,0,0,0,0
0.698,-11.4331,0,0,0,0,0,0,0,0
0.708,-11.4231,0,0,0,0,0,0,0,0
0.718,-11.4131,0,0,0,0,0,0,0,0
0.728,-11.4031,0,0,0,0,0,0,0,0
0.738,-11.3931,0,0,0,0,0,0,0,0
0.748,-11.3831,0,0,0,0,0,0,0,0
0.758,-11.3731,0,0,0,0,0,0,0,0
0.768,-11.3631,0,0,0,0,0,0,0,0
0.778,-11.3531,0,0,0,0,0,0,0,0
0.788,-11.3431,0,0,0,0,0,0,0,0
0.798,-11.3331,0,0,0,0,0,0,0,0
0.808,-11.3231,0,0,0,0,0,0,0,0
0.818,-11.3131,0,0,0,0,0,0,0,0
0.828,-11.3031,0,0,0,0,0,0,0,0
0.838,-11.2931,0,0,0,0,0,0,0,0
0.848,-11.2831,0,0,0,0,0,0,0,0
0.858,-11.2731,0,0,0,0,0,0,0,0
0.868,-11.2631,0,0,0,0,0,0,0,0
0.878,-11.2531,0,0,0,0,0,0,0,0
0.888,-11.2431,0,0,0,0,0,0,0,0
0.898,-11.2331,0,0,0,0,0,0,0,0
0.908,-11.2231,0,0,0,0,0,0,0,0
0.918,-11.2131,0,0,0,0,0,0,0,0
0.928,-11.2031,0,0,0,0,0,0,0,0
0.938,-11.1931,0,0,0,0,0,0,0,0
0.948,-11.1831,0,0,0,0,0,0,0,0
0.958,-11.1731,0,0,0,0,0,0,0,0
0.968,-11.1631,0,0,0,0,0,0,0,0
0.978,-11.1531,0,0,0,0,0,0,0,0
0.988,-11.1431,0,0,0,0,0,0,0,0
0.998,-11.1331,0,0,0,0,0,0,0,0
1.008,-11.1231,0,0,0,0,0,0,0,0
1.018,-11.1131,0,0,0,0,0,0,0,0
1.028,-11.1031,0,0,0,0,0,0,0,0
1.038,-11.0931,0,0,0,0,0,0,0,0
1.048,-11.0831,0,0,0,0,0,0,0,0
1.058,-11.0731,0,0,0,0,0,0,0,0
1.068,-11.0631,0,0,0,0,0,0,0,0
1.078,-11.0531,0,0,0,0,0,0,0,0
1.088,-11.0431,0,0,0,0,0,0,0,0
1.098,-11.0331,0,0,0,0,0,0,0,0
1.108,-11.0231,0,0,0,0,0,0,0,0
1.118,-11.0131,0,0,0,0,0,0,0,0
1.128,-11.0031,0,0,0,0,0,0,0,0
1.138,-10.9931,0,0,0,0,0,0,0,0
1.148,-10.9831,0,0,0,0,0,0,0,0
1.158,-10.9731,0,0,0,0,0,0,0,0
1.168,-10.9631,0,0,0,0,0,0,0,0
1.178,-10.9531,0,0,0,0,0,0,0,0
1.188,-10.9431,0,0,0,0,0,0,0,0
1.198,-10.9331,0,0,0,0,0,0,0,0
1.208,-10.9231,0,0,0,0,0,0,0,0
1.218,-10.9131,0,0,0,0,0,0,0,0
1.228,-10.9031,0,0,0,0,0,0,0,0
1.238,-10.8931,0,0,0,0,0,0,0,0
1.248,-10.8831,0,0,0,0,0,0,0,0
1.258,-10.8731,0,0,0,0,0,0,0,0
1.268,-10.8631,0,0,0,0,0,0,0,0
1.278,-10.8531,0,0,0,0,0,0,0,0
1.288,-10.8431,0,0,0,0,0,0,0,0
1.298,-10.8331,0,0,0,0,0,0,0,0
1.308,-10.8231,0,0,0,0,0,0,0,0
1.318,-10.8131,0,0,0,0,0,0,0,0
1.328,-10.8031,0,0,0,0,0,0,0,0
1.338,-10.7931,0,0,0,0,0,0,0,0
1.348,-10.7831,0,0,0,0,0,0,0,0
1.358,-10.7731,0,0,0,0,0,0,0,0
1.368,-10.7631,0,0,0,0,0,0,0,0
1.378,-10.7531,0,0,0,0,0,0,0,0
1.388,-10.7431,0,0,0,0,0,0,0,0
1.398,-10.7331,0,0,0,0,0,0,0,0
1.408,-10.7231,0,0,0,0,0,0,0,0
1.418,-10.7131,0,0,0,0,0,0,0,0
1.428,-10.7031,0,0,0,0,0,0,0,0
1.438,-10.6931,0,0,0,0,0,0,0,0
1.448,-10.6831,0,0,0,0,0,0,0,0
1.458,-10.6731,0,0,0,0,0,0,0,0
1.468,-10.6631,0,0,0,0,0,0,0,0
1.478,-10.6531,0,0,0,0,0,0,0,0
1.488,-10.6431,0,0,0,0,0,0,0,0
1.498,-10.6331,0,0,0,0,0,0,0,0
1.508,-10.6231,0,0,0,0,0,0,0,0
1.518,-10.6131,0,0,0,0,0,0,0,0
1.528,-10.6031,0,0,0,0,0,0,0,0
1.538,-10.5931,0,0,0,0,0,0,0,0
1.548,-10.5831,0,0,0,0,0,0,0,0
1.558,-10.5731,0,0,0,0,0,0,0,0
1.568,-10.5631,0,0,0,0,0,0,0,0
1.578,-10.5531,0,0,0,0,0,0,0,0
1.588,-10.5431,0,0,0,0,0,0,0,0
1.598,-10.5331,0,0,0,0,0,0,0,0
1.608,-10.5231,0,0,0,0,0,0,0,0
1.618,-10.5131,0,0,0,0,0,0,0,0
1.628,-10.5031,0,0,0,0,0,0,0,0
1.638,-10.4931,0,0,0,0,0,0,0,0
1.648,-10.4831,0,0,0,0,0,0,0,0
1.658,-10.4731,0,0,0,0,0,0,0,0
1.668,-10.4631,0,0,0,0,0,0,0,0
1.678,-10.4531,0,0,0,0,0,0,0,0
1.688,-10.4431,0,0,0,0,0,0,0,0
1.698,-10.4331,0,0,0,0,0,0,0,0
1.708,-10.4231,0,0,0,0,0,0,0,0
1.718,-10.4131,0,0,0,0,0,0,0,0
1.728,-10.4031,0,0,0,0,0,0,0,0
1.738,-10.3931,0,0,0,0,0,0,0,0
1.748,-10.3831,0,0,0,0,0,0,0,0
1.758,-10.3731,0,0,0,0,0,0,0,0
1.768,-10.3631,0,0,0,0,0,0,0,0
1.778,-10.3531,0,0,0,0,0,0,0,0
1.788,-10.3431,0,0,0,0,0,0,0,0
1.798,-10.3331,0,0,0,0,0,0,0,0
1.808,-10.3231,0,0,0,0,0,0,0,0
1.818,-10.3131,0,0,0,0,0,0,0,0
1.828,-10.3031,0,0,0,0,0,0,0,0
1.838,-10.2931,0,0,0,0,0,0,0,0
1.848,-10.2831,0,0,0,0,0,0,0,0
1.858,-10.2731,0,0,0,0,0,0,0,0
1.868,-10.2631,0,0,0,0,0,0,0,0
1.878,-10.2531,0,0,0,0,0,0,0,0
1.888,-10.2431,0,0,0,0,0,0,0,0
1.898,-10.2331,0,0,0,0,0,0,0,0
1.908,-10.2231,0,0,0,0,0,0,0,0
1.918,-10.2131,0,0,0,0,0,0,0,0
1.928,-10.2031,0,0,0,0,0,0,0,0
1.938,-10.1931,0,0,0,0,0,0,0,0
1.948,-10.1831,0,0,0,0,0,0,0,0
1.958,-10.1731,0,0,0,0,0,0,0,0
1.968,-10.1631,0,0,0,0,0,0,0,0
1.978,-10.1531,0,0,0,0,0,0,0,0
1.988,-10.1431,0,0,0,0,0,0,0,0
1.998,-10.1331,0,0,0,0,0,0,0,0
2.008,-10.1231,0,0,0,0,0,0,0,0
2.018,-10.1131,0,0,0,0,0,0,0,0
2.028,-10.1031,0,0,0,0,0,0,0,0
2.038,-10.0931,0,0,0,0,0,0,0,0
2.048,-10.0831,0,0,0,0,0,0,0,0
2.058,-10.0731,0,0,0,0,0,0,0,0
2.068,-10.0631,0,0,0,0,0,0,0,0
2.078,-10.0531,0,0,0,0,0,0,0,0
2.088,-10.0431,0,0,0,0,0,0,0,0
2.098,-10.0331,0,0,0,0,0,0,0,0
2.108,-10.0231,0,0,0,0,0,0,0,0
2.118,-10.0131,0,0,0,0,0,0,0,0
2.128,-10.0031,0,0,0,0,0,0,0,0
2.138,-9.9931,0,0,0,0,0,0,0,0
2.148,-9.9831,0,0,0,0,0,0,0,0
2.158,-9.9731,0,0,0,0,0,0,0,0
2.168,-9.9631,0,0,0,0,0,0,0,0
2.178,-9.9531,0,0,0,0,0,0,0,0
2.188,-9.9431,0,0,0,0,0,0,0,0
2.198,-9.9331,0,0,0,0,0,0,0,0
2.208,-9.9231,0,0,0,0,0,0,0,0
2.218,-9.9131,0,0,0,0,0,0,0,0
2.228,-9.9031,0,0,0,0,0,0,0,0
2.238,-9.8931,0,0,0,0,0,0,0,0
2.248,-9.8831,0,0,0,0,0,0,0,0
2.258,-9.8731,0,0,0,0,0,0,0,0
2.268,-9.8631,0,0,0,0,0,0,0,0
2.278,-9.8531,0,0,0,0,0,0,0,0
2.288,-9.8431,0,0,0,0,0,0,0,0
2.298,-9.8331,0,0,0,0,0,0,0,0
2.308,-9.8231,0,0,0,0,0,0,0,0
2.318,-9.8131,0,0,0,0,0,0,0,0
2.328,-9.8031,0,0,0,0,0,0,0,0
2.338,-9.7931,0,0,0,0,0,0,0,0
2.348,-9.7831,0,0,0,0,0,0,0,0
2.358,-9.7731,0,0,0,0,0,0,0,0
2.368,-9.7631,0,0,0,0,0,0,0,0
2.378,-9.7531,0,0,0,0,0,0,0,0
2.388,-9.7431,0,0,0,0,0,0,0,0
2.398,-9.7331,0,0,0,0,0,0,0,0
2.408,-9.7231,0,0,0,0,0,0,0,0
2.418,-9.7131,0,0,0,0,0,0,0,0
2.428,-9.7031,0,0,0,0,0,0,0,0
2.438,-9.6931,0,0,0,0,0,0,0,0
2.448,-9.6831,0,0,0,0,0,0,0,0
2.458,-9.6731,0,0,0,0,0,0,0,0
2.468,-9.6631,0,0,0,0,0,0,0,0
2.478,-9.6531,0,0,0,0,0,0,0,0
2.488,-9.6431,0,0,0,0,0,0,0,0
2.498,-9.6331,0,0,0,0,0,0,0,0
2.508,-9.6231,0,0,0,0,0,0,0,0
2.518,-9.6131,0,0,0,0,0,0,0,0
2.528,-9.6031,0,0,0,0,0,0,0,0
2.538,-9.5931,0,0,0,0,0,0,0,0
2.548,-9.5831,0,0,0,0,0,0,0,0
2.558,-9.5731,0,0,0,0,0,0,0,0
2.568,-9.5631,0,0,0,0,0,0,0,0
2.578,-9.5531,0,0,0,0,0,0,0,0
2.588,-9.5431,0,0,0,0,0,0,0,0
2.598,-9.5331,0,0,0,0,0,0,0,0
2.608,-9.5231,0,0,0,0,0,0,0,0
2.618,-9.5131,0,0,0,0,0,0,0,0
2.628,-9.5031,0,0,0,0,0,0,0,0
2.638,-9.4931,0,0,0,0,0,0,0,0
2.648,-9.4831,0,0,0,0,0,0,0,0
2.658,-9.4731,0,0,0,0,0,0,0,0
2.668,-9.4631,0,0,0,0,0,0,0,0
2.678,-9.4531,0,0,0,0,0,0,0,0
2.688,-9.4431,0,0,0,0,0,0,0,0
2.698,-9.4331,0,0,0,0,0,0,0,0
2.708,-9.4231,0,0,0,0,0,0,0,0
2.718,-9.4131,0,0,0,0,0,0,0,0
2.728,-9.4031,0,0,0,0,0,0,0,0
2.738,-9.3931,0,0,0,0,0,0,0,0
2.748,-9.3831,0,0,0,0,0,0,0,0
2.758,-9.3731,0,0,0,0,0,0,0,0
2.768,-9.3631,0,0,0,0,0,0,0,0
2.778,-9.3531,0,0,0,0,0,0,0,0
2.788,-9.3431,0,0,0,0,0,0,0,0
2.798,-9.3331,0,0,0,0,0,0,0,0
2.808,-9.3231,0,0,0,0,0,0,0,0
2.818,-9.3131,0,0,0,0,0,0,0,0
2.828,-9.3031,0,0,0,0,0,0,0,0
2.838,-9.2931,0,0,0,0,0,0,0,0
2.848,-9.2831,0,0,0,0,0,0,0,0
2.858,-9.2731,0,0,0,0,0,0,0,0
2.868,-9.2631,0,0,0,0,0,0,0,0
2.878,-9.2531,0,0,0,0,0,0,0,0
2.888,-9.2431,0,0,0,0,0,0,0,0
2.898,-9.2331,0,0,0,0,0,0,0,0
2.908,-9.2231,0,0,0,0,0,0,0,0
2.918,-9.2131,0,0,0,0,0,0,0,0
2.928,-9.2031,0,0,0,0,0,0,0,0
2.938,-9.1931,0,0,0,0,0,0,0,0
2.948,-9.1831,0,0,0,0,0,0,0,0
2.958,-9.1731,0,0,0,0,0,0,0,0
2.968,-9.1631,0,0,0,0,0,0,0,0
2.978,-9.1531,0,0,0,0,0,0,0,0
2.988,-9.1431,0,0,0,0,0,0,0,0
2.998,-9.1331,0,0,0,0,0,0,0,0
3.008,-9.1231,0,0,0,0,0,0,0,0
3.018,-9.1131,0,0,0,0,0,0,0,0
3.028,-9.1031,0,0,0,0,0,0,0,0
3.038,-9.0931,0,0,0,0,0,0,0,0
3.048,-9.0831,0,0,0,0,0,0,0,0
3.058,-9.0731,0,0,0,0,0,0,0,0
3.068,-9.0631,0,0,0,0,0,0,0,0
3.078,-9.0531,0,0,0,0,0,0,0,0
3.088,-9.0431,0,0,0,0,0,0,0,0
3.098,-9.0331,0,0,0,0,0,0,0,0
3.108,-9.0231,0,0,0,0,0,0,0,0
3.118,-9.0131,0,0,0,0,0,0,0,0
3.128,-9.0031,0,0,0,0,0,0,0,0
3.138,-8.9931,0,0,0,0,0,0,0,0
3.148,-8.9831,0,0,0,0,0,0,0,0
3.158,-8.9731,0,0,0,0,0,0,0,0
3.168,-8.9631,0,0,0,0,0,0,0,0
3.178,-8.9531,0,0,0,0,0,0,0,0
3.188,-8.9431,0,0,0,0,0,0,0,0
3.198,-8.9331,0,0,0,0,0,0,0,0
3.208,-8.9231,0,0,0,0,0,0,0,0
3.218,-8.9131,0,0,0,0,0,0,0,0
3.228,-8.9031,0,0,0,0,0,0,0,0
3.238,-8.8931,0,0,0,0,0,0,0,0
3.248,-8.8831,0,0,0,0,0,0,0,0
3.258,-8.8731,0,0,0,0,0,0,0,0
3.268,-8.8631,0,0,0,0,0,0,0,0
3.278,-8.8531,0,0,0,0,0,0,0,0
3.288,-8.8431,0,0,0,0,0,0,0,0
3.298,-8.8331,0,0,0,0,0,0,0,0
3.308,-8.8231,0,0,0,0,0,0,0,0
3.318,-8.8131,0,0,0,0,0,0,0,0
3.328,-8.8031,0,0,0,0,0,0,0,0
3.338,-8.7931,0,0,0,0,0,0,0,0
3.348,-8.7831,0,0,0,0,0,0,0,0
3.358,-8.7731,0,0,0,0,0,0,0,0
3.368,-8.7631,0,0,0,0,0,0,0,0
3.378,-8.7531,0,0,0,0,0,0,0,0
3.388,-8.7431,0,0,0,0,0,0,0,0
3.398,-8.7331,0,0,0,0,0,0,0,0
3.408,-8.7231,0,0,0,0,0,0,0,0
3.418,-8.7131,0,0,0,0,0,0,0,0
3.428,-8.7031,0,0,0,0,0,0,0,0
3.438,-8.6931,0,0,0,0,0,0,0,0
3.448,-8.6831,0,0,0,0,0,0,0,0
3.458,-8.6731,0,0,0,0,0,0,0,0
3.468,-8.6631,0,0,0,0,0,0,0,0
3.478,-8.6531,0,0,0,0,0,0,0,0
3.488,-8.6431,0,0,0,0,0,0,0,0
3.498,-8.6331,0,0,0,0,0,0,0,0
3.508,-8.6231,0,0,0,0,0,0,0,0
3.518,-8.6131,0,0,0,0,0,0,0,0
3.528,-8.6031,0,0,0,0,0,0,0,0
3.538,-8.5931,0,0,0,0,0,0,0,0
3.548,-8.5831,0,0,0,0,0,0,0,0
3.558,-8.5731,0,0,0,0,0,0,0,0
3.568,-8.5631,0,0,0,0,0,0,0,0
3.578,-8.5531,0,0,0,0,0,0,0,0
3.588,-8.5431,0,0,0,0,0,0,0,0
3.598,-8.5331,0,0,0,0,0,0,0,0
3.608,-8.5231,0,0,0,0,0,0,0,0
3.618,-8.5131,0,0,0,0,0,0,0,0
3.628,-8.5031,0,0,0,0,0,0,0,0
3.638,-8.4931,0,0,0,0,0,0,0,0
3.648,-8.4831,0,0,0,0,0,0,0,0
3.658,-8.4731,0,0,0,0,0,0,0,0
3.668,-8.4631,0,0,0,0,0,0,0,0
3.678,-8.4531,0,0,0,0,0,0,0,0
3.688,-8.4431,0,0,0,0,0,0,0,0
3.698,-8.4331,0,0,0,0,0,0,0,0
3.708,-8.4231,0,0,0,0,0,0,0,0
3.718,-8.4131,0,0,0,0,0,0,0,0
3.728,-8.4031,0,0,0,0,0,0,0,0
3.738,-8.3931,0,0,0,0,0,0,0,0
3.748,-8.3831,0,0,0,0,0,0,0,0
3.758,-8.3731,0,0,0,0,0,0,0,0
3.768,-8.3631,0,0,0,0,0,0,0,0
3.778,-8.3531,0,0,0,0,0,0,0,0
3.788,-8.3431,0,0,0,0,0,0,0,0
3.798,-8.3331,0,0,0,0,0,0,0,0
3.808,-8.3231,0,0,0,0,0,0,0,0
3.818,-8.3131,0,0,0,0,0,0,0,0
3.828,-8.3031,0,0,0,0,0,0,0,0
3.838,-8.2931,0,0,0,0,0,0,0,0
3.848,-8.2831,0,0,0,0,0,0,0,0
3.858,-8.2731,0,0,0,0,0,0,0,0
3.868,-8.2631,0,0,0,0,0,0,0,0
3.878,-8.2531,0,0,0,0,0,0,0,0
3.888,-8.2431,0,0,0,0,0,0,0,0
3.898,-8.2331,0,0,0,0,0,0,0,0
3.908,-8.2231,0,0,0,0,0,0,0,0
3.918,-8.2131,0,0,0,0,0,0,0,0
3.928,-8.2031,0,0,0,0,0,0,0,0
3.938,-8.1931,0,0,0,0,0,0,0,0
3.948,-8.1831,0,0,0,0,0,0,0,0
3.958,-8.1731,0,0,0,0,0,0,0,0
3.968,-8.1631,0,0,0,0,0,0,0,0
3.978,-8.1531,0,0,0,0,0,0,0,0
3.988,-8.1431,0,0,0,0,0,0,0,0
3.998,-8.1331,0,0,0,0,0,0,0,0
4.008,-8.1231,0,0,0,0,0,0,0,0
4.018,-8.1131,0,0,0,0,0,0,0,0
4.028,-8.1031,0,0,0,0,0,0,0,0
4.038,-8.0931,0,0,0,0,0,0,0,0
4.048,-8.0831,0,0,0,0,0,0,0,0
4.058,-8.0731,0,0,0,0,0,0,0,0
4.068,-8.0631,0,0,0,0,0,0,0,0
4.078,-8.0531,0,0,0,0,0,0,0,0
4.088,-8.0431,0,0,0,0,0,0,0,0
4.098,-8.0331,0,0,0,0,0,0,0,0
4.108,-8.0231,0,0,0,0,0,0,0,0
4.118,-8.0131,0,0,0,0,0,0,0,0
4.128,-8.0031,0,0,0,0,0,0,0,0
4.138,-7.9931,0,0,0,0,0,0,0,0
4.148,-7.9831,0,0,0,0,0,0,0,0
4.158,-7.9731,0,0,0,0,0,0,0,0
4.168,-7.9631,0,0,0,0,0,0,0,0
4.178,-7.9531,0,0,0,0,0,0,0,0
4.188,-7.9431,0,0,0,0,0,0,0,0
4.198,-7.9331,0,0,0,0,0,0,0,0
4.208,-7.9231,0,0,0,0,0,0,0,0
4.218,-7.9131,0,0,0,0,0,0,0,0
4.228,-7.9031,0,0,0,0,0,0,0,0
4.238,-7.8931,0,0,0,0,0,0,0,0
4.248,-7.8831,0,0,0,0,0,0,0,0
4.258,-7.8731,0,0,0,0,0,0,0,0
4.268,-7.8631,0,0,0,0,0,0,0,0
4.278,-7.8531,0,0,0,0,0,0,0,0
4.288,-7.8431,0,0,0,0,0,0,0,0
4.298,-7.8331,0,0,0,0,0,0,0,0
4.308,-7.8231,0,0,0,0,0,0,0,0
4.318,-7.8131,0,0,0,0,0,0,0,0
4.328,-7.8031,0,0,0,0,0,0,0,0
4.338,-7.7931,0,0,0,0,0,0,0,0
4.348,-7.7831,0,0,0,0,0,0,0,0
4.358,-7.7731,0,0,0,0,0,0,0,0
4.368,-7.7631,0,0,0,0,0,0,0,0
4.378,-7.7531,0,0,0,0,0,0,0,0
4.388,-7.7431,0,0,0,0,0,0,0,0
4.398,-7.7331,0,0,0,0,0,0,0,0
4.408,-7.7231,0,0,0,0,0,0,0,0
4.418,-7.7131,0,0,0,0,0,0,0,0
4.428,-7.7031,0,0,0,0,0,0,0,0
4.438,-7.6931,0,0,0,0,0,0,0,0
4.448,-7.6831,0,0,0,0,0,0,0,0
4.458,-7.6731,0,0,0,0,0,0,0,0
4.468,-7.6631,0,0,0,0,0,0,0,0
4.478,-7.6531,0,0,0,0,0,0,0,0
4.488,-7.6431,0,0,0,0,0,0,0,0
4.498,-7.6331,0,0,0,0,0,0,0,0
4.508,-7.6231,0,0,0,0,0,0,0,0
4.518,-7.6131,0,0,0,0,0,0,0,0
4.528,-7.6031,0,0,0,0,0,0,0,0
4.538,-7.5931,0,0,0,0,0,0,0,0
4.548,-7.5831,0,0,0,0,0,0,0,0
4.558,-7.5731,0,0,0,0,0,0,0,0
4.568,-7.5631,0,0,0,0,0,0,0,0
4.578,-7.5531,0,0,0,0,0,0,0,0
4.588,-7.5431,0,0,0,0,0,0,0,0
4.598,-7.5331,0,0,0,0,0,0,0,0
4.608,-7.5231,0,0,0,0,0,0,0,0
4.618,-7.5131,0,0,0,0,0,0,0,0
4.628,-7.5031,0,0,0,0,0,0,0,0
4.638,-7.4931,0,0,0,0,0,0,0,0
4.648,-7.4831,0,0,0,0,0,0,0,0
4.658,-7.4731,0,0,0,0,0,0,0,0
4.668,-7.4631,0,0,0,0,0,0,0,0
4.678,-7.4531,0,0,0,0,0,0,0,0
4.688,-7.4431,0,0,0,0,0,0,0,0
4.698,-7.4331,0,0,0,0,0,0,0,0
4.708,-7.4231,0,0,0,0,0,0,0,0
4.718,-7.4131,0,0,0,0,0,0,0,0
4.728,-7.4031,0,0,0,0,0,0,0,0
4.738,-7.3931,0,0,0,0,0,0,0,0
4.748,-7.3831,0,0,0,0,0,0,0,0
4.758,-7.3731,0,0,0,0,0,0,0,0
4.768,-7.3631,0,0,0,0,0,0,0,0
4.778,-7.3531,0,0,0,0,0,0,0,0
4.788,-7.3431,0,0,0,0,0,0,0,0
4.798,-7.3331,0,0,0,0,0,0,0,0
4.808,-7.3231,0,0,0,0,0,0,0,0
4.818,-7.3131,0,0,0,0,0,0,0,0
4.828,-7.3031,0,0,0,0,0,0,0,0
4.838,-7.2931,0,0,0,0,0,0,0,0
4.848,-7.2831,0,0,0,0,0,0,0,0
4.858,-7.2731,0,0,0,0,0,0,0,0
4.868,-7.2631,0,0,0,0,0,0,0,0
4.878,-7.2531,0,0,0,0,0,0,0,0
4.888,-7.2431,0,0,0,0,0,0,0,0
4.898,-7.2331,0,0,0,0,0,0,0,0
4.908,-7.2231,0,0,0,0,0,0,0,0
4.918,-7.2131,0,0,0,0,0,0,0,0
4.928,-7.2031,0,0,0,0,0,0,0,0
4.938,-7.1931,0,0,0,0,0,0,0,0
4.948,-7.1831,0,0,0,0,0,0,0,0
4.958,-7.1731,0,0,0,0,0,0,0,0
4.968,-7.1631,0,0,0,0,0,0,0,0
4.978,-7.1531,0,0,0,0,0,0,0,0
4.988,-7.1431,0,0,0,0,0,0,0,0
4.998,-7.1331,0,0,0,0,0,0,0,0
5.008,-7.1231,0,0,0,0,0,0,0,0
5.018,-7.1131,0,0,0,0,0,0,0,0
5.028,-7.1031,0,0,0,0,0,0,0,0
5.038,-7.0931,0,0,0,0,0,0,0,0
5.048,-7.0831,0,0,0,0,0,0,0,0
5.058,-7.0731,0,0,0,0,0,0,0,0
5.068,-7.0631,0,0,0,0,0,0,0,0
5.078,-7.0531,0,0,0,0,0,0,0,0
5.088,-7.0431,0,0,0,0,0,0,0,0
5.098,-7.0331,0,0,0,0,0,0,0,0
5.108,-7.0231,0,0,0,0,0,0,0,0
5.118,-7.0131,0,0,0,0,0,0,0,0
5.128,-7.0031,0,0,0,0,0,0,0,0
5.138,-6.9931,0,0,0,0,0,0,0,0
5.148,-6.9831,0,0,0,0,0,0,0,0
5.158,-6.9731,0,0,0,0,0,0,0,0
5.168,-6.9631,0,0,0,0,0,0,0,0
5.178,-6.9531,0,0,0,0,0,0,0,0
5.188,-6.9431,0,0,0,0,0,0,0,0
5.198,-6.9331,0,0,0,0,0,0,0,0
5.208,-6.9231,0,0,0,0,0,0,0,0
5.218,-6.9131,0,0,0,0,0,0,0,0
5.228,-6.9031,0,0,0,0,0,0,0,0
5.238,-6.8931,0,0,0,0,0,0,0,0
5.248,-6.8831,0,0,0,0,0,0,0,0
5.258,-6.8731,0,0,0,0,0,0,0,0
5.268,-6.8631,0,0,0,0,0,0,0,0
5.278,-6.8531,0,0,0,0,0,0,0,0
5.288,-6.8431,0,0,0,0,0,0,0,0
5.298,-6.8331,0,0,0,0,0,0,0,0
5.308,-6.8231,0,0,0,0,0,0,0,0
5.318,-6.8131,0,0,0,0,0,0,0,0
5.328,-6.8031,0,0,0,0,0,0,0,0
5.338,-6.7931,0,0,0,0,0,0,0,0
5.348,-6.7831,0,0,0,0,0,0,0,0
5.358,-6.7731,0,0,0,0,0,0,0,0
5.368,-6.7631,0,0,0,0,0,0,0,0
5.378,-6.7531,0,0,0,0,0,0,0,0
5.388,-6.7431,0,0,0,0,0,0,0,0
5.398,-6.7331,0,0,0,0,0,0,0,0
5.408,-6.7231,0,0,0,0,0,0,0,0
5.418,-6.7131,0,0,0,0,0,0,0,0
5.428,-6.7031,0,0,0,0,0,0,0,0
5.438,-6.6931,0,0,0,0,0,0,0,0
5.448,-6.6831,0,0,0,0,0,0,0,0
5.458,-6.6731,0,0,0,0,0,0,0,0
5.468,-6.6631,0,0,0,0,0,0,0,0
5.478,-6.6531,0,0,0,0,0,0,0,0
5.488,-6.6431,0,0,0,0,0,0,0,0
5.498,-6.6331,0,0,0,0,0,0,0,0
5.508,-6.6231,0,0,0,0,0,0,0,0
5.518,-6.6131,0,0,0,0,0,0,0,0
5.528,-6.6031,0,0,0,0,0,0,0,0
5.538,-6.5931,9.6e-14,5.028e-14,4.544e-13,3.324e-14,1.168e-14,1.48e-13,1.384e-12,1.40478e-15
5.548,-6.5831,2.724e-13,1.4236e-13,1.2848e-12,9.444e-14,3.324e-14,4.192e-13,3.924e-12,3.97821e-15
5.558,-6.5731,7.56e-13,3.956e-13,3.5692e-12,2.616e-13,9.24e-14,1.1636e-12,1.0892e-11,1.10461e-14
5.568,-6.5631,2.048e-12,1.0744e-12,9.6676e-12,7.104e-13,2.5e-13,3.156e-12,2.956e-11,2.99366e-14
5.578,-6.5531,5.44e-12,2.852e-12,2.5696e-11,1.884e-12,6.644e-13,8.4e-12,7.828e-11,7.96444e-14
5.588,-6.5431,1.412e-11,7.412e-12,6.692e-11,4.896e-12,1.724e-12,2.176e-11,2.036e-10,2.06515e-13
5.598,-6.5331,3.592e-11,1.886e-11,1.698e-10,1.244e-11,4.388e-12,5.532e-11,5.18e-10,5.2842e-13
5.608,-6.5231,8.92e-11,4.684e-11,4.214e-10,3.092e-11,1.088e-11,1.376e-10,1.2872e-09,1.30909e-12
5.618,-6.5131,2.168e-10,1.1396e-10,1.02856e-09,7.508e-11,2.652e-11,3.34e-10,3.132e-09,3.18366e-12
5.628,-6.5031,5.16e-10,2.712e-10,2.4416e-09,1.788e-10,6.312e-11,7.948e-10,7.432e-09,7.56952e-12
5.638,-6.4931,1.2e-09,6.32e-10,5.7e-09,4.16e-10,1.468e-10,1.848e-09,1.732e-08,1.76244e-11
5.648,-6.4831,2.732e-09,1.438e-09,1.2932e-08,9.46e-10,3.34e-10,4.204e-09,3.944e-08,4.00616e-11
5.658,-6.4731,6.08e-09,3.2e-09,2.8792e-08,2.108e-09,7.444e-10,9.38e-09,8.768e-08,8.93536e-11
5.668,-6.4631,1.324e-08,6.972e-09,6.2788e-08,4.592e-09,1.62e-09,2.04e-08,1.916e-07,1.95176e-10
5.678,-6.4531,2.82e-08,1.4884e-08,1.3384e-07,9.78e-09,3.456e-09,4.344e-08,4.076e-07,4.16908e-10
5.688,-6.4431,5.88e-08,3.104e-08,2.7884e-07,2.04e-08,7.208e-09,9.044e-08,8.484e-07,8.70148e-10
5.698,-6.4331,1.196e-07,6.324e-08,5.7e-07,4.16e-08,1.472e-08,1.844e-07,1.732e-06,1.773e-09
5.708,-6.4231,2.388e-07,1.2648e-07,1.13592e-06,8.284e-08,2.936e-08,3.68e-07,3.456e-06,3.54752e-09
5.718,-6.4131,4.64e-07,2.476e-07,2.218e-06,1.616e-07,5.736e-08,7.192e-07,6.744e-06,6.94592e-09
5.728,-6.4031,8.88e-07,4.736e-07,4.254e-06,3.092e-07,1.096e-07,1.372e-06,1.292e-05,1.32976e-08
5.738,-6.3931,1.66e-06,8.864e-07,7.9304e-06,5.78e-07,2.048e-07,2.56e-06,2.412e-05,2.48848e-08
5.748,-6.3831,3.036e-06,1.624e-06,1.4536e-05,1.056e-06,3.756e-07,4.676e-06,4.412e-05,4.54664e-08
5.758,-6.3731,5.44e-06,2.92e-06,2.602e-05,1.892e-06,6.724e-07,8.348e-06,7.916e-05,8.176e-08
5.768,-6.3631,9.48e-06,5.128e-06,4.5432e-05,3.312e-06,1.18e-06,1.46e-05,0.0001384,1.43948e-07
5.778,-6.3531,1.624e-05,8.816e-06,7.8456e-05,5.672e-06,2.024e-06,2.504e-05,0.0002376,2.47908e-07
5.788,-6.3431,2.72e-05,1.4848e-05,0.00013172,9.512e-06,3.404e-06,4.188e-05,0.0003984,4.1656e-07
5.798,-6.3331,4.48e-05,2.448e-05,0.00021636,1.564e-05,5.6e-06,6.852e-05,0.0006552,6.8884e-07
5.808,-6.3231,7.16e-05,3.96e-05,0.00034888,2.508e-05,9.04e-06,0.00011032,0.0010544,1.11676e-06
5.818,-6.3131,0.0001124,6.28e-05,0.00054908,3.948e-05,1.428e-05,0.0001732,0.00166,1.77112e-06
5.828,-6.3031,0.0001728,9.728e-05,0.00085032,6.088e-05,2.208e-05,0.0002656,0.002564,2.7528e-06
5.838,-6.2931,0.0002604,0.0001482,0.00128772,9.18e-05,3.344e-05,0.0004,0.003876,4.1812e-06
5.848,-6.2831,0.000384,0.0002212,0.0019148,0.000136,4.976e-05,0.0005908,0.005744,6.2572e-06
5.858,-6.2731,0.000556,0.000324,0.0027892,0.0001968,7.252e-05,0.0008496,0.008356,9.1832e-06
5.868,-6.2631,0.000784,0.0004656,0.0039848,0.0002792,0.0001036,0.0012,0.011896,1.3228e-05
5.878,-6.2531,0.001088,0.0006592,0.005568,0.0003888,0.000146,0.001664,0.0166,1.872e-05
5.888,-6.2431,0.00148,0.0009104,0.0076692,0.0005316,0.0002008,0.002256,0.02276,2.5952e-05
5.898,-6.2331,0.001976,0.0012416,0.0103864,0.0007124,0.0002724,0.003,0.0306,3.5416e-05
5.908,-6.2231,0.002588,0.0016632,0.013764,0.0009376,0.0003624,0.003916,0.04044,4.7316e-05
5.918,-6.2131,0.003324,0.002196,0.018,0.001212,0.0004752,0.005008,0.05252,6.264e-05
5.928,-6.2031,0.0042,0.002844,0.0231,0.00154,0.0006128,0.006284,0.06708,8.152e-05
5.938,-6.1931,0.0052,0.003636,0.02918,0.001924,0.0007788,0.00776,0.08436,0.00010424
5.948,-6.1831,0.00636,0.004568,0.036284,0.00236,0.000976,0.009404,0.104,0.00013112
5.958,-6.1731,0.00764,0.00568,0.044412,0.00286,0.001204,0.011208,0.1264,0.000163
5.968,-6.1631,0.00908,0.0069,0.05384,0.003412,0.001464,0.013132,0.152,0.00019992
5.978,-6.1531,0.0106,0.008316,0.064084,0.004012,0.001756,0.01516,0.18,0.000242
5.988,-6.1431,0.01224,0.00988,0.075144,0.004668,0.002084,0.01728,0.21,0.0002896
5.998,-6.1331,0.01396,0.011512,0.087016,0.005356,0.002436,0.0194,0.2416,0.0003432
6.008,-6.1231,0.01576,0.013288,0.099696,0.00608,0.00282,0.02152,0.2752,0.0004032
6.018,-6.1131,0.01764,0.015112,0.112376,0.006856,0.003224,0.02364,0.3096,0.0004704
6.028,-6.1031,0.01956,0.0169,0.125452,0.007616,0.003648,0.02568,0.3444,0.0005464
6.038,-6.0931,0.02156,0.018684,0.138128,0.008432,0.004084,0.02768,0.3788,0.0006328
6.048,-6.0831,0.02368,0.02036,0.1508,0.009272,0.004528,0.02968,0.4132,0.0007348
6.058,-6.0731,0.02588,0.02196,0.162672,0.01014,0.00498,0.03168,0.4468,0.0008524
6.068,-6.0631,0.02828,0.02332,0.17416,0.01108,0.00544,0.03376,0.4808,0.000992
6.078,-6.0531,0.03088,0.0246,0.18524,0.01212,0.005908,0.036,0.514,0.001164
6.088,-6.0431,0.0338,0.02572,0.19552,0.01328,0.0064,0.03844,0.5492,0.001376
6.098,-6.0331,0.03712,0.02676,0.20628,0.0146,0.006932,0.04124,0.5868,0.00164
6.108,-6.0231,0.0408,0.0278,0.21792,0.01612,0.007528,0.04456,0.6288,0.00196
6.118,-6.0131,0.0456,0.02892,0.23084,0.01792,0.008212,0.04852,0.6772,0.002352
6.128,-6.0031,0.0508,0.03036,0.24672,0.02008,0.009,0.05324,0.7372,0.002828
6.138,-5.9931,0.0572,0.03228,0.26632,0.02264,0.01,0.0588,0.81,0.0034
6.148,-5.9831,0.0648,0.03476,0.2906,0.02568,0.01116,0.0656,0.8972,0.00408
6.158,-5.9731,0.0732,0.03812,0.32108,0.02928,0.0126,0.07356,1.0004,0.004876
6.168,-5.9631,0.0836,0.0424,0.35828,0.03352,0.01428,0.08268,1.128,0.005788
6.178,-5.9531,0.0952,0.04784,0.40376,0.0383,0.01632,0.09296,1.28,0.006836
6.188,-5.9431,0.108,0.05452,0.4556,0.0438,0.01872,0.1044,1.46,0.00798
6.198,-5.9331,0.1224,0.06232,0.5182,0.05,0.02144,0.1174,1.656,0.009268
6.208,-5.9231,0.1384,0.07156,0.58916,0.0568,0.02456,0.13148,1.884,0.010616
6.218,-5.9131,0.1552,0.0818,0.66844,0.0642,0.02804,0.1464,2.132,0.01208
6.228,-5.9031,0.1732,0.09304,0.756,0.07216,0.0318,0.1624,2.4,0.0136
6.238,-5.8931,0.192,0.1052,0.84784,0.08048,0.03592,0.1788,2.688,0.0152
6.248,-5.8831,0.2112,0.11788,0.94384,0.0896,0.0402,0.1952,2.98,0.0168
6.258,-5.8731,0.2304,0.131,1.03996,0.0984,0.04468,0.212,3.28,0.0184
6.268,-5.8631,0.25,0.14408,1.136,0.1076,0.04924,0.2284,3.58,0.02
6.278,-5.8531,0.2688,0.15628,1.2324,0.1164,0.05384,0.2452,3.876,0.02156
6.288,-5.8431,0.2872,0.16836,1.3204,0.126,0.05856,0.2608,4.164,0.02308
6.298,-5.8331,0.3052,0.17904,1.408,0.1348,0.06312,0.2756,4.44,0.02452
6.308,-5.8231,0.3228,0.18908,1.4876,0.144,0.06724,0.29,4.696,0.02596
6.318,-5.8131,0.34,0.19728,1.5592,0.1528,0.07136,0.3032,4.94,0.02732
6.328,-5.8031,0.3568,0.2048,1.6264,0.1616,0.07544,0.316,5.168,0.02868
6.338,-5.7931,0.374,0.21048,1.6816,0.17,0.07948,0.3272,5.38,0.03
6.348,-5.7831,0.3912,0.21508,1.7364,0.1784,0.08304,0.3388,5.58,0.03136
6.358,-5.7731,0.408,0.21868,1.7832,0.1868,0.08656,0.3488,5.768,0.03272
6.368,-5.7631,0.428,0.22168,1.826,0.1956,0.09004,0.3588,5.952,0.03412
6.378,-5.7531,0.444,0.22376,1.8648,0.2044,0.09308,0.368,6.128,0.03564
6.388,-5.7431,0.464,0.22532,1.8992,0.2136,0.09648,0.3768,6.308,0.03728
6.398,-5.7331,0.484,0.22684,1.934,0.2224,0.09944,0.386,6.488,0.039
6.408,-5.7231,0.508,0.2284,1.9688,0.2324,0.10236,0.3948,6.672,0.04084
6.418,-5.7131,0.528,0.22992,2.0036,0.242,0.10568,0.4032,6.86,0.04284
6.428,-5.7031,0.548,0.23196,2.0384,0.252,0.1086,0.4116,7.064,0.04488
6.438,-5.6931,0.572,0.23444,2.0776,0.262,0.11192,0.4196,7.224,0.047
6.448,-5.6831,0.592,0.237,2.1124,0.2716,0.1152,0.4276,7.428,0.0492
6.458,-5.6731,0.612,0.24004,2.1432,0.2812,0.11808,0.4348,7.632,0.05128
6.468,-5.6631,0.628,0.24312,2.178,0.29,0.12172,0.4412,7.788,0.05336
6.478,-5.6531,0.644,0.24584,2.2044,0.298,0.12488,0.4456,7.944,0.05528
6.488,-5.6431,0.66,0.2484,2.2268,0.3044,0.12792,0.4492,8.088,0.057
6.498,-5.6331,0.668,0.2512,2.2448,0.31,0.13128,0.45,8.184,0.05844
6.508,-5.6231,0.676,0.2532,2.2544,0.314,0.13408,0.4492,8.264,0.0596
6.518,-5.6131,0.68,0.2548,2.2556,0.316,0.13712,0.4456,8.296,0.06048
6.528,-5.6031,0.68,0.2564,2.2524,0.3172,0.14004,0.44,8.316,0.06104
6.538,-5.5931,0.676,0.2572,2.2448,0.3168,0.1428,0.4316,8.288,0.06128
6.548,-5.5831,0.668,0.2588,2.2292,0.3152,0.14588,0.4216,8.252,0.06132
6.558,-5.5731,0.66,0.2596,2.2136,0.3128,0.14892,0.41,8.212,0.06116
6.568,-5.5631,0.652,0.2604,2.198,0.3096,0.15192,0.3968,8.136,0.0608
6.578,-5.5531,0.644,0.2612,2.1864,0.306,0.1554,0.3828,8.06,0.06032
6.588,-5.5431,0.636,0.2624,2.1748,0.3028,0.15936,0.3684,8.032,0.05976
6.598,-5.5331,0.632,0.2644,2.1716,0.2992,0.16308,0.3536,7.972,0.0592
6.608,-5.5231,0.624,0.2656,2.1728,0.2964,0.16736,0.3392,7.96,0.05864
6.618,-5.5131,0.624,0.2672,2.1784,0.2932,0.17224,0.3256,7.956,0.05804
6.628,-5.5031,0.62,0.2684,2.192,0.2908,0.1768,0.312,7.96,0.05752
6.638,-5.4931,0.62,0.2696,2.206,0.2888,0.1816,0.2996,7.964,0.05704
6.648,-5.4831,0.62,0.2696,2.228,0.2872,0.186,0.288,8.016,0.0566
6.658,-5.4731,0.62,0.27,2.254,0.2864,0.1908,0.2776,8.064,0.05632
6.668,-5.4631,0.62,0.2696,2.28,0.286,0.1948,0.2688,8.108,0.05612
6.678,-5.4531,0.62,0.2692,2.3104,0.2868,0.1992,0.2612,8.192,0.056
6.688,-5.4431,0.616,0.268,2.3444,0.2876,0.2032,0.2552,8.272,0.05604
6.698,-5.4331,0.612,0.2664,2.3744,0.2904,0.2068,0.2508,8.36,0.05624
6.708,-5.4231,0.608,0.26508,2.408,0.2932,0.2104,0.248,8.44,0.05656
6.718,-5.4131,0.604,0.26392,2.442,0.2976,0.2144,0.246,8.56,0.05696
6.728,-5.4031,0.6,0.26316,2.48,0.3032,0.218,0.246,8.68,0.05752
6.738,-5.3931,0.592,0.26248,2.5176,0.3096,0.2216,0.2472,8.76,0.05816
6.748,-5.3831,0.588,0.26264,2.5556,0.3168,0.226,0.2492,8.92,0.05884
6.758,-5.3731,0.58,0.26368,2.598,0.3252,0.2312,0.2516,9.08,0.05956
6.768,-5.3631,0.576,0.26564,2.6448,0.334,0.2368,0.2544,9.28,0.06028
6.778,-5.3531,0.576,0.26804,2.6916,0.3436,0.2432,0.258,9.44,0.06096
6.788,-5.3431,0.576,0.27176,2.7428,0.3536,0.2508,0.2612,9.68,0.06156
6.798,-5.3331,0.58,0.27636,2.7988,0.364,0.2592,0.2648,9.88,0.06208
6.808,-5.3231,0.584,0.2814,2.8628,0.3748,0.268,0.268,10.12,0.06252
6.818,-5.3131,0.592,0.28728,2.9236,0.386,0.278,0.2708,10.36,0.06288
6.828,-5.3031,0.6,0.2936,2.9928,0.3968,0.2884,0.274,10.64,0.06304
6.838,-5.2931,0.612,0.29996,3.0624,0.408,0.2996,0.276,10.88,0.06312
6.848,-5.2831,0.624,0.3072,3.132,0.4188,0.3108,0.2784,11.16,0.06308
6.858,-5.2731,0.64,0.3136,3.202,0.4292,0.322,0.2804,11.44,0.06292
6.868,-5.2631,0.656,0.32,3.2676,0.4388,0.3328,0.282,11.72,0.06272
6.878,-5.2531,0.672,0.3252,3.3252,0.448,0.3424,0.2832,11.96,0.06244
6.888,-5.2431,0.684,0.3304,3.3784,0.4564,0.3516,0.284,12.12,0.06208
6.898,-5.2331,0.696,0.334,3.4192,0.4632,0.3592,0.2844,12.36,0.06172
6.908,-5.2231,0.708,0.3364,3.4512,0.4688,0.3656,0.2836,12.48,0.06128
6.918,-5.2131,0.716,0.3372,3.466,0.4736,0.3704,0.2824,12.56,0.06088
6.928,-5.2031,0.72,0.3364,3.4684,0.4764,0.3732,0.2808,12.6,0.06044
6.938,-5.1931,0.724,0.33432,3.4576,0.4784,0.3744,0.2784,12.6,0.06004
6.948,-5.1831,0.72,0.3304,3.438,0.4792,0.3744,0.2756,12.56,0.0596
6.958,-5.1731,0.716,0.32556,3.406,0.4792,0.3736,0.2724,12.48,0.05924
6.968,-5.1631,0.708,0.31944,3.3692,0.478,0.3716,0.2688,12.36,0.05896
6.978,-5.1531,0.7,0.3124,3.324,0.4772,0.3692,0.2656,12.24,0.05868
6.988,-5.1431,0.688,0.30496,3.2788,0.4764,0.3664,0.2632,12.12,0.05852
6.998,-5.1331,0.676,0.29704,3.2296,0.476,0.3636,0.2608,12,0.05844
7.008,-5.1231,0.66,0.28916,3.184,0.4764,0.3608,0.2596,11.92,0.05848
7.018,-5.1131,0.648,0.28168,3.1428,0.4776,0.3584,0.2596,11.8,0.05864
7.028,-5.1031,0.636,0.27424,3.106,0.4792,0.3564,0.2604,11.72,0.05896
7.038,-5.0931,0.624,0.26768,3.0692,0.4824,0.3548,0.262,11.64,0.05936
7.048,-5.0831,0.612,0.26152,3.0364,0.4864,0.3528,0.2648,11.6,0.05992
7.058,-5.0731,0.604,0.25544,3.008,0.4908,0.3516,0.2684,11.6,0.06052
7.068,-5.0631,0.596,0.25024,2.9756,0.496,0.3496,0.2724,11.52,0.06116
7.078,-5.0531,0.592,0.24504,2.9472,0.5016,0.3476,0.2764,11.52,0.06184
7.088,-5.0431,0.584,0.23992,2.9148,0.5068,0.3456,0.2804,11.48,0.06252
7.098,-5.0331,0.584,0.2348,2.882,0.5116,0.3424,0.2848,11.44,0.06316
7.108,-5.0231,0.58,0.22972,2.8452,0.5164,0.3388,0.288,11.4,0.0638
7.118,-5.0131,0.58,0.22468,2.804,0.5208,0.3356,0.2912,11.36,0.06432
7.128,-5.0031,0.584,0.21964,2.7588,0.5244,0.3316,0.2932,11.32,0.0648
7.138,-4.9931,0.584,0.21464,2.7136,0.528,0.3276,0.2948,11.24,0.06524
7.148,-4.9831,0.588,0.21008,2.6644,0.5312,0.3236,0.2956,11.2,0.06556
7.158,-4.9731,0.588,0.2056,2.6192,0.5348,0.3208,0.2952,11.08,0.06588
7.168,-4.9631,0.592,0.20196,2.5784,0.538,0.318,0.2948,11.04,0.06624
7.178,-4.9531,0.596,0.1988,2.538,0.5424,0.3164,0.2936,11,0.06652
7.188,-4.9431,0.604,0.19612,2.506,0.5472,0.3156,0.2924,11,0.06688
7.198,-4.9331,0.608,0.19476,2.4784,0.5532,0.316,0.2908,11,0.06724
7.208,-4.9231,0.612,0.19384,2.4596,0.5604,0.3176,0.2892,11.04,0.06772
7.218,-4.9131,0.62,0.1938,2.4452,0.5684,0.32,0.2868,11.08,0.06812
7.228,-4.9031,0.624,0.19424,2.4396,0.5772,0.3228,0.2848,11.12,0.06852
7.238,-4.8931,0.628,0.19552,2.4384,0.5872,0.326,0.2828,11.24,0.06892
7.248,-4.8831,0.636,0.19676,2.4416,0.5968,0.3296,0.2804,11.32,0.0692
7.258,-4.8731,0.64,0.19804,2.4448,0.6068,0.3336,0.278,11.4,0.0694
7.268,-4.8631,0.64,0.19924,2.4484,0.6168,0.3372,0.2748,11.52,0.06944
7.278,-4.8531,0.644,0.2004,2.452,0.6264,0.3408,0.272,11.6,0.06936
7.288,-4.8431,0.648,0.20148,2.456,0.636,0.344,0.2684,11.68,0.06912
7.298,-4.8331,0.648,0.20212,2.46,0.6452,0.3476,0.2644,11.76,0.06884
7.308,-4.8231,0.652,0.20268,2.46,0.654,0.3508,0.2608,11.84,0.06852
7.318,-4.8131,0.656,0.2032,2.4604,0.6636,0.3544,0.2572,11.92,0.06816
7.328,-4.8031,0.66,0.20364,2.4652,0.6736,0.3584,0.2536,12,0.06792
7.338,-4.7931,0.664,0.20452,2.47,0.688,0.3632,0.2508,12.12,0.0678
7.348,-4.7831,0.668,0.20496,2.4796,0.6992,0.3684,0.2476,12.2,0.06776
7.358,-4.7731,0.676,0.2058,2.4936,0.7148,0.3748,0.2448,12.36,0.06788
7.368,-4.7631,0.684,0.20712,2.5076,0.7276,0.3808,0.2424,12.48,0.06816
7.378,-4.7531,0.696,0.20844,2.53,0.7448,0.388,0.24,12.68,0.06852
7.388,-4.7431,0.708,0.20936,2.5484,0.7588,0.3944,0.2376,12.84,0.06896
7.398,-4.7331,0.72,0.21076,2.5708,0.7768,0.4008,0.2348,13,0.06932
7.408,-4.7231,0.728,0.21136,2.5888,0.7912,0.4064,0.2316,13.2,0.06964
7.418,-4.7131,0.74,0.212,2.6064,0.8052,0.4116,0.2276,13.32,0.06972
7.428,-4.7031,0.752,0.21224,2.6192,0.8152,0.4156,0.2224,13.44,0.06976
7.438,-4.6931,0.76,0.21168,2.6236,0.8244,0.4188,0.2172,13.56,0.0696
7.448,-4.6831,0.768,0.21116,2.6272,0.8332,0.4204,0.2108,13.6,0.06924
7.458,-4.6731,0.776,0.20984,2.622,0.8412,0.422,0.204,13.68,0.06872
7.468,-4.6631,0.784,0.20852,2.612,0.8488,0.4228,0.19744,13.64,0.06816
7.478,-4.6531,0.788,0.20724,2.5972,0.8556,0.4236,0.19076,13.68,0.06748
7.488,-4.6431,0.796,0.2056,2.578,0.8576,0.424,0.18492,13.68,0.06684
7.498,-4.6331,0.8,0.20436,2.5544,0.8632,0.424,0.17916,13.68,0.06628
7.508,-4.6231,0.804,0.20356,2.53,0.868,0.4244,0.17468,13.68,0.0658
7.518,-4.6131,0.808,0.2028,2.5016,0.8724,0.4252,0.17112,13.64,0.06544
7.528,-4.6031,0.812,0.20248,2.4684,0.8764,0.4256,0.16812,13.64,0.0652
7.538,-4.5931,0.812,0.20216,2.4348,0.8756,0.426,0.1664,13.6,0.06508
7.548,-4.5831,0.812,0.20228,2.3964,0.878,0.426,0.1652,13.52,0.06496
7.558,-4.5731,0.808,0.20196,2.3536,0.8716,0.4248,0.16452,13.48,0.06488
7.568,-4.5631,0.804,0.2016,2.31,0.868,0.4232,0.16428,13.36,0.06476
7.578,-4.5531,0.792,0.20036,2.258,0.8596,0.4204,0.16416,13.2,0.06456
7.588,-4.5431,0.784,0.19868,2.2052,0.8464,0.416,0.16368,13.04,0.0642
7.598,-4.5331,0.768,0.19612,2.1436,0.8324,0.41,0.16324,12.8,0.06376
7.608,-4.5231,0.752,0.19268,2.0776,0.8132,0.4028,0.16252,12.52,0.0632
7.618,-4.5131,0.732,0.18792,2.0112,0.794,0.394,0.16148,12.24,0.06256
7.628,-4.5031,0.712,0.18228,1.94,0.7708,0.384,0.16012,11.96,0.06184
7.638,-4.4931,0.688,0.17576,1.8732,0.7516,0.3736,0.15932,11.6,0.06112
7.648,-4.4831,0.668,0.16836,1.8024,0.7288,0.362,0.15828,11.28,0.06048
7.658,-4.4731,0.644,0.16052,1.7396,0.7112,0.3508,0.1578,10.96,0.05996
7.668,-4.4631,0.62,0.15228,1.6776,0.6948,0.3404,0.15784,10.68,0.0596
7.678,-4.4531,0.6,0.1444,1.6244,0.6836,0.3304,0.15848,10.44,0.0594
7.688,-4.4431,0.58,0.1362,1.58,0.6736,0.322,0.15964,10.24,0.05944
7.698,-4.4331,0.564,0.1288,1.5408,0.6732,0.3156,0.16172,10.08,0.05968
7.708,-4.4231,0.552,0.12224,1.5148,0.6704,0.3112,0.16464,10,0.06012
7.718,-4.4131,0.54,0.11616,1.498,0.6768,0.3088,0.168,9.96,0.06072
7.728,-4.4031,0.532,0.11096,1.4864,0.688,0.3092,0.17176,9.96,0.06152
7.738,-4.3931,0.528,0.1062,1.4844,0.7,0.3112,0.17624,10.04,0.06236
7.748,-4.3831,0.528,0.10276,1.4912,0.7168,0.3152,0.1806,10.16,0.06332
7.758,-4.3731,0.528,0.10016,1.5028,0.7336,0.3212,0.18524,10.32,0.06444
7.768,-4.3631,0.532,0.09804,1.5156,0.7548,0.3288,0.18932,10.52,0.06512
7.778,-4.3531,0.536,0.09672,1.5368,0.776,0.3372,0.19324,10.72,0.06592
7.788,-4.3431,0.544,0.09592,1.5552,0.7972,0.3472,0.19696,10.96,0.0668
7.798,-4.3331,0.552,0.09588,1.5776,0.8224,0.3568,0.19972,11.2,0.06736
7.808,-4.3231,0.56,0.09632,1.6008,0.8476,0.3668,0.20232,11.44,0.06792
7.818,-4.3131,0.568,0.09676,1.6204,0.8688,0.3768,0.20356,11.68,0.06848
7.828,-4.3031,0.576,0.098,1.64,0.894,0.3868,0.20468,11.96,0.0686
7.838,-4.2931,0.588,0.09884,1.6596,0.9192,0.396,0.20456,12.2,0.06872
7.848,-4.2831,0.596,0.10004,1.6796,0.9408,0.4048,0.20436,12.4,0.0688
7.858,-4.2731,0.604,0.10168,1.6956,0.9624,0.4128,0.20296,12.68,0.06872
7.868,-4.2631,0.616,0.10288,1.7072,0.9844,0.4204,0.2016,12.88,0.0686
7.878,-4.2531,0.628,0.10448,1.7228,1.0064,0.428,0.19992,13.12,0.06852
7.888,-4.2431,0.636,0.10604,1.7344,1.0248,0.4348,0.19792,13.32,0.06852
7.898,-4.2331,0.648,0.10764,1.7412,1.0432,0.442,0.19564,13.6,0.06856
7.908,-4.2231,0.66,0.10924,1.7516,1.0652,0.4488,0.19348,13.8,0.06872
7.918,-4.2131,0.668,0.11084,1.7572,1.0796,0.4552,0.19148,13.96,0.069
7.928,-4.2031,0.676,0.11244,1.7624,1.0976,0.4616,0.18996,14.2,0.0694
7.938,-4.1931,0.684,0.11444,1.7664,1.1148,0.4684,0.18812,14.36,0.06992
7.948,-4.1831,0.692,0.11608,1.766,1.132,0.4744,0.18676,14.56,0.07044
7.958,-4.1731,0.696,0.11728,1.7688,1.1484,0.48,0.1854,14.72,0.07096
7.968,-4.1631,0.7,0.11852,1.7672,1.1644,0.4856,0.18396,14.84,0.07144
7.978,-4.1531,0.7,0.11972,1.7688,1.1792,0.4908,0.18248,15,0.07176
7.988,-4.1431,0.7,0.12012,1.7668,1.1936,0.4956,0.18084,15.12,0.07188
7.998,-4.1331,0.696,0.12012,1.7644,1.2076,0.5,0.17908,15.24,0.07184
8.008,-4.1231,0.688,0.11928,1.7668,1.22,0.504,0.1768,15.28,0.07168
8.018,-4.1131,0.68,0.1184,1.766,1.236,0.5076,0.17476,15.36,0.0714
8.028,-4.1031,0.672,0.11672,1.77,1.256,0.5112,0.17216,15.48,0.07084
8.038,-4.0931,0.664,0.1146,1.7752,1.276,0.5148,0.16952,15.56,0.07024
8.048,-4.0831,0.66,0.11244,1.7812,1.3,0.5188,0.16684,15.68,0.06956
8.058,-4.0731,0.652,0.10992,1.788,1.32,0.5228,0.16452,15.8,0.06892
8.068,-4.0631,0.648,0.10736,1.8,1.348,0.5272,0.1622,16,0.06824
8.078,-4.0531,0.648,0.1048,1.82,1.376,0.5316,0.16036,16.16,0.06772
8.088,-4.0431,0.644,0.10224,1.832,1.404,0.536,0.1586,16.4,0.06712
8.098,-4.0331,0.644,0.09972,1.852,1.436,0.54,0.15732,16.6,0.0668
8.108,-4.0231,0.648,0.09756,1.868,1.468,0.5432,0.15612,16.8,0.06648
8.118,-4.0131,0.648,0.09588,1.884,1.496,0.546,0.15536,17.04,0.06624
8.128,-4.0031,0.648,0.09416,1.896,1.52,0.5488,0.15468,17.24,0.066
8.138,-3.9931,0.652,0.09244,1.908,1.544,0.55,0.1536,17.4,0.0658
8.148,-3.9831,0.648,0.09076,1.912,1.564,0.5504,0.15296,17.56,0.06528
8.158,-3.9731,0.648,0.08908,1.908,1.58,0.5492,0.15188,17.64,0.06476
8.168,-3.9631,0.644,0.08784,1.904,1.596,0.5472,0.1508,17.72,0.06428
8.178,-3.9531,0.636,0.08616,1.892,1.604,0.544,0.14968,17.72,0.06348
8.188,-3.9431,0.632,0.08488,1.876,1.608,0.5408,0.14812,17.72,0.06268
8.198,-3.9331,0.624,0.08324,1.852,1.612,0.5368,0.14612,17.68,0.06156
8.208,-3.9231,0.616,0.08196,1.828,1.616,0.5332,0.14412,17.64,0.06056
8.218,-3.9131,0.608,0.08072,1.804,1.616,0.5292,0.14204,17.56,0.05948
8.228,-3.9031,0.596,0.07944,1.78,1.616,0.5264,0.13996,17.48,0.0584
8.238,-3.8931,0.588,0.0782,1.756,1.616,0.5236,0.13744,17.4,0.05732
8.248,-3.8831,0.58,0.07692,1.732,1.616,0.5216,0.13492,17.36,0.05632
8.258,-3.8731,0.576,0.07608,1.704,1.616,0.52,0.1328,17.32,0.05544
8.268,-3.8631,0.568,0.0748,1.684,1.616,0.5192,0.13032,17.28,0.05456
8.278,-3.8531,0.56,0.07396,1.664,1.616,0.5184,0.1278,17.24,0.05384
8.288,-3.8431,0.552,0.07268,1.644,1.616,0.518,0.12572,17.2,0.05324
8.298,-3.8331,0.544,0.0714,1.628,1.616,0.5172,0.12324,17.08,0.05272
8.308,-3.8231,0.532,0.07012,1.612,1.612,0.5168,0.1208,17,0.05232
8.318,-3.8131,0.524,0.06844,1.596,1.604,0.516,0.1188,16.92,0.052
8.328,-3.8031,0.512,0.06676,1.58,1.596,0.5152,0.11644,16.76,0.0518
8.338,-3.7931,0.5,0.06508,1.564,1.584,0.5148,0.11412,16.64,0.05164
8.348,-3.7831,0.484,0.06304,1.548,1.576,0.514,0.11184,16.52,0.05156
8.358,-3.7731,0.472,0.06136,1.536,1.568,0.5136,0.10964,16.36,0.05156
8.368,-3.7631,0.456,0.05932,1.52,1.56,0.5136,0.10788,16.24,0.05168
8.378,-3.7531,0.44,0.05772,1.512,1.55,0.5148,0.1058,16.12,0.0518
8.388,-3.7431,0.428,0.05652,1.5,1.5456,0.5164,0.1038,16,0.05196
8.398,-3.7331,0.416,0.05492,1.484,1.546,0.5188,0.10224,15.92,0.05216
8.408,-3.7231,0.4,0.05376,1.476,1.5472,0.5224,0.10072,15.84,0.05236
8.418,-3.7131,0.3892,0.053,1.46,1.5536,0.5268,0.09924,15.84,0.05256
8.428,-3.7031,0.3776,0.0522,1.452,1.5608,0.532,0.0982,15.84,0.05272
8.438,-3.6931,0.3672,0.05184,1.432,1.5728,0.5384,0.09676,15.84,0.0528
8.448,-3.6831,0.3572,0.05148,1.42,1.5904,0.5456,0.09612,15.88,0.05288
8.458,-3.6731,0.348,0.05112,1.404,1.6124,0.5548,0.09504,15.88,0.0528
8.468,-3.6631,0.3392,0.05116,1.384,1.6356,0.5624,0.09432,15.96,0.05268
8.478,-3.6531,0.3312,0.05116,1.364,1.6592,0.57,0.09356,16.08,0.0524
8.488,-3.6431,0.3236,0.05116,1.3408,1.692,0.578,0.09272,16.2,0.05204
8.498,-3.6331,0.3164,0.05156,1.3224,1.7212,0.586,0.09184,16.36,0.05156
8.508,-3.6231,0.31,0.05156,1.3004,1.7588,0.5976,0.09128,16.52,0.05104
8.518,-3.6131,0.3036,0.05196,1.2796,1.7932,0.6056,0.09024,16.68,0.05036
8.528,-3.6031,0.298,0.05196,1.2632,1.8316,0.6132,0.0892,16.92,0.04964
8.538,-3.5931,0.2928,0.05236,1.248,1.8704,0.6212,0.08848,17.08,0.04884
8.548,-3.5831,0.288,0.05232,1.2372,1.9088,0.6328,0.08692,17.32,0.04796
8.558,-3.5731,0.2836,0.05232,1.2276,1.9432,0.6408,0.08572,17.56,0.047
8.568,-3.5631,0.2792,0.05228,1.218,1.9732,0.6488,0.08368,17.76,0.04592
8.578,-3.5531,0.2748,0.05184,1.2132,2.0024,0.6568,0.082,17.96,0.0448
8.588,-3.5431,0.2708,0.05136,1.2124,2.0268,0.6608,0.07952,18.16,0.04356
8.598,-3.5331,0.2664,0.05048,1.2076,2.0468,0.6692,0.0774,18.36,0.04224
8.608,-3.5231,0.262,0.0496,1.206,2.0576,0.6776,0.07488,18.48,0.04088
8.618,-3.5131,0.2572,0.04832,1.204,2.068,0.6824,0.07196,18.6,0.03948
8.628,-3.5031,0.2524,0.0474,1.196,2.0692,0.6912,0.0694,18.68,0.038
8.638,-3.4931,0.2472,0.04612,1.192,2.0704,0.6964,0.06648,18.72,0.03656
8.648,-3.4831,0.242,0.0448,1.184,2.0632,0.7056,0.06396,18.76,0.03516
8.658,-3.4731,0.2364,0.0432,1.1708,2.0552,0.7104,0.06148,18.68,0.0338
8.668,-3.4631,0.2304,0.04176,1.1548,2.0392,0.7112,0.05904,18.64,0.03252
8.678,-3.4531,0.2244,0.04032,1.1376,2.0224,0.7156,0.05664,18.56,0.03128
8.688,-3.4431,0.2184,0.038896,1.1144,1.9972,0.7116,0.05432,18.36,0.0302
8.698,-3.4331,0.212,0.037428,1.0856,1.9676,0.7108,0.052,18.12,0.02924
8.708,-3.4231,0.2052,0.03596,1.0552,1.9368,0.7012,0.05016,17.88,0.02836
8.718,-3.4131,0.1984,0.034492,1.0192,1.8936,0.6908,0.04836,17.52,0.02756
8.728,-3.4031,0.1916,0.03294,0.9816,1.8496,0.6756,0.0464,17.12,0.02692
8.738,-3.3931,0.1848,0.031384,0.9392,1.7968,0.6596,0.04464,16.68,0.02632
8.748,-3.3831,0.1776,0.029788,0.896,1.7392,0.6384,0.043,16.16,0.0258
8.758,-3.3731,0.1704,0.028144,0.8484,1.6812,0.6128,0.0414,15.64,0.02532
8.768,-3.3631,0.1632,0.02654,0.8048,1.6188,0.5868,0.03988,15.04,0.02492
8.778,-3.3531,0.1564,0.024932,0.7572,1.5568,0.5608,0.03852,14.44,0.02456
8.788,-3.3431,0.1492,0.023364,0.714,1.4948,0.5344,0.03724,13.92,0.02424
8.798,-3.3331,0.1424,0.02184,0.672,1.4336,0.5084,0.03612,13.36,0.02396
8.808,-3.3231,0.1356,0.02044,0.6312,1.3812,0.4848,0.03512,12.84,0.02372
8.818,-3.3131,0.1292,0.019124,0.5928,1.33,0.462,0.03428,12.32,0.02352
8.828,-3.3031,0.1228,0.017892,0.5588,1.2836,0.4416,0.03356,11.88,0.02328
8.838,-3.2931,0.1168,0.016828,0.5284,1.2464,0.4244,0.03292,11.52,0.02312
8.848,-3.2831,0.1108,0.015852,0.5016,1.214,0.4096,0.03232,11.16,0.02292
8.858,-3.2731,0.1056,0.01496,0.478,1.1864,0.3976,0.03176,10.88,0.02272
8.868,-3.2631,0.1004,0.014192,0.458,1.1596,0.3872,0.03116,10.64,0.02252
8.878,-3.2531,0.0956,0.013552,0.4404,1.1412,0.3792,0.03052,10.44,0.02224
8.888,-3.2431,0.0908,0.012956,0.4256,1.1188,0.3724,0.0298,10.24,0.02192
8.898,-3.2331,0.0864,0.0124,0.4124,1.1008,0.3664,0.029,10.12,0.02152
8.908,-3.2231,0.0824,0.011892,0.4012,1.0824,0.3612,0.02804,9.92,0.02108
8.918,-3.2131,0.0784,0.011464,0.3908,1.0636,0.3564,0.02704,9.8,0.02056
8.928,-3.2031,0.0748,0.011044,0.3816,1.0444,0.3516,0.02596,9.64,0.02004
8.938,-3.1931,0.0708,0.010624,0.3724,1.0212,0.3464,0.02484,9.52,0.0194
8.948,-3.1831,0.0672,0.010248,0.364,1.0012,0.3404,0.02372,9.32,0.0188
8.958,-3.1731,0.064,0.009876,0.3556,0.9772,0.3344,0.02264,9.16,0.01816
8.968,-3.1631,0.0608,0.009548,0.3476,0.9528,0.328,0.02164,9,0.01752
8.978,-3.1531,0.0576,0.009264,0.3396,0.9324,0.3216,0.020776,8.84,0.01692
8.988,-3.1431,0.0544,0.008984,0.3316,0.912,0.3144,0.020088,8.64,0.0164
8.998,-3.1331,0.0516,0.008748,0.3236,0.8916,0.3072,0.019556,8.48,0.01592
9.008,-3.1231,0.0488,0.008552,0.316,0.8756,0.2992,0.019228,8.308,0.01552
9.018,-3.1131,0.0464,0.0084,0.3084,0.8552,0.2912,0.019064,8.176,0.0152
9.028,-3.1031,0.044,0.008288,0.3004,0.8432,0.2828,0.019104,8.004,0.01496
9.038,-3.0931,0.042,0.00822,0.2928,0.8276,0.274,0.0193,7.872,0.0148
9.048,-3.0831,0.0398,0.008196,0.2848,0.8156,0.2652,0.019612,7.736,0.01472
9.058,-3.0731,0.03784,0.008208,0.2764,0.8036,0.2556,0.019988,7.596,0.0146
9.068,-3.0631,0.03604,0.008224,0.268,0.7876,0.246,0.02038,7.416,0.01456
9.078,-3.0531,0.03428,0.00824,0.2596,0.7756,0.236,0.020736,7.26,0.01448
9.088,-3.0431,0.0326,0.008256,0.2504,0.7592,0.2256,0.021008,7.076,0.01436
9.098,-3.0331,0.03096,0.008232,0.2408,0.7428,0.2152,0.021104,6.88,0.01416
9.108,-3.0231,0.02932,0.008168,0.2312,0.7216,0.2044,0.021056,6.664,0.01388
9.118,-3.0131,0.02772,0.008056,0.2208,0.7004,0.19316,0.020736,6.42,0.01352
9.128,-3.0031,0.02608,0.007908,0.21,0.6748,0.18172,0.020224,6.148,0.013
9.138,-2.9931,0.0244,0.007632,0.1988,0.6444,0.17032,0.019436,5.856,0.01244
9.148,-2.9831,0.02276,0.007312,0.1872,0.61,0.15824,0.018452,5.528,0.01172
9.158,-2.9731,0.02104,0.006908,0.1748,0.5748,0.14624,0.01724,5.18,0.01096
9.168,-2.9631,0.01932,0.00646,0.1624,0.536,0.13392,0.01592,4.812,0.010064
9.178,-2.9531,0.0176,0.005928,0.1496,0.4924,0.12216,0.01442,4.428,0.00914
9.188,-2.9431,0.01592,0.005396,0.1368,0.4504,0.11016,0.012912,4.036,0.008152
9.198,-2.9331,0.01428,0.00482,0.124,0.4064,0.09872,0.01136,3.64,0.007192
9.208,-2.9231,0.01268,0.00424,0.112,0.364,0.08744,0.009852,3.256,0.006256
9.218,-2.9131,0.0112,0.0036732,0.1,0.3228,0.07716,0.008396,2.892,0.005356
9.228,-2.9031,0.00984,0.0031384,0.089,0.2836,0.06752,0.007076,2.552,0.004516
9.238,-2.8931,0.0086,0.0026428,0.07884,0.2478,0.05884,0.005896,2.236,0.003756
9.248,-2.8831,0.00748,0.0022,0.06984,0.21584,0.0512,0.004856,1.956,0.003076
9.258,-2.8731,0.00652,0.0018136,0.06172,0.18768,0.0444,0.003932,1.708,0.002484
9.268,-2.8631,0.00572,0.0014804,0.0546,0.16376,0.0386,0.003172,1.496,0.00198
9.278,-2.8531,0.005,0.001208,0.04844,0.14324,0.03364,0.0025408,1.316,0.001556
9.288,-2.8431,0.00444,0.0009844,0.0432,0.12604,0.02948,0.0020296,1.164,0.001208
9.298,-2.8331,0.003944,0.0008052,0.03868,0.11172,0.02596,0.0016224,1.0372,0.0009268
9.308,-2.8231,0.003532,0.0006656,0.0348,0.0998,0.023,0.0013008,0.9284,0.0007064
9.318,-2.8131,0.00318,0.0005572,0.0314,0.0898,0.020436,0.00105,0.834,0.0005296
9.328,-2.8031,0.002872,0.00047188,0.02832,0.08088,0.018208,0.000856,0.7556,0.0003944
9.338,-2.7931,0.002588,0.00040416,0.02552,0.07296,0.016236,0.0007008,0.6804,0.0002916
9.348,-2.7831,0.002328,0.00034972,0.02288,0.06556,0.014436,0.00057856,0.6108,0.000214
9.358,-2.7731,0.002076,0.00030424,0.02036,0.05868,0.012756,0.00048432,0.5452,0.000156
9.368,-2.7631,0.001836,0.00026456,0.01796,0.05188,0.011152,0.00040368,0.482,0.00011332
9.378,-2.7531,0.001604,0.00022924,0.01564,0.04556,0.009672,0.00033708,0.4208,8.212e-05
9.388,-2.7431,0.00138,0.00019688,0.01344,0.039276,0.008276,0.00028036,0.362,5.92e-05
9.398,-2.7331,0.001168,0.00016696,0.0114,0.03336,0.006964,0.00023184,0.3076,4.232e-05
9.408,-2.7231,0.000976,0.00013936,0.00948,0.027896,0.005792,0.00018968,0.256,3.028e-05
9.418,-2.7131,0.000796,0.000114812,0.007764,0.022896,0.004728,0.00015324,0.2096,2.156e-05
9.428,-2.7031,0.00064,9.2852e-05,0.006224,0.018436,0.003784,0.00012202,0.1684,1.5264e-05
9.438,-2.6931,0.000504,7.3452e-05,0.004904,0.014556,0.002972,9.548e-05,0.1328,1.0752e-05
9.448,-2.6831,0.0003896,5.698e-05,0.003788,0.011256,0.002292,7.3568e-05,0.1024,7.528e-06
9.458,-2.6731,0.0002948,4.3412e-05,0.002868,0.008528,0.001732,5.5424e-05,0.0776,5.256e-06
9.468,-2.6631,0.0002184,3.2372e-05,0.002128,0.006328,0.0012808,4.1016e-05,0.05772,3.608e-06
9.478,-2.6531,0.0001584,2.3636e-05,0.001544,0.004612,0.0009316,2.9956e-05,0.04192,2.4592e-06
9.488,-2.6431,0.0001124,1.68804e-05,0.0011,0.0032848,0.0006616,2.1336e-05,0.0298,1.6576e-06
9.498,-2.6331,7.84e-05,1.1806e-05,0.000768,0.0022916,0.0004592,1.4896e-05,0.02076,1.1012e-06
9.508,-2.6231,5.32e-05,8.0844e-06,0.0005232,0.0015628,0.0003128,1.01836e-05,0.01416,7.216e-07
9.518,-2.6131,3.556e-05,5.428e-06,0.0003492,0.0010448,0.0002084,6.8264e-06,0.009444,4.6468e-07
9.528,-2.6031,2.32e-05,3.5452e-06,0.000228,0.0006804,0.00013616,4.4936e-06,0.006172,2.9588e-07
9.538,-2.5931,1.48e-05,2.2716e-06,0.000146,0.00043668,8.684e-05,2.8748e-06,0.003948,1.8472e-07
9.548,-2.5831,9.24e-06,1.4268e-06,9.156e-05,0.0002734,5.452e-05,1.80412e-06,0.002468,1.1312e-07
9.558,-2.5731,5.64e-06,8.7616e-07,5.604e-05,0.00016764,3.324e-05,1.10972e-06,0.001512,6.804e-08
9.568,-2.5631,3.384e-06,5.2552e-07,3.36e-05,0.00010048,1.992e-05,6.688e-07,0.000906,4.0276e-08
9.578,-2.5531,1.984e-06,3.0912e-07,1.972e-05,5.88e-05,1.1636e-05,3.934e-07,0.0005308,2.3336e-08
9.588,-2.5431,1.136e-06,1.77908e-07,1.132e-05,3.3792e-05,6.692e-06,2.2696e-07,0.0003048,1.3244e-08
9.598,-2.5331,6.36e-07,1.0012e-07,6.356e-06,1.9e-05,3.748e-06,1.27904e-07,0.0001708,7.396e-09
9.608,-2.5231,3.492e-07,5.4928e-08,3.496e-06,1.0444e-05,2.056e-06,7.0448e-08,9.404e-05,4.0252e-09
9.618,-2.5131,1.876e-07,2.9692e-08,1.88e-06,5.616e-06,1.1052e-06,3.81e-08,5.048e-05,2.152e-09
9.628,-2.5031,9.84e-08,1.56548e-08,9.88e-07,2.9532e-06,5.812e-07,2.01416e-08,2.652e-05,1.1272e-09
9.638,-2.4931,5.04e-08,8.0492e-09,5.096e-07,1.5184e-06,2.988e-07,1.04128e-08,1.364e-05,5.784e-10
9.648,-2.4831,2.544e-08,4.064e-09,2.568e-07,7.636e-07,1.504e-07,5.2456e-09,6.88e-06,2.8904e-10
9.658,-2.4731,1.252e-08,2.01104e-09,1.268e-07,3.7696e-07,7.388e-08,2.6056e-09,3.384e-06,1.4184e-10
9.668,-2.4631,6.04e-09,9.7072e-10,6.104e-08,1.8168e-07,3.56e-08,1.25972e-09,1.632e-06,6.808e-11
9.678,-2.4531,2.836e-09,4.5884e-10,2.88e-08,8.56e-08,1.676e-08,5.9716e-10,7.696e-07,3.208e-11
9.688,-2.4431,1.308e-09,2.11908e-10,1.332e-08,3.9584e-08,7.752e-09,2.7696e-10,3.548e-07,1.476e-11
9.698,-2.4331,5.88e-10,9.578e-11,6.012e-09,1.7904e-08,3.492e-09,1.25448e-10,1.6e-07,6.664e-12
9.708,-2.4231,2.6e-10,4.26e-11,2.656e-09,7.9e-09,1.54e-09,5.5604e-11,7.092e-08,2.9352e-12
9.718,-2.4131,1.12e-10,1.83752e-11,1.148e-09,3.4184e-09,6.676e-10,2.41816e-11,3.056e-08,1.2668e-12
9.728,-2.4031,4.72e-11,7.786e-12,4.864e-10,1.444e-09,2.812e-10,1.0262e-11,1.296e-08,5.3636e-13
9.738,-2.3931,1.956e-11,3.2272e-12,2.012e-10,5.968e-10,1.1624e-10,4.2576e-12,5.348e-09,2.2048e-13
9.748,-2.3831,7.92e-12,1.30916e-12,8.172e-11,2.4224e-10,4.708e-11,1.735e-12,2.168e-09,8.916e-14
9.758,-2.3731,3.128e-12,5.1868e-13,3.236e-11,9.608e-11,1.86e-11,6.8896e-13,8.588e-10,3.5256e-14
9.768,-2.3631,1.212e-12,2.01748e-13,1.256e-11,3.7216e-11,7.196e-12,2.68616e-13,3.324e-10,1.3656e-14
9.778,-2.3531,4.6e-13,7.6548e-14,4.76e-12,1.4088e-11,2.732e-12,1.02072e-13,1.256e-10,5.176e-15
9.788,-2.3431,1.7e-13,2.84664e-14,1.764e-12,5.224e-12,1.014e-12,3.8064e-14,4.672e-11,1.9152e-15
9.798,-2.3331,6.16e-14,1.03236e-14,6.42e-13,1.9004e-12,3.672e-13,1.38856e-14,1.696e-11,6.964e-16
9.808,-2.3231,2.184e-14,3.6792e-15,2.28e-13,6.76e-13,1.3052e-13,4.938e-15,6.02e-12,2.4676e-16
9.818,-2.3131,4.88e-15,9.49532e-16,5.632e-14,1.638e-13,3.024e-14,1.40222e-15,1.428e-12,5.6212e-17
9.828,-2.3031,0,0,0,0,0,0,0,0
9.838,-2.2931,0,0,0,0,0,0,0,0
9.848,-2.2831,0,0,0,0,0,0,0,0
9.858,-2.2731,0,0,0,0,0,0,0,0
9.868,-2.2631,0,0,0,0,0,0,0,0
9.878,-2.2531,0,0,0,0,0,0,0,0
9.888,-2.2431,0,0,0,0,0,0,0,0
9.898,-2.2331,0,0,0,0,0,0,0,0
9.908,-2.2231,0,0,0,0,0,0,0,0
9.918,-2.2131,0,0,0,0,0,0,0,0
9.928,-2.2031,0,0,0,0,0,0,0,0
9.938,-2.1931,0,0,0,0,0,0,0,0
9.948,-2.1831,0,0,0,0,0,0,0,0
9.958,-2.1731,0,0,0,0,0,0,0,0
9.968,-2.1631,0,0,0,0,0,0,0,0
9.978,-2.1531,0,0,0,0,0,0,0,0
9.988,-2.1431,0,0,0,0,0,0,0,0
9.998,-2.1331,0,0,0,0,0,0,0,0
10.008,-2.1231,0,0,0,0,0,0,0,0
10.018,-2.1131,0,0,0,0,0,0,0,0
10.028,-2.1031,0,0,0,0,0,0,0,0
10.038,-2.0931,0,0,0,0,0,0,0,0
10.048,-2.0831,0,0,0,0,0,0,0,0
10.058,-2.0731,0,0,0,0,0,0,0,0
10.068,-2.0631,0,0,0,0,0,0,0,0
10.078,-2.0531,0,0,0,0,0,0,0,0
10.088,-2.0431,0,0,0,0,0,0,0,0
10.098,-2.0331,0,0,0,0,0,0,0,0
10.108,-2.0231,0,0,0,0,0,0,0,0
10.118,-2.0131,0,0,0,0,0,0,0,0
10.128,-2.0031,0,0,0,0,0,0,0,0
10.138,-1.9931,0,0,0,0,0,0,0,0
10.148,-1.9831,0,0,0,0,0,0,0,0
10.158,-1.9731,0,0,0,0,0,0,0,0
10.168,-1.9631,0,0,0,0,0,0,0,0
10.178,-1.9531,0,0,0,0,0,0,0,0
10.188,-1.9431,0,0,0,0,0,0,0,0
10.198,-1.9331,0,0,0,0,0,0,0,0
10.208,-1.9231,0,0,0,0,0,0,0,0
10.218,-1.9131,0,0,0,0,0,0,0,0
10.228,-1.9031,0,0,0,0,0,0,0,0
10.238,-1.8931,0,0,0,0,0,0,0,0
10.248,-1.8831,0,0,0,0,0,0,0,0
10.258,-1.8731,0,0,0,0,0,0,0,0
10.268,-1.8631,0,0,0,0,0,0,0,0
10.278,-1.8531,0,0,0,0,0,0,0,0
10.288,-1.8431,0,0,0,0,0,0,0,0
10.298,-1.8331,0,0,0,0,0,0,0,0
10.308,-1.8231,0,0,0,0,0,0,0,0
10.318,-1.8131,0,0,0,0,0,0,0,0
10.328,-1.8031,0,0,0,0,0,0,0,0
10.338,-1.7931,0,0,0,0,0,0,0,0
10.348,-1.7831,0,0,0,0,0,0,0,0
10.358,-1.7731,0,0,0,0,0,0,0,0
10.368,-1.7631,0,0,0,0,0,0,0,0
10.378,-1.7531,0,0,0,0,0,0,0,0
10.388,-1.7431,0,0,0,0,0,0,0,0
10.398,-1.7331,0,0,0,0,0,0,0,0
10.408,-1.7231,0,0,0,0,0,0,0,0
10.418,-1.7131,0,0,0,0,0,0,0,0
10.428,-1.7031,0,0,0,0,0,0,0,0
10.438,-1.6931,0,0,0,0,0,0,0,0
10.448,-1.6831,0,0,0,0,0,0,0,0
10.458,-1.6731,0,0,0,0,0,0,0,0
10.468,-1.6631,0,0,0,0,0,0,0,0
10.478,-1.6531,0,0,0,0,0,0,0,0
10.488,-1.6431,0,0,0,0,0,0,0,0
10.498,-1.6331,0,0,0,0,0,0,0,0
10.508,-1.6231,0,0,0,0,0,0,0,0
10.518,-1.6131,0,0,0,0,0,0,0,0
10.528,-1.6031,0,0,0,0,0,0,0,0
10.538,-1.5931,0,0,0,0,0,0,0,0
10.548,-1.5831,0,0,0,0,0,0,0,0
10.558,-1.5731,0,0,0,0,0,0,0,0
10.568,-1.5631,0,0,0,0,0,0,0,0
10.578,-1.5531,0,0,0,0,0,0,0,0
10.588,-1.5431,0,0,0,0,0,0,0,0
10.598,-1.5331,0,0,0,0,0,0,0,0
10.608,-1.5231,0,0,0,0,0,0,0,0
10.618,-1.5131,0,0,0,0,0,0,0,0
10.628,-1.5031,0,0,0,0,0,0,0,0
10.638,-1.4931,0,0,0,0,0,0,0,0
10.648,-1.4831,0,0,0,0,0,0,0,0
10.658,-1.4731,0,0,0,0,0,0,0,0
10.668,-1.4631,0,0,0,0,0,0,0,0
10.678,-1.4531,0,0,0,0,0,0,0,0
10.688,-1.4431,0,0,0,0,0,0,0,0
10.698,-1.4331,0,0,0,0,0,0,0,0
10.708,-1.4231,0,0,0,0,0,0,0,0
10.718,-1.4131,0,0,0,0,0,0,0,0
10.728,-1.4031,0,0,0,0,0,0,0,0
10.738,-1.3931,0,0,0,0,0,0,0,0
10.748,-1.3831,0,0,0,0,0,0,0,0
10.758,-1.3731,0,0,0,0,0,0,0,0
10.768,-1.3631,0,0,0,0,0,0,0,0
10.778,-1.3531,0,0,0,0,0,0,0,0
10.788,-1.3431,0,0,0,0,0,0,0,0
10.798,-1.3331,0,0,0,0,0,0,0,0
10.808,-1.3231,0,0,0,0,0,0,0,0
10.818,-1.3131,0,0,0,0,0,0,0,0
10.828,-1.3031,0,0,0,0,0,0,0,0
10.838,-1.2931,0,0,0,0,0,0,0,0
10.848,-1.2831,0,0,0,0,0,0,0,0
10.858,-1.2731,0,0,0,0,0,0,0,0
10.868,-1.2631,0,0,0,0,0,0,0,0
10.878,-1.2531,0,0,0,0,0,0,0,0
10.888,-1.2431,0,0,0,0,0,0,0,0
10.898,-1.2331,0,0,0,0,0,0,0,0
10.908,-1.2231,0,0,0,0,0,0,0,0
10.918,-1.2131,0,0,0,0,0,0,0,0
10.928,-1.2031,0,0,0,0,0,0,0,0
10.938,-1.1931,0,0,0,0,0,0,0,0
10.948,-1.1831,0,0,0,0,0,0,0,0
10.958,-1.1731,0,0,0,0,0,0,0,0
10.968,-1.1631,0,0,0,0,0,0,0,0
10.978,-1.1531,0,0,0,0,0,0,0,0
10.988,-1.1431,0,0,0,0,0,0,0,0
10.998,-1.1331,0,0,0,0,0,0,0,0
11.008,-1.1231,0,0,0,0,0,0,0,0
11.018,-1.1131,0,0,0,0,0,0,0,0
11.028,-1.1031,0,0,0,0,0,0,0,0
11.038,-1.0931,0,0,0,0,0,0,0,0
11.048,-1.0831,0,0,0,0,0,0,0,0
11.058,-1.0731,0,0,0,0,0,0,0,0
11.068,-1.0631,0,0,0,0,0,0,0,0
11.078,-1.0531,0,0,0,0,0,0,0,0
11.088,-1.0431,0,0,0,0,0,0,0,0
11.098,-1.0331,0,0,0,0,0,0,0,0
11.108,-1.0231,0,0,0,0,0,0,0,0
11.118,-1.0131,0,0,0,0,0,0,0,0
11.128,-1.0031,0,0,0,0,0,0,0,0
11.138,-0.9931,0,0,0,0,0,0,0,0
11.148,-0.9831,0,0,0,0,0,0,0,0
11.158,-0.9731,0,0,0,0,0,0,0,0
11.168,-0.9631,0,0,0,0,0,0,0,0
11.178,-0.9531,0,0,0,0,0,0,0,0
11.188,-0.9431,0,0,0,0,0,0,0,0
11.198,-0.9331,0,0,0,0,0,0,0,0
11.208,-0.9231,0,0,0,0,0,0,0,0
11.218,-0.9131,0,0,0,0,0,0,0,0
11.228,-0.9031,0,0,0,0,0,0,0,0
11.238,-0.8931,0,0,0,0,0,0,0,0
11.248,-0.8831,0,0,0,0,0,0,0,0
11.258,-0.8731,0,0,0,0,0,0,0,0
11.268,-0.8631,0,0,0,0,0,0,0,0
11.278,-0.8531,0,0,0,0,0,0,0,0
11.288,-0.8431,0,0,0,0,0,0,0,0
11.298,-0.8331,0,0,0,0,0,0,0,0
11.308,-0.8231,0,0,0,0,0,0,0,0
11.318,-0.8131,0,0,0,0,0,0,0,0
11.328,-0.8031,0,0,0,0,0,0,0,0
11.338,-0.7931,0,0,0,0,0,0,0,0
11.348,-0.7831,0,0,0,0,0,0,0,0
11.358,-0.7731,0,0,0,0,0,0,0,0
11.368,-0.7631,0,0,0,0,0,0,0,0
11.378,-0.7531,0,0,0,0,0,0,0,0
11.388,-0.7431,0,0,0,0,0,0,0,0
11.398,-0.7331,0,0,0,0,0,0,0,0
11.408,-0.7231,0,0,0,0,0,0,0,0
11.418,-0.7131,0,0,0,0,0,0,0,0
11.428,-0.7031,0,0,0,0,0,0,0,0
11.438,-0.6931,0,0,0,0,0,0,0,0
11.448,-0.6831,0,0,0,0,0,0,0,0
11.458,-0.6731,0,0,0,0,0,0,0,0
11.468,-0.6631,0,0,0,0,0,0,0,0
11.478,-0.6531,0,0,0,0,0,0,0,0
11.488,-0.6431,0,0,0,0,0,0,0,0
11.498,-0.6331,0,0,0,0,0,0,0,0
11.508,-0.6231,8e-15,1.2952e-15,7.52e-14,3.69452e-12,4.988e-15,1.524e-15,6.068e-15,1.488e-15
11.518,-0.6131,1.54e-13,5.5936e-14,1.42e-12,6.19576e-11,7.82e-14,5.736e-14,1.612e-13,2.748e-14
11.528,-0.6031,5.76e-13,2.0976e-13,4.908e-12,2.1358e-10,2.784e-13,2.08e-13,5.944e-13,9.76e-14
11.538,-0.5931,1.708e-12,6.2456e-13,1.428e-11,6.19424e-10,8.048e-13,6.312e-13,1.776e-12,2.932e-13
11.548,-0.5831,5.16e-12,1.824e-12,4.1e-11,1.77384e-09,2.336e-12,1.8948e-12,5.384e-12,8.504e-13
11.558,-0.5731,1.408e-11,4.962e-12,1.1084e-10,4.7866e-09,6.332e-12,5.128e-12,1.48e-11,2.304e-12
11.568,-0.5631,3.76e-11,1.3188e-11,2.936e-10,1.267e-08,1.676e-11,1.3664e-11,3.952e-11,6.124e-12
11.578,-0.5531,9.76e-11,3.4144e-11,7.56e-10,3.26208e-08,4.316e-11,3.548e-11,1.028e-10,1.58e-11
11.588,-0.5431,2.48e-10,8.6388e-11,1.908e-09,8.2056e-08,1.0896e-10,8.988e-11,2.62e-10,4e-11
11.598,-0.5331,6.16e-10,2.1408e-10,4.708e-09,2.0272e-07,2.688e-10,2.238e-10,6.512e-10,9.92e-11
11.608,-0.5231,1.5e-09,5.1668e-10,1.136e-08,4.90704e-07,6.492e-10,5.432e-10,1.588e-09,2.396e-10
11.618,-0.5131,3.568e-09,1.23144e-09,2.684e-08,1.1544e-06,1.54e-09,1.2924e-09,3.784e-09,5.684e-10
11.628,-0.5031,8.32e-09,2.8552e-09,6.224e-08,2.67476e-06,3.56e-09,3.0148e-09,8.848e-09,1.32e-09
11.638,-0.4931,1.9e-08,6.4872e-09,1.408e-07,6.07336e-06,8.076e-09,6.888e-09,2.02e-08,2.996e-09
11.648,-0.4831,4.24e-08,1.446e-08,3.12e-07,1.3434e-05,1.792e-08,1.5332e-08,4.524e-08,6.668e-09
11.658,-0.4731,9.32e-08,3.152e-08,6.768e-07,2.91204e-05,3.896e-08,3.352e-08,9.96e-08,1.452e-08
11.668,-0.4631,1.996e-07,6.7328e-08,1.44e-06,6.19404e-05,8.28e-08,7.152e-08,2.132e-07,3.1e-08
11.678,-0.4531,4.2e-07,1.4044e-07,2.996e-06,0.000128708,1.728e-07,1.5024e-07,4.488e-07,6.476e-08
11.688,-0.4431,8.64e-07,2.8704e-07,6.12e-06,0.00026224,3.524e-07,3.0808e-07,9.24e-07,1.324e-07
11.698,-0.4331,1.736e-06,5.7408e-07,1.218e-05,0.000522872,7.06e-07,6.176e-07,1.864e-06,2.656e-07
11.708,-0.4231,3.428e-06,1.1274e-06,2.38e-05,0.0010216,1.38e-06,1.2164e-06,3.688e-06,5.208e-07
11.718,-0.4131,6.64e-06,2.164e-06,4.56e-05,0.00195072,2.644e-06,2.34e-06,7.152e-06,1e-06
11.728,-0.4031,1.252e-05,4.0712e-06,8.564e-05,0.00365604,4.956e-06,4.408e-06,1.352e-05,1.884e-06
11.738,-0.3931,2.324e-05,7.474e-06,0.0001572,0.00671672,9.112e-06,8.128e-06,2.516e-05,3.476e-06
11.748,-0.3831,4.24e-05,1.35e-05,0.0002824,0.012066,1.64e-05,1.4696e-05,4.588e-05,6.284e-06
11.758,-0.3731,7.52e-05,2.3864e-05,0.0004976,0.021196,2.892e-05,2.6008e-05,8.188e-05,1.114e-05
11.768,-0.3631,0.0001312,4.1284e-05,0.0008604,0.0365596,4.996e-05,4.508e-05,0.0001428,1.932e-05
11.778,-0.3531,0.0002244,6.9772e-05,0.0014548,0.0619368,8.472e-05,7.66e-05,0.0002452,3.28e-05
11.788,-0.3431,0.0003756,0.000116004,0.002408,0.102156,0.0001404,0.0001272,0.0004124,5.464e-05
11.798,-0.3331,0.000616,0.00018864,0.003912,0.165704,0.000228,0.00020692,0.000678,8.92e-05
11.808,-0.3231,0.000992,0.00030052,0.006244,0.263432,0.0003636,0.00033,0.001096,0.0001432
11.818,-0.3131,0.001564,0.00047056,0.009704,0.410228,0.0005674,0.0005152,0.001732,0.000224
11.828,-0.3031,0.00242,0.00071824,0.01486,0.627392,0.0008676,0.0007884,0.002692,0.0003448
11.838,-0.2931,0.003668,0.00107336,0.02228,0.93708,0.001304,0.0011848,0.004104,0.0005204
11.848,-0.2831,0.00544,0.0015772,0.03268,1.37544,0.001916,0.0017408,0.006128,0.000772
11.858,-0.2731,0.00796,0.0022708,0.04716,1.97864,0.002764,0.0025064,0.008976,0.001116
11.868,-0.2631,0.01136,0.0032,0.0668,2.795,0.003908,0.003532,0.01292,0.001592
11.878,-0.2531,0.01592,0.0044188,0.09232,3.86872,0.005428,0.00488,0.01824,0.002224
11.888,-0.2431,0.02192,0.0059884,0.12556,5.26804,0.007372,0.006616,0.02528,0.003052
11.898,-0.2331,0.02956,0.0079716,0.1676,6.99728,0.00986,0.008812,0.03436,0.004112
11.908,-0.2231,0.03916,0.01041,0.2196,9.1688,0.01296,0.011508,0.04588,0.005436
11.918,-0.2131,0.0508,0.013304,0.2824,11.7824,0.01668,0.014716,0.06024,0.00706
11.928,-0.2031,0.0648,0.016656,0.3564,14.878,0.02108,0.018476,0.07752,0.008996
11.938,-0.1931,0.0812,0.020504,0.4416,18.4564,0.02616,0.022752,0.09852,0.01132
11.948,-0.1831,0.1,0.024772,0.5392,22.5168,0.03196,0.027536,0.1228,0.01396
11.958,-0.1731,0.1208,0.029412,0.6432,26.9792,0.03836,0.03272,0.1508,0.01692
11.968,-0.1631,0.1436,0.034264,0.7568,31.8432,0.04524,0.03812,0.1824,0.02024
11.978,-0.1531,0.168,0.039204,0.8752,36.948,0.05252,0.04372,0.2164,0.0238
11.988,-0.1431,0.1928,0.043908,0.9976,42.2132,0.06,0.04928,0.2536,0.02756
11.998,-0.1331,0.2176,0.048892,1.116,47.438,0.06752,0.05484,0.2928,0.03148
12.008,-0.1231,0.242,0.053072,1.2332,53.0616,0.07476,0.0596,0.3336,0.03552
12.018,-0.1131,0.2652,0.056836,1.3404,57.884,0.08188,0.06428,0.3748,0.03948
12.028,-0.1031,0.286,0.059788,1.4332,62.704,0.0882,0.06812,0.4164,0.0434
12.038,-0.0931,0.3044,0.062316,1.5156,67.1216,0.094,0.07104,0.4568,0.04712
12.048,-0.0831,0.3196,0.064024,1.5828,71.136,0.0992,0.07348,0.496,0.0506
12.058,-0.0731,0.3312,0.064904,1.6308,74.748,0.1036,0.0746,0.534,0.05384
12.068,-0.0631,0.3392,0.06496,1.664,77.9568,0.1068,0.0752,0.5696,0.0568
12.078,-0.0531,0.3436,0.064592,1.6824,80.7628,0.1096,0.07532,0.6032,0.0594
12.088,-0.0431,0.3448,0.0634,1.6824,82.7668,0.1112,0.07448,0.6356,0.06176
12.098,-0.0331,0.3432,0.061784,1.6728,84.7692,0.1124,0.07276,0.6664,0.0638
12.108,-0.0231,0.3388,0.059752,1.654,86.77,0.1136,0.071,0.6976,0.06564
12.118,-0.0131,0.3324,0.057708,1.6264,87.9696,0.1136,0.06872,0.726,0.06728
12.128,-0.0031,0.3248,0.055248,1.5948,89.5692,0.114,0.0664,0.7564,0.06872
12.138,0.0069,0.316,0.053184,1.5592,90.7688,0.114,0.06404,0.7892,0.07044
12.148,0.0169,0.3064,0.050716,1.5244,92.3688,0.114,0.06168,0.8288,0.07184
12.158,0.0269,0.2968,0.048644,1.4944,93.5692,0.114,0.05928,0.8684,0.07372
12.168,0.0369,0.2872,0.046172,1.464,95.1704,0.1144,0.05728,0.916,0.07536
12.178,0.0469,0.2776,0.044504,1.436,96.7724,0.1152,0.05572,0.968,0.07752
12.188,0.0569,0.2684,0.04244,1.42,97.9756,0.11604,0.05416,1.028,0.07984
12.198,0.0669,0.2596,0.04054,1.4,99.5792,0.11752,0.05304,1.092,0.08276
12.208,0.0769,0.2508,0.038804,1.384,101.184,0.11884,0.05236,1.168,0.0854
12.218,0.0869,0.2428,0.037196,1.372,102.389,0.1208,0.05208,1.252,0.0884
12.228,0.0969,0.2348,0.035672,1.364,103.594,0.12296,0.05188,1.344,0.0924
12.238,0.1069,0.2268,0.034236,1.356,104.799,0.12568,0.05208,1.444,0.0956
12.248,0.1169,0.2196,0.032884,1.348,105.604,0.12816,0.05276,1.556,0.0988
12.258,0.1269,0.2124,0.03166,1.34,106.008,0.13116,0.05384,1.672,0.1028
12.268,0.1369,0.2052,0.030524,1.336,106.412,0.13428,0.055,1.796,0.106
12.278,0.1469,0.1988,0.029468,1.328,106.416,0.13708,0.05656,1.924,0.1092
12.288,0.1569,0.192,0.0285,1.32,106.42,0.1404,0.05816,2.06,0.112
12.298,0.1669,0.186,0.027616,1.308,105.62,0.14332,0.0598,2.208,0.1144
12.308,0.1769,0.18,0.026856,1.296,104.824,0.14632,0.06188,2.352,0.1168
12.318,0.1869,0.1744,0.02618,1.284,103.624,0.1488,0.06392,2.5,0.1184
12.328,0.1969,0.1696,0.025628,1.264,102.424,0.1516,0.06604,2.652,0.1196
12.338,0.2069,0.1644,0.025116,1.248,100.82,0.154,0.06812,2.808,0.1208
12.348,0.2169,0.16,0.024724,1.232,99.22,0.1564,0.0698,2.964,0.1216
12.358,0.2269,0.156,0.024416,1.212,97.216,0.1588,0.07152,3.124,0.1224
12.368,0.2369,0.1524,0.024228,1.196,95.216,0.1608,0.0732,3.284,0.1232
12.378,0.2469,0.1488,0.024084,1.176,93.216,0.1624,0.07448,3.444,0.1236
12.388,0.2569,0.146,0.02406,1.1596,90.816,0.1648,0.07536,3.608,0.1248
12.398,0.2669,0.1432,0.024116,1.1436,88.816,0.1664,0.0762,3.764,0.126
12.408,0.2769,0.1404,0.024252,1.1324,86.816,0.1684,0.07664,3.92,0.1272
12.418,0.2869,0.138,0.024428,1.1176,84.816,0.1704,0.07668,4.068,0.128
12.428,0.2969,0.1356,0.02468,1.1028,82.82,0.172,0.07628,4.204,0.1296
12.438,0.3069,0.1332,0.024928,1.0884,80.42,0.1736,0.07584,4.324,0.1308
12.448,0.3169,0.1304,0.025172,1.074,78.424,0.174,0.0746,4.428,0.1324
12.458,0.3269,0.1276,0.025368,1.0588,76.024,0.1744,0.07332,4.512,0.1332
12.468,0.3369,0.1244,0.025512,1.0432,73.624,0.174,0.07164,4.564,0.1336
12.478,0.3469,0.1212,0.025528,1.0228,71.22,0.1724,0.06948,4.588,0.1332
12.488,0.3569,0.1172,0.025452,0.9968,68.416,0.17,0.06688,4.576,0.132
12.498,0.3669,0.1128,0.025168,0.9656,65.612,0.1672,0.06384,4.532,0.1304
12.508,0.3769,0.108,0.024748,0.9332,62.404,0.1628,0.0608,4.456,0.128
12.518,0.3869,0.1028,0.02416,0.8952,58.7936,0.1568,0.05728,4.34,0.1244
12.528,0.3969,0.0968,0.02336,0.856,55.1808,0.1504,0.05332,4.192,0.1196
12.538,0.4069,0.0908,0.022392,0.8072,51.5656,0.1428,0.04936,4.02,0.1148
12.548,0.4169,0.0844,0.02126,0.758,47.948,0.1344,0.04536,3.812,0.108
12.558,0.4269,0.078,0.01996,0.708,43.9284,0.1256,0.04128,3.584,0.1016
12.568,0.4369,0.0712,0.018576,0.6536,40.0272,0.1164,0.03718,3.34,0.09412
12.578,0.4469,0.0644,0.017072,0.5952,36.1644,0.10604,0.033128,3.076,0.0864
12.588,0.4569,0.0576,0.015524,0.54,32.3408,0.09604,0.029204,2.804,0.07812
12.598,0.4669,0.0512,0.0139,0.4836,28.6364,0.08596,0.02546,2.528,0.07008
12.608,0.4769,0.0448,0.01232,0.428,25.0916,0.07624,0.021936,2.252,0.06198
12.618,0.4869,0.03888,0.010784,0.3744,21.7068,0.06648,0.01864,1.98,0.05416
12.628,0.4969,0.03328,0.009296,0.3236,18.6028,0.05748,0.015696,1.72,0.04664
12.638,0.5069,0.02812,0.007892,0.2756,15.7,0.04892,0.012988,1.468,0.03968
12.648,0.5169,0.02344,0.0066148,0.2312,13.0788,0.04104,0.010632,1.24,0.0332
12.658,0.5269,0.01928,0.0054272,0.1916,10.7388,0.03392,0.008584,1.028,0.02732
12.668,0.5369,0.0156,0.004408,0.156,8.6812,0.02756,0.006812,0.84,0.0222
12.678,0.5469,0.0124,0.0035008,0.12516,6.9056,0.02204,0.005308,0.674,0.01768
12.688,0.5569,0.00972,0.0027416,0.09856,5.412,0.01736,0.0040968,0.532,0.013876
12.698,0.5669,0.00748,0.002106,0.07632,4.1604,0.0134,0.0031012,0.4124,0.010724
12.708,0.5769,0.00568,0.0015928,0.05796,3.15484,0.01016,0.0023096,0.3144,0.008116
12.718,0.5869,0.0042,0.0011816,0.04332,2.34712,0.007568,0.0016868,0.2348,0.006024
12.728,0.5969,0.003076,0.0008596,0.03168,1.71304,0.005544,0.001214,0.172,0.0044
12.738,0.6069,0.002204,0.00061408,0.0228,1.22428,0.003984,0.0008564,0.124,0.003152
12.748,0.6169,0.001548,0.00042784,0.01608,0.86068,0.002804,0.0005916,0.08752,0.002216
12.758,0.6269,0.001068,0.00029436,0.011112,0.59404,0.001932,0.00040308,0.06044,0.0015284
12.768,0.6369,0.00072,0.0001982,0.007528,0.40132,0.001308,0.00026848,0.041,0.0010324
12.778,0.6469,0.00048,0.00013084,0.005004,0.265936,0.0008672,0.00017576,0.02724,0.0006828
12.788,0.6569,0.0003104,8.468e-05,0.00326,0.172588,0.0005644,0.00011264,0.01772,0.0004436
12.798,0.6669,0.0001976,5.3368e-05,0.00208,0.109944,0.0003592,7.072e-05,0.01132,0.0002824
12.808,0.6769,0.0001232,3.324e-05,0.0013008,0.068316,0.000224,4.368e-05,0.007072,0.00017616
12.818,0.6869,7.52e-05,2.02e-05,0.0007948,0.04164,0.0001372,2.64e-05,0.004328,0.00010772
12.828,0.6969,4.52e-05,1.2024e-05,0.0004768,0.025024,8.22e-05,1.562e-05,0.002596,6.432e-05
12.838,0.7069,2.64e-05,7.028e-06,0.00028,0.0146752,4.812e-05,9.072e-06,0.001524,3.776e-05
12.848,0.7169,1.512e-05,4.0096e-06,0.0001612,0.0084096,2.76e-05,5.14e-06,0.0008744,2.172e-05
12.858,0.7269,8.52e-06,2.244e-06,9.072e-05,0.0047304,1.552e-05,2.8668e-06,0.0004928,1.2184e-05
12.868,0.7369,4.68e-06,1.228e-06,4.996e-05,0.00260392,8.532e-06,1.5648e-06,0.0002716,6.724e-06
12.878,0.7469,2.524e-06,6.6036e-07,2.696e-05,0.00140308,4.604e-06,8.34e-07,0.0001464,3.62e-06
12.888,0.7569,1.332e-06,3.4628e-07,1.426e-05,0.00074,2.428e-06,4.372e-07,7.728e-05,1.912e-06
12.898,0.7669,6.88e-07,1.782e-07,7.376e-06,0.00038252,1.256e-06,2.2376e-07,4.004e-05,9.872e-07
12.908,0.7769,3.476e-07,8.972e-08,3.732e-06,0.0001937,6.34e-07,1.1236e-07,2.028e-05,5e-07
12.918,0.7869,1.72e-07,4.4024e-08,1.852e-06,9.5844e-05,3.14e-07,5.512e-08,1.004e-05,2.476e-07
12.928,0.7969,8.32e-08,2.1328e-08,8.988e-07,4.6508e-05,1.52e-07,2.654e-08,4.876e-06,1.204e-07
12.938,0.8069,3.948e-08,1.0072e-08,4.264e-07,2.20412e-05,7.192e-08,1.25e-08,2.316e-06,5.716e-08
12.948,0.8169,1.832e-08,4.6544e-09,1.984e-07,1.02324e-05,3.348e-08,5.744e-09,1.076e-06,2.652e-08
12.958,0.8269,8.32e-09,2.1068e-09,9.012e-08,4.6512e-06,1.52e-08,2.6e-09,4.892e-07,1.2088e-08
12.968,0.8369,3.7e-09,9.308e-10,4.016e-08,2.0668e-06,6.76e-09,1.1492e-09,2.176e-07,5.356e-09
12.978,0.8469,1.612e-09,4.044e-10,1.752e-08,9.0196e-07,2.94e-09,4.948e-10,9.48e-08,2.344e-09
12.988,0.8569,6.84e-10,1.7132e-10,7.468e-09,3.8384e-07,1.252e-09,2.104e-10,4.04e-08,9.988e-10
12.998,0.8669,2.856e-10,7.1064e-11,3.116e-09,1.60176e-07,5.22e-10,8.7e-11,1.684e-08,4.172e-10
13.008,0.8769,1.164e-10,2.8928e-11,1.2708e-09,6.5128e-08,2.132e-10,3.534e-11,6.888e-09,1.7044e-10
13.018,0.8869,4.64e-11,1.15e-11,5.088e-10,2.60908e-08,8.512e-11,1.4016e-11,2.752e-09,6.824e-11
13.028,0.8969,1.816e-11,4.4812e-12,1.988e-10,1.0194e-08,3.32e-11,5.448e-12,1.076e-09,2.664e-11
13.038,0.9069,6.92e-12,1.7036e-12,7.608e-11,3.8956e-09,1.268e-11,2.0682e-12,4.112e-10,1.0212e-11
13.048,0.9169,2.588e-12,6.3e-13,2.844e-11,1.45232e-09,4.724e-12,7.644e-13,1.536e-10,3.804e-12
13.058,0.9269,9.24e-13,2.202e-13,1.0212e-11,5.1788e-10,1.688e-12,2.6404e-13,5.512e-11,1.3584e-12
13.068,0.9369,3.212e-13,7.608e-14,3.528e-12,1.80056e-10,5.872e-13,9.016e-14,1.916e-11,4.74e-13
13.078,0.9469,9.48e-14,2.21e-14,1.0584e-12,5.3436e-11,1.72e-13,2.6044e-14,5.644e-12,1.4888e-13
13.088,0.9569,1.388e-14,1.8244e-15,1.872e-13,8.538e-12,2.492e-14,2.2264e-15,9.232e-13,2.2592e-14
13.098,0.9669,0,0,0,0,0,0,0,0
13.108,0.9769,0,0,0,0,0,0,0,0
13.118,0.9869,0,0,0,0,0,0,0,0
13.128,0.9969,1.76e-13,3.9824e-14,2.62584e-12,2.72e-13,3.356e-14,8.488e-15,6.5e-13,6.424e-15
13.138,1.0069,5e-13,1.1332e-13,7.4848e-12,7.74e-13,9.528e-14,2.408e-14,1.848e-12,1.828e-14
13.148,1.0169,1.392e-12,3.1492e-13,2.0796e-11,2.152e-12,2.652e-13,6.704e-14,5.14e-12,5.08e-14
13.158,1.0269,3.788e-12,8.5808e-13,5.6644e-11,5.856e-12,7.236e-13,1.824e-13,1.396e-11,1.38e-13
13.168,1.0369,1.008e-11,2.2828e-12,1.50512e-10,1.556e-11,1.924e-12,4.852e-13,3.72e-11,3.68e-13
13.178,1.0469,2.624e-11,5.956e-12,3.9204e-10,4.06e-11,5.008e-12,1.2652e-12,9.68e-11,9.6e-13
13.188,1.0569,6.68e-11,1.512e-11,9.9932e-10,1.032e-10,1.272e-11,3.22e-12,2.468e-10,2.44e-12
13.198,1.0669,1.664e-10,3.766e-11,2.48824e-09,2.576e-10,3.176e-11,8.008e-12,6.148e-10,6.08e-12
13.208,1.0769,4.04e-10,9.1652e-11,6.0688e-09,6.276e-10,7.72e-11,1.952e-11,1.496e-09,1.484e-11
13.218,1.0869,9.68e-10,2.1872e-10,1.4444e-08,1.496e-09,1.844e-10,4.656e-11,3.572e-09,3.532e-11
13.228,1.0969,2.256e-09,5.1228e-10,3.37028e-08,3.488e-09,4.3e-10,1.0868e-10,8.328e-09,8.24e-11
13.238,1.1069,5.16e-09,1.1624e-09,7.6872e-08,7.96e-09,9.812e-10,2.476e-10,1.9e-08,1.88e-10
13.248,1.1169,1.148e-08,2.5992e-09,1.71548e-07,1.776e-08,2.192e-09,5.52e-10,4.24e-08,4.192e-10
13.258,1.1269,2.504e-08,5.6652e-09,3.7424e-07,3.872e-08,4.78e-09,1.2064e-09,9.24e-08,9.12e-10
13.268,1.1369,5.36e-08,1.212e-08,7.9708e-07,8.268e-08,1.0216e-08,2.576e-09,1.976e-07,1.952e-09
13.278,1.1469,1.116e-07,2.5284e-08,1.66696e-06,1.728e-07,2.132e-08,5.376e-09,4.124e-07,4.08e-09
13.288,1.1569,2.28e-07,5.1652e-08,3.40672e-06,3.528e-07,4.352e-08,1.098e-08,8.408e-07,8.36e-09
13.298,1.1669,4.56e-07,1.0332e-07,6.7972e-06,7.052e-07,8.704e-08,2.196e-08,1.684e-06,1.664e-08
13.308,1.1769,8.92e-07,2.016e-07,1.33112e-05,1.376e-06,1.7e-07,4.288e-08,3.288e-06,3.256e-08
13.318,1.1869,1.704e-06,3.8572e-07,2.54492e-05,2.636e-06,3.248e-07,8.216e-08,6.296e-06,6.22e-08
13.328,1.1969,3.188e-06,7.2068e-07,4.774e-05,4.928e-06,6.076e-07,1.536e-07,1.176e-05,1.164e-07
13.338,1.2069,5.84e-06,1.3204e-06,8.6988e-05,9e-06,1.1108e-06,2.808e-07,2.152e-05,2.128e-07
13.348,1.2169,1.044e-05,2.362e-06,0.000155772,1.616e-05,1.992e-06,5.024e-07,3.852e-05,3.808e-07
13.358,1.2269,1.828e-05,4.1364e-06,0.0002731,2.824e-05,3.488e-06,8.812e-07,6.748e-05,6.672e-07
13.368,1.2369,3.128e-05,7.0816e-06,0.00046932,4.84e-05,5.964e-06,1.5084e-06,0.0001156,1.14e-06
13.378,1.2469,5.24e-05,1.1872e-05,0.00078488,8.112e-05,9.992e-06,2.524e-06,0.0001936,1.912e-06
13.388,1.2569,8.6e-05,1.9452e-05,0.00128256,0.0001328,1.636e-05,4.136e-06,0.0003176,3.136e-06
13.398,1.2669,0.0001376,3.116e-05,0.00205536,0.0002128,2.628e-05,6.648e-06,0.0005088,5.028e-06
13.408,1.2769,0.000216,4.8744e-05,0.00322464,0.0003336,4.12e-05,1.0392e-05,0.0007972,7.884e-06
13.418,1.2869,0.0003312,7.498e-05,0.0049364,0.0005124,6.312e-05,1.596e-05,0.00122,1.208e-05
13.428,1.2969,0.000496,0.00011248,0.0074044,0.0007676,9.468e-05,2.396e-05,0.001836,1.816e-05
13.438,1.3069,0.000728,0.00016496,0.010884,0.001128,0.0001392,3.516e-05,0.002696,2.664e-05
13.448,1.3169,0.001048,0.00023704,0.015658,0.00162,0.0002,5.052e-05,0.003868,3.828e-05
13.458,1.3269,0.001472,0.00033284,0.02197,0.002276,0.0002804,7.092e-05,0.005432,5.38e-05
13.468,1.3369,0.002024,0.0004582,0.0301836,0.003128,0.0003856,9.788e-05,0.007476,7.396e-05
13.478,1.3469,0.00272,0.00061648,0.04046,0.004204,0.0005184,0.00013148,0.01004,9.96e-05
13.488,1.3569,0.003576,0.00080816,0.053408,0.005532,0.0006836,0.0001732,0.0132,0.0001308
13.498,1.3669,0.0046,0.0010416,0.068784,0.007124,0.0008776,0.0002236,0.017,0.0001688
13.508,1.3769,0.0058,0.001312,0.086588,0.009,0.001106,0.0002824,0.0214,0.0002132
13.518,1.3869,0.00716,0.0016164,0.10682,0.01108,0.001364,0.0003496,0.0264,0.000264
13.528,1.3969,0.00864,0.0019496,0.129076,0.0134,0.001652,0.0004244,0.03192,0.0003196
13.538,1.4069,0.0102,0.0023076,0.152548,0.01584,0.001952,0.000506,0.03772,0.00038
13.548,1.4169,0.01184,0.00267,0.176832,0.01836,0.002264,0.0005908,0.04368,0.000444
13.558,1.4269,0.01348,0.0030324,0.200716,0.02088,0.002572,0.0006784,0.0496,0.0005092
13.568,1.4369,0.015,0.003378,0.223796,0.02332,0.002876,0.0007704,0.05528,0.000576
13.578,1.4469,0.01648,0.003698,0.245268,0.0256,0.003156,0.0008584,0.06052,0.0006436
13.588,1.4569,0.01776,0.0039808,0.26432,0.02768,0.003416,0.0009508,0.0652,0.000712
13.598,1.4669,0.01892,0.0042456,0.280964,0.02956,0.003652,0.001044,0.06928,0.000782
13.608,1.4769,0.01992,0.0044524,0.295596,0.03124,0.003864,0.0011376,0.07256,0.0008608
13.618,1.4869,0.02084,0.004618,0.308232,0.03276,0.004072,0.0012372,0.07576,0.0009484
13.628,1.4969,0.02176,0.004822,0.32008,0.03428,0.004284,0.0013472,0.07856,0.0010512
13.638,1.5069,0.02276,0.0050256,0.3328,0.036,0.004528,0.0014692,0.08112,0.001178
13.648,1.5169,0.02392,0.00527,0.34796,0.03796,0.00482,0.001612,0.08444,0.001336
13.658,1.5269,0.02544,0.0055952,0.3668,0.04044,0.0052,0.00178,0.0888,0.001536
13.668,1.5369,0.02744,0.0060432,0.3918,0.04364,0.005688,0.001968,0.094,0.00178
13.678,1.5469,0.03,0.0065744,0.42252,0.04768,0.0063,0.002188,0.1012,0.00208
13.688,1.5569,0.03324,0.0073096,0.4634,0.05272,0.007084,0.002436,0.11,0.002448
13.698,1.5669,0.03724,0.00821,0.51652,0.05888,0.008044,0.002708,0.1216,0.002888
13.708,1.5769,0.042,0.0092756,0.5778,0.0662,0.009188,0.003008,0.1348,0.003412
13.718,1.5869,0.048,0.0105068,0.65128,0.07488,0.010516,0.003328,0.1508,0.004024
13.728,1.5969,0.0544,0.0119436,0.73304,0.08436,0.01208,0.003668,0.1692,0.004736
13.738,1.6069,0.062,0.013546,0.82696,0.09544,0.0138,0.004028,0.1896,0.005552
13.748,1.6169,0.0704,0.015312,0.93312,0.10728,0.01572,0.004408,0.2128,0.0065
13.758,1.6269,0.0796,0.017244,1.04744,0.1204,0.0178,0.004804,0.2376,0.007552
13.768,1.6369,0.09,0.01926,1.16996,0.134,0.02008,0.005224,0.2636,0.008756
13.778,1.6469,0.1008,0.021356,1.3006,0.1484,0.02252,0.005652,0.292,0.010108
13.788,1.6569,0.112,0.023532,1.43532,0.1632,0.02504,0.006076,0.3204,0.011568
13.798,1.6669,0.1236,0.025748,1.57012,0.178,0.0276,0.00654,0.3496,0.013184
13.808,1.6769,0.136,0.027924,1.70892,0.1932,0.03024,0.007008,0.3792,0.014908
13.818,1.6869,0.148,0.030096,1.84768,0.2084,0.0328,0.007472,0.4076,0.016704
13.828,1.6969,0.16,0.03218,1.97832,0.2228,0.03532,0.00798,0.4352,0.018564
13.838,1.7069,0.172,0.034144,2.1088,0.2368,0.03764,0.008452,0.4612,0.02048
13.848,1.7169,0.1832,0.035984,2.2272,0.2504,0.0398,0.008924,0.4848,0.0224
13.858,1.7269,0.1936,0.037616,2.3372,0.2628,0.04168,0.00936,0.506,0.02428
13.868,1.7369,0.2032,0.039004,2.4348,0.2744,0.04324,0.0098,0.524,0.02608
13.878,1.7469,0.212,0.040148,2.5244,0.2848,0.04452,0.010244,0.5392,0.02776
13.888,1.7569,0.2196,0.041008,2.5976,0.294,0.04548,0.010608,0.5508,0.02928
13.898,1.7669,0.226,0.041464,2.6588,0.3024,0.04612,0.01098,0.5592,0.0306
13.908,1.7769,0.2312,0.041876,2.7076,0.3092,0.04648,0.011316,0.5644,0.0318
13.918,1.7869,0.2352,0.041888,2.7444,0.314,0.04656,0.011608,0.5672,0.03272
13.928,1.7969,0.238,0.041896,2.7648,0.318,0.0464,0.01182,0.5668,0.0334
13.938,1.8069,0.2396,0.0415,2.7732,0.32,0.04604,0.011988,0.564,0.03384
13.948,1.8169,0.2404,0.040824,2.7732,0.3208,0.04552,0.012108,0.5588,0.03408
13.958,1.8269,0.2396,0.040144,2.7616,0.3196,0.04488,0.012092,0.552,0.034
13.968,1.8369,0.2384,0.039384,2.7376,0.3172,0.04416,0.012028,0.5432,0.03376
13.978,1.8469,0.236,0.038624,2.7056,0.3132,0.0434,0.011868,0.5332,0.03332
13.988,1.8569,0.2332,0.037904,2.6656,0.3076,0.0426,0.011612,0.522,0.03276
13.998,1.8669,0.2304,0.037188,2.6256,0.3016,0.0418,0.011348,0.5104,0.03208
14.008,1.8769,0.2272,0.036552,2.5816,0.2952,0.041,0.01104,0.4992,0.03136
14.018,1.8869,0.2244,0.036004,2.5416,0.2884,0.04032,0.010688,0.4884,0.03064
14.028,1.8969,0.222,0.03558,2.5056,0.2824,0.0396,0.01042,0.4792,0.03004
14.038,1.9069,0.2208,0.0352,2.4776,0.2772,0.03904,0.010168,0.4712,0.02956
14.048,1.9169,0.22,0.034912,2.4576,0.2736,0.03852,0.009968,0.4652,0.02928
14.058,1.9269,0.2204,0.034708,2.454,0.2708,0.03812,0.009908,0.462,0.02916
14.068,1.9369,0.222,0.034596,2.4584,0.27,0.0378,0.009952,0.4604,0.02928
14.078,1.9469,0.2248,0.034568,2.4748,0.2704,0.03764,0.010092,0.4616,0.02968
14.088,1.9569,0.2288,0.034588,2.5032,0.2724,0.03756,0.010332,0.4644,0.03032
14.098,1.9669,0.234,0.034772,2.5436,0.2764,0.0376,0.010708,0.4692,0.03116
14.108,1.9769,0.24,0.03508,2.588,0.2816,0.0378,0.011128,0.4756,0.03232
14.118,1.9869,0.2472,0.035552,2.6448,0.288,0.03816,0.011676,0.4828,0.03364
14.128,1.9969,0.2552,0.036228,2.7052,0.2952,0.03868,0.012256,0.4912,0.03516
14.138,2.0069,0.2644,0.037144,2.774,0.3036,0.03936,0.012872,0.5004,0.03684
14.148,2.0169,0.274,0.038304,2.8428,0.3128,0.04024,0.01356,0.5096,0.03864
14.158,2.0269,0.284,0.039696,2.9156,0.3216,0.04124,0.01424,0.5196,0.0406
14.168,2.0369,0.2944,0.041332,2.9884,0.3316,0.04244,0.01488,0.5296,0.04268
14.178,2.0469,0.3048,0.04324,3.0616,0.3412,0.0438,0.01556,0.5392,0.0448
14.188,2.0569,0.3148,0.045304,3.1264,0.3512,0.04528,0.01624,0.5488,0.04692
14.198,2.0669,0.3244,0.04736,3.1912,0.3604,0.04688,0.01692,0.5584,0.04904
14.208,2.0769,0.3332,0.049412,3.248,0.3692,0.04852,0.01764,0.568,0.0512
14.218,2.0869,0.3408,0.051456,3.3008,0.3776,0.05024,0.01844,0.5776,0.05324
14.228,2.0969,0.3472,0.053496,3.3412,0.386,0.052,0.01936,0.5868,0.05528
14.238,2.1069,0.3524,0.055528,3.378,0.3932,0.05372,0.02036,0.5964,0.05744
14.248,2.1169,0.3568,0.05716,3.4104,0.4,0.05556,0.0216,0.6068,0.05936
14.258,2.1269,0.3604,0.059192,3.4388,0.4064,0.0574,0.02304,0.6176,0.06128
14.268,2.1369,0.364,0.061228,3.4668,0.4128,0.0594,0.02476,0.6292,0.06368
14.278,2.1469,0.3676,0.063272,3.4996,0.42,0.0614,0.02684,0.642,0.0662
14.288,2.1569,0.3716,0.065324,3.54,0.4272,0.06356,0.02924,0.6564,0.06884
14.298,2.1669,0.3772,0.067784,3.5848,0.4356,0.06584,0.03204,0.672,0.07164
14.308,2.1769,0.3844,0.07066,3.642,0.444,0.06804,0.03512,0.6892,0.07508
14.318,2.1869,0.3928,0.073544,3.7116,0.4536,0.07084,0.0384,0.7076,0.07872
14.328,2.1969,0.404,0.07684,3.7892,0.4632,0.07332,0.04192,0.7264,0.08252
14.338,2.2069,0.416,0.080144,3.8752,0.4736,0.07588,0.04548,0.7452,0.08652
14.348,2.2169,0.428,0.083048,3.9652,0.4836,0.07852,0.04908,0.7628,0.09056
14.358,2.2269,0.44,0.086352,4.0512,0.4924,0.08072,0.05216,0.7792,0.0946
14.368,2.2369,0.452,0.088848,4.1216,0.5004,0.08252,0.0548,0.792,0.09812
14.378,2.2469,0.464,0.090532,4.2036,0.5056,0.08384,0.057,0.8016,0.10108
14.388,2.2569,0.476,0.091796,4.2448,0.508,0.08504,0.05872,0.8044,0.10336
14.398,2.2669,0.48,0.092236,4.246,0.5076,0.08524,0.05956,0.8048,0.10488
14.408,2.2769,0.484,0.091456,4.2468,0.5028,0.08488,0.05956,0.798,0.10524
14.418,2.2869,0.484,0.090252,4.1664,0.4944,0.08348,0.05904,0.7844,0.1048
14.428,2.2969,0.48,0.087424,4.086,0.4816,0.08184,0.05808,0.7688,0.10356
14.438,2.3069,0.472,0.084576,3.9844,0.4656,0.0792,0.05628,0.7428,0.10116
14.448,2.3169,0.46,0.080512,3.8428,0.446,0.076,0.05444,0.7112,0.09808
14.458,2.3269,0.448,0.076432,3.6764,0.4236,0.0726,0.05216,0.6788,0.09476
14.468,2.3369,0.432,0.071944,3.4932,0.4,0.06868,0.04944,0.6424,0.09048
14.478,2.3469,0.412,0.067048,3.294,0.3744,0.06468,0.04716,0.6044,0.08608
14.488,2.3569,0.3932,0.062548,3.0908,0.3488,0.06052,0.04488,0.5652,0.0816
14.498,2.3669,0.3728,0.058044,2.8872,0.3228,0.05636,0.04264,0.5272,0.07676
14.508,2.3769,0.352,0.053932,2.6876,0.2976,0.05236,0.04048,0.4908,0.07232
14.518,2.3869,0.3312,0.04982,2.496,0.274,0.04848,0.03848,0.4568,0.06756
14.528,2.3969,0.3108,0.046104,2.3164,0.2512,0.04484,0.0366,0.4252,0.06328
14.538,2.4069,0.2908,0.042784,2.1488,0.2308,0.04148,0.03488,0.3972,0.05904
14.548,2.4169,0.2712,0.0395,1.9892,0.212,0.0384,0.03332,0.3724,0.05484
14.558,2.4269,0.2528,0.036732,1.8496,0.1944,0.03564,0.03188,0.3512,0.05116
14.568,2.4369,0.2352,0.034248,1.7224,0.1796,0.03316,0.03068,0.334,0.04784
14.578,2.4469,0.2192,0.032164,1.60756,0.166,0.031,0.0298,0.3196,0.04504
14.588,2.4569,0.2048,0.030484,1.50872,0.1544,0.0292,0.02928,0.3088,0.04288
14.598,2.4669,0.1924,0.02926,1.42216,0.1444,0.02776,0.02924,0.3008,0.04136
14.608,2.4769,0.182,0.028572,1.35188,0.1364,0.0266,0.02972,0.296,0.04064
14.618,2.4869,0.174,0.028424,1.29784,0.13,0.02584,0.03084,0.2932,0.04068
14.628,2.4969,0.1684,0.028944,1.25616,0.1252,0.02532,0.03264,0.2932,0.0416
14.638,2.5069,0.1652,0.030132,1.22672,0.122,0.0252,0.03512,0.2956,0.04332
14.648,2.5169,0.1644,0.032032,1.2056,0.1204,0.02532,0.0384,0.2996,0.0458
14.658,2.5269,0.1656,0.034608,1.20072,0.1204,0.02568,0.04248,0.3048,0.049
14.668,2.5369,0.1688,0.037936,1.20404,0.1212,0.02624,0.04728,0.312,0.0528
14.678,2.5469,0.1736,0.041736,1.2116,0.1232,0.02692,0.0528,0.3192,0.05712
14.688,2.5569,0.1796,0.046684,1.22324,0.1256,0.02768,0.05892,0.3268,0.06184
14.698,2.5669,0.1864,0.05166,1.23904,0.1288,0.02852,0.06548,0.3344,0.06672
14.708,2.5769,0.1932,0.057052,1.25488,0.1324,0.02936,0.07284,0.3416,0.07208
14.718,2.5869,0.1996,0.062856,1.27076,0.1356,0.03008,0.0802,0.3476,0.07708
14.728,2.5969,0.2056,0.068668,1.27868,0.1388,0.03072,0.08752,0.3524,0.0816
14.738,2.6069,0.2104,0.074476,1.28656,0.1416,0.03128,0.09476,0.3556,0.08604
14.748,2.6169,0.2144,0.079872,1.2824,0.1436,0.03172,0.10152,0.3572,0.08952
14.758,2.6269,0.2164,0.084448,1.27828,0.1448,0.03204,0.10736,0.358,0.09272
14.768,2.6369,0.2172,0.089004,1.26608,0.1452,0.03228,0.11268,0.3568,0.0952
14.778,2.6469,0.216,0.092328,1.24996,0.1452,0.03244,0.117,0.3548,0.09656
14.788,2.6569,0.214,0.094824,1.2298,0.1436,0.0326,0.11996,0.3512,0.09712
14.798,2.6669,0.2108,0.096088,1.20576,0.142,0.0328,0.12196,0.348,0.09696
14.808,2.6769,0.2064,0.096516,1.1858,0.14,0.033,0.12256,0.3444,0.096
14.818,2.6869,0.2024,0.09652,1.16596,0.1376,0.03336,0.12184,0.3408,0.09472
14.828,2.6969,0.198,0.0953,1.15028,0.1352,0.03388,0.1202,0.338,0.0928
14.838,2.7069,0.1944,0.09366,1.1388,0.1332,0.03452,0.11804,0.3364,0.09072
14.848,2.7169,0.192,0.092012,1.13556,0.1312,0.03536,0.11508,0.3356,0.08852
14.858,2.7269,0.1912,0.089964,1.14056,0.13,0.03632,0.11212,0.3368,0.08712
14.868,2.7369,0.1924,0.088316,1.1498,0.1304,0.03748,0.1092,0.3392,0.08584
14.878,2.7469,0.1952,0.087084,1.16732,0.1308,0.03876,0.1068,0.3432,0.08556
14.888,2.7569,0.2008,0.086264,1.19708,0.1324,0.04016,0.10572,0.3484,0.086
14.898,2.7669,0.208,0.086664,1.22708,0.1352,0.04164,0.10564,0.3548,0.08756
14.908,2.7769,0.2176,0.088288,1.26924,0.1392,0.04308,0.1066,0.3616,0.08996
14.918,2.7869,0.2292,0.090736,1.31156,0.144,0.0446,0.10932,0.3696,0.0936
14.928,2.7969,0.2424,0.094008,1.362,0.1496,0.04604,0.11352,0.378,0.09812
14.938,2.8069,0.2568,0.0985,1.4164,0.1564,0.0474,0.11912,0.3868,0.10392
14.948,2.8169,0.272,0.104216,1.4712,0.1632,0.04876,0.12612,0.3964,0.11012
14.958,2.8269,0.288,0.110348,1.5296,0.1716,0.05008,0.13456,0.4064,0.11672
14.968,2.8369,0.3048,0.11732,1.5924,0.18,0.0514,0.14356,0.4168,0.124
14.978,2.8469,0.3216,0.12508,1.6632,0.1896,0.05284,0.15348,0.4288,0.1312
14.988,2.8569,0.3388,0.13284,1.734,0.1992,0.05436,0.16352,0.4424,0.1384
14.998,2.8669,0.356,0.14104,1.8172,0.21,0.05612,0.1736,0.4588,0.146
15.008,2.8769,0.3732,0.14928,1.9084,0.2212,0.05812,0.18332,0.478,0.1528
15.018,2.8869,0.3904,0.15708,2.008,0.2332,0.0604,0.19216,0.5004,0.1584
15.028,2.8969,0.408,0.16492,2.12,0.2456,0.06304,0.19972,0.5268,0.164
15.038,2.9069,0.424,0.17192,2.244,0.2584,0.06612,0.20636,0.5568,0.168
15.048,2.9169,0.44,0.17816,2.3804,0.272,0.0694,0.2108,0.5908,0.1708
15.058,2.9269,0.456,0.18356,2.5212,0.2852,0.07276,0.2138,0.6272,0.1728
15.068,2.9369,0.472,0.18772,2.674,0.2984,0.07652,0.21452,0.668,0.1728
15.078,2.9469,0.484,0.19108,2.8224,0.3112,0.08032,0.213,0.7068,0.172
15.088,2.9569,0.496,0.1928,2.9752,0.3236,0.08408,0.20956,0.746,0.1692
15.098,2.9669,0.508,0.19328,3.1196,0.3348,0.08776,0.2046,0.7856,0.1656
15.108,2.9769,0.516,0.19252,3.2516,0.3444,0.09092,0.1978,0.8212,0.1608
15.118,2.9869,0.52,0.19008,3.3668,0.3528,0.09436,0.18956,0.856,0.1552
15.128,2.9969,0.524,0.18684,3.4656,0.3588,0.09724,0.18068,0.882,0.1488
15.138,3.0069,0.524,0.18276,3.5392,0.3628,0.09948,0.17088,0.9024,0.1424
15.148,3.0169,0.524,0.17744,3.5844,0.3648,0.10108,0.16056,0.9176,0.1352
15.158,3.0269,0.52,0.17128,3.6044,0.3644,0.10244,0.15016,0.9312,0.128
15.168,3.0369,0.512,0.16512,3.5996,0.362,0.10316,0.14016,0.9356,0.1212
15.178,3.0469,0.504,0.15856,3.5744,0.3576,0.10324,0.13104,0.9344,0.1152
15.188,3.0569,0.496,0.15196,3.5244,0.3524,0.10276,0.1224,0.928,0.1092
15.198,3.0669,0.484,0.1454,3.462,0.3452,0.10208,0.11468,0.9208,0.10464
15.208,3.0769,0.476,0.1396,3.3876,0.338,0.10096,0.108,0.9092,0.10056
15.218,3.0869,0.468,0.13464,3.3052,0.33,0.09936,0.10312,0.8932,0.09804
15.228,3.0969,0.46,0.13128,3.2268,0.3236,0.09784,0.09972,0.8812,0.09632
15.238,3.1069,0.456,0.12912,3.1532,0.3176,0.09604,0.09776,0.8664,0.09628
15.248,3.1169,0.46,0.12856,3.0924,0.314,0.0948,0.09812,0.8524,0.098
15.258,3.1269,0.464,0.13044,3.0488,0.3128,0.09344,0.09996,0.844,0.10112
15.268,3.1369,0.476,0.13436,3.034,0.3148,0.09284,0.10416,0.8412,0.1062
15.278,3.1469,0.492,0.14072,3.0448,0.3204,0.0926,0.11032,0.8412,0.11324
15.288,3.1569,0.516,0.14948,3.0888,0.3296,0.0932,0.11884,0.8472,0.122
15.298,3.1669,0.548,0.16072,3.1704,0.3424,0.09464,0.12928,0.86,0.1328
15.308,3.1769,0.584,0.174,3.2852,0.3596,0.09728,0.14168,0.8796,0.1456
15.318,3.1869,0.628,0.18892,3.4336,0.38,0.10072,0.15604,0.908,0.16
15.328,3.1969,0.676,0.20552,3.6068,0.4032,0.1052,0.17184,0.94,0.1764
15.338,3.2069,0.728,0.22256,3.8088,0.4284,0.1104,0.1888,0.984,0.1936
15.348,3.2169,0.78,0.24004,4.0232,0.4544,0.1164,0.2064,1.028,0.212
15.358,3.2269,0.832,0.25712,4.2452,0.4808,0.1224,0.224,1.076,0.2308
15.368,3.2369,0.884,0.27268,4.4552,0.5056,0.1288,0.2412,1.12,0.2488
15.378,3.2469,0.928,0.287,4.6644,0.528,0.1348,0.2572,1.168,0.2656
15.388,3.2569,0.968,0.29812,4.832,0.5472,0.1404,0.2712,1.204,0.2812
15.398,3.2669,0.996,0.3068,4.958,0.5616,0.1448,0.2824,1.236,0.2936
15.408,3.2769,1.012,0.31178,5.082,0.5708,0.1476,0.2908,1.26,0.3036
15.418,3.2869,1.02,0.31288,5.1244,0.574,0.1492,0.2964,1.272,0.31
15.428,3.2969,1.016,0.3106,5.1244,0.572,0.1495,0.2984,1.276,0.3124
15.438,3.3069,0.996,0.30424,5.1224,0.5644,0.1484,0.2968,1.268,0.3116
15.448,3.3169,0.968,0.29504,5.0388,0.552,0.1456,0.2924,1.248,0.3072
15.458,3.3269,0.932,0.2834,4.9536,0.5356,0.1416,0.2848,1.22,0.3
15.468,3.3369,0.888,0.26928,4.8276,0.5164,0.1368,0.2752,1.192,0.29
15.478,3.3469,0.84,0.25432,4.7008,0.4956,0.1312,0.2644,1.156,0.2784
15.488,3.3569,0.788,0.23856,4.5736,0.4744,0.1256,0.2524,1.12,0.2656
15.498,3.3669,0.74,0.22316,4.4868,0.4536,0.1196,0.24,1.088,0.2524
15.508,3.3769,0.692,0.20816,4.3604,0.4344,0.1144,0.228,1.052,0.2396
15.518,3.3869,0.648,0.1944,4.2744,0.4172,0.1096,0.2168,1.024,0.2268
15.528,3.3969,0.608,0.18224,4.2292,0.4024,0.10524,0.2062,0.996,0.216
15.538,3.4069,0.572,0.17172,4.1848,0.39,0.10132,0.1968,0.98,0.206
15.548,3.4169,0.54,0.1628,4.1408,0.3796,0.09844,0.18884,0.96,0.1976
15.558,3.4269,0.516,0.15512,4.1372,0.3716,0.09616,0.18196,0.948,0.19
15.568,3.4369,0.492,0.14908,4.13,0.3652,0.09444,0.17616,0.936,0.1844
15.578,3.4469,0.476,0.14384,4.1312,0.3596,0.09324,0.17096,0.924,0.18
15.588,3.4569,0.46,0.13944,4.1284,0.3548,0.09216,0.16676,0.916,0.176
15.598,3.4669,0.448,0.1358,4.126,0.3504,0.09112,0.1628,0.904,0.1732
15.608,3.4769,0.436,0.13256,4.1152,0.3468,0.09052,0.15936,0.892,0.1708
15.618,3.4869,0.424,0.12976,4.1088,0.3436,0.0896,0.15652,0.88,0.1692
15.628,3.4969,0.416,0.12772,4.0988,0.3408,0.08912,0.1542,0.872,0.1684
15.638,3.5069,0.408,0.12608,4.0968,0.3392,0.0888,0.15244,0.86,0.1684
15.648,3.5169,0.404,0.12528,4.1036,0.3388,0.0886,0.15208,0.852,0.1692
15.658,3.5269,0.4,0.12528,4.1148,0.34,0.0886,0.15276,0.852,0.1712
15.668,3.5369,0.4,0.12616,4.1552,0.3432,0.0892,0.1548,0.852,0.1748
15.678,3.5469,0.404,0.12864,4.236,0.3484,0.09004,0.15916,0.856,0.1796
15.688,3.5569,0.412,0.13196,4.318,0.356,0.09196,0.16572,0.872,0.186
15.698,3.5669,0.42,0.13692,4.4404,0.366,0.09376,0.1742,0.888,0.1948
15.708,3.5769,0.432,0.14316,4.5636,0.3776,0.09656,0.18528,0.908,0.2044
15.718,3.5869,0.444,0.15024,4.7272,0.3904,0.0992,0.19784,0.928,0.2152
15.728,3.5969,0.46,0.15812,4.8508,0.4036,0.1024,0.21216,0.952,0.2276
15.738,3.6069,0.476,0.16644,5.0148,0.4168,0.10572,0.2278,0.976,0.24
15.748,3.6169,0.492,0.17516,5.1788,0.4292,0.10912,0.24356,0.996,0.2532
15.758,3.6269,0.508,0.18348,5.302,0.4408,0.11172,0.25932,1.012,0.2656
15.768,3.6369,0.524,0.19136,5.4252,0.4508,0.11464,0.27424,1.028,0.2776
15.778,3.6469,0.54,0.1988,5.5076,0.4584,0.11672,0.28788,1.036,0.288
15.788,3.6569,0.556,0.205,5.5492,0.4648,0.11828,0.3002,1.036,0.298
15.798,3.6669,0.568,0.2104,5.5904,0.4692,0.11932,0.31036,1.032,0.3068
15.808,3.6769,0.58,0.21452,5.6308,0.4724,0.12024,0.31916,1.024,0.3148
15.818,3.6869,0.588,0.2178,5.6312,0.4744,0.12064,0.326,1.012,0.3216
15.828,3.6969,0.596,0.22028,5.6308,0.4764,0.1206,0.3312,1,0.328
15.838,3.7069,0.604,0.22195,5.5904,0.4784,0.1208,0.3352,0.98,0.3336
15.848,3.7169,0.612,0.2232,5.5496,0.4808,0.1204,0.3376,0.964,0.3396
15.858,3.7269,0.616,0.22404,5.5084,0.4836,0.12,0.3396,0.948,0.3448
15.868,3.7369,0.62,0.22448,5.4672,0.4872,0.1192,0.3404,0.928,0.35
15.878,3.7469,0.62,0.22416,5.4256,0.4908,0.1188,0.3404,0.912,0.3552
15.888,3.7569,0.62,0.223,5.344,0.4944,0.1176,0.3392,0.896,0.36
15.898,3.7669,0.616,0.22148,5.262,0.4972,0.1164,0.3364,0.876,0.3632
15.908,3.7769,0.612,0.21872,5.1792,0.4992,0.1144,0.3324,0.8552,0.3656
15.918,3.7869,0.6,0.21476,5.0964,0.4992,0.1124,0.3264,0.834,0.3664
15.928,3.7969,0.588,0.20952,4.9728,0.4964,0.11,0.318,0.8116,0.3644
15.938,3.8069,0.568,0.20268,4.8088,0.4908,0.10688,0.30764,0.7848,0.3604
15.948,3.8169,0.548,0.19452,4.6444,0.482,0.10344,0.29484,0.7564,0.3536
15.958,3.8269,0.52,0.18472,4.4792,0.4692,0.09968,0.27976,0.7232,0.344
15.968,3.8369,0.492,0.174,4.274,0.4533,0.09528,0.26248,0.6868,0.332
15.978,3.8469,0.46,0.16164,4.076,0.434,0.09064,0.2434,0.6492,0.3168
15.988,3.8569,0.424,0.1484,3.854,0.412,0.0858,0.223,0.6096,0.2996
15.998,3.8669,0.39,0.13464,3.628,0.3872,0.08068,0.2018,0.5692,0.2804
16.008,3.8769,0.354,0.12048,3.3976,0.3604,0.07552,0.1802,0.5284,0.2599
16.018,3.8869,0.318,0.10624,3.1632,0.3328,0.07016,0.15872,0.4872,0.2384
16.028,3.8969,0.2828,0.0928,2.9328,0.3044,0.06448,0.13776,0.4472,0.2164
16.038,3.9069,0.2492,0.07976,2.6984,0.2756,0.05936,0.1182,0.4076,0.1944
16.048,3.9169,0.2176,0.06756,2.4722,0.248,0.054,0.09964,0.37,0.1732
16.058,3.9269,0.1884,0.056159,2.25,0.2208,0.04882,0.08292,0.3333,0.1524
16.068,3.9369,0.162,0.046407,2.0363,0.19528,0.04384,0.06804,0.2991,0.1336
16.078,3.9469,0.138,0.037584,1.8264,0.1716,0.039,0.055,0.2664,0.11586
16.088,3.9569,0.1168,0.030056,1.6292,0.14944,0.0344,0.04392,0.2356,0.09987
16.098,3.9669,0.0984,0.023705,1.43585,0.1292,0.03007,0.034564,0.2068,0.08532
16.108,3.9769,0.0824,0.018408,1.25898,0.11062,0.02599,0.026848,0.18,0.07276
16.118,3.9869,0.0688,0.014123,1.09044,0.09412,0.02223,0.020572,0.1556,0.06136
16.128,3.9969,0.0571,0.010683,0.9343,0.07928,0.0188,0.015592,0.1332,0.05144
16.138,4.0069,0.0472,0.007964,0.79056,0.06632,0.015712,0.011684,0.1126,0.04307
16.148,4.0169,0.03856,0.00584,0.65922,0.05492,0.012944,0.008628,0.09417,0.03571
16.158,4.0269,0.03141,0.004252,0.54432,0.04501,0.010532,0.006324,0.07772,0.02938
16.168,4.0369,0.0254,0.0030496,0.4418,0.03646,0.008432,0.0046,0.06356,0.023919
16.178,4.0469,0.02036,0.0021597,0.35528,0.02916,0.006676,0.003308,0.05104,0.019309
16.188,4.0569,0.01612,0.0015091,0.28072,0.023,0.005207,0.00236,0.04044,0.015394
16.198,4.0669,0.01264,0.0010418,0.21852,0.017946,0.003994,0.0016676,0.0316,0.012125
16.208,4.0769,0.0098,0.0007124,0.167366,0.01376,0.003016,0.0011692,0.02432,0.009426
16.218,4.0869,0.00748,0.0004793,0.126073,0.010404,0.002244,0.0008116,0.0184,0.007208
16.228,4.0969,0.0056,0.0003192,0.093386,0.00774,0.00164,0.0005596,0.01368,0.005424
16.238,4.1069,0.00416,0.0002096,0.067668,0.005668,0.00118,0.0003816,0.010024,0.0040218
16.248,4.1169,0.003012,0.00013621,0.048484,0.004074,0.0008336,0.0002576,0.007196,0.002928
16.258,4.1269,0.002148,8.749e-05,0.034048,0.002877,0.0005789,0.000172,0.005076,0.0020922
16.268,4.1369,0.001504,5.532e-05,0.023488,0.0019932,0.000395,0.0001136,0.003516,0.0014692
16.278,4.1469,0.001036,3.458e-05,0.0159106,0.0013568,0.0002648,7.398e-05,0.002392,0.0010084
16.288,4.1569,0.000696,2.132e-05,0.0105359,0.0009072,0.0001744,4.742e-05,0.001596,0.0006804
16.298,4.1669,0.00046,1.296e-05,0.0068723,0.0005956,0.0001128,3e-05,0.0010464,0.00044966
16.308,4.1769,0.0002985,7.764e-06,0.0043904,0.0003816,7.152e-05,1.868e-05,0.0006716,0.00029204
16.318,4.1869,0.0001896,4.586e-06,0.0027512,0.0002402,4.436e-05,1.1452e-05,0.000422,0.00018516
16.328,4.1969,0.0001176,2.668e-06,0.0016901,0.00014836,2.708e-05,6.892e-06,0.00026,0.0001152
16.338,4.2069,7.16e-05,1.529e-06,0.00101945,8.948e-05,1.62e-05,4.085e-06,0.0001572,7e-05
16.348,4.2169,4.28e-05,8.629e-07,0.00060098,5.304e-05,9.48e-06,2.376e-06,9.296e-05,4.1808e-05
16.358,4.2269,2.488e-05,4.779e-07,0.00034712,3.076e-05,5.464e-06,1.356e-06,5.4e-05,2.4373e-05
16.368,4.2369,1.42e-05,2.607e-07,0.00019646,1.7504e-05,3.076e-06,7.58e-07,3.064e-05,1.3928e-05
16.378,4.2469,7.96e-06,1.396e-07,0.000109168,9.74e-06,1.7e-06,4.17e-07,1.704e-05,7.784e-06
16.388,4.2569,4.36e-06,7.364e-08,5.924e-05,5.288e-06,9.2e-07,2.244e-07,9.272e-06,4.26e-06
16.398,4.2669,2.328e-06,3.807e-08,3.1484e-05,2.826e-06,4.875e-07,1.184e-07,4.952e-06,2.2804e-06
