E-EF,total,Cl,Li,P,S
-46.3310,6234,4.9967,6212.2,0.16832,19.32
-46.3210,0,0,0,0,0
-46.3110,0,0,0,0,0
-46.3010,0,0,0,0,0
-46.2910,0,0,0,0,0
-46.2810,0,0,0,0,0
-46.2710,0,0,0,0,0
-46.2610,0,0,0,0,0
-46.2510,0,0,0,0,0
-46.2410,0,0,0,0,0
-46.2310,0,0,0,0,0
-46.2210,0,0,0,0,0
-46.2110,0,0,0,0,0
-46.2010,0,0,0,0,0
-46.1910,0,0,0,0,0
-46.1810,0,0,0,0,0
-46.1710,0,0,0,0,0
-46.1610,0,0,0,0,0
-46.1510,0,0,0,0,0
-46.1410,0,0,0,0,0
-46.1310,0,0,0,0,0
-46.1210,0,0,0,0,0
-46.1110,0,0,0,0,0
-46.1010,0,0,0,0,0
-46.0910,0,0,0,0,0
-46.0810,0,0,0,0,0
-46.0710,0,0,0,0,0
-46.0610,0,0,0,0,0
-46.0510,0,0,0,0,0
-46.0410,0,0,0,0,0
-46.0310,0,0,0,0,0
-46.0210,0,0,0,0,0
-46.0110,0,0,0,0,0
-46.0010,0,0,0,0,0
-45.9910,0,0,0,0,0
-45.9810,0,0,0,0,0
-45.9710,0,0,0,0,0
-45.9610,0,0,0,0,0
-45.9510,0,0,0,0,0
-45.9410,0,0,0,0,0
-45.9310,0,0,0,0,0
-45.9210,0,0,0,0,0
-45.9110,0,0,0,0,0
-45.9010,0,0,0,0,0
-45.8910,0,0,0,0,0
-45.8810,0,0,0,0,0
-45.8710,0,0,0,0,0
-45.8610,0,0,0,0,0
-45.8510,0,0,0,0,0
-45.8410,0,0,0,0,0
-45.8310,0,0,0,0,0
-45.8210,0,0,0,0,0
-45.8110,0,0,0,0,0
-45.8010,0,0,0,0,0
-45.7910,0,0,0,0,0
-45.7810,0,0,0,0,0
-45.7710,0,0,0,0,0
-45.7610,0,0,0,0,0
-45.7510,0,0,0,0,0
-45.7410,0,0,0,0,0
-45.7310,0,0,0,0,0
-45.7210,0,0,0,0,0
-45.7110,0,0,0,0,0
-45.7010,0,0,0,0,0
-45.6910,0,0,0,0,0
-45.6810,0,0,0,0,0
-45.6710,0,0,0,0,0
-45.6610,0,0,0,0,0
-45.6510,0,0,0,0,0
-45.6410,0,0,0,0,0
-45.6310,0,0,0,0,0
-45.6210,0,0,0,0,0
-45.6110,0,0,0,0,0
-45.6010,0,0,0,0,0
-45.5910,0,0,0,0,0
-45.5810,0,0,0,0,0
-45.5710,0,0,0,0,0
-45.5610,0,0,0,0,0
-45.5510,0,0,0,0,0
-45.5410,0,0,0,0,0
-45.5310,0,0,0,0,0
-45.5210,0,0,0,0,0
-45.5110,0,0,0,0,0
-45.5010,0,0,0,0,0
-45.4910,0,0,0,0,0
-45.4810,0,0,0,0,0
-45.4710,0,0,0,0,0
-45.4610,0,0,0,0,0
-45.4510,0,0,0,0,0
-45.4410,0,0,0,0,0
-45.4310,0,0,0,0,0
-45.4210,0,0,0,0,0
-45.4110,0,0,0,0,0
-45.4010,0,0,0,0,0
-45.3910,0,0,0,0,0
-45.3810,0,0,0,0,0
-45.3710,0,0,0,0,0
-45.3610,0,0,0,0,0
-45.3510,0,0,0,0,0
-45.3410,0,0,0,0,0
-45.3310,0,0,0,0,0
-45.3210,0,0,0,0,0
-45.3110,0,0,0,0,0
-45.3010,0,0,0,0,0
-45.2910,0,0,0,0,0
-45.2810,0,0,0,0,0
-45.2710,0,0,0,0,0
-45.2610,0,0,0,0,0
-45.2510,0,0,0,0,0
-45.2410,0,0,0,0,0
-45.2310,0,0,0,0,0
-45.2210,0,0,0,0,0
-45.2110,0,0,0,0,0
-45.2010,0,0,0,0,0
-45.1910,0,0,0,0,0
-45.1810,0,0,0,0,0
-45.1710,0,0,0,0,0
-45.1610,0,0,0,0,0
-45.1510,0,0,0,0,0
-45.1410,0,0,0,0,0
-45.1310,0,0,0,0,0
-45.1210,0,0,0,0,0
-45.1110,0,0,0,0,0
-45.1010,0,0,0,0,0
-45.0910,0,0,0,0,0
-45.0810,0,0,0,0,0
-45.0710,0,0,0,0,0
-45.0610,0,0,0,0,0
-45.0510,0,0,0,0,0
-45.0410,0,0,0,0,0
-45.0310,0,0,0,0,0
-45.0210,0,0,0,0,0
-45.0110,0,0,0,0,0
-45.0010,0,0,0,0,0
-44.9910,0,0,0,0,0
-44.9810,0,0,0,0,0
-44.9710,0,0,0,0,0
-44.9610,0,0,0,0,0
-44.9510,0,0,0,0,0
-44.9410,0,0,0,0,0
-44.9310,0,0,0,0,0
-44.9210,0,0,0,0,0
-44.9110,0,0,0,0,0
-44.9010,0,0,0,0,0
-44.8910,0,0,0,0,0
-44.8810,0,0,0,0,0
-44.8710,0,0,0,0,0
-44.8610,0,0,0,0,0
-44.8510,0,0,0,0,0
-44.8410,0,0,0,0,0
-44.8310,0,0,0,0,0
-44.8210,0,0,0,0,0
-44.8110,0,0,0,0,0
-44.8010,0,0,0,0,0
-44.7910,0,0,0,0,0
-44.7810,0,0,0,0,0
-44.7710,0,0,0,0,0
-44.7610,0,0,0,0,0
-44.7510,0,0,0,0,0
-44.7410,0,0,0,0,0
-44.7310,0,0,0,0,0
-44.7210,0,0,0,0,0
-44.7110,0,0,0,0,0
-44.7010,0,0,0,0,0
-44.6910,0,0,0,0,0
-44.6810,0,0,0,0,0
-44.6710,0,0,0,0,0
-44.6610,0,0,0,0,0
-44.6510,0,0,0,0,0
-44.6410,0,0,0,0,0
-44.6310,0,0,0,0,0
-44.6210,0,0,0,0,0
-44.6110,0,0,0,0,0
-44.6010,0,0,0,0,0
-44.5910,0,0,0,0,0
-44.5810,0,0,0,0,0
-44.5710,0,0,0,0,0
-44.5610,0,0,0,0,0
-44.5510,0,0,0,0,0
-44.5410,0,0,0,0,0
-44.5310,0,0,0,0,0
-44.5210,0,0,0,0,0
-44.5110,0,0,0,0,0
-44.5010,0,0,0,0,0
-44.4910,0,0,0,0,0
-44.4810,0,0,0,0,0
-44.4710,0,0,0,0,0
-44.4610,0,0,0,0,0
-44.4510,0,0,0,0,0
-44.4410,0,0,0,0,0
-44.4310,0,0,0,0,0
-44.4210,0,0,0,0,0
-44.4110,0,0,0,0,0
-44.4010,0,0,0,0,0
-44.3910,0,0,0,0,0
-44.3810,0,0,0,0,0
-44.3710,0,0,0,0,0
-44.3610,0,0,0,0,0
-44.3510,0,0,0,0,0
-44.3410,0,0,0,0,0
-44.3310,0,0,0,0,0
-44.3210,0,0,0,0,0
-44.3110,0,0,0,0,0
-44.3010,0,0,0,0,0
-44.2910,0,0,0,0,0
-44.2810,0,0,0,0,0
-44.2710,0,0,0,0,0
-44.2610,0,0,0,0,0
-44.2510,0,0,0,0,0
-44.2410,0,0,0,0,0
-44.2310,0,0,0,0,0
-44.2210,0,0,0,0,0
-44.2110,0,0,0,0,0
-44.2010,0,0,0,0,0
-44.1910,0,0,0,0,0
-44.1810,0,0,0,0,0
-44.1710,0,0,0,0,0
-44.1610,0,0,0,0,0
-44.1510,0,0,0,0,0
-44.1410,0,0,0,0,0
-44.1310,0,0,0,0,0
-44.1210,0,0,0,0,0
-44.1110,0,0,0,0,0
-44.1010,0,0,0,0,0
-44.0910,0,0,0,0,0
-44.0810,0,0,0,0,0
-44.0710,0,0,0,0,0
-44.0610,0,0,0,0,0
-44.0510,0,0,0,0,0
-44.0410,0,0,0,0,0
-44.0310,0,0,0,0,0
-44.0210,0,0,0,0,0
-44.0110,0,0,0,0,0
-44.0010,0,0,0,0,0
-43.9910,0,0,0,0,0
-43.9810,0,0,0,0,0
-43.9710,0,0,0,0,0
-43.9610,0,0,0,0,0
-43.9510,0,0,0,0,0
-43.9410,0,0,0,0,0
-43.9310,0,0,0,0,0
-43.9210,0,0,0,0,0
-43.9110,0,0,0,0,0
-43.9010,0,0,0,0,0
-43.8910,0,0,0,0,0
-43.8810,0,0,0,0,0
-43.8710,0,0,0,0,0
-43.8610,0,0,0,0,0
-43.8510,0,0,0,0,0
-43.8410,0,0,0,0,0
-43.8310,0,0,0,0,0
-43.8210,0,0,0,0,0
-43.8110,0,0,0,0,0
-43.8010,0,0,0,0,0
-43.7910,0,0,0,0,0
-43.7810,0,0,0,0,0
-43.7710,0,0,0,0,0
-43.7610,0,0,0,0,0
-43.7510,0,0,0,0,0
-43.7410,0,0,0,0,0
-43.7310,0,0,0,0,0
-43.7210,0,0,0,0,0
-43.7110,0,0,0,0,0
-43.7010,0,0,0,0,0
-43.6910,0,0,0,0,0
-43.6810,0,0,0,0,0
-43.6710,0,0,0,0,0
-43.6610,0,0,0,0,0
-43.6510,0,0,0,0,0
-43.6410,0,0,0,0,0
-43.6310,0,0,0,0,0
-43.6210,0,0,0,0,0
-43.6110,0,0,0,0,0
-43.6010,0,0,0,0,0
-43.5910,0,0,0,0,0
-43.5810,0,0,0,0,0
-43.5710,0,0,0,0,0
-43.5610,0,0,0,0,0
-43.5510,0,0,0,0,0
-43.5410,0,0,0,0,0
-43.5310,0,0,0,0,0
-43.5210,0,0,0,0,0
-43.5110,0,0,0,0,0
-43.5010,0,0,0,0,0
-43.4910,0,0,0,0,0
-43.4810,0,0,0,0,0
-43.4710,0,0,0,0,0
-43.4610,0,0,0,0,0
-43.4510,0,0,0,0,0
-43.4410,0,0,0,0,0
-43.4310,0,0,0,0,0
-43.4210,0,0,0,0,0
-43.4110,0,0,0,0,0
-43.4010,0,0,0,0,0
-43.3910,0,0,0,0,0
-43.3810,0,0,0,0,0
-43.3710,0,0,0,0,0
-43.3610,0,0,0,0,0
-43.3510,0,0,0,0,0
-43.3410,0,0,0,0,0
-43.3310,0,0,0,0,0
-43.3210,0,0,0,0,0
-43.3110,0,0,0,0,0
-43.3010,0,0,0,0,0
-43.2910,0,0,0,0,0
-43.2810,0,0,0,0,0
-43.2710,0,0,0,0,0
-43.2610,0,0,0,0,0
-43.2510,0,0,0,0,0
-43.2410,0,0,0,0,0
-43.2310,0,0,0,0,0
-43.2210,0,0,0,0,0
-43.2110,0,0,0,0,0
-43.2010,0,0,0,0,0
-43.1910,0,0,0,0,0
-43.1810,0,0,0,0,0
-43.1710,0,0,0,0,0
-43.1610,0,0,0,0,0
-43.1510,0,0,0,0,0
-43.1410,0,0,0,0,0
-43.1310,0,0,0,0,0
-43.1210,0,0,0,0,0
-43.1110,0,0,0,0,0
-43.1010,0,0,0,0,0
-43.0910,0,0,0,0,0
-43.0810,0,0,0,0,0
-43.0710,0,0,0,0,0
-43.0610,0,0,0,0,0
-43.0510,0,0,0,0,0
-43.0410,0,0,0,0,0
-43.0310,0,0,0,0,0
-43.0210,0,0,0,0,0
-43.0110,0,0,0,0,0
-43.0010,0,0,0,0,0
-42.9910,0,0,0,0,0
-42.9810,0,0,0,0,0
-42.9710,0,0,0,0,0
-42.9610,0,0,0,0,0
-42.9510,0,0,0,0,0
-42.9410,0,0,0,0,0
-42.9310,0,0,0,0,0
-42.9210,0,0,0,0,0
-42.9110,0,0,0,0,0
-42.9010,0,0,0,0,0
-42.8910,0,0,0,0,0
-42.8810,0,0,0,0,0
-42.8710,0,0,0,0,0
-42.8610,0,0,0,0,0
-42.8510,0,0,0,0,0
-42.8410,0,0,0,0,0
-42.8310,0,0,0,0,0
-42.8210,0,0,0,0,0
-42.8110,0,0,0,0,0
-42.8010,0,0,0,0,0
-42.7910,0,0,0,0,0
-42.7810,0,0,0,0,0
-42.7710,0,0,0,0,0
-42.7610,0,0,0,0,0
-42.7510,0,0,0,0,0
-42.7410,0,0,0,0,0
-42.7310,0,0,0,0,0
-42.7210,0,0,0,0,0
-42.7110,0,0,0,0,0
-42.7010,0,0,0,0,0
-42.6910,0,0,0,0,0
-42.6810,0,0,0,0,0
-42.6710,0,0,0,0,0
-42.6610,0,0,0,0,0
-42.6510,0,0,0,0,0
-42.6410,0,0,0,0,0
-42.6310,0,0,0,0,0
-42.6210,0,0,0,0,0
-42.6110,0,0,0,0,0
-42.6010,0,0,0,0,0
-42.5910,0,0,0,0,0
-42.5810,0,0,0,0,0
-42.5710,0,0,0,0,0
-42.5610,0,0,0,0,0
-42.5510,0,0,0,0,0
-42.5410,0,0,0,0,0
-42.5310,0,0,0,0,0
-42.5210,0,0,0,0,0
-42.5110,0,0,0,0,0
-42.5010,0,0,0,0,0
-42.4910,0,0,0,0,0
-42.4810,0,0,0,0,0
-42.4710,0,0,0,0,0
-42.4610,0,0,0,0,0
-42.4510,0,0,0,0,0
-42.4410,0,0,0,0,0
-42.4310,0,0,0,0,0
-42.4210,0,0,0,0,0
-42.4110,0,0,0,0,0
-42.4010,0,0,0,0,0
-42.3910,0,0,0,0,0
-42.3810,0,0,0,0,0
-42.3710,0,0,0,0,0
-42.3610,0,0,0,0,0
-42.3510,0,0,0,0,0
-42.3410,0,0,0,0,0
-42.3310,0,0,0,0,0
-42.3210,0,0,0,0,0
-42.3110,0,0,0,0,0
-42.3010,0,0,0,0,0
-42.2910,0,0,0,0,0
-42.2810,0,0,0,0,0
-42.2710,0,0,0,0,0
-42.2610,0,0,0,0,0
-42.2510,0,0,0,0,0
-42.2410,0,0,0,0,0
-42.2310,0,0,0,0,0
-42.2210,0,0,0,0,0
-42.2110,0,0,0,0,0
-42.2010,0,0,0,0,0
-42.1910,0,0,0,0,0
-42.1810,0,0,0,0,0
-42.1710,0,0,0,0,0
-42.1610,0,0,0,0,0
-42.1510,0,0,0,0,0
-42.1410,0,0,0,0,0
-42.1310,0,0,0,0,0
-42.1210,0,0,0,0,0
-42.1110,0,0,0,0,0
-42.1010,0,0,0,0,0
-42.0910,0,0,0,0,0
-42.0810,0,0,0,0,0
-42.0710,0,0,0,0,0
-42.0610,0,0,0,0,0
-42.0510,0,0,0,0,0
-42.0410,0,0,0,0,0
-42.0310,0,0,0,0,0
-42.0210,0,0,0,0,0
-42.0110,0,0,0,0,0
-42.0010,0,0,0,0,0
-41.9910,0,0,0,0,0
-41.9810,0,0,0,0,0
-41.9710,0,0,0,0,0
-41.9610,0,0,0,0,0
-41.9510,0,0,0,0,0
-41.9410,0,0,0,0,0
-41.9310,0,0,0,0,0
-41.9210,0,0,0,0,0
-41.9110,0,0,0,0,0
-41.9010,0,0,0,0,0
-41.8910,0,0,0,0,0
-41.8810,0,0,0,0,0
-41.8710,0,0,0,0,0
-41.8610,0,0,0,0,0
-41.8510,0,0,0,0,0
-41.8410,0,0,0,0,0
-41.8310,0,0,0,0,0
-41.8210,0,0,0,0,0
-41.8110,0,0,0,0,0
-41.8010,0,0,0,0,0
-41.7910,0,0,0,0,0
-41.7810,0,0,0,0,0
-41.7710,0,0,0,0,0
-41.7610,0,0,0,0,0
-41.7510,0,0,0,0,0
-41.7410,0,0,0,0,0
-41.7310,0,0,0,0,0
-41.7210,0,0,0,0,0
-41.7110,0,0,0,0,0
-41.7010,0,0,0,0,0
-41.6910,0,0,0,0,0
-41.6810,0,0,0,0,0
-41.6710,0,0,0,0,0
-41.6610,0,0,0,0,0
-41.6510,0,0,0,0,0
-41.6410,0,0,0,0,0
-41.6310,0,0,0,0,0
-41.6210,0,0,0,0,0
-41.6110,0,0,0,0,0
-41.6010,0,0,0,0,0
-41.5910,0,0,0,0,0
-41.5810,0,0,0,0,0
-41.5710,0,0,0,0,0
-41.5610,0,0,0,0,0
-41.5510,0,0,0,0,0
-41.5410,0,0,0,0,0
-41.5310,0,0,0,0,0
-41.5210,0,0,0,0,0
-41.5110,0,0,0,0,0
-41.5010,0,0,0,0,0
-41.4910,0,0,0,0,0
-41.4810,0,0,0,0,0
-41.4710,0,0,0,0,0
-41.4610,0,0,0,0,0
-41.4510,0,0,0,0,0
-41.4410,0,0,0,0,0
-41.4310,0,0,0,0,0
-41.4210,0,0,0,0,0
-41.4110,0,0,0,0,0
-41.4010,0,0,0,0,0
-41.3910,0,0,0,0,0
-41.3810,0,0,0,0,0
-41.3710,0,0,0,0,0
-41.3610,0,0,0,0,0
-41.3510,0,0,0,0,0
-41.3410,0,0,0,0,0
-41.3310,0,0,0,0,0
-41.3210,0,0,0,0,0
-41.3110,0,0,0,0,0
-41.3010,0,0,0,0,0
-41.2910,0,0,0,0,0
-41.2810,0,0,0,0,0
-41.2710,0,0,0,0,0
-41.2610,0,0,0,0,0
-41.2510,0,0,0,0,0
-41.2410,0,0,0,0,0
-41.2310,0,0,0,0,0
-41.2210,0,0,0,0,0
-41.2110,0,0,0,0,0
-41.2010,0,0,0,0,0
-41.1910,0,0,0,0,0
-41.1810,0,0,0,0,0
-41.1710,0,0,0,0,0
-41.1610,0,0,0,0,0
-41.1510,0,0,0,0,0
-41.1410,0,0,0,0,0
-41.1310,0,0,0,0,0
-41.1210,0,0,0,0,0
-41.1110,0,0,0,0,0
-41.1010,0,0,0,0,0
-41.0910,0,0,0,0,0
-41.0810,0,0,0,0,0
-41.0710,0,0,0,0,0
-41.0610,0,0,0,0,0
-41.0510,0,0,0,0,0
-41.0410,0,0,0,0,0
-41.0310,0,0,0,0,0
-41.0210,0,0,0,0,0
-41.0110,0,0,0,0,0
-41.0010,0,0,0,0,0
-40.9910,0,0,0,0,0
-40.9810,0,0,0,0,0
-40.9710,0,0,0,0,0
-40.9610,0,0,0,0,0
-40.9510,0,0,0,0,0
-40.9410,0,0,0,0,0
-40.9310,0,0,0,0,0
-40.9210,0,0,0,0,0
-40.9110,0,0,0,0,0
-40.9010,0,0,0,0,0
-40.8910,0,0,0,0,0
-40.8810,0,0,0,0,0
-40.8710,0,0,0,0,0
-40.8610,0,0,0,0,0
-40.8510,0,0,0,0,0
-40.8410,0,0,0,0,0
-40.8310,0,0,0,0,0
-40.8210,0,0,0,0,0
-40.8110,0,0,0,0,0
-40.8010,0,0,0,0,0
-40.7910,0,0,0,0,0
-40.7810,0,0,0,0,0
-40.7710,0,0,0,0,0
-40.7610,0,0,0,0,0
-40.7510,0,0,0,0,0
-40.7410,0,0,0,0,0
-40.7310,0,0,0,0,0
-40.7210,0,0,0,0,0
-40.7110,0,0,0,0,0
-40.7010,0,0,0,0,0
-40.6910,0,0,0,0,0
-40.6810,0,0,0,0,0
-40.6710,0,0,0,0,0
-40.6610,0,0,0,0,0
-40.6510,0,0,0,0,0
-40.6410,0,0,0,0,0
-40.6310,0,0,0,0,0
-40.6210,0,0,0,0,0
-40.6110,0,0,0,0,0
-40.6010,0,0,0,0,0
-40.5910,0,0,0,0,0
-40.5810,0,0,0,0,0
-40.5710,0,0,0,0,0
-40.5610,0,0,0,0,0
-40.5510,0,0,0,0,0
-40.5410,0,0,0,0,0
-40.5310,0,0,0,0,0
-40.5210,0,0,0,0,0
-40.5110,0,0,0,0,0
-40.5010,0,0,0,0,0
-40.4910,0,0,0,0,0
-40.4810,0,0,0,0,0
-40.4710,0,0,0,0,0
-40.4610,0,0,0,0,0
-40.4510,0,0,0,0,0
-40.4410,0,0,0,0,0
-40.4310,0,0,0,0,0
-40.4210,0,0,0,0,0
-40.4110,0,0,0,0,0
-40.4010,0,0,0,0,0
-40.3910,0,0,0,0,0
-40.3810,0,0,0,0,0
-40.3710,0,0,0,0,0
-40.3610,0,0,0,0,0
-40.3510,0,0,0,0,0
-40.3410,0,0,0,0,0
-40.3310,0,0,0,0,0
-40.3210,0,0,0,0,0
-40.3110,0,0,0,0,0
-40.3010,0,0,0,0,0
-40.2910,0,0,0,0,0
-40.2810,0,0,0,0,0
-40.2710,0,0,0,0,0
-40.2610,0,0,0,0,0
-40.2510,0,0,0,0,0
-40.2410,0,0,0,0,0
-40.2310,0,0,0,0,0
-40.2210,0,0,0,0,0
-40.2110,0,0,0,0,0
-40.2010,0,0,0,0,0
-40.1910,0,0,0,0,0
-40.1810,0,0,0,0,0
-40.1710,0,0,0,0,0
-40.1610,0,0,0,0,0
-40.1510,0,0,0,0,0
-40.1410,0,0,0,0,0
-40.1310,0,0,0,0,0
-40.1210,0,0,0,0,0
-40.1110,0,0,0,0,0
-40.1010,0,0,0,0,0
-40.0910,0,0,0,0,0
-40.0810,0,0,0,0,0
-40.0710,0,0,0,0,0
-40.0610,0,0,0,0,0
-40.0510,0,0,0,0,0
-40.0410,0,0,0,0,0
-40.0310,0,0,0,0,0
-40.0210,0,0,0,0,0
-40.0110,0,0,0,0,0
-40.0010,0,0,0,0,0
-39.9910,0,0,0,0,0
-39.9810,0,0,0,0,0
-39.9710,0,0,0,0,0
-39.9610,0,0,0,0,0
-39.9510,0,0,0,0,0
-39.9410,0,0,0,0,0
-39.9310,0,0,0,0,0
-39.9210,0,0,0,0,0
-39.9110,0,0,0,0,0
-39.9010,0,0,0,0,0
-39.8910,0,0,0,0,0
-39.8810,0,0,0,0,0
-39.8710,0,0,0,0,0
-39.8610,0,0,0,0,0
-39.8510,0,0,0,0,0
-39.8410,0,0,0,0,0
-39.8310,0,0,0,0,0
-39.8210,0,0,0,0,0
-39.8110,0,0,0,0,0
-39.8010,0,0,0,0,0
-39.7910,0,0,0,0,0
-39.7810,0,0,0,0,0
-39.7710,0,0,0,0,0
-39.7610,0,0,0,0,0
-39.7510,0,0,0,0,0
-39.7410,0,0,0,0,0
-39.7310,0,0,0,0,0
-39.7210,0,0,0,0,0
-39.7110,0,0,0,0,0
-39.7010,0,0,0,0,0
-39.6910,0,0,0,0,0
-39.6810,0,0,0,0,0
-39.6710,0,0,0,0,0
-39.6610,0,0,0,0,0
-39.6510,0,0,0,0,0
-39.6410,0,0,0,0,0
-39.6310,0,0,0,0,0
-39.6210,0,0,0,0,0
-39.6110,0,0,0,0,0
-39.6010,0,0,0,0,0
-39.5910,0,0,0,0,0
-39.5810,0,0,0,0,0
-39.5710,0,0,0,0,0
-39.5610,0,0,0,0,0
-39.5510,0,0,0,0,0
-39.5410,0,0,0,0,0
-39.5310,0,0,0,0,0
-39.5210,0,0,0,0,0
-39.5110,0,0,0,0,0
-39.5010,0,0,0,0,0
-39.4910,0,0,0,0,0
-39.4810,0,0,0,0,0
-39.4710,0,0,0,0,0
-39.4610,0,0,0,0,0
-39.4510,0,0,0,0,0
-39.4410,0,0,0,0,0
-39.4310,0,0,0,0,0
-39.4210,0,0,0,0,0
-39.4110,0,0,0,0,0
-39.4010,0,0,0,0,0
-39.3910,0,0,0,0,0
-39.3810,0,0,0,0,0
-39.3710,0,0,0,0,0
-39.3610,0,0,0,0,0
-39.3510,0,0,0,0,0
-39.3410,0,0,0,0,0
-39.3310,0,0,0,0,0
-39.3210,0,0,0,0,0
-39.3110,0,0,0,0,0
-39.3010,0,0,0,0,0
-39.2910,0,0,0,0,0
-39.2810,0,0,0,0,0
-39.2710,0,0,0,0,0
-39.2610,0,0,0,0,0
-39.2510,0,0,0,0,0
-39.2410,0,0,0,0,0
-39.2310,0,0,0,0,0
-39.2210,0,0,0,0,0
-39.2110,0,0,0,0,0
-39.2010,0,0,0,0,0
-39.1910,0,0,0,0,0
-39.1810,0,0,0,0,0
-39.1710,0,0,0,0,0
-39.1610,0,0,0,0,0
-39.1510,0,0,0,0,0
-39.1410,0,0,0,0,0
-39.1310,0,0,0,0,0
-39.1210,0,0,0,0,0
-39.1110,0,0,0,0,0
-39.1010,0,0,0,0,0
-39.0910,0,0,0,0,0
-39.0810,0,0,0,0,0
-39.0710,0,0,0,0,0
-39.0610,0,0,0,0,0
-39.0510,0,0,0,0,0
-39.0410,0,0,0,0,0
-39.0310,0,0,0,0,0
-39.0210,0,0,0,0,0
-39.0110,0,0,0,0,0
-39.0010,0,0,0,0,0
-38.9910,0,0,0,0,0
-38.9810,0,0,0,0,0
-38.9710,0,0,0,0,0
-38.9610,0,0,0,0,0
-38.9510,0,0,0,0,0
-38.9410,0,0,0,0,0
-38.9310,0,0,0,0,0
-38.9210,0,0,0,0,0
-38.9110,0,0,0,0,0
-38.9010,0,0,0,0,0
-38.8910,0,0,0,0,0
-38.8810,0,0,0,0,0
-38.8710,0,0,0,0,0
-38.8610,0,0,0,0,0
-38.8510,0,0,0,0,0
-38.8410,0,0,0,0,0
-38.8310,0,0,0,0,0
-38.8210,0,0,0,0,0
-38.8110,0,0,0,0,0
-38.8010,0,0,0,0,0
-38.7910,0,0,0,0,0
-38.7810,0,0,0,0,0
-38.7710,0,0,0,0,0
-38.7610,0,0,0,0,0
-38.7510,0,0,0,0,0
-38.7410,0,0,0,0,0
-38.7310,0,0,0,0,0
-38.7210,0,0,0,0,0
-38.7110,0,0,0,0,0
-38.7010,0,0,0,0,0
-38.6910,0,0,0,0,0
-38.6810,0,0,0,0,0
-38.6710,0,0,0,0,0
-38.6610,0,0,0,0,0
-38.6510,0,0,0,0,0
-38.6410,0,0,0,0,0
-38.6310,0,0,0,0,0
-38.6210,0,0,0,0,0
-38.6110,0,0,0,0,0
-38.6010,0,0,0,0,0
-38.5910,0,0,0,0,0
-38.5810,0,0,0,0,0
-38.5710,0,0,0,0,0
-38.5610,0,0,0,0,0
-38.5510,0,0,0,0,0
-38.5410,0,0,0,0,0
-38.5310,0,0,0,0,0
-38.5210,0,0,0,0,0
-38.5110,0,0,0,0,0
-38.5010,0,0,0,0,0
-38.4910,0,0,0,0,0
-38.4810,0,0,0,0,0
-38.4710,0,0,0,0,0
-38.4610,0,0,0,0,0
-38.4510,0,0,0,0,0
-38.4410,0,0,0,0,0
-38.4310,0,0,0,0,0
-38.4210,0,0,0,0,0
-38.4110,0,0,0,0,0
-38.4010,0,0,0,0,0
-38.3910,0,0,0,0,0
-38.3810,0,0,0,0,0
-38.3710,0,0,0,0,0
-38.3610,0,0,0,0,0
-38.3510,0,0,0,0,0
-38.3410,0,0,0,0,0
-38.3310,0,0,0,0,0
-38.3210,0,0,0,0,0
-38.3110,0,0,0,0,0
-38.3010,0,0,0,0,0
-38.2910,0,0,0,0,0
-38.2810,0,0,0,0,0
-38.2710,0,0,0,0,0
-38.2610,0,0,0,0,0
-38.2510,0,0,0,0,0
-38.2410,0,0,0,0,0
-38.2310,0,0,0,0,0
-38.2210,0,0,0,0,0
-38.2110,0,0,0,0,0
-38.2010,0,0,0,0,0
-38.1910,0,0,0,0,0
-38.1810,0,0,0,0,0
-38.1710,0,0,0,0,0
-38.1610,0,0,0,0,0
-38.1510,0,0,0,0,0
-38.1410,0,0,0,0,0
-38.1310,0,0,0,0,0
-38.1210,0,0,0,0,0
-38.1110,0,0,0,0,0
-38.1010,0,0,0,0,0
-38.0910,0,0,0,0,0
-38.0810,0,0,0,0,0
-38.0710,0,0,0,0,0
-38.0610,0,0,0,0,0
-38.0510,0,0,0,0,0
-38.0410,0,0,0,0,0
-38.0310,0,0,0,0,0
-38.0210,0,0,0,0,0
-38.0110,0,0,0,0,0
-38.0010,0,0,0,0,0
-37.9910,0,0,0,0,0
-37.9810,0,0,0,0,0
-37.9710,0,0,0,0,0
-37.9610,0,0,0,0,0
-37.9510,0,0,0,0,0
-37.9410,0,0,0,0,0
-37.9310,0,0,0,0,0
-37.9210,0,0,0,0,0
-37.9110,0,0,0,0,0
-37.9010,0,0,0,0,0
-37.8910,0,0,0,0,0
-37.8810,0,0,0,0,0
-37.8710,0,0,0,0,0
-37.8610,0,0,0,0,0
-37.8510,0,0,0,0,0
-37.8410,0,0,0,0,0
-37.8310,0,0,0,0,0
-37.8210,0,0,0,0,0
-37.8110,0,0,0,0,0
-37.8010,0,0,0,0,0
-37.7910,0,0,0,0,0
-37.7810,0,0,0,0,0
-37.7710,0,0,0,0,0
-37.7610,0,0,0,0,0
-37.7510,0,0,0,0,0
-37.7410,0,0,0,0,0
-37.7310,0,0,0,0,0
-37.7210,0,0,0,0,0
-37.7110,0,0,0,0,0
-37.7010,0,0,0,0,0
-37.6910,0,0,0,0,0
-37.6810,0,0,0,0,0
-37.6710,0,0,0,0,0
-37.6610,0,0,0,0,0
-37.6510,0,0,0,0,0
-37.6410,0,0,0,0,0
-37.6310,0,0,0,0,0
-37.6210,0,0,0,0,0
-37.6110,0,0,0,0,0
-37.6010,0,0,0,0,0
-37.5910,0,0,0,0,0
-37.5810,0,0,0,0,0
-37.5710,0,0,0,0,0
-37.5610,0,0,0,0,0
-37.5510,0,0,0,0,0
-37.5410,0,0,0,0,0
-37.5310,0,0,0,0,0
-37.5210,0,0,0,0,0
-37.5110,0,0,0,0,0
-37.5010,0,0,0,0,0
-37.4910,0,0,0,0,0
-37.4810,0,0,0,0,0
-37.4710,0,0,0,0,0
-37.4610,0,0,0,0,0
-37.4510,0,0,0,0,0
-37.4410,0,0,0,0,0
-37.4310,0,0,0,0,0
-37.4210,0,0,0,0,0
-37.4110,0,0,0,0,0
-37.4010,0,0,0,0,0
-37.3910,0,0,0,0,0
-37.3810,0,0,0,0,0
-37.3710,0,0,0,0,0
-37.3610,0,0,0,0,0
-37.3510,0,0,0,0,0
-37.3410,0,0,0,0,0
-37.3310,0,0,0,0,0
-37.3210,0,0,0,0,0
-37.3110,0,0,0,0,0
-37.3010,0,0,0,0,0
-37.2910,0,0,0,0,0
-37.2810,0,0,0,0,0
-37.2710,0,0,0,0,0
-37.2610,0,0,0,0,0
-37.2510,0,0,0,0,0
-37.2410,0,0,0,0,0
-37.2310,0,0,0,0,0
-37.2210,0,0,0,0,0
-37.2110,0,0,0,0,0
-37.2010,0,0,0,0,0
-37.1910,0,0,0,0,0
-37.1810,0,0,0,0,0
-37.1710,0,0,0,0,0
-37.1610,0,0,0,0,0
-37.1510,0,0,0,0,0
-37.1410,0,0,0,0,0
-37.1310,0,0,0,0,0
-37.1210,0,0,0,0,0
-37.1110,0,0,0,0,0
-37.1010,0,0,0,0,0
-37.0910,0,0,0,0,0
-37.0810,0,0,0,0,0
-37.0710,0,0,0,0,0
-37.0610,0,0,0,0,0
-37.0510,0,0,0,0,0
-37.0410,0,0,0,0,0
-37.0310,0,0,0,0,0
-37.0210,0,0,0,0,0
-37.0110,0,0,0,0,0
-37.0010,0,0,0,0,0
-36.9910,0,0,0,0,0
-36.9810,0,0,0,0,0
-36.9710,0,0,0,0,0
-36.9610,0,0,0,0,0
-36.9510,0,0,0,0,0
-36.9410,0,0,0,0,0
-36.9310,0,0,0,0,0
-36.9210,0,0,0,0,0
-36.9110,0,0,0,0,0
-36.9010,0,0,0,0,0
-36.8910,0,0,0,0,0
-36.8810,0,0,0,0,0
-36.8710,0,0,0,0,0
-36.8610,0,0,0,0,0
-36.8510,0,0,0,0,0
-36.8410,0,0,0,0,0
-36.8310,0,0,0,0,0
-36.8210,0,0,0,0,0
-36.8110,0,0,0,0,0
-36.8010,0,0,0,0,0
-36.7910,0,0,0,0,0
-36.7810,0,0,0,0,0
-36.7710,0,0,0,0,0
-36.7610,0,0,0,0,0
-36.7510,0,0,0,0,0
-36.7410,0,0,0,0,0
-36.7310,0,0,0,0,0
-36.7210,0,0,0,0,0
-36.7110,0,0,0,0,0
-36.7010,0,0,0,0,0
-36.6910,0,0,0,0,0
-36.6810,0,0,0,0,0
-36.6710,0,0,0,0,0
-36.6610,0,0,0,0,0
-36.6510,0,0,0,0,0
-36.6410,0,0,0,0,0
-36.6310,0,0,0,0,0
-36.6210,0,0,0,0,0
-36.6110,0,0,0,0,0
-36.6010,0,0,0,0,0
-36.5910,0,0,0,0,0
-36.5810,0,0,0,0,0
-36.5710,0,0,0,0,0
-36.5610,0,0,0,0,0
-36.5510,0,0,0,0,0
-36.5410,0,0,0,0,0
-36.5310,0,0,0,0,0
-36.5210,0,0,0,0,0
-36.5110,0,0,0,0,0
-36.5010,0,0,0,0,0
-36.4910,0,0,0,0,0
-36.4810,0,0,0,0,0
-36.4710,0,0,0,0,0
-36.4610,0,0,0,0,0
-36.4510,0,0,0,0,0
-36.4410,0,0,0,0,0
-36.4310,0,0,0,0,0
-36.4210,0,0,0,0,0
-36.4110,0,0,0,0,0
-36.4010,0,0,0,0,0
-36.3910,0,0,0,0,0
-36.3810,0,0,0,0,0
-36.3710,0,0,0,0,0
-36.3610,0,0,0,0,0
-36.3510,0,0,0,0,0
-36.3410,0,0,0,0,0
-36.3310,0,0,0,0,0
-36.3210,0,0,0,0,0
-36.3110,0,0,0,0,0
-36.3010,0,0,0,0,0
-36.2910,0,0,0,0,0
-36.2810,0,0,0,0,0
-36.2710,0,0,0,0,0
-36.2610,0,0,0,0,0
-36.2510,0,0,0,0,0
-36.2410,0,0,0,0,0
-36.2310,0,0,0,0,0
-36.2210,0,0,0,0,0
-36.2110,0,0,0,0,0
-36.2010,0,0,0,0,0
-36.1910,0,0,0,0,0
-36.1810,0,0,0,0,0
-36.1710,0,0,0,0,0
-36.1610,0,0,0,0,0
-36.1510,0,0,0,0,0
-36.1410,0,0,0,0,0
-36.1310,0,0,0,0,0
-36.1210,0,0,0,0,0
-36.1110,0,0,0,0,0
-36.1010,0,0,0,0,0
-36.0910,0,0,0,0,0
-36.0810,0,0,0,0,0
-36.0710,0,0,0,0,0
-36.0610,0,0,0,0,0
-36.0510,0,0,0,0,0
-36.0410,0,0,0,0,0
-36.0310,0,0,0,0,0
-36.0210,0,0,0,0,0
-36.0110,0,0,0,0,0
-36.0010,0,0,0,0,0
-35.9910,0,0,0,0,0
-35.9810,0,0,0,0,0
-35.9710,0,0,0,0,0
-35.9610,0,0,0,0,0
-35.9510,0,0,0,0,0
-35.9410,0,0,0,0,0
-35.9310,0,0,0,0,0
-35.9210,0,0,0,0,0
-35.9110,0,0,0,0,0
-35.9010,0,0,0,0,0
-35.8910,0,0,0,0,0
-35.8810,0,0,0,0,0
-35.8710,0,0,0,0,0
-35.8610,0,0,0,0,0
-35.8510,0,0,0,0,0
-35.8410,0,0,0,0,0
-35.8310,0,0,0,0,0
-35.8210,0,0,0,0,0
-35.8110,0,0,0,0,0
-35.8010,0,0,0,0,0
-35.7910,0,0,0,0,0
-35.7810,0,0,0,0,0
-35.7710,0,0,0,0,0
-35.7610,0,0,0,0,0
-35.7510,0,0,0,0,0
-35.7410,0,0,0,0,0
-35.7310,0,0,0,0,0
-35.7210,0,0,0,0,0
-35.7110,0,0,0,0,0
-35.7010,0,0,0,0,0
-35.6910,0,0,0,0,0
-35.6810,0,0,0,0,0
-35.6710,0,0,0,0,0
-35.6610,0,0,0,0,0
-35.6510,0,0,0,0,0
-35.6410,0,0,0,0,0
-35.6310,0,0,0,0,0
-35.6210,0,0,0,0,0
-35.6110,0,0,0,0,0
-35.6010,0,0,0,0,0
-35.5910,0,0,0,0,0
-35.5810,0,0,0,0,0
-35.5710,0,0,0,0,0
-35.5610,0,0,0,0,0
-35.5510,0,0,0,0,0
-35.5410,0,0,0,0,0
-35.5310,0,0,0,0,0
-35.5210,0,0,0,0,0
-35.5110,0,0,0,0,0
-35.5010,0,0,0,0,0
-35.4910,0,0,0,0,0
-35.4810,0,0,0,0,0
-35.4710,0,0,0,0,0
-35.4610,0,0,0,0,0
-35.4510,0,0,0,0,0
-35.4410,0,0,0,0,0
-35.4310,0,0,0,0,0
-35.4210,0,0,0,0,0
-35.4110,0,0,0,0,0
-35.4010,0,0,0,0,0
-35.3910,0,0,0,0,0
-35.3810,0,0,0,0,0
-35.3710,0,0,0,0,0
-35.3610,0,0,0,0,0
-35.3510,0,0,0,0,0
-35.3410,0,0,0,0,0
-35.3310,0,0,0,0,0
-35.3210,0,0,0,0,0
-35.3110,0,0,0,0,0
-35.3010,0,0,0,0,0
-35.2910,0,0,0,0,0
-35.2810,0,0,0,0,0
-35.2710,0,0,0,0,0
-35.2610,0,0,0,0,0
-35.2510,0,0,0,0,0
-35.2410,0,0,0,0,0
-35.2310,0,0,0,0,0
-35.2210,0,0,0,0,0
-35.2110,0,0,0,0,0
-35.2010,0,0,0,0,0
-35.1910,0,0,0,0,0
-35.1810,0,0,0,0,0
-35.1710,0,0,0,0,0
-35.1610,0,0,0,0,0
-35.1510,0,0,0,0,0
-35.1410,0,0,0,0,0
-35.1310,0,0,0,0,0
-35.1210,0,0,0,0,0
-35.1110,0,0,0,0,0
-35.1010,0,0,0,0,0
-35.0910,0,0,0,0,0
-35.0810,0,0,0,0,0
-35.0710,0,0,0,0,0
-35.0610,0,0,0,0,0
-35.0510,0,0,0,0,0
-35.0410,0,0,0,0,0
-35.0310,0,0,0,0,0
-35.0210,0,0,0,0,0
-35.0110,0,0,0,0,0
-35.0010,0,0,0,0,0
-34.9910,0,0,0,0,0
-34.9810,0,0,0,0,0
-34.9710,0,0,0,0,0
-34.9610,0,0,0,0,0
-34.9510,0,0,0,0,0
-34.9410,0,0,0,0,0
-34.9310,0,0,0,0,0
-34.9210,0,0,0,0,0
-34.9110,0,0,0,0,0
-34.9010,0,0,0,0,0
-34.8910,0,0,0,0,0
-34.8810,0,0,0,0,0
-34.8710,0,0,0,0,0
-34.8610,0,0,0,0,0
-34.8510,0,0,0,0,0
-34.8410,0,0,0,0,0
-34.8310,0,0,0,0,0
-34.8210,0,0,0,0,0
-34.8110,0,0,0,0,0
-34.8010,0,0,0,0,0
-34.7910,0,0,0,0,0
-34.7810,0,0,0,0,0
-34.7710,0,0,0,0,0
-34.7610,0,0,0,0,0
-34.7510,0,0,0,0,0
-34.7410,0,0,0,0,0
-34.7310,0,0,0,0,0
-34.7210,0,0,0,0,0
-34.7110,0,0,0,0,0
-34.7010,0,0,0,0,0
-34.6910,0,0,0,0,0
-34.6810,0,0,0,0,0
-34.6710,0,0,0,0,0
-34.6610,0,0,0,0,0
-34.6510,0,0,0,0,0
-34.6410,0,0,0,0,0
-34.6310,0,0,0,0,0
-34.6210,0,0,0,0,0
-34.6110,0,0,0,0,0
-34.6010,0,0,0,0,0
-34.5910,0,0,0,0,0
-34.5810,0,0,0,0,0
-34.5710,0,0,0,0,0
-34.5610,0,0,0,0,0
-34.5510,0,0,0,0,0
-34.5410,0,0,0,0,0
-34.5310,0,0,0,0,0
-34.5210,0,0,0,0,0
-34.5110,0,0,0,0,0
-34.5010,0,0,0,0,0
-34.4910,0,0,0,0,0
-34.4810,0,0,0,0,0
-34.4710,0,0,0,0,0
-34.4610,0,0,0,0,0
-34.4510,0,0,0,0,0
-34.4410,0,0,0,0,0
-34.4310,0,0,0,0,0
-34.4210,0,0,0,0,0
-34.4110,0,0,0,0,0
-34.4010,0,0,0,0,0
-34.3910,0,0,0,0,0
-34.3810,0,0,0,0,0
-34.3710,0,0,0,0,0
-34.3610,0,0,0,0,0
-34.3510,0,0,0,0,0
-34.3410,0,0,0,0,0
-34.3310,0,0,0,0,0
-34.3210,0,0,0,0,0
-34.3110,0,0,0,0,0
-34.3010,0,0,0,0,0
-34.2910,0,0,0,0,0
-34.2810,0,0,0,0,0
-34.2710,0,0,0,0,0
-34.2610,0,0,0,0,0
-34.2510,0,0,0,0,0
-34.2410,0,0,0,0,0
-34.2310,0,0,0,0,0
-34.2210,0,0,0,0,0
-34.2110,0,0,0,0,0
-34.2010,0,0,0,0,0
-34.1910,0,0,0,0,0
-34.1810,0,0,0,0,0
-34.1710,0,0,0,0,0
-34.1610,0,0,0,0,0
-34.1510,0,0,0,0,0
-34.1410,0,0,0,0,0
-34.1310,0,0,0,0,0
-34.1210,0,0,0,0,0
-34.1110,0,0,0,0,0
-34.1010,0,0,0,0,0
-34.0910,0,0,0,0,0
-34.0810,0,0,0,0,0
-34.0710,0,0,0,0,0
-34.0610,0,0,0,0,0
-34.0510,0,0,0,0,0
-34.0410,0,0,0,0,0
-34.0310,0,0,0,0,0
-34.0210,0,0,0,0,0
-34.0110,0,0,0,0,0
-34.0010,0,0,0,0,0
-33.9910,0,0,0,0,0
-33.9810,0,0,0,0,0
-33.9710,0,0,0,0,0
-33.9610,0,0,0,0,0
-33.9510,0,0,0,0,0
-33.9410,0,0,0,0,0
-33.9310,0,0,0,0,0
-33.9210,0,0,0,0,0
-33.9110,0,0,0,0,0
-33.9010,0,0,0,0,0
-33.8910,0,0,0,0,0
-33.8810,0,0,0,0,0
-33.8710,0,0,0,0,0
-33.8610,0,0,0,0,0
-33.8510,0,0,0,0,0
-33.8410,0,0,0,0,0
-33.8310,0,0,0,0,0
-33.8210,0,0,0,0,0
-33.8110,0,0,0,0,0
-33.8010,0,0,0,0,0
-33.7910,0,0,0,0,0
-33.7810,0,0,0,0,0
-33.7710,0,0,0,0,0
-33.7610,0,0,0,0,0
-33.7510,0,0,0,0,0
-33.7410,0,0,0,0,0
-33.7310,0,0,0,0,0
-33.7210,0,0,0,0,0
-33.7110,0,0,0,0,0
-33.7010,0,0,0,0,0
-33.6910,0,0,0,0,0
-33.6810,0,0,0,0,0
-33.6710,0,0,0,0,0
-33.6610,0,0,0,0,0
-33.6510,0,0,0,0,0
-33.6410,0,0,0,0,0
-33.6310,0,0,0,0,0
-33.6210,0,0,0,0,0
-33.6110,0,0,0,0,0
-33.6010,0,0,0,0,0
-33.5910,0,0,0,0,0
-33.5810,0,0,0,0,0
-33.5710,0,0,0,0,0
-33.5610,0,0,0,0,0
-33.5510,0,0,0,0,0
-33.5410,0,0,0,0,0
-33.5310,0,0,0,0,0
-33.5210,0,0,0,0,0
-33.5110,0,0,0,0,0
-33.5010,0,0,0,0,0
-33.4910,0,0,0,0,0
-33.4810,0,0,0,0,0
-33.4710,0,0,0,0,0
-33.4610,0,0,0,0,0
-33.4510,0,0,0,0,0
-33.4410,0,0,0,0,0
-33.4310,0,0,0,0,0
-33.4210,0,0,0,0,0
-33.4110,0,0,0,0,0
-33.4010,0,0,0,0,0
-33.3910,0,0,0,0,0
-33.3810,0,0,0,0,0
-33.3710,0,0,0,0,0
-33.3610,0,0,0,0,0
-33.3510,0,0,0,0,0
-33.3410,0,0,0,0,0
-33.3310,0,0,0,0,0
-33.3210,0,0,0,0,0
-33.3110,0,0,0,0,0
-33.3010,0,0,0,0,0
-33.2910,0,0,0,0,0
-33.2810,0,0,0,0,0
-33.2710,0,0,0,0,0
-33.2610,0,0,0,0,0
-33.2510,0,0,0,0,0
-33.2410,0,0,0,0,0
-33.2310,0,0,0,0,0
-33.2210,0,0,0,0,0
-33.2110,0,0,0,0,0
-33.2010,0,0,0,0,0
-33.1910,0,0,0,0,0
-33.1810,0,0,0,0,0
-33.1710,0,0,0,0,0
-33.1610,0,0,0,0,0
-33.1510,0,0,0,0,0
-33.1410,0,0,0,0,0
-33.1310,0,0,0,0,0
-33.1210,0,0,0,0,0
-33.1110,0,0,0,0,0
-33.1010,0,0,0,0,0
-33.0910,0,0,0,0,0
-33.0810,0,0,0,0,0
-33.0710,0,0,0,0,0
-33.0610,0,0,0,0,0
-33.0510,0,0,0,0,0
-33.0410,0,0,0,0,0
-33.0310,0,0,0,0,0
-33.0210,0,0,0,0,0
-33.0110,0,0,0,0,0
-33.0010,0,0,0,0,0
-32.9910,0,0,0,0,0
-32.9810,0,0,0,0,0
-32.9710,0,0,0,0,0
-32.9610,0,0,0,0,0
-32.9510,0,0,0,0,0
-32.9410,0,0,0,0,0
-32.9310,0,0,0,0,0
-32.9210,0,0,0,0,0
-32.9110,0,0,0,0,0
-32.9010,0,0,0,0,0
-32.8910,0,0,0,0,0
-32.8810,0,0,0,0,0
-32.8710,0,0,0,0,0
-32.8610,0,0,0,0,0
-32.8510,0,0,0,0,0
-32.8410,0,0,0,0,0
-32.8310,0,0,0,0,0
-32.8210,0,0,0,0,0
-32.8110,0,0,0,0,0
-32.8010,0,0,0,0,0
-32.7910,0,0,0,0,0
-32.7810,0,0,0,0,0
-32.7710,0,0,0,0,0
-32.7610,0,0,0,0,0
-32.7510,0,0,0,0,0
-32.7410,0,0,0,0,0
-32.7310,0,0,0,0,0
-32.7210,0,0,0,0,0
-32.7110,0,0,0,0,0
-32.7010,0,0,0,0,0
-32.6910,0,0,0,0,0
-32.6810,0,0,0,0,0
-32.6710,0,0,0,0,0
-32.6610,0,0,0,0,0
-32.6510,0,0,0,0,0
-32.6410,0,0,0,0,0
-32.6310,0,0,0,0,0
-32.6210,0,0,0,0,0
-32.6110,0,0,0,0,0
-32.6010,0,0,0,0,0
-32.5910,0,0,0,0,0
-32.5810,0,0,0,0,0
-32.5710,0,0,0,0,0
-32.5610,0,0,0,0,0
-32.5510,0,0,0,0,0
-32.5410,0,0,0,0,0
-32.5310,0,0,0,0,0
-32.5210,0,0,0,0,0
-32.5110,0,0,0,0,0
-32.5010,0,0,0,0,0
-32.4910,0,0,0,0,0
-32.4810,0,0,0,0,0
-32.4710,0,0,0,0,0
-32.4610,0,0,0,0,0
-32.4510,0,0,0,0,0
-32.4410,0,0,0,0,0
-32.4310,0,0,0,0,0
-32.4210,0,0,0,0,0
-32.4110,0,0,0,0,0
-32.4010,0,0,0,0,0
-32.3910,0,0,0,0,0
-32.3810,0,0,0,0,0
-32.3710,0,0,0,0,0
-32.3610,0,0,0,0,0
-32.3510,0,0,0,0,0
-32.3410,0,0,0,0,0
-32.3310,0,0,0,0,0
-32.3210,0,0,0,0,0
-32.3110,0,0,0,0,0
-32.3010,0,0,0,0,0
-32.2910,0,0,0,0,0
-32.2810,0,0,0,0,0
-32.2710,0,0,0,0,0
-32.2610,0,0,0,0,0
-32.2510,0,0,0,0,0
-32.2410,0,0,0,0,0
-32.2310,0,0,0,0,0
-32.2210,0,0,0,0,0
-32.2110,0,0,0,0,0
-32.2010,0,0,0,0,0
-32.1910,0,0,0,0,0
-32.1810,0,0,0,0,0
-32.1710,0,0,0,0,0
-32.1610,0,0,0,0,0
-32.1510,0,0,0,0,0
-32.1410,0,0,0,0,0
-32.1310,0,0,0,0,0
-32.1210,0,0,0,0,0
-32.1110,0,0,0,0,0
-32.1010,0,0,0,0,0
-32.0910,0,0,0,0,0
-32.0810,0,0,0,0,0
-32.0710,0,0,0,0,0
-32.0610,0,0,0,0,0
-32.0510,0,0,0,0,0
-32.0410,0,0,0,0,0
-32.0310,0,0,0,0,0
-32.0210,0,0,0,0,0
-32.0110,0,0,0,0,0
-32.0010,0,0,0,0,0
-31.9910,0,0,0,0,0
-31.9810,0,0,0,0,0
-31.9710,0,0,0,0,0
-31.9610,0,0,0,0,0
-31.9510,0,0,0,0,0
-31.9410,0,0,0,0,0
-31.9310,0,0,0,0,0
-31.9210,0,0,0,0,0
-31.9110,0,0,0,0,0
-31.9010,0,0,0,0,0
-31.8910,0,0,0,0,0
-31.8810,0,0,0,0,0
-31.8710,0,0,0,0,0
-31.8610,0,0,0,0,0
-31.8510,0,0,0,0,0
-31.8410,0,0,0,0,0
-31.8310,0,0,0,0,0
-31.8210,0,0,0,0,0
-31.8110,0,0,0,0,0
-31.8010,0,0,0,0,0
-31.7910,0,0,0,0,0
-31.7810,0,0,0,0,0
-31.7710,0,0,0,0,0
-31.7610,0,0,0,0,0
-31.7510,0,0,0,0,0
-31.7410,0,0,0,0,0
-31.7310,0,0,0,0,0
-31.7210,0,0,0,0,0
-31.7110,0,0,0,0,0
-31.7010,0,0,0,0,0
-31.6910,0,0,0,0,0
-31.6810,0,0,0,0,0
-31.6710,0,0,0,0,0
-31.6610,0,0,0,0,0
-31.6510,0,0,0,0,0
-31.6410,0,0,0,0,0
-31.6310,0,0,0,0,0
-31.6210,0,0,0,0,0
-31.6110,0,0,0,0,0
-31.6010,0,0,0,0,0
-31.5910,0,0,0,0,0
-31.5810,0,0,0,0,0
-31.5710,0,0,0,0,0
-31.5610,0,0,0,0,0
-31.5510,0,0,0,0,0
-31.5410,0,0,0,0,0
-31.5310,0,0,0,0,0
-31.5210,0,0,0,0,0
-31.5110,0,0,0,0,0
-31.5010,0,0,0,0,0
-31.4910,0,0,0,0,0
-31.4810,0,0,0,0,0
-31.4710,0,0,0,0,0
-31.4610,0,0,0,0,0
-31.4510,0,0,0,0,0
-31.4410,0,0,0,0,0
-31.4310,0,0,0,0,0
-31.4210,0,0,0,0,0
-31.4110,0,0,0,0,0
-31.4010,0,0,0,0,0
-31.3910,0,0,0,0,0
-31.3810,0,0,0,0,0
-31.3710,0,0,0,0,0
-31.3610,0,0,0,0,0
-31.3510,0,0,0,0,0
-31.3410,0,0,0,0,0
-31.3310,0,0,0,0,0
-31.3210,0,0,0,0,0
-31.3110,0,0,0,0,0
-31.3010,0,0,0,0,0
-31.2910,0,0,0,0,0
-31.2810,0,0,0,0,0
-31.2710,0,0,0,0,0
-31.2610,0,0,0,0,0
-31.2510,0,0,0,0,0
-31.2410,0,0,0,0,0
-31.2310,0,0,0,0,0
-31.2210,0,0,0,0,0
-31.2110,0,0,0,0,0
-31.2010,0,0,0,0,0
-31.1910,0,0,0,0,0
-31.1810,0,0,0,0,0
-31.1710,0,0,0,0,0
-31.1610,0,0,0,0,0
-31.1510,0,0,0,0,0
-31.1410,0,0,0,0,0
-31.1310,0,0,0,0,0
-31.1210,0,0,0,0,0
-31.1110,0,0,0,0,0
-31.1010,0,0,0,0,0
-31.0910,0,0,0,0,0
-31.0810,0,0,0,0,0
-31.0710,0,0,0,0,0
-31.0610,0,0,0,0,0
-31.0510,0,0,0,0,0
-31.0410,0,0,0,0,0
-31.0310,0,0,0,0,0
-31.0210,0,0,0,0,0
-31.0110,0,0,0,0,0
-31.0010,0,0,0,0,0
-30.9910,0,0,0,0,0
-30.9810,0,0,0,0,0
-30.9710,0,0,0,0,0
-30.9610,0,0,0,0,0
-30.9510,0,0,0,0,0
-30.9410,0,0,0,0,0
-30.9310,0,0,0,0,0
-30.9210,0,0,0,0,0
-30.9110,0,0,0,0,0
-30.9010,0,0,0,0,0
-30.8910,0,0,0,0,0
-30.8810,0,0,0,0,0
-30.8710,0,0,0,0,0
-30.8610,0,0,0,0,0
-30.8510,0,0,0,0,0
-30.8410,0,0,0,0,0
-30.8310,0,0,0,0,0
-30.8210,0,0,0,0,0
-30.8110,0,0,0,0,0
-30.8010,0,0,0,0,0
-30.7910,0,0,0,0,0
-30.7810,0,0,0,0,0
-30.7710,0,0,0,0,0
-30.7610,0,0,0,0,0
-30.7510,0,0,0,0,0
-30.7410,0,0,0,0,0
-30.7310,0,0,0,0,0
-30.7210,0,0,0,0,0
-30.7110,0,0,0,0,0
-30.7010,0,0,0,0,0
-30.6910,0,0,0,0,0
-30.6810,0,0,0,0,0
-30.6710,0,0,0,0,0
-30.6610,0,0,0,0,0
-30.6510,0,0,0,0,0
-30.6410,0,0,0,0,0
-30.6310,0,0,0,0,0
-30.6210,0,0,0,0,0
-30.6110,0,0,0,0,0
-30.6010,0,0,0,0,0
-30.5910,0,0,0,0,0
-30.5810,0,0,0,0,0
-30.5710,0,0,0,0,0
-30.5610,0,0,0,0,0
-30.5510,0,0,0,0,0
-30.5410,0,0,0,0,0
-30.5310,0,0,0,0,0
-30.5210,0,0,0,0,0
-30.5110,0,0,0,0,0
-30.5010,0,0,0,0,0
-30.4910,0,0,0,0,0
-30.4810,0,0,0,0,0
-30.4710,0,0,0,0,0
-30.4610,0,0,0,0,0
-30.4510,0,0,0,0,0
-30.4410,0,0,0,0,0
-30.4310,0,0,0,0,0
-30.4210,0,0,0,0,0
-30.4110,0,0,0,0,0
-30.4010,0,0,0,0,0
-30.3910,0,0,0,0,0
-30.3810,0,0,0,0,0
-30.3710,0,0,0,0,0
-30.3610,0,0,0,0,0
-30.3510,0,0,0,0,0
-30.3410,0,0,0,0,0
-30.3310,0,0,0,0,0
-30.3210,0,0,0,0,0
-30.3110,0,0,0,0,0
-30.3010,0,0,0,0,0
-30.2910,0,0,0,0,0
-30.2810,0,0,0,0,0
-30.2710,0,0,0,0,0
-30.2610,0,0,0,0,0
-30.2510,0,0,0,0,0
-30.2410,0,0,0,0,0
-30.2310,0,0,0,0,0
-30.2210,0,0,0,0,0
-30.2110,0,0,0,0,0
-30.2010,0,0,0,0,0
-30.1910,0,0,0,0,0
-30.1810,0,0,0,0,0
-30.1710,0,0,0,0,0
-30.1610,0,0,0,0,0
-30.1510,0,0,0,0,0
-30.1410,0,0,0,0,0
-30.1310,0,0,0,0,0
-30.1210,0,0,0,0,0
-30.1110,0,0,0,0,0
-30.1010,0,0,0,0,0
-30.0910,0,0,0,0,0
-30.0810,0,0,0,0,0
-30.0710,0,0,0,0,0
-30.0610,0,0,0,0,0
-30.0510,0,0,0,0,0
-30.0410,0,0,0,0,0
-30.0310,0,0,0,0,0
-30.0210,0,0,0,0,0
-30.0110,0,0,0,0,0
-30.0010,0,0,0,0,0
-29.9910,0,0,0,0,0
-29.9810,0,0,0,0,0
-29.9710,0,0,0,0,0
-29.9610,0,0,0,0,0
-29.9510,0,0,0,0,0
-29.9410,0,0,0,0,0
-29.9310,0,0,0,0,0
-29.9210,0,0,0,0,0
-29.9110,0,0,0,0,0
-29.9010,0,0,0,0,0
-29.8910,0,0,0,0,0
-29.8810,0,0,0,0,0
-29.8710,0,0,0,0,0
-29.8610,0,0,0,0,0
-29.8510,0,0,0,0,0
-29.8410,0,0,0,0,0
-29.8310,0,0,0,0,0
-29.8210,0,0,0,0,0
-29.8110,0,0,0,0,0
-29.8010,0,0,0,0,0
-29.7910,0,0,0,0,0
-29.7810,0,0,0,0,0
-29.7710,0,0,0,0,0
-29.7610,0,0,0,0,0
-29.7510,0,0,0,0,0
-29.7410,0,0,0,0,0
-29.7310,0,0,0,0,0
-29.7210,0,0,0,0,0
-29.7110,0,0,0,0,0
-29.7010,0,0,0,0,0
-29.6910,0,0,0,0,0
-29.6810,0,0,0,0,0
-29.6710,0,0,0,0,0
-29.6610,0,0,0,0,0
-29.6510,0,0,0,0,0
-29.6410,0,0,0,0,0
-29.6310,0,0,0,0,0
-29.6210,0,0,0,0,0
-29.6110,0,0,0,0,0
-29.6010,0,0,0,0,0
-29.5910,0,0,0,0,0
-29.5810,0,0,0,0,0
-29.5710,0,0,0,0,0
-29.5610,0,0,0,0,0
-29.5510,0,0,0,0,0
-29.5410,0,0,0,0,0
-29.5310,0,0,0,0,0
-29.5210,0,0,0,0,0
-29.5110,0,0,0,0,0
-29.5010,0,0,0,0,0
-29.4910,0,0,0,0,0
-29.4810,0,0,0,0,0
-29.4710,0,0,0,0,0
-29.4610,0,0,0,0,0
-29.4510,0,0,0,0,0
-29.4410,0,0,0,0,0
-29.4310,0,0,0,0,0
-29.4210,0,0,0,0,0
-29.4110,0,0,0,0,0
-29.4010,0,0,0,0,0
-29.3910,0,0,0,0,0
-29.3810,0,0,0,0,0
-29.3710,0,0,0,0,0
-29.3610,0,0,0,0,0
-29.3510,0,0,0,0,0
-29.3410,0,0,0,0,0
-29.3310,0,0,0,0,0
-29.3210,0,0,0,0,0
-29.3110,0,0,0,0,0
-29.3010,0,0,0,0,0
-29.2910,0,0,0,0,0
-29.2810,0,0,0,0,0
-29.2710,0,0,0,0,0
-29.2610,0,0,0,0,0
-29.2510,0,0,0,0,0
-29.2410,0,0,0,0,0
-29.2310,0,0,0,0,0
-29.2210,0,0,0,0,0
-29.2110,0,0,0,0,0
-29.2010,0,0,0,0,0
-29.1910,0,0,0,0,0
-29.1810,0,0,0,0,0
-29.1710,0,0,0,0,0
-29.1610,0,0,0,0,0
-29.1510,0,0,0,0,0
-29.1410,0,0,0,0,0
-29.1310,0,0,0,0,0
-29.1210,0,0,0,0,0
-29.1110,0,0,0,0,0
-29.1010,0,0,0,0,0
-29.0910,0,0,0,0,0
-29.0810,0,0,0,0,0
-29.0710,0,0,0,0,0
-29.0610,0,0,0,0,0
-29.0510,0,0,0,0,0
-29.0410,0,0,0,0,0
-29.0310,0,0,0,0,0
-29.0210,0,0,0,0,0
-29.0110,0,0,0,0,0
-29.0010,0,0,0,0,0
-28.9910,0,0,0,0,0
-28.9810,0,0,0,0,0
-28.9710,0,0,0,0,0
-28.9610,0,0,0,0,0
-28.9510,0,0,0,0,0
-28.9410,0,0,0,0,0
-28.9310,0,0,0,0,0
-28.9210,0,0,0,0,0
-28.9110,0,0,0,0,0
-28.9010,0,0,0,0,0
-28.8910,0,0,0,0,0
-28.8810,0,0,0,0,0
-28.8710,0,0,0,0,0
-28.8610,0,0,0,0,0
-28.8510,0,0,0,0,0
-28.8410,0,0,0,0,0
-28.8310,0,0,0,0,0
-28.8210,0,0,0,0,0
-28.8110,0,0,0,0,0
-28.8010,0,0,0,0,0
-28.7910,0,0,0,0,0
-28.7810,0,0,0,0,0
-28.7710,0,0,0,0,0
-28.7610,0,0,0,0,0
-28.7510,0,0,0,0,0
-28.7410,0,0,0,0,0
-28.7310,0,0,0,0,0
-28.7210,0,0,0,0,0
-28.7110,0,0,0,0,0
-28.7010,0,0,0,0,0
-28.6910,0,0,0,0,0
-28.6810,0,0,0,0,0
-28.6710,0,0,0,0,0
-28.6610,0,0,0,0,0
-28.6510,0,0,0,0,0
-28.6410,0,0,0,0,0
-28.6310,0,0,0,0,0
-28.6210,0,0,0,0,0
-28.6110,0,0,0,0,0
-28.6010,0,0,0,0,0
-28.5910,0,0,0,0,0
-28.5810,0,0,0,0,0
-28.5710,0,0,0,0,0
-28.5610,0,0,0,0,0
-28.5510,0,0,0,0,0
-28.5410,0,0,0,0,0
-28.5310,0,0,0,0,0
-28.5210,0,0,0,0,0
-28.5110,0,0,0,0,0
-28.5010,0,0,0,0,0
-28.4910,0,0,0,0,0
-28.4810,0,0,0,0,0
-28.4710,0,0,0,0,0
-28.4610,0,0,0,0,0
-28.4510,0,0,0,0,0
-28.4410,0,0,0,0,0
-28.4310,0,0,0,0,0
-28.4210,0,0,0,0,0
-28.4110,0,0,0,0,0
-28.4010,0,0,0,0,0
-28.3910,0,0,0,0,0
-28.3810,0,0,0,0,0
-28.3710,0,0,0,0,0
-28.3610,0,0,0,0,0
-28.3510,0,0,0,0,0
-28.3410,0,0,0,0,0
-28.3310,0,0,0,0,0
-28.3210,0,0,0,0,0
-28.3110,0,0,0,0,0
-28.3010,0,0,0,0,0
-28.2910,0,0,0,0,0
-28.2810,0,0,0,0,0
-28.2710,0,0,0,0,0
-28.2610,0,0,0,0,0
-28.2510,0,0,0,0,0
-28.2410,0,0,0,0,0
-28.2310,0,0,0,0,0
-28.2210,0,0,0,0,0
-28.2110,0,0,0,0,0
-28.2010,0,0,0,0,0
-28.1910,0,0,0,0,0
-28.1810,0,0,0,0,0
-28.1710,0,0,0,0,0
-28.1610,0,0,0,0,0
-28.1510,0,0,0,0,0
-28.1410,0,0,0,0,0
-28.1310,0,0,0,0,0
-28.1210,0,0,0,0,0
-28.1110,0,0,0,0,0
-28.1010,0,0,0,0,0
-28.0910,0,0,0,0,0
-28.0810,0,0,0,0,0
-28.0710,0,0,0,0,0
-28.0610,0,0,0,0,0
-28.0510,0,0,0,0,0
-28.0410,0,0,0,0,0
-28.0310,0,0,0,0,0
-28.0210,0,0,0,0,0
-28.0110,0,0,0,0,0
-28.0010,0,0,0,0,0
-27.9910,0,0,0,0,0
-27.9810,0,0,0,0,0
-27.9710,0,0,0,0,0
-27.9610,0,0,0,0,0
-27.9510,0,0,0,0,0
-27.9410,0,0,0,0,0
-27.9310,0,0,0,0,0
-27.9210,0,0,0,0,0
-27.9110,0,0,0,0,0
-27.9010,0,0,0,0,0
-27.8910,0,0,0,0,0
-27.8810,0,0,0,0,0
-27.8710,0,0,0,0,0
-27.8610,0,0,0,0,0
-27.8510,0,0,0,0,0
-27.8410,0,0,0,0,0
-27.8310,0,0,0,0,0
-27.8210,0,0,0,0,0
-27.8110,0,0,0,0,0
-27.8010,0,0,0,0,0
-27.7910,0,0,0,0,0
-27.7810,0,0,0,0,0
-27.7710,0,0,0,0,0
-27.7610,0,0,0,0,0
-27.7510,0,0,0,0,0
-27.7410,0,0,0,0,0
-27.7310,0,0,0,0,0
-27.7210,0,0,0,0,0
-27.7110,0,0,0,0,0
-27.7010,0,0,0,0,0
-27.6910,0,0,0,0,0
-27.6810,0,0,0,0,0
-27.6710,0,0,0,0,0
-27.6610,0,0,0,0,0
-27.6510,0,0,0,0,0
-27.6410,0,0,0,0,0
-27.6310,0,0,0,0,0
-27.6210,0,0,0,0,0
-27.6110,0,0,0,0,0
-27.6010,0,0,0,0,0
-27.5910,0,0,0,0,0
-27.5810,0,0,0,0,0
-27.5710,0,0,0,0,0
-27.5610,0,0,0,0,0
-27.5510,0,0,0,0,0
-27.5410,0,0,0,0,0
-27.5310,0,0,0,0,0
-27.5210,0,0,0,0,0
-27.5110,0,0,0,0,0
-27.5010,0,0,0,0,0
-27.4910,0,0,0,0,0
-27.4810,0,0,0,0,0
-27.4710,0,0,0,0,0
-27.4610,0,0,0,0,0
-27.4510,0,0,0,0,0
-27.4410,0,0,0,0,0
-27.4310,0,0,0,0,0
-27.4210,0,0,0,0,0
-27.4110,0,0,0,0,0
-27.4010,0,0,0,0,0
-27.3910,0,0,0,0,0
-27.3810,0,0,0,0,0
-27.3710,0,0,0,0,0
-27.3610,0,0,0,0,0
-27.3510,0,0,0,0,0
-27.3410,0,0,0,0,0
-27.3310,0,0,0,0,0
-27.3210,0,0,0,0,0
-27.3110,0,0,0,0,0
-27.3010,0,0,0,0,0
-27.2910,0,0,0,0,0
-27.2810,0,0,0,0,0
-27.2710,0,0,0,0,0
-27.2610,0,0,0,0,0
-27.2510,0,0,0,0,0
-27.2410,0,0,0,0,0
-27.2310,0,0,0,0,0
-27.2210,0,0,0,0,0
-27.2110,0,0,0,0,0
-27.2010,0,0,0,0,0
-27.1910,0,0,0,0,0
-27.1810,0,0,0,0,0
-27.1710,0,0,0,0,0
-27.1610,0,0,0,0,0
-27.1510,0,0,0,0,0
-27.1410,0,0,0,0,0
-27.1310,0,0,0,0,0
-27.1210,0,0,0,0,0
-27.1110,0,0,0,0,0
-27.1010,0,0,0,0,0
-27.0910,0,0,0,0,0
-27.0810,0,0,0,0,0
-27.0710,0,0,0,0,0
-27.0610,0,0,0,0,0
-27.0510,0,0,0,0,0
-27.0410,0,0,0,0,0
-27.0310,0,0,0,0,0
-27.0210,0,0,0,0,0
-27.0110,0,0,0,0,0
-27.0010,0,0,0,0,0
-26.9910,0,0,0,0,0
-26.9810,0,0,0,0,0
-26.9710,0,0,0,0,0
-26.9610,0,0,0,0,0
-26.9510,0,0,0,0,0
-26.9410,0,0,0,0,0
-26.9310,0,0,0,0,0
-26.9210,0,0,0,0,0
-26.9110,0,0,0,0,0
-26.9010,0,0,0,0,0
-26.8910,0,0,0,0,0
-26.8810,0,0,0,0,0
-26.8710,0,0,0,0,0
-26.8610,0,0,0,0,0
-26.8510,0,0,0,0,0
-26.8410,0,0,0,0,0
-26.8310,0,0,0,0,0
-26.8210,0,0,0,0,0
-26.8110,0,0,0,0,0
-26.8010,0,0,0,0,0
-26.7910,0,0,0,0,0
-26.7810,0,0,0,0,0
-26.7710,0,0,0,0,0
-26.7610,0,0,0,0,0
-26.7510,0,0,0,0,0
-26.7410,0,0,0,0,0
-26.7310,0,0,0,0,0
-26.7210,0,0,0,0,0
-26.7110,0,0,0,0,0
-26.7010,0,0,0,0,0
-26.6910,0,0,0,0,0
-26.6810,0,0,0,0,0
-26.6710,0,0,0,0,0
-26.6610,0,0,0,0,0
-26.6510,0,0,0,0,0
-26.6410,0,0,0,0,0
-26.6310,0,0,0,0,0
-26.6210,0,0,0,0,0
-26.6110,0,0,0,0,0
-26.6010,0,0,0,0,0
-26.5910,0,0,0,0,0
-26.5810,0,0,0,0,0
-26.5710,0,0,0,0,0
-26.5610,0,0,0,0,0
-26.5510,0,0,0,0,0
-26.5410,0,0,0,0,0
-26.5310,0,0,0,0,0
-26.5210,0,0,0,0,0
-26.5110,0,0,0,0,0
-26.5010,0,0,0,0,0
-26.4910,0,0,0,0,0
-26.4810,0,0,0,0,0
-26.4710,0,0,0,0,0
-26.4610,0,0,0,0,0
-26.4510,0,0,0,0,0
-26.4410,0,0,0,0,0
-26.4310,0,0,0,0,0
-26.4210,0,0,0,0,0
-26.4110,0,0,0,0,0
-26.4010,0,0,0,0,0
-26.3910,0,0,0,0,0
-26.3810,0,0,0,0,0
-26.3710,0,0,0,0,0
-26.3610,0,0,0,0,0
-26.3510,0,0,0,0,0
-26.3410,0,0,0,0,0
-26.3310,0,0,0,0,0
-26.3210,0,0,0,0,0
-26.3110,0,0,0,0,0
-26.3010,0,0,0,0,0
-26.2910,0,0,0,0,0
-26.2810,0,0,0,0,0
-26.2710,0,0,0,0,0
-26.2610,0,0,0,0,0
-26.2510,0,0,0,0,0
-26.2410,0,0,0,0,0
-26.2310,0,0,0,0,0
-26.2210,0,0,0,0,0
-26.2110,0,0,0,0,0
-26.2010,0,0,0,0,0
-26.1910,0,0,0,0,0
-26.1810,0,0,0,0,0
-26.1710,0,0,0,0,0
-26.1610,0,0,0,0,0
-26.1510,0,0,0,0,0
-26.1410,0,0,0,0,0
-26.1310,0,0,0,0,0
-26.1210,0,0,0,0,0
-26.1110,0,0,0,0,0
-26.1010,0,0,0,0,0
-26.0910,0,0,0,0,0
-26.0810,0,0,0,0,0
-26.0710,0,0,0,0,0
-26.0610,0,0,0,0,0
-26.0510,0,0,0,0,0
-26.0410,0,0,0,0,0
-26.0310,0,0,0,0,0
-26.0210,0,0,0,0,0
-26.0110,0,0,0,0,0
-26.0010,0,0,0,0,0
-25.9910,0,0,0,0,0
-25.9810,0,0,0,0,0
-25.9710,0,0,0,0,0
-25.9610,0,0,0,0,0
-25.9510,0,0,0,0,0
-25.9410,0,0,0,0,0
-25.9310,0,0,0,0,0
-25.9210,0,0,0,0,0
-25.9110,0,0,0,0,0
-25.9010,0,0,0,0,0
-25.8910,0,0,0,0,0
-25.8810,0,0,0,0,0
-25.8710,0,0,0,0,0
-25.8610,0,0,0,0,0
-25.8510,0,0,0,0,0
-25.8410,0,0,0,0,0
-25.8310,0,0,0,0,0
-25.8210,0,0,0,0,0
-25.8110,0,0,0,0,0
-25.8010,0,0,0,0,0
-25.7910,0,0,0,0,0
-25.7810,0,0,0,0,0
-25.7710,0,0,0,0,0
-25.7610,0,0,0,0,0
-25.7510,0,0,0,0,0
-25.7410,0,0,0,0,0
-25.7310,0,0,0,0,0
-25.7210,0,0,0,0,0
-25.7110,0,0,0,0,0
-25.7010,0,0,0,0,0
-25.6910,0,0,0,0,0
-25.6810,0,0,0,0,0
-25.6710,0,0,0,0,0
-25.6610,0,0,0,0,0
-25.6510,0,0,0,0,0
-25.6410,0,0,0,0,0
-25.6310,0,0,0,0,0
-25.6210,0,0,0,0,0
-25.6110,0,0,0,0,0
-25.6010,0,0,0,0,0
-25.5910,0,0,0,0,0
-25.5810,0,0,0,0,0
-25.5710,0,0,0,0,0
-25.5610,0,0,0,0,0
-25.5510,0,0,0,0,0
-25.5410,0,0,0,0,0
-25.5310,0,0,0,0,0
-25.5210,0,0,0,0,0
-25.5110,0,0,0,0,0
-25.5010,0,0,0,0,0
-25.4910,0,0,0,0,0
-25.4810,0,0,0,0,0
-25.4710,0,0,0,0,0
-25.4610,0,0,0,0,0
-25.4510,0,0,0,0,0
-25.4410,0,0,0,0,0
-25.4310,0,0,0,0,0
-25.4210,0,0,0,0,0
-25.4110,0,0,0,0,0
-25.4010,0,0,0,0,0
-25.3910,0,0,0,0,0
-25.3810,0,0,0,0,0
-25.3710,0,0,0,0,0
-25.3610,0,0,0,0,0
-25.3510,0,0,0,0,0
-25.3410,0,0,0,0,0
-25.3310,0,0,0,0,0
-25.3210,0,0,0,0,0
-25.3110,0,0,0,0,0
-25.3010,0,0,0,0,0
-25.2910,0,0,0,0,0
-25.2810,0,0,0,0,0
-25.2710,0,0,0,0,0
-25.2610,0,0,0,0,0
-25.2510,0,0,0,0,0
-25.2410,0,0,0,0,0
-25.2310,0,0,0,0,0
-25.2210,0,0,0,0,0
-25.2110,0,0,0,0,0
-25.2010,0,0,0,0,0
-25.1910,0,0,0,0,0
-25.1810,0,0,0,0,0
-25.1710,0,0,0,0,0
-25.1610,0,0,0,0,0
-25.1510,0,0,0,0,0
-25.1410,0,0,0,0,0
-25.1310,0,0,0,0,0
-25.1210,0,0,0,0,0
-25.1110,0,0,0,0,0
-25.1010,0,0,0,0,0
-25.0910,0,0,0,0,0
-25.0810,0,0,0,0,0
-25.0710,0,0,0,0,0
-25.0610,0,0,0,0,0
-25.0510,0,0,0,0,0
-25.0410,0,0,0,0,0
-25.0310,0,0,0,0,0
-25.0210,0,0,0,0,0
-25.0110,0,0,0,0,0
-25.0010,0,0,0,0,0
-24.9910,0,0,0,0,0
-24.9810,0,0,0,0,0
-24.9710,0,0,0,0,0
-24.9610,0,0,0,0,0
-24.9510,0,0,0,0,0
-24.9410,0,0,0,0,0
-24.9310,0,0,0,0,0
-24.9210,0,0,0,0,0
-24.9110,0,0,0,0,0
-24.9010,0,0,0,0,0
-24.8910,0,0,0,0,0
-24.8810,0,0,0,0,0
-24.8710,0,0,0,0,0
-24.8610,0,0,0,0,0
-24.8510,0,0,0,0,0
-24.8410,0,0,0,0,0
-24.8310,0,0,0,0,0
-24.8210,0,0,0,0,0
-24.8110,0,0,0,0,0
-24.8010,0,0,0,0,0
-24.7910,0,0,0,0,0
-24.7810,0,0,0,0,0
-24.7710,0,0,0,0,0
-24.7610,0,0,0,0,0
-24.7510,0,0,0,0,0
-24.7410,0,0,0,0,0
-24.7310,0,0,0,0,0
-24.7210,0,0,0,0,0
-24.7110,0,0,0,0,0
-24.7010,0,0,0,0,0
-24.6910,0,0,0,0,0
-24.6810,0,0,0,0,0
-24.6710,0,0,0,0,0
-24.6610,0,0,0,0,0
-24.6510,0,0,0,0,0
-24.6410,0,0,0,0,0
-24.6310,0,0,0,0,0
-24.6210,0,0,0,0,0
-24.6110,0,0,0,0,0
-24.6010,0,0,0,0,0
-24.5910,0,0,0,0,0
-24.5810,0,0,0,0,0
-24.5710,0,0,0,0,0
-24.5610,0,0,0,0,0
-24.5510,0,0,0,0,0
-24.5410,0,0,0,0,0
-24.5310,0,0,0,0,0
-24.5210,0,0,0,0,0
-24.5110,0,0,0,0,0
-24.5010,0,0,0,0,0
-24.4910,0,0,0,0,0
-24.4810,0,0,0,0,0
-24.4710,0,0,0,0,0
-24.4610,0,0,0,0,0
-24.4510,0,0,0,0,0
-24.4410,0,0,0,0,0
-24.4310,0,0,0,0,0
-24.4210,0,0,0,0,0
-24.4110,0,0,0,0,0
-24.4010,0,0,0,0,0
-24.3910,0,0,0,0,0
-24.3810,0,0,0,0,0
-24.3710,0,0,0,0,0
-24.3610,0,0,0,0,0
-24.3510,0,0,0,0,0
-24.3410,0,0,0,0,0
-24.3310,0,0,0,0,0
-24.3210,0,0,0,0,0
-24.3110,0,0,0,0,0
-24.3010,0,0,0,0,0
-24.2910,0,0,0,0,0
-24.2810,0,0,0,0,0
-24.2710,0,0,0,0,0
-24.2610,0,0,0,0,0
-24.2510,0,0,0,0,0
-24.2410,0,0,0,0,0
-24.2310,0,0,0,0,0
-24.2210,0,0,0,0,0
-24.2110,0,0,0,0,0
-24.2010,0,0,0,0,0
-24.1910,0,0,0,0,0
-24.1810,0,0,0,0,0
-24.1710,0,0,0,0,0
-24.1610,0,0,0,0,0
-24.1510,0,0,0,0,0
-24.1410,0,0,0,0,0
-24.1310,0,0,0,0,0
-24.1210,0,0,0,0,0
-24.1110,0,0,0,0,0
-24.1010,0,0,0,0,0
-24.0910,0,0,0,0,0
-24.0810,0,0,0,0,0
-24.0710,0,0,0,0,0
-24.0610,0,0,0,0,0
-24.0510,0,0,0,0,0
-24.0410,0,0,0,0,0
-24.0310,0,0,0,0,0
-24.0210,0,0,0,0,0
-24.0110,0,0,0,0,0
-24.0010,0,0,0,0,0
-23.9910,0,0,0,0,0
-23.9810,0,0,0,0,0
-23.9710,0,0,0,0,0
-23.9610,0,0,0,0,0
-23.9510,0,0,0,0,0
-23.9410,0,0,0,0,0
-23.9310,0,0,0,0,0
-23.9210,0,0,0,0,0
-23.9110,0,0,0,0,0
-23.9010,0,0,0,0,0
-23.8910,0,0,0,0,0
-23.8810,0,0,0,0,0
-23.8710,0,0,0,0,0
-23.8610,0,0,0,0,0
-23.8510,0,0,0,0,0
-23.8410,0,0,0,0,0
-23.8310,0,0,0,0,0
-23.8210,0,0,0,0,0
-23.8110,0,0,0,0,0
-23.8010,0,0,0,0,0
-23.7910,0,0,0,0,0
-23.7810,0,0,0,0,0
-23.7710,0,0,0,0,0
-23.7610,0,0,0,0,0
-23.7510,0,0,0,0,0
-23.7410,0,0,0,0,0
-23.7310,0,0,0,0,0
-23.7210,0,0,0,0,0
-23.7110,0,0,0,0,0
-23.7010,0,0,0,0,0
-23.6910,0,0,0,0,0
-23.6810,0,0,0,0,0
-23.6710,0,0,0,0,0
-23.6610,0,0,0,0,0
-23.6510,0,0,0,0,0
-23.6410,0,0,0,0,0
-23.6310,0,0,0,0,0
-23.6210,0,0,0,0,0
-23.6110,0,0,0,0,0
-23.6010,0,0,0,0,0
-23.5910,0,0,0,0,0
-23.5810,0,0,0,0,0
-23.5710,0,0,0,0,0
-23.5610,0,0,0,0,0
-23.5510,0,0,0,0,0
-23.5410,0,0,0,0,0
-23.5310,0,0,0,0,0
-23.5210,0,0,0,0,0
-23.5110,0,0,0,0,0
-23.5010,0,0,0,0,0
-23.4910,0,0,0,0,0
-23.4810,0,0,0,0,0
-23.4710,0,0,0,0,0
-23.4610,0,0,0,0,0
-23.4510,0,0,0,0,0
-23.4410,0,0,0,0,0
-23.4310,0,0,0,0,0
-23.4210,0,0,0,0,0
-23.4110,0,0,0,0,0
-23.4010,0,0,0,0,0
-23.3910,0,0,0,0,0
-23.3810,0,0,0,0,0
-23.3710,0,0,0,0,0
-23.3610,0,0,0,0,0
-23.3510,0,0,0,0,0
-23.3410,0,0,0,0,0
-23.3310,0,0,0,0,0
-23.3210,0,0,0,0,0
-23.3110,0,0,0,0,0
-23.3010,0,0,0,0,0
-23.2910,0,0,0,0,0
-23.2810,0,0,0,0,0
-23.2710,0,0,0,0,0
-23.2610,0,0,0,0,0
-23.2510,0,0,0,0,0
-23.2410,0,0,0,0,0
-23.2310,0,0,0,0,0
-23.2210,0,0,0,0,0
-23.2110,0,0,0,0,0
-23.2010,0,0,0,0,0
-23.1910,0,0,0,0,0
-23.1810,0,0,0,0,0
-23.1710,0,0,0,0,0
-23.1610,0,0,0,0,0
-23.1510,0,0,0,0,0
-23.1410,0,0,0,0,0
-23.1310,0,0,0,0,0
-23.1210,0,0,0,0,0
-23.1110,0,0,0,0,0
-23.1010,0,0,0,0,0
-23.0910,0,0,0,0,0
-23.0810,0,0,0,0,0
-23.0710,0,0,0,0,0
-23.0610,0,0,0,0,0
-23.0510,0,0,0,0,0
-23.0410,0,0,0,0,0
-23.0310,0,0,0,0,0
-23.0210,0,0,0,0,0
-23.0110,0,0,0,0,0
-23.0010,0,0,0,0,0
-22.9910,0,0,0,0,0
-22.9810,0,0,0,0,0
-22.9710,0,0,0,0,0
-22.9610,0,0,0,0,0
-22.9510,0,0,0,0,0
-22.9410,0,0,0,0,0
-22.9310,0,0,0,0,0
-22.9210,0,0,0,0,0
-22.9110,0,0,0,0,0
-22.9010,0,0,0,0,0
-22.8910,0,0,0,0,0
-22.8810,0,0,0,0,0
-22.8710,0,0,0,0,0
-22.8610,0,0,0,0,0
-22.8510,0,0,0,0,0
-22.8410,0,0,0,0,0
-22.8310,0,0,0,0,0
-22.8210,0,0,0,0,0
-22.8110,0,0,0,0,0
-22.8010,0,0,0,0,0
-22.7910,0,0,0,0,0
-22.7810,0,0,0,0,0
-22.7710,0,0,0,0,0
-22.7610,0,0,0,0,0
-22.7510,0,0,0,0,0
-22.7410,0,0,0,0,0
-22.7310,0,0,0,0,0
-22.7210,0,0,0,0,0
-22.7110,0,0,0,0,0
-22.7010,0,0,0,0,0
-22.6910,0,0,0,0,0
-22.6810,0,0,0,0,0
-22.6710,0,0,0,0,0
-22.6610,0,0,0,0,0
-22.6510,0,0,0,0,0
-22.6410,0,0,0,0,0
-22.6310,0,0,0,0,0
-22.6210,0,0,0,0,0
-22.6110,0,0,0,0,0
-22.6010,0,0,0,0,0
-22.5910,0,0,0,0,0
-22.5810,0,0,0,0,0
-22.5710,0,0,0,0,0
-22.5610,0,0,0,0,0
-22.5510,0,0,0,0,0
-22.5410,0,0,0,0,0
-22.5310,0,0,0,0,0
-22.5210,0,0,0,0,0
-22.5110,0,0,0,0,0
-22.5010,0,0,0,0,0
-22.4910,0,0,0,0,0
-22.4810,0,0,0,0,0
-22.4710,0,0,0,0,0
-22.4610,0,0,0,0,0
-22.4510,0,0,0,0,0
-22.4410,0,0,0,0,0
-22.4310,0,0,0,0,0
-22.4210,0,0,0,0,0
-22.4110,0,0,0,0,0
-22.4010,0,0,0,0,0
-22.3910,0,0,0,0,0
-22.3810,0,0,0,0,0
-22.3710,0,0,0,0,0
-22.3610,0,0,0,0,0
-22.3510,0,0,0,0,0
-22.3410,0,0,0,0,0
-22.3310,0,0,0,0,0
-22.3210,0,0,0,0,0
-22.3110,0,0,0,0,0
-22.3010,0,0,0,0,0
-22.2910,0,0,0,0,0
-22.2810,0,0,0,0,0
-22.2710,0,0,0,0,0
-22.2610,0,0,0,0,0
-22.2510,0,0,0,0,0
-22.2410,0,0,0,0,0
-22.2310,0,0,0,0,0
-22.2210,0,0,0,0,0
-22.2110,0,0,0,0,0
-22.2010,0,0,0,0,0
-22.1910,0,0,0,0,0
-22.1810,0,0,0,0,0
-22.1710,0,0,0,0,0
-22.1610,0,0,0,0,0
-22.1510,0,0,0,0,0
-22.1410,0,0,0,0,0
-22.1310,0,0,0,0,0
-22.1210,0,0,0,0,0
-22.1110,0,0,0,0,0
-22.1010,0,0,0,0,0
-22.0910,0,0,0,0,0
-22.0810,0,0,0,0,0
-22.0710,0,0,0,0,0
-22.0610,0,0,0,0,0
-22.0510,0,0,0,0,0
-22.0410,0,0,0,0,0
-22.0310,0,0,0,0,0
-22.0210,0,0,0,0,0
-22.0110,0,0,0,0,0
-22.0010,0,0,0,0,0
-21.9910,0,0,0,0,0
-21.9810,0,0,0,0,0
-21.9710,0,0,0,0,0
-21.9610,0,0,0,0,0
-21.9510,0,0,0,0,0
-21.9410,0,0,0,0,0
-21.9310,0,0,0,0,0
-21.9210,0,0,0,0,0
-21.9110,0,0,0,0,0
-21.9010,0,0,0,0,0
-21.8910,0,0,0,0,0
-21.8810,0,0,0,0,0
-21.8710,0,0,0,0,0
-21.8610,0,0,0,0,0
-21.8510,0,0,0,0,0
-21.8410,0,0,0,0,0
-21.8310,0,0,0,0,0
-21.8210,0,0,0,0,0
-21.8110,0,0,0,0,0
-21.8010,0,0,0,0,0
-21.7910,0,0,0,0,0
-21.7810,0,0,0,0,0
-21.7710,0,0,0,0,0
-21.7610,0,0,0,0,0
-21.7510,0,0,0,0,0
-21.7410,0,0,0,0,0
-21.7310,0,0,0,0,0
-21.7210,0,0,0,0,0
-21.7110,0,0,0,0,0
-21.7010,0,0,0,0,0
-21.6910,0,0,0,0,0
-21.6810,0,0,0,0,0
-21.6710,0,0,0,0,0
-21.6610,0,0,0,0,0
-21.6510,0,0,0,0,0
-21.6410,0,0,0,0,0
-21.6310,0,0,0,0,0
-21.6210,0,0,0,0,0
-21.6110,0,0,0,0,0
-21.6010,0,0,0,0,0
-21.5910,0,0,0,0,0
-21.5810,0,0,0,0,0
-21.5710,0,0,0,0,0
-21.5610,0,0,0,0,0
-21.5510,0,0,0,0,0
-21.5410,0,0,0,0,0
-21.5310,0,0,0,0,0
-21.5210,0,0,0,0,0
-21.5110,0,0,0,0,0
-21.5010,0,0,0,0,0
-21.4910,0,0,0,0,0
-21.4810,0,0,0,0,0
-21.4710,0,0,0,0,0
-21.4610,0,0,0,0,0
-21.4510,0,0,0,0,0
-21.4410,0,0,0,0,0
-21.4310,0,0,0,0,0
-21.4210,0,0,0,0,0
-21.4110,0,0,0,0,0
-21.4010,0,0,0,0,0
-21.3910,0,0,0,0,0
-21.3810,0,0,0,0,0
-21.3710,0,0,0,0,0
-21.3610,0,0,0,0,0
-21.3510,0,0,0,0,0
-21.3410,0,0,0,0,0
-21.3310,0,0,0,0,0
-21.3210,0,0,0,0,0
-21.3110,0,0,0,0,0
-21.3010,0,0,0,0,0
-21.2910,0,0,0,0,0
-21.2810,0,0,0,0,0
-21.2710,0,0,0,0,0
-21.2610,0,0,0,0,0
-21.2510,0,0,0,0,0
-21.2410,0,0,0,0,0
-21.2310,0,0,0,0,0
-21.2210,0,0,0,0,0
-21.2110,0,0,0,0,0
-21.2010,0,0,0,0,0
-21.1910,0,0,0,0,0
-21.1810,0,0,0,0,0
-21.1710,0,0,0,0,0
-21.1610,0,0,0,0,0
-21.1510,0,0,0,0,0
-21.1410,0,0,0,0,0
-21.1310,0,0,0,0,0
-21.1210,0,0,0,0,0
-21.1110,0,0,0,0,0
-21.1010,0,0,0,0,0
-21.0910,0,0,0,0,0
-21.0810,0,0,0,0,0
-21.0710,0,0,0,0,0
-21.0610,0,0,0,0,0
-21.0510,0,0,0,0,0
-21.0410,0,0,0,0,0
-21.0310,0,0,0,0,0
-21.0210,0,0,0,0,0
-21.0110,0,0,0,0,0
-21.0010,0,0,0,0,0
-20.9910,0,0,0,0,0
-20.9810,0,0,0,0,0
-20.9710,0,0,0,0,0
-20.9610,0,0,0,0,0
-20.9510,0,0,0,0,0
-20.9410,0,0,0,0,0
-20.9310,0,0,0,0,0
-20.9210,0,0,0,0,0
-20.9110,0,0,0,0,0
-20.9010,0,0,0,0,0
-20.8910,0,0,0,0,0
-20.8810,0,0,0,0,0
-20.8710,0,0,0,0,0
-20.8610,0,0,0,0,0
-20.8510,0,0,0,0,0
-20.8410,0,0,0,0,0
-20.8310,0,0,0,0,0
-20.8210,0,0,0,0,0
-20.8110,0,0,0,0,0
-20.8010,0,0,0,0,0
-20.7910,0,0,0,0,0
-20.7810,0,0,0,0,0
-20.7710,0,0,0,0,0
-20.7610,0,0,0,0,0
-20.7510,0,0,0,0,0
-20.7410,0,0,0,0,0
-20.7310,0,0,0,0,0
-20.7210,0,0,0,0,0
-20.7110,0,0,0,0,0
-20.7010,0,0,0,0,0
-20.6910,0,0,0,0,0
-20.6810,0,0,0,0,0
-20.6710,0,0,0,0,0
-20.6610,0,0,0,0,0
-20.6510,0,0,0,0,0
-20.6410,0,0,0,0,0
-20.6310,0,0,0,0,0
-20.6210,0,0,0,0,0
-20.6110,0,0,0,0,0
-20.6010,0,0,0,0,0
-20.5910,0,0,0,0,0
-20.5810,0,0,0,0,0
-20.5710,0,0,0,0,0
-20.5610,0,0,0,0,0
-20.5510,0,0,0,0,0
-20.5410,0,0,0,0,0
-20.5310,0,0,0,0,0
-20.5210,0,0,0,0,0
-20.5110,0,0,0,0,0
-20.5010,0,0,0,0,0
-20.4910,0,0,0,0,0
-20.4810,0,0,0,0,0
-20.4710,0,0,0,0,0
-20.4610,0,0,0,0,0
-20.4510,0,0,0,0,0
-20.4410,0,0,0,0,0
-20.4310,0,0,0,0,0
-20.4210,0,0,0,0,0
-20.4110,0,0,0,0,0
-20.4010,0,0,0,0,0
-20.3910,0,0,0,0,0
-20.3810,0,0,0,0,0
-20.3710,0,0,0,0,0
-20.3610,0,0,0,0,0
-20.3510,0,0,0,0,0
-20.3410,0,0,0,0,0
-20.3310,0,0,0,0,0
-20.3210,0,0,0,0,0
-20.3110,0,0,0,0,0
-20.3010,0,0,0,0,0
-20.2910,0,0,0,0,0
-20.2810,0,0,0,0,0
-20.2710,0,0,0,0,0
-20.2610,0,0,0,0,0
-20.2510,0,0,0,0,0
-20.2410,0,0,0,0,0
-20.2310,0,0,0,0,0
-20.2210,0,0,0,0,0
-20.2110,0,0,0,0,0
-20.2010,0,0,0,0,0
-20.1910,0,0,0,0,0
-20.1810,0,0,0,0,0
-20.1710,0,0,0,0,0
-20.1610,0,0,0,0,0
-20.1510,0,0,0,0,0
-20.1410,0,0,0,0,0
-20.1310,0,0,0,0,0
-20.1210,0,0,0,0,0
-20.1110,0,0,0,0,0
-20.1010,0,0,0,0,0
-20.0910,0,0,0,0,0
-20.0810,0,0,0,0,0
-20.0710,0,0,0,0,0
-20.0610,0,0,0,0,0
-20.0510,0,0,0,0,0
-20.0410,0,0,0,0,0
-20.0310,0,0,0,0,0
-20.0210,0,0,0,0,0
-20.0110,0,0,0,0,0
-20.0010,0,0,0,0,0
-19.9910,0,0,0,0,0
-19.9810,0,0,0,0,0
-19.9710,0,0,0,0,0
-19.9610,0,0,0,0,0
-19.9510,0,0,0,0,0
-19.9410,0,0,0,0,0
-19.9310,0,0,0,0,0
-19.9210,0,0,0,0,0
-19.9110,0,0,0,0,0
-19.9010,0,0,0,0,0
-19.8910,0,0,0,0,0
-19.8810,0,0,0,0,0
-19.8710,0,0,0,0,0
-19.8610,0,0,0,0,0
-19.8510,0,0,0,0,0
-19.8410,0,0,0,0,0
-19.8310,0,0,0,0,0
-19.8210,0,0,0,0,0
-19.8110,0,0,0,0,0
-19.8010,0,0,0,0,0
-19.7910,0,0,0,0,0
-19.7810,0,0,0,0,0
-19.7710,0,0,0,0,0
-19.7610,0,0,0,0,0
-19.7510,0,0,0,0,0
-19.7410,0,0,0,0,0
-19.7310,0,0,0,0,0
-19.7210,0,0,0,0,0
-19.7110,0,0,0,0,0
-19.7010,0,0,0,0,0
-19.6910,0,0,0,0,0
-19.6810,0,0,0,0,0
-19.6710,0,0,0,0,0
-19.6610,0,0,0,0,0
-19.6510,0,0,0,0,0
-19.6410,0,0,0,0,0
-19.6310,0,0,0,0,0
-19.6210,0,0,0,0,0
-19.6110,0,0,0,0,0
-19.6010,0,0,0,0,0
-19.5910,0,0,0,0,0
-19.5810,0,0,0,0,0
-19.5710,0,0,0,0,0
-19.5610,0,0,0,0,0
-19.5510,0,0,0,0,0
-19.5410,0,0,0,0,0
-19.5310,0,0,0,0,0
-19.5210,0,0,0,0,0
-19.5110,0,0,0,0,0
-19.5010,0,0,0,0,0
-19.4910,0,0,0,0,0
-19.4810,0,0,0,0,0
-19.4710,0,0,0,0,0
-19.4610,0,0,0,0,0
-19.4510,0,0,0,0,0
-19.4410,0,0,0,0,0
-19.4310,0,0,0,0,0
-19.4210,0,0,0,0,0
-19.4110,0,0,0,0,0
-19.4010,0,0,0,0,0
-19.3910,0,0,0,0,0
-19.3810,0,0,0,0,0
-19.3710,0,0,0,0,0
-19.3610,0,0,0,0,0
-19.3510,0,0,0,0,0
-19.3410,0,0,0,0,0
-19.3310,0,0,0,0,0
-19.3210,0,0,0,0,0
-19.3110,0,0,0,0,0
-19.3010,0,0,0,0,0
-19.2910,0,0,0,0,0
-19.2810,0,0,0,0,0
-19.2710,0,0,0,0,0
-19.2610,0,0,0,0,0
-19.2510,0,0,0,0,0
-19.2410,0,0,0,0,0
-19.2310,0,0,0,0,0
-19.2210,0,0,0,0,0
-19.2110,0,0,0,0,0
-19.2010,0,0,0,0,0
-19.1910,0,0,0,0,0
-19.1810,0,0,0,0,0
-19.1710,0,0,0,0,0
-19.1610,0,0,0,0,0
-19.1510,0,0,0,0,0
-19.1410,0,0,0,0,0
-19.1310,0,0,0,0,0
-19.1210,0,0,0,0,0
-19.1110,0,0,0,0,0
-19.1010,0,0,0,0,0
-19.0910,0,0,0,0,0
-19.0810,0,0,0,0,0
-19.0710,0,0,0,0,0
-19.0610,0,0,0,0,0
-19.0510,0,0,0,0,0
-19.0410,0,0,0,0,0
-19.0310,0,0,0,0,0
-19.0210,0,0,0,0,0
-19.0110,0,0,0,0,0
-19.0010,0,0,0,0,0
-18.9910,0,0,0,0,0
-18.9810,0,0,0,0,0
-18.9710,0,0,0,0,0
-18.9610,0,0,0,0,0
-18.9510,0,0,0,0,0
-18.9410,0,0,0,0,0
-18.9310,0,0,0,0,0
-18.9210,0,0,0,0,0
-18.9110,0,0,0,0,0
-18.9010,0,0,0,0,0
-18.8910,0,0,0,0,0
-18.8810,0,0,0,0,0
-18.8710,0,0,0,0,0
-18.8610,0,0,0,0,0
-18.8510,0,0,0,0,0
-18.8410,0,0,0,0,0
-18.8310,0,0,0,0,0
-18.8210,0,0,0,0,0
-18.8110,0,0,0,0,0
-18.8010,0,0,0,0,0
-18.7910,0,0,0,0,0
-18.7810,0,0,0,0,0
-18.7710,0,0,0,0,0
-18.7610,0,0,0,0,0
-18.7510,0,0,0,0,0
-18.7410,0,0,0,0,0
-18.7310,0,0,0,0,0
-18.7210,0,0,0,0,0
-18.7110,0,0,0,0,0
-18.7010,0,0,0,0,0
-18.6910,0,0,0,0,0
-18.6810,0,0,0,0,0
-18.6710,0,0,0,0,0
-18.6610,0,0,0,0,0
-18.6510,0,0,0,0,0
-18.6410,0,0,0,0,0
-18.6310,0,0,0,0,0
-18.6210,0,0,0,0,0
-18.6110,0,0,0,0,0
-18.6010,0,0,0,0,0
-18.5910,0,0,0,0,0
-18.5810,0,0,0,0,0
-18.5710,0,0,0,0,0
-18.5610,0,0,0,0,0
-18.5510,0,0,0,0,0
-18.5410,0,0,0,0,0
-18.5310,0,0,0,0,0
-18.5210,0,0,0,0,0
-18.5110,0,0,0,0,0
-18.5010,0,0,0,0,0
-18.4910,0,0,0,0,0
-18.4810,0,0,0,0,0
-18.4710,0,0,0,0,0
-18.4610,0,0,0,0,0
-18.4510,0,0,0,0,0
-18.4410,0,0,0,0,0
-18.4310,0,0,0,0,0
-18.4210,0,0,0,0,0
-18.4110,0,0,0,0,0
-18.4010,0,0,0,0,0
-18.3910,0,0,0,0,0
-18.3810,0,0,0,0,0
-18.3710,0,0,0,0,0
-18.3610,0,0,0,0,0
-18.3510,0,0,0,0,0
-18.3410,0,0,0,0,0
-18.3310,0,0,0,0,0
-18.3210,0,0,0,0,0
-18.3110,0,0,0,0,0
-18.3010,0,0,0,0,0
-18.2910,0,0,0,0,0
-18.2810,0,0,0,0,0
-18.2710,0,0,0,0,0
-18.2610,0,0,0,0,0
-18.2510,0,0,0,0,0
-18.2410,0,0,0,0,0
-18.2310,0,0,0,0,0
-18.2210,0,0,0,0,0
-18.2110,0,0,0,0,0
-18.2010,0,0,0,0,0
-18.1910,0,0,0,0,0
-18.1810,0,0,0,0,0
-18.1710,0,0,0,0,0
-18.1610,0,0,0,0,0
-18.1510,0,0,0,0,0
-18.1410,0,0,0,0,0
-18.1310,0,0,0,0,0
-18.1210,0,0,0,0,0
-18.1110,0,0,0,0,0
-18.1010,0,0,0,0,0
-18.0910,0,0,0,0,0
-18.0810,0,0,0,0,0
-18.0710,0,0,0,0,0
-18.0610,0,0,0,0,0
-18.0510,0,0,0,0,0
-18.0410,0,0,0,0,0
-18.0310,0,0,0,0,0
-18.0210,0,0,0,0,0
-18.0110,0,0,0,0,0
-18.0010,0,0,0,0,0
-17.9910,0,0,0,0,0
-17.9810,0,0,0,0,0
-17.9710,0,0,0,0,0
-17.9610,0,0,0,0,0
-17.9510,0,0,0,0,0
-17.9410,0,0,0,0,0
-17.9310,0,0,0,0,0
-17.9210,0,0,0,0,0
-17.9110,0,0,0,0,0
-17.9010,0,0,0,0,0
-17.8910,0,0,0,0,0
-17.8810,0,0,0,0,0
-17.8710,0,0,0,0,0
-17.8610,0,0,0,0,0
-17.8510,0,0,0,0,0
-17.8410,0,0,0,0,0
-17.8310,0,0,0,0,0
-17.8210,0,0,0,0,0
-17.8110,0,0,0,0,0
-17.8010,0,0,0,0,0
-17.7910,0,0,0,0,0
-17.7810,0,0,0,0,0
-17.7710,0,0,0,0,0
-17.7610,0,0,0,0,0
-17.7510,0,0,0,0,0
-17.7410,0,0,0,0,0
-17.7310,0,0,0,0,0
-17.7210,0,0,0,0,0
-17.7110,0,0,0,0,0
-17.7010,0,0,0,0,0
-17.6910,0,0,0,0,0
-17.6810,0,0,0,0,0
-17.6710,0,0,0,0,0
-17.6610,0,0,0,0,0
-17.6510,0,0,0,0,0
-17.6410,0,0,0,0,0
-17.6310,0,0,0,0,0
-17.6210,0,0,0,0,0
-17.6110,0,0,0,0,0
-17.6010,0,0,0,0,0
-17.5910,0,0,0,0,0
-17.5810,0,0,0,0,0
-17.5710,0,0,0,0,0
-17.5610,0,0,0,0,0
-17.5510,0,0,0,0,0
-17.5410,0,0,0,0,0
-17.5310,0,0,0,0,0
-17.5210,0,0,0,0,0
-17.5110,0,0,0,0,0
-17.5010,0,0,0,0,0
-17.4910,0,0,0,0,0
-17.4810,0,0,0,0,0
-17.4710,0,0,0,0,0
-17.4610,0,0,0,0,0
-17.4510,0,0,0,0,0
-17.4410,0,0,0,0,0
-17.4310,0,0,0,0,0
-17.4210,0,0,0,0,0
-17.4110,0,0,0,0,0
-17.4010,0,0,0,0,0
-17.3910,0,0,0,0,0
-17.3810,0,0,0,0,0
-17.3710,0,0,0,0,0
-17.3610,0,0,0,0,0
-17.3510,0,0,0,0,0
-17.3410,0,0,0,0,0
-17.3310,0,0,0,0,0
-17.3210,0,0,0,0,0
-17.3110,0,0,0,0,0
-17.3010,0,0,0,0,0
-17.2910,0,0,0,0,0
-17.2810,0,0,0,0,0
-17.2710,0,0,0,0,0
-17.2610,0,0,0,0,0
-17.2510,0,0,0,0,0
-17.2410,0,0,0,0,0
-17.2310,0,0,0,0,0
-17.2210,0,0,0,0,0
-17.2110,0,0,0,0,0
-17.2010,0,0,0,0,0
-17.1910,0,0,0,0,0
-17.1810,0,0,0,0,0
-17.1710,0,0,0,0,0
-17.1610,0,0,0,0,0
-17.1510,0,0,0,0,0
-17.1410,0,0,0,0,0
-17.1310,0,0,0,0,0
-17.1210,0,0,0,0,0
-17.1110,0,0,0,0,0
-17.1010,0,0,0,0,0
-17.0910,0,0,0,0,0
-17.0810,0,0,0,0,0
-17.0710,0,0,0,0,0
-17.0610,0,0,0,0,0
-17.0510,0,0,0,0,0
-17.0410,0,0,0,0,0
-17.0310,0,0,0,0,0
-17.0210,0,0,0,0,0
-17.0110,0,0,0,0,0
-17.0010,0,0,0,0,0
-16.9910,0,0,0,0,0
-16.9810,0,0,0,0,0
-16.9710,0,0,0,0,0
-16.9610,0,0,0,0,0
-16.9510,0,0,0,0,0
-16.9410,0,0,0,0,0
-16.9310,0,0,0,0,0
-16.9210,0,0,0,0,0
-16.9110,0,0,0,0,0
-16.9010,0,0,0,0,0
-16.8910,0,0,0,0,0
-16.8810,0,0,0,0,0
-16.8710,0,0,0,0,0
-16.8610,0,0,0,0,0
-16.8510,0,0,0,0,0
-16.8410,0,0,0,0,0
-16.8310,0,0,0,0,0
-16.8210,0,0,0,0,0
-16.8110,0,0,0,0,0
-16.8010,0,0,0,0,0
-16.7910,0,0,0,0,0
-16.7810,0,0,0,0,0
-16.7710,0,0,0,0,0
-16.7610,0,0,0,0,0
-16.7510,0,0,0,0,0
-16.7410,0,0,0,0,0
-16.7310,0,0,0,0,0
-16.7210,0,0,0,0,0
-16.7110,0,0,0,0,0
-16.7010,0,0,0,0,0
-16.6910,0,0,0,0,0
-16.6810,0,0,0,0,0
-16.6710,0,0,0,0,0
-16.6610,0,0,0,0,0
-16.6510,0,0,0,0,0
-16.6410,0,0,0,0,0
-16.6310,0,0,0,0,0
-16.6210,0,0,0,0,0
-16.6110,0,0,0,0,0
-16.6010,0,0,0,0,0
-16.5910,0,0,0,0,0
-16.5810,0,0,0,0,0
-16.5710,0,0,0,0,0
-16.5610,0,0,0,0,0
-16.5510,0,0,0,0,0
-16.5410,0,0,0,0,0
-16.5310,0,0,0,0,0
-16.5210,0,0,0,0,0
-16.5110,0,0,0,0,0
-16.5010,0,0,0,0,0
-16.4910,0,0,0,0,0
-16.4810,0,0,0,0,0
-16.4710,0,0,0,0,0
-16.4610,0,0,0,0,0
-16.4510,0,0,0,0,0
-16.4410,0,0,0,0,0
-16.4310,0,0,0,0,0
-16.4210,0,0,0,0,0
-16.4110,0,0,0,0,0
-16.4010,0,0,0,0,0
-16.3910,0,0,0,0,0
-16.3810,0,0,0,0,0
-16.3710,0,0,0,0,0
-16.3610,0,0,0,0,0
-16.3510,0,0,0,0,0
-16.3410,0,0,0,0,0
-16.3310,0,0,0,0,0
-16.3210,0,0,0,0,0
-16.3110,0,0,0,0,0
-16.3010,0,0,0,0,0
-16.2910,0,0,0,0,0
-16.2810,0,0,0,0,0
-16.2710,0,0,0,0,0
-16.2610,0,0,0,0,0
-16.2510,0,0,0,0,0
-16.2410,0,0,0,0,0
-16.2310,0,0,0,0,0
-16.2210,0,0,0,0,0
-16.2110,0.01797,0.0023362,0.0030352,0.0056409,0.006894
-16.2010,23.14,2.8802,4.0035,7.283,8.8934
-16.1910,38.34,4.5203,6.7809,12.117,14.791
-16.1810,52.94,5.7605,9.5078,16.861,20.601
-16.1710,90.43,8.861,16.471,29.158,35.569
-16.1610,151.8,12.872,27.894,49.827,60.676
-16.1510,279.4,19.565,52.108,93.242,113.45
-16.1410,143.6,3.2634,27.433,50.822,61.564
-16.1310,0,0,0,0,0
-16.1210,0,0,0,0,0
-16.1110,0,0,0,0,0
-16.1010,0,0,0,0,0
-16.0910,0,0,0,0,0
-16.0810,0,0,0,0,0
-16.0710,0,0,0,0,0
-16.0610,0,0,0,0,0
-16.0510,0,0,0,0,0
-16.0410,0,0,0,0,0
-16.0310,0,0,0,0,0
-16.0210,168.1,128.9,30.525,3.8457,4.6586
-16.0110,468.6,339.41,81.473,21.354,25.951
-16.0010,128.2,90.405,20.6,7.7064,9.3834
-15.9910,46.69,32.441,6.8209,3.3173,4.047
-15.9810,0,0,0,0,0
-15.9710,0,0,0,0,0
-15.9610,0,0,0,0,0
-15.9510,0,0,0,0,0
-15.9410,0,0,0,0,0
-15.9310,0,0,0,0,0
-15.9210,0,0,0,0,0
-15.9110,0,0,0,0,0
-15.9010,0,0,0,0,0
-15.8910,0,0,0,0,0
-15.8810,0,0,0,0,0
-15.8710,0,0,0,0,0
-15.8610,0,0,0,0,0
-15.8510,0,0,0,0,0
-15.8410,0,0,0,0,0
-15.8310,0,0,0,0,0
-15.8210,0,0,0,0,0
-15.8110,0,0,0,0,0
-15.8010,0,0,0,0,0
-15.7910,0,0,0,0,0
-15.7810,0,0,0,0,0
-15.7710,0,0,0,0,0
-15.7610,0,0,0,0,0
-15.7510,0,0,0,0,0
-15.7410,0,0,0,0,0
-15.7310,0,0,0,0,0
-15.7210,0,0,0,0,0
-15.7110,0,0,0,0,0
-15.7010,0,0,0,0,0
-15.6910,0,0,0,0,0
-15.6810,0,0,0,0,0
-15.6710,0,0,0,0,0
-15.6610,0,0,0,0,0
-15.6510,0,0,0,0,0
-15.6410,0,0,0,0,0
-15.6310,0,0,0,0,0
-15.6210,0,0,0,0,0
-15.6110,0,0,0,0,0
-15.6010,0,0,0,0,0
-15.5910,0,0,0,0,0
-15.5810,0,0,0,0,0
-15.5710,0,0,0,0,0
-15.5610,0,0,0,0,0
-15.5510,0,0,0,0,0
-15.5410,0,0,0,0,0
-15.5310,0,0,0,0,0
-15.5210,0,0,0,0,0
-15.5110,0,0,0,0,0
-15.5010,0,0,0,0,0
-15.4910,0,0,0,0,0
-15.4810,0,0,0,0,0
-15.4710,0,0,0,0,0
-15.4610,0,0,0,0,0
-15.4510,0,0,0,0,0
-15.4410,0,0,0,0,0
-15.4310,0,0,0,0,0
-15.4210,0,0,0,0,0
-15.4110,0,0,0,0,0
-15.4010,0,0,0,0,0
-15.3910,0,0,0,0,0
-15.3810,0,0,0,0,0
-15.3710,0,0,0,0,0
-15.3610,0,0,0,0,0
-15.3510,0,0,0,0,0
-15.3410,0,0,0,0,0
-15.3310,0,0,0,0,0
-15.3210,0,0,0,0,0
-15.3110,0,0,0,0,0
-15.3010,0,0,0,0,0
-15.2910,0,0,0,0,0
-15.2810,0,0,0,0,0
-15.2710,0,0,0,0,0
-15.2610,0,0,0,0,0
-15.2510,0,0,0,0,0
-15.2410,0,0,0,0,0
-15.2310,0,0,0,0,0
-15.2210,0,0,0,0,0
-15.2110,0,0,0,0,0
-15.2010,0,0,0,0,0
-15.1910,0,0,0,0,0
-15.1810,0,0,0,0,0
-15.1710,0,0,0,0,0
-15.1610,0,0,0,0,0
-15.1510,0,0,0,0,0
-15.1410,0,0,0,0,0
-15.1310,0,0,0,0,0
-15.1210,0,0,0,0,0
-15.1110,0,0,0,0,0
-15.1010,0,0,0,0,0
-15.0910,0,0,0,0,0
-15.0810,0,0,0,0,0
-15.0710,0,0,0,0,0
-15.0610,0,0,0,0,0
-15.0510,0,0,0,0,0
-15.0410,0,0,0,0,0
-15.0310,0,0,0,0,0
-15.0210,0,0,0,0,0
-15.0110,0,0,0,0,0
-15.0010,0,0,0,0,0
-14.9910,0,0,0,0,0
-14.9810,0,0,0,0,0
-14.9710,0,0,0,0,0
-14.9610,0,0,0,0,0
-14.9510,0,0,0,0,0
-14.9410,0,0,0,0,0
-14.9310,0,0,0,0,0
-14.9210,0,0,0,0,0
-14.9110,0,0,0,0,0
-14.9010,0,0,0,0,0
-14.8910,0,0,0,0,0
-14.8810,0,0,0,0,0
-14.8710,0,0,0,0,0
-14.8610,0,0,0,0,0
-14.8510,0,0,0,0,0
-14.8410,0,0,0,0,0
-14.8310,0,0,0,0,0
-14.8210,0,0,0,0,0
-14.8110,0,0,0,0,0
-14.8010,0,0,0,0,0
-14.7910,0,0,0,0,0
-14.7810,0,0,0,0,0
-14.7710,0,0,0,0,0
-14.7610,0,0,0,0,0
-14.7510,0,0,0,0,0
-14.7410,0,0,0,0,0
-14.7310,0,0,0,0,0
-14.7210,0,0,0,0,0
-14.7110,0,0,0,0,0
-14.7010,0,0,0,0,0
-14.6910,0,0,0,0,0
-14.6810,0,0,0,0,0
-14.6710,0,0,0,0,0
-14.6610,0,0,0,0,0
-14.6510,0,0,0,0,0
-14.6410,0,0,0,0,0
-14.6310,0,0,0,0,0
-14.6210,0,0,0,0,0
-14.6110,0,0,0,0,0
-14.6010,0,0,0,0,0
-14.5910,0,0,0,0,0
-14.5810,0,0,0,0,0
-14.5710,0,0,0,0,0
-14.5610,0,0,0,0,0
-14.5510,0,0,0,0,0
-14.5410,0,0,0,0,0
-14.5310,0,0,0,0,0
-14.5210,0,0,0,0,0
-14.5110,0,0,0,0,0
-14.5010,0,0,0,0,0
-14.4910,0,0,0,0,0
-14.4810,0,0,0,0,0
-14.4710,0,0,0,0,0
-14.4610,0,0,0,0,0
-14.4510,0,0,0,0,0
-14.4410,0,0,0,0,0
-14.4310,0,0,0,0,0
-14.4210,0,0,0,0,0
-14.4110,0,0,0,0,0
-14.4010,0,0,0,0,0
-14.3910,0,0,0,0,0
-14.3810,0,0,0,0,0
-14.3710,0,0,0,0,0
-14.3610,0,0,0,0,0
-14.3510,0,0,0,0,0
-14.3410,0,0,0,0,0
-14.3310,0,0,0,0,0
-14.3210,0,0,0,0,0
-14.3110,0,0,0,0,0
-14.3010,0,0,0,0,0
-14.2910,0,0,0,0,0
-14.2810,0,0,0,0,0
-14.2710,0,0,0,0,0
-14.2610,0,0,0,0,0
-14.2510,0,0,0,0,0
-14.2410,0,0,0,0,0
-14.2310,0,0,0,0,0
-14.2210,0,0,0,0,0
-14.2110,0,0,0,0,0
-14.2010,0,0,0,0,0
-14.1910,0,0,0,0,0
-14.1810,0,0,0,0,0
-14.1710,0,0,0,0,0
-14.1610,0,0,0,0,0
-14.1510,0,0,0,0,0
-14.1410,0,0,0,0,0
-14.1310,0,0,0,0,0
-14.1210,0,0,0,0,0
-14.1110,0,0,0,0,0
-14.1010,0,0,0,0,0
-14.0910,0,0,0,0,0
-14.0810,0,0,0,0,0
-14.0710,0,0,0,0,0
-14.0610,0,0,0,0,0
-14.0510,0,0,0,0,0
-14.0410,0,0,0,0,0
-14.0310,0,0,0,0,0
-14.0210,0,0,0,0,0
-14.0110,0,0,0,0,0
-14.0010,0,0,0,0,0
-13.9910,0,0,0,0,0
-13.9810,0,0,0,0,0
-13.9710,0,0,0,0,0
-13.9610,0,0,0,0,0
-13.9510,0,0,0,0,0
-13.9410,0,0,0,0,0
-13.9310,0,0,0,0,0
-13.9210,0,0,0,0,0
-13.9110,0,0,0,0,0
-13.9010,0,0,0,0,0
-13.8910,0,0,0,0,0
-13.8810,0,0,0,0,0
-13.8710,0,0,0,0,0
-13.8610,0,0,0,0,0
-13.8510,0,0,0,0,0
-13.8410,0,0,0,0,0
-13.8310,0,0,0,0,0
-13.8210,0,0,0,0,0
-13.8110,0,0,0,0,0
-13.8010,0,0,0,0,0
-13.7910,0,0,0,0,0
-13.7810,0,0,0,0,0
-13.7710,0,0,0,0,0
-13.7610,0,0,0,0,0
-13.7510,0,0,0,0,0
-13.7410,0,0,0,0,0
-13.7310,0,0,0,0,0
-13.7210,0,0,0,0,0
-13.7110,0,0,0,0,0
-13.7010,0,0,0,0,0
-13.6910,0,0,0,0,0
-13.6810,0,0,0,0,0
-13.6710,0,0,0,0,0
-13.6610,0,0,0,0,0
-13.6510,0,0,0,0,0
-13.6410,0,0,0,0,0
-13.6310,0,0,0,0,0
-13.6210,0,0,0,0,0
-13.6110,0,0,0,0,0
-13.6010,0,0,0,0,0
-13.5910,0,0,0,0,0
-13.5810,0,0,0,0,0
-13.5710,0,0,0,0,0
-13.5610,0,0,0,0,0
-13.5510,0,0,0,0,0
-13.5410,0,0,0,0,0
-13.5310,0,0,0,0,0
-13.5210,0,0,0,0,0
-13.5110,0,0,0,0,0
-13.5010,52.86,0.008176,10.654,6.9212,35.092
-13.4910,59.72,0.03492,11.697,7.8044,39.933
-13.4810,100,0.1359,18.849,13.008,67.645
-13.4710,58.86,0.0682,10.935,7.6912,39.892
-13.4610,49.22,0.048171,9.0284,6.4943,33.468
-13.4510,52.2,0.042202,9.4574,6.9403,35.552
-13.4410,39.83,0.038484,6.9856,5.2864,27.361
-13.4310,31.37,0.023153,5.459,4.2158,21.557
-13.4210,37.82,0.029049,6.4488,5.1113,26.065
-13.4110,43.9,0.0275,7.2819,5.9652,30.462
-13.4010,34.93,0.021247,5.6814,4.7814,24.292
-13.3910,34.3,0.019152,5.4561,4.7417,23.947
-13.3810,35.95,0.018101,5.5623,4.9828,25.235
-13.3710,37.54,0.016788,5.6428,5.263,26.472
-13.3610,39.07,0.014699,5.6874,5.5228,27.638
-13.3510,44.87,0.013601,6.2355,6.402,32.013
-13.3410,71.51,0.011276,9.272,10.118,51.784
-13.3310,20.93,0.0069494,2.8125,3.0286,14.971
-13.3210,22.73,0.012679,3.041,3.5061,16.054
-13.3110,30.64,0.017704,3.9254,4.9017,21.677
-13.3010,39.84,0.02122,4.844,6.5441,28.279
-13.2910,51.63,0.023962,5.9163,8.704,36.763
-13.2810,90.9,0.029307,9.6777,15.894,64.861
-13.2710,124.7,0.02513,12.783,22.252,88.967
-13.2610,65.94,0.016298,6.8194,11.739,47.059
-13.2510,63.03,0.018306,6.4481,11.132,45.095
-13.2410,71.06,0.015511,7.0432,12.809,50.834
-13.2310,56.38,0.011564,5.4669,10.205,40.43
-13.2210,62.05,0.009738,5.7874,11.452,44.509
-13.2110,123.7,0.005671,10.547,23.824,88.668
-13.2010,43.99,0.030188,3.796,7.9123,32.03
-13.1910,48.8,0.052856,4.6074,8.1252,35.771
-13.1810,66.15,0.080152,6.5996,10.441,48.742
-13.1710,147.5,0.14478,15.506,22.05,109.04
-13.1610,130.5,0.13449,13.42,18.973,97.316
-13.1510,140.6,0.14834,14.075,20.367,105.27
-13.1410,118.3,0.14126,11.691,17.071,88.826
-13.1310,50.27,0.073534,4.9477,7.186,37.836
-13.1210,0,0,0,0,0
-13.1110,0,0,0,0,0
-13.1010,0,0,0,0,0
-13.0910,0,0,0,0,0
-13.0810,0,0,0,0,0
-13.0710,0,0,0,0,0
-13.0610,0,0,0,0,0
-13.0510,0,0,0,0,0
-13.0410,0,0,0,0,0
-13.0310,0,0,0,0,0
-13.0210,0,0,0,0,0
-13.0110,0,0,0,0,0
-13.0010,0,0,0,0,0
-12.9910,0,0,0,0,0
-12.9810,0,0,0,0,0
-12.9710,0,0,0,0,0
-12.9610,0,0,0,0,0
-12.9510,0,0,0,0,0
-12.9410,0,0,0,0,0
-12.9310,0,0,0,0,0
-12.9210,0,0,0,0,0
-12.9110,0,0,0,0,0
-12.9010,0,0,0,0,0
-12.8910,0,0,0,0,0
-12.8810,0,0,0,0,0
-12.8710,0,0,0,0,0
-12.8610,0,0,0,0,0
-12.8510,0,0,0,0,0
-12.8410,0,0,0,0,0
-12.8310,0,0,0,0,0
-12.8210,0,0,0,0,0
-12.8110,0,0,0,0,0
-12.8010,0,0,0,0,0
-12.7910,0,0,0,0,0
-12.7810,0,0,0,0,0
-12.7710,0,0,0,0,0
-12.7610,0,0,0,0,0
-12.7510,0,0,0,0,0
-12.7410,0,0,0,0,0
-12.7310,0,0,0,0,0
-12.7210,0,0,0,0,0
-12.7110,0,0,0,0,0
-12.7010,0,0,0,0,0
-12.6910,0,0,0,0,0
-12.6810,0,0,0,0,0
-12.6710,0,0,0,0,0
-12.6610,0,0,0,0,0
-12.6510,0,0,0,0,0
-12.6410,0,0,0,0,0
-12.6310,0,0,0,0,0
-12.6210,0,0,0,0,0
-12.6110,0,0,0,0,0
-12.6010,0,0,0,0,0
-12.5910,0,0,0,0,0
-12.5810,0,0,0,0,0
-12.5710,0,0,0,0,0
-12.5610,0,0,0,0,0
-12.5510,0,0,0,0,0
-12.5410,0,0,0,0,0
-12.5310,0,0,0,0,0
-12.5210,0,0,0,0,0
-12.5110,0,0,0,0,0
-12.5010,0,0,0,0,0
-12.4910,0,0,0,0,0
-12.4810,0,0,0,0,0
-12.4710,0,0,0,0,0
-12.4610,0,0,0,0,0
-12.4510,0,0,0,0,0
-12.4410,0,0,0,0,0
-12.4310,0,0,0,0,0
-12.4210,0,0,0,0,0
-12.4110,0,0,0,0,0
-12.4010,0,0,0,0,0
-12.3910,0,0,0,0,0
-12.3810,0,0,0,0,0
-12.3710,0,0,0,0,0
-12.3610,0,0,0,0,0
-12.3510,0,0,0,0,0
-12.3410,0,0,0,0,0
-12.3310,0,0,0,0,0
-12.3210,0,0,0,0,0
-12.3110,0,0,0,0,0
-12.3010,0,0,0,0,0
-12.2910,0,0,0,0,0
-12.2810,0,0,0,0,0
-12.2710,0,0,0,0,0
-12.2610,0,0,0,0,0
-12.2510,0,0,0,0,0
-12.2410,0,0,0,0,0
-12.2310,0,0,0,0,0
-12.2210,0,0,0,0,0
-12.2110,0,0,0,0,0
-12.2010,0,0,0,0,0
-12.1910,0,0,0,0,0
-12.1810,0,0,0,0,0
-12.1710,0,0,0,0,0
-12.1610,0,0,0,0,0
-12.1510,0,0,0,0,0
-12.1410,0,0,0,0,0
-12.1310,0,0,0,0,0
-12.1210,0,0,0,0,0
-12.1110,0,0,0,0,0
-12.1010,0,0,0,0,0
-12.0910,0,0,0,0,0
-12.0810,0,0,0,0,0
-12.0710,0,0,0,0,0
-12.0610,0,0,0,0,0
-12.0510,0,0,0,0,0
-12.0410,0,0,0,0,0
-12.0310,0,0,0,0,0
-12.0210,0,0,0,0,0
-12.0110,0,0,0,0,0
-12.0010,0,0,0,0,0
-11.9910,0,0,0,0,0
-11.9810,0,0,0,0,0
-11.9710,0,0,0,0,0
-11.9610,0,0,0,0,0
-11.9510,0,0,0,0,0
-11.9410,0,0,0,0,0
-11.9310,0,0,0,0,0
-11.9210,0,0,0,0,0
-11.9110,0,0,0,0,0
-11.9010,0,0,0,0,0
-11.8910,0,0,0,0,0
-11.8810,0,0,0,0,0
-11.8710,0,0,0,0,0
-11.8610,0,0,0,0,0
-11.8510,0,0,0,0,0
-11.8410,0,0,0,0,0
-11.8310,0,0,0,0,0
-11.8210,0,0,0,0,0
-11.8110,0,0,0,0,0
-11.8010,0,0,0,0,0
-11.7910,35.9,0.00061667,10.812,0.0786,24.955
-11.7810,0,0,0,0,0
-11.7710,0,0,0,0,0
-11.7610,0,0,0,0,0
-11.7510,0,0,0,0,0
-11.7410,0,0,0,0,0
-11.7310,0,0,0,0,0
-11.7210,0,0,0,0,0
-11.7110,0,0,0,0,0
-11.7010,0,0,0,0,0
-11.6910,0,0,0,0,0
-11.6810,0,0,0,0,0
-11.6710,0,0,0,0,0
-11.6610,0,0,0,0,0
-11.6510,0,0,0,0,0
-11.6410,0,0,0,0,0
-11.6310,0,0,0,0,0
-11.6210,0,0,0,0,0
-11.6110,0,0,0,0,0
-11.6010,0,0,0,0,0
-11.5910,0,0,0,0,0
-11.5810,0,0,0,0,0
-11.5710,0,0,0,0,0
-11.5610,0,0,0,0,0
-11.5510,0,0,0,0,0
-11.5410,0,0,0,0,0
-11.5310,0,0,0,0,0
-11.5210,0,0,0,0,0
-11.5110,0,0,0,0,0
-11.5010,0,0,0,0,0
-11.4910,0,0,0,0,0
-11.4810,0,0,0,0,0
-11.4710,0,0,0,0,0
-11.4610,0,0,0,0,0
-11.4510,0,0,0,0,0
-11.4410,0,0,0,0,0
-11.4310,0,0,0,0,0
-11.4210,0,0,0,0,0
-11.4110,0,0,0,0,0
-11.4010,0,0,0,0,0
-11.3910,0,0,0,0,0
-11.3810,0,0,0,0,0
-11.3710,0,0,0,0,0
-11.3610,0,0,0,0,0
-11.3510,0,0,0,0,0
-11.3410,0,0,0,0,0
-11.3310,0,0,0,0,0
-11.3210,0,0,0,0,0
-11.3110,0,0,0,0,0
-11.3010,0,0,0,0,0
-11.2910,0,0,0,0,0
-11.2810,0,0,0,0,0
-11.2710,0,0,0,0,0
-11.2610,0,0,0,0,0
-11.2510,0,0,0,0,0
-11.2410,0,0,0,0,0
-11.2310,0,0,0,0,0
-11.2210,0,0,0,0,0
-11.2110,0,0,0,0,0
-11.2010,0,0,0,0,0
-11.1910,0,0,0,0,0
-11.1810,0,0,0,0,0
-11.1710,0,0,0,0,0
-11.1610,0,0,0,0,0
-11.1510,0,0,0,0,0
-11.1410,0,0,0,0,0
-11.1310,0,0,0,0,0
-11.1210,0,0,0,0,0
-11.1110,0,0,0,0,0
-11.1010,0,0,0,0,0
-11.0910,0,0,0,0,0
-11.0810,0,0,0,0,0
-11.0710,0,0,0,0,0
-11.0610,0,0,0,0,0
-11.0510,0,0,0,0,0
-11.0410,0,0,0,0,0
-11.0310,0,0,0,0,0
-11.0210,0,0,0,0,0
-11.0110,0,0,0,0,0
-11.0010,0,0,0,0,0
-10.9910,0,0,0,0,0
-10.9810,0,0,0,0,0
-10.9710,0,0,0,0,0
-10.9610,0,0,0,0,0
-10.9510,0,0,0,0,0
-10.9410,0,0,0,0,0
-10.9310,0,0,0,0,0
-10.9210,0,0,0,0,0
-10.9110,0,0,0,0,0
-10.9010,0,0,0,0,0
-10.8910,0,0,0,0,0
-10.8810,0,0,0,0,0
-10.8710,0,0,0,0,0
-10.8610,0,0,0,0,0
-10.8510,0,0,0,0,0
-10.8410,0,0,0,0,0
-10.8310,0,0,0,0,0
-10.8210,0,0,0,0,0
-10.8110,0,0,0,0,0
-10.8010,0,0,0,0,0
-10.7910,0,0,0,0,0
-10.7810,0,0,0,0,0
-10.7710,0,0,0,0,0
-10.7610,0,0,0,0,0
-10.7510,0,0,0,0,0
-10.7410,0,0,0,0,0
-10.7310,0,0,0,0,0
-10.7210,0,0,0,0,0
-10.7110,0,0,0,0,0
-10.7010,0,0,0,0,0
-10.6910,0,0,0,0,0
-10.6810,0,0,0,0,0
-10.6710,0,0,0,0,0
-10.6610,0,0,0,0,0
-10.6510,0,0,0,0,0
-10.6410,0,0,0,0,0
-10.6310,0,0,0,0,0
-10.6210,0,0,0,0,0
-10.6110,0,0,0,0,0
-10.6010,0,0,0,0,0
-10.5910,0,0,0,0,0
-10.5810,0,0,0,0,0
-10.5710,0,0,0,0,0
-10.5610,0,0,0,0,0
-10.5510,0,0,0,0,0
-10.5410,0,0,0,0,0
-10.5310,0,0,0,0,0
-10.5210,0,0,0,0,0
-10.5110,0,0,0,0,0
-10.5010,0,0,0,0,0
-10.4910,0,0,0,0,0
-10.4810,0,0,0,0,0
-10.4710,0,0,0,0,0
-10.4610,0,0,0,0,0
-10.4510,0,0,0,0,0
-10.4410,0,0,0,0,0
-10.4310,0,0,0,0,0
-10.4210,0,0,0,0,0
-10.4110,0,0,0,0,0
-10.4010,0,0,0,0,0
-10.3910,0,0,0,0,0
-10.3810,0,0,0,0,0
-10.3710,0,0,0,0,0
-10.3610,0,0,0,0,0
-10.3510,0,0,0,0,0
-10.3410,0,0,0,0,0
-10.3310,0,0,0,0,0
-10.3210,0,0,0,0,0
-10.3110,0,0,0,0,0
-10.3010,0,0,0,0,0
-10.2910,0,0,0,0,0
-10.2810,0,0,0,0,0
-10.2710,0,0,0,0,0
-10.2610,0,0,0,0,0
-10.2510,0,0,0,0,0
-10.2410,0,0,0,0,0
-10.2310,0,0,0,0,0
-10.2210,0,0,0,0,0
-10.2110,0,0,0,0,0
-10.2010,0,0,0,0,0
-10.1910,0,0,0,0,0
-10.1810,0,0,0,0,0
-10.1710,0,0,0,0,0
-10.1610,0,0,0,0,0
-10.1510,0,0,0,0,0
-10.1410,0,0,0,0,0
-10.1310,0,0,0,0,0
-10.1210,0,0,0,0,0
-10.1110,0,0,0,0,0
-10.1010,0,0,0,0,0
-10.0910,0,0,0,0,0
-10.0810,0,0,0,0,0
-10.0710,0,0,0,0,0
-10.0610,0,0,0,0,0
-10.0510,0,0,0,0,0
-10.0410,0,0,0,0,0
-10.0310,0,0,0,0,0
-10.0210,0,0,0,0,0
-10.0110,0,0,0,0,0
-10.0010,0,0,0,0,0
-9.9910,0,0,0,0,0
-9.9810,0,0,0,0,0
-9.9710,0,0,0,0,0
-9.9610,0,0,0,0,0
-9.9510,0,0,0,0,0
-9.9410,0,0,0,0,0
-9.9310,0,0,0,0,0
-9.9210,0,0,0,0,0
-9.9110,0,0,0,0,0
-9.9010,0,0,0,0,0
-9.8910,0,0,0,0,0
-9.8810,0,0,0,0,0
-9.8710,0,0,0,0,0
-9.8610,0,0,0,0,0
-9.8510,0,0,0,0,0
-9.8410,0,0,0,0,0
-9.8310,0,0,0,0,0
-9.8210,0,0,0,0,0
-9.8110,0,0,0,0,0
-9.8010,0,0,0,0,0
-9.7910,0,0,0,0,0
-9.7810,0,0,0,0,0
-9.7710,0,0,0,0,0
-9.7610,0,0,0,0,0
-9.7510,0,0,0,0,0
-9.7410,0,0,0,0,0
-9.7310,0,0,0,0,0
-9.7210,0,0,0,0,0
-9.7110,0,0,0,0,0
-9.7010,0,0,0,0,0
-9.6910,0,0,0,0,0
-9.6810,0,0,0,0,0
-9.6710,0,0,0,0,0
-9.6610,0,0,0,0,0
-9.6510,0,0,0,0,0
-9.6410,0,0,0,0,0
-9.6310,0,0,0,0,0
-9.6210,0,0,0,0,0
-9.6110,0,0,0,0,0
-9.6010,0,0,0,0,0
-9.5910,0,0,0,0,0
-9.5810,0,0,0,0,0
-9.5710,0,0,0,0,0
-9.5610,0,0,0,0,0
-9.5510,0,0,0,0,0
-9.5410,0,0,0,0,0
-9.5310,0,0,0,0,0
-9.5210,0,0,0,0,0
-9.5110,0,0,0,0,0
-9.5010,0,0,0,0,0
-9.4910,0.002614,9.06e-06,0.00040828,0.00059912,0.0015823
-9.4810,0.2083,0.0007124,0.03229,0.047732,0.12628
-9.4710,0.9345,0.0031384,0.14373,0.21512,0.56691
-9.4610,1.437,0.004752,0.21909,0.33168,0.87358
-9.4510,1.652,0.00536,0.24962,0.38212,1.0065
-9.4410,1.867,0.005972,0.27968,0.43344,1.137
-9.4310,2.143,0.006736,0.31822,0.49912,1.3091
-9.4210,2.458,0.007596,0.36186,0.57308,1.5021
-9.4110,2.774,0.008428,0.40469,0.64712,1.6978
-9.4010,3.01,0.008972,0.43485,0.7048,1.8451
-9.3910,3.166,0.009266,0.45389,0.74202,1.9434
-9.3810,3.363,0.009688,0.47752,0.78959,2.0669
-9.3710,3.587,0.010154,0.50505,0.84432,2.2074
-9.3610,3.844,0.0107,0.53689,0.90725,2.3693
-9.3510,4.112,0.011238,0.56816,0.97327,2.5388
-9.3410,4.379,0.011755,0.60038,1.0383,2.7049
-9.3310,4.614,0.012177,0.6263,1.0963,2.855
-9.3210,4.831,0.012543,0.65004,1.1502,2.9929
-9.3110,4.972,0.012661,0.66304,1.1865,3.0826
-9.3010,5.124,0.012829,0.67658,1.2259,3.1822
-9.2910,5.301,0.01301,0.69294,1.2705,3.2983
-9.2810,5.524,0.013326,0.71576,1.3264,3.44
-9.2710,5.764,0.013651,0.73911,1.3885,3.5931
-9.2610,6.028,0.014041,0.76583,1.4548,3.7648
-9.2510,6.353,0.014529,0.79945,1.5356,3.9708
-9.2410,6.774,0.01524,0.84371,1.6412,4.242
-9.2310,7.449,0.01641,0.91766,1.8085,4.6675
-9.2210,8.059,0.01746,0.98299,1.9617,5.0538
-9.2110,8.638,0.01849,1.0452,2.106,5.4241
-9.2010,9.546,0.0202,1.1464,2.3319,6.0005
-9.1910,10.03,0.02086,1.192,2.4553,6.3108
-9.1810,10.47,0.02135,1.232,2.5702,6.597
-9.1710,11.15,0.02228,1.2977,2.742,7.0353
-9.1610,11.8,0.02314,1.3587,2.909,7.4575
-9.1510,12.2,0.02346,1.3901,3.0134,7.7198
-9.1410,12.68,0.02386,1.4278,3.1398,8.03
-9.1310,13.44,0.02468,1.494,3.3338,8.5223
-9.1210,14.8,0.02647,1.6249,3.6799,9.4009
-9.1110,17.06,0.02956,1.8475,4.2537,10.852
-9.1010,18.94,0.03213,2.0283,4.738,12.067
-9.0910,20.79,0.03469,2.2023,5.194,13.258
-9.0810,20.2,0.03298,2.1121,5.0704,12.896
-9.0710,14.77,0.02287,1.5143,3.7137,9.4545
-9.0610,25.43,0.03823,2.5867,6.4119,16.287
-9.0510,28.34,0.0419,2.8511,7.1589,18.168
-9.0410,26.57,0.03817,2.6371,6.7124,17.061
-9.0310,26.34,0.0367,2.5748,6.6754,16.94
-9.0210,26.08,0.03542,2.5131,6.6217,16.794
-9.0110,25.6,0.03384,2.4335,6.5047,16.512
-9.0010,26.49,0.03433,2.4868,6.7576,17.1
-8.9910,28.83,0.03618,2.6665,7.3646,18.644
-8.9810,29.69,0.03687,2.7156,7.6068,19.212
-8.9710,35.26,0.04208,3.1658,9.0264,22.861
-8.9610,32.85,0.0348,2.8514,8.4352,21.373
-8.9510,30.37,0.03027,2.5836,7.8336,19.8
-8.9410,26,0.02687,2.2142,6.7124,16.94
-8.9310,23.58,0.02552,2.0107,6.0833,15.357
-8.9210,21.68,0.02449,1.8484,5.5961,14.119
-8.9110,19.07,0.02212,1.6202,4.922,12.422
-8.9010,18.4,0.0216,1.5518,4.7556,11.991
-8.8910,16.53,0.0192,1.3769,4.2736,10.784
-8.8810,11.56,0.01334,0.95205,2.9988,7.5442
-8.8710,0.04547,5.282e-05,0.0036976,0.011822,0.029728
-8.8610,0,0,0,0,0
-8.8510,0,0,0,0,0
-8.8410,0,0,0,0,0
-8.8310,0,0,0,0,0
-8.8210,0,0,0,0,0
-8.8110,0,0,0,0,0
-8.8010,0,0,0,0,0
-8.7910,0,0,0,0,0
-8.7810,0,0,0,0,0
-8.7710,0,0,0,0,0
-8.7610,0,0,0,0,0
-8.7510,0,0,0,0,0
-8.7410,0,0,0,0,0
-8.7310,0,0,0,0,0
-8.7210,0,0,0,0,0
-8.7110,0,0,0,0,0
-8.7010,0,0,0,0,0
-8.6910,0,0,0,0,0
-8.6810,0,0,0,0,0
-8.6710,0,0,0,0,0
-8.6610,0,0,0,0,0
-8.6510,0,0,0,0,0
-8.6410,0,0,0,0,0
-8.6310,0,0,0,0,0
-8.6210,0,0,0,0,0
-8.6110,0,0,0,0,0
-8.6010,0,0,0,0,0
-8.5910,0,0,0,0,0
-8.5810,0,0,0,0,0
-8.5710,0,0,0,0,0
-8.5610,0,0,0,0,0
-8.5510,0,0,0,0,0
-8.5410,0,0,0,0,0
-8.5310,0,0,0,0,0
-8.5210,0,0,0,0,0
-8.5110,0,0,0,0,0
-8.5010,0,0,0,0,0
-8.4910,0,0,0,0,0
-8.4810,0,0,0,0,0
-8.4710,0,0,0,0,0
-8.4610,0,0,0,0,0
-8.4510,0,0,0,0,0
-8.4410,0,0,0,0,0
-8.4310,0,0,0,0,0
-8.4210,0,0,0,0,0
-8.4110,0,0,0,0,0
-8.4010,0,0,0,0,0
-8.3910,0,0,0,0,0
-8.3810,0,0,0,0,0
-8.3710,0,0,0,0,0
-8.3610,0,0,0,0,0
-8.3510,0,0,0,0,0
-8.3410,0,0,0,0,0
-8.3310,0,0,0,0,0
-8.3210,0,0,0,0,0
-8.3110,0,0,0,0,0
-8.3010,0,0,0,0,0
-8.2910,0,0,0,0,0
-8.2810,0,0,0,0,0
-8.2710,0,0,0,0,0
-8.2610,0,0,0,0,0
-8.2510,0,0,0,0,0
-8.2410,0,0,0,0,0
-8.2310,0,0,0,0,0
-8.2210,0,0,0,0,0
-8.2110,0,0,0,0,0
-8.2010,0,0,0,0,0
-8.1910,0,0,0,0,0
-8.1810,0,0,0,0,0
-8.1710,0,0,0,0,0
-8.1610,0,0,0,0,0
-8.1510,0,0,0,0,0
-8.1410,0,0,0,0,0
-8.1310,0,0,0,0,0
-8.1210,0,0,0,0,0
-8.1110,0,0,0,0,0
-8.1010,0,0,0,0,0
-8.0910,0,0,0,0,0
-8.0810,0,0,0,0,0
-8.0710,0,0,0,0,0
-8.0610,0,0,0,0,0
-8.0510,0,0,0,0,0
-8.0410,0,0,0,0,0
-8.0310,0,0,0,0,0
-8.0210,0,0,0,0,0
-8.0110,0,0,0,0,0
-8.0010,0,0,0,0,0
-7.9910,0,0,0,0,0
-7.9810,0,0,0,0,0
-7.9710,0,0,0,0,0
-7.9610,0,0,0,0,0
-7.9510,0,0,0,0,0
-7.9410,0,0,0,0,0
-7.9310,0,0,0,0,0
-7.9210,0,0,0,0,0
-7.9110,0,0,0,0,0
-7.9010,0,0,0,0,0
-7.8910,0,0,0,0,0
-7.8810,0,0,0,0,0
-7.8710,0,0,0,0,0
-7.8610,0,0,0,0,0
-7.8510,0,0,0,0,0
-7.8410,0,0,0,0,0
-7.8310,0,0,0,0,0
-7.8210,0,0,0,0,0
-7.8110,0,0,0,0,0
-7.8010,0,0,0,0,0
-7.7910,0,0,0,0,0
-7.7810,0,0,0,0,0
-7.7710,0,0,0,0,0
-7.7610,0,0,0,0,0
-7.7510,0,0,0,0,0
-7.7410,0,0,0,0,0
-7.7310,0,0,0,0,0
-7.7210,0,0,0,0,0
-7.7110,0,0,0,0,0
-7.7010,0,0,0,0,0
-7.6910,0,0,0,0,0
-7.6810,0,0,0,0,0
-7.6710,0,0,0,0,0
-7.6610,0,0,0,0,0
-7.6510,0,0,0,0,0
-7.6410,0,0,0,0,0
-7.6310,0,0,0,0,0
-7.6210,0,0,0,0,0
-7.6110,0,0,0,0,0
-7.6010,0,0,0,0,0
-7.5910,0,0,0,0,0
-7.5810,0,0,0,0,0
-7.5710,0,0,0,0,0
-7.5610,0,0,0,0,0
-7.5510,0,0,0,0,0
-7.5410,0,0,0,0,0
-7.5310,0,0,0,0,0
-7.5210,0,0,0,0,0
-7.5110,0,0,0,0,0
-7.5010,0,0,0,0,0
-7.4910,0,0,0,0,0
-7.4810,0,0,0,0,0
-7.4710,0,0,0,0,0
-7.4610,0,0,0,0,0
-7.4510,0,0,0,0,0
-7.4410,0,0,0,0,0
-7.4310,0,0,0,0,0
-7.4210,0,0,0,0,0
-7.4110,0,0,0,0,0
-7.4010,0,0,0,0,0
-7.3910,0,0,0,0,0
-7.3810,0,0,0,0,0
-7.3710,0,0,0,0,0
-7.3610,0,0,0,0,0
-7.3510,0,0,0,0,0
-7.3410,0,0,0,0,0
-7.3310,0,0,0,0,0
-7.3210,0,0,0,0,0
-7.3110,0,0,0,0,0
-7.3010,0,0,0,0,0
-7.2910,0,0,0,0,0
-7.2810,0,0,0,0,0
-7.2710,0,0,0,0,0
-7.2610,0,0,0,0,0
-7.2510,0,0,0,0,0
-7.2410,0,0,0,0,0
-7.2310,0,0,0,0,0
-7.2210,0,0,0,0,0
-7.2110,0,0,0,0,0
-7.2010,0,0,0,0,0
-7.1910,0,0,0,0,0
-7.1810,0,0,0,0,0
-7.1710,0,0,0,0,0
-7.1610,0,0,0,0,0
-7.1510,0,0,0,0,0
-7.1410,0,0,0,0,0
-7.1310,0,0,0,0,0
-7.1210,0,0,0,0,0
-7.1110,0,0,0,0,0
-7.1010,0,0,0,0,0
-7.0910,0,0,0,0,0
-7.0810,0,0,0,0,0
-7.0710,0,0,0,0,0
-7.0610,0,0,0,0,0
-7.0510,0,0,0,0,0
-7.0410,0,0,0,0,0
-7.0310,0,0,0,0,0
-7.0210,0,0,0,0,0
-7.0110,0,0,0,0,0
-7.0010,0,0,0,0,0
-6.9910,0,0,0,0,0
-6.9810,0,0,0,0,0
-6.9710,0,0,0,0,0
-6.9610,0,0,0,0,0
-6.9510,0,0,0,0,0
-6.9410,0,0,0,0,0
-6.9310,0,0,0,0,0
-6.9210,0,0,0,0,0
-6.9110,0,0,0,0,0
-6.9010,0,0,0,0,0
-6.8910,0,0,0,0,0
-6.8810,0,0,0,0,0
-6.8710,0,0,0,0,0
-6.8610,0,0,0,0,0
-6.8510,0,0,0,0,0
-6.8410,0,0,0,0,0
-6.8310,0,0,0,0,0
-6.8210,0,0,0,0,0
-6.8110,0,0,0,0,0
-6.8010,0,0,0,0,0
-6.7910,0,0,0,0,0
-6.7810,0,0,0,0,0
-6.7710,0,0,0,0,0
-6.7610,0,0,0,0,0
-6.7510,0,0,0,0,0
-6.7410,0,0,0,0,0
-6.7310,0,0,0,0,0
-6.7210,0,0,0,0,0
-6.7110,0,0,0,0,0
-6.7010,0,0,0,0,0
-6.6910,0,0,0,0,0
-6.6810,0,0,0,0,0
-6.6710,0,0,0,0,0
-6.6610,0,0,0,0,0
-6.6510,0,0,0,0,0
-6.6410,0,0,0,0,0
-6.6310,0,0,0,0,0
-6.6210,0,0,0,0,0
-6.6110,0,0,0,0,0
-6.6010,0,0,0,0,0
-6.5910,0,0,0,0,0
-6.5810,0,0,0,0,0
-6.5710,0,0,0,0,0
-6.5610,0,0,0,0,0
-6.5510,0,0,0,0,0
-6.5410,0,0,0,0,0
-6.5310,0,0,0,0,0
-6.5210,0,0,0,0,0
-6.5110,0,0,0,0,0
-6.5010,0,0,0,0,0
-6.4910,0,0,0,0,0
-6.4810,0,0,0,0,0
-6.4710,0,0,0,0,0
-6.4610,0,0,0,0,0
-6.4510,0.006635,9.1794e-05,0.00087667,0.001881,0.0037334
-6.4410,11.18,0.15081,1.4481,3.1847,6.2998
-6.4310,12.99,0.17523,1.6727,3.7048,7.3293
-6.4210,15.34,0.20328,1.9585,4.37,8.6758
-6.4110,14.24,0.18451,1.8062,4.0926,8.0653
-6.4010,14.74,0.18776,1.8545,4.2168,8.3468
-6.3910,15.24,0.19061,1.9038,4.3809,8.6459
-6.3810,15.15,0.18624,1.8765,4.3439,8.6024
-6.3710,15.67,0.1879,1.9234,4.5076,8.9084
-6.3610,17.38,0.19714,2.116,5.0325,9.896
-6.3510,16.97,0.1873,2.0463,4.9148,9.6728
-6.3410,18.83,0.20455,2.2478,5.4828,10.762
-6.3310,21.24,0.2125,2.5094,6.2092,12.153
-6.3210,22.51,0.20592,2.634,6.6136,12.895
-6.3110,22.2,0.19441,2.5696,6.5368,12.745
-6.3010,21.71,0.18436,2.4831,6.3792,12.477
-6.2910,22.04,0.18404,2.4917,6.504,12.684
-6.2810,23.87,0.19871,2.668,7.0429,13.766
-6.2710,28.64,0.25623,3.1684,8.4447,16.543
-6.2610,27.69,0.23233,3.032,8.159,16.051
-6.2510,26.19,0.20671,2.8253,7.7379,15.222
-6.2410,24.59,0.19715,2.6243,7.2577,14.325
-6.2310,23.53,0.19564,2.4853,6.9295,13.737
-6.2210,23.09,0.19194,2.4101,6.8115,13.507
-6.2110,24.74,0.21339,2.554,7.2826,14.503
-6.2010,25.91,0.2275,2.6245,7.6662,15.188
-6.1910,26.73,0.23889,2.6621,7.921,15.69
-6.1810,21.42,0.20961,2.1235,6.312,12.619
-6.1710,15.22,0.16943,1.5194,4.43,8.9988
-6.1610,14.21,0.17193,1.4157,4.0962,8.4222
-6.1510,16.66,0.22416,1.6558,4.7619,9.8915
-6.1410,23.45,0.30279,2.2699,6.7557,13.961
-6.1310,18.68,0.25674,1.8021,5.3534,11.142
-6.1210,16.58,0.23904,1.5878,4.7229,9.9067
-6.1110,15.4,0.23142,1.4635,4.3868,9.2162
-6.1010,14.04,0.21658,1.3195,3.9942,8.4155
-6.0910,12.55,0.19793,1.1668,3.5712,7.5317
-6.0810,12.04,0.19802,1.1103,3.4206,7.2362
-6.0710,11.44,0.19951,1.0506,3.2339,6.8772
-6.0610,11.23,0.2153,1.0365,3.1479,6.7589
-6.0510,10.59,0.21542,0.97576,2.9522,6.3788
-6.0410,9.695,0.21184,0.89403,2.6867,5.8422
-6.0310,8.801,0.21113,0.8181,2.4156,5.2997
-6.0210,8.22,0.21622,0.77226,2.2303,4.9444
-6.0110,7.932,0.23613,0.76182,2.1204,4.7626
-6.0010,7.04,0.23226,0.68827,1.855,4.2222
-5.9910,6.845,0.27345,0.70188,1.7497,4.0764
-5.9810,4.751,0.2177,0.50728,1.1839,2.8143
-5.9710,2.75,0.14499,0.30644,0.66393,1.618
-5.9610,5.702,0.19946,0.54278,1.4868,3.4391
-5.9510,7.401,0.25055,0.69417,1.9372,4.4784
-5.9410,8.291,0.30714,0.7934,2.1447,4.9952
-5.9310,9.769,0.34099,0.90992,2.5525,5.9084
-5.9210,12.53,0.40046,1.1319,3.3085,7.6124
-5.9110,16.77,0.49013,1.4745,4.4833,10.231
-5.9010,18.45,0.5183,1.5924,4.9633,11.274
-5.8910,20.64,0.54654,1.7374,5.6039,12.633
-5.8810,23.86,0.57481,1.944,6.5444,14.645
-5.8710,29.43,0.61923,2.3035,8.1952,18.103
-5.8610,40.13,0.69381,2.9894,11.416,24.768
-5.8510,36.43,0.64195,2.6919,10.326,22.505
-5.8410,36.84,0.79435,2.8053,10.287,22.696
-5.8310,48.63,1.1216,3.7139,13.538,29.931
-5.8210,57.42,1.1842,4.2243,16.132,35.512
-5.8110,61.82,1.0766,4.3401,17.575,38.415
-5.8010,51.89,1.0284,3.6682,14.67,32.161
-5.7910,64.73,1.3159,4.4776,18.3,40.22
-5.7810,71.81,1.2294,4.7012,20.548,44.866
-5.7710,55.19,0.76137,3.4103,16.061,34.592
-5.7610,64.26,0.7994,3.8139,18.817,40.407
-5.7510,77.72,0.97304,4.6009,22.737,48.891
-5.7410,77.43,0.92641,4.4076,22.715,48.877
-5.7310,79.06,0.89668,4.2883,23.374,49.973
-5.7210,65.71,0.83708,3.5887,19.463,41.409
-5.7110,41.42,0.72565,2.4233,12.221,25.776
-5.7010,35,0.6567,2.0615,10.331,21.699
-5.6910,31.8,0.61232,1.8615,9.4016,19.715
-5.6810,32.16,0.62686,1.8673,9.5352,19.888
-5.6710,33.18,0.64557,1.8839,9.879,20.564
-5.6610,37.17,0.70173,2.0403,11.131,23.039
-5.6510,34.11,0.61488,1.8575,10.228,21.231
-5.6410,32.03,0.53831,1.7091,9.6255,19.952
-5.6310,31.71,0.48985,1.6536,9.565,19.798
-5.6210,32.43,0.45333,1.6642,9.8265,20.294
-5.6110,34.02,0.45294,1.7013,10.391,21.263
-5.6010,30.04,0.40455,1.4676,9.2673,18.731
-5.5910,23.16,0.32097,1.0964,7.2223,14.352
-5.5810,20.86,0.27853,0.95491,6.5689,12.921
-5.5710,19.36,0.25059,0.86044,6.137,11.981
-5.5610,19.03,0.22666,0.81554,6.0968,11.775
-5.5510,19.22,0.20903,0.79883,6.1772,11.891
-5.5410,17.9,0.17862,0.72384,5.7956,11.079
-5.5310,17.47,0.15902,0.69157,5.6948,10.811
-5.5210,13.89,0.103,0.52446,4.572,8.6043
-5.5110,0,0,0,0,0
-5.5010,0,0,0,0,0
-5.4910,0,0,0,0,0
-5.4810,0,0,0,0,0
-5.4710,0,0,0,0,0
-5.4610,0,0,0,0,0
-5.4510,0,0,0,0,0
-5.4410,0,0,0,0,0
-5.4310,0,0,0,0,0
-5.4210,0,0,0,0,0
-5.4110,0,0,0,0,0
-5.4010,0,0,0,0,0
-5.3910,0,0,0,0,0
-5.3810,0,0,0,0,0
-5.3710,0,0,0,0,0
-5.3610,0,0,0,0,0
-5.3510,0,0,0,0,0
-5.3410,0,0,0,0,0
-5.3310,0,0,0,0,0
-5.3210,0,0,0,0,0
-5.3110,0,0,0,0,0
-5.3010,0,0,0,0,0
-5.2910,0,0,0,0,0
-5.2810,0,0,0,0,0
-5.2710,0,0,0,0,0
-5.2610,0,0,0,0,0
-5.2510,0,0,0,0,0
-5.2410,0,0,0,0,0
-5.2310,0,0,0,0,0
-5.2210,0,0,0,0,0
-5.2110,0,0,0,0,0
-5.2010,0,0,0,0,0
-5.1910,0,0,0,0,0
-5.1810,0,0,0,0,0
-5.1710,0,0,0,0,0
-5.1610,0,0,0,0,0
-5.1510,0,0,0,0,0
-5.1410,0,0,0,0,0
-5.1310,0,0,0,0,0
-5.1210,0,0,0,0,0
-5.1110,0,0,0,0,0
-5.1010,0,0,0,0,0
-5.0910,0,0,0,0,0
-5.0810,0.01343,0.0089299,0.0026352,6.0176e-05,0.0017735
-5.0710,4.068,2.716,0.78634,0.025294,0.53187
-5.0610,8.602,5.7601,1.6391,0.068812,1.0964
-5.0510,11.07,7.4003,2.0726,0.12284,1.4563
-5.0410,12.58,8.3705,2.3122,0.17368,1.6887
-5.0310,15.66,10.381,2.8349,0.26082,2.1553
-5.0210,19.98,13.221,3.5547,0.37966,2.7921
-5.0110,26.47,17.502,4.6326,0.55397,3.725
-5.0010,31.79,21.093,5.4781,0.70332,4.4362
-4.9910,30.46,20.234,5.1677,0.73292,4.2503
-4.9810,29.81,19.884,4.9879,0.75488,4.1087
-4.9710,35.66,24.286,5.8806,0.83148,4.5798
-4.9610,34.27,23.755,5.5587,0.75195,4.1237
-4.9510,37.81,26.496,6.04,0.81755,4.3724
-4.9410,47.11,33.409,7.3903,0.98184,5.2269
-4.9310,46.21,33.318,7.1243,0.89752,4.7808
-4.9210,61.47,44.61,9.3203,1.1991,6.0782
-4.9110,83.86,62.012,12.476,1.5071,7.6758
-4.9010,50.51,37.349,7.4397,1.0496,4.5707
-4.8910,63.15,47.012,9.1691,1.3514,5.5007
-4.8810,53.62,39.971,7.6828,1.2371,4.5933
-4.8710,47.62,35.662,6.677,1.1847,4.0019
-4.8610,35.86,26.67,4.9777,1.0328,3.1047
-4.8510,10.72,7.4811,1.5345,0.49382,1.176
-4.8410,4.876,3.3761,0.69472,0.2467,0.54616
-4.8310,0,0,0,0,0
-4.8210,0,0,0,0,0
-4.8110,0,0,0,0,0
-4.8010,0,0,0,0,0
-4.7910,0,0,0,0,0
-4.7810,0,0,0,0,0
-4.7710,0,0,0,0,0
-4.7610,0,0,0,0,0
-4.7510,0,0,0,0,0
-4.7410,0,0,0,0,0
-4.7310,0,0,0,0,0
-4.7210,0,0,0,0,0
-4.7110,0,0,0,0,0
-4.7010,0,0,0,0,0
-4.6910,0,0,0,0,0
-4.6810,0,0,0,0,0
-4.6710,0,0,0,0,0
-4.6610,0,0,0,0,0
-4.6510,0,0,0,0,0
-4.6410,0,0,0,0,0
-4.6310,0,0,0,0,0
-4.6210,0,0,0,0,0
-4.6110,0,0,0,0,0
-4.6010,6.917,4.4998,1.295,0.0024569,1.0998
-4.5910,19.89,13.252,3.57,0.046837,2.9562
-4.5810,151.9,104.62,25.619,0.93964,20.248
-4.5710,179.1,124.86,29.168,0.88826,23.567
-4.5610,214.5,151.96,33.571,1.2594,26.73
-4.5510,108.2,77.186,16.282,0.82732,13.459
-4.5410,156,113.46,22.716,0.74515,18.574
-4.5310,112.1,81.748,16.404,0.69792,12.88
-4.5210,78.88,57.669,11.722,0.54508,8.8451
-4.5110,83.13,60.844,12.669,0.48735,8.8226
-4.5010,65.71,48.42,10.267,0.31247,6.522
-4.4910,55.7,41.414,8.677,0.24096,5.187
-4.4810,33.45,25.128,5.1346,0.14979,2.9411
-4.4710,37.22,28.298,5.6413,0.16226,3.0336
-4.4610,57.01,43.811,8.4744,0.24388,4.1994
-4.4510,49.11,38.38,7.1435,0.19304,3.27
-4.4410,45.21,35.808,6.4749,0.16128,2.6742
-4.4310,44.72,35.768,6.2586,0.1526,2.4352
-4.4210,43.28,34.928,5.9551,0.14164,2.1572
-4.4110,30.73,25.007,4.0601,0.09964,1.5088
-4.4010,20,16.485,2.5048,0.06348,0.92156
-4.3910,12.7,10.603,1.5164,0.038736,0.5269
-4.3810,4.719,3.9873,0.5375,0.013824,0.17204
-4.3710,0,0,0,0,0
-4.3610,0,0,0,0,0
-4.3510,0,0,0,0,0
-4.3410,0,0,0,0,0
-4.3310,0,0,0,0,0
-4.3210,0,0,0,0,0
-4.3110,0,0,0,0,0
-4.3010,0,0,0,0,0
-4.2910,0,0,0,0,0
-4.2810,0,0,0,0,0
-4.2710,0,0,0,0,0
-4.2610,0,0,0,0,0
-4.2510,0,0,0,0,0
-4.2410,0,0,0,0,0
-4.2310,0,0,0,0,0
-4.2210,0,0,0,0,0
-4.2110,0,0,0,0,0
-4.2010,0,0,0,0,0
-4.1910,0,0,0,0,0
-4.1810,0,0,0,0,0
-4.1710,0,0,0,0,0
-4.1610,0,0,0,0,0
-4.1510,0,0,0,0,0
-4.1410,0,0,0,0,0
-4.1310,0,0,0,0,0
-4.1210,0,0,0,0,0
-4.1110,0,0,0,0,0
-4.1010,0,0,0,0,0
-4.0910,0,0,0,0,0
-4.0810,0,0,0,0,0
-4.0710,0,0,0,0,0
-4.0610,0,0,0,0,0
-4.0510,0,0,0,0,0
-4.0410,0,0,0,0,0
-4.0310,0,0,0,0,0
-4.0210,0,0,0,0,0
-4.0110,0,0,0,0,0
-4.0010,0,0,0,0,0
-3.9910,0,0,0,0,0
-3.9810,0,0,0,0,0
-3.9710,0.0006696,5.064e-06,0.00012172,2.0409e-07,0.00053361
-3.9610,0.408,0.0044116,0.073632,0.00018174,0.32388
-3.9510,2.497,0.03618,0.44723,0.0016998,1.9765
-3.9410,4.256,0.075,0.75605,0.004044,3.364
-3.9310,5.673,0.1156,1.0016,0.00734,4.4726
-3.9210,7.266,0.163,1.2755,0.01248,5.7171
-3.9110,10.54,0.2466,1.8462,0.02394,8.2811
-3.9010,16.62,0.4041,2.9475,0.0478,12.988
-3.8910,18.12,0.5056,3.2442,0.05552,14.041
-3.8810,14.68,0.4875,2.6309,0.04134,11.318
-3.8710,14.84,0.5419,2.6766,0.04196,11.374
-3.8610,16.02,0.6274,2.9039,0.04658,12.231
-3.8510,16.62,0.6968,3.0032,0.05053,12.641
-3.8410,17.17,0.7578,3.093,0.05604,12.998
-3.8310,18.41,0.8396,3.324,0.0638,13.922
-3.8210,20.73,0.9808,3.7397,0.07376,15.68
-3.8110,22.72,1.1404,4.095,0.07612,17.084
-3.8010,24.95,1.3566,4.4581,0.07853,18.766
-3.7910,19.89,0.9966,3.5925,0.06184,14.964
-3.7810,21.41,1.0434,3.8087,0.06075,16.18
-3.7710,24.24,1.1556,4.2568,0.06675,18.465
-3.7610,25.45,1.3056,4.4253,0.07185,19.338
-3.7510,27.15,1.4534,4.6864,0.0834,20.57
-3.7410,34.51,1.9081,5.802,0.09486,26.246
-3.7310,38.24,2.2929,6.2472,0.10452,29.067
-3.7210,32.06,1.9757,5.1871,0.07637,24.369
-3.7110,34.15,2.1773,5.521,0.09361,25.892
-3.7010,31.54,2.1993,4.9096,0.06941,23.911
-3.6910,35.79,2.7347,5.4107,0.07551,27.074
-3.6810,44.06,3.7688,6.4509,0.09738,33.117
-3.6710,39.18,3.1056,5.8271,0.10078,29.588
-3.6610,38.32,2.8773,5.7828,0.11646,28.969
-3.6510,39.56,2.8762,5.9774,0.13013,30.046
-3.6410,32.3,2.4272,4.8129,0.09949,24.513
-3.6310,19.01,1.5247,2.7933,0.05849,14.385
-3.6210,15.95,1.2408,2.3609,0.05088,12.091
-3.6110,12.23,0.85458,1.8191,0.03919,9.3349
-3.6010,11.29,0.68667,1.7104,0.03865,8.6843
-3.5910,14.27,0.84064,2.193,0.05542,10.976
-3.5810,21.07,1.2371,3.2898,0.09843,16.156
-3.5710,30.55,1.7678,4.7768,0.14775,23.411
-3.5610,37.23,2.2985,5.7424,0.17377,28.477
-3.5510,55.14,3.7265,8.4739,0.2491,41.904
-3.5410,105.3,7.0105,17.83,0.3498,78.754
-3.5310,105.8,7.7725,17.429,0.4097,78.783
-3.5210,104.7,7.9778,16.564,0.55,78.202
-3.5110,107.1,8.1797,16.307,0.7952,80.358
-3.5010,99.2,7.1784,14.701,0.8852,74.995
-3.4910,87.01,6.4159,12.326,0.98286,65.972
-3.4810,21.09,1.0763,3.2447,0.3218,16.124
-3.4710,6.002,0.34872,0.95382,0.096487,4.5198
-3.4610,0,0,0,0,0
-3.4510,0,0,0,0,0
-3.4410,0,0,0,0,0
-3.4310,4.225,0.21986,0.70496,0.086877,3.1572
-3.4210,7.081,0.37102,1.1646,0.12616,5.3265
-3.4110,11.39,0.58668,1.8621,0.15968,8.6245
-3.4010,46.53,1.2438,7.7195,0.4065,36.45
-3.3910,73.08,1.9596,12.298,0.4953,57.233
-3.3810,66.19,2.25,11.293,0.3909,51.278
-3.3710,75.98,2.9473,12.816,0.4514,58.669
-3.3610,70.88,2.983,12.032,0.4063,54.467
-3.3510,63.27,2.7358,10.747,0.3902,48.528
-3.3410,65.2,2.788,11.225,0.4298,49.828
-3.3310,58.11,2.812,9.8484,0.3676,44.238
-3.3210,35.49,2.0892,5.8395,0.2266,26.837
-3.3110,36.77,2.3664,6.0516,0.23,27.6
-3.3010,53.21,4.132,8.5909,0.2976,39.473
-3.2910,47.73,3.068,8.3172,0.3344,35.377
-3.2810,41.5,2.5663,7.1826,0.29449,30.905
-3.2710,34.48,2.0452,6.033,0.27157,25.616
-3.2610,37.93,2.4259,6.4393,0.29534,28.239
-3.2510,52.94,3.6093,8.6941,0.3922,39.439
-3.2410,70.13,4.7539,11.373,0.5264,52.51
-3.2310,84.6,5.7559,13.578,0.6448,63.448
-3.2210,101.1,6.642,16.451,0.8166,75.699
-3.2110,96.22,6.1406,15.962,0.8186,71.91
-3.2010,86.01,5.1002,14.567,0.7768,64.285
-3.1910,64.15,4.3186,11.963,0.5175,46.434
-3.1810,46.62,3.516,8.5052,0.35306,33.547
-3.1710,35.96,2.8348,6.4173,0.27428,25.911
-3.1610,24.3,1.8578,4.2037,0.204,17.662
-3.1510,16.34,1.1425,2.7875,0.15825,12.022
-3.1410,11.07,0.5684,1.8627,0.13525,8.3583
-3.1310,9.177,0.44471,1.5372,0.11707,6.9526
-3.1210,8.169,0.37922,1.3638,0.10812,6.2043
-3.1110,7.497,0.33492,1.2488,0.1023,5.7069
-3.1010,7.098,0.30612,1.1808,0.09928,5.4164
-3.0910,6.678,0.27948,1.1102,0.09532,5.1015
-3.0810,6.068,0.24879,1.0111,0.08772,4.6358
-3.0710,5.501,0.22213,0.91871,0.08037,4.206
-3.0610,5.107,0.20356,0.85578,0.07512,3.909
-3.0510,4.822,0.18929,0.81081,0.071592,3.6883
-3.0410,4.691,0.181,0.79238,0.069868,3.5885
-3.0310,4.091,0.15524,0.69352,0.06152,3.1264
-3.0210,3.576,0.13582,0.60835,0.053534,2.7326
-3.0110,3.077,0.11947,0.5226,0.045988,2.3508
-3.0010,2.276,0.11216,0.37049,0.032948,1.7314
-2.9910,0.7476,0.0958,0.073235,0.008604,0.55749
-2.9810,1.346,0.18884,0.11929,0.014338,1.0006
-2.9710,1.903,0.28046,0.15814,0.019074,1.4124
-2.9610,2.04,0.30614,0.16494,0.01934,1.5166
-2.9510,2.27,0.3354,0.18648,0.02104,1.6855
-2.9410,2.64,0.38286,0.22059,0.02386,1.9652
-2.9310,3.027,0.43104,0.25697,0.02674,2.2561
-2.9210,3.396,0.47464,0.29229,0.02926,2.5406
-2.9110,4.033,0.54748,0.36012,0.03277,3.0193
-2.9010,8.849,1.135,0.93942,0.04226,6.5914
-2.8910,16.9,2.3542,1.6168,0.06728,12.61
-2.8810,22.28,3.13,2.0748,0.08806,16.583
-2.8710,24.48,3.3182,2.3546,0.09728,18.298
-2.8610,28.6,3.7854,2.7583,0.11498,21.435
-2.8510,30.22,3.9101,2.9247,0.12124,22.716
-2.8410,37.68,4.6588,3.743,0.16116,28.436
-2.8310,53.03,5.8397,6.1205,0.2256,39.896
-2.8210,62.51,6.908,7.2781,0.251,46.965
-2.8110,58.6,6.3907,6.6035,0.22108,44.338
-2.8010,59.1,6.4593,6.5377,0.19825,44.842
-2.7910,55.57,5.9171,6.2334,0.18103,42.25
-2.7810,53.75,5.5108,6.3431,0.16792,40.768
-2.7710,87.61,8.7383,9.8785,0.27376,67.069
-2.7610,63.01,6.4692,6.9922,0.18162,48.189
-2.7510,51.3,5.4495,5.5232,0.13536,39.245
-2.7410,40.35,4.4236,4.232,0.09432,30.806
-2.7310,31.68,3.2816,3.3428,0.06725,24.34
-2.7210,9.794,1.1162,0.93363,0.015372,7.5243
-2.7110,0.4116,0.020277,0.072964,0.00202,0.31404
-2.7010,26.87,1.5166,4.1757,0.1524,20.8
-2.6910,20.93,0.96485,3.5563,0.0976,16.163
-2.6810,25.21,0.95712,4.506,0.09608,19.498
-2.6710,25.28,0.87676,4.6266,0.081,19.539
-2.6610,29.14,0.93916,5.4058,0.07561,22.593
-2.6510,35.63,1.0962,6.6494,0.07308,27.655
-2.6410,36.15,1.0508,6.7554,0.06747,28.12
-2.6310,38.37,1.0534,7.1974,0.06841,29.891
-2.6210,32.69,0.9911,6.0734,0.05627,25.438
-2.6110,33.15,1.0275,6.1069,0.05977,25.799
-2.6010,32.68,0.9763,6.0167,0.06054,25.506
-2.5910,31.6,0.89587,5.8164,0.05828,24.696
-2.5810,35.9,0.89525,6.6922,0.0708,28.091
-2.5710,48.33,1.1226,9.1278,0.0923,37.79
-2.5610,44.86,0.98326,8.493,0.08628,35.109
-2.5510,42.42,0.85146,8.0132,0.0811,33.304
-2.5410,40.58,0.84263,7.5392,0.08524,31.935
-2.5310,39.3,0.86828,7.1665,0.09358,30.999
-2.5210,37.17,0.75934,6.7043,0.0846,29.473
-2.5110,33.62,0.65388,6.0755,0.07786,26.66
-2.5010,29.48,0.54812,5.3558,0.05638,23.411
-2.4910,35.78,0.61508,6.4007,0.07952,28.526
-2.4810,35.56,0.62964,6.2805,0.08886,28.413
-2.4710,37.36,0.70104,6.5034,0.09665,29.912
-2.4610,30.53,0.62763,5.1643,0.09156,24.502
-2.4510,18.35,0.34862,2.9072,0.07808,14.907
-2.4410,13.72,0.18324,2.0724,0.06894,11.312
-2.4310,14.21,0.1784,2.1143,0.07143,11.755
-2.4210,14.71,0.17031,2.1626,0.07417,12.21
-2.4110,15.56,0.16611,2.2539,0.07752,12.96
-2.4010,16.84,0.16532,2.3978,0.08263,14.092
-2.3910,26.76,0.17442,3.5536,0.13293,22.768
-2.3810,33.56,0.1907,4.367,0.16589,28.658
-2.3710,37.84,0.19766,4.8723,0.18823,32.431
-2.3610,44.79,0.21644,5.7152,0.2261,38.415
-2.3510,58.35,0.28456,7.4475,0.2996,50.01
-2.3410,55.7,0.28058,7.0939,0.283,47.734
-2.3310,52.18,0.29146,6.6085,0.2547,44.741
-2.3210,52.71,0.35128,6.6372,0.2476,45.201
-2.3110,47.07,0.36468,5.8492,0.19767,40.407
-2.3010,40.93,0.31714,5.1137,0.1956,35.062
-2.2910,40.8,0.3393,5.0582,0.2055,34.967
-2.2810,44.89,0.37647,5.5521,0.2366,38.408
-2.2710,53.81,0.46619,6.5914,0.2814,46.133
-2.2610,67.36,0.63862,8.2016,0.3453,57.74
-2.2510,70.9,0.70197,8.474,0.3395,60.909
-2.2410,56.96,0.6052,6.6403,0.2618,49.059
-2.2310,66.31,0.79871,7.4327,0.273,57.369
-2.2210,57.34,0.69584,6.2315,0.2264,49.774
-2.2110,50.94,0.62937,5.4128,0.1987,44.345
-2.2010,49.04,0.60078,5.1612,0.1966,42.757
-2.1910,66.27,0.83534,6.7753,0.2788,57.907
-2.1810,66.25,0.81612,6.6994,0.2763,58.064
-2.1710,66.96,0.78122,6.6474,0.2608,58.773
-2.1610,67.42,0.7522,6.5152,0.2598,59.452
-2.1510,75.45,0.79922,7.3428,0.28,66.485
-2.1410,62.6,0.66651,6.0582,0.23008,55.171
-2.1310,56.75,0.6063,5.4368,0.20768,50.098
-2.1210,61.01,0.64497,5.8129,0.21568,53.895
-2.1110,63.73,0.69379,6.0917,0.21236,56.249
-2.1010,60.95,0.6652,5.7424,0.19368,53.913
-2.0910,67.8,0.71404,6.3513,0.19721,60.026
-2.0810,77.75,0.70504,7.3527,0.21046,68.906
-2.0710,71.83,0.69048,6.8451,0.18749,63.565
-2.0610,68.21,0.63003,6.4711,0.17483,60.453
-2.0510,84.65,0.58559,7.7918,0.2301,75.429
-2.0410,78.62,0.62849,7.1352,0.21814,70.055
-2.0310,72.13,0.68966,6.531,0.20983,64.196
-2.0210,65.33,0.60199,5.9135,0.1989,58.142
-2.0110,61.39,0.54372,5.4831,0.18732,54.764
-2.0010,55.35,0.46641,4.8275,0.17284,49.499
-1.9910,50.13,0.42883,4.3754,0.15163,44.813
-1.9810,41.95,0.40891,3.7408,0.13367,37.378
-1.9710,48.46,0.48146,4.3603,0.14827,43.14
-1.9610,51.75,0.55096,4.5848,0.15649,46.088
-1.9510,48.44,0.52699,4.3012,0.15119,43.117
-1.9410,50.32,0.56663,4.3916,0.15,44.835
-1.9310,55.46,0.6692,4.8153,0.17172,49.416
-1.9210,55.25,0.6769,4.7681,0.17269,49.216
-1.9110,56.2,0.6998,4.8273,0.1745,50.135
-1.9010,59.26,0.7747,5.1758,0.1842,52.719
-1.8910,63.4,0.8718,5.5859,0.1955,56.317
-1.8810,62.23,0.9132,5.2746,0.1878,55.419
-1.8710,51.19,0.8368,4.3957,0.1804,45.403
-1.8610,58.81,0.94057,5.0336,0.2269,52.283
-1.8510,73.16,1.1732,5.9437,0.2318,65.31
-1.8410,71.07,1.0664,5.6374,0.21007,63.747
-1.8310,71.22,0.8688,5.5163,0.18257,64.251
-1.8210,85.49,0.8672,6.3203,0.16434,77.655
-1.8110,60.45,0.70242,4.1846,0.11526,55.087
-1.8010,47.17,0.49589,3.0191,0.07839,43.307
-1.7910,38.51,0.41241,2.2192,0.06727,35.528
-1.7810,33.62,0.38313,1.8257,0.06947,31.081
-1.7710,28.36,0.31265,1.4168,0.06508,26.35
-1.7610,22.87,0.23809,1.0788,0.05068,21.341
-1.7510,19.52,0.19097,0.87528,0.03976,18.246
-1.7410,18.62,0.17323,0.79587,0.03628,17.433
-1.7310,17.61,0.1559,0.72247,0.03254,16.538
-1.7210,16.82,0.14192,0.66492,0.02904,15.855
-1.7110,16.91,0.13768,0.64712,0.026,15.955
-1.7010,15.84,0.12157,0.5877,0.022841,14.972
-1.6910,15.29,0.11134,0.55203,0.01977,14.457
-1.6810,14.88,0.10275,0.52374,0.017087,14.099
-1.6710,15.33,0.10117,0.52477,0.015016,14.54
-1.6610,14.85,0.092017,0.49505,0.012554,14.121
-1.6510,14.17,0.083095,0.46071,0.00989,13.532
-1.6410,14.64,0.080591,0.4661,0.007498,13.984
-1.6310,7.659,0.04314,0.22904,0.0046241,7.3197
-1.6210,4.668,0.024986,0.13283,0.0027532,4.4683
-1.6110,2.775,0.013267,0.075161,0.0016787,2.6625
-1.6010,1.151,0.0050196,0.030069,0.00052032,1.1083
-1.5910,0.01944,7.6192e-05,0.00048469,5.542e-06,0.018724
-1.5810,8.754e-06,2.9944e-08,2.0466e-07,8.5488e-10,8.4481e-06
-1.5710,0,0,0,0,0
-1.5610,0,0,0,0,0
-1.5510,0,0,0,0,0
-1.5410,0,0,0,0,0
-1.5310,0,0,0,0,0
-1.5210,0,0,0,0,0
-1.5110,0,0,0,0,0
-1.5010,0,0,0,0,0
-1.4910,0,0,0,0,0
-1.4810,0,0,0,0,0
-1.4710,0,0,0,0,0
-1.4610,0,0,0,0,0
-1.4510,0,0,0,0,0
-1.4410,0,0,0,0,0
-1.4310,0,0,0,0,0
-1.4210,0,0,0,0,0
-1.4110,0,0,0,0,0
-1.4010,0,0,0,0,0
-1.3910,0,0,0,0,0
-1.3810,0,0,0,0,0
-1.3710,0,0,0,0,0
-1.3610,0,0,0,0,0
-1.3510,0,0,0,0,0
-1.3410,0,0,0,0,0
-1.3310,0,0,0,0,0
-1.3210,0,0,0,0,0
-1.3110,0,0,0,0,0
-1.3010,0,0,0,0,0
-1.2910,0,0,0,0,0
-1.2810,0,0,0,0,0
-1.2710,0,0,0,0,0
-1.2610,0,0,0,0,0
-1.2510,0,0,0,0,0
-1.2410,0,0,0,0,0
-1.2310,0,0,0,0,0
-1.2210,0,0,0,0,0
-1.2110,0,0,0,0,0
-1.2010,0,0,0,0,0
-1.1910,0,0,0,0,0
-1.1810,0,0,0,0,0
-1.1710,0,0,0,0,0
-1.1610,0,0,0,0,0
-1.1510,0,0,0,0,0
-1.1410,0,0,0,0,0
-1.1310,0,0,0,0,0
-1.1210,0,0,0,0,0
-1.1110,0,0,0,0,0
-1.1010,0,0,0,0,0
-1.0910,0,0,0,0,0
-1.0810,0,0,0,0,0
-1.0710,0,0,0,0,0
-1.0610,0,0,0,0,0
-1.0510,0,0,0,0,0
-1.0410,0,0,0,0,0
-1.0310,0,0,0,0,0
-1.0210,0,0,0,0,0
-1.0110,0,0,0,0,0
-1.0010,0,0,0,0,0
-0.9910,0,0,0,0,0
-0.9810,0,0,0,0,0
-0.9710,0,0,0,0,0
-0.9610,0,0,0,0,0
-0.9510,0,0,0,0,0
-0.9410,0,0,0,0,0
-0.9310,0,0,0,0,0
-0.9210,0,0,0,0,0
-0.9110,0,0,0,0,0
-0.9010,0,0,0,0,0
-0.8910,0,0,0,0,0
-0.8810,0,0,0,0,0
-0.8710,0,0,0,0,0
-0.8610,0,0,0,0,0
-0.8510,0,0,0,0,0
-0.8410,0,0,0,0,0
-0.8310,0,0,0,0,0
-0.8210,0,0,0,0,0
-0.8110,0,0,0,0,0
-0.8010,0,0,0,0,0
-0.7910,0,0,0,0,0
-0.7810,0,0,0,0,0
-0.7710,0,0,0,0,0
-0.7610,0,0,0,0,0
-0.7510,0,0,0,0,0
-0.7410,0,0,0,0,0
-0.7310,0,0,0,0,0
-0.7210,0,0,0,0,0
-0.7110,0,0,0,0,0
-0.7010,0,0,0,0,0
-0.6910,0,0,0,0,0
-0.6810,0,0,0,0,0
-0.6710,0,0,0,0,0
-0.6610,0,0,0,0,0
-0.6510,0,0,0,0,0
-0.6410,0,0,0,0,0
-0.6310,0,0,0,0,0
-0.6210,0,0,0,0,0
-0.6110,0,0,0,0,0
-0.6010,0,0,0,0,0
-0.5910,0,0,0,0,0
-0.5810,0,0,0,0,0
-0.5710,0,0,0,0,0
-0.5610,0,0,0,0,0
-0.5510,0,0,0,0,0
-0.5410,0,0,0,0,0
-0.5310,0,0,0,0,0
-0.5210,0,0,0,0,0
-0.5110,0,0,0,0,0
-0.5010,0,0,0,0,0
-0.4910,0,0,0,0,0
-0.4810,0,0,0,0,0
-0.4710,0,0,0,0,0
-0.4610,0,0,0,0,0
-0.4510,0,0,0,0,0
-0.4410,0,0,0,0,0
-0.4310,0,0,0,0,0
-0.4210,0,0,0,0,0
-0.4110,0,0,0,0,0
-0.4010,0,0,0,0,0
-0.3910,0,0,0,0,0
-0.3810,0,0,0,0,0
-0.3710,0,0,0,0,0
-0.3610,0,0,0,0,0
-0.3510,0,0,0,0,0
-0.3410,0,0,0,0,0
-0.3310,0,0,0,0,0
-0.3210,0,0,0,0,0
-0.3110,0,0,0,0,0
-0.3010,0,0,0,0,0
-0.2910,0,0,0,0,0
-0.2810,0,0,0,0,0
-0.2710,0,0,0,0,0
-0.2610,0,0,0,0,0
-0.2510,0,0,0,0,0
-0.2410,0,0,0,0,0
-0.2310,0,0,0,0,0
-0.2210,0,0,0,0,0
-0.2110,0,0,0,0,0
-0.2010,0,0,0,0,0
-0.1910,0,0,0,0,0
-0.1810,0,0,0,0,0
-0.1710,0,0,0,0,0
-0.1610,0,0,0,0,0
-0.1510,0,0,0,0,0
-0.1410,0,0,0,0,0
-0.1310,0,0,0,0,0
-0.1210,0,0,0,0,0
-0.1110,0,0,0,0,0
-0.1010,0,0,0,0,0
-0.0910,0,0,0,0,0
-0.0810,0,0,0,0,0
-0.0710,0,0,0,0,0
-0.0610,0,0,0,0,0
-0.0510,0,0,0,0,0
-0.0410,0,0,0,0,0
-0.0310,0,0,0,0,0
-0.0210,0,0,0,0,0
-0.0110,0,0,0,0,0
-0.0010,0,0,0,0,0
0.0090,0,0,0,0,0
0.0190,0,0,0,0,0
0.0290,0,0,0,0,0
0.0390,0,0,0,0,0
0.0490,0,0,0,0,0
0.0590,0,0,0,0,0
0.0690,0,0,0,0,0
0.0790,0,0,0,0,0
0.0890,0,0,0,0,0
0.0990,0,0,0,0,0
0.1090,0,0,0,0,0
0.1190,0,0,0,0,0
0.1290,0,0,0,0,0
0.1390,0,0,0,0,0
0.1490,0,0,0,0,0
0.1590,0,0,0,0,0
0.1690,0,0,0,0,0
0.1790,0,0,0,0,0
0.1890,0,0,0,0,0
0.1990,0,0,0,0,0
0.2090,0,0,0,0,0
0.2190,0,0,0,0,0
0.2290,0,0,0,0,0
0.2390,0,0,0,0,0
0.2490,0,0,0,0,0
0.2590,0,0,0,0,0
0.2690,0,0,0,0,0
0.2790,0,0,0,0,0
0.2890,0,0,0,0,0
0.2990,0,0,0,0,0
0.3090,0,0,0,0,0
0.3190,0,0,0,0,0
0.3290,0,0,0,0,0
0.3390,0,0,0,0,0
0.3490,0,0,0,0,0
0.3590,0,0,0,0,0
0.3690,0,0,0,0,0
0.3790,0,0,0,0,0
0.3890,0,0,0,0,0
0.3990,0,0,0,0,0
0.4090,0,0,0,0,0
0.4190,0,0,0,0,0
0.4290,0,0,0,0,0
0.4390,0,0,0,0,0
0.4490,0.001114,3.0044e-07,0.00015612,0.00030944,0.0005716
0.4590,0.01172,3.7452e-06,0.001646,0.0032616,0.0059988
0.4690,0.04424,1.5408e-05,0.0062033,0.012296,0.022646
0.4790,0.09962,3.7108e-05,0.013938,0.027732,0.050969
0.4890,0.1779,7.0498e-05,0.024903,0.04944,0.091101
0.4990,0.2769,0.00011633,0.038604,0.07736,0.1418
0.5090,0.3678,0.00016498,0.05119,0.10244,0.18855
0.5190,0.4383,0.0002103,0.060902,0.12232,0.22449
0.5290,0.4814,0.00024154,0.066777,0.13464,0.24671
0.5390,0.522,0.00027387,0.072338,0.14612,0.26733
0.5490,0.5515,0.00030042,0.076221,0.15412,0.28259
0.5590,0.574,0.00032568,0.079147,0.16076,0.29394
0.5690,0.5952,0.00035,0.081918,0.1666,0.30421
0.5790,0.6325,0.00038548,0.086941,0.17736,0.32286
0.5890,0.6726,0.00042352,0.092294,0.18868,0.34323
0.5990,0.7134,0.0004656,0.097735,0.20052,0.36462
0.6090,0.7543,0.00050808,0.10318,0.212,0.38517
0.6190,0.7957,0.00055908,0.10872,0.224,0.40657
0.6290,0.8377,0.0006066,0.11434,0.23608,0.42718
0.6390,0.8806,0.00066276,0.12006,0.24824,0.44868
0.6490,0.9266,0.00071964,0.12618,0.2614,0.47212
0.6590,0.9743,0.00078128,0.13248,0.27512,0.49652
0.6690,1.021,0.00084364,0.1387,0.28884,0.52014
0.6790,1.061,0.0008984,0.14388,0.3004,0.54026
0.6890,1.095,0.0009536,0.14843,0.3104,0.55791
0.6990,1.129,0.0010096,0.15286,0.3204,0.57457
0.7090,1.166,0.0010706,0.15763,0.3312,0.59281
0.7190,1.186,0.001118,0.16014,0.3372,0.60265
0.7290,1.22,0.0011786,0.16464,0.3474,0.6199
0.7390,1.26,0.0012468,0.16988,0.3592,0.63981
0.7490,1.302,0.0013182,0.17533,0.3714,0.66057
0.7590,1.345,0.0013932,0.18091,0.3838,0.68178
0.7690,1.39,0.0014736,0.18691,0.3974,0.70433
0.7790,1.433,0.0015574,0.1926,0.4102,0.72552
0.7890,1.475,0.0016406,0.1981,0.4226,0.74628
0.7990,1.518,0.0017314,0.20388,0.4356,0.76748
0.8090,1.563,0.0018264,0.20984,0.4492,0.7892
0.8190,1.605,0.001918,0.21536,0.4619,0.80972
0.8290,1.646,0.0020062,0.22076,0.4744,0.82984
0.8390,1.689,0.002101,0.22664,0.4874,0.85028
0.8490,1.74,0.0022114,0.23336,0.5026,0.87586
0.8590,1.794,0.0023275,0.24027,0.519,0.902
0.8690,1.851,0.0024517,0.24784,0.5358,0.92938
0.8790,1.909,0.002576,0.25559,0.5538,0.95776
0.8890,1.969,0.002716,0.26412,0.5722,0.9874
0.8990,2.029,0.002858,0.27214,0.5894,1.0164
0.9090,2.074,0.002988,0.27811,0.6042,1.0371
0.9190,2.106,0.003106,0.28165,0.6144,1.0524
0.9290,2.133,0.003217,0.28636,0.6222,1.0644
0.9390,2.166,0.003329,0.29031,0.6342,1.0792
0.9490,2.204,0.003463,0.29548,0.6472,1.0968
0.9590,2.238,0.003597,0.30144,0.656,1.1123
0.9690,2.276,0.003741,0.30661,0.6691,1.1299
0.9790,2.349,0.003956,0.31636,0.6908,1.1637
0.9890,2.381,0.004068,0.32109,0.7032,1.1783
0.9990,2.426,0.004218,0.32749,0.717,1.199
1.0090,2.492,0.004425,0.33602,0.7366,1.2303
1.0190,2.57,0.004672,0.34741,0.7614,1.266
1.0290,2.654,0.004939,0.35924,0.7892,1.3055
1.0390,2.734,0.005214,0.37106,0.8148,1.3413
1.0490,2.784,0.005455,0.37934,0.831,1.3633
1.0590,2.839,0.005642,0.38643,0.848,1.3883
1.0690,2.919,0.005873,0.39746,0.873,1.426
1.0790,3.038,0.006253,0.41511,0.9088,1.4807
1.0890,3.168,0.006722,0.43386,0.9526,1.5404
1.0990,3.321,0.007283,0.45674,0.9988,1.6097
1.1090,3.501,0.007948,0.48439,1.0547,1.6916
1.1190,3.706,0.008744,0.5158,1.12,1.782
1.1290,3.979,0.009848,0.55881,1.205,1.9073
1.1390,4.581,0.01272,0.65977,1.394,2.1689
1.1490,4.86,0.01378,0.70213,1.483,2.2949
1.1590,5.64,0.0172,0.83014,1.726,2.6362
1.1690,5.485,0.0155,0.79011,1.676,2.5853
1.1790,5.324,0.01424,0.75472,1.625,2.5279
1.1890,5.239,0.01384,0.73873,1.6,2.4874
1.1990,6.394,0.01574,0.88246,1.95,3.0648
1.2090,6.295,0.0156,0.86701,1.924,3.014
1.2190,5.845,0.01483,0.80683,1.788,2.7906
1.2290,5.513,0.01414,0.76014,1.69,2.6298
1.2390,5.339,0.01364,0.73249,1.638,2.5494
1.2490,5.231,0.01336,0.71409,1.607,2.4964
1.2590,5.21,0.01324,0.70872,1.605,2.4892
1.2690,5.132,0.01303,0.695,1.581,2.4516
1.2790,5.028,0.01278,0.67845,1.549,2.4056
1.2890,4.891,0.01234,0.65614,1.51,2.3454
1.2990,4.802,0.01206,0.64055,1.48,2.3022
1.3090,4.721,0.01186,0.62839,1.46,2.2634
1.3190,4.597,0.01154,0.6105,1.42,2.203
1.3290,4.426,0.01114,0.58931,1.366,2.1189
1.3390,4.265,0.01076,0.56969,1.317,2.039
1.3490,4.233,0.0107,0.5673,1.309,2.0238
1.3590,4.341,0.011,0.58194,1.344,2.0699
1.3690,4.576,0.01155,0.61189,1.418,2.184
1.3790,4.942,0.01242,0.65669,1.534,2.3612
1.3890,5.392,0.01345,0.7109,1.678,2.5774
1.3990,6.004,0.01483,0.78388,1.87,2.8762
1.4090,6.796,0.01674,0.88004,2.119,3.2606
1.4190,7.264,0.01775,0.93345,2.269,3.4892
1.4290,7.28,0.01741,0.92764,2.278,3.5038
1.4390,7.707,0.01804,0.97263,2.415,3.7164
1.4490,8.031,0.01855,0.99169,2.523,3.8876
1.4590,8.448,0.01995,1.0296,2.662,4.0914
1.4690,7.983,0.01905,0.96628,2.522,3.8596
1.4790,7.669,0.01817,0.92585,2.426,3.7094
1.4890,7.305,0.01751,0.87656,2.312,3.5372
1.4990,6.74,0.01658,0.80298,2.136,3.2672
1.5090,6.51,0.01624,0.77218,2.063,3.1568
1.5190,6.443,0.01617,0.76206,2.044,3.1242
1.5290,6.4,0.01612,0.75386,2.031,3.1054
1.5390,6.312,0.01601,0.74236,2.006,3.059
1.5490,6.297,0.01603,0.7383,2.004,3.0532
1.5590,6.307,0.0161,0.73734,2.008,3.0592
1.5690,6.302,0.01603,0.73739,2.007,3.0548
1.5790,6.458,0.01638,0.75502,2.058,3.1346
1.5890,6.644,0.01678,0.77471,2.117,3.2228
1.5990,6.807,0.01718,0.7928,2.17,3.2984
1.6090,6.928,0.01745,0.80542,2.212,3.359
1.6190,7.001,0.01758,0.8121,2.237,3.3964
1.6290,7.094,0.01774,0.82211,2.267,3.4422
1.6390,7.045,0.01765,0.81652,2.254,3.4118
1.6490,7.02,0.01765,0.81278,2.249,3.3976
1.6590,7.051,0.01767,0.81657,2.26,3.4122
1.6690,7.301,0.01815,0.84618,2.341,3.5332
1.6790,7.369,0.01825,0.8541,2.364,3.5634
1.6890,7.248,0.01789,0.83743,2.327,3.5042
1.6990,7.211,0.01779,0.83118,2.32,3.4866
1.7090,7.173,0.01763,0.82504,2.308,3.4642
1.7190,7.127,0.0175,0.81824,2.297,3.4426
1.7290,7.109,0.01739,0.81482,2.294,3.4364
1.7390,7.135,0.01731,0.81672,2.306,3.4459
1.7490,7.146,0.01723,0.81599,2.31,3.4475
1.7590,7.079,0.01706,0.80801,2.289,3.4145
1.7690,7.065,0.017,0.80504,2.287,3.41
1.7790,6.994,0.01684,0.79505,2.264,3.3702
1.7890,6.957,0.01667,0.78932,2.257,3.3622
1.7990,6.953,0.01652,0.78688,2.256,3.3504
1.8090,6.969,0.01643,0.78672,2.265,3.3641
1.8190,6.978,0.01628,0.78562,2.268,3.3707
1.8290,7.051,0.01628,0.79131,2.296,3.4057
1.8390,7.403,0.0167,0.83169,2.412,3.5728
1.8490,7.158,0.01628,0.79908,2.334,3.4575
1.8590,6.847,0.01566,0.75955,2.232,3.3094
1.8690,6.804,0.01552,0.75098,2.222,3.285
1.8790,6.874,0.01556,0.75728,2.247,3.3253
1.8890,7.11,0.01592,0.78294,2.324,3.4346
1.8990,7.009,0.01572,0.76845,2.292,3.3893
1.9090,6.8,0.0152,0.74061,2.224,3.2972
1.9190,6.585,0.01468,0.7121,2.156,3.1966
1.9290,6.402,0.01414,0.68897,2.096,3.1094
1.9390,6.221,0.01358,0.66782,2.036,3.0225
1.9490,6.108,0.01316,0.65409,2,2.9814
1.9590,6.024,0.01279,0.64456,1.972,2.9318
1.9690,5.937,0.01239,0.63359,1.951,2.8954
1.9790,5.871,0.01204,0.6266,1.928,2.8607
1.9890,5.817,0.01172,0.6201,1.91,2.838
1.9990,5.791,0.01142,0.6171,1.905,2.829
2.0090,5.775,0.01112,0.61467,1.901,2.8217
2.0190,5.779,0.01087,0.6153,1.902,2.8184
2.0290,5.813,0.01063,0.6175,1.914,2.8416
2.0390,5.889,0.01046,0.625,1.941,2.8808
2.0490,5.885,0.01011,0.62464,1.942,2.8719
2.0590,5.954,0.00988,0.63174,1.966,2.9077
2.0690,6.117,0.00972,0.64728,2.021,2.9921
2.0790,6.261,0.00956,0.6603,2.071,3.0627
2.0890,6.389,0.00942,0.67331,2.113,3.1264
2.0990,5.974,0.00907,0.63026,1.974,2.9278
2.1090,5.677,0.00885,0.60152,1.877,2.7772
2.1190,5.494,0.0088,0.58515,1.818,2.683
2.1290,5.319,0.00881,0.57292,1.762,2.5875
2.1390,5.351,0.00928,0.58489,1.774,2.5848
2.1490,5.419,0.01071,0.60795,1.803,2.5809
2.1590,5.769,0.01412,0.66827,1.927,2.6972
2.1690,6.226,0.01973,0.74467,2.087,2.8408
2.1790,5.506,0.01859,0.65005,1.842,2.5261
2.1890,5.248,0.01904,0.62189,1.754,2.4024
2.1990,5.091,0.02083,0.60938,1.703,2.3104
2.2090,4.93,0.02329,0.59984,1.651,2.1961
2.2190,4.23,0.01936,0.51358,1.418,1.8975
2.2290,4.515,0.02371,0.56807,1.522,1.9749
2.2390,4.662,0.02957,0.60676,1.578,1.9773
2.2490,4.612,0.03216,0.6145,1.563,1.9247
2.2590,4.891,0.04034,0.67912,1.66,1.9744
2.2690,5.387,0.05,0.77343,1.828,2.1214
2.2790,5.769,0.0594,0.85504,1.958,2.221
2.2890,5.878,0.06552,0.89935,1.988,2.2265
2.2990,6.146,0.07642,0.98086,2.068,2.2796
2.3090,6.046,0.0848,1.0096,2.024,2.1819
2.3190,6.439,0.0986,1.1277,2.142,2.2651
2.3290,7.031,0.1121,1.2804,2.34,2.4199
2.3390,7.933,0.1322,1.5096,2.6368,2.6656
2.3490,9.024,0.1594,1.8034,2.984,2.9522
2.3590,10.45,0.1942,2.1875,3.434,3.3488
2.3690,13.52,0.2848,3.1925,4.288,4.161
2.3790,18.97,0.4742,5.3596,5.588,5.4744
2.3890,20.33,0.4857,5.5728,6.112,5.9296
2.3990,20.56,0.4856,5.6072,6.188,6.0236
2.4090,22.09,0.4937,5.8234,6.748,6.5948
2.4190,24.52,0.5095,6.1926,7.606,7.4896
2.4290,28.34,0.5661,7.0025,8.868,8.7014
2.4390,28.79,0.5683,7.133,8.972,8.9086
2.4490,29.9,0.5869,7.4993,9.247,9.2792
2.4590,32.11,0.6076,7.9826,9.958,10.022
2.4690,30.51,0.5687,7.5736,9.478,9.5882
2.4790,29.16,0.5247,7.1478,9.102,9.2352
2.4890,27.9,0.4773,6.7061,8.778,8.9432
2.4990,28.76,0.4749,6.8952,9.044,9.3066
2.5090,23.32,0.3583,5.3587,7.447,7.68
2.5190,26.8,0.4199,6.152,8.552,8.8674
2.5290,26.29,0.4292,6.1011,8.368,8.6218
2.5390,24.24,0.4151,5.6153,7.73,7.8712
2.5490,23.84,0.4148,5.5122,7.629,7.7002
2.5590,23.45,0.4069,5.4069,7.519,7.5612
2.5690,23.31,0.4055,5.4011,7.47,7.497
2.5790,21.54,0.3739,4.9406,6.934,6.9266
2.5890,18.58,0.3227,4.2209,5.975,5.9618
2.5990,17.17,0.301,3.899,5.526,5.482
2.6090,15.76,0.2801,3.5945,5.044,4.9968
2.6190,14.65,0.2667,3.3563,4.66,4.614
2.6290,14.23,0.2665,3.2952,4.498,4.4482
2.6390,14.1,0.2715,3.3075,4.43,4.378
2.6490,14.16,0.2823,3.3721,4.413,4.3658
2.6590,14.27,0.294,3.4475,4.414,4.3704
2.6690,14.11,0.3024,3.4613,4.324,4.2888
2.6790,13.98,0.3094,3.4688,4.249,4.2212
2.6890,13.81,0.3123,3.4454,4.178,4.162
2.6990,13.68,0.3196,3.4575,4.102,4.0954
2.7090,13.99,0.3381,3.6097,4.15,4.1582
2.7190,14.28,0.3662,3.8076,4.155,4.1904
2.7290,14.87,0.4104,4.1415,4.213,4.2932
2.7390,15.29,0.4535,4.4455,4.208,4.336
2.7490,15.63,0.491,4.6895,4.194,4.3692
2.7590,16.02,0.5286,4.9199,4.214,4.435
2.7690,16.33,0.5631,5.1312,4.21,4.478
2.7790,17.78,0.6585,5.7948,4.452,4.7922
2.7890,17.44,0.6568,5.7266,4.321,4.695
2.7990,14.45,0.4845,4.4392,3.737,4.0208
2.8090,11.2,0.2661,2.9094,3.2134,3.3562
2.8190,11.06,0.2319,2.7178,3.2737,3.371
2.8290,12.13,0.2513,2.9669,3.6122,3.6868
2.8390,12.92,0.2674,3.1754,3.8403,3.9202
2.8490,13.26,0.264,3.219,3.9608,4.0424
2.8590,13.68,0.2581,3.2702,4.108,4.1908
2.8690,14.73,0.2673,3.4829,4.4374,4.5338
2.8790,15.86,0.2859,3.728,4.7765,4.9012
2.8890,17.42,0.3138,4.0779,5.2276,5.3988
2.8990,18.52,0.332,4.301,5.5842,5.7862
2.9090,19.52,0.3461,4.4704,5.9191,6.1464
2.9190,19.28,0.3615,4.498,5.7988,6.0522
2.9290,19.92,0.4007,4.8516,5.8937,6.1722
2.9390,22.08,0.4759,5.6549,6.3826,6.7692
2.9490,26.29,0.6758,7.4375,7.2547,7.6576
2.9590,29.49,0.8483,8.8805,7.862,8.2888
2.9690,26.83,0.7669,8.1105,7.1101,7.514
2.9790,26.73,0.7788,8.1666,6.9982,7.4474
2.9890,32.5,0.8476,9.012,8.9922,9.4386
2.9990,32.29,0.9278,9.5239,8.6143,9.1426
3.0090,31.82,0.9795,9.7183,8.311,8.8586
3.0190,31.82,1.0371,9.9746,8.1456,8.7184
3.0290,33.35,1.057,10.32,8.579,9.1664
3.0390,32.74,1.045,10.314,8.305,8.8704
3.0490,31.2,0.9813,9.7562,7.941,8.4798
3.0590,30.52,0.9518,9.5039,7.742,8.311
3.0690,27.55,0.8567,8.575,6.8737,7.512
3.0790,28.1,0.8806,8.7918,6.9205,7.6734
3.0890,35.45,1.1271,11.051,8.658,9.6798
3.0990,31.45,1.0417,10.254,7.452,8.5186
3.1090,25.51,0.8823,8.7418,5.7963,6.823
3.1190,23.64,0.8343,8.3733,5.1934,6.2428
3.1290,22.4,0.8006,8.1264,4.8274,5.8402
3.1390,21.56,0.7408,7.7384,4.7364,5.6172
3.1490,20.52,0.6768,7.2155,4.6074,5.3708
3.1590,20.29,0.6504,7.0571,4.6178,5.314
3.1690,21.04,0.6396,7.1468,4.9187,5.4952
3.1790,21.65,0.6349,7.2773,5.1388,5.6222
3.1890,22.62,0.6296,7.4036,5.523,5.9428
3.1990,23.7,0.6474,7.6631,5.8334,6.2722
3.2090,24.91,0.7032,8.1886,6.0652,6.569
3.2190,27.42,0.7755,9.1104,6.6145,7.1772
3.2290,34.85,0.9,11.527,8.4824,9.0152
3.2390,34.35,0.8147,10.9,8.5903,9.1368
3.2490,34.03,0.7113,9.9609,8.9257,9.469
3.2590,34.26,0.7591,10.142,8.8454,9.7176
3.2690,27.48,0.725,9.0722,6.6049,7.2764
3.2790,24.62,0.6445,8.282,5.8909,6.3808
3.2890,22.64,0.6053,7.7403,5.3392,5.8694
3.2990,22.23,0.5962,7.6809,5.1846,5.7564
3.3090,23.66,0.6316,8.2082,5.4982,6.1322
3.3190,25.47,0.6692,8.7016,5.9714,6.692
3.3290,25.81,0.6842,8.8952,6.0218,6.7544
3.3390,25.79,0.6927,8.9202,5.989,6.74
3.3490,25.68,0.7035,8.9997,5.8744,6.6934
3.3590,25.95,0.726,9.2566,5.8264,6.7162
3.3690,24.74,0.7147,8.7915,5.5122,6.4978
3.3790,22.37,0.6768,8.0591,4.8532,5.9878
3.3890,19.33,0.5854,6.9447,4.1988,5.1918
3.3990,16.36,0.4716,5.7406,3.6292,4.4572
3.4090,15.08,0.3944,5.1029,3.4844,4.1384
3.4190,14.83,0.3782,5.0012,3.437,4.0808
3.4290,14.57,0.3746,4.9133,3.3676,4.0296
3.4390,14.79,0.3786,4.9501,3.4248,4.104
3.4490,15.13,0.3939,5.098,3.4766,4.186
3.4590,16.11,0.4308,5.544,3.6372,4.4022
3.4690,15.78,0.4436,5.4659,3.516,4.3204
3.4790,15.25,0.4526,5.3513,3.3366,4.1998
3.4890,14.72,0.4518,5.176,3.1868,4.0878
3.4990,12.69,0.4111,4.6319,2.62,3.5318
3.5090,11.09,0.3847,4.2383,2.1484,3.0762
3.5190,10.25,0.381,4.1013,1.8542,2.8146
3.5290,9.287,0.3759,3.9649,1.5018,2.5122
3.5390,8.612,0.3715,3.8835,1.2447,2.2854
3.5490,8.219,0.3712,3.8743,1.0727,2.1436
3.5590,8.057,0.376,3.9308,0.96308,2.0692
3.5690,7.83,0.3804,3.9858,0.82553,1.9642
3.5790,7.912,0.3908,4.1064,0.78478,1.9564
3.5890,8.244,0.4154,4.3661,0.76153,2.005
3.5990,8.598,0.4335,4.5512,0.80018,2.0766
3.6090,8.892,0.4459,4.6864,0.84812,2.137
3.6190,9.328,0.4655,4.8904,0.91048,2.2296
3.6290,9.668,0.4799,5.0561,0.96419,2.2958
3.6390,9.58,0.4708,5.003,0.96894,2.2614
3.6490,9.631,0.4703,5.0259,0.98593,2.2572
3.6590,9.921,0.4788,5.1604,1.0366,2.3154
3.6690,10.51,0.5074,5.4348,1.1312,2.427
3.6790,10.78,0.5076,5.5241,1.2034,2.4914
3.6890,10.77,0.4878,5.4858,1.2227,2.509
3.6990,11.03,0.4902,5.6158,1.2473,2.5796
3.7090,10.95,0.4819,5.5462,1.2452,2.5678
3.7190,11.95,0.5186,6.0496,1.3528,2.8112
3.7290,12.43,0.5382,6.336,1.3736,2.9196
3.7390,13.27,0.5691,6.8361,1.4176,3.1068
3.7490,13.82,0.5936,7.1487,1.4616,3.2314
3.7590,14.84,0.6282,7.6798,1.58,3.461
3.7690,16.35,0.6902,8.4481,1.7612,3.799
3.7790,19.18,0.7866,9.7878,2.152,4.4478
3.7890,20.88,0.7956,10.579,2.3784,4.9048
3.7990,22.32,0.8016,11.35,2.5132,5.2812
3.8090,23.73,0.8008,12.106,2.6163,5.6476
3.8190,21.68,0.7774,11.099,2.4182,5.1334
3.8290,21.86,0.7814,11.179,2.471,5.1564
3.8390,22.47,0.7988,11.509,2.5462,5.2846
3.8490,23.55,0.8322,12.118,2.6508,5.5356
3.8590,24.4,0.8398,12.75,2.6472,5.7022
3.8690,23.58,0.8318,12.443,2.474,5.4846
3.8790,23.41,0.8596,12.406,2.4416,5.3828
3.8890,21.86,0.819,11.683,2.2304,4.9748
3.8990,23.11,0.83,12.506,2.2842,5.2176
3.9090,25.01,0.8686,13.6,2.4594,5.6434
3.9190,25.29,0.8479,13.912,2.4079,5.6814
3.9290,24.72,0.7876,13.817,2.2312,5.5286
3.9390,25.42,0.7488,14.498,2.1416,5.6326
3.9490,23.27,0.6696,13.657,1.7779,5.018
3.9590,23.04,0.6616,13.792,1.6281,4.8658
3.9690,22.94,0.703,14.025,1.4736,4.7378
3.9790,24.16,0.8044,14.991,1.4484,4.8776
3.9890,23.65,0.7956,14.743,1.3504,4.779
3.9990,23.26,0.8048,14.515,1.2996,4.68
4.0090,23.19,0.7984,14.425,1.292,4.6946
4.0190,24.92,0.8798,15.599,1.3192,4.9598
4.0290,25.72,0.9475,16.265,1.2416,5.0308
4.0390,25.18,0.9552,16.005,1.1232,4.8934
4.0490,24.12,0.9366,15.362,1.0113,4.6814
4.0590,23.92,0.9519,15.218,0.9882,4.6262
4.0690,23.67,0.9502,14.969,1.0026,4.5992
4.0790,24.98,0.9867,15.698,1.1,4.9308
4.0890,25.05,0.974,15.617,1.1376,5.0308
4.0990,25.27,0.9786,15.611,1.1642,5.1518
4.1090,23.46,0.8568,14.41,1.1057,4.9042
4.1190,21.97,0.7883,13.448,1.0471,4.6356
4.1290,21.52,0.7563,13.123,1.0437,4.5748
4.1390,20.46,0.6944,12.393,1.0344,4.41
4.1490,18.99,0.6258,11.435,0.9827,4.151
4.1590,18.34,0.589,11.003,0.9514,4.0532
4.1690,17.53,0.5304,10.465,0.9229,3.942
4.1790,18.17,0.5311,10.884,0.9292,4.0848
4.1890,20.44,0.5807,12.312,1.0091,4.5672
4.1990,21.66,0.6042,13.045,1.0483,4.8562
4.2090,21.98,0.6047,13.21,1.0544,4.9676
4.2190,21.52,0.5843,12.917,1.0376,4.8812
4.2290,21.05,0.5654,12.661,1.0171,4.7602
4.2390,20.35,0.5487,12.29,0.9456,4.5882
4.2490,17.54,0.4768,10.669,0.7629,3.9342
4.2590,14.66,0.4046,8.9859,0.6055,3.2438
4.2690,12.23,0.3384,7.5305,0.4916,2.6878
4.2790,10.69,0.2882,6.6057,0.4217,2.3494
4.2890,9.306,0.2409,5.7684,0.363,2.0462
4.2990,8.124,0.2043,5.0584,0.3215,1.7722
4.3090,6.372,0.1603,3.9678,0.25936,1.378
4.3190,5.037,0.1273,3.1123,0.22708,1.0794
4.3290,6.59,0.1918,3.8932,0.40395,1.4294
4.3390,8.271,0.2503,4.7675,0.57818,1.8064
4.3490,7.54,0.2188,4.3931,0.5207,1.6124
4.3590,6.858,0.1858,4.076,0.45854,1.4234
4.3690,7.761,0.1652,4.9642,0.41828,1.4374
4.3790,9.952,0.1688,6.753,0.42452,1.648
4.3890,13.34,0.1998,9.3246,0.48293,2.0726
4.3990,14.78,0.1898,10.135,0.6003,2.4046
4.4090,17.6,0.1856,12.107,0.71042,2.829
4.4190,19.37,0.1885,13.27,0.81396,3.1236
4.4290,21.14,0.2116,14.464,0.88554,3.3904
4.4390,23.62,0.2424,16.146,0.9831,3.7644
4.4490,27.18,0.2906,18.517,1.132,4.3214
4.4590,28.09,0.3184,19.07,1.1687,4.4868
4.4690,31.54,0.3909,21.325,1.2813,5.0918
4.4790,31.13,0.3953,20.937,1.2995,5.051
4.4890,35.56,0.4883,23.772,1.5045,5.7648
4.4990,37.12,0.5477,24.844,1.4993,5.98
4.5090,40.73,0.6352,27.289,1.5617,6.492
4.5190,42.73,0.7131,28.7,1.5718,6.68
4.5290,39.27,0.6761,26.188,1.469,6.246
4.5390,38.49,0.6683,25.443,1.4828,6.296
4.5490,38.08,0.6883,24.952,1.5236,6.32
4.5590,37.98,0.6915,24.857,1.552,6.234
4.5690,41.62,0.7522,27.291,1.8058,6.7496
4.5790,43.24,0.8079,28.512,1.759,7.04
4.5890,45.68,0.8874,29.864,1.8532,7.756
4.5990,42.88,0.8497,28.162,1.6366,7.278
4.6090,42.31,0.8766,27.973,1.5244,7.028
4.6190,42.11,0.8822,27.553,1.5926,7.116
4.6290,39.03,0.87,25.538,1.472,6.546
4.6390,34.64,0.8144,22.716,1.2694,5.728
4.6490,31.53,0.7764,20.669,1.1407,5.17
4.6590,29.62,0.7528,19.4,1.0747,4.837
4.6690,28.37,0.7456,18.515,1.0417,4.6578
4.6790,29.24,0.7642,19.048,1.0646,4.8284
4.6890,30.18,0.7896,19.601,1.102,5.0028
4.6990,31.62,0.8425,20.489,1.1476,5.2192
4.7090,33.52,0.9226,21.71,1.1952,5.4808
4.7190,34,0.9604,22.017,1.1938,5.5136
4.7290,30.81,0.8458,19.974,1.0526,4.9756
4.7390,29.5,0.7923,19.09,1.0066,4.7868
4.7490,29.09,0.7746,18.777,0.9878,4.7542
4.7590,29.9,0.8172,19.176,1.0112,4.8434
4.7690,29,0.7921,18.574,0.992,4.7134
4.7790,30.75,0.7932,19.704,0.994,5.037
4.7890,30.87,0.7472,19.874,0.951,5.0658
4.7990,29.61,0.7108,18.957,0.9224,4.8386
4.8090,29.95,0.7344,18.934,0.9664,4.854
4.8190,31.11,0.7858,19.491,1.0098,4.918
4.8290,35.22,0.9266,21.908,1.0974,5.505
4.8390,40.24,1.111,24.804,1.244,6.4446
4.8490,44.32,1.209,27.205,1.3548,7.2292
4.8590,44.33,1.1428,26.984,1.463,7.3342
4.8690,49.36,1.2746,29.983,1.6916,8.2264
4.8790,48.17,1.2496,29.282,1.606,7.9688
4.8890,46.39,1.2548,28.141,1.4475,7.5402
4.8990,38.31,1.0292,23.276,1.0752,6.1326
4.9090,32.4,0.8893,19.697,0.9265,5.262
4.9190,28.26,0.775,17.197,0.7936,4.5752
4.9290,26.13,0.691,16.113,0.711,4.1824
4.9390,25.99,0.6557,16.257,0.7092,4.1282
4.9490,24.99,0.6135,15.642,0.6996,3.9822
4.9590,23.97,0.5626,14.857,0.7078,3.8474
4.9690,23.34,0.5211,14.409,0.7284,3.7986
4.9790,24.5,0.5361,15.357,0.7705,3.954
4.9890,28.87,0.6126,18.154,0.9113,4.5824
4.9990,30.81,0.6497,19.393,0.9781,4.856
5.0090,34.39,0.7284,21.571,1.0905,5.3424
5.0190,38.17,0.7779,23.614,1.2549,5.7936
5.0290,46.07,0.8872,28.311,1.5366,6.9422
5.0390,50.7,1.0053,31.297,1.5816,7.614
5.0490,51.63,1.0361,32.006,1.4278,7.5192
5.0590,48.37,0.9405,29.858,1.3081,7.0024
5.0690,41.95,0.7673,25.875,1.1836,6.1106
5.0790,39.8,0.7336,24.739,1.1792,5.7626
5.0890,37.98,0.7068,23.838,1.0454,5.406
5.0990,38.08,0.71,24.078,0.9928,5.3524
5.1090,40.78,0.7544,26.057,1.1088,5.6316
5.1190,38.84,0.7088,24.83,1.0796,5.3724
5.1290,37.88,0.6762,24.309,1.0536,5.2008
5.1390,36.86,0.6481,23.762,1.0252,5.0184
5.1490,36.86,0.6332,23.807,1.0369,5.006
5.1590,36.11,0.6108,23.324,1.0214,4.9138
5.1690,35.16,0.5884,22.63,0.9822,4.7708
5.1790,32.93,0.5366,21.202,0.9732,4.4688
5.1890,33.22,0.5278,21.294,1.0176,4.5088
5.1990,32.96,0.5307,21.188,0.99563,4.3934
5.2090,34.41,0.5768,22.135,1.0617,4.5578
5.2190,34.12,0.5722,22.02,1.02,4.4332
5.2290,34.03,0.548,21.929,1.0373,4.3956
5.2390,35.67,0.574,22.791,1.0684,4.7714
5.2490,36.26,0.5811,23.033,1.03,4.9164
5.2590,38.68,0.6096,24.35,1.1183,5.4272
5.2690,43.57,0.6852,27.31,1.3696,6.0552
5.2790,47.11,0.7586,29.575,1.5288,6.4876
5.2890,48.98,0.7936,30.537,1.622,6.7616
5.2990,42.47,0.706,26.724,1.4112,5.6286
5.3090,39.52,0.6648,25.009,1.2992,5.1226
5.3190,36.85,0.6272,23.377,1.2056,4.7096
5.3290,33.68,0.5913,21.352,1.0914,4.2938
5.3390,34.09,0.6072,21.746,1.0613,4.262
5.3490,37.38,0.6335,23.969,1.0489,4.4072
5.3590,39.65,0.662,25.217,1.1128,4.5884
5.3690,35.98,0.5878,22.872,1.0293,4.044
5.3790,32.53,0.5342,20.712,0.89118,3.619
5.3890,31.27,0.5161,19.973,0.85477,3.449
5.3990,31.81,0.535,20.373,0.85776,3.4474
5.4090,34.29,0.5954,21.888,0.90313,3.6606
5.4190,35.77,0.6384,22.714,0.92028,3.7822
5.4290,36.58,0.6596,22.962,0.93475,3.8576
5.4390,35.26,0.6328,21.768,0.84627,3.738
5.4490,37.04,0.6947,23.013,0.84229,3.877
5.4590,48.27,0.9594,30.546,1.0698,5.0132
5.4690,53.21,1.083,33.853,1.1487,5.495
5.4790,62.51,1.393,40.317,1.2941,6.6786
5.4890,50.92,1.1296,32.925,1.0066,5.5528
5.4990,48.32,1.0164,31.151,1.0384,5.3878
5.5090,46.16,0.9578,29.567,1.0012,5.184
5.5190,46.47,0.9493,29.554,1.0082,5.2276
5.5290,50.34,0.9732,32.017,1.017,5.6158
5.5390,48.26,0.9118,30.632,0.97161,5.4588
5.5490,41.88,0.8226,26.226,0.92414,4.8056
5.5590,39.72,0.7992,24.717,0.89383,4.6036
5.5690,38.03,0.7617,23.69,0.86881,4.4058
5.5790,34.38,0.6748,21.416,0.74925,4.057
5.5890,34.37,0.6364,21.477,0.67152,3.8472
5.5990,30.1,0.51,18.569,0.60077,3.3082
5.6090,29.3,0.4872,18.042,0.59348,3.1338
5.6190,32.02,0.5512,19.775,0.64704,3.3006
5.6290,35.18,0.6534,21.701,0.69017,3.628
5.6390,35.82,0.6892,21.966,0.68026,3.7316
5.6490,34.97,0.7122,21.569,0.67001,3.5376
5.6590,31.86,0.6819,19.599,0.65808,3.3054
5.6690,28.84,0.6388,17.72,0.62488,3.0128
5.6790,25.41,0.5864,15.719,0.58184,2.6648
5.6890,21.58,0.4796,13.132,0.54608,2.3596
5.6990,19.25,0.411,11.662,0.53608,2.1596
5.7090,19.59,0.3701,11.831,0.61284,2.213
5.7190,20.98,0.3839,12.62,0.71,2.4096
5.7290,24.26,0.4386,14.574,0.8527,2.782
5.7390,25.68,0.4584,15.355,0.90908,2.9326
5.7490,26.14,0.5174,15.699,0.9014,3.0444
5.7590,28.74,0.6024,17.193,1.0033,3.3852
5.7690,30.96,0.6649,18.341,1.0397,3.6078
5.7790,32.06,0.6727,18.906,1.0222,3.6814
5.7890,33.04,0.7252,19.456,0.95718,3.7796
5.7990,28.99,0.6976,16.751,0.71093,3.377
5.8090,29.57,0.7158,17.091,0.65288,3.4184
5.8190,29.42,0.7116,16.961,0.6024,3.395
5.8290,31.36,0.7524,17.971,0.6262,3.6214
5.8390,34.85,0.8261,19.883,0.6922,4.063
5.8490,36.44,0.8573,20.773,0.76824,4.3104
5.8590,39.82,0.9416,22.693,0.92499,4.709
5.8690,38.42,0.9271,21.917,0.8985,4.5248
5.8790,40.33,0.9205,22.899,0.99117,4.704
5.8890,39.49,0.8538,22.129,0.95824,4.5558
5.8990,35.8,0.715,19.511,0.74662,3.958
5.9090,33,0.6417,17.871,0.68868,3.6768
5.9190,31.54,0.6426,16.991,0.63987,3.5588
5.9290,30.76,0.6522,16.405,0.62876,3.4804
5.9390,27.9,0.6429,14.903,0.57238,3.1862
5.9490,23.13,0.5936,12.434,0.46094,2.6786
5.9590,19.94,0.5844,10.877,0.35439,2.3888
5.9690,20.96,0.545,11.318,0.32126,2.4042
5.9790,20.58,0.4784,11.207,0.24664,2.1756
5.9890,17.82,0.4402,9.8106,0.21084,1.8768
5.9990,19.7,0.4719,10.705,0.23522,2.1076
6.0090,19.61,0.4546,10.615,0.22716,2.0612
6.0190,21.48,0.4595,11.555,0.24775,2.156
6.0290,38.86,0.6696,20.993,0.42792,3.5538
6.0390,48.21,0.8022,26.169,0.5774,4.4884
6.0490,44.48,0.7212,23.919,0.53554,4.193
6.0590,44.39,0.6929,23.803,0.55234,4.1274
6.0690,42.3,0.6825,22.541,0.57239,4.067
6.0790,38.48,0.6413,20.645,0.55749,3.8222
6.0890,37.17,0.6392,20.173,0.56827,3.8452
6.0990,35.99,0.6122,19.543,0.56974,3.657
6.1090,34.38,0.5864,18.654,0.57984,3.574
6.1190,35.44,0.5926,19.256,0.651,3.8666
6.1290,34.53,0.592,18.652,0.6152,3.7932
6.1390,34.85,0.6064,18.756,0.6112,3.8768
6.1490,34.23,0.5964,18.349,0.5852,3.821
6.1590,36.25,0.6224,19.524,0.5884,3.9586
6.1690,32.95,0.5368,17.637,0.5396,3.5566
6.1790,29.15,0.4592,15.854,0.49166,3.113
6.1890,26.15,0.4274,14.5,0.45632,2.7854
6.1990,26.34,0.465,14.802,0.44617,2.7908
6.2090,29.97,0.5718,16.988,0.48732,3.2194
6.2190,37.14,0.693,21.134,0.60577,3.9324
6.2290,43.34,0.7882,24.541,0.69037,4.4438
6.2390,42.39,0.7535,23.919,0.67459,4.3998
6.2490,41.89,0.7216,23.436,0.66317,4.2902
6.2590,39.12,0.6504,21.431,0.63203,4.0442
6.2690,41.03,0.6821,22.29,0.66354,4.2746
6.2790,45.13,0.7424,24.22,0.76507,4.8936
6.2890,39.43,0.6797,21.062,0.59873,4.2376
6.2990,37.61,0.6347,20.094,0.56199,4.0706
6.3090,42.77,0.6868,22.941,0.69054,4.8078
6.3190,42.05,0.7068,22.39,0.60016,4.5786
6.3290,49.39,0.835,25.971,0.7085,5.4436
6.3390,49.88,0.8243,26.111,0.7161,5.5072
6.3490,48,0.786,25.172,0.6634,5.352
6.3590,47.97,0.8503,25.601,0.6168,5.365
6.3690,41.7,0.7668,22.364,0.53412,4.751
6.3790,35.75,0.6902,19.383,0.46377,4.1072
6.3890,32.69,0.64,17.884,0.4312,3.769
6.3990,22.4,0.4235,12.175,0.30141,2.6398
6.4090,13.53,0.20628,7.1827,0.17392,1.5752
6.4190,9.887,0.14403,5.2752,0.11867,1.1647
6.4290,6.813,0.09509,3.6425,0.07667,0.81258
6.4390,5.609,0.07564,2.9959,0.06242,0.67268
6.4490,4.868,0.06494,2.5985,0.05218,0.59026
6.4590,4.065,0.0551,2.1631,0.0411,0.50106
6.4690,3.361,0.04554,1.8026,0.030257,0.41278
6.4790,2.942,0.03928,1.5897,0.024175,0.3572
6.4890,2.663,0.03497,1.4449,0.02126,0.32386
6.4990,2.421,0.03112,1.3194,0.018954,0.2966
6.5090,2.225,0.0279,1.2186,0.017161,0.27542
6.5190,2.084,0.0262,1.1425,0.015805,0.2619
6.5290,1.93,0.02491,1.0564,0.01448,0.24614
6.5390,1.751,0.02333,0.95493,0.013232,0.22552
6.5490,1.593,0.02201,0.86447,0.012192,0.20794
6.5590,1.451,0.02076,0.78262,0.011219,0.19138
6.5690,1.325,0.01957,0.71164,0.010309,0.17607
6.5790,1.198,0.01829,0.63971,0.009302,0.15929
6.5890,1.097,0.017232,0.58241,0.008354,0.14351
6.5990,0.9802,0.015803,0.50898,0.007417,0.12393
6.6090,0.8693,0.014316,0.42591,0.006903,0.10464
6.6190,0.6498,0.010877,0.28825,0.005529,0.073454
6.6290,0.6498,0.0056928,0.13253,0.002133,0.033224
