E-EF,total,Cl,Li,P,S   # Gaussian 0.10 eV smoothed, E-EF (EF=0)
-46.2550,32761,46.371,32642,6.0706,62.02
-46.2450,32436,45.911,32318,6.0103,61.404
-46.2350,31795,45.004,31680,5.8916,60.192
-46.2250,30857,43.677,30746,5.7179,58.417
-46.2150,29651,41.969,29543,5.4943,56.132
-46.2050,28208,39.927,28106,5.227,53.401
-46.1950,26569,37.607,26473,4.9233,50.299
-46.1850,24777,35.071,24688,4.5913,46.907
-46.1750,22877,32.381,22794,4.2391,43.309
-46.1650,20913,29.601,20837,3.8751,39.59
-46.1550,18927,26.791,18859,3.5072,35.832
-46.1450,16960,24.007,16899,3.1428,32.108
-46.1350,15047,21.298,14993,2.7882,28.486
-46.1250,13217,18.708,13169,2.4491,25.021
-46.1150,11494,16.27,11453,2.1299,21.76
-46.1050,9896.9,14.009,9861.1,1.8339,18.736
-46.0950,8437,11.942,8406.4,1.5634,15.972
-46.0850,7121,10.079,7095.2,1.3195,13.481
-46.0750,5950.6,8.4228,5929.1,1.1027,11.265
-46.0650,4923.3,6.9686,4905.4,0.91229,9.3204
-46.0550,4032.8,5.7083,4018.2,0.74729,7.6347
-46.0450,3270.7,4.6295,3258.8,0.60606,6.1918
-46.0350,2626.2,3.7173,2616.7,0.48664,4.9717
-46.0250,2087.8,2.9552,2080.2,0.38687,3.9525
-46.0150,1643.3,2.326,1637.4,0.30451,3.111
-46.0050,1280.6,1.8126,1276,0.2373,2.4243
-45.9950,988.05,1.3985,984.47,0.18309,1.8705
-45.9850,754.76,1.0683,752.03,0.13986,1.4289
-45.9750,570.84,0.80799,568.77,0.10578,1.0807
-45.9650,427.44,0.60502,425.9,0.079206,0.8092
-45.9550,316.89,0.44855,315.75,0.058721,0.59992
-45.9450,232.6,0.32924,231.76,0.043102,0.44035
-45.9350,169.04,0.23927,168.43,0.031323,0.32001
-45.9250,121.63,0.17215,121.18,0.022537,0.23025
-45.9150,86.642,0.12264,86.329,0.016055,0.16402
-45.9050,61.109,0.086496,60.887,0.011324,0.11569
-45.8950,42.672,0.0604,42.518,0.0079072,0.080783
-45.8850,29.502,0.041759,29.395,0.0054668,0.055851
-45.8750,20.194,0.028584,20.121,0.003742,0.03823
-45.8650,13.686,0.019372,13.636,0.002536,0.025909
-45.8550,5.5087,0.0077973,5.4888,0.0010208,0.010429
-45.8450,0,0,0,0,0
-45.8350,0,0,0,0,0
-45.8250,0,0,0,0,0
-45.8150,0,0,0,0,0
-45.8050,0,0,0,0,0
-45.7950,0,0,0,0,0
-45.7850,0,0,0,0,0
-45.7750,0,0,0,0,0
-45.7650,0,0,0,0,0
-45.7550,0,0,0,0,0
-45.7450,0,0,0,0,0
-45.7350,0,0,0,0,0
-45.7250,0,0,0,0,0
-45.7150,0,0,0,0,0
-45.7050,0,0,0,0,0
-45.6950,0,0,0,0,0
-45.6850,0,0,0,0,0
-45.6750,0,0,0,0,0
-45.6650,0,0,0,0,0
-45.6550,0,0,0,0,0
-45.6450,0,0,0,0,0
-45.6350,0,0,0,0,0
-45.6250,0,0,0,0,0
-45.6150,0,0,0,0,0
-45.6050,0,0,0,0,0
-45.5950,0,0,0,0,0
-45.5850,0,0,0,0,0
-45.5750,0,0,0,0,0
-45.5650,0,0,0,0,0
-45.5550,0,0,0,0,0
-45.5450,0,0,0,0,0
-45.5350,0,0,0,0,0
-45.5250,0,0,0,0,0
-45.5150,0,0,0,0,0
-45.5050,0,0,0,0,0
-45.4950,0,0,0,0,0
-45.4850,0,0,0,0,0
-45.4750,0,0,0,0,0
-45.4650,0,0,0,0,0
-45.4550,0,0,0,0,0
-45.4450,0,0,0,0,0
-45.4350,0,0,0,0,0
-45.4250,0,0,0,0,0
-45.4150,0,0,0,0,0
-45.4050,0,0,0,0,0
-45.3950,0,0,0,0,0
-45.3850,0,0,0,0,0
-45.3750,0,0,0,0,0
-45.3650,0,0,0,0,0
-45.3550,0,0,0,0,0
-45.3450,0,0,0,0,0
-45.3350,0,0,0,0,0
-45.3250,0,0,0,0,0
-45.3150,0,0,0,0,0
-45.3050,0,0,0,0,0
-45.2950,0,0,0,0,0
-45.2850,0,0,0,0,0
-45.2750,0,0,0,0,0
-45.2650,0,0,0,0,0
-45.2550,0,0,0,0,0
-45.2450,0,0,0,0,0
-45.2350,0,0,0,0,0
-45.2250,0,0,0,0,0
-45.2150,0,0,0,0,0
-45.2050,0,0,0,0,0
-45.1950,0,0,0,0,0
-45.1850,0,0,0,0,0
-45.1750,0,0,0,0,0
-45.1650,0,0,0,0,0
-45.1550,0,0,0,0,0
-45.1450,0,0,0,0,0
-45.1350,0,0,0,0,0
-45.1250,0,0,0,0,0
-45.1150,0,0,0,0,0
-45.1050,0,0,0,0,0
-45.0950,0,0,0,0,0
-45.0850,0,0,0,0,0
-45.0750,0,0,0,0,0
-45.0650,0,0,0,0,0
-45.0550,0,0,0,0,0
-45.0450,0,0,0,0,0
-45.0350,0,0,0,0,0
-45.0250,0,0,0,0,0
-45.0150,0,0,0,0,0
-45.0050,0,0,0,0,0
-44.9950,0,0,0,0,0
-44.9850,0,0,0,0,0
-44.9750,0,0,0,0,0
-44.9650,0,0,0,0,0
-44.9550,0,0,0,0,0
-44.9450,0,0,0,0,0
-44.9350,0,0,0,0,0
-44.9250,0,0,0,0,0
-44.9150,0,0,0,0,0
-44.9050,0,0,0,0,0
-44.8950,0,0,0,0,0
-44.8850,0,0,0,0,0
-44.8750,0,0,0,0,0
-44.8650,0,0,0,0,0
-44.8550,0,0,0,0,0
-44.8450,0,0,0,0,0
-44.8350,0,0,0,0,0
-44.8250,0,0,0,0,0
-44.8150,0,0,0,0,0
-44.8050,0,0,0,0,0
-44.7950,0,0,0,0,0
-44.7850,0,0,0,0,0
-44.7750,0,0,0,0,0
-44.7650,0,0,0,0,0
-44.7550,0,0,0,0,0
-44.7450,0,0,0,0,0
-44.7350,0,0,0,0,0
-44.7250,0,0,0,0,0
-44.7150,0,0,0,0,0
-44.7050,0,0,0,0,0
-44.6950,0,0,0,0,0
-44.6850,0,0,0,0,0
-44.6750,0,0,0,0,0
-44.6650,0,0,0,0,0
-44.6550,0,0,0,0,0
-44.6450,0,0,0,0,0
-44.6350,0,0,0,0,0
-44.6250,0,0,0,0,0
-44.6150,0,0,0,0,0
-44.6050,0,0,0,0,0
-44.5950,0,0,0,0,0
-44.5850,0,0,0,0,0
-44.5750,0,0,0,0,0
-44.5650,0,0,0,0,0
-44.5550,0,0,0,0,0
-44.5450,0,0,0,0,0
-44.5350,0,0,0,0,0
-44.5250,0,0,0,0,0
-44.5150,0,0,0,0,0
-44.5050,0,0,0,0,0
-44.4950,0,0,0,0,0
-44.4850,0,0,0,0,0
-44.4750,0,0,0,0,0
-44.4650,0,0,0,0,0
-44.4550,0,0,0,0,0
-44.4450,0,0,0,0,0
-44.4350,0,0,0,0,0
-44.4250,0,0,0,0,0
-44.4150,0,0,0,0,0
-44.4050,0,0,0,0,0
-44.3950,0,0,0,0,0
-44.3850,0,0,0,0,0
-44.3750,0,0,0,0,0
-44.3650,0,0,0,0,0
-44.3550,0,0,0,0,0
-44.3450,0,0,0,0,0
-44.3350,0,0,0,0,0
-44.3250,0,0,0,0,0
-44.3150,0,0,0,0,0
-44.3050,0,0,0,0,0
-44.2950,0,0,0,0,0
-44.2850,0,0,0,0,0
-44.2750,0,0,0,0,0
-44.2650,0,0,0,0,0
-44.2550,0,0,0,0,0
-44.2450,0,0,0,0,0
-44.2350,0,0,0,0,0
-44.2250,0,0,0,0,0
-44.2150,0,0,0,0,0
-44.2050,0,0,0,0,0
-44.1950,0,0,0,0,0
-44.1850,0,0,0,0,0
-44.1750,0,0,0,0,0
-44.1650,0,0,0,0,0
-44.1550,0,0,0,0,0
-44.1450,0,0,0,0,0
-44.1350,0,0,0,0,0
-44.1250,0,0,0,0,0
-44.1150,0,0,0,0,0
-44.1050,0,0,0,0,0
-44.0950,0,0,0,0,0
-44.0850,0,0,0,0,0
-44.0750,0,0,0,0,0
-44.0650,0,0,0,0,0
-44.0550,0,0,0,0,0
-44.0450,0,0,0,0,0
-44.0350,0,0,0,0,0
-44.0250,0,0,0,0,0
-44.0150,0,0,0,0,0
-44.0050,0,0,0,0,0
-43.9950,0,0,0,0,0
-43.9850,0,0,0,0,0
-43.9750,0,0,0,0,0
-43.9650,0,0,0,0,0
-43.9550,0,0,0,0,0
-43.9450,0,0,0,0,0
-43.9350,0,0,0,0,0
-43.9250,0,0,0,0,0
-43.9150,0,0,0,0,0
-43.9050,0,0,0,0,0
-43.8950,0,0,0,0,0
-43.8850,0,0,0,0,0
-43.8750,0,0,0,0,0
-43.8650,0,0,0,0,0
-43.8550,0,0,0,0,0
-43.8450,0,0,0,0,0
-43.8350,0,0,0,0,0
-43.8250,0,0,0,0,0
-43.8150,0,0,0,0,0
-43.8050,0,0,0,0,0
-43.7950,0,0,0,0,0
-43.7850,0,0,0,0,0
-43.7750,0,0,0,0,0
-43.7650,0,0,0,0,0
-43.7550,0,0,0,0,0
-43.7450,0,0,0,0,0
-43.7350,0,0,0,0,0
-43.7250,0,0,0,0,0
-43.7150,0,0,0,0,0
-43.7050,0,0,0,0,0
-43.6950,0,0,0,0,0
-43.6850,0,0,0,0,0
-43.6750,0,0,0,0,0
-43.6650,0,0,0,0,0
-43.6550,0,0,0,0,0
-43.6450,0,0,0,0,0
-43.6350,0,0,0,0,0
-43.6250,0,0,0,0,0
-43.6150,0,0,0,0,0
-43.6050,0,0,0,0,0
-43.5950,0,0,0,0,0
-43.5850,0,0,0,0,0
-43.5750,0,0,0,0,0
-43.5650,0,0,0,0,0
-43.5550,0,0,0,0,0
-43.5450,0,0,0,0,0
-43.5350,0,0,0,0,0
-43.5250,0,0,0,0,0
-43.5150,0,0,0,0,0
-43.5050,0,0,0,0,0
-43.4950,0,0,0,0,0
-43.4850,0,0,0,0,0
-43.4750,0,0,0,0,0
-43.4650,0,0,0,0,0
-43.4550,0,0,0,0,0
-43.4450,0,0,0,0,0
-43.4350,0,0,0,0,0
-43.4250,0,0,0,0,0
-43.4150,0,0,0,0,0
-43.4050,0,0,0,0,0
-43.3950,0,0,0,0,0
-43.3850,0,0,0,0,0
-43.3750,0,0,0,0,0
-43.3650,0,0,0,0,0
-43.3550,0,0,0,0,0
-43.3450,0,0,0,0,0
-43.3350,0,0,0,0,0
-43.3250,0,0,0,0,0
-43.3150,0,0,0,0,0
-43.3050,0,0,0,0,0
-43.2950,0,0,0,0,0
-43.2850,0,0,0,0,0
-43.2750,0,0,0,0,0
-43.2650,0,0,0,0,0
-43.2550,0,0,0,0,0
-43.2450,0,0,0,0,0
-43.2350,0,0,0,0,0
-43.2250,0,0,0,0,0
-43.2150,0,0,0,0,0
-43.2050,0,0,0,0,0
-43.1950,0,0,0,0,0
-43.1850,0,0,0,0,0
-43.1750,0,0,0,0,0
-43.1650,0,0,0,0,0
-43.1550,0,0,0,0,0
-43.1450,0,0,0,0,0
-43.1350,0,0,0,0,0
-43.1250,0,0,0,0,0
-43.1150,0,0,0,0,0
-43.1050,0,0,0,0,0
-43.0950,0,0,0,0,0
-43.0850,0,0,0,0,0
-43.0750,0,0,0,0,0
-43.0650,0,0,0,0,0
-43.0550,0,0,0,0,0
-43.0450,0,0,0,0,0
-43.0350,0,0,0,0,0
-43.0250,0,0,0,0,0
-43.0150,0,0,0,0,0
-43.0050,0,0,0,0,0
-42.9950,0,0,0,0,0
-42.9850,0,0,0,0,0
-42.9750,0,0,0,0,0
-42.9650,0,0,0,0,0
-42.9550,0,0,0,0,0
-42.9450,0,0,0,0,0
-42.9350,0,0,0,0,0
-42.9250,0,0,0,0,0
-42.9150,0,0,0,0,0
-42.9050,0,0,0,0,0
-42.8950,0,0,0,0,0
-42.8850,0,0,0,0,0
-42.8750,0,0,0,0,0
-42.8650,0,0,0,0,0
-42.8550,0,0,0,0,0
-42.8450,0,0,0,0,0
-42.8350,0,0,0,0,0
-42.8250,0,0,0,0,0
-42.8150,0,0,0,0,0
-42.8050,0,0,0,0,0
-42.7950,0,0,0,0,0
-42.7850,0,0,0,0,0
-42.7750,0,0,0,0,0
-42.7650,0,0,0,0,0
-42.7550,0,0,0,0,0
-42.7450,0,0,0,0,0
-42.7350,0,0,0,0,0
-42.7250,0,0,0,0,0
-42.7150,0,0,0,0,0
-42.7050,0,0,0,0,0
-42.6950,0,0,0,0,0
-42.6850,0,0,0,0,0
-42.6750,0,0,0,0,0
-42.6650,0,0,0,0,0
-42.6550,0,0,0,0,0
-42.6450,0,0,0,0,0
-42.6350,0,0,0,0,0
-42.6250,0,0,0,0,0
-42.6150,0,0,0,0,0
-42.6050,0,0,0,0,0
-42.5950,0,0,0,0,0
-42.5850,0,0,0,0,0
-42.5750,0,0,0,0,0
-42.5650,0,0,0,0,0
-42.5550,0,0,0,0,0
-42.5450,0,0,0,0,0
-42.5350,0,0,0,0,0
-42.5250,0,0,0,0,0
-42.5150,0,0,0,0,0
-42.5050,0,0,0,0,0
-42.4950,0,0,0,0,0
-42.4850,0,0,0,0,0
-42.4750,0,0,0,0,0
-42.4650,0,0,0,0,0
-42.4550,0,0,0,0,0
-42.4450,0,0,0,0,0
-42.4350,0,0,0,0,0
-42.4250,0,0,0,0,0
-42.4150,0,0,0,0,0
-42.4050,0,0,0,0,0
-42.3950,0,0,0,0,0
-42.3850,0,0,0,0,0
-42.3750,0,0,0,0,0
-42.3650,0,0,0,0,0
-42.3550,0,0,0,0,0
-42.3450,0,0,0,0,0
-42.3350,0,0,0,0,0
-42.3250,0,0,0,0,0
-42.3150,0,0,0,0,0
-42.3050,0,0,0,0,0
-42.2950,0,0,0,0,0
-42.2850,0,0,0,0,0
-42.2750,0,0,0,0,0
-42.2650,0,0,0,0,0
-42.2550,0,0,0,0,0
-42.2450,0,0,0,0,0
-42.2350,0,0,0,0,0
-42.2250,0,0,0,0,0
-42.2150,0,0,0,0,0
-42.2050,0,0,0,0,0
-42.1950,0,0,0,0,0
-42.1850,0,0,0,0,0
-42.1750,0,0,0,0,0
-42.1650,0,0,0,0,0
-42.1550,0,0,0,0,0
-42.1450,0,0,0,0,0
-42.1350,0,0,0,0,0
-42.1250,0,0,0,0,0
-42.1150,0,0,0,0,0
-42.1050,0,0,0,0,0
-42.0950,0,0,0,0,0
-42.0850,0,0,0,0,0
-42.0750,0,0,0,0,0
-42.0650,0,0,0,0,0
-42.0550,0,0,0,0,0
-42.0450,0,0,0,0,0
-42.0350,0,0,0,0,0
-42.0250,0,0,0,0,0
-42.0150,0,0,0,0,0
-42.0050,0,0,0,0,0
-41.9950,0,0,0,0,0
-41.9850,0,0,0,0,0
-41.9750,0,0,0,0,0
-41.9650,0,0,0,0,0
-41.9550,0,0,0,0,0
-41.9450,0,0,0,0,0
-41.9350,0,0,0,0,0
-41.9250,0,0,0,0,0
-41.9150,0,0,0,0,0
-41.9050,0,0,0,0,0
-41.8950,0,0,0,0,0
-41.8850,0,0,0,0,0
-41.8750,0,0,0,0,0
-41.8650,0,0,0,0,0
-41.8550,0,0,0,0,0
-41.8450,0,0,0,0,0
-41.8350,0,0,0,0,0
-41.8250,0,0,0,0,0
-41.8150,0,0,0,0,0
-41.8050,0,0,0,0,0
-41.7950,0,0,0,0,0
-41.7850,0,0,0,0,0
-41.7750,0,0,0,0,0
-41.7650,0,0,0,0,0
-41.7550,0,0,0,0,0
-41.7450,0,0,0,0,0
-41.7350,0,0,0,0,0
-41.7250,0,0,0,0,0
-41.7150,0,0,0,0,0
-41.7050,0,0,0,0,0
-41.6950,0,0,0,0,0
-41.6850,0,0,0,0,0
-41.6750,0,0,0,0,0
-41.6650,0,0,0,0,0
-41.6550,0,0,0,0,0
-41.6450,0,0,0,0,0
-41.6350,0,0,0,0,0
-41.6250,0,0,0,0,0
-41.6150,0,0,0,0,0
-41.6050,0,0,0,0,0
-41.5950,0,0,0,0,0
-41.5850,0,0,0,0,0
-41.5750,0,0,0,0,0
-41.5650,0,0,0,0,0
-41.5550,0,0,0,0,0
-41.5450,0,0,0,0,0
-41.5350,0,0,0,0,0
-41.5250,0,0,0,0,0
-41.5150,0,0,0,0,0
-41.5050,0,0,0,0,0
-41.4950,0,0,0,0,0
-41.4850,0,0,0,0,0
-41.4750,0,0,0,0,0
-41.4650,0,0,0,0,0
-41.4550,0,0,0,0,0
-41.4450,0,0,0,0,0
-41.4350,0,0,0,0,0
-41.4250,0,0,0,0,0
-41.4150,0,0,0,0,0
-41.4050,0,0,0,0,0
-41.3950,0,0,0,0,0
-41.3850,0,0,0,0,0
-41.3750,0,0,0,0,0
-41.3650,0,0,0,0,0
-41.3550,0,0,0,0,0
-41.3450,0,0,0,0,0
-41.3350,0,0,0,0,0
-41.3250,0,0,0,0,0
-41.3150,0,0,0,0,0
-41.3050,0,0,0,0,0
-41.2950,0,0,0,0,0
-41.2850,0,0,0,0,0
-41.2750,0,0,0,0,0
-41.2650,0,0,0,0,0
-41.2550,0,0,0,0,0
-41.2450,0,0,0,0,0
-41.2350,0,0,0,0,0
-41.2250,0,0,0,0,0
-41.2150,0,0,0,0,0
-41.2050,0,0,0,0,0
-41.1950,0,0,0,0,0
-41.1850,0,0,0,0,0
-41.1750,0,0,0,0,0
-41.1650,0,0,0,0,0
-41.1550,0,0,0,0,0
-41.1450,0,0,0,0,0
-41.1350,0,0,0,0,0
-41.1250,0,0,0,0,0
-41.1150,0,0,0,0,0
-41.1050,0,0,0,0,0
-41.0950,0,0,0,0,0
-41.0850,0,0,0,0,0
-41.0750,0,0,0,0,0
-41.0650,0,0,0,0,0
-41.0550,0,0,0,0,0
-41.0450,0,0,0,0,0
-41.0350,0,0,0,0,0
-41.0250,0,0,0,0,0
-41.0150,0,0,0,0,0
-41.0050,0,0,0,0,0
-40.9950,0,0,0,0,0
-40.9850,0,0,0,0,0
-40.9750,0,0,0,0,0
-40.9650,0,0,0,0,0
-40.9550,0,0,0,0,0
-40.9450,0,0,0,0,0
-40.9350,0,0,0,0,0
-40.9250,0,0,0,0,0
-40.9150,0,0,0,0,0
-40.9050,0,0,0,0,0
-40.8950,0,0,0,0,0
-40.8850,0,0,0,0,0
-40.8750,0,0,0,0,0
-40.8650,0,0,0,0,0
-40.8550,0,0,0,0,0
-40.8450,0,0,0,0,0
-40.8350,0,0,0,0,0
-40.8250,0,0,0,0,0
-40.8150,0,0,0,0,0
-40.8050,0,0,0,0,0
-40.7950,0,0,0,0,0
-40.7850,0,0,0,0,0
-40.7750,0,0,0,0,0
-40.7650,0,0,0,0,0
-40.7550,0,0,0,0,0
-40.7450,0,0,0,0,0
-40.7350,0,0,0,0,0
-40.7250,0,0,0,0,0
-40.7150,0,0,0,0,0
-40.7050,0,0,0,0,0
-40.6950,0,0,0,0,0
-40.6850,0,0,0,0,0
-40.6750,0,0,0,0,0
-40.6650,0,0,0,0,0
-40.6550,0,0,0,0,0
-40.6450,0,0,0,0,0
-40.6350,0,0,0,0,0
-40.6250,0,0,0,0,0
-40.6150,0,0,0,0,0
-40.6050,0,0,0,0,0
-40.5950,0,0,0,0,0
-40.5850,0,0,0,0,0
-40.5750,0,0,0,0,0
-40.5650,0,0,0,0,0
-40.5550,0,0,0,0,0
-40.5450,0,0,0,0,0
-40.5350,0,0,0,0,0
-40.5250,0,0,0,0,0
-40.5150,0,0,0,0,0
-40.5050,0,0,0,0,0
-40.4950,0,0,0,0,0
-40.4850,0,0,0,0,0
-40.4750,0,0,0,0,0
-40.4650,0,0,0,0,0
-40.4550,0,0,0,0,0
-40.4450,0,0,0,0,0
-40.4350,0,0,0,0,0
-40.4250,0,0,0,0,0
-40.4150,0,0,0,0,0
-40.4050,0,0,0,0,0
-40.3950,0,0,0,0,0
-40.3850,0,0,0,0,0
-40.3750,0,0,0,0,0
-40.3650,0,0,0,0,0
-40.3550,0,0,0,0,0
-40.3450,0,0,0,0,0
-40.3350,0,0,0,0,0
-40.3250,0,0,0,0,0
-40.3150,0,0,0,0,0
-40.3050,0,0,0,0,0
-40.2950,0,0,0,0,0
-40.2850,0,0,0,0,0
-40.2750,0,0,0,0,0
-40.2650,0,0,0,0,0
-40.2550,0,0,0,0,0
-40.2450,0,0,0,0,0
-40.2350,0,0,0,0,0
-40.2250,0,0,0,0,0
-40.2150,0,0,0,0,0
-40.2050,0,0,0,0,0
-40.1950,0,0,0,0,0
-40.1850,0,0,0,0,0
-40.1750,0,0,0,0,0
-40.1650,0,0,0,0,0
-40.1550,0,0,0,0,0
-40.1450,0,0,0,0,0
-40.1350,0,0,0,0,0
-40.1250,0,0,0,0,0
-40.1150,0,0,0,0,0
-40.1050,0,0,0,0,0
-40.0950,0,0,0,0,0
-40.0850,0,0,0,0,0
-40.0750,0,0,0,0,0
-40.0650,0,0,0,0,0
-40.0550,0,0,0,0,0
-40.0450,0,0,0,0,0
-40.0350,0,0,0,0,0
-40.0250,0,0,0,0,0
-40.0150,0,0,0,0,0
-40.0050,0,0,0,0,0
-39.9950,0,0,0,0,0
-39.9850,0,0,0,0,0
-39.9750,0,0,0,0,0
-39.9650,0,0,0,0,0
-39.9550,0,0,0,0,0
-39.9450,0,0,0,0,0
-39.9350,0,0,0,0,0
-39.9250,0,0,0,0,0
-39.9150,0,0,0,0,0
-39.9050,0,0,0,0,0
-39.8950,0,0,0,0,0
-39.8850,0,0,0,0,0
-39.8750,0,0,0,0,0
-39.8650,0,0,0,0,0
-39.8550,0,0,0,0,0
-39.8450,0,0,0,0,0
-39.8350,0,0,0,0,0
-39.8250,0,0,0,0,0
-39.8150,0,0,0,0,0
-39.8050,0,0,0,0,0
-39.7950,0,0,0,0,0
-39.7850,0,0,0,0,0
-39.7750,0,0,0,0,0
-39.7650,0,0,0,0,0
-39.7550,0,0,0,0,0
-39.7450,0,0,0,0,0
-39.7350,0,0,0,0,0
-39.7250,0,0,0,0,0
-39.7150,0,0,0,0,0
-39.7050,0,0,0,0,0
-39.6950,0,0,0,0,0
-39.6850,0,0,0,0,0
-39.6750,0,0,0,0,0
-39.6650,0,0,0,0,0
-39.6550,0,0,0,0,0
-39.6450,0,0,0,0,0
-39.6350,0,0,0,0,0
-39.6250,0,0,0,0,0
-39.6150,0,0,0,0,0
-39.6050,0,0,0,0,0
-39.5950,0,0,0,0,0
-39.5850,0,0,0,0,0
-39.5750,0,0,0,0,0
-39.5650,0,0,0,0,0
-39.5550,0,0,0,0,0
-39.5450,0,0,0,0,0
-39.5350,0,0,0,0,0
-39.5250,0,0,0,0,0
-39.5150,0,0,0,0,0
-39.5050,0,0,0,0,0
-39.4950,0,0,0,0,0
-39.4850,0,0,0,0,0
-39.4750,0,0,0,0,0
-39.4650,0,0,0,0,0
-39.4550,0,0,0,0,0
-39.4450,0,0,0,0,0
-39.4350,0,0,0,0,0
-39.4250,0,0,0,0,0
-39.4150,0,0,0,0,0
-39.4050,0,0,0,0,0
-39.3950,0,0,0,0,0
-39.3850,0,0,0,0,0
-39.3750,0,0,0,0,0
-39.3650,0,0,0,0,0
-39.3550,0,0,0,0,0
-39.3450,0,0,0,0,0
-39.3350,0,0,0,0,0
-39.3250,0,0,0,0,0
-39.3150,0,0,0,0,0
-39.3050,0,0,0,0,0
-39.2950,0,0,0,0,0
-39.2850,0,0,0,0,0
-39.2750,0,0,0,0,0
-39.2650,0,0,0,0,0
-39.2550,0,0,0,0,0
-39.2450,0,0,0,0,0
-39.2350,0,0,0,0,0
-39.2250,0,0,0,0,0
-39.2150,0,0,0,0,0
-39.2050,0,0,0,0,0
-39.1950,0,0,0,0,0
-39.1850,0,0,0,0,0
-39.1750,0,0,0,0,0
-39.1650,0,0,0,0,0
-39.1550,0,0,0,0,0
-39.1450,0,0,0,0,0
-39.1350,0,0,0,0,0
-39.1250,0,0,0,0,0
-39.1150,0,0,0,0,0
-39.1050,0,0,0,0,0
-39.0950,0,0,0,0,0
-39.0850,0,0,0,0,0
-39.0750,0,0,0,0,0
-39.0650,0,0,0,0,0
-39.0550,0,0,0,0,0
-39.0450,0,0,0,0,0
-39.0350,0,0,0,0,0
-39.0250,0,0,0,0,0
-39.0150,0,0,0,0,0
-39.0050,0,0,0,0,0
-38.9950,0,0,0,0,0
-38.9850,0,0,0,0,0
-38.9750,0,0,0,0,0
-38.9650,0,0,0,0,0
-38.9550,0,0,0,0,0
-38.9450,0,0,0,0,0
-38.9350,0,0,0,0,0
-38.9250,0,0,0,0,0
-38.9150,0,0,0,0,0
-38.9050,0,0,0,0,0
-38.8950,0,0,0,0,0
-38.8850,0,0,0,0,0
-38.8750,0,0,0,0,0
-38.8650,0,0,0,0,0
-38.8550,0,0,0,0,0
-38.8450,0,0,0,0,0
-38.8350,0,0,0,0,0
-38.8250,0,0,0,0,0
-38.8150,0,0,0,0,0
-38.8050,0,0,0,0,0
-38.7950,0,0,0,0,0
-38.7850,0,0,0,0,0
-38.7750,0,0,0,0,0
-38.7650,0,0,0,0,0
-38.7550,0,0,0,0,0
-38.7450,0,0,0,0,0
-38.7350,0,0,0,0,0
-38.7250,0,0,0,0,0
-38.7150,0,0,0,0,0
-38.7050,0,0,0,0,0
-38.6950,0,0,0,0,0
-38.6850,0,0,0,0,0
-38.6750,0,0,0,0,0
-38.6650,0,0,0,0,0
-38.6550,0,0,0,0,0
-38.6450,0,0,0,0,0
-38.6350,0,0,0,0,0
-38.6250,0,0,0,0,0
-38.6150,0,0,0,0,0
-38.6050,0,0,0,0,0
-38.5950,0,0,0,0,0
-38.5850,0,0,0,0,0
-38.5750,0,0,0,0,0
-38.5650,0,0,0,0,0
-38.5550,0,0,0,0,0
-38.5450,0,0,0,0,0
-38.5350,0,0,0,0,0
-38.5250,0,0,0,0,0
-38.5150,0,0,0,0,0
-38.5050,0,0,0,0,0
-38.4950,0,0,0,0,0
-38.4850,0,0,0,0,0
-38.4750,0,0,0,0,0
-38.4650,0,0,0,0,0
-38.4550,0,0,0,0,0
-38.4450,0,0,0,0,0
-38.4350,0,0,0,0,0
-38.4250,0,0,0,0,0
-38.4150,0,0,0,0,0
-38.4050,0,0,0,0,0
-38.3950,0,0,0,0,0
-38.3850,0,0,0,0,0
-38.3750,0,0,0,0,0
-38.3650,0,0,0,0,0
-38.3550,0,0,0,0,0
-38.3450,0,0,0,0,0
-38.3350,0,0,0,0,0
-38.3250,0,0,0,0,0
-38.3150,0,0,0,0,0
-38.3050,0,0,0,0,0
-38.2950,0,0,0,0,0
-38.2850,0,0,0,0,0
-38.2750,0,0,0,0,0
-38.2650,0,0,0,0,0
-38.2550,0,0,0,0,0
-38.2450,0,0,0,0,0
-38.2350,0,0,0,0,0
-38.2250,0,0,0,0,0
-38.2150,0,0,0,0,0
-38.2050,0,0,0,0,0
-38.1950,0,0,0,0,0
-38.1850,0,0,0,0,0
-38.1750,0,0,0,0,0
-38.1650,0,0,0,0,0
-38.1550,0,0,0,0,0
-38.1450,0,0,0,0,0
-38.1350,0,0,0,0,0
-38.1250,0,0,0,0,0
-38.1150,0,0,0,0,0
-38.1050,0,0,0,0,0
-38.0950,0,0,0,0,0
-38.0850,0,0,0,0,0
-38.0750,0,0,0,0,0
-38.0650,0,0,0,0,0
-38.0550,0,0,0,0,0
-38.0450,0,0,0,0,0
-38.0350,0,0,0,0,0
-38.0250,0,0,0,0,0
-38.0150,0,0,0,0,0
-38.0050,0,0,0,0,0
-37.9950,0,0,0,0,0
-37.9850,0,0,0,0,0
-37.9750,0,0,0,0,0
-37.9650,0,0,0,0,0
-37.9550,0,0,0,0,0
-37.9450,0,0,0,0,0
-37.9350,0,0,0,0,0
-37.9250,0,0,0,0,0
-37.9150,0,0,0,0,0
-37.9050,0,0,0,0,0
-37.8950,0,0,0,0,0
-37.8850,0,0,0,0,0
-37.8750,0,0,0,0,0
-37.8650,0,0,0,0,0
-37.8550,0,0,0,0,0
-37.8450,0,0,0,0,0
-37.8350,0,0,0,0,0
-37.8250,0,0,0,0,0
-37.8150,0,0,0,0,0
-37.8050,0,0,0,0,0
-37.7950,0,0,0,0,0
-37.7850,0,0,0,0,0
-37.7750,0,0,0,0,0
-37.7650,0,0,0,0,0
-37.7550,0,0,0,0,0
-37.7450,0,0,0,0,0
-37.7350,0,0,0,0,0
-37.7250,0,0,0,0,0
-37.7150,0,0,0,0,0
-37.7050,0,0,0,0,0
-37.6950,0,0,0,0,0
-37.6850,0,0,0,0,0
-37.6750,0,0,0,0,0
-37.6650,0,0,0,0,0
-37.6550,0,0,0,0,0
-37.6450,0,0,0,0,0
-37.6350,0,0,0,0,0
-37.6250,0,0,0,0,0
-37.6150,0,0,0,0,0
-37.6050,0,0,0,0,0
-37.5950,0,0,0,0,0
-37.5850,0,0,0,0,0
-37.5750,0,0,0,0,0
-37.5650,0,0,0,0,0
-37.5550,0,0,0,0,0
-37.5450,0,0,0,0,0
-37.5350,0,0,0,0,0
-37.5250,0,0,0,0,0
-37.5150,0,0,0,0,0
-37.5050,0,0,0,0,0
-37.4950,0,0,0,0,0
-37.4850,0,0,0,0,0
-37.4750,0,0,0,0,0
-37.4650,0,0,0,0,0
-37.4550,0,0,0,0,0
-37.4450,0,0,0,0,0
-37.4350,0,0,0,0,0
-37.4250,0,0,0,0,0
-37.4150,0,0,0,0,0
-37.4050,0,0,0,0,0
-37.3950,0,0,0,0,0
-37.3850,0,0,0,0,0
-37.3750,0,0,0,0,0
-37.3650,0,0,0,0,0
-37.3550,0,0,0,0,0
-37.3450,0,0,0,0,0
-37.3350,0,0,0,0,0
-37.3250,0,0,0,0,0
-37.3150,0,0,0,0,0
-37.3050,0,0,0,0,0
-37.2950,0,0,0,0,0
-37.2850,0,0,0,0,0
-37.2750,0,0,0,0,0
-37.2650,0,0,0,0,0
-37.2550,0,0,0,0,0
-37.2450,0,0,0,0,0
-37.2350,0,0,0,0,0
-37.2250,0,0,0,0,0
-37.2150,0,0,0,0,0
-37.2050,0,0,0,0,0
-37.1950,0,0,0,0,0
-37.1850,0,0,0,0,0
-37.1750,0,0,0,0,0
-37.1650,0,0,0,0,0
-37.1550,0,0,0,0,0
-37.1450,0,0,0,0,0
-37.1350,0,0,0,0,0
-37.1250,0,0,0,0,0
-37.1150,0,0,0,0,0
-37.1050,0,0,0,0,0
-37.0950,0,0,0,0,0
-37.0850,0,0,0,0,0
-37.0750,0,0,0,0,0
-37.0650,0,0,0,0,0
-37.0550,0,0,0,0,0
-37.0450,0,0,0,0,0
-37.0350,0,0,0,0,0
-37.0250,0,0,0,0,0
-37.0150,0,0,0,0,0
-37.0050,0,0,0,0,0
-36.9950,0,0,0,0,0
-36.9850,0,0,0,0,0
-36.9750,0,0,0,0,0
-36.9650,0,0,0,0,0
-36.9550,0,0,0,0,0
-36.9450,0,0,0,0,0
-36.9350,0,0,0,0,0
-36.9250,0,0,0,0,0
-36.9150,0,0,0,0,0
-36.9050,0,0,0,0,0
-36.8950,0,0,0,0,0
-36.8850,0,0,0,0,0
-36.8750,0,0,0,0,0
-36.8650,0,0,0,0,0
-36.8550,0,0,0,0,0
-36.8450,0,0,0,0,0
-36.8350,0,0,0,0,0
-36.8250,0,0,0,0,0
-36.8150,0,0,0,0,0
-36.8050,0,0,0,0,0
-36.7950,0,0,0,0,0
-36.7850,0,0,0,0,0
-36.7750,0,0,0,0,0
-36.7650,0,0,0,0,0
-36.7550,0,0,0,0,0
-36.7450,0,0,0,0,0
-36.7350,0,0,0,0,0
-36.7250,0,0,0,0,0
-36.7150,0,0,0,0,0
-36.7050,0,0,0,0,0
-36.6950,0,0,0,0,0
-36.6850,0,0,0,0,0
-36.6750,0,0,0,0,0
-36.6650,0,0,0,0,0
-36.6550,0,0,0,0,0
-36.6450,0,0,0,0,0
-36.6350,0,0,0,0,0
-36.6250,0,0,0,0,0
-36.6150,0,0,0,0,0
-36.6050,0,0,0,0,0
-36.5950,0,0,0,0,0
-36.5850,0,0,0,0,0
-36.5750,0,0,0,0,0
-36.5650,0,0,0,0,0
-36.5550,0,0,0,0,0
-36.5450,0,0,0,0,0
-36.5350,0,0,0,0,0
-36.5250,0,0,0,0,0
-36.5150,0,0,0,0,0
-36.5050,0,0,0,0,0
-36.4950,0,0,0,0,0
-36.4850,0,0,0,0,0
-36.4750,0,0,0,0,0
-36.4650,0,0,0,0,0
-36.4550,0,0,0,0,0
-36.4450,0,0,0,0,0
-36.4350,0,0,0,0,0
-36.4250,0,0,0,0,0
-36.4150,0,0,0,0,0
-36.4050,0,0,0,0,0
-36.3950,0,0,0,0,0
-36.3850,0,0,0,0,0
-36.3750,0,0,0,0,0
-36.3650,0,0,0,0,0
-36.3550,0,0,0,0,0
-36.3450,0,0,0,0,0
-36.3350,0,0,0,0,0
-36.3250,0,0,0,0,0
-36.3150,0,0,0,0,0
-36.3050,0,0,0,0,0
-36.2950,0,0,0,0,0
-36.2850,0,0,0,0,0
-36.2750,0,0,0,0,0
-36.2650,0,0,0,0,0
-36.2550,0,0,0,0,0
-36.2450,0,0,0,0,0
-36.2350,0,0,0,0,0
-36.2250,0,0,0,0,0
-36.2150,0,0,0,0,0
-36.2050,0,0,0,0,0
-36.1950,0,0,0,0,0
-36.1850,0,0,0,0,0
-36.1750,0,0,0,0,0
-36.1650,0,0,0,0,0
-36.1550,0,0,0,0,0
-36.1450,0,0,0,0,0
-36.1350,0,0,0,0,0
-36.1250,0,0,0,0,0
-36.1150,0,0,0,0,0
-36.1050,0,0,0,0,0
-36.0950,0,0,0,0,0
-36.0850,0,0,0,0,0
-36.0750,0,0,0,0,0
-36.0650,0,0,0,0,0
-36.0550,0,0,0,0,0
-36.0450,0,0,0,0,0
-36.0350,0,0,0,0,0
-36.0250,0,0,0,0,0
-36.0150,0,0,0,0,0
-36.0050,0,0,0,0,0
-35.9950,0,0,0,0,0
-35.9850,0,0,0,0,0
-35.9750,0,0,0,0,0
-35.9650,0,0,0,0,0
-35.9550,0,0,0,0,0
-35.9450,0,0,0,0,0
-35.9350,0,0,0,0,0
-35.9250,0,0,0,0,0
-35.9150,0,0,0,0,0
-35.9050,0,0,0,0,0
-35.8950,0,0,0,0,0
-35.8850,0,0,0,0,0
-35.8750,0,0,0,0,0
-35.8650,0,0,0,0,0
-35.8550,0,0,0,0,0
-35.8450,0,0,0,0,0
-35.8350,0,0,0,0,0
-35.8250,0,0,0,0,0
-35.8150,0,0,0,0,0
-35.8050,0,0,0,0,0
-35.7950,0,0,0,0,0
-35.7850,0,0,0,0,0
-35.7750,0,0,0,0,0
-35.7650,0,0,0,0,0
-35.7550,0,0,0,0,0
-35.7450,0,0,0,0,0
-35.7350,0,0,0,0,0
-35.7250,0,0,0,0,0
-35.7150,0,0,0,0,0
-35.7050,0,0,0,0,0
-35.6950,0,0,0,0,0
-35.6850,0,0,0,0,0
-35.6750,0,0,0,0,0
-35.6650,0,0,0,0,0
-35.6550,0,0,0,0,0
-35.6450,0,0,0,0,0
-35.6350,0,0,0,0,0
-35.6250,0,0,0,0,0
-35.6150,0,0,0,0,0
-35.6050,0,0,0,0,0
-35.5950,0,0,0,0,0
-35.5850,0,0,0,0,0
-35.5750,0,0,0,0,0
-35.5650,0,0,0,0,0
-35.5550,0,0,0,0,0
-35.5450,0,0,0,0,0
-35.5350,0,0,0,0,0
-35.5250,0,0,0,0,0
-35.5150,0,0,0,0,0
-35.5050,0,0,0,0,0
-35.4950,0,0,0,0,0
-35.4850,0,0,0,0,0
-35.4750,0,0,0,0,0
-35.4650,0,0,0,0,0
-35.4550,0,0,0,0,0
-35.4450,0,0,0,0,0
-35.4350,0,0,0,0,0
-35.4250,0,0,0,0,0
-35.4150,0,0,0,0,0
-35.4050,0,0,0,0,0
-35.3950,0,0,0,0,0
-35.3850,0,0,0,0,0
-35.3750,0,0,0,0,0
-35.3650,0,0,0,0,0
-35.3550,0,0,0,0,0
-35.3450,0,0,0,0,0
-35.3350,0,0,0,0,0
-35.3250,0,0,0,0,0
-35.3150,0,0,0,0,0
-35.3050,0,0,0,0,0
-35.2950,0,0,0,0,0
-35.2850,0,0,0,0,0
-35.2750,0,0,0,0,0
-35.2650,0,0,0,0,0
-35.2550,0,0,0,0,0
-35.2450,0,0,0,0,0
-35.2350,0,0,0,0,0
-35.2250,0,0,0,0,0
-35.2150,0,0,0,0,0
-35.2050,0,0,0,0,0
-35.1950,0,0,0,0,0
-35.1850,0,0,0,0,0
-35.1750,0,0,0,0,0
-35.1650,0,0,0,0,0
-35.1550,0,0,0,0,0
-35.1450,0,0,0,0,0
-35.1350,0,0,0,0,0
-35.1250,0,0,0,0,0
-35.1150,0,0,0,0,0
-35.1050,0,0,0,0,0
-35.0950,0,0,0,0,0
-35.0850,0,0,0,0,0
-35.0750,0,0,0,0,0
-35.0650,0,0,0,0,0
-35.0550,0,0,0,0,0
-35.0450,0,0,0,0,0
-35.0350,0,0,0,0,0
-35.0250,0,0,0,0,0
-35.0150,0,0,0,0,0
-35.0050,0,0,0,0,0
-34.9950,0,0,0,0,0
-34.9850,0,0,0,0,0
-34.9750,0,0,0,0,0
-34.9650,0,0,0,0,0
-34.9550,0,0,0,0,0
-34.9450,0,0,0,0,0
-34.9350,0,0,0,0,0
-34.9250,0,0,0,0,0
-34.9150,0,0,0,0,0
-34.9050,0,0,0,0,0
-34.8950,0,0,0,0,0
-34.8850,0,0,0,0,0
-34.8750,0,0,0,0,0
-34.8650,0,0,0,0,0
-34.8550,0,0,0,0,0
-34.8450,0,0,0,0,0
-34.8350,0,0,0,0,0
-34.8250,0,0,0,0,0
-34.8150,0,0,0,0,0
-34.8050,0,0,0,0,0
-34.7950,0,0,0,0,0
-34.7850,0,0,0,0,0
-34.7750,0,0,0,0,0
-34.7650,0,0,0,0,0
-34.7550,0,0,0,0,0
-34.7450,0,0,0,0,0
-34.7350,0,0,0,0,0
-34.7250,0,0,0,0,0
-34.7150,0,0,0,0,0
-34.7050,0,0,0,0,0
-34.6950,0,0,0,0,0
-34.6850,0,0,0,0,0
-34.6750,0,0,0,0,0
-34.6650,0,0,0,0,0
-34.6550,0,0,0,0,0
-34.6450,0,0,0,0,0
-34.6350,0,0,0,0,0
-34.6250,0,0,0,0,0
-34.6150,0,0,0,0,0
-34.6050,0,0,0,0,0
-34.5950,0,0,0,0,0
-34.5850,0,0,0,0,0
-34.5750,0,0,0,0,0
-34.5650,0,0,0,0,0
-34.5550,0,0,0,0,0
-34.5450,0,0,0,0,0
-34.5350,0,0,0,0,0
-34.5250,0,0,0,0,0
-34.5150,0,0,0,0,0
-34.5050,0,0,0,0,0
-34.4950,0,0,0,0,0
-34.4850,0,0,0,0,0
-34.4750,0,0,0,0,0
-34.4650,0,0,0,0,0
-34.4550,0,0,0,0,0
-34.4450,0,0,0,0,0
-34.4350,0,0,0,0,0
-34.4250,0,0,0,0,0
-34.4150,0,0,0,0,0
-34.4050,0,0,0,0,0
-34.3950,0,0,0,0,0
-34.3850,0,0,0,0,0
-34.3750,0,0,0,0,0
-34.3650,0,0,0,0,0
-34.3550,0,0,0,0,0
-34.3450,0,0,0,0,0
-34.3350,0,0,0,0,0
-34.3250,0,0,0,0,0
-34.3150,0,0,0,0,0
-34.3050,0,0,0,0,0
-34.2950,0,0,0,0,0
-34.2850,0,0,0,0,0
-34.2750,0,0,0,0,0
-34.2650,0,0,0,0,0
-34.2550,0,0,0,0,0
-34.2450,0,0,0,0,0
-34.2350,0,0,0,0,0
-34.2250,0,0,0,0,0
-34.2150,0,0,0,0,0
-34.2050,0,0,0,0,0
-34.1950,0,0,0,0,0
-34.1850,0,0,0,0,0
-34.1750,0,0,0,0,0
-34.1650,0,0,0,0,0
-34.1550,0,0,0,0,0
-34.1450,0,0,0,0,0
-34.1350,0,0,0,0,0
-34.1250,0,0,0,0,0
-34.1150,0,0,0,0,0
-34.1050,0,0,0,0,0
-34.0950,0,0,0,0,0
-34.0850,0,0,0,0,0
-34.0750,0,0,0,0,0
-34.0650,0,0,0,0,0
-34.0550,0,0,0,0,0
-34.0450,0,0,0,0,0
-34.0350,0,0,0,0,0
-34.0250,0,0,0,0,0
-34.0150,0,0,0,0,0
-34.0050,0,0,0,0,0
-33.9950,0,0,0,0,0
-33.9850,0,0,0,0,0
-33.9750,0,0,0,0,0
-33.9650,0,0,0,0,0
-33.9550,0,0,0,0,0
-33.9450,0,0,0,0,0
-33.9350,0,0,0,0,0
-33.9250,0,0,0,0,0
-33.9150,0,0,0,0,0
-33.9050,0,0,0,0,0
-33.8950,0,0,0,0,0
-33.8850,0,0,0,0,0
-33.8750,0,0,0,0,0
-33.8650,0,0,0,0,0
-33.8550,0,0,0,0,0
-33.8450,0,0,0,0,0
-33.8350,0,0,0,0,0
-33.8250,0,0,0,0,0
-33.8150,0,0,0,0,0
-33.8050,0,0,0,0,0
-33.7950,0,0,0,0,0
-33.7850,0,0,0,0,0
-33.7750,0,0,0,0,0
-33.7650,0,0,0,0,0
-33.7550,0,0,0,0,0
-33.7450,0,0,0,0,0
-33.7350,0,0,0,0,0
-33.7250,0,0,0,0,0
-33.7150,0,0,0,0,0
-33.7050,0,0,0,0,0
-33.6950,0,0,0,0,0
-33.6850,0,0,0,0,0
-33.6750,0,0,0,0,0
-33.6650,0,0,0,0,0
-33.6550,0,0,0,0,0
-33.6450,0,0,0,0,0
-33.6350,0,0,0,0,0
-33.6250,0,0,0,0,0
-33.6150,0,0,0,0,0
-33.6050,0,0,0,0,0
-33.5950,0,0,0,0,0
-33.5850,0,0,0,0,0
-33.5750,0,0,0,0,0
-33.5650,0,0,0,0,0
-33.5550,0,0,0,0,0
-33.5450,0,0,0,0,0
-33.5350,0,0,0,0,0
-33.5250,0,0,0,0,0
-33.5150,0,0,0,0,0
-33.5050,0,0,0,0,0
-33.4950,0,0,0,0,0
-33.4850,0,0,0,0,0
-33.4750,0,0,0,0,0
-33.4650,0,0,0,0,0
-33.4550,0,0,0,0,0
-33.4450,0,0,0,0,0
-33.4350,0,0,0,0,0
-33.4250,0,0,0,0,0
-33.4150,0,0,0,0,0
-33.4050,0,0,0,0,0
-33.3950,0,0,0,0,0
-33.3850,0,0,0,0,0
-33.3750,0,0,0,0,0
-33.3650,0,0,0,0,0
-33.3550,0,0,0,0,0
-33.3450,0,0,0,0,0
-33.3350,0,0,0,0,0
-33.3250,0,0,0,0,0
-33.3150,0,0,0,0,0
-33.3050,0,0,0,0,0
-33.2950,0,0,0,0,0
-33.2850,0,0,0,0,0
-33.2750,0,0,0,0,0
-33.2650,0,0,0,0,0
-33.2550,0,0,0,0,0
-33.2450,0,0,0,0,0
-33.2350,0,0,0,0,0
-33.2250,0,0,0,0,0
-33.2150,0,0,0,0,0
-33.2050,0,0,0,0,0
-33.1950,0,0,0,0,0
-33.1850,0,0,0,0,0
-33.1750,0,0,0,0,0
-33.1650,0,0,0,0,0
-33.1550,0,0,0,0,0
-33.1450,0,0,0,0,0
-33.1350,0,0,0,0,0
-33.1250,0,0,0,0,0
-33.1150,0,0,0,0,0
-33.1050,0,0,0,0,0
-33.0950,0,0,0,0,0
-33.0850,0,0,0,0,0
-33.0750,0,0,0,0,0
-33.0650,0,0,0,0,0
-33.0550,0,0,0,0,0
-33.0450,0,0,0,0,0
-33.0350,0,0,0,0,0
-33.0250,0,0,0,0,0
-33.0150,0,0,0,0,0
-33.0050,0,0,0,0,0
-32.9950,0,0,0,0,0
-32.9850,0,0,0,0,0
-32.9750,0,0,0,0,0
-32.9650,0,0,0,0,0
-32.9550,0,0,0,0,0
-32.9450,0,0,0,0,0
-32.9350,0,0,0,0,0
-32.9250,0,0,0,0,0
-32.9150,0,0,0,0,0
-32.9050,0,0,0,0,0
-32.8950,0,0,0,0,0
-32.8850,0,0,0,0,0
-32.8750,0,0,0,0,0
-32.8650,0,0,0,0,0
-32.8550,0,0,0,0,0
-32.8450,0,0,0,0,0
-32.8350,0,0,0,0,0
-32.8250,0,0,0,0,0
-32.8150,0,0,0,0,0
-32.8050,0,0,0,0,0
-32.7950,0,0,0,0,0
-32.7850,0,0,0,0,0
-32.7750,0,0,0,0,0
-32.7650,0,0,0,0,0
-32.7550,0,0,0,0,0
-32.7450,0,0,0,0,0
-32.7350,0,0,0,0,0
-32.7250,0,0,0,0,0
-32.7150,0,0,0,0,0
-32.7050,0,0,0,0,0
-32.6950,0,0,0,0,0
-32.6850,0,0,0,0,0
-32.6750,0,0,0,0,0
-32.6650,0,0,0,0,0
-32.6550,0,0,0,0,0
-32.6450,0,0,0,0,0
-32.6350,0,0,0,0,0
-32.6250,0,0,0,0,0
-32.6150,0,0,0,0,0
-32.6050,0,0,0,0,0
-32.5950,0,0,0,0,0
-32.5850,0,0,0,0,0
-32.5750,0,0,0,0,0
-32.5650,0,0,0,0,0
-32.5550,0,0,0,0,0
-32.5450,0,0,0,0,0
-32.5350,0,0,0,0,0
-32.5250,0,0,0,0,0
-32.5150,0,0,0,0,0
-32.5050,0,0,0,0,0
-32.4950,0,0,0,0,0
-32.4850,0,0,0,0,0
-32.4750,0,0,0,0,0
-32.4650,0,0,0,0,0
-32.4550,0,0,0,0,0
-32.4450,0,0,0,0,0
-32.4350,0,0,0,0,0
-32.4250,0,0,0,0,0
-32.4150,0,0,0,0,0
-32.4050,0,0,0,0,0
-32.3950,0,0,0,0,0
-32.3850,0,0,0,0,0
-32.3750,0,0,0,0,0
-32.3650,0,0,0,0,0
-32.3550,0,0,0,0,0
-32.3450,0,0,0,0,0
-32.3350,0,0,0,0,0
-32.3250,0,0,0,0,0
-32.3150,0,0,0,0,0
-32.3050,0,0,0,0,0
-32.2950,0,0,0,0,0
-32.2850,0,0,0,0,0
-32.2750,0,0,0,0,0
-32.2650,0,0,0,0,0
-32.2550,0,0,0,0,0
-32.2450,0,0,0,0,0
-32.2350,0,0,0,0,0
-32.2250,0,0,0,0,0
-32.2150,0,0,0,0,0
-32.2050,0,0,0,0,0
-32.1950,0,0,0,0,0
-32.1850,0,0,0,0,0
-32.1750,0,0,0,0,0
-32.1650,0,0,0,0,0
-32.1550,0,0,0,0,0
-32.1450,0,0,0,0,0
-32.1350,0,0,0,0,0
-32.1250,0,0,0,0,0
-32.1150,0,0,0,0,0
-32.1050,0,0,0,0,0
-32.0950,0,0,0,0,0
-32.0850,0,0,0,0,0
-32.0750,0,0,0,0,0
-32.0650,0,0,0,0,0
-32.0550,0,0,0,0,0
-32.0450,0,0,0,0,0
-32.0350,0,0,0,0,0
-32.0250,0,0,0,0,0
-32.0150,0,0,0,0,0
-32.0050,0,0,0,0,0
-31.9950,0,0,0,0,0
-31.9850,0,0,0,0,0
-31.9750,0,0,0,0,0
-31.9650,0,0,0,0,0
-31.9550,0,0,0,0,0
-31.9450,0,0,0,0,0
-31.9350,0,0,0,0,0
-31.9250,0,0,0,0,0
-31.9150,0,0,0,0,0
-31.9050,0,0,0,0,0
-31.8950,0,0,0,0,0
-31.8850,0,0,0,0,0
-31.8750,0,0,0,0,0
-31.8650,0,0,0,0,0
-31.8550,0,0,0,0,0
-31.8450,0,0,0,0,0
-31.8350,0,0,0,0,0
-31.8250,0,0,0,0,0
-31.8150,0,0,0,0,0
-31.8050,0,0,0,0,0
-31.7950,0,0,0,0,0
-31.7850,0,0,0,0,0
-31.7750,0,0,0,0,0
-31.7650,0,0,0,0,0
-31.7550,0,0,0,0,0
-31.7450,0,0,0,0,0
-31.7350,0,0,0,0,0
-31.7250,0,0,0,0,0
-31.7150,0,0,0,0,0
-31.7050,0,0,0,0,0
-31.6950,0,0,0,0,0
-31.6850,0,0,0,0,0
-31.6750,0,0,0,0,0
-31.6650,0,0,0,0,0
-31.6550,0,0,0,0,0
-31.6450,0,0,0,0,0
-31.6350,0,0,0,0,0
-31.6250,0,0,0,0,0
-31.6150,0,0,0,0,0
-31.6050,0,0,0,0,0
-31.5950,0,0,0,0,0
-31.5850,0,0,0,0,0
-31.5750,0,0,0,0,0
-31.5650,0,0,0,0,0
-31.5550,0,0,0,0,0
-31.5450,0,0,0,0,0
-31.5350,0,0,0,0,0
-31.5250,0,0,0,0,0
-31.5150,0,0,0,0,0
-31.5050,0,0,0,0,0
-31.4950,0,0,0,0,0
-31.4850,0,0,0,0,0
-31.4750,0,0,0,0,0
-31.4650,0,0,0,0,0
-31.4550,0,0,0,0,0
-31.4450,0,0,0,0,0
-31.4350,0,0,0,0,0
-31.4250,0,0,0,0,0
-31.4150,0,0,0,0,0
-31.4050,0,0,0,0,0
-31.3950,0,0,0,0,0
-31.3850,0,0,0,0,0
-31.3750,0,0,0,0,0
-31.3650,0,0,0,0,0
-31.3550,0,0,0,0,0
-31.3450,0,0,0,0,0
-31.3350,0,0,0,0,0
-31.3250,0,0,0,0,0
-31.3150,0,0,0,0,0
-31.3050,0,0,0,0,0
-31.2950,0,0,0,0,0
-31.2850,0,0,0,0,0
-31.2750,0,0,0,0,0
-31.2650,0,0,0,0,0
-31.2550,0,0,0,0,0
-31.2450,0,0,0,0,0
-31.2350,0,0,0,0,0
-31.2250,0,0,0,0,0
-31.2150,0,0,0,0,0
-31.2050,0,0,0,0,0
-31.1950,0,0,0,0,0
-31.1850,0,0,0,0,0
-31.1750,0,0,0,0,0
-31.1650,0,0,0,0,0
-31.1550,0,0,0,0,0
-31.1450,0,0,0,0,0
-31.1350,0,0,0,0,0
-31.1250,0,0,0,0,0
-31.1150,0,0,0,0,0
-31.1050,0,0,0,0,0
-31.0950,0,0,0,0,0
-31.0850,0,0,0,0,0
-31.0750,0,0,0,0,0
-31.0650,0,0,0,0,0
-31.0550,0,0,0,0,0
-31.0450,0,0,0,0,0
-31.0350,0,0,0,0,0
-31.0250,0,0,0,0,0
-31.0150,0,0,0,0,0
-31.0050,0,0,0,0,0
-30.9950,0,0,0,0,0
-30.9850,0,0,0,0,0
-30.9750,0,0,0,0,0
-30.9650,0,0,0,0,0
-30.9550,0,0,0,0,0
-30.9450,0,0,0,0,0
-30.9350,0,0,0,0,0
-30.9250,0,0,0,0,0
-30.9150,0,0,0,0,0
-30.9050,0,0,0,0,0
-30.8950,0,0,0,0,0
-30.8850,0,0,0,0,0
-30.8750,0,0,0,0,0
-30.8650,0,0,0,0,0
-30.8550,0,0,0,0,0
-30.8450,0,0,0,0,0
-30.8350,0,0,0,0,0
-30.8250,0,0,0,0,0
-30.8150,0,0,0,0,0
-30.8050,0,0,0,0,0
-30.7950,0,0,0,0,0
-30.7850,0,0,0,0,0
-30.7750,0,0,0,0,0
-30.7650,0,0,0,0,0
-30.7550,0,0,0,0,0
-30.7450,0,0,0,0,0
-30.7350,0,0,0,0,0
-30.7250,0,0,0,0,0
-30.7150,0,0,0,0,0
-30.7050,0,0,0,0,0
-30.6950,0,0,0,0,0
-30.6850,0,0,0,0,0
-30.6750,0,0,0,0,0
-30.6650,0,0,0,0,0
-30.6550,0,0,0,0,0
-30.6450,0,0,0,0,0
-30.6350,0,0,0,0,0
-30.6250,0,0,0,0,0
-30.6150,0,0,0,0,0
-30.6050,0,0,0,0,0
-30.5950,0,0,0,0,0
-30.5850,0,0,0,0,0
-30.5750,0,0,0,0,0
-30.5650,0,0,0,0,0
-30.5550,0,0,0,0,0
-30.5450,0,0,0,0,0
-30.5350,0,0,0,0,0
-30.5250,0,0,0,0,0
-30.5150,0,0,0,0,0
-30.5050,0,0,0,0,0
-30.4950,0,0,0,0,0
-30.4850,0,0,0,0,0
-30.4750,0,0,0,0,0
-30.4650,0,0,0,0,0
-30.4550,0,0,0,0,0
-30.4450,0,0,0,0,0
-30.4350,0,0,0,0,0
-30.4250,0,0,0,0,0
-30.4150,0,0,0,0,0
-30.4050,0,0,0,0,0
-30.3950,0,0,0,0,0
-30.3850,0,0,0,0,0
-30.3750,0,0,0,0,0
-30.3650,0,0,0,0,0
-30.3550,0,0,0,0,0
-30.3450,0,0,0,0,0
-30.3350,0,0,0,0,0
-30.3250,0,0,0,0,0
-30.3150,0,0,0,0,0
-30.3050,0,0,0,0,0
-30.2950,0,0,0,0,0
-30.2850,0,0,0,0,0
-30.2750,0,0,0,0,0
-30.2650,0,0,0,0,0
-30.2550,0,0,0,0,0
-30.2450,0,0,0,0,0
-30.2350,0,0,0,0,0
-30.2250,0,0,0,0,0
-30.2150,0,0,0,0,0
-30.2050,0,0,0,0,0
-30.1950,0,0,0,0,0
-30.1850,0,0,0,0,0
-30.1750,0,0,0,0,0
-30.1650,0,0,0,0,0
-30.1550,0,0,0,0,0
-30.1450,0,0,0,0,0
-30.1350,0,0,0,0,0
-30.1250,0,0,0,0,0
-30.1150,0,0,0,0,0
-30.1050,0,0,0,0,0
-30.0950,0,0,0,0,0
-30.0850,0,0,0,0,0
-30.0750,0,0,0,0,0
-30.0650,0,0,0,0,0
-30.0550,0,0,0,0,0
-30.0450,0,0,0,0,0
-30.0350,0,0,0,0,0
-30.0250,0,0,0,0,0
-30.0150,0,0,0,0,0
-30.0050,0,0,0,0,0
-29.9950,0,0,0,0,0
-29.9850,0,0,0,0,0
-29.9750,0,0,0,0,0
-29.9650,0,0,0,0,0
-29.9550,0,0,0,0,0
-29.9450,0,0,0,0,0
-29.9350,0,0,0,0,0
-29.9250,0,0,0,0,0
-29.9150,0,0,0,0,0
-29.9050,0,0,0,0,0
-29.8950,0,0,0,0,0
-29.8850,0,0,0,0,0
-29.8750,0,0,0,0,0
-29.8650,0,0,0,0,0
-29.8550,0,0,0,0,0
-29.8450,0,0,0,0,0
-29.8350,0,0,0,0,0
-29.8250,0,0,0,0,0
-29.8150,0,0,0,0,0
-29.8050,0,0,0,0,0
-29.7950,0,0,0,0,0
-29.7850,0,0,0,0,0
-29.7750,0,0,0,0,0
-29.7650,0,0,0,0,0
-29.7550,0,0,0,0,0
-29.7450,0,0,0,0,0
-29.7350,0,0,0,0,0
-29.7250,0,0,0,0,0
-29.7150,0,0,0,0,0
-29.7050,0,0,0,0,0
-29.6950,0,0,0,0,0
-29.6850,0,0,0,0,0
-29.6750,0,0,0,0,0
-29.6650,0,0,0,0,0
-29.6550,0,0,0,0,0
-29.6450,0,0,0,0,0
-29.6350,0,0,0,0,0
-29.6250,0,0,0,0,0
-29.6150,0,0,0,0,0
-29.6050,0,0,0,0,0
-29.5950,0,0,0,0,0
-29.5850,0,0,0,0,0
-29.5750,0,0,0,0,0
-29.5650,0,0,0,0,0
-29.5550,0,0,0,0,0
-29.5450,0,0,0,0,0
-29.5350,0,0,0,0,0
-29.5250,0,0,0,0,0
-29.5150,0,0,0,0,0
-29.5050,0,0,0,0,0
-29.4950,0,0,0,0,0
-29.4850,0,0,0,0,0
-29.4750,0,0,0,0,0
-29.4650,0,0,0,0,0
-29.4550,0,0,0,0,0
-29.4450,0,0,0,0,0
-29.4350,0,0,0,0,0
-29.4250,0,0,0,0,0
-29.4150,0,0,0,0,0
-29.4050,0,0,0,0,0
-29.3950,0,0,0,0,0
-29.3850,0,0,0,0,0
-29.3750,0,0,0,0,0
-29.3650,0,0,0,0,0
-29.3550,0,0,0,0,0
-29.3450,0,0,0,0,0
-29.3350,0,0,0,0,0
-29.3250,0,0,0,0,0
-29.3150,0,0,0,0,0
-29.3050,0,0,0,0,0
-29.2950,0,0,0,0,0
-29.2850,0,0,0,0,0
-29.2750,0,0,0,0,0
-29.2650,0,0,0,0,0
-29.2550,0,0,0,0,0
-29.2450,0,0,0,0,0
-29.2350,0,0,0,0,0
-29.2250,0,0,0,0,0
-29.2150,0,0,0,0,0
-29.2050,0,0,0,0,0
-29.1950,0,0,0,0,0
-29.1850,0,0,0,0,0
-29.1750,0,0,0,0,0
-29.1650,0,0,0,0,0
-29.1550,0,0,0,0,0
-29.1450,0,0,0,0,0
-29.1350,0,0,0,0,0
-29.1250,0,0,0,0,0
-29.1150,0,0,0,0,0
-29.1050,0,0,0,0,0
-29.0950,0,0,0,0,0
-29.0850,0,0,0,0,0
-29.0750,0,0,0,0,0
-29.0650,0,0,0,0,0
-29.0550,0,0,0,0,0
-29.0450,0,0,0,0,0
-29.0350,0,0,0,0,0
-29.0250,0,0,0,0,0
-29.0150,0,0,0,0,0
-29.0050,0,0,0,0,0
-28.9950,0,0,0,0,0
-28.9850,0,0,0,0,0
-28.9750,0,0,0,0,0
-28.9650,0,0,0,0,0
-28.9550,0,0,0,0,0
-28.9450,0,0,0,0,0
-28.9350,0,0,0,0,0
-28.9250,0,0,0,0,0
-28.9150,0,0,0,0,0
-28.9050,0,0,0,0,0
-28.8950,0,0,0,0,0
-28.8850,0,0,0,0,0
-28.8750,0,0,0,0,0
-28.8650,0,0,0,0,0
-28.8550,0,0,0,0,0
-28.8450,0,0,0,0,0
-28.8350,0,0,0,0,0
-28.8250,0,0,0,0,0
-28.8150,0,0,0,0,0
-28.8050,0,0,0,0,0
-28.7950,0,0,0,0,0
-28.7850,0,0,0,0,0
-28.7750,0,0,0,0,0
-28.7650,0,0,0,0,0
-28.7550,0,0,0,0,0
-28.7450,0,0,0,0,0
-28.7350,0,0,0,0,0
-28.7250,0,0,0,0,0
-28.7150,0,0,0,0,0
-28.7050,0,0,0,0,0
-28.6950,0,0,0,0,0
-28.6850,0,0,0,0,0
-28.6750,0,0,0,0,0
-28.6650,0,0,0,0,0
-28.6550,0,0,0,0,0
-28.6450,0,0,0,0,0
-28.6350,0,0,0,0,0
-28.6250,0,0,0,0,0
-28.6150,0,0,0,0,0
-28.6050,0,0,0,0,0
-28.5950,0,0,0,0,0
-28.5850,0,0,0,0,0
-28.5750,0,0,0,0,0
-28.5650,0,0,0,0,0
-28.5550,0,0,0,0,0
-28.5450,0,0,0,0,0
-28.5350,0,0,0,0,0
-28.5250,0,0,0,0,0
-28.5150,0,0,0,0,0
-28.5050,0,0,0,0,0
-28.4950,0,0,0,0,0
-28.4850,0,0,0,0,0
-28.4750,0,0,0,0,0
-28.4650,0,0,0,0,0
-28.4550,0,0,0,0,0
-28.4450,0,0,0,0,0
-28.4350,0,0,0,0,0
-28.4250,0,0,0,0,0
-28.4150,0,0,0,0,0
-28.4050,0,0,0,0,0
-28.3950,0,0,0,0,0
-28.3850,0,0,0,0,0
-28.3750,0,0,0,0,0
-28.3650,0,0,0,0,0
-28.3550,0,0,0,0,0
-28.3450,0,0,0,0,0
-28.3350,0,0,0,0,0
-28.3250,0,0,0,0,0
-28.3150,0,0,0,0,0
-28.3050,0,0,0,0,0
-28.2950,0,0,0,0,0
-28.2850,0,0,0,0,0
-28.2750,0,0,0,0,0
-28.2650,0,0,0,0,0
-28.2550,0,0,0,0,0
-28.2450,0,0,0,0,0
-28.2350,0,0,0,0,0
-28.2250,0,0,0,0,0
-28.2150,0,0,0,0,0
-28.2050,0,0,0,0,0
-28.1950,0,0,0,0,0
-28.1850,0,0,0,0,0
-28.1750,0,0,0,0,0
-28.1650,0,0,0,0,0
-28.1550,0,0,0,0,0
-28.1450,0,0,0,0,0
-28.1350,0,0,0,0,0
-28.1250,0,0,0,0,0
-28.1150,0,0,0,0,0
-28.1050,0,0,0,0,0
-28.0950,0,0,0,0,0
-28.0850,0,0,0,0,0
-28.0750,0,0,0,0,0
-28.0650,0,0,0,0,0
-28.0550,0,0,0,0,0
-28.0450,0,0,0,0,0
-28.0350,0,0,0,0,0
-28.0250,0,0,0,0,0
-28.0150,0,0,0,0,0
-28.0050,0,0,0,0,0
-27.9950,0,0,0,0,0
-27.9850,0,0,0,0,0
-27.9750,0,0,0,0,0
-27.9650,0,0,0,0,0
-27.9550,0,0,0,0,0
-27.9450,0,0,0,0,0
-27.9350,0,0,0,0,0
-27.9250,0,0,0,0,0
-27.9150,0,0,0,0,0
-27.9050,0,0,0,0,0
-27.8950,0,0,0,0,0
-27.8850,0,0,0,0,0
-27.8750,0,0,0,0,0
-27.8650,0,0,0,0,0
-27.8550,0,0,0,0,0
-27.8450,0,0,0,0,0
-27.8350,0,0,0,0,0
-27.8250,0,0,0,0,0
-27.8150,0,0,0,0,0
-27.8050,0,0,0,0,0
-27.7950,0,0,0,0,0
-27.7850,0,0,0,0,0
-27.7750,0,0,0,0,0
-27.7650,0,0,0,0,0
-27.7550,0,0,0,0,0
-27.7450,0,0,0,0,0
-27.7350,0,0,0,0,0
-27.7250,0,0,0,0,0
-27.7150,0,0,0,0,0
-27.7050,0,0,0,0,0
-27.6950,0,0,0,0,0
-27.6850,0,0,0,0,0
-27.6750,0,0,0,0,0
-27.6650,0,0,0,0,0
-27.6550,0,0,0,0,0
-27.6450,0,0,0,0,0
-27.6350,0,0,0,0,0
-27.6250,0,0,0,0,0
-27.6150,0,0,0,0,0
-27.6050,0,0,0,0,0
-27.5950,0,0,0,0,0
-27.5850,0,0,0,0,0
-27.5750,0,0,0,0,0
-27.5650,0,0,0,0,0
-27.5550,0,0,0,0,0
-27.5450,0,0,0,0,0
-27.5350,0,0,0,0,0
-27.5250,0,0,0,0,0
-27.5150,0,0,0,0,0
-27.5050,0,0,0,0,0
-27.4950,0,0,0,0,0
-27.4850,0,0,0,0,0
-27.4750,0,0,0,0,0
-27.4650,0,0,0,0,0
-27.4550,0,0,0,0,0
-27.4450,0,0,0,0,0
-27.4350,0,0,0,0,0
-27.4250,0,0,0,0,0
-27.4150,0,0,0,0,0
-27.4050,0,0,0,0,0
-27.3950,0,0,0,0,0
-27.3850,0,0,0,0,0
-27.3750,0,0,0,0,0
-27.3650,0,0,0,0,0
-27.3550,0,0,0,0,0
-27.3450,0,0,0,0,0
-27.3350,0,0,0,0,0
-27.3250,0,0,0,0,0
-27.3150,0,0,0,0,0
-27.3050,0,0,0,0,0
-27.2950,0,0,0,0,0
-27.2850,0,0,0,0,0
-27.2750,0,0,0,0,0
-27.2650,0,0,0,0,0
-27.2550,0,0,0,0,0
-27.2450,0,0,0,0,0
-27.2350,0,0,0,0,0
-27.2250,0,0,0,0,0
-27.2150,0,0,0,0,0
-27.2050,0,0,0,0,0
-27.1950,0,0,0,0,0
-27.1850,0,0,0,0,0
-27.1750,0,0,0,0,0
-27.1650,0,0,0,0,0
-27.1550,0,0,0,0,0
-27.1450,0,0,0,0,0
-27.1350,0,0,0,0,0
-27.1250,0,0,0,0,0
-27.1150,0,0,0,0,0
-27.1050,0,0,0,0,0
-27.0950,0,0,0,0,0
-27.0850,0,0,0,0,0
-27.0750,0,0,0,0,0
-27.0650,0,0,0,0,0
-27.0550,0,0,0,0,0
-27.0450,0,0,0,0,0
-27.0350,0,0,0,0,0
-27.0250,0,0,0,0,0
-27.0150,0,0,0,0,0
-27.0050,0,0,0,0,0
-26.9950,0,0,0,0,0
-26.9850,0,0,0,0,0
-26.9750,0,0,0,0,0
-26.9650,0,0,0,0,0
-26.9550,0,0,0,0,0
-26.9450,0,0,0,0,0
-26.9350,0,0,0,0,0
-26.9250,0,0,0,0,0
-26.9150,0,0,0,0,0
-26.9050,0,0,0,0,0
-26.8950,0,0,0,0,0
-26.8850,0,0,0,0,0
-26.8750,0,0,0,0,0
-26.8650,0,0,0,0,0
-26.8550,0,0,0,0,0
-26.8450,0,0,0,0,0
-26.8350,0,0,0,0,0
-26.8250,0,0,0,0,0
-26.8150,0,0,0,0,0
-26.8050,0,0,0,0,0
-26.7950,0,0,0,0,0
-26.7850,0,0,0,0,0
-26.7750,0,0,0,0,0
-26.7650,0,0,0,0,0
-26.7550,0,0,0,0,0
-26.7450,0,0,0,0,0
-26.7350,0,0,0,0,0
-26.7250,0,0,0,0,0
-26.7150,0,0,0,0,0
-26.7050,0,0,0,0,0
-26.6950,0,0,0,0,0
-26.6850,0,0,0,0,0
-26.6750,0,0,0,0,0
-26.6650,0,0,0,0,0
-26.6550,0,0,0,0,0
-26.6450,0,0,0,0,0
-26.6350,0,0,0,0,0
-26.6250,0,0,0,0,0
-26.6150,0,0,0,0,0
-26.6050,0,0,0,0,0
-26.5950,0,0,0,0,0
-26.5850,0,0,0,0,0
-26.5750,0,0,0,0,0
-26.5650,0,0,0,0,0
-26.5550,0,0,0,0,0
-26.5450,0,0,0,0,0
-26.5350,0,0,0,0,0
-26.5250,0,0,0,0,0
-26.5150,0,0,0,0,0
-26.5050,0,0,0,0,0
-26.4950,0,0,0,0,0
-26.4850,0,0,0,0,0
-26.4750,0,0,0,0,0
-26.4650,0,0,0,0,0
-26.4550,0,0,0,0,0
-26.4450,0,0,0,0,0
-26.4350,0,0,0,0,0
-26.4250,0,0,0,0,0
-26.4150,0,0,0,0,0
-26.4050,0,0,0,0,0
-26.3950,0,0,0,0,0
-26.3850,0,0,0,0,0
-26.3750,0,0,0,0,0
-26.3650,0,0,0,0,0
-26.3550,0,0,0,0,0
-26.3450,0,0,0,0,0
-26.3350,0,0,0,0,0
-26.3250,0,0,0,0,0
-26.3150,0,0,0,0,0
-26.3050,0,0,0,0,0
-26.2950,0,0,0,0,0
-26.2850,0,0,0,0,0
-26.2750,0,0,0,0,0
-26.2650,0,0,0,0,0
-26.2550,0,0,0,0,0
-26.2450,0,0,0,0,0
-26.2350,0,0,0,0,0
-26.2250,0,0,0,0,0
-26.2150,0,0,0,0,0
-26.2050,0,0,0,0,0
-26.1950,0,0,0,0,0
-26.1850,0,0,0,0,0
-26.1750,0,0,0,0,0
-26.1650,0,0,0,0,0
-26.1550,0,0,0,0,0
-26.1450,0,0,0,0,0
-26.1350,0,0,0,0,0
-26.1250,0,0,0,0,0
-26.1150,0,0,0,0,0
-26.1050,0,0,0,0,0
-26.0950,0,0,0,0,0
-26.0850,0,0,0,0,0
-26.0750,0,0,0,0,0
-26.0650,0,0,0,0,0
-26.0550,0,0,0,0,0
-26.0450,0,0,0,0,0
-26.0350,0,0,0,0,0
-26.0250,0,0,0,0,0
-26.0150,0,0,0,0,0
-26.0050,0,0,0,0,0
-25.9950,0,0,0,0,0
-25.9850,0,0,0,0,0
-25.9750,0,0,0,0,0
-25.9650,0,0,0,0,0
-25.9550,0,0,0,0,0
-25.9450,0,0,0,0,0
-25.9350,0,0,0,0,0
-25.9250,0,0,0,0,0
-25.9150,0,0,0,0,0
-25.9050,0,0,0,0,0
-25.8950,0,0,0,0,0
-25.8850,0,0,0,0,0
-25.8750,0,0,0,0,0
-25.8650,0,0,0,0,0
-25.8550,0,0,0,0,0
-25.8450,0,0,0,0,0
-25.8350,0,0,0,0,0
-25.8250,0,0,0,0,0
-25.8150,0,0,0,0,0
-25.8050,0,0,0,0,0
-25.7950,0,0,0,0,0
-25.7850,0,0,0,0,0
-25.7750,0,0,0,0,0
-25.7650,0,0,0,0,0
-25.7550,0,0,0,0,0
-25.7450,0,0,0,0,0
-25.7350,0,0,0,0,0
-25.7250,0,0,0,0,0
-25.7150,0,0,0,0,0
-25.7050,0,0,0,0,0
-25.6950,0,0,0,0,0
-25.6850,0,0,0,0,0
-25.6750,0,0,0,0,0
-25.6650,0,0,0,0,0
-25.6550,0,0,0,0,0
-25.6450,0,0,0,0,0
-25.6350,0,0,0,0,0
-25.6250,0,0,0,0,0
-25.6150,0,0,0,0,0
-25.6050,0,0,0,0,0
-25.5950,0,0,0,0,0
-25.5850,0,0,0,0,0
-25.5750,0,0,0,0,0
-25.5650,0,0,0,0,0
-25.5550,0,0,0,0,0
-25.5450,0,0,0,0,0
-25.5350,0,0,0,0,0
-25.5250,0,0,0,0,0
-25.5150,0,0,0,0,0
-25.5050,0,0,0,0,0
-25.4950,0,0,0,0,0
-25.4850,0,0,0,0,0
-25.4750,0,0,0,0,0
-25.4650,0,0,0,0,0
-25.4550,0,0,0,0,0
-25.4450,0,0,0,0,0
-25.4350,0,0,0,0,0
-25.4250,0,0,0,0,0
-25.4150,0,0,0,0,0
-25.4050,0,0,0,0,0
-25.3950,0,0,0,0,0
-25.3850,0,0,0,0,0
-25.3750,0,0,0,0,0
-25.3650,0,0,0,0,0
-25.3550,0,0,0,0,0
-25.3450,0,0,0,0,0
-25.3350,0,0,0,0,0
-25.3250,0,0,0,0,0
-25.3150,0,0,0,0,0
-25.3050,0,0,0,0,0
-25.2950,0,0,0,0,0
-25.2850,0,0,0,0,0
-25.2750,0,0,0,0,0
-25.2650,0,0,0,0,0
-25.2550,0,0,0,0,0
-25.2450,0,0,0,0,0
-25.2350,0,0,0,0,0
-25.2250,0,0,0,0,0
-25.2150,0,0,0,0,0
-25.2050,0,0,0,0,0
-25.1950,0,0,0,0,0
-25.1850,0,0,0,0,0
-25.1750,0,0,0,0,0
-25.1650,0,0,0,0,0
-25.1550,0,0,0,0,0
-25.1450,0,0,0,0,0
-25.1350,0,0,0,0,0
-25.1250,0,0,0,0,0
-25.1150,0,0,0,0,0
-25.1050,0,0,0,0,0
-25.0950,0,0,0,0,0
-25.0850,0,0,0,0,0
-25.0750,0,0,0,0,0
-25.0650,0,0,0,0,0
-25.0550,0,0,0,0,0
-25.0450,0,0,0,0,0
-25.0350,0,0,0,0,0
-25.0250,0,0,0,0,0
-25.0150,0,0,0,0,0
-25.0050,0,0,0,0,0
-24.9950,0,0,0,0,0
-24.9850,0,0,0,0,0
-24.9750,0,0,0,0,0
-24.9650,0,0,0,0,0
-24.9550,0,0,0,0,0
-24.9450,0,0,0,0,0
-24.9350,0,0,0,0,0
-24.9250,0,0,0,0,0
-24.9150,0,0,0,0,0
-24.9050,0,0,0,0,0
-24.8950,0,0,0,0,0
-24.8850,0,0,0,0,0
-24.8750,0,0,0,0,0
-24.8650,0,0,0,0,0
-24.8550,0,0,0,0,0
-24.8450,0,0,0,0,0
-24.8350,0,0,0,0,0
-24.8250,0,0,0,0,0
-24.8150,0,0,0,0,0
-24.8050,0,0,0,0,0
-24.7950,0,0,0,0,0
-24.7850,0,0,0,0,0
-24.7750,0,0,0,0,0
-24.7650,0,0,0,0,0
-24.7550,0,0,0,0,0
-24.7450,0,0,0,0,0
-24.7350,0,0,0,0,0
-24.7250,0,0,0,0,0
-24.7150,0,0,0,0,0
-24.7050,0,0,0,0,0
-24.6950,0,0,0,0,0
-24.6850,0,0,0,0,0
-24.6750,0,0,0,0,0
-24.6650,0,0,0,0,0
-24.6550,0,0,0,0,0
-24.6450,0,0,0,0,0
-24.6350,0,0,0,0,0
-24.6250,0,0,0,0,0
-24.6150,0,0,0,0,0
-24.6050,0,0,0,0,0
-24.5950,0,0,0,0,0
-24.5850,0,0,0,0,0
-24.5750,0,0,0,0,0
-24.5650,0,0,0,0,0
-24.5550,0,0,0,0,0
-24.5450,0,0,0,0,0
-24.5350,0,0,0,0,0
-24.5250,0,0,0,0,0
-24.5150,0,0,0,0,0
-24.5050,0,0,0,0,0
-24.4950,0,0,0,0,0
-24.4850,0,0,0,0,0
-24.4750,0,0,0,0,0
-24.4650,0,0,0,0,0
-24.4550,0,0,0,0,0
-24.4450,0,0,0,0,0
-24.4350,0,0,0,0,0
-24.4250,0,0,0,0,0
-24.4150,0,0,0,0,0
-24.4050,0,0,0,0,0
-24.3950,0,0,0,0,0
-24.3850,0,0,0,0,0
-24.3750,0,0,0,0,0
-24.3650,0,0,0,0,0
-24.3550,0,0,0,0,0
-24.3450,0,0,0,0,0
-24.3350,0,0,0,0,0
-24.3250,0,0,0,0,0
-24.3150,0,0,0,0,0
-24.3050,0,0,0,0,0
-24.2950,0,0,0,0,0
-24.2850,0,0,0,0,0
-24.2750,0,0,0,0,0
-24.2650,0,0,0,0,0
-24.2550,0,0,0,0,0
-24.2450,0,0,0,0,0
-24.2350,0,0,0,0,0
-24.2250,0,0,0,0,0
-24.2150,0,0,0,0,0
-24.2050,0,0,0,0,0
-24.1950,0,0,0,0,0
-24.1850,0,0,0,0,0
-24.1750,0,0,0,0,0
-24.1650,0,0,0,0,0
-24.1550,0,0,0,0,0
-24.1450,0,0,0,0,0
-24.1350,0,0,0,0,0
-24.1250,0,0,0,0,0
-24.1150,0,0,0,0,0
-24.1050,0,0,0,0,0
-24.0950,0,0,0,0,0
-24.0850,0,0,0,0,0
-24.0750,0,0,0,0,0
-24.0650,0,0,0,0,0
-24.0550,0,0,0,0,0
-24.0450,0,0,0,0,0
-24.0350,0,0,0,0,0
-24.0250,0,0,0,0,0
-24.0150,0,0,0,0,0
-24.0050,0,0,0,0,0
-23.9950,0,0,0,0,0
-23.9850,0,0,0,0,0
-23.9750,0,0,0,0,0
-23.9650,0,0,0,0,0
-23.9550,0,0,0,0,0
-23.9450,0,0,0,0,0
-23.9350,0,0,0,0,0
-23.9250,0,0,0,0,0
-23.9150,0,0,0,0,0
-23.9050,0,0,0,0,0
-23.8950,0,0,0,0,0
-23.8850,0,0,0,0,0
-23.8750,0,0,0,0,0
-23.8650,0,0,0,0,0
-23.8550,0,0,0,0,0
-23.8450,0,0,0,0,0
-23.8350,0,0,0,0,0
-23.8250,0,0,0,0,0
-23.8150,0,0,0,0,0
-23.8050,0,0,0,0,0
-23.7950,0,0,0,0,0
-23.7850,0,0,0,0,0
-23.7750,0,0,0,0,0
-23.7650,0,0,0,0,0
-23.7550,0,0,0,0,0
-23.7450,0,0,0,0,0
-23.7350,0,0,0,0,0
-23.7250,0,0,0,0,0
-23.7150,0,0,0,0,0
-23.7050,0,0,0,0,0
-23.6950,0,0,0,0,0
-23.6850,0,0,0,0,0
-23.6750,0,0,0,0,0
-23.6650,0,0,0,0,0
-23.6550,0,0,0,0,0
-23.6450,0,0,0,0,0
-23.6350,0,0,0,0,0
-23.6250,0,0,0,0,0
-23.6150,0,0,0,0,0
-23.6050,0,0,0,0,0
-23.5950,0,0,0,0,0
-23.5850,0,0,0,0,0
-23.5750,0,0,0,0,0
-23.5650,0,0,0,0,0
-23.5550,0,0,0,0,0
-23.5450,0,0,0,0,0
-23.5350,0,0,0,0,0
-23.5250,0,0,0,0,0
-23.5150,0,0,0,0,0
-23.5050,0,0,0,0,0
-23.4950,0,0,0,0,0
-23.4850,0,0,0,0,0
-23.4750,0,0,0,0,0
-23.4650,0,0,0,0,0
-23.4550,0,0,0,0,0
-23.4450,0,0,0,0,0
-23.4350,0,0,0,0,0
-23.4250,0,0,0,0,0
-23.4150,0,0,0,0,0
-23.4050,0,0,0,0,0
-23.3950,0,0,0,0,0
-23.3850,0,0,0,0,0
-23.3750,0,0,0,0,0
-23.3650,0,0,0,0,0
-23.3550,0,0,0,0,0
-23.3450,0,0,0,0,0
-23.3350,0,0,0,0,0
-23.3250,0,0,0,0,0
-23.3150,0,0,0,0,0
-23.3050,0,0,0,0,0
-23.2950,0,0,0,0,0
-23.2850,0,0,0,0,0
-23.2750,0,0,0,0,0
-23.2650,0,0,0,0,0
-23.2550,0,0,0,0,0
-23.2450,0,0,0,0,0
-23.2350,0,0,0,0,0
-23.2250,0,0,0,0,0
-23.2150,0,0,0,0,0
-23.2050,0,0,0,0,0
-23.1950,0,0,0,0,0
-23.1850,0,0,0,0,0
-23.1750,0,0,0,0,0
-23.1650,0,0,0,0,0
-23.1550,0,0,0,0,0
-23.1450,0,0,0,0,0
-23.1350,0,0,0,0,0
-23.1250,0,0,0,0,0
-23.1150,0,0,0,0,0
-23.1050,0,0,0,0,0
-23.0950,0,0,0,0,0
-23.0850,0,0,0,0,0
-23.0750,0,0,0,0,0
-23.0650,0,0,0,0,0
-23.0550,0,0,0,0,0
-23.0450,0,0,0,0,0
-23.0350,0,0,0,0,0
-23.0250,0,0,0,0,0
-23.0150,0,0,0,0,0
-23.0050,0,0,0,0,0
-22.9950,0,0,0,0,0
-22.9850,0,0,0,0,0
-22.9750,0,0,0,0,0
-22.9650,0,0,0,0,0
-22.9550,0,0,0,0,0
-22.9450,0,0,0,0,0
-22.9350,0,0,0,0,0
-22.9250,0,0,0,0,0
-22.9150,0,0,0,0,0
-22.9050,0,0,0,0,0
-22.8950,0,0,0,0,0
-22.8850,0,0,0,0,0
-22.8750,0,0,0,0,0
-22.8650,0,0,0,0,0
-22.8550,0,0,0,0,0
-22.8450,0,0,0,0,0
-22.8350,0,0,0,0,0
-22.8250,0,0,0,0,0
-22.8150,0,0,0,0,0
-22.8050,0,0,0,0,0
-22.7950,0,0,0,0,0
-22.7850,0,0,0,0,0
-22.7750,0,0,0,0,0
-22.7650,0,0,0,0,0
-22.7550,0,0,0,0,0
-22.7450,0,0,0,0,0
-22.7350,0,0,0,0,0
-22.7250,0,0,0,0,0
-22.7150,0,0,0,0,0
-22.7050,0,0,0,0,0
-22.6950,0,0,0,0,0
-22.6850,0,0,0,0,0
-22.6750,0,0,0,0,0
-22.6650,0,0,0,0,0
-22.6550,0,0,0,0,0
-22.6450,0,0,0,0,0
-22.6350,0,0,0,0,0
-22.6250,0,0,0,0,0
-22.6150,0,0,0,0,0
-22.6050,0,0,0,0,0
-22.5950,0,0,0,0,0
-22.5850,0,0,0,0,0
-22.5750,0,0,0,0,0
-22.5650,0,0,0,0,0
-22.5550,0,0,0,0,0
-22.5450,0,0,0,0,0
-22.5350,0,0,0,0,0
-22.5250,0,0,0,0,0
-22.5150,0,0,0,0,0
-22.5050,0,0,0,0,0
-22.4950,0,0,0,0,0
-22.4850,0,0,0,0,0
-22.4750,0,0,0,0,0
-22.4650,0,0,0,0,0
-22.4550,0,0,0,0,0
-22.4450,0,0,0,0,0
-22.4350,0,0,0,0,0
-22.4250,0,0,0,0,0
-22.4150,0,0,0,0,0
-22.4050,0,0,0,0,0
-22.3950,0,0,0,0,0
-22.3850,0,0,0,0,0
-22.3750,0,0,0,0,0
-22.3650,0,0,0,0,0
-22.3550,0,0,0,0,0
-22.3450,0,0,0,0,0
-22.3350,0,0,0,0,0
-22.3250,0,0,0,0,0
-22.3150,0,0,0,0,0
-22.3050,0,0,0,0,0
-22.2950,0,0,0,0,0
-22.2850,0,0,0,0,0
-22.2750,0,0,0,0,0
-22.2650,0,0,0,0,0
-22.2550,0,0,0,0,0
-22.2450,0,0,0,0,0
-22.2350,0,0,0,0,0
-22.2250,0,0,0,0,0
-22.2150,0,0,0,0,0
-22.2050,0,0,0,0,0
-22.1950,0,0,0,0,0
-22.1850,0,0,0,0,0
-22.1750,0,0,0,0,0
-22.1650,0,0,0,0,0
-22.1550,0,0,0,0,0
-22.1450,0,0,0,0,0
-22.1350,0,0,0,0,0
-22.1250,0,0,0,0,0
-22.1150,0,0,0,0,0
-22.1050,0,0,0,0,0
-22.0950,0,0,0,0,0
-22.0850,0,0,0,0,0
-22.0750,0,0,0,0,0
-22.0650,0,0,0,0,0
-22.0550,0,0,0,0,0
-22.0450,0,0,0,0,0
-22.0350,0,0,0,0,0
-22.0250,0,0,0,0,0
-22.0150,0,0,0,0,0
-22.0050,0,0,0,0,0
-21.9950,0,0,0,0,0
-21.9850,0,0,0,0,0
-21.9750,0,0,0,0,0
-21.9650,0,0,0,0,0
-21.9550,0,0,0,0,0
-21.9450,0,0,0,0,0
-21.9350,0,0,0,0,0
-21.9250,0,0,0,0,0
-21.9150,0,0,0,0,0
-21.9050,0,0,0,0,0
-21.8950,0,0,0,0,0
-21.8850,0,0,0,0,0
-21.8750,0,0,0,0,0
-21.8650,0,0,0,0,0
-21.8550,0,0,0,0,0
-21.8450,0,0,0,0,0
-21.8350,0,0,0,0,0
-21.8250,0,0,0,0,0
-21.8150,0,0,0,0,0
-21.8050,0,0,0,0,0
-21.7950,0,0,0,0,0
-21.7850,0,0,0,0,0
-21.7750,0,0,0,0,0
-21.7650,0,0,0,0,0
-21.7550,0,0,0,0,0
-21.7450,0,0,0,0,0
-21.7350,0,0,0,0,0
-21.7250,0,0,0,0,0
-21.7150,0,0,0,0,0
-21.7050,0,0,0,0,0
-21.6950,0,0,0,0,0
-21.6850,0,0,0,0,0
-21.6750,0,0,0,0,0
-21.6650,0,0,0,0,0
-21.6550,0,0,0,0,0
-21.6450,0,0,0,0,0
-21.6350,0,0,0,0,0
-21.6250,0,0,0,0,0
-21.6150,0,0,0,0,0
-21.6050,0,0,0,0,0
-21.5950,0,0,0,0,0
-21.5850,0,0,0,0,0
-21.5750,0,0,0,0,0
-21.5650,0,0,0,0,0
-21.5550,0,0,0,0,0
-21.5450,0,0,0,0,0
-21.5350,0,0,0,0,0
-21.5250,0,0,0,0,0
-21.5150,0,0,0,0,0
-21.5050,0,0,0,0,0
-21.4950,0,0,0,0,0
-21.4850,0,0,0,0,0
-21.4750,0,0,0,0,0
-21.4650,0,0,0,0,0
-21.4550,0,0,0,0,0
-21.4450,0,0,0,0,0
-21.4350,0,0,0,0,0
-21.4250,0,0,0,0,0
-21.4150,0,0,0,0,0
-21.4050,0,0,0,0,0
-21.3950,0,0,0,0,0
-21.3850,0,0,0,0,0
-21.3750,0,0,0,0,0
-21.3650,0,0,0,0,0
-21.3550,0,0,0,0,0
-21.3450,0,0,0,0,0
-21.3350,0,0,0,0,0
-21.3250,0,0,0,0,0
-21.3150,0,0,0,0,0
-21.3050,0,0,0,0,0
-21.2950,0,0,0,0,0
-21.2850,0,0,0,0,0
-21.2750,0,0,0,0,0
-21.2650,0,0,0,0,0
-21.2550,0,0,0,0,0
-21.2450,0,0,0,0,0
-21.2350,0,0,0,0,0
-21.2250,0,0,0,0,0
-21.2150,0,0,0,0,0
-21.2050,0,0,0,0,0
-21.1950,0,0,0,0,0
-21.1850,0,0,0,0,0
-21.1750,0,0,0,0,0
-21.1650,0,0,0,0,0
-21.1550,0,0,0,0,0
-21.1450,0,0,0,0,0
-21.1350,0,0,0,0,0
-21.1250,0,0,0,0,0
-21.1150,0,0,0,0,0
-21.1050,0,0,0,0,0
-21.0950,0,0,0,0,0
-21.0850,0,0,0,0,0
-21.0750,0,0,0,0,0
-21.0650,0,0,0,0,0
-21.0550,0,0,0,0,0
-21.0450,0,0,0,0,0
-21.0350,0,0,0,0,0
-21.0250,0,0,0,0,0
-21.0150,0,0,0,0,0
-21.0050,0,0,0,0,0
-20.9950,0,0,0,0,0
-20.9850,0,0,0,0,0
-20.9750,0,0,0,0,0
-20.9650,0,0,0,0,0
-20.9550,0,0,0,0,0
-20.9450,0,0,0,0,0
-20.9350,0,0,0,0,0
-20.9250,0,0,0,0,0
-20.9150,0,0,0,0,0
-20.9050,0,0,0,0,0
-20.8950,0,0,0,0,0
-20.8850,0,0,0,0,0
-20.8750,0,0,0,0,0
-20.8650,0,0,0,0,0
-20.8550,0,0,0,0,0
-20.8450,0,0,0,0,0
-20.8350,0,0,0,0,0
-20.8250,0,0,0,0,0
-20.8150,0,0,0,0,0
-20.8050,0,0,0,0,0
-20.7950,0,0,0,0,0
-20.7850,0,0,0,0,0
-20.7750,0,0,0,0,0
-20.7650,0,0,0,0,0
-20.7550,0,0,0,0,0
-20.7450,0,0,0,0,0
-20.7350,0,0,0,0,0
-20.7250,0,0,0,0,0
-20.7150,0,0,0,0,0
-20.7050,0,0,0,0,0
-20.6950,0,0,0,0,0
-20.6850,0,0,0,0,0
-20.6750,0,0,0,0,0
-20.6650,0,0,0,0,0
-20.6550,0,0,0,0,0
-20.6450,0,0,0,0,0
-20.6350,0,0,0,0,0
-20.6250,0,0,0,0,0
-20.6150,0,0,0,0,0
-20.6050,0,0,0,0,0
-20.5950,0,0,0,0,0
-20.5850,0,0,0,0,0
-20.5750,0,0,0,0,0
-20.5650,0,0,0,0,0
-20.5550,0,0,0,0,0
-20.5450,0,0,0,0,0
-20.5350,0,0,0,0,0
-20.5250,0,0,0,0,0
-20.5150,0,0,0,0,0
-20.5050,0,0,0,0,0
-20.4950,0,0,0,0,0
-20.4850,0,0,0,0,0
-20.4750,0,0,0,0,0
-20.4650,0,0,0,0,0
-20.4550,0,0,0,0,0
-20.4450,0,0,0,0,0
-20.4350,0,0,0,0,0
-20.4250,0,0,0,0,0
-20.4150,0,0,0,0,0
-20.4050,0,0,0,0,0
-20.3950,0,0,0,0,0
-20.3850,0,0,0,0,0
-20.3750,0,0,0,0,0
-20.3650,0,0,0,0,0
-20.3550,0,0,0,0,0
-20.3450,0,0,0,0,0
-20.3350,0,0,0,0,0
-20.3250,0,0,0,0,0
-20.3150,0,0,0,0,0
-20.3050,0,0,0,0,0
-20.2950,0,0,0,0,0
-20.2850,0,0,0,0,0
-20.2750,0,0,0,0,0
-20.2650,0,0,0,0,0
-20.2550,0,0,0,0,0
-20.2450,0,0,0,0,0
-20.2350,0,0,0,0,0
-20.2250,0,0,0,0,0
-20.2150,0,0,0,0,0
-20.2050,0,0,0,0,0
-20.1950,0,0,0,0,0
-20.1850,0,0,0,0,0
-20.1750,0,0,0,0,0
-20.1650,0,0,0,0,0
-20.1550,0,0,0,0,0
-20.1450,0,0,0,0,0
-20.1350,0,0,0,0,0
-20.1250,0,0,0,0,0
-20.1150,0,0,0,0,0
-20.1050,0,0,0,0,0
-20.0950,0,0,0,0,0
-20.0850,0,0,0,0,0
-20.0750,0,0,0,0,0
-20.0650,0,0,0,0,0
-20.0550,0,0,0,0,0
-20.0450,0,0,0,0,0
-20.0350,0,0,0,0,0
-20.0250,0,0,0,0,0
-20.0150,0,0,0,0,0
-20.0050,0,0,0,0,0
-19.9950,0,0,0,0,0
-19.9850,0,0,0,0,0
-19.9750,0,0,0,0,0
-19.9650,0,0,0,0,0
-19.9550,0,0,0,0,0
-19.9450,0,0,0,0,0
-19.9350,0,0,0,0,0
-19.9250,0,0,0,0,0
-19.9150,0,0,0,0,0
-19.9050,0,0,0,0,0
-19.8950,0,0,0,0,0
-19.8850,0,0,0,0,0
-19.8750,0,0,0,0,0
-19.8650,0,0,0,0,0
-19.8550,0,0,0,0,0
-19.8450,0,0,0,0,0
-19.8350,0,0,0,0,0
-19.8250,0,0,0,0,0
-19.8150,0,0,0,0,0
-19.8050,0,0,0,0,0
-19.7950,0,0,0,0,0
-19.7850,0,0,0,0,0
-19.7750,0,0,0,0,0
-19.7650,0,0,0,0,0
-19.7550,0,0,0,0,0
-19.7450,0,0,0,0,0
-19.7350,0,0,0,0,0
-19.7250,0,0,0,0,0
-19.7150,0,0,0,0,0
-19.7050,0,0,0,0,0
-19.6950,0,0,0,0,0
-19.6850,0,0,0,0,0
-19.6750,0,0,0,0,0
-19.6650,0,0,0,0,0
-19.6550,0,0,0,0,0
-19.6450,0,0,0,0,0
-19.6350,0,0,0,0,0
-19.6250,0,0,0,0,0
-19.6150,0,0,0,0,0
-19.6050,0,0,0,0,0
-19.5950,0,0,0,0,0
-19.5850,0,0,0,0,0
-19.5750,0,0,0,0,0
-19.5650,0,0,0,0,0
-19.5550,0,0,0,0,0
-19.5450,0,0,0,0,0
-19.5350,0,0,0,0,0
-19.5250,0,0,0,0,0
-19.5150,0,0,0,0,0
-19.5050,0,0,0,0,0
-19.4950,0,0,0,0,0
-19.4850,0,0,0,0,0
-19.4750,0,0,0,0,0
-19.4650,0,0,0,0,0
-19.4550,0,0,0,0,0
-19.4450,0,0,0,0,0
-19.4350,0,0,0,0,0
-19.4250,0,0,0,0,0
-19.4150,0,0,0,0,0
-19.4050,0,0,0,0,0
-19.3950,0,0,0,0,0
-19.3850,0,0,0,0,0
-19.3750,0,0,0,0,0
-19.3650,0,0,0,0,0
-19.3550,0,0,0,0,0
-19.3450,0,0,0,0,0
-19.3350,0,0,0,0,0
-19.3250,0,0,0,0,0
-19.3150,0,0,0,0,0
-19.3050,0,0,0,0,0
-19.2950,0,0,0,0,0
-19.2850,0,0,0,0,0
-19.2750,0,0,0,0,0
-19.2650,0,0,0,0,0
-19.2550,0,0,0,0,0
-19.2450,0,0,0,0,0
-19.2350,0,0,0,0,0
-19.2250,0,0,0,0,0
-19.2150,0,0,0,0,0
-19.2050,0,0,0,0,0
-19.1950,0,0,0,0,0
-19.1850,0,0,0,0,0
-19.1750,0,0,0,0,0
-19.1650,0,0,0,0,0
-19.1550,0,0,0,0,0
-19.1450,0,0,0,0,0
-19.1350,0,0,0,0,0
-19.1250,0,0,0,0,0
-19.1150,0,0,0,0,0
-19.1050,0,0,0,0,0
-19.0950,0,0,0,0,0
-19.0850,0,0,0,0,0
-19.0750,0,0,0,0,0
-19.0650,0,0,0,0,0
-19.0550,0,0,0,0,0
-19.0450,0,0,0,0,0
-19.0350,0,0,0,0,0
-19.0250,0,0,0,0,0
-19.0150,0,0,0,0,0
-19.0050,0,0,0,0,0
-18.9950,0,0,0,0,0
-18.9850,0,0,0,0,0
-18.9750,0,0,0,0,0
-18.9650,0,0,0,0,0
-18.9550,0,0,0,0,0
-18.9450,0,0,0,0,0
-18.9350,0,0,0,0,0
-18.9250,0,0,0,0,0
-18.9150,0,0,0,0,0
-18.9050,0,0,0,0,0
-18.8950,0,0,0,0,0
-18.8850,0,0,0,0,0
-18.8750,0,0,0,0,0
-18.8650,0,0,0,0,0
-18.8550,0,0,0,0,0
-18.8450,0,0,0,0,0
-18.8350,0,0,0,0,0
-18.8250,0,0,0,0,0
-18.8150,0,0,0,0,0
-18.8050,0,0,0,0,0
-18.7950,0,0,0,0,0
-18.7850,0,0,0,0,0
-18.7750,0,0,0,0,0
-18.7650,0,0,0,0,0
-18.7550,0,0,0,0,0
-18.7450,0,0,0,0,0
-18.7350,0,0,0,0,0
-18.7250,0,0,0,0,0
-18.7150,0,0,0,0,0
-18.7050,0,0,0,0,0
-18.6950,0,0,0,0,0
-18.6850,0,0,0,0,0
-18.6750,0,0,0,0,0
-18.6650,0,0,0,0,0
-18.6550,0,0,0,0,0
-18.6450,0,0,0,0,0
-18.6350,0,0,0,0,0
-18.6250,0,0,0,0,0
-18.6150,0,0,0,0,0
-18.6050,0,0,0,0,0
-18.5950,0,0,0,0,0
-18.5850,0,0,0,0,0
-18.5750,0,0,0,0,0
-18.5650,0,0,0,0,0
-18.5550,0,0,0,0,0
-18.5450,0,0,0,0,0
-18.5350,0,0,0,0,0
-18.5250,0,0,0,0,0
-18.5150,0,0,0,0,0
-18.5050,0,0,0,0,0
-18.4950,0,0,0,0,0
-18.4850,0,0,0,0,0
-18.4750,0,0,0,0,0
-18.4650,0,0,0,0,0
-18.4550,0,0,0,0,0
-18.4450,0,0,0,0,0
-18.4350,0,0,0,0,0
-18.4250,0,0,0,0,0
-18.4150,0,0,0,0,0
-18.4050,0,0,0,0,0
-18.3950,0,0,0,0,0
-18.3850,0,0,0,0,0
-18.3750,0,0,0,0,0
-18.3650,0,0,0,0,0
-18.3550,0,0,0,0,0
-18.3450,0,0,0,0,0
-18.3350,0,0,0,0,0
-18.3250,0,0,0,0,0
-18.3150,0,0,0,0,0
-18.3050,0,0,0,0,0
-18.2950,0,0,0,0,0
-18.2850,0,0,0,0,0
-18.2750,0,0,0,0,0
-18.2650,0,0,0,0,0
-18.2550,0,0,0,0,0
-18.2450,0,0,0,0,0
-18.2350,0,0,0,0,0
-18.2250,0,0,0,0,0
-18.2150,0,0,0,0,0
-18.2050,0,0,0,0,0
-18.1950,0,0,0,0,0
-18.1850,0,0,0,0,0
-18.1750,0,0,0,0,0
-18.1650,0,0,0,0,0
-18.1550,0,0,0,0,0
-18.1450,0,0,0,0,0
-18.1350,0,0,0,0,0
-18.1250,0,0,0,0,0
-18.1150,0,0,0,0,0
-18.1050,0,0,0,0,0
-18.0950,0,0,0,0,0
-18.0850,0,0,0,0,0
-18.0750,0,0,0,0,0
-18.0650,0,0,0,0,0
-18.0550,0,0,0,0,0
-18.0450,0,0,0,0,0
-18.0350,0,0,0,0,0
-18.0250,0,0,0,0,0
-18.0150,0,0,0,0,0
-18.0050,0,0,0,0,0
-17.9950,0,0,0,0,0
-17.9850,0,0,0,0,0
-17.9750,0,0,0,0,0
-17.9650,0,0,0,0,0
-17.9550,0,0,0,0,0
-17.9450,0,0,0,0,0
-17.9350,0,0,0,0,0
-17.9250,0,0,0,0,0
-17.9150,0,0,0,0,0
-17.9050,0,0,0,0,0
-17.8950,0,0,0,0,0
-17.8850,0,0,0,0,0
-17.8750,0,0,0,0,0
-17.8650,0,0,0,0,0
-17.8550,0,0,0,0,0
-17.8450,0,0,0,0,0
-17.8350,0,0,0,0,0
-17.8250,0,0,0,0,0
-17.8150,0,0,0,0,0
-17.8050,0,0,0,0,0
-17.7950,0,0,0,0,0
-17.7850,0,0,0,0,0
-17.7750,0,0,0,0,0
-17.7650,0,0,0,0,0
-17.7550,0,0,0,0,0
-17.7450,0,0,0,0,0
-17.7350,0,0,0,0,0
-17.7250,0,0,0,0,0
-17.7150,0,0,0,0,0
-17.7050,0,0,0,0,0
-17.6950,0,0,0,0,0
-17.6850,0,0,0,0,0
-17.6750,0,0,0,0,0
-17.6650,0,0,0,0,0
-17.6550,0,0,0,0,0
-17.6450,0,0,0,0,0
-17.6350,0,0,0,0,0
-17.6250,0,0,0,0,0
-17.6150,0,0,0,0,0
-17.6050,0,0,0,0,0
-17.5950,0,0,0,0,0
-17.5850,0,0,0,0,0
-17.5750,0,0,0,0,0
-17.5650,0,0,0,0,0
-17.5550,0,0,0,0,0
-17.5450,0,0,0,0,0
-17.5350,0,0,0,0,0
-17.5250,0,0,0,0,0
-17.5150,0,0,0,0,0
-17.5050,0,0,0,0,0
-17.4950,0,0,0,0,0
-17.4850,0,0,0,0,0
-17.4750,0,0,0,0,0
-17.4650,0,0,0,0,0
-17.4550,0,0,0,0,0
-17.4450,0,0,0,0,0
-17.4350,0,0,0,0,0
-17.4250,0,0,0,0,0
-17.4150,0,0,0,0,0
-17.4050,0,0,0,0,0
-17.3950,0,0,0,0,0
-17.3850,0,0,0,0,0
-17.3750,0,0,0,0,0
-17.3650,0,0,0,0,0
-17.3550,0,0,0,0,0
-17.3450,0,0,0,0,0
-17.3350,0,0,0,0,0
-17.3250,0,0,0,0,0
-17.3150,0,0,0,0,0
-17.3050,0,0,0,0,0
-17.2950,0,0,0,0,0
-17.2850,0,0,0,0,0
-17.2750,0,0,0,0,0
-17.2650,0,0,0,0,0
-17.2550,0,0,0,0,0
-17.2450,0,0,0,0,0
-17.2350,0,0,0,0,0
-17.2250,0,0,0,0,0
-17.2150,0,0,0,0,0
-17.2050,0,0,0,0,0
-17.1950,0,0,0,0,0
-17.1850,0,0,0,0,0
-17.1750,0,0,0,0,0
-17.1650,0,0,0,0,0
-17.1550,0,0,0,0,0
-17.1450,0,0,0,0,0
-17.1350,0,0,0,0,0
-17.1250,0,0,0,0,0
-17.1150,0,0,0,0,0
-17.1050,0,0,0,0,0
-17.0950,0,0,0,0,0
-17.0850,0,0,0,0,0
-17.0750,0,0,0,0,0
-17.0650,0,0,0,0,0
-17.0550,0,0,0,0,0
-17.0450,0,0,0,0,0
-17.0350,0,0,0,0,0
-17.0250,0,0,0,0,0
-17.0150,0,0,0,0,0
-17.0050,0,0,0,0,0
-16.9950,0,0,0,0,0
-16.9850,0,0,0,0,0
-16.9750,0,0,0,0,0
-16.9650,0,0,0,0,0
-16.9550,0,0,0,0,0
-16.9450,0,0,0,0,0
-16.9350,0,0,0,0,0
-16.9250,0,0,0,0,0
-16.9150,0,0,0,0,0
-16.9050,0,0,0,0,0
-16.8950,0,0,0,0,0
-16.8850,0,0,0,0,0
-16.8750,0,0,0,0,0
-16.8650,0,0,0,0,0
-16.8550,0,0,0,0,0
-16.8450,0,0,0,0,0
-16.8350,0,0,0,0,0
-16.8250,0,0,0,0,0
-16.8150,0,0,0,0,0
-16.8050,0,0,0,0,0
-16.7950,0,0,0,0,0
-16.7850,0,0,0,0,0
-16.7750,0,0,0,0,0
-16.7650,0,0,0,0,0
-16.7550,0,0,0,0,0
-16.7450,0,0,0,0,0
-16.7350,0,0,0,0,0
-16.7250,0,0,0,0,0
-16.7150,0,0,0,0,0
-16.7050,0,0,0,0,0
-16.6950,0,0,0,0,0
-16.6850,0,0,0,0,0
-16.6750,0,0,0,0,0
-16.6650,0,0,0,0,0
-16.6550,0,0,0,0,0
-16.6450,0,0,0,0,0
-16.6350,0,0,0,0,0
-16.6250,0,0,0,0,0
-16.6150,0,0,0,0,0
-16.6050,0,0,0,0,0
-16.5950,0,0,0,0,0
-16.5850,0,0,0,0,0
-16.5750,0,0,0,0,0
-16.5650,0,0,0,0,0
-16.5550,0,0,0,0,0
-16.5450,0,0,0,0,0
-16.5350,0,0,0,0,0
-16.5250,0,0,0,0,0
-16.5150,0,0,0,0,0
-16.5050,0,0,0,0,0
-16.4950,0,0,0,0,0
-16.4850,0,0,0,0,0
-16.4750,0,0,0,0,0
-16.4650,0,0,0,0,0
-16.4550,0,0,0,0,0
-16.4450,0,0,0,0,0
-16.4350,0,0,0,0,0
-16.4250,0,0,0,0,0
-16.4150,0,0,0,0,0
-16.4050,0,0,0,0,0
-16.3950,0,0,0,0,0
-16.3850,0,0,0,0,0
-16.3750,0,0,0,0,0
-16.3650,0.00021146,2.0456e-05,3.9568e-05,6.8206e-05,8.2394e-05
-16.3550,0.00056898,5.2076e-05,0.00010635,0.00018483,0.0002235
-16.3450,0.0011213,9.7255e-05,0.00020932,0.00036678,0.0004434
-16.3350,0.0020097,0.00016354,0.00037446,0.0006626,0.00080117
-16.3250,0.0034677,0.00025931,0.00064436,0.0011545,0.0013962
-16.3150,0.0059737,0.00039238,0.0011055,0.0020152,0.0024374
-16.3050,0.0086253,0.00056236,0.0015959,0.0029117,0.0035218
-16.2950,0.012769,0.00080563,0.0023564,0.0043258,0.0052316
-16.2850,0.018625,0.0011396,0.0034321,0.0063282,0.0076527
-16.2750,0.027107,0.0015956,0.0049911,0.0092406,0.011174
-16.2650,0.037863,0.0022022,0.0069689,0.012921,0.015624
-16.2550,0.05239,0.00301,0.0096388,0.017896,0.021641
-16.2450,0.071812,0.0040746,0.013207,0.024557,0.029694
-16.2350,0.097513,0.0054625,0.017926,0.03338,0.040364
-16.2250,0.13117,0.0072528,0.024104,0.044951,0.054355
-16.2150,0.17481,0.0095372,0.032109,0.059968,0.072513
-16.2050,0.23079,0.012421,0.042373,0.079257,0.095836
-16.1950,0.30185,0.016021,0.055397,0.10377,0.12548
-16.1850,0.39112,0.020466,0.071748,0.13461,0.16277
-16.1750,0.50226,0.025943,0.0921,0.17304,0.20923
-16.1650,0.63909,0.032602,0.11714,0.22038,0.26647
-16.1550,0.80577,0.040638,0.14763,0.2781,0.33625
-16.1450,1.0068,0.050382,0.18439,0.3477,0.4204
-16.1350,1.2465,0.061972,0.2282,0.4307,0.52075
-16.1250,1.5283,0.075168,0.27968,0.5285,0.63899
-16.1150,1.8567,0.090406,0.33964,0.64255,0.77687
-16.1050,2.2359,0.10837,0.40886,0.7741,0.93591
-16.0950,2.6682,0.12872,0.4877,0.9241,1.1172
-16.0850,3.155,0.15156,0.57648,1.0931,1.3216
-16.0750,3.6994,0.17828,0.6757,1.2816,1.5494
-16.0650,4.298,0.20763,0.78473,1.4889,1.8
-16.0550,4.9519,0.24082,0.90378,1.7149,2.0732
-16.0450,5.6534,0.27776,1.0315,1.9567,2.3655
-16.0350,6.3995,0.3192,1.1673,2.213,2.6752
-16.0250,7.1833,0.36582,1.3099,2.4808,2.9989
-16.0150,7.997,0.41845,1.4579,2.757,3.3327
-16.0050,8.8316,0.47815,1.6097,3.0377,3.6719
-15.9950,9.6775,0.5462,1.7636,3.3188,4.0117
-15.9850,10.525,0.62419,1.9178,3.596,4.3466
-15.9750,11.365,0.71454,2.0707,3.865,4.6716
-15.9650,12.189,0.81934,2.2208,4.1215,4.9816
-15.9550,12.99,0.94063,2.3667,4.3619,5.272
-15.9450,13.762,1.0814,2.5074,4.583,5.539
-15.9350,14.503,1.2445,2.6425,4.7823,5.7796
-15.9250,15.211,1.4333,2.7719,4.9583,5.9922
-15.9150,15.896,1.6552,2.897,5.1107,6.1761
-15.9050,16.555,1.9068,3.0173,5.2399,6.3321
-15.8950,17.199,2.1941,3.1349,5.3477,6.4621
-15.8850,17.839,2.5198,3.2516,5.4368,6.5694
-15.8750,18.487,2.8864,3.3693,5.5105,6.6582
-15.8650,19.156,3.2955,3.4905,5.5731,6.7335
-15.8550,19.862,3.75,3.6178,5.629,6.8008
-15.8450,20.614,4.2472,3.7527,5.683,6.8656
-15.8350,21.424,4.7877,3.8972,5.7395,6.9334
-15.8250,22.302,5.37,4.0529,5.8025,7.0091
-15.8150,23.253,5.9919,4.2207,5.8753,7.0967
-15.8050,24.279,6.6502,4.4007,5.9602,7.1988
-15.7950,25.38,7.3412,4.5926,6.0583,7.3168
-15.7850,26.549,8.0609,4.7954,6.1694,7.4506
-15.7750,27.777,8.805,5.0073,6.292,7.5982
-15.7650,29.051,9.5692,5.226,6.4233,7.7563
-15.7550,30.356,10.349,5.4487,6.5592,7.9201
-15.7450,31.673,11.142,5.6724,6.6946,8.0833
-15.7350,32.984,11.945,5.8938,6.8238,8.2391
-15.7250,34.269,12.755,6.1097,6.9405,8.3797
-15.7150,35.508,13.57,6.3169,7.0382,8.4975
-15.7050,36.685,14.39,6.5126,7.1106,8.5849
-15.6950,37.784,15.215,6.6942,7.152,8.6349
-15.6850,38.79,16.043,6.8597,7.1574,8.6417
-15.6750,39.694,16.875,7.0075,7.123,8.6004
-15.6650,40.486,17.708,7.1366,7.0463,8.5081
-15.6550,41.162,18.541,7.2461,6.9258,8.3631
-15.6450,41.718,19.371,7.3357,6.7618,8.1657
-15.6350,42.151,20.19,7.4053,6.5559,7.9177
-15.6250,42.461,20.994,7.4548,6.3111,7.6228
-15.6150,42.65,21.772,7.4847,6.0312,7.2856
-15.6050,42.714,22.514,7.4945,5.7213,6.9123
-15.5950,42.652,23.204,7.4839,5.3871,6.5096
-15.5850,42.465,23.829,7.4528,5.0346,6.0848
-15.5750,42.149,24.374,7.4007,4.6701,5.6456
-15.5650,41.702,24.822,7.3268,4.3,5.1994
-15.5550,41.121,25.158,7.2303,3.93,4.7533
-15.5450,40.408,25.372,7.1115,3.5656,4.3139
-15.5350,39.555,25.447,6.9685,3.2118,3.8872
-15.5250,38.564,25.377,6.8016,2.8725,3.4779
-15.5150,37.438,25.155,6.611,2.5511,3.0901
-15.5050,36.182,24.781,6.3973,2.2501,2.7267
-15.4950,34.806,24.259,6.162,1.9716,2.3904
-15.4850,33.32,23.595,5.907,1.7162,2.0819
-15.4750,31.74,22.803,5.6349,1.4843,1.8017
-15.4650,30.086,21.899,5.3491,1.2758,1.5497
-15.4550,28.382,20.902,5.0539,1.0903,1.3253
-15.4450,26.652,19.836,4.7535,0.92652,1.1271
-15.4350,24.923,18.727,4.453,0.78312,0.95342
-15.4250,23.225,17.601,4.1576,0.65863,0.8026
-15.4150,21.587,16.486,3.8726,0.55148,0.6727
-15.4050,20.037,15.408,3.6031,0.46002,0.56175
-15.3950,18.601,14.393,3.3542,0.38262,0.46781
-15.3850,17.305,13.465,3.1302,0.3177,0.38897
-15.3750,16.169,12.643,2.9352,0.26376,0.32343
-15.3650,15.211,11.946,2.7722,0.21935,0.26946
-15.3550,14.443,11.386,2.6436,0.18321,0.22554
-15.3450,13.873,10.971,2.5509,0.15416,0.19025
-15.3350,13.503,10.707,2.4944,0.13114,0.1623
-15.3250,13.329,10.593,2.4736,0.11321,0.14055
-15.3150,13.345,10.624,2.487,0.099583,0.12407
-15.3050,13.536,10.79,2.5321,0.089413,0.11182
-15.2950,13.884,11.079,2.6054,0.082007,0.10295
-15.2850,14.366,11.473,2.7028,0.076809,0.096801
-15.2750,14.957,11.953,2.8195,0.073335,0.092767
-15.2650,15.627,12.495,2.9499,0.070977,0.090107
-15.2550,16.347,13.077,3.0887,0.069709,0.088782
-15.2450,17.083,13.672,3.2295,0.068565,0.087614
-15.2350,17.806,14.256,3.367,0.068536,0.087789
-15.2250,18.483,14.804,3.4951,0.068495,0.087938
-15.2150,19.086,15.292,3.6083,0.068296,0.087877
-15.2050,19.587,15.7,3.7019,0.067823,0.087458
-15.1950,19.965,16.009,3.7717,0.066993,0.086572
-15.1850,20.202,16.205,3.8144,0.065752,0.08515
-15.1750,20.283,16.276,3.8276,0.064073,0.083157
-15.1650,20.2,16.216,3.8099,0.061926,0.08055
-15.1550,19.952,16.023,3.7608,0.059351,0.077379
-15.1450,19.541,15.699,3.6811,0.056436,0.07375
-15.1350,18.974,15.249,3.5721,0.053204,0.069693
-15.1250,18.264,14.684,3.4363,0.049747,0.065323
-15.1150,17.426,14.015,3.2766,0.046094,0.06068
-15.1050,16.475,13.255,3.0961,0.042311,0.055845
-15.0950,15.442,12.428,2.9002,0.0385,0.050951
-15.0850,14.343,11.548,2.6924,0.034712,0.046067
-15.0750,13.203,10.633,2.4769,0.031013,0.041275
-15.0650,12.042,9.7011,2.258,0.027456,0.036648
-15.0550,10.884,8.7706,2.0397,0.024086,0.032247
-15.0450,9.7455,7.8555,1.8255,0.02093,0.02811
-15.0350,8.6479,6.9727,1.6191,0.018031,0.024293
-15.0250,7.6031,6.132,1.4228,0.015393,0.020806
-15.0150,6.6228,5.3427,1.2388,0.013022,0.017659
-15.0050,5.7154,4.6119,1.0686,0.010917,0.014854
-14.9950,4.8864,3.9439,0.91326,0.0090695,0.012383
-14.9850,4.1387,3.3412,0.77321,0.007467,0.01023
-14.9750,3.4726,2.8041,0.64853,0.0060925,0.0083761
-14.9650,2.8864,2.3312,0.53886,0.0049264,0.0067968
-14.9550,2.3765,1.9198,0.44353,0.0039478,0.0054661
-14.9450,1.9383,1.5661,0.36162,0.0031353,0.0043566
-14.9350,1.5659,1.2654,0.29206,0.0024677,0.0034413
-14.9250,1.2531,1.0128,0.23364,0.0019249,0.002694
-14.9150,0.9932,0.80289,0.18514,0.0014881,0.0020902
-14.9050,0.77973,0.63042,0.14531,0.0011401,0.0016071
-14.8950,0.60629,0.49026,0.11296,0.00086571,0.0012247
-14.8850,0.46691,0.37762,0.086971,0.00065146,0.00092486
-14.8750,0.35613,0.28806,0.066321,0.00048585,0.00069217
-14.8650,0.26902,0.21763,0.050089,0.0003591,0.00051336
-14.8550,0.20127,0.16284,0.037466,0.00026303,0.00037731
-14.8450,0.14912,0.12066,0.027754,0.00019093,0.00027482
-14.8350,0.10942,0.088545,0.020361,0.00013735,0.00019835
-14.8250,0.079509,0.064348,0.014793,9.7917e-05,0.00014187
-14.8150,0.057215,0.04631,0.010643,6.9175e-05,0.00010054
-14.8050,0.039477,0.031977,0.00733,4.306e-05,6.3701e-05
-14.7950,0.027255,0.022094,0.0050582,2.2859e-05,3.5793e-05
-14.7850,0.019111,0.015492,0.0035467,1.6028e-05,2.5097e-05
-14.7750,0.013267,0.010754,0.0024621,1.1127e-05,1.7422e-05
-14.7650,0.009118,0.0073913,0.0016922,7.6474e-06,1.1974e-05
-14.7550,0.0062043,0.0050294,0.0011514,5.2036e-06,8.1479e-06
-14.7450,0.0041797,0.0033882,0.00077571,3.5056e-06,5.4891e-06
-14.7350,0,0,0,0,0
-14.7250,0,0,0,0,0
-14.7150,0,0,0,0,0
-14.7050,0,0,0,0,0
-14.6950,0,0,0,0,0
-14.6850,0,0,0,0,0
-14.6750,0,0,0,0,0
-14.6650,0,0,0,0,0
-14.6550,0,0,0,0,0
-14.6450,0,0,0,0,0
-14.6350,0,0,0,0,0
-14.6250,0,0,0,0,0
-14.6150,0,0,0,0,0
-14.6050,0,0,0,0,0
-14.5950,0,0,0,0,0
-14.5850,0,0,0,0,0
-14.5750,0,0,0,0,0
-14.5650,0,0,0,0,0
-14.5550,0,0,0,0,0
-14.5450,0,0,0,0,0
-14.5350,0,0,0,0,0
-14.5250,0,0,0,0,0
-14.5150,0,0,0,0,0
-14.5050,0,0,0,0,0
-14.4950,0,0,0,0,0
-14.4850,0,0,0,0,0
-14.4750,0,0,0,0,0
-14.4650,0,0,0,0,0
-14.4550,0,0,0,0,0
-14.4450,0,0,0,0,0
-14.4350,0,0,0,0,0
-14.4250,0,0,0,0,0
-14.4150,0,0,0,0,0
-14.4050,0,0,0,0,0
-14.3950,0,0,0,0,0
-14.3850,0,0,0,0,0
-14.3750,0,0,0,0,0
-14.3650,0,0,0,0,0
-14.3550,0,0,0,0,0
-14.3450,0,0,0,0,0
-14.3350,0,0,0,0,0
-14.3250,0,0,0,0,0
-14.3150,0,0,0,0,0
-14.3050,0,0,0,0,0
-14.2950,0,0,0,0,0
-14.2850,0,0,0,0,0
-14.2750,0,0,0,0,0
-14.2650,0,0,0,0,0
-14.2550,0,0,0,0,0
-14.2450,0,0,0,0,0
-14.2350,0,0,0,0,0
-14.2250,0,0,0,0,0
-14.2150,0,0,0,0,0
-14.2050,0,0,0,0,0
-14.1950,0,0,0,0,0
-14.1850,0,0,0,0,0
-14.1750,0,0,0,0,0
-14.1650,0,0,0,0,0
-14.1550,0,0,0,0,0
-14.1450,0,0,0,0,0
-14.1350,0,0,0,0,0
-14.1250,0,0,0,0,0
-14.1150,0,0,0,0,0
-14.1050,0,0,0,0,0
-14.0950,0,0,0,0,0
-14.0850,0,0,0,0,0
-14.0750,0,0,0,0,0
-14.0650,0,0,0,0,0
-14.0550,0,0,0,0,0
-14.0450,0,0,0,0,0
-14.0350,0,0,0,0,0
-14.0250,0,0,0,0,0
-14.0150,0,0,0,0,0
-14.0050,0,0,0,0,0
-13.9950,0,0,0,0,0
-13.9850,0,0,0,0,0
-13.9750,0,0,0,0,0
-13.9650,0,0,0,0,0
-13.9550,0,0,0,0,0
-13.9450,0,0,0,0,0
-13.9350,0,0,0,0,0
-13.9250,0,0,0,0,0
-13.9150,0,0,0,0,0
-13.9050,0,0,0,0,0
-13.8950,0,0,0,0,0
-13.8850,0,0,0,0,0
-13.8750,0,0,0,0,0
-13.8650,0,0,0,0,0
-13.8550,0,0,0,0,0
-13.8450,0,0,0,0,0
-13.8350,0,0,0,0,0
-13.8250,0,0,0,0,0
-13.8150,0,0,0,0,0
-13.8050,0,0,0,0,0
-13.7950,0,0,0,0,0
-13.7850,0,0,0,0,0
-13.7750,0,0,0,0,0
-13.7650,0,0,0,0,0
-13.7550,0,0,0,0,0
-13.7450,0,0,0,0,0
-13.7350,0,0,0,0,0
-13.7250,0,0,0,0,0
-13.7150,0,0,0,0,0
-13.7050,0,0,0,0,0
-13.6950,0,0,0,0,0
-13.6850,0,0,0,0,0
-13.6750,0,0,0,0,0
-13.6650,0,0,0,0,0
-13.6550,0,0,0,0,0
-13.6450,0,0,0,0,0
-13.6350,0,0,0,0,0
-13.6250,0,0,0,0,0
-13.6150,0,0,0,0,0
-13.6050,0,0,0,0,0
-13.5950,0.00010968,1.6772e-07,1.9239e-05,1.7442e-05,7.2504e-05
-13.5850,0.00032368,4.5679e-07,5.6647e-05,5.1316e-05,0.00021416
-13.5750,0.0006487,8.6772e-07,0.0001132,0.00010279,0.00042964
-13.5650,0.001131,1.4571e-06,0.00019678,0.00017909,0.00074969
-13.5550,0.0018379,2.3054e-06,0.00031883,0.00029091,0.0012191
-13.5450,0.0028727,3.5347e-06,0.00049687,0.00045463,0.0019069
-13.5350,0.0043846,5.3249e-06,0.00075605,0.00069391,0.0029126
-13.5250,0.0065459,7.8703e-06,0.0011258,0.0010359,0.0043513
-13.5150,0.0095393,1.1355e-05,0.0016388,0.0015086,0.0063439
-13.5050,0.013631,1.61e-05,0.0023392,0.0021548,0.0090684
-13.4950,0.019562,2.2961e-05,0.0033578,0.0030874,0.013018
-13.4850,0.027658,3.2259e-05,0.0047451,0.0043603,0.018412
-13.4750,0.038405,4.4574e-05,0.0065856,0.00605,0.025575
-13.4650,0.052689,6.0805e-05,0.0090284,0.0082954,0.035098
-13.4550,0.071482,8.2023e-05,0.012237,0.01125,0.047632
-13.4450,0.096158,0.00010974,0.016444,0.015127,0.064097
-13.4350,0.12823,0.00014558,0.021904,0.020165,0.08551
-13.4250,0.16938,0.0001913,0.028903,0.026624,0.11299
-13.4150,0.22149,0.00024896,0.037763,0.034798,0.1478
-13.4050,0.28713,0.00032119,0.048912,0.045088,0.19166
-13.3950,0.36905,0.00041083,0.06281,0.057922,0.24642
-13.3850,0.47034,0.00052105,0.079976,0.073782,0.31416
-13.3750,0.59448,0.00065538,0.10099,0.093207,0.39722
-13.3650,0.74511,0.00081746,0.12645,0.11676,0.49805
-13.3550,0.92684,0.0010116,0.15709,0.14516,0.61979
-13.3450,1.144,0.0012422,0.19362,0.17906,0.76534
-13.3350,1.4003,0.0015126,0.23668,0.21906,0.93728
-13.3250,1.7004,0.0018273,0.28698,0.26585,1.1387
-13.3150,2.0486,0.0021902,0.34522,0.3201,1.3726
-13.3050,2.4496,0.0026049,0.41209,0.38254,1.6422
-13.2950,2.9078,0.0030749,0.48822,0.45381,1.9506
-13.2850,3.4264,0.0036036,0.5741,0.53442,2.2999
-13.2750,4.0079,0.0041921,0.67002,0.62474,2.6921
-13.2650,4.6537,0.0048408,0.77611,0.72496,3.1282
-13.2550,5.3653,0.0055502,0.89245,0.83533,3.6093
-13.2450,6.1442,0.0063201,1.0191,0.95605,4.1367
-13.2350,6.9897,0.0071488,1.1556,1.087,4.7102
-13.2250,7.9006,0.0080335,1.3016,1.228,5.3292
-13.2150,8.8751,0.0089705,1.4564,1.3788,5.9928
-13.2050,9.9108,0.0099555,1.6194,1.539,6.6998
-13.1950,11.004,0.010983,1.7894,1.708,7.4479
-13.1850,12.151,0.012048,1.9657,1.8854,8.2354
-13.1750,13.35,0.013145,2.1471,2.0707,9.0606
-13.1650,14.597,0.014269,2.3328,2.2636,9.9225
-13.1550,15.89,0.015418,2.5218,2.4637,10.82
-13.1450,17.225,0.016581,2.7131,2.6703,11.75
-13.1350,18.602,0.017757,2.9059,2.8835,12.712
-13.1250,20.021,0.018946,3.1,3.1034,13.71
-13.1150,21.483,0.020144,3.295,3.3302,14.741
-13.1050,22.988,0.021351,3.4906,3.564,15.809
-13.0950,24.539,0.022567,3.6868,3.805,16.914
-13.0850,26.138,0.023795,3.8839,4.054,18.058
-13.0750,27.789,0.025037,4.0822,4.3112,19.244
-13.0650,29.494,0.026297,4.2822,4.5771,20.474
-13.0550,31.255,0.027579,4.4842,4.852,21.748
-13.0450,33.072,0.028886,4.6886,5.1358,23.066
-13.0350,34.945,0.030223,4.8956,5.4286,24.429
-13.0250,36.869,0.031591,5.1052,5.7296,25.831
-13.0150,38.838,0.032994,5.317,6.0378,27.269
-13.0050,40.844,0.034432,5.5305,6.3519,28.736
-12.9950,42.877,0.035905,5.7449,6.6702,30.224
-12.9850,44.923,0.037412,5.9589,6.9907,31.723
-12.9750,46.966,0.03895,6.1709,7.311,33.223
-12.9650,48.99,0.040514,6.3793,7.6285,34.709
-12.9550,50.977,0.042099,6.582,7.9404,36.17
-12.9450,52.909,0.043698,6.777,8.2438,37.591
-12.9350,54.767,0.045302,6.9621,8.5361,38.961
-12.9250,56.534,0.046902,7.1352,8.8145,40.266
-12.9150,58.195,0.048486,7.2942,9.0768,41.495
-12.9050,59.735,0.050042,7.4375,9.3207,42.638
-12.8950,61.142,0.051558,7.5634,9.5444,43.687
-12.8850,62.406,0.053018,7.6707,9.7465,44.634
-12.8750,63.52,0.054407,7.7582,9.9257,45.474
-12.8650,64.477,0.055707,7.8252,10.081,46.202
-12.8550,65.272,0.056902,7.8713,10.212,46.815
-12.8450,65.902,0.057971,7.896,10.318,47.31
-12.8350,66.364,0.058894,7.8994,10.398,47.685
-12.8250,66.655,0.059653,7.8812,10.452,47.938
-12.8150,66.771,0.060227,7.8416,10.479,48.066
-12.8050,66.71,0.060596,7.7808,10.479,48.065
-12.7950,66.467,0.060744,7.6987,10.451,47.934
-12.7850,66.038,0.060654,7.5956,10.394,47.667
-12.7750,65.419,0.060313,7.4716,10.307,47.263
-12.7650,64.605,0.059713,7.327,10.189,46.716
-12.7550,63.595,0.058849,7.162,10.04,46.025
-12.7450,62.384,0.05772,6.9769,9.8601,45.187
-12.7350,60.974,0.05633,6.7725,9.6478,44.202
-12.7250,59.366,0.054691,6.5495,9.4039,43.07
-12.7150,57.565,0.052816,6.3088,9.1289,41.795
-12.7050,55.58,0.050726,6.0518,8.824,40.384
-12.6950,53.421,0.048445,5.78,8.491,38.843
-12.6850,51.104,0.046,5.4953,8.1319,37.183
-12.6750,48.647,0.043422,5.1997,7.7496,35.418
-12.6650,46.07,0.040745,4.8957,7.3474,33.562
-12.6550,43.397,0.038001,4.5857,6.9289,31.634
-12.6450,40.654,0.035225,4.2724,6.4982,29.651
-12.6350,37.868,0.032448,3.9585,6.0595,27.633
-12.6250,35.065,0.029703,3.6468,5.6171,25.601
-12.6150,32.274,0.027017,3.3399,5.1756,23.574
-12.6050,29.52,0.024416,3.0404,4.739,21.572
-12.5950,26.83,0.021923,2.7506,4.3117,19.615
-12.5850,24.226,0.019555,2.4726,3.8972,17.718
-12.5750,21.729,0.017328,2.2083,3.499,15.898
-12.5650,19.357,0.015253,1.959,3.12,14.167
-12.5550,17.124,0.013335,1.7262,2.7627,12.537
-12.5450,15.041,0.011578,1.5104,2.4288,11.016
-12.5350,13.115,0.0099835,1.3122,2.1198,9.6083
-12.5250,11.352,0.0085486,1.1318,1.8365,8.3193
-12.5150,9.7531,0.0072682,0.96906,1.5791,7.1493
-12.5050,8.3154,0.0061353,0.82355,1.3474,6.097
-12.4950,7.0346,0.0051413,0.69453,1.1407,5.1591
-12.4850,5.9038,0.0042765,0.58115,0.95805,4.3309
-12.4750,4.9152,0.0035299,0.48243,0.79819,3.6065
-12.4650,4.0592,0.0028918,0.39732,0.65963,2.979
-12.4550,3.3256,0.0023513,0.32468,0.54076,2.4412
-12.4450,2.7024,0.0018973,0.2632,0.43969,1.9841
-12.4350,2.1772,0.0015185,0.21155,0.35444,1.5988
-12.4250,1.7392,0.0012054,0.1686,0.28328,1.2773
-12.4150,1.3773,0.00094901,0.13323,0.22445,1.0117
-12.4050,1.0811,0.00074091,0.10437,0.17626,0.79427
-12.3950,0.841,0.00057351,0.081024,0.13718,0.61797
-12.3850,0.64866,0.00044037,0.062377,0.10585,0.47671
-12.3750,0.49589,0.00033529,0.047602,0.080953,0.36448
-12.3650,0.37553,0.0002531,0.035986,0.061328,0.27605
-12.3550,0.2809,0.00018848,0.026865,0.045896,0.20652
-12.3450,0.20737,0.00013746,0.019777,0.033908,0.15249
-12.3350,0.15287,0.00010113,0.014557,0.025005,0.11243
-12.3250,0.11176,7.3837e-05,0.010628,0.018285,0.082202
-12.3150,0.07997,5.1817e-05,0.0075889,0.013091,0.05883
-12.3050,0.056162,3.6107e-05,0.0053145,0.0091994,0.041324
-12.2950,0.039471,2.5531e-05,0.0037232,0.0064703,0.029048
-12.2850,0.027617,1.7903e-05,0.0025996,0.0045295,0.020328
-12.2750,0.018885,1.2337e-05,0.001771,0.0031016,0.013903
-12.2650,0.013123,8.5777e-06,0.0012303,0.0021552,0.009661
-12.2550,0.0087523,5.6757e-06,0.00081902,0.0014371,0.0064453
-12.2450,0.0056304,3.6686e-06,0.00052525,0.00092401,0.0041481
-12.2350,0.0033545,2.2597e-06,0.00031098,0.00054977,0.0024739
-12.2250,0.0012221,8.8236e-07,0.00011087,0.00020064,0.00090381
-12.2150,0,0,0,0,0
-12.2050,0,0,0,0,0
-12.1950,0,0,0,0,0
-12.1850,0,0,0,0,0
-12.1750,0,0,0,0,0
-12.1650,0,0,0,0,0
-12.1550,0,0,0,0,0
-12.1450,0,0,0,0,0
-12.1350,0,0,0,0,0
-12.1250,0,0,0,0,0
-12.1150,0,0,0,0,0
-12.1050,0,0,0,0,0
-12.0950,0,0,0,0,0
-12.0850,0,0,0,0,0
-12.0750,0,0,0,0,0
-12.0650,0,0,0,0,0
-12.0550,0,0,0,0,0
-12.0450,0,0,0,0,0
-12.0350,0,0,0,0,0
-12.0250,0,0,0,0,0
-12.0150,0,0,0,0,0
-12.0050,0,0,0,0,0
-11.9950,0,0,0,0,0
-11.9850,0,0,0,0,0
-11.9750,0,0,0,0,0
-11.9650,0,0,0,0,0
-11.9550,0,0,0,0,0
-11.9450,0,0,0,0,0
-11.9350,0,0,0,0,0
-11.9250,0,0,0,0,0
-11.9150,0,0,0,0,0
-11.9050,0,0,0,0,0
-11.8950,0,0,0,0,0
-11.8850,0,0,0,0,0
-11.8750,0,0,0,0,0
-11.8650,0,0,0,0,0
-11.8550,0,0,0,0,0
-11.8450,0,0,0,0,0
-11.8350,0,0,0,0,0
-11.8250,0,0,0,0,0
-11.8150,0,0,0,0,0
-11.8050,0,0,0,0,0
-11.7950,0,0,0,0,0
-11.7850,0,0,0,0,0
-11.7750,0,0,0,0,0
-11.7650,0.0052518,4.186e-07,0.0016173,3.3242e-06,0.0036171
-11.7550,0.0077956,6.2137e-07,0.0024007,4.9345e-06,0.0053691
-11.7450,0.011457,9.1317e-07,0.0035281,7.2517e-06,0.0078906
-11.7350,0.016669,1.3287e-06,0.0051333,1.0551e-05,0.011481
-11.7250,0.024012,1.9139e-06,0.0073946,1.5199e-05,0.016538
-11.7150,0.034246,2.7296e-06,0.010546,2.1677e-05,0.023586
-11.7050,0.048355,3.8542e-06,0.014891,3.0607e-05,0.033304
-11.6950,0.067597,5.388e-06,0.020817,4.2787e-05,0.046557
-11.6850,0.093556,7.4571e-06,0.028811,5.9219e-05,0.064436
-11.6750,0.1282,1.0218e-05,0.039478,8.1145e-05,0.088294
-11.6650,0.17391,1.3862e-05,0.053557,0.00011008,0.11978
-11.6550,0.23359,1.8619e-05,0.071934,0.00014786,0.16088
-11.6450,0.31062,2.4758e-05,0.095655,0.00019661,0.21393
-11.6350,0.40894,3.2595e-05,0.12593,0.00025885,0.28165
-11.6250,0.53302,4.2486e-05,0.16414,0.00033739,0.36711
-11.6150,0.68785,5.4826e-05,0.21182,0.00043539,0.47374
-11.6050,0.87881,7.0047e-05,0.27063,0.00055626,0.60527
-11.5950,1.1116,8.8603e-05,0.34232,0.00070362,0.76561
-11.5850,1.3921,0.00011096,0.4287,0.00088116,0.95879
-11.5750,1.726,0.00013757,0.53152,0.0010925,1.1888
-11.5650,2.1187,0.00016888,0.65246,0.0013411,1.4592
-11.5550,2.5755,0.00020556,0.79314,0.0016308,1.7739
-11.5450,3.0991,0.00024742,0.95438,0.0019625,2.1345
-11.5350,3.6921,0.00029487,1.137,0.0023382,2.5429
-11.5250,4.3548,0.00034796,1.3411,0.0027582,2.9993
-11.5150,5.0855,0.00040657,1.5661,0.0032214,3.5026
-11.5050,5.8798,0.00047041,1.8107,0.0037253,4.0497
-11.4950,6.7308,0.00053896,2.0727,0.0042654,4.6358
-11.4850,7.6286,0.0006115,2.3492,0.0048356,5.2541
-11.4750,8.5605,0.00068711,2.6362,0.0054281,5.896
-11.4650,9.5113,0.00076466,2.9289,0.0060334,6.5508
-11.4550,10.463,0.00084287,3.2221,0.0066406,7.2065
-11.4450,11.397,0.00092034,3.5096,0.0072377,7.8496
-11.4350,12.292,0.0009956,3.7852,0.007812,8.466
-11.4250,13.127,0.0010672,4.0423,0.0083506,9.0413
-11.4150,13.882,0.0011337,4.2746,0.0088409,9.5611
-11.4050,14.537,0.0011938,4.4763,0.0092713,10.012
-11.3950,15.075,0.0012464,4.642,0.0096315,10.383
-11.3850,15.483,0.0012908,4.7674,0.0099132,10.664
-11.3750,15.75,0.0013264,4.8494,0.01011,10.848
-11.3650,15.869,0.0013529,4.886,0.01022,10.93
-11.3550,15.84,0.0013706,4.8767,0.010241,10.91
-11.3450,15.664,0.0013799,4.8225,0.010176,10.79
-11.3350,15.35,0.0013816,4.7255,0.010031,10.574
-11.3250,14.909,0.0013766,4.5892,0.0098114,10.27
-11.3150,14.355,0.0013663,4.4183,0.009528,9.8887
-11.3050,13.706,0.0013518,4.2181,0.0091913,9.4421
-11.2950,12.981,0.0013345,3.9945,0.0088131,8.9433
-11.2850,12.201,0.0013156,3.7538,0.0084054,8.4063
-11.2750,11.386,0.0012963,3.5022,0.0079801,7.8451
-11.2650,10.554,0.0012774,3.2457,0.0075482,7.273
-11.2550,9.725,0.0012596,2.9899,0.0071193,6.7023
-11.2450,8.9135,0.0012432,2.7395,0.0067017,6.1438
-11.2350,8.1328,0.0012283,2.4986,0.0063016,5.6066
-11.2250,7.3932,0.0012145,2.2703,0.0059233,5.0976
-11.2150,6.7021,0.0012014,2.0571,0.0055693,4.6219
-11.2050,6.0639,0.0011882,1.8601,0.0052404,4.1827
-11.1950,5.4806,0.0011742,1.6802,0.0049357,3.7813
-11.1850,4.9518,0.0011583,1.5171,0.0046533,3.4173
-11.1750,4.4755,0.0011397,1.3702,0.0043902,3.0894
-11.1650,4.048,0.0011174,1.2384,0.0041432,2.7951
-11.1550,3.665,0.0010909,1.1204,0.0039086,2.5313
-11.1450,3.3214,0.0010595,1.0147,0.0036832,2.2947
-11.1350,3.0122,0.001023,0.91957,0.003464,2.0816
-11.1250,2.7324,0.00098142,0.83362,0.0032485,1.8888
-11.1150,2.4777,0.00093485,0.75545,0.003035,1.7131
-11.1050,2.2441,0.00088379,0.68386,0.0028226,1.5519
-11.0950,2.0285,0.00082888,0.61783,0.0026111,1.4031
-11.0850,1.8282,0.00077093,0.5566,0.0024008,1.2648
-11.0750,1.6416,0.00071087,0.49957,0.0021928,1.1358
-11.0650,1.4672,0.00064971,0.44635,0.0019884,1.0153
-11.0550,1.3042,0.00058844,0.39667,0.0017892,0.90261
-11.0450,1.1524,0.00052804,0.3504,0.001597,0.79759
-11.0350,1.0114,0.00046942,0.30747,0.0014135,0.70006
-11.0250,0.88125,0.00041336,0.26786,0.0012403,0.61002
-11.0150,0.76196,0.00036052,0.23157,0.0010786,0.52747
-11.0050,0.6535,0.00031141,0.19859,0.00092946,0.45241
-10.9950,0.55577,0.00026639,0.16887,0.00079354,0.38477
-10.9850,0.46856,0.00022565,0.14236,0.00067114,0.3244
-10.9750,0.39151,0.00018928,0.11894,0.00056224,0.27107
-10.9650,0.32416,0.00015722,0.098478,0.0004665,0.22444
-10.9550,0.26241,0.00012902,0.0797,0.00038112,0.1817
-10.9450,0.21377,0.0001051,0.064927,0.00031048,0.14802
-10.9350,0.17242,8.4771e-05,0.052367,0.00025041,0.11939
-10.9250,0.13768,6.7691e-05,0.041816,0.00019996,0.095331
-10.9150,0.10884,5.3514e-05,0.033058,0.00015808,0.075366
-10.9050,0.085192,4.1886e-05,0.025875,0.00012373,0.058989
-10.8950,0.066017,3.2458e-05,0.020051,9.5882e-05,0.045712
-10.8850,0.050648,2.4902e-05,0.015383,7.3561e-05,0.03507
-10.8750,0.038471,1.8915e-05,0.011685,5.5875e-05,0.026638
-10.8650,0.028931,1.4224e-05,0.008787,4.2019e-05,0.020032
-10.8550,0.02154,1.059e-05,0.0065422,3.1284e-05,0.014915
-10.8450,0.015878,7.8065e-06,0.0048224,2.306e-05,0.010994
-10.8350,0.011587,5.6971e-06,0.0035193,1.6829e-05,0.0080233
-10.8250,0.0083721,4.1163e-06,0.0025428,1.216e-05,0.0057971
-10.8150,0.0059889,2.9445e-06,0.001819,8.6982e-06,0.0041469
-10.8050,0.0042415,2.0854e-06,0.0012882,6.1602e-06,0.0029369
-10.7950,0.002974,1.4622e-06,0.00090327,4.3194e-06,0.0020593
-10.7850,0.0020645,1.0151e-06,0.00062705,2.9985e-06,0.0014295
-10.7750,0.0014189,6.9764e-07,0.00043096,2.0608e-06,0.00098251
-10.7650,0.00096551,4.7471e-07,0.00029325,1.4023e-06,0.00066855
-10.7550,0.00065045,3.198e-07,0.00019756,9.447e-07,0.00045039
-10.7450,0,0,0,0,0
-10.7350,0,0,0,0,0
-10.7250,0,0,0,0,0
-10.7150,0,0,0,0,0
-10.7050,0,0,0,0,0
-10.6950,0,0,0,0,0
-10.6850,0,0,0,0,0
-10.6750,0,0,0,0,0
-10.6650,0,0,0,0,0
-10.6550,0,0,0,0,0
-10.6450,0,0,0,0,0
-10.6350,0,0,0,0,0
-10.6250,0,0,0,0,0
-10.6150,0,0,0,0,0
-10.6050,0,0,0,0,0
-10.5950,0,0,0,0,0
-10.5850,0,0,0,0,0
-10.5750,0,0,0,0,0
-10.5650,0,0,0,0,0
-10.5550,0,0,0,0,0
-10.5450,0,0,0,0,0
-10.5350,0,0,0,0,0
-10.5250,0,0,0,0,0
-10.5150,0,0,0,0,0
-10.5050,0,0,0,0,0
-10.4950,0,0,0,0,0
-10.4850,0,0,0,0,0
-10.4750,0,0,0,0,0
-10.4650,0,0,0,0,0
-10.4550,0,0,0,0,0
-10.4450,0,0,0,0,0
-10.4350,0,0,0,0,0
-10.4250,0,0,0,0,0
-10.4150,0,0,0,0,0
-10.4050,0,0,0,0,0
-10.3950,0,0,0,0,0
-10.3850,0,0,0,0,0
-10.3750,0,0,0,0,0
-10.3650,0,0,0,0,0
-10.3550,0,0,0,0,0
-10.3450,0,0,0,0,0
-10.3350,0,0,0,0,0
-10.3250,0,0,0,0,0
-10.3150,0,0,0,0,0
-10.3050,0,0,0,0,0
-10.2950,0,0,0,0,0
-10.2850,0,0,0,0,0
-10.2750,0,0,0,0,0
-10.2650,0,0,0,0,0
-10.2550,0,0,0,0,0
-10.2450,0,0,0,0,0
-10.2350,0,0,0,0,0
-10.2250,0,0,0,0,0
-10.2150,0,0,0,0,0
-10.2050,0,0,0,0,0
-10.1950,0,0,0,0,0
-10.1850,0,0,0,0,0
-10.1750,0,0,0,0,0
-10.1650,0,0,0,0,0
-10.1550,0,0,0,0,0
-10.1450,0,0,0,0,0
-10.1350,0,0,0,0,0
-10.1250,0,0,0,0,0
-10.1150,0,0,0,0,0
-10.1050,0,0,0,0,0
-10.0950,0,0,0,0,0
-10.0850,0,0,0,0,0
-10.0750,0,0,0,0,0
-10.0650,0,0,0,0,0
-10.0550,0,0,0,0,0
-10.0450,0,0,0,0,0
-10.0350,0,0,0,0,0
-10.0250,0,0,0,0,0
-10.0150,0,0,0,0,0
-10.0050,0,0,0,0,0
-9.9950,0,0,0,0,0
-9.9850,0,0,0,0,0
-9.9750,0,0,0,0,0
-9.9650,0,0,0,0,0
-9.9550,0,0,0,0,0
-9.9450,0,0,0,0,0
-9.9350,0,0,0,0,0
-9.9250,0,0,0,0,0
-9.9150,0,0,0,0,0
-9.9050,0,0,0,0,0
-9.8950,0,0,0,0,0
-9.8850,0,0,0,0,0
-9.8750,0,0,0,0,0
-9.8650,0,0,0,0,0
-9.8550,0,0,0,0,0
-9.8450,0,0,0,0,0
-9.8350,0,0,0,0,0
-9.8250,0,0,0,0,0
-9.8150,0,0,0,0,0
-9.8050,0,0,0,0,0
-9.7950,0,0,0,0,0
-9.7850,0,0,0,0,0
-9.7750,0,0,0,0,0
-9.7650,0,0,0,0,0
-9.7550,0,0,0,0,0
-9.7450,0,0,0,0,0
-9.7350,0,0,0,0,0
-9.7250,0,0,0,0,0
-9.7150,0,0,0,0,0
-9.7050,0,0,0,0,0
-9.6950,0,0,0,0,0
-9.6850,0,0,0,0,0
-9.6750,0,0,0,0,0
-9.6650,0,0,0,0,0
-9.6550,0,0,0,0,0
-9.6450,0,0,0,0,0
-9.6350,0,0,0,0,0
-9.6250,0,0,0,0,0
-9.6150,0,0,0,0,0
-9.6050,0,0,0,0,0
-9.5950,0,0,0,0,0
-9.5850,0,0,0,0,0
-9.5750,0,0,0,0,0
-9.5650,0,0,0,0,0
-9.5550,0,0,0,0,0
-9.5450,1.1755e-07,3.1266e-10,1.8614e-08,2.6809e-08,7.1219e-08
-9.5350,6.7111e-06,1.7503e-08,1.0524e-06,1.5333e-06,4.0698e-06
-9.5250,2.7626e-05,7.1492e-08,4.306e-06,6.3157e-06,1.6775e-05
-9.5150,6.6955e-05,1.7212e-07,1.0392e-05,1.5323e-05,4.0702e-05
-9.5050,0.00013043,3.3324e-07,2.0166e-05,2.9884e-05,7.9351e-05
-9.4950,0.00022588,5.743e-07,3.4813e-05,5.1795e-05,0.00013751
-9.4850,0.00035525,9.0047e-07,5.4641e-05,8.149e-05,0.00021635
-9.4750,0.00053983,1.3647e-06,8.2886e-05,0.00012388,0.00032887
-9.4650,0.00080135,2.0211e-06,0.00012285,0.00018396,0.00048833
-9.4550,0.0011678,2.9391e-06,0.00017878,0.00026818,0.00071183
-9.4450,0.001676,4.21e-06,0.00025625,0.00038499,0.0010218
-9.4350,0.0023733,5.9512e-06,0.00036245,0.0005453,0.0014473
-9.4250,0.0033205,8.3127e-06,0.00050655,0.00076313,0.0020253
-9.4150,0.0045942,1.1483e-05,0.00070014,0.0010561,0.0028027
-9.4050,0.0062899,1.5698e-05,0.00095759,0.0014462,0.0038378
-9.3950,0.0085248,2.1244e-05,0.0012966,0.0019605,0.0052024
-9.3850,0.01144,2.8468e-05,0.0017383,0.0026315,0.0069827
-9.3750,0.015211,3.7796e-05,0.002309,0.0034995,0.0092857
-9.3650,0.020045,4.9733e-05,0.0030397,0.0046129,0.01224
-9.3550,0.026187,6.4865e-05,0.0039665,0.0060276,0.015993
-9.3450,0.033905,8.3845e-05,0.0051297,0.0078063,0.020711
-9.3350,0.043509,0.00010741,0.0065747,0.01002,0.026583
-9.3250,0.055334,0.00013635,0.0083512,0.012747,0.033816
-9.3150,0.069766,0.00017159,0.010515,0.016076,0.042645
-9.3050,0.087214,0.00021408,0.013127,0.020102,0.053324
-9.2950,0.10811,0.00026483,0.016249,0.024927,0.066119
-9.2850,0.13291,0.00032486,0.019946,0.030655,0.08131
-9.2750,0.16208,0.00039522,0.024282,0.037395,0.099181
-9.2650,0.19607,0.00047692,0.029323,0.045254,0.12002
-9.2550,0.23534,0.00057092,0.035129,0.054337,0.1441
-9.2450,0.2803,0.00067809,0.041757,0.064746,0.17169
-9.2350,0.33136,0.00079922,0.049257,0.076572,0.20304
-9.2250,0.38885,0.00093494,0.057672,0.089902,0.23837
-9.2150,0.4531,0.0010857,0.067035,0.10481,0.27787
-9.2050,0.52432,0.0012519,0.077368,0.12135,0.3217
-9.1950,0.60268,0.0014335,0.088681,0.13956,0.36996
-9.1850,0.68829,0.0016304,0.10097,0.15948,0.42273
-9.1750,0.78119,0.0018425,0.11423,0.18112,0.48005
-9.1650,0.88137,0.0020693,0.12844,0.20449,0.54194
-9.1550,0.98879,0.0023102,0.14357,0.22958,0.60838
-9.1450,1.1034,0.0025646,0.15958,0.25638,0.67932
-9.1350,1.225,0.0028318,0.17643,0.28486,0.75473
-9.1250,1.3535,0.003111,0.19409,0.31503,0.83455
-9.1150,1.4889,0.0034015,0.21251,0.34685,0.91875
-9.1050,1.6311,0.0037026,0.23166,0.38033,1.0073
-9.0950,1.78,0.0040138,0.2515,0.41546,1.1002
-9.0850,1.9357,0.0043346,0.27202,0.45226,1.1975
-9.0750,2.0982,0.0046647,0.2932,0.49076,1.2992
-9.0650,2.2678,0.005004,0.31503,0.53101,1.4056
-9.0550,2.4446,0.0053526,0.33753,0.57308,1.5167
-9.0450,2.629,0.0057106,0.3607,0.61704,1.6327
-9.0350,2.8213,0.0060782,0.38458,0.66298,1.754
-9.0250,3.0221,0.006456,0.4092,0.71103,1.8807
-9.0150,3.2316,0.0068445,0.4346,0.76131,2.0133
-9.0050,3.4507,0.0072445,0.46084,0.81397,2.152
-8.9950,3.6798,0.0076567,0.48797,0.86917,2.2974
-8.9850,3.9198,0.0080819,0.51606,0.92708,2.4498
-8.9750,4.1713,0.0085211,0.54517,0.98791,2.6098
-8.9650,4.4352,0.0089751,0.57539,1.0518,2.7779
-8.9550,4.712,0.0094447,0.60676,1.1191,2.9545
-8.9450,5.0025,0.0099307,0.63935,1.1897,3.1401
-8.9350,5.3077,0.010434,0.67324,1.2641,3.3352
-8.9250,5.6284,0.010955,0.7085,1.3423,3.5404
-8.9150,5.9655,0.011496,0.7452,1.4247,3.7564
-8.9050,6.3196,0.012055,0.78338,1.5115,3.9836
-8.8950,6.6917,0.012635,0.82312,1.6028,4.2225
-8.8850,7.0824,0.013236,0.86443,1.6988,4.4736
-8.8750,7.4922,0.013857,0.90737,1.7996,4.7372
-8.8650,7.9216,0.014499,0.95193,1.9055,5.0138
-8.8550,8.3708,0.015161,0.99812,2.0164,5.3034
-8.8450,8.8399,0.015843,1.0459,2.1323,5.6062
-8.8350,9.3286,0.016545,1.0952,2.2533,5.9219
-8.8250,9.8363,0.017264,1.146,2.3792,6.2502
-8.8150,10.362,0.017998,1.198,2.5098,6.5906
-8.8050,10.905,0.018746,1.2513,2.6447,6.9423
-8.7950,11.463,0.019504,1.3055,2.7836,7.3041
-8.7850,12.034,0.020269,1.3604,2.9259,7.6745
-8.7750,12.614,0.021037,1.4158,3.0708,8.0519
-8.7650,13.202,0.021801,1.4713,3.2176,8.4341
-8.7550,13.793,0.022558,1.5265,3.3654,8.8186
-8.7450,14.382,0.023299,1.5809,3.513,9.2027
-8.7350,14.965,0.024019,1.6343,3.6593,9.5832
-8.7250,15.537,0.02471,1.6859,3.803,9.9568
-8.7150,16.091,0.025364,1.7353,3.9425,10.32
-8.7050,16.623,0.025971,1.7819,4.0764,10.668
-8.6950,17.125,0.026526,1.8252,4.2032,10.997
-8.6850,17.592,0.027018,1.8646,4.3214,11.304
-8.6750,18.017,0.027441,1.8996,4.4294,11.585
-8.6650,18.396,0.027788,1.9297,4.5258,11.835
-8.6550,18.722,0.028052,1.9544,4.6094,12.052
-8.6450,18.993,0.028229,1.9733,4.679,12.232
-8.6350,19.203,0.028314,1.9863,4.7338,12.374
-8.6250,19.351,0.028307,1.993,4.7731,12.476
-8.6150,19.436,0.028205,1.9933,4.7966,12.536
-8.6050,19.456,0.028011,1.9875,4.8042,12.555
-8.5950,19.414,0.027728,1.9754,4.7961,12.534
-8.5850,19.311,0.02736,1.9576,4.773,12.473
-8.5750,19.151,0.026913,1.9342,4.7357,12.375
-8.5650,18.939,0.026396,1.9057,4.6853,12.243
-8.5550,18.68,0.025816,1.8728,4.6231,12.081
-8.5450,18.38,0.025183,1.836,4.5507,11.892
-8.5350,18.045,0.024506,1.7958,4.4696,11.681
-8.5250,17.682,0.023795,1.7531,4.3814,11.451
-8.5150,17.297,0.02306,1.7082,4.2877,11.207
-8.5050,16.896,0.022309,1.662,4.1899,10.952
-8.4950,16.484,0.02155,1.6147,4.0895,10.691
-8.4850,16.066,0.020791,1.567,3.9873,10.425
-8.4750,15.645,0.020035,1.5191,3.8844,10.157
-8.4650,15.223,0.019288,1.4714,3.7813,9.8886
-8.4550,14.802,0.018553,1.4239,3.6782,9.6206
-8.4450,14.381,0.01783,1.3767,3.5753,9.353
-8.4350,13.961,0.017121,1.3298,3.4724,9.0852
-8.4250,13.539,0.016423,1.283,3.369,8.8163
-8.4150,13.114,0.015736,1.2364,3.2646,8.5447
-8.4050,12.683,0.015058,1.1896,3.1587,8.2689
-8.3950,12.243,0.014385,1.1425,3.0504,7.9869
-8.3850,11.792,0.013716,1.0948,2.9392,7.6972
-8.3750,11.327,0.013049,1.0464,2.8245,7.3983
-8.3650,10.847,0.012381,0.99722,2.7059,7.0889
-8.3550,10.351,0.011711,0.94714,2.5831,6.7685
-8.3450,9.839,0.011038,0.89617,2.4562,6.4369
-8.3350,9.3111,0.010364,0.84438,2.3252,6.0947
-8.3250,8.7694,0.0096899,0.79194,2.1906,5.7429
-8.3150,8.2165,0.0090167,0.73905,2.0531,5.3833
-8.3050,7.6558,0.0083478,0.686,1.9135,5.0181
-8.2950,7.0912,0.0076865,0.63313,1.7729,4.65
-8.2850,6.5275,0.0070368,0.58082,1.6324,4.282
-8.2750,5.9694,0.0064027,0.52946,1.4932,3.9173
-8.2650,5.4219,0.0057885,0.47945,1.3565,3.5593
-8.2550,4.8899,0.0051982,0.43118,1.2237,3.2111
-8.2450,4.3779,0.0046357,0.38501,1.0958,2.8758
-8.2350,3.8902,0.0041045,0.34125,0.97385,2.5561
-8.2250,3.4302,0.0036073,0.3002,0.85884,2.2545
-8.2150,3.0008,0.0031462,0.26203,0.75144,1.9727
-8.2050,2.6041,0.0027228,0.22692,0.65219,1.7123
-8.1950,2.2413,0.0023376,0.19493,0.56141,1.4741
-8.1850,1.913,0.0019906,0.16607,0.47923,1.2584
-8.1750,1.619,0.0016812,0.1403,0.40562,1.0652
-8.1650,1.3583,0.0014079,0.11753,0.34036,0.89389
-8.1550,1.1297,0.0011689,0.097597,0.28311,0.74358
-8.1450,0.93149,0.00096229,0.080357,0.23345,0.6132
-8.1350,0.76137,0.00078541,0.065593,0.19083,0.50128
-8.1250,0.61677,0.00063542,0.053069,0.1546,0.40613
-8.1150,0.49513,0.00050949,0.042552,0.12412,0.32607
-8.1050,0.39386,0.00040485,0.03381,0.098743,0.25942
-8.0950,0.31043,0.00031877,0.02662,0.077833,0.20449
-8.0850,0.24241,0.00024869,0.020766,0.060783,0.1597
-8.0750,0.18753,0.00019222,0.016048,0.047025,0.12356
-8.0650,0.1437,0.00014717,0.012285,0.036036,0.094689
-8.0550,0.10905,0.00011159,0.009314,0.027349,0.071864
-8.0450,0.081954,8.379e-05,0.006993,0.020555,0.054014
-8.0350,0.061012,6.2332e-05,0.0052013,0.015304,0.040215
-8.0250,0.044972,4.591e-05,0.0038302,0.011281,0.029645
-8.0150,0.032805,3.3464e-05,0.0027913,0.0082296,0.021627
-8.0050,0.023656,2.4109e-05,0.0020106,0.0059348,0.015598
-7.9950,0.016895,1.7207e-05,0.0014345,0.0042389,0.011141
-7.9850,0.011923,1.2135e-05,0.0010112,0.0029916,0.0078636
-7.9750,0.0083195,8.463e-06,0.00070471,0.0020876,0.0054875
-7.9650,0.0057432,5.8379e-06,0.00048589,0.0014412,0.0037887
-7.9550,0.0038867,3.9477e-06,0.00032829,0.00097549,0.0025644
-7.9450,0.0025626,2.6021e-06,0.00021601,0.00064322,0.0016911
-7.9350,0.0016058,1.6338e-06,0.00013497,0.00040316,0.0010598
-7.9250,0.00086939,8.9714e-07,7.2708e-05,0.0002185,0.00057397
-7.9150,0.00030113,3.0692e-07,2.4981e-05,7.5744e-05,0.00019894
-7.9050,0,0,0,0,0
-7.8950,0,0,0,0,0
-7.8850,0,0,0,0,0
-7.8750,0,0,0,0,0
-7.8650,0,0,0,0,0
-7.8550,0,0,0,0,0
-7.8450,0,0,0,0,0
-7.8350,0,0,0,0,0
-7.8250,0,0,0,0,0
-7.8150,0,0,0,0,0
-7.8050,0,0,0,0,0
-7.7950,0,0,0,0,0
-7.7850,0,0,0,0,0
-7.7750,0,0,0,0,0
-7.7650,0,0,0,0,0
-7.7550,0,0,0,0,0
-7.7450,0,0,0,0,0
-7.7350,0,0,0,0,0
-7.7250,0,0,0,0,0
-7.7150,0,0,0,0,0
-7.7050,0,0,0,0,0
-7.6950,0,0,0,0,0
-7.6850,0,0,0,0,0
-7.6750,0,0,0,0,0
-7.6650,0,0,0,0,0
-7.6550,0,0,0,0,0
-7.6450,0,0,0,0,0
-7.6350,0,0,0,0,0
-7.6250,0,0,0,0,0
-7.6150,0,0,0,0,0
-7.6050,0,0,0,0,0
-7.5950,0,0,0,0,0
-7.5850,0,0,0,0,0
-7.5750,0,0,0,0,0
-7.5650,0,0,0,0,0
-7.5550,0,0,0,0,0
-7.5450,0,0,0,0,0
-7.5350,0,0,0,0,0
-7.5250,0,0,0,0,0
-7.5150,0,0,0,0,0
-7.5050,0,0,0,0,0
-7.4950,0,0,0,0,0
-7.4850,0,0,0,0,0
-7.4750,0,0,0,0,0
-7.4650,0,0,0,0,0
-7.4550,0,0,0,0,0
-7.4450,0,0,0,0,0
-7.4350,0,0,0,0,0
-7.4250,0,0,0,0,0
-7.4150,0,0,0,0,0
-7.4050,0,0,0,0,0
-7.3950,0,0,0,0,0
-7.3850,0,0,0,0,0
-7.3750,0,0,0,0,0
-7.3650,0,0,0,0,0
-7.3550,0,0,0,0,0
-7.3450,0,0,0,0,0
-7.3350,0,0,0,0,0
-7.3250,0,0,0,0,0
-7.3150,0,0,0,0,0
-7.3050,0,0,0,0,0
-7.2950,0,0,0,0,0
-7.2850,0,0,0,0,0
-7.2750,0,0,0,0,0
-7.2650,0,0,0,0,0
-7.2550,0,0,0,0,0
-7.2450,0,0,0,0,0
-7.2350,0,0,0,0,0
-7.2250,0,0,0,0,0
-7.2150,0,0,0,0,0
-7.2050,0,0,0,0,0
-7.1950,0,0,0,0,0
-7.1850,0,0,0,0,0
-7.1750,0,0,0,0,0
-7.1650,0,0,0,0,0
-7.1550,0,0,0,0,0
-7.1450,0,0,0,0,0
-7.1350,0,0,0,0,0
-7.1250,0,0,0,0,0
-7.1150,0,0,0,0,0
-7.1050,0,0,0,0,0
-7.0950,0,0,0,0,0
-7.0850,0,0,0,0,0
-7.0750,0,0,0,0,0
-7.0650,0,0,0,0,0
-7.0550,0,0,0,0,0
-7.0450,0,0,0,0,0
-7.0350,0,0,0,0,0
-7.0250,0,0,0,0,0
-7.0150,0,0,0,0,0
-7.0050,0,0,0,0,0
-6.9950,0,0,0,0,0
-6.9850,0,0,0,0,0
-6.9750,0,0,0,0,0
-6.9650,0,0,0,0,0
-6.9550,0,0,0,0,0
-6.9450,0,0,0,0,0
-6.9350,0,0,0,0,0
-6.9250,0,0,0,0,0
-6.9150,0,0,0,0,0
-6.9050,0,0,0,0,0
-6.8950,0,0,0,0,0
-6.8850,0,0,0,0,0
-6.8750,0,0,0,0,0
-6.8650,0,0,0,0,0
-6.8550,0,0,0,0,0
-6.8450,0,0,0,0,0
-6.8350,0,0,0,0,0
-6.8250,0,0,0,0,0
-6.8150,0,0,0,0,0
-6.8050,0,0,0,0,0
-6.7950,0,0,0,0,0
-6.7850,0,0,0,0,0
-6.7750,0,0,0,0,0
-6.7650,0,0,0,0,0
-6.7550,0,0,0,0,0
-6.7450,0,0,0,0,0
-6.7350,0,0,0,0,0
-6.7250,0,0,0,0,0
-6.7150,0,0,0,0,0
-6.7050,0,0,0,0,0
-6.6950,0,0,0,0,0
-6.6850,0,0,0,0,0
-6.6750,0,0,0,0,0
-6.6650,0,0,0,0,0
-6.6550,0,0,0,0,0
-6.6450,0,0,0,0,0
-6.6350,0,0,0,0,0
-6.6250,0,0,0,0,0
-6.6150,0,0,0,0,0
-6.6050,0,0,0,0,0
-6.5950,0,0,0,0,0
-6.5850,0,0,0,0,0
-6.5750,0,0,0,0,0
-6.5650,0,0,0,0,0
-6.5550,1.1238e-08,5.6062e-11,1.309e-09,3.1493e-09,6.6433e-09
-6.5450,5.9226e-05,3.0835e-07,6.8598e-06,1.6643e-05,3.4998e-05
-6.5350,0.00017595,9.4842e-07,2.0342e-05,4.9472e-05,0.00010389
-6.5250,0.00035592,1.9654e-06,4.1078e-05,0.00010018,0.00021002
-6.5150,0.00061358,3.4331e-06,7.0739e-05,0.00017292,0.0003619
-6.5050,0.0009955,5.6213e-06,0.00011466,0.00028087,0.00058694
-6.4950,0.0015527,8.8231e-06,0.0001787,0.00043855,0.00091511
-6.4850,0.0023553,1.3438e-05,0.00027086,0.0006659,0.0013877
-6.4750,0.0035359,2.021e-05,0.00040638,0.001001,0.0020822
-6.4650,0.0052716,3.0066e-05,0.00060541,0.0014946,0.0031027
-6.4550,0.0076312,4.3491e-05,0.00087587,0.0021657,0.0044899
-6.4450,0.010847,6.1794e-05,0.0012443,0.0030808,0.0063805
-6.4350,0.015208,8.6569e-05,0.0017437,0.0043218,0.0089437
-6.4250,0.021069,0.00011989,0.0024146,0.0059908,0.012389
-6.4150,0.028875,0.00016428,0.0033076,0.0082144,0.016976
-6.4050,0.039183,0.0002229,0.0044863,0.011152,0.023034
-6.3950,0.052709,0.00029974,0.0060317,0.015009,0.03098
-6.3850,0.070201,0.00039915,0.0080294,0.02,0.041256
-6.3750,0.092697,0.00052695,0.010597,0.026422,0.054471
-6.3650,0.12127,0.00068925,0.013856,0.034582,0.071252
-6.3550,0.15725,0.00089357,0.017957,0.044864,0.09238
-6.3450,0.20211,0.0011482,0.023067,0.05769,0.11872
-6.3350,0.25757,0.001463,0.02938,0.073558,0.15128
-6.3250,0.32549,0.0018483,0.037106,0.093001,0.19115
-6.3150,0.40788,0.0023156,0.046469,0.1166,0.2395
-6.3050,0.50691,0.0028768,0.057713,0.14499,0.29762
-6.2950,0.62483,0.0035448,0.071089,0.17881,0.36682
-6.2850,0.76396,0.0043324,0.086854,0.21874,0.44845
-6.2750,0.92661,0.0052525,0.10526,0.26545,0.54387
-6.2650,1.115,0.0063179,0.12656,0.31959,0.6544
-6.2550,1.3313,0.0075402,0.15097,0.38179,0.78127
-6.2450,1.5773,0.00893,0.1787,0.45258,0.92555
-6.2350,1.8545,0.010496,0.2099,0.53241,1.0882
-6.2250,2.1641,0.012245,0.24468,0.62163,1.2698
-6.2150,2.5069,0.014182,0.28311,0.72047,1.4708
-6.2050,2.8829,0.016309,0.32519,0.82899,1.6914
-6.1950,3.2918,0.018624,0.37083,0.94706,1.9313
-6.1850,3.7325,0.021123,0.41989,1.0744,2.1899
-6.1750,4.2034,0.023801,0.47215,1.2105,2.4663
-6.1650,4.702,0.026647,0.52733,1.3548,2.759
-6.1550,5.2256,0.029648,0.58506,1.5064,3.0665
-6.1450,5.7706,0.03279,0.64492,1.6642,3.3867
-6.1350,6.3333,0.036058,0.70644,1.8273,3.7174
-6.1250,6.9094,0.039435,0.76913,1.9944,4.0562
-6.1150,7.4944,0.042904,0.83244,2.1641,4.4005
-6.1050,8.084,0.046447,0.89585,2.3352,4.7476
-6.0950,8.6735,0.050049,0.95882,2.5064,5.0951
-6.0850,9.2586,0.053695,1.0208,2.6764,5.4404
-6.0750,9.8354,0.057374,1.0815,2.8439,5.7811
-6.0650,10.4,0.061076,1.1403,3.0081,6.1152
-6.0550,10.95,0.064792,1.1969,3.1679,6.4409
-6.0450,11.482,0.068519,1.2511,3.3225,6.7565
-6.0350,11.994,0.072256,1.3026,3.4714,7.0611
-6.0250,12.486,0.076,1.3513,3.6142,7.3538
-6.0150,12.956,0.079757,1.3971,3.7507,7.6341
-6.0050,13.404,0.083539,1.4401,3.8808,7.9021
-5.9950,13.83,0.087345,1.4804,4.0046,8.1577
-5.9850,14.236,0.091186,1.518,4.1223,8.4014
-5.9750,14.622,0.095065,1.5531,4.2342,8.6338
-5.9650,14.989,0.098994,1.5859,4.3407,8.8555
-5.9550,15.34,0.10299,1.6166,4.4422,9.0676
-5.9450,15.675,0.10705,1.6455,4.5392,9.2708
-5.9350,15.997,0.1112,1.6728,4.6321,9.4659
-5.9250,16.306,0.11544,1.6985,4.7212,9.6536
-5.9150,16.603,0.11977,1.723,4.8069,9.8345
-5.9050,16.889,0.12422,1.7463,4.8893,10.009
-5.8950,17.166,0.12878,1.7685,4.9687,10.177
-5.8850,17.432,0.13347,1.7896,5.045,10.34
-5.8750,17.688,0.13831,1.8098,5.1184,10.496
-5.8650,17.935,0.14332,1.8289,5.1889,10.647
-5.8550,18.173,0.14854,1.8471,5.2565,10.793
-5.8450,18.401,0.15399,1.8642,5.3212,10.932
-5.8350,18.62,0.15971,1.8803,5.3831,11.067
-5.8250,18.832,0.16577,1.8955,5.4423,11.196
-5.8150,19.036,0.17221,1.9096,5.4991,11.322
-5.8050,19.234,0.17912,1.9229,5.5541,11.444
-5.7950,19.429,0.18657,1.9355,5.6076,11.565
-5.7850,19.624,0.19465,1.9474,5.6606,11.685
-5.7750,19.821,0.20347,1.9591,5.7139,11.807
-5.7650,20.024,0.21313,1.9706,5.7686,11.934
-5.7550,20.239,0.22374,1.9823,5.8259,12.068
-5.7450,20.468,0.23541,1.9946,5.8872,12.211
-5.7350,20.719,0.24827,2.0078,5.9538,12.367
-5.7250,20.994,0.2624,2.0223,6.0271,12.539
-5.7150,21.299,0.27792,2.0383,6.1086,12.73
-5.7050,21.639,0.2949,2.0562,6.1996,12.941
-5.6950,22.017,0.31341,2.0763,6.3011,13.177
-5.6850,22.436,0.33349,2.0988,6.4144,13.438
-5.6750,22.901,0.35517,2.1237,6.5403,13.728
-5.6650,23.411,0.37841,2.1513,6.6792,14.045
-5.6550,23.968,0.4032,2.1815,6.8316,14.391
-5.6450,24.572,0.42945,2.2142,6.9974,14.767
-5.6350,25.221,0.45705,2.2493,7.1767,15.17
-5.6250,25.914,0.48588,2.2866,7.3689,15.601
-5.6150,26.649,0.51577,2.3259,7.5736,16.057
-5.6050,27.421,0.54653,2.3668,7.7898,16.536
-5.5950,28.227,0.57795,2.4091,8.0165,17.037
-5.5850,29.062,0.60982,2.4523,8.2527,17.555
-5.5750,29.921,0.64189,2.4962,8.497,18.089
-5.5650,30.8,0.67392,2.5403,8.7481,18.635
-5.5550,31.693,0.70569,2.5844,9.0048,19.19
-5.5450,32.595,0.73695,2.6281,9.2654,19.751
-5.5350,33.501,0.76749,2.671,9.5286,20.314
-5.5250,34.405,0.79709,2.7128,9.7928,20.876
-5.5150,35.302,0.82559,2.7533,10.057,21.435
-5.5050,36.188,0.85279,2.7922,10.318,21.987
-5.4950,37.056,0.87855,2.829,10.577,22.528
-5.4850,37.901,0.90274,2.8637,10.83,23.056
-5.4750,38.718,0.92526,2.8959,11.076,23.567
-5.4650,39.502,0.94601,2.9253,11.313,24.058
-5.4550,40.247,0.96491,2.9516,11.54,24.526
-5.4450,40.946,0.98192,2.9745,11.755,24.965
-5.4350,41.594,0.99699,2.9938,11.955,25.374
-5.4250,42.185,1.0101,3.009,12.14,25.748
-5.4150,42.712,1.0212,3.02,12.306,26.084
-5.4050,43.17,1.0302,3.0263,12.452,26.377
-5.3950,43.552,1.0372,3.0278,12.576,26.623
-5.3850,43.853,1.0422,3.0241,12.676,26.82
-5.3750,44.068,1.0452,3.015,12.751,26.965
-5.3650,44.192,1.0462,3.0003,12.799,27.053
-5.3550,44.222,1.0452,2.98,12.819,27.083
-5.3450,44.155,1.0423,2.9538,12.811,27.054
-5.3350,43.989,1.0376,2.9219,12.773,26.964
-5.3250,43.725,1.031,2.8843,12.706,26.813
-5.3150,43.362,1.0226,2.8411,12.609,26.601
-5.3050,42.904,1.0127,2.7925,12.484,26.329
-5.2950,42.352,1.0011,2.7387,12.33,25.999
-5.2850,41.711,0.9881,2.6802,12.15,25.614
-5.2750,40.986,0.97369,2.6172,11.945,25.176
-5.2650,40.182,0.95796,2.55,11.716,24.689
-5.2550,39.305,0.941,2.4793,11.465,24.157
-5.2450,38.361,0.92286,2.4052,11.194,23.582
-5.2350,37.356,0.90358,2.3283,10.905,22.969
-5.2250,36.295,0.88319,2.2488,10.599,22.32
-5.2150,35.183,0.86169,2.1673,10.277,21.64
-5.2050,34.026,0.83908,2.0839,9.9425,20.932
-5.1950,32.827,0.81532,1.9989,9.5951,20.196
-5.1850,31.59,0.79041,1.9126,9.2364,19.437
-5.1750,30.318,0.76431,1.8253,8.8674,18.657
-5.1650,29.015,0.737,1.7372,8.4889,17.856
-5.1550,27.684,0.70846,1.6483,8.1019,17.037
-5.1450,26.326,0.6787,1.5591,7.7072,16.203
-5.1350,24.947,0.64777,1.4695,7.3059,15.354
-5.1250,23.55,0.61574,1.3801,6.8993,14.495
-5.1150,22.141,0.58272,1.2909,6.4887,13.628
-5.1050,20.724,0.54887,1.2023,6.0758,12.756
-5.0950,19.308,0.51449,1.1147,5.6625,11.884
-5.0850,17.898,0.47981,1.0286,5.251,11.017
-5.0750,16.504,0.44518,0.94426,4.8436,10.158
-5.0650,15.134,0.41085,0.8622,4.4428,9.3142
-5.0550,13.796,0.3773,0.78288,4.0512,8.4902
-5.0450,12.5,0.34512,0.70681,3.6714,7.6914
-5.0350,11.254,0.31413,0.63428,3.3058,6.9231
-5.0250,10.067,0.28513,0.56579,2.9567,6.1902
-5.0150,8.9447,0.25864,0.50172,2.6262,5.4968
-5.0050,7.8945,0.23523,0.44242,2.3162,4.8467
-4.9950,6.9213,0.21552,0.38815,2.0278,4.2425
-4.9850,6.0289,0.20017,0.33917,1.762,3.6864
-4.9750,5.22,0.18995,0.29567,1.5195,3.1794
-4.9650,4.4959,0.18573,0.25779,1.3003,2.7216
-4.9550,3.8566,0.18848,0.22566,1.104,2.3125
-4.9450,3.3015,0.19933,0.19938,0.9301,1.9507
-4.9350,2.829,0.21953,0.17904,0.77755,1.6343
-4.9250,2.4369,0.2505,0.16475,0.64518,1.3609
-4.9150,2.1226,0.29379,0.15661,0.53159,1.1275
-4.9050,1.8835,0.3514,0.15481,0.43519,0.93106
-4.8950,1.7168,0.42519,0.15952,0.35439,0.76828
-4.8850,1.619,0.51668,0.1708,0.28755,0.63586
-4.8750,1.5875,0.62789,0.18887,0.23305,0.53056
-4.8650,1.6196,0.7605,0.21387,0.18938,0.44932
-4.8550,1.713,0.91624,0.24599,0.15517,0.38939
-4.8450,1.865,1.0966,0.28535,0.12902,0.34796
-4.8350,2.0731,1.3024,0.33196,0.10979,0.32267
-4.8250,2.334,1.5341,0.38574,0.096348,0.31122
-4.8150,2.6445,1.7916,0.44651,0.087722,0.31155
-4.8050,3.0009,2.0741,0.51396,0.083081,0.32185
-4.7950,3.3987,2.3802,0.58757,0.081703,0.34052
-4.7850,3.833,2.7075,0.66672,0.082978,0.36613
-4.7750,4.2978,3.0529,0.75058,0.086342,0.39727
-4.7650,4.787,3.4129,0.83821,0.091313,0.43273
-4.7550,5.2938,3.7833,0.92854,0.097481,0.47137
-4.7450,5.8105,4.1592,1.0204,0.10447,0.51208
-4.7350,6.3305,4.5363,1.1126,0.11197,0.55399
-4.7250,6.8466,4.9098,1.204,0.11971,0.59621
-4.7150,7.3526,5.2754,1.2935,0.12745,0.63806
-4.7050,7.8426,5.6292,1.3802,0.13495,0.67883
-4.6950,8.3134,5.9687,1.4635,0.14217,0.71839
-4.6850,8.7617,6.2917,1.5428,0.14896,0.75637
-4.6750,9.187,6.5979,1.6181,0.15523,0.79273
-4.6650,9.59,6.8879,1.6895,0.16093,0.82752
-4.6550,9.9741,7.164,1.7575,0.1661,0.86118
-4.6450,10.344,7.4299,1.8231,0.17075,0.89417
-4.6350,10.707,7.6902,1.8873,0.17494,0.92716
-4.6250,11.07,7.9501,1.9514,0.1788,0.96088
-4.6150,11.442,8.2162,2.017,0.18244,0.99631
-4.6050,11.833,8.4953,2.0858,0.18601,1.0344
-4.5950,12.252,8.7944,2.1592,0.18966,1.0762
-4.5850,12.709,9.1199,2.239,0.19353,1.1227
-4.5750,13.213,9.4782,2.3265,0.19777,1.1747
-4.5650,13.771,9.8749,2.4231,0.20247,1.2332
-4.5550,14.389,10.314,2.5295,0.20774,1.2987
-4.5450,15.072,10.798,2.6467,0.21365,1.3718
-4.5350,15.822,11.331,2.7749,0.22023,1.4529
-4.5250,16.641,11.911,2.9142,0.22751,1.5423
-4.5150,17.529,12.54,3.0644,0.23547,1.6399
-4.5050,18.483,13.216,3.2253,0.24408,1.7458
-4.4950,19.499,13.936,3.396,0.25329,1.8596
-4.4850,20.574,14.698,3.5756,0.26302,1.981
-4.4750,21.703,15.497,3.7633,0.27319,2.1094
-4.4650,22.88,16.33,3.958,0.28373,2.2443
-4.4550,24.098,17.193,4.1586,0.29454,2.3852
-4.4450,25.352,18.081,4.3638,0.30554,2.5312
-4.4350,26.634,18.99,4.5726,0.31664,2.6816
-4.4250,27.938,19.915,4.7836,0.32777,2.8355
-4.4150,29.257,20.851,4.9958,0.33886,2.9921
-4.4050,30.587,21.795,5.2081,0.34985,3.1507
-4.3950,31.918,22.742,5.4191,0.36066,3.31
-4.3850,33.246,23.687,5.6279,0.37125,3.4695
-4.3750,34.563,24.627,5.8333,0.38155,3.6281
-4.3650,35.866,25.559,6.0343,0.39154,3.785
-4.3550,37.147,26.477,6.2297,0.40114,3.9394
-4.3450,38.401,27.379,6.4188,0.41033,4.0904
-4.3350,39.626,28.262,6.6006,0.41907,4.2375
-4.3250,40.815,29.124,6.7743,0.42732,4.38
-4.3150,41.967,29.963,6.9394,0.43506,4.5174
-4.3050,43.081,30.778,7.0954,0.44228,4.6496
-4.2950,44.157,31.57,7.2423,0.44898,4.7763
-4.2850,45.194,32.339,7.3798,0.45516,4.8975
-4.2750,46.195,33.087,7.5084,0.46084,5.0135
-4.2650,47.163,33.816,7.6281,0.46608,5.1245
-4.2550,48.102,34.53,7.7398,0.47092,5.231
-4.2450,49.018,35.231,7.8441,0.47543,5.3337
-4.2350,49.916,35.925,7.9421,0.47969,5.4332
-4.2250,50.804,36.616,8.0348,0.4838,5.5302
-4.2150,51.686,37.308,8.123,0.48784,5.6256
-4.2050,52.569,38.005,8.2079,0.4919,5.72
-4.1950,53.458,38.711,8.2906,0.49607,5.8142
-4.1850,54.358,39.428,8.3716,0.50043,5.9086
-4.1750,55.27,40.158,8.4517,0.50503,6.0035
-4.1650,56.196,40.902,8.5313,0.50993,6.0991
-4.1550,57.137,41.66,8.6108,0.51515,6.1955
-4.1450,58.091,42.429,8.69,0.52069,6.2924
-4.1350,59.053,43.207,8.7687,0.52651,6.3892
-4.1250,60.018,43.99,8.8462,0.53256,6.4852
-4.1150,60.979,44.773,8.9217,0.53877,6.5795
-4.1050,61.927,45.548,8.9942,0.54501,6.6709
-4.0950,62.852,46.309,9.0623,0.55117,6.7581
-4.0850,63.742,47.047,9.1248,0.55708,6.8397
-4.0750,64.586,47.754,9.1801,0.56261,6.9144
-4.0650,65.373,48.421,9.2268,0.56757,6.9806
-4.0550,66.09,49.04,9.2633,0.57179,7.0369
-4.0450,66.726,49.601,9.2883,0.5751,7.0821
-4.0350,67.269,50.096,9.3004,0.57734,7.1149
-4.0250,67.711,50.517,9.2986,0.57837,7.1345
-4.0150,68.043,50.859,9.2822,0.57807,7.1403
-4.0050,68.258,51.116,9.2504,0.57634,7.1317
-3.9950,68.351,51.283,9.2031,0.57312,7.1087
-3.9850,68.319,51.357,9.1402,0.56837,7.0714
-3.9750,68.163,51.336,9.0621,0.56208,7.0204
-3.9650,67.881,51.22,8.9694,0.5543,6.9562
-3.9550,67.477,51.01,8.8627,0.54507,6.8798
-3.9450,66.956,50.708,8.7432,0.5345,6.7923
-3.9350,66.321,50.316,8.6119,0.52269,6.695
-3.9250,65.581,49.838,8.4701,0.50979,6.5892
-3.9150,64.741,49.278,8.3191,0.49595,6.4761
-3.9050,63.809,48.641,8.1599,0.48133,6.3571
-3.8950,62.793,47.933,7.9939,0.4661,6.2333
-3.8850,61.7,47.158,7.822,0.45042,6.1057
-3.8750,60.537,46.322,7.6452,0.43445,5.9753
-3.8650,59.31,45.428,7.4641,0.41834,5.8426
-3.8550,58.025,44.482,7.2793,0.40223,5.7082
-3.8450,56.687,43.488,7.091,0.38621,5.5722
-3.8350,55.3,42.449,6.8995,0.37039,5.4347
-3.8250,53.867,41.369,6.7049,0.35483,5.2956
-3.8150,52.392,40.252,6.5071,0.3396,5.1546
-3.8050,50.877,39.101,6.306,0.32472,5.0113
-3.7950,49.325,37.917,6.1014,0.31021,4.8653
-3.7850,47.736,36.705,5.8932,0.29607,4.7161
-3.7750,46.115,35.467,5.6813,0.2823,4.5633
-3.7650,44.463,34.204,5.4656,0.26887,4.4066
-3.7550,42.782,32.921,5.2463,0.25576,4.2457
-3.7450,41.076,31.62,5.0237,0.24295,4.0807
-3.7350,39.347,30.304,4.7979,0.23041,3.9115
-3.7250,37.6,28.975,4.5696,0.21812,3.7386
-3.7150,35.838,27.636,4.3393,0.20605,3.5625
-3.7050,34.067,26.292,4.1079,0.1942,3.3838
-3.6950,32.29,24.943,3.8761,0.18256,3.2035
-3.6850,30.514,23.596,3.6449,0.17113,3.0226
-3.6750,28.744,22.252,3.4154,0.15992,2.8425
-3.6650,26.988,20.915,3.1886,0.14894,2.6647
-3.6550,25.251,19.591,2.9656,0.13822,2.4907
-3.6450,23.541,18.281,2.7476,0.12779,2.3222
-3.6350,21.865,16.993,2.5358,0.11767,2.1612
-3.6250,20.233,15.73,2.3312,0.10791,2.0097
-3.6150,18.651,14.498,2.1351,0.09854,1.8698
-3.6050,17.13,13.302,1.9485,0.089603,1.7437
-3.5950,15.676,12.146,1.7722,0.081128,1.6337
-3.5850,14.3,11.037,1.6074,0.073166,1.5417
-3.5750,13.008,9.9785,1.4548,0.065739,1.4698
-3.5650,11.808,8.9762,1.3151,0.05888,1.4204
-3.5550,10.706,8.0332,1.1889,0.052601,1.3953
-3.5450,9.7102,7.1544,1.0768,0.046933,1.3966
-3.5350,8.8239,6.3414,0.97906,0.041873,1.4259
-3.5250,8.0512,5.5966,0.89587,0.037428,1.485
-3.5150,7.3947,4.9209,0.82732,0.033593,1.5751
-3.5050,6.856,4.315,0.77337,0.03036,1.6973
-3.4950,6.4338,3.7771,0.73366,0.027702,1.8525
-3.4850,6.1261,3.3055,0.70777,0.025596,2.0407
-3.4750,5.9315,2.8989,0.69536,0.024021,2.2621
-3.4650,5.8448,2.5536,0.6957,0.022939,2.5164
-3.4550,5.8618,2.2663,0.70817,0.022319,2.8029
-3.4450,5.9758,2.0325,0.73189,0.02212,3.1205
-3.4350,6.1802,1.8478,0.76601,0.022304,3.468
-3.4250,6.4678,1.7073,0.80963,0.022832,3.8439
-3.4150,6.831,1.6063,0.86184,0.023668,4.2465
-3.4050,7.2637,1.5409,0.92189,0.024783,4.6743
-3.3950,7.7581,1.5062,0.98886,0.026141,5.1254
-3.3850,8.3071,1.4977,1.0619,0.027712,5.5982
-3.3750,8.9066,1.5128,1.1406,0.029483,6.0914
-3.3650,9.5497,1.5472,1.2242,0.031429,6.6037
-3.3550,10.232,1.5977,1.3122,0.033531,7.1341
-3.3450,10.95,1.6617,1.4042,0.035779,7.6822
-3.3350,11.701,1.7367,1.4999,0.038165,8.2476
-3.3250,12.482,1.8209,1.5992,0.040682,8.8302
-3.3150,13.291,1.9125,1.7019,0.043325,9.43
-3.3050,14.128,2.0099,1.8079,0.046091,10.048
-3.2950,14.992,2.1122,1.9173,0.048981,10.684
-3.2850,15.881,2.2181,2.0299,0.05199,11.338
-3.2750,16.796,2.3269,2.1459,0.055118,12.01
-3.2650,17.736,2.438,2.2651,0.058361,12.702
-3.2550,18.698,2.5504,2.3874,0.061709,13.412
-3.2450,19.683,2.6633,2.5126,0.065157,14.139
-3.2350,20.687,2.7763,2.6405,0.068697,14.884
-3.2250,21.709,2.889,2.7709,0.072316,15.644
-3.2150,22.746,3.0007,2.9032,0.076,16.417
-3.2050,23.795,3.1109,3.0371,0.079737,17.201
-3.1950,24.851,3.2191,3.172,0.083509,17.995
-3.1850,25.912,3.325,3.3073,0.087303,18.794
-3.1750,26.974,3.4283,3.4425,0.091102,19.597
-3.1650,28.032,3.5286,3.5769,0.09489,20.4
-3.1550,29.083,3.6258,3.71,0.098655,21.201
-3.1450,30.125,3.72,3.8412,0.10238,21.997
-3.1350,31.154,3.8111,3.9699,0.10607,22.786
-3.1250,32.168,3.8994,4.0957,0.1097,23.565
-3.1150,33.165,3.9853,4.2184,0.11326,24.334
-3.1050,34.145,4.069,4.3375,0.11677,25.091
-3.0950,35.107,4.1512,4.453,0.12021,25.836
-3.0850,36.051,4.2323,4.5648,0.12358,26.569
-3.0750,36.98,4.3128,4.6729,0.1269,27.29
-3.0650,37.894,4.3935,4.7775,0.13017,28
-3.0550,38.796,4.4749,4.8789,0.13339,28.7
-3.0450,39.688,4.5575,4.9774,0.13659,29.393
-3.0350,40.574,4.6418,5.0734,0.13977,30.08
-3.0250,41.456,4.7283,5.1673,0.14295,30.763
-3.0150,42.337,4.8173,5.2595,0.14614,31.445
-3.0050,43.22,4.9091,5.3506,0.14937,32.126
-2.9950,44.107,5.0036,5.4409,0.15264,32.809
-2.9850,44.999,5.1008,5.5307,0.15598,33.495
-2.9750,45.896,5.2004,5.6203,0.1594,34.183
-2.9650,46.798,5.302,5.7099,0.16291,34.874
-2.9550,47.702,5.4051,5.7995,0.16651,35.566
-2.9450,48.605,5.5088,5.8888,0.17021,36.256
-2.9350,49.504,5.6122,5.9778,0.17401,36.942
-2.9250,50.391,5.7143,6.0658,0.1779,37.619
-2.9150,51.26,5.8139,6.1523,0.18187,38.283
-2.9050,52.104,5.9098,6.2366,0.18589,38.926
-2.8950,52.912,6.0008,6.3178,0.18995,39.544
-2.8850,53.677,6.0855,6.3951,0.19402,40.129
-2.8750,54.389,6.1627,6.4674,0.19806,40.674
-2.8650,55.04,6.2313,6.5338,0.20205,41.172
-2.8550,55.619,6.2902,6.5934,0.20594,41.618
-2.8450,56.12,6.3385,6.6451,0.20969,42.005
-2.8350,56.536,6.3755,6.6883,0.21326,42.329
-2.8250,56.861,6.4007,6.7221,0.21662,42.584
-2.8150,57.091,6.4136,6.746,0.21972,42.769
-2.8050,57.224,6.4142,6.7597,0.22254,42.881
-2.7950,57.259,6.4026,6.7627,0.22504,42.919
-2.7850,57.195,6.3789,6.7552,0.22718,42.884
-2.7750,57.036,6.3437,6.7371,0.22896,42.777
-2.7650,56.784,6.2975,6.7088,0.23036,42.601
-2.7550,56.445,6.2411,6.6707,0.23135,42.36
-2.7450,56.025,6.1752,6.6233,0.23194,42.058
-2.7350,55.529,6.1009,6.5674,0.23212,41.699
-2.7250,54.965,6.0191,6.5035,0.23189,41.289
-2.7150,54.341,5.9307,6.4328,0.23128,40.834
-2.7050,53.664,5.8369,6.3559,0.23029,40.34
-2.6950,52.944,5.7387,6.2739,0.22894,39.813
-2.6850,52.188,5.637,6.1878,0.22726,39.258
-2.6750,51.406,5.5331,6.0985,0.22529,38.683
-2.6650,50.604,5.4279,6.007,0.22306,38.094
-2.6550,49.791,5.3222,5.9141,0.22061,37.495
-2.6450,48.974,5.2171,5.8208,0.21798,36.893
-2.6350,48.16,5.1135,5.7279,0.21521,36.293
-2.6250,47.356,5.0121,5.6359,0.21234,35.699
-2.6150,46.568,4.9137,5.5456,0.20942,35.116
-2.6050,45.801,4.819,5.4574,0.20649,34.549
-2.5950,45.06,4.7286,5.3719,0.20358,34
-2.5850,44.349,4.643,5.2892,0.20073,33.472
-2.5750,43.67,4.5627,5.2097,0.19797,32.968
-2.5650,43.026,4.4879,5.1333,0.19532,32.491
-2.5550,42.419,4.4188,5.0602,0.19281,32.04
-2.5450,41.85,4.3556,4.9902,0.19044,31.617
-2.5350,41.318,4.2982,4.9232,0.18821,31.221
-2.5250,40.823,4.2465,4.8589,0.18615,30.854
-2.5150,40.364,4.2003,4.7973,0.18424,30.515
-2.5050,39.941,4.1594,4.738,0.18248,30.202
-2.4950,39.551,4.1234,4.6807,0.18086,29.915
-2.4850,39.192,4.0918,4.6253,0.17937,29.653
-2.4750,38.865,4.0643,4.5715,0.178,29.415
-2.4650,38.565,4.0403,4.5192,0.17673,29.2
-2.4550,38.293,4.0194,4.4683,0.17556,29.006
-2.4450,38.046,4.001,4.4187,0.17448,28.834
-2.4350,37.823,3.9847,4.3704,0.17347,28.683
-2.4250,37.623,3.9698,4.3232,0.17252,28.55
-2.4150,37.444,3.956,4.2774,0.17163,28.436
-2.4050,37.284,3.9427,4.2329,0.17079,28.339
-2.3950,37.142,3.9294,4.1897,0.16999,28.258
-2.3850,37.015,3.9155,4.1478,0.16923,28.191
-2.3750,36.9,3.9005,4.1072,0.1685,28.136
-2.3650,36.795,3.8839,4.0678,0.1678,28.09
-2.3550,36.697,3.8651,4.0294,0.16712,28.052
-2.3450,36.599,3.8435,3.9921,0.16645,28.017
-2.3350,36.5,3.8186,3.9554,0.16578,27.982
-2.3250,36.393,3.7898,3.9192,0.1651,27.943
-2.3150,36.274,3.7566,3.8833,0.1644,27.897
-2.3050,36.139,3.7184,3.8473,0.16366,27.84
-2.2950,35.983,3.6749,3.8112,0.16289,27.768
-2.2850,35.803,3.6257,3.7746,0.16206,27.679
-2.2750,35.596,3.5704,3.7374,0.16116,27.569
-2.2650,35.359,3.509,3.6996,0.16019,27.438
-2.2550,35.092,3.4414,3.6614,0.15915,27.285
-2.2450,34.796,3.3677,3.6228,0.15802,27.109
-2.2350,34.473,3.2882,3.5841,0.1568,26.914
-2.2250,34.126,3.2031,3.5457,0.15551,26.701
-2.2150,33.76,3.1131,3.5081,0.15415,26.474
-2.2050,33.381,3.0186,3.472,0.15273,26.238
-2.1950,32.997,2.9204,3.438,0.15127,25.999
-2.1850,32.614,2.8194,3.4068,0.14978,25.763
-2.1750,32.243,2.7163,3.3792,0.14828,25.537
-2.1650,31.891,2.6122,3.356,0.1468,25.328
-2.1550,31.569,2.5078,3.338,0.14537,25.144
-2.1450,31.286,2.4042,3.3258,0.144,24.992
-2.1350,31.049,2.3023,3.3201,0.14273,24.879
-2.1250,30.867,2.2028,3.3214,0.14157,24.81
-2.1150,30.746,2.1065,3.3303,0.14056,24.793
-2.1050,30.693,2.0142,3.347,0.13972,24.831
-2.0950,30.713,1.9265,3.3718,0.13906,24.928
-2.0850,30.809,1.8438,3.4049,0.13861,25.086
-2.0750,30.983,1.7665,3.4462,0.13838,25.309
-2.0650,31.237,1.695,3.4955,0.13839,25.596
-2.0550,31.569,1.6294,3.5527,0.13865,25.948
-2.0450,31.979,1.5698,3.6174,0.13915,26.362
-2.0350,32.465,1.5162,3.6893,0.13992,26.837
-2.0250,33.022,1.4685,3.7677,0.14095,27.371
-2.0150,33.647,1.4264,3.8521,0.14224,27.959
-2.0050,34.334,1.3898,3.9419,0.14377,28.597
-1.9950,35.078,1.3583,4.0363,0.14555,29.281
-1.9850,35.873,1.3315,4.1345,0.14757,30.006
-1.9750,36.713,1.3091,4.2359,0.14979,30.767
-1.9650,37.59,1.2907,4.3397,0.15222,31.559
-1.9550,38.499,1.2758,4.4449,0.15481,32.376
-1.9450,39.432,1.2639,4.5508,0.15756,33.212
-1.9350,40.382,1.2546,4.6565,0.16042,34.062
-1.9250,41.343,1.2475,4.7614,0.16338,34.922
-1.9150,42.31,1.2422,4.8646,0.1664,35.786
-1.9050,43.276,1.2383,4.9655,0.16944,36.65
-1.8950,44.237,1.2356,5.0634,0.17249,37.51
-1.8850,45.187,1.2336,5.1578,0.1755,38.361
-1.8750,46.122,1.2321,5.2482,0.17845,39.201
-1.8650,47.039,1.2309,5.3342,0.18131,40.027
-1.8550,47.935,1.2298,5.4154,0.18405,40.836
-1.8450,48.807,1.2287,5.4916,0.18665,41.626
-1.8350,49.653,1.2273,5.5626,0.1891,42.396
-1.8250,50.472,1.2256,5.6283,0.19137,43.145
-1.8150,51.263,1.2236,5.6886,0.19347,43.871
-1.8050,52.024,1.2212,5.7435,0.19537,44.575
-1.7950,52.757,1.2183,5.7931,0.19708,45.255
-1.7850,53.46,1.2149,5.8374,0.1986,45.911
-1.7750,54.134,1.211,5.8764,0.19992,46.544
-1.7650,54.778,1.2067,5.9104,0.20105,47.154
-1.7550,55.392,1.2018,5.9393,0.202,47.739
-1.7450,55.977,1.1965,5.9633,0.20277,48.301
-1.7350,56.532,1.1907,5.9826,0.20337,48.839
-1.7250,57.058,1.1844,5.997,0.2038,49.353
-1.7150,57.553,1.1776,6.0068,0.20407,49.841
-1.7050,58.017,1.1704,6.012,0.20419,50.304
-1.6950,58.448,1.1628,6.0125,0.20415,50.74
-1.6850,58.846,1.1547,6.0082,0.20396,51.148
-1.6750,59.208,1.1462,5.9992,0.20361,51.526
-1.6650,59.532,1.1373,5.9852,0.20309,51.871
-1.6550,59.815,1.128,5.9662,0.20241,52.182
-1.6450,60.055,1.1183,5.9418,0.20154,52.454
-1.6350,60.247,1.1082,5.9118,0.20049,52.686
-1.6250,60.388,1.0978,5.8761,0.19923,52.874
-1.6150,60.474,1.087,5.8342,0.19777,53.014
-1.6050,60.501,1.0758,5.7859,0.19607,53.101
-1.5950,60.464,1.0643,5.7309,0.19414,53.133
-1.5850,60.36,1.0523,5.669,0.19197,53.106
-1.5750,60.186,1.0398,5.5998,0.18955,53.016
-1.5650,59.937,1.0269,5.5233,0.18688,52.861
-1.5550,59.611,1.0134,5.4394,0.18395,52.637
-1.5450,59.206,0.99937,5.3479,0.18078,52.344
-1.5350,58.72,0.98467,5.2491,0.17736,51.978
-1.5250,58.154,0.96926,5.143,0.17371,51.54
-1.5150,57.506,0.95306,5.0299,0.16983,51.029
-1.5050,56.778,0.93602,4.9101,0.16575,50.446
-1.4950,55.971,0.91805,4.7842,0.16149,49.792
-1.4850,55.087,0.89911,4.6525,0.15705,49.068
-1.4750,54.13,0.87913,4.5157,0.15247,48.278
-1.4650,53.102,0.85806,4.3745,0.14775,47.424
-1.4550,52.008,0.83588,4.2294,0.14293,46.508
-1.4450,50.851,0.81257,4.0812,0.13802,45.534
-1.4350,49.636,0.78812,3.9305,0.13304,44.506
-1.4250,48.368,0.76256,3.7781,0.128,43.428
-1.4150,47.051,0.73593,3.6246,0.12293,42.304
-1.4050,45.69,0.7083,3.4707,0.11784,41.138
-1.3950,44.291,0.67973,3.3171,0.11275,39.935
-1.3850,42.86,0.65035,3.1642,0.10767,38.699
-1.3750,41.401,0.62029,3.0128,0.10261,37.435
-1.3650,39.92,0.5897,2.8633,0.097594,36.148
-1.3550,38.423,0.55873,2.7162,0.092629,34.843
-1.3450,36.916,0.52756,2.5719,0.087729,33.525
-1.3350,35.403,0.49639,2.4308,0.082908,32.197
-1.3250,33.89,0.4654,2.2934,0.078177,30.866
-1.3150,32.382,0.43477,2.1598,0.073549,29.535
-1.3050,30.883,0.40468,2.0303,0.069036,28.209
-1.2950,29.399,0.37532,1.9052,0.064647,26.892
-1.2850,27.931,0.34683,1.7846,0.060392,25.586
-1.2750,26.485,0.31934,1.6685,0.056279,24.296
-1.2650,25.062,0.293,1.5571,0.052316,23.023
-1.2550,23.666,0.26787,1.4503,0.048508,21.77
-1.2450,22.298,0.24405,1.3482,0.044859,20.539
-1.2350,20.961,0.22159,1.2506,0.041374,19.333
-1.2250,19.655,0.20051,1.1576,0.038053,18.152
-1.2150,18.383,0.18084,1.069,0.034899,16.998
-1.2050,17.146,0.16254,0.98469,0.03191,15.873
-1.1950,15.944,0.14562,0.90468,0.029087,14.778
-1.1850,14.781,0.13002,0.82881,0.026426,13.715
-1.1750,13.657,0.1157,0.757,0.023927,12.685
-1.1650,12.573,0.10261,0.68915,0.021586,11.691
-1.1550,11.532,0.090676,0.62522,0.0194,10.734
-1.1450,10.536,0.079849,0.56514,0.017367,9.816
-1.1350,9.5861,0.070057,0.50884,0.015483,8.9392
-1.1250,8.6841,0.061234,0.45627,0.013744,8.1052
-1.1150,7.8314,0.05331,0.40735,0.012144,7.3156
-1.1050,7.0292,0.04622,0.36202,0.01068,6.5716
-1.0950,6.2788,0.039907,0.32023,0.0093478,5.8747
-1.0850,5.5804,0.034303,0.28187,0.0081401,5.2253
-1.0750,4.9342,0.029351,0.24684,0.0070512,4.6237
-1.0650,4.3397,0.024993,0.21502,0.006075,4.0696
-1.0550,3.7962,0.021178,0.1863,0.0052051,3.5626
-1.0450,3.3025,0.017854,0.16051,0.0044345,3.1015
-1.0350,2.8569,0.014972,0.13751,0.003756,2.6848
-1.0250,2.4572,0.012487,0.11712,0.0031625,2.3108
-1.0150,2.1012,0.010356,0.099164,0.0026467,1.9773
-1.0050,1.7861,0.0085402,0.083456,0.0022015,1.682
-0.9950,1.5091,0.0070009,0.069804,0.0018197,1.4221
-0.9850,1.2673,0.0057042,0.058016,0.0014943,1.195
-0.9750,1.0576,0.0046195,0.047915,0.0012193,0.99795
-0.9650,0.87705,0.0037164,0.039316,0.00098827,0.82814
-0.9550,0.72284,0.0029725,0.03206,0.00079598,0.68297
-0.9450,0.59199,0.0023632,0.025977,0.000637,0.5597
-0.9350,0.48166,0.0018662,0.020907,0.00050632,0.45568
-0.9250,0.38929,0.0014639,0.016714,0.0003997,0.36853
-0.9150,0.31256,0.0011416,0.013272,0.00031347,0.29608
-0.9050,0.24924,0.00088442,0.010465,0.00024406,0.23624
-0.8950,0.19739,0.00068061,0.0081959,0.00018871,0.18722
-0.8850,0.15524,0.00052019,0.0063736,0.00014489,0.14733
-0.8750,0.12121,0.00039475,0.0049206,0.00011042,0.11511
-0.8650,0.09395,0.00029732,0.0037704,8.3507e-05,0.089268
-0.8550,0.072254,0.00022216,0.0028663,6.264e-05,0.068694
-0.8450,0.055124,0.00016461,0.0021612,4.6587e-05,0.05244
-0.8350,0.041703,0.00012086,0.0016154,3.4332e-05,0.039696
-0.8250,0.031272,8.7864e-05,0.0011964,2.5047e-05,0.029786
-0.8150,0.023218,6.312e-05,0.00087661,1.8056e-05,0.022129
-0.8050,0.017128,4.5108e-05,0.00063828,1.2919e-05,0.016334
-0.7950,0.0125,3.1782e-05,0.00045934,9.1228e-06,0.011929
-0.7850,0.0090042,2.1958e-05,0.00032565,6.3356e-06,0.0085991
-0.7750,0.0064075,1.4893e-05,0.00022783,4.3403e-06,0.0061238
-0.7650,0.0045082,9.9329e-06,0.00015755,2.9404e-06,0.004312
-0.7550,0.003181,6.803e-06,0.00010962,2.0042e-06,0.0030444
-0.7450,0.0022214,4.6153e-06,7.5442e-05,1.3502e-06,0.0021273
-0.7350,0.0015261,3.0692e-06,5.0898e-05,8.9121e-07,0.0014625
-0.7250,0.0010269,1.9875e-06,3.3423e-05,5.7315e-07,0.00098509
-0.7150,0.00067761,1.2589e-06,2.1415e-05,3.6029e-07,0.00065068
-0.7050,0.00043531,7.7364e-07,1.3283e-05,2.1889e-07,0.00041851
-0.6950,0.00027205,4.6252e-07,7.9912e-06,1.2848e-07,0.00026187
-0.6850,0.00016577,2.7246e-07,4.735e-06,7.224e-08,0.00015971
-0.6750,9.5876e-05,1.5321e-07,2.7034e-06,3.7025e-08,9.2422e-05
-0.6650,5.0362e-05,7.7862e-08,1.3993e-06,1.6551e-08,4.8582e-05
-0.6550,2.2379e-05,3.3272e-08,6.1101e-07,5.8894e-09,2.1615e-05
-0.6450,6.8964e-06,9.7849e-09,1.8467e-07,1.3011e-09,6.677e-06
-0.6350,3.4249e-07,4.3624e-10,8.8632e-09,2.8452e-11,3.3146e-07
-0.6250,0,0,0,0,0
-0.6150,0,0,0,0,0
-0.6050,0,0,0,0,0
-0.5950,0,0,0,0,0
-0.5850,0,0,0,0,0
-0.5750,0,0,0,0,0
-0.5650,0,0,0,0,0
-0.5550,0,0,0,0,0
-0.5450,0,0,0,0,0
-0.5350,0,0,0,0,0
-0.5250,0,0,0,0,0
-0.5150,0,0,0,0,0
-0.5050,0,0,0,0,0
-0.4950,0,0,0,0,0
-0.4850,0,0,0,0,0
-0.4750,0,0,0,0,0
-0.4650,0,0,0,0,0
-0.4550,0,0,0,0,0
-0.4450,0,0,0,0,0
-0.4350,0,0,0,0,0
-0.4250,0,0,0,0,0
-0.4150,0,0,0,0,0
-0.4050,0,0,0,0,0
-0.3950,0,0,0,0,0
-0.3850,0,0,0,0,0
-0.3750,0,0,0,0,0
-0.3650,0,0,0,0,0
-0.3550,0,0,0,0,0
-0.3450,0,0,0,0,0
-0.3350,0,0,0,0,0
-0.3250,0,0,0,0,0
-0.3150,0,0,0,0,0
-0.3050,0,0,0,0,0
-0.2950,0,0,0,0,0
-0.2850,0,0,0,0,0
-0.2750,0,0,0,0,0
-0.2650,0,0,0,0,0
-0.2550,0,0,0,0,0
-0.2450,0,0,0,0,0
-0.2350,0,0,0,0,0
-0.2250,0,0,0,0,0
-0.2150,0,0,0,0,0
-0.2050,0,0,0,0,0
-0.1950,0,0,0,0,0
-0.1850,0,0,0,0,0
-0.1750,0,0,0,0,0
-0.1650,0,0,0,0,0
-0.1550,0,0,0,0,0
-0.1450,0,0,0,0,0
-0.1350,0,0,0,0,0
-0.1250,0,0,0,0,0
-0.1150,0,0,0,0,0
-0.1050,0,0,0,0,0
-0.0950,0,0,0,0,0
-0.0850,0,0,0,0,0
-0.0750,0,0,0,0,0
-0.0650,0,0,0,0,0
-0.0550,0,0,0,0,0
-0.0450,0,0,0,0,0
-0.0350,0,0,0,0,0
-0.0250,0,0,0,0,0
-0.0150,0,0,0,0,0
-0.0050,0,0,0,0,0
0.0050,0,0,0,0,0
0.0150,0,0,0,0,0
0.0250,0,0,0,0,0
0.0350,0,0,0,0,0
0.0450,0,0,0,0,0
0.0550,0,0,0,0,0
0.0650,0,0,0,0,0
0.0750,0,0,0,0,0
0.0850,0,0,0,0,0
0.0950,0,0,0,0,0
0.1050,0,0,0,0,0
0.1150,0,0,0,0,0
0.1250,0,0,0,0,0
0.1350,0,0,0,0,0
0.1450,0,0,0,0,0
0.1550,0,0,0,0,0
0.1650,0,0,0,0,0
0.1750,0,0,0,0,0
0.1850,0,0,0,0,0
0.1950,0,0,0,0,0
0.2050,0,0,0,0,0
0.2150,0,0,0,0,0
0.2250,0,0,0,0,0
0.2350,0,0,0,0,0
0.2450,0,0,0,0,0
0.2550,0,0,0,0,0
0.2650,0,0,0,0,0
0.2750,0,0,0,0,0
0.2850,0,0,0,0,0
0.2950,0,0,0,0,0
0.3050,0,0,0,0,0
0.3150,0,0,0,0,0
0.3250,0,0,0,0,0
0.3350,0,0,0,0,0
0.3450,0,0,0,0,0
0.3550,0,0,0,0,0
0.3650,0,0,0,0,0
0.3750,0,0,0,0,0
0.3850,0,0,0,0,0
0.3950,0,0,0,0,0
0.4050,0,0,0,0,0
0.4150,0,0,0,0,0
0.4250,0,0,0,0,0
0.4350,0,0,0,0,0
0.4450,0,0,0,0,0
0.4550,0,0,0,0,0
0.4650,0,0,0,0,0
0.4750,0,0,0,0,0
0.4850,0,0,0,0,0
0.4950,0,0,0,0,0
0.5050,0,0,0,0,0
0.5150,0,0,0,0,0
0.5250,0,0,0,0,0
0.5350,0,0,0,0,0
0.5450,0,0,0,0,0
0.5550,0,0,0,0,0
0.5650,0,0,0,0,0
0.5750,0,0,0,0,0
0.5850,0,0,0,0,0
0.5950,0,0,0,0,0
0.6050,0,0,0,0,0
0.6150,0,0,0,0,0
0.6250,1.3839e-08,1.3171e-10,1.7363e-09,3.9527e-09,7.0552e-09
0.6350,1.0833e-07,1.0348e-09,1.3574e-08,3.0969e-08,5.5189e-08
0.6450,5.877e-07,5.6214e-09,7.3643e-08,1.6812e-07,2.9924e-07
0.6550,2.1975e-06,2.1069e-08,2.7512e-07,6.2888e-07,1.1179e-06
0.6650,6.1105e-06,5.8742e-08,7.6456e-07,1.7503e-06,3.1058e-06
0.6750,1.3733e-05,1.3245e-07,1.7173e-06,3.9378e-06,6.9778e-06
0.6850,2.6599e-05,2.5719e-07,3.3253e-06,7.6307e-06,1.3509e-05
0.6950,4.685e-05,4.5396e-07,5.856e-06,1.3444e-05,2.3787e-05
0.7050,7.7457e-05,7.5179e-07,9.6797e-06,2.2235e-05,3.9316e-05
0.7150,0.00012249,1.1907e-06,1.5307e-05,3.5171e-05,6.216e-05
0.7250,0.00018747,1.8245e-06,2.3425e-05,5.3838e-05,9.5118e-05
0.7350,0.0002798,2.726e-06,3.4958e-05,8.0366e-05,0.00014194
0.7450,0.00040927,3.9913e-06,5.1132e-05,0.00011757,0.00020758
0.7550,0.00058871,5.7462e-06,7.3548e-05,0.00016915,0.00029856
0.7650,0.00083476,8.1541e-06,0.00010428,0.00023988,0.00042329
0.7750,0.0011679,1.1416e-05,0.00014589,0.00033565,0.00059213
0.7850,0.0016135,1.5781e-05,0.00020155,0.00046376,0.00081799
0.7950,0.0022051,2.1579e-05,0.00027544,0.00063388,0.0011178
0.8050,0.0029844,2.9222e-05,0.00037278,0.00085799,0.0015127
0.8150,0.0040012,3.9199e-05,0.00049978,0.0011504,0.002028
0.8250,0.0053154,5.2101e-05,0.00066391,0.0015285,0.0026938
0.8350,0.0069977,6.8627e-05,0.00087402,0.0020124,0.0035461
0.8450,0.0091308,8.9595e-05,0.0011404,0.0026261,0.0046266
0.8550,0.01181,0.00011595,0.001475,0.003397,0.0059836
0.8650,0.015143,0.00014875,0.0018912,0.0043562,0.0076715
0.8750,0.01925,0.0001892,0.0024041,0.0055383,0.0097512
0.8850,0.024263,0.00023861,0.0030301,0.0069815,0.012289
0.8950,0.030324,0.00029839,0.0037871,0.0087267,0.015358
0.9050,0.037584,0.00037005,0.0046936,0.010817,0.019033
0.9150,0.046197,0.00045514,0.0057692,0.013298,0.023392
0.9250,0.05632,0.00055522,0.0070332,0.016214,0.028514
0.9350,0.068104,0.00067183,0.0085047,0.019609,0.034476
0.9450,0.081695,0.00080645,0.010202,0.023526,0.041351
0.9550,0.097221,0.00096038,0.012141,0.028002,0.049203
0.9650,0.11479,0.0011348,0.014335,0.033068,0.058088
0.9750,0.13449,0.0013305,0.016795,0.03875,0.068047
0.9850,0.15638,0.0015483,0.019528,0.045064,0.079107
0.9950,0.18046,0.0017881,0.022536,0.052014,0.091275
1.0050,0.20672,0.0020501,0.025815,0.059596,0.10454
1.0150,0.2351,0.0023335,0.029359,0.067791,0.11887
1.0250,0.26548,0.0026375,0.033154,0.076569,0.1342
1.0350,0.29772,0.0029606,0.037182,0.085889,0.15046
1.0450,0.33163,0.0033012,0.04142,0.095699,0.16757
1.0550,0.36701,0.0036571,0.045842,0.10594,0.1854
1.0650,0.40361,0.0040262,0.050417,0.11654,0.20383
1.0750,0.44116,0.0044059,0.055114,0.12742,0.22273
1.0850,0.47941,0.0047937,0.0599,0.13852,0.24197
1.0950,0.51811,0.0051873,0.064744,0.14976,0.26142
1.1050,0.557,0.0055842,0.069616,0.16106,0.28094
1.1150,0.59587,0.0059824,0.07449,0.17238,0.30043
1.1250,0.63455,0.0063803,0.079343,0.18365,0.3198
1.1350,0.67288,0.0067766,0.084161,0.19484,0.33897
1.1450,0.71081,0.0071706,0.088933,0.20593,0.35791
1.1550,0.74828,0.0075621,0.093657,0.21691,0.37658
1.1650,0.78534,0.0079517,0.098337,0.22779,0.39501
1.1750,0.82207,0.0083401,0.10299,0.23859,0.41324
1.1850,0.8586,0.008729,0.10762,0.24936,0.43134
1.1950,0.89512,0.0091203,0.11227,0.26014,0.44938
1.2050,0.93184,0.0095164,0.11695,0.27101,0.46749
1.2150,0.96903,0.0099198,0.1217,0.28204,0.48579
1.2250,1.0069,0.010333,0.12657,0.2933,0.50441
1.2350,1.0458,0.01076,0.13157,0.30488,0.52348
1.2450,1.086,0.011203,0.13675,0.31685,0.54315
1.2550,1.1277,0.011664,0.14213,0.32929,0.56353
1.2650,1.1712,0.012145,0.14775,0.34227,0.58474
1.2750,1.2166,0.01265,0.15363,0.35584,0.60687
1.2850,1.264,0.013178,0.1598,0.37004,0.63001
1.2950,1.3137,0.013732,0.16626,0.38493,0.6542
1.3050,1.3657,0.014312,0.17302,0.4005,0.67949
1.3150,1.42,0.014918,0.18009,0.41678,0.70589
1.3250,1.4766,0.01555,0.18747,0.43377,0.73338
1.3350,1.5355,0.016206,0.19515,0.45145,0.76195
1.3450,1.5965,0.016886,0.20312,0.46981,0.79157
1.3550,1.6597,0.017589,0.21138,0.48883,0.82218
1.3650,1.7249,0.018314,0.2199,0.50848,0.85374
1.3750,1.792,0.019058,0.22869,0.52874,0.8862
1.3850,1.861,0.019821,0.23772,0.54958,0.91951
1.3950,1.9317,0.020602,0.247,0.571,0.95364
1.4050,2.0042,0.021399,0.25651,0.59298,0.98855
1.4150,2.0784,0.022212,0.26626,0.61552,1.0242
1.4250,2.1543,0.02304,0.27624,0.63862,1.0607
1.4350,2.2319,0.023884,0.28647,0.6623,1.0979
1.4450,2.3114,0.024744,0.29695,0.68657,1.136
1.4550,2.3927,0.025619,0.3077,0.71148,1.1749
1.4650,2.4761,0.026511,0.31873,0.73705,1.2147
1.4750,2.5616,0.027421,0.33006,0.76332,1.2555
1.4850,2.6494,0.02835,0.34171,0.79035,1.2973
1.4950,2.7396,0.029298,0.35371,0.81816,1.3402
1.5050,2.8325,0.030267,0.36608,0.84683,1.3842
1.5150,2.9281,0.031259,0.37885,0.8764,1.4296
1.5250,3.0267,0.032274,0.39204,0.90692,1.4763
1.5350,3.1285,0.033314,0.40569,0.93846,1.5244
1.5450,3.2336,0.03438,0.41982,0.97107,1.5741
1.5550,3.3423,0.035474,0.43449,1.0048,1.6254
1.5650,3.4548,0.036597,0.4497,1.0398,1.6784
1.5750,3.5714,0.037751,0.46552,1.076,1.7333
1.5850,3.6923,0.038938,0.48198,1.1136,1.7903
1.5950,3.8179,0.040161,0.49914,1.1527,1.8493
1.6050,3.9485,0.04142,0.51706,1.1933,1.9107
1.6150,4.0843,0.04272,0.53578,1.2355,1.9745
1.6250,4.2258,0.044063,0.55537,1.2795,2.0409
1.6350,4.3733,0.04545,0.57589,1.3253,2.11
1.6450,4.5271,0.046886,0.59739,1.373,2.1821
1.6550,4.6874,0.048371,0.61992,1.4228,2.2572
1.6650,4.8545,0.049908,0.64352,1.4745,2.3354
1.6750,5.0284,0.051498,0.66822,1.5284,2.4168
1.6850,5.2092,0.053141,0.69404,1.5843,2.5013
1.6950,5.3966,0.054836,0.72098,1.6421,2.5889
1.7050,5.5905,0.056582,0.749,1.7019,2.6795
1.7150,5.7903,0.058375,0.77805,1.7634,2.7729
1.7250,5.9955,0.06021,0.80805,1.8264,2.8686
1.7350,6.205,0.06208,0.83889,1.8907,2.9664
1.7450,6.418,0.063979,0.87043,1.9559,3.0658
1.7550,6.6331,0.065896,0.90249,2.0217,3.1661
1.7650,6.849,0.067819,0.93487,2.0875,3.2667
1.7750,7.064,0.069737,0.96733,2.153,3.3668
1.7850,7.2764,0.071635,0.99963,2.2176,3.4657
1.7950,7.4843,0.073498,1.0315,2.2807,3.5624
1.8050,7.686,0.075312,1.0626,2.3418,3.6561
1.8150,7.8794,0.07706,1.0926,2.4004,3.7459
1.8250,8.0628,0.078727,1.1213,2.4558,3.8308
1.8350,8.2342,0.080299,1.1483,2.5076,3.91
1.8450,8.3921,0.081761,1.1734,2.5554,3.9828
1.8550,8.535,0.0831,1.1963,2.5986,4.0485
1.8650,8.6617,0.084306,1.2168,2.6371,4.1064
1.8750,8.7713,0.085369,1.2347,2.6704,4.1561
1.8850,8.863,0.086284,1.2498,2.6986,4.1974
1.8950,8.9367,0.087046,1.2621,2.7215,4.2301
1.9050,8.9925,0.087654,1.2715,2.7393,4.2542
1.9150,9.0307,0.08811,1.2781,2.752,4.27
1.9250,9.0523,0.088419,1.2819,2.7599,4.2779
1.9350,9.0585,0.088588,1.2831,2.7635,4.2785
1.9450,9.0507,0.088628,1.282,2.7633,4.2724
1.9550,9.0309,0.08855,1.2787,2.7596,4.2606
1.9650,9.001,0.08837,1.2736,2.7533,4.2441
1.9750,8.9633,0.088105,1.2671,2.7448,4.2239
1.9850,8.9203,0.087771,1.2594,2.735,4.2012
1.9950,8.8743,0.087388,1.251,2.7246,4.1772
2.0050,8.8279,0.086975,1.2423,2.7143,4.153
2.0150,8.7835,0.086551,1.2336,2.7047,4.1298
2.0250,8.7433,0.086133,1.2254,2.6966,4.1087
2.0350,8.7095,0.085739,1.2179,2.6905,4.0907
2.0450,8.6837,0.085384,1.2115,2.6869,4.0765
2.0550,8.6676,0.085081,1.2063,2.6863,4.0671
2.0650,8.6624,0.084841,1.2027,2.6891,4.0628
2.0750,8.6688,0.084671,1.2007,2.6954,4.0641
2.0850,8.6872,0.084577,1.2004,2.7054,4.0711
2.0950,8.7177,0.084559,1.2019,2.719,4.084
2.1050,8.76,0.084618,1.2051,2.7362,4.1023
2.1150,8.8131,0.084748,1.2098,2.7567,4.1259
2.1250,8.8762,0.084942,1.216,2.7802,4.1542
2.1350,8.9476,0.085192,1.2235,2.8062,4.1864
2.1450,9.0259,0.085484,1.2319,2.8343,4.2219
2.1550,9.1092,0.085807,1.241,2.8638,4.2597
2.1650,9.1954,0.086146,1.2506,2.8943,4.2988
2.1750,9.2828,0.086488,1.2604,2.9251,4.3385
2.1850,9.3692,0.086817,1.27,2.9555,4.3776
2.1950,9.4528,0.087121,1.2793,2.9851,4.4154
2.2050,9.5318,0.087388,1.2879,3.0132,4.451
2.2150,9.6048,0.087607,1.2957,3.0394,4.4836
2.2250,9.6703,0.08777,1.3025,3.0632,4.5126
2.2350,9.7273,0.087871,1.3081,3.0844,4.5376
2.2450,9.775,0.087906,1.3125,3.1026,4.5581
2.2550,9.8129,0.087875,1.3156,3.1177,4.574
2.2650,9.8407,0.087777,1.3174,3.1297,4.585
2.2750,9.8581,0.087614,1.3178,3.1383,4.591
2.2850,9.8651,0.087386,1.3168,3.1436,4.592
2.2950,9.8619,0.0871,1.3146,3.1456,4.5882
2.3050,9.8486,0.086759,1.3111,3.1444,4.5795
2.3150,9.8255,0.086367,1.3064,3.14,4.5661
2.3250,9.7928,0.085929,1.3005,3.1325,4.548
2.3350,9.7507,0.085447,1.2936,3.122,4.5254
2.3450,9.6991,0.084925,1.2855,3.1084,4.4983
2.3550,9.6383,0.084363,1.2764,3.0918,4.4667
2.3650,9.5682,0.083764,1.2662,3.0723,4.4305
2.3750,9.4889,0.083128,1.255,3.0497,4.3899
2.3850,9.4003,0.082455,1.2428,3.0242,4.3448
2.3950,9.3027,0.081747,1.2296,2.9957,4.2952
2.4050,9.1963,0.081006,1.2154,2.9644,4.2412
2.4150,9.0814,0.080235,1.2004,2.9305,4.1831
2.4250,8.9587,0.079438,1.1845,2.894,4.121
2.4350,8.8289,0.078622,1.168,2.8554,4.0553
2.4450,8.6932,0.077795,1.1509,2.8148,3.9864
2.4550,8.553,0.076967,1.1335,2.7729,3.915
2.4650,8.4096,0.076152,1.116,2.73,3.8418
2.4750,8.2647,0.075361,1.0985,2.6867,3.7673
2.4850,8.1203,0.074613,1.0814,2.6436,3.6926
2.4950,7.9783,0.073925,1.065,2.6015,3.6183
2.5050,7.8407,0.073315,1.0495,2.5608,3.5454
2.5150,7.7094,0.072801,1.0353,2.5222,3.4746
2.5250,7.5862,0.072403,1.0226,2.4864,3.4066
2.5350,7.4726,0.072139,1.0116,2.4538,3.3421
2.5450,7.3704,0.07203,1.0028,2.4249,3.2816
2.5550,7.2807,0.072094,0.9963,2.4003,3.2255
2.5650,7.2048,0.07235,0.99238,2.3803,3.1741
2.5750,7.1435,0.072819,0.99128,2.3652,3.1276
2.5850,7.0979,0.073525,0.99328,2.3555,3.0861
2.5950,7.0692,0.074496,0.99869,2.3515,3.0499
2.6050,7.0585,0.075763,1.0078,2.3536,3.0189
2.6150,7.067,0.077357,1.0211,2.3624,2.9935
2.6250,7.0962,0.079316,1.0388,2.3784,2.9738
2.6350,7.148,0.081685,1.0614,2.4021,2.9601
2.6450,7.2244,0.08451,1.0895,2.4344,2.953
2.6550,7.3278,0.087845,1.1236,2.4761,2.9532
2.6650,7.4605,0.091743,1.1642,2.5279,2.9612
2.6750,7.6253,0.096258,1.2118,2.5907,2.978
2.6850,7.8244,0.10144,1.2671,2.6654,3.0044
2.6950,8.0602,0.10735,1.3304,2.7524,3.0411
2.7050,8.3344,0.11402,1.4022,2.8525,3.0891
2.7150,8.6484,0.12148,1.4827,2.9658,3.1488
2.7250,9.0027,0.12978,1.5721,3.0925,3.2208
2.7350,9.3972,0.13892,1.6705,3.2322,3.3053
2.7450,9.8311,0.14891,1.7778,3.3844,3.4022
2.7550,10.302,0.15976,1.8936,3.5484,3.5112
2.7650,10.809,0.17143,2.0177,3.7229,3.6317
2.7750,11.346,0.18392,2.1494,3.9067,3.7629
2.7850,11.912,0.19718,2.2883,4.0982,3.9037
2.7950,12.501,0.21118,2.4336,4.2958,4.0529
2.8050,13.11,0.22586,2.5846,4.4978,4.2091
2.8150,13.733,0.24119,2.7406,4.7025,4.371
2.8250,14.367,0.25711,2.9008,4.9084,4.5372
2.8350,15.007,0.27356,3.0645,5.114,4.7063
2.8450,15.65,0.29048,3.231,5.3181,4.8773
2.8550,16.292,0.30782,3.3997,5.5195,5.0491
2.8650,16.931,0.32551,3.5697,5.7173,5.2206
2.8750,17.563,0.34349,3.7405,5.911,5.3912
2.8850,18.188,0.36168,3.9113,6.0998,5.5601
2.8950,18.802,0.38,4.0814,6.2833,5.7267
2.9050,19.404,0.39836,4.2501,6.461,5.8904
2.9150,19.991,0.41666,4.4165,6.6326,6.0507
2.9250,20.562,0.43481,4.5797,6.7976,6.207
2.9350,21.113,0.45269,4.7387,6.9555,6.3586
2.9450,21.643,0.47018,4.8926,7.1057,6.5048
2.9550,22.148,0.48718,5.0403,7.2474,6.6448
2.9650,22.625,0.50356,5.1808,7.3799,6.7777
2.9750,23.07,0.51921,5.313,7.5022,6.9025
2.9850,23.482,0.53404,5.436,7.6134,7.0183
2.9950,23.856,0.54794,5.549,7.7127,7.124
3.0050,24.189,0.56084,5.6512,7.7992,7.2188
3.0150,24.479,0.57268,5.742,7.8719,7.3017
3.0250,24.724,0.58343,5.8212,7.9304,7.3722
3.0350,24.924,0.59304,5.8885,7.9742,7.4295
3.0450,25.076,0.60154,5.944,8.0029,7.4735
3.0550,25.182,0.60893,5.988,8.0167,7.504
3.0650,25.243,0.61525,6.0209,8.0157,7.521
3.0750,25.26,0.62055,6.0434,8.0004,7.5249
3.0850,25.235,0.62491,6.0563,7.9716,7.5162
3.0950,25.173,0.62839,6.0606,7.9302,7.4958
3.1050,25.076,0.63107,6.0572,7.8773,7.4646
3.1150,24.948,0.63304,6.0471,7.8142,7.4235
3.1250,24.795,0.63436,6.0315,7.7422,7.3737
3.1350,24.619,0.63513,6.0114,7.663,7.3166
3.1450,24.427,0.63543,5.9879,7.5782,7.2536
3.1550,24.222,0.63531,5.9621,7.4894,7.186
3.1650,24.011,0.63486,5.935,7.3983,7.1154
3.1750,23.797,0.63413,5.9074,7.3065,7.0432
3.1850,23.585,0.63318,5.8802,7.2157,6.9709
3.1950,23.38,0.63209,5.8543,7.1275,6.8999
3.2050,23.187,0.63091,5.8306,7.0435,6.8317
3.2150,23.009,0.6297,5.8098,6.9653,6.7676
3.2250,22.852,0.62853,5.7926,6.8941,6.709
3.2350,22.717,0.62749,5.7799,6.8314,6.6572
3.2450,22.611,0.62664,5.7722,6.7783,6.6134
3.2550,22.535,0.62606,5.7703,6.736,6.5785
3.2650,22.492,0.62585,5.7748,6.7054,6.5536
3.2750,22.486,0.62608,5.7862,6.6872,6.5395
3.2850,22.517,0.62685,5.805,6.682,6.5369
3.2950,22.588,0.62822,5.8315,6.6902,6.5461
3.3050,22.699,0.63028,5.866,6.7117,6.5673
3.3150,22.849,0.63309,5.9086,6.7467,6.6008
3.3250,23.039,0.6367,5.9593,6.7947,6.6462
3.3350,23.267,0.64115,6.0179,6.8551,6.7032
3.3450,23.53,0.64645,6.0839,6.9273,6.7711
3.3550,23.826,0.65262,6.157,7.01,6.849
3.3650,24.151,0.65964,6.2364,7.1023,6.9362
3.3750,24.502,0.66748,6.3215,7.2028,7.0313
3.3850,24.875,0.67611,6.4114,7.31,7.1331
3.3950,25.265,0.68545,6.5051,7.4224,7.2404
3.4050,25.666,0.69545,6.6018,7.5384,7.3516
3.4150,26.076,0.70602,6.7004,7.6565,7.4654
3.4250,26.489,0.71709,6.8001,7.7752,7.5804
3.4350,26.9,0.72857,6.8999,7.893,7.6954
3.4450,27.307,0.74036,6.9991,8.0085,7.8091
3.4550,27.705,0.75239,7.0969,8.1205,7.9203
3.4650,28.091,0.76455,7.1925,8.2281,8.0282
3.4750,28.463,0.77678,7.2855,8.3301,8.1319
3.4850,28.817,0.78898,7.3754,8.426,8.2306
3.4950,29.153,0.80108,7.4616,8.515,8.3238
3.5050,29.469,0.813,7.544,8.5969,8.4111
3.5150,29.763,0.82468,7.6222,8.6712,8.4921
3.5250,30.036,0.83603,7.696,8.7379,8.5667
3.5350,30.286,0.847,7.765,8.7967,8.6346
3.5450,30.513,0.8575,7.8292,8.8478,8.6957
3.5550,30.716,0.86747,7.8883,8.891,8.75
3.5650,30.895,0.87684,7.9419,8.9264,8.7974
3.5750,31.05,0.88554,7.9898,8.954,8.8377
3.5850,31.179,0.89349,8.0317,8.9737,8.8707
3.5950,31.281,0.90062,8.0672,8.9855,8.8964
3.6050,31.357,0.90687,8.096,8.9891,8.9145
3.6150,31.403,0.91218,8.1176,8.9843,8.9246
3.6250,31.42,0.91648,8.1316,8.9709,8.9264
3.6350,31.405,0.91974,8.1379,8.9485,8.9196
3.6450,31.358,0.92192,8.136,8.9168,8.9039
3.6550,31.277,0.923,8.1258,8.8754,8.8789
3.6650,31.161,0.92299,8.1072,8.824,8.8444
3.6750,31.01,0.9219,8.0803,8.7623,8.8002
3.6850,30.824,0.91979,8.0452,8.6902,8.7462
3.6950,30.603,0.91671,8.0024,8.6076,8.6824
3.7050,30.347,0.91274,7.9523,8.5145,8.6089
3.7150,30.059,0.90801,7.8956,8.4112,8.5262
3.7250,29.739,0.90262,7.8331,8.2981,8.4345
3.7350,29.392,0.89671,7.7656,8.1755,8.3344
3.7450,29.018,0.89042,7.6943,8.0442,8.2267
3.7550,28.622,0.88392,7.62,7.9048,8.1121
3.7650,28.207,0.87735,7.544,7.7583,7.9914
3.7750,27.776,0.87085,7.4672,7.6055,7.8654
3.7850,27.333,0.86457,7.3907,7.4474,7.7352
3.7950,26.882,0.85861,7.3151,7.285,7.6015
3.8050,26.425,0.85308,7.2415,7.1191,7.4652
3.8150,25.965,0.84807,7.1704,6.9508,7.327
3.8250,25.505,0.84363,7.1022,6.7808,7.1877
3.8350,25.047,0.8398,7.0373,6.6099,7.0477
3.8450,24.593,0.83659,6.9757,6.4386,6.9075
3.8550,24.143,0.834,6.9176,6.2676,6.7675
3.8650,23.698,0.832,6.8628,6.0972,6.6279
3.8750,23.259,0.83055,6.8109,5.9276,6.4887
3.8850,22.825,0.8296,6.7618,5.759,6.35
3.8950,22.395,0.82912,6.7151,5.5915,6.2118
3.9050,21.971,0.82905,6.6705,5.425,6.0739
3.9150,21.549,0.82935,6.6278,5.2593,5.9361
3.9250,21.131,0.83,6.5867,5.0945,5.7985
3.9350,20.716,0.83098,6.5471,4.9302,5.6607
3.9450,20.303,0.8323,6.5091,4.7662,5.5226
3.9550,19.891,0.83398,6.4728,4.6024,5.3843
3.9650,19.482,0.83608,6.4387,4.4386,5.2457
3.9750,19.075,0.83864,6.4071,4.2747,5.1069
3.9850,18.673,0.84178,6.3789,4.1108,4.9683
3.9950,18.276,0.84559,6.3548,3.9469,4.83
4.0050,17.886,0.85018,6.3357,3.7834,4.6926
4.0150,17.506,0.85569,6.3227,3.6204,4.5565
4.0250,17.138,0.86223,6.3169,3.4585,4.4225
4.0350,16.785,0.86995,6.3195,3.2982,4.2913
4.0450,16.451,0.87896,6.3315,3.1402,4.1637
4.0550,16.138,0.88937,6.3541,2.9852,4.0406
4.0650,15.85,0.90125,6.3882,2.834,3.9228
4.0750,15.59,0.91468,6.4346,2.6875,3.8112
4.0850,15.36,0.92968,6.4939,2.5465,3.7067
4.0950,15.164,0.94625,6.5667,2.4118,3.61
4.1050,15.003,0.96436,6.6532,2.2842,3.5217
4.1150,14.879,0.98396,6.7533,2.1645,3.4425
4.1250,14.793,1.0049,6.8671,2.0531,3.3729
4.1350,14.746,1.0272,6.994,1.9507,3.313
4.1450,14.737,1.0506,7.1334,1.8576,3.2631
4.1550,14.767,1.075,7.2846,1.7741,3.2232
4.1650,14.834,1.1002,7.447,1.7002,3.1932
4.1750,14.936,1.126,7.6193,1.6359,3.1729
4.1850,15.073,1.1523,7.8009,1.5811,3.1618
4.1950,15.242,1.1788,7.9905,1.5354,3.1597
4.2050,15.44,1.2056,8.1873,1.4985,3.166
4.2150,15.666,1.2323,8.3903,1.4699,3.18
4.2250,15.916,1.2589,8.5985,1.4488,3.2011
4.2350,16.188,1.2853,8.8112,1.4348,3.2286
4.2450,16.479,1.3112,9.0275,1.4271,3.2618
4.2550,16.787,1.3368,9.2468,1.425,3.3001
4.2650,17.109,1.3618,9.4683,1.4277,3.3427
4.2750,17.443,1.3862,9.6914,1.4345,3.3888
4.2850,17.786,1.4099,9.9154,1.4446,3.4379
4.2950,18.135,1.4328,10.14,1.4575,3.4893
4.3050,18.489,1.4549,10.364,1.4724,3.5424
4.3150,18.844,1.476,10.587,1.4886,3.5966
4.3250,19.2,1.496,10.809,1.5058,3.6515
4.3350,19.554,1.5149,11.029,1.5234,3.7066
4.3450,19.904,1.5326,11.247,1.5409,3.7615
4.3550,20.249,1.5488,11.461,1.5581,3.8158
4.3650,20.588,1.5636,11.672,1.5747,3.8693
4.3750,20.919,1.5768,11.878,1.5904,3.9219
4.3850,21.242,1.5884,12.081,1.605,3.9733
4.3950,21.556,1.5983,12.279,1.6185,4.0235
4.4050,21.86,1.6065,12.472,1.6308,4.0724
4.4150,22.155,1.613,12.66,1.642,4.1202
4.4250,22.441,1.6178,12.844,1.6519,4.1667
4.4350,22.718,1.621,13.023,1.6607,4.2122
4.4450,22.986,1.6228,13.198,1.6685,4.2567
4.4550,23.246,1.6232,13.368,1.6753,4.3003
4.4650,23.5,1.6224,13.535,1.6813,4.3431
4.4750,23.747,1.6206,13.698,1.6865,4.3853
4.4850,23.987,1.6179,13.858,1.691,4.4268
4.4950,24.222,1.6146,14.014,1.695,4.4678
4.5050,24.452,1.6109,14.167,1.6984,4.5082
4.5150,24.677,1.6069,14.317,1.7015,4.5481
4.5250,24.897,1.6028,14.464,1.7041,4.5874
4.5350,25.111,1.5987,14.607,1.7065,4.6262
4.5450,25.32,1.5947,14.746,1.7086,4.6643
4.5550,25.523,1.5908,14.881,1.7105,4.7016
4.5650,25.719,1.5872,15.011,1.7121,4.7381
4.5750,25.906,1.5837,15.135,1.7134,4.7736
4.5850,26.086,1.5803,15.253,1.7144,4.8079
4.5950,26.255,1.5769,15.365,1.715,4.8411
4.6050,26.415,1.5734,15.47,1.7152,4.8729
4.6150,26.563,1.5698,15.567,1.7149,4.9033
4.6250,26.699,1.5658,15.656,1.7139,4.9321
4.6350,26.823,1.5612,15.738,1.7122,4.9593
4.6450,26.935,1.556,15.811,1.7097,4.9846
4.6550,27.033,1.55,15.877,1.7061,5.008
4.6650,27.118,1.5431,15.934,1.7014,5.0293
4.6750,27.19,1.535,15.984,1.6954,5.0485
4.6850,27.249,1.5258,16.028,1.6879,5.0654
4.6950,27.296,1.5153,16.065,1.6789,5.0798
4.7050,27.332,1.5035,16.097,1.6682,5.0917
4.7150,27.357,1.4904,16.125,1.6556,5.1009
4.7250,27.372,1.476,16.149,1.6412,5.1072
4.7350,27.379,1.4604,16.17,1.6249,5.1106
4.7450,27.378,1.4435,16.19,1.6066,5.111
4.7550,27.372,1.4257,16.21,1.5864,5.1083
4.7650,27.361,1.4069,16.23,1.5644,5.1025
4.7750,27.347,1.3873,16.252,1.5406,5.0936
4.7850,27.333,1.3672,16.278,1.5152,5.0817
4.7950,27.319,1.3466,16.307,1.4884,5.0669
4.8050,27.308,1.326,16.341,1.4604,5.0494
4.8150,27.301,1.3053,16.381,1.4314,5.0294
4.8250,27.3,1.2849,16.427,1.4018,5.0071
4.8350,27.306,1.265,16.481,1.3717,4.9829
4.8450,27.32,1.2457,16.541,1.3415,4.9571
4.8550,27.344,1.2272,16.609,1.3115,4.9299
4.8650,27.377,1.2097,16.684,1.2818,4.9018
4.8750,27.422,1.1933,16.767,1.2528,4.873
4.8850,27.477,1.178,16.857,1.2247,4.844
4.8950,27.543,1.164,16.952,1.1976,4.8149
4.9050,27.619,1.1512,17.054,1.1716,4.7861
4.9150,27.704,1.1397,17.16,1.147,4.7578
4.9250,27.798,1.1294,17.27,1.1238,4.7302
4.9350,27.9,1.1204,17.382,1.102,4.7035
4.9450,28.008,1.1124,17.497,1.0817,4.6779
4.9550,28.122,1.1055,17.612,1.0628,4.6534
4.9650,28.24,1.0995,17.727,1.0453,4.6302
4.9750,28.361,1.0944,17.841,1.0292,4.6083
4.9850,28.484,1.0901,17.954,1.0145,4.5878
4.9950,28.608,1.0865,18.064,1.001,4.5688
5.0050,28.734,1.0836,18.173,0.98871,4.5513
5.0150,28.86,1.0811,18.278,0.97756,4.5354
5.0250,28.986,1.0792,18.381,0.96749,4.521
5.0350,29.113,1.0778,18.481,0.95843,4.5084
5.0450,29.24,1.0767,18.58,0.95034,4.4975
5.0550,29.369,1.0761,18.676,0.94318,4.4883
5.0650,29.499,1.0759,18.771,0.93688,4.4809
5.0750,29.63,1.0761,18.865,0.93141,4.4753
5.0850,29.765,1.0767,18.958,0.92673,4.4715
5.0950,29.903,1.0777,19.052,0.92281,4.4694
5.1050,30.044,1.0791,19.146,0.91958,4.4689
5.1150,30.189,1.081,19.241,0.91701,4.47
5.1250,30.339,1.0832,19.337,0.91504,4.4726
5.1350,30.493,1.0859,19.434,0.91361,4.4764
5.1450,30.651,1.089,19.533,0.91265,4.4812
5.1550,30.814,1.0925,19.634,0.91211,4.4869
5.1650,30.981,1.0963,19.736,0.91189,4.4933
5.1750,31.151,1.1005,19.84,0.91194,4.5
5.1850,31.325,1.1049,19.945,0.91218,4.5068
5.1950,31.503,1.1096,20.052,0.91251,4.5136
5.2050,31.682,1.1145,20.16,0.91287,4.52
5.2150,31.864,1.1196,20.268,0.91316,4.5258
5.2250,32.048,1.1248,20.378,0.91334,4.5308
5.2350,32.234,1.13,20.488,0.91334,4.535
5.2450,32.421,1.1353,20.599,0.91311,4.5382
5.2550,32.609,1.1405,20.711,0.91262,4.5403
5.2650,32.798,1.1458,20.824,0.91182,4.5412
5.2750,32.989,1.151,20.938,0.91071,4.541
5.2850,33.18,1.1561,21.053,0.90928,4.5396
5.2950,33.373,1.1612,21.169,0.90753,4.5371
5.3050,33.566,1.1662,21.286,0.90548,4.5336
5.3150,33.76,1.1711,21.404,0.90314,4.529
5.3250,33.955,1.176,21.523,0.90053,4.5234
5.3350,34.15,1.1808,21.643,0.89769,4.517
5.3450,34.346,1.1855,21.764,0.89466,4.5098
5.3550,34.54,1.1902,21.885,0.89146,4.5017
5.3650,34.733,1.1948,22.006,0.88814,4.4929
5.3750,34.926,1.1993,22.127,0.88474,4.4834
5.3850,35.116,1.2037,22.247,0.88129,4.4733
5.3950,35.305,1.2081,22.367,0.87783,4.4625
5.4050,35.491,1.2124,22.485,0.8744,4.4512
5.4150,35.676,1.2166,22.603,0.87106,4.4394
5.4250,35.859,1.2208,22.72,0.86783,4.4272
5.4350,36.041,1.225,22.836,0.86477,4.4147
5.4450,36.223,1.2291,22.953,0.86192,4.402
5.4550,36.406,1.2333,23.069,0.85933,4.3893
5.4650,36.593,1.2376,23.187,0.85705,4.3768
5.4750,36.783,1.2419,23.307,0.85513,4.3646
5.4850,36.978,1.2463,23.429,0.85359,4.353
5.4950,37.18,1.251,23.555,0.85249,4.342
5.5050,37.391,1.2558,23.685,0.85184,4.3319
5.5150,37.61,1.2608,23.819,0.85166,4.3229
5.5250,37.838,1.266,23.957,0.85197,4.3149
5.5350,38.076,1.2714,24.1,0.85277,4.3083
5.5450,38.325,1.2771,24.248,0.85405,4.3029
5.5550,38.581,1.2829,24.399,0.85576,4.2988
5.5650,38.846,1.2888,24.553,0.85789,4.296
5.5750,39.118,1.2949,24.71,0.86037,4.2943
5.5850,39.395,1.3009,24.868,0.86317,4.2938
5.5950,39.675,1.3069,25.026,0.86622,4.2944
5.6050,39.956,1.3128,25.182,0.86945,4.2957
5.6150,40.237,1.3184,25.336,0.8728,4.2978
5.6250,40.515,1.3239,25.486,0.87621,4.3003
5.6350,40.789,1.329,25.631,0.87963,4.3033
5.6450,41.056,1.3337,25.771,0.88299,4.3065
5.6550,41.316,1.3381,25.904,0.88626,4.3098
5.6650,41.569,1.342,26.029,0.88942,4.3131
5.6750,41.812,1.3455,26.147,0.89243,4.3163
5.6850,42.046,1.3485,26.258,0.89529,4.3194
5.6950,42.27,1.351,26.361,0.89798,4.3221
5.7050,42.485,1.3532,26.457,0.90053,4.3246
5.7150,42.69,1.3549,26.546,0.90295,4.3268
5.7250,42.888,1.3562,26.628,0.90525,4.3288
5.7350,43.078,1.3572,26.705,0.90748,4.3305
5.7450,43.261,1.3578,26.776,0.90966,4.332
5.7550,43.438,1.3583,26.844,0.91183,4.3334
5.7650,43.611,1.3585,26.908,0.91403,4.3347
5.7750,43.78,1.3586,26.97,0.9163,4.336
5.7850,43.947,1.3585,27.03,0.91869,4.3375
5.7950,44.113,1.3585,27.09,0.92121,4.3393
5.8050,44.279,1.3584,27.15,0.92391,4.3414
5.8150,44.445,1.3585,27.211,0.92683,4.344
5.8250,44.614,1.3586,27.274,0.92998,4.3471
5.8350,44.785,1.3589,27.339,0.93339,4.3509
5.8450,44.959,1.3594,27.407,0.93707,4.3555
5.8550,45.136,1.3602,27.478,0.94101,4.3608
5.8650,45.317,1.3612,27.552,0.94521,4.3668
5.8750,45.5,1.3624,27.628,0.94966,4.3736
5.8850,45.686,1.3639,27.707,0.95433,4.3811
5.8950,45.873,1.3656,27.788,0.95917,4.389
5.9050,46.059,1.3675,27.87,0.96414,4.3974
5.9150,46.244,1.3696,27.951,0.96918,4.406
5.9250,46.426,1.3719,28.032,0.97422,4.4146
5.9350,46.602,1.3742,28.11,0.9792,4.423
5.9450,46.772,1.3765,28.185,0.98402,4.431
5.9550,46.932,1.3787,28.255,0.98862,4.4383
5.9650,47.081,1.3808,28.319,0.9929,4.4447
5.9750,47.218,1.3827,28.376,0.99679,4.4499
5.9850,47.341,1.3844,28.425,1.0002,4.454
5.9950,47.449,1.3857,28.465,1.0031,4.4566
6.0050,47.541,1.3865,28.497,1.0054,4.4578
6.0150,47.617,1.387,28.519,1.007,4.4574
6.0250,47.677,1.387,28.532,1.008,4.4556
6.0350,47.721,1.3865,28.535,1.0083,4.4523
6.0450,47.752,1.3854,28.53,1.0079,4.4477
6.0550,47.769,1.3839,28.518,1.0068,4.442
6.0650,47.775,1.3819,28.498,1.0051,4.4354
6.0750,47.772,1.3795,28.473,1.0027,4.428
6.0850,47.762,1.3766,28.443,0.99989,4.4203
6.0950,47.746,1.3734,28.41,0.99658,4.4123
6.1050,47.728,1.3699,28.375,0.99289,4.4045
6.1150,47.709,1.3661,28.339,0.9889,4.3969
6.1250,47.691,1.3621,28.303,0.98471,4.3899
6.1350,47.675,1.358,28.267,0.98039,4.3836
6.1450,47.663,1.3538,28.234,0.97602,4.3782
6.1550,47.656,1.3495,28.202,0.97169,4.3737
6.1650,47.655,1.3452,28.173,0.96745,4.3702
6.1750,47.658,1.3409,28.145,0.96336,4.3677
6.1850,47.665,1.3366,28.12,0.95945,4.366
6.1950,47.676,1.3323,28.096,0.95576,4.3651
6.2050,47.688,1.328,28.073,0.95229,4.3648
6.2150,47.7,1.3235,28.049,0.94903,4.3647
6.2250,47.709,1.319,28.023,0.94597,4.3647
6.2350,47.712,1.3143,27.993,0.94305,4.3643
6.2450,47.705,1.3094,27.958,0.94024,4.3633
6.2550,47.685,1.3041,27.915,0.93746,4.361
6.2650,47.647,1.2984,27.861,0.93464,4.3572
6.2750,47.585,1.2921,27.795,0.93167,4.3512
6.2850,47.495,1.2852,27.713,0.92845,4.3425
6.2950,47.37,1.2775,27.612,0.92487,4.3305
6.3050,47.204,1.2688,27.488,0.92081,4.3147
6.3150,46.991,1.259,27.337,0.91612,4.2944
6.3250,46.723,1.248,27.157,0.91068,4.269
6.3350,46.395,1.2354,26.942,0.90435,4.2379
6.3450,45.999,1.2213,26.689,0.89698,4.2005
6.3550,45.528,1.2053,26.393,0.88845,4.1561
6.3650,44.976,1.1874,26.052,0.87863,4.1043
6.3750,44.339,1.1673,25.663,0.8674,4.0446
6.3850,43.612,1.1451,25.222,0.85467,3.9767
6.3950,42.792,1.1205,24.728,0.84035,3.9002
6.4050,41.877,1.0937,24.179,0.82442,3.8152
6.4150,40.868,1.0644,23.577,0.80684,3.7217
6.4250,39.767,1.0329,22.921,0.78764,3.6198
6.4350,38.579,0.99924,22.216,0.76687,3.5101
6.4450,37.31,0.96356,21.464,0.74463,3.3932
6.4550,35.97,0.92612,20.67,0.72107,3.2698
6.4650,34.569,0.8872,19.842,0.69635,3.1411
6.4750,33.121,0.84718,18.987,0.67072,3.0083
6.4850,31.643,0.80646,18.114,0.64444,2.8727
6.4950,30.151,0.76549,17.233,0.61781,2.736
6.5050,28.664,0.72478,16.355,0.59118,2.5998
6.5150,27.202,0.68487,15.493,0.5649,2.4661
6.5250,25.787,0.64628,14.658,0.53936,2.3366
6.5350,24.438,0.60958,13.863,0.51493,2.2132
6.5450,23.176,0.57531,13.119,0.49202,2.0978
6.5550,22.023,0.544,12.438,0.47099,1.9923
6.5650,20.995,0.51614,11.832,0.45222,1.8984
6.5750,20.11,0.49218,11.31,0.43602,1.8175
6.5850,19.384,0.47251,10.881,0.42269,1.7511
6.5950,18.827,0.45746,10.553,0.41247,1.7002
6.6050,18.451,0.44729,10.331,0.40555,1.6658
6.6150,18.261,0.44216,10.219,0.40206,1.6485
