cathode,electrolyte,voltage_V,x_atomic_frac,reaction_energy_eV_per_atom,is_minimum,forms_Nd_phosphate,reaction
LiCoO2,comp1,2.5,0.0,0.0,0,0,LiCoO2 -> LiCoO2
LiCoO2,comp1,2.5,0.119266,-0.283801,0,0,0.96 LiCoO2 + 0.04 Li6PS5Cl -> 0.64 Li + 0.96 CoO + 0.04 Li3PO4 + 0.2 Li2SO4 + 0.04 LiCl
LiCoO2,comp1,2.5,0.429326,-0.621087,0,0,0.812 LiCoO2 + 0.188 Li6PS5Cl -> 0.7519 Li + 0.09023 Co9S8 + 0.188 Li3PO4 + 0.218 Li2SO4 + 0.188 LiCl
LiCoO2,comp1,2.5,0.498258,-0.651699,0,0,0.766 LiCoO2 + 0.234 Li6PS5Cl -> 0.9362 Li + 0.2553 Co3S4 + 0.234 Li3PO4 + 0.1489 Li2SO4 + 0.234 LiCl
LiCoO2,comp1,2.5,0.575221,-0.666242,1,0,0.7059 LiCoO2 + 0.2941 Li6PS5Cl -> 1.176 Li + 0.2941 Li3PO4 + 0.7059 CoS2 + 0.05882 Li2SO4 + 0.2941 LiCl
LiCoO2,comp1,2.5,0.619048,-0.641371,0,0,0.6667 LiCoO2 + 0.3333 Li6PS5Cl -> 1.25 Li + 0.3333 Li3PO4 + 0.6667 CoS2 + 0.3333 LiCl + 0.08333 LiS4
LiCoO2,comp1,2.5,1.0,-0.149197,0,0,Li6PS5Cl -> 4.625 Li + 0.5 P2S7 + LiCl + 0.375 LiS4
LiCoO2,comp1,3.0,0.0,0.0,0,0,LiCoO2 -> LiCoO2
LiCoO2,comp1,3.0,0.119266,-0.385066,0,0,0.96 LiCoO2 + 0.04 Li6PS5Cl -> 0.64 Li + 0.04 Li3PO4 + 0.96 CoO + 0.2 Li2SO4 + 0.04 LiCl
LiCoO2,comp1,3.0,0.12381,-0.396294,0,0,0.9583 LiCoO2 + 0.04167 Li6PS5Cl -> 0.7083 Li + 0.04167 LiCoPO4 + 0.9167 CoO + 0.2083 Li2SO4 + 0.04167 LiCl
LiCoO2,comp1,3.0,0.126214,-0.39936,0,0,0.9574 LiCoO2 + 0.04255 Li6PS5Cl -> 0.7447 Li + 0.04255 LiCoPO4 + 0.02128 CoCl2 + 0.8936 CoO + 0.2128 Li2SO4
LiCoO2,comp1,3.0,0.128713,-0.40254,0,0,0.9565 LiCoO2 + 0.04348 Li6PS5Cl -> 0.7826 Li + 0.02174 Co3(PO4)2 + 0.02174 CoCl2 + 0.8696 CoO + 0.2174 Li2SO4
LiCoO2,comp1,3.0,0.367232,-0.673639,0,0,0.8485 LiCoO2 + 0.1515 Li6PS5Cl -> 1.212 Li + 0.07576 Co3(PO4)2 + 0.07576 CoCl2 + 0.06061 Co9S8 + 0.2727 Li2SO4
LiCoO2,comp1,3.0,0.381008,-0.688787,0,0,0.8408 LiCoO2 + 0.1592 Li6PS5Cl -> 1.115 Li + 0.1592 LiCoPO4 + 0.07962 CoCl2 + 0.06688 Co9S8 + 0.2611 Li2SO4
LiCoO2,comp1,3.0,0.395859,-0.705224,0,0,0.8322 LiCoO2 + 0.1678 Li6PS5Cl -> 1.007 Li + 0.1678 LiCoPO4 + 0.07383 Co9S8 + 0.2483 Li2SO4 + 0.1678 LiCl
LiCoO2,comp1,3.0,0.448276,-0.742817,0,0,0.8 LiCoO2 + 0.2 Li6PS5Cl -> 1.2 Li + 0.2 Co3S4 + 0.2 LiCoPO4 + 0.2 Li2SO4 + 0.2 LiCl
LiCoO2,comp1,3.0,0.498258,-0.770618,0,0,0.766 LiCoO2 + 0.234 Li6PS5Cl -> 0.9362 Li + 0.2553 Co3S4 + 0.234 Li3PO4 + 0.1489 Li2SO4 + 0.234 LiCl
LiCoO2,comp1,3.0,0.503521,-0.773504,0,0,0.7622 LiCoO2 + 0.2378 Li6PS5Cl -> 1.13 Li + 0.2541 Co3S4 + 0.1189 Li4P2O7 + 0.173 Li2SO4 + 0.2378 LiCl
LiCoO2,comp1,3.0,0.580357,-0.810122,1,0,0.7015 LiCoO2 + 0.2985 Li6PS5Cl -> 1.418 Li + 0.7015 CoS2 + 0.1493 Li4P2O7 + 0.08955 Li2SO4 + 0.2985 LiCl
LiCoO2,comp1,3.0,0.65,-0.776367,0,0,0.6364 LiCoO2 + 0.3636 Li6PS5Cl -> 1.591 Li + 0.6364 CoS2 + 0.1818 Li4P2O7 + 0.3636 LiCl + 0.1364 LiS4
LiCoO2,comp1,3.0,0.684211,-0.75494,0,0,0.6 LiCoO2 + 0.4 Li6PS5Cl -> 2 Li + 0.6 CoS2 + 0.4 LiPO3 + 0.4 LiCl + 0.2 LiS4
LiCoO2,comp1,3.0,1.0,-0.479554,0,0,Li6PS5Cl -> 4.625 Li + 0.5 P2S7 + LiCl + 0.375 LiS4
LiCoO2,comp1,3.5,0.0,-0.013345,0,0,LiCoO2 -> 0.5 Li + 0.5 Li(CoO2)2
LiCoO2,comp1,3.5,0.082803,-0.38234,0,0,0.973 LiCoO2 + 0.02703 Li6PS5Cl -> 0.7568 Li + 0.02703 Li3PO4 + 0.3243 Co3O4 + 0.1351 Li2SO4 + 0.02703 LiCl
LiCoO2,comp1,3.5,0.087248,-0.400962,0,0,0.9714 LiCoO2 + 0.02857 Li6PS5Cl -> 0.8 Li + 0.02857 LiCoPO4 + 0.3143 Co3O4 + 0.1429 Li2SO4 + 0.02857 LiCl
LiCoO2,comp1,3.5,0.089655,-0.409034,0,0,0.9706 LiCoO2 + 0.02941 Li6PS5Cl -> 0.8235 Li + 0.02941 LiCoPO4 + 0.01471 CoCl2 + 0.3088 Co3O4 + 0.1471 Li2SO4
LiCoO2,comp1,3.5,0.092199,-0.417567,0,0,0.9697 LiCoO2 + 0.0303 Li6PS5Cl -> 0.8485 Li + 0.01515 Co3(PO4)2 + 0.01515 CoCl2 + 0.303 Co3O4 + 0.1515 Li2SO4
LiCoO2,comp1,3.5,0.107438,-0.465808,0,0,0.9643 LiCoO2 + 0.03571 Li6PS5Cl -> Li + 0.08929 Li2Co(SO4)2 + 0.01786 Co3(PO4)2 + 0.01786 CoCl2 + 0.2679 Co3O4
LiCoO2,comp1,3.5,0.128713,-0.532757,0,0,0.9565 LiCoO2 + 0.04348 Li6PS5Cl -> 1.217 Li + 0.02174 Co3(PO4)2 + 0.2174 CoSO4 + 0.02174 CoCl2 + 0.2174 Co3O4
LiCoO2,comp1,3.5,0.160494,-0.630676,0,0,0.9444 LiCoO2 + 0.05556 Li6PS5Cl -> 1.278 Li + 0.5556 CoO + 0.02778 Co3(PO4)2 + 0.2778 CoSO4 + 0.02778 CoCl2
LiCoO2,comp1,3.5,0.308229,-0.828689,0,0,0.8794 LiCoO2 + 0.1206 Li6PS5Cl -> 1.603 Li + 0.06028 Co3(PO4)2 + 0.3191 CoSO4 + 0.03546 Co9S8 + 0.06028 CoCl2
LiCoO2,comp1,3.5,0.340824,-0.860524,0,0,0.8627 LiCoO2 + 0.1373 Li6PS5Cl -> 1.686 Li + 0.06863 Co3(PO4)2 + 0.2941 CoSO4 + 0.09804 Co3S4 + 0.06863 CoCl2
LiCoO2,comp1,3.5,0.378641,-0.889142,0,0,0.8421 LiCoO2 + 0.1579 Li6PS5Cl -> 1.789 Li + 0.07895 Co3(PO4)2 + 0.2632 CoSO4 + 0.2632 CoS2 + 0.07895 CoCl2
LiCoO2,comp1,3.5,0.40625,-0.906758,0,0,0.8261 LiCoO2 + 0.1739 Li6PS5Cl -> 1.87 Li + 0.08696 Co2P2O7 + 0.2609 CoSO4 + 0.3043 CoS2 + 0.08696 CoCl2
LiCoO2,comp1,3.5,0.451737,-0.934872,0,0,0.7978 LiCoO2 + 0.2022 Li6PS5Cl -> 1.944 Li + 0.06742 LiCo(PO3)3 + 0.2472 CoSO4 + 0.382 CoS2 + 0.1011 CoCl2
LiCoO2,comp1,3.5,0.493671,-0.958901,0,0,0.7692 LiCoO2 + 0.2308 Li6PS5Cl -> 1.865 Li + 0.07692 LiCo(PO3)3 + 0.1058 Li2Co(SO4)2 + 0.4712 CoS2 + 0.1154 CoCl2
LiCoO2,comp1,3.5,0.522788,-0.975225,0,0,0.7479 LiCoO2 + 0.2521 Li6PS5Cl -> 1.807 Li + 0.08403 LiCo(PO3)3 + 0.5378 CoS2 + 0.1261 CoCl2 + 0.1849 Li2SO4
LiCoO2,comp1,3.5,0.558739,-0.991983,0,0,0.7196 LiCoO2 + 0.2804 Li6PS5Cl -> 1.729 Li + 0.09346 LiCo(PO3)3 + 0.6262 CoS2 + 0.1495 Li2SO4 + 0.2804 LiCl
LiCoO2,comp1,3.5,0.585586,-1.001973,0,0,0.697 LiCoO2 + 0.303 Li6PS5Cl -> 1.667 Li + 0.697 CoS2 + 0.1212 Li2SO4 + 0.303 LiPO3 + 0.303 LiCl
LiCoO2,comp1,3.5,0.631068,-1.010837,1,0,0.6552 LiCoO2 + 0.3448 Li6PS5Cl -> 2.241 Li + 0.3448 SCl + 0.6552 CoS2 + 0.06897 Li2SO4 + 0.3448 LiPO3
LiCoO2,comp1,3.5,0.684211,-1.006403,0,0,0.6 LiCoO2 + 0.4 Li6PS5Cl -> 2.6 Li + 0.4 SCl + 0.6 CoS2 + 0.4 LiPO3 + 0.4 S
LiCoO2,comp1,3.5,1.0,-0.858114,0,0,Li6PS5Cl -> 6 Li + 0.5 P2S7 + SCl + 0.5 S
LiCoO2,comp1,4.0,0.0,-0.096678,0,0,LiCoO2 -> 0.5 Li + 0.5 Li(CoO2)2
LiCoO2,comp1,4.0,0.069202,-0.442786,0,0,0.9776 LiCoO2 + 0.02236 Li6PS5Cl -> 0.8435 Li + 0.02236 LiClO4 + 0.02236 LiCoPO4 + 0.04153 Co23O32 + 0.1118 Li2SO4
LiCoO2,comp1,4.0,0.08046,-0.498113,0,0,0.9738 LiCoO2 + 0.02622 Li6PS5Cl -> 0.8165 Li + 0.02622 LiCoPO4 + 0.0412 Co23O32 + 0.1311 Li2SO4 + 0.02622 LiCl
LiCoO2,comp1,4.0,0.082803,-0.509435,0,0,0.973 LiCoO2 + 0.02703 Li6PS5Cl -> 0.8378 Li + 0.02703 LiCoPO4 + 0.04054 Co23O32 + 0.1351 Li2SO4 + 0.01351 CoCl2
LiCoO2,comp1,4.0,0.085286,-0.521446,0,0,0.9721 LiCoO2 + 0.02789 Li6PS5Cl -> 0.8606 Li + 0.03984 Co23O32 + 0.01394 Co3(PO4)2 + 0.1394 Li2SO4 + 0.01394 CoCl2
LiCoO2,comp1,4.0,0.100331,-0.591642,0,0,0.9668 LiCoO2 + 0.03318 Li6PS5Cl -> Li + 0.08294 Li2Co(SO4)2 + 0.03555 Co23O32 + 0.01659 Co3(PO4)2 + 0.01659 CoCl2
LiCoO2,comp1,4.0,0.107438,-0.624899,0,0,0.9643 LiCoO2 + 0.03571 Li6PS5Cl -> Li + 0.2679 Co3O4 + 0.08929 Li2Co(SO4)2 + 0.01786 Co3(PO4)2 + 0.01786 CoCl2
LiCoO2,comp1,4.0,0.128713,-0.724537,0,0,0.9565 LiCoO2 + 0.04348 Li6PS5Cl -> 1.217 Li + 0.2174 Co3O4 + 0.02174 Co3(PO4)2 + 0.2174 CoSO4 + 0.02174 CoCl2
LiCoO2,comp1,4.0,0.160494,-0.828952,0,0,0.9444 LiCoO2 + 0.05556 Li6PS5Cl -> 1.278 Li + 0.02778 Co3(PO4)2 + 0.2778 CoSO4 + 0.5556 CoO + 0.02778 CoCl2
LiCoO2,comp1,4.0,0.308229,-1.058831,0,0,0.8794 LiCoO2 + 0.1206 Li6PS5Cl -> 1.603 Li + 0.06028 Co3(PO4)2 + 0.3191 CoSO4 + 0.03546 Co9S8 + 0.06028 CoCl2
LiCoO2,comp1,4.0,0.340824,-1.098093,0,0,0.8627 LiCoO2 + 0.1373 Li6PS5Cl -> 1.686 Li + 0.06863 Co3(PO4)2 + 0.2941 CoSO4 + 0.06863 CoCl2 + 0.09804 Co3S4
LiCoO2,comp1,4.0,0.378641,-1.135519,0,0,0.8421 LiCoO2 + 0.1579 Li6PS5Cl -> 1.789 Li + 0.07895 Co3(PO4)2 + 0.2632 CoSO4 + 0.07895 CoCl2 + 0.2632 CoS2
LiCoO2,comp1,4.0,0.40625,-1.159699,0,0,0.8261 LiCoO2 + 0.1739 Li6PS5Cl -> 1.87 Li + 0.08696 Co2P2O7 + 0.2609 CoSO4 + 0.08696 CoCl2 + 0.3043 CoS2
LiCoO2,comp1,4.0,0.45614,-1.194823,0,0,0.7949 LiCoO2 + 0.2051 Li6PS5Cl -> 2.026 Li + 0.2564 CoSO4 + 0.1026 CoCl2 + 0.3846 CoS2 + 0.05128 CoP4O11
LiCoO2,comp1,4.0,0.516556,-1.23441,0,0,0.7526 LiCoO2 + 0.2474 Li6PS5Cl -> 2.237 Li + 0.2062 CoSO4 + 0.4845 CoS2 + 0.06186 SCl4 + 0.06186 CoP4O11
LiCoO2,comp1,4.0,0.59542,-1.285124,0,0,0.6883 LiCoO2 + 0.3117 Li6PS5Cl -> 2.558 Li + 0.2597 SO2 + 0.6104 CoS2 + 0.07792 SCl4 + 0.07792 CoP4O11
LiCoO2,comp1,4.0,0.624,-1.301036,0,0,0.662 LiCoO2 + 0.338 Li6PS5Cl -> 2.69 Li + 0.1972 SO2 + 0.338 SCl + 0.5775 CoS2 + 0.08451 CoP4O11
LiCoO2,comp1,4.0,0.702703,-1.315007,1,0,0.5789 LiCoO2 + 0.4211 Li6PS5Cl -> 3.105 Li + 0.4211 SCl + 0.4737 CoS2 + 0.1053 CoP4O11 + 0.7368 S
LiCoO2,comp1,4.0,1.0,-1.286686,0,0,Li6PS5Cl -> 6 Li + 0.5 P2S7 + SCl + 0.5 S
LiCoO2,comp1,4.3,0.0,-0.17822,0,0,LiCoO2 -> Li + CoO2
LiCoO2,comp1,4.3,0.097744,-0.683503,0,0,0.9677 LiCoO2 + 0.03226 Li6PS5Cl -> 1.161 Li + 0.01613 Co3(PO4)2 + 0.01613 Co(ClO4)2 + 0.03226 Co23O32 + 0.1613 CoSO4
LiCoO2,comp1,4.3,0.104478,-0.717938,0,0,0.9653 LiCoO2 + 0.03465 Li6PS5Cl -> 1.173 Li + 0.01733 Co3(PO4)2 + 0.03218 Co23O32 + 0.03465 ClO2 + 0.1733 CoSO4
LiCoO2,comp1,4.3,0.121821,-0.806156,0,0,0.9591 LiCoO2 + 0.04094 Li6PS5Cl -> 1.205 Li + 0.02047 Co3(PO4)2 + 0.02924 Co23O32 + 0.02047 CoCl2 + 0.2047 CoSO4
LiCoO2,comp1,4.3,0.128713,-0.839606,0,0,0.9565 LiCoO2 + 0.04348 Li6PS5Cl -> 1.217 Li + 0.02174 Co3(PO4)2 + 0.02174 CoCl2 + 0.2174 Co3O4 + 0.2174 CoSO4
LiCoO2,comp1,4.3,0.160494,-0.947917,0,0,0.9444 LiCoO2 + 0.05556 Li6PS5Cl -> 1.278 Li + 0.02778 Co3(PO4)2 + 0.02778 CoCl2 + 0.5556 CoO + 0.2778 CoSO4
LiCoO2,comp1,4.3,0.308229,-1.196917,0,0,0.8794 LiCoO2 + 0.1206 Li6PS5Cl -> 1.603 Li + 0.06028 Co3(PO4)2 + 0.03546 Co9S8 + 0.06028 CoCl2 + 0.3191 CoSO4
LiCoO2,comp1,4.3,0.340824,-1.240635,0,0,0.8627 LiCoO2 + 0.1373 Li6PS5Cl -> 1.686 Li + 0.06863 Co3(PO4)2 + 0.06863 CoCl2 + 0.09804 Co3S4 + 0.2941 CoSO4
LiCoO2,comp1,4.3,0.378641,-1.283345,0,0,0.8421 LiCoO2 + 0.1579 Li6PS5Cl -> 1.789 Li + 0.07895 Co3(PO4)2 + 0.07895 CoCl2 + 0.2632 CoS2 + 0.2632 CoSO4
LiCoO2,comp1,4.3,0.40625,-1.311464,0,0,0.8261 LiCoO2 + 0.1739 Li6PS5Cl -> 1.87 Li + 0.08696 Co2P2O7 + 0.08696 CoCl2 + 0.3043 CoS2 + 0.2609 CoSO4
LiCoO2,comp1,4.3,0.45614,-1.353884,0,0,0.7949 LiCoO2 + 0.2051 Li6PS5Cl -> 2.026 Li + 0.05128 CoP4O11 + 0.1026 CoCl2 + 0.3846 CoS2 + 0.2564 CoSO4
LiCoO2,comp1,4.3,0.516556,-1.402627,0,0,0.7526 LiCoO2 + 0.2474 Li6PS5Cl -> 2.237 Li + 0.06186 SCl4 + 0.06186 CoP4O11 + 0.4845 CoS2 + 0.2062 CoSO4
LiCoO2,comp1,4.3,0.59542,-1.465858,0,0,0.6883 LiCoO2 + 0.3117 Li6PS5Cl -> 2.558 Li + 0.07792 SCl4 + 0.07792 CoP4O11 + 0.6104 CoS2 + 0.2597 SO2
LiCoO2,comp1,4.3,0.624,-1.486472,0,0,0.662 LiCoO2 + 0.338 Li6PS5Cl -> 2.69 Li + 0.338 SCl + 0.08451 CoP4O11 + 0.5775 CoS2 + 0.1972 SO2
LiCoO2,comp1,4.3,0.702703,-1.513883,0,0,0.5789 LiCoO2 + 0.4211 Li6PS5Cl -> 3.105 Li + 0.4211 SCl + 0.1053 CoP4O11 + 0.4737 CoS2 + 0.7368 S
LiCoO2,comp1,4.3,1.0,-1.543829,1,0,Li6PS5Cl -> 6 Li + SCl + 0.5 P2S7 + 0.5 S
LiCoO2,comp1,4.5,0.0,-0.244886,0,0,LiCoO2 -> Li + CoO2
LiCoO2,comp1,4.5,0.097744,-0.75773,0,0,0.9677 LiCoO2 + 0.03226 Li6PS5Cl -> 1.161 Li + 0.01613 Co(ClO4)2 + 0.03226 Co23O32 + 0.01613 Co3(PO4)2 + 0.1613 CoSO4
LiCoO2,comp1,4.5,0.104478,-0.792702,0,0,0.9653 LiCoO2 + 0.03465 Li6PS5Cl -> 1.173 Li + 0.03218 Co23O32 + 0.01733 Co3(PO4)2 + 0.03465 ClO2 + 0.1733 CoSO4
LiCoO2,comp1,4.5,0.121821,-0.882311,0,0,0.9591 LiCoO2 + 0.04094 Li6PS5Cl -> 1.205 Li + 0.02924 Co23O32 + 0.02047 Co3(PO4)2 + 0.02047 CoCl2 + 0.2047 CoSO4
LiCoO2,comp1,4.5,0.128713,-0.916318,0,0,0.9565 LiCoO2 + 0.04348 Li6PS5Cl -> 1.217 Li + 0.02174 Co3(PO4)2 + 0.02174 CoCl2 + 0.2174 Co3O4 + 0.2174 CoSO4
LiCoO2,comp1,4.5,0.160494,-1.027228,0,0,0.9444 LiCoO2 + 0.05556 Li6PS5Cl -> 1.278 Li + 0.02778 Co3(PO4)2 + 0.5556 CoO + 0.02778 CoCl2 + 0.2778 CoSO4
LiCoO2,comp1,4.5,0.308229,-1.288974,0,0,0.8794 LiCoO2 + 0.1206 Li6PS5Cl -> 1.603 Li + 0.03546 Co9S8 + 0.06028 Co3(PO4)2 + 0.06028 CoCl2 + 0.3191 CoSO4
LiCoO2,comp1,4.5,0.340824,-1.335662,0,0,0.8627 LiCoO2 + 0.1373 Li6PS5Cl -> 1.686 Li + 0.06863 Co3(PO4)2 + 0.06863 CoCl2 + 0.09804 Co3S4 + 0.2941 CoSO4
LiCoO2,comp1,4.5,0.378641,-1.381896,0,0,0.8421 LiCoO2 + 0.1579 Li6PS5Cl -> 1.789 Li + 0.2632 CoS2 + 0.07895 Co3(PO4)2 + 0.07895 CoCl2 + 0.2632 CoSO4
LiCoO2,comp1,4.5,0.40625,-1.41264,0,0,0.8261 LiCoO2 + 0.1739 Li6PS5Cl -> 1.87 Li + 0.08696 Co2P2O7 + 0.3043 CoS2 + 0.08696 CoCl2 + 0.2609 CoSO4
LiCoO2,comp1,4.5,0.45614,-1.459924,0,0,0.7949 LiCoO2 + 0.2051 Li6PS5Cl -> 2.026 Li + 0.05128 CoP4O11 + 0.3846 CoS2 + 0.1026 CoCl2 + 0.2564 CoSO4
LiCoO2,comp1,4.5,0.516556,-1.514771,0,0,0.7526 LiCoO2 + 0.2474 Li6PS5Cl -> 2.237 Li + 0.06186 CoP4O11 + 0.4845 CoS2 + 0.06186 SCl4 + 0.2062 CoSO4
LiCoO2,comp1,4.5,0.59542,-1.586347,0,0,0.6883 LiCoO2 + 0.3117 Li6PS5Cl -> 2.558 Li + 0.07792 CoP4O11 + 0.6104 CoS2 + 0.2597 SO2 + 0.07792 SCl4
LiCoO2,comp1,4.5,0.624,-1.610097,0,0,0.662 LiCoO2 + 0.338 Li6PS5Cl -> 2.69 Li + 0.08451 CoP4O11 + 0.338 SCl + 0.5775 CoS2 + 0.1972 SO2
LiCoO2,comp1,4.5,0.702703,-1.646468,0,0,0.5789 LiCoO2 + 0.4211 Li6PS5Cl -> 3.105 Li + 0.1053 CoP4O11 + 0.4211 SCl + 0.4737 CoS2 + 0.7368 S
LiCoO2,comp1,4.5,1.0,-1.715257,1,0,Li6PS5Cl -> 6 Li + SCl + 0.5 P2S7 + 0.5 S
LiCoO2,modelc,2.5,0.0,0.0,0,0,LiCoO2 -> LiCoO2
LiCoO2,modelc,2.5,0.125506,-0.279564,0,0,0.9558 LiCoO2 + 0.04425 Li5.4P1S4.4Cl1.6 -> 0.6018 Li + 0.9558 CoO + 0.04425 Li3PO4 + 0.1947 Li2SO4 + 0.0708 LiCl
LiCoO2,modelc,2.5,0.443618,-0.592138,0,0,0.7954 LiCoO2 + 0.2046 Li5.4P1S4.4Cl1.6 -> 0.5728 Li + 0.08838 Co9S8 + 0.2046 Li3PO4 + 0.1931 Li2SO4 + 0.3273 LiCl
LiCoO2,modelc,2.5,0.512782,-0.616228,0,0,0.7465 LiCoO2 + 0.2535 Li5.4P1S4.4Cl1.6 -> 0.7097 Li + 0.2488 Co3S4 + 0.2535 Li3PO4 + 0.1198 Li2SO4 + 0.4055 LiCl
LiCoO2,modelc,2.5,0.589354,-0.623815,1,0,0.6835 LiCoO2 + 0.3165 Li5.4P1S4.4Cl1.6 -> 0.8861 Li + 0.3165 Li3PO4 + 0.6835 CoS2 + 0.02532 Li2SO4 + 0.5063 LiCl
LiCoO2,modelc,2.5,0.607843,-0.612301,0,0,0.6667 LiCoO2 + 0.3333 Li5.4P1S4.4Cl1.6 -> 0.9 Li + 0.3333 Li3PO4 + 0.6667 CoS2 + 0.5333 LiCl + 0.03333 LiS4
LiCoO2,modelc,2.5,1.0,-0.095208,0,0,Li5.4P1S4.4Cl1.6 -> 3.575 Li + 0.5 P2S7 + 1.6 LiCl + 0.225 LiS4
LiCoO2,modelc,3.0,0.0,0.0,0,0,LiCoO2 -> LiCoO2
LiCoO2,modelc,3.0,0.125506,-0.374271,0,0,0.9558 LiCoO2 + 0.04425 Li5.4P1S4.4Cl1.6 -> 0.6018 Li + 0.04425 Li3PO4 + 0.9558 CoO + 0.1947 Li2SO4 + 0.0708 LiCl
LiCoO2,modelc,3.0,0.130802,-0.386204,0,0,0.9537 LiCoO2 + 0.0463 Li5.4P1S4.4Cl1.6 -> 0.6759 Li + 0.0463 LiCoPO4 + 0.9074 CoO + 0.2037 Li2SO4 + 0.07407 LiCl
LiCoO2,modelc,3.0,0.135371,-0.391342,0,0,0.9519 LiCoO2 + 0.04808 Li5.4P1S4.4Cl1.6 -> 0.7404 Li + 0.04808 LiCoPO4 + 0.03846 CoCl2 + 0.8654 CoO + 0.2115 Li2SO4
LiCoO2,modelc,3.0,0.138393,-0.394733,0,0,0.9507 LiCoO2 + 0.04926 Li5.4P1S4.4Cl1.6 -> 0.7833 Li + 0.02463 Co3(PO4)2 + 0.03941 CoCl2 + 0.8374 CoO + 0.2167 Li2SO4
LiCoO2,modelc,3.0,0.36643,-0.618211,0,0,0.8428 LiCoO2 + 0.1572 Li5.4P1S4.4Cl1.6 -> 1.164 Li + 0.07862 Co3(PO4)2 + 0.1258 CoCl2 + 0.05346 Co9S8 + 0.2642 Li2SO4
LiCoO2,modelc,3.0,0.380835,-0.631448,0,0,0.8344 LiCoO2 + 0.1656 Li5.4P1S4.4Cl1.6 -> 1.06 Li + 0.1656 LiCoPO4 + 0.1325 CoCl2 + 0.0596 Co9S8 + 0.2517 Li2SO4
LiCoO2,modelc,3.0,0.406397,-0.655124,0,0,0.8191 LiCoO2 + 0.1809 Li5.4P1S4.4Cl1.6 -> 0.8683 Li + 0.1809 LiCoPO4 + 0.07091 Co9S8 + 0.2287 Li2SO4 + 0.2894 LiCl
LiCoO2,modelc,3.0,0.457718,-0.683306,0,0,0.786 LiCoO2 + 0.214 Li5.4P1S4.4Cl1.6 -> 1.027 Li + 0.1907 Co3S4 + 0.214 LiCoPO4 + 0.179 Li2SO4 + 0.3424 LiCl
LiCoO2,modelc,3.0,0.512782,-0.704632,0,0,0.7465 LiCoO2 + 0.2535 Li5.4P1S4.4Cl1.6 -> 0.7097 Li + 0.2488 Co3S4 + 0.2535 Li3PO4 + 0.1198 Li2SO4 + 0.4055 LiCl
LiCoO2,modelc,3.0,0.518631,-0.706836,0,0,0.7421 LiCoO2 + 0.2579 Li5.4P1S4.4Cl1.6 -> 0.9156 Li + 0.2474 Co3S4 + 0.129 Li4P2O7 + 0.1454 Li2SO4 + 0.4127 LiCl
LiCoO2,modelc,3.0,0.59501,-0.729977,1,0,0.6785 LiCoO2 + 0.3215 Li5.4P1S4.4Cl1.6 -> 1.141 Li + 0.6785 CoS2 + 0.1608 Li4P2O7 + 0.05788 Li2SO4 + 0.5145 LiCl
LiCoO2,modelc,3.0,0.639175,-0.702659,0,0,0.6364 LiCoO2 + 0.3636 Li5.4P1S4.4Cl1.6 -> 1.209 Li + 0.6364 CoS2 + 0.1818 Li4P2O7 + 0.5818 LiCl + 0.08182 LiS4
LiCoO2,modelc,3.0,0.673913,-0.676424,0,0,0.6 LiCoO2 + 0.4 Li5.4P1S4.4Cl1.6 -> 1.58 Li + 0.6 CoS2 + 0.4 LiPO3 + 0.64 LiCl + 0.14 LiS4
LiCoO2,modelc,3.0,1.0,-0.350565,0,0,Li5.4P1S4.4Cl1.6 -> 3.575 Li + 0.5 P2S7 + 1.6 LiCl + 0.225 LiS4
LiCoO2,modelc,3.5,0.0,-0.013345,0,0,LiCoO2 -> 0.5 Li + 0.5 Li(CoO2)2
LiCoO2,modelc,3.5,0.087324,-0.371081,0,0,0.9701 LiCoO2 + 0.02994 Li5.4P1S4.4Cl1.6 -> 0.7305 Li + 0.02994 Li3PO4 + 0.3234 Co3O4 + 0.1317 Li2SO4 + 0.0479 LiCl
LiCoO2,modelc,3.5,0.092537,-0.391063,0,0,0.9682 LiCoO2 + 0.03185 Li5.4P1S4.4Cl1.6 -> 0.7771 Li + 0.03185 LiCoPO4 + 0.3121 Co3O4 + 0.1401 Li2SO4 + 0.05096 LiCl
LiCoO2,modelc,3.5,0.097179,-0.405212,0,0,0.9664 LiCoO2 + 0.03356 Li5.4P1S4.4Cl1.6 -> 0.8188 Li + 0.03356 LiCoPO4 + 0.02685 CoCl2 + 0.302 Co3O4 + 0.1477 Li2SO4
LiCoO2,modelc,3.5,0.100324,-0.414808,0,0,0.9653 LiCoO2 + 0.03472 Li5.4P1S4.4Cl1.6 -> 0.8472 Li + 0.01736 Co3(PO4)2 + 0.02778 CoCl2 + 0.2951 Co3O4 + 0.1528 Li2SO4
LiCoO2,modelc,3.5,0.116981,-0.462727,0,0,0.959 LiCoO2 + 0.04098 Li5.4P1S4.4Cl1.6 -> Li + 0.09016 Li2Co(SO4)2 + 0.02049 Co3(PO4)2 + 0.03279 CoCl2 + 0.2582 Co3O4
LiCoO2,modelc,3.5,0.140271,-0.529291,0,0,0.95 LiCoO2 + 0.05 Li5.4P1S4.4Cl1.6 -> 1.22 Li + 0.025 Co3(PO4)2 + 0.22 CoSO4 + 0.04 CoCl2 + 0.205 Co3O4
LiCoO2,modelc,3.5,0.172222,-0.618545,0,0,0.9371 LiCoO2 + 0.06289 Li5.4P1S4.4Cl1.6 -> 1.277 Li + 0.5157 CoO + 0.03145 Co3(PO4)2 + 0.2767 CoSO4 + 0.05031 CoCl2
LiCoO2,modelc,3.5,0.308729,-0.776683,0,0,0.8741 LiCoO2 + 0.1259 Li5.4P1S4.4Cl1.6 -> 1.554 Li + 0.06296 Co3(PO4)2 + 0.3111 CoSO4 + 0.03037 Co9S8 + 0.1007 CoCl2
LiCoO2,modelc,3.5,0.336434,-0.798228,0,0,0.8594 LiCoO2 + 0.1406 Li5.4P1S4.4Cl1.6 -> 1.618 Li + 0.07028 Co3(PO4)2 + 0.2892 CoSO4 + 0.08233 Co3S4 + 0.1124 CoCl2
LiCoO2,modelc,3.5,0.367589,-0.815349,0,0,0.8421 LiCoO2 + 0.1579 Li5.4P1S4.4Cl1.6 -> 1.695 Li + 0.07895 Co3(PO4)2 + 0.2632 CoSO4 + 0.2158 CoS2 + 0.1263 CoCl2
LiCoO2,modelc,3.5,0.394904,-0.826887,0,0,0.8261 LiCoO2 + 0.1739 Li5.4P1S4.4Cl1.6 -> 1.765 Li + 0.08696 Co2P2O7 + 0.2609 CoSO4 + 0.2522 CoS2 + 0.1391 CoCl2
LiCoO2,modelc,3.5,0.440063,-0.844753,0,0,0.7978 LiCoO2 + 0.2022 Li5.4P1S4.4Cl1.6 -> 1.822 Li + 0.06742 LiCo(PO3)3 + 0.2472 CoSO4 + 0.3213 CoS2 + 0.1618 CoCl2
LiCoO2,modelc,3.5,0.481865,-0.859063,0,0,0.7692 LiCoO2 + 0.2308 Li5.4P1S4.4Cl1.6 -> 1.727 Li + 0.07692 LiCo(PO3)3 + 0.1058 Li2Co(SO4)2 + 0.4019 CoS2 + 0.1846 CoCl2
LiCoO2,modelc,3.5,0.510989,-0.86848,0,0,0.7479 LiCoO2 + 0.2521 Li5.4P1S4.4Cl1.6 -> 1.655 Li + 0.08403 LiCo(PO3)3 + 0.4622 CoS2 + 0.2017 CoCl2 + 0.1849 Li2SO4
LiCoO2,modelc,3.5,0.571253,-0.882013,0,0,0.6994 LiCoO2 + 0.3006 Li5.4P1S4.4Cl1.6 -> 1.493 Li + 0.1002 LiCo(PO3)3 + 0.5992 CoS2 + 0.1242 Li2SO4 + 0.481 LiCl
LiCoO2,modelc,3.5,0.600775,-0.885874,1,0,0.6732 LiCoO2 + 0.3268 Li5.4P1S4.4Cl1.6 -> 1.405 Li + 0.6732 CoS2 + 0.0915 Li2SO4 + 0.3268 LiPO3 + 0.5229 LiCl
LiCoO2,modelc,3.5,0.673913,-0.882618,0,0,0.6 LiCoO2 + 0.4 Li5.4P1S4.4Cl1.6 -> 2.28 Li + 0.56 SCl + 0.6 CoS2 + 0.4 LiPO3 + 0.08 LiCl
LiCoO2,modelc,3.5,0.679452,-0.881011,0,0,0.5939 LiCoO2 + 0.4061 Li5.4P1S4.4Cl1.6 -> 2.391 Li + 0.01015 PCl5 + 0.599 SCl + 0.5939 CoS2 + 0.3959 LiPO3
LiCoO2,modelc,3.5,1.0,-0.653492,0,0,Li5.4P1S4.4Cl1.6 -> 5.4 Li + 0.4588 P2S7 + 0.08235 PCl5 + 1.188 SCl
LiCoO2,modelc,4.0,0.0,-0.096678,0,0,LiCoO2 -> 0.5 Li + 0.5 Li(CoO2)2
LiCoO2,modelc,4.0,0.066219,-0.399812,0,0,0.9776 LiCoO2 + 0.02236 Li5.4P1S4.4Cl1.6 -> 0.8435 Li + 0.03578 LiClO4 + 0.02236 LiCoPO4 + 0.04153 Co23O32 + 0.0984 Li2SO4
LiCoO2,modelc,4.0,0.085399,-0.485441,0,0,0.9708 LiCoO2 + 0.02924 Li5.4P1S4.4Cl1.6 -> 0.7953 Li + 0.02924 LiCoPO4 + 0.04094 Co23O32 + 0.1287 Li2SO4 + 0.04678 LiCl
LiCoO2,modelc,4.0,0.08993,-0.505358,0,0,0.9691 LiCoO2 + 0.03089 Li5.4P1S4.4Cl1.6 -> 0.8332 Li + 0.03089 LiCoPO4 + 0.03972 Co23O32 + 0.1359 Li2SO4 + 0.02471 CoCl2
LiCoO2,modelc,4.0,0.093013,-0.518933,0,0,0.968 LiCoO2 + 0.03202 Li5.4P1S4.4Cl1.6 -> 0.8591 Li + 0.03888 Co23O32 + 0.01601 Co3(PO4)2 + 0.1409 Li2SO4 + 0.02562 CoCl2
LiCoO2,modelc,4.0,0.109541,-0.589092,0,0,0.9618 LiCoO2 + 0.03817 Li5.4P1S4.4Cl1.6 -> Li + 0.08397 Li2Co(SO4)2 + 0.03435 Co23O32 + 0.01908 Co3(PO4)2 + 0.03053 CoCl2
LiCoO2,modelc,4.0,0.116981,-0.620758,0,0,0.959 LiCoO2 + 0.04098 Li5.4P1S4.4Cl1.6 -> Li + 0.2582 Co3O4 + 0.09016 Li2Co(SO4)2 + 0.02049 Co3(PO4)2 + 0.03279 CoCl2
LiCoO2,modelc,4.0,0.140271,-0.719916,0,0,0.95 LiCoO2 + 0.05 Li5.4P1S4.4Cl1.6 -> 1.22 Li + 0.205 Co3O4 + 0.025 Co3(PO4)2 + 0.22 CoSO4 + 0.04 CoCl2
LiCoO2,modelc,4.0,0.172222,-0.814869,0,0,0.9371 LiCoO2 + 0.06289 Li5.4P1S4.4Cl1.6 -> 1.277 Li + 0.03145 Co3(PO4)2 + 0.2767 CoSO4 + 0.5157 CoO + 0.05031 CoCl2
LiCoO2,modelc,4.0,0.308729,-0.998459,0,0,0.8741 LiCoO2 + 0.1259 Li5.4P1S4.4Cl1.6 -> 1.554 Li + 0.06296 Co3(PO4)2 + 0.3111 CoSO4 + 0.03037 Co9S8 + 0.1007 CoCl2
LiCoO2,modelc,4.0,0.336434,-1.025398,0,0,0.8594 LiCoO2 + 0.1406 Li5.4P1S4.4Cl1.6 -> 1.618 Li + 0.07028 Co3(PO4)2 + 0.2892 CoSO4 + 0.1124 CoCl2 + 0.08233 Co3S4
LiCoO2,modelc,4.0,0.367589,-1.048682,0,0,0.8421 LiCoO2 + 0.1579 Li5.4P1S4.4Cl1.6 -> 1.695 Li + 0.07895 Co3(PO4)2 + 0.2632 CoSO4 + 0.1263 CoCl2 + 0.2158 CoS2
LiCoO2,modelc,4.0,0.394904,-1.065711,0,0,0.8261 LiCoO2 + 0.1739 Li5.4P1S4.4Cl1.6 -> 1.765 Li + 0.08696 Co2P2O7 + 0.2609 CoSO4 + 0.1391 CoCl2 + 0.2522 CoS2
LiCoO2,modelc,4.0,0.444444,-1.087589,0,0,0.7949 LiCoO2 + 0.2051 Li5.4P1S4.4Cl1.6 -> 1.903 Li + 0.2564 CoSO4 + 0.1641 CoCl2 + 0.3231 CoS2 + 0.05128 CoP4O11
LiCoO2,modelc,4.0,0.549483,-1.128094,0,0,0.7176 LiCoO2 + 0.2824 Li5.4P1S4.4Cl1.6 -> 2.242 Li + 0.1647 CoSO4 + 0.4824 CoS2 + 0.1129 SCl4 + 0.07059 CoP4O11
LiCoO2,modelc,4.0,0.61285,-1.151211,0,0,0.662 LiCoO2 + 0.338 Li5.4P1S4.4Cl1.6 -> 2.487 Li + 0.1972 SO2 + 0.5775 CoS2 + 0.1352 SCl4 + 0.08451 CoP4O11
LiCoO2,modelc,4.0,0.665474,-1.165522,1,0,0.6091 LiCoO2 + 0.3909 Li5.4P1S4.4Cl1.6 -> 2.72 Li + 0.07166 SO2 + 0.6254 SCl + 0.5114 CoS2 + 0.09772 CoP4O11
LiCoO2,modelc,4.0,0.692737,-1.163214,0,0,0.5789 LiCoO2 + 0.4211 Li5.4P1S4.4Cl1.6 -> 2.853 Li + 0.6737 SCl + 0.4737 CoS2 + 0.1053 CoP4O11 + 0.2316 S
LiCoO2,modelc,4.0,0.801034,-1.124252,0,0,0.435 LiCoO2 + 0.565 Li5.4P1S4.4Cl1.6 -> 3.486 Li + 0.1243 P2S7 + 0.904 SCl + 0.3559 CoS2 + 0.0791 CoP4O11
LiCoO2,modelc,4.0,1.0,-1.039207,0,0,Li5.4P1S4.4Cl1.6 -> 5.4 Li + 0.4588 P2S7 + 1.188 SCl + 0.08235 PCl5
LiCoO2,modelc,4.3,0.0,-0.17822,0,0,LiCoO2 -> Li + CoO2
LiCoO2,modelc,4.3,0.091755,-0.611951,0,0,0.9684 LiCoO2 + 0.03156 Li5.4P1S4.4Cl1.6 -> 1.139 Li + 0.01578 Co3(PO4)2 + 0.02525 Co(ClO4)2 + 0.03291 Co23O32 + 0.1389 CoSO4
LiCoO2,modelc,4.3,0.102118,-0.659874,0,0,0.9646 LiCoO2 + 0.03539 Li5.4P1S4.4Cl1.6 -> 1.156 Li + 0.01769 Co3(PO4)2 + 0.03286 Co23O32 + 0.05662 ClO2 + 0.1557 CoSO4
LiCoO2,modelc,4.3,0.133211,-0.803168,0,0,0.9528 LiCoO2 + 0.04723 Li5.4P1S4.4Cl1.6 -> 1.208 Li + 0.02362 Co3(PO4)2 + 0.02767 Co23O32 + 0.03779 CoCl2 + 0.2078 CoSO4
LiCoO2,modelc,4.3,0.140271,-0.834291,0,0,0.95 LiCoO2 + 0.05 Li5.4P1S4.4Cl1.6 -> 1.22 Li + 0.025 Co3(PO4)2 + 0.04 CoCl2 + 0.205 Co3O4 + 0.22 CoSO4
LiCoO2,modelc,4.3,0.172222,-0.932664,0,0,0.9371 LiCoO2 + 0.06289 Li5.4P1S4.4Cl1.6 -> 1.277 Li + 0.03145 Co3(PO4)2 + 0.05031 CoCl2 + 0.5157 CoO + 0.2767 CoSO4
LiCoO2,modelc,4.3,0.308729,-1.131525,0,0,0.8741 LiCoO2 + 0.1259 Li5.4P1S4.4Cl1.6 -> 1.554 Li + 0.06296 Co3(PO4)2 + 0.03037 Co9S8 + 0.1007 CoCl2 + 0.3111 CoSO4
LiCoO2,modelc,4.3,0.336434,-1.1617,0,0,0.8594 LiCoO2 + 0.1406 Li5.4P1S4.4Cl1.6 -> 1.618 Li + 0.07028 Co3(PO4)2 + 0.1124 CoCl2 + 0.08233 Co3S4 + 0.2892 CoSO4
LiCoO2,modelc,4.3,0.367589,-1.188682,0,0,0.8421 LiCoO2 + 0.1579 Li5.4P1S4.4Cl1.6 -> 1.695 Li + 0.07895 Co3(PO4)2 + 0.1263 CoCl2 + 0.2158 CoS2 + 0.2632 CoSO4
LiCoO2,modelc,4.3,0.394904,-1.209005,0,0,0.8261 LiCoO2 + 0.1739 Li5.4P1S4.4Cl1.6 -> 1.765 Li + 0.08696 Co2P2O7 + 0.1391 CoCl2 + 0.2522 CoS2 + 0.2609 CoSO4
LiCoO2,modelc,4.3,0.444444,-1.236985,0,0,0.7949 LiCoO2 + 0.2051 Li5.4P1S4.4Cl1.6 -> 1.903 Li + 0.05128 CoP4O11 + 0.1641 CoCl2 + 0.3231 CoS2 + 0.2564 CoSO4
LiCoO2,modelc,4.3,0.549483,-1.291,0,0,0.7176 LiCoO2 + 0.2824 Li5.4P1S4.4Cl1.6 -> 2.242 Li + 0.1129 SCl4 + 0.07059 CoP4O11 + 0.4824 CoS2 + 0.1647 CoSO4
LiCoO2,modelc,4.3,0.61285,-1.322667,0,0,0.662 LiCoO2 + 0.338 Li5.4P1S4.4Cl1.6 -> 2.487 Li + 0.1352 SCl4 + 0.08451 CoP4O11 + 0.5775 CoS2 + 0.1972 SO2
LiCoO2,modelc,4.3,0.665474,-1.344323,0,0,0.6091 LiCoO2 + 0.3909 Li5.4P1S4.4Cl1.6 -> 2.72 Li + 0.6254 SCl + 0.09772 CoP4O11 + 0.5114 CoS2 + 0.07166 SO2
LiCoO2,modelc,4.3,0.692737,-1.34591,1,0,0.5789 LiCoO2 + 0.4211 Li5.4P1S4.4Cl1.6 -> 2.853 Li + 0.6737 SCl + 0.1053 CoP4O11 + 0.4737 CoS2 + 0.2316 S
LiCoO2,modelc,4.3,0.801034,-1.323071,0,0,0.435 LiCoO2 + 0.565 Li5.4P1S4.4Cl1.6 -> 3.486 Li + 0.904 SCl + 0.0791 CoP4O11 + 0.3559 CoS2 + 0.1243 P2S7
LiCoO2,modelc,4.3,1.0,-1.270635,0,0,Li5.4P1S4.4Cl1.6 -> 5.4 Li + 1.188 SCl + 0.08235 PCl5 + 0.4588 P2S7
LiCoO2,modelc,4.5,0.0,-0.244886,0,0,LiCoO2 -> Li + CoO2
LiCoO2,modelc,4.5,0.091755,-0.68481,0,0,0.9684 LiCoO2 + 0.03156 Li5.4P1S4.4Cl1.6 -> 1.139 Li + 0.02525 Co(ClO4)2 + 0.03291 Co23O32 + 0.01578 Co3(PO4)2 + 0.1389 CoSO4
LiCoO2,modelc,4.5,0.102118,-0.73345,0,0,0.9646 LiCoO2 + 0.03539 Li5.4P1S4.4Cl1.6 -> 1.156 Li + 0.03286 Co23O32 + 0.01769 Co3(PO4)2 + 0.05662 ClO2 + 0.1557 CoSO4
LiCoO2,modelc,4.5,0.133211,-0.87892,0,0,0.9528 LiCoO2 + 0.04723 Li5.4P1S4.4Cl1.6 -> 1.208 Li + 0.02767 Co23O32 + 0.02362 Co3(PO4)2 + 0.03779 CoCl2 + 0.2078 CoSO4
LiCoO2,modelc,4.5,0.140271,-0.910541,0,0,0.95 LiCoO2 + 0.05 Li5.4P1S4.4Cl1.6 -> 1.22 Li + 0.025 Co3(PO4)2 + 0.04 CoCl2 + 0.205 Co3O4 + 0.22 CoSO4
LiCoO2,modelc,4.5,0.172222,-1.011194,0,0,0.9371 LiCoO2 + 0.06289 Li5.4P1S4.4Cl1.6 -> 1.277 Li + 0.03145 Co3(PO4)2 + 0.5157 CoO + 0.05031 CoCl2 + 0.2767 CoSO4
LiCoO2,modelc,4.5,0.308729,-1.220235,0,0,0.8741 LiCoO2 + 0.1259 Li5.4P1S4.4Cl1.6 -> 1.554 Li + 0.03037 Co9S8 + 0.06296 Co3(PO4)2 + 0.1007 CoCl2 + 0.3111 CoSO4
LiCoO2,modelc,4.5,0.336434,-1.252568,0,0,0.8594 LiCoO2 + 0.1406 Li5.4P1S4.4Cl1.6 -> 1.618 Li + 0.07028 Co3(PO4)2 + 0.1124 CoCl2 + 0.08233 Co3S4 + 0.2892 CoSO4
LiCoO2,modelc,4.5,0.367589,-1.282016,0,0,0.8421 LiCoO2 + 0.1579 Li5.4P1S4.4Cl1.6 -> 1.695 Li + 0.2158 CoS2 + 0.07895 Co3(PO4)2 + 0.1263 CoCl2 + 0.2632 CoSO4
LiCoO2,modelc,4.5,0.394904,-1.304535,0,0,0.8261 LiCoO2 + 0.1739 Li5.4P1S4.4Cl1.6 -> 1.765 Li + 0.08696 Co2P2O7 + 0.2522 CoS2 + 0.1391 CoCl2 + 0.2609 CoSO4
LiCoO2,modelc,4.5,0.444444,-1.336582,0,0,0.7949 LiCoO2 + 0.2051 Li5.4P1S4.4Cl1.6 -> 1.903 Li + 0.05128 CoP4O11 + 0.3231 CoS2 + 0.1641 CoCl2 + 0.2564 CoSO4
LiCoO2,modelc,4.5,0.549483,-1.399604,0,0,0.7176 LiCoO2 + 0.2824 Li5.4P1S4.4Cl1.6 -> 2.242 Li + 0.07059 CoP4O11 + 0.4824 CoS2 + 0.1129 SCl4 + 0.1647 CoSO4
LiCoO2,modelc,4.5,0.61285,-1.436971,0,0,0.662 LiCoO2 + 0.338 Li5.4P1S4.4Cl1.6 -> 2.487 Li + 0.08451 CoP4O11 + 0.5775 CoS2 + 0.1972 SO2 + 0.1352 SCl4
LiCoO2,modelc,4.5,0.665474,-1.463524,0,0,0.6091 LiCoO2 + 0.3909 Li5.4P1S4.4Cl1.6 -> 2.72 Li + 0.09772 CoP4O11 + 0.6254 SCl + 0.5114 CoS2 + 0.07166 SO2
LiCoO2,modelc,4.5,0.692737,-1.467708,1,0,0.5789 LiCoO2 + 0.4211 Li5.4P1S4.4Cl1.6 -> 2.853 Li + 0.1053 CoP4O11 + 0.6737 SCl + 0.4737 CoS2 + 0.2316 S
LiCoO2,modelc,4.5,0.801034,-1.455616,0,0,0.435 LiCoO2 + 0.565 Li5.4P1S4.4Cl1.6 -> 3.486 Li + 0.0791 CoP4O11 + 0.904 SCl + 0.3559 CoS2 + 0.1243 P2S7
LiCoO2,modelc,4.5,1.0,-1.424921,0,0,Li5.4P1S4.4Cl1.6 -> 5.4 Li + 1.188 SCl + 0.4588 P2S7 + 0.08235 PCl5
LiCoO2,lpsocl,2.5,0.0,0.0,0,0,LiCoO2 -> LiCoO2
LiCoO2,lpsocl,2.5,0.130802,-0.278304,0,0,0.0463 Li5.4P1S4.2Cl1.6O0.2 + 0.9537 LiCoO2 -> 0.6019 Li + 0.9537 CoO + 0.0463 Li3PO4 + 0.1944 Li2SO4 + 0.07407 LiCl
LiCoO2,lpsocl,2.5,0.455347,-0.581765,0,0,0.2124 Li5.4P1S4.2Cl1.6O0.2 + 0.7876 LiCoO2 -> 0.5735 Li + 0.08751 Co9S8 + 0.2124 Li3PO4 + 0.192 Li2SO4 + 0.3398 LiCl
LiCoO2,lpsocl,2.5,0.524615,-0.603536,0,0,0.2625 Li5.4P1S4.2Cl1.6O0.2 + 0.7375 LiCoO2 -> 0.7088 Li + 0.2458 Co3S4 + 0.2625 Li3PO4 + 0.1193 Li2SO4 + 0.42 LiCl
LiCoO2,lpsocl,2.5,0.600775,-0.608773,1,0,0.3268 Li5.4P1S4.2Cl1.6O0.2 + 0.6732 LiCoO2 -> 0.8824 Li + 0.3268 Li3PO4 + 0.6732 CoS2 + 0.02614 Li2SO4 + 0.5229 LiCl
LiCoO2,lpsocl,2.5,0.62,-0.596418,0,0,0.3448 Li5.4P1S4.2Cl1.6O0.2 + 0.6552 LiCoO2 -> 0.8966 Li + 0.3448 Li3PO4 + 0.6552 CoS2 + 0.5517 LiCl + 0.03448 LiS4
LiCoO2,lpsocl,2.5,1.0,-0.092247,0,0,Li5.4P1S4.2Cl1.6O0.2 -> 3.431 Li + 0.475 P2S7 + 0.05 Li3PO4 + 1.6 LiCl + 0.2187 LiS4
LiCoO2,lpsocl,3.0,0.0,0.0,0,0,LiCoO2 -> LiCoO2
LiCoO2,lpsocl,3.0,0.130802,-0.37278,0,0,0.0463 Li5.4P1S4.2Cl1.6O0.2 + 0.9537 LiCoO2 -> 0.6019 Li + 0.0463 Li3PO4 + 0.9537 CoO + 0.1944 Li2SO4 + 0.07407 LiCl
LiCoO2,lpsocl,3.0,0.136564,-0.385189,0,0,0.04854 Li5.4P1S4.2Cl1.6O0.2 + 0.9515 LiCoO2 -> 0.6796 Li + 0.04854 LiCoPO4 + 0.9029 CoO + 0.2039 Li2SO4 + 0.07767 LiCl
LiCoO2,lpsocl,3.0,0.141553,-0.390532,0,0,0.05051 Li5.4P1S4.2Cl1.6O0.2 + 0.9495 LiCoO2 -> 0.7475 Li + 0.05051 LiCoPO4 + 0.0404 CoCl2 + 0.8586 CoO + 0.2121 Li2SO4
LiCoO2,lpsocl,3.0,0.14486,-0.394068,0,0,0.05181 Li5.4P1S4.2Cl1.6O0.2 + 0.9482 LiCoO2 -> 0.7927 Li + 0.02591 Co3(PO4)2 + 0.04145 CoCl2 + 0.829 CoO + 0.2176 Li2SO4
LiCoO2,lpsocl,3.0,0.374396,-0.608278,0,0,0.1618 Li5.4P1S4.2Cl1.6O0.2 + 0.8382 LiCoO2 -> 1.181 Li + 0.08091 Co3(PO4)2 + 0.1294 CoCl2 + 0.05178 Co9S8 + 0.2654 Li2SO4
LiCoO2,lpsocl,3.0,0.389447,-0.621403,0,0,0.1706 Li5.4P1S4.2Cl1.6O0.2 + 0.8294 LiCoO2 -> 1.075 Li + 0.1706 LiCoPO4 + 0.1365 CoCl2 + 0.05802 Co9S8 + 0.2526 Li2SO4
LiCoO2,lpsocl,3.0,0.416219,-0.644948,0,0,0.187 Li5.4P1S4.2Cl1.6O0.2 + 0.813 LiCoO2 -> 0.8788 Li + 0.187 LiCoPO4 + 0.06956 Co9S8 + 0.2289 Li2SO4 + 0.2992 LiCl
LiCoO2,lpsocl,3.0,0.467123,-0.670906,0,0,0.2204 Li5.4P1S4.2Cl1.6O0.2 + 0.7796 LiCoO2 -> 1.036 Li + 0.1864 Co3S4 + 0.2204 LiCoPO4 + 0.1804 Li2SO4 + 0.3527 LiCl
LiCoO2,lpsocl,3.0,0.524615,-0.691044,0,0,0.2625 Li5.4P1S4.2Cl1.6O0.2 + 0.7375 LiCoO2 -> 0.7088 Li + 0.2458 Co3S4 + 0.2625 Li3PO4 + 0.1193 Li2SO4 + 0.42 LiCl
LiCoO2,lpsocl,3.0,0.530739,-0.693124,0,0,0.2673 Li5.4P1S4.2Cl1.6O0.2 + 0.7327 LiCoO2 -> 0.9222 Li + 0.2442 Co3S4 + 0.1337 Li4P2O7 + 0.1458 Li2SO4 + 0.4277 LiCl
LiCoO2,lpsocl,3.0,0.606654,-0.713369,1,0,0.3322 Li5.4P1S4.2Cl1.6O0.2 + 0.6678 LiCoO2 -> 1.146 Li + 0.6678 CoS2 + 0.1661 Li4P2O7 + 0.0598 Li2SO4 + 0.5316 LiCl
LiCoO2,lpsocl,3.0,0.652632,-0.683864,0,0,0.3774 Li5.4P1S4.2Cl1.6O0.2 + 0.6226 LiCoO2 -> 1.217 Li + 0.6226 CoS2 + 0.1887 Li4P2O7 + 0.6038 LiCl + 0.08491 LiS4
LiCoO2,lpsocl,3.0,0.688889,-0.655668,0,0,0.4167 Li5.4P1S4.2Cl1.6O0.2 + 0.5833 LiCoO2 -> 1.604 Li + 0.5833 CoS2 + 0.4167 LiPO3 + 0.6667 LiCl + 0.1458 LiS4
LiCoO2,lpsocl,3.0,1.0,-0.339079,0,0,Li5.4P1S4.2Cl1.6O0.2 -> 3.5 Li + 0.4667 P2S7 + 0.06667 LiPO3 + 1.6 LiCl + 0.2333 LiS4
LiCoO2,lpsocl,3.5,0.0,-0.013345,0,0,LiCoO2 -> 0.5 Li + 0.5 Li(CoO2)2
LiCoO2,lpsocl,3.5,0.091176,-0.370211,0,0,0.03135 Li5.4P1S4.2Cl1.6O0.2 + 0.9687 LiCoO2 -> 0.7304 Li + 0.03135 Li3PO4 + 0.3229 Co3O4 + 0.1317 Li2SO4 + 0.05016 LiCl
LiCoO2,lpsocl,3.5,0.096875,-0.391097,0,0,0.03344 Li5.4P1S4.2Cl1.6O0.2 + 0.9666 LiCoO2 -> 0.7793 Li + 0.03344 LiCoPO4 + 0.311 Co3O4 + 0.1405 Li2SO4 + 0.05351 LiCl
LiCoO2,lpsocl,3.5,0.101974,-0.405964,0,0,0.03534 Li5.4P1S4.2Cl1.6O0.2 + 0.9647 LiCoO2 -> 0.8233 Li + 0.03534 LiCoPO4 + 0.02827 CoCl2 + 0.3004 Co3O4 + 0.1484 Li2SO4
LiCoO2,lpsocl,3.5,0.105442,-0.416089,0,0,0.03663 Li5.4P1S4.2Cl1.6O0.2 + 0.9634 LiCoO2 -> 0.8535 Li + 0.01832 Co3(PO4)2 + 0.0293 CoCl2 + 0.293 Co3O4 + 0.1538 Li2SO4
LiCoO2,lpsocl,3.5,0.123016,-0.464484,0,0,0.04329 Li5.4P1S4.2Cl1.6O0.2 + 0.9567 LiCoO2 -> 1.009 Li + 0.09091 Li2Co(SO4)2 + 0.02165 Co3(PO4)2 + 0.03463 CoCl2 + 0.2554 Co3O4
LiCoO2,lpsocl,3.5,0.147619,-0.531841,0,0,0.05291 Li5.4P1S4.2Cl1.6O0.2 + 0.9471 LiCoO2 -> 1.233 Li + 0.02646 Co3(PO4)2 + 0.2222 CoSO4 + 0.04233 CoCl2 + 0.2011 Co3O4
LiCoO2,lpsocl,3.5,0.180233,-0.619181,0,0,0.06623 Li5.4P1S4.2Cl1.6O0.2 + 0.9338 LiCoO2 -> 1.291 Li + 0.5033 CoO + 0.03311 Co3(PO4)2 + 0.2781 CoSO4 + 0.05298 CoCl2
LiCoO2,lpsocl,3.5,0.315569,-0.769789,0,0,0.1295 Li5.4P1S4.2Cl1.6O0.2 + 0.8705 LiCoO2 -> 1.57 Li + 0.06474 Co3(PO4)2 + 0.3123 CoSO4 + 0.02894 Co9S8 + 0.1036 CoCl2
LiCoO2,lpsocl,3.5,0.342271,-0.789498,0,0,0.1437 Li5.4P1S4.2Cl1.6O0.2 + 0.8563 LiCoO2 -> 1.632 Li + 0.07187 Co3(PO4)2 + 0.2916 CoSO4 + 0.07803 Co3S4 + 0.115 CoCl2
LiCoO2,lpsocl,3.5,0.372,-0.804741,0,0,0.1604 Li5.4P1S4.2Cl1.6O0.2 + 0.8396 LiCoO2 -> 1.706 Li + 0.08021 Co3(PO4)2 + 0.2674 CoSO4 + 0.2032 CoS2 + 0.1283 CoCl2
LiCoO2,lpsocl,3.5,0.4,-0.815559,0,0,0.177 Li5.4P1S4.2Cl1.6O0.2 + 0.823 LiCoO2 -> 1.779 Li + 0.0885 Co2P2O7 + 0.2655 CoSO4 + 0.2389 CoS2 + 0.1416 CoCl2
LiCoO2,lpsocl,3.5,0.4464,-0.832236,0,0,0.2064 Li5.4P1S4.2Cl1.6O0.2 + 0.7936 LiCoO2 -> 1.839 Li + 0.06881 LiCo(PO3)3 + 0.2523 CoSO4 + 0.3073 CoS2 + 0.1651 CoCl2
LiCoO2,lpsocl,3.5,0.489474,-0.845429,0,0,0.2362 Li5.4P1S4.2Cl1.6O0.2 + 0.7638 LiCoO2 -> 1.744 Li + 0.07874 LiCo(PO3)3 + 0.1083 Li2Co(SO4)2 + 0.3878 CoS2 + 0.189 CoCl2
LiCoO2,lpsocl,3.5,0.519553,-0.854067,0,0,0.2586 Li5.4P1S4.2Cl1.6O0.2 + 0.7414 LiCoO2 -> 1.672 Li + 0.08621 LiCo(PO3)3 + 0.4483 CoS2 + 0.2069 CoCl2 + 0.1897 Li2SO4
LiCoO2,lpsocl,3.5,0.581977,-0.865873,0,0,0.3099 Li5.4P1S4.2Cl1.6O0.2 + 0.6901 LiCoO2 -> 1.508 Li + 0.1033 LiCo(PO3)3 + 0.5868 CoS2 + 0.1281 Li2SO4 + 0.4959 LiCl
LiCoO2,lpsocl,3.5,0.612648,-0.868822,1,0,0.3378 Li5.4P1S4.2Cl1.6O0.2 + 0.6622 LiCoO2 -> 1.419 Li + 0.6622 CoS2 + 0.09459 Li2SO4 + 0.3378 LiPO3 + 0.5405 LiCl
LiCoO2,lpsocl,3.5,0.688889,-0.86292,0,0,0.4167 Li5.4P1S4.2Cl1.6O0.2 + 0.5833 LiCoO2 -> 2.333 Li + 0.5833 SCl + 0.5833 CoS2 + 0.4167 LiPO3 + 0.08333 LiCl
LiCoO2,lpsocl,3.5,0.694678,-0.86107,0,0,0.4233 Li5.4P1S4.2Cl1.6O0.2 + 0.5767 LiCoO2 -> 2.45 Li + 0.01058 PCl5 + 0.6243 SCl + 0.5767 CoS2 + 0.4127 LiPO3
LiCoO2,lpsocl,3.5,1.0,-0.637464,0,0,Li5.4P1S4.2Cl1.6O0.2 -> 5.333 Li + 0.4275 P2S7 + 0.07843 PCl5 + 1.208 SCl + 0.06667 LiPO3
LiCoO2,lpsocl,4.0,0.0,-0.096678,0,0,LiCoO2 -> 0.5 Li + 0.5 Li(CoO2)2
LiCoO2,lpsocl,4.0,0.068627,-0.39685,0,0,0.02322 Li5.4P1S4.2Cl1.6O0.2 + 0.9768 LiCoO2 -> 0.8468 Li + 0.03715 LiClO4 + 0.02322 LiCoPO4 + 0.04146 Co23O32 + 0.09751 Li2SO4
LiCoO2,lpsocl,4.0,0.089448,-0.485711,0,0,0.03072 Li5.4P1S4.2Cl1.6O0.2 + 0.9693 LiCoO2 -> 0.7973 Li + 0.03072 LiCoPO4 + 0.04081 Co23O32 + 0.129 Li2SO4 + 0.04914 LiCl
LiCoO2,lpsocl,4.0,0.09443,-0.506664,0,0,0.03254 Li5.4P1S4.2Cl1.6O0.2 + 0.9675 LiCoO2 -> 0.8373 Li + 0.03254 LiCoPO4 + 0.03952 Co23O32 + 0.1367 Li2SO4 + 0.02603 CoCl2
LiCoO2,lpsocl,4.0,0.097836,-0.521009,0,0,0.0338 Li5.4P1S4.2Cl1.6O0.2 + 0.9662 LiCoO2 -> 0.8648 Li + 0.03863 Co23O32 + 0.0169 Co3(PO4)2 + 0.142 Li2SO4 + 0.02704 CoCl2
LiCoO2,lpsocl,4.0,0.115303,-0.591987,0,0,0.04035 Li5.4P1S4.2Cl1.6O0.2 + 0.9597 LiCoO2 -> 1.008 Li + 0.08473 Li2Co(SO4)2 + 0.03401 Co23O32 + 0.02017 Co3(PO4)2 + 0.03228 CoCl2
LiCoO2,lpsocl,4.0,0.123016,-0.62342,0,0,0.04329 Li5.4P1S4.2Cl1.6O0.2 + 0.9567 LiCoO2 -> 1.009 Li + 0.2554 Co3O4 + 0.09091 Li2Co(SO4)2 + 0.02165 Co3(PO4)2 + 0.03463 CoCl2
LiCoO2,lpsocl,4.0,0.147619,-0.723769,0,0,0.05291 Li5.4P1S4.2Cl1.6O0.2 + 0.9471 LiCoO2 -> 1.233 Li + 0.2011 Co3O4 + 0.02646 Co3(PO4)2 + 0.2222 CoSO4 + 0.04233 CoCl2
LiCoO2,lpsocl,4.0,0.180233,-0.81695,0,0,0.06623 Li5.4P1S4.2Cl1.6O0.2 + 0.9338 LiCoO2 -> 1.291 Li + 0.03311 Co3(PO4)2 + 0.2781 CoSO4 + 0.5033 CoO + 0.05298 CoCl2
LiCoO2,lpsocl,4.0,0.315569,-0.992889,0,0,0.1295 Li5.4P1S4.2Cl1.6O0.2 + 0.8705 LiCoO2 -> 1.57 Li + 0.06474 Co3(PO4)2 + 0.3123 CoSO4 + 0.02894 Co9S8 + 0.1036 CoCl2
LiCoO2,lpsocl,4.0,0.342271,-1.017815,0,0,0.1437 Li5.4P1S4.2Cl1.6O0.2 + 0.8563 LiCoO2 -> 1.632 Li + 0.07187 Co3(PO4)2 + 0.2916 CoSO4 + 0.115 CoCl2 + 0.07803 Co3S4
LiCoO2,lpsocl,4.0,0.372,-1.038956,0,0,0.1604 Li5.4P1S4.2Cl1.6O0.2 + 0.8396 LiCoO2 -> 1.706 Li + 0.08021 Co3(PO4)2 + 0.2674 CoSO4 + 0.1283 CoCl2 + 0.2032 CoS2
LiCoO2,lpsocl,4.0,0.4,-1.055416,0,0,0.177 Li5.4P1S4.2Cl1.6O0.2 + 0.823 LiCoO2 -> 1.779 Li + 0.0885 Co2P2O7 + 0.2655 CoSO4 + 0.1416 CoCl2 + 0.2389 CoS2
LiCoO2,lpsocl,4.0,0.450909,-1.076177,0,0,0.2094 Li5.4P1S4.2Cl1.6O0.2 + 0.7906 LiCoO2 -> 1.921 Li + 0.2618 CoSO4 + 0.1675 CoCl2 + 0.3089 CoS2 + 0.05236 CoP4O11
LiCoO2,lpsocl,4.0,0.559398,-1.114344,0,0,0.2906 Li5.4P1S4.2Cl1.6O0.2 + 0.7094 LiCoO2 -> 2.278 Li + 0.1695 CoSO4 + 0.4673 CoS2 + 0.1162 SCl4 + 0.07264 CoP4O11
LiCoO2,lpsocl,4.0,0.62521,-1.136099,0,0,0.3499 Li5.4P1S4.2Cl1.6O0.2 + 0.6501 LiCoO2 -> 2.539 Li + 0.2041 SO2 + 0.5627 CoS2 + 0.1399 SCl4 + 0.08746 CoP4O11
LiCoO2,lpsocl,4.0,0.680073,-1.149193,1,0,0.4068 Li5.4P1S4.2Cl1.6O0.2 + 0.5932 LiCoO2 -> 2.79 Li + 0.07458 SO2 + 0.6508 SCl + 0.4915 CoS2 + 0.1017 CoP4O11
LiCoO2,lpsocl,4.0,0.708571,-1.145991,0,0,0.4396 Li5.4P1S4.2Cl1.6O0.2 + 0.5604 LiCoO2 -> 2.934 Li + 0.7033 SCl + 0.4505 CoS2 + 0.1099 CoP4O11 + 0.2418 S
LiCoO2,lpsocl,4.0,0.822281,-1.102263,0,0,0.5988 Li5.4P1S4.2Cl1.6O0.2 + 0.4012 LiCoO2 -> 3.635 Li + 0.1317 P2S7 + 0.9581 SCl + 0.3174 CoS2 + 0.08383 CoP4O11
LiCoO2,lpsocl,4.0,0.992883,-1.025345,0,0,0.9783 Li5.4P1S4.2Cl1.6O0.2 + 0.02174 LiCoO2 -> 5.304 Li + 0.4118 P2S7 + 1.226 SCl + 0.06777 PCl5 + 0.02174 CoP4O11
LiCoO2,lpsocl,4.0,1.0,-1.021371,0,0,Li5.4P1S4.2Cl1.6O0.2 -> 5.4 Li + 0.4235 P2S7 + 1.235 SCl + 0.07294 PCl5 + 0.04 P2O5
LiCoO2,lpsocl,4.3,0.0,-0.17822,0,0,LiCoO2 -> Li + CoO2
LiCoO2,lpsocl,4.3,0.095092,-0.608225,0,0,0.03279 Li5.4P1S4.2Cl1.6O0.2 + 0.9672 LiCoO2 -> 1.144 Li + 0.01639 Co3(PO4)2 + 0.02623 Co(ClO4)2 + 0.03279 Co23O32 + 0.1377 CoSO4
LiCoO2,lpsocl,4.3,0.106268,-0.657699,0,0,0.03694 Li5.4P1S4.2Cl1.6O0.2 + 0.9631 LiCoO2 -> 1.163 Li + 0.01847 Co3(PO4)2 + 0.03272 Co23O32 + 0.0591 ClO2 + 0.1551 CoSO4
LiCoO2,lpsocl,4.3,0.140362,-0.80824,0,0,0.05004 Li5.4P1S4.2Cl1.6O0.2 + 0.95 LiCoO2 -> 1.22 Li + 0.02502 Co3(PO4)2 + 0.02716 Co23O32 + 0.04003 CoCl2 + 0.2102 CoSO4
LiCoO2,lpsocl,4.3,0.147619,-0.838925,0,0,0.05291 Li5.4P1S4.2Cl1.6O0.2 + 0.9471 LiCoO2 -> 1.233 Li + 0.02646 Co3(PO4)2 + 0.04233 CoCl2 + 0.2011 Co3O4 + 0.2222 CoSO4
LiCoO2,lpsocl,4.3,0.180233,-0.935611,0,0,0.06623 Li5.4P1S4.2Cl1.6O0.2 + 0.9338 LiCoO2 -> 1.291 Li + 0.03311 Co3(PO4)2 + 0.05298 CoCl2 + 0.5033 CoO + 0.2781 CoSO4
LiCoO2,lpsocl,4.3,0.315569,-1.126749,0,0,0.1295 Li5.4P1S4.2Cl1.6O0.2 + 0.8705 LiCoO2 -> 1.57 Li + 0.06474 Co3(PO4)2 + 0.02894 Co9S8 + 0.1036 CoCl2 + 0.3123 CoSO4
LiCoO2,lpsocl,4.3,0.342271,-1.154805,0,0,0.1437 Li5.4P1S4.2Cl1.6O0.2 + 0.8563 LiCoO2 -> 1.632 Li + 0.07187 Co3(PO4)2 + 0.115 CoCl2 + 0.07803 Co3S4 + 0.2916 CoSO4
LiCoO2,lpsocl,4.3,0.372,-1.179484,0,0,0.1604 Li5.4P1S4.2Cl1.6O0.2 + 0.8396 LiCoO2 -> 1.706 Li + 0.08021 Co3(PO4)2 + 0.1283 CoCl2 + 0.2032 CoS2 + 0.2674 CoSO4
LiCoO2,lpsocl,4.3,0.4,-1.19933,0,0,0.177 Li5.4P1S4.2Cl1.6O0.2 + 0.823 LiCoO2 -> 1.779 Li + 0.0885 Co2P2O7 + 0.1416 CoCl2 + 0.2389 CoS2 + 0.2655 CoSO4
LiCoO2,lpsocl,4.3,0.450909,-1.226382,0,0,0.2094 Li5.4P1S4.2Cl1.6O0.2 + 0.7906 LiCoO2 -> 1.921 Li + 0.05236 CoP4O11 + 0.1675 CoCl2 + 0.3089 CoS2 + 0.2618 CoSO4
LiCoO2,lpsocl,4.3,0.559398,-1.278567,0,0,0.2906 Li5.4P1S4.2Cl1.6O0.2 + 0.7094 LiCoO2 -> 2.278 Li + 0.1162 SCl4 + 0.07264 CoP4O11 + 0.4673 CoS2 + 0.1695 CoSO4
LiCoO2,lpsocl,4.3,0.62521,-1.30926,0,0,0.3499 Li5.4P1S4.2Cl1.6O0.2 + 0.6501 LiCoO2 -> 2.539 Li + 0.1399 SCl4 + 0.08746 CoP4O11 + 0.5627 CoS2 + 0.2041 SO2
LiCoO2,lpsocl,4.3,0.680073,-1.330073,0,0,0.4068 Li5.4P1S4.2Cl1.6O0.2 + 0.5932 LiCoO2 -> 2.79 Li + 0.6508 SCl + 0.1017 CoP4O11 + 0.4915 CoS2 + 0.07458 SO2
LiCoO2,lpsocl,4.3,0.708571,-1.33098,1,0,0.4396 Li5.4P1S4.2Cl1.6O0.2 + 0.5604 LiCoO2 -> 2.934 Li + 0.7033 SCl + 0.1099 CoP4O11 + 0.4505 CoS2 + 0.2418 S
LiCoO2,lpsocl,4.3,0.822281,-1.304372,0,0,0.5988 Li5.4P1S4.2Cl1.6O0.2 + 0.4012 LiCoO2 -> 3.635 Li + 0.9581 SCl + 0.08383 CoP4O11 + 0.3174 CoS2 + 0.1317 P2S7
LiCoO2,lpsocl,4.3,0.992883,-1.255533,0,0,0.9783 Li5.4P1S4.2Cl1.6O0.2 + 0.02174 LiCoO2 -> 5.304 Li + 1.226 SCl + 0.02174 CoP4O11 + 0.06777 PCl5 + 0.4118 P2S7
LiCoO2,lpsocl,4.3,1.0,-1.2528,0,0,Li5.4P1S4.2Cl1.6O0.2 -> 5.4 Li + 1.235 SCl + 0.07294 PCl5 + 0.4235 P2S7 + 0.04 P2O5
LiCoO2,lpsocl,4.5,0.0,-0.244886,0,0,LiCoO2 -> Li + CoO2
LiCoO2,lpsocl,4.5,0.095092,-0.681314,0,0,0.03279 Li5.4P1S4.2Cl1.6O0.2 + 0.9672 LiCoO2 -> 1.144 Li + 0.02623 Co(ClO4)2 + 0.03279 Co23O32 + 0.01639 Co3(PO4)2 + 0.1377 CoSO4
LiCoO2,lpsocl,4.5,0.106268,-0.731563,0,0,0.03694 Li5.4P1S4.2Cl1.6O0.2 + 0.9631 LiCoO2 -> 1.163 Li + 0.03272 Co23O32 + 0.01847 Co3(PO4)2 + 0.0591 ClO2 + 0.1551 CoSO4
LiCoO2,lpsocl,4.5,0.140362,-0.884496,0,0,0.05004 Li5.4P1S4.2Cl1.6O0.2 + 0.95 LiCoO2 -> 1.22 Li + 0.02716 Co23O32 + 0.02502 Co3(PO4)2 + 0.04003 CoCl2 + 0.2102 CoSO4
LiCoO2,lpsocl,4.5,0.147619,-0.915696,0,0,0.05291 Li5.4P1S4.2Cl1.6O0.2 + 0.9471 LiCoO2 -> 1.233 Li + 0.02646 Co3(PO4)2 + 0.04233 CoCl2 + 0.2011 Co3O4 + 0.2222 CoSO4
LiCoO2,lpsocl,4.5,0.180233,-1.014718,0,0,0.06623 Li5.4P1S4.2Cl1.6O0.2 + 0.9338 LiCoO2 -> 1.291 Li + 0.03311 Co3(PO4)2 + 0.5033 CoO + 0.05298 CoCl2 + 0.2781 CoSO4
LiCoO2,lpsocl,4.5,0.315569,-1.21599,0,0,0.1295 Li5.4P1S4.2Cl1.6O0.2 + 0.8705 LiCoO2 -> 1.57 Li + 0.02894 Co9S8 + 0.06474 Co3(PO4)2 + 0.1036 CoCl2 + 0.3123 CoSO4
LiCoO2,lpsocl,4.5,0.342271,-1.246132,0,0,0.1437 Li5.4P1S4.2Cl1.6O0.2 + 0.8563 LiCoO2 -> 1.632 Li + 0.07187 Co3(PO4)2 + 0.115 CoCl2 + 0.07803 Co3S4 + 0.2916 CoSO4
LiCoO2,lpsocl,4.5,0.372,-1.27317,0,0,0.1604 Li5.4P1S4.2Cl1.6O0.2 + 0.8396 LiCoO2 -> 1.706 Li + 0.2032 CoS2 + 0.08021 Co3(PO4)2 + 0.1283 CoCl2 + 0.2674 CoSO4
LiCoO2,lpsocl,4.5,0.4,-1.295273,0,0,0.177 Li5.4P1S4.2Cl1.6O0.2 + 0.823 LiCoO2 -> 1.779 Li + 0.0885 Co2P2O7 + 0.2389 CoS2 + 0.1416 CoCl2 + 0.2655 CoSO4
LiCoO2,lpsocl,4.5,0.450909,-1.326518,0,0,0.2094 Li5.4P1S4.2Cl1.6O0.2 + 0.7906 LiCoO2 -> 1.921 Li + 0.05236 CoP4O11 + 0.3089 CoS2 + 0.1675 CoCl2 + 0.2618 CoSO4
LiCoO2,lpsocl,4.5,0.559398,-1.388049,0,0,0.2906 Li5.4P1S4.2Cl1.6O0.2 + 0.7094 LiCoO2 -> 2.278 Li + 0.07264 CoP4O11 + 0.4673 CoS2 + 0.1162 SCl4 + 0.1695 CoSO4
LiCoO2,lpsocl,4.5,0.62521,-1.4247,0,0,0.3499 Li5.4P1S4.2Cl1.6O0.2 + 0.6501 LiCoO2 -> 2.539 Li + 0.08746 CoP4O11 + 0.5627 CoS2 + 0.2041 SO2 + 0.1399 SCl4
LiCoO2,lpsocl,4.5,0.680073,-1.450659,0,0,0.4068 Li5.4P1S4.2Cl1.6O0.2 + 0.5932 LiCoO2 -> 2.79 Li + 0.1017 CoP4O11 + 0.6508 SCl + 0.4915 CoS2 + 0.07458 SO2
LiCoO2,lpsocl,4.5,0.708571,-1.454305,1,0,0.4396 Li5.4P1S4.2Cl1.6O0.2 + 0.5604 LiCoO2 -> 2.934 Li + 0.1099 CoP4O11 + 0.7033 SCl + 0.4505 CoS2 + 0.2418 S
LiCoO2,lpsocl,4.5,0.822281,-1.439111,0,0,0.5988 Li5.4P1S4.2Cl1.6O0.2 + 0.4012 LiCoO2 -> 3.635 Li + 0.08383 CoP4O11 + 0.9581 SCl + 0.3174 CoS2 + 0.1317 P2S7
LiCoO2,lpsocl,4.5,0.992883,-1.408992,0,0,0.9783 Li5.4P1S4.2Cl1.6O0.2 + 0.02174 LiCoO2 -> 5.304 Li + 0.02174 CoP4O11 + 1.226 SCl + 0.4118 P2S7 + 0.06777 PCl5
LiCoO2,lpsocl,4.5,1.0,-1.407086,0,0,Li5.4P1S4.2Cl1.6O0.2 -> 5.4 Li + 1.235 SCl + 0.4235 P2S7 + 0.07294 PCl5 + 0.04 P2O5
LiCoO2,o_only_003,2.5,0.0,0.0,0,0,LiCoO2 -> LiCoO2
LiCoO2,o_only_003,2.5,0.126273,-0.279381,0,0,0.04454 Li5.4P1S4.37Cl1.6O0.03 + 0.9555 LiCoO2 -> 0.6018 Li + 0.9555 CoO + 0.04454 Li3PO4 + 0.1947 Li2SO4 + 0.07127 LiCl
LiCoO2,o_only_003,2.5,0.445338,-0.59062,0,0,0.2057 Li5.4P1S4.37Cl1.6O0.03 + 0.7943 LiCoO2 -> 0.5729 Li + 0.08825 Co9S8 + 0.2057 Li3PO4 + 0.193 Li2SO4 + 0.3292 LiCl
LiCoO2,o_only_003,2.5,0.514523,-0.614366,0,0,0.2548 Li5.4P1S4.37Cl1.6O0.03 + 0.7452 LiCoO2 -> 0.7096 Li + 0.2484 Co3S4 + 0.2548 Li3PO4 + 0.1197 Li2SO4 + 0.4076 LiCl
LiCoO2,o_only_003,2.5,0.591039,-0.621602,1,0,0.318 Li5.4P1S4.37Cl1.6O0.03 + 0.682 LiCoO2 -> 0.8855 Li + 0.318 Li3PO4 + 0.682 CoS2 + 0.02544 Li2SO4 + 0.5087 LiCl
LiCoO2,o_only_003,2.5,0.609636,-0.609965,0,0,0.335 Li5.4P1S4.37Cl1.6O0.03 + 0.665 LiCoO2 -> 0.8995 Li + 0.335 Li3PO4 + 0.665 CoS2 + 0.536 LiCl + 0.0335 LiS4
LiCoO2,o_only_003,2.5,1.0,-0.094764,0,0,Li5.4P1S4.37Cl1.6O0.03 -> 3.553 Li + 0.4962 P2S7 + 0.0075 Li3PO4 + 1.6 LiCl + 0.2241 LiS4
LiCoO2,o_only_003,3.0,0.0,0.0,0,0,LiCoO2 -> LiCoO2
LiCoO2,o_only_003,3.0,0.126273,-0.374056,0,0,0.04454 Li5.4P1S4.37Cl1.6O0.03 + 0.9555 LiCoO2 -> 0.6018 Li + 0.04454 Li3PO4 + 0.9555 CoO + 0.1947 Li2SO4 + 0.07127 LiCl
LiCoO2,o_only_003,3.0,0.131635,-0.386057,0,0,0.04662 Li5.4P1S4.37Cl1.6O0.03 + 0.9534 LiCoO2 -> 0.6765 Li + 0.04662 LiCoPO4 + 0.9068 CoO + 0.2037 Li2SO4 + 0.07459 LiCl
LiCoO2,o_only_003,3.0,0.136264,-0.391226,0,0,0.04843 Li5.4P1S4.37Cl1.6O0.03 + 0.9516 LiCoO2 -> 0.7414 Li + 0.04843 LiCoPO4 + 0.03874 CoCl2 + 0.8644 CoO + 0.2116 Li2SO4
LiCoO2,o_only_003,3.0,0.139326,-0.394638,0,0,0.04963 Li5.4P1S4.37Cl1.6O0.03 + 0.9504 LiCoO2 -> 0.7846 Li + 0.02481 Co3(PO4)2 + 0.0397 CoCl2 + 0.8362 CoO + 0.2169 Li2SO4
LiCoO2,o_only_003,3.0,0.367603,-0.616751,0,0,0.1579 Li5.4P1S4.37Cl1.6O0.03 + 0.8421 LiCoO2 -> 1.166 Li + 0.07895 Co3(PO4)2 + 0.1263 CoCl2 + 0.05321 Co9S8 + 0.2643 Li2SO4
LiCoO2,o_only_003,3.0,0.382103,-0.629972,0,0,0.1663 Li5.4P1S4.37Cl1.6O0.03 + 0.8337 LiCoO2 -> 1.062 Li + 0.1663 LiCoPO4 + 0.133 CoCl2 + 0.05937 Co9S8 + 0.2518 Li2SO4
LiCoO2,o_only_003,3.0,0.407841,-0.653632,0,0,0.1818 Li5.4P1S4.37Cl1.6O0.03 + 0.8182 LiCoO2 -> 0.8698 Li + 0.1818 LiCoPO4 + 0.07071 Co9S8 + 0.2287 Li2SO4 + 0.2909 LiCl
LiCoO2,o_only_003,3.0,0.459105,-0.681482,0,0,0.2149 Li5.4P1S4.37Cl1.6O0.03 + 0.7851 LiCoO2 -> 1.029 Li + 0.19 Co3S4 + 0.2149 LiCoPO4 + 0.1792 Li2SO4 + 0.3439 LiCl
LiCoO2,o_only_003,3.0,0.514523,-0.702639,0,0,0.2548 Li5.4P1S4.37Cl1.6O0.03 + 0.7452 LiCoO2 -> 0.7096 Li + 0.2484 Co3S4 + 0.2548 Li3PO4 + 0.1197 Li2SO4 + 0.4076 LiCl
LiCoO2,o_only_003,3.0,0.520412,-0.704825,0,0,0.2593 Li5.4P1S4.37Cl1.6O0.03 + 0.7407 LiCoO2 -> 0.9166 Li + 0.2469 Co3S4 + 0.1296 Li4P2O7 + 0.1454 Li2SO4 + 0.4148 LiCl
LiCoO2,o_only_003,3.0,0.596728,-0.727534,1,0,0.3231 Li5.4P1S4.37Cl1.6O0.03 + 0.6769 LiCoO2 -> 1.142 Li + 0.6769 CoS2 + 0.1616 Li4P2O7 + 0.05816 Li2SO4 + 0.517 LiCl
LiCoO2,o_only_003,3.0,0.641158,-0.699898,0,0,0.3656 Li5.4P1S4.37Cl1.6O0.03 + 0.6344 LiCoO2 -> 1.21 Li + 0.6344 CoS2 + 0.1828 Li4P2O7 + 0.585 LiCl + 0.08227 LiS4
LiCoO2,o_only_003,3.0,0.676118,-0.67338,0,0,0.4024 Li5.4P1S4.37Cl1.6O0.03 + 0.5976 LiCoO2 -> 1.584 Li + 0.5976 CoS2 + 0.4024 LiPO3 + 0.6439 LiCl + 0.1408 LiS4
LiCoO2,o_only_003,3.0,1.0,-0.348842,0,0,Li5.4P1S4.37Cl1.6O0.03 -> 3.564 Li + 0.495 P2S7 + 0.01 LiPO3 + 1.6 LiCl + 0.2262 LiS4
LiCoO2,o_only_003,3.5,0.0,-0.013345,0,0,LiCoO2 -> 0.5 Li + 0.5 Li(CoO2)2
LiCoO2,o_only_003,3.5,0.087881,-0.370955,0,0,0.03014 Li5.4P1S4.37Cl1.6O0.03 + 0.9699 LiCoO2 -> 0.7305 Li + 0.03014 Li3PO4 + 0.3233 Co3O4 + 0.1317 Li2SO4 + 0.04823 LiCl
LiCoO2,o_only_003,3.5,0.093163,-0.391068,0,0,0.03208 Li5.4P1S4.37Cl1.6O0.03 + 0.9679 LiCoO2 -> 0.7774 Li + 0.03208 LiCoPO4 + 0.3119 Co3O4 + 0.1402 Li2SO4 + 0.05132 LiCl
LiCoO2,o_only_003,3.5,0.097869,-0.40532,0,0,0.03381 Li5.4P1S4.37Cl1.6O0.03 + 0.9662 LiCoO2 -> 0.8194 Li + 0.03381 LiCoPO4 + 0.02705 CoCl2 + 0.3018 Co3O4 + 0.1478 Li2SO4
LiCoO2,o_only_003,3.5,0.101059,-0.414992,0,0,0.035 Li5.4P1S4.37Cl1.6O0.03 + 0.965 LiCoO2 -> 0.8481 Li + 0.0175 Co3(PO4)2 + 0.028 CoCl2 + 0.2948 Co3O4 + 0.1529 Li2SO4
LiCoO2,o_only_003,3.5,0.117848,-0.462979,0,0,0.04131 Li5.4P1S4.37Cl1.6O0.03 + 0.9587 LiCoO2 -> 1.001 Li + 0.09027 Li2Co(SO4)2 + 0.02066 Co3(PO4)2 + 0.03305 CoCl2 + 0.2578 Co3O4
LiCoO2,o_only_003,3.5,0.141327,-0.529656,0,0,0.05042 Li5.4P1S4.37Cl1.6O0.03 + 0.9496 LiCoO2 -> 1.222 Li + 0.02521 Co3(PO4)2 + 0.2203 CoSO4 + 0.04033 CoCl2 + 0.2044 Co3O4
LiCoO2,o_only_003,3.5,0.173378,-0.618636,0,0,0.06337 Li5.4P1S4.37Cl1.6O0.03 + 0.9366 LiCoO2 -> 1.279 Li + 0.5139 CoO + 0.03169 Co3(PO4)2 + 0.2769 CoSO4 + 0.0507 CoCl2
LiCoO2,o_only_003,3.5,0.309736,-0.77567,0,0,0.1264 Li5.4P1S4.37Cl1.6O0.03 + 0.8736 LiCoO2 -> 1.556 Li + 0.06322 Co3(PO4)2 + 0.3113 CoSO4 + 0.03016 Co9S8 + 0.1012 CoCl2
LiCoO2,o_only_003,3.5,0.337297,-0.796939,0,0,0.141 Li5.4P1S4.37Cl1.6O0.03 + 0.859 LiCoO2 -> 1.621 Li + 0.07051 Co3(PO4)2 + 0.2895 CoSO4 + 0.0817 Co3S4 + 0.1128 CoCl2
LiCoO2,o_only_003,3.5,0.368244,-0.813775,0,0,0.1583 Li5.4P1S4.37Cl1.6O0.03 + 0.8417 LiCoO2 -> 1.696 Li + 0.07913 Co3(PO4)2 + 0.2638 CoSO4 + 0.2139 CoS2 + 0.1266 CoCl2
LiCoO2,o_only_003,3.5,0.39566,-0.825209,0,0,0.1744 Li5.4P1S4.37Cl1.6O0.03 + 0.8256 LiCoO2 -> 1.767 Li + 0.08718 Co2P2O7 + 0.2616 CoSO4 + 0.2502 CoS2 + 0.1395 CoCl2
LiCoO2,o_only_003,3.5,0.441002,-0.842901,0,0,0.2029 Li5.4P1S4.37Cl1.6O0.03 + 0.7971 LiCoO2 -> 1.825 Li + 0.06762 LiCo(PO3)3 + 0.2479 CoSO4 + 0.3193 CoS2 + 0.1623 CoCl2
LiCoO2,o_only_003,3.5,0.482991,-0.857048,0,0,0.2316 Li5.4P1S4.37Cl1.6O0.03 + 0.7684 LiCoO2 -> 1.729 Li + 0.07719 LiCo(PO3)3 + 0.1061 Li2Co(SO4)2 + 0.3998 CoS2 + 0.1853 CoCl2
LiCoO2,o_only_003,3.5,0.512256,-0.866353,0,0,0.2531 Li5.4P1S4.37Cl1.6O0.03 + 0.7469 LiCoO2 -> 1.658 Li + 0.08435 LiCo(PO3)3 + 0.4601 CoS2 + 0.2024 CoCl2 + 0.1856 Li2SO4
LiCoO2,o_only_003,3.5,0.572836,-0.879636,0,0,0.302 Li5.4P1S4.37Cl1.6O0.03 + 0.698 LiCoO2 -> 1.495 Li + 0.1007 LiCo(PO3)3 + 0.5974 CoS2 + 0.1248 Li2SO4 + 0.4831 LiCl
LiCoO2,o_only_003,3.5,0.602527,-0.883366,1,0,0.3284 Li5.4P1S4.37Cl1.6O0.03 + 0.6716 LiCoO2 -> 1.407 Li + 0.6716 CoS2 + 0.09195 Li2SO4 + 0.3284 LiPO3 + 0.5255 LiCl
LiCoO2,o_only_003,3.5,0.676118,-0.879729,0,0,0.4024 Li5.4P1S4.37Cl1.6O0.03 + 0.5976 LiCoO2 -> 2.288 Li + 0.5634 SCl + 0.5976 CoS2 + 0.4024 LiPO3 + 0.08048 LiCl
LiCoO2,o_only_003,3.5,0.681693,-0.878087,0,0,0.4086 Li5.4P1S4.37Cl1.6O0.03 + 0.5914 LiCoO2 -> 2.399 Li + 0.01021 PCl5 + 0.6027 SCl + 0.5914 CoS2 + 0.3984 LiPO3
LiCoO2,o_only_003,3.5,1.0,-0.651088,0,0,Li5.4P1S4.37Cl1.6O0.03 -> 5.39 Li + 0.4541 P2S7 + 0.08176 PCl5 + 1.191 SCl + 0.01 LiPO3
LiCoO2,o_only_003,4.0,0.0,-0.096678,0,0,LiCoO2 -> 0.5 Li + 0.5 Li(CoO2)2
LiCoO2,o_only_003,4.0,0.06657,-0.399381,0,0,0.02249 Li5.4P1S4.37Cl1.6O0.03 + 0.9775 LiCoO2 -> 0.8439 Li + 0.03598 LiClO4 + 0.02249 LiCoPO4 + 0.04152 Co23O32 + 0.09827 Li2SO4
LiCoO2,o_only_003,4.0,0.085983,-0.48548,0,0,0.02945 Li5.4P1S4.37Cl1.6O0.03 + 0.9705 LiCoO2 -> 0.7956 Li + 0.02945 LiCoPO4 + 0.04092 Co23O32 + 0.1287 Li2SO4 + 0.04712 LiCl
LiCoO2,o_only_003,4.0,0.090577,-0.505546,0,0,0.03113 Li5.4P1S4.37Cl1.6O0.03 + 0.9689 LiCoO2 -> 0.8338 Li + 0.03113 LiCoPO4 + 0.03969 Co23O32 + 0.136 Li2SO4 + 0.0249 CoCl2
LiCoO2,o_only_003,4.0,0.093706,-0.519231,0,0,0.03228 Li5.4P1S4.37Cl1.6O0.03 + 0.9677 LiCoO2 -> 0.8599 Li + 0.03885 Co23O32 + 0.01614 Co3(PO4)2 + 0.141 Li2SO4 + 0.02582 CoCl2
LiCoO2,o_only_003,4.0,0.110368,-0.589507,0,0,0.03848 Li5.4P1S4.37Cl1.6O0.03 + 0.9615 LiCoO2 -> 1.001 Li + 0.08408 Li2Co(SO4)2 + 0.0343 Co23O32 + 0.01924 Co3(PO4)2 + 0.03078 CoCl2
LiCoO2,o_only_003,4.0,0.117848,-0.62114,0,0,0.04131 Li5.4P1S4.37Cl1.6O0.03 + 0.9587 LiCoO2 -> 1.001 Li + 0.2578 Co3O4 + 0.09027 Li2Co(SO4)2 + 0.02066 Co3(PO4)2 + 0.03305 CoCl2
LiCoO2,o_only_003,4.0,0.141327,-0.720468,0,0,0.05042 Li5.4P1S4.37Cl1.6O0.03 + 0.9496 LiCoO2 -> 1.222 Li + 0.2044 Co3O4 + 0.02521 Co3(PO4)2 + 0.2203 CoSO4 + 0.04033 CoCl2
LiCoO2,o_only_003,4.0,0.173378,-0.815169,0,0,0.06337 Li5.4P1S4.37Cl1.6O0.03 + 0.9366 LiCoO2 -> 1.279 Li + 0.03169 Co3(PO4)2 + 0.2769 CoSO4 + 0.5139 CoO + 0.0507 CoCl2
LiCoO2,o_only_003,4.0,0.309736,-0.99764,0,0,0.1264 Li5.4P1S4.37Cl1.6O0.03 + 0.8736 LiCoO2 -> 1.556 Li + 0.06322 Co3(PO4)2 + 0.3113 CoSO4 + 0.03016 Co9S8 + 0.1012 CoCl2
LiCoO2,o_only_003,4.0,0.337297,-1.024279,0,0,0.141 Li5.4P1S4.37Cl1.6O0.03 + 0.859 LiCoO2 -> 1.621 Li + 0.07051 Co3(PO4)2 + 0.2895 CoSO4 + 0.1128 CoCl2 + 0.0817 Co3S4
LiCoO2,o_only_003,4.0,0.368244,-1.047239,0,0,0.1583 Li5.4P1S4.37Cl1.6O0.03 + 0.8417 LiCoO2 -> 1.696 Li + 0.07913 Co3(PO4)2 + 0.2638 CoSO4 + 0.1266 CoCl2 + 0.2139 CoS2
LiCoO2,o_only_003,4.0,0.39566,-1.064185,0,0,0.1744 Li5.4P1S4.37Cl1.6O0.03 + 0.8256 LiCoO2 -> 1.767 Li + 0.08718 Co2P2O7 + 0.2616 CoSO4 + 0.1395 CoCl2 + 0.2502 CoS2
LiCoO2,o_only_003,4.0,0.445402,-1.0859,0,0,0.2058 Li5.4P1S4.37Cl1.6O0.03 + 0.7942 LiCoO2 -> 1.905 Li + 0.2572 CoSO4 + 0.1646 CoCl2 + 0.321 CoS2 + 0.05144 CoP4O11
LiCoO2,o_only_003,4.0,0.550948,-1.126067,0,0,0.2836 Li5.4P1S4.37Cl1.6O0.03 + 0.7164 LiCoO2 -> 2.248 Li + 0.1654 CoSO4 + 0.4802 CoS2 + 0.1134 SCl4 + 0.07089 CoP4O11
LiCoO2,o_only_003,4.0,0.614673,-1.148989,0,0,0.3398 Li5.4P1S4.37Cl1.6O0.03 + 0.6602 LiCoO2 -> 2.495 Li + 0.1982 SO2 + 0.5753 CoS2 + 0.1359 SCl4 + 0.08494 CoP4O11
LiCoO2,o_only_003,4.0,0.667624,-1.163127,1,0,0.3932 Li5.4P1S4.37Cl1.6O0.03 + 0.6068 LiCoO2 -> 2.73 Li + 0.07208 SO2 + 0.6291 SCl + 0.5085 CoS2 + 0.0983 CoP4O11
LiCoO2,o_only_003,4.0,0.695067,-1.16069,0,0,0.4237 Li5.4P1S4.37Cl1.6O0.03 + 0.5763 LiCoO2 -> 2.864 Li + 0.678 SCl + 0.4703 CoS2 + 0.1059 CoP4O11 + 0.2331 S
LiCoO2,o_only_003,4.0,0.80415,-1.121044,0,0,0.5698 Li5.4P1S4.37Cl1.6O0.03 + 0.4302 LiCoO2 -> 3.507 Li + 0.1254 P2S7 + 0.9117 SCl + 0.3504 CoS2 + 0.07977 CoP4O11
LiCoO2,o_only_003,4.0,0.998926,-1.03711,0,0,0.9967 Li5.4P1S4.37Cl1.6O0.03 + 0.003322 LiCoO2 -> 5.385 Li + 0.4516 P2S7 + 1.194 SCl + 0.08013 PCl5 + 0.003322 CoP4O11
LiCoO2,o_only_003,4.0,1.0,-1.036531,0,0,Li5.4P1S4.37Cl1.6O0.03 -> 5.4 Li + 0.4535 P2S7 + 1.195 SCl + 0.08094 PCl5 + 0.006 P2O5
LiCoO2,o_only_003,4.3,0.0,-0.17822,0,0,LiCoO2 -> Li + CoO2
LiCoO2,o_only_003,4.3,0.09224,-0.61141,0,0,0.03174 Li5.4P1S4.37Cl1.6O0.03 + 0.9683 LiCoO2 -> 1.14 Li + 0.01587 Co3(PO4)2 + 0.02539 Co(ClO4)2 + 0.03289 Co23O32 + 0.1387 CoSO4
LiCoO2,o_only_003,4.3,0.102719,-0.659559,0,0,0.03561 Li5.4P1S4.37Cl1.6O0.03 + 0.9644 LiCoO2 -> 1.157 Li + 0.01781 Co3(PO4)2 + 0.03284 Co23O32 + 0.05698 ClO2 + 0.1556 CoSO4
LiCoO2,o_only_003,4.3,0.134236,-0.803895,0,0,0.04763 Li5.4P1S4.37Cl1.6O0.03 + 0.9524 LiCoO2 -> 1.21 Li + 0.02382 Co3(PO4)2 + 0.02759 Co23O32 + 0.03811 CoCl2 + 0.2082 CoSO4
LiCoO2,o_only_003,4.3,0.141327,-0.834955,0,0,0.05042 Li5.4P1S4.37Cl1.6O0.03 + 0.9496 LiCoO2 -> 1.222 Li + 0.02521 Co3(PO4)2 + 0.04033 CoCl2 + 0.2044 Co3O4 + 0.2203 CoSO4
LiCoO2,o_only_003,4.3,0.173378,-0.933089,0,0,0.06337 Li5.4P1S4.37Cl1.6O0.03 + 0.9366 LiCoO2 -> 1.279 Li + 0.03169 Co3(PO4)2 + 0.0507 CoCl2 + 0.5139 CoO + 0.2769 CoSO4
LiCoO2,o_only_003,4.3,0.309736,-1.130823,0,0,0.1264 Li5.4P1S4.37Cl1.6O0.03 + 0.8736 LiCoO2 -> 1.556 Li + 0.06322 Co3(PO4)2 + 0.03016 Co9S8 + 0.1012 CoCl2 + 0.3113 CoSO4
LiCoO2,o_only_003,4.3,0.337297,-1.160682,0,0,0.141 Li5.4P1S4.37Cl1.6O0.03 + 0.859 LiCoO2 -> 1.621 Li + 0.07051 Co3(PO4)2 + 0.1128 CoCl2 + 0.0817 Co3S4 + 0.2895 CoSO4
LiCoO2,o_only_003,4.3,0.368244,-1.187318,0,0,0.1583 Li5.4P1S4.37Cl1.6O0.03 + 0.8417 LiCoO2 -> 1.696 Li + 0.07913 Co3(PO4)2 + 0.1266 CoCl2 + 0.2139 CoS2 + 0.2638 CoSO4
LiCoO2,o_only_003,4.3,0.39566,-1.207571,0,0,0.1744 Li5.4P1S4.37Cl1.6O0.03 + 0.8256 LiCoO2 -> 1.767 Li + 0.08718 Co2P2O7 + 0.1395 CoCl2 + 0.2502 CoS2 + 0.2616 CoSO4
LiCoO2,o_only_003,4.3,0.445402,-1.235416,0,0,0.2058 Li5.4P1S4.37Cl1.6O0.03 + 0.7942 LiCoO2 -> 1.905 Li + 0.05144 CoP4O11 + 0.1646 CoCl2 + 0.321 CoS2 + 0.2572 CoSO4
LiCoO2,o_only_003,4.3,0.550948,-1.289167,0,0,0.2836 Li5.4P1S4.37Cl1.6O0.03 + 0.7164 LiCoO2 -> 2.248 Li + 0.1134 SCl4 + 0.07089 CoP4O11 + 0.4802 CoS2 + 0.1654 CoSO4
LiCoO2,o_only_003,4.3,0.614673,-1.320696,0,0,0.3398 Li5.4P1S4.37Cl1.6O0.03 + 0.6602 LiCoO2 -> 2.495 Li + 0.1359 SCl4 + 0.08494 CoP4O11 + 0.5753 CoS2 + 0.1982 SO2
LiCoO2,o_only_003,4.3,0.667624,-1.342232,0,0,0.3932 Li5.4P1S4.37Cl1.6O0.03 + 0.6068 LiCoO2 -> 2.73 Li + 0.6291 SCl + 0.0983 CoP4O11 + 0.5085 CoS2 + 0.07208 SO2
LiCoO2,o_only_003,4.3,0.695067,-1.343722,1,0,0.4237 Li5.4P1S4.37Cl1.6O0.03 + 0.5763 LiCoO2 -> 2.864 Li + 0.678 SCl + 0.1059 CoP4O11 + 0.4703 CoS2 + 0.2331 S
LiCoO2,o_only_003,4.3,0.80415,-1.320343,0,0,0.5698 Li5.4P1S4.37Cl1.6O0.03 + 0.4302 LiCoO2 -> 3.507 Li + 0.9117 SCl + 0.07977 CoP4O11 + 0.3504 CoS2 + 0.1254 P2S7
LiCoO2,o_only_003,4.3,0.998926,-1.268352,0,0,0.9967 Li5.4P1S4.37Cl1.6O0.03 + 0.003322 LiCoO2 -> 5.385 Li + 1.194 SCl + 0.003322 CoP4O11 + 0.08013 PCl5 + 0.4516 P2S7
LiCoO2,o_only_003,4.3,1.0,-1.26796,0,0,Li5.4P1S4.37Cl1.6O0.03 -> 5.4 Li + 1.195 SCl + 0.08094 PCl5 + 0.4535 P2S7 + 0.006 P2O5
LiCoO2,o_only_003,4.5,0.0,-0.244886,0,0,LiCoO2 -> Li + CoO2
LiCoO2,o_only_003,4.5,0.09224,-0.684301,0,0,0.03174 Li5.4P1S4.37Cl1.6O0.03 + 0.9683 LiCoO2 -> 1.14 Li + 0.02539 Co(ClO4)2 + 0.03289 Co23O32 + 0.01587 Co3(PO4)2 + 0.1387 CoSO4
LiCoO2,o_only_003,4.5,0.102719,-0.733177,0,0,0.03561 Li5.4P1S4.37Cl1.6O0.03 + 0.9644 LiCoO2 -> 1.157 Li + 0.03284 Co23O32 + 0.01781 Co3(PO4)2 + 0.05698 ClO2 + 0.1556 CoSO4
LiCoO2,o_only_003,4.5,0.134236,-0.879718,0,0,0.04763 Li5.4P1S4.37Cl1.6O0.03 + 0.9524 LiCoO2 -> 1.21 Li + 0.02759 Co23O32 + 0.02382 Co3(PO4)2 + 0.03811 CoCl2 + 0.2082 CoSO4
LiCoO2,o_only_003,4.5,0.141327,-0.91128,0,0,0.05042 Li5.4P1S4.37Cl1.6O0.03 + 0.9496 LiCoO2 -> 1.222 Li + 0.02521 Co3(PO4)2 + 0.04033 CoCl2 + 0.2044 Co3O4 + 0.2203 CoSO4
LiCoO2,o_only_003,4.5,0.173378,-1.011702,0,0,0.06337 Li5.4P1S4.37Cl1.6O0.03 + 0.9366 LiCoO2 -> 1.279 Li + 0.03169 Co3(PO4)2 + 0.5139 CoO + 0.0507 CoCl2 + 0.2769 CoSO4
LiCoO2,o_only_003,4.5,0.309736,-1.219611,0,0,0.1264 Li5.4P1S4.37Cl1.6O0.03 + 0.8736 LiCoO2 -> 1.556 Li + 0.03016 Co9S8 + 0.06322 Co3(PO4)2 + 0.1012 CoCl2 + 0.3113 CoSO4
LiCoO2,o_only_003,4.5,0.337297,-1.251618,0,0,0.141 Li5.4P1S4.37Cl1.6O0.03 + 0.859 LiCoO2 -> 1.621 Li + 0.07051 Co3(PO4)2 + 0.1128 CoCl2 + 0.0817 Co3S4 + 0.2895 CoSO4
LiCoO2,o_only_003,4.5,0.368244,-1.280703,0,0,0.1583 Li5.4P1S4.37Cl1.6O0.03 + 0.8417 LiCoO2 -> 1.696 Li + 0.2139 CoS2 + 0.07913 Co3(PO4)2 + 0.1266 CoCl2 + 0.2638 CoSO4
LiCoO2,o_only_003,4.5,0.39566,-1.303162,0,0,0.1744 Li5.4P1S4.37Cl1.6O0.03 + 0.8256 LiCoO2 -> 1.767 Li + 0.08718 Co2P2O7 + 0.2502 CoS2 + 0.1395 CoCl2 + 0.2616 CoSO4
LiCoO2,o_only_003,4.5,0.445402,-1.335093,0,0,0.2058 Li5.4P1S4.37Cl1.6O0.03 + 0.7942 LiCoO2 -> 1.905 Li + 0.05144 CoP4O11 + 0.321 CoS2 + 0.1646 CoCl2 + 0.2572 CoSO4
LiCoO2,o_only_003,4.5,0.550948,-1.397901,0,0,0.2836 Li5.4P1S4.37Cl1.6O0.03 + 0.7164 LiCoO2 -> 2.248 Li + 0.07089 CoP4O11 + 0.4802 CoS2 + 0.1134 SCl4 + 0.1654 CoSO4
LiCoO2,o_only_003,4.5,0.614673,-1.435167,0,0,0.3398 Li5.4P1S4.37Cl1.6O0.03 + 0.6602 LiCoO2 -> 2.495 Li + 0.08494 CoP4O11 + 0.5753 CoS2 + 0.1982 SO2 + 0.1359 SCl4
LiCoO2,o_only_003,4.5,0.667624,-1.461636,0,0,0.3932 Li5.4P1S4.37Cl1.6O0.03 + 0.6068 LiCoO2 -> 2.73 Li + 0.0983 CoP4O11 + 0.6291 SCl + 0.5085 CoS2 + 0.07208 SO2
LiCoO2,o_only_003,4.5,0.695067,-1.465744,1,0,0.4237 Li5.4P1S4.37Cl1.6O0.03 + 0.5763 LiCoO2 -> 2.864 Li + 0.1059 CoP4O11 + 0.678 SCl + 0.4703 CoS2 + 0.2331 S
LiCoO2,o_only_003,4.5,0.80415,-1.453209,0,0,0.5698 Li5.4P1S4.37Cl1.6O0.03 + 0.4302 LiCoO2 -> 3.507 Li + 0.07977 CoP4O11 + 0.9117 SCl + 0.3504 CoS2 + 0.1254 P2S7
LiCoO2,o_only_003,4.5,0.998926,-1.422512,0,0,0.9967 Li5.4P1S4.37Cl1.6O0.03 + 0.003322 LiCoO2 -> 5.385 Li + 0.003322 CoP4O11 + 1.194 SCl + 0.4516 P2S7 + 0.08013 PCl5
LiCoO2,o_only_003,4.5,1.0,-1.422246,0,0,Li5.4P1S4.37Cl1.6O0.03 -> 5.4 Li + 1.195 SCl + 0.4535 P2S7 + 0.08094 PCl5 + 0.006 P2O5
LiCoO2,ndo_li_002,2.5,0.0,0.0,0,0,LiCoO2 -> LiCoO2
LiCoO2,ndo_li_002,2.5,0.125763,-0.278926,0,0,0.04448 Li5.34Nd0.02P1S4.37Cl1.6O0.03 + 0.9555 LiCoO2 -> 0.5996 Li + 0.9555 CoO + 0.04448 Li3PO4 + 0.0004448 Nd2O3 + 0.1944 Li2SO4 + 0.07117 LiCl
LiCoO2,ndo_li_002,2.5,0.125814,-0.279039,0,0,0.0445 Li5.34Nd0.02P1S4.37Cl1.6O0.03 + 0.9555 LiCoO2 -> 0.6004 Li + 0.0002967 Nd3PO7 + 0.9555 CoO + 0.04421 Li3PO4 + 0.1945 Li2SO4 + 0.07121 LiCl
LiCoO2,ndo_li_002,2.5,0.125917,-0.279174,0,1,0.04454 Li5.34Nd0.02P1S4.37Cl1.6O0.03 + 0.9555 LiCoO2 -> 0.6018 Li + 0.9555 CoO + 0.04365 Li3PO4 + 0.0008909 NdPO4 + 0.1947 Li2SO4 + 0.07127 LiCl
LiCoO2,ndo_li_002,2.5,0.44454,-0.589488,0,1,0.2057 Li5.34Nd0.02P1S4.37Cl1.6O0.03 + 0.7943 LiCoO2 -> 0.5729 Li + 0.08825 Co9S8 + 0.2016 Li3PO4 + 0.004114 NdPO4 + 0.193 Li2SO4 + 0.3292 LiCl
LiCoO2,ndo_li_002,2.5,0.513716,-0.613002,0,1,0.2548 Li5.34Nd0.02P1S4.37Cl1.6O0.03 + 0.7452 LiCoO2 -> 0.7096 Li + 0.2484 Co3S4 + 0.2497 Li3PO4 + 0.005096 NdPO4 + 0.1197 Li2SO4 + 0.4076 LiCl
LiCoO2,ndo_li_002,2.5,0.590258,-0.61999,1,1,0.318 Li5.34Nd0.02P1S4.37Cl1.6O0.03 + 0.682 LiCoO2 -> 0.8855 Li + 0.3116 Li3PO4 + 0.682 CoS2 + 0.006359 NdPO4 + 0.02544 Li2SO4 + 0.5087 LiCl
LiCoO2,ndo_li_002,2.5,0.608867,-0.608312,0,1,0.335 Li5.34Nd0.02P1S4.37Cl1.6O0.03 + 0.665 LiCoO2 -> 0.8995 Li + 0.3283 Li3PO4 + 0.665 CoS2 + 0.0067 NdPO4 + 0.536 LiCl + 0.0335 LiS4
LiCoO2,ndo_li_002,2.5,0.991974,-0.10504,0,1,0.9756 Li5.34Nd0.02P1S4.37Cl1.6O0.03 + 0.02439 LiCoO2 -> 3.456 Li + 0.478 P2S7 + 0.02439 CoS2 + 0.01951 NdPO4 + 1.561 LiCl + 0.2171 LiS4
LiCoO2,ndo_li_002,2.5,1.0,-0.092901,0,1,Li5.34Nd0.02P1S4.37Cl1.6O0.03 -> 3.517 Li + 0.49 P2S7 + 0.0125 NdPS4 + 0.0075 NdPO4 + 1.6 LiCl + 0.2225 LiS4
LiCoO2,ndo_li_002,3.0,0.0,0.0,0,0,LiCoO2 -> LiCoO2
LiCoO2,ndo_li_002,3.0,0.125917,-0.373821,0,1,0.04454 Li5.34Nd0.02P1S4.37Cl1.6O0.03 + 0.9555 LiCoO2 -> 0.6018 Li + 0.0008909 NdPO4 + 0.04365 Li3PO4 + 0.9555 CoO + 0.1947 Li2SO4 + 0.07127 LiCl
LiCoO2,ndo_li_002,3.0,0.131154,-0.385559,0,1,0.04658 Li5.34Nd0.02P1S4.37Cl1.6O0.03 + 0.9534 LiCoO2 -> 0.6749 Li + 0.04565 LiCoPO4 + 0.0009315 NdPO4 + 0.9078 CoO + 0.2035 Li2SO4 + 0.07452 LiCl
LiCoO2,ndo_li_002,3.0,0.135764,-0.390703,0,1,0.04838 Li5.34Nd0.02P1S4.37Cl1.6O0.03 + 0.9516 LiCoO2 -> 0.7397 Li + 0.04741 LiCoPO4 + 0.0387 CoCl2 + 0.0009676 NdPO4 + 0.8655 CoO + 0.2114 Li2SO4
LiCoO2,ndo_li_002,3.0,0.138752,-0.394029,0,1,0.04955 Li5.34Nd0.02P1S4.37Cl1.6O0.03 + 0.9504 LiCoO2 -> 0.782 Li + 0.02428 Co3(PO4)2 + 0.03964 CoCl2 + 0.0009911 NdPO4 + 0.838 CoO + 0.2166 Li2SO4
LiCoO2,ndo_li_002,3.0,0.367691,-0.616196,0,1,0.1584 Li5.34Nd0.02P1S4.37Cl1.6O0.03 + 0.8416 LiCoO2 -> 1.16 Li + 0.07761 Co3(PO4)2 + 0.1267 CoCl2 + 0.003168 NdPO4 + 0.05357 Co9S8 + 0.2636 Li2SO4
LiCoO2,ndo_li_002,3.0,0.381944,-0.62914,0,1,0.1667 Li5.34Nd0.02P1S4.37Cl1.6O0.03 + 0.8333 LiCoO2 -> 1.057 Li + 0.1633 LiCoPO4 + 0.1333 CoCl2 + 0.003333 NdPO4 + 0.05963 Co9S8 + 0.2513 Li2SO4
LiCoO2,ndo_li_002,3.0,0.407749,-0.652758,0,1,0.1822 Li5.34Nd0.02P1S4.37Cl1.6O0.03 + 0.8178 LiCoO2 -> 0.8646 Li + 0.1786 LiCoPO4 + 0.003644 NdPO4 + 0.07103 Co9S8 + 0.2281 Li2SO4 + 0.2915 LiCl
LiCoO2,ndo_li_002,3.0,0.459293,-0.680578,0,1,0.2156 Li5.34Nd0.02P1S4.37Cl1.6O0.03 + 0.7844 LiCoO2 -> 1.023 Li + 0.191 Co3S4 + 0.2113 LiCoPO4 + 0.004312 NdPO4 + 0.1782 Li2SO4 + 0.345 LiCl
LiCoO2,ndo_li_002,3.0,0.513716,-0.701163,0,1,0.2548 Li5.34Nd0.02P1S4.37Cl1.6O0.03 + 0.7452 LiCoO2 -> 0.7096 Li + 0.2484 Co3S4 + 0.005096 NdPO4 + 0.2497 Li3PO4 + 0.1197 Li2SO4 + 0.4076 LiCl
LiCoO2,ndo_li_002,3.0,0.519486,-0.703283,0,1,0.2592 Li5.34Nd0.02P1S4.37Cl1.6O0.03 + 0.7408 LiCoO2 -> 0.9123 Li + 0.2469 Co3S4 + 0.127 Li4P2O7 + 0.005184 NdPO4 + 0.1449 Li2SO4 + 0.4147 LiCl
LiCoO2,ndo_li_002,3.0,0.595835,-0.725699,1,1,0.323 Li5.34Nd0.02P1S4.37Cl1.6O0.03 + 0.677 LiCoO2 -> 1.137 Li + 0.677 CoS2 + 0.1583 Li4P2O7 + 0.00646 NdPO4 + 0.05749 Li2SO4 + 0.5168 LiCl
LiCoO2,ndo_li_002,3.0,0.639752,-0.698289,0,1,0.365 Li5.34Nd0.02P1S4.37Cl1.6O0.03 + 0.635 LiCoO2 -> 1.203 Li + 0.635 CoS2 + 0.1788 Li4P2O7 + 0.007299 NdPO4 + 0.5839 LiCl + 0.0812 LiS4
LiCoO2,ndo_li_002,3.0,0.64308,-0.695885,0,1,0.3683 Li5.34Nd0.02P1S4.37Cl1.6O0.03 + 0.6317 LiCoO2 -> 1.238 Li + 0.6317 CoS2 + 0.1694 Li4P2O7 + 0.007366 LiNd(PO3)4 + 0.5893 LiCl + 0.08656 LiS4
LiCoO2,ndo_li_002,3.0,0.67541,-0.67129,0,1,0.4024 Li5.34Nd0.02P1S4.37Cl1.6O0.03 + 0.5976 LiCoO2 -> 1.584 Li + 0.5976 CoS2 + 0.008048 LiNd(PO3)4 + 0.3702 LiPO3 + 0.6439 LiCl + 0.1408 LiS4
LiCoO2,ndo_li_002,3.0,0.967136,-0.382292,0,1,0.905 Li5.34Nd0.02P1S4.37Cl1.6O0.03 + 0.09502 LiCoO2 -> 3.249 Li + 0.09502 CoS2 + 0.4163 P2S7 + 0.0181 LiNd(PO3)4 + 1.448 LiCl + 0.2127 LiS4
LiCoO2,ndo_li_002,3.0,0.991974,-0.354688,0,1,0.9756 Li5.34Nd0.02P1S4.37Cl1.6O0.03 + 0.02439 LiCoO2 -> 3.456 Li + 0.02439 CoS2 + 0.478 P2S7 + 0.01951 NdPO4 + 1.561 LiCl + 0.2171 LiS4
LiCoO2,ndo_li_002,3.0,1.0,-0.345374,0,1,Li5.34Nd0.02P1S4.37Cl1.6O0.03 -> 3.553 Li + 0.4963 P2S7 + 0.0075 NdPO4 + 0.0125 NdCl3 + 1.562 LiCl + 0.2241 LiS4
LiCoO2,ndo_li_002,3.5,0.0,-0.013345,0,0,LiCoO2 -> 0.5 Li + 0.5 Li(CoO2)2
LiCoO2,ndo_li_002,3.5,0.087622,-0.370794,0,1,0.03014 Li5.34Nd0.02P1S4.37Cl1.6O0.03 + 0.9699 LiCoO2 -> 0.7305 Li + 0.0006029 NdPO4 + 0.02954 Li3PO4 + 0.3233 Co3O4 + 0.1317 Li2SO4 + 0.04823 LiCl
LiCoO2,ndo_li_002,3.5,0.092779,-0.390467,0,1,0.03204 Li5.34Nd0.02P1S4.37Cl1.6O0.03 + 0.968 LiCoO2 -> 0.7764 Li + 0.0006407 NdPO4 + 0.0314 LiCoPO4 + 0.3122 Co3O4 + 0.14 Li2SO4 + 0.05126 LiCl
LiCoO2,ndo_li_002,3.5,0.097461,-0.404666,0,1,0.03377 Li5.34Nd0.02P1S4.37Cl1.6O0.03 + 0.9662 LiCoO2 -> 0.8183 Li + 0.0006753 NdPO4 + 0.03309 LiCoPO4 + 0.02701 CoCl2 + 0.302 Co3O4 + 0.1476 Li2SO4
LiCoO2,ndo_li_002,3.5,0.10057,-0.414102,0,1,0.03492 Li5.34Nd0.02P1S4.37Cl1.6O0.03 + 0.9651 LiCoO2 -> 0.8463 Li + 0.01711 Co3(PO4)2 + 0.0006984 NdPO4 + 0.02794 CoCl2 + 0.2953 Co3O4 + 0.1526 Li2SO4
LiCoO2,ndo_li_002,3.5,0.117245,-0.461812,0,1,0.04121 Li5.34Nd0.02P1S4.37Cl1.6O0.03 + 0.9588 LiCoO2 -> 0.9988 Li + 0.09005 Li2Co(SO4)2 + 0.02019 Co3(PO4)2 + 0.0008242 NdPO4 + 0.03297 CoCl2 + 0.2584 Co3O4
LiCoO2,ndo_li_002,3.5,0.14055,-0.528041,0,1,0.05026 Li5.34Nd0.02P1S4.37Cl1.6O0.03 + 0.9497 LiCoO2 -> 1.218 Li + 0.02463 Co3(PO4)2 + 0.2197 CoSO4 + 0.001005 NdPO4 + 0.04021 CoCl2 + 0.2053 Co3O4
LiCoO2,ndo_li_002,3.5,0.172626,-0.617102,0,1,0.06325 Li5.34Nd0.02P1S4.37Cl1.6O0.03 + 0.9367 LiCoO2 -> 1.275 Li + 0.5168 CoO + 0.03099 Co3(PO4)2 + 0.2764 CoSO4 + 0.001265 NdPO4 + 0.0506 CoCl2
LiCoO2,ndo_li_002,3.5,0.309921,-0.774348,0,1,0.1269 Li5.34Nd0.02P1S4.37Cl1.6O0.03 + 0.8731 LiCoO2 -> 1.551 Li + 0.06218 Co3(PO4)2 + 0.3106 CoSO4 + 0.03049 Co9S8 + 0.002538 NdPO4 + 0.1015 CoCl2
LiCoO2,ndo_li_002,3.5,0.337837,-0.795716,0,1,0.1417 Li5.34Nd0.02P1S4.37Cl1.6O0.03 + 0.8583 LiCoO2 -> 1.615 Li + 0.06944 Co3(PO4)2 + 0.2885 CoSO4 + 0.002834 NdPO4 + 0.0827 Co3S4 + 0.1134 CoCl2
LiCoO2,ndo_li_002,3.5,0.369249,-0.812626,0,1,0.1593 Li5.34Nd0.02P1S4.37Cl1.6O0.03 + 0.8407 LiCoO2 -> 1.691 Li + 0.07805 Co3(PO4)2 + 0.2623 CoSO4 + 0.003186 NdPO4 + 0.2169 CoS2 + 0.1274 CoCl2
LiCoO2,ndo_li_002,3.5,0.374017,-0.814701,0,1,0.162 Li5.34Nd0.02P1S4.37Cl1.6O0.03 + 0.838 LiCoO2 -> 1.7 Li + 0.07453 Co3(PO4)2 + 0.2614 CoSO4 + 0.003241 LiNd(PO3)4 + 0.2233 CoS2 + 0.1296 CoCl2
LiCoO2,ndo_li_002,3.5,0.4,-0.825431,0,1,0.1775 Li5.34Nd0.02P1S4.37Cl1.6O0.03 + 0.8225 LiCoO2 -> 1.767 Li + 0.08163 Co2P2O7 + 0.2591 CoSO4 + 0.003549 LiNd(PO3)4 + 0.2582 CoS2 + 0.142 CoCl2
LiCoO2,ndo_li_002,3.5,0.442447,-0.84181,0,1,0.2043 Li5.34Nd0.02P1S4.37Cl1.6O0.03 + 0.7957 LiCoO2 -> 1.82 Li + 0.06266 LiCo(PO3)3 + 0.2461 CoSO4 + 0.004087 LiNd(PO3)4 + 0.3234 CoS2 + 0.1635 CoCl2
LiCoO2,ndo_li_002,3.5,0.4842,-0.855684,0,1,0.233 Li5.34Nd0.02P1S4.37Cl1.6O0.03 + 0.767 LiCoO2 -> 1.725 Li + 0.07146 LiCo(PO3)3 + 0.1052 Li2Co(SO4)2 + 0.00466 LiNd(PO3)4 + 0.4039 CoS2 + 0.1864 CoCl2
LiCoO2,ndo_li_002,3.5,0.513261,-0.864786,0,1,0.2544 Li5.34Nd0.02P1S4.37Cl1.6O0.03 + 0.7456 LiCoO2 -> 1.653 Li + 0.07803 LiCo(PO3)3 + 0.005089 LiNd(PO3)4 + 0.464 CoS2 + 0.2035 CoCl2 + 0.1839 Li2SO4
LiCoO2,ndo_li_002,3.5,0.574314,-0.877894,0,1,0.3039 Li5.34Nd0.02P1S4.37Cl1.6O0.03 + 0.6961 LiCoO2 -> 1.489 Li + 0.0932 LiCo(PO3)3 + 0.006078 LiNd(PO3)4 + 0.6029 CoS2 + 0.1224 Li2SO4 + 0.4863 LiCl
LiCoO2,ndo_li_002,3.5,0.601753,-0.881223,1,1,0.3284 Li5.34Nd0.02P1S4.37Cl1.6O0.03 + 0.6716 LiCoO2 -> 1.407 Li + 0.006568 LiNd(PO3)4 + 0.6716 CoS2 + 0.09195 Li2SO4 + 0.3021 LiPO3 + 0.5255 LiCl
LiCoO2,ndo_li_002,3.5,0.67541,-0.877278,0,1,0.4024 Li5.34Nd0.02P1S4.37Cl1.6O0.03 + 0.5976 LiCoO2 -> 2.288 Li + 0.008048 LiNd(PO3)4 + 0.5634 SCl + 0.5976 CoS2 + 0.3702 LiPO3 + 0.08048 LiCl
LiCoO2,ndo_li_002,3.5,0.680992,-0.875616,0,1,0.4086 Li5.34Nd0.02P1S4.37Cl1.6O0.03 + 0.5914 LiCoO2 -> 2.399 Li + 0.01021 PCl5 + 0.008172 LiNd(PO3)4 + 0.6027 SCl + 0.5914 CoS2 + 0.3657 LiPO3
LiCoO2,ndo_li_002,3.5,0.967136,-0.673341,0,1,0.905 Li5.34Nd0.02P1S4.37Cl1.6O0.03 + 0.09502 LiCoO2 -> 4.91 Li + 0.3812 P2S7 + 0.07027 PCl5 + 0.0181 LiNd(PO3)4 + 1.097 SCl + 0.09502 CoS2
LiCoO2,ndo_li_002,3.5,1.0,-0.645802,0,1,Li5.34Nd0.02P1S4.37Cl1.6O0.03 -> 5.338 Li + 0.4572 P2S7 + 0.07559 PCl5 + 0.0025 LiNd(PO3)4 + 1.17 SCl + 0.0175 NdCl3
LiCoO2,ndo_li_002,4.0,0.0,-0.096678,0,0,LiCoO2 -> 0.5 Li + 0.5 Li(CoO2)2
LiCoO2,ndo_li_002,4.0,0.066304,-0.398913,0,1,0.02247 Li5.34Nd0.02P1S4.37Cl1.6O0.03 + 0.9775 LiCoO2 -> 0.8432 Li + 0.03594 LiClO4 + 0.02202 LiCoPO4 + 0.04154 Co23O32 + 0.09817 Li2SO4 + 0.0004493 NdPO4
LiCoO2,ndo_li_002,4.0,0.085621,-0.484745,0,1,0.02941 Li5.34Nd0.02P1S4.37Cl1.6O0.03 + 0.9706 LiCoO2 -> 0.7947 Li + 0.02882 LiCoPO4 + 0.04095 Co23O32 + 0.1285 Li2SO4 + 0.0005882 NdPO4 + 0.04706 LiCl
LiCoO2,ndo_li_002,4.0,0.090191,-0.504739,0,1,0.03108 Li5.34Nd0.02P1S4.37Cl1.6O0.03 + 0.9689 LiCoO2 -> 0.8328 Li + 0.03046 LiCoPO4 + 0.03972 Co23O32 + 0.1358 Li2SO4 + 0.02487 CoCl2 + 0.0006217 NdPO4
LiCoO2,ndo_li_002,4.0,0.093239,-0.518091,0,1,0.03221 Li5.34Nd0.02P1S4.37Cl1.6O0.03 + 0.9678 LiCoO2 -> 0.8583 Li + 0.0389 Co23O32 + 0.01578 Co3(PO4)2 + 0.1407 Li2SO4 + 0.02576 CoCl2 + 0.0006441 NdPO4
LiCoO2,ndo_li_002,4.0,0.109783,-0.587967,0,1,0.03838 Li5.34Nd0.02P1S4.37Cl1.6O0.03 + 0.9616 LiCoO2 -> 0.9988 Li + 0.08386 Li2Co(SO4)2 + 0.03438 Co23O32 + 0.01881 Co3(PO4)2 + 0.0307 CoCl2 + 0.0007676 NdPO4
LiCoO2,ndo_li_002,4.0,0.117245,-0.619562,0,1,0.04121 Li5.34Nd0.02P1S4.37Cl1.6O0.03 + 0.9588 LiCoO2 -> 0.9988 Li + 0.2584 Co3O4 + 0.09005 Li2Co(SO4)2 + 0.02019 Co3(PO4)2 + 0.03297 CoCl2 + 0.0008242 NdPO4
LiCoO2,ndo_li_002,4.0,0.14055,-0.718253,0,1,0.05026 Li5.34Nd0.02P1S4.37Cl1.6O0.03 + 0.9497 LiCoO2 -> 1.218 Li + 0.2053 Co3O4 + 0.02463 Co3(PO4)2 + 0.2197 CoSO4 + 0.04021 CoCl2 + 0.001005 NdPO4
LiCoO2,ndo_li_002,4.0,0.172626,-0.812923,0,1,0.06325 Li5.34Nd0.02P1S4.37Cl1.6O0.03 + 0.9367 LiCoO2 -> 1.275 Li + 0.03099 Co3(PO4)2 + 0.2764 CoSO4 + 0.5168 CoO + 0.0506 CoCl2 + 0.001265 NdPO4
LiCoO2,ndo_li_002,4.0,0.309921,-0.995243,0,1,0.1269 Li5.34Nd0.02P1S4.37Cl1.6O0.03 + 0.8731 LiCoO2 -> 1.551 Li + 0.06218 Co3(PO4)2 + 0.3106 CoSO4 + 0.03049 Co9S8 + 0.1015 CoCl2 + 0.002538 NdPO4
LiCoO2,ndo_li_002,4.0,0.337837,-1.021931,0,1,0.1417 Li5.34Nd0.02P1S4.37Cl1.6O0.03 + 0.8583 LiCoO2 -> 1.615 Li + 0.06944 Co3(PO4)2 + 0.2885 CoSO4 + 0.1134 CoCl2 + 0.0827 Co3S4 + 0.002834 NdPO4
LiCoO2,ndo_li_002,4.0,0.369249,-1.044924,0,1,0.1593 Li5.34Nd0.02P1S4.37Cl1.6O0.03 + 0.8407 LiCoO2 -> 1.691 Li + 0.07805 Co3(PO4)2 + 0.2623 CoSO4 + 0.1274 CoCl2 + 0.2169 CoS2 + 0.003186 NdPO4
LiCoO2,ndo_li_002,4.0,0.396323,-1.061394,0,1,0.1752 Li5.34Nd0.02P1S4.37Cl1.6O0.03 + 0.8248 LiCoO2 -> 1.761 Li + 0.08586 Co2P2O7 + 0.2599 CoSO4 + 0.1402 CoCl2 + 0.2529 CoS2 + 0.003505 NdPO4
LiCoO2,ndo_li_002,4.0,0.39871,-1.062849,0,1,0.1767 Li5.34Nd0.02P1S4.37Cl1.6O0.03 + 0.8233 LiCoO2 -> 1.767 Li + 0.08304 Co2P2O7 + 0.2597 CoSO4 + 0.003534 Nd(PO3)3 + 0.1413 CoCl2 + 0.2562 CoS2
LiCoO2,ndo_li_002,4.0,0.446048,-1.083136,0,1,0.2067 Li5.34Nd0.02P1S4.37Cl1.6O0.03 + 0.7933 LiCoO2 -> 1.897 Li + 0.2553 CoSO4 + 0.004134 Nd(PO3)3 + 0.1654 CoCl2 + 0.324 CoS2 + 0.04858 CoP4O11
LiCoO2,ndo_li_002,4.0,0.446801,-1.083423,0,1,0.2072 Li5.34Nd0.02P1S4.37Cl1.6O0.03 + 0.7928 LiCoO2 -> 1.899 Li + 0.2552 CoSO4 + 0.004144 NdP5O14 + 0.1658 CoCl2 + 0.3252 CoS2 + 0.04662 CoP4O11
LiCoO2,ndo_li_002,4.0,0.553515,-1.123135,0,1,0.2863 Li5.34Nd0.02P1S4.37Cl1.6O0.03 + 0.7137 LiCoO2 -> 2.243 Li + 0.1618 CoSO4 + 0.005727 NdP5O14 + 0.4875 CoS2 + 0.1145 SCl4 + 0.06442 CoP4O11
LiCoO2,ndo_li_002,4.0,0.615845,-1.144996,0,1,0.3416 Li5.34Nd0.02P1S4.37Cl1.6O0.03 + 0.6584 LiCoO2 -> 2.482 Li + 0.193 SO2 + 0.006832 NdP5O14 + 0.5816 CoS2 + 0.1366 SCl4 + 0.07686 CoP4O11
LiCoO2,ndo_li_002,4.0,0.669193,-1.158754,1,1,0.3956 Li5.34Nd0.02P1S4.37Cl1.6O0.03 + 0.6044 LiCoO2 -> 2.717 Li + 0.06528 SO2 + 0.007913 NdP5O14 + 0.633 SCl + 0.5153 CoS2 + 0.08902 CoP4O11
LiCoO2,ndo_li_002,4.0,0.693992,-1.156372,0,1,0.4233 Li5.34Nd0.02P1S4.37Cl1.6O0.03 + 0.5767 LiCoO2 -> 2.837 Li + 0.008466 NdP5O14 + 0.6772 SCl + 0.4815 CoS2 + 0.09524 CoP4O11 + 0.2095 S
LiCoO2,ndo_li_002,4.0,0.790686,-1.120733,0,1,0.5501 Li5.34Nd0.02P1S4.37Cl1.6O0.03 + 0.4499 LiCoO2 -> 3.387 Li + 0.1089 P2S7 + 0.011 NdP5O14 + 0.8801 SCl + 0.3806 CoS2 + 0.06931 CoP4O11
LiCoO2,ndo_li_002,4.0,0.96112,-1.047291,0,1,0.8889 Li5.34Nd0.02P1S4.37Cl1.6O0.03 + 0.1111 LiCoO2 -> 4.858 Li + 0.3671 P2S7 + 0.01778 NdP5O14 + 1.093 SCl + 0.06588 PCl5 + 0.1111 CoS2
LiCoO2,ndo_li_002,4.0,0.976303,-1.039091,0,1,0.9302 Li5.34Nd0.02P1S4.37Cl1.6O0.03 + 0.06977 LiCoO2 -> 5.037 Li + 0.4005 P2S7 + 1.122 SCl + 0.0186 Nd(PO3)3 + 0.07332 PCl5 + 0.06977 CoS2
LiCoO2,ndo_li_002,4.0,1.0,-1.026087,0,1,Li5.34Nd0.02P1S4.37Cl1.6O0.03 -> 5.34 Li + 0.4571 P2S7 + 1.171 SCl + 0.003333 Nd(PO3)3 + 0.07588 PCl5 + 0.01667 NdCl3
LiCoO2,ndo_li_002,4.3,0.0,-0.17822,0,0,LiCoO2 -> Li + CoO2
LiCoO2,ndo_li_002,4.3,0.091783,-0.610104,0,1,0.03167 Li5.34Nd0.02P1S4.37Cl1.6O0.03 + 0.9683 LiCoO2 -> 1.137 Li + 0.01552 Co3(PO4)2 + 0.02534 Co(ClO4)2 + 0.03296 Co23O32 + 0.0006334 NdPO4 + 0.1384 CoSO4
LiCoO2,ndo_li_002,4.3,0.10219,-0.657979,0,1,0.03553 Li5.34Nd0.02P1S4.37Cl1.6O0.03 + 0.9645 LiCoO2 -> 1.154 Li + 0.01741 Co3(PO4)2 + 0.03291 Co23O32 + 0.0007105 NdPO4 + 0.05684 ClO2 + 0.1553 CoSO4
LiCoO2,ndo_li_002,4.3,0.133465,-0.80133,0,1,0.04748 Li5.34Nd0.02P1S4.37Cl1.6O0.03 + 0.9525 LiCoO2 -> 1.206 Li + 0.02326 Co3(PO4)2 + 0.02771 Co23O32 + 0.0009496 NdPO4 + 0.03798 CoCl2 + 0.2075 CoSO4
LiCoO2,ndo_li_002,4.3,0.14055,-0.832381,0,1,0.05026 Li5.34Nd0.02P1S4.37Cl1.6O0.03 + 0.9497 LiCoO2 -> 1.218 Li + 0.02463 Co3(PO4)2 + 0.001005 NdPO4 + 0.04021 CoCl2 + 0.2053 Co3O4 + 0.2197 CoSO4
LiCoO2,ndo_li_002,4.3,0.172626,-0.930416,0,1,0.06325 Li5.34Nd0.02P1S4.37Cl1.6O0.03 + 0.9367 LiCoO2 -> 1.275 Li + 0.03099 Co3(PO4)2 + 0.001265 NdPO4 + 0.0506 CoCl2 + 0.5168 CoO + 0.2764 CoSO4
LiCoO2,ndo_li_002,4.3,0.309921,-1.12778,0,1,0.1269 Li5.34Nd0.02P1S4.37Cl1.6O0.03 + 0.8731 LiCoO2 -> 1.551 Li + 0.06218 Co3(PO4)2 + 0.002538 NdPO4 + 0.03049 Co9S8 + 0.1015 CoCl2 + 0.3106 CoSO4
LiCoO2,ndo_li_002,4.3,0.337837,-1.157661,0,1,0.1417 Li5.34Nd0.02P1S4.37Cl1.6O0.03 + 0.8583 LiCoO2 -> 1.615 Li + 0.06944 Co3(PO4)2 + 0.002834 NdPO4 + 0.1134 CoCl2 + 0.0827 Co3S4 + 0.2885 CoSO4
LiCoO2,ndo_li_002,4.3,0.369249,-1.184302,0,1,0.1593 Li5.34Nd0.02P1S4.37Cl1.6O0.03 + 0.8407 LiCoO2 -> 1.691 Li + 0.07805 Co3(PO4)2 + 0.003186 NdPO4 + 0.1274 CoCl2 + 0.2169 CoS2 + 0.2623 CoSO4
LiCoO2,ndo_li_002,4.3,0.396323,-1.203967,0,1,0.1752 Li5.34Nd0.02P1S4.37Cl1.6O0.03 + 0.8248 LiCoO2 -> 1.761 Li + 0.08586 Co2P2O7 + 0.003505 NdPO4 + 0.1402 CoCl2 + 0.2529 CoS2 + 0.2599 CoSO4
LiCoO2,ndo_li_002,4.3,0.39871,-1.205706,0,1,0.1767 Li5.34Nd0.02P1S4.37Cl1.6O0.03 + 0.8233 LiCoO2 -> 1.767 Li + 0.08304 Co2P2O7 + 0.003534 Nd(PO3)3 + 0.1413 CoCl2 + 0.2562 CoS2 + 0.2597 CoSO4
LiCoO2,ndo_li_002,4.3,0.446048,-1.231699,0,1,0.2067 Li5.34Nd0.02P1S4.37Cl1.6O0.03 + 0.7933 LiCoO2 -> 1.897 Li + 0.04858 CoP4O11 + 0.004134 Nd(PO3)3 + 0.1654 CoCl2 + 0.324 CoS2 + 0.2553 CoSO4
LiCoO2,ndo_li_002,4.3,0.446801,-1.232078,0,1,0.2072 Li5.34Nd0.02P1S4.37Cl1.6O0.03 + 0.7928 LiCoO2 -> 1.899 Li + 0.004144 NdP5O14 + 0.04662 CoP4O11 + 0.1658 CoCl2 + 0.3252 CoS2 + 0.2552 CoSO4
LiCoO2,ndo_li_002,4.3,0.553515,-1.285215,0,1,0.2863 Li5.34Nd0.02P1S4.37Cl1.6O0.03 + 0.7137 LiCoO2 -> 2.243 Li + 0.005727 NdP5O14 + 0.1145 SCl4 + 0.06442 CoP4O11 + 0.4875 CoS2 + 0.1618 CoSO4
LiCoO2,ndo_li_002,4.3,0.615845,-1.315295,0,1,0.3416 Li5.34Nd0.02P1S4.37Cl1.6O0.03 + 0.6584 LiCoO2 -> 2.482 Li + 0.006832 NdP5O14 + 0.1366 SCl4 + 0.07686 CoP4O11 + 0.5816 CoS2 + 0.193 SO2
LiCoO2,ndo_li_002,4.3,0.669193,-1.336324,0,1,0.3956 Li5.34Nd0.02P1S4.37Cl1.6O0.03 + 0.6044 LiCoO2 -> 2.717 Li + 0.633 SCl + 0.007913 NdP5O14 + 0.08902 CoP4O11 + 0.5153 CoS2 + 0.06528 SO2
LiCoO2,ndo_li_002,4.3,0.693992,-1.337398,1,1,0.4233 Li5.34Nd0.02P1S4.37Cl1.6O0.03 + 0.5767 LiCoO2 -> 2.837 Li + 0.6772 SCl + 0.008466 NdP5O14 + 0.09524 CoP4O11 + 0.4815 CoS2 + 0.2095 S
LiCoO2,ndo_li_002,4.3,0.790686,-1.31573,0,1,0.5501 Li5.34Nd0.02P1S4.37Cl1.6O0.03 + 0.4499 LiCoO2 -> 3.387 Li + 0.8801 SCl + 0.011 NdP5O14 + 0.06931 CoP4O11 + 0.3806 CoS2 + 0.1089 P2S7
LiCoO2,ndo_li_002,4.3,0.96112,-1.268995,0,1,0.8889 Li5.34Nd0.02P1S4.37Cl1.6O0.03 + 0.1111 LiCoO2 -> 4.858 Li + 1.093 SCl + 0.01778 NdP5O14 + 0.1111 CoS2 + 0.06588 PCl5 + 0.3671 P2S7
LiCoO2,ndo_li_002,4.3,0.976303,-1.263314,0,1,0.9302 Li5.34Nd0.02P1S4.37Cl1.6O0.03 + 0.06977 LiCoO2 -> 5.037 Li + 1.122 SCl + 0.0186 Nd(PO3)3 + 0.06977 CoS2 + 0.07332 PCl5 + 0.4005 P2S7
LiCoO2,ndo_li_002,4.3,1.0,-1.254292,0,1,Li5.34Nd0.02P1S4.37Cl1.6O0.03 -> 5.34 Li + 1.171 SCl + 0.003333 Nd(PO3)3 + 0.07588 PCl5 + 0.4571 P2S7 + 0.01667 NdCl3
LiCoO2,ndo_li_002,4.5,0.0,-0.244886,0,0,LiCoO2 -> Li + CoO2
LiCoO2,ndo_li_002,4.5,0.091783,-0.682847,0,1,0.03167 Li5.34Nd0.02P1S4.37Cl1.6O0.03 + 0.9683 LiCoO2 -> 1.137 Li + 0.02534 Co(ClO4)2 + 0.03296 Co23O32 + 0.01552 Co3(PO4)2 + 0.0006334 NdPO4 + 0.1384 CoSO4
LiCoO2,ndo_li_002,4.5,0.10219,-0.731428,0,1,0.03553 Li5.34Nd0.02P1S4.37Cl1.6O0.03 + 0.9645 LiCoO2 -> 1.154 Li + 0.03291 Co23O32 + 0.01741 Co3(PO4)2 + 0.0007105 NdPO4 + 0.05684 ClO2 + 0.1553 CoSO4
LiCoO2,ndo_li_002,4.5,0.133465,-0.876924,0,1,0.04748 Li5.34Nd0.02P1S4.37Cl1.6O0.03 + 0.9525 LiCoO2 -> 1.206 Li + 0.02771 Co23O32 + 0.02326 Co3(PO4)2 + 0.0009496 NdPO4 + 0.03798 CoCl2 + 0.2075 CoSO4
LiCoO2,ndo_li_002,4.5,0.14055,-0.908466,0,1,0.05026 Li5.34Nd0.02P1S4.37Cl1.6O0.03 + 0.9497 LiCoO2 -> 1.218 Li + 0.02463 Co3(PO4)2 + 0.001005 NdPO4 + 0.04021 CoCl2 + 0.2053 Co3O4 + 0.2197 CoSO4
LiCoO2,ndo_li_002,4.5,0.172626,-1.008745,0,1,0.06325 Li5.34Nd0.02P1S4.37Cl1.6O0.03 + 0.9367 LiCoO2 -> 1.275 Li + 0.03099 Co3(PO4)2 + 0.001265 NdPO4 + 0.5168 CoO + 0.0506 CoCl2 + 0.2764 CoSO4
LiCoO2,ndo_li_002,4.5,0.309921,-1.216138,0,1,0.1269 Li5.34Nd0.02P1S4.37Cl1.6O0.03 + 0.8731 LiCoO2 -> 1.551 Li + 0.03049 Co9S8 + 0.06218 Co3(PO4)2 + 0.002538 NdPO4 + 0.1015 CoCl2 + 0.3106 CoSO4
LiCoO2,ndo_li_002,4.5,0.337837,-1.248147,0,1,0.1417 Li5.34Nd0.02P1S4.37Cl1.6O0.03 + 0.8583 LiCoO2 -> 1.615 Li + 0.06944 Co3(PO4)2 + 0.002834 NdPO4 + 0.1134 CoCl2 + 0.0827 Co3S4 + 0.2885 CoSO4
LiCoO2,ndo_li_002,4.5,0.369249,-1.277222,0,1,0.1593 Li5.34Nd0.02P1S4.37Cl1.6O0.03 + 0.8407 LiCoO2 -> 1.691 Li + 0.2169 CoS2 + 0.07805 Co3(PO4)2 + 0.003186 NdPO4 + 0.1274 CoCl2 + 0.2623 CoSO4
LiCoO2,ndo_li_002,4.5,0.396323,-1.299016,0,1,0.1752 Li5.34Nd0.02P1S4.37Cl1.6O0.03 + 0.8248 LiCoO2 -> 1.761 Li + 0.08586 Co2P2O7 + 0.2529 CoS2 + 0.003505 NdPO4 + 0.1402 CoCl2 + 0.2599 CoSO4
LiCoO2,ndo_li_002,4.5,0.39871,-1.300944,0,1,0.1767 Li5.34Nd0.02P1S4.37Cl1.6O0.03 + 0.8233 LiCoO2 -> 1.767 Li + 0.08304 Co2P2O7 + 0.2562 CoS2 + 0.003534 Nd(PO3)3 + 0.1413 CoCl2 + 0.2597 CoSO4
LiCoO2,ndo_li_002,4.5,0.446048,-1.330741,0,1,0.2067 Li5.34Nd0.02P1S4.37Cl1.6O0.03 + 0.7933 LiCoO2 -> 1.897 Li + 0.04858 CoP4O11 + 0.324 CoS2 + 0.004134 Nd(PO3)3 + 0.1654 CoCl2 + 0.2553 CoSO4
LiCoO2,ndo_li_002,4.5,0.446801,-1.331182,0,1,0.2072 Li5.34Nd0.02P1S4.37Cl1.6O0.03 + 0.7928 LiCoO2 -> 1.899 Li + 0.04662 CoP4O11 + 0.004144 NdP5O14 + 0.3252 CoS2 + 0.1658 CoCl2 + 0.2552 CoSO4
LiCoO2,ndo_li_002,4.5,0.553515,-1.393268,0,1,0.2863 Li5.34Nd0.02P1S4.37Cl1.6O0.03 + 0.7137 LiCoO2 -> 2.243 Li + 0.06442 CoP4O11 + 0.005727 NdP5O14 + 0.4875 CoS2 + 0.1145 SCl4 + 0.1618 CoSO4
LiCoO2,ndo_li_002,4.5,0.615845,-1.428827,0,1,0.3416 Li5.34Nd0.02P1S4.37Cl1.6O0.03 + 0.6584 LiCoO2 -> 2.482 Li + 0.07686 CoP4O11 + 0.006832 NdP5O14 + 0.5816 CoS2 + 0.193 SO2 + 0.1366 SCl4
LiCoO2,ndo_li_002,4.5,0.669193,-1.454703,0,1,0.3956 Li5.34Nd0.02P1S4.37Cl1.6O0.03 + 0.6044 LiCoO2 -> 2.717 Li + 0.08902 CoP4O11 + 0.007913 NdP5O14 + 0.633 SCl + 0.5153 CoS2 + 0.06528 SO2
LiCoO2,ndo_li_002,4.5,0.693992,-1.458082,1,1,0.4233 Li5.34Nd0.02P1S4.37Cl1.6O0.03 + 0.5767 LiCoO2 -> 2.837 Li + 0.09524 CoP4O11 + 0.008466 NdP5O14 + 0.6772 SCl + 0.4815 CoS2 + 0.2095 S
LiCoO2,ndo_li_002,4.5,0.790686,-1.445728,0,1,0.5501 Li5.34Nd0.02P1S4.37Cl1.6O0.03 + 0.4499 LiCoO2 -> 3.387 Li + 0.06931 CoP4O11 + 0.011 NdP5O14 + 0.8801 SCl + 0.3806 CoS2 + 0.1089 P2S7
LiCoO2,ndo_li_002,4.5,0.96112,-1.416798,0,1,0.8889 Li5.34Nd0.02P1S4.37Cl1.6O0.03 + 0.1111 LiCoO2 -> 4.858 Li + 0.01778 NdP5O14 + 1.093 SCl + 0.1111 CoS2 + 0.3671 P2S7 + 0.06588 PCl5
LiCoO2,ndo_li_002,4.5,0.976303,-1.412797,0,1,0.9302 Li5.34Nd0.02P1S4.37Cl1.6O0.03 + 0.06977 LiCoO2 -> 5.037 Li + 1.122 SCl + 0.06977 CoS2 + 0.0186 Nd(PO3)3 + 0.4005 P2S7 + 0.07332 PCl5
LiCoO2,ndo_li_002,4.5,1.0,-1.406429,0,1,Li5.34Nd0.02P1S4.37Cl1.6O0.03 -> 5.34 Li + 1.171 SCl + 0.003333 Nd(PO3)3 + 0.4571 P2S7 + 0.07588 PCl5 + 0.01667 NdCl3
LiCoO2,nd_p_002_asused,2.5,0.0,0.0,0,0,LiCoO2 -> LiCoO2
LiCoO2,nd_p_002_asused,2.5,0.126887,-0.279142,0,0,0.04464 Li5.44Nd0.02P0.98S4.37Cl1.6O0.03 + 0.9554 LiCoO2 -> 0.6054 Li + 0.9554 CoO + 0.04375 Li3PO4 + 0.0004464 Nd2O3 + 0.1951 Li2SO4 + 0.07143 LiCl
LiCoO2,nd_p_002_asused,2.5,0.126939,-0.279255,0,0,0.04466 Li5.44Nd0.02P0.98S4.37Cl1.6O0.03 + 0.9553 LiCoO2 -> 0.6061 Li + 0.0002978 Nd3PO7 + 0.9553 CoO + 0.04347 Li3PO4 + 0.1952 Li2SO4 + 0.07146 LiCl
LiCoO2,nd_p_002_asused,2.5,0.127042,-0.279391,0,1,0.0447 Li5.44Nd0.02P0.98S4.37Cl1.6O0.03 + 0.9553 LiCoO2 -> 0.6075 Li + 0.9553 CoO + 0.04291 Li3PO4 + 0.0008941 NdPO4 + 0.1954 Li2SO4 + 0.07152 LiCl
LiCoO2,nd_p_002_asused,2.5,0.447057,-0.590217,0,1,0.2063 Li5.44Nd0.02P0.98S4.37Cl1.6O0.03 + 0.7937 LiCoO2 -> 0.5994 Li + 0.08819 Co9S8 + 0.1981 Li3PO4 + 0.004127 NdPO4 + 0.1962 Li2SO4 + 0.3301 LiCl
LiCoO2,nd_p_002_asused,2.5,0.51626,-0.613852,0,1,0.2555 Li5.44Nd0.02P0.98S4.37Cl1.6O0.03 + 0.7445 LiCoO2 -> 0.7422 Li + 0.2482 Co3S4 + 0.2453 Li3PO4 + 0.00511 NdPO4 + 0.1238 Li2SO4 + 0.4088 LiCl
LiCoO2,nd_p_002_asused,2.5,0.59272,-0.620985,1,1,0.3188 Li5.44Nd0.02P0.98S4.37Cl1.6O0.03 + 0.6812 LiCoO2 -> 0.926 Li + 0.306 Li3PO4 + 0.6812 CoS2 + 0.006376 NdPO4 + 0.0306 Li2SO4 + 0.51 LiCl
LiCoO2,nd_p_002_asused,2.5,0.615232,-0.606862,0,1,0.3396 Li5.44Nd0.02P0.98S4.37Cl1.6O0.03 + 0.6604 LiCoO2 -> 0.9457 Li + 0.326 Li3PO4 + 0.6604 CoS2 + 0.006791 NdPO4 + 0.5433 LiCl + 0.04075 LiS4
LiCoO2,nd_p_002_asused,2.5,0.992026,-0.111287,0,1,0.9756 Li5.44Nd0.02P0.98S4.37Cl1.6O0.03 + 0.02439 LiCoO2 -> 3.537 Li + 0.4683 P2S7 + 0.02439 CoS2 + 0.01951 NdPO4 + 1.561 LiCl + 0.2341 LiS4
LiCoO2,nd_p_002_asused,2.5,1.0,-0.099181,0,1,Li5.44Nd0.02P0.98S4.37Cl1.6O0.03 -> 3.6 Li + 0.48 P2S7 + 0.0125 NdPS4 + 0.0075 NdPO4 + 1.6 LiCl + 0.24 LiS4
LiCoO2,nd_p_002_asused,3.0,0.0,0.0,0,0,LiCoO2 -> LiCoO2
LiCoO2,nd_p_002_asused,3.0,0.127042,-0.374947,0,1,0.0447 Li5.44Nd0.02P0.98S4.37Cl1.6O0.03 + 0.9553 LiCoO2 -> 0.6075 Li + 0.0008941 NdPO4 + 0.04291 Li3PO4 + 0.9553 CoO + 0.1954 Li2SO4 + 0.07152 LiCl
LiCoO2,nd_p_002_asused,3.0,0.132228,-0.386526,0,1,0.04671 Li5.44Nd0.02P0.98S4.37Cl1.6O0.03 + 0.9533 LiCoO2 -> 0.6796 Li + 0.04484 LiCoPO4 + 0.0009341 NdPO4 + 0.9085 CoO + 0.2041 Li2SO4 + 0.07473 LiCl
LiCoO2,nd_p_002_asused,3.0,0.136884,-0.391721,0,1,0.04852 Li5.44Nd0.02P0.98S4.37Cl1.6O0.03 + 0.9515 LiCoO2 -> 0.7448 Li + 0.04658 LiCoPO4 + 0.03882 CoCl2 + 0.0009704 NdPO4 + 0.8661 CoO + 0.212 Li2SO4
LiCoO2,nd_p_002_asused,3.0,0.139838,-0.395011,0,1,0.04968 Li5.44Nd0.02P0.98S4.37Cl1.6O0.03 + 0.9503 LiCoO2 -> 0.7864 Li + 0.02385 Co3(PO4)2 + 0.03974 CoCl2 + 0.0009935 NdPO4 + 0.839 CoO + 0.2171 Li2SO4
LiCoO2,nd_p_002_asused,3.0,0.370671,-0.619875,0,1,0.1592 Li5.44Nd0.02P0.98S4.37Cl1.6O0.03 + 0.8408 LiCoO2 -> 1.176 Li + 0.07643 Co3(PO4)2 + 0.1274 CoCl2 + 0.003185 NdPO4 + 0.05379 Co9S8 + 0.2655 Li2SO4
LiCoO2,nd_p_002_asused,3.0,0.384758,-0.632768,0,1,0.1674 Li5.44Nd0.02P0.98S4.37Cl1.6O0.03 + 0.8326 LiCoO2 -> 1.076 Li + 0.1607 LiCoPO4 + 0.1339 CoCl2 + 0.003348 NdPO4 + 0.05977 Co9S8 + 0.2535 Li2SO4
LiCoO2,nd_p_002_asused,3.0,0.410778,-0.656777,0,1,0.1831 Li5.44Nd0.02P0.98S4.37Cl1.6O0.03 + 0.8169 LiCoO2 -> 0.8835 Li + 0.1758 LiCoPO4 + 0.003662 NdPO4 + 0.07123 Co9S8 + 0.2304 Li2SO4 + 0.293 LiCl
LiCoO2,nd_p_002_asused,3.0,0.462641,-0.685264,0,1,0.2168 Li5.44Nd0.02P0.98S4.37Cl1.6O0.03 + 0.7832 LiCoO2 -> 1.046 Li + 0.1917 Co3S4 + 0.2081 LiCoPO4 + 0.004336 NdPO4 + 0.1807 Li2SO4 + 0.3469 LiCl
LiCoO2,nd_p_002_asused,3.0,0.51626,-0.706119,0,1,0.2555 Li5.44Nd0.02P0.98S4.37Cl1.6O0.03 + 0.7445 LiCoO2 -> 0.7422 Li + 0.2482 Co3S4 + 0.00511 NdPO4 + 0.2453 Li3PO4 + 0.1238 Li2SO4 + 0.4088 LiCl
LiCoO2,nd_p_002_asused,3.0,0.521931,-0.708266,0,1,0.2598 Li5.44Nd0.02P0.98S4.37Cl1.6O0.03 + 0.7402 LiCoO2 -> 0.9419 Li + 0.2467 Co3S4 + 0.1247 Li4P2O7 + 0.005197 NdPO4 + 0.1486 Li2SO4 + 0.4157 LiCl
LiCoO2,nd_p_002_asused,3.0,0.598192,-0.731531,1,1,0.3237 Li5.44Nd0.02P0.98S4.37Cl1.6O0.03 + 0.6763 LiCoO2 -> 1.174 Li + 0.6763 CoS2 + 0.1554 Li4P2O7 + 0.006475 NdPO4 + 0.06216 Li2SO4 + 0.518 LiCl
LiCoO2,nd_p_002_asused,3.0,0.645898,-0.702214,0,1,0.3697 Li5.44Nd0.02P0.98S4.37Cl1.6O0.03 + 0.6303 LiCoO2 -> 1.251 Li + 0.6303 CoS2 + 0.1774 Li4P2O7 + 0.007394 NdPO4 + 0.5915 LiCl + 0.08872 LiS4
LiCoO2,nd_p_002_asused,3.0,0.649269,-0.69981,0,1,0.3731 Li5.44Nd0.02P0.98S4.37Cl1.6O0.03 + 0.6269 LiCoO2 -> 1.286 Li + 0.6269 CoS2 + 0.1679 Li4P2O7 + 0.007463 LiNd(PO3)4 + 0.597 LiCl + 0.09422 LiS4
LiCoO2,nd_p_002_asused,3.0,0.681271,-0.67575,0,1,0.4073 Li5.44Nd0.02P0.98S4.37Cl1.6O0.03 + 0.5927 LiCoO2 -> 1.633 Li + 0.5927 CoS2 + 0.008147 LiNd(PO3)4 + 0.3666 LiPO3 + 0.6517 LiCl + 0.1487 LiS4
LiCoO2,nd_p_002_asused,3.0,0.967341,-0.394732,0,1,0.905 Li5.44Nd0.02P0.98S4.37Cl1.6O0.03 + 0.09502 LiCoO2 -> 3.324 Li + 0.09502 CoS2 + 0.4072 P2S7 + 0.0181 LiNd(PO3)4 + 1.448 LiCl + 0.2285 LiS4
LiCoO2,nd_p_002_asused,3.0,0.992026,-0.367471,0,1,0.9756 Li5.44Nd0.02P0.98S4.37Cl1.6O0.03 + 0.02439 LiCoO2 -> 3.537 Li + 0.02439 CoS2 + 0.4683 P2S7 + 0.01951 NdPO4 + 1.561 LiCl + 0.2341 LiS4
LiCoO2,nd_p_002_asused,3.0,1.0,-0.358268,0,1,Li5.44Nd0.02P0.98S4.37Cl1.6O0.03 -> 3.636 Li + 0.4862 P2S7 + 0.0075 NdPO4 + 0.0125 NdCl3 + 1.563 LiCl + 0.2416 LiS4
LiCoO2,nd_p_002_asused,3.5,0.0,-0.013345,0,0,LiCoO2 -> 0.5 Li + 0.5 Li(CoO2)2
LiCoO2,nd_p_002_asused,3.5,0.08844,-0.372202,0,1,0.03025 Li5.44Nd0.02P0.98S4.37Cl1.6O0.03 + 0.9697 LiCoO2 -> 0.7344 Li + 0.0006051 NdPO4 + 0.02904 Li3PO4 + 0.3232 Co3O4 + 0.1322 Li2SO4 + 0.0484 LiCl
LiCoO2,nd_p_002_asused,3.5,0.093548,-0.391608,0,1,0.03212 Li5.44Nd0.02P0.98S4.37Cl1.6O0.03 + 0.9679 LiCoO2 -> 0.7797 Li + 0.0006424 NdPO4 + 0.03083 LiCoPO4 + 0.3123 Co3O4 + 0.1404 Li2SO4 + 0.05139 LiCl
LiCoO2,nd_p_002_asused,3.5,0.098278,-0.405906,0,1,0.03386 Li5.44Nd0.02P0.98S4.37Cl1.6O0.03 + 0.9661 LiCoO2 -> 0.8219 Li + 0.0006772 NdPO4 + 0.0325 LiCoPO4 + 0.02709 CoCl2 + 0.3022 Co3O4 + 0.148 Li2SO4
LiCoO2,nd_p_002_asused,3.5,0.101352,-0.41521,0,1,0.035 Li5.44Nd0.02P0.98S4.37Cl1.6O0.03 + 0.965 LiCoO2 -> 0.8495 Li + 0.0168 Co3(PO4)2 + 0.0006999 NdPO4 + 0.028 CoCl2 + 0.2955 Co3O4 + 0.1529 Li2SO4
LiCoO2,nd_p_002_asused,3.5,0.118184,-0.463235,0,1,0.04131 Li5.44Nd0.02P0.98S4.37Cl1.6O0.03 + 0.9587 LiCoO2 -> 1.003 Li + 0.09027 Li2Co(SO4)2 + 0.01983 Co3(PO4)2 + 0.0008263 NdPO4 + 0.03305 CoCl2 + 0.2586 Co3O4
LiCoO2,nd_p_002_asused,3.5,0.141718,-0.529965,0,1,0.05042 Li5.44Nd0.02P0.98S4.37Cl1.6O0.03 + 0.9496 LiCoO2 -> 1.224 Li + 0.0242 Co3(PO4)2 + 0.2203 CoSO4 + 0.001008 NdPO4 + 0.04033 CoCl2 + 0.2054 Co3O4
LiCoO2,nd_p_002_asused,3.5,0.174035,-0.619562,0,1,0.06345 Li5.44Nd0.02P0.98S4.37Cl1.6O0.03 + 0.9365 LiCoO2 -> 1.282 Li + 0.5171 CoO + 0.03046 Co3(PO4)2 + 0.2773 CoSO4 + 0.001269 NdPO4 + 0.05076 CoCl2
LiCoO2,nd_p_002_asused,3.5,0.312258,-0.779179,0,1,0.1274 Li5.44Nd0.02P0.98S4.37Cl1.6O0.03 + 0.8726 LiCoO2 -> 1.566 Li + 0.06115 Co3(PO4)2 + 0.3124 CoSO4 + 0.03054 Co9S8 + 0.002548 NdPO4 + 0.1019 CoCl2
LiCoO2,nd_p_002_asused,3.5,0.340342,-0.801058,0,1,0.1423 Li5.44Nd0.02P0.98S4.37Cl1.6O0.03 + 0.8577 LiCoO2 -> 1.632 Li + 0.0683 Co3(PO4)2 + 0.2905 CoSO4 + 0.002846 NdPO4 + 0.08283 Co3S4 + 0.1138 CoCl2
LiCoO2,nd_p_002_asused,3.5,0.371935,-0.818548,0,1,0.16 Li5.44Nd0.02P0.98S4.37Cl1.6O0.03 + 0.84 LiCoO2 -> 1.71 Li + 0.07678 Co3(PO4)2 + 0.2645 CoSO4 + 0.003199 NdPO4 + 0.2173 CoS2 + 0.128 CoCl2
LiCoO2,nd_p_002_asused,3.5,0.376741,-0.820716,0,1,0.1627 Li5.44Nd0.02P0.98S4.37Cl1.6O0.03 + 0.8373 LiCoO2 -> 1.719 Li + 0.07323 Co3(PO4)2 + 0.2636 CoSO4 + 0.003255 LiNd(PO3)4 + 0.2238 CoS2 + 0.1302 CoCl2
LiCoO2,nd_p_002_asused,3.5,0.402329,-0.8317,0,1,0.1779 Li5.44Nd0.02P0.98S4.37Cl1.6O0.03 + 0.8221 LiCoO2 -> 1.786 Li + 0.08007 Co2P2O7 + 0.2616 CoSO4 + 0.003559 LiNd(PO3)4 + 0.258 CoS2 + 0.1423 CoCl2
LiCoO2,nd_p_002_asused,3.5,0.443969,-0.848467,0,1,0.2043 Li5.44Nd0.02P0.98S4.37Cl1.6O0.03 + 0.7957 LiCoO2 -> 1.842 Li + 0.06129 LiCo(PO3)3 + 0.2492 CoSO4 + 0.004086 LiNd(PO3)4 + 0.3218 CoS2 + 0.1634 CoCl2
LiCoO2,nd_p_002_asused,3.5,0.486317,-0.863277,0,1,0.2334 Li5.44Nd0.02P0.98S4.37Cl1.6O0.03 + 0.7666 LiCoO2 -> 1.748 Li + 0.07001 LiCo(PO3)3 + 0.1068 Li2Co(SO4)2 + 0.004667 LiNd(PO3)4 + 0.4032 CoS2 + 0.1867 CoCl2
LiCoO2,nd_p_002_asused,3.5,0.51584,-0.873057,0,1,0.2552 Li5.44Nd0.02P0.98S4.37Cl1.6O0.03 + 0.7448 LiCoO2 -> 1.678 Li + 0.07655 LiCo(PO3)3 + 0.005103 LiNd(PO3)4 + 0.4641 CoS2 + 0.2041 CoCl2 + 0.1868 Li2SO4
LiCoO2,nd_p_002_asused,3.5,0.577102,-0.887364,0,1,0.305 Li5.44Nd0.02P0.98S4.37Cl1.6O0.03 + 0.695 LiCoO2 -> 1.517 Li + 0.09149 LiCo(PO3)3 + 0.006099 LiNd(PO3)4 + 0.6035 CoS2 + 0.1256 Li2SO4 + 0.488 LiCl
LiCoO2,nd_p_002_asused,3.5,0.604001,-0.891149,1,1,0.3291 Li5.44Nd0.02P0.98S4.37Cl1.6O0.03 + 0.6709 LiCoO2 -> 1.44 Li + 0.006581 LiNd(PO3)4 + 0.6709 CoS2 + 0.09608 Li2SO4 + 0.2962 LiPO3 + 0.5265 LiCl
LiCoO2,nd_p_002_asused,3.5,0.681271,-0.888526,0,1,0.4073 Li5.44Nd0.02P0.98S4.37Cl1.6O0.03 + 0.5927 LiCoO2 -> 2.377 Li + 0.008147 LiNd(PO3)4 + 0.5947 SCl + 0.5927 CoS2 + 0.3666 LiPO3 + 0.05703 LiCl
LiCoO2,nd_p_002_asused,3.5,0.685211,-0.887433,0,1,0.4117 Li5.44Nd0.02P0.98S4.37Cl1.6O0.03 + 0.5883 LiCoO2 -> 2.457 Li + 0.007205 PCl5 + 0.008235 LiNd(PO3)4 + 0.6227 SCl + 0.5883 CoS2 + 0.3634 LiPO3
LiCoO2,nd_p_002_asused,3.5,0.967341,-0.693853,0,1,0.905 Li5.44Nd0.02P0.98S4.37Cl1.6O0.03 + 0.09502 LiCoO2 -> 5 Li + 0.3758 P2S7 + 0.06282 PCl5 + 0.0181 LiNd(PO3)4 + 1.134 SCl + 0.09502 CoS2
LiCoO2,nd_p_002_asused,3.5,1.0,-0.667159,0,1,Li5.44Nd0.02P0.98S4.37Cl1.6O0.03 -> 5.438 Li + 0.4513 P2S7 + 0.06735 PCl5 + 0.0025 LiNd(PO3)4 + 1.211 SCl + 0.0175 NdCl3
LiCoO2,nd_p_002_asused,4.0,0.0,-0.096678,0,0,LiCoO2 -> 0.5 Li + 0.5 Li(CoO2)2
LiCoO2,nd_p_002_asused,4.0,0.066827,-0.399917,0,1,0.02251 Li5.44Nd0.02P0.98S4.37Cl1.6O0.03 + 0.9775 LiCoO2 -> 0.8456 Li + 0.03601 LiClO4 + 0.02161 LiCoPO4 + 0.04156 Co23O32 + 0.09836 Li2SO4 + 0.0004502 NdPO4
LiCoO2,nd_p_002_asused,4.0,0.086332,-0.486274,0,1,0.02949 Li5.44Nd0.02P0.98S4.37Cl1.6O0.03 + 0.9705 LiCoO2 -> 0.7977 Li + 0.02831 LiCoPO4 + 0.04097 Co23O32 + 0.1289 Li2SO4 + 0.0005897 NdPO4 + 0.04718 LiCl
LiCoO2,nd_p_002_asused,4.0,0.090949,-0.506407,0,1,0.03117 Li5.44Nd0.02P0.98S4.37Cl1.6O0.03 + 0.9688 LiCoO2 -> 0.8361 Li + 0.02992 LiCoPO4 + 0.03974 Co23O32 + 0.1362 Li2SO4 + 0.02493 CoCl2 + 0.0006233 NdPO4
LiCoO2,nd_p_002_asused,4.0,0.093964,-0.519571,0,1,0.03227 Li5.44Nd0.02P0.98S4.37Cl1.6O0.03 + 0.9677 LiCoO2 -> 0.8612 Li + 0.03893 Co23O32 + 0.01549 Co3(PO4)2 + 0.141 Li2SO4 + 0.02582 CoCl2 + 0.0006454 NdPO4
LiCoO2,nd_p_002_asused,4.0,0.110662,-0.589895,0,1,0.03847 Li5.44Nd0.02P0.98S4.37Cl1.6O0.03 + 0.9615 LiCoO2 -> 1.003 Li + 0.08406 Li2Co(SO4)2 + 0.0344 Co23O32 + 0.01847 Co3(PO4)2 + 0.03078 CoCl2 + 0.0007694 NdPO4
LiCoO2,nd_p_002_asused,4.0,0.118184,-0.621657,0,1,0.04131 Li5.44Nd0.02P0.98S4.37Cl1.6O0.03 + 0.9587 LiCoO2 -> 1.003 Li + 0.2586 Co3O4 + 0.09027 Li2Co(SO4)2 + 0.01983 Co3(PO4)2 + 0.03305 CoCl2 + 0.0008263 NdPO4
LiCoO2,nd_p_002_asused,4.0,0.141718,-0.721092,0,1,0.05042 Li5.44Nd0.02P0.98S4.37Cl1.6O0.03 + 0.9496 LiCoO2 -> 1.224 Li + 0.2054 Co3O4 + 0.0242 Co3(PO4)2 + 0.2203 CoSO4 + 0.04033 CoCl2 + 0.001008 NdPO4
LiCoO2,nd_p_002_asused,4.0,0.174035,-0.81652,0,1,0.06345 Li5.44Nd0.02P0.98S4.37Cl1.6O0.03 + 0.9365 LiCoO2 -> 1.282 Li + 0.03046 Co3(PO4)2 + 0.2773 CoSO4 + 0.5171 CoO + 0.05076 CoCl2 + 0.001269 NdPO4
LiCoO2,nd_p_002_asused,4.0,0.312258,-1.002229,0,1,0.1274 Li5.44Nd0.02P0.98S4.37Cl1.6O0.03 + 0.8726 LiCoO2 -> 1.566 Li + 0.06115 Co3(PO4)2 + 0.3124 CoSO4 + 0.03054 Co9S8 + 0.1019 CoCl2 + 0.002548 NdPO4
LiCoO2,nd_p_002_asused,4.0,0.340342,-1.029651,0,1,0.1423 Li5.44Nd0.02P0.98S4.37Cl1.6O0.03 + 0.8577 LiCoO2 -> 1.632 Li + 0.0683 Co3(PO4)2 + 0.2905 CoSO4 + 0.1138 CoCl2 + 0.08283 Co3S4 + 0.002846 NdPO4
LiCoO2,nd_p_002_asused,4.0,0.371935,-1.053478,0,1,0.16 Li5.44Nd0.02P0.98S4.37Cl1.6O0.03 + 0.84 LiCoO2 -> 1.71 Li + 0.07678 Co3(PO4)2 + 0.2645 CoSO4 + 0.128 CoCl2 + 0.2173 CoS2 + 0.003199 NdPO4
LiCoO2,nd_p_002_asused,4.0,0.398633,-1.070343,0,1,0.1757 Li5.44Nd0.02P0.98S4.37Cl1.6O0.03 + 0.8243 LiCoO2 -> 1.78 Li + 0.08433 Co2P2O7 + 0.2624 CoSO4 + 0.1406 CoCl2 + 0.2527 CoS2 + 0.003514 NdPO4
LiCoO2,nd_p_002_asused,4.0,0.401032,-1.071863,0,1,0.1771 Li5.44Nd0.02P0.98S4.37Cl1.6O0.03 + 0.8229 LiCoO2 -> 1.787 Li + 0.08149 Co2P2O7 + 0.2622 CoSO4 + 0.003543 Nd(PO3)3 + 0.1417 CoCl2 + 0.256 CoS2
LiCoO2,nd_p_002_asused,4.0,0.447482,-1.092907,0,1,0.2066 Li5.44Nd0.02P0.98S4.37Cl1.6O0.03 + 0.7934 LiCoO2 -> 1.917 Li + 0.2583 CoSO4 + 0.004132 Nd(PO3)3 + 0.1653 CoCl2 + 0.3223 CoS2 + 0.04752 CoP4O11
LiCoO2,nd_p_002_asused,4.0,0.448234,-1.093213,0,1,0.2071 Li5.44Nd0.02P0.98S4.37Cl1.6O0.03 + 0.7929 LiCoO2 -> 1.92 Li + 0.2582 CoSO4 + 0.004142 NdP5O14 + 0.1657 CoCl2 + 0.3234 CoS2 + 0.04556 CoP4O11
LiCoO2,nd_p_002_asused,4.0,0.554862,-1.135663,0,1,0.2861 Li5.44Nd0.02P0.98S4.37Cl1.6O0.03 + 0.7139 LiCoO2 -> 2.27 Li + 0.166 CoSO4 + 0.005722 NdP5O14 + 0.485 CoS2 + 0.1144 SCl4 + 0.06295 CoP4O11
LiCoO2,nd_p_002_asused,4.0,0.618905,-1.159916,0,1,0.3431 Li5.44Nd0.02P0.98S4.37Cl1.6O0.03 + 0.6569 LiCoO2 -> 2.523 Li + 0.199 SO2 + 0.006861 NdP5O14 + 0.5815 CoS2 + 0.1372 SCl4 + 0.07547 CoP4O11
LiCoO2,nd_p_002_asused,4.0,0.672432,-1.175293,1,1,0.3976 Li5.44Nd0.02P0.98S4.37Cl1.6O0.03 + 0.6024 LiCoO2 -> 2.765 Li + 0.07157 SO2 + 0.007952 NdP5O14 + 0.6362 SCl + 0.5149 CoS2 + 0.08748 CoP4O11
LiCoO2,nd_p_002_asused,4.0,0.699663,-1.173481,0,1,0.4283 Li5.44Nd0.02P0.98S4.37Cl1.6O0.03 + 0.5717 LiCoO2 -> 2.901 Li + 0.008565 NdP5O14 + 0.6852 SCl + 0.4775 CoS2 + 0.09422 CoP4O11 + 0.2313 S
LiCoO2,nd_p_002_asused,4.0,0.807582,-1.136851,0,1,0.5744 Li5.44Nd0.02P0.98S4.37Cl1.6O0.03 + 0.4256 LiCoO2 -> 3.55 Li + 0.1241 P2S7 + 0.01149 NdP5O14 + 0.919 SCl + 0.3613 CoS2 + 0.06433 CoP4O11
LiCoO2,nd_p_002_asused,4.0,0.96136,-1.075431,0,1,0.8889 Li5.44Nd0.02P0.98S4.37Cl1.6O0.03 + 0.1111 LiCoO2 -> 4.947 Li + 0.3618 P2S7 + 0.01778 NdP5O14 + 1.129 SCl + 0.05856 PCl5 + 0.1111 CoS2
LiCoO2,nd_p_002_asused,4.0,0.976452,-1.067791,0,1,0.9302 Li5.44Nd0.02P0.98S4.37Cl1.6O0.03 + 0.06977 LiCoO2 -> 5.13 Li + 0.3951 P2S7 + 1.16 SCl + 0.0186 Nd(PO3)3 + 0.06566 PCl5 + 0.06977 CoS2
LiCoO2,nd_p_002_asused,4.0,1.0,-1.055673,0,1,Li5.44Nd0.02P0.98S4.37Cl1.6O0.03 -> 5.44 Li + 0.4512 P2S7 + 1.212 SCl + 0.003333 Nd(PO3)3 + 0.06765 PCl5 + 0.01667 NdCl3
LiCoO2,nd_p_002_asused,4.3,0.0,-0.17822,0,0,LiCoO2 -> Li + CoO2
LiCoO2,nd_p_002_asused,4.3,0.092495,-0.611868,0,1,0.03173 Li5.44Nd0.02P0.98S4.37Cl1.6O0.03 + 0.9683 LiCoO2 -> 1.141 Li + 0.01523 Co3(PO4)2 + 0.02539 Co(ClO4)2 + 0.03298 Co23O32 + 0.0006346 NdPO4 + 0.1387 CoSO4
LiCoO2,nd_p_002_asused,4.3,0.102997,-0.660061,0,1,0.03561 Li5.44Nd0.02P0.98S4.37Cl1.6O0.03 + 0.9644 LiCoO2 -> 1.158 Li + 0.01709 Co3(PO4)2 + 0.03294 Co23O32 + 0.0007121 NdPO4 + 0.05697 ClO2 + 0.1556 CoSO4
LiCoO2,nd_p_002_asused,4.3,0.134578,-0.80452,0,1,0.04762 Li5.44Nd0.02P0.98S4.37Cl1.6O0.03 + 0.9524 LiCoO2 -> 1.211 Li + 0.02286 Co3(PO4)2 + 0.02772 Co23O32 + 0.0009524 NdPO4 + 0.0381 CoCl2 + 0.2081 CoSO4
LiCoO2,nd_p_002_asused,4.3,0.141718,-0.835768,0,1,0.05042 Li5.44Nd0.02P0.98S4.37Cl1.6O0.03 + 0.9496 LiCoO2 -> 1.224 Li + 0.0242 Co3(PO4)2 + 0.001008 NdPO4 + 0.04033 CoCl2 + 0.2054 Co3O4 + 0.2203 CoSO4
LiCoO2,nd_p_002_asused,4.3,0.174035,-0.934695,0,1,0.06345 Li5.44Nd0.02P0.98S4.37Cl1.6O0.03 + 0.9365 LiCoO2 -> 1.282 Li + 0.03046 Co3(PO4)2 + 0.001269 NdPO4 + 0.05076 CoCl2 + 0.5171 CoO + 0.2773 CoSO4
LiCoO2,nd_p_002_asused,4.3,0.312258,-1.13606,0,1,0.1274 Li5.44Nd0.02P0.98S4.37Cl1.6O0.03 + 0.8726 LiCoO2 -> 1.566 Li + 0.06115 Co3(PO4)2 + 0.002548 NdPO4 + 0.03054 Co9S8 + 0.1019 CoCl2 + 0.3124 CoSO4
LiCoO2,nd_p_002_asused,4.3,0.340342,-1.166807,0,1,0.1423 Li5.44Nd0.02P0.98S4.37Cl1.6O0.03 + 0.8577 LiCoO2 -> 1.632 Li + 0.0683 Co3(PO4)2 + 0.002846 NdPO4 + 0.1138 CoCl2 + 0.08283 Co3S4 + 0.2905 CoSO4
LiCoO2,nd_p_002_asused,4.3,0.371935,-1.194436,0,1,0.16 Li5.44Nd0.02P0.98S4.37Cl1.6O0.03 + 0.84 LiCoO2 -> 1.71 Li + 0.07678 Co3(PO4)2 + 0.003199 NdPO4 + 0.128 CoCl2 + 0.2173 CoS2 + 0.2645 CoSO4
LiCoO2,nd_p_002_asused,4.3,0.398633,-1.214567,0,1,0.1757 Li5.44Nd0.02P0.98S4.37Cl1.6O0.03 + 0.8243 LiCoO2 -> 1.78 Li + 0.08433 Co2P2O7 + 0.003514 NdPO4 + 0.1406 CoCl2 + 0.2527 CoS2 + 0.2624 CoSO4
LiCoO2,nd_p_002_asused,4.3,0.401032,-1.216382,0,1,0.1771 Li5.44Nd0.02P0.98S4.37Cl1.6O0.03 + 0.8229 LiCoO2 -> 1.787 Li + 0.08149 Co2P2O7 + 0.003543 Nd(PO3)3 + 0.1417 CoCl2 + 0.256 CoS2 + 0.2622 CoSO4
LiCoO2,nd_p_002_asused,4.3,0.447482,-1.243231,0,1,0.2066 Li5.44Nd0.02P0.98S4.37Cl1.6O0.03 + 0.7934 LiCoO2 -> 1.917 Li + 0.04752 CoP4O11 + 0.004132 Nd(PO3)3 + 0.1653 CoCl2 + 0.3223 CoS2 + 0.2583 CoSO4
LiCoO2,nd_p_002_asused,4.3,0.448234,-1.243632,0,1,0.2071 Li5.44Nd0.02P0.98S4.37Cl1.6O0.03 + 0.7929 LiCoO2 -> 1.92 Li + 0.004142 NdP5O14 + 0.04556 CoP4O11 + 0.1657 CoCl2 + 0.3234 CoS2 + 0.2582 CoSO4
LiCoO2,nd_p_002_asused,4.3,0.554862,-1.300005,0,1,0.2861 Li5.44Nd0.02P0.98S4.37Cl1.6O0.03 + 0.7139 LiCoO2 -> 2.27 Li + 0.005722 NdP5O14 + 0.1144 SCl4 + 0.06295 CoP4O11 + 0.485 CoS2 + 0.166 CoSO4
LiCoO2,nd_p_002_asused,4.3,0.618905,-1.333042,0,1,0.3431 Li5.44Nd0.02P0.98S4.37Cl1.6O0.03 + 0.6569 LiCoO2 -> 2.523 Li + 0.006861 NdP5O14 + 0.1372 SCl4 + 0.07547 CoP4O11 + 0.5815 CoS2 + 0.199 SO2
LiCoO2,nd_p_002_asused,4.3,0.672432,-1.356021,0,1,0.3976 Li5.44Nd0.02P0.98S4.37Cl1.6O0.03 + 0.6024 LiCoO2 -> 2.765 Li + 0.6362 SCl + 0.007952 NdP5O14 + 0.08748 CoP4O11 + 0.5149 CoS2 + 0.07157 SO2
LiCoO2,nd_p_002_asused,4.3,0.699663,-1.35817,1,1,0.4283 Li5.44Nd0.02P0.98S4.37Cl1.6O0.03 + 0.5717 LiCoO2 -> 2.901 Li + 0.6852 SCl + 0.008565 NdP5O14 + 0.09422 CoP4O11 + 0.4775 CoS2 + 0.2313 S
LiCoO2,nd_p_002_asused,4.3,0.807582,-1.337903,0,1,0.5744 Li5.44Nd0.02P0.98S4.37Cl1.6O0.03 + 0.4256 LiCoO2 -> 3.55 Li + 0.919 SCl + 0.01149 NdP5O14 + 0.06433 CoP4O11 + 0.3613 CoS2 + 0.1241 P2S7
LiCoO2,nd_p_002_asused,4.3,0.96136,-1.301804,0,1,0.8889 Li5.44Nd0.02P0.98S4.37Cl1.6O0.03 + 0.1111 LiCoO2 -> 4.947 Li + 1.129 SCl + 0.01778 NdP5O14 + 0.1111 CoS2 + 0.05856 PCl5 + 0.3618 P2S7
LiCoO2,nd_p_002_asused,4.3,0.976452,-1.296788,0,1,0.9302 Li5.44Nd0.02P0.98S4.37Cl1.6O0.03 + 0.06977 LiCoO2 -> 5.13 Li + 1.16 SCl + 0.0186 Nd(PO3)3 + 0.06977 CoS2 + 0.06566 PCl5 + 0.3951 P2S7
LiCoO2,nd_p_002_asused,4.3,1.0,-1.288816,0,1,Li5.44Nd0.02P0.98S4.37Cl1.6O0.03 -> 5.44 Li + 1.212 SCl + 0.003333 Nd(PO3)3 + 0.06765 PCl5 + 0.4512 P2S7 + 0.01667 NdCl3
LiCoO2,nd_p_002_asused,4.5,0.0,-0.244886,0,0,LiCoO2 -> Li + CoO2
LiCoO2,nd_p_002_asused,4.5,0.092495,-0.68484,0,1,0.03173 Li5.44Nd0.02P0.98S4.37Cl1.6O0.03 + 0.9683 LiCoO2 -> 1.141 Li + 0.02539 Co(ClO4)2 + 0.03298 Co23O32 + 0.01523 Co3(PO4)2 + 0.0006346 NdPO4 + 0.1387 CoSO4
LiCoO2,nd_p_002_asused,4.5,0.102997,-0.733768,0,1,0.03561 Li5.44Nd0.02P0.98S4.37Cl1.6O0.03 + 0.9644 LiCoO2 -> 1.158 Li + 0.03294 Co23O32 + 0.01709 Co3(PO4)2 + 0.0007121 NdPO4 + 0.05697 ClO2 + 0.1556 CoSO4
LiCoO2,nd_p_002_asused,4.5,0.134578,-0.88046,0,1,0.04762 Li5.44Nd0.02P0.98S4.37Cl1.6O0.03 + 0.9524 LiCoO2 -> 1.211 Li + 0.02772 Co23O32 + 0.02286 Co3(PO4)2 + 0.0009524 NdPO4 + 0.0381 CoCl2 + 0.2081 CoSO4
LiCoO2,nd_p_002_asused,4.5,0.141718,-0.912218,0,1,0.05042 Li5.44Nd0.02P0.98S4.37Cl1.6O0.03 + 0.9496 LiCoO2 -> 1.224 Li + 0.0242 Co3(PO4)2 + 0.001008 NdPO4 + 0.04033 CoCl2 + 0.2054 Co3O4 + 0.2203 CoSO4
LiCoO2,nd_p_002_asused,4.5,0.174035,-1.013478,0,1,0.06345 Li5.44Nd0.02P0.98S4.37Cl1.6O0.03 + 0.9365 LiCoO2 -> 1.282 Li + 0.03046 Co3(PO4)2 + 0.001269 NdPO4 + 0.5171 CoO + 0.05076 CoCl2 + 0.2773 CoSO4
LiCoO2,nd_p_002_asused,4.5,0.312258,-1.22528,0,1,0.1274 Li5.44Nd0.02P0.98S4.37Cl1.6O0.03 + 0.8726 LiCoO2 -> 1.566 Li + 0.03054 Co9S8 + 0.06115 Co3(PO4)2 + 0.002548 NdPO4 + 0.1019 CoCl2 + 0.3124 CoSO4
LiCoO2,nd_p_002_asused,4.5,0.340342,-1.258244,0,1,0.1423 Li5.44Nd0.02P0.98S4.37Cl1.6O0.03 + 0.8577 LiCoO2 -> 1.632 Li + 0.0683 Co3(PO4)2 + 0.002846 NdPO4 + 0.1138 CoCl2 + 0.08283 Co3S4 + 0.2905 CoSO4
LiCoO2,nd_p_002_asused,4.5,0.371935,-1.288408,0,1,0.16 Li5.44Nd0.02P0.98S4.37Cl1.6O0.03 + 0.84 LiCoO2 -> 1.71 Li + 0.2173 CoS2 + 0.07678 Co3(PO4)2 + 0.003199 NdPO4 + 0.128 CoCl2 + 0.2645 CoSO4
LiCoO2,nd_p_002_asused,4.5,0.398633,-1.310715,0,1,0.1757 Li5.44Nd0.02P0.98S4.37Cl1.6O0.03 + 0.8243 LiCoO2 -> 1.78 Li + 0.08433 Co2P2O7 + 0.2527 CoS2 + 0.003514 NdPO4 + 0.1406 CoCl2 + 0.2624 CoSO4
LiCoO2,nd_p_002_asused,4.5,0.401032,-1.312728,0,1,0.1771 Li5.44Nd0.02P0.98S4.37Cl1.6O0.03 + 0.8229 LiCoO2 -> 1.787 Li + 0.08149 Co2P2O7 + 0.256 CoS2 + 0.003543 Nd(PO3)3 + 0.1417 CoCl2 + 0.2622 CoSO4
LiCoO2,nd_p_002_asused,4.5,0.447482,-1.343447,0,1,0.2066 Li5.44Nd0.02P0.98S4.37Cl1.6O0.03 + 0.7934 LiCoO2 -> 1.917 Li + 0.04752 CoP4O11 + 0.3223 CoS2 + 0.004132 Nd(PO3)3 + 0.1653 CoCl2 + 0.2583 CoSO4
LiCoO2,nd_p_002_asused,4.5,0.448234,-1.343912,0,1,0.2071 Li5.44Nd0.02P0.98S4.37Cl1.6O0.03 + 0.7929 LiCoO2 -> 1.92 Li + 0.04556 CoP4O11 + 0.004142 NdP5O14 + 0.3234 CoS2 + 0.1657 CoCl2 + 0.2582 CoSO4
LiCoO2,nd_p_002_asused,4.5,0.554862,-1.409567,0,1,0.2861 Li5.44Nd0.02P0.98S4.37Cl1.6O0.03 + 0.7139 LiCoO2 -> 2.27 Li + 0.06295 CoP4O11 + 0.005722 NdP5O14 + 0.485 CoS2 + 0.1144 SCl4 + 0.166 CoSO4
LiCoO2,nd_p_002_asused,4.5,0.618905,-1.44846,0,1,0.3431 Li5.44Nd0.02P0.98S4.37Cl1.6O0.03 + 0.6569 LiCoO2 -> 2.523 Li + 0.07547 CoP4O11 + 0.006861 NdP5O14 + 0.5815 CoS2 + 0.199 SO2 + 0.1372 SCl4
LiCoO2,nd_p_002_asused,4.5,0.672432,-1.476506,0,1,0.3976 Li5.44Nd0.02P0.98S4.37Cl1.6O0.03 + 0.6024 LiCoO2 -> 2.765 Li + 0.08748 CoP4O11 + 0.007952 NdP5O14 + 0.6362 SCl + 0.5149 CoS2 + 0.07157 SO2
LiCoO2,nd_p_002_asused,4.5,0.699663,-1.481296,1,1,0.4283 Li5.44Nd0.02P0.98S4.37Cl1.6O0.03 + 0.5717 LiCoO2 -> 2.901 Li + 0.09422 CoP4O11 + 0.008565 NdP5O14 + 0.6852 SCl + 0.4775 CoS2 + 0.2313 S
LiCoO2,nd_p_002_asused,4.5,0.807582,-1.471937,0,1,0.5744 Li5.44Nd0.02P0.98S4.37Cl1.6O0.03 + 0.4256 LiCoO2 -> 3.55 Li + 0.06433 CoP4O11 + 0.01149 NdP5O14 + 0.919 SCl + 0.3613 CoS2 + 0.1241 P2S7
LiCoO2,nd_p_002_asused,4.5,0.96136,-1.452719,0,1,0.8889 Li5.44Nd0.02P0.98S4.37Cl1.6O0.03 + 0.1111 LiCoO2 -> 4.947 Li + 0.01778 NdP5O14 + 1.129 SCl + 0.1111 CoS2 + 0.3618 P2S7 + 0.05856 PCl5
LiCoO2,nd_p_002_asused,4.5,0.976452,-1.449452,0,1,0.9302 Li5.44Nd0.02P0.98S4.37Cl1.6O0.03 + 0.06977 LiCoO2 -> 5.13 Li + 1.16 SCl + 0.06977 CoS2 + 0.0186 Nd(PO3)3 + 0.3951 P2S7 + 0.06566 PCl5
LiCoO2,nd_p_002_asused,4.5,1.0,-1.444245,0,1,Li5.44Nd0.02P0.98S4.37Cl1.6O0.03 -> 5.44 Li + 1.212 SCl + 0.003333 Nd(PO3)3 + 0.4512 P2S7 + 0.06765 PCl5 + 0.01667 NdCl3
LiNiO2,comp1,2.5,0.0,-0.043,0,0,LiNiO2 + Li -> NiO + Li2O
LiNiO2,comp1,2.5,0.119266,-0.552109,0,0,0.96 LiNiO2 + 0.04 Li6PS5Cl -> 0.64 Li + 0.96 NiO + 0.04 Li3PO4 + 0.2 Li2SO4 + 0.04 LiCl
LiNiO2,comp1,2.5,0.213115,-0.629119,0,0,0.9231 LiNiO2 + 0.07692 Li6PS5Cl -> 0.3077 Li + 0.07692 Li3PO4 + 0.3846 Li2SO4 + 0.9231 Ni + 0.07692 LiCl
LiNiO2,comp1,2.5,0.387234,-0.783267,0,0,0.8372 LiNiO2 + 0.1628 Li6PS5Cl -> 0.6512 Li + 0.2791 Ni3S2 + 0.1628 Li3PO4 + 0.2558 Li2SO4 + 0.1628 LiCl
LiNiO2,comp1,2.5,0.429326,-0.79805,0,0,0.812 LiNiO2 + 0.188 Li6PS5Cl -> 0.7519 Li + 0.09023 Ni9S8 + 0.188 Li3PO4 + 0.218 Li2SO4 + 0.188 LiCl
LiNiO2,comp1,2.5,0.498258,-0.819087,1,0,0.766 LiNiO2 + 0.234 Li6PS5Cl -> 0.9362 Li + 0.234 Li3PO4 + 0.2553 Ni3S4 + 0.1489 Li2SO4 + 0.234 LiCl
LiNiO2,comp1,2.5,0.575221,-0.786994,0,0,0.7059 LiNiO2 + 0.2941 Li6PS5Cl -> 1.176 Li + 0.7059 NiS2 + 0.2941 Li3PO4 + 0.05882 Li2SO4 + 0.2941 LiCl
LiNiO2,comp1,2.5,0.619048,-0.751287,0,0,0.6667 LiNiO2 + 0.3333 Li6PS5Cl -> 1.25 Li + 0.6667 NiS2 + 0.3333 Li3PO4 + 0.3333 LiCl + 0.08333 LiS4
LiNiO2,comp1,2.5,1.0,-0.149197,0,0,Li6PS5Cl -> 4.625 Li + 0.5 P2S7 + LiCl + 0.375 LiS4
LiNiO2,comp1,3.0,0.0,-0.0,0,0,LiNiO2 -> LiNiO2
LiNiO2,comp1,3.0,0.119266,-0.653375,0,0,0.96 LiNiO2 + 0.04 Li6PS5Cl -> 0.64 Li + 0.04 Li3PO4 + 0.96 NiO + 0.2 Li2SO4 + 0.04 LiCl
LiNiO2,comp1,3.0,0.121495,-0.657517,0,0,0.9592 LiNiO2 + 0.04082 Li6PS5Cl -> 0.6735 Li + 0.02041 NiCl2 + 0.04082 Li3PO4 + 0.9388 NiO + 0.2041 Li2SO4
LiNiO2,comp1,3.0,0.126214,-0.665862,0,0,0.9574 LiNiO2 + 0.04255 Li6PS5Cl -> 0.7447 Li + 0.04255 LiNiPO4 + 0.02128 NiCl2 + 0.8936 NiO + 0.2128 Li2SO4
LiNiO2,comp1,3.0,0.128713,-0.668967,0,0,0.9565 LiNiO2 + 0.04348 Li6PS5Cl -> 0.7826 Li + 0.02174 Ni3(PO4)2 + 0.02174 NiCl2 + 0.8696 NiO + 0.2174 Li2SO4
LiNiO2,comp1,3.0,0.340824,-0.855742,0,0,0.8627 LiNiO2 + 0.1373 Li6PS5Cl -> 1.098 Li + 0.06863 Ni3(PO4)2 + 0.1961 Ni3S2 + 0.06863 NiCl2 + 0.2941 Li2SO4
LiNiO2,comp1,3.0,0.351351,-0.862551,0,0,0.8571 LiNiO2 + 0.1429 Li6PS5Cl -> Li + 0.1429 LiNiPO4 + 0.2143 Ni3S2 + 0.07143 NiCl2 + 0.2857 Li2SO4
LiNiO2,comp1,3.0,0.381008,-0.881353,0,0,0.8408 LiNiO2 + 0.1592 Li6PS5Cl -> 1.115 Li + 0.06688 Ni9S8 + 0.1592 LiNiPO4 + 0.07962 NiCl2 + 0.2611 Li2SO4
LiNiO2,comp1,3.0,0.426866,-0.908161,0,0,0.8136 LiNiO2 + 0.1864 Li6PS5Cl -> 1.305 Li + 0.1864 LiNiPO4 + 0.09322 NiCl2 + 0.178 Ni3S4 + 0.2203 Li2SO4
LiNiO2,comp1,3.0,0.471947,-0.927455,0,0,0.7843 LiNiO2 + 0.2157 Li6PS5Cl -> 1.078 Li + 0.1078 NiCl2 + 0.2157 Li3PO4 + 0.2255 Ni3S4 + 0.1765 Li2SO4
LiNiO2,comp1,3.0,0.498258,-0.938006,0,0,0.766 LiNiO2 + 0.234 Li6PS5Cl -> 0.9362 Li + 0.234 Li3PO4 + 0.2553 Ni3S4 + 0.1489 Li2SO4 + 0.234 LiCl
LiNiO2,comp1,3.0,0.503521,-0.939423,1,0,0.7622 LiNiO2 + 0.2378 Li6PS5Cl -> 1.13 Li + 0.1189 Li4P2O7 + 0.2541 Ni3S4 + 0.173 Li2SO4 + 0.2378 LiCl
LiNiO2,comp1,3.0,0.580357,-0.92962,0,0,0.7015 LiNiO2 + 0.2985 Li6PS5Cl -> 1.418 Li + 0.7015 NiS2 + 0.1493 Li4P2O7 + 0.08955 Li2SO4 + 0.2985 LiCl
LiNiO2,comp1,3.0,0.65,-0.878431,0,0,0.6364 LiNiO2 + 0.3636 Li6PS5Cl -> 1.591 Li + 0.6364 NiS2 + 0.1818 Li4P2O7 + 0.3636 LiCl + 0.1364 LiS4
LiNiO2,comp1,3.0,0.684211,-0.848128,0,0,0.6 LiNiO2 + 0.4 Li6PS5Cl -> 2 Li + 0.6 NiS2 + 0.4 LiPO3 + 0.4 LiCl + 0.2 LiS4
LiNiO2,comp1,3.0,1.0,-0.479554,0,0,Li6PS5Cl -> 4.625 Li + 0.5 P2S7 + LiCl + 0.375 LiS4
LiNiO2,comp1,3.5,0.0,-0.005137,0,0,LiNiO2 -> 0.5 Li + 0.5 Li(NiO2)2
LiNiO2,comp1,3.5,0.104,-0.672172,0,0,0.9655 LiNiO2 + 0.03448 Li6PS5Cl -> 0.6897 Li + 0.03448 LiClO4 + 0.03448 Li3PO4 + 0.9655 NiO + 0.1724 Li2SO4
LiNiO2,comp1,3.5,0.119266,-0.754641,0,0,0.96 LiNiO2 + 0.04 Li6PS5Cl -> 0.64 Li + 0.04 Li3PO4 + 0.96 NiO + 0.2 Li2SO4 + 0.04 LiCl
LiNiO2,comp1,3.5,0.121495,-0.763968,0,0,0.9592 LiNiO2 + 0.04082 Li6PS5Cl -> 0.6735 Li + 0.02041 NiCl2 + 0.04082 Li3PO4 + 0.9388 NiO + 0.2041 Li2SO4
LiNiO2,comp1,3.5,0.126214,-0.783311,0,0,0.9574 LiNiO2 + 0.04255 Li6PS5Cl -> 0.7447 Li + 0.04255 LiNiPO4 + 0.02128 NiCl2 + 0.8936 NiO + 0.2128 Li2SO4
LiNiO2,comp1,3.5,0.128713,-0.792255,0,0,0.9565 LiNiO2 + 0.04348 Li6PS5Cl -> 0.7826 Li + 0.02174 Ni3(PO4)2 + 0.02174 NiCl2 + 0.8696 NiO + 0.2174 Li2SO4
LiNiO2,comp1,3.5,0.160494,-0.885848,0,0,0.9444 LiNiO2 + 0.05556 Li6PS5Cl -> 1.278 Li + 0.02778 Ni3(PO4)2 + 0.02778 NiCl2 + 0.2778 NiSO4 + 0.5556 NiO
LiNiO2,comp1,3.5,0.288889,-1.024712,0,0,0.8889 LiNiO2 + 0.1111 Li6PS5Cl -> 1.556 Li + 0.1111 Ni3S2 + 0.05556 Ni3(PO4)2 + 0.05556 NiCl2 + 0.3333 NiSO4
LiNiO2,comp1,3.5,0.308229,-1.042113,0,0,0.8794 LiNiO2 + 0.1206 Li6PS5Cl -> 1.603 Li + 0.06028 Ni3(PO4)2 + 0.03546 Ni9S8 + 0.06028 NiCl2 + 0.3191 NiSO4
LiNiO2,comp1,3.5,0.340824,-1.07019,0,0,0.8627 LiNiO2 + 0.1373 Li6PS5Cl -> 1.686 Li + 0.06863 Ni3(PO4)2 + 0.06863 NiCl2 + 0.2941 NiSO4 + 0.09804 Ni3S4
LiNiO2,comp1,3.5,0.361111,-1.081466,0,0,0.8519 LiNiO2 + 0.1481 Li6PS5Cl -> 1.741 Li + 0.07407 Ni2P2O7 + 0.07407 NiCl2 + 0.2963 NiSO4 + 0.1111 Ni3S4
LiNiO2,comp1,3.5,0.383966,-1.092001,0,0,0.8391 LiNiO2 + 0.1609 Li6PS5Cl -> 1.805 Li + 0.08046 Ni(PO3)2 + 0.08046 NiCl2 + 0.2989 NiSO4 + 0.1264 Ni3S4
LiNiO2,comp1,3.5,0.438202,-1.10716,0,0,0.8065 LiNiO2 + 0.1935 Li6PS5Cl -> 1.968 Li + 0.09677 Ni(PO3)2 + 0.3548 NiS2 + 0.09677 NiCl2 + 0.2581 NiSO4
LiNiO2,comp1,3.5,0.511811,-1.127187,0,0,0.7561 LiNiO2 + 0.2439 Li6PS5Cl -> 1.829 Li + 0.122 Ni(PO3)2 + 0.5122 NiS2 + 0.122 NiCl2 + 0.1951 Li2SO4
LiNiO2,comp1,3.5,0.522788,-1.127667,1,0,0.7479 LiNiO2 + 0.2521 Li6PS5Cl -> 1.807 Li + 0.08403 LiNi(PO3)3 + 0.5378 NiS2 + 0.1261 NiCl2 + 0.1849 Li2SO4
LiNiO2,comp1,3.5,0.546218,-1.126709,0,0,0.7297 LiNiO2 + 0.2703 Li6PS5Cl -> 1.757 Li + 0.5946 NiS2 + 0.1351 NiCl2 + 0.1622 Li2SO4 + 0.2703 LiPO3
LiNiO2,comp1,3.5,0.631068,-1.117723,0,0,0.6552 LiNiO2 + 0.3448 Li6PS5Cl -> 2.241 Li + 0.6552 NiS2 + 0.3448 SCl + 0.06897 Li2SO4 + 0.3448 LiPO3
LiNiO2,comp1,3.5,0.684211,-1.099592,0,0,0.6 LiNiO2 + 0.4 Li6PS5Cl -> 2.6 Li + 0.6 NiS2 + 0.4 SCl + 0.4 LiPO3 + 0.4 S
LiNiO2,comp1,3.5,1.0,-0.858114,0,0,Li6PS5Cl -> 6 Li + 0.5 P2S7 + SCl + 0.5 S
LiNiO2,comp1,4.0,0.0,-0.150151,0,0,LiNiO2 -> Li + 0.3333 Ni3O4 + 0.3333 O2
LiNiO2,comp1,4.0,0.075145,-0.605001,0,0,0.9756 LiNiO2 + 0.02439 Li6PS5Cl -> 0.8293 Li + 0.02439 LiNiPO4 + 0.02439 LiClO4 + 0.3171 Ni3O4 + 0.122 Li2SO4
LiNiO2,comp1,4.0,0.107438,-0.804737,0,0,0.9643 LiNiO2 + 0.03571 Li6PS5Cl -> 0.75 Li + 0.03571 LiNiPO4 + 0.03571 LiClO4 + 0.9286 NiO + 0.1786 Li2SO4
LiNiO2,comp1,4.0,0.109244,-0.815546,0,0,0.9636 LiNiO2 + 0.03636 Li6PS5Cl -> 0.7818 Li + 0.01818 Ni3(PO4)2 + 0.03636 LiClO4 + 0.9091 NiO + 0.1818 Li2SO4
LiNiO2,comp1,4.0,0.131313,-0.931319,0,0,0.9556 LiNiO2 + 0.04444 Li6PS5Cl -> 1.178 Li + 0.02222 Ni3(PO4)2 + 0.04444 LiClO4 + 0.6667 NiO + 0.2222 NiSO4
LiNiO2,comp1,4.0,0.160494,-1.084124,0,0,0.9444 LiNiO2 + 0.05556 Li6PS5Cl -> 1.278 Li + 0.02778 Ni3(PO4)2 + 0.5556 NiO + 0.2778 NiSO4 + 0.02778 NiCl2
LiNiO2,comp1,4.0,0.288889,-1.250518,0,0,0.8889 LiNiO2 + 0.1111 Li6PS5Cl -> 1.556 Li + 0.05556 Ni3(PO4)2 + 0.3333 NiSO4 + 0.1111 Ni3S2 + 0.05556 NiCl2
LiNiO2,comp1,4.0,0.308229,-1.272256,0,0,0.8794 LiNiO2 + 0.1206 Li6PS5Cl -> 1.603 Li + 0.06028 Ni3(PO4)2 + 0.3191 NiSO4 + 0.03546 Ni9S8 + 0.06028 NiCl2
LiNiO2,comp1,4.0,0.340824,-1.307759,0,0,0.8627 LiNiO2 + 0.1373 Li6PS5Cl -> 1.686 Li + 0.06863 Ni3(PO4)2 + 0.2941 NiSO4 + 0.09804 Ni3S4 + 0.06863 NiCl2
LiNiO2,comp1,4.0,0.361111,-1.323734,0,0,0.8519 LiNiO2 + 0.1481 Li6PS5Cl -> 1.741 Li + 0.07407 Ni2P2O7 + 0.2963 NiSO4 + 0.1111 Ni3S4 + 0.07407 NiCl2
LiNiO2,comp1,4.0,0.383966,-1.339635,0,0,0.8391 LiNiO2 + 0.1609 Li6PS5Cl -> 1.805 Li + 0.08046 Ni(PO3)2 + 0.2989 NiSO4 + 0.1264 Ni3S4 + 0.08046 NiCl2
LiNiO2,comp1,4.0,0.438202,-1.367844,0,0,0.8065 LiNiO2 + 0.1935 Li6PS5Cl -> 1.968 Li + 0.09677 Ni(PO3)2 + 0.2581 NiSO4 + 0.3548 NiS2 + 0.09677 NiCl2
LiNiO2,comp1,4.0,0.534247,-1.401647,0,0,0.7391 LiNiO2 + 0.2609 Li6PS5Cl -> 2.304 Li + 0.1304 Ni(PO3)2 + 0.3478 SO2 + 0.4783 NiS2 + 0.1304 NiCl2
LiNiO2,comp1,4.0,0.6,-1.415268,1,0,0.6842 LiNiO2 + 0.3158 Li6PS5Cl -> 2.579 Li + 0.1579 Ni(PO3)2 + 0.2105 SO2 + 0.3158 SCl + 0.5263 NiS2
LiNiO2,comp1,4.0,0.624,-1.414032,0,0,0.662 LiNiO2 + 0.338 Li6PS5Cl -> 2.69 Li + 0.08451 NiP4O11 + 0.1972 SO2 + 0.338 SCl + 0.5775 NiS2
LiNiO2,comp1,4.0,0.702703,-1.408317,0,0,0.5789 LiNiO2 + 0.4211 Li6PS5Cl -> 3.105 Li + 0.1053 NiP4O11 + 0.4211 SCl + 0.4737 NiS2 + 0.7368 S
LiNiO2,comp1,4.0,1.0,-1.286686,0,0,Li6PS5Cl -> 6 Li + 0.5 P2S7 + SCl + 0.5 S
LiNiO2,comp1,4.3,0.0,-0.250151,0,0,LiNiO2 -> Li + 0.3333 Ni3O4 + 0.3333 O2
LiNiO2,comp1,4.3,0.104,-0.873779,0,0,0.9655 LiNiO2 + 0.03448 Li6PS5Cl -> 1.172 Li + 0.01724 Ni(ClO4)2 + 0.01724 Ni3(PO4)2 + 0.2414 Ni3O4 + 0.1724 NiSO4
LiNiO2,comp1,4.3,0.134021,-1.059618,0,0,0.9545 LiNiO2 + 0.04545 Li6PS5Cl -> 1.227 Li + 0.02273 Ni(ClO4)2 + 0.02273 Ni3(PO4)2 + 0.6364 NiO + 0.2273 NiSO4
LiNiO2,comp1,4.3,0.160494,-1.203089,0,0,0.9444 LiNiO2 + 0.05556 Li6PS5Cl -> 1.278 Li + 0.02778 Ni3(PO4)2 + 0.02778 NiCl2 + 0.5556 NiO + 0.2778 NiSO4
LiNiO2,comp1,4.3,0.288889,-1.386002,0,0,0.8889 LiNiO2 + 0.1111 Li6PS5Cl -> 1.556 Li + 0.05556 Ni3(PO4)2 + 0.1111 Ni3S2 + 0.05556 NiCl2 + 0.3333 NiSO4
LiNiO2,comp1,4.3,0.308229,-1.410341,0,0,0.8794 LiNiO2 + 0.1206 Li6PS5Cl -> 1.603 Li + 0.06028 Ni3(PO4)2 + 0.03546 Ni9S8 + 0.06028 NiCl2 + 0.3191 NiSO4
LiNiO2,comp1,4.3,0.340824,-1.450301,0,0,0.8627 LiNiO2 + 0.1373 Li6PS5Cl -> 1.686 Li + 0.06863 Ni3(PO4)2 + 0.06863 NiCl2 + 0.09804 Ni3S4 + 0.2941 NiSO4
LiNiO2,comp1,4.3,0.361111,-1.469095,0,0,0.8519 LiNiO2 + 0.1481 Li6PS5Cl -> 1.741 Li + 0.07407 Ni2P2O7 + 0.07407 NiCl2 + 0.1111 Ni3S4 + 0.2963 NiSO4
LiNiO2,comp1,4.3,0.383966,-1.488216,0,0,0.8391 LiNiO2 + 0.1609 Li6PS5Cl -> 1.805 Li + 0.08046 Ni(PO3)2 + 0.08046 NiCl2 + 0.1264 Ni3S4 + 0.2989 NiSO4
LiNiO2,comp1,4.3,0.438202,-1.524254,0,0,0.8065 LiNiO2 + 0.1935 Li6PS5Cl -> 1.968 Li + 0.09677 Ni(PO3)2 + 0.3548 NiS2 + 0.09677 NiCl2 + 0.2581 NiSO4
LiNiO2,comp1,4.3,0.534247,-1.572615,0,0,0.7391 LiNiO2 + 0.2609 Li6PS5Cl -> 2.304 Li + 0.1304 Ni(PO3)2 + 0.4783 NiS2 + 0.3478 SO2 + 0.1304 NiCl2
LiNiO2,comp1,4.3,0.6,-1.596749,0,0,0.6842 LiNiO2 + 0.3158 Li6PS5Cl -> 2.579 Li + 0.1579 Ni(PO3)2 + 0.3158 SCl + 0.5263 NiS2 + 0.2105 SO2
LiNiO2,comp1,4.3,0.624,-1.599469,0,0,0.662 LiNiO2 + 0.338 Li6PS5Cl -> 2.69 Li + 0.08451 NiP4O11 + 0.338 SCl + 0.5775 NiS2 + 0.1972 SO2
LiNiO2,comp1,4.3,0.702703,-1.607193,1,0,0.5789 LiNiO2 + 0.4211 Li6PS5Cl -> 3.105 Li + 0.1053 NiP4O11 + 0.4211 SCl + 0.4737 NiS2 + 0.7368 S
LiNiO2,comp1,4.3,1.0,-1.543829,0,0,Li6PS5Cl -> 6 Li + SCl + 0.5 P2S7 + 0.5 S
LiNiO2,comp1,4.5,0.0,-0.316817,0,0,LiNiO2 -> Li + 0.3333 Ni3O4 + 0.3333 O2
LiNiO2,comp1,4.5,0.104,-0.948504,0,0,0.9655 LiNiO2 + 0.03448 Li6PS5Cl -> 1.172 Li + 0.01724 Ni(ClO4)2 + 0.2414 Ni3O4 + 0.01724 Ni3(PO4)2 + 0.1724 NiSO4
LiNiO2,comp1,4.5,0.134021,-1.136761,0,0,0.9545 LiNiO2 + 0.04545 Li6PS5Cl -> 1.227 Li + 0.02273 Ni(ClO4)2 + 0.02273 Ni3(PO4)2 + 0.6364 NiO + 0.2273 NiSO4
LiNiO2,comp1,4.5,0.160494,-1.2824,0,0,0.9444 LiNiO2 + 0.05556 Li6PS5Cl -> 1.278 Li + 0.02778 Ni3(PO4)2 + 0.02778 NiCl2 + 0.5556 NiO + 0.2778 NiSO4
LiNiO2,comp1,4.5,0.288889,-1.476325,0,0,0.8889 LiNiO2 + 0.1111 Li6PS5Cl -> 1.556 Li + 0.05556 Ni3(PO4)2 + 0.1111 Ni3S2 + 0.05556 NiCl2 + 0.3333 NiSO4
LiNiO2,comp1,4.5,0.308229,-1.502398,0,0,0.8794 LiNiO2 + 0.1206 Li6PS5Cl -> 1.603 Li + 0.06028 Ni3(PO4)2 + 0.03546 Ni9S8 + 0.06028 NiCl2 + 0.3191 NiSO4
LiNiO2,comp1,4.5,0.340824,-1.545328,0,0,0.8627 LiNiO2 + 0.1373 Li6PS5Cl -> 1.686 Li + 0.06863 Ni3(PO4)2 + 0.06863 NiCl2 + 0.09804 Ni3S4 + 0.2941 NiSO4
LiNiO2,comp1,4.5,0.361111,-1.566002,0,0,0.8519 LiNiO2 + 0.1481 Li6PS5Cl -> 1.741 Li + 0.07407 Ni2P2O7 + 0.07407 NiCl2 + 0.1111 Ni3S4 + 0.2963 NiSO4
LiNiO2,comp1,4.5,0.383966,-1.587269,0,0,0.8391 LiNiO2 + 0.1609 Li6PS5Cl -> 1.805 Li + 0.08046 Ni(PO3)2 + 0.08046 NiCl2 + 0.1264 Ni3S4 + 0.2989 NiSO4
LiNiO2,comp1,4.5,0.438202,-1.628528,0,0,0.8065 LiNiO2 + 0.1935 Li6PS5Cl -> 1.968 Li + 0.3548 NiS2 + 0.09677 Ni(PO3)2 + 0.09677 NiCl2 + 0.2581 NiSO4
LiNiO2,comp1,4.5,0.534247,-1.686593,0,0,0.7391 LiNiO2 + 0.2609 Li6PS5Cl -> 2.304 Li + 0.4783 NiS2 + 0.3478 SO2 + 0.1304 Ni(PO3)2 + 0.1304 NiCl2
LiNiO2,comp1,4.5,0.6,-1.717737,0,0,0.6842 LiNiO2 + 0.3158 Li6PS5Cl -> 2.579 Li + 0.3158 SCl + 0.5263 NiS2 + 0.2105 SO2 + 0.1579 Ni(PO3)2
LiNiO2,comp1,4.5,0.624,-1.723094,0,0,0.662 LiNiO2 + 0.338 Li6PS5Cl -> 2.69 Li + 0.08451 NiP4O11 + 0.338 SCl + 0.5775 NiS2 + 0.1972 SO2
LiNiO2,comp1,4.5,0.702703,-1.739778,1,0,0.5789 LiNiO2 + 0.4211 Li6PS5Cl -> 3.105 Li + 0.1053 NiP4O11 + 0.4211 SCl + 0.4737 NiS2 + 0.7368 S
LiNiO2,comp1,4.5,1.0,-1.715257,0,0,Li6PS5Cl -> 6 Li + SCl + 0.5 P2S7 + 0.5 S
LiNiO2,modelc,2.5,0.0,-0.043,0,0,LiNiO2 + Li -> NiO + Li2O
LiNiO2,modelc,2.5,0.125506,-0.545256,0,0,0.9558 LiNiO2 + 0.04425 Li5.4P1S4.4Cl1.6 -> 0.6018 Li + 0.9558 NiO + 0.04425 Li3PO4 + 0.1947 Li2SO4 + 0.0708 LiCl
LiNiO2,modelc,2.5,0.223022,-0.615263,0,0,0.9153 LiNiO2 + 0.08475 Li5.4P1S4.4Cl1.6 -> 0.2373 Li + 0.08475 Li3PO4 + 0.3729 Li2SO4 + 0.9153 Ni + 0.1356 LiCl
LiNiO2,modelc,2.5,0.401109,-0.751962,0,0,0.8223 LiNiO2 + 0.1777 Li5.4P1S4.4Cl1.6 -> 0.4975 Li + 0.2741 Ni3S2 + 0.1777 Li3PO4 + 0.2335 Li2SO4 + 0.2843 LiCl
LiNiO2,modelc,2.5,0.443618,-0.762464,0,0,0.7954 LiNiO2 + 0.2046 Li5.4P1S4.4Cl1.6 -> 0.5728 Li + 0.08838 Ni9S8 + 0.2046 Li3PO4 + 0.1931 Li2SO4 + 0.3273 LiCl
LiNiO2,modelc,2.5,0.512782,-0.776217,1,0,0.7465 LiNiO2 + 0.2535 Li5.4P1S4.4Cl1.6 -> 0.7097 Li + 0.2535 Li3PO4 + 0.2488 Ni3S4 + 0.1198 Li2SO4 + 0.4055 LiCl
LiNiO2,modelc,2.5,0.589354,-0.738297,0,0,0.6835 LiNiO2 + 0.3165 Li5.4P1S4.4Cl1.6 -> 0.8861 Li + 0.6835 NiS2 + 0.3165 Li3PO4 + 0.02532 Li2SO4 + 0.5063 LiCl
LiNiO2,modelc,2.5,0.607843,-0.722216,0,0,0.6667 LiNiO2 + 0.3333 Li5.4P1S4.4Cl1.6 -> 0.9 Li + 0.6667 NiS2 + 0.3333 Li3PO4 + 0.5333 LiCl + 0.03333 LiS4
LiNiO2,modelc,2.5,1.0,-0.095208,0,0,Li5.4P1S4.4Cl1.6 -> 3.575 Li + 0.5 P2S7 + 1.6 LiCl + 0.225 LiS4
LiNiO2,modelc,3.0,0.0,-0.0,0,0,LiNiO2 -> LiNiO2
LiNiO2,modelc,3.0,0.125506,-0.639964,0,0,0.9558 LiNiO2 + 0.04425 Li5.4P1S4.4Cl1.6 -> 0.6018 Li + 0.04425 Li3PO4 + 0.9558 NiO + 0.1947 Li2SO4 + 0.0708 LiCl
LiNiO2,modelc,3.0,0.129707,-0.646901,0,0,0.9541 LiNiO2 + 0.04587 Li5.4P1S4.4Cl1.6 -> 0.6606 Li + 0.0367 NiCl2 + 0.04587 Li3PO4 + 0.9174 NiO + 0.2018 Li2SO4
LiNiO2,modelc,3.0,0.135371,-0.655784,0,0,0.9519 LiNiO2 + 0.04808 Li5.4P1S4.4Cl1.6 -> 0.7404 Li + 0.04808 LiNiPO4 + 0.03846 NiCl2 + 0.8654 NiO + 0.2115 Li2SO4
LiNiO2,modelc,3.0,0.138393,-0.659044,0,0,0.9507 LiNiO2 + 0.04926 Li5.4P1S4.4Cl1.6 -> 0.7833 Li + 0.02463 Ni3(PO4)2 + 0.03941 NiCl2 + 0.8374 NiO + 0.2167 Li2SO4
LiNiO2,modelc,3.0,0.342812,-0.808365,0,0,0.856 LiNiO2 + 0.144 Li5.4P1S4.4Cl1.6 -> 1.066 Li + 0.07202 Ni3(PO4)2 + 0.1749 Ni3S2 + 0.1152 NiCl2 + 0.284 Li2SO4
LiNiO2,modelc,3.0,0.353997,-0.813771,0,0,0.8498 LiNiO2 + 0.1502 Li5.4P1S4.4Cl1.6 -> 0.9614 Li + 0.1502 LiNiPO4 + 0.1931 Ni3S2 + 0.1202 NiCl2 + 0.2747 Li2SO4
LiNiO2,modelc,3.0,0.380835,-0.826329,0,0,0.8344 LiNiO2 + 0.1656 Li5.4P1S4.4Cl1.6 -> 1.06 Li + 0.0596 Ni9S8 + 0.1656 LiNiPO4 + 0.1325 NiCl2 + 0.2517 Li2SO4
LiNiO2,modelc,3.0,0.421508,-0.843127,0,0,0.8097 LiNiO2 + 0.1903 Li5.4P1S4.4Cl1.6 -> 1.218 Li + 0.1903 LiNiPO4 + 0.1522 NiCl2 + 0.1557 Ni3S4 + 0.2145 Li2SO4
LiNiO2,modelc,3.0,0.467764,-0.85471,0,0,0.7791 LiNiO2 + 0.2209 Li5.4P1S4.4Cl1.6 -> 0.9719 Li + 0.1767 NiCl2 + 0.2209 Li3PO4 + 0.2008 Ni3S4 + 0.1687 Li2SO4
LiNiO2,modelc,3.0,0.512782,-0.864621,0,0,0.7465 LiNiO2 + 0.2535 Li5.4P1S4.4Cl1.6 -> 0.7097 Li + 0.2535 Li3PO4 + 0.2488 Ni3S4 + 0.1198 Li2SO4 + 0.4055 LiCl
LiNiO2,modelc,3.0,0.518631,-0.865167,1,0,0.7421 LiNiO2 + 0.2579 Li5.4P1S4.4Cl1.6 -> 0.9156 Li + 0.129 Li4P2O7 + 0.2474 Ni3S4 + 0.1454 Li2SO4 + 0.4127 LiCl
LiNiO2,modelc,3.0,0.59501,-0.843067,0,0,0.6785 LiNiO2 + 0.3215 Li5.4P1S4.4Cl1.6 -> 1.141 Li + 0.6785 NiS2 + 0.1608 Li4P2O7 + 0.05788 Li2SO4 + 0.5145 LiCl
LiNiO2,modelc,3.0,0.639175,-0.804723,0,0,0.6364 LiNiO2 + 0.3636 Li5.4P1S4.4Cl1.6 -> 1.209 Li + 0.6364 NiS2 + 0.1818 Li4P2O7 + 0.5818 LiCl + 0.08182 LiS4
LiNiO2,modelc,3.0,0.673913,-0.769613,0,0,0.6 LiNiO2 + 0.4 Li5.4P1S4.4Cl1.6 -> 1.58 Li + 0.6 NiS2 + 0.4 LiPO3 + 0.64 LiCl + 0.14 LiS4
LiNiO2,modelc,3.0,1.0,-0.350565,0,0,Li5.4P1S4.4Cl1.6 -> 3.575 Li + 0.5 P2S7 + 1.6 LiCl + 0.225 LiS4
LiNiO2,modelc,3.5,0.0,-0.005137,0,0,LiNiO2 -> 0.5 Li + 0.5 Li(NiO2)2
LiNiO2,modelc,3.5,0.099678,-0.606935,0,0,0.9655 LiNiO2 + 0.03448 Li5.4P1S4.4Cl1.6 -> 0.6897 Li + 0.05517 LiClO4 + 0.03448 Li3PO4 + 0.9655 NiO + 0.1517 Li2SO4
LiNiO2,modelc,3.5,0.125506,-0.734671,0,0,0.9558 LiNiO2 + 0.04425 Li5.4P1S4.4Cl1.6 -> 0.6018 Li + 0.04425 Li3PO4 + 0.9558 NiO + 0.1947 Li2SO4 + 0.0708 LiCl
LiNiO2,modelc,3.5,0.129707,-0.750647,0,0,0.9541 LiNiO2 + 0.04587 Li5.4P1S4.4Cl1.6 -> 0.6606 Li + 0.0367 NiCl2 + 0.04587 Li3PO4 + 0.9174 NiO + 0.2018 Li2SO4
LiNiO2,modelc,3.5,0.135371,-0.771748,0,0,0.9519 LiNiO2 + 0.04808 Li5.4P1S4.4Cl1.6 -> 0.7404 Li + 0.04808 LiNiPO4 + 0.03846 NiCl2 + 0.8654 NiO + 0.2115 Li2SO4
LiNiO2,modelc,3.5,0.138393,-0.78154,0,0,0.9507 LiNiO2 + 0.04926 Li5.4P1S4.4Cl1.6 -> 0.7833 Li + 0.02463 Ni3(PO4)2 + 0.03941 NiCl2 + 0.8374 NiO + 0.2167 Li2SO4
LiNiO2,modelc,3.5,0.172222,-0.871203,0,0,0.9371 LiNiO2 + 0.06289 Li5.4P1S4.4Cl1.6 -> 1.277 Li + 0.03145 Ni3(PO4)2 + 0.05031 NiCl2 + 0.2767 NiSO4 + 0.5157 NiO
LiNiO2,modelc,3.5,0.291902,-0.979649,0,0,0.8826 LiNiO2 + 0.1174 Li5.4P1S4.4Cl1.6 -> 1.516 Li + 0.09624 Ni3S2 + 0.05869 Ni3(PO4)2 + 0.0939 NiCl2 + 0.3239 NiSO4
LiNiO2,modelc,3.5,0.308729,-0.991649,0,0,0.8741 LiNiO2 + 0.1259 Li5.4P1S4.4Cl1.6 -> 1.554 Li + 0.06296 Ni3(PO4)2 + 0.03037 Ni9S8 + 0.1007 NiCl2 + 0.3111 NiSO4
LiNiO2,modelc,3.5,0.336434,-1.0102,0,0,0.8594 LiNiO2 + 0.1406 Li5.4P1S4.4Cl1.6 -> 1.618 Li + 0.07028 Ni3(PO4)2 + 0.1124 NiCl2 + 0.2892 NiSO4 + 0.08233 Ni3S4
LiNiO2,modelc,3.5,0.357202,-1.017658,0,0,0.848 LiNiO2 + 0.152 Li5.4P1S4.4Cl1.6 -> 1.669 Li + 0.076 Ni2P2O7 + 0.1216 NiCl2 + 0.291 NiSO4 + 0.09446 Ni3S4
LiNiO2,modelc,3.5,0.380702,-1.023804,0,0,0.8345 LiNiO2 + 0.1655 Li5.4P1S4.4Cl1.6 -> 1.728 Li + 0.08274 Ni(PO3)2 + 0.1324 NiCl2 + 0.2931 NiSO4 + 0.1087 Ni3S4
LiNiO2,modelc,3.5,0.426606,-1.027289,0,0,0.8065 LiNiO2 + 0.1935 Li5.4P1S4.4Cl1.6 -> 1.852 Li + 0.09677 Ni(PO3)2 + 0.2968 NiS2 + 0.1548 NiCl2 + 0.2581 NiSO4
LiNiO2,modelc,3.5,0.5,-1.031636,1,0,0.7561 LiNiO2 + 0.2439 Li5.4P1S4.4Cl1.6 -> 1.683 Li + 0.122 Ni(PO3)2 + 0.439 NiS2 + 0.1951 NiCl2 + 0.1951 Li2SO4
LiNiO2,modelc,3.5,0.510989,-1.029712,0,0,0.7479 LiNiO2 + 0.2521 Li5.4P1S4.4Cl1.6 -> 1.655 Li + 0.08403 LiNi(PO3)3 + 0.4622 NiS2 + 0.2017 NiCl2 + 0.1849 Li2SO4
LiNiO2,modelc,3.5,0.534483,-1.023564,0,0,0.7297 LiNiO2 + 0.2703 Li5.4P1S4.4Cl1.6 -> 1.595 Li + 0.5135 NiS2 + 0.2162 NiCl2 + 0.1622 Li2SO4 + 0.2703 LiPO3
LiNiO2,modelc,3.5,0.673913,-0.97639,0,0,0.6 LiNiO2 + 0.4 Li5.4P1S4.4Cl1.6 -> 2.36 Li + 0.58 NiS2 + 0.6 SCl + 0.02 NiCl2 + 0.4 LiPO3
LiNiO2,modelc,3.5,0.679452,-0.972768,0,0,0.5939 LiNiO2 + 0.4061 Li5.4P1S4.4Cl1.6 -> 2.391 Li + 0.5939 NiS2 + 0.01015 PCl5 + 0.599 SCl + 0.3959 LiPO3
LiNiO2,modelc,3.5,1.0,-0.653492,0,0,Li5.4P1S4.4Cl1.6 -> 5.4 Li + 0.4588 P2S7 + 0.08235 PCl5 + 1.188 SCl
LiNiO2,modelc,4.0,0.0,-0.150151,0,0,LiNiO2 -> Li + 0.3333 Ni3O4 + 0.3333 O2
LiNiO2,modelc,4.0,0.071926,-0.558256,0,0,0.9756 LiNiO2 + 0.02439 Li5.4P1S4.4Cl1.6 -> 0.8293 Li + 0.02439 LiNiPO4 + 0.03902 LiClO4 + 0.3171 Ni3O4 + 0.1073 Li2SO4
LiNiO2,modelc,4.0,0.10299,-0.737276,0,0,0.9643 LiNiO2 + 0.03571 Li5.4P1S4.4Cl1.6 -> 0.75 Li + 0.03571 LiNiPO4 + 0.05714 LiClO4 + 0.9286 NiO + 0.1571 Li2SO4
LiNiO2,modelc,4.0,0.10473,-0.746915,0,0,0.9636 LiNiO2 + 0.03636 Li5.4P1S4.4Cl1.6 -> 0.7818 Li + 0.01818 Ni3(PO4)2 + 0.05818 LiClO4 + 0.9091 NiO + 0.16 Li2SO4
LiNiO2,modelc,4.0,0.123016,-0.833934,0,0,0.9567 LiNiO2 + 0.04329 Li5.4P1S4.4Cl1.6 -> 1.121 Li + 0.02165 Ni3(PO4)2 + 0.06926 LiClO4 + 0.7013 NiO + 0.1905 NiSO4
LiNiO2,modelc,4.0,0.172222,-1.067528,0,0,0.9371 LiNiO2 + 0.06289 Li5.4P1S4.4Cl1.6 -> 1.277 Li + 0.03145 Ni3(PO4)2 + 0.5157 NiO + 0.2767 NiSO4 + 0.05031 NiCl2
LiNiO2,modelc,4.0,0.291902,-1.198188,0,0,0.8826 LiNiO2 + 0.1174 Li5.4P1S4.4Cl1.6 -> 1.516 Li + 0.05869 Ni3(PO4)2 + 0.3239 NiSO4 + 0.09624 Ni3S2 + 0.0939 NiCl2
LiNiO2,modelc,4.0,0.308729,-1.213425,0,0,0.8741 LiNiO2 + 0.1259 Li5.4P1S4.4Cl1.6 -> 1.554 Li + 0.06296 Ni3(PO4)2 + 0.3111 NiSO4 + 0.03037 Ni9S8 + 0.1007 NiCl2
LiNiO2,modelc,4.0,0.336434,-1.23737,0,0,0.8594 LiNiO2 + 0.1406 Li5.4P1S4.4Cl1.6 -> 1.618 Li + 0.07028 Ni3(PO4)2 + 0.2892 NiSO4 + 0.08233 Ni3S4 + 0.1124 NiCl2
LiNiO2,modelc,4.0,0.357202,-1.248925,0,0,0.848 LiNiO2 + 0.152 Li5.4P1S4.4Cl1.6 -> 1.669 Li + 0.076 Ni2P2O7 + 0.291 NiSO4 + 0.09446 Ni3S4 + 0.1216 NiCl2
LiNiO2,modelc,4.0,0.380702,-1.259762,0,0,0.8345 LiNiO2 + 0.1655 Li5.4P1S4.4Cl1.6 -> 1.728 Li + 0.08274 Ni(PO3)2 + 0.2931 NiSO4 + 0.1087 Ni3S4 + 0.1324 NiCl2
LiNiO2,modelc,4.0,0.426606,-1.272588,0,0,0.8065 LiNiO2 + 0.1935 Li5.4P1S4.4Cl1.6 -> 1.852 Li + 0.09677 Ni(PO3)2 + 0.2581 NiSO4 + 0.2968 NiS2 + 0.1548 NiCl2
LiNiO2,modelc,4.0,0.522472,-1.281809,1,0,0.7391 LiNiO2 + 0.2609 Li5.4P1S4.4Cl1.6 -> 2.148 Li + 0.1304 Ni(PO3)2 + 0.3478 SO2 + 0.4 NiS2 + 0.2087 NiCl2
LiNiO2,modelc,4.0,0.636986,-1.274551,0,0,0.6386 LiNiO2 + 0.3614 Li5.4P1S4.4Cl1.6 -> 2.59 Li + 0.1807 Ni(PO3)2 + 0.09639 SO2 + 0.5783 SCl + 0.4578 NiS2
LiNiO2,modelc,4.0,0.665474,-1.265655,0,0,0.6091 LiNiO2 + 0.3909 Li5.4P1S4.4Cl1.6 -> 2.72 Li + 0.09772 NiP4O11 + 0.07166 SO2 + 0.6254 SCl + 0.5114 NiS2
LiNiO2,modelc,4.0,0.692737,-1.256524,0,0,0.5789 LiNiO2 + 0.4211 Li5.4P1S4.4Cl1.6 -> 2.853 Li + 0.1053 NiP4O11 + 0.6737 SCl + 0.4737 NiS2 + 0.2316 S
LiNiO2,modelc,4.0,0.801034,-1.186692,0,0,0.435 LiNiO2 + 0.565 Li5.4P1S4.4Cl1.6 -> 3.486 Li + 0.0791 NiP4O11 + 0.1243 P2S7 + 0.904 SCl + 0.3559 NiS2
LiNiO2,modelc,4.0,1.0,-1.039207,0,0,Li5.4P1S4.4Cl1.6 -> 5.4 Li + 0.4588 P2S7 + 1.188 SCl + 0.08235 PCl5
LiNiO2,modelc,4.3,0.0,-0.250151,0,0,LiNiO2 -> Li + 0.3333 Ni3O4 + 0.3333 O2
LiNiO2,modelc,4.3,0.097792,-0.796133,0,0,0.9662 LiNiO2 + 0.03378 Li5.4P1S4.4Cl1.6 -> 1.149 Li + 0.02703 Ni(ClO4)2 + 0.01689 Ni3(PO4)2 + 0.2466 Ni3O4 + 0.1486 NiSO4
LiNiO2,modelc,4.3,0.127049,-0.963493,0,0,0.9552 LiNiO2 + 0.04484 Li5.4P1S4.4Cl1.6 -> 1.197 Li + 0.03587 Ni(ClO4)2 + 0.02242 Ni3(PO4)2 + 0.6547 NiO + 0.1973 NiSO4
LiNiO2,modelc,4.3,0.172222,-1.185323,0,0,0.9371 LiNiO2 + 0.06289 Li5.4P1S4.4Cl1.6 -> 1.277 Li + 0.03145 Ni3(PO4)2 + 0.05031 NiCl2 + 0.5157 NiO + 0.2767 NiSO4
LiNiO2,modelc,4.3,0.291902,-1.329311,0,0,0.8826 LiNiO2 + 0.1174 Li5.4P1S4.4Cl1.6 -> 1.516 Li + 0.05869 Ni3(PO4)2 + 0.09624 Ni3S2 + 0.0939 NiCl2 + 0.3239 NiSO4
LiNiO2,modelc,4.3,0.308729,-1.34649,0,0,0.8741 LiNiO2 + 0.1259 Li5.4P1S4.4Cl1.6 -> 1.554 Li + 0.06296 Ni3(PO4)2 + 0.03037 Ni9S8 + 0.1007 NiCl2 + 0.3111 NiSO4
LiNiO2,modelc,4.3,0.336434,-1.373672,0,0,0.8594 LiNiO2 + 0.1406 Li5.4P1S4.4Cl1.6 -> 1.618 Li + 0.07028 Ni3(PO4)2 + 0.1124 NiCl2 + 0.08233 Ni3S4 + 0.2892 NiSO4
LiNiO2,modelc,4.3,0.357202,-1.387685,0,0,0.848 LiNiO2 + 0.152 Li5.4P1S4.4Cl1.6 -> 1.669 Li + 0.076 Ni2P2O7 + 0.1216 NiCl2 + 0.09446 Ni3S4 + 0.291 NiSO4
LiNiO2,modelc,4.3,0.380702,-1.401337,0,0,0.8345 LiNiO2 + 0.1655 Li5.4P1S4.4Cl1.6 -> 1.728 Li + 0.08274 Ni(PO3)2 + 0.1324 NiCl2 + 0.1087 Ni3S4 + 0.2931 NiSO4
LiNiO2,modelc,4.3,0.426606,-1.419767,0,0,0.8065 LiNiO2 + 0.1935 Li5.4P1S4.4Cl1.6 -> 1.852 Li + 0.09677 Ni(PO3)2 + 0.2968 NiS2 + 0.1548 NiCl2 + 0.2581 NiSO4
LiNiO2,modelc,4.3,0.522472,-1.441164,0,0,0.7391 LiNiO2 + 0.2609 Li5.4P1S4.4Cl1.6 -> 2.148 Li + 0.1304 Ni(PO3)2 + 0.4 NiS2 + 0.3478 SO2 + 0.2087 NiCl2
LiNiO2,modelc,4.3,0.636986,-1.449347,1,0,0.6386 LiNiO2 + 0.3614 Li5.4P1S4.4Cl1.6 -> 2.59 Li + 0.1807 Ni(PO3)2 + 0.5783 SCl + 0.4578 NiS2 + 0.09639 SO2
LiNiO2,modelc,4.3,0.665474,-1.444456,0,0,0.6091 LiNiO2 + 0.3909 Li5.4P1S4.4Cl1.6 -> 2.72 Li + 0.09772 NiP4O11 + 0.6254 SCl + 0.5114 NiS2 + 0.07166 SO2
LiNiO2,modelc,4.3,0.692737,-1.43922,0,0,0.5789 LiNiO2 + 0.4211 Li5.4P1S4.4Cl1.6 -> 2.853 Li + 0.1053 NiP4O11 + 0.6737 SCl + 0.4737 NiS2 + 0.2316 S
LiNiO2,modelc,4.3,0.801034,-1.385511,0,0,0.435 LiNiO2 + 0.565 Li5.4P1S4.4Cl1.6 -> 3.486 Li + 0.0791 NiP4O11 + 0.904 SCl + 0.3559 NiS2 + 0.1243 P2S7
LiNiO2,modelc,4.3,1.0,-1.270635,0,0,Li5.4P1S4.4Cl1.6 -> 5.4 Li + 1.188 SCl + 0.08235 PCl5 + 0.4588 P2S7
LiNiO2,modelc,4.5,0.0,-0.316817,0,0,LiNiO2 -> Li + 0.3333 Ni3O4 + 0.3333 O2
LiNiO2,modelc,4.5,0.097792,-0.869409,0,0,0.9662 LiNiO2 + 0.03378 Li5.4P1S4.4Cl1.6 -> 1.149 Li + 0.02703 Ni(ClO4)2 + 0.2466 Ni3O4 + 0.01689 Ni3(PO4)2 + 0.1486 NiSO4
LiNiO2,modelc,4.5,0.127049,-1.038811,0,0,0.9552 LiNiO2 + 0.04484 Li5.4P1S4.4Cl1.6 -> 1.197 Li + 0.03587 Ni(ClO4)2 + 0.02242 Ni3(PO4)2 + 0.6547 NiO + 0.1973 NiSO4
LiNiO2,modelc,4.5,0.172222,-1.263853,0,0,0.9371 LiNiO2 + 0.06289 Li5.4P1S4.4Cl1.6 -> 1.277 Li + 0.03145 Ni3(PO4)2 + 0.05031 NiCl2 + 0.5157 NiO + 0.2767 NiSO4
LiNiO2,modelc,4.5,0.291902,-1.416726,0,0,0.8826 LiNiO2 + 0.1174 Li5.4P1S4.4Cl1.6 -> 1.516 Li + 0.05869 Ni3(PO4)2 + 0.09624 Ni3S2 + 0.0939 NiCl2 + 0.3239 NiSO4
LiNiO2,modelc,4.5,0.308729,-1.435201,0,0,0.8741 LiNiO2 + 0.1259 Li5.4P1S4.4Cl1.6 -> 1.554 Li + 0.06296 Ni3(PO4)2 + 0.03037 Ni9S8 + 0.1007 NiCl2 + 0.3111 NiSO4
LiNiO2,modelc,4.5,0.336434,-1.46454,0,0,0.8594 LiNiO2 + 0.1406 Li5.4P1S4.4Cl1.6 -> 1.618 Li + 0.07028 Ni3(PO4)2 + 0.1124 NiCl2 + 0.08233 Ni3S4 + 0.2892 NiSO4
LiNiO2,modelc,4.5,0.357202,-1.480192,0,0,0.848 LiNiO2 + 0.152 Li5.4P1S4.4Cl1.6 -> 1.669 Li + 0.076 Ni2P2O7 + 0.1216 NiCl2 + 0.09446 Ni3S4 + 0.291 NiSO4
LiNiO2,modelc,4.5,0.380702,-1.495721,0,0,0.8345 LiNiO2 + 0.1655 Li5.4P1S4.4Cl1.6 -> 1.728 Li + 0.08274 Ni(PO3)2 + 0.1324 NiCl2 + 0.1087 Ni3S4 + 0.2931 NiSO4
LiNiO2,modelc,4.5,0.426606,-1.517887,0,0,0.8065 LiNiO2 + 0.1935 Li5.4P1S4.4Cl1.6 -> 1.852 Li + 0.2968 NiS2 + 0.09677 Ni(PO3)2 + 0.1548 NiCl2 + 0.2581 NiSO4
LiNiO2,modelc,4.5,0.522472,-1.547401,0,0,0.7391 LiNiO2 + 0.2609 Li5.4P1S4.4Cl1.6 -> 2.148 Li + 0.4 NiS2 + 0.3478 SO2 + 0.1304 Ni(PO3)2 + 0.2087 NiCl2
LiNiO2,modelc,4.5,0.636986,-1.565878,1,0,0.6386 LiNiO2 + 0.3614 Li5.4P1S4.4Cl1.6 -> 2.59 Li + 0.5783 SCl + 0.4578 NiS2 + 0.09639 SO2 + 0.1807 Ni(PO3)2
LiNiO2,modelc,4.5,0.665474,-1.563657,0,0,0.6091 LiNiO2 + 0.3909 Li5.4P1S4.4Cl1.6 -> 2.72 Li + 0.09772 NiP4O11 + 0.6254 SCl + 0.5114 NiS2 + 0.07166 SO2
LiNiO2,modelc,4.5,0.692737,-1.561018,0,0,0.5789 LiNiO2 + 0.4211 Li5.4P1S4.4Cl1.6 -> 2.853 Li + 0.1053 NiP4O11 + 0.6737 SCl + 0.4737 NiS2 + 0.2316 S
LiNiO2,modelc,4.5,0.801034,-1.518057,0,0,0.435 LiNiO2 + 0.565 Li5.4P1S4.4Cl1.6 -> 3.486 Li + 0.0791 NiP4O11 + 0.904 SCl + 0.3559 NiS2 + 0.1243 P2S7
LiNiO2,modelc,4.5,1.0,-1.424921,0,0,Li5.4P1S4.4Cl1.6 -> 5.4 Li + 1.188 SCl + 0.4588 P2S7 + 0.08235 PCl5
LiNiO2,lpsocl,2.5,0.0,-0.043,0,0,LiNiO2 + Li -> NiO + Li2O
LiNiO2,lpsocl,2.5,0.130802,-0.542745,0,0,0.0463 Li5.4P1S4.2Cl1.6O0.2 + 0.9537 LiNiO2 -> 0.6019 Li + 0.9537 NiO + 0.0463 Li3PO4 + 0.1944 Li2SO4 + 0.07407 LiCl
LiNiO2,lpsocl,2.5,0.231343,-0.610105,0,0,0.0885 Li5.4P1S4.2Cl1.6O0.2 + 0.9115 LiNiO2 -> 0.2389 Li + 0.0885 Li3PO4 + 0.3717 Li2SO4 + 0.9115 Ni + 0.1416 LiCl
LiNiO2,lpsocl,2.5,0.412548,-0.740116,0,0,0.1847 Li5.4P1S4.2Cl1.6O0.2 + 0.8153 LiNiO2 -> 0.4987 Li + 0.2718 Ni3S2 + 0.1847 Li3PO4 + 0.2322 Li2SO4 + 0.2955 LiCl
LiNiO2,lpsocl,2.5,0.455347,-0.749046,0,0,0.2124 Li5.4P1S4.2Cl1.6O0.2 + 0.7876 LiNiO2 -> 0.5735 Li + 0.08751 Ni9S8 + 0.2124 Li3PO4 + 0.192 Li2SO4 + 0.3398 LiCl
LiNiO2,lpsocl,2.5,0.524615,-0.760165,1,0,0.2625 Li5.4P1S4.2Cl1.6O0.2 + 0.7375 LiNiO2 -> 0.7088 Li + 0.2625 Li3PO4 + 0.2458 Ni3S4 + 0.1193 Li2SO4 + 0.42 LiCl
LiNiO2,lpsocl,2.5,0.600775,-0.72044,0,0,0.3268 Li5.4P1S4.2Cl1.6O0.2 + 0.6732 LiNiO2 -> 0.8824 Li + 0.6732 NiS2 + 0.3268 Li3PO4 + 0.02614 Li2SO4 + 0.5229 LiCl
LiNiO2,lpsocl,2.5,0.62,-0.703304,0,0,0.3448 Li5.4P1S4.2Cl1.6O0.2 + 0.6552 LiNiO2 -> 0.8966 Li + 0.6552 NiS2 + 0.3448 Li3PO4 + 0.5517 LiCl + 0.03448 LiS4
LiNiO2,lpsocl,2.5,1.0,-0.092247,0,0,Li5.4P1S4.2Cl1.6O0.2 -> 3.431 Li + 0.475 P2S7 + 0.05 Li3PO4 + 1.6 LiCl + 0.2187 LiS4
LiNiO2,lpsocl,3.0,0.0,-0.0,0,0,LiNiO2 -> LiNiO2
LiNiO2,lpsocl,3.0,0.130802,-0.637222,0,0,0.0463 Li5.4P1S4.2Cl1.6O0.2 + 0.9537 LiNiO2 -> 0.6019 Li + 0.0463 Li3PO4 + 0.9537 NiO + 0.1944 Li2SO4 + 0.07407 LiCl
LiNiO2,lpsocl,3.0,0.135371,-0.644372,0,0,0.04808 Li5.4P1S4.2Cl1.6O0.2 + 0.9519 LiNiO2 -> 0.6635 Li + 0.03846 NiCl2 + 0.04808 Li3PO4 + 0.9135 NiO + 0.2019 Li2SO4
LiNiO2,lpsocl,3.0,0.141553,-0.653557,0,0,0.05051 Li5.4P1S4.2Cl1.6O0.2 + 0.9495 LiNiO2 -> 0.7475 Li + 0.05051 LiNiPO4 + 0.0404 NiCl2 + 0.8586 NiO + 0.2121 Li2SO4
LiNiO2,lpsocl,3.0,0.14486,-0.656921,0,0,0.05181 Li5.4P1S4.2Cl1.6O0.2 + 0.9482 LiNiO2 -> 0.7927 Li + 0.02591 Ni3(PO4)2 + 0.04145 NiCl2 + 0.829 NiO + 0.2176 Li2SO4
LiNiO2,lpsocl,3.0,0.351133,-0.797882,0,0,0.1486 Li5.4P1S4.2Cl1.6O0.2 + 0.8514 LiNiO2 -> 1.085 Li + 0.07431 Ni3(PO4)2 + 0.1699 Ni3S2 + 0.1189 NiCl2 + 0.2845 Li2SO4
LiNiO2,lpsocl,3.0,0.362876,-0.803052,0,0,0.1552 Li5.4P1S4.2Cl1.6O0.2 + 0.8448 LiNiO2 -> 0.9778 Li + 0.1552 LiNiPO4 + 0.1885 Ni3S2 + 0.1242 NiCl2 + 0.2749 Li2SO4
LiNiO2,lpsocl,3.0,0.389447,-0.814341,0,0,0.1706 Li5.4P1S4.2Cl1.6O0.2 + 0.8294 LiNiO2 -> 1.075 Li + 0.05802 Ni9S8 + 0.1706 LiNiPO4 + 0.1365 NiCl2 + 0.2526 Li2SO4
LiNiO2,lpsocl,3.0,0.429471,-0.829163,0,0,0.1954 Li5.4P1S4.2Cl1.6O0.2 + 0.8046 LiNiO2 -> 1.231 Li + 0.1954 LiNiPO4 + 0.1563 NiCl2 + 0.151 Ni3S4 + 0.2167 Li2SO4
LiNiO2,lpsocl,3.0,0.477591,-0.839247,0,0,0.2277 Li5.4P1S4.2Cl1.6O0.2 + 0.7723 LiNiO2 -> 0.9793 Li + 0.1822 NiCl2 + 0.2277 Li3PO4 + 0.1967 Ni3S4 + 0.1698 Li2SO4
LiNiO2,lpsocl,3.0,0.524615,-0.847672,0,0,0.2625 Li5.4P1S4.2Cl1.6O0.2 + 0.7375 LiNiO2 -> 0.7088 Li + 0.2625 Li3PO4 + 0.2458 Ni3S4 + 0.1193 Li2SO4 + 0.42 LiCl
LiNiO2,lpsocl,3.0,0.530739,-0.848005,1,0,0.2673 Li5.4P1S4.2Cl1.6O0.2 + 0.7327 LiNiO2 -> 0.9222 Li + 0.1337 Li4P2O7 + 0.2442 Ni3S4 + 0.1458 Li2SO4 + 0.4277 LiCl
LiNiO2,lpsocl,3.0,0.606654,-0.82358,0,0,0.3322 Li5.4P1S4.2Cl1.6O0.2 + 0.6678 LiNiO2 -> 1.146 Li + 0.6678 NiS2 + 0.1661 Li4P2O7 + 0.0598 Li2SO4 + 0.5316 LiCl
LiNiO2,lpsocl,3.0,0.652632,-0.782511,0,0,0.3774 Li5.4P1S4.2Cl1.6O0.2 + 0.6226 LiNiO2 -> 1.217 Li + 0.6226 NiS2 + 0.1887 Li4P2O7 + 0.6038 LiCl + 0.08491 LiS4
LiNiO2,lpsocl,3.0,0.688889,-0.744974,0,0,0.4167 Li5.4P1S4.2Cl1.6O0.2 + 0.5833 LiNiO2 -> 1.604 Li + 0.5833 NiS2 + 0.4167 LiPO3 + 0.6667 LiCl + 0.1458 LiS4
LiNiO2,lpsocl,3.0,1.0,-0.339079,0,0,Li5.4P1S4.2Cl1.6O0.2 -> 3.5 Li + 0.4667 P2S7 + 0.06667 LiPO3 + 1.6 LiCl + 0.2333 LiS4
LiNiO2,lpsocl,3.5,0.0,-0.005137,0,0,LiNiO2 -> 0.5 Li + 0.5 Li(NiO2)2
LiNiO2,lpsocl,3.5,0.10299,-0.600256,0,0,0.03571 Li5.4P1S4.2Cl1.6O0.2 + 0.9643 LiNiO2 -> 0.6929 Li + 0.05714 LiClO4 + 0.03571 Li3PO4 + 0.9643 NiO + 0.15 Li2SO4
LiNiO2,lpsocl,3.5,0.130802,-0.731698,0,0,0.0463 Li5.4P1S4.2Cl1.6O0.2 + 0.9537 LiNiO2 -> 0.6019 Li + 0.0463 Li3PO4 + 0.9537 NiO + 0.1944 Li2SO4 + 0.07407 LiCl
LiNiO2,lpsocl,3.5,0.135371,-0.748288,0,0,0.04808 Li5.4P1S4.2Cl1.6O0.2 + 0.9519 LiNiO2 -> 0.6635 Li + 0.03846 NiCl2 + 0.04808 Li3PO4 + 0.9135 NiO + 0.2019 Li2SO4
LiNiO2,lpsocl,3.5,0.141553,-0.770276,0,0,0.05051 Li5.4P1S4.2Cl1.6O0.2 + 0.9495 LiNiO2 -> 0.7475 Li + 0.05051 LiNiPO4 + 0.0404 NiCl2 + 0.8586 NiO + 0.2121 Li2SO4
LiNiO2,lpsocl,3.5,0.14486,-0.780507,0,0,0.05181 Li5.4P1S4.2Cl1.6O0.2 + 0.9482 LiNiO2 -> 0.7927 Li + 0.02591 Ni3(PO4)2 + 0.04145 NiCl2 + 0.829 NiO + 0.2176 Li2SO4
LiNiO2,lpsocl,3.5,0.180233,-0.869997,0,0,0.06623 Li5.4P1S4.2Cl1.6O0.2 + 0.9338 LiNiO2 -> 1.291 Li + 0.03311 Ni3(PO4)2 + 0.05298 NiCl2 + 0.2781 NiSO4 + 0.5033 NiO
LiNiO2,lpsocl,3.5,0.299228,-0.972372,0,0,0.1211 Li5.4P1S4.2Cl1.6O0.2 + 0.8789 LiNiO2 -> 1.533 Li + 0.09201 Ni3S2 + 0.06053 Ni3(PO4)2 + 0.09685 NiCl2 + 0.3245 NiSO4
LiNiO2,lpsocl,3.5,0.315569,-0.98333,0,0,0.1295 Li5.4P1S4.2Cl1.6O0.2 + 0.8705 LiNiO2 -> 1.57 Li + 0.06474 Ni3(PO4)2 + 0.02894 Ni9S8 + 0.1036 NiCl2 + 0.3123 NiSO4
LiNiO2,lpsocl,3.5,0.342271,-1.00008,0,0,0.1437 Li5.4P1S4.2Cl1.6O0.2 + 0.8563 LiNiO2 -> 1.632 Li + 0.07187 Ni3(PO4)2 + 0.115 NiCl2 + 0.2916 NiSO4 + 0.07803 Ni3S4
LiNiO2,lpsocl,3.5,0.363789,-1.00699,0,0,0.1557 Li5.4P1S4.2Cl1.6O0.2 + 0.8443 LiNiO2 -> 1.685 Li + 0.07786 Ni2P2O7 + 0.1246 NiCl2 + 0.2937 NiSO4 + 0.0901 Ni3S4
LiNiO2,lpsocl,3.5,0.388193,-1.012478,0,0,0.1699 Li5.4P1S4.2Cl1.6O0.2 + 0.8301 LiNiO2 -> 1.748 Li + 0.08495 Ni(PO3)2 + 0.1359 NiCl2 + 0.2961 NiSO4 + 0.1044 Ni3S4
LiNiO2,lpsocl,3.5,0.432558,-1.014338,0,0,0.1974 Li5.4P1S4.2Cl1.6O0.2 + 0.8026 LiNiO2 -> 1.868 Li + 0.09868 Ni(PO3)2 + 0.2829 NiS2 + 0.1579 NiCl2 + 0.2632 NiSO4
LiNiO2,lpsocl,3.5,0.508197,-1.016176,1,0,0.25 Li5.4P1S4.2Cl1.6O0.2 + 0.75 LiNiO2 -> 1.7 Li + 0.125 Ni(PO3)2 + 0.425 NiS2 + 0.2 NiCl2 + 0.2 Li2SO4
LiNiO2,lpsocl,3.5,0.519553,-1.013819,0,0,0.2586 Li5.4P1S4.2Cl1.6O0.2 + 0.7414 LiNiO2 -> 1.672 Li + 0.08621 LiNi(PO3)3 + 0.4483 NiS2 + 0.2069 NiCl2 + 0.1897 Li2SO4
LiNiO2,lpsocl,3.5,0.54386,-1.006688,0,0,0.2778 Li5.4P1S4.2Cl1.6O0.2 + 0.7222 LiNiO2 -> 1.611 Li + 0.5 NiS2 + 0.2222 NiCl2 + 0.1667 Li2SO4 + 0.2778 LiPO3
LiNiO2,lpsocl,3.5,0.688889,-0.952825,0,0,0.4167 Li5.4P1S4.2Cl1.6O0.2 + 0.5833 LiNiO2 -> 2.417 Li + 0.5625 NiS2 + 0.625 SCl + 0.02083 NiCl2 + 0.4167 LiPO3
LiNiO2,lpsocl,3.5,0.694678,-0.948866,0,0,0.4233 Li5.4P1S4.2Cl1.6O0.2 + 0.5767 LiNiO2 -> 2.45 Li + 0.5767 NiS2 + 0.01058 PCl5 + 0.6243 SCl + 0.4127 LiPO3
LiNiO2,lpsocl,3.5,1.0,-0.637464,0,0,Li5.4P1S4.2Cl1.6O0.2 -> 5.333 Li + 0.4275 P2S7 + 0.07843 PCl5 + 1.208 SCl + 0.06667 LiPO3
LiNiO2,lpsocl,4.0,0.0,-0.150151,0,0,LiNiO2 -> Li + 0.3333 Ni3O4 + 0.3333 O2
LiNiO2,lpsocl,4.0,0.074519,-0.554763,0,0,0.02532 Li5.4P1S4.2Cl1.6O0.2 + 0.9747 LiNiO2 -> 0.8329 Li + 0.02532 LiNiPO4 + 0.04051 LiClO4 + 0.3165 Ni3O4 + 0.1063 Li2SO4
LiNiO2,lpsocl,4.0,0.106529,-0.731432,0,0,0.03704 Li5.4P1S4.2Cl1.6O0.2 + 0.963 LiNiO2 -> 0.7556 Li + 0.03704 LiNiPO4 + 0.05926 LiClO4 + 0.9259 NiO + 0.1556 Li2SO4
LiNiO2,lpsocl,4.0,0.108392,-0.741313,0,0,0.03774 Li5.4P1S4.2Cl1.6O0.2 + 0.9623 LiNiO2 -> 0.7887 Li + 0.01887 Ni3(PO4)2 + 0.06038 LiClO4 + 0.9057 NiO + 0.1585 Li2SO4
LiNiO2,lpsocl,4.0,0.127049,-0.826193,0,0,0.04484 Li5.4P1S4.2Cl1.6O0.2 + 0.9552 LiNiO2 -> 1.126 Li + 0.02242 Ni3(PO4)2 + 0.07175 LiClO4 + 0.6996 NiO + 0.1883 NiSO4
LiNiO2,lpsocl,4.0,0.180233,-1.067765,0,0,0.06623 Li5.4P1S4.2Cl1.6O0.2 + 0.9338 LiNiO2 -> 1.291 Li + 0.03311 Ni3(PO4)2 + 0.5033 NiO + 0.2781 NiSO4 + 0.05298 NiCl2
LiNiO2,lpsocl,4.0,0.299228,-1.192316,0,0,0.1211 Li5.4P1S4.2Cl1.6O0.2 + 0.8789 LiNiO2 -> 1.533 Li + 0.06053 Ni3(PO4)2 + 0.3245 NiSO4 + 0.09201 Ni3S2 + 0.09685 NiCl2
LiNiO2,lpsocl,4.0,0.315569,-1.20643,0,0,0.1295 Li5.4P1S4.2Cl1.6O0.2 + 0.8705 LiNiO2 -> 1.57 Li + 0.06474 Ni3(PO4)2 + 0.3123 NiSO4 + 0.02894 Ni9S8 + 0.1036 NiCl2
LiNiO2,lpsocl,4.0,0.342271,-1.228397,0,0,0.1437 Li5.4P1S4.2Cl1.6O0.2 + 0.8563 LiNiO2 -> 1.632 Li + 0.07187 Ni3(PO4)2 + 0.2916 NiSO4 + 0.07803 Ni3S4 + 0.115 NiCl2
LiNiO2,lpsocl,4.0,0.363789,-1.239566,0,0,0.1557 Li5.4P1S4.2Cl1.6O0.2 + 0.8443 LiNiO2 -> 1.685 Li + 0.07786 Ni2P2O7 + 0.2937 NiSO4 + 0.0901 Ni3S4 + 0.1246 NiCl2
LiNiO2,lpsocl,4.0,0.388193,-1.249945,0,0,0.1699 Li5.4P1S4.2Cl1.6O0.2 + 0.8301 LiNiO2 -> 1.748 Li + 0.08495 Ni(PO3)2 + 0.2961 NiSO4 + 0.1044 Ni3S4 + 0.1359 NiCl2
LiNiO2,lpsocl,4.0,0.432558,-1.260866,0,0,0.1974 Li5.4P1S4.2Cl1.6O0.2 + 0.8026 LiNiO2 -> 1.868 Li + 0.09868 Ni(PO3)2 + 0.2632 NiSO4 + 0.2829 NiS2 + 0.1579 NiCl2
LiNiO2,lpsocl,4.0,0.531429,-1.267184,1,0,0.2679 Li5.4P1S4.2Cl1.6O0.2 + 0.7321 LiNiO2 -> 2.179 Li + 0.1339 Ni(PO3)2 + 0.3571 SO2 + 0.3839 NiS2 + 0.2143 NiCl2
LiNiO2,lpsocl,4.0,0.65035,-1.255844,0,0,0.375 Li5.4P1S4.2Cl1.6O0.2 + 0.625 LiNiO2 -> 2.65 Li + 0.1875 Ni(PO3)2 + 0.1 SO2 + 0.6 SCl + 0.4375 NiS2
LiNiO2,lpsocl,4.0,0.680073,-1.245687,0,0,0.4068 Li5.4P1S4.2Cl1.6O0.2 + 0.5932 LiNiO2 -> 2.79 Li + 0.1017 NiP4O11 + 0.07458 SO2 + 0.6508 SCl + 0.4915 NiS2
LiNiO2,lpsocl,4.0,0.708571,-1.235287,0,0,0.4396 Li5.4P1S4.2Cl1.6O0.2 + 0.5604 LiNiO2 -> 2.934 Li + 0.1099 NiP4O11 + 0.7033 SCl + 0.4505 NiS2 + 0.2418 S
LiNiO2,lpsocl,4.0,0.822281,-1.158853,0,0,0.5988 Li5.4P1S4.2Cl1.6O0.2 + 0.4012 LiNiO2 -> 3.635 Li + 0.08383 NiP4O11 + 0.1317 P2S7 + 0.9581 SCl + 0.3174 NiS2
LiNiO2,lpsocl,4.0,0.992883,-1.028292,0,0,0.9783 Li5.4P1S4.2Cl1.6O0.2 + 0.02174 LiNiO2 -> 5.304 Li + 0.02174 NiP4O11 + 0.4118 P2S7 + 1.226 SCl + 0.06777 PCl5
LiNiO2,lpsocl,4.0,1.0,-1.021371,0,0,Li5.4P1S4.2Cl1.6O0.2 -> 5.4 Li + 0.4235 P2S7 + 1.235 SCl + 0.07294 PCl5 + 0.04 P2O5
LiNiO2,lpsocl,4.3,0.0,-0.250151,0,0,LiNiO2 -> Li + 0.3333 Ni3O4 + 0.3333 O2
LiNiO2,lpsocl,4.3,0.101307,-0.791754,0,0,0.03509 Li5.4P1S4.2Cl1.6O0.2 + 0.9649 LiNiO2 -> 1.154 Li + 0.02807 Ni(ClO4)2 + 0.01754 Ni3(PO4)2 + 0.2456 Ni3O4 + 0.1474 NiSO4
LiNiO2,lpsocl,4.3,0.131356,-0.956516,0,0,0.04651 Li5.4P1S4.2Cl1.6O0.2 + 0.9535 LiNiO2 -> 1.205 Li + 0.03721 Ni(ClO4)2 + 0.02326 Ni3(PO4)2 + 0.6512 NiO + 0.1953 NiSO4
LiNiO2,lpsocl,4.3,0.180233,-1.186427,0,0,0.06623 Li5.4P1S4.2Cl1.6O0.2 + 0.9338 LiNiO2 -> 1.291 Li + 0.03311 Ni3(PO4)2 + 0.05298 NiCl2 + 0.5033 NiO + 0.2781 NiSO4
LiNiO2,lpsocl,4.3,0.299228,-1.324283,0,0,0.1211 Li5.4P1S4.2Cl1.6O0.2 + 0.8789 LiNiO2 -> 1.533 Li + 0.06053 Ni3(PO4)2 + 0.09201 Ni3S2 + 0.09685 NiCl2 + 0.3245 NiSO4
LiNiO2,lpsocl,4.3,0.315569,-1.34029,0,0,0.1295 Li5.4P1S4.2Cl1.6O0.2 + 0.8705 LiNiO2 -> 1.57 Li + 0.06474 Ni3(PO4)2 + 0.02894 Ni9S8 + 0.1036 NiCl2 + 0.3123 NiSO4
LiNiO2,lpsocl,4.3,0.342271,-1.365388,0,0,0.1437 Li5.4P1S4.2Cl1.6O0.2 + 0.8563 LiNiO2 -> 1.632 Li + 0.07187 Ni3(PO4)2 + 0.115 NiCl2 + 0.07803 Ni3S4 + 0.2916 NiSO4
LiNiO2,lpsocl,4.3,0.363789,-1.379112,0,0,0.1557 Li5.4P1S4.2Cl1.6O0.2 + 0.8443 LiNiO2 -> 1.685 Li + 0.07786 Ni2P2O7 + 0.1246 NiCl2 + 0.0901 Ni3S4 + 0.2937 NiSO4
LiNiO2,lpsocl,4.3,0.388193,-1.392426,0,0,0.1699 Li5.4P1S4.2Cl1.6O0.2 + 0.8301 LiNiO2 -> 1.748 Li + 0.08495 Ni(PO3)2 + 0.1359 NiCl2 + 0.1044 Ni3S4 + 0.2961 NiSO4
LiNiO2,lpsocl,4.3,0.432558,-1.408782,0,0,0.1974 Li5.4P1S4.2Cl1.6O0.2 + 0.8026 LiNiO2 -> 1.868 Li + 0.09868 Ni(PO3)2 + 0.2829 NiS2 + 0.1579 NiCl2 + 0.2632 NiSO4
LiNiO2,lpsocl,4.3,0.531429,-1.427711,0,0,0.2679 Li5.4P1S4.2Cl1.6O0.2 + 0.7321 LiNiO2 -> 2.179 Li + 0.1339 Ni(PO3)2 + 0.3839 NiS2 + 0.3571 SO2 + 0.2143 NiCl2
LiNiO2,lpsocl,4.3,0.65035,-1.432511,1,0,0.375 Li5.4P1S4.2Cl1.6O0.2 + 0.625 LiNiO2 -> 2.65 Li + 0.1875 Ni(PO3)2 + 0.6 SCl + 0.4375 NiS2 + 0.1 SO2
LiNiO2,lpsocl,4.3,0.680073,-1.426566,0,0,0.4068 Li5.4P1S4.2Cl1.6O0.2 + 0.5932 LiNiO2 -> 2.79 Li + 0.1017 NiP4O11 + 0.6508 SCl + 0.4915 NiS2 + 0.07458 SO2
LiNiO2,lpsocl,4.3,0.708571,-1.420276,0,0,0.4396 Li5.4P1S4.2Cl1.6O0.2 + 0.5604 LiNiO2 -> 2.934 Li + 0.1099 NiP4O11 + 0.7033 SCl + 0.4505 NiS2 + 0.2418 S
LiNiO2,lpsocl,4.3,0.822281,-1.360962,0,0,0.5988 Li5.4P1S4.2Cl1.6O0.2 + 0.4012 LiNiO2 -> 3.635 Li + 0.08383 NiP4O11 + 0.9581 SCl + 0.3174 NiS2 + 0.1317 P2S7
LiNiO2,lpsocl,4.3,0.992883,-1.258481,0,0,0.9783 Li5.4P1S4.2Cl1.6O0.2 + 0.02174 LiNiO2 -> 5.304 Li + 0.02174 NiP4O11 + 1.226 SCl + 0.06777 PCl5 + 0.4118 P2S7
LiNiO2,lpsocl,4.3,1.0,-1.2528,0,0,Li5.4P1S4.2Cl1.6O0.2 -> 5.4 Li + 1.235 SCl + 0.07294 PCl5 + 0.4235 P2S7 + 0.04 P2O5
LiNiO2,lpsocl,4.5,0.0,-0.316817,0,0,LiNiO2 -> Li + 0.3333 Ni3O4 + 0.3333 O2
LiNiO2,lpsocl,4.5,0.101307,-0.865273,0,0,0.03509 Li5.4P1S4.2Cl1.6O0.2 + 0.9649 LiNiO2 -> 1.154 Li + 0.02807 Ni(ClO4)2 + 0.2456 Ni3O4 + 0.01754 Ni3(PO4)2 + 0.1474 NiSO4
LiNiO2,lpsocl,4.5,0.131356,-1.032136,0,0,0.04651 Li5.4P1S4.2Cl1.6O0.2 + 0.9535 LiNiO2 -> 1.205 Li + 0.03721 Ni(ClO4)2 + 0.02326 Ni3(PO4)2 + 0.6512 NiO + 0.1953 NiSO4
LiNiO2,lpsocl,4.5,0.180233,-1.265534,0,0,0.06623 Li5.4P1S4.2Cl1.6O0.2 + 0.9338 LiNiO2 -> 1.291 Li + 0.03311 Ni3(PO4)2 + 0.05298 NiCl2 + 0.5033 NiO + 0.2781 NiSO4
LiNiO2,lpsocl,4.5,0.299228,-1.412261,0,0,0.1211 Li5.4P1S4.2Cl1.6O0.2 + 0.8789 LiNiO2 -> 1.533 Li + 0.06053 Ni3(PO4)2 + 0.09201 Ni3S2 + 0.09685 NiCl2 + 0.3245 NiSO4
LiNiO2,lpsocl,4.5,0.315569,-1.42953,0,0,0.1295 Li5.4P1S4.2Cl1.6O0.2 + 0.8705 LiNiO2 -> 1.57 Li + 0.06474 Ni3(PO4)2 + 0.02894 Ni9S8 + 0.1036 NiCl2 + 0.3123 NiSO4
LiNiO2,lpsocl,4.5,0.342271,-1.456714,0,0,0.1437 Li5.4P1S4.2Cl1.6O0.2 + 0.8563 LiNiO2 -> 1.632 Li + 0.07187 Ni3(PO4)2 + 0.115 NiCl2 + 0.07803 Ni3S4 + 0.2916 NiSO4
LiNiO2,lpsocl,4.5,0.363789,-1.472142,0,0,0.1557 Li5.4P1S4.2Cl1.6O0.2 + 0.8443 LiNiO2 -> 1.685 Li + 0.07786 Ni2P2O7 + 0.1246 NiCl2 + 0.0901 Ni3S4 + 0.2937 NiSO4
LiNiO2,lpsocl,4.5,0.388193,-1.487412,0,0,0.1699 Li5.4P1S4.2Cl1.6O0.2 + 0.8301 LiNiO2 -> 1.748 Li + 0.08495 Ni(PO3)2 + 0.1359 NiCl2 + 0.1044 Ni3S4 + 0.2961 NiSO4
LiNiO2,lpsocl,4.5,0.432558,-1.507394,0,0,0.1974 Li5.4P1S4.2Cl1.6O0.2 + 0.8026 LiNiO2 -> 1.868 Li + 0.2829 NiS2 + 0.09868 Ni(PO3)2 + 0.1579 NiCl2 + 0.2632 NiSO4
LiNiO2,lpsocl,4.5,0.531429,-1.534728,0,0,0.2679 Li5.4P1S4.2Cl1.6O0.2 + 0.7321 LiNiO2 -> 2.179 Li + 0.3839 NiS2 + 0.3571 SO2 + 0.1339 Ni(PO3)2 + 0.2143 NiCl2
LiNiO2,lpsocl,4.5,0.65035,-1.550289,1,0,0.375 Li5.4P1S4.2Cl1.6O0.2 + 0.625 LiNiO2 -> 2.65 Li + 0.6 SCl + 0.4375 NiS2 + 0.1 SO2 + 0.1875 Ni(PO3)2
LiNiO2,lpsocl,4.5,0.680073,-1.547152,0,0,0.4068 Li5.4P1S4.2Cl1.6O0.2 + 0.5932 LiNiO2 -> 2.79 Li + 0.1017 NiP4O11 + 0.6508 SCl + 0.4915 NiS2 + 0.07458 SO2
LiNiO2,lpsocl,4.5,0.708571,-1.543601,0,0,0.4396 Li5.4P1S4.2Cl1.6O0.2 + 0.5604 LiNiO2 -> 2.934 Li + 0.1099 NiP4O11 + 0.7033 SCl + 0.4505 NiS2 + 0.2418 S
LiNiO2,lpsocl,4.5,0.822281,-1.495701,0,0,0.5988 Li5.4P1S4.2Cl1.6O0.2 + 0.4012 LiNiO2 -> 3.635 Li + 0.08383 NiP4O11 + 0.9581 SCl + 0.3174 NiS2 + 0.1317 P2S7
LiNiO2,lpsocl,4.5,0.992883,-1.41194,0,0,0.9783 Li5.4P1S4.2Cl1.6O0.2 + 0.02174 LiNiO2 -> 5.304 Li + 0.02174 NiP4O11 + 1.226 SCl + 0.4118 P2S7 + 0.06777 PCl5
LiNiO2,lpsocl,4.5,1.0,-1.407086,0,0,Li5.4P1S4.2Cl1.6O0.2 -> 5.4 Li + 1.235 SCl + 0.4235 P2S7 + 0.07294 PCl5 + 0.04 P2O5
LiNiO2,o_only_003,2.5,0.0,-0.043,0,0,LiNiO2 + Li -> NiO + Li2O
LiNiO2,o_only_003,2.5,0.126273,-0.544893,0,0,0.04454 Li5.4P1S4.37Cl1.6O0.03 + 0.9555 LiNiO2 -> 0.6018 Li + 0.9555 NiO + 0.04454 Li3PO4 + 0.1947 Li2SO4 + 0.07127 LiCl
LiNiO2,o_only_003,2.5,0.224231,-0.614514,0,0,0.08529 Li5.4P1S4.37Cl1.6O0.03 + 0.9147 LiNiO2 -> 0.2375 Li + 0.08529 Li3PO4 + 0.3727 Li2SO4 + 0.9147 Ni + 0.1365 LiCl
LiNiO2,o_only_003,2.5,0.402784,-0.750232,0,0,0.1787 Li5.4P1S4.37Cl1.6O0.03 + 0.8213 LiNiO2 -> 0.4976 Li + 0.2738 Ni3S2 + 0.1787 Li3PO4 + 0.2333 Li2SO4 + 0.2859 LiCl
LiNiO2,o_only_003,2.5,0.445338,-0.760501,0,0,0.2057 Li5.4P1S4.37Cl1.6O0.03 + 0.7943 LiNiO2 -> 0.5729 Li + 0.08825 Ni9S8 + 0.2057 Li3PO4 + 0.193 Li2SO4 + 0.3292 LiCl
LiNiO2,o_only_003,2.5,0.514523,-0.773863,1,0,0.2548 Li5.4P1S4.37Cl1.6O0.03 + 0.7452 LiNiO2 -> 0.7096 Li + 0.2548 Li3PO4 + 0.2484 Ni3S4 + 0.1197 Li2SO4 + 0.4076 LiCl
LiNiO2,o_only_003,2.5,0.591039,-0.735669,0,0,0.318 Li5.4P1S4.37Cl1.6O0.03 + 0.682 LiNiO2 -> 0.8855 Li + 0.682 NiS2 + 0.318 Li3PO4 + 0.02544 Li2SO4 + 0.5087 LiCl
LiNiO2,o_only_003,2.5,0.609636,-0.719435,0,0,0.335 Li5.4P1S4.37Cl1.6O0.03 + 0.665 LiNiO2 -> 0.8995 Li + 0.665 NiS2 + 0.335 Li3PO4 + 0.536 LiCl + 0.0335 LiS4
LiNiO2,o_only_003,2.5,1.0,-0.094764,0,0,Li5.4P1S4.37Cl1.6O0.03 -> 3.553 Li + 0.4962 P2S7 + 0.0075 Li3PO4 + 1.6 LiCl + 0.2241 LiS4
LiNiO2,o_only_003,3.0,0.0,-0.0,0,0,LiNiO2 -> LiNiO2
LiNiO2,o_only_003,3.0,0.126273,-0.639567,0,0,0.04454 Li5.4P1S4.37Cl1.6O0.03 + 0.9555 LiNiO2 -> 0.6018 Li + 0.04454 Li3PO4 + 0.9555 NiO + 0.1947 Li2SO4 + 0.07127 LiCl
LiNiO2,o_only_003,3.0,0.130526,-0.646535,0,0,0.04619 Li5.4P1S4.37Cl1.6O0.03 + 0.9538 LiNiO2 -> 0.661 Li + 0.03695 NiCl2 + 0.04619 Li3PO4 + 0.9169 NiO + 0.2018 Li2SO4
LiNiO2,o_only_003,3.0,0.136264,-0.655463,0,0,0.04843 Li5.4P1S4.37Cl1.6O0.03 + 0.9516 LiNiO2 -> 0.7414 Li + 0.04843 LiNiPO4 + 0.03874 NiCl2 + 0.8644 NiO + 0.2116 Li2SO4
LiNiO2,o_only_003,3.0,0.139326,-0.658738,0,0,0.04963 Li5.4P1S4.37Cl1.6O0.03 + 0.9504 LiNiO2 -> 0.7846 Li + 0.02481 Ni3(PO4)2 + 0.0397 NiCl2 + 0.8362 NiO + 0.2169 Li2SO4
LiNiO2,o_only_003,3.0,0.344035,-0.806827,0,0,0.1447 Li5.4P1S4.37Cl1.6O0.03 + 0.8553 LiNiO2 -> 1.069 Li + 0.07235 Ni3(PO4)2 + 0.1742 Ni3S2 + 0.1158 NiCl2 + 0.284 Li2SO4
LiNiO2,o_only_003,3.0,0.355301,-0.8122,0,0,0.1509 Li5.4P1S4.37Cl1.6O0.03 + 0.8491 LiNiO2 -> 0.9638 Li + 0.1509 LiNiPO4 + 0.1925 Ni3S2 + 0.1208 NiCl2 + 0.2747 Li2SO4
LiNiO2,o_only_003,3.0,0.382103,-0.824568,0,0,0.1663 Li5.4P1S4.37Cl1.6O0.03 + 0.8337 LiNiO2 -> 1.062 Li + 0.05937 Ni9S8 + 0.1663 LiNiPO4 + 0.133 NiCl2 + 0.2518 Li2SO4
LiNiO2,o_only_003,3.0,0.422684,-0.841069,0,0,0.1911 Li5.4P1S4.37Cl1.6O0.03 + 0.8089 LiNiO2 -> 1.22 Li + 0.1911 LiNiPO4 + 0.1528 NiCl2 + 0.155 Ni3S4 + 0.2149 Li2SO4
LiNiO2,o_only_003,3.0,0.469212,-0.852436,0,0,0.2219 Li5.4P1S4.37Cl1.6O0.03 + 0.7781 LiNiO2 -> 0.973 Li + 0.1775 NiCl2 + 0.2219 Li3PO4 + 0.2002 Ni3S4 + 0.1688 Li2SO4
LiNiO2,o_only_003,3.0,0.514523,-0.862135,0,0,0.2548 Li5.4P1S4.37Cl1.6O0.03 + 0.7452 LiNiO2 -> 0.7096 Li + 0.2548 Li3PO4 + 0.2484 Ni3S4 + 0.1197 Li2SO4 + 0.4076 LiCl
LiNiO2,o_only_003,3.0,0.520412,-0.86265,1,0,0.2593 Li5.4P1S4.37Cl1.6O0.03 + 0.7407 LiNiO2 -> 0.9166 Li + 0.1296 Li4P2O7 + 0.2469 Ni3S4 + 0.1454 Li2SO4 + 0.4148 LiCl
LiNiO2,o_only_003,3.0,0.596728,-0.8402,0,0,0.3231 Li5.4P1S4.37Cl1.6O0.03 + 0.6769 LiNiO2 -> 1.142 Li + 0.6769 NiS2 + 0.1616 Li4P2O7 + 0.05816 Li2SO4 + 0.517 LiCl
LiNiO2,o_only_003,3.0,0.641158,-0.801461,0,0,0.3656 Li5.4P1S4.37Cl1.6O0.03 + 0.6344 LiNiO2 -> 1.21 Li + 0.6344 NiS2 + 0.1828 Li4P2O7 + 0.585 LiCl + 0.08227 LiS4
LiNiO2,o_only_003,3.0,0.676118,-0.766,0,0,0.4024 Li5.4P1S4.37Cl1.6O0.03 + 0.5976 LiNiO2 -> 1.584 Li + 0.5976 NiS2 + 0.4024 LiPO3 + 0.6439 LiCl + 0.1408 LiS4
LiNiO2,o_only_003,3.0,1.0,-0.348842,0,0,Li5.4P1S4.37Cl1.6O0.03 -> 3.564 Li + 0.495 P2S7 + 0.01 LiPO3 + 1.6 LiCl + 0.2262 LiS4
LiNiO2,o_only_003,3.5,0.0,-0.005137,0,0,LiNiO2 -> 0.5 Li + 0.5 Li(NiO2)2
LiNiO2,o_only_003,3.5,0.100162,-0.605962,0,0,0.03466 Li5.4P1S4.37Cl1.6O0.03 + 0.9653 LiNiO2 -> 0.6901 Li + 0.05546 LiClO4 + 0.03466 Li3PO4 + 0.9653 NiO + 0.1515 Li2SO4
LiNiO2,o_only_003,3.5,0.126273,-0.734241,0,0,0.04454 Li5.4P1S4.37Cl1.6O0.03 + 0.9555 LiNiO2 -> 0.6018 Li + 0.04454 Li3PO4 + 0.9555 NiO + 0.1947 Li2SO4 + 0.07127 LiCl
LiNiO2,o_only_003,3.5,0.130526,-0.750306,0,0,0.04619 Li5.4P1S4.37Cl1.6O0.03 + 0.9538 LiNiO2 -> 0.661 Li + 0.03695 NiCl2 + 0.04619 Li3PO4 + 0.9169 NiO + 0.2018 Li2SO4
LiNiO2,o_only_003,3.5,0.136264,-0.771535,0,0,0.04843 Li5.4P1S4.37Cl1.6O0.03 + 0.9516 LiNiO2 -> 0.7414 Li + 0.04843 LiNiPO4 + 0.03874 NiCl2 + 0.8644 NiO + 0.2116 Li2SO4
LiNiO2,o_only_003,3.5,0.139326,-0.781391,0,0,0.04963 Li5.4P1S4.37Cl1.6O0.03 + 0.9504 LiNiO2 -> 0.7846 Li + 0.02481 Ni3(PO4)2 + 0.0397 NiCl2 + 0.8362 NiO + 0.2169 Li2SO4
LiNiO2,o_only_003,3.5,0.173378,-0.871029,0,0,0.06337 Li5.4P1S4.37Cl1.6O0.03 + 0.9366 LiNiO2 -> 1.279 Li + 0.03169 Ni3(PO4)2 + 0.0507 NiCl2 + 0.2769 NiSO4 + 0.5139 NiO
LiNiO2,o_only_003,3.5,0.292978,-0.978582,0,0,0.1179 Li5.4P1S4.37Cl1.6O0.03 + 0.8821 LiNiO2 -> 1.519 Li + 0.09563 Ni3S2 + 0.05896 Ni3(PO4)2 + 0.09433 NiCl2 + 0.324 NiSO4
LiNiO2,o_only_003,3.5,0.309736,-0.990426,0,0,0.1264 Li5.4P1S4.37Cl1.6O0.03 + 0.8736 LiNiO2 -> 1.556 Li + 0.06322 Ni3(PO4)2 + 0.03016 Ni9S8 + 0.1012 NiCl2 + 0.3113 NiSO4
LiNiO2,o_only_003,3.5,0.337297,-1.008706,0,0,0.141 Li5.4P1S4.37Cl1.6O0.03 + 0.859 LiNiO2 -> 1.621 Li + 0.07051 Ni3(PO4)2 + 0.1128 NiCl2 + 0.2895 NiSO4 + 0.0817 Ni3S4
LiNiO2,o_only_003,3.5,0.358174,-1.016085,0,0,0.1526 Li5.4P1S4.37Cl1.6O0.03 + 0.8474 LiNiO2 -> 1.671 Li + 0.07628 Ni2P2O7 + 0.122 NiCl2 + 0.2914 NiSO4 + 0.09382 Ni3S4
LiNiO2,o_only_003,3.5,0.381807,-1.022136,0,0,0.1661 Li5.4P1S4.37Cl1.6O0.03 + 0.8339 LiNiO2 -> 1.731 Li + 0.08307 Ni(PO3)2 + 0.1329 NiCl2 + 0.2936 NiSO4 + 0.1081 Ni3S4
LiNiO2,o_only_003,3.5,0.427488,-1.025372,0,0,0.1941 Li5.4P1S4.37Cl1.6O0.03 + 0.8059 LiNiO2 -> 1.854 Li + 0.09706 Ni(PO3)2 + 0.2947 NiS2 + 0.1553 NiCl2 + 0.2588 NiSO4
LiNiO2,o_only_003,3.5,0.501213,-1.029353,1,0,0.2448 Li5.4P1S4.37Cl1.6O0.03 + 0.7552 LiNiO2 -> 1.685 Li + 0.1224 Ni(PO3)2 + 0.437 NiS2 + 0.1958 NiCl2 + 0.1958 Li2SO4
LiNiO2,o_only_003,3.5,0.512256,-1.027366,0,0,0.2531 Li5.4P1S4.37Cl1.6O0.03 + 0.7469 LiNiO2 -> 1.658 Li + 0.08435 LiNi(PO3)3 + 0.4601 NiS2 + 0.2024 NiCl2 + 0.1856 Li2SO4
LiNiO2,o_only_003,3.5,0.535869,-1.021076,0,0,0.2714 Li5.4P1S4.37Cl1.6O0.03 + 0.7286 LiNiO2 -> 1.597 Li + 0.5115 NiS2 + 0.2171 NiCl2 + 0.1628 Li2SO4 + 0.2714 LiPO3
LiNiO2,o_only_003,3.5,0.676118,-0.972934,0,0,0.4024 Li5.4P1S4.37Cl1.6O0.03 + 0.5976 LiNiO2 -> 2.368 Li + 0.5775 NiS2 + 0.6036 SCl + 0.02012 NiCl2 + 0.4024 LiPO3
LiNiO2,o_only_003,3.5,0.681693,-0.969263,0,0,0.4086 Li5.4P1S4.37Cl1.6O0.03 + 0.5914 LiNiO2 -> 2.399 Li + 0.5914 NiS2 + 0.01021 PCl5 + 0.6027 SCl + 0.3984 LiPO3
LiNiO2,o_only_003,3.5,1.0,-0.651088,0,0,Li5.4P1S4.37Cl1.6O0.03 -> 5.39 Li + 0.4541 P2S7 + 0.08176 PCl5 + 1.191 SCl + 0.01 LiPO3
LiNiO2,o_only_003,4.0,0.0,-0.150151,0,0,LiNiO2 -> Li + 0.3333 Ni3O4 + 0.3333 O2
LiNiO2,o_only_003,4.0,0.072303,-0.557748,0,0,0.02452 Li5.4P1S4.37Cl1.6O0.03 + 0.9755 LiNiO2 -> 0.8298 Li + 0.02452 LiNiPO4 + 0.03924 LiClO4 + 0.317 Ni3O4 + 0.1072 Li2SO4
LiNiO2,o_only_003,4.0,0.103506,-0.736425,0,0,0.03591 Li5.4P1S4.37Cl1.6O0.03 + 0.9641 LiNiO2 -> 0.7508 Li + 0.03591 LiNiPO4 + 0.05745 LiClO4 + 0.9282 NiO + 0.1569 Li2SO4
LiNiO2,o_only_003,4.0,0.105263,-0.7461,0,0,0.03656 Li5.4P1S4.37Cl1.6O0.03 + 0.9634 LiNiO2 -> 0.7828 Li + 0.01828 Ni3(PO4)2 + 0.0585 LiClO4 + 0.9086 NiO + 0.1598 Li2SO4
LiNiO2,o_only_003,4.0,0.123604,-0.832806,0,0,0.04352 Li5.4P1S4.37Cl1.6O0.03 + 0.9565 LiNiO2 -> 1.122 Li + 0.02176 Ni3(PO4)2 + 0.06963 LiClO4 + 0.701 NiO + 0.1902 NiSO4
LiNiO2,o_only_003,4.0,0.173378,-1.067562,0,0,0.06337 Li5.4P1S4.37Cl1.6O0.03 + 0.9366 LiNiO2 -> 1.279 Li + 0.03169 Ni3(PO4)2 + 0.5139 NiO + 0.2769 NiSO4 + 0.0507 NiCl2
LiNiO2,o_only_003,4.0,0.292978,-1.197327,0,0,0.1179 Li5.4P1S4.37Cl1.6O0.03 + 0.8821 LiNiO2 -> 1.519 Li + 0.05896 Ni3(PO4)2 + 0.324 NiSO4 + 0.09563 Ni3S2 + 0.09433 NiCl2
LiNiO2,o_only_003,4.0,0.309736,-1.212397,0,0,0.1264 Li5.4P1S4.37Cl1.6O0.03 + 0.8736 LiNiO2 -> 1.556 Li + 0.06322 Ni3(PO4)2 + 0.3113 NiSO4 + 0.03016 Ni9S8 + 0.1012 NiCl2
LiNiO2,o_only_003,4.0,0.337297,-1.236045,0,0,0.141 Li5.4P1S4.37Cl1.6O0.03 + 0.859 LiNiO2 -> 1.621 Li + 0.07051 Ni3(PO4)2 + 0.2895 NiSO4 + 0.0817 Ni3S4 + 0.1128 NiCl2
LiNiO2,o_only_003,4.0,0.358174,-1.247545,0,0,0.1526 Li5.4P1S4.37Cl1.6O0.03 + 0.8474 LiNiO2 -> 1.671 Li + 0.07628 Ni2P2O7 + 0.2914 NiSO4 + 0.09382 Ni3S4 + 0.122 NiCl2
LiNiO2,o_only_003,4.0,0.381807,-1.258316,0,0,0.1661 Li5.4P1S4.37Cl1.6O0.03 + 0.8339 LiNiO2 -> 1.731 Li + 0.08307 Ni(PO3)2 + 0.2936 NiSO4 + 0.1081 Ni3S4 + 0.1329 NiCl2
LiNiO2,o_only_003,4.0,0.427488,-1.270853,0,0,0.1941 Li5.4P1S4.37Cl1.6O0.03 + 0.8059 LiNiO2 -> 1.854 Li + 0.09706 Ni(PO3)2 + 0.2588 NiSO4 + 0.2947 NiS2 + 0.1553 NiCl2
LiNiO2,o_only_003,4.0,0.523796,-1.279652,1,0,0.2619 Li5.4P1S4.37Cl1.6O0.03 + 0.7381 LiNiO2 -> 2.152 Li + 0.1309 Ni(PO3)2 + 0.3492 SO2 + 0.3976 NiS2 + 0.2095 NiCl2
LiNiO2,o_only_003,4.0,0.638956,-1.271803,0,0,0.3634 Li5.4P1S4.37Cl1.6O0.03 + 0.6366 LiNiO2 -> 2.599 Li + 0.1817 Ni(PO3)2 + 0.09691 SO2 + 0.5815 SCl + 0.4549 NiS2
LiNiO2,o_only_003,4.0,0.667624,-1.262726,0,0,0.3932 Li5.4P1S4.37Cl1.6O0.03 + 0.6068 LiNiO2 -> 2.73 Li + 0.0983 NiP4O11 + 0.07208 SO2 + 0.6291 SCl + 0.5085 NiS2
LiNiO2,o_only_003,4.0,0.695067,-1.253411,0,0,0.4237 Li5.4P1S4.37Cl1.6O0.03 + 0.5763 LiNiO2 -> 2.864 Li + 0.1059 NiP4O11 + 0.678 SCl + 0.4703 NiS2 + 0.2331 S
LiNiO2,o_only_003,4.0,0.80415,-1.182631,0,0,0.5698 Li5.4P1S4.37Cl1.6O0.03 + 0.4302 LiNiO2 -> 3.507 Li + 0.07977 NiP4O11 + 0.1254 P2S7 + 0.9117 SCl + 0.3504 NiS2
LiNiO2,o_only_003,4.0,0.998926,-1.037556,0,0,0.9967 Li5.4P1S4.37Cl1.6O0.03 + 0.003322 LiNiO2 -> 5.385 Li + 0.003322 NiP4O11 + 0.4516 P2S7 + 1.194 SCl + 0.08013 PCl5
LiNiO2,o_only_003,4.0,1.0,-1.036531,0,0,Li5.4P1S4.37Cl1.6O0.03 -> 5.4 Li + 0.4535 P2S7 + 1.195 SCl + 0.08094 PCl5 + 0.006 P2O5
LiNiO2,o_only_003,4.3,0.0,-0.250151,0,0,LiNiO2 -> Li + 0.3333 Ni3O4 + 0.3333 O2
LiNiO2,o_only_003,4.3,0.098303,-0.795496,0,0,0.03397 Li5.4P1S4.37Cl1.6O0.03 + 0.966 LiNiO2 -> 1.149 Li + 0.02718 Ni(ClO4)2 + 0.01699 Ni3(PO4)2 + 0.2465 Ni3O4 + 0.1485 NiSO4
LiNiO2,o_only_003,4.3,0.127677,-0.962477,0,0,0.04509 Li5.4P1S4.37Cl1.6O0.03 + 0.9549 LiNiO2 -> 1.198 Li + 0.03607 Ni(ClO4)2 + 0.02254 Ni3(PO4)2 + 0.6542 NiO + 0.197 NiSO4
LiNiO2,o_only_003,4.3,0.173378,-1.185482,0,0,0.06337 Li5.4P1S4.37Cl1.6O0.03 + 0.9366 LiNiO2 -> 1.279 Li + 0.03169 Ni3(PO4)2 + 0.0507 NiCl2 + 0.5139 NiO + 0.2769 NiSO4
LiNiO2,o_only_003,4.3,0.292978,-1.328573,0,0,0.1179 Li5.4P1S4.37Cl1.6O0.03 + 0.8821 LiNiO2 -> 1.519 Li + 0.05896 Ni3(PO4)2 + 0.09563 Ni3S2 + 0.09433 NiCl2 + 0.324 NiSO4
LiNiO2,o_only_003,4.3,0.309736,-1.345579,0,0,0.1264 Li5.4P1S4.37Cl1.6O0.03 + 0.8736 LiNiO2 -> 1.556 Li + 0.06322 Ni3(PO4)2 + 0.03016 Ni9S8 + 0.1012 NiCl2 + 0.3113 NiSO4
LiNiO2,o_only_003,4.3,0.337297,-1.372449,0,0,0.141 Li5.4P1S4.37Cl1.6O0.03 + 0.859 LiNiO2 -> 1.621 Li + 0.07051 Ni3(PO4)2 + 0.1128 NiCl2 + 0.0817 Ni3S4 + 0.2895 NiSO4
LiNiO2,o_only_003,4.3,0.358174,-1.386421,0,0,0.1526 Li5.4P1S4.37Cl1.6O0.03 + 0.8474 LiNiO2 -> 1.671 Li + 0.07628 Ni2P2O7 + 0.122 NiCl2 + 0.09382 Ni3S4 + 0.2914 NiSO4
LiNiO2,o_only_003,4.3,0.381807,-1.400025,0,0,0.1661 Li5.4P1S4.37Cl1.6O0.03 + 0.8339 LiNiO2 -> 1.731 Li + 0.08307 Ni(PO3)2 + 0.1329 NiCl2 + 0.1081 Ni3S4 + 0.2936 NiSO4
LiNiO2,o_only_003,4.3,0.427488,-1.418141,0,0,0.1941 Li5.4P1S4.37Cl1.6O0.03 + 0.8059 LiNiO2 -> 1.854 Li + 0.09706 Ni(PO3)2 + 0.2947 NiS2 + 0.1553 NiCl2 + 0.2588 NiSO4
LiNiO2,o_only_003,4.3,0.523796,-1.439179,0,0,0.2619 Li5.4P1S4.37Cl1.6O0.03 + 0.7381 LiNiO2 -> 2.152 Li + 0.1309 Ni(PO3)2 + 0.3976 NiS2 + 0.3492 SO2 + 0.2095 NiCl2
LiNiO2,o_only_003,4.3,0.638956,-1.446874,1,0,0.3634 Li5.4P1S4.37Cl1.6O0.03 + 0.6366 LiNiO2 -> 2.599 Li + 0.1817 Ni(PO3)2 + 0.5815 SCl + 0.4549 NiS2 + 0.09691 SO2
LiNiO2,o_only_003,4.3,0.667624,-1.441832,0,0,0.3932 Li5.4P1S4.37Cl1.6O0.03 + 0.6068 LiNiO2 -> 2.73 Li + 0.0983 NiP4O11 + 0.6291 SCl + 0.5085 NiS2 + 0.07208 SO2
LiNiO2,o_only_003,4.3,0.695067,-1.436444,0,0,0.4237 Li5.4P1S4.37Cl1.6O0.03 + 0.5763 LiNiO2 -> 2.864 Li + 0.1059 NiP4O11 + 0.678 SCl + 0.4703 NiS2 + 0.2331 S
LiNiO2,o_only_003,4.3,0.80415,-1.38193,0,0,0.5698 Li5.4P1S4.37Cl1.6O0.03 + 0.4302 LiNiO2 -> 3.507 Li + 0.07977 NiP4O11 + 0.9117 SCl + 0.3504 NiS2 + 0.1254 P2S7
LiNiO2,o_only_003,4.3,0.998926,-1.268797,0,0,0.9967 Li5.4P1S4.37Cl1.6O0.03 + 0.003322 LiNiO2 -> 5.385 Li + 0.003322 NiP4O11 + 1.194 SCl + 0.08013 PCl5 + 0.4516 P2S7
LiNiO2,o_only_003,4.3,1.0,-1.26796,0,0,Li5.4P1S4.37Cl1.6O0.03 -> 5.4 Li + 1.195 SCl + 0.08094 PCl5 + 0.4535 P2S7 + 0.006 P2O5
LiNiO2,o_only_003,4.5,0.0,-0.316817,0,0,LiNiO2 -> Li + 0.3333 Ni3O4 + 0.3333 O2
LiNiO2,o_only_003,4.5,0.098303,-0.868808,0,0,0.03397 Li5.4P1S4.37Cl1.6O0.03 + 0.966 LiNiO2 -> 1.149 Li + 0.02718 Ni(ClO4)2 + 0.2465 Ni3O4 + 0.01699 Ni3(PO4)2 + 0.1485 NiSO4
LiNiO2,o_only_003,4.5,0.127677,-1.037839,0,0,0.04509 Li5.4P1S4.37Cl1.6O0.03 + 0.9549 LiNiO2 -> 1.198 Li + 0.03607 Ni(ClO4)2 + 0.02254 Ni3(PO4)2 + 0.6542 NiO + 0.197 NiSO4
LiNiO2,o_only_003,4.5,0.173378,-1.264095,0,0,0.06337 Li5.4P1S4.37Cl1.6O0.03 + 0.9366 LiNiO2 -> 1.279 Li + 0.03169 Ni3(PO4)2 + 0.0507 NiCl2 + 0.5139 NiO + 0.2769 NiSO4
LiNiO2,o_only_003,4.5,0.292978,-1.416071,0,0,0.1179 Li5.4P1S4.37Cl1.6O0.03 + 0.8821 LiNiO2 -> 1.519 Li + 0.05896 Ni3(PO4)2 + 0.09563 Ni3S2 + 0.09433 NiCl2 + 0.324 NiSO4
LiNiO2,o_only_003,4.5,0.309736,-1.434367,0,0,0.1264 Li5.4P1S4.37Cl1.6O0.03 + 0.8736 LiNiO2 -> 1.556 Li + 0.06322 Ni3(PO4)2 + 0.03016 Ni9S8 + 0.1012 NiCl2 + 0.3113 NiSO4
LiNiO2,o_only_003,4.5,0.337297,-1.463385,0,0,0.141 Li5.4P1S4.37Cl1.6O0.03 + 0.859 LiNiO2 -> 1.621 Li + 0.07051 Ni3(PO4)2 + 0.1128 NiCl2 + 0.0817 Ni3S4 + 0.2895 NiSO4
LiNiO2,o_only_003,4.5,0.358174,-1.479005,0,0,0.1526 Li5.4P1S4.37Cl1.6O0.03 + 0.8474 LiNiO2 -> 1.671 Li + 0.07628 Ni2P2O7 + 0.122 NiCl2 + 0.09382 Ni3S4 + 0.2914 NiSO4
LiNiO2,o_only_003,4.5,0.381807,-1.494497,0,0,0.1661 Li5.4P1S4.37Cl1.6O0.03 + 0.8339 LiNiO2 -> 1.731 Li + 0.08307 Ni(PO3)2 + 0.1329 NiCl2 + 0.1081 Ni3S4 + 0.2936 NiSO4
LiNiO2,o_only_003,4.5,0.427488,-1.516334,0,0,0.1941 Li5.4P1S4.37Cl1.6O0.03 + 0.8059 LiNiO2 -> 1.854 Li + 0.2947 NiS2 + 0.09706 Ni(PO3)2 + 0.1553 NiCl2 + 0.2588 NiSO4
LiNiO2,o_only_003,4.5,0.523796,-1.545531,0,0,0.2619 Li5.4P1S4.37Cl1.6O0.03 + 0.7381 LiNiO2 -> 2.152 Li + 0.3976 NiS2 + 0.3492 SO2 + 0.1309 Ni(PO3)2 + 0.2095 NiCl2
LiNiO2,o_only_003,4.5,0.638956,-1.563589,1,0,0.3634 Li5.4P1S4.37Cl1.6O0.03 + 0.6366 LiNiO2 -> 2.599 Li + 0.5815 SCl + 0.4549 NiS2 + 0.09691 SO2 + 0.1817 Ni(PO3)2
LiNiO2,o_only_003,4.5,0.667624,-1.561235,0,0,0.3932 Li5.4P1S4.37Cl1.6O0.03 + 0.6068 LiNiO2 -> 2.73 Li + 0.0983 NiP4O11 + 0.6291 SCl + 0.5085 NiS2 + 0.07208 SO2
LiNiO2,o_only_003,4.5,0.695067,-1.558466,0,0,0.4237 Li5.4P1S4.37Cl1.6O0.03 + 0.5763 LiNiO2 -> 2.864 Li + 0.1059 NiP4O11 + 0.678 SCl + 0.4703 NiS2 + 0.2331 S
LiNiO2,o_only_003,4.5,0.80415,-1.514796,0,0,0.5698 Li5.4P1S4.37Cl1.6O0.03 + 0.4302 LiNiO2 -> 3.507 Li + 0.07977 NiP4O11 + 0.9117 SCl + 0.3504 NiS2 + 0.1254 P2S7
LiNiO2,o_only_003,4.5,0.998926,-1.422958,0,0,0.9967 Li5.4P1S4.37Cl1.6O0.03 + 0.003322 LiNiO2 -> 5.385 Li + 0.003322 NiP4O11 + 1.194 SCl + 0.4516 P2S7 + 0.08013 PCl5
LiNiO2,o_only_003,4.5,1.0,-1.422246,0,0,Li5.4P1S4.37Cl1.6O0.03 -> 5.4 Li + 1.195 SCl + 0.4535 P2S7 + 0.08094 PCl5 + 0.006 P2O5
LiNiO2,ndo_li_002,2.5,0.0,-0.043,0,0,LiNiO2 + Li -> NiO + Li2O
LiNiO2,ndo_li_002,2.5,0.125763,-0.5444,0,0,0.04448 Li5.34Nd0.02P1S4.37Cl1.6O0.03 + 0.9555 LiNiO2 -> 0.5996 Li + 0.9555 NiO + 0.04448 Li3PO4 + 0.0004448 Nd2O3 + 0.1944 Li2SO4 + 0.07117 LiCl
LiNiO2,ndo_li_002,2.5,0.125814,-0.5445,0,0,0.0445 Li5.34Nd0.02P1S4.37Cl1.6O0.03 + 0.9555 LiNiO2 -> 0.6004 Li + 0.0002967 Nd3PO7 + 0.9555 NiO + 0.04421 Li3PO4 + 0.1945 Li2SO4 + 0.07121 LiCl
LiNiO2,ndo_li_002,2.5,0.125917,-0.544611,0,1,0.04454 Li5.34Nd0.02P1S4.37Cl1.6O0.03 + 0.9555 LiNiO2 -> 0.6018 Li + 0.9555 NiO + 0.04365 Li3PO4 + 0.0008909 NdPO4 + 0.1947 Li2SO4 + 0.07127 LiCl
LiNiO2,ndo_li_002,2.5,0.22367,-0.613965,0,1,0.08529 Li5.34Nd0.02P1S4.37Cl1.6O0.03 + 0.9147 LiNiO2 -> 0.2375 Li + 0.08358 Li3PO4 + 0.001706 NdPO4 + 0.3727 Li2SO4 + 0.9147 Ni + 0.1365 LiCl
LiNiO2,ndo_li_002,2.5,0.402007,-0.749066,0,1,0.1787 Li5.34Nd0.02P1S4.37Cl1.6O0.03 + 0.8213 LiNiO2 -> 0.4976 Li + 0.2738 Ni3S2 + 0.1751 Li3PO4 + 0.003574 NdPO4 + 0.2333 Li2SO4 + 0.2859 LiCl
LiNiO2,ndo_li_002,2.5,0.44454,-0.759186,0,1,0.2057 Li5.34Nd0.02P1S4.37Cl1.6O0.03 + 0.7943 LiNiO2 -> 0.5729 Li + 0.08825 Ni9S8 + 0.2016 Li3PO4 + 0.004114 NdPO4 + 0.193 Li2SO4 + 0.3292 LiCl
LiNiO2,ndo_li_002,2.5,0.513716,-0.772297,1,1,0.2548 Li5.34Nd0.02P1S4.37Cl1.6O0.03 + 0.7452 LiNiO2 -> 0.7096 Li + 0.2497 Li3PO4 + 0.005096 NdPO4 + 0.2484 Ni3S4 + 0.1197 Li2SO4 + 0.4076 LiCl
LiNiO2,ndo_li_002,2.5,0.590258,-0.733888,0,1,0.318 Li5.34Nd0.02P1S4.37Cl1.6O0.03 + 0.682 LiNiO2 -> 0.8855 Li + 0.682 NiS2 + 0.3116 Li3PO4 + 0.006359 NdPO4 + 0.02544 Li2SO4 + 0.5087 LiCl
LiNiO2,ndo_li_002,2.5,0.608867,-0.717613,0,1,0.335 Li5.34Nd0.02P1S4.37Cl1.6O0.03 + 0.665 LiNiO2 -> 0.8995 Li + 0.665 NiS2 + 0.3283 Li3PO4 + 0.0067 NdPO4 + 0.536 LiCl + 0.0335 LiS4
LiNiO2,ndo_li_002,2.5,0.991974,-0.107557,0,1,0.9756 Li5.34Nd0.02P1S4.37Cl1.6O0.03 + 0.02439 LiNiO2 -> 3.456 Li + 0.02439 NiS2 + 0.478 P2S7 + 0.01951 NdPO4 + 1.561 LiCl + 0.2171 LiS4
LiNiO2,ndo_li_002,2.5,1.0,-0.092901,0,1,Li5.34Nd0.02P1S4.37Cl1.6O0.03 -> 3.517 Li + 0.49 P2S7 + 0.0125 NdPS4 + 0.0075 NdPO4 + 1.6 LiCl + 0.2225 LiS4
LiNiO2,ndo_li_002,3.0,0.0,-0.0,0,0,LiNiO2 -> LiNiO2
LiNiO2,ndo_li_002,3.0,0.125763,-0.638718,0,0,0.04448 Li5.34Nd0.02P1S4.37Cl1.6O0.03 + 0.9555 LiNiO2 -> 0.5996 Li + 0.04448 Li3PO4 + 0.9555 NiO + 0.1944 Li2SO4 + 0.0004448 Nd2O3 + 0.07117 LiCl
LiNiO2,ndo_li_002,3.0,0.125814,-0.638929,0,0,0.0445 Li5.34Nd0.02P1S4.37Cl1.6O0.03 + 0.9555 LiNiO2 -> 0.6004 Li + 0.0002967 Nd3PO7 + 0.04421 Li3PO4 + 0.9555 NiO + 0.1945 Li2SO4 + 0.07121 LiCl
LiNiO2,ndo_li_002,3.0,0.125917,-0.639258,0,1,0.04454 Li5.34Nd0.02P1S4.37Cl1.6O0.03 + 0.9555 LiNiO2 -> 0.6018 Li + 0.0008909 NdPO4 + 0.04365 Li3PO4 + 0.9555 NiO + 0.1947 Li2SO4 + 0.07127 LiCl
LiNiO2,ndo_li_002,3.0,0.13016,-0.646214,0,1,0.04619 Li5.34Nd0.02P1S4.37Cl1.6O0.03 + 0.9538 LiNiO2 -> 0.661 Li + 0.03695 NiCl2 + 0.0009238 NdPO4 + 0.04527 Li3PO4 + 0.9169 NiO + 0.2018 Li2SO4
LiNiO2,ndo_li_002,3.0,0.135764,-0.654938,0,1,0.04838 Li5.34Nd0.02P1S4.37Cl1.6O0.03 + 0.9516 LiNiO2 -> 0.7397 Li + 0.04741 LiNiPO4 + 0.0387 NiCl2 + 0.0009676 NdPO4 + 0.8655 NiO + 0.2114 Li2SO4
LiNiO2,ndo_li_002,3.0,0.138752,-0.65813,0,1,0.04955 Li5.34Nd0.02P1S4.37Cl1.6O0.03 + 0.9504 LiNiO2 -> 0.782 Li + 0.02428 Ni3(PO4)2 + 0.03964 NiCl2 + 0.0009911 NdPO4 + 0.838 NiO + 0.2166 Li2SO4
LiNiO2,ndo_li_002,3.0,0.343961,-0.805954,0,1,0.1451 Li5.34Nd0.02P1S4.37Cl1.6O0.03 + 0.8549 LiNiO2 -> 1.063 Li + 0.07108 Ni3(PO4)2 + 0.1752 Ni3S2 + 0.1161 NiCl2 + 0.002901 NdPO4 + 0.2835 Li2SO4
LiNiO2,ndo_li_002,3.0,0.355027,-0.811192,0,1,0.1512 Li5.34Nd0.02P1S4.37Cl1.6O0.03 + 0.8488 LiNiO2 -> 0.9594 Li + 0.1482 LiNiPO4 + 0.1932 Ni3S2 + 0.121 NiCl2 + 0.003024 NdPO4 + 0.2743 Li2SO4
LiNiO2,ndo_li_002,3.0,0.381944,-0.823514,0,1,0.1667 Li5.34Nd0.02P1S4.37Cl1.6O0.03 + 0.8333 LiNiO2 -> 1.057 Li + 0.05963 Ni9S8 + 0.1633 LiNiPO4 + 0.1333 NiCl2 + 0.003333 NdPO4 + 0.2513 Li2SO4
LiNiO2,ndo_li_002,3.0,0.422735,-0.839947,0,1,0.1916 Li5.34Nd0.02P1S4.37Cl1.6O0.03 + 0.8084 LiNiO2 -> 1.216 Li + 0.1878 LiNiPO4 + 0.1533 NiCl2 + 0.003832 NdPO4 + 0.1558 Ni3S4 + 0.2141 Li2SO4
LiNiO2,ndo_li_002,3.0,0.468408,-0.850937,0,1,0.2219 Li5.34Nd0.02P1S4.37Cl1.6O0.03 + 0.7781 LiNiO2 -> 0.973 Li + 0.1775 NiCl2 + 0.004438 NdPO4 + 0.2174 Li3PO4 + 0.2002 Ni3S4 + 0.1688 Li2SO4
LiNiO2,ndo_li_002,3.0,0.513716,-0.860458,0,1,0.2548 Li5.34Nd0.02P1S4.37Cl1.6O0.03 + 0.7452 LiNiO2 -> 0.7096 Li + 0.005096 NdPO4 + 0.2497 Li3PO4 + 0.2484 Ni3S4 + 0.1197 Li2SO4 + 0.4076 LiCl
LiNiO2,ndo_li_002,3.0,0.519486,-0.86094,1,1,0.2592 Li5.34Nd0.02P1S4.37Cl1.6O0.03 + 0.7408 LiNiO2 -> 0.9123 Li + 0.127 Li4P2O7 + 0.005184 NdPO4 + 0.2469 Ni3S4 + 0.1449 Li2SO4 + 0.4147 LiCl
LiNiO2,ndo_li_002,3.0,0.595835,-0.838224,0,1,0.323 Li5.34Nd0.02P1S4.37Cl1.6O0.03 + 0.677 LiNiO2 -> 1.137 Li + 0.677 NiS2 + 0.1583 Li4P2O7 + 0.00646 NdPO4 + 0.05749 Li2SO4 + 0.5168 LiCl
LiNiO2,ndo_li_002,3.0,0.639752,-0.799852,0,1,0.365 Li5.34Nd0.02P1S4.37Cl1.6O0.03 + 0.635 LiNiO2 -> 1.203 Li + 0.635 NiS2 + 0.1788 Li4P2O7 + 0.007299 NdPO4 + 0.5839 LiCl + 0.0812 LiS4
LiNiO2,ndo_li_002,3.0,0.64308,-0.796607,0,1,0.3683 Li5.34Nd0.02P1S4.37Cl1.6O0.03 + 0.6317 LiNiO2 -> 1.238 Li + 0.6317 NiS2 + 0.1694 Li4P2O7 + 0.007366 LiNd(PO3)4 + 0.5893 LiCl + 0.08656 LiS4
LiNiO2,ndo_li_002,3.0,0.67541,-0.763748,0,1,0.4024 Li5.34Nd0.02P1S4.37Cl1.6O0.03 + 0.5976 LiNiO2 -> 1.584 Li + 0.5976 NiS2 + 0.008048 LiNd(PO3)4 + 0.3702 LiPO3 + 0.6439 LiCl + 0.1408 LiS4
LiNiO2,ndo_li_002,3.0,0.967136,-0.39252,0,1,0.905 Li5.34Nd0.02P1S4.37Cl1.6O0.03 + 0.09502 LiNiO2 -> 3.249 Li + 0.09502 NiS2 + 0.4163 P2S7 + 0.0181 LiNd(PO3)4 + 1.448 LiCl + 0.2127 LiS4
LiNiO2,ndo_li_002,3.0,0.991974,-0.357205,0,1,0.9756 Li5.34Nd0.02P1S4.37Cl1.6O0.03 + 0.02439 LiNiO2 -> 3.456 Li + 0.02439 NiS2 + 0.478 P2S7 + 0.01951 NdPO4 + 1.561 LiCl + 0.2171 LiS4
LiNiO2,ndo_li_002,3.0,1.0,-0.345374,0,1,Li5.34Nd0.02P1S4.37Cl1.6O0.03 -> 3.553 Li + 0.4963 P2S7 + 0.0075 NdPO4 + 0.0125 NdCl3 + 1.562 LiCl + 0.2241 LiS4
LiNiO2,ndo_li_002,3.5,0.0,-0.005137,0,0,LiNiO2 -> 0.5 Li + 0.5 Li(NiO2)2
LiNiO2,ndo_li_002,3.5,0.099742,-0.605014,0,0,0.03461 Li5.34Nd0.02P1S4.37Cl1.6O0.03 + 0.9654 LiNiO2 -> 0.6885 Li + 0.0006923 NdNiO3 + 0.05538 LiClO4 + 0.03461 Li3PO4 + 0.9647 NiO + 0.1513 Li2SO4
LiNiO2,ndo_li_002,3.5,0.099806,-0.605378,0,0,0.03464 Li5.34Nd0.02P1S4.37Cl1.6O0.03 + 0.9654 LiNiO2 -> 0.689 Li + 0.0002309 Nd3PO7 + 0.05542 LiClO4 + 0.03441 Li3PO4 + 0.9654 NiO + 0.1514 Li2SO4
LiNiO2,ndo_li_002,3.5,0.099871,-0.605726,0,1,0.03466 Li5.34Nd0.02P1S4.37Cl1.6O0.03 + 0.9653 LiNiO2 -> 0.6901 Li + 0.0006932 NdPO4 + 0.05546 LiClO4 + 0.03397 Li3PO4 + 0.9653 NiO + 0.1515 Li2SO4
LiNiO2,ndo_li_002,3.5,0.125917,-0.733906,0,1,0.04454 Li5.34Nd0.02P1S4.37Cl1.6O0.03 + 0.9555 LiNiO2 -> 0.6018 Li + 0.0008909 NdPO4 + 0.04365 Li3PO4 + 0.9555 NiO + 0.1947 Li2SO4 + 0.07127 LiCl
LiNiO2,ndo_li_002,3.5,0.13016,-0.749954,0,1,0.04619 Li5.34Nd0.02P1S4.37Cl1.6O0.03 + 0.9538 LiNiO2 -> 0.661 Li + 0.0009238 NdPO4 + 0.03695 NiCl2 + 0.04527 Li3PO4 + 0.9169 NiO + 0.2018 Li2SO4
LiNiO2,ndo_li_002,3.5,0.135764,-0.770718,0,1,0.04838 Li5.34Nd0.02P1S4.37Cl1.6O0.03 + 0.9516 LiNiO2 -> 0.7397 Li + 0.04741 LiNiPO4 + 0.0009676 NdPO4 + 0.0387 NiCl2 + 0.8655 NiO + 0.2114 Li2SO4
LiNiO2,ndo_li_002,3.5,0.138752,-0.780342,0,1,0.04955 Li5.34Nd0.02P1S4.37Cl1.6O0.03 + 0.9504 LiNiO2 -> 0.782 Li + 0.02428 Ni3(PO4)2 + 0.0009911 NdPO4 + 0.03964 NiCl2 + 0.838 NiO + 0.2166 Li2SO4
LiNiO2,ndo_li_002,3.5,0.172626,-0.86952,0,1,0.06325 Li5.34Nd0.02P1S4.37Cl1.6O0.03 + 0.9367 LiNiO2 -> 1.275 Li + 0.03099 Ni3(PO4)2 + 0.001265 NdPO4 + 0.0506 NiCl2 + 0.2764 NiSO4 + 0.5168 NiO
LiNiO2,ndo_li_002,3.5,0.292974,-0.976929,0,1,0.1182 Li5.34Nd0.02P1S4.37Cl1.6O0.03 + 0.8818 LiNiO2 -> 1.513 Li + 0.09661 Ni3S2 + 0.05794 Ni3(PO4)2 + 0.002365 NdPO4 + 0.0946 NiCl2 + 0.3235 NiSO4
LiNiO2,ndo_li_002,3.5,0.309921,-0.988785,0,1,0.1269 Li5.34Nd0.02P1S4.37Cl1.6O0.03 + 0.8731 LiNiO2 -> 1.551 Li + 0.06218 Ni3(PO4)2 + 0.03049 Ni9S8 + 0.002538 NdPO4 + 0.1015 NiCl2 + 0.3106 NiSO4
LiNiO2,ndo_li_002,3.5,0.337837,-1.0071,0,1,0.1417 Li5.34Nd0.02P1S4.37Cl1.6O0.03 + 0.8583 LiNiO2 -> 1.615 Li + 0.06944 Ni3(PO4)2 + 0.002834 NdPO4 + 0.1134 NiCl2 + 0.2885 NiSO4 + 0.0827 Ni3S4
LiNiO2,ndo_li_002,3.5,0.358409,-1.014239,0,1,0.1531 Li5.34Nd0.02P1S4.37Cl1.6O0.03 + 0.8469 LiNiO2 -> 1.664 Li + 0.07502 Ni2P2O7 + 0.003062 NdPO4 + 0.1225 NiCl2 + 0.2902 NiSO4 + 0.09471 Ni3S4
LiNiO2,ndo_li_002,3.5,0.38165,-1.020042,0,1,0.1665 Li5.34Nd0.02P1S4.37Cl1.6O0.03 + 0.8335 LiNiO2 -> 1.723 Li + 0.08158 Ni(PO3)2 + 0.00333 NdPO4 + 0.1332 NiCl2 + 0.2923 NiSO4 + 0.1088 Ni3S4
LiNiO2,ndo_li_002,3.5,0.382663,-1.02025,0,0,0.1671 Li5.34Nd0.02P1S4.37Cl1.6O0.03 + 0.8329 LiNiO2 -> 1.725 Li + 0.08354 Ni(PO3)2 + 0.001671 Nd2(SO4)3 + 0.1337 NiCl2 + 0.2874 NiSO4 + 0.1094 Ni3S4
LiNiO2,ndo_li_002,3.5,0.429067,-1.023268,0,0,0.1956 Li5.34Nd0.02P1S4.37Cl1.6O0.03 + 0.8044 LiNiO2 -> 1.849 Li + 0.09782 Ni(PO3)2 + 0.001956 Nd2(SO4)3 + 0.299 NiS2 + 0.1565 NiCl2 + 0.2511 NiSO4
LiNiO2,ndo_li_002,3.5,0.500405,-1.026698,0,0,0.2448 Li5.34Nd0.02P1S4.37Cl1.6O0.03 + 0.7552 LiNiO2 -> 1.685 Li + 0.1224 Ni(PO3)2 + 0.002448 Nd2(SO4)3 + 0.437 NiS2 + 0.1958 NiCl2 + 0.1885 Li2SO4
LiNiO2,ndo_li_002,3.5,0.503012,-1.026814,1,1,0.2467 Li5.34Nd0.02P1S4.37Cl1.6O0.03 + 0.7533 LiNiO2 -> 1.679 Li + 0.1135 Ni(PO3)2 + 0.4424 NiS2 + 0.004935 LiNd(PO3)4 + 0.1974 NiCl2 + 0.1934 Li2SO4
LiNiO2,ndo_li_002,3.5,0.513261,-1.024922,0,1,0.2544 Li5.34Nd0.02P1S4.37Cl1.6O0.03 + 0.7456 LiNiO2 -> 1.653 Li + 0.07803 LiNi(PO3)3 + 0.464 NiS2 + 0.005089 LiNd(PO3)4 + 0.2035 NiCl2 + 0.1839 Li2SO4
LiNiO2,ndo_li_002,3.5,0.535065,-1.019023,0,1,0.2714 Li5.34Nd0.02P1S4.37Cl1.6O0.03 + 0.7286 LiNiO2 -> 1.597 Li + 0.5115 NiS2 + 0.005427 LiNd(PO3)4 + 0.2171 NiCl2 + 0.1628 Li2SO4 + 0.2497 LiPO3
LiNiO2,ndo_li_002,3.5,0.67541,-0.970321,0,1,0.4024 Li5.34Nd0.02P1S4.37Cl1.6O0.03 + 0.5976 LiNiO2 -> 2.368 Li + 0.5775 NiS2 + 0.008048 LiNd(PO3)4 + 0.6036 SCl + 0.02012 NiCl2 + 0.3702 LiPO3
LiNiO2,ndo_li_002,3.5,0.680992,-0.966631,0,1,0.4086 Li5.34Nd0.02P1S4.37Cl1.6O0.03 + 0.5914 LiNiO2 -> 2.399 Li + 0.5914 NiS2 + 0.01021 PCl5 + 0.008172 LiNd(PO3)4 + 0.6027 SCl + 0.3657 LiPO3
LiNiO2,ndo_li_002,3.5,0.967136,-0.683568,0,1,0.905 Li5.34Nd0.02P1S4.37Cl1.6O0.03 + 0.09502 LiNiO2 -> 4.91 Li + 0.3812 P2S7 + 0.09502 NiS2 + 0.07027 PCl5 + 0.0181 LiNd(PO3)4 + 1.097 SCl
LiNiO2,ndo_li_002,3.5,1.0,-0.645802,0,1,Li5.34Nd0.02P1S4.37Cl1.6O0.03 -> 5.338 Li + 0.4572 P2S7 + 0.07559 PCl5 + 0.0025 LiNd(PO3)4 + 1.17 SCl + 0.0175 NdCl3
LiNiO2,ndo_li_002,4.0,0.0,-0.150151,0,0,LiNiO2 -> Li + 0.3333 Ni3O4 + 0.3333 O2
LiNiO2,ndo_li_002,4.0,0.07202,-0.557186,0,1,0.0245 Li5.34Nd0.02P1S4.37Cl1.6O0.03 + 0.9755 LiNiO2 -> 0.829 Li + 0.02401 LiNiPO4 + 0.0392 LiClO4 + 0.3172 Ni3O4 + 0.1071 Li2SO4 + 0.00049 NdPO4
LiNiO2,ndo_li_002,4.0,0.103138,-0.735727,0,1,0.03588 Li5.34Nd0.02P1S4.37Cl1.6O0.03 + 0.9641 LiNiO2 -> 0.7496 Li + 0.03516 LiNiPO4 + 0.05741 LiClO4 + 0.929 NiO + 0.1568 Li2SO4 + 0.0007176 NdPO4
LiNiO2,ndo_li_002,4.0,0.104852,-0.745185,0,1,0.03652 Li5.34Nd0.02P1S4.37Cl1.6O0.03 + 0.9635 LiNiO2 -> 0.7809 Li + 0.0179 Ni3(PO4)2 + 0.05844 LiClO4 + 0.9098 NiO + 0.1596 Li2SO4 + 0.0007305 NdPO4
LiNiO2,ndo_li_002,4.0,0.123108,-0.831595,0,1,0.04346 Li5.34Nd0.02P1S4.37Cl1.6O0.03 + 0.9565 LiNiO2 -> 1.119 Li + 0.0213 Ni3(PO4)2 + 0.06953 LiClO4 + 0.7027 NiO + 0.1899 NiSO4 + 0.0008692 NdPO4
LiNiO2,ndo_li_002,4.0,0.172626,-1.065342,0,1,0.06325 Li5.34Nd0.02P1S4.37Cl1.6O0.03 + 0.9367 LiNiO2 -> 1.275 Li + 0.03099 Ni3(PO4)2 + 0.5168 NiO + 0.2764 NiSO4 + 0.0506 NiCl2 + 0.001265 NdPO4
LiNiO2,ndo_li_002,4.0,0.292974,-1.194632,0,1,0.1182 Li5.34Nd0.02P1S4.37Cl1.6O0.03 + 0.8818 LiNiO2 -> 1.513 Li + 0.05794 Ni3(PO4)2 + 0.3235 NiSO4 + 0.09661 Ni3S2 + 0.0946 NiCl2 + 0.002365 NdPO4
LiNiO2,ndo_li_002,4.0,0.309921,-1.20968,0,1,0.1269 Li5.34Nd0.02P1S4.37Cl1.6O0.03 + 0.8731 LiNiO2 -> 1.551 Li + 0.06218 Ni3(PO4)2 + 0.3106 NiSO4 + 0.03049 Ni9S8 + 0.1015 NiCl2 + 0.002538 NdPO4
LiNiO2,ndo_li_002,4.0,0.337837,-1.233315,0,1,0.1417 Li5.34Nd0.02P1S4.37Cl1.6O0.03 + 0.8583 LiNiO2 -> 1.615 Li + 0.06944 Ni3(PO4)2 + 0.2885 NiSO4 + 0.0827 Ni3S4 + 0.1134 NiCl2 + 0.002834 NdPO4
LiNiO2,ndo_li_002,4.0,0.358409,-1.244427,0,1,0.1531 Li5.34Nd0.02P1S4.37Cl1.6O0.03 + 0.8469 LiNiO2 -> 1.664 Li + 0.07502 Ni2P2O7 + 0.2902 NiSO4 + 0.09471 Ni3S4 + 0.1225 NiCl2 + 0.003062 NdPO4
LiNiO2,ndo_li_002,4.0,0.38165,-1.254769,0,1,0.1665 Li5.34Nd0.02P1S4.37Cl1.6O0.03 + 0.8335 LiNiO2 -> 1.723 Li + 0.08158 Ni(PO3)2 + 0.2923 NiSO4 + 0.1088 Ni3S4 + 0.1332 NiCl2 + 0.00333 NdPO4
LiNiO2,ndo_li_002,4.0,0.382663,-1.255176,0,0,0.1671 Li5.34Nd0.02P1S4.37Cl1.6O0.03 + 0.8329 LiNiO2 -> 1.725 Li + 0.08354 Ni(PO3)2 + 0.2874 NiSO4 + 0.001671 Nd2(SO4)3 + 0.1094 Ni3S4 + 0.1337 NiCl2
LiNiO2,ndo_li_002,4.0,0.429067,-1.267434,0,0,0.1956 Li5.34Nd0.02P1S4.37Cl1.6O0.03 + 0.8044 LiNiO2 -> 1.849 Li + 0.09782 Ni(PO3)2 + 0.2511 NiSO4 + 0.001956 Nd2(SO4)3 + 0.299 NiS2 + 0.1565 NiCl2
LiNiO2,ndo_li_002,4.0,0.522106,-1.275027,0,0,0.2612 Li5.34Nd0.02P1S4.37Cl1.6O0.03 + 0.7388 LiNiO2 -> 2.134 Li + 0.1306 Ni(PO3)2 + 0.3352 SO2 + 0.002612 Nd2(SO4)3 + 0.3992 NiS2 + 0.209 NiCl2
LiNiO2,ndo_li_002,4.0,0.524766,-1.27503,1,1,0.2633 Li5.34Nd0.02P1S4.37Cl1.6O0.03 + 0.7367 LiNiO2 -> 2.143 Li + 0.1237 Ni(PO3)2 + 0.3458 SO2 + 0.005265 Nd(PO3)3 + 0.4024 NiS2 + 0.2106 NiCl2
LiNiO2,ndo_li_002,4.0,0.640857,-1.265945,0,1,0.3661 Li5.34Nd0.02P1S4.37Cl1.6O0.03 + 0.6339 LiNiO2 -> 2.589 Li + 0.1721 Ni(PO3)2 + 0.0903 SO2 + 0.5857 SCl + 0.007322 Nd(PO3)3 + 0.4619 NiS2
LiNiO2,ndo_li_002,4.0,0.64308,-1.265623,0,1,0.3683 Li5.34Nd0.02P1S4.37Cl1.6O0.03 + 0.6317 LiNiO2 -> 2.599 Li + 0.1657 Ni(PO3)2 + 0.0884 SO2 + 0.007366 NdP5O14 + 0.5893 SCl + 0.4659 NiS2
LiNiO2,ndo_li_002,4.0,0.669193,-1.257134,0,1,0.3956 Li5.34Nd0.02P1S4.37Cl1.6O0.03 + 0.6044 LiNiO2 -> 2.717 Li + 0.08902 NiP4O11 + 0.06528 SO2 + 0.007913 NdP5O14 + 0.633 SCl + 0.5153 NiS2
LiNiO2,ndo_li_002,4.0,0.693992,-1.248523,0,1,0.4233 Li5.34Nd0.02P1S4.37Cl1.6O0.03 + 0.5767 LiNiO2 -> 2.837 Li + 0.09524 NiP4O11 + 0.008466 NdP5O14 + 0.6772 SCl + 0.4815 NiS2 + 0.2095 S
LiNiO2,ndo_li_002,4.0,0.790686,-1.185383,0,1,0.5501 Li5.34Nd0.02P1S4.37Cl1.6O0.03 + 0.4499 LiNiO2 -> 3.387 Li + 0.06931 NiP4O11 + 0.1089 P2S7 + 0.011 NdP5O14 + 0.8801 SCl + 0.3806 NiS2
LiNiO2,ndo_li_002,4.0,0.96112,-1.059368,0,1,0.8889 Li5.34Nd0.02P1S4.37Cl1.6O0.03 + 0.1111 LiNiO2 -> 4.858 Li + 0.3671 P2S7 + 0.01778 NdP5O14 + 1.093 SCl + 0.06588 PCl5 + 0.1111 NiS2
LiNiO2,ndo_li_002,4.0,0.976303,-1.046486,0,1,0.9302 Li5.34Nd0.02P1S4.37Cl1.6O0.03 + 0.06977 LiNiO2 -> 5.037 Li + 0.4005 P2S7 + 1.122 SCl + 0.0186 Nd(PO3)3 + 0.07332 PCl5 + 0.06977 NiS2
LiNiO2,ndo_li_002,4.0,1.0,-1.026087,0,1,Li5.34Nd0.02P1S4.37Cl1.6O0.03 -> 5.34 Li + 0.4571 P2S7 + 1.171 SCl + 0.003333 Nd(PO3)3 + 0.07588 PCl5 + 0.01667 NdCl3
LiNiO2,ndo_li_002,4.3,0.0,-0.250151,0,0,LiNiO2 -> Li + 0.3333 Ni3O4 + 0.3333 O2
LiNiO2,ndo_li_002,4.3,0.097831,-0.793961,0,1,0.0339 Li5.34Nd0.02P1S4.37Cl1.6O0.03 + 0.9661 LiNiO2 -> 1.147 Li + 0.02712 Ni(ClO4)2 + 0.01661 Ni3(PO4)2 + 0.247 Ni3O4 + 0.0006781 NdPO4 + 0.1482 NiSO4
LiNiO2,ndo_li_002,4.3,0.12716,-0.960897,0,1,0.04502 Li5.34Nd0.02P1S4.37Cl1.6O0.03 + 0.955 LiNiO2 -> 1.195 Li + 0.03602 Ni(ClO4)2 + 0.02206 Ni3(PO4)2 + 0.0009005 NdPO4 + 0.656 NiO + 0.1968 NiSO4
LiNiO2,ndo_li_002,4.3,0.172626,-1.182834,0,1,0.06325 Li5.34Nd0.02P1S4.37Cl1.6O0.03 + 0.9367 LiNiO2 -> 1.275 Li + 0.03099 Ni3(PO4)2 + 0.001265 NdPO4 + 0.0506 NiCl2 + 0.5168 NiO + 0.2764 NiSO4
LiNiO2,ndo_li_002,4.3,0.292974,-1.325253,0,1,0.1182 Li5.34Nd0.02P1S4.37Cl1.6O0.03 + 0.8818 LiNiO2 -> 1.513 Li + 0.05794 Ni3(PO4)2 + 0.002365 NdPO4 + 0.09661 Ni3S2 + 0.0946 NiCl2 + 0.3235 NiSO4
LiNiO2,ndo_li_002,4.3,0.309921,-1.342217,0,1,0.1269 Li5.34Nd0.02P1S4.37Cl1.6O0.03 + 0.8731 LiNiO2 -> 1.551 Li + 0.06218 Ni3(PO4)2 + 0.002538 NdPO4 + 0.03049 Ni9S8 + 0.1015 NiCl2 + 0.3106 NiSO4
LiNiO2,ndo_li_002,4.3,0.337837,-1.369045,0,1,0.1417 Li5.34Nd0.02P1S4.37Cl1.6O0.03 + 0.8583 LiNiO2 -> 1.615 Li + 0.06944 Ni3(PO4)2 + 0.002834 NdPO4 + 0.1134 NiCl2 + 0.0827 Ni3S4 + 0.2885 NiSO4
LiNiO2,ndo_li_002,4.3,0.358409,-1.382539,0,1,0.1531 Li5.34Nd0.02P1S4.37Cl1.6O0.03 + 0.8469 LiNiO2 -> 1.664 Li + 0.07502 Ni2P2O7 + 0.003062 NdPO4 + 0.1225 NiCl2 + 0.09471 Ni3S4 + 0.2902 NiSO4
LiNiO2,ndo_li_002,4.3,0.38165,-1.395605,0,1,0.1665 Li5.34Nd0.02P1S4.37Cl1.6O0.03 + 0.8335 LiNiO2 -> 1.723 Li + 0.08158 Ni(PO3)2 + 0.00333 NdPO4 + 0.1332 NiCl2 + 0.1088 Ni3S4 + 0.2923 NiSO4
LiNiO2,ndo_li_002,4.3,0.382663,-1.396131,0,0,0.1671 Li5.34Nd0.02P1S4.37Cl1.6O0.03 + 0.8329 LiNiO2 -> 1.725 Li + 0.08354 Ni(PO3)2 + 0.001671 Nd2(SO4)3 + 0.1337 NiCl2 + 0.1094 Ni3S4 + 0.2874 NiSO4
LiNiO2,ndo_li_002,4.3,0.429067,-1.413934,0,0,0.1956 Li5.34Nd0.02P1S4.37Cl1.6O0.03 + 0.8044 LiNiO2 -> 1.849 Li + 0.09782 Ni(PO3)2 + 0.299 NiS2 + 0.001956 Nd2(SO4)3 + 0.1565 NiCl2 + 0.2511 NiSO4
LiNiO2,ndo_li_002,4.3,0.522106,-1.433073,0,0,0.2612 Li5.34Nd0.02P1S4.37Cl1.6O0.03 + 0.7388 LiNiO2 -> 2.134 Li + 0.1306 Ni(PO3)2 + 0.3992 NiS2 + 0.002612 Nd2(SO4)3 + 0.3352 SO2 + 0.209 NiCl2
LiNiO2,ndo_li_002,4.3,0.524766,-1.433414,0,1,0.2633 Li5.34Nd0.02P1S4.37Cl1.6O0.03 + 0.7367 LiNiO2 -> 2.143 Li + 0.1237 Ni(PO3)2 + 0.4024 NiS2 + 0.005265 Nd(PO3)3 + 0.3458 SO2 + 0.2106 NiCl2
LiNiO2,ndo_li_002,4.3,0.640857,-1.439625,1,1,0.3661 Li5.34Nd0.02P1S4.37Cl1.6O0.03 + 0.6339 LiNiO2 -> 2.589 Li + 0.1721 Ni(PO3)2 + 0.5857 SCl + 0.4619 NiS2 + 0.007322 Nd(PO3)3 + 0.0903 SO2
LiNiO2,ndo_li_002,4.3,0.64308,-1.439605,0,1,0.3683 Li5.34Nd0.02P1S4.37Cl1.6O0.03 + 0.6317 LiNiO2 -> 2.599 Li + 0.1657 Ni(PO3)2 + 0.5893 SCl + 0.007366 NdP5O14 + 0.4659 NiS2 + 0.0884 SO2
LiNiO2,ndo_li_002,4.3,0.669193,-1.434704,0,1,0.3956 Li5.34Nd0.02P1S4.37Cl1.6O0.03 + 0.6044 LiNiO2 -> 2.717 Li + 0.08902 NiP4O11 + 0.633 SCl + 0.007913 NdP5O14 + 0.5153 NiS2 + 0.06528 SO2
LiNiO2,ndo_li_002,4.3,0.693992,-1.429549,0,1,0.4233 Li5.34Nd0.02P1S4.37Cl1.6O0.03 + 0.5767 LiNiO2 -> 2.837 Li + 0.09524 NiP4O11 + 0.6772 SCl + 0.008466 NdP5O14 + 0.4815 NiS2 + 0.2095 S
LiNiO2,ndo_li_002,4.3,0.790686,-1.38038,0,1,0.5501 Li5.34Nd0.02P1S4.37Cl1.6O0.03 + 0.4499 LiNiO2 -> 3.387 Li + 0.06931 NiP4O11 + 0.8801 SCl + 0.011 NdP5O14 + 0.3806 NiS2 + 0.1089 P2S7
LiNiO2,ndo_li_002,4.3,0.96112,-1.281072,0,1,0.8889 Li5.34Nd0.02P1S4.37Cl1.6O0.03 + 0.1111 LiNiO2 -> 4.858 Li + 1.093 SCl + 0.01778 NdP5O14 + 0.1111 NiS2 + 0.06588 PCl5 + 0.3671 P2S7
LiNiO2,ndo_li_002,4.3,0.976303,-1.27071,0,1,0.9302 Li5.34Nd0.02P1S4.37Cl1.6O0.03 + 0.06977 LiNiO2 -> 5.037 Li + 1.122 SCl + 0.06977 NiS2 + 0.0186 Nd(PO3)3 + 0.07332 PCl5 + 0.4005 P2S7
LiNiO2,ndo_li_002,4.3,1.0,-1.254292,0,1,Li5.34Nd0.02P1S4.37Cl1.6O0.03 -> 5.34 Li + 1.171 SCl + 0.003333 Nd(PO3)3 + 0.07588 PCl5 + 0.4571 P2S7 + 0.01667 NdCl3
LiNiO2,ndo_li_002,4.5,0.0,-0.316817,0,0,LiNiO2 -> Li + 0.3333 Ni3O4 + 0.3333 O2
LiNiO2,ndo_li_002,4.5,0.097831,-0.867114,0,1,0.0339 Li5.34Nd0.02P1S4.37Cl1.6O0.03 + 0.9661 LiNiO2 -> 1.147 Li + 0.02712 Ni(ClO4)2 + 0.247 Ni3O4 + 0.01661 Ni3(PO4)2 + 0.0006781 NdPO4 + 0.1482 NiSO4
LiNiO2,ndo_li_002,4.5,0.12716,-1.036056,0,1,0.04502 Li5.34Nd0.02P1S4.37Cl1.6O0.03 + 0.955 LiNiO2 -> 1.195 Li + 0.03602 Ni(ClO4)2 + 0.02206 Ni3(PO4)2 + 0.0009005 NdPO4 + 0.656 NiO + 0.1968 NiSO4
LiNiO2,ndo_li_002,4.5,0.172626,-1.261163,0,1,0.06325 Li5.34Nd0.02P1S4.37Cl1.6O0.03 + 0.9367 LiNiO2 -> 1.275 Li + 0.03099 Ni3(PO4)2 + 0.001265 NdPO4 + 0.0506 NiCl2 + 0.5168 NiO + 0.2764 NiSO4
LiNiO2,ndo_li_002,4.5,0.292974,-1.412334,0,1,0.1182 Li5.34Nd0.02P1S4.37Cl1.6O0.03 + 0.8818 LiNiO2 -> 1.513 Li + 0.05794 Ni3(PO4)2 + 0.002365 NdPO4 + 0.09661 Ni3S2 + 0.0946 NiCl2 + 0.3235 NiSO4
LiNiO2,ndo_li_002,4.5,0.309921,-1.430575,0,1,0.1269 Li5.34Nd0.02P1S4.37Cl1.6O0.03 + 0.8731 LiNiO2 -> 1.551 Li + 0.06218 Ni3(PO4)2 + 0.03049 Ni9S8 + 0.002538 NdPO4 + 0.1015 NiCl2 + 0.3106 NiSO4
LiNiO2,ndo_li_002,4.5,0.337837,-1.459531,0,1,0.1417 Li5.34Nd0.02P1S4.37Cl1.6O0.03 + 0.8583 LiNiO2 -> 1.615 Li + 0.06944 Ni3(PO4)2 + 0.002834 NdPO4 + 0.1134 NiCl2 + 0.0827 Ni3S4 + 0.2885 NiSO4
LiNiO2,ndo_li_002,4.5,0.358409,-1.474614,0,1,0.1531 Li5.34Nd0.02P1S4.37Cl1.6O0.03 + 0.8469 LiNiO2 -> 1.664 Li + 0.07502 Ni2P2O7 + 0.003062 NdPO4 + 0.1225 NiCl2 + 0.09471 Ni3S4 + 0.2902 NiSO4
LiNiO2,ndo_li_002,4.5,0.38165,-1.489496,0,1,0.1665 Li5.34Nd0.02P1S4.37Cl1.6O0.03 + 0.8335 LiNiO2 -> 1.723 Li + 0.00333 NdPO4 + 0.08158 Ni(PO3)2 + 0.1332 NiCl2 + 0.1088 Ni3S4 + 0.2923 NiSO4
LiNiO2,ndo_li_002,4.5,0.382663,-1.490102,0,0,0.1671 Li5.34Nd0.02P1S4.37Cl1.6O0.03 + 0.8329 LiNiO2 -> 1.725 Li + 0.08354 Ni(PO3)2 + 0.001671 Nd2(SO4)3 + 0.1337 NiCl2 + 0.1094 Ni3S4 + 0.2874 NiSO4
LiNiO2,ndo_li_002,4.5,0.429067,-1.511601,0,0,0.1956 Li5.34Nd0.02P1S4.37Cl1.6O0.03 + 0.8044 LiNiO2 -> 1.849 Li + 0.299 NiS2 + 0.09782 Ni(PO3)2 + 0.001956 Nd2(SO4)3 + 0.1565 NiCl2 + 0.2511 NiSO4
LiNiO2,ndo_li_002,4.5,0.522106,-1.538437,0,0,0.2612 Li5.34Nd0.02P1S4.37Cl1.6O0.03 + 0.7388 LiNiO2 -> 2.134 Li + 0.3992 NiS2 + 0.3352 SO2 + 0.1306 Ni(PO3)2 + 0.002612 Nd2(SO4)3 + 0.209 NiCl2
LiNiO2,ndo_li_002,4.5,0.524766,-1.539004,0,1,0.2633 Li5.34Nd0.02P1S4.37Cl1.6O0.03 + 0.7367 LiNiO2 -> 2.143 Li + 0.4024 NiS2 + 0.3458 SO2 + 0.1237 Ni(PO3)2 + 0.005265 Nd(PO3)3 + 0.2106 NiCl2
LiNiO2,ndo_li_002,4.5,0.640857,-1.555411,0,1,0.3661 Li5.34Nd0.02P1S4.37Cl1.6O0.03 + 0.6339 LiNiO2 -> 2.589 Li + 0.5857 SCl + 0.4619 NiS2 + 0.0903 SO2 + 0.1721 Ni(PO3)2 + 0.007322 Nd(PO3)3
LiNiO2,ndo_li_002,4.5,0.64308,-1.555594,1,1,0.3683 Li5.34Nd0.02P1S4.37Cl1.6O0.03 + 0.6317 LiNiO2 -> 2.599 Li + 0.007366 NdP5O14 + 0.5893 SCl + 0.4659 NiS2 + 0.0884 SO2 + 0.1657 Ni(PO3)2
LiNiO2,ndo_li_002,4.5,0.669193,-1.553083,0,1,0.3956 Li5.34Nd0.02P1S4.37Cl1.6O0.03 + 0.6044 LiNiO2 -> 2.717 Li + 0.08902 NiP4O11 + 0.007913 NdP5O14 + 0.633 SCl + 0.5153 NiS2 + 0.06528 SO2
LiNiO2,ndo_li_002,4.5,0.693992,-1.550233,0,1,0.4233 Li5.34Nd0.02P1S4.37Cl1.6O0.03 + 0.5767 LiNiO2 -> 2.837 Li + 0.09524 NiP4O11 + 0.008466 NdP5O14 + 0.6772 SCl + 0.4815 NiS2 + 0.2095 S
LiNiO2,ndo_li_002,4.5,0.790686,-1.510378,0,1,0.5501 Li5.34Nd0.02P1S4.37Cl1.6O0.03 + 0.4499 LiNiO2 -> 3.387 Li + 0.06931 NiP4O11 + 0.011 NdP5O14 + 0.8801 SCl + 0.3806 NiS2 + 0.1089 P2S7
LiNiO2,ndo_li_002,4.5,0.96112,-1.428874,0,1,0.8889 Li5.34Nd0.02P1S4.37Cl1.6O0.03 + 0.1111 LiNiO2 -> 4.858 Li + 0.01778 NdP5O14 + 1.093 SCl + 0.1111 NiS2 + 0.3671 P2S7 + 0.06588 PCl5
LiNiO2,ndo_li_002,4.5,0.976303,-1.420192,0,1,0.9302 Li5.34Nd0.02P1S4.37Cl1.6O0.03 + 0.06977 LiNiO2 -> 5.037 Li + 1.122 SCl + 0.06977 NiS2 + 0.0186 Nd(PO3)3 + 0.4005 P2S7 + 0.07332 PCl5
LiNiO2,ndo_li_002,4.5,1.0,-1.406429,0,1,Li5.34Nd0.02P1S4.37Cl1.6O0.03 -> 5.34 Li + 1.171 SCl + 0.003333 Nd(PO3)3 + 0.4571 P2S7 + 0.07588 PCl5 + 0.01667 NdCl3
LiNiO2,nd_p_002_asused,2.5,0.0,-0.043,0,0,LiNiO2 + Li -> NiO + Li2O
LiNiO2,nd_p_002_asused,2.5,0.126887,-0.544593,0,0,0.04464 Li5.44Nd0.02P0.98S4.37Cl1.6O0.03 + 0.9554 LiNiO2 -> 0.6054 Li + 0.9554 NiO + 0.04375 Li3PO4 + 0.0004464 Nd2O3 + 0.1951 Li2SO4 + 0.07143 LiCl
LiNiO2,nd_p_002_asused,2.5,0.126939,-0.544694,0,0,0.04466 Li5.44Nd0.02P0.98S4.37Cl1.6O0.03 + 0.9553 LiNiO2 -> 0.6061 Li + 0.0002978 Nd3PO7 + 0.9553 NiO + 0.04347 Li3PO4 + 0.1952 Li2SO4 + 0.07146 LiCl
LiNiO2,nd_p_002_asused,2.5,0.127042,-0.544805,0,1,0.0447 Li5.44Nd0.02P0.98S4.37Cl1.6O0.03 + 0.9553 LiNiO2 -> 0.6075 Li + 0.9553 NiO + 0.04291 Li3PO4 + 0.0008941 NdPO4 + 0.1954 Li2SO4 + 0.07152 LiCl
LiNiO2,nd_p_002_asused,2.5,0.225444,-0.614307,0,1,0.08558 Li5.44Nd0.02P0.98S4.37Cl1.6O0.03 + 0.9144 LiNiO2 -> 0.2486 Li + 0.08216 Li3PO4 + 0.001712 NdPO4 + 0.374 Li2SO4 + 0.9144 Ni + 0.1369 LiCl
LiNiO2,nd_p_002_asused,2.5,0.404459,-0.74967,0,1,0.1792 Li5.44Nd0.02P0.98S4.37Cl1.6O0.03 + 0.8208 LiNiO2 -> 0.5207 Li + 0.2736 Ni3S2 + 0.1721 Li3PO4 + 0.003585 NdPO4 + 0.2361 Li2SO4 + 0.2868 LiCl
LiNiO2,nd_p_002_asused,2.5,0.447057,-0.759859,0,1,0.2063 Li5.44Nd0.02P0.98S4.37Cl1.6O0.03 + 0.7937 LiNiO2 -> 0.5994 Li + 0.08819 Ni9S8 + 0.1981 Li3PO4 + 0.004127 NdPO4 + 0.1962 Li2SO4 + 0.3301 LiCl
LiNiO2,nd_p_002_asused,2.5,0.51626,-0.773084,1,1,0.2555 Li5.44Nd0.02P0.98S4.37Cl1.6O0.03 + 0.7445 LiNiO2 -> 0.7422 Li + 0.2453 Li3PO4 + 0.00511 NdPO4 + 0.2482 Ni3S4 + 0.1238 Li2SO4 + 0.4088 LiCl
LiNiO2,nd_p_002_asused,2.5,0.59272,-0.73483,0,1,0.3188 Li5.44Nd0.02P0.98S4.37Cl1.6O0.03 + 0.6812 LiNiO2 -> 0.926 Li + 0.6812 NiS2 + 0.306 Li3PO4 + 0.006376 NdPO4 + 0.0306 Li2SO4 + 0.51 LiCl
LiNiO2,nd_p_002_asused,2.5,0.615232,-0.715129,0,1,0.3396 Li5.44Nd0.02P0.98S4.37Cl1.6O0.03 + 0.6604 LiNiO2 -> 0.9457 Li + 0.6604 NiS2 + 0.326 Li3PO4 + 0.006791 NdPO4 + 0.5433 LiCl + 0.04075 LiS4
LiNiO2,nd_p_002_asused,2.5,0.992026,-0.113812,0,1,0.9756 Li5.44Nd0.02P0.98S4.37Cl1.6O0.03 + 0.02439 LiNiO2 -> 3.537 Li + 0.02439 NiS2 + 0.4683 P2S7 + 0.01951 NdPO4 + 1.561 LiCl + 0.2341 LiS4
LiNiO2,nd_p_002_asused,2.5,1.0,-0.099181,0,1,Li5.44Nd0.02P0.98S4.37Cl1.6O0.03 -> 3.6 Li + 0.48 P2S7 + 0.0125 NdPS4 + 0.0075 NdPO4 + 1.6 LiCl + 0.24 LiS4
LiNiO2,nd_p_002_asused,3.0,0.0,-0.0,0,0,LiNiO2 -> LiNiO2
LiNiO2,nd_p_002_asused,3.0,0.126887,-0.639818,0,0,0.04464 Li5.44Nd0.02P0.98S4.37Cl1.6O0.03 + 0.9554 LiNiO2 -> 0.6054 Li + 0.04375 Li3PO4 + 0.9554 NiO + 0.1951 Li2SO4 + 0.0004464 Nd2O3 + 0.07143 LiCl
LiNiO2,nd_p_002_asused,3.0,0.126939,-0.640029,0,0,0.04466 Li5.44Nd0.02P0.98S4.37Cl1.6O0.03 + 0.9553 LiNiO2 -> 0.6061 Li + 0.0002978 Nd3PO7 + 0.04347 Li3PO4 + 0.9553 NiO + 0.1952 Li2SO4 + 0.07146 LiCl
LiNiO2,nd_p_002_asused,3.0,0.127042,-0.640361,0,1,0.0447 Li5.44Nd0.02P0.98S4.37Cl1.6O0.03 + 0.9553 LiNiO2 -> 0.6075 Li + 0.0008941 NdPO4 + 0.04291 Li3PO4 + 0.9553 NiO + 0.1954 Li2SO4 + 0.07152 LiCl
LiNiO2,nd_p_002_asused,3.0,0.131334,-0.647381,0,1,0.04636 Li5.44Nd0.02P0.98S4.37Cl1.6O0.03 + 0.9536 LiNiO2 -> 0.6671 Li + 0.03709 NiCl2 + 0.0009272 NdPO4 + 0.04451 Li3PO4 + 0.9166 NiO + 0.2026 Li2SO4
LiNiO2,nd_p_002_asused,3.0,0.136884,-0.656004,0,1,0.04852 Li5.44Nd0.02P0.98S4.37Cl1.6O0.03 + 0.9515 LiNiO2 -> 0.7448 Li + 0.04658 LiNiPO4 + 0.03882 NiCl2 + 0.0009704 NdPO4 + 0.8661 NiO + 0.212 Li2SO4
LiNiO2,nd_p_002_asused,3.0,0.139838,-0.659164,0,1,0.04968 Li5.44Nd0.02P0.98S4.37Cl1.6O0.03 + 0.9503 LiNiO2 -> 0.7864 Li + 0.02385 Ni3(PO4)2 + 0.03974 NiCl2 + 0.0009935 NdPO4 + 0.839 NiO + 0.2171 Li2SO4
LiNiO2,nd_p_002_asused,3.0,0.346739,-0.809225,0,1,0.1458 Li5.44Nd0.02P0.98S4.37Cl1.6O0.03 + 0.8542 LiNiO2 -> 1.077 Li + 0.06998 Ni3(PO4)2 + 0.1759 Ni3S2 + 0.1166 NiCl2 + 0.002916 NdPO4 + 0.2853 Li2SO4
LiNiO2,nd_p_002_asused,3.0,0.357677,-0.814492,0,1,0.1519 Li5.44Nd0.02P0.98S4.37Cl1.6O0.03 + 0.8481 LiNiO2 -> 0.9757 Li + 0.1458 LiNiPO4 + 0.1936 Ni3S2 + 0.1215 NiCl2 + 0.003037 NdPO4 + 0.2764 Li2SO4
LiNiO2,nd_p_002_asused,3.0,0.384758,-0.82712,0,1,0.1674 Li5.44Nd0.02P0.98S4.37Cl1.6O0.03 + 0.8326 LiNiO2 -> 1.076 Li + 0.05977 Ni9S8 + 0.1607 LiNiPO4 + 0.1339 NiCl2 + 0.003348 NdPO4 + 0.2535 Li2SO4
LiNiO2,nd_p_002_asused,3.0,0.425789,-0.844027,0,1,0.1925 Li5.44Nd0.02P0.98S4.37Cl1.6O0.03 + 0.8075 LiNiO2 -> 1.237 Li + 0.1848 LiNiPO4 + 0.154 NiCl2 + 0.003851 NdPO4 + 0.1562 Ni3S4 + 0.2165 Li2SO4
LiNiO2,nd_p_002_asused,3.0,0.470791,-0.855314,0,1,0.2224 Li5.44Nd0.02P0.98S4.37Cl1.6O0.03 + 0.7776 LiNiO2 -> 1.002 Li + 0.1779 NiCl2 + 0.004448 NdPO4 + 0.2135 Li3PO4 + 0.1999 Ni3S4 + 0.1725 Li2SO4
LiNiO2,nd_p_002_asused,3.0,0.51626,-0.865352,0,1,0.2555 Li5.44Nd0.02P0.98S4.37Cl1.6O0.03 + 0.7445 LiNiO2 -> 0.7422 Li + 0.00511 NdPO4 + 0.2453 Li3PO4 + 0.2482 Ni3S4 + 0.1238 Li2SO4 + 0.4088 LiCl
LiNiO2,nd_p_002_asused,3.0,0.521931,-0.865887,1,1,0.2598 Li5.44Nd0.02P0.98S4.37Cl1.6O0.03 + 0.7402 LiNiO2 -> 0.9419 Li + 0.1247 Li4P2O7 + 0.005197 NdPO4 + 0.2467 Ni3S4 + 0.1486 Li2SO4 + 0.4157 LiCl
LiNiO2,nd_p_002_asused,3.0,0.598192,-0.844027,0,1,0.3237 Li5.44Nd0.02P0.98S4.37Cl1.6O0.03 + 0.6763 LiNiO2 -> 1.174 Li + 0.6763 NiS2 + 0.1554 Li4P2O7 + 0.006475 NdPO4 + 0.06216 Li2SO4 + 0.518 LiCl
LiNiO2,nd_p_002_asused,3.0,0.645898,-0.802762,0,1,0.3697 Li5.44Nd0.02P0.98S4.37Cl1.6O0.03 + 0.6303 LiNiO2 -> 1.251 Li + 0.6303 NiS2 + 0.1774 Li4P2O7 + 0.007394 NdPO4 + 0.5915 LiCl + 0.08872 LiS4
LiNiO2,nd_p_002_asused,3.0,0.649269,-0.799501,0,1,0.3731 Li5.44Nd0.02P0.98S4.37Cl1.6O0.03 + 0.6269 LiNiO2 -> 1.286 Li + 0.6269 NiS2 + 0.1679 Li4P2O7 + 0.007463 LiNd(PO3)4 + 0.597 LiCl + 0.09422 LiS4
LiNiO2,nd_p_002_asused,3.0,0.681271,-0.767217,0,1,0.4073 Li5.44Nd0.02P0.98S4.37Cl1.6O0.03 + 0.5927 LiNiO2 -> 1.633 Li + 0.5927 NiS2 + 0.008147 LiNd(PO3)4 + 0.3666 LiPO3 + 0.6517 LiCl + 0.1487 LiS4
LiNiO2,nd_p_002_asused,3.0,0.967341,-0.404987,0,1,0.905 Li5.44Nd0.02P0.98S4.37Cl1.6O0.03 + 0.09502 LiNiO2 -> 3.324 Li + 0.09502 NiS2 + 0.4072 P2S7 + 0.0181 LiNd(PO3)4 + 1.448 LiCl + 0.2285 LiS4
LiNiO2,nd_p_002_asused,3.0,0.992026,-0.369996,0,1,0.9756 Li5.44Nd0.02P0.98S4.37Cl1.6O0.03 + 0.02439 LiNiO2 -> 3.537 Li + 0.02439 NiS2 + 0.4683 P2S7 + 0.01951 NdPO4 + 1.561 LiCl + 0.2341 LiS4
LiNiO2,nd_p_002_asused,3.0,1.0,-0.358268,0,1,Li5.44Nd0.02P0.98S4.37Cl1.6O0.03 -> 3.636 Li + 0.4862 P2S7 + 0.0075 NdPO4 + 0.0125 NdCl3 + 1.563 LiCl + 0.2416 LiS4
LiNiO2,nd_p_002_asused,3.5,0.0,-0.005137,0,0,LiNiO2 -> 0.5 Li + 0.5 Li(NiO2)2
LiNiO2,nd_p_002_asused,3.5,0.100582,-0.606225,0,0,0.03471 Li5.44Nd0.02P0.98S4.37Cl1.6O0.03 + 0.9653 LiNiO2 -> 0.6932 Li + 0.0006942 NdNiO3 + 0.05554 LiClO4 + 0.03402 Li3PO4 + 0.9646 NiO + 0.1517 Li2SO4
LiNiO2,nd_p_002_asused,3.5,0.100647,-0.60659,0,0,0.03473 Li5.44Nd0.02P0.98S4.37Cl1.6O0.03 + 0.9653 LiNiO2 -> 0.6936 Li + 0.0002316 Nd3PO7 + 0.05557 LiClO4 + 0.03381 Li3PO4 + 0.9653 NiO + 0.1518 Li2SO4
LiNiO2,nd_p_002_asused,3.5,0.100712,-0.60694,0,1,0.03476 Li5.44Nd0.02P0.98S4.37Cl1.6O0.03 + 0.9652 LiNiO2 -> 0.6948 Li + 0.0006952 NdPO4 + 0.05561 LiClO4 + 0.03337 Li3PO4 + 0.9652 NiO + 0.1519 Li2SO4
LiNiO2,nd_p_002_asused,3.5,0.127042,-0.735917,0,1,0.0447 Li5.44Nd0.02P0.98S4.37Cl1.6O0.03 + 0.9553 LiNiO2 -> 0.6075 Li + 0.0008941 NdPO4 + 0.04291 Li3PO4 + 0.9553 NiO + 0.1954 Li2SO4 + 0.07152 LiCl
LiNiO2,nd_p_002_asused,3.5,0.131334,-0.752097,0,1,0.04636 Li5.44Nd0.02P0.98S4.37Cl1.6O0.03 + 0.9536 LiNiO2 -> 0.6671 Li + 0.0009272 NdPO4 + 0.03709 NiCl2 + 0.04451 Li3PO4 + 0.9166 NiO + 0.2026 Li2SO4
LiNiO2,nd_p_002_asused,3.5,0.136884,-0.772592,0,1,0.04852 Li5.44Nd0.02P0.98S4.37Cl1.6O0.03 + 0.9515 LiNiO2 -> 0.7448 Li + 0.04658 LiNiPO4 + 0.0009704 NdPO4 + 0.03882 NiCl2 + 0.8661 NiO + 0.212 Li2SO4
LiNiO2,nd_p_002_asused,3.5,0.139838,-0.782086,0,1,0.04968 Li5.44Nd0.02P0.98S4.37Cl1.6O0.03 + 0.9503 LiNiO2 -> 0.7864 Li + 0.02385 Ni3(PO4)2 + 0.0009935 NdPO4 + 0.03974 NiCl2 + 0.839 NiO + 0.2171 Li2SO4
LiNiO2,nd_p_002_asused,3.5,0.174035,-0.872006,0,1,0.06345 Li5.44Nd0.02P0.98S4.37Cl1.6O0.03 + 0.9365 LiNiO2 -> 1.282 Li + 0.03046 Ni3(PO4)2 + 0.001269 NdPO4 + 0.05076 NiCl2 + 0.2773 NiSO4 + 0.5171 NiO
LiNiO2,nd_p_002_asused,3.5,0.295206,-0.981445,0,1,0.1187 Li5.44Nd0.02P0.98S4.37Cl1.6O0.03 + 0.8813 LiNiO2 -> 1.527 Li + 0.09674 Ni3S2 + 0.05697 Ni3(PO4)2 + 0.002374 NdPO4 + 0.09496 NiCl2 + 0.3252 NiSO4
LiNiO2,nd_p_002_asused,3.5,0.312258,-0.993603,0,1,0.1274 Li5.44Nd0.02P0.98S4.37Cl1.6O0.03 + 0.8726 LiNiO2 -> 1.566 Li + 0.06115 Ni3(PO4)2 + 0.03054 Ni9S8 + 0.002548 NdPO4 + 0.1019 NiCl2 + 0.3124 NiSO4
LiNiO2,nd_p_002_asused,3.5,0.340342,-1.012423,0,1,0.1423 Li5.44Nd0.02P0.98S4.37Cl1.6O0.03 + 0.8577 LiNiO2 -> 1.632 Li + 0.0683 Ni3(PO4)2 + 0.002846 NdPO4 + 0.1138 NiCl2 + 0.2905 NiSO4 + 0.08283 Ni3S4
LiNiO2,nd_p_002_asused,3.5,0.360639,-1.019788,0,1,0.1535 Li5.44Nd0.02P0.98S4.37Cl1.6O0.03 + 0.8465 LiNiO2 -> 1.682 Li + 0.07369 Ni2P2O7 + 0.003071 NdPO4 + 0.1228 NiCl2 + 0.2924 NiSO4 + 0.09464 Ni3S4
LiNiO2,nd_p_002_asused,3.5,0.383511,-1.025873,0,1,0.1667 Li5.44Nd0.02P0.98S4.37Cl1.6O0.03 + 0.8333 LiNiO2 -> 1.74 Li + 0.08001 Ni(PO3)2 + 0.003334 NdPO4 + 0.1333 NiCl2 + 0.2946 NiSO4 + 0.1085 Ni3S4
LiNiO2,nd_p_002_asused,3.5,0.384527,-1.026097,0,0,0.1673 Li5.44Nd0.02P0.98S4.37Cl1.6O0.03 + 0.8327 LiNiO2 -> 1.743 Li + 0.08197 Ni(PO3)2 + 0.001673 Nd2(SO4)3 + 0.1338 NiCl2 + 0.2896 NiSO4 + 0.1091 Ni3S4
LiNiO2,nd_p_002_asused,3.5,0.430847,-1.029897,0,0,0.1958 Li5.44Nd0.02P0.98S4.37Cl1.6O0.03 + 0.8042 LiNiO2 -> 1.869 Li + 0.09592 Ni(PO3)2 + 0.001958 Nd2(SO4)3 + 0.2979 NiS2 + 0.1566 NiCl2 + 0.2538 NiSO4
LiNiO2,nd_p_002_asused,3.5,0.503155,-1.034648,0,0,0.2456 Li5.44Nd0.02P0.98S4.37Cl1.6O0.03 + 0.7544 LiNiO2 -> 1.708 Li + 0.1204 Ni(PO3)2 + 0.002456 Nd2(SO4)3 + 0.4375 NiS2 + 0.1965 NiCl2 + 0.1911 Li2SO4
LiNiO2,nd_p_002_asused,3.5,0.505773,-1.034812,1,1,0.2476 Li5.44Nd0.02P0.98S4.37Cl1.6O0.03 + 0.7524 LiNiO2 -> 1.702 Li + 0.1114 Ni(PO3)2 + 0.4429 NiS2 + 0.004952 LiNd(PO3)4 + 0.1981 NiCl2 + 0.1961 Li2SO4
LiNiO2,nd_p_002_asused,3.5,0.51584,-1.033137,0,1,0.2552 Li5.44Nd0.02P0.98S4.37Cl1.6O0.03 + 0.7448 LiNiO2 -> 1.678 Li + 0.07655 LiNi(PO3)3 + 0.4641 NiS2 + 0.005103 LiNd(PO3)4 + 0.2041 NiCl2 + 0.1868 Li2SO4
LiNiO2,nd_p_002_asused,3.5,0.537226,-1.027745,0,1,0.2718 Li5.44Nd0.02P0.98S4.37Cl1.6O0.03 + 0.7282 LiNiO2 -> 1.624 Li + 0.5107 NiS2 + 0.005436 LiNd(PO3)4 + 0.2175 NiCl2 + 0.1663 Li2SO4 + 0.2446 LiPO3
LiNiO2,nd_p_002_asused,3.5,0.681271,-0.980406,0,1,0.4073 Li5.44Nd0.02P0.98S4.37Cl1.6O0.03 + 0.5927 LiNiO2 -> 2.434 Li + 0.5784 NiS2 + 0.008147 LiNd(PO3)4 + 0.6232 SCl + 0.01426 NiCl2 + 0.3666 LiPO3
LiNiO2,nd_p_002_asused,3.5,0.685211,-0.977877,0,1,0.4117 Li5.44Nd0.02P0.98S4.37Cl1.6O0.03 + 0.5883 LiNiO2 -> 2.457 Li + 0.5883 NiS2 + 0.007205 PCl5 + 0.008235 LiNd(PO3)4 + 0.6227 SCl + 0.3634 LiPO3
LiNiO2,nd_p_002_asused,3.5,0.967341,-0.704109,0,1,0.905 Li5.44Nd0.02P0.98S4.37Cl1.6O0.03 + 0.09502 LiNiO2 -> 5 Li + 0.3758 P2S7 + 0.09502 NiS2 + 0.06282 PCl5 + 0.0181 LiNd(PO3)4 + 1.134 SCl
LiNiO2,nd_p_002_asused,3.5,1.0,-0.667159,0,1,Li5.44Nd0.02P0.98S4.37Cl1.6O0.03 -> 5.438 Li + 0.4513 P2S7 + 0.06735 PCl5 + 0.0025 LiNd(PO3)4 + 1.211 SCl + 0.0175 NdCl3
LiNiO2,nd_p_002_asused,4.0,0.0,-0.150151,0,0,LiNiO2 -> Li + 0.3333 Ni3O4 + 0.3333 O2
LiNiO2,nd_p_002_asused,4.0,0.072587,-0.558255,0,1,0.02455 Li5.44Nd0.02P0.98S4.37Cl1.6O0.03 + 0.9755 LiNiO2 -> 0.8316 Li + 0.02357 LiNiPO4 + 0.03928 LiClO4 + 0.3173 Ni3O4 + 0.1073 Li2SO4 + 0.000491 NdPO4
LiNiO2,nd_p_002_asused,4.0,0.103944,-0.737401,0,1,0.03596 Li5.44Nd0.02P0.98S4.37Cl1.6O0.03 + 0.964 LiNiO2 -> 0.7533 Li + 0.03452 LiNiPO4 + 0.05753 LiClO4 + 0.9295 NiO + 0.1571 Li2SO4 + 0.0007192 NdPO4
LiNiO2,nd_p_002_asused,4.0,0.105639,-0.746712,0,1,0.03659 Li5.44Nd0.02P0.98S4.37Cl1.6O0.03 + 0.9634 LiNiO2 -> 0.7841 Li + 0.01756 Ni3(PO4)2 + 0.05854 LiClO4 + 0.9107 NiO + 0.1599 Li2SO4 + 0.0007318 NdPO4
LiNiO2,nd_p_002_asused,4.0,0.124053,-0.833599,0,1,0.04355 Li5.44Nd0.02P0.98S4.37Cl1.6O0.03 + 0.9564 LiNiO2 -> 1.124 Li + 0.02091 Ni3(PO4)2 + 0.06969 LiClO4 + 0.7034 NiO + 0.1903 NiSO4 + 0.0008711 NdPO4
LiNiO2,nd_p_002_asused,4.0,0.174035,-1.068964,0,1,0.06345 Li5.44Nd0.02P0.98S4.37Cl1.6O0.03 + 0.9365 LiNiO2 -> 1.282 Li + 0.03046 Ni3(PO4)2 + 0.5171 NiO + 0.2773 NiSO4 + 0.05076 NiCl2 + 0.001269 NdPO4
LiNiO2,nd_p_002_asused,4.0,0.295206,-1.201172,0,1,0.1187 Li5.44Nd0.02P0.98S4.37Cl1.6O0.03 + 0.8813 LiNiO2 -> 1.527 Li + 0.05697 Ni3(PO4)2 + 0.3252 NiSO4 + 0.09674 Ni3S2 + 0.09496 NiCl2 + 0.002374 NdPO4
LiNiO2,nd_p_002_asused,4.0,0.312258,-1.216654,0,1,0.1274 Li5.44Nd0.02P0.98S4.37Cl1.6O0.03 + 0.8726 LiNiO2 -> 1.566 Li + 0.06115 Ni3(PO4)2 + 0.3124 NiSO4 + 0.03054 Ni9S8 + 0.1019 NiCl2 + 0.002548 NdPO4
LiNiO2,nd_p_002_asused,4.0,0.340342,-1.241016,0,1,0.1423 Li5.44Nd0.02P0.98S4.37Cl1.6O0.03 + 0.8577 LiNiO2 -> 1.632 Li + 0.0683 Ni3(PO4)2 + 0.2905 NiSO4 + 0.08283 Ni3S4 + 0.1138 NiCl2 + 0.002846 NdPO4
LiNiO2,nd_p_002_asused,4.0,0.360639,-1.25244,0,1,0.1535 Li5.44Nd0.02P0.98S4.37Cl1.6O0.03 + 0.8465 LiNiO2 -> 1.682 Li + 0.07369 Ni2P2O7 + 0.2924 NiSO4 + 0.09464 Ni3S4 + 0.1228 NiCl2 + 0.003071 NdPO4
LiNiO2,nd_p_002_asused,4.0,0.383511,-1.263152,0,1,0.1667 Li5.44Nd0.02P0.98S4.37Cl1.6O0.03 + 0.8333 LiNiO2 -> 1.74 Li + 0.08001 Ni(PO3)2 + 0.2946 NiSO4 + 0.1085 Ni3S4 + 0.1333 NiCl2 + 0.003334 NdPO4
LiNiO2,nd_p_002_asused,4.0,0.384527,-1.263584,0,0,0.1673 Li5.44Nd0.02P0.98S4.37Cl1.6O0.03 + 0.8327 LiNiO2 -> 1.743 Li + 0.08197 Ni(PO3)2 + 0.2896 NiSO4 + 0.001673 Nd2(SO4)3 + 0.1091 Ni3S4 + 0.1338 NiCl2
LiNiO2,nd_p_002_asused,4.0,0.430847,-1.276943,0,0,0.1958 Li5.44Nd0.02P0.98S4.37Cl1.6O0.03 + 0.8042 LiNiO2 -> 1.869 Li + 0.09592 Ni(PO3)2 + 0.2538 NiSO4 + 0.001958 Nd2(SO4)3 + 0.2979 NiS2 + 0.1566 NiCl2
LiNiO2,nd_p_002_asused,4.0,0.52519,-1.287046,0,0,0.2624 Li5.44Nd0.02P0.98S4.37Cl1.6O0.03 + 0.7376 LiNiO2 -> 2.165 Li + 0.1286 Ni(PO3)2 + 0.3402 SO2 + 0.002624 Nd2(SO4)3 + 0.3992 NiS2 + 0.2099 NiCl2
LiNiO2,nd_p_002_asused,4.0,0.527864,-1.287119,1,1,0.2644 Li5.44Nd0.02P0.98S4.37Cl1.6O0.03 + 0.7356 LiNiO2 -> 2.174 Li + 0.1216 Ni(PO3)2 + 0.3508 SO2 + 0.005289 Nd(PO3)3 + 0.4024 NiS2 + 0.2115 NiCl2
LiNiO2,nd_p_002_asused,4.0,0.64456,-1.281167,0,1,0.3683 Li5.44Nd0.02P0.98S4.37Cl1.6O0.03 + 0.6317 LiNiO2 -> 2.635 Li + 0.1694 Ni(PO3)2 + 0.09576 SO2 + 0.5893 SCl + 0.007366 Nd(PO3)3 + 0.4622 NiS2
LiNiO2,nd_p_002_asused,4.0,0.646794,-1.280906,0,1,0.3706 Li5.44Nd0.02P0.98S4.37Cl1.6O0.03 + 0.6294 LiNiO2 -> 2.645 Li + 0.1631 Ni(PO3)2 + 0.09389 SO2 + 0.007412 NdP5O14 + 0.593 SCl + 0.4663 NiS2
LiNiO2,nd_p_002_asused,4.0,0.672432,-1.273293,0,1,0.3976 Li5.44Nd0.02P0.98S4.37Cl1.6O0.03 + 0.6024 LiNiO2 -> 2.765 Li + 0.08748 NiP4O11 + 0.07157 SO2 + 0.007952 NdP5O14 + 0.6362 SCl + 0.5149 NiS2
LiNiO2,nd_p_002_asused,4.0,0.699663,-1.264604,0,1,0.4283 Li5.44Nd0.02P0.98S4.37Cl1.6O0.03 + 0.5717 LiNiO2 -> 2.901 Li + 0.09422 NiP4O11 + 0.008565 NdP5O14 + 0.6852 SCl + 0.4775 NiS2 + 0.2313 S
LiNiO2,nd_p_002_asused,4.0,0.807582,-1.196957,0,1,0.5744 Li5.44Nd0.02P0.98S4.37Cl1.6O0.03 + 0.4256 LiNiO2 -> 3.55 Li + 0.06433 NiP4O11 + 0.1241 P2S7 + 0.01149 NdP5O14 + 0.919 SCl + 0.3613 NiS2
LiNiO2,nd_p_002_asused,4.0,0.96136,-1.08754,0,1,0.8889 Li5.44Nd0.02P0.98S4.37Cl1.6O0.03 + 0.1111 LiNiO2 -> 4.947 Li + 0.3618 P2S7 + 0.01778 NdP5O14 + 1.129 SCl + 0.05856 PCl5 + 0.1111 NiS2
LiNiO2,nd_p_002_asused,4.0,0.976452,-1.075208,0,1,0.9302 Li5.44Nd0.02P0.98S4.37Cl1.6O0.03 + 0.06977 LiNiO2 -> 5.13 Li + 0.3951 P2S7 + 1.16 SCl + 0.0186 Nd(PO3)3 + 0.06566 PCl5 + 0.06977 NiS2
LiNiO2,nd_p_002_asused,4.0,1.0,-1.055673,0,1,Li5.44Nd0.02P0.98S4.37Cl1.6O0.03 -> 5.44 Li + 0.4512 P2S7 + 1.212 SCl + 0.003333 Nd(PO3)3 + 0.06765 PCl5 + 0.01667 NdCl3
LiNiO2,nd_p_002_asused,4.3,0.0,-0.250151,0,0,LiNiO2 -> Li + 0.3333 Ni3O4 + 0.3333 O2
LiNiO2,nd_p_002_asused,4.3,0.098589,-0.795812,0,1,0.03397 Li5.44Nd0.02P0.98S4.37Cl1.6O0.03 + 0.966 LiNiO2 -> 1.151 Li + 0.02718 Ni(ClO4)2 + 0.01631 Ni3(PO4)2 + 0.2472 Ni3O4 + 0.0006795 NdPO4 + 0.1485 NiSO4
LiNiO2,nd_p_002_asused,4.3,0.128142,-0.963493,0,1,0.04513 Li5.44Nd0.02P0.98S4.37Cl1.6O0.03 + 0.9549 LiNiO2 -> 1.2 Li + 0.0361 Ni(ClO4)2 + 0.02166 Ni3(PO4)2 + 0.0009025 NdPO4 + 0.6566 NiO + 0.1972 NiSO4
LiNiO2,nd_p_002_asused,4.3,0.174035,-1.187139,0,1,0.06345 Li5.44Nd0.02P0.98S4.37Cl1.6O0.03 + 0.9365 LiNiO2 -> 1.282 Li + 0.03046 Ni3(PO4)2 + 0.001269 NdPO4 + 0.05076 NiCl2 + 0.5171 NiO + 0.2773 NiSO4
LiNiO2,nd_p_002_asused,4.3,0.295206,-1.333008,0,1,0.1187 Li5.44Nd0.02P0.98S4.37Cl1.6O0.03 + 0.8813 LiNiO2 -> 1.527 Li + 0.05697 Ni3(PO4)2 + 0.002374 NdPO4 + 0.09674 Ni3S2 + 0.09496 NiCl2 + 0.3252 NiSO4
LiNiO2,nd_p_002_asused,4.3,0.312258,-1.350484,0,1,0.1274 Li5.44Nd0.02P0.98S4.37Cl1.6O0.03 + 0.8726 LiNiO2 -> 1.566 Li + 0.06115 Ni3(PO4)2 + 0.002548 NdPO4 + 0.03054 Ni9S8 + 0.1019 NiCl2 + 0.3124 NiSO4
LiNiO2,nd_p_002_asused,4.3,0.340342,-1.378172,0,1,0.1423 Li5.44Nd0.02P0.98S4.37Cl1.6O0.03 + 0.8577 LiNiO2 -> 1.632 Li + 0.0683 Ni3(PO4)2 + 0.002846 NdPO4 + 0.1138 NiCl2 + 0.08283 Ni3S4 + 0.2905 NiSO4
LiNiO2,nd_p_002_asused,4.3,0.360639,-1.392031,0,1,0.1535 Li5.44Nd0.02P0.98S4.37Cl1.6O0.03 + 0.8465 LiNiO2 -> 1.682 Li + 0.07369 Ni2P2O7 + 0.003071 NdPO4 + 0.1228 NiCl2 + 0.09464 Ni3S4 + 0.2924 NiSO4
LiNiO2,nd_p_002_asused,4.3,0.383511,-1.40552,0,1,0.1667 Li5.44Nd0.02P0.98S4.37Cl1.6O0.03 + 0.8333 LiNiO2 -> 1.74 Li + 0.08001 Ni(PO3)2 + 0.003334 NdPO4 + 0.1333 NiCl2 + 0.1085 Ni3S4 + 0.2946 NiSO4
LiNiO2,nd_p_002_asused,4.3,0.384527,-1.406076,0,0,0.1673 Li5.44Nd0.02P0.98S4.37Cl1.6O0.03 + 0.8327 LiNiO2 -> 1.743 Li + 0.08197 Ni(PO3)2 + 0.001673 Nd2(SO4)3 + 0.1338 NiCl2 + 0.1091 Ni3S4 + 0.2896 NiSO4
LiNiO2,nd_p_002_asused,4.3,0.430847,-1.425171,0,0,0.1958 Li5.44Nd0.02P0.98S4.37Cl1.6O0.03 + 0.8042 LiNiO2 -> 1.869 Li + 0.09592 Ni(PO3)2 + 0.2979 NiS2 + 0.001958 Nd2(SO4)3 + 0.1566 NiCl2 + 0.2538 NiSO4
LiNiO2,nd_p_002_asused,4.3,0.52519,-1.447429,0,0,0.2624 Li5.44Nd0.02P0.98S4.37Cl1.6O0.03 + 0.7376 LiNiO2 -> 2.165 Li + 0.1286 Ni(PO3)2 + 0.3992 NiS2 + 0.002624 Nd2(SO4)3 + 0.3402 SO2 + 0.2099 NiCl2
LiNiO2,nd_p_002_asused,4.3,0.527864,-1.447856,0,1,0.2644 Li5.44Nd0.02P0.98S4.37Cl1.6O0.03 + 0.7356 LiNiO2 -> 2.174 Li + 0.1216 Ni(PO3)2 + 0.4024 NiS2 + 0.005289 Nd(PO3)3 + 0.3508 SO2 + 0.2115 NiCl2
LiNiO2,nd_p_002_asused,4.3,0.64456,-1.457906,0,1,0.3683 Li5.44Nd0.02P0.98S4.37Cl1.6O0.03 + 0.6317 LiNiO2 -> 2.635 Li + 0.1694 Ni(PO3)2 + 0.5893 SCl + 0.4622 NiS2 + 0.007366 Nd(PO3)3 + 0.09576 SO2
LiNiO2,nd_p_002_asused,4.3,0.646794,-1.457963,1,1,0.3706 Li5.44Nd0.02P0.98S4.37Cl1.6O0.03 + 0.6294 LiNiO2 -> 2.645 Li + 0.1631 Ni(PO3)2 + 0.593 SCl + 0.007412 NdP5O14 + 0.4663 NiS2 + 0.09389 SO2
LiNiO2,nd_p_002_asused,4.3,0.672432,-1.454021,0,1,0.3976 Li5.44Nd0.02P0.98S4.37Cl1.6O0.03 + 0.6024 LiNiO2 -> 2.765 Li + 0.08748 NiP4O11 + 0.6362 SCl + 0.007952 NdP5O14 + 0.5149 NiS2 + 0.07157 SO2
LiNiO2,nd_p_002_asused,4.3,0.699663,-1.449293,0,1,0.4283 Li5.44Nd0.02P0.98S4.37Cl1.6O0.03 + 0.5717 LiNiO2 -> 2.901 Li + 0.09422 NiP4O11 + 0.6852 SCl + 0.008565 NdP5O14 + 0.4775 NiS2 + 0.2313 S
LiNiO2,nd_p_002_asused,4.3,0.807582,-1.398009,0,1,0.5744 Li5.44Nd0.02P0.98S4.37Cl1.6O0.03 + 0.4256 LiNiO2 -> 3.55 Li + 0.06433 NiP4O11 + 0.919 SCl + 0.01149 NdP5O14 + 0.3613 NiS2 + 0.1241 P2S7
LiNiO2,nd_p_002_asused,4.3,0.96136,-1.313913,0,1,0.8889 Li5.44Nd0.02P0.98S4.37Cl1.6O0.03 + 0.1111 LiNiO2 -> 4.947 Li + 1.129 SCl + 0.01778 NdP5O14 + 0.1111 NiS2 + 0.05856 PCl5 + 0.3618 P2S7
LiNiO2,nd_p_002_asused,4.3,0.976452,-1.304204,0,1,0.9302 Li5.44Nd0.02P0.98S4.37Cl1.6O0.03 + 0.06977 LiNiO2 -> 5.13 Li + 1.16 SCl + 0.06977 NiS2 + 0.0186 Nd(PO3)3 + 0.06566 PCl5 + 0.3951 P2S7
LiNiO2,nd_p_002_asused,4.3,1.0,-1.288816,0,1,Li5.44Nd0.02P0.98S4.37Cl1.6O0.03 -> 5.44 Li + 1.212 SCl + 0.003333 Nd(PO3)3 + 0.06765 PCl5 + 0.4512 P2S7 + 0.01667 NdCl3
LiNiO2,nd_p_002_asused,4.5,0.0,-0.316817,0,0,LiNiO2 -> Li + 0.3333 Ni3O4 + 0.3333 O2
LiNiO2,nd_p_002_asused,4.5,0.098589,-0.86921,0,1,0.03397 Li5.44Nd0.02P0.98S4.37Cl1.6O0.03 + 0.966 LiNiO2 -> 1.151 Li + 0.02718 Ni(ClO4)2 + 0.2472 Ni3O4 + 0.01631 Ni3(PO4)2 + 0.0006795 NdPO4 + 0.1485 NiSO4
LiNiO2,nd_p_002_asused,4.5,0.128142,-1.038976,0,1,0.04513 Li5.44Nd0.02P0.98S4.37Cl1.6O0.03 + 0.9549 LiNiO2 -> 1.2 Li + 0.0361 Ni(ClO4)2 + 0.02166 Ni3(PO4)2 + 0.0009025 NdPO4 + 0.6566 NiO + 0.1972 NiSO4
LiNiO2,nd_p_002_asused,4.5,0.174035,-1.265922,0,1,0.06345 Li5.44Nd0.02P0.98S4.37Cl1.6O0.03 + 0.9365 LiNiO2 -> 1.282 Li + 0.03046 Ni3(PO4)2 + 0.001269 NdPO4 + 0.05076 NiCl2 + 0.5171 NiO + 0.2773 NiSO4
LiNiO2,nd_p_002_asused,4.5,0.295206,-1.420898,0,1,0.1187 Li5.44Nd0.02P0.98S4.37Cl1.6O0.03 + 0.8813 LiNiO2 -> 1.527 Li + 0.05697 Ni3(PO4)2 + 0.002374 NdPO4 + 0.09674 Ni3S2 + 0.09496 NiCl2 + 0.3252 NiSO4
LiNiO2,nd_p_002_asused,4.5,0.312258,-1.439705,0,1,0.1274 Li5.44Nd0.02P0.98S4.37Cl1.6O0.03 + 0.8726 LiNiO2 -> 1.566 Li + 0.06115 Ni3(PO4)2 + 0.03054 Ni9S8 + 0.002548 NdPO4 + 0.1019 NiCl2 + 0.3124 NiSO4
LiNiO2,nd_p_002_asused,4.5,0.340342,-1.469609,0,1,0.1423 Li5.44Nd0.02P0.98S4.37Cl1.6O0.03 + 0.8577 LiNiO2 -> 1.632 Li + 0.0683 Ni3(PO4)2 + 0.002846 NdPO4 + 0.1138 NiCl2 + 0.08283 Ni3S4 + 0.2905 NiSO4
LiNiO2,nd_p_002_asused,4.5,0.360639,-1.485091,0,1,0.1535 Li5.44Nd0.02P0.98S4.37Cl1.6O0.03 + 0.8465 LiNiO2 -> 1.682 Li + 0.07369 Ni2P2O7 + 0.003071 NdPO4 + 0.1228 NiCl2 + 0.09464 Ni3S4 + 0.2924 NiSO4
LiNiO2,nd_p_002_asused,4.5,0.383511,-1.500432,0,1,0.1667 Li5.44Nd0.02P0.98S4.37Cl1.6O0.03 + 0.8333 LiNiO2 -> 1.74 Li + 0.003334 NdPO4 + 0.08001 Ni(PO3)2 + 0.1333 NiCl2 + 0.1085 Ni3S4 + 0.2946 NiSO4
LiNiO2,nd_p_002_asused,4.5,0.384527,-1.501071,0,0,0.1673 Li5.44Nd0.02P0.98S4.37Cl1.6O0.03 + 0.8327 LiNiO2 -> 1.743 Li + 0.08197 Ni(PO3)2 + 0.001673 Nd2(SO4)3 + 0.1338 NiCl2 + 0.1091 Ni3S4 + 0.2896 NiSO4
LiNiO2,nd_p_002_asused,4.5,0.430847,-1.523989,0,0,0.1958 Li5.44Nd0.02P0.98S4.37Cl1.6O0.03 + 0.8042 LiNiO2 -> 1.869 Li + 0.2979 NiS2 + 0.09592 Ni(PO3)2 + 0.001958 Nd2(SO4)3 + 0.1566 NiCl2 + 0.2538 NiSO4
LiNiO2,nd_p_002_asused,4.5,0.52519,-1.55435,0,0,0.2624 Li5.44Nd0.02P0.98S4.37Cl1.6O0.03 + 0.7376 LiNiO2 -> 2.165 Li + 0.3992 NiS2 + 0.3402 SO2 + 0.1286 Ni(PO3)2 + 0.002624 Nd2(SO4)3 + 0.2099 NiCl2
LiNiO2,nd_p_002_asused,4.5,0.527864,-1.555013,0,1,0.2644 Li5.44Nd0.02P0.98S4.37Cl1.6O0.03 + 0.7356 LiNiO2 -> 2.174 Li + 0.4024 NiS2 + 0.3508 SO2 + 0.1216 Ni(PO3)2 + 0.005289 Nd(PO3)3 + 0.2115 NiCl2
LiNiO2,nd_p_002_asused,4.5,0.64456,-1.575733,0,1,0.3683 Li5.44Nd0.02P0.98S4.37Cl1.6O0.03 + 0.6317 LiNiO2 -> 2.635 Li + 0.5893 SCl + 0.4622 NiS2 + 0.09576 SO2 + 0.1694 Ni(PO3)2 + 0.007366 Nd(PO3)3
LiNiO2,nd_p_002_asused,4.5,0.646794,-1.576001,1,1,0.3706 Li5.44Nd0.02P0.98S4.37Cl1.6O0.03 + 0.6294 LiNiO2 -> 2.645 Li + 0.007412 NdP5O14 + 0.593 SCl + 0.4663 NiS2 + 0.09389 SO2 + 0.1631 Ni(PO3)2
LiNiO2,nd_p_002_asused,4.5,0.672432,-1.574506,0,1,0.3976 Li5.44Nd0.02P0.98S4.37Cl1.6O0.03 + 0.6024 LiNiO2 -> 2.765 Li + 0.08748 NiP4O11 + 0.007952 NdP5O14 + 0.6362 SCl + 0.5149 NiS2 + 0.07157 SO2
LiNiO2,nd_p_002_asused,4.5,0.699663,-1.572419,0,1,0.4283 Li5.44Nd0.02P0.98S4.37Cl1.6O0.03 + 0.5717 LiNiO2 -> 2.901 Li + 0.09422 NiP4O11 + 0.008565 NdP5O14 + 0.6852 SCl + 0.4775 NiS2 + 0.2313 S
LiNiO2,nd_p_002_asused,4.5,0.807582,-1.532044,0,1,0.5744 Li5.44Nd0.02P0.98S4.37Cl1.6O0.03 + 0.4256 LiNiO2 -> 3.55 Li + 0.06433 NiP4O11 + 0.01149 NdP5O14 + 0.919 SCl + 0.3613 NiS2 + 0.1241 P2S7
LiNiO2,nd_p_002_asused,4.5,0.96136,-1.464828,0,1,0.8889 Li5.44Nd0.02P0.98S4.37Cl1.6O0.03 + 0.1111 LiNiO2 -> 4.947 Li + 0.01778 NdP5O14 + 1.129 SCl + 0.1111 NiS2 + 0.3618 P2S7 + 0.05856 PCl5
LiNiO2,nd_p_002_asused,4.5,0.976452,-1.456869,0,1,0.9302 Li5.44Nd0.02P0.98S4.37Cl1.6O0.03 + 0.06977 LiNiO2 -> 5.13 Li + 1.16 SCl + 0.06977 NiS2 + 0.0186 Nd(PO3)3 + 0.3951 P2S7 + 0.06566 PCl5
LiNiO2,nd_p_002_asused,4.5,1.0,-1.444245,0,1,Li5.44Nd0.02P0.98S4.37Cl1.6O0.03 -> 5.44 Li + 1.212 SCl + 0.003333 Nd(PO3)3 + 0.4512 P2S7 + 0.06765 PCl5 + 0.01667 NdCl3
LiMnO2,comp1,2.5,0.0,0.0,0,0,LiMnO2 -> LiMnO2
LiMnO2,comp1,2.5,0.082803,-0.175381,0,0,0.973 LiMnO2 + 0.02703 Li6PS5Cl -> 0.7568 Li + 0.3243 Mn3O4 + 0.02703 Li3PO4 + 0.1351 Li2SO4 + 0.02703 LiCl
LiMnO2,comp1,2.5,0.119266,-0.210251,0,0,0.96 LiMnO2 + 0.04 Li6PS5Cl -> 0.64 Li + 0.04 Li3PO4 + 0.96 MnO + 0.2 Li2SO4 + 0.04 LiCl
LiMnO2,comp1,2.5,0.12381,-0.213693,0,0,0.9583 LiMnO2 + 0.04167 Li6PS5Cl -> 0.7083 Li + 0.04167 LiMnPO4 + 0.9167 MnO + 0.2083 Li2SO4 + 0.04167 LiCl
LiMnO2,comp1,2.5,0.503876,-0.44561,0,0,0.7619 LiMnO2 + 0.2381 Li6PS5Cl -> 1.429 Li + 0.2381 LiMnPO4 + 0.1429 Li2SO4 + 0.5238 MnS2 + 0.2381 LiCl
LiMnO2,comp1,2.5,0.575221,-0.490302,1,0,0.7059 LiMnO2 + 0.2941 Li6PS5Cl -> 1.176 Li + 0.2941 Li3PO4 + 0.05882 Li2SO4 + 0.7059 MnS2 + 0.2941 LiCl
LiMnO2,comp1,2.5,0.619048,-0.481221,0,0,0.6667 LiMnO2 + 0.3333 Li6PS5Cl -> 1.25 Li + 0.3333 Li3PO4 + 0.6667 MnS2 + 0.3333 LiCl + 0.08333 LiS4
LiMnO2,comp1,2.5,1.0,-0.149197,0,0,Li6PS5Cl -> 4.625 Li + 0.5 P2S7 + LiCl + 0.375 LiS4
LiMnO2,comp1,3.0,0.0,-0.032964,0,0,LiMnO2 -> 0.5 Li + 0.5 LiMn2O4
LiMnO2,comp1,3.0,0.063415,-0.237954,0,0,0.9796 LiMnO2 + 0.02041 Li6PS5Cl -> 0.8163 Li + 0.4898 Mn2O3 + 0.02041 Li3PO4 + 0.102 Li2SO4 + 0.02041 LiCl
LiMnO2,comp1,3.0,0.082803,-0.29712,0,0,0.973 LiMnO2 + 0.02703 Li6PS5Cl -> 0.7568 Li + 0.02703 Li3PO4 + 0.1351 Li2SO4 + 0.3243 Mn3O4 + 0.02703 LiCl
LiMnO2,comp1,3.0,0.087248,-0.307368,0,0,0.9714 LiMnO2 + 0.02857 Li6PS5Cl -> 0.8 Li + 0.02857 LiMnPO4 + 0.1429 Li2SO4 + 0.3143 Mn3O4 + 0.02857 LiCl
LiMnO2,comp1,3.0,0.089655,-0.312123,0,0,0.9706 LiMnO2 + 0.02941 Li6PS5Cl -> 0.8235 Li + 0.01471 Mn3(PO4)2 + 0.1471 Li2SO4 + 0.3088 Mn3O4 + 0.02941 LiCl
LiMnO2,comp1,3.0,0.104,-0.338546,0,0,0.9655 LiMnO2 + 0.03448 Li6PS5Cl -> 0.9655 Li + 0.01724 Mn3(PO4)2 + 0.08621 Li2Mn(SO4)2 + 0.2759 Mn3O4 + 0.03448 LiCl
LiMnO2,comp1,3.0,0.12381,-0.370424,0,0,0.9583 LiMnO2 + 0.04167 Li6PS5Cl -> 1.167 Li + 0.02083 Mn3(PO4)2 + 0.2083 MnSO4 + 0.2292 Mn3O4 + 0.04167 LiCl
LiMnO2,comp1,3.0,0.128713,-0.377862,0,0,0.9565 LiMnO2 + 0.04348 Li6PS5Cl -> 1.217 Li + 0.02174 Mn3(PO4)2 + 0.2174 MnSO4 + 0.02174 MnCl2 + 0.2174 Mn3O4
LiMnO2,comp1,3.0,0.160494,-0.406914,0,0,0.9444 LiMnO2 + 0.05556 Li6PS5Cl -> 1.278 Li + 0.02778 Mn3(PO4)2 + 0.5556 MnO + 0.2778 MnSO4 + 0.02778 MnCl2
LiMnO2,comp1,3.0,0.378641,-0.581217,0,0,0.8421 LiMnO2 + 0.1579 Li6PS5Cl -> 1.789 Li + 0.07895 Mn3(PO4)2 + 0.2632 MnSO4 + 0.07895 MnCl2 + 0.2632 MnS2
LiMnO2,comp1,3.0,0.410526,-0.595937,0,0,0.8235 LiMnO2 + 0.1765 Li6PS5Cl -> 1.706 Li + 0.08824 Mn3(PO4)2 + 0.2353 MnSO4 + 0.3235 MnS2 + 0.1765 LiCl
LiMnO2,comp1,3.0,0.448276,-0.611799,0,0,0.8 LiMnO2 + 0.2 Li6PS5Cl -> 1.6 Li + 0.1 Mn3(PO4)2 + 0.1 Li2Mn(SO4)2 + 0.4 MnS2 + 0.2 LiCl
LiMnO2,comp1,3.0,0.474453,-0.619628,0,0,0.7826 LiMnO2 + 0.2174 Li6PS5Cl -> 1.522 Li + 0.1087 Mn3(PO4)2 + 0.4565 MnS2 + 0.1739 Li2SO4 + 0.2174 LiCl
LiMnO2,comp1,3.0,0.507812,-0.627873,0,0,0.759 LiMnO2 + 0.241 Li6PS5Cl -> 1.627 Li + 0.1205 Mn2P2O7 + 0.5181 MnS2 + 0.1687 Li2SO4 + 0.241 LiCl
LiMnO2,comp1,3.0,0.541667,-0.63238,0,0,0.7333 LiMnO2 + 0.2667 Li6PS5Cl -> 1.533 Li + 0.1333 Li2MnP2O7 + 0.6 MnS2 + 0.1333 Li2SO4 + 0.2667 LiCl
LiMnO2,comp1,3.0,0.580357,-0.636008,1,0,0.7015 LiMnO2 + 0.2985 Li6PS5Cl -> 1.418 Li + 0.1493 Li4P2O7 + 0.7015 MnS2 + 0.08955 Li2SO4 + 0.2985 LiCl
LiMnO2,comp1,3.0,0.65,-0.627655,0,0,0.6364 LiMnO2 + 0.3636 Li6PS5Cl -> 1.591 Li + 0.1818 Li4P2O7 + 0.6364 MnS2 + 0.3636 LiCl + 0.1364 LiS4
LiMnO2,comp1,3.0,0.684211,-0.61916,0,0,0.6 LiMnO2 + 0.4 Li6PS5Cl -> 2 Li + 0.6 MnS2 + 0.4 LiPO3 + 0.4 LiCl + 0.2 LiS4
LiMnO2,comp1,3.0,1.0,-0.479554,0,0,Li6PS5Cl -> 4.625 Li + 0.5 P2S7 + LiCl + 0.375 LiS4
LiMnO2,comp1,3.5,0.0,-0.120861,0,0,LiMnO2 -> 0.5455 Li + 0.09091 Li5Mn7O16 + 0.1818 Mn2O3
LiMnO2,comp1,3.5,0.063415,-0.370404,0,0,0.9796 LiMnO2 + 0.02041 Li6PS5Cl -> 0.8163 Li + 0.4898 Mn2O3 + 0.02041 Li3PO4 + 0.102 Li2SO4 + 0.02041 LiCl
LiMnO2,comp1,3.5,0.067358,-0.384637,0,0,0.9783 LiMnO2 + 0.02174 Li6PS5Cl -> 0.8478 Li + 0.02174 LiMnPO4 + 0.4783 Mn2O3 + 0.1087 Li2SO4 + 0.02174 LiCl
LiMnO2,comp1,3.5,0.069519,-0.391833,0,0,0.9775 LiMnO2 + 0.02247 Li6PS5Cl -> 0.8652 Li + 0.01124 Mn3(PO4)2 + 0.4719 Mn2O3 + 0.1124 Li2SO4 + 0.02247 LiCl
LiMnO2,comp1,3.5,0.082803,-0.434631,0,0,0.973 LiMnO2 + 0.02703 Li6PS5Cl -> 0.973 Li + 0.01351 Mn3(PO4)2 + 0.06757 Li2Mn(SO4)2 + 0.4324 Mn2O3 + 0.02703 LiCl
LiMnO2,comp1,3.5,0.102362,-0.494161,0,0,0.9661 LiMnO2 + 0.0339 Li6PS5Cl -> 1.136 Li + 0.01695 Mn3(PO4)2 + 0.3729 Mn2O3 + 0.1695 MnSO4 + 0.0339 LiCl
LiMnO2,comp1,3.5,0.107438,-0.509297,0,0,0.9643 LiMnO2 + 0.03571 Li6PS5Cl -> 1.179 Li + 0.01786 Mn3(PO4)2 + 0.3571 Mn2O3 + 0.01786 MnCl2 + 0.1786 MnSO4
LiMnO2,comp1,3.5,0.128713,-0.569643,0,0,0.9565 LiMnO2 + 0.04348 Li6PS5Cl -> 1.217 Li + 0.02174 Mn3(PO4)2 + 0.02174 MnCl2 + 0.2174 MnSO4 + 0.2174 Mn3O4
LiMnO2,comp1,3.5,0.160494,-0.60519,0,0,0.9444 LiMnO2 + 0.05556 Li6PS5Cl -> 1.278 Li + 0.02778 Mn3(PO4)2 + 0.5556 MnO + 0.02778 MnCl2 + 0.2778 MnSO4
LiMnO2,comp1,3.5,0.378641,-0.827593,0,0,0.8421 LiMnO2 + 0.1579 Li6PS5Cl -> 1.789 Li + 0.07895 Mn3(PO4)2 + 0.07895 MnCl2 + 0.2632 MnS2 + 0.2632 MnSO4
LiMnO2,comp1,3.5,0.40625,-0.840304,0,0,0.8261 LiMnO2 + 0.1739 Li6PS5Cl -> 1.87 Li + 0.08696 Mn2P2O7 + 0.08696 MnCl2 + 0.3043 MnS2 + 0.2609 MnSO4
LiMnO2,comp1,3.5,0.4875,-0.857493,0,0,0.7736 LiMnO2 + 0.2264 Li6PS5Cl -> 2.132 Li + 0.1132 Mn2P2O7 + 0.2264 SCl + 0.3585 MnS2 + 0.1887 MnSO4
LiMnO2,comp1,3.5,0.534247,-0.867598,0,0,0.7391 LiMnO2 + 0.2609 Li6PS5Cl -> 2.304 Li + 0.2609 SCl + 0.4348 MnS2 + 0.1739 MnSO4 + 0.1304 Mn(PO3)2
LiMnO2,comp1,3.5,0.684211,-0.899414,1,0,0.6 LiMnO2 + 0.4 Li6PS5Cl -> 3 Li + 0.4 SCl + 0.4 MnS2 + 0.2 Mn(PO3)2 + 0.8 S
LiMnO2,comp1,3.5,1.0,-0.858114,0,0,Li6PS5Cl -> 6 Li + 0.5 P2S7 + SCl + 0.5 S
LiMnO2,comp1,4.0,0.0,-0.259337,0,0,LiMnO2 -> Li + MnO2
LiMnO2,comp1,4.0,0.105691,-0.689988,0,0,0.9649 LiMnO2 + 0.03509 Li6PS5Cl -> 1.175 Li + 0.03509 Mn2PO5 + 0.3509 Mn2O3 + 0.1754 MnSO4 + 0.01754 MnCl2
LiMnO2,comp1,4.0,0.107438,-0.696797,0,0,0.9643 LiMnO2 + 0.03571 Li6PS5Cl -> 1.179 Li + 0.01786 Mn3(PO4)2 + 0.3571 Mn2O3 + 0.1786 MnSO4 + 0.01786 MnCl2
LiMnO2,comp1,4.0,0.128713,-0.761423,0,0,0.9565 LiMnO2 + 0.04348 Li6PS5Cl -> 1.217 Li + 0.02174 Mn3(PO4)2 + 0.2174 MnSO4 + 0.2174 Mn3O4 + 0.02174 MnCl2
LiMnO2,comp1,4.0,0.160494,-0.803466,0,0,0.9444 LiMnO2 + 0.05556 Li6PS5Cl -> 1.278 Li + 0.02778 Mn3(PO4)2 + 0.5556 MnO + 0.2778 MnSO4 + 0.02778 MnCl2
LiMnO2,comp1,4.0,0.378641,-1.07397,0,0,0.8421 LiMnO2 + 0.1579 Li6PS5Cl -> 1.789 Li + 0.07895 Mn3(PO4)2 + 0.2632 MnS2 + 0.2632 MnSO4 + 0.07895 MnCl2
LiMnO2,comp1,4.0,0.40625,-1.093245,0,0,0.8261 LiMnO2 + 0.1739 Li6PS5Cl -> 1.87 Li + 0.3043 MnS2 + 0.08696 Mn2P2O7 + 0.2609 MnSO4 + 0.08696 MnCl2
LiMnO2,comp1,4.0,0.4875,-1.13044,0,0,0.7736 LiMnO2 + 0.2264 Li6PS5Cl -> 2.132 Li + 0.3585 MnS2 + 0.2264 SCl + 0.1132 Mn2P2O7 + 0.1887 MnSO4
LiMnO2,comp1,4.0,0.534247,-1.152545,0,0,0.7391 LiMnO2 + 0.2609 Li6PS5Cl -> 2.304 Li + 0.4348 MnS2 + 0.2609 SCl + 0.1739 MnSO4 + 0.1304 Mn(PO3)2
LiMnO2,comp1,4.0,0.684211,-1.225501,0,0,0.6 LiMnO2 + 0.4 Li6PS5Cl -> 3 Li + 0.4 MnS2 + 0.4 SCl + 0.2 Mn(PO3)2 + 0.8 S
LiMnO2,comp1,4.0,1.0,-1.286686,1,0,Li6PS5Cl -> 6 Li + 0.5 P2S7 + SCl + 0.5 S
LiMnO2,comp1,4.3,0.0,-0.359337,0,0,LiMnO2 -> Li + MnO2
LiMnO2,comp1,4.3,0.105691,-0.802278,0,0,0.9649 LiMnO2 + 0.03509 Li6PS5Cl -> 1.175 Li + 0.03509 Mn2PO5 + 0.3509 Mn2O3 + 0.1754 MnSO4 + 0.01754 MnCl2
LiMnO2,comp1,4.3,0.107438,-0.809297,0,0,0.9643 LiMnO2 + 0.03571 Li6PS5Cl -> 1.179 Li + 0.3571 Mn2O3 + 0.01786 Mn3(PO4)2 + 0.1786 MnSO4 + 0.01786 MnCl2
LiMnO2,comp1,4.3,0.128713,-0.876492,0,0,0.9565 LiMnO2 + 0.04348 Li6PS5Cl -> 1.217 Li + 0.2174 Mn3O4 + 0.02174 Mn3(PO4)2 + 0.2174 MnSO4 + 0.02174 MnCl2
LiMnO2,comp1,4.3,0.160494,-0.922431,0,0,0.9444 LiMnO2 + 0.05556 Li6PS5Cl -> 1.278 Li + 0.02778 Mn3(PO4)2 + 0.2778 MnSO4 + 0.5556 MnO + 0.02778 MnCl2
LiMnO2,comp1,4.3,0.378641,-1.221796,0,0,0.8421 LiMnO2 + 0.1579 Li6PS5Cl -> 1.789 Li + 0.07895 Mn3(PO4)2 + 0.2632 MnSO4 + 0.2632 MnS2 + 0.07895 MnCl2
LiMnO2,comp1,4.3,0.40625,-1.24501,0,0,0.8261 LiMnO2 + 0.1739 Li6PS5Cl -> 1.87 Li + 0.08696 Mn2P2O7 + 0.2609 MnSO4 + 0.3043 MnS2 + 0.08696 MnCl2
LiMnO2,comp1,4.3,0.4875,-1.294208,0,0,0.7736 LiMnO2 + 0.2264 Li6PS5Cl -> 2.132 Li + 0.2264 SCl + 0.1132 Mn2P2O7 + 0.1887 MnSO4 + 0.3585 MnS2
LiMnO2,comp1,4.3,0.534247,-1.323512,0,0,0.7391 LiMnO2 + 0.2609 Li6PS5Cl -> 2.304 Li + 0.2609 SCl + 0.1739 MnSO4 + 0.4348 MnS2 + 0.1304 Mn(PO3)2
LiMnO2,comp1,4.3,0.684211,-1.421154,0,0,0.6 LiMnO2 + 0.4 Li6PS5Cl -> 3 Li + 0.4 SCl + 0.4 MnS2 + 0.2 Mn(PO3)2 + 0.8 S
LiMnO2,comp1,4.3,1.0,-1.543829,1,0,Li6PS5Cl -> 6 Li + SCl + 0.5 P2S7 + 0.5 S
LiMnO2,comp1,4.5,0.0,-0.426003,0,0,LiMnO2 -> Li + MnO2
LiMnO2,comp1,4.5,0.105691,-0.877139,0,0,0.9649 LiMnO2 + 0.03509 Li6PS5Cl -> 1.175 Li + 0.03509 Mn2PO5 + 0.3509 Mn2O3 + 0.1754 MnSO4 + 0.01754 MnCl2
LiMnO2,comp1,4.5,0.107438,-0.884297,0,0,0.9643 LiMnO2 + 0.03571 Li6PS5Cl -> 1.179 Li + 0.3571 Mn2O3 + 0.01786 Mn3(PO4)2 + 0.1786 MnSO4 + 0.01786 MnCl2
LiMnO2,comp1,4.5,0.128713,-0.953204,0,0,0.9565 LiMnO2 + 0.04348 Li6PS5Cl -> 1.217 Li + 0.2174 Mn3O4 + 0.02174 Mn3(PO4)2 + 0.2174 MnSO4 + 0.02174 MnCl2
LiMnO2,comp1,4.5,0.160494,-1.001742,0,0,0.9444 LiMnO2 + 0.05556 Li6PS5Cl -> 1.278 Li + 0.02778 Mn3(PO4)2 + 0.5556 MnO + 0.2778 MnSO4 + 0.02778 MnCl2
LiMnO2,comp1,4.5,0.378641,-1.320347,0,0,0.8421 LiMnO2 + 0.1579 Li6PS5Cl -> 1.789 Li + 0.07895 Mn3(PO4)2 + 0.2632 MnS2 + 0.2632 MnSO4 + 0.07895 MnCl2
LiMnO2,comp1,4.5,0.40625,-1.346186,0,0,0.8261 LiMnO2 + 0.1739 Li6PS5Cl -> 1.87 Li + 0.08696 Mn2P2O7 + 0.3043 MnS2 + 0.2609 MnSO4 + 0.08696 MnCl2
LiMnO2,comp1,4.5,0.4875,-1.403386,0,0,0.7736 LiMnO2 + 0.2264 Li6PS5Cl -> 2.132 Li + 0.1132 Mn2P2O7 + 0.2264 SCl + 0.3585 MnS2 + 0.1887 MnSO4
LiMnO2,comp1,4.5,0.534247,-1.437491,0,0,0.7391 LiMnO2 + 0.2609 Li6PS5Cl -> 2.304 Li + 0.2609 SCl + 0.4348 MnS2 + 0.1739 MnSO4 + 0.1304 Mn(PO3)2
LiMnO2,comp1,4.5,0.684211,-1.551588,0,0,0.6 LiMnO2 + 0.4 Li6PS5Cl -> 3 Li + 0.4 SCl + 0.4 MnS2 + 0.2 Mn(PO3)2 + 0.8 S
LiMnO2,comp1,4.5,1.0,-1.715257,1,0,Li6PS5Cl -> 6 Li + SCl + 0.5 P2S7 + 0.5 S
LiMnO2,modelc,2.5,0.0,0.0,0,0,LiMnO2 -> LiMnO2
LiMnO2,modelc,2.5,0.087324,-0.17319,0,0,0.9701 LiMnO2 + 0.02994 Li5.4P1S4.4Cl1.6 -> 0.7305 Li + 0.3234 Mn3O4 + 0.02994 Li3PO4 + 0.1317 Li2SO4 + 0.0479 LiCl
LiMnO2,modelc,2.5,0.125506,-0.206731,0,0,0.9558 LiMnO2 + 0.04425 Li5.4P1S4.4Cl1.6 -> 0.6018 Li + 0.04425 Li3PO4 + 0.9558 MnO + 0.1947 Li2SO4 + 0.0708 LiCl
LiMnO2,modelc,2.5,0.130802,-0.21038,0,0,0.9537 LiMnO2 + 0.0463 Li5.4P1S4.4Cl1.6 -> 0.6759 Li + 0.0463 LiMnPO4 + 0.9074 MnO + 0.2037 Li2SO4 + 0.07407 LiCl
LiMnO2,modelc,2.5,0.511551,-0.415324,0,0,0.7475 LiMnO2 + 0.2525 Li5.4P1S4.4Cl1.6 -> 1.212 Li + 0.2525 LiMnPO4 + 0.1212 Li2SO4 + 0.4949 MnS2 + 0.404 LiCl
LiMnO2,modelc,2.5,0.589354,-0.457012,1,0,0.6835 LiMnO2 + 0.3165 Li5.4P1S4.4Cl1.6 -> 0.8861 Li + 0.3165 Li3PO4 + 0.02532 Li2SO4 + 0.6835 MnS2 + 0.5063 LiCl
LiMnO2,modelc,2.5,0.607843,-0.45215,0,0,0.6667 LiMnO2 + 0.3333 Li5.4P1S4.4Cl1.6 -> 0.9 Li + 0.3333 Li3PO4 + 0.6667 MnS2 + 0.5333 LiCl + 0.03333 LiS4
LiMnO2,modelc,2.5,1.0,-0.095208,0,0,Li5.4P1S4.4Cl1.6 -> 3.575 Li + 0.5 P2S7 + 1.6 LiCl + 0.225 LiS4
LiMnO2,modelc,3.0,0.0,-0.032964,0,0,LiMnO2 -> 0.5 Li + 0.5 LiMn2O4
LiMnO2,modelc,3.0,0.066955,-0.233034,0,0,0.9774 LiMnO2 + 0.02262 Li5.4P1S4.4Cl1.6 -> 0.7964 Li + 0.4887 Mn2O3 + 0.02262 Li3PO4 + 0.09955 Li2SO4 + 0.0362 LiCl
LiMnO2,modelc,3.0,0.087324,-0.290272,0,0,0.9701 LiMnO2 + 0.02994 Li5.4P1S4.4Cl1.6 -> 0.7305 Li + 0.02994 Li3PO4 + 0.1317 Li2SO4 + 0.3234 Mn3O4 + 0.0479 LiCl
LiMnO2,modelc,3.0,0.092537,-0.301229,0,0,0.9682 LiMnO2 + 0.03185 Li5.4P1S4.4Cl1.6 -> 0.7771 Li + 0.03185 LiMnPO4 + 0.1401 Li2SO4 + 0.3121 Mn3O4 + 0.05096 LiCl
LiMnO2,modelc,3.0,0.095385,-0.30633,0,0,0.9671 LiMnO2 + 0.03289 Li5.4P1S4.4Cl1.6 -> 0.8026 Li + 0.01645 Mn3(PO4)2 + 0.1447 Li2SO4 + 0.3059 Mn3O4 + 0.05263 LiCl
LiMnO2,modelc,3.0,0.11032,-0.331202,0,0,0.9615 LiMnO2 + 0.03846 Li5.4P1S4.4Cl1.6 -> 0.9385 Li + 0.01923 Mn3(PO4)2 + 0.08462 Li2Mn(SO4)2 + 0.2731 Mn3O4 + 0.06154 LiCl
LiMnO2,modelc,3.0,0.130802,-0.360781,0,0,0.9537 LiMnO2 + 0.0463 Li5.4P1S4.4Cl1.6 -> 1.13 Li + 0.02315 Mn3(PO4)2 + 0.2037 MnSO4 + 0.2269 Mn3O4 + 0.07407 LiCl
LiMnO2,modelc,3.0,0.140271,-0.373632,0,0,0.95 LiMnO2 + 0.05 Li5.4P1S4.4Cl1.6 -> 1.22 Li + 0.025 Mn3(PO4)2 + 0.22 MnSO4 + 0.04 MnCl2 + 0.205 Mn3O4
LiMnO2,modelc,3.0,0.172222,-0.399352,0,0,0.9371 LiMnO2 + 0.06289 Li5.4P1S4.4Cl1.6 -> 1.277 Li + 0.03145 Mn3(PO4)2 + 0.5157 MnO + 0.2767 MnSO4 + 0.05031 MnCl2
LiMnO2,modelc,3.0,0.367589,-0.532844,0,0,0.8421 LiMnO2 + 0.1579 Li5.4P1S4.4Cl1.6 -> 1.695 Li + 0.07895 Mn3(PO4)2 + 0.2632 MnSO4 + 0.1263 MnCl2 + 0.2158 MnS2
LiMnO2,modelc,3.0,0.420814,-0.550005,0,0,0.8101 LiMnO2 + 0.1899 Li5.4P1S4.4Cl1.6 -> 1.532 Li + 0.09494 Mn3(PO4)2 + 0.2152 MnSO4 + 0.3101 MnS2 + 0.3038 LiCl
LiMnO2,modelc,3.0,0.455882,-0.559844,0,0,0.7872 LiMnO2 + 0.2128 Li5.4P1S4.4Cl1.6 -> 1.415 Li + 0.1064 Mn3(PO4)2 + 0.09043 Li2Mn(SO4)2 + 0.3777 MnS2 + 0.3404 LiCl
LiMnO2,modelc,3.0,0.479876,-0.563677,0,0,0.7706 LiMnO2 + 0.2294 Li5.4P1S4.4Cl1.6 -> 1.33 Li + 0.1147 Mn3(PO4)2 + 0.4266 MnS2 + 0.156 Li2SO4 + 0.367 LiCl
LiMnO2,modelc,3.0,0.515807,-0.567498,1,0,0.7442 LiMnO2 + 0.2558 Li5.4P1S4.4Cl1.6 -> 1.419 Li + 0.1279 Mn2P2O7 + 0.4885 MnS2 + 0.1483 Li2SO4 + 0.4092 LiCl
LiMnO2,modelc,3.0,0.552585,-0.567242,0,0,0.7151 LiMnO2 + 0.2849 Li5.4P1S4.4Cl1.6 -> 1.296 Li + 0.1425 Li2MnP2O7 + 0.5726 MnS2 + 0.1083 Li2SO4 + 0.4558 LiCl
LiMnO2,modelc,3.0,0.59501,-0.565201,0,0,0.6785 LiMnO2 + 0.3215 Li5.4P1S4.4Cl1.6 -> 1.141 Li + 0.1608 Li4P2O7 + 0.6785 MnS2 + 0.05788 Li2SO4 + 0.5145 LiCl
LiMnO2,modelc,3.0,0.639175,-0.553947,0,0,0.6364 LiMnO2 + 0.3636 Li5.4P1S4.4Cl1.6 -> 1.209 Li + 0.1818 Li4P2O7 + 0.6364 MnS2 + 0.5818 LiCl + 0.08182 LiS4
LiMnO2,modelc,3.0,0.673913,-0.540645,0,0,0.6 LiMnO2 + 0.4 Li5.4P1S4.4Cl1.6 -> 1.58 Li + 0.6 MnS2 + 0.4 LiPO3 + 0.64 LiCl + 0.14 LiS4
LiMnO2,modelc,3.0,1.0,-0.350565,0,0,Li5.4P1S4.4Cl1.6 -> 3.575 Li + 0.5 P2S7 + 1.6 LiCl + 0.225 LiS4
LiMnO2,modelc,3.5,0.0,-0.120861,0,0,LiMnO2 -> 0.5455 Li + 0.09091 Li5Mn7O16 + 0.1818 Mn2O3
LiMnO2,modelc,3.5,0.066955,-0.361877,0,0,0.9774 LiMnO2 + 0.02262 Li5.4P1S4.4Cl1.6 -> 0.7964 Li + 0.4887 Mn2O3 + 0.02262 Li3PO4 + 0.09955 Li2SO4 + 0.0362 LiCl
LiMnO2,modelc,3.5,0.071594,-0.377115,0,0,0.9757 LiMnO2 + 0.02427 Li5.4P1S4.4Cl1.6 -> 0.8301 Li + 0.02427 LiMnPO4 + 0.4757 Mn2O3 + 0.1068 Li2SO4 + 0.03883 LiCl
LiMnO2,modelc,3.5,0.074163,-0.384877,0,0,0.9748 LiMnO2 + 0.02519 Li5.4P1S4.4Cl1.6 -> 0.8489 Li + 0.01259 Mn3(PO4)2 + 0.4685 Mn2O3 + 0.1108 Li2SO4 + 0.0403 LiCl
LiMnO2,modelc,3.5,0.088068,-0.425472,0,0,0.9698 LiMnO2 + 0.03021 Li5.4P1S4.4Cl1.6 -> 0.9517 Li + 0.01511 Mn3(PO4)2 + 0.06647 Li2Mn(SO4)2 + 0.429 Mn2O3 + 0.04834 LiCl
LiMnO2,modelc,3.5,0.108392,-0.481333,0,0,0.9623 LiMnO2 + 0.03774 Li5.4P1S4.4Cl1.6 -> 1.106 Li + 0.01887 Mn3(PO4)2 + 0.3698 Mn2O3 + 0.166 MnSO4 + 0.06038 LiCl
LiMnO2,modelc,3.5,0.118321,-0.508055,0,0,0.9585 LiMnO2 + 0.04149 Li5.4P1S4.4Cl1.6 -> 1.183 Li + 0.02075 Mn3(PO4)2 + 0.3402 Mn2O3 + 0.0332 MnCl2 + 0.1826 MnSO4
LiMnO2,modelc,3.5,0.140271,-0.564257,0,0,0.95 LiMnO2 + 0.05 Li5.4P1S4.4Cl1.6 -> 1.22 Li + 0.025 Mn3(PO4)2 + 0.04 MnCl2 + 0.22 MnSO4 + 0.205 Mn3O4
LiMnO2,modelc,3.5,0.172222,-0.595677,0,0,0.9371 LiMnO2 + 0.06289 Li5.4P1S4.4Cl1.6 -> 1.277 Li + 0.03145 Mn3(PO4)2 + 0.5157 MnO + 0.05031 MnCl2 + 0.2767 MnSO4
LiMnO2,modelc,3.5,0.367589,-0.766177,0,0,0.8421 LiMnO2 + 0.1579 Li5.4P1S4.4Cl1.6 -> 1.695 Li + 0.07895 Mn3(PO4)2 + 0.1263 MnCl2 + 0.2158 MnS2 + 0.2632 MnSO4
LiMnO2,modelc,3.5,0.394904,-0.77383,0,0,0.8261 LiMnO2 + 0.1739 Li5.4P1S4.4Cl1.6 -> 1.765 Li + 0.08696 Mn2P2O7 + 0.1391 MnCl2 + 0.2522 MnS2 + 0.2609 MnSO4
LiMnO2,modelc,3.5,0.542274,-0.777128,0,0,0.7235 LiMnO2 + 0.2765 Li5.4P1S4.4Cl1.6 -> 2.217 Li + 0.1382 Mn2P2O7 + 0.4424 SCl + 0.3272 MnS2 + 0.1198 MnSO4
LiMnO2,modelc,3.5,0.603896,-0.778349,0,0,0.6703 LiMnO2 + 0.3297 Li5.4P1S4.4Cl1.6 -> 2.451 Li + 0.5275 SCl + 0.4176 MnS2 + 0.08791 MnSO4 + 0.1648 Mn(PO3)2
LiMnO2,modelc,3.5,0.673913,-0.778658,1,0,0.6 LiMnO2 + 0.4 Li5.4P1S4.4Cl1.6 -> 2.76 Li + 0.64 SCl + 0.4 MnS2 + 0.2 Mn(PO3)2 + 0.32 S
LiMnO2,modelc,3.5,0.815789,-0.729867,0,0,0.4118 LiMnO2 + 0.5882 Li5.4P1S4.4Cl1.6 -> 3.588 Li + 0.1569 P2S7 + 0.9412 SCl + 0.2745 MnS2 + 0.1373 Mn(PO3)2
LiMnO2,modelc,3.5,0.941989,-0.681377,0,0,0.1603 LiMnO2 + 0.8397 Li5.4P1S4.4Cl1.6 -> 4.695 Li + 0.3664 P2S7 + 1.13 SCl + 0.1069 MnCl2 + 0.05344 Mn(PO3)2
LiMnO2,modelc,3.5,1.0,-0.653492,0,0,Li5.4P1S4.4Cl1.6 -> 5.4 Li + 0.4588 P2S7 + 0.08235 PCl5 + 1.188 SCl
LiMnO2,modelc,4.0,0.0,-0.259337,0,0,LiMnO2 -> Li + MnO2
LiMnO2,modelc,4.0,0.116105,-0.687022,0,0,0.9593 LiMnO2 + 0.04065 Li5.4P1S4.4Cl1.6 -> 1.179 Li + 0.04065 Mn2PO5 + 0.3333 Mn2O3 + 0.1789 MnSO4 + 0.03252 MnCl2
LiMnO2,modelc,4.0,0.118321,-0.694817,0,0,0.9585 LiMnO2 + 0.04149 Li5.4P1S4.4Cl1.6 -> 1.183 Li + 0.02075 Mn3(PO4)2 + 0.3402 Mn2O3 + 0.1826 MnSO4 + 0.0332 MnCl2
LiMnO2,modelc,4.0,0.140271,-0.754882,0,0,0.95 LiMnO2 + 0.05 Li5.4P1S4.4Cl1.6 -> 1.22 Li + 0.025 Mn3(PO4)2 + 0.22 MnSO4 + 0.205 Mn3O4 + 0.04 MnCl2
LiMnO2,modelc,4.0,0.172222,-0.792002,0,0,0.9371 LiMnO2 + 0.06289 Li5.4P1S4.4Cl1.6 -> 1.277 Li + 0.03145 Mn3(PO4)2 + 0.5157 MnO + 0.2767 MnSO4 + 0.05031 MnCl2
LiMnO2,modelc,4.0,0.367589,-0.99951,0,0,0.8421 LiMnO2 + 0.1579 Li5.4P1S4.4Cl1.6 -> 1.695 Li + 0.07895 Mn3(PO4)2 + 0.2158 MnS2 + 0.2632 MnSO4 + 0.1263 MnCl2
LiMnO2,modelc,4.0,0.394904,-1.012653,0,0,0.8261 LiMnO2 + 0.1739 Li5.4P1S4.4Cl1.6 -> 1.765 Li + 0.2522 MnS2 + 0.08696 Mn2P2O7 + 0.2609 MnSO4 + 0.1391 MnCl2
LiMnO2,modelc,4.0,0.542274,-1.047049,0,0,0.7235 LiMnO2 + 0.2765 Li5.4P1S4.4Cl1.6 -> 2.217 Li + 0.3272 MnS2 + 0.4424 SCl + 0.1382 Mn2P2O7 + 0.1198 MnSO4
LiMnO2,modelc,4.0,0.603896,-1.062064,0,0,0.6703 LiMnO2 + 0.3297 Li5.4P1S4.4Cl1.6 -> 2.451 Li + 0.4176 MnS2 + 0.5275 SCl + 0.08791 MnSO4 + 0.1648 Mn(PO3)2
LiMnO2,modelc,4.0,0.673913,-1.078658,1,0,0.6 LiMnO2 + 0.4 Li5.4P1S4.4Cl1.6 -> 2.76 Li + 0.4 MnS2 + 0.64 SCl + 0.2 Mn(PO3)2 + 0.32 S
LiMnO2,modelc,4.0,0.815789,-1.065031,0,0,0.4118 LiMnO2 + 0.5882 Li5.4P1S4.4Cl1.6 -> 3.588 Li + 0.2745 MnS2 + 0.1569 P2S7 + 0.9412 SCl + 0.1373 Mn(PO3)2
LiMnO2,modelc,4.0,0.941989,-1.050525,0,0,0.1603 LiMnO2 + 0.8397 Li5.4P1S4.4Cl1.6 -> 4.695 Li + 0.3664 P2S7 + 1.13 SCl + 0.1069 MnCl2 + 0.05344 Mn(PO3)2
LiMnO2,modelc,4.0,1.0,-1.039207,0,0,Li5.4P1S4.4Cl1.6 -> 5.4 Li + 0.4588 P2S7 + 1.188 SCl + 0.08235 PCl5
LiMnO2,modelc,4.3,0.0,-0.359337,0,0,LiMnO2 -> Li + MnO2
LiMnO2,modelc,4.3,0.116105,-0.798847,0,0,0.9593 LiMnO2 + 0.04065 Li5.4P1S4.4Cl1.6 -> 1.179 Li + 0.04065 Mn2PO5 + 0.3333 Mn2O3 + 0.1789 MnSO4 + 0.03252 MnCl2
LiMnO2,modelc,4.3,0.118321,-0.806875,0,0,0.9585 LiMnO2 + 0.04149 Li5.4P1S4.4Cl1.6 -> 1.183 Li + 0.3402 Mn2O3 + 0.02075 Mn3(PO4)2 + 0.1826 MnSO4 + 0.0332 MnCl2
LiMnO2,modelc,4.3,0.140271,-0.869257,0,0,0.95 LiMnO2 + 0.05 Li5.4P1S4.4Cl1.6 -> 1.22 Li + 0.205 Mn3O4 + 0.025 Mn3(PO4)2 + 0.22 MnSO4 + 0.04 MnCl2
LiMnO2,modelc,4.3,0.172222,-0.909797,0,0,0.9371 LiMnO2 + 0.06289 Li5.4P1S4.4Cl1.6 -> 1.277 Li + 0.03145 Mn3(PO4)2 + 0.2767 MnSO4 + 0.5157 MnO + 0.05031 MnCl2
LiMnO2,modelc,4.3,0.367589,-1.13951,0,0,0.8421 LiMnO2 + 0.1579 Li5.4P1S4.4Cl1.6 -> 1.695 Li + 0.07895 Mn3(PO4)2 + 0.2632 MnSO4 + 0.2158 MnS2 + 0.1263 MnCl2
LiMnO2,modelc,4.3,0.394904,-1.155947,0,0,0.8261 LiMnO2 + 0.1739 Li5.4P1S4.4Cl1.6 -> 1.765 Li + 0.08696 Mn2P2O7 + 0.2609 MnSO4 + 0.2522 MnS2 + 0.1391 MnCl2
LiMnO2,modelc,4.3,0.542274,-1.209002,0,0,0.7235 LiMnO2 + 0.2765 Li5.4P1S4.4Cl1.6 -> 2.217 Li + 0.4424 SCl + 0.1382 Mn2P2O7 + 0.1198 MnSO4 + 0.3272 MnS2
LiMnO2,modelc,4.3,0.603896,-1.232293,0,0,0.6703 LiMnO2 + 0.3297 Li5.4P1S4.4Cl1.6 -> 2.451 Li + 0.5275 SCl + 0.08791 MnSO4 + 0.4176 MnS2 + 0.1648 Mn(PO3)2
LiMnO2,modelc,4.3,0.673913,-1.258658,0,0,0.6 LiMnO2 + 0.4 Li5.4P1S4.4Cl1.6 -> 2.76 Li + 0.64 SCl + 0.4 MnS2 + 0.2 Mn(PO3)2 + 0.32 S
LiMnO2,modelc,4.3,0.815789,-1.26613,0,0,0.4118 LiMnO2 + 0.5882 Li5.4P1S4.4Cl1.6 -> 3.588 Li + 0.9412 SCl + 0.1569 P2S7 + 0.2745 MnS2 + 0.1373 Mn(PO3)2
LiMnO2,modelc,4.3,0.941989,-1.272014,1,0,0.1603 LiMnO2 + 0.8397 Li5.4P1S4.4Cl1.6 -> 4.695 Li + 1.13 SCl + 0.3664 P2S7 + 0.1069 MnCl2 + 0.05344 Mn(PO3)2
LiMnO2,modelc,4.3,1.0,-1.270635,0,0,Li5.4P1S4.4Cl1.6 -> 5.4 Li + 1.188 SCl + 0.08235 PCl5 + 0.4588 P2S7
LiMnO2,modelc,4.5,0.0,-0.426003,0,0,LiMnO2 -> Li + MnO2
LiMnO2,modelc,4.5,0.116105,-0.873397,0,0,0.9593 LiMnO2 + 0.04065 Li5.4P1S4.4Cl1.6 -> 1.179 Li + 0.04065 Mn2PO5 + 0.3333 Mn2O3 + 0.1789 MnSO4 + 0.03252 MnCl2
LiMnO2,modelc,4.5,0.118321,-0.88158,0,0,0.9585 LiMnO2 + 0.04149 Li5.4P1S4.4Cl1.6 -> 1.183 Li + 0.3402 Mn2O3 + 0.02075 Mn3(PO4)2 + 0.1826 MnSO4 + 0.0332 MnCl2
LiMnO2,modelc,4.5,0.140271,-0.945507,0,0,0.95 LiMnO2 + 0.05 Li5.4P1S4.4Cl1.6 -> 1.22 Li + 0.205 Mn3O4 + 0.025 Mn3(PO4)2 + 0.22 MnSO4 + 0.04 MnCl2
LiMnO2,modelc,4.5,0.172222,-0.988327,0,0,0.9371 LiMnO2 + 0.06289 Li5.4P1S4.4Cl1.6 -> 1.277 Li + 0.03145 Mn3(PO4)2 + 0.5157 MnO + 0.2767 MnSO4 + 0.05031 MnCl2
LiMnO2,modelc,4.5,0.367589,-1.232844,0,0,0.8421 LiMnO2 + 0.1579 Li5.4P1S4.4Cl1.6 -> 1.695 Li + 0.07895 Mn3(PO4)2 + 0.2158 MnS2 + 0.2632 MnSO4 + 0.1263 MnCl2
LiMnO2,modelc,4.5,0.394904,-1.251477,0,0,0.8261 LiMnO2 + 0.1739 Li5.4P1S4.4Cl1.6 -> 1.765 Li + 0.08696 Mn2P2O7 + 0.2522 MnS2 + 0.2609 MnSO4 + 0.1391 MnCl2
LiMnO2,modelc,4.5,0.542274,-1.316971,0,0,0.7235 LiMnO2 + 0.2765 Li5.4P1S4.4Cl1.6 -> 2.217 Li + 0.1382 Mn2P2O7 + 0.4424 SCl + 0.3272 MnS2 + 0.1198 MnSO4
LiMnO2,modelc,4.5,0.603896,-1.345779,0,0,0.6703 LiMnO2 + 0.3297 Li5.4P1S4.4Cl1.6 -> 2.451 Li + 0.5275 SCl + 0.4176 MnS2 + 0.08791 MnSO4 + 0.1648 Mn(PO3)2
LiMnO2,modelc,4.5,0.673913,-1.378658,0,0,0.6 LiMnO2 + 0.4 Li5.4P1S4.4Cl1.6 -> 2.76 Li + 0.64 SCl + 0.4 MnS2 + 0.2 Mn(PO3)2 + 0.32 S
LiMnO2,modelc,4.5,0.815789,-1.400196,0,0,0.4118 LiMnO2 + 0.5882 Li5.4P1S4.4Cl1.6 -> 3.588 Li + 0.9412 SCl + 0.2745 MnS2 + 0.1569 P2S7 + 0.1373 Mn(PO3)2
LiMnO2,modelc,4.5,0.941989,-1.419673,0,0,0.1603 LiMnO2 + 0.8397 Li5.4P1S4.4Cl1.6 -> 4.695 Li + 1.13 SCl + 0.3664 P2S7 + 0.1069 MnCl2 + 0.05344 Mn(PO3)2
LiMnO2,modelc,4.5,1.0,-1.424921,1,0,Li5.4P1S4.4Cl1.6 -> 5.4 Li + 1.188 SCl + 0.4588 P2S7 + 0.08235 PCl5
LiMnO2,lpsocl,2.5,0.0,0.0,0,0,LiMnO2 -> LiMnO2
LiMnO2,lpsocl,2.5,0.091176,-0.172666,0,0,0.03135 Li5.4P1S4.2Cl1.6O0.2 + 0.9687 LiMnO2 -> 0.7304 Li + 0.3229 Mn3O4 + 0.03135 Li3PO4 + 0.1317 Li2SO4 + 0.05016 LiCl
LiMnO2,lpsocl,2.5,0.130802,-0.205814,0,0,0.0463 Li5.4P1S4.2Cl1.6O0.2 + 0.9537 LiMnO2 -> 0.6019 Li + 0.0463 Li3PO4 + 0.9537 MnO + 0.1944 Li2SO4 + 0.07407 LiCl
LiMnO2,lpsocl,2.5,0.136564,-0.209588,0,0,0.04854 Li5.4P1S4.2Cl1.6O0.2 + 0.9515 LiMnO2 -> 0.6796 Li + 0.04854 LiMnPO4 + 0.9029 MnO + 0.2039 Li2SO4 + 0.07767 LiCl
LiMnO2,lpsocl,2.5,0.520134,-0.405266,0,0,0.2591 Li5.4P1S4.2Cl1.6O0.2 + 0.7409 LiMnO2 -> 1.218 Li + 0.2591 LiMnPO4 + 0.1244 Li2SO4 + 0.4819 MnS2 + 0.4145 LiCl
LiMnO2,lpsocl,2.5,0.600775,-0.446071,1,0,0.3268 Li5.4P1S4.2Cl1.6O0.2 + 0.6732 LiMnO2 -> 0.8824 Li + 0.3268 Li3PO4 + 0.02614 Li2SO4 + 0.6732 MnS2 + 0.5229 LiCl
LiMnO2,lpsocl,2.5,0.62,-0.440681,0,0,0.3448 Li5.4P1S4.2Cl1.6O0.2 + 0.6552 LiMnO2 -> 0.8966 Li + 0.3448 Li3PO4 + 0.6552 MnS2 + 0.5517 LiCl + 0.03448 LiS4
LiMnO2,lpsocl,2.5,1.0,-0.092247,0,0,Li5.4P1S4.2Cl1.6O0.2 -> 3.431 Li + 0.475 P2S7 + 0.05 Li3PO4 + 1.6 LiCl + 0.2187 LiS4
LiMnO2,lpsocl,3.0,0.0,-0.032964,0,0,LiMnO2 -> 0.5 Li + 0.5 LiMn2O4
LiMnO2,lpsocl,3.0,0.069977,-0.232599,0,0,0.0237 Li5.4P1S4.2Cl1.6O0.2 + 0.9763 LiMnO2 -> 0.7962 Li + 0.4882 Mn2O3 + 0.0237 Li3PO4 + 0.09953 Li2SO4 + 0.03791 LiCl
LiMnO2,lpsocl,3.0,0.091176,-0.289516,0,0,0.03135 Li5.4P1S4.2Cl1.6O0.2 + 0.9687 LiMnO2 -> 0.7304 Li + 0.03135 Li3PO4 + 0.1317 Li2SO4 + 0.3229 Mn3O4 + 0.05016 LiCl
LiMnO2,lpsocl,3.0,0.096875,-0.300951,0,0,0.03344 Li5.4P1S4.2Cl1.6O0.2 + 0.9666 LiMnO2 -> 0.7793 Li + 0.03344 LiMnPO4 + 0.1405 Li2SO4 + 0.311 Mn3O4 + 0.05351 LiCl
LiMnO2,lpsocl,3.0,0.1,-0.306296,0,0,0.0346 Li5.4P1S4.2Cl1.6O0.2 + 0.9654 LiMnO2 -> 0.8062 Li + 0.0173 Mn3(PO4)2 + 0.1453 Li2SO4 + 0.3045 Mn3O4 + 0.05536 LiCl
LiMnO2,lpsocl,3.0,0.115672,-0.331217,0,0,0.04049 Li5.4P1S4.2Cl1.6O0.2 + 0.9595 LiMnO2 -> 0.9433 Li + 0.02024 Mn3(PO4)2 + 0.08502 Li2Mn(SO4)2 + 0.2713 Mn3O4 + 0.06478 LiCl
LiMnO2,lpsocl,3.0,0.137168,-0.360877,0,0,0.04878 Li5.4P1S4.2Cl1.6O0.2 + 0.9512 LiMnO2 -> 1.137 Li + 0.02439 Mn3(PO4)2 + 0.2049 MnSO4 + 0.2244 Mn3O4 + 0.07805 LiCl
LiMnO2,lpsocl,3.0,0.147619,-0.374435,0,0,0.05291 Li5.4P1S4.2Cl1.6O0.2 + 0.9471 LiMnO2 -> 1.233 Li + 0.02646 Mn3(PO4)2 + 0.2222 MnSO4 + 0.04233 MnCl2 + 0.2011 Mn3O4
LiMnO2,lpsocl,3.0,0.180233,-0.399619,0,0,0.06623 Li5.4P1S4.2Cl1.6O0.2 + 0.9338 LiMnO2 -> 1.291 Li + 0.03311 Mn3(PO4)2 + 0.5033 MnO + 0.2781 MnSO4 + 0.05298 MnCl2
LiMnO2,lpsocl,3.0,0.372,-0.525291,0,0,0.1604 Li5.4P1S4.2Cl1.6O0.2 + 0.8396 LiMnO2 -> 1.706 Li + 0.08021 Mn3(PO4)2 + 0.2674 MnSO4 + 0.1283 MnCl2 + 0.2032 MnS2
LiMnO2,lpsocl,3.0,0.426606,-0.541477,0,0,0.1935 Li5.4P1S4.2Cl1.6O0.2 + 0.8065 LiMnO2 -> 1.542 Li + 0.09677 Mn3(PO4)2 + 0.2194 MnSO4 + 0.2968 MnS2 + 0.3097 LiCl
LiMnO2,lpsocl,3.0,0.462687,-0.550668,0,0,0.2174 Li5.4P1S4.2Cl1.6O0.2 + 0.7826 LiMnO2 -> 1.424 Li + 0.1087 Mn3(PO4)2 + 0.09239 Li2Mn(SO4)2 + 0.3641 MnS2 + 0.3478 LiCl
LiMnO2,lpsocl,3.0,0.487421,-0.554011,0,0,0.2347 Li5.4P1S4.2Cl1.6O0.2 + 0.7653 LiMnO2 -> 1.338 Li + 0.1174 Mn3(PO4)2 + 0.4131 MnS2 + 0.1596 Li2SO4 + 0.3756 LiCl
LiMnO2,lpsocl,3.0,0.524535,-0.557061,1,0,0.2625 Li5.4P1S4.2Cl1.6O0.2 + 0.7375 LiMnO2 -> 1.43 Li + 0.1312 Mn2P2O7 + 0.4751 MnS2 + 0.1522 Li2SO4 + 0.4199 LiCl
LiMnO2,lpsocl,3.0,0.562613,-0.555918,0,0,0.2933 Li5.4P1S4.2Cl1.6O0.2 + 0.7067 LiMnO2 -> 1.305 Li + 0.1466 Li2MnP2O7 + 0.5601 MnS2 + 0.1114 Li2SO4 + 0.4692 LiCl
LiMnO2,lpsocl,3.0,0.606654,-0.552788,0,0,0.3322 Li5.4P1S4.2Cl1.6O0.2 + 0.6678 LiMnO2 -> 1.146 Li + 0.1661 Li4P2O7 + 0.6678 MnS2 + 0.0598 Li2SO4 + 0.5316 LiCl
LiMnO2,lpsocl,3.0,0.652632,-0.54013,0,0,0.3774 Li5.4P1S4.2Cl1.6O0.2 + 0.6226 LiMnO2 -> 1.217 Li + 0.1887 Li4P2O7 + 0.6226 MnS2 + 0.6038 LiCl + 0.08491 LiS4
LiMnO2,lpsocl,3.0,0.688889,-0.525546,0,0,0.4167 Li5.4P1S4.2Cl1.6O0.2 + 0.5833 LiMnO2 -> 1.604 Li + 0.5833 MnS2 + 0.4167 LiPO3 + 0.6667 LiCl + 0.1458 LiS4
LiMnO2,lpsocl,3.0,1.0,-0.339079,0,0,Li5.4P1S4.2Cl1.6O0.2 -> 3.5 Li + 0.4667 P2S7 + 0.06667 LiPO3 + 1.6 LiCl + 0.2333 LiS4
LiMnO2,lpsocl,3.5,0.0,-0.120861,0,0,LiMnO2 -> 0.5455 Li + 0.09091 Li5Mn7O16 + 0.1818 Mn2O3
LiMnO2,lpsocl,3.5,0.069977,-0.361236,0,0,0.0237 Li5.4P1S4.2Cl1.6O0.2 + 0.9763 LiMnO2 -> 0.7962 Li + 0.4882 Mn2O3 + 0.0237 Li3PO4 + 0.09953 Li2SO4 + 0.03791 LiCl
LiMnO2,lpsocl,3.5,0.075061,-0.377178,0,0,0.02551 Li5.4P1S4.2Cl1.6O0.2 + 0.9745 LiMnO2 -> 0.8316 Li + 0.02551 LiMnPO4 + 0.4745 Mn2O3 + 0.1071 Li2SO4 + 0.04082 LiCl
LiMnO2,lpsocl,3.5,0.077889,-0.385341,0,0,0.02653 Li5.4P1S4.2Cl1.6O0.2 + 0.9735 LiMnO2 -> 0.8515 Li + 0.01326 Mn3(PO4)2 + 0.4668 Mn2O3 + 0.1114 Li2SO4 + 0.04244 LiCl
LiMnO2,lpsocl,3.5,0.092537,-0.426191,0,0,0.03185 Li5.4P1S4.2Cl1.6O0.2 + 0.9682 LiMnO2 -> 0.9554 Li + 0.01592 Mn3(PO4)2 + 0.06688 Li2Mn(SO4)2 + 0.4268 Mn2O3 + 0.05096 LiCl
LiMnO2,lpsocl,3.5,0.113971,-0.482509,0,0,0.03984 Li5.4P1S4.2Cl1.6O0.2 + 0.9602 LiMnO2 -> 1.112 Li + 0.01992 Mn3(PO4)2 + 0.3665 Mn2O3 + 0.1673 MnSO4 + 0.06375 LiCl
LiMnO2,lpsocl,3.5,0.125,-0.510905,0,0,0.04405 Li5.4P1S4.2Cl1.6O0.2 + 0.9559 LiMnO2 -> 1.194 Li + 0.02203 Mn3(PO4)2 + 0.3348 Mn2O3 + 0.03524 MnCl2 + 0.185 MnSO4
LiMnO2,lpsocl,3.5,0.147619,-0.566363,0,0,0.05291 Li5.4P1S4.2Cl1.6O0.2 + 0.9471 LiMnO2 -> 1.233 Li + 0.02646 Mn3(PO4)2 + 0.04233 MnCl2 + 0.2222 MnSO4 + 0.2011 Mn3O4
LiMnO2,lpsocl,3.5,0.180233,-0.597387,0,0,0.06623 Li5.4P1S4.2Cl1.6O0.2 + 0.9338 LiMnO2 -> 1.291 Li + 0.03311 Mn3(PO4)2 + 0.5033 MnO + 0.05298 MnCl2 + 0.2781 MnSO4
LiMnO2,lpsocl,3.5,0.372,-0.759505,0,0,0.1604 Li5.4P1S4.2Cl1.6O0.2 + 0.8396 LiMnO2 -> 1.706 Li + 0.08021 Mn3(PO4)2 + 0.1283 MnCl2 + 0.2032 MnS2 + 0.2674 MnSO4
LiMnO2,lpsocl,3.5,0.4,-0.76671,0,0,0.177 Li5.4P1S4.2Cl1.6O0.2 + 0.823 LiMnO2 -> 1.779 Li + 0.0885 Mn2P2O7 + 0.1416 MnCl2 + 0.2389 MnS2 + 0.2655 MnSO4
LiMnO2,lpsocl,3.5,0.551929,-0.766945,1,0,0.2844 Li5.4P1S4.2Cl1.6O0.2 + 0.7156 LiMnO2 -> 2.251 Li + 0.1422 Mn2P2O7 + 0.455 SCl + 0.3081 MnS2 + 0.1232 MnSO4
LiMnO2,lpsocl,3.5,0.615894,-0.766802,0,0,0.3409 Li5.4P1S4.2Cl1.6O0.2 + 0.6591 LiMnO2 -> 2.5 Li + 0.5455 SCl + 0.3977 MnS2 + 0.09091 MnSO4 + 0.1705 Mn(PO3)2
LiMnO2,lpsocl,3.5,0.688889,-0.76547,0,0,0.4167 Li5.4P1S4.2Cl1.6O0.2 + 0.5833 LiMnO2 -> 2.833 Li + 0.6667 SCl + 0.375 MnS2 + 0.2083 Mn(PO3)2 + 0.3333 S
LiMnO2,lpsocl,3.5,0.837838,-0.711419,0,0,0.625 Li5.4P1S4.2Cl1.6O0.2 + 0.375 LiMnO2 -> 3.75 Li + 0.1667 P2S7 + SCl + 0.2292 MnS2 + 0.1458 Mn(PO3)2
LiMnO2,lpsocl,3.5,0.939394,-0.670544,0,0,0.8333 Li5.4P1S4.2Cl1.6O0.2 + 0.1667 LiMnO2 -> 4.667 Li + 0.3333 P2S7 + 1.167 SCl + 0.08333 MnCl2 + 0.08333 Mn(PO3)2
LiMnO2,lpsocl,3.5,0.984127,-0.648412,0,0,0.9524 Li5.4P1S4.2Cl1.6O0.2 + 0.04762 LiMnO2 -> 5.19 Li + 0.3978 P2S7 + 0.06162 PCl5 + 1.216 SCl + 0.04762 Mn(PO3)2
LiMnO2,lpsocl,3.5,0.992883,-0.642846,0,0,0.9783 Li5.4P1S4.2Cl1.6O0.2 + 0.02174 LiMnO2 -> 5.304 Li + 0.4118 P2S7 + 0.02174 MnP4O11 + 0.06777 PCl5 + 1.226 SCl
LiMnO2,lpsocl,3.5,1.0,-0.637464,0,0,Li5.4P1S4.2Cl1.6O0.2 -> 5.333 Li + 0.4275 P2S7 + 0.07843 PCl5 + 1.208 SCl + 0.06667 LiPO3
LiMnO2,lpsocl,4.0,0.0,-0.259337,0,0,LiMnO2 -> Li + MnO2
LiMnO2,lpsocl,4.0,0.12253,-0.690516,0,0,0.0431 Li5.4P1S4.2Cl1.6O0.2 + 0.9569 LiMnO2 -> 1.19 Li + 0.0431 Mn2PO5 + 0.3276 Mn2O3 + 0.181 MnSO4 + 0.03448 MnCl2
LiMnO2,lpsocl,4.0,0.125,-0.698838,0,0,0.04405 Li5.4P1S4.2Cl1.6O0.2 + 0.9559 LiMnO2 -> 1.194 Li + 0.02203 Mn3(PO4)2 + 0.3348 Mn2O3 + 0.185 MnSO4 + 0.03524 MnCl2
LiMnO2,lpsocl,4.0,0.147619,-0.75829,0,0,0.05291 Li5.4P1S4.2Cl1.6O0.2 + 0.9471 LiMnO2 -> 1.233 Li + 0.02646 Mn3(PO4)2 + 0.2222 MnSO4 + 0.2011 Mn3O4 + 0.04233 MnCl2
LiMnO2,lpsocl,4.0,0.180233,-0.795156,0,0,0.06623 Li5.4P1S4.2Cl1.6O0.2 + 0.9338 LiMnO2 -> 1.291 Li + 0.03311 Mn3(PO4)2 + 0.5033 MnO + 0.2781 MnSO4 + 0.05298 MnCl2
LiMnO2,lpsocl,4.0,0.372,-0.99372,0,0,0.1604 Li5.4P1S4.2Cl1.6O0.2 + 0.8396 LiMnO2 -> 1.706 Li + 0.08021 Mn3(PO4)2 + 0.2032 MnS2 + 0.2674 MnSO4 + 0.1283 MnCl2
LiMnO2,lpsocl,4.0,0.4,-1.006567,0,0,0.177 Li5.4P1S4.2Cl1.6O0.2 + 0.823 LiMnO2 -> 1.779 Li + 0.2389 MnS2 + 0.0885 Mn2P2O7 + 0.2655 MnSO4 + 0.1416 MnCl2
LiMnO2,lpsocl,4.0,0.551929,-1.038995,0,0,0.2844 Li5.4P1S4.2Cl1.6O0.2 + 0.7156 LiMnO2 -> 2.251 Li + 0.3081 MnS2 + 0.455 SCl + 0.1422 Mn2P2O7 + 0.1232 MnSO4
LiMnO2,lpsocl,4.0,0.615894,-1.053261,0,0,0.3409 Li5.4P1S4.2Cl1.6O0.2 + 0.6591 LiMnO2 -> 2.5 Li + 0.3977 MnS2 + 0.5455 SCl + 0.09091 MnSO4 + 0.1705 Mn(PO3)2
LiMnO2,lpsocl,4.0,0.688889,-1.069042,1,0,0.4167 Li5.4P1S4.2Cl1.6O0.2 + 0.5833 LiMnO2 -> 2.833 Li + 0.375 MnS2 + 0.6667 SCl + 0.2083 Mn(PO3)2 + 0.3333 S
LiMnO2,lpsocl,4.0,0.837838,-1.052328,0,0,0.625 Li5.4P1S4.2Cl1.6O0.2 + 0.375 LiMnO2 -> 3.75 Li + 0.2292 MnS2 + 0.1667 P2S7 + SCl + 0.1458 Mn(PO3)2
LiMnO2,lpsocl,4.0,0.939394,-1.038965,0,0,0.8333 Li5.4P1S4.2Cl1.6O0.2 + 0.1667 LiMnO2 -> 4.667 Li + 0.3333 P2S7 + 1.167 SCl + 0.08333 MnCl2 + 0.08333 Mn(PO3)2
LiMnO2,lpsocl,4.0,0.984127,-1.029531,0,0,0.9524 Li5.4P1S4.2Cl1.6O0.2 + 0.04762 LiMnO2 -> 5.19 Li + 0.3978 P2S7 + 1.216 SCl + 0.06162 PCl5 + 0.04762 Mn(PO3)2
LiMnO2,lpsocl,4.0,0.992883,-1.026494,0,0,0.9783 Li5.4P1S4.2Cl1.6O0.2 + 0.02174 LiMnO2 -> 5.304 Li + 0.02174 MnP4O11 + 0.4118 P2S7 + 1.226 SCl + 0.06777 PCl5
LiMnO2,lpsocl,4.0,1.0,-1.021371,0,0,Li5.4P1S4.2Cl1.6O0.2 -> 5.4 Li + 0.4235 P2S7 + 1.235 SCl + 0.07294 PCl5 + 0.04 P2O5
LiMnO2,lpsocl,4.3,0.0,-0.359337,0,0,LiMnO2 -> Li + MnO2
LiMnO2,lpsocl,4.3,0.12253,-0.803016,0,0,0.0431 Li5.4P1S4.2Cl1.6O0.2 + 0.9569 LiMnO2 -> 1.19 Li + 0.0431 Mn2PO5 + 0.3276 Mn2O3 + 0.181 MnSO4 + 0.03448 MnCl2
LiMnO2,lpsocl,4.3,0.125,-0.811598,0,0,0.04405 Li5.4P1S4.2Cl1.6O0.2 + 0.9559 LiMnO2 -> 1.194 Li + 0.3348 Mn2O3 + 0.02203 Mn3(PO4)2 + 0.185 MnSO4 + 0.03524 MnCl2
LiMnO2,lpsocl,4.3,0.147619,-0.873447,0,0,0.05291 Li5.4P1S4.2Cl1.6O0.2 + 0.9471 LiMnO2 -> 1.233 Li + 0.2011 Mn3O4 + 0.02646 Mn3(PO4)2 + 0.2222 MnSO4 + 0.04233 MnCl2
LiMnO2,lpsocl,4.3,0.180233,-0.913817,0,0,0.06623 Li5.4P1S4.2Cl1.6O0.2 + 0.9338 LiMnO2 -> 1.291 Li + 0.03311 Mn3(PO4)2 + 0.2781 MnSO4 + 0.5033 MnO + 0.05298 MnCl2
LiMnO2,lpsocl,4.3,0.372,-1.134248,0,0,0.1604 Li5.4P1S4.2Cl1.6O0.2 + 0.8396 LiMnO2 -> 1.706 Li + 0.08021 Mn3(PO4)2 + 0.2674 MnSO4 + 0.2032 MnS2 + 0.1283 MnCl2
LiMnO2,lpsocl,4.3,0.4,-1.150481,0,0,0.177 Li5.4P1S4.2Cl1.6O0.2 + 0.823 LiMnO2 -> 1.779 Li + 0.0885 Mn2P2O7 + 0.2655 MnSO4 + 0.2389 MnS2 + 0.1416 MnCl2
LiMnO2,lpsocl,4.3,0.551929,-1.202225,0,0,0.2844 Li5.4P1S4.2Cl1.6O0.2 + 0.7156 LiMnO2 -> 2.251 Li + 0.455 SCl + 0.1422 Mn2P2O7 + 0.1232 MnSO4 + 0.3081 MnS2
LiMnO2,lpsocl,4.3,0.615894,-1.225136,0,0,0.3409 Li5.4P1S4.2Cl1.6O0.2 + 0.6591 LiMnO2 -> 2.5 Li + 0.5455 SCl + 0.09091 MnSO4 + 0.3977 MnS2 + 0.1705 Mn(PO3)2
LiMnO2,lpsocl,4.3,0.688889,-1.251185,0,0,0.4167 Li5.4P1S4.2Cl1.6O0.2 + 0.5833 LiMnO2 -> 2.833 Li + 0.6667 SCl + 0.375 MnS2 + 0.2083 Mn(PO3)2 + 0.3333 S
LiMnO2,lpsocl,4.3,0.837838,-1.256873,0,0,0.625 Li5.4P1S4.2Cl1.6O0.2 + 0.375 LiMnO2 -> 3.75 Li + SCl + 0.1667 P2S7 + 0.2292 MnS2 + 0.1458 Mn(PO3)2
LiMnO2,lpsocl,4.3,0.939394,-1.260018,1,0,0.8333 Li5.4P1S4.2Cl1.6O0.2 + 0.1667 LiMnO2 -> 4.667 Li + 1.167 SCl + 0.3333 P2S7 + 0.08333 MnCl2 + 0.08333 Mn(PO3)2
LiMnO2,lpsocl,4.3,0.984127,-1.258202,0,0,0.9524 Li5.4P1S4.2Cl1.6O0.2 + 0.04762 LiMnO2 -> 5.19 Li + 1.216 SCl + 0.06162 PCl5 + 0.3978 P2S7 + 0.04762 Mn(PO3)2
LiMnO2,lpsocl,4.3,0.992883,-1.256683,0,0,0.9783 Li5.4P1S4.2Cl1.6O0.2 + 0.02174 LiMnO2 -> 5.304 Li + 0.02174 MnP4O11 + 1.226 SCl + 0.06777 PCl5 + 0.4118 P2S7
LiMnO2,lpsocl,4.3,1.0,-1.2528,0,0,Li5.4P1S4.2Cl1.6O0.2 -> 5.4 Li + 1.235 SCl + 0.07294 PCl5 + 0.4235 P2S7 + 0.04 P2O5
LiMnO2,lpsocl,4.5,0.0,-0.426003,0,0,LiMnO2 -> Li + MnO2
LiMnO2,lpsocl,4.5,0.12253,-0.878016,0,0,0.0431 Li5.4P1S4.2Cl1.6O0.2 + 0.9569 LiMnO2 -> 1.19 Li + 0.0431 Mn2PO5 + 0.3276 Mn2O3 + 0.181 MnSO4 + 0.03448 MnCl2
LiMnO2,lpsocl,4.5,0.125,-0.886772,0,0,0.04405 Li5.4P1S4.2Cl1.6O0.2 + 0.9559 LiMnO2 -> 1.194 Li + 0.3348 Mn2O3 + 0.02203 Mn3(PO4)2 + 0.185 MnSO4 + 0.03524 MnCl2
LiMnO2,lpsocl,4.5,0.147619,-0.950218,0,0,0.05291 Li5.4P1S4.2Cl1.6O0.2 + 0.9471 LiMnO2 -> 1.233 Li + 0.2011 Mn3O4 + 0.02646 Mn3(PO4)2 + 0.2222 MnSO4 + 0.04233 MnCl2
LiMnO2,lpsocl,4.5,0.180233,-0.992925,0,0,0.06623 Li5.4P1S4.2Cl1.6O0.2 + 0.9338 LiMnO2 -> 1.291 Li + 0.03311 Mn3(PO4)2 + 0.5033 MnO + 0.2781 MnSO4 + 0.05298 MnCl2
LiMnO2,lpsocl,4.5,0.372,-1.227934,0,0,0.1604 Li5.4P1S4.2Cl1.6O0.2 + 0.8396 LiMnO2 -> 1.706 Li + 0.08021 Mn3(PO4)2 + 0.2032 MnS2 + 0.2674 MnSO4 + 0.1283 MnCl2
LiMnO2,lpsocl,4.5,0.4,-1.246424,0,0,0.177 Li5.4P1S4.2Cl1.6O0.2 + 0.823 LiMnO2 -> 1.779 Li + 0.0885 Mn2P2O7 + 0.2389 MnS2 + 0.2655 MnSO4 + 0.1416 MnCl2
LiMnO2,lpsocl,4.5,0.551929,-1.311046,0,0,0.2844 Li5.4P1S4.2Cl1.6O0.2 + 0.7156 LiMnO2 -> 2.251 Li + 0.1422 Mn2P2O7 + 0.455 SCl + 0.3081 MnS2 + 0.1232 MnSO4
LiMnO2,lpsocl,4.5,0.615894,-1.339719,0,0,0.3409 Li5.4P1S4.2Cl1.6O0.2 + 0.6591 LiMnO2 -> 2.5 Li + 0.5455 SCl + 0.3977 MnS2 + 0.09091 MnSO4 + 0.1705 Mn(PO3)2
LiMnO2,lpsocl,4.5,0.688889,-1.372613,0,0,0.4167 Li5.4P1S4.2Cl1.6O0.2 + 0.5833 LiMnO2 -> 2.833 Li + 0.6667 SCl + 0.375 MnS2 + 0.2083 Mn(PO3)2 + 0.3333 S
LiMnO2,lpsocl,4.5,0.837838,-1.393237,0,0,0.625 Li5.4P1S4.2Cl1.6O0.2 + 0.375 LiMnO2 -> 3.75 Li + SCl + 0.2292 MnS2 + 0.1667 P2S7 + 0.1458 Mn(PO3)2
LiMnO2,lpsocl,4.5,0.939394,-1.407386,0,0,0.8333 Li5.4P1S4.2Cl1.6O0.2 + 0.1667 LiMnO2 -> 4.667 Li + 1.167 SCl + 0.3333 P2S7 + 0.08333 MnCl2 + 0.08333 Mn(PO3)2
LiMnO2,lpsocl,4.5,0.984127,-1.41065,1,0,0.9524 Li5.4P1S4.2Cl1.6O0.2 + 0.04762 LiMnO2 -> 5.19 Li + 1.216 SCl + 0.3978 P2S7 + 0.06162 PCl5 + 0.04762 Mn(PO3)2
LiMnO2,lpsocl,4.5,0.992883,-1.410142,0,0,0.9783 Li5.4P1S4.2Cl1.6O0.2 + 0.02174 LiMnO2 -> 5.304 Li + 0.02174 MnP4O11 + 1.226 SCl + 0.4118 P2S7 + 0.06777 PCl5
LiMnO2,lpsocl,4.5,1.0,-1.407086,0,0,Li5.4P1S4.2Cl1.6O0.2 -> 5.4 Li + 1.235 SCl + 0.4235 P2S7 + 0.07294 PCl5 + 0.04 P2O5
LiMnO2,o_only_003,2.5,0.0,0.0,0,0,LiMnO2 -> LiMnO2
LiMnO2,o_only_003,2.5,0.087881,-0.173114,0,0,0.03014 Li5.4P1S4.37Cl1.6O0.03 + 0.9699 LiMnO2 -> 0.7305 Li + 0.3233 Mn3O4 + 0.03014 Li3PO4 + 0.1317 Li2SO4 + 0.04823 LiCl
LiMnO2,o_only_003,2.5,0.126273,-0.206599,0,0,0.04454 Li5.4P1S4.37Cl1.6O0.03 + 0.9555 LiMnO2 -> 0.6018 Li + 0.04454 Li3PO4 + 0.9555 MnO + 0.1947 Li2SO4 + 0.07127 LiCl
LiMnO2,o_only_003,2.5,0.131635,-0.210266,0,0,0.04662 Li5.4P1S4.37Cl1.6O0.03 + 0.9534 LiMnO2 -> 0.6765 Li + 0.04662 LiMnPO4 + 0.9068 MnO + 0.2037 Li2SO4 + 0.07459 LiCl
LiMnO2,o_only_003,2.5,0.512821,-0.41384,0,0,0.2535 Li5.4P1S4.37Cl1.6O0.03 + 0.7465 LiMnO2 -> 1.213 Li + 0.2535 LiMnPO4 + 0.1217 Li2SO4 + 0.493 MnS2 + 0.4056 LiCl
LiMnO2,o_only_003,2.5,0.591039,-0.455402,1,0,0.318 Li5.4P1S4.37Cl1.6O0.03 + 0.682 LiMnO2 -> 0.8855 Li + 0.318 Li3PO4 + 0.02544 Li2SO4 + 0.682 MnS2 + 0.5087 LiCl
LiMnO2,o_only_003,2.5,0.609636,-0.450463,0,0,0.335 Li5.4P1S4.37Cl1.6O0.03 + 0.665 LiMnO2 -> 0.8995 Li + 0.335 Li3PO4 + 0.665 MnS2 + 0.536 LiCl + 0.0335 LiS4
LiMnO2,o_only_003,2.5,1.0,-0.094764,0,0,Li5.4P1S4.37Cl1.6O0.03 -> 3.553 Li + 0.4962 P2S7 + 0.0075 Li3PO4 + 1.6 LiCl + 0.2241 LiS4
LiMnO2,o_only_003,3.0,0.0,-0.032964,0,0,LiMnO2 -> 0.5 Li + 0.5 LiMn2O4
LiMnO2,o_only_003,3.0,0.067391,-0.232971,0,0,0.02278 Li5.4P1S4.37Cl1.6O0.03 + 0.9772 LiMnO2 -> 0.7964 Li + 0.4886 Mn2O3 + 0.02278 Li3PO4 + 0.09954 Li2SO4 + 0.03645 LiCl
LiMnO2,o_only_003,3.0,0.087881,-0.290163,0,0,0.03014 Li5.4P1S4.37Cl1.6O0.03 + 0.9699 LiMnO2 -> 0.7305 Li + 0.03014 Li3PO4 + 0.1317 Li2SO4 + 0.3233 Mn3O4 + 0.04823 LiCl
LiMnO2,o_only_003,3.0,0.093163,-0.301189,0,0,0.03208 Li5.4P1S4.37Cl1.6O0.03 + 0.9679 LiMnO2 -> 0.7774 Li + 0.03208 LiMnPO4 + 0.1402 Li2SO4 + 0.3119 Mn3O4 + 0.05132 LiCl
LiMnO2,o_only_003,3.0,0.09605,-0.306325,0,0,0.03314 Li5.4P1S4.37Cl1.6O0.03 + 0.9669 LiMnO2 -> 0.8031 Li + 0.01657 Mn3(PO4)2 + 0.1448 Li2SO4 + 0.3057 Mn3O4 + 0.05302 LiCl
LiMnO2,o_only_003,3.0,0.111091,-0.331204,0,0,0.03875 Li5.4P1S4.37Cl1.6O0.03 + 0.9612 LiMnO2 -> 0.9392 Li + 0.01938 Mn3(PO4)2 + 0.08467 Li2Mn(SO4)2 + 0.2728 Mn3O4 + 0.062 LiCl
LiMnO2,o_only_003,3.0,0.131719,-0.360795,0,0,0.04665 Li5.4P1S4.37Cl1.6O0.03 + 0.9533 LiMnO2 -> 1.131 Li + 0.02333 Mn3(PO4)2 + 0.2039 MnSO4 + 0.2265 Mn3O4 + 0.07464 LiCl
LiMnO2,o_only_003,3.0,0.141327,-0.373747,0,0,0.05042 Li5.4P1S4.37Cl1.6O0.03 + 0.9496 LiMnO2 -> 1.222 Li + 0.02521 Mn3(PO4)2 + 0.2203 MnSO4 + 0.04033 MnCl2 + 0.2044 Mn3O4
LiMnO2,o_only_003,3.0,0.173378,-0.39939,0,0,0.06337 Li5.4P1S4.37Cl1.6O0.03 + 0.9366 LiMnO2 -> 1.279 Li + 0.03169 Mn3(PO4)2 + 0.5139 MnO + 0.2769 MnSO4 + 0.0507 MnCl2
LiMnO2,o_only_003,3.0,0.368244,-0.531723,0,0,0.1583 Li5.4P1S4.37Cl1.6O0.03 + 0.8417 LiMnO2 -> 1.696 Li + 0.07913 Mn3(PO4)2 + 0.2638 MnSO4 + 0.1266 MnCl2 + 0.2139 MnS2
LiMnO2,o_only_003,3.0,0.421673,-0.548742,0,0,0.1904 Li5.4P1S4.37Cl1.6O0.03 + 0.8096 LiMnO2 -> 1.533 Li + 0.09521 Mn3(PO4)2 + 0.2158 MnSO4 + 0.3082 MnS2 + 0.3047 LiCl
LiMnO2,o_only_003,3.0,0.45689,-0.558487,0,0,0.2134 Li5.4P1S4.37Cl1.6O0.03 + 0.7866 LiMnO2 -> 1.416 Li + 0.1067 Mn3(PO4)2 + 0.09072 Li2Mn(SO4)2 + 0.3757 MnS2 + 0.3415 LiCl
LiMnO2,o_only_003,3.0,0.480993,-0.562249,0,0,0.2301 Li5.4P1S4.37Cl1.6O0.03 + 0.7699 LiMnO2 -> 1.331 Li + 0.1151 Mn3(PO4)2 + 0.4246 MnS2 + 0.1565 Li2SO4 + 0.3682 LiCl
LiMnO2,o_only_003,3.0,0.517098,-0.565958,1,0,0.2567 Li5.4P1S4.37Cl1.6O0.03 + 0.7433 LiMnO2 -> 1.421 Li + 0.1284 Mn2P2O7 + 0.4865 MnS2 + 0.1489 Li2SO4 + 0.4108 LiCl
LiMnO2,o_only_003,3.0,0.554066,-0.565573,0,0,0.2861 Li5.4P1S4.37Cl1.6O0.03 + 0.7139 LiMnO2 -> 1.298 Li + 0.1431 Li2MnP2O7 + 0.5708 MnS2 + 0.1087 Li2SO4 + 0.4578 LiCl
LiMnO2,o_only_003,3.0,0.596728,-0.563375,0,0,0.3231 Li5.4P1S4.37Cl1.6O0.03 + 0.6769 LiMnO2 -> 1.142 Li + 0.1616 Li4P2O7 + 0.6769 MnS2 + 0.05816 Li2SO4 + 0.517 LiCl
LiMnO2,o_only_003,3.0,0.641158,-0.551918,0,0,0.3656 Li5.4P1S4.37Cl1.6O0.03 + 0.6344 LiMnO2 -> 1.21 Li + 0.1828 Li4P2O7 + 0.6344 MnS2 + 0.585 LiCl + 0.08227 LiS4
LiMnO2,o_only_003,3.0,0.676118,-0.53843,0,0,0.4024 Li5.4P1S4.37Cl1.6O0.03 + 0.5976 LiMnO2 -> 1.584 Li + 0.5976 MnS2 + 0.4024 LiPO3 + 0.6439 LiCl + 0.1408 LiS4
LiMnO2,o_only_003,3.0,1.0,-0.348842,0,0,Li5.4P1S4.37Cl1.6O0.03 -> 3.564 Li + 0.495 P2S7 + 0.01 LiPO3 + 1.6 LiCl + 0.2262 LiS4
LiMnO2,o_only_003,3.5,0.0,-0.120861,0,0,LiMnO2 -> 0.5455 Li + 0.09091 Li5Mn7O16 + 0.1818 Mn2O3
LiMnO2,o_only_003,3.5,0.067391,-0.361784,0,0,0.02278 Li5.4P1S4.37Cl1.6O0.03 + 0.9772 LiMnO2 -> 0.7964 Li + 0.4886 Mn2O3 + 0.02278 Li3PO4 + 0.09954 Li2SO4 + 0.03645 LiCl
LiMnO2,o_only_003,3.5,0.072093,-0.377124,0,0,0.02445 Li5.4P1S4.37Cl1.6O0.03 + 0.9756 LiMnO2 -> 0.8303 Li + 0.02445 LiMnPO4 + 0.4756 Mn2O3 + 0.1068 Li2SO4 + 0.03912 LiCl
LiMnO2,o_only_003,3.5,0.074699,-0.384944,0,0,0.02538 Li5.4P1S4.37Cl1.6O0.03 + 0.9746 LiMnO2 -> 0.8492 Li + 0.01269 Mn3(PO4)2 + 0.4683 Mn2O3 + 0.1109 Li2SO4 + 0.04061 LiCl
LiMnO2,o_only_003,3.5,0.088711,-0.425575,0,0,0.03045 Li5.4P1S4.37Cl1.6O0.03 + 0.9696 LiMnO2 -> 0.9522 Li + 0.01522 Mn3(PO4)2 + 0.06652 Li2Mn(SO4)2 + 0.4287 Mn2O3 + 0.04871 LiCl
LiMnO2,o_only_003,3.5,0.109193,-0.481502,0,0,0.03804 Li5.4P1S4.37Cl1.6O0.03 + 0.962 LiMnO2 -> 1.107 Li + 0.01902 Mn3(PO4)2 + 0.3693 Mn2O3 + 0.1662 MnSO4 + 0.06086 LiCl
LiMnO2,o_only_003,3.5,0.119277,-0.508462,0,0,0.04186 Li5.4P1S4.37Cl1.6O0.03 + 0.9581 LiMnO2 -> 1.184 Li + 0.02093 Mn3(PO4)2 + 0.3395 Mn2O3 + 0.03349 MnCl2 + 0.1829 MnSO4
LiMnO2,o_only_003,3.5,0.141327,-0.564559,0,0,0.05042 Li5.4P1S4.37Cl1.6O0.03 + 0.9496 LiMnO2 -> 1.222 Li + 0.02521 Mn3(PO4)2 + 0.04033 MnCl2 + 0.2203 MnSO4 + 0.2044 Mn3O4
LiMnO2,o_only_003,3.5,0.173378,-0.595923,0,0,0.06337 Li5.4P1S4.37Cl1.6O0.03 + 0.9366 LiMnO2 -> 1.279 Li + 0.03169 Mn3(PO4)2 + 0.5139 MnO + 0.0507 MnCl2 + 0.2769 MnSO4
LiMnO2,o_only_003,3.5,0.368244,-0.765187,0,0,0.1583 Li5.4P1S4.37Cl1.6O0.03 + 0.8417 LiMnO2 -> 1.696 Li + 0.07913 Mn3(PO4)2 + 0.1266 MnCl2 + 0.2139 MnS2 + 0.2638 MnSO4
LiMnO2,o_only_003,3.5,0.39566,-0.772775,0,0,0.1744 Li5.4P1S4.37Cl1.6O0.03 + 0.8256 LiMnO2 -> 1.767 Li + 0.08718 Mn2P2O7 + 0.1395 MnCl2 + 0.2502 MnS2 + 0.2616 MnSO4
LiMnO2,o_only_003,3.5,0.543701,-0.775627,0,0,0.2776 Li5.4P1S4.37Cl1.6O0.03 + 0.7224 LiMnO2 -> 2.222 Li + 0.1388 Mn2P2O7 + 0.4442 SCl + 0.3244 MnS2 + 0.1203 MnSO4
LiMnO2,o_only_003,3.5,0.605666,-0.776651,0,0,0.3313 Li5.4P1S4.37Cl1.6O0.03 + 0.6687 LiMnO2 -> 2.458 Li + 0.5301 SCl + 0.4147 MnS2 + 0.08835 MnSO4 + 0.1657 Mn(PO3)2
LiMnO2,o_only_003,3.5,0.676118,-0.776724,1,0,0.4024 Li5.4P1S4.37Cl1.6O0.03 + 0.5976 LiMnO2 -> 2.771 Li + 0.6439 SCl + 0.3964 MnS2 + 0.2012 Mn(PO3)2 + 0.3219 S
LiMnO2,o_only_003,3.5,0.819022,-0.727177,0,0,0.5935 Li5.4P1S4.37Cl1.6O0.03 + 0.4065 LiMnO2 -> 3.611 Li + 0.1583 P2S7 + 0.9496 SCl + 0.2681 MnS2 + 0.1385 Mn(PO3)2
LiMnO2,o_only_003,3.5,0.941599,-0.679747,0,0,0.8387 Li5.4P1S4.37Cl1.6O0.03 + 0.1613 LiMnO2 -> 4.69 Li + 0.3614 P2S7 + 1.135 SCl + 0.1033 MnCl2 + 0.05795 Mn(PO3)2
LiMnO2,o_only_003,3.5,0.997586,-0.652716,0,0,0.9926 Li5.4P1S4.37Cl1.6O0.03 + 0.007444 LiMnO2 -> 5.367 Li + 0.4493 P2S7 + 0.07911 PCl5 + 1.193 SCl + 0.007444 Mn(PO3)2
LiMnO2,o_only_003,3.5,0.998926,-0.651882,0,0,0.9967 Li5.4P1S4.37Cl1.6O0.03 + 0.003322 LiMnO2 -> 5.385 Li + 0.4516 P2S7 + 0.003322 MnP4O11 + 0.08013 PCl5 + 1.194 SCl
LiMnO2,o_only_003,3.5,1.0,-0.651088,0,0,Li5.4P1S4.37Cl1.6O0.03 -> 5.39 Li + 0.4541 P2S7 + 0.08176 PCl5 + 1.191 SCl + 0.01 LiPO3
LiMnO2,o_only_003,4.0,0.0,-0.259337,0,0,LiMnO2 -> Li + MnO2
LiMnO2,o_only_003,4.0,0.117025,-0.687522,0,0,0.041 Li5.4P1S4.37Cl1.6O0.03 + 0.959 LiMnO2 -> 1.18 Li + 0.041 Mn2PO5 + 0.3325 Mn2O3 + 0.1792 MnSO4 + 0.0328 MnCl2
LiMnO2,o_only_003,4.0,0.119277,-0.695392,0,0,0.04186 Li5.4P1S4.37Cl1.6O0.03 + 0.9581 LiMnO2 -> 1.184 Li + 0.02093 Mn3(PO4)2 + 0.3395 Mn2O3 + 0.1829 MnSO4 + 0.03349 MnCl2
LiMnO2,o_only_003,4.0,0.141327,-0.755371,0,0,0.05042 Li5.4P1S4.37Cl1.6O0.03 + 0.9496 LiMnO2 -> 1.222 Li + 0.02521 Mn3(PO4)2 + 0.2203 MnSO4 + 0.2044 Mn3O4 + 0.04033 MnCl2
LiMnO2,o_only_003,4.0,0.173378,-0.792456,0,0,0.06337 Li5.4P1S4.37Cl1.6O0.03 + 0.9366 LiMnO2 -> 1.279 Li + 0.03169 Mn3(PO4)2 + 0.5139 MnO + 0.2769 MnSO4 + 0.0507 MnCl2
LiMnO2,o_only_003,4.0,0.368244,-0.998651,0,0,0.1583 Li5.4P1S4.37Cl1.6O0.03 + 0.8417 LiMnO2 -> 1.696 Li + 0.07913 Mn3(PO4)2 + 0.2139 MnS2 + 0.2638 MnSO4 + 0.1266 MnCl2
LiMnO2,o_only_003,4.0,0.39566,-1.011751,0,0,0.1744 Li5.4P1S4.37Cl1.6O0.03 + 0.8256 LiMnO2 -> 1.767 Li + 0.2502 MnS2 + 0.08718 Mn2P2O7 + 0.2616 MnSO4 + 0.1395 MnCl2
LiMnO2,o_only_003,4.0,0.543701,-1.045862,0,0,0.2776 Li5.4P1S4.37Cl1.6O0.03 + 0.7224 LiMnO2 -> 2.222 Li + 0.3244 MnS2 + 0.4442 SCl + 0.1388 Mn2P2O7 + 0.1203 MnSO4
LiMnO2,o_only_003,4.0,0.605666,-1.060769,0,0,0.3313 Li5.4P1S4.37Cl1.6O0.03 + 0.6687 LiMnO2 -> 2.458 Li + 0.4147 MnS2 + 0.5301 SCl + 0.08835 MnSO4 + 0.1657 Mn(PO3)2
LiMnO2,o_only_003,4.0,0.676118,-1.077248,1,0,0.4024 Li5.4P1S4.37Cl1.6O0.03 + 0.5976 LiMnO2 -> 2.771 Li + 0.3964 MnS2 + 0.6439 SCl + 0.2012 Mn(PO3)2 + 0.3219 S
LiMnO2,o_only_003,4.0,0.819022,-1.06318,0,0,0.5935 Li5.4P1S4.37Cl1.6O0.03 + 0.4065 LiMnO2 -> 3.611 Li + 0.2681 MnS2 + 0.1583 P2S7 + 0.9496 SCl + 0.1385 Mn(PO3)2
LiMnO2,o_only_003,4.0,0.941599,-1.048786,0,0,0.8387 Li5.4P1S4.37Cl1.6O0.03 + 0.1613 LiMnO2 -> 4.69 Li + 0.3614 P2S7 + 1.135 SCl + 0.1033 MnCl2 + 0.05795 Mn(PO3)2
LiMnO2,o_only_003,4.0,0.997586,-1.037729,0,0,0.9926 Li5.4P1S4.37Cl1.6O0.03 + 0.007444 LiMnO2 -> 5.367 Li + 0.4493 P2S7 + 1.193 SCl + 0.07911 PCl5 + 0.007444 Mn(PO3)2
LiMnO2,o_only_003,4.0,0.998926,-1.037284,0,0,0.9967 Li5.4P1S4.37Cl1.6O0.03 + 0.003322 LiMnO2 -> 5.385 Li + 0.003322 MnP4O11 + 0.4516 P2S7 + 1.194 SCl + 0.08013 PCl5
LiMnO2,o_only_003,4.0,1.0,-1.036531,0,0,Li5.4P1S4.37Cl1.6O0.03 -> 5.4 Li + 0.4535 P2S7 + 1.195 SCl + 0.08094 PCl5 + 0.006 P2O5
LiMnO2,o_only_003,4.3,0.0,-0.359337,0,0,LiMnO2 -> Li + MnO2
LiMnO2,o_only_003,4.3,0.117025,-0.799443,0,0,0.041 Li5.4P1S4.37Cl1.6O0.03 + 0.959 LiMnO2 -> 1.18 Li + 0.041 Mn2PO5 + 0.3325 Mn2O3 + 0.1792 MnSO4 + 0.0328 MnCl2
LiMnO2,o_only_003,4.3,0.119277,-0.80755,0,0,0.04186 Li5.4P1S4.37Cl1.6O0.03 + 0.9581 LiMnO2 -> 1.184 Li + 0.3395 Mn2O3 + 0.02093 Mn3(PO4)2 + 0.1829 MnSO4 + 0.03349 MnCl2
LiMnO2,o_only_003,4.3,0.141327,-0.869858,0,0,0.05042 Li5.4P1S4.37Cl1.6O0.03 + 0.9496 LiMnO2 -> 1.222 Li + 0.2044 Mn3O4 + 0.02521 Mn3(PO4)2 + 0.2203 MnSO4 + 0.04033 MnCl2
LiMnO2,o_only_003,4.3,0.173378,-0.910376,0,0,0.06337 Li5.4P1S4.37Cl1.6O0.03 + 0.9366 LiMnO2 -> 1.279 Li + 0.03169 Mn3(PO4)2 + 0.2769 MnSO4 + 0.5139 MnO + 0.0507 MnCl2
LiMnO2,o_only_003,4.3,0.368244,-1.13873,0,0,0.1583 Li5.4P1S4.37Cl1.6O0.03 + 0.8417 LiMnO2 -> 1.696 Li + 0.07913 Mn3(PO4)2 + 0.2638 MnSO4 + 0.2139 MnS2 + 0.1266 MnCl2
LiMnO2,o_only_003,4.3,0.39566,-1.155137,0,0,0.1744 Li5.4P1S4.37Cl1.6O0.03 + 0.8256 LiMnO2 -> 1.767 Li + 0.08718 Mn2P2O7 + 0.2616 MnSO4 + 0.2502 MnS2 + 0.1395 MnCl2
LiMnO2,o_only_003,4.3,0.543701,-1.208003,0,0,0.2776 Li5.4P1S4.37Cl1.6O0.03 + 0.7224 LiMnO2 -> 2.222 Li + 0.4442 SCl + 0.1388 Mn2P2O7 + 0.1203 MnSO4 + 0.3244 MnS2
LiMnO2,o_only_003,4.3,0.605666,-1.23124,0,0,0.3313 Li5.4P1S4.37Cl1.6O0.03 + 0.6687 LiMnO2 -> 2.458 Li + 0.5301 SCl + 0.08835 MnSO4 + 0.4147 MnS2 + 0.1657 Mn(PO3)2
LiMnO2,o_only_003,4.3,0.676118,-1.257562,0,0,0.4024 Li5.4P1S4.37Cl1.6O0.03 + 0.5976 LiMnO2 -> 2.771 Li + 0.6439 SCl + 0.3964 MnS2 + 0.2012 Mn(PO3)2 + 0.3219 S
LiMnO2,o_only_003,4.3,0.819022,-1.264781,0,0,0.5935 Li5.4P1S4.37Cl1.6O0.03 + 0.4065 LiMnO2 -> 3.611 Li + 0.9496 SCl + 0.1583 P2S7 + 0.2681 MnS2 + 0.1385 Mn(PO3)2
LiMnO2,o_only_003,4.3,0.941599,-1.270209,1,0,0.8387 Li5.4P1S4.37Cl1.6O0.03 + 0.1613 LiMnO2 -> 4.69 Li + 1.135 SCl + 0.3614 P2S7 + 0.1033 MnCl2 + 0.05795 Mn(PO3)2
LiMnO2,o_only_003,4.3,0.997586,-1.268736,0,0,0.9926 Li5.4P1S4.37Cl1.6O0.03 + 0.007444 LiMnO2 -> 5.367 Li + 1.193 SCl + 0.07911 PCl5 + 0.4493 P2S7 + 0.007444 Mn(PO3)2
LiMnO2,o_only_003,4.3,0.998926,-1.268525,0,0,0.9967 Li5.4P1S4.37Cl1.6O0.03 + 0.003322 LiMnO2 -> 5.385 Li + 0.003322 MnP4O11 + 1.194 SCl + 0.08013 PCl5 + 0.4516 P2S7
LiMnO2,o_only_003,4.3,1.0,-1.26796,0,0,Li5.4P1S4.37Cl1.6O0.03 -> 5.4 Li + 1.195 SCl + 0.08094 PCl5 + 0.4535 P2S7 + 0.006 P2O5
LiMnO2,o_only_003,4.5,0.0,-0.426003,0,0,LiMnO2 -> Li + MnO2
LiMnO2,o_only_003,4.5,0.117025,-0.874058,0,0,0.041 Li5.4P1S4.37Cl1.6O0.03 + 0.959 LiMnO2 -> 1.18 Li + 0.041 Mn2PO5 + 0.3325 Mn2O3 + 0.1792 MnSO4 + 0.0328 MnCl2
LiMnO2,o_only_003,4.5,0.119277,-0.882322,0,0,0.04186 Li5.4P1S4.37Cl1.6O0.03 + 0.9581 LiMnO2 -> 1.184 Li + 0.3395 Mn2O3 + 0.02093 Mn3(PO4)2 + 0.1829 MnSO4 + 0.03349 MnCl2
LiMnO2,o_only_003,4.5,0.141327,-0.946183,0,0,0.05042 Li5.4P1S4.37Cl1.6O0.03 + 0.9496 LiMnO2 -> 1.222 Li + 0.2044 Mn3O4 + 0.02521 Mn3(PO4)2 + 0.2203 MnSO4 + 0.04033 MnCl2
LiMnO2,o_only_003,4.5,0.173378,-0.988989,0,0,0.06337 Li5.4P1S4.37Cl1.6O0.03 + 0.9366 LiMnO2 -> 1.279 Li + 0.03169 Mn3(PO4)2 + 0.5139 MnO + 0.2769 MnSO4 + 0.0507 MnCl2
LiMnO2,o_only_003,4.5,0.368244,-1.232115,0,0,0.1583 Li5.4P1S4.37Cl1.6O0.03 + 0.8417 LiMnO2 -> 1.696 Li + 0.07913 Mn3(PO4)2 + 0.2139 MnS2 + 0.2638 MnSO4 + 0.1266 MnCl2
LiMnO2,o_only_003,4.5,0.39566,-1.250728,0,0,0.1744 Li5.4P1S4.37Cl1.6O0.03 + 0.8256 LiMnO2 -> 1.767 Li + 0.08718 Mn2P2O7 + 0.2502 MnS2 + 0.2616 MnSO4 + 0.1395 MnCl2
LiMnO2,o_only_003,4.5,0.543701,-1.316097,0,0,0.2776 Li5.4P1S4.37Cl1.6O0.03 + 0.7224 LiMnO2 -> 2.222 Li + 0.1388 Mn2P2O7 + 0.4442 SCl + 0.3244 MnS2 + 0.1203 MnSO4
LiMnO2,o_only_003,4.5,0.605666,-1.344888,0,0,0.3313 Li5.4P1S4.37Cl1.6O0.03 + 0.6687 LiMnO2 -> 2.458 Li + 0.5301 SCl + 0.4147 MnS2 + 0.08835 MnSO4 + 0.1657 Mn(PO3)2
LiMnO2,o_only_003,4.5,0.676118,-1.377771,0,0,0.4024 Li5.4P1S4.37Cl1.6O0.03 + 0.5976 LiMnO2 -> 2.771 Li + 0.6439 SCl + 0.3964 MnS2 + 0.2012 Mn(PO3)2 + 0.3219 S
LiMnO2,o_only_003,4.5,0.819022,-1.399182,0,0,0.5935 Li5.4P1S4.37Cl1.6O0.03 + 0.4065 LiMnO2 -> 3.611 Li + 0.9496 SCl + 0.2681 MnS2 + 0.1583 P2S7 + 0.1385 Mn(PO3)2
LiMnO2,o_only_003,4.5,0.941599,-1.417824,0,0,0.8387 Li5.4P1S4.37Cl1.6O0.03 + 0.1613 LiMnO2 -> 4.69 Li + 1.135 SCl + 0.3614 P2S7 + 0.1033 MnCl2 + 0.05795 Mn(PO3)2
LiMnO2,o_only_003,4.5,0.997586,-1.422741,1,0,0.9926 Li5.4P1S4.37Cl1.6O0.03 + 0.007444 LiMnO2 -> 5.367 Li + 1.193 SCl + 0.4493 P2S7 + 0.07911 PCl5 + 0.007444 Mn(PO3)2
LiMnO2,o_only_003,4.5,0.998926,-1.422686,0,0,0.9967 Li5.4P1S4.37Cl1.6O0.03 + 0.003322 LiMnO2 -> 5.385 Li + 0.003322 MnP4O11 + 1.194 SCl + 0.4516 P2S7 + 0.08013 PCl5
LiMnO2,o_only_003,4.5,1.0,-1.422246,0,0,Li5.4P1S4.37Cl1.6O0.03 -> 5.4 Li + 1.195 SCl + 0.4535 P2S7 + 0.08094 PCl5 + 0.006 P2O5
LiMnO2,ndo_li_002,2.5,0.0,0.0,0,0,LiMnO2 -> LiMnO2
LiMnO2,ndo_li_002,2.5,0.087498,-0.172832,0,0,0.0301 Li5.34Nd0.02P1S4.37Cl1.6O0.03 + 0.9699 LiMnO2 -> 0.7291 Li + 0.3231 Mn3O4 + 0.000602 NdMnO3 + 0.0301 Li3PO4 + 0.1315 Li2SO4 + 0.04816 LiCl
LiMnO2,ndo_li_002,2.5,0.087622,-0.172991,0,1,0.03014 Li5.34Nd0.02P1S4.37Cl1.6O0.03 + 0.9699 LiMnO2 -> 0.7305 Li + 0.3233 Mn3O4 + 0.02954 Li3PO4 + 0.0006029 NdPO4 + 0.1317 Li2SO4 + 0.04823 LiCl
LiMnO2,ndo_li_002,2.5,0.125917,-0.206411,0,1,0.04454 Li5.34Nd0.02P1S4.37Cl1.6O0.03 + 0.9555 LiMnO2 -> 0.6018 Li + 0.04365 Li3PO4 + 0.9555 MnO + 0.0008909 NdPO4 + 0.1947 Li2SO4 + 0.07127 LiCl
LiMnO2,ndo_li_002,2.5,0.131154,-0.209993,0,1,0.04658 Li5.34Nd0.02P1S4.37Cl1.6O0.03 + 0.9534 LiMnO2 -> 0.6749 Li + 0.04565 LiMnPO4 + 0.9078 MnO + 0.0009315 NdPO4 + 0.2035 Li2SO4 + 0.07452 LiCl
LiMnO2,ndo_li_002,2.5,0.513374,-0.413437,0,1,0.2545 Li5.34Nd0.02P1S4.37Cl1.6O0.03 + 0.7455 LiMnO2 -> 1.208 Li + 0.2494 LiMnPO4 + 0.00509 NdPO4 + 0.1201 Li2SO4 + 0.4961 MnS2 + 0.4072 LiCl
LiMnO2,ndo_li_002,2.5,0.590258,-0.454037,1,1,0.318 Li5.34Nd0.02P1S4.37Cl1.6O0.03 + 0.682 LiMnO2 -> 0.8855 Li + 0.3116 Li3PO4 + 0.006359 NdPO4 + 0.02544 Li2SO4 + 0.682 MnS2 + 0.5087 LiCl
LiMnO2,ndo_li_002,2.5,0.608867,-0.449056,0,1,0.335 Li5.34Nd0.02P1S4.37Cl1.6O0.03 + 0.665 LiMnO2 -> 0.8995 Li + 0.3283 Li3PO4 + 0.0067 NdPO4 + 0.665 MnS2 + 0.536 LiCl + 0.0335 LiS4
LiMnO2,ndo_li_002,2.5,0.991974,-0.101372,0,1,0.9756 Li5.34Nd0.02P1S4.37Cl1.6O0.03 + 0.02439 LiMnO2 -> 3.456 Li + 0.478 P2S7 + 0.01951 NdPO4 + 0.02439 MnS2 + 1.561 LiCl + 0.2171 LiS4
LiMnO2,ndo_li_002,2.5,1.0,-0.092901,0,1,Li5.34Nd0.02P1S4.37Cl1.6O0.03 -> 3.517 Li + 0.49 P2S7 + 0.0125 NdPS4 + 0.0075 NdPO4 + 1.6 LiCl + 0.2225 LiS4
LiMnO2,ndo_li_002,3.0,0.0,-0.032964,0,0,LiMnO2 -> 0.5 Li + 0.5 LiMn2O4
LiMnO2,ndo_li_002,3.0,0.067072,-0.232563,0,0,0.02274 Li5.34Nd0.02P1S4.37Cl1.6O0.03 + 0.9773 LiMnO2 -> 0.7954 Li + 0.4882 Mn2O3 + 0.0004548 NdMn2O5 + 0.02274 Li3PO4 + 0.09936 Li2SO4 + 0.03638 LiCl
LiMnO2,ndo_li_002,3.0,0.087449,-0.289555,0,0,0.03008 Li5.34Nd0.02P1S4.37Cl1.6O0.03 + 0.9699 LiMnO2 -> 0.7293 Li + 0.0006016 NdMn2O5 + 0.03008 Li3PO4 + 0.1314 Li2SO4 + 0.3229 Mn3O4 + 0.04813 LiCl
LiMnO2,ndo_li_002,3.0,0.087622,-0.290018,0,1,0.03014 Li5.34Nd0.02P1S4.37Cl1.6O0.03 + 0.9699 LiMnO2 -> 0.7305 Li + 0.0006029 NdPO4 + 0.02954 Li3PO4 + 0.1317 Li2SO4 + 0.3233 Mn3O4 + 0.04823 LiCl
LiMnO2,ndo_li_002,3.0,0.092779,-0.300798,0,1,0.03204 Li5.34Nd0.02P1S4.37Cl1.6O0.03 + 0.968 LiMnO2 -> 0.7764 Li + 0.0314 LiMnPO4 + 0.0006407 NdPO4 + 0.14 Li2SO4 + 0.3122 Mn3O4 + 0.05126 LiCl
LiMnO2,ndo_li_002,3.0,0.095592,-0.30581,0,1,0.03307 Li5.34Nd0.02P1S4.37Cl1.6O0.03 + 0.9669 LiMnO2 -> 0.8016 Li + 0.01621 Mn3(PO4)2 + 0.0006615 NdPO4 + 0.1445 Li2SO4 + 0.3061 Mn3O4 + 0.05292 LiCl
LiMnO2,ndo_li_002,3.0,0.110535,-0.330545,0,1,0.03866 Li5.34Nd0.02P1S4.37Cl1.6O0.03 + 0.9613 LiMnO2 -> 0.937 Li + 0.01894 Mn3(PO4)2 + 0.08448 Li2Mn(SO4)2 + 0.0007732 NdPO4 + 0.2733 Mn3O4 + 0.06186 LiCl
LiMnO2,ndo_li_002,3.0,0.110773,-0.330886,0,0,0.03875 Li5.34Nd0.02P1S4.37Cl1.6O0.03 + 0.9612 LiMnO2 -> 0.9392 Li + 0.01938 Mn3(PO4)2 + 0.08467 Li2Mn(SO4)2 + 0.000775 NdCl3 + 0.2728 Mn3O4 + 0.05968 LiCl
LiMnO2,ndo_li_002,3.0,0.13135,-0.360406,0,0,0.04665 Li5.34Nd0.02P1S4.37Cl1.6O0.03 + 0.9533 LiMnO2 -> 1.131 Li + 0.02333 Mn3(PO4)2 + 0.2039 MnSO4 + 0.0009331 NdCl3 + 0.2265 Mn3O4 + 0.07185 LiCl
LiMnO2,ndo_li_002,3.0,0.14055,-0.372806,0,0,0.05026 Li5.34Nd0.02P1S4.37Cl1.6O0.03 + 0.9497 LiMnO2 -> 1.218 Li + 0.02513 Mn3(PO4)2 + 0.2197 MnSO4 + 0.0387 MnCl2 + 0.001005 NdCl3 + 0.2053 Mn3O4
LiMnO2,ndo_li_002,3.0,0.172626,-0.398359,0,0,0.06325 Li5.34Nd0.02P1S4.37Cl1.6O0.03 + 0.9367 LiMnO2 -> 1.275 Li + 0.03163 Mn3(PO4)2 + 0.5168 MnO + 0.2764 MnSO4 + 0.0487 MnCl2 + 0.001265 NdCl3
LiMnO2,ndo_li_002,3.0,0.369249,-0.530965,0,0,0.1593 Li5.34Nd0.02P1S4.37Cl1.6O0.03 + 0.8407 LiMnO2 -> 1.691 Li + 0.07964 Mn3(PO4)2 + 0.2623 MnSO4 + 0.1226 MnCl2 + 0.2169 MnS2 + 0.003186 NdCl3
LiMnO2,ndo_li_002,3.0,0.420885,-0.547211,0,0,0.1904 Li5.34Nd0.02P1S4.37Cl1.6O0.03 + 0.8096 LiMnO2 -> 1.533 Li + 0.09521 Mn3(PO4)2 + 0.2158 MnSO4 + 0.3082 MnS2 + 0.003808 NdCl3 + 0.2932 LiCl
LiMnO2,ndo_li_002,3.0,0.456089,-0.556801,0,0,0.2134 Li5.34Nd0.02P1S4.37Cl1.6O0.03 + 0.7866 LiMnO2 -> 1.416 Li + 0.1067 Mn3(PO4)2 + 0.09072 Li2Mn(SO4)2 + 0.3757 MnS2 + 0.004269 NdCl3 + 0.3287 LiCl
LiMnO2,ndo_li_002,3.0,0.458117,-0.557352,0,1,0.2148 Li5.34Nd0.02P1S4.37Cl1.6O0.03 + 0.7852 LiMnO2 -> 1.409 Li + 0.1053 Mn3(PO4)2 + 0.08969 Li2Mn(SO4)2 + 0.004296 NdPO4 + 0.3797 MnS2 + 0.3437 LiCl
LiMnO2,ndo_li_002,3.0,0.481984,-0.560991,0,1,0.2314 Li5.34Nd0.02P1S4.37Cl1.6O0.03 + 0.7686 LiMnO2 -> 1.325 Li + 0.1134 Mn3(PO4)2 + 0.004629 NdPO4 + 0.4284 MnS2 + 0.1546 Li2SO4 + 0.3703 LiCl
LiMnO2,ndo_li_002,3.0,0.517588,-0.564526,1,1,0.2577 Li5.34Nd0.02P1S4.37Cl1.6O0.03 + 0.7423 LiMnO2 -> 1.412 Li + 0.1263 Mn2P2O7 + 0.005155 NdPO4 + 0.4897 MnS2 + 0.1469 Li2SO4 + 0.4124 LiCl
LiMnO2,ndo_li_002,3.0,0.553962,-0.564032,0,1,0.2867 Li5.34Nd0.02P1S4.37Cl1.6O0.03 + 0.7133 LiMnO2 -> 1.29 Li + 0.1405 Li2MnP2O7 + 0.005734 NdPO4 + 0.5728 MnS2 + 0.1072 Li2SO4 + 0.4587 LiCl
LiMnO2,ndo_li_002,3.0,0.595835,-0.561746,0,1,0.323 Li5.34Nd0.02P1S4.37Cl1.6O0.03 + 0.677 LiMnO2 -> 1.137 Li + 0.1583 Li4P2O7 + 0.00646 NdPO4 + 0.677 MnS2 + 0.05749 Li2SO4 + 0.5168 LiCl
LiMnO2,ndo_li_002,3.0,0.639752,-0.550306,0,1,0.365 Li5.34Nd0.02P1S4.37Cl1.6O0.03 + 0.635 LiMnO2 -> 1.203 Li + 0.1788 Li4P2O7 + 0.007299 NdPO4 + 0.635 MnS2 + 0.5839 LiCl + 0.0812 LiS4
LiMnO2,ndo_li_002,3.0,0.64308,-0.549129,0,1,0.3683 Li5.34Nd0.02P1S4.37Cl1.6O0.03 + 0.6317 LiMnO2 -> 1.238 Li + 0.1694 Li4P2O7 + 0.007366 LiNd(PO3)4 + 0.6317 MnS2 + 0.5893 LiCl + 0.08656 LiS4
LiMnO2,ndo_li_002,3.0,0.67541,-0.536575,0,1,0.4024 Li5.34Nd0.02P1S4.37Cl1.6O0.03 + 0.5976 LiMnO2 -> 1.584 Li + 0.008048 LiNd(PO3)4 + 0.5976 MnS2 + 0.3702 LiPO3 + 0.6439 LiCl + 0.1408 LiS4
LiMnO2,ndo_li_002,3.0,0.967136,-0.367391,0,1,0.905 Li5.34Nd0.02P1S4.37Cl1.6O0.03 + 0.09502 LiMnO2 -> 3.249 Li + 0.4163 P2S7 + 0.0181 LiNd(PO3)4 + 0.09502 MnS2 + 1.448 LiCl + 0.2127 LiS4
LiMnO2,ndo_li_002,3.0,0.991974,-0.35102,0,1,0.9756 Li5.34Nd0.02P1S4.37Cl1.6O0.03 + 0.02439 LiMnO2 -> 3.456 Li + 0.478 P2S7 + 0.01951 NdPO4 + 0.02439 MnS2 + 1.561 LiCl + 0.2171 LiS4
LiMnO2,ndo_li_002,3.0,1.0,-0.345374,0,1,Li5.34Nd0.02P1S4.37Cl1.6O0.03 -> 3.553 Li + 0.4963 P2S7 + 0.0075 NdPO4 + 0.0125 NdCl3 + 1.562 LiCl + 0.2241 LiS4
LiMnO2,ndo_li_002,3.5,0.0,-0.120861,0,0,LiMnO2 -> 0.5455 Li + 0.09091 Li5Mn7O16 + 0.1818 Mn2O3
LiMnO2,ndo_li_002,3.5,0.067189,-0.361663,0,1,0.02278 Li5.34Nd0.02P1S4.37Cl1.6O0.03 + 0.9772 LiMnO2 -> 0.7964 Li + 0.4886 Mn2O3 + 0.0004556 NdPO4 + 0.02232 Li3PO4 + 0.09954 Li2SO4 + 0.03645 LiCl
LiMnO2,ndo_li_002,3.5,0.071777,-0.376663,0,1,0.02441 Li5.34Nd0.02P1S4.37Cl1.6O0.03 + 0.9756 LiMnO2 -> 0.8296 Li + 0.02393 LiMnPO4 + 0.4758 Mn2O3 + 0.0004883 NdPO4 + 0.1067 Li2SO4 + 0.03906 LiCl
LiMnO2,ndo_li_002,3.5,0.074315,-0.384292,0,1,0.02532 Li5.34Nd0.02P1S4.37Cl1.6O0.03 + 0.9747 LiMnO2 -> 0.8481 Li + 0.01241 Mn3(PO4)2 + 0.4687 Mn2O3 + 0.0005065 NdPO4 + 0.1107 Li2SO4 + 0.04052 LiCl
LiMnO2,ndo_li_002,3.5,0.088223,-0.424684,0,1,0.03036 Li5.34Nd0.02P1S4.37Cl1.6O0.03 + 0.9696 LiMnO2 -> 0.9505 Li + 0.01488 Mn3(PO4)2 + 0.06634 Li2Mn(SO4)2 + 0.4293 Mn2O3 + 0.0006073 NdPO4 + 0.04858 LiCl
LiMnO2,ndo_li_002,3.5,0.08845,-0.425304,0,0,0.03045 Li5.34Nd0.02P1S4.37Cl1.6O0.03 + 0.9696 LiMnO2 -> 0.9522 Li + 0.01522 Mn3(PO4)2 + 0.06652 Li2Mn(SO4)2 + 0.4287 Mn2O3 + 0.0006089 NdCl3 + 0.04689 LiCl
LiMnO2,ndo_li_002,3.5,0.108879,-0.481153,0,0,0.03804 Li5.34Nd0.02P1S4.37Cl1.6O0.03 + 0.962 LiMnO2 -> 1.107 Li + 0.01902 Mn3(PO4)2 + 0.3693 Mn2O3 + 0.1662 MnSO4 + 0.0007607 NdCl3 + 0.05858 LiCl
LiMnO2,ndo_li_002,3.5,0.118527,-0.506971,0,0,0.0417 Li5.34Nd0.02P1S4.37Cl1.6O0.03 + 0.9583 LiMnO2 -> 1.181 Li + 0.02085 Mn3(PO4)2 + 0.3407 Mn2O3 + 0.03211 MnCl2 + 0.1822 MnSO4 + 0.000834 NdCl3
LiMnO2,ndo_li_002,3.5,0.14055,-0.563019,0,0,0.05026 Li5.34Nd0.02P1S4.37Cl1.6O0.03 + 0.9497 LiMnO2 -> 1.218 Li + 0.02513 Mn3(PO4)2 + 0.0387 MnCl2 + 0.2197 MnSO4 + 0.001005 NdCl3 + 0.2053 Mn3O4
LiMnO2,ndo_li_002,3.5,0.172626,-0.59418,0,0,0.06325 Li5.34Nd0.02P1S4.37Cl1.6O0.03 + 0.9367 LiMnO2 -> 1.275 Li + 0.03163 Mn3(PO4)2 + 0.5168 MnO + 0.0487 MnCl2 + 0.2764 MnSO4 + 0.001265 NdCl3
LiMnO2,ndo_li_002,3.5,0.369249,-0.763262,0,0,0.1593 Li5.34Nd0.02P1S4.37Cl1.6O0.03 + 0.8407 LiMnO2 -> 1.691 Li + 0.07964 Mn3(PO4)2 + 0.1226 MnCl2 + 0.2169 MnS2 + 0.2623 MnSO4 + 0.003186 NdCl3
LiMnO2,ndo_li_002,3.5,0.396917,-0.770726,0,0,0.1756 Li5.34Nd0.02P1S4.37Cl1.6O0.03 + 0.8244 LiMnO2 -> 1.762 Li + 0.0878 Mn2P2O7 + 0.1352 MnCl2 + 0.2537 MnS2 + 0.2599 MnSO4 + 0.003512 NdCl3
LiMnO2,ndo_li_002,3.5,0.53911,-0.772601,0,0,0.2746 Li5.34Nd0.02P1S4.37Cl1.6O0.03 + 0.7254 LiMnO2 -> 2.192 Li + 0.1373 Mn2P2O7 + 0.4229 SCl + 0.3263 MnS2 + 0.1245 MnSO4 + 0.005492 NdCl3
LiMnO2,ndo_li_002,3.5,0.600194,-0.773213,1,0,0.327 Li5.34Nd0.02P1S4.37Cl1.6O0.03 + 0.673 LiMnO2 -> 2.419 Li + 0.5035 SCl + 0.4158 MnS2 + 0.09373 MnSO4 + 0.00654 NdCl3 + 0.1635 Mn(PO3)2
LiMnO2,ndo_li_002,3.5,0.67541,-0.772776,0,0,0.4024 Li5.34Nd0.02P1S4.37Cl1.6O0.03 + 0.5976 LiMnO2 -> 2.746 Li + 0.6197 SCl + 0.3964 MnS2 + 0.008048 NdCl3 + 0.2012 Mn(PO3)2 + 0.3461 S
LiMnO2,ndo_li_002,3.5,0.831763,-0.717411,0,0,0.6154 Li5.34Nd0.02P1S4.37Cl1.6O0.03 + 0.3846 LiMnO2 -> 3.671 Li + 0.1764 P2S7 + 0.9477 SCl + 0.2533 MnS2 + 0.01231 NdCl3 + 0.1313 Mn(PO3)2
LiMnO2,ndo_li_002,3.5,0.946138,-0.672271,0,0,0.8504 Li5.34Nd0.02P1S4.37Cl1.6O0.03 + 0.1496 LiMnO2 -> 4.691 Li + 0.3711 P2S7 + 1.119 SCl + 0.09548 MnCl2 + 0.01701 NdCl3 + 0.05412 Mn(PO3)2
LiMnO2,ndo_li_002,3.5,0.997579,-0.647168,0,0,0.9926 Li5.34Nd0.02P1S4.37Cl1.6O0.03 + 0.007444 LiMnO2 -> 5.308 Li + 0.4528 P2S7 + 0.07211 PCl5 + 1.168 SCl + 0.01985 NdCl3 + 0.007444 Mn(PO3)2
LiMnO2,ndo_li_002,3.5,1.0,-0.645802,0,1,Li5.34Nd0.02P1S4.37Cl1.6O0.03 -> 5.338 Li + 0.4572 P2S7 + 0.07559 PCl5 + 0.0025 LiNd(PO3)4 + 1.17 SCl + 0.0175 NdCl3
LiMnO2,ndo_li_002,4.0,0.0,-0.259337,0,0,LiMnO2 -> Li + MnO2
LiMnO2,ndo_li_002,4.0,0.116297,-0.685583,0,0,0.04085 Li5.34Nd0.02P1S4.37Cl1.6O0.03 + 0.9592 LiMnO2 -> 1.177 Li + 0.04085 Mn2PO5 + 0.3337 Mn2O3 + 0.1785 MnSO4 + 0.03145 MnCl2 + 0.000817 NdCl3
LiMnO2,ndo_li_002,4.0,0.118527,-0.693385,0,0,0.0417 Li5.34Nd0.02P1S4.37Cl1.6O0.03 + 0.9583 LiMnO2 -> 1.181 Li + 0.02085 Mn3(PO4)2 + 0.3407 Mn2O3 + 0.1822 MnSO4 + 0.03211 MnCl2 + 0.000834 NdCl3
LiMnO2,ndo_li_002,4.0,0.14055,-0.753231,0,0,0.05026 Li5.34Nd0.02P1S4.37Cl1.6O0.03 + 0.9497 LiMnO2 -> 1.218 Li + 0.02513 Mn3(PO4)2 + 0.2197 MnSO4 + 0.2053 Mn3O4 + 0.0387 MnCl2 + 0.001005 NdCl3
LiMnO2,ndo_li_002,4.0,0.172626,-0.790002,0,0,0.06325 Li5.34Nd0.02P1S4.37Cl1.6O0.03 + 0.9367 LiMnO2 -> 1.275 Li + 0.03163 Mn3(PO4)2 + 0.5168 MnO + 0.2764 MnSO4 + 0.0487 MnCl2 + 0.001265 NdCl3
LiMnO2,ndo_li_002,4.0,0.369249,-0.99556,0,0,0.1593 Li5.34Nd0.02P1S4.37Cl1.6O0.03 + 0.8407 LiMnO2 -> 1.691 Li + 0.07964 Mn3(PO4)2 + 0.2169 MnS2 + 0.2623 MnSO4 + 0.1226 MnCl2 + 0.003186 NdCl3
LiMnO2,ndo_li_002,4.0,0.396917,-1.008466,0,0,0.1756 Li5.34Nd0.02P1S4.37Cl1.6O0.03 + 0.8244 LiMnO2 -> 1.762 Li + 0.2537 MnS2 + 0.0878 Mn2P2O7 + 0.2599 MnSO4 + 0.1352 MnCl2 + 0.003512 NdCl3
LiMnO2,ndo_li_002,4.0,0.53911,-1.039636,0,0,0.2746 Li5.34Nd0.02P1S4.37Cl1.6O0.03 + 0.7254 LiMnO2 -> 2.192 Li + 0.3263 MnS2 + 0.4229 SCl + 0.1373 Mn2P2O7 + 0.1245 MnSO4 + 0.005492 NdCl3
LiMnO2,ndo_li_002,4.0,0.600194,-1.053559,0,0,0.327 Li5.34Nd0.02P1S4.37Cl1.6O0.03 + 0.673 LiMnO2 -> 2.419 Li + 0.4158 MnS2 + 0.5035 SCl + 0.09373 MnSO4 + 0.00654 NdCl3 + 0.1635 Mn(PO3)2
LiMnO2,ndo_li_002,4.0,0.67541,-1.070162,1,0,0.4024 Li5.34Nd0.02P1S4.37Cl1.6O0.03 + 0.5976 LiMnO2 -> 2.746 Li + 0.3964 MnS2 + 0.6197 SCl + 0.008048 NdCl3 + 0.2012 Mn(PO3)2 + 0.3461 S
LiMnO2,ndo_li_002,4.0,0.831763,-1.052711,0,0,0.6154 Li5.34Nd0.02P1S4.37Cl1.6O0.03 + 0.3846 LiMnO2 -> 3.671 Li + 0.2533 MnS2 + 0.1764 P2S7 + 0.9477 SCl + 0.01231 NdCl3 + 0.1313 Mn(PO3)2
LiMnO2,ndo_li_002,4.0,0.946138,-1.037673,0,0,0.8504 Li5.34Nd0.02P1S4.37Cl1.6O0.03 + 0.1496 LiMnO2 -> 4.691 Li + 0.3711 P2S7 + 1.119 SCl + 0.09548 MnCl2 + 0.01701 NdCl3 + 0.05412 Mn(PO3)2
LiMnO2,ndo_li_002,4.0,0.997579,-1.026827,0,0,0.9926 Li5.34Nd0.02P1S4.37Cl1.6O0.03 + 0.007444 LiMnO2 -> 5.308 Li + 0.4528 P2S7 + 1.168 SCl + 0.07211 PCl5 + 0.01985 NdCl3 + 0.007444 Mn(PO3)2
LiMnO2,ndo_li_002,4.0,1.0,-1.026087,0,1,Li5.34Nd0.02P1S4.37Cl1.6O0.03 -> 5.34 Li + 0.4571 P2S7 + 1.171 SCl + 0.003333 Nd(PO3)3 + 0.07588 PCl5 + 0.01667 NdCl3
LiMnO2,ndo_li_002,4.3,0.0,-0.359337,0,0,LiMnO2 -> Li + MnO2
LiMnO2,ndo_li_002,4.3,0.116297,-0.797202,0,0,0.04085 Li5.34Nd0.02P1S4.37Cl1.6O0.03 + 0.9592 LiMnO2 -> 1.177 Li + 0.04085 Mn2PO5 + 0.3337 Mn2O3 + 0.1785 MnSO4 + 0.03145 MnCl2 + 0.000817 NdCl3
LiMnO2,ndo_li_002,4.3,0.118527,-0.805233,0,0,0.0417 Li5.34Nd0.02P1S4.37Cl1.6O0.03 + 0.9583 LiMnO2 -> 1.181 Li + 0.3407 Mn2O3 + 0.02085 Mn3(PO4)2 + 0.1822 MnSO4 + 0.03211 MnCl2 + 0.000834 NdCl3
LiMnO2,ndo_li_002,4.3,0.14055,-0.867359,0,0,0.05026 Li5.34Nd0.02P1S4.37Cl1.6O0.03 + 0.9497 LiMnO2 -> 1.218 Li + 0.2053 Mn3O4 + 0.02513 Mn3(PO4)2 + 0.2197 MnSO4 + 0.0387 MnCl2 + 0.001005 NdCl3
LiMnO2,ndo_li_002,4.3,0.172626,-0.907494,0,0,0.06325 Li5.34Nd0.02P1S4.37Cl1.6O0.03 + 0.9367 LiMnO2 -> 1.275 Li + 0.03163 Mn3(PO4)2 + 0.2764 MnSO4 + 0.5168 MnO + 0.0487 MnCl2 + 0.001265 NdCl3
LiMnO2,ndo_li_002,4.3,0.369249,-1.134939,0,0,0.1593 Li5.34Nd0.02P1S4.37Cl1.6O0.03 + 0.8407 LiMnO2 -> 1.691 Li + 0.07964 Mn3(PO4)2 + 0.2623 MnSO4 + 0.2169 MnS2 + 0.1226 MnCl2 + 0.003186 NdCl3
LiMnO2,ndo_li_002,4.3,0.396917,-1.15111,0,0,0.1756 Li5.34Nd0.02P1S4.37Cl1.6O0.03 + 0.8244 LiMnO2 -> 1.762 Li + 0.0878 Mn2P2O7 + 0.2599 MnSO4 + 0.2537 MnS2 + 0.1352 MnCl2 + 0.003512 NdCl3
LiMnO2,ndo_li_002,4.3,0.53911,-1.199856,0,0,0.2746 Li5.34Nd0.02P1S4.37Cl1.6O0.03 + 0.7254 LiMnO2 -> 2.192 Li + 0.4229 SCl + 0.1373 Mn2P2O7 + 0.1245 MnSO4 + 0.3263 MnS2 + 0.005492 NdCl3
LiMnO2,ndo_li_002,4.3,0.600194,-1.221767,0,0,0.327 Li5.34Nd0.02P1S4.37Cl1.6O0.03 + 0.673 LiMnO2 -> 2.419 Li + 0.5035 SCl + 0.09373 MnSO4 + 0.4158 MnS2 + 0.00654 NdCl3 + 0.1635 Mn(PO3)2
LiMnO2,ndo_li_002,4.3,0.67541,-1.248593,0,0,0.4024 Li5.34Nd0.02P1S4.37Cl1.6O0.03 + 0.5976 LiMnO2 -> 2.746 Li + 0.6197 SCl + 0.3964 MnS2 + 0.008048 NdCl3 + 0.2012 Mn(PO3)2 + 0.3461 S
LiMnO2,ndo_li_002,4.3,0.831763,-1.253892,0,0,0.6154 Li5.34Nd0.02P1S4.37Cl1.6O0.03 + 0.3846 LiMnO2 -> 3.671 Li + 0.9477 SCl + 0.1764 P2S7 + 0.2533 MnS2 + 0.01231 NdCl3 + 0.1313 Mn(PO3)2
LiMnO2,ndo_li_002,4.3,0.946138,-1.256914,1,0,0.8504 Li5.34Nd0.02P1S4.37Cl1.6O0.03 + 0.1496 LiMnO2 -> 4.691 Li + 1.119 SCl + 0.3711 P2S7 + 0.09548 MnCl2 + 0.01701 NdCl3 + 0.05412 Mn(PO3)2
LiMnO2,ndo_li_002,4.3,0.997579,-1.254622,0,0,0.9926 Li5.34Nd0.02P1S4.37Cl1.6O0.03 + 0.007444 LiMnO2 -> 5.308 Li + 1.168 SCl + 0.07211 PCl5 + 0.4528 P2S7 + 0.01985 NdCl3 + 0.007444 Mn(PO3)2
LiMnO2,ndo_li_002,4.3,1.0,-1.254292,0,1,Li5.34Nd0.02P1S4.37Cl1.6O0.03 -> 5.34 Li + 1.171 SCl + 0.003333 Nd(PO3)3 + 0.07588 PCl5 + 0.4571 P2S7 + 0.01667 NdCl3
LiMnO2,ndo_li_002,4.5,0.0,-0.426003,0,0,LiMnO2 -> Li + MnO2
LiMnO2,ndo_li_002,4.5,0.116297,-0.871614,0,0,0.04085 Li5.34Nd0.02P1S4.37Cl1.6O0.03 + 0.9592 LiMnO2 -> 1.177 Li + 0.04085 Mn2PO5 + 0.3337 Mn2O3 + 0.1785 MnSO4 + 0.03145 MnCl2 + 0.000817 NdCl3
LiMnO2,ndo_li_002,4.5,0.118527,-0.879799,0,0,0.0417 Li5.34Nd0.02P1S4.37Cl1.6O0.03 + 0.9583 LiMnO2 -> 1.181 Li + 0.3407 Mn2O3 + 0.02085 Mn3(PO4)2 + 0.1822 MnSO4 + 0.03211 MnCl2 + 0.000834 NdCl3
LiMnO2,ndo_li_002,4.5,0.14055,-0.943444,0,0,0.05026 Li5.34Nd0.02P1S4.37Cl1.6O0.03 + 0.9497 LiMnO2 -> 1.218 Li + 0.2053 Mn3O4 + 0.02513 Mn3(PO4)2 + 0.2197 MnSO4 + 0.0387 MnCl2 + 0.001005 NdCl3
LiMnO2,ndo_li_002,4.5,0.172626,-0.985823,0,0,0.06325 Li5.34Nd0.02P1S4.37Cl1.6O0.03 + 0.9367 LiMnO2 -> 1.275 Li + 0.03163 Mn3(PO4)2 + 0.5168 MnO + 0.2764 MnSO4 + 0.0487 MnCl2 + 0.001265 NdCl3
LiMnO2,ndo_li_002,4.5,0.369249,-1.227858,0,0,0.1593 Li5.34Nd0.02P1S4.37Cl1.6O0.03 + 0.8407 LiMnO2 -> 1.691 Li + 0.07964 Mn3(PO4)2 + 0.2169 MnS2 + 0.2623 MnSO4 + 0.1226 MnCl2 + 0.003186 NdCl3
LiMnO2,ndo_li_002,4.5,0.396917,-1.246206,0,0,0.1756 Li5.34Nd0.02P1S4.37Cl1.6O0.03 + 0.8244 LiMnO2 -> 1.762 Li + 0.0878 Mn2P2O7 + 0.2537 MnS2 + 0.2599 MnSO4 + 0.1352 MnCl2 + 0.003512 NdCl3
LiMnO2,ndo_li_002,4.5,0.53911,-1.30667,0,0,0.2746 Li5.34Nd0.02P1S4.37Cl1.6O0.03 + 0.7254 LiMnO2 -> 2.192 Li + 0.1373 Mn2P2O7 + 0.4229 SCl + 0.3263 MnS2 + 0.1245 MnSO4 + 0.005492 NdCl3
LiMnO2,ndo_li_002,4.5,0.600194,-1.333905,0,0,0.327 Li5.34Nd0.02P1S4.37Cl1.6O0.03 + 0.673 LiMnO2 -> 2.419 Li + 0.5035 SCl + 0.4158 MnS2 + 0.09373 MnSO4 + 0.00654 NdCl3 + 0.1635 Mn(PO3)2
LiMnO2,ndo_li_002,4.5,0.67541,-1.367548,0,0,0.4024 Li5.34Nd0.02P1S4.37Cl1.6O0.03 + 0.5976 LiMnO2 -> 2.746 Li + 0.6197 SCl + 0.3964 MnS2 + 0.008048 NdCl3 + 0.2012 Mn(PO3)2 + 0.3461 S
LiMnO2,ndo_li_002,4.5,0.831763,-1.388012,0,0,0.6154 Li5.34Nd0.02P1S4.37Cl1.6O0.03 + 0.3846 LiMnO2 -> 3.671 Li + 0.9477 SCl + 0.2533 MnS2 + 0.1764 P2S7 + 0.01231 NdCl3 + 0.1313 Mn(PO3)2
LiMnO2,ndo_li_002,4.5,0.946138,-1.403075,0,0,0.8504 Li5.34Nd0.02P1S4.37Cl1.6O0.03 + 0.1496 LiMnO2 -> 4.691 Li + 1.119 SCl + 0.3711 P2S7 + 0.09548 MnCl2 + 0.01701 NdCl3 + 0.05412 Mn(PO3)2
LiMnO2,ndo_li_002,4.5,0.997579,-1.406486,1,0,0.9926 Li5.34Nd0.02P1S4.37Cl1.6O0.03 + 0.007444 LiMnO2 -> 5.308 Li + 1.168 SCl + 0.4528 P2S7 + 0.07211 PCl5 + 0.01985 NdCl3 + 0.007444 Mn(PO3)2
LiMnO2,ndo_li_002,4.5,1.0,-1.406429,0,1,Li5.34Nd0.02P1S4.37Cl1.6O0.03 -> 5.34 Li + 1.171 SCl + 0.003333 Nd(PO3)3 + 0.4571 P2S7 + 0.07588 PCl5 + 0.01667 NdCl3
LiMnO2,nd_p_002_asused,2.5,0.0,0.0,0,0,LiMnO2 -> LiMnO2
LiMnO2,nd_p_002_asused,2.5,0.088315,-0.172987,0,0,0.03021 Li5.44Nd0.02P0.98S4.37Cl1.6O0.03 + 0.9698 LiMnO2 -> 0.733 Li + 0.3231 Mn3O4 + 0.0006041 NdMnO3 + 0.0296 Li3PO4 + 0.132 Li2SO4 + 0.04833 LiCl
LiMnO2,nd_p_002_asused,2.5,0.08844,-0.173147,0,1,0.03025 Li5.44Nd0.02P0.98S4.37Cl1.6O0.03 + 0.9697 LiMnO2 -> 0.7344 Li + 0.3232 Mn3O4 + 0.02904 Li3PO4 + 0.0006051 NdPO4 + 0.1322 Li2SO4 + 0.0484 LiCl
LiMnO2,nd_p_002_asused,2.5,0.127042,-0.206635,0,1,0.0447 Li5.44Nd0.02P0.98S4.37Cl1.6O0.03 + 0.9553 LiMnO2 -> 0.6075 Li + 0.04291 Li3PO4 + 0.9553 MnO + 0.0008941 NdPO4 + 0.1954 Li2SO4 + 0.07152 LiCl
LiMnO2,nd_p_002_asused,2.5,0.132228,-0.210163,0,1,0.04671 Li5.44Nd0.02P0.98S4.37Cl1.6O0.03 + 0.9533 LiMnO2 -> 0.6796 Li + 0.04484 LiMnPO4 + 0.9085 MnO + 0.0009341 NdPO4 + 0.2041 Li2SO4 + 0.07473 LiCl
LiMnO2,nd_p_002_asused,2.5,0.517041,-0.414947,0,1,0.2561 Li5.44Nd0.02P0.98S4.37Cl1.6O0.03 + 0.7439 LiMnO2 -> 1.236 Li + 0.2458 LiMnPO4 + 0.005122 NdPO4 + 0.1229 Li2SO4 + 0.4981 MnS2 + 0.4097 LiCl
LiMnO2,nd_p_002_asused,2.5,0.59272,-0.455108,1,1,0.3188 Li5.44Nd0.02P0.98S4.37Cl1.6O0.03 + 0.6812 LiMnO2 -> 0.926 Li + 0.306 Li3PO4 + 0.006376 NdPO4 + 0.0306 Li2SO4 + 0.6812 MnS2 + 0.51 LiCl
LiMnO2,nd_p_002_asused,2.5,0.615232,-0.449113,0,1,0.3396 Li5.44Nd0.02P0.98S4.37Cl1.6O0.03 + 0.6604 LiMnO2 -> 0.9457 Li + 0.326 Li3PO4 + 0.006791 NdPO4 + 0.6604 MnS2 + 0.5433 LiCl + 0.04075 LiS4
LiMnO2,nd_p_002_asused,2.5,0.992026,-0.107609,0,1,0.9756 Li5.44Nd0.02P0.98S4.37Cl1.6O0.03 + 0.02439 LiMnO2 -> 3.537 Li + 0.4683 P2S7 + 0.01951 NdPO4 + 0.02439 MnS2 + 1.561 LiCl + 0.2341 LiS4
LiMnO2,nd_p_002_asused,2.5,1.0,-0.099181,0,1,Li5.44Nd0.02P0.98S4.37Cl1.6O0.03 -> 3.6 Li + 0.48 P2S7 + 0.0125 NdPS4 + 0.0075 NdPO4 + 1.6 LiCl + 0.24 LiS4
LiMnO2,nd_p_002_asused,3.0,0.0,-0.032964,0,0,LiMnO2 -> 0.5 Li + 0.5 LiMn2O4
LiMnO2,nd_p_002_asused,3.0,0.067712,-0.233159,0,0,0.02282 Li5.44Nd0.02P0.98S4.37Cl1.6O0.03 + 0.9772 LiMnO2 -> 0.7983 Li + 0.4881 Mn2O3 + 0.0004564 NdMn2O5 + 0.02236 Li3PO4 + 0.09973 Li2SO4 + 0.03651 LiCl
LiMnO2,nd_p_002_asused,3.0,0.088265,-0.290333,0,0,0.03019 Li5.44Nd0.02P0.98S4.37Cl1.6O0.03 + 0.9698 LiMnO2 -> 0.7331 Li + 0.0006038 NdMn2O5 + 0.02958 Li3PO4 + 0.1319 Li2SO4 + 0.3229 Mn3O4 + 0.0483 LiCl
LiMnO2,nd_p_002_asused,3.0,0.08844,-0.290799,0,1,0.03025 Li5.44Nd0.02P0.98S4.37Cl1.6O0.03 + 0.9697 LiMnO2 -> 0.7344 Li + 0.0006051 NdPO4 + 0.02904 Li3PO4 + 0.1322 Li2SO4 + 0.3232 Mn3O4 + 0.0484 LiCl
LiMnO2,nd_p_002_asused,3.0,0.093548,-0.301434,0,1,0.03212 Li5.44Nd0.02P0.98S4.37Cl1.6O0.03 + 0.9679 LiMnO2 -> 0.7797 Li + 0.03083 LiMnPO4 + 0.0006424 NdPO4 + 0.1404 Li2SO4 + 0.3123 Mn3O4 + 0.05139 LiCl
LiMnO2,nd_p_002_asused,3.0,0.09633,-0.306373,0,1,0.03314 Li5.44Nd0.02P0.98S4.37Cl1.6O0.03 + 0.9669 LiMnO2 -> 0.8045 Li + 0.01591 Mn3(PO4)2 + 0.0006628 NdPO4 + 0.1448 Li2SO4 + 0.3064 Mn3O4 + 0.05302 LiCl
LiMnO2,nd_p_002_asused,3.0,0.11141,-0.331259,0,1,0.03875 Li5.44Nd0.02P0.98S4.37Cl1.6O0.03 + 0.9612 LiMnO2 -> 0.9407 Li + 0.0186 Mn3(PO4)2 + 0.08467 Li2Mn(SO4)2 + 0.000775 NdPO4 + 0.2736 Mn3O4 + 0.062 LiCl
LiMnO2,nd_p_002_asused,3.0,0.11165,-0.331602,0,0,0.03884 Li5.44Nd0.02P0.98S4.37Cl1.6O0.03 + 0.9612 LiMnO2 -> 0.9429 Li + 0.01903 Mn3(PO4)2 + 0.08487 Li2Mn(SO4)2 + 0.0007768 NdCl3 + 0.2731 Mn3O4 + 0.05982 LiCl
LiMnO2,nd_p_002_asused,3.0,0.132425,-0.361347,0,0,0.04678 Li5.44Nd0.02P0.98S4.37Cl1.6O0.03 + 0.9532 LiMnO2 -> 1.136 Li + 0.02292 Mn3(PO4)2 + 0.2044 MnSO4 + 0.0009357 NdCl3 + 0.2267 Mn3O4 + 0.07205 LiCl
LiMnO2,nd_p_002_asused,3.0,0.141718,-0.373855,0,0,0.05042 Li5.44Nd0.02P0.98S4.37Cl1.6O0.03 + 0.9496 LiMnO2 -> 1.224 Li + 0.0247 Mn3(PO4)2 + 0.2203 MnSO4 + 0.03882 MnCl2 + 0.001008 NdCl3 + 0.2054 Mn3O4
LiMnO2,nd_p_002_asused,3.0,0.174035,-0.39968,0,0,0.06345 Li5.44Nd0.02P0.98S4.37Cl1.6O0.03 + 0.9365 LiMnO2 -> 1.282 Li + 0.03109 Mn3(PO4)2 + 0.5171 MnO + 0.2773 MnSO4 + 0.04886 MnCl2 + 0.001269 NdCl3
LiMnO2,nd_p_002_asused,3.0,0.371935,-0.534198,0,0,0.16 Li5.44Nd0.02P0.98S4.37Cl1.6O0.03 + 0.84 LiMnO2 -> 1.71 Li + 0.07838 Mn3(PO4)2 + 0.2645 MnSO4 + 0.1232 MnCl2 + 0.2173 MnS2 + 0.003199 NdCl3
LiMnO2,nd_p_002_asused,3.0,0.423995,-0.551032,0,0,0.1914 Li5.44Nd0.02P0.98S4.37Cl1.6O0.03 + 0.8086 LiMnO2 -> 1.555 Li + 0.09378 Mn3(PO4)2 + 0.2182 MnSO4 + 0.3091 MnS2 + 0.003828 NdCl3 + 0.2947 LiCl
LiMnO2,nd_p_002_asused,3.0,0.459719,-0.561102,0,0,0.2148 Li5.44Nd0.02P0.98S4.37Cl1.6O0.03 + 0.7852 LiMnO2 -> 1.439 Li + 0.1053 Mn3(PO4)2 + 0.09184 Li2Mn(SO4)2 + 0.3776 MnS2 + 0.004296 NdCl3 + 0.3308 LiCl
LiMnO2,nd_p_002_asused,3.0,0.461767,-0.561678,0,1,0.2162 Li5.44Nd0.02P0.98S4.37Cl1.6O0.03 + 0.7838 LiMnO2 -> 1.432 Li + 0.1038 Mn3(PO4)2 + 0.09081 Li2Mn(SO4)2 + 0.004324 NdPO4 + 0.3816 MnS2 + 0.3459 LiCl
LiMnO2,nd_p_002_asused,3.0,0.486013,-0.565623,0,1,0.2332 Li5.44Nd0.02P0.98S4.37Cl1.6O0.03 + 0.7668 LiMnO2 -> 1.349 Li + 0.1119 Mn3(PO4)2 + 0.004663 NdPO4 + 0.4311 MnS2 + 0.1567 Li2SO4 + 0.373 LiCl
LiMnO2,nd_p_002_asused,3.0,0.5212,-0.56949,1,1,0.2593 Li5.44Nd0.02P0.98S4.37Cl1.6O0.03 + 0.7407 LiMnO2 -> 1.438 Li + 0.1244 Mn2P2O7 + 0.005185 NdPO4 + 0.4918 MnS2 + 0.1493 Li2SO4 + 0.4148 LiCl
LiMnO2,nd_p_002_asused,3.0,0.557048,-0.569401,0,1,0.2879 Li5.44Nd0.02P0.98S4.37Cl1.6O0.03 + 0.7121 LiMnO2 -> 1.32 Li + 0.1382 Li2MnP2O7 + 0.005759 NdPO4 + 0.5739 MnS2 + 0.1106 Li2SO4 + 0.4607 LiCl
LiMnO2,nd_p_002_asused,3.0,0.598192,-0.567621,0,1,0.3237 Li5.44Nd0.02P0.98S4.37Cl1.6O0.03 + 0.6763 LiMnO2 -> 1.174 Li + 0.1554 Li4P2O7 + 0.006475 NdPO4 + 0.6763 MnS2 + 0.06216 Li2SO4 + 0.518 LiCl
LiMnO2,nd_p_002_asused,3.0,0.645898,-0.555713,0,1,0.3697 Li5.44Nd0.02P0.98S4.37Cl1.6O0.03 + 0.6303 LiMnO2 -> 1.251 Li + 0.1774 Li4P2O7 + 0.007394 NdPO4 + 0.6303 MnS2 + 0.5915 LiCl + 0.08872 LiS4
LiMnO2,nd_p_002_asused,3.0,0.649269,-0.554557,0,1,0.3731 Li5.44Nd0.02P0.98S4.37Cl1.6O0.03 + 0.6269 LiMnO2 -> 1.286 Li + 0.1679 Li4P2O7 + 0.007463 LiNd(PO3)4 + 0.6269 MnS2 + 0.597 LiCl + 0.09422 LiS4
LiMnO2,nd_p_002_asused,3.0,0.681271,-0.542479,0,1,0.4073 Li5.44Nd0.02P0.98S4.37Cl1.6O0.03 + 0.5927 LiMnO2 -> 1.633 Li + 0.008147 LiNd(PO3)4 + 0.5927 MnS2 + 0.3666 LiPO3 + 0.6517 LiCl + 0.1487 LiS4
LiMnO2,nd_p_002_asused,3.0,0.967341,-0.37979,0,1,0.905 Li5.44Nd0.02P0.98S4.37Cl1.6O0.03 + 0.09502 LiMnO2 -> 3.324 Li + 0.4072 P2S7 + 0.0181 LiNd(PO3)4 + 0.09502 MnS2 + 1.448 LiCl + 0.2285 LiS4
LiMnO2,nd_p_002_asused,3.0,0.992026,-0.363793,0,1,0.9756 Li5.44Nd0.02P0.98S4.37Cl1.6O0.03 + 0.02439 LiMnO2 -> 3.537 Li + 0.4683 P2S7 + 0.01951 NdPO4 + 0.02439 MnS2 + 1.561 LiCl + 0.2341 LiS4
LiMnO2,nd_p_002_asused,3.0,1.0,-0.358268,0,1,Li5.44Nd0.02P0.98S4.37Cl1.6O0.03 -> 3.636 Li + 0.4862 P2S7 + 0.0075 NdPO4 + 0.0125 NdCl3 + 1.563 LiCl + 0.2416 LiS4
LiMnO2,nd_p_002_asused,3.5,0.0,-0.120861,0,0,LiMnO2 -> 0.5455 Li + 0.09091 Li5Mn7O16 + 0.1818 Mn2O3
LiMnO2,nd_p_002_asused,3.5,0.06783,-0.362738,0,1,0.02286 Li5.44Nd0.02P0.98S4.37Cl1.6O0.03 + 0.9771 LiMnO2 -> 0.7993 Li + 0.4886 Mn2O3 + 0.0004572 NdPO4 + 0.02195 Li3PO4 + 0.09991 Li2SO4 + 0.03658 LiCl
LiMnO2,nd_p_002_asused,3.5,0.072376,-0.377542,0,1,0.02447 Li5.44Nd0.02P0.98S4.37Cl1.6O0.03 + 0.9755 LiMnO2 -> 0.8321 Li + 0.02349 LiMnPO4 + 0.476 Mn2O3 + 0.0004895 NdPO4 + 0.107 Li2SO4 + 0.03916 LiCl
LiMnO2,nd_p_002_asused,3.5,0.074886,-0.385061,0,1,0.02537 Li5.44Nd0.02P0.98S4.37Cl1.6O0.03 + 0.9746 LiMnO2 -> 0.8503 Li + 0.01218 Mn3(PO4)2 + 0.4691 Mn2O3 + 0.0005074 NdPO4 + 0.1109 Li2SO4 + 0.04059 LiCl
LiMnO2,nd_p_002_asused,3.5,0.088921,-0.425691,0,1,0.03043 Li5.44Nd0.02P0.98S4.37Cl1.6O0.03 + 0.9696 LiMnO2 -> 0.9534 Li + 0.01461 Mn3(PO4)2 + 0.06648 Li2Mn(SO4)2 + 0.4296 Mn2O3 + 0.0006086 NdPO4 + 0.04868 LiCl
LiMnO2,nd_p_002_asused,3.5,0.08915,-0.426314,0,0,0.03051 Li5.44Nd0.02P0.98S4.37Cl1.6O0.03 + 0.9695 LiMnO2 -> 0.9551 Li + 0.01495 Mn3(PO4)2 + 0.06667 Li2Mn(SO4)2 + 0.429 Mn2O3 + 0.0006102 NdCl3 + 0.04699 LiCl
LiMnO2,nd_p_002_asused,3.5,0.109778,-0.482559,0,0,0.03814 Li5.44Nd0.02P0.98S4.37Cl1.6O0.03 + 0.9619 LiMnO2 -> 1.111 Li + 0.01869 Mn3(PO4)2 + 0.3696 Mn2O3 + 0.1667 MnSO4 + 0.0007628 NdCl3 + 0.05873 LiCl
LiMnO2,nd_p_002_asused,3.5,0.119523,-0.508584,0,0,0.04182 Li5.44Nd0.02P0.98S4.37Cl1.6O0.03 + 0.9582 LiMnO2 -> 1.186 Li + 0.02049 Mn3(PO4)2 + 0.3409 Mn2O3 + 0.0322 MnCl2 + 0.1828 MnSO4 + 0.0008365 NdCl3
LiMnO2,nd_p_002_asused,3.5,0.141718,-0.564981,0,0,0.05042 Li5.44Nd0.02P0.98S4.37Cl1.6O0.03 + 0.9496 LiMnO2 -> 1.224 Li + 0.0247 Mn3(PO4)2 + 0.03882 MnCl2 + 0.2203 MnSO4 + 0.001008 NdCl3 + 0.2054 Mn3O4
LiMnO2,nd_p_002_asused,3.5,0.174035,-0.596638,0,0,0.06345 Li5.44Nd0.02P0.98S4.37Cl1.6O0.03 + 0.9365 LiMnO2 -> 1.282 Li + 0.03109 Mn3(PO4)2 + 0.5171 MnO + 0.04886 MnCl2 + 0.2773 MnSO4 + 0.001269 NdCl3
LiMnO2,nd_p_002_asused,3.5,0.371935,-0.769128,0,0,0.16 Li5.44Nd0.02P0.98S4.37Cl1.6O0.03 + 0.84 LiMnO2 -> 1.71 Li + 0.07838 Mn3(PO4)2 + 0.1232 MnCl2 + 0.2173 MnS2 + 0.2645 MnSO4 + 0.003199 NdCl3
LiMnO2,nd_p_002_asused,3.5,0.39923,-0.776943,0,0,0.1761 Li5.44Nd0.02P0.98S4.37Cl1.6O0.03 + 0.8239 LiMnO2 -> 1.782 Li + 0.08627 Mn2P2O7 + 0.1356 MnCl2 + 0.2535 MnS2 + 0.2623 MnSO4 + 0.003521 NdCl3
LiMnO2,nd_p_002_asused,3.5,0.542127,-0.781399,0,0,0.2757 Li5.44Nd0.02P0.98S4.37Cl1.6O0.03 + 0.7243 LiMnO2 -> 2.224 Li + 0.1351 Mn2P2O7 + 0.4246 SCl + 0.3263 MnS2 + 0.1278 MnSO4 + 0.005515 NdCl3
LiMnO2,nd_p_002_asused,3.5,0.60213,-0.783147,0,0,0.3273 Li5.44Nd0.02P0.98S4.37Cl1.6O0.03 + 0.6727 LiMnO2 -> 2.453 Li + 0.5041 SCl + 0.4141 MnS2 + 0.0982 MnSO4 + 0.006547 NdCl3 + 0.1604 Mn(PO3)2
LiMnO2,nd_p_002_asused,3.5,0.681271,-0.784258,1,0,0.4073 Li5.44Nd0.02P0.98S4.37Cl1.6O0.03 + 0.5927 LiMnO2 -> 2.809 Li + 0.6273 SCl + 0.3931 MnS2 + 0.008147 NdCl3 + 0.1996 Mn(PO3)2 + 0.3666 S
LiMnO2,nd_p_002_asused,3.5,0.848568,-0.728357,0,0,0.6431 Li5.44Nd0.02P0.98S4.37Cl1.6O0.03 + 0.3569 LiMnO2 -> 3.855 Li + 0.1929 P2S7 + 0.9904 SCl + 0.2347 MnS2 + 0.01286 NdCl3 + 0.1222 Mn(PO3)2
LiMnO2,nd_p_002_asused,3.5,0.951997,-0.689671,0,0,0.8644 Li5.44Nd0.02P0.98S4.37Cl1.6O0.03 + 0.1356 LiMnO2 -> 4.838 Li + 0.3741 P2S7 + 1.159 SCl + 0.08605 MnCl2 + 0.01729 NdCl3 + 0.04951 Mn(PO3)2
LiMnO2,nd_p_002_asused,3.5,0.997594,-0.66846,0,0,0.9926 Li5.44Nd0.02P0.98S4.37Cl1.6O0.03 + 0.007444 LiMnO2 -> 5.407 Li + 0.4469 P2S7 + 0.06393 PCl5 + 1.209 SCl + 0.01985 NdCl3 + 0.007444 Mn(PO3)2
LiMnO2,nd_p_002_asused,3.5,1.0,-0.667159,0,1,Li5.44Nd0.02P0.98S4.37Cl1.6O0.03 -> 5.438 Li + 0.4513 P2S7 + 0.06735 PCl5 + 0.0025 LiNd(PO3)4 + 1.211 SCl + 0.0175 NdCl3
LiMnO2,nd_p_002_asused,4.0,0.0,-0.259337,0,0,LiMnO2 -> Li + MnO2
LiMnO2,nd_p_002_asused,4.0,0.117314,-0.688045,0,0,0.04098 Li5.44Nd0.02P0.98S4.37Cl1.6O0.03 + 0.959 LiMnO2 -> 1.182 Li + 0.04016 Mn2PO5 + 0.334 Mn2O3 + 0.1791 MnSO4 + 0.03156 MnCl2 + 0.0008197 NdCl3
LiMnO2,nd_p_002_asused,4.0,0.119523,-0.695762,0,0,0.04182 Li5.44Nd0.02P0.98S4.37Cl1.6O0.03 + 0.9582 LiMnO2 -> 1.186 Li + 0.02049 Mn3(PO4)2 + 0.3409 Mn2O3 + 0.1828 MnSO4 + 0.0322 MnCl2 + 0.0008365 NdCl3
LiMnO2,nd_p_002_asused,4.0,0.141718,-0.756108,0,0,0.05042 Li5.44Nd0.02P0.98S4.37Cl1.6O0.03 + 0.9496 LiMnO2 -> 1.224 Li + 0.0247 Mn3(PO4)2 + 0.2203 MnSO4 + 0.2054 Mn3O4 + 0.03882 MnCl2 + 0.001008 NdCl3
LiMnO2,nd_p_002_asused,4.0,0.174035,-0.793596,0,0,0.06345 Li5.44Nd0.02P0.98S4.37Cl1.6O0.03 + 0.9365 LiMnO2 -> 1.282 Li + 0.03109 Mn3(PO4)2 + 0.5171 MnO + 0.2773 MnSO4 + 0.04886 MnCl2 + 0.001269 NdCl3
LiMnO2,nd_p_002_asused,4.0,0.371935,-1.004058,0,0,0.16 Li5.44Nd0.02P0.98S4.37Cl1.6O0.03 + 0.84 LiMnO2 -> 1.71 Li + 0.07838 Mn3(PO4)2 + 0.2173 MnS2 + 0.2645 MnSO4 + 0.1232 MnCl2 + 0.003199 NdCl3
LiMnO2,nd_p_002_asused,4.0,0.39923,-1.017437,0,0,0.1761 Li5.44Nd0.02P0.98S4.37Cl1.6O0.03 + 0.8239 LiMnO2 -> 1.782 Li + 0.2535 MnS2 + 0.08627 Mn2P2O7 + 0.2623 MnSO4 + 0.1356 MnCl2 + 0.003521 NdCl3
LiMnO2,nd_p_002_asused,4.0,0.542127,-1.052457,0,0,0.2757 Li5.44Nd0.02P0.98S4.37Cl1.6O0.03 + 0.7243 LiMnO2 -> 2.224 Li + 0.3263 MnS2 + 0.4246 SCl + 0.1351 Mn2P2O7 + 0.1278 MnSO4 + 0.005515 NdCl3
LiMnO2,nd_p_002_asused,4.0,0.60213,-1.067803,0,0,0.3273 Li5.44Nd0.02P0.98S4.37Cl1.6O0.03 + 0.6727 LiMnO2 -> 2.453 Li + 0.4141 MnS2 + 0.5041 SCl + 0.0982 MnSO4 + 0.006547 NdCl3 + 0.1604 Mn(PO3)2
LiMnO2,nd_p_002_asused,4.0,0.681271,-1.087602,1,0,0.4073 Li5.44Nd0.02P0.98S4.37Cl1.6O0.03 + 0.5927 LiMnO2 -> 2.809 Li + 0.3931 MnS2 + 0.6273 SCl + 0.008147 NdCl3 + 0.1996 Mn(PO3)2 + 0.3666 S
LiMnO2,nd_p_002_asused,4.0,0.848568,-1.074289,0,0,0.6431 Li5.44Nd0.02P0.98S4.37Cl1.6O0.03 + 0.3569 LiMnO2 -> 3.855 Li + 0.2347 MnS2 + 0.1929 P2S7 + 0.9904 SCl + 0.01286 NdCl3 + 0.1222 Mn(PO3)2
LiMnO2,nd_p_002_asused,4.0,0.951997,-1.064268,0,0,0.8644 Li5.44Nd0.02P0.98S4.37Cl1.6O0.03 + 0.1356 LiMnO2 -> 4.838 Li + 0.3741 P2S7 + 1.159 SCl + 0.08605 MnCl2 + 0.01729 NdCl3 + 0.04951 Mn(PO3)2
LiMnO2,nd_p_002_asused,4.0,0.997594,-1.056321,0,0,0.9926 Li5.44Nd0.02P0.98S4.37Cl1.6O0.03 + 0.007444 LiMnO2 -> 5.407 Li + 0.4469 P2S7 + 1.209 SCl + 0.06393 PCl5 + 0.01985 NdCl3 + 0.007444 Mn(PO3)2
LiMnO2,nd_p_002_asused,4.0,1.0,-1.055673,0,1,Li5.44Nd0.02P0.98S4.37Cl1.6O0.03 -> 5.44 Li + 0.4512 P2S7 + 1.212 SCl + 0.003333 Nd(PO3)3 + 0.06765 PCl5 + 0.01667 NdCl3
LiMnO2,nd_p_002_asused,4.3,0.0,-0.359337,0,0,LiMnO2 -> Li + MnO2
LiMnO2,nd_p_002_asused,4.3,0.117314,-0.800118,0,0,0.04098 Li5.44Nd0.02P0.98S4.37Cl1.6O0.03 + 0.959 LiMnO2 -> 1.182 Li + 0.04016 Mn2PO5 + 0.334 Mn2O3 + 0.1791 MnSO4 + 0.03156 MnCl2 + 0.0008197 NdCl3
LiMnO2,nd_p_002_asused,4.3,0.119523,-0.808069,0,0,0.04182 Li5.44Nd0.02P0.98S4.37Cl1.6O0.03 + 0.9582 LiMnO2 -> 1.186 Li + 0.3409 Mn2O3 + 0.02049 Mn3(PO4)2 + 0.1828 MnSO4 + 0.0322 MnCl2 + 0.0008365 NdCl3
LiMnO2,nd_p_002_asused,4.3,0.141718,-0.870784,0,0,0.05042 Li5.44Nd0.02P0.98S4.37Cl1.6O0.03 + 0.9496 LiMnO2 -> 1.224 Li + 0.2054 Mn3O4 + 0.0247 Mn3(PO4)2 + 0.2203 MnSO4 + 0.03882 MnCl2 + 0.001008 NdCl3
LiMnO2,nd_p_002_asused,4.3,0.174035,-0.91177,0,0,0.06345 Li5.44Nd0.02P0.98S4.37Cl1.6O0.03 + 0.9365 LiMnO2 -> 1.282 Li + 0.03109 Mn3(PO4)2 + 0.2773 MnSO4 + 0.5171 MnO + 0.04886 MnCl2 + 0.001269 NdCl3
LiMnO2,nd_p_002_asused,4.3,0.371935,-1.145016,0,0,0.16 Li5.44Nd0.02P0.98S4.37Cl1.6O0.03 + 0.84 LiMnO2 -> 1.71 Li + 0.07838 Mn3(PO4)2 + 0.2645 MnSO4 + 0.2173 MnS2 + 0.1232 MnCl2 + 0.003199 NdCl3
LiMnO2,nd_p_002_asused,4.3,0.39923,-1.161733,0,0,0.1761 Li5.44Nd0.02P0.98S4.37Cl1.6O0.03 + 0.8239 LiMnO2 -> 1.782 Li + 0.08627 Mn2P2O7 + 0.2623 MnSO4 + 0.2535 MnS2 + 0.1356 MnCl2 + 0.003521 NdCl3
LiMnO2,nd_p_002_asused,4.3,0.542127,-1.215091,0,0,0.2757 Li5.44Nd0.02P0.98S4.37Cl1.6O0.03 + 0.7243 LiMnO2 -> 2.224 Li + 0.4246 SCl + 0.1351 Mn2P2O7 + 0.1278 MnSO4 + 0.3263 MnS2 + 0.005515 NdCl3
LiMnO2,nd_p_002_asused,4.3,0.60213,-1.238597,0,0,0.3273 Li5.44Nd0.02P0.98S4.37Cl1.6O0.03 + 0.6727 LiMnO2 -> 2.453 Li + 0.5041 SCl + 0.0982 MnSO4 + 0.4141 MnS2 + 0.006547 NdCl3 + 0.1604 Mn(PO3)2
LiMnO2,nd_p_002_asused,4.3,0.681271,-1.269608,0,0,0.4073 Li5.44Nd0.02P0.98S4.37Cl1.6O0.03 + 0.5927 LiMnO2 -> 2.809 Li + 0.6273 SCl + 0.3931 MnS2 + 0.008147 NdCl3 + 0.1996 Mn(PO3)2 + 0.3666 S
LiMnO2,nd_p_002_asused,4.3,0.848568,-1.281848,0,0,0.6431 Li5.44Nd0.02P0.98S4.37Cl1.6O0.03 + 0.3569 LiMnO2 -> 3.855 Li + 0.9904 SCl + 0.1929 P2S7 + 0.2347 MnS2 + 0.01286 NdCl3 + 0.1222 Mn(PO3)2
LiMnO2,nd_p_002_asused,4.3,0.951997,-1.289026,0,0,0.8644 Li5.44Nd0.02P0.98S4.37Cl1.6O0.03 + 0.1356 LiMnO2 -> 4.838 Li + 1.159 SCl + 0.3741 P2S7 + 0.08605 MnCl2 + 0.01729 NdCl3 + 0.04951 Mn(PO3)2
LiMnO2,nd_p_002_asused,4.3,0.997594,-1.289037,1,0,0.9926 Li5.44Nd0.02P0.98S4.37Cl1.6O0.03 + 0.007444 LiMnO2 -> 5.407 Li + 1.209 SCl + 0.06393 PCl5 + 0.4469 P2S7 + 0.01985 NdCl3 + 0.007444 Mn(PO3)2
LiMnO2,nd_p_002_asused,4.3,1.0,-1.288816,0,1,Li5.44Nd0.02P0.98S4.37Cl1.6O0.03 -> 5.44 Li + 1.212 SCl + 0.003333 Nd(PO3)3 + 0.06765 PCl5 + 0.4512 P2S7 + 0.01667 NdCl3
LiMnO2,nd_p_002_asused,4.5,0.0,-0.426003,0,0,LiMnO2 -> Li + MnO2
LiMnO2,nd_p_002_asused,4.5,0.117314,-0.874833,0,0,0.04098 Li5.44Nd0.02P0.98S4.37Cl1.6O0.03 + 0.959 LiMnO2 -> 1.182 Li + 0.04016 Mn2PO5 + 0.334 Mn2O3 + 0.1791 MnSO4 + 0.03156 MnCl2 + 0.0008197 NdCl3
LiMnO2,nd_p_002_asused,4.5,0.119523,-0.88294,0,0,0.04182 Li5.44Nd0.02P0.98S4.37Cl1.6O0.03 + 0.9582 LiMnO2 -> 1.186 Li + 0.3409 Mn2O3 + 0.02049 Mn3(PO4)2 + 0.1828 MnSO4 + 0.0322 MnCl2 + 0.0008365 NdCl3
LiMnO2,nd_p_002_asused,4.5,0.141718,-0.947235,0,0,0.05042 Li5.44Nd0.02P0.98S4.37Cl1.6O0.03 + 0.9496 LiMnO2 -> 1.224 Li + 0.2054 Mn3O4 + 0.0247 Mn3(PO4)2 + 0.2203 MnSO4 + 0.03882 MnCl2 + 0.001008 NdCl3
LiMnO2,nd_p_002_asused,4.5,0.174035,-0.990553,0,0,0.06345 Li5.44Nd0.02P0.98S4.37Cl1.6O0.03 + 0.9365 LiMnO2 -> 1.282 Li + 0.03109 Mn3(PO4)2 + 0.5171 MnO + 0.2773 MnSO4 + 0.04886 MnCl2 + 0.001269 NdCl3
LiMnO2,nd_p_002_asused,4.5,0.371935,-1.238988,0,0,0.16 Li5.44Nd0.02P0.98S4.37Cl1.6O0.03 + 0.84 LiMnO2 -> 1.71 Li + 0.07838 Mn3(PO4)2 + 0.2173 MnS2 + 0.2645 MnSO4 + 0.1232 MnCl2 + 0.003199 NdCl3
LiMnO2,nd_p_002_asused,4.5,0.39923,-1.257931,0,0,0.1761 Li5.44Nd0.02P0.98S4.37Cl1.6O0.03 + 0.8239 LiMnO2 -> 1.782 Li + 0.08627 Mn2P2O7 + 0.2535 MnS2 + 0.2623 MnSO4 + 0.1356 MnCl2 + 0.003521 NdCl3
LiMnO2,nd_p_002_asused,4.5,0.542127,-1.323514,0,0,0.2757 Li5.44Nd0.02P0.98S4.37Cl1.6O0.03 + 0.7243 LiMnO2 -> 2.224 Li + 0.1351 Mn2P2O7 + 0.4246 SCl + 0.3263 MnS2 + 0.1278 MnSO4 + 0.005515 NdCl3
LiMnO2,nd_p_002_asused,4.5,0.60213,-1.352459,0,0,0.3273 Li5.44Nd0.02P0.98S4.37Cl1.6O0.03 + 0.6727 LiMnO2 -> 2.453 Li + 0.5041 SCl + 0.4141 MnS2 + 0.0982 MnSO4 + 0.006547 NdCl3 + 0.1604 Mn(PO3)2
LiMnO2,nd_p_002_asused,4.5,0.681271,-1.390946,0,0,0.4073 Li5.44Nd0.02P0.98S4.37Cl1.6O0.03 + 0.5927 LiMnO2 -> 2.809 Li + 0.6273 SCl + 0.3931 MnS2 + 0.008147 NdCl3 + 0.1996 Mn(PO3)2 + 0.3666 S
LiMnO2,nd_p_002_asused,4.5,0.848568,-1.420221,0,0,0.6431 Li5.44Nd0.02P0.98S4.37Cl1.6O0.03 + 0.3569 LiMnO2 -> 3.855 Li + 0.9904 SCl + 0.2347 MnS2 + 0.1929 P2S7 + 0.01286 NdCl3 + 0.1222 Mn(PO3)2
LiMnO2,nd_p_002_asused,4.5,0.951997,-1.438865,0,0,0.8644 Li5.44Nd0.02P0.98S4.37Cl1.6O0.03 + 0.1356 LiMnO2 -> 4.838 Li + 1.159 SCl + 0.3741 P2S7 + 0.08605 MnCl2 + 0.01729 NdCl3 + 0.04951 Mn(PO3)2
LiMnO2,nd_p_002_asused,4.5,0.997594,-1.444181,0,0,0.9926 Li5.44Nd0.02P0.98S4.37Cl1.6O0.03 + 0.007444 LiMnO2 -> 5.407 Li + 1.209 SCl + 0.4469 P2S7 + 0.06393 PCl5 + 0.01985 NdCl3 + 0.007444 Mn(PO3)2
LiMnO2,nd_p_002_asused,4.5,1.0,-1.444245,1,1,Li5.44Nd0.02P0.98S4.37Cl1.6O0.03 -> 5.44 Li + 1.212 SCl + 0.003333 Nd(PO3)3 + 0.4512 P2S7 + 0.06765 PCl5 + 0.01667 NdCl3
NMC811,comp1,2.5,0.0,-0.025971,0,0,Li1Mn0.1Co0.1Ni0.8O2 + 0.7 Li -> 0.1 Li2MnO3 + 0.8 NiO + 0.1 LiCoO2 + 0.7 Li2O
NMC811,comp1,2.5,0.086584,-0.393165,0,0,0.9717 Li1Mn0.1Co0.1Ni0.8O2 + 0.02834 Li6PS5Cl -> 0.4534 Li + 0.09717 Li2MnO3 + 0.7773 NiO + 0.02834 Li3PO4 + 0.09717 LiCoO2 + 0.1417 Li2SO4 + 0.02834 LiCl
NMC811,comp1,2.5,0.097744,-0.41851,0,0,0.9677 Li1Mn0.1Co0.1Ni0.8O2 + 0.03226 Li6PS5Cl -> 0.5161 Li + 0.09677 Li2MnO3 + 0.7742 NiO + 0.09677 CoO + 0.03226 Li3PO4 + 0.1613 Li2SO4 + 0.03226 LiCl
NMC811,comp1,2.5,0.108635,-0.443334,0,0,0.9639 Li1Mn0.1Co0.1Ni0.8O2 + 0.03614 Li6PS5Cl -> 0.5783 Li + 0.09639 LiMnO2 + 0.7711 NiO + 0.09639 CoO + 0.03614 Li3PO4 + 0.1807 Li2SO4 + 0.03614 LiCl
NMC811,comp1,2.5,0.113982,-0.455358,0,0,0.9619 Li1Mn0.1Co0.1Ni0.8O2 + 0.03808 Li6PS5Cl -> 0.6573 Li + 0.0481 Mn2CoO4 + 0.7695 NiO + 0.0481 CoO + 0.03808 Li3PO4 + 0.1904 Li2SO4 + 0.03808 LiCl
NMC811,comp1,2.5,0.115751,-0.457778,0,0,0.9613 Li1Mn0.1Co0.1Ni0.8O2 + 0.03872 Li6PS5Cl -> 0.6515 Li + 0.769 NiO + 0.03204 Mn3O4 + 0.09613 CoO + 0.03872 Li3PO4 + 0.1936 Li2SO4 + 0.03872 LiCl
NMC811,comp1,2.5,0.193051,-0.52684,0,0,0.9314 Li1Mn0.1Co0.1Ni0.8O2 + 0.06856 Li6PS5Cl -> 0.3829 Li + 0.03105 Mn3O4 + 0.09314 CoO + 0.06856 Li3PO4 + 0.3428 Li2SO4 + 0.7451 Ni + 0.06856 LiCl
NMC811,comp1,2.5,0.345603,-0.672205,0,0,0.8602 Li1Mn0.1Co0.1Ni0.8O2 + 0.1398 Li6PS5Cl -> 0.6595 Li + 0.2294 Ni3S2 + 0.02867 Mn3O4 + 0.08602 CoO + 0.1398 Li3PO4 + 0.2401 Li2SO4 + 0.1398 LiCl
NMC811,comp1,2.5,0.370996,-0.696613,0,0,0.8464 Li1Mn0.1Co0.1Ni0.8O2 + 0.1536 Li6PS5Cl -> 0.6708 Li + 0.2257 Ni3S2 + 0.02821 Mn3O4 + 0.009404 Co9S8 + 0.1536 Li3PO4 + 0.2414 Li2SO4 + 0.1536 LiCl
NMC811,comp1,2.5,0.372777,-0.69811,0,0,0.8454 Li1Mn0.1Co0.1Ni0.8O2 + 0.1546 Li6PS5Cl -> 0.6607 Li + 0.2254 Ni3S2 + 0.009393 Co9S8 + 0.1546 Li3PO4 + 0.08454 MnO + 0.247 Li2SO4 + 0.1546 LiCl
NMC811,comp1,2.5,0.388924,-0.70764,0,0,0.8362 Li1Mn0.1Co0.1Ni0.8O2 + 0.1638 Li6PS5Cl -> 0.6969 Li + 0.2091 Ni3S2 + 0.04181 Co2NiS4 + 0.1638 Li3PO4 + 0.08362 MnO + 0.2334 Li2SO4 + 0.1638 LiCl
NMC811,comp1,2.5,0.393939,-0.710289,0,0,0.8333 Li1Mn0.1Co0.1Ni0.8O2 + 0.1667 Li6PS5Cl -> 0.8333 Li + 0.2083 Ni3S2 + 0.08333 LiMnPO4 + 0.04167 Co2NiS4 + 0.08333 Li3PO4 + 0.25 Li2SO4 + 0.1667 LiCl
NMC811,comp1,2.5,0.413203,-0.71964,0,0,0.8219 Li1Mn0.1Co0.1Ni0.8O2 + 0.1781 Li6PS5Cl -> 0.8767 Li + 0.1644 Ni3S2 + 0.08219 LiMnPO4 + 0.08219 Co(NiS2)2 + 0.09589 Li3PO4 + 0.2329 Li2SO4 + 0.1781 LiCl
NMC811,comp1,2.5,0.43706,-0.73053,0,0,0.8072 Li1Mn0.1Co0.1Ni0.8O2 + 0.1928 Li6PS5Cl -> 0.9327 Li + 0.05381 Ni9S8 + 0.08072 LiMnPO4 + 0.08072 Co(NiS2)2 + 0.1121 Li3PO4 + 0.2108 Li2SO4 + 0.1928 LiCl
NMC811,comp1,2.5,0.479393,-0.747762,0,0,0.7792 Li1Mn0.1Co0.1Ni0.8O2 + 0.2208 Li6PS5Cl -> 1.039 Li + 0.07792 LiMnPO4 + 0.07792 Co(NiS2)2 + 0.1429 Li3PO4 + 0.1558 Ni3S4 + 0.1688 Li2SO4 + 0.2208 LiCl
NMC811,comp1,2.5,0.507187,-0.750468,1,0,0.7595 Li1Mn0.1Co0.1Ni0.8O2 + 0.2405 Li6PS5Cl -> 0.962 Li + 0.07595 Co(NiS2)2 + 0.2405 Li3PO4 + 0.1519 Ni3S4 + 0.1392 Li2SO4 + 0.07595 MnS2 + 0.2405 LiCl
NMC811,comp1,2.5,0.554731,-0.736056,0,0,0.7229 Li1Mn0.1Co0.1Ni0.8O2 + 0.2771 Li6PS5Cl -> 1.108 Li + 0.07229 Co(NiS2)2 + 0.4337 NiS2 + 0.2771 Li3PO4 + 0.08434 Li2SO4 + 0.07229 MnS2 + 0.2771 LiCl
NMC811,comp1,2.5,0.575221,-0.728192,0,0,0.7059 Li1Mn0.1Co0.1Ni0.8O2 + 0.2941 Li6PS5Cl -> 1.176 Li + 0.5647 NiS2 + 0.2941 Li3PO4 + 0.07059 CoS2 + 0.05882 Li2SO4 + 0.07059 MnS2 + 0.2941 LiCl
NMC811,comp1,2.5,0.619048,-0.697761,0,0,0.6667 Li1Mn0.1Co0.1Ni0.8O2 + 0.3333 Li6PS5Cl -> 1.25 Li + 0.5333 NiS2 + 0.3333 Li3PO4 + 0.06667 CoS2 + 0.06667 MnS2 + 0.3333 LiCl + 0.08333 LiS4
NMC811,comp1,2.5,1.0,-0.149197,0,0,Li6PS5Cl -> 4.625 Li + 0.5 P2S7 + LiCl + 0.375 LiS4
NMC811,comp1,3.0,0.0,-0.0,0,0,Li1Mn0.1Co0.1Ni0.8O2 -> 0.6 LiNiO2 + 0.1 Li2CoO3 + 0.1 Li2MnO3 + 0.2 NiO
NMC811,comp1,3.0,0.075145,-0.40643,0,0,0.9756 Li1Mn0.1Co0.1Ni0.8O2 + 0.02439 Li6PS5Cl -> 0.3902 Li + 0.09756 Li2CoO3 + 0.09756 Li2MnO3 + 0.02439 Li3PO4 + 0.7805 NiO + 0.122 Li2SO4 + 0.02439 LiCl
NMC811,comp1,3.0,0.086584,-0.465986,0,0,0.9717 Li1Mn0.1Co0.1Ni0.8O2 + 0.02834 Li6PS5Cl -> 0.4534 Li + 0.09717 LiCoO2 + 0.09717 Li2MnO3 + 0.02834 Li3PO4 + 0.7773 NiO + 0.1417 Li2SO4 + 0.02834 LiCl
NMC811,comp1,3.0,0.088838,-0.475745,0,0,0.9709 Li1Mn0.1Co0.1Ni0.8O2 + 0.02913 Li6PS5Cl -> 0.5049 Li + 0.01942 Li4MnCo5O12 + 0.07767 Li2MnO3 + 0.02913 Li3PO4 + 0.7767 NiO + 0.1456 Li2SO4 + 0.02913 LiCl
NMC811,comp1,3.0,0.094795,-0.498616,0,0,0.9688 Li1Mn0.1Co0.1Ni0.8O2 + 0.03122 Li6PS5Cl -> 0.5899 Li + 0.02583 Li2Mn3NiO8 + 0.01938 Li4MnCo5O12 + 0.03122 Li3PO4 + 0.7492 NiO + 0.1561 Li2SO4 + 0.03122 LiCl
NMC811,comp1,3.0,0.107438,-0.539577,0,0,0.9643 Li1Mn0.1Co0.1Ni0.8O2 + 0.03571 Li6PS5Cl -> 0.6357 Li + 0.01071 Li4MnCo5O12 + 0.04286 Mn2CoO4 + 0.03571 Li3PO4 + 0.7714 NiO + 0.1786 Li2SO4 + 0.03571 LiCl
NMC811,comp1,3.0,0.113982,-0.559617,0,0,0.9619 Li1Mn0.1Co0.1Ni0.8O2 + 0.03808 Li6PS5Cl -> 0.6573 Li + 0.0481 Mn2CoO4 + 0.03808 Li3PO4 + 0.7695 NiO + 0.0481 CoO + 0.1904 Li2SO4 + 0.03808 LiCl
NMC811,comp1,3.0,0.118352,-0.569694,0,0,0.9603 Li1Mn0.1Co0.1Ni0.8O2 + 0.03967 Li6PS5Cl -> 0.7223 Li + 0.03967 LiCoPO4 + 0.04802 Mn2CoO4 + 0.7683 NiO + 0.008351 CoO + 0.1983 Li2SO4 + 0.03967 LiCl
NMC811,comp1,3.0,0.120664,-0.574185,0,0,0.9595 Li1Mn0.1Co0.1Ni0.8O2 + 0.04051 Li6PS5Cl -> 0.7569 Li + 0.04051 LiCoPO4 + 0.04797 Mn2CoO4 + 0.02026 NiCl2 + 0.7473 NiO + 0.007463 CoO + 0.2026 Li2SO4
NMC811,comp1,3.0,0.126862,-0.584471,0,0,0.9572 Li1Mn0.1Co0.1Ni0.8O2 + 0.04279 Li6PS5Cl -> 0.786 Li + 0.0214 Mn3(PO4)2 + 0.01577 Mn2CoO4 + 0.0214 NiCl2 + 0.7444 NiO + 0.07995 CoO + 0.214 Li2SO4
NMC811,comp1,3.0,0.132041,-0.592832,0,0,0.9553 Li1Mn0.1Co0.1Ni0.8O2 + 0.04472 Li6PS5Cl -> 0.8333 Li + 0.02236 Mn3(PO4)2 + 0.02846 Li2Mn(SO4)2 + 0.02236 NiCl2 + 0.7419 NiO + 0.09553 CoO + 0.1667 Li2SO4
NMC811,comp1,3.0,0.137105,-0.600673,0,0,0.9534 Li1Mn0.1Co0.1Ni0.8O2 + 0.04661 Li6PS5Cl -> 0.911 Li + 0.04661 LiCoPO4 + 0.09534 Li2Mn(SO4)2 + 0.02331 NiCl2 + 0.7394 NiO + 0.04873 CoO + 0.04237 Li2SO4
NMC811,comp1,3.0,0.139785,-0.603719,0,0,0.9524 Li1Mn0.1Co0.1Ni0.8O2 + 0.04762 Li6PS5Cl -> 0.9524 Li + 0.02381 Co3(PO4)2 + 0.09524 Li2Mn(SO4)2 + 0.02381 NiCl2 + 0.7381 NiO + 0.02381 CoO + 0.04762 Li2SO4
NMC811,comp1,3.0,0.14918,-0.612368,0,0,0.9488 Li1Mn0.1Co0.1Ni0.8O2 + 0.05119 Li6PS5Cl -> 0.966 Li + 0.02559 Co3(PO4)2 + 0.09488 Li2Mn(SO4)2 + 0.02559 NiCl2 + 0.002011 Co9S8 + 0.7335 NiO + 0.05009 Li2SO4
NMC811,comp1,3.0,0.178082,-0.639043,0,0,0.9375 Li1Mn0.1Co0.1Ni0.8O2 + 0.0625 Li6PS5Cl -> Li + 0.03125 Co3(PO4)2 + 0.09375 Li2Mn(SO4)2 + 0.03125 Ni3S2 + 0.03125 NiCl2 + 0.625 NiO + 0.0625 Li2SO4
NMC811,comp1,3.0,0.245283,-0.701893,0,0,0.9091 Li1Mn0.1Co0.1Ni0.8O2 + 0.09091 Li6PS5Cl -> 1.017 Li + 0.09091 LiCoPO4 + 0.09091 Li2Mn(SO4)2 + 0.09504 Ni3S2 + 0.04545 NiCl2 + 0.3967 NiO + 0.08264 Li2SO4
NMC811,comp1,3.0,0.334342,-0.789164,0,0,0.8661 Li1Mn0.1Co0.1Ni0.8O2 + 0.1339 Li6PS5Cl -> 1.157 Li + 0.02362 Ni3(PO4)2 + 0.08661 LiCoPO4 + 0.08661 Li2Mn(SO4)2 + 0.185 Ni3S2 + 0.06693 NiCl2 + 0.126 Li2SO4
NMC811,comp1,3.0,0.346518,-0.799282,0,0,0.8597 Li1Mn0.1Co0.1Ni0.8O2 + 0.1403 Li6PS5Cl -> 1.045 Li + 0.08597 LiCoPO4 + 0.02715 Mn3(PO4)2 + 0.004525 Li2Mn(SO4)2 + 0.2059 Ni3S2 + 0.07014 NiCl2 + 0.2805 Li2SO4
NMC811,comp1,3.0,0.347531,-0.800076,0,0,0.8592 Li1Mn0.1Co0.1Ni0.8O2 + 0.1408 Li6PS5Cl -> 1.043 Li + 0.08353 LiCoPO4 + 0.02864 Mn3(PO4)2 + 0.001193 Co2NiS4 + 0.2053 Ni3S2 + 0.07041 NiCl2 + 0.2888 Li2SO4
NMC811,comp1,3.0,0.347957,-0.800392,0,0,0.859 Li1Mn0.1Co0.1Ni0.8O2 + 0.141 Li6PS5Cl -> 1.045 Li + 0.002121 Co(NiS2)2 + 0.08378 LiCoPO4 + 0.02863 Mn3(PO4)2 + 0.2041 Ni3S2 + 0.07052 NiCl2 + 0.2884 Li2SO4
NMC811,comp1,3.0,0.384315,-0.826806,0,0,0.8389 Li1Mn0.1Co0.1Ni0.8O2 + 0.1611 Li6PS5Cl -> 1.184 Li + 0.1052 LiNiPO4 + 0.08389 Co(NiS2)2 + 0.02796 Mn3(PO4)2 + 0.1059 Ni3S2 + 0.08056 NiCl2 + 0.2583 Li2SO4
NMC811,comp1,3.0,0.398131,-0.836733,0,0,0.8309 Li1Mn0.1Co0.1Ni0.8O2 + 0.1691 Li6PS5Cl -> 1.239 Li + 0.03336 Ni9S8 + 0.1137 LiNiPO4 + 0.08309 Co(NiS2)2 + 0.0277 Mn3(PO4)2 + 0.08456 NiCl2 + 0.2463 Li2SO4
NMC811,comp1,3.0,0.40285,-0.840056,0,0,0.8281 Li1Mn0.1Co0.1Ni0.8O2 + 0.1719 Li6PS5Cl -> 1.203 Li + 0.03576 Ni9S8 + 0.08908 LiNiPO4 + 0.08281 Co(NiS2)2 + 0.08281 LiMnPO4 + 0.08595 NiCl2 + 0.2422 Li2SO4
NMC811,comp1,3.0,0.426866,-0.855964,0,0,0.8136 Li1Mn0.1Co0.1Ni0.8O2 + 0.1864 Li6PS5Cl -> 1.305 Li + 0.1051 LiNiPO4 + 0.08136 Co(NiS2)2 + 0.08136 LiMnPO4 + 0.09322 NiCl2 + 0.09661 Ni3S4 + 0.2203 Li2SO4
NMC811,comp1,3.0,0.453178,-0.86913,0,0,0.7968 Li1Mn0.1Co0.1Ni0.8O2 + 0.2032 Li6PS5Cl -> 1.175 Li + 0.07968 Co(NiS2)2 + 0.07968 LiMnPO4 + 0.1016 NiCl2 + 0.1235 Li3PO4 + 0.1255 Ni3S4 + 0.1952 Li2SO4
NMC811,comp1,3.0,0.479393,-0.881541,0,0,0.7792 Li1Mn0.1Co0.1Ni0.8O2 + 0.2208 Li6PS5Cl -> 1.039 Li + 0.07792 Co(NiS2)2 + 0.07792 LiMnPO4 + 0.1429 Li3PO4 + 0.1558 Ni3S4 + 0.1688 Li2SO4 + 0.2208 LiCl
NMC811,comp1,3.0,0.482806,-0.882728,0,0,0.7769 Li1Mn0.1Co0.1Ni0.8O2 + 0.2231 Li6PS5Cl -> 1.157 Li + 0.07769 Co(NiS2)2 + 0.07273 Li4P2O7 + 0.07769 LiMnPO4 + 0.1554 Ni3S4 + 0.1835 Li2SO4 + 0.2231 LiCl
NMC811,comp1,3.0,0.484649,-0.882991,1,0,0.7756 Li1Mn0.1Co0.1Ni0.8O2 + 0.2244 Li6PS5Cl -> 1.221 Li + 0.07756 Co(NiS2)2 + 0.07756 Li2MnP2O7 + 0.03465 Li4P2O7 + 0.1551 Ni3S4 + 0.1914 Li2SO4 + 0.2244 LiCl
NMC811,comp1,3.0,0.537402,-0.881488,0,0,0.7367 Li1Mn0.1Co0.1Ni0.8O2 + 0.2633 Li6PS5Cl -> 1.398 Li + 0.442 NiS2 + 0.07367 Co(NiS2)2 + 0.07367 Li2MnP2O7 + 0.05799 Li4P2O7 + 0.1379 Li2SO4 + 0.2633 LiCl
NMC811,comp1,3.0,0.559925,-0.879274,0,0,0.7187 Li1Mn0.1Co0.1Ni0.8O2 + 0.2813 Li6PS5Cl -> 1.48 Li + 0.5749 NiS2 + 0.07187 CoS2 + 0.07187 Li2MnP2O7 + 0.06881 Li4P2O7 + 0.1131 Li2SO4 + 0.2813 LiCl
NMC811,comp1,3.0,0.580357,-0.871428,0,0,0.7015 Li1Mn0.1Co0.1Ni0.8O2 + 0.2985 Li6PS5Cl -> 1.418 Li + 0.5612 NiS2 + 0.07015 CoS2 + 0.1493 Li4P2O7 + 0.07015 MnS2 + 0.08955 Li2SO4 + 0.2985 LiCl
NMC811,comp1,3.0,0.65,-0.828729,0,0,0.6364 Li1Mn0.1Co0.1Ni0.8O2 + 0.3636 Li6PS5Cl -> 1.591 Li + 0.5091 NiS2 + 0.06364 CoS2 + 0.1818 Li4P2O7 + 0.06364 MnS2 + 0.3636 LiCl + 0.1364 LiS4
NMC811,comp1,3.0,0.684211,-0.802748,0,0,0.6 Li1Mn0.1Co0.1Ni0.8O2 + 0.4 Li6PS5Cl -> 2 Li + 0.48 NiS2 + 0.06 CoS2 + 0.06 MnS2 + 0.4 LiPO3 + 0.4 LiCl + 0.2 LiS4
NMC811,comp1,3.0,1.0,-0.479554,0,0,Li6PS5Cl -> 4.625 Li + 0.5 P2S7 + LiCl + 0.375 LiS4
NMC811,comp1,3.5,0.0,-0.003246,0,0,Li1Mn0.1Co0.1Ni0.8O2 -> 0.4 Li + 0.36 Li(NiO2)2 + 0.02 Li4MnCo5O12 + 0.08 Li2MnO3 + 0.08 NiO
NMC811,comp1,3.5,0.077126,-0.494191,0,0,0.9749 Li1Mn0.1Co0.1Ni0.8O2 + 0.02507 Li6PS5Cl -> 0.5404 Li + 0.0195 Li4MnCo5O12 + 0.02507 LiClO4 + 0.07799 Li2MnO3 + 0.02507 Li3PO4 + 0.7799 NiO + 0.1253 Li2SO4
NMC811,comp1,3.5,0.082368,-0.526463,0,0,0.9731 Li1Mn0.1Co0.1Ni0.8O2 + 0.02688 Li6PS5Cl -> 0.6284 Li + 0.02595 Li2Mn3NiO8 + 0.01946 Li4MnCo5O12 + 0.02688 LiClO4 + 0.02688 Li3PO4 + 0.7525 NiO + 0.1344 Li2SO4
NMC811,comp1,3.5,0.094795,-0.593001,0,0,0.9688 Li1Mn0.1Co0.1Ni0.8O2 + 0.03122 Li6PS5Cl -> 0.5899 Li + 0.02583 Li2Mn3NiO8 + 0.01938 Li4MnCo5O12 + 0.03122 Li3PO4 + 0.7492 NiO + 0.1561 Li2SO4 + 0.03122 LiCl
NMC811,comp1,3.5,0.097744,-0.608731,0,0,0.9677 Li1Mn0.1Co0.1Ni0.8O2 + 0.03226 Li6PS5Cl -> 0.6323 Li + 0.07742 Mn(Ni3O4)2 + 0.01935 Li4MnCo5O12 + 0.03226 Li3PO4 + 0.3097 NiO + 0.1613 Li2SO4 + 0.03226 LiCl
NMC811,comp1,3.5,0.099617,-0.616554,0,0,0.9671 Li1Mn0.1Co0.1Ni0.8O2 + 0.03292 Li6PS5Cl -> 0.6593 Li + 0.07737 Mn(Ni3O4)2 + 0.01934 Li4MnCo5O12 + 0.01646 NiCl2 + 0.03292 Li3PO4 + 0.293 NiO + 0.1646 Li2SO4
NMC811,comp1,3.5,0.103586,-0.632805,0,0,0.9657 Li1Mn0.1Co0.1Ni0.8O2 + 0.03433 Li6PS5Cl -> 0.7167 Li + 0.03433 LiNiPO4 + 0.07725 Mn(Ni3O4)2 + 0.01931 Li4MnCo5O12 + 0.01717 NiCl2 + 0.2575 NiO + 0.1717 Li2SO4
NMC811,comp1,3.5,0.107884,-0.650209,0,0,0.9641 Li1Mn0.1Co0.1Ni0.8O2 + 0.03587 Li6PS5Cl -> 0.7363 Li + 0.0843 Mn(Ni3O4)2 + 0.01211 Li4MnCo5O12 + 0.01794 NiCl2 + 0.03587 LiCoPO4 + 0.2475 NiO + 0.1794 Li2SO4
NMC811,comp1,3.5,0.112742,-0.669786,0,0,0.9624 Li1Mn0.1Co0.1Ni0.8O2 + 0.03763 Li6PS5Cl -> 0.7742 Li + 0.09624 Mn(Ni3O4)2 + 0.01881 NiCl2 + 0.03763 LiCoPO4 + 0.1737 NiO + 0.01954 Co3O4 + 0.1881 Li2SO4
NMC811,comp1,3.5,0.115833,-0.679891,0,0,0.9613 Li1Mn0.1Co0.1Ni0.8O2 + 0.03875 Li6PS5Cl -> 0.8063 Li + 0.09613 Mn(Ni3O4)2 + 0.01937 Co3(PO4)2 + 0.01937 NiCl2 + 0.1729 NiO + 0.01267 Co3O4 + 0.1937 Li2SO4
NMC811,comp1,3.5,0.121495,-0.697233,0,0,0.9592 Li1Mn0.1Co0.1Ni0.8O2 + 0.04082 Li6PS5Cl -> 0.8653 Li + 0.03469 Li2Co(SO4)2 + 0.09592 Mn(Ni3O4)2 + 0.02041 Co3(PO4)2 + 0.02041 NiCl2 + 0.1714 NiO + 0.1347 Li2SO4
NMC811,comp1,3.5,0.142336,-0.761108,0,0,0.9514 Li1Mn0.1Co0.1Ni0.8O2 + 0.04858 Li6PS5Cl -> 0.9919 Li + 0.02227 Li2Co(SO4)2 + 0.09514 Li2Mn(SO4)2 + 0.02429 Co3(PO4)2 + 0.02429 NiCl2 + 0.7368 NiO + 0.008097 Li2SO4
NMC811,comp1,3.5,0.143646,-0.765051,0,0,0.9509 Li1Mn0.1Co0.1Ni0.8O2 + 0.04908 Li6PS5Cl -> 1.012 Li + 0.02147 Li2Co(SO4)2 + 0.09509 Li2Mn(SO4)2 + 0.02454 Co3(PO4)2 + 0.02454 NiCl2 + 0.01227 NiSO4 + 0.7239 NiO
NMC811,comp1,3.5,0.146801,-0.774453,0,0,0.9497 Li1Mn0.1Co0.1Ni0.8O2 + 0.05028 Li6PS5Cl -> 1.061 Li + 0.09497 Li2Mn(SO4)2 + 0.02514 Co3(PO4)2 + 0.01955 CoSO4 + 0.02514 NiCl2 + 0.0419 NiSO4 + 0.6927 NiO
NMC811,comp1,3.5,0.160494,-0.813734,0,0,0.9444 Li1Mn0.1Co0.1Ni0.8O2 + 0.05556 Li6PS5Cl -> 1.278 Li + 0.02778 Co3(PO4)2 + 0.01111 CoSO4 + 0.02778 NiCl2 + 0.1722 NiSO4 + 0.5556 NiO + 0.09444 MnSO4
NMC811,comp1,3.5,0.178082,-0.833407,0,0,0.9375 Li1Mn0.1Co0.1Ni0.8O2 + 0.0625 Li6PS5Cl -> 1.312 Li + 0.01389 Ni3S2 + 0.03125 Co3(PO4)2 + 0.03125 NiCl2 + 0.191 NiSO4 + 0.4861 NiO + 0.09375 MnSO4
NMC811,comp1,3.5,0.288889,-0.961339,0,0,0.8889 Li1Mn0.1Co0.1Ni0.8O2 + 0.1111 Li6PS5Cl -> 1.556 Li + 0.1111 Ni3S2 + 0.02593 Ni3(PO4)2 + 0.02963 Co3(PO4)2 + 0.05556 NiCl2 + 0.2444 NiSO4 + 0.08889 MnSO4
NMC811,comp1,3.5,0.312715,-0.986476,0,0,0.8772 Li1Mn0.1Co0.1Ni0.8O2 + 0.1228 Li6PS5Cl -> 1.614 Li + 0.0614 Ni3S2 + 0.0614 Ni3(PO4)2 + 0.04386 Co2NiS4 + 0.0614 NiCl2 + 0.2281 NiSO4 + 0.08772 MnSO4
NMC811,comp1,3.5,0.334996,-1.009106,0,0,0.8658 Li1Mn0.1Co0.1Ni0.8O2 + 0.1342 Li6PS5Cl -> 1.671 Li + 0.01299 Ni3S2 + 0.0671 Ni3(PO4)2 + 0.08658 Co(NiS2)2 + 0.0671 NiCl2 + 0.2121 NiSO4 + 0.08658 MnSO4
NMC811,comp1,3.5,0.337076,-1.011163,0,0,0.8647 Li1Mn0.1Co0.1Ni0.8O2 + 0.1353 Li6PS5Cl -> 1.676 Li + 0.06764 Ni3(PO4)2 + 0.004184 Ni9S8 + 0.08647 Co(NiS2)2 + 0.06764 NiCl2 + 0.2106 NiSO4 + 0.08647 MnSO4
NMC811,comp1,3.5,0.340824,-1.014672,0,0,0.8627 Li1Mn0.1Co0.1Ni0.8O2 + 0.1373 Li6PS5Cl -> 1.686 Li + 0.06863 Ni3(PO4)2 + 0.08627 Co(NiS2)2 + 0.06863 NiCl2 + 0.2078 NiSO4 + 0.01176 Ni3S4 + 0.08627 MnSO4
NMC811,comp1,3.5,0.361111,-1.027313,0,0,0.8519 Li1Mn0.1Co0.1Ni0.8O2 + 0.1481 Li6PS5Cl -> 1.741 Li + 0.07407 Ni2P2O7 + 0.08519 Co(NiS2)2 + 0.07407 NiCl2 + 0.2111 NiSO4 + 0.02593 Ni3S4 + 0.08519 MnSO4
NMC811,comp1,3.5,0.383966,-1.039408,0,0,0.8391 Li1Mn0.1Co0.1Ni0.8O2 + 0.1609 Li6PS5Cl -> 1.805 Li + 0.08046 Ni(PO3)2 + 0.08391 Co(NiS2)2 + 0.08046 NiCl2 + 0.2149 NiSO4 + 0.04253 Ni3S4 + 0.08391 MnSO4
NMC811,comp1,3.5,0.409863,-1.049417,0,0,0.8239 Li1Mn0.1Co0.1Ni0.8O2 + 0.1761 Li6PS5Cl -> 1.716 Li + 0.08804 Ni(PO3)2 + 0.08239 Li2Mn(SO4)2 + 0.08239 Co(NiS2)2 + 0.08804 NiCl2 + 0.1151 NiSO4 + 0.06772 Ni3S4
NMC811,comp1,3.5,0.438202,-1.059361,0,0,0.8065 Li1Mn0.1Co0.1Ni0.8O2 + 0.1935 Li6PS5Cl -> 1.806 Li + 0.09677 Ni(PO3)2 + 0.08065 Li2Mn(SO4)2 + 0.1935 NiS2 + 0.08065 Co(NiS2)2 + 0.09677 NiCl2 + 0.09677 NiSO4
NMC811,comp1,3.5,0.468268,-1.069541,0,0,0.7868 Li1Mn0.1Co0.1Ni0.8O2 + 0.2132 Li6PS5Cl -> 1.756 Li + 0.1066 Ni(PO3)2 + 0.07868 Li2Mn(SO4)2 + 0.2589 NiS2 + 0.07868 Co(NiS2)2 + 0.1066 NiCl2 + 0.07614 Li2SO4
NMC811,comp1,3.5,0.490969,-1.076168,0,0,0.7711 Li1Mn0.1Co0.1Ni0.8O2 + 0.2289 Li6PS5Cl -> 1.871 Li + 0.1144 Ni(PO3)2 + 0.07711 Li2Mn(SO4)2 + 0.3881 NiS2 + 0.07711 CoS2 + 0.1144 NiCl2 + 0.0597 Li2SO4
NMC811,comp1,3.5,0.511811,-1.080838,0,0,0.7561 Li1Mn0.1Co0.1Ni0.8O2 + 0.2439 Li6PS5Cl -> 1.829 Li + 0.04634 Ni(PO3)2 + 0.4366 NiS2 + 0.07561 CoS2 + 0.122 NiCl2 + 0.1951 Li2SO4 + 0.07561 Mn(PO3)2
NMC811,comp1,3.5,0.516041,-1.08136,0,0,0.753 Li1Mn0.1Co0.1Ni0.8O2 + 0.247 Li6PS5Cl -> 1.821 Li + 0.03215 LiNi(PO3)3 + 0.4467 NiS2 + 0.0753 CoS2 + 0.1235 NiCl2 + 0.1912 Li2SO4 + 0.0753 Mn(PO3)2
NMC811,comp1,3.5,0.522788,-1.081658,0,0,0.7479 Li1Mn0.1Co0.1Ni0.8O2 + 0.2521 Li6PS5Cl -> 1.807 Li + 0.009244 LiNi(PO3)3 + 0.07479 LiMn(PO3)3 + 0.463 NiS2 + 0.07479 CoS2 + 0.1261 NiCl2 + 0.1849 Li2SO4
NMC811,comp1,3.5,0.525483,-1.081767,1,0,0.7459 Li1Mn0.1Co0.1Ni0.8O2 + 0.2541 Li6PS5Cl -> 1.801 Li + 0.07459 LiMn(PO3)3 + 0.4696 NiS2 + 0.07459 CoS2 + 0.1271 NiCl2 + 0.1823 Li2SO4 + 0.03039 LiPO3
NMC811,comp1,3.5,0.611452,-1.080183,0,0,0.6738 Li1Mn0.1Co0.1Ni0.8O2 + 0.3262 Li6PS5Cl -> 2.255 Li + 0.06738 LiMn(PO3)3 + 0.539 NiS2 + 0.3262 SCl + 0.06738 CoS2 + 0.0922 Li2SO4 + 0.1241 LiPO3
NMC811,comp1,3.5,0.684211,-1.062867,0,0,0.6 Li1Mn0.1Co0.1Ni0.8O2 + 0.4 Li6PS5Cl -> 2.72 Li + 0.06 LiMn(PO3)3 + 0.48 NiS2 + 0.4 SCl + 0.06 CoS2 + 0.22 LiPO3 + 0.52 S
NMC811,comp1,3.5,0.694656,-1.057728,0,0,0.5882 Li1Mn0.1Co0.1Ni0.8O2 + 0.4118 Li6PS5Cl -> 2.882 Li + 0.05882 MnP4O11 + 0.4706 NiS2 + 0.4118 SCl + 0.05882 CoS2 + 0.1765 LiPO3 + 0.5882 S
NMC811,comp1,3.5,1.0,-0.858114,0,0,Li6PS5Cl -> 6 Li + 0.5 P2S7 + SCl + 0.5 S
NMC811,comp1,4.0,0.0,-0.133729,0,0,Li1Mn0.1Co0.1Ni0.8O2 -> 0.95 Li + 0.1 Mn(Ni3O4)2 + 0.05 Li(CoO2)2 + 0.06667 Ni3O4 + 0.3667 O2
NMC811,comp1,4.0,0.082042,-0.632312,0,0,0.9732 Li1Mn0.1Co0.1Ni0.8O2 + 0.02676 Li6PS5Cl -> 0.764 Li + 0.02676 LiNiPO4 + 0.09732 Mn(Ni3O4)2 + 0.02676 LiClO4 + 0.04866 Li(CoO2)2 + 0.05596 Ni3O4 + 0.1338 Li2SO4
NMC811,comp1,4.0,0.087838,-0.668095,0,0,0.9712 Li1Mn0.1Co0.1Ni0.8O2 + 0.02878 Li6PS5Cl -> 0.75 Li + 0.02878 LiNiPO4 + 0.09712 Mn(Ni3O4)2 + 0.02878 LiClO4 + 0.1655 NiO + 0.04856 Li(CoO2)2 + 0.1439 Li2SO4
NMC811,comp1,4.0,0.089347,-0.677051,0,0,0.9707 Li1Mn0.1Co0.1Ni0.8O2 + 0.0293 Li6PS5Cl -> 0.7756 Li + 0.01465 Ni3(PO4)2 + 0.09707 Mn(Ni3O4)2 + 0.0293 LiClO4 + 0.1502 NiO + 0.04853 Li(CoO2)2 + 0.1465 Li2SO4
NMC811,comp1,4.0,0.104,-0.75329,0,0,0.9655 Li1Mn0.1Co0.1Ni0.8O2 + 0.03448 Li6PS5Cl -> 1.028 Li + 0.01724 Ni3(PO4)2 + 0.09655 Mn(Ni3O4)2 + 0.03448 LiClO4 + 0.1414 NiSO4 + 0.04828 Li(CoO2)2 + 0.03103 Li2SO4
NMC811,comp1,4.0,0.107884,-0.773236,0,0,0.9641 Li1Mn0.1Co0.1Ni0.8O2 + 0.03587 Li6PS5Cl -> 1.095 Li + 0.01794 Ni3(PO4)2 + 0.08834 Mn(Ni3O4)2 + 0.03587 LiClO4 + 0.008072 MnNiO3 + 0.1794 NiSO4 + 0.04821 Li(CoO2)2
NMC811,comp1,4.0,0.115147,-0.810658,0,0,0.9615 Li1Mn0.1Co0.1Ni0.8O2 + 0.0385 Li6PS5Cl -> 1.154 Li + 0.01925 Ni3(PO4)2 + 0.08456 Mn(Ni3O4)2 + 0.0385 LiClO4 + 0.01159 MnNiO3 + 0.00418 Co23O32 + 0.1925 NiSO4
NMC811,comp1,4.0,0.14132,-0.946308,0,0,0.9518 Li1Mn0.1Co0.1Ni0.8O2 + 0.0482 Li6PS5Cl -> 1.241 Li + 0.0241 Ni3(PO4)2 + 0.06577 Mn(Ni3O4)2 + 0.02941 MnNiO3 + 0.004138 Co23O32 + 0.241 NiSO4 + 0.0241 NiCl2
NMC811,comp1,4.0,0.142136,-0.950248,0,0,0.9515 Li1Mn0.1Co0.1Ni0.8O2 + 0.04851 Li6PS5Cl -> 1.243 Li + 0.02425 Ni3(PO4)2 + 0.0653 Mn(Ni3O4)2 + 0.03172 Co3O4 + 0.02985 MnNiO3 + 0.2425 NiSO4 + 0.02425 NiCl2
NMC811,comp1,4.0,0.144698,-0.96,0,0,0.9505 Li1Mn0.1Co0.1Ni0.8O2 + 0.04948 Li6PS5Cl -> 1.247 Li + 0.02474 Ni3(PO4)2 + 0.06901 Mn(Ni3O4)2 + 0.02734 Co3O4 + 0.2474 NiSO4 + 0.01302 Mn2CoO4 + 0.02474 NiCl2
NMC811,comp1,4.0,0.147287,-0.96986,0,0,0.9495 Li1Mn0.1Co0.1Ni0.8O2 + 0.05046 Li6PS5Cl -> 1.252 Li + 0.08035 Mn(Ni3O4)2 + 0.003984 Co3O4 + 0.2523 NiSO4 + 0.02523 Co3(PO4)2 + 0.007304 Mn2CoO4 + 0.02523 NiCl2
NMC811,comp1,4.0,0.147727,-0.971382,0,0,0.9494 Li1Mn0.1Co0.1Ni0.8O2 + 0.05063 Li6PS5Cl -> 1.253 Li + 0.08228 Mn(Ni3O4)2 + 0.2405 NiSO4 + 0.02532 Co3(PO4)2 + 0.006329 Mn2CoO4 + 0.01266 CoSO4 + 0.02532 NiCl2
NMC811,comp1,4.0,0.149425,-0.976915,0,0,0.9487 Li1Mn0.1Co0.1Ni0.8O2 + 0.05128 Li6PS5Cl -> 1.256 Li + 0.05897 Mn(Ni3O4)2 + 0.1231 NiO + 0.2564 NiSO4 + 0.02564 Co3(PO4)2 + 0.01795 Mn2CoO4 + 0.02564 NiCl2
NMC811,comp1,4.0,0.158752,-1.006581,0,0,0.9451 Li1Mn0.1Co0.1Ni0.8O2 + 0.05488 Li6PS5Cl -> 1.274 Li + 0.5244 NiO + 0.2043 NiSO4 + 0.02744 Co3(PO4)2 + 0.0122 Mn2CoO4 + 0.07012 MnSO4 + 0.02744 NiCl2
NMC811,comp1,4.0,0.160494,-1.01201,0,0,0.9444 Li1Mn0.1Co0.1Ni0.8O2 + 0.05556 Li6PS5Cl -> 1.278 Li + 0.5556 NiO + 0.1722 NiSO4 + 0.02778 Co3(PO4)2 + 0.01111 CoSO4 + 0.09444 MnSO4 + 0.02778 NiCl2
NMC811,comp1,4.0,0.178082,-1.03533,0,0,0.9375 Li1Mn0.1Co0.1Ni0.8O2 + 0.0625 Li6PS5Cl -> 1.313 Li + 0.4861 NiO + 0.191 NiSO4 + 0.03125 Co3(PO4)2 + 0.01389 Ni3S2 + 0.09375 MnSO4 + 0.03125 NiCl2
NMC811,comp1,4.0,0.288889,-1.187146,0,0,0.8889 Li1Mn0.1Co0.1Ni0.8O2 + 0.1111 Li6PS5Cl -> 1.556 Li + 0.02593 Ni3(PO4)2 + 0.2444 NiSO4 + 0.02963 Co3(PO4)2 + 0.1111 Ni3S2 + 0.08889 MnSO4 + 0.05556 NiCl2
NMC811,comp1,4.0,0.312715,-1.217632,0,0,0.8772 Li1Mn0.1Co0.1Ni0.8O2 + 0.1228 Li6PS5Cl -> 1.614 Li + 0.0614 Ni3(PO4)2 + 0.2281 NiSO4 + 0.0614 Ni3S2 + 0.08772 MnSO4 + 0.0614 NiCl2 + 0.04386 Co2NiS4
NMC811,comp1,4.0,0.334996,-1.245336,0,0,0.8658 Li1Mn0.1Co0.1Ni0.8O2 + 0.1342 Li6PS5Cl -> 1.671 Li + 0.0671 Ni3(PO4)2 + 0.2121 NiSO4 + 0.01299 Ni3S2 + 0.08658 MnSO4 + 0.08658 Co(NiS2)2 + 0.0671 NiCl2
NMC811,comp1,4.0,0.337076,-1.247871,0,0,0.8647 Li1Mn0.1Co0.1Ni0.8O2 + 0.1353 Li6PS5Cl -> 1.676 Li + 0.06764 Ni3(PO4)2 + 0.2106 NiSO4 + 0.004184 Ni9S8 + 0.08647 MnSO4 + 0.08647 Co(NiS2)2 + 0.06764 NiCl2
NMC811,comp1,4.0,0.340824,-1.252241,0,0,0.8627 Li1Mn0.1Co0.1Ni0.8O2 + 0.1373 Li6PS5Cl -> 1.686 Li + 0.06863 Ni3(PO4)2 + 0.2078 NiSO4 + 0.01176 Ni3S4 + 0.08627 MnSO4 + 0.08627 Co(NiS2)2 + 0.06863 NiCl2
NMC811,comp1,4.0,0.361111,-1.269581,0,0,0.8519 Li1Mn0.1Co0.1Ni0.8O2 + 0.1481 Li6PS5Cl -> 1.741 Li + 0.07407 Ni2P2O7 + 0.2111 NiSO4 + 0.02593 Ni3S4 + 0.08519 MnSO4 + 0.08519 Co(NiS2)2 + 0.07407 NiCl2
NMC811,comp1,4.0,0.383966,-1.287042,0,0,0.8391 Li1Mn0.1Co0.1Ni0.8O2 + 0.1609 Li6PS5Cl -> 1.805 Li + 0.08046 Ni(PO3)2 + 0.2149 NiSO4 + 0.04253 Ni3S4 + 0.08391 MnSO4 + 0.08391 Co(NiS2)2 + 0.08046 NiCl2
NMC811,comp1,4.0,0.403341,-1.298348,0,0,0.8278 Li1Mn0.1Co0.1Ni0.8O2 + 0.1722 Li6PS5Cl -> 1.861 Li + 0.08609 Ni(PO3)2 + 0.202 NiSO4 + 0.08278 MnSO4 + 0.08278 Co(NiS2)2 + 0.1225 NiS2 + 0.08609 NiCl2
NMC811,comp1,4.0,0.438202,-1.317135,0,0,0.8065 Li1Mn0.1Co0.1Ni0.8O2 + 0.1935 Li6PS5Cl -> 1.968 Li + 0.09677 Ni(PO3)2 + 0.1774 NiSO4 + 0.08065 MnSO4 + 0.2742 NiS2 + 0.08065 CoS2 + 0.09677 NiCl2
NMC811,comp1,4.0,0.507959,-1.34675,0,0,0.7589 Li1Mn0.1Co0.1Ni0.8O2 + 0.2411 Li6PS5Cl -> 2.205 Li + 0.1205 Ni(PO3)2 + 0.2455 SO2 + 0.07589 MnSO4 + 0.3661 NiS2 + 0.07589 CoS2 + 0.1205 NiCl2
NMC811,comp1,4.0,0.534247,-1.357098,0,0,0.7391 Li1Mn0.1Co0.1Ni0.8O2 + 0.2609 Li6PS5Cl -> 2.304 Li + 0.05652 Ni(PO3)2 + 0.3478 SO2 + 0.4043 NiS2 + 0.07391 CoS2 + 0.1304 NiCl2 + 0.07391 Mn(PO3)2
NMC811,comp1,4.0,0.6,-1.376154,0,0,0.6842 Li1Mn0.1Co0.1Ni0.8O2 + 0.3158 Li6PS5Cl -> 2.579 Li + 0.08947 Ni(PO3)2 + 0.2105 SO2 + 0.3158 SCl + 0.4579 NiS2 + 0.06842 CoS2 + 0.06842 Mn(PO3)2
NMC811,comp1,4.0,0.619048,-1.378973,0,0,0.6667 Li1Mn0.1Co0.1Ni0.8O2 + 0.3333 Li6PS5Cl -> 2.667 Li + 0.03333 Ni(PO3)2 + 0.06667 MnP4O11 + 0.2 SO2 + 0.3333 SCl + 0.5 NiS2 + 0.06667 CoS2
NMC811,comp1,4.0,0.624,-1.379117,0,0,0.662 Li1Mn0.1Co0.1Ni0.8O2 + 0.338 Li6PS5Cl -> 2.69 Li + 0.0662 MnP4O11 + 0.01831 NiP4O11 + 0.1972 SO2 + 0.338 SCl + 0.5113 NiS2 + 0.0662 CoS2
NMC811,comp1,4.0,0.702703,-1.379945,1,0,0.5789 Li1Mn0.1Co0.1Ni0.8O2 + 0.4211 Li6PS5Cl -> 3.105 Li + 0.05789 MnP4O11 + 0.04737 NiP4O11 + 0.4211 SCl + 0.4158 NiS2 + 0.05789 CoS2 + 0.7368 S
NMC811,comp1,4.0,1.0,-1.286686,0,0,Li6PS5Cl -> 6 Li + 0.5 P2S7 + SCl + 0.5 S
NMC811,comp1,4.3,0.0,-0.232711,0,0,Li1Mn0.1Co0.1Ni0.8O2 -> Li + 0.1 Co(NiO2)2 + 0.1 Mn(Ni3O4)2 + 0.4 O2
NMC811,comp1,4.3,0.044369,-0.494754,0,0,0.9859 Li1Mn0.1Co0.1Ni0.8O2 + 0.01408 Li6PS5Cl -> 1.07 Li + 0.09859 Mn(Ni3O4)2 + 0.007042 Ni(ClO4)2 + 0.007042 Ni3(PO4)2 + 0.09859 CoNiO3 + 0.07042 NiSO4 + 0.2465 O2
NMC811,comp1,4.3,0.047619,-0.514201,0,0,0.9848 Li1Mn0.1Co0.1Ni0.8O2 + 0.01515 Li6PS5Cl -> 1.061 Li + 0.01515 LiClO4 + 0.09848 Mn(Ni3O4)2 + 0.007576 Ni3(PO4)2 + 0.09848 CoNiO3 + 0.07576 NiSO4 + 0.2311 O2
NMC811,comp1,4.3,0.107884,-0.880696,0,0,0.9641 Li1Mn0.1Co0.1Ni0.8O2 + 0.03587 Li6PS5Cl -> 1.143 Li + 0.02735 MnNiO3 + 0.03587 LiClO4 + 0.06906 Mn(Ni3O4)2 + 0.01794 Ni3(PO4)2 + 0.09641 CoNiO3 + 0.1794 NiSO4
NMC811,comp1,4.3,0.110169,-0.894751,0,0,0.9633 Li1Mn0.1Co0.1Ni0.8O2 + 0.0367 Li6PS5Cl -> 1.183 Li + 0.03211 MnNiO3 + 0.06422 Mn(Ni3O4)2 + 0.01835 Ni(ClO4)2 + 0.01835 Ni3(PO4)2 + 0.09633 CoNiO3 + 0.1835 NiSO4
NMC811,comp1,4.3,0.117566,-0.935374,0,0,0.9606 Li1Mn0.1Co0.1Ni0.8O2 + 0.03938 Li6PS5Cl -> 1.197 Li + 0.01671 MnNiO3 + 0.07936 Mn(Ni3O4)2 + 0.01969 Ni(ClO4)2 + 0.01969 Ni3(PO4)2 + 0.004177 Co23O32 + 0.1969 NiSO4
NMC811,comp1,4.3,0.14132,-1.062913,0,0,0.9518 Li1Mn0.1Co0.1Ni0.8O2 + 0.0482 Li6PS5Cl -> 1.241 Li + 0.02941 MnNiO3 + 0.06577 Mn(Ni3O4)2 + 0.0241 Ni3(PO4)2 + 0.004138 Co23O32 + 0.0241 NiCl2 + 0.241 NiSO4
NMC811,comp1,4.3,0.142136,-1.066953,0,0,0.9515 Li1Mn0.1Co0.1Ni0.8O2 + 0.04851 Li6PS5Cl -> 1.243 Li + 0.02985 MnNiO3 + 0.0653 Mn(Ni3O4)2 + 0.02425 Ni3(PO4)2 + 0.02425 NiCl2 + 0.03172 Co3O4 + 0.2425 NiSO4
NMC811,comp1,4.3,0.144698,-1.07702,0,0,0.9505 Li1Mn0.1Co0.1Ni0.8O2 + 0.04948 Li6PS5Cl -> 1.247 Li + 0.06901 Mn(Ni3O4)2 + 0.01302 Mn2CoO4 + 0.02474 Ni3(PO4)2 + 0.02474 NiCl2 + 0.02734 Co3O4 + 0.2474 NiSO4
NMC811,comp1,4.3,0.147287,-1.087197,0,0,0.9495 Li1Mn0.1Co0.1Ni0.8O2 + 0.05046 Li6PS5Cl -> 1.252 Li + 0.08035 Mn(Ni3O4)2 + 0.02523 Co3(PO4)2 + 0.007304 Mn2CoO4 + 0.02523 NiCl2 + 0.003984 Co3O4 + 0.2523 NiSO4
NMC811,comp1,4.3,0.147727,-1.088774,0,0,0.9494 Li1Mn0.1Co0.1Ni0.8O2 + 0.05063 Li6PS5Cl -> 1.253 Li + 0.08228 Mn(Ni3O4)2 + 0.02532 Co3(PO4)2 + 0.006329 Mn2CoO4 + 0.02532 NiCl2 + 0.2405 NiSO4 + 0.01266 CoSO4
NMC811,comp1,4.3,0.149425,-1.094515,0,0,0.9487 Li1Mn0.1Co0.1Ni0.8O2 + 0.05128 Li6PS5Cl -> 1.256 Li + 0.05897 Mn(Ni3O4)2 + 0.02564 Co3(PO4)2 + 0.01795 Mn2CoO4 + 0.02564 NiCl2 + 0.1231 NiO + 0.2564 NiSO4
NMC811,comp1,4.3,0.158752,-1.125331,0,0,0.9451 Li1Mn0.1Co0.1Ni0.8O2 + 0.05488 Li6PS5Cl -> 1.274 Li + 0.02744 Co3(PO4)2 + 0.0122 Mn2CoO4 + 0.07012 MnSO4 + 0.02744 NiCl2 + 0.5244 NiO + 0.2043 NiSO4
NMC811,comp1,4.3,0.160494,-1.130976,0,0,0.9444 Li1Mn0.1Co0.1Ni0.8O2 + 0.05556 Li6PS5Cl -> 1.278 Li + 0.02778 Co3(PO4)2 + 0.09444 MnSO4 + 0.02778 NiCl2 + 0.5556 NiO + 0.1722 NiSO4 + 0.01111 CoSO4
NMC811,comp1,4.3,0.178082,-1.156484,0,0,0.9375 Li1Mn0.1Co0.1Ni0.8O2 + 0.0625 Li6PS5Cl -> 1.313 Li + 0.03125 Co3(PO4)2 + 0.01389 Ni3S2 + 0.09375 MnSO4 + 0.03125 NiCl2 + 0.4861 NiO + 0.191 NiSO4
NMC811,comp1,4.3,0.288889,-1.322629,0,0,0.8889 Li1Mn0.1Co0.1Ni0.8O2 + 0.1111 Li6PS5Cl -> 1.556 Li + 0.02963 Co3(PO4)2 + 0.02593 Ni3(PO4)2 + 0.1111 Ni3S2 + 0.08889 MnSO4 + 0.05556 NiCl2 + 0.2444 NiSO4
NMC811,comp1,4.3,0.312715,-1.356325,0,0,0.8772 Li1Mn0.1Co0.1Ni0.8O2 + 0.1228 Li6PS5Cl -> 1.614 Li + 0.0614 Ni3(PO4)2 + 0.0614 Ni3S2 + 0.08772 MnSO4 + 0.0614 NiCl2 + 0.04386 Co2NiS4 + 0.2281 NiSO4
NMC811,comp1,4.3,0.334996,-1.387074,0,0,0.8658 Li1Mn0.1Co0.1Ni0.8O2 + 0.1342 Li6PS5Cl -> 1.671 Li + 0.0671 Ni3(PO4)2 + 0.08658 Co(NiS2)2 + 0.01299 Ni3S2 + 0.08658 MnSO4 + 0.0671 NiCl2 + 0.2121 NiSO4
NMC811,comp1,4.3,0.337076,-1.389895,0,0,0.8647 Li1Mn0.1Co0.1Ni0.8O2 + 0.1353 Li6PS5Cl -> 1.676 Li + 0.06764 Ni3(PO4)2 + 0.08647 Co(NiS2)2 + 0.004184 Ni9S8 + 0.08647 MnSO4 + 0.06764 NiCl2 + 0.2106 NiSO4
NMC811,comp1,4.3,0.340824,-1.394782,0,0,0.8627 Li1Mn0.1Co0.1Ni0.8O2 + 0.1373 Li6PS5Cl -> 1.686 Li + 0.06863 Ni3(PO4)2 + 0.08627 Co(NiS2)2 + 0.08627 MnSO4 + 0.06863 NiCl2 + 0.01176 Ni3S4 + 0.2078 NiSO4
NMC811,comp1,4.3,0.361111,-1.414942,0,0,0.8519 Li1Mn0.1Co0.1Ni0.8O2 + 0.1481 Li6PS5Cl -> 1.741 Li + 0.07407 Ni2P2O7 + 0.08519 Co(NiS2)2 + 0.08519 MnSO4 + 0.07407 NiCl2 + 0.02593 Ni3S4 + 0.2111 NiSO4
NMC811,comp1,4.3,0.383966,-1.435623,0,0,0.8391 Li1Mn0.1Co0.1Ni0.8O2 + 0.1609 Li6PS5Cl -> 1.805 Li + 0.08046 Ni(PO3)2 + 0.08391 Co(NiS2)2 + 0.08391 MnSO4 + 0.08046 NiCl2 + 0.04253 Ni3S4 + 0.2149 NiSO4
NMC811,comp1,4.3,0.403341,-1.449694,0,0,0.8278 Li1Mn0.1Co0.1Ni0.8O2 + 0.1722 Li6PS5Cl -> 1.861 Li + 0.08609 Ni(PO3)2 + 0.1225 NiS2 + 0.08278 Co(NiS2)2 + 0.08278 MnSO4 + 0.08609 NiCl2 + 0.202 NiSO4
NMC811,comp1,4.3,0.438202,-1.473545,0,0,0.8065 Li1Mn0.1Co0.1Ni0.8O2 + 0.1935 Li6PS5Cl -> 1.968 Li + 0.09677 Ni(PO3)2 + 0.2742 NiS2 + 0.08065 CoS2 + 0.08065 MnSO4 + 0.09677 NiCl2 + 0.1774 NiSO4
NMC811,comp1,4.3,0.507959,-1.513642,0,0,0.7589 Li1Mn0.1Co0.1Ni0.8O2 + 0.2411 Li6PS5Cl -> 2.205 Li + 0.1205 Ni(PO3)2 + 0.3661 NiS2 + 0.07589 CoS2 + 0.07589 MnSO4 + 0.2455 SO2 + 0.1205 NiCl2
NMC811,comp1,4.3,0.534247,-1.528066,0,0,0.7391 Li1Mn0.1Co0.1Ni0.8O2 + 0.2609 Li6PS5Cl -> 2.304 Li + 0.05652 Ni(PO3)2 + 0.4043 NiS2 + 0.07391 CoS2 + 0.3478 SO2 + 0.1304 NiCl2 + 0.07391 Mn(PO3)2
NMC811,comp1,4.3,0.6,-1.557635,0,0,0.6842 Li1Mn0.1Co0.1Ni0.8O2 + 0.3158 Li6PS5Cl -> 2.579 Li + 0.08947 Ni(PO3)2 + 0.3158 SCl + 0.4579 NiS2 + 0.06842 CoS2 + 0.2105 SO2 + 0.06842 Mn(PO3)2
NMC811,comp1,4.3,0.619048,-1.563589,0,0,0.6667 Li1Mn0.1Co0.1Ni0.8O2 + 0.3333 Li6PS5Cl -> 2.667 Li + 0.06667 MnP4O11 + 0.03333 Ni(PO3)2 + 0.3333 SCl + 0.5 NiS2 + 0.06667 CoS2 + 0.2 SO2
NMC811,comp1,4.3,0.624,-1.564554,0,0,0.662 Li1Mn0.1Co0.1Ni0.8O2 + 0.338 Li6PS5Cl -> 2.69 Li + 0.01831 NiP4O11 + 0.0662 MnP4O11 + 0.338 SCl + 0.5113 NiS2 + 0.0662 CoS2 + 0.1972 SO2
NMC811,comp1,4.3,0.702703,-1.578822,1,0,0.5789 Li1Mn0.1Co0.1Ni0.8O2 + 0.4211 Li6PS5Cl -> 3.105 Li + 0.04737 NiP4O11 + 0.05789 MnP4O11 + 0.4211 SCl + 0.4158 NiS2 + 0.05789 CoS2 + 0.7368 S
NMC811,comp1,4.3,1.0,-1.543829,0,0,Li6PS5Cl -> 6 Li + SCl + 0.5 P2S7 + 0.5 S
NMC811,comp1,4.5,0.0,-0.299378,0,0,Li1Mn0.1Co0.1Ni0.8O2 -> Li + 0.1 Co(NiO2)2 + 0.1 Mn(Ni3O4)2 + 0.4 O2
NMC811,comp1,4.5,0.044369,-0.5648,0,0,0.9859 Li1Mn0.1Co0.1Ni0.8O2 + 0.01408 Li6PS5Cl -> 1.07 Li + 0.007042 Ni(ClO4)2 + 0.09859 CoNiO3 + 0.007042 Ni3(PO4)2 + 0.09859 Mn(Ni3O4)2 + 0.07042 NiSO4 + 0.2465 O2
NMC811,comp1,4.5,0.110169,-0.96997,0,0,0.9633 Li1Mn0.1Co0.1Ni0.8O2 + 0.0367 Li6PS5Cl -> 1.183 Li + 0.01835 Ni(ClO4)2 + 0.09633 CoNiO3 + 0.01835 Ni3(PO4)2 + 0.03211 MnNiO3 + 0.06422 Mn(Ni3O4)2 + 0.1835 NiSO4
NMC811,comp1,4.5,0.117566,-1.011186,0,0,0.9606 Li1Mn0.1Co0.1Ni0.8O2 + 0.03938 Li6PS5Cl -> 1.197 Li + 0.01969 Ni(ClO4)2 + 0.01969 Ni3(PO4)2 + 0.01671 MnNiO3 + 0.07936 Mn(Ni3O4)2 + 0.004177 Co23O32 + 0.1969 NiSO4
NMC811,comp1,4.5,0.14132,-1.140651,0,0,0.9518 Li1Mn0.1Co0.1Ni0.8O2 + 0.0482 Li6PS5Cl -> 1.241 Li + 0.0241 Ni3(PO4)2 + 0.02941 MnNiO3 + 0.06577 Mn(Ni3O4)2 + 0.004138 Co23O32 + 0.0241 NiCl2 + 0.241 NiSO4
NMC811,comp1,4.5,0.142136,-1.144757,0,0,0.9515 Li1Mn0.1Co0.1Ni0.8O2 + 0.04851 Li6PS5Cl -> 1.243 Li + 0.02425 Ni3(PO4)2 + 0.02985 MnNiO3 + 0.0653 Mn(Ni3O4)2 + 0.02425 NiCl2 + 0.03172 Co3O4 + 0.2425 NiSO4
NMC811,comp1,4.5,0.144698,-1.155033,0,0,0.9505 Li1Mn0.1Co0.1Ni0.8O2 + 0.04948 Li6PS5Cl -> 1.247 Li + 0.02474 Ni3(PO4)2 + 0.06901 Mn(Ni3O4)2 + 0.01302 Mn2CoO4 + 0.02474 NiCl2 + 0.02734 Co3O4 + 0.2474 NiSO4
NMC811,comp1,4.5,0.147287,-1.165422,0,0,0.9495 Li1Mn0.1Co0.1Ni0.8O2 + 0.05046 Li6PS5Cl -> 1.252 Li + 0.08035 Mn(Ni3O4)2 + 0.007304 Mn2CoO4 + 0.02523 Co3(PO4)2 + 0.02523 NiCl2 + 0.003984 Co3O4 + 0.2523 NiSO4
NMC811,comp1,4.5,0.147727,-1.167035,0,0,0.9494 Li1Mn0.1Co0.1Ni0.8O2 + 0.05063 Li6PS5Cl -> 1.253 Li + 0.08228 Mn(Ni3O4)2 + 0.006329 Mn2CoO4 + 0.02532 Co3(PO4)2 + 0.02532 NiCl2 + 0.2405 NiSO4 + 0.01266 CoSO4
NMC811,comp1,4.5,0.149425,-1.172915,0,0,0.9487 Li1Mn0.1Co0.1Ni0.8O2 + 0.05128 Li6PS5Cl -> 1.256 Li + 0.05897 Mn(Ni3O4)2 + 0.01795 Mn2CoO4 + 0.02564 Co3(PO4)2 + 0.02564 NiCl2 + 0.1231 NiO + 0.2564 NiSO4
NMC811,comp1,4.5,0.158752,-1.204498,0,0,0.9451 Li1Mn0.1Co0.1Ni0.8O2 + 0.05488 Li6PS5Cl -> 1.274 Li + 0.0122 Mn2CoO4 + 0.02744 Co3(PO4)2 + 0.02744 NiCl2 + 0.07012 MnSO4 + 0.5244 NiO + 0.2043 NiSO4
NMC811,comp1,4.5,0.160494,-1.210286,0,0,0.9444 Li1Mn0.1Co0.1Ni0.8O2 + 0.05556 Li6PS5Cl -> 1.278 Li + 0.02778 Co3(PO4)2 + 0.02778 NiCl2 + 0.09444 MnSO4 + 0.5556 NiO + 0.1722 NiSO4 + 0.01111 CoSO4
NMC811,comp1,4.5,0.178082,-1.237253,0,0,0.9375 Li1Mn0.1Co0.1Ni0.8O2 + 0.0625 Li6PS5Cl -> 1.313 Li + 0.03125 Co3(PO4)2 + 0.01389 Ni3S2 + 0.03125 NiCl2 + 0.09375 MnSO4 + 0.4861 NiO + 0.191 NiSO4
NMC811,comp1,4.5,0.288889,-1.412952,0,0,0.8889 Li1Mn0.1Co0.1Ni0.8O2 + 0.1111 Li6PS5Cl -> 1.556 Li + 0.02593 Ni3(PO4)2 + 0.02963 Co3(PO4)2 + 0.1111 Ni3S2 + 0.05556 NiCl2 + 0.08889 MnSO4 + 0.2444 NiSO4
NMC811,comp1,4.5,0.312715,-1.448788,0,0,0.8772 Li1Mn0.1Co0.1Ni0.8O2 + 0.1228 Li6PS5Cl -> 1.614 Li + 0.0614 Ni3(PO4)2 + 0.0614 Ni3S2 + 0.0614 NiCl2 + 0.08772 MnSO4 + 0.04386 Co2NiS4 + 0.2281 NiSO4
NMC811,comp1,4.5,0.334996,-1.481566,0,0,0.8658 Li1Mn0.1Co0.1Ni0.8O2 + 0.1342 Li6PS5Cl -> 1.671 Li + 0.0671 Ni3(PO4)2 + 0.08658 Co(NiS2)2 + 0.01299 Ni3S2 + 0.0671 NiCl2 + 0.08658 MnSO4 + 0.2121 NiSO4
NMC811,comp1,4.5,0.337076,-1.484578,0,0,0.8647 Li1Mn0.1Co0.1Ni0.8O2 + 0.1353 Li6PS5Cl -> 1.676 Li + 0.06764 Ni3(PO4)2 + 0.08647 Co(NiS2)2 + 0.004184 Ni9S8 + 0.06764 NiCl2 + 0.08647 MnSO4 + 0.2106 NiSO4
NMC811,comp1,4.5,0.340824,-1.48981,0,0,0.8627 Li1Mn0.1Co0.1Ni0.8O2 + 0.1373 Li6PS5Cl -> 1.686 Li + 0.06863 Ni3(PO4)2 + 0.08627 Co(NiS2)2 + 0.06863 NiCl2 + 0.08627 MnSO4 + 0.01176 Ni3S4 + 0.2078 NiSO4
NMC811,comp1,4.5,0.361111,-1.511849,0,0,0.8519 Li1Mn0.1Co0.1Ni0.8O2 + 0.1481 Li6PS5Cl -> 1.741 Li + 0.07407 Ni2P2O7 + 0.08519 Co(NiS2)2 + 0.07407 NiCl2 + 0.08519 MnSO4 + 0.02593 Ni3S4 + 0.2111 NiSO4
NMC811,comp1,4.5,0.383966,-1.534676,0,0,0.8391 Li1Mn0.1Co0.1Ni0.8O2 + 0.1609 Li6PS5Cl -> 1.805 Li + 0.08391 Co(NiS2)2 + 0.08046 Ni(PO3)2 + 0.08046 NiCl2 + 0.08391 MnSO4 + 0.04253 Ni3S4 + 0.2149 NiSO4
NMC811,comp1,4.5,0.403341,-1.550592,0,0,0.8278 Li1Mn0.1Co0.1Ni0.8O2 + 0.1722 Li6PS5Cl -> 1.861 Li + 0.08278 Co(NiS2)2 + 0.1225 NiS2 + 0.08609 Ni(PO3)2 + 0.08609 NiCl2 + 0.08278 MnSO4 + 0.202 NiSO4
NMC811,comp1,4.5,0.438202,-1.577818,0,0,0.8065 Li1Mn0.1Co0.1Ni0.8O2 + 0.1935 Li6PS5Cl -> 1.968 Li + 0.08065 CoS2 + 0.2742 NiS2 + 0.09677 Ni(PO3)2 + 0.09677 NiCl2 + 0.08065 MnSO4 + 0.1774 NiSO4
NMC811,comp1,4.5,0.507959,-1.624903,0,0,0.7589 Li1Mn0.1Co0.1Ni0.8O2 + 0.2411 Li6PS5Cl -> 2.205 Li + 0.07589 CoS2 + 0.3661 NiS2 + 0.2455 SO2 + 0.1205 Ni(PO3)2 + 0.1205 NiCl2 + 0.07589 MnSO4
NMC811,comp1,4.5,0.534247,-1.642045,0,0,0.7391 Li1Mn0.1Co0.1Ni0.8O2 + 0.2609 Li6PS5Cl -> 2.304 Li + 0.07391 CoS2 + 0.4043 NiS2 + 0.3478 SO2 + 0.05652 Ni(PO3)2 + 0.1304 NiCl2 + 0.07391 Mn(PO3)2
NMC811,comp1,4.5,0.6,-1.678623,0,0,0.6842 Li1Mn0.1Co0.1Ni0.8O2 + 0.3158 Li6PS5Cl -> 2.579 Li + 0.3158 SCl + 0.06842 CoS2 + 0.4579 NiS2 + 0.2105 SO2 + 0.08947 Ni(PO3)2 + 0.06842 Mn(PO3)2
NMC811,comp1,4.5,0.619048,-1.686666,0,0,0.6667 Li1Mn0.1Co0.1Ni0.8O2 + 0.3333 Li6PS5Cl -> 2.667 Li + 0.06667 MnP4O11 + 0.3333 SCl + 0.06667 CoS2 + 0.5 NiS2 + 0.2 SO2 + 0.03333 Ni(PO3)2
NMC811,comp1,4.5,0.624,-1.688178,0,0,0.662 Li1Mn0.1Co0.1Ni0.8O2 + 0.338 Li6PS5Cl -> 2.69 Li + 0.01831 NiP4O11 + 0.0662 MnP4O11 + 0.338 SCl + 0.0662 CoS2 + 0.5113 NiS2 + 0.1972 SO2
NMC811,comp1,4.5,0.702703,-1.711406,0,0,0.5789 Li1Mn0.1Co0.1Ni0.8O2 + 0.4211 Li6PS5Cl -> 3.105 Li + 0.04737 NiP4O11 + 0.05789 MnP4O11 + 0.4211 SCl + 0.05789 CoS2 + 0.4158 NiS2 + 0.7368 S
NMC811,comp1,4.5,1.0,-1.715257,1,0,Li6PS5Cl -> 6 Li + SCl + 0.5 P2S7 + 0.5 S
NMC811,modelc,2.5,0.0,-0.025971,0,0,Li1Mn0.1Co0.1Ni0.8O2 + 0.7 Li -> 0.1 Li2MnO3 + 0.8 NiO + 0.1 LiCoO2 + 0.7 Li2O
NMC811,modelc,2.5,0.091292,-0.389341,0,0,0.9686 Li1Mn0.1Co0.1Ni0.8O2 + 0.03139 Li5.4P1S4.4Cl1.6 -> 0.4269 Li + 0.09686 Li2MnO3 + 0.7749 NiO + 0.03139 Li3PO4 + 0.09686 LiCoO2 + 0.1381 Li2SO4 + 0.05022 LiCl
NMC811,modelc,2.5,0.10299,-0.413982,0,0,0.9643 Li1Mn0.1Co0.1Ni0.8O2 + 0.03571 Li5.4P1S4.4Cl1.6 -> 0.4857 Li + 0.09643 Li2MnO3 + 0.7714 NiO + 0.09643 CoO + 0.03571 Li3PO4 + 0.1571 Li2SO4 + 0.05714 LiCl
NMC811,modelc,2.5,0.114391,-0.43807,0,0,0.96 Li1Mn0.1Co0.1Ni0.8O2 + 0.04 Li5.4P1S4.4Cl1.6 -> 0.544 Li + 0.096 LiMnO2 + 0.768 NiO + 0.096 CoO + 0.04 Li3PO4 + 0.176 Li2SO4 + 0.064 LiCl
NMC811,modelc,2.5,0.119984,-0.449716,0,0,0.9579 Li1Mn0.1Co0.1Ni0.8O2 + 0.04213 Li5.4P1S4.4Cl1.6 -> 0.6208 Li + 0.04789 Mn2CoO4 + 0.7663 NiO + 0.04789 CoO + 0.04213 Li3PO4 + 0.1854 Li2SO4 + 0.06741 LiCl
NMC811,modelc,2.5,0.121832,-0.452024,0,0,0.9572 Li1Mn0.1Co0.1Ni0.8O2 + 0.04284 Li5.4P1S4.4Cl1.6 -> 0.6145 Li + 0.7657 NiO + 0.03191 Mn3O4 + 0.09572 CoO + 0.04284 Li3PO4 + 0.1885 Li2SO4 + 0.06854 LiCl
NMC811,modelc,2.5,0.202265,-0.515981,0,0,0.9244 Li1Mn0.1Co0.1Ni0.8O2 + 0.07561 Li5.4P1S4.4Cl1.6 -> 0.3195 Li + 0.03081 Mn3O4 + 0.09244 CoO + 0.07561 Li3PO4 + 0.3327 Li2SO4 + 0.7395 Ni + 0.121 LiCl
NMC811,modelc,2.5,0.35886,-0.64781,0,0,0.8471 Li1Mn0.1Co0.1Ni0.8O2 + 0.1529 Li5.4P1S4.4Cl1.6 -> 0.5271 Li + 0.2259 Ni3S2 + 0.02824 Mn3O4 + 0.08471 CoO + 0.1529 Li3PO4 + 0.2212 Li2SO4 + 0.2447 LiCl
NMC811,modelc,2.5,0.384654,-0.669499,0,0,0.8322 Li1Mn0.1Co0.1Ni0.8O2 + 0.1678 Li5.4P1S4.4Cl1.6 -> 0.5253 Li + 0.2219 Ni3S2 + 0.02774 Mn3O4 + 0.009247 Co9S8 + 0.1678 Li3PO4 + 0.2205 Li2SO4 + 0.2685 LiCl
NMC811,modelc,2.5,0.38646,-0.670808,0,0,0.8311 Li1Mn0.1Co0.1Ni0.8O2 + 0.1689 Li5.4P1S4.4Cl1.6 -> 0.5144 Li + 0.2216 Ni3S2 + 0.009235 Co9S8 + 0.1689 Li3PO4 + 0.08311 MnO + 0.2259 Li2SO4 + 0.2702 LiCl
NMC811,modelc,2.5,0.40282,-0.678733,0,0,0.8213 Li1Mn0.1Co0.1Ni0.8O2 + 0.1787 Li5.4P1S4.4Cl1.6 -> 0.5414 Li + 0.2053 Ni3S2 + 0.04106 Co2NiS4 + 0.1787 Li3PO4 + 0.08213 MnO + 0.2114 Li2SO4 + 0.2859 LiCl
NMC811,modelc,2.5,0.407895,-0.680887,0,0,0.8182 Li1Mn0.1Co0.1Ni0.8O2 + 0.1818 Li5.4P1S4.4Cl1.6 -> 0.6727 Li + 0.2045 Ni3S2 + 0.08182 LiMnPO4 + 0.04091 Co2NiS4 + 0.1 Li3PO4 + 0.2273 Li2SO4 + 0.2909 LiCl
NMC811,modelc,2.5,0.427359,-0.688332,0,0,0.806 Li1Mn0.1Co0.1Ni0.8O2 + 0.194 Li5.4P1S4.4Cl1.6 -> 0.7045 Li + 0.1612 Ni3S2 + 0.0806 LiMnPO4 + 0.0806 Co(NiS2)2 + 0.1134 Li3PO4 + 0.209 Li2SO4 + 0.3104 LiCl
NMC811,modelc,2.5,0.451405,-0.696823,0,0,0.7902 Li1Mn0.1Co0.1Ni0.8O2 + 0.2098 Li5.4P1S4.4Cl1.6 -> 0.7454 Li + 0.05268 Ni9S8 + 0.07902 LiMnPO4 + 0.07902 Co(NiS2)2 + 0.1307 Li3PO4 + 0.1854 Li2SO4 + 0.3356 LiCl
NMC811,modelc,2.5,0.493908,-0.70971,0,0,0.7606 Li1Mn0.1Co0.1Ni0.8O2 + 0.2394 Li5.4P1S4.4Cl1.6 -> 0.8225 Li + 0.07606 LiMnPO4 + 0.07606 Co(NiS2)2 + 0.1634 Li3PO4 + 0.1521 Ni3S4 + 0.1408 Li2SO4 + 0.3831 LiCl
NMC811,modelc,2.5,0.521701,-0.709835,1,0,0.7397 Li1Mn0.1Co0.1Ni0.8O2 + 0.2603 Li5.4P1S4.4Cl1.6 -> 0.7288 Li + 0.07397 Co(NiS2)2 + 0.2603 Li3PO4 + 0.1479 Ni3S4 + 0.1096 Li2SO4 + 0.07397 MnS2 + 0.4164 LiCl
NMC811,modelc,2.5,0.569034,-0.691851,0,0,0.7013 Li1Mn0.1Co0.1Ni0.8O2 + 0.2987 Li5.4P1S4.4Cl1.6 -> 0.8364 Li + 0.07013 Co(NiS2)2 + 0.4208 NiS2 + 0.2987 Li3PO4 + 0.05195 Li2SO4 + 0.07013 MnS2 + 0.4779 LiCl
NMC811,modelc,2.5,0.589354,-0.682548,0,0,0.6835 Li1Mn0.1Co0.1Ni0.8O2 + 0.3165 Li5.4P1S4.4Cl1.6 -> 0.8861 Li + 0.5468 NiS2 + 0.3165 Li3PO4 + 0.06835 CoS2 + 0.02532 Li2SO4 + 0.06835 MnS2 + 0.5063 LiCl
NMC811,modelc,2.5,0.607843,-0.66869,0,0,0.6667 Li1Mn0.1Co0.1Ni0.8O2 + 0.3333 Li5.4P1S4.4Cl1.6 -> 0.9 Li + 0.5333 NiS2 + 0.3333 Li3PO4 + 0.06667 CoS2 + 0.06667 MnS2 + 0.5333 LiCl + 0.03333 LiS4
NMC811,modelc,2.5,1.0,-0.095208,0,0,Li5.4P1S4.4Cl1.6 -> 3.575 Li + 0.5 P2S7 + 1.6 LiCl + 0.225 LiS4
NMC811,modelc,3.0,0.0,-0.0,0,0,Li1Mn0.1Co0.1Ni0.8O2 -> 0.6 LiNiO2 + 0.1 Li2CoO3 + 0.1 Li2MnO3 + 0.2 NiO
NMC811,modelc,3.0,0.079284,-0.39956,0,0,0.973 Li1Mn0.1Co0.1Ni0.8O2 + 0.02703 Li5.4P1S4.4Cl1.6 -> 0.3676 Li + 0.0973 Li2CoO3 + 0.0973 Li2MnO3 + 0.02703 Li3PO4 + 0.7784 NiO + 0.1189 Li2SO4 + 0.04324 LiCl
NMC811,modelc,3.0,0.091292,-0.457633,0,0,0.9686 Li1Mn0.1Co0.1Ni0.8O2 + 0.03139 Li5.4P1S4.4Cl1.6 -> 0.4269 Li + 0.09686 LiCoO2 + 0.09686 Li2MnO3 + 0.03139 Li3PO4 + 0.7749 NiO + 0.1381 Li2SO4 + 0.05022 LiCl
NMC811,modelc,3.0,0.093656,-0.4671,0,0,0.9677 Li1Mn0.1Co0.1Ni0.8O2 + 0.03226 Li5.4P1S4.4Cl1.6 -> 0.4774 Li + 0.01935 Li4MnCo5O12 + 0.07742 Li2MnO3 + 0.03226 Li3PO4 + 0.7742 NiO + 0.1419 Li2SO4 + 0.05161 LiCl
NMC811,modelc,3.0,0.0999,-0.489203,0,0,0.9654 Li1Mn0.1Co0.1Ni0.8O2 + 0.03456 Li5.4P1S4.4Cl1.6 -> 0.5602 Li + 0.02574 Li2Mn3NiO8 + 0.01931 Li4MnCo5O12 + 0.03456 Li3PO4 + 0.7466 NiO + 0.1521 Li2SO4 + 0.0553 LiCl
NMC811,modelc,3.0,0.113139,-0.528523,0,0,0.9605 Li1Mn0.1Co0.1Ni0.8O2 + 0.03953 Li5.4P1S4.4Cl1.6 -> 0.6016 Li + 0.01067 Li4MnCo5O12 + 0.04269 Mn2CoO4 + 0.03953 Li3PO4 + 0.7684 NiO + 0.1739 Li2SO4 + 0.06324 LiCl
NMC811,modelc,3.0,0.119984,-0.547687,0,0,0.9579 Li1Mn0.1Co0.1Ni0.8O2 + 0.04213 Li5.4P1S4.4Cl1.6 -> 0.6208 Li + 0.04789 Mn2CoO4 + 0.04213 Li3PO4 + 0.7663 NiO + 0.04789 CoO + 0.1854 Li2SO4 + 0.06741 LiCl
NMC811,modelc,3.0,0.12508,-0.5583,0,0,0.9559 Li1Mn0.1Co0.1Ni0.8O2 + 0.04408 Li5.4P1S4.4Cl1.6 -> 0.6914 Li + 0.04408 LiCoPO4 + 0.0478 Mn2CoO4 + 0.7647 NiO + 0.003712 CoO + 0.194 Li2SO4 + 0.07053 LiCl
NMC811,modelc,3.0,0.129479,-0.565954,0,0,0.9542 Li1Mn0.1Co0.1Ni0.8O2 + 0.04578 Li5.4P1S4.4Cl1.6 -> 0.7528 Li + 0.04578 LiCoPO4 + 0.04771 Mn2CoO4 + 0.03663 NiCl2 + 0.7267 NiO + 0.001928 CoO + 0.2014 Li2SO4
NMC811,modelc,3.0,0.137009,-0.577082,0,0,0.9513 Li1Mn0.1Co0.1Ni0.8O2 + 0.04872 Li5.4P1S4.4Cl1.6 -> 0.7856 Li + 0.02436 Mn3(PO4)2 + 0.01103 Mn2CoO4 + 0.03897 NiCl2 + 0.7221 NiO + 0.0841 CoO + 0.2144 Li2SO4
NMC811,modelc,3.0,0.140851,-0.582596,0,0,0.9498 Li1Mn0.1Co0.1Ni0.8O2 + 0.05023 Li5.4P1S4.4Cl1.6 -> 0.8183 Li + 0.02511 Mn3(PO4)2 + 0.01963 Li2Mn(SO4)2 + 0.04018 NiCl2 + 0.7196 NiO + 0.09498 CoO + 0.1817 Li2SO4
NMC811,modelc,3.0,0.146919,-0.590927,0,0,0.9474 Li1Mn0.1Co0.1Ni0.8O2 + 0.05263 Li5.4P1S4.4Cl1.6 -> 0.9053 Li + 0.05263 LiCoPO4 + 0.09474 Li2Mn(SO4)2 + 0.04211 NiCl2 + 0.7158 NiO + 0.04211 CoO + 0.04211 Li2SO4
NMC811,modelc,3.0,0.150154,-0.594126,0,0,0.9461 Li1Mn0.1Co0.1Ni0.8O2 + 0.05392 Li5.4P1S4.4Cl1.6 -> 0.952 Li + 0.02696 Co3(PO4)2 + 0.09461 Li2Mn(SO4)2 + 0.04314 NiCl2 + 0.7137 NiO + 0.01373 CoO + 0.04804 Li2SO4
NMC811,modelc,3.0,0.155779,-0.598555,0,0,0.9438 Li1Mn0.1Co0.1Ni0.8O2 + 0.05618 Li5.4P1S4.4Cl1.6 -> 0.9596 Li + 0.02809 Co3(PO4)2 + 0.09438 Li2Mn(SO4)2 + 0.04494 NiCl2 + 0.001124 Co9S8 + 0.7101 NiO + 0.04944 Li2SO4
NMC811,modelc,3.0,0.171271,-0.610701,0,0,0.9375 Li1Mn0.1Co0.1Ni0.8O2 + 0.0625 Li5.4P1S4.4Cl1.6 -> 0.9761 Li + 0.03125 Co3(PO4)2 + 0.09375 Li2Mn(SO4)2 + 0.01591 Ni3S2 + 0.05 NiCl2 + 0.6523 NiO + 0.05568 Li2SO4
NMC811,modelc,3.0,0.236641,-0.66206,0,0,0.9091 Li1Mn0.1Co0.1Ni0.8O2 + 0.09091 Li5.4P1S4.4Cl1.6 -> 0.9818 Li + 0.09091 LiCoPO4 + 0.09091 Li2Mn(SO4)2 + 0.07273 Ni3S2 + 0.07273 NiCl2 + 0.4364 NiO + 0.07273 Li2SO4
NMC811,modelc,3.0,0.336311,-0.743769,0,0,0.8595 Li1Mn0.1Co0.1Ni0.8O2 + 0.1405 Li5.4P1S4.4Cl1.6 -> 1.126 Li + 0.02727 Ni3(PO4)2 + 0.08595 LiCoPO4 + 0.08595 Li2Mn(SO4)2 + 0.1645 Ni3S2 + 0.1124 NiCl2 + 0.1174 Li2SO4
NMC811,modelc,3.0,0.349186,-0.75237,0,0,0.8525 Li1Mn0.1Co0.1Ni0.8O2 + 0.1475 Li5.4P1S4.4Cl1.6 -> 1.007 Li + 0.002732 Ni3(PO4)2 + 0.08525 LiCoPO4 + 0.02842 Mn3(PO4)2 + 0.1852 Ni3S2 + 0.118 NiCl2 + 0.2787 Li2SO4
NMC811,modelc,3.0,0.349611,-0.752608,0,0,0.8522 Li1Mn0.1Co0.1Ni0.8O2 + 0.1478 Li5.4P1S4.4Cl1.6 -> 1.003 Li + 0.005739 LiNiPO4 + 0.08522 LiCoPO4 + 0.02841 Mn3(PO4)2 + 0.1859 Ni3S2 + 0.1182 NiCl2 + 0.2783 Li2SO4
NMC811,modelc,3.0,0.38706,-0.773646,0,0,0.8308 Li1Mn0.1Co0.1Ni0.8O2 + 0.1692 Li5.4P1S4.4Cl1.6 -> 1.138 Li + 0.1138 LiNiPO4 + 0.08308 Co(NiS2)2 + 0.02769 Mn3(PO4)2 + 0.08308 Ni3S2 + 0.1354 NiCl2 + 0.2462 Li2SO4
NMC811,modelc,3.0,0.397955,-0.779639,0,0,0.8242 Li1Mn0.1Co0.1Ni0.8O2 + 0.1758 Li5.4P1S4.4Cl1.6 -> 1.18 Li + 0.0259 Ni9S8 + 0.1208 LiNiPO4 + 0.08242 Co(NiS2)2 + 0.02747 Mn3(PO4)2 + 0.1406 NiCl2 + 0.2364 Li2SO4
NMC811,modelc,3.0,0.402674,-0.782159,0,0,0.8214 Li1Mn0.1Co0.1Ni0.8O2 + 0.1786 Li5.4P1S4.4Cl1.6 -> 1.143 Li + 0.02816 Ni9S8 + 0.09648 LiNiPO4 + 0.08214 Co(NiS2)2 + 0.08214 LiMnPO4 + 0.1429 NiCl2 + 0.2321 Li2SO4
NMC811,modelc,3.0,0.421508,-0.791393,0,0,0.8097 Li1Mn0.1Co0.1Ni0.8O2 + 0.1903 Li5.4P1S4.4Cl1.6 -> 1.218 Li + 0.1093 LiNiPO4 + 0.08097 Co(NiS2)2 + 0.08097 LiMnPO4 + 0.1522 NiCl2 + 0.07474 Ni3S4 + 0.2145 Li2SO4
NMC811,modelc,3.0,0.44902,-0.800329,0,0,0.7918 Li1Mn0.1Co0.1Ni0.8O2 + 0.2082 Li5.4P1S4.4Cl1.6 -> 1.074 Li + 0.07918 Co(NiS2)2 + 0.07918 LiMnPO4 + 0.1665 NiCl2 + 0.129 Li3PO4 + 0.1029 Ni3S4 + 0.1878 Li2SO4
NMC811,modelc,3.0,0.493908,-0.813624,0,0,0.7606 Li1Mn0.1Co0.1Ni0.8O2 + 0.2394 Li5.4P1S4.4Cl1.6 -> 0.8225 Li + 0.07606 Co(NiS2)2 + 0.07606 LiMnPO4 + 0.1634 Li3PO4 + 0.1521 Ni3S4 + 0.1408 Li2SO4 + 0.3831 LiCl
NMC811,modelc,3.0,0.497918,-0.814329,1,0,0.7576 Li1Mn0.1Co0.1Ni0.8O2 + 0.2424 Li5.4P1S4.4Cl1.6 -> 0.9551 Li + 0.07576 Co(NiS2)2 + 0.0833 Li4P2O7 + 0.07576 LiMnPO4 + 0.1515 Ni3S4 + 0.1573 Li2SO4 + 0.3878 LiCl
NMC811,modelc,3.0,0.499763,-0.814291,0,0,0.7563 Li1Mn0.1Co0.1Ni0.8O2 + 0.2437 Li5.4P1S4.4Cl1.6 -> 1.016 Li + 0.07563 Co(NiS2)2 + 0.07563 Li2MnP2O7 + 0.04624 Li4P2O7 + 0.1513 Ni3S4 + 0.1649 Li2SO4 + 0.39 LiCl
NMC811,modelc,3.0,0.552397,-0.804482,0,0,0.7153 Li1Mn0.1Co0.1Ni0.8O2 + 0.2847 Li5.4P1S4.4Cl1.6 -> 1.154 Li + 0.4292 NiS2 + 0.07153 Co(NiS2)2 + 0.07153 Li2MnP2O7 + 0.07085 Li4P2O7 + 0.1085 Li2SO4 + 0.4556 LiCl
NMC811,modelc,3.0,0.574768,-0.798746,0,0,0.6964 Li1Mn0.1Co0.1Ni0.8O2 + 0.3036 Li5.4P1S4.4Cl1.6 -> 1.217 Li + 0.5571 NiS2 + 0.06964 CoS2 + 0.06964 Li2MnP2O7 + 0.08218 Li4P2O7 + 0.08251 Li2SO4 + 0.4858 LiCl
NMC811,modelc,3.0,0.59501,-0.787996,0,0,0.6785 Li1Mn0.1Co0.1Ni0.8O2 + 0.3215 Li5.4P1S4.4Cl1.6 -> 1.141 Li + 0.5428 NiS2 + 0.06785 CoS2 + 0.1608 Li4P2O7 + 0.06785 MnS2 + 0.05788 Li2SO4 + 0.5145 LiCl
NMC811,modelc,3.0,0.639175,-0.755021,0,0,0.6364 Li1Mn0.1Co0.1Ni0.8O2 + 0.3636 Li5.4P1S4.4Cl1.6 -> 1.209 Li + 0.5091 NiS2 + 0.06364 CoS2 + 0.1818 Li4P2O7 + 0.06364 MnS2 + 0.5818 LiCl + 0.08182 LiS4
NMC811,modelc,3.0,0.673913,-0.724233,0,0,0.6 Li1Mn0.1Co0.1Ni0.8O2 + 0.4 Li5.4P1S4.4Cl1.6 -> 1.58 Li + 0.48 NiS2 + 0.06 CoS2 + 0.06 MnS2 + 0.4 LiPO3 + 0.64 LiCl + 0.14 LiS4
NMC811,modelc,3.0,1.0,-0.350565,0,0,Li5.4P1S4.4Cl1.6 -> 3.575 Li + 0.5 P2S7 + 1.6 LiCl + 0.225 LiS4
NMC811,modelc,3.5,0.0,-0.003246,0,0,Li1Mn0.1Co0.1Ni0.8O2 -> 0.4 Li + 0.36 Li(NiO2)2 + 0.02 Li4MnCo5O12 + 0.08 Li2MnO3 + 0.08 NiO
NMC811,modelc,3.5,0.073829,-0.446186,0,0,0.9749 Li1Mn0.1Co0.1Ni0.8O2 + 0.02507 Li5.4P1S4.4Cl1.6 -> 0.5404 Li + 0.0195 Li4MnCo5O12 + 0.04011 LiClO4 + 0.07799 Li2MnO3 + 0.02507 Li3PO4 + 0.7799 NiO + 0.1103 Li2SO4
NMC811,modelc,3.5,0.078867,-0.475117,0,0,0.9731 Li1Mn0.1Co0.1Ni0.8O2 + 0.02688 Li5.4P1S4.4Cl1.6 -> 0.6284 Li + 0.02595 Li2Mn3NiO8 + 0.01946 Li4MnCo5O12 + 0.043 LiClO4 + 0.02688 Li3PO4 + 0.7525 NiO + 0.1183 Li2SO4
NMC811,modelc,3.5,0.0999,-0.578455,0,0,0.9654 Li1Mn0.1Co0.1Ni0.8O2 + 0.03456 Li5.4P1S4.4Cl1.6 -> 0.5602 Li + 0.02574 Li2Mn3NiO8 + 0.01931 Li4MnCo5O12 + 0.03456 Li3PO4 + 0.7466 NiO + 0.1521 Li2SO4 + 0.0553 LiCl
NMC811,modelc,3.5,0.10299,-0.593598,0,0,0.9643 Li1Mn0.1Co0.1Ni0.8O2 + 0.03571 Li5.4P1S4.4Cl1.6 -> 0.6014 Li + 0.07714 Mn(Ni3O4)2 + 0.01929 Li4MnCo5O12 + 0.03571 Li3PO4 + 0.3086 NiO + 0.1571 Li2SO4 + 0.05714 LiCl
NMC811,modelc,3.5,0.106529,-0.607072,0,0,0.963 Li1Mn0.1Co0.1Ni0.8O2 + 0.03704 Li5.4P1S4.4Cl1.6 -> 0.6489 Li + 0.07704 Mn(Ni3O4)2 + 0.01926 Li4MnCo5O12 + 0.02963 NiCl2 + 0.03704 Li3PO4 + 0.2785 NiO + 0.163 Li2SO4
NMC811,modelc,3.5,0.111311,-0.624911,0,0,0.9612 Li1Mn0.1Co0.1Ni0.8O2 + 0.03883 Li5.4P1S4.4Cl1.6 -> 0.7134 Li + 0.03883 LiNiPO4 + 0.07689 Mn(Ni3O4)2 + 0.01922 Li4MnCo5O12 + 0.03107 NiCl2 + 0.2377 NiO + 0.1709 Li2SO4
NMC811,modelc,3.5,0.116541,-0.644207,0,0,0.9592 Li1Mn0.1Co0.1Ni0.8O2 + 0.04082 Li5.4P1S4.4Cl1.6 -> 0.7355 Li + 0.0849 Mn(Ni3O4)2 + 0.01102 Li4MnCo5O12 + 0.03265 NiCl2 + 0.04082 LiCoPO4 + 0.2253 NiO + 0.1796 Li2SO4
NMC811,modelc,3.5,0.121276,-0.661584,0,0,0.9574 Li1Mn0.1Co0.1Ni0.8O2 + 0.04262 Li5.4P1S4.4Cl1.6 -> 0.7698 Li + 0.09574 Mn(Ni3O4)2 + 0.0341 NiCl2 + 0.04262 LiCoPO4 + 0.1574 NiO + 0.0177 Co3O4 + 0.1875 Li2SO4
NMC811,modelc,3.5,0.125039,-0.672737,0,0,0.9559 Li1Mn0.1Co0.1Ni0.8O2 + 0.04407 Li5.4P1S4.4Cl1.6 -> 0.8061 Li + 0.09559 Mn(Ni3O4)2 + 0.02203 Co3(PO4)2 + 0.03525 NiCl2 + 0.1559 NiO + 0.009831 Co3O4 + 0.1939 Li2SO4
NMC811,modelc,3.5,0.129707,-0.685675,0,0,0.9541 Li1Mn0.1Co0.1Ni0.8O2 + 0.04587 Li5.4P1S4.4Cl1.6 -> 0.8514 Li + 0.02661 Li2Co(SO4)2 + 0.09541 Mn(Ni3O4)2 + 0.02294 Co3(PO4)2 + 0.0367 NiCl2 + 0.1541 NiO + 0.1486 Li2SO4
NMC811,modelc,3.5,0.151713,-0.746643,0,0,0.9455 Li1Mn0.1Co0.1Ni0.8O2 + 0.05455 Li5.4P1S4.4Cl1.6 -> 0.9745 Li + 0.01273 Li2Co(SO4)2 + 0.09455 Li2Mn(SO4)2 + 0.02727 Co3(PO4)2 + 0.04364 NiCl2 + 0.7127 NiO + 0.02545 Li2SO4
NMC811,modelc,3.5,0.156171,-0.75876,0,0,0.9437 Li1Mn0.1Co0.1Ni0.8O2 + 0.05634 Li5.4P1S4.4Cl1.6 -> 1.039 Li + 0.009859 Li2Co(SO4)2 + 0.09437 Li2Mn(SO4)2 + 0.02817 Co3(PO4)2 + 0.04507 NiCl2 + 0.03944 NiSO4 + 0.6704 NiO
NMC811,modelc,3.5,0.157716,-0.762921,0,0,0.943 Li1Mn0.1Co0.1Ni0.8O2 + 0.05696 Li5.4P1S4.4Cl1.6 -> 1.062 Li + 0.0943 Li2Mn(SO4)2 + 0.02848 Co3(PO4)2 + 0.008861 CoSO4 + 0.04557 NiCl2 + 0.05316 NiSO4 + 0.6557 NiO
NMC811,modelc,3.5,0.171271,-0.797968,0,0,0.9375 Li1Mn0.1Co0.1Ni0.8O2 + 0.0625 Li5.4P1S4.4Cl1.6 -> 1.263 Li + 0.00625 Li2Mn(SO4)2 + 0.03125 Co3(PO4)2 + 0.05 NiCl2 + 0.175 NiSO4 + 0.525 NiO + 0.0875 MnSO4
NMC811,modelc,3.5,0.172222,-0.800429,0,0,0.9371 Li1Mn0.1Co0.1Ni0.8O2 + 0.06289 Li5.4P1S4.4Cl1.6 -> 1.277 Li + 0.0002096 Ni3(PO4)2 + 0.03124 Co3(PO4)2 + 0.05031 NiCl2 + 0.183 NiSO4 + 0.5157 NiO + 0.09371 MnSO4
NMC811,modelc,3.5,0.291902,-0.917177,0,0,0.8826 Li1Mn0.1Co0.1Ni0.8O2 + 0.1174 Li5.4P1S4.4Cl1.6 -> 1.516 Li + 0.09624 Ni3S2 + 0.02926 Ni3(PO4)2 + 0.02942 Co3(PO4)2 + 0.0939 NiCl2 + 0.2357 NiSO4 + 0.08826 MnSO4
NMC811,modelc,3.5,0.315866,-0.937992,0,0,0.8704 Li1Mn0.1Co0.1Ni0.8O2 + 0.1296 Li5.4P1S4.4Cl1.6 -> 1.57 Li + 0.04537 Ni3S2 + 0.06481 Ni3(PO4)2 + 0.04352 Co2NiS4 + 0.1037 NiCl2 + 0.2185 NiSO4 + 0.08704 MnSO4
NMC811,modelc,3.5,0.336434,-0.954975,0,0,0.8594 Li1Mn0.1Co0.1Ni0.8O2 + 0.1406 Li5.4P1S4.4Cl1.6 -> 1.618 Li + 0.07028 Ni3(PO4)2 + 0.003614 Co2NiS4 + 0.07871 Co(NiS2)2 + 0.1124 NiCl2 + 0.2032 NiSO4 + 0.08594 MnSO4
NMC811,modelc,3.5,0.342163,-0.95754,0,0,0.8563 Li1Mn0.1Co0.1Ni0.8O2 + 0.1437 Li5.4P1S4.4Cl1.6 -> 1.632 Li + 0.05115 Ni3(PO4)2 + 0.02069 Ni2P2O7 + 0.08563 Co(NiS2)2 + 0.1149 NiCl2 + 0.204 NiSO4 + 0.08563 MnSO4
NMC811,modelc,3.5,0.357202,-0.963981,0,0,0.848 Li1Mn0.1Co0.1Ni0.8O2 + 0.152 Li5.4P1S4.4Cl1.6 -> 1.669 Li + 0.076 Ni2P2O7 + 0.0848 Co(NiS2)2 + 0.1216 NiCl2 + 0.2062 NiSO4 + 0.009663 Ni3S4 + 0.0848 MnSO4
NMC811,modelc,3.5,0.380702,-0.971758,0,0,0.8345 Li1Mn0.1Co0.1Ni0.8O2 + 0.1655 Li5.4P1S4.4Cl1.6 -> 1.728 Li + 0.08274 Ni(PO3)2 + 0.08345 Co(NiS2)2 + 0.1324 NiCl2 + 0.2097 NiSO4 + 0.0253 Ni3S4 + 0.08345 MnSO4
NMC811,modelc,3.5,0.406523,-0.976553,0,0,0.819 Li1Mn0.1Co0.1Ni0.8O2 + 0.181 Li5.4P1S4.4Cl1.6 -> 1.632 Li + 0.09049 Ni(PO3)2 + 0.0819 Li2Mn(SO4)2 + 0.0819 Co(NiS2)2 + 0.1448 NiCl2 + 0.11 NiSO4 + 0.04872 Ni3S4
NMC811,modelc,3.5,0.426606,-0.97949,0,0,0.8065 Li1Mn0.1Co0.1Ni0.8O2 + 0.1935 Li5.4P1S4.4Cl1.6 -> 1.69 Li + 0.09677 Ni(PO3)2 + 0.08065 Li2Mn(SO4)2 + 0.1355 NiS2 + 0.08065 Co(NiS2)2 + 0.1548 NiCl2 + 0.09677 NiSO4
NMC811,modelc,3.5,0.456522,-0.983356,0,0,0.7868 Li1Mn0.1Co0.1Ni0.8O2 + 0.2132 Li5.4P1S4.4Cl1.6 -> 1.628 Li + 0.1066 Ni(PO3)2 + 0.07868 Li2Mn(SO4)2 + 0.1949 NiS2 + 0.07868 Co(NiS2)2 + 0.1706 NiCl2 + 0.07614 Li2SO4
NMC811,modelc,3.5,0.479167,-0.985133,0,0,0.7711 Li1Mn0.1Co0.1Ni0.8O2 + 0.2289 Li5.4P1S4.4Cl1.6 -> 1.733 Li + 0.1144 Ni(PO3)2 + 0.07711 Li2Mn(SO4)2 + 0.3194 NiS2 + 0.07711 CoS2 + 0.1831 NiCl2 + 0.0597 Li2SO4
NMC811,modelc,3.5,0.5,-0.985286,1,0,0.7561 Li1Mn0.1Co0.1Ni0.8O2 + 0.2439 Li5.4P1S4.4Cl1.6 -> 1.683 Li + 0.04634 Ni(PO3)2 + 0.3634 NiS2 + 0.07561 CoS2 + 0.1951 NiCl2 + 0.1951 Li2SO4 + 0.07561 Mn(PO3)2
NMC811,modelc,3.5,0.504234,-0.984884,0,0,0.753 Li1Mn0.1Co0.1Ni0.8O2 + 0.247 Li5.4P1S4.4Cl1.6 -> 1.672 Li + 0.03215 LiNi(PO3)3 + 0.3726 NiS2 + 0.0753 CoS2 + 0.1976 NiCl2 + 0.1912 Li2SO4 + 0.0753 Mn(PO3)2
NMC811,modelc,3.5,0.510989,-0.983703,0,0,0.7479 Li1Mn0.1Co0.1Ni0.8O2 + 0.2521 Li5.4P1S4.4Cl1.6 -> 1.655 Li + 0.009244 LiNi(PO3)3 + 0.07479 LiMn(PO3)3 + 0.3874 NiS2 + 0.07479 CoS2 + 0.2017 NiCl2 + 0.1849 Li2SO4
NMC811,modelc,3.5,0.513689,-0.983219,0,0,0.7459 Li1Mn0.1Co0.1Ni0.8O2 + 0.2541 Li5.4P1S4.4Cl1.6 -> 1.649 Li + 0.07459 LiMn(PO3)3 + 0.3934 NiS2 + 0.07459 CoS2 + 0.2033 NiCl2 + 0.1823 Li2SO4 + 0.03039 LiPO3
NMC811,modelc,3.5,0.667603,-0.944976,0,0,0.6068 Li1Mn0.1Co0.1Ni0.8O2 + 0.3932 Li5.4P1S4.4Cl1.6 -> 2.441 Li + 0.06068 LiMn(PO3)3 + 0.4855 NiS2 + 0.6291 SCl + 0.06068 CoS2 + 0.008547 Li2SO4 + 0.2111 LiPO3
NMC811,modelc,3.5,0.673913,-0.94211,0,0,0.6 Li1Mn0.1Co0.1Ni0.8O2 + 0.4 Li5.4P1S4.4Cl1.6 -> 2.48 Li + 0.06 LiMn(PO3)3 + 0.48 NiS2 + 0.64 SCl + 0.06 CoS2 + 0.22 LiPO3 + 0.04 S
NMC811,modelc,3.5,0.684543,-0.934679,0,0,0.5882 Li1Mn0.1Co0.1Ni0.8O2 + 0.4118 Li5.4P1S4.4Cl1.6 -> 2.635 Li + 0.05882 MnP4O11 + 0.4706 NiS2 + 0.6588 SCl + 0.05882 CoS2 + 0.1765 LiPO3 + 0.09412 S
NMC811,modelc,3.5,0.742173,-0.888371,0,0,0.5185 Li1Mn0.1Co0.1Ni0.8O2 + 0.4815 Li5.4P1S4.4Cl1.6 -> 2.963 Li + 0.05926 P2S7 + 0.05185 MnP4O11 + 0.4148 NiS2 + 0.7704 SCl + 0.05185 CoS2 + 0.1556 LiPO3
NMC811,modelc,3.5,1.0,-0.653492,0,0,Li5.4P1S4.4Cl1.6 -> 5.4 Li + 0.4588 P2S7 + 0.08235 PCl5 + 1.188 SCl
NMC811,modelc,4.0,0.0,-0.133729,0,0,Li1Mn0.1Co0.1Ni0.8O2 -> 0.95 Li + 0.1 Mn(Ni3O4)2 + 0.05 Li(CoO2)2 + 0.06667 Ni3O4 + 0.3667 O2
NMC811,modelc,4.0,0.078553,-0.581175,0,0,0.9732 Li1Mn0.1Co0.1Ni0.8O2 + 0.02676 Li5.4P1S4.4Cl1.6 -> 0.764 Li + 0.02676 LiNiPO4 + 0.09732 Mn(Ni3O4)2 + 0.04282 LiClO4 + 0.04866 Li(CoO2)2 + 0.05596 Ni3O4 + 0.1178 Li2SO4
NMC811,modelc,4.0,0.084125,-0.613253,0,0,0.9712 Li1Mn0.1Co0.1Ni0.8O2 + 0.02878 Li5.4P1S4.4Cl1.6 -> 0.75 Li + 0.02878 LiNiPO4 + 0.09712 Mn(Ni3O4)2 + 0.04604 LiClO4 + 0.1655 NiO + 0.04856 Li(CoO2)2 + 0.1266 Li2SO4
NMC811,modelc,4.0,0.085576,-0.621243,0,0,0.9707 Li1Mn0.1Co0.1Ni0.8O2 + 0.0293 Li5.4P1S4.4Cl1.6 -> 0.7756 Li + 0.01465 Ni3(PO4)2 + 0.09707 Mn(Ni3O4)2 + 0.04689 LiClO4 + 0.1502 NiO + 0.04853 Li(CoO2)2 + 0.1289 Li2SO4
NMC811,modelc,4.0,0.099678,-0.688053,0,0,0.9655 Li1Mn0.1Co0.1Ni0.8O2 + 0.03448 Li5.4P1S4.4Cl1.6 -> 1.028 Li + 0.01724 Ni3(PO4)2 + 0.09655 Mn(Ni3O4)2 + 0.05517 LiClO4 + 0.1414 NiSO4 + 0.04828 Li(CoO2)2 + 0.01034 Li2SO4
NMC811,modelc,4.0,0.100895,-0.693719,0,0,0.9651 Li1Mn0.1Co0.1Ni0.8O2 + 0.03493 Li5.4P1S4.4Cl1.6 -> 1.05 Li + 0.01747 Ni3(PO4)2 + 0.09389 Mn(Ni3O4)2 + 0.0559 LiClO4 + 0.00262 MnNiO3 + 0.1537 NiSO4 + 0.04825 Li(CoO2)2
NMC811,modelc,4.0,0.107745,-0.725681,0,0,0.9625 Li1Mn0.1Co0.1Ni0.8O2 + 0.03749 Li5.4P1S4.4Cl1.6 -> 1.105 Li + 0.01875 Ni3(PO4)2 + 0.09051 Mn(Ni3O4)2 + 0.05999 LiClO4 + 0.005741 MnNiO3 + 0.004185 Co23O32 + 0.165 NiSO4
NMC811,modelc,4.0,0.151901,-0.933492,0,0,0.9454 Li1Mn0.1Co0.1Ni0.8O2 + 0.05462 Li5.4P1S4.4Cl1.6 -> 1.24 Li + 0.02731 Ni3(PO4)2 + 0.05916 Mn(Ni3O4)2 + 0.03538 MnNiO3 + 0.00411 Co23O32 + 0.2403 NiSO4 + 0.0437 NiCl2
NMC811,modelc,4.0,0.152767,-0.937298,0,0,0.945 Li1Mn0.1Co0.1Ni0.8O2 + 0.05497 Li5.4P1S4.4Cl1.6 -> 1.242 Li + 0.02748 Ni3(PO4)2 + 0.05865 Mn(Ni3O4)2 + 0.0315 Co3O4 + 0.03586 MnNiO3 + 0.2419 NiSO4 + 0.04397 NiCl2
NMC811,modelc,4.0,0.156068,-0.94867,0,0,0.9437 Li1Mn0.1Co0.1Ni0.8O2 + 0.0563 Li5.4P1S4.4Cl1.6 -> 1.248 Li + 0.02815 Ni3(PO4)2 + 0.06296 Mn(Ni3O4)2 + 0.02622 Co3O4 + 0.2477 NiSO4 + 0.0157 Mn2CoO4 + 0.04504 NiCl2
NMC811,modelc,4.0,0.159178,-0.959395,0,0,0.9424 Li1Mn0.1Co0.1Ni0.8O2 + 0.05755 Li5.4P1S4.4Cl1.6 -> 1.253 Li + 0.0004796 Ni3(PO4)2 + 0.07554 Mn(Ni3O4)2 + 0.2532 NiSO4 + 0.0283 Co3(PO4)2 + 0.009353 Mn2CoO4 + 0.04604 NiCl2
NMC811,modelc,4.0,0.159325,-0.959812,0,0,0.9424 Li1Mn0.1Co0.1Ni0.8O2 + 0.05761 Li5.4P1S4.4Cl1.6 -> 1.253 Li + 0.07613 Mn(Ni3O4)2 + 0.251 NiSO4 + 0.02881 Co3(PO4)2 + 0.007819 Mn2CoO4 + 0.002469 MnSO4 + 0.04609 NiCl2
NMC811,modelc,4.0,0.171271,-0.994021,0,0,0.9375 Li1Mn0.1Co0.1Ni0.8O2 + 0.0625 Li5.4P1S4.4Cl1.6 -> 1.275 Li + 0.00625 Mn(Ni3O4)2 + 0.475 NiO + 0.1875 NiSO4 + 0.03125 Co3(PO4)2 + 0.0875 MnSO4 + 0.05 NiCl2
NMC811,modelc,4.0,0.172222,-0.996754,0,0,0.9371 Li1Mn0.1Co0.1Ni0.8O2 + 0.06289 Li5.4P1S4.4Cl1.6 -> 1.277 Li + 0.0002096 Ni3(PO4)2 + 0.5157 NiO + 0.183 NiSO4 + 0.03124 Co3(PO4)2 + 0.09371 MnSO4 + 0.05031 NiCl2
NMC811,modelc,4.0,0.291902,-1.135715,0,0,0.8826 Li1Mn0.1Co0.1Ni0.8O2 + 0.1174 Li5.4P1S4.4Cl1.6 -> 1.516 Li + 0.02926 Ni3(PO4)2 + 0.2357 NiSO4 + 0.02942 Co3(PO4)2 + 0.09624 Ni3S2 + 0.08826 MnSO4 + 0.0939 NiCl2
NMC811,modelc,4.0,0.315866,-1.16115,0,0,0.8704 Li1Mn0.1Co0.1Ni0.8O2 + 0.1296 Li5.4P1S4.4Cl1.6 -> 1.57 Li + 0.06481 Ni3(PO4)2 + 0.2185 NiSO4 + 0.04537 Ni3S2 + 0.08704 MnSO4 + 0.1037 NiCl2 + 0.04352 Co2NiS4
NMC811,modelc,4.0,0.336434,-1.182145,0,0,0.8594 Li1Mn0.1Co0.1Ni0.8O2 + 0.1406 Li5.4P1S4.4Cl1.6 -> 1.618 Li + 0.07028 Ni3(PO4)2 + 0.2032 NiSO4 + 0.08594 MnSO4 + 0.07871 Co(NiS2)2 + 0.1124 NiCl2 + 0.003614 Co2NiS4
NMC811,modelc,4.0,0.342163,-1.185835,0,0,0.8563 Li1Mn0.1Co0.1Ni0.8O2 + 0.1437 Li5.4P1S4.4Cl1.6 -> 1.632 Li + 0.05115 Ni3(PO4)2 + 0.02069 Ni2P2O7 + 0.204 NiSO4 + 0.08563 MnSO4 + 0.08563 Co(NiS2)2 + 0.1149 NiCl2
NMC811,modelc,4.0,0.357202,-1.195248,0,0,0.848 Li1Mn0.1Co0.1Ni0.8O2 + 0.152 Li5.4P1S4.4Cl1.6 -> 1.669 Li + 0.076 Ni2P2O7 + 0.2062 NiSO4 + 0.009663 Ni3S4 + 0.0848 MnSO4 + 0.0848 Co(NiS2)2 + 0.1216 NiCl2
NMC811,modelc,4.0,0.380702,-1.207716,0,0,0.8345 Li1Mn0.1Co0.1Ni0.8O2 + 0.1655 Li5.4P1S4.4Cl1.6 -> 1.728 Li + 0.08274 Ni(PO3)2 + 0.2097 NiSO4 + 0.0253 Ni3S4 + 0.08345 MnSO4 + 0.08345 Co(NiS2)2 + 0.1324 NiCl2
NMC811,modelc,4.0,0.392023,-1.211643,0,0,0.8278 Li1Mn0.1Co0.1Ni0.8O2 + 0.1722 Li5.4P1S4.4Cl1.6 -> 1.758 Li + 0.08609 Ni(PO3)2 + 0.202 NiSO4 + 0.08278 MnSO4 + 0.08278 Co(NiS2)2 + 0.07086 NiS2 + 0.1377 NiCl2
NMC811,modelc,4.0,0.426606,-1.221879,0,0,0.8065 Li1Mn0.1Co0.1Ni0.8O2 + 0.1935 Li5.4P1S4.4Cl1.6 -> 1.852 Li + 0.09677 Ni(PO3)2 + 0.1774 NiSO4 + 0.08065 MnSO4 + 0.2161 NiS2 + 0.08065 CoS2 + 0.1548 NiCl2
NMC811,modelc,4.0,0.496147,-1.233795,0,0,0.7589 Li1Mn0.1Co0.1Ni0.8O2 + 0.2411 Li5.4P1S4.4Cl1.6 -> 2.061 Li + 0.1205 Ni(PO3)2 + 0.2455 SO2 + 0.07589 MnSO4 + 0.2937 NiS2 + 0.07589 CoS2 + 0.1929 NiCl2
NMC811,modelc,4.0,0.522472,-1.23726,0,0,0.7391 Li1Mn0.1Co0.1Ni0.8O2 + 0.2609 Li5.4P1S4.4Cl1.6 -> 2.148 Li + 0.05652 Ni(PO3)2 + 0.3478 SO2 + 0.3261 NiS2 + 0.07391 CoS2 + 0.2087 NiCl2 + 0.07391 Mn(PO3)2
NMC811,modelc,4.0,0.636986,-1.239546,1,0,0.6386 Li1Mn0.1Co0.1Ni0.8O2 + 0.3614 Li5.4P1S4.4Cl1.6 -> 2.59 Li + 0.1169 Ni(PO3)2 + 0.09639 SO2 + 0.5783 SCl + 0.394 NiS2 + 0.06386 CoS2 + 0.06386 Mn(PO3)2
NMC811,modelc,4.0,0.655285,-1.237376,0,0,0.6199 Li1Mn0.1Co0.1Ni0.8O2 + 0.3801 Li5.4P1S4.4Cl1.6 -> 2.673 Li + 0.06608 Ni(PO3)2 + 0.06199 MnP4O11 + 0.0807 SO2 + 0.6082 SCl + 0.4298 NiS2 + 0.06199 CoS2
NMC811,modelc,4.0,0.665474,-1.235016,0,0,0.6091 Li1Mn0.1Co0.1Ni0.8O2 + 0.3909 Li5.4P1S4.4Cl1.6 -> 2.72 Li + 0.06091 MnP4O11 + 0.03681 NiP4O11 + 0.07166 SO2 + 0.6254 SCl + 0.4505 NiS2 + 0.06091 CoS2
NMC811,modelc,4.0,0.692737,-1.228152,0,0,0.5789 Li1Mn0.1Co0.1Ni0.8O2 + 0.4211 Li5.4P1S4.4Cl1.6 -> 2.853 Li + 0.05789 MnP4O11 + 0.04737 NiP4O11 + 0.6737 SCl + 0.4158 NiS2 + 0.05789 CoS2 + 0.2316 S
NMC811,modelc,4.0,0.801034,-1.167707,0,0,0.435 Li1Mn0.1Co0.1Ni0.8O2 + 0.565 Li5.4P1S4.4Cl1.6 -> 3.486 Li + 0.0435 MnP4O11 + 0.03559 NiP4O11 + 0.1243 P2S7 + 0.904 SCl + 0.3124 NiS2 + 0.0435 CoS2
NMC811,modelc,4.0,1.0,-1.039207,0,0,Li5.4P1S4.4Cl1.6 -> 5.4 Li + 0.4588 P2S7 + 1.188 SCl + 0.08235 PCl5
NMC811,modelc,4.3,0.0,-0.232711,0,0,Li1Mn0.1Co0.1Ni0.8O2 -> Li + 0.1 Co(NiO2)2 + 0.1 Mn(Ni3O4)2 + 0.4 O2
NMC811,modelc,4.3,0.044223,-0.476849,0,0,0.9853 Li1Mn0.1Co0.1Ni0.8O2 + 0.01471 Li5.4P1S4.4Cl1.6 -> 1.065 Li + 0.09853 Mn(Ni3O4)2 + 0.01176 Ni(ClO4)2 + 0.007353 Ni3(PO4)2 + 0.09853 CoNiO3 + 0.06471 NiSO4 + 0.2375 O2
NMC811,modelc,4.3,0.049919,-0.508673,0,0,0.9833 Li1Mn0.1Co0.1Ni0.8O2 + 0.01667 Li5.4P1S4.4Cl1.6 -> 1.047 Li + 0.02667 LiClO4 + 0.09833 Mn(Ni3O4)2 + 0.008333 Ni3(PO4)2 + 0.09833 CoNiO3 + 0.07333 NiSO4 + 0.2092 O2
NMC811,modelc,4.3,0.100895,-0.796941,0,0,0.9651 Li1Mn0.1Co0.1Ni0.8O2 + 0.03493 Li5.4P1S4.4Cl1.6 -> 1.098 Li + 0.02192 MnNiO3 + 0.0559 LiClO4 + 0.07459 Mn(Ni3O4)2 + 0.01747 Ni3(PO4)2 + 0.09651 CoNiO3 + 0.1537 NiSO4
NMC811,modelc,4.3,0.104289,-0.816246,0,0,0.9638 Li1Mn0.1Co0.1Ni0.8O2 + 0.0362 Li5.4P1S4.4Cl1.6 -> 1.159 Li + 0.02923 MnNiO3 + 0.06715 Mn(Ni3O4)2 + 0.02896 Ni(ClO4)2 + 0.0181 Ni3(PO4)2 + 0.09638 CoNiO3 + 0.1593 NiSO4
NMC811,modelc,4.3,0.111341,-0.85146,0,0,0.9612 Li1Mn0.1Co0.1Ni0.8O2 + 0.03885 Li5.4P1S4.4Cl1.6 -> 1.171 Li + 0.01361 MnNiO3 + 0.08251 Mn(Ni3O4)2 + 0.03108 Ni(ClO4)2 + 0.01942 Ni3(PO4)2 + 0.004179 Co23O32 + 0.1709 NiSO4
NMC811,modelc,4.3,0.151901,-1.049106,0,0,0.9454 Li1Mn0.1Co0.1Ni0.8O2 + 0.05462 Li5.4P1S4.4Cl1.6 -> 1.24 Li + 0.03538 MnNiO3 + 0.05916 Mn(Ni3O4)2 + 0.02731 Ni3(PO4)2 + 0.00411 Co23O32 + 0.0437 NiCl2 + 0.2403 NiSO4
NMC811,modelc,4.3,0.152767,-1.053004,0,0,0.945 Li1Mn0.1Co0.1Ni0.8O2 + 0.05497 Li5.4P1S4.4Cl1.6 -> 1.242 Li + 0.03586 MnNiO3 + 0.05865 Mn(Ni3O4)2 + 0.02748 Ni3(PO4)2 + 0.04397 NiCl2 + 0.0315 Co3O4 + 0.2419 NiSO4
NMC811,modelc,4.3,0.156068,-1.064728,0,0,0.9437 Li1Mn0.1Co0.1Ni0.8O2 + 0.0563 Li5.4P1S4.4Cl1.6 -> 1.248 Li + 0.06296 Mn(Ni3O4)2 + 0.0157 Mn2CoO4 + 0.02815 Ni3(PO4)2 + 0.04504 NiCl2 + 0.02622 Co3O4 + 0.2477 NiSO4
NMC811,modelc,4.3,0.159178,-1.075787,0,0,0.9424 Li1Mn0.1Co0.1Ni0.8O2 + 0.05755 Li5.4P1S4.4Cl1.6 -> 1.253 Li + 0.07554 Mn(Ni3O4)2 + 0.0283 Co3(PO4)2 + 0.009353 Mn2CoO4 + 0.0004796 Ni3(PO4)2 + 0.04604 NiCl2 + 0.2532 NiSO4
NMC811,modelc,4.3,0.159325,-1.07622,0,0,0.9424 Li1Mn0.1Co0.1Ni0.8O2 + 0.05761 Li5.4P1S4.4Cl1.6 -> 1.253 Li + 0.07613 Mn(Ni3O4)2 + 0.02881 Co3(PO4)2 + 0.007819 Mn2CoO4 + 0.002469 MnSO4 + 0.04609 NiCl2 + 0.251 NiSO4
NMC811,modelc,4.3,0.171271,-1.111713,0,0,0.9375 Li1Mn0.1Co0.1Ni0.8O2 + 0.0625 Li5.4P1S4.4Cl1.6 -> 1.275 Li + 0.00625 Mn(Ni3O4)2 + 0.03125 Co3(PO4)2 + 0.0875 MnSO4 + 0.05 NiCl2 + 0.475 NiO + 0.1875 NiSO4
NMC811,modelc,4.3,0.172222,-1.114549,0,0,0.9371 Li1Mn0.1Co0.1Ni0.8O2 + 0.06289 Li5.4P1S4.4Cl1.6 -> 1.277 Li + 0.03124 Co3(PO4)2 + 0.0002096 Ni3(PO4)2 + 0.09371 MnSO4 + 0.05031 NiCl2 + 0.5157 NiO + 0.183 NiSO4
NMC811,modelc,4.3,0.291902,-1.266839,0,0,0.8826 Li1Mn0.1Co0.1Ni0.8O2 + 0.1174 Li5.4P1S4.4Cl1.6 -> 1.516 Li + 0.02942 Co3(PO4)2 + 0.02926 Ni3(PO4)2 + 0.09624 Ni3S2 + 0.08826 MnSO4 + 0.0939 NiCl2 + 0.2357 NiSO4
NMC811,modelc,4.3,0.315866,-1.295045,0,0,0.8704 Li1Mn0.1Co0.1Ni0.8O2 + 0.1296 Li5.4P1S4.4Cl1.6 -> 1.57 Li + 0.06481 Ni3(PO4)2 + 0.04537 Ni3S2 + 0.08704 MnSO4 + 0.1037 NiCl2 + 0.04352 Co2NiS4 + 0.2185 NiSO4
NMC811,modelc,4.3,0.336434,-1.318448,0,0,0.8594 Li1Mn0.1Co0.1Ni0.8O2 + 0.1406 Li5.4P1S4.4Cl1.6 -> 1.618 Li + 0.07028 Ni3(PO4)2 + 0.07871 Co(NiS2)2 + 0.08594 MnSO4 + 0.1124 NiCl2 + 0.003614 Co2NiS4 + 0.2032 NiSO4
NMC811,modelc,4.3,0.342163,-1.322813,0,0,0.8563 Li1Mn0.1Co0.1Ni0.8O2 + 0.1437 Li5.4P1S4.4Cl1.6 -> 1.632 Li + 0.02069 Ni2P2O7 + 0.05115 Ni3(PO4)2 + 0.08563 Co(NiS2)2 + 0.08563 MnSO4 + 0.1149 NiCl2 + 0.204 NiSO4
NMC811,modelc,4.3,0.357202,-1.334008,0,0,0.848 Li1Mn0.1Co0.1Ni0.8O2 + 0.152 Li5.4P1S4.4Cl1.6 -> 1.669 Li + 0.076 Ni2P2O7 + 0.0848 Co(NiS2)2 + 0.0848 MnSO4 + 0.1216 NiCl2 + 0.009663 Ni3S4 + 0.2062 NiSO4
NMC811,modelc,4.3,0.380702,-1.349291,0,0,0.8345 Li1Mn0.1Co0.1Ni0.8O2 + 0.1655 Li5.4P1S4.4Cl1.6 -> 1.728 Li + 0.08274 Ni(PO3)2 + 0.08345 Co(NiS2)2 + 0.08345 MnSO4 + 0.1324 NiCl2 + 0.0253 Ni3S4 + 0.2097 NiSO4
NMC811,modelc,4.3,0.392023,-1.354587,0,0,0.8278 Li1Mn0.1Co0.1Ni0.8O2 + 0.1722 Li5.4P1S4.4Cl1.6 -> 1.758 Li + 0.08609 Ni(PO3)2 + 0.07086 NiS2 + 0.08278 Co(NiS2)2 + 0.08278 MnSO4 + 0.1377 NiCl2 + 0.202 NiSO4
NMC811,modelc,4.3,0.426606,-1.369058,0,0,0.8065 Li1Mn0.1Co0.1Ni0.8O2 + 0.1935 Li5.4P1S4.4Cl1.6 -> 1.852 Li + 0.09677 Ni(PO3)2 + 0.2161 NiS2 + 0.08065 CoS2 + 0.08065 MnSO4 + 0.1548 NiCl2 + 0.1774 NiSO4
NMC811,modelc,4.3,0.496147,-1.389741,0,0,0.7589 Li1Mn0.1Co0.1Ni0.8O2 + 0.2411 Li5.4P1S4.4Cl1.6 -> 2.061 Li + 0.1205 Ni(PO3)2 + 0.2937 NiS2 + 0.07589 CoS2 + 0.07589 MnSO4 + 0.2455 SO2 + 0.1929 NiCl2
NMC811,modelc,4.3,0.522472,-1.396615,0,0,0.7391 Li1Mn0.1Co0.1Ni0.8O2 + 0.2609 Li5.4P1S4.4Cl1.6 -> 2.148 Li + 0.05652 Ni(PO3)2 + 0.3261 NiS2 + 0.07391 CoS2 + 0.3478 SO2 + 0.2087 NiCl2 + 0.07391 Mn(PO3)2
NMC811,modelc,4.3,0.636986,-1.414343,0,0,0.6386 Li1Mn0.1Co0.1Ni0.8O2 + 0.3614 Li5.4P1S4.4Cl1.6 -> 2.59 Li + 0.1169 Ni(PO3)2 + 0.5783 SCl + 0.394 NiS2 + 0.06386 CoS2 + 0.09639 SO2 + 0.06386 Mn(PO3)2
NMC811,modelc,4.3,0.655285,-1.414737,1,0,0.6199 Li1Mn0.1Co0.1Ni0.8O2 + 0.3801 Li5.4P1S4.4Cl1.6 -> 2.673 Li + 0.06199 MnP4O11 + 0.06608 Ni(PO3)2 + 0.6082 SCl + 0.4298 NiS2 + 0.06199 CoS2 + 0.0807 SO2
NMC811,modelc,4.3,0.665474,-1.413817,0,0,0.6091 Li1Mn0.1Co0.1Ni0.8O2 + 0.3909 Li5.4P1S4.4Cl1.6 -> 2.72 Li + 0.03681 NiP4O11 + 0.06091 MnP4O11 + 0.6254 SCl + 0.4505 NiS2 + 0.06091 CoS2 + 0.07166 SO2
NMC811,modelc,4.3,0.692737,-1.410849,0,0,0.5789 Li1Mn0.1Co0.1Ni0.8O2 + 0.4211 Li5.4P1S4.4Cl1.6 -> 2.853 Li + 0.04737 NiP4O11 + 0.05789 MnP4O11 + 0.6737 SCl + 0.4158 NiS2 + 0.05789 CoS2 + 0.2316 S
NMC811,modelc,4.3,0.801034,-1.366525,0,0,0.435 Li1Mn0.1Co0.1Ni0.8O2 + 0.565 Li5.4P1S4.4Cl1.6 -> 3.486 Li + 0.03559 NiP4O11 + 0.0435 MnP4O11 + 0.904 SCl + 0.3124 NiS2 + 0.0435 CoS2 + 0.1243 P2S7
NMC811,modelc,4.3,1.0,-1.270635,0,0,Li5.4P1S4.4Cl1.6 -> 5.4 Li + 1.188 SCl + 0.08235 PCl5 + 0.4588 P2S7
NMC811,modelc,4.5,0.0,-0.299378,0,0,Li1Mn0.1Co0.1Ni0.8O2 -> Li + 0.1 Co(NiO2)2 + 0.1 Mn(Ni3O4)2 + 0.4 O2
NMC811,modelc,4.5,0.044223,-0.546464,0,0,0.9853 Li1Mn0.1Co0.1Ni0.8O2 + 0.01471 Li5.4P1S4.4Cl1.6 -> 1.065 Li + 0.01176 Ni(ClO4)2 + 0.09853 CoNiO3 + 0.007353 Ni3(PO4)2 + 0.09853 Mn(Ni3O4)2 + 0.06471 NiSO4 + 0.2375 O2
NMC811,modelc,4.5,0.104289,-0.889973,0,0,0.9638 Li1Mn0.1Co0.1Ni0.8O2 + 0.0362 Li5.4P1S4.4Cl1.6 -> 1.159 Li + 0.02896 Ni(ClO4)2 + 0.09638 CoNiO3 + 0.0181 Ni3(PO4)2 + 0.02923 MnNiO3 + 0.06715 Mn(Ni3O4)2 + 0.1593 NiSO4
NMC811,modelc,4.5,0.111341,-0.925677,0,0,0.9612 Li1Mn0.1Co0.1Ni0.8O2 + 0.03885 Li5.4P1S4.4Cl1.6 -> 1.171 Li + 0.03108 Ni(ClO4)2 + 0.01942 Ni3(PO4)2 + 0.01361 MnNiO3 + 0.08251 Mn(Ni3O4)2 + 0.004179 Co23O32 + 0.1709 NiSO4
NMC811,modelc,4.5,0.151901,-1.126181,0,0,0.9454 Li1Mn0.1Co0.1Ni0.8O2 + 0.05462 Li5.4P1S4.4Cl1.6 -> 1.24 Li + 0.02731 Ni3(PO4)2 + 0.03538 MnNiO3 + 0.05916 Mn(Ni3O4)2 + 0.00411 Co23O32 + 0.0437 NiCl2 + 0.2403 NiSO4
NMC811,modelc,4.5,0.152767,-1.130141,0,0,0.945 Li1Mn0.1Co0.1Ni0.8O2 + 0.05497 Li5.4P1S4.4Cl1.6 -> 1.242 Li + 0.02748 Ni3(PO4)2 + 0.03586 MnNiO3 + 0.05865 Mn(Ni3O4)2 + 0.04397 NiCl2 + 0.0315 Co3O4 + 0.2419 NiSO4
NMC811,modelc,4.5,0.156068,-1.142101,0,0,0.9437 Li1Mn0.1Co0.1Ni0.8O2 + 0.0563 Li5.4P1S4.4Cl1.6 -> 1.248 Li + 0.02815 Ni3(PO4)2 + 0.06296 Mn(Ni3O4)2 + 0.0157 Mn2CoO4 + 0.04504 NiCl2 + 0.02622 Co3O4 + 0.2477 NiSO4
NMC811,modelc,4.5,0.159178,-1.153381,0,0,0.9424 Li1Mn0.1Co0.1Ni0.8O2 + 0.05755 Li5.4P1S4.4Cl1.6 -> 1.253 Li + 0.0004796 Ni3(PO4)2 + 0.07554 Mn(Ni3O4)2 + 0.009353 Mn2CoO4 + 0.0283 Co3(PO4)2 + 0.04604 NiCl2 + 0.2532 NiSO4
NMC811,modelc,4.5,0.159325,-1.153825,0,0,0.9424 Li1Mn0.1Co0.1Ni0.8O2 + 0.05761 Li5.4P1S4.4Cl1.6 -> 1.253 Li + 0.07613 Mn(Ni3O4)2 + 0.007819 Mn2CoO4 + 0.02881 Co3(PO4)2 + 0.04609 NiCl2 + 0.002469 MnSO4 + 0.251 NiSO4
NMC811,modelc,4.5,0.171271,-1.190175,0,0,0.9375 Li1Mn0.1Co0.1Ni0.8O2 + 0.0625 Li5.4P1S4.4Cl1.6 -> 1.275 Li + 0.00625 Mn(Ni3O4)2 + 0.03125 Co3(PO4)2 + 0.05 NiCl2 + 0.0875 MnSO4 + 0.475 NiO + 0.1875 NiSO4
NMC811,modelc,4.5,0.172222,-1.193079,0,0,0.9371 Li1Mn0.1Co0.1Ni0.8O2 + 0.06289 Li5.4P1S4.4Cl1.6 -> 1.277 Li + 0.0002096 Ni3(PO4)2 + 0.03124 Co3(PO4)2 + 0.05031 NiCl2 + 0.09371 MnSO4 + 0.5157 NiO + 0.183 NiSO4
NMC811,modelc,4.5,0.291902,-1.354254,0,0,0.8826 Li1Mn0.1Co0.1Ni0.8O2 + 0.1174 Li5.4P1S4.4Cl1.6 -> 1.516 Li + 0.02926 Ni3(PO4)2 + 0.02942 Co3(PO4)2 + 0.09624 Ni3S2 + 0.0939 NiCl2 + 0.08826 MnSO4 + 0.2357 NiSO4
NMC811,modelc,4.5,0.315866,-1.384308,0,0,0.8704 Li1Mn0.1Co0.1Ni0.8O2 + 0.1296 Li5.4P1S4.4Cl1.6 -> 1.57 Li + 0.06481 Ni3(PO4)2 + 0.04537 Ni3S2 + 0.1037 NiCl2 + 0.08704 MnSO4 + 0.04352 Co2NiS4 + 0.2185 NiSO4
NMC811,modelc,4.5,0.336434,-1.409316,0,0,0.8594 Li1Mn0.1Co0.1Ni0.8O2 + 0.1406 Li5.4P1S4.4Cl1.6 -> 1.618 Li + 0.07028 Ni3(PO4)2 + 0.07871 Co(NiS2)2 + 0.1124 NiCl2 + 0.08594 MnSO4 + 0.003614 Co2NiS4 + 0.2032 NiSO4
NMC811,modelc,4.5,0.342163,-1.414131,0,0,0.8563 Li1Mn0.1Co0.1Ni0.8O2 + 0.1437 Li5.4P1S4.4Cl1.6 -> 1.632 Li + 0.05115 Ni3(PO4)2 + 0.02069 Ni2P2O7 + 0.08563 Co(NiS2)2 + 0.1149 NiCl2 + 0.08563 MnSO4 + 0.204 NiSO4
NMC811,modelc,4.5,0.357202,-1.426515,0,0,0.848 Li1Mn0.1Co0.1Ni0.8O2 + 0.152 Li5.4P1S4.4Cl1.6 -> 1.669 Li + 0.076 Ni2P2O7 + 0.0848 Co(NiS2)2 + 0.1216 NiCl2 + 0.0848 MnSO4 + 0.009663 Ni3S4 + 0.2062 NiSO4
NMC811,modelc,4.5,0.380702,-1.443675,0,0,0.8345 Li1Mn0.1Co0.1Ni0.8O2 + 0.1655 Li5.4P1S4.4Cl1.6 -> 1.728 Li + 0.08345 Co(NiS2)2 + 0.08274 Ni(PO3)2 + 0.1324 NiCl2 + 0.08345 MnSO4 + 0.0253 Ni3S4 + 0.2097 NiSO4
NMC811,modelc,4.5,0.392023,-1.449883,0,0,0.8278 Li1Mn0.1Co0.1Ni0.8O2 + 0.1722 Li5.4P1S4.4Cl1.6 -> 1.758 Li + 0.08278 Co(NiS2)2 + 0.07086 NiS2 + 0.08609 Ni(PO3)2 + 0.1377 NiCl2 + 0.08278 MnSO4 + 0.202 NiSO4
NMC811,modelc,4.5,0.426606,-1.467178,0,0,0.8065 Li1Mn0.1Co0.1Ni0.8O2 + 0.1935 Li5.4P1S4.4Cl1.6 -> 1.852 Li + 0.08065 CoS2 + 0.2161 NiS2 + 0.09677 Ni(PO3)2 + 0.1548 NiCl2 + 0.08065 MnSO4 + 0.1774 NiSO4
NMC811,modelc,4.5,0.496147,-1.493705,0,0,0.7589 Li1Mn0.1Co0.1Ni0.8O2 + 0.2411 Li5.4P1S4.4Cl1.6 -> 2.061 Li + 0.07589 CoS2 + 0.2938 NiS2 + 0.2455 SO2 + 0.1205 Ni(PO3)2 + 0.1929 NiCl2 + 0.07589 MnSO4
NMC811,modelc,4.5,0.522472,-1.502852,0,0,0.7391 Li1Mn0.1Co0.1Ni0.8O2 + 0.2609 Li5.4P1S4.4Cl1.6 -> 2.148 Li + 0.07391 CoS2 + 0.3261 NiS2 + 0.3478 SO2 + 0.05652 Ni(PO3)2 + 0.2087 NiCl2 + 0.07391 Mn(PO3)2
NMC811,modelc,4.5,0.636986,-1.530874,0,0,0.6386 Li1Mn0.1Co0.1Ni0.8O2 + 0.3614 Li5.4P1S4.4Cl1.6 -> 2.59 Li + 0.5783 SCl + 0.06386 CoS2 + 0.394 NiS2 + 0.09639 SO2 + 0.1169 Ni(PO3)2 + 0.06386 Mn(PO3)2
NMC811,modelc,4.5,0.655285,-1.532978,0,0,0.6199 Li1Mn0.1Co0.1Ni0.8O2 + 0.3801 Li5.4P1S4.4Cl1.6 -> 2.673 Li + 0.06199 MnP4O11 + 0.6082 SCl + 0.06199 CoS2 + 0.4298 NiS2 + 0.0807 SO2 + 0.06608 Ni(PO3)2
NMC811,modelc,4.5,0.665474,-1.533017,1,0,0.6091 Li1Mn0.1Co0.1Ni0.8O2 + 0.3909 Li5.4P1S4.4Cl1.6 -> 2.72 Li + 0.03681 NiP4O11 + 0.06091 MnP4O11 + 0.6254 SCl + 0.06091 CoS2 + 0.4505 NiS2 + 0.07166 SO2
NMC811,modelc,4.5,0.692737,-1.532646,0,0,0.5789 Li1Mn0.1Co0.1Ni0.8O2 + 0.4211 Li5.4P1S4.4Cl1.6 -> 2.853 Li + 0.04737 NiP4O11 + 0.05789 MnP4O11 + 0.6737 SCl + 0.05789 CoS2 + 0.4158 NiS2 + 0.2316 S
NMC811,modelc,4.5,0.801034,-1.499071,0,0,0.435 Li1Mn0.1Co0.1Ni0.8O2 + 0.565 Li5.4P1S4.4Cl1.6 -> 3.486 Li + 0.03559 NiP4O11 + 0.0435 MnP4O11 + 0.904 SCl + 0.0435 CoS2 + 0.3124 NiS2 + 0.1243 P2S7
NMC811,modelc,4.5,1.0,-1.424921,0,0,Li5.4P1S4.4Cl1.6 -> 5.4 Li + 1.188 SCl + 0.4588 P2S7 + 0.08235 PCl5
NMC811,lpsocl,2.5,0.0,-0.025971,0,0,Li1Mn0.1Co0.1Ni0.8O2 + 0.7 Li -> 0.1 Li2MnO3 + 0.8 NiO + 0.1 LiCoO2 + 0.7 Li2O
NMC811,lpsocl,2.5,0.095301,-0.388057,0,0,0.9671 Li1Mn0.1Co0.1Ni0.8O2 + 0.03286 Li5.4P1S4.2Cl1.6O0.2 -> 0.4272 Li + 0.09671 Li2MnO3 + 0.7737 NiO + 0.03286 Li3PO4 + 0.09671 LiCoO2 + 0.138 Li2SO4 + 0.05258 LiCl
NMC811,lpsocl,2.5,0.107452,-0.412436,0,0,0.9626 Li1Mn0.1Co0.1Ni0.8O2 + 0.03738 Li5.4P1S4.2Cl1.6O0.2 -> 0.486 Li + 0.09626 Li2MnO3 + 0.7701 NiO + 0.09626 CoO + 0.03738 Li3PO4 + 0.157 Li2SO4 + 0.05981 LiCl
NMC811,lpsocl,2.5,0.119282,-0.436246,0,0,0.9581 Li1Mn0.1Co0.1Ni0.8O2 + 0.04186 Li5.4P1S4.2Cl1.6O0.2 -> 0.5442 Li + 0.09581 LiMnO2 + 0.7665 NiO + 0.09581 CoO + 0.04186 Li3PO4 + 0.1758 Li2SO4 + 0.06698 LiCl
NMC811,lpsocl,2.5,0.12508,-0.447748,0,0,0.9559 Li1Mn0.1Co0.1Ni0.8O2 + 0.04408 Li5.4P1S4.2Cl1.6O0.2 -> 0.6209 Li + 0.0478 Mn2CoO4 + 0.7647 NiO + 0.0478 CoO + 0.04408 Li3PO4 + 0.1852 Li2SO4 + 0.07053 LiCl
NMC811,lpsocl,2.5,0.126995,-0.450014,0,0,0.9552 Li1Mn0.1Co0.1Ni0.8O2 + 0.04482 Li5.4P1S4.2Cl1.6O0.2 -> 0.6145 Li + 0.7641 NiO + 0.03184 Mn3O4 + 0.09552 CoO + 0.04482 Li3PO4 + 0.1883 Li2SO4 + 0.07172 LiCl
NMC811,lpsocl,2.5,0.210022,-0.512091,0,0,0.921 Li1Mn0.1Co0.1Ni0.8O2 + 0.07899 Li5.4P1S4.2Cl1.6O0.2 -> 0.3207 Li + 0.0307 Mn3O4 + 0.0921 CoO + 0.07899 Li3PO4 + 0.3317 Li2SO4 + 0.7368 Ni + 0.1264 LiCl
NMC811,lpsocl,2.5,0.369838,-0.638792,0,0,0.8408 Li1Mn0.1Co0.1Ni0.8O2 + 0.1592 Li5.4P1S4.2Cl1.6O0.2 -> 0.5279 Li + 0.2242 Ni3S2 + 0.02803 Mn3O4 + 0.08408 CoO + 0.1592 Li3PO4 + 0.2201 Li2SO4 + 0.2547 LiCl
NMC811,lpsocl,2.5,0.395934,-0.659444,0,0,0.8255 Li1Mn0.1Co0.1Ni0.8O2 + 0.1745 Li5.4P1S4.2Cl1.6O0.2 -> 0.5263 Li + 0.2201 Ni3S2 + 0.02752 Mn3O4 + 0.009172 Co9S8 + 0.1745 Li3PO4 + 0.2194 Li2SO4 + 0.2793 LiCl
NMC811,lpsocl,2.5,0.397759,-0.660681,0,0,0.8244 Li1Mn0.1Co0.1Ni0.8O2 + 0.1756 Li5.4P1S4.2Cl1.6O0.2 -> 0.5154 Li + 0.2198 Ni3S2 + 0.00916 Co9S8 + 0.1756 Li3PO4 + 0.08244 MnO + 0.2247 Li2SO4 + 0.281 LiCl
NMC811,lpsocl,2.5,0.414274,-0.668011,0,0,0.8142 Li1Mn0.1Co0.1Ni0.8O2 + 0.1858 Li5.4P1S4.2Cl1.6O0.2 -> 0.5423 Li + 0.2036 Ni3S2 + 0.04071 Co2NiS4 + 0.1858 Li3PO4 + 0.08142 MnO + 0.2103 Li2SO4 + 0.2972 LiCl
NMC811,lpsocl,2.5,0.419391,-0.669981,0,0,0.811 Li1Mn0.1Co0.1Ni0.8O2 + 0.189 Li5.4P1S4.2Cl1.6O0.2 -> 0.6724 Li + 0.2028 Ni3S2 + 0.0811 LiMnPO4 + 0.04055 Co2NiS4 + 0.1079 Li3PO4 + 0.226 Li2SO4 + 0.3024 LiCl
NMC811,lpsocl,2.5,0.438998,-0.676727,0,0,0.7984 Li1Mn0.1Co0.1Ni0.8O2 + 0.2016 Li5.4P1S4.2Cl1.6O0.2 -> 0.7039 Li + 0.1597 Ni3S2 + 0.07984 LiMnPO4 + 0.07984 Co(NiS2)2 + 0.1217 Li3PO4 + 0.2078 Li2SO4 + 0.3225 LiCl
NMC811,lpsocl,2.5,0.463169,-0.684341,0,0,0.7823 Li1Mn0.1Co0.1Ni0.8O2 + 0.2177 Li5.4P1S4.2Cl1.6O0.2 -> 0.7443 Li + 0.05215 Ni9S8 + 0.07823 LiMnPO4 + 0.07823 Co(NiS2)2 + 0.1395 Li3PO4 + 0.1843 Li2SO4 + 0.3484 LiCl
NMC811,lpsocl,2.5,0.505758,-0.695656,1,0,0.7518 Li1Mn0.1Co0.1Ni0.8O2 + 0.2482 Li5.4P1S4.2Cl1.6O0.2 -> 0.8204 Li + 0.07518 LiMnPO4 + 0.07518 Co(NiS2)2 + 0.173 Li3PO4 + 0.1504 Ni3S4 + 0.1401 Li2SO4 + 0.3971 LiCl
NMC811,lpsocl,2.5,0.533514,-0.694891,0,0,0.7305 Li1Mn0.1Co0.1Ni0.8O2 + 0.2695 Li5.4P1S4.2Cl1.6O0.2 -> 0.7277 Li + 0.07305 Co(NiS2)2 + 0.2695 Li3PO4 + 0.1461 Ni3S4 + 0.1092 Li2SO4 + 0.07305 MnS2 + 0.4312 LiCl
NMC811,lpsocl,2.5,0.580619,-0.675791,0,0,0.6913 Li1Mn0.1Co0.1Ni0.8O2 + 0.3087 Li5.4P1S4.2Cl1.6O0.2 -> 0.8336 Li + 0.06913 Co(NiS2)2 + 0.4148 NiS2 + 0.3087 Li3PO4 + 0.05235 Li2SO4 + 0.06913 MnS2 + 0.494 LiCl
NMC811,lpsocl,2.5,0.600775,-0.666062,0,0,0.6732 Li1Mn0.1Co0.1Ni0.8O2 + 0.3268 Li5.4P1S4.2Cl1.6O0.2 -> 0.8824 Li + 0.5386 NiS2 + 0.3268 Li3PO4 + 0.06732 CoS2 + 0.02614 Li2SO4 + 0.06732 MnS2 + 0.5229 LiCl
NMC811,lpsocl,2.5,0.62,-0.651254,0,0,0.6552 Li1Mn0.1Co0.1Ni0.8O2 + 0.3448 Li5.4P1S4.2Cl1.6O0.2 -> 0.8966 Li + 0.5241 NiS2 + 0.3448 Li3PO4 + 0.06552 CoS2 + 0.06552 MnS2 + 0.5517 LiCl + 0.03448 LiS4
NMC811,lpsocl,2.5,1.0,-0.092247,0,0,Li5.4P1S4.2Cl1.6O0.2 -> 3.431 Li + 0.475 P2S7 + 0.05 Li3PO4 + 1.6 LiCl + 0.2187 LiS4
NMC811,lpsocl,3.0,0.0,-0.0,0,0,Li1Mn0.1Co0.1Ni0.8O2 -> 0.6 LiNiO2 + 0.1 Li2CoO3 + 0.1 Li2MnO3 + 0.2 NiO
NMC811,lpsocl,3.0,0.082814,-0.398553,0,0,0.9717 Li1Mn0.1Co0.1Ni0.8O2 + 0.0283 Li5.4P1S4.2Cl1.6O0.2 -> 0.3679 Li + 0.09717 Li2CoO3 + 0.09717 Li2MnO3 + 0.0283 Li3PO4 + 0.7774 NiO + 0.1189 Li2SO4 + 0.04528 LiCl
NMC811,lpsocl,3.0,0.095301,-0.456273,0,0,0.9671 Li1Mn0.1Co0.1Ni0.8O2 + 0.03286 Li5.4P1S4.2Cl1.6O0.2 -> 0.4272 Li + 0.09671 LiCoO2 + 0.09671 Li2MnO3 + 0.03286 Li3PO4 + 0.7737 NiO + 0.138 Li2SO4 + 0.05258 LiCl
NMC811,lpsocl,3.0,0.097758,-0.465671,0,0,0.9662 Li1Mn0.1Co0.1Ni0.8O2 + 0.03377 Li5.4P1S4.2Cl1.6O0.2 -> 0.4777 Li + 0.01932 Li4MnCo5O12 + 0.0773 Li2MnO3 + 0.03377 Li3PO4 + 0.773 NiO + 0.1418 Li2SO4 + 0.05403 LiCl
NMC811,lpsocl,3.0,0.104244,-0.487595,0,0,0.9638 Li1Mn0.1Co0.1Ni0.8O2 + 0.03618 Li5.4P1S4.2Cl1.6O0.2 -> 0.5603 Li + 0.0257 Li2Mn3NiO8 + 0.01928 Li4MnCo5O12 + 0.03618 Li3PO4 + 0.7454 NiO + 0.152 Li2SO4 + 0.05789 LiCl
NMC811,lpsocl,3.0,0.117983,-0.526529,0,0,0.9586 Li1Mn0.1Co0.1Ni0.8O2 + 0.04137 Li5.4P1S4.2Cl1.6O0.2 -> 0.6017 Li + 0.01065 Li4MnCo5O12 + 0.04261 Mn2CoO4 + 0.04137 Li3PO4 + 0.7669 NiO + 0.1737 Li2SO4 + 0.06618 LiCl
NMC811,lpsocl,3.0,0.12508,-0.545483,0,0,0.9559 Li1Mn0.1Co0.1Ni0.8O2 + 0.04408 Li5.4P1S4.2Cl1.6O0.2 -> 0.6209 Li + 0.0478 Mn2CoO4 + 0.04408 Li3PO4 + 0.7647 NiO + 0.0478 CoO + 0.1852 Li2SO4 + 0.07053 LiCl
NMC811,lpsocl,3.0,0.130628,-0.556482,0,0,0.9538 Li1Mn0.1Co0.1Ni0.8O2 + 0.04623 Li5.4P1S4.2Cl1.6O0.2 -> 0.6949 Li + 0.04623 LiCoPO4 + 0.04769 Mn2CoO4 + 0.763 NiO + 0.00146 CoO + 0.1942 Li2SO4 + 0.07397 LiCl
NMC811,lpsocl,3.0,0.134199,-0.562388,0,0,0.9524 Li1Mn0.1Co0.1Ni0.8O2 + 0.04762 Li5.4P1S4.2Cl1.6O0.2 -> 0.7429 Li + 0.04762 LiCoPO4 + 0.04762 Mn2CoO4 + 0.02857 NiCl2 + 0.7333 NiO + 0.2 Li2SO4 + 0.01905 LiCl
NMC811,lpsocl,3.0,0.135456,-0.56446,0,0,0.9519 Li1Mn0.1Co0.1Ni0.8O2 + 0.04811 Li5.4P1S4.2Cl1.6O0.2 -> 0.7595 Li + 0.04777 LiCoPO4 + 0.0003436 LiMnPO4 + 0.04742 Mn2CoO4 + 0.03849 NiCl2 + 0.723 NiO + 0.2021 Li2SO4
NMC811,lpsocl,3.0,0.135482,-0.564499,0,0,0.9519 Li1Mn0.1Co0.1Ni0.8O2 + 0.04812 Li5.4P1S4.2Cl1.6O0.2 -> 0.7597 Li + 0.04782 LiCoPO4 + 0.0001504 Mn3(PO4)2 + 0.04737 Mn2CoO4 + 0.0385 NiCl2 + 0.723 NiO + 0.2021 Li2SO4
NMC811,lpsocl,3.0,0.143694,-0.576025,0,0,0.9486 Li1Mn0.1Co0.1Ni0.8O2 + 0.05135 Li5.4P1S4.2Cl1.6O0.2 -> 0.7946 Li + 0.02568 Mn3(PO4)2 + 0.008919 Mn2CoO4 + 0.04108 NiCl2 + 0.7178 NiO + 0.08595 CoO + 0.2157 Li2SO4
NMC811,lpsocl,3.0,0.146919,-0.580422,0,0,0.9474 Li1Mn0.1Co0.1Ni0.8O2 + 0.05263 Li5.4P1S4.2Cl1.6O0.2 -> 0.8211 Li + 0.02632 Mn3(PO4)2 + 0.01579 Li2Mn(SO4)2 + 0.04211 NiCl2 + 0.7158 NiO + 0.09474 CoO + 0.1895 Li2SO4
NMC811,lpsocl,3.0,0.153534,-0.589041,0,0,0.9447 Li1Mn0.1Co0.1Ni0.8O2 + 0.05528 Li5.4P1S4.2Cl1.6O0.2 -> 0.9126 Li + 0.05528 LiCoPO4 + 0.09447 Li2Mn(SO4)2 + 0.04422 NiCl2 + 0.7116 NiO + 0.0392 CoO + 0.04322 Li2SO4
NMC811,lpsocl,3.0,0.15707,-0.592348,0,0,0.9433 Li1Mn0.1Co0.1Ni0.8O2 + 0.0567 Li5.4P1S4.2Cl1.6O0.2 -> 0.9619 Li + 0.02835 Co3(PO4)2 + 0.09433 Li2Mn(SO4)2 + 0.04536 NiCl2 + 0.7093 NiO + 0.009278 CoO + 0.04948 Li2SO4
NMC811,lpsocl,3.0,0.160979,-0.595248,0,0,0.9417 Li1Mn0.1Co0.1Ni0.8O2 + 0.05828 Li5.4P1S4.2Cl1.6O0.2 -> 0.9672 Li + 0.02914 Co3(PO4)2 + 0.09417 Li2Mn(SO4)2 + 0.04663 NiCl2 + 0.0007494 Co9S8 + 0.7067 NiO + 0.05046 Li2SO4
NMC811,lpsocl,3.0,0.171271,-0.602835,0,0,0.9375 Li1Mn0.1Co0.1Ni0.8O2 + 0.0625 Li5.4P1S4.2Cl1.6O0.2 -> 0.9784 Li + 0.03125 Co3(PO4)2 + 0.09375 Li2Mn(SO4)2 + 0.01023 Ni3S2 + 0.05 NiCl2 + 0.6693 NiO + 0.05455 Li2SO4
NMC811,lpsocl,3.0,0.236641,-0.651007,0,0,0.9091 Li1Mn0.1Co0.1Ni0.8O2 + 0.09091 Li5.4P1S4.2Cl1.6O0.2 -> 0.9851 Li + 0.09091 LiCoPO4 + 0.09091 Li2Mn(SO4)2 + 0.06446 Ni3S2 + 0.07273 NiCl2 + 0.4612 NiO + 0.07107 Li2SO4
NMC811,lpsocl,3.0,0.344557,-0.734161,0,0,0.855 Li1Mn0.1Co0.1Ni0.8O2 + 0.145 Li5.4P1S4.2Cl1.6O0.2 -> 1.144 Li + 0.02974 Ni3(PO4)2 + 0.0855 LiCoPO4 + 0.0855 Li2Mn(SO4)2 + 0.1596 Ni3S2 + 0.116 NiCl2 + 0.1188 Li2SO4
NMC811,lpsocl,3.0,0.357578,-0.742273,0,0,0.8478 Li1Mn0.1Co0.1Ni0.8O2 + 0.1522 Li5.4P1S4.2Cl1.6O0.2 -> 1.026 Li + 0.005462 Ni3(PO4)2 + 0.08478 LiCoPO4 + 0.02826 Mn3(PO4)2 + 0.18 Ni3S2 + 0.1218 NiCl2 + 0.2793 Li2SO4
NMC811,lpsocl,3.0,0.358442,-0.742719,0,0,0.8473 Li1Mn0.1Co0.1Ni0.8O2 + 0.1527 Li5.4P1S4.2Cl1.6O0.2 -> 1.019 Li + 0.01149 LiNiPO4 + 0.08473 LiCoPO4 + 0.02824 Mn3(PO4)2 + 0.1814 Ni3S2 + 0.1222 NiCl2 + 0.2786 Li2SO4
NMC811,lpsocl,3.0,0.39626,-0.762337,0,0,0.8253 Li1Mn0.1Co0.1Ni0.8O2 + 0.1747 Li5.4P1S4.2Cl1.6O0.2 -> 1.156 Li + 0.1197 LiNiPO4 + 0.08253 Co(NiS2)2 + 0.02751 Mn3(PO4)2 + 0.07856 Ni3S2 + 0.1398 NiCl2 + 0.2466 Li2SO4
NMC811,lpsocl,3.0,0.4067,-0.767628,0,0,0.8189 Li1Mn0.1Co0.1Ni0.8O2 + 0.1811 Li5.4P1S4.2Cl1.6O0.2 -> 1.195 Li + 0.02444 Ni9S8 + 0.1265 LiNiPO4 + 0.08189 Co(NiS2)2 + 0.0273 Mn3(PO4)2 + 0.1449 NiCl2 + 0.2374 Li2SO4
NMC811,lpsocl,3.0,0.411451,-0.769961,0,0,0.816 Li1Mn0.1Co0.1Ni0.8O2 + 0.184 Li5.4P1S4.2Cl1.6O0.2 -> 1.159 Li + 0.02666 Ni9S8 + 0.1024 LiNiPO4 + 0.0816 Co(NiS2)2 + 0.0816 LiMnPO4 + 0.1472 NiCl2 + 0.2332 Li2SO4
NMC811,lpsocl,3.0,0.429471,-0.778028,0,0,0.8046 Li1Mn0.1Co0.1Ni0.8O2 + 0.1954 Li5.4P1S4.2Cl1.6O0.2 -> 1.231 Li + 0.1149 LiNiPO4 + 0.08046 Co(NiS2)2 + 0.08046 LiMnPO4 + 0.1563 NiCl2 + 0.07052 Ni3S4 + 0.2167 Li2SO4
NMC811,lpsocl,3.0,0.458793,-0.786372,0,0,0.7853 Li1Mn0.1Co0.1Ni0.8O2 + 0.2147 Li5.4P1S4.2Cl1.6O0.2 -> 1.08 Li + 0.07853 Co(NiS2)2 + 0.07853 LiMnPO4 + 0.1718 NiCl2 + 0.1362 Li3PO4 + 0.09979 Ni3S4 + 0.1886 Li2SO4
NMC811,lpsocl,3.0,0.505758,-0.798399,0,0,0.7518 Li1Mn0.1Co0.1Ni0.8O2 + 0.2482 Li5.4P1S4.2Cl1.6O0.2 -> 0.8204 Li + 0.07518 Co(NiS2)2 + 0.07518 LiMnPO4 + 0.173 Li3PO4 + 0.1504 Ni3S4 + 0.1401 Li2SO4 + 0.3971 LiCl
NMC811,lpsocl,3.0,0.510055,-0.798991,1,0,0.7486 Li1Mn0.1Co0.1Ni0.8O2 + 0.2514 Li5.4P1S4.2Cl1.6O0.2 -> 0.9609 Li + 0.07486 Co(NiS2)2 + 0.08827 Li4P2O7 + 0.07486 LiMnPO4 + 0.1497 Ni3S4 + 0.1575 Li2SO4 + 0.4022 LiCl
NMC811,lpsocl,3.0,0.511899,-0.79889,0,0,0.7472 Li1Mn0.1Co0.1Ni0.8O2 + 0.2528 Li5.4P1S4.2Cl1.6O0.2 -> 1.022 Li + 0.07472 Co(NiS2)2 + 0.07472 Li2MnP2O7 + 0.05167 Li4P2O7 + 0.1494 Ni3S4 + 0.1651 Li2SO4 + 0.4045 LiCl
NMC811,lpsocl,3.0,0.564369,-0.787476,0,0,0.7053 Li1Mn0.1Co0.1Ni0.8O2 + 0.2947 Li5.4P1S4.2Cl1.6O0.2 -> 1.158 Li + 0.4232 NiS2 + 0.07053 Co(NiS2)2 + 0.07053 Li2MnP2O7 + 0.07684 Li4P2O7 + 0.1095 Li2SO4 + 0.4716 LiCl
NMC811,lpsocl,3.0,0.58659,-0.781097,0,0,0.686 Li1Mn0.1Co0.1Ni0.8O2 + 0.314 Li5.4P1S4.2Cl1.6O0.2 -> 1.22 Li + 0.5488 NiS2 + 0.0686 CoS2 + 0.0686 Li2MnP2O7 + 0.0884 Li4P2O7 + 0.08396 Li2SO4 + 0.5024 LiCl
NMC811,lpsocl,3.0,0.606654,-0.769911,0,0,0.6678 Li1Mn0.1Co0.1Ni0.8O2 + 0.3322 Li5.4P1S4.2Cl1.6O0.2 -> 1.146 Li + 0.5342 NiS2 + 0.06678 CoS2 + 0.1661 Li4P2O7 + 0.06678 MnS2 + 0.0598 Li2SO4 + 0.5316 LiCl
NMC811,lpsocl,3.0,0.652632,-0.734473,0,0,0.6226 Li1Mn0.1Co0.1Ni0.8O2 + 0.3774 Li5.4P1S4.2Cl1.6O0.2 -> 1.217 Li + 0.4981 NiS2 + 0.06226 CoS2 + 0.1887 Li4P2O7 + 0.06226 MnS2 + 0.6038 LiCl + 0.08491 LiS4
NMC811,lpsocl,3.0,0.688889,-0.701485,0,0,0.5833 Li1Mn0.1Co0.1Ni0.8O2 + 0.4167 Li5.4P1S4.2Cl1.6O0.2 -> 1.604 Li + 0.4667 NiS2 + 0.05833 CoS2 + 0.05833 MnS2 + 0.4167 LiPO3 + 0.6667 LiCl + 0.1458 LiS4
NMC811,lpsocl,3.0,1.0,-0.339079,0,0,Li5.4P1S4.2Cl1.6O0.2 -> 3.5 Li + 0.4667 P2S7 + 0.06667 LiPO3 + 1.6 LiCl + 0.2333 LiS4
NMC811,lpsocl,3.5,0.0,-0.003246,0,0,Li1Mn0.1Co0.1Ni0.8O2 -> 0.4 Li + 0.36 Li(NiO2)2 + 0.02 Li4MnCo5O12 + 0.08 Li2MnO3 + 0.08 NiO
NMC811,lpsocl,3.5,0.076355,-0.441604,0,0,0.974 Li1Mn0.1Co0.1Ni0.8O2 + 0.02597 Li5.4P1S4.2Cl1.6O0.2 -> 0.5429 Li + 0.01948 Li4MnCo5O12 + 0.04156 LiClO4 + 0.07792 Li2MnO3 + 0.02597 Li3PO4 + 0.7792 NiO + 0.1091 Li2SO4
NMC811,lpsocl,3.5,0.081549,-0.470152,0,0,0.9722 Li1Mn0.1Co0.1Ni0.8O2 + 0.02784 Li5.4P1S4.2Cl1.6O0.2 -> 0.6309 Li + 0.02592 Li2Mn3NiO8 + 0.01944 Li4MnCo5O12 + 0.04455 LiClO4 + 0.02784 Li3PO4 + 0.7518 NiO + 0.1169 Li2SO4
NMC811,lpsocl,3.5,0.104244,-0.576684,0,0,0.9638 Li1Mn0.1Co0.1Ni0.8O2 + 0.03618 Li5.4P1S4.2Cl1.6O0.2 -> 0.5603 Li + 0.0257 Li2Mn3NiO8 + 0.01928 Li4MnCo5O12 + 0.03618 Li3PO4 + 0.7454 NiO + 0.152 Li2SO4 + 0.05789 LiCl
NMC811,lpsocl,3.5,0.107452,-0.591713,0,0,0.9626 Li1Mn0.1Co0.1Ni0.8O2 + 0.03738 Li5.4P1S4.2Cl1.6O0.2 -> 0.6015 Li + 0.07701 Mn(Ni3O4)2 + 0.01925 Li4MnCo5O12 + 0.03738 Li3PO4 + 0.308 NiO + 0.157 Li2SO4 + 0.05981 LiCl
NMC811,lpsocl,3.5,0.111311,-0.605739,0,0,0.9612 Li1Mn0.1Co0.1Ni0.8O2 + 0.03883 Li5.4P1S4.2Cl1.6O0.2 -> 0.6513 Li + 0.07689 Mn(Ni3O4)2 + 0.01922 Li4MnCo5O12 + 0.03107 NiCl2 + 0.03883 Li3PO4 + 0.2765 NiO + 0.1631 Li2SO4
NMC811,lpsocl,3.5,0.116541,-0.624377,0,0,0.9592 Li1Mn0.1Co0.1Ni0.8O2 + 0.04082 Li5.4P1S4.2Cl1.6O0.2 -> 0.7192 Li + 0.04082 LiNiPO4 + 0.07673 Mn(Ni3O4)2 + 0.01918 Li4MnCo5O12 + 0.03265 NiCl2 + 0.2335 NiO + 0.1714 Li2SO4
NMC811,lpsocl,3.5,0.122288,-0.644626,0,0,0.957 Li1Mn0.1Co0.1Ni0.8O2 + 0.04301 Li5.4P1S4.2Cl1.6O0.2 -> 0.7428 Li + 0.08516 Mn(Ni3O4)2 + 0.01054 Li4MnCo5O12 + 0.03441 NiCl2 + 0.04301 LiCoPO4 + 0.2202 NiO + 0.1806 Li2SO4
NMC811,lpsocl,3.5,0.127009,-0.661181,0,0,0.9552 Li1Mn0.1Co0.1Ni0.8O2 + 0.04483 Li5.4P1S4.2Cl1.6O0.2 -> 0.7759 Li + 0.09552 Mn(Ni3O4)2 + 0.03586 NiCl2 + 0.04483 LiCoPO4 + 0.1552 NiO + 0.0169 Co3O4 + 0.1883 Li2SO4
NMC811,lpsocl,3.5,0.131142,-0.672883,0,0,0.9536 Li1Mn0.1Co0.1Ni0.8O2 + 0.04643 Li5.4P1S4.2Cl1.6O0.2 -> 0.8143 Li + 0.09536 Mn(Ni3O4)2 + 0.02321 Co3(PO4)2 + 0.03714 NiCl2 + 0.1536 NiO + 0.008571 Co3O4 + 0.195 Li2SO4
NMC811,lpsocl,3.5,0.135371,-0.684079,0,0,0.9519 Li1Mn0.1Co0.1Ni0.8O2 + 0.04808 Li5.4P1S4.2Cl1.6O0.2 -> 0.8538 Li + 0.02308 Li2Co(SO4)2 + 0.09519 Mn(Ni3O4)2 + 0.02404 Co3(PO4)2 + 0.03846 NiCl2 + 0.1519 NiO + 0.1558 Li2SO4
NMC811,lpsocl,3.5,0.158163,-0.744404,0,0,0.9429 Li1Mn0.1Co0.1Ni0.8O2 + 0.05714 Li5.4P1S4.2Cl1.6O0.2 -> 0.9771 Li + 0.008571 Li2Co(SO4)2 + 0.09429 Li2Mn(SO4)2 + 0.02857 Co3(PO4)2 + 0.04571 NiCl2 + 0.7086 NiO + 0.03429 Li2SO4
NMC811,lpsocl,3.5,0.164456,-0.760752,0,0,0.9403 Li1Mn0.1Co0.1Ni0.8O2 + 0.0597 Li5.4P1S4.2Cl1.6O0.2 -> 1.066 Li + 0.004478 Li2Co(SO4)2 + 0.09403 Li2Mn(SO4)2 + 0.02985 Co3(PO4)2 + 0.04776 NiCl2 + 0.05373 NiSO4 + 0.6507 NiO
NMC811,lpsocl,3.5,0.165187,-0.762632,0,0,0.94 Li1Mn0.1Co0.1Ni0.8O2 + 0.06 Li5.4P1S4.2Cl1.6O0.2 -> 1.076 Li + 0.094 Li2Mn(SO4)2 + 0.03 Co3(PO4)2 + 0.004 CoSO4 + 0.048 NiCl2 + 0.06 NiSO4 + 0.644 NiO
NMC811,lpsocl,3.5,0.171271,-0.777641,0,0,0.9375 Li1Mn0.1Co0.1Ni0.8O2 + 0.0625 Li5.4P1S4.2Cl1.6O0.2 -> 1.163 Li + 0.05625 Li2Mn(SO4)2 + 0.03125 Co3(PO4)2 + 0.05 NiCl2 + 0.1125 NiSO4 + 0.5875 NiO + 0.0375 MnSO4
NMC811,lpsocl,3.5,0.180233,-0.799763,0,0,0.9338 Li1Mn0.1Co0.1Ni0.8O2 + 0.06623 Li5.4P1S4.2Cl1.6O0.2 -> 1.291 Li + 0.001987 Ni3(PO4)2 + 0.03113 Co3(PO4)2 + 0.05298 NiCl2 + 0.1848 NiSO4 + 0.5033 NiO + 0.09338 MnSO4
NMC811,lpsocl,3.5,0.299228,-0.910425,0,0,0.8789 Li1Mn0.1Co0.1Ni0.8O2 + 0.1211 Li5.4P1S4.2Cl1.6O0.2 -> 1.533 Li + 0.09201 Ni3S2 + 0.03123 Ni3(PO4)2 + 0.0293 Co3(PO4)2 + 0.09685 NiCl2 + 0.2366 NiSO4 + 0.08789 MnSO4
NMC811,lpsocl,3.5,0.323518,-0.930454,0,0,0.8663 Li1Mn0.1Co0.1Ni0.8O2 + 0.1337 Li5.4P1S4.2Cl1.6O0.2 -> 1.588 Li + 0.04093 Ni3S2 + 0.06683 Ni3(PO4)2 + 0.04332 Co2NiS4 + 0.1069 NiCl2 + 0.2196 NiSO4 + 0.08663 MnSO4
NMC811,lpsocl,3.5,0.342271,-0.945119,0,0,0.8563 Li1Mn0.1Co0.1Ni0.8O2 + 0.1437 Li5.4P1S4.2Cl1.6O0.2 -> 1.632 Li + 0.07187 Ni3(PO4)2 + 0.007598 Co2NiS4 + 0.07043 Co(NiS2)2 + 0.115 NiCl2 + 0.206 NiSO4 + 0.08563 MnSO4
NMC811,lpsocl,3.5,0.354691,-0.950209,0,0,0.8494 Li1Mn0.1Co0.1Ni0.8O2 + 0.1506 Li5.4P1S4.2Cl1.6O0.2 -> 1.663 Li + 0.03072 Ni3(PO4)2 + 0.04458 Ni2P2O7 + 0.08494 Co(NiS2)2 + 0.1205 NiCl2 + 0.2078 NiSO4 + 0.08494 MnSO4
NMC811,lpsocl,3.5,0.363789,-0.953769,0,0,0.8443 Li1Mn0.1Co0.1Ni0.8O2 + 0.1557 Li5.4P1S4.2Cl1.6O0.2 -> 1.685 Li + 0.07786 Ni2P2O7 + 0.08443 Co(NiS2)2 + 0.1246 NiCl2 + 0.2092 NiSO4 + 0.005673 Ni3S4 + 0.08443 MnSO4
NMC811,lpsocl,3.5,0.388193,-0.960957,0,0,0.8301 Li1Mn0.1Co0.1Ni0.8O2 + 0.1699 Li5.4P1S4.2Cl1.6O0.2 -> 1.748 Li + 0.08495 Ni(PO3)2 + 0.08301 Co(NiS2)2 + 0.1359 NiCl2 + 0.2131 NiSO4 + 0.02136 Ni3S4 + 0.08301 MnSO4
NMC811,lpsocl,3.5,0.414183,-0.964895,0,0,0.8143 Li1Mn0.1Co0.1Ni0.8O2 + 0.1857 Li5.4P1S4.2Cl1.6O0.2 -> 1.654 Li + 0.09286 Ni(PO3)2 + 0.08143 Li2Mn(SO4)2 + 0.08143 Co(NiS2)2 + 0.1486 NiCl2 + 0.1143 NiSO4 + 0.04429 Ni3S4
NMC811,lpsocl,3.5,0.432558,-0.966957,0,0,0.8026 Li1Mn0.1Co0.1Ni0.8O2 + 0.1974 Li5.4P1S4.2Cl1.6O0.2 -> 1.708 Li + 0.09868 Ni(PO3)2 + 0.08026 Li2Mn(SO4)2 + 0.1224 NiS2 + 0.08026 Co(NiS2)2 + 0.1579 NiCl2 + 0.1026 NiSO4
NMC811,lpsocl,3.5,0.464668,-0.970008,0,0,0.7812 Li1Mn0.1Co0.1Ni0.8O2 + 0.2188 Li5.4P1S4.2Cl1.6O0.2 -> 1.644 Li + 0.1094 Ni(PO3)2 + 0.07812 Li2Mn(SO4)2 + 0.1844 NiS2 + 0.07813 Co(NiS2)2 + 0.175 NiCl2 + 0.08125 Li2SO4
NMC811,lpsocl,3.5,0.487355,-0.97102,1,0,0.7653 Li1Mn0.1Co0.1Ni0.8O2 + 0.2347 Li5.4P1S4.2Cl1.6O0.2 -> 1.749 Li + 0.1173 Ni(PO3)2 + 0.07653 Li2Mn(SO4)2 + 0.3071 NiS2 + 0.07653 CoS2 + 0.1878 NiCl2 + 0.06531 Li2SO4
NMC811,lpsocl,3.5,0.508197,-0.970481,0,0,0.75 Li1Mn0.1Co0.1Ni0.8O2 + 0.25 Li5.4P1S4.2Cl1.6O0.2 -> 1.7 Li + 0.05 Ni(PO3)2 + 0.35 NiS2 + 0.075 CoS2 + 0.2 NiCl2 + 0.2 Li2SO4 + 0.075 Mn(PO3)2
NMC811,lpsocl,3.5,0.512803,-0.969895,0,0,0.7465 Li1Mn0.1Co0.1Ni0.8O2 + 0.2535 Li5.4P1S4.2Cl1.6O0.2 -> 1.689 Li + 0.03472 LiNi(PO3)3 + 0.3597 NiS2 + 0.07465 CoS2 + 0.2028 NiCl2 + 0.1958 Li2SO4 + 0.07465 Mn(PO3)2
NMC811,lpsocl,3.5,0.519553,-0.968506,0,0,0.7414 Li1Mn0.1Co0.1Ni0.8O2 + 0.2586 Li5.4P1S4.2Cl1.6O0.2 -> 1.672 Li + 0.01207 LiNi(PO3)3 + 0.07414 LiMn(PO3)3 + 0.3741 NiS2 + 0.07414 CoS2 + 0.2069 NiCl2 + 0.1897 Li2SO4
NMC811,lpsocl,3.5,0.523111,-0.967758,0,0,0.7386 Li1Mn0.1Co0.1Ni0.8O2 + 0.2614 Li5.4P1S4.2Cl1.6O0.2 -> 1.664 Li + 0.07386 LiMn(PO3)3 + 0.3818 NiS2 + 0.07386 CoS2 + 0.2091 NiCl2 + 0.1864 Li2SO4 + 0.03977 LiPO3
NMC811,lpsocl,3.5,0.683605,-0.922702,0,0,0.5893 Li1Mn0.1Co0.1Ni0.8O2 + 0.4107 Li5.4P1S4.2Cl1.6O0.2 -> 2.5 Li + 0.05893 LiMn(PO3)3 + 0.4714 NiS2 + 0.6571 SCl + 0.05893 CoS2 + 0.007143 Li2SO4 + 0.2339 LiPO3
NMC811,lpsocl,3.5,0.688889,-0.920141,0,0,0.5833 Li1Mn0.1Co0.1Ni0.8O2 + 0.4167 Li5.4P1S4.2Cl1.6O0.2 -> 2.533 Li + 0.05833 LiMn(PO3)3 + 0.4667 NiS2 + 0.6667 SCl + 0.05833 CoS2 + 0.2417 LiPO3 + 0.03333 S
NMC811,lpsocl,3.5,0.699248,-0.912626,0,0,0.5714 Li1Mn0.1Co0.1Ni0.8O2 + 0.4286 Li5.4P1S4.2Cl1.6O0.2 -> 2.686 Li + 0.05714 MnP4O11 + 0.4571 NiS2 + 0.6857 SCl + 0.05714 CoS2 + 0.2 LiPO3 + 0.08571 S
NMC811,lpsocl,3.5,0.751398,-0.869468,0,0,0.5063 Li1Mn0.1Co0.1Ni0.8O2 + 0.4937 Li5.4P1S4.2Cl1.6O0.2 -> 2.987 Li + 0.05316 P2S7 + 0.05063 MnP4O11 + 0.4051 NiS2 + 0.7899 SCl + 0.05063 CoS2 + 0.1848 LiPO3
NMC811,lpsocl,3.5,1.0,-0.637464,0,0,Li5.4P1S4.2Cl1.6O0.2 -> 5.333 Li + 0.4275 P2S7 + 0.07843 PCl5 + 1.208 SCl + 0.06667 LiPO3
NMC811,lpsocl,4.0,0.0,-0.133729,0,0,Li1Mn0.1Co0.1Ni0.8O2 -> 0.95 Li + 0.1 Mn(Ni3O4)2 + 0.05 Li(CoO2)2 + 0.06667 Ni3O4 + 0.3667 O2
NMC811,lpsocl,4.0,0.081365,-0.577301,0,0,0.9722 Li1Mn0.1Co0.1Ni0.8O2 + 0.02778 Li5.4P1S4.2Cl1.6O0.2 -> 0.7681 Li + 0.02778 LiNiPO4 + 0.09722 Mn(Ni3O4)2 + 0.04444 LiClO4 + 0.04861 Li(CoO2)2 + 0.05556 Ni3O4 + 0.1167 Li2SO4
NMC811,lpsocl,4.0,0.087079,-0.608808,0,0,0.9701 Li1Mn0.1Co0.1Ni0.8O2 + 0.02985 Li5.4P1S4.2Cl1.6O0.2 -> 0.7545 Li + 0.02985 LiNiPO4 + 0.09701 Mn(Ni3O4)2 + 0.04776 LiClO4 + 0.1642 NiO + 0.04851 Li(CoO2)2 + 0.1254 Li2SO4
NMC811,lpsocl,4.0,0.088635,-0.617008,0,0,0.9696 Li1Mn0.1Co0.1Ni0.8O2 + 0.03042 Li5.4P1S4.2Cl1.6O0.2 -> 0.7812 Li + 0.01521 Ni3(PO4)2 + 0.09696 Mn(Ni3O4)2 + 0.04867 LiClO4 + 0.1483 NiO + 0.04848 Li(CoO2)2 + 0.1278 Li2SO4
NMC811,lpsocl,4.0,0.10299,-0.682022,0,0,0.9643 Li1Mn0.1Co0.1Ni0.8O2 + 0.03571 Li5.4P1S4.2Cl1.6O0.2 -> 1.03 Li + 0.01786 Ni3(PO4)2 + 0.09643 Mn(Ni3O4)2 + 0.05714 LiClO4 + 0.1393 NiSO4 + 0.04821 Li(CoO2)2 + 0.01071 Li2SO4
NMC811,lpsocl,4.0,0.104289,-0.687805,0,0,0.9638 Li1Mn0.1Co0.1Ni0.8O2 + 0.0362 Li5.4P1S4.2Cl1.6O0.2 -> 1.053 Li + 0.0181 Ni3(PO4)2 + 0.09367 Mn(Ni3O4)2 + 0.05792 LiClO4 + 0.002715 MnNiO3 + 0.152 NiSO4 + 0.04819 Li(CoO2)2
NMC811,lpsocl,4.0,0.111341,-0.719257,0,0,0.9612 Li1Mn0.1Co0.1Ni0.8O2 + 0.03885 Li5.4P1S4.2Cl1.6O0.2 -> 1.109 Li + 0.01942 Ni3(PO4)2 + 0.09028 Mn(Ni3O4)2 + 0.06215 LiClO4 + 0.005839 MnNiO3 + 0.004179 Co23O32 + 0.1632 NiSO4
NMC811,lpsocl,4.0,0.159147,-0.934516,0,0,0.9425 Li1Mn0.1Co0.1Ni0.8O2 + 0.05754 Li5.4P1S4.2Cl1.6O0.2 -> 1.253 Li + 0.02877 Ni3(PO4)2 + 0.05714 Mn(Ni3O4)2 + 0.03711 MnNiO3 + 0.004098 Co23O32 + 0.2417 NiSO4 + 0.04603 NiCl2
NMC811,lpsocl,4.0,0.160048,-0.938303,0,0,0.9421 Li1Mn0.1Co0.1Ni0.8O2 + 0.05791 Li5.4P1S4.2Cl1.6O0.2 -> 1.255 Li + 0.02895 Ni3(PO4)2 + 0.05661 Mn(Ni3O4)2 + 0.0314 Co3O4 + 0.03759 MnNiO3 + 0.2432 NiSO4 + 0.04633 NiCl2
NMC811,lpsocl,4.0,0.163657,-0.950218,0,0,0.9406 Li1Mn0.1Co0.1Ni0.8O2 + 0.05938 Li5.4P1S4.2Cl1.6O0.2 -> 1.261 Li + 0.02969 Ni3(PO4)2 + 0.06109 Mn(Ni3O4)2 + 0.02586 Co3O4 + 0.2494 NiSO4 + 0.01648 Mn2CoO4 + 0.0475 NiCl2
NMC811,lpsocl,4.0,0.166854,-0.960782,0,0,0.9393 Li1Mn0.1Co0.1Ni0.8O2 + 0.06068 Li5.4P1S4.2Cl1.6O0.2 -> 1.267 Li + 0.002444 Ni3(PO4)2 + 0.07345 Mn(Ni3O4)2 + 0.2549 NiSO4 + 0.0279 Co3(PO4)2 + 0.01024 Mn2CoO4 + 0.04855 NiCl2
NMC811,lpsocl,4.0,0.167632,-0.962918,0,0,0.939 Li1Mn0.1Co0.1Ni0.8O2 + 0.061 Li5.4P1S4.2Cl1.6O0.2 -> 1.268 Li + 0.07647 Mn(Ni3O4)2 + 0.2436 NiSO4 + 0.0305 Co3(PO4)2 + 0.002397 Mn2CoO4 + 0.01264 MnSO4 + 0.0488 NiCl2
NMC811,lpsocl,4.0,0.171271,-0.972891,0,0,0.9375 Li1Mn0.1Co0.1Ni0.8O2 + 0.0625 Li5.4P1S4.2Cl1.6O0.2 -> 1.275 Li + 0.05625 Mn(Ni3O4)2 + 0.1375 NiO + 0.225 NiSO4 + 0.03125 Co3(PO4)2 + 0.0375 MnSO4 + 0.05 NiCl2
NMC811,lpsocl,4.0,0.180233,-0.997532,0,0,0.9338 Li1Mn0.1Co0.1Ni0.8O2 + 0.06623 Li5.4P1S4.2Cl1.6O0.2 -> 1.291 Li + 0.001987 Ni3(PO4)2 + 0.5033 NiO + 0.1848 NiSO4 + 0.03113 Co3(PO4)2 + 0.09338 MnSO4 + 0.05298 NiCl2
NMC811,lpsocl,4.0,0.299228,-1.13037,0,0,0.8789 Li1Mn0.1Co0.1Ni0.8O2 + 0.1211 Li5.4P1S4.2Cl1.6O0.2 -> 1.533 Li + 0.03123 Ni3(PO4)2 + 0.2366 NiSO4 + 0.0293 Co3(PO4)2 + 0.09201 Ni3S2 + 0.08789 MnSO4 + 0.09685 NiCl2
NMC811,lpsocl,4.0,0.323518,-1.1551,0,0,0.8663 Li1Mn0.1Co0.1Ni0.8O2 + 0.1337 Li5.4P1S4.2Cl1.6O0.2 -> 1.588 Li + 0.06683 Ni3(PO4)2 + 0.2196 NiSO4 + 0.04093 Ni3S2 + 0.08663 MnSO4 + 0.1069 NiCl2 + 0.04332 Co2NiS4
NMC811,lpsocl,4.0,0.342271,-1.173436,0,0,0.8563 Li1Mn0.1Co0.1Ni0.8O2 + 0.1437 Li5.4P1S4.2Cl1.6O0.2 -> 1.632 Li + 0.07187 Ni3(PO4)2 + 0.206 NiSO4 + 0.08563 MnSO4 + 0.07043 Co(NiS2)2 + 0.115 NiCl2 + 0.007598 Co2NiS4
NMC811,lpsocl,4.0,0.354691,-1.180979,0,0,0.8494 Li1Mn0.1Co0.1Ni0.8O2 + 0.1506 Li5.4P1S4.2Cl1.6O0.2 -> 1.663 Li + 0.03072 Ni3(PO4)2 + 0.04458 Ni2P2O7 + 0.2078 NiSO4 + 0.08494 MnSO4 + 0.08494 Co(NiS2)2 + 0.1205 NiCl2
NMC811,lpsocl,4.0,0.363789,-1.186345,0,0,0.8443 Li1Mn0.1Co0.1Ni0.8O2 + 0.1557 Li5.4P1S4.2Cl1.6O0.2 -> 1.685 Li + 0.07786 Ni2P2O7 + 0.2092 NiSO4 + 0.005673 Ni3S4 + 0.08443 MnSO4 + 0.08443 Co(NiS2)2 + 0.1246 NiCl2
NMC811,lpsocl,4.0,0.388193,-1.198424,0,0,0.8301 Li1Mn0.1Co0.1Ni0.8O2 + 0.1699 Li5.4P1S4.2Cl1.6O0.2 -> 1.748 Li + 0.08495 Ni(PO3)2 + 0.2131 NiSO4 + 0.02136 Ni3S4 + 0.08301 MnSO4 + 0.08301 Co(NiS2)2 + 0.1359 NiCl2
NMC811,lpsocl,4.0,0.397828,-1.20145,0,0,0.8243 Li1Mn0.1Co0.1Ni0.8O2 + 0.1757 Li5.4P1S4.2Cl1.6O0.2 -> 1.773 Li + 0.08784 Ni(PO3)2 + 0.2068 NiSO4 + 0.08243 MnSO4 + 0.08243 Co(NiS2)2 + 0.05946 NiS2 + 0.1405 NiCl2
NMC811,lpsocl,4.0,0.432558,-1.2106,0,0,0.8026 Li1Mn0.1Co0.1Ni0.8O2 + 0.1974 Li5.4P1S4.2Cl1.6O0.2 -> 1.868 Li + 0.09868 Ni(PO3)2 + 0.1829 NiSO4 + 0.08026 MnSO4 + 0.2026 NiS2 + 0.08026 CoS2 + 0.1579 NiCl2
NMC811,lpsocl,4.0,0.50513,-1.220733,0,0,0.7523 Li1Mn0.1Co0.1Ni0.8O2 + 0.2477 Li5.4P1S4.2Cl1.6O0.2 -> 2.09 Li + 0.1239 Ni(PO3)2 + 0.255 SO2 + 0.07523 MnSO4 + 0.2798 NiS2 + 0.07523 CoS2 + 0.1982 NiCl2
NMC811,lpsocl,4.0,0.531429,-1.223359,1,0,0.7321 Li1Mn0.1Co0.1Ni0.8O2 + 0.2679 Li5.4P1S4.2Cl1.6O0.2 -> 2.179 Li + 0.06071 Ni(PO3)2 + 0.3571 SO2 + 0.3107 NiS2 + 0.07321 CoS2 + 0.2143 NiCl2 + 0.07321 Mn(PO3)2
NMC811,lpsocl,4.0,0.65035,-1.221996,0,0,0.625 Li1Mn0.1Co0.1Ni0.8O2 + 0.375 Li5.4P1S4.2Cl1.6O0.2 -> 2.65 Li + 0.125 Ni(PO3)2 + 0.1 SO2 + 0.6 SCl + 0.375 NiS2 + 0.0625 CoS2 + 0.0625 Mn(PO3)2
NMC811,lpsocl,4.0,0.668325,-1.219318,0,0,0.6061 Li1Mn0.1Co0.1Ni0.8O2 + 0.3939 Li5.4P1S4.2Cl1.6O0.2 -> 2.733 Li + 0.07576 Ni(PO3)2 + 0.06061 MnP4O11 + 0.08485 SO2 + 0.6303 SCl + 0.4091 NiS2 + 0.06061 CoS2
NMC811,lpsocl,4.0,0.680073,-1.216257,0,0,0.5932 Li1Mn0.1Co0.1Ni0.8O2 + 0.4068 Li5.4P1S4.2Cl1.6O0.2 -> 2.79 Li + 0.05932 MnP4O11 + 0.04237 NiP4O11 + 0.07458 SO2 + 0.6508 SCl + 0.4322 NiS2 + 0.05932 CoS2
NMC811,lpsocl,4.0,0.708571,-1.20825,0,0,0.5604 Li1Mn0.1Co0.1Ni0.8O2 + 0.4396 Li5.4P1S4.2Cl1.6O0.2 -> 2.934 Li + 0.05604 MnP4O11 + 0.05385 NiP4O11 + 0.7033 SCl + 0.3945 NiS2 + 0.05604 CoS2 + 0.2418 S
NMC811,lpsocl,4.0,0.822281,-1.141783,0,0,0.4012 Li1Mn0.1Co0.1Ni0.8O2 + 0.5988 Li5.4P1S4.2Cl1.6O0.2 -> 3.635 Li + 0.04012 MnP4O11 + 0.04371 NiP4O11 + 0.1317 P2S7 + 0.9581 SCl + 0.2772 NiS2 + 0.04012 CoS2
NMC811,lpsocl,4.0,0.9919,-1.028265,0,0,0.02469 Li1Mn0.1Co0.1Ni0.8O2 + 0.9753 Li5.4P1S4.2Cl1.6O0.2 -> 5.291 Li + 0.002469 MnP4O11 + 0.01975 NiP4O11 + 0.4096 P2S7 + 1.224 SCl + 0.06725 PCl5 + 0.002469 CoS2
NMC811,lpsocl,4.0,0.992883,-1.0275,0,0,0.02174 Li1Mn0.1Co0.1Ni0.8O2 + 0.9783 Li5.4P1S4.2Cl1.6O0.2 -> 5.304 Li + 0.002174 MnP4O11 + 0.01739 NiP4O11 + 0.4118 P2S7 + 1.226 SCl + 0.06777 PCl5 + 0.002174 CoP4O11
NMC811,lpsocl,4.0,1.0,-1.021371,0,0,Li5.4P1S4.2Cl1.6O0.2 -> 5.4 Li + 0.4235 P2S7 + 1.235 SCl + 0.07294 PCl5 + 0.04 P2O5
NMC811,lpsocl,4.3,0.0,-0.232711,0,0,Li1Mn0.1Co0.1Ni0.8O2 -> Li + 0.1 Co(NiO2)2 + 0.1 Mn(Ni3O4)2 + 0.4 O2
NMC811,lpsocl,4.3,0.045521,-0.473242,0,0,0.9848 Li1Mn0.1Co0.1Ni0.8O2 + 0.01515 Li5.4P1S4.2Cl1.6O0.2 -> 1.067 Li + 0.09848 Mn(Ni3O4)2 + 0.01212 Ni(ClO4)2 + 0.007576 Ni3(PO4)2 + 0.09848 CoNiO3 + 0.06364 NiSO4 + 0.2386 O2
NMC811,lpsocl,4.3,0.051581,-0.505653,0,0,0.9828 Li1Mn0.1Co0.1Ni0.8O2 + 0.01724 Li5.4P1S4.2Cl1.6O0.2 -> 1.048 Li + 0.02759 LiClO4 + 0.09828 Mn(Ni3O4)2 + 0.008621 Ni3(PO4)2 + 0.09828 CoNiO3 + 0.07241 NiSO4 + 0.2095 O2
NMC811,lpsocl,4.3,0.104289,-0.791201,0,0,0.9638 Li1Mn0.1Co0.1Ni0.8O2 + 0.0362 Li5.4P1S4.2Cl1.6O0.2 -> 1.101 Li + 0.02199 MnNiO3 + 0.05792 LiClO4 + 0.07439 Mn(Ni3O4)2 + 0.0181 Ni3(PO4)2 + 0.09638 CoNiO3 + 0.152 NiSO4
NMC811,lpsocl,4.3,0.10792,-0.810991,0,0,0.9624 Li1Mn0.1Co0.1Ni0.8O2 + 0.03756 Li5.4P1S4.2Cl1.6O0.2 -> 1.165 Li + 0.02958 MnNiO3 + 0.06667 Mn(Ni3O4)2 + 0.03005 Ni(ClO4)2 + 0.01878 Ni3(PO4)2 + 0.09624 CoNiO3 + 0.1577 NiSO4
NMC811,lpsocl,4.3,0.115185,-0.845723,0,0,0.9597 Li1Mn0.1Co0.1Ni0.8O2 + 0.0403 Li5.4P1S4.2Cl1.6O0.2 -> 1.177 Li + 0.014 MnNiO3 + 0.08197 Mn(Ni3O4)2 + 0.03224 Ni(ClO4)2 + 0.02015 Ni3(PO4)2 + 0.004173 Co23O32 + 0.1693 NiSO4
NMC811,lpsocl,4.3,0.159147,-1.050905,0,0,0.9425 Li1Mn0.1Co0.1Ni0.8O2 + 0.05754 Li5.4P1S4.2Cl1.6O0.2 -> 1.253 Li + 0.03711 MnNiO3 + 0.05714 Mn(Ni3O4)2 + 0.02877 Ni3(PO4)2 + 0.004098 Co23O32 + 0.04603 NiCl2 + 0.2417 NiSO4
NMC811,lpsocl,4.3,0.160048,-1.054788,0,0,0.9421 Li1Mn0.1Co0.1Ni0.8O2 + 0.05791 Li5.4P1S4.2Cl1.6O0.2 -> 1.255 Li + 0.03759 MnNiO3 + 0.05661 Mn(Ni3O4)2 + 0.02895 Ni3(PO4)2 + 0.04633 NiCl2 + 0.0314 Co3O4 + 0.2432 NiSO4
NMC811,lpsocl,4.3,0.163657,-1.06709,0,0,0.9406 Li1Mn0.1Co0.1Ni0.8O2 + 0.05938 Li5.4P1S4.2Cl1.6O0.2 -> 1.261 Li + 0.06109 Mn(Ni3O4)2 + 0.01648 Mn2CoO4 + 0.02969 Ni3(PO4)2 + 0.0475 NiCl2 + 0.02586 Co3O4 + 0.2494 NiSO4
NMC811,lpsocl,4.3,0.166854,-1.077998,0,0,0.9393 Li1Mn0.1Co0.1Ni0.8O2 + 0.06068 Li5.4P1S4.2Cl1.6O0.2 -> 1.267 Li + 0.07345 Mn(Ni3O4)2 + 0.0279 Co3(PO4)2 + 0.01024 Mn2CoO4 + 0.002444 Ni3(PO4)2 + 0.04855 NiCl2 + 0.2549 NiSO4
NMC811,lpsocl,4.3,0.167632,-1.080218,0,0,0.939 Li1Mn0.1Co0.1Ni0.8O2 + 0.061 Li5.4P1S4.2Cl1.6O0.2 -> 1.268 Li + 0.07647 Mn(Ni3O4)2 + 0.0305 Co3(PO4)2 + 0.002397 Mn2CoO4 + 0.01264 MnSO4 + 0.0488 NiCl2 + 0.2436 NiSO4
NMC811,lpsocl,4.3,0.171271,-1.090583,0,0,0.9375 Li1Mn0.1Co0.1Ni0.8O2 + 0.0625 Li5.4P1S4.2Cl1.6O0.2 -> 1.275 Li + 0.05625 Mn(Ni3O4)2 + 0.03125 Co3(PO4)2 + 0.0375 MnSO4 + 0.05 NiCl2 + 0.1375 NiO + 0.225 NiSO4
NMC811,lpsocl,4.3,0.180233,-1.116193,0,0,0.9338 Li1Mn0.1Co0.1Ni0.8O2 + 0.06623 Li5.4P1S4.2Cl1.6O0.2 -> 1.291 Li + 0.03113 Co3(PO4)2 + 0.001987 Ni3(PO4)2 + 0.09338 MnSO4 + 0.05298 NiCl2 + 0.5033 NiO + 0.1848 NiSO4
NMC811,lpsocl,4.3,0.299228,-1.262336,0,0,0.8789 Li1Mn0.1Co0.1Ni0.8O2 + 0.1211 Li5.4P1S4.2Cl1.6O0.2 -> 1.533 Li + 0.0293 Co3(PO4)2 + 0.03123 Ni3(PO4)2 + 0.09201 Ni3S2 + 0.08789 MnSO4 + 0.09685 NiCl2 + 0.2366 NiSO4
NMC811,lpsocl,4.3,0.323518,-1.289887,0,0,0.8663 Li1Mn0.1Co0.1Ni0.8O2 + 0.1337 Li5.4P1S4.2Cl1.6O0.2 -> 1.588 Li + 0.06683 Ni3(PO4)2 + 0.04093 Ni3S2 + 0.08663 MnSO4 + 0.1069 NiCl2 + 0.04332 Co2NiS4 + 0.2196 NiSO4
NMC811,lpsocl,4.3,0.342271,-1.310426,0,0,0.8563 Li1Mn0.1Co0.1Ni0.8O2 + 0.1437 Li5.4P1S4.2Cl1.6O0.2 -> 1.632 Li + 0.07187 Ni3(PO4)2 + 0.07043 Co(NiS2)2 + 0.08563 MnSO4 + 0.115 NiCl2 + 0.007598 Co2NiS4 + 0.206 NiSO4
NMC811,lpsocl,4.3,0.354691,-1.31944,0,0,0.8494 Li1Mn0.1Co0.1Ni0.8O2 + 0.1506 Li5.4P1S4.2Cl1.6O0.2 -> 1.663 Li + 0.04458 Ni2P2O7 + 0.03072 Ni3(PO4)2 + 0.08494 Co(NiS2)2 + 0.08494 MnSO4 + 0.1205 NiCl2 + 0.2078 NiSO4
NMC811,lpsocl,4.3,0.363789,-1.32589,0,0,0.8443 Li1Mn0.1Co0.1Ni0.8O2 + 0.1557 Li5.4P1S4.2Cl1.6O0.2 -> 1.685 Li + 0.07786 Ni2P2O7 + 0.08443 Co(NiS2)2 + 0.08443 MnSO4 + 0.1246 NiCl2 + 0.005673 Ni3S4 + 0.2092 NiSO4
NMC811,lpsocl,4.3,0.388193,-1.340904,0,0,0.8301 Li1Mn0.1Co0.1Ni0.8O2 + 0.1699 Li5.4P1S4.2Cl1.6O0.2 -> 1.748 Li + 0.08495 Ni(PO3)2 + 0.08301 Co(NiS2)2 + 0.08301 MnSO4 + 0.1359 NiCl2 + 0.02136 Ni3S4 + 0.2131 NiSO4
NMC811,lpsocl,4.3,0.397828,-1.3451,0,0,0.8243 Li1Mn0.1Co0.1Ni0.8O2 + 0.1757 Li5.4P1S4.2Cl1.6O0.2 -> 1.773 Li + 0.08784 Ni(PO3)2 + 0.05946 NiS2 + 0.08243 Co(NiS2)2 + 0.08243 MnSO4 + 0.1405 NiCl2 + 0.2068 NiSO4
NMC811,lpsocl,4.3,0.432558,-1.358517,0,0,0.8026 Li1Mn0.1Co0.1Ni0.8O2 + 0.1974 Li5.4P1S4.2Cl1.6O0.2 -> 1.868 Li + 0.09868 Ni(PO3)2 + 0.2026 NiS2 + 0.08026 CoS2 + 0.08026 MnSO4 + 0.1579 NiCl2 + 0.1829 NiSO4
NMC811,lpsocl,4.3,0.50513,-1.377837,0,0,0.7523 Li1Mn0.1Co0.1Ni0.8O2 + 0.2477 Li5.4P1S4.2Cl1.6O0.2 -> 2.09 Li + 0.1239 Ni(PO3)2 + 0.2798 NiS2 + 0.07523 CoS2 + 0.07523 MnSO4 + 0.255 SO2 + 0.1982 NiCl2
NMC811,lpsocl,4.3,0.531429,-1.383886,0,0,0.7321 Li1Mn0.1Co0.1Ni0.8O2 + 0.2679 Li5.4P1S4.2Cl1.6O0.2 -> 2.179 Li + 0.06071 Ni(PO3)2 + 0.3107 NiS2 + 0.07321 CoS2 + 0.3571 SO2 + 0.2143 NiCl2 + 0.07321 Mn(PO3)2
NMC811,lpsocl,4.3,0.65035,-1.398662,1,0,0.625 Li1Mn0.1Co0.1Ni0.8O2 + 0.375 Li5.4P1S4.2Cl1.6O0.2 -> 2.65 Li + 0.125 Ni(PO3)2 + 0.6 SCl + 0.375 NiS2 + 0.0625 CoS2 + 0.1 SO2 + 0.0625 Mn(PO3)2
NMC811,lpsocl,4.3,0.668325,-1.398524,0,0,0.6061 Li1Mn0.1Co0.1Ni0.8O2 + 0.3939 Li5.4P1S4.2Cl1.6O0.2 -> 2.733 Li + 0.06061 MnP4O11 + 0.07576 Ni(PO3)2 + 0.6303 SCl + 0.4091 NiS2 + 0.06061 CoS2 + 0.08485 SO2
NMC811,lpsocl,4.3,0.680073,-1.397136,0,0,0.5932 Li1Mn0.1Co0.1Ni0.8O2 + 0.4068 Li5.4P1S4.2Cl1.6O0.2 -> 2.79 Li + 0.04237 NiP4O11 + 0.05932 MnP4O11 + 0.6508 SCl + 0.4322 NiS2 + 0.05932 CoS2 + 0.07458 SO2
NMC811,lpsocl,4.3,0.708571,-1.393238,0,0,0.5604 Li1Mn0.1Co0.1Ni0.8O2 + 0.4396 Li5.4P1S4.2Cl1.6O0.2 -> 2.934 Li + 0.05385 NiP4O11 + 0.05604 MnP4O11 + 0.7033 SCl + 0.3945 NiS2 + 0.05604 CoS2 + 0.2418 S
NMC811,lpsocl,4.3,0.822281,-1.343892,0,0,0.4012 Li1Mn0.1Co0.1Ni0.8O2 + 0.5988 Li5.4P1S4.2Cl1.6O0.2 -> 3.635 Li + 0.04371 NiP4O11 + 0.04012 MnP4O11 + 0.9581 SCl + 0.2772 NiS2 + 0.04012 CoS2 + 0.1317 P2S7
NMC811,lpsocl,4.3,0.9919,-1.258283,0,0,0.02469 Li1Mn0.1Co0.1Ni0.8O2 + 0.9753 Li5.4P1S4.2Cl1.6O0.2 -> 5.291 Li + 0.01975 NiP4O11 + 0.002469 MnP4O11 + 1.224 SCl + 0.002469 CoS2 + 0.06725 PCl5 + 0.4096 P2S7
NMC811,lpsocl,4.3,0.992883,-1.257689,0,0,0.02174 Li1Mn0.1Co0.1Ni0.8O2 + 0.9783 Li5.4P1S4.2Cl1.6O0.2 -> 5.304 Li + 0.01739 NiP4O11 + 0.002174 MnP4O11 + 1.226 SCl + 0.002174 CoP4O11 + 0.06777 PCl5 + 0.4118 P2S7
NMC811,lpsocl,4.3,1.0,-1.2528,0,0,Li5.4P1S4.2Cl1.6O0.2 -> 5.4 Li + 1.235 SCl + 0.07294 PCl5 + 0.4235 P2S7 + 0.04 P2O5
NMC811,lpsocl,4.5,0.0,-0.299378,0,0,Li1Mn0.1Co0.1Ni0.8O2 -> Li + 0.1 Co(NiO2)2 + 0.1 Mn(Ni3O4)2 + 0.4 O2
NMC811,lpsocl,4.5,0.045521,-0.542945,0,0,0.9848 Li1Mn0.1Co0.1Ni0.8O2 + 0.01515 Li5.4P1S4.2Cl1.6O0.2 -> 1.067 Li + 0.01212 Ni(ClO4)2 + 0.09848 CoNiO3 + 0.007576 Ni3(PO4)2 + 0.09848 Mn(Ni3O4)2 + 0.06364 NiSO4 + 0.2386 O2
NMC811,lpsocl,4.5,0.10792,-0.88497,0,0,0.9624 Li1Mn0.1Co0.1Ni0.8O2 + 0.03756 Li5.4P1S4.2Cl1.6O0.2 -> 1.165 Li + 0.03005 Ni(ClO4)2 + 0.09624 CoNiO3 + 0.01878 Ni3(PO4)2 + 0.02958 MnNiO3 + 0.06667 Mn(Ni3O4)2 + 0.1577 NiSO4
NMC811,lpsocl,4.5,0.115185,-0.920209,0,0,0.9597 Li1Mn0.1Co0.1Ni0.8O2 + 0.0403 Li5.4P1S4.2Cl1.6O0.2 -> 1.177 Li + 0.03224 Ni(ClO4)2 + 0.02015 Ni3(PO4)2 + 0.014 MnNiO3 + 0.08197 Mn(Ni3O4)2 + 0.004173 Co23O32 + 0.1693 NiSO4
NMC811,lpsocl,4.5,0.159147,-1.128497,0,0,0.9425 Li1Mn0.1Co0.1Ni0.8O2 + 0.05754 Li5.4P1S4.2Cl1.6O0.2 -> 1.253 Li + 0.02877 Ni3(PO4)2 + 0.03711 MnNiO3 + 0.05714 Mn(Ni3O4)2 + 0.004098 Co23O32 + 0.04603 NiCl2 + 0.2417 NiSO4
NMC811,lpsocl,4.5,0.160048,-1.132445,0,0,0.9421 Li1Mn0.1Co0.1Ni0.8O2 + 0.05791 Li5.4P1S4.2Cl1.6O0.2 -> 1.255 Li + 0.02895 Ni3(PO4)2 + 0.03759 MnNiO3 + 0.05661 Mn(Ni3O4)2 + 0.04633 NiCl2 + 0.0314 Co3O4 + 0.2432 NiSO4
NMC811,lpsocl,4.5,0.163657,-1.145005,0,0,0.9406 Li1Mn0.1Co0.1Ni0.8O2 + 0.05937 Li5.4P1S4.2Cl1.6O0.2 -> 1.261 Li + 0.02969 Ni3(PO4)2 + 0.06109 Mn(Ni3O4)2 + 0.01648 Mn2CoO4 + 0.0475 NiCl2 + 0.02586 Co3O4 + 0.2494 NiSO4
NMC811,lpsocl,4.5,0.166854,-1.156142,0,0,0.9393 Li1Mn0.1Co0.1Ni0.8O2 + 0.06068 Li5.4P1S4.2Cl1.6O0.2 -> 1.267 Li + 0.002444 Ni3(PO4)2 + 0.07345 Mn(Ni3O4)2 + 0.01024 Mn2CoO4 + 0.0279 Co3(PO4)2 + 0.04855 NiCl2 + 0.2549 NiSO4
NMC811,lpsocl,4.5,0.167632,-1.158418,0,0,0.939 Li1Mn0.1Co0.1Ni0.8O2 + 0.061 Li5.4P1S4.2Cl1.6O0.2 -> 1.268 Li + 0.07647 Mn(Ni3O4)2 + 0.002397 Mn2CoO4 + 0.0305 Co3(PO4)2 + 0.0488 NiCl2 + 0.01264 MnSO4 + 0.2436 NiSO4
NMC811,lpsocl,4.5,0.171271,-1.169044,0,0,0.9375 Li1Mn0.1Co0.1Ni0.8O2 + 0.0625 Li5.4P1S4.2Cl1.6O0.2 -> 1.275 Li + 0.05625 Mn(Ni3O4)2 + 0.03125 Co3(PO4)2 + 0.05 NiCl2 + 0.0375 MnSO4 + 0.1375 NiO + 0.225 NiSO4
NMC811,lpsocl,4.5,0.180233,-1.1953,0,0,0.9338 Li1Mn0.1Co0.1Ni0.8O2 + 0.06623 Li5.4P1S4.2Cl1.6O0.2 -> 1.291 Li + 0.001987 Ni3(PO4)2 + 0.03113 Co3(PO4)2 + 0.05298 NiCl2 + 0.09338 MnSO4 + 0.5033 NiO + 0.1848 NiSO4
NMC811,lpsocl,4.5,0.299228,-1.350314,0,0,0.8789 Li1Mn0.1Co0.1Ni0.8O2 + 0.1211 Li5.4P1S4.2Cl1.6O0.2 -> 1.533 Li + 0.03123 Ni3(PO4)2 + 0.0293 Co3(PO4)2 + 0.09201 Ni3S2 + 0.09685 NiCl2 + 0.08789 MnSO4 + 0.2366 NiSO4
NMC811,lpsocl,4.5,0.323518,-1.379745,0,0,0.8663 Li1Mn0.1Co0.1Ni0.8O2 + 0.1337 Li5.4P1S4.2Cl1.6O0.2 -> 1.588 Li + 0.06683 Ni3(PO4)2 + 0.04093 Ni3S2 + 0.1069 NiCl2 + 0.08663 MnSO4 + 0.04332 Co2NiS4 + 0.2196 NiSO4
NMC811,lpsocl,4.5,0.342271,-1.401753,0,0,0.8563 Li1Mn0.1Co0.1Ni0.8O2 + 0.1437 Li5.4P1S4.2Cl1.6O0.2 -> 1.632 Li + 0.07187 Ni3(PO4)2 + 0.07043 Co(NiS2)2 + 0.115 NiCl2 + 0.08563 MnSO4 + 0.007598 Co2NiS4 + 0.206 NiSO4
NMC811,lpsocl,4.5,0.354691,-1.411748,0,0,0.8494 Li1Mn0.1Co0.1Ni0.8O2 + 0.1506 Li5.4P1S4.2Cl1.6O0.2 -> 1.663 Li + 0.03072 Ni3(PO4)2 + 0.04458 Ni2P2O7 + 0.08494 Co(NiS2)2 + 0.1205 NiCl2 + 0.08494 MnSO4 + 0.2078 NiSO4
NMC811,lpsocl,4.5,0.363789,-1.418921,0,0,0.8443 Li1Mn0.1Co0.1Ni0.8O2 + 0.1557 Li5.4P1S4.2Cl1.6O0.2 -> 1.685 Li + 0.07786 Ni2P2O7 + 0.08443 Co(NiS2)2 + 0.1246 NiCl2 + 0.08443 MnSO4 + 0.005673 Ni3S4 + 0.2092 NiSO4
NMC811,lpsocl,4.5,0.388193,-1.435891,0,0,0.8301 Li1Mn0.1Co0.1Ni0.8O2 + 0.1699 Li5.4P1S4.2Cl1.6O0.2 -> 1.748 Li + 0.08301 Co(NiS2)2 + 0.08495 Ni(PO3)2 + 0.1359 NiCl2 + 0.08301 MnSO4 + 0.02136 Ni3S4 + 0.2131 NiSO4
NMC811,lpsocl,4.5,0.397828,-1.440866,0,0,0.8243 Li1Mn0.1Co0.1Ni0.8O2 + 0.1757 Li5.4P1S4.2Cl1.6O0.2 -> 1.773 Li + 0.08243 Co(NiS2)2 + 0.05946 NiS2 + 0.08784 Ni(PO3)2 + 0.1405 NiCl2 + 0.08243 MnSO4 + 0.2068 NiSO4
NMC811,lpsocl,4.5,0.432558,-1.457128,0,0,0.8026 Li1Mn0.1Co0.1Ni0.8O2 + 0.1974 Li5.4P1S4.2Cl1.6O0.2 -> 1.868 Li + 0.08026 CoS2 + 0.2026 NiS2 + 0.09868 Ni(PO3)2 + 0.1579 NiCl2 + 0.08026 MnSO4 + 0.1829 NiSO4
NMC811,lpsocl,4.5,0.50513,-1.482572,0,0,0.7523 Li1Mn0.1Co0.1Ni0.8O2 + 0.2477 Li5.4P1S4.2Cl1.6O0.2 -> 2.09 Li + 0.07523 CoS2 + 0.2798 NiS2 + 0.255 SO2 + 0.1239 Ni(PO3)2 + 0.1982 NiCl2 + 0.07523 MnSO4
NMC811,lpsocl,4.5,0.531429,-1.490903,0,0,0.7321 Li1Mn0.1Co0.1Ni0.8O2 + 0.2679 Li5.4P1S4.2Cl1.6O0.2 -> 2.179 Li + 0.07321 CoS2 + 0.3107 NiS2 + 0.3571 SO2 + 0.06071 Ni(PO3)2 + 0.2143 NiCl2 + 0.07321 Mn(PO3)2
NMC811,lpsocl,4.5,0.65035,-1.51644,0,0,0.625 Li1Mn0.1Co0.1Ni0.8O2 + 0.375 Li5.4P1S4.2Cl1.6O0.2 -> 2.65 Li + 0.6 SCl + 0.0625 CoS2 + 0.375 NiS2 + 0.1 SO2 + 0.125 Ni(PO3)2 + 0.0625 Mn(PO3)2
NMC811,lpsocl,4.5,0.668325,-1.517994,1,0,0.6061 Li1Mn0.1Co0.1Ni0.8O2 + 0.3939 Li5.4P1S4.2Cl1.6O0.2 -> 2.733 Li + 0.06061 MnP4O11 + 0.6303 SCl + 0.06061 CoS2 + 0.4091 NiS2 + 0.08485 SO2 + 0.07576 Ni(PO3)2
NMC811,lpsocl,4.5,0.680073,-1.517722,0,0,0.5932 Li1Mn0.1Co0.1Ni0.8O2 + 0.4068 Li5.4P1S4.2Cl1.6O0.2 -> 2.79 Li + 0.04237 NiP4O11 + 0.05932 MnP4O11 + 0.6508 SCl + 0.05932 CoS2 + 0.4322 NiS2 + 0.07458 SO2
NMC811,lpsocl,4.5,0.708571,-1.516564,0,0,0.5604 Li1Mn0.1Co0.1Ni0.8O2 + 0.4396 Li5.4P1S4.2Cl1.6O0.2 -> 2.934 Li + 0.05385 NiP4O11 + 0.05604 MnP4O11 + 0.7033 SCl + 0.05604 CoS2 + 0.3945 NiS2 + 0.2418 S
NMC811,lpsocl,4.5,0.822281,-1.478631,0,0,0.4012 Li1Mn0.1Co0.1Ni0.8O2 + 0.5988 Li5.4P1S4.2Cl1.6O0.2 -> 3.635 Li + 0.04371 NiP4O11 + 0.04012 MnP4O11 + 0.9581 SCl + 0.04012 CoS2 + 0.2772 NiS2 + 0.1317 P2S7
NMC811,lpsocl,4.5,0.9919,-1.411628,0,0,0.02469 Li1Mn0.1Co0.1Ni0.8O2 + 0.9753 Li5.4P1S4.2Cl1.6O0.2 -> 5.291 Li + 0.01975 NiP4O11 + 0.002469 MnP4O11 + 1.224 SCl + 0.002469 CoS2 + 0.4096 P2S7 + 0.06725 PCl5
NMC811,lpsocl,4.5,0.992883,-1.411148,0,0,0.02174 Li1Mn0.1Co0.1Ni0.8O2 + 0.9783 Li5.4P1S4.2Cl1.6O0.2 -> 5.304 Li + 0.01739 NiP4O11 + 0.002174 CoP4O11 + 0.002174 MnP4O11 + 1.226 SCl + 0.4118 P2S7 + 0.06777 PCl5
NMC811,lpsocl,4.5,1.0,-1.407086,0,0,Li5.4P1S4.2Cl1.6O0.2 -> 5.4 Li + 1.235 SCl + 0.4235 P2S7 + 0.07294 PCl5 + 0.04 P2O5
NMC811,o_only_003,2.5,0.0,-0.025971,0,0,Li1Mn0.1Co0.1Ni0.8O2 + 0.7 Li -> 0.1 Li2MnO3 + 0.8 NiO + 0.1 LiCoO2 + 0.7 Li2O
NMC811,o_only_003,2.5,0.091871,-0.389155,0,0,0.9684 Li1Mn0.1Co0.1Ni0.8O2 + 0.0316 Li5.4P1S4.37Cl1.6O0.03 -> 0.427 Li + 0.09684 Li2MnO3 + 0.7747 NiO + 0.0316 Li3PO4 + 0.09684 LiCoO2 + 0.1381 Li2SO4 + 0.05056 LiCl
NMC811,o_only_003,2.5,0.103636,-0.413758,0,0,0.964 Li1Mn0.1Co0.1Ni0.8O2 + 0.03596 Li5.4P1S4.37Cl1.6O0.03 -> 0.4858 Li + 0.0964 Li2MnO3 + 0.7712 NiO + 0.0964 CoO + 0.03596 Li3PO4 + 0.1571 Li2SO4 + 0.05753 LiCl
NMC811,o_only_003,2.5,0.115099,-0.437806,0,0,0.9597 Li1Mn0.1Co0.1Ni0.8O2 + 0.04027 Li5.4P1S4.37Cl1.6O0.03 -> 0.544 Li + 0.09597 LiMnO2 + 0.7678 NiO + 0.09597 CoO + 0.04027 Li3PO4 + 0.176 Li2SO4 + 0.06443 LiCl
NMC811,o_only_003,2.5,0.120721,-0.449431,0,0,0.9576 Li1Mn0.1Co0.1Ni0.8O2 + 0.04241 Li5.4P1S4.37Cl1.6O0.03 -> 0.6208 Li + 0.04788 Mn2CoO4 + 0.7661 NiO + 0.04788 CoO + 0.04241 Li3PO4 + 0.1853 Li2SO4 + 0.06786 LiCl
NMC811,o_only_003,2.5,0.12258,-0.451734,0,0,0.9569 Li1Mn0.1Co0.1Ni0.8O2 + 0.04312 Li5.4P1S4.37Cl1.6O0.03 -> 0.6145 Li + 0.7655 NiO + 0.0319 Mn3O4 + 0.09569 CoO + 0.04312 Li3PO4 + 0.1884 Li2SO4 + 0.069 LiCl
NMC811,o_only_003,2.5,0.203392,-0.515416,0,0,0.9239 Li1Mn0.1Co0.1Ni0.8O2 + 0.07609 Li5.4P1S4.37Cl1.6O0.03 -> 0.3197 Li + 0.0308 Mn3O4 + 0.09239 CoO + 0.07609 Li3PO4 + 0.3325 Li2SO4 + 0.7391 Ni + 0.1218 LiCl
NMC811,o_only_003,2.5,0.360465,-0.646495,0,0,0.8462 Li1Mn0.1Co0.1Ni0.8O2 + 0.1538 Li5.4P1S4.37Cl1.6O0.03 -> 0.5272 Li + 0.2256 Ni3S2 + 0.02821 Mn3O4 + 0.08462 CoO + 0.1538 Li3PO4 + 0.221 Li2SO4 + 0.2462 LiCl
NMC811,o_only_003,2.5,0.386305,-0.668032,0,0,0.8312 Li1Mn0.1Co0.1Ni0.8O2 + 0.1688 Li5.4P1S4.37Cl1.6O0.03 -> 0.5255 Li + 0.2217 Ni3S2 + 0.02771 Mn3O4 + 0.009236 Co9S8 + 0.1688 Li3PO4 + 0.2204 Li2SO4 + 0.2701 LiCl
NMC811,o_only_003,2.5,0.388114,-0.66933,0,0,0.8301 Li1Mn0.1Co0.1Ni0.8O2 + 0.1699 Li5.4P1S4.37Cl1.6O0.03 -> 0.5146 Li + 0.2214 Ni3S2 + 0.009224 Co9S8 + 0.1699 Li3PO4 + 0.08301 MnO + 0.2257 Li2SO4 + 0.2718 LiCl
NMC811,o_only_003,2.5,0.404498,-0.677167,0,0,0.8203 Li1Mn0.1Co0.1Ni0.8O2 + 0.1797 Li5.4P1S4.37Cl1.6O0.03 -> 0.5416 Li + 0.2051 Ni3S2 + 0.04101 Co2NiS4 + 0.1797 Li3PO4 + 0.08203 MnO + 0.2112 Li2SO4 + 0.2876 LiCl
NMC811,o_only_003,2.5,0.409579,-0.679293,0,0,0.8171 Li1Mn0.1Co0.1Ni0.8O2 + 0.1829 Li5.4P1S4.37Cl1.6O0.03 -> 0.6727 Li + 0.2043 Ni3S2 + 0.08171 LiMnPO4 + 0.04086 Co2NiS4 + 0.1011 Li3PO4 + 0.2271 Li2SO4 + 0.2926 LiCl
NMC811,o_only_003,2.5,0.429066,-0.686636,0,0,0.8049 Li1Mn0.1Co0.1Ni0.8O2 + 0.1951 Li5.4P1S4.37Cl1.6O0.03 -> 0.7044 Li + 0.161 Ni3S2 + 0.08049 LiMnPO4 + 0.08049 Co(NiS2)2 + 0.1146 Li3PO4 + 0.2088 Li2SO4 + 0.3122 LiCl
NMC811,o_only_003,2.5,0.453132,-0.694996,0,0,0.7891 Li1Mn0.1Co0.1Ni0.8O2 + 0.2109 Li5.4P1S4.37Cl1.6O0.03 -> 0.7452 Li + 0.05261 Ni9S8 + 0.07891 LiMnPO4 + 0.07891 Co(NiS2)2 + 0.132 Li3PO4 + 0.1852 Li2SO4 + 0.3375 LiCl
NMC811,o_only_003,2.5,0.49565,-0.70765,1,0,0.7593 Li1Mn0.1Co0.1Ni0.8O2 + 0.2407 Li5.4P1S4.37Cl1.6O0.03 -> 0.8222 Li + 0.07593 LiMnPO4 + 0.07593 Co(NiS2)2 + 0.1648 Li3PO4 + 0.1519 Ni3S4 + 0.1407 Li2SO4 + 0.3851 LiCl
NMC811,o_only_003,2.5,0.523439,-0.707642,0,0,0.7384 Li1Mn0.1Co0.1Ni0.8O2 + 0.2616 Li5.4P1S4.37Cl1.6O0.03 -> 0.7286 Li + 0.07384 Co(NiS2)2 + 0.2616 Li3PO4 + 0.1477 Ni3S4 + 0.1095 Li2SO4 + 0.07384 MnS2 + 0.4186 LiCl
NMC811,o_only_003,2.5,0.570742,-0.68949,0,0,0.6998 Li1Mn0.1Co0.1Ni0.8O2 + 0.3002 Li5.4P1S4.37Cl1.6O0.03 -> 0.836 Li + 0.06998 Co(NiS2)2 + 0.4199 NiS2 + 0.3002 Li3PO4 + 0.05201 Li2SO4 + 0.06998 MnS2 + 0.4803 LiCl
NMC811,o_only_003,2.5,0.591039,-0.680122,0,0,0.682 Li1Mn0.1Co0.1Ni0.8O2 + 0.318 Li5.4P1S4.37Cl1.6O0.03 -> 0.8855 Li + 0.5456 NiS2 + 0.318 Li3PO4 + 0.0682 CoS2 + 0.02544 Li2SO4 + 0.0682 MnS2 + 0.5087 LiCl
NMC811,o_only_003,2.5,0.609636,-0.666126,0,0,0.665 Li1Mn0.1Co0.1Ni0.8O2 + 0.335 Li5.4P1S4.37Cl1.6O0.03 -> 0.8995 Li + 0.532 NiS2 + 0.335 Li3PO4 + 0.0665 CoS2 + 0.0665 MnS2 + 0.536 LiCl + 0.0335 LiS4
NMC811,o_only_003,2.5,1.0,-0.094764,0,0,Li5.4P1S4.37Cl1.6O0.03 -> 3.553 Li + 0.4962 P2S7 + 0.0075 Li3PO4 + 1.6 LiCl + 0.2241 LiS4
NMC811,o_only_003,3.0,0.0,0.0,0,0,Li1Mn0.1Co0.1Ni0.8O2 -> 0.6 LiNiO2 + 0.1 Li2CoO3 + 0.1 Li2MnO3 + 0.2 NiO
NMC811,o_only_003,3.0,0.079794,-0.399415,0,0,0.9728 Li1Mn0.1Co0.1Ni0.8O2 + 0.02721 Li5.4P1S4.37Cl1.6O0.03 -> 0.3676 Li + 0.09728 Li2CoO3 + 0.09728 Li2MnO3 + 0.02721 Li3PO4 + 0.7782 NiO + 0.1189 Li2SO4 + 0.04354 LiCl
NMC811,o_only_003,3.0,0.091871,-0.457437,0,0,0.9684 Li1Mn0.1Co0.1Ni0.8O2 + 0.0316 Li5.4P1S4.37Cl1.6O0.03 -> 0.427 Li + 0.09684 LiCoO2 + 0.09684 Li2MnO3 + 0.0316 Li3PO4 + 0.7747 NiO + 0.1381 Li2SO4 + 0.05056 LiCl
NMC811,o_only_003,3.0,0.094249,-0.466894,0,0,0.9675 Li1Mn0.1Co0.1Ni0.8O2 + 0.03248 Li5.4P1S4.37Cl1.6O0.03 -> 0.4775 Li + 0.01935 Li4MnCo5O12 + 0.0774 Li2MnO3 + 0.03248 Li3PO4 + 0.774 NiO + 0.1419 Li2SO4 + 0.05196 LiCl
NMC811,o_only_003,3.0,0.100528,-0.488971,0,0,0.9652 Li1Mn0.1Co0.1Ni0.8O2 + 0.0348 Li5.4P1S4.37Cl1.6O0.03 -> 0.5602 Li + 0.02574 Li2Mn3NiO8 + 0.0193 Li4MnCo5O12 + 0.0348 Li3PO4 + 0.7464 NiO + 0.1521 Li2SO4 + 0.05568 LiCl
NMC811,o_only_003,3.0,0.11384,-0.528235,0,0,0.9602 Li1Mn0.1Co0.1Ni0.8O2 + 0.03979 Li5.4P1S4.37Cl1.6O0.03 -> 0.6016 Li + 0.01067 Li4MnCo5O12 + 0.04268 Mn2CoO4 + 0.03979 Li3PO4 + 0.7682 NiO + 0.1739 Li2SO4 + 0.06367 LiCl
NMC811,o_only_003,3.0,0.120721,-0.547368,0,0,0.9576 Li1Mn0.1Co0.1Ni0.8O2 + 0.04241 Li5.4P1S4.37Cl1.6O0.03 -> 0.6208 Li + 0.04788 Mn2CoO4 + 0.04241 Li3PO4 + 0.7661 NiO + 0.04788 CoO + 0.1853 Li2SO4 + 0.06786 LiCl
NMC811,o_only_003,3.0,0.125882,-0.558038,0,0,0.9556 Li1Mn0.1Co0.1Ni0.8O2 + 0.04439 Li5.4P1S4.37Cl1.6O0.03 -> 0.6919 Li + 0.04439 LiCoPO4 + 0.04778 Mn2CoO4 + 0.7645 NiO + 0.003388 CoO + 0.194 Li2SO4 + 0.07103 LiCl
NMC811,o_only_003,3.0,0.130339,-0.565735,0,0,0.9539 Li1Mn0.1Co0.1Ni0.8O2 + 0.04612 Li5.4P1S4.37Cl1.6O0.03 -> 0.7537 Li + 0.04612 LiCoPO4 + 0.04769 Mn2CoO4 + 0.03689 NiCl2 + 0.7262 NiO + 0.001578 CoO + 0.2015 Li2SO4
NMC811,o_only_003,3.0,0.137971,-0.57693,0,0,0.9509 Li1Mn0.1Co0.1Ni0.8O2 + 0.0491 Li5.4P1S4.37Cl1.6O0.03 -> 0.7869 Li + 0.02455 Mn3(PO4)2 + 0.01072 Mn2CoO4 + 0.03928 NiCl2 + 0.7214 NiO + 0.08437 CoO + 0.2145 Li2SO4
NMC811,o_only_003,3.0,0.141729,-0.582282,0,0,0.9494 Li1Mn0.1Co0.1Ni0.8O2 + 0.05057 Li5.4P1S4.37Cl1.6O0.03 -> 0.8187 Li + 0.02529 Mn3(PO4)2 + 0.01908 Li2Mn(SO4)2 + 0.04046 NiCl2 + 0.7191 NiO + 0.09494 CoO + 0.1829 Li2SO4
NMC811,o_only_003,3.0,0.147875,-0.590655,0,0,0.947 Li1Mn0.1Co0.1Ni0.8O2 + 0.05301 Li5.4P1S4.37Cl1.6O0.03 -> 0.9063 Li + 0.05301 LiCoPO4 + 0.0947 Li2Mn(SO4)2 + 0.04241 NiCl2 + 0.7152 NiO + 0.04169 CoO + 0.04227 Li2SO4
NMC811,o_only_003,3.0,0.151152,-0.59387,0,0,0.9457 Li1Mn0.1Co0.1Ni0.8O2 + 0.05432 Li5.4P1S4.37Cl1.6O0.03 -> 0.9534 Li + 0.02716 Co3(PO4)2 + 0.09457 Li2Mn(SO4)2 + 0.04346 NiCl2 + 0.7131 NiO + 0.01309 CoO + 0.04825 Li2SO4
NMC811,o_only_003,3.0,0.156537,-0.598073,0,0,0.9435 Li1Mn0.1Co0.1Ni0.8O2 + 0.05649 Li5.4P1S4.37Cl1.6O0.03 -> 0.9607 Li + 0.02824 Co3(PO4)2 + 0.09435 Li2Mn(SO4)2 + 0.04519 NiCl2 + 0.001069 Co9S8 + 0.7096 NiO + 0.04959 Li2SO4
NMC811,o_only_003,3.0,0.171271,-0.609521,0,0,0.9375 Li1Mn0.1Co0.1Ni0.8O2 + 0.0625 Li5.4P1S4.37Cl1.6O0.03 -> 0.9765 Li + 0.03125 Co3(PO4)2 + 0.09375 Li2Mn(SO4)2 + 0.01506 Ni3S2 + 0.05 NiCl2 + 0.6548 NiO + 0.05551 Li2SO4
NMC811,o_only_003,3.0,0.236641,-0.660402,0,0,0.9091 Li1Mn0.1Co0.1Ni0.8O2 + 0.09091 Li5.4P1S4.37Cl1.6O0.03 -> 0.9823 Li + 0.09091 LiCoPO4 + 0.09091 Li2Mn(SO4)2 + 0.07149 Ni3S2 + 0.07273 NiCl2 + 0.4401 NiO + 0.07248 Li2SO4
NMC811,o_only_003,3.0,0.337523,-0.74236,0,0,0.8588 Li1Mn0.1Co0.1Ni0.8O2 + 0.1412 Li5.4P1S4.37Cl1.6O0.03 -> 1.128 Li + 0.02763 Ni3(PO4)2 + 0.08588 LiCoPO4 + 0.08588 Li2Mn(SO4)2 + 0.1638 Ni3S2 + 0.1129 NiCl2 + 0.1176 Li2SO4
NMC811,o_only_003,3.0,0.35042,-0.750889,0,0,0.8518 Li1Mn0.1Co0.1Ni0.8O2 + 0.1482 Li5.4P1S4.37Cl1.6O0.03 -> 1.009 Li + 0.003131 Ni3(PO4)2 + 0.08518 LiCoPO4 + 0.02839 Mn3(PO4)2 + 0.1845 Ni3S2 + 0.1186 NiCl2 + 0.2788 Li2SO4
NMC811,o_only_003,3.0,0.350908,-0.751158,0,0,0.8515 Li1Mn0.1Co0.1Ni0.8O2 + 0.1485 Li5.4P1S4.37Cl1.6O0.03 -> 1.005 Li + 0.006578 LiNiPO4 + 0.08515 LiCoPO4 + 0.02838 Mn3(PO4)2 + 0.1853 Ni3S2 + 0.1188 NiCl2 + 0.2784 Li2SO4
NMC811,o_only_003,3.0,0.388413,-0.771987,0,0,0.83 Li1Mn0.1Co0.1Ni0.8O2 + 0.17 Li5.4P1S4.37Cl1.6O0.03 -> 1.141 Li + 0.1147 LiNiPO4 + 0.083 Co(NiS2)2 + 0.02767 Mn3(PO4)2 + 0.08242 Ni3S2 + 0.136 NiCl2 + 0.2462 Li2SO4
NMC811,o_only_003,3.0,0.399243,-0.777874,0,0,0.8235 Li1Mn0.1Co0.1Ni0.8O2 + 0.1765 Li5.4P1S4.37Cl1.6O0.03 -> 1.182 Li + 0.02569 Ni9S8 + 0.1216 LiNiPO4 + 0.08235 Co(NiS2)2 + 0.02745 Mn3(PO4)2 + 0.1412 NiCl2 + 0.2365 Li2SO4
NMC811,o_only_003,3.0,0.403966,-0.780367,0,0,0.8206 Li1Mn0.1Co0.1Ni0.8O2 + 0.1794 Li5.4P1S4.37Cl1.6O0.03 -> 1.146 Li + 0.02794 Ni9S8 + 0.09735 LiNiPO4 + 0.08206 Co(NiS2)2 + 0.08206 LiMnPO4 + 0.1435 NiCl2 + 0.2322 Li2SO4
NMC811,o_only_003,3.0,0.422684,-0.789424,0,0,0.8089 Li1Mn0.1Co0.1Ni0.8O2 + 0.1911 Li5.4P1S4.37Cl1.6O0.03 -> 1.22 Li + 0.1102 LiNiPO4 + 0.08089 Co(NiS2)2 + 0.08089 LiMnPO4 + 0.1528 NiCl2 + 0.07412 Ni3S4 + 0.2149 Li2SO4
NMC811,o_only_003,3.0,0.450459,-0.798278,0,0,0.7909 Li1Mn0.1Co0.1Ni0.8O2 + 0.2091 Li5.4P1S4.37Cl1.6O0.03 -> 1.075 Li + 0.07909 Co(NiS2)2 + 0.07909 LiMnPO4 + 0.1673 NiCl2 + 0.13 Li3PO4 + 0.1024 Ni3S4 + 0.1879 Li2SO4
NMC811,o_only_003,3.0,0.49565,-0.811392,0,0,0.7593 Li1Mn0.1Co0.1Ni0.8O2 + 0.2407 Li5.4P1S4.37Cl1.6O0.03 -> 0.8222 Li + 0.07593 Co(NiS2)2 + 0.07593 LiMnPO4 + 0.1648 Li3PO4 + 0.1519 Ni3S4 + 0.1407 Li2SO4 + 0.3851 LiCl
NMC811,o_only_003,3.0,0.499701,-0.812081,1,0,0.7563 Li1Mn0.1Co0.1Ni0.8O2 + 0.2437 Li5.4P1S4.37Cl1.6O0.03 -> 0.956 Li + 0.07563 Co(NiS2)2 + 0.08403 Li4P2O7 + 0.07563 LiMnPO4 + 0.1513 Ni3S4 + 0.1573 Li2SO4 + 0.3899 LiCl
NMC811,o_only_003,3.0,0.501547,-0.812034,0,0,0.755 Li1Mn0.1Co0.1Ni0.8O2 + 0.245 Li5.4P1S4.37Cl1.6O0.03 -> 1.017 Li + 0.0755 Co(NiS2)2 + 0.0755 Li2MnP2O7 + 0.04703 Li4P2O7 + 0.151 Ni3S4 + 0.1649 Li2SO4 + 0.3921 LiCl
NMC811,o_only_003,3.0,0.55416,-0.801984,0,0,0.7138 Li1Mn0.1Co0.1Ni0.8O2 + 0.2862 Li5.4P1S4.37Cl1.6O0.03 -> 1.154 Li + 0.4283 NiS2 + 0.07138 Co(NiS2)2 + 0.07138 Li2MnP2O7 + 0.07172 Li4P2O7 + 0.1086 Li2SO4 + 0.4579 LiCl
NMC811,o_only_003,3.0,0.576511,-0.796152,0,0,0.6949 Li1Mn0.1Co0.1Ni0.8O2 + 0.3051 Li5.4P1S4.37Cl1.6O0.03 -> 1.218 Li + 0.5559 NiS2 + 0.06949 CoS2 + 0.06949 Li2MnP2O7 + 0.08308 Li4P2O7 + 0.08272 Li2SO4 + 0.4882 LiCl
NMC811,o_only_003,3.0,0.596728,-0.785335,0,0,0.6769 Li1Mn0.1Co0.1Ni0.8O2 + 0.3231 Li5.4P1S4.37Cl1.6O0.03 -> 1.142 Li + 0.5415 NiS2 + 0.06769 CoS2 + 0.1616 Li4P2O7 + 0.06769 MnS2 + 0.05816 Li2SO4 + 0.517 LiCl
NMC811,o_only_003,3.0,0.641158,-0.752003,0,0,0.6344 Li1Mn0.1Co0.1Ni0.8O2 + 0.3656 Li5.4P1S4.37Cl1.6O0.03 -> 1.21 Li + 0.5075 NiS2 + 0.06344 CoS2 + 0.1828 Li4P2O7 + 0.06344 MnS2 + 0.585 LiCl + 0.08227 LiS4
NMC811,o_only_003,3.0,0.676118,-0.720897,0,0,0.5976 Li1Mn0.1Co0.1Ni0.8O2 + 0.4024 Li5.4P1S4.37Cl1.6O0.03 -> 1.584 Li + 0.4781 NiS2 + 0.05976 CoS2 + 0.05976 MnS2 + 0.4024 LiPO3 + 0.6439 LiCl + 0.1408 LiS4
NMC811,o_only_003,3.0,1.0,-0.348842,0,0,Li5.4P1S4.37Cl1.6O0.03 -> 3.564 Li + 0.495 P2S7 + 0.01 LiPO3 + 1.6 LiCl + 0.2262 LiS4
NMC811,o_only_003,3.5,0.0,-0.003246,0,0,Li1Mn0.1Co0.1Ni0.8O2 -> 0.4 Li + 0.36 Li(NiO2)2 + 0.02 Li4MnCo5O12 + 0.08 Li2MnO3 + 0.08 NiO
NMC811,o_only_003,3.5,0.074197,-0.445519,0,0,0.9748 Li1Mn0.1Co0.1Ni0.8O2 + 0.0252 Li5.4P1S4.37Cl1.6O0.03 -> 0.5407 Li + 0.0195 Li4MnCo5O12 + 0.04032 LiClO4 + 0.07798 Li2MnO3 + 0.0252 Li3PO4 + 0.7798 NiO + 0.1101 Li2SO4
NMC811,o_only_003,3.5,0.079258,-0.474394,0,0,0.973 Li1Mn0.1Co0.1Ni0.8O2 + 0.02702 Li5.4P1S4.37Cl1.6O0.03 -> 0.6287 Li + 0.02595 Li2Mn3NiO8 + 0.01946 Li4MnCo5O12 + 0.04323 LiClO4 + 0.02702 Li3PO4 + 0.7524 NiO + 0.1181 Li2SO4
NMC811,o_only_003,3.5,0.100528,-0.578199,0,0,0.9652 Li1Mn0.1Co0.1Ni0.8O2 + 0.0348 Li5.4P1S4.37Cl1.6O0.03 -> 0.5602 Li + 0.02574 Li2Mn3NiO8 + 0.0193 Li4MnCo5O12 + 0.0348 Li3PO4 + 0.7464 NiO + 0.1521 Li2SO4 + 0.05568 LiCl
NMC811,o_only_003,3.5,0.103636,-0.593326,0,0,0.964 Li1Mn0.1Co0.1Ni0.8O2 + 0.03596 Li5.4P1S4.37Cl1.6O0.03 -> 0.6014 Li + 0.07712 Mn(Ni3O4)2 + 0.01928 Li4MnCo5O12 + 0.03596 Li3PO4 + 0.3085 NiO + 0.1571 Li2SO4 + 0.05753 LiCl
NMC811,o_only_003,3.5,0.10722,-0.60688,0,0,0.9627 Li1Mn0.1Co0.1Ni0.8O2 + 0.0373 Li5.4P1S4.37Cl1.6O0.03 -> 0.6492 Li + 0.07702 Mn(Ni3O4)2 + 0.01925 Li4MnCo5O12 + 0.02984 NiCl2 + 0.0373 Li3PO4 + 0.2782 NiO + 0.163 Li2SO4
NMC811,o_only_003,3.5,0.112065,-0.624834,0,0,0.9609 Li1Mn0.1Co0.1Ni0.8O2 + 0.03912 Li5.4P1S4.37Cl1.6O0.03 -> 0.7142 Li + 0.03912 LiNiPO4 + 0.07687 Mn(Ni3O4)2 + 0.01922 Li4MnCo5O12 + 0.0313 NiCl2 + 0.2371 NiO + 0.171 Li2SO4
NMC811,o_only_003,3.5,0.117369,-0.644267,0,0,0.9589 Li1Mn0.1Co0.1Ni0.8O2 + 0.04113 Li5.4P1S4.37Cl1.6O0.03 -> 0.7366 Li + 0.08494 Mn(Ni3O4)2 + 0.01095 Li4MnCo5O12 + 0.0329 NiCl2 + 0.04113 LiCoPO4 + 0.2246 NiO + 0.1797 Li2SO4
NMC811,o_only_003,3.5,0.122103,-0.661526,0,0,0.9571 Li1Mn0.1Co0.1Ni0.8O2 + 0.04294 Li5.4P1S4.37Cl1.6O0.03 -> 0.7707 Li + 0.09571 Mn(Ni3O4)2 + 0.03435 NiCl2 + 0.04294 LiCoPO4 + 0.1571 NiO + 0.01759 Co3O4 + 0.1876 Li2SO4
NMC811,o_only_003,3.5,0.125918,-0.672758,0,0,0.9556 Li1Mn0.1Co0.1Ni0.8O2 + 0.04441 Li5.4P1S4.37Cl1.6O0.03 -> 0.8073 Li + 0.09556 Mn(Ni3O4)2 + 0.0222 Co3(PO4)2 + 0.03553 NiCl2 + 0.1556 NiO + 0.00965 Co3O4 + 0.1941 Li2SO4
NMC811,o_only_003,3.5,0.130526,-0.685445,0,0,0.9538 Li1Mn0.1Co0.1Ni0.8O2 + 0.04619 Li5.4P1S4.37Cl1.6O0.03 -> 0.8517 Li + 0.0261 Li2Co(SO4)2 + 0.09538 Mn(Ni3O4)2 + 0.02309 Co3(PO4)2 + 0.03695 NiCl2 + 0.1538 NiO + 0.1497 Li2SO4
NMC811,o_only_003,3.5,0.152647,-0.74632,0,0,0.9451 Li1Mn0.1Co0.1Ni0.8O2 + 0.05492 Li5.4P1S4.37Cl1.6O0.03 -> 0.9749 Li + 0.01213 Li2Co(SO4)2 + 0.09451 Li2Mn(SO4)2 + 0.02746 Co3(PO4)2 + 0.04394 NiCl2 + 0.7121 NiO + 0.02673 Li2SO4
NMC811,o_only_003,3.5,0.15736,-0.759045,0,0,0.9432 Li1Mn0.1Co0.1Ni0.8O2 + 0.05682 Li5.4P1S4.37Cl1.6O0.03 -> 1.043 Li + 0.009091 Li2Co(SO4)2 + 0.09432 Li2Mn(SO4)2 + 0.02841 Co3(PO4)2 + 0.04545 NiCl2 + 0.04148 NiSO4 + 0.6676 NiO
NMC811,o_only_003,3.5,0.158793,-0.762879,0,0,0.9426 Li1Mn0.1Co0.1Ni0.8O2 + 0.0574 Li5.4P1S4.37Cl1.6O0.03 -> 1.064 Li + 0.09426 Li2Mn(SO4)2 + 0.0287 Co3(PO4)2 + 0.008163 CoSO4 + 0.04592 NiCl2 + 0.05415 NiSO4 + 0.654 NiO
NMC811,o_only_003,3.5,0.171271,-0.794919,0,0,0.9375 Li1Mn0.1Co0.1Ni0.8O2 + 0.0625 Li5.4P1S4.37Cl1.6O0.03 -> 1.248 Li + 0.01375 Li2Mn(SO4)2 + 0.03125 Co3(PO4)2 + 0.05 NiCl2 + 0.1656 NiSO4 + 0.5344 NiO + 0.08 MnSO4
NMC811,o_only_003,3.5,0.173378,-0.800333,0,0,0.9366 Li1Mn0.1Co0.1Ni0.8O2 + 0.06337 Li5.4P1S4.37Cl1.6O0.03 -> 1.279 Li + 0.0004647 Ni3(PO4)2 + 0.03122 Co3(PO4)2 + 0.0507 NiCl2 + 0.1833 NiSO4 + 0.5139 NiO + 0.09366 MnSO4
NMC811,o_only_003,3.5,0.292978,-0.916187,0,0,0.8821 Li1Mn0.1Co0.1Ni0.8O2 + 0.1179 Li5.4P1S4.37Cl1.6O0.03 -> 1.519 Li + 0.09563 Ni3S2 + 0.02955 Ni3(PO4)2 + 0.0294 Co3(PO4)2 + 0.09433 NiCl2 + 0.2358 NiSO4 + 0.08821 MnSO4
NMC811,o_only_003,3.5,0.316991,-0.936886,0,0,0.8698 Li1Mn0.1Co0.1Ni0.8O2 + 0.1302 Li5.4P1S4.37Cl1.6O0.03 -> 1.573 Li + 0.04472 Ni3S2 + 0.06511 Ni3(PO4)2 + 0.04349 Co2NiS4 + 0.1042 NiCl2 + 0.2187 NiSO4 + 0.08698 MnSO4
NMC811,o_only_003,3.5,0.337297,-0.95352,0,0,0.859 Li1Mn0.1Co0.1Ni0.8O2 + 0.141 Li5.4P1S4.37Cl1.6O0.03 -> 1.621 Li + 0.07051 Ni3(PO4)2 + 0.004201 Co2NiS4 + 0.0775 Co(NiS2)2 + 0.1128 NiCl2 + 0.2036 NiSO4 + 0.0859 MnSO4
NMC811,o_only_003,3.5,0.343986,-0.956476,0,0,0.8553 Li1Mn0.1Co0.1Ni0.8O2 + 0.1447 Li5.4P1S4.37Cl1.6O0.03 -> 1.637 Li + 0.04821 Ni3(PO4)2 + 0.02413 Ni2P2O7 + 0.08553 Co(NiS2)2 + 0.1157 NiCl2 + 0.2046 NiSO4 + 0.08553 MnSO4
NMC811,o_only_003,3.5,0.358174,-0.962475,0,0,0.8474 Li1Mn0.1Co0.1Ni0.8O2 + 0.1526 Li5.4P1S4.37Cl1.6O0.03 -> 1.671 Li + 0.07628 Ni2P2O7 + 0.08474 Co(NiS2)2 + 0.122 NiCl2 + 0.2066 NiSO4 + 0.009077 Ni3S4 + 0.08474 MnSO4
NMC811,o_only_003,3.5,0.381807,-0.970167,0,0,0.8339 Li1Mn0.1Co0.1Ni0.8O2 + 0.1661 Li5.4P1S4.37Cl1.6O0.03 -> 1.731 Li + 0.08307 Ni(PO3)2 + 0.08339 Co(NiS2)2 + 0.1329 NiCl2 + 0.2102 NiSO4 + 0.02472 Ni3S4 + 0.08339 MnSO4
NMC811,o_only_003,3.5,0.407654,-0.974835,0,0,0.8183 Li1Mn0.1Co0.1Ni0.8O2 + 0.1817 Li5.4P1S4.37Cl1.6O0.03 -> 1.636 Li + 0.09083 Ni(PO3)2 + 0.08183 Li2Mn(SO4)2 + 0.08183 Co(NiS2)2 + 0.1453 NiCl2 + 0.1106 NiSO4 + 0.04807 Ni3S4
NMC811,o_only_003,3.5,0.427488,-0.977634,0,0,0.8059 Li1Mn0.1Co0.1Ni0.8O2 + 0.1941 Li5.4P1S4.37Cl1.6O0.03 -> 1.693 Li + 0.09706 Ni(PO3)2 + 0.08059 Li2Mn(SO4)2 + 0.1335 NiS2 + 0.08059 Co(NiS2)2 + 0.1553 NiCl2 + 0.09764 NiSO4
NMC811,o_only_003,3.5,0.457725,-0.981387,0,0,0.786 Li1Mn0.1Co0.1Ni0.8O2 + 0.214 Li5.4P1S4.37Cl1.6O0.03 -> 1.631 Li + 0.107 Ni(PO3)2 + 0.0786 Li2Mn(SO4)2 + 0.1934 NiS2 + 0.0786 Co(NiS2)2 + 0.1712 NiCl2 + 0.07689 Li2SO4
NMC811,o_only_003,3.5,0.480377,-0.98305,0,0,0.7703 Li1Mn0.1Co0.1Ni0.8O2 + 0.2297 Li5.4P1S4.37Cl1.6O0.03 -> 1.736 Li + 0.1149 Ni(PO3)2 + 0.07703 Li2Mn(SO4)2 + 0.3176 NiS2 + 0.07703 CoS2 + 0.1838 NiCl2 + 0.06052 Li2SO4
NMC811,o_only_003,3.5,0.501213,-0.9831,1,0,0.7552 Li1Mn0.1Co0.1Ni0.8O2 + 0.2448 Li5.4P1S4.37Cl1.6O0.03 -> 1.685 Li + 0.04688 Ni(PO3)2 + 0.3614 NiS2 + 0.07552 CoS2 + 0.1958 NiCl2 + 0.1958 Li2SO4 + 0.07552 Mn(PO3)2
NMC811,o_only_003,3.5,0.505501,-0.982672,0,0,0.752 Li1Mn0.1Co0.1Ni0.8O2 + 0.248 Li5.4P1S4.37Cl1.6O0.03 -> 1.675 Li + 0.03253 LiNi(PO3)3 + 0.3707 NiS2 + 0.0752 CoS2 + 0.1984 NiCl2 + 0.1919 Li2SO4 + 0.0752 Mn(PO3)2
NMC811,o_only_003,3.5,0.512256,-0.98146,0,0,0.7469 Li1Mn0.1Co0.1Ni0.8O2 + 0.2531 Li5.4P1S4.37Cl1.6O0.03 -> 1.658 Li + 0.009658 LiNi(PO3)3 + 0.07469 LiMn(PO3)3 + 0.3854 NiS2 + 0.07469 CoS2 + 0.2024 NiCl2 + 0.1856 Li2SO4
NMC811,o_only_003,3.5,0.51508,-0.980941,0,0,0.7448 Li1Mn0.1Co0.1Ni0.8O2 + 0.2552 Li5.4P1S4.37Cl1.6O0.03 -> 1.651 Li + 0.07448 LiMn(PO3)3 + 0.3917 NiS2 + 0.07448 CoS2 + 0.2042 NiCl2 + 0.1829 Li2SO4 + 0.03176 LiPO3
NMC811,o_only_003,3.5,0.669955,-0.941715,0,0,0.6043 Li1Mn0.1Co0.1Ni0.8O2 + 0.3957 Li5.4P1S4.37Cl1.6O0.03 -> 2.45 Li + 0.06043 LiMn(PO3)3 + 0.4834 NiS2 + 0.6331 SCl + 0.06043 CoS2 + 0.008344 Li2SO4 + 0.2144 LiPO3
NMC811,o_only_003,3.5,0.676118,-0.938888,0,0,0.5976 Li1Mn0.1Co0.1Ni0.8O2 + 0.4024 Li5.4P1S4.37Cl1.6O0.03 -> 2.488 Li + 0.05976 LiMn(PO3)3 + 0.4781 NiS2 + 0.6439 SCl + 0.05976 CoS2 + 0.2231 LiPO3 + 0.03903 S
NMC811,o_only_003,3.5,0.686709,-0.931442,0,0,0.5858 Li1Mn0.1Co0.1Ni0.8O2 + 0.4142 Li5.4P1S4.37Cl1.6O0.03 -> 2.643 Li + 0.05858 MnP4O11 + 0.4686 NiS2 + 0.6627 SCl + 0.05858 CoS2 + 0.1799 LiPO3 + 0.0929 S
NMC811,o_only_003,3.5,0.743542,-0.885572,0,0,0.5167 Li1Mn0.1Co0.1Ni0.8O2 + 0.4833 Li5.4P1S4.37Cl1.6O0.03 -> 2.967 Li + 0.05836 P2S7 + 0.05167 MnP4O11 + 0.4134 NiS2 + 0.7732 SCl + 0.05167 CoS2 + 0.1599 LiPO3
NMC811,o_only_003,3.5,1.0,-0.651088,0,0,Li5.4P1S4.37Cl1.6O0.03 -> 5.39 Li + 0.4541 P2S7 + 0.08176 PCl5 + 1.191 SCl + 0.01 LiPO3
NMC811,o_only_003,4.0,0.0,-0.133729,0,0,Li1Mn0.1Co0.1Ni0.8O2 -> 0.95 Li + 0.1 Mn(Ni3O4)2 + 0.05 Li(CoO2)2 + 0.06667 Ni3O4 + 0.3667 O2
NMC811,o_only_003,4.0,0.078963,-0.580611,0,0,0.9731 Li1Mn0.1Co0.1Ni0.8O2 + 0.02691 Li5.4P1S4.37Cl1.6O0.03 -> 0.7646 Li + 0.02691 LiNiPO4 + 0.09731 Mn(Ni3O4)2 + 0.04306 LiClO4 + 0.04865 Li(CoO2)2 + 0.0559 Ni3O4 + 0.1176 Li2SO4
NMC811,o_only_003,4.0,0.084555,-0.612606,0,0,0.9711 Li1Mn0.1Co0.1Ni0.8O2 + 0.02893 Li5.4P1S4.37Cl1.6O0.03 -> 0.7507 Li + 0.02893 LiNiPO4 + 0.09711 Mn(Ni3O4)2 + 0.04629 LiClO4 + 0.1653 NiO + 0.04855 Li(CoO2)2 + 0.1264 Li2SO4
NMC811,o_only_003,4.0,0.086022,-0.620627,0,0,0.9705 Li1Mn0.1Co0.1Ni0.8O2 + 0.02947 Li5.4P1S4.37Cl1.6O0.03 -> 0.7764 Li + 0.01473 Ni3(PO4)2 + 0.09705 Mn(Ni3O4)2 + 0.04715 LiClO4 + 0.1499 NiO + 0.04853 Li(CoO2)2 + 0.1288 Li2SO4
NMC811,o_only_003,4.0,0.100162,-0.687174,0,0,0.9653 Li1Mn0.1Co0.1Ni0.8O2 + 0.03466 Li5.4P1S4.37Cl1.6O0.03 -> 1.028 Li + 0.01733 Ni3(PO4)2 + 0.09653 Mn(Ni3O4)2 + 0.05546 LiClO4 + 0.1411 NiSO4 + 0.04827 Li(CoO2)2 + 0.0104 Li2SO4
NMC811,o_only_003,4.0,0.10139,-0.692857,0,0,0.9649 Li1Mn0.1Co0.1Ni0.8O2 + 0.03512 Li5.4P1S4.37Cl1.6O0.03 -> 1.05 Li + 0.01756 Ni3(PO4)2 + 0.09385 Mn(Ni3O4)2 + 0.05619 LiClO4 + 0.002634 MnNiO3 + 0.1535 NiSO4 + 0.04824 Li(CoO2)2
NMC811,o_only_003,4.0,0.108269,-0.724745,0,0,0.9623 Li1Mn0.1Co0.1Ni0.8O2 + 0.03769 Li5.4P1S4.37Cl1.6O0.03 -> 1.106 Li + 0.01884 Ni3(PO4)2 + 0.09048 Mn(Ni3O4)2 + 0.0603 LiClO4 + 0.005756 MnNiO3 + 0.004184 Co23O32 + 0.1647 NiSO4
NMC811,o_only_003,4.0,0.152945,-0.93364,0,0,0.945 Li1Mn0.1Co0.1Ni0.8O2 + 0.05504 Li5.4P1S4.37Cl1.6O0.03 -> 1.242 Li + 0.02752 Ni3(PO4)2 + 0.05887 Mn(Ni3O4)2 + 0.03562 MnNiO3 + 0.004109 Co23O32 + 0.2405 NiSO4 + 0.04403 NiCl2
NMC811,o_only_003,4.0,0.153817,-0.937443,0,0,0.9446 Li1Mn0.1Co0.1Ni0.8O2 + 0.05539 Li5.4P1S4.37Cl1.6O0.03 -> 1.244 Li + 0.02769 Ni3(PO4)2 + 0.05836 Mn(Ni3O4)2 + 0.03149 Co3O4 + 0.03611 MnNiO3 + 0.2421 NiSO4 + 0.04431 NiCl2
NMC811,o_only_003,4.0,0.157161,-0.948892,0,0,0.9433 Li1Mn0.1Co0.1Ni0.8O2 + 0.05674 Li5.4P1S4.37Cl1.6O0.03 -> 1.25 Li + 0.02837 Ni3(PO4)2 + 0.0627 Mn(Ni3O4)2 + 0.02617 Co3O4 + 0.2479 NiSO4 + 0.01582 Mn2CoO4 + 0.04539 NiCl2
NMC811,o_only_003,4.0,0.160284,-0.959594,0,0,0.942 Li1Mn0.1Co0.1Ni0.8O2 + 0.058 Li5.4P1S4.37Cl1.6O0.03 -> 1.255 Li + 0.0007613 Ni3(PO4)2 + 0.07524 Mn(Ni3O4)2 + 0.2535 NiSO4 + 0.02824 Co3(PO4)2 + 0.00948 Mn2CoO4 + 0.0464 NiCl2
NMC811,o_only_003,4.0,0.160518,-0.960258,0,0,0.9419 Li1Mn0.1Co0.1Ni0.8O2 + 0.0581 Li5.4P1S4.37Cl1.6O0.03 -> 1.256 Li + 0.07618 Mn(Ni3O4)2 + 0.25 NiSO4 + 0.02905 Co3(PO4)2 + 0.007044 Mn2CoO4 + 0.003922 MnSO4 + 0.04648 NiCl2
NMC811,o_only_003,4.0,0.171271,-0.990851,0,0,0.9375 Li1Mn0.1Co0.1Ni0.8O2 + 0.0625 Li5.4P1S4.37Cl1.6O0.03 -> 1.275 Li + 0.01375 Mn(Ni3O4)2 + 0.4244 NiO + 0.1931 NiSO4 + 0.03125 Co3(PO4)2 + 0.08 MnSO4 + 0.05 NiCl2
NMC811,o_only_003,4.0,0.173378,-0.996866,0,0,0.9366 Li1Mn0.1Co0.1Ni0.8O2 + 0.06337 Li5.4P1S4.37Cl1.6O0.03 -> 1.279 Li + 0.0004647 Ni3(PO4)2 + 0.5139 NiO + 0.1833 NiSO4 + 0.03122 Co3(PO4)2 + 0.09366 MnSO4 + 0.0507 NiCl2
NMC811,o_only_003,4.0,0.292978,-1.134932,0,0,0.8821 Li1Mn0.1Co0.1Ni0.8O2 + 0.1179 Li5.4P1S4.37Cl1.6O0.03 -> 1.519 Li + 0.02955 Ni3(PO4)2 + 0.2358 NiSO4 + 0.0294 Co3(PO4)2 + 0.09563 Ni3S2 + 0.08821 MnSO4 + 0.09433 NiCl2
NMC811,o_only_003,4.0,0.316991,-1.160262,0,0,0.8698 Li1Mn0.1Co0.1Ni0.8O2 + 0.1302 Li5.4P1S4.37Cl1.6O0.03 -> 1.573 Li + 0.06511 Ni3(PO4)2 + 0.2187 NiSO4 + 0.04472 Ni3S2 + 0.08698 MnSO4 + 0.1042 NiCl2 + 0.04349 Co2NiS4
NMC811,o_only_003,4.0,0.337297,-1.18086,0,0,0.859 Li1Mn0.1Co0.1Ni0.8O2 + 0.141 Li5.4P1S4.37Cl1.6O0.03 -> 1.621 Li + 0.07051 Ni3(PO4)2 + 0.2036 NiSO4 + 0.0859 MnSO4 + 0.0775 Co(NiS2)2 + 0.1128 NiCl2 + 0.004201 Co2NiS4
NMC811,o_only_003,4.0,0.343986,-1.185131,0,0,0.8553 Li1Mn0.1Co0.1Ni0.8O2 + 0.1447 Li5.4P1S4.37Cl1.6O0.03 -> 1.637 Li + 0.04821 Ni3(PO4)2 + 0.02413 Ni2P2O7 + 0.2046 NiSO4 + 0.08553 MnSO4 + 0.08553 Co(NiS2)2 + 0.1157 NiCl2
NMC811,o_only_003,4.0,0.358174,-1.193935,0,0,0.8474 Li1Mn0.1Co0.1Ni0.8O2 + 0.1526 Li5.4P1S4.37Cl1.6O0.03 -> 1.671 Li + 0.07628 Ni2P2O7 + 0.2066 NiSO4 + 0.009077 Ni3S4 + 0.08474 MnSO4 + 0.08474 Co(NiS2)2 + 0.122 NiCl2
NMC811,o_only_003,4.0,0.381807,-1.206348,0,0,0.8339 Li1Mn0.1Co0.1Ni0.8O2 + 0.1661 Li5.4P1S4.37Cl1.6O0.03 -> 1.731 Li + 0.08307 Ni(PO3)2 + 0.2102 NiSO4 + 0.02472 Ni3S4 + 0.08339 MnSO4 + 0.08339 Co(NiS2)2 + 0.1329 NiCl2
NMC811,o_only_003,4.0,0.392883,-1.210135,0,0,0.8273 Li1Mn0.1Co0.1Ni0.8O2 + 0.1727 Li5.4P1S4.37Cl1.6O0.03 -> 1.76 Li + 0.08635 Ni(PO3)2 + 0.2027 NiSO4 + 0.08273 MnSO4 + 0.08273 Co(NiS2)2 + 0.06918 NiS2 + 0.1382 NiCl2
NMC811,o_only_003,4.0,0.427488,-1.220209,0,0,0.8059 Li1Mn0.1Co0.1Ni0.8O2 + 0.1941 Li5.4P1S4.37Cl1.6O0.03 -> 1.854 Li + 0.09706 Ni(PO3)2 + 0.1782 NiSO4 + 0.08059 MnSO4 + 0.2141 NiS2 + 0.08059 CoS2 + 0.1553 NiCl2
NMC811,o_only_003,4.0,0.497474,-1.231869,0,0,0.758 Li1Mn0.1Co0.1Ni0.8O2 + 0.242 Li5.4P1S4.37Cl1.6O0.03 -> 2.065 Li + 0.121 Ni(PO3)2 + 0.2469 SO2 + 0.0758 MnSO4 + 0.2917 NiS2 + 0.0758 CoS2 + 0.1936 NiCl2
NMC811,o_only_003,4.0,0.523796,-1.23521,0,0,0.7381 Li1Mn0.1Co0.1Ni0.8O2 + 0.2619 Li5.4P1S4.37Cl1.6O0.03 -> 2.152 Li + 0.05714 Ni(PO3)2 + 0.3492 SO2 + 0.3238 NiS2 + 0.07381 CoS2 + 0.2095 NiCl2 + 0.07381 Mn(PO3)2
NMC811,o_only_003,4.0,0.638956,-1.236969,1,0,0.6366 Li1Mn0.1Co0.1Ni0.8O2 + 0.3634 Li5.4P1S4.37Cl1.6O0.03 -> 2.599 Li + 0.118 Ni(PO3)2 + 0.09691 SO2 + 0.5815 SCl + 0.3912 NiS2 + 0.06366 CoS2 + 0.06366 Mn(PO3)2
NMC811,o_only_003,4.0,0.657208,-1.234721,0,0,0.6179 Li1Mn0.1Co0.1Ni0.8O2 + 0.3821 Li5.4P1S4.37Cl1.6O0.03 -> 2.681 Li + 0.06749 Ni(PO3)2 + 0.06179 MnP4O11 + 0.08131 SO2 + 0.6114 SCl + 0.4268 NiS2 + 0.06179 CoS2
NMC811,o_only_003,4.0,0.667624,-1.232264,0,0,0.6068 Li1Mn0.1Co0.1Ni0.8O2 + 0.3932 Li5.4P1S4.37Cl1.6O0.03 -> 2.73 Li + 0.06068 MnP4O11 + 0.03761 NiP4O11 + 0.07208 SO2 + 0.6291 SCl + 0.4478 NiS2 + 0.06068 CoS2
NMC811,o_only_003,4.0,0.695067,-1.225235,0,0,0.5763 Li1Mn0.1Co0.1Ni0.8O2 + 0.4237 Li5.4P1S4.37Cl1.6O0.03 -> 2.864 Li + 0.05763 MnP4O11 + 0.04831 NiP4O11 + 0.678 SCl + 0.4127 NiS2 + 0.05763 CoS2 + 0.2331 S
NMC811,o_only_003,4.0,0.80415,-1.163925,0,0,0.4302 Li1Mn0.1Co0.1Ni0.8O2 + 0.5698 Li5.4P1S4.37Cl1.6O0.03 -> 3.507 Li + 0.04302 MnP4O11 + 0.03675 NiP4O11 + 0.1254 P2S7 + 0.9117 SCl + 0.3074 NiS2 + 0.04302 CoS2
NMC811,o_only_003,4.0,0.998777,-1.03755,0,0,0.003783 Li1Mn0.1Co0.1Ni0.8O2 + 0.9962 Li5.4P1S4.37Cl1.6O0.03 -> 5.383 Li + 0.0003783 MnP4O11 + 0.003026 NiP4O11 + 0.4513 P2S7 + 1.194 SCl + 0.08004 PCl5 + 0.0003783 CoS2
NMC811,o_only_003,4.0,0.998926,-1.037436,0,0,0.003322 Li1Mn0.1Co0.1Ni0.8O2 + 0.9967 Li5.4P1S4.37Cl1.6O0.03 -> 5.385 Li + 0.0003322 MnP4O11 + 0.002658 NiP4O11 + 0.4516 P2S7 + 1.194 SCl + 0.08013 PCl5 + 0.0003322 CoP4O11
NMC811,o_only_003,4.0,1.0,-1.036531,0,0,Li5.4P1S4.37Cl1.6O0.03 -> 5.4 Li + 0.4535 P2S7 + 1.195 SCl + 0.08094 PCl5 + 0.006 P2O5
NMC811,o_only_003,4.3,0.0,-0.232711,0,0,Li1Mn0.1Co0.1Ni0.8O2 -> Li + 0.1 Co(NiO2)2 + 0.1 Mn(Ni3O4)2 + 0.4 O2
NMC811,o_only_003,4.3,0.044413,-0.476321,0,0,0.9852 Li1Mn0.1Co0.1Ni0.8O2 + 0.01477 Li5.4P1S4.37Cl1.6O0.03 -> 1.065 Li + 0.09852 Mn(Ni3O4)2 + 0.01182 Ni(ClO4)2 + 0.007386 Ni3(PO4)2 + 0.09852 CoNiO3 + 0.06455 NiSO4 + 0.2377 O2
NMC811,o_only_003,4.3,0.050162,-0.508233,0,0,0.9832 Li1Mn0.1Co0.1Ni0.8O2 + 0.01675 Li5.4P1S4.37Cl1.6O0.03 -> 1.047 Li + 0.0268 LiClO4 + 0.09832 Mn(Ni3O4)2 + 0.008375 Ni3(PO4)2 + 0.09832 CoNiO3 + 0.0732 NiSO4 + 0.2092 O2
NMC811,o_only_003,4.3,0.10139,-0.796105,0,0,0.9649 Li1Mn0.1Co0.1Ni0.8O2 + 0.03512 Li5.4P1S4.37Cl1.6O0.03 -> 1.098 Li + 0.02193 MnNiO3 + 0.05619 LiClO4 + 0.07456 Mn(Ni3O4)2 + 0.01756 Ni3(PO4)2 + 0.09649 CoNiO3 + 0.1535 NiSO4
NMC811,o_only_003,4.3,0.104818,-0.815481,0,0,0.9636 Li1Mn0.1Co0.1Ni0.8O2 + 0.0364 Li5.4P1S4.37Cl1.6O0.03 -> 1.16 Li + 0.02928 MnNiO3 + 0.06708 Mn(Ni3O4)2 + 0.02912 Ni(ClO4)2 + 0.0182 Ni3(PO4)2 + 0.09636 CoNiO3 + 0.1591 NiSO4
NMC811,o_only_003,4.3,0.111901,-0.850625,0,0,0.9609 Li1Mn0.1Co0.1Ni0.8O2 + 0.03906 Li5.4P1S4.37Cl1.6O0.03 -> 1.172 Li + 0.01367 MnNiO3 + 0.08243 Mn(Ni3O4)2 + 0.03125 Ni(ClO4)2 + 0.01953 Ni3(PO4)2 + 0.004178 Co23O32 + 0.1707 NiSO4
NMC811,o_only_003,4.3,0.152945,-1.049365,0,0,0.945 Li1Mn0.1Co0.1Ni0.8O2 + 0.05504 Li5.4P1S4.37Cl1.6O0.03 -> 1.242 Li + 0.03562 MnNiO3 + 0.05887 Mn(Ni3O4)2 + 0.02752 Ni3(PO4)2 + 0.004109 Co23O32 + 0.04403 NiCl2 + 0.2405 NiSO4
NMC811,o_only_003,4.3,0.153817,-1.053261,0,0,0.9446 Li1Mn0.1Co0.1Ni0.8O2 + 0.05539 Li5.4P1S4.37Cl1.6O0.03 -> 1.244 Li + 0.03611 MnNiO3 + 0.05836 Mn(Ni3O4)2 + 0.02769 Ni3(PO4)2 + 0.04431 NiCl2 + 0.03149 Co3O4 + 0.2421 NiSO4
NMC811,o_only_003,4.3,0.157161,-1.065068,0,0,0.9433 Li1Mn0.1Co0.1Ni0.8O2 + 0.05674 Li5.4P1S4.37Cl1.6O0.03 -> 1.25 Li + 0.0627 Mn(Ni3O4)2 + 0.01582 Mn2CoO4 + 0.02837 Ni3(PO4)2 + 0.04539 NiCl2 + 0.02617 Co3O4 + 0.2479 NiSO4
NMC811,o_only_003,4.3,0.160284,-1.076105,0,0,0.942 Li1Mn0.1Co0.1Ni0.8O2 + 0.058 Li5.4P1S4.37Cl1.6O0.03 -> 1.255 Li + 0.07524 Mn(Ni3O4)2 + 0.02824 Co3(PO4)2 + 0.00948 Mn2CoO4 + 0.0007613 Ni3(PO4)2 + 0.0464 NiCl2 + 0.2535 NiSO4
NMC811,o_only_003,4.3,0.160518,-1.076793,0,0,0.9419 Li1Mn0.1Co0.1Ni0.8O2 + 0.0581 Li5.4P1S4.37Cl1.6O0.03 -> 1.256 Li + 0.07618 Mn(Ni3O4)2 + 0.02905 Co3(PO4)2 + 0.007044 Mn2CoO4 + 0.003922 MnSO4 + 0.04648 NiCl2 + 0.25 NiSO4
NMC811,o_only_003,4.3,0.171271,-1.108544,0,0,0.9375 Li1Mn0.1Co0.1Ni0.8O2 + 0.0625 Li5.4P1S4.37Cl1.6O0.03 -> 1.275 Li + 0.01375 Mn(Ni3O4)2 + 0.03125 Co3(PO4)2 + 0.08 MnSO4 + 0.05 NiCl2 + 0.4244 NiO + 0.1931 NiSO4
NMC811,o_only_003,4.3,0.173378,-1.114786,0,0,0.9366 Li1Mn0.1Co0.1Ni0.8O2 + 0.06337 Li5.4P1S4.37Cl1.6O0.03 -> 1.279 Li + 0.03122 Co3(PO4)2 + 0.0004647 Ni3(PO4)2 + 0.09366 MnSO4 + 0.0507 NiCl2 + 0.5139 NiO + 0.1833 NiSO4
NMC811,o_only_003,4.3,0.292978,-1.266178,0,0,0.8821 Li1Mn0.1Co0.1Ni0.8O2 + 0.1179 Li5.4P1S4.37Cl1.6O0.03 -> 1.519 Li + 0.0294 Co3(PO4)2 + 0.02955 Ni3(PO4)2 + 0.09563 Ni3S2 + 0.08821 MnSO4 + 0.09433 NiCl2 + 0.2358 NiSO4
NMC811,o_only_003,4.3,0.316991,-1.294288,0,0,0.8698 Li1Mn0.1Co0.1Ni0.8O2 + 0.1302 Li5.4P1S4.37Cl1.6O0.03 -> 1.573 Li + 0.06511 Ni3(PO4)2 + 0.04472 Ni3S2 + 0.08698 MnSO4 + 0.1042 NiCl2 + 0.04349 Co2NiS4 + 0.2187 NiSO4
NMC811,o_only_003,4.3,0.337297,-1.317263,0,0,0.859 Li1Mn0.1Co0.1Ni0.8O2 + 0.141 Li5.4P1S4.37Cl1.6O0.03 -> 1.621 Li + 0.07051 Ni3(PO4)2 + 0.0775 Co(NiS2)2 + 0.0859 MnSO4 + 0.1128 NiCl2 + 0.004201 Co2NiS4 + 0.2036 NiSO4
NMC811,o_only_003,4.3,0.343986,-1.322324,0,0,0.8553 Li1Mn0.1Co0.1Ni0.8O2 + 0.1447 Li5.4P1S4.37Cl1.6O0.03 -> 1.637 Li + 0.02413 Ni2P2O7 + 0.04821 Ni3(PO4)2 + 0.08553 Co(NiS2)2 + 0.08553 MnSO4 + 0.1157 NiCl2 + 0.2046 NiSO4
NMC811,o_only_003,4.3,0.358174,-1.332811,0,0,0.8474 Li1Mn0.1Co0.1Ni0.8O2 + 0.1526 Li5.4P1S4.37Cl1.6O0.03 -> 1.671 Li + 0.07628 Ni2P2O7 + 0.08474 Co(NiS2)2 + 0.08474 MnSO4 + 0.122 NiCl2 + 0.009077 Ni3S4 + 0.2066 NiSO4
NMC811,o_only_003,4.3,0.381807,-1.348056,0,0,0.8339 Li1Mn0.1Co0.1Ni0.8O2 + 0.1661 Li5.4P1S4.37Cl1.6O0.03 -> 1.731 Li + 0.08307 Ni(PO3)2 + 0.08339 Co(NiS2)2 + 0.08339 MnSO4 + 0.1329 NiCl2 + 0.02472 Ni3S4 + 0.2102 NiSO4
NMC811,o_only_003,4.3,0.392883,-1.353183,0,0,0.8273 Li1Mn0.1Co0.1Ni0.8O2 + 0.1727 Li5.4P1S4.37Cl1.6O0.03 -> 1.76 Li + 0.08635 Ni(PO3)2 + 0.06918 NiS2 + 0.08273 Co(NiS2)2 + 0.08273 MnSO4 + 0.1382 NiCl2 + 0.2027 NiSO4
NMC811,o_only_003,4.3,0.427488,-1.367498,0,0,0.8059 Li1Mn0.1Co0.1Ni0.8O2 + 0.1941 Li5.4P1S4.37Cl1.6O0.03 -> 1.854 Li + 0.09706 Ni(PO3)2 + 0.2141 NiS2 + 0.08059 CoS2 + 0.08059 MnSO4 + 0.1553 NiCl2 + 0.1782 NiSO4
NMC811,o_only_003,4.3,0.497474,-1.387986,0,0,0.758 Li1Mn0.1Co0.1Ni0.8O2 + 0.242 Li5.4P1S4.37Cl1.6O0.03 -> 2.065 Li + 0.121 Ni(PO3)2 + 0.2917 NiS2 + 0.0758 CoS2 + 0.0758 MnSO4 + 0.2469 SO2 + 0.1936 NiCl2
NMC811,o_only_003,4.3,0.523796,-1.394737,0,0,0.7381 Li1Mn0.1Co0.1Ni0.8O2 + 0.2619 Li5.4P1S4.37Cl1.6O0.03 -> 2.152 Li + 0.05714 Ni(PO3)2 + 0.3238 NiS2 + 0.07381 CoS2 + 0.3492 SO2 + 0.2095 NiCl2 + 0.07381 Mn(PO3)2
NMC811,o_only_003,4.3,0.638956,-1.41204,0,0,0.6366 Li1Mn0.1Co0.1Ni0.8O2 + 0.3634 Li5.4P1S4.37Cl1.6O0.03 -> 2.599 Li + 0.118 Ni(PO3)2 + 0.5815 SCl + 0.3912 NiS2 + 0.06366 CoS2 + 0.09691 SO2 + 0.06366 Mn(PO3)2
NMC811,o_only_003,4.3,0.657208,-1.412353,1,0,0.6179 Li1Mn0.1Co0.1Ni0.8O2 + 0.3821 Li5.4P1S4.37Cl1.6O0.03 -> 2.681 Li + 0.06179 MnP4O11 + 0.06749 Ni(PO3)2 + 0.6114 SCl + 0.4268 NiS2 + 0.06179 CoS2 + 0.08131 SO2
NMC811,o_only_003,4.3,0.667624,-1.411369,0,0,0.6068 Li1Mn0.1Co0.1Ni0.8O2 + 0.3932 Li5.4P1S4.37Cl1.6O0.03 -> 2.73 Li + 0.03761 NiP4O11 + 0.06068 MnP4O11 + 0.6291 SCl + 0.4478 NiS2 + 0.06068 CoS2 + 0.07208 SO2
NMC811,o_only_003,4.3,0.695067,-1.408268,0,0,0.5763 Li1Mn0.1Co0.1Ni0.8O2 + 0.4237 Li5.4P1S4.37Cl1.6O0.03 -> 2.864 Li + 0.04831 NiP4O11 + 0.05763 MnP4O11 + 0.678 SCl + 0.4127 NiS2 + 0.05763 CoS2 + 0.2331 S
NMC811,o_only_003,4.3,0.80415,-1.363224,0,0,0.4302 Li1Mn0.1Co0.1Ni0.8O2 + 0.5698 Li5.4P1S4.37Cl1.6O0.03 -> 3.507 Li + 0.03675 NiP4O11 + 0.04302 MnP4O11 + 0.9117 SCl + 0.3074 NiS2 + 0.04302 CoS2 + 0.1254 P2S7
NMC811,o_only_003,4.3,0.998777,-1.268765,0,0,0.003783 Li1Mn0.1Co0.1Ni0.8O2 + 0.9962 Li5.4P1S4.37Cl1.6O0.03 -> 5.383 Li + 0.003026 NiP4O11 + 0.0003783 MnP4O11 + 1.194 SCl + 0.0003783 CoS2 + 0.08004 PCl5 + 0.4513 P2S7
NMC811,o_only_003,4.3,0.998926,-1.268677,0,0,0.003322 Li1Mn0.1Co0.1Ni0.8O2 + 0.9967 Li5.4P1S4.37Cl1.6O0.03 -> 5.385 Li + 0.002658 NiP4O11 + 0.0003322 MnP4O11 + 1.194 SCl + 0.0003322 CoP4O11 + 0.08013 PCl5 + 0.4516 P2S7
NMC811,o_only_003,4.3,1.0,-1.26796,0,0,Li5.4P1S4.37Cl1.6O0.03 -> 5.4 Li + 1.195 SCl + 0.08094 PCl5 + 0.4535 P2S7 + 0.006 P2O5
NMC811,o_only_003,4.5,0.0,-0.299378,0,0,Li1Mn0.1Co0.1Ni0.8O2 -> Li + 0.1 Co(NiO2)2 + 0.1 Mn(Ni3O4)2 + 0.4 O2
NMC811,o_only_003,4.5,0.044413,-0.54595,0,0,0.9852 Li1Mn0.1Co0.1Ni0.8O2 + 0.01477 Li5.4P1S4.37Cl1.6O0.03 -> 1.065 Li + 0.01182 Ni(ClO4)2 + 0.09852 CoNiO3 + 0.007386 Ni3(PO4)2 + 0.09852 Mn(Ni3O4)2 + 0.06455 NiSO4 + 0.2377 O2
NMC811,o_only_003,4.5,0.104818,-0.889244,0,0,0.9636 Li1Mn0.1Co0.1Ni0.8O2 + 0.0364 Li5.4P1S4.37Cl1.6O0.03 -> 1.16 Li + 0.02912 Ni(ClO4)2 + 0.09636 CoNiO3 + 0.0182 Ni3(PO4)2 + 0.02928 MnNiO3 + 0.06708 Mn(Ni3O4)2 + 0.1591 NiSO4
NMC811,o_only_003,4.5,0.111901,-0.924881,0,0,0.9609 Li1Mn0.1Co0.1Ni0.8O2 + 0.03906 Li5.4P1S4.37Cl1.6O0.03 -> 1.172 Li + 0.03125 Ni(ClO4)2 + 0.01953 Ni3(PO4)2 + 0.01367 MnNiO3 + 0.08243 Mn(Ni3O4)2 + 0.004178 Co23O32 + 0.1707 NiSO4
NMC811,o_only_003,4.5,0.152945,-1.126514,0,0,0.945 Li1Mn0.1Co0.1Ni0.8O2 + 0.05504 Li5.4P1S4.37Cl1.6O0.03 -> 1.242 Li + 0.02752 Ni3(PO4)2 + 0.03562 MnNiO3 + 0.05887 Mn(Ni3O4)2 + 0.004109 Co23O32 + 0.04403 NiCl2 + 0.2405 NiSO4
NMC811,o_only_003,4.5,0.153817,-1.130473,0,0,0.9446 Li1Mn0.1Co0.1Ni0.8O2 + 0.05539 Li5.4P1S4.37Cl1.6O0.03 -> 1.244 Li + 0.02769 Ni3(PO4)2 + 0.03611 MnNiO3 + 0.05836 Mn(Ni3O4)2 + 0.04431 NiCl2 + 0.03149 Co3O4 + 0.2421 NiSO4
NMC811,o_only_003,4.5,0.157161,-1.142519,0,0,0.9433 Li1Mn0.1Co0.1Ni0.8O2 + 0.05674 Li5.4P1S4.37Cl1.6O0.03 -> 1.25 Li + 0.02837 Ni3(PO4)2 + 0.0627 Mn(Ni3O4)2 + 0.01582 Mn2CoO4 + 0.04539 NiCl2 + 0.02617 Co3O4 + 0.2479 NiSO4
NMC811,o_only_003,4.5,0.160284,-1.153778,0,0,0.942 Li1Mn0.1Co0.1Ni0.8O2 + 0.058 Li5.4P1S4.37Cl1.6O0.03 -> 1.255 Li + 0.0007613 Ni3(PO4)2 + 0.07524 Mn(Ni3O4)2 + 0.00948 Mn2CoO4 + 0.02824 Co3(PO4)2 + 0.0464 NiCl2 + 0.2535 NiSO4
NMC811,o_only_003,4.5,0.160518,-1.154484,0,0,0.9419 Li1Mn0.1Co0.1Ni0.8O2 + 0.0581 Li5.4P1S4.37Cl1.6O0.03 -> 1.256 Li + 0.07618 Mn(Ni3O4)2 + 0.007044 Mn2CoO4 + 0.02905 Co3(PO4)2 + 0.04648 NiCl2 + 0.003922 MnSO4 + 0.25 NiSO4
NMC811,o_only_003,4.5,0.171271,-1.187005,0,0,0.9375 Li1Mn0.1Co0.1Ni0.8O2 + 0.0625 Li5.4P1S4.37Cl1.6O0.03 -> 1.275 Li + 0.01375 Mn(Ni3O4)2 + 0.03125 Co3(PO4)2 + 0.05 NiCl2 + 0.08 MnSO4 + 0.4244 NiO + 0.1931 NiSO4
NMC811,o_only_003,4.5,0.173378,-1.193399,0,0,0.9366 Li1Mn0.1Co0.1Ni0.8O2 + 0.06337 Li5.4P1S4.37Cl1.6O0.03 -> 1.279 Li + 0.0004647 Ni3(PO4)2 + 0.03122 Co3(PO4)2 + 0.0507 NiCl2 + 0.09366 MnSO4 + 0.5139 NiO + 0.1833 NiSO4
NMC811,o_only_003,4.5,0.292978,-1.353676,0,0,0.8821 Li1Mn0.1Co0.1Ni0.8O2 + 0.1179 Li5.4P1S4.37Cl1.6O0.03 -> 1.519 Li + 0.02955 Ni3(PO4)2 + 0.0294 Co3(PO4)2 + 0.09563 Ni3S2 + 0.09433 NiCl2 + 0.08821 MnSO4 + 0.2358 NiSO4
NMC811,o_only_003,4.5,0.316991,-1.383639,0,0,0.8698 Li1Mn0.1Co0.1Ni0.8O2 + 0.1302 Li5.4P1S4.37Cl1.6O0.03 -> 1.573 Li + 0.06511 Ni3(PO4)2 + 0.04472 Ni3S2 + 0.1042 NiCl2 + 0.08698 MnSO4 + 0.04349 Co2NiS4 + 0.2187 NiSO4
NMC811,o_only_003,4.5,0.337297,-1.408199,0,0,0.859 Li1Mn0.1Co0.1Ni0.8O2 + 0.141 Li5.4P1S4.37Cl1.6O0.03 -> 1.621 Li + 0.07051 Ni3(PO4)2 + 0.0775 Co(NiS2)2 + 0.1128 NiCl2 + 0.0859 MnSO4 + 0.004201 Co2NiS4 + 0.2036 NiSO4
NMC811,o_only_003,4.5,0.343986,-1.413785,0,0,0.8553 Li1Mn0.1Co0.1Ni0.8O2 + 0.1447 Li5.4P1S4.37Cl1.6O0.03 -> 1.637 Li + 0.04821 Ni3(PO4)2 + 0.02413 Ni2P2O7 + 0.08553 Co(NiS2)2 + 0.1157 NiCl2 + 0.08553 MnSO4 + 0.2046 NiSO4
NMC811,o_only_003,4.5,0.358174,-1.425395,0,0,0.8474 Li1Mn0.1Co0.1Ni0.8O2 + 0.1526 Li5.4P1S4.37Cl1.6O0.03 -> 1.671 Li + 0.07628 Ni2P2O7 + 0.08474 Co(NiS2)2 + 0.122 NiCl2 + 0.08474 MnSO4 + 0.009077 Ni3S4 + 0.2066 NiSO4
NMC811,o_only_003,4.5,0.381807,-1.442528,0,0,0.8339 Li1Mn0.1Co0.1Ni0.8O2 + 0.1661 Li5.4P1S4.37Cl1.6O0.03 -> 1.731 Li + 0.08339 Co(NiS2)2 + 0.08307 Ni(PO3)2 + 0.1329 NiCl2 + 0.08339 MnSO4 + 0.02472 Ni3S4 + 0.2102 NiSO4
NMC811,o_only_003,4.5,0.392883,-1.448549,0,0,0.8273 Li1Mn0.1Co0.1Ni0.8O2 + 0.1727 Li5.4P1S4.37Cl1.6O0.03 -> 1.76 Li + 0.08273 Co(NiS2)2 + 0.06918 NiS2 + 0.08635 Ni(PO3)2 + 0.1382 NiCl2 + 0.08273 MnSO4 + 0.2027 NiSO4
NMC811,o_only_003,4.5,0.427488,-1.46569,0,0,0.8059 Li1Mn0.1Co0.1Ni0.8O2 + 0.1941 Li5.4P1S4.37Cl1.6O0.03 -> 1.854 Li + 0.08059 CoS2 + 0.2141 NiS2 + 0.09706 Ni(PO3)2 + 0.1553 NiCl2 + 0.08059 MnSO4 + 0.1782 NiSO4
NMC811,o_only_003,4.5,0.497474,-1.492064,0,0,0.758 Li1Mn0.1Co0.1Ni0.8O2 + 0.242 Li5.4P1S4.37Cl1.6O0.03 -> 2.065 Li + 0.0758 CoS2 + 0.2917 NiS2 + 0.2469 SO2 + 0.121 Ni(PO3)2 + 0.1936 NiCl2 + 0.0758 MnSO4
NMC811,o_only_003,4.5,0.523796,-1.501089,0,0,0.7381 Li1Mn0.1Co0.1Ni0.8O2 + 0.2619 Li5.4P1S4.37Cl1.6O0.03 -> 2.152 Li + 0.07381 CoS2 + 0.3238 NiS2 + 0.3492 SO2 + 0.05714 Ni(PO3)2 + 0.2095 NiCl2 + 0.07381 Mn(PO3)2
NMC811,o_only_003,4.5,0.638956,-1.528754,0,0,0.6366 Li1Mn0.1Co0.1Ni0.8O2 + 0.3634 Li5.4P1S4.37Cl1.6O0.03 -> 2.599 Li + 0.5815 SCl + 0.06366 CoS2 + 0.3912 NiS2 + 0.09691 SO2 + 0.118 Ni(PO3)2 + 0.06366 Mn(PO3)2
NMC811,o_only_003,4.5,0.657208,-1.530775,1,0,0.6179 Li1Mn0.1Co0.1Ni0.8O2 + 0.3821 Li5.4P1S4.37Cl1.6O0.03 -> 2.681 Li + 0.06179 MnP4O11 + 0.6114 SCl + 0.06179 CoS2 + 0.4268 NiS2 + 0.08131 SO2 + 0.06749 Ni(PO3)2
NMC811,o_only_003,4.5,0.667624,-1.530773,0,0,0.6068 Li1Mn0.1Co0.1Ni0.8O2 + 0.3932 Li5.4P1S4.37Cl1.6O0.03 -> 2.73 Li + 0.03761 NiP4O11 + 0.06068 MnP4O11 + 0.6291 SCl + 0.06068 CoS2 + 0.4478 NiS2 + 0.07208 SO2
NMC811,o_only_003,4.5,0.695067,-1.53029,0,0,0.5763 Li1Mn0.1Co0.1Ni0.8O2 + 0.4237 Li5.4P1S4.37Cl1.6O0.03 -> 2.864 Li + 0.04831 NiP4O11 + 0.05763 MnP4O11 + 0.678 SCl + 0.05763 CoS2 + 0.4127 NiS2 + 0.2331 S
NMC811,o_only_003,4.5,0.80415,-1.496089,0,0,0.4302 Li1Mn0.1Co0.1Ni0.8O2 + 0.5698 Li5.4P1S4.37Cl1.6O0.03 -> 3.507 Li + 0.03675 NiP4O11 + 0.04302 MnP4O11 + 0.9117 SCl + 0.04302 CoS2 + 0.3074 NiS2 + 0.1254 P2S7
NMC811,o_only_003,4.5,0.998777,-1.422909,0,0,0.003783 Li1Mn0.1Co0.1Ni0.8O2 + 0.9962 Li5.4P1S4.37Cl1.6O0.03 -> 5.383 Li + 0.003026 NiP4O11 + 0.0003783 MnP4O11 + 1.194 SCl + 0.0003783 CoS2 + 0.4513 P2S7 + 0.08004 PCl5
NMC811,o_only_003,4.5,0.998926,-1.422838,0,0,0.003322 Li1Mn0.1Co0.1Ni0.8O2 + 0.9967 Li5.4P1S4.37Cl1.6O0.03 -> 5.385 Li + 0.002658 NiP4O11 + 0.0003322 CoP4O11 + 0.0003322 MnP4O11 + 1.194 SCl + 0.4516 P2S7 + 0.08013 PCl5
NMC811,o_only_003,4.5,1.0,-1.422246,0,0,Li5.4P1S4.37Cl1.6O0.03 -> 5.4 Li + 1.195 SCl + 0.4535 P2S7 + 0.08094 PCl5 + 0.006 P2O5
NMC811,ndo_li_002,2.5,0.0,-0.025971,0,0,Li1Mn0.1Co0.1Ni0.8O2 + 0.7 Li -> 0.1 Li2MnO3 + 0.8 NiO + 0.1 LiCoO2 + 0.7 Li2O
NMC811,ndo_li_002,2.5,0.091486,-0.388815,0,0,0.03156 Li5.34Nd0.02P1S4.37Cl1.6O0.03 + 0.9684 Li1Mn0.1Co0.1Ni0.8O2 -> 0.4254 Li + 0.09684 Li2MnO3 + 0.7748 NiO + 0.03156 Li3PO4 + 0.09684 LiCoO2 + 0.0003156 Nd2O3 + 0.1379 Li2SO4 + 0.0505 LiCl
NMC811,ndo_li_002,2.5,0.091525,-0.388928,0,0,0.03157 Li5.34Nd0.02P1S4.37Cl1.6O0.03 + 0.9684 Li1Mn0.1Co0.1Ni0.8O2 -> 0.4259 Li + 0.0003157 Nd2MnNiO6 + 0.09653 Li2MnO3 + 0.7744 NiO + 0.03157 Li3PO4 + 0.09684 LiCoO2 + 0.138 Li2SO4 + 0.05052 LiCl
NMC811,ndo_li_002,2.5,0.091563,-0.389013,0,0,0.03159 Li5.34Nd0.02P1S4.37Cl1.6O0.03 + 0.9684 Li1Mn0.1Co0.1Ni0.8O2 -> 0.4261 Li + 0.09653 Li2MnO3 + 0.0003159 Nd2MnCoO6 + 0.7747 NiO + 0.03159 Li3PO4 + 0.09653 LiCoO2 + 0.138 Li2SO4 + 0.05054 LiCl
NMC811,ndo_li_002,2.5,0.091602,-0.389097,0,0,0.0316 Li5.34Nd0.02P1S4.37Cl1.6O0.03 + 0.9684 Li1Mn0.1Co0.1Ni0.8O2 -> 0.4263 Li + 0.09621 Li2MnO3 + 0.7747 NiO + 0.0006321 NdMnO3 + 0.0316 Li3PO4 + 0.09684 LiCoO2 + 0.1381 Li2SO4 + 0.05056 LiCl
NMC811,ndo_li_002,2.5,0.103336,-0.413687,0,0,0.03596 Li5.34Nd0.02P1S4.37Cl1.6O0.03 + 0.964 Li1Mn0.1Co0.1Ni0.8O2 -> 0.485 Li + 0.09569 Li2MnO3 + 0.7712 NiO + 0.0964 CoO + 0.0007191 NdMnO3 + 0.03596 Li3PO4 + 0.1571 Li2SO4 + 0.05753 LiCl
NMC811,ndo_li_002,2.5,0.114676,-0.437521,0,0,0.04023 Li5.34Nd0.02P1S4.37Cl1.6O0.03 + 0.9598 Li1Mn0.1Co0.1Ni0.8O2 -> 0.5427 Li + 0.09517 LiMnO2 + 0.7678 NiO + 0.09598 CoO + 0.0008046 NdMnO3 + 0.04023 Li3PO4 + 0.1758 Li2SO4 + 0.06437 LiCl
NMC811,ndo_li_002,2.5,0.120231,-0.449027,0,0,0.04235 Li5.34Nd0.02P1S4.37Cl1.6O0.03 + 0.9576 Li1Mn0.1Co0.1Ni0.8O2 -> 0.6188 Li + 0.04746 Mn2CoO4 + 0.7661 NiO + 0.04831 CoO + 0.0008471 NdMnO3 + 0.04235 Li3PO4 + 0.1851 Li2SO4 + 0.06777 LiCl
NMC811,ndo_li_002,2.5,0.122066,-0.451302,0,0,0.04306 Li5.34Nd0.02P1S4.37Cl1.6O0.03 + 0.9569 Li1Mn0.1Co0.1Ni0.8O2 -> 0.6125 Li + 0.7656 NiO + 0.03161 Mn3O4 + 0.09569 CoO + 0.0008612 NdMnO3 + 0.04306 Li3PO4 + 0.1882 Li2SO4 + 0.06889 LiCl
NMC811,ndo_li_002,2.5,0.122233,-0.451485,0,1,0.04312 Li5.34Nd0.02P1S4.37Cl1.6O0.03 + 0.9569 Li1Mn0.1Co0.1Ni0.8O2 -> 0.6145 Li + 0.7655 NiO + 0.0319 Mn3O4 + 0.09569 CoO + 0.04226 Li3PO4 + 0.0008625 NdPO4 + 0.1884 Li2SO4 + 0.069 LiCl
NMC811,ndo_li_002,2.5,0.202869,-0.514966,0,1,0.07609 Li5.34Nd0.02P1S4.37Cl1.6O0.03 + 0.9239 Li1Mn0.1Co0.1Ni0.8O2 -> 0.3197 Li + 0.0308 Mn3O4 + 0.09239 CoO + 0.07457 Li3PO4 + 0.001522 NdPO4 + 0.3325 Li2SO4 + 0.7391 Ni + 0.1218 LiCl
NMC811,ndo_li_002,2.5,0.359721,-0.645552,0,1,0.1538 Li5.34Nd0.02P1S4.37Cl1.6O0.03 + 0.8462 Li1Mn0.1Co0.1Ni0.8O2 -> 0.5272 Li + 0.2256 Ni3S2 + 0.02821 Mn3O4 + 0.08462 CoO + 0.1508 Li3PO4 + 0.003077 NdPO4 + 0.221 Li2SO4 + 0.2462 LiCl
NMC811,ndo_li_002,2.5,0.385539,-0.666994,0,1,0.1688 Li5.34Nd0.02P1S4.37Cl1.6O0.03 + 0.8312 Li1Mn0.1Co0.1Ni0.8O2 -> 0.5255 Li + 0.2217 Ni3S2 + 0.02771 Mn3O4 + 0.009236 Co9S8 + 0.1654 Li3PO4 + 0.003376 NdPO4 + 0.2204 Li2SO4 + 0.2701 LiCl
NMC811,ndo_li_002,2.5,0.387347,-0.668286,0,1,0.1699 Li5.34Nd0.02P1S4.37Cl1.6O0.03 + 0.8301 Li1Mn0.1Co0.1Ni0.8O2 -> 0.5146 Li + 0.2214 Ni3S2 + 0.009224 Co9S8 + 0.1665 Li3PO4 + 0.08301 MnO + 0.003397 NdPO4 + 0.2257 Li2SO4 + 0.2718 LiCl
NMC811,ndo_li_002,2.5,0.403719,-0.676066,0,1,0.1797 Li5.34Nd0.02P1S4.37Cl1.6O0.03 + 0.8203 Li1Mn0.1Co0.1Ni0.8O2 -> 0.5416 Li + 0.2051 Ni3S2 + 0.04101 Co2NiS4 + 0.1761 Li3PO4 + 0.08203 MnO + 0.003595 NdPO4 + 0.2112 Li2SO4 + 0.2876 LiCl
NMC811,ndo_li_002,2.5,0.408798,-0.678175,0,1,0.1829 Li5.34Nd0.02P1S4.37Cl1.6O0.03 + 0.8171 Li1Mn0.1Co0.1Ni0.8O2 -> 0.6727 Li + 0.2043 Ni3S2 + 0.08171 LiMnPO4 + 0.04086 Co2NiS4 + 0.09749 Li3PO4 + 0.003657 NdPO4 + 0.2271 Li2SO4 + 0.2926 LiCl
NMC811,ndo_li_002,2.5,0.428274,-0.685451,0,1,0.1951 Li5.34Nd0.02P1S4.37Cl1.6O0.03 + 0.8049 Li1Mn0.1Co0.1Ni0.8O2 -> 0.7044 Li + 0.161 Ni3S2 + 0.08049 LiMnPO4 + 0.08049 Co(NiS2)2 + 0.1107 Li3PO4 + 0.003902 NdPO4 + 0.2088 Li2SO4 + 0.3122 LiCl
NMC811,ndo_li_002,2.5,0.452331,-0.693727,0,1,0.2109 Li5.34Nd0.02P1S4.37Cl1.6O0.03 + 0.7891 Li1Mn0.1Co0.1Ni0.8O2 -> 0.7452 Li + 0.05261 Ni9S8 + 0.07891 LiMnPO4 + 0.07891 Co(NiS2)2 + 0.1278 Li3PO4 + 0.004218 NdPO4 + 0.1852 Li2SO4 + 0.3375 LiCl
NMC811,ndo_li_002,2.5,0.494842,-0.70623,1,1,0.2407 Li5.34Nd0.02P1S4.37Cl1.6O0.03 + 0.7593 Li1Mn0.1Co0.1Ni0.8O2 -> 0.8222 Li + 0.07593 LiMnPO4 + 0.07593 Co(NiS2)2 + 0.16 Li3PO4 + 0.004814 NdPO4 + 0.1519 Ni3S4 + 0.1407 Li2SO4 + 0.3851 LiCl
NMC811,ndo_li_002,2.5,0.522633,-0.706131,0,1,0.2616 Li5.34Nd0.02P1S4.37Cl1.6O0.03 + 0.7384 Li1Mn0.1Co0.1Ni0.8O2 -> 0.7286 Li + 0.07384 Co(NiS2)2 + 0.2564 Li3PO4 + 0.005232 NdPO4 + 0.1477 Ni3S4 + 0.1095 Li2SO4 + 0.07384 MnS2 + 0.4186 LiCl
NMC811,ndo_li_002,2.5,0.569951,-0.687845,0,1,0.3002 Li5.34Nd0.02P1S4.37Cl1.6O0.03 + 0.6998 Li1Mn0.1Co0.1Ni0.8O2 -> 0.836 Li + 0.06998 Co(NiS2)2 + 0.4199 NiS2 + 0.2942 Li3PO4 + 0.006003 NdPO4 + 0.05201 Li2SO4 + 0.06998 MnS2 + 0.4803 LiCl
NMC811,ndo_li_002,2.5,0.590258,-0.678423,0,1,0.318 Li5.34Nd0.02P1S4.37Cl1.6O0.03 + 0.682 Li1Mn0.1Co0.1Ni0.8O2 -> 0.8855 Li + 0.5456 NiS2 + 0.3116 Li3PO4 + 0.0682 CoS2 + 0.006359 NdPO4 + 0.02544 Li2SO4 + 0.0682 MnS2 + 0.5087 LiCl
NMC811,ndo_li_002,2.5,0.608867,-0.664386,0,1,0.335 Li5.34Nd0.02P1S4.37Cl1.6O0.03 + 0.665 Li1Mn0.1Co0.1Ni0.8O2 -> 0.8995 Li + 0.532 NiS2 + 0.3283 Li3PO4 + 0.0665 CoS2 + 0.0067 NdPO4 + 0.0665 MnS2 + 0.536 LiCl + 0.0335 LiS4
NMC811,ndo_li_002,2.5,0.991974,-0.106332,0,1,0.9756 Li5.34Nd0.02P1S4.37Cl1.6O0.03 + 0.02439 Li1Mn0.1Co0.1Ni0.8O2 -> 3.456 Li + 0.01951 NiS2 + 0.478 P2S7 + 0.002439 CoS2 + 0.01951 NdPO4 + 0.002439 MnS2 + 1.561 LiCl + 0.2171 LiS4
NMC811,ndo_li_002,2.5,1.0,-0.092901,0,1,Li5.34Nd0.02P1S4.37Cl1.6O0.03 -> 3.517 Li + 0.49 P2S7 + 0.0125 NdPS4 + 0.0075 NdPO4 + 1.6 LiCl + 0.2225 LiS4
NMC811,ndo_li_002,3.0,0.0,-0.0,0,0,Li1Mn0.1Co0.1Ni0.8O2 -> 0.6 LiNiO2 + 0.1 Li2CoO3 + 0.1 Li2MnO3 + 0.2 NiO
NMC811,ndo_li_002,3.0,0.079455,-0.398906,0,0,0.02717 Li5.34Nd0.02P1S4.37Cl1.6O0.03 + 0.9728 Li1Mn0.1Co0.1Ni0.8O2 -> 0.3663 Li + 0.09728 Li2CoO3 + 0.09728 Li2MnO3 + 0.02717 Li3PO4 + 0.7783 NiO + 0.1188 Li2SO4 + 0.0002717 Nd2O3 + 0.04348 LiCl
NMC811,ndo_li_002,3.0,0.079489,-0.399075,0,0,0.02719 Li5.34Nd0.02P1S4.37Cl1.6O0.03 + 0.9728 Li1Mn0.1Co0.1Ni0.8O2 -> 0.3667 Li + 0.0002719 Nd2MnNiO6 + 0.09728 Li2CoO3 + 0.09701 Li2MnO3 + 0.02719 Li3PO4 + 0.778 NiO + 0.1188 Li2SO4 + 0.0435 LiCl
NMC811,ndo_li_002,3.0,0.091525,-0.457036,0,0,0.03157 Li5.34Nd0.02P1S4.37Cl1.6O0.03 + 0.9684 Li1Mn0.1Co0.1Ni0.8O2 -> 0.4259 Li + 0.0003157 Nd2MnNiO6 + 0.09684 LiCoO2 + 0.09653 Li2MnO3 + 0.03157 Li3PO4 + 0.7744 NiO + 0.138 Li2SO4 + 0.05052 LiCl
NMC811,ndo_li_002,3.0,0.093894,-0.466481,0,0,0.03245 Li5.34Nd0.02P1S4.37Cl1.6O0.03 + 0.9676 Li1Mn0.1Co0.1Ni0.8O2 -> 0.4764 Li + 0.0003245 Nd2MnNiO6 + 0.01935 Li4MnCo5O12 + 0.07708 Li2MnO3 + 0.03245 Li3PO4 + 0.7737 NiO + 0.1418 Li2SO4 + 0.05192 LiCl
NMC811,ndo_li_002,3.0,0.100125,-0.488428,0,0,0.03476 Li5.34Nd0.02P1S4.37Cl1.6O0.03 + 0.9652 Li1Mn0.1Co0.1Ni0.8O2 -> 0.5587 Li + 0.0003476 Nd2MnNiO6 + 0.02562 Li2Mn3NiO8 + 0.0193 Li4MnCo5O12 + 0.03476 Li3PO4 + 0.7462 NiO + 0.1519 Li2SO4 + 0.05561 LiCl
NMC811,ndo_li_002,3.0,0.100209,-0.488712,0,0,0.03479 Li5.34Nd0.02P1S4.37Cl1.6O0.03 + 0.9652 Li1Mn0.1Co0.1Ni0.8O2 -> 0.5591 Li + 0.02528 Li2Mn3NiO8 + 0.0193 Li4MnCo5O12 + 0.0006958 NdMn2O5 + 0.03479 Li3PO4 + 0.7469 NiO + 0.152 Li2SO4 + 0.05566 LiCl
NMC811,ndo_li_002,3.0,0.113213,-0.527131,0,0,0.03968 Li5.34Nd0.02P1S4.37Cl1.6O0.03 + 0.9603 Li1Mn0.1Co0.1Ni0.8O2 -> 0.5995 Li + 0.01085 Li4MnCo5O12 + 0.0418 Mn2CoO4 + 0.0007935 NdMn2O5 + 0.03968 Li3PO4 + 0.7683 NiO + 0.1734 Li2SO4 + 0.06348 LiCl
NMC811,ndo_li_002,3.0,0.113514,-0.527985,0,1,0.03979 Li5.34Nd0.02P1S4.37Cl1.6O0.03 + 0.9602 Li1Mn0.1Co0.1Ni0.8O2 -> 0.6016 Li + 0.01067 Li4MnCo5O12 + 0.04268 Mn2CoO4 + 0.0007958 NdPO4 + 0.039 Li3PO4 + 0.7682 NiO + 0.1739 Li2SO4 + 0.06367 LiCl
NMC811,ndo_li_002,3.0,0.120379,-0.547098,0,1,0.04241 Li5.34Nd0.02P1S4.37Cl1.6O0.03 + 0.9576 Li1Mn0.1Co0.1Ni0.8O2 -> 0.6208 Li + 0.04788 Mn2CoO4 + 0.0008482 NdPO4 + 0.04156 Li3PO4 + 0.7661 NiO + 0.04788 CoO + 0.1853 Li2SO4 + 0.06786 LiCl
NMC811,ndo_li_002,3.0,0.125419,-0.557531,0,1,0.04435 Li5.34Nd0.02P1S4.37Cl1.6O0.03 + 0.9556 Li1Mn0.1Co0.1Ni0.8O2 -> 0.6904 Li + 0.04346 LiCoPO4 + 0.04778 Mn2CoO4 + 0.000887 NdPO4 + 0.7645 NiO + 0.004318 CoO + 0.1938 Li2SO4 + 0.07096 LiCl
NMC811,ndo_li_002,3.0,0.129858,-0.565199,0,1,0.04607 Li5.34Nd0.02P1S4.37Cl1.6O0.03 + 0.9539 Li1Mn0.1Co0.1Ni0.8O2 -> 0.7521 Li + 0.04515 LiCoPO4 + 0.0477 Mn2CoO4 + 0.03686 NiCl2 + 0.0009214 NdPO4 + 0.7263 NiO + 0.002546 CoO + 0.2013 Li2SO4
NMC811,ndo_li_002,3.0,0.137298,-0.576112,0,1,0.04898 Li5.34Nd0.02P1S4.37Cl1.6O0.03 + 0.951 Li1Mn0.1Co0.1Ni0.8O2 -> 0.7845 Li + 0.024 Mn3(PO4)2 + 0.01155 Mn2CoO4 + 0.03919 NiCl2 + 0.0009796 NdPO4 + 0.7216 NiO + 0.08355 CoO + 0.2141 Li2SO4
NMC811,ndo_li_002,3.0,0.141336,-0.581863,0,1,0.05057 Li5.34Nd0.02P1S4.37Cl1.6O0.03 + 0.9494 Li1Mn0.1Co0.1Ni0.8O2 -> 0.8187 Li + 0.02478 Mn3(PO4)2 + 0.0206 Li2Mn(SO4)2 + 0.04046 NiCl2 + 0.001011 NdPO4 + 0.7191 NiO + 0.09494 CoO + 0.1798 Li2SO4
NMC811,ndo_li_002,3.0,0.147341,-0.59004,0,1,0.05296 Li5.34Nd0.02P1S4.37Cl1.6O0.03 + 0.947 Li1Mn0.1Co0.1Ni0.8O2 -> 0.9045 Li + 0.0519 LiCoPO4 + 0.0947 Li2Mn(SO4)2 + 0.04237 NiCl2 + 0.001059 NdPO4 + 0.7153 NiO + 0.0428 CoO + 0.04203 Li2SO4
NMC811,ndo_li_002,3.0,0.150538,-0.593171,0,1,0.05424 Li5.34Nd0.02P1S4.37Cl1.6O0.03 + 0.9458 Li1Mn0.1Co0.1Ni0.8O2 -> 0.9505 Li + 0.02658 Co3(PO4)2 + 0.09458 Li2Mn(SO4)2 + 0.04339 NiCl2 + 0.001085 NdPO4 + 0.7132 NiO + 0.01484 CoO + 0.04788 Li2SO4
NMC811,ndo_li_002,3.0,0.156654,-0.597931,0,1,0.05671 Li5.34Nd0.02P1S4.37Cl1.6O0.03 + 0.9433 Li1Mn0.1Co0.1Ni0.8O2 -> 0.9587 Li + 0.02779 Co3(PO4)2 + 0.09433 Li2Mn(SO4)2 + 0.04536 NiCl2 + 0.001134 NdPO4 + 0.001219 Co9S8 + 0.7093 NiO + 0.04939 Li2SO4
NMC811,ndo_li_002,3.0,0.173693,-0.611142,0,1,0.06369 Li5.34Nd0.02P1S4.37Cl1.6O0.03 + 0.9363 Li1Mn0.1Co0.1Ni0.8O2 -> 0.9767 Li + 0.03121 Co3(PO4)2 + 0.09363 Li2Mn(SO4)2 + 0.01743 Ni3S2 + 0.05096 NiCl2 + 0.001274 NdPO4 + 0.6458 NiO + 0.05622 Li2SO4
NMC811,ndo_li_002,3.0,0.239721,-0.662454,0,1,0.09259 Li5.34Nd0.02P1S4.37Cl1.6O0.03 + 0.9074 Li1Mn0.1Co0.1Ni0.8O2 -> 0.9827 Li + 0.09074 LiCoPO4 + 0.09074 Li2Mn(SO4)2 + 0.07483 Ni3S2 + 0.07407 NiCl2 + 0.001852 NdPO4 + 0.4274 NiO + 0.07348 Li2SO4
NMC811,ndo_li_002,3.0,0.33745,-0.741608,0,1,0.1415 Li5.34Nd0.02P1S4.37Cl1.6O0.03 + 0.8585 Li1Mn0.1Co0.1Ni0.8O2 -> 1.122 Li + 0.02641 Ni3(PO4)2 + 0.08585 LiCoPO4 + 0.08585 Li2Mn(SO4)2 + 0.1648 Ni3S2 + 0.1132 NiCl2 + 0.00283 NdPO4 + 0.1171 Li2SO4
NMC811,ndo_li_002,3.0,0.350346,-0.750091,0,1,0.1486 Li5.34Nd0.02P1S4.37Cl1.6O0.03 + 0.8514 Li1Mn0.1Co0.1Ni0.8O2 -> 1.003 Li + 0.001859 Ni3(PO4)2 + 0.08514 LiCoPO4 + 0.02838 Mn3(PO4)2 + 0.1856 Ni3S2 + 0.1189 NiCl2 + 0.002972 NdPO4 + 0.2782 Li2SO4
NMC811,ndo_li_002,3.0,0.350635,-0.75025,0,1,0.1488 Li5.34Nd0.02P1S4.37Cl1.6O0.03 + 0.8512 Li1Mn0.1Co0.1Ni0.8O2 -> 1.001 Li + 0.003903 LiNiPO4 + 0.08512 LiCoPO4 + 0.02837 Mn3(PO4)2 + 0.186 Ni3S2 + 0.119 NiCl2 + 0.002975 NdPO4 + 0.278 Li2SO4
NMC811,ndo_li_002,3.0,0.388128,-0.770939,0,1,0.1703 Li5.34Nd0.02P1S4.37Cl1.6O0.03 + 0.8297 Li1Mn0.1Co0.1Ni0.8O2 -> 1.136 Li + 0.1116 LiNiPO4 + 0.08297 Co(NiS2)2 + 0.02766 Mn3(PO4)2 + 0.08332 Ni3S2 + 0.1363 NiCl2 + 0.003406 NdPO4 + 0.2458 Li2SO4
NMC811,ndo_li_002,3.0,0.399081,-0.776852,0,1,0.1769 Li5.34Nd0.02P1S4.37Cl1.6O0.03 + 0.8231 Li1Mn0.1Co0.1Ni0.8O2 -> 1.177 Li + 0.02598 Ni9S8 + 0.1185 LiNiPO4 + 0.08231 Co(NiS2)2 + 0.02744 Mn3(PO4)2 + 0.1415 NiCl2 + 0.003538 NdPO4 + 0.236 Li2SO4
NMC811,ndo_li_002,3.0,0.403804,-0.779327,0,1,0.1798 Li5.34Nd0.02P1S4.37Cl1.6O0.03 + 0.8202 Li1Mn0.1Co0.1Ni0.8O2 -> 1.141 Li + 0.02824 Ni9S8 + 0.09417 LiNiPO4 + 0.08202 Co(NiS2)2 + 0.08202 LiMnPO4 + 0.1438 NiCl2 + 0.003596 NdPO4 + 0.2317 Li2SO4
NMC811,ndo_li_002,3.0,0.422735,-0.788416,0,1,0.1916 Li5.34Nd0.02P1S4.37Cl1.6O0.03 + 0.8084 Li1Mn0.1Co0.1Ni0.8O2 -> 1.216 Li + 0.1069 LiNiPO4 + 0.08084 Co(NiS2)2 + 0.08084 LiMnPO4 + 0.1533 NiCl2 + 0.003832 NdPO4 + 0.07495 Ni3S4 + 0.2141 Li2SO4
NMC811,ndo_li_002,3.0,0.44966,-0.796905,0,1,0.2091 Li5.34Nd0.02P1S4.37Cl1.6O0.03 + 0.7909 Li1Mn0.1Co0.1Ni0.8O2 -> 1.075 Li + 0.07909 Co(NiS2)2 + 0.07909 LiMnPO4 + 0.1673 NiCl2 + 0.004182 NdPO4 + 0.1259 Li3PO4 + 0.1024 Ni3S4 + 0.1879 Li2SO4
NMC811,ndo_li_002,3.0,0.494842,-0.809846,0,1,0.2407 Li5.34Nd0.02P1S4.37Cl1.6O0.03 + 0.7593 Li1Mn0.1Co0.1Ni0.8O2 -> 0.8222 Li + 0.07593 Co(NiS2)2 + 0.07593 LiMnPO4 + 0.004814 NdPO4 + 0.16 Li3PO4 + 0.1519 Ni3S4 + 0.1407 Li2SO4 + 0.3851 LiCl
NMC811,ndo_li_002,3.0,0.498774,-0.8105,1,1,0.2436 Li5.34Nd0.02P1S4.37Cl1.6O0.03 + 0.7564 Li1Mn0.1Co0.1Ni0.8O2 -> 0.952 Li + 0.07564 Co(NiS2)2 + 0.08154 Li4P2O7 + 0.07564 LiMnPO4 + 0.004872 NdPO4 + 0.1513 Ni3S4 + 0.1568 Li2SO4 + 0.3898 LiCl
NMC811,ndo_li_002,3.0,0.500619,-0.810447,0,1,0.245 Li5.34Nd0.02P1S4.37Cl1.6O0.03 + 0.755 Li1Mn0.1Co0.1Ni0.8O2 -> 1.013 Li + 0.0755 Co(NiS2)2 + 0.0755 Li2MnP2O7 + 0.04452 Li4P2O7 + 0.004899 NdPO4 + 0.151 Ni3S4 + 0.1644 Li2SO4 + 0.3919 LiCl
NMC811,ndo_li_002,3.0,0.553244,-0.800215,0,1,0.2861 Li5.34Nd0.02P1S4.37Cl1.6O0.03 + 0.7139 Li1Mn0.1Co0.1Ni0.8O2 -> 1.15 Li + 0.4283 NiS2 + 0.07139 Co(NiS2)2 + 0.07139 Li2MnP2O7 + 0.0688 Li4P2O7 + 0.005722 NdPO4 + 0.108 Li2SO4 + 0.4578 LiCl
NMC811,ndo_li_002,3.0,0.575605,-0.794307,0,1,0.305 Li5.34Nd0.02P1S4.37Cl1.6O0.03 + 0.695 Li1Mn0.1Co0.1Ni0.8O2 -> 1.213 Li + 0.556 NiS2 + 0.0695 CoS2 + 0.0695 Li2MnP2O7 + 0.07997 Li4P2O7 + 0.006101 NdPO4 + 0.0821 Li2SO4 + 0.4881 LiCl
NMC811,ndo_li_002,3.0,0.595835,-0.783428,0,1,0.323 Li5.34Nd0.02P1S4.37Cl1.6O0.03 + 0.677 Li1Mn0.1Co0.1Ni0.8O2 -> 1.137 Li + 0.5416 NiS2 + 0.0677 CoS2 + 0.1583 Li4P2O7 + 0.00646 NdPO4 + 0.0677 MnS2 + 0.05749 Li2SO4 + 0.5168 LiCl
NMC811,ndo_li_002,3.0,0.639752,-0.750394,0,1,0.365 Li5.34Nd0.02P1S4.37Cl1.6O0.03 + 0.635 Li1Mn0.1Co0.1Ni0.8O2 -> 1.203 Li + 0.508 NiS2 + 0.0635 CoS2 + 0.1788 Li4P2O7 + 0.007299 NdPO4 + 0.0635 MnS2 + 0.5839 LiCl + 0.0812 LiS4
NMC811,ndo_li_002,3.0,0.64308,-0.747558,0,1,0.3683 Li5.34Nd0.02P1S4.37Cl1.6O0.03 + 0.6317 Li1Mn0.1Co0.1Ni0.8O2 -> 1.238 Li + 0.5053 NiS2 + 0.06317 CoS2 + 0.1694 Li4P2O7 + 0.007366 LiNd(PO3)4 + 0.06317 MnS2 + 0.5893 LiCl + 0.08656 LiS4
NMC811,ndo_li_002,3.0,0.67541,-0.718723,0,1,0.4024 Li5.34Nd0.02P1S4.37Cl1.6O0.03 + 0.5976 Li1Mn0.1Co0.1Ni0.8O2 -> 1.584 Li + 0.4781 NiS2 + 0.05976 CoS2 + 0.008048 LiNd(PO3)4 + 0.05976 MnS2 + 0.3702 LiPO3 + 0.6439 LiCl + 0.1408 LiS4
NMC811,ndo_li_002,3.0,0.967136,-0.387539,0,1,0.905 Li5.34Nd0.02P1S4.37Cl1.6O0.03 + 0.09502 Li1Mn0.1Co0.1Ni0.8O2 -> 3.249 Li + 0.07602 NiS2 + 0.009502 CoS2 + 0.4163 P2S7 + 0.0181 LiNd(PO3)4 + 0.009502 MnS2 + 1.448 LiCl + 0.2127 LiS4
NMC811,ndo_li_002,3.0,0.991974,-0.355979,0,1,0.9756 Li5.34Nd0.02P1S4.37Cl1.6O0.03 + 0.02439 Li1Mn0.1Co0.1Ni0.8O2 -> 3.456 Li + 0.01951 NiS2 + 0.002439 CoS2 + 0.478 P2S7 + 0.01951 NdPO4 + 0.002439 MnS2 + 1.561 LiCl + 0.2171 LiS4
NMC811,ndo_li_002,3.0,1.0,-0.345374,0,1,Li5.34Nd0.02P1S4.37Cl1.6O0.03 -> 3.553 Li + 0.4963 P2S7 + 0.0075 NdPO4 + 0.0125 NdCl3 + 1.562 LiCl + 0.2241 LiS4
NMC811,ndo_li_002,3.5,0.0,-0.003246,0,0,Li1Mn0.1Co0.1Ni0.8O2 -> 0.4 Li + 0.36 Li(NiO2)2 + 0.02 Li4MnCo5O12 + 0.08 Li2MnO3 + 0.08 NiO
NMC811,ndo_li_002,3.5,0.073926,-0.445137,0,0,0.02518 Li5.34Nd0.02P1S4.37Cl1.6O0.03 + 0.9748 Li1Mn0.1Co0.1Ni0.8O2 -> 0.5399 Li + 0.0002518 Nd2MnNiO6 + 0.0195 Li4MnCo5O12 + 0.04029 LiClO4 + 0.07773 Li2MnO3 + 0.02518 Li3PO4 + 0.7796 NiO + 0.1101 Li2SO4
NMC811,ndo_li_002,3.5,0.078953,-0.473882,0,0,0.02699 Li5.34Nd0.02P1S4.37Cl1.6O0.03 + 0.973 Li1Mn0.1Co0.1Ni0.8O2 -> 0.6275 Li + 0.0002699 Nd2MnNiO6 + 0.02586 Li2Mn3NiO8 + 0.01946 Li4MnCo5O12 + 0.04319 LiClO4 + 0.02699 Li3PO4 + 0.7523 NiO + 0.118 Li2SO4
NMC811,ndo_li_002,3.5,0.079022,-0.474231,0,1,0.02702 Li5.34Nd0.02P1S4.37Cl1.6O0.03 + 0.973 Li1Mn0.1Co0.1Ni0.8O2 -> 0.6287 Li + 0.02595 Li2Mn3NiO8 + 0.01946 Li4MnCo5O12 + 0.0005404 NdPO4 + 0.04323 LiClO4 + 0.02648 Li3PO4 + 0.7524 NiO + 0.1181 Li2SO4
NMC811,ndo_li_002,3.5,0.100237,-0.577969,0,1,0.0348 Li5.34Nd0.02P1S4.37Cl1.6O0.03 + 0.9652 Li1Mn0.1Co0.1Ni0.8O2 -> 0.5602 Li + 0.02574 Li2Mn3NiO8 + 0.0193 Li4MnCo5O12 + 0.000696 NdPO4 + 0.0341 Li3PO4 + 0.7464 NiO + 0.1521 Li2SO4 + 0.05568 LiCl
NMC811,ndo_li_002,3.5,0.103336,-0.593084,0,1,0.03596 Li5.34Nd0.02P1S4.37Cl1.6O0.03 + 0.964 Li1Mn0.1Co0.1Ni0.8O2 -> 0.6014 Li + 0.07712 Mn(Ni3O4)2 + 0.01928 Li4MnCo5O12 + 0.0007191 NdPO4 + 0.03524 Li3PO4 + 0.3085 NiO + 0.1571 Li2SO4 + 0.05753 LiCl
NMC811,ndo_li_002,3.5,0.106911,-0.606627,0,1,0.0373 Li5.34Nd0.02P1S4.37Cl1.6O0.03 + 0.9627 Li1Mn0.1Co0.1Ni0.8O2 -> 0.6492 Li + 0.07702 Mn(Ni3O4)2 + 0.01925 Li4MnCo5O12 + 0.0007459 NdPO4 + 0.02984 NiCl2 + 0.03655 Li3PO4 + 0.2782 NiO + 0.163 Li2SO4
NMC811,ndo_li_002,3.5,0.111643,-0.62419,0,1,0.03908 Li5.34Nd0.02P1S4.37Cl1.6O0.03 + 0.9609 Li1Mn0.1Co0.1Ni0.8O2 -> 0.7129 Li + 0.0383 LiNiPO4 + 0.07687 Mn(Ni3O4)2 + 0.01922 Li4MnCo5O12 + 0.0007816 NdPO4 + 0.03127 NiCl2 + 0.2379 NiO + 0.1708 Li2SO4
NMC811,ndo_li_002,3.5,0.116813,-0.643161,0,1,0.04105 Li5.34Nd0.02P1S4.37Cl1.6O0.03 + 0.959 Li1Mn0.1Co0.1Ni0.8O2 -> 0.7346 Li + 0.08476 Mn(Ni3O4)2 + 0.01113 Li4MnCo5O12 + 0.0008209 NdPO4 + 0.03284 NiCl2 + 0.04023 LiCoPO4 + 0.2258 NiO + 0.1794 Li2SO4
NMC811,ndo_li_002,3.5,0.121609,-0.660671,0,1,0.04288 Li5.34Nd0.02P1S4.37Cl1.6O0.03 + 0.9571 Li1Mn0.1Co0.1Ni0.8O2 -> 0.7693 Li + 0.09571 Mn(Ni3O4)2 + 0.0008577 NdPO4 + 0.03431 NiCl2 + 0.04203 LiCoPO4 + 0.1571 NiO + 0.0179 Co3O4 + 0.1874 Li2SO4
NMC811,ndo_li_002,3.5,0.125328,-0.671627,0,1,0.04432 Li5.34Nd0.02P1S4.37Cl1.6O0.03 + 0.9557 Li1Mn0.1Co0.1Ni0.8O2 -> 0.805 Li + 0.09557 Mn(Ni3O4)2 + 0.02171 Co3(PO4)2 + 0.0008863 NdPO4 + 0.03545 NiCl2 + 0.1557 NiO + 0.01014 Co3O4 + 0.1937 Li2SO4
NMC811,ndo_li_002,3.5,0.13016,-0.684938,0,1,0.04619 Li5.34Nd0.02P1S4.37Cl1.6O0.03 + 0.9538 Li1Mn0.1Co0.1Ni0.8O2 -> 0.8517 Li + 0.02748 Li2Co(SO4)2 + 0.09538 Mn(Ni3O4)2 + 0.02263 Co3(PO4)2 + 0.0009238 NdPO4 + 0.03695 NiCl2 + 0.1538 NiO + 0.1469 Li2SO4
NMC811,ndo_li_002,3.5,0.152229,-0.745703,0,1,0.05492 Li5.34Nd0.02P1S4.37Cl1.6O0.03 + 0.9451 Li1Mn0.1Co0.1Ni0.8O2 -> 0.9749 Li + 0.01378 Li2Co(SO4)2 + 0.09451 Li2Mn(SO4)2 + 0.02691 Co3(PO4)2 + 0.001098 NdPO4 + 0.04394 NiCl2 + 0.7121 NiO + 0.02343 Li2SO4
NMC811,ndo_li_002,3.5,0.156337,-0.756795,0,1,0.05658 Li5.34Nd0.02P1S4.37Cl1.6O0.03 + 0.9434 Li1Mn0.1Co0.1Ni0.8O2 -> 1.035 Li + 0.01117 Li2Co(SO4)2 + 0.09434 Li2Mn(SO4)2 + 0.02772 Co3(PO4)2 + 0.001132 NdPO4 + 0.04526 NiCl2 + 0.03621 NiSO4 + 0.6733 NiO
NMC811,ndo_li_002,3.5,0.158092,-0.761491,0,1,0.05729 Li5.34Nd0.02P1S4.37Cl1.6O0.03 + 0.9427 Li1Mn0.1Co0.1Ni0.8O2 -> 1.06 Li + 0.09427 Li2Mn(SO4)2 + 0.02807 Co3(PO4)2 + 0.01006 CoSO4 + 0.001146 NdPO4 + 0.04583 NiCl2 + 0.05175 NiSO4 + 0.6566 NiO
NMC811,ndo_li_002,3.5,0.172626,-0.798825,0,1,0.06325 Li5.34Nd0.02P1S4.37Cl1.6O0.03 + 0.9367 Li1Mn0.1Co0.1Ni0.8O2 -> 1.275 Li + 0.03099 Co3(PO4)2 + 0.0006958 CoSO4 + 0.001265 NdPO4 + 0.0506 NiCl2 + 0.182 NiSO4 + 0.5168 NiO + 0.09367 MnSO4
NMC811,ndo_li_002,3.5,0.173693,-0.799829,0,1,0.06369 Li5.34Nd0.02P1S4.37Cl1.6O0.03 + 0.9363 Li1Mn0.1Co0.1Ni0.8O2 -> 1.276 Li + 0.0007785 Ni3S2 + 0.03121 Co3(PO4)2 + 0.001274 NdPO4 + 0.05096 NiCl2 + 0.1832 NiSO4 + 0.5126 NiO + 0.09363 MnSO4
NMC811,ndo_li_002,3.5,0.292974,-0.914624,0,1,0.1182 Li5.34Nd0.02P1S4.37Cl1.6O0.03 + 0.8818 Li1Mn0.1Co0.1Ni0.8O2 -> 1.513 Li + 0.09661 Ni3S2 + 0.02855 Ni3(PO4)2 + 0.02939 Co3(PO4)2 + 0.002365 NdPO4 + 0.0946 NiCl2 + 0.2353 NiSO4 + 0.08818 MnSO4
NMC811,ndo_li_002,3.5,0.316987,-0.935152,0,1,0.1306 Li5.34Nd0.02P1S4.37Cl1.6O0.03 + 0.8694 Li1Mn0.1Co0.1Ni0.8O2 -> 1.567 Li + 0.04583 Ni3S2 + 0.06399 Ni3(PO4)2 + 0.04347 Co2NiS4 + 0.002612 NdPO4 + 0.1045 NiCl2 + 0.2182 NiSO4 + 0.08694 MnSO4
NMC811,ndo_li_002,3.5,0.337837,-0.952081,0,1,0.1417 Li5.34Nd0.02P1S4.37Cl1.6O0.03 + 0.8583 Li1Mn0.1Co0.1Ni0.8O2 -> 1.615 Li + 0.06944 Ni3(PO4)2 + 0.003128 Co2NiS4 + 0.07957 Co(NiS2)2 + 0.002834 NdPO4 + 0.1134 NiCl2 + 0.2027 NiSO4 + 0.08583 MnSO4
NMC811,ndo_li_002,3.5,0.3428,-0.954243,0,1,0.1444 Li5.34Nd0.02P1S4.37Cl1.6O0.03 + 0.8556 Li1Mn0.1Co0.1Ni0.8O2 -> 1.627 Li + 0.05292 Ni3(PO4)2 + 0.01785 Ni2P2O7 + 0.08556 Co(NiS2)2 + 0.002889 NdPO4 + 0.1155 NiCl2 + 0.2034 NiSO4 + 0.08556 MnSO4
NMC811,ndo_li_002,3.5,0.358409,-0.960743,0,1,0.1531 Li5.34Nd0.02P1S4.37Cl1.6O0.03 + 0.8469 Li1Mn0.1Co0.1Ni0.8O2 -> 1.664 Li + 0.07502 Ni2P2O7 + 0.08469 Co(NiS2)2 + 0.003062 NdPO4 + 0.1225 NiCl2 + 0.2056 NiSO4 + 0.01002 Ni3S4 + 0.08469 MnSO4
NMC811,ndo_li_002,3.5,0.38165,-0.968163,0,1,0.1665 Li5.34Nd0.02P1S4.37Cl1.6O0.03 + 0.8335 Li1Mn0.1Co0.1Ni0.8O2 -> 1.723 Li + 0.08158 Ni(PO3)2 + 0.08335 Co(NiS2)2 + 0.00333 NdPO4 + 0.1332 NiCl2 + 0.209 NiSO4 + 0.02546 Ni3S4 + 0.08335 MnSO4
NMC811,ndo_li_002,3.5,0.382663,-0.968441,0,0,0.1671 Li5.34Nd0.02P1S4.37Cl1.6O0.03 + 0.8329 Li1Mn0.1Co0.1Ni0.8O2 -> 1.725 Li + 0.08354 Ni(PO3)2 + 0.001671 Nd2(SO4)3 + 0.08329 Co(NiS2)2 + 0.1337 NiCl2 + 0.2041 NiSO4 + 0.02615 Ni3S4 + 0.08329 MnSO4
NMC811,ndo_li_002,3.5,0.408529,-0.972964,0,0,0.1827 Li5.34Nd0.02P1S4.37Cl1.6O0.03 + 0.8173 Li1Mn0.1Co0.1Ni0.8O2 -> 1.629 Li + 0.09135 Ni(PO3)2 + 0.001827 Nd2(SO4)3 + 0.08173 Li2Mn(SO4)2 + 0.08173 Co(NiS2)2 + 0.1462 NiCl2 + 0.1041 NiSO4 + 0.04961 Ni3S4
NMC811,ndo_li_002,3.5,0.429067,-0.975747,0,0,0.1956 Li5.34Nd0.02P1S4.37Cl1.6O0.03 + 0.8044 Li1Mn0.1Co0.1Ni0.8O2 -> 1.688 Li + 0.09782 Ni(PO3)2 + 0.001956 Nd2(SO4)3 + 0.08044 Li2Mn(SO4)2 + 0.1381 NiS2 + 0.08044 Co(NiS2)2 + 0.1565 NiCl2 + 0.09019 NiSO4
NMC811,ndo_li_002,3.5,0.456924,-0.979045,0,0,0.214 Li5.34Nd0.02P1S4.37Cl1.6O0.03 + 0.786 Li1Mn0.1Co0.1Ni0.8O2 -> 1.631 Li + 0.107 Ni(PO3)2 + 0.00214 Nd2(SO4)3 + 0.0786 Li2Mn(SO4)2 + 0.1934 NiS2 + 0.0786 Co(NiS2)2 + 0.1712 NiCl2 + 0.07047 Li2SO4
NMC811,ndo_li_002,3.5,0.459512,-0.979343,0,1,0.2158 Li5.34Nd0.02P1S4.37Cl1.6O0.03 + 0.7842 Li1Mn0.1Co0.1Ni0.8O2 -> 1.625 Li + 0.09926 Ni(PO3)2 + 0.07842 Li2Mn(SO4)2 + 0.1987 NiS2 + 0.07842 Co(NiS2)2 + 0.004315 LiNd(PO3)4 + 0.1726 NiCl2 + 0.07506 Li2SO4
NMC811,ndo_li_002,3.5,0.482174,-0.980883,1,1,0.2316 Li5.34Nd0.02P1S4.37Cl1.6O0.03 + 0.7684 Li1Mn0.1Co0.1Ni0.8O2 -> 1.729 Li + 0.1065 Ni(PO3)2 + 0.07684 Li2Mn(SO4)2 + 0.323 NiS2 + 0.004631 LiNd(PO3)4 + 0.07684 CoS2 + 0.1853 NiCl2 + 0.0586 Li2SO4
NMC811,ndo_li_002,3.5,0.503012,-0.980826,0,1,0.2467 Li5.34Nd0.02P1S4.37Cl1.6O0.03 + 0.7533 Li1Mn0.1Co0.1Ni0.8O2 -> 1.679 Li + 0.03817 Ni(PO3)2 + 0.3671 NiS2 + 0.004935 LiNd(PO3)4 + 0.07533 CoS2 + 0.1974 NiCl2 + 0.1934 Li2SO4 + 0.07533 Mn(PO3)2
NMC811,ndo_li_002,3.5,0.506506,-0.980461,0,1,0.2493 Li5.34Nd0.02P1S4.37Cl1.6O0.03 + 0.7507 Li1Mn0.1Co0.1Ni0.8O2 -> 1.67 Li + 0.02642 LiNi(PO3)3 + 0.3746 NiS2 + 0.004987 LiNd(PO3)4 + 0.07507 CoS2 + 0.1995 NiCl2 + 0.1902 Li2SO4 + 0.07507 Mn(PO3)2
NMC811,ndo_li_002,3.5,0.513261,-0.97922,0,1,0.2544 Li5.34Nd0.02P1S4.37Cl1.6O0.03 + 0.7456 Li1Mn0.1Co0.1Ni0.8O2 -> 1.653 Li + 0.003469 LiNi(PO3)3 + 0.07456 LiMn(PO3)3 + 0.3894 NiS2 + 0.005089 LiNd(PO3)4 + 0.07456 CoS2 + 0.2035 NiCl2 + 0.1839 Li2SO4
NMC811,ndo_li_002,3.5,0.514273,-0.97903,0,1,0.2552 Li5.34Nd0.02P1S4.37Cl1.6O0.03 + 0.7448 Li1Mn0.1Co0.1Ni0.8O2 -> 1.651 Li + 0.07448 LiMn(PO3)3 + 0.3917 NiS2 + 0.005104 LiNd(PO3)4 + 0.07448 CoS2 + 0.2042 NiCl2 + 0.1829 Li2SO4 + 0.01135 LiPO3
NMC811,ndo_li_002,3.5,0.669241,-0.939184,0,1,0.3957 Li5.34Nd0.02P1S4.37Cl1.6O0.03 + 0.6043 Li1Mn0.1Co0.1Ni0.8O2 -> 2.45 Li + 0.06043 LiMn(PO3)3 + 0.4834 NiS2 + 0.007914 LiNd(PO3)4 + 0.6331 SCl + 0.06043 CoS2 + 0.008344 Li2SO4 + 0.1828 LiPO3
NMC811,ndo_li_002,3.5,0.67541,-0.936335,0,1,0.4024 Li5.34Nd0.02P1S4.37Cl1.6O0.03 + 0.5976 Li1Mn0.1Co0.1Ni0.8O2 -> 2.488 Li + 0.05976 LiMn(PO3)3 + 0.4781 NiS2 + 0.008048 LiNd(PO3)4 + 0.6439 SCl + 0.05976 CoS2 + 0.1909 LiPO3 + 0.03903 S
NMC811,ndo_li_002,3.5,0.686013,-0.928854,0,1,0.4142 Li5.34Nd0.02P1S4.37Cl1.6O0.03 + 0.5858 Li1Mn0.1Co0.1Ni0.8O2 -> 2.643 Li + 0.05858 MnP4O11 + 0.4686 NiS2 + 0.008284 LiNd(PO3)4 + 0.6627 SCl + 0.05858 CoS2 + 0.1467 LiPO3 + 0.0929 S
NMC811,ndo_li_002,3.5,0.742926,-0.882812,0,1,0.4833 Li5.34Nd0.02P1S4.37Cl1.6O0.03 + 0.5167 Li1Mn0.1Co0.1Ni0.8O2 -> 2.967 Li + 0.05836 P2S7 + 0.05167 MnP4O11 + 0.4134 NiS2 + 0.009665 LiNd(PO3)4 + 0.7732 SCl + 0.05167 CoS2 + 0.1212 LiPO3
NMC811,ndo_li_002,3.5,0.929789,-0.715698,0,1,0.8108 Li5.34Nd0.02P1S4.37Cl1.6O0.03 + 0.1892 Li1Mn0.1Co0.1Ni0.8O2 -> 4.503 Li + 0.3092 P2S7 + 0.01892 MnP4O11 + 0.1514 NiS2 + 0.05183 PCl5 + 0.01622 LiNd(PO3)4 + 1.038 SCl + 0.01892 CoS2
NMC811,ndo_li_002,3.5,0.953704,-0.692594,0,1,0.8696 Li5.34Nd0.02P1S4.37Cl1.6O0.03 + 0.1304 Li1Mn0.1Co0.1Ni0.8O2 -> 4.757 Li + 0.3555 P2S7 + 0.1043 NiS2 + 0.06292 PCl5 + 0.01739 LiNd(PO3)4 + 1.077 SCl + 0.01304 CoS2 + 0.01304 Mn(PO3)2
NMC811,ndo_li_002,3.5,1.0,-0.645802,0,1,Li5.34Nd0.02P1S4.37Cl1.6O0.03 -> 5.338 Li + 0.4572 P2S7 + 0.07559 PCl5 + 0.0025 LiNd(PO3)4 + 1.17 SCl + 0.0175 NdCl3
NMC811,ndo_li_002,4.0,0.0,-0.133729,0,0,Li1Mn0.1Co0.1Ni0.8O2 -> 0.95 Li + 0.1 Mn(Ni3O4)2 + 0.05 Li(CoO2)2 + 0.06667 Ni3O4 + 0.3667 O2
NMC811,ndo_li_002,4.0,0.078655,-0.579994,0,1,0.02689 Li5.34Nd0.02P1S4.37Cl1.6O0.03 + 0.9731 Li1Mn0.1Co0.1Ni0.8O2 -> 0.7637 Li + 0.02635 LiNiPO4 + 0.09731 Mn(Ni3O4)2 + 0.04302 LiClO4 + 0.04866 Li(CoO2)2 + 0.05609 Ni3O4 + 0.1175 Li2SO4 + 0.0005377 NdPO4
NMC811,ndo_li_002,4.0,0.084248,-0.612056,0,1,0.02891 Li5.34Nd0.02P1S4.37Cl1.6O0.03 + 0.9711 Li1Mn0.1Co0.1Ni0.8O2 -> 0.7496 Li + 0.02833 LiNiPO4 + 0.09711 Mn(Ni3O4)2 + 0.04626 LiClO4 + 0.1659 NiO + 0.04855 Li(CoO2)2 + 0.1263 Li2SO4 + 0.0005782 NdPO4
NMC811,ndo_li_002,4.0,0.085679,-0.619897,0,1,0.02943 Li5.34Nd0.02P1S4.37Cl1.6O0.03 + 0.9706 Li1Mn0.1Co0.1Ni0.8O2 -> 0.7749 Li + 0.01442 Ni3(PO4)2 + 0.09706 Mn(Ni3O4)2 + 0.04709 LiClO4 + 0.1508 NiO + 0.04853 Li(CoO2)2 + 0.1286 Li2SO4 + 0.0005887 NdPO4
NMC811,ndo_li_002,4.0,0.099871,-0.686795,0,1,0.03466 Li5.34Nd0.02P1S4.37Cl1.6O0.03 + 0.9653 Li1Mn0.1Co0.1Ni0.8O2 -> 1.028 Li + 0.01698 Ni3(PO4)2 + 0.09653 Mn(Ni3O4)2 + 0.05546 LiClO4 + 0.1421 NiSO4 + 0.04827 Li(CoO2)2 + 0.009359 Li2SO4 + 0.0006932 NdPO4
NMC811,ndo_li_002,4.0,0.100972,-0.691898,0,1,0.03507 Li5.34Nd0.02P1S4.37Cl1.6O0.03 + 0.9649 Li1Mn0.1Co0.1Ni0.8O2 -> 1.048 Li + 0.01719 Ni3(PO4)2 + 0.09413 Mn(Ni3O4)2 + 0.05612 LiClO4 + 0.002367 MnNiO3 + 0.1533 NiSO4 + 0.04825 Li(CoO2)2 + 0.0007014 NdPO4
NMC811,ndo_li_002,4.0,0.107826,-0.723716,0,1,0.03764 Li5.34Nd0.02P1S4.37Cl1.6O0.03 + 0.9624 Li1Mn0.1Co0.1Ni0.8O2 -> 1.103 Li + 0.01844 Ni3(PO4)2 + 0.09077 Mn(Ni3O4)2 + 0.06022 LiClO4 + 0.00547 MnNiO3 + 0.004184 Co23O32 + 0.1645 NiSO4 + 0.0007528 NdPO4
NMC811,ndo_li_002,4.0,0.152265,-0.931726,0,1,0.05493 Li5.34Nd0.02P1S4.37Cl1.6O0.03 + 0.9451 Li1Mn0.1Co0.1Ni0.8O2 -> 1.238 Li + 0.02692 Ni3(PO4)2 + 0.05936 Mn(Ni3O4)2 + 0.03515 MnNiO3 + 0.004109 Co23O32 + 0.2401 NiSO4 + 0.04395 NiCl2 + 0.001099 NdPO4
NMC811,ndo_li_002,4.0,0.153134,-0.935517,0,1,0.05528 Li5.34Nd0.02P1S4.37Cl1.6O0.03 + 0.9447 Li1Mn0.1Co0.1Ni0.8O2 -> 1.24 Li + 0.02709 Ni3(PO4)2 + 0.05884 Mn(Ni3O4)2 + 0.03149 Co3O4 + 0.03563 MnNiO3 + 0.2416 NiSO4 + 0.04423 NiCl2 + 0.001106 NdPO4
NMC811,ndo_li_002,4.0,0.15642,-0.946767,0,1,0.05661 Li5.34Nd0.02P1S4.37Cl1.6O0.03 + 0.9434 Li1Mn0.1Co0.1Ni0.8O2 -> 1.246 Li + 0.02774 Ni3(PO4)2 + 0.06314 Mn(Ni3O4)2 + 0.02625 Co3O4 + 0.2474 NiSO4 + 0.0156 Mn2CoO4 + 0.04529 NiCl2 + 0.001132 NdPO4
NMC811,ndo_li_002,4.0,0.15954,-0.957454,0,1,0.05788 Li5.34Nd0.02P1S4.37Cl1.6O0.03 + 0.9421 Li1Mn0.1Co0.1Ni0.8O2 -> 1.251 Li + 3.617e-05 Ni3(PO4)2 + 0.07573 Mn(Ni3O4)2 + 0.2529 NiSO4 + 0.02832 Co3(PO4)2 + 0.009242 Mn2CoO4 + 0.0463 NiCl2 + 0.001158 NdPO4
NMC811,ndo_li_002,4.0,0.159552,-0.957485,0,1,0.05788 Li5.34Nd0.02P1S4.37Cl1.6O0.03 + 0.9421 Li1Mn0.1Co0.1Ni0.8O2 -> 1.251 Li + 0.07577 Mn(Ni3O4)2 + 0.2528 NiSO4 + 0.02836 Co3(PO4)2 + 0.009127 Mn2CoO4 + 0.000186 MnSO4 + 0.0463 NiCl2 + 0.001158 NdPO4
NMC811,ndo_li_002,4.0,0.172508,-0.994318,0,1,0.0632 Li5.34Nd0.02P1S4.37Cl1.6O0.03 + 0.9368 Li1Mn0.1Co0.1Ni0.8O2 -> 1.274 Li + 0.5148 NiO + 0.1841 NiSO4 + 0.03097 Co3(PO4)2 + 0.0007725 Mn2CoO4 + 0.09213 MnSO4 + 0.05056 NiCl2 + 0.001264 NdPO4
NMC811,ndo_li_002,4.0,0.172626,-0.994646,0,1,0.06325 Li5.34Nd0.02P1S4.37Cl1.6O0.03 + 0.9367 Li1Mn0.1Co0.1Ni0.8O2 -> 1.275 Li + 0.5168 NiO + 0.182 NiSO4 + 0.03099 Co3(PO4)2 + 0.0006958 CoSO4 + 0.09367 MnSO4 + 0.0506 NiCl2 + 0.001265 NdPO4
NMC811,ndo_li_002,4.0,0.173693,-0.995838,0,1,0.06369 Li5.34Nd0.02P1S4.37Cl1.6O0.03 + 0.9363 Li1Mn0.1Co0.1Ni0.8O2 -> 1.276 Li + 0.5126 NiO + 0.1832 NiSO4 + 0.03121 Co3(PO4)2 + 0.0007785 Ni3S2 + 0.09363 MnSO4 + 0.05096 NiCl2 + 0.001274 NdPO4
NMC811,ndo_li_002,4.0,0.292974,-1.132327,0,1,0.1182 Li5.34Nd0.02P1S4.37Cl1.6O0.03 + 0.8818 Li1Mn0.1Co0.1Ni0.8O2 -> 1.513 Li + 0.02855 Ni3(PO4)2 + 0.2353 NiSO4 + 0.02939 Co3(PO4)2 + 0.09661 Ni3S2 + 0.08818 MnSO4 + 0.0946 NiCl2 + 0.002365 NdPO4
NMC811,ndo_li_002,4.0,0.316987,-1.157386,0,1,0.1306 Li5.34Nd0.02P1S4.37Cl1.6O0.03 + 0.8694 Li1Mn0.1Co0.1Ni0.8O2 -> 1.567 Li + 0.06399 Ni3(PO4)2 + 0.2182 NiSO4 + 0.04583 Ni3S2 + 0.08694 MnSO4 + 0.1045 NiCl2 + 0.002612 NdPO4 + 0.04347 Co2NiS4
NMC811,ndo_li_002,4.0,0.337837,-1.178297,0,1,0.1417 Li5.34Nd0.02P1S4.37Cl1.6O0.03 + 0.8583 Li1Mn0.1Co0.1Ni0.8O2 -> 1.615 Li + 0.06944 Ni3(PO4)2 + 0.2027 NiSO4 + 0.08583 MnSO4 + 0.07957 Co(NiS2)2 + 0.1134 NiCl2 + 0.002834 NdPO4 + 0.003128 Co2NiS4
NMC811,ndo_li_002,4.0,0.3428,-1.181413,0,1,0.1444 Li5.34Nd0.02P1S4.37Cl1.6O0.03 + 0.8556 Li1Mn0.1Co0.1Ni0.8O2 -> 1.627 Li + 0.05292 Ni3(PO4)2 + 0.01785 Ni2P2O7 + 0.2034 NiSO4 + 0.08556 MnSO4 + 0.08556 Co(NiS2)2 + 0.1155 NiCl2 + 0.002889 NdPO4
NMC811,ndo_li_002,4.0,0.358409,-1.19093,0,1,0.1531 Li5.34Nd0.02P1S4.37Cl1.6O0.03 + 0.8469 Li1Mn0.1Co0.1Ni0.8O2 -> 1.664 Li + 0.07502 Ni2P2O7 + 0.2056 NiSO4 + 0.01002 Ni3S4 + 0.08469 MnSO4 + 0.08469 Co(NiS2)2 + 0.1225 NiCl2 + 0.003062 NdPO4
NMC811,ndo_li_002,4.0,0.38165,-1.20289,0,1,0.1665 Li5.34Nd0.02P1S4.37Cl1.6O0.03 + 0.8335 Li1Mn0.1Co0.1Ni0.8O2 -> 1.723 Li + 0.08158 Ni(PO3)2 + 0.209 NiSO4 + 0.02546 Ni3S4 + 0.08335 MnSO4 + 0.08335 Co(NiS2)2 + 0.1332 NiCl2 + 0.00333 NdPO4
NMC811,ndo_li_002,4.0,0.382663,-1.203367,0,0,0.1671 Li5.34Nd0.02P1S4.37Cl1.6O0.03 + 0.8329 Li1Mn0.1Co0.1Ni0.8O2 -> 1.725 Li + 0.08354 Ni(PO3)2 + 0.2041 NiSO4 + 0.001671 Nd2(SO4)3 + 0.02615 Ni3S4 + 0.08329 MnSO4 + 0.08329 Co(NiS2)2 + 0.1337 NiCl2
NMC811,ndo_li_002,4.0,0.394423,-1.207272,0,0,0.1741 Li5.34Nd0.02P1S4.37Cl1.6O0.03 + 0.8259 Li1Mn0.1Co0.1Ni0.8O2 -> 1.756 Li + 0.08704 Ni(PO3)2 + 0.1959 NiSO4 + 0.001741 Nd2(SO4)3 + 0.08259 MnSO4 + 0.08259 Co(NiS2)2 + 0.07335 NiS2 + 0.1393 NiCl2
NMC811,ndo_li_002,4.0,0.429067,-1.21702,0,0,0.1956 Li5.34Nd0.02P1S4.37Cl1.6O0.03 + 0.8044 Li1Mn0.1Co0.1Ni0.8O2 -> 1.849 Li + 0.09782 Ni(PO3)2 + 0.1706 NiSO4 + 0.001956 Nd2(SO4)3 + 0.08044 MnSO4 + 0.2186 NiS2 + 0.08044 CoS2 + 0.1565 NiCl2
NMC811,ndo_li_002,4.0,0.495781,-1.227496,0,0,0.2414 Li5.34Nd0.02P1S4.37Cl1.6O0.03 + 0.7586 Li1Mn0.1Co0.1Ni0.8O2 -> 2.048 Li + 0.1207 Ni(PO3)2 + 0.2339 SO2 + 0.002414 Nd2(SO4)3 + 0.07586 MnSO4 + 0.2931 NiS2 + 0.07586 CoS2 + 0.1931 NiCl2
NMC811,ndo_li_002,4.0,0.522106,-1.230572,0,0,0.2612 Li5.34Nd0.02P1S4.37Cl1.6O0.03 + 0.7388 Li1Mn0.1Co0.1Ni0.8O2 -> 2.134 Li + 0.05673 Ni(PO3)2 + 0.3352 SO2 + 0.002612 Nd2(SO4)3 + 0.3253 NiS2 + 0.07388 CoS2 + 0.209 NiCl2 + 0.07388 Mn(PO3)2
NMC811,ndo_li_002,4.0,0.524766,-1.230789,0,1,0.2633 Li5.34Nd0.02P1S4.37Cl1.6O0.03 + 0.7367 Li1Mn0.1Co0.1Ni0.8O2 -> 2.143 Li + 0.05007 Ni(PO3)2 + 0.3458 SO2 + 0.005265 Nd(PO3)3 + 0.3287 NiS2 + 0.07367 CoS2 + 0.2106 NiCl2 + 0.07367 Mn(PO3)2
NMC811,ndo_li_002,4.0,0.640857,-1.231395,1,1,0.3661 Li5.34Nd0.02P1S4.37Cl1.6O0.03 + 0.6339 Li1Mn0.1Co0.1Ni0.8O2 -> 2.589 Li + 0.1087 Ni(PO3)2 + 0.0903 SO2 + 0.5857 SCl + 0.007322 Nd(PO3)3 + 0.3985 NiS2 + 0.06339 CoS2 + 0.06339 Mn(PO3)2
NMC811,ndo_li_002,4.0,0.64308,-1.231265,0,1,0.3683 Li5.34Nd0.02P1S4.37Cl1.6O0.03 + 0.6317 Li1Mn0.1Co0.1Ni0.8O2 -> 2.599 Li + 0.1026 Ni(PO3)2 + 0.0884 SO2 + 0.007366 NdP5O14 + 0.5893 SCl + 0.4028 NiS2 + 0.06317 CoS2 + 0.06317 Mn(PO3)2
NMC811,ndo_li_002,4.0,0.661235,-1.228858,0,1,0.3871 Li5.34Nd0.02P1S4.37Cl1.6O0.03 + 0.6129 Li1Mn0.1Co0.1Ni0.8O2 -> 2.68 Li + 0.05164 Ni(PO3)2 + 0.06129 MnP4O11 + 0.07248 SO2 + 0.007743 NdP5O14 + 0.6194 SCl + 0.4387 NiS2 + 0.06129 CoS2
NMC811,ndo_li_002,4.0,0.669193,-1.226913,0,1,0.3956 Li5.34Nd0.02P1S4.37Cl1.6O0.03 + 0.6044 Li1Mn0.1Co0.1Ni0.8O2 -> 2.717 Li + 0.06044 MnP4O11 + 0.02859 NiP4O11 + 0.06528 SO2 + 0.007913 NdP5O14 + 0.633 SCl + 0.4549 NiS2 + 0.06044 CoS2
NMC811,ndo_li_002,4.0,0.693992,-1.220365,0,1,0.4233 Li5.34Nd0.02P1S4.37Cl1.6O0.03 + 0.5767 Li1Mn0.1Co0.1Ni0.8O2 -> 2.837 Li + 0.05767 MnP4O11 + 0.03757 NiP4O11 + 0.008466 NdP5O14 + 0.6772 SCl + 0.4238 NiS2 + 0.05767 CoS2 + 0.2095 S
NMC811,ndo_li_002,4.0,0.790686,-1.165563,0,1,0.5501 Li5.34Nd0.02P1S4.37Cl1.6O0.03 + 0.4499 Li1Mn0.1Co0.1Ni0.8O2 -> 3.387 Li + 0.04499 MnP4O11 + 0.02431 NiP4O11 + 0.1089 P2S7 + 0.011 NdP5O14 + 0.8801 SCl + 0.3356 NiS2 + 0.04499 CoS2
NMC811,ndo_li_002,4.0,0.917519,-1.084763,0,1,0.7826 Li5.34Nd0.02P1S4.37Cl1.6O0.03 + 0.2174 Li1Mn0.1Co0.1Ni0.8O2 -> 4.397 Li + 0.02174 MnP4O11 + 0.2861 P2S7 + 0.01565 NdP5O14 + 1.026 SCl + 0.04522 PCl5 + 0.1739 NiS2 + 0.02174 CoS2
NMC811,ndo_li_002,4.0,0.945367,-1.065543,0,1,0.8485 Li5.34Nd0.02P1S4.37Cl1.6O0.03 + 0.1515 Li1Mn0.1Co0.1Ni0.8O2 -> 4.682 Li + 0.3379 P2S7 + 0.01697 NdP5O14 + 1.07 SCl + 0.05754 PCl5 + 0.1212 NiS2 + 0.01515 CoS2 + 0.01515 Mn(PO3)2
NMC811,ndo_li_002,4.0,0.966488,-1.050469,0,1,0.9032 Li5.34Nd0.02P1S4.37Cl1.6O0.03 + 0.09677 Li1Mn0.1Co0.1Ni0.8O2 -> 4.92 Li + 0.3809 P2S7 + 1.106 SCl + 0.01806 Nd(PO3)3 + 0.06778 PCl5 + 0.07742 NiS2 + 0.009677 CoS2 + 0.009677 Mn(PO3)2
NMC811,ndo_li_002,4.0,1.0,-1.026087,0,1,Li5.34Nd0.02P1S4.37Cl1.6O0.03 -> 5.34 Li + 0.4571 P2S7 + 1.171 SCl + 0.003333 Nd(PO3)3 + 0.07588 PCl5 + 0.01667 NdCl3
NMC811,ndo_li_002,4.3,0.0,-0.232711,0,0,Li1Mn0.1Co0.1Ni0.8O2 -> Li + 0.1 Co(NiO2)2 + 0.1 Mn(Ni3O4)2 + 0.4 O2
NMC811,ndo_li_002,4.3,0.044467,-0.477203,0,1,0.01484 Li5.34Nd0.02P1S4.37Cl1.6O0.03 + 0.9852 Li1Mn0.1Co0.1Ni0.8O2 -> 1.064 Li + 0.09852 Mn(Ni3O4)2 + 0.01187 Ni(ClO4)2 + 0.00727 Ni3(PO4)2 + 0.0002967 NdPO4 + 0.09852 CoNiO3 + 0.06484 NiSO4 + 0.2367 O2
NMC811,ndo_li_002,4.3,0.050252,-0.509385,0,1,0.01684 Li5.34Nd0.02P1S4.37Cl1.6O0.03 + 0.9832 Li1Mn0.1Co0.1Ni0.8O2 -> 1.046 Li + 0.02694 LiClO4 + 0.09832 Mn(Ni3O4)2 + 0.008249 Ni3(PO4)2 + 0.0003367 NdPO4 + 0.09832 CoNiO3 + 0.07357 NiSO4 + 0.208 O2
NMC811,ndo_li_002,4.3,0.100972,-0.794916,0,1,0.03507 Li5.34Nd0.02P1S4.37Cl1.6O0.03 + 0.9649 Li1Mn0.1Co0.1Ni0.8O2 -> 1.096 Li + 0.02167 MnNiO3 + 0.05612 LiClO4 + 0.07483 Mn(Ni3O4)2 + 0.01719 Ni3(PO4)2 + 0.0007014 NdPO4 + 0.09649 CoNiO3 + 0.1533 NiSO4
NMC811,ndo_li_002,4.3,0.104383,-0.814221,0,1,0.03635 Li5.34Nd0.02P1S4.37Cl1.6O0.03 + 0.9637 Li1Mn0.1Co0.1Ni0.8O2 -> 1.158 Li + 0.029 MnNiO3 + 0.06737 Mn(Ni3O4)2 + 0.02908 Ni(ClO4)2 + 0.01781 Ni3(PO4)2 + 0.0007269 NdPO4 + 0.09637 CoNiO3 + 0.1588 NiSO4
NMC811,ndo_li_002,4.3,0.11144,-0.849273,0,1,0.039 Li5.34Nd0.02P1S4.37Cl1.6O0.03 + 0.961 Li1Mn0.1Co0.1Ni0.8O2 -> 1.169 Li + 0.01336 MnNiO3 + 0.08274 Mn(Ni3O4)2 + 0.0312 Ni(ClO4)2 + 0.01911 Ni3(PO4)2 + 0.004178 Co23O32 + 0.0007801 NdPO4 + 0.1705 NiSO4
NMC811,ndo_li_002,4.3,0.152265,-1.047076,0,1,0.05493 Li5.34Nd0.02P1S4.37Cl1.6O0.03 + 0.9451 Li1Mn0.1Co0.1Ni0.8O2 -> 1.238 Li + 0.03515 MnNiO3 + 0.05936 Mn(Ni3O4)2 + 0.02692 Ni3(PO4)2 + 0.004109 Co23O32 + 0.001099 NdPO4 + 0.04395 NiCl2 + 0.2401 NiSO4
NMC811,ndo_li_002,4.3,0.153134,-1.050959,0,1,0.05528 Li5.34Nd0.02P1S4.37Cl1.6O0.03 + 0.9447 Li1Mn0.1Co0.1Ni0.8O2 -> 1.24 Li + 0.03563 MnNiO3 + 0.05884 Mn(Ni3O4)2 + 0.02709 Ni3(PO4)2 + 0.001106 NdPO4 + 0.04423 NiCl2 + 0.03149 Co3O4 + 0.2416 NiSO4
NMC811,ndo_li_002,4.3,0.15642,-1.062553,0,1,0.05661 Li5.34Nd0.02P1S4.37Cl1.6O0.03 + 0.9434 Li1Mn0.1Co0.1Ni0.8O2 -> 1.246 Li + 0.06314 Mn(Ni3O4)2 + 0.0156 Mn2CoO4 + 0.02774 Ni3(PO4)2 + 0.001132 NdPO4 + 0.04529 NiCl2 + 0.02625 Co3O4 + 0.2474 NiSO4
NMC811,ndo_li_002,4.3,0.15954,-1.073567,0,1,0.05788 Li5.34Nd0.02P1S4.37Cl1.6O0.03 + 0.9421 Li1Mn0.1Co0.1Ni0.8O2 -> 1.251 Li + 0.07573 Mn(Ni3O4)2 + 0.02832 Co3(PO4)2 + 0.009242 Mn2CoO4 + 3.617e-05 Ni3(PO4)2 + 0.001158 NdPO4 + 0.0463 NiCl2 + 0.2529 NiSO4
NMC811,ndo_li_002,4.3,0.159552,-1.0736,0,1,0.05788 Li5.34Nd0.02P1S4.37Cl1.6O0.03 + 0.9421 Li1Mn0.1Co0.1Ni0.8O2 -> 1.251 Li + 0.07577 Mn(Ni3O4)2 + 0.02836 Co3(PO4)2 + 0.009127 Mn2CoO4 + 0.001158 NdPO4 + 0.000186 MnSO4 + 0.0463 NiCl2 + 0.2528 NiSO4
NMC811,ndo_li_002,4.3,0.172508,-1.111798,0,1,0.0632 Li5.34Nd0.02P1S4.37Cl1.6O0.03 + 0.9368 Li1Mn0.1Co0.1Ni0.8O2 -> 1.274 Li + 0.03097 Co3(PO4)2 + 0.0007725 Mn2CoO4 + 0.001264 NdPO4 + 0.09213 MnSO4 + 0.05056 NiCl2 + 0.5148 NiO + 0.1841 NiSO4
NMC811,ndo_li_002,4.3,0.172626,-1.112138,0,1,0.06325 Li5.34Nd0.02P1S4.37Cl1.6O0.03 + 0.9367 Li1Mn0.1Co0.1Ni0.8O2 -> 1.275 Li + 0.03099 Co3(PO4)2 + 0.001265 NdPO4 + 0.09367 MnSO4 + 0.0506 NiCl2 + 0.5168 NiO + 0.182 NiSO4 + 0.0006958 CoSO4
NMC811,ndo_li_002,4.3,0.173693,-1.113444,0,1,0.06369 Li5.34Nd0.02P1S4.37Cl1.6O0.03 + 0.9363 Li1Mn0.1Co0.1Ni0.8O2 -> 1.276 Li + 0.03121 Co3(PO4)2 + 0.001274 NdPO4 + 0.0007785 Ni3S2 + 0.09363 MnSO4 + 0.05096 NiCl2 + 0.5126 NiO + 0.1832 NiSO4
NMC811,ndo_li_002,4.3,0.292974,-1.262948,0,1,0.1182 Li5.34Nd0.02P1S4.37Cl1.6O0.03 + 0.8818 Li1Mn0.1Co0.1Ni0.8O2 -> 1.513 Li + 0.02939 Co3(PO4)2 + 0.02855 Ni3(PO4)2 + 0.002365 NdPO4 + 0.09661 Ni3S2 + 0.08818 MnSO4 + 0.0946 NiCl2 + 0.2353 NiSO4
NMC811,ndo_li_002,4.3,0.316987,-1.290727,0,1,0.1306 Li5.34Nd0.02P1S4.37Cl1.6O0.03 + 0.8694 Li1Mn0.1Co0.1Ni0.8O2 -> 1.567 Li + 0.06399 Ni3(PO4)2 + 0.002612 NdPO4 + 0.04583 Ni3S2 + 0.08694 MnSO4 + 0.1045 NiCl2 + 0.04347 Co2NiS4 + 0.2182 NiSO4
NMC811,ndo_li_002,4.3,0.337837,-1.314026,0,1,0.1417 Li5.34Nd0.02P1S4.37Cl1.6O0.03 + 0.8583 Li1Mn0.1Co0.1Ni0.8O2 -> 1.615 Li + 0.06944 Ni3(PO4)2 + 0.002834 NdPO4 + 0.07957 Co(NiS2)2 + 0.08583 MnSO4 + 0.1134 NiCl2 + 0.003128 Co2NiS4 + 0.2027 NiSO4
NMC811,ndo_li_002,4.3,0.3428,-1.317715,0,1,0.1444 Li5.34Nd0.02P1S4.37Cl1.6O0.03 + 0.8556 Li1Mn0.1Co0.1Ni0.8O2 -> 1.627 Li + 0.01785 Ni2P2O7 + 0.05292 Ni3(PO4)2 + 0.002889 NdPO4 + 0.08556 Co(NiS2)2 + 0.08556 MnSO4 + 0.1155 NiCl2 + 0.2034 NiSO4
NMC811,ndo_li_002,4.3,0.358409,-1.329043,0,1,0.1531 Li5.34Nd0.02P1S4.37Cl1.6O0.03 + 0.8469 Li1Mn0.1Co0.1Ni0.8O2 -> 1.664 Li + 0.07502 Ni2P2O7 + 0.003062 NdPO4 + 0.08469 Co(NiS2)2 + 0.08469 MnSO4 + 0.1225 NiCl2 + 0.01002 Ni3S4 + 0.2056 NiSO4
NMC811,ndo_li_002,4.3,0.38165,-1.343726,0,1,0.1665 Li5.34Nd0.02P1S4.37Cl1.6O0.03 + 0.8335 Li1Mn0.1Co0.1Ni0.8O2 -> 1.723 Li + 0.08158 Ni(PO3)2 + 0.00333 NdPO4 + 0.08335 Co(NiS2)2 + 0.08335 MnSO4 + 0.1332 NiCl2 + 0.02546 Ni3S4 + 0.209 NiSO4
NMC811,ndo_li_002,4.3,0.382663,-1.344323,0,0,0.1671 Li5.34Nd0.02P1S4.37Cl1.6O0.03 + 0.8329 Li1Mn0.1Co0.1Ni0.8O2 -> 1.725 Li + 0.08354 Ni(PO3)2 + 0.001671 Nd2(SO4)3 + 0.08329 Co(NiS2)2 + 0.08329 MnSO4 + 0.1337 NiCl2 + 0.02615 Ni3S4 + 0.2041 NiSO4
NMC811,ndo_li_002,4.3,0.394423,-1.349619,0,0,0.1741 Li5.34Nd0.02P1S4.37Cl1.6O0.03 + 0.8259 Li1Mn0.1Co0.1Ni0.8O2 -> 1.756 Li + 0.08704 Ni(PO3)2 + 0.07335 NiS2 + 0.001741 Nd2(SO4)3 + 0.08259 Co(NiS2)2 + 0.08259 MnSO4 + 0.1393 NiCl2 + 0.1959 NiSO4
NMC811,ndo_li_002,4.3,0.429067,-1.363519,0,0,0.1956 Li5.34Nd0.02P1S4.37Cl1.6O0.03 + 0.8044 Li1Mn0.1Co0.1Ni0.8O2 -> 1.849 Li + 0.09782 Ni(PO3)2 + 0.2186 NiS2 + 0.001956 Nd2(SO4)3 + 0.08044 CoS2 + 0.08044 MnSO4 + 0.1565 NiCl2 + 0.1706 NiSO4
NMC811,ndo_li_002,4.3,0.495781,-1.382215,0,0,0.2414 Li5.34Nd0.02P1S4.37Cl1.6O0.03 + 0.7586 Li1Mn0.1Co0.1Ni0.8O2 -> 2.048 Li + 0.1207 Ni(PO3)2 + 0.2931 NiS2 + 0.002414 Nd2(SO4)3 + 0.07586 CoS2 + 0.07586 MnSO4 + 0.2339 SO2 + 0.1931 NiCl2
NMC811,ndo_li_002,4.3,0.522106,-1.388617,0,0,0.2612 Li5.34Nd0.02P1S4.37Cl1.6O0.03 + 0.7388 Li1Mn0.1Co0.1Ni0.8O2 -> 2.134 Li + 0.05673 Ni(PO3)2 + 0.3253 NiS2 + 0.002612 Nd2(SO4)3 + 0.07388 CoS2 + 0.3352 SO2 + 0.209 NiCl2 + 0.07388 Mn(PO3)2
NMC811,ndo_li_002,4.3,0.524766,-1.389173,0,1,0.2633 Li5.34Nd0.02P1S4.37Cl1.6O0.03 + 0.7367 Li1Mn0.1Co0.1Ni0.8O2 -> 2.143 Li + 0.05007 Ni(PO3)2 + 0.3287 NiS2 + 0.005265 Nd(PO3)3 + 0.07367 CoS2 + 0.3458 SO2 + 0.2106 NiCl2 + 0.07367 Mn(PO3)2
NMC811,ndo_li_002,4.3,0.640857,-1.405075,0,1,0.3661 Li5.34Nd0.02P1S4.37Cl1.6O0.03 + 0.6339 Li1Mn0.1Co0.1Ni0.8O2 -> 2.589 Li + 0.1087 Ni(PO3)2 + 0.5857 SCl + 0.3985 NiS2 + 0.007322 Nd(PO3)3 + 0.06339 CoS2 + 0.0903 SO2 + 0.06339 Mn(PO3)2
NMC811,ndo_li_002,4.3,0.64308,-1.405248,0,1,0.3683 Li5.34Nd0.02P1S4.37Cl1.6O0.03 + 0.6317 Li1Mn0.1Co0.1Ni0.8O2 -> 2.599 Li + 0.1026 Ni(PO3)2 + 0.5893 SCl + 0.007366 NdP5O14 + 0.4028 NiS2 + 0.06317 CoS2 + 0.0884 SO2 + 0.06317 Mn(PO3)2
NMC811,ndo_li_002,4.3,0.661235,-1.405328,1,1,0.3871 Li5.34Nd0.02P1S4.37Cl1.6O0.03 + 0.6129 Li1Mn0.1Co0.1Ni0.8O2 -> 2.68 Li + 0.06129 MnP4O11 + 0.05164 Ni(PO3)2 + 0.6194 SCl + 0.007743 NdP5O14 + 0.4387 NiS2 + 0.06129 CoS2 + 0.07248 SO2
NMC811,ndo_li_002,4.3,0.669193,-1.404483,0,1,0.3956 Li5.34Nd0.02P1S4.37Cl1.6O0.03 + 0.6044 Li1Mn0.1Co0.1Ni0.8O2 -> 2.717 Li + 0.02859 NiP4O11 + 0.06044 MnP4O11 + 0.633 SCl + 0.007913 NdP5O14 + 0.4549 NiS2 + 0.06044 CoS2 + 0.06528 SO2
NMC811,ndo_li_002,4.3,0.693992,-1.401391,0,1,0.4233 Li5.34Nd0.02P1S4.37Cl1.6O0.03 + 0.5767 Li1Mn0.1Co0.1Ni0.8O2 -> 2.837 Li + 0.03757 NiP4O11 + 0.05767 MnP4O11 + 0.6772 SCl + 0.008466 NdP5O14 + 0.4238 NiS2 + 0.05767 CoS2 + 0.2095 S
NMC811,ndo_li_002,4.3,0.790686,-1.36056,0,1,0.5501 Li5.34Nd0.02P1S4.37Cl1.6O0.03 + 0.4499 Li1Mn0.1Co0.1Ni0.8O2 -> 3.387 Li + 0.02431 NiP4O11 + 0.04499 MnP4O11 + 0.8801 SCl + 0.011 NdP5O14 + 0.3356 NiS2 + 0.04499 CoS2 + 0.1089 P2S7
NMC811,ndo_li_002,4.3,0.917519,-1.299364,0,1,0.7826 Li5.34Nd0.02P1S4.37Cl1.6O0.03 + 0.2174 Li1Mn0.1Co0.1Ni0.8O2 -> 4.397 Li + 0.02174 MnP4O11 + 1.026 SCl + 0.01565 NdP5O14 + 0.1739 NiS2 + 0.02174 CoS2 + 0.04522 PCl5 + 0.2861 P2S7
NMC811,ndo_li_002,4.3,0.945367,-1.284658,0,1,0.8485 Li5.34Nd0.02P1S4.37Cl1.6O0.03 + 0.1515 Li1Mn0.1Co0.1Ni0.8O2 -> 4.682 Li + 1.07 SCl + 0.01697 NdP5O14 + 0.1212 NiS2 + 0.01515 CoS2 + 0.05754 PCl5 + 0.3379 P2S7 + 0.01515 Mn(PO3)2
NMC811,ndo_li_002,4.3,0.966488,-1.273061,0,1,0.9032 Li5.34Nd0.02P1S4.37Cl1.6O0.03 + 0.09677 Li1Mn0.1Co0.1Ni0.8O2 -> 4.92 Li + 1.106 SCl + 0.07742 NiS2 + 0.01806 Nd(PO3)3 + 0.009677 CoS2 + 0.06778 PCl5 + 0.3809 P2S7 + 0.009677 Mn(PO3)2
NMC811,ndo_li_002,4.3,1.0,-1.254292,0,1,Li5.34Nd0.02P1S4.37Cl1.6O0.03 -> 5.34 Li + 1.171 SCl + 0.003333 Nd(PO3)3 + 0.07588 PCl5 + 0.4571 P2S7 + 0.01667 NdCl3
NMC811,ndo_li_002,4.5,0.0,-0.299378,0,0,Li1Mn0.1Co0.1Ni0.8O2 -> Li + 0.1 Co(NiO2)2 + 0.1 Mn(Ni3O4)2 + 0.4 O2
NMC811,ndo_li_002,4.5,0.044467,-0.546779,0,1,0.01484 Li5.34Nd0.02P1S4.37Cl1.6O0.03 + 0.9852 Li1Mn0.1Co0.1Ni0.8O2 -> 1.064 Li + 0.01187 Ni(ClO4)2 + 0.09852 CoNiO3 + 0.00727 Ni3(PO4)2 + 0.09852 Mn(Ni3O4)2 + 0.0002967 NdPO4 + 0.06484 NiSO4 + 0.2367 O2
NMC811,ndo_li_002,4.5,0.104383,-0.88782,0,1,0.03635 Li5.34Nd0.02P1S4.37Cl1.6O0.03 + 0.9637 Li1Mn0.1Co0.1Ni0.8O2 -> 1.158 Li + 0.02908 Ni(ClO4)2 + 0.09637 CoNiO3 + 0.01781 Ni3(PO4)2 + 0.029 MnNiO3 + 0.06737 Mn(Ni3O4)2 + 0.0007269 NdPO4 + 0.1588 NiSO4
NMC811,ndo_li_002,4.5,0.11144,-0.923353,0,1,0.039 Li5.34Nd0.02P1S4.37Cl1.6O0.03 + 0.961 Li1Mn0.1Co0.1Ni0.8O2 -> 1.169 Li + 0.0312 Ni(ClO4)2 + 0.01911 Ni3(PO4)2 + 0.01336 MnNiO3 + 0.08274 Mn(Ni3O4)2 + 0.004178 Co23O32 + 0.0007801 NdPO4 + 0.1705 NiSO4
NMC811,ndo_li_002,4.5,0.152265,-1.123977,0,1,0.05493 Li5.34Nd0.02P1S4.37Cl1.6O0.03 + 0.9451 Li1Mn0.1Co0.1Ni0.8O2 -> 1.238 Li + 0.02692 Ni3(PO4)2 + 0.03515 MnNiO3 + 0.05936 Mn(Ni3O4)2 + 0.004109 Co23O32 + 0.001099 NdPO4 + 0.04395 NiCl2 + 0.2401 NiSO4
NMC811,ndo_li_002,4.5,0.153134,-1.12792,0,1,0.05528 Li5.34Nd0.02P1S4.37Cl1.6O0.03 + 0.9447 Li1Mn0.1Co0.1Ni0.8O2 -> 1.24 Li + 0.02709 Ni3(PO4)2 + 0.03563 MnNiO3 + 0.05884 Mn(Ni3O4)2 + 0.001106 NdPO4 + 0.04423 NiCl2 + 0.03149 Co3O4 + 0.2416 NiSO4
NMC811,ndo_li_002,4.5,0.15642,-1.139743,0,1,0.05661 Li5.34Nd0.02P1S4.37Cl1.6O0.03 + 0.9434 Li1Mn0.1Co0.1Ni0.8O2 -> 1.246 Li + 0.02774 Ni3(PO4)2 + 0.06314 Mn(Ni3O4)2 + 0.0156 Mn2CoO4 + 0.001132 NdPO4 + 0.04529 NiCl2 + 0.02625 Co3O4 + 0.2474 NiSO4
NMC811,ndo_li_002,4.5,0.15954,-1.150976,0,1,0.05788 Li5.34Nd0.02P1S4.37Cl1.6O0.03 + 0.9421 Li1Mn0.1Co0.1Ni0.8O2 -> 1.251 Li + 3.617e-05 Ni3(PO4)2 + 0.07573 Mn(Ni3O4)2 + 0.009242 Mn2CoO4 + 0.02832 Co3(PO4)2 + 0.001158 NdPO4 + 0.0463 NiCl2 + 0.2529 NiSO4
NMC811,ndo_li_002,4.5,0.159552,-1.151009,0,1,0.05788 Li5.34Nd0.02P1S4.37Cl1.6O0.03 + 0.9421 Li1Mn0.1Co0.1Ni0.8O2 -> 1.251 Li + 0.07577 Mn(Ni3O4)2 + 0.009127 Mn2CoO4 + 0.02836 Co3(PO4)2 + 0.001158 NdPO4 + 0.0463 NiCl2 + 0.000186 MnSO4 + 0.2528 NiSO4
NMC811,ndo_li_002,4.5,0.172508,-1.190118,0,1,0.0632 Li5.34Nd0.02P1S4.37Cl1.6O0.03 + 0.9368 Li1Mn0.1Co0.1Ni0.8O2 -> 1.274 Li + 0.0007725 Mn2CoO4 + 0.03097 Co3(PO4)2 + 0.001264 NdPO4 + 0.05056 NiCl2 + 0.09213 MnSO4 + 0.5148 NiO + 0.1841 NiSO4
NMC811,ndo_li_002,4.5,0.172626,-1.190467,0,1,0.06325 Li5.34Nd0.02P1S4.37Cl1.6O0.03 + 0.9367 Li1Mn0.1Co0.1Ni0.8O2 -> 1.275 Li + 0.03099 Co3(PO4)2 + 0.001265 NdPO4 + 0.0506 NiCl2 + 0.09367 MnSO4 + 0.5168 NiO + 0.182 NiSO4 + 0.0006958 CoSO4
NMC811,ndo_li_002,4.5,0.173693,-1.191848,0,1,0.06369 Li5.34Nd0.02P1S4.37Cl1.6O0.03 + 0.9363 Li1Mn0.1Co0.1Ni0.8O2 -> 1.276 Li + 0.03121 Co3(PO4)2 + 0.001274 NdPO4 + 0.0007785 Ni3S2 + 0.05096 NiCl2 + 0.09363 MnSO4 + 0.5126 NiO + 0.1832 NiSO4
NMC811,ndo_li_002,4.5,0.292974,-1.350029,0,1,0.1182 Li5.34Nd0.02P1S4.37Cl1.6O0.03 + 0.8818 Li1Mn0.1Co0.1Ni0.8O2 -> 1.513 Li + 0.02855 Ni3(PO4)2 + 0.02939 Co3(PO4)2 + 0.002365 NdPO4 + 0.09661 Ni3S2 + 0.0946 NiCl2 + 0.08818 MnSO4 + 0.2353 NiSO4
NMC811,ndo_li_002,4.5,0.316987,-1.379621,0,1,0.1306 Li5.34Nd0.02P1S4.37Cl1.6O0.03 + 0.8694 Li1Mn0.1Co0.1Ni0.8O2 -> 1.567 Li + 0.06399 Ni3(PO4)2 + 0.002612 NdPO4 + 0.04583 Ni3S2 + 0.1045 NiCl2 + 0.08694 MnSO4 + 0.04347 Co2NiS4 + 0.2182 NiSO4
NMC811,ndo_li_002,4.5,0.337837,-1.404512,0,1,0.1417 Li5.34Nd0.02P1S4.37Cl1.6O0.03 + 0.8583 Li1Mn0.1Co0.1Ni0.8O2 -> 1.615 Li + 0.06944 Ni3(PO4)2 + 0.07957 Co(NiS2)2 + 0.002834 NdPO4 + 0.1134 NiCl2 + 0.08583 MnSO4 + 0.003128 Co2NiS4 + 0.2027 NiSO4
NMC811,ndo_li_002,4.5,0.3428,-1.408583,0,1,0.1444 Li5.34Nd0.02P1S4.37Cl1.6O0.03 + 0.8556 Li1Mn0.1Co0.1Ni0.8O2 -> 1.627 Li + 0.05292 Ni3(PO4)2 + 0.01785 Ni2P2O7 + 0.08556 Co(NiS2)2 + 0.002889 NdPO4 + 0.1155 NiCl2 + 0.08556 MnSO4 + 0.2034 NiSO4
NMC811,ndo_li_002,4.5,0.358409,-1.421118,0,1,0.1531 Li5.34Nd0.02P1S4.37Cl1.6O0.03 + 0.8469 Li1Mn0.1Co0.1Ni0.8O2 -> 1.664 Li + 0.07502 Ni2P2O7 + 0.08469 Co(NiS2)2 + 0.003062 NdPO4 + 0.1225 NiCl2 + 0.08469 MnSO4 + 0.01002 Ni3S4 + 0.2056 NiSO4
NMC811,ndo_li_002,4.5,0.38165,-1.437617,0,1,0.1665 Li5.34Nd0.02P1S4.37Cl1.6O0.03 + 0.8335 Li1Mn0.1Co0.1Ni0.8O2 -> 1.723 Li + 0.08335 Co(NiS2)2 + 0.00333 NdPO4 + 0.08158 Ni(PO3)2 + 0.1332 NiCl2 + 0.08335 MnSO4 + 0.02546 Ni3S4 + 0.209 NiSO4
NMC811,ndo_li_002,4.5,0.382663,-1.438293,0,0,0.1671 Li5.34Nd0.02P1S4.37Cl1.6O0.03 + 0.8329 Li1Mn0.1Co0.1Ni0.8O2 -> 1.725 Li + 0.08329 Co(NiS2)2 + 0.08354 Ni(PO3)2 + 0.001671 Nd2(SO4)3 + 0.1337 NiCl2 + 0.08329 MnSO4 + 0.02615 Ni3S4 + 0.2041 NiSO4
NMC811,ndo_li_002,4.5,0.394423,-1.444518,0,0,0.1741 Li5.34Nd0.02P1S4.37Cl1.6O0.03 + 0.8259 Li1Mn0.1Co0.1Ni0.8O2 -> 1.756 Li + 0.08259 Co(NiS2)2 + 0.07335 NiS2 + 0.08704 Ni(PO3)2 + 0.001741 Nd2(SO4)3 + 0.1393 NiCl2 + 0.08259 MnSO4 + 0.1959 NiSO4
NMC811,ndo_li_002,4.5,0.429067,-1.461186,0,0,0.1956 Li5.34Nd0.02P1S4.37Cl1.6O0.03 + 0.8044 Li1Mn0.1Co0.1Ni0.8O2 -> 1.849 Li + 0.08044 CoS2 + 0.2186 NiS2 + 0.09782 Ni(PO3)2 + 0.001956 Nd2(SO4)3 + 0.1565 NiCl2 + 0.08044 MnSO4 + 0.1706 NiSO4
NMC811,ndo_li_002,4.5,0.495781,-1.485361,0,0,0.2414 Li5.34Nd0.02P1S4.37Cl1.6O0.03 + 0.7586 Li1Mn0.1Co0.1Ni0.8O2 -> 2.048 Li + 0.07586 CoS2 + 0.2931 NiS2 + 0.2339 SO2 + 0.1207 Ni(PO3)2 + 0.002414 Nd2(SO4)3 + 0.1931 NiCl2 + 0.07586 MnSO4
NMC811,ndo_li_002,4.5,0.522106,-1.493981,0,0,0.2612 Li5.34Nd0.02P1S4.37Cl1.6O0.03 + 0.7388 Li1Mn0.1Co0.1Ni0.8O2 -> 2.134 Li + 0.07388 CoS2 + 0.3253 NiS2 + 0.3352 SO2 + 0.05673 Ni(PO3)2 + 0.002612 Nd2(SO4)3 + 0.209 NiCl2 + 0.07388 Mn(PO3)2
NMC811,ndo_li_002,4.5,0.524766,-1.494763,0,1,0.2633 Li5.34Nd0.02P1S4.37Cl1.6O0.03 + 0.7367 Li1Mn0.1Co0.1Ni0.8O2 -> 2.143 Li + 0.07367 CoS2 + 0.3287 NiS2 + 0.3458 SO2 + 0.05007 Ni(PO3)2 + 0.005265 Nd(PO3)3 + 0.2106 NiCl2 + 0.07367 Mn(PO3)2
NMC811,ndo_li_002,4.5,0.640857,-1.520862,0,1,0.3661 Li5.34Nd0.02P1S4.37Cl1.6O0.03 + 0.6339 Li1Mn0.1Co0.1Ni0.8O2 -> 2.589 Li + 0.5857 SCl + 0.06339 CoS2 + 0.3985 NiS2 + 0.0903 SO2 + 0.1087 Ni(PO3)2 + 0.007322 Nd(PO3)3 + 0.06339 Mn(PO3)2
NMC811,ndo_li_002,4.5,0.64308,-1.521236,0,1,0.3683 Li5.34Nd0.02P1S4.37Cl1.6O0.03 + 0.6317 Li1Mn0.1Co0.1Ni0.8O2 -> 2.599 Li + 0.007366 NdP5O14 + 0.5893 SCl + 0.06317 CoS2 + 0.4028 NiS2 + 0.0884 SO2 + 0.1026 Ni(PO3)2 + 0.06317 Mn(PO3)2
NMC811,ndo_li_002,4.5,0.661235,-1.522976,1,1,0.3871 Li5.34Nd0.02P1S4.37Cl1.6O0.03 + 0.6129 Li1Mn0.1Co0.1Ni0.8O2 -> 2.68 Li + 0.06129 MnP4O11 + 0.007743 NdP5O14 + 0.6194 SCl + 0.06129 CoS2 + 0.4387 NiS2 + 0.07248 SO2 + 0.05164 Ni(PO3)2
NMC811,ndo_li_002,4.5,0.669193,-1.522862,0,1,0.3956 Li5.34Nd0.02P1S4.37Cl1.6O0.03 + 0.6044 Li1Mn0.1Co0.1Ni0.8O2 -> 2.717 Li + 0.02859 NiP4O11 + 0.06044 MnP4O11 + 0.007913 NdP5O14 + 0.633 SCl + 0.06044 CoS2 + 0.4549 NiS2 + 0.06528 SO2
NMC811,ndo_li_002,4.5,0.693992,-1.522075,0,1,0.4233 Li5.34Nd0.02P1S4.37Cl1.6O0.03 + 0.5767 Li1Mn0.1Co0.1Ni0.8O2 -> 2.837 Li + 0.03757 NiP4O11 + 0.05767 MnP4O11 + 0.008466 NdP5O14 + 0.6772 SCl + 0.05767 CoS2 + 0.4238 NiS2 + 0.2095 S
NMC811,ndo_li_002,4.5,0.790686,-1.490558,0,1,0.5501 Li5.34Nd0.02P1S4.37Cl1.6O0.03 + 0.4499 Li1Mn0.1Co0.1Ni0.8O2 -> 3.387 Li + 0.02431 NiP4O11 + 0.04499 MnP4O11 + 0.011 NdP5O14 + 0.8801 SCl + 0.04499 CoS2 + 0.3356 NiS2 + 0.1089 P2S7
NMC811,ndo_li_002,4.5,0.917519,-1.442431,0,1,0.7826 Li5.34Nd0.02P1S4.37Cl1.6O0.03 + 0.2174 Li1Mn0.1Co0.1Ni0.8O2 -> 4.397 Li + 0.02174 MnP4O11 + 0.01565 NdP5O14 + 1.026 SCl + 0.02174 CoS2 + 0.1739 NiS2 + 0.2861 P2S7 + 0.04522 PCl5
NMC811,ndo_li_002,4.5,0.945367,-1.430735,0,1,0.8485 Li5.34Nd0.02P1S4.37Cl1.6O0.03 + 0.1515 Li1Mn0.1Co0.1Ni0.8O2 -> 4.682 Li + 0.01697 NdP5O14 + 1.07 SCl + 0.01515 CoS2 + 0.1212 NiS2 + 0.3379 P2S7 + 0.05754 PCl5 + 0.01515 Mn(PO3)2
NMC811,ndo_li_002,4.5,0.966488,-1.421456,0,1,0.9032 Li5.34Nd0.02P1S4.37Cl1.6O0.03 + 0.09677 Li1Mn0.1Co0.1Ni0.8O2 -> 4.92 Li + 1.106 SCl + 0.009677 CoS2 + 0.07742 NiS2 + 0.01806 Nd(PO3)3 + 0.3809 P2S7 + 0.06778 PCl5 + 0.009677 Mn(PO3)2
NMC811,ndo_li_002,4.5,1.0,-1.406429,0,1,Li5.34Nd0.02P1S4.37Cl1.6O0.03 -> 5.34 Li + 1.171 SCl + 0.003333 Nd(PO3)3 + 0.4571 P2S7 + 0.07588 PCl5 + 0.01667 NdCl3
NMC811,nd_p_002_asused,2.5,0.0,-0.025971,0,0,Li1Mn0.1Co0.1Ni0.8O2 + 0.7 Li -> 0.1 Li2MnO3 + 0.8 NiO + 0.1 LiCoO2 + 0.7 Li2O
NMC811,nd_p_002_asused,2.5,0.092336,-0.388964,0,0,0.03167 Li5.44Nd0.02P0.98S4.37Cl1.6O0.03 + 0.9683 Li1Mn0.1Co0.1Ni0.8O2 -> 0.4295 Li + 0.09683 Li2MnO3 + 0.7747 NiO + 0.03104 Li3PO4 + 0.09683 LiCoO2 + 0.0003167 Nd2O3 + 0.1384 Li2SO4 + 0.05068 LiCl
NMC811,nd_p_002_asused,2.5,0.092375,-0.389078,0,0,0.03169 Li5.44Nd0.02P0.98S4.37Cl1.6O0.03 + 0.9683 Li1Mn0.1Co0.1Ni0.8O2 -> 0.43 Li + 0.0003169 Nd2MnNiO6 + 0.09651 Li2MnO3 + 0.7743 NiO + 0.03105 Li3PO4 + 0.09683 LiCoO2 + 0.1385 Li2SO4 + 0.0507 LiCl
NMC811,nd_p_002_asused,2.5,0.092414,-0.389163,0,0,0.0317 Li5.44Nd0.02P0.98S4.37Cl1.6O0.03 + 0.9683 Li1Mn0.1Co0.1Ni0.8O2 -> 0.4302 Li + 0.09651 Li2MnO3 + 0.000317 Nd2MnCoO6 + 0.7746 NiO + 0.03107 Li3PO4 + 0.09651 LiCoO2 + 0.1385 Li2SO4 + 0.05072 LiCl
NMC811,nd_p_002_asused,2.5,0.092453,-0.389247,0,0,0.03172 Li5.44Nd0.02P0.98S4.37Cl1.6O0.03 + 0.9683 Li1Mn0.1Co0.1Ni0.8O2 -> 0.4304 Li + 0.09619 Li2MnO3 + 0.7746 NiO + 0.0006343 NdMnO3 + 0.03108 Li3PO4 + 0.09683 LiCoO2 + 0.1386 Li2SO4 + 0.05075 LiCl
NMC811,nd_p_002_asused,2.5,0.104284,-0.413855,0,0,0.03608 Li5.44Nd0.02P0.98S4.37Cl1.6O0.03 + 0.9639 Li1Mn0.1Co0.1Ni0.8O2 -> 0.4897 Li + 0.09567 Li2MnO3 + 0.7711 NiO + 0.09639 CoO + 0.0007217 NdMnO3 + 0.03536 Li3PO4 + 0.1577 Li2SO4 + 0.05774 LiCl
NMC811,nd_p_002_asused,2.5,0.115714,-0.437705,0,0,0.04038 Li5.44Nd0.02P0.98S4.37Cl1.6O0.03 + 0.9596 Li1Mn0.1Co0.1Ni0.8O2 -> 0.5479 Li + 0.09515 LiMnO2 + 0.7677 NiO + 0.09596 CoO + 0.0008075 NdMnO3 + 0.03957 Li3PO4 + 0.1764 Li2SO4 + 0.0646 LiCl
NMC811,nd_p_002_asused,2.5,0.121312,-0.44922,0,0,0.04251 Li5.44Nd0.02P0.98S4.37Cl1.6O0.03 + 0.9575 Li1Mn0.1Co0.1Ni0.8O2 -> 0.6243 Li + 0.04745 Mn2CoO4 + 0.766 NiO + 0.0483 CoO + 0.0008501 NdMnO3 + 0.04166 Li3PO4 + 0.1857 Li2SO4 + 0.06801 LiCl
NMC811,nd_p_002_asused,2.5,0.123162,-0.451497,0,0,0.04321 Li5.44Nd0.02P0.98S4.37Cl1.6O0.03 + 0.9568 Li1Mn0.1Co0.1Ni0.8O2 -> 0.618 Li + 0.7654 NiO + 0.0316 Mn3O4 + 0.09568 CoO + 0.0008643 NdMnO3 + 0.04235 Li3PO4 + 0.1888 Li2SO4 + 0.06914 LiCl
NMC811,nd_p_002_asused,2.5,0.12333,-0.451681,0,1,0.04328 Li5.44Nd0.02P0.98S4.37Cl1.6O0.03 + 0.9567 Li1Mn0.1Co0.1Ni0.8O2 -> 0.62 Li + 0.7654 NiO + 0.03189 Mn3O4 + 0.09567 CoO + 0.04155 Li3PO4 + 0.0008655 NdPO4 + 0.1891 Li2SO4 + 0.06924 LiCl
NMC811,nd_p_002_asused,2.5,0.204521,-0.515289,0,1,0.07636 Li5.44Nd0.02P0.98S4.37Cl1.6O0.03 + 0.9236 Li1Mn0.1Co0.1Ni0.8O2 -> 0.3296 Li + 0.03079 Mn3O4 + 0.09236 CoO + 0.0733 Li3PO4 + 0.001527 NdPO4 + 0.3337 Li2SO4 + 0.7389 Ni + 0.1222 LiCl
NMC811,nd_p_002_asused,2.5,0.362071,-0.646114,0,1,0.1543 Li5.44Nd0.02P0.98S4.37Cl1.6O0.03 + 0.8457 Li1Mn0.1Co0.1Ni0.8O2 -> 0.547 Li + 0.2255 Ni3S2 + 0.02819 Mn3O4 + 0.08457 CoO + 0.1482 Li3PO4 + 0.003087 NdPO4 + 0.2234 Li2SO4 + 0.2469 LiCl
NMC811,nd_p_002_asused,2.5,0.387956,-0.667594,0,1,0.1693 Li5.44Nd0.02P0.98S4.37Cl1.6O0.03 + 0.8307 Li1Mn0.1Co0.1Ni0.8O2 -> 0.5472 Li + 0.2215 Ni3S2 + 0.02769 Mn3O4 + 0.00923 Co9S8 + 0.1625 Li3PO4 + 0.003386 NdPO4 + 0.223 Li2SO4 + 0.2709 LiCl
NMC811,nd_p_002_asused,2.5,0.389768,-0.668889,0,1,0.1704 Li5.44Nd0.02P0.98S4.37Cl1.6O0.03 + 0.8296 Li1Mn0.1Co0.1Ni0.8O2 -> 0.5364 Li + 0.2212 Ni3S2 + 0.009218 Co9S8 + 0.1636 Li3PO4 + 0.08296 MnO + 0.003408 NdPO4 + 0.2284 Li2SO4 + 0.2726 LiCl
NMC811,nd_p_002_asused,2.5,0.406174,-0.676696,0,1,0.1803 Li5.44Nd0.02P0.98S4.37Cl1.6O0.03 + 0.8197 Li1Mn0.1Co0.1Ni0.8O2 -> 0.5647 Li + 0.2049 Ni3S2 + 0.04099 Co2NiS4 + 0.1731 Li3PO4 + 0.08197 MnO + 0.003606 NdPO4 + 0.214 Li2SO4 + 0.2885 LiCl
NMC811,nd_p_002_asused,2.5,0.411262,-0.678813,0,1,0.1834 Li5.44Nd0.02P0.98S4.37Cl1.6O0.03 + 0.8166 Li1Mn0.1Co0.1Ni0.8O2 -> 0.6961 Li + 0.2041 Ni3S2 + 0.08166 LiMnPO4 + 0.04083 Co2NiS4 + 0.09442 Li3PO4 + 0.003668 NdPO4 + 0.2299 Li2SO4 + 0.2935 LiCl
NMC811,nd_p_002_asused,2.5,0.430771,-0.68612,0,1,0.1957 Li5.44Nd0.02P0.98S4.37Cl1.6O0.03 + 0.8043 Li1Mn0.1Co0.1Ni0.8O2 -> 0.7294 Li + 0.1609 Ni3S2 + 0.08043 LiMnPO4 + 0.08043 Co(NiS2)2 + 0.1075 Li3PO4 + 0.003914 NdPO4 + 0.2118 Li2SO4 + 0.3131 LiCl
NMC811,nd_p_002_asused,2.5,0.454856,-0.694436,0,1,0.2115 Li5.44Nd0.02P0.98S4.37Cl1.6O0.03 + 0.7885 Li1Mn0.1Co0.1Ni0.8O2 -> 0.7722 Li + 0.05256 Ni9S8 + 0.07885 LiMnPO4 + 0.07885 Co(NiS2)2 + 0.1242 Li3PO4 + 0.004231 NdPO4 + 0.1885 Li2SO4 + 0.3385 LiCl
NMC811,nd_p_002_asused,2.5,0.497389,-0.707009,1,1,0.2414 Li5.44Nd0.02P0.98S4.37Cl1.6O0.03 + 0.7586 Li1Mn0.1Co0.1Ni0.8O2 -> 0.853 Li + 0.07586 LiMnPO4 + 0.07586 Co(NiS2)2 + 0.1559 Li3PO4 + 0.004828 NdPO4 + 0.1517 Ni3S4 + 0.1446 Li2SO4 + 0.3862 LiCl
NMC811,nd_p_002_asused,2.5,0.525174,-0.70696,0,1,0.2623 Li5.44Nd0.02P0.98S4.37Cl1.6O0.03 + 0.7377 Li1Mn0.1Co0.1Ni0.8O2 -> 0.7621 Li + 0.07377 Co(NiS2)2 + 0.2518 Li3PO4 + 0.005247 NdPO4 + 0.1475 Ni3S4 + 0.1137 Li2SO4 + 0.07377 MnS2 + 0.4197 LiCl
NMC811,nd_p_002_asused,2.5,0.572446,-0.68877,0,1,0.3009 Li5.44Nd0.02P0.98S4.37Cl1.6O0.03 + 0.6991 Li1Mn0.1Co0.1Ni0.8O2 -> 0.8743 Li + 0.06991 Co(NiS2)2 + 0.4194 NiS2 + 0.2889 Li3PO4 + 0.006019 NdPO4 + 0.05685 Li2SO4 + 0.06991 MnS2 + 0.4815 LiCl
NMC811,nd_p_002_asused,2.5,0.59272,-0.679391,0,1,0.3188 Li5.44Nd0.02P0.98S4.37Cl1.6O0.03 + 0.6812 Li1Mn0.1Co0.1Ni0.8O2 -> 0.926 Li + 0.545 NiS2 + 0.306 Li3PO4 + 0.06812 CoS2 + 0.006376 NdPO4 + 0.0306 Li2SO4 + 0.06812 MnS2 + 0.51 LiCl
NMC811,nd_p_002_asused,2.5,0.615232,-0.662406,0,1,0.3396 Li5.44Nd0.02P0.98S4.37Cl1.6O0.03 + 0.6604 Li1Mn0.1Co0.1Ni0.8O2 -> 0.9457 Li + 0.5284 NiS2 + 0.326 Li3PO4 + 0.06604 CoS2 + 0.006791 NdPO4 + 0.06604 MnS2 + 0.5433 LiCl + 0.04075 LiS4
NMC811,nd_p_002_asused,2.5,0.992026,-0.112583,0,1,0.9756 Li5.44Nd0.02P0.98S4.37Cl1.6O0.03 + 0.02439 Li1Mn0.1Co0.1Ni0.8O2 -> 3.537 Li + 0.01951 NiS2 + 0.4683 P2S7 + 0.002439 CoS2 + 0.01951 NdPO4 + 0.002439 MnS2 + 1.561 LiCl + 0.2341 LiS4
NMC811,nd_p_002_asused,2.5,1.0,-0.099181,0,1,Li5.44Nd0.02P0.98S4.37Cl1.6O0.03 -> 3.6 Li + 0.48 P2S7 + 0.0125 NdPS4 + 0.0075 NdPO4 + 1.6 LiCl + 0.24 LiS4
NMC811,nd_p_002_asused,3.0,0.0,-0.0,0,0,Li1Mn0.1Co0.1Ni0.8O2 -> 0.6 LiNiO2 + 0.1 Li2CoO3 + 0.1 Li2MnO3 + 0.2 NiO
NMC811,nd_p_002_asused,3.0,0.080203,-0.399605,0,0,0.02727 Li5.44Nd0.02P0.98S4.37Cl1.6O0.03 + 0.9727 Li1Mn0.1Co0.1Ni0.8O2 -> 0.3698 Li + 0.09727 Li2CoO3 + 0.09727 Li2MnO3 + 0.02673 Li3PO4 + 0.7782 NiO + 0.1192 Li2SO4 + 0.0002727 Nd2O3 + 0.04364 LiCl
NMC811,nd_p_002_asused,3.0,0.080237,-0.399775,0,0,0.02729 Li5.44Nd0.02P0.98S4.37Cl1.6O0.03 + 0.9727 Li1Mn0.1Co0.1Ni0.8O2 -> 0.3703 Li + 0.0002729 Nd2MnNiO6 + 0.09727 Li2CoO3 + 0.097 Li2MnO3 + 0.02674 Li3PO4 + 0.7779 NiO + 0.1192 Li2SO4 + 0.04366 LiCl
NMC811,nd_p_002_asused,3.0,0.092375,-0.457841,0,0,0.03169 Li5.44Nd0.02P0.98S4.37Cl1.6O0.03 + 0.9683 Li1Mn0.1Co0.1Ni0.8O2 -> 0.43 Li + 0.0003169 Nd2MnNiO6 + 0.09683 LiCoO2 + 0.09651 Li2MnO3 + 0.03105 Li3PO4 + 0.7743 NiO + 0.1385 Li2SO4 + 0.0507 LiCl
NMC811,nd_p_002_asused,3.0,0.094764,-0.467307,0,0,0.03256 Li5.44Nd0.02P0.98S4.37Cl1.6O0.03 + 0.9674 Li1Mn0.1Co0.1Ni0.8O2 -> 0.4806 Li + 0.0003256 Nd2MnNiO6 + 0.01935 Li4MnCo5O12 + 0.07707 Li2MnO3 + 0.03191 Li3PO4 + 0.7736 NiO + 0.1423 Li2SO4 + 0.0521 LiCl
NMC811,nd_p_002_asused,3.0,0.101046,-0.489309,0,0,0.03488 Li5.44Nd0.02P0.98S4.37Cl1.6O0.03 + 0.9651 Li1Mn0.1Co0.1Ni0.8O2 -> 0.5632 Li + 0.0003488 Nd2MnNiO6 + 0.02562 Li2Mn3NiO8 + 0.0193 Li4MnCo5O12 + 0.03418 Li3PO4 + 0.7461 NiO + 0.1524 Li2SO4 + 0.05581 LiCl
NMC811,nd_p_002_asused,3.0,0.101131,-0.489594,0,0,0.03491 Li5.44Nd0.02P0.98S4.37Cl1.6O0.03 + 0.9651 Li1Mn0.1Co0.1Ni0.8O2 -> 0.5636 Li + 0.02527 Li2Mn3NiO8 + 0.0193 Li4MnCo5O12 + 0.0006983 NdMn2O5 + 0.03422 Li3PO4 + 0.7468 NiO + 0.1526 Li2SO4 + 0.05586 LiCl
NMC811,nd_p_002_asused,3.0,0.114238,-0.528124,0,0,0.03982 Li5.44Nd0.02P0.98S4.37Cl1.6O0.03 + 0.9602 Li1Mn0.1Co0.1Ni0.8O2 -> 0.6046 Li + 0.01085 Li4MnCo5O12 + 0.04179 Mn2CoO4 + 0.0007964 NdMn2O5 + 0.03902 Li3PO4 + 0.7681 NiO + 0.174 Li2SO4 + 0.06371 LiCl
NMC811,nd_p_002_asused,3.0,0.114544,-0.528985,0,1,0.03993 Li5.44Nd0.02P0.98S4.37Cl1.6O0.03 + 0.9601 Li1Mn0.1Co0.1Ni0.8O2 -> 0.6067 Li + 0.01067 Li4MnCo5O12 + 0.04267 Mn2CoO4 + 0.0007987 NdPO4 + 0.03834 Li3PO4 + 0.7681 NiO + 0.1745 Li2SO4 + 0.06389 LiCl
NMC811,nd_p_002_asused,3.0,0.121462,-0.548158,0,1,0.04256 Li5.44Nd0.02P0.98S4.37Cl1.6O0.03 + 0.9574 Li1Mn0.1Co0.1Ni0.8O2 -> 0.6263 Li + 0.04787 Mn2CoO4 + 0.0008513 NdPO4 + 0.04086 Li3PO4 + 0.7659 NiO + 0.04787 CoO + 0.186 Li2SO4 + 0.0681 LiCl
NMC811,nd_p_002_asused,3.0,0.126453,-0.558453,0,1,0.04448 Li5.44Nd0.02P0.98S4.37Cl1.6O0.03 + 0.9555 Li1Mn0.1Co0.1Ni0.8O2 -> 0.6949 Li + 0.0427 LiCoPO4 + 0.04778 Mn2CoO4 + 0.0008895 NdPO4 + 0.7644 NiO + 0.00508 CoO + 0.1944 Li2SO4 + 0.07116 LiCl
NMC811,nd_p_002_asused,3.0,0.130936,-0.566179,0,1,0.04621 Li5.44Nd0.02P0.98S4.37Cl1.6O0.03 + 0.9538 Li1Mn0.1Co0.1Ni0.8O2 -> 0.757 Li + 0.04436 LiCoPO4 + 0.04769 Mn2CoO4 + 0.03696 NiCl2 + 0.0009241 NdPO4 + 0.7261 NiO + 0.003332 CoO + 0.2019 Li2SO4
NMC811,nd_p_002_asused,3.0,0.13829,-0.576947,0,1,0.04907 Li5.44Nd0.02P0.98S4.37Cl1.6O0.03 + 0.9509 Li1Mn0.1Co0.1Ni0.8O2 -> 0.789 Li + 0.02355 Mn3(PO4)2 + 0.01222 Mn2CoO4 + 0.03926 NiCl2 + 0.0009814 NdPO4 + 0.7215 NiO + 0.08288 CoO + 0.2144 Li2SO4
NMC811,nd_p_002_asused,3.0,0.142595,-0.583069,0,1,0.05076 Li5.44Nd0.02P0.98S4.37Cl1.6O0.03 + 0.9492 Li1Mn0.1Co0.1Ni0.8O2 -> 0.8254 Li + 0.02437 Mn3(PO4)2 + 0.02183 Li2Mn(SO4)2 + 0.04061 NiCl2 + 0.001015 NdPO4 + 0.7188 NiO + 0.09492 CoO + 0.1782 Li2SO4
NMC811,nd_p_002_asused,3.0,0.148539,-0.591155,0,1,0.05311 Li5.44Nd0.02P0.98S4.37Cl1.6O0.03 + 0.9469 Li1Mn0.1Co0.1Ni0.8O2 -> 0.91 Li + 0.05099 LiCoPO4 + 0.09469 Li2Mn(SO4)2 + 0.04249 NiCl2 + 0.001062 NdPO4 + 0.715 NiO + 0.0437 CoO + 0.04273 Li2SO4
NMC811,nd_p_002_asused,3.0,0.151701,-0.594256,0,1,0.05437 Li5.44Nd0.02P0.98S4.37Cl1.6O0.03 + 0.9456 Li1Mn0.1Co0.1Ni0.8O2 -> 0.9553 Li + 0.0261 Co3(PO4)2 + 0.09456 Li2Mn(SO4)2 + 0.0435 NiCl2 + 0.001087 NdPO4 + 0.713 NiO + 0.01626 CoO + 0.04849 Li2SO4
NMC811,nd_p_002_asused,3.0,0.158471,-0.599544,0,1,0.05709 Li5.44Nd0.02P0.98S4.37Cl1.6O0.03 + 0.9429 Li1Mn0.1Co0.1Ni0.8O2 -> 0.9645 Li + 0.02741 Co3(PO4)2 + 0.09429 Li2Mn(SO4)2 + 0.04568 NiCl2 + 0.001142 NdPO4 + 0.001342 Co9S8 + 0.7086 NiO + 0.05019 Li2SO4
NMC811,nd_p_002_asused,3.0,0.177613,-0.614452,0,1,0.06494 Li5.44Nd0.02P0.98S4.37Cl1.6O0.03 + 0.9351 Li1Mn0.1Co0.1Ni0.8O2 -> 0.9855 Li + 0.03117 Co3(PO4)2 + 0.09351 Li2Mn(SO4)2 + 0.01942 Ni3S2 + 0.05195 NiCl2 + 0.001299 NdPO4 + 0.6378 NiO + 0.05791 Li2SO4
NMC811,nd_p_002_asused,3.0,0.244689,-0.666919,0,1,0.09434 Li5.44Nd0.02P0.98S4.37Cl1.6O0.03 + 0.9057 Li1Mn0.1Co0.1Ni0.8O2 -> 0.9954 Li + 0.09057 LiCoPO4 + 0.09057 Li2Mn(SO4)2 + 0.07762 Ni3S2 + 0.07547 NiCl2 + 0.001887 NdPO4 + 0.4162 NiO + 0.0759 Li2SO4
NMC811,nd_p_002_asused,3.0,0.340202,-0.744865,0,1,0.1422 Li5.44Nd0.02P0.98S4.37Cl1.6O0.03 + 0.8578 Li1Mn0.1Co0.1Ni0.8O2 -> 1.136 Li + 0.02537 Ni3(PO4)2 + 0.08578 LiCoPO4 + 0.08578 Li2Mn(SO4)2 + 0.1654 Ni3S2 + 0.1138 NiCl2 + 0.002844 NdPO4 + 0.119 Li2SO4
NMC811,nd_p_002_asused,3.0,0.353147,-0.753477,0,1,0.1493 Li5.44Nd0.02P0.98S4.37Cl1.6O0.03 + 0.8507 Li1Mn0.1Co0.1Ni0.8O2 -> 1.018 Li + 0.0007899 Ni3(PO4)2 + 0.08507 LiCoPO4 + 0.02836 Mn3(PO4)2 + 0.1862 Ni3S2 + 0.1195 NiCl2 + 0.002987 NdPO4 + 0.2801 Li2SO4
NMC811,nd_p_002_asused,3.0,0.353271,-0.753546,0,1,0.1494 Li5.44Nd0.02P0.98S4.37Cl1.6O0.03 + 0.8506 Li1Mn0.1Co0.1Ni0.8O2 -> 1.017 Li + 0.001657 LiNiPO4 + 0.08506 LiCoPO4 + 0.02835 Mn3(PO4)2 + 0.1864 Ni3S2 + 0.1195 NiCl2 + 0.002988 NdPO4 + 0.28 Li2SO4
NMC811,nd_p_002_asused,3.0,0.390876,-0.774607,0,1,0.171 Li5.44Nd0.02P0.98S4.37Cl1.6O0.03 + 0.829 Li1Mn0.1Co0.1Ni0.8O2 -> 1.154 Li + 0.1089 LiNiPO4 + 0.0829 Co(NiS2)2 + 0.02763 Mn3(PO4)2 + 0.08387 Ni3S2 + 0.1368 NiCl2 + 0.003421 NdPO4 + 0.2481 Li2SO4
NMC811,nd_p_002_asused,3.0,0.40194,-0.780678,0,1,0.1777 Li5.44Nd0.02P0.98S4.37Cl1.6O0.03 + 0.8223 Li1Mn0.1Co0.1Ni0.8O2 -> 1.197 Li + 0.02616 Ni9S8 + 0.1158 LiNiPO4 + 0.08223 Co(NiS2)2 + 0.02741 Mn3(PO4)2 + 0.1422 NiCl2 + 0.003554 NdPO4 + 0.2383 Li2SO4
NMC811,nd_p_002_asused,3.0,0.406674,-0.7832,0,1,0.1806 Li5.44Nd0.02P0.98S4.37Cl1.6O0.03 + 0.8194 Li1Mn0.1Co0.1Ni0.8O2 -> 1.16 Li + 0.02842 Ni9S8 + 0.09143 LiNiPO4 + 0.08194 Co(NiS2)2 + 0.08194 LiMnPO4 + 0.1445 NiCl2 + 0.003612 NdPO4 + 0.2341 Li2SO4
NMC811,nd_p_002_asused,3.0,0.425789,-0.792555,0,1,0.1925 Li5.44Nd0.02P0.98S4.37Cl1.6O0.03 + 0.8075 Li1Mn0.1Co0.1Ni0.8O2 -> 1.237 Li + 0.1041 LiNiPO4 + 0.08075 Co(NiS2)2 + 0.08075 LiMnPO4 + 0.154 NiCl2 + 0.003851 NdPO4 + 0.07546 Ni3S4 + 0.2165 Li2SO4
NMC811,nd_p_002_asused,3.0,0.452028,-0.801091,0,1,0.2096 Li5.44Nd0.02P0.98S4.37Cl1.6O0.03 + 0.7904 Li1Mn0.1Co0.1Ni0.8O2 -> 1.102 Li + 0.07904 Co(NiS2)2 + 0.07904 LiMnPO4 + 0.1677 NiCl2 + 0.004193 NdPO4 + 0.1222 Li3PO4 + 0.1022 Ni3S4 + 0.1913 Li2SO4
NMC811,nd_p_002_asused,3.0,0.497389,-0.814555,0,1,0.2414 Li5.44Nd0.02P0.98S4.37Cl1.6O0.03 + 0.7586 Li1Mn0.1Co0.1Ni0.8O2 -> 0.853 Li + 0.07586 Co(NiS2)2 + 0.07586 LiMnPO4 + 0.004828 NdPO4 + 0.1559 Li3PO4 + 0.1517 Ni3S4 + 0.1446 Li2SO4 + 0.3862 LiCl
NMC811,nd_p_002_asused,3.0,0.501224,-0.815234,1,1,0.2442 Li5.44Nd0.02P0.98S4.37Cl1.6O0.03 + 0.7558 Li1Mn0.1Co0.1Ni0.8O2 -> 0.9797 Li + 0.07558 Co(NiS2)2 + 0.07943 Li4P2O7 + 0.07558 LiMnPO4 + 0.004884 NdPO4 + 0.1512 Ni3S4 + 0.1603 Li2SO4 + 0.3907 LiCl
NMC811,nd_p_002_asused,3.0,0.503069,-0.8152,0,1,0.2456 Li5.44Nd0.02P0.98S4.37Cl1.6O0.03 + 0.7544 Li1Mn0.1Co0.1Ni0.8O2 -> 1.041 Li + 0.07544 Co(NiS2)2 + 0.07544 Li2MnP2O7 + 0.04243 Li4P2O7 + 0.004912 NdPO4 + 0.1509 Ni3S4 + 0.1679 Li2SO4 + 0.3929 LiCl
NMC811,nd_p_002_asused,3.0,0.555664,-0.805549,0,1,0.2868 Li5.44Nd0.02P0.98S4.37Cl1.6O0.03 + 0.7132 Li1Mn0.1Co0.1Ni0.8O2 -> 1.182 Li + 0.4279 NiS2 + 0.07132 Co(NiS2)2 + 0.07132 Li2MnP2O7 + 0.06634 Li4P2O7 + 0.005736 NdPO4 + 0.1121 Li2SO4 + 0.4589 LiCl
NMC811,nd_p_002_asused,3.0,0.577997,-0.799892,0,1,0.3057 Li5.44Nd0.02P0.98S4.37Cl1.6O0.03 + 0.6943 Li1Mn0.1Co0.1Ni0.8O2 -> 1.247 Li + 0.5554 NiS2 + 0.06943 CoS2 + 0.06943 Li2MnP2O7 + 0.07733 Li4P2O7 + 0.006115 NdPO4 + 0.08647 Li2SO4 + 0.4892 LiCl
NMC811,nd_p_002_asused,3.0,0.598192,-0.789245,0,1,0.3237 Li5.44Nd0.02P0.98S4.37Cl1.6O0.03 + 0.6763 Li1Mn0.1Co0.1Ni0.8O2 -> 1.174 Li + 0.541 NiS2 + 0.06763 CoS2 + 0.1554 Li4P2O7 + 0.006475 NdPO4 + 0.06763 MnS2 + 0.06216 Li2SO4 + 0.518 LiCl
NMC811,nd_p_002_asused,3.0,0.645898,-0.753799,0,1,0.3697 Li5.44Nd0.02P0.98S4.37Cl1.6O0.03 + 0.6303 Li1Mn0.1Co0.1Ni0.8O2 -> 1.251 Li + 0.5043 NiS2 + 0.06303 CoS2 + 0.1774 Li4P2O7 + 0.007394 NdPO4 + 0.06303 MnS2 + 0.5915 LiCl + 0.08872 LiS4
NMC811,nd_p_002_asused,3.0,0.649269,-0.750955,0,1,0.3731 Li5.44Nd0.02P0.98S4.37Cl1.6O0.03 + 0.6269 Li1Mn0.1Co0.1Ni0.8O2 -> 1.286 Li + 0.5015 NiS2 + 0.06269 CoS2 + 0.1679 Li4P2O7 + 0.007463 LiNd(PO3)4 + 0.06269 MnS2 + 0.597 LiCl + 0.09422 LiS4
NMC811,nd_p_002_asused,3.0,0.681271,-0.722676,0,1,0.4073 Li5.44Nd0.02P0.98S4.37Cl1.6O0.03 + 0.5927 Li1Mn0.1Co0.1Ni0.8O2 -> 1.633 Li + 0.4741 NiS2 + 0.05927 CoS2 + 0.008147 LiNd(PO3)4 + 0.05927 MnS2 + 0.3666 LiPO3 + 0.6517 LiCl + 0.1487 LiS4
NMC811,nd_p_002_asused,3.0,0.967341,-0.399993,0,1,0.905 Li5.44Nd0.02P0.98S4.37Cl1.6O0.03 + 0.09502 Li1Mn0.1Co0.1Ni0.8O2 -> 3.324 Li + 0.07602 NiS2 + 0.009502 CoS2 + 0.4072 P2S7 + 0.0181 LiNd(PO3)4 + 0.009502 MnS2 + 1.448 LiCl + 0.2285 LiS4
NMC811,nd_p_002_asused,3.0,0.992026,-0.368766,0,1,0.9756 Li5.44Nd0.02P0.98S4.37Cl1.6O0.03 + 0.02439 Li1Mn0.1Co0.1Ni0.8O2 -> 3.537 Li + 0.01951 NiS2 + 0.002439 CoS2 + 0.4683 P2S7 + 0.01951 NdPO4 + 0.002439 MnS2 + 1.561 LiCl + 0.2341 LiS4
NMC811,nd_p_002_asused,3.0,1.0,-0.358268,0,1,Li5.44Nd0.02P0.98S4.37Cl1.6O0.03 -> 3.636 Li + 0.4862 P2S7 + 0.0075 NdPO4 + 0.0125 NdCl3 + 1.563 LiCl + 0.2416 LiS4
NMC811,nd_p_002_asused,3.5,0.0,-0.003246,0,0,Li1Mn0.1Co0.1Ni0.8O2 -> 0.4 Li + 0.36 Li(NiO2)2 + 0.02 Li4MnCo5O12 + 0.08 Li2MnO3 + 0.08 NiO
NMC811,nd_p_002_asused,3.5,0.074567,-0.446029,0,0,0.02525 Li5.44Nd0.02P0.98S4.37Cl1.6O0.03 + 0.9747 Li1Mn0.1Co0.1Ni0.8O2 -> 0.5433 Li + 0.0002525 Nd2MnNiO6 + 0.01949 Li4MnCo5O12 + 0.04041 LiClO4 + 0.07773 Li2MnO3 + 0.02475 Li3PO4 + 0.7795 NiO + 0.1104 Li2SO4
NMC811,nd_p_002_asused,3.5,0.079633,-0.474837,0,0,0.02707 Li5.44Nd0.02P0.98S4.37Cl1.6O0.03 + 0.9729 Li1Mn0.1Co0.1Ni0.8O2 -> 0.6312 Li + 0.0002707 Nd2MnNiO6 + 0.02585 Li2Mn3NiO8 + 0.01946 Li4MnCo5O12 + 0.04331 LiClO4 + 0.02653 Li3PO4 + 0.7522 NiO + 0.1183 Li2SO4
NMC811,nd_p_002_asused,3.5,0.079704,-0.475187,0,1,0.02709 Li5.44Nd0.02P0.98S4.37Cl1.6O0.03 + 0.9729 Li1Mn0.1Co0.1Ni0.8O2 -> 0.6324 Li + 0.02594 Li2Mn3NiO8 + 0.01946 Li4MnCo5O12 + 0.0005419 NdPO4 + 0.04335 LiClO4 + 0.02601 Li3PO4 + 0.7524 NiO + 0.1184 Li2SO4
NMC811,nd_p_002_asused,3.5,0.101159,-0.57957,0,1,0.03492 Li5.44Nd0.02P0.98S4.37Cl1.6O0.03 + 0.9651 Li1Mn0.1Co0.1Ni0.8O2 -> 0.5647 Li + 0.02574 Li2Mn3NiO8 + 0.0193 Li4MnCo5O12 + 0.0006985 NdPO4 + 0.03353 Li3PO4 + 0.7463 NiO + 0.1526 Li2SO4 + 0.05588 LiCl
NMC811,nd_p_002_asused,3.5,0.104284,-0.594736,0,1,0.03608 Li5.44Nd0.02P0.98S4.37Cl1.6O0.03 + 0.9639 Li1Mn0.1Co0.1Ni0.8O2 -> 0.6061 Li + 0.07711 Mn(Ni3O4)2 + 0.01928 Li4MnCo5O12 + 0.0007217 NdPO4 + 0.03464 Li3PO4 + 0.3085 NiO + 0.1577 Li2SO4 + 0.05774 LiCl
NMC811,nd_p_002_asused,3.5,0.107902,-0.608388,0,1,0.03744 Li5.44Nd0.02P0.98S4.37Cl1.6O0.03 + 0.9626 Li1Mn0.1Co0.1Ni0.8O2 -> 0.6542 Li + 0.07701 Mn(Ni3O4)2 + 0.01925 Li4MnCo5O12 + 0.0007487 NdPO4 + 0.02995 NiCl2 + 0.03594 Li3PO4 + 0.2781 NiO + 0.1636 Li2SO4
NMC811,nd_p_002_asused,3.5,0.112589,-0.625724,0,1,0.0392 Li5.44Nd0.02P0.98S4.37Cl1.6O0.03 + 0.9608 Li1Mn0.1Co0.1Ni0.8O2 -> 0.717 Li + 0.03763 LiNiPO4 + 0.07686 Mn(Ni3O4)2 + 0.01922 Li4MnCo5O12 + 0.0007839 NdPO4 + 0.03136 NiCl2 + 0.2385 NiO + 0.1713 Li2SO4
NMC811,nd_p_002_asused,3.5,0.117703,-0.644421,0,1,0.04113 Li5.44Nd0.02P0.98S4.37Cl1.6O0.03 + 0.9589 Li1Mn0.1Co0.1Ni0.8O2 -> 0.7385 Li + 0.08461 Mn(Ni3O4)2 + 0.01128 Li4MnCo5O12 + 0.0008226 NdPO4 + 0.0329 NiCl2 + 0.03949 LiCoPO4 + 0.2266 NiO + 0.1797 Li2SO4
NMC811,nd_p_002_asused,3.5,0.122597,-0.662228,0,1,0.043 Li5.44Nd0.02P0.98S4.37Cl1.6O0.03 + 0.957 Li1Mn0.1Co0.1Ni0.8O2 -> 0.7738 Li + 0.0957 Mn(Ni3O4)2 + 0.0008599 NdPO4 + 0.0344 NiCl2 + 0.04128 LiCoPO4 + 0.157 NiO + 0.01814 Co3O4 + 0.1879 Li2SO4
NMC811,nd_p_002_asused,3.5,0.126273,-0.673032,0,1,0.04441 Li5.44Nd0.02P0.98S4.37Cl1.6O0.03 + 0.9556 Li1Mn0.1Co0.1Ni0.8O2 -> 0.8091 Li + 0.09556 Mn(Ni3O4)2 + 0.02132 Co3(PO4)2 + 0.0008881 NdPO4 + 0.03553 NiCl2 + 0.1556 NiO + 0.01054 Co3O4 + 0.1941 Li2SO4
NMC811,nd_p_002_asused,3.5,0.131334,-0.686946,0,1,0.04636 Li5.44Nd0.02P0.98S4.37Cl1.6O0.03 + 0.9536 Li1Mn0.1Co0.1Ni0.8O2 -> 0.8579 Li + 0.0286 Li2Co(SO4)2 + 0.09536 Mn(Ni3O4)2 + 0.02225 Co3(PO4)2 + 0.0009272 NdPO4 + 0.03709 NiCl2 + 0.1536 NiO + 0.1454 Li2SO4
NMC811,nd_p_002_asused,3.5,0.153568,-0.748057,0,1,0.05512 Li5.44Nd0.02P0.98S4.37Cl1.6O0.03 + 0.9449 Li1Mn0.1Co0.1Ni0.8O2 -> 0.9822 Li + 0.01511 Li2Co(SO4)2 + 0.09449 Li2Mn(SO4)2 + 0.02646 Co3(PO4)2 + 0.001102 NdPO4 + 0.0441 NiCl2 + 0.7118 NiO + 0.02168 Li2SO4
NMC811,nd_p_002_asused,3.5,0.157389,-0.75836,0,1,0.05666 Li5.44Nd0.02P0.98S4.37Cl1.6O0.03 + 0.9433 Li1Mn0.1Co0.1Ni0.8O2 -> 1.037 Li + 0.01275 Li2Co(SO4)2 + 0.09433 Li2Mn(SO4)2 + 0.0272 Co3(PO4)2 + 0.001133 NdPO4 + 0.04533 NiCl2 + 0.03343 NiSO4 + 0.6759 NiO
NMC811,nd_p_002_asused,3.5,0.159405,-0.763748,0,1,0.05747 Li5.44Nd0.02P0.98S4.37Cl1.6O0.03 + 0.9425 Li1Mn0.1Co0.1Ni0.8O2 -> 1.067 Li + 0.09425 Li2Mn(SO4)2 + 0.02759 Co3(PO4)2 + 0.01149 CoSO4 + 0.001149 NdPO4 + 0.04598 NiCl2 + 0.05115 NiSO4 + 0.6569 NiO
NMC811,nd_p_002_asused,3.5,0.174035,-0.801296,0,1,0.06345 Li5.44Nd0.02P0.98S4.37Cl1.6O0.03 + 0.9365 Li1Mn0.1Co0.1Ni0.8O2 -> 1.282 Li + 0.03046 Co3(PO4)2 + 0.002284 CoSO4 + 0.001269 NdPO4 + 0.05076 NiCl2 + 0.1813 NiSO4 + 0.5171 NiO + 0.09365 MnSO4
NMC811,nd_p_002_asused,3.5,0.177613,-0.804697,0,1,0.06494 Li5.44Nd0.02P0.98S4.37Cl1.6O0.03 + 0.9351 Li1Mn0.1Co0.1Ni0.8O2 -> 1.288 Li + 0.002597 Ni3S2 + 0.03117 Co3(PO4)2 + 0.001299 NdPO4 + 0.05195 NiCl2 + 0.1851 NiSO4 + 0.5032 NiO + 0.09351 MnSO4
NMC811,nd_p_002_asused,3.5,0.295206,-0.919162,0,1,0.1187 Li5.44Nd0.02P0.98S4.37Cl1.6O0.03 + 0.8813 Li1Mn0.1Co0.1Ni0.8O2 -> 1.527 Li + 0.09674 Ni3S2 + 0.0276 Ni3(PO4)2 + 0.02938 Co3(PO4)2 + 0.002374 NdPO4 + 0.09496 NiCl2 + 0.2371 NiSO4 + 0.08813 MnSO4
NMC811,nd_p_002_asused,3.5,0.319319,-0.940085,0,1,0.1311 Li5.44Nd0.02P0.98S4.37Cl1.6O0.03 + 0.8689 Li1Mn0.1Co0.1Ni0.8O2 -> 1.582 Li + 0.046 Ni3S2 + 0.06291 Ni3(PO4)2 + 0.04345 Co2NiS4 + 0.002621 NdPO4 + 0.1049 NiCl2 + 0.2201 NiSO4 + 0.08689 MnSO4
NMC811,nd_p_002_asused,3.5,0.340342,-0.95744,0,1,0.1423 Li5.44Nd0.02P0.98S4.37Cl1.6O0.03 + 0.8577 Li1Mn0.1Co0.1Ni0.8O2 -> 1.632 Li + 0.0683 Ni3(PO4)2 + 0.002937 Co2NiS4 + 0.0799 Co(NiS2)2 + 0.002846 NdPO4 + 0.1138 NiCl2 + 0.2047 NiSO4 + 0.08577 MnSO4
NMC811,nd_p_002_asused,3.5,0.345019,-0.959549,0,1,0.1448 Li5.44Nd0.02P0.98S4.37Cl1.6O0.03 + 0.8552 Li1Mn0.1Co0.1Ni0.8O2 -> 1.643 Li + 0.05278 Ni3(PO4)2 + 0.01674 Ni2P2O7 + 0.08552 Co(NiS2)2 + 0.002897 NdPO4 + 0.1159 NiCl2 + 0.2054 NiSO4 + 0.08552 MnSO4
NMC811,nd_p_002_asused,3.5,0.360639,-0.966298,0,1,0.1535 Li5.44Nd0.02P0.98S4.37Cl1.6O0.03 + 0.8465 Li1Mn0.1Co0.1Ni0.8O2 -> 1.682 Li + 0.07369 Ni2P2O7 + 0.08465 Co(NiS2)2 + 0.003071 NdPO4 + 0.1228 NiCl2 + 0.2077 NiSO4 + 0.00999 Ni3S4 + 0.08465 MnSO4
NMC811,nd_p_002_asused,3.5,0.383511,-0.97397,0,1,0.1667 Li5.44Nd0.02P0.98S4.37Cl1.6O0.03 + 0.8333 Li1Mn0.1Co0.1Ni0.8O2 -> 1.74 Li + 0.08001 Ni(PO3)2 + 0.08333 Co(NiS2)2 + 0.003334 NdPO4 + 0.1333 NiCl2 + 0.2112 NiSO4 + 0.02513 Ni3S4 + 0.08333 MnSO4
NMC811,nd_p_002_asused,3.5,0.384527,-0.974265,0,0,0.1673 Li5.44Nd0.02P0.98S4.37Cl1.6O0.03 + 0.8327 Li1Mn0.1Co0.1Ni0.8O2 -> 1.743 Li + 0.08197 Ni(PO3)2 + 0.001673 Nd2(SO4)3 + 0.08327 Co(NiS2)2 + 0.1338 NiCl2 + 0.2064 NiSO4 + 0.02582 Ni3S4 + 0.08327 MnSO4
NMC811,nd_p_002_asused,3.5,0.410436,-0.979228,0,0,0.1829 Li5.44Nd0.02P0.98S4.37Cl1.6O0.03 + 0.8171 Li1Mn0.1Co0.1Ni0.8O2 -> 1.649 Li + 0.08962 Ni(PO3)2 + 0.001829 Nd2(SO4)3 + 0.08171 Li2Mn(SO4)2 + 0.08171 Co(NiS2)2 + 0.1463 NiCl2 + 0.1066 NiSO4 + 0.04924 Ni3S4
NMC811,nd_p_002_asused,3.5,0.430847,-0.98234,0,0,0.1958 Li5.44Nd0.02P0.98S4.37Cl1.6O0.03 + 0.8042 Li1Mn0.1Co0.1Ni0.8O2 -> 1.708 Li + 0.09592 Ni(PO3)2 + 0.001958 Nd2(SO4)3 + 0.08042 Li2Mn(SO4)2 + 0.137 NiS2 + 0.08042 Co(NiS2)2 + 0.1566 NiCl2 + 0.09299 NiSO4
NMC811,nd_p_002_asused,3.5,0.459654,-0.98625,0,0,0.2148 Li5.44Nd0.02P0.98S4.37Cl1.6O0.03 + 0.7852 Li1Mn0.1Co0.1Ni0.8O2 -> 1.651 Li + 0.1052 Ni(PO3)2 + 0.002148 Nd2(SO4)3 + 0.07852 Li2Mn(SO4)2 + 0.1941 NiS2 + 0.07852 Co(NiS2)2 + 0.1718 NiCl2 + 0.07287 Li2SO4
NMC811,nd_p_002_asused,3.5,0.462257,-0.986595,0,1,0.2166 Li5.44Nd0.02P0.98S4.37Cl1.6O0.03 + 0.7834 Li1Mn0.1Co0.1Ni0.8O2 -> 1.645 Li + 0.09745 Ni(PO3)2 + 0.07834 Li2Mn(SO4)2 + 0.1994 NiS2 + 0.07834 Co(NiS2)2 + 0.004331 LiNd(PO3)4 + 0.1732 NiCl2 + 0.07749 Li2SO4
NMC811,nd_p_002_asused,3.5,0.484933,-0.988539,0,1,0.2324 Li5.44Nd0.02P0.98S4.37Cl1.6O0.03 + 0.7676 Li1Mn0.1Co0.1Ni0.8O2 -> 1.751 Li + 0.1046 Ni(PO3)2 + 0.07676 Li2Mn(SO4)2 + 0.3236 NiS2 + 0.004648 LiNd(PO3)4 + 0.07676 CoS2 + 0.1859 NiCl2 + 0.06123 Li2SO4
NMC811,nd_p_002_asused,3.5,0.505773,-0.988858,1,1,0.2476 Li5.44Nd0.02P0.98S4.37Cl1.6O0.03 + 0.7524 Li1Mn0.1Co0.1Ni0.8O2 -> 1.702 Li + 0.03617 Ni(PO3)2 + 0.3677 NiS2 + 0.004952 LiNd(PO3)4 + 0.07524 CoS2 + 0.1981 NiCl2 + 0.1961 Li2SO4 + 0.07524 Mn(PO3)2
NMC811,nd_p_002_asused,3.5,0.509087,-0.988573,0,1,0.2501 Li5.44Nd0.02P0.98S4.37Cl1.6O0.03 + 0.7499 Li1Mn0.1Co0.1Ni0.8O2 -> 1.694 Li + 0.02502 LiNi(PO3)3 + 0.3749 NiS2 + 0.005001 LiNd(PO3)4 + 0.07499 CoS2 + 0.2001 NiCl2 + 0.193 Li2SO4 + 0.07499 Mn(PO3)2
NMC811,nd_p_002_asused,3.5,0.51584,-0.987456,0,1,0.2552 Li5.44Nd0.02P0.98S4.37Cl1.6O0.03 + 0.7448 Li1Mn0.1Co0.1Ni0.8O2 -> 1.678 Li + 0.002067 LiNi(PO3)3 + 0.07448 LiMn(PO3)3 + 0.3897 NiS2 + 0.005103 LiNd(PO3)4 + 0.07448 CoS2 + 0.2041 NiCl2 + 0.1868 Li2SO4
NMC811,nd_p_002_asused,3.5,0.516443,-0.987354,0,1,0.2556 Li5.44Nd0.02P0.98S4.37Cl1.6O0.03 + 0.7444 Li1Mn0.1Co0.1Ni0.8O2 -> 1.676 Li + 0.07444 LiMn(PO3)3 + 0.391 NiS2 + 0.005113 LiNd(PO3)4 + 0.07444 CoS2 + 0.2045 NiCl2 + 0.1862 Li2SO4 + 0.006752 LiPO3
NMC811,nd_p_002_asused,3.5,0.671612,-0.950377,0,1,0.3967 Li5.44Nd0.02P0.98S4.37Cl1.6O0.03 + 0.6033 Li1Mn0.1Co0.1Ni0.8O2 -> 2.491 Li + 0.06033 LiMn(PO3)3 + 0.4826 NiS2 + 0.007934 LiNd(PO3)4 + 0.6348 SCl + 0.06033 CoS2 + 0.01302 Li2SO4 + 0.1761 LiPO3
NMC811,nd_p_002_asused,3.5,0.681271,-0.946092,0,1,0.4073 Li5.44Nd0.02P0.98S4.37Cl1.6O0.03 + 0.5927 Li1Mn0.1Co0.1Ni0.8O2 -> 2.552 Li + 0.05927 LiMn(PO3)3 + 0.4741 NiS2 + 0.008147 LiNd(PO3)4 + 0.6517 SCl + 0.05927 CoS2 + 0.1888 LiPO3 + 0.06151 S
NMC811,nd_p_002_asused,3.5,0.69177,-0.938875,0,1,0.4192 Li5.44Nd0.02P0.98S4.37Cl1.6O0.03 + 0.5808 Li1Mn0.1Co0.1Ni0.8O2 -> 2.708 Li + 0.05808 MnP4O11 + 0.4647 NiS2 + 0.008383 LiNd(PO3)4 + 0.6707 SCl + 0.05808 CoS2 + 0.1449 LiPO3 + 0.1156 S
NMC811,nd_p_002_asused,3.5,0.763839,-0.8816,0,1,0.5098 Li5.44Nd0.02P0.98S4.37Cl1.6O0.03 + 0.4902 Li1Mn0.1Co0.1Ni0.8O2 -> 3.142 Li + 0.07569 P2S7 + 0.04902 MnP4O11 + 0.3922 NiS2 + 0.0102 LiNd(PO3)4 + 0.8157 SCl + 0.04902 CoS2 + 0.1114 LiPO3
NMC811,nd_p_002_asused,3.5,0.930209,-0.735295,0,1,0.8108 Li5.44Nd0.02P0.98S4.37Cl1.6O0.03 + 0.1892 Li1Mn0.1Co0.1Ni0.8O2 -> 4.584 Li + 0.3045 P2S7 + 0.01892 MnP4O11 + 0.1514 NiS2 + 0.04515 PCl5 + 0.01622 LiNd(PO3)4 + 1.072 SCl + 0.01892 CoS2
NMC811,nd_p_002_asused,3.5,0.953988,-0.712787,0,1,0.8696 Li5.44Nd0.02P0.98S4.37Cl1.6O0.03 + 0.1304 Li1Mn0.1Co0.1Ni0.8O2 -> 4.843 Li + 0.3504 P2S7 + 0.1043 NiS2 + 0.05575 PCl5 + 0.01739 LiNd(PO3)4 + 1.113 SCl + 0.01304 CoS2 + 0.01304 Mn(PO3)2
NMC811,nd_p_002_asused,3.5,1.0,-0.667159,0,1,Li5.44Nd0.02P0.98S4.37Cl1.6O0.03 -> 5.438 Li + 0.4513 P2S7 + 0.06735 PCl5 + 0.0025 LiNd(PO3)4 + 1.211 SCl + 0.0175 NdCl3
NMC811,nd_p_002_asused,4.0,0.0,-0.133729,0,0,Li1Mn0.1Co0.1Ni0.8O2 -> 0.95 Li + 0.1 Mn(Ni3O4)2 + 0.05 Li(CoO2)2 + 0.06667 Ni3O4 + 0.3667 O2
NMC811,nd_p_002_asused,4.0,0.079271,-0.581164,0,1,0.02694 Li5.44Nd0.02P0.98S4.37Cl1.6O0.03 + 0.9731 Li1Mn0.1Co0.1Ni0.8O2 -> 0.7666 Li + 0.02586 LiNiPO4 + 0.09731 Mn(Ni3O4)2 + 0.0431 LiClO4 + 0.04865 Li(CoO2)2 + 0.05625 Ni3O4 + 0.1177 Li2SO4 + 0.0005388 NdPO4
NMC811,nd_p_002_asused,4.0,0.08492,-0.613412,0,1,0.02898 Li5.44Nd0.02P0.98S4.37Cl1.6O0.03 + 0.971 Li1Mn0.1Co0.1Ni0.8O2 -> 0.7527 Li + 0.02782 LiNiPO4 + 0.0971 Mn(Ni3O4)2 + 0.04636 LiClO4 + 0.1664 NiO + 0.04855 Li(CoO2)2 + 0.1266 Li2SO4 + 0.0005795 NdPO4
NMC811,nd_p_002_asused,4.0,0.086335,-0.621131,0,1,0.02949 Li5.44Nd0.02P0.98S4.37Cl1.6O0.03 + 0.9705 Li1Mn0.1Co0.1Ni0.8O2 -> 0.7775 Li + 0.01415 Ni3(PO4)2 + 0.09705 Mn(Ni3O4)2 + 0.04718 LiClO4 + 0.1516 NiO + 0.04853 Li(CoO2)2 + 0.1289 Li2SO4 + 0.0005898 NdPO4
NMC811,nd_p_002_asused,4.0,0.100712,-0.688662,0,1,0.03476 Li5.44Nd0.02P0.98S4.37Cl1.6O0.03 + 0.9652 Li1Mn0.1Co0.1Ni0.8O2 -> 1.033 Li + 0.01668 Ni3(PO4)2 + 0.09652 Mn(Ni3O4)2 + 0.05561 LiClO4 + 0.143 NiSO4 + 0.04826 Li(CoO2)2 + 0.008898 Li2SO4 + 0.0006952 NdPO4
NMC811,nd_p_002_asused,4.0,0.101767,-0.693532,0,1,0.03515 Li5.44Nd0.02P0.98S4.37Cl1.6O0.03 + 0.9649 Li1Mn0.1Co0.1Ni0.8O2 -> 1.052 Li + 0.01687 Ni3(PO4)2 + 0.09424 Mn(Ni3O4)2 + 0.05624 LiClO4 + 0.00225 MnNiO3 + 0.1536 NiSO4 + 0.04824 Li(CoO2)2 + 0.000703 NdPO4
NMC811,nd_p_002_asused,4.0,0.108669,-0.725465,0,1,0.03772 Li5.44Nd0.02P0.98S4.37Cl1.6O0.03 + 0.9623 Li1Mn0.1Co0.1Ni0.8O2 -> 1.107 Li + 0.01811 Ni3(PO4)2 + 0.09088 Mn(Ni3O4)2 + 0.06036 LiClO4 + 0.005343 MnNiO3 + 0.004184 Co23O32 + 0.1648 NiSO4 + 0.0007545 NdPO4
NMC811,nd_p_002_asused,4.0,0.153539,-0.934917,0,1,0.05511 Li5.44Nd0.02P0.98S4.37Cl1.6O0.03 + 0.9449 Li1Mn0.1Co0.1Ni0.8O2 -> 1.245 Li + 0.02645 Ni3(PO4)2 + 0.05943 Mn(Ni3O4)2 + 0.03506 MnNiO3 + 0.004108 Co23O32 + 0.2408 NiSO4 + 0.04409 NiCl2 + 0.001102 NdPO4
NMC811,nd_p_002_asused,4.0,0.154413,-0.938727,0,1,0.05546 Li5.44Nd0.02P0.98S4.37Cl1.6O0.03 + 0.9445 Li1Mn0.1Co0.1Ni0.8O2 -> 1.246 Li + 0.02662 Ni3(PO4)2 + 0.05892 Mn(Ni3O4)2 + 0.03148 Co3O4 + 0.03554 MnNiO3 + 0.2424 NiSO4 + 0.04437 NiCl2 + 0.001109 NdPO4
NMC811,nd_p_002_asused,4.0,0.157714,-0.95002,0,1,0.05679 Li5.44Nd0.02P0.98S4.37Cl1.6O0.03 + 0.9432 Li1Mn0.1Co0.1Ni0.8O2 -> 1.252 Li + 0.02726 Ni3(PO4)2 + 0.0632 Mn(Ni3O4)2 + 0.02625 Co3O4 + 0.2482 NiSO4 + 0.01556 Mn2CoO4 + 0.04543 NiCl2 + 0.001136 NdPO4
NMC811,nd_p_002_asused,4.0,0.160804,-0.9606,0,1,0.05804 Li5.44Nd0.02P0.98S4.37Cl1.6O0.03 + 0.942 Li1Mn0.1Co0.1Ni0.8O2 -> 1.258 Li + 0.07559 Mn(Ni3O4)2 + 0.0004391 Co3O4 + 0.2536 NiSO4 + 0.02786 Co3(PO4)2 + 0.009305 Mn2CoO4 + 0.04643 NiCl2 + 0.001161 NdPO4
NMC811,nd_p_002_asused,4.0,0.160857,-0.960763,0,1,0.05806 Li5.44Nd0.02P0.98S4.37Cl1.6O0.03 + 0.9419 Li1Mn0.1Co0.1Ni0.8O2 -> 1.258 Li + 0.0758 Mn(Ni3O4)2 + 0.2523 NiSO4 + 0.02787 Co3(PO4)2 + 0.009199 Mn2CoO4 + 0.001391 CoSO4 + 0.04645 NiCl2 + 0.001161 NdPO4
NMC811,nd_p_002_asused,4.0,0.161056,-0.961345,0,1,0.05814 Li5.44Nd0.02P0.98S4.37Cl1.6O0.03 + 0.9419 Li1Mn0.1Co0.1Ni0.8O2 -> 1.258 Li + 0.07326 Mn(Ni3O4)2 + 0.01337 NiO + 0.2541 NiSO4 + 0.02791 Co3(PO4)2 + 0.01047 Mn2CoO4 + 0.04651 NiCl2 + 0.001163 NdPO4
NMC811,nd_p_002_asused,4.0,0.173646,-0.997171,0,1,0.06329 Li5.44Nd0.02P0.98S4.37Cl1.6O0.03 + 0.9367 Li1Mn0.1Co0.1Ni0.8O2 -> 1.281 Li + 0.5108 NiO + 0.188 NiSO4 + 0.03038 Co3(PO4)2 + 0.002532 Mn2CoO4 + 0.08861 MnSO4 + 0.05063 NiCl2 + 0.001266 NdPO4
NMC811,nd_p_002_asused,4.0,0.174035,-0.998254,0,1,0.06345 Li5.44Nd0.02P0.98S4.37Cl1.6O0.03 + 0.9365 Li1Mn0.1Co0.1Ni0.8O2 -> 1.282 Li + 0.5171 NiO + 0.1813 NiSO4 + 0.03046 Co3(PO4)2 + 0.002284 CoSO4 + 0.09365 MnSO4 + 0.05076 NiCl2 + 0.001269 NdPO4
NMC811,nd_p_002_asused,4.0,0.177613,-1.002306,0,1,0.06494 Li5.44Nd0.02P0.98S4.37Cl1.6O0.03 + 0.9351 Li1Mn0.1Co0.1Ni0.8O2 -> 1.288 Li + 0.5032 NiO + 0.1851 NiSO4 + 0.03117 Co3(PO4)2 + 0.002597 Ni3S2 + 0.09351 MnSO4 + 0.05195 NiCl2 + 0.001299 NdPO4
NMC811,nd_p_002_asused,4.0,0.295206,-1.138888,0,1,0.1187 Li5.44Nd0.02P0.98S4.37Cl1.6O0.03 + 0.8813 Li1Mn0.1Co0.1Ni0.8O2 -> 1.527 Li + 0.0276 Ni3(PO4)2 + 0.2371 NiSO4 + 0.02938 Co3(PO4)2 + 0.09674 Ni3S2 + 0.08813 MnSO4 + 0.09496 NiCl2 + 0.002374 NdPO4
NMC811,nd_p_002_asused,4.0,0.319319,-1.164521,0,1,0.1311 Li5.44Nd0.02P0.98S4.37Cl1.6O0.03 + 0.8689 Li1Mn0.1Co0.1Ni0.8O2 -> 1.582 Li + 0.06291 Ni3(PO4)2 + 0.2201 NiSO4 + 0.046 Ni3S2 + 0.08689 MnSO4 + 0.1049 NiCl2 + 0.002621 NdPO4 + 0.04345 Co2NiS4
NMC811,nd_p_002_asused,4.0,0.340342,-1.186033,0,1,0.1423 Li5.44Nd0.02P0.98S4.37Cl1.6O0.03 + 0.8577 Li1Mn0.1Co0.1Ni0.8O2 -> 1.632 Li + 0.0683 Ni3(PO4)2 + 0.2047 NiSO4 + 0.08577 MnSO4 + 0.0799 Co(NiS2)2 + 0.1138 NiCl2 + 0.002846 NdPO4 + 0.002937 Co2NiS4
NMC811,nd_p_002_asused,4.0,0.345019,-1.189074,0,1,0.1448 Li5.44Nd0.02P0.98S4.37Cl1.6O0.03 + 0.8552 Li1Mn0.1Co0.1Ni0.8O2 -> 1.643 Li + 0.05278 Ni3(PO4)2 + 0.01674 Ni2P2O7 + 0.2054 NiSO4 + 0.08552 MnSO4 + 0.08552 Co(NiS2)2 + 0.1159 NiCl2 + 0.002897 NdPO4
NMC811,nd_p_002_asused,4.0,0.360639,-1.198949,0,1,0.1535 Li5.44Nd0.02P0.98S4.37Cl1.6O0.03 + 0.8465 Li1Mn0.1Co0.1Ni0.8O2 -> 1.682 Li + 0.07369 Ni2P2O7 + 0.2077 NiSO4 + 0.00999 Ni3S4 + 0.08465 MnSO4 + 0.08465 Co(NiS2)2 + 0.1228 NiCl2 + 0.003071 NdPO4
NMC811,nd_p_002_asused,4.0,0.383511,-1.211249,0,1,0.1667 Li5.44Nd0.02P0.98S4.37Cl1.6O0.03 + 0.8333 Li1Mn0.1Co0.1Ni0.8O2 -> 1.74 Li + 0.08001 Ni(PO3)2 + 0.2112 NiSO4 + 0.02513 Ni3S4 + 0.08333 MnSO4 + 0.08333 Co(NiS2)2 + 0.1333 NiCl2 + 0.003334 NdPO4
NMC811,nd_p_002_asused,4.0,0.384527,-1.211752,0,0,0.1673 Li5.44Nd0.02P0.98S4.37Cl1.6O0.03 + 0.8327 Li1Mn0.1Co0.1Ni0.8O2 -> 1.743 Li + 0.08197 Ni(PO3)2 + 0.2064 NiSO4 + 0.001673 Nd2(SO4)3 + 0.02582 Ni3S4 + 0.08327 MnSO4 + 0.08327 Co(NiS2)2 + 0.1338 NiCl2
NMC811,nd_p_002_asused,4.0,0.396159,-1.21589,0,0,0.1742 Li5.44Nd0.02P0.98S4.37Cl1.6O0.03 + 0.8258 Li1Mn0.1Co0.1Ni0.8O2 -> 1.773 Li + 0.08536 Ni(PO3)2 + 0.1984 NiSO4 + 0.001742 Nd2(SO4)3 + 0.08258 MnSO4 + 0.08258 Co(NiS2)2 + 0.0724 NiS2 + 0.1394 NiCl2
NMC811,nd_p_002_asused,4.0,0.430847,-1.226491,0,0,0.1958 Li5.44Nd0.02P0.98S4.37Cl1.6O0.03 + 0.8042 Li1Mn0.1Co0.1Ni0.8O2 -> 1.869 Li + 0.09592 Ni(PO3)2 + 0.1734 NiSO4 + 0.001958 Nd2(SO4)3 + 0.08042 MnSO4 + 0.2175 NiS2 + 0.08042 CoS2 + 0.1566 NiCl2
NMC811,nd_p_002_asused,4.0,0.498871,-1.238889,0,0,0.2425 Li5.44Nd0.02P0.98S4.37Cl1.6O0.03 + 0.7575 Li1Mn0.1Co0.1Ni0.8O2 -> 2.077 Li + 0.1188 Ni(PO3)2 + 0.2387 SO2 + 0.002425 Nd2(SO4)3 + 0.07575 MnSO4 + 0.2932 NiS2 + 0.07575 CoS2 + 0.194 NiCl2
NMC811,nd_p_002_asused,4.0,0.52519,-1.242652,0,0,0.2624 Li5.44Nd0.02P0.98S4.37Cl1.6O0.03 + 0.7376 Li1Mn0.1Co0.1Ni0.8O2 -> 2.165 Li + 0.05479 Ni(PO3)2 + 0.3402 SO2 + 0.002624 Nd2(SO4)3 + 0.3254 NiS2 + 0.07376 CoS2 + 0.2099 NiCl2 + 0.07376 Mn(PO3)2
NMC811,nd_p_002_asused,4.0,0.527864,-1.242941,0,1,0.2644 Li5.44Nd0.02P0.98S4.37Cl1.6O0.03 + 0.7356 Li1Mn0.1Co0.1Ni0.8O2 -> 2.174 Li + 0.04808 Ni(PO3)2 + 0.3508 SO2 + 0.005289 Nd(PO3)3 + 0.3288 NiS2 + 0.07356 CoS2 + 0.2115 NiCl2 + 0.07356 Mn(PO3)2
NMC811,nd_p_002_asused,4.0,0.64456,-1.246753,1,1,0.3683 Li5.44Nd0.02P0.98S4.37Cl1.6O0.03 + 0.6317 Li1Mn0.1Co0.1Ni0.8O2 -> 2.635 Li + 0.1063 Ni(PO3)2 + 0.09576 SO2 + 0.5893 SCl + 0.007366 Nd(PO3)3 + 0.3991 NiS2 + 0.06317 CoS2 + 0.06317 Mn(PO3)2
NMC811,nd_p_002_asused,4.0,0.646794,-1.246686,0,1,0.3706 Li5.44Nd0.02P0.98S4.37Cl1.6O0.03 + 0.6294 Li1Mn0.1Co0.1Ni0.8O2 -> 2.645 Li + 0.1001 Ni(PO3)2 + 0.09389 SO2 + 0.007412 NdP5O14 + 0.593 SCl + 0.4034 NiS2 + 0.06294 CoS2 + 0.06294 Mn(PO3)2
NMC811,nd_p_002_asused,4.0,0.664858,-1.244805,0,1,0.3895 Li5.44Nd0.02P0.98S4.37Cl1.6O0.03 + 0.6105 Li1Mn0.1Co0.1Ni0.8O2 -> 2.729 Li + 0.04925 Ni(PO3)2 + 0.06105 MnP4O11 + 0.07831 SO2 + 0.007789 NdP5O14 + 0.6231 SCl + 0.4392 NiS2 + 0.06105 CoS2
NMC811,nd_p_002_asused,4.0,0.672432,-1.24317,0,1,0.3976 Li5.44Nd0.02P0.98S4.37Cl1.6O0.03 + 0.6024 Li1Mn0.1Co0.1Ni0.8O2 -> 2.765 Li + 0.06024 MnP4O11 + 0.02724 NiP4O11 + 0.07157 SO2 + 0.007952 NdP5O14 + 0.6362 SCl + 0.4547 NiS2 + 0.06024 CoS2
NMC811,nd_p_002_asused,4.0,0.699663,-1.236758,0,1,0.4283 Li5.44Nd0.02P0.98S4.37Cl1.6O0.03 + 0.5717 Li1Mn0.1Co0.1Ni0.8O2 -> 2.901 Li + 0.05717 MnP4O11 + 0.03704 NiP4O11 + 0.008565 NdP5O14 + 0.6852 SCl + 0.4203 NiS2 + 0.05717 CoS2 + 0.2313 S
NMC811,nd_p_002_asused,4.0,0.807582,-1.178515,0,1,0.5744 Li5.44Nd0.02P0.98S4.37Cl1.6O0.03 + 0.4256 Li1Mn0.1Co0.1Ni0.8O2 -> 3.55 Li + 0.04256 MnP4O11 + 0.02177 NiP4O11 + 0.1241 P2S7 + 0.01149 NdP5O14 + 0.919 SCl + 0.3187 NiS2 + 0.04256 CoS2
NMC811,nd_p_002_asused,4.0,0.918006,-1.111351,0,1,0.7826 Li5.44Nd0.02P0.98S4.37Cl1.6O0.03 + 0.2174 Li1Mn0.1Co0.1Ni0.8O2 -> 4.475 Li + 0.02174 MnP4O11 + 0.2815 P2S7 + 0.01565 NdP5O14 + 1.058 SCl + 0.03877 PCl5 + 0.1739 NiS2 + 0.02174 CoS2
NMC811,nd_p_002_asused,4.0,0.945699,-1.093131,0,1,0.8485 Li5.44Nd0.02P0.98S4.37Cl1.6O0.03 + 0.1515 Li1Mn0.1Co0.1Ni0.8O2 -> 4.767 Li + 0.3329 P2S7 + 0.01697 NdP5O14 + 1.105 SCl + 0.05055 PCl5 + 0.1212 NiS2 + 0.01515 CoS2 + 0.01515 Mn(PO3)2
NMC811,nd_p_002_asused,4.0,0.966696,-1.078823,0,1,0.9032 Li5.44Nd0.02P0.98S4.37Cl1.6O0.03 + 0.09677 Li1Mn0.1Co0.1Ni0.8O2 -> 5.01 Li + 0.3756 P2S7 + 1.143 SCl + 0.01806 Nd(PO3)3 + 0.06034 PCl5 + 0.07742 NiS2 + 0.009677 CoS2 + 0.009677 Mn(PO3)2
NMC811,nd_p_002_asused,4.0,1.0,-1.055673,0,1,Li5.44Nd0.02P0.98S4.37Cl1.6O0.03 -> 5.44 Li + 0.4512 P2S7 + 1.212 SCl + 0.003333 Nd(PO3)3 + 0.06765 PCl5 + 0.01667 NdCl3
NMC811,nd_p_002_asused,4.3,0.0,-0.232711,0,0,Li1Mn0.1Co0.1Ni0.8O2 -> Li + 0.1 Co(NiO2)2 + 0.1 Mn(Ni3O4)2 + 0.4 O2
NMC811,nd_p_002_asused,4.3,0.044936,-0.478599,0,1,0.0149 Li5.44Nd0.02P0.98S4.37Cl1.6O0.03 + 0.9851 Li1Mn0.1Co0.1Ni0.8O2 -> 1.066 Li + 0.09851 Mn(Ni3O4)2 + 0.01192 Ni(ClO4)2 + 0.007154 Ni3(PO4)2 + 0.0002981 NdPO4 + 0.09851 CoNiO3 + 0.06513 NiSO4 + 0.2364 O2
NMC811,nd_p_002_asused,4.3,0.050809,-0.511129,0,1,0.01692 Li5.44Nd0.02P0.98S4.37Cl1.6O0.03 + 0.9831 Li1Mn0.1Co0.1Ni0.8O2 -> 1.048 Li + 0.02707 LiClO4 + 0.09831 Mn(Ni3O4)2 + 0.008122 Ni3(PO4)2 + 0.0003384 NdPO4 + 0.09831 CoNiO3 + 0.07394 NiSO4 + 0.2074 O2
NMC811,nd_p_002_asused,4.3,0.101767,-0.796918,0,1,0.03515 Li5.44Nd0.02P0.98S4.37Cl1.6O0.03 + 0.9649 Li1Mn0.1Co0.1Ni0.8O2 -> 1.1 Li + 0.02155 MnNiO3 + 0.05624 LiClO4 + 0.07494 Mn(Ni3O4)2 + 0.01687 Ni3(PO4)2 + 0.000703 NdPO4 + 0.09649 CoNiO3 + 0.1536 NiSO4
NMC811,nd_p_002_asused,4.3,0.10521,-0.81634,0,1,0.03643 Li5.44Nd0.02P0.98S4.37Cl1.6O0.03 + 0.9636 Li1Mn0.1Co0.1Ni0.8O2 -> 1.162 Li + 0.02889 MnNiO3 + 0.06747 Mn(Ni3O4)2 + 0.02914 Ni(ClO4)2 + 0.01749 Ni3(PO4)2 + 0.0007286 NdPO4 + 0.09636 CoNiO3 + 0.1592 NiSO4
NMC811,nd_p_002_asused,4.3,0.112316,-0.85154,0,1,0.03909 Li5.44Nd0.02P0.98S4.37Cl1.6O0.03 + 0.9609 Li1Mn0.1Co0.1Ni0.8O2 -> 1.174 Li + 0.01325 MnNiO3 + 0.08285 Mn(Ni3O4)2 + 0.03127 Ni(ClO4)2 + 0.01876 Ni3(PO4)2 + 0.004178 Co23O32 + 0.0007819 NdPO4 + 0.1708 NiSO4
NMC811,nd_p_002_asused,4.3,0.153539,-1.050866,0,1,0.05511 Li5.44Nd0.02P0.98S4.37Cl1.6O0.03 + 0.9449 Li1Mn0.1Co0.1Ni0.8O2 -> 1.245 Li + 0.03506 MnNiO3 + 0.05943 Mn(Ni3O4)2 + 0.02645 Ni3(PO4)2 + 0.004108 Co23O32 + 0.001102 NdPO4 + 0.04409 NiCl2 + 0.2408 NiSO4
NMC811,nd_p_002_asused,4.3,0.154413,-1.054771,0,1,0.05546 Li5.44Nd0.02P0.98S4.37Cl1.6O0.03 + 0.9445 Li1Mn0.1Co0.1Ni0.8O2 -> 1.246 Li + 0.03554 MnNiO3 + 0.05892 Mn(Ni3O4)2 + 0.02662 Ni3(PO4)2 + 0.001109 NdPO4 + 0.04437 NiCl2 + 0.03148 Co3O4 + 0.2424 NiSO4
NMC811,nd_p_002_asused,4.3,0.157714,-1.066421,0,1,0.05679 Li5.44Nd0.02P0.98S4.37Cl1.6O0.03 + 0.9432 Li1Mn0.1Co0.1Ni0.8O2 -> 1.252 Li + 0.0632 Mn(Ni3O4)2 + 0.01556 Mn2CoO4 + 0.02726 Ni3(PO4)2 + 0.001136 NdPO4 + 0.04543 NiCl2 + 0.02625 Co3O4 + 0.2482 NiSO4
NMC811,nd_p_002_asused,4.3,0.160804,-1.077335,0,1,0.05804 Li5.44Nd0.02P0.98S4.37Cl1.6O0.03 + 0.942 Li1Mn0.1Co0.1Ni0.8O2 -> 1.258 Li + 0.07559 Mn(Ni3O4)2 + 0.02786 Co3(PO4)2 + 0.009305 Mn2CoO4 + 0.001161 NdPO4 + 0.04643 NiCl2 + 0.0004391 Co3O4 + 0.2536 NiSO4
NMC811,nd_p_002_asused,4.3,0.160857,-1.077503,0,1,0.05806 Li5.44Nd0.02P0.98S4.37Cl1.6O0.03 + 0.9419 Li1Mn0.1Co0.1Ni0.8O2 -> 1.258 Li + 0.0758 Mn(Ni3O4)2 + 0.02787 Co3(PO4)2 + 0.009199 Mn2CoO4 + 0.001161 NdPO4 + 0.04645 NiCl2 + 0.2523 NiSO4 + 0.001391 CoSO4
NMC811,nd_p_002_asused,4.3,0.161056,-1.078107,0,1,0.05814 Li5.44Nd0.02P0.98S4.37Cl1.6O0.03 + 0.9419 Li1Mn0.1Co0.1Ni0.8O2 -> 1.258 Li + 0.07326 Mn(Ni3O4)2 + 0.02791 Co3(PO4)2 + 0.01047 Mn2CoO4 + 0.001163 NdPO4 + 0.04651 NiCl2 + 0.01337 NiO + 0.2541 NiSO4
NMC811,nd_p_002_asused,4.3,0.173646,-1.115303,0,1,0.06329 Li5.44Nd0.02P0.98S4.37Cl1.6O0.03 + 0.9367 Li1Mn0.1Co0.1Ni0.8O2 -> 1.281 Li + 0.03038 Co3(PO4)2 + 0.002532 Mn2CoO4 + 0.001266 NdPO4 + 0.08861 MnSO4 + 0.05063 NiCl2 + 0.5108 NiO + 0.188 NiSO4
NMC811,nd_p_002_asused,4.3,0.174035,-1.116429,0,1,0.06345 Li5.44Nd0.02P0.98S4.37Cl1.6O0.03 + 0.9365 Li1Mn0.1Co0.1Ni0.8O2 -> 1.282 Li + 0.03046 Co3(PO4)2 + 0.001269 NdPO4 + 0.09365 MnSO4 + 0.05076 NiCl2 + 0.5171 NiO + 0.1813 NiSO4 + 0.002284 CoSO4
NMC811,nd_p_002_asused,4.3,0.177613,-1.120872,0,1,0.06494 Li5.44Nd0.02P0.98S4.37Cl1.6O0.03 + 0.9351 Li1Mn0.1Co0.1Ni0.8O2 -> 1.288 Li + 0.03117 Co3(PO4)2 + 0.001299 NdPO4 + 0.002597 Ni3S2 + 0.09351 MnSO4 + 0.05195 NiCl2 + 0.5032 NiO + 0.1851 NiSO4
NMC811,nd_p_002_asused,4.3,0.295206,-1.270724,0,1,0.1187 Li5.44Nd0.02P0.98S4.37Cl1.6O0.03 + 0.8813 Li1Mn0.1Co0.1Ni0.8O2 -> 1.527 Li + 0.02938 Co3(PO4)2 + 0.0276 Ni3(PO4)2 + 0.002374 NdPO4 + 0.09674 Ni3S2 + 0.08813 MnSO4 + 0.09496 NiCl2 + 0.2371 NiSO4
NMC811,nd_p_002_asused,4.3,0.319319,-1.299183,0,1,0.1311 Li5.44Nd0.02P0.98S4.37Cl1.6O0.03 + 0.8689 Li1Mn0.1Co0.1Ni0.8O2 -> 1.582 Li + 0.06291 Ni3(PO4)2 + 0.002621 NdPO4 + 0.046 Ni3S2 + 0.08689 MnSO4 + 0.1049 NiCl2 + 0.04345 Co2NiS4 + 0.2201 NiSO4
NMC811,nd_p_002_asused,4.3,0.340342,-1.323189,0,1,0.1423 Li5.44Nd0.02P0.98S4.37Cl1.6O0.03 + 0.8577 Li1Mn0.1Co0.1Ni0.8O2 -> 1.632 Li + 0.0683 Ni3(PO4)2 + 0.002846 NdPO4 + 0.0799 Co(NiS2)2 + 0.08577 MnSO4 + 0.1138 NiCl2 + 0.002937 Co2NiS4 + 0.2047 NiSO4
NMC811,nd_p_002_asused,4.3,0.345019,-1.326788,0,1,0.1448 Li5.44Nd0.02P0.98S4.37Cl1.6O0.03 + 0.8552 Li1Mn0.1Co0.1Ni0.8O2 -> 1.643 Li + 0.01674 Ni2P2O7 + 0.05278 Ni3(PO4)2 + 0.002897 NdPO4 + 0.08552 Co(NiS2)2 + 0.08552 MnSO4 + 0.1159 NiCl2 + 0.2054 NiSO4
NMC811,nd_p_002_asused,4.3,0.360639,-1.33854,0,1,0.1535 Li5.44Nd0.02P0.98S4.37Cl1.6O0.03 + 0.8465 Li1Mn0.1Co0.1Ni0.8O2 -> 1.682 Li + 0.07369 Ni2P2O7 + 0.003071 NdPO4 + 0.08465 Co(NiS2)2 + 0.08465 MnSO4 + 0.1228 NiCl2 + 0.00999 Ni3S4 + 0.2077 NiSO4
NMC811,nd_p_002_asused,4.3,0.383511,-1.353617,0,1,0.1667 Li5.44Nd0.02P0.98S4.37Cl1.6O0.03 + 0.8333 Li1Mn0.1Co0.1Ni0.8O2 -> 1.74 Li + 0.08001 Ni(PO3)2 + 0.003334 NdPO4 + 0.08333 Co(NiS2)2 + 0.08333 MnSO4 + 0.1333 NiCl2 + 0.02513 Ni3S4 + 0.2112 NiSO4
NMC811,nd_p_002_asused,4.3,0.384527,-1.354244,0,0,0.1673 Li5.44Nd0.02P0.98S4.37Cl1.6O0.03 + 0.8327 Li1Mn0.1Co0.1Ni0.8O2 -> 1.743 Li + 0.08197 Ni(PO3)2 + 0.001673 Nd2(SO4)3 + 0.08327 Co(NiS2)2 + 0.08327 MnSO4 + 0.1338 NiCl2 + 0.02582 Ni3S4 + 0.2064 NiSO4
NMC811,nd_p_002_asused,4.3,0.396159,-1.359809,0,0,0.1742 Li5.44Nd0.02P0.98S4.37Cl1.6O0.03 + 0.8258 Li1Mn0.1Co0.1Ni0.8O2 -> 1.773 Li + 0.08536 Ni(PO3)2 + 0.0724 NiS2 + 0.001742 Nd2(SO4)3 + 0.08258 Co(NiS2)2 + 0.08258 MnSO4 + 0.1394 NiCl2 + 0.1984 NiSO4
NMC811,nd_p_002_asused,4.3,0.430847,-1.374719,0,0,0.1958 Li5.44Nd0.02P0.98S4.37Cl1.6O0.03 + 0.8042 Li1Mn0.1Co0.1Ni0.8O2 -> 1.869 Li + 0.09592 Ni(PO3)2 + 0.2175 NiS2 + 0.001958 Nd2(SO4)3 + 0.08042 CoS2 + 0.08042 MnSO4 + 0.1566 NiCl2 + 0.1734 NiSO4
NMC811,nd_p_002_asused,4.3,0.498871,-1.395815,0,0,0.2425 Li5.44Nd0.02P0.98S4.37Cl1.6O0.03 + 0.7575 Li1Mn0.1Co0.1Ni0.8O2 -> 2.077 Li + 0.1188 Ni(PO3)2 + 0.2932 NiS2 + 0.002425 Nd2(SO4)3 + 0.07575 CoS2 + 0.07575 MnSO4 + 0.2387 SO2 + 0.194 NiCl2
NMC811,nd_p_002_asused,4.3,0.52519,-1.403034,0,0,0.2624 Li5.44Nd0.02P0.98S4.37Cl1.6O0.03 + 0.7376 Li1Mn0.1Co0.1Ni0.8O2 -> 2.165 Li + 0.05479 Ni(PO3)2 + 0.3254 NiS2 + 0.002624 Nd2(SO4)3 + 0.07376 CoS2 + 0.3402 SO2 + 0.2099 NiCl2 + 0.07376 Mn(PO3)2
NMC811,nd_p_002_asused,4.3,0.527864,-1.403677,0,1,0.2644 Li5.44Nd0.02P0.98S4.37Cl1.6O0.03 + 0.7356 Li1Mn0.1Co0.1Ni0.8O2 -> 2.174 Li + 0.04808 Ni(PO3)2 + 0.3288 NiS2 + 0.005289 Nd(PO3)3 + 0.07356 CoS2 + 0.3508 SO2 + 0.2115 NiCl2 + 0.07356 Mn(PO3)2
NMC811,nd_p_002_asused,4.3,0.64456,-1.423492,0,1,0.3683 Li5.44Nd0.02P0.98S4.37Cl1.6O0.03 + 0.6317 Li1Mn0.1Co0.1Ni0.8O2 -> 2.635 Li + 0.1063 Ni(PO3)2 + 0.5893 SCl + 0.3991 NiS2 + 0.007366 Nd(PO3)3 + 0.06317 CoS2 + 0.09576 SO2 + 0.06317 Mn(PO3)2
NMC811,nd_p_002_asused,4.3,0.646794,-1.423742,0,1,0.3706 Li5.44Nd0.02P0.98S4.37Cl1.6O0.03 + 0.6294 Li1Mn0.1Co0.1Ni0.8O2 -> 2.645 Li + 0.1001 Ni(PO3)2 + 0.593 SCl + 0.007412 NdP5O14 + 0.4034 NiS2 + 0.06294 CoS2 + 0.09389 SO2 + 0.06294 Mn(PO3)2
NMC811,nd_p_002_asused,4.3,0.664858,-1.424442,1,1,0.3895 Li5.44Nd0.02P0.98S4.37Cl1.6O0.03 + 0.6105 Li1Mn0.1Co0.1Ni0.8O2 -> 2.729 Li + 0.06105 MnP4O11 + 0.04925 Ni(PO3)2 + 0.6231 SCl + 0.007789 NdP5O14 + 0.4392 NiS2 + 0.06105 CoS2 + 0.07831 SO2
NMC811,nd_p_002_asused,4.3,0.672432,-1.423898,0,1,0.3976 Li5.44Nd0.02P0.98S4.37Cl1.6O0.03 + 0.6024 Li1Mn0.1Co0.1Ni0.8O2 -> 2.765 Li + 0.02724 NiP4O11 + 0.06024 MnP4O11 + 0.6362 SCl + 0.007952 NdP5O14 + 0.4547 NiS2 + 0.06024 CoS2 + 0.07157 SO2
NMC811,nd_p_002_asused,4.3,0.699663,-1.421447,0,1,0.4283 Li5.44Nd0.02P0.98S4.37Cl1.6O0.03 + 0.5717 Li1Mn0.1Co0.1Ni0.8O2 -> 2.901 Li + 0.03704 NiP4O11 + 0.05717 MnP4O11 + 0.6852 SCl + 0.008565 NdP5O14 + 0.4203 NiS2 + 0.05717 CoS2 + 0.2313 S
NMC811,nd_p_002_asused,4.3,0.807582,-1.379566,0,1,0.5744 Li5.44Nd0.02P0.98S4.37Cl1.6O0.03 + 0.4256 Li1Mn0.1Co0.1Ni0.8O2 -> 3.55 Li + 0.02177 NiP4O11 + 0.04256 MnP4O11 + 0.919 SCl + 0.01149 NdP5O14 + 0.3187 NiS2 + 0.04256 CoS2 + 0.1241 P2S7
NMC811,nd_p_002_asused,4.3,0.918006,-1.33033,0,1,0.7826 Li5.44Nd0.02P0.98S4.37Cl1.6O0.03 + 0.2174 Li1Mn0.1Co0.1Ni0.8O2 -> 4.475 Li + 0.02174 MnP4O11 + 1.058 SCl + 0.01565 NdP5O14 + 0.1739 NiS2 + 0.02174 CoS2 + 0.03877 PCl5 + 0.2815 P2S7
NMC811,nd_p_002_asused,4.3,0.945699,-1.316809,0,1,0.8485 Li5.44Nd0.02P0.98S4.37Cl1.6O0.03 + 0.1515 Li1Mn0.1Co0.1Ni0.8O2 -> 4.767 Li + 1.105 SCl + 0.01697 NdP5O14 + 0.1212 NiS2 + 0.01515 CoS2 + 0.05055 PCl5 + 0.3329 P2S7 + 0.01515 Mn(PO3)2
NMC811,nd_p_002_asused,4.3,0.966696,-1.306121,0,1,0.9032 Li5.44Nd0.02P0.98S4.37Cl1.6O0.03 + 0.09677 Li1Mn0.1Co0.1Ni0.8O2 -> 5.01 Li + 1.143 SCl + 0.07742 NiS2 + 0.01806 Nd(PO3)3 + 0.009677 CoS2 + 0.06034 PCl5 + 0.3756 P2S7 + 0.009677 Mn(PO3)2
NMC811,nd_p_002_asused,4.3,1.0,-1.288816,0,1,Li5.44Nd0.02P0.98S4.37Cl1.6O0.03 -> 5.44 Li + 1.212 SCl + 0.003333 Nd(PO3)3 + 0.06765 PCl5 + 0.4512 P2S7 + 0.01667 NdCl3
NMC811,nd_p_002_asused,4.5,0.0,-0.299378,0,0,Li1Mn0.1Co0.1Ni0.8O2 -> Li + 0.1 Co(NiO2)2 + 0.1 Mn(Ni3O4)2 + 0.4 O2
NMC811,nd_p_002_asused,4.5,0.044936,-0.548293,0,1,0.0149 Li5.44Nd0.02P0.98S4.37Cl1.6O0.03 + 0.9851 Li1Mn0.1Co0.1Ni0.8O2 -> 1.066 Li + 0.01192 Ni(ClO4)2 + 0.09851 CoNiO3 + 0.007154 Ni3(PO4)2 + 0.09851 Mn(Ni3O4)2 + 0.0002981 NdPO4 + 0.06513 NiSO4 + 0.2364 O2
NMC811,nd_p_002_asused,4.5,0.10521,-0.890202,0,1,0.03643 Li5.44Nd0.02P0.98S4.37Cl1.6O0.03 + 0.9636 Li1Mn0.1Co0.1Ni0.8O2 -> 1.162 Li + 0.02914 Ni(ClO4)2 + 0.09636 CoNiO3 + 0.01749 Ni3(PO4)2 + 0.02889 MnNiO3 + 0.06747 Mn(Ni3O4)2 + 0.0007286 NdPO4 + 0.1592 NiSO4
NMC811,nd_p_002_asused,4.5,0.112316,-0.925902,0,1,0.03909 Li5.44Nd0.02P0.98S4.37Cl1.6O0.03 + 0.9609 Li1Mn0.1Co0.1Ni0.8O2 -> 1.174 Li + 0.03127 Ni(ClO4)2 + 0.01876 Ni3(PO4)2 + 0.01325 MnNiO3 + 0.08285 Mn(Ni3O4)2 + 0.004178 Co23O32 + 0.0007819 NdPO4 + 0.1708 NiSO4
NMC811,nd_p_002_asused,4.5,0.153539,-1.128166,0,1,0.05511 Li5.44Nd0.02P0.98S4.37Cl1.6O0.03 + 0.9449 Li1Mn0.1Co0.1Ni0.8O2 -> 1.245 Li + 0.02645 Ni3(PO4)2 + 0.03506 MnNiO3 + 0.05943 Mn(Ni3O4)2 + 0.004108 Co23O32 + 0.001102 NdPO4 + 0.04409 NiCl2 + 0.2408 NiSO4
NMC811,nd_p_002_asused,4.5,0.154413,-1.132133,0,1,0.05546 Li5.44Nd0.02P0.98S4.37Cl1.6O0.03 + 0.9445 Li1Mn0.1Co0.1Ni0.8O2 -> 1.246 Li + 0.02662 Ni3(PO4)2 + 0.03554 MnNiO3 + 0.05892 Mn(Ni3O4)2 + 0.001109 NdPO4 + 0.04437 NiCl2 + 0.03148 Co3O4 + 0.2424 NiSO4
NMC811,nd_p_002_asused,4.5,0.157714,-1.144021,0,1,0.05679 Li5.44Nd0.02P0.98S4.37Cl1.6O0.03 + 0.9432 Li1Mn0.1Co0.1Ni0.8O2 -> 1.252 Li + 0.02726 Ni3(PO4)2 + 0.0632 Mn(Ni3O4)2 + 0.01556 Mn2CoO4 + 0.001136 NdPO4 + 0.04543 NiCl2 + 0.02625 Co3O4 + 0.2482 NiSO4
NMC811,nd_p_002_asused,4.5,0.160804,-1.155159,0,1,0.05804 Li5.44Nd0.02P0.98S4.37Cl1.6O0.03 + 0.942 Li1Mn0.1Co0.1Ni0.8O2 -> 1.258 Li + 0.07559 Mn(Ni3O4)2 + 0.009305 Mn2CoO4 + 0.02786 Co3(PO4)2 + 0.001161 NdPO4 + 0.04643 NiCl2 + 0.0004391 Co3O4 + 0.2536 NiSO4
NMC811,nd_p_002_asused,4.5,0.160857,-1.155331,0,1,0.05806 Li5.44Nd0.02P0.98S4.37Cl1.6O0.03 + 0.9419 Li1Mn0.1Co0.1Ni0.8O2 -> 1.258 Li + 0.0758 Mn(Ni3O4)2 + 0.009199 Mn2CoO4 + 0.02787 Co3(PO4)2 + 0.001161 NdPO4 + 0.04645 NiCl2 + 0.2523 NiSO4 + 0.001391 CoSO4
NMC811,nd_p_002_asused,4.5,0.161056,-1.155949,0,1,0.05814 Li5.44Nd0.02P0.98S4.37Cl1.6O0.03 + 0.9419 Li1Mn0.1Co0.1Ni0.8O2 -> 1.258 Li + 0.07326 Mn(Ni3O4)2 + 0.01047 Mn2CoO4 + 0.02791 Co3(PO4)2 + 0.001163 NdPO4 + 0.04651 NiCl2 + 0.01337 NiO + 0.2541 NiSO4
NMC811,nd_p_002_asused,4.5,0.173646,-1.194058,0,1,0.06329 Li5.44Nd0.02P0.98S4.37Cl1.6O0.03 + 0.9367 Li1Mn0.1Co0.1Ni0.8O2 -> 1.281 Li + 0.002532 Mn2CoO4 + 0.03038 Co3(PO4)2 + 0.001266 NdPO4 + 0.05063 NiCl2 + 0.08861 MnSO4 + 0.5108 NiO + 0.188 NiSO4
NMC811,nd_p_002_asused,4.5,0.174035,-1.195212,0,1,0.06345 Li5.44Nd0.02P0.98S4.37Cl1.6O0.03 + 0.9365 Li1Mn0.1Co0.1Ni0.8O2 -> 1.282 Li + 0.03046 Co3(PO4)2 + 0.001269 NdPO4 + 0.05076 NiCl2 + 0.09365 MnSO4 + 0.5171 NiO + 0.1813 NiSO4 + 0.002284 CoSO4
NMC811,nd_p_002_asused,4.5,0.177613,-1.199916,0,1,0.06494 Li5.44Nd0.02P0.98S4.37Cl1.6O0.03 + 0.9351 Li1Mn0.1Co0.1Ni0.8O2 -> 1.288 Li + 0.03117 Co3(PO4)2 + 0.001299 NdPO4 + 0.002597 Ni3S2 + 0.05195 NiCl2 + 0.09351 MnSO4 + 0.5032 NiO + 0.1851 NiSO4
NMC811,nd_p_002_asused,4.5,0.295206,-1.358615,0,1,0.1187 Li5.44Nd0.02P0.98S4.37Cl1.6O0.03 + 0.8813 Li1Mn0.1Co0.1Ni0.8O2 -> 1.527 Li + 0.0276 Ni3(PO4)2 + 0.02938 Co3(PO4)2 + 0.002374 NdPO4 + 0.09674 Ni3S2 + 0.09496 NiCl2 + 0.08813 MnSO4 + 0.2371 NiSO4
NMC811,nd_p_002_asused,4.5,0.319319,-1.388957,0,1,0.1311 Li5.44Nd0.02P0.98S4.37Cl1.6O0.03 + 0.8689 Li1Mn0.1Co0.1Ni0.8O2 -> 1.582 Li + 0.06291 Ni3(PO4)2 + 0.002621 NdPO4 + 0.046 Ni3S2 + 0.1049 NiCl2 + 0.08689 MnSO4 + 0.04345 Co2NiS4 + 0.2201 NiSO4
NMC811,nd_p_002_asused,4.5,0.340342,-1.414626,0,1,0.1423 Li5.44Nd0.02P0.98S4.37Cl1.6O0.03 + 0.8577 Li1Mn0.1Co0.1Ni0.8O2 -> 1.632 Li + 0.0683 Ni3(PO4)2 + 0.0799 Co(NiS2)2 + 0.002846 NdPO4 + 0.1138 NiCl2 + 0.08577 MnSO4 + 0.002937 Co2NiS4 + 0.2047 NiSO4
NMC811,nd_p_002_asused,4.5,0.345019,-1.418598,0,1,0.1448 Li5.44Nd0.02P0.98S4.37Cl1.6O0.03 + 0.8552 Li1Mn0.1Co0.1Ni0.8O2 -> 1.643 Li + 0.05278 Ni3(PO4)2 + 0.01674 Ni2P2O7 + 0.08552 Co(NiS2)2 + 0.002897 NdPO4 + 0.1159 NiCl2 + 0.08552 MnSO4 + 0.2054 NiSO4
NMC811,nd_p_002_asused,4.5,0.360639,-1.431601,0,1,0.1535 Li5.44Nd0.02P0.98S4.37Cl1.6O0.03 + 0.8465 Li1Mn0.1Co0.1Ni0.8O2 -> 1.682 Li + 0.07369 Ni2P2O7 + 0.08465 Co(NiS2)2 + 0.003071 NdPO4 + 0.1228 NiCl2 + 0.08465 MnSO4 + 0.00999 Ni3S4 + 0.2077 NiSO4
NMC811,nd_p_002_asused,4.5,0.383511,-1.448529,0,1,0.1667 Li5.44Nd0.02P0.98S4.37Cl1.6O0.03 + 0.8333 Li1Mn0.1Co0.1Ni0.8O2 -> 1.74 Li + 0.08333 Co(NiS2)2 + 0.003334 NdPO4 + 0.08001 Ni(PO3)2 + 0.1333 NiCl2 + 0.08333 MnSO4 + 0.02513 Ni3S4 + 0.2112 NiSO4
NMC811,nd_p_002_asused,4.5,0.384527,-1.449239,0,0,0.1673 Li5.44Nd0.02P0.98S4.37Cl1.6O0.03 + 0.8327 Li1Mn0.1Co0.1Ni0.8O2 -> 1.743 Li + 0.08327 Co(NiS2)2 + 0.08197 Ni(PO3)2 + 0.001673 Nd2(SO4)3 + 0.1338 NiCl2 + 0.08327 MnSO4 + 0.02582 Ni3S4 + 0.2064 NiSO4
NMC811,nd_p_002_asused,4.5,0.396159,-1.455754,0,0,0.1742 Li5.44Nd0.02P0.98S4.37Cl1.6O0.03 + 0.8258 Li1Mn0.1Co0.1Ni0.8O2 -> 1.773 Li + 0.08258 Co(NiS2)2 + 0.0724 NiS2 + 0.08536 Ni(PO3)2 + 0.001742 Nd2(SO4)3 + 0.1394 NiCl2 + 0.08258 MnSO4 + 0.1984 NiSO4
NMC811,nd_p_002_asused,4.5,0.430847,-1.473537,0,0,0.1958 Li5.44Nd0.02P0.98S4.37Cl1.6O0.03 + 0.8042 Li1Mn0.1Co0.1Ni0.8O2 -> 1.869 Li + 0.08042 CoS2 + 0.2175 NiS2 + 0.09592 Ni(PO3)2 + 0.001958 Nd2(SO4)3 + 0.1566 NiCl2 + 0.08042 MnSO4 + 0.1734 NiSO4
NMC811,nd_p_002_asused,4.5,0.498871,-1.500432,0,0,0.2425 Li5.44Nd0.02P0.98S4.37Cl1.6O0.03 + 0.7575 Li1Mn0.1Co0.1Ni0.8O2 -> 2.077 Li + 0.07575 CoS2 + 0.2932 NiS2 + 0.2387 SO2 + 0.1188 Ni(PO3)2 + 0.002425 Nd2(SO4)3 + 0.194 NiCl2 + 0.07575 MnSO4
NMC811,nd_p_002_asused,4.5,0.52519,-1.509956,0,0,0.2624 Li5.44Nd0.02P0.98S4.37Cl1.6O0.03 + 0.7376 Li1Mn0.1Co0.1Ni0.8O2 -> 2.165 Li + 0.07376 CoS2 + 0.3254 NiS2 + 0.3402 SO2 + 0.05479 Ni(PO3)2 + 0.002624 Nd2(SO4)3 + 0.2099 NiCl2 + 0.07376 Mn(PO3)2
NMC811,nd_p_002_asused,4.5,0.527864,-1.510835,0,1,0.2644 Li5.44Nd0.02P0.98S4.37Cl1.6O0.03 + 0.7356 Li1Mn0.1Co0.1Ni0.8O2 -> 2.174 Li + 0.07356 CoS2 + 0.3288 NiS2 + 0.3508 SO2 + 0.04808 Ni(PO3)2 + 0.005289 Nd(PO3)3 + 0.2115 NiCl2 + 0.07356 Mn(PO3)2
NMC811,nd_p_002_asused,4.5,0.64456,-1.541319,0,1,0.3683 Li5.44Nd0.02P0.98S4.37Cl1.6O0.03 + 0.6317 Li1Mn0.1Co0.1Ni0.8O2 -> 2.635 Li + 0.5893 SCl + 0.06317 CoS2 + 0.3991 NiS2 + 0.09576 SO2 + 0.1063 Ni(PO3)2 + 0.007366 Nd(PO3)3 + 0.06317 Mn(PO3)2
NMC811,nd_p_002_asused,4.5,0.646794,-1.54178,0,1,0.3706 Li5.44Nd0.02P0.98S4.37Cl1.6O0.03 + 0.6294 Li1Mn0.1Co0.1Ni0.8O2 -> 2.645 Li + 0.007412 NdP5O14 + 0.593 SCl + 0.06294 CoS2 + 0.4034 NiS2 + 0.09389 SO2 + 0.1001 Ni(PO3)2 + 0.06294 Mn(PO3)2
NMC811,nd_p_002_asused,4.5,0.664858,-1.5442,0,1,0.3895 Li5.44Nd0.02P0.98S4.37Cl1.6O0.03 + 0.6105 Li1Mn0.1Co0.1Ni0.8O2 -> 2.729 Li + 0.06105 MnP4O11 + 0.007789 NdP5O14 + 0.6231 SCl + 0.06105 CoS2 + 0.4392 NiS2 + 0.07831 SO2 + 0.04925 Ni(PO3)2
NMC811,nd_p_002_asused,4.5,0.672432,-1.544383,0,1,0.3976 Li5.44Nd0.02P0.98S4.37Cl1.6O0.03 + 0.6024 Li1Mn0.1Co0.1Ni0.8O2 -> 2.765 Li + 0.02724 NiP4O11 + 0.06024 MnP4O11 + 0.007952 NdP5O14 + 0.6362 SCl + 0.06024 CoS2 + 0.4547 NiS2 + 0.07157 SO2
NMC811,nd_p_002_asused,4.5,0.699663,-1.544572,1,1,0.4283 Li5.44Nd0.02P0.98S4.37Cl1.6O0.03 + 0.5717 Li1Mn0.1Co0.1Ni0.8O2 -> 2.901 Li + 0.03704 NiP4O11 + 0.05717 MnP4O11 + 0.008565 NdP5O14 + 0.6852 SCl + 0.05717 CoS2 + 0.4203 NiS2 + 0.2313 S
NMC811,nd_p_002_asused,4.5,0.807582,-1.513601,0,1,0.5744 Li5.44Nd0.02P0.98S4.37Cl1.6O0.03 + 0.4256 Li1Mn0.1Co0.1Ni0.8O2 -> 3.55 Li + 0.02177 NiP4O11 + 0.04256 MnP4O11 + 0.01149 NdP5O14 + 0.919 SCl + 0.04256 CoS2 + 0.3187 NiS2 + 0.1241 P2S7
NMC811,nd_p_002_asused,4.5,0.918006,-1.476316,0,1,0.7826 Li5.44Nd0.02P0.98S4.37Cl1.6O0.03 + 0.2174 Li1Mn0.1Co0.1Ni0.8O2 -> 4.475 Li + 0.02174 MnP4O11 + 0.01565 NdP5O14 + 1.058 SCl + 0.02174 CoS2 + 0.1739 NiS2 + 0.2815 P2S7 + 0.03877 PCl5
NMC811,nd_p_002_asused,4.5,0.945699,-1.465927,0,1,0.8485 Li5.44Nd0.02P0.98S4.37Cl1.6O0.03 + 0.1515 Li1Mn0.1Co0.1Ni0.8O2 -> 4.767 Li + 0.01697 NdP5O14 + 1.105 SCl + 0.01515 CoS2 + 0.1212 NiS2 + 0.3329 P2S7 + 0.05055 PCl5 + 0.01515 Mn(PO3)2
NMC811,nd_p_002_asused,4.5,0.966696,-1.457652,0,1,0.9032 Li5.44Nd0.02P0.98S4.37Cl1.6O0.03 + 0.09677 Li1Mn0.1Co0.1Ni0.8O2 -> 5.01 Li + 1.143 SCl + 0.009677 CoS2 + 0.07742 NiS2 + 0.01806 Nd(PO3)3 + 0.3756 P2S7 + 0.06034 PCl5 + 0.009677 Mn(PO3)2
NMC811,nd_p_002_asused,4.5,1.0,-1.444245,0,1,Li5.44Nd0.02P0.98S4.37Cl1.6O0.03 -> 5.44 Li + 1.212 SCl + 0.003333 Nd(PO3)3 + 0.4512 P2S7 + 0.06765 PCl5 + 0.01667 NdCl3
