cathode,dopant,voltage_V,x_atomic_frac,reaction_energy_eV_per_atom,forms_M_phosphate,reaction
LiCoO2,Al,2.50,0.0,0.0,0,LiCoO2 -> LiCoO2
LiCoO2,Al,2.50,0.12,-0.277906,0,0.04348 Li4.8Al0.2P1S4.4Cl1.6 + 0.9565 LiCoO2 -> 0.5739 Li + 0.008696 LiAlO2 + 0.9565 CoO + 0.04348 Li3PO4 + 0.1913 Li2SO4 + 0.06957 LiCl
LiCoO2,Al,2.50,0.120482,-0.278951,0,0.04367 Li4.8Al0.2P1S4.4Cl1.6 + 0.9563 LiCoO2 -> 0.5808 Li + 0.004367 Al2CoO4 + 0.952 CoO + 0.04367 Li3PO4 + 0.1921 Li2SO4 + 0.06987 LiCl
LiCoO2,Al,2.50,0.427107,-0.582761,0,0.199 Li4.8Al0.2P1S4.4Cl1.6 + 0.801 LiCoO2 -> 0.4777 Li + 0.0199 Al2CoO4 + 0.08678 Co9S8 + 0.199 Li3PO4 + 0.1815 Li2SO4 + 0.3185 LiCl
LiCoO2,Al,2.50,0.431928,-0.585878,0,0.2022 Li4.8Al0.2P1S4.4Cl1.6 + 0.7978 LiCoO2 -> 0.4691 Li + 0.008088 LiAl5O8 + 0.08864 Co9S8 + 0.2022 Li3PO4 + 0.1805 Li2SO4 + 0.3235 LiCl
LiCoO2,Al,2.50,0.500911,-0.608713,0,0.2507 Li4.8Al0.2P1S4.4Cl1.6 + 0.7493 LiCoO2 -> 0.5816 Li + 0.01003 LiAl5O8 + 0.2498 Co3S4 + 0.2507 Li3PO4 + 0.1039 Li2SO4 + 0.4011 LiCl
LiCoO2,Al,2.50,0.577812,-0.614944,0,0.3133 Li4.8Al0.2P1S4.4Cl1.6 + 0.6867 LiCoO2 -> 0.7268 Li + 0.01253 LiAl5O8 + 0.6867 CoS2 + 0.3133 Li3PO4 + 0.005013 Li2SO4 + 0.5013 LiCl
LiCoO2,Al,2.50,0.581395,-0.612693,0,0.3165 Li4.8Al0.2P1S4.4Cl1.6 + 0.6835 LiCoO2 -> 0.7278 Li + 0.01266 LiAl5O8 + 0.6835 CoS2 + 0.3165 Li3PO4 + 0.5063 LiCl + 0.006329 LiS4
LiCoO2,Al,2.50,0.6,-0.596866,1,0.3333 Li4.8Al0.2P1S4.4Cl1.6 + 0.6667 LiCoO2 -> 0.9 Li + 0.06667 AlPO4 + 0.6667 CoS2 + 0.2667 Li3PO4 + 0.5333 LiCl + 0.03333 LiS4
LiCoO2,Al,2.50,0.882353,-0.243318,1,0.7143 Li4.8Al0.2P1S4.4Cl1.6 + 0.2857 LiCoO2 -> 2.429 Li + 0.1429 AlPO4 + 0.2857 P2S7 + 0.2857 CoS2 + 1.143 LiCl + 0.1429 LiS4
LiCoO2,Al,2.50,0.952381,-0.137548,0,0.8696 Li4.8Al0.2P1S4.4Cl1.6 + 0.1304 LiCoO2 -> 2.783 Li + 0.4348 P2S7 + 0.1304 CoS2 + 0.08696 Al2O3 + 1.391 LiCl + 0.1304 LiS4
LiCoO2,Al,2.50,1.0,-0.05757,0,Li4.8Al0.2P1S4.4Cl1.6 -> 2.875 Li + 0.2 LiAlS2 + 0.5 P2S7 + 1.6 LiCl + 0.125 LiS4
LiCoO2,Al,3.50,0.0,-0.013345,0,LiCoO2 -> 0.5 Li + 0.5 Li(CoO2)2
LiCoO2,Al,3.50,0.083799,-0.366247,0,0.02959 Li4.8Al0.2P1S4.4Cl1.6 + 0.9704 LiCoO2 -> 0.716 Li + 0.002959 Al2CoO4 + 0.02959 Li3PO4 + 0.3225 Co3O4 + 0.1302 Li2SO4 + 0.04734 LiCl
LiCoO2,Al,3.50,0.088757,-0.385657,0,0.03145 Li4.8Al0.2P1S4.4Cl1.6 + 0.9686 LiCoO2 -> 0.761 Li + 0.03145 LiCoPO4 + 0.003145 Al2CoO4 + 0.3113 Co3O4 + 0.1384 Li2SO4 + 0.05031 LiCl
LiCoO2,Al,3.50,0.093168,-0.399323,0,0.03311 Li4.8Al0.2P1S4.4Cl1.6 + 0.9669 LiCoO2 -> 0.8013 Li + 0.03311 LiCoPO4 + 0.003311 Al2CoO4 + 0.02649 CoCl2 + 0.3013 Co3O4 + 0.1457 Li2SO4
LiCoO2,Al,3.50,0.096154,-0.408581,0,0.03425 Li4.8Al0.2P1S4.4Cl1.6 + 0.9658 LiCoO2 -> 0.8288 Li + 0.01712 Co3(PO4)2 + 0.003425 Al2CoO4 + 0.0274 CoCl2 + 0.2945 Co3O4 + 0.1507 Li2SO4
LiCoO2,Al,3.50,0.11194,-0.4546,0,0.04032 Li4.8Al0.2P1S4.4Cl1.6 + 0.9597 LiCoO2 -> 0.9758 Li + 0.02016 Co3(PO4)2 + 0.08871 Li2Co(SO4)2 + 0.004032 Al2CoO4 + 0.03226 CoCl2 + 0.2581 Co3O4
LiCoO2,Al,3.50,0.133929,-0.518099,0,0.04902 Li4.8Al0.2P1S4.4Cl1.6 + 0.951 LiCoO2 -> 1.186 Li + 0.02451 Co3(PO4)2 + 0.004902 Al2CoO4 + 0.2157 CoSO4 + 0.03922 CoCl2 + 0.2059 Co3O4
LiCoO2,Al,3.50,0.164835,-0.604955,0,0.06173 Li4.8Al0.2P1S4.4Cl1.6 + 0.9383 LiCoO2 -> 1.235 Li + 0.03086 Co3(PO4)2 + 0.006173 Al2CoO4 + 0.2716 CoSO4 + 0.5185 CoO + 0.04938 CoCl2
LiCoO2,Al,3.50,0.298595,-0.752263,0,0.1243 Li4.8Al0.2P1S4.4Cl1.6 + 0.8757 LiCoO2 -> 1.472 Li + 0.06213 Co3(PO4)2 + 0.01243 Al2CoO4 + 0.0307 Co9S8 + 0.3012 CoSO4 + 0.09942 CoCl2
LiCoO2,Al,3.50,0.310597,-0.763671,1,0.1306 Li4.8Al0.2P1S4.4Cl1.6 + 0.8694 LiCoO2 -> 1.496 Li + 0.05223 Co3(PO4)2 + 0.03379 Co9S8 + 0.3041 CoSO4 + 0.1045 CoCl2 + 0.02611 AlPO4
LiCoO2,Al,3.50,0.34202,-0.78616,1,0.1477 Li4.8Al0.2P1S4.4Cl1.6 + 0.8523 LiCoO2 -> 1.561 Li + 0.05907 Co3(PO4)2 + 0.2785 CoSO4 + 0.1181 CoCl2 + 0.02954 AlPO4 + 0.09283 Co3S4
LiCoO2,Al,3.50,0.378151,-0.80399,1,0.1685 Li4.8Al0.2P1S4.4Cl1.6 + 0.8315 LiCoO2 -> 1.64 Li + 0.06742 Co3(PO4)2 + 0.2472 CoSO4 + 0.2472 CoS2 + 0.1348 CoCl2 + 0.03371 AlPO4
LiCoO2,Al,3.50,0.414747,-0.818246,1,0.1911 Li4.8Al0.2P1S4.4Cl1.6 + 0.8089 LiCoO2 -> 1.726 Li + 0.03822 Co3(PO4)2 + 0.242 CoSO4 + 0.2994 CoS2 + 0.1529 CoCl2 + 0.03822 Al(PO3)3
LiCoO2,Al,3.50,0.428571,-0.82346,1,0.2 Li4.8Al0.2P1S4.4Cl1.6 + 0.8 LiCoO2 -> 1.76 Li + 0.04 Co2P2O7 + 0.24 CoSO4 + 0.32 CoS2 + 0.16 CoCl2 + 0.04 Al(PO3)3
LiCoO2,Al,3.50,0.449251,-0.830659,1,0.2138 Li4.8Al0.2P1S4.4Cl1.6 + 0.7862 LiCoO2 -> 1.784 Li + 0.0285 LiCo(PO3)3 + 0.2328 CoSO4 + 0.3539 CoS2 + 0.171 CoCl2 + 0.04276 Al(PO3)3
LiCoO2,Al,3.50,0.48913,-0.842329,1,0.2419 Li4.8Al0.2P1S4.4Cl1.6 + 0.7581 LiCoO2 -> 1.69 Li + 0.09879 Li2Co(SO4)2 + 0.03226 LiCo(PO3)3 + 0.4335 CoS2 + 0.1935 CoCl2 + 0.04839 Al(PO3)3
LiCoO2,Al,3.50,0.516648,-0.84982,1,0.2627 Li4.8Al0.2P1S4.4Cl1.6 + 0.7373 LiCoO2 -> 1.62 Li + 0.03503 LiCo(PO3)3 + 0.4921 CoS2 + 0.2102 CoCl2 + 0.05254 Al(PO3)3 + 0.1716 Li2SO4
LiCoO2,Al,3.50,0.580645,-0.861013,1,0.3158 Li4.8Al0.2P1S4.4Cl1.6 + 0.6842 LiCoO2 -> 1.442 Li + 0.04211 LiCo(PO3)3 + 0.6421 CoS2 + 0.06316 Al(PO3)3 + 0.1053 Li2SO4 + 0.5053 LiCl
LiCoO2,Al,3.50,0.592885,-0.862032,1,0.3268 Li4.8Al0.2P1S4.4Cl1.6 + 0.6732 LiCoO2 -> 1.405 Li + 0.6732 CoS2 + 0.06536 Al(PO3)3 + 0.0915 Li2SO4 + 0.1307 LiPO3 + 0.5229 LiCl
LiCoO2,Al,3.50,0.666667,-0.855408,1,0.4 Li4.8Al0.2P1S4.4Cl1.6 + 0.6 LiCoO2 -> 2.28 Li + 0.6 CoS2 + 0.56 SCl + 0.08 Al(PO3)3 + 0.16 LiPO3 + 0.08 LiCl
LiCoO2,Al,3.50,0.672269,-0.853566,1,0.4061 Li4.8Al0.2P1S4.4Cl1.6 + 0.5939 LiCoO2 -> 2.391 Li + 0.01015 PCl5 + 0.5939 CoS2 + 0.599 SCl + 0.08122 Al(PO3)3 + 0.1523 LiPO3
LiCoO2,Al,3.50,0.769231,-0.787013,1,0.5263 Li4.8Al0.2P1S4.4Cl1.6 + 0.4737 LiCoO2 -> 3 Li + 0.02477 PCl5 + 0.09288 P2S7 + 0.4737 CoS2 + 0.7183 SCl + 0.1053 Al(PO3)3
LiCoO2,Al,3.50,0.882353,-0.685683,1,0.7143 Li4.8Al0.2P1S4.4Cl1.6 + 0.2857 LiCoO2 -> 3.714 Li + 0.06723 PCl5 + 0.2521 P2S7 + 0.2857 CoS2 + 0.8067 SCl + 0.1429 AlPO4
LiCoO2,Al,3.50,0.95122,-0.620153,1,0.8667 Li4.8Al0.2P1S4.4Cl1.6 + 0.1333 LiCoO2 -> 4.293 Li + 0.1067 AlSCl7 + 0.4 P2S7 + 0.1333 CoS2 + 0.64 SCl + 0.06667 AlPO4
LiCoO2,Al,3.50,0.985401,-0.58574,1,0.9574 Li4.8Al0.2P1S4.4Cl1.6 + 0.04255 LiCoO2 -> 4.468 Li + 0.1702 LiAlCl4 + 0.4681 P2S7 + 0.04255 CoS2 + 0.8511 SCl + 0.02128 AlPO4
LiCoO2,Al,3.50,1.0,-0.570299,0,Li4.8Al0.2P1S4.4Cl1.6 -> 4.6 Li + 0.2 LiAlCl4 + 0.5 P2S7 + 0.8 SCl + 0.1 S
LiCoO2,Al,4.30,0.0,-0.17822,0,LiCoO2 -> Li + CoO2
LiCoO2,Al,4.30,0.087282,-0.599325,1,0.03089 Li4.8Al0.2P1S4.4Cl1.6 + 0.9691 LiCoO2 -> 1.117 Li + 0.01236 Co3(PO4)2 + 0.03354 Co23O32 + 0.02471 Co(ClO4)2 + 0.006178 AlPO4 + 0.1359 CoSO4
LiCoO2,Al,4.30,0.096953,-0.644632,1,0.03455 Li4.8Al0.2P1S4.4Cl1.6 + 0.9654 LiCoO2 -> 1.131 Li + 0.01382 Co3(PO4)2 + 0.03356 Co23O32 + 0.00691 AlPO4 + 0.05528 ClO2 + 0.152 CoSO4
LiCoO2,Al,4.30,0.125749,-0.778647,1,0.04575 Li4.8Al0.2P1S4.4Cl1.6 + 0.9542 LiCoO2 -> 1.174 Li + 0.0183 Co3(PO4)2 + 0.02876 Co23O32 + 0.0366 CoCl2 + 0.00915 AlPO4 + 0.2013 CoSO4
LiCoO2,Al,4.30,0.132743,-0.809634,1,0.04854 Li4.8Al0.2P1S4.4Cl1.6 + 0.9515 LiCoO2 -> 1.184 Li + 0.01942 Co3(PO4)2 + 0.03883 CoCl2 + 0.009709 AlPO4 + 0.2136 Co3O4 + 0.2136 CoSO4
LiCoO2,Al,4.30,0.133929,-0.814124,0,0.04902 Li4.8Al0.2P1S4.4Cl1.6 + 0.951 LiCoO2 -> 1.186 Li + 0.02451 Co3(PO4)2 + 0.004902 Al2CoO4 + 0.03922 CoCl2 + 0.2059 Co3O4 + 0.2157 CoSO4
LiCoO2,Al,4.30,0.164835,-0.907985,0,0.06173 Li4.8Al0.2P1S4.4Cl1.6 + 0.9383 LiCoO2 -> 1.235 Li + 0.03086 Co3(PO4)2 + 0.006173 Al2CoO4 + 0.04938 CoCl2 + 0.5185 CoO + 0.2716 CoSO4
LiCoO2,Al,4.30,0.298595,-1.086676,0,0.1243 Li4.8Al0.2P1S4.4Cl1.6 + 0.8757 LiCoO2 -> 1.472 Li + 0.06213 Co3(PO4)2 + 0.01243 Al2CoO4 + 0.0307 Co9S8 + 0.09942 CoCl2 + 0.3012 CoSO4
LiCoO2,Al,4.30,0.310597,-1.100987,1,0.1306 Li4.8Al0.2P1S4.4Cl1.6 + 0.8694 LiCoO2 -> 1.496 Li + 0.05223 Co3(PO4)2 + 0.03379 Co9S8 + 0.1045 CoCl2 + 0.02611 AlPO4 + 0.3041 CoSO4
LiCoO2,Al,4.30,0.34202,-1.131148,1,0.1477 Li4.8Al0.2P1S4.4Cl1.6 + 0.8523 LiCoO2 -> 1.561 Li + 0.05907 Co3(PO4)2 + 0.1181 CoCl2 + 0.02954 AlPO4 + 0.09283 Co3S4 + 0.2785 CoSO4
LiCoO2,Al,4.30,0.378151,-1.157929,1,0.1685 Li4.8Al0.2P1S4.4Cl1.6 + 0.8315 LiCoO2 -> 1.64 Li + 0.06742 Co3(PO4)2 + 0.1348 CoCl2 + 0.03371 AlPO4 + 0.2472 CoS2 + 0.2472 CoSO4
LiCoO2,Al,4.30,0.414747,-1.181395,1,0.1911 Li4.8Al0.2P1S4.4Cl1.6 + 0.8089 LiCoO2 -> 1.726 Li + 0.03822 Co3(PO4)2 + 0.03822 Al(PO3)3 + 0.1529 CoCl2 + 0.2994 CoS2 + 0.242 CoSO4
LiCoO2,Al,4.30,0.428571,-1.190127,1,0.2 Li4.8Al0.2P1S4.4Cl1.6 + 0.8 LiCoO2 -> 1.76 Li + 0.04 Co2P2O7 + 0.04 Al(PO3)3 + 0.16 CoCl2 + 0.32 CoS2 + 0.24 CoSO4
LiCoO2,Al,4.30,0.451128,-1.200519,1,0.2151 Li4.8Al0.2P1S4.4Cl1.6 + 0.7849 LiCoO2 -> 1.817 Li + 0.02151 CoP4O11 + 0.04301 Al(PO3)3 + 0.172 CoCl2 + 0.3548 CoS2 + 0.2366 CoSO4
LiCoO2,Al,4.30,0.564263,-1.246039,1,0.3015 Li4.8Al0.2P1S4.4Cl1.6 + 0.6985 LiCoO2 -> 2.146 Li + 0.03015 CoP4O11 + 0.0603 Al(PO3)3 + 0.5377 CoS2 + 0.1206 SCl4 + 0.1307 CoSO4
LiCoO2,Al,4.30,0.614334,-1.265061,1,0.3468 Li4.8Al0.2P1S4.4Cl1.6 + 0.6532 LiCoO2 -> 2.318 Li + 0.03468 CoP4O11 + 0.06936 Al(PO3)3 + 0.6185 CoS2 + 0.1503 SO2 + 0.1387 SCl4
LiCoO2,Al,4.30,0.669145,-1.280829,1,0.4027 Li4.8Al0.2P1S4.4Cl1.6 + 0.5973 LiCoO2 -> 2.53 Li + 0.04027 CoP4O11 + 0.08054 Al(PO3)3 + 0.557 CoS2 + 0.6443 SCl + 0.01342 SO2
LiCoO2,Al,4.30,0.674157,-1.280558,1,0.4082 Li4.8Al0.2P1S4.4Cl1.6 + 0.5918 LiCoO2 -> 2.551 Li + 0.04082 CoP4O11 + 0.08163 Al(PO3)3 + 0.551 CoS2 + 0.6531 SCl + 0.04082 S
LiCoO2,Al,4.30,0.691244,-1.27519,1,0.4274 Li4.8Al0.2P1S4.4Cl1.6 + 0.5726 LiCoO2 -> 2.624 Li + 0.03419 CoP4O11 + 0.08547 Al(PO3)3 + 0.01709 P2S7 + 0.5385 CoS2 + 0.6838 SCl
LiCoO2,Al,4.30,0.769231,-1.24762,1,0.5263 Li4.8Al0.2P1S4.4Cl1.6 + 0.4737 LiCoO2 -> 3 Li + 0.1053 Al(PO3)3 + 0.09288 P2S7 + 0.4737 CoS2 + 0.7183 SCl + 0.02477 PCl5
LiCoO2,Al,4.30,0.882353,-1.180922,1,0.7143 Li4.8Al0.2P1S4.4Cl1.6 + 0.2857 LiCoO2 -> 3.714 Li + 0.2521 P2S7 + 0.1429 AlPO4 + 0.2857 CoS2 + 0.8067 SCl + 0.06723 PCl5
LiCoO2,Al,4.30,0.95122,-1.137422,1,0.8667 Li4.8Al0.2P1S4.4Cl1.6 + 0.1333 LiCoO2 -> 4.293 Li + 0.1067 AlSCl7 + 0.4 P2S7 + 0.06667 AlPO4 + 0.1333 CoS2 + 0.64 SCl
LiCoO2,Al,4.30,1.0,-1.102692,0,Li4.8Al0.2P1S4.4Cl1.6 -> 4.8 Li + 0.03333 AlSCl7 + 0.5 P2S7 + 0.8667 SCl + 0.1667 AlCl3
LiCoO2,Al,4.50,0.0,-0.244886,0,LiCoO2 -> Li + CoO2
LiCoO2,Al,4.50,0.087282,-0.670729,1,0.03089 Li4.8Al0.2P1S4.4Cl1.6 + 0.9691 LiCoO2 -> 1.117 Li + 0.03354 Co23O32 + 0.01236 Co3(PO4)2 + 0.02471 Co(ClO4)2 + 0.006178 AlPO4 + 0.1359 CoSO4
LiCoO2,Al,4.50,0.096953,-0.716572,1,0.03455 Li4.8Al0.2P1S4.4Cl1.6 + 0.9654 LiCoO2 -> 1.131 Li + 0.03356 Co23O32 + 0.01382 Co3(PO4)2 + 0.00691 AlPO4 + 0.05528 ClO2 + 0.152 CoSO4
LiCoO2,Al,4.50,0.125749,-0.852194,1,0.04575 Li4.8Al0.2P1S4.4Cl1.6 + 0.9542 LiCoO2 -> 1.174 Li + 0.02876 Co23O32 + 0.0183 Co3(PO4)2 + 0.0366 CoCl2 + 0.00915 AlPO4 + 0.2013 CoSO4
LiCoO2,Al,4.50,0.132743,-0.883573,1,0.04854 Li4.8Al0.2P1S4.4Cl1.6 + 0.9515 LiCoO2 -> 1.184 Li + 0.01942 Co3(PO4)2 + 0.03883 CoCl2 + 0.009709 AlPO4 + 0.2136 Co3O4 + 0.2136 CoSO4
LiCoO2,Al,4.50,0.133929,-0.88813,0,0.04902 Li4.8Al0.2P1S4.4Cl1.6 + 0.951 LiCoO2 -> 1.186 Li + 0.02451 Co3(PO4)2 + 0.004902 Al2CoO4 + 0.03922 CoCl2 + 0.2059 Co3O4 + 0.2157 CoSO4
LiCoO2,Al,4.50,0.164835,-0.983742,0,0.06173 Li4.8Al0.2P1S4.4Cl1.6 + 0.9383 LiCoO2 -> 1.235 Li + 0.5185 CoO + 0.03086 Co3(PO4)2 + 0.006173 Al2CoO4 + 0.04938 CoCl2 + 0.2716 CoSO4
LiCoO2,Al,4.50,0.298595,-1.170279,0,0.1243 Li4.8Al0.2P1S4.4Cl1.6 + 0.8757 LiCoO2 -> 1.472 Li + 0.06213 Co3(PO4)2 + 0.01243 Al2CoO4 + 0.09942 CoCl2 + 0.0307 Co9S8 + 0.3012 CoSO4
LiCoO2,Al,4.50,0.310597,-1.185316,1,0.1306 Li4.8Al0.2P1S4.4Cl1.6 + 0.8694 LiCoO2 -> 1.496 Li + 0.05223 Co3(PO4)2 + 0.1045 CoCl2 + 0.03379 Co9S8 + 0.02611 AlPO4 + 0.3041 CoSO4
LiCoO2,Al,4.50,0.34202,-1.217395,1,0.1477 Li4.8Al0.2P1S4.4Cl1.6 + 0.8523 LiCoO2 -> 1.561 Li + 0.05907 Co3(PO4)2 + 0.1181 CoCl2 + 0.02954 AlPO4 + 0.09283 Co3S4 + 0.2785 CoSO4
LiCoO2,Al,4.50,0.378151,-1.246414,1,0.1685 Li4.8Al0.2P1S4.4Cl1.6 + 0.8315 LiCoO2 -> 1.64 Li + 0.06742 Co3(PO4)2 + 0.1348 CoCl2 + 0.03371 AlPO4 + 0.2472 CoS2 + 0.2472 CoSO4
LiCoO2,Al,4.50,0.414747,-1.272182,1,0.1911 Li4.8Al0.2P1S4.4Cl1.6 + 0.8089 LiCoO2 -> 1.726 Li + 0.03822 Al(PO3)3 + 0.03822 Co3(PO4)2 + 0.1529 CoCl2 + 0.2994 CoS2 + 0.242 CoSO4
LiCoO2,Al,4.50,0.428571,-1.281793,1,0.2 Li4.8Al0.2P1S4.4Cl1.6 + 0.8 LiCoO2 -> 1.76 Li + 0.04 Co2P2O7 + 0.04 Al(PO3)3 + 0.16 CoCl2 + 0.32 CoS2 + 0.24 CoSO4
LiCoO2,Al,4.50,0.451128,-1.293632,1,0.2151 Li4.8Al0.2P1S4.4Cl1.6 + 0.7849 LiCoO2 -> 1.817 Li + 0.04301 Al(PO3)3 + 0.02151 CoP4O11 + 0.172 CoCl2 + 0.3548 CoS2 + 0.2366 CoSO4
LiCoO2,Al,4.50,0.564263,-1.346628,1,0.3015 Li4.8Al0.2P1S4.4Cl1.6 + 0.6985 LiCoO2 -> 2.146 Li + 0.0603 Al(PO3)3 + 0.03015 CoP4O11 + 0.5377 CoS2 + 0.1206 SCl4 + 0.1307 CoSO4
LiCoO2,Al,4.50,0.614334,-1.369081,1,0.3468 Li4.8Al0.2P1S4.4Cl1.6 + 0.6532 LiCoO2 -> 2.318 Li + 0.06936 Al(PO3)3 + 0.03468 CoP4O11 + 0.6185 CoS2 + 0.1503 SO2 + 0.1387 SCl4
LiCoO2,Al,4.50,0.669145,-1.388698,1,0.4027 Li4.8Al0.2P1S4.4Cl1.6 + 0.5973 LiCoO2 -> 2.53 Li + 0.08054 Al(PO3)3 + 0.04027 CoP4O11 + 0.557 CoS2 + 0.6443 SCl + 0.01342 SO2
LiCoO2,Al,4.50,0.674157,-1.388783,1,0.4082 Li4.8Al0.2P1S4.4Cl1.6 + 0.5918 LiCoO2 -> 2.551 Li + 0.08163 Al(PO3)3 + 0.04082 CoP4O11 + 0.551 CoS2 + 0.6531 SCl + 0.04082 S
LiCoO2,Al,4.50,0.691244,-1.384637,1,0.4274 Li4.8Al0.2P1S4.4Cl1.6 + 0.5726 LiCoO2 -> 2.624 Li + 0.08547 Al(PO3)3 + 0.03419 CoP4O11 + 0.01709 P2S7 + 0.5385 CoS2 + 0.6838 SCl
LiCoO2,Al,4.50,0.769231,-1.362771,1,0.5263 Li4.8Al0.2P1S4.4Cl1.6 + 0.4737 LiCoO2 -> 3 Li + 0.1053 Al(PO3)3 + 0.09288 P2S7 + 0.4737 CoS2 + 0.7183 SCl + 0.02477 PCl5
LiCoO2,Al,4.50,0.882353,-1.304731,1,0.7143 Li4.8Al0.2P1S4.4Cl1.6 + 0.2857 LiCoO2 -> 3.714 Li + 0.1429 AlPO4 + 0.2521 P2S7 + 0.2857 CoS2 + 0.8067 SCl + 0.06723 PCl5
LiCoO2,Al,4.50,0.95122,-1.266739,1,0.8667 Li4.8Al0.2P1S4.4Cl1.6 + 0.1333 LiCoO2 -> 4.293 Li + 0.1067 AlSCl7 + 0.06667 AlPO4 + 0.4 P2S7 + 0.1333 CoS2 + 0.64 SCl
LiCoO2,Al,4.50,1.0,-1.236026,0,Li4.8Al0.2P1S4.4Cl1.6 -> 4.8 Li + 0.03333 AlSCl7 + 0.5 P2S7 + 0.8667 SCl + 0.1667 AlCl3
NMC811,Al,2.50,0.0,-0.025971,0,Li1Mn0.1Co0.1Ni0.8O2 + 0.7 Li -> 0.1 Li2MnO3 + 0.8 NiO + 0.1 LiCoO2 + 0.7 Li2O
NMC811,Al,2.50,0.085714,-0.38256,0,0.9697 Li1Mn0.1Co0.1Ni0.8O2 + 0.0303 Li4.8Al0.2P1S4.4Cl1.6 -> 0.3879 Li + 0.006061 Li5AlO4 + 0.09697 Li2MnO3 + 0.7758 NiO + 0.09697 LiCoO2 + 0.0303 Li3PO4 + 0.1333 Li2SO4 + 0.04848 LiCl
NMC811,Al,2.50,0.087137,-0.388069,0,0.9692 Li1Mn0.1Co0.1Ni0.8O2 + 0.03084 Li4.8Al0.2P1S4.4Cl1.6 -> 0.407 Li + 0.006167 LiAlO2 + 0.09692 Li2MnO3 + 0.7753 NiO + 0.09692 LiCoO2 + 0.03084 Li3PO4 + 0.1357 Li2SO4 + 0.04934 LiCl
NMC811,Al,2.50,0.098361,-0.412524,0,0.9649 Li1Mn0.1Co0.1Ni0.8O2 + 0.03509 Li4.8Al0.2P1S4.4Cl1.6 -> 0.4632 Li + 0.007018 LiAlO2 + 0.09649 CoO + 0.09649 Li2MnO3 + 0.7719 NiO + 0.03509 Li3PO4 + 0.1544 Li2SO4 + 0.05614 LiCl
NMC811,Al,2.50,0.109312,-0.436425,0,0.9607 Li1Mn0.1Co0.1Ni0.8O2 + 0.0393 Li4.8Al0.2P1S4.4Cl1.6 -> 0.5188 Li + 0.09607 LiMnO2 + 0.00786 LiAlO2 + 0.09607 CoO + 0.7686 NiO + 0.0393 Li3PO4 + 0.1729 Li2SO4 + 0.06288 LiCl
NMC811,Al,2.50,0.114688,-0.447978,0,0.9586 Li1Mn0.1Co0.1Ni0.8O2 + 0.04139 Li4.8Al0.2P1S4.4Cl1.6 -> 0.5943 Li + 0.04793 Mn2CoO4 + 0.008279 LiAlO2 + 0.04793 CoO + 0.7669 NiO + 0.04139 Li3PO4 + 0.1821 Li2SO4 + 0.06623 LiCl
NMC811,Al,2.50,0.115152,-0.448902,0,0.9584 Li1Mn0.1Co0.1Ni0.8O2 + 0.04158 Li4.8Al0.2P1S4.4Cl1.6 -> 0.6009 Li + 0.004158 Al2CoO4 + 0.04792 Mn2CoO4 + 0.04376 CoO + 0.7667 NiO + 0.04158 Li3PO4 + 0.1829 Li2SO4 + 0.06652 LiCl
NMC811,Al,2.50,0.116935,-0.451194,0,0.9577 Li1Mn0.1Co0.1Ni0.8O2 + 0.04227 Li4.8Al0.2P1S4.4Cl1.6 -> 0.5942 Li + 0.004227 Al2CoO4 + 0.03192 Mn3O4 + 0.09155 CoO + 0.7662 NiO + 0.04227 Li3PO4 + 0.186 Li2SO4 + 0.06764 LiCl
NMC811,Al,2.50,0.194853,-0.514427,0,0.9254 Li1Mn0.1Co0.1Ni0.8O2 + 0.07465 Li4.8Al0.2P1S4.4Cl1.6 -> 0.2834 Li + 0.007465 Al2CoO4 + 0.03085 Mn3O4 + 0.08507 CoO + 0.07465 Li3PO4 + 0.3285 Li2SO4 + 0.7403 Ni + 0.1194 LiCl
NMC811,Al,2.50,0.348214,-0.644378,0,0.8488 Li1Mn0.1Co0.1Ni0.8O2 + 0.1512 Li4.8Al0.2P1S4.4Cl1.6 -> 0.4543 Li + 0.01512 Al2CoO4 + 0.02829 Mn3O4 + 0.2264 Ni3S2 + 0.06977 CoO + 0.1512 Li3PO4 + 0.2124 Li2SO4 + 0.2419 LiCl
NMC811,Al,2.50,0.368883,-0.661657,0,0.8369 Li1Mn0.1Co0.1Ni0.8O2 + 0.1631 Li4.8Al0.2P1S4.4Cl1.6 -> 0.4471 Li + 0.01631 Al2CoO4 + 0.0279 Mn3O4 + 0.2232 Ni3S2 + 0.007488 Co9S8 + 0.1631 Li3PO4 + 0.2112 Li2SO4 + 0.2609 LiCl
NMC811,Al,2.50,0.37066,-0.662927,0,0.8359 Li1Mn0.1Co0.1Ni0.8O2 + 0.1641 Li4.8Al0.2P1S4.4Cl1.6 -> 0.4356 Li + 0.01641 Al2CoO4 + 0.2229 Ni3S2 + 0.007464 Co9S8 + 0.1641 Li3PO4 + 0.2165 Li2SO4 + 0.08359 MnO + 0.2626 LiCl
NMC811,Al,2.50,0.375475,-0.665734,0,0.8331 Li1Mn0.1Co0.1Ni0.8O2 + 0.1669 Li4.8Al0.2P1S4.4Cl1.6 -> 0.434 Li + 0.01669 MnAl2O4 + 0.2221 Ni3S2 + 0.009256 Co9S8 + 0.1669 Li3PO4 + 0.2162 Li2SO4 + 0.06661 MnO + 0.2671 LiCl
NMC811,Al,2.50,0.391667,-0.673384,0,0.8233 Li1Mn0.1Co0.1Ni0.8O2 + 0.1767 Li4.8Al0.2P1S4.4Cl1.6 -> 0.4564 Li + 0.01767 MnAl2O4 + 0.04117 Co2NiS4 + 0.2058 Ni3S2 + 0.1767 Li3PO4 + 0.2011 Li2SO4 + 0.06466 MnO + 0.2827 LiCl
NMC811,Al,2.50,0.395604,-0.675003,0,0.8209 Li1Mn0.1Co0.1Ni0.8O2 + 0.1791 Li4.8Al0.2P1S4.4Cl1.6 -> 0.5582 Li + 0.06418 LiMnPO4 + 0.01791 MnAl2O4 + 0.04104 Co2NiS4 + 0.2052 Ni3S2 + 0.1149 Li3PO4 + 0.2134 Li2SO4 + 0.2866 LiCl
NMC811,Al,2.50,0.414894,-0.68211,0,0.8088 Li1Mn0.1Co0.1Ni0.8O2 + 0.1912 Li4.8Al0.2P1S4.4Cl1.6 -> 0.5824 Li + 0.06176 LiMnPO4 + 0.01912 MnAl2O4 + 0.08088 Co(NiS2)2 + 0.1618 Ni3S2 + 0.1294 Li3PO4 + 0.1941 Li2SO4 + 0.3059 LiCl
NMC811,Al,2.50,0.438776,-0.690176,0,0.7933 Li1Mn0.1Co0.1Ni0.8O2 + 0.2067 Li4.8Al0.2P1S4.4Cl1.6 -> 0.6135 Li + 0.05288 Ni9S8 + 0.05865 LiMnPO4 + 0.02067 MnAl2O4 + 0.07933 Co(NiS2)2 + 0.1481 Li3PO4 + 0.1692 Li2SO4 + 0.3308 LiCl
NMC811,Al,2.50,0.481132,-0.702299,0,0.7639 Li1Mn0.1Co0.1Ni0.8O2 + 0.2361 Li4.8Al0.2P1S4.4Cl1.6 -> 0.6722 Li + 0.05278 LiMnPO4 + 0.02361 MnAl2O4 + 0.07639 Co(NiS2)2 + 0.1528 Ni3S4 + 0.1833 Li3PO4 + 0.1222 Li2SO4 + 0.3778 LiCl
NMC811,Al,2.50,0.5,-0.702061,0,0.75 Li1Mn0.1Co0.1Ni0.8O2 + 0.25 Li4.8Al0.2P1S4.4Cl1.6 -> 0.6 Li + 0.025 MnAl2O4 + 0.075 Co(NiS2)2 + 0.15 Ni3S4 + 0.25 Li3PO4 + 0.1 Li2SO4 + 0.05 MnS2 + 0.4 LiCl
NMC811,Al,2.50,0.509839,-0.701603,0,0.7425 Li1Mn0.1Co0.1Ni0.8O2 + 0.2575 Li4.8Al0.2P1S4.4Cl1.6 -> 0.5973 Li + 0.0103 LiAl5O8 + 0.07425 Co(NiS2)2 + 0.1485 Ni3S4 + 0.2575 Li3PO4 + 0.09322 Li2SO4 + 0.07425 MnS2 + 0.4119 LiCl
NMC811,Al,2.50,0.557351,-0.682876,0,0.7044 Li1Mn0.1Co0.1Ni0.8O2 + 0.2956 Li4.8Al0.2P1S4.4Cl1.6 -> 0.6859 Li + 0.01183 LiAl5O8 + 0.07044 Co(NiS2)2 + 0.4226 NiS2 + 0.2956 Li3PO4 + 0.0329 Li2SO4 + 0.07044 MnS2 + 0.473 LiCl
NMC811,Al,2.50,0.577812,-0.673265,0,0.6867 Li1Mn0.1Co0.1Ni0.8O2 + 0.3133 Li4.8Al0.2P1S4.4Cl1.6 -> 0.7268 Li + 0.01253 LiAl5O8 + 0.5494 NiS2 + 0.06867 CoS2 + 0.3133 Li3PO4 + 0.005013 Li2SO4 + 0.06867 MnS2 + 0.5013 LiCl
NMC811,Al,2.50,0.581395,-0.670567,0,0.6835 Li1Mn0.1Co0.1Ni0.8O2 + 0.3165 Li4.8Al0.2P1S4.4Cl1.6 -> 0.7278 Li + 0.01266 LiAl5O8 + 0.5468 NiS2 + 0.06835 CoS2 + 0.3165 Li3PO4 + 0.06835 MnS2 + 0.5063 LiCl + 0.006329 LiS4
NMC811,Al,2.50,0.6,-0.652401,1,0.6667 Li1Mn0.1Co0.1Ni0.8O2 + 0.3333 Li4.8Al0.2P1S4.4Cl1.6 -> 0.9 Li + 0.06667 AlPO4 + 0.5333 NiS2 + 0.06667 CoS2 + 0.2667 Li3PO4 + 0.06667 MnS2 + 0.5333 LiCl + 0.03333 LiS4
NMC811,Al,2.50,0.882353,-0.260772,1,0.2857 Li1Mn0.1Co0.1Ni0.8O2 + 0.7143 Li4.8Al0.2P1S4.4Cl1.6 -> 2.429 Li + 0.1429 AlPO4 + 0.2857 P2S7 + 0.2286 NiS2 + 0.02857 CoS2 + 0.02857 MnS2 + 1.143 LiCl + 0.1429 LiS4
NMC811,Al,2.50,0.952381,-0.144735,0,0.1304 Li1Mn0.1Co0.1Ni0.8O2 + 0.8696 Li4.8Al0.2P1S4.4Cl1.6 -> 2.783 Li + 0.4348 P2S7 + 0.1043 NiS2 + 0.01304 CoS2 + 0.01304 MnS2 + 0.08696 Al2O3 + 1.391 LiCl + 0.1304 LiS4
NMC811,Al,2.50,1.0,-0.05757,0,Li4.8Al0.2P1S4.4Cl1.6 -> 2.875 Li + 0.2 LiAlS2 + 0.5 P2S7 + 1.6 LiCl + 0.125 LiS4
NMC811,Al,3.50,0.0,-0.003246,0,Li1Mn0.1Co0.1Ni0.8O2 -> 0.4 Li + 0.02 Li4MnCo5O12 + 0.36 Li(NiO2)2 + 0.08 Li2MnO3 + 0.08 NiO
NMC811,Al,3.50,0.070681,-0.441325,0,0.9753 Li1Mn0.1Co0.1Ni0.8O2 + 0.02473 Li4.8Al0.2P1S4.4Cl1.6 -> 0.5236 Li + 0.01951 Li4MnCo5O12 + 0.004945 LiAlO2 + 0.03956 LiClO4 + 0.07802 Li2MnO3 + 0.02473 Li3PO4 + 0.7802 NiO + 0.1088 Li2SO4
NMC811,Al,3.50,0.075521,-0.469893,0,0.9735 Li1Mn0.1Co0.1Ni0.8O2 + 0.02651 Li4.8Al0.2P1S4.4Cl1.6 -> 0.6104 Li + 0.01947 Li4MnCo5O12 + 0.005302 LiAlO2 + 0.02596 Li2Mn3NiO8 + 0.04241 LiClO4 + 0.02651 Li3PO4 + 0.7528 NiO + 0.1166 Li2SO4
NMC811,Al,3.50,0.075718,-0.470928,0,0.9734 Li1Mn0.1Co0.1Ni0.8O2 + 0.02658 Li4.8Al0.2P1S4.4Cl1.6 -> 0.614 Li + 0.01947 Li4MnCo5O12 + 0.001063 LiAl5O8 + 0.02596 Li2Mn3NiO8 + 0.04253 LiClO4 + 0.02658 Li3PO4 + 0.7528 NiO + 0.117 Li2SO4
NMC811,Al,3.50,0.09571,-0.571524,0,0.9659 Li1Mn0.1Co0.1Ni0.8O2 + 0.03408 Li4.8Al0.2P1S4.4Cl1.6 -> 0.5427 Li + 0.01932 Li4MnCo5O12 + 0.001363 LiAl5O8 + 0.02576 Li2Mn3NiO8 + 0.03408 Li3PO4 + 0.747 NiO + 0.1499 Li2SO4 + 0.05452 LiCl
NMC811,Al,3.50,0.098684,-0.586431,0,0.9648 Li1Mn0.1Co0.1Ni0.8O2 + 0.03521 Li4.8Al0.2P1S4.4Cl1.6 -> 0.5834 Li + 0.0193 Li4MnCo5O12 + 0.001408 LiAl5O8 + 0.07718 Mn(Ni3O4)2 + 0.03521 Li3PO4 + 0.3087 NiO + 0.1549 Li2SO4 + 0.05634 LiCl
NMC811,Al,3.50,0.099174,-0.5886,0,0.9646 Li1Mn0.1Co0.1Ni0.8O2 + 0.0354 Li4.8Al0.2P1S4.4Cl1.6 -> 0.5858 Li + 0.01858 Li4MnCo5O12 + 0.00354 Al2CoO4 + 0.07788 Mn(Ni3O4)2 + 0.0354 Li3PO4 + 0.3044 NiO + 0.1558 Li2SO4 + 0.05664 LiCl
NMC811,Al,3.50,0.102564,-0.60175,0,0.9633 Li1Mn0.1Co0.1Ni0.8O2 + 0.0367 Li4.8Al0.2P1S4.4Cl1.6 -> 0.6323 Li + 0.01853 Li4MnCo5O12 + 0.00367 Al2CoO4 + 0.0778 Mn(Ni3O4)2 + 0.02936 NiCl2 + 0.0367 Li3PO4 + 0.2745 NiO + 0.1615 Li2SO4
NMC811,Al,3.50,0.107143,-0.61914,0,0.9615 Li1Mn0.1Co0.1Ni0.8O2 + 0.03846 Li4.8Al0.2P1S4.4Cl1.6 -> 0.6954 Li + 0.03846 LiNiPO4 + 0.01846 Li4MnCo5O12 + 0.003846 Al2CoO4 + 0.07769 Mn(Ni3O4)2 + 0.03077 NiCl2 + 0.2338 NiO + 0.1692 Li2SO4
NMC811,Al,3.50,0.11215,-0.637926,0,0.9596 Li1Mn0.1Co0.1Ni0.8O2 + 0.0404 Li4.8Al0.2P1S4.4Cl1.6 -> 0.7164 Li + 0.0404 LiCoPO4 + 0.0103 Li4MnCo5O12 + 0.00404 Al2CoO4 + 0.08566 Mn(Ni3O4)2 + 0.03232 NiCl2 + 0.2214 NiO + 0.1778 Li2SO4
NMC811,Al,3.50,0.116418,-0.65385,0,0.9579 Li1Mn0.1Co0.1Ni0.8O2 + 0.04207 Li4.8Al0.2P1S4.4Cl1.6 -> 0.7476 Li + 0.04207 LiCoPO4 + 0.004207 Al2CoO4 + 0.09579 Mn(Ni3O4)2 + 0.03366 NiCl2 + 0.1579 NiO + 0.0165 Co3O4 + 0.1851 Li2SO4
NMC811,Al,3.50,0.12,-0.664587,0,0.9565 Li1Mn0.1Co0.1Ni0.8O2 + 0.04348 Li4.8Al0.2P1S4.4Cl1.6 -> 0.7826 Li + 0.02174 Co3(PO4)2 + 0.004348 Al2CoO4 + 0.09565 Mn(Ni3O4)2 + 0.03478 NiCl2 + 0.1565 NiO + 0.008696 Co3O4 + 0.1913 Li2SO4
NMC811,Al,3.50,0.123967,-0.675682,0,0.955 Li1Mn0.1Co0.1Ni0.8O2 + 0.04505 Li4.8Al0.2P1S4.4Cl1.6 -> 0.8216 Li + 0.02252 Co3(PO4)2 + 0.02342 Li2Co(SO4)2 + 0.004505 Al2CoO4 + 0.0955 Mn(Ni3O4)2 + 0.03604 NiCl2 + 0.155 NiO + 0.1514 Li2SO4
NMC811,Al,3.50,0.145161,-0.734824,0,0.9464 Li1Mn0.1Co0.1Ni0.8O2 + 0.05357 Li4.8Al0.2P1S4.4Cl1.6 -> 0.9393 Li + 0.02679 Co3(PO4)2 + 0.09464 Li2Mn(SO4)2 + 0.008929 Li2Co(SO4)2 + 0.005357 Al2CoO4 + 0.04286 NiCl2 + 0.7143 NiO + 0.02857 Li2SO4
NMC811,Al,3.50,0.15,-0.748039,0,0.9444 Li1Mn0.1Co0.1Ni0.8O2 + 0.05556 Li4.8Al0.2P1S4.4Cl1.6 -> 1.011 Li + 0.02778 Co3(PO4)2 + 0.09444 Li2Mn(SO4)2 + 0.005556 Li2Co(SO4)2 + 0.005556 Al2CoO4 + 0.04444 NiSO4 + 0.04444 NiCl2 + 0.6667 NiO
NMC811,Al,3.50,0.150838,-0.750306,0,0.9441 Li1Mn0.1Co0.1Ni0.8O2 + 0.0559 Li4.8Al0.2P1S4.4Cl1.6 -> 1.024 Li + 0.02795 Co3(PO4)2 + 0.09441 Li2Mn(SO4)2 + 0.00559 Al2CoO4 + 0.05217 NiSO4 + 0.04472 NiCl2 + 0.004969 CoSO4 + 0.6584 NiO
NMC811,Al,3.50,0.157895,-0.768562,0,0.9412 Li1Mn0.1Co0.1Ni0.8O2 + 0.05882 Li4.8Al0.2P1S4.4Cl1.6 -> 1.129 Li + 0.02941 Co3(PO4)2 + 0.04706 Li2Mn(SO4)2 + 0.005882 Al2CoO4 + 0.1176 NiSO4 + 0.04706 NiCl2 + 0.04706 MnSO4 + 0.5882 NiO
NMC811,Al,3.50,0.164835,-0.78651,0,0.9383 Li1Mn0.1Co0.1Ni0.8O2 + 0.06173 Li4.8Al0.2P1S4.4Cl1.6 -> 1.235 Li + 0.02922 Co3(PO4)2 + 0.006173 Al2CoO4 + 0.1778 NiSO4 + 0.04938 NiCl2 + 0.001646 Ni3(PO4)2 + 0.09383 MnSO4 + 0.5185 NiO
NMC811,Al,3.50,0.281955,-0.8934,0,0.8843 Li1Mn0.1Co0.1Ni0.8O2 + 0.1157 Li4.8Al0.2P1S4.4Cl1.6 -> 1.44 Li + 0.02562 Co3(PO4)2 + 0.01157 Al2CoO4 + 0.2264 NiSO4 + 0.09722 Ni3S2 + 0.09259 NiCl2 + 0.03225 Ni3(PO4)2 + 0.08843 MnSO4
NMC811,Al,3.50,0.291829,-0.901763,1,0.8792 Li1Mn0.1Co0.1Ni0.8O2 + 0.1208 Li4.8Al0.2P1S4.4Cl1.6 -> 1.459 Li + 0.02931 Co3(PO4)2 + 0.2309 NiSO4 + 0.1063 Ni3S2 + 0.09662 NiCl2 + 0.019 Ni3(PO4)2 + 0.02415 AlPO4 + 0.08792 MnSO4
NMC811,Al,3.50,0.315789,-0.920898,1,0.8667 Li1Mn0.1Co0.1Ni0.8O2 + 0.1333 Li4.8Al0.2P1S4.4Cl1.6 -> 1.507 Li + 0.2133 NiSO4 + 0.05667 Ni3S2 + 0.1067 NiCl2 + 0.05333 Ni3(PO4)2 + 0.02667 AlPO4 + 0.08667 MnSO4 + 0.04333 Co2NiS4
NMC811,Al,3.50,0.338182,-0.937783,1,0.8545 Li1Mn0.1Co0.1Ni0.8O2 + 0.1455 Li4.8Al0.2P1S4.4Cl1.6 -> 1.553 Li + 0.08545 Co(NiS2)2 + 0.1962 NiSO4 + 0.008451 Ni3S2 + 0.1164 NiCl2 + 0.05822 Ni3(PO4)2 + 0.02911 AlPO4 + 0.08545 MnSO4
NMC811,Al,3.50,0.339557,-0.93878,1,0.8537 Li1Mn0.1Co0.1Ni0.8O2 + 0.1463 Li4.8Al0.2P1S4.4Cl1.6 -> 1.556 Li + 0.002715 Ni9S8 + 0.08537 Co(NiS2)2 + 0.1952 NiSO4 + 0.117 NiCl2 + 0.05852 Ni3(PO4)2 + 0.02926 AlPO4 + 0.08537 MnSO4
NMC811,Al,3.50,0.34202,-0.940437,1,0.8523 Li1Mn0.1Co0.1Ni0.8O2 + 0.1477 Li4.8Al0.2P1S4.4Cl1.6 -> 1.561 Li + 0.08523 Co(NiS2)2 + 0.1932 NiSO4 + 0.1181 NiCl2 + 0.05907 Ni3(PO4)2 + 0.02954 AlPO4 + 0.08523 MnSO4 + 0.007595 Ni3S4
NMC811,Al,3.50,0.359589,-0.946886,1,0.8423 Li1Mn0.1Co0.1Ni0.8O2 + 0.1577 Li4.8Al0.2P1S4.4Cl1.6 -> 1.599 Li + 0.06306 Ni2P2O7 + 0.08423 Co(NiS2)2 + 0.195 NiSO4 + 0.1261 NiCl2 + 0.03153 AlPO4 + 0.08423 MnSO4 + 0.01937 Ni3S4
NMC811,Al,3.50,0.379061,-0.952158,1,0.8309 Li1Mn0.1Co0.1Ni0.8O2 + 0.1691 Li4.8Al0.2P1S4.4Cl1.6 -> 1.643 Li + 0.08309 Co(NiS2)2 + 0.1971 NiSO4 + 0.1353 NiCl2 + 0.06763 Ni(PO3)2 + 0.03382 AlPO4 + 0.08309 MnSO4 + 0.03285 Ni3S4
NMC811,Al,3.50,0.38961,-0.953652,1,0.8246 Li1Mn0.1Co0.1Ni0.8O2 + 0.1754 Li4.8Al0.2P1S4.4Cl1.6 -> 1.667 Li + 0.08246 Co(NiS2)2 + 0.1982 NiSO4 + 0.1404 NiCl2 + 0.03509 Ni(PO3)2 + 0.03509 Al(PO3)3 + 0.08246 MnSO4 + 0.04035 Ni3S4
NMC811,Al,3.50,0.415631,-0.956965,1,0.8084 Li1Mn0.1Co0.1Ni0.8O2 + 0.1916 Li4.8Al0.2P1S4.4Cl1.6 -> 1.567 Li + 0.08084 Li2Mn(SO4)2 + 0.08084 Co(NiS2)2 + 0.09877 NiSO4 + 0.1533 NiCl2 + 0.03833 Ni(PO3)2 + 0.03833 Al(PO3)3 + 0.06486 Ni3S4
NMC811,Al,3.50,0.44335,-0.959423,1,0.7902 Li1Mn0.1Co0.1Ni0.8O2 + 0.2098 Li4.8Al0.2P1S4.4Cl1.6 -> 1.639 Li + 0.07902 Li2Mn(SO4)2 + 0.07902 Co(NiS2)2 + 0.07972 NiSO4 + 0.1846 NiS2 + 0.1678 NiCl2 + 0.04196 Ni(PO3)2 + 0.04196 Al(PO3)3
NMC811,Al,3.50,0.468401,-0.961221,1,0.773 Li1Mn0.1Co0.1Ni0.8O2 + 0.227 Li4.8Al0.2P1S4.4Cl1.6 -> 1.585 Li + 0.0773 Li2Mn(SO4)2 + 0.0773 Co(NiS2)2 + 0.2368 NiS2 + 0.1816 NiCl2 + 0.04541 Ni(PO3)2 + 0.04541 Al(PO3)3 + 0.06162 Li2SO4
NMC811,Al,3.50,0.491103,-0.961729,1,0.7566 Li1Mn0.1Co0.1Ni0.8O2 + 0.2434 Li4.8Al0.2P1S4.4Cl1.6 -> 1.685 Li + 0.07566 Li2Mn(SO4)2 + 0.3619 NiS2 + 0.1947 NiCl2 + 0.04868 Ni(PO3)2 + 0.07566 CoS2 + 0.04868 Al(PO3)3 + 0.04444 Li2SO4
NMC811,Al,3.50,0.505495,-0.961067,1,0.7459 Li1Mn0.1Co0.1Ni0.8O2 + 0.2541 Li4.8Al0.2P1S4.4Cl1.6 -> 1.649 Li + 0.02376 Li2Mn(SO4)2 + 0.3934 NiS2 + 0.2033 NiCl2 + 0.07459 CoS2 + 0.05083 Al(PO3)3 + 0.1348 Li2SO4 + 0.05083 Mn(PO3)2
NMC811,Al,3.50,0.6,-0.934918,1,0.6667 Li1Mn0.1Co0.1Ni0.8O2 + 0.3333 Li4.8Al0.2P1S4.4Cl1.6 -> 2.1 Li + 0.4458 NiS2 + 0.0875 NiCl2 + 0.06667 CoS2 + 0.3583 SCl + 0.06667 Al(PO3)3 + 0.08333 Li2SO4 + 0.06667 Mn(PO3)2
NMC811,Al,3.50,0.660287,-0.917005,1,0.6068 Li1Mn0.1Co0.1Ni0.8O2 + 0.3932 Li4.8Al0.2P1S4.4Cl1.6 -> 2.441 Li + 0.0359 LiMn(PO3)3 + 0.4855 NiS2 + 0.06068 CoS2 + 0.6291 SCl + 0.07863 Al(PO3)3 + 0.008547 Li2SO4 + 0.02479 Mn(PO3)2
NMC811,Al,3.50,0.666667,-0.913878,1,0.6 Li1Mn0.1Co0.1Ni0.8O2 + 0.4 Li4.8Al0.2P1S4.4Cl1.6 -> 2.48 Li + 0.04 LiMn(PO3)3 + 0.48 NiS2 + 0.06 CoS2 + 0.64 SCl + 0.08 Al(PO3)3 + 0.02 Mn(PO3)2 + 0.04 S
NMC811,Al,3.50,0.670588,-0.911023,1,0.5957 Li1Mn0.1Co0.1Ni0.8O2 + 0.4043 Li4.8Al0.2P1S4.4Cl1.6 -> 2.536 Li + 0.4766 NiS2 + 0.02128 MnP4O11 + 0.05957 CoS2 + 0.6468 SCl + 0.08085 Al(PO3)3 + 0.0383 Mn(PO3)2 + 0.05957 S
NMC811,Al,3.50,0.697297,-0.888939,1,0.5657 Li1Mn0.1Co0.1Ni0.8O2 + 0.4343 Li4.8Al0.2P1S4.4Cl1.6 -> 2.651 Li + 0.4525 NiS2 + 0.02828 P2S7 + 0.00202 MnP4O11 + 0.05657 CoS2 + 0.6949 SCl + 0.08687 Al(PO3)3 + 0.05455 Mn(PO3)2
NMC811,Al,3.50,0.7,-0.886609,1,0.5625 Li1Mn0.1Co0.1Ni0.8O2 + 0.4375 Li4.8Al0.2P1S4.4Cl1.6 -> 2.663 Li + 0.0007353 PCl5 + 0.45 NiS2 + 0.03088 P2S7 + 0.05625 CoS2 + 0.6963 SCl + 0.0875 Al(PO3)3 + 0.05625 Mn(PO3)2
NMC811,Al,3.50,0.769231,-0.821879,1,0.4737 Li1Mn0.1Co0.1Ni0.8O2 + 0.5263 Li4.8Al0.2P1S4.4Cl1.6 -> 3 Li + 0.002477 PCl5 + 0.3789 NiS2 + 0.104 P2S7 + 0.04737 CoS2 + 0.735 SCl + 0.1053 Al(PO3)3 + 0.04737 MnCl2
NMC811,Al,3.50,0.882353,-0.703946,1,0.2857 Li1Mn0.1Co0.1Ni0.8O2 + 0.7143 Li4.8Al0.2P1S4.4Cl1.6 -> 3.714 Li + 0.05378 PCl5 + 0.2286 NiS2 + 0.2588 P2S7 + 0.02857 CoS2 + 0.8168 SCl + 0.1429 AlPO4 + 0.02857 MnCl2
NMC811,Al,3.50,0.944751,-0.635111,1,0.1493 Li1Mn0.1Co0.1Ni0.8O2 + 0.8507 Li4.8Al0.2P1S4.4Cl1.6 -> 4.233 Li + 0.09552 AlSCl7 + 0.1194 NiS2 + 0.3881 P2S7 + 0.01493 CoS2 + 0.6627 SCl + 0.07463 AlPO4 + 0.01493 MnCl2
NMC811,Al,3.50,0.982301,-0.591638,1,0.05128 Li1Mn0.1Co0.1Ni0.8O2 + 0.9487 Li4.8Al0.2P1S4.4Cl1.6 -> 4.441 Li + 0.1641 LiAlCl4 + 0.04103 NiS2 + 0.4615 P2S7 + 0.005128 CoS2 + 0.8513 SCl + 0.02564 AlPO4 + 0.005128 MnCl2
NMC811,Al,3.50,0.985401,-0.587961,1,0.04255 Li1Mn0.1Co0.1Ni0.8O2 + 0.9574 Li4.8Al0.2P1S4.4Cl1.6 -> 4.468 Li + 0.1702 LiAlCl4 + 0.03404 NiS2 + 0.4681 P2S7 + 0.004255 CoS2 + 0.004255 MnS2 + 0.8511 SCl + 0.02128 AlPO4
NMC811,Al,3.50,1.0,-0.570299,0,Li4.8Al0.2P1S4.4Cl1.6 -> 4.6 Li + 0.2 LiAlCl4 + 0.5 P2S7 + 0.8 SCl + 0.1 S
NMC811,Al,4.30,0.0,-0.232711,0,Li1Mn0.1Co0.1Ni0.8O2 -> Li + 0.1 Co(NiO2)2 + 0.1 Mn(Ni3O4)2 + 0.4 O2
NMC811,Al,4.30,0.044776,-0.486057,1,0.9846 Li1Mn0.1Co0.1Ni0.8O2 + 0.01538 Li4.8Al0.2P1S4.4Cl1.6 -> 1.058 Li + 0.09846 CoNiO3 + 0.09846 Mn(Ni3O4)2 + 0.006154 Ni3(PO4)2 + 0.01231 Ni(ClO4)2 + 0.003077 AlPO4 + 0.06769 NiSO4 + 0.2277 O2
NMC811,Al,4.30,0.050847,-0.520741,1,0.9825 Li1Mn0.1Co0.1Ni0.8O2 + 0.01754 Li4.8Al0.2P1S4.4Cl1.6 -> 1.039 Li + 0.09825 CoNiO3 + 0.09825 Mn(Ni3O4)2 + 0.007018 Ni3(PO4)2 + 0.02807 LiClO4 + 0.003509 AlPO4 + 0.07719 NiSO4 + 0.1965 O2
NMC811,Al,4.30,0.096774,-0.785377,1,0.9655 Li1Mn0.1Co0.1Ni0.8O2 + 0.03448 Li4.8Al0.2P1S4.4Cl1.6 -> 1.076 Li + 0.09655 CoNiO3 + 0.07724 Mn(Ni3O4)2 + 0.01379 Ni3(PO4)2 + 0.01931 MnNiO3 + 0.05517 LiClO4 + 0.006897 AlPO4 + 0.1517 NiSO4
NMC811,Al,4.30,0.1,-0.803999,1,0.9643 Li1Mn0.1Co0.1Ni0.8O2 + 0.03571 Li4.8Al0.2P1S4.4Cl1.6 -> 1.136 Li + 0.09643 CoNiO3 + 0.07 Mn(Ni3O4)2 + 0.01429 Ni3(PO4)2 + 0.02857 Ni(ClO4)2 + 0.02643 MnNiO3 + 0.007143 AlPO4 + 0.1571 NiSO4
NMC811,Al,4.30,0.106796,-0.838319,1,0.9617 Li1Mn0.1Co0.1Ni0.8O2 + 0.03833 Li4.8Al0.2P1S4.4Cl1.6 -> 1.146 Li + 0.08557 Mn(Ni3O4)2 + 0.004181 Co23O32 + 0.01533 Ni3(PO4)2 + 0.03066 Ni(ClO4)2 + 0.01059 MnNiO3 + 0.007666 AlPO4 + 0.1686 NiSO4
NMC811,Al,4.30,0.145232,-1.027002,1,0.9464 Li1Mn0.1Co0.1Ni0.8O2 + 0.0536 Li4.8Al0.2P1S4.4Cl1.6 -> 1.204 Li + 0.06389 Mn(Ni3O4)2 + 0.004115 Co23O32 + 0.02144 Ni3(PO4)2 + 0.03075 MnNiO3 + 0.04288 NiCl2 + 0.01072 AlPO4 + 0.2358 NiSO4
NMC811,Al,4.30,0.146067,-1.030766,1,0.9461 Li1Mn0.1Co0.1Ni0.8O2 + 0.05394 Li4.8Al0.2P1S4.4Cl1.6 -> 1.205 Li + 0.0634 Mn(Ni3O4)2 + 0.02158 Ni3(PO4)2 + 0.0312 MnNiO3 + 0.04315 NiCl2 + 0.01079 AlPO4 + 0.03154 Co3O4 + 0.2373 NiSO4
NMC811,Al,4.30,0.146341,-1.031971,0,0.9459 Li1Mn0.1Co0.1Ni0.8O2 + 0.05405 Li4.8Al0.2P1S4.4Cl1.6 -> 1.205 Li + 0.06 Mn(Ni3O4)2 + 0.005405 Al2CoO4 + 0.02703 Ni3(PO4)2 + 0.03459 MnNiO3 + 0.04324 NiCl2 + 0.02973 Co3O4 + 0.2378 NiSO4
NMC811,Al,4.30,0.14941,-1.042793,0,0.9447 Li1Mn0.1Co0.1Ni0.8O2 + 0.05531 Li4.8Al0.2P1S4.4Cl1.6 -> 1.21 Li + 0.06419 Mn(Ni3O4)2 + 0.005531 Al2CoO4 + 0.01514 Mn2CoO4 + 0.02766 Ni3(PO4)2 + 0.04425 NiCl2 + 0.0246 Co3O4 + 0.2434 NiSO4
NMC811,Al,4.30,0.15222,-1.052705,0,0.9435 Li1Mn0.1Co0.1Ni0.8O2 + 0.05647 Li4.8Al0.2P1S4.4Cl1.6 -> 1.215 Li + 0.02651 Co3(PO4)2 + 0.076 Mn(Ni3O4)2 + 0.005647 Al2CoO4 + 0.009176 Mn2CoO4 + 0.001725 Ni3(PO4)2 + 0.04518 NiCl2 + 0.2485 NiSO4
NMC811,Al,4.30,0.152727,-1.054186,0,0.9433 Li1Mn0.1Co0.1Ni0.8O2 + 0.05668 Li4.8Al0.2P1S4.4Cl1.6 -> 1.215 Li + 0.02834 Co3(PO4)2 + 0.07814 Mn(Ni3O4)2 + 0.005668 Al2CoO4 + 0.003644 Mn2CoO4 + 0.008907 MnSO4 + 0.04534 NiCl2 + 0.2405 NiSO4
NMC811,Al,4.30,0.157895,-1.069254,0,0.9412 Li1Mn0.1Co0.1Ni0.8O2 + 0.05882 Li4.8Al0.2P1S4.4Cl1.6 -> 1.224 Li + 0.02941 Co3(PO4)2 + 0.04706 Mn(Ni3O4)2 + 0.005882 Al2CoO4 + 0.04706 MnSO4 + 0.04706 NiCl2 + 0.2118 NiO + 0.2118 NiSO4
NMC811,Al,4.30,0.164835,-1.08954,0,0.9383 Li1Mn0.1Co0.1Ni0.8O2 + 0.06173 Li4.8Al0.2P1S4.4Cl1.6 -> 1.235 Li + 0.02922 Co3(PO4)2 + 0.006173 Al2CoO4 + 0.001646 Ni3(PO4)2 + 0.09383 MnSO4 + 0.04938 NiCl2 + 0.5185 NiO + 0.1778 NiSO4
NMC811,Al,4.30,0.281955,-1.223811,0,0.8843 Li1Mn0.1Co0.1Ni0.8O2 + 0.1157 Li4.8Al0.2P1S4.4Cl1.6 -> 1.44 Li + 0.02562 Co3(PO4)2 + 0.01157 Al2CoO4 + 0.03225 Ni3(PO4)2 + 0.09722 Ni3S2 + 0.08843 MnSO4 + 0.09259 NiCl2 + 0.2264 NiSO4
NMC811,Al,4.30,0.291829,-1.234546,1,0.8792 Li1Mn0.1Co0.1Ni0.8O2 + 0.1208 Li4.8Al0.2P1S4.4Cl1.6 -> 1.459 Li + 0.02931 Co3(PO4)2 + 0.019 Ni3(PO4)2 + 0.1063 Ni3S2 + 0.08792 MnSO4 + 0.09662 NiCl2 + 0.02415 AlPO4 + 0.2309 NiSO4
NMC811,Al,4.30,0.315789,-1.259475,1,0.8667 Li1Mn0.1Co0.1Ni0.8O2 + 0.1333 Li4.8Al0.2P1S4.4Cl1.6 -> 1.507 Li + 0.05333 Ni3(PO4)2 + 0.05667 Ni3S2 + 0.08667 MnSO4 + 0.1067 NiCl2 + 0.02667 AlPO4 + 0.04333 Co2NiS4 + 0.2133 NiSO4
NMC811,Al,4.30,0.338182,-1.281829,1,0.8545 Li1Mn0.1Co0.1Ni0.8O2 + 0.1455 Li4.8Al0.2P1S4.4Cl1.6 -> 1.553 Li + 0.05822 Ni3(PO4)2 + 0.008451 Ni3S2 + 0.08545 MnSO4 + 0.08545 Co(NiS2)2 + 0.1164 NiCl2 + 0.02911 AlPO4 + 0.1962 NiSO4
NMC811,Al,4.30,0.339557,-1.283163,1,0.8537 Li1Mn0.1Co0.1Ni0.8O2 + 0.1463 Li4.8Al0.2P1S4.4Cl1.6 -> 1.556 Li + 0.05852 Ni3(PO4)2 + 0.08537 MnSO4 + 0.08537 Co(NiS2)2 + 0.117 NiCl2 + 0.002715 Ni9S8 + 0.02926 AlPO4 + 0.1952 NiSO4
NMC811,Al,4.30,0.34202,-1.285425,1,0.8523 Li1Mn0.1Co0.1Ni0.8O2 + 0.1477 Li4.8Al0.2P1S4.4Cl1.6 -> 1.561 Li + 0.05907 Ni3(PO4)2 + 0.08523 MnSO4 + 0.08523 Co(NiS2)2 + 0.1181 NiCl2 + 0.02954 AlPO4 + 0.007595 Ni3S4 + 0.1932 NiSO4
NMC811,Al,4.30,0.359589,-1.296209,1,0.8423 Li1Mn0.1Co0.1Ni0.8O2 + 0.1577 Li4.8Al0.2P1S4.4Cl1.6 -> 1.599 Li + 0.06306 Ni2P2O7 + 0.08423 MnSO4 + 0.08423 Co(NiS2)2 + 0.1261 NiCl2 + 0.03153 AlPO4 + 0.01937 Ni3S4 + 0.195 NiSO4
NMC811,Al,4.30,0.379061,-1.306324,1,0.8309 Li1Mn0.1Co0.1Ni0.8O2 + 0.1691 Li4.8Al0.2P1S4.4Cl1.6 -> 1.643 Li + 0.06763 Ni(PO3)2 + 0.08309 MnSO4 + 0.08309 Co(NiS2)2 + 0.1353 NiCl2 + 0.03382 AlPO4 + 0.03285 Ni3S4 + 0.1971 NiSO4
NMC811,Al,4.30,0.38961,-1.31046,1,0.8246 Li1Mn0.1Co0.1Ni0.8O2 + 0.1754 Li4.8Al0.2P1S4.4Cl1.6 -> 1.667 Li + 0.03509 Ni(PO3)2 + 0.03509 Al(PO3)3 + 0.08246 MnSO4 + 0.08246 Co(NiS2)2 + 0.1404 NiCl2 + 0.04035 Ni3S4 + 0.1982 NiSO4
NMC811,Al,4.30,0.408377,-1.316857,1,0.8129 Li1Mn0.1Co0.1Ni0.8O2 + 0.1871 Li4.8Al0.2P1S4.4Cl1.6 -> 1.711 Li + 0.03741 Ni(PO3)2 + 0.03741 Al(PO3)3 + 0.1158 NiS2 + 0.08129 MnSO4 + 0.08129 Co(NiS2)2 + 0.1496 NiCl2 + 0.1849 NiSO4
NMC811,Al,4.30,0.44335,-1.327101,1,0.7902 Li1Mn0.1Co0.1Ni0.8O2 + 0.2098 Li4.8Al0.2P1S4.4Cl1.6 -> 1.797 Li + 0.04196 Ni(PO3)2 + 0.04196 Al(PO3)3 + 0.2636 NiS2 + 0.07902 MnSO4 + 0.1678 NiCl2 + 0.07902 CoS2 + 0.1587 NiSO4
NMC811,Al,4.30,0.50625,-1.338049,1,0.7453 Li1Mn0.1Co0.1Ni0.8O2 + 0.2547 Li4.8Al0.2P1S4.4Cl1.6 -> 1.968 Li + 0.05094 Ni(PO3)2 + 0.05094 Al(PO3)3 + 0.3415 NiS2 + 0.07453 MnSO4 + 0.2038 NiCl2 + 0.07453 CoS2 + 0.2142 SO2
NMC811,Al,4.30,0.525974,-1.34071,1,0.73 Li1Mn0.1Co0.1Ni0.8O2 + 0.27 Li4.8Al0.2P1S4.4Cl1.6 -> 2.026 Li + 0.054 Al(PO3)3 + 0.368 NiS2 + 0.019 MnSO4 + 0.216 NiCl2 + 0.073 CoS2 + 0.287 SO2 + 0.054 Mn(PO3)2
NMC811,Al,4.30,0.6,-1.343492,1,0.6667 Li1Mn0.1Co0.1Ni0.8O2 + 0.3333 Li4.8Al0.2P1S4.4Cl1.6 -> 2.267 Li + 0.06667 Al(PO3)3 + 0.425 NiS2 + 0.1083 NiCl2 + 0.06667 CoS2 + 0.3167 SCl + 0.1667 SO2 + 0.06667 Mn(PO3)2
NMC811,Al,4.30,0.656934,-1.345133,1,0.6104 Li1Mn0.1Co0.1Ni0.8O2 + 0.3896 Li4.8Al0.2P1S4.4Cl1.6 -> 2.481 Li + 0.01688 Ni(PO3)2 + 0.07792 Al(PO3)3 + 0.4714 NiS2 + 0.06104 CoS2 + 0.6234 SCl + 0.02597 SO2 + 0.06104 Mn(PO3)2
NMC811,Al,4.30,0.662651,-1.344554,1,0.6043 Li1Mn0.1Co0.1Ni0.8O2 + 0.3957 Li4.8Al0.2P1S4.4Cl1.6 -> 2.504 Li + 0.01871 MnP4O11 + 0.07914 Al(PO3)3 + 0.4835 NiS2 + 0.06043 CoS2 + 0.6331 SCl + 0.02014 SO2 + 0.04173 Mn(PO3)2
NMC811,Al,4.30,0.670588,-1.342907,1,0.5957 Li1Mn0.1Co0.1Ni0.8O2 + 0.4043 Li4.8Al0.2P1S4.4Cl1.6 -> 2.536 Li + 0.02128 MnP4O11 + 0.08085 Al(PO3)3 + 0.4766 NiS2 + 0.05957 CoS2 + 0.6468 SCl + 0.0383 Mn(PO3)2 + 0.05957 S
NMC811,Al,4.30,0.697297,-1.32847,1,0.5657 Li1Mn0.1Co0.1Ni0.8O2 + 0.4343 Li4.8Al0.2P1S4.4Cl1.6 -> 2.651 Li + 0.00202 MnP4O11 + 0.08687 Al(PO3)3 + 0.4525 NiS2 + 0.02828 P2S7 + 0.05657 CoS2 + 0.6949 SCl + 0.05455 Mn(PO3)2
NMC811,Al,4.30,0.7,-1.326919,1,0.5625 Li1Mn0.1Co0.1Ni0.8O2 + 0.4375 Li4.8Al0.2P1S4.4Cl1.6 -> 2.662 Li + 0.0875 Al(PO3)3 + 0.45 NiS2 + 0.03088 P2S7 + 0.05625 CoS2 + 0.6963 SCl + 0.0007353 PCl5 + 0.05625 Mn(PO3)2
NMC811,Al,4.30,0.769231,-1.282485,1,0.4737 Li1Mn0.1Co0.1Ni0.8O2 + 0.5263 Li4.8Al0.2P1S4.4Cl1.6 -> 3 Li + 0.1053 Al(PO3)3 + 0.3789 NiS2 + 0.104 P2S7 + 0.04737 CoS2 + 0.735 SCl + 0.002477 PCl5 + 0.04737 MnCl2
NMC811,Al,4.30,0.882353,-1.199184,1,0.2857 Li1Mn0.1Co0.1Ni0.8O2 + 0.7143 Li4.8Al0.2P1S4.4Cl1.6 -> 3.714 Li + 0.2286 NiS2 + 0.2588 P2S7 + 0.1429 AlPO4 + 0.02857 CoS2 + 0.8168 SCl + 0.05378 PCl5 + 0.02857 MnCl2
NMC811,Al,4.30,0.944751,-1.150279,1,0.1493 Li1Mn0.1Co0.1Ni0.8O2 + 0.8507 Li4.8Al0.2P1S4.4Cl1.6 -> 4.233 Li + 0.09552 AlSCl7 + 0.1194 NiS2 + 0.3881 P2S7 + 0.07463 AlPO4 + 0.01493 CoS2 + 0.6627 SCl + 0.01493 MnCl2
NMC811,Al,4.30,0.95122,-1.144782,1,0.1333 Li1Mn0.1Co0.1Ni0.8O2 + 0.8667 Li4.8Al0.2P1S4.4Cl1.6 -> 4.293 Li + 0.1067 AlSCl7 + 0.1067 NiS2 + 0.4 P2S7 + 0.06667 AlPO4 + 0.01333 CoS2 + 0.64 SCl + 0.01333 MnS2
NMC811,Al,4.30,1.0,-1.102692,0,Li4.8Al0.2P1S4.4Cl1.6 -> 4.8 Li + 0.03333 AlSCl7 + 0.5 P2S7 + 0.8667 SCl + 0.1667 AlCl3
NMC811,Al,4.50,0.0,-0.299378,0,Li1Mn0.1Co0.1Ni0.8O2 -> Li + 0.1 Co(NiO2)2 + 0.1 Mn(Ni3O4)2 + 0.4 O2
NMC811,Al,4.50,0.044776,-0.555133,1,0.9846 Li1Mn0.1Co0.1Ni0.8O2 + 0.01538 Li4.8Al0.2P1S4.4Cl1.6 -> 1.058 Li + 0.09846 CoNiO3 + 0.006154 Ni3(PO4)2 + 0.09846 Mn(Ni3O4)2 + 0.01231 Ni(ClO4)2 + 0.003077 AlPO4 + 0.06769 NiSO4 + 0.2277 O2
NMC811,Al,4.50,0.1,-0.876107,1,0.9643 Li1Mn0.1Co0.1Ni0.8O2 + 0.03571 Li4.8Al0.2P1S4.4Cl1.6 -> 1.136 Li + 0.09643 CoNiO3 + 0.01429 Ni3(PO4)2 + 0.07 Mn(Ni3O4)2 + 0.02643 MnNiO3 + 0.02857 Ni(ClO4)2 + 0.007143 AlPO4 + 0.1571 NiSO4
NMC811,Al,4.50,0.106796,-0.910806,1,0.9617 Li1Mn0.1Co0.1Ni0.8O2 + 0.03833 Li4.8Al0.2P1S4.4Cl1.6 -> 1.146 Li + 0.01533 Ni3(PO4)2 + 0.08557 Mn(Ni3O4)2 + 0.01059 MnNiO3 + 0.004181 Co23O32 + 0.03066 Ni(ClO4)2 + 0.007666 AlPO4 + 0.1686 NiSO4
NMC811,Al,4.50,0.145232,-1.101646,1,0.9464 Li1Mn0.1Co0.1Ni0.8O2 + 0.0536 Li4.8Al0.2P1S4.4Cl1.6 -> 1.204 Li + 0.02144 Ni3(PO4)2 + 0.06389 Mn(Ni3O4)2 + 0.03075 MnNiO3 + 0.004115 Co23O32 + 0.04288 NiCl2 + 0.01072 AlPO4 + 0.2358 NiSO4
NMC811,Al,4.50,0.146067,-1.105457,1,0.9461 Li1Mn0.1Co0.1Ni0.8O2 + 0.05394 Li4.8Al0.2P1S4.4Cl1.6 -> 1.205 Li + 0.02158 Ni3(PO4)2 + 0.0634 Mn(Ni3O4)2 + 0.0312 MnNiO3 + 0.04315 NiCl2 + 0.01079 AlPO4 + 0.03154 Co3O4 + 0.2373 NiSO4
NMC811,Al,4.50,0.146341,-1.106678,0,0.9459 Li1Mn0.1Co0.1Ni0.8O2 + 0.05405 Li4.8Al0.2P1S4.4Cl1.6 -> 1.205 Li + 0.02703 Ni3(PO4)2 + 0.06 Mn(Ni3O4)2 + 0.03459 MnNiO3 + 0.005405 Al2CoO4 + 0.04324 NiCl2 + 0.02973 Co3O4 + 0.2378 NiSO4
NMC811,Al,4.50,0.14941,-1.117674,0,0.9447 Li1Mn0.1Co0.1Ni0.8O2 + 0.05531 Li4.8Al0.2P1S4.4Cl1.6 -> 1.21 Li + 0.01514 Mn2CoO4 + 0.02766 Ni3(PO4)2 + 0.06419 Mn(Ni3O4)2 + 0.005531 Al2CoO4 + 0.04425 NiCl2 + 0.0246 Co3O4 + 0.2434 NiSO4
NMC811,Al,4.50,0.15222,-1.127745,0,0.9435 Li1Mn0.1Co0.1Ni0.8O2 + 0.05647 Li4.8Al0.2P1S4.4Cl1.6 -> 1.215 Li + 0.009176 Mn2CoO4 + 0.001725 Ni3(PO4)2 + 0.076 Mn(Ni3O4)2 + 0.02651 Co3(PO4)2 + 0.005647 Al2CoO4 + 0.04518 NiCl2 + 0.2485 NiSO4
NMC811,Al,4.50,0.152727,-1.129255,0,0.9433 Li1Mn0.1Co0.1Ni0.8O2 + 0.05668 Li4.8Al0.2P1S4.4Cl1.6 -> 1.215 Li + 0.003644 Mn2CoO4 + 0.07814 Mn(Ni3O4)2 + 0.02834 Co3(PO4)2 + 0.005668 Al2CoO4 + 0.008907 MnSO4 + 0.04534 NiCl2 + 0.2405 NiSO4
NMC811,Al,4.50,0.157895,-1.144616,0,0.9412 Li1Mn0.1Co0.1Ni0.8O2 + 0.05882 Li4.8Al0.2P1S4.4Cl1.6 -> 1.224 Li + 0.04706 Mn(Ni3O4)2 + 0.02941 Co3(PO4)2 + 0.005882 Al2CoO4 + 0.04706 MnSO4 + 0.04706 NiCl2 + 0.2118 NiO + 0.2118 NiSO4
NMC811,Al,4.50,0.164835,-1.165298,0,0.9383 Li1Mn0.1Co0.1Ni0.8O2 + 0.06173 Li4.8Al0.2P1S4.4Cl1.6 -> 1.235 Li + 0.001646 Ni3(PO4)2 + 0.02922 Co3(PO4)2 + 0.006173 Al2CoO4 + 0.09383 MnSO4 + 0.04938 NiCl2 + 0.5185 NiO + 0.1778 NiSO4
NMC811,Al,4.50,0.281955,-1.306414,0,0.8843 Li1Mn0.1Co0.1Ni0.8O2 + 0.1157 Li4.8Al0.2P1S4.4Cl1.6 -> 1.44 Li + 0.03225 Ni3(PO4)2 + 0.02562 Co3(PO4)2 + 0.01157 Al2CoO4 + 0.09722 Ni3S2 + 0.08843 MnSO4 + 0.09259 NiCl2 + 0.2264 NiSO4
NMC811,Al,4.50,0.291829,-1.317741,1,0.8792 Li1Mn0.1Co0.1Ni0.8O2 + 0.1208 Li4.8Al0.2P1S4.4Cl1.6 -> 1.459 Li + 0.019 Ni3(PO4)2 + 0.02931 Co3(PO4)2 + 0.1063 Ni3S2 + 0.08792 MnSO4 + 0.09662 NiCl2 + 0.02415 AlPO4 + 0.2309 NiSO4
NMC811,Al,4.50,0.315789,-1.344119,1,0.8667 Li1Mn0.1Co0.1Ni0.8O2 + 0.1333 Li4.8Al0.2P1S4.4Cl1.6 -> 1.507 Li + 0.05333 Ni3(PO4)2 + 0.05667 Ni3S2 + 0.08667 MnSO4 + 0.1067 NiCl2 + 0.02667 AlPO4 + 0.04333 Co2NiS4 + 0.2133 NiSO4
NMC811,Al,4.50,0.338182,-1.36784,1,0.8545 Li1Mn0.1Co0.1Ni0.8O2 + 0.1455 Li4.8Al0.2P1S4.4Cl1.6 -> 1.553 Li + 0.05822 Ni3(PO4)2 + 0.008451 Ni3S2 + 0.08545 MnSO4 + 0.08545 Co(NiS2)2 + 0.1164 NiCl2 + 0.02911 AlPO4 + 0.1962 NiSO4
NMC811,Al,4.50,0.339557,-1.369259,1,0.8537 Li1Mn0.1Co0.1Ni0.8O2 + 0.1463 Li4.8Al0.2P1S4.4Cl1.6 -> 1.556 Li + 0.05852 Ni3(PO4)2 + 0.08537 MnSO4 + 0.08537 Co(NiS2)2 + 0.117 NiCl2 + 0.02926 AlPO4 + 0.002715 Ni9S8 + 0.1952 NiSO4
NMC811,Al,4.50,0.34202,-1.371672,1,0.8523 Li1Mn0.1Co0.1Ni0.8O2 + 0.1477 Li4.8Al0.2P1S4.4Cl1.6 -> 1.561 Li + 0.05907 Ni3(PO4)2 + 0.08523 MnSO4 + 0.08523 Co(NiS2)2 + 0.1181 NiCl2 + 0.02954 AlPO4 + 0.007595 Ni3S4 + 0.1932 NiSO4
NMC811,Al,4.50,0.359589,-1.38354,1,0.8423 Li1Mn0.1Co0.1Ni0.8O2 + 0.1577 Li4.8Al0.2P1S4.4Cl1.6 -> 1.599 Li + 0.06306 Ni2P2O7 + 0.08423 MnSO4 + 0.08423 Co(NiS2)2 + 0.1261 NiCl2 + 0.03153 AlPO4 + 0.01937 Ni3S4 + 0.195 NiSO4
NMC811,Al,4.50,0.379061,-1.394866,1,0.8309 Li1Mn0.1Co0.1Ni0.8O2 + 0.1691 Li4.8Al0.2P1S4.4Cl1.6 -> 1.643 Li + 0.06763 Ni(PO3)2 + 0.08309 MnSO4 + 0.08309 Co(NiS2)2 + 0.1353 NiCl2 + 0.03382 AlPO4 + 0.03285 Ni3S4 + 0.1971 NiSO4
NMC811,Al,4.50,0.38961,-1.399661,1,0.8246 Li1Mn0.1Co0.1Ni0.8O2 + 0.1754 Li4.8Al0.2P1S4.4Cl1.6 -> 1.667 Li + 0.03509 Al(PO3)3 + 0.03509 Ni(PO3)2 + 0.08246 MnSO4 + 0.08246 Co(NiS2)2 + 0.1404 NiCl2 + 0.04035 Ni3S4 + 0.1982 NiSO4
NMC811,Al,4.50,0.408377,-1.407241,1,0.8129 Li1Mn0.1Co0.1Ni0.8O2 + 0.1871 Li4.8Al0.2P1S4.4Cl1.6 -> 1.711 Li + 0.03741 Al(PO3)3 + 0.03741 Ni(PO3)2 + 0.08129 MnSO4 + 0.1158 NiS2 + 0.08129 Co(NiS2)2 + 0.1496 NiCl2 + 0.1849 NiSO4
NMC811,Al,4.50,0.44335,-1.419713,1,0.7902 Li1Mn0.1Co0.1Ni0.8O2 + 0.2098 Li4.8Al0.2P1S4.4Cl1.6 -> 1.797 Li + 0.04196 Al(PO3)3 + 0.04196 Ni(PO3)2 + 0.07902 MnSO4 + 0.2636 NiS2 + 0.1678 NiCl2 + 0.07902 CoS2 + 0.1587 NiSO4
NMC811,Al,4.50,0.50625,-1.434757,1,0.7453 Li1Mn0.1Co0.1Ni0.8O2 + 0.2547 Li4.8Al0.2P1S4.4Cl1.6 -> 1.968 Li + 0.05094 Al(PO3)3 + 0.05094 Ni(PO3)2 + 0.07453 MnSO4 + 0.3415 NiS2 + 0.2038 NiCl2 + 0.07453 CoS2 + 0.2142 SO2
NMC811,Al,4.50,0.525974,-1.438727,1,0.73 Li1Mn0.1Co0.1Ni0.8O2 + 0.27 Li4.8Al0.2P1S4.4Cl1.6 -> 2.026 Li + 0.054 Al(PO3)3 + 0.019 MnSO4 + 0.368 NiS2 + 0.216 NiCl2 + 0.073 CoS2 + 0.287 SO2 + 0.054 Mn(PO3)2
NMC811,Al,4.50,0.6,-1.446522,1,0.6667 Li1Mn0.1Co0.1Ni0.8O2 + 0.3333 Li4.8Al0.2P1S4.4Cl1.6 -> 2.267 Li + 0.06667 Al(PO3)3 + 0.425 NiS2 + 0.1083 NiCl2 + 0.06667 CoS2 + 0.3167 SCl + 0.1667 SO2 + 0.06667 Mn(PO3)2
NMC811,Al,4.50,0.656934,-1.452135,1,0.6104 Li1Mn0.1Co0.1Ni0.8O2 + 0.3896 Li4.8Al0.2P1S4.4Cl1.6 -> 2.481 Li + 0.07792 Al(PO3)3 + 0.01688 Ni(PO3)2 + 0.4714 NiS2 + 0.06104 CoS2 + 0.6234 SCl + 0.02597 SO2 + 0.06104 Mn(PO3)2
NMC811,Al,4.50,0.662651,-1.451961,1,0.6043 Li1Mn0.1Co0.1Ni0.8O2 + 0.3957 Li4.8Al0.2P1S4.4Cl1.6 -> 2.504 Li + 0.07914 Al(PO3)3 + 0.01871 MnP4O11 + 0.4835 NiS2 + 0.06043 CoS2 + 0.6331 SCl + 0.02014 SO2 + 0.04173 Mn(PO3)2
NMC811,Al,4.50,0.670588,-1.450878,1,0.5957 Li1Mn0.1Co0.1Ni0.8O2 + 0.4043 Li4.8Al0.2P1S4.4Cl1.6 -> 2.536 Li + 0.08085 Al(PO3)3 + 0.02128 MnP4O11 + 0.4766 NiS2 + 0.05957 CoS2 + 0.6468 SCl + 0.0383 Mn(PO3)2 + 0.05957 S
NMC811,Al,4.50,0.697297,-1.438353,1,0.5657 Li1Mn0.1Co0.1Ni0.8O2 + 0.4343 Li4.8Al0.2P1S4.4Cl1.6 -> 2.651 Li + 0.08687 Al(PO3)3 + 0.00202 MnP4O11 + 0.4525 NiS2 + 0.02828 P2S7 + 0.05657 CoS2 + 0.6949 SCl + 0.05455 Mn(PO3)2
NMC811,Al,4.50,0.7,-1.436996,1,0.5625 Li1Mn0.1Co0.1Ni0.8O2 + 0.4375 Li4.8Al0.2P1S4.4Cl1.6 -> 2.662 Li + 0.0875 Al(PO3)3 + 0.45 NiS2 + 0.03088 P2S7 + 0.05625 CoS2 + 0.6963 SCl + 0.0007353 PCl5 + 0.05625 Mn(PO3)2
NMC811,Al,4.50,0.769231,-1.397637,1,0.4737 Li1Mn0.1Co0.1Ni0.8O2 + 0.5263 Li4.8Al0.2P1S4.4Cl1.6 -> 3 Li + 0.1053 Al(PO3)3 + 0.3789 NiS2 + 0.104 P2S7 + 0.04737 CoS2 + 0.735 SCl + 0.002477 PCl5 + 0.04737 MnCl2
NMC811,Al,4.50,0.882353,-1.322994,1,0.2857 Li1Mn0.1Co0.1Ni0.8O2 + 0.7143 Li4.8Al0.2P1S4.4Cl1.6 -> 3.714 Li + 0.2286 NiS2 + 0.1429 AlPO4 + 0.2588 P2S7 + 0.02857 CoS2 + 0.8168 SCl + 0.05378 PCl5 + 0.02857 MnCl2
NMC811,Al,4.50,0.944751,-1.279071,1,0.1493 Li1Mn0.1Co0.1Ni0.8O2 + 0.8507 Li4.8Al0.2P1S4.4Cl1.6 -> 4.233 Li + 0.09552 AlSCl7 + 0.1194 NiS2 + 0.07463 AlPO4 + 0.3881 P2S7 + 0.01493 CoS2 + 0.6627 SCl + 0.01493 MnCl2
NMC811,Al,4.50,0.95122,-1.274099,1,0.1333 Li1Mn0.1Co0.1Ni0.8O2 + 0.8667 Li4.8Al0.2P1S4.4Cl1.6 -> 4.293 Li + 0.1067 AlSCl7 + 0.1067 NiS2 + 0.06667 AlPO4 + 0.4 P2S7 + 0.01333 CoS2 + 0.64 SCl + 0.01333 MnS2
NMC811,Al,4.50,1.0,-1.236026,0,Li4.8Al0.2P1S4.4Cl1.6 -> 4.8 Li + 0.03333 AlSCl7 + 0.5 P2S7 + 0.8667 SCl + 0.1667 AlCl3
LiCoO2,Sc,2.50,0.0,0.0,0,LiCoO2 -> LiCoO2
LiCoO2,Sc,2.50,0.120482,-0.276583,0,0.04367 Li4.8Sc0.2P1S4.4Cl1.6 + 0.9563 LiCoO2 -> 0.5808 Li + 0.9563 CoO + 0.004367 Sc2O3 + 0.04367 Li3PO4 + 0.1921 Li2SO4 + 0.06987 LiCl
LiCoO2,Sc,2.50,0.432152,-0.579027,0,0.2023 Li4.8Sc0.2P1S4.4Cl1.6 + 0.7977 LiCoO2 -> 0.4755 Li + 0.08863 Co9S8 + 0.02023 Sc2O3 + 0.2023 Li3PO4 + 0.1813 Li2SO4 + 0.3238 LiCl
LiCoO2,Sc,2.50,0.501139,-0.600637,0,0.2509 Li4.8Sc0.2P1S4.4Cl1.6 + 0.7491 LiCoO2 -> 0.5895 Li + 0.2497 Co3S4 + 0.02509 Sc2O3 + 0.2509 Li3PO4 + 0.1049 Li2SO4 + 0.4014 LiCl
LiCoO2,Sc,2.50,0.578035,-0.605464,0,0.3135 Li4.8Sc0.2P1S4.4Cl1.6 + 0.6865 LiCoO2 -> 0.7367 Li + 0.03135 Sc2O3 + 0.6865 CoS2 + 0.3135 Li3PO4 + 0.00627 Li2SO4 + 0.5016 LiCl
LiCoO2,Sc,2.50,0.582524,-0.602561,0,0.3175 Li4.8Sc0.2P1S4.4Cl1.6 + 0.6825 LiCoO2 -> 0.7381 Li + 0.03175 Sc2O3 + 0.6825 CoS2 + 0.3175 Li3PO4 + 0.5079 LiCl + 0.007937 LiS4
LiCoO2,Sc,2.50,0.6,-0.589553,1,0.3333 Li4.8Sc0.2P1S4.4Cl1.6 + 0.6667 LiCoO2 -> 0.9 Li + 0.03333 Li3Sc2(PO4)3 + 0.6667 CoS2 + 0.2333 Li3PO4 + 0.5333 LiCl + 0.03333 LiS4
LiCoO2,Sc,2.50,0.833333,-0.29741,1,0.625 Li4.8Sc0.2P1S4.4Cl1.6 + 0.375 LiCoO2 -> 2.07 Li + 0.0625 Li3Sc2(PO4)3 + 0.2188 P2S7 + 0.375 CoS2 + LiCl + 0.1172 LiS4
LiCoO2,Sc,2.50,0.882353,-0.230081,1,0.7143 Li4.8Sc0.2P1S4.4Cl1.6 + 0.2857 LiCoO2 -> 2.429 Li + 0.2857 P2S7 + 0.1429 ScPO4 + 0.2857 CoS2 + 1.143 LiCl + 0.1429 LiS4
LiCoO2,Sc,2.50,1.0,-0.058187,0,Li4.8Sc0.2P1S4.4Cl1.6 -> 3.05 Li + 0.5 P2S7 + 0.1 Sc2S3 + 1.6 LiCl + 0.15 LiS4
LiCoO2,Sc,3.50,0.0,-0.013345,0,LiCoO2 -> 0.5 Li + 0.5 Li(CoO2)2
LiCoO2,Sc,3.50,0.083682,-0.364314,0,0.02954 Li4.8Sc0.2P1S4.4Cl1.6 + 0.9705 LiCoO2 -> 0.7164 Li + 0.02954 Li3PO4 + 0.3235 Co3O4 + 0.13 Li2SO4 + 0.002954 Sc2O3 + 0.04727 LiCl
LiCoO2,Sc,3.50,0.084746,-0.368667,1,0.02994 Li4.8Sc0.2P1S4.4Cl1.6 + 0.9701 LiCoO2 -> 0.7305 Li + 0.002994 Li3Sc2(PO4)3 + 0.02096 Li3PO4 + 0.3234 Co3O4 + 0.1317 Li2SO4 + 0.0479 LiCl
LiCoO2,Sc,3.50,0.088235,-0.382274,1,0.03125 Li4.8Sc0.2P1S4.4Cl1.6 + 0.9688 LiCoO2 -> 0.7625 Li + 0.02187 LiCoPO4 + 0.003125 Li3Sc2(PO4)3 + 0.3156 Co3O4 + 0.1375 Li2SO4 + 0.05 LiCl
LiCoO2,Sc,3.50,0.088757,-0.384164,1,0.03145 Li4.8Sc0.2P1S4.4Cl1.6 + 0.9686 LiCoO2 -> 0.7673 Li + 0.02516 LiCoPO4 + 0.006289 ScPO4 + 0.3145 Co3O4 + 0.1384 Li2SO4 + 0.05031 LiCl
LiCoO2,Sc,3.50,0.093168,-0.397755,1,0.03311 Li4.8Sc0.2P1S4.4Cl1.6 + 0.9669 LiCoO2 -> 0.8079 Li + 0.02649 LiCoPO4 + 0.02649 CoCl2 + 0.006623 ScPO4 + 0.3046 Co3O4 + 0.1457 Li2SO4
LiCoO2,Sc,3.50,0.095541,-0.405072,1,0.03401 Li4.8Sc0.2P1S4.4Cl1.6 + 0.966 LiCoO2 -> 0.8299 Li + 0.02721 CoCl2 + 0.01361 Co3(PO4)2 + 0.006803 ScPO4 + 0.2993 Co3O4 + 0.1497 Li2SO4
LiCoO2,Sc,3.50,0.097403,-0.410791,0,0.03472 Li4.8Sc0.2P1S4.4Cl1.6 + 0.9653 LiCoO2 -> 0.8472 Li + 0.02778 CoCl2 + 0.01736 Co3(PO4)2 + 0.003472 Sc2(SO4)3 + 0.2951 Co3O4 + 0.1424 Li2SO4
LiCoO2,Sc,3.50,0.11236,-0.454184,0,0.04049 Li4.8Sc0.2P1S4.4Cl1.6 + 0.9595 LiCoO2 -> 0.9879 Li + 0.083 Li2Co(SO4)2 + 0.03239 CoCl2 + 0.02024 Co3(PO4)2 + 0.004049 Sc2(SO4)3 + 0.2611 Co3O4
LiCoO2,Sc,3.50,0.132743,-0.512738,0,0.04854 Li4.8Sc0.2P1S4.4Cl1.6 + 0.9515 LiCoO2 -> 1.184 Li + 0.03883 CoCl2 + 0.02427 Co3(PO4)2 + 0.004854 Sc2(SO4)3 + 0.199 CoSO4 + 0.2136 Co3O4
LiCoO2,Sc,3.50,0.164835,-0.602389,0,0.06173 Li4.8Sc0.2P1S4.4Cl1.6 + 0.9383 LiCoO2 -> 1.235 Li + 0.5432 CoO + 0.04938 CoCl2 + 0.03086 Co3(PO4)2 + 0.006173 Sc2(SO4)3 + 0.2531 CoSO4
LiCoO2,Sc,3.50,0.310597,-0.760907,0,0.1306 Li4.8Sc0.2P1S4.4Cl1.6 + 0.8694 LiCoO2 -> 1.496 Li + 0.1045 CoCl2 + 0.03379 Co9S8 + 0.06528 Co3(PO4)2 + 0.01306 Sc2(SO4)3 + 0.265 CoSO4
LiCoO2,Sc,3.50,0.34202,-0.783097,0,0.1477 Li4.8Sc0.2P1S4.4Cl1.6 + 0.8523 LiCoO2 -> 1.561 Li + 0.09283 Co3S4 + 0.1181 CoCl2 + 0.07384 Co3(PO4)2 + 0.01477 Sc2(SO4)3 + 0.2342 CoSO4
LiCoO2,Sc,3.50,0.378151,-0.800576,0,0.1685 Li4.8Sc0.2P1S4.4Cl1.6 + 0.8315 LiCoO2 -> 1.64 Li + 0.1348 CoCl2 + 0.2472 CoS2 + 0.08427 Co3(PO4)2 + 0.01685 Sc2(SO4)3 + 0.1966 CoSO4
LiCoO2,Sc,3.50,0.414747,-0.815908,1,0.1911 Li4.8Sc0.2P1S4.4Cl1.6 + 0.8089 LiCoO2 -> 1.726 Li + 0.03822 Sc(PO3)3 + 0.1529 CoCl2 + 0.2994 CoS2 + 0.03822 Co3(PO4)2 + 0.242 CoSO4
LiCoO2,Sc,3.50,0.428571,-0.821037,1,0.2 Li4.8Sc0.2P1S4.4Cl1.6 + 0.8 LiCoO2 -> 1.76 Li + 0.04 Co2P2O7 + 0.04 Sc(PO3)3 + 0.16 CoCl2 + 0.32 CoS2 + 0.24 CoSO4
LiCoO2,Sc,3.50,0.449251,-0.828108,1,0.2138 Li4.8Sc0.2P1S4.4Cl1.6 + 0.7862 LiCoO2 -> 1.784 Li + 0.0285 LiCo(PO3)3 + 0.04276 Sc(PO3)3 + 0.171 CoCl2 + 0.3539 CoS2 + 0.2328 CoSO4
LiCoO2,Sc,3.50,0.48913,-0.839526,1,0.2419 Li4.8Sc0.2P1S4.4Cl1.6 + 0.7581 LiCoO2 -> 1.69 Li + 0.03226 LiCo(PO3)3 + 0.09879 Li2Co(SO4)2 + 0.04839 Sc(PO3)3 + 0.1935 CoCl2 + 0.4335 CoS2
LiCoO2,Sc,3.50,0.516648,-0.846841,1,0.2627 Li4.8Sc0.2P1S4.4Cl1.6 + 0.7373 LiCoO2 -> 1.62 Li + 0.03503 LiCo(PO3)3 + 0.05254 Sc(PO3)3 + 0.2102 CoCl2 + 0.4921 CoS2 + 0.1716 Li2SO4
LiCoO2,Sc,3.50,0.580645,-0.857618,1,0.3158 Li4.8Sc0.2P1S4.4Cl1.6 + 0.6842 LiCoO2 -> 1.442 Li + 0.04211 LiCo(PO3)3 + 0.06316 Sc(PO3)3 + 0.6421 CoS2 + 0.1053 Li2SO4 + 0.5053 LiCl
LiCoO2,Sc,3.50,0.592885,-0.858556,1,0.3268 Li4.8Sc0.2P1S4.4Cl1.6 + 0.6732 LiCoO2 -> 1.405 Li + 0.06536 Sc(PO3)3 + 0.6732 CoS2 + 0.0915 Li2SO4 + 0.1307 LiPO3 + 0.5229 LiCl
LiCoO2,Sc,3.50,0.666667,-0.851432,1,0.4 Li4.8Sc0.2P1S4.4Cl1.6 + 0.6 LiCoO2 -> 2.28 Li + 0.08 Sc(PO3)3 + 0.56 SCl + 0.6 CoS2 + 0.16 LiPO3 + 0.08 LiCl
LiCoO2,Sc,3.50,0.672269,-0.849551,1,0.4061 Li4.8Sc0.2P1S4.4Cl1.6 + 0.5939 LiCoO2 -> 2.391 Li + 0.08122 Sc(PO3)3 + 0.01015 PCl5 + 0.599 SCl + 0.5939 CoS2 + 0.1523 LiPO3
LiCoO2,Sc,3.50,0.769231,-0.782315,1,0.5263 Li4.8Sc0.2P1S4.4Cl1.6 + 0.4737 LiCoO2 -> 3 Li + 0.1053 Sc(PO3)3 + 0.09288 P2S7 + 0.02477 PCl5 + 0.7183 SCl + 0.4737 CoS2
LiCoO2,Sc,3.50,1.0,-0.582422,0,Li4.8Sc0.2P1S4.4Cl1.6 -> 4.8 Li + 0.4941 P2S7 + 0.01176 PCl5 + 0.9412 SCl + 0.2 ScCl3
LiCoO2,Sc,4.30,0.0,-0.17822,0,LiCoO2 -> Li + CoO2
LiCoO2,Sc,4.30,0.087282,-0.598583,0,0.03089 Li4.8Sc0.2P1S4.4Cl1.6 + 0.9691 LiCoO2 -> 1.117 Li + 0.03354 Co23O32 + 0.01545 Co3(PO4)2 + 0.02471 Co(ClO4)2 + 0.003089 Sc2(SO4)3 + 0.1267 CoSO4
LiCoO2,Sc,4.30,0.096953,-0.643807,0,0.03455 Li4.8Sc0.2P1S4.4Cl1.6 + 0.9654 LiCoO2 -> 1.131 Li + 0.03356 Co23O32 + 0.01728 Co3(PO4)2 + 0.05528 ClO2 + 0.003455 Sc2(SO4)3 + 0.1417 CoSO4
LiCoO2,Sc,4.30,0.125749,-0.777571,0,0.04575 Li4.8Sc0.2P1S4.4Cl1.6 + 0.9542 LiCoO2 -> 1.174 Li + 0.02876 Co23O32 + 0.02288 Co3(PO4)2 + 0.004575 Sc2(SO4)3 + 0.0366 CoCl2 + 0.1876 CoSO4
LiCoO2,Sc,4.30,0.132743,-0.808496,0,0.04854 Li4.8Sc0.2P1S4.4Cl1.6 + 0.9515 LiCoO2 -> 1.184 Li + 0.02427 Co3(PO4)2 + 0.004854 Sc2(SO4)3 + 0.03883 CoCl2 + 0.2136 Co3O4 + 0.199 CoSO4
LiCoO2,Sc,4.30,0.164835,-0.905419,0,0.06173 Li4.8Sc0.2P1S4.4Cl1.6 + 0.9383 LiCoO2 -> 1.235 Li + 0.03086 Co3(PO4)2 + 0.006173 Sc2(SO4)3 + 0.5432 CoO + 0.04938 CoCl2 + 0.2531 CoSO4
LiCoO2,Sc,4.30,0.310597,-1.098224,0,0.1306 Li4.8Sc0.2P1S4.4Cl1.6 + 0.8694 LiCoO2 -> 1.496 Li + 0.03379 Co9S8 + 0.06528 Co3(PO4)2 + 0.01306 Sc2(SO4)3 + 0.1045 CoCl2 + 0.265 CoSO4
LiCoO2,Sc,4.30,0.34202,-1.128085,0,0.1477 Li4.8Sc0.2P1S4.4Cl1.6 + 0.8523 LiCoO2 -> 1.561 Li + 0.09283 Co3S4 + 0.07384 Co3(PO4)2 + 0.01477 Sc2(SO4)3 + 0.1181 CoCl2 + 0.2342 CoSO4
LiCoO2,Sc,4.30,0.378151,-1.154516,0,0.1685 Li4.8Sc0.2P1S4.4Cl1.6 + 0.8315 LiCoO2 -> 1.64 Li + 0.08427 Co3(PO4)2 + 0.01685 Sc2(SO4)3 + 0.2472 CoS2 + 0.1348 CoCl2 + 0.1966 CoSO4
LiCoO2,Sc,4.30,0.414747,-1.179057,1,0.1911 Li4.8Sc0.2P1S4.4Cl1.6 + 0.8089 LiCoO2 -> 1.726 Li + 0.03822 Co3(PO4)2 + 0.03822 Sc(PO3)3 + 0.2994 CoS2 + 0.1529 CoCl2 + 0.242 CoSO4
LiCoO2,Sc,4.30,0.428571,-1.187704,1,0.2 Li4.8Sc0.2P1S4.4Cl1.6 + 0.8 LiCoO2 -> 1.76 Li + 0.04 Sc(PO3)3 + 0.04 Co2P2O7 + 0.32 CoS2 + 0.16 CoCl2 + 0.24 CoSO4
LiCoO2,Sc,4.30,0.451128,-1.197956,1,0.2151 Li4.8Sc0.2P1S4.4Cl1.6 + 0.7849 LiCoO2 -> 1.817 Li + 0.04301 Sc(PO3)3 + 0.02151 CoP4O11 + 0.3548 CoS2 + 0.172 CoCl2 + 0.2366 CoSO4
LiCoO2,Sc,4.30,0.564263,-1.242751,1,0.3015 Li4.8Sc0.2P1S4.4Cl1.6 + 0.6985 LiCoO2 -> 2.146 Li + 0.0603 Sc(PO3)3 + 0.03015 CoP4O11 + 0.5377 CoS2 + 0.1206 SCl4 + 0.1307 CoSO4
LiCoO2,Sc,4.30,0.614334,-1.26144,1,0.3468 Li4.8Sc0.2P1S4.4Cl1.6 + 0.6532 LiCoO2 -> 2.318 Li + 0.06936 Sc(PO3)3 + 0.1503 SO2 + 0.03468 CoP4O11 + 0.6185 CoS2 + 0.1387 SCl4
LiCoO2,Sc,4.30,0.669145,-1.276836,1,0.4027 Li4.8Sc0.2P1S4.4Cl1.6 + 0.5973 LiCoO2 -> 2.53 Li + 0.08054 Sc(PO3)3 + 0.6443 SCl + 0.01342 SO2 + 0.04027 CoP4O11 + 0.557 CoS2
LiCoO2,Sc,4.30,0.674157,-1.27653,1,0.4082 Li4.8Sc0.2P1S4.4Cl1.6 + 0.5918 LiCoO2 -> 2.551 Li + 0.08163 Sc(PO3)3 + 0.6531 SCl + 0.04082 CoP4O11 + 0.551 CoS2 + 0.04082 S
LiCoO2,Sc,4.30,0.691244,-1.271044,1,0.4274 Li4.8Sc0.2P1S4.4Cl1.6 + 0.5726 LiCoO2 -> 2.624 Li + 0.08547 Sc(PO3)3 + 0.6838 SCl + 0.01709 P2S7 + 0.03419 CoP4O11 + 0.5385 CoS2
LiCoO2,Sc,4.30,0.769231,-1.242921,1,0.5263 Li4.8Sc0.2P1S4.4Cl1.6 + 0.4737 LiCoO2 -> 3 Li + 0.1053 Sc(PO3)3 + 0.02477 PCl5 + 0.7183 SCl + 0.09288 P2S7 + 0.4737 CoS2
LiCoO2,Sc,4.30,1.0,-1.115755,0,Li4.8Sc0.2P1S4.4Cl1.6 -> 4.8 Li + 0.01176 PCl5 + 0.9412 SCl + 0.4941 P2S7 + 0.2 ScCl3
LiCoO2,Sc,4.50,0.0,-0.244886,0,LiCoO2 -> Li + CoO2
LiCoO2,Sc,4.50,0.087282,-0.669988,0,0.03089 Li4.8Sc0.2P1S4.4Cl1.6 + 0.9691 LiCoO2 -> 1.117 Li + 0.02471 Co(ClO4)2 + 0.003089 Sc2(SO4)3 + 0.01545 Co3(PO4)2 + 0.03354 Co23O32 + 0.1267 CoSO4
LiCoO2,Sc,4.50,0.096953,-0.715747,0,0.03455 Li4.8Sc0.2P1S4.4Cl1.6 + 0.9654 LiCoO2 -> 1.131 Li + 0.003455 Sc2(SO4)3 + 0.01728 Co3(PO4)2 + 0.03356 Co23O32 + 0.05528 ClO2 + 0.1417 CoSO4
LiCoO2,Sc,4.50,0.125749,-0.851117,0,0.04575 Li4.8Sc0.2P1S4.4Cl1.6 + 0.9542 LiCoO2 -> 1.174 Li + 0.004575 Sc2(SO4)3 + 0.02288 Co3(PO4)2 + 0.02876 Co23O32 + 0.0366 CoCl2 + 0.1876 CoSO4
LiCoO2,Sc,4.50,0.132743,-0.882435,0,0.04854 Li4.8Sc0.2P1S4.4Cl1.6 + 0.9515 LiCoO2 -> 1.184 Li + 0.004854 Sc2(SO4)3 + 0.02427 Co3(PO4)2 + 0.03883 CoCl2 + 0.2136 Co3O4 + 0.199 CoSO4
LiCoO2,Sc,4.50,0.164835,-0.981177,0,0.06173 Li4.8Sc0.2P1S4.4Cl1.6 + 0.9383 LiCoO2 -> 1.235 Li + 0.006173 Sc2(SO4)3 + 0.5432 CoO + 0.03086 Co3(PO4)2 + 0.04938 CoCl2 + 0.2531 CoSO4
LiCoO2,Sc,4.50,0.310597,-1.182553,0,0.1306 Li4.8Sc0.2P1S4.4Cl1.6 + 0.8694 LiCoO2 -> 1.496 Li + 0.01306 Sc2(SO4)3 + 0.06528 Co3(PO4)2 + 0.03379 Co9S8 + 0.1045 CoCl2 + 0.265 CoSO4
LiCoO2,Sc,4.50,0.34202,-1.214332,0,0.1477 Li4.8Sc0.2P1S4.4Cl1.6 + 0.8523 LiCoO2 -> 1.561 Li + 0.01477 Sc2(SO4)3 + 0.09283 Co3S4 + 0.07384 Co3(PO4)2 + 0.1181 CoCl2 + 0.2342 CoSO4
LiCoO2,Sc,4.50,0.378151,-1.243001,0,0.1685 Li4.8Sc0.2P1S4.4Cl1.6 + 0.8315 LiCoO2 -> 1.64 Li + 0.01685 Sc2(SO4)3 + 0.2472 CoS2 + 0.08427 Co3(PO4)2 + 0.1348 CoCl2 + 0.1966 CoSO4
LiCoO2,Sc,4.50,0.414747,-1.269845,1,0.1911 Li4.8Sc0.2P1S4.4Cl1.6 + 0.8089 LiCoO2 -> 1.726 Li + 0.03822 Sc(PO3)3 + 0.2994 CoS2 + 0.03822 Co3(PO4)2 + 0.1529 CoCl2 + 0.242 CoSO4
LiCoO2,Sc,4.50,0.428571,-1.27937,1,0.2 Li4.8Sc0.2P1S4.4Cl1.6 + 0.8 LiCoO2 -> 1.76 Li + 0.04 Sc(PO3)3 + 0.04 Co2P2O7 + 0.32 CoS2 + 0.16 CoCl2 + 0.24 CoSO4
LiCoO2,Sc,4.50,0.451128,-1.291069,1,0.2151 Li4.8Sc0.2P1S4.4Cl1.6 + 0.7849 LiCoO2 -> 1.817 Li + 0.04301 Sc(PO3)3 + 0.3548 CoS2 + 0.02151 CoP4O11 + 0.172 CoCl2 + 0.2366 CoSO4
LiCoO2,Sc,4.50,0.564263,-1.34334,1,0.3015 Li4.8Sc0.2P1S4.4Cl1.6 + 0.6985 LiCoO2 -> 2.146 Li + 0.0603 Sc(PO3)3 + 0.5377 CoS2 + 0.03015 CoP4O11 + 0.1206 SCl4 + 0.1307 CoSO4
LiCoO2,Sc,4.50,0.614334,-1.365461,1,0.3468 Li4.8Sc0.2P1S4.4Cl1.6 + 0.6532 LiCoO2 -> 2.318 Li + 0.06936 Sc(PO3)3 + 0.1503 SO2 + 0.6185 CoS2 + 0.03468 CoP4O11 + 0.1387 SCl4
LiCoO2,Sc,4.50,0.669145,-1.384705,1,0.4027 Li4.8Sc0.2P1S4.4Cl1.6 + 0.5973 LiCoO2 -> 2.53 Li + 0.08054 Sc(PO3)3 + 0.6443 SCl + 0.01342 SO2 + 0.557 CoS2 + 0.04027 CoP4O11
LiCoO2,Sc,4.50,0.674157,-1.384755,1,0.4082 Li4.8Sc0.2P1S4.4Cl1.6 + 0.5918 LiCoO2 -> 2.551 Li + 0.08163 Sc(PO3)3 + 0.6531 SCl + 0.551 CoS2 + 0.04082 CoP4O11 + 0.04082 S
LiCoO2,Sc,4.50,0.691244,-1.380491,1,0.4274 Li4.8Sc0.2P1S4.4Cl1.6 + 0.5726 LiCoO2 -> 2.624 Li + 0.08547 Sc(PO3)3 + 0.6838 SCl + 0.5385 CoS2 + 0.03419 CoP4O11 + 0.01709 P2S7
LiCoO2,Sc,4.50,0.769231,-1.358072,1,0.5263 Li4.8Sc0.2P1S4.4Cl1.6 + 0.4737 LiCoO2 -> 3 Li + 0.1053 Sc(PO3)3 + 0.7183 SCl + 0.02477 PCl5 + 0.4737 CoS2 + 0.09288 P2S7
LiCoO2,Sc,4.50,1.0,-1.249088,0,Li4.8Sc0.2P1S4.4Cl1.6 -> 4.8 Li + 0.9412 SCl + 0.01176 PCl5 + 0.4941 P2S7 + 0.2 ScCl3
NMC811,Sc,2.50,0.0,-0.025971,0,Li1Mn0.1Co0.1Ni0.8O2 + 0.7 Li -> 0.8 NiO + 0.1 LiCoO2 + 0.1 Li2MnO3 + 0.7 Li2O
NMC811,Sc,2.50,0.087137,-0.386271,0,0.9692 Li1Mn0.1Co0.1Ni0.8O2 + 0.03084 Li4.8Sc0.2P1S4.4Cl1.6 -> 0.407 Li + 0.006167 LiScO2 + 0.7753 NiO + 0.09692 LiCoO2 + 0.03084 Li3PO4 + 0.09692 Li2MnO3 + 0.1357 Li2SO4 + 0.04934 LiCl
NMC811,Sc,2.50,0.0875,-0.387078,0,0.969 Li1Mn0.1Co0.1Ni0.8O2 + 0.03097 Li4.8Sc0.2P1S4.4Cl1.6 -> 0.4119 Li + 0.7752 NiO + 0.003097 Sc2O3 + 0.0969 LiCoO2 + 0.03097 Li3PO4 + 0.0969 Li2MnO3 + 0.1363 Li2SO4 + 0.04956 LiCl
NMC811,Sc,2.50,0.098765,-0.411394,0,0.9648 Li1Mn0.1Co0.1Ni0.8O2 + 0.03524 Li4.8Sc0.2P1S4.4Cl1.6 -> 0.4687 Li + 0.09648 CoO + 0.7718 NiO + 0.003524 Sc2O3 + 0.03524 Li3PO4 + 0.09648 Li2MnO3 + 0.1551 Li2SO4 + 0.05639 LiCl
NMC811,Sc,2.50,0.109756,-0.435157,0,0.9605 Li1Mn0.1Co0.1Ni0.8O2 + 0.03947 Li4.8Sc0.2P1S4.4Cl1.6 -> 0.525 Li + 0.09605 CoO + 0.09605 LiMnO2 + 0.7684 NiO + 0.003947 Sc2O3 + 0.03947 Li3PO4 + 0.1737 Li2SO4 + 0.06316 LiCl
NMC811,Sc,2.50,0.115152,-0.446641,0,0.9584 Li1Mn0.1Co0.1Ni0.8O2 + 0.04158 Li4.8Sc0.2P1S4.4Cl1.6 -> 0.6009 Li + 0.04792 CoO + 0.7667 NiO + 0.04792 Mn2CoO4 + 0.004158 Sc2O3 + 0.04158 Li3PO4 + 0.1829 Li2SO4 + 0.06652 LiCl
NMC811,Sc,2.50,0.116935,-0.448897,0,0.9577 Li1Mn0.1Co0.1Ni0.8O2 + 0.04227 Li4.8Sc0.2P1S4.4Cl1.6 -> 0.5942 Li + 0.03192 Mn3O4 + 0.09577 CoO + 0.7662 NiO + 0.004227 Sc2O3 + 0.04227 Li3PO4 + 0.186 Li2SO4 + 0.06764 LiCl
NMC811,Sc,2.50,0.194853,-0.510537,0,0.9254 Li1Mn0.1Co0.1Ni0.8O2 + 0.07465 Li4.8Sc0.2P1S4.4Cl1.6 -> 0.2834 Li + 0.03085 Mn3O4 + 0.09254 CoO + 0.007465 Sc2O3 + 0.07465 Li3PO4 + 0.3285 Li2SO4 + 0.7403 Ni + 0.1194 LiCl
NMC811,Sc,2.50,0.348214,-0.637198,0,0.8488 Li1Mn0.1Co0.1Ni0.8O2 + 0.1512 Li4.8Sc0.2P1S4.4Cl1.6 -> 0.4543 Li + 0.02829 Mn3O4 + 0.2264 Ni3S2 + 0.08488 CoO + 0.01512 Sc2O3 + 0.1512 Li3PO4 + 0.2124 Li2SO4 + 0.2419 LiCl
NMC811,Sc,2.50,0.373689,-0.657948,0,0.8341 Li1Mn0.1Co0.1Ni0.8O2 + 0.1659 Li4.8Sc0.2P1S4.4Cl1.6 -> 0.4455 Li + 0.0278 Mn3O4 + 0.2224 Ni3S2 + 0.009268 Co9S8 + 0.01659 Sc2O3 + 0.1659 Li3PO4 + 0.2109 Li2SO4 + 0.2654 LiCl
NMC811,Sc,2.50,0.375475,-0.659191,0,0.8331 Li1Mn0.1Co0.1Ni0.8O2 + 0.1669 Li4.8Sc0.2P1S4.4Cl1.6 -> 0.434 Li + 0.2221 Ni3S2 + 0.009256 Co9S8 + 0.01669 Sc2O3 + 0.08331 MnO + 0.1669 Li3PO4 + 0.2162 Li2SO4 + 0.2671 LiCl
NMC811,Sc,2.50,0.391667,-0.666535,0,0.8233 Li1Mn0.1Co0.1Ni0.8O2 + 0.1767 Li4.8Sc0.2P1S4.4Cl1.6 -> 0.4564 Li + 0.2058 Ni3S2 + 0.04117 Co2NiS4 + 0.01767 Sc2O3 + 0.08233 MnO + 0.1767 Li3PO4 + 0.2011 Li2SO4 + 0.2827 LiCl
NMC811,Sc,2.50,0.396694,-0.668507,0,0.8202 Li1Mn0.1Co0.1Ni0.8O2 + 0.1798 Li4.8Sc0.2P1S4.4Cl1.6 -> 0.5865 Li + 0.08202 LiMnPO4 + 0.2051 Ni3S2 + 0.04101 Co2NiS4 + 0.01798 Sc2O3 + 0.09775 Li3PO4 + 0.2169 Li2SO4 + 0.2876 LiCl
NMC811,Sc,2.50,0.416,-0.675258,0,0.8081 Li1Mn0.1Co0.1Ni0.8O2 + 0.1919 Li4.8Sc0.2P1S4.4Cl1.6 -> 0.6125 Li + 0.08081 LiMnPO4 + 0.1616 Ni3S2 + 0.08081 Co(NiS2)2 + 0.01919 Sc2O3 + 0.1111 Li3PO4 + 0.1978 Li2SO4 + 0.307 LiCl
NMC811,Sc,2.50,0.439898,-0.682878,0,0.7925 Li1Mn0.1Co0.1Ni0.8O2 + 0.2075 Li4.8Sc0.2P1S4.4Cl1.6 -> 0.6461 Li + 0.07925 LiMnPO4 + 0.05283 Ni9S8 + 0.07925 Co(NiS2)2 + 0.02075 Sc2O3 + 0.1282 Li3PO4 + 0.1732 Li2SO4 + 0.332 LiCl
NMC811,Sc,2.50,0.48227,-0.694199,0,0.7631 Li1Mn0.1Co0.1Ni0.8O2 + 0.2369 Li4.8Sc0.2P1S4.4Cl1.6 -> 0.7094 Li + 0.07631 LiMnPO4 + 0.07631 Co(NiS2)2 + 0.02369 Sc2O3 + 0.1606 Li3PO4 + 0.1526 Ni3S4 + 0.1268 Li2SO4 + 0.3791 LiCl
NMC811,Sc,2.50,0.510067,-0.693328,0,0.7424 Li1Mn0.1Co0.1Ni0.8O2 + 0.2576 Li4.8Sc0.2P1S4.4Cl1.6 -> 0.6054 Li + 0.07424 Co(NiS2)2 + 0.02576 Sc2O3 + 0.2576 Li3PO4 + 0.1485 Ni3S4 + 0.09424 Li2SO4 + 0.07424 MnS2 + 0.4122 LiCl
NMC811,Sc,2.50,0.557576,-0.673743,0,0.7042 Li1Mn0.1Co0.1Ni0.8O2 + 0.2958 Li4.8Sc0.2P1S4.4Cl1.6 -> 0.6952 Li + 0.4225 NiS2 + 0.07042 Co(NiS2)2 + 0.02958 Sc2O3 + 0.2958 Li3PO4 + 0.03408 Li2SO4 + 0.07042 MnS2 + 0.4733 LiCl
NMC811,Sc,2.50,0.578035,-0.663758,0,0.6865 Li1Mn0.1Co0.1Ni0.8O2 + 0.3135 Li4.8Sc0.2P1S4.4Cl1.6 -> 0.7367 Li + 0.5492 NiS2 + 0.03135 Sc2O3 + 0.06865 CoS2 + 0.3135 Li3PO4 + 0.00627 Li2SO4 + 0.06865 MnS2 + 0.5016 LiCl
NMC811,Sc,2.50,0.582524,-0.660293,0,0.6825 Li1Mn0.1Co0.1Ni0.8O2 + 0.3175 Li4.8Sc0.2P1S4.4Cl1.6 -> 0.7381 Li + 0.546 NiS2 + 0.03175 Sc2O3 + 0.06825 CoS2 + 0.3175 Li3PO4 + 0.06825 MnS2 + 0.5079 LiCl + 0.007937 LiS4
NMC811,Sc,2.50,0.6,-0.645089,1,0.6667 Li1Mn0.1Co0.1Ni0.8O2 + 0.3333 Li4.8Sc0.2P1S4.4Cl1.6 -> 0.9 Li + 0.03333 Li3Sc2(PO4)3 + 0.5333 NiS2 + 0.06667 CoS2 + 0.2333 Li3PO4 + 0.06667 MnS2 + 0.5333 LiCl + 0.03333 LiS4
NMC811,Sc,2.50,0.833333,-0.321845,1,0.375 Li1Mn0.1Co0.1Ni0.8O2 + 0.625 Li4.8Sc0.2P1S4.4Cl1.6 -> 2.07 Li + 0.0625 Li3Sc2(PO4)3 + 0.2188 P2S7 + 0.3 NiS2 + 0.0375 CoS2 + 0.0375 MnS2 + LiCl + 0.1172 LiS4
NMC811,Sc,2.50,0.882353,-0.247535,1,0.2857 Li1Mn0.1Co0.1Ni0.8O2 + 0.7143 Li4.8Sc0.2P1S4.4Cl1.6 -> 2.429 Li + 0.2857 P2S7 + 0.2286 NiS2 + 0.1429 ScPO4 + 0.02857 CoS2 + 0.02857 MnS2 + 1.143 LiCl + 0.1429 LiS4
NMC811,Sc,2.50,1.0,-0.058187,0,Li4.8Sc0.2P1S4.4Cl1.6 -> 3.05 Li + 0.5 P2S7 + 0.1 Sc2S3 + 1.6 LiCl + 0.15 LiS4
NMC811,Sc,3.50,0.0,-0.003246,0,Li1Mn0.1Co0.1Ni0.8O2 -> 0.4 Li + 0.02 Li4MnCo5O12 + 0.36 Li(NiO2)2 + 0.08 Li2MnO3 + 0.08 NiO
NMC811,Sc,3.50,0.070913,-0.441451,0,0.9752 Li1Mn0.1Co0.1Ni0.8O2 + 0.02481 Li4.8Sc0.2P1S4.4Cl1.6 -> 0.5278 Li + 0.0195 Li4MnCo5O12 + 0.0397 LiClO4 + 0.07802 Li2MnO3 + 0.02481 Li3PO4 + 0.7802 NiO + 0.1092 Li2SO4 + 0.002481 Sc2O3
NMC811,Sc,3.50,0.075767,-0.470023,0,0.9734 Li1Mn0.1Co0.1Ni0.8O2 + 0.0266 Li4.8Sc0.2P1S4.4Cl1.6 -> 0.6149 Li + 0.01947 Li4MnCo5O12 + 0.02596 Li2Mn3NiO8 + 0.04256 LiClO4 + 0.0266 Li3PO4 + 0.7528 NiO + 0.117 Li2SO4 + 0.00266 Sc2O3
NMC811,Sc,3.50,0.095789,-0.570459,0,0.9659 Li1Mn0.1Co0.1Ni0.8O2 + 0.03411 Li4.8Sc0.2P1S4.4Cl1.6 -> 0.5438 Li + 0.01932 Li4MnCo5O12 + 0.02576 Li2Mn3NiO8 + 0.03411 Li3PO4 + 0.747 NiO + 0.1501 Li2SO4 + 0.003411 Sc2O3 + 0.05457 LiCl
NMC811,Sc,3.50,0.098765,-0.585331,0,0.9648 Li1Mn0.1Co0.1Ni0.8O2 + 0.03524 Li4.8Sc0.2P1S4.4Cl1.6 -> 0.5845 Li + 0.0193 Li4MnCo5O12 + 0.07718 Mn(Ni3O4)2 + 0.03524 Li3PO4 + 0.3087 NiO + 0.1551 Li2SO4 + 0.003524 Sc2O3 + 0.05639 LiCl
NMC811,Sc,3.50,0.1,-0.590236,1,0.9643 Li1Mn0.1Co0.1Ni0.8O2 + 0.03571 Li4.8Sc0.2P1S4.4Cl1.6 -> 0.6014 Li + 0.01929 Li4MnCo5O12 + 0.003571 Li3Sc2(PO4)3 + 0.07714 Mn(Ni3O4)2 + 0.025 Li3PO4 + 0.3086 NiO + 0.1571 Li2SO4 + 0.05714 LiCl
NMC811,Sc,3.50,0.103448,-0.60356,1,0.963 Li1Mn0.1Co0.1Ni0.8O2 + 0.03704 Li4.8Sc0.2P1S4.4Cl1.6 -> 0.6489 Li + 0.01926 Li4MnCo5O12 + 0.003704 Li3Sc2(PO4)3 + 0.07704 Mn(Ni3O4)2 + 0.02963 NiCl2 + 0.02593 Li3PO4 + 0.2785 NiO + 0.163 Li2SO4
NMC811,Sc,3.50,0.106667,-0.615735,1,0.9617 Li1Mn0.1Co0.1Ni0.8O2 + 0.03828 Li4.8Sc0.2P1S4.4Cl1.6 -> 0.6934 Li + 0.02679 LiNiPO4 + 0.01923 Li4MnCo5O12 + 0.003828 Li3Sc2(PO4)3 + 0.07694 Mn(Ni3O4)2 + 0.03062 NiCl2 + 0.2503 NiO + 0.1684 Li2SO4
NMC811,Sc,3.50,0.110092,-0.628527,1,0.9604 Li1Mn0.1Co0.1Ni0.8O2 + 0.0396 Li4.8Sc0.2P1S4.4Cl1.6 -> 0.7077 Li + 0.01366 Li4MnCo5O12 + 0.02772 LiCoPO4 + 0.00396 Li3Sc2(PO4)3 + 0.08238 Mn(Ni3O4)2 + 0.03168 NiCl2 + 0.2424 NiO + 0.1743 Li2SO4
NMC811,Sc,3.50,0.115727,-0.649447,1,0.9582 Li1Mn0.1Co0.1Ni0.8O2 + 0.0418 Li4.8Sc0.2P1S4.4Cl1.6 -> 0.7492 Li + 0.02926 LiCoPO4 + 0.00418 Li3Sc2(PO4)3 + 0.09582 Mn(Ni3O4)2 + 0.03344 NiCl2 + 0.1582 NiO + 0.02219 Co3O4 + 0.1839 Li2SO4
NMC811,Sc,3.50,0.116418,-0.65188,1,0.9579 Li1Mn0.1Co0.1Ni0.8O2 + 0.04207 Li4.8Sc0.2P1S4.4Cl1.6 -> 0.756 Li + 0.03366 LiCoPO4 + 0.09579 Mn(Ni3O4)2 + 0.03366 NiCl2 + 0.008414 ScPO4 + 0.1579 NiO + 0.02071 Co3O4 + 0.1851 Li2SO4
NMC811,Sc,3.50,0.119266,-0.660367,1,0.9568 Li1Mn0.1Co0.1Ni0.8O2 + 0.04319 Li4.8Sc0.2P1S4.4Cl1.6 -> 0.7841 Li + 0.09568 Mn(Ni3O4)2 + 0.03455 NiCl2 + 0.01728 Co3(PO4)2 + 0.008638 ScPO4 + 0.1568 NiO + 0.01462 Co3O4 + 0.19 Li2SO4
NMC811,Sc,3.50,0.121495,-0.666988,0,0.9559 Li1Mn0.1Co0.1Ni0.8O2 + 0.04407 Li4.8Sc0.2P1S4.4Cl1.6 -> 0.8061 Li + 0.09559 Mn(Ni3O4)2 + 0.03525 NiCl2 + 0.02203 Co3(PO4)2 + 0.004407 Sc2(SO4)3 + 0.1559 NiO + 0.009831 Co3O4 + 0.1807 Li2SO4
NMC811,Sc,3.50,0.12605,-0.679668,0,0.9541 Li1Mn0.1Co0.1Ni0.8O2 + 0.04587 Li4.8Sc0.2P1S4.4Cl1.6 -> 0.8514 Li + 0.02661 Li2Co(SO4)2 + 0.09541 Mn(Ni3O4)2 + 0.0367 NiCl2 + 0.02294 Co3(PO4)2 + 0.004587 Sc2(SO4)3 + 0.1541 NiO + 0.1349 Li2SO4
NMC811,Sc,3.50,0.147541,-0.739375,0,0.9455 Li1Mn0.1Co0.1Ni0.8O2 + 0.05455 Li4.8Sc0.2P1S4.4Cl1.6 -> 0.9745 Li + 0.01273 Li2Co(SO4)2 + 0.09455 Li2Mn(SO4)2 + 0.04364 NiCl2 + 0.02727 Co3(PO4)2 + 0.005455 Sc2(SO4)3 + 0.7127 NiO + 0.009091 Li2SO4
NMC811,Sc,3.50,0.149068,-0.743527,0,0.9448 Li1Mn0.1Co0.1Ni0.8O2 + 0.05517 Li4.8Sc0.2P1S4.4Cl1.6 -> 0.9972 Li + 0.01172 Li2Co(SO4)2 + 0.09448 Li2Mn(SO4)2 + 0.04414 NiCl2 + 0.02759 Co3(PO4)2 + 0.005517 Sc2(SO4)3 + 0.01379 NiSO4 + 0.6979 NiO
NMC811,Sc,3.50,0.150838,-0.748287,0,0.9441 Li1Mn0.1Co0.1Ni0.8O2 + 0.0559 Li4.8Sc0.2P1S4.4Cl1.6 -> 1.024 Li + 0.09441 Li2Mn(SO4)2 + 0.04472 NiCl2 + 0.02795 Co3(PO4)2 + 0.00559 Sc2(SO4)3 + 0.02981 NiSO4 + 0.01056 CoSO4 + 0.6807 NiO
NMC811,Sc,3.50,0.164835,-0.784358,0,0.9383 Li1Mn0.1Co0.1Ni0.8O2 + 0.06173 Li4.8Sc0.2P1S4.4Cl1.6 -> 1.235 Li + 0.09383 MnSO4 + 0.04938 NiCl2 + 0.03086 Co3(PO4)2 + 0.006173 Sc2(SO4)3 + 0.158 NiSO4 + 0.001235 CoSO4 + 0.5432 NiO
NMC811,Sc,3.50,0.166667,-0.78598,0,0.9375 Li1Mn0.1Co0.1Ni0.8O2 + 0.0625 Li4.8Sc0.2P1S4.4Cl1.6 -> 1.238 Li + 0.09375 MnSO4 + 0.001389 Ni3S2 + 0.05 NiCl2 + 0.03125 Co3(PO4)2 + 0.00625 Sc2(SO4)3 + 0.1597 NiSO4 + 0.5361 NiO
NMC811,Sc,3.50,0.291829,-0.898769,0,0.8792 Li1Mn0.1Co0.1Ni0.8O2 + 0.1208 Li4.8Sc0.2P1S4.4Cl1.6 -> 1.459 Li + 0.03108 Ni3(PO4)2 + 0.08792 MnSO4 + 0.1063 Ni3S2 + 0.09662 NiCl2 + 0.02931 Co3(PO4)2 + 0.01208 Sc2(SO4)3 + 0.1947 NiSO4
NMC811,Sc,3.50,0.315789,-0.917641,0,0.8667 Li1Mn0.1Co0.1Ni0.8O2 + 0.1333 Li4.8Sc0.2P1S4.4Cl1.6 -> 1.507 Li + 0.06667 Ni3(PO4)2 + 0.08667 MnSO4 + 0.05667 Ni3S2 + 0.1067 NiCl2 + 0.01333 Sc2(SO4)3 + 0.1733 NiSO4 + 0.04333 Co2NiS4
NMC811,Sc,3.50,0.338182,-0.934278,0,0.8545 Li1Mn0.1Co0.1Ni0.8O2 + 0.1455 Li4.8Sc0.2P1S4.4Cl1.6 -> 1.553 Li + 0.07277 Ni3(PO4)2 + 0.08545 MnSO4 + 0.008451 Ni3S2 + 0.08545 Co(NiS2)2 + 0.1164 NiCl2 + 0.01455 Sc2(SO4)3 + 0.1526 NiSO4
NMC811,Sc,3.50,0.339557,-0.93526,0,0.8537 Li1Mn0.1Co0.1Ni0.8O2 + 0.1463 Li4.8Sc0.2P1S4.4Cl1.6 -> 1.556 Li + 0.07315 Ni3(PO4)2 + 0.08537 MnSO4 + 0.08537 Co(NiS2)2 + 0.002715 Ni9S8 + 0.117 NiCl2 + 0.01463 Sc2(SO4)3 + 0.1513 NiSO4
NMC811,Sc,3.50,0.34202,-0.936889,0,0.8523 Li1Mn0.1Co0.1Ni0.8O2 + 0.1477 Li4.8Sc0.2P1S4.4Cl1.6 -> 1.561 Li + 0.07384 Ni3(PO4)2 + 0.007595 Ni3S4 + 0.08523 MnSO4 + 0.08523 Co(NiS2)2 + 0.1181 NiCl2 + 0.01477 Sc2(SO4)3 + 0.1489 NiSO4
NMC811,Sc,3.50,0.364267,-0.944815,0,0.8396 Li1Mn0.1Co0.1Ni0.8O2 + 0.1604 Li4.8Sc0.2P1S4.4Cl1.6 -> 1.609 Li + 0.08018 Ni2P2O7 + 0.02257 Ni3S4 + 0.08396 MnSO4 + 0.08396 Co(NiS2)2 + 0.1283 NiCl2 + 0.01604 Sc2(SO4)3 + 0.1474 NiSO4
NMC811,Sc,3.50,0.379061,-0.948698,1,0.8309 Li1Mn0.1Co0.1Ni0.8O2 + 0.1691 Li4.8Sc0.2P1S4.4Cl1.6 -> 1.643 Li + 0.03382 Ni2P2O7 + 0.03285 Ni3S4 + 0.08309 MnSO4 + 0.08309 Co(NiS2)2 + 0.03382 Sc(PO3)3 + 0.1353 NiCl2 + 0.1971 NiSO4
NMC811,Sc,3.50,0.38961,-0.951468,1,0.8246 Li1Mn0.1Co0.1Ni0.8O2 + 0.1754 Li4.8Sc0.2P1S4.4Cl1.6 -> 1.667 Li + 0.03509 Ni(PO3)2 + 0.04035 Ni3S4 + 0.08246 MnSO4 + 0.08246 Co(NiS2)2 + 0.03509 Sc(PO3)3 + 0.1404 NiCl2 + 0.1982 NiSO4
NMC811,Sc,3.50,0.415631,-0.954622,1,0.8084 Li1Mn0.1Co0.1Ni0.8O2 + 0.1916 Li4.8Sc0.2P1S4.4Cl1.6 -> 1.567 Li + 0.03833 Ni(PO3)2 + 0.06486 Ni3S4 + 0.08084 Co(NiS2)2 + 0.03833 Sc(PO3)3 + 0.08084 Li2Mn(SO4)2 + 0.1533 NiCl2 + 0.09877 NiSO4
NMC811,Sc,3.50,0.44335,-0.956909,1,0.7902 Li1Mn0.1Co0.1Ni0.8O2 + 0.2098 Li4.8Sc0.2P1S4.4Cl1.6 -> 1.639 Li + 0.04196 Ni(PO3)2 + 0.07902 Co(NiS2)2 + 0.04196 Sc(PO3)3 + 0.07902 Li2Mn(SO4)2 + 0.1678 NiCl2 + 0.07972 NiSO4 + 0.1846 NiS2
NMC811,Sc,3.50,0.468401,-0.95855,1,0.773 Li1Mn0.1Co0.1Ni0.8O2 + 0.227 Li4.8Sc0.2P1S4.4Cl1.6 -> 1.585 Li + 0.04541 Ni(PO3)2 + 0.0773 Co(NiS2)2 + 0.04541 Sc(PO3)3 + 0.0773 Li2Mn(SO4)2 + 0.1816 NiCl2 + 0.2368 NiS2 + 0.06162 Li2SO4
NMC811,Sc,3.50,0.491103,-0.958914,1,0.7566 Li1Mn0.1Co0.1Ni0.8O2 + 0.2434 Li4.8Sc0.2P1S4.4Cl1.6 -> 1.685 Li + 0.04868 Ni(PO3)2 + 0.04868 Sc(PO3)3 + 0.07566 Li2Mn(SO4)2 + 0.1947 NiCl2 + 0.07566 CoS2 + 0.3619 NiS2 + 0.04444 Li2SO4
NMC811,Sc,3.50,0.505495,-0.95816,1,0.7459 Li1Mn0.1Co0.1Ni0.8O2 + 0.2541 Li4.8Sc0.2P1S4.4Cl1.6 -> 1.649 Li + 0.05083 Sc(PO3)3 + 0.02376 Li2Mn(SO4)2 + 0.2033 NiCl2 + 0.07459 CoS2 + 0.3934 NiS2 + 0.1348 Li2SO4 + 0.05083 Mn(PO3)2
NMC811,Sc,3.50,0.6,-0.931394,1,0.6667 Li1Mn0.1Co0.1Ni0.8O2 + 0.3333 Li4.8Sc0.2P1S4.4Cl1.6 -> 2.1 Li + 0.06667 Sc(PO3)3 + 0.3583 SCl + 0.0875 NiCl2 + 0.06667 CoS2 + 0.4458 NiS2 + 0.08333 Li2SO4 + 0.06667 Mn(PO3)2
NMC811,Sc,3.50,0.660287,-0.913073,1,0.6068 Li1Mn0.1Co0.1Ni0.8O2 + 0.3932 Li4.8Sc0.2P1S4.4Cl1.6 -> 2.441 Li + 0.07863 Sc(PO3)3 + 0.0359 LiMn(PO3)3 + 0.6291 SCl + 0.06068 CoS2 + 0.4855 NiS2 + 0.008547 Li2SO4 + 0.02479 Mn(PO3)2
NMC811,Sc,3.50,0.666667,-0.909902,1,0.6 Li1Mn0.1Co0.1Ni0.8O2 + 0.4 Li4.8Sc0.2P1S4.4Cl1.6 -> 2.48 Li + 0.08 Sc(PO3)3 + 0.04 LiMn(PO3)3 + 0.64 SCl + 0.06 CoS2 + 0.48 NiS2 + 0.02 Mn(PO3)2 + 0.04 S
NMC811,Sc,3.50,0.670588,-0.90702,1,0.5957 Li1Mn0.1Co0.1Ni0.8O2 + 0.4043 Li4.8Sc0.2P1S4.4Cl1.6 -> 2.536 Li + 0.08085 Sc(PO3)3 + 0.02128 MnP4O11 + 0.6468 SCl + 0.05957 CoS2 + 0.4766 NiS2 + 0.0383 Mn(PO3)2 + 0.05957 S
NMC811,Sc,3.50,0.697297,-0.884751,1,0.5657 Li1Mn0.1Co0.1Ni0.8O2 + 0.4343 Li4.8Sc0.2P1S4.4Cl1.6 -> 2.651 Li + 0.08687 Sc(PO3)3 + 0.02828 P2S7 + 0.00202 MnP4O11 + 0.6949 SCl + 0.05657 CoS2 + 0.4525 NiS2 + 0.05455 Mn(PO3)2
NMC811,Sc,3.50,0.7,-0.882402,1,0.5625 Li1Mn0.1Co0.1Ni0.8O2 + 0.4375 Li4.8Sc0.2P1S4.4Cl1.6 -> 2.663 Li + 0.0875 Sc(PO3)3 + 0.03088 P2S7 + 0.0007353 PCl5 + 0.6963 SCl + 0.05625 CoS2 + 0.45 NiS2 + 0.05625 Mn(PO3)2
NMC811,Sc,3.50,0.769231,-0.81718,1,0.4737 Li1Mn0.1Co0.1Ni0.8O2 + 0.5263 Li4.8Sc0.2P1S4.4Cl1.6 -> 3 Li + 0.1053 Sc(PO3)3 + 0.104 P2S7 + 0.002477 PCl5 + 0.735 SCl + 0.04737 CoS2 + 0.04737 MnCl2 + 0.3789 NiS2
NMC811,Sc,3.50,1.0,-0.582422,0,Li4.8Sc0.2P1S4.4Cl1.6 -> 4.8 Li + 0.4941 P2S7 + 0.01176 PCl5 + 0.9412 SCl + 0.2 ScCl3
NMC811,Sc,4.30,0.0,-0.232711,0,Li1Mn0.1Co0.1Ni0.8O2 -> Li + 0.1 Co(NiO2)2 + 0.1 Mn(Ni3O4)2 + 0.4 O2
NMC811,Sc,4.30,0.044776,-0.48562,0,0.9846 Li1Mn0.1Co0.1Ni0.8O2 + 0.01538 Li4.8Sc0.2P1S4.4Cl1.6 -> 1.058 Li + 0.01231 Ni(ClO4)2 + 0.007692 Ni3(PO4)2 + 0.09846 CoNiO3 + 0.09846 Mn(Ni3O4)2 + 0.001538 Sc2(SO4)3 + 0.06308 NiSO4 + 0.2277 O2
NMC811,Sc,4.30,0.050847,-0.520245,0,0.9825 Li1Mn0.1Co0.1Ni0.8O2 + 0.01754 Li4.8Sc0.2P1S4.4Cl1.6 -> 1.039 Li + 0.008772 Ni3(PO4)2 + 0.09825 CoNiO3 + 0.09825 Mn(Ni3O4)2 + 0.001754 Sc2(SO4)3 + 0.02807 LiClO4 + 0.07193 NiSO4 + 0.1965 O2
NMC811,Sc,4.30,0.096774,-0.784423,0,0.9655 Li1Mn0.1Co0.1Ni0.8O2 + 0.03448 Li4.8Sc0.2P1S4.4Cl1.6 -> 1.076 Li + 0.01931 MnNiO3 + 0.01724 Ni3(PO4)2 + 0.09655 CoNiO3 + 0.07724 Mn(Ni3O4)2 + 0.003448 Sc2(SO4)3 + 0.05517 LiClO4 + 0.1414 NiSO4
NMC811,Sc,4.30,0.1,-0.803013,0,0.9643 Li1Mn0.1Co0.1Ni0.8O2 + 0.03571 Li4.8Sc0.2P1S4.4Cl1.6 -> 1.136 Li + 0.02857 Ni(ClO4)2 + 0.02643 MnNiO3 + 0.01786 Ni3(PO4)2 + 0.09643 CoNiO3 + 0.07 Mn(Ni3O4)2 + 0.003571 Sc2(SO4)3 + 0.1464 NiSO4
NMC811,Sc,4.30,0.106796,-0.837264,0,0.9617 Li1Mn0.1Co0.1Ni0.8O2 + 0.03833 Li4.8Sc0.2P1S4.4Cl1.6 -> 1.146 Li + 0.03066 Ni(ClO4)2 + 0.01059 MnNiO3 + 0.004181 Co23O32 + 0.01916 Ni3(PO4)2 + 0.08557 Mn(Ni3O4)2 + 0.003833 Sc2(SO4)3 + 0.1571 NiSO4
NMC811,Sc,4.30,0.145232,-1.025557,0,0.9464 Li1Mn0.1Co0.1Ni0.8O2 + 0.0536 Li4.8Sc0.2P1S4.4Cl1.6 -> 1.204 Li + 0.03075 MnNiO3 + 0.004115 Co23O32 + 0.0268 Ni3(PO4)2 + 0.06389 Mn(Ni3O4)2 + 0.00536 Sc2(SO4)3 + 0.04288 NiCl2 + 0.2198 NiSO4
NMC811,Sc,4.30,0.146067,-1.029312,0,0.9461 Li1Mn0.1Co0.1Ni0.8O2 + 0.05394 Li4.8Sc0.2P1S4.4Cl1.6 -> 1.205 Li + 0.0312 MnNiO3 + 0.02697 Ni3(PO4)2 + 0.0634 Mn(Ni3O4)2 + 0.005394 Sc2(SO4)3 + 0.04315 NiCl2 + 0.03154 Co3O4 + 0.2212 NiSO4
NMC811,Sc,4.30,0.148825,-1.039003,0,0.9449 Li1Mn0.1Co0.1Ni0.8O2 + 0.05507 Li4.8Sc0.2P1S4.4Cl1.6 -> 1.209 Li + 0.02754 Ni3(PO4)2 + 0.06725 Mn(Ni3O4)2 + 0.005507 Sc2(SO4)3 + 0.01362 Mn2CoO4 + 0.04406 NiCl2 + 0.02696 Co3O4 + 0.2258 NiSO4
NMC811,Sc,4.30,0.151798,-1.049452,0,0.9437 Li1Mn0.1Co0.1Ni0.8O2 + 0.0563 Li4.8Sc0.2P1S4.4Cl1.6 -> 1.214 Li + 0.02815 Co3(PO4)2 + 0.07985 Mn(Ni3O4)2 + 0.00563 Sc2(SO4)3 + 0.007259 Mn2CoO4 + 0.04504 NiCl2 + 0.0008889 Co3O4 + 0.2308 NiSO4
NMC811,Sc,4.30,0.151899,-1.049773,0,0.9437 Li1Mn0.1Co0.1Ni0.8O2 + 0.05634 Li4.8Sc0.2P1S4.4Cl1.6 -> 1.214 Li + 0.02817 Co3(PO4)2 + 0.08028 Mn(Ni3O4)2 + 0.005634 Sc2(SO4)3 + 0.007042 Mn2CoO4 + 0.04507 NiCl2 + 0.2282 NiSO4 + 0.002817 CoSO4
NMC811,Sc,4.30,0.152284,-1.050923,0,0.9435 Li1Mn0.1Co0.1Ni0.8O2 + 0.0565 Li4.8Sc0.2P1S4.4Cl1.6 -> 1.215 Li + 0.02825 Co3(PO4)2 + 0.07514 Mn(Ni3O4)2 + 0.00565 Sc2(SO4)3 + 0.009605 Mn2CoO4 + 0.02712 NiO + 0.0452 NiCl2 + 0.2316 NiSO4
NMC811,Sc,4.30,0.164634,-1.086817,0,0.9384 Li1Mn0.1Co0.1Ni0.8O2 + 0.06164 Li4.8Sc0.2P1S4.4Cl1.6 -> 1.234 Li + 0.03082 Co3(PO4)2 + 0.0911 MnSO4 + 0.006164 Sc2(SO4)3 + 0.00137 Mn2CoO4 + 0.5397 NiO + 0.04932 NiCl2 + 0.1616 NiSO4
NMC811,Sc,4.30,0.164835,-1.087388,0,0.9383 Li1Mn0.1Co0.1Ni0.8O2 + 0.06173 Li4.8Sc0.2P1S4.4Cl1.6 -> 1.235 Li + 0.03086 Co3(PO4)2 + 0.09383 MnSO4 + 0.006173 Sc2(SO4)3 + 0.5432 NiO + 0.04938 NiCl2 + 0.158 NiSO4 + 0.001235 CoSO4
NMC811,Sc,4.30,0.166667,-1.089428,0,0.9375 Li1Mn0.1Co0.1Ni0.8O2 + 0.0625 Li4.8Sc0.2P1S4.4Cl1.6 -> 1.237 Li + 0.03125 Co3(PO4)2 + 0.09375 MnSO4 + 0.001389 Ni3S2 + 0.00625 Sc2(SO4)3 + 0.5361 NiO + 0.05 NiCl2 + 0.1597 NiSO4
NMC811,Sc,4.30,0.291829,-1.231551,0,0.8792 Li1Mn0.1Co0.1Ni0.8O2 + 0.1208 Li4.8Sc0.2P1S4.4Cl1.6 -> 1.459 Li + 0.03108 Ni3(PO4)2 + 0.02931 Co3(PO4)2 + 0.08792 MnSO4 + 0.1063 Ni3S2 + 0.01208 Sc2(SO4)3 + 0.09662 NiCl2 + 0.1947 NiSO4
NMC811,Sc,4.30,0.315789,-1.256218,0,0.8667 Li1Mn0.1Co0.1Ni0.8O2 + 0.1333 Li4.8Sc0.2P1S4.4Cl1.6 -> 1.507 Li + 0.06667 Ni3(PO4)2 + 0.04333 Co2NiS4 + 0.08667 MnSO4 + 0.05667 Ni3S2 + 0.01333 Sc2(SO4)3 + 0.1067 NiCl2 + 0.1733 NiSO4
NMC811,Sc,4.30,0.338182,-1.278324,0,0.8545 Li1Mn0.1Co0.1Ni0.8O2 + 0.1455 Li4.8Sc0.2P1S4.4Cl1.6 -> 1.553 Li + 0.07277 Ni3(PO4)2 + 0.08545 MnSO4 + 0.008451 Ni3S2 + 0.08545 Co(NiS2)2 + 0.01455 Sc2(SO4)3 + 0.1164 NiCl2 + 0.1526 NiSO4
NMC811,Sc,4.30,0.339557,-1.279643,0,0.8537 Li1Mn0.1Co0.1Ni0.8O2 + 0.1463 Li4.8Sc0.2P1S4.4Cl1.6 -> 1.556 Li + 0.07315 Ni3(PO4)2 + 0.08537 MnSO4 + 0.08537 Co(NiS2)2 + 0.01463 Sc2(SO4)3 + 0.002715 Ni9S8 + 0.117 NiCl2 + 0.1513 NiSO4
NMC811,Sc,4.30,0.34202,-1.281877,0,0.8523 Li1Mn0.1Co0.1Ni0.8O2 + 0.1477 Li4.8Sc0.2P1S4.4Cl1.6 -> 1.561 Li + 0.07384 Ni3(PO4)2 + 0.007595 Ni3S4 + 0.08523 MnSO4 + 0.08523 Co(NiS2)2 + 0.01477 Sc2(SO4)3 + 0.1181 NiCl2 + 0.1489 NiSO4
NMC811,Sc,4.30,0.364267,-1.295298,0,0.8396 Li1Mn0.1Co0.1Ni0.8O2 + 0.1604 Li4.8Sc0.2P1S4.4Cl1.6 -> 1.609 Li + 0.02257 Ni3S4 + 0.08396 MnSO4 + 0.08396 Co(NiS2)2 + 0.08018 Ni2P2O7 + 0.01604 Sc2(SO4)3 + 0.1283 NiCl2 + 0.1474 NiSO4
NMC811,Sc,4.30,0.379061,-1.302864,1,0.8309 Li1Mn0.1Co0.1Ni0.8O2 + 0.1691 Li4.8Sc0.2P1S4.4Cl1.6 -> 1.643 Li + 0.03285 Ni3S4 + 0.08309 MnSO4 + 0.03382 Sc(PO3)3 + 0.08309 Co(NiS2)2 + 0.03382 Ni2P2O7 + 0.1353 NiCl2 + 0.1971 NiSO4
NMC811,Sc,4.30,0.38961,-1.308276,1,0.8246 Li1Mn0.1Co0.1Ni0.8O2 + 0.1754 Li4.8Sc0.2P1S4.4Cl1.6 -> 1.667 Li + 0.04035 Ni3S4 + 0.08246 MnSO4 + 0.03509 Sc(PO3)3 + 0.08246 Co(NiS2)2 + 0.03509 Ni(PO3)2 + 0.1404 NiCl2 + 0.1982 NiSO4
NMC811,Sc,4.30,0.408377,-1.314559,1,0.8129 Li1Mn0.1Co0.1Ni0.8O2 + 0.1871 Li4.8Sc0.2P1S4.4Cl1.6 -> 1.711 Li + 0.08129 MnSO4 + 0.03741 Sc(PO3)3 + 0.08129 Co(NiS2)2 + 0.03741 Ni(PO3)2 + 0.1158 NiS2 + 0.1496 NiCl2 + 0.1849 NiSO4
NMC811,Sc,4.30,0.44335,-1.324586,1,0.7902 Li1Mn0.1Co0.1Ni0.8O2 + 0.2098 Li4.8Sc0.2P1S4.4Cl1.6 -> 1.797 Li + 0.07902 MnSO4 + 0.04196 Sc(PO3)3 + 0.04196 Ni(PO3)2 + 0.2636 NiS2 + 0.07902 CoS2 + 0.1678 NiCl2 + 0.1587 NiSO4
NMC811,Sc,4.30,0.50625,-1.335137,1,0.7453 Li1Mn0.1Co0.1Ni0.8O2 + 0.2547 Li4.8Sc0.2P1S4.4Cl1.6 -> 1.968 Li + 0.07453 MnSO4 + 0.05094 Sc(PO3)3 + 0.05094 Ni(PO3)2 + 0.2142 SO2 + 0.3415 NiS2 + 0.07453 CoS2 + 0.2038 NiCl2
NMC811,Sc,4.30,0.525974,-1.337672,1,0.73 Li1Mn0.1Co0.1Ni0.8O2 + 0.27 Li4.8Sc0.2P1S4.4Cl1.6 -> 2.026 Li + 0.019 MnSO4 + 0.054 Sc(PO3)3 + 0.287 SO2 + 0.368 NiS2 + 0.073 CoS2 + 0.216 NiCl2 + 0.054 Mn(PO3)2
NMC811,Sc,4.30,0.6,-1.339968,1,0.6667 Li1Mn0.1Co0.1Ni0.8O2 + 0.3333 Li4.8Sc0.2P1S4.4Cl1.6 -> 2.267 Li + 0.06667 Sc(PO3)3 + 0.3167 SCl + 0.1667 SO2 + 0.425 NiS2 + 0.06667 CoS2 + 0.1083 NiCl2 + 0.06667 Mn(PO3)2
NMC811,Sc,4.30,0.656934,-1.341223,1,0.6104 Li1Mn0.1Co0.1Ni0.8O2 + 0.3896 Li4.8Sc0.2P1S4.4Cl1.6 -> 2.481 Li + 0.07792 Sc(PO3)3 + 0.01688 Ni(PO3)2 + 0.6234 SCl + 0.02597 SO2 + 0.4714 NiS2 + 0.06104 CoS2 + 0.06104 Mn(PO3)2
NMC811,Sc,4.30,0.662651,-1.340605,1,0.6043 Li1Mn0.1Co0.1Ni0.8O2 + 0.3957 Li4.8Sc0.2P1S4.4Cl1.6 -> 2.504 Li + 0.07914 Sc(PO3)3 + 0.6331 SCl + 0.02014 SO2 + 0.01871 MnP4O11 + 0.4835 NiS2 + 0.06043 CoS2 + 0.04173 Mn(PO3)2
NMC811,Sc,4.30,0.670588,-1.338904,1,0.5957 Li1Mn0.1Co0.1Ni0.8O2 + 0.4043 Li4.8Sc0.2P1S4.4Cl1.6 -> 2.536 Li + 0.08085 Sc(PO3)3 + 0.6468 SCl + 0.02128 MnP4O11 + 0.4766 NiS2 + 0.05957 CoS2 + 0.0383 Mn(PO3)2 + 0.05957 S
NMC811,Sc,4.30,0.697297,-1.324282,1,0.5657 Li1Mn0.1Co0.1Ni0.8O2 + 0.4343 Li4.8Sc0.2P1S4.4Cl1.6 -> 2.651 Li + 0.08687 Sc(PO3)3 + 0.6949 SCl + 0.02828 P2S7 + 0.00202 MnP4O11 + 0.4525 NiS2 + 0.05657 CoS2 + 0.05455 Mn(PO3)2
NMC811,Sc,4.30,0.7,-1.322712,1,0.5625 Li1Mn0.1Co0.1Ni0.8O2 + 0.4375 Li4.8Sc0.2P1S4.4Cl1.6 -> 2.663 Li + 0.0875 Sc(PO3)3 + 0.0007353 PCl5 + 0.6963 SCl + 0.03088 P2S7 + 0.45 NiS2 + 0.05625 CoS2 + 0.05625 Mn(PO3)2
NMC811,Sc,4.30,0.769231,-1.277786,1,0.4737 Li1Mn0.1Co0.1Ni0.8O2 + 0.5263 Li4.8Sc0.2P1S4.4Cl1.6 -> 3 Li + 0.1053 Sc(PO3)3 + 0.002477 PCl5 + 0.735 SCl + 0.104 P2S7 + 0.3789 NiS2 + 0.04737 CoS2 + 0.04737 MnCl2
NMC811,Sc,4.30,1.0,-1.115755,0,Li4.8Sc0.2P1S4.4Cl1.6 -> 4.8 Li + 0.01176 PCl5 + 0.9412 SCl + 0.4941 P2S7 + 0.2 ScCl3
NMC811,Sc,4.50,0.0,-0.299378,0,Li1Mn0.1Co0.1Ni0.8O2 -> Li + 0.1 Co(NiO2)2 + 0.1 Mn(Ni3O4)2 + 0.4 O2
NMC811,Sc,4.50,0.044776,-0.554697,0,0.9846 Li1Mn0.1Co0.1Ni0.8O2 + 0.01538 Li4.8Sc0.2P1S4.4Cl1.6 -> 1.058 Li + 0.007692 Ni3(PO4)2 + 0.09846 CoNiO3 + 0.01231 Ni(ClO4)2 + 0.001538 Sc2(SO4)3 + 0.09846 Mn(Ni3O4)2 + 0.06308 NiSO4 + 0.2277 O2
NMC811,Sc,4.50,0.1,-0.875121,0,0.9643 Li1Mn0.1Co0.1Ni0.8O2 + 0.03571 Li4.8Sc0.2P1S4.4Cl1.6 -> 1.136 Li + 0.01786 Ni3(PO4)2 + 0.09643 CoNiO3 + 0.02643 MnNiO3 + 0.02857 Ni(ClO4)2 + 0.003571 Sc2(SO4)3 + 0.07 Mn(Ni3O4)2 + 0.1464 NiSO4
NMC811,Sc,4.50,0.106796,-0.909751,0,0.9617 Li1Mn0.1Co0.1Ni0.8O2 + 0.03833 Li4.8Sc0.2P1S4.4Cl1.6 -> 1.146 Li + 0.01916 Ni3(PO4)2 + 0.01059 MnNiO3 + 0.03066 Ni(ClO4)2 + 0.003833 Sc2(SO4)3 + 0.08557 Mn(Ni3O4)2 + 0.004181 Co23O32 + 0.1571 NiSO4
NMC811,Sc,4.50,0.145232,-1.100201,0,0.9464 Li1Mn0.1Co0.1Ni0.8O2 + 0.0536 Li4.8Sc0.2P1S4.4Cl1.6 -> 1.204 Li + 0.0268 Ni3(PO4)2 + 0.03075 MnNiO3 + 0.00536 Sc2(SO4)3 + 0.06389 Mn(Ni3O4)2 + 0.004115 Co23O32 + 0.04288 NiCl2 + 0.2198 NiSO4
NMC811,Sc,4.50,0.146067,-1.104003,0,0.9461 Li1Mn0.1Co0.1Ni0.8O2 + 0.05394 Li4.8Sc0.2P1S4.4Cl1.6 -> 1.205 Li + 0.02697 Ni3(PO4)2 + 0.0312 MnNiO3 + 0.005394 Sc2(SO4)3 + 0.0634 Mn(Ni3O4)2 + 0.04315 NiCl2 + 0.03154 Co3O4 + 0.2212 NiSO4
NMC811,Sc,4.50,0.148825,-1.11385,0,0.9449 Li1Mn0.1Co0.1Ni0.8O2 + 0.05507 Li4.8Sc0.2P1S4.4Cl1.6 -> 1.209 Li + 0.02754 Ni3(PO4)2 + 0.005507 Sc2(SO4)3 + 0.06725 Mn(Ni3O4)2 + 0.01362 Mn2CoO4 + 0.04406 NiCl2 + 0.02696 Co3O4 + 0.2258 NiSO4
NMC811,Sc,4.50,0.151798,-1.124468,0,0.9437 Li1Mn0.1Co0.1Ni0.8O2 + 0.0563 Li4.8Sc0.2P1S4.4Cl1.6 -> 1.214 Li + 0.00563 Sc2(SO4)3 + 0.07985 Mn(Ni3O4)2 + 0.02815 Co3(PO4)2 + 0.007259 Mn2CoO4 + 0.04504 NiCl2 + 0.0008889 Co3O4 + 0.2308 NiSO4
NMC811,Sc,4.50,0.151899,-1.124795,0,0.9437 Li1Mn0.1Co0.1Ni0.8O2 + 0.05634 Li4.8Sc0.2P1S4.4Cl1.6 -> 1.214 Li + 0.005634 Sc2(SO4)3 + 0.08028 Mn(Ni3O4)2 + 0.02817 Co3(PO4)2 + 0.007042 Mn2CoO4 + 0.04507 NiCl2 + 0.2282 NiSO4 + 0.002817 CoSO4
NMC811,Sc,4.50,0.152284,-1.125967,0,0.9435 Li1Mn0.1Co0.1Ni0.8O2 + 0.0565 Li4.8Sc0.2P1S4.4Cl1.6 -> 1.215 Li + 0.00565 Sc2(SO4)3 + 0.07514 Mn(Ni3O4)2 + 0.02825 Co3(PO4)2 + 0.009605 Mn2CoO4 + 0.02712 NiO + 0.0452 NiCl2 + 0.2316 NiSO4
NMC811,Sc,4.50,0.164634,-1.162563,0,0.9384 Li1Mn0.1Co0.1Ni0.8O2 + 0.06164 Li4.8Sc0.2P1S4.4Cl1.6 -> 1.234 Li + 0.006164 Sc2(SO4)3 + 0.03082 Co3(PO4)2 + 0.00137 Mn2CoO4 + 0.0911 MnSO4 + 0.5397 NiO + 0.04932 NiCl2 + 0.1616 NiSO4
NMC811,Sc,4.50,0.164835,-1.163146,0,0.9383 Li1Mn0.1Co0.1Ni0.8O2 + 0.06173 Li4.8Sc0.2P1S4.4Cl1.6 -> 1.235 Li + 0.006173 Sc2(SO4)3 + 0.03086 Co3(PO4)2 + 0.09383 MnSO4 + 0.5432 NiO + 0.04938 NiCl2 + 0.158 NiSO4 + 0.001235 CoSO4
NMC811,Sc,4.50,0.166667,-1.16529,0,0.9375 Li1Mn0.1Co0.1Ni0.8O2 + 0.0625 Li4.8Sc0.2P1S4.4Cl1.6 -> 1.238 Li + 0.00625 Sc2(SO4)3 + 0.03125 Co3(PO4)2 + 0.001389 Ni3S2 + 0.09375 MnSO4 + 0.5361 NiO + 0.05 NiCl2 + 0.1597 NiSO4
NMC811,Sc,4.50,0.291829,-1.314747,0,0.8792 Li1Mn0.1Co0.1Ni0.8O2 + 0.1208 Li4.8Sc0.2P1S4.4Cl1.6 -> 1.459 Li + 0.03108 Ni3(PO4)2 + 0.01208 Sc2(SO4)3 + 0.02931 Co3(PO4)2 + 0.1063 Ni3S2 + 0.08792 MnSO4 + 0.09662 NiCl2 + 0.1947 NiSO4
NMC811,Sc,4.50,0.315789,-1.340862,0,0.8667 Li1Mn0.1Co0.1Ni0.8O2 + 0.1333 Li4.8Sc0.2P1S4.4Cl1.6 -> 1.507 Li + 0.06667 Ni3(PO4)2 + 0.04333 Co2NiS4 + 0.01333 Sc2(SO4)3 + 0.05667 Ni3S2 + 0.08667 MnSO4 + 0.1067 NiCl2 + 0.1733 NiSO4
NMC811,Sc,4.50,0.338182,-1.364335,0,0.8545 Li1Mn0.1Co0.1Ni0.8O2 + 0.1455 Li4.8Sc0.2P1S4.4Cl1.6 -> 1.553 Li + 0.07277 Ni3(PO4)2 + 0.08545 Co(NiS2)2 + 0.01455 Sc2(SO4)3 + 0.008451 Ni3S2 + 0.08545 MnSO4 + 0.1164 NiCl2 + 0.1526 NiSO4
NMC811,Sc,4.50,0.339557,-1.365739,0,0.8537 Li1Mn0.1Co0.1Ni0.8O2 + 0.1463 Li4.8Sc0.2P1S4.4Cl1.6 -> 1.556 Li + 0.07315 Ni3(PO4)2 + 0.08537 Co(NiS2)2 + 0.01463 Sc2(SO4)3 + 0.08537 MnSO4 + 0.002715 Ni9S8 + 0.117 NiCl2 + 0.1513 NiSO4
NMC811,Sc,4.50,0.34202,-1.368124,0,0.8523 Li1Mn0.1Co0.1Ni0.8O2 + 0.1477 Li4.8Sc0.2P1S4.4Cl1.6 -> 1.561 Li + 0.07384 Ni3(PO4)2 + 0.007595 Ni3S4 + 0.08523 Co(NiS2)2 + 0.01477 Sc2(SO4)3 + 0.08523 MnSO4 + 0.1181 NiCl2 + 0.1489 NiSO4
NMC811,Sc,4.50,0.364267,-1.382919,0,0.8396 Li1Mn0.1Co0.1Ni0.8O2 + 0.1604 Li4.8Sc0.2P1S4.4Cl1.6 -> 1.609 Li + 0.08018 Ni2P2O7 + 0.02257 Ni3S4 + 0.08396 Co(NiS2)2 + 0.01604 Sc2(SO4)3 + 0.08396 MnSO4 + 0.1283 NiCl2 + 0.1474 NiSO4
NMC811,Sc,4.50,0.379061,-1.391406,1,0.8309 Li1Mn0.1Co0.1Ni0.8O2 + 0.1691 Li4.8Sc0.2P1S4.4Cl1.6 -> 1.643 Li + 0.03382 Ni2P2O7 + 0.03285 Ni3S4 + 0.03382 Sc(PO3)3 + 0.08309 Co(NiS2)2 + 0.08309 MnSO4 + 0.1353 NiCl2 + 0.1971 NiSO4
NMC811,Sc,4.50,0.38961,-1.397477,1,0.8246 Li1Mn0.1Co0.1Ni0.8O2 + 0.1754 Li4.8Sc0.2P1S4.4Cl1.6 -> 1.667 Li + 0.04035 Ni3S4 + 0.03509 Sc(PO3)3 + 0.08246 Co(NiS2)2 + 0.03509 Ni(PO3)2 + 0.08246 MnSO4 + 0.1404 NiCl2 + 0.1982 NiSO4
NMC811,Sc,4.50,0.408377,-1.404942,1,0.8129 Li1Mn0.1Co0.1Ni0.8O2 + 0.1871 Li4.8Sc0.2P1S4.4Cl1.6 -> 1.711 Li + 0.03741 Sc(PO3)3 + 0.08129 Co(NiS2)2 + 0.03741 Ni(PO3)2 + 0.08129 MnSO4 + 0.1158 NiS2 + 0.1496 NiCl2 + 0.1849 NiSO4
NMC811,Sc,4.50,0.44335,-1.417199,1,0.7902 Li1Mn0.1Co0.1Ni0.8O2 + 0.2098 Li4.8Sc0.2P1S4.4Cl1.6 -> 1.797 Li + 0.04196 Sc(PO3)3 + 0.07902 CoS2 + 0.04196 Ni(PO3)2 + 0.07902 MnSO4 + 0.2636 NiS2 + 0.1678 NiCl2 + 0.1587 NiSO4
NMC811,Sc,4.50,0.50625,-1.431845,1,0.7453 Li1Mn0.1Co0.1Ni0.8O2 + 0.2547 Li4.8Sc0.2P1S4.4Cl1.6 -> 1.968 Li + 0.05094 Sc(PO3)3 + 0.2142 SO2 + 0.07453 CoS2 + 0.05094 Ni(PO3)2 + 0.07453 MnSO4 + 0.3415 NiS2 + 0.2038 NiCl2
NMC811,Sc,4.50,0.525974,-1.435689,1,0.73 Li1Mn0.1Co0.1Ni0.8O2 + 0.27 Li4.8Sc0.2P1S4.4Cl1.6 -> 2.026 Li + 0.054 Sc(PO3)3 + 0.287 SO2 + 0.073 CoS2 + 0.019 MnSO4 + 0.368 NiS2 + 0.216 NiCl2 + 0.054 Mn(PO3)2
NMC811,Sc,4.50,0.6,-1.442998,1,0.6667 Li1Mn0.1Co0.1Ni0.8O2 + 0.3333 Li4.8Sc0.2P1S4.4Cl1.6 -> 2.267 Li + 0.06667 Sc(PO3)3 + 0.3167 SCl + 0.1667 SO2 + 0.06667 CoS2 + 0.425 NiS2 + 0.1083 NiCl2 + 0.06667 Mn(PO3)2
NMC811,Sc,4.50,0.656934,-1.448226,1,0.6104 Li1Mn0.1Co0.1Ni0.8O2 + 0.3896 Li4.8Sc0.2P1S4.4Cl1.6 -> 2.481 Li + 0.07792 Sc(PO3)3 + 0.6234 SCl + 0.02597 SO2 + 0.06104 CoS2 + 0.01688 Ni(PO3)2 + 0.4714 NiS2 + 0.06104 Mn(PO3)2
NMC811,Sc,4.50,0.662651,-1.448013,1,0.6043 Li1Mn0.1Co0.1Ni0.8O2 + 0.3957 Li4.8Sc0.2P1S4.4Cl1.6 -> 2.504 Li + 0.07914 Sc(PO3)3 + 0.6331 SCl + 0.02014 SO2 + 0.06043 CoS2 + 0.4835 NiS2 + 0.01871 MnP4O11 + 0.04173 Mn(PO3)2
NMC811,Sc,4.50,0.670588,-1.446875,1,0.5957 Li1Mn0.1Co0.1Ni0.8O2 + 0.4043 Li4.8Sc0.2P1S4.4Cl1.6 -> 2.536 Li + 0.08085 Sc(PO3)3 + 0.6468 SCl + 0.05957 CoS2 + 0.4766 NiS2 + 0.02128 MnP4O11 + 0.0383 Mn(PO3)2 + 0.05957 S
NMC811,Sc,4.50,0.697297,-1.434165,1,0.5657 Li1Mn0.1Co0.1Ni0.8O2 + 0.4343 Li4.8Sc0.2P1S4.4Cl1.6 -> 2.651 Li + 0.08687 Sc(PO3)3 + 0.6949 SCl + 0.05657 CoS2 + 0.02828 P2S7 + 0.4525 NiS2 + 0.00202 MnP4O11 + 0.05455 Mn(PO3)2
NMC811,Sc,4.50,0.7,-1.432789,1,0.5625 Li1Mn0.1Co0.1Ni0.8O2 + 0.4375 Li4.8Sc0.2P1S4.4Cl1.6 -> 2.663 Li + 0.0875 Sc(PO3)3 + 0.6963 SCl + 0.0007353 PCl5 + 0.05625 CoS2 + 0.03088 P2S7 + 0.45 NiS2 + 0.05625 Mn(PO3)2
NMC811,Sc,4.50,0.769231,-1.392938,1,0.4737 Li1Mn0.1Co0.1Ni0.8O2 + 0.5263 Li4.8Sc0.2P1S4.4Cl1.6 -> 3 Li + 0.1053 Sc(PO3)3 + 0.735 SCl + 0.002477 PCl5 + 0.04737 CoS2 + 0.104 P2S7 + 0.3789 NiS2 + 0.04737 MnCl2
NMC811,Sc,4.50,1.0,-1.249088,0,Li4.8Sc0.2P1S4.4Cl1.6 -> 4.8 Li + 0.9412 SCl + 0.01176 PCl5 + 0.4941 P2S7 + 0.2 ScCl3
LiCoO2,Y,2.50,0.0,0.0,0,LiCoO2 -> LiCoO2
LiCoO2,Y,2.50,0.120482,-0.27574,0,0.04367 Li4.8Y0.2P1S4.4Cl1.6 + 0.9563 LiCoO2 -> 0.5808 Li + 0.9563 CoO + 0.04367 Li3PO4 + 0.004367 Y2O3 + 0.1921 Li2SO4 + 0.06987 LiCl
LiCoO2,Y,2.50,0.121951,-0.277409,1,0.04425 Li4.8Y0.2P1S4.4Cl1.6 + 0.9558 LiCoO2 -> 0.6018 Li + 0.9558 CoO + 0.0354 Li3PO4 + 0.00885 YPO4 + 0.1947 Li2SO4 + 0.0708 LiCl
LiCoO2,Y,2.50,0.43554,-0.580601,1,0.2046 Li4.8Y0.2P1S4.4Cl1.6 + 0.7954 LiCoO2 -> 0.5728 Li + 0.08838 Co9S8 + 0.1637 Li3PO4 + 0.04092 YPO4 + 0.1931 Li2SO4 + 0.3273 LiCl
LiCoO2,Y,2.50,0.504587,-0.602357,1,0.2535 Li4.8Y0.2P1S4.4Cl1.6 + 0.7465 LiCoO2 -> 0.7097 Li + 0.2488 Co3S4 + 0.2028 Li3PO4 + 0.05069 YPO4 + 0.1198 Li2SO4 + 0.4055 LiCl
LiCoO2,Y,2.50,0.581395,-0.607444,1,0.3165 Li4.8Y0.2P1S4.4Cl1.6 + 0.6835 LiCoO2 -> 0.8861 Li + 0.6835 CoS2 + 0.2532 Li3PO4 + 0.06329 YPO4 + 0.02532 Li2SO4 + 0.5063 LiCl
LiCoO2,Y,2.50,0.6,-0.595508,1,0.3333 Li4.8Y0.2P1S4.4Cl1.6 + 0.6667 LiCoO2 -> 0.9 Li + 0.6667 CoS2 + 0.2667 Li3PO4 + 0.06667 YPO4 + 0.5333 LiCl + 0.03333 LiS4
LiCoO2,Y,2.50,0.882353,-0.241184,1,0.7143 Li4.8Y0.2P1S4.4Cl1.6 + 0.2857 LiCoO2 -> 2.429 Li + 0.2857 P2S7 + 0.2857 CoS2 + 0.1429 YPO4 + 1.143 LiCl + 0.1429 LiS4
LiCoO2,Y,2.50,1.0,-0.063245,0,Li4.8Y0.2P1S4.4Cl1.6 -> 3 Li + 0.4 P2S7 + 0.2 YPS4 + 1.6 LiCl + 0.2 LiS4
LiCoO2,Y,3.50,0.0,-0.013345,0,LiCoO2 -> 0.5 Li + 0.5 Li(CoO2)2
LiCoO2,Y,3.50,0.084746,-0.36942,1,0.02994 Li4.8Y0.2P1S4.4Cl1.6 + 0.9701 LiCoO2 -> 0.7305 Li + 0.005988 YPO4 + 0.02395 Li3PO4 + 0.3234 Co3O4 + 0.1317 Li2SO4 + 0.0479 LiCl
LiCoO2,Y,3.50,0.088757,-0.385101,1,0.03145 Li4.8Y0.2P1S4.4Cl1.6 + 0.9686 LiCoO2 -> 0.7673 Li + 0.02516 LiCoPO4 + 0.006289 YPO4 + 0.3145 Co3O4 + 0.1384 Li2SO4 + 0.05031 LiCl
LiCoO2,Y,3.50,0.093168,-0.398739,1,0.03311 Li4.8Y0.2P1S4.4Cl1.6 + 0.9669 LiCoO2 -> 0.8079 Li + 0.02649 LiCoPO4 + 0.02649 CoCl2 + 0.006623 YPO4 + 0.3046 Co3O4 + 0.1457 Li2SO4
LiCoO2,Y,3.50,0.095541,-0.406081,1,0.03401 Li4.8Y0.2P1S4.4Cl1.6 + 0.966 LiCoO2 -> 0.8299 Li + 0.01361 Co3(PO4)2 + 0.02721 CoCl2 + 0.006803 YPO4 + 0.2993 Co3O4 + 0.1497 Li2SO4
LiCoO2,Y,3.50,0.111111,-0.451336,1,0.04 Li4.8Y0.2P1S4.4Cl1.6 + 0.96 LiCoO2 -> 0.976 Li + 0.016 Co3(PO4)2 + 0.032 CoCl2 + 0.088 Li2Co(SO4)2 + 0.008 YPO4 + 0.264 Co3O4
LiCoO2,Y,3.50,0.11236,-0.454948,0,0.04049 Li4.8Y0.2P1S4.4Cl1.6 + 0.9595 LiCoO2 -> 0.9879 Li + 0.004049 Y2(SO4)3 + 0.02024 Co3(PO4)2 + 0.03239 CoCl2 + 0.083 Li2Co(SO4)2 + 0.2611 Co3O4
LiCoO2,Y,3.50,0.132743,-0.513644,0,0.04854 Li4.8Y0.2P1S4.4Cl1.6 + 0.9515 LiCoO2 -> 1.184 Li + 0.004854 Y2(SO4)3 + 0.02427 Co3(PO4)2 + 0.03883 CoCl2 + 0.199 CoSO4 + 0.2136 Co3O4
LiCoO2,Y,3.50,0.164835,-0.603521,0,0.06173 Li4.8Y0.2P1S4.4Cl1.6 + 0.9383 LiCoO2 -> 1.235 Li + 0.5432 CoO + 0.006173 Y2(SO4)3 + 0.03086 Co3(PO4)2 + 0.04938 CoCl2 + 0.2531 CoSO4
LiCoO2,Y,3.50,0.310597,-0.763107,0,0.1306 Li4.8Y0.2P1S4.4Cl1.6 + 0.8694 LiCoO2 -> 1.496 Li + 0.03379 Co9S8 + 0.01306 Y2(SO4)3 + 0.06528 Co3(PO4)2 + 0.1045 CoCl2 + 0.265 CoSO4
LiCoO2,Y,3.50,0.34202,-0.785535,0,0.1477 Li4.8Y0.2P1S4.4Cl1.6 + 0.8523 LiCoO2 -> 1.561 Li + 0.09283 Co3S4 + 0.01477 Y2(SO4)3 + 0.07384 Co3(PO4)2 + 0.1181 CoCl2 + 0.2342 CoSO4
LiCoO2,Y,3.50,0.378151,-0.803293,0,0.1685 Li4.8Y0.2P1S4.4Cl1.6 + 0.8315 LiCoO2 -> 1.64 Li + 0.2472 CoS2 + 0.01685 Y2(SO4)3 + 0.08427 Co3(PO4)2 + 0.1348 CoCl2 + 0.1966 CoSO4
LiCoO2,Y,3.50,0.414747,-0.818121,1,0.1911 Li4.8Y0.2P1S4.4Cl1.6 + 0.8089 LiCoO2 -> 1.726 Li + 0.2994 CoS2 + 0.03822 Y(PO3)3 + 0.03822 Co3(PO4)2 + 0.1529 CoCl2 + 0.242 CoSO4
LiCoO2,Y,3.50,0.428571,-0.82333,1,0.2 Li4.8Y0.2P1S4.4Cl1.6 + 0.8 LiCoO2 -> 1.76 Li + 0.04 Co2P2O7 + 0.32 CoS2 + 0.04 Y(PO3)3 + 0.16 CoCl2 + 0.24 CoSO4
LiCoO2,Y,3.50,0.449251,-0.830523,1,0.2138 Li4.8Y0.2P1S4.4Cl1.6 + 0.7862 LiCoO2 -> 1.784 Li + 0.0285 LiCo(PO3)3 + 0.3539 CoS2 + 0.04276 Y(PO3)3 + 0.171 CoCl2 + 0.2328 CoSO4
LiCoO2,Y,3.50,0.48913,-0.842179,1,0.2419 Li4.8Y0.2P1S4.4Cl1.6 + 0.7581 LiCoO2 -> 1.69 Li + 0.03226 LiCo(PO3)3 + 0.4335 CoS2 + 0.04839 Y(PO3)3 + 0.1935 CoCl2 + 0.09879 Li2Co(SO4)2
LiCoO2,Y,3.50,0.516648,-0.84966,1,0.2627 Li4.8Y0.2P1S4.4Cl1.6 + 0.7373 LiCoO2 -> 1.62 Li + 0.03503 LiCo(PO3)3 + 0.4921 CoS2 + 0.05254 Y(PO3)3 + 0.2102 CoCl2 + 0.1716 Li2SO4
LiCoO2,Y,3.50,0.580645,-0.860832,1,0.3158 Li4.8Y0.2P1S4.4Cl1.6 + 0.6842 LiCoO2 -> 1.442 Li + 0.04211 LiCo(PO3)3 + 0.6421 CoS2 + 0.06316 Y(PO3)3 + 0.1053 Li2SO4 + 0.5053 LiCl
LiCoO2,Y,3.50,0.592885,-0.861847,1,0.3268 Li4.8Y0.2P1S4.4Cl1.6 + 0.6732 LiCoO2 -> 1.405 Li + 0.6732 CoS2 + 0.06536 Y(PO3)3 + 0.0915 Li2SO4 + 0.1307 LiPO3 + 0.5229 LiCl
LiCoO2,Y,3.50,0.666667,-0.855196,1,0.4 Li4.8Y0.2P1S4.4Cl1.6 + 0.6 LiCoO2 -> 2.28 Li + 0.56 SCl + 0.6 CoS2 + 0.08 Y(PO3)3 + 0.16 LiPO3 + 0.08 LiCl
LiCoO2,Y,3.50,0.672269,-0.853351,1,0.4061 Li4.8Y0.2P1S4.4Cl1.6 + 0.5939 LiCoO2 -> 2.391 Li + 0.599 SCl + 0.5939 CoS2 + 0.08122 Y(PO3)3 + 0.01015 PCl5 + 0.1523 LiPO3
LiCoO2,Y,3.50,0.769231,-0.786762,1,0.5263 Li4.8Y0.2P1S4.4Cl1.6 + 0.4737 LiCoO2 -> 3 Li + 0.09288 P2S7 + 0.7183 SCl + 0.4737 CoS2 + 0.1053 Y(PO3)3 + 0.02477 PCl5
LiCoO2,Y,3.50,1.0,-0.592121,0,Li4.8Y0.2P1S4.4Cl1.6 -> 4.8 Li + 0.4941 P2S7 + 0.9412 SCl + 0.01176 PCl5 + 0.2 YCl3
LiCoO2,Y,4.30,0.0,-0.17822,0,LiCoO2 -> Li + CoO2
LiCoO2,Y,4.30,0.087282,-0.599173,0,0.03089 Li4.8Y0.2P1S4.4Cl1.6 + 0.9691 LiCoO2 -> 1.117 Li + 0.02471 Co(ClO4)2 + 0.03354 Co23O32 + 0.1267 CoSO4 + 0.003089 Y2(SO4)3 + 0.01545 Co3(PO4)2
LiCoO2,Y,4.30,0.096953,-0.644464,0,0.03455 Li4.8Y0.2P1S4.4Cl1.6 + 0.9654 LiCoO2 -> 1.131 Li + 0.03356 Co23O32 + 0.1417 CoSO4 + 0.003455 Y2(SO4)3 + 0.01728 Co3(PO4)2 + 0.05528 ClO2
LiCoO2,Y,4.30,0.125749,-0.778428,0,0.04575 Li4.8Y0.2P1S4.4Cl1.6 + 0.9542 LiCoO2 -> 1.174 Li + 0.02876 Co23O32 + 0.1876 CoSO4 + 0.0366 CoCl2 + 0.004575 Y2(SO4)3 + 0.02288 Co3(PO4)2
LiCoO2,Y,4.30,0.132743,-0.809401,0,0.04854 Li4.8Y0.2P1S4.4Cl1.6 + 0.9515 LiCoO2 -> 1.184 Li + 0.199 CoSO4 + 0.03883 CoCl2 + 0.004854 Y2(SO4)3 + 0.02427 Co3(PO4)2 + 0.2136 Co3O4
LiCoO2,Y,4.30,0.164835,-0.906551,0,0.06173 Li4.8Y0.2P1S4.4Cl1.6 + 0.9383 LiCoO2 -> 1.235 Li + 0.2531 CoSO4 + 0.04938 CoCl2 + 0.5432 CoO + 0.006173 Y2(SO4)3 + 0.03086 Co3(PO4)2
LiCoO2,Y,4.30,0.310597,-1.100423,0,0.1306 Li4.8Y0.2P1S4.4Cl1.6 + 0.8694 LiCoO2 -> 1.496 Li + 0.265 CoSO4 + 0.1045 CoCl2 + 0.01306 Y2(SO4)3 + 0.06528 Co3(PO4)2 + 0.03379 Co9S8
LiCoO2,Y,4.30,0.34202,-1.130523,0,0.1477 Li4.8Y0.2P1S4.4Cl1.6 + 0.8523 LiCoO2 -> 1.561 Li + 0.2342 CoSO4 + 0.1181 CoCl2 + 0.01477 Y2(SO4)3 + 0.09283 Co3S4 + 0.07384 Co3(PO4)2
LiCoO2,Y,4.30,0.378151,-1.157233,0,0.1685 Li4.8Y0.2P1S4.4Cl1.6 + 0.8315 LiCoO2 -> 1.64 Li + 0.1966 CoSO4 + 0.1348 CoCl2 + 0.01685 Y2(SO4)3 + 0.2472 CoS2 + 0.08427 Co3(PO4)2
LiCoO2,Y,4.30,0.414747,-1.18127,1,0.1911 Li4.8Y0.2P1S4.4Cl1.6 + 0.8089 LiCoO2 -> 1.726 Li + 0.242 CoSO4 + 0.03822 Y(PO3)3 + 0.1529 CoCl2 + 0.2994 CoS2 + 0.03822 Co3(PO4)2
LiCoO2,Y,4.30,0.428571,-1.189997,1,0.2 Li4.8Y0.2P1S4.4Cl1.6 + 0.8 LiCoO2 -> 1.76 Li + 0.04 Co2P2O7 + 0.24 CoSO4 + 0.04 Y(PO3)3 + 0.16 CoCl2 + 0.32 CoS2
LiCoO2,Y,4.30,0.451128,-1.200382,1,0.2151 Li4.8Y0.2P1S4.4Cl1.6 + 0.7849 LiCoO2 -> 1.817 Li + 0.02151 CoP4O11 + 0.2366 CoSO4 + 0.04301 Y(PO3)3 + 0.172 CoCl2 + 0.3548 CoS2
LiCoO2,Y,4.30,0.564263,-1.245863,1,0.3015 Li4.8Y0.2P1S4.4Cl1.6 + 0.6985 LiCoO2 -> 2.146 Li + 0.03015 CoP4O11 + 0.1307 CoSO4 + 0.0603 Y(PO3)3 + 0.5377 CoS2 + 0.1206 SCl4
LiCoO2,Y,4.30,0.614334,-1.264867,1,0.3468 Li4.8Y0.2P1S4.4Cl1.6 + 0.6532 LiCoO2 -> 2.318 Li + 0.03468 CoP4O11 + 0.1503 SO2 + 0.06936 Y(PO3)3 + 0.6185 CoS2 + 0.1387 SCl4
LiCoO2,Y,4.30,0.669145,-1.280616,1,0.4027 Li4.8Y0.2P1S4.4Cl1.6 + 0.5973 LiCoO2 -> 2.53 Li + 0.04027 CoP4O11 + 0.01342 SO2 + 0.08054 Y(PO3)3 + 0.557 CoS2 + 0.6443 SCl
LiCoO2,Y,4.30,0.681818,-1.281039,1,0.4167 Li4.8Y0.2P1S4.4Cl1.6 + 0.5833 LiCoO2 -> 2.583 Li + 0.08333 YP5O14 + 0.5833 CoS2 + 0.6667 SCl
LiCoO2,Y,4.30,0.769231,-1.247368,1,0.5263 Li4.8Y0.2P1S4.4Cl1.6 + 0.4737 LiCoO2 -> 3 Li + 0.1053 Y(PO3)3 + 0.09288 P2S7 + 0.4737 CoS2 + 0.02477 PCl5 + 0.7183 SCl
LiCoO2,Y,4.30,1.0,-1.125455,0,Li4.8Y0.2P1S4.4Cl1.6 -> 4.8 Li + 0.4941 P2S7 + 0.01176 PCl5 + 0.9412 SCl + 0.2 YCl3
LiCoO2,Y,4.50,0.0,-0.244886,0,LiCoO2 -> Li + CoO2
LiCoO2,Y,4.50,0.087282,-0.670578,0,0.03089 Li4.8Y0.2P1S4.4Cl1.6 + 0.9691 LiCoO2 -> 1.117 Li + 0.02471 Co(ClO4)2 + 0.1267 CoSO4 + 0.01545 Co3(PO4)2 + 0.003089 Y2(SO4)3 + 0.03354 Co23O32
LiCoO2,Y,4.50,0.096953,-0.716404,0,0.03455 Li4.8Y0.2P1S4.4Cl1.6 + 0.9654 LiCoO2 -> 1.131 Li + 0.1417 CoSO4 + 0.01728 Co3(PO4)2 + 0.003455 Y2(SO4)3 + 0.03356 Co23O32 + 0.05528 ClO2
LiCoO2,Y,4.50,0.125749,-0.851974,0,0.04575 Li4.8Y0.2P1S4.4Cl1.6 + 0.9542 LiCoO2 -> 1.174 Li + 0.1876 CoSO4 + 0.02288 Co3(PO4)2 + 0.004575 Y2(SO4)3 + 0.02876 Co23O32 + 0.0366 CoCl2
LiCoO2,Y,4.50,0.132743,-0.883341,0,0.04854 Li4.8Y0.2P1S4.4Cl1.6 + 0.9515 LiCoO2 -> 1.184 Li + 0.199 CoSO4 + 0.02427 Co3(PO4)2 + 0.004854 Y2(SO4)3 + 0.03883 CoCl2 + 0.2136 Co3O4
LiCoO2,Y,4.50,0.164835,-0.982309,0,0.06173 Li4.8Y0.2P1S4.4Cl1.6 + 0.9383 LiCoO2 -> 1.235 Li + 0.2531 CoSO4 + 0.5432 CoO + 0.03086 Co3(PO4)2 + 0.006173 Y2(SO4)3 + 0.04938 CoCl2
LiCoO2,Y,4.50,0.310597,-1.184752,0,0.1306 Li4.8Y0.2P1S4.4Cl1.6 + 0.8694 LiCoO2 -> 1.496 Li + 0.265 CoSO4 + 0.06528 Co3(PO4)2 + 0.01306 Y2(SO4)3 + 0.1045 CoCl2 + 0.03379 Co9S8
LiCoO2,Y,4.50,0.34202,-1.21677,0,0.1477 Li4.8Y0.2P1S4.4Cl1.6 + 0.8523 LiCoO2 -> 1.561 Li + 0.2342 CoSO4 + 0.07384 Co3(PO4)2 + 0.01477 Y2(SO4)3 + 0.09283 Co3S4 + 0.1181 CoCl2
LiCoO2,Y,4.50,0.378151,-1.245717,0,0.1685 Li4.8Y0.2P1S4.4Cl1.6 + 0.8315 LiCoO2 -> 1.64 Li + 0.1966 CoSO4 + 0.08427 Co3(PO4)2 + 0.01685 Y2(SO4)3 + 0.2472 CoS2 + 0.1348 CoCl2
LiCoO2,Y,4.50,0.414747,-1.272057,1,0.1911 Li4.8Y0.2P1S4.4Cl1.6 + 0.8089 LiCoO2 -> 1.726 Li + 0.242 CoSO4 + 0.03822 Co3(PO4)2 + 0.03822 Y(PO3)3 + 0.2994 CoS2 + 0.1529 CoCl2
LiCoO2,Y,4.50,0.428571,-1.281664,1,0.2 Li4.8Y0.2P1S4.4Cl1.6 + 0.8 LiCoO2 -> 1.76 Li + 0.24 CoSO4 + 0.04 Co2P2O7 + 0.04 Y(PO3)3 + 0.32 CoS2 + 0.16 CoCl2
LiCoO2,Y,4.50,0.451128,-1.293495,1,0.2151 Li4.8Y0.2P1S4.4Cl1.6 + 0.7849 LiCoO2 -> 1.817 Li + 0.2366 CoSO4 + 0.04301 Y(PO3)3 + 0.3548 CoS2 + 0.02151 CoP4O11 + 0.172 CoCl2
LiCoO2,Y,4.50,0.564263,-1.346452,1,0.3015 Li4.8Y0.2P1S4.4Cl1.6 + 0.6985 LiCoO2 -> 2.146 Li + 0.1307 CoSO4 + 0.1206 SCl4 + 0.0603 Y(PO3)3 + 0.5377 CoS2 + 0.03015 CoP4O11
LiCoO2,Y,4.50,0.614334,-1.368888,1,0.3468 Li4.8Y0.2P1S4.4Cl1.6 + 0.6532 LiCoO2 -> 2.318 Li + 0.1503 SO2 + 0.1387 SCl4 + 0.06936 Y(PO3)3 + 0.6185 CoS2 + 0.03468 CoP4O11
LiCoO2,Y,4.50,0.669145,-1.388484,1,0.4027 Li4.8Y0.2P1S4.4Cl1.6 + 0.5973 LiCoO2 -> 2.53 Li + 0.01342 SO2 + 0.08054 Y(PO3)3 + 0.557 CoS2 + 0.04027 CoP4O11 + 0.6443 SCl
LiCoO2,Y,4.50,0.681818,-1.389811,1,0.4167 Li4.8Y0.2P1S4.4Cl1.6 + 0.5833 LiCoO2 -> 2.583 Li + 0.08333 YP5O14 + 0.5833 CoS2 + 0.6667 SCl
LiCoO2,Y,4.50,0.769231,-1.36252,1,0.5263 Li4.8Y0.2P1S4.4Cl1.6 + 0.4737 LiCoO2 -> 3 Li + 0.09288 P2S7 + 0.1053 Y(PO3)3 + 0.4737 CoS2 + 0.02477 PCl5 + 0.7183 SCl
LiCoO2,Y,4.50,1.0,-1.258788,0,Li4.8Y0.2P1S4.4Cl1.6 -> 4.8 Li + 0.4941 P2S7 + 0.01176 PCl5 + 0.9412 SCl + 0.2 YCl3
NMC811,Y,2.50,0.0,-0.025971,0,Li1Mn0.1Co0.1Ni0.8O2 + 0.7 Li -> 0.1 LiCoO2 + 0.1 Li2MnO3 + 0.8 NiO + 0.7 Li2O
NMC811,Y,2.50,0.087137,-0.384973,0,0.03084 Li4.8Y0.2P1S4.4Cl1.6 + 0.9692 Li1Mn0.1Co0.1Ni0.8O2 -> 0.407 Li + 0.006167 LiYO2 + 0.09692 LiCoO2 + 0.09692 Li2MnO3 + 0.7753 NiO + 0.03084 Li3PO4 + 0.1357 Li2SO4 + 0.04934 LiCl
NMC811,Y,2.50,0.0875,-0.38647,0,0.03097 Li4.8Y0.2P1S4.4Cl1.6 + 0.969 Li1Mn0.1Co0.1Ni0.8O2 -> 0.4119 Li + 0.0969 LiCoO2 + 0.0969 Li2MnO3 + 0.7752 NiO + 0.03097 Li3PO4 + 0.003097 Y2O3 + 0.1363 Li2SO4 + 0.04956 LiCl
NMC811,Y,2.50,0.088608,-0.38901,0,0.03139 Li4.8Y0.2P1S4.4Cl1.6 + 0.9686 Li1Mn0.1Co0.1Ni0.8O2 -> 0.4206 Li + 0.09686 LiCoO2 + 0.09058 Li2MnO3 + 0.7749 NiO + 0.006278 YMnO3 + 0.03139 Li3PO4 + 0.1381 Li2SO4 + 0.05022 LiCl
NMC811,Y,2.50,0.1,-0.413552,0,0.03571 Li4.8Y0.2P1S4.4Cl1.6 + 0.9643 Li1Mn0.1Co0.1Ni0.8O2 -> 0.4786 Li + 0.08929 Li2MnO3 + 0.7714 NiO + 0.09643 CoO + 0.007143 YMnO3 + 0.03571 Li3PO4 + 0.1571 Li2SO4 + 0.05714 LiCl
NMC811,Y,2.50,0.110204,-0.435569,0,0.03965 Li4.8Y0.2P1S4.4Cl1.6 + 0.9604 Li1Mn0.1Co0.1Ni0.8O2 -> 0.5313 Li + 0.08811 LiMnO2 + 0.7683 NiO + 0.09604 CoO + 0.00793 YMnO3 + 0.03965 Li3PO4 + 0.1744 Li2SO4 + 0.06344 LiCl
NMC811,Y,2.50,0.115152,-0.446075,0,0.04158 Li4.8Y0.2P1S4.4Cl1.6 + 0.9584 Li1Mn0.1Co0.1Ni0.8O2 -> 0.6009 Li + 0.04376 Mn2CoO4 + 0.7667 NiO + 0.05208 CoO + 0.008315 YMnO3 + 0.04158 Li3PO4 + 0.1829 Li2SO4 + 0.06652 LiCl
NMC811,Y,2.50,0.116779,-0.448125,0,0.04221 Li4.8Y0.2P1S4.4Cl1.6 + 0.9578 Li1Mn0.1Co0.1Ni0.8O2 -> 0.5948 Li + 0.02911 Mn3O4 + 0.7662 NiO + 0.09578 CoO + 0.008443 YMnO3 + 0.04221 Li3PO4 + 0.1857 Li2SO4 + 0.06754 LiCl
NMC811,Y,2.50,0.118367,-0.44947,1,0.04284 Li4.8Y0.2P1S4.4Cl1.6 + 0.9572 Li1Mn0.1Co0.1Ni0.8O2 -> 0.6145 Li + 0.03191 Mn3O4 + 0.7657 NiO + 0.09572 CoO + 0.03427 Li3PO4 + 0.008567 YPO4 + 0.1885 Li2SO4 + 0.06854 LiCl
NMC811,Y,2.50,0.197026,-0.511368,1,0.07561 Li4.8Y0.2P1S4.4Cl1.6 + 0.9244 Li1Mn0.1Co0.1Ni0.8O2 -> 0.3195 Li + 0.03081 Mn3O4 + 0.09244 CoO + 0.06049 Li3PO4 + 0.01512 YPO4 + 0.3327 Li2SO4 + 0.7395 Ni + 0.121 LiCl
NMC811,Y,2.50,0.351351,-0.638205,1,0.1529 Li4.8Y0.2P1S4.4Cl1.6 + 0.8471 Li1Mn0.1Co0.1Ni0.8O2 -> 0.5271 Li + 0.2259 Ni3S2 + 0.02824 Mn3O4 + 0.08471 CoO + 0.1224 Li3PO4 + 0.03059 YPO4 + 0.2212 Li2SO4 + 0.2447 LiCl
NMC811,Y,2.50,0.376923,-0.658941,1,0.1678 Li4.8Y0.2P1S4.4Cl1.6 + 0.8322 Li1Mn0.1Co0.1Ni0.8O2 -> 0.5253 Li + 0.2219 Ni3S2 + 0.009247 Co9S8 + 0.02774 Mn3O4 + 0.1342 Li3PO4 + 0.03356 YPO4 + 0.2205 Li2SO4 + 0.2685 LiCl
NMC811,Y,2.50,0.378715,-0.660184,1,0.1689 Li4.8Y0.2P1S4.4Cl1.6 + 0.8311 Li1Mn0.1Co0.1Ni0.8O2 -> 0.5144 Li + 0.2216 Ni3S2 + 0.08311 MnO + 0.009235 Co9S8 + 0.1351 Li3PO4 + 0.03378 YPO4 + 0.2259 Li2SO4 + 0.2702 LiCl
NMC811,Y,2.50,0.394958,-0.667539,1,0.1787 Li4.8Y0.2P1S4.4Cl1.6 + 0.8213 Li1Mn0.1Co0.1Ni0.8O2 -> 0.5414 Li + 0.2053 Ni3S2 + 0.08213 MnO + 0.04106 Co2NiS4 + 0.143 Li3PO4 + 0.03574 YPO4 + 0.2114 Li2SO4 + 0.2859 LiCl
NMC811,Y,2.50,0.4,-0.669516,1,0.1818 Li4.8Y0.2P1S4.4Cl1.6 + 0.8182 Li1Mn0.1Co0.1Ni0.8O2 -> 0.6727 Li + 0.2045 Ni3S2 + 0.08182 LiMnPO4 + 0.04091 Co2NiS4 + 0.06364 Li3PO4 + 0.03636 YPO4 + 0.2273 Li2SO4 + 0.2909 LiCl
NMC811,Y,2.50,0.419355,-0.676285,1,0.194 Li4.8Y0.2P1S4.4Cl1.6 + 0.806 Li1Mn0.1Co0.1Ni0.8O2 -> 0.7045 Li + 0.1612 Ni3S2 + 0.0806 LiMnPO4 + 0.0806 Co(NiS2)2 + 0.07463 Li3PO4 + 0.03881 YPO4 + 0.209 Li2SO4 + 0.3104 LiCl
NMC811,Y,2.50,0.443299,-0.683929,1,0.2098 Li4.8Y0.2P1S4.4Cl1.6 + 0.7902 Li1Mn0.1Co0.1Ni0.8O2 -> 0.7454 Li + 0.07902 LiMnPO4 + 0.05268 Ni9S8 + 0.07902 Co(NiS2)2 + 0.08878 Li3PO4 + 0.04195 YPO4 + 0.1854 Li2SO4 + 0.3356 LiCl
NMC811,Y,2.50,0.485714,-0.695296,1,0.2394 Li4.8Y0.2P1S4.4Cl1.6 + 0.7606 Li1Mn0.1Co0.1Ni0.8O2 -> 0.8225 Li + 0.07606 LiMnPO4 + 0.07606 Co(NiS2)2 + 0.1155 Li3PO4 + 0.04789 YPO4 + 0.1521 Ni3S4 + 0.1408 Li2SO4 + 0.3831 LiCl
NMC811,Y,2.50,0.513514,-0.6945,1,0.2603 Li4.8Y0.2P1S4.4Cl1.6 + 0.7397 Li1Mn0.1Co0.1Ni0.8O2 -> 0.7288 Li + 0.07397 Co(NiS2)2 + 0.2082 Li3PO4 + 0.05205 YPO4 + 0.1479 Ni3S4 + 0.1096 Li2SO4 + 0.07397 MnS2 + 0.4164 LiCl
NMC811,Y,2.50,0.560976,-0.675172,1,0.2987 Li4.8Y0.2P1S4.4Cl1.6 + 0.7013 Li1Mn0.1Co0.1Ni0.8O2 -> 0.8364 Li + 0.07013 Co(NiS2)2 + 0.4208 NiS2 + 0.239 Li3PO4 + 0.05974 YPO4 + 0.05195 Li2SO4 + 0.07013 MnS2 + 0.4779 LiCl
NMC811,Y,2.50,0.581395,-0.665318,1,0.3165 Li4.8Y0.2P1S4.4Cl1.6 + 0.6835 Li1Mn0.1Co0.1Ni0.8O2 -> 0.8861 Li + 0.5468 NiS2 + 0.06835 CoS2 + 0.2532 Li3PO4 + 0.06329 YPO4 + 0.02532 Li2SO4 + 0.06835 MnS2 + 0.5063 LiCl
NMC811,Y,2.50,0.6,-0.651044,1,0.3333 Li4.8Y0.2P1S4.4Cl1.6 + 0.6667 Li1Mn0.1Co0.1Ni0.8O2 -> 0.9 Li + 0.5333 NiS2 + 0.06667 CoS2 + 0.2667 Li3PO4 + 0.06667 YPO4 + 0.06667 MnS2 + 0.5333 LiCl + 0.03333 LiS4
NMC811,Y,2.50,0.882353,-0.258638,1,0.7143 Li4.8Y0.2P1S4.4Cl1.6 + 0.2857 Li1Mn0.1Co0.1Ni0.8O2 -> 2.429 Li + 0.2286 NiS2 + 0.2857 P2S7 + 0.02857 CoS2 + 0.1429 YPO4 + 0.02857 MnS2 + 1.143 LiCl + 0.1429 LiS4
NMC811,Y,2.50,1.0,-0.063245,0,Li4.8Y0.2P1S4.4Cl1.6 -> 3 Li + 0.4 P2S7 + 0.2 YPS4 + 1.6 LiCl + 0.2 LiS4
NMC811,Y,3.50,0.0,-0.003246,0,Li1Mn0.1Co0.1Ni0.8O2 -> 0.4 Li + 0.02 Li4MnCo5O12 + 0.36 Li(NiO2)2 + 0.08 Li2MnO3 + 0.08 NiO
NMC811,Y,3.50,0.071146,-0.442435,0,0.0249 Li4.8Y0.2P1S4.4Cl1.6 + 0.9751 Li1Mn0.1Co0.1Ni0.8O2 -> 0.532 Li + 0.00249 Y2MnNiO6 + 0.0195 Li4MnCo5O12 + 0.03983 LiClO4 + 0.07552 Li2MnO3 + 0.0249 Li3PO4 + 0.7776 NiO + 0.1095 Li2SO4
NMC811,Y,3.50,0.07585,-0.470093,0,0.02663 Li4.8Y0.2P1S4.4Cl1.6 + 0.9734 Li1Mn0.1Co0.1Ni0.8O2 -> 0.6163 Li + 0.002663 Y2MnNiO6 + 0.02507 Li2Mn3NiO8 + 0.01947 Li4MnCo5O12 + 0.04261 LiClO4 + 0.02663 Li3PO4 + 0.751 NiO + 0.1172 Li2SO4
NMC811,Y,3.50,0.076517,-0.473441,1,0.02688 Li4.8Y0.2P1S4.4Cl1.6 + 0.9731 Li1Mn0.1Co0.1Ni0.8O2 -> 0.6284 Li + 0.02595 Li2Mn3NiO8 + 0.01946 Li4MnCo5O12 + 0.043 LiClO4 + 0.005375 YPO4 + 0.0215 Li3PO4 + 0.7525 NiO + 0.1183 Li2SO4
NMC811,Y,3.50,0.09699,-0.576094,1,0.03456 Li4.8Y0.2P1S4.4Cl1.6 + 0.9654 Li1Mn0.1Co0.1Ni0.8O2 -> 0.5602 Li + 0.02574 Li2Mn3NiO8 + 0.01931 Li4MnCo5O12 + 0.006913 YPO4 + 0.02765 Li3PO4 + 0.7466 NiO + 0.1521 Li2SO4 + 0.0553 LiCl
NMC811,Y,3.50,0.1,-0.591128,1,0.03571 Li4.8Y0.2P1S4.4Cl1.6 + 0.9643 Li1Mn0.1Co0.1Ni0.8O2 -> 0.6014 Li + 0.01929 Li4MnCo5O12 + 0.07714 Mn(Ni3O4)2 + 0.007143 YPO4 + 0.02857 Li3PO4 + 0.3086 NiO + 0.1571 Li2SO4 + 0.05714 LiCl
NMC811,Y,3.50,0.103448,-0.604483,1,0.03704 Li4.8Y0.2P1S4.4Cl1.6 + 0.963 Li1Mn0.1Co0.1Ni0.8O2 -> 0.6489 Li + 0.02963 NiCl2 + 0.01926 Li4MnCo5O12 + 0.07704 Mn(Ni3O4)2 + 0.007407 YPO4 + 0.02963 Li3PO4 + 0.2785 NiO + 0.163 Li2SO4
NMC811,Y,3.50,0.107143,-0.618495,1,0.03846 Li4.8Y0.2P1S4.4Cl1.6 + 0.9615 Li1Mn0.1Co0.1Ni0.8O2 -> 0.7 Li + 0.03077 NiCl2 + 0.03077 LiNiPO4 + 0.01923 Li4MnCo5O12 + 0.07692 Mn(Ni3O4)2 + 0.007692 YPO4 + 0.2462 NiO + 0.1692 Li2SO4
NMC811,Y,3.50,0.111111,-0.633357,1,0.04 Li4.8Y0.2P1S4.4Cl1.6 + 0.96 Li1Mn0.1Co0.1Ni0.8O2 -> 0.7168 Li + 0.032 NiCl2 + 0.0128 Li4MnCo5O12 + 0.032 LiCoPO4 + 0.0832 Mn(Ni3O4)2 + 0.008 YPO4 + 0.2368 NiO + 0.176 Li2SO4
NMC811,Y,3.50,0.116418,-0.653116,1,0.04207 Li4.8Y0.2P1S4.4Cl1.6 + 0.9579 Li1Mn0.1Co0.1Ni0.8O2 -> 0.756 Li + 0.03366 NiCl2 + 0.03366 LiCoPO4 + 0.09579 Mn(Ni3O4)2 + 0.008414 YPO4 + 0.1579 NiO + 0.02071 Co3O4 + 0.1851 Li2SO4
NMC811,Y,3.50,0.119266,-0.661634,1,0.04319 Li4.8Y0.2P1S4.4Cl1.6 + 0.9568 Li1Mn0.1Co0.1Ni0.8O2 -> 0.7841 Li + 0.03455 NiCl2 + 0.09568 Mn(Ni3O4)2 + 0.01728 Co3(PO4)2 + 0.008638 YPO4 + 0.1568 NiO + 0.01462 Co3O4 + 0.19 Li2SO4
NMC811,Y,3.50,0.12605,-0.68056,1,0.04587 Li4.8Y0.2P1S4.4Cl1.6 + 0.9541 Li1Mn0.1Co0.1Ni0.8O2 -> 0.8514 Li + 0.0367 NiCl2 + 0.09541 Mn(Ni3O4)2 + 0.01835 Co3(PO4)2 + 0.04037 Li2Co(SO4)2 + 0.009174 YPO4 + 0.1541 NiO + 0.1211 Li2SO4
NMC811,Y,3.50,0.146341,-0.737068,1,0.05405 Li4.8Y0.2P1S4.4Cl1.6 + 0.9459 Li1Mn0.1Co0.1Ni0.8O2 -> 0.9676 Li + 0.04324 NiCl2 + 0.005405 Mn(Ni3O4)2 + 0.02162 Co3(PO4)2 + 0.02973 Li2Co(SO4)2 + 0.01081 YPO4 + 0.08919 Li2Mn(SO4)2 + 0.6811 NiO
NMC811,Y,3.50,0.146853,-0.738498,1,0.05426 Li4.8Y0.2P1S4.4Cl1.6 + 0.9457 Li1Mn0.1Co0.1Ni0.8O2 -> 0.9674 Li + 0.04341 NiCl2 + 0.00155 Mn2CoO4 + 0.02171 Co3(PO4)2 + 0.02791 Li2Co(SO4)2 + 0.01085 YPO4 + 0.09147 Li2Mn(SO4)2 + 0.7132 NiO
NMC811,Y,3.50,0.147541,-0.740406,1,0.05455 Li4.8Y0.2P1S4.4Cl1.6 + 0.9455 Li1Mn0.1Co0.1Ni0.8O2 -> 0.9745 Li + 0.04364 NiCl2 + 0.002424 Y2(SO4)3 + 0.02424 Co3(PO4)2 + 0.02182 Li2Co(SO4)2 + 0.006061 YPO4 + 0.09455 Li2Mn(SO4)2 + 0.7127 NiO
NMC811,Y,3.50,0.149068,-0.744547,0,0.05517 Li4.8Y0.2P1S4.4Cl1.6 + 0.9448 Li1Mn0.1Co0.1Ni0.8O2 -> 0.9972 Li + 0.04414 NiCl2 + 0.005517 Y2(SO4)3 + 0.02759 Co3(PO4)2 + 0.01172 Li2Co(SO4)2 + 0.01379 NiSO4 + 0.09448 Li2Mn(SO4)2 + 0.6979 NiO
NMC811,Y,3.50,0.150838,-0.74932,0,0.0559 Li4.8Y0.2P1S4.4Cl1.6 + 0.9441 Li1Mn0.1Co0.1Ni0.8O2 -> 1.024 Li + 0.04472 NiCl2 + 0.00559 Y2(SO4)3 + 0.02795 Co3(PO4)2 + 0.02981 NiSO4 + 0.09441 Li2Mn(SO4)2 + 0.01056 CoSO4 + 0.6807 NiO
NMC811,Y,3.50,0.164835,-0.78549,0,0.06173 Li4.8Y0.2P1S4.4Cl1.6 + 0.9383 Li1Mn0.1Co0.1Ni0.8O2 -> 1.235 Li + 0.04938 NiCl2 + 0.006173 Y2(SO4)3 + 0.03086 Co3(PO4)2 + 0.158 NiSO4 + 0.001235 CoSO4 + 0.5432 NiO + 0.09383 MnSO4
NMC811,Y,3.50,0.166667,-0.787125,0,0.0625 Li4.8Y0.2P1S4.4Cl1.6 + 0.9375 Li1Mn0.1Co0.1Ni0.8O2 -> 1.237 Li + 0.05 NiCl2 + 0.001389 Ni3S2 + 0.00625 Y2(SO4)3 + 0.03125 Co3(PO4)2 + 0.1597 NiSO4 + 0.5361 NiO + 0.09375 MnSO4
NMC811,Y,3.50,0.2,-0.817042,1,0.07692 Li4.8Y0.2P1S4.4Cl1.6 + 0.9231 Li1Mn0.1Co0.1Ni0.8O2 -> 1.292 Li + 0.06154 NiCl2 + 0.02735 Ni3S2 + 0.03077 Co3(PO4)2 + 0.1915 NiSO4 + 0.01538 YPO4 + 0.4034 NiO + 0.09231 MnSO4
NMC811,Y,3.50,0.291829,-0.901146,1,0.1208 Li4.8Y0.2P1S4.4Cl1.6 + 0.8792 Li1Mn0.1Co0.1Ni0.8O2 -> 1.459 Li + 0.09662 NiCl2 + 0.019 Ni3(PO4)2 + 0.1063 Ni3S2 + 0.02931 Co3(PO4)2 + 0.2309 NiSO4 + 0.02415 YPO4 + 0.08792 MnSO4
NMC811,Y,3.50,0.315789,-0.920227,1,0.1333 Li4.8Y0.2P1S4.4Cl1.6 + 0.8667 Li1Mn0.1Co0.1Ni0.8O2 -> 1.507 Li + 0.1067 NiCl2 + 0.05333 Ni3(PO4)2 + 0.05667 Ni3S2 + 0.2133 NiSO4 + 0.02667 YPO4 + 0.04333 Co2NiS4 + 0.08667 MnSO4
NMC811,Y,3.50,0.338182,-0.937061,1,0.1455 Li4.8Y0.2P1S4.4Cl1.6 + 0.8545 Li1Mn0.1Co0.1Ni0.8O2 -> 1.553 Li + 0.1164 NiCl2 + 0.08545 Co(NiS2)2 + 0.05822 Ni3(PO4)2 + 0.008451 Ni3S2 + 0.1962 NiSO4 + 0.02911 YPO4 + 0.08545 MnSO4
NMC811,Y,3.50,0.339557,-0.938055,1,0.1463 Li4.8Y0.2P1S4.4Cl1.6 + 0.8537 Li1Mn0.1Co0.1Ni0.8O2 -> 1.556 Li + 0.117 NiCl2 + 0.08537 Co(NiS2)2 + 0.05852 Ni3(PO4)2 + 0.002715 Ni9S8 + 0.1952 NiSO4 + 0.02926 YPO4 + 0.08537 MnSO4
NMC811,Y,3.50,0.34202,-0.939706,1,0.1477 Li4.8Y0.2P1S4.4Cl1.6 + 0.8523 Li1Mn0.1Co0.1Ni0.8O2 -> 1.561 Li + 0.1181 NiCl2 + 0.08523 Co(NiS2)2 + 0.05907 Ni3(PO4)2 + 0.007595 Ni3S4 + 0.1932 NiSO4 + 0.02954 YPO4 + 0.08523 MnSO4
NMC811,Y,3.50,0.359589,-0.946114,1,0.1577 Li4.8Y0.2P1S4.4Cl1.6 + 0.8423 Li1Mn0.1Co0.1Ni0.8O2 -> 1.599 Li + 0.1261 NiCl2 + 0.06306 Ni2P2O7 + 0.08423 Co(NiS2)2 + 0.01937 Ni3S4 + 0.195 NiSO4 + 0.03153 YPO4 + 0.08423 MnSO4
NMC811,Y,3.50,0.364267,-0.947424,0,0.1604 Li4.8Y0.2P1S4.4Cl1.6 + 0.8396 Li1Mn0.1Co0.1Ni0.8O2 -> 1.609 Li + 0.1283 NiCl2 + 0.08018 Ni2P2O7 + 0.08396 Co(NiS2)2 + 0.02257 Ni3S4 + 0.01604 Y2(SO4)3 + 0.1474 NiSO4 + 0.08396 MnSO4
NMC811,Y,3.50,0.38961,-0.954253,0,0.1754 Li4.8Y0.2P1S4.4Cl1.6 + 0.8246 Li1Mn0.1Co0.1Ni0.8O2 -> 1.667 Li + 0.08772 Ni(PO3)2 + 0.1404 NiCl2 + 0.08246 Co(NiS2)2 + 0.04035 Ni3S4 + 0.01754 Y2(SO4)3 + 0.1456 NiSO4 + 0.08246 MnSO4
NMC811,Y,3.50,0.415631,-0.957611,0,0.1916 Li4.8Y0.2P1S4.4Cl1.6 + 0.8084 Li1Mn0.1Co0.1Ni0.8O2 -> 1.567 Li + 0.09582 Ni(PO3)2 + 0.1533 NiCl2 + 0.08084 Co(NiS2)2 + 0.06486 Ni3S4 + 0.01916 Y2(SO4)3 + 0.04128 NiSO4 + 0.08084 Li2Mn(SO4)2
NMC811,Y,3.50,0.44335,-0.960116,0,0.2098 Li4.8Y0.2P1S4.4Cl1.6 + 0.7902 Li1Mn0.1Co0.1Ni0.8O2 -> 1.639 Li + 0.1049 Ni(PO3)2 + 0.1678 NiCl2 + 0.1846 NiS2 + 0.07902 Co(NiS2)2 + 0.02098 Y2(SO4)3 + 0.01678 NiSO4 + 0.07902 Li2Mn(SO4)2
NMC811,Y,3.50,0.448399,-0.960485,0,0.2132 Li4.8Y0.2P1S4.4Cl1.6 + 0.7868 Li1Mn0.1Co0.1Ni0.8O2 -> 1.628 Li + 0.1066 Ni(PO3)2 + 0.1706 NiCl2 + 0.1949 NiS2 + 0.07868 Co(NiS2)2 + 0.02132 Y2(SO4)3 + 0.07868 Li2Mn(SO4)2 + 0.01218 Li2SO4
NMC811,Y,3.50,0.468401,-0.961079,1,0.227 Li4.8Y0.2P1S4.4Cl1.6 + 0.773 Li1Mn0.1Co0.1Ni0.8O2 -> 1.585 Li + 0.04541 Ni(PO3)2 + 0.1816 NiCl2 + 0.2368 NiS2 + 0.0773 Co(NiS2)2 + 0.04541 Y(PO3)3 + 0.0773 Li2Mn(SO4)2 + 0.06162 Li2SO4
NMC811,Y,3.50,0.491103,-0.961579,1,0.2434 Li4.8Y0.2P1S4.4Cl1.6 + 0.7566 Li1Mn0.1Co0.1Ni0.8O2 -> 1.685 Li + 0.04868 Ni(PO3)2 + 0.1947 NiCl2 + 0.3619 NiS2 + 0.07566 CoS2 + 0.04868 Y(PO3)3 + 0.07566 Li2Mn(SO4)2 + 0.04444 Li2SO4
NMC811,Y,3.50,0.505495,-0.960911,1,0.2541 Li4.8Y0.2P1S4.4Cl1.6 + 0.7459 Li1Mn0.1Co0.1Ni0.8O2 -> 1.649 Li + 0.2033 NiCl2 + 0.3934 NiS2 + 0.07459 CoS2 + 0.05083 Y(PO3)3 + 0.02376 Li2Mn(SO4)2 + 0.1348 Li2SO4 + 0.05083 Mn(PO3)2
NMC811,Y,3.50,0.6,-0.93473,1,0.3333 Li4.8Y0.2P1S4.4Cl1.6 + 0.6667 Li1Mn0.1Co0.1Ni0.8O2 -> 2.1 Li + 0.0875 NiCl2 + 0.4458 NiS2 + 0.3583 SCl + 0.06667 CoS2 + 0.06667 Y(PO3)3 + 0.08333 Li2SO4 + 0.06667 Mn(PO3)2
NMC811,Y,3.50,0.660287,-0.916795,1,0.3932 Li4.8Y0.2P1S4.4Cl1.6 + 0.6068 Li1Mn0.1Co0.1Ni0.8O2 -> 2.441 Li + 0.0359 LiMn(PO3)3 + 0.4855 NiS2 + 0.6291 SCl + 0.06068 CoS2 + 0.07863 Y(PO3)3 + 0.008547 Li2SO4 + 0.02479 Mn(PO3)2
NMC811,Y,3.50,0.666667,-0.913666,1,0.4 Li4.8Y0.2P1S4.4Cl1.6 + 0.6 Li1Mn0.1Co0.1Ni0.8O2 -> 2.48 Li + 0.04 LiMn(PO3)3 + 0.48 NiS2 + 0.64 SCl + 0.06 CoS2 + 0.08 Y(PO3)3 + 0.02 Mn(PO3)2 + 0.04 S
NMC811,Y,3.50,0.670588,-0.910809,1,0.4043 Li4.8Y0.2P1S4.4Cl1.6 + 0.5957 Li1Mn0.1Co0.1Ni0.8O2 -> 2.536 Li + 0.02128 MnP4O11 + 0.4766 NiS2 + 0.6468 SCl + 0.05957 CoS2 + 0.08085 Y(PO3)3 + 0.0383 Mn(PO3)2 + 0.05957 S
NMC811,Y,3.50,0.697297,-0.888715,1,0.4343 Li4.8Y0.2P1S4.4Cl1.6 + 0.5657 Li1Mn0.1Co0.1Ni0.8O2 -> 2.651 Li + 0.00202 MnP4O11 + 0.4525 NiS2 + 0.02828 P2S7 + 0.6949 SCl + 0.05657 CoS2 + 0.08687 Y(PO3)3 + 0.05455 Mn(PO3)2
NMC811,Y,3.50,0.7,-0.886384,1,0.4375 Li4.8Y0.2P1S4.4Cl1.6 + 0.5625 Li1Mn0.1Co0.1Ni0.8O2 -> 2.662 Li + 0.45 NiS2 + 0.03088 P2S7 + 0.6963 SCl + 0.05625 CoS2 + 0.0875 Y(PO3)3 + 0.0007353 PCl5 + 0.05625 Mn(PO3)2
NMC811,Y,3.50,1.0,-0.592121,0,Li4.8Y0.2P1S4.4Cl1.6 -> 4.8 Li + 0.4941 P2S7 + 0.9412 SCl + 0.01176 PCl5 + 0.2 YCl3
NMC811,Y,4.30,0.0,-0.232711,0,Li1Mn0.1Co0.1Ni0.8O2 -> Li + 0.1 Co(NiO2)2 + 0.1 Mn(Ni3O4)2 + 0.4 O2
NMC811,Y,4.30,0.044776,-0.485967,1,0.01538 Li4.8Y0.2P1S4.4Cl1.6 + 0.9846 Li1Mn0.1Co0.1Ni0.8O2 -> 1.058 Li + 0.09846 CoNiO3 + 0.01231 Ni(ClO4)2 + 0.006154 Ni3(PO4)2 + 0.06769 NiSO4 + 0.003077 YPO4 + 0.09846 Mn(Ni3O4)2 + 0.2277 O2
NMC811,Y,4.30,0.050847,-0.520639,1,0.01754 Li4.8Y0.2P1S4.4Cl1.6 + 0.9825 Li1Mn0.1Co0.1Ni0.8O2 -> 1.039 Li + 0.02807 LiClO4 + 0.09825 CoNiO3 + 0.007018 Ni3(PO4)2 + 0.07719 NiSO4 + 0.003509 YPO4 + 0.09825 Mn(Ni3O4)2 + 0.1965 O2
NMC811,Y,4.30,0.096774,-0.78518,1,0.03448 Li4.8Y0.2P1S4.4Cl1.6 + 0.9655 Li1Mn0.1Co0.1Ni0.8O2 -> 1.076 Li + 0.05517 LiClO4 + 0.09655 CoNiO3 + 0.01379 Ni3(PO4)2 + 0.01931 MnNiO3 + 0.1517 NiSO4 + 0.006897 YPO4 + 0.07724 Mn(Ni3O4)2
NMC811,Y,4.30,0.1,-0.803795,1,0.03571 Li4.8Y0.2P1S4.4Cl1.6 + 0.9643 Li1Mn0.1Co0.1Ni0.8O2 -> 1.136 Li + 0.09643 CoNiO3 + 0.02857 Ni(ClO4)2 + 0.01429 Ni3(PO4)2 + 0.02643 MnNiO3 + 0.1571 NiSO4 + 0.007143 YPO4 + 0.07 Mn(Ni3O4)2
NMC811,Y,4.30,0.106796,-0.838101,1,0.03833 Li4.8Y0.2P1S4.4Cl1.6 + 0.9617 Li1Mn0.1Co0.1Ni0.8O2 -> 1.146 Li + 0.03066 Ni(ClO4)2 + 0.004181 Co23O32 + 0.01533 Ni3(PO4)2 + 0.01059 MnNiO3 + 0.1686 NiSO4 + 0.007666 YPO4 + 0.08557 Mn(Ni3O4)2
NMC811,Y,4.30,0.145232,-1.026704,1,0.0536 Li4.8Y0.2P1S4.4Cl1.6 + 0.9464 Li1Mn0.1Co0.1Ni0.8O2 -> 1.204 Li + 0.004115 Co23O32 + 0.02144 Ni3(PO4)2 + 0.03075 MnNiO3 + 0.2358 NiSO4 + 0.01072 YPO4 + 0.04288 NiCl2 + 0.06389 Mn(Ni3O4)2
NMC811,Y,4.30,0.146067,-1.030466,1,0.05394 Li4.8Y0.2P1S4.4Cl1.6 + 0.9461 Li1Mn0.1Co0.1Ni0.8O2 -> 1.205 Li + 0.02158 Ni3(PO4)2 + 0.0312 MnNiO3 + 0.2373 NiSO4 + 0.01079 YPO4 + 0.04315 NiCl2 + 0.03154 Co3O4 + 0.0634 Mn(Ni3O4)2
NMC811,Y,4.30,0.148825,-1.04018,1,0.05507 Li4.8Y0.2P1S4.4Cl1.6 + 0.9449 Li1Mn0.1Co0.1Ni0.8O2 -> 1.209 Li + 0.02203 Ni3(PO4)2 + 0.01362 Mn2CoO4 + 0.2423 NiSO4 + 0.01101 YPO4 + 0.04406 NiCl2 + 0.02696 Co3O4 + 0.06725 Mn(Ni3O4)2
NMC811,Y,4.30,0.151194,-1.048524,1,0.05605 Li4.8Y0.2P1S4.4Cl1.6 + 0.944 Li1Mn0.1Co0.1Ni0.8O2 -> 1.213 Li + 0.008555 Mn2CoO4 + 0.2466 NiSO4 + 0.01121 YPO4 + 0.04484 NiCl2 + 0.02242 Co3(PO4)2 + 0.006195 Co3O4 + 0.07729 Mn(Ni3O4)2
NMC811,Y,4.30,0.151798,-1.050491,0,0.0563 Li4.8Y0.2P1S4.4Cl1.6 + 0.9437 Li1Mn0.1Co0.1Ni0.8O2 -> 1.214 Li + 0.007259 Mn2CoO4 + 0.2308 NiSO4 + 0.04504 NiCl2 + 0.00563 Y2(SO4)3 + 0.02815 Co3(PO4)2 + 0.0008889 Co3O4 + 0.07985 Mn(Ni3O4)2
NMC811,Y,4.30,0.151899,-1.050813,0,0.05634 Li4.8Y0.2P1S4.4Cl1.6 + 0.9437 Li1Mn0.1Co0.1Ni0.8O2 -> 1.214 Li + 0.007042 Mn2CoO4 + 0.002817 CoSO4 + 0.2282 NiSO4 + 0.04507 NiCl2 + 0.005634 Y2(SO4)3 + 0.02817 Co3(PO4)2 + 0.08028 Mn(Ni3O4)2
NMC811,Y,4.30,0.152284,-1.051966,0,0.0565 Li4.8Y0.2P1S4.4Cl1.6 + 0.9435 Li1Mn0.1Co0.1Ni0.8O2 -> 1.215 Li + 0.009605 Mn2CoO4 + 0.2316 NiSO4 + 0.02712 NiO + 0.0452 NiCl2 + 0.00565 Y2(SO4)3 + 0.02825 Co3(PO4)2 + 0.07514 Mn(Ni3O4)2
NMC811,Y,4.30,0.154639,-1.058968,1,0.05747 Li4.8Y0.2P1S4.4Cl1.6 + 0.9425 Li1Mn0.1Co0.1Ni0.8O2 -> 1.218 Li + 0.02529 Mn2CoO4 + 0.2529 NiSO4 + 0.01149 YPO4 + 0.1931 NiO + 0.04598 NiCl2 + 0.02299 Co3(PO4)2 + 0.04368 Mn(Ni3O4)2
NMC811,Y,4.30,0.161677,-1.079476,1,0.0604 Li4.8Y0.2P1S4.4Cl1.6 + 0.9396 Li1Mn0.1Co0.1Ni0.8O2 -> 1.23 Li + 0.02148 Mn2CoO4 + 0.2148 NiSO4 + 0.01208 YPO4 + 0.4886 NiO + 0.04832 NiCl2 + 0.05101 MnSO4 + 0.02416 Co3(PO4)2
NMC811,Y,4.30,0.164634,-1.087947,0,0.06164 Li4.8Y0.2P1S4.4Cl1.6 + 0.9384 Li1Mn0.1Co0.1Ni0.8O2 -> 1.234 Li + 0.00137 Mn2CoO4 + 0.1616 NiSO4 + 0.5397 NiO + 0.04932 NiCl2 + 0.006164 Y2(SO4)3 + 0.0911 MnSO4 + 0.03082 Co3(PO4)2
NMC811,Y,4.30,0.164835,-1.08852,0,0.06173 Li4.8Y0.2P1S4.4Cl1.6 + 0.9383 Li1Mn0.1Co0.1Ni0.8O2 -> 1.235 Li + 0.001235 CoSO4 + 0.158 NiSO4 + 0.5432 NiO + 0.04938 NiCl2 + 0.006173 Y2(SO4)3 + 0.09383 MnSO4 + 0.03086 Co3(PO4)2
NMC811,Y,4.30,0.166667,-1.090573,0,0.0625 Li4.8Y0.2P1S4.4Cl1.6 + 0.9375 Li1Mn0.1Co0.1Ni0.8O2 -> 1.237 Li + 0.1597 NiSO4 + 0.5361 NiO + 0.05 NiCl2 + 0.001389 Ni3S2 + 0.00625 Y2(SO4)3 + 0.09375 MnSO4 + 0.03125 Co3(PO4)2
NMC811,Y,4.30,0.2,-1.128153,1,0.07692 Li4.8Y0.2P1S4.4Cl1.6 + 0.9231 Li1Mn0.1Co0.1Ni0.8O2 -> 1.292 Li + 0.1915 NiSO4 + 0.01538 YPO4 + 0.4034 NiO + 0.06154 NiCl2 + 0.02735 Ni3S2 + 0.09231 MnSO4 + 0.03077 Co3(PO4)2
NMC811,Y,4.30,0.291829,-1.233929,1,0.1208 Li4.8Y0.2P1S4.4Cl1.6 + 0.8792 Li1Mn0.1Co0.1Ni0.8O2 -> 1.459 Li + 0.019 Ni3(PO4)2 + 0.2309 NiSO4 + 0.02415 YPO4 + 0.09662 NiCl2 + 0.1063 Ni3S2 + 0.08792 MnSO4 + 0.02931 Co3(PO4)2
NMC811,Y,4.30,0.315789,-1.258803,1,0.1333 Li4.8Y0.2P1S4.4Cl1.6 + 0.8667 Li1Mn0.1Co0.1Ni0.8O2 -> 1.507 Li + 0.05333 Ni3(PO4)2 + 0.2133 NiSO4 + 0.02667 YPO4 + 0.1067 NiCl2 + 0.05667 Ni3S2 + 0.04333 Co2NiS4 + 0.08667 MnSO4
NMC811,Y,4.30,0.338182,-1.281106,1,0.1455 Li4.8Y0.2P1S4.4Cl1.6 + 0.8545 Li1Mn0.1Co0.1Ni0.8O2 -> 1.553 Li + 0.05822 Ni3(PO4)2 + 0.1962 NiSO4 + 0.02911 YPO4 + 0.1164 NiCl2 + 0.008451 Ni3S2 + 0.08545 MnSO4 + 0.08545 Co(NiS2)2
NMC811,Y,4.30,0.339557,-1.282438,1,0.1463 Li4.8Y0.2P1S4.4Cl1.6 + 0.8537 Li1Mn0.1Co0.1Ni0.8O2 -> 1.556 Li + 0.05852 Ni3(PO4)2 + 0.002715 Ni9S8 + 0.1952 NiSO4 + 0.02926 YPO4 + 0.117 NiCl2 + 0.08537 MnSO4 + 0.08537 Co(NiS2)2
NMC811,Y,4.30,0.34202,-1.284694,1,0.1477 Li4.8Y0.2P1S4.4Cl1.6 + 0.8523 Li1Mn0.1Co0.1Ni0.8O2 -> 1.561 Li + 0.05907 Ni3(PO4)2 + 0.1932 NiSO4 + 0.02954 YPO4 + 0.1181 NiCl2 + 0.007595 Ni3S4 + 0.08523 MnSO4 + 0.08523 Co(NiS2)2
NMC811,Y,4.30,0.359589,-1.295438,1,0.1577 Li4.8Y0.2P1S4.4Cl1.6 + 0.8423 Li1Mn0.1Co0.1Ni0.8O2 -> 1.599 Li + 0.195 NiSO4 + 0.03153 YPO4 + 0.06306 Ni2P2O7 + 0.1261 NiCl2 + 0.01937 Ni3S4 + 0.08423 MnSO4 + 0.08423 Co(NiS2)2
NMC811,Y,4.30,0.364267,-1.297907,0,0.1604 Li4.8Y0.2P1S4.4Cl1.6 + 0.8396 Li1Mn0.1Co0.1Ni0.8O2 -> 1.609 Li + 0.1474 NiSO4 + 0.08018 Ni2P2O7 + 0.1283 NiCl2 + 0.01604 Y2(SO4)3 + 0.02257 Ni3S4 + 0.08396 MnSO4 + 0.08396 Co(NiS2)2
NMC811,Y,4.30,0.38961,-1.311061,0,0.1754 Li4.8Y0.2P1S4.4Cl1.6 + 0.8246 Li1Mn0.1Co0.1Ni0.8O2 -> 1.667 Li + 0.1456 NiSO4 + 0.1404 NiCl2 + 0.01754 Y2(SO4)3 + 0.04035 Ni3S4 + 0.08772 Ni(PO3)2 + 0.08246 MnSO4 + 0.08246 Co(NiS2)2
NMC811,Y,4.30,0.408377,-1.31749,0,0.1871 Li4.8Y0.2P1S4.4Cl1.6 + 0.8129 Li1Mn0.1Co0.1Ni0.8O2 -> 1.711 Li + 0.1288 NiSO4 + 0.1496 NiCl2 + 0.01871 Y2(SO4)3 + 0.09353 Ni(PO3)2 + 0.08129 MnSO4 + 0.1158 NiS2 + 0.08129 Co(NiS2)2
NMC811,Y,4.30,0.44335,-1.327793,0,0.2098 Li4.8Y0.2P1S4.4Cl1.6 + 0.7902 Li1Mn0.1Co0.1Ni0.8O2 -> 1.797 Li + 0.0958 NiSO4 + 0.1678 NiCl2 + 0.02098 Y2(SO4)3 + 0.07902 CoS2 + 0.1049 Ni(PO3)2 + 0.07902 MnSO4 + 0.2636 NiS2
NMC811,Y,4.30,0.47929,-1.334074,0,0.2348 Li4.8Y0.2P1S4.4Cl1.6 + 0.7652 Li1Mn0.1Co0.1Ni0.8O2 -> 1.892 Li + 0.1191 SO2 + 0.1878 NiCl2 + 0.02348 Y2(SO4)3 + 0.07652 CoS2 + 0.1174 Ni(PO3)2 + 0.07652 MnSO4 + 0.307 NiS2
NMC811,Y,4.30,0.50625,-1.337893,1,0.2547 Li4.8Y0.2P1S4.4Cl1.6 + 0.7453 Li1Mn0.1Co0.1Ni0.8O2 -> 1.968 Li + 0.2142 SO2 + 0.05094 Y(PO3)3 + 0.2038 NiCl2 + 0.07453 CoS2 + 0.05094 Ni(PO3)2 + 0.07453 MnSO4 + 0.3415 NiS2
NMC811,Y,4.30,0.525974,-1.340548,1,0.27 Li4.8Y0.2P1S4.4Cl1.6 + 0.73 Li1Mn0.1Co0.1Ni0.8O2 -> 2.026 Li + 0.287 SO2 + 0.054 Y(PO3)3 + 0.216 NiCl2 + 0.073 CoS2 + 0.019 MnSO4 + 0.368 NiS2 + 0.054 Mn(PO3)2
NMC811,Y,4.30,0.6,-1.343304,1,0.3333 Li4.8Y0.2P1S4.4Cl1.6 + 0.6667 Li1Mn0.1Co0.1Ni0.8O2 -> 2.267 Li + 0.1667 SO2 + 0.06667 Y(PO3)3 + 0.1083 NiCl2 + 0.06667 CoS2 + 0.425 NiS2 + 0.3167 SCl + 0.06667 Mn(PO3)2
NMC811,Y,4.30,0.656934,-1.344924,1,0.3896 Li4.8Y0.2P1S4.4Cl1.6 + 0.6104 Li1Mn0.1Co0.1Ni0.8O2 -> 2.481 Li + 0.02597 SO2 + 0.07792 Y(PO3)3 + 0.06104 CoS2 + 0.01688 Ni(PO3)2 + 0.4714 NiS2 + 0.6234 SCl + 0.06104 Mn(PO3)2
NMC811,Y,4.30,0.662651,-1.344343,1,0.3957 Li4.8Y0.2P1S4.4Cl1.6 + 0.6043 Li1Mn0.1Co0.1Ni0.8O2 -> 2.504 Li + 0.02014 SO2 + 0.01871 MnP4O11 + 0.07914 Y(PO3)3 + 0.06043 CoS2 + 0.4835 NiS2 + 0.6331 SCl + 0.04173 Mn(PO3)2
NMC811,Y,4.30,0.670588,-1.342693,1,0.4043 Li4.8Y0.2P1S4.4Cl1.6 + 0.5957 Li1Mn0.1Co0.1Ni0.8O2 -> 2.536 Li + 0.02128 MnP4O11 + 0.08085 Y(PO3)3 + 0.05957 CoS2 + 0.4766 NiS2 + 0.6468 SCl + 0.0383 Mn(PO3)2 + 0.05957 S
NMC811,Y,4.30,0.697297,-1.328246,1,0.4343 Li4.8Y0.2P1S4.4Cl1.6 + 0.5657 Li1Mn0.1Co0.1Ni0.8O2 -> 2.651 Li + 0.00202 MnP4O11 + 0.08687 Y(PO3)3 + 0.02828 P2S7 + 0.05657 CoS2 + 0.4525 NiS2 + 0.6949 SCl + 0.05455 Mn(PO3)2
NMC811,Y,4.30,0.7,-1.326694,1,0.4375 Li4.8Y0.2P1S4.4Cl1.6 + 0.5625 Li1Mn0.1Co0.1Ni0.8O2 -> 2.663 Li + 0.0875 Y(PO3)3 + 0.03088 P2S7 + 0.05625 CoS2 + 0.0007353 PCl5 + 0.45 NiS2 + 0.6963 SCl + 0.05625 Mn(PO3)2
NMC811,Y,4.30,1.0,-1.125455,0,Li4.8Y0.2P1S4.4Cl1.6 -> 4.8 Li + 0.4941 P2S7 + 0.01176 PCl5 + 0.9412 SCl + 0.2 YCl3
NMC811,Y,4.50,0.0,-0.299378,0,Li1Mn0.1Co0.1Ni0.8O2 -> Li + 0.1 Co(NiO2)2 + 0.1 Mn(Ni3O4)2 + 0.4 O2
NMC811,Y,4.50,0.044776,-0.555043,1,0.01538 Li4.8Y0.2P1S4.4Cl1.6 + 0.9846 Li1Mn0.1Co0.1Ni0.8O2 -> 1.058 Li + 0.09846 CoNiO3 + 0.003077 YPO4 + 0.01231 Ni(ClO4)2 + 0.006154 Ni3(PO4)2 + 0.06769 NiSO4 + 0.09846 Mn(Ni3O4)2 + 0.2277 O2
NMC811,Y,4.50,0.1,-0.875904,1,0.03571 Li4.8Y0.2P1S4.4Cl1.6 + 0.9643 Li1Mn0.1Co0.1Ni0.8O2 -> 1.136 Li + 0.09643 CoNiO3 + 0.02643 MnNiO3 + 0.007143 YPO4 + 0.02857 Ni(ClO4)2 + 0.01429 Ni3(PO4)2 + 0.1571 NiSO4 + 0.07 Mn(Ni3O4)2
NMC811,Y,4.50,0.106796,-0.910588,1,0.03833 Li4.8Y0.2P1S4.4Cl1.6 + 0.9617 Li1Mn0.1Co0.1Ni0.8O2 -> 1.146 Li + 0.01059 MnNiO3 + 0.007666 YPO4 + 0.03066 Ni(ClO4)2 + 0.004181 Co23O32 + 0.01533 Ni3(PO4)2 + 0.1686 NiSO4 + 0.08557 Mn(Ni3O4)2
NMC811,Y,4.50,0.145232,-1.101349,1,0.0536 Li4.8Y0.2P1S4.4Cl1.6 + 0.9464 Li1Mn0.1Co0.1Ni0.8O2 -> 1.204 Li + 0.03075 MnNiO3 + 0.01072 YPO4 + 0.04288 NiCl2 + 0.004115 Co23O32 + 0.02144 Ni3(PO4)2 + 0.2358 NiSO4 + 0.06389 Mn(Ni3O4)2
NMC811,Y,4.50,0.146067,-1.105158,1,0.05394 Li4.8Y0.2P1S4.4Cl1.6 + 0.9461 Li1Mn0.1Co0.1Ni0.8O2 -> 1.205 Li + 0.0312 MnNiO3 + 0.01079 YPO4 + 0.04315 NiCl2 + 0.02158 Ni3(PO4)2 + 0.2373 NiSO4 + 0.03154 Co3O4 + 0.0634 Mn(Ni3O4)2
NMC811,Y,4.50,0.148825,-1.115027,1,0.05507 Li4.8Y0.2P1S4.4Cl1.6 + 0.9449 Li1Mn0.1Co0.1Ni0.8O2 -> 1.209 Li + 0.01101 YPO4 + 0.04406 NiCl2 + 0.02203 Ni3(PO4)2 + 0.01362 Mn2CoO4 + 0.2423 NiSO4 + 0.02696 Co3O4 + 0.06725 Mn(Ni3O4)2
NMC811,Y,4.50,0.151194,-1.123505,1,0.05605 Li4.8Y0.2P1S4.4Cl1.6 + 0.944 Li1Mn0.1Co0.1Ni0.8O2 -> 1.213 Li + 0.01121 YPO4 + 0.02242 Co3(PO4)2 + 0.04484 NiCl2 + 0.008555 Mn2CoO4 + 0.2466 NiSO4 + 0.006195 Co3O4 + 0.07729 Mn(Ni3O4)2
NMC811,Y,4.50,0.151798,-1.125507,0,0.0563 Li4.8Y0.2P1S4.4Cl1.6 + 0.9437 Li1Mn0.1Co0.1Ni0.8O2 -> 1.214 Li + 0.02815 Co3(PO4)2 + 0.00563 Y2(SO4)3 + 0.04504 NiCl2 + 0.007259 Mn2CoO4 + 0.2308 NiSO4 + 0.0008889 Co3O4 + 0.07985 Mn(Ni3O4)2
NMC811,Y,4.50,0.151899,-1.125835,0,0.05634 Li4.8Y0.2P1S4.4Cl1.6 + 0.9437 Li1Mn0.1Co0.1Ni0.8O2 -> 1.214 Li + 0.002817 CoSO4 + 0.02817 Co3(PO4)2 + 0.005634 Y2(SO4)3 + 0.04507 NiCl2 + 0.007042 Mn2CoO4 + 0.2282 NiSO4 + 0.08028 Mn(Ni3O4)2
NMC811,Y,4.50,0.152284,-1.12701,0,0.0565 Li4.8Y0.2P1S4.4Cl1.6 + 0.9435 Li1Mn0.1Co0.1Ni0.8O2 -> 1.215 Li + 0.02825 Co3(PO4)2 + 0.00565 Y2(SO4)3 + 0.0452 NiCl2 + 0.009605 Mn2CoO4 + 0.2316 NiSO4 + 0.02712 NiO + 0.07514 Mn(Ni3O4)2
NMC811,Y,4.50,0.154639,-1.134146,1,0.05747 Li4.8Y0.2P1S4.4Cl1.6 + 0.9425 Li1Mn0.1Co0.1Ni0.8O2 -> 1.218 Li + 0.01149 YPO4 + 0.02299 Co3(PO4)2 + 0.04598 NiCl2 + 0.02529 Mn2CoO4 + 0.2529 NiSO4 + 0.1931 NiO + 0.04368 Mn(Ni3O4)2
NMC811,Y,4.50,0.161677,-1.155054,1,0.0604 Li4.8Y0.2P1S4.4Cl1.6 + 0.9396 Li1Mn0.1Co0.1Ni0.8O2 -> 1.23 Li + 0.01208 YPO4 + 0.02416 Co3(PO4)2 + 0.04832 NiCl2 + 0.05101 MnSO4 + 0.02148 Mn2CoO4 + 0.2148 NiSO4 + 0.4886 NiO
NMC811,Y,4.50,0.164634,-1.163693,0,0.06164 Li4.8Y0.2P1S4.4Cl1.6 + 0.9384 Li1Mn0.1Co0.1Ni0.8O2 -> 1.234 Li + 0.03082 Co3(PO4)2 + 0.006164 Y2(SO4)3 + 0.04932 NiCl2 + 0.0911 MnSO4 + 0.00137 Mn2CoO4 + 0.1616 NiSO4 + 0.5397 NiO
NMC811,Y,4.50,0.164835,-1.164278,0,0.06173 Li4.8Y0.2P1S4.4Cl1.6 + 0.9383 Li1Mn0.1Co0.1Ni0.8O2 -> 1.235 Li + 0.001235 CoSO4 + 0.03086 Co3(PO4)2 + 0.006173 Y2(SO4)3 + 0.04938 NiCl2 + 0.09383 MnSO4 + 0.158 NiSO4 + 0.5432 NiO
NMC811,Y,4.50,0.166667,-1.166435,0,0.0625 Li4.8Y0.2P1S4.4Cl1.6 + 0.9375 Li1Mn0.1Co0.1Ni0.8O2 -> 1.238 Li + 0.03125 Co3(PO4)2 + 0.00625 Y2(SO4)3 + 0.05 NiCl2 + 0.001389 Ni3S2 + 0.09375 MnSO4 + 0.1597 NiSO4 + 0.5361 NiO
NMC811,Y,4.50,0.2,-1.20593,1,0.07692 Li4.8Y0.2P1S4.4Cl1.6 + 0.9231 Li1Mn0.1Co0.1Ni0.8O2 -> 1.292 Li + 0.01538 YPO4 + 0.03077 Co3(PO4)2 + 0.06154 NiCl2 + 0.02735 Ni3S2 + 0.09231 MnSO4 + 0.1915 NiSO4 + 0.4034 NiO
NMC811,Y,4.50,0.291829,-1.317124,1,0.1208 Li4.8Y0.2P1S4.4Cl1.6 + 0.8792 Li1Mn0.1Co0.1Ni0.8O2 -> 1.459 Li + 0.02415 YPO4 + 0.02931 Co3(PO4)2 + 0.09662 NiCl2 + 0.1063 Ni3S2 + 0.08792 MnSO4 + 0.019 Ni3(PO4)2 + 0.2309 NiSO4
NMC811,Y,4.50,0.315789,-1.343448,1,0.1333 Li4.8Y0.2P1S4.4Cl1.6 + 0.8667 Li1Mn0.1Co0.1Ni0.8O2 -> 1.507 Li + 0.02667 YPO4 + 0.1067 NiCl2 + 0.05667 Ni3S2 + 0.08667 MnSO4 + 0.05333 Ni3(PO4)2 + 0.04333 Co2NiS4 + 0.2133 NiSO4
NMC811,Y,4.50,0.338182,-1.367118,1,0.1455 Li4.8Y0.2P1S4.4Cl1.6 + 0.8545 Li1Mn0.1Co0.1Ni0.8O2 -> 1.553 Li + 0.02911 YPO4 + 0.1164 NiCl2 + 0.008451 Ni3S2 + 0.08545 MnSO4 + 0.05822 Ni3(PO4)2 + 0.1962 NiSO4 + 0.08545 Co(NiS2)2
NMC811,Y,4.50,0.339557,-1.368534,1,0.1463 Li4.8Y0.2P1S4.4Cl1.6 + 0.8537 Li1Mn0.1Co0.1Ni0.8O2 -> 1.556 Li + 0.002715 Ni9S8 + 0.02926 YPO4 + 0.117 NiCl2 + 0.08537 MnSO4 + 0.05852 Ni3(PO4)2 + 0.1952 NiSO4 + 0.08537 Co(NiS2)2
NMC811,Y,4.50,0.34202,-1.370941,1,0.1477 Li4.8Y0.2P1S4.4Cl1.6 + 0.8523 Li1Mn0.1Co0.1Ni0.8O2 -> 1.561 Li + 0.02954 YPO4 + 0.1181 NiCl2 + 0.007595 Ni3S4 + 0.08523 MnSO4 + 0.05907 Ni3(PO4)2 + 0.1932 NiSO4 + 0.08523 Co(NiS2)2
NMC811,Y,4.50,0.359589,-1.382769,1,0.1577 Li4.8Y0.2P1S4.4Cl1.6 + 0.8423 Li1Mn0.1Co0.1Ni0.8O2 -> 1.599 Li + 0.06306 Ni2P2O7 + 0.03153 YPO4 + 0.1261 NiCl2 + 0.01937 Ni3S4 + 0.08423 MnSO4 + 0.195 NiSO4 + 0.08423 Co(NiS2)2
NMC811,Y,4.50,0.364267,-1.385528,0,0.1604 Li4.8Y0.2P1S4.4Cl1.6 + 0.8396 Li1Mn0.1Co0.1Ni0.8O2 -> 1.609 Li + 0.08018 Ni2P2O7 + 0.01604 Y2(SO4)3 + 0.1283 NiCl2 + 0.02257 Ni3S4 + 0.08396 MnSO4 + 0.1474 NiSO4 + 0.08396 Co(NiS2)2
NMC811,Y,4.50,0.38961,-1.400263,0,0.1754 Li4.8Y0.2P1S4.4Cl1.6 + 0.8246 Li1Mn0.1Co0.1Ni0.8O2 -> 1.667 Li + 0.08772 Ni(PO3)2 + 0.01754 Y2(SO4)3 + 0.1404 NiCl2 + 0.04035 Ni3S4 + 0.08246 MnSO4 + 0.1456 NiSO4 + 0.08246 Co(NiS2)2
NMC811,Y,4.50,0.408377,-1.407874,0,0.1871 Li4.8Y0.2P1S4.4Cl1.6 + 0.8129 Li1Mn0.1Co0.1Ni0.8O2 -> 1.711 Li + 0.09353 Ni(PO3)2 + 0.01871 Y2(SO4)3 + 0.1496 NiCl2 + 0.08129 MnSO4 + 0.1288 NiSO4 + 0.1158 NiS2 + 0.08129 Co(NiS2)2
NMC811,Y,4.50,0.44335,-1.420406,0,0.2098 Li4.8Y0.2P1S4.4Cl1.6 + 0.7902 Li1Mn0.1Co0.1Ni0.8O2 -> 1.797 Li + 0.1049 Ni(PO3)2 + 0.02098 Y2(SO4)3 + 0.1678 NiCl2 + 0.07902 CoS2 + 0.07902 MnSO4 + 0.0958 NiSO4 + 0.2636 NiS2
NMC811,Y,4.50,0.47929,-1.429012,0,0.2348 Li4.8Y0.2P1S4.4Cl1.6 + 0.7652 Li1Mn0.1Co0.1Ni0.8O2 -> 1.892 Li + 0.1174 Ni(PO3)2 + 0.1191 SO2 + 0.02348 Y2(SO4)3 + 0.1878 NiCl2 + 0.07652 CoS2 + 0.07652 MnSO4 + 0.307 NiS2
NMC811,Y,4.50,0.50625,-1.434601,1,0.2547 Li4.8Y0.2P1S4.4Cl1.6 + 0.7453 Li1Mn0.1Co0.1Ni0.8O2 -> 1.968 Li + 0.05094 Ni(PO3)2 + 0.2142 SO2 + 0.05094 Y(PO3)3 + 0.2038 NiCl2 + 0.07453 CoS2 + 0.07453 MnSO4 + 0.3415 NiS2
NMC811,Y,4.50,0.525974,-1.438564,1,0.27 Li4.8Y0.2P1S4.4Cl1.6 + 0.73 Li1Mn0.1Co0.1Ni0.8O2 -> 2.026 Li + 0.287 SO2 + 0.054 Y(PO3)3 + 0.216 NiCl2 + 0.073 CoS2 + 0.019 MnSO4 + 0.368 NiS2 + 0.054 Mn(PO3)2
NMC811,Y,4.50,0.6,-1.446334,1,0.3333 Li4.8Y0.2P1S4.4Cl1.6 + 0.6667 Li1Mn0.1Co0.1Ni0.8O2 -> 2.267 Li + 0.1667 SO2 + 0.06667 Y(PO3)3 + 0.1083 NiCl2 + 0.06667 CoS2 + 0.425 NiS2 + 0.3167 SCl + 0.06667 Mn(PO3)2
NMC811,Y,4.50,0.656934,-1.451927,1,0.3896 Li4.8Y0.2P1S4.4Cl1.6 + 0.6104 Li1Mn0.1Co0.1Ni0.8O2 -> 2.481 Li + 0.01688 Ni(PO3)2 + 0.02597 SO2 + 0.07792 Y(PO3)3 + 0.06104 CoS2 + 0.4714 NiS2 + 0.6234 SCl + 0.06104 Mn(PO3)2
NMC811,Y,4.50,0.662651,-1.45175,1,0.3957 Li4.8Y0.2P1S4.4Cl1.6 + 0.6043 Li1Mn0.1Co0.1Ni0.8O2 -> 2.504 Li + 0.01871 MnP4O11 + 0.02014 SO2 + 0.07914 Y(PO3)3 + 0.06043 CoS2 + 0.4835 NiS2 + 0.6331 SCl + 0.04173 Mn(PO3)2
NMC811,Y,4.50,0.670588,-1.450664,1,0.4043 Li4.8Y0.2P1S4.4Cl1.6 + 0.5957 Li1Mn0.1Co0.1Ni0.8O2 -> 2.536 Li + 0.02128 MnP4O11 + 0.08085 Y(PO3)3 + 0.05957 CoS2 + 0.4766 NiS2 + 0.6468 SCl + 0.0383 Mn(PO3)2 + 0.05957 S
NMC811,Y,4.50,0.697297,-1.438129,1,0.4343 Li4.8Y0.2P1S4.4Cl1.6 + 0.5657 Li1Mn0.1Co0.1Ni0.8O2 -> 2.651 Li + 0.00202 MnP4O11 + 0.02828 P2S7 + 0.08687 Y(PO3)3 + 0.05657 CoS2 + 0.4525 NiS2 + 0.6949 SCl + 0.05455 Mn(PO3)2
NMC811,Y,4.50,0.7,-1.436771,1,0.4375 Li4.8Y0.2P1S4.4Cl1.6 + 0.5625 Li1Mn0.1Co0.1Ni0.8O2 -> 2.662 Li + 0.03088 P2S7 + 0.0875 Y(PO3)3 + 0.05625 CoS2 + 0.45 NiS2 + 0.0007353 PCl5 + 0.6963 SCl + 0.05625 Mn(PO3)2
NMC811,Y,4.50,1.0,-1.258788,0,Li4.8Y0.2P1S4.4Cl1.6 -> 4.8 Li + 0.4941 P2S7 + 0.01176 PCl5 + 0.9412 SCl + 0.2 YCl3
LiCoO2,La,2.50,0.0,0.0,0,LiCoO2 -> LiCoO2
LiCoO2,La,2.50,0.120968,-0.276192,0,0.04386 Li4.8La0.2P1S4.4Cl1.6 + 0.9561 LiCoO2 -> 0.5877 Li + 0.9561 CoO + 0.004386 La2SO6 + 0.04386 Li3PO4 + 0.1886 Li2SO4 + 0.07018 LiCl
LiCoO2,La,2.50,0.121951,-0.277466,1,0.04425 Li4.8La0.2P1S4.4Cl1.6 + 0.9558 LiCoO2 -> 0.6018 Li + 0.9558 CoO + 0.00885 LaPO4 + 0.0354 Li3PO4 + 0.1947 Li2SO4 + 0.0708 LiCl
LiCoO2,La,2.50,0.43554,-0.580817,1,0.2046 Li4.8La0.2P1S4.4Cl1.6 + 0.7954 LiCoO2 -> 0.5728 Li + 0.08838 Co9S8 + 0.04092 LaPO4 + 0.1637 Li3PO4 + 0.1931 Li2SO4 + 0.3273 LiCl
LiCoO2,La,2.50,0.504587,-0.602611,1,0.2535 Li4.8La0.2P1S4.4Cl1.6 + 0.7465 LiCoO2 -> 0.7097 Li + 0.2488 Co3S4 + 0.05069 LaPO4 + 0.2028 Li3PO4 + 0.1198 Li2SO4 + 0.4055 LiCl
LiCoO2,La,2.50,0.581395,-0.607742,1,0.3165 Li4.8La0.2P1S4.4Cl1.6 + 0.6835 LiCoO2 -> 0.8861 Li + 0.6835 CoS2 + 0.06329 LaPO4 + 0.2532 Li3PO4 + 0.02532 Li2SO4 + 0.5063 LiCl
LiCoO2,La,2.50,0.6,-0.595817,1,0.3333 Li4.8La0.2P1S4.4Cl1.6 + 0.6667 LiCoO2 -> 0.9 Li + 0.6667 CoS2 + 0.06667 LaPO4 + 0.2667 Li3PO4 + 0.5333 LiCl + 0.03333 LiS4
LiCoO2,La,2.50,0.882353,-0.24167,1,0.7143 Li4.8La0.2P1S4.4Cl1.6 + 0.2857 LiCoO2 -> 2.429 Li + 0.2857 CoS2 + 0.2857 P2S7 + 0.1429 LaPO4 + 1.143 LiCl + 0.1429 LiS4
LiCoO2,La,2.50,1.0,-0.078342,0,Li4.8La0.2P1S4.4Cl1.6 -> 3 Li + 0.4 P2S7 + 0.2 LaPS4 + 1.6 LiCl + 0.2 LiS4
LiCoO2,La,3.50,0.0,-0.013345,0,LiCoO2 -> 0.5 Li + 0.5 Li(CoO2)2
LiCoO2,La,3.50,0.084746,-0.369459,1,0.02994 Li4.8La0.2P1S4.4Cl1.6 + 0.9701 LiCoO2 -> 0.7305 Li + 0.005988 LaPO4 + 0.02395 Li3PO4 + 0.3234 Co3O4 + 0.1317 Li2SO4 + 0.0479 LiCl
LiCoO2,La,3.50,0.088757,-0.385142,1,0.03145 Li4.8La0.2P1S4.4Cl1.6 + 0.9686 LiCoO2 -> 0.7673 Li + 0.02516 LiCoPO4 + 0.006289 LaPO4 + 0.3145 Co3O4 + 0.1384 Li2SO4 + 0.05031 LiCl
LiCoO2,La,3.50,0.08982,-0.388598,0,0.03185 Li4.8La0.2P1S4.4Cl1.6 + 0.9682 LiCoO2 -> 0.7771 Li + 0.03185 LiCoPO4 + 0.3121 Co3O4 + 0.1401 Li2SO4 + 0.006369 LaCl3 + 0.03185 LiCl
LiCoO2,La,3.50,0.092593,-0.397178,0,0.03289 Li4.8La0.2P1S4.4Cl1.6 + 0.9671 LiCoO2 -> 0.8026 Li + 0.03289 LiCoPO4 + 0.01645 CoCl2 + 0.3059 Co3O4 + 0.1447 Li2SO4 + 0.006579 LaCl3
LiCoO2,La,3.50,0.095541,-0.406306,0,0.03401 Li4.8La0.2P1S4.4Cl1.6 + 0.966 LiCoO2 -> 0.8299 Li + 0.01701 Co3(PO4)2 + 0.01701 CoCl2 + 0.2993 Co3O4 + 0.1497 Li2SO4 + 0.006803 LaCl3
LiCoO2,La,3.50,0.111111,-0.451598,0,0.04 Li4.8La0.2P1S4.4Cl1.6 + 0.96 LiCoO2 -> 0.976 Li + 0.088 Li2Co(SO4)2 + 0.02 Co3(PO4)2 + 0.02 CoCl2 + 0.264 Co3O4 + 0.008 LaCl3
LiCoO2,La,3.50,0.132743,-0.513919,0,0.04854 Li4.8La0.2P1S4.4Cl1.6 + 0.9515 LiCoO2 -> 1.184 Li + 0.2136 CoSO4 + 0.02427 Co3(PO4)2 + 0.02427 CoCl2 + 0.2136 Co3O4 + 0.009709 LaCl3
LiCoO2,La,3.50,0.164835,-0.603865,0,0.06173 Li4.8La0.2P1S4.4Cl1.6 + 0.9383 LiCoO2 -> 1.235 Li + 0.5432 CoO + 0.2716 CoSO4 + 0.03086 Co3(PO4)2 + 0.03086 CoCl2 + 0.01235 LaCl3
LiCoO2,La,3.50,0.310597,-0.763775,0,0.1306 Li4.8La0.2P1S4.4Cl1.6 + 0.8694 LiCoO2 -> 1.496 Li + 0.3041 CoSO4 + 0.06528 Co3(PO4)2 + 0.03379 Co9S8 + 0.06528 CoCl2 + 0.02611 LaCl3
LiCoO2,La,3.50,0.34202,-0.786275,0,0.1477 Li4.8La0.2P1S4.4Cl1.6 + 0.8523 LiCoO2 -> 1.561 Li + 0.2785 CoSO4 + 0.07384 Co3(PO4)2 + 0.09283 Co3S4 + 0.07384 CoCl2 + 0.02954 LaCl3
LiCoO2,La,3.50,0.378151,-0.804118,0,0.1685 Li4.8La0.2P1S4.4Cl1.6 + 0.8315 LiCoO2 -> 1.64 Li + 0.2472 CoSO4 + 0.08427 Co3(PO4)2 + 0.2472 CoS2 + 0.08427 CoCl2 + 0.03371 LaCl3
LiCoO2,La,3.50,0.436893,-0.826437,1,0.2055 Li4.8La0.2P1S4.4Cl1.6 + 0.7945 LiCoO2 -> 1.74 Li + 0.0411 LiLa(PO3)4 + 0.2329 CoSO4 + 0.02055 Co3(PO4)2 + 0.3356 CoS2 + 0.1644 CoCl2
LiCoO2,La,3.50,0.444444,-0.829305,1,0.2105 Li4.8La0.2P1S4.4Cl1.6 + 0.7895 LiCoO2 -> 1.758 Li + 0.02105 Co2P2O7 + 0.04211 LiLa(PO3)4 + 0.2316 CoSO4 + 0.3474 CoS2 + 0.1684 CoCl2
LiCoO2,La,3.50,0.455312,-0.833116,1,0.2179 Li4.8La0.2P1S4.4Cl1.6 + 0.7821 LiCoO2 -> 1.77 Li + 0.01453 LiCo(PO3)3 + 0.04358 LiLa(PO3)4 + 0.2276 CoSO4 + 0.3656 CoS2 + 0.1743 CoCl2
LiCoO2,La,3.50,0.494505,-0.84468,1,0.2459 Li4.8La0.2P1S4.4Cl1.6 + 0.7541 LiCoO2 -> 1.676 Li + 0.01639 LiCo(PO3)3 + 0.04918 LiLa(PO3)4 + 0.09631 Li2Co(SO4)2 + 0.4447 CoS2 + 0.1967 CoCl2
LiCoO2,La,3.50,0.521437,-0.852082,1,0.2664 Li4.8La0.2P1S4.4Cl1.6 + 0.7336 LiCoO2 -> 1.607 Li + 0.01776 LiCo(PO3)3 + 0.05329 LiLa(PO3)4 + 0.5027 CoS2 + 0.2131 CoCl2 + 0.167 Li2SO4
LiCoO2,La,3.50,0.586701,-0.863729,1,0.3212 Li4.8La0.2P1S4.4Cl1.6 + 0.6788 LiCoO2 -> 1.424 Li + 0.02141 LiCo(PO3)3 + 0.06424 LiLa(PO3)4 + 0.6574 CoS2 + 0.0985 Li2SO4 + 0.5139 LiCl
LiCoO2,La,3.50,0.592885,-0.864271,1,0.3268 Li4.8La0.2P1S4.4Cl1.6 + 0.6732 LiCoO2 -> 1.405 Li + 0.06536 LiLa(PO3)4 + 0.6732 CoS2 + 0.0915 Li2SO4 + 0.06536 LiPO3 + 0.5229 LiCl
LiCoO2,La,3.50,0.666667,-0.857968,1,0.4 Li4.8La0.2P1S4.4Cl1.6 + 0.6 LiCoO2 -> 2.28 Li + 0.08 LiLa(PO3)4 + 0.6 CoS2 + 0.56 SCl + 0.08 LiPO3 + 0.08 LiCl
LiCoO2,La,3.50,0.672269,-0.856151,1,0.4061 Li4.8La0.2P1S4.4Cl1.6 + 0.5939 LiCoO2 -> 2.391 Li + 0.08122 LiLa(PO3)4 + 0.01015 PCl5 + 0.5939 CoS2 + 0.599 SCl + 0.07107 LiPO3
LiCoO2,La,3.50,0.714286,-0.827869,1,0.4545 Li4.8La0.2P1S4.4Cl1.6 + 0.5455 LiCoO2 -> 2.636 Li + 0.09091 LiLa(PO3)4 + 0.03743 P2S7 + 0.01604 PCl5 + 0.5455 CoS2 + 0.6471 SCl
LiCoO2,La,3.50,1.0,-0.603199,0,Li4.8La0.2P1S4.4Cl1.6 -> 4.8 Li + 0.4941 P2S7 + 0.01176 PCl5 + 0.9412 SCl + 0.2 LaCl3
LiCoO2,La,4.30,0.0,-0.17822,0,LiCoO2 -> Li + CoO2
LiCoO2,La,4.30,0.087282,-0.599188,1,0.03089 Li4.8La0.2P1S4.4Cl1.6 + 0.9691 LiCoO2 -> 1.117 Li + 0.02471 Co(ClO4)2 + 0.006178 LaPO4 + 0.03354 Co23O32 + 0.01236 Co3(PO4)2 + 0.1359 CoSO4
LiCoO2,La,4.30,0.096953,-0.64448,1,0.03455 Li4.8La0.2P1S4.4Cl1.6 + 0.9654 LiCoO2 -> 1.131 Li + 0.00691 LaPO4 + 0.03356 Co23O32 + 0.01382 Co3(PO4)2 + 0.05528 ClO2 + 0.152 CoSO4
LiCoO2,La,4.30,0.106061,-0.686883,0,0.03804 Li4.8La0.2P1S4.4Cl1.6 + 0.962 LiCoO2 -> 1.145 Li + 0.03207 Co23O32 + 0.01902 Co3(PO4)2 + 0.03804 ClO2 + 0.1674 CoSO4 + 0.007609 LaCl3
LiCoO2,La,4.30,0.125749,-0.778688,0,0.04575 Li4.8La0.2P1S4.4Cl1.6 + 0.9542 LiCoO2 -> 1.174 Li + 0.02876 Co23O32 + 0.02288 Co3(PO4)2 + 0.02288 CoCl2 + 0.2013 CoSO4 + 0.00915 LaCl3
LiCoO2,La,4.30,0.132743,-0.809676,0,0.04854 Li4.8La0.2P1S4.4Cl1.6 + 0.9515 LiCoO2 -> 1.184 Li + 0.02427 Co3(PO4)2 + 0.02427 CoCl2 + 0.2136 Co3O4 + 0.2136 CoSO4 + 0.009709 LaCl3
LiCoO2,La,4.30,0.164835,-0.906895,0,0.06173 Li4.8La0.2P1S4.4Cl1.6 + 0.9383 LiCoO2 -> 1.235 Li + 0.03086 Co3(PO4)2 + 0.03086 CoCl2 + 0.5432 CoO + 0.2716 CoSO4 + 0.01235 LaCl3
LiCoO2,La,4.30,0.310597,-1.101091,0,0.1306 Li4.8La0.2P1S4.4Cl1.6 + 0.8694 LiCoO2 -> 1.496 Li + 0.03379 Co9S8 + 0.06528 Co3(PO4)2 + 0.06528 CoCl2 + 0.3041 CoSO4 + 0.02611 LaCl3
LiCoO2,La,4.30,0.34202,-1.131264,0,0.1477 Li4.8La0.2P1S4.4Cl1.6 + 0.8523 LiCoO2 -> 1.561 Li + 0.07384 Co3(PO4)2 + 0.07384 CoCl2 + 0.09283 Co3S4 + 0.2785 CoSO4 + 0.02954 LaCl3
LiCoO2,La,4.30,0.378151,-1.158058,0,0.1685 Li4.8La0.2P1S4.4Cl1.6 + 0.8315 LiCoO2 -> 1.64 Li + 0.08427 Co3(PO4)2 + 0.08427 CoCl2 + 0.2472 CoS2 + 0.2472 CoSO4 + 0.03371 LaCl3
LiCoO2,La,4.30,0.408163,-1.176738,0,0.1869 Li4.8La0.2P1S4.4Cl1.6 + 0.8131 LiCoO2 -> 1.71 Li + 0.09346 Co2P2O7 + 0.09346 CoCl2 + 0.2897 CoS2 + 0.243 CoSO4 + 0.03738 LaCl3
LiCoO2,La,4.30,0.428571,-1.188612,1,0.2 Li4.8La0.2P1S4.4Cl1.6 + 0.8 LiCoO2 -> 1.76 Li + 0.04 Co2P2O7 + 0.04 La(PO3)3 + 0.16 CoCl2 + 0.32 CoS2 + 0.24 CoSO4
LiCoO2,La,4.30,0.451128,-1.198917,1,0.2151 Li4.8La0.2P1S4.4Cl1.6 + 0.7849 LiCoO2 -> 1.817 Li + 0.02151 CoP4O11 + 0.04301 La(PO3)3 + 0.172 CoCl2 + 0.3548 CoS2 + 0.2366 CoSO4
LiCoO2,La,4.30,0.459184,-1.202334,1,0.2206 Li4.8La0.2P1S4.4Cl1.6 + 0.7794 LiCoO2 -> 1.838 Li + 0.04412 LaP5O14 + 0.1765 CoCl2 + 0.3676 CoS2 + 0.2353 CoSO4
LiCoO2,La,4.30,0.576923,-1.249534,1,0.3125 Li4.8La0.2P1S4.4Cl1.6 + 0.6875 LiCoO2 -> 2.187 Li + 0.0625 LaP5O14 + 0.125 SCl4 + 0.5625 CoS2 + 0.125 CoSO4
LiCoO2,La,4.30,0.625,-1.267774,1,0.3571 Li4.8La0.2P1S4.4Cl1.6 + 0.6429 LiCoO2 -> 2.357 Li + 0.07143 LaP5O14 + 0.1429 SO2 + 0.1429 SCl4 + 0.6429 CoS2
LiCoO2,La,4.30,0.681818,-1.284174,1,0.4167 Li4.8La0.2P1S4.4Cl1.6 + 0.5833 LiCoO2 -> 2.583 Li + 0.08333 LaP5O14 + 0.5833 CoS2 + 0.6667 SCl
LiCoO2,La,4.30,1.0,-1.136533,0,Li4.8La0.2P1S4.4Cl1.6 -> 4.8 Li + 0.01176 PCl5 + 0.9412 SCl + 0.4941 P2S7 + 0.2 LaCl3
LiCoO2,La,4.50,0.0,-0.244886,0,LiCoO2 -> Li + CoO2
LiCoO2,La,4.50,0.087282,-0.670592,1,0.03089 Li4.8La0.2P1S4.4Cl1.6 + 0.9691 LiCoO2 -> 1.117 Li + 0.03354 Co23O32 + 0.006178 LaPO4 + 0.02471 Co(ClO4)2 + 0.01236 Co3(PO4)2 + 0.1359 CoSO4
LiCoO2,La,4.50,0.096953,-0.71642,1,0.03455 Li4.8La0.2P1S4.4Cl1.6 + 0.9654 LiCoO2 -> 1.131 Li + 0.03356 Co23O32 + 0.00691 LaPO4 + 0.01382 Co3(PO4)2 + 0.05528 ClO2 + 0.152 CoSO4
LiCoO2,La,4.50,0.106061,-0.759329,0,0.03804 Li4.8La0.2P1S4.4Cl1.6 + 0.962 LiCoO2 -> 1.145 Li + 0.03207 Co23O32 + 0.01902 Co3(PO4)2 + 0.03804 ClO2 + 0.1674 CoSO4 + 0.007609 LaCl3
LiCoO2,La,4.50,0.125749,-0.852234,0,0.04575 Li4.8La0.2P1S4.4Cl1.6 + 0.9542 LiCoO2 -> 1.174 Li + 0.02876 Co23O32 + 0.02288 Co3(PO4)2 + 0.02288 CoCl2 + 0.2013 CoSO4 + 0.00915 LaCl3
LiCoO2,La,4.50,0.132743,-0.883616,0,0.04854 Li4.8La0.2P1S4.4Cl1.6 + 0.9515 LiCoO2 -> 1.184 Li + 0.02427 Co3(PO4)2 + 0.02427 CoCl2 + 0.2136 Co3O4 + 0.2136 CoSO4 + 0.009709 LaCl3
LiCoO2,La,4.50,0.164835,-0.982653,0,0.06173 Li4.8La0.2P1S4.4Cl1.6 + 0.9383 LiCoO2 -> 1.235 Li + 0.03086 Co3(PO4)2 + 0.5432 CoO + 0.03086 CoCl2 + 0.2716 CoSO4 + 0.01235 LaCl3
LiCoO2,La,4.50,0.310597,-1.18542,0,0.1306 Li4.8La0.2P1S4.4Cl1.6 + 0.8694 LiCoO2 -> 1.496 Li + 0.03379 Co9S8 + 0.06528 Co3(PO4)2 + 0.06528 CoCl2 + 0.3041 CoSO4 + 0.02611 LaCl3
LiCoO2,La,4.50,0.34202,-1.217511,0,0.1477 Li4.8La0.2P1S4.4Cl1.6 + 0.8523 LiCoO2 -> 1.561 Li + 0.07384 Co3(PO4)2 + 0.07384 CoCl2 + 0.09283 Co3S4 + 0.2785 CoSO4 + 0.02954 LaCl3
LiCoO2,La,4.50,0.378151,-1.246543,0,0.1685 Li4.8La0.2P1S4.4Cl1.6 + 0.8315 LiCoO2 -> 1.64 Li + 0.2472 CoS2 + 0.08427 Co3(PO4)2 + 0.08427 CoCl2 + 0.2472 CoSO4 + 0.03371 LaCl3
LiCoO2,La,4.50,0.408163,-1.267108,0,0.1869 Li4.8La0.2P1S4.4Cl1.6 + 0.8131 LiCoO2 -> 1.71 Li + 0.09346 Co2P2O7 + 0.2897 CoS2 + 0.09346 CoCl2 + 0.243 CoSO4 + 0.03738 LaCl3
LiCoO2,La,4.50,0.428571,-1.280278,1,0.2 Li4.8La0.2P1S4.4Cl1.6 + 0.8 LiCoO2 -> 1.76 Li + 0.04 La(PO3)3 + 0.04 Co2P2O7 + 0.32 CoS2 + 0.16 CoCl2 + 0.24 CoSO4
LiCoO2,La,4.50,0.451128,-1.292029,1,0.2151 Li4.8La0.2P1S4.4Cl1.6 + 0.7849 LiCoO2 -> 1.817 Li + 0.02151 CoP4O11 + 0.04301 La(PO3)3 + 0.3548 CoS2 + 0.172 CoCl2 + 0.2366 CoSO4
LiCoO2,La,4.50,0.459184,-1.295967,1,0.2206 Li4.8La0.2P1S4.4Cl1.6 + 0.7794 LiCoO2 -> 1.838 Li + 0.04412 LaP5O14 + 0.3676 CoS2 + 0.1765 CoCl2 + 0.2353 CoSO4
LiCoO2,La,4.50,0.576923,-1.350984,1,0.3125 Li4.8La0.2P1S4.4Cl1.6 + 0.6875 LiCoO2 -> 2.187 Li + 0.0625 LaP5O14 + 0.5625 CoS2 + 0.125 SCl4 + 0.125 CoSO4
LiCoO2,La,4.50,0.625,-1.372536,1,0.3571 Li4.8La0.2P1S4.4Cl1.6 + 0.6429 LiCoO2 -> 2.357 Li + 0.07143 LaP5O14 + 0.6429 CoS2 + 0.1429 SCl4 + 0.1429 SO2
LiCoO2,La,4.50,0.681818,-1.392946,1,0.4167 Li4.8La0.2P1S4.4Cl1.6 + 0.5833 LiCoO2 -> 2.583 Li + 0.08333 LaP5O14 + 0.6667 SCl + 0.5833 CoS2
LiCoO2,La,4.50,1.0,-1.269866,0,Li4.8La0.2P1S4.4Cl1.6 -> 4.8 Li + 0.9412 SCl + 0.4941 P2S7 + 0.01176 PCl5 + 0.2 LaCl3
NMC811,La,2.50,0.0,-0.025971,0,Li1Mn0.1Co0.1Ni0.8O2 + 0.7 Li -> 0.1 LiCoO2 + 0.8 NiO + 0.1 Li2MnO3 + 0.7 Li2O
NMC811,La,2.50,0.088235,-0.391557,0,0.9687 Li1Mn0.1Co0.1Ni0.8O2 + 0.03125 Li4.8La0.2P1S4.4Cl1.6 -> 0.4187 Li + 0.003125 La2MnCoO6 + 0.09375 LiCoO2 + 0.775 NiO + 0.09375 Li2MnO3 + 0.03125 Li3PO4 + 0.1375 Li2SO4 + 0.05 LiCl
NMC811,La,2.50,0.099174,-0.415538,0,0.9646 Li1Mn0.1Co0.1Ni0.8O2 + 0.0354 Li4.8La0.2P1S4.4Cl1.6 -> 0.4743 Li + 0.00354 La2MnCoO6 + 0.7717 NiO + 0.09292 CoO + 0.09292 Li2MnO3 + 0.0354 Li3PO4 + 0.1558 Li2SO4 + 0.05664 LiCl
NMC811,La,2.50,0.109756,-0.438776,0,0.9605 Li1Mn0.1Co0.1Ni0.8O2 + 0.03947 Li4.8La0.2P1S4.4Cl1.6 -> 0.5289 Li + 0.003947 La2MnCoO6 + 0.09211 LiMnO2 + 0.7684 NiO + 0.09211 CoO + 0.03947 Li3PO4 + 0.1737 Li2SO4 + 0.06316 LiCl
NMC811,La,2.50,0.114919,-0.44994,0,0.9585 Li1Mn0.1Co0.1Ni0.8O2 + 0.04148 Li4.8La0.2P1S4.4Cl1.6 -> 0.6017 Li + 0.004148 La2MnCoO6 + 0.04585 Mn2CoO4 + 0.7668 NiO + 0.04585 CoO + 0.04148 Li3PO4 + 0.1825 Li2SO4 + 0.06638 LiCl
NMC811,La,2.50,0.116622,-0.452147,0,0.9578 Li1Mn0.1Co0.1Ni0.8O2 + 0.04215 Li4.8La0.2P1S4.4Cl1.6 -> 0.5953 Li + 0.004215 La2MnCoO6 + 0.03052 Mn3O4 + 0.7663 NiO + 0.09157 CoO + 0.04215 Li3PO4 + 0.1855 Li2SO4 + 0.06744 LiCl
NMC811,La,2.50,0.194377,-0.516072,0,0.9256 Li1Mn0.1Co0.1Ni0.8O2 + 0.07444 Li4.8La0.2P1S4.4Cl1.6 -> 0.2854 Li + 0.007444 La2MnCoO6 + 0.02837 Mn3O4 + 0.08511 CoO + 0.07444 Li3PO4 + 0.3275 Li2SO4 + 0.7404 Ni + 0.1191 LiCl
NMC811,La,2.50,0.347525,-0.647535,0,0.8492 Li1Mn0.1Co0.1Ni0.8O2 + 0.1508 Li4.8La0.2P1S4.4Cl1.6 -> 0.4584 Li + 0.2265 Ni3S2 + 0.01508 La2MnCoO6 + 0.02328 Mn3O4 + 0.06985 CoO + 0.1508 Li3PO4 + 0.2105 Li2SO4 + 0.2412 LiCl
NMC811,La,2.50,0.36819,-0.665045,0,0.8373 Li1Mn0.1Co0.1Ni0.8O2 + 0.1627 Li4.8La0.2P1S4.4Cl1.6 -> 0.4516 Li + 0.2233 Ni3S2 + 0.01627 La2MnCoO6 + 0.02249 Mn3O4 + 0.007497 Co9S8 + 0.1627 Li3PO4 + 0.2091 Li2SO4 + 0.2602 LiCl
NMC811,La,2.50,0.369619,-0.666083,0,0.8365 Li1Mn0.1Co0.1Ni0.8O2 + 0.1635 Li4.8La0.2P1S4.4Cl1.6 -> 0.4424 Li + 0.2231 Ni3S2 + 0.01635 La2MnCoO6 + 0.007478 Co9S8 + 0.1635 Li3PO4 + 0.0673 MnO + 0.2134 Li2SO4 + 0.2616 LiCl
NMC811,La,2.50,0.382459,-0.672246,0,0.8289 Li1Mn0.1Co0.1Ni0.8O2 + 0.1711 Li4.8La0.2P1S4.4Cl1.6 -> 0.4607 Li + 0.2101 Ni3S2 + 0.01711 La2MnCoO6 + 0.03289 Co2NiS4 + 0.1711 Li3PO4 + 0.06578 MnO + 0.2012 Li2SO4 + 0.2738 LiCl
NMC811,La,2.50,0.386404,-0.673891,0,0.8265 Li1Mn0.1Co0.1Ni0.8O2 + 0.1735 Li4.8La0.2P1S4.4Cl1.6 -> 0.5643 Li + 0.2095 Ni3S2 + 0.0653 LiMnPO4 + 0.01735 La2MnCoO6 + 0.03265 Co2NiS4 + 0.1082 Li3PO4 + 0.2137 Li2SO4 + 0.2776 LiCl
NMC811,La,2.50,0.401372,-0.679474,0,0.8173 Li1Mn0.1Co0.1Ni0.8O2 + 0.1827 Li4.8La0.2P1S4.4Cl1.6 -> 0.5836 Li + 0.1756 Ni3S2 + 0.06347 LiMnPO4 + 0.01827 La2MnCoO6 + 0.06347 Co(NiS2)2 + 0.1192 Li3PO4 + 0.1986 Li2SO4 + 0.2923 LiCl
NMC811,La,2.50,0.426917,-0.688185,0,0.8011 Li1Mn0.1Co0.1Ni0.8O2 + 0.1989 Li4.8La0.2P1S4.4Cl1.6 -> 0.6177 Li + 0.06022 LiMnPO4 + 0.01989 La2MnCoO6 + 0.05783 Ni9S8 + 0.06022 Co(NiS2)2 + 0.1387 Li3PO4 + 0.1718 Li2SO4 + 0.3183 LiCl
NMC811,La,2.50,0.472952,-0.701465,0,0.7698 Li1Mn0.1Co0.1Ni0.8O2 + 0.2302 Li4.8La0.2P1S4.4Cl1.6 -> 0.6835 Li + 0.05395 LiMnPO4 + 0.02302 La2MnCoO6 + 0.05395 Co(NiS2)2 + 0.1763 Li3PO4 + 0.1693 Ni3S4 + 0.1201 Li2SO4 + 0.3684 LiCl
NMC811,La,2.50,0.492086,-0.701183,0,0.7559 Li1Mn0.1Co0.1Ni0.8O2 + 0.2441 Li4.8La0.2P1S4.4Cl1.6 -> 0.6103 Li + 0.02441 La2MnCoO6 + 0.05118 Co(NiS2)2 + 0.2441 Li3PO4 + 0.1675 Ni3S4 + 0.09722 Li2SO4 + 0.05118 MnS2 + 0.3906 LiCl
NMC811,La,2.50,0.513514,-0.694759,1,0.7397 Li1Mn0.1Co0.1Ni0.8O2 + 0.2603 Li4.8La0.2P1S4.4Cl1.6 -> 0.7288 Li + 0.07397 Co(NiS2)2 + 0.05205 LaPO4 + 0.2082 Li3PO4 + 0.1479 Ni3S4 + 0.1096 Li2SO4 + 0.07397 MnS2 + 0.4164 LiCl
NMC811,La,2.50,0.560976,-0.675458,1,0.7013 Li1Mn0.1Co0.1Ni0.8O2 + 0.2987 Li4.8La0.2P1S4.4Cl1.6 -> 0.8364 Li + 0.4208 NiS2 + 0.07013 Co(NiS2)2 + 0.05974 LaPO4 + 0.239 Li3PO4 + 0.05195 Li2SO4 + 0.07013 MnS2 + 0.4779 LiCl
NMC811,La,2.50,0.581395,-0.665616,1,0.6835 Li1Mn0.1Co0.1Ni0.8O2 + 0.3165 Li4.8La0.2P1S4.4Cl1.6 -> 0.8861 Li + 0.06835 CoS2 + 0.5468 NiS2 + 0.06329 LaPO4 + 0.2532 Li3PO4 + 0.02532 Li2SO4 + 0.06835 MnS2 + 0.5063 LiCl
NMC811,La,2.50,0.6,-0.651353,1,0.6667 Li1Mn0.1Co0.1Ni0.8O2 + 0.3333 Li4.8La0.2P1S4.4Cl1.6 -> 0.9 Li + 0.06667 CoS2 + 0.5333 NiS2 + 0.06667 LaPO4 + 0.2667 Li3PO4 + 0.06667 MnS2 + 0.5333 LiCl + 0.03333 LiS4
NMC811,La,2.50,0.882353,-0.259124,1,0.2857 Li1Mn0.1Co0.1Ni0.8O2 + 0.7143 Li4.8La0.2P1S4.4Cl1.6 -> 2.429 Li + 0.02857 CoS2 + 0.2286 NiS2 + 0.2857 P2S7 + 0.1429 LaPO4 + 0.02857 MnS2 + 1.143 LiCl + 0.1429 LiS4
NMC811,La,2.50,1.0,-0.078342,0,Li4.8La0.2P1S4.4Cl1.6 -> 3 Li + 0.4 P2S7 + 0.2 LaPS4 + 1.6 LiCl + 0.2 LiS4
NMC811,La,3.50,0.0,-0.003246,0,Li1Mn0.1Co0.1Ni0.8O2 -> 0.4 Li + 0.02 Li4MnCo5O12 + 0.36 Li(NiO2)2 + 0.08 Li2MnO3 + 0.08 NiO
NMC811,La,3.50,0.071334,-0.445744,0,0.975 Li1Mn0.1Co0.1Ni0.8O2 + 0.02497 Li4.8La0.2P1S4.4Cl1.6 -> 0.5323 Li + 0.019 Li4MnCo5O12 + 0.03994 LiClO4 + 0.07601 Li2MnO3 + 0.02497 Li3PO4 + 0.002497 La2MnCoO6 + 0.78 NiO + 0.1098 Li2SO4
NMC811,La,3.50,0.076082,-0.473813,0,0.9733 Li1Mn0.1Co0.1Ni0.8O2 + 0.02672 Li4.8La0.2P1S4.4Cl1.6 -> 0.6173 Li + 0.01893 Li4MnCo5O12 + 0.02524 Li2Mn3NiO8 + 0.04275 LiClO4 + 0.02672 Li3PO4 + 0.002672 La2MnCoO6 + 0.7534 NiO + 0.1175 Li2SO4
NMC811,La,3.50,0.096292,-0.575814,0,0.9657 Li1Mn0.1Co0.1Ni0.8O2 + 0.0343 Li4.8La0.2P1S4.4Cl1.6 -> 0.5465 Li + 0.01863 Li4MnCo5O12 + 0.02484 Li2Mn3NiO8 + 0.0343 Li3PO4 + 0.00343 La2MnCoO6 + 0.7477 NiO + 0.1509 Li2SO4 + 0.05488 LiCl
NMC811,La,3.50,0.099174,-0.590299,0,0.9646 Li1Mn0.1Co0.1Ni0.8O2 + 0.0354 Li4.8La0.2P1S4.4Cl1.6 -> 0.5858 Li + 0.01858 Li4MnCo5O12 + 0.07434 Mn(Ni3O4)2 + 0.0354 Li3PO4 + 0.00354 La2MnCoO6 + 0.3257 NiO + 0.1558 Li2SO4 + 0.05664 LiCl
NMC811,La,3.50,0.102564,-0.603508,0,0.9633 Li1Mn0.1Co0.1Ni0.8O2 + 0.0367 Li4.8La0.2P1S4.4Cl1.6 -> 0.6323 Li + 0.01853 Li4MnCo5O12 + 0.02936 NiCl2 + 0.07413 Mn(Ni3O4)2 + 0.0367 Li3PO4 + 0.00367 La2MnCoO6 + 0.2965 NiO + 0.1615 Li2SO4
NMC811,La,3.50,0.107143,-0.620978,0,0.9615 Li1Mn0.1Co0.1Ni0.8O2 + 0.03846 Li4.8La0.2P1S4.4Cl1.6 -> 0.6954 Li + 0.01846 Li4MnCo5O12 + 0.03077 NiCl2 + 0.07385 Mn(Ni3O4)2 + 0.03846 LiNiPO4 + 0.003846 La2MnCoO6 + 0.2569 NiO + 0.1692 Li2SO4
NMC811,La,3.50,0.11215,-0.639852,0,0.9596 Li1Mn0.1Co0.1Ni0.8O2 + 0.0404 Li4.8La0.2P1S4.4Cl1.6 -> 0.7164 Li + 0.0103 Li4MnCo5O12 + 0.0404 LiCoPO4 + 0.03232 NiCl2 + 0.08162 Mn(Ni3O4)2 + 0.00404 La2MnCoO6 + 0.2457 NiO + 0.1778 Li2SO4
NMC811,La,3.50,0.116418,-0.655851,0,0.9579 Li1Mn0.1Co0.1Ni0.8O2 + 0.04207 Li4.8La0.2P1S4.4Cl1.6 -> 0.7476 Li + 0.04207 LiCoPO4 + 0.03366 NiCl2 + 0.09159 Mn(Ni3O4)2 + 0.004207 La2MnCoO6 + 0.1832 NiO + 0.0165 Co3O4 + 0.1851 Li2SO4
NMC811,La,3.50,0.12,-0.666652,0,0.9565 Li1Mn0.1Co0.1Ni0.8O2 + 0.04348 Li4.8La0.2P1S4.4Cl1.6 -> 0.7826 Li + 0.02174 Co3(PO4)2 + 0.03478 NiCl2 + 0.0913 Mn(Ni3O4)2 + 0.004348 La2MnCoO6 + 0.1826 NiO + 0.008696 Co3O4 + 0.1913 Li2SO4
NMC811,La,3.50,0.123967,-0.677816,0,0.955 Li1Mn0.1Co0.1Ni0.8O2 + 0.04505 Li4.8La0.2P1S4.4Cl1.6 -> 0.8216 Li + 0.02342 Li2Co(SO4)2 + 0.02252 Co3(PO4)2 + 0.03604 NiCl2 + 0.09099 Mn(Ni3O4)2 + 0.004505 La2MnCoO6 + 0.182 NiO + 0.1514 Li2SO4
NMC811,La,3.50,0.144,-0.734059,0,0.9469 Li1Mn0.1Co0.1Ni0.8O2 + 0.0531 Li4.8La0.2P1S4.4Cl1.6 -> 0.9327 Li + 0.009735 Li2Co(SO4)2 + 0.02655 Co3(PO4)2 + 0.04248 NiCl2 + 0.08938 Li2Mn(SO4)2 + 0.00531 La2MnCoO6 + 0.715 NiO + 0.0354 Li2SO4
NMC811,La,3.50,0.15,-0.750546,0,0.9444 Li1Mn0.1Co0.1Ni0.8O2 + 0.05556 Li4.8La0.2P1S4.4Cl1.6 -> 1.022 Li + 0.005556 Li2Co(SO4)2 + 0.02778 Co3(PO4)2 + 0.04444 NiCl2 + 0.05556 NiSO4 + 0.08889 Li2Mn(SO4)2 + 0.005556 La2MnCoO6 + 0.6556 NiO
NMC811,La,3.50,0.150838,-0.752826,0,0.9441 Li1Mn0.1Co0.1Ni0.8O2 + 0.0559 Li4.8La0.2P1S4.4Cl1.6 -> 1.035 Li + 0.004969 CoSO4 + 0.02795 Co3(PO4)2 + 0.04472 NiCl2 + 0.06335 NiSO4 + 0.08882 Li2Mn(SO4)2 + 0.00559 La2MnCoO6 + 0.6472 NiO
NMC811,La,3.50,0.157895,-0.771205,0,0.9412 Li1Mn0.1Co0.1Ni0.8O2 + 0.05882 Li4.8La0.2P1S4.4Cl1.6 -> 1.141 Li + 0.02941 Co3(PO4)2 + 0.04706 NiCl2 + 0.1294 NiSO4 + 0.04118 Li2Mn(SO4)2 + 0.005882 La2MnCoO6 + 0.5765 NiO + 0.04706 MnSO4
NMC811,La,3.50,0.163934,-0.786925,0,0.9387 Li1Mn0.1Co0.1Ni0.8O2 + 0.06135 Li4.8La0.2P1S4.4Cl1.6 -> 1.233 Li + 0.001431 Ni3(PO4)2 + 0.02924 Co3(PO4)2 + 0.04908 NiCl2 + 0.1822 NiSO4 + 0.006135 La2MnCoO6 + 0.5153 NiO + 0.08773 MnSO4
NMC811,La,3.50,0.27933,-0.89307,0,0.8856 Li1Mn0.1Co0.1Ni0.8O2 + 0.1144 Li4.8La0.2P1S4.4Cl1.6 -> 1.435 Li + 0.0315 Ni3(PO4)2 + 0.02571 Co3(PO4)2 + 0.09153 NiCl2 + 0.2341 NiSO4 + 0.09611 Ni3S2 + 0.01144 La2MnCoO6 + 0.07712 MnSO4
NMC811,La,3.50,0.299465,-0.909144,0,0.8753 Li1Mn0.1Co0.1Ni0.8O2 + 0.1247 Li4.8La0.2P1S4.4Cl1.6 -> 1.474 Li + 0.06236 Ni3(PO4)2 + 0.03753 Co2NiS4 + 0.09978 NiCl2 + 0.2192 NiSO4 + 0.05223 Ni3S2 + 0.01247 La2MnCoO6 + 0.07506 MnSO4
NMC811,La,3.50,0.317949,-0.923003,0,0.8655 Li1Mn0.1Co0.1Ni0.8O2 + 0.1345 Li4.8La0.2P1S4.4Cl1.6 -> 1.511 Li + 0.0731 Co(NiS2)2 + 0.06725 Ni3(PO4)2 + 0.1076 NiCl2 + 0.205 NiSO4 + 0.01063 Ni3S2 + 0.01345 La2MnCoO6 + 0.0731 MnSO4
NMC811,La,3.50,0.319605,-0.924193,0,0.8646 Li1Mn0.1Co0.1Ni0.8O2 + 0.1354 Li4.8La0.2P1S4.4Cl1.6 -> 1.514 Li + 0.07292 Co(NiS2)2 + 0.06769 Ni3(PO4)2 + 0.003419 Ni9S8 + 0.1083 NiCl2 + 0.2037 NiSO4 + 0.01354 La2MnCoO6 + 0.07292 MnSO4
NMC811,La,3.50,0.339557,-0.93822,1,0.8537 Li1Mn0.1Co0.1Ni0.8O2 + 0.1463 Li4.8La0.2P1S4.4Cl1.6 -> 1.556 Li + 0.08537 Co(NiS2)2 + 0.05852 Ni3(PO4)2 + 0.002715 Ni9S8 + 0.117 NiCl2 + 0.02926 LaPO4 + 0.1952 NiSO4 + 0.08537 MnSO4
NMC811,La,3.50,0.34202,-0.939872,1,0.8523 Li1Mn0.1Co0.1Ni0.8O2 + 0.1477 Li4.8La0.2P1S4.4Cl1.6 -> 1.561 Li + 0.08523 Co(NiS2)2 + 0.05907 Ni3(PO4)2 + 0.1181 NiCl2 + 0.02954 LaPO4 + 0.1932 NiSO4 + 0.007595 Ni3S4 + 0.08523 MnSO4
NMC811,La,3.50,0.359589,-0.94629,1,0.8423 Li1Mn0.1Co0.1Ni0.8O2 + 0.1577 Li4.8La0.2P1S4.4Cl1.6 -> 1.599 Li + 0.06306 Ni2P2O7 + 0.08423 Co(NiS2)2 + 0.1261 NiCl2 + 0.03153 LaPO4 + 0.195 NiSO4 + 0.01937 Ni3S4 + 0.08423 MnSO4
NMC811,La,3.50,0.379061,-0.951527,1,0.8309 Li1Mn0.1Co0.1Ni0.8O2 + 0.1691 Li4.8La0.2P1S4.4Cl1.6 -> 1.643 Li + 0.06763 Ni(PO3)2 + 0.08309 Co(NiS2)2 + 0.1353 NiCl2 + 0.03382 LaPO4 + 0.1971 NiSO4 + 0.03285 Ni3S4 + 0.08309 MnSO4
NMC811,La,3.50,0.38961,-0.953754,0,0.8246 Li1Mn0.1Co0.1Ni0.8O2 + 0.1754 Li4.8La0.2P1S4.4Cl1.6 -> 1.667 Li + 0.08772 Ni(PO3)2 + 0.08246 Co(NiS2)2 + 0.01754 La2(SO4)3 + 0.1404 NiCl2 + 0.1456 NiSO4 + 0.04035 Ni3S4 + 0.08246 MnSO4
NMC811,La,3.50,0.415631,-0.957075,0,0.8084 Li1Mn0.1Co0.1Ni0.8O2 + 0.1916 Li4.8La0.2P1S4.4Cl1.6 -> 1.567 Li + 0.09582 Ni(PO3)2 + 0.08084 Co(NiS2)2 + 0.01916 La2(SO4)3 + 0.1533 NiCl2 + 0.04128 NiSO4 + 0.08084 Li2Mn(SO4)2 + 0.06486 Ni3S4
NMC811,La,3.50,0.44335,-0.95954,0,0.7902 Li1Mn0.1Co0.1Ni0.8O2 + 0.2098 Li4.8La0.2P1S4.4Cl1.6 -> 1.639 Li + 0.1049 Ni(PO3)2 + 0.07902 Co(NiS2)2 + 0.02098 La2(SO4)3 + 0.1846 NiS2 + 0.1678 NiCl2 + 0.01678 NiSO4 + 0.07902 Li2Mn(SO4)2
NMC811,La,3.50,0.448399,-0.959903,0,0.7868 Li1Mn0.1Co0.1Ni0.8O2 + 0.2132 Li4.8La0.2P1S4.4Cl1.6 -> 1.628 Li + 0.1066 Ni(PO3)2 + 0.07868 Co(NiS2)2 + 0.02132 La2(SO4)3 + 0.1949 NiS2 + 0.1706 NiCl2 + 0.07868 Li2Mn(SO4)2 + 0.01218 Li2SO4
NMC811,La,3.50,0.475472,-0.961687,1,0.768 Li1Mn0.1Co0.1Ni0.8O2 + 0.232 Li4.8La0.2P1S4.4Cl1.6 -> 1.569 Li + 0.0232 Ni(PO3)2 + 0.04641 LiLa(PO3)4 + 0.0768 Co(NiS2)2 + 0.2519 NiS2 + 0.1856 NiCl2 + 0.0768 Li2Mn(SO4)2 + 0.05635 Li2SO4
NMC811,La,3.50,0.498195,-0.962213,1,0.7514 Li1Mn0.1Co0.1Ni0.8O2 + 0.2486 Li4.8La0.2P1S4.4Cl1.6 -> 1.667 Li + 0.02486 Ni(PO3)2 + 0.04973 LiLa(PO3)4 + 0.3773 NiS2 + 0.1989 NiCl2 + 0.07514 Li2Mn(SO4)2 + 0.07514 CoS2 + 0.03892 Li2SO4
NMC811,La,3.50,0.505495,-0.96189,1,0.7459 Li1Mn0.1Co0.1Ni0.8O2 + 0.2541 Li4.8La0.2P1S4.4Cl1.6 -> 1.649 Li + 0.05083 LiLa(PO3)4 + 0.3934 NiS2 + 0.2033 NiCl2 + 0.04917 Li2Mn(SO4)2 + 0.07459 CoS2 + 0.08398 Li2SO4 + 0.02541 Mn(PO3)2
NMC811,La,3.50,0.62069,-0.93008,1,0.6471 Li1Mn0.1Co0.1Ni0.8O2 + 0.3529 Li4.8La0.2P1S4.4Cl1.6 -> 2.212 Li + 0.07059 LiLa(PO3)4 + 0.4588 NiS2 + 0.05882 NiCl2 + 0.02941 Li2Mn(SO4)2 + 0.06471 CoS2 + 0.4471 SCl + 0.03529 Mn(PO3)2
NMC811,La,3.50,0.656555,-0.919787,1,0.6108 Li1Mn0.1Co0.1Ni0.8O2 + 0.3892 Li4.8La0.2P1S4.4Cl1.6 -> 2.395 Li + 0.07013 LiLa(PO3)4 + 0.4886 NiS2 + 0.006744 Li2Mn(SO4)2 + 0.06108 CoS2 + 0.5996 SCl + 0.007707 LaCl3 + 0.05434 Mn(PO3)2
NMC811,La,3.50,0.657845,-0.919239,1,0.6094 Li1Mn0.1Co0.1Ni0.8O2 + 0.3906 Li4.8La0.2P1S4.4Cl1.6 -> 2.411 Li + 0.07306 LiLa(PO3)4 + 0.4875 NiS2 + 0.06094 CoS2 + 0.6098 SCl + 0.01178 MnSO4 + 0.005051 LaCl3 + 0.04916 Mn(PO3)2
NMC811,La,3.50,0.666667,-0.91475,1,0.6 Li1Mn0.1Co0.1Ni0.8O2 + 0.4 Li4.8La0.2P1S4.4Cl1.6 -> 2.45 Li + 0.07 LiLa(PO3)4 + 0.48 NiS2 + 0.06 CoS2 + 0.61 SCl + 0.01 LaCl3 + 0.06 Mn(PO3)2 + 0.07 S
NMC811,La,3.50,0.846154,-0.753655,1,0.3529 Li1Mn0.1Co0.1Ni0.8O2 + 0.6471 Li4.8La0.2P1S4.4Cl1.6 -> 3.418 Li + 0.04118 LiLa(PO3)4 + 0.2824 NiS2 + 0.2059 P2S7 + 0.03529 CoS2 + 0.7706 SCl + 0.08824 LaCl3 + 0.03529 Mn(PO3)2
NMC811,La,3.50,1.0,-0.603199,0,Li4.8La0.2P1S4.4Cl1.6 -> 4.8 Li + 0.4941 P2S7 + 0.01176 PCl5 + 0.9412 SCl + 0.2 LaCl3
NMC811,La,4.30,0.0,-0.232711,0,Li1Mn0.1Co0.1Ni0.8O2 -> Li + 0.1 Co(NiO2)2 + 0.1 Mn(Ni3O4)2 + 0.4 O2
NMC811,La,4.30,0.047619,-0.502929,0,0.9836 Li1Mn0.1Co0.1Ni0.8O2 + 0.01639 Li4.8La0.2P1S4.4Cl1.6 -> 1.062 Li + 0.008197 Ni3(PO4)2 + 0.01311 Ni(ClO4)2 + 0.09672 Mn(Ni3O4)2 + 0.09672 CoNiO3 + 0.001639 La2MnCoO6 + 0.07213 NiSO4 + 0.2172 O2
NMC811,La,4.30,0.054545,-0.542644,0,0.9811 Li1Mn0.1Co0.1Ni0.8O2 + 0.01887 Li4.8La0.2P1S4.4Cl1.6 -> 1.042 Li + 0.009434 Ni3(PO4)2 + 0.09623 Mn(Ni3O4)2 + 0.03019 LiClO4 + 0.09623 CoNiO3 + 0.001887 La2MnCoO6 + 0.08302 NiSO4 + 0.1821 O2
NMC811,La,4.30,0.097166,-0.789052,0,0.9654 Li1Mn0.1Co0.1Ni0.8O2 + 0.03463 Li4.8La0.2P1S4.4Cl1.6 -> 1.076 Li + 0.01732 Ni3(PO4)2 + 0.07636 Mn(Ni3O4)2 + 0.05541 LiClO4 + 0.09307 CoNiO3 + 0.01671 MnNiO3 + 0.003463 La2MnCoO6 + 0.1524 NiSO4
NMC811,La,4.30,0.100418,-0.807879,0,0.9641 Li1Mn0.1Co0.1Ni0.8O2 + 0.03587 Li4.8La0.2P1S4.4Cl1.6 -> 1.136 Li + 0.01794 Ni3(PO4)2 + 0.0287 Ni(ClO4)2 + 0.06906 Mn(Ni3O4)2 + 0.09283 CoNiO3 + 0.02377 MnNiO3 + 0.003587 La2MnCoO6 + 0.1578 NiSO4
NMC811,La,4.30,0.106969,-0.841082,0,0.9616 Li1Mn0.1Co0.1Ni0.8O2 + 0.03839 Li4.8La0.2P1S4.4Cl1.6 -> 1.146 Li + 0.0192 Ni3(PO4)2 + 0.03072 Ni(ClO4)2 + 0.08394 Mn(Ni3O4)2 + 0.004014 Co23O32 + 0.008377 MnNiO3 + 0.003839 La2MnCoO6 + 0.1689 NiSO4
NMC811,La,4.30,0.145553,-1.03122,0,0.9463 Li1Mn0.1Co0.1Ni0.8O2 + 0.05373 Li4.8La0.2P1S4.4Cl1.6 -> 1.204 Li + 0.02687 Ni3(PO4)2 + 0.06155 Mn(Ni3O4)2 + 0.003881 Co23O32 + 0.0277 MnNiO3 + 0.005373 La2MnCoO6 + 0.04299 NiCl2 + 0.2364 NiSO4
NMC811,La,4.30,0.146341,-1.034792,0,0.9459 Li1Mn0.1Co0.1Ni0.8O2 + 0.05405 Li4.8La0.2P1S4.4Cl1.6 -> 1.205 Li + 0.02703 Ni3(PO4)2 + 0.06108 Mn(Ni3O4)2 + 0.02811 MnNiO3 + 0.005405 La2MnCoO6 + 0.04324 NiCl2 + 0.02973 Co3O4 + 0.2378 NiSO4
NMC811,La,4.30,0.148825,-1.043599,0,0.9449 Li1Mn0.1Co0.1Ni0.8O2 + 0.05507 Li4.8La0.2P1S4.4Cl1.6 -> 1.209 Li + 0.02754 Ni3(PO4)2 + 0.06449 Mn(Ni3O4)2 + 0.01225 Mn2CoO4 + 0.005507 La2MnCoO6 + 0.04406 NiCl2 + 0.02558 Co3O4 + 0.2423 NiSO4
NMC811,La,4.30,0.151739,-1.053933,0,0.9437 Li1Mn0.1Co0.1Ni0.8O2 + 0.05627 Li4.8La0.2P1S4.4Cl1.6 -> 1.214 Li + 0.0005471 Ni3(PO4)2 + 0.07679 Mn(Ni3O4)2 + 0.005979 Mn2CoO4 + 0.02759 Co3(PO4)2 + 0.005627 La2MnCoO6 + 0.04502 NiCl2 + 0.2476 NiSO4
NMC811,La,4.30,0.151899,-1.054403,0,0.9437 Li1Mn0.1Co0.1Ni0.8O2 + 0.05634 Li4.8La0.2P1S4.4Cl1.6 -> 1.214 Li + 0.07746 Mn(Ni3O4)2 + 0.004225 Mn2CoO4 + 0.02817 Co3(PO4)2 + 0.005634 La2MnCoO6 + 0.002817 MnSO4 + 0.04507 NiCl2 + 0.2451 NiSO4
NMC811,La,4.30,0.157895,-1.071991,0,0.9412 Li1Mn0.1Co0.1Ni0.8O2 + 0.05882 Li4.8La0.2P1S4.4Cl1.6 -> 1.224 Li + 0.04118 Mn(Ni3O4)2 + 0.02941 Co3(PO4)2 + 0.005882 La2MnCoO6 + 0.04706 MnSO4 + 0.04706 NiCl2 + 0.2471 NiO + 0.2118 NiSO4
NMC811,La,4.30,0.163934,-1.08975,0,0.9387 Li1Mn0.1Co0.1Ni0.8O2 + 0.06135 Li4.8La0.2P1S4.4Cl1.6 -> 1.233 Li + 0.001431 Ni3(PO4)2 + 0.02924 Co3(PO4)2 + 0.006135 La2MnCoO6 + 0.08773 MnSO4 + 0.04908 NiCl2 + 0.5153 NiO + 0.1822 NiSO4
NMC811,La,4.30,0.27933,-1.222853,0,0.8856 Li1Mn0.1Co0.1Ni0.8O2 + 0.1144 Li4.8La0.2P1S4.4Cl1.6 -> 1.435 Li + 0.0315 Ni3(PO4)2 + 0.02571 Co3(PO4)2 + 0.01144 La2MnCoO6 + 0.09611 Ni3S2 + 0.07712 MnSO4 + 0.09153 NiCl2 + 0.2341 NiSO4
NMC811,La,4.30,0.299465,-1.243767,0,0.8753 Li1Mn0.1Co0.1Ni0.8O2 + 0.1247 Li4.8La0.2P1S4.4Cl1.6 -> 1.474 Li + 0.06236 Ni3(PO4)2 + 0.01247 La2MnCoO6 + 0.05223 Ni3S2 + 0.07506 MnSO4 + 0.09978 NiCl2 + 0.03753 Co2NiS4 + 0.2192 NiSO4
NMC811,La,4.30,0.317949,-1.262105,0,0.8655 Li1Mn0.1Co0.1Ni0.8O2 + 0.1345 Li4.8La0.2P1S4.4Cl1.6 -> 1.511 Li + 0.06725 Ni3(PO4)2 + 0.0731 Co(NiS2)2 + 0.01345 La2MnCoO6 + 0.01063 Ni3S2 + 0.0731 MnSO4 + 0.1076 NiCl2 + 0.205 NiSO4
NMC811,La,4.30,0.319605,-1.263698,0,0.8646 Li1Mn0.1Co0.1Ni0.8O2 + 0.1354 Li4.8La0.2P1S4.4Cl1.6 -> 1.514 Li + 0.06769 Ni3(PO4)2 + 0.07292 Co(NiS2)2 + 0.003419 Ni9S8 + 0.01354 La2MnCoO6 + 0.07292 MnSO4 + 0.1083 NiCl2 + 0.2037 NiSO4
NMC811,La,4.30,0.339557,-1.282603,1,0.8537 Li1Mn0.1Co0.1Ni0.8O2 + 0.1463 Li4.8La0.2P1S4.4Cl1.6 -> 1.556 Li + 0.05852 Ni3(PO4)2 + 0.02926 LaPO4 + 0.08537 Co(NiS2)2 + 0.002715 Ni9S8 + 0.08537 MnSO4 + 0.117 NiCl2 + 0.1952 NiSO4
NMC811,La,4.30,0.34202,-1.28486,1,0.8523 Li1Mn0.1Co0.1Ni0.8O2 + 0.1477 Li4.8La0.2P1S4.4Cl1.6 -> 1.561 Li + 0.05907 Ni3(PO4)2 + 0.02954 LaPO4 + 0.08523 Co(NiS2)2 + 0.08523 MnSO4 + 0.1181 NiCl2 + 0.007595 Ni3S4 + 0.1932 NiSO4
NMC811,La,4.30,0.359589,-1.295613,1,0.8423 Li1Mn0.1Co0.1Ni0.8O2 + 0.1577 Li4.8La0.2P1S4.4Cl1.6 -> 1.599 Li + 0.03153 LaPO4 + 0.06306 Ni2P2O7 + 0.08423 Co(NiS2)2 + 0.08423 MnSO4 + 0.1261 NiCl2 + 0.01937 Ni3S4 + 0.195 NiSO4
NMC811,La,4.30,0.379061,-1.305694,1,0.8309 Li1Mn0.1Co0.1Ni0.8O2 + 0.1691 Li4.8La0.2P1S4.4Cl1.6 -> 1.643 Li + 0.03382 LaPO4 + 0.06763 Ni(PO3)2 + 0.08309 Co(NiS2)2 + 0.08309 MnSO4 + 0.1353 NiCl2 + 0.03285 Ni3S4 + 0.1971 NiSO4
NMC811,La,4.30,0.38961,-1.310561,0,0.8246 Li1Mn0.1Co0.1Ni0.8O2 + 0.1754 Li4.8La0.2P1S4.4Cl1.6 -> 1.667 Li + 0.08772 Ni(PO3)2 + 0.08246 Co(NiS2)2 + 0.01754 La2(SO4)3 + 0.08246 MnSO4 + 0.1404 NiCl2 + 0.04035 Ni3S4 + 0.1456 NiSO4
NMC811,La,4.30,0.408377,-1.316964,0,0.8129 Li1Mn0.1Co0.1Ni0.8O2 + 0.1871 Li4.8La0.2P1S4.4Cl1.6 -> 1.711 Li + 0.09353 Ni(PO3)2 + 0.1158 NiS2 + 0.08129 Co(NiS2)2 + 0.01871 La2(SO4)3 + 0.08129 MnSO4 + 0.1496 NiCl2 + 0.1288 NiSO4
NMC811,La,4.30,0.44335,-1.327218,0,0.7902 Li1Mn0.1Co0.1Ni0.8O2 + 0.2098 Li4.8La0.2P1S4.4Cl1.6 -> 1.797 Li + 0.1049 Ni(PO3)2 + 0.2636 NiS2 + 0.02098 La2(SO4)3 + 0.07902 CoS2 + 0.07902 MnSO4 + 0.1678 NiCl2 + 0.0958 NiSO4
NMC811,La,4.30,0.47929,-1.333447,0,0.7652 Li1Mn0.1Co0.1Ni0.8O2 + 0.2348 Li4.8La0.2P1S4.4Cl1.6 -> 1.892 Li + 0.1174 Ni(PO3)2 + 0.1191 SO2 + 0.307 NiS2 + 0.02348 La2(SO4)3 + 0.07652 CoS2 + 0.07652 MnSO4 + 0.1878 NiCl2
NMC811,La,4.30,0.505618,-1.336901,0,0.7458 Li1Mn0.1Co0.1Ni0.8O2 + 0.2542 Li4.8La0.2P1S4.4Cl1.6 -> 1.966 Li + 0.05254 Ni(PO3)2 + 0.2119 SO2 + 0.3407 NiS2 + 0.02542 La2(SO4)3 + 0.07458 CoS2 + 0.2034 NiCl2 + 0.07458 Mn(PO3)2
NMC811,La,4.30,0.525974,-1.338996,1,0.73 Li1Mn0.1Co0.1Ni0.8O2 + 0.27 Li4.8La0.2P1S4.4Cl1.6 -> 2.026 Li + 0.287 SO2 + 0.368 NiS2 + 0.006333 La2(SO4)3 + 0.04133 La(PO3)3 + 0.073 CoS2 + 0.216 NiCl2 + 0.073 Mn(PO3)2
NMC811,La,4.30,0.6,-1.341288,1,0.6667 Li1Mn0.1Co0.1Ni0.8O2 + 0.3333 Li4.8La0.2P1S4.4Cl1.6 -> 2.267 Li + 0.1667 SO2 + 0.425 NiS2 + 0.06667 La(PO3)3 + 0.06667 CoS2 + 0.3167 SCl + 0.1083 NiCl2 + 0.06667 Mn(PO3)2
NMC811,La,4.30,0.656934,-1.342688,1,0.6104 Li1Mn0.1Co0.1Ni0.8O2 + 0.3896 Li4.8La0.2P1S4.4Cl1.6 -> 2.481 Li + 0.01688 Ni(PO3)2 + 0.02597 SO2 + 0.4714 NiS2 + 0.07792 La(PO3)3 + 0.06104 CoS2 + 0.6234 SCl + 0.06104 Mn(PO3)2
NMC811,La,4.30,0.662651,-1.342527,1,0.6043 Li1Mn0.1Co0.1Ni0.8O2 + 0.3957 Li4.8La0.2P1S4.4Cl1.6 -> 2.504 Li + 0.01871 LaP5O14 + 0.02014 SO2 + 0.4835 NiS2 + 0.06043 La(PO3)3 + 0.06043 CoS2 + 0.6331 SCl + 0.06043 Mn(PO3)2
NMC811,La,4.30,0.670588,-1.340903,1,0.5957 Li1Mn0.1Co0.1Ni0.8O2 + 0.4043 Li4.8La0.2P1S4.4Cl1.6 -> 2.536 Li + 0.02128 LaP5O14 + 0.4766 NiS2 + 0.05957 La(PO3)3 + 0.05957 CoS2 + 0.6468 SCl + 0.05957 Mn(PO3)2 + 0.05957 S
NMC811,La,4.30,0.697297,-1.325898,1,0.5657 Li1Mn0.1Co0.1Ni0.8O2 + 0.4343 Li4.8La0.2P1S4.4Cl1.6 -> 2.651 Li + 0.00202 LaP5O14 + 0.4525 NiS2 + 0.08485 La(PO3)3 + 0.05657 CoS2 + 0.6949 SCl + 0.02828 P2S7 + 0.05657 Mn(PO3)2
NMC811,La,4.30,0.913043,-1.194104,1,0.2222 Li1Mn0.1Co0.1Ni0.8O2 + 0.7778 Li4.8La0.2P1S4.4Cl1.6 -> 3.956 Li + 0.02222 LaP5O14 + 0.1778 NiS2 + 0.02222 CoS2 + 0.8444 SCl + 0.3111 P2S7 + 0.1333 LaCl3 + 0.02222 Mn(PO3)2
NMC811,La,4.30,1.0,-1.136533,0,Li4.8La0.2P1S4.4Cl1.6 -> 4.8 Li + 0.01176 PCl5 + 0.9412 SCl + 0.4941 P2S7 + 0.2 LaCl3
NMC811,La,4.50,0.0,-0.299378,0,Li1Mn0.1Co0.1Ni0.8O2 -> Li + 0.1 Co(NiO2)2 + 0.1 Mn(Ni3O4)2 + 0.4 O2
NMC811,La,4.50,0.047619,-0.572159,0,0.9836 Li1Mn0.1Co0.1Ni0.8O2 + 0.01639 Li4.8La0.2P1S4.4Cl1.6 -> 1.062 Li + 0.09672 CoNiO3 + 0.09672 Mn(Ni3O4)2 + 0.01311 Ni(ClO4)2 + 0.008197 Ni3(PO4)2 + 0.001639 La2MnCoO6 + 0.07213 NiSO4 + 0.2172 O2
NMC811,La,4.50,0.100418,-0.880011,0,0.9641 Li1Mn0.1Co0.1Ni0.8O2 + 0.03587 Li4.8La0.2P1S4.4Cl1.6 -> 1.136 Li + 0.09283 CoNiO3 + 0.06906 Mn(Ni3O4)2 + 0.02377 MnNiO3 + 0.0287 Ni(ClO4)2 + 0.01794 Ni3(PO4)2 + 0.003587 La2MnCoO6 + 0.1578 NiSO4
NMC811,La,4.50,0.106969,-0.913578,0,0.9616 Li1Mn0.1Co0.1Ni0.8O2 + 0.03839 Li4.8La0.2P1S4.4Cl1.6 -> 1.146 Li + 0.08394 Mn(Ni3O4)2 + 0.008377 MnNiO3 + 0.03072 Ni(ClO4)2 + 0.0192 Ni3(PO4)2 + 0.003839 La2MnCoO6 + 0.004014 Co23O32 + 0.1689 NiSO4
NMC811,La,4.50,0.145553,-1.105883,0,0.9463 Li1Mn0.1Co0.1Ni0.8O2 + 0.05373 Li4.8La0.2P1S4.4Cl1.6 -> 1.204 Li + 0.06155 Mn(Ni3O4)2 + 0.0277 MnNiO3 + 0.02687 Ni3(PO4)2 + 0.005373 La2MnCoO6 + 0.003881 Co23O32 + 0.04299 NiCl2 + 0.2364 NiSO4
NMC811,La,4.50,0.146341,-1.109498,0,0.9459 Li1Mn0.1Co0.1Ni0.8O2 + 0.05405 Li4.8La0.2P1S4.4Cl1.6 -> 1.205 Li + 0.06108 Mn(Ni3O4)2 + 0.02811 MnNiO3 + 0.02703 Ni3(PO4)2 + 0.005405 La2MnCoO6 + 0.04324 NiCl2 + 0.02973 Co3O4 + 0.2378 NiSO4
NMC811,La,4.50,0.148825,-1.118446,0,0.9449 Li1Mn0.1Co0.1Ni0.8O2 + 0.05507 Li4.8La0.2P1S4.4Cl1.6 -> 1.209 Li + 0.06449 Mn(Ni3O4)2 + 0.01225 Mn2CoO4 + 0.02754 Ni3(PO4)2 + 0.005507 La2MnCoO6 + 0.04406 NiCl2 + 0.02558 Co3O4 + 0.2423 NiSO4
NMC811,La,4.50,0.151739,-1.128946,0,0.9437 Li1Mn0.1Co0.1Ni0.8O2 + 0.05627 Li4.8La0.2P1S4.4Cl1.6 -> 1.214 Li + 0.07679 Mn(Ni3O4)2 + 0.005979 Mn2CoO4 + 0.0005471 Ni3(PO4)2 + 0.005627 La2MnCoO6 + 0.02759 Co3(PO4)2 + 0.04502 NiCl2 + 0.2476 NiSO4
NMC811,La,4.50,0.151899,-1.129425,0,0.9437 Li1Mn0.1Co0.1Ni0.8O2 + 0.05634 Li4.8La0.2P1S4.4Cl1.6 -> 1.214 Li + 0.07746 Mn(Ni3O4)2 + 0.004225 Mn2CoO4 + 0.005634 La2MnCoO6 + 0.02817 Co3(PO4)2 + 0.04507 NiCl2 + 0.002817 MnSO4 + 0.2451 NiSO4
NMC811,La,4.50,0.157895,-1.147354,0,0.9412 Li1Mn0.1Co0.1Ni0.8O2 + 0.05882 Li4.8La0.2P1S4.4Cl1.6 -> 1.224 Li + 0.04118 Mn(Ni3O4)2 + 0.005882 La2MnCoO6 + 0.02941 Co3(PO4)2 + 0.04706 NiCl2 + 0.04706 MnSO4 + 0.2471 NiO + 0.2118 NiSO4
NMC811,La,4.50,0.163934,-1.165456,0,0.9387 Li1Mn0.1Co0.1Ni0.8O2 + 0.06135 Li4.8La0.2P1S4.4Cl1.6 -> 1.233 Li + 0.001431 Ni3(PO4)2 + 0.006135 La2MnCoO6 + 0.02924 Co3(PO4)2 + 0.04908 NiCl2 + 0.08773 MnSO4 + 0.5153 NiO + 0.1822 NiSO4
NMC811,La,4.50,0.27933,-1.305299,0,0.8856 Li1Mn0.1Co0.1Ni0.8O2 + 0.1144 Li4.8La0.2P1S4.4Cl1.6 -> 1.435 Li + 0.0315 Ni3(PO4)2 + 0.01144 La2MnCoO6 + 0.02571 Co3(PO4)2 + 0.09611 Ni3S2 + 0.09153 NiCl2 + 0.07712 MnSO4 + 0.2341 NiSO4
NMC811,La,4.50,0.299465,-1.327423,0,0.8753 Li1Mn0.1Co0.1Ni0.8O2 + 0.1247 Li4.8La0.2P1S4.4Cl1.6 -> 1.474 Li + 0.06236 Ni3(PO4)2 + 0.01247 La2MnCoO6 + 0.05223 Ni3S2 + 0.09978 NiCl2 + 0.07506 MnSO4 + 0.03753 Co2NiS4 + 0.2192 NiSO4
NMC811,La,4.50,0.317949,-1.346881,0,0.8655 Li1Mn0.1Co0.1Ni0.8O2 + 0.1345 Li4.8La0.2P1S4.4Cl1.6 -> 1.511 Li + 0.06725 Ni3(PO4)2 + 0.01345 La2MnCoO6 + 0.0731 Co(NiS2)2 + 0.01063 Ni3S2 + 0.1076 NiCl2 + 0.0731 MnSO4 + 0.205 NiSO4
NMC811,La,4.50,0.319605,-1.348574,0,0.8646 Li1Mn0.1Co0.1Ni0.8O2 + 0.1354 Li4.8La0.2P1S4.4Cl1.6 -> 1.514 Li + 0.06769 Ni3(PO4)2 + 0.01354 La2MnCoO6 + 0.003419 Ni9S8 + 0.07292 Co(NiS2)2 + 0.1083 NiCl2 + 0.07292 MnSO4 + 0.2037 NiSO4
NMC811,La,4.50,0.339557,-1.368699,1,0.8537 Li1Mn0.1Co0.1Ni0.8O2 + 0.1463 Li4.8La0.2P1S4.4Cl1.6 -> 1.556 Li + 0.05852 Ni3(PO4)2 + 0.02926 LaPO4 + 0.002715 Ni9S8 + 0.08537 Co(NiS2)2 + 0.117 NiCl2 + 0.08537 MnSO4 + 0.1952 NiSO4
NMC811,La,4.50,0.34202,-1.371107,1,0.8523 Li1Mn0.1Co0.1Ni0.8O2 + 0.1477 Li4.8La0.2P1S4.4Cl1.6 -> 1.561 Li + 0.05907 Ni3(PO4)2 + 0.02954 LaPO4 + 0.08523 Co(NiS2)2 + 0.1181 NiCl2 + 0.08523 MnSO4 + 0.007595 Ni3S4 + 0.1932 NiSO4
NMC811,La,4.50,0.359589,-1.382944,1,0.8423 Li1Mn0.1Co0.1Ni0.8O2 + 0.1577 Li4.8La0.2P1S4.4Cl1.6 -> 1.599 Li + 0.03153 LaPO4 + 0.06306 Ni2P2O7 + 0.08423 Co(NiS2)2 + 0.1261 NiCl2 + 0.08423 MnSO4 + 0.01937 Ni3S4 + 0.195 NiSO4
NMC811,La,4.50,0.379061,-1.394235,1,0.8309 Li1Mn0.1Co0.1Ni0.8O2 + 0.1691 Li4.8La0.2P1S4.4Cl1.6 -> 1.643 Li + 0.06763 Ni(PO3)2 + 0.03382 LaPO4 + 0.08309 Co(NiS2)2 + 0.1353 NiCl2 + 0.08309 MnSO4 + 0.03285 Ni3S4 + 0.1971 NiSO4
NMC811,La,4.50,0.38961,-1.399763,0,0.8246 Li1Mn0.1Co0.1Ni0.8O2 + 0.1754 Li4.8La0.2P1S4.4Cl1.6 -> 1.667 Li + 0.08772 Ni(PO3)2 + 0.01754 La2(SO4)3 + 0.08246 Co(NiS2)2 + 0.1404 NiCl2 + 0.08246 MnSO4 + 0.04035 Ni3S4 + 0.1456 NiSO4
NMC811,La,4.50,0.408377,-1.407348,0,0.8129 Li1Mn0.1Co0.1Ni0.8O2 + 0.1871 Li4.8La0.2P1S4.4Cl1.6 -> 1.711 Li + 0.09353 Ni(PO3)2 + 0.01871 La2(SO4)3 + 0.1158 NiS2 + 0.08129 Co(NiS2)2 + 0.1496 NiCl2 + 0.08129 MnSO4 + 0.1288 NiSO4
NMC811,La,4.50,0.44335,-1.419831,0,0.7902 Li1Mn0.1Co0.1Ni0.8O2 + 0.2098 Li4.8La0.2P1S4.4Cl1.6 -> 1.797 Li + 0.1049 Ni(PO3)2 + 0.07902 CoS2 + 0.02098 La2(SO4)3 + 0.2636 NiS2 + 0.1678 NiCl2 + 0.07902 MnSO4 + 0.0958 NiSO4
NMC811,La,4.50,0.47929,-1.428385,0,0.7652 Li1Mn0.1Co0.1Ni0.8O2 + 0.2348 Li4.8La0.2P1S4.4Cl1.6 -> 1.892 Li + 0.1174 Ni(PO3)2 + 0.07652 CoS2 + 0.02348 La2(SO4)3 + 0.307 NiS2 + 0.1191 SO2 + 0.1878 NiCl2 + 0.07652 MnSO4
NMC811,La,4.50,0.505618,-1.433568,0,0.7458 Li1Mn0.1Co0.1Ni0.8O2 + 0.2542 Li4.8La0.2P1S4.4Cl1.6 -> 1.966 Li + 0.05254 Ni(PO3)2 + 0.07458 CoS2 + 0.02542 La2(SO4)3 + 0.3407 NiS2 + 0.2119 SO2 + 0.2034 NiCl2 + 0.07458 Mn(PO3)2
NMC811,La,4.50,0.525974,-1.437012,1,0.73 Li1Mn0.1Co0.1Ni0.8O2 + 0.27 Li4.8La0.2P1S4.4Cl1.6 -> 2.026 Li + 0.04133 La(PO3)3 + 0.073 CoS2 + 0.006333 La2(SO4)3 + 0.368 NiS2 + 0.287 SO2 + 0.216 NiCl2 + 0.073 Mn(PO3)2
NMC811,La,4.50,0.6,-1.444319,1,0.6667 Li1Mn0.1Co0.1Ni0.8O2 + 0.3333 Li4.8La0.2P1S4.4Cl1.6 -> 2.267 Li + 0.3167 SCl + 0.06667 La(PO3)3 + 0.06667 CoS2 + 0.425 NiS2 + 0.1667 SO2 + 0.1083 NiCl2 + 0.06667 Mn(PO3)2
NMC811,La,4.50,0.656934,-1.449691,1,0.6104 Li1Mn0.1Co0.1Ni0.8O2 + 0.3896 Li4.8La0.2P1S4.4Cl1.6 -> 2.481 Li + 0.01688 Ni(PO3)2 + 0.6234 SCl + 0.07792 La(PO3)3 + 0.06104 CoS2 + 0.4714 NiS2 + 0.02597 SO2 + 0.06104 Mn(PO3)2
NMC811,La,4.50,0.662651,-1.449935,1,0.6043 Li1Mn0.1Co0.1Ni0.8O2 + 0.3957 Li4.8La0.2P1S4.4Cl1.6 -> 2.504 Li + 0.01871 LaP5O14 + 0.6331 SCl + 0.06043 La(PO3)3 + 0.06043 CoS2 + 0.4835 NiS2 + 0.02014 SO2 + 0.06043 Mn(PO3)2
NMC811,La,4.50,0.670588,-1.448874,1,0.5957 Li1Mn0.1Co0.1Ni0.8O2 + 0.4043 Li4.8La0.2P1S4.4Cl1.6 -> 2.536 Li + 0.02128 LaP5O14 + 0.6468 SCl + 0.05957 La(PO3)3 + 0.05957 CoS2 + 0.4766 NiS2 + 0.05957 Mn(PO3)2 + 0.05957 S
NMC811,La,4.50,0.697297,-1.43578,1,0.5657 Li1Mn0.1Co0.1Ni0.8O2 + 0.4343 Li4.8La0.2P1S4.4Cl1.6 -> 2.651 Li + 0.00202 LaP5O14 + 0.6949 SCl + 0.08485 La(PO3)3 + 0.05657 CoS2 + 0.4525 NiS2 + 0.02828 P2S7 + 0.05657 Mn(PO3)2
NMC811,La,4.50,0.913043,-1.320345,1,0.2222 Li1Mn0.1Co0.1Ni0.8O2 + 0.7778 Li4.8La0.2P1S4.4Cl1.6 -> 3.956 Li + 0.02222 LaP5O14 + 0.8444 SCl + 0.02222 CoS2 + 0.1778 NiS2 + 0.3111 P2S7 + 0.1333 LaCl3 + 0.02222 Mn(PO3)2
NMC811,La,4.50,1.0,-1.269866,0,Li4.8La0.2P1S4.4Cl1.6 -> 4.8 Li + 0.9412 SCl + 0.4941 P2S7 + 0.01176 PCl5 + 0.2 LaCl3
LiCoO2,Ce,2.50,0.0,0.0,0,LiCoO2 -> LiCoO2
LiCoO2,Ce,2.50,0.12,-0.277914,0,0.04348 Li4.8Ce0.2P1S4.4Cl1.6 + 0.9565 LiCoO2 -> 0.5826 Li + 0.9565 CoO + 0.04348 Li3PO4 + 0.1913 Li2SO4 + 0.008696 CeO2 + 0.06957 LiCl
LiCoO2,Ce,2.50,0.431034,-0.584657,0,0.2016 Li4.8Ce0.2P1S4.4Cl1.6 + 0.7984 LiCoO2 -> 0.4839 Li + 0.2016 Li3PO4 + 0.1774 Li2SO4 + 0.08871 Co9S8 + 0.04032 CeO2 + 0.3226 LiCl
LiCoO2,Ce,2.50,0.5,-0.607312,0,0.25 Li4.8Ce0.2P1S4.4Cl1.6 + 0.75 LiCoO2 -> 0.6 Li + 0.25 Co3S4 + 0.25 Li3PO4 + 0.1 Li2SO4 + 0.05 CeO2 + 0.4 LiCl
LiCoO2,Ce,2.50,0.576923,-0.613311,0,0.3125 Li4.8Ce0.2P1S4.4Cl1.6 + 0.6875 LiCoO2 -> 0.75 Li + 0.6875 CoS2 + 0.3125 Li3PO4 + 0.0625 CeO2 + 0.5 LiCl
LiCoO2,Ce,2.50,0.588235,-0.604599,0,0.3226 Li4.8Ce0.2P1S4.4Cl1.6 + 0.6774 LiCoO2 -> 0.7379 Li + 0.6774 CoS2 + 0.3226 Li3PO4 + 0.01613 Ce4S3O4 + 0.5161 LiCl + 0.004032 LiS4
LiCoO2,Ce,2.50,0.6,-0.593156,1,0.3333 Li4.8Ce0.2P1S4.4Cl1.6 + 0.6667 LiCoO2 -> 0.9 Li + 0.06667 CePO4 + 0.6667 CoS2 + 0.2667 Li3PO4 + 0.5333 LiCl + 0.03333 LiS4
LiCoO2,Ce,2.50,0.882353,-0.237487,1,0.7143 Li4.8Ce0.2P1S4.4Cl1.6 + 0.2857 LiCoO2 -> 2.429 Li + 0.1429 CePO4 + 0.2857 P2S7 + 0.2857 CoS2 + 1.143 LiCl + 0.1429 LiS4
LiCoO2,Ce,2.50,1.0,-0.074114,0,Li4.8Ce0.2P1S4.4Cl1.6 -> 3.075 Li + 0.5 P2S7 + 0.2 CeS2 + 1.6 LiCl + 0.125 LiS4
LiCoO2,Ce,3.50,0.0,-0.013345,0,LiCoO2 -> 0.5 Li + 0.5 Li(CoO2)2
LiCoO2,Ce,3.50,0.083333,-0.365629,0,0.02941 Li4.8Ce0.2P1S4.4Cl1.6 + 0.9706 LiCoO2 -> 0.7176 Li + 0.005882 CeO2 + 0.02941 Li3PO4 + 0.3235 Co3O4 + 0.1294 Li2SO4 + 0.04706 LiCl
LiCoO2,Ce,3.50,0.088235,-0.384885,0,0.03125 Li4.8Ce0.2P1S4.4Cl1.6 + 0.9688 LiCoO2 -> 0.7625 Li + 0.00625 CeO2 + 0.03125 LiCoPO4 + 0.3125 Co3O4 + 0.1375 Li2SO4 + 0.05 LiCl
LiCoO2,Ce,3.50,0.092593,-0.398427,0,0.03289 Li4.8Ce0.2P1S4.4Cl1.6 + 0.9671 LiCoO2 -> 0.8026 Li + 0.006579 CeO2 + 0.03289 LiCoPO4 + 0.02632 CoCl2 + 0.3026 Co3O4 + 0.1447 Li2SO4
LiCoO2,Ce,3.50,0.095541,-0.407595,0,0.03401 Li4.8Ce0.2P1S4.4Cl1.6 + 0.966 LiCoO2 -> 0.8299 Li + 0.01701 Co3(PO4)2 + 0.006803 CeO2 + 0.02721 CoCl2 + 0.2959 Co3O4 + 0.1497 Li2SO4
LiCoO2,Ce,3.50,0.111111,-0.453101,0,0.04 Li4.8Ce0.2P1S4.4Cl1.6 + 0.96 LiCoO2 -> 0.976 Li + 0.088 Li2Co(SO4)2 + 0.02 Co3(PO4)2 + 0.008 CeO2 + 0.032 CoCl2 + 0.26 Co3O4
LiCoO2,Ce,3.50,0.132743,-0.515723,0,0.04854 Li4.8Ce0.2P1S4.4Cl1.6 + 0.9515 LiCoO2 -> 1.184 Li + 0.2136 CoSO4 + 0.02427 Co3(PO4)2 + 0.009709 CeO2 + 0.03883 CoCl2 + 0.2087 Co3O4
LiCoO2,Ce,3.50,0.163934,-0.603567,0,0.06135 Li4.8Ce0.2P1S4.4Cl1.6 + 0.9387 LiCoO2 -> 1.233 Li + 0.2699 CoSO4 + 0.03067 Co3(PO4)2 + 0.01227 CeO2 + 0.5276 CoO + 0.04908 CoCl2
LiCoO2,Ce,3.50,0.301418,-0.754662,0,0.1257 Li4.8Ce0.2P1S4.4Cl1.6 + 0.8743 LiCoO2 -> 1.478 Li + 0.2988 CoSO4 + 0.06287 Co3(PO4)2 + 0.02515 CeO2 + 0.0318 Co9S8 + 0.1006 CoCl2
LiCoO2,Ce,3.50,0.310597,-0.762104,0,0.1306 Li4.8Ce0.2P1S4.4Cl1.6 + 0.8694 LiCoO2 -> 1.496 Li + 0.3041 CoSO4 + 0.06528 Co3(PO4)2 + 0.03379 Co9S8 + 0.06528 CoCl2 + 0.02611 CeCl3
LiCoO2,Ce,3.50,0.34202,-0.784423,0,0.1477 Li4.8Ce0.2P1S4.4Cl1.6 + 0.8523 LiCoO2 -> 1.561 Li + 0.09283 Co3S4 + 0.2785 CoSO4 + 0.07384 Co3(PO4)2 + 0.07384 CoCl2 + 0.02954 CeCl3
LiCoO2,Ce,3.50,0.35533,-0.792642,1,0.1552 Li4.8Ce0.2P1S4.4Cl1.6 + 0.8448 LiCoO2 -> 1.59 Li + 0.102 Co3S4 + 0.03104 CeP2O7 + 0.2749 CoSO4 + 0.04656 Co3(PO4)2 + 0.1242 CoCl2
LiCoO2,Ce,3.50,0.396476,-0.813078,1,0.1796 Li4.8Ce0.2P1S4.4Cl1.6 + 0.8204 LiCoO2 -> 1.683 Li + 0.03593 CeP2O7 + 0.2395 CoSO4 + 0.05389 Co3(PO4)2 + 0.2754 CoS2 + 0.1437 CoCl2
LiCoO2,Ce,3.50,0.415704,-0.82037,1,0.1917 Li4.8Ce0.2P1S4.4Cl1.6 + 0.8083 LiCoO2 -> 1.728 Li + 0.05751 Co2P2O7 + 0.03834 CeP2O7 + 0.2364 CoSO4 + 0.3035 CoS2 + 0.1534 CoCl2
LiCoO2,Ce,3.50,0.445545,-0.830827,1,0.2113 Li4.8Ce0.2P1S4.4Cl1.6 + 0.7887 LiCoO2 -> 1.761 Li + 0.04225 CeP2O7 + 0.2254 CoSO4 + 0.04225 LiCo(PO3)3 + 0.3521 CoS2 + 0.169 CoCl2
LiCoO2,Ce,3.50,0.483871,-0.842139,1,0.2381 Li4.8Ce0.2P1S4.4Cl1.6 + 0.7619 LiCoO2 -> 1.667 Li + 0.09524 Li2Co(SO4)2 + 0.04762 CeP2O7 + 0.04762 LiCo(PO3)3 + 0.4286 CoS2 + 0.1905 CoCl2
LiCoO2,Ce,3.50,0.510204,-0.849363,1,0.2577 Li4.8Ce0.2P1S4.4Cl1.6 + 0.7423 LiCoO2 -> 1.598 Li + 0.05155 CeP2O7 + 0.05155 LiCo(PO3)3 + 0.4845 CoS2 + 0.2062 CoCl2 + 0.1649 Li2SO4
LiCoO2,Ce,3.50,0.572519,-0.860317,1,0.3086 Li4.8Ce0.2P1S4.4Cl1.6 + 0.6914 LiCoO2 -> 1.42 Li + 0.06173 CeP2O7 + 0.06173 LiCo(PO3)3 + 0.6296 CoS2 + 0.09877 Li2SO4 + 0.4938 LiCl
LiCoO2,Ce,3.50,0.586701,-0.861779,1,0.3212 Li4.8Ce0.2P1S4.4Cl1.6 + 0.6788 LiCoO2 -> 1.488 Li + 0.06424 Ce(PO3)4 + 0.02141 LiCo(PO3)3 + 0.6574 CoS2 + 0.0985 Li2SO4 + 0.5139 LiCl
LiCoO2,Ce,3.50,0.592885,-0.862298,1,0.3268 Li4.8Ce0.2P1S4.4Cl1.6 + 0.6732 LiCoO2 -> 1.471 Li + 0.06536 Ce(PO3)4 + 0.6732 CoS2 + 0.0915 Li2SO4 + 0.06536 LiPO3 + 0.5229 LiCl
LiCoO2,Ce,3.50,0.666667,-0.855712,1,0.4 Li4.8Ce0.2P1S4.4Cl1.6 + 0.6 LiCoO2 -> 2.36 Li + 0.08 Ce(PO3)4 + 0.56 SCl + 0.6 CoS2 + 0.08 LiPO3 + 0.08 LiCl
LiCoO2,Ce,3.50,0.672269,-0.853873,1,0.4061 Li4.8Ce0.2P1S4.4Cl1.6 + 0.5939 LiCoO2 -> 2.472 Li + 0.08122 Ce(PO3)4 + 0.01015 PCl5 + 0.599 SCl + 0.5939 CoS2 + 0.07107 LiPO3
LiCoO2,Ce,3.50,0.714286,-0.825425,1,0.4545 Li4.8Ce0.2P1S4.4Cl1.6 + 0.5455 LiCoO2 -> 2.727 Li + 0.09091 Ce(PO3)4 + 0.01604 PCl5 + 0.03743 P2S7 + 0.6471 SCl + 0.5455 CoS2
LiCoO2,Ce,3.50,1.0,-0.596893,0,Li4.8Ce0.2P1S4.4Cl1.6 -> 4.8 Li + 0.01176 PCl5 + 0.4941 P2S7 + 0.9412 SCl + 0.2 CeCl3
LiCoO2,Ce,4.30,0.0,-0.17822,0,LiCoO2 -> Li + CoO2
LiCoO2,Ce,4.30,0.086384,-0.596215,1,0.03055 Li4.8Ce0.2P1S4.4Cl1.6 + 0.9694 LiCoO2 -> 1.116 Li + 0.009166 Co3(PO4)2 + 0.03405 Co23O32 + 0.02444 Co(ClO4)2 + 0.006111 CeP2O7 + 0.1344 CoSO4
LiCoO2,Ce,4.30,0.087354,-0.600836,0,0.03092 Li4.8Ce0.2P1S4.4Cl1.6 + 0.9691 LiCoO2 -> 1.117 Li + 0.01546 Co3(PO4)2 + 0.03313 Co23O32 + 0.02473 Co(ClO4)2 + 0.006184 CeO2 + 0.136 CoSO4
LiCoO2,Ce,4.30,0.097043,-0.646358,0,0.03458 Li4.8Ce0.2P1S4.4Cl1.6 + 0.9654 LiCoO2 -> 1.131 Li + 0.01729 Co3(PO4)2 + 0.0331 Co23O32 + 0.006917 CeO2 + 0.05534 ClO2 + 0.1522 CoSO4
LiCoO2,Ce,4.30,0.125899,-0.781064,0,0.04581 Li4.8Ce0.2P1S4.4Cl1.6 + 0.9542 LiCoO2 -> 1.174 Li + 0.02291 Co3(PO4)2 + 0.02814 Co23O32 + 0.03665 CoCl2 + 0.009162 CeO2 + 0.2016 CoSO4
LiCoO2,Ce,4.30,0.132743,-0.811481,0,0.04854 Li4.8Ce0.2P1S4.4Cl1.6 + 0.9515 LiCoO2 -> 1.184 Li + 0.02427 Co3(PO4)2 + 0.03883 CoCl2 + 0.009709 CeO2 + 0.2087 Co3O4 + 0.2136 CoSO4
LiCoO2,Ce,4.30,0.163934,-0.906392,0,0.06135 Li4.8Ce0.2P1S4.4Cl1.6 + 0.9387 LiCoO2 -> 1.233 Li + 0.03067 Co3(PO4)2 + 0.04908 CoCl2 + 0.5276 CoO + 0.01227 CeO2 + 0.2699 CoSO4
LiCoO2,Ce,4.30,0.301418,-1.089756,0,0.1257 Li4.8Ce0.2P1S4.4Cl1.6 + 0.8743 LiCoO2 -> 1.478 Li + 0.06287 Co3(PO4)2 + 0.1006 CoCl2 + 0.02515 CeO2 + 0.0318 Co9S8 + 0.2988 CoSO4
LiCoO2,Ce,4.30,0.310597,-1.09942,0,0.1306 Li4.8Ce0.2P1S4.4Cl1.6 + 0.8694 LiCoO2 -> 1.496 Li + 0.06528 Co3(PO4)2 + 0.06528 CoCl2 + 0.03379 Co9S8 + 0.3041 CoSO4 + 0.02611 CeCl3
LiCoO2,Ce,4.30,0.34202,-1.129411,0,0.1477 Li4.8Ce0.2P1S4.4Cl1.6 + 0.8523 LiCoO2 -> 1.561 Li + 0.07384 Co3(PO4)2 + 0.09283 Co3S4 + 0.07384 CoCl2 + 0.2785 CoSO4 + 0.02954 CeCl3
LiCoO2,Ce,4.30,0.35533,-1.140911,1,0.1552 Li4.8Ce0.2P1S4.4Cl1.6 + 0.8448 LiCoO2 -> 1.59 Li + 0.04656 Co3(PO4)2 + 0.102 Co3S4 + 0.03104 CeP2O7 + 0.1242 CoCl2 + 0.2749 CoSO4
LiCoO2,Ce,4.30,0.396476,-1.171611,1,0.1796 Li4.8Ce0.2P1S4.4Cl1.6 + 0.8204 LiCoO2 -> 1.683 Li + 0.05389 Co3(PO4)2 + 0.03593 CeP2O7 + 0.1437 CoCl2 + 0.2754 CoS2 + 0.2395 CoSO4
LiCoO2,Ce,4.30,0.415704,-1.183762,1,0.1917 Li4.8Ce0.2P1S4.4Cl1.6 + 0.8083 LiCoO2 -> 1.728 Li + 0.05751 Co2P2O7 + 0.03834 CeP2O7 + 0.1534 CoCl2 + 0.3035 CoS2 + 0.2364 CoSO4
LiCoO2,Ce,4.30,0.444444,-1.198606,1,0.2105 Li4.8Ce0.2P1S4.4Cl1.6 + 0.7895 LiCoO2 -> 1.8 Li + 0.02105 Co2P2O7 + 0.1684 CoCl2 + 0.04211 Ce(PO3)4 + 0.3474 CoS2 + 0.2316 CoSO4
LiCoO2,Ce,4.30,0.456274,-1.204116,1,0.2186 Li4.8Ce0.2P1S4.4Cl1.6 + 0.7814 LiCoO2 -> 1.831 Li + 0.01093 CoP4O11 + 0.1749 CoCl2 + 0.04372 Ce(PO3)4 + 0.3661 CoS2 + 0.2295 CoSO4
LiCoO2,Ce,4.30,0.572337,-1.251405,1,0.3085 Li4.8Ce0.2P1S4.4Cl1.6 + 0.6915 LiCoO2 -> 2.172 Li + 0.01542 CoP4O11 + 0.0617 Ce(PO3)4 + 0.1234 SCl4 + 0.5578 CoS2 + 0.1183 CoSO4
LiCoO2,Ce,4.30,0.617496,-1.268813,1,0.3499 Li4.8Ce0.2P1S4.4Cl1.6 + 0.6501 LiCoO2 -> 2.329 Li + 0.01749 CoP4O11 + 0.06997 Ce(PO3)4 + 0.1399 SCl4 + 0.1341 SO2 + 0.6327 CoS2
LiCoO2,Ce,4.30,0.670391,-1.284329,1,0.404 Li4.8Ce0.2P1S4.4Cl1.6 + 0.596 LiCoO2 -> 2.535 Li + 0.0202 CoP4O11 + 0.6195 SCl + 0.08081 Ce(PO3)4 + 0.006734 SCl4 + 0.5758 CoS2
LiCoO2,Ce,4.30,0.671815,-1.284438,1,0.4056 Li4.8Ce0.2P1S4.4Cl1.6 + 0.5944 LiCoO2 -> 2.541 Li + 0.01958 CoP4O11 + 0.002797 PCl5 + 0.635 SCl + 0.08112 Ce(PO3)4 + 0.5748 CoS2
LiCoO2,Ce,4.30,0.681818,-1.281585,1,0.4167 Li4.8Ce0.2P1S4.4Cl1.6 + 0.5833 LiCoO2 -> 2.583 Li + 0.08333 CeP5O14 + 0.6667 SCl + 0.5833 CoS2
LiCoO2,Ce,4.30,0.714286,-1.26987,1,0.4545 Li4.8Ce0.2P1S4.4Cl1.6 + 0.5455 LiCoO2 -> 2.727 Li + 0.01604 PCl5 + 0.03743 P2S7 + 0.6471 SCl + 0.09091 Ce(PO3)4 + 0.5455 CoS2
LiCoO2,Ce,4.30,1.0,-1.130226,0,Li4.8Ce0.2P1S4.4Cl1.6 -> 4.8 Li + 0.01176 PCl5 + 0.4941 P2S7 + 0.9412 SCl + 0.2 CeCl3
LiCoO2,Ce,4.50,0.0,-0.244886,0,LiCoO2 -> Li + CoO2
LiCoO2,Ce,4.50,0.086384,-0.667569,1,0.03055 Li4.8Ce0.2P1S4.4Cl1.6 + 0.9694 LiCoO2 -> 1.116 Li + 0.03405 Co23O32 + 0.02444 Co(ClO4)2 + 0.009166 Co3(PO4)2 + 0.006111 CeP2O7 + 0.1344 CoSO4
LiCoO2,Ce,4.50,0.087354,-0.672245,0,0.03092 Li4.8Ce0.2P1S4.4Cl1.6 + 0.9691 LiCoO2 -> 1.117 Li + 0.03313 Co23O32 + 0.02473 Co(ClO4)2 + 0.006184 CeO2 + 0.01546 Co3(PO4)2 + 0.136 CoSO4
LiCoO2,Ce,4.50,0.097043,-0.718302,0,0.03458 Li4.8Ce0.2P1S4.4Cl1.6 + 0.9654 LiCoO2 -> 1.131 Li + 0.0331 Co23O32 + 0.006917 CeO2 + 0.01729 Co3(PO4)2 + 0.05534 ClO2 + 0.1522 CoSO4
LiCoO2,Ce,4.50,0.125899,-0.854619,0,0.04581 Li4.8Ce0.2P1S4.4Cl1.6 + 0.9542 LiCoO2 -> 1.174 Li + 0.02814 Co23O32 + 0.009162 CeO2 + 0.02291 Co3(PO4)2 + 0.03665 CoCl2 + 0.2016 CoSO4
LiCoO2,Ce,4.50,0.132743,-0.88542,0,0.04854 Li4.8Ce0.2P1S4.4Cl1.6 + 0.9515 LiCoO2 -> 1.184 Li + 0.009709 CeO2 + 0.02427 Co3(PO4)2 + 0.03883 CoCl2 + 0.2087 Co3O4 + 0.2136 CoSO4
LiCoO2,Ce,4.50,0.163934,-0.982098,0,0.06135 Li4.8Ce0.2P1S4.4Cl1.6 + 0.9387 LiCoO2 -> 1.233 Li + 0.01227 CeO2 + 0.03067 Co3(PO4)2 + 0.04908 CoCl2 + 0.5276 CoO + 0.2699 CoSO4
LiCoO2,Ce,4.50,0.301418,-1.17353,0,0.1257 Li4.8Ce0.2P1S4.4Cl1.6 + 0.8743 LiCoO2 -> 1.478 Li + 0.02515 CeO2 + 0.06287 Co3(PO4)2 + 0.1006 CoCl2 + 0.0318 Co9S8 + 0.2988 CoSO4
LiCoO2,Ce,4.50,0.310597,-1.183749,0,0.1306 Li4.8Ce0.2P1S4.4Cl1.6 + 0.8694 LiCoO2 -> 1.496 Li + 0.06528 Co3(PO4)2 + 0.06528 CoCl2 + 0.03379 Co9S8 + 0.3041 CoSO4 + 0.02611 CeCl3
LiCoO2,Ce,4.50,0.34202,-1.215658,0,0.1477 Li4.8Ce0.2P1S4.4Cl1.6 + 0.8523 LiCoO2 -> 1.561 Li + 0.07384 Co3(PO4)2 + 0.07384 CoCl2 + 0.09283 Co3S4 + 0.2785 CoSO4 + 0.02954 CeCl3
LiCoO2,Ce,4.50,0.35533,-1.227978,1,0.1552 Li4.8Ce0.2P1S4.4Cl1.6 + 0.8448 LiCoO2 -> 1.59 Li + 0.04656 Co3(PO4)2 + 0.1242 CoCl2 + 0.03104 CeP2O7 + 0.102 Co3S4 + 0.2749 CoSO4
LiCoO2,Ce,4.50,0.396476,-1.261244,1,0.1796 Li4.8Ce0.2P1S4.4Cl1.6 + 0.8204 LiCoO2 -> 1.683 Li + 0.05389 Co3(PO4)2 + 0.1437 CoCl2 + 0.03593 CeP2O7 + 0.2754 CoS2 + 0.2395 CoSO4
LiCoO2,Ce,4.50,0.415704,-1.27461,1,0.1917 Li4.8Ce0.2P1S4.4Cl1.6 + 0.8083 LiCoO2 -> 1.728 Li + 0.05751 Co2P2O7 + 0.1534 CoCl2 + 0.03834 CeP2O7 + 0.3035 CoS2 + 0.2364 CoSO4
LiCoO2,Ce,4.50,0.444444,-1.291289,1,0.2105 Li4.8Ce0.2P1S4.4Cl1.6 + 0.7895 LiCoO2 -> 1.8 Li + 0.04211 Ce(PO3)4 + 0.02105 Co2P2O7 + 0.1684 CoCl2 + 0.3474 CoS2 + 0.2316 CoSO4
LiCoO2,Ce,4.50,0.456274,-1.297561,1,0.2186 Li4.8Ce0.2P1S4.4Cl1.6 + 0.7814 LiCoO2 -> 1.831 Li + 0.04372 Ce(PO3)4 + 0.1749 CoCl2 + 0.01093 CoP4O11 + 0.3661 CoS2 + 0.2295 CoSO4
LiCoO2,Ce,4.50,0.572337,-1.352542,1,0.3085 Li4.8Ce0.2P1S4.4Cl1.6 + 0.6915 LiCoO2 -> 2.172 Li + 0.0617 Ce(PO3)4 + 0.01542 CoP4O11 + 0.1234 SCl4 + 0.5578 CoS2 + 0.1183 CoSO4
LiCoO2,Ce,4.50,0.617496,-1.373053,1,0.3499 Li4.8Ce0.2P1S4.4Cl1.6 + 0.6501 LiCoO2 -> 2.329 Li + 0.06997 Ce(PO3)4 + 0.01749 CoP4O11 + 0.1399 SCl4 + 0.1341 SO2 + 0.6327 CoS2
LiCoO2,Ce,4.50,0.670391,-1.392286,1,0.404 Li4.8Ce0.2P1S4.4Cl1.6 + 0.596 LiCoO2 -> 2.535 Li + 0.08081 Ce(PO3)4 + 0.0202 CoP4O11 + 0.006734 SCl4 + 0.6195 SCl + 0.5758 CoS2
LiCoO2,Ce,4.50,0.671815,-1.392497,1,0.4056 Li4.8Ce0.2P1S4.4Cl1.6 + 0.5944 LiCoO2 -> 2.541 Li + 0.08112 Ce(PO3)4 + 0.01958 CoP4O11 + 0.002797 PCl5 + 0.635 SCl + 0.5748 CoS2
LiCoO2,Ce,4.50,0.681818,-1.390357,1,0.4167 Li4.8Ce0.2P1S4.4Cl1.6 + 0.5833 LiCoO2 -> 2.583 Li + 0.08333 CeP5O14 + 0.6667 SCl + 0.5833 CoS2
LiCoO2,Ce,4.50,0.714286,-1.380981,1,0.4545 Li4.8Ce0.2P1S4.4Cl1.6 + 0.5455 LiCoO2 -> 2.727 Li + 0.09091 Ce(PO3)4 + 0.01604 PCl5 + 0.6471 SCl + 0.03743 P2S7 + 0.5455 CoS2
LiCoO2,Ce,4.50,1.0,-1.26356,0,Li4.8Ce0.2P1S4.4Cl1.6 -> 4.8 Li + 0.01176 PCl5 + 0.9412 SCl + 0.4941 P2S7 + 0.2 CeCl3
NMC811,Ce,2.50,0.0,-0.025971,0,Li1Mn0.1Co0.1Ni0.8O2 + 0.7 Li -> 0.1 Li2MnO3 + 0.8 NiO + 0.1 LiCoO2 + 0.7 Li2O
NMC811,Ce,2.50,0.08642,-0.385094,0,0.9694 Li1Mn0.1Co0.1Ni0.8O2 + 0.03057 Li4.8Ce0.2P1S4.4Cl1.6 -> 0.4035 Li + 0.006114 Li2CeO3 + 0.09694 Li2MnO3 + 0.7755 NiO + 0.09694 LiCoO2 + 0.03057 Li3PO4 + 0.1345 Li2SO4 + 0.04891 LiCl
NMC811,Ce,2.50,0.087137,-0.388075,0,0.9692 Li1Mn0.1Co0.1Ni0.8O2 + 0.03084 Li4.8Ce0.2P1S4.4Cl1.6 -> 0.4132 Li + 0.09692 Li2MnO3 + 0.7753 NiO + 0.09692 LiCoO2 + 0.03084 Li3PO4 + 0.1357 Li2SO4 + 0.006167 CeO2 + 0.04934 LiCl
NMC811,Ce,2.50,0.098361,-0.41253,0,0.9649 Li1Mn0.1Co0.1Ni0.8O2 + 0.03509 Li4.8Ce0.2P1S4.4Cl1.6 -> 0.4702 Li + 0.09649 Li2MnO3 + 0.7719 NiO + 0.09649 CoO + 0.03509 Li3PO4 + 0.1544 Li2SO4 + 0.007018 CeO2 + 0.05614 LiCl
NMC811,Ce,2.50,0.109312,-0.436432,0,0.9607 Li1Mn0.1Co0.1Ni0.8O2 + 0.0393 Li4.8Ce0.2P1S4.4Cl1.6 -> 0.5266 Li + 0.09607 LiMnO2 + 0.7686 NiO + 0.09607 CoO + 0.0393 Li3PO4 + 0.1729 Li2SO4 + 0.00786 CeO2 + 0.06288 LiCl
NMC811,Ce,2.50,0.114688,-0.447985,0,0.9586 Li1Mn0.1Co0.1Ni0.8O2 + 0.04139 Li4.8Ce0.2P1S4.4Cl1.6 -> 0.6026 Li + 0.04793 Mn2CoO4 + 0.7669 NiO + 0.04793 CoO + 0.04139 Li3PO4 + 0.1821 Li2SO4 + 0.008279 CeO2 + 0.06623 LiCl
NMC811,Ce,2.50,0.116466,-0.450264,0,0.9579 Li1Mn0.1Co0.1Ni0.8O2 + 0.04209 Li4.8Ce0.2P1S4.4Cl1.6 -> 0.5959 Li + 0.7663 NiO + 0.09579 CoO + 0.03193 Mn3O4 + 0.04209 Li3PO4 + 0.1852 Li2SO4 + 0.008418 CeO2 + 0.06734 LiCl
NMC811,Ce,2.50,0.194139,-0.512897,0,0.9257 Li1Mn0.1Co0.1Ni0.8O2 + 0.07433 Li4.8Ce0.2P1S4.4Cl1.6 -> 0.2864 Li + 0.09257 CoO + 0.03086 Mn3O4 + 0.07433 Li3PO4 + 0.3271 Li2SO4 + 0.01487 CeO2 + 0.7405 Ni + 0.1189 LiCl
NMC811,Ce,2.50,0.347181,-0.64173,0,0.8494 Li1Mn0.1Co0.1Ni0.8O2 + 0.1506 Li4.8Ce0.2P1S4.4Cl1.6 -> 0.4605 Li + 0.2265 Ni3S2 + 0.08494 CoO + 0.02831 Mn3O4 + 0.1506 Li3PO4 + 0.2095 Li2SO4 + 0.03012 CeO2 + 0.2409 LiCl
NMC811,Ce,2.50,0.372624,-0.66287,0,0.8347 Li1Mn0.1Co0.1Ni0.8O2 + 0.1653 Li4.8Ce0.2P1S4.4Cl1.6 -> 0.4523 Li + 0.2226 Ni3S2 + 0.02782 Mn3O4 + 0.1653 Li3PO4 + 0.2078 Li2SO4 + 0.009275 Co9S8 + 0.03305 CeO2 + 0.2644 LiCl
NMC811,Ce,2.50,0.374408,-0.66414,0,0.8337 Li1Mn0.1Co0.1Ni0.8O2 + 0.1663 Li4.8Ce0.2P1S4.4Cl1.6 -> 0.4408 Li + 0.08337 MnO + 0.2223 Ni3S2 + 0.1663 Li3PO4 + 0.2131 Li2SO4 + 0.009263 Co9S8 + 0.03326 CeO2 + 0.2661 LiCl
NMC811,Ce,2.50,0.390582,-0.671727,0,0.824 Li1Mn0.1Co0.1Ni0.8O2 + 0.176 Li4.8Ce0.2P1S4.4Cl1.6 -> 0.4637 Li + 0.0412 Co2NiS4 + 0.0824 MnO + 0.206 Ni3S2 + 0.176 Li3PO4 + 0.1978 Li2SO4 + 0.03521 CeO2 + 0.2816 LiCl
NMC811,Ce,2.50,0.395604,-0.673775,0,0.8209 Li1Mn0.1Co0.1Ni0.8O2 + 0.1791 Li4.8Ce0.2P1S4.4Cl1.6 -> 0.594 Li + 0.04104 Co2NiS4 + 0.2052 Ni3S2 + 0.08209 LiMnPO4 + 0.09701 Li3PO4 + 0.2134 Li2SO4 + 0.03582 CeO2 + 0.2866 LiCl
NMC811,Ce,2.50,0.414894,-0.680817,0,0.8088 Li1Mn0.1Co0.1Ni0.8O2 + 0.1912 Li4.8Ce0.2P1S4.4Cl1.6 -> 0.6206 Li + 0.08088 Co(NiS2)2 + 0.1618 Ni3S2 + 0.08088 LiMnPO4 + 0.1103 Li3PO4 + 0.1941 Li2SO4 + 0.03824 CeO2 + 0.3059 LiCl
NMC811,Ce,2.50,0.438776,-0.688801,0,0.7933 Li1Mn0.1Co0.1Ni0.8O2 + 0.2067 Li4.8Ce0.2P1S4.4Cl1.6 -> 0.6548 Li + 0.07933 Co(NiS2)2 + 0.05288 Ni9S8 + 0.07933 LiMnPO4 + 0.1274 Li3PO4 + 0.1692 Li2SO4 + 0.04135 CeO2 + 0.3308 LiCl
NMC811,Ce,2.50,0.481132,-0.700777,0,0.7639 Li1Mn0.1Co0.1Ni0.8O2 + 0.2361 Li4.8Ce0.2P1S4.4Cl1.6 -> 0.7194 Li + 0.07639 Co(NiS2)2 + 0.07639 LiMnPO4 + 0.1597 Li3PO4 + 0.1222 Li2SO4 + 0.1528 Ni3S4 + 0.04722 CeO2 + 0.3778 LiCl
NMC811,Ce,2.50,0.508929,-0.700327,0,0.7432 Li1Mn0.1Co0.1Ni0.8O2 + 0.2568 Li4.8Ce0.2P1S4.4Cl1.6 -> 0.6162 Li + 0.07432 Co(NiS2)2 + 0.2568 Li3PO4 + 0.08919 Li2SO4 + 0.1486 Ni3S4 + 0.05135 CeO2 + 0.07432 MnS2 + 0.4108 LiCl
NMC811,Ce,2.50,0.556452,-0.681433,0,0.7051 Li1Mn0.1Co0.1Ni0.8O2 + 0.2949 Li4.8Ce0.2P1S4.4Cl1.6 -> 0.7077 Li + 0.07051 Co(NiS2)2 + 0.4231 NiS2 + 0.2949 Li3PO4 + 0.02821 Li2SO4 + 0.05897 CeO2 + 0.07051 MnS2 + 0.4718 LiCl
NMC811,Ce,2.50,0.576923,-0.671744,0,0.6875 Li1Mn0.1Co0.1Ni0.8O2 + 0.3125 Li4.8Ce0.2P1S4.4Cl1.6 -> 0.75 Li + 0.55 NiS2 + 0.06875 CoS2 + 0.3125 Li3PO4 + 0.0625 CeO2 + 0.06875 MnS2 + 0.5 LiCl
NMC811,Ce,2.50,0.588235,-0.661616,0,0.6774 Li1Mn0.1Co0.1Ni0.8O2 + 0.3226 Li4.8Ce0.2P1S4.4Cl1.6 -> 0.7379 Li + 0.5419 NiS2 + 0.06774 CoS2 + 0.3226 Li3PO4 + 0.01613 Ce4S3O4 + 0.06774 MnS2 + 0.5161 LiCl + 0.004032 LiS4
NMC811,Ce,2.50,0.6,-0.648691,1,0.6667 Li1Mn0.1Co0.1Ni0.8O2 + 0.3333 Li4.8Ce0.2P1S4.4Cl1.6 -> 0.9 Li + 0.06667 CePO4 + 0.5333 NiS2 + 0.06667 CoS2 + 0.2667 Li3PO4 + 0.06667 MnS2 + 0.5333 LiCl + 0.03333 LiS4
NMC811,Ce,2.50,0.882353,-0.254941,1,0.2857 Li1Mn0.1Co0.1Ni0.8O2 + 0.7143 Li4.8Ce0.2P1S4.4Cl1.6 -> 2.429 Li + 0.1429 CePO4 + 0.2857 P2S7 + 0.2286 NiS2 + 0.02857 CoS2 + 0.02857 MnS2 + 1.143 LiCl + 0.1429 LiS4
NMC811,Ce,2.50,1.0,-0.074114,0,Li4.8Ce0.2P1S4.4Cl1.6 -> 3.075 Li + 0.5 P2S7 + 0.2 CeS2 + 1.6 LiCl + 0.125 LiS4
NMC811,Ce,3.50,0.0,-0.003246,0,Li1Mn0.1Co0.1Ni0.8O2 -> 0.4 Li + 0.02 Li4MnCo5O12 + 0.36 Li(NiO2)2 + 0.08 Li2MnO3 + 0.08 NiO
NMC811,Ce,3.50,0.070681,-0.442922,0,0.9753 Li1Mn0.1Co0.1Ni0.8O2 + 0.02473 Li4.8Ce0.2P1S4.4Cl1.6 -> 0.5286 Li + 0.01951 Li4MnCo5O12 + 0.004945 CeO2 + 0.03956 LiClO4 + 0.07802 Li2MnO3 + 0.02473 Li3PO4 + 0.7802 NiO + 0.1088 Li2SO4
NMC811,Ce,3.50,0.075521,-0.471602,0,0.9735 Li1Mn0.1Co0.1Ni0.8O2 + 0.02651 Li4.8Ce0.2P1S4.4Cl1.6 -> 0.6157 Li + 0.01947 Li4MnCo5O12 + 0.005302 CeO2 + 0.02596 Li2Mn3NiO8 + 0.04241 LiClO4 + 0.02651 Li3PO4 + 0.7528 NiO + 0.1166 Li2SO4
NMC811,Ce,3.50,0.095395,-0.572041,0,0.966 Li1Mn0.1Co0.1Ni0.8O2 + 0.03396 Li4.8Ce0.2P1S4.4Cl1.6 -> 0.5452 Li + 0.01932 Li4MnCo5O12 + 0.006792 CeO2 + 0.02576 Li2Mn3NiO8 + 0.03396 Li3PO4 + 0.7471 NiO + 0.1494 Li2SO4 + 0.05433 LiCl
NMC811,Ce,3.50,0.098361,-0.586969,0,0.9649 Li1Mn0.1Co0.1Ni0.8O2 + 0.03509 Li4.8Ce0.2P1S4.4Cl1.6 -> 0.586 Li + 0.07719 Mn(Ni3O4)2 + 0.0193 Li4MnCo5O12 + 0.007018 CeO2 + 0.03509 Li3PO4 + 0.3088 NiO + 0.1544 Li2SO4 + 0.05614 LiCl
NMC811,Ce,3.50,0.101695,-0.599949,0,0.9636 Li1Mn0.1Co0.1Ni0.8O2 + 0.03636 Li4.8Ce0.2P1S4.4Cl1.6 -> 0.632 Li + 0.07709 Mn(Ni3O4)2 + 0.01927 Li4MnCo5O12 + 0.02909 NiCl2 + 0.007273 CeO2 + 0.03636 Li3PO4 + 0.2793 NiO + 0.16 Li2SO4
NMC811,Ce,3.50,0.106195,-0.6171,0,0.9619 Li1Mn0.1Co0.1Ni0.8O2 + 0.0381 Li4.8Ce0.2P1S4.4Cl1.6 -> 0.6945 Li + 0.07695 Mn(Ni3O4)2 + 0.0381 LiNiPO4 + 0.01924 Li4MnCo5O12 + 0.03048 NiCl2 + 0.007619 CeO2 + 0.2392 NiO + 0.1676 Li2SO4
NMC811,Ce,3.50,0.111111,-0.635611,0,0.96 Li1Mn0.1Co0.1Ni0.8O2 + 0.04 Li4.8Ce0.2P1S4.4Cl1.6 -> 0.7152 Li + 0.0848 Mn(Ni3O4)2 + 0.0112 Li4MnCo5O12 + 0.032 NiCl2 + 0.008 CeO2 + 0.04 LiCoPO4 + 0.2272 NiO + 0.176 Li2SO4
NMC811,Ce,3.50,0.115727,-0.652892,0,0.9582 Li1Mn0.1Co0.1Ni0.8O2 + 0.0418 Li4.8Ce0.2P1S4.4Cl1.6 -> 0.7492 Li + 0.09582 Mn(Ni3O4)2 + 0.03344 NiCl2 + 0.00836 CeO2 + 0.0418 LiCoPO4 + 0.1582 NiO + 0.01801 Co3O4 + 0.1839 Li2SO4
NMC811,Ce,3.50,0.119266,-0.663532,0,0.9568 Li1Mn0.1Co0.1Ni0.8O2 + 0.04319 Li4.8Ce0.2P1S4.4Cl1.6 -> 0.7841 Li + 0.09568 Mn(Ni3O4)2 + 0.02159 Co3(PO4)2 + 0.03455 NiCl2 + 0.008638 CeO2 + 0.1568 NiO + 0.0103 Co3O4 + 0.19 Li2SO4
NMC811,Ce,3.50,0.123967,-0.676717,0,0.955 Li1Mn0.1Co0.1Ni0.8O2 + 0.04505 Li4.8Ce0.2P1S4.4Cl1.6 -> 0.8306 Li + 0.0955 Mn(Ni3O4)2 + 0.02793 Li2Co(SO4)2 + 0.02252 Co3(PO4)2 + 0.03604 NiCl2 + 0.009009 CeO2 + 0.155 NiO + 0.1423 Li2SO4
NMC811,Ce,3.50,0.145161,-0.736041,0,0.9464 Li1Mn0.1Co0.1Ni0.8O2 + 0.05357 Li4.8Ce0.2P1S4.4Cl1.6 -> 0.95 Li + 0.09464 Li2Mn(SO4)2 + 0.01429 Li2Co(SO4)2 + 0.02679 Co3(PO4)2 + 0.04286 NiCl2 + 0.01071 CeO2 + 0.7143 NiO + 0.01786 Li2SO4
NMC811,Ce,3.50,0.148148,-0.744222,0,0.9452 Li1Mn0.1Co0.1Ni0.8O2 + 0.05479 Li4.8Ce0.2P1S4.4Cl1.6 -> 0.9945 Li + 0.09452 Li2Mn(SO4)2 + 0.01233 Li2Co(SO4)2 + 0.0274 Co3(PO4)2 + 0.04384 NiCl2 + 0.01096 CeO2 + 0.0274 NiSO4 + 0.6849 NiO
NMC811,Ce,3.50,0.15,-0.749243,0,0.9444 Li1Mn0.1Co0.1Ni0.8O2 + 0.05556 Li4.8Ce0.2P1S4.4Cl1.6 -> 1.022 Li + 0.09444 Li2Mn(SO4)2 + 0.01111 CoSO4 + 0.02778 Co3(PO4)2 + 0.04444 NiCl2 + 0.01111 CeO2 + 0.04444 NiSO4 + 0.6667 NiO
NMC811,Ce,3.50,0.163934,-0.785437,0,0.9387 Li1Mn0.1Co0.1Ni0.8O2 + 0.06135 Li4.8Ce0.2P1S4.4Cl1.6 -> 1.233 Li + 0.00184 CoSO4 + 0.03067 Co3(PO4)2 + 0.04908 NiCl2 + 0.01227 CeO2 + 0.09387 MnSO4 + 0.1742 NiSO4 + 0.5276 NiO
NMC811,Ce,3.50,0.166667,-0.787889,0,0.9375 Li1Mn0.1Co0.1Ni0.8O2 + 0.0625 Li4.8Ce0.2P1S4.4Cl1.6 -> 1.238 Li + 0.002083 Ni3S2 + 0.03125 Co3(PO4)2 + 0.05 NiCl2 + 0.0125 CeO2 + 0.09375 MnSO4 + 0.1771 NiSO4 + 0.5167 NiO
NMC811,Ce,3.50,0.284091,-0.894957,0,0.8832 Li1Mn0.1Co0.1Ni0.8O2 + 0.1168 Li4.8Ce0.2P1S4.4Cl1.6 -> 1.444 Li + 0.02897 Ni3(PO4)2 + 0.1005 Ni3S2 + 0.02944 Co3(PO4)2 + 0.09346 NiCl2 + 0.02336 CeO2 + 0.08832 MnSO4 + 0.2248 NiSO4
NMC811,Ce,3.50,0.307692,-0.913682,0,0.871 Li1Mn0.1Co0.1Ni0.8O2 + 0.129 Li4.8Ce0.2P1S4.4Cl1.6 -> 1.49 Li + 0.06452 Ni3(PO4)2 + 0.04355 Co2NiS4 + 0.05 Ni3S2 + 0.1032 NiCl2 + 0.02581 CeO2 + 0.0871 MnSO4 + 0.2065 NiSO4
NMC811,Ce,3.50,0.329787,-0.930196,0,0.8591 Li1Mn0.1Co0.1Ni0.8O2 + 0.1409 Li4.8Ce0.2P1S4.4Cl1.6 -> 1.535 Li + 0.08591 Co(NiS2)2 + 0.07045 Ni3(PO4)2 + 0.0009091 Ni3S2 + 0.1127 NiCl2 + 0.02818 CeO2 + 0.08591 MnSO4 + 0.1886 NiSO4
NMC811,Ce,3.50,0.329932,-0.9303,0,0.859 Li1Mn0.1Co0.1Ni0.8O2 + 0.141 Li4.8Ce0.2P1S4.4Cl1.6 -> 1.536 Li + 0.0002907 Ni9S8 + 0.0859 Co(NiS2)2 + 0.07049 Ni3(PO4)2 + 0.1128 NiCl2 + 0.0282 CeO2 + 0.0859 MnSO4 + 0.1885 NiSO4
NMC811,Ce,3.50,0.339557,-0.936797,1,0.8537 Li1Mn0.1Co0.1Ni0.8O2 + 0.1463 Li4.8Ce0.2P1S4.4Cl1.6 -> 1.556 Li + 0.002715 Ni9S8 + 0.08537 Co(NiS2)2 + 0.05852 Ni3(PO4)2 + 0.02926 CePO4 + 0.117 NiCl2 + 0.08537 MnSO4 + 0.1952 NiSO4
NMC811,Ce,3.50,0.34202,-0.938439,1,0.8523 Li1Mn0.1Co0.1Ni0.8O2 + 0.1477 Li4.8Ce0.2P1S4.4Cl1.6 -> 1.561 Li + 0.08523 Co(NiS2)2 + 0.05907 Ni3(PO4)2 + 0.007595 Ni3S4 + 0.02954 CePO4 + 0.1181 NiCl2 + 0.08523 MnSO4 + 0.1932 NiSO4
NMC811,Ce,3.50,0.35533,-0.94548,1,0.8448 Li1Mn0.1Co0.1Ni0.8O2 + 0.1552 Li4.8Ce0.2P1S4.4Cl1.6 -> 1.59 Li + 0.08448 Co(NiS2)2 + 0.04656 Ni3(PO4)2 + 0.01752 Ni3S4 + 0.03104 CeP2O7 + 0.1242 NiCl2 + 0.08448 MnSO4 + 0.1905 NiSO4
NMC811,Ce,3.50,0.369393,-0.950675,1,0.8366 Li1Mn0.1Co0.1Ni0.8O2 + 0.1634 Li4.8Ce0.2P1S4.4Cl1.6 -> 1.621 Li + 0.04901 Ni2P2O7 + 0.08366 Co(NiS2)2 + 0.02719 Ni3S4 + 0.03267 CeP2O7 + 0.1307 NiCl2 + 0.08366 MnSO4 + 0.1917 NiSO4
NMC811,Ce,3.50,0.384615,-0.954861,1,0.8276 Li1Mn0.1Co0.1Ni0.8O2 + 0.1724 Li4.8Ce0.2P1S4.4Cl1.6 -> 1.655 Li + 0.08276 Co(NiS2)2 + 0.03793 Ni3S4 + 0.03448 CeP2O7 + 0.1379 NiCl2 + 0.05172 Ni(PO3)2 + 0.08276 MnSO4 + 0.1931 NiSO4
NMC811,Ce,3.50,0.410526,-0.958288,1,0.8116 Li1Mn0.1Co0.1Ni0.8O2 + 0.1884 Li4.8Ce0.2P1S4.4Cl1.6 -> 1.554 Li + 0.08116 Co(NiS2)2 + 0.06232 Ni3S4 + 0.08116 Li2Mn(SO4)2 + 0.03768 CeP2O7 + 0.1507 NiCl2 + 0.05652 Ni(PO3)2 + 0.09275 NiSO4
NMC811,Ce,3.50,0.436893,-0.960745,1,0.7945 Li1Mn0.1Co0.1Ni0.8O2 + 0.2055 Li4.8Ce0.2P1S4.4Cl1.6 -> 1.622 Li + 0.07945 Co(NiS2)2 + 0.07945 Li2Mn(SO4)2 + 0.0411 CeP2O7 + 0.1767 NiS2 + 0.1644 NiCl2 + 0.06164 Ni(PO3)2 + 0.07397 NiSO4
NMC811,Ce,3.50,0.459854,-0.962491,1,0.7789 Li1Mn0.1Co0.1Ni0.8O2 + 0.2211 Li4.8Ce0.2P1S4.4Cl1.6 -> 1.571 Li + 0.07789 Co(NiS2)2 + 0.07789 Li2Mn(SO4)2 + 0.04421 CeP2O7 + 0.2242 NiS2 + 0.1768 NiCl2 + 0.06632 Ni(PO3)2 + 0.05684 Li2SO4
NMC811,Ce,3.50,0.482517,-0.963075,1,0.7629 Li1Mn0.1Co0.1Ni0.8O2 + 0.2371 Li4.8Ce0.2P1S4.4Cl1.6 -> 1.67 Li + 0.07629 Li2Mn(SO4)2 + 0.04742 CeP2O7 + 0.3495 NiS2 + 0.1897 NiCl2 + 0.07629 CoS2 + 0.07113 Ni(PO3)2 + 0.03918 Li2SO4
NMC811,Ce,3.50,0.503356,-0.962164,1,0.7475 Li1Mn0.1Co0.1Ni0.8O2 + 0.2525 Li4.8Ce0.2P1S4.4Cl1.6 -> 1.616 Li + 0.05051 CeP2O7 + 0.3949 NiS2 + 0.202 NiCl2 + 0.07475 CoS2 + 0.00101 Ni(PO3)2 + 0.1717 Li2SO4 + 0.07475 Mn(PO3)2
NMC811,Ce,3.50,0.503448,-0.962151,1,0.7474 Li1Mn0.1Co0.1Ni0.8O2 + 0.2526 Li4.8Ce0.2P1S4.4Cl1.6 -> 1.616 Li + 0.000692 LiNi(PO3)3 + 0.05052 CeP2O7 + 0.3952 NiS2 + 0.2021 NiCl2 + 0.07474 CoS2 + 0.1716 Li2SO4 + 0.07474 Mn(PO3)2
NMC811,Ce,3.50,0.50369,-0.962109,1,0.7472 Li1Mn0.1Co0.1Ni0.8O2 + 0.2528 Li4.8Ce0.2P1S4.4Cl1.6 -> 1.617 Li + 0.001111 Ce(PO3)4 + 0.04944 CeP2O7 + 0.3956 NiS2 + 0.2022 NiCl2 + 0.07472 CoS2 + 0.1717 Li2SO4 + 0.07472 Mn(PO3)2
NMC811,Ce,3.50,0.65942,-0.917303,1,0.6078 Li1Mn0.1Co0.1Ni0.8O2 + 0.3922 Li4.8Ce0.2P1S4.4Cl1.6 -> 2.482 Li + 0.0569 Ce(PO3)4 + 0.02155 CeP2O7 + 0.4862 NiS2 + 0.6276 SCl + 0.06078 CoS2 + 0.00431 Li2SO4 + 0.06078 Mn(PO3)2
NMC811,Ce,3.50,0.662791,-0.915669,1,0.6042 Li1Mn0.1Co0.1Ni0.8O2 + 0.3958 Li4.8Ce0.2P1S4.4Cl1.6 -> 2.504 Li + 0.05833 Ce(PO3)4 + 0.02083 CeP2O7 + 0.4833 NiS2 + 0.6333 SCl + 0.06042 CoS2 + 0.06042 Mn(PO3)2 + 0.02083 S
NMC811,Ce,3.50,0.671875,-0.907756,1,0.5943 Li1Mn0.1Co0.1Ni0.8O2 + 0.4057 Li4.8Ce0.2P1S4.4Cl1.6 -> 2.542 Li + 0.05283 Ce(PO3)4 + 0.0283 CeP2O7 + 0.4755 NiS2 + 0.009434 P2S7 + 0.6491 SCl + 0.05943 CoS2 + 0.05943 Mn(PO3)2
NMC811,Ce,3.50,0.846154,-0.7492,1,0.3529 Li1Mn0.1Co0.1Ni0.8O2 + 0.6471 Li4.8Ce0.2P1S4.4Cl1.6 -> 3.459 Li + 0.04118 Ce(PO3)4 + 0.2824 NiS2 + 0.2059 P2S7 + 0.7706 SCl + 0.03529 CoS2 + 0.08824 CeCl3 + 0.03529 Mn(PO3)2
NMC811,Ce,3.50,1.0,-0.596893,0,Li4.8Ce0.2P1S4.4Cl1.6 -> 4.8 Li + 0.01176 PCl5 + 0.4941 P2S7 + 0.9412 SCl + 0.2 CeCl3
NMC811,Ce,4.30,0.0,-0.232711,0,Li1Mn0.1Co0.1Ni0.8O2 -> Li + 0.1 Co(NiO2)2 + 0.1 Mn(Ni3O4)2 + 0.4 O2
NMC811,Ce,4.30,0.042857,-0.476229,0,0.9853 Li1Mn0.1Co0.1Ni0.8O2 + 0.01471 Li4.8Ce0.2P1S4.4Cl1.6 -> 1.056 Li + 0.01176 Ni(ClO4)2 + 0.09853 CoNiO3 + 0.09853 Mn(Ni3O4)2 + 0.007353 Ni3(PO4)2 + 0.002941 CeO2 + 0.06471 NiSO4 + 0.2346 O2
NMC811,Ce,4.30,0.048387,-0.507938,0,0.9833 Li1Mn0.1Co0.1Ni0.8O2 + 0.01667 Li4.8Ce0.2P1S4.4Cl1.6 -> 1.037 Li + 0.09833 CoNiO3 + 0.09833 Mn(Ni3O4)2 + 0.008333 Ni3(PO4)2 + 0.02667 LiClO4 + 0.003333 CeO2 + 0.07333 NiSO4 + 0.2058 O2
NMC811,Ce,4.30,0.096386,-0.785601,0,0.9657 Li1Mn0.1Co0.1Ni0.8O2 + 0.03433 Li4.8Ce0.2P1S4.4Cl1.6 -> 1.076 Li + 0.09657 CoNiO3 + 0.07536 Mn(Ni3O4)2 + 0.01717 Ni3(PO4)2 + 0.0212 MnNiO3 + 0.05494 LiClO4 + 0.006867 CeO2 + 0.1511 NiSO4
NMC811,Ce,4.30,0.099585,-0.804152,0,0.9644 Li1Mn0.1Co0.1Ni0.8O2 + 0.03556 Li4.8Ce0.2P1S4.4Cl1.6 -> 1.135 Li + 0.02844 Ni(ClO4)2 + 0.09644 CoNiO3 + 0.06809 Mn(Ni3O4)2 + 0.01778 Ni3(PO4)2 + 0.02836 MnNiO3 + 0.007111 CeO2 + 0.1564 NiSO4
NMC811,Ce,4.30,0.106356,-0.838496,0,0.9618 Li1Mn0.1Co0.1Ni0.8O2 + 0.03816 Li4.8Ce0.2P1S4.4Cl1.6 -> 1.145 Li + 0.03053 Ni(ClO4)2 + 0.004182 Co23O32 + 0.08353 Mn(Ni3O4)2 + 0.01908 Ni3(PO4)2 + 0.01266 MnNiO3 + 0.007632 CeO2 + 0.1679 NiSO4
NMC811,Ce,4.30,0.14442,-1.026159,0,0.9467 Li1Mn0.1Co0.1Ni0.8O2 + 0.05327 Li4.8Ce0.2P1S4.4Cl1.6 -> 1.202 Li + 0.004116 Co23O32 + 0.06116 Mn(Ni3O4)2 + 0.02663 Ni3(PO4)2 + 0.04262 NiCl2 + 0.03351 MnNiO3 + 0.01065 CeO2 + 0.2344 NiSO4
NMC811,Ce,4.30,0.145251,-1.02992,0,0.9464 Li1Mn0.1Co0.1Ni0.8O2 + 0.05361 Li4.8Ce0.2P1S4.4Cl1.6 -> 1.204 Li + 0.06066 Mn(Ni3O4)2 + 0.0268 Ni3(PO4)2 + 0.04289 NiCl2 + 0.03398 MnNiO3 + 0.01072 CeO2 + 0.03155 Co3O4 + 0.2359 NiSO4
NMC811,Ce,4.30,0.148244,-1.040509,0,0.9452 Li1Mn0.1Co0.1Ni0.8O2 + 0.05483 Li4.8Ce0.2P1S4.4Cl1.6 -> 1.208 Li + 0.06479 Mn(Ni3O4)2 + 0.02742 Ni3(PO4)2 + 0.01486 Mn2CoO4 + 0.04387 NiCl2 + 0.01097 CeO2 + 0.02655 Co3O4 + 0.2413 NiSO4
NMC811,Ce,4.30,0.151194,-1.050946,0,0.944 Li1Mn0.1Co0.1Ni0.8O2 + 0.05605 Li4.8Ce0.2P1S4.4Cl1.6 -> 1.213 Li + 0.02802 Co3(PO4)2 + 0.07729 Mn(Ni3O4)2 + 0.008555 Mn2CoO4 + 0.04484 NiCl2 + 0.01121 CeO2 + 0.00059 Co3O4 + 0.2466 NiSO4
NMC811,Ce,4.30,0.151261,-1.05116,0,0.9439 Li1Mn0.1Co0.1Ni0.8O2 + 0.05607 Li4.8Ce0.2P1S4.4Cl1.6 -> 1.213 Li + 0.02804 Co3(PO4)2 + 0.07757 Mn(Ni3O4)2 + 0.008411 Mn2CoO4 + 0.04486 NiCl2 + 0.01121 CeO2 + 0.2449 NiSO4 + 0.001869 CoSO4
NMC811,Ce,4.30,0.151515,-1.051925,0,0.9438 Li1Mn0.1Co0.1Ni0.8O2 + 0.05618 Li4.8Ce0.2P1S4.4Cl1.6 -> 1.213 Li + 0.02809 Co3(PO4)2 + 0.07416 Mn(Ni3O4)2 + 0.01011 Mn2CoO4 + 0.04494 NiCl2 + 0.01124 CeO2 + 0.01798 NiO + 0.2472 NiSO4
NMC811,Ce,4.30,0.163636,-1.087409,0,0.9388 Li1Mn0.1Co0.1Ni0.8O2 + 0.06122 Li4.8Ce0.2P1S4.4Cl1.6 -> 1.233 Li + 0.03061 Co3(PO4)2 + 0.002041 Mn2CoO4 + 0.04898 NiCl2 + 0.0898 MnSO4 + 0.01224 CeO2 + 0.5224 NiO + 0.1796 NiSO4
NMC811,Ce,4.30,0.163934,-1.088262,0,0.9387 Li1Mn0.1Co0.1Ni0.8O2 + 0.06135 Li4.8Ce0.2P1S4.4Cl1.6 -> 1.233 Li + 0.03067 Co3(PO4)2 + 0.04908 NiCl2 + 0.09387 MnSO4 + 0.01227 CeO2 + 0.5276 NiO + 0.1742 NiSO4 + 0.00184 CoSO4
NMC811,Ce,4.30,0.166667,-1.091337,0,0.9375 Li1Mn0.1Co0.1Ni0.8O2 + 0.0625 Li4.8Ce0.2P1S4.4Cl1.6 -> 1.238 Li + 0.03125 Co3(PO4)2 + 0.05 NiCl2 + 0.09375 MnSO4 + 0.002083 Ni3S2 + 0.0125 CeO2 + 0.5167 NiO + 0.1771 NiSO4
NMC811,Ce,4.30,0.284091,-1.225881,0,0.8832 Li1Mn0.1Co0.1Ni0.8O2 + 0.1168 Li4.8Ce0.2P1S4.4Cl1.6 -> 1.444 Li + 0.02944 Co3(PO4)2 + 0.02897 Ni3(PO4)2 + 0.09346 NiCl2 + 0.08832 MnSO4 + 0.1005 Ni3S2 + 0.02336 CeO2 + 0.2248 NiSO4
NMC811,Ce,4.30,0.307692,-1.250294,0,0.871 Li1Mn0.1Co0.1Ni0.8O2 + 0.129 Li4.8Ce0.2P1S4.4Cl1.6 -> 1.49 Li + 0.04355 Co2NiS4 + 0.06452 Ni3(PO4)2 + 0.1032 NiCl2 + 0.0871 MnSO4 + 0.05 Ni3S2 + 0.02581 CeO2 + 0.2065 NiSO4
NMC811,Ce,4.30,0.329787,-1.272185,0,0.8591 Li1Mn0.1Co0.1Ni0.8O2 + 0.1409 Li4.8Ce0.2P1S4.4Cl1.6 -> 1.535 Li + 0.08591 Co(NiS2)2 + 0.07045 Ni3(PO4)2 + 0.1127 NiCl2 + 0.08591 MnSO4 + 0.0009091 Ni3S2 + 0.02818 CeO2 + 0.1886 NiSO4
NMC811,Ce,4.30,0.329932,-1.272324,0,0.859 Li1Mn0.1Co0.1Ni0.8O2 + 0.141 Li4.8Ce0.2P1S4.4Cl1.6 -> 1.536 Li + 0.0002907 Ni9S8 + 0.0859 Co(NiS2)2 + 0.07049 Ni3(PO4)2 + 0.1128 NiCl2 + 0.0859 MnSO4 + 0.0282 CeO2 + 0.1885 NiSO4
NMC811,Ce,4.30,0.339557,-1.281181,1,0.8537 Li1Mn0.1Co0.1Ni0.8O2 + 0.1463 Li4.8Ce0.2P1S4.4Cl1.6 -> 1.556 Li + 0.002715 Ni9S8 + 0.08537 Co(NiS2)2 + 0.05852 Ni3(PO4)2 + 0.117 NiCl2 + 0.02926 CePO4 + 0.08537 MnSO4 + 0.1952 NiSO4
NMC811,Ce,4.30,0.34202,-1.283427,1,0.8523 Li1Mn0.1Co0.1Ni0.8O2 + 0.1477 Li4.8Ce0.2P1S4.4Cl1.6 -> 1.561 Li + 0.08523 Co(NiS2)2 + 0.05907 Ni3(PO4)2 + 0.1181 NiCl2 + 0.02954 CePO4 + 0.08523 MnSO4 + 0.007595 Ni3S4 + 0.1932 NiSO4
NMC811,Ce,4.30,0.35533,-1.29375,1,0.8448 Li1Mn0.1Co0.1Ni0.8O2 + 0.1552 Li4.8Ce0.2P1S4.4Cl1.6 -> 1.59 Li + 0.08448 Co(NiS2)2 + 0.04656 Ni3(PO4)2 + 0.1242 NiCl2 + 0.03104 CeP2O7 + 0.08448 MnSO4 + 0.01752 Ni3S4 + 0.1905 NiSO4
NMC811,Ce,4.30,0.369393,-1.302432,1,0.8366 Li1Mn0.1Co0.1Ni0.8O2 + 0.1634 Li4.8Ce0.2P1S4.4Cl1.6 -> 1.621 Li + 0.04901 Ni2P2O7 + 0.08366 Co(NiS2)2 + 0.1307 NiCl2 + 0.03267 CeP2O7 + 0.08366 MnSO4 + 0.02719 Ni3S4 + 0.1917 NiSO4
NMC811,Ce,4.30,0.384615,-1.310416,1,0.8276 Li1Mn0.1Co0.1Ni0.8O2 + 0.1724 Li4.8Ce0.2P1S4.4Cl1.6 -> 1.655 Li + 0.05172 Ni(PO3)2 + 0.08276 Co(NiS2)2 + 0.1379 NiCl2 + 0.03448 CeP2O7 + 0.08276 MnSO4 + 0.03793 Ni3S4 + 0.1931 NiSO4
NMC811,Ce,4.30,0.402062,-1.316431,1,0.8169 Li1Mn0.1Co0.1Ni0.8O2 + 0.1831 Li4.8Ce0.2P1S4.4Cl1.6 -> 1.696 Li + 0.05493 Ni(PO3)2 + 0.08169 Co(NiS2)2 + 0.1465 NiCl2 + 0.03662 CeP2O7 + 0.1085 NiS2 + 0.08169 MnSO4 + 0.1803 NiSO4
NMC811,Ce,4.30,0.436893,-1.326738,1,0.7945 Li1Mn0.1Co0.1Ni0.8O2 + 0.2055 Li4.8Ce0.2P1S4.4Cl1.6 -> 1.781 Li + 0.06164 Ni(PO3)2 + 0.1644 NiCl2 + 0.0411 CeP2O7 + 0.2562 NiS2 + 0.07945 MnSO4 + 0.07945 CoS2 + 0.1534 NiSO4
NMC811,Ce,4.30,0.452261,-1.329836,0,0.7842 Li1Mn0.1Co0.1Ni0.8O2 + 0.2158 Li4.8Ce0.2P1S4.4Cl1.6 -> 1.82 Li + 0.1079 Ni(PO3)2 + 0.04317 Ce(SO4)2 + 0.1727 NiCl2 + 0.2813 NiS2 + 0.07842 MnSO4 + 0.07842 CoS2 + 0.06547 NiSO4
NMC811,Ce,4.30,0.476471,-1.334101,0,0.7672 Li1Mn0.1Co0.1Ni0.8O2 + 0.2328 Li4.8Ce0.2P1S4.4Cl1.6 -> 1.884 Li + 0.1164 Ni(PO3)2 + 0.04655 Ce(SO4)2 + 0.1862 NiCl2 + 0.3112 NiS2 + 0.07672 MnSO4 + 0.07845 SO2 + 0.07672 CoS2
NMC811,Ce,4.30,0.496933,-1.337265,1,0.7523 Li1Mn0.1Co0.1Ni0.8O2 + 0.2477 Li4.8Ce0.2P1S4.4Cl1.6 -> 1.941 Li + 0.07431 Ni(PO3)2 + 0.1982 NiCl2 + 0.04954 CeP2O7 + 0.3294 NiS2 + 0.07523 MnSO4 + 0.2055 SO2 + 0.07523 CoS2
NMC811,Ce,4.30,0.523256,-1.340835,1,0.7321 Li1Mn0.1Co0.1Ni0.8O2 + 0.2679 Li4.8Ce0.2P1S4.4Cl1.6 -> 2.018 Li + 0.007143 Ni(PO3)2 + 0.2143 NiCl2 + 0.05357 CeP2O7 + 0.3643 NiS2 + 0.3036 SO2 + 0.07321 CoS2 + 0.07321 Mn(PO3)2
NMC811,Ce,4.30,0.525478,-1.341096,1,0.7304 Li1Mn0.1Co0.1Ni0.8O2 + 0.2696 Li4.8Ce0.2P1S4.4Cl1.6 -> 2.025 Li + 0.2157 NiCl2 + 0.04608 CeP2O7 + 0.3686 NiS2 + 0.007843 Ce(PO3)4 + 0.3029 SO2 + 0.07304 CoS2 + 0.07304 Mn(PO3)2
NMC811,Ce,4.30,0.66,-1.345865,1,0.6071 Li1Mn0.1Co0.1Ni0.8O2 + 0.3929 Li4.8Ce0.2P1S4.4Cl1.6 -> 2.493 Li + 0.02143 CeP2O7 + 0.4857 NiS2 + 0.6286 SCl + 0.05714 Ce(PO3)4 + 0.007143 SO2 + 0.06071 CoS2 + 0.06071 Mn(PO3)2
NMC811,Ce,4.30,0.662791,-1.345339,1,0.6042 Li1Mn0.1Co0.1Ni0.8O2 + 0.3958 Li4.8Ce0.2P1S4.4Cl1.6 -> 2.504 Li + 0.02083 CeP2O7 + 0.4833 NiS2 + 0.6333 SCl + 0.05833 Ce(PO3)4 + 0.06042 CoS2 + 0.06042 Mn(PO3)2 + 0.02083 S
NMC811,Ce,4.30,0.671875,-1.340006,1,0.5943 Li1Mn0.1Co0.1Ni0.8O2 + 0.4057 Li4.8Ce0.2P1S4.4Cl1.6 -> 2.542 Li + 0.009434 P2S7 + 0.0283 CeP2O7 + 0.4755 NiS2 + 0.6491 SCl + 0.05283 Ce(PO3)4 + 0.05943 CoS2 + 0.05943 Mn(PO3)2
NMC811,Ce,4.30,0.846154,-1.233151,1,0.3529 Li1Mn0.1Co0.1Ni0.8O2 + 0.6471 Li4.8Ce0.2P1S4.4Cl1.6 -> 3.459 Li + 0.2059 P2S7 + 0.2824 NiS2 + 0.7706 SCl + 0.04118 Ce(PO3)4 + 0.03529 CoS2 + 0.08824 CeCl3 + 0.03529 Mn(PO3)2
NMC811,Ce,4.30,1.0,-1.130226,0,Li4.8Ce0.2P1S4.4Cl1.6 -> 4.8 Li + 0.01176 PCl5 + 0.4941 P2S7 + 0.9412 SCl + 0.2 CeCl3
NMC811,Ce,4.50,0.0,-0.299378,0,Li1Mn0.1Co0.1Ni0.8O2 -> Li + 0.1 Co(NiO2)2 + 0.1 Mn(Ni3O4)2 + 0.4 O2
NMC811,Ce,4.50,0.042857,-0.545201,0,0.9853 Li1Mn0.1Co0.1Ni0.8O2 + 0.01471 Li4.8Ce0.2P1S4.4Cl1.6 -> 1.056 Li + 0.09853 CoNiO3 + 0.09853 Mn(Ni3O4)2 + 0.01176 Ni(ClO4)2 + 0.007353 Ni3(PO4)2 + 0.002941 CeO2 + 0.06471 NiSO4 + 0.2346 O2
NMC811,Ce,4.50,0.099585,-0.876238,0,0.9644 Li1Mn0.1Co0.1Ni0.8O2 + 0.03556 Li4.8Ce0.2P1S4.4Cl1.6 -> 1.135 Li + 0.09644 CoNiO3 + 0.06809 Mn(Ni3O4)2 + 0.02844 Ni(ClO4)2 + 0.01778 Ni3(PO4)2 + 0.02836 MnNiO3 + 0.007111 CeO2 + 0.1564 NiSO4
NMC811,Ce,4.50,0.106356,-0.910959,0,0.9618 Li1Mn0.1Co0.1Ni0.8O2 + 0.03816 Li4.8Ce0.2P1S4.4Cl1.6 -> 1.145 Li + 0.08353 Mn(Ni3O4)2 + 0.03053 Ni(ClO4)2 + 0.004182 Co23O32 + 0.01908 Ni3(PO4)2 + 0.01266 MnNiO3 + 0.007632 CeO2 + 0.1679 NiSO4
NMC811,Ce,4.50,0.14442,-1.100757,0,0.9467 Li1Mn0.1Co0.1Ni0.8O2 + 0.05327 Li4.8Ce0.2P1S4.4Cl1.6 -> 1.202 Li + 0.06116 Mn(Ni3O4)2 + 0.004116 Co23O32 + 0.02663 Ni3(PO4)2 + 0.03351 MnNiO3 + 0.01065 CeO2 + 0.04262 NiCl2 + 0.2344 NiSO4
NMC811,Ce,4.50,0.145251,-1.104566,0,0.9464 Li1Mn0.1Co0.1Ni0.8O2 + 0.05361 Li4.8Ce0.2P1S4.4Cl1.6 -> 1.204 Li + 0.06066 Mn(Ni3O4)2 + 0.0268 Ni3(PO4)2 + 0.03398 MnNiO3 + 0.01072 CeO2 + 0.04289 NiCl2 + 0.03155 Co3O4 + 0.2359 NiSO4
NMC811,Ce,4.50,0.148244,-1.115324,0,0.9452 Li1Mn0.1Co0.1Ni0.8O2 + 0.05483 Li4.8Ce0.2P1S4.4Cl1.6 -> 1.208 Li + 0.06479 Mn(Ni3O4)2 + 0.02742 Ni3(PO4)2 + 0.01097 CeO2 + 0.01486 Mn2CoO4 + 0.04387 NiCl2 + 0.02655 Co3O4 + 0.2413 NiSO4
NMC811,Ce,4.50,0.151194,-1.125928,0,0.944 Li1Mn0.1Co0.1Ni0.8O2 + 0.05605 Li4.8Ce0.2P1S4.4Cl1.6 -> 1.213 Li + 0.07729 Mn(Ni3O4)2 + 0.01121 CeO2 + 0.008555 Mn2CoO4 + 0.02802 Co3(PO4)2 + 0.04484 NiCl2 + 0.00059 Co3O4 + 0.2466 NiSO4
NMC811,Ce,4.50,0.151261,-1.126146,0,0.9439 Li1Mn0.1Co0.1Ni0.8O2 + 0.05607 Li4.8Ce0.2P1S4.4Cl1.6 -> 1.213 Li + 0.07757 Mn(Ni3O4)2 + 0.01121 CeO2 + 0.008411 Mn2CoO4 + 0.02804 Co3(PO4)2 + 0.04486 NiCl2 + 0.2449 NiSO4 + 0.001869 CoSO4
NMC811,Ce,4.50,0.151515,-1.126925,0,0.9438 Li1Mn0.1Co0.1Ni0.8O2 + 0.05618 Li4.8Ce0.2P1S4.4Cl1.6 -> 1.213 Li + 0.07416 Mn(Ni3O4)2 + 0.01124 CeO2 + 0.01011 Mn2CoO4 + 0.02809 Co3(PO4)2 + 0.04494 NiCl2 + 0.01798 NiO + 0.2472 NiSO4
NMC811,Ce,4.50,0.163636,-1.163098,0,0.9388 Li1Mn0.1Co0.1Ni0.8O2 + 0.06122 Li4.8Ce0.2P1S4.4Cl1.6 -> 1.233 Li + 0.01224 CeO2 + 0.002041 Mn2CoO4 + 0.03061 Co3(PO4)2 + 0.0898 MnSO4 + 0.04898 NiCl2 + 0.5224 NiO + 0.1796 NiSO4
NMC811,Ce,4.50,0.163934,-1.163968,0,0.9387 Li1Mn0.1Co0.1Ni0.8O2 + 0.06135 Li4.8Ce0.2P1S4.4Cl1.6 -> 1.233 Li + 0.01227 CeO2 + 0.03067 Co3(PO4)2 + 0.09387 MnSO4 + 0.04908 NiCl2 + 0.5276 NiO + 0.1742 NiSO4 + 0.00184 CoSO4
NMC811,Ce,4.50,0.166667,-1.167199,0,0.9375 Li1Mn0.1Co0.1Ni0.8O2 + 0.0625 Li4.8Ce0.2P1S4.4Cl1.6 -> 1.238 Li + 0.0125 CeO2 + 0.03125 Co3(PO4)2 + 0.09375 MnSO4 + 0.05 NiCl2 + 0.002083 Ni3S2 + 0.5167 NiO + 0.1771 NiSO4
NMC811,Ce,4.50,0.284091,-1.308612,0,0.8832 Li1Mn0.1Co0.1Ni0.8O2 + 0.1168 Li4.8Ce0.2P1S4.4Cl1.6 -> 1.444 Li + 0.02897 Ni3(PO4)2 + 0.02336 CeO2 + 0.02944 Co3(PO4)2 + 0.08832 MnSO4 + 0.09346 NiCl2 + 0.1005 Ni3S2 + 0.2248 NiSO4
NMC811,Ce,4.50,0.307692,-1.334447,0,0.871 Li1Mn0.1Co0.1Ni0.8O2 + 0.129 Li4.8Ce0.2P1S4.4Cl1.6 -> 1.49 Li + 0.06452 Ni3(PO4)2 + 0.02581 CeO2 + 0.0871 MnSO4 + 0.04355 Co2NiS4 + 0.1032 NiCl2 + 0.05 Ni3S2 + 0.2065 NiSO4
NMC811,Ce,4.50,0.329787,-1.357682,0,0.8591 Li1Mn0.1Co0.1Ni0.8O2 + 0.1409 Li4.8Ce0.2P1S4.4Cl1.6 -> 1.535 Li + 0.07045 Ni3(PO4)2 + 0.02818 CeO2 + 0.08591 MnSO4 + 0.08591 Co(NiS2)2 + 0.1127 NiCl2 + 0.0009091 Ni3S2 + 0.1886 NiSO4
NMC811,Ce,4.50,0.329932,-1.357831,0,0.859 Li1Mn0.1Co0.1Ni0.8O2 + 0.141 Li4.8Ce0.2P1S4.4Cl1.6 -> 1.536 Li + 0.07049 Ni3(PO4)2 + 0.0282 CeO2 + 0.0002907 Ni9S8 + 0.0859 MnSO4 + 0.0859 Co(NiS2)2 + 0.1128 NiCl2 + 0.1885 NiSO4
NMC811,Ce,4.50,0.339557,-1.367276,1,0.8537 Li1Mn0.1Co0.1Ni0.8O2 + 0.1463 Li4.8Ce0.2P1S4.4Cl1.6 -> 1.556 Li + 0.05852 Ni3(PO4)2 + 0.02926 CePO4 + 0.002715 Ni9S8 + 0.08537 MnSO4 + 0.08537 Co(NiS2)2 + 0.117 NiCl2 + 0.1952 NiSO4
NMC811,Ce,4.50,0.34202,-1.369674,1,0.8523 Li1Mn0.1Co0.1Ni0.8O2 + 0.1477 Li4.8Ce0.2P1S4.4Cl1.6 -> 1.561 Li + 0.05907 Ni3(PO4)2 + 0.02954 CePO4 + 0.08523 MnSO4 + 0.08523 Co(NiS2)2 + 0.1181 NiCl2 + 0.007595 Ni3S4 + 0.1932 NiSO4
NMC811,Ce,4.50,0.35533,-1.380817,1,0.8448 Li1Mn0.1Co0.1Ni0.8O2 + 0.1552 Li4.8Ce0.2P1S4.4Cl1.6 -> 1.59 Li + 0.04656 Ni3(PO4)2 + 0.08448 MnSO4 + 0.08448 Co(NiS2)2 + 0.03104 CeP2O7 + 0.1242 NiCl2 + 0.01752 Ni3S4 + 0.1905 NiSO4
NMC811,Ce,4.50,0.369393,-1.390371,1,0.8366 Li1Mn0.1Co0.1Ni0.8O2 + 0.1634 Li4.8Ce0.2P1S4.4Cl1.6 -> 1.621 Li + 0.04901 Ni2P2O7 + 0.08366 MnSO4 + 0.08366 Co(NiS2)2 + 0.03267 CeP2O7 + 0.1307 NiCl2 + 0.02719 Ni3S4 + 0.1917 NiSO4
NMC811,Ce,4.50,0.384615,-1.399305,1,0.8276 Li1Mn0.1Co0.1Ni0.8O2 + 0.1724 Li4.8Ce0.2P1S4.4Cl1.6 -> 1.655 Li + 0.05172 Ni(PO3)2 + 0.08276 MnSO4 + 0.08276 Co(NiS2)2 + 0.03448 CeP2O7 + 0.1379 NiCl2 + 0.03793 Ni3S4 + 0.1931 NiSO4
NMC811,Ce,4.50,0.402062,-1.406416,1,0.8169 Li1Mn0.1Co0.1Ni0.8O2 + 0.1831 Li4.8Ce0.2P1S4.4Cl1.6 -> 1.696 Li + 0.05493 Ni(PO3)2 + 0.08169 MnSO4 + 0.08169 Co(NiS2)2 + 0.03662 CeP2O7 + 0.1085 NiS2 + 0.1465 NiCl2 + 0.1803 NiSO4
NMC811,Ce,4.50,0.436893,-1.418937,1,0.7945 Li1Mn0.1Co0.1Ni0.8O2 + 0.2055 Li4.8Ce0.2P1S4.4Cl1.6 -> 1.781 Li + 0.06164 Ni(PO3)2 + 0.07945 MnSO4 + 0.0411 CeP2O7 + 0.2562 NiS2 + 0.1644 NiCl2 + 0.07945 CoS2 + 0.1534 NiSO4
NMC811,Ce,4.50,0.452261,-1.423022,0,0.7842 Li1Mn0.1Co0.1Ni0.8O2 + 0.2158 Li4.8Ce0.2P1S4.4Cl1.6 -> 1.82 Li + 0.1079 Ni(PO3)2 + 0.07842 MnSO4 + 0.2813 NiS2 + 0.1727 NiCl2 + 0.04317 Ce(SO4)2 + 0.07842 CoS2 + 0.06547 NiSO4
NMC811,Ce,4.50,0.476471,-1.428856,0,0.7672 Li1Mn0.1Co0.1Ni0.8O2 + 0.2328 Li4.8Ce0.2P1S4.4Cl1.6 -> 1.884 Li + 0.1164 Ni(PO3)2 + 0.07672 MnSO4 + 0.3112 NiS2 + 0.1862 NiCl2 + 0.04655 Ce(SO4)2 + 0.07845 SO2 + 0.07672 CoS2
NMC811,Ce,4.50,0.496933,-1.433359,1,0.7523 Li1Mn0.1Co0.1Ni0.8O2 + 0.2477 Li4.8Ce0.2P1S4.4Cl1.6 -> 1.941 Li + 0.07431 Ni(PO3)2 + 0.07523 MnSO4 + 0.04954 CeP2O7 + 0.3294 NiS2 + 0.1982 NiCl2 + 0.2055 SO2 + 0.07523 CoS2
NMC811,Ce,4.50,0.523256,-1.438671,1,0.7321 Li1Mn0.1Co0.1Ni0.8O2 + 0.2679 Li4.8Ce0.2P1S4.4Cl1.6 -> 2.018 Li + 0.007143 Ni(PO3)2 + 0.05357 CeP2O7 + 0.3643 NiS2 + 0.2143 NiCl2 + 0.3036 SO2 + 0.07321 CoS2 + 0.07321 Mn(PO3)2
NMC811,Ce,4.50,0.525478,-1.439079,1,0.7304 Li1Mn0.1Co0.1Ni0.8O2 + 0.2696 Li4.8Ce0.2P1S4.4Cl1.6 -> 2.025 Li + 0.007843 Ce(PO3)4 + 0.04608 CeP2O7 + 0.3686 NiS2 + 0.2157 NiCl2 + 0.3029 SO2 + 0.07304 CoS2 + 0.07304 Mn(PO3)2
NMC811,Ce,4.50,0.66,-1.453085,1,0.6071 Li1Mn0.1Co0.1Ni0.8O2 + 0.3929 Li4.8Ce0.2P1S4.4Cl1.6 -> 2.493 Li + 0.05714 Ce(PO3)4 + 0.02143 CeP2O7 + 0.4857 NiS2 + 0.6286 SCl + 0.007143 SO2 + 0.06071 CoS2 + 0.06071 Mn(PO3)2
NMC811,Ce,4.50,0.662791,-1.452756,1,0.6042 Li1Mn0.1Co0.1Ni0.8O2 + 0.3958 Li4.8Ce0.2P1S4.4Cl1.6 -> 2.504 Li + 0.05833 Ce(PO3)4 + 0.02083 CeP2O7 + 0.4833 NiS2 + 0.6333 SCl + 0.06042 CoS2 + 0.06042 Mn(PO3)2 + 0.02083 S
NMC811,Ce,4.50,0.671875,-1.448069,1,0.5943 Li1Mn0.1Co0.1Ni0.8O2 + 0.4057 Li4.8Ce0.2P1S4.4Cl1.6 -> 2.542 Li + 0.05283 Ce(PO3)4 + 0.0283 CeP2O7 + 0.4755 NiS2 + 0.6491 SCl + 0.009434 P2S7 + 0.05943 CoS2 + 0.05943 Mn(PO3)2
NMC811,Ce,4.50,0.846154,-1.354139,1,0.3529 Li1Mn0.1Co0.1Ni0.8O2 + 0.6471 Li4.8Ce0.2P1S4.4Cl1.6 -> 3.459 Li + 0.04118 Ce(PO3)4 + 0.2824 NiS2 + 0.7706 SCl + 0.2059 P2S7 + 0.03529 CoS2 + 0.08824 CeCl3 + 0.03529 Mn(PO3)2
NMC811,Ce,4.50,1.0,-1.26356,0,Li4.8Ce0.2P1S4.4Cl1.6 -> 4.8 Li + 0.01176 PCl5 + 0.9412 SCl + 0.4941 P2S7 + 0.2 CeCl3
LiCoO2,Gd,2.50,0.0,0.0,0,LiCoO2 -> LiCoO2
LiCoO2,Gd,2.50,0.120482,-0.275397,0,0.04367 Li4.8Gd0.2P1S4.4Cl1.6 + 0.9563 LiCoO2 -> 0.5808 Li + 0.04367 Li3PO4 + 0.9563 CoO + 0.004367 Gd2O3 + 0.1921 Li2SO4 + 0.06987 LiCl
LiCoO2,Gd,2.50,0.121951,-0.277137,1,0.04425 Li4.8Gd0.2P1S4.4Cl1.6 + 0.9558 LiCoO2 -> 0.6018 Li + 0.0354 Li3PO4 + 0.9558 CoO + 0.00885 GdPO4 + 0.1947 Li2SO4 + 0.0708 LiCl
LiCoO2,Gd,2.50,0.43554,-0.57956,1,0.2046 Li4.8Gd0.2P1S4.4Cl1.6 + 0.7954 LiCoO2 -> 0.5728 Li + 0.08838 Co9S8 + 0.1637 Li3PO4 + 0.04092 GdPO4 + 0.1931 Li2SO4 + 0.3273 LiCl
LiCoO2,Gd,2.50,0.504587,-0.601132,1,0.2535 Li4.8Gd0.2P1S4.4Cl1.6 + 0.7465 LiCoO2 -> 0.7097 Li + 0.2028 Li3PO4 + 0.05069 GdPO4 + 0.2488 Co3S4 + 0.1198 Li2SO4 + 0.4055 LiCl
LiCoO2,Gd,2.50,0.581395,-0.606009,1,0.3165 Li4.8Gd0.2P1S4.4Cl1.6 + 0.6835 LiCoO2 -> 0.8861 Li + 0.6835 CoS2 + 0.2532 Li3PO4 + 0.06329 GdPO4 + 0.02532 Li2SO4 + 0.5063 LiCl
LiCoO2,Gd,2.50,0.6,-0.594021,1,0.3333 Li4.8Gd0.2P1S4.4Cl1.6 + 0.6667 LiCoO2 -> 0.9 Li + 0.6667 CoS2 + 0.2667 Li3PO4 + 0.06667 GdPO4 + 0.5333 LiCl + 0.03333 LiS4
LiCoO2,Gd,2.50,0.882353,-0.238846,1,0.7143 Li4.8Gd0.2P1S4.4Cl1.6 + 0.2857 LiCoO2 -> 2.429 Li + 0.2857 CoS2 + 0.2857 P2S7 + 0.1429 GdPO4 + 1.143 LiCl + 0.1429 LiS4
LiCoO2,Gd,2.50,1.0,-0.068173,0,Li4.8Gd0.2P1S4.4Cl1.6 -> 3.075 Li + 0.5 P2S7 + 0.2 GdS2 + 1.6 LiCl + 0.125 LiS4
LiCoO2,Gd,3.50,0.0,-0.013345,0,LiCoO2 -> 0.5 Li + 0.5 Li(CoO2)2
LiCoO2,Gd,3.50,0.084746,-0.369232,1,0.02994 Li4.8Gd0.2P1S4.4Cl1.6 + 0.9701 LiCoO2 -> 0.7305 Li + 0.005988 GdPO4 + 0.02395 Li3PO4 + 0.3234 Co3O4 + 0.1317 Li2SO4 + 0.0479 LiCl
LiCoO2,Gd,3.50,0.088757,-0.384903,1,0.03145 Li4.8Gd0.2P1S4.4Cl1.6 + 0.9686 LiCoO2 -> 0.7673 Li + 0.02516 LiCoPO4 + 0.006289 GdPO4 + 0.3145 Co3O4 + 0.1384 Li2SO4 + 0.05031 LiCl
LiCoO2,Gd,3.50,0.093168,-0.398532,1,0.03311 Li4.8Gd0.2P1S4.4Cl1.6 + 0.9669 LiCoO2 -> 0.8079 Li + 0.02649 LiCoPO4 + 0.006623 GdPO4 + 0.02649 CoCl2 + 0.3046 Co3O4 + 0.1457 Li2SO4
LiCoO2,Gd,3.50,0.095541,-0.405869,1,0.03401 Li4.8Gd0.2P1S4.4Cl1.6 + 0.966 LiCoO2 -> 0.8299 Li + 0.01361 Co3(PO4)2 + 0.006803 GdPO4 + 0.02721 CoCl2 + 0.2993 Co3O4 + 0.1497 Li2SO4
LiCoO2,Gd,3.50,0.111111,-0.451088,1,0.04 Li4.8Gd0.2P1S4.4Cl1.6 + 0.96 LiCoO2 -> 0.976 Li + 0.088 Li2Co(SO4)2 + 0.016 Co3(PO4)2 + 0.008 GdPO4 + 0.032 CoCl2 + 0.264 Co3O4
LiCoO2,Gd,3.50,0.132743,-0.513307,1,0.04854 Li4.8Gd0.2P1S4.4Cl1.6 + 0.9515 LiCoO2 -> 1.184 Li + 0.01942 Co3(PO4)2 + 0.2136 CoSO4 + 0.009709 GdPO4 + 0.03883 CoCl2 + 0.2136 Co3O4
LiCoO2,Gd,3.50,0.164835,-0.6031,1,0.06173 Li4.8Gd0.2P1S4.4Cl1.6 + 0.9383 LiCoO2 -> 1.235 Li + 0.02469 Co3(PO4)2 + 0.5432 CoO + 0.2716 CoSO4 + 0.01235 GdPO4 + 0.04938 CoCl2
LiCoO2,Gd,3.50,0.310597,-0.762289,1,0.1306 Li4.8Gd0.2P1S4.4Cl1.6 + 0.8694 LiCoO2 -> 1.496 Li + 0.03379 Co9S8 + 0.05223 Co3(PO4)2 + 0.3041 CoSO4 + 0.02611 GdPO4 + 0.1045 CoCl2
LiCoO2,Gd,3.50,0.34202,-0.784628,1,0.1477 Li4.8Gd0.2P1S4.4Cl1.6 + 0.8523 LiCoO2 -> 1.561 Li + 0.09283 Co3S4 + 0.05907 Co3(PO4)2 + 0.2785 CoSO4 + 0.02954 GdPO4 + 0.1181 CoCl2
LiCoO2,Gd,3.50,0.378151,-0.802283,1,0.1685 Li4.8Gd0.2P1S4.4Cl1.6 + 0.8315 LiCoO2 -> 1.64 Li + 0.06742 Co3(PO4)2 + 0.2472 CoS2 + 0.2472 CoSO4 + 0.03371 GdPO4 + 0.1348 CoCl2
LiCoO2,Gd,3.50,0.395604,-0.808816,1,0.1791 Li4.8Gd0.2P1S4.4Cl1.6 + 0.8209 LiCoO2 -> 1.681 Li + 0.01791 Gd2P4O13 + 0.05373 Co3(PO4)2 + 0.2716 CoS2 + 0.2448 CoSO4 + 0.1433 CoCl2
LiCoO2,Gd,3.50,0.414747,-0.815937,1,0.1911 Li4.8Gd0.2P1S4.4Cl1.6 + 0.8089 LiCoO2 -> 1.726 Li + 0.03822 Gd(PO3)3 + 0.03822 Co3(PO4)2 + 0.2994 CoS2 + 0.242 CoSO4 + 0.1529 CoCl2
LiCoO2,Gd,3.50,0.428571,-0.821066,1,0.2 Li4.8Gd0.2P1S4.4Cl1.6 + 0.8 LiCoO2 -> 1.76 Li + 0.04 Gd(PO3)3 + 0.04 Co2P2O7 + 0.32 CoS2 + 0.24 CoSO4 + 0.16 CoCl2
LiCoO2,Gd,3.50,0.444444,-0.826536,1,0.2105 Li4.8Gd0.2P1S4.4Cl1.6 + 0.7895 LiCoO2 -> 1.758 Li + 0.04211 LiGd(PO3)4 + 0.02105 Co2P2O7 + 0.3474 CoS2 + 0.2316 CoSO4 + 0.1684 CoCl2
LiCoO2,Gd,3.50,0.455312,-0.830272,1,0.2179 Li4.8Gd0.2P1S4.4Cl1.6 + 0.7821 LiCoO2 -> 1.77 Li + 0.04358 LiGd(PO3)4 + 0.01453 LiCo(PO3)3 + 0.3656 CoS2 + 0.2276 CoSO4 + 0.1743 CoCl2
LiCoO2,Gd,3.50,0.494505,-0.841564,1,0.2459 Li4.8Gd0.2P1S4.4Cl1.6 + 0.7541 LiCoO2 -> 1.676 Li + 0.04918 LiGd(PO3)4 + 0.09631 Li2Co(SO4)2 + 0.01639 LiCo(PO3)3 + 0.4447 CoS2 + 0.1967 CoCl2
LiCoO2,Gd,3.50,0.521437,-0.848777,1,0.2664 Li4.8Gd0.2P1S4.4Cl1.6 + 0.7336 LiCoO2 -> 1.607 Li + 0.05329 LiGd(PO3)4 + 0.01776 LiCo(PO3)3 + 0.5027 CoS2 + 0.2131 CoCl2 + 0.167 Li2SO4
LiCoO2,Gd,3.50,0.586701,-0.859956,1,0.3212 Li4.8Gd0.2P1S4.4Cl1.6 + 0.6788 LiCoO2 -> 1.424 Li + 0.06424 LiGd(PO3)4 + 0.02141 LiCo(PO3)3 + 0.6574 CoS2 + 0.0985 Li2SO4 + 0.5139 LiCl
LiCoO2,Gd,3.50,0.592885,-0.860452,1,0.3268 Li4.8Gd0.2P1S4.4Cl1.6 + 0.6732 LiCoO2 -> 1.405 Li + 0.06536 LiGd(PO3)4 + 0.6732 CoS2 + 0.0915 Li2SO4 + 0.06536 LiPO3 + 0.5229 LiCl
LiCoO2,Gd,3.50,0.666667,-0.853601,1,0.4 Li4.8Gd0.2P1S4.4Cl1.6 + 0.6 LiCoO2 -> 2.28 Li + 0.08 LiGd(PO3)4 + 0.56 SCl + 0.6 CoS2 + 0.08 LiPO3 + 0.08 LiCl
LiCoO2,Gd,3.50,0.672269,-0.851741,1,0.4061 Li4.8Gd0.2P1S4.4Cl1.6 + 0.5939 LiCoO2 -> 2.391 Li + 0.01015 PCl5 + 0.08122 LiGd(PO3)4 + 0.599 SCl + 0.5939 CoS2 + 0.07107 LiPO3
LiCoO2,Gd,3.50,0.714286,-0.823139,1,0.4545 Li4.8Gd0.2P1S4.4Cl1.6 + 0.5455 LiCoO2 -> 2.636 Li + 0.01604 PCl5 + 0.09091 LiGd(PO3)4 + 0.6471 SCl + 0.03743 P2S7 + 0.5455 CoS2
LiCoO2,Gd,3.50,0.769231,-0.782372,1,0.5263 Li4.8Gd0.2P1S4.4Cl1.6 + 0.4737 LiCoO2 -> 3 Li + 0.02477 PCl5 + 0.1053 Gd(PO3)3 + 0.7183 SCl + 0.09288 P2S7 + 0.4737 CoS2
LiCoO2,Gd,3.50,1.0,-0.589104,0,Li4.8Gd0.2P1S4.4Cl1.6 -> 4.8 Li + 0.01176 PCl5 + 0.9412 SCl + 0.4941 P2S7 + 0.2 GdCl3
LiCoO2,Gd,4.30,0.0,-0.17822,0,LiCoO2 -> Li + CoO2
LiCoO2,Gd,4.30,0.087282,-0.598954,1,0.03089 Li4.8Gd0.2P1S4.4Cl1.6 + 0.9691 LiCoO2 -> 1.117 Li + 0.01236 Co3(PO4)2 + 0.02471 Co(ClO4)2 + 0.006178 GdPO4 + 0.03354 Co23O32 + 0.1359 CoSO4
LiCoO2,Gd,4.30,0.096953,-0.64422,1,0.03455 Li4.8Gd0.2P1S4.4Cl1.6 + 0.9654 LiCoO2 -> 1.131 Li + 0.01382 Co3(PO4)2 + 0.00691 GdPO4 + 0.03356 Co23O32 + 0.05528 ClO2 + 0.152 CoSO4
LiCoO2,Gd,4.30,0.125749,-0.778109,1,0.04575 Li4.8Gd0.2P1S4.4Cl1.6 + 0.9542 LiCoO2 -> 1.174 Li + 0.0183 Co3(PO4)2 + 0.00915 GdPO4 + 0.02876 Co23O32 + 0.0366 CoCl2 + 0.2013 CoSO4
LiCoO2,Gd,4.30,0.132743,-0.809065,1,0.04854 Li4.8Gd0.2P1S4.4Cl1.6 + 0.9515 LiCoO2 -> 1.184 Li + 0.01942 Co3(PO4)2 + 0.009709 GdPO4 + 0.03883 CoCl2 + 0.2136 Co3O4 + 0.2136 CoSO4
LiCoO2,Gd,4.30,0.164835,-0.90613,1,0.06173 Li4.8Gd0.2P1S4.4Cl1.6 + 0.9383 LiCoO2 -> 1.235 Li + 0.02469 Co3(PO4)2 + 0.01235 GdPO4 + 0.5432 CoO + 0.04938 CoCl2 + 0.2716 CoSO4
LiCoO2,Gd,4.30,0.310597,-1.099605,1,0.1306 Li4.8Gd0.2P1S4.4Cl1.6 + 0.8694 LiCoO2 -> 1.496 Li + 0.05223 Co3(PO4)2 + 0.03379 Co9S8 + 0.02611 GdPO4 + 0.1045 CoCl2 + 0.3041 CoSO4
LiCoO2,Gd,4.30,0.34202,-1.129616,1,0.1477 Li4.8Gd0.2P1S4.4Cl1.6 + 0.8523 LiCoO2 -> 1.561 Li + 0.05907 Co3(PO4)2 + 0.09283 Co3S4 + 0.02954 GdPO4 + 0.1181 CoCl2 + 0.2785 CoSO4
LiCoO2,Gd,4.30,0.378151,-1.156222,1,0.1685 Li4.8Gd0.2P1S4.4Cl1.6 + 0.8315 LiCoO2 -> 1.64 Li + 0.06742 Co3(PO4)2 + 0.03371 GdPO4 + 0.2472 CoS2 + 0.1348 CoCl2 + 0.2472 CoSO4
LiCoO2,Gd,4.30,0.395604,-1.167129,1,0.1791 Li4.8Gd0.2P1S4.4Cl1.6 + 0.8209 LiCoO2 -> 1.681 Li + 0.05373 Co3(PO4)2 + 0.01791 Gd2P4O13 + 0.2716 CoS2 + 0.1433 CoCl2 + 0.2448 CoSO4
LiCoO2,Gd,4.30,0.414747,-1.179086,1,0.1911 Li4.8Gd0.2P1S4.4Cl1.6 + 0.8089 LiCoO2 -> 1.726 Li + 0.03822 Co3(PO4)2 + 0.2994 CoS2 + 0.03822 Gd(PO3)3 + 0.1529 CoCl2 + 0.242 CoSO4
LiCoO2,Gd,4.30,0.428571,-1.187733,1,0.2 Li4.8Gd0.2P1S4.4Cl1.6 + 0.8 LiCoO2 -> 1.76 Li + 0.04 Co2P2O7 + 0.32 CoS2 + 0.04 Gd(PO3)3 + 0.16 CoCl2 + 0.24 CoSO4
LiCoO2,Gd,4.30,0.451128,-1.197987,1,0.2151 Li4.8Gd0.2P1S4.4Cl1.6 + 0.7849 LiCoO2 -> 1.817 Li + 0.02151 CoP4O11 + 0.3548 CoS2 + 0.04301 Gd(PO3)3 + 0.172 CoCl2 + 0.2366 CoSO4
LiCoO2,Gd,4.30,0.564263,-1.242791,1,0.3015 Li4.8Gd0.2P1S4.4Cl1.6 + 0.6985 LiCoO2 -> 2.146 Li + 0.03015 CoP4O11 + 0.5377 CoS2 + 0.0603 Gd(PO3)3 + 0.1206 SCl4 + 0.1307 CoSO4
LiCoO2,Gd,4.30,0.614334,-1.261484,1,0.3468 Li4.8Gd0.2P1S4.4Cl1.6 + 0.6532 LiCoO2 -> 2.318 Li + 0.03468 CoP4O11 + 0.1503 SO2 + 0.6185 CoS2 + 0.06936 Gd(PO3)3 + 0.1387 SCl4
LiCoO2,Gd,4.30,0.669145,-1.276885,1,0.4027 Li4.8Gd0.2P1S4.4Cl1.6 + 0.5973 LiCoO2 -> 2.53 Li + 0.04027 CoP4O11 + 0.01342 SO2 + 0.6443 SCl + 0.557 CoS2 + 0.08054 Gd(PO3)3
LiCoO2,Gd,4.30,0.681818,-1.277902,1,0.4167 Li4.8Gd0.2P1S4.4Cl1.6 + 0.5833 LiCoO2 -> 2.583 Li + 0.08333 GdP5O14 + 0.6667 SCl + 0.5833 CoS2
LiCoO2,Gd,4.30,0.769231,-1.242978,1,0.5263 Li4.8Gd0.2P1S4.4Cl1.6 + 0.4737 LiCoO2 -> 3 Li + 0.02477 PCl5 + 0.7183 SCl + 0.09288 P2S7 + 0.4737 CoS2 + 0.1053 Gd(PO3)3
LiCoO2,Gd,4.30,1.0,-1.122438,0,Li4.8Gd0.2P1S4.4Cl1.6 -> 4.8 Li + 0.01176 PCl5 + 0.9412 SCl + 0.4941 P2S7 + 0.2 GdCl3
LiCoO2,Gd,4.50,0.0,-0.244886,0,LiCoO2 -> Li + CoO2
LiCoO2,Gd,4.50,0.087282,-0.670358,1,0.03089 Li4.8Gd0.2P1S4.4Cl1.6 + 0.9691 LiCoO2 -> 1.117 Li + 0.02471 Co(ClO4)2 + 0.006178 GdPO4 + 0.01236 Co3(PO4)2 + 0.03354 Co23O32 + 0.1359 CoSO4
LiCoO2,Gd,4.50,0.096953,-0.716159,1,0.03455 Li4.8Gd0.2P1S4.4Cl1.6 + 0.9654 LiCoO2 -> 1.131 Li + 0.00691 GdPO4 + 0.01382 Co3(PO4)2 + 0.03356 Co23O32 + 0.05528 ClO2 + 0.152 CoSO4
LiCoO2,Gd,4.50,0.125749,-0.851655,1,0.04575 Li4.8Gd0.2P1S4.4Cl1.6 + 0.9542 LiCoO2 -> 1.174 Li + 0.00915 GdPO4 + 0.0183 Co3(PO4)2 + 0.02876 Co23O32 + 0.0366 CoCl2 + 0.2013 CoSO4
LiCoO2,Gd,4.50,0.132743,-0.883004,1,0.04854 Li4.8Gd0.2P1S4.4Cl1.6 + 0.9515 LiCoO2 -> 1.184 Li + 0.009709 GdPO4 + 0.01942 Co3(PO4)2 + 0.03883 CoCl2 + 0.2136 Co3O4 + 0.2136 CoSO4
LiCoO2,Gd,4.50,0.164835,-0.981888,1,0.06173 Li4.8Gd0.2P1S4.4Cl1.6 + 0.9383 LiCoO2 -> 1.235 Li + 0.01235 GdPO4 + 0.02469 Co3(PO4)2 + 0.5432 CoO + 0.04938 CoCl2 + 0.2716 CoSO4
LiCoO2,Gd,4.50,0.310597,-1.183934,1,0.1306 Li4.8Gd0.2P1S4.4Cl1.6 + 0.8694 LiCoO2 -> 1.496 Li + 0.03379 Co9S8 + 0.02611 GdPO4 + 0.05223 Co3(PO4)2 + 0.1045 CoCl2 + 0.3041 CoSO4
LiCoO2,Gd,4.50,0.34202,-1.215863,1,0.1477 Li4.8Gd0.2P1S4.4Cl1.6 + 0.8523 LiCoO2 -> 1.561 Li + 0.02954 GdPO4 + 0.05907 Co3(PO4)2 + 0.09283 Co3S4 + 0.1181 CoCl2 + 0.2785 CoSO4
LiCoO2,Gd,4.50,0.378151,-1.244707,1,0.1685 Li4.8Gd0.2P1S4.4Cl1.6 + 0.8315 LiCoO2 -> 1.64 Li + 0.03371 GdPO4 + 0.06742 Co3(PO4)2 + 0.2472 CoS2 + 0.1348 CoCl2 + 0.2472 CoSO4
LiCoO2,Gd,4.50,0.395604,-1.256707,1,0.1791 Li4.8Gd0.2P1S4.4Cl1.6 + 0.8209 LiCoO2 -> 1.681 Li + 0.01791 Gd2P4O13 + 0.05373 Co3(PO4)2 + 0.2716 CoS2 + 0.1433 CoCl2 + 0.2448 CoSO4
LiCoO2,Gd,4.50,0.414747,-1.269873,1,0.1911 Li4.8Gd0.2P1S4.4Cl1.6 + 0.8089 LiCoO2 -> 1.726 Li + 0.03822 Co3(PO4)2 + 0.03822 Gd(PO3)3 + 0.2994 CoS2 + 0.1529 CoCl2 + 0.242 CoSO4
LiCoO2,Gd,4.50,0.428571,-1.2794,1,0.2 Li4.8Gd0.2P1S4.4Cl1.6 + 0.8 LiCoO2 -> 1.76 Li + 0.04 Co2P2O7 + 0.04 Gd(PO3)3 + 0.32 CoS2 + 0.16 CoCl2 + 0.24 CoSO4
LiCoO2,Gd,4.50,0.451128,-1.2911,1,0.2151 Li4.8Gd0.2P1S4.4Cl1.6 + 0.7849 LiCoO2 -> 1.817 Li + 0.02151 CoP4O11 + 0.04301 Gd(PO3)3 + 0.3548 CoS2 + 0.172 CoCl2 + 0.2366 CoSO4
LiCoO2,Gd,4.50,0.564263,-1.34338,1,0.3015 Li4.8Gd0.2P1S4.4Cl1.6 + 0.6985 LiCoO2 -> 2.146 Li + 0.03015 CoP4O11 + 0.0603 Gd(PO3)3 + 0.5377 CoS2 + 0.1206 SCl4 + 0.1307 CoSO4
LiCoO2,Gd,4.50,0.614334,-1.365505,1,0.3468 Li4.8Gd0.2P1S4.4Cl1.6 + 0.6532 LiCoO2 -> 2.318 Li + 0.03468 CoP4O11 + 0.06936 Gd(PO3)3 + 0.6185 CoS2 + 0.1503 SO2 + 0.1387 SCl4
LiCoO2,Gd,4.50,0.669145,-1.384753,1,0.4027 Li4.8Gd0.2P1S4.4Cl1.6 + 0.5973 LiCoO2 -> 2.53 Li + 0.6443 SCl + 0.04027 CoP4O11 + 0.08054 Gd(PO3)3 + 0.557 CoS2 + 0.01342 SO2
LiCoO2,Gd,4.50,0.681818,-1.386674,1,0.4167 Li4.8Gd0.2P1S4.4Cl1.6 + 0.5833 LiCoO2 -> 2.583 Li + 0.08333 GdP5O14 + 0.6667 SCl + 0.5833 CoS2
LiCoO2,Gd,4.50,0.769231,-1.358129,1,0.5263 Li4.8Gd0.2P1S4.4Cl1.6 + 0.4737 LiCoO2 -> 3 Li + 0.09288 P2S7 + 0.7183 SCl + 0.1053 Gd(PO3)3 + 0.4737 CoS2 + 0.02477 PCl5
LiCoO2,Gd,4.50,1.0,-1.255771,0,Li4.8Gd0.2P1S4.4Cl1.6 -> 4.8 Li + 0.4941 P2S7 + 0.9412 SCl + 0.01176 PCl5 + 0.2 GdCl3
NMC811,Gd,2.50,0.0,-0.025971,0,Li1Mn0.1Co0.1Ni0.8O2 + 0.7 Li -> 0.1 Li2MnO3 + 0.8 NiO + 0.1 LiCoO2 + 0.7 Li2O
NMC811,Gd,2.50,0.087137,-0.38475,0,0.9692 Li1Mn0.1Co0.1Ni0.8O2 + 0.03084 Li4.8Gd0.2P1S4.4Cl1.6 -> 0.407 Li + 0.006167 LiGdO2 + 0.09692 Li2MnO3 + 0.7753 NiO + 0.03084 Li3PO4 + 0.09692 LiCoO2 + 0.1357 Li2SO4 + 0.04934 LiCl
NMC811,Gd,2.50,0.0875,-0.386223,0,0.969 Li1Mn0.1Co0.1Ni0.8O2 + 0.03097 Li4.8Gd0.2P1S4.4Cl1.6 -> 0.4119 Li + 0.0969 Li2MnO3 + 0.7752 NiO + 0.03097 Li3PO4 + 0.0969 LiCoO2 + 0.003097 Gd2O3 + 0.1363 Li2SO4 + 0.04956 LiCl
NMC811,Gd,2.50,0.098765,-0.410426,0,0.9648 Li1Mn0.1Co0.1Ni0.8O2 + 0.03524 Li4.8Gd0.2P1S4.4Cl1.6 -> 0.4687 Li + 0.09648 Li2MnO3 + 0.7718 NiO + 0.03524 Li3PO4 + 0.09648 CoO + 0.003524 Gd2O3 + 0.1551 Li2SO4 + 0.05639 LiCl
NMC811,Gd,2.50,0.1,-0.413083,0,0.9643 Li1Mn0.1Co0.1Ni0.8O2 + 0.03571 Li4.8Gd0.2P1S4.4Cl1.6 -> 0.4786 Li + 0.007143 GdMnO3 + 0.08929 Li2MnO3 + 0.7714 NiO + 0.03571 Li3PO4 + 0.09643 CoO + 0.1571 Li2SO4 + 0.05714 LiCl
NMC811,Gd,2.50,0.110204,-0.435052,0,0.9604 Li1Mn0.1Co0.1Ni0.8O2 + 0.03965 Li4.8Gd0.2P1S4.4Cl1.6 -> 0.5313 Li + 0.00793 GdMnO3 + 0.08811 LiMnO2 + 0.7683 NiO + 0.03965 Li3PO4 + 0.09604 CoO + 0.1744 Li2SO4 + 0.06344 LiCl
NMC811,Gd,2.50,0.115152,-0.445534,0,0.9584 Li1Mn0.1Co0.1Ni0.8O2 + 0.04158 Li4.8Gd0.2P1S4.4Cl1.6 -> 0.6009 Li + 0.008315 GdMnO3 + 0.04376 Mn2CoO4 + 0.7667 NiO + 0.04158 Li3PO4 + 0.05208 CoO + 0.1829 Li2SO4 + 0.06652 LiCl
NMC811,Gd,2.50,0.116779,-0.447576,0,0.9578 Li1Mn0.1Co0.1Ni0.8O2 + 0.04221 Li4.8Gd0.2P1S4.4Cl1.6 -> 0.5948 Li + 0.008443 GdMnO3 + 0.7662 NiO + 0.02911 Mn3O4 + 0.04221 Li3PO4 + 0.09578 CoO + 0.1857 Li2SO4 + 0.06754 LiCl
NMC811,Gd,2.50,0.116935,-0.447747,0,0.9577 Li1Mn0.1Co0.1Ni0.8O2 + 0.04227 Li4.8Gd0.2P1S4.4Cl1.6 -> 0.5942 Li + 0.7662 NiO + 0.03192 Mn3O4 + 0.04227 Li3PO4 + 0.09577 CoO + 0.004227 Gd2O3 + 0.186 Li2SO4 + 0.06764 LiCl
NMC811,Gd,2.50,0.118367,-0.449206,1,0.9572 Li1Mn0.1Co0.1Ni0.8O2 + 0.04284 Li4.8Gd0.2P1S4.4Cl1.6 -> 0.6145 Li + 0.7657 NiO + 0.03191 Mn3O4 + 0.03427 Li3PO4 + 0.09572 CoO + 0.008567 GdPO4 + 0.1885 Li2SO4 + 0.06854 LiCl
NMC811,Gd,2.50,0.197026,-0.510921,1,0.9244 Li1Mn0.1Co0.1Ni0.8O2 + 0.07561 Li4.8Gd0.2P1S4.4Cl1.6 -> 0.3195 Li + 0.03081 Mn3O4 + 0.06049 Li3PO4 + 0.09244 CoO + 0.01512 GdPO4 + 0.3327 Li2SO4 + 0.7395 Ni + 0.121 LiCl
NMC811,Gd,2.50,0.351351,-0.63738,1,0.8471 Li1Mn0.1Co0.1Ni0.8O2 + 0.1529 Li4.8Gd0.2P1S4.4Cl1.6 -> 0.5271 Li + 0.2259 Ni3S2 + 0.02824 Mn3O4 + 0.1224 Li3PO4 + 0.08471 CoO + 0.03059 GdPO4 + 0.2212 Li2SO4 + 0.2447 LiCl
NMC811,Gd,2.50,0.376923,-0.658052,1,0.8322 Li1Mn0.1Co0.1Ni0.8O2 + 0.1678 Li4.8Gd0.2P1S4.4Cl1.6 -> 0.5253 Li + 0.2219 Ni3S2 + 0.009247 Co9S8 + 0.02774 Mn3O4 + 0.1342 Li3PO4 + 0.03356 GdPO4 + 0.2205 Li2SO4 + 0.2685 LiCl
NMC811,Gd,2.50,0.378715,-0.65929,1,0.8311 Li1Mn0.1Co0.1Ni0.8O2 + 0.1689 Li4.8Gd0.2P1S4.4Cl1.6 -> 0.5144 Li + 0.2216 Ni3S2 + 0.009235 Co9S8 + 0.1351 Li3PO4 + 0.03378 GdPO4 + 0.2259 Li2SO4 + 0.08311 MnO + 0.2702 LiCl
NMC811,Gd,2.50,0.394958,-0.666603,1,0.8213 Li1Mn0.1Co0.1Ni0.8O2 + 0.1787 Li4.8Gd0.2P1S4.4Cl1.6 -> 0.5414 Li + 0.2053 Ni3S2 + 0.143 Li3PO4 + 0.03574 GdPO4 + 0.04106 Co2NiS4 + 0.2114 Li2SO4 + 0.08213 MnO + 0.2859 LiCl
NMC811,Gd,2.50,0.4,-0.668567,1,0.8182 Li1Mn0.1Co0.1Ni0.8O2 + 0.1818 Li4.8Gd0.2P1S4.4Cl1.6 -> 0.6727 Li + 0.08182 LiMnPO4 + 0.2045 Ni3S2 + 0.06364 Li3PO4 + 0.03636 GdPO4 + 0.04091 Co2NiS4 + 0.2273 Li2SO4 + 0.2909 LiCl
NMC811,Gd,2.50,0.419355,-0.675287,1,0.806 Li1Mn0.1Co0.1Ni0.8O2 + 0.194 Li4.8Gd0.2P1S4.4Cl1.6 -> 0.7045 Li + 0.0806 LiMnPO4 + 0.0806 Co(NiS2)2 + 0.1612 Ni3S2 + 0.07463 Li3PO4 + 0.03881 GdPO4 + 0.209 Li2SO4 + 0.3104 LiCl
NMC811,Gd,2.50,0.443299,-0.682868,1,0.7902 Li1Mn0.1Co0.1Ni0.8O2 + 0.2098 Li4.8Gd0.2P1S4.4Cl1.6 -> 0.7454 Li + 0.05268 Ni9S8 + 0.07902 LiMnPO4 + 0.07902 Co(NiS2)2 + 0.08878 Li3PO4 + 0.04195 GdPO4 + 0.1854 Li2SO4 + 0.3356 LiCl
NMC811,Gd,2.50,0.485714,-0.694122,1,0.7606 Li1Mn0.1Co0.1Ni0.8O2 + 0.2394 Li4.8Gd0.2P1S4.4Cl1.6 -> 0.8225 Li + 0.07606 LiMnPO4 + 0.07606 Co(NiS2)2 + 0.1155 Li3PO4 + 0.04789 GdPO4 + 0.1521 Ni3S4 + 0.1408 Li2SO4 + 0.3831 LiCl
NMC811,Gd,2.50,0.513514,-0.693251,1,0.7397 Li1Mn0.1Co0.1Ni0.8O2 + 0.2603 Li4.8Gd0.2P1S4.4Cl1.6 -> 0.7288 Li + 0.07397 Co(NiS2)2 + 0.2082 Li3PO4 + 0.05205 GdPO4 + 0.07397 MnS2 + 0.1479 Ni3S4 + 0.1096 Li2SO4 + 0.4164 LiCl
NMC811,Gd,2.50,0.560976,-0.673793,1,0.7013 Li1Mn0.1Co0.1Ni0.8O2 + 0.2987 Li4.8Gd0.2P1S4.4Cl1.6 -> 0.8364 Li + 0.4208 NiS2 + 0.07013 Co(NiS2)2 + 0.239 Li3PO4 + 0.05974 GdPO4 + 0.07013 MnS2 + 0.05195 Li2SO4 + 0.4779 LiCl
NMC811,Gd,2.50,0.581395,-0.663882,1,0.6835 Li1Mn0.1Co0.1Ni0.8O2 + 0.3165 Li4.8Gd0.2P1S4.4Cl1.6 -> 0.8861 Li + 0.5468 NiS2 + 0.06835 CoS2 + 0.2532 Li3PO4 + 0.06329 GdPO4 + 0.06835 MnS2 + 0.02532 Li2SO4 + 0.5063 LiCl
NMC811,Gd,2.50,0.6,-0.649556,1,0.6667 Li1Mn0.1Co0.1Ni0.8O2 + 0.3333 Li4.8Gd0.2P1S4.4Cl1.6 -> 0.9 Li + 0.5333 NiS2 + 0.06667 CoS2 + 0.2667 Li3PO4 + 0.06667 GdPO4 + 0.06667 MnS2 + 0.5333 LiCl + 0.03333 LiS4
NMC811,Gd,2.50,0.882353,-0.2563,1,0.2857 Li1Mn0.1Co0.1Ni0.8O2 + 0.7143 Li4.8Gd0.2P1S4.4Cl1.6 -> 2.429 Li + 0.2286 NiS2 + 0.02857 CoS2 + 0.2857 P2S7 + 0.1429 GdPO4 + 0.02857 MnS2 + 1.143 LiCl + 0.1429 LiS4
NMC811,Gd,2.50,1.0,-0.068173,0,Li4.8Gd0.2P1S4.4Cl1.6 -> 3.075 Li + 0.5 P2S7 + 0.2 GdS2 + 1.6 LiCl + 0.125 LiS4
NMC811,Gd,3.50,0.0,-0.003246,0,Li1Mn0.1Co0.1Ni0.8O2 -> 0.4 Li + 0.02 Li4MnCo5O12 + 0.36 Li(NiO2)2 + 0.08 Li2MnO3 + 0.08 NiO
NMC811,Gd,3.50,0.071146,-0.442296,0,0.9751 Li1Mn0.1Co0.1Ni0.8O2 + 0.0249 Li4.8Gd0.2P1S4.4Cl1.6 -> 0.532 Li + 0.0195 Li4MnCo5O12 + 0.00249 Gd2MnNiO6 + 0.03983 LiClO4 + 0.07552 Li2MnO3 + 0.0249 Li3PO4 + 0.7776 NiO + 0.1095 Li2SO4
NMC811,Gd,3.50,0.07585,-0.469945,0,0.9734 Li1Mn0.1Co0.1Ni0.8O2 + 0.02663 Li4.8Gd0.2P1S4.4Cl1.6 -> 0.6163 Li + 0.01947 Li4MnCo5O12 + 0.002663 Gd2MnNiO6 + 0.02507 Li2Mn3NiO8 + 0.04261 LiClO4 + 0.02663 Li3PO4 + 0.751 NiO + 0.1172 Li2SO4
NMC811,Gd,3.50,0.095921,-0.570501,0,0.9658 Li1Mn0.1Co0.1Ni0.8O2 + 0.03416 Li4.8Gd0.2P1S4.4Cl1.6 -> 0.5456 Li + 0.01932 Li4MnCo5O12 + 0.003416 Gd2MnNiO6 + 0.02462 Li2Mn3NiO8 + 0.03416 Li3PO4 + 0.7446 NiO + 0.1503 Li2SO4 + 0.05465 LiCl
NMC811,Gd,3.50,0.09699,-0.575878,1,0.9654 Li1Mn0.1Co0.1Ni0.8O2 + 0.03456 Li4.8Gd0.2P1S4.4Cl1.6 -> 0.5602 Li + 0.01931 Li4MnCo5O12 + 0.02574 Li2Mn3NiO8 + 0.006913 GdPO4 + 0.02765 Li3PO4 + 0.7466 NiO + 0.1521 Li2SO4 + 0.0553 LiCl
NMC811,Gd,3.50,0.1,-0.590905,1,0.9643 Li1Mn0.1Co0.1Ni0.8O2 + 0.03571 Li4.8Gd0.2P1S4.4Cl1.6 -> 0.6014 Li + 0.07714 Mn(Ni3O4)2 + 0.01929 Li4MnCo5O12 + 0.007143 GdPO4 + 0.02857 Li3PO4 + 0.3086 NiO + 0.1571 Li2SO4 + 0.05714 LiCl
NMC811,Gd,3.50,0.103448,-0.604252,1,0.963 Li1Mn0.1Co0.1Ni0.8O2 + 0.03704 Li4.8Gd0.2P1S4.4Cl1.6 -> 0.6489 Li + 0.07704 Mn(Ni3O4)2 + 0.01926 Li4MnCo5O12 + 0.02963 NiCl2 + 0.007407 GdPO4 + 0.02963 Li3PO4 + 0.2785 NiO + 0.163 Li2SO4
NMC811,Gd,3.50,0.107143,-0.618256,1,0.9615 Li1Mn0.1Co0.1Ni0.8O2 + 0.03846 Li4.8Gd0.2P1S4.4Cl1.6 -> 0.7 Li + 0.07692 Mn(Ni3O4)2 + 0.01923 Li4MnCo5O12 + 0.03077 LiNiPO4 + 0.03077 NiCl2 + 0.007692 GdPO4 + 0.2462 NiO + 0.1692 Li2SO4
NMC811,Gd,3.50,0.111111,-0.633109,1,0.96 Li1Mn0.1Co0.1Ni0.8O2 + 0.04 Li4.8Gd0.2P1S4.4Cl1.6 -> 0.7168 Li + 0.0832 Mn(Ni3O4)2 + 0.0128 Li4MnCo5O12 + 0.032 LiCoPO4 + 0.032 NiCl2 + 0.008 GdPO4 + 0.2368 NiO + 0.176 Li2SO4
NMC811,Gd,3.50,0.116418,-0.652856,1,0.9579 Li1Mn0.1Co0.1Ni0.8O2 + 0.04207 Li4.8Gd0.2P1S4.4Cl1.6 -> 0.756 Li + 0.09579 Mn(Ni3O4)2 + 0.03366 LiCoPO4 + 0.03366 NiCl2 + 0.008414 GdPO4 + 0.1579 NiO + 0.02071 Co3O4 + 0.1851 Li2SO4
NMC811,Gd,3.50,0.119266,-0.661367,1,0.9568 Li1Mn0.1Co0.1Ni0.8O2 + 0.04319 Li4.8Gd0.2P1S4.4Cl1.6 -> 0.7841 Li + 0.09568 Mn(Ni3O4)2 + 0.01728 Co3(PO4)2 + 0.03455 NiCl2 + 0.008638 GdPO4 + 0.1568 NiO + 0.01462 Co3O4 + 0.19 Li2SO4
NMC811,Gd,3.50,0.12605,-0.680278,1,0.9541 Li1Mn0.1Co0.1Ni0.8O2 + 0.04587 Li4.8Gd0.2P1S4.4Cl1.6 -> 0.8514 Li + 0.09541 Mn(Ni3O4)2 + 0.04037 Li2Co(SO4)2 + 0.01835 Co3(PO4)2 + 0.0367 NiCl2 + 0.009174 GdPO4 + 0.1541 NiO + 0.1211 Li2SO4
NMC811,Gd,3.50,0.146341,-0.736739,1,0.9459 Li1Mn0.1Co0.1Ni0.8O2 + 0.05405 Li4.8Gd0.2P1S4.4Cl1.6 -> 0.9676 Li + 0.005405 Mn(Ni3O4)2 + 0.02973 Li2Co(SO4)2 + 0.02162 Co3(PO4)2 + 0.04324 NiCl2 + 0.01081 GdPO4 + 0.08919 Li2Mn(SO4)2 + 0.6811 NiO
NMC811,Gd,3.50,0.146853,-0.738168,1,0.9457 Li1Mn0.1Co0.1Ni0.8O2 + 0.05426 Li4.8Gd0.2P1S4.4Cl1.6 -> 0.9674 Li + 0.00155 Mn2CoO4 + 0.02791 Li2Co(SO4)2 + 0.02171 Co3(PO4)2 + 0.04341 NiCl2 + 0.01085 GdPO4 + 0.09147 Li2Mn(SO4)2 + 0.7132 NiO
NMC811,Gd,3.50,0.147541,-0.740055,1,0.9455 Li1Mn0.1Co0.1Ni0.8O2 + 0.05455 Li4.8Gd0.2P1S4.4Cl1.6 -> 0.9745 Li + 0.02182 Li2Co(SO4)2 + 0.02182 Co3(PO4)2 + 0.007273 CoSO4 + 0.04364 NiCl2 + 0.01091 GdPO4 + 0.09455 Li2Mn(SO4)2 + 0.7127 NiO
NMC811,Gd,3.50,0.150838,-0.748936,1,0.9441 Li1Mn0.1Co0.1Ni0.8O2 + 0.0559 Li4.8Gd0.2P1S4.4Cl1.6 -> 1.024 Li + 0.02236 Co3(PO4)2 + 0.02981 NiSO4 + 0.02733 CoSO4 + 0.04472 NiCl2 + 0.01118 GdPO4 + 0.09441 Li2Mn(SO4)2 + 0.6807 NiO
NMC811,Gd,3.50,0.164835,-0.785069,1,0.9383 Li1Mn0.1Co0.1Ni0.8O2 + 0.06173 Li4.8Gd0.2P1S4.4Cl1.6 -> 1.235 Li + 0.02469 Co3(PO4)2 + 0.158 NiSO4 + 0.01975 CoSO4 + 0.04938 NiCl2 + 0.01235 GdPO4 + 0.5432 NiO + 0.09383 MnSO4
NMC811,Gd,3.50,0.2,-0.816587,1,0.9231 Li1Mn0.1Co0.1Ni0.8O2 + 0.07692 Li4.8Gd0.2P1S4.4Cl1.6 -> 1.292 Li + 0.02735 Ni3S2 + 0.03077 Co3(PO4)2 + 0.1915 NiSO4 + 0.06154 NiCl2 + 0.01538 GdPO4 + 0.4034 NiO + 0.09231 MnSO4
NMC811,Gd,3.50,0.291829,-0.90047,1,0.8792 Li1Mn0.1Co0.1Ni0.8O2 + 0.1208 Li4.8Gd0.2P1S4.4Cl1.6 -> 1.459 Li + 0.1063 Ni3S2 + 0.02931 Co3(PO4)2 + 0.019 Ni3(PO4)2 + 0.2309 NiSO4 + 0.09662 NiCl2 + 0.02415 GdPO4 + 0.08792 MnSO4
NMC811,Gd,3.50,0.315789,-0.919491,1,0.8667 Li1Mn0.1Co0.1Ni0.8O2 + 0.1333 Li4.8Gd0.2P1S4.4Cl1.6 -> 1.507 Li + 0.05667 Ni3S2 + 0.05333 Ni3(PO4)2 + 0.04333 Co2NiS4 + 0.2133 NiSO4 + 0.1067 NiCl2 + 0.02667 GdPO4 + 0.08667 MnSO4
NMC811,Gd,3.50,0.338182,-0.936269,1,0.8545 Li1Mn0.1Co0.1Ni0.8O2 + 0.1455 Li4.8Gd0.2P1S4.4Cl1.6 -> 1.553 Li + 0.008451 Ni3S2 + 0.08545 Co(NiS2)2 + 0.05822 Ni3(PO4)2 + 0.1962 NiSO4 + 0.1164 NiCl2 + 0.02911 GdPO4 + 0.08545 MnSO4
NMC811,Gd,3.50,0.339557,-0.93726,1,0.8537 Li1Mn0.1Co0.1Ni0.8O2 + 0.1463 Li4.8Gd0.2P1S4.4Cl1.6 -> 1.556 Li + 0.002715 Ni9S8 + 0.08537 Co(NiS2)2 + 0.05852 Ni3(PO4)2 + 0.1952 NiSO4 + 0.117 NiCl2 + 0.02926 GdPO4 + 0.08537 MnSO4
NMC811,Gd,3.50,0.34202,-0.938904,1,0.8523 Li1Mn0.1Co0.1Ni0.8O2 + 0.1477 Li4.8Gd0.2P1S4.4Cl1.6 -> 1.561 Li + 0.08523 Co(NiS2)2 + 0.05907 Ni3(PO4)2 + 0.1932 NiSO4 + 0.1181 NiCl2 + 0.02954 GdPO4 + 0.007595 Ni3S4 + 0.08523 MnSO4
NMC811,Gd,3.50,0.359589,-0.945269,1,0.8423 Li1Mn0.1Co0.1Ni0.8O2 + 0.1577 Li4.8Gd0.2P1S4.4Cl1.6 -> 1.599 Li + 0.06306 Ni2P2O7 + 0.08423 Co(NiS2)2 + 0.195 NiSO4 + 0.1261 NiCl2 + 0.03153 GdPO4 + 0.01937 Ni3S4 + 0.08423 MnSO4
NMC811,Gd,3.50,0.379061,-0.950446,1,0.8309 Li1Mn0.1Co0.1Ni0.8O2 + 0.1691 Li4.8Gd0.2P1S4.4Cl1.6 -> 1.643 Li + 0.08309 Co(NiS2)2 + 0.1971 NiSO4 + 0.06763 Ni(PO3)2 + 0.1353 NiCl2 + 0.03382 GdPO4 + 0.03285 Ni3S4 + 0.08309 MnSO4
NMC811,Gd,3.50,0.404844,-0.953576,1,0.8152 Li1Mn0.1Co0.1Ni0.8O2 + 0.1848 Li4.8Gd0.2P1S4.4Cl1.6 -> 1.539 Li + 0.08152 Co(NiS2)2 + 0.09668 NiSO4 + 0.07393 Ni(PO3)2 + 0.1479 NiCl2 + 0.03697 GdPO4 + 0.05687 Ni3S4 + 0.08152 Li2Mn(SO4)2
NMC811,Gd,3.50,0.410167,-0.954156,1,0.8118 Li1Mn0.1Co0.1Ni0.8O2 + 0.1882 Li4.8Gd0.2P1S4.4Cl1.6 -> 1.553 Li + 0.01882 Gd2P4O13 + 0.08118 Co(NiS2)2 + 0.09771 NiSO4 + 0.05645 Ni(PO3)2 + 0.1505 NiCl2 + 0.0608 Ni3S4 + 0.08118 Li2Mn(SO4)2
NMC811,Gd,3.50,0.415631,-0.954651,1,0.8084 Li1Mn0.1Co0.1Ni0.8O2 + 0.1916 Li4.8Gd0.2P1S4.4Cl1.6 -> 1.567 Li + 0.03833 Gd(PO3)3 + 0.08084 Co(NiS2)2 + 0.09877 NiSO4 + 0.03833 Ni(PO3)2 + 0.1533 NiCl2 + 0.06486 Ni3S4 + 0.08084 Li2Mn(SO4)2
NMC811,Gd,3.50,0.44335,-0.956939,1,0.7902 Li1Mn0.1Co0.1Ni0.8O2 + 0.2098 Li4.8Gd0.2P1S4.4Cl1.6 -> 1.639 Li + 0.04196 Gd(PO3)3 + 0.07902 Co(NiS2)2 + 0.1846 NiS2 + 0.07972 NiSO4 + 0.04196 Ni(PO3)2 + 0.1678 NiCl2 + 0.07902 Li2Mn(SO4)2
NMC811,Gd,3.50,0.468401,-0.958583,1,0.773 Li1Mn0.1Co0.1Ni0.8O2 + 0.227 Li4.8Gd0.2P1S4.4Cl1.6 -> 1.585 Li + 0.04541 Gd(PO3)3 + 0.0773 Co(NiS2)2 + 0.2368 NiS2 + 0.04541 Ni(PO3)2 + 0.1816 NiCl2 + 0.0773 Li2Mn(SO4)2 + 0.06162 Li2SO4
NMC811,Gd,3.50,0.475472,-0.958704,1,0.768 Li1Mn0.1Co0.1Ni0.8O2 + 0.232 Li4.8Gd0.2P1S4.4Cl1.6 -> 1.569 Li + 0.04641 LiGd(PO3)4 + 0.0768 Co(NiS2)2 + 0.2519 NiS2 + 0.0232 Ni(PO3)2 + 0.1856 NiCl2 + 0.0768 Li2Mn(SO4)2 + 0.05635 Li2SO4
NMC811,Gd,3.50,0.498195,-0.959072,1,0.7514 Li1Mn0.1Co0.1Ni0.8O2 + 0.2486 Li4.8Gd0.2P1S4.4Cl1.6 -> 1.667 Li + 0.04973 LiGd(PO3)4 + 0.3773 NiS2 + 0.07514 CoS2 + 0.02486 Ni(PO3)2 + 0.1989 NiCl2 + 0.07514 Li2Mn(SO4)2 + 0.03892 Li2SO4
NMC811,Gd,3.50,0.505495,-0.958697,1,0.7459 Li1Mn0.1Co0.1Ni0.8O2 + 0.2541 Li4.8Gd0.2P1S4.4Cl1.6 -> 1.649 Li + 0.05083 LiGd(PO3)4 + 0.3934 NiS2 + 0.07459 CoS2 + 0.2033 NiCl2 + 0.04917 Li2Mn(SO4)2 + 0.02541 Mn(PO3)2 + 0.08398 Li2SO4
NMC811,Gd,3.50,0.62069,-0.926057,1,0.6471 Li1Mn0.1Co0.1Ni0.8O2 + 0.3529 Li4.8Gd0.2P1S4.4Cl1.6 -> 2.212 Li + 0.07059 LiGd(PO3)4 + 0.4471 SCl + 0.4588 NiS2 + 0.06471 CoS2 + 0.05882 NiCl2 + 0.02941 Li2Mn(SO4)2 + 0.03529 Mn(PO3)2
NMC811,Gd,3.50,0.660287,-0.914142,1,0.6068 Li1Mn0.1Co0.1Ni0.8O2 + 0.3932 Li4.8Gd0.2P1S4.4Cl1.6 -> 2.441 Li + 0.04444 LiGd(PO3)4 + 0.03419 Gd(PO3)3 + 0.6291 SCl + 0.4855 NiS2 + 0.06068 CoS2 + 0.004274 Li2Mn(SO4)2 + 0.05641 Mn(PO3)2
NMC811,Gd,3.50,0.666667,-0.911,1,0.6 Li1Mn0.1Co0.1Ni0.8O2 + 0.4 Li4.8Gd0.2P1S4.4Cl1.6 -> 2.48 Li + 0.04 LiGd(PO3)4 + 0.04 Gd(PO3)3 + 0.64 SCl + 0.48 NiS2 + 0.06 CoS2 + 0.06 Mn(PO3)2 + 0.04 S
NMC811,Gd,3.50,0.695652,-0.886271,1,0.5676 Li1Mn0.1Co0.1Ni0.8O2 + 0.4324 Li4.8Gd0.2P1S4.4Cl1.6 -> 2.638 Li + 0.005405 LiGd(PO3)4 + 0.08108 Gd(PO3)3 + 0.6919 SCl + 0.4541 NiS2 + 0.02703 P2S7 + 0.05676 CoS2 + 0.05676 Mn(PO3)2
NMC811,Gd,3.50,0.7,-0.882453,1,0.5625 Li1Mn0.1Co0.1Ni0.8O2 + 0.4375 Li4.8Gd0.2P1S4.4Cl1.6 -> 2.663 Li + 0.0007353 PCl5 + 0.0875 Gd(PO3)3 + 0.6963 SCl + 0.45 NiS2 + 0.03088 P2S7 + 0.05625 CoS2 + 0.05625 Mn(PO3)2
NMC811,Gd,3.50,1.0,-0.589104,0,Li4.8Gd0.2P1S4.4Cl1.6 -> 4.8 Li + 0.01176 PCl5 + 0.9412 SCl + 0.4941 P2S7 + 0.2 GdCl3
NMC811,Gd,4.30,0.0,-0.232711,0,Li1Mn0.1Co0.1Ni0.8O2 -> Li + 0.1 Co(NiO2)2 + 0.1 Mn(Ni3O4)2 + 0.4 O2
NMC811,Gd,4.30,0.044776,-0.485868,1,0.9846 Li1Mn0.1Co0.1Ni0.8O2 + 0.01538 Li4.8Gd0.2P1S4.4Cl1.6 -> 1.058 Li + 0.006154 Ni3(PO4)2 + 0.09846 CoNiO3 + 0.01231 Ni(ClO4)2 + 0.003077 GdPO4 + 0.09846 Mn(Ni3O4)2 + 0.06769 NiSO4 + 0.2277 O2
NMC811,Gd,4.30,0.050847,-0.520527,1,0.9825 Li1Mn0.1Co0.1Ni0.8O2 + 0.01754 Li4.8Gd0.2P1S4.4Cl1.6 -> 1.039 Li + 0.007018 Ni3(PO4)2 + 0.02807 LiClO4 + 0.09825 CoNiO3 + 0.003509 GdPO4 + 0.09825 Mn(Ni3O4)2 + 0.07719 NiSO4 + 0.1965 O2
NMC811,Gd,4.30,0.096774,-0.784965,1,0.9655 Li1Mn0.1Co0.1Ni0.8O2 + 0.03448 Li4.8Gd0.2P1S4.4Cl1.6 -> 1.076 Li + 0.01379 Ni3(PO4)2 + 0.05517 LiClO4 + 0.09655 CoNiO3 + 0.006897 GdPO4 + 0.01931 MnNiO3 + 0.07724 Mn(Ni3O4)2 + 0.1517 NiSO4
NMC811,Gd,4.30,0.1,-0.803573,1,0.9643 Li1Mn0.1Co0.1Ni0.8O2 + 0.03571 Li4.8Gd0.2P1S4.4Cl1.6 -> 1.136 Li + 0.01429 Ni3(PO4)2 + 0.09643 CoNiO3 + 0.02857 Ni(ClO4)2 + 0.007143 GdPO4 + 0.02643 MnNiO3 + 0.07 Mn(Ni3O4)2 + 0.1571 NiSO4
NMC811,Gd,4.30,0.106796,-0.837863,1,0.9617 Li1Mn0.1Co0.1Ni0.8O2 + 0.03833 Li4.8Gd0.2P1S4.4Cl1.6 -> 1.146 Li + 0.01533 Ni3(PO4)2 + 0.03066 Ni(ClO4)2 + 0.007666 GdPO4 + 0.01059 MnNiO3 + 0.08557 Mn(Ni3O4)2 + 0.004181 Co23O32 + 0.1686 NiSO4
NMC811,Gd,4.30,0.145232,-1.026378,1,0.9464 Li1Mn0.1Co0.1Ni0.8O2 + 0.0536 Li4.8Gd0.2P1S4.4Cl1.6 -> 1.204 Li + 0.02144 Ni3(PO4)2 + 0.01072 GdPO4 + 0.03075 MnNiO3 + 0.06389 Mn(Ni3O4)2 + 0.004115 Co23O32 + 0.04288 NiCl2 + 0.2358 NiSO4
NMC811,Gd,4.30,0.146067,-1.030138,1,0.9461 Li1Mn0.1Co0.1Ni0.8O2 + 0.05394 Li4.8Gd0.2P1S4.4Cl1.6 -> 1.205 Li + 0.02158 Ni3(PO4)2 + 0.01079 GdPO4 + 0.0312 MnNiO3 + 0.0634 Mn(Ni3O4)2 + 0.04315 NiCl2 + 0.03154 Co3O4 + 0.2373 NiSO4
NMC811,Gd,4.30,0.148825,-1.039845,1,0.9449 Li1Mn0.1Co0.1Ni0.8O2 + 0.05507 Li4.8Gd0.2P1S4.4Cl1.6 -> 1.209 Li + 0.02203 Ni3(PO4)2 + 0.01101 GdPO4 + 0.06725 Mn(Ni3O4)2 + 0.01362 Mn2CoO4 + 0.04406 NiCl2 + 0.02696 Co3O4 + 0.2423 NiSO4
NMC811,Gd,4.30,0.151194,-1.048183,1,0.944 Li1Mn0.1Co0.1Ni0.8O2 + 0.05605 Li4.8Gd0.2P1S4.4Cl1.6 -> 1.213 Li + 0.02242 Co3(PO4)2 + 0.01121 GdPO4 + 0.07729 Mn(Ni3O4)2 + 0.008555 Mn2CoO4 + 0.04484 NiCl2 + 0.006195 Co3O4 + 0.2466 NiSO4
NMC811,Gd,4.30,0.151899,-1.050426,1,0.9437 Li1Mn0.1Co0.1Ni0.8O2 + 0.05634 Li4.8Gd0.2P1S4.4Cl1.6 -> 1.214 Li + 0.02254 Co3(PO4)2 + 0.01127 GdPO4 + 0.08028 Mn(Ni3O4)2 + 0.007042 Mn2CoO4 + 0.04507 NiCl2 + 0.2282 NiSO4 + 0.01972 CoSO4
NMC811,Gd,4.30,0.154639,-1.05862,1,0.9425 Li1Mn0.1Co0.1Ni0.8O2 + 0.05747 Li4.8Gd0.2P1S4.4Cl1.6 -> 1.218 Li + 0.1931 NiO + 0.02299 Co3(PO4)2 + 0.01149 GdPO4 + 0.04368 Mn(Ni3O4)2 + 0.02529 Mn2CoO4 + 0.04598 NiCl2 + 0.2529 NiSO4
NMC811,Gd,4.30,0.161677,-1.079112,1,0.9396 Li1Mn0.1Co0.1Ni0.8O2 + 0.0604 Li4.8Gd0.2P1S4.4Cl1.6 -> 1.23 Li + 0.4886 NiO + 0.02416 Co3(PO4)2 + 0.01208 GdPO4 + 0.05101 MnSO4 + 0.02148 Mn2CoO4 + 0.04832 NiCl2 + 0.2148 NiSO4
NMC811,Gd,4.30,0.164835,-1.088099,1,0.9383 Li1Mn0.1Co0.1Ni0.8O2 + 0.06173 Li4.8Gd0.2P1S4.4Cl1.6 -> 1.235 Li + 0.5432 NiO + 0.02469 Co3(PO4)2 + 0.01235 GdPO4 + 0.09383 MnSO4 + 0.04938 NiCl2 + 0.158 NiSO4 + 0.01975 CoSO4
NMC811,Gd,4.30,0.2,-1.127698,1,0.9231 Li1Mn0.1Co0.1Ni0.8O2 + 0.07692 Li4.8Gd0.2P1S4.4Cl1.6 -> 1.292 Li + 0.4034 NiO + 0.03077 Co3(PO4)2 + 0.02735 Ni3S2 + 0.01538 GdPO4 + 0.09231 MnSO4 + 0.06154 NiCl2 + 0.1915 NiSO4
NMC811,Gd,4.30,0.291829,-1.233252,1,0.8792 Li1Mn0.1Co0.1Ni0.8O2 + 0.1208 Li4.8Gd0.2P1S4.4Cl1.6 -> 1.459 Li + 0.019 Ni3(PO4)2 + 0.02931 Co3(PO4)2 + 0.1063 Ni3S2 + 0.02415 GdPO4 + 0.08792 MnSO4 + 0.09662 NiCl2 + 0.2309 NiSO4
NMC811,Gd,4.30,0.315789,-1.258068,1,0.8667 Li1Mn0.1Co0.1Ni0.8O2 + 0.1333 Li4.8Gd0.2P1S4.4Cl1.6 -> 1.507 Li + 0.05333 Ni3(PO4)2 + 0.05667 Ni3S2 + 0.02667 GdPO4 + 0.04333 Co2NiS4 + 0.08667 MnSO4 + 0.1067 NiCl2 + 0.2133 NiSO4
NMC811,Gd,4.30,0.338182,-1.280315,1,0.8545 Li1Mn0.1Co0.1Ni0.8O2 + 0.1455 Li4.8Gd0.2P1S4.4Cl1.6 -> 1.553 Li + 0.05822 Ni3(PO4)2 + 0.008451 Ni3S2 + 0.02911 GdPO4 + 0.08545 MnSO4 + 0.08545 Co(NiS2)2 + 0.1164 NiCl2 + 0.1962 NiSO4
NMC811,Gd,4.30,0.339557,-1.281643,1,0.8537 Li1Mn0.1Co0.1Ni0.8O2 + 0.1463 Li4.8Gd0.2P1S4.4Cl1.6 -> 1.556 Li + 0.05852 Ni3(PO4)2 + 0.002715 Ni9S8 + 0.02926 GdPO4 + 0.08537 MnSO4 + 0.08537 Co(NiS2)2 + 0.117 NiCl2 + 0.1952 NiSO4
NMC811,Gd,4.30,0.34202,-1.283893,1,0.8523 Li1Mn0.1Co0.1Ni0.8O2 + 0.1477 Li4.8Gd0.2P1S4.4Cl1.6 -> 1.561 Li + 0.05907 Ni3(PO4)2 + 0.007595 Ni3S4 + 0.02954 GdPO4 + 0.08523 MnSO4 + 0.08523 Co(NiS2)2 + 0.1181 NiCl2 + 0.1932 NiSO4
NMC811,Gd,4.30,0.359589,-1.294592,1,0.8423 Li1Mn0.1Co0.1Ni0.8O2 + 0.1577 Li4.8Gd0.2P1S4.4Cl1.6 -> 1.599 Li + 0.01937 Ni3S4 + 0.06306 Ni2P2O7 + 0.03153 GdPO4 + 0.08423 MnSO4 + 0.08423 Co(NiS2)2 + 0.1261 NiCl2 + 0.195 NiSO4
NMC811,Gd,4.30,0.379061,-1.304613,1,0.8309 Li1Mn0.1Co0.1Ni0.8O2 + 0.1691 Li4.8Gd0.2P1S4.4Cl1.6 -> 1.643 Li + 0.03285 Ni3S4 + 0.06763 Ni(PO3)2 + 0.03382 GdPO4 + 0.08309 MnSO4 + 0.08309 Co(NiS2)2 + 0.1353 NiCl2 + 0.1971 NiSO4
NMC811,Gd,4.30,0.384263,-1.306477,1,0.8278 Li1Mn0.1Co0.1Ni0.8O2 + 0.1722 Li4.8Gd0.2P1S4.4Cl1.6 -> 1.654 Li + 0.03653 Ni3S4 + 0.05166 Ni(PO3)2 + 0.01722 Gd2P4O13 + 0.08278 MnSO4 + 0.08278 Co(NiS2)2 + 0.1378 NiCl2 + 0.1977 NiSO4
NMC811,Gd,4.30,0.38961,-1.308302,1,0.8246 Li1Mn0.1Co0.1Ni0.8O2 + 0.1754 Li4.8Gd0.2P1S4.4Cl1.6 -> 1.667 Li + 0.04035 Ni3S4 + 0.03509 Ni(PO3)2 + 0.08246 MnSO4 + 0.08246 Co(NiS2)2 + 0.03509 Gd(PO3)3 + 0.1404 NiCl2 + 0.1982 NiSO4
NMC811,Gd,4.30,0.408377,-1.314587,1,0.8129 Li1Mn0.1Co0.1Ni0.8O2 + 0.1871 Li4.8Gd0.2P1S4.4Cl1.6 -> 1.711 Li + 0.03741 Ni(PO3)2 + 0.08129 MnSO4 + 0.08129 Co(NiS2)2 + 0.1158 NiS2 + 0.03741 Gd(PO3)3 + 0.1496 NiCl2 + 0.1849 NiSO4
NMC811,Gd,4.30,0.44335,-1.324617,1,0.7902 Li1Mn0.1Co0.1Ni0.8O2 + 0.2098 Li4.8Gd0.2P1S4.4Cl1.6 -> 1.797 Li + 0.04196 Ni(PO3)2 + 0.07902 MnSO4 + 0.07902 CoS2 + 0.2636 NiS2 + 0.04196 Gd(PO3)3 + 0.1678 NiCl2 + 0.1587 NiSO4
NMC811,Gd,4.30,0.50625,-1.335173,1,0.7453 Li1Mn0.1Co0.1Ni0.8O2 + 0.2547 Li4.8Gd0.2P1S4.4Cl1.6 -> 1.968 Li + 0.05094 Ni(PO3)2 + 0.2142 SO2 + 0.07453 MnSO4 + 0.07453 CoS2 + 0.3415 NiS2 + 0.05094 Gd(PO3)3 + 0.2038 NiCl2
NMC811,Gd,4.30,0.525974,-1.337709,1,0.73 Li1Mn0.1Co0.1Ni0.8O2 + 0.27 Li4.8Gd0.2P1S4.4Cl1.6 -> 2.026 Li + 0.054 Mn(PO3)2 + 0.287 SO2 + 0.019 MnSO4 + 0.073 CoS2 + 0.368 NiS2 + 0.054 Gd(PO3)3 + 0.216 NiCl2
NMC811,Gd,4.30,0.6,-1.340011,1,0.6667 Li1Mn0.1Co0.1Ni0.8O2 + 0.3333 Li4.8Gd0.2P1S4.4Cl1.6 -> 2.267 Li + 0.06667 Mn(PO3)2 + 0.1667 SO2 + 0.3167 SCl + 0.06667 CoS2 + 0.425 NiS2 + 0.06667 Gd(PO3)3 + 0.1083 NiCl2
NMC811,Gd,4.30,0.656934,-1.341271,1,0.6104 Li1Mn0.1Co0.1Ni0.8O2 + 0.3896 Li4.8Gd0.2P1S4.4Cl1.6 -> 2.481 Li + 0.01688 Ni(PO3)2 + 0.06104 Mn(PO3)2 + 0.02597 SO2 + 0.6234 SCl + 0.06104 CoS2 + 0.4714 NiS2 + 0.07792 Gd(PO3)3
NMC811,Gd,4.30,0.662651,-1.340653,1,0.6043 Li1Mn0.1Co0.1Ni0.8O2 + 0.3957 Li4.8Gd0.2P1S4.4Cl1.6 -> 2.504 Li + 0.04173 Mn(PO3)2 + 0.01871 MnP4O11 + 0.02014 SO2 + 0.6331 SCl + 0.06043 CoS2 + 0.4835 NiS2 + 0.07914 Gd(PO3)3
NMC811,Gd,4.30,0.670588,-1.338952,1,0.5957 Li1Mn0.1Co0.1Ni0.8O2 + 0.4043 Li4.8Gd0.2P1S4.4Cl1.6 -> 2.536 Li + 0.0383 Mn(PO3)2 + 0.02128 MnP4O11 + 0.6468 SCl + 0.05957 CoS2 + 0.4766 NiS2 + 0.08085 Gd(PO3)3 + 0.05957 S
NMC811,Gd,4.30,0.697297,-1.324333,1,0.5657 Li1Mn0.1Co0.1Ni0.8O2 + 0.4343 Li4.8Gd0.2P1S4.4Cl1.6 -> 2.651 Li + 0.05455 Mn(PO3)2 + 0.00202 MnP4O11 + 0.6949 SCl + 0.02828 P2S7 + 0.05657 CoS2 + 0.4525 NiS2 + 0.08687 Gd(PO3)3
NMC811,Gd,4.30,0.7,-1.322763,1,0.5625 Li1Mn0.1Co0.1Ni0.8O2 + 0.4375 Li4.8Gd0.2P1S4.4Cl1.6 -> 2.663 Li + 0.05625 Mn(PO3)2 + 0.0007353 PCl5 + 0.6963 SCl + 0.03088 P2S7 + 0.05625 CoS2 + 0.45 NiS2 + 0.0875 Gd(PO3)3
NMC811,Gd,4.30,1.0,-1.122438,0,Li4.8Gd0.2P1S4.4Cl1.6 -> 4.8 Li + 0.01176 PCl5 + 0.9412 SCl + 0.4941 P2S7 + 0.2 GdCl3
NMC811,Gd,4.50,0.0,-0.299378,0,Li1Mn0.1Co0.1Ni0.8O2 -> Li + 0.1 Co(NiO2)2 + 0.1 Mn(Ni3O4)2 + 0.4 O2
NMC811,Gd,4.50,0.044776,-0.554945,1,0.9846 Li1Mn0.1Co0.1Ni0.8O2 + 0.01538 Li4.8Gd0.2P1S4.4Cl1.6 -> 1.058 Li + 0.09846 CoNiO3 + 0.01231 Ni(ClO4)2 + 0.006154 Ni3(PO4)2 + 0.09846 Mn(Ni3O4)2 + 0.003077 GdPO4 + 0.06769 NiSO4 + 0.2277 O2
NMC811,Gd,4.50,0.1,-0.875682,1,0.9643 Li1Mn0.1Co0.1Ni0.8O2 + 0.03571 Li4.8Gd0.2P1S4.4Cl1.6 -> 1.136 Li + 0.09643 CoNiO3 + 0.02857 Ni(ClO4)2 + 0.01429 Ni3(PO4)2 + 0.07 Mn(Ni3O4)2 + 0.02643 MnNiO3 + 0.007143 GdPO4 + 0.1571 NiSO4
NMC811,Gd,4.50,0.106796,-0.91035,1,0.9617 Li1Mn0.1Co0.1Ni0.8O2 + 0.03833 Li4.8Gd0.2P1S4.4Cl1.6 -> 1.146 Li + 0.03066 Ni(ClO4)2 + 0.01533 Ni3(PO4)2 + 0.08557 Mn(Ni3O4)2 + 0.01059 MnNiO3 + 0.007666 GdPO4 + 0.004181 Co23O32 + 0.1686 NiSO4
NMC811,Gd,4.50,0.145232,-1.101022,1,0.9464 Li1Mn0.1Co0.1Ni0.8O2 + 0.0536 Li4.8Gd0.2P1S4.4Cl1.6 -> 1.204 Li + 0.02144 Ni3(PO4)2 + 0.06389 Mn(Ni3O4)2 + 0.03075 MnNiO3 + 0.01072 GdPO4 + 0.004115 Co23O32 + 0.04288 NiCl2 + 0.2358 NiSO4
NMC811,Gd,4.50,0.146067,-1.104829,1,0.9461 Li1Mn0.1Co0.1Ni0.8O2 + 0.05394 Li4.8Gd0.2P1S4.4Cl1.6 -> 1.205 Li + 0.02158 Ni3(PO4)2 + 0.0634 Mn(Ni3O4)2 + 0.0312 MnNiO3 + 0.01079 GdPO4 + 0.04315 NiCl2 + 0.03154 Co3O4 + 0.2373 NiSO4
NMC811,Gd,4.50,0.148825,-1.114692,1,0.9449 Li1Mn0.1Co0.1Ni0.8O2 + 0.05507 Li4.8Gd0.2P1S4.4Cl1.6 -> 1.209 Li + 0.02203 Ni3(PO4)2 + 0.01362 Mn2CoO4 + 0.06725 Mn(Ni3O4)2 + 0.01101 GdPO4 + 0.04406 NiCl2 + 0.02696 Co3O4 + 0.2423 NiSO4
NMC811,Gd,4.50,0.151194,-1.123165,1,0.944 Li1Mn0.1Co0.1Ni0.8O2 + 0.05605 Li4.8Gd0.2P1S4.4Cl1.6 -> 1.213 Li + 0.008555 Mn2CoO4 + 0.07729 Mn(Ni3O4)2 + 0.01121 GdPO4 + 0.02242 Co3(PO4)2 + 0.04484 NiCl2 + 0.006195 Co3O4 + 0.2466 NiSO4
NMC811,Gd,4.50,0.151899,-1.125448,1,0.9437 Li1Mn0.1Co0.1Ni0.8O2 + 0.05634 Li4.8Gd0.2P1S4.4Cl1.6 -> 1.214 Li + 0.007042 Mn2CoO4 + 0.08028 Mn(Ni3O4)2 + 0.01127 GdPO4 + 0.02254 Co3(PO4)2 + 0.04507 NiCl2 + 0.2282 NiSO4 + 0.01972 CoSO4
NMC811,Gd,4.50,0.154639,-1.133797,1,0.9425 Li1Mn0.1Co0.1Ni0.8O2 + 0.05747 Li4.8Gd0.2P1S4.4Cl1.6 -> 1.218 Li + 0.02529 Mn2CoO4 + 0.04368 Mn(Ni3O4)2 + 0.01149 GdPO4 + 0.02299 Co3(PO4)2 + 0.1931 NiO + 0.04598 NiCl2 + 0.2529 NiSO4
NMC811,Gd,4.50,0.161677,-1.154689,1,0.9396 Li1Mn0.1Co0.1Ni0.8O2 + 0.0604 Li4.8Gd0.2P1S4.4Cl1.6 -> 1.23 Li + 0.02148 Mn2CoO4 + 0.01208 GdPO4 + 0.02416 Co3(PO4)2 + 0.4886 NiO + 0.05101 MnSO4 + 0.04832 NiCl2 + 0.2148 NiSO4
NMC811,Gd,4.50,0.164835,-1.163857,1,0.9383 Li1Mn0.1Co0.1Ni0.8O2 + 0.06173 Li4.8Gd0.2P1S4.4Cl1.6 -> 1.235 Li + 0.01235 GdPO4 + 0.02469 Co3(PO4)2 + 0.5432 NiO + 0.09383 MnSO4 + 0.04938 NiCl2 + 0.158 NiSO4 + 0.01975 CoSO4
NMC811,Gd,4.50,0.2,-1.205476,1,0.9231 Li1Mn0.1Co0.1Ni0.8O2 + 0.07692 Li4.8Gd0.2P1S4.4Cl1.6 -> 1.292 Li + 0.01538 GdPO4 + 0.03077 Co3(PO4)2 + 0.4034 NiO + 0.02735 Ni3S2 + 0.09231 MnSO4 + 0.06154 NiCl2 + 0.1915 NiSO4
NMC811,Gd,4.50,0.291829,-1.316448,1,0.8792 Li1Mn0.1Co0.1Ni0.8O2 + 0.1208 Li4.8Gd0.2P1S4.4Cl1.6 -> 1.459 Li + 0.019 Ni3(PO4)2 + 0.02415 GdPO4 + 0.02931 Co3(PO4)2 + 0.1063 Ni3S2 + 0.08792 MnSO4 + 0.09662 NiCl2 + 0.2309 NiSO4
NMC811,Gd,4.50,0.315789,-1.342712,1,0.8667 Li1Mn0.1Co0.1Ni0.8O2 + 0.1333 Li4.8Gd0.2P1S4.4Cl1.6 -> 1.507 Li + 0.05333 Ni3(PO4)2 + 0.02667 GdPO4 + 0.04333 Co2NiS4 + 0.05667 Ni3S2 + 0.08667 MnSO4 + 0.1067 NiCl2 + 0.2133 NiSO4
NMC811,Gd,4.50,0.338182,-1.366326,1,0.8545 Li1Mn0.1Co0.1Ni0.8O2 + 0.1455 Li4.8Gd0.2P1S4.4Cl1.6 -> 1.553 Li + 0.05822 Ni3(PO4)2 + 0.08545 Co(NiS2)2 + 0.02911 GdPO4 + 0.008451 Ni3S2 + 0.08545 MnSO4 + 0.1164 NiCl2 + 0.1962 NiSO4
NMC811,Gd,4.50,0.339557,-1.367739,1,0.8537 Li1Mn0.1Co0.1Ni0.8O2 + 0.1463 Li4.8Gd0.2P1S4.4Cl1.6 -> 1.556 Li + 0.002715 Ni9S8 + 0.05852 Ni3(PO4)2 + 0.08537 Co(NiS2)2 + 0.02926 GdPO4 + 0.08537 MnSO4 + 0.117 NiCl2 + 0.1952 NiSO4
NMC811,Gd,4.50,0.34202,-1.37014,1,0.8523 Li1Mn0.1Co0.1Ni0.8O2 + 0.1477 Li4.8Gd0.2P1S4.4Cl1.6 -> 1.561 Li + 0.05907 Ni3(PO4)2 + 0.007595 Ni3S4 + 0.08523 Co(NiS2)2 + 0.02954 GdPO4 + 0.08523 MnSO4 + 0.1181 NiCl2 + 0.1932 NiSO4
NMC811,Gd,4.50,0.359589,-1.381923,1,0.8423 Li1Mn0.1Co0.1Ni0.8O2 + 0.1577 Li4.8Gd0.2P1S4.4Cl1.6 -> 1.599 Li + 0.01937 Ni3S4 + 0.06306 Ni2P2O7 + 0.08423 Co(NiS2)2 + 0.03153 GdPO4 + 0.08423 MnSO4 + 0.1261 NiCl2 + 0.195 NiSO4
NMC811,Gd,4.50,0.379061,-1.393154,1,0.8309 Li1Mn0.1Co0.1Ni0.8O2 + 0.1691 Li4.8Gd0.2P1S4.4Cl1.6 -> 1.643 Li + 0.03285 Ni3S4 + 0.08309 Co(NiS2)2 + 0.06763 Ni(PO3)2 + 0.03382 GdPO4 + 0.08309 MnSO4 + 0.1353 NiCl2 + 0.1971 NiSO4
NMC811,Gd,4.50,0.384263,-1.395343,1,0.8278 Li1Mn0.1Co0.1Ni0.8O2 + 0.1722 Li4.8Gd0.2P1S4.4Cl1.6 -> 1.654 Li + 0.03653 Ni3S4 + 0.08278 Co(NiS2)2 + 0.01722 Gd2P4O13 + 0.05166 Ni(PO3)2 + 0.08278 MnSO4 + 0.1378 NiCl2 + 0.1977 NiSO4
NMC811,Gd,4.50,0.38961,-1.397504,1,0.8246 Li1Mn0.1Co0.1Ni0.8O2 + 0.1754 Li4.8Gd0.2P1S4.4Cl1.6 -> 1.667 Li + 0.04035 Ni3S4 + 0.08246 Co(NiS2)2 + 0.03509 Ni(PO3)2 + 0.03509 Gd(PO3)3 + 0.08246 MnSO4 + 0.1404 NiCl2 + 0.1982 NiSO4
NMC811,Gd,4.50,0.408377,-1.40497,1,0.8129 Li1Mn0.1Co0.1Ni0.8O2 + 0.1871 Li4.8Gd0.2P1S4.4Cl1.6 -> 1.711 Li + 0.08129 Co(NiS2)2 + 0.03741 Ni(PO3)2 + 0.1158 NiS2 + 0.03741 Gd(PO3)3 + 0.08129 MnSO4 + 0.1496 NiCl2 + 0.1849 NiSO4
NMC811,Gd,4.50,0.44335,-1.41723,1,0.7902 Li1Mn0.1Co0.1Ni0.8O2 + 0.2098 Li4.8Gd0.2P1S4.4Cl1.6 -> 1.797 Li + 0.04196 Ni(PO3)2 + 0.2636 NiS2 + 0.04196 Gd(PO3)3 + 0.07902 CoS2 + 0.07902 MnSO4 + 0.1678 NiCl2 + 0.1587 NiSO4
NMC811,Gd,4.50,0.50625,-1.431881,1,0.7453 Li1Mn0.1Co0.1Ni0.8O2 + 0.2547 Li4.8Gd0.2P1S4.4Cl1.6 -> 1.968 Li + 0.05094 Ni(PO3)2 + 0.3415 NiS2 + 0.05094 Gd(PO3)3 + 0.07453 CoS2 + 0.07453 MnSO4 + 0.2142 SO2 + 0.2038 NiCl2
NMC811,Gd,4.50,0.525974,-1.435725,1,0.73 Li1Mn0.1Co0.1Ni0.8O2 + 0.27 Li4.8Gd0.2P1S4.4Cl1.6 -> 2.026 Li + 0.368 NiS2 + 0.054 Mn(PO3)2 + 0.054 Gd(PO3)3 + 0.073 CoS2 + 0.019 MnSO4 + 0.287 SO2 + 0.216 NiCl2
NMC811,Gd,4.50,0.6,-1.443041,1,0.6667 Li1Mn0.1Co0.1Ni0.8O2 + 0.3333 Li4.8Gd0.2P1S4.4Cl1.6 -> 2.267 Li + 0.3167 SCl + 0.425 NiS2 + 0.06667 Mn(PO3)2 + 0.06667 Gd(PO3)3 + 0.06667 CoS2 + 0.1667 SO2 + 0.1083 NiCl2
NMC811,Gd,4.50,0.656934,-1.448274,1,0.6104 Li1Mn0.1Co0.1Ni0.8O2 + 0.3896 Li4.8Gd0.2P1S4.4Cl1.6 -> 2.481 Li + 0.6234 SCl + 0.01688 Ni(PO3)2 + 0.4714 NiS2 + 0.06104 Mn(PO3)2 + 0.07792 Gd(PO3)3 + 0.06104 CoS2 + 0.02597 SO2
NMC811,Gd,4.50,0.662651,-1.448061,1,0.6043 Li1Mn0.1Co0.1Ni0.8O2 + 0.3957 Li4.8Gd0.2P1S4.4Cl1.6 -> 2.504 Li + 0.6331 SCl + 0.4835 NiS2 + 0.04173 Mn(PO3)2 + 0.07914 Gd(PO3)3 + 0.01871 MnP4O11 + 0.06043 CoS2 + 0.02014 SO2
NMC811,Gd,4.50,0.670588,-1.446923,1,0.5957 Li1Mn0.1Co0.1Ni0.8O2 + 0.4043 Li4.8Gd0.2P1S4.4Cl1.6 -> 2.536 Li + 0.6468 SCl + 0.4766 NiS2 + 0.0383 Mn(PO3)2 + 0.08085 Gd(PO3)3 + 0.02128 MnP4O11 + 0.05957 CoS2 + 0.05957 S
NMC811,Gd,4.50,0.697297,-1.434216,1,0.5657 Li1Mn0.1Co0.1Ni0.8O2 + 0.4343 Li4.8Gd0.2P1S4.4Cl1.6 -> 2.651 Li + 0.02828 P2S7 + 0.6949 SCl + 0.4525 NiS2 + 0.05455 Mn(PO3)2 + 0.08687 Gd(PO3)3 + 0.00202 MnP4O11 + 0.05657 CoS2
NMC811,Gd,4.50,0.7,-1.43284,1,0.5625 Li1Mn0.1Co0.1Ni0.8O2 + 0.4375 Li4.8Gd0.2P1S4.4Cl1.6 -> 2.663 Li + 0.03088 P2S7 + 0.6963 SCl + 0.45 NiS2 + 0.05625 Mn(PO3)2 + 0.0875 Gd(PO3)3 + 0.05625 CoS2 + 0.0007353 PCl5
NMC811,Gd,4.50,1.0,-1.255771,0,Li4.8Gd0.2P1S4.4Cl1.6 -> 4.8 Li + 0.4941 P2S7 + 0.9412 SCl + 0.01176 PCl5 + 0.2 GdCl3
LiCoO2,Nd,2.50,0.0,0.0,0,LiCoO2 -> LiCoO2
LiCoO2,Nd,2.50,0.120482,-0.275097,0,0.04367 Li4.8Nd0.2P1S4.4Cl1.6 + 0.9563 LiCoO2 -> 0.5808 Li + 0.9563 CoO + 0.04367 Li3PO4 + 0.004367 Nd2O3 + 0.1921 Li2SO4 + 0.06987 LiCl
LiCoO2,Nd,2.50,0.120968,-0.27619,1,0.04386 Li4.8Nd0.2P1S4.4Cl1.6 + 0.9561 LiCoO2 -> 0.5877 Li + 0.002924 Nd3PO7 + 0.9561 CoO + 0.04094 Li3PO4 + 0.193 Li2SO4 + 0.07018 LiCl
LiCoO2,Nd,2.50,0.121951,-0.277502,1,0.04425 Li4.8Nd0.2P1S4.4Cl1.6 + 0.9558 LiCoO2 -> 0.6018 Li + 0.9558 CoO + 0.0354 Li3PO4 + 0.00885 NdPO4 + 0.1947 Li2SO4 + 0.0708 LiCl
LiCoO2,Nd,2.50,0.43554,-0.580954,1,0.2046 Li4.8Nd0.2P1S4.4Cl1.6 + 0.7954 LiCoO2 -> 0.5728 Li + 0.08838 Co9S8 + 0.1637 Li3PO4 + 0.04092 NdPO4 + 0.1931 Li2SO4 + 0.3273 LiCl
LiCoO2,Nd,2.50,0.504587,-0.602772,1,0.2535 Li4.8Nd0.2P1S4.4Cl1.6 + 0.7465 LiCoO2 -> 0.7097 Li + 0.2488 Co3S4 + 0.2028 Li3PO4 + 0.05069 NdPO4 + 0.1198 Li2SO4 + 0.4055 LiCl
LiCoO2,Nd,2.50,0.581395,-0.607931,1,0.3165 Li4.8Nd0.2P1S4.4Cl1.6 + 0.6835 LiCoO2 -> 0.8861 Li + 0.2532 Li3PO4 + 0.6835 CoS2 + 0.06329 NdPO4 + 0.02532 Li2SO4 + 0.5063 LiCl
LiCoO2,Nd,2.50,0.6,-0.596013,1,0.3333 Li4.8Nd0.2P1S4.4Cl1.6 + 0.6667 LiCoO2 -> 0.9 Li + 0.2667 Li3PO4 + 0.6667 CoS2 + 0.06667 NdPO4 + 0.5333 LiCl + 0.03333 LiS4
LiCoO2,Nd,2.50,0.882353,-0.241977,1,0.7143 Li4.8Nd0.2P1S4.4Cl1.6 + 0.2857 LiCoO2 -> 2.429 Li + 0.2857 P2S7 + 0.2857 CoS2 + 0.1429 NdPO4 + 1.143 LiCl + 0.1429 LiS4
LiCoO2,Nd,2.50,1.0,-0.075429,0,Li4.8Nd0.2P1S4.4Cl1.6 -> 3 Li + 0.4 P2S7 + 0.2 NdPS4 + 1.6 LiCl + 0.2 LiS4
LiCoO2,Nd,3.50,0.0,-0.013345,0,LiCoO2 -> 0.5 Li + 0.5 Li(CoO2)2
LiCoO2,Nd,3.50,0.084746,-0.369484,1,0.02994 Li4.8Nd0.2P1S4.4Cl1.6 + 0.9701 LiCoO2 -> 0.7305 Li + 0.005988 NdPO4 + 0.02395 Li3PO4 + 0.3234 Co3O4 + 0.1317 Li2SO4 + 0.0479 LiCl
LiCoO2,Nd,3.50,0.088757,-0.385168,1,0.03145 Li4.8Nd0.2P1S4.4Cl1.6 + 0.9686 LiCoO2 -> 0.7673 Li + 0.006289 NdPO4 + 0.02516 LiCoPO4 + 0.3145 Co3O4 + 0.1384 Li2SO4 + 0.05031 LiCl
LiCoO2,Nd,3.50,0.093168,-0.398809,1,0.03311 Li4.8Nd0.2P1S4.4Cl1.6 + 0.9669 LiCoO2 -> 0.8079 Li + 0.006623 NdPO4 + 0.02649 LiCoPO4 + 0.02649 CoCl2 + 0.3046 Co3O4 + 0.1457 Li2SO4
LiCoO2,Nd,3.50,0.095541,-0.406153,1,0.03401 Li4.8Nd0.2P1S4.4Cl1.6 + 0.966 LiCoO2 -> 0.8299 Li + 0.01361 Co3(PO4)2 + 0.006803 NdPO4 + 0.02721 CoCl2 + 0.2993 Co3O4 + 0.1497 Li2SO4
LiCoO2,Nd,3.50,0.111111,-0.45142,1,0.04 Li4.8Nd0.2P1S4.4Cl1.6 + 0.96 LiCoO2 -> 0.976 Li + 0.088 Li2Co(SO4)2 + 0.016 Co3(PO4)2 + 0.008 NdPO4 + 0.032 CoCl2 + 0.264 Co3O4
LiCoO2,Nd,3.50,0.132743,-0.513705,1,0.04854 Li4.8Nd0.2P1S4.4Cl1.6 + 0.9515 LiCoO2 -> 1.184 Li + 0.01942 Co3(PO4)2 + 0.2136 CoSO4 + 0.009709 NdPO4 + 0.03883 CoCl2 + 0.2136 Co3O4
LiCoO2,Nd,3.50,0.164835,-0.603598,1,0.06173 Li4.8Nd0.2P1S4.4Cl1.6 + 0.9383 LiCoO2 -> 1.235 Li + 0.5432 CoO + 0.02469 Co3(PO4)2 + 0.2716 CoSO4 + 0.01235 NdPO4 + 0.04938 CoCl2
LiCoO2,Nd,3.50,0.310597,-0.763256,1,0.1306 Li4.8Nd0.2P1S4.4Cl1.6 + 0.8694 LiCoO2 -> 1.496 Li + 0.05223 Co3(PO4)2 + 0.3041 CoSO4 + 0.03379 Co9S8 + 0.02611 NdPO4 + 0.1045 CoCl2
LiCoO2,Nd,3.50,0.34202,-0.7857,1,0.1477 Li4.8Nd0.2P1S4.4Cl1.6 + 0.8523 LiCoO2 -> 1.561 Li + 0.05907 Co3(PO4)2 + 0.2785 CoSO4 + 0.02954 NdPO4 + 0.09283 Co3S4 + 0.1181 CoCl2
LiCoO2,Nd,3.50,0.378151,-0.803478,1,0.1685 Li4.8Nd0.2P1S4.4Cl1.6 + 0.8315 LiCoO2 -> 1.64 Li + 0.06742 Co3(PO4)2 + 0.2472 CoSO4 + 0.03371 NdPO4 + 0.2472 CoS2 + 0.1348 CoCl2
LiCoO2,Nd,3.50,0.436893,-0.82679,1,0.2055 Li4.8Nd0.2P1S4.4Cl1.6 + 0.7945 LiCoO2 -> 1.74 Li + 0.02055 Co3(PO4)2 + 0.2329 CoSO4 + 0.0411 LiNd(PO3)4 + 0.3356 CoS2 + 0.1644 CoCl2
LiCoO2,Nd,3.50,0.444444,-0.829665,1,0.2105 Li4.8Nd0.2P1S4.4Cl1.6 + 0.7895 LiCoO2 -> 1.758 Li + 0.02105 Co2P2O7 + 0.2316 CoSO4 + 0.04211 LiNd(PO3)4 + 0.3474 CoS2 + 0.1684 CoCl2
LiCoO2,Nd,3.50,0.455312,-0.833485,1,0.2179 Li4.8Nd0.2P1S4.4Cl1.6 + 0.7821 LiCoO2 -> 1.77 Li + 0.01453 LiCo(PO3)3 + 0.2276 CoSO4 + 0.04358 LiNd(PO3)4 + 0.3656 CoS2 + 0.1743 CoCl2
LiCoO2,Nd,3.50,0.494505,-0.845085,1,0.2459 Li4.8Nd0.2P1S4.4Cl1.6 + 0.7541 LiCoO2 -> 1.676 Li + 0.01639 LiCo(PO3)3 + 0.09631 Li2Co(SO4)2 + 0.04918 LiNd(PO3)4 + 0.4447 CoS2 + 0.1967 CoCl2
LiCoO2,Nd,3.50,0.521437,-0.852512,1,0.2664 Li4.8Nd0.2P1S4.4Cl1.6 + 0.7336 LiCoO2 -> 1.607 Li + 0.01776 LiCo(PO3)3 + 0.05329 LiNd(PO3)4 + 0.5027 CoS2 + 0.2131 CoCl2 + 0.167 Li2SO4
LiCoO2,Nd,3.50,0.586701,-0.864219,1,0.3212 Li4.8Nd0.2P1S4.4Cl1.6 + 0.6788 LiCoO2 -> 1.424 Li + 0.02141 LiCo(PO3)3 + 0.06424 LiNd(PO3)4 + 0.6574 CoS2 + 0.0985 Li2SO4 + 0.5139 LiCl
LiCoO2,Nd,3.50,0.592885,-0.864767,1,0.3268 Li4.8Nd0.2P1S4.4Cl1.6 + 0.6732 LiCoO2 -> 1.405 Li + 0.06536 LiNd(PO3)4 + 0.6732 CoS2 + 0.0915 Li2SO4 + 0.06536 LiPO3 + 0.5229 LiCl
LiCoO2,Nd,3.50,0.666667,-0.858536,1,0.4 Li4.8Nd0.2P1S4.4Cl1.6 + 0.6 LiCoO2 -> 2.28 Li + 0.08 LiNd(PO3)4 + 0.56 SCl + 0.6 CoS2 + 0.08 LiPO3 + 0.08 LiCl
LiCoO2,Nd,3.50,0.672269,-0.856724,1,0.4061 Li4.8Nd0.2P1S4.4Cl1.6 + 0.5939 LiCoO2 -> 2.391 Li + 0.01015 PCl5 + 0.08122 LiNd(PO3)4 + 0.599 SCl + 0.5939 CoS2 + 0.07107 LiPO3
LiCoO2,Nd,3.50,0.714286,-0.828484,1,0.4545 Li4.8Nd0.2P1S4.4Cl1.6 + 0.5455 LiCoO2 -> 2.636 Li + 0.03743 P2S7 + 0.01604 PCl5 + 0.09091 LiNd(PO3)4 + 0.6471 SCl + 0.5455 CoS2
LiCoO2,Nd,3.50,1.0,-0.599198,0,Li4.8Nd0.2P1S4.4Cl1.6 -> 4.8 Li + 0.4941 P2S7 + 0.01176 PCl5 + 0.9412 SCl + 0.2 NdCl3
LiCoO2,Nd,4.30,0.0,-0.17822,0,LiCoO2 -> Li + CoO2
LiCoO2,Nd,4.30,0.087282,-0.599213,1,0.03089 Li4.8Nd0.2P1S4.4Cl1.6 + 0.9691 LiCoO2 -> 1.117 Li + 0.01236 Co3(PO4)2 + 0.02471 Co(ClO4)2 + 0.03354 Co23O32 + 0.006178 NdPO4 + 0.1359 CoSO4
LiCoO2,Nd,4.30,0.096953,-0.644509,1,0.03455 Li4.8Nd0.2P1S4.4Cl1.6 + 0.9654 LiCoO2 -> 1.131 Li + 0.01382 Co3(PO4)2 + 0.03356 Co23O32 + 0.00691 NdPO4 + 0.05528 ClO2 + 0.152 CoSO4
LiCoO2,Nd,4.30,0.125749,-0.778486,1,0.04575 Li4.8Nd0.2P1S4.4Cl1.6 + 0.9542 LiCoO2 -> 1.174 Li + 0.0183 Co3(PO4)2 + 0.02876 Co23O32 + 0.00915 NdPO4 + 0.0366 CoCl2 + 0.2013 CoSO4
LiCoO2,Nd,4.30,0.132743,-0.809463,1,0.04854 Li4.8Nd0.2P1S4.4Cl1.6 + 0.9515 LiCoO2 -> 1.184 Li + 0.01942 Co3(PO4)2 + 0.009709 NdPO4 + 0.03883 CoCl2 + 0.2136 Co3O4 + 0.2136 CoSO4
LiCoO2,Nd,4.30,0.164835,-0.906628,1,0.06173 Li4.8Nd0.2P1S4.4Cl1.6 + 0.9383 LiCoO2 -> 1.235 Li + 0.02469 Co3(PO4)2 + 0.01235 NdPO4 + 0.04938 CoCl2 + 0.5432 CoO + 0.2716 CoSO4
LiCoO2,Nd,4.30,0.310597,-1.100572,1,0.1306 Li4.8Nd0.2P1S4.4Cl1.6 + 0.8694 LiCoO2 -> 1.496 Li + 0.05223 Co3(PO4)2 + 0.02611 NdPO4 + 0.03379 Co9S8 + 0.1045 CoCl2 + 0.3041 CoSO4
LiCoO2,Nd,4.30,0.34202,-1.130689,1,0.1477 Li4.8Nd0.2P1S4.4Cl1.6 + 0.8523 LiCoO2 -> 1.561 Li + 0.05907 Co3(PO4)2 + 0.02954 NdPO4 + 0.1181 CoCl2 + 0.09283 Co3S4 + 0.2785 CoSO4
LiCoO2,Nd,4.30,0.378151,-1.157417,1,0.1685 Li4.8Nd0.2P1S4.4Cl1.6 + 0.8315 LiCoO2 -> 1.64 Li + 0.06742 Co3(PO4)2 + 0.03371 NdPO4 + 0.1348 CoCl2 + 0.2472 CoS2 + 0.2472 CoSO4
LiCoO2,Nd,4.30,0.401786,-1.172064,1,0.1829 Li4.8Nd0.2P1S4.4Cl1.6 + 0.8171 LiCoO2 -> 1.695 Li + 0.07317 Co2P2O7 + 0.03659 NdPO4 + 0.1463 CoCl2 + 0.2805 CoS2 + 0.2439 CoSO4
LiCoO2,Nd,4.30,0.428571,-1.18876,1,0.2 Li4.8Nd0.2P1S4.4Cl1.6 + 0.8 LiCoO2 -> 1.76 Li + 0.04 Co2P2O7 + 0.04 Nd(PO3)3 + 0.16 CoCl2 + 0.32 CoS2 + 0.24 CoSO4
LiCoO2,Nd,4.30,0.451128,-1.199073,1,0.2151 Li4.8Nd0.2P1S4.4Cl1.6 + 0.7849 LiCoO2 -> 1.817 Li + 0.02151 CoP4O11 + 0.04301 Nd(PO3)3 + 0.172 CoCl2 + 0.3548 CoS2 + 0.2366 CoSO4
LiCoO2,Nd,4.30,0.459184,-1.202373,1,0.2206 Li4.8Nd0.2P1S4.4Cl1.6 + 0.7794 LiCoO2 -> 1.838 Li + 0.04412 NdP5O14 + 0.1765 CoCl2 + 0.3676 CoS2 + 0.2353 CoSO4
LiCoO2,Nd,4.30,0.576923,-1.249585,1,0.3125 Li4.8Nd0.2P1S4.4Cl1.6 + 0.6875 LiCoO2 -> 2.187 Li + 0.0625 NdP5O14 + 0.125 SCl4 + 0.5625 CoS2 + 0.125 CoSO4
LiCoO2,Nd,4.30,0.625,-1.267829,1,0.3571 Li4.8Nd0.2P1S4.4Cl1.6 + 0.6429 LiCoO2 -> 2.357 Li + 0.07143 NdP5O14 + 0.1429 SCl4 + 0.6429 CoS2 + 0.1429 SO2
LiCoO2,Nd,4.30,0.681818,-1.284235,1,0.4167 Li4.8Nd0.2P1S4.4Cl1.6 + 0.5833 LiCoO2 -> 2.583 Li + 0.6667 SCl + 0.08333 NdP5O14 + 0.5833 CoS2
LiCoO2,Nd,4.30,0.769231,-1.244969,1,0.5263 Li4.8Nd0.2P1S4.4Cl1.6 + 0.4737 LiCoO2 -> 3 Li + 0.7183 SCl + 0.1053 Nd(PO3)3 + 0.4737 CoS2 + 0.02477 PCl5 + 0.09288 P2S7
LiCoO2,Nd,4.30,1.0,-1.132531,0,Li4.8Nd0.2P1S4.4Cl1.6 -> 4.8 Li + 0.9412 SCl + 0.01176 PCl5 + 0.4941 P2S7 + 0.2 NdCl3
LiCoO2,Nd,4.50,0.0,-0.244886,0,LiCoO2 -> Li + CoO2
LiCoO2,Nd,4.50,0.087282,-0.670618,1,0.03089 Li4.8Nd0.2P1S4.4Cl1.6 + 0.9691 LiCoO2 -> 1.117 Li + 0.02471 Co(ClO4)2 + 0.03354 Co23O32 + 0.01236 Co3(PO4)2 + 0.006178 NdPO4 + 0.1359 CoSO4
LiCoO2,Nd,4.50,0.096953,-0.716448,1,0.03455 Li4.8Nd0.2P1S4.4Cl1.6 + 0.9654 LiCoO2 -> 1.131 Li + 0.03356 Co23O32 + 0.01382 Co3(PO4)2 + 0.00691 NdPO4 + 0.05528 ClO2 + 0.152 CoSO4
LiCoO2,Nd,4.50,0.125749,-0.852032,1,0.04575 Li4.8Nd0.2P1S4.4Cl1.6 + 0.9542 LiCoO2 -> 1.174 Li + 0.02876 Co23O32 + 0.0183 Co3(PO4)2 + 0.00915 NdPO4 + 0.0366 CoCl2 + 0.2013 CoSO4
LiCoO2,Nd,4.50,0.132743,-0.883402,1,0.04854 Li4.8Nd0.2P1S4.4Cl1.6 + 0.9515 LiCoO2 -> 1.184 Li + 0.01942 Co3(PO4)2 + 0.009709 NdPO4 + 0.03883 CoCl2 + 0.2136 Co3O4 + 0.2136 CoSO4
LiCoO2,Nd,4.50,0.164835,-0.982386,1,0.06173 Li4.8Nd0.2P1S4.4Cl1.6 + 0.9383 LiCoO2 -> 1.235 Li + 0.02469 Co3(PO4)2 + 0.01235 NdPO4 + 0.5432 CoO + 0.04938 CoCl2 + 0.2716 CoSO4
LiCoO2,Nd,4.50,0.310597,-1.184901,1,0.1306 Li4.8Nd0.2P1S4.4Cl1.6 + 0.8694 LiCoO2 -> 1.496 Li + 0.03379 Co9S8 + 0.05223 Co3(PO4)2 + 0.02611 NdPO4 + 0.1045 CoCl2 + 0.3041 CoSO4
LiCoO2,Nd,4.50,0.34202,-1.216936,1,0.1477 Li4.8Nd0.2P1S4.4Cl1.6 + 0.8523 LiCoO2 -> 1.561 Li + 0.05907 Co3(PO4)2 + 0.02954 NdPO4 + 0.1181 CoCl2 + 0.09283 Co3S4 + 0.2785 CoSO4
LiCoO2,Nd,4.50,0.378151,-1.245902,1,0.1685 Li4.8Nd0.2P1S4.4Cl1.6 + 0.8315 LiCoO2 -> 1.64 Li + 0.2472 CoS2 + 0.06742 Co3(PO4)2 + 0.03371 NdPO4 + 0.1348 CoCl2 + 0.2472 CoSO4
LiCoO2,Nd,4.50,0.401786,-1.262031,1,0.1829 Li4.8Nd0.2P1S4.4Cl1.6 + 0.8171 LiCoO2 -> 1.695 Li + 0.07317 Co2P2O7 + 0.2805 CoS2 + 0.03659 NdPO4 + 0.1463 CoCl2 + 0.2439 CoSO4
LiCoO2,Nd,4.50,0.428571,-1.280427,1,0.2 Li4.8Nd0.2P1S4.4Cl1.6 + 0.8 LiCoO2 -> 1.76 Li + 0.04 Co2P2O7 + 0.32 CoS2 + 0.04 Nd(PO3)3 + 0.16 CoCl2 + 0.24 CoSO4
LiCoO2,Nd,4.50,0.451128,-1.292186,1,0.2151 Li4.8Nd0.2P1S4.4Cl1.6 + 0.7849 LiCoO2 -> 1.817 Li + 0.02151 CoP4O11 + 0.3548 CoS2 + 0.04301 Nd(PO3)3 + 0.172 CoCl2 + 0.2366 CoSO4
LiCoO2,Nd,4.50,0.459184,-1.296006,1,0.2206 Li4.8Nd0.2P1S4.4Cl1.6 + 0.7794 LiCoO2 -> 1.838 Li + 0.04412 NdP5O14 + 0.3676 CoS2 + 0.1765 CoCl2 + 0.2353 CoSO4
LiCoO2,Nd,4.50,0.576923,-1.351034,1,0.3125 Li4.8Nd0.2P1S4.4Cl1.6 + 0.6875 LiCoO2 -> 2.187 Li + 0.0625 NdP5O14 + 0.5625 CoS2 + 0.125 SCl4 + 0.125 CoSO4
LiCoO2,Nd,4.50,0.625,-1.372591,1,0.3571 Li4.8Nd0.2P1S4.4Cl1.6 + 0.6429 LiCoO2 -> 2.357 Li + 0.07143 NdP5O14 + 0.6429 CoS2 + 0.1429 SO2 + 0.1429 SCl4
LiCoO2,Nd,4.50,0.681818,-1.393007,1,0.4167 Li4.8Nd0.2P1S4.4Cl1.6 + 0.5833 LiCoO2 -> 2.583 Li + 0.08333 NdP5O14 + 0.6667 SCl + 0.5833 CoS2
LiCoO2,Nd,4.50,0.769231,-1.360121,1,0.5263 Li4.8Nd0.2P1S4.4Cl1.6 + 0.4737 LiCoO2 -> 3 Li + 0.7183 SCl + 0.4737 CoS2 + 0.1053 Nd(PO3)3 + 0.09288 P2S7 + 0.02477 PCl5
LiCoO2,Nd,4.50,1.0,-1.265865,0,Li4.8Nd0.2P1S4.4Cl1.6 -> 4.8 Li + 0.9412 SCl + 0.4941 P2S7 + 0.01176 PCl5 + 0.2 NdCl3
NMC811,Nd,2.50,0.0,-0.025971,0,Li1Mn0.1Co0.1Ni0.8O2 + 0.7 Li -> 0.1 Li2MnO3 + 0.8 NiO + 0.1 LiCoO2 + 0.7 Li2O
NMC811,Nd,2.50,0.0875,-0.386007,0,0.969 Li1Mn0.1Co0.1Ni0.8O2 + 0.03097 Li4.8Nd0.2P1S4.4Cl1.6 -> 0.4119 Li + 0.0969 Li2MnO3 + 0.7752 NiO + 0.03097 Li3PO4 + 0.0969 LiCoO2 + 0.003097 Nd2O3 + 0.1363 Li2SO4 + 0.04956 LiCl
NMC811,Nd,2.50,0.087866,-0.387107,0,0.9689 Li1Mn0.1Co0.1Ni0.8O2 + 0.03111 Li4.8Nd0.2P1S4.4Cl1.6 -> 0.4169 Li + 0.003111 Nd2MnNiO6 + 0.09378 Li2MnO3 + 0.772 NiO + 0.03111 Li3PO4 + 0.09689 LiCoO2 + 0.1369 Li2SO4 + 0.04978 LiCl
NMC811,Nd,2.50,0.088235,-0.387935,0,0.9688 Li1Mn0.1Co0.1Ni0.8O2 + 0.03125 Li4.8Nd0.2P1S4.4Cl1.6 -> 0.4187 Li + 0.09375 Li2MnO3 + 0.003125 Nd2MnCoO6 + 0.775 NiO + 0.03125 Li3PO4 + 0.09375 LiCoO2 + 0.1375 Li2SO4 + 0.05 LiCl
NMC811,Nd,2.50,0.088608,-0.388762,0,0.9686 Li1Mn0.1Co0.1Ni0.8O2 + 0.03139 Li4.8Nd0.2P1S4.4Cl1.6 -> 0.4206 Li + 0.09058 Li2MnO3 + 0.7749 NiO + 0.006278 NdMnO3 + 0.03139 Li3PO4 + 0.09686 LiCoO2 + 0.1381 Li2SO4 + 0.05022 LiCl
NMC811,Nd,2.50,0.1,-0.413272,0,0.9643 Li1Mn0.1Co0.1Ni0.8O2 + 0.03571 Li4.8Nd0.2P1S4.4Cl1.6 -> 0.4786 Li + 0.08929 Li2MnO3 + 0.7714 NiO + 0.09643 CoO + 0.007143 NdMnO3 + 0.03571 Li3PO4 + 0.1571 Li2SO4 + 0.05714 LiCl
NMC811,Nd,2.50,0.110204,-0.43526,0,0.9604 Li1Mn0.1Co0.1Ni0.8O2 + 0.03965 Li4.8Nd0.2P1S4.4Cl1.6 -> 0.5313 Li + 0.08811 LiMnO2 + 0.7683 NiO + 0.09604 CoO + 0.00793 NdMnO3 + 0.03965 Li3PO4 + 0.1744 Li2SO4 + 0.06344 LiCl
NMC811,Nd,2.50,0.115152,-0.445752,0,0.9584 Li1Mn0.1Co0.1Ni0.8O2 + 0.04158 Li4.8Nd0.2P1S4.4Cl1.6 -> 0.6009 Li + 0.04376 Mn2CoO4 + 0.7667 NiO + 0.05208 CoO + 0.008315 NdMnO3 + 0.04158 Li3PO4 + 0.1829 Li2SO4 + 0.06652 LiCl
NMC811,Nd,2.50,0.116779,-0.447797,0,0.9578 Li1Mn0.1Co0.1Ni0.8O2 + 0.04221 Li4.8Nd0.2P1S4.4Cl1.6 -> 0.5948 Li + 0.7662 NiO + 0.02911 Mn3O4 + 0.09578 CoO + 0.008443 NdMnO3 + 0.04221 Li3PO4 + 0.1857 Li2SO4 + 0.06754 LiCl
NMC811,Nd,2.50,0.118367,-0.44956,1,0.9572 Li1Mn0.1Co0.1Ni0.8O2 + 0.04284 Li4.8Nd0.2P1S4.4Cl1.6 -> 0.6145 Li + 0.7657 NiO + 0.03191 Mn3O4 + 0.09572 CoO + 0.03427 Li3PO4 + 0.008567 NdPO4 + 0.1885 Li2SO4 + 0.06854 LiCl
NMC811,Nd,2.50,0.197026,-0.51152,1,0.9244 Li1Mn0.1Co0.1Ni0.8O2 + 0.07561 Li4.8Nd0.2P1S4.4Cl1.6 -> 0.3195 Li + 0.03081 Mn3O4 + 0.09244 CoO + 0.06049 Li3PO4 + 0.01512 NdPO4 + 0.3327 Li2SO4 + 0.7395 Ni + 0.121 LiCl
NMC811,Nd,2.50,0.351351,-0.638484,1,0.8471 Li1Mn0.1Co0.1Ni0.8O2 + 0.1529 Li4.8Nd0.2P1S4.4Cl1.6 -> 0.5271 Li + 0.2259 Ni3S2 + 0.02824 Mn3O4 + 0.08471 CoO + 0.1224 Li3PO4 + 0.03059 NdPO4 + 0.2212 Li2SO4 + 0.2447 LiCl
NMC811,Nd,2.50,0.376923,-0.659243,1,0.8322 Li1Mn0.1Co0.1Ni0.8O2 + 0.1678 Li4.8Nd0.2P1S4.4Cl1.6 -> 0.5253 Li + 0.2219 Ni3S2 + 0.02774 Mn3O4 + 0.009247 Co9S8 + 0.1342 Li3PO4 + 0.03356 NdPO4 + 0.2205 Li2SO4 + 0.2685 LiCl
NMC811,Nd,2.50,0.378715,-0.660487,1,0.8311 Li1Mn0.1Co0.1Ni0.8O2 + 0.1689 Li4.8Nd0.2P1S4.4Cl1.6 -> 0.5144 Li + 0.2216 Ni3S2 + 0.009235 Co9S8 + 0.1351 Li3PO4 + 0.08311 MnO + 0.03378 NdPO4 + 0.2259 Li2SO4 + 0.2702 LiCl
NMC811,Nd,2.50,0.394958,-0.667856,1,0.8213 Li1Mn0.1Co0.1Ni0.8O2 + 0.1787 Li4.8Nd0.2P1S4.4Cl1.6 -> 0.5414 Li + 0.2053 Ni3S2 + 0.04106 Co2NiS4 + 0.143 Li3PO4 + 0.08213 MnO + 0.03574 NdPO4 + 0.2114 Li2SO4 + 0.2859 LiCl
NMC811,Nd,2.50,0.4,-0.669838,1,0.8182 Li1Mn0.1Co0.1Ni0.8O2 + 0.1818 Li4.8Nd0.2P1S4.4Cl1.6 -> 0.6727 Li + 0.2045 Ni3S2 + 0.08182 LiMnPO4 + 0.04091 Co2NiS4 + 0.06364 Li3PO4 + 0.03636 NdPO4 + 0.2273 Li2SO4 + 0.2909 LiCl
NMC811,Nd,2.50,0.419355,-0.676624,1,0.806 Li1Mn0.1Co0.1Ni0.8O2 + 0.194 Li4.8Nd0.2P1S4.4Cl1.6 -> 0.7045 Li + 0.1612 Ni3S2 + 0.0806 LiMnPO4 + 0.0806 Co(NiS2)2 + 0.07463 Li3PO4 + 0.03881 NdPO4 + 0.209 Li2SO4 + 0.3104 LiCl
NMC811,Nd,2.50,0.443299,-0.684289,1,0.7902 Li1Mn0.1Co0.1Ni0.8O2 + 0.2098 Li4.8Nd0.2P1S4.4Cl1.6 -> 0.7454 Li + 0.05268 Ni9S8 + 0.07902 LiMnPO4 + 0.07902 Co(NiS2)2 + 0.08878 Li3PO4 + 0.04195 NdPO4 + 0.1854 Li2SO4 + 0.3356 LiCl
NMC811,Nd,2.50,0.485714,-0.695693,1,0.7606 Li1Mn0.1Co0.1Ni0.8O2 + 0.2394 Li4.8Nd0.2P1S4.4Cl1.6 -> 0.8225 Li + 0.07606 LiMnPO4 + 0.07606 Co(NiS2)2 + 0.1155 Li3PO4 + 0.04789 NdPO4 + 0.1521 Ni3S4 + 0.1408 Li2SO4 + 0.3831 LiCl
NMC811,Nd,2.50,0.513514,-0.694923,1,0.7397 Li1Mn0.1Co0.1Ni0.8O2 + 0.2603 Li4.8Nd0.2P1S4.4Cl1.6 -> 0.7288 Li + 0.07397 Co(NiS2)2 + 0.2082 Li3PO4 + 0.05205 NdPO4 + 0.1479 Ni3S4 + 0.1096 Li2SO4 + 0.07397 MnS2 + 0.4164 LiCl
NMC811,Nd,2.50,0.560976,-0.675639,1,0.7013 Li1Mn0.1Co0.1Ni0.8O2 + 0.2987 Li4.8Nd0.2P1S4.4Cl1.6 -> 0.8364 Li + 0.07013 Co(NiS2)2 + 0.4208 NiS2 + 0.239 Li3PO4 + 0.05974 NdPO4 + 0.05195 Li2SO4 + 0.07013 MnS2 + 0.4779 LiCl
NMC811,Nd,2.50,0.581395,-0.665805,1,0.6835 Li1Mn0.1Co0.1Ni0.8O2 + 0.3165 Li4.8Nd0.2P1S4.4Cl1.6 -> 0.8861 Li + 0.5468 NiS2 + 0.2532 Li3PO4 + 0.06835 CoS2 + 0.06329 NdPO4 + 0.02532 Li2SO4 + 0.06835 MnS2 + 0.5063 LiCl
NMC811,Nd,2.50,0.6,-0.651548,1,0.6667 Li1Mn0.1Co0.1Ni0.8O2 + 0.3333 Li4.8Nd0.2P1S4.4Cl1.6 -> 0.9 Li + 0.5333 NiS2 + 0.2667 Li3PO4 + 0.06667 CoS2 + 0.06667 NdPO4 + 0.06667 MnS2 + 0.5333 LiCl + 0.03333 LiS4
NMC811,Nd,2.50,0.882353,-0.259431,1,0.2857 Li1Mn0.1Co0.1Ni0.8O2 + 0.7143 Li4.8Nd0.2P1S4.4Cl1.6 -> 2.429 Li + 0.2286 NiS2 + 0.2857 P2S7 + 0.02857 CoS2 + 0.1429 NdPO4 + 0.02857 MnS2 + 1.143 LiCl + 0.1429 LiS4
NMC811,Nd,2.50,1.0,-0.075429,0,Li4.8Nd0.2P1S4.4Cl1.6 -> 3 Li + 0.4 P2S7 + 0.2 NdPS4 + 1.6 LiCl + 0.2 LiS4
NMC811,Nd,3.50,0.0,-0.003246,0,Li1Mn0.1Co0.1Ni0.8O2 -> 0.4 Li + 0.36 Li(NiO2)2 + 0.02 Li4MnCo5O12 + 0.08 Li2MnO3 + 0.08 NiO
NMC811,Nd,3.50,0.071146,-0.442409,0,0.9751 Li1Mn0.1Co0.1Ni0.8O2 + 0.0249 Li4.8Nd0.2P1S4.4Cl1.6 -> 0.532 Li + 0.00249 Nd2MnNiO6 + 0.0195 Li4MnCo5O12 + 0.03983 LiClO4 + 0.07552 Li2MnO3 + 0.0249 Li3PO4 + 0.7776 NiO + 0.1095 Li2SO4
NMC811,Nd,3.50,0.07585,-0.470065,0,0.9734 Li1Mn0.1Co0.1Ni0.8O2 + 0.02663 Li4.8Nd0.2P1S4.4Cl1.6 -> 0.6163 Li + 0.002663 Nd2MnNiO6 + 0.02507 Li2Mn3NiO8 + 0.01947 Li4MnCo5O12 + 0.04261 LiClO4 + 0.02663 Li3PO4 + 0.751 NiO + 0.1172 Li2SO4
NMC811,Nd,3.50,0.076517,-0.473498,1,0.9731 Li1Mn0.1Co0.1Ni0.8O2 + 0.02688 Li4.8Nd0.2P1S4.4Cl1.6 -> 0.6284 Li + 0.02595 Li2Mn3NiO8 + 0.01946 Li4MnCo5O12 + 0.005375 NdPO4 + 0.043 LiClO4 + 0.0215 Li3PO4 + 0.7525 NiO + 0.1183 Li2SO4
NMC811,Nd,3.50,0.09699,-0.576167,1,0.9654 Li1Mn0.1Co0.1Ni0.8O2 + 0.03456 Li4.8Nd0.2P1S4.4Cl1.6 -> 0.5602 Li + 0.02574 Li2Mn3NiO8 + 0.01931 Li4MnCo5O12 + 0.006913 NdPO4 + 0.02765 Li3PO4 + 0.7466 NiO + 0.1521 Li2SO4 + 0.0553 LiCl
NMC811,Nd,3.50,0.1,-0.591203,1,0.9643 Li1Mn0.1Co0.1Ni0.8O2 + 0.03571 Li4.8Nd0.2P1S4.4Cl1.6 -> 0.6014 Li + 0.07714 Mn(Ni3O4)2 + 0.01929 Li4MnCo5O12 + 0.007143 NdPO4 + 0.02857 Li3PO4 + 0.3086 NiO + 0.1571 Li2SO4 + 0.05714 LiCl
NMC811,Nd,3.50,0.103448,-0.604561,1,0.963 Li1Mn0.1Co0.1Ni0.8O2 + 0.03704 Li4.8Nd0.2P1S4.4Cl1.6 -> 0.6489 Li + 0.07704 Mn(Ni3O4)2 + 0.01926 Li4MnCo5O12 + 0.007407 NdPO4 + 0.02963 NiCl2 + 0.02963 Li3PO4 + 0.2785 NiO + 0.163 Li2SO4
NMC811,Nd,3.50,0.107143,-0.618576,1,0.9615 Li1Mn0.1Co0.1Ni0.8O2 + 0.03846 Li4.8Nd0.2P1S4.4Cl1.6 -> 0.7 Li + 0.03077 LiNiPO4 + 0.07692 Mn(Ni3O4)2 + 0.01923 Li4MnCo5O12 + 0.007692 NdPO4 + 0.03077 NiCl2 + 0.2462 NiO + 0.1692 Li2SO4
NMC811,Nd,3.50,0.111111,-0.633441,1,0.96 Li1Mn0.1Co0.1Ni0.8O2 + 0.04 Li4.8Nd0.2P1S4.4Cl1.6 -> 0.7168 Li + 0.0832 Mn(Ni3O4)2 + 0.0128 Li4MnCo5O12 + 0.008 NdPO4 + 0.032 NiCl2 + 0.032 LiCoPO4 + 0.2368 NiO + 0.176 Li2SO4
NMC811,Nd,3.50,0.116418,-0.653204,1,0.9579 Li1Mn0.1Co0.1Ni0.8O2 + 0.04207 Li4.8Nd0.2P1S4.4Cl1.6 -> 0.756 Li + 0.09579 Mn(Ni3O4)2 + 0.008414 NdPO4 + 0.03366 NiCl2 + 0.03366 LiCoPO4 + 0.1579 NiO + 0.02071 Co3O4 + 0.1851 Li2SO4
NMC811,Nd,3.50,0.119266,-0.661724,1,0.9568 Li1Mn0.1Co0.1Ni0.8O2 + 0.04319 Li4.8Nd0.2P1S4.4Cl1.6 -> 0.7841 Li + 0.09568 Mn(Ni3O4)2 + 0.01728 Co3(PO4)2 + 0.008638 NdPO4 + 0.03455 NiCl2 + 0.1568 NiO + 0.01462 Co3O4 + 0.19 Li2SO4
NMC811,Nd,3.50,0.12605,-0.680655,1,0.9541 Li1Mn0.1Co0.1Ni0.8O2 + 0.04587 Li4.8Nd0.2P1S4.4Cl1.6 -> 0.8514 Li + 0.04037 Li2Co(SO4)2 + 0.09541 Mn(Ni3O4)2 + 0.01835 Co3(PO4)2 + 0.009174 NdPO4 + 0.0367 NiCl2 + 0.1541 NiO + 0.1211 Li2SO4
NMC811,Nd,3.50,0.146341,-0.737179,1,0.9459 Li1Mn0.1Co0.1Ni0.8O2 + 0.05405 Li4.8Nd0.2P1S4.4Cl1.6 -> 0.9676 Li + 0.02973 Li2Co(SO4)2 + 0.08919 Li2Mn(SO4)2 + 0.005405 Mn(Ni3O4)2 + 0.02162 Co3(PO4)2 + 0.01081 NdPO4 + 0.04324 NiCl2 + 0.6811 NiO
NMC811,Nd,3.50,0.146853,-0.73861,1,0.9457 Li1Mn0.1Co0.1Ni0.8O2 + 0.05426 Li4.8Nd0.2P1S4.4Cl1.6 -> 0.9674 Li + 0.02791 Li2Co(SO4)2 + 0.09147 Li2Mn(SO4)2 + 0.02171 Co3(PO4)2 + 0.00155 Mn2CoO4 + 0.01085 NdPO4 + 0.04341 NiCl2 + 0.7132 NiO
NMC811,Nd,3.50,0.147541,-0.740499,1,0.9455 Li1Mn0.1Co0.1Ni0.8O2 + 0.05455 Li4.8Nd0.2P1S4.4Cl1.6 -> 0.9745 Li + 0.02182 Li2Co(SO4)2 + 0.09455 Li2Mn(SO4)2 + 0.02182 Co3(PO4)2 + 0.007273 CoSO4 + 0.01091 NdPO4 + 0.04364 NiCl2 + 0.7127 NiO
NMC811,Nd,3.50,0.150838,-0.74939,1,0.9441 Li1Mn0.1Co0.1Ni0.8O2 + 0.0559 Li4.8Nd0.2P1S4.4Cl1.6 -> 1.024 Li + 0.09441 Li2Mn(SO4)2 + 0.02236 Co3(PO4)2 + 0.02733 CoSO4 + 0.01118 NdPO4 + 0.04472 NiCl2 + 0.02981 NiSO4 + 0.6807 NiO
NMC811,Nd,3.50,0.164835,-0.785567,1,0.9383 Li1Mn0.1Co0.1Ni0.8O2 + 0.06173 Li4.8Nd0.2P1S4.4Cl1.6 -> 1.235 Li + 0.02469 Co3(PO4)2 + 0.01975 CoSO4 + 0.01235 NdPO4 + 0.04938 NiCl2 + 0.158 NiSO4 + 0.5432 NiO + 0.09383 MnSO4
NMC811,Nd,3.50,0.2,-0.817196,1,0.9231 Li1Mn0.1Co0.1Ni0.8O2 + 0.07692 Li4.8Nd0.2P1S4.4Cl1.6 -> 1.292 Li + 0.02735 Ni3S2 + 0.03077 Co3(PO4)2 + 0.01538 NdPO4 + 0.06154 NiCl2 + 0.1915 NiSO4 + 0.4034 NiO + 0.09231 MnSO4
NMC811,Nd,3.50,0.291829,-0.901376,1,0.8792 Li1Mn0.1Co0.1Ni0.8O2 + 0.1208 Li4.8Nd0.2P1S4.4Cl1.6 -> 1.459 Li + 0.1063 Ni3S2 + 0.019 Ni3(PO4)2 + 0.02931 Co3(PO4)2 + 0.02415 NdPO4 + 0.09662 NiCl2 + 0.2309 NiSO4 + 0.08792 MnSO4
NMC811,Nd,3.50,0.315789,-0.920476,1,0.8667 Li1Mn0.1Co0.1Ni0.8O2 + 0.1333 Li4.8Nd0.2P1S4.4Cl1.6 -> 1.507 Li + 0.05667 Ni3S2 + 0.05333 Ni3(PO4)2 + 0.04333 Co2NiS4 + 0.02667 NdPO4 + 0.1067 NiCl2 + 0.2133 NiSO4 + 0.08667 MnSO4
NMC811,Nd,3.50,0.338182,-0.937329,1,0.8545 Li1Mn0.1Co0.1Ni0.8O2 + 0.1455 Li4.8Nd0.2P1S4.4Cl1.6 -> 1.553 Li + 0.008451 Ni3S2 + 0.05822 Ni3(PO4)2 + 0.08545 Co(NiS2)2 + 0.02911 NdPO4 + 0.1164 NiCl2 + 0.1962 NiSO4 + 0.08545 MnSO4
NMC811,Nd,3.50,0.339557,-0.938324,1,0.8537 Li1Mn0.1Co0.1Ni0.8O2 + 0.1463 Li4.8Nd0.2P1S4.4Cl1.6 -> 1.556 Li + 0.05852 Ni3(PO4)2 + 0.002715 Ni9S8 + 0.08537 Co(NiS2)2 + 0.02926 NdPO4 + 0.117 NiCl2 + 0.1952 NiSO4 + 0.08537 MnSO4
NMC811,Nd,3.50,0.34202,-0.939977,1,0.8523 Li1Mn0.1Co0.1Ni0.8O2 + 0.1477 Li4.8Nd0.2P1S4.4Cl1.6 -> 1.561 Li + 0.05907 Ni3(PO4)2 + 0.08523 Co(NiS2)2 + 0.02954 NdPO4 + 0.1181 NiCl2 + 0.1932 NiSO4 + 0.007595 Ni3S4 + 0.08523 MnSO4
NMC811,Nd,3.50,0.359589,-0.946401,1,0.8423 Li1Mn0.1Co0.1Ni0.8O2 + 0.1577 Li4.8Nd0.2P1S4.4Cl1.6 -> 1.599 Li + 0.06306 Ni2P2O7 + 0.08423 Co(NiS2)2 + 0.03153 NdPO4 + 0.1261 NiCl2 + 0.195 NiSO4 + 0.01937 Ni3S4 + 0.08423 MnSO4
NMC811,Nd,3.50,0.379061,-0.951644,1,0.8309 Li1Mn0.1Co0.1Ni0.8O2 + 0.1691 Li4.8Nd0.2P1S4.4Cl1.6 -> 1.643 Li + 0.06763 Ni(PO3)2 + 0.08309 Co(NiS2)2 + 0.03382 NdPO4 + 0.1353 NiCl2 + 0.1971 NiSO4 + 0.03285 Ni3S4 + 0.08309 MnSO4
NMC811,Nd,3.50,0.38961,-0.954016,0,0.8246 Li1Mn0.1Co0.1Ni0.8O2 + 0.1754 Li4.8Nd0.2P1S4.4Cl1.6 -> 1.667 Li + 0.08772 Ni(PO3)2 + 0.01754 Nd2(SO4)3 + 0.08246 Co(NiS2)2 + 0.1404 NiCl2 + 0.1456 NiSO4 + 0.04035 Ni3S4 + 0.08246 MnSO4
NMC811,Nd,3.50,0.415631,-0.957356,0,0.8084 Li1Mn0.1Co0.1Ni0.8O2 + 0.1916 Li4.8Nd0.2P1S4.4Cl1.6 -> 1.567 Li + 0.09582 Ni(PO3)2 + 0.01916 Nd2(SO4)3 + 0.08084 Li2Mn(SO4)2 + 0.08084 Co(NiS2)2 + 0.1533 NiCl2 + 0.04128 NiSO4 + 0.06486 Ni3S4
NMC811,Nd,3.50,0.44335,-0.959842,0,0.7902 Li1Mn0.1Co0.1Ni0.8O2 + 0.2098 Li4.8Nd0.2P1S4.4Cl1.6 -> 1.639 Li + 0.1049 Ni(PO3)2 + 0.02098 Nd2(SO4)3 + 0.07902 Li2Mn(SO4)2 + 0.1846 NiS2 + 0.07902 Co(NiS2)2 + 0.1678 NiCl2 + 0.01678 NiSO4
NMC811,Nd,3.50,0.448399,-0.960208,0,0.7868 Li1Mn0.1Co0.1Ni0.8O2 + 0.2132 Li4.8Nd0.2P1S4.4Cl1.6 -> 1.628 Li + 0.1066 Ni(PO3)2 + 0.02132 Nd2(SO4)3 + 0.07868 Li2Mn(SO4)2 + 0.1949 NiS2 + 0.07868 Co(NiS2)2 + 0.1706 NiCl2 + 0.01218 Li2SO4
NMC811,Nd,3.50,0.475472,-0.962075,1,0.768 Li1Mn0.1Co0.1Ni0.8O2 + 0.232 Li4.8Nd0.2P1S4.4Cl1.6 -> 1.569 Li + 0.0232 Ni(PO3)2 + 0.0768 Li2Mn(SO4)2 + 0.2519 NiS2 + 0.0768 Co(NiS2)2 + 0.04641 LiNd(PO3)4 + 0.1856 NiCl2 + 0.05635 Li2SO4
NMC811,Nd,3.50,0.498195,-0.962621,1,0.7514 Li1Mn0.1Co0.1Ni0.8O2 + 0.2486 Li4.8Nd0.2P1S4.4Cl1.6 -> 1.667 Li + 0.02486 Ni(PO3)2 + 0.07514 Li2Mn(SO4)2 + 0.3773 NiS2 + 0.04973 LiNd(PO3)4 + 0.07514 CoS2 + 0.1989 NiCl2 + 0.03892 Li2SO4
NMC811,Nd,3.50,0.505495,-0.962305,1,0.7459 Li1Mn0.1Co0.1Ni0.8O2 + 0.2541 Li4.8Nd0.2P1S4.4Cl1.6 -> 1.649 Li + 0.04917 Li2Mn(SO4)2 + 0.3934 NiS2 + 0.05083 LiNd(PO3)4 + 0.07459 CoS2 + 0.2033 NiCl2 + 0.08398 Li2SO4 + 0.02541 Mn(PO3)2
NMC811,Nd,3.50,0.62069,-0.930603,1,0.6471 Li1Mn0.1Co0.1Ni0.8O2 + 0.3529 Li4.8Nd0.2P1S4.4Cl1.6 -> 2.212 Li + 0.02941 Li2Mn(SO4)2 + 0.4588 NiS2 + 0.07059 LiNd(PO3)4 + 0.4471 SCl + 0.06471 CoS2 + 0.05882 NiCl2 + 0.03529 Mn(PO3)2
NMC811,Nd,3.50,0.656555,-0.92005,1,0.6108 Li1Mn0.1Co0.1Ni0.8O2 + 0.3892 Li4.8Nd0.2P1S4.4Cl1.6 -> 2.395 Li + 0.006744 Li2Mn(SO4)2 + 0.4886 NiS2 + 0.07013 LiNd(PO3)4 + 0.5996 SCl + 0.06108 CoS2 + 0.007707 NdCl3 + 0.05434 Mn(PO3)2
NMC811,Nd,3.50,0.657845,-0.919605,1,0.6094 Li1Mn0.1Co0.1Ni0.8O2 + 0.3906 Li4.8Nd0.2P1S4.4Cl1.6 -> 2.411 Li + 0.4875 NiS2 + 0.07306 LiNd(PO3)4 + 0.6098 SCl + 0.06094 CoS2 + 0.01178 MnSO4 + 0.005051 NdCl3 + 0.04916 Mn(PO3)2
NMC811,Nd,3.50,0.658537,-0.91924,1,0.6087 Li1Mn0.1Co0.1Ni0.8O2 + 0.3913 Li4.8Nd0.2P1S4.4Cl1.6 -> 2.42 Li + 0.003623 Nd2(SO4)3 + 0.487 NiS2 + 0.06739 LiNd(PO3)4 + 0.6152 SCl + 0.06087 CoS2 + 0.003623 NdCl3 + 0.06087 Mn(PO3)2
NMC811,Nd,3.50,0.666667,-0.914939,1,0.6 Li1Mn0.1Co0.1Ni0.8O2 + 0.4 Li4.8Nd0.2P1S4.4Cl1.6 -> 2.45 Li + 0.48 NiS2 + 0.07 LiNd(PO3)4 + 0.61 SCl + 0.06 CoS2 + 0.01 NdCl3 + 0.06 Mn(PO3)2 + 0.07 S
NMC811,Nd,3.50,0.846154,-0.751671,1,0.3529 Li1Mn0.1Co0.1Ni0.8O2 + 0.6471 Li4.8Nd0.2P1S4.4Cl1.6 -> 3.418 Li + 0.2059 P2S7 + 0.2824 NiS2 + 0.04118 LiNd(PO3)4 + 0.7706 SCl + 0.03529 CoS2 + 0.08824 NdCl3 + 0.03529 Mn(PO3)2
NMC811,Nd,3.50,1.0,-0.599198,0,Li4.8Nd0.2P1S4.4Cl1.6 -> 4.8 Li + 0.4941 P2S7 + 0.01176 PCl5 + 0.9412 SCl + 0.2 NdCl3
NMC811,Nd,4.30,0.0,-0.232711,0,Li1Mn0.1Co0.1Ni0.8O2 -> Li + 0.1 Co(NiO2)2 + 0.1 Mn(Ni3O4)2 + 0.4 O2
NMC811,Nd,4.30,0.044776,-0.486,1,0.9846 Li1Mn0.1Co0.1Ni0.8O2 + 0.01538 Li4.8Nd0.2P1S4.4Cl1.6 -> 1.058 Li + 0.09846 Mn(Ni3O4)2 + 0.01231 Ni(ClO4)2 + 0.006154 Ni3(PO4)2 + 0.003077 NdPO4 + 0.09846 CoNiO3 + 0.06769 NiSO4 + 0.2277 O2
NMC811,Nd,4.30,0.050847,-0.520677,1,0.9825 Li1Mn0.1Co0.1Ni0.8O2 + 0.01754 Li4.8Nd0.2P1S4.4Cl1.6 -> 1.039 Li + 0.02807 LiClO4 + 0.09825 Mn(Ni3O4)2 + 0.007018 Ni3(PO4)2 + 0.003509 NdPO4 + 0.09825 CoNiO3 + 0.07719 NiSO4 + 0.1965 O2
NMC811,Nd,4.30,0.096774,-0.785253,1,0.9655 Li1Mn0.1Co0.1Ni0.8O2 + 0.03448 Li4.8Nd0.2P1S4.4Cl1.6 -> 1.076 Li + 0.01931 MnNiO3 + 0.05517 LiClO4 + 0.07724 Mn(Ni3O4)2 + 0.01379 Ni3(PO4)2 + 0.006897 NdPO4 + 0.09655 CoNiO3 + 0.1517 NiSO4
NMC811,Nd,4.30,0.1,-0.803871,1,0.9643 Li1Mn0.1Co0.1Ni0.8O2 + 0.03571 Li4.8Nd0.2P1S4.4Cl1.6 -> 1.136 Li + 0.02643 MnNiO3 + 0.07 Mn(Ni3O4)2 + 0.02857 Ni(ClO4)2 + 0.01429 Ni3(PO4)2 + 0.007143 NdPO4 + 0.09643 CoNiO3 + 0.1571 NiSO4
NMC811,Nd,4.30,0.106796,-0.838182,1,0.9617 Li1Mn0.1Co0.1Ni0.8O2 + 0.03833 Li4.8Nd0.2P1S4.4Cl1.6 -> 1.146 Li + 0.01059 MnNiO3 + 0.08557 Mn(Ni3O4)2 + 0.03066 Ni(ClO4)2 + 0.01533 Ni3(PO4)2 + 0.004181 Co23O32 + 0.007666 NdPO4 + 0.1686 NiSO4
NMC811,Nd,4.30,0.145232,-1.026815,1,0.9464 Li1Mn0.1Co0.1Ni0.8O2 + 0.0536 Li4.8Nd0.2P1S4.4Cl1.6 -> 1.204 Li + 0.03075 MnNiO3 + 0.06389 Mn(Ni3O4)2 + 0.02144 Ni3(PO4)2 + 0.004115 Co23O32 + 0.01072 NdPO4 + 0.04288 NiCl2 + 0.2358 NiSO4
NMC811,Nd,4.30,0.146067,-1.030578,1,0.9461 Li1Mn0.1Co0.1Ni0.8O2 + 0.05394 Li4.8Nd0.2P1S4.4Cl1.6 -> 1.205 Li + 0.0312 MnNiO3 + 0.0634 Mn(Ni3O4)2 + 0.02158 Ni3(PO4)2 + 0.01079 NdPO4 + 0.04315 NiCl2 + 0.03154 Co3O4 + 0.2373 NiSO4
NMC811,Nd,4.30,0.148825,-1.040293,1,0.9449 Li1Mn0.1Co0.1Ni0.8O2 + 0.05507 Li4.8Nd0.2P1S4.4Cl1.6 -> 1.209 Li + 0.06725 Mn(Ni3O4)2 + 0.01362 Mn2CoO4 + 0.02203 Ni3(PO4)2 + 0.01101 NdPO4 + 0.04406 NiCl2 + 0.02696 Co3O4 + 0.2423 NiSO4
NMC811,Nd,4.30,0.151194,-1.048639,1,0.944 Li1Mn0.1Co0.1Ni0.8O2 + 0.05605 Li4.8Nd0.2P1S4.4Cl1.6 -> 1.213 Li + 0.07729 Mn(Ni3O4)2 + 0.02242 Co3(PO4)2 + 0.008555 Mn2CoO4 + 0.01121 NdPO4 + 0.04484 NiCl2 + 0.006195 Co3O4 + 0.2466 NiSO4
NMC811,Nd,4.30,0.151899,-1.050884,1,0.9437 Li1Mn0.1Co0.1Ni0.8O2 + 0.05634 Li4.8Nd0.2P1S4.4Cl1.6 -> 1.214 Li + 0.08028 Mn(Ni3O4)2 + 0.02254 Co3(PO4)2 + 0.007042 Mn2CoO4 + 0.01127 NdPO4 + 0.04507 NiCl2 + 0.2282 NiSO4 + 0.01972 CoSO4
NMC811,Nd,4.30,0.154639,-1.059086,1,0.9425 Li1Mn0.1Co0.1Ni0.8O2 + 0.05747 Li4.8Nd0.2P1S4.4Cl1.6 -> 1.218 Li + 0.04368 Mn(Ni3O4)2 + 0.02299 Co3(PO4)2 + 0.02529 Mn2CoO4 + 0.01149 NdPO4 + 0.04598 NiCl2 + 0.1931 NiO + 0.2529 NiSO4
NMC811,Nd,4.30,0.161677,-1.0796,1,0.9396 Li1Mn0.1Co0.1Ni0.8O2 + 0.0604 Li4.8Nd0.2P1S4.4Cl1.6 -> 1.23 Li + 0.02416 Co3(PO4)2 + 0.02148 Mn2CoO4 + 0.01208 NdPO4 + 0.05101 MnSO4 + 0.04832 NiCl2 + 0.4886 NiO + 0.2148 NiSO4
NMC811,Nd,4.30,0.164835,-1.088597,1,0.9383 Li1Mn0.1Co0.1Ni0.8O2 + 0.06173 Li4.8Nd0.2P1S4.4Cl1.6 -> 1.235 Li + 0.02469 Co3(PO4)2 + 0.01235 NdPO4 + 0.09383 MnSO4 + 0.04938 NiCl2 + 0.5432 NiO + 0.158 NiSO4 + 0.01975 CoSO4
NMC811,Nd,4.30,0.2,-1.128307,1,0.9231 Li1Mn0.1Co0.1Ni0.8O2 + 0.07692 Li4.8Nd0.2P1S4.4Cl1.6 -> 1.292 Li + 0.03077 Co3(PO4)2 + 0.01538 NdPO4 + 0.02735 Ni3S2 + 0.09231 MnSO4 + 0.06154 NiCl2 + 0.4034 NiO + 0.1915 NiSO4
NMC811,Nd,4.30,0.291829,-1.234158,1,0.8792 Li1Mn0.1Co0.1Ni0.8O2 + 0.1208 Li4.8Nd0.2P1S4.4Cl1.6 -> 1.459 Li + 0.02931 Co3(PO4)2 + 0.019 Ni3(PO4)2 + 0.02415 NdPO4 + 0.1063 Ni3S2 + 0.08792 MnSO4 + 0.09662 NiCl2 + 0.2309 NiSO4
NMC811,Nd,4.30,0.315789,-1.259053,1,0.8667 Li1Mn0.1Co0.1Ni0.8O2 + 0.1333 Li4.8Nd0.2P1S4.4Cl1.6 -> 1.507 Li + 0.05333 Ni3(PO4)2 + 0.02667 NdPO4 + 0.05667 Ni3S2 + 0.08667 MnSO4 + 0.1067 NiCl2 + 0.04333 Co2NiS4 + 0.2133 NiSO4
NMC811,Nd,4.30,0.338182,-1.281375,1,0.8545 Li1Mn0.1Co0.1Ni0.8O2 + 0.1455 Li4.8Nd0.2P1S4.4Cl1.6 -> 1.553 Li + 0.05822 Ni3(PO4)2 + 0.02911 NdPO4 + 0.08545 Co(NiS2)2 + 0.008451 Ni3S2 + 0.08545 MnSO4 + 0.1164 NiCl2 + 0.1962 NiSO4
NMC811,Nd,4.30,0.339557,-1.282707,1,0.8537 Li1Mn0.1Co0.1Ni0.8O2 + 0.1463 Li4.8Nd0.2P1S4.4Cl1.6 -> 1.556 Li + 0.05852 Ni3(PO4)2 + 0.02926 NdPO4 + 0.08537 Co(NiS2)2 + 0.002715 Ni9S8 + 0.08537 MnSO4 + 0.117 NiCl2 + 0.1952 NiSO4
NMC811,Nd,4.30,0.34202,-1.284965,1,0.8523 Li1Mn0.1Co0.1Ni0.8O2 + 0.1477 Li4.8Nd0.2P1S4.4Cl1.6 -> 1.561 Li + 0.05907 Ni3(PO4)2 + 0.02954 NdPO4 + 0.08523 Co(NiS2)2 + 0.08523 MnSO4 + 0.1181 NiCl2 + 0.007595 Ni3S4 + 0.1932 NiSO4
NMC811,Nd,4.30,0.359589,-1.295724,1,0.8423 Li1Mn0.1Co0.1Ni0.8O2 + 0.1577 Li4.8Nd0.2P1S4.4Cl1.6 -> 1.599 Li + 0.06306 Ni2P2O7 + 0.03153 NdPO4 + 0.08423 Co(NiS2)2 + 0.08423 MnSO4 + 0.1261 NiCl2 + 0.01937 Ni3S4 + 0.195 NiSO4
NMC811,Nd,4.30,0.379061,-1.305811,1,0.8309 Li1Mn0.1Co0.1Ni0.8O2 + 0.1691 Li4.8Nd0.2P1S4.4Cl1.6 -> 1.643 Li + 0.06763 Ni(PO3)2 + 0.03382 NdPO4 + 0.08309 Co(NiS2)2 + 0.08309 MnSO4 + 0.1353 NiCl2 + 0.03285 Ni3S4 + 0.1971 NiSO4
NMC811,Nd,4.30,0.38961,-1.310823,0,0.8246 Li1Mn0.1Co0.1Ni0.8O2 + 0.1754 Li4.8Nd0.2P1S4.4Cl1.6 -> 1.667 Li + 0.08772 Ni(PO3)2 + 0.01754 Nd2(SO4)3 + 0.08246 Co(NiS2)2 + 0.08246 MnSO4 + 0.1404 NiCl2 + 0.04035 Ni3S4 + 0.1456 NiSO4
NMC811,Nd,4.30,0.408377,-1.31724,0,0.8129 Li1Mn0.1Co0.1Ni0.8O2 + 0.1871 Li4.8Nd0.2P1S4.4Cl1.6 -> 1.711 Li + 0.09353 Ni(PO3)2 + 0.1158 NiS2 + 0.01871 Nd2(SO4)3 + 0.08129 Co(NiS2)2 + 0.08129 MnSO4 + 0.1496 NiCl2 + 0.1288 NiSO4
NMC811,Nd,4.30,0.44335,-1.32752,0,0.7902 Li1Mn0.1Co0.1Ni0.8O2 + 0.2098 Li4.8Nd0.2P1S4.4Cl1.6 -> 1.797 Li + 0.1049 Ni(PO3)2 + 0.2636 NiS2 + 0.02098 Nd2(SO4)3 + 0.07902 CoS2 + 0.07902 MnSO4 + 0.1678 NiCl2 + 0.0958 NiSO4
NMC811,Nd,4.30,0.47929,-1.333776,0,0.7652 Li1Mn0.1Co0.1Ni0.8O2 + 0.2348 Li4.8Nd0.2P1S4.4Cl1.6 -> 1.892 Li + 0.1174 Ni(PO3)2 + 0.307 NiS2 + 0.02348 Nd2(SO4)3 + 0.07652 CoS2 + 0.07652 MnSO4 + 0.1191 SO2 + 0.1878 NiCl2
NMC811,Nd,4.30,0.505618,-1.33725,0,0.7458 Li1Mn0.1Co0.1Ni0.8O2 + 0.2542 Li4.8Nd0.2P1S4.4Cl1.6 -> 1.966 Li + 0.05254 Ni(PO3)2 + 0.3407 NiS2 + 0.02542 Nd2(SO4)3 + 0.07458 CoS2 + 0.2119 SO2 + 0.2034 NiCl2 + 0.07458 Mn(PO3)2
NMC811,Nd,4.30,0.525974,-1.339224,1,0.73 Li1Mn0.1Co0.1Ni0.8O2 + 0.27 Li4.8Nd0.2P1S4.4Cl1.6 -> 2.026 Li + 0.368 NiS2 + 0.006333 Nd2(SO4)3 + 0.04133 Nd(PO3)3 + 0.073 CoS2 + 0.287 SO2 + 0.216 NiCl2 + 0.073 Mn(PO3)2
NMC811,Nd,4.30,0.6,-1.341504,1,0.6667 Li1Mn0.1Co0.1Ni0.8O2 + 0.3333 Li4.8Nd0.2P1S4.4Cl1.6 -> 2.267 Li + 0.3167 SCl + 0.425 NiS2 + 0.06667 Nd(PO3)3 + 0.06667 CoS2 + 0.1667 SO2 + 0.1083 NiCl2 + 0.06667 Mn(PO3)2
NMC811,Nd,4.30,0.656934,-1.342928,1,0.6104 Li1Mn0.1Co0.1Ni0.8O2 + 0.3896 Li4.8Nd0.2P1S4.4Cl1.6 -> 2.481 Li + 0.01688 Ni(PO3)2 + 0.6234 SCl + 0.4714 NiS2 + 0.07792 Nd(PO3)3 + 0.06104 CoS2 + 0.02597 SO2 + 0.06104 Mn(PO3)2
NMC811,Nd,4.30,0.662651,-1.342726,1,0.6043 Li1Mn0.1Co0.1Ni0.8O2 + 0.3957 Li4.8Nd0.2P1S4.4Cl1.6 -> 2.504 Li + 0.6331 SCl + 0.01871 NdP5O14 + 0.4835 NiS2 + 0.06043 Nd(PO3)3 + 0.06043 CoS2 + 0.02014 SO2 + 0.06043 Mn(PO3)2
NMC811,Nd,4.30,0.670588,-1.3411,1,0.5957 Li1Mn0.1Co0.1Ni0.8O2 + 0.4043 Li4.8Nd0.2P1S4.4Cl1.6 -> 2.536 Li + 0.6468 SCl + 0.02128 NdP5O14 + 0.4766 NiS2 + 0.05957 Nd(PO3)3 + 0.05957 CoS2 + 0.05957 Mn(PO3)2 + 0.05957 S
NMC811,Nd,4.30,0.697297,-1.32615,1,0.5657 Li1Mn0.1Co0.1Ni0.8O2 + 0.4343 Li4.8Nd0.2P1S4.4Cl1.6 -> 2.651 Li + 0.6949 SCl + 0.00202 NdP5O14 + 0.4525 NiS2 + 0.08485 Nd(PO3)3 + 0.05657 CoS2 + 0.02828 P2S7 + 0.05657 Mn(PO3)2
NMC811,Nd,4.30,0.7,-1.324546,1,0.5625 Li1Mn0.1Co0.1Ni0.8O2 + 0.4375 Li4.8Nd0.2P1S4.4Cl1.6 -> 2.663 Li + 0.6963 SCl + 0.45 NiS2 + 0.0875 Nd(PO3)3 + 0.05625 CoS2 + 0.0007353 PCl5 + 0.03088 P2S7 + 0.05625 Mn(PO3)2
NMC811,Nd,4.30,1.0,-1.132531,0,Li4.8Nd0.2P1S4.4Cl1.6 -> 4.8 Li + 0.9412 SCl + 0.01176 PCl5 + 0.4941 P2S7 + 0.2 NdCl3
NMC811,Nd,4.50,0.0,-0.299378,0,Li1Mn0.1Co0.1Ni0.8O2 -> Li + 0.1 Co(NiO2)2 + 0.1 Mn(Ni3O4)2 + 0.4 O2
NMC811,Nd,4.50,0.044776,-0.555077,1,0.9846 Li1Mn0.1Co0.1Ni0.8O2 + 0.01538 Li4.8Nd0.2P1S4.4Cl1.6 -> 1.058 Li + 0.01231 Ni(ClO4)2 + 0.09846 CoNiO3 + 0.006154 Ni3(PO4)2 + 0.09846 Mn(Ni3O4)2 + 0.003077 NdPO4 + 0.06769 NiSO4 + 0.2277 O2
NMC811,Nd,4.50,0.1,-0.87598,1,0.9643 Li1Mn0.1Co0.1Ni0.8O2 + 0.03571 Li4.8Nd0.2P1S4.4Cl1.6 -> 1.136 Li + 0.02857 Ni(ClO4)2 + 0.09643 CoNiO3 + 0.01429 Ni3(PO4)2 + 0.02643 MnNiO3 + 0.07 Mn(Ni3O4)2 + 0.007143 NdPO4 + 0.1571 NiSO4
NMC811,Nd,4.50,0.106796,-0.910669,1,0.9617 Li1Mn0.1Co0.1Ni0.8O2 + 0.03833 Li4.8Nd0.2P1S4.4Cl1.6 -> 1.146 Li + 0.03066 Ni(ClO4)2 + 0.01533 Ni3(PO4)2 + 0.01059 MnNiO3 + 0.08557 Mn(Ni3O4)2 + 0.004181 Co23O32 + 0.007666 NdPO4 + 0.1686 NiSO4
NMC811,Nd,4.50,0.145232,-1.101459,1,0.9464 Li1Mn0.1Co0.1Ni0.8O2 + 0.0536 Li4.8Nd0.2P1S4.4Cl1.6 -> 1.204 Li + 0.02144 Ni3(PO4)2 + 0.03075 MnNiO3 + 0.06389 Mn(Ni3O4)2 + 0.004115 Co23O32 + 0.01072 NdPO4 + 0.04288 NiCl2 + 0.2358 NiSO4
NMC811,Nd,4.50,0.146067,-1.105269,1,0.9461 Li1Mn0.1Co0.1Ni0.8O2 + 0.05394 Li4.8Nd0.2P1S4.4Cl1.6 -> 1.205 Li + 0.02158 Ni3(PO4)2 + 0.0312 MnNiO3 + 0.0634 Mn(Ni3O4)2 + 0.01079 NdPO4 + 0.04315 NiCl2 + 0.03154 Co3O4 + 0.2373 NiSO4
NMC811,Nd,4.50,0.148825,-1.115141,1,0.9449 Li1Mn0.1Co0.1Ni0.8O2 + 0.05507 Li4.8Nd0.2P1S4.4Cl1.6 -> 1.209 Li + 0.02203 Ni3(PO4)2 + 0.06725 Mn(Ni3O4)2 + 0.01362 Mn2CoO4 + 0.01101 NdPO4 + 0.04406 NiCl2 + 0.02696 Co3O4 + 0.2423 NiSO4
NMC811,Nd,4.50,0.151194,-1.123621,1,0.944 Li1Mn0.1Co0.1Ni0.8O2 + 0.05605 Li4.8Nd0.2P1S4.4Cl1.6 -> 1.213 Li + 0.07729 Mn(Ni3O4)2 + 0.008555 Mn2CoO4 + 0.02242 Co3(PO4)2 + 0.01121 NdPO4 + 0.04484 NiCl2 + 0.006195 Co3O4 + 0.2466 NiSO4
NMC811,Nd,4.50,0.151899,-1.125906,1,0.9437 Li1Mn0.1Co0.1Ni0.8O2 + 0.05634 Li4.8Nd0.2P1S4.4Cl1.6 -> 1.214 Li + 0.08028 Mn(Ni3O4)2 + 0.007042 Mn2CoO4 + 0.02254 Co3(PO4)2 + 0.01127 NdPO4 + 0.04507 NiCl2 + 0.2282 NiSO4 + 0.01972 CoSO4
NMC811,Nd,4.50,0.154639,-1.134264,1,0.9425 Li1Mn0.1Co0.1Ni0.8O2 + 0.05747 Li4.8Nd0.2P1S4.4Cl1.6 -> 1.218 Li + 0.04368 Mn(Ni3O4)2 + 0.02529 Mn2CoO4 + 0.02299 Co3(PO4)2 + 0.01149 NdPO4 + 0.04598 NiCl2 + 0.1931 NiO + 0.2529 NiSO4
NMC811,Nd,4.50,0.161677,-1.155177,1,0.9396 Li1Mn0.1Co0.1Ni0.8O2 + 0.0604 Li4.8Nd0.2P1S4.4Cl1.6 -> 1.23 Li + 0.02148 Mn2CoO4 + 0.02416 Co3(PO4)2 + 0.01208 NdPO4 + 0.04832 NiCl2 + 0.05101 MnSO4 + 0.4886 NiO + 0.2148 NiSO4
NMC811,Nd,4.50,0.164835,-1.164355,1,0.9383 Li1Mn0.1Co0.1Ni0.8O2 + 0.06173 Li4.8Nd0.2P1S4.4Cl1.6 -> 1.235 Li + 0.02469 Co3(PO4)2 + 0.01235 NdPO4 + 0.04938 NiCl2 + 0.09383 MnSO4 + 0.5432 NiO + 0.158 NiSO4 + 0.01975 CoSO4
NMC811,Nd,4.50,0.2,-1.206084,1,0.9231 Li1Mn0.1Co0.1Ni0.8O2 + 0.07692 Li4.8Nd0.2P1S4.4Cl1.6 -> 1.292 Li + 0.03077 Co3(PO4)2 + 0.01538 NdPO4 + 0.02735 Ni3S2 + 0.06154 NiCl2 + 0.09231 MnSO4 + 0.4034 NiO + 0.1915 NiSO4
NMC811,Nd,4.50,0.291829,-1.317354,1,0.8792 Li1Mn0.1Co0.1Ni0.8O2 + 0.1208 Li4.8Nd0.2P1S4.4Cl1.6 -> 1.459 Li + 0.019 Ni3(PO4)2 + 0.02931 Co3(PO4)2 + 0.02415 NdPO4 + 0.1063 Ni3S2 + 0.09662 NiCl2 + 0.08792 MnSO4 + 0.2309 NiSO4
NMC811,Nd,4.50,0.315789,-1.343697,1,0.8667 Li1Mn0.1Co0.1Ni0.8O2 + 0.1333 Li4.8Nd0.2P1S4.4Cl1.6 -> 1.507 Li + 0.05333 Ni3(PO4)2 + 0.02667 NdPO4 + 0.05667 Ni3S2 + 0.1067 NiCl2 + 0.08667 MnSO4 + 0.04333 Co2NiS4 + 0.2133 NiSO4
NMC811,Nd,4.50,0.338182,-1.367386,1,0.8545 Li1Mn0.1Co0.1Ni0.8O2 + 0.1455 Li4.8Nd0.2P1S4.4Cl1.6 -> 1.553 Li + 0.05822 Ni3(PO4)2 + 0.08545 Co(NiS2)2 + 0.02911 NdPO4 + 0.008451 Ni3S2 + 0.1164 NiCl2 + 0.08545 MnSO4 + 0.1962 NiSO4
NMC811,Nd,4.50,0.339557,-1.368803,1,0.8537 Li1Mn0.1Co0.1Ni0.8O2 + 0.1463 Li4.8Nd0.2P1S4.4Cl1.6 -> 1.556 Li + 0.05852 Ni3(PO4)2 + 0.08537 Co(NiS2)2 + 0.002715 Ni9S8 + 0.02926 NdPO4 + 0.117 NiCl2 + 0.08537 MnSO4 + 0.1952 NiSO4
NMC811,Nd,4.50,0.34202,-1.371213,1,0.8523 Li1Mn0.1Co0.1Ni0.8O2 + 0.1477 Li4.8Nd0.2P1S4.4Cl1.6 -> 1.561 Li + 0.05907 Ni3(PO4)2 + 0.08523 Co(NiS2)2 + 0.02954 NdPO4 + 0.1181 NiCl2 + 0.08523 MnSO4 + 0.007595 Ni3S4 + 0.1932 NiSO4
NMC811,Nd,4.50,0.359589,-1.383055,1,0.8423 Li1Mn0.1Co0.1Ni0.8O2 + 0.1577 Li4.8Nd0.2P1S4.4Cl1.6 -> 1.599 Li + 0.06306 Ni2P2O7 + 0.08423 Co(NiS2)2 + 0.03153 NdPO4 + 0.1261 NiCl2 + 0.08423 MnSO4 + 0.01937 Ni3S4 + 0.195 NiSO4
NMC811,Nd,4.50,0.379061,-1.394353,1,0.8309 Li1Mn0.1Co0.1Ni0.8O2 + 0.1691 Li4.8Nd0.2P1S4.4Cl1.6 -> 1.643 Li + 0.08309 Co(NiS2)2 + 0.03382 NdPO4 + 0.06763 Ni(PO3)2 + 0.1353 NiCl2 + 0.08309 MnSO4 + 0.03285 Ni3S4 + 0.1971 NiSO4
NMC811,Nd,4.50,0.38961,-1.400025,0,0.8246 Li1Mn0.1Co0.1Ni0.8O2 + 0.1754 Li4.8Nd0.2P1S4.4Cl1.6 -> 1.667 Li + 0.08246 Co(NiS2)2 + 0.08772 Ni(PO3)2 + 0.01754 Nd2(SO4)3 + 0.1404 NiCl2 + 0.08246 MnSO4 + 0.04035 Ni3S4 + 0.1456 NiSO4
NMC811,Nd,4.50,0.408377,-1.407624,0,0.8129 Li1Mn0.1Co0.1Ni0.8O2 + 0.1871 Li4.8Nd0.2P1S4.4Cl1.6 -> 1.711 Li + 0.08129 Co(NiS2)2 + 0.1158 NiS2 + 0.09353 Ni(PO3)2 + 0.01871 Nd2(SO4)3 + 0.1496 NiCl2 + 0.08129 MnSO4 + 0.1288 NiSO4
NMC811,Nd,4.50,0.44335,-1.420133,0,0.7902 Li1Mn0.1Co0.1Ni0.8O2 + 0.2098 Li4.8Nd0.2P1S4.4Cl1.6 -> 1.797 Li + 0.07902 CoS2 + 0.2636 NiS2 + 0.1049 Ni(PO3)2 + 0.02098 Nd2(SO4)3 + 0.1678 NiCl2 + 0.07902 MnSO4 + 0.0958 NiSO4
NMC811,Nd,4.50,0.47929,-1.428714,0,0.7652 Li1Mn0.1Co0.1Ni0.8O2 + 0.2348 Li4.8Nd0.2P1S4.4Cl1.6 -> 1.892 Li + 0.07652 CoS2 + 0.307 NiS2 + 0.1191 SO2 + 0.1174 Ni(PO3)2 + 0.02348 Nd2(SO4)3 + 0.1878 NiCl2 + 0.07652 MnSO4
NMC811,Nd,4.50,0.505618,-1.433917,0,0.7458 Li1Mn0.1Co0.1Ni0.8O2 + 0.2542 Li4.8Nd0.2P1S4.4Cl1.6 -> 1.966 Li + 0.07458 CoS2 + 0.3407 NiS2 + 0.2119 SO2 + 0.05254 Ni(PO3)2 + 0.02542 Nd2(SO4)3 + 0.2034 NiCl2 + 0.07458 Mn(PO3)2
NMC811,Nd,4.50,0.525974,-1.43724,1,0.73 Li1Mn0.1Co0.1Ni0.8O2 + 0.27 Li4.8Nd0.2P1S4.4Cl1.6 -> 2.026 Li + 0.073 CoS2 + 0.368 NiS2 + 0.287 SO2 + 0.04133 Nd(PO3)3 + 0.006333 Nd2(SO4)3 + 0.216 NiCl2 + 0.073 Mn(PO3)2
NMC811,Nd,4.50,0.6,-1.444535,1,0.6667 Li1Mn0.1Co0.1Ni0.8O2 + 0.3333 Li4.8Nd0.2P1S4.4Cl1.6 -> 2.267 Li + 0.3167 SCl + 0.06667 CoS2 + 0.425 NiS2 + 0.1667 SO2 + 0.06667 Nd(PO3)3 + 0.1083 NiCl2 + 0.06667 Mn(PO3)2
NMC811,Nd,4.50,0.656934,-1.449931,1,0.6104 Li1Mn0.1Co0.1Ni0.8O2 + 0.3896 Li4.8Nd0.2P1S4.4Cl1.6 -> 2.481 Li + 0.6234 SCl + 0.06104 CoS2 + 0.4714 NiS2 + 0.02597 SO2 + 0.01688 Ni(PO3)2 + 0.07792 Nd(PO3)3 + 0.06104 Mn(PO3)2
NMC811,Nd,4.50,0.662651,-1.450133,1,0.6043 Li1Mn0.1Co0.1Ni0.8O2 + 0.3957 Li4.8Nd0.2P1S4.4Cl1.6 -> 2.504 Li + 0.01871 NdP5O14 + 0.6331 SCl + 0.06043 CoS2 + 0.4835 NiS2 + 0.02014 SO2 + 0.06043 Nd(PO3)3 + 0.06043 Mn(PO3)2
NMC811,Nd,4.50,0.670588,-1.449071,1,0.5957 Li1Mn0.1Co0.1Ni0.8O2 + 0.4043 Li4.8Nd0.2P1S4.4Cl1.6 -> 2.536 Li + 0.02128 NdP5O14 + 0.6468 SCl + 0.05957 CoS2 + 0.4766 NiS2 + 0.05957 Nd(PO3)3 + 0.05957 Mn(PO3)2 + 0.05957 S
NMC811,Nd,4.50,0.697297,-1.436032,1,0.5657 Li1Mn0.1Co0.1Ni0.8O2 + 0.4343 Li4.8Nd0.2P1S4.4Cl1.6 -> 2.651 Li + 0.00202 NdP5O14 + 0.6949 SCl + 0.05657 CoS2 + 0.4525 NiS2 + 0.08485 Nd(PO3)3 + 0.02828 P2S7 + 0.05657 Mn(PO3)2
NMC811,Nd,4.50,0.7,-1.434623,1,0.5625 Li1Mn0.1Co0.1Ni0.8O2 + 0.4375 Li4.8Nd0.2P1S4.4Cl1.6 -> 2.663 Li + 0.6963 SCl + 0.05625 CoS2 + 0.45 NiS2 + 0.0875 Nd(PO3)3 + 0.03088 P2S7 + 0.0007353 PCl5 + 0.05625 Mn(PO3)2
NMC811,Nd,4.50,1.0,-1.265865,0,Li4.8Nd0.2P1S4.4Cl1.6 -> 4.8 Li + 0.9412 SCl + 0.4941 P2S7 + 0.01176 PCl5 + 0.2 NdCl3
