✅ 실행 전 gate 통과(사전 점검·새 발급) — grid_fit_v5 · cohort g18_2026_09_15 · 승인 2026-09-26
ERROR:2026-09-26 19:45:51,131:jax._src.xla_bridge:487: Jax plugin configuration error: Exception when calling jax_plugins.xla_cuda12.initialize()
Traceback (most recent call last):
  File "/root/dd/degradation-degeneracy/.venv/lib/python3.12/site-packages/jax_plugins/xla_cuda12/__init__.py", line 201, in _version_check
    version = get_version()
              ^^^^^^^^^^^^^
RuntimeError: jaxlib/cuda/versions_helpers.cc:81: operation cusparseGetProperty(MAJOR_VERSION, &major) failed: The cuSPARSE library was not found.

The above exception was the direct cause of the following exception:

Traceback (most recent call last):
  File "/root/dd/degradation-degeneracy/.venv/lib/python3.12/site-packages/jax/_src/xla_bridge.py", line 485, in discover_pjrt_plugins
    plugin_module.initialize()
  File "/root/dd/degradation-degeneracy/.venv/lib/python3.12/site-packages/jax_plugins/xla_cuda12/__init__.py", line 328, in initialize
    _check_cuda_versions(raise_on_first_error=True)
  File "/root/dd/degradation-degeneracy/.venv/lib/python3.12/site-packages/jax_plugins/xla_cuda12/__init__.py", line 266, in _check_cuda_versions
    _version_check("cuSPARSE", cuda_versions.cusparse_get_version,
  File "/root/dd/degradation-degeneracy/.venv/lib/python3.12/site-packages/jax_plugins/xla_cuda12/__init__.py", line 205, in _version_check
    raise RuntimeError(err_msg) from e
RuntimeError: Unable to load cuSPARSE. Is it installed?
2026-09-26 19:45:51,131 ERROR jax._src.xla_bridge: Jax plugin configuration error: Exception when calling jax_plugins.xla_cuda12.initialize()
Traceback (most recent call last):
  File "/root/dd/degradation-degeneracy/.venv/lib/python3.12/site-packages/jax_plugins/xla_cuda12/__init__.py", line 201, in _version_check
    version = get_version()
              ^^^^^^^^^^^^^
RuntimeError: jaxlib/cuda/versions_helpers.cc:81: operation cusparseGetProperty(MAJOR_VERSION, &major) failed: The cuSPARSE library was not found.

The above exception was the direct cause of the following exception:

Traceback (most recent call last):
  File "/root/dd/degradation-degeneracy/.venv/lib/python3.12/site-packages/jax/_src/xla_bridge.py", line 485, in discover_pjrt_plugins
    plugin_module.initialize()
  File "/root/dd/degradation-degeneracy/.venv/lib/python3.12/site-packages/jax_plugins/xla_cuda12/__init__.py", line 328, in initialize
    _check_cuda_versions(raise_on_first_error=True)
  File "/root/dd/degradation-degeneracy/.venv/lib/python3.12/site-packages/jax_plugins/xla_cuda12/__init__.py", line 266, in _check_cuda_versions
    _version_check("cuSPARSE", cuda_versions.cusparse_get_version,
  File "/root/dd/degradation-degeneracy/.venv/lib/python3.12/site-packages/jax_plugins/xla_cuda12/__init__.py", line 205, in _version_check
    raise RuntimeError(err_msg) from e
RuntimeError: Unable to load cuSPARSE. Is it installed?
INFO:2026-09-26 19:45:51,138:jax._src.xla_bridge:822: Unable to initialize backend 'tpu': INTERNAL: Failed to open libtpu.so: libtpu.so: cannot open shared object file: No such file or directory
2026-09-26 19:45:51,138 INFO jax._src.xla_bridge: Unable to initialize backend 'tpu': INTERNAL: Failed to open libtpu.so: libtpu.so: cannot open shared object file: No such file or directory
WARNING:2026-09-26 19:45:51,138:jax._src.xla_bridge:864: An NVIDIA GPU may be present on this machine, but a CUDA-enabled jaxlib is not installed. Falling back to cpu.
2026-09-26 19:45:51,138 WARNING jax._src.xla_bridge: An NVIDIA GPU may be present on this machine, but a CUDA-enabled jaxlib is not installed. Falling back to cpu.
2026-09-26 19:45:51,659 INFO src.baseline: 완방상태 캐시 적중: /root/dd/degradation-degeneracy/.cache/discharged_state/a8e262f7d6aa4beb.json
grid:   0%|          | 0/3069 [00:00<?, ?cond/s]ERROR:2026-09-26 19:45:56,678:jax._src.xla_bridge:487: Jax plugin configuration error: Exception when calling jax_plugins.xla_cuda12.initialize()
Traceback (most recent call last):
  File "/root/dd/degradation-degeneracy/.venv/lib/python3.12/site-packages/jax_plugins/xla_cuda12/__init__.py", line 201, in _version_check
    version = get_version()
              ^^^^^^^^^^^^^
RuntimeError: jaxlib/cuda/versions_helpers.cc:81: operation cusparseGetProperty(MAJOR_VERSION, &major) failed: The cuSPARSE library was not found.

The above exception was the direct cause of the following exception:

Traceback (most recent call last):
  File "/root/dd/degradation-degeneracy/.venv/lib/python3.12/site-packages/jax/_src/xla_bridge.py", line 485, in discover_pjrt_plugins
    plugin_module.initialize()
  File "/root/dd/degradation-degeneracy/.venv/lib/python3.12/site-packages/jax_plugins/xla_cuda12/__init__.py", line 328, in initialize
    _check_cuda_versions(raise_on_first_error=True)
  File "/root/dd/degradation-degeneracy/.venv/lib/python3.12/site-packages/jax_plugins/xla_cuda12/__init__.py", line 266, in _check_cuda_versions
    _version_check("cuSPARSE", cuda_versions.cusparse_get_version,
  File "/root/dd/degradation-degeneracy/.venv/lib/python3.12/site-packages/jax_plugins/xla_cuda12/__init__.py", line 205, in _version_check
    raise RuntimeError(err_msg) from e
RuntimeError: Unable to load cuSPARSE. Is it installed?
WARNING:2026-09-26 19:45:56,688:jax._src.xla_bridge:864: An NVIDIA GPU may be present on this machine, but a CUDA-enabled jaxlib is not installed. Falling back to cpu.
ERROR:2026-09-26 19:45:57,051:jax._src.xla_bridge:487: Jax plugin configuration error: Exception when calling jax_plugins.xla_cuda12.initialize()
Traceback (most recent call last):
  File "/root/dd/degradation-degeneracy/.venv/lib/python3.12/site-packages/jax_plugins/xla_cuda12/__init__.py", line 201, in _version_check
    version = get_version()
              ^^^^^^^^^^^^^
RuntimeError: jaxlib/cuda/versions_helpers.cc:81: operation cusparseGetProperty(MAJOR_VERSION, &major) failed: The cuSPARSE library was not found.

The above exception was the direct cause of the following exception:

Traceback (most recent call last):
  File "/root/dd/degradation-degeneracy/.venv/lib/python3.12/site-packages/jax/_src/xla_bridge.py", line 485, in discover_pjrt_plugins
    plugin_module.initialize()
  File "/root/dd/degradation-degeneracy/.venv/lib/python3.12/site-packages/jax_plugins/xla_cuda12/__init__.py", line 328, in initialize
    _check_cuda_versions(raise_on_first_error=True)
  File "/root/dd/degradation-degeneracy/.venv/lib/python3.12/site-packages/jax_plugins/xla_cuda12/__init__.py", line 266, in _check_cuda_versions
    _version_check("cuSPARSE", cuda_versions.cusparse_get_version,
  File "/root/dd/degradation-degeneracy/.venv/lib/python3.12/site-packages/jax_plugins/xla_cuda12/__init__.py", line 205, in _version_check
    raise RuntimeError(err_msg) from e
RuntimeError: Unable to load cuSPARSE. Is it installed?
WARNING:2026-09-26 19:45:57,074:jax._src.xla_bridge:864: An NVIDIA GPU may be present on this machine, but a CUDA-enabled jaxlib is not installed. Falling back to cpu.
ERROR:2026-09-26 19:45:57,100:jax._src.xla_bridge:487: Jax plugin configuration error: Exception when calling jax_plugins.xla_cuda12.initialize()
Traceback (most recent call last):
  File "/root/dd/degradation-degeneracy/.venv/lib/python3.12/site-packages/jax_plugins/xla_cuda12/__init__.py", line 201, in _version_check
    version = get_version()
              ^^^^^^^^^^^^^
RuntimeError: jaxlib/cuda/versions_helpers.cc:81: operation cusparseGetProperty(MAJOR_VERSION, &major) failed: The cuSPARSE library was not found.

The above exception was the direct cause of the following exception:

Traceback (most recent call last):
  File "/root/dd/degradation-degeneracy/.venv/lib/python3.12/site-packages/jax/_src/xla_bridge.py", line 485, in discover_pjrt_plugins
    plugin_module.initialize()
  File "/root/dd/degradation-degeneracy/.venv/lib/python3.12/site-packages/jax_plugins/xla_cuda12/__init__.py", line 328, in initialize
    _check_cuda_versions(raise_on_first_error=True)
  File "/root/dd/degradation-degeneracy/.venv/lib/python3.12/site-packages/jax_plugins/xla_cuda12/__init__.py", line 266, in _check_cuda_versions
    _version_check("cuSPARSE", cuda_versions.cusparse_get_version,
  File "/root/dd/degradation-degeneracy/.venv/lib/python3.12/site-packages/jax_plugins/xla_cuda12/__init__.py", line 205, in _version_check
    raise RuntimeError(err_msg) from e
RuntimeError: Unable to load cuSPARSE. Is it installed?
ERROR:2026-09-26 19:45:57,100:jax._src.xla_bridge:487: Jax plugin configuration error: Exception when calling jax_plugins.xla_cuda12.initialize()
Traceback (most recent call last):
  File "/root/dd/degradation-degeneracy/.venv/lib/python3.12/site-packages/jax_plugins/xla_cuda12/__init__.py", line 201, in _version_check
    version = get_version()
              ^^^^^^^^^^^^^
RuntimeError: jaxlib/cuda/versions_helpers.cc:81: operation cusparseGetProperty(MAJOR_VERSION, &major) failed: The cuSPARSE library was not found.

The above exception was the direct cause of the following exception:

Traceback (most recent call last):
  File "/root/dd/degradation-degeneracy/.venv/lib/python3.12/site-packages/jax/_src/xla_bridge.py", line 485, in discover_pjrt_plugins
    plugin_module.initialize()
  File "/root/dd/degradation-degeneracy/.venv/lib/python3.12/site-packages/jax_plugins/xla_cuda12/__init__.py", line 328, in initialize
    _check_cuda_versions(raise_on_first_error=True)
  File "/root/dd/degradation-degeneracy/.venv/lib/python3.12/site-packages/jax_plugins/xla_cuda12/__init__.py", line 266, in _check_cuda_versions
    _version_check("cuSPARSE", cuda_versions.cusparse_get_version,
  File "/root/dd/degradation-degeneracy/.venv/lib/python3.12/site-packages/jax_plugins/xla_cuda12/__init__.py", line 205, in _version_check
    raise RuntimeError(err_msg) from e
RuntimeError: Unable to load cuSPARSE. Is it installed?
WARNING:2026-09-26 19:45:57,114:jax._src.xla_bridge:864: An NVIDIA GPU may be present on this machine, but a CUDA-enabled jaxlib is not installed. Falling back to cpu.
WARNING:2026-09-26 19:45:57,122:jax._src.xla_bridge:864: An NVIDIA GPU may be present on this machine, but a CUDA-enabled jaxlib is not installed. Falling back to cpu.
ERROR:2026-09-26 19:45:57,123:jax._src.xla_bridge:487: Jax plugin configuration error: Exception when calling jax_plugins.xla_cuda12.initialize()
Traceback (most recent call last):
  File "/root/dd/degradation-degeneracy/.venv/lib/python3.12/site-packages/jax_plugins/xla_cuda12/__init__.py", line 201, in _version_check
    version = get_version()
              ^^^^^^^^^^^^^
RuntimeError: jaxlib/cuda/versions_helpers.cc:81: operation cusparseGetProperty(MAJOR_VERSION, &major) failed: The cuSPARSE library was not found.

The above exception was the direct cause of the following exception:

Traceback (most recent call last):
  File "/root/dd/degradation-degeneracy/.venv/lib/python3.12/site-packages/jax/_src/xla_bridge.py", line 485, in discover_pjrt_plugins
    plugin_module.initialize()
  File "/root/dd/degradation-degeneracy/.venv/lib/python3.12/site-packages/jax_plugins/xla_cuda12/__init__.py", line 328, in initialize
    _check_cuda_versions(raise_on_first_error=True)
  File "/root/dd/degradation-degeneracy/.venv/lib/python3.12/site-packages/jax_plugins/xla_cuda12/__init__.py", line 266, in _check_cuda_versions
    _version_check("cuSPARSE", cuda_versions.cusparse_get_version,
  File "/root/dd/degradation-degeneracy/.venv/lib/python3.12/site-packages/jax_plugins/xla_cuda12/__init__.py", line 205, in _version_check
    raise RuntimeError(err_msg) from e
RuntimeError: Unable to load cuSPARSE. Is it installed?
WARNING:2026-09-26 19:45:57,142:jax._src.xla_bridge:864: An NVIDIA GPU may be present on this machine, but a CUDA-enabled jaxlib is not installed. Falling back to cpu.
ERROR:2026-09-26 19:45:57,168:jax._src.xla_bridge:487: Jax plugin configuration error: Exception when calling jax_plugins.xla_cuda12.initialize()
Traceback (most recent call last):
  File "/root/dd/degradation-degeneracy/.venv/lib/python3.12/site-packages/jax_plugins/xla_cuda12/__init__.py", line 201, in _version_check
    version = get_version()
              ^^^^^^^^^^^^^
RuntimeError: jaxlib/cuda/versions_helpers.cc:81: operation cusparseGetProperty(MAJOR_VERSION, &major) failed: The cuSPARSE library was not found.

The above exception was the direct cause of the following exception:

Traceback (most recent call last):
  File "/root/dd/degradation-degeneracy/.venv/lib/python3.12/site-packages/jax/_src/xla_bridge.py", line 485, in discover_pjrt_plugins
    plugin_module.initialize()
  File "/root/dd/degradation-degeneracy/.venv/lib/python3.12/site-packages/jax_plugins/xla_cuda12/__init__.py", line 328, in initialize
    _check_cuda_versions(raise_on_first_error=True)
  File "/root/dd/degradation-degeneracy/.venv/lib/python3.12/site-packages/jax_plugins/xla_cuda12/__init__.py", line 266, in _check_cuda_versions
    _version_check("cuSPARSE", cuda_versions.cusparse_get_version,
  File "/root/dd/degradation-degeneracy/.venv/lib/python3.12/site-packages/jax_plugins/xla_cuda12/__init__.py", line 205, in _version_check
    raise RuntimeError(err_msg) from e
RuntimeError: Unable to load cuSPARSE. Is it installed?
WARNING:2026-09-26 19:45:57,192:jax._src.xla_bridge:864: An NVIDIA GPU may be present on this machine, but a CUDA-enabled jaxlib is not installed. Falling back to cpu.
ERROR:2026-09-26 19:45:57,259:jax._src.xla_bridge:487: Jax plugin configuration error: Exception when calling jax_plugins.xla_cuda12.initialize()
Traceback (most recent call last):
  File "/root/dd/degradation-degeneracy/.venv/lib/python3.12/site-packages/jax_plugins/xla_cuda12/__init__.py", line 201, in _version_check
    version = get_version()
              ^^^^^^^^^^^^^
RuntimeError: jaxlib/cuda/versions_helpers.cc:81: operation cusparseGetProperty(MAJOR_VERSION, &major) failed: The cuSPARSE library was not found.

The above exception was the direct cause of the following exception:

Traceback (most recent call last):
  File "/root/dd/degradation-degeneracy/.venv/lib/python3.12/site-packages/jax/_src/xla_bridge.py", line 485, in discover_pjrt_plugins
    plugin_module.initialize()
  File "/root/dd/degradation-degeneracy/.venv/lib/python3.12/site-packages/jax_plugins/xla_cuda12/__init__.py", line 328, in initialize
    _check_cuda_versions(raise_on_first_error=True)
  File "/root/dd/degradation-degeneracy/.venv/lib/python3.12/site-packages/jax_plugins/xla_cuda12/__init__.py", line 266, in _check_cuda_versions
    _version_check("cuSPARSE", cuda_versions.cusparse_get_version,
  File "/root/dd/degradation-degeneracy/.venv/lib/python3.12/site-packages/jax_plugins/xla_cuda12/__init__.py", line 205, in _version_check
    raise RuntimeError(err_msg) from e
RuntimeError: Unable to load cuSPARSE. Is it installed?
ERROR:2026-09-26 19:45:57,269:jax._src.xla_bridge:487: Jax plugin configuration error: Exception when calling jax_plugins.xla_cuda12.initialize()
Traceback (most recent call last):
  File "/root/dd/degradation-degeneracy/.venv/lib/python3.12/site-packages/jax_plugins/xla_cuda12/__init__.py", line 201, in _version_check
    version = get_version()
              ^^^^^^^^^^^^^
RuntimeError: jaxlib/cuda/versions_helpers.cc:81: operation cusparseGetProperty(MAJOR_VERSION, &major) failed: The cuSPARSE library was not found.

The above exception was the direct cause of the following exception:

Traceback (most recent call last):
  File "/root/dd/degradation-degeneracy/.venv/lib/python3.12/site-packages/jax/_src/xla_bridge.py", line 485, in discover_pjrt_plugins
    plugin_module.initialize()
  File "/root/dd/degradation-degeneracy/.venv/lib/python3.12/site-packages/jax_plugins/xla_cuda12/__init__.py", line 328, in initialize
    _check_cuda_versions(raise_on_first_error=True)
  File "/root/dd/degradation-degeneracy/.venv/lib/python3.12/site-packages/jax_plugins/xla_cuda12/__init__.py", line 266, in _check_cuda_versions
    _version_check("cuSPARSE", cuda_versions.cusparse_get_version,
  File "/root/dd/degradation-degeneracy/.venv/lib/python3.12/site-packages/jax_plugins/xla_cuda12/__init__.py", line 205, in _version_check
    raise RuntimeError(err_msg) from e
RuntimeError: Unable to load cuSPARSE. Is it installed?
WARNING:2026-09-26 19:45:57,278:jax._src.xla_bridge:864: An NVIDIA GPU may be present on this machine, but a CUDA-enabled jaxlib is not installed. Falling back to cpu.
WARNING:2026-09-26 19:45:57,281:jax._src.xla_bridge:864: An NVIDIA GPU may be present on this machine, but a CUDA-enabled jaxlib is not installed. Falling back to cpu.
ERROR:2026-09-26 19:45:57,280:jax._src.xla_bridge:487: Jax plugin configuration error: Exception when calling jax_plugins.xla_cuda12.initialize()
Traceback (most recent call last):
  File "/root/dd/degradation-degeneracy/.venv/lib/python3.12/site-packages/jax_plugins/xla_cuda12/__init__.py", line 201, in _version_check
    version = get_version()
              ^^^^^^^^^^^^^
RuntimeError: jaxlib/cuda/versions_helpers.cc:81: operation cusparseGetProperty(MAJOR_VERSION, &major) failed: The cuSPARSE library was not found.

The above exception was the direct cause of the following exception:

Traceback (most recent call last):
  File "/root/dd/degradation-degeneracy/.venv/lib/python3.12/site-packages/jax/_src/xla_bridge.py", line 485, in discover_pjrt_plugins
    plugin_module.initialize()
  File "/root/dd/degradation-degeneracy/.venv/lib/python3.12/site-packages/jax_plugins/xla_cuda12/__init__.py", line 328, in initialize
    _check_cuda_versions(raise_on_first_error=True)
  File "/root/dd/degradation-degeneracy/.venv/lib/python3.12/site-packages/jax_plugins/xla_cuda12/__init__.py", line 266, in _check_cuda_versions
    _version_check("cuSPARSE", cuda_versions.cusparse_get_version,
  File "/root/dd/degradation-degeneracy/.venv/lib/python3.12/site-packages/jax_plugins/xla_cuda12/__init__.py", line 205, in _version_check
    raise RuntimeError(err_msg) from e
RuntimeError: Unable to load cuSPARSE. Is it installed?
WARNING:2026-09-26 19:45:57,306:jax._src.xla_bridge:864: An NVIDIA GPU may be present on this machine, but a CUDA-enabled jaxlib is not installed. Falling back to cpu.
ERROR:2026-09-26 19:45:57,321:jax._src.xla_bridge:487: Jax plugin configuration error: Exception when calling jax_plugins.xla_cuda12.initialize()
Traceback (most recent call last):
  File "/root/dd/degradation-degeneracy/.venv/lib/python3.12/site-packages/jax_plugins/xla_cuda12/__init__.py", line 201, in _version_check
    version = get_version()
              ^^^^^^^^^^^^^
RuntimeError: jaxlib/cuda/versions_helpers.cc:81: operation cusparseGetProperty(MAJOR_VERSION, &major) failed: The cuSPARSE library was not found.

The above exception was the direct cause of the following exception:

Traceback (most recent call last):
  File "/root/dd/degradation-degeneracy/.venv/lib/python3.12/site-packages/jax/_src/xla_bridge.py", line 485, in discover_pjrt_plugins
    plugin_module.initialize()
  File "/root/dd/degradation-degeneracy/.venv/lib/python3.12/site-packages/jax_plugins/xla_cuda12/__init__.py", line 328, in initialize
    _check_cuda_versions(raise_on_first_error=True)
  File "/root/dd/degradation-degeneracy/.venv/lib/python3.12/site-packages/jax_plugins/xla_cuda12/__init__.py", line 266, in _check_cuda_versions
    _version_check("cuSPARSE", cuda_versions.cusparse_get_version,
  File "/root/dd/degradation-degeneracy/.venv/lib/python3.12/site-packages/jax_plugins/xla_cuda12/__init__.py", line 205, in _version_check
    raise RuntimeError(err_msg) from e
RuntimeError: Unable to load cuSPARSE. Is it installed?
ERROR:2026-09-26 19:45:57,339:jax._src.xla_bridge:487: Jax plugin configuration error: Exception when calling jax_plugins.xla_cuda12.initialize()
Traceback (most recent call last):
  File "/root/dd/degradation-degeneracy/.venv/lib/python3.12/site-packages/jax_plugins/xla_cuda12/__init__.py", line 201, in _version_check
    version = get_version()
              ^^^^^^^^^^^^^
RuntimeError: jaxlib/cuda/versions_helpers.cc:81: operation cusparseGetProperty(MAJOR_VERSION, &major) failed: The cuSPARSE library was not found.

The above exception was the direct cause of the following exception:

Traceback (most recent call last):
  File "/root/dd/degradation-degeneracy/.venv/lib/python3.12/site-packages/jax/_src/xla_bridge.py", line 485, in discover_pjrt_plugins
    plugin_module.initialize()
  File "/root/dd/degradation-degeneracy/.venv/lib/python3.12/site-packages/jax_plugins/xla_cuda12/__init__.py", line 328, in initialize
    _check_cuda_versions(raise_on_first_error=True)
  File "/root/dd/degradation-degeneracy/.venv/lib/python3.12/site-packages/jax_plugins/xla_cuda12/__init__.py", line 266, in _check_cuda_versions
    _version_check("cuSPARSE", cuda_versions.cusparse_get_version,
  File "/root/dd/degradation-degeneracy/.venv/lib/python3.12/site-packages/jax_plugins/xla_cuda12/__init__.py", line 205, in _version_check
    raise RuntimeError(err_msg) from e
RuntimeError: Unable to load cuSPARSE. Is it installed?
WARNING:2026-09-26 19:45:57,343:jax._src.xla_bridge:864: An NVIDIA GPU may be present on this machine, but a CUDA-enabled jaxlib is not installed. Falling back to cpu.
WARNING:2026-09-26 19:45:57,361:jax._src.xla_bridge:864: An NVIDIA GPU may be present on this machine, but a CUDA-enabled jaxlib is not installed. Falling back to cpu.
ERROR:2026-09-26 19:45:57,370:jax._src.xla_bridge:487: Jax plugin configuration error: Exception when calling jax_plugins.xla_cuda12.initialize()
Traceback (most recent call last):
  File "/root/dd/degradation-degeneracy/.venv/lib/python3.12/site-packages/jax_plugins/xla_cuda12/__init__.py", line 201, in _version_check
    version = get_version()
              ^^^^^^^^^^^^^
RuntimeError: jaxlib/cuda/versions_helpers.cc:81: operation cusparseGetProperty(MAJOR_VERSION, &major) failed: The cuSPARSE library was not found.

The above exception was the direct cause of the following exception:

Traceback (most recent call last):
  File "/root/dd/degradation-degeneracy/.venv/lib/python3.12/site-packages/jax/_src/xla_bridge.py", line 485, in discover_pjrt_plugins
    plugin_module.initialize()
  File "/root/dd/degradation-degeneracy/.venv/lib/python3.12/site-packages/jax_plugins/xla_cuda12/__init__.py", line 328, in initialize
    _check_cuda_versions(raise_on_first_error=True)
  File "/root/dd/degradation-degeneracy/.venv/lib/python3.12/site-packages/jax_plugins/xla_cuda12/__init__.py", line 266, in _check_cuda_versions
    _version_check("cuSPARSE", cuda_versions.cusparse_get_version,
  File "/root/dd/degradation-degeneracy/.venv/lib/python3.12/site-packages/jax_plugins/xla_cuda12/__init__.py", line 205, in _version_check
    raise RuntimeError(err_msg) from e
RuntimeError: Unable to load cuSPARSE. Is it installed?
ERROR:2026-09-26 19:45:57,382:jax._src.xla_bridge:487: Jax plugin configuration error: Exception when calling jax_plugins.xla_cuda12.initialize()
Traceback (most recent call last):
  File "/root/dd/degradation-degeneracy/.venv/lib/python3.12/site-packages/jax_plugins/xla_cuda12/__init__.py", line 201, in _version_check
    version = get_version()
              ^^^^^^^^^^^^^
RuntimeError: jaxlib/cuda/versions_helpers.cc:81: operation cusparseGetProperty(MAJOR_VERSION, &major) failed: The cuSPARSE library was not found.

The above exception was the direct cause of the following exception:

Traceback (most recent call last):
  File "/root/dd/degradation-degeneracy/.venv/lib/python3.12/site-packages/jax/_src/xla_bridge.py", line 485, in discover_pjrt_plugins
    plugin_module.initialize()
  File "/root/dd/degradation-degeneracy/.venv/lib/python3.12/site-packages/jax_plugins/xla_cuda12/__init__.py", line 328, in initialize
    _check_cuda_versions(raise_on_first_error=True)
  File "/root/dd/degradation-degeneracy/.venv/lib/python3.12/site-packages/jax_plugins/xla_cuda12/__init__.py", line 266, in _check_cuda_versions
    _version_check("cuSPARSE", cuda_versions.cusparse_get_version,
  File "/root/dd/degradation-degeneracy/.venv/lib/python3.12/site-packages/jax_plugins/xla_cuda12/__init__.py", line 205, in _version_check
    raise RuntimeError(err_msg) from e
RuntimeError: Unable to load cuSPARSE. Is it installed?
WARNING:2026-09-26 19:45:57,388:jax._src.xla_bridge:864: An NVIDIA GPU may be present on this machine, but a CUDA-enabled jaxlib is not installed. Falling back to cpu.
WARNING:2026-09-26 19:45:57,395:jax._src.xla_bridge:864: An NVIDIA GPU may be present on this machine, but a CUDA-enabled jaxlib is not installed. Falling back to cpu.
ERROR:2026-09-26 19:45:57,401:jax._src.xla_bridge:487: Jax plugin configuration error: Exception when calling jax_plugins.xla_cuda12.initialize()
Traceback (most recent call last):
  File "/root/dd/degradation-degeneracy/.venv/lib/python3.12/site-packages/jax_plugins/xla_cuda12/__init__.py", line 201, in _version_check
    version = get_version()
              ^^^^^^^^^^^^^
RuntimeError: jaxlib/cuda/versions_helpers.cc:81: operation cusparseGetProperty(MAJOR_VERSION, &major) failed: The cuSPARSE library was not found.

The above exception was the direct cause of the following exception:

Traceback (most recent call last):
  File "/root/dd/degradation-degeneracy/.venv/lib/python3.12/site-packages/jax/_src/xla_bridge.py", line 485, in discover_pjrt_plugins
    plugin_module.initialize()
  File "/root/dd/degradation-degeneracy/.venv/lib/python3.12/site-packages/jax_plugins/xla_cuda12/__init__.py", line 328, in initialize
    _check_cuda_versions(raise_on_first_error=True)
  File "/root/dd/degradation-degeneracy/.venv/lib/python3.12/site-packages/jax_plugins/xla_cuda12/__init__.py", line 266, in _check_cuda_versions
    _version_check("cuSPARSE", cuda_versions.cusparse_get_version,
  File "/root/dd/degradation-degeneracy/.venv/lib/python3.12/site-packages/jax_plugins/xla_cuda12/__init__.py", line 205, in _version_check
    raise RuntimeError(err_msg) from e
RuntimeError: Unable to load cuSPARSE. Is it installed?
WARNING:2026-09-26 19:45:57,418:jax._src.xla_bridge:864: An NVIDIA GPU may be present on this machine, but a CUDA-enabled jaxlib is not installed. Falling back to cpu.
ERROR:2026-09-26 19:45:57,425:jax._src.xla_bridge:487: Jax plugin configuration error: Exception when calling jax_plugins.xla_cuda12.initialize()
Traceback (most recent call last):
  File "/root/dd/degradation-degeneracy/.venv/lib/python3.12/site-packages/jax_plugins/xla_cuda12/__init__.py", line 201, in _version_check
    version = get_version()
              ^^^^^^^^^^^^^
RuntimeError: jaxlib/cuda/versions_helpers.cc:81: operation cusparseGetProperty(MAJOR_VERSION, &major) failed: The cuSPARSE library was not found.

The above exception was the direct cause of the following exception:

Traceback (most recent call last):
  File "/root/dd/degradation-degeneracy/.venv/lib/python3.12/site-packages/jax/_src/xla_bridge.py", line 485, in discover_pjrt_plugins
    plugin_module.initialize()
  File "/root/dd/degradation-degeneracy/.venv/lib/python3.12/site-packages/jax_plugins/xla_cuda12/__init__.py", line 328, in initialize
    _check_cuda_versions(raise_on_first_error=True)
  File "/root/dd/degradation-degeneracy/.venv/lib/python3.12/site-packages/jax_plugins/xla_cuda12/__init__.py", line 266, in _check_cuda_versions
    _version_check("cuSPARSE", cuda_versions.cusparse_get_version,
  File "/root/dd/degradation-degeneracy/.venv/lib/python3.12/site-packages/jax_plugins/xla_cuda12/__init__.py", line 205, in _version_check
    raise RuntimeError(err_msg) from e
RuntimeError: Unable to load cuSPARSE. Is it installed?
WARNING:2026-09-26 19:45:57,432:jax._src.xla_bridge:864: An NVIDIA GPU may be present on this machine, but a CUDA-enabled jaxlib is not installed. Falling back to cpu.
ERROR:2026-09-26 19:45:57,448:jax._src.xla_bridge:487: Jax plugin configuration error: Exception when calling jax_plugins.xla_cuda12.initialize()
Traceback (most recent call last):
  File "/root/dd/degradation-degeneracy/.venv/lib/python3.12/site-packages/jax_plugins/xla_cuda12/__init__.py", line 201, in _version_check
    version = get_version()
              ^^^^^^^^^^^^^
RuntimeError: jaxlib/cuda/versions_helpers.cc:81: operation cusparseGetProperty(MAJOR_VERSION, &major) failed: The cuSPARSE library was not found.

The above exception was the direct cause of the following exception:

Traceback (most recent call last):
  File "/root/dd/degradation-degeneracy/.venv/lib/python3.12/site-packages/jax/_src/xla_bridge.py", line 485, in discover_pjrt_plugins
    plugin_module.initialize()
  File "/root/dd/degradation-degeneracy/.venv/lib/python3.12/site-packages/jax_plugins/xla_cuda12/__init__.py", line 328, in initialize
    _check_cuda_versions(raise_on_first_error=True)
  File "/root/dd/degradation-degeneracy/.venv/lib/python3.12/site-packages/jax_plugins/xla_cuda12/__init__.py", line 266, in _check_cuda_versions
    _version_check("cuSPARSE", cuda_versions.cusparse_get_version,
  File "/root/dd/degradation-degeneracy/.venv/lib/python3.12/site-packages/jax_plugins/xla_cuda12/__init__.py", line 205, in _version_check
    raise RuntimeError(err_msg) from e
RuntimeError: Unable to load cuSPARSE. Is it installed?
ERROR:2026-09-26 19:45:57,451:jax._src.xla_bridge:487: Jax plugin configuration error: Exception when calling jax_plugins.xla_cuda12.initialize()
Traceback (most recent call last):
  File "/root/dd/degradation-degeneracy/.venv/lib/python3.12/site-packages/jax_plugins/xla_cuda12/__init__.py", line 201, in _version_check
    version = get_version()
              ^^^^^^^^^^^^^
RuntimeError: jaxlib/cuda/versions_helpers.cc:81: operation cusparseGetProperty(MAJOR_VERSION, &major) failed: The cuSPARSE library was not found.

The above exception was the direct cause of the following exception:

Traceback (most recent call last):
  File "/root/dd/degradation-degeneracy/.venv/lib/python3.12/site-packages/jax/_src/xla_bridge.py", line 485, in discover_pjrt_plugins
    plugin_module.initialize()
  File "/root/dd/degradation-degeneracy/.venv/lib/python3.12/site-packages/jax_plugins/xla_cuda12/__init__.py", line 328, in initialize
    _check_cuda_versions(raise_on_first_error=True)
  File "/root/dd/degradation-degeneracy/.venv/lib/python3.12/site-packages/jax_plugins/xla_cuda12/__init__.py", line 266, in _check_cuda_versions
    _version_check("cuSPARSE", cuda_versions.cusparse_get_version,
  File "/root/dd/degradation-degeneracy/.venv/lib/python3.12/site-packages/jax_plugins/xla_cuda12/__init__.py", line 205, in _version_check
    raise RuntimeError(err_msg) from e
RuntimeError: Unable to load cuSPARSE. Is it installed?
WARNING:2026-09-26 19:45:57,458:jax._src.xla_bridge:864: An NVIDIA GPU may be present on this machine, but a CUDA-enabled jaxlib is not installed. Falling back to cpu.
WARNING:2026-09-26 19:45:57,461:jax._src.xla_bridge:864: An NVIDIA GPU may be present on this machine, but a CUDA-enabled jaxlib is not installed. Falling back to cpu.
ERROR:2026-09-26 19:45:57,512:jax._src.xla_bridge:487: Jax plugin configuration error: Exception when calling jax_plugins.xla_cuda12.initialize()
Traceback (most recent call last):
  File "/root/dd/degradation-degeneracy/.venv/lib/python3.12/site-packages/jax_plugins/xla_cuda12/__init__.py", line 201, in _version_check
    version = get_version()
              ^^^^^^^^^^^^^
RuntimeError: jaxlib/cuda/versions_helpers.cc:81: operation cusparseGetProperty(MAJOR_VERSION, &major) failed: The cuSPARSE library was not found.

The above exception was the direct cause of the following exception:

Traceback (most recent call last):
  File "/root/dd/degradation-degeneracy/.venv/lib/python3.12/site-packages/jax/_src/xla_bridge.py", line 485, in discover_pjrt_plugins
    plugin_module.initialize()
  File "/root/dd/degradation-degeneracy/.venv/lib/python3.12/site-packages/jax_plugins/xla_cuda12/__init__.py", line 328, in initialize
    _check_cuda_versions(raise_on_first_error=True)
  File "/root/dd/degradation-degeneracy/.venv/lib/python3.12/site-packages/jax_plugins/xla_cuda12/__init__.py", line 266, in _check_cuda_versions
    _version_check("cuSPARSE", cuda_versions.cusparse_get_version,
  File "/root/dd/degradation-degeneracy/.venv/lib/python3.12/site-packages/jax_plugins/xla_cuda12/__init__.py", line 205, in _version_check
    raise RuntimeError(err_msg) from e
RuntimeError: Unable to load cuSPARSE. Is it installed?
WARNING:2026-09-26 19:45:57,526:jax._src.xla_bridge:864: An NVIDIA GPU may be present on this machine, but a CUDA-enabled jaxlib is not installed. Falling back to cpu.
ERROR:2026-09-26 19:45:57,795:jax._src.xla_bridge:487: Jax plugin configuration error: Exception when calling jax_plugins.xla_cuda12.initialize()
Traceback (most recent call last):
  File "/root/dd/degradation-degeneracy/.venv/lib/python3.12/site-packages/jax_plugins/xla_cuda12/__init__.py", line 201, in _version_check
    version = get_version()
              ^^^^^^^^^^^^^
RuntimeError: jaxlib/cuda/versions_helpers.cc:81: operation cusparseGetProperty(MAJOR_VERSION, &major) failed: The cuSPARSE library was not found.

The above exception was the direct cause of the following exception:

Traceback (most recent call last):
  File "/root/dd/degradation-degeneracy/.venv/lib/python3.12/site-packages/jax/_src/xla_bridge.py", line 485, in discover_pjrt_plugins
    plugin_module.initialize()
  File "/root/dd/degradation-degeneracy/.venv/lib/python3.12/site-packages/jax_plugins/xla_cuda12/__init__.py", line 328, in initialize
    _check_cuda_versions(raise_on_first_error=True)
  File "/root/dd/degradation-degeneracy/.venv/lib/python3.12/site-packages/jax_plugins/xla_cuda12/__init__.py", line 266, in _check_cuda_versions
    _version_check("cuSPARSE", cuda_versions.cusparse_get_version,
  File "/root/dd/degradation-degeneracy/.venv/lib/python3.12/site-packages/jax_plugins/xla_cuda12/__init__.py", line 205, in _version_check
    raise RuntimeError(err_msg) from e
RuntimeError: Unable to load cuSPARSE. Is it installed?
WARNING:2026-09-26 19:45:57,804:jax._src.xla_bridge:864: An NVIDIA GPU may be present on this machine, but a CUDA-enabled jaxlib is not installed. Falling back to cpu.
ERROR:2026-09-26 19:45:57,805:jax._src.xla_bridge:487: Jax plugin configuration error: Exception when calling jax_plugins.xla_cuda12.initialize()
Traceback (most recent call last):
  File "/root/dd/degradation-degeneracy/.venv/lib/python3.12/site-packages/jax_plugins/xla_cuda12/__init__.py", line 201, in _version_check
    version = get_version()
              ^^^^^^^^^^^^^
RuntimeError: jaxlib/cuda/versions_helpers.cc:81: operation cusparseGetProperty(MAJOR_VERSION, &major) failed: The cuSPARSE library was not found.

The above exception was the direct cause of the following exception:

Traceback (most recent call last):
  File "/root/dd/degradation-degeneracy/.venv/lib/python3.12/site-packages/jax/_src/xla_bridge.py", line 485, in discover_pjrt_plugins
    plugin_module.initialize()
  File "/root/dd/degradation-degeneracy/.venv/lib/python3.12/site-packages/jax_plugins/xla_cuda12/__init__.py", line 328, in initialize
    _check_cuda_versions(raise_on_first_error=True)
  File "/root/dd/degradation-degeneracy/.venv/lib/python3.12/site-packages/jax_plugins/xla_cuda12/__init__.py", line 266, in _check_cuda_versions
    _version_check("cuSPARSE", cuda_versions.cusparse_get_version,
  File "/root/dd/degradation-degeneracy/.venv/lib/python3.12/site-packages/jax_plugins/xla_cuda12/__init__.py", line 205, in _version_check
    raise RuntimeError(err_msg) from e
RuntimeError: Unable to load cuSPARSE. Is it installed?
WARNING:2026-09-26 19:45:57,829:jax._src.xla_bridge:864: An NVIDIA GPU may be present on this machine, but a CUDA-enabled jaxlib is not installed. Falling back to cpu.
grid:   7%|▋         | 200/3069 [00:54<13:08,  3.64cond/s]/root/dd/degradation-degeneracy/.venv/lib/python3.12/site-packages/joblib/externals/loky/process_executor.py:787: UserWarning: A worker stopped while some jobs were given to the executor. This can be caused by a too short worker timeout or by a memory leak.
  warnings.warn(
ERROR:2026-09-26 19:47:31,013:jax._src.xla_bridge:487: Jax plugin configuration error: Exception when calling jax_plugins.xla_cuda12.initialize()
Traceback (most recent call last):
  File "/root/dd/degradation-degeneracy/.venv/lib/python3.12/site-packages/jax_plugins/xla_cuda12/__init__.py", line 201, in _version_check
    version = get_version()
              ^^^^^^^^^^^^^
RuntimeError: jaxlib/cuda/versions_helpers.cc:81: operation cusparseGetProperty(MAJOR_VERSION, &major) failed: The cuSPARSE library was not found.

The above exception was the direct cause of the following exception:

Traceback (most recent call last):
  File "/root/dd/degradation-degeneracy/.venv/lib/python3.12/site-packages/jax/_src/xla_bridge.py", line 485, in discover_pjrt_plugins
    plugin_module.initialize()
  File "/root/dd/degradation-degeneracy/.venv/lib/python3.12/site-packages/jax_plugins/xla_cuda12/__init__.py", line 328, in initialize
    _check_cuda_versions(raise_on_first_error=True)
  File "/root/dd/degradation-degeneracy/.venv/lib/python3.12/site-packages/jax_plugins/xla_cuda12/__init__.py", line 266, in _check_cuda_versions
    _version_check("cuSPARSE", cuda_versions.cusparse_get_version,
  File "/root/dd/degradation-degeneracy/.venv/lib/python3.12/site-packages/jax_plugins/xla_cuda12/__init__.py", line 205, in _version_check
    raise RuntimeError(err_msg) from e
RuntimeError: Unable to load cuSPARSE. Is it installed?
WARNING:2026-09-26 19:47:31,024:jax._src.xla_bridge:864: An NVIDIA GPU may be present on this machine, but a CUDA-enabled jaxlib is not installed. Falling back to cpu.
ERROR:2026-09-26 19:47:31,982:jax._src.xla_bridge:487: Jax plugin configuration error: Exception when calling jax_plugins.xla_cuda12.initialize()
Traceback (most recent call last):
  File "/root/dd/degradation-degeneracy/.venv/lib/python3.12/site-packages/jax_plugins/xla_cuda12/__init__.py", line 201, in _version_check
    version = get_version()
              ^^^^^^^^^^^^^
RuntimeError: jaxlib/cuda/versions_helpers.cc:81: operation cusparseGetProperty(MAJOR_VERSION, &major) failed: The cuSPARSE library was not found.

The above exception was the direct cause of the following exception:

Traceback (most recent call last):
  File "/root/dd/degradation-degeneracy/.venv/lib/python3.12/site-packages/jax/_src/xla_bridge.py", line 485, in discover_pjrt_plugins
    plugin_module.initialize()
  File "/root/dd/degradation-degeneracy/.venv/lib/python3.12/site-packages/jax_plugins/xla_cuda12/__init__.py", line 328, in initialize
    _check_cuda_versions(raise_on_first_error=True)
  File "/root/dd/degradation-degeneracy/.venv/lib/python3.12/site-packages/jax_plugins/xla_cuda12/__init__.py", line 266, in _check_cuda_versions
    _version_check("cuSPARSE", cuda_versions.cusparse_get_version,
  File "/root/dd/degradation-degeneracy/.venv/lib/python3.12/site-packages/jax_plugins/xla_cuda12/__init__.py", line 205, in _version_check
    raise RuntimeError(err_msg) from e
RuntimeError: Unable to load cuSPARSE. Is it installed?
WARNING:2026-09-26 19:47:31,991:jax._src.xla_bridge:864: An NVIDIA GPU may be present on this machine, but a CUDA-enabled jaxlib is not installed. Falling back to cpu.
grid:  13%|█▎        | 400/3069 [01:44<11:34,  3.84cond/s]/root/dd/degradation-degeneracy/.venv/lib/python3.12/site-packages/joblib/externals/loky/process_executor.py:787: UserWarning: A worker stopped while some jobs were given to the executor. This can be caused by a too short worker timeout or by a memory leak.
  warnings.warn(
ERROR:2026-09-26 19:47:53,205:jax._src.xla_bridge:487: Jax plugin configuration error: Exception when calling jax_plugins.xla_cuda12.initialize()
Traceback (most recent call last):
  File "/root/dd/degradation-degeneracy/.venv/lib/python3.12/site-packages/jax_plugins/xla_cuda12/__init__.py", line 201, in _version_check
    version = get_version()
              ^^^^^^^^^^^^^
RuntimeError: jaxlib/cuda/versions_helpers.cc:81: operation cusparseGetProperty(MAJOR_VERSION, &major) failed: The cuSPARSE library was not found.

The above exception was the direct cause of the following exception:

Traceback (most recent call last):
  File "/root/dd/degradation-degeneracy/.venv/lib/python3.12/site-packages/jax/_src/xla_bridge.py", line 485, in discover_pjrt_plugins
    plugin_module.initialize()
  File "/root/dd/degradation-degeneracy/.venv/lib/python3.12/site-packages/jax_plugins/xla_cuda12/__init__.py", line 328, in initialize
    _check_cuda_versions(raise_on_first_error=True)
  File "/root/dd/degradation-degeneracy/.venv/lib/python3.12/site-packages/jax_plugins/xla_cuda12/__init__.py", line 266, in _check_cuda_versions
    _version_check("cuSPARSE", cuda_versions.cusparse_get_version,
  File "/root/dd/degradation-degeneracy/.venv/lib/python3.12/site-packages/jax_plugins/xla_cuda12/__init__.py", line 205, in _version_check
    raise RuntimeError(err_msg) from e
RuntimeError: Unable to load cuSPARSE. Is it installed?
WARNING:2026-09-26 19:47:53,222:jax._src.xla_bridge:864: An NVIDIA GPU may be present on this machine, but a CUDA-enabled jaxlib is not installed. Falling back to cpu.
ERROR:2026-09-26 19:48:05,652:jax._src.xla_bridge:487: Jax plugin configuration error: Exception when calling jax_plugins.xla_cuda12.initialize()
Traceback (most recent call last):
  File "/root/dd/degradation-degeneracy/.venv/lib/python3.12/site-packages/jax_plugins/xla_cuda12/__init__.py", line 201, in _version_check
    version = get_version()
              ^^^^^^^^^^^^^
RuntimeError: jaxlib/cuda/versions_helpers.cc:81: operation cusparseGetProperty(MAJOR_VERSION, &major) failed: The cuSPARSE library was not found.

The above exception was the direct cause of the following exception:

Traceback (most recent call last):
  File "/root/dd/degradation-degeneracy/.venv/lib/python3.12/site-packages/jax/_src/xla_bridge.py", line 485, in discover_pjrt_plugins
    plugin_module.initialize()
  File "/root/dd/degradation-degeneracy/.venv/lib/python3.12/site-packages/jax_plugins/xla_cuda12/__init__.py", line 328, in initialize
    _check_cuda_versions(raise_on_first_error=True)
  File "/root/dd/degradation-degeneracy/.venv/lib/python3.12/site-packages/jax_plugins/xla_cuda12/__init__.py", line 266, in _check_cuda_versions
    _version_check("cuSPARSE", cuda_versions.cusparse_get_version,
  File "/root/dd/degradation-degeneracy/.venv/lib/python3.12/site-packages/jax_plugins/xla_cuda12/__init__.py", line 205, in _version_check
    raise RuntimeError(err_msg) from e
RuntimeError: Unable to load cuSPARSE. Is it installed?
WARNING:2026-09-26 19:48:05,665:jax._src.xla_bridge:864: An NVIDIA GPU may be present on this machine, but a CUDA-enabled jaxlib is not installed. Falling back to cpu.
ERROR:2026-09-26 19:48:06,783:jax._src.xla_bridge:487: Jax plugin configuration error: Exception when calling jax_plugins.xla_cuda12.initialize()
Traceback (most recent call last):
  File "/root/dd/degradation-degeneracy/.venv/lib/python3.12/site-packages/jax_plugins/xla_cuda12/__init__.py", line 201, in _version_check
    version = get_version()
              ^^^^^^^^^^^^^
RuntimeError: jaxlib/cuda/versions_helpers.cc:81: operation cusparseGetProperty(MAJOR_VERSION, &major) failed: The cuSPARSE library was not found.

The above exception was the direct cause of the following exception:

Traceback (most recent call last):
  File "/root/dd/degradation-degeneracy/.venv/lib/python3.12/site-packages/jax/_src/xla_bridge.py", line 485, in discover_pjrt_plugins
    plugin_module.initialize()
  File "/root/dd/degradation-degeneracy/.venv/lib/python3.12/site-packages/jax_plugins/xla_cuda12/__init__.py", line 328, in initialize
    _check_cuda_versions(raise_on_first_error=True)
  File "/root/dd/degradation-degeneracy/.venv/lib/python3.12/site-packages/jax_plugins/xla_cuda12/__init__.py", line 266, in _check_cuda_versions
    _version_check("cuSPARSE", cuda_versions.cusparse_get_version,
  File "/root/dd/degradation-degeneracy/.venv/lib/python3.12/site-packages/jax_plugins/xla_cuda12/__init__.py", line 205, in _version_check
    raise RuntimeError(err_msg) from e
RuntimeError: Unable to load cuSPARSE. Is it installed?
WARNING:2026-09-26 19:48:06,796:jax._src.xla_bridge:864: An NVIDIA GPU may be present on this machine, but a CUDA-enabled jaxlib is not installed. Falling back to cpu.
grid:  20%|█▉        | 600/3069 [02:35<10:31,  3.91cond/s]/root/dd/degradation-degeneracy/.venv/lib/python3.12/site-packages/joblib/externals/loky/process_executor.py:787: UserWarning: A worker stopped while some jobs were given to the executor. This can be caused by a too short worker timeout or by a memory leak.
  warnings.warn(
ERROR:2026-09-26 19:48:57,960:jax._src.xla_bridge:487: Jax plugin configuration error: Exception when calling jax_plugins.xla_cuda12.initialize()
Traceback (most recent call last):
  File "/root/dd/degradation-degeneracy/.venv/lib/python3.12/site-packages/jax_plugins/xla_cuda12/__init__.py", line 201, in _version_check
    version = get_version()
              ^^^^^^^^^^^^^
RuntimeError: jaxlib/cuda/versions_helpers.cc:81: operation cusparseGetProperty(MAJOR_VERSION, &major) failed: The cuSPARSE library was not found.

The above exception was the direct cause of the following exception:

Traceback (most recent call last):
  File "/root/dd/degradation-degeneracy/.venv/lib/python3.12/site-packages/jax/_src/xla_bridge.py", line 485, in discover_pjrt_plugins
    plugin_module.initialize()
  File "/root/dd/degradation-degeneracy/.venv/lib/python3.12/site-packages/jax_plugins/xla_cuda12/__init__.py", line 328, in initialize
    _check_cuda_versions(raise_on_first_error=True)
  File "/root/dd/degradation-degeneracy/.venv/lib/python3.12/site-packages/jax_plugins/xla_cuda12/__init__.py", line 266, in _check_cuda_versions
    _version_check("cuSPARSE", cuda_versions.cusparse_get_version,
  File "/root/dd/degradation-degeneracy/.venv/lib/python3.12/site-packages/jax_plugins/xla_cuda12/__init__.py", line 205, in _version_check
    raise RuntimeError(err_msg) from e
RuntimeError: Unable to load cuSPARSE. Is it installed?
WARNING:2026-09-26 19:48:57,973:jax._src.xla_bridge:864: An NVIDIA GPU may be present on this machine, but a CUDA-enabled jaxlib is not installed. Falling back to cpu.
ERROR:2026-09-26 19:49:07,534:jax._src.xla_bridge:487: Jax plugin configuration error: Exception when calling jax_plugins.xla_cuda12.initialize()
Traceback (most recent call last):
  File "/root/dd/degradation-degeneracy/.venv/lib/python3.12/site-packages/jax_plugins/xla_cuda12/__init__.py", line 201, in _version_check
    version = get_version()
              ^^^^^^^^^^^^^
RuntimeError: jaxlib/cuda/versions_helpers.cc:81: operation cusparseGetProperty(MAJOR_VERSION, &major) failed: The cuSPARSE library was not found.

The above exception was the direct cause of the following exception:

Traceback (most recent call last):
  File "/root/dd/degradation-degeneracy/.venv/lib/python3.12/site-packages/jax/_src/xla_bridge.py", line 485, in discover_pjrt_plugins
    plugin_module.initialize()
  File "/root/dd/degradation-degeneracy/.venv/lib/python3.12/site-packages/jax_plugins/xla_cuda12/__init__.py", line 328, in initialize
    _check_cuda_versions(raise_on_first_error=True)
  File "/root/dd/degradation-degeneracy/.venv/lib/python3.12/site-packages/jax_plugins/xla_cuda12/__init__.py", line 266, in _check_cuda_versions
    _version_check("cuSPARSE", cuda_versions.cusparse_get_version,
  File "/root/dd/degradation-degeneracy/.venv/lib/python3.12/site-packages/jax_plugins/xla_cuda12/__init__.py", line 205, in _version_check
    raise RuntimeError(err_msg) from e
RuntimeError: Unable to load cuSPARSE. Is it installed?
WARNING:2026-09-26 19:49:07,544:jax._src.xla_bridge:864: An NVIDIA GPU may be present on this machine, but a CUDA-enabled jaxlib is not installed. Falling back to cpu.
ERROR:2026-09-26 19:49:14,680:jax._src.xla_bridge:487: Jax plugin configuration error: Exception when calling jax_plugins.xla_cuda12.initialize()
Traceback (most recent call last):
  File "/root/dd/degradation-degeneracy/.venv/lib/python3.12/site-packages/jax_plugins/xla_cuda12/__init__.py", line 201, in _version_check
    version = get_version()
              ^^^^^^^^^^^^^
RuntimeError: jaxlib/cuda/versions_helpers.cc:81: operation cusparseGetProperty(MAJOR_VERSION, &major) failed: The cuSPARSE library was not found.

The above exception was the direct cause of the following exception:

Traceback (most recent call last):
  File "/root/dd/degradation-degeneracy/.venv/lib/python3.12/site-packages/jax/_src/xla_bridge.py", line 485, in discover_pjrt_plugins
    plugin_module.initialize()
  File "/root/dd/degradation-degeneracy/.venv/lib/python3.12/site-packages/jax_plugins/xla_cuda12/__init__.py", line 328, in initialize
    _check_cuda_versions(raise_on_first_error=True)
  File "/root/dd/degradation-degeneracy/.venv/lib/python3.12/site-packages/jax_plugins/xla_cuda12/__init__.py", line 266, in _check_cuda_versions
    _version_check("cuSPARSE", cuda_versions.cusparse_get_version,
  File "/root/dd/degradation-degeneracy/.venv/lib/python3.12/site-packages/jax_plugins/xla_cuda12/__init__.py", line 205, in _version_check
    raise RuntimeError(err_msg) from e
RuntimeError: Unable to load cuSPARSE. Is it installed?
WARNING:2026-09-26 19:49:14,689:jax._src.xla_bridge:864: An NVIDIA GPU may be present on this machine, but a CUDA-enabled jaxlib is not installed. Falling back to cpu.
grid:  26%|██▌       | 800/3069 [03:26<09:39,  3.91cond/s]/root/dd/degradation-degeneracy/.venv/lib/python3.12/site-packages/joblib/externals/loky/process_executor.py:787: UserWarning: A worker stopped while some jobs were given to the executor. This can be caused by a too short worker timeout or by a memory leak.
  warnings.warn(
ERROR:2026-09-26 19:49:57,343:jax._src.xla_bridge:487: Jax plugin configuration error: Exception when calling jax_plugins.xla_cuda12.initialize()
Traceback (most recent call last):
  File "/root/dd/degradation-degeneracy/.venv/lib/python3.12/site-packages/jax_plugins/xla_cuda12/__init__.py", line 201, in _version_check
    version = get_version()
              ^^^^^^^^^^^^^
RuntimeError: jaxlib/cuda/versions_helpers.cc:81: operation cusparseGetProperty(MAJOR_VERSION, &major) failed: The cuSPARSE library was not found.

The above exception was the direct cause of the following exception:

Traceback (most recent call last):
  File "/root/dd/degradation-degeneracy/.venv/lib/python3.12/site-packages/jax/_src/xla_bridge.py", line 485, in discover_pjrt_plugins
    plugin_module.initialize()
  File "/root/dd/degradation-degeneracy/.venv/lib/python3.12/site-packages/jax_plugins/xla_cuda12/__init__.py", line 328, in initialize
    _check_cuda_versions(raise_on_first_error=True)
  File "/root/dd/degradation-degeneracy/.venv/lib/python3.12/site-packages/jax_plugins/xla_cuda12/__init__.py", line 266, in _check_cuda_versions
    _version_check("cuSPARSE", cuda_versions.cusparse_get_version,
  File "/root/dd/degradation-degeneracy/.venv/lib/python3.12/site-packages/jax_plugins/xla_cuda12/__init__.py", line 205, in _version_check
    raise RuntimeError(err_msg) from e
RuntimeError: Unable to load cuSPARSE. Is it installed?
WARNING:2026-09-26 19:49:57,356:jax._src.xla_bridge:864: An NVIDIA GPU may be present on this machine, but a CUDA-enabled jaxlib is not installed. Falling back to cpu.
grid:  33%|███▎      | 1000/3069 [04:15<08:42,  3.96cond/s]grid:  39%|███▉      | 1200/3069 [05:04<07:46,  4.01cond/s]/root/dd/degradation-degeneracy/.venv/lib/python3.12/site-packages/joblib/externals/loky/process_executor.py:787: UserWarning: A worker stopped while some jobs were given to the executor. This can be caused by a too short worker timeout or by a memory leak.
  warnings.warn(
ERROR:2026-09-26 19:51:17,370:jax._src.xla_bridge:487: Jax plugin configuration error: Exception when calling jax_plugins.xla_cuda12.initialize()
Traceback (most recent call last):
  File "/root/dd/degradation-degeneracy/.venv/lib/python3.12/site-packages/jax_plugins/xla_cuda12/__init__.py", line 201, in _version_check
    version = get_version()
              ^^^^^^^^^^^^^
RuntimeError: jaxlib/cuda/versions_helpers.cc:81: operation cusparseGetProperty(MAJOR_VERSION, &major) failed: The cuSPARSE library was not found.

The above exception was the direct cause of the following exception:

Traceback (most recent call last):
  File "/root/dd/degradation-degeneracy/.venv/lib/python3.12/site-packages/jax/_src/xla_bridge.py", line 485, in discover_pjrt_plugins
    plugin_module.initialize()
  File "/root/dd/degradation-degeneracy/.venv/lib/python3.12/site-packages/jax_plugins/xla_cuda12/__init__.py", line 328, in initialize
    _check_cuda_versions(raise_on_first_error=True)
  File "/root/dd/degradation-degeneracy/.venv/lib/python3.12/site-packages/jax_plugins/xla_cuda12/__init__.py", line 266, in _check_cuda_versions
    _version_check("cuSPARSE", cuda_versions.cusparse_get_version,
  File "/root/dd/degradation-degeneracy/.venv/lib/python3.12/site-packages/jax_plugins/xla_cuda12/__init__.py", line 205, in _version_check
    raise RuntimeError(err_msg) from e
RuntimeError: Unable to load cuSPARSE. Is it installed?
WARNING:2026-09-26 19:51:17,382:jax._src.xla_bridge:864: An NVIDIA GPU may be present on this machine, but a CUDA-enabled jaxlib is not installed. Falling back to cpu.
ERROR:2026-09-26 19:51:21,635:jax._src.xla_bridge:487: Jax plugin configuration error: Exception when calling jax_plugins.xla_cuda12.initialize()
Traceback (most recent call last):
  File "/root/dd/degradation-degeneracy/.venv/lib/python3.12/site-packages/jax_plugins/xla_cuda12/__init__.py", line 201, in _version_check
    version = get_version()
              ^^^^^^^^^^^^^
RuntimeError: jaxlib/cuda/versions_helpers.cc:81: operation cusparseGetProperty(MAJOR_VERSION, &major) failed: The cuSPARSE library was not found.

The above exception was the direct cause of the following exception:

Traceback (most recent call last):
  File "/root/dd/degradation-degeneracy/.venv/lib/python3.12/site-packages/jax/_src/xla_bridge.py", line 485, in discover_pjrt_plugins
    plugin_module.initialize()
  File "/root/dd/degradation-degeneracy/.venv/lib/python3.12/site-packages/jax_plugins/xla_cuda12/__init__.py", line 328, in initialize
    _check_cuda_versions(raise_on_first_error=True)
  File "/root/dd/degradation-degeneracy/.venv/lib/python3.12/site-packages/jax_plugins/xla_cuda12/__init__.py", line 266, in _check_cuda_versions
    _version_check("cuSPARSE", cuda_versions.cusparse_get_version,
  File "/root/dd/degradation-degeneracy/.venv/lib/python3.12/site-packages/jax_plugins/xla_cuda12/__init__.py", line 205, in _version_check
    raise RuntimeError(err_msg) from e
RuntimeError: Unable to load cuSPARSE. Is it installed?
WARNING:2026-09-26 19:51:21,649:jax._src.xla_bridge:864: An NVIDIA GPU may be present on this machine, but a CUDA-enabled jaxlib is not installed. Falling back to cpu.
grid:  46%|████▌     | 1400/3069 [05:53<06:55,  4.02cond/s]/root/dd/degradation-degeneracy/.venv/lib/python3.12/site-packages/joblib/externals/loky/process_executor.py:787: UserWarning: A worker stopped while some jobs were given to the executor. This can be caused by a too short worker timeout or by a memory leak.
  warnings.warn(
grid:  52%|█████▏    | 1600/3069 [06:42<06:02,  4.05cond/s]ERROR:2026-09-26 19:52:39,764:jax._src.xla_bridge:487: Jax plugin configuration error: Exception when calling jax_plugins.xla_cuda12.initialize()
Traceback (most recent call last):
  File "/root/dd/degradation-degeneracy/.venv/lib/python3.12/site-packages/jax_plugins/xla_cuda12/__init__.py", line 201, in _version_check
    version = get_version()
              ^^^^^^^^^^^^^
RuntimeError: jaxlib/cuda/versions_helpers.cc:81: operation cusparseGetProperty(MAJOR_VERSION, &major) failed: The cuSPARSE library was not found.

The above exception was the direct cause of the following exception:

Traceback (most recent call last):
  File "/root/dd/degradation-degeneracy/.venv/lib/python3.12/site-packages/jax/_src/xla_bridge.py", line 485, in discover_pjrt_plugins
    plugin_module.initialize()
  File "/root/dd/degradation-degeneracy/.venv/lib/python3.12/site-packages/jax_plugins/xla_cuda12/__init__.py", line 328, in initialize
    _check_cuda_versions(raise_on_first_error=True)
  File "/root/dd/degradation-degeneracy/.venv/lib/python3.12/site-packages/jax_plugins/xla_cuda12/__init__.py", line 266, in _check_cuda_versions
    _version_check("cuSPARSE", cuda_versions.cusparse_get_version,
  File "/root/dd/degradation-degeneracy/.venv/lib/python3.12/site-packages/jax_plugins/xla_cuda12/__init__.py", line 205, in _version_check
    raise RuntimeError(err_msg) from e
RuntimeError: Unable to load cuSPARSE. Is it installed?
WARNING:2026-09-26 19:52:39,787:jax._src.xla_bridge:864: An NVIDIA GPU may be present on this machine, but a CUDA-enabled jaxlib is not installed. Falling back to cpu.
grid:  59%|█████▊    | 1800/3069 [07:31<05:13,  4.05cond/s]/root/dd/degradation-degeneracy/.venv/lib/python3.12/site-packages/joblib/externals/loky/process_executor.py:787: UserWarning: A worker stopped while some jobs were given to the executor. This can be caused by a too short worker timeout or by a memory leak.
  warnings.warn(
ERROR:2026-09-26 19:54:04,385:jax._src.xla_bridge:487: Jax plugin configuration error: Exception when calling jax_plugins.xla_cuda12.initialize()
Traceback (most recent call last):
  File "/root/dd/degradation-degeneracy/.venv/lib/python3.12/site-packages/jax_plugins/xla_cuda12/__init__.py", line 201, in _version_check
    version = get_version()
              ^^^^^^^^^^^^^
RuntimeError: jaxlib/cuda/versions_helpers.cc:81: operation cusparseGetProperty(MAJOR_VERSION, &major) failed: The cuSPARSE library was not found.

The above exception was the direct cause of the following exception:

Traceback (most recent call last):
  File "/root/dd/degradation-degeneracy/.venv/lib/python3.12/site-packages/jax/_src/xla_bridge.py", line 485, in discover_pjrt_plugins
    plugin_module.initialize()
  File "/root/dd/degradation-degeneracy/.venv/lib/python3.12/site-packages/jax_plugins/xla_cuda12/__init__.py", line 328, in initialize
    _check_cuda_versions(raise_on_first_error=True)
  File "/root/dd/degradation-degeneracy/.venv/lib/python3.12/site-packages/jax_plugins/xla_cuda12/__init__.py", line 266, in _check_cuda_versions
    _version_check("cuSPARSE", cuda_versions.cusparse_get_version,
  File "/root/dd/degradation-degeneracy/.venv/lib/python3.12/site-packages/jax_plugins/xla_cuda12/__init__.py", line 205, in _version_check
    raise RuntimeError(err_msg) from e
RuntimeError: Unable to load cuSPARSE. Is it installed?
WARNING:2026-09-26 19:54:04,399:jax._src.xla_bridge:864: An NVIDIA GPU may be present on this machine, but a CUDA-enabled jaxlib is not installed. Falling back to cpu.
grid:  65%|██████▌   | 2000/3069 [08:20<04:23,  4.06cond/s]/root/dd/degradation-degeneracy/.venv/lib/python3.12/site-packages/joblib/externals/loky/process_executor.py:787: UserWarning: A worker stopped while some jobs were given to the executor. This can be caused by a too short worker timeout or by a memory leak.
  warnings.warn(
ERROR:2026-09-26 19:54:48,722:jax._src.xla_bridge:487: Jax plugin configuration error: Exception when calling jax_plugins.xla_cuda12.initialize()
Traceback (most recent call last):
  File "/root/dd/degradation-degeneracy/.venv/lib/python3.12/site-packages/jax_plugins/xla_cuda12/__init__.py", line 201, in _version_check
    version = get_version()
              ^^^^^^^^^^^^^
RuntimeError: jaxlib/cuda/versions_helpers.cc:81: operation cusparseGetProperty(MAJOR_VERSION, &major) failed: The cuSPARSE library was not found.

The above exception was the direct cause of the following exception:

Traceback (most recent call last):
  File "/root/dd/degradation-degeneracy/.venv/lib/python3.12/site-packages/jax/_src/xla_bridge.py", line 485, in discover_pjrt_plugins
    plugin_module.initialize()
  File "/root/dd/degradation-degeneracy/.venv/lib/python3.12/site-packages/jax_plugins/xla_cuda12/__init__.py", line 328, in initialize
    _check_cuda_versions(raise_on_first_error=True)
  File "/root/dd/degradation-degeneracy/.venv/lib/python3.12/site-packages/jax_plugins/xla_cuda12/__init__.py", line 266, in _check_cuda_versions
    _version_check("cuSPARSE", cuda_versions.cusparse_get_version,
  File "/root/dd/degradation-degeneracy/.venv/lib/python3.12/site-packages/jax_plugins/xla_cuda12/__init__.py", line 205, in _version_check
    raise RuntimeError(err_msg) from e
RuntimeError: Unable to load cuSPARSE. Is it installed?
WARNING:2026-09-26 19:54:48,736:jax._src.xla_bridge:864: An NVIDIA GPU may be present on this machine, but a CUDA-enabled jaxlib is not installed. Falling back to cpu.
ERROR:2026-09-26 19:55:01,463:jax._src.xla_bridge:487: Jax plugin configuration error: Exception when calling jax_plugins.xla_cuda12.initialize()
Traceback (most recent call last):
  File "/root/dd/degradation-degeneracy/.venv/lib/python3.12/site-packages/jax_plugins/xla_cuda12/__init__.py", line 201, in _version_check
    version = get_version()
              ^^^^^^^^^^^^^
RuntimeError: jaxlib/cuda/versions_helpers.cc:81: operation cusparseGetProperty(MAJOR_VERSION, &major) failed: The cuSPARSE library was not found.

The above exception was the direct cause of the following exception:

Traceback (most recent call last):
  File "/root/dd/degradation-degeneracy/.venv/lib/python3.12/site-packages/jax/_src/xla_bridge.py", line 485, in discover_pjrt_plugins
    plugin_module.initialize()
  File "/root/dd/degradation-degeneracy/.venv/lib/python3.12/site-packages/jax_plugins/xla_cuda12/__init__.py", line 328, in initialize
    _check_cuda_versions(raise_on_first_error=True)
  File "/root/dd/degradation-degeneracy/.venv/lib/python3.12/site-packages/jax_plugins/xla_cuda12/__init__.py", line 266, in _check_cuda_versions
    _version_check("cuSPARSE", cuda_versions.cusparse_get_version,
  File "/root/dd/degradation-degeneracy/.venv/lib/python3.12/site-packages/jax_plugins/xla_cuda12/__init__.py", line 205, in _version_check
    raise RuntimeError(err_msg) from e
RuntimeError: Unable to load cuSPARSE. Is it installed?
WARNING:2026-09-26 19:55:01,470:jax._src.xla_bridge:864: An NVIDIA GPU may be present on this machine, but a CUDA-enabled jaxlib is not installed. Falling back to cpu.
grid:  72%|███████▏  | 2200/3069 [09:12<03:37,  3.99cond/s]/root/dd/degradation-degeneracy/.venv/lib/python3.12/site-packages/joblib/externals/loky/process_executor.py:787: UserWarning: A worker stopped while some jobs were given to the executor. This can be caused by a too short worker timeout or by a memory leak.
  warnings.warn(
ERROR:2026-09-26 19:55:31,586:jax._src.xla_bridge:487: Jax plugin configuration error: Exception when calling jax_plugins.xla_cuda12.initialize()
Traceback (most recent call last):
  File "/root/dd/degradation-degeneracy/.venv/lib/python3.12/site-packages/jax_plugins/xla_cuda12/__init__.py", line 201, in _version_check
    version = get_version()
              ^^^^^^^^^^^^^
RuntimeError: jaxlib/cuda/versions_helpers.cc:81: operation cusparseGetProperty(MAJOR_VERSION, &major) failed: The cuSPARSE library was not found.

The above exception was the direct cause of the following exception:

Traceback (most recent call last):
  File "/root/dd/degradation-degeneracy/.venv/lib/python3.12/site-packages/jax/_src/xla_bridge.py", line 485, in discover_pjrt_plugins
    plugin_module.initialize()
  File "/root/dd/degradation-degeneracy/.venv/lib/python3.12/site-packages/jax_plugins/xla_cuda12/__init__.py", line 328, in initialize
    _check_cuda_versions(raise_on_first_error=True)
  File "/root/dd/degradation-degeneracy/.venv/lib/python3.12/site-packages/jax_plugins/xla_cuda12/__init__.py", line 266, in _check_cuda_versions
    _version_check("cuSPARSE", cuda_versions.cusparse_get_version,
  File "/root/dd/degradation-degeneracy/.venv/lib/python3.12/site-packages/jax_plugins/xla_cuda12/__init__.py", line 205, in _version_check
    raise RuntimeError(err_msg) from e
RuntimeError: Unable to load cuSPARSE. Is it installed?
WARNING:2026-09-26 19:55:31,595:jax._src.xla_bridge:864: An NVIDIA GPU may be present on this machine, but a CUDA-enabled jaxlib is not installed. Falling back to cpu.
grid:  78%|███████▊  | 2400/3069 [10:02<02:46,  4.01cond/s]/root/dd/degradation-degeneracy/.venv/lib/python3.12/site-packages/joblib/externals/loky/process_executor.py:787: UserWarning: A worker stopped while some jobs were given to the executor. This can be caused by a too short worker timeout or by a memory leak.
  warnings.warn(
ERROR:2026-09-26 19:56:10,027:jax._src.xla_bridge:487: Jax plugin configuration error: Exception when calling jax_plugins.xla_cuda12.initialize()
Traceback (most recent call last):
  File "/root/dd/degradation-degeneracy/.venv/lib/python3.12/site-packages/jax_plugins/xla_cuda12/__init__.py", line 201, in _version_check
    version = get_version()
              ^^^^^^^^^^^^^
RuntimeError: jaxlib/cuda/versions_helpers.cc:81: operation cusparseGetProperty(MAJOR_VERSION, &major) failed: The cuSPARSE library was not found.

The above exception was the direct cause of the following exception:

Traceback (most recent call last):
  File "/root/dd/degradation-degeneracy/.venv/lib/python3.12/site-packages/jax/_src/xla_bridge.py", line 485, in discover_pjrt_plugins
    plugin_module.initialize()
  File "/root/dd/degradation-degeneracy/.venv/lib/python3.12/site-packages/jax_plugins/xla_cuda12/__init__.py", line 328, in initialize
    _check_cuda_versions(raise_on_first_error=True)
  File "/root/dd/degradation-degeneracy/.venv/lib/python3.12/site-packages/jax_plugins/xla_cuda12/__init__.py", line 266, in _check_cuda_versions
    _version_check("cuSPARSE", cuda_versions.cusparse_get_version,
  File "/root/dd/degradation-degeneracy/.venv/lib/python3.12/site-packages/jax_plugins/xla_cuda12/__init__.py", line 205, in _version_check
    raise RuntimeError(err_msg) from e
RuntimeError: Unable to load cuSPARSE. Is it installed?
WARNING:2026-09-26 19:56:10,043:jax._src.xla_bridge:864: An NVIDIA GPU may be present on this machine, but a CUDA-enabled jaxlib is not installed. Falling back to cpu.
ERROR:2026-09-26 19:56:15,419:jax._src.xla_bridge:487: Jax plugin configuration error: Exception when calling jax_plugins.xla_cuda12.initialize()
Traceback (most recent call last):
  File "/root/dd/degradation-degeneracy/.venv/lib/python3.12/site-packages/jax_plugins/xla_cuda12/__init__.py", line 201, in _version_check
    version = get_version()
              ^^^^^^^^^^^^^
RuntimeError: jaxlib/cuda/versions_helpers.cc:81: operation cusparseGetProperty(MAJOR_VERSION, &major) failed: The cuSPARSE library was not found.

The above exception was the direct cause of the following exception:

Traceback (most recent call last):
  File "/root/dd/degradation-degeneracy/.venv/lib/python3.12/site-packages/jax/_src/xla_bridge.py", line 485, in discover_pjrt_plugins
    plugin_module.initialize()
  File "/root/dd/degradation-degeneracy/.venv/lib/python3.12/site-packages/jax_plugins/xla_cuda12/__init__.py", line 328, in initialize
    _check_cuda_versions(raise_on_first_error=True)
  File "/root/dd/degradation-degeneracy/.venv/lib/python3.12/site-packages/jax_plugins/xla_cuda12/__init__.py", line 266, in _check_cuda_versions
    _version_check("cuSPARSE", cuda_versions.cusparse_get_version,
  File "/root/dd/degradation-degeneracy/.venv/lib/python3.12/site-packages/jax_plugins/xla_cuda12/__init__.py", line 205, in _version_check
    raise RuntimeError(err_msg) from e
RuntimeError: Unable to load cuSPARSE. Is it installed?
WARNING:2026-09-26 19:56:15,434:jax._src.xla_bridge:864: An NVIDIA GPU may be present on this machine, but a CUDA-enabled jaxlib is not installed. Falling back to cpu.
ERROR:2026-09-26 19:56:43,917:jax._src.xla_bridge:487: Jax plugin configuration error: Exception when calling jax_plugins.xla_cuda12.initialize()
Traceback (most recent call last):
  File "/root/dd/degradation-degeneracy/.venv/lib/python3.12/site-packages/jax_plugins/xla_cuda12/__init__.py", line 201, in _version_check
    version = get_version()
              ^^^^^^^^^^^^^
RuntimeError: jaxlib/cuda/versions_helpers.cc:81: operation cusparseGetProperty(MAJOR_VERSION, &major) failed: The cuSPARSE library was not found.

The above exception was the direct cause of the following exception:

Traceback (most recent call last):
  File "/root/dd/degradation-degeneracy/.venv/lib/python3.12/site-packages/jax/_src/xla_bridge.py", line 485, in discover_pjrt_plugins
    plugin_module.initialize()
  File "/root/dd/degradation-degeneracy/.venv/lib/python3.12/site-packages/jax_plugins/xla_cuda12/__init__.py", line 328, in initialize
    _check_cuda_versions(raise_on_first_error=True)
  File "/root/dd/degradation-degeneracy/.venv/lib/python3.12/site-packages/jax_plugins/xla_cuda12/__init__.py", line 266, in _check_cuda_versions
    _version_check("cuSPARSE", cuda_versions.cusparse_get_version,
  File "/root/dd/degradation-degeneracy/.venv/lib/python3.12/site-packages/jax_plugins/xla_cuda12/__init__.py", line 205, in _version_check
    raise RuntimeError(err_msg) from e
RuntimeError: Unable to load cuSPARSE. Is it installed?
WARNING:2026-09-26 19:56:43,925:jax._src.xla_bridge:864: An NVIDIA GPU may be present on this machine, but a CUDA-enabled jaxlib is not installed. Falling back to cpu.
grid:  85%|████████▍ | 2600/3069 [10:54<01:59,  3.94cond/s]/root/dd/degradation-degeneracy/.venv/lib/python3.12/site-packages/joblib/externals/loky/process_executor.py:787: UserWarning: A worker stopped while some jobs were given to the executor. This can be caused by a too short worker timeout or by a memory leak.
  warnings.warn(
ERROR:2026-09-26 19:57:31,809:jax._src.xla_bridge:487: Jax plugin configuration error: Exception when calling jax_plugins.xla_cuda12.initialize()
Traceback (most recent call last):
  File "/root/dd/degradation-degeneracy/.venv/lib/python3.12/site-packages/jax_plugins/xla_cuda12/__init__.py", line 201, in _version_check
    version = get_version()
              ^^^^^^^^^^^^^
RuntimeError: jaxlib/cuda/versions_helpers.cc:81: operation cusparseGetProperty(MAJOR_VERSION, &major) failed: The cuSPARSE library was not found.

The above exception was the direct cause of the following exception:

Traceback (most recent call last):
  File "/root/dd/degradation-degeneracy/.venv/lib/python3.12/site-packages/jax/_src/xla_bridge.py", line 485, in discover_pjrt_plugins
    plugin_module.initialize()
  File "/root/dd/degradation-degeneracy/.venv/lib/python3.12/site-packages/jax_plugins/xla_cuda12/__init__.py", line 328, in initialize
    _check_cuda_versions(raise_on_first_error=True)
  File "/root/dd/degradation-degeneracy/.venv/lib/python3.12/site-packages/jax_plugins/xla_cuda12/__init__.py", line 266, in _check_cuda_versions
    _version_check("cuSPARSE", cuda_versions.cusparse_get_version,
  File "/root/dd/degradation-degeneracy/.venv/lib/python3.12/site-packages/jax_plugins/xla_cuda12/__init__.py", line 205, in _version_check
    raise RuntimeError(err_msg) from e
RuntimeError: Unable to load cuSPARSE. Is it installed?
WARNING:2026-09-26 19:57:31,823:jax._src.xla_bridge:864: An NVIDIA GPU may be present on this machine, but a CUDA-enabled jaxlib is not installed. Falling back to cpu.
grid:  91%|█████████ | 2800/3069 [11:44<01:07,  3.97cond/s]grid:  98%|█████████▊| 3000/3069 [12:33<00:17,  4.01cond/s]/root/dd/degradation-degeneracy/.venv/lib/python3.12/site-packages/joblib/externals/loky/process_executor.py:787: UserWarning: A worker stopped while some jobs were given to the executor. This can be caused by a too short worker timeout or by a memory leak.
  warnings.warn(
ERROR:2026-09-26 19:58:36,289:jax._src.xla_bridge:487: Jax plugin configuration error: Exception when calling jax_plugins.xla_cuda12.initialize()
Traceback (most recent call last):
  File "/root/dd/degradation-degeneracy/.venv/lib/python3.12/site-packages/jax_plugins/xla_cuda12/__init__.py", line 201, in _version_check
    version = get_version()
              ^^^^^^^^^^^^^
RuntimeError: jaxlib/cuda/versions_helpers.cc:81: operation cusparseGetProperty(MAJOR_VERSION, &major) failed: The cuSPARSE library was not found.

The above exception was the direct cause of the following exception:

Traceback (most recent call last):
  File "/root/dd/degradation-degeneracy/.venv/lib/python3.12/site-packages/jax/_src/xla_bridge.py", line 485, in discover_pjrt_plugins
    plugin_module.initialize()
  File "/root/dd/degradation-degeneracy/.venv/lib/python3.12/site-packages/jax_plugins/xla_cuda12/__init__.py", line 328, in initialize
    _check_cuda_versions(raise_on_first_error=True)
  File "/root/dd/degradation-degeneracy/.venv/lib/python3.12/site-packages/jax_plugins/xla_cuda12/__init__.py", line 266, in _check_cuda_versions
    _version_check("cuSPARSE", cuda_versions.cusparse_get_version,
  File "/root/dd/degradation-degeneracy/.venv/lib/python3.12/site-packages/jax_plugins/xla_cuda12/__init__.py", line 205, in _version_check
    raise RuntimeError(err_msg) from e
RuntimeError: Unable to load cuSPARSE. Is it installed?
WARNING:2026-09-26 19:58:36,302:jax._src.xla_bridge:864: An NVIDIA GPU may be present on this machine, but a CUDA-enabled jaxlib is not installed. Falling back to cpu.
grid: 100%|██████████| 3069/3069 [12:51<00:00,  3.99cond/s]grid: 100%|██████████| 3069/3069 [12:51<00:00,  3.98cond/s]
2026-09-26 19:58:50,174 INFO __main__: grid 완료: ok=3069 failed=924 (누적 곡선 3069) elapsed=777.5s
{
  "n_ok": 3069,
  "n_failed": 924,
  "n_curves_total": 3069,
  "elapsed_s": 777.4634281042963,
  "out_dir": "results/grid_fit_v5"
}
✅ 실행 전 gate 통과(사전 점검·소유한 재개) — grid_fit_v5 · cohort g18_2026_09_15 · attempt 2d91320cc5ad · 끝난 phase ['grid']
ERROR:2026-09-26 19:58:56,557:jax._src.xla_bridge:487: Jax plugin configuration error: Exception when calling jax_plugins.xla_cuda12.initialize()
Traceback (most recent call last):
  File "/root/dd/degradation-degeneracy/.venv/lib/python3.12/site-packages/jax_plugins/xla_cuda12/__init__.py", line 201, in _version_check
    version = get_version()
              ^^^^^^^^^^^^^
RuntimeError: jaxlib/cuda/versions_helpers.cc:81: operation cusparseGetProperty(MAJOR_VERSION, &major) failed: The cuSPARSE library was not found.

The above exception was the direct cause of the following exception:

Traceback (most recent call last):
  File "/root/dd/degradation-degeneracy/.venv/lib/python3.12/site-packages/jax/_src/xla_bridge.py", line 485, in discover_pjrt_plugins
    plugin_module.initialize()
  File "/root/dd/degradation-degeneracy/.venv/lib/python3.12/site-packages/jax_plugins/xla_cuda12/__init__.py", line 328, in initialize
    _check_cuda_versions(raise_on_first_error=True)
  File "/root/dd/degradation-degeneracy/.venv/lib/python3.12/site-packages/jax_plugins/xla_cuda12/__init__.py", line 266, in _check_cuda_versions
    _version_check("cuSPARSE", cuda_versions.cusparse_get_version,
  File "/root/dd/degradation-degeneracy/.venv/lib/python3.12/site-packages/jax_plugins/xla_cuda12/__init__.py", line 205, in _version_check
    raise RuntimeError(err_msg) from e
RuntimeError: Unable to load cuSPARSE. Is it installed?
2026-09-26 19:58:56,557 ERROR jax._src.xla_bridge: Jax plugin configuration error: Exception when calling jax_plugins.xla_cuda12.initialize()
Traceback (most recent call last):
  File "/root/dd/degradation-degeneracy/.venv/lib/python3.12/site-packages/jax_plugins/xla_cuda12/__init__.py", line 201, in _version_check
    version = get_version()
              ^^^^^^^^^^^^^
RuntimeError: jaxlib/cuda/versions_helpers.cc:81: operation cusparseGetProperty(MAJOR_VERSION, &major) failed: The cuSPARSE library was not found.

The above exception was the direct cause of the following exception:

Traceback (most recent call last):
  File "/root/dd/degradation-degeneracy/.venv/lib/python3.12/site-packages/jax/_src/xla_bridge.py", line 485, in discover_pjrt_plugins
    plugin_module.initialize()
  File "/root/dd/degradation-degeneracy/.venv/lib/python3.12/site-packages/jax_plugins/xla_cuda12/__init__.py", line 328, in initialize
    _check_cuda_versions(raise_on_first_error=True)
  File "/root/dd/degradation-degeneracy/.venv/lib/python3.12/site-packages/jax_plugins/xla_cuda12/__init__.py", line 266, in _check_cuda_versions
    _version_check("cuSPARSE", cuda_versions.cusparse_get_version,
  File "/root/dd/degradation-degeneracy/.venv/lib/python3.12/site-packages/jax_plugins/xla_cuda12/__init__.py", line 205, in _version_check
    raise RuntimeError(err_msg) from e
RuntimeError: Unable to load cuSPARSE. Is it installed?
INFO:2026-09-26 19:58:56,564:jax._src.xla_bridge:822: Unable to initialize backend 'tpu': INTERNAL: Failed to open libtpu.so: libtpu.so: cannot open shared object file: No such file or directory
2026-09-26 19:58:56,564 INFO jax._src.xla_bridge: Unable to initialize backend 'tpu': INTERNAL: Failed to open libtpu.so: libtpu.so: cannot open shared object file: No such file or directory
WARNING:2026-09-26 19:58:56,564:jax._src.xla_bridge:864: An NVIDIA GPU may be present on this machine, but a CUDA-enabled jaxlib is not installed. Falling back to cpu.
2026-09-26 19:58:56,564 WARNING jax._src.xla_bridge: An NVIDIA GPU may be present on this machine, but a CUDA-enabled jaxlib is not installed. Falling back to cpu.
2026-09-26 19:58:57,185 INFO __main__: 실행 시작 provenance: git e34eea84 dirty=False src c2ef1a811e70bb4c → /proc/self/fd/3/attempts/manifest_start_20260926T195857_273064_000.yaml
2026-09-26 19:59:42,353 INFO __main__: reference: Q=5621.1 mAh, 300점
2026-09-26 19:59:42,356 INFO src.inventory: reference 재고: PE 2.358 Ah, NE 5.748 Ah (w_PE=0.291, w_NE=0.709, κ=0.694)
2026-09-26 19:59:44,426 INFO __main__: fitting: 3069조건 × 4목적함수 × 5 restart (nproc=20, warm_start=True)
         입력 /tmp/fit-stage-yxud3fjc/results/grid_fit_v5
         출력 /root/dd/degradation-degeneracy/results/grid_fit_v5
2026-09-26 20:02:49,256 INFO __main__: fit 진행: 100/3069 (3%) — 1.8 s/cond, 남은 예상 91분
2026-09-26 20:05:42,245 INFO __main__: fit 진행: 200/3069 (7%) — 1.8 s/cond, 남은 예상 86분
2026-09-26 20:08:46,054 INFO __main__: fit 진행: 300/3069 (10%) — 1.8 s/cond, 남은 예상 83분
2026-09-26 20:11:36,408 INFO __main__: fit 진행: 400/3069 (13%) — 1.8 s/cond, 남은 예상 79분
2026-09-26 20:14:38,817 INFO __main__: fit 진행: 500/3069 (16%) — 1.8 s/cond, 남은 예상 77분
2026-09-26 20:17:35,796 INFO __main__: fit 진행: 600/3069 (20%) — 1.8 s/cond, 남은 예상 73분
2026-09-26 20:20:44,632 INFO __main__: fit 진행: 700/3069 (23%) — 1.8 s/cond, 남은 예상 71분
2026-09-26 20:23:43,270 INFO __main__: fit 진행: 800/3069 (26%) — 1.8 s/cond, 남은 예상 68분
2026-09-26 20:26:43,285 INFO __main__: fit 진행: 900/3069 (29%) — 1.8 s/cond, 남은 예상 65분
2026-09-26 20:29:43,934 INFO __main__: fit 진행: 1000/3069 (33%) — 1.8 s/cond, 남은 예상 62분
2026-09-26 20:32:44,493 INFO __main__: fit 진행: 1100/3069 (36%) — 1.8 s/cond, 남은 예상 59분
2026-09-26 20:35:47,743 INFO __main__: fit 진행: 1200/3069 (39%) — 1.8 s/cond, 남은 예상 56분
2026-09-26 20:38:55,433 INFO __main__: fit 진행: 1300/3069 (42%) — 1.8 s/cond, 남은 예상 53분
2026-09-26 20:41:51,461 INFO __main__: fit 진행: 1400/3069 (46%) — 1.8 s/cond, 남은 예상 50분
2026-09-26 20:44:50,777 INFO __main__: fit 진행: 1500/3069 (49%) — 1.8 s/cond, 남은 예상 47분
2026-09-26 20:47:57,738 INFO __main__: fit 진행: 1600/3069 (52%) — 1.8 s/cond, 남은 예상 44분
2026-09-26 20:50:58,412 INFO __main__: fit 진행: 1700/3069 (55%) — 1.8 s/cond, 남은 예상 41분
2026-09-26 20:53:57,943 INFO __main__: fit 진행: 1800/3069 (59%) — 1.8 s/cond, 남은 예상 38분
2026-09-26 20:57:02,880 INFO __main__: fit 진행: 1900/3069 (62%) — 1.8 s/cond, 남은 예상 35분
2026-09-26 21:00:11,283 INFO __main__: fit 진행: 2000/3069 (65%) — 1.8 s/cond, 남은 예상 32분
2026-09-26 21:03:13,522 INFO __main__: fit 진행: 2100/3069 (68%) — 1.8 s/cond, 남은 예상 29분
2026-09-26 21:06:13,644 INFO __main__: fit 진행: 2200/3069 (72%) — 1.8 s/cond, 남은 예상 26분
2026-09-26 21:09:19,158 INFO __main__: fit 진행: 2300/3069 (75%) — 1.8 s/cond, 남은 예상 23분
2026-09-26 21:12:26,299 INFO __main__: fit 진행: 2400/3069 (78%) — 1.8 s/cond, 남은 예상 20분
2026-09-26 21:15:28,228 INFO __main__: fit 진행: 2500/3069 (81%) — 1.8 s/cond, 남은 예상 17분
2026-09-26 21:18:33,898 INFO __main__: fit 진행: 2600/3069 (85%) — 1.8 s/cond, 남은 예상 14분
2026-09-26 21:21:39,128 INFO __main__: fit 진행: 2700/3069 (88%) — 1.8 s/cond, 남은 예상 11분
2026-09-26 21:24:41,432 INFO __main__: fit 진행: 2800/3069 (91%) — 1.8 s/cond, 남은 예상 8분
2026-09-26 21:27:40,394 INFO __main__: fit 진행: 2900/3069 (94%) — 1.8 s/cond, 남은 예상 5분
2026-09-26 21:30:40,470 INFO __main__: fit 진행: 3000/3069 (98%) — 1.8 s/cond, 남은 예상 2분
2026-09-26 21:32:51,793 INFO __main__: fit 진행: 3069/3069 (100%) — 1.8 s/cond, 남은 예상 0분
2026-09-26 21:32:52,941 INFO __main__: fitting 완료: 12276행, 5587.4s → /proc/self/fd/3/fits.parquet
{
  "n_rows": 12276,
  "n_conditions": 3069,
  "elapsed_s": 5587.366872970015,
  "out": "results/grid_fit_v5/fits.parquet"
}
✅ 실행 기록을 닫았다 — grid_fit_v5 · attempt 2d91320cc5ad · preservation_status=preservation_pending (보존 묶음 만들기·검증은 별도 단계다)
2026-09-26 21:33:42,351 INFO __main__: 채점 대상: 12276행 (조건 3069, 목적함수 ['dqdv_only', 'pocv', 'pocv_dvdq', 'pocv_dvdq_dqdv'])
2026-09-26 21:33:42,381 INFO __main__: clean 바이어스 (노이즈0·복원가능 평균오차):
     objective  bias_err_lli  bias_err_lam_pe  bias_err_lam_ne
     dqdv_only       -0.0260          -0.0251          -0.0362
          pocv       -0.0161          -0.0178           0.0089
     pocv_dvdq       -0.0155          -0.0160           0.0106
pocv_dvdq_dqdv       -0.0186          -0.0217          -0.0033
2026-09-26 21:33:44,978 INFO __main__: multi-start 진단: {'dqdv_only': {'n': 1476, 'flat_valley_frac': 0.01016260162601626, 'multimodal_frac': 0.94579945799458, 'unique_min_frac': 0.04403794037940379, 'median_p_spread_all': 0.3779311417539851, 'median_n_restarts': 5.0}, 'pocv': {'n': 1476, 'flat_valley_frac': 0.1002710027100271, 'multimodal_frac': 0.787940379403794, 'unique_min_frac': 0.11178861788617886, 'median_p_spread_all': 0.5483034956421884, 'median_n_restarts': 5.0}, 'pocv_dvdq': {'n': 1476, 'flat_valley_frac': 0.05013550135501355, 'multimodal_frac': 0.5650406504065041, 'unique_min_frac': 0.38482384823848237, 'median_p_spread_all': 0.46837674834123777, 'median_n_restarts': 5.0}, 'pocv_dvdq_dqdv': {'n': 1476, 'flat_valley_frac': 0.008130081300813009, 'multimodal_frac': 0.9607046070460704, 'unique_min_frac': 0.03116531165311653, 'median_p_spread_all': 0.4370764963303838, 'median_n_restarts': 5.0}}
2026-09-26 21:33:44,997 INFO __main__: degeneracy 요약:
{
  "dqdv_only": {
    "n": 1476,
    "degenerate_frac": 0.7655826558265583,
    "mean_abs_err": 0.04863171309536549,
    "mean_abs_err_lam_pe": 0.024423163861368325,
    "mean_abs_err_lam_ne": 0.04379682593865708,
    "mean_abs_err_lli": 0.025528036415135957,
    "pe_ne_antisym_frac": 0.21951219512195122,
    "degenerate_frac_corrected": 0.6361788617886179,
    "alpha_wall_frac": 0.05758807588075881,
    "bound_active_frac": 0.0013550135501355014
  },
  "pocv": {
    "n": 1476,
    "degenerate_frac": 0.7859078590785907,
    "mean_abs_err": 0.046543792934644036,
    "mean_abs_err_lam_pe": 0.024575342527458202,
    "mean_abs_err_lam_ne": 0.03931046635094687,
    "mean_abs_err_lli": 0.016111848918568396,
    "pe_ne_antisym_frac": 0.2940379403794038,
    "degenerate_frac_corrected": 0.5718157181571816,
    "alpha_wall_frac": 0.08333333333333333,
    "bound_active_frac": 0.0047425474254742545
  },
  "pocv_dvdq": {
    "n": 1476,
    "degenerate_frac": 0.6185636856368564,
    "mean_abs_err": 0.025073610613701735,
    "mean_abs_err_lam_pe": 0.01907989635606358,
    "mean_abs_err_lam_ne": 0.013615320315590115,
    "mean_abs_err_lli": 0.015834734706932047,
    "pe_ne_antisym_frac": 0.6781842818428184,
    "degenerate_frac_corrected": 0.15040650406504066,
    "alpha_wall_frac": 0.11788617886178862,
    "bound_active_frac": 0.0
  },
  "pocv_dvdq_dqdv": {
    "n": 1476,
    "degenerate_frac": 0.6341463414634146,
    "mean_abs_err": 0.023768922564655667,
    "mean_abs_err_lam_pe": 0.021447868321661193,
    "mean_abs_err_lam_ne": 0.012080894642082018,
    "mean_abs_err_lli": 0.01835291353021419,
    "pe_ne_antisym_frac": 0.4742547425474255,
    "degenerate_frac_corrected": 0.23306233062330622,
    "alpha_wall_frac": 0.09552845528455285,
    "bound_active_frac": 0.0
  }
}
2026-09-26 21:33:44,997 INFO __main__: 저장: results/grid_fit_v5/degeneracy_map.parquet
{
  "tolerance": 0.02,
  "n_rows_total": 12276,
  "n_rows_recoverable": 5904,
  "unrecoverable_frac": 0.5190615835777126,
  "by_objective": {
    "dqdv_only": {
      "n": 1476,
      "degenerate_frac": 0.7655826558265583,
      "mean_abs_err": 0.04863171309536549,
      "mean_abs_err_lam_pe": 0.024423163861368325,
      "mean_abs_err_lam_ne": 0.04379682593865708,
      "mean_abs_err_lli": 0.025528036415135957,
      "pe_ne_antisym_frac": 0.21951219512195122,
      "degenerate_frac_corrected": 0.6361788617886179,
      "alpha_wall_frac": 0.05758807588075881,
      "bound_active_frac": 0.0013550135501355014
    },
    "pocv": {
      "n": 1476,
      "degenerate_frac": 0.7859078590785907,
      "mean_abs_err": 0.046543792934644036,
      "mean_abs_err_lam_pe": 0.024575342527458202,
      "mean_abs_err_lam_ne": 0.03931046635094687,
      "mean_abs_err_lli": 0.016111848918568396,
      "pe_ne_antisym_frac": 0.2940379403794038,
      "degenerate_frac_corrected": 0.5718157181571816,
      "alpha_wall_frac": 0.08333333333333333,
      "bound_active_frac": 0.0047425474254742545
    },
    "pocv_dvdq": {
      "n": 1476,
      "degenerate_frac": 0.6185636856368564,
      "mean_abs_err": 0.025073610613701735,
      "mean_abs_err_lam_pe": 0.01907989635606358,
      "mean_abs_err_lam_ne": 0.013615320315590115,
      "mean_abs_err_lli": 0.015834734706932047,
      "pe_ne_antisym_frac": 0.6781842818428184,
      "degenerate_frac_corrected": 0.15040650406504066,
      "alpha_wall_frac": 0.11788617886178862,
      "bound_active_frac": 0.0
    },
    "pocv_dvdq_dqdv": {
      "n": 1476,
      "degenerate_frac": 0.6341463414634146,
      "mean_abs_err": 0.023768922564655667,
      "mean_abs_err_lam_pe": 0.021447868321661193,
      "mean_abs_err_lam_ne": 0.012080894642082018,
      "mean_abs_err_lli": 0.01835291353021419,
      "pe_ne_antisym_frac": 0.4742547425474255,
      "degenerate_frac_corrected": 0.23306233062330622,
      "alpha_wall_frac": 0.09552845528455285,
      "bound_active_frac": 0.0
    }
  },
  "overall_recoverable": {
    "n": 5904,
    "degenerate_frac": 0.701050135501355,
    "mean_abs_err": 0.03600450980209174,
    "mean_abs_err_lam_pe": 0.02238156776663782,
    "mean_abs_err_lam_ne": 0.02720087681181902,
    "mean_abs_err_lli": 0.018956883392712644,
    "pe_ne_antisym_frac": 0.41649728997289975,
    "degenerate_frac_corrected": 0.3978658536585366,
    "alpha_wall_frac": 0.0885840108401084,
    "bound_active_frac": 0.001524390243902439
  },
  "by_objective_noise": {
    "dqdv_only|noise=0.0": {
      "n": 492,
      "degenerate_frac": 0.7479674796747967,
      "mean_abs_err": 0.04816712872910245,
      "mean_abs_err_lam_pe": 0.02601699464409245,
      "mean_abs_err_lam_ne": 0.04164939633165374,
      "mean_abs_err_lli": 0.02600145387421636,
      "pe_ne_antisym_frac": 0.23373983739837398,
      "degenerate_frac_corrected": 0.6524390243902439,
      "alpha_wall_frac": 0.056910569105691054,
      "bound_active_frac": 0.0
    },
    "dqdv_only|noise=0.001": {
      "n": 492,
      "degenerate_frac": 0.7621951219512195,
      "mean_abs_err": 0.046882066719820925,
      "mean_abs_err_lam_pe": 0.023405689697764426,
      "mean_abs_err_lam_ne": 0.04250851804939224,
      "mean_abs_err_lli": 0.02446620908207368,
      "pe_ne_antisym_frac": 0.21138211382113822,
      "degenerate_frac_corrected": 0.6036585365853658,
      "alpha_wall_frac": 0.06097560975609756,
      "bound_active_frac": 0.0040650406504065045
    },
    "dqdv_only|noise=0.005": {
      "n": 492,
      "degenerate_frac": 0.7865853658536586,
      "mean_abs_err": 0.05084594383717312,
      "mean_abs_err_lam_pe": 0.023846807242248094,
      "mean_abs_err_lam_ne": 0.047232563434925254,
      "mean_abs_err_lli": 0.02611644628911784,
      "pe_ne_antisym_frac": 0.21341463414634146,
      "degenerate_frac_corrected": 0.6524390243902439,
      "alpha_wall_frac": 0.054878048780487805,
      "bound_active_frac": 0.0
    },
    "pocv|noise=0.0": {
      "n": 492,
      "degenerate_frac": 0.7865853658536586,
      "mean_abs_err": 0.045146664478814456,
      "mean_abs_err_lam_pe": 0.024948673036412926,
      "mean_abs_err_lam_ne": 0.03738691674719482,
      "mean_abs_err_lli": 0.01631413105504171,
      "pe_ne_antisym_frac": 0.28252032520325204,
      "degenerate_frac_corrected": 0.5487804878048781,
      "alpha_wall_frac": 0.09552845528455285,
      "bound_active_frac": 0.0040650406504065045
    },
    "pocv|noise=0.001": {
      "n": 492,
      "degenerate_frac": 0.7947154471544715,
      "mean_abs_err": 0.04626244056446428,
      "mean_abs_err_lam_pe": 0.024305873050918504,
      "mean_abs_err_lam_ne": 0.03951225233930938,
      "mean_abs_err_lli": 0.01599973834566819,
      "pe_ne_antisym_frac": 0.2926829268292683,
      "degenerate_frac_corrected": 0.6036585365853658,
      "alpha_wall_frac": 0.08130081300813008,
      "bound_active_frac": 0.0020325203252032522
    },
    "pocv|noise=0.005": {
      "n": 492,
      "degenerate_frac": 0.7764227642276422,
      "mean_abs_err": 0.048222273760653384,
      "mean_abs_err_lam_pe": 0.024471481495043163,
      "mean_abs_err_lam_ne": 0.041032229966336424,
      "mean_abs_err_lli": 0.016021677354995288,
      "pe_ne_antisym_frac": 0.30691056910569103,
      "degenerate_frac_corrected": 0.5630081300813008,
      "alpha_wall_frac": 0.07317073170731707,
      "bound_active_frac": 0.008130081300813009
    },
    "pocv_dvdq|noise=0.0": {
      "n": 492,
      "degenerate_frac": 0.6097560975609756,
      "mean_abs_err": 0.02506249306754886,
      "mean_abs_err_lam_pe": 0.01932880792819737,
      "mean_abs_err_lam_ne": 0.013530842384135454,
      "mean_abs_err_lli": 0.015862787489789167,
      "pe_ne_antisym_frac": 0.6829268292682927,
      "degenerate_frac_corrected": 0.13414634146341464,
      "alpha_wall_frac": 0.11585365853658537,
      "bound_active_frac": 0.0
    },
    "pocv_dvdq|noise=0.001": {
      "n": 492,
      "degenerate_frac": 0.6117886178861789,
      "mean_abs_err": 0.024636528483687487,
      "mean_abs_err_lam_pe": 0.018759299270993516,
      "mean_abs_err_lam_ne": 0.013141637768936879,
      "mean_abs_err_lli": 0.0157246731203997,
      "pe_ne_antisym_frac": 0.7012195121951219,
      "degenerate_frac_corrected": 0.13211382113821138,
      "alpha_wall_frac": 0.11585365853658537,
      "bound_active_frac": 0.0
    },
    "pocv_dvdq|noise=0.005": {
      "n": 492,
      "degenerate_frac": 0.6341463414634146,
      "mean_abs_err": 0.025521810289868864,
      "mean_abs_err_lam_pe": 0.019151581868999852,
      "mean_abs_err_lam_ne": 0.01417348079369801,
      "mean_abs_err_lli": 0.015916743510607265,
      "pe_ne_antisym_frac": 0.6504065040650406,
      "degenerate_frac_corrected": 0.18495934959349594,
      "alpha_wall_frac": 0.12195121951219512,
      "bound_active_frac": 0.0
    },
    "pocv_dvdq_dqdv|noise=0.0": {
      "n": 492,
      "degenerate_frac": 0.6239837398373984,
      "mean_abs_err": 0.024053023561278565,
      "mean_abs_err_lam_pe": 0.021837412537467082,
      "mean_abs_err_lam_ne": 0.011623387050828144,
      "mean_abs_err_lli": 0.018662015360600373,
      "pe_ne_antisym_frac": 0.48577235772357724,
      "degenerate_frac_corrected": 0.2073170731707317,
      "alpha_wall_frac": 0.08130081300813008,
      "bound_active_frac": 0.0
    },
    "pocv_dvdq_dqdv|noise=0.001": {
      "n": 492,
      "degenerate_frac": 0.6463414634146342,
      "mean_abs_err": 0.023863058157443162,
      "mean_abs_err_lam_pe": 0.021492697855993875,
      "mean_abs_err_lam_ne": 0.013085216933822119,
      "mean_abs_err_lli": 0.01838273872829507,
      "pe_ne_antisym_frac": 0.4613821138211382,
      "degenerate_frac_corrected": 0.25203252032520324,
      "alpha_wall_frac": 0.09349593495934959,
      "bound_active_frac": 0.0
    },
    "pocv_dvdq_dqdv|noise=0.005": {
      "n": 492,
      "degenerate_frac": 0.6321138211382114,
      "mean_abs_err": 0.02339068597524528,
      "mean_abs_err_lam_pe": 0.021013494571522618,
      "mean_abs_err_lam_ne": 0.011534079941595788,
      "mean_abs_err_lli": 0.018013986501747136,
      "pe_ne_antisym_frac": 0.47560975609756095,
      "degenerate_frac_corrected": 0.23983739837398374,
      "alpha_wall_frac": 0.11178861788617886,
      "bound_active_frac": 0.0
    }
  },
  "restart_conditioned": {
    "n_restarts=2": {
      "n": 154,
      "agree_frac": 1.0,
      "median_p_spread_nearJ": 0.00032006776263204806
    },
    "n_restarts=5": {
      "n": 5750,
      "agree_frac": 0.0,
      "median_p_spread_nearJ": 0.0
    }
  },
  "coverage_gap": {
    "max_lam_pe_at_low_lli": 0.08,
    "max_lam_pe_overall": 0.2,
    "_주의": "완방 프레임 guard 때문에 저LLI 영역에 고LAM_PE 조건이 없다. 고LAM_PE 결론은 고LLI 동반 조건에서만 검증된 것."
  },
  "multistart": {
    "dqdv_only": {
      "n": 1476,
      "flat_valley_frac": 0.01016260162601626,
      "multimodal_frac": 0.94579945799458,
      "unique_min_frac": 0.04403794037940379,
      "median_p_spread_all": 0.3779311417539851,
      "median_n_restarts": 5.0
    },
    "pocv": {
      "n": 1476,
      "flat_valley_frac": 0.1002710027100271,
      "multimodal_frac": 0.787940379403794,
      "unique_min_frac": 0.11178861788617886,
      "median_p_spread_all": 0.5483034956421884,
      "median_n_restarts": 5.0
    },
    "pocv_dvdq": {
      "n": 1476,
      "flat_valley_frac": 0.05013550135501355,
      "multimodal_frac": 0.5650406504065041,
      "unique_min_frac": 0.38482384823848237,
      "median_p_spread_all": 0.46837674834123777,
      "median_n_restarts": 5.0
    },
    "pocv_dvdq_dqdv": {
      "n": 1476,
      "flat_valley_frac": 0.008130081300813009,
      "multimodal_frac": 0.9607046070460704,
      "unique_min_frac": 0.03116531165311653,
      "median_p_spread_all": 0.4370764963303838,
      "median_n_restarts": 5.0
    },
    "_해석": "flat_valley = degeneracy의 직접 증거 (같은 J, 다른 해). multimodal = 최적화 난이도이지 degeneracy가 아니다 — 초기값을 주면 사라진다 (F20)."
  },
  "multistart_random_only": {
    "dqdv_only": {
      "n": 1467,
      "flat_valley_frac": 0.011588275391956374,
      "multimodal_frac": 0.9502385821404227,
      "unique_min_frac": 0.038173142467621,
      "median_p_spread_all": 0.37183839687944276,
      "median_n_restarts": 4.0
    },
    "pocv": {
      "n": 1425,
      "flat_valley_frac": 0.056140350877192984,
      "multimodal_frac": 0.8070175438596491,
      "unique_min_frac": 0.1368421052631579,
      "median_p_spread_all": 0.4842305895279433,
      "median_n_restarts": 4.0
    },
    "pocv_dvdq": {
      "n": 1396,
      "flat_valley_frac": 0.036532951289398284,
      "multimodal_frac": 0.6224928366762178,
      "unique_min_frac": 0.34097421203438394,
      "median_p_spread_all": 0.47065687022241576,
      "median_n_restarts": 4.0
    },
    "pocv_dvdq_dqdv": {
      "n": 1462,
      "flat_valley_frac": 0.006155950752393981,
      "multimodal_frac": 0.9740082079343365,
      "unique_min_frac": 0.019835841313269494,
      "median_p_spread_all": 0.4195467161205212,
      "median_n_restarts": 4.0
    },
    "_해석": "flat_valley = degeneracy의 직접 증거 (같은 J, 다른 해). multimodal = 최적화 난이도이지 degeneracy가 아니다 — 초기값을 주면 사라진다 (F20).",
    "random_only_적용": true,
    "평균_제외_restart수": 1.0,
    "n_conditions_per_objective": {
      "dqdv_only": 1467,
      "pocv": 1425,
      "pocv_dvdq": 1396,
      "pocv_dvdq_dqdv": 1462
    },
    "pairwise": {
      "dqdv_only__vs__pocv": {
        "n_common": 1417,
        "n_paired": 1417,
        "비교가능": true,
        "summary": {
          "dqdv_only": {
            "n": 1417,
            "flat_valley_frac": 0.011291460832745237,
            "multimodal_frac": 0.9505998588567396,
            "unique_min_frac": 0.038108680310515175,
            "median_p_spread_all": 0.372162557151861,
            "median_n_restarts": 4.0
          },
          "pocv": {
            "n": 1417,
            "flat_valley_frac": 0.056457304163726185,
            "multimodal_frac": 0.8059280169371913,
            "unique_min_frac": 0.13761467889908258,
            "median_p_spread_all": 0.48372221399951876,
            "median_n_restarts": 4.0
          },
          "_해석": "flat_valley = degeneracy의 직접 증거 (같은 J, 다른 해). multimodal = 최적화 난이도이지 degeneracy가 아니다 — 초기값을 주면 사라진다 (F20)."
        }
      },
      "dqdv_only__vs__pocv_dvdq": {
        "n_common": 1388,
        "n_paired": 1388,
        "비교가능": true,
        "summary": {
          "dqdv_only": {
            "n": 1388,
            "flat_valley_frac": 0.010806916426512969,
            "multimodal_frac": 0.952449567723343,
            "unique_min_frac": 0.03674351585014409,
            "median_p_spread_all": 0.3715943326006381,
            "median_n_restarts": 4.0
          },
          "pocv_dvdq": {
            "n": 1388,
            "flat_valley_frac": 0.03602305475504323,
            "multimodal_frac": 0.6231988472622478,
            "unique_min_frac": 0.3407780979827089,
            "median_p_spread_all": 0.470884090969821,
            "median_n_restarts": 4.0
          },
          "_해석": "flat_valley = degeneracy의 직접 증거 (같은 J, 다른 해). multimodal = 최적화 난이도이지 degeneracy가 아니다 — 초기값을 주면 사라진다 (F20)."
        }
      },
      "dqdv_only__vs__pocv_dvdq_dqdv": {
        "n_common": 1454,
        "n_paired": 1454,
        "비교가능": true,
        "summary": {
          "dqdv_only": {
            "n": 1454,
            "flat_valley_frac": 0.011691884456671253,
            "multimodal_frac": 0.9497936726272352,
            "unique_min_frac": 0.03851444291609354,
            "median_p_spread_all": 0.3715943326006381,
            "median_n_restarts": 4.0
          },
          "pocv_dvdq_dqdv": {
            "n": 1454,
            "flat_valley_frac": 0.006189821182943604,
            "multimodal_frac": 0.9738651994497937,
            "unique_min_frac": 0.019944979367262722,
            "median_p_spread_all": 0.4197709296289728,
            "median_n_restarts": 4.0
          },
          "_해석": "flat_valley = degeneracy의 직접 증거 (같은 J, 다른 해). multimodal = 최적화 난이도이지 degeneracy가 아니다 — 초기값을 주면 사라진다 (F20)."
        }
      },
      "pocv__vs__pocv_dvdq": {
        "n_common": 1352,
        "n_paired": 1352,
        "비교가능": true,
        "summary": {
          "pocv": {
            "n": 1352,
            "flat_valley_frac": 0.05621301775147929,
            "multimodal_frac": 0.8054733727810651,
            "unique_min_frac": 0.13831360946745563,
            "median_p_spread_all": 0.4814332103774507,
            "median_n_restarts": 4.0
          },
          "pocv_dvdq": {
            "n": 1352,
            "flat_valley_frac": 0.03698224852071006,
            "multimodal_frac": 0.628698224852071,
            "unique_min_frac": 0.3343195266272189,
            "median_p_spread_all": 0.4700610742167105,
            "median_n_restarts": 4.0
          },
          "_해석": "flat_valley = degeneracy의 직접 증거 (같은 J, 다른 해). multimodal = 최적화 난이도이지 degeneracy가 아니다 — 초기값을 주면 사라진다 (F20)."
        }
      },
      "pocv__vs__pocv_dvdq_dqdv": {
        "n_common": 1413,
        "n_paired": 1413,
        "비교가능": true,
        "summary": {
          "pocv": {
            "n": 1413,
            "flat_valley_frac": 0.055909412597310686,
            "multimodal_frac": 0.8075017692852088,
            "unique_min_frac": 0.13658881811748053,
            "median_p_spread_all": 0.4842305895279433,
            "median_n_restarts": 4.0
          },
          "pocv_dvdq_dqdv": {
            "n": 1413,
            "flat_valley_frac": 0.005661712668082095,
            "multimodal_frac": 0.9745222929936306,
            "unique_min_frac": 0.019815994338287332,
            "median_p_spread_all": 0.41996416945232107,
            "median_n_restarts": 4.0
          },
          "_해석": "flat_valley = degeneracy의 직접 증거 (같은 J, 다른 해). multimodal = 최적화 난이도이지 degeneracy가 아니다 — 초기값을 주면 사라진다 (F20)."
        }
      },
      "pocv_dvdq__vs__pocv_dvdq_dqdv": {
        "n_common": 1384,
        "n_paired": 1384,
        "비교가능": true,
        "summary": {
          "pocv_dvdq": {
            "n": 1384,
            "flat_valley_frac": 0.03684971098265896,
            "multimodal_frac": 0.6221098265895953,
            "unique_min_frac": 0.34104046242774566,
            "median_p_spread_all": 0.470884090969821,
            "median_n_restarts": 4.0
          },
          "pocv_dvdq_dqdv": {
            "n": 1384,
            "flat_valley_frac": 0.006502890173410405,
            "multimodal_frac": 0.9739884393063584,
            "unique_min_frac": 0.019508670520231215,
            "median_p_spread_all": 0.4195467161205212,
            "median_n_restarts": 4.0
          },
          "_해석": "flat_valley = degeneracy의 직접 증거 (같은 J, 다른 해). multimodal = 최적화 난이도이지 degeneracy가 아니다 — 초기값을 주면 사라진다 (F20)."
        }
      }
    },
    "n_common_conditions": 1334,
    "n_paired_conditions": 1334,
    "제외율_목적함수별": {
      "dqdv_only": 0.0907,
      "pocv": 0.0639,
      "pocv_dvdq": 0.0444,
      "pocv_dvdq_dqdv": 0.0876
    },
    "비교가능": true,
    "_주의_전역교집합": "`n_paired_conditions`·`비교가능`은 **모든 목적함수 동시** 교집합이라 33p↔34p 비교에는 과도하게 엄격하다. 두 목적함수를 비교할 때는 `pairwise` 블록의 해당 항목을 쓸 것 (F44b).",
    "_선택편향": "paired subset은 무작위 표본이 아니다 — adaptive 조기 종료를 겪지 않은(=모든 목적함수가 끝까지 간) 조건만 남는다. 목적함수별 제외율이 4%~9%로 크게 다르다는 것이 그 증거다. 여기서 잰 비율을 격자 전체로 일반화하지 말 것.",
    "paired": {
      "dqdv_only": {
        "n": 1334,
        "flat_valley_frac": 0.010494752623688156,
        "multimodal_frac": 0.952023988005997,
        "unique_min_frac": 0.037481259370314844,
        "median_p_spread_all": 0.37205012326427167,
        "median_n_restarts": 4.0
      },
      "pocv": {
        "n": 1334,
        "flat_valley_frac": 0.05622188905547226,
        "multimodal_frac": 0.8050974512743628,
        "unique_min_frac": 0.1386806596701649,
        "median_p_spread_all": 0.4807782287211685,
        "median_n_restarts": 4.0
      },
      "pocv_dvdq": {
        "n": 1334,
        "flat_valley_frac": 0.03673163418290855,
        "multimodal_frac": 0.6281859070464768,
        "unique_min_frac": 0.3350824587706147,
        "median_p_spread_all": 0.470302009728666,
        "median_n_restarts": 4.0
      },
      "pocv_dvdq_dqdv": {
        "n": 1334,
        "flat_valley_frac": 0.005997001499250375,
        "multimodal_frac": 0.974512743628186,
        "unique_min_frac": 0.019490254872563718,
        "median_p_spread_all": 0.4207769445466442,
        "median_n_restarts": 4.0
      },
      "_해석": "flat_valley = degeneracy의 직접 증거 (같은 J, 다른 해). multimodal = 최적화 난이도이지 degeneracy가 아니다 — 초기값을 주면 사라진다 (F20)."
    },
    "_주의": "★ 목적함수 간 비교는 이 블록을 쓸 것 — source == 'random'인 restart만 남긴다. 위 multistart 블록은 warm start 지점과 공통 결정론적 초기값을 포함하므로, warm start를 받은 목적함수(w_dqdv≠0)가 인위적으로 multimodal 쪽으로 쏠린다. 단 `비교가능`이 false면 목적함수마다 남은 무작위 restart 수가 달라(adaptive 조기 종료) 검정력이 다르므로 그대로 비교하지 말 것 — `paired` 블록(공통 cond_id + 동일 restart 수)만 목적함수 간 비교에 쓸 수 있다."
  }
}
  ℹ 정본 실행(grid_fit_v4)이 아니라 보고서를 docs/RESULTS_grid_fit_v5.md 에 씁니다.
    정본을 갱신하려면 REPORT_OUT=docs/RESULTS.md 를 명시하세요.
ERROR:2026-09-26 21:33:52,086:jax._src.xla_bridge:487: Jax plugin configuration error: Exception when calling jax_plugins.xla_cuda12.initialize()
Traceback (most recent call last):
  File "/root/dd/degradation-degeneracy/.venv/lib/python3.12/site-packages/jax_plugins/xla_cuda12/__init__.py", line 201, in _version_check
    version = get_version()
              ^^^^^^^^^^^^^
RuntimeError: jaxlib/cuda/versions_helpers.cc:81: operation cusparseGetProperty(MAJOR_VERSION, &major) failed: The cuSPARSE library was not found.

The above exception was the direct cause of the following exception:

Traceback (most recent call last):
  File "/root/dd/degradation-degeneracy/.venv/lib/python3.12/site-packages/jax/_src/xla_bridge.py", line 485, in discover_pjrt_plugins
    plugin_module.initialize()
  File "/root/dd/degradation-degeneracy/.venv/lib/python3.12/site-packages/jax_plugins/xla_cuda12/__init__.py", line 328, in initialize
    _check_cuda_versions(raise_on_first_error=True)
  File "/root/dd/degradation-degeneracy/.venv/lib/python3.12/site-packages/jax_plugins/xla_cuda12/__init__.py", line 266, in _check_cuda_versions
    _version_check("cuSPARSE", cuda_versions.cusparse_get_version,
  File "/root/dd/degradation-degeneracy/.venv/lib/python3.12/site-packages/jax_plugins/xla_cuda12/__init__.py", line 205, in _version_check
    raise RuntimeError(err_msg) from e
RuntimeError: Unable to load cuSPARSE. Is it installed?
2026-09-26 21:33:52,086 ERROR jax._src.xla_bridge: Jax plugin configuration error: Exception when calling jax_plugins.xla_cuda12.initialize()
Traceback (most recent call last):
  File "/root/dd/degradation-degeneracy/.venv/lib/python3.12/site-packages/jax_plugins/xla_cuda12/__init__.py", line 201, in _version_check
    version = get_version()
              ^^^^^^^^^^^^^
RuntimeError: jaxlib/cuda/versions_helpers.cc:81: operation cusparseGetProperty(MAJOR_VERSION, &major) failed: The cuSPARSE library was not found.

The above exception was the direct cause of the following exception:

Traceback (most recent call last):
  File "/root/dd/degradation-degeneracy/.venv/lib/python3.12/site-packages/jax/_src/xla_bridge.py", line 485, in discover_pjrt_plugins
    plugin_module.initialize()
  File "/root/dd/degradation-degeneracy/.venv/lib/python3.12/site-packages/jax_plugins/xla_cuda12/__init__.py", line 328, in initialize
    _check_cuda_versions(raise_on_first_error=True)
  File "/root/dd/degradation-degeneracy/.venv/lib/python3.12/site-packages/jax_plugins/xla_cuda12/__init__.py", line 266, in _check_cuda_versions
    _version_check("cuSPARSE", cuda_versions.cusparse_get_version,
  File "/root/dd/degradation-degeneracy/.venv/lib/python3.12/site-packages/jax_plugins/xla_cuda12/__init__.py", line 205, in _version_check
    raise RuntimeError(err_msg) from e
RuntimeError: Unable to load cuSPARSE. Is it installed?
INFO:2026-09-26 21:33:52,094:jax._src.xla_bridge:822: Unable to initialize backend 'tpu': INTERNAL: Failed to open libtpu.so: libtpu.so: cannot open shared object file: No such file or directory
2026-09-26 21:33:52,094 INFO jax._src.xla_bridge: Unable to initialize backend 'tpu': INTERNAL: Failed to open libtpu.so: libtpu.so: cannot open shared object file: No such file or directory
WARNING:2026-09-26 21:33:52,094:jax._src.xla_bridge:864: An NVIDIA GPU may be present on this machine, but a CUDA-enabled jaxlib is not installed. Falling back to cpu.
2026-09-26 21:33:52,094 WARNING jax._src.xla_bridge: An NVIDIA GPU may be present on this machine, but a CUDA-enabled jaxlib is not installed. Falling back to cpu.
| objective | n | degeneracy | (바이어스 보정) | 평균 max-mode \|err\| | raw 반대부호 |
|---|---|---|---|---|---|
| pOCV only | 1476 | 79% | 57% | 4.7%p | 29% |
| pOCV + dV/dQ  (33p 기존) | 1476 | 62% | 15% | 2.5%p | 68% |
| pOCV + dV/dQ + dQ/dV  (34p 개선) | 1476 | 63% | 23% | 2.4%p | 47% |
| dQ/dV only | 1476 | 77% | 64% | 4.9%p | 22% |
2026-09-26 21:34:43,790 INFO src.scoring: 채점 대상: 12276행 (조건 3069, 목적함수 ['dqdv_only', 'pocv', 'pocv_dvdq', 'pocv_dvdq_dqdv'])
2026-09-26 21:34:43,810 INFO src.scoring: clean 바이어스 (노이즈0·복원가능 평균오차):
     objective  bias_err_lli  bias_err_lam_pe  bias_err_lam_ne
     dqdv_only       -0.0260          -0.0251          -0.0362
          pocv       -0.0161          -0.0178           0.0089
     pocv_dvdq       -0.0155          -0.0160           0.0106
pocv_dvdq_dqdv       -0.0186          -0.0217          -0.0033
2026-09-26 21:34:46,495 INFO src.scoring: multi-start 진단: {'dqdv_only': {'n': 1476, 'flat_valley_frac': 0.01016260162601626, 'multimodal_frac': 0.94579945799458, 'unique_min_frac': 0.04403794037940379, 'median_p_spread_all': 0.3779311417539851, 'median_n_restarts': 5.0}, 'pocv': {'n': 1476, 'flat_valley_frac': 0.1002710027100271, 'multimodal_frac': 0.787940379403794, 'unique_min_frac': 0.11178861788617886, 'median_p_spread_all': 0.5483034956421884, 'median_n_restarts': 5.0}, 'pocv_dvdq': {'n': 1476, 'flat_valley_frac': 0.05013550135501355, 'multimodal_frac': 0.5650406504065041, 'unique_min_frac': 0.38482384823848237, 'median_p_spread_all': 0.46837674834123777, 'median_n_restarts': 5.0}, 'pocv_dvdq_dqdv': {'n': 1476, 'flat_valley_frac': 0.008130081300813009, 'multimodal_frac': 0.9607046070460704, 'unique_min_frac': 0.03116531165311653, 'median_p_spread_all': 0.4370764963303838, 'median_n_restarts': 5.0}}
2026-09-26 21:34:46,514 INFO src.scoring: degeneracy 요약:
{
  "dqdv_only": {
    "n": 1476,
    "degenerate_frac": 0.7655826558265583,
    "mean_abs_err": 0.04863171309536549,
    "mean_abs_err_lam_pe": 0.024423163861368325,
    "mean_abs_err_lam_ne": 0.04379682593865708,
    "mean_abs_err_lli": 0.025528036415135957,
    "pe_ne_antisym_frac": 0.21951219512195122,
    "degenerate_frac_corrected": 0.6361788617886179,
    "alpha_wall_frac": 0.05758807588075881,
    "bound_active_frac": 0.0013550135501355014
  },
  "pocv": {
    "n": 1476,
    "degenerate_frac": 0.7859078590785907,
    "mean_abs_err": 0.046543792934644036,
    "mean_abs_err_lam_pe": 0.024575342527458202,
    "mean_abs_err_lam_ne": 0.03931046635094687,
    "mean_abs_err_lli": 0.016111848918568396,
    "pe_ne_antisym_frac": 0.2940379403794038,
    "degenerate_frac_corrected": 0.5718157181571816,
    "alpha_wall_frac": 0.08333333333333333,
    "bound_active_frac": 0.0047425474254742545
  },
  "pocv_dvdq": {
    "n": 1476,
    "degenerate_frac": 0.6185636856368564,
    "mean_abs_err": 0.025073610613701735,
    "mean_abs_err_lam_pe": 0.01907989635606358,
    "mean_abs_err_lam_ne": 0.013615320315590115,
    "mean_abs_err_lli": 0.015834734706932047,
    "pe_ne_antisym_frac": 0.6781842818428184,
    "degenerate_frac_corrected": 0.15040650406504066,
    "alpha_wall_frac": 0.11788617886178862,
    "bound_active_frac": 0.0
  },
  "pocv_dvdq_dqdv": {
    "n": 1476,
    "degenerate_frac": 0.6341463414634146,
    "mean_abs_err": 0.023768922564655667,
    "mean_abs_err_lam_pe": 0.021447868321661193,
    "mean_abs_err_lam_ne": 0.012080894642082018,
    "mean_abs_err_lli": 0.01835291353021419,
    "pe_ne_antisym_frac": 0.4742547425474255,
    "degenerate_frac_corrected": 0.23306233062330622,
    "alpha_wall_frac": 0.09552845528455285,
    "bound_active_frac": 0.0
  }
}
2026-09-26 21:34:46,514 INFO src.scoring: 저장: /tmp/tmpg2t5q1ti/degeneracy_map.parquet
2026-09-26 21:35:32,142 INFO __main__: 저장: docs/RESULTS_grid_fit_v5.md (126줄)
docs/RESULTS_grid_fit_v5.md
