# type,x,y,z,r  # AM scaffold (AM_P=1,AM_S=2) — case 260421_215235_ab3785
2,0.039134,0.016827,0.002073,0.002000
2,0.048439,0.028147,0.006341,0.002000
2,0.029537,0.025421,0.006165,0.002000
2,0.009553,0.007289,0.002126,0.002000
2,0.008714,0.031087,0.005608,0.002000
2,0.006006,0.045237,0.004153,0.002000
2,0.014717,0.022335,0.004968,0.002000
2,0.043417,0.032041,0.001898,0.002000
2,0.041133,0.015163,0.005044,0.002000
2,0.029224,0.046488,0.004340,0.002000
2,0.024021,0.026530,0.002774,0.002000
2,0.040041,0.044459,0.004053,0.002000
2,0.027433,0.013403,0.004395,0.002000
2,0.001010,0.026101,0.001986,0.002000
2,0.016719,0.026953,0.004713,0.002000
2,0.000658,0.032085,0.005471,0.002000
2,0.032190,0.032694,0.002177,0.002000
2,0.024317,0.039528,0.005859,0.002000
2,0.013866,0.041584,0.002527,0.002000
2,0.015716,0.048075,0.005640,0.002000
2,0.043163,0.035994,0.001884,0.002000
2,0.025420,0.012669,0.007517,0.002000
2,0.044215,0.001681,0.001990,0.002000
2,0.033110,0.002236,0.008128,0.002000
2,0.039266,0.037062,0.002414,0.002000
2,0.040041,0.026975,0.003524,0.002000
2,0.043758,0.006600,0.004446,0.002000
2,0.020214,0.035959,0.001895,0.002000
2,0.037830,0.001969,0.001951,0.002000
2,0.040990,0.005241,0.001955,0.002000
2,0.046111,0.021745,0.001916,0.002000
2,0.001365,0.008558,0.006645,0.002000
2,0.021555,0.006521,0.004840,0.002000
2,0.005154,0.005066,0.001976,0.002000
2,0.008990,0.026999,0.002739,0.002000
2,0.025326,0.046165,0.004211,0.002000
2,0.008126,0.023295,0.001839,0.002000
2,0.035791,0.008054,0.005668,0.002000
2,0.010830,0.014199,0.006754,0.002000
2,0.026971,0.048982,0.006455,0.002000
2,0.014135,0.008140,0.005379,0.002000
2,0.024449,0.009198,0.005576,0.002000
2,0.009513,0.011262,0.001894,0.002000
2,0.022908,0.044200,0.001905,0.002000
2,0.020197,0.032973,0.005190,0.002000
2,0.043293,0.020873,0.004505,0.002000
2,0.038758,0.011357,0.003606,0.002000
2,0.020259,0.023827,0.004199,0.002000
2,0.030530,0.013047,0.001988,0.002000
2,0.019123,0.007510,0.001886,0.002000
2,0.016587,0.034348,0.002277,0.002000
2,0.007180,0.019914,0.003612,0.002000
2,0.047530,0.028019,0.002016,0.002000
2,0.003673,0.011921,0.001828,0.002000
2,0.005990,0.042088,0.006545,0.002000
2,0.004234,0.032743,0.003092,0.002000
2,0.011929,0.016031,0.001946,0.002000
2,0.031775,0.020901,0.001987,0.002000
2,0.031468,0.035619,0.007264,0.002000
2,0.024297,0.020323,0.004990,0.002000
2,0.046493,0.041913,0.002066,0.002000
2,0.031926,0.039945,0.004608,0.002000
2,0.032145,0.045971,0.001870,0.002000
2,0.008932,0.002126,0.001979,0.002000
2,0.018871,0.030901,0.002073,0.002000
2,0.017884,0.020810,0.003080,0.002000
2,0.019052,0.039985,0.008261,0.002000
2,0.022492,0.036185,0.004984,0.002000
2,0.048057,0.013538,0.005605,0.002000
2,0.038602,0.030649,0.001963,0.002000
2,0.027007,0.023121,0.004256,0.002000
2,0.035903,0.019854,0.005351,0.002000
2,0.043417,0.044417,0.002010,0.002000
2,0.030986,0.000745,0.003627,0.002000
2,0.013918,0.002859,0.005577,0.002000
2,0.021867,0.019333,0.007810,0.002000
2,0.042023,0.039945,0.002472,0.002000
2,0.013333,0.020487,0.001879,0.002000
2,0.048276,0.019642,0.005984,0.002000
2,0.029798,0.028899,0.004420,0.002000
2,0.008783,0.016396,0.004345,0.002000
2,0.015472,0.046940,0.001904,0.002000
2,0.021802,0.011097,0.003293,0.002000
2,0.026808,0.016123,0.001844,0.002000
2,0.026090,0.030692,0.002651,0.002000
2,0.042053,0.023910,0.001943,0.002000
2,0.039667,0.020762,0.002256,0.002000
2,0.048706,0.042188,0.007255,0.002000
2,0.010789,0.010229,0.005318,0.002000
2,0.031326,0.025036,0.002094,0.002000
2,0.018162,0.037120,0.005399,0.002000
2,0.041015,0.002003,0.004283,0.002000
2,0.048070,0.044742,0.004321,0.002000
2,0.029089,0.019233,0.005194,0.002000
2,0.031328,0.016948,0.002037,0.002000
2,0.026595,0.020098,0.001870,0.002000
2,0.037661,0.047186,0.005564,0.002000
2,0.018071,0.012726,0.001928,0.002000
2,0.002025,0.044766,0.003987,0.002000
2,0.003741,0.047742,0.002031,0.002000
2,0.012394,0.027794,0.004964,0.002000
2,0.016497,0.024324,0.001883,0.002000
2,0.022036,0.021142,0.001908,0.002000
2,0.006895,0.039592,0.003717,0.002000
2,0.012672,0.035055,0.001920,0.002000
2,0.042890,0.013334,0.002020,0.002000
2,0.028515,0.008612,0.005904,0.002000
2,0.038511,0.042583,0.007114,0.002000
2,0.043618,0.042469,0.005439,0.002000
2,0.028553,0.008582,0.001980,0.002000
2,0.005921,0.036280,0.001942,0.002000
2,0.018190,0.004437,0.004146,0.002000
2,0.005035,0.024348,0.003971,0.002000
2,0.017830,0.013738,0.005862,0.002000
2,0.015948,0.043942,0.004993,0.002000
2,0.018856,0.017134,0.001968,0.002000
2,0.022895,0.048494,0.002117,0.002000
2,0.040824,0.032322,0.004770,0.002000
2,0.043679,0.046624,0.005288,0.002000
2,0.017846,0.042837,0.001867,0.002000
2,0.035155,0.036714,0.006545,0.002000
2,0.008239,0.048294,0.002955,0.002000
2,0.036379,0.013971,0.001902,0.002000
2,0.034061,0.010358,0.001855,0.002000
2,0.000296,0.040657,0.002304,0.002000
2,0.021570,0.040440,0.001874,0.002000
2,0.014328,0.025339,0.007393,0.002000
2,0.011679,0.045705,0.001948,0.002000
2,0.026735,0.042668,0.005612,0.002000
2,0.003637,0.018929,0.005184,0.002000
2,0.032224,0.014742,0.005169,0.002000
2,0.047573,0.001896,0.004059,0.002000
2,0.033886,0.042409,0.002193,0.002000
2,0.025261,0.038986,0.002058,0.002000
2,0.020236,0.027169,0.001930,0.002000
2,0.026358,0.034539,0.001823,0.002000
2,0.021386,0.003538,0.001977,0.002000
2,0.002517,0.008143,0.001986,0.002000
2,0.000329,0.038034,0.007256,0.002000
2,0.003690,0.020638,0.001826,0.002000
2,0.029203,0.038444,0.001918,0.002000
2,0.023733,0.024439,0.006039,0.002000
2,0.008278,0.005506,0.005410,0.002000
2,0.033906,0.046007,0.005334,0.002000
2,0.039914,0.019427,0.006000,0.002000
2,0.017612,0.009913,0.004633,0.002000
2,0.021000,0.000844,0.004810,0.002000
2,0.012621,0.049257,0.003420,0.002000
2,0.035400,0.032916,0.005335,0.002000
2,0.004844,0.007502,0.005079,0.002000
2,0.015666,0.017700,0.004252,0.002000
2,0.048898,0.035710,0.004451,0.002000
2,0.013721,0.011117,0.001967,0.002000
2,0.041605,0.024161,0.005930,0.002000
2,0.027795,0.026769,0.001844,0.002000
2,0.033165,0.003498,0.001808,0.002000
2,0.040827,0.047698,0.001939,0.002000
2,0.047671,0.007867,0.005313,0.002000
2,0.036527,0.026319,0.001909,0.002000
2,0.017719,0.034170,0.008110,0.002000
2,0.010549,0.039561,0.001900,0.002000
2,0.037241,0.006789,0.002211,0.002000
2,0.045576,0.010410,0.001864,0.002000
2,0.024470,0.007089,0.002197,0.002000
2,0.011495,0.034050,0.007325,0.002000
2,0.046419,0.039634,0.005323,0.002000
2,0.047212,0.033181,0.001888,0.002000
2,0.004211,0.041955,0.001935,0.002000
2,0.036233,0.000876,0.005290,0.002000
2,0.031819,0.006839,0.003455,0.002000
2,0.024167,0.003370,0.005678,0.002000
2,0.025379,0.033499,0.005448,0.002000
2,0.006784,0.014313,0.001898,0.002000
2,0.009320,0.040044,0.008185,0.002000
2,0.046697,0.037725,0.001910,0.002000
2,0.027983,0.038041,0.005624,0.002000
2,0.014730,0.006427,0.001928,0.002000
2,0.002683,0.001587,0.002251,0.002000
2,0.043552,0.028057,0.001989,0.002000
2,0.014453,0.035690,0.005318,0.002000
2,0.008837,0.020303,0.007175,0.002000
2,0.034177,0.037255,0.001970,0.002000
2,0.041781,0.009206,0.002175,0.002000
2,0.027401,0.049111,0.001990,0.002000
2,0.037181,0.015474,0.005470,0.002000
2,0.019436,0.046455,0.001852,0.002000
2,0.011434,0.038239,0.005433,0.002000
2,0.046399,0.047875,0.002225,0.002000
2,0.036118,0.046305,0.002049,0.002000
2,0.037562,0.023768,0.004733,0.002000
2,0.025531,0.011156,0.001908,0.002000
2,0.046020,0.030648,0.004574,0.002000
2,0.031646,0.031909,0.006055,0.002000
2,0.042271,0.036861,0.005490,0.002000
2,0.016205,0.031587,0.005589,0.002000
2,0.021028,0.046926,0.005279,0.002000
2,0.032712,0.028773,0.001886,0.002000
2,0.046608,0.006666,0.001805,0.002000
2,0.029388,0.034604,0.004208,0.002000
2,0.045352,0.034378,0.005656,0.002000
2,0.035047,0.012228,0.006387,0.002000
2,0.007128,0.011519,0.005947,0.002000
2,0.012415,0.025109,0.001981,0.002000
2,0.001707,0.012167,0.005060,0.002000
2,0.045792,0.025075,0.004031,0.002000
2,0.030975,0.043474,0.006215,0.002000
2,0.022582,0.029908,0.004304,0.002000
2,0.025462,0.003228,0.001983,0.002000
2,0.007920,0.032201,0.001901,0.002000
2,0.028003,0.042254,0.001932,0.002000
2,0.032604,0.022970,0.005185,0.002000
2,0.001904,0.036413,0.001989,0.002000
2,0.031699,0.010579,0.004819,0.002000
2,0.004487,0.015066,0.005453,0.002000
2,0.038456,0.041616,0.001865,0.002000
2,0.014098,0.014039,0.004570,0.002000
2,0.011243,0.030068,0.001889,0.002000
2,0.036660,0.039917,0.004819,0.002000
2,0.012804,0.002943,0.001930,0.002000
2,0.021028,0.041737,0.005425,0.002000
2,0.048451,0.017552,0.002615,0.002000
2,0.049835,0.005090,0.003412,0.002000
2,0.045228,0.016048,0.004421,0.002000
2,0.038826,0.035267,0.006473,0.002000
2,0.028273,0.005129,0.004043,0.002000
2,0.035694,0.021737,0.001900,0.002000
2,0.021104,0.016540,0.005133,0.002000
2,0.036847,0.028864,0.004995,0.002000
2,0.036638,0.034126,0.001896,0.002000
2,0.002124,0.028408,0.004963,0.002000
2,0.015090,0.029690,0.002374,0.002000
2,0.042922,0.027904,0.006044,0.002000
2,0.019990,0.027859,0.006626,0.002000
2,0.008559,0.043055,0.001997,0.002000
2,0.034444,0.004389,0.005209,0.002000
2,0.003544,0.016644,0.001961,0.002000
2,0.047701,0.013745,0.001836,0.002000
2,0.044574,0.010371,0.005484,0.002000
2,0.004891,0.028376,0.001958,0.002000
2,0.011785,0.018800,0.005022,0.002000
2,0.043103,0.018013,0.001855,0.002000
2,0.003082,0.039617,0.004918,0.002000
2,0.000885,0.014209,0.008318,0.002000
2,0.035236,0.017721,0.002112,0.002000
2,0.008773,0.035168,0.004692,0.002000
2,0.001118,0.030650,0.001901,0.002000
2,0.023127,0.014715,0.002267,0.002000
2,0.010174,0.023469,0.005206,0.002000
2,0.000261,0.021863,0.003375,0.002000
2,0.015572,0.040119,0.005775,0.002000
2,0.017401,0.038874,0.001960,0.002000
2,0.006290,0.002101,0.004854,0.002000
2,0.016728,0.001372,0.001984,0.002000
2,0.027930,0.030999,0.007233,0.002000
2,0.038399,0.031472,0.007719,0.002000
2,0.017884,0.021265,0.007025,0.002000
2,0.004680,0.014859,0.009379,0.002000
2,0.003649,0.049160,0.005979,0.002000
2,0.036602,0.049137,0.008776,0.002000
2,0.015060,0.037584,0.008694,0.002000
2,0.026118,0.027500,0.006717,0.002000
2,0.041389,0.039986,0.007601,0.002000
2,0.033710,0.017284,0.007737,0.002000
2,0.029366,0.040543,0.008330,0.002000
2,0.011735,0.005667,0.007870,0.002000
2,0.018623,0.036986,0.010717,0.002000
2,0.027880,0.022528,0.008347,0.002000
2,0.004900,0.031470,0.006702,0.002000
2,0.012568,0.021151,0.008173,0.002000
2,0.043639,0.031442,0.007675,0.002000
2,0.024353,0.036450,0.008470,0.002000
2,0.047972,0.048405,0.005894,0.002000
2,0.048704,0.006678,0.008834,0.002000
2,0.003841,0.011239,0.008160,0.002000
2,0.041673,0.012062,0.007362,0.002000
2,0.045092,0.013953,0.008033,0.002000
2,0.020840,0.009037,0.007759,0.002000
2,0.035007,0.025993,0.006920,0.002000
2,0.023335,0.031443,0.008078,0.002000
2,0.026011,0.006486,0.008102,0.002000
2,0.028865,0.014723,0.007636,0.002000
2,0.040417,0.004927,0.006847,0.002000
2,0.018473,0.017127,0.008338,0.002000
2,0.010819,0.043489,0.005174,0.002000
2,0.023465,0.044323,0.007067,0.002000
2,0.016270,0.029511,0.008923,0.002000
2,0.016754,0.009291,0.008404,0.002000
2,0.018495,0.047207,0.008285,0.002000
2,0.003873,0.039266,0.009035,0.002000
2,0.034446,0.041273,0.007727,0.002000
2,0.046101,0.025525,0.008060,0.002000
2,0.039559,0.026932,0.007965,0.002000
2,0.032908,0.009404,0.008234,0.002000
2,0.018502,0.026372,0.009969,0.002000
2,0.008098,0.016591,0.008366,0.002000
2,0.028220,0.036447,0.009261,0.002000
2,0.031351,0.048434,0.007794,0.002000
2,0.021428,0.013105,0.007463,0.002000
2,0.005011,0.026894,0.007028,0.002000
2,0.036841,0.004086,0.008245,0.002000
2,0.003786,0.035790,0.005588,0.002000
2,0.008853,0.026955,0.006581,0.002000
2,0.044968,0.021773,0.007907,0.002000
2,0.021087,0.023119,0.008517,0.002000
2,0.045872,0.044817,0.008101,0.002000
2,0.016245,0.005377,0.007443,0.002000
2,0.034579,0.032581,0.009169,0.002000
2,0.012158,0.030211,0.008135,0.002000
2,0.039550,0.008806,0.006569,0.002000
2,0.044545,0.017857,0.007800,0.002000
2,0.021118,0.002505,0.008330,0.002000
2,0.004738,0.018726,0.008737,0.002000
2,0.014613,0.016151,0.008151,0.002000
2,0.031922,0.028299,0.007739,0.002000
2,0.046974,0.036443,0.008535,0.002000
2,0.002606,0.003926,0.006008,0.002000
2,0.044518,0.003385,0.006509,0.002000
2,0.013418,0.011433,0.007927,0.002000
2,0.040743,0.048517,0.008181,0.002000
2,0.026129,0.018387,0.008286,0.002000
2,0.007801,0.035581,0.008546,0.002000
2,0.023037,0.048576,0.008158,0.002000
2,0.048402,0.002848,0.007806,0.002000
2,0.007684,0.043228,0.009783,0.002000
2,0.015985,0.044182,0.008819,0.002000
2,0.028869,0.002748,0.007665,0.002000
2,0.005559,0.007536,0.008912,0.002000
2,0.037759,0.014098,0.009180,0.002000
2,0.022981,0.027038,0.009117,0.002000
2,0.036344,0.028559,0.009603,0.002000
2,0.001442,0.046317,0.007643,0.002000
2,0.009241,0.001614,0.007373,0.002000
2,0.014882,0.034363,0.010824,0.002000
2,0.007550,0.012218,0.009777,0.002000
2,0.030070,0.018212,0.008933,0.002000
2,0.035626,0.045295,0.008860,0.002000
2,0.037836,0.039385,0.009335,0.002000
2,0.007834,0.023151,0.009649,0.002000
2,0.035035,0.022279,0.008206,0.002000
2,0.025370,0.040570,0.009403,0.002000
2,0.041055,0.033628,0.009648,0.002000
2,0.004018,0.034518,0.009259,0.002000
2,0.037386,0.018041,0.008896,0.002000
2,0.046621,0.010070,0.008869,0.002000
2,0.003771,0.022906,0.007428,0.002000
2,0.019240,0.020336,0.010579,0.002000
2,0.030584,0.031179,0.010098,0.002000
2,0.029365,0.011036,0.008979,0.002000
2,0.038893,0.023065,0.008625,0.002000
2,0.023289,0.010979,0.010214,0.002000
2,0.012619,0.048837,0.008011,0.002000
2,0.028720,0.027008,0.009650,0.002000
2,0.047718,0.016452,0.009678,0.002000
2,0.001892,0.015132,0.012077,0.002000
2,0.041494,0.014511,0.010418,0.002000
2,0.032952,0.037695,0.010094,0.002000
2,0.021864,0.016402,0.010275,0.002000
2,0.021430,0.034261,0.010076,0.002000
2,0.017253,0.001648,0.008428,0.002000
2,0.019297,0.005922,0.009869,0.002000
2,0.011705,0.014637,0.010454,0.002000
2,0.028299,0.046060,0.008798,0.002000
2,0.009831,0.008969,0.008945,0.002000
2,0.029814,0.007058,0.009177,0.002000
2,0.011284,0.026433,0.009496,0.002000
2,0.032215,0.041467,0.010885,0.002000
2,0.041214,0.018445,0.009864,0.002000
2,0.003806,0.043972,0.009758,0.002000
2,0.049445,0.022252,0.008732,0.002000
2,0.043027,0.007791,0.008155,0.002000
2,0.011228,0.037056,0.009934,0.002000
2,0.001335,0.026420,0.008455,0.002000
2,0.016586,0.013075,0.009666,0.002000
2,0.005948,0.047145,0.008510,0.002000
2,0.025566,0.024597,0.010800,0.002000
2,0.044886,0.049750,0.008014,0.002000
2,0.012879,0.041813,0.008127,0.002000
2,0.031537,0.023846,0.009232,0.002000
2,0.015536,0.022783,0.010184,0.002000
2,0.041180,0.044795,0.009488,0.002000
2,0.029882,0.014708,0.011334,0.002000
2,0.048323,0.039694,0.010330,0.002000
2,0.009741,0.046081,0.007949,0.002000
2,0.020373,0.043510,0.009440,0.002000
2,0.013512,0.002479,0.009479,0.002000
2,0.021628,0.030033,0.011344,0.002000
2,0.008199,0.030243,0.009673,0.002000
2,0.000714,0.010701,0.010532,0.002000
2,0.037105,0.042681,0.011458,0.002000
2,0.042903,0.026691,0.010080,0.002000
2,0.020341,0.049325,0.010972,0.002000
2,0.001918,0.002405,0.009547,0.002000
2,0.042393,0.002372,0.009689,0.002000
2,0.025700,0.048107,0.010973,0.002000
2,0.026780,0.033002,0.010492,0.002000
2,0.034482,0.015286,0.011064,0.002000
2,0.005024,0.025716,0.010633,0.002000
2,0.036172,0.024820,0.010939,0.002000
2,0.025525,0.001985,0.009699,0.002000
2,0.044373,0.039571,0.010041,0.002000
2,0.037909,0.007517,0.009932,0.002000
2,0.031935,0.045379,0.010287,0.002000
2,0.023698,0.021043,0.010859,0.002000
2,0.000057,0.032764,0.009284,0.002000
2,0.037611,0.035511,0.010223,0.002000
2,0.007072,0.039169,0.011372,0.002000
2,0.003248,0.021277,0.011164,0.002000
2,0.025803,0.029205,0.011043,0.002000
2,0.026534,0.008807,0.011261,0.002000
2,0.033717,0.005598,0.010079,0.002000
2,0.006689,0.014394,0.012939,0.002000
2,0.030594,0.001602,0.011052,0.002000
2,0.046510,0.031289,0.010361,0.002000
2,0.045288,0.005085,0.009926,0.002000
2,0.038512,0.031133,0.011708,0.002000
2,0.022675,0.004074,0.011536,0.002000
2,0.040218,0.010633,0.010611,0.002000
2,0.007813,0.004421,0.009716,0.002000
2,0.014590,0.027078,0.011545,0.002000
2,0.017866,0.030194,0.012580,0.002000
2,0.019397,0.010680,0.011022,0.002000
2,0.011097,0.033258,0.011133,0.002000
2,0.038440,0.016872,0.012522,0.002000
2,0.045588,0.012689,0.011614,0.002000
2,0.038548,0.048426,0.012038,0.002000
2,0.012635,0.045910,0.010678,0.002000
2,0.009003,0.045709,0.012326,0.002000
2,0.017371,0.017778,0.012756,0.002000
2,0.015493,0.005790,0.011239,0.002000
2,0.013784,0.009308,0.011121,0.002000
2,0.025586,0.015092,0.010648,0.002000
2,0.010025,0.020510,0.011667,0.002000
2,0.046602,0.001533,0.011134,0.002000
2,0.022812,0.037389,0.012102,0.002000
2,0.028075,0.018098,0.012252,0.002000
2,0.033094,0.020129,0.010665,0.002000
2,0.002910,0.029873,0.009610,0.002000
2,0.042753,0.030444,0.011421,0.002000
2,0.032905,0.028132,0.011628,0.002000
2,0.008543,0.026555,0.012256,0.002000
2,0.038052,0.020747,0.011686,0.002000
2,0.029173,0.024243,0.012338,0.002000
2,0.024421,0.044355,0.010722,0.002000
2,0.012352,0.023908,0.012311,0.002000
2,0.032413,0.034204,0.011964,0.002000
2,0.028698,0.038775,0.012361,0.002000
2,0.012763,0.042151,0.012003,0.002000
2,0.011369,0.029417,0.011930,0.002000
2,0.018318,0.002507,0.012099,0.002000
2,0.013389,0.018524,0.011051,0.002000
2,0.033499,0.011449,0.011413,0.002000
2,0.046627,0.021743,0.011466,0.002000
2,0.013512,0.038023,0.012996,0.002000
2,0.001950,0.006975,0.011229,0.002000
2,0.042662,0.022478,0.011011,0.002000
2,0.009092,0.049117,0.010433,0.002000
2,0.008153,0.007203,0.012466,0.002000
2,0.006683,0.033855,0.012046,0.002000
2,0.027960,0.004532,0.011531,0.002000
2,0.028486,0.042658,0.011584,0.002000
2,0.045787,0.025513,0.012412,0.002000
2,0.049788,0.019300,0.011493,0.002000
2,0.029815,0.010410,0.012876,0.002000
2,0.048896,0.044398,0.010651,0.002000
2,0.016484,0.046563,0.011820,0.002000
2,0.001626,0.025006,0.012402,0.002000
2,0.045011,0.047261,0.011039,0.002000
2,0.016242,0.040378,0.011284,0.002000
2,0.001369,0.041074,0.012422,0.002000
2,0.034397,0.044918,0.013344,0.002000
2,0.006837,0.018209,0.012016,0.002000
2,0.049007,0.028274,0.011037,0.002000
2,0.004361,0.003266,0.012446,0.002000
2,0.023369,0.000416,0.013152,0.002000
2,0.020806,0.023505,0.012411,0.002000
2,0.036485,0.009454,0.013033,0.002000
2,0.047485,0.034758,0.011995,0.002000
2,0.018077,0.049208,0.014227,0.002000
2,0.043722,0.009164,0.011722,0.002000
2,0.044762,0.018061,0.011786,0.002000
2,0.014584,0.015031,0.013077,0.002000
2,0.041160,0.037368,0.010796,0.002000
2,0.048354,0.004901,0.012355,0.002000
2,0.018907,0.033934,0.013338,0.002000
2,0.003573,0.048977,0.011093,0.002000
2,0.017683,0.026415,0.013866,0.002000
2,0.022881,0.007860,0.012431,0.002000
2,0.033943,0.049265,0.011846,0.002000
2,0.027179,0.027158,0.014161,0.002000
2,0.032009,0.015466,0.014463,0.002000
2,0.030295,0.047938,0.012811,0.002000
2,0.003728,0.013342,0.015371,0.002000
2,0.032844,0.023148,0.013251,0.002000
2,0.010096,0.040180,0.014039,0.002000
2,0.026307,0.013462,0.014130,0.002000
2,0.004311,0.010137,0.012111,0.002000
2,0.049022,0.048359,0.011098,0.002000
2,0.028809,0.034855,0.013369,0.002000
2,0.032937,0.011312,0.015176,0.002000
2,0.047438,0.039337,0.014100,0.002000
2,0.005348,0.029169,0.012523,0.002000
2,0.022043,0.013950,0.013234,0.002000
2,0.016918,0.011928,0.013732,0.002000
2,0.035225,0.036783,0.013022,0.002000
2,0.010644,0.003441,0.012261,0.002000
2,0.040836,0.040840,0.012706,0.002000
2,0.031148,0.006663,0.012825,0.002000
2,0.010389,0.011087,0.012203,0.002000
2,0.039909,0.004758,0.012024,0.002000
2,0.024128,0.022668,0.014488,0.002000
2,0.036252,0.033152,0.014221,0.002000
2,0.041575,0.033636,0.013544,0.002000
2,0.017169,0.022492,0.013721,0.002000
2,0.003873,0.036733,0.012553,0.002000
2,0.044531,0.042740,0.012297,0.002000
2,0.024405,0.017917,0.013708,0.002000
2,0.014280,0.030076,0.014433,0.002000
2,0.006451,0.021814,0.013523,0.002000
2,0.023229,0.026734,0.013974,0.002000
2,0.020947,0.010471,0.014594,0.002000
2,0.019842,0.005740,0.013737,0.002000
2,0.027869,0.021271,0.014367,0.002000
2,0.023695,0.041156,0.012803,0.002000
2,0.014856,0.002986,0.013904,0.002000
2,0.042181,0.048179,0.013575,0.002000
2,0.039898,0.024782,0.012600,0.002000
2,0.036267,0.027584,0.013706,0.002000
2,0.014765,0.034010,0.014613,0.002000
2,0.006744,0.048691,0.013592,0.002000
2,0.003293,0.018340,0.013817,0.002000
2,0.026922,0.045567,0.013748,0.002000
2,0.012677,0.049608,0.012113,0.002000
2,0.017502,0.038114,0.014301,0.002000
2,0.009175,0.031664,0.014238,0.002000
2,0.013203,0.020634,0.014379,0.002000
2,0.023779,0.033710,0.013215,0.002000
2,0.039955,0.012625,0.013938,0.002000
2,0.044441,0.005801,0.013626,0.002000
2,0.018809,0.015054,0.015206,0.002000
2,0.003219,0.045685,0.013247,0.002000
2,0.040137,0.044698,0.013276,0.002000
2,0.032084,0.038727,0.014424,0.002000
2,0.010155,0.016407,0.013525,0.002000
2,0.021642,0.046040,0.012929,0.002000
2,0.013730,0.024883,0.015867,0.002000
2,0.044371,0.036995,0.013081,0.002000
2,0.033699,0.019319,0.014283,0.002000
2,0.047420,0.029118,0.014503,0.002000
2,0.036306,0.002489,0.012286,0.002000
2,0.002264,0.022020,0.014795,0.002000
2,0.048140,0.015135,0.013412,0.002000
2,0.025705,0.005876,0.014427,0.002000
2,0.043730,0.011669,0.014720,0.002000
2,0.014400,0.040426,0.015995,0.002000
2,0.036033,0.048153,0.015030,0.002000
2,0.043131,0.002045,0.013714,0.002000
2,0.031229,0.042621,0.014446,0.002000
2,0.034920,0.005908,0.013813,0.002000
2,0.025223,0.009750,0.014948,0.002000
2,0.015777,0.043723,0.014369,0.002000
2,0.010237,0.035787,0.014021,0.002000
2,0.030748,0.031174,0.013972,0.002000
2,0.029414,0.012522,0.016355,0.002000
2,0.011582,0.044585,0.014988,0.002000
2,0.037550,0.019853,0.015457,0.002000
2,0.005439,0.025768,0.014527,0.002000
2,0.031153,0.026601,0.014832,0.002000
2,0.025592,0.048647,0.015816,0.002000
2,0.045255,0.032481,0.014263,0.002000
2,0.020408,0.021792,0.015861,0.002000
2,0.044488,0.020829,0.014592,0.002000
2,0.026430,0.031067,0.014476,0.002000
2,0.048641,0.024408,0.014877,0.002000
2,0.019891,0.028900,0.015953,0.002000
2,0.019499,0.042670,0.013140,0.002000
2,0.022407,0.016048,0.016545,0.002000
2,0.001856,0.032426,0.012754,0.002000
2,0.026033,0.037253,0.014808,0.002000
2,0.049495,0.003556,0.015747,0.002000
2,0.035908,0.037408,0.016662,0.002000
2,0.011830,0.006650,0.014186,0.002000
2,0.039392,0.037146,0.014310,0.002000
2,0.001848,0.028467,0.014284,0.002000
2,0.013099,0.010316,0.014831,0.002000
2,0.018084,0.003162,0.016132,0.002000
2,0.046693,0.048802,0.014260,0.002000
2,0.044657,0.045444,0.015108,0.002000
2,0.026938,0.041114,0.015096,0.002000
2,0.040020,0.008703,0.014621,0.002000
2,0.001505,0.049556,0.014871,0.002000
2,0.022383,0.007313,0.016353,0.002000
2,0.023294,0.043459,0.015766,0.002000
2,0.039178,0.029725,0.015379,0.002000
2,0.016264,0.007997,0.014355,0.002000
2,0.012666,0.017320,0.016450,0.002000
2,0.027890,0.016115,0.016643,0.002000
2,0.018328,0.034984,0.017049,0.002000
2,0.010617,0.027519,0.015649,0.002000
2,0.000548,0.010943,0.015081,0.002000
2,0.042733,0.015493,0.014073,0.002000
2,0.004639,0.006868,0.014273,0.002000
2,0.036470,0.023630,0.014743,0.002000
2,0.014082,0.047658,0.015198,0.002000
2,0.021587,0.048463,0.016053,0.002000
2,0.039865,0.046967,0.016503,0.002000
2,0.027069,0.002154,0.014719,0.002000
2,0.005045,0.041704,0.013654,0.002000
2,0.026197,0.019581,0.017403,0.002000
2,0.031509,0.002752,0.014752,0.002000
2,0.039210,0.001280,0.014730,0.002000
2,0.007436,0.003079,0.014856,0.002000
2,0.041653,0.032256,0.017218,0.002000
2,0.008046,0.047518,0.017122,0.002000
2,0.030456,0.019096,0.016427,0.002000
2,0.011716,0.031167,0.017215,0.002000
2,0.040498,0.026049,0.016220,0.002000
2,0.019002,0.045491,0.015833,0.002000
2,0.008295,0.019025,0.015712,0.002000
2,0.002139,0.017036,0.017302,0.002000
2,0.030032,0.045872,0.016155,0.002000
2,0.042821,0.004487,0.016856,0.002000
2,0.022244,0.031988,0.016476,0.002000
2,0.036710,0.011929,0.016062,0.002000
2,0.045999,0.014236,0.016532,0.002000
2,0.016042,0.014565,0.017901,0.002000
2,0.016554,0.019444,0.016196,0.002000
2,0.037997,0.022653,0.018247,0.002000
2,0.016158,0.031759,0.017445,0.002000
2,0.043999,0.040572,0.015576,0.002000
2,0.006663,0.035289,0.015709,0.002000
2,0.048223,0.027041,0.017796,0.002000
2,0.037742,0.040958,0.015222,0.002000
2,0.022449,0.019735,0.018394,0.002000
2,0.029684,0.006871,0.016381,0.002000
2,0.033947,0.029918,0.015883,0.002000
2,0.010876,0.000770,0.015991,0.002000
2,0.048443,0.019086,0.015291,0.002000
2,0.032873,0.033750,0.016110,0.002000
2,0.036345,0.044682,0.016823,0.002000
2,0.001763,0.035199,0.015528,0.002000
2,0.041329,0.018729,0.015907,0.002000
2,0.034501,0.007715,0.017251,0.002000
2,0.049196,0.045164,0.014547,0.002000
2,0.008510,0.007038,0.016363,0.002000
2,0.039034,0.005076,0.015838,0.002000
2,0.047885,0.035747,0.015756,0.002000
2,0.007717,0.043912,0.015513,0.002000
2,0.034957,0.016899,0.017053,0.002000
2,0.006096,0.010162,0.015852,0.002000
2,0.002218,0.025404,0.016742,0.002000
2,0.020774,0.040375,0.016091,0.002000
2,0.032803,0.048468,0.017395,0.002000
2,0.038537,0.015444,0.016370,0.002000
2,0.003867,0.003958,0.016784,0.002000
2,0.006903,0.039213,0.016097,0.002000
2,0.019992,0.009756,0.018288,0.002000
2,0.022911,0.025251,0.017629,0.002000
2,0.015863,0.027846,0.017437,0.002000
2,0.014193,0.000687,0.018187,0.002000
2,0.026721,0.010494,0.018467,0.002000
2,0.012434,0.013428,0.016967,0.002000
2,0.005811,0.030805,0.015969,0.002000
2,0.035097,0.002919,0.016356,0.002000
2,0.009232,0.023360,0.016781,0.002000
2,0.013242,0.004392,0.017205,0.002000
2,0.040936,0.042824,0.016681,0.002000
2,0.044932,0.024868,0.016172,0.002000
2,0.030123,0.036601,0.017116,0.002000
2,0.027904,0.024290,0.016805,0.002000
2,0.049067,0.039442,0.017659,0.002000
2,0.006683,0.027427,0.017824,0.002000
2,0.043054,0.028887,0.015067,0.002000
2,0.043902,0.008283,0.016687,0.002000
2,0.016276,0.010633,0.017353,0.002000
2,0.024005,0.003369,0.016949,0.002000
2,0.031515,0.015440,0.018348,0.002000
2,0.029841,0.040511,0.017723,0.002000
2,0.017335,0.042507,0.017869,0.002000
2,0.022374,0.036737,0.016218,0.002000
2,0.018417,0.049441,0.018218,0.002000
2,0.025722,0.034621,0.017757,0.002000
2,0.023367,0.012446,0.017842,0.002000
2,0.025693,0.039105,0.018277,0.002000
2,0.001681,0.007517,0.016858,0.002000
2,0.031325,0.009792,0.018440,0.002000
2,0.048856,0.047949,0.017395,0.002000
2,0.034497,0.020763,0.017858,0.002000
2,0.004116,0.045428,0.017094,0.002000
2,0.038419,0.034563,0.017521,0.002000
2,0.007608,0.001403,0.018380,0.002000
2,0.036258,0.026849,0.017686,0.002000
2,0.045742,0.001765,0.016702,0.002000
2,0.047759,0.008156,0.015649,0.002000
2,0.028921,0.049179,0.017892,0.002000
2,0.047809,0.032015,0.017149,0.002000
2,0.044129,0.036040,0.016856,0.002000
2,0.042171,0.022290,0.017458,0.002000
2,0.014183,0.044775,0.017866,0.002000
2,0.047048,0.042766,0.016838,0.002000
2,0.040859,0.038522,0.017680,0.002000
2,0.032211,0.004679,0.018460,0.002000
2,0.026413,0.006551,0.018574,0.002000
2,0.043510,0.048037,0.017784,0.002000
2,0.018941,0.025334,0.017476,0.002000
2,0.000788,0.020702,0.018073,0.002000
2,0.012016,0.008153,0.017900,0.002000
2,0.042375,0.011577,0.018301,0.002000
2,0.008618,0.013154,0.016087,0.002000
2,0.029177,0.032757,0.017135,0.002000
2,0.027977,0.002932,0.018549,0.002000
2,0.011484,0.037977,0.017068,0.002000
2,0.029639,0.028856,0.017837,0.002000
2,0.001537,0.030343,0.017734,0.002000
2,0.033069,0.024464,0.017557,0.002000
2,0.016057,0.022738,0.018349,0.002000
2,0.033800,0.040376,0.018094,0.002000
2,0.003287,0.037773,0.017942,0.002000
2,0.019190,0.017513,0.018383,0.002000
2,0.049392,0.014066,0.018494,0.002000
2,0.005266,0.021027,0.017165,0.002000
2,0.045327,0.018643,0.017694,0.002000
2,0.023745,0.000009,0.018964,0.002000
2,0.016345,0.006741,0.018049,0.002000
2,0.025709,0.029418,0.017946,0.002000
2,0.024785,0.045947,0.018614,0.002000
2,0.009472,0.034244,0.018274,0.002000
2,0.017901,0.038690,0.018212,0.002000
2,0.009561,0.041994,0.018335,0.002000
2,0.036537,0.013422,0.019649,0.002000
2,0.012093,0.021093,0.018410,0.002000
2,0.039000,0.018287,0.019124,0.002000
2,0.032291,0.044621,0.019055,0.002000
2,0.046829,0.010116,0.018970,0.002000
2,0.041900,0.001398,0.018983,0.002000
2,0.037577,0.048944,0.018968,0.002000
2,0.009085,0.015748,0.018991,0.002000
2,0.036352,0.031373,0.018586,0.002000
2,0.005968,0.012869,0.019042,0.002000
2,0.028115,0.043820,0.019073,0.002000
2,0.004192,0.033179,0.018458,0.002000
2,0.001326,0.043023,0.018511,0.002000
2,0.038098,0.006968,0.019120,0.002000
2,0.045001,0.029481,0.018693,0.002000
2,0.048721,0.002198,0.019256,0.002000
2,0.004890,0.041272,0.018725,0.002000
2,0.041189,0.028450,0.019238,0.002000
2,0.030541,0.021837,0.019150,0.002000
2,0.047397,0.023296,0.019194,0.002000
2,0.019976,0.013450,0.019621,0.002000
2,0.010055,0.004341,0.019493,0.002000
2,0.004748,0.008637,0.019247,0.002000
2,0.037680,0.041942,0.019249,0.002000
2,0.022880,0.042092,0.019243,0.002000
2,0.014774,0.036533,0.019370,0.002000
2,0.008447,0.030565,0.019421,0.002000
2,0.017609,0.002911,0.019950,0.002000
2,0.020040,0.045524,0.019547,0.002000
2,0.036932,0.002760,0.019770,0.002000
2,0.034437,0.035017,0.019478,0.002000
2,0.003196,0.001057,0.019384,0.002000
2,0.040289,0.014590,0.019739,0.002000
2,0.044130,0.015420,0.019632,0.002000
2,0.043772,0.040999,0.019588,0.002000
2,0.022422,0.006295,0.020048,0.002000
2,0.021840,0.028964,0.019686,0.002000
2,0.001552,0.010966,0.019652,0.002000
2,0.025862,0.014490,0.020140,0.002000
2,0.029424,0.012723,0.020273,0.002000
2,0.010750,0.026149,0.019614,0.002000
2,0.013308,0.040220,0.019818,0.002000
2,0.026320,0.026018,0.019877,0.002000
2,0.043879,0.024995,0.019931,0.002000
2,0.006479,0.036402,0.019717,0.002000
2,0.003732,0.026358,0.020166,0.002000
2,0.037765,0.038085,0.020085,0.002000
2,0.042713,0.006984,0.020170,0.002000
2,0.008738,0.008719,0.019982,0.002000
2,0.042636,0.044795,0.019878,0.002000
2,0.020748,0.036690,0.019957,0.002000
2,0.045013,0.003715,0.020101,0.002000
2,0.013666,0.032087,0.020509,0.002000
2,0.047916,0.006425,0.020008,0.002000
2,0.011158,0.011848,0.020258,0.002000
2,0.006201,0.005085,0.020161,0.002000
2,0.007264,0.045351,0.020322,0.002000
2,0.026767,0.022102,0.020401,0.002000
2,0.031182,0.001363,0.020368,0.002000
2,0.018253,0.030486,0.020377,0.002000
2,0.044976,0.034647,0.020370,0.002000
2,0.031815,0.030821,0.020539,0.002000
2,0.042944,0.019934,0.020557,0.002000
2,0.000043,0.036893,0.020464,0.002000
2,0.022057,0.032923,0.020247,0.002000
2,0.004354,0.017196,0.020523,0.002000
2,0.018738,0.020785,0.020516,0.002000
2,0.009616,0.038670,0.020382,0.002000
2,0.027736,0.032037,0.020621,0.002000
2,0.048078,0.042047,0.020546,0.002000
2,0.004996,0.022696,0.020567,0.002000
2,0.035453,0.017762,0.020852,0.002000
2,0.047421,0.046356,0.020646,0.002000
2,0.027380,0.018099,0.020831,0.002000
2,0.039782,0.010091,0.020797,0.002000
2,0.028158,0.037304,0.020785,0.002000
2,0.048093,0.030821,0.020807,0.002000
2,0.040712,0.034328,0.020679,0.002000
2,0.030632,0.026324,0.020755,0.002000
2,0.014790,0.019235,0.020682,0.002000
2,0.014918,0.010846,0.020965,0.002000
2,0.014821,0.026613,0.020972,0.002000
2,0.047041,0.017726,0.021103,0.002000
2,0.034616,0.006518,0.021031,0.002000
2,0.034627,0.047400,0.020976,0.002000
2,0.009125,0.021693,0.021020,0.002000
2,0.011798,0.044687,0.021061,0.002000
2,0.020060,0.024475,0.021118,0.002000
2,0.015783,0.046355,0.020950,0.002000
2,0.028995,0.008277,0.021125,0.002000
2,0.024481,0.003193,0.021212,0.002000
2,0.035362,0.025075,0.021101,0.002000
2,0.014070,0.006124,0.021255,0.002000
2,0.026764,0.048091,0.021291,0.002000
2,0.032601,0.038310,0.021188,0.002000
2,0.017335,0.015753,0.021393,0.002000
2,0.030706,0.047472,0.021191,0.002000
2,0.044321,0.011543,0.021712,0.002000
2,0.038193,0.029432,0.021517,0.002000
2,0.017384,0.034281,0.021341,0.002000
2,0.003554,0.044512,0.021412,0.002000
2,0.012710,0.015965,0.021618,0.002000
2,0.011617,0.035439,0.021497,0.002000
2,0.034556,0.042628,0.021587,0.002000
2,0.001667,0.033446,0.021360,0.002000
2,0.031030,0.034654,0.021477,0.002000
2,0.039298,0.025607,0.021570,0.002000
2,0.026067,0.041510,0.021554,0.002000
2,0.018259,0.006580,0.021448,0.002000
2,0.003662,0.030050,0.021385,0.002000
2,0.033149,0.012476,0.021534,0.002000
2,0.022394,0.016782,0.021429,0.002000
2,0.033587,0.021205,0.021628,0.002000
2,0.001903,0.004038,0.021656,0.002000
2,0.024871,0.035248,0.021687,0.002000
2,0.000231,0.027290,0.021645,0.002000
2,0.017265,0.041280,0.032613,0.002000
2,0.036133,0.032036,0.033591,0.002000
2,0.025167,0.029321,0.021855,0.002000
2,0.006937,0.003514,0.034994,0.002000
2,0.028801,0.037851,0.037137,0.002000
2,0.013545,0.042971,0.033277,0.002000
2,0.007541,0.003538,0.044117,0.002000
2,0.013904,0.006477,0.036202,0.002000
2,0.021586,0.031375,0.036916,0.002000
2,0.021437,0.041421,0.032625,0.002000
2,0.042186,0.033807,0.033146,0.002000
2,0.037701,0.017348,0.033963,0.002000
2,0.018240,0.005946,0.033099,0.002000
2,0.034547,0.024829,0.042502,0.002000
2,0.031207,0.007374,0.032604,0.002000
2,0.014776,0.037382,0.052019,0.002000
2,0.038613,0.038282,0.051997,0.002000
2,0.040400,0.019570,0.031817,0.002000
2,0.009016,0.020286,0.031451,0.002000
2,0.000361,0.023583,0.033215,0.002000
2,0.044465,0.025640,0.032005,0.002000
2,0.042889,0.029581,0.032457,0.002000
2,0.048849,0.002850,0.031448,0.002000
2,0.035797,0.023542,0.032342,0.002000
2,0.030565,0.043425,0.031103,0.002000
2,0.003836,0.043343,0.031577,0.002000
2,0.045527,0.049012,0.030377,0.002000
2,0.009136,0.034909,0.032757,0.002000
2,0.027519,0.016499,0.033764,0.002000
2,0.008267,0.005744,0.030909,0.002000
2,0.047376,0.028647,0.032361,0.002000
2,0.034068,0.014170,0.043842,0.002000
2,0.028494,0.041683,0.037906,0.002000
2,0.028017,0.036880,0.040840,0.002000
2,0.009280,0.023756,0.033270,0.002000
2,0.030381,0.030878,0.049445,0.002000
2,0.037341,0.004747,0.031714,0.002000
2,0.031311,0.021611,0.040697,0.002000
2,0.003836,0.012568,0.043085,0.002000
2,0.031623,0.016089,0.033214,0.002000
2,0.034263,0.042554,0.032298,0.002000
2,0.025414,0.049665,0.041939,0.002000
2,0.031437,0.049300,0.043738,0.002000
2,0.032281,0.002729,0.032260,0.002000
2,0.046943,0.008184,0.032735,0.002000
2,0.042469,0.015887,0.036581,0.002000
2,0.039238,0.041998,0.033788,0.002000
2,0.003530,0.018999,0.032258,0.002000
2,0.008903,0.012841,0.033211,0.002000
2,0.041176,0.008045,0.030634,0.002000
2,0.032371,0.032948,0.033022,0.002000
2,0.004890,0.009233,0.031753,0.002000
2,0.044895,0.033753,0.049331,0.002000
2,0.014757,0.035366,0.032745,0.002000
2,0.012751,0.049581,0.032954,0.002000
2,0.006451,0.015503,0.042462,0.002000
2,0.022621,0.010829,0.033626,0.002000
2,0.047853,0.018574,0.031689,0.002000
2,0.011298,0.003763,0.043034,0.002000
2,0.026606,0.012597,0.033360,0.002000
2,0.034109,0.012975,0.033298,0.002000
2,0.010681,0.008913,0.030595,0.002000
2,0.024050,0.047080,0.031702,0.002000
2,0.044894,0.044183,0.040673,0.002000
2,0.042905,0.003879,0.031456,0.002000
2,0.018710,0.038660,0.051972,0.002000
2,0.021811,0.001973,0.042015,0.002000
2,0.014823,0.014500,0.042536,0.002000
2,0.046757,0.022281,0.034154,0.002000
2,0.004444,0.031841,0.034099,0.002000
2,0.005144,0.046770,0.033042,0.002000
2,0.023803,0.044156,0.034336,0.002000
2,0.012372,0.019817,0.051967,0.002000
2,0.040321,0.012465,0.033590,0.002000
2,0.028253,0.030463,0.038101,0.002000
2,0.011240,0.004089,0.032941,0.002000
2,0.024521,0.023140,0.031864,0.002000
2,0.033827,0.038925,0.033873,0.002000
2,0.017274,0.027293,0.049498,0.002000
2,0.012922,0.017498,0.044204,0.002000
2,0.026624,0.019860,0.044476,0.002000
2,0.024872,0.005509,0.033799,0.002000
2,0.012940,0.017819,0.033550,0.002000
2,0.002518,0.012530,0.032822,0.002000
2,0.023667,0.043084,0.038081,0.002000
2,0.043128,0.015119,0.032843,0.002000
2,0.042406,0.047376,0.034768,0.002000
2,0.035874,0.046974,0.030913,0.002000
2,0.048070,0.013556,0.031959,0.002000
2,0.018337,0.023336,0.033536,0.002000
2,0.038547,0.037372,0.034882,0.002000
2,0.016871,0.017263,0.033814,0.002000
2,0.019656,0.005495,0.043513,0.002000
2,0.019902,0.046568,0.032734,0.002000
2,0.004926,0.029599,0.049467,0.002000
2,0.012783,0.026101,0.041719,0.002000
2,0.026413,0.037495,0.033801,0.002000
2,0.020160,0.030145,0.033114,0.002000
2,0.026616,0.029685,0.032745,0.002000
2,0.026948,0.044224,0.051852,0.002000
2,0.014978,0.005107,0.043232,0.002000
2,0.047741,0.034855,0.033909,0.002000
2,0.026875,0.000327,0.034893,0.002000
2,0.024722,0.027849,0.043696,0.002000
2,0.025894,0.032503,0.044314,0.002000
2,0.021963,0.047774,0.042544,0.002000
2,0.035444,0.028761,0.036600,0.002000
2,0.037694,0.003792,0.035851,0.002000
2,0.035438,0.027446,0.032935,0.002000
2,0.002226,0.015931,0.041013,0.002000
2,0.005849,0.040191,0.043505,0.002000
2,0.002737,0.039632,0.032434,0.002000
2,0.022910,0.012960,0.042047,0.002000
2,0.000865,0.019563,0.040147,0.002000
2,0.049376,0.042792,0.052638,0.002000
2,0.034905,0.027330,0.048024,0.002000
2,0.041244,0.040800,0.044869,0.002000
2,0.020397,0.028373,0.043618,0.002000
2,0.048256,0.020889,0.049615,0.002000
2,0.019378,0.037234,0.033598,0.002000
2,0.011715,0.026866,0.033303,0.002000
2,0.044560,0.045272,0.031367,0.002000
2,0.048220,0.037192,0.051864,0.002000
2,0.035290,0.010920,0.036432,0.002000
2,0.035750,0.038799,0.037373,0.002000
2,0.025365,0.046611,0.038805,0.002000
2,0.033868,0.039458,0.043777,0.002000
2,0.029031,0.026533,0.032980,0.002000
2,0.029145,0.034789,0.044134,0.002000
2,0.023466,0.033612,0.034381,0.002000
2,0.003087,0.031306,0.043708,0.002000
2,0.038475,0.045873,0.033701,0.002000
2,0.012077,0.007347,0.044621,0.002000
2,0.004657,0.004498,0.031960,0.002000
2,0.037253,0.025184,0.035641,0.002000
2,0.021714,0.008980,0.041256,0.002000
2,0.023896,0.001431,0.032510,0.002000
2,0.031591,0.009176,0.043035,0.002000
2,0.045094,0.015466,0.044284,0.002000
2,0.036337,0.026082,0.052665,0.002000
2,0.042999,0.039042,0.051795,0.002000
2,0.036957,0.043915,0.043546,0.002000
2,0.025885,0.004424,0.047272,0.002000
2,0.013286,0.046698,0.035656,0.002000
2,0.001186,0.006759,0.032438,0.002000
2,0.014365,0.031470,0.031969,0.002000
2,0.026803,0.008644,0.035253,0.002000
2,0.045821,0.010485,0.043062,0.002000
2,0.037409,0.049379,0.035247,0.002000
2,0.010181,0.030058,0.043068,0.002000
2,0.040452,0.024227,0.033298,0.002000
2,0.019083,0.018857,0.047270,0.002000
2,0.038178,0.021227,0.034575,0.002000
2,0.023710,0.017840,0.034209,0.002000
2,0.032225,0.026041,0.035253,0.002000
2,0.018221,0.009505,0.046346,0.002000
2,0.040685,0.044929,0.048529,0.002000
2,0.005759,0.022220,0.032497,0.002000
2,0.038171,0.019139,0.045072,0.002000
2,0.018905,0.011570,0.040191,0.002000
2,0.031519,0.045388,0.052619,0.002000
2,0.001888,0.028151,0.032945,0.002000
2,0.002606,0.000991,0.031085,0.002000
2,0.008278,0.041176,0.052714,0.002000
2,0.040565,0.005842,0.033841,0.002000
2,0.028002,0.047186,0.032473,0.002000
2,0.000187,0.004487,0.041376,0.002000
2,0.010352,0.045734,0.033077,0.002000
2,0.018802,0.022179,0.037274,0.002000
2,0.033887,0.045600,0.037185,0.002000
2,0.042485,0.047284,0.041351,0.002000
2,0.045975,0.011543,0.034591,0.002000
2,0.030033,0.048110,0.035836,0.002000
2,0.019610,0.002443,0.034349,0.002000
2,0.046290,0.029598,0.048423,0.002000
2,0.029424,0.040113,0.034017,0.002000
2,0.042600,0.039656,0.034313,0.002000
2,0.021895,0.021949,0.034585,0.002000
2,0.031450,0.043361,0.034998,0.002000
2,0.010162,0.005300,0.036366,0.002000
2,0.029803,0.013268,0.036188,0.002000
2,0.001390,0.046143,0.046142,0.002000
2,0.044956,0.027686,0.035282,0.002000
2,0.044775,0.002708,0.041332,0.002000
2,0.045194,0.028324,0.022437,0.002000
2,0.035941,0.042483,0.035888,0.002000
2,0.004505,0.013801,0.022576,0.002000
2,0.007512,0.026321,0.048923,0.002000
2,0.038491,0.037959,0.047463,0.002000
2,0.030087,0.019255,0.035065,0.002000
2,0.002369,0.001658,0.025413,0.002000
2,0.030814,0.001456,0.024606,0.002000
2,0.041531,0.048438,0.026385,0.002000
2,0.041162,0.039038,0.021889,0.002000
2,0.011404,0.034874,0.026142,0.002000
2,0.049035,0.019657,0.025441,0.002000
2,0.046519,0.009835,0.025203,0.002000
2,0.009880,0.013498,0.026278,0.002000
2,0.048739,0.033348,0.026651,0.002000
2,0.043192,0.010640,0.048811,0.002000
2,0.026147,0.018312,0.037217,0.002000
2,0.006183,0.020043,0.035776,0.002000
2,0.032814,0.047757,0.027426,0.002000
2,0.003031,0.035590,0.028325,0.002000
2,0.020351,0.026589,0.047157,0.002000
2,0.038918,0.017492,0.028616,0.002000
2,0.039370,0.028044,0.033543,0.002000
2,0.036359,0.000778,0.026904,0.002000
2,0.027616,0.011109,0.028418,0.002000
2,0.045077,0.029114,0.028911,0.002000
2,0.013600,0.022523,0.033480,0.002000
2,0.016180,0.036256,0.036742,0.002000
2,0.044022,0.005803,0.026742,0.002000
2,0.045327,0.034770,0.027907,0.002000
2,0.029148,0.035925,0.027504,0.002000
2,0.018099,0.025186,0.028173,0.002000
2,0.008841,0.000861,0.022091,0.002000
2,0.005230,0.011598,0.035478,0.002000
2,0.002476,0.016665,0.024413,0.002000
2,0.048176,0.042460,0.032843,0.002000
2,0.020121,0.032530,0.023598,0.002000
2,0.021585,0.012490,0.051733,0.002000
2,0.028317,0.006601,0.049520,0.002000
2,0.048639,0.000632,0.027369,0.002000
2,0.019927,0.042609,0.025119,0.002000
2,0.028902,0.047998,0.024565,0.002000
2,0.007095,0.023330,0.024663,0.002000
2,0.030165,0.041911,0.022406,0.002000
2,0.025435,0.046919,0.026918,0.002000
2,0.026097,0.011009,0.043431,0.002000
2,0.042802,0.019091,0.024426,0.002000
2,0.015134,0.037128,0.027442,0.002000
2,0.028117,0.041961,0.027356,0.002000
2,0.017601,0.001489,0.027130,0.002000
2,0.002791,0.009564,0.049766,0.002000
2,0.038839,0.025327,0.026361,0.002000
2,0.041482,0.028545,0.023902,0.002000
2,0.004452,0.019180,0.051730,0.002000
2,0.005741,0.047809,0.023613,0.002000
2,0.019319,0.021526,0.030248,0.002000
2,0.017422,0.011867,0.023826,0.002000
2,0.035556,0.047007,0.024719,0.002000
2,0.026215,0.032088,0.027919,0.002000
2,0.033642,0.039426,0.024788,0.002000
2,0.006537,0.005900,0.024909,0.002000
2,0.036190,0.040205,0.027669,0.002000
2,0.045327,0.047276,0.026706,0.002000
2,0.042219,0.013766,0.029261,0.002000
2,0.049561,0.042075,0.026798,0.002000
2,0.035629,0.012658,0.028628,0.002000
2,0.008209,0.035648,0.028334,0.002000
2,0.022175,0.005588,0.027836,0.002000
2,0.010004,0.004679,0.027499,0.002000
2,0.010612,0.030996,0.026982,0.002000
2,0.039231,0.034744,0.029257,0.002000
2,0.017945,0.030249,0.025892,0.002000
2,0.016479,0.028748,0.033720,0.002000
2,0.003803,0.012943,0.028593,0.002000
2,0.002535,0.031076,0.025917,0.002000
2,0.031202,0.020050,0.028532,0.002000
2,0.008898,0.047595,0.026609,0.002000
2,0.004182,0.007040,0.034967,0.002000
2,0.007796,0.044352,0.024599,0.002000
2,0.002310,0.038937,0.025524,0.002000
2,0.025647,0.007452,0.027377,0.002000
2,0.033279,0.036585,0.028391,0.002000
2,0.005573,0.027076,0.027595,0.002000
2,0.007308,0.001183,0.026121,0.002000
2,0.048580,0.023354,0.026749,0.002000
2,0.002906,0.009237,0.027197,0.002000
2,0.038324,0.010492,0.026622,0.002000
2,0.034090,0.027580,0.027721,0.002000
2,0.021696,0.039133,0.026692,0.002000
2,0.010427,0.019449,0.027961,0.002000
2,0.045324,0.016743,0.026832,0.002000
2,0.034523,0.009813,0.026112,0.002000
2,0.010298,0.027428,0.051454,0.002000
2,0.047376,0.019298,0.036650,0.002000
2,0.028360,0.024025,0.029729,0.002000
2,0.029124,0.008530,0.025851,0.002000
2,0.007261,0.015472,0.028754,0.002000
2,0.011307,0.009012,0.026457,0.002000
2,0.035216,0.016452,0.027540,0.002000
2,0.034063,0.034162,0.051681,0.002000
2,0.022560,0.003781,0.049201,0.002000
2,0.011841,0.013364,0.029590,0.002000
2,0.022840,0.026124,0.023409,0.002000
2,0.033312,0.043892,0.028237,0.002000
2,0.017143,0.015303,0.030383,0.002000
2,0.035252,0.020420,0.042674,0.002000
2,0.031563,0.011478,0.028163,0.002000
2,0.041353,0.041693,0.025650,0.002000
2,0.011236,0.029330,0.021914,0.002000
2,0.012498,0.011868,0.023918,0.002000
2,0.002462,0.044441,0.035101,0.002000
2,0.037047,0.004574,0.027864,0.002000
2,0.031753,0.040233,0.028340,0.002000
2,0.009089,0.017906,0.022268,0.002000
2,0.036735,0.028405,0.024959,0.002000
2,0.047340,0.048847,0.023820,0.002000
2,0.039499,0.014255,0.026475,0.002000
2,0.017503,0.046207,0.026236,0.002000
2,0.001651,0.035173,0.024729,0.002000
2,0.023825,0.011637,0.029715,0.002000
2,0.035232,0.031937,0.022279,0.002000
2,0.002975,0.041054,0.028639,0.002000
2,0.019391,0.015589,0.052537,0.002000
2,0.046430,0.038992,0.035685,0.002000
2,0.035731,0.024108,0.028514,0.002000
2,0.023848,0.042295,0.025565,0.002000
2,0.025536,0.024558,0.035843,0.002000
2,0.007167,0.043385,0.033559,0.002000
2,0.000971,0.047451,0.027478,0.002000
2,0.042101,0.010052,0.027455,0.002000
2,0.039950,0.039367,0.028448,0.002000
2,0.006213,0.009318,0.022895,0.002000
2,0.019825,0.010455,0.029583,0.002000
2,0.041527,0.002254,0.028242,0.002000
2,0.048896,0.030107,0.028761,0.002000
2,0.018121,0.029691,0.029750,0.002000
2,0.025261,0.008509,0.022918,0.002000
2,0.004974,0.049292,0.042617,0.002000
2,0.003887,0.043740,0.025306,0.002000
2,0.013318,0.023234,0.022280,0.002000
2,0.011835,0.016836,0.025404,0.002000
2,0.038291,0.046465,0.027528,0.002000
2,0.015555,0.048768,0.023932,0.002000
2,0.021899,0.036871,0.023613,0.002000
2,0.006005,0.031058,0.027843,0.002000
2,0.001837,0.047112,0.023737,0.002000
2,0.043629,0.010389,0.052611,0.002000
2,0.033288,0.018576,0.024583,0.002000
2,0.023035,0.020202,0.029641,0.002000
2,0.005193,0.003821,0.028128,0.002000
2,0.015373,0.015161,0.024613,0.002000
2,0.011994,0.028390,0.029732,0.002000
2,0.009122,0.037272,0.023996,0.002000
2,0.048964,0.039757,0.023569,0.002000
2,0.034331,0.030908,0.049550,0.002000
2,0.025557,0.038404,0.023982,0.002000
2,0.005817,0.040323,0.036409,0.002000
2,0.045840,0.021167,0.022927,0.002000
2,0.039982,0.020692,0.026557,0.002000
2,0.048300,0.015355,0.024582,0.002000
2,0.036281,0.015262,0.023773,0.002000
2,0.011040,0.020762,0.024346,0.002000
2,0.018297,0.033389,0.051674,0.002000
2,0.037286,0.019035,0.024211,0.002000
2,0.033451,0.012271,0.051756,0.002000
2,0.043363,0.038337,0.025117,0.002000
2,0.008879,0.039536,0.034002,0.002000
2,0.015592,0.040408,0.042731,0.002000
2,0.035392,0.020421,0.027372,0.002000
2,0.023769,0.041766,0.029305,0.002000
2,0.026358,0.028475,0.026224,0.002000
2,0.021449,0.022975,0.025405,0.002000
2,0.008443,0.013508,0.022635,0.002000
2,0.016074,0.017660,0.027428,0.002000
2,0.025368,0.001429,0.027848,0.002000
2,0.014505,0.030619,0.027739,0.002000
2,0.022287,0.029031,0.029796,0.002000
2,0.034174,0.005086,0.025233,0.002000
2,0.035758,0.022980,0.024427,0.002000
2,0.032202,0.007528,0.028371,0.002000
2,0.028607,0.021961,0.026346,0.002000
2,0.021227,0.032773,0.027391,0.002000
2,0.035680,0.036490,0.022966,0.002000
2,0.043128,0.021416,0.048744,0.002000
2,0.024614,0.010988,0.025905,0.002000
2,0.036957,0.043362,0.025415,0.002000
2,0.032138,0.008452,0.023409,0.002000
2,0.029245,0.000434,0.028017,0.002000
2,0.032143,0.013879,0.025073,0.002000
2,0.020123,0.036095,0.029235,0.002000
2,0.039253,0.022787,0.029766,0.002000
2,0.045358,0.031516,0.025684,0.002000
2,0.048445,0.044540,0.023964,0.002000
2,0.005214,0.019940,0.023245,0.002000
2,0.013661,0.022321,0.027787,0.002000
2,0.017990,0.021518,0.026620,0.002000
2,0.014043,0.049780,0.027274,0.002000
2,0.017519,0.034026,0.027022,0.002000
2,0.019221,0.007461,0.025507,0.002000
2,0.014086,0.026476,0.026583,0.002000
2,0.046875,0.003360,0.025102,0.002000
2,0.043586,0.002002,0.023371,0.002000
2,0.022232,0.005568,0.023859,0.002000
2,0.011413,0.002349,0.024651,0.002000
2,0.028407,0.014445,0.026431,0.002000
2,0.006402,0.011666,0.025975,0.002000
2,0.025684,0.024582,0.026845,0.002000
2,0.032778,0.026031,0.024052,0.002000
2,0.016613,0.041066,0.026536,0.002000
2,0.003313,0.020352,0.026615,0.002000
2,0.038521,0.031014,0.027352,0.002000
2,0.039271,0.002792,0.025163,0.002000
2,0.006600,0.016859,0.025196,0.002000
2,0.002857,0.024303,0.026718,0.002000
2,0.011697,0.043482,0.026257,0.002000
2,0.009680,0.032623,0.023465,0.002000
2,0.009448,0.027038,0.027118,0.002000
2,0.044476,0.026682,0.025896,0.002000
2,0.038844,0.037341,0.025199,0.002000
2,0.011810,0.009303,0.034335,0.002000
2,0.014860,0.044026,0.028581,0.002000
2,0.044169,0.012963,0.025957,0.002000
2,0.007429,0.029437,0.024517,0.002000
2,0.029449,0.018163,0.025545,0.002000
2,0.025316,0.038347,0.028069,0.002000
2,0.008774,0.045019,0.052170,0.002000
2,0.032780,0.032797,0.029241,0.002000
2,0.005871,0.034234,0.025524,0.002000
2,0.013438,0.038229,0.024076,0.002000
2,0.020353,0.042742,0.052414,0.002000
2,0.014969,0.020056,0.024517,0.002000
2,0.010196,0.039405,0.027073,0.002000
2,0.008159,0.018925,0.050037,0.002000
2,0.028867,0.029618,0.045412,0.002000
2,0.029441,0.045665,0.027609,0.002000
2,0.027467,0.025852,0.023559,0.002000
2,0.042815,0.023319,0.027175,0.002000
2,0.001438,0.012958,0.025431,0.002000
2,0.015013,0.043853,0.024226,0.002000
2,0.021465,0.046150,0.025976,0.002000
2,0.006300,0.039899,0.026252,0.002000
2,0.019962,0.017042,0.027961,0.002000
2,0.020711,0.011106,0.025843,0.002000
2,0.000465,0.000401,0.022159,0.002000
2,0.002120,0.023734,0.022981,0.002000
2,0.022401,0.021395,0.021958,0.002000
2,0.045714,0.020626,0.027277,0.002000
2,0.022713,0.019008,0.025849,0.002000
2,0.039231,0.032809,0.023963,0.002000
2,0.016945,0.012446,0.027672,0.002000
2,0.009872,0.006281,0.022913,0.002000
2,0.018037,0.028006,0.037186,0.002000
2,0.016950,0.024726,0.024425,0.002000
2,0.044543,0.015715,0.023325,0.002000
2,0.014729,0.033840,0.024242,0.002000
2,0.002605,0.005980,0.024954,0.002000
2,0.018103,0.037165,0.024741,0.002000
2,0.048212,0.012022,0.022348,0.002000
2,0.022273,0.024723,0.028838,0.002000
2,0.047794,0.034021,0.022995,0.002000
2,0.029950,0.028779,0.024537,0.002000
2,0.021217,0.039512,0.048983,0.002000
2,0.042297,0.045273,0.024152,0.002000
2,0.020370,0.015245,0.024476,0.002000
2,0.036934,0.011450,0.023089,0.002000
2,0.040043,0.042823,0.022135,0.002000
2,0.042525,0.024275,0.023453,0.002000
2,0.031356,0.030364,0.035717,0.002000
2,0.023143,0.030371,0.024988,0.002000
2,0.028206,0.003852,0.026460,0.002000
2,0.017095,0.004300,0.024372,0.002000
2,0.035124,0.001518,0.023050,0.002000
2,0.019092,0.047522,0.022812,0.002000
2,0.039090,0.046633,0.022061,0.002000
2,0.033642,0.030906,0.025672,0.002000
2,0.023157,0.012669,0.022420,0.002000
2,0.007158,0.041544,0.021895,0.002000
2,0.025694,0.016048,0.023998,0.002000
2,0.037489,0.009675,0.033197,0.002000
2,0.027157,0.026277,0.052281,0.002000
2,0.042382,0.002978,0.047928,0.002000
2,0.040622,0.016057,0.023217,0.002000
2,0.010847,0.031350,0.051597,0.002000
2,0.002288,0.009709,0.023296,0.002000
2,0.031611,0.015695,0.047640,0.002000
2,0.037614,0.007546,0.023460,0.002000
2,0.030037,0.032138,0.026601,0.002000
2,0.025695,0.020906,0.024002,0.002000
2,0.026862,0.044463,0.024088,0.002000
2,0.013214,0.004243,0.051640,0.002000
2,0.014694,0.008632,0.024304,0.002000
2,0.020788,0.027557,0.026491,0.002000
2,0.022094,0.002137,0.025854,0.002000
2,0.027427,0.005179,0.022942,0.002000
2,0.036367,0.019342,0.030960,0.002000
2,0.020761,0.040309,0.022002,0.002000
2,0.013686,0.005245,0.026125,0.002000
2,0.006108,0.033085,0.021855,0.002000
2,0.045070,0.042462,0.023615,0.002000
2,0.008917,0.010379,0.052338,0.002000
2,0.027350,0.033498,0.024179,0.002000
2,0.014582,0.029380,0.023957,0.002000
2,0.003090,0.027471,0.024358,0.002000
2,0.045706,0.038160,0.021997,0.002000
2,0.020714,0.008515,0.036171,0.002000
2,0.026333,0.001281,0.024065,0.002000
2,0.005245,0.037471,0.023285,0.002000
2,0.018706,0.018809,0.023891,0.002000
2,0.032439,0.044563,0.024339,0.002000
2,0.005371,0.002580,0.023024,0.002000
2,0.018345,0.011317,0.049813,0.002000
2,0.011739,0.047676,0.023914,0.002000
2,0.048032,0.037224,0.026377,0.002000
2,0.010824,0.041083,0.023290,0.002000
2,0.043222,0.031790,0.022421,0.002000
2,0.042176,0.008765,0.023710,0.002000
2,0.041759,0.034834,0.026192,0.002000
2,0.024258,0.035028,0.026150,0.002000
2,0.040137,0.006508,0.026295,0.002000
2,0.029856,0.022880,0.022783,0.002000
2,0.006008,0.019208,0.029185,0.002000
2,0.045591,0.032492,0.031090,0.002000
2,0.045080,0.031762,0.034974,0.002000
2,0.016542,0.039420,0.021929,0.002000
2,0.016116,0.007884,0.027826,0.002000
2,0.002752,0.040250,0.021854,0.002000
2,0.047550,0.024758,0.023061,0.002000
2,0.048052,0.039599,0.029478,0.002000
2,0.010720,0.025828,0.023663,0.002000
2,0.049134,0.007342,0.023614,0.002000
2,0.029331,0.039034,0.024998,0.002000
2,0.048984,0.029721,0.024726,0.002000
2,0.049378,0.033642,0.030534,0.002000
2,0.012106,0.008041,0.052208,0.002000
2,0.031396,0.004701,0.022481,0.002000
2,0.020009,0.001528,0.022646,0.002000
2,0.045314,0.006396,0.023035,0.002000
2,0.032809,0.034750,0.024991,0.002000
2,0.028892,0.032381,0.031053,0.002000
2,0.032124,0.023594,0.027090,0.002000
2,0.022299,0.022079,0.052463,0.002000
2,0.032834,0.002455,0.027866,0.002000
2,0.023633,0.014628,0.027084,0.002000
2,0.036511,0.034342,0.026440,0.002000
2,0.014977,0.025354,0.052026,0.002000
2,0.006410,0.028517,0.031214,0.002000
2,0.030421,0.004117,0.047241,0.002000
2,0.044175,0.028822,0.051615,0.002000
2,0.040109,0.000421,0.022234,0.002000
2,0.048406,0.023004,0.037589,0.002000
2,0.014232,0.002212,0.021838,0.002000
2,0.022673,0.044143,0.022464,0.002000
2,0.030904,0.016812,0.022024,0.002000
2,0.022905,0.048069,0.022183,0.002000
2,0.041035,0.040966,0.048814,0.002000
2,0.019039,0.027802,0.023017,0.002000
2,0.027620,0.011945,0.023562,0.002000
2,0.039549,0.021471,0.021988,0.002000
2,0.002983,0.035192,0.051540,0.002000
2,0.020378,0.009835,0.022143,0.002000
2,0.035130,0.017177,0.046605,0.002000
2,0.005590,0.001759,0.052036,0.002000
2,0.019357,0.039970,0.029617,0.002000
2,0.017919,0.004742,0.029348,0.002000
2,0.042286,0.031919,0.028811,0.002000
2,0.006256,0.023123,0.028499,0.002000
2,0.025297,0.004591,0.030079,0.002000
2,0.004668,0.048535,0.028498,0.002000
2,0.014654,0.040268,0.029792,0.002000
2,0.028580,0.028790,0.029388,0.002000
2,0.006645,0.008275,0.028040,0.002000
2,0.013064,0.017129,0.029750,0.002000
2,0.012059,0.046835,0.028885,0.002000
2,0.043600,0.038089,0.028952,0.002000
2,0.014369,0.010394,0.030270,0.002000
2,0.007102,0.043719,0.028379,0.002000
2,0.041444,0.027667,0.028283,0.002000
2,0.042535,0.044909,0.028026,0.002000
2,0.025402,0.026666,0.030371,0.002000
2,0.037273,0.043383,0.029805,0.002000
2,0.031645,0.016038,0.029231,0.002000
2,0.043357,0.017720,0.029988,0.002000
2,0.005531,0.037521,0.030572,0.002000
2,0.000472,0.020774,0.029348,0.002000
2,0.037385,0.008103,0.029561,0.002000
2,0.012517,0.034111,0.029745,0.002000
2,0.032192,0.028998,0.030852,0.002000
2,0.044945,0.041709,0.027967,0.002000
2,0.035406,0.035996,0.031659,0.002000
2,0.025808,0.017486,0.028736,0.002000
2,0.035900,0.030207,0.030113,0.002000
2,0.028414,0.039376,0.030305,0.002000
2,0.007333,0.011699,0.029854,0.002000
2,0.002049,0.027915,0.029090,0.002000
2,0.020316,0.013558,0.031914,0.002000
2,0.000684,0.010096,0.030320,0.002000
2,0.015350,0.020229,0.030723,0.002000
2,0.023476,0.032704,0.030647,0.002000
2,0.030567,0.011736,0.031957,0.002000
2,0.047789,0.005844,0.028053,0.002000
2,0.010788,0.043280,0.030020,0.002000
2,0.026497,0.044542,0.029944,0.002000
2,0.008002,0.001825,0.030167,0.002000
2,0.047173,0.011986,0.028448,0.002000
2,0.022951,0.037162,0.031836,0.002000
2,0.017501,0.048717,0.030002,0.002000
2,0.047574,0.044786,0.028863,0.002000
2,0.010862,0.037614,0.030489,0.002000
2,0.019849,0.026398,0.031535,0.002000
2,0.043218,0.022109,0.030842,0.002000
2,0.014936,0.024873,0.030573,0.002000
2,0.027171,0.008648,0.031370,0.002000
2,0.028130,0.014548,0.030328,0.002000
2,0.032667,0.019740,0.032083,0.002000
2,0.001207,0.046235,0.031161,0.002000
2,0.048528,0.015977,0.028836,0.002000
2,0.040596,0.047175,0.030631,0.002000
2,0.020369,0.017549,0.031851,0.002000
2,0.001614,0.005388,0.028780,0.002000
2,0.040956,0.037251,0.031724,0.002000
2,0.002003,0.015765,0.030617,0.002000
2,0.047868,0.026313,0.029270,0.002000
2,0.037989,0.014567,0.031157,0.002000
2,0.013970,0.014083,0.032734,0.002000
2,0.021006,0.002381,0.030047,0.002000
2,0.026465,0.035396,0.030373,0.002000
2,0.008091,0.040449,0.030255,0.002000
2,0.023838,0.015237,0.031321,0.002000
2,0.047101,0.022594,0.030328,0.002000
2,0.019709,0.044381,0.029447,0.002000
2,0.036566,0.000861,0.031443,0.002000
2,0.027662,0.001633,0.031340,0.002000
2,0.013282,0.039002,0.033147,0.002000
2,0.045780,0.037799,0.032130,0.002000
2,0.045226,0.008576,0.029280,0.002000
2,0.025711,0.041208,0.032570,0.002000
2,0.028067,0.019922,0.030886,0.002000
2,0.029701,0.004889,0.029911,0.002000
2,0.009963,0.031405,0.031175,0.002000
2,0.037574,0.039268,0.031541,0.002000
2,0.007874,0.047044,0.030295,0.002000
2,0.014765,0.046397,0.031746,0.002000
2,0.010403,0.023746,0.029499,0.002000
2,0.017614,0.033445,0.030869,0.002000
2,0.030939,0.036533,0.031992,0.002000
2,0.031303,0.048848,0.030944,0.002000
2,0.039424,0.031453,0.031473,0.002000
2,0.012332,0.002340,0.029689,0.002000
2,0.038029,0.026853,0.030035,0.002000
2,0.009692,0.016395,0.031709,0.002000
2,0.032233,0.024927,0.031205,0.002000
2,0.013658,0.006271,0.030506,0.002000
2,0.034093,0.009687,0.031112,0.002000
2,0.003171,0.024436,0.030574,0.002000
2,0.005921,0.033567,0.030870,0.002000
2,0.041627,0.042152,0.030684,0.002000
2,0.021789,0.048639,0.028953,0.002000
2,0.045553,0.002671,0.028839,0.002000
2,0.022364,0.007512,0.031420,0.002000
2,0.006051,0.015940,0.033268,0.002000
2,0.012336,0.035475,0.035767,0.002000
2,0.017857,0.013504,0.034964,0.002000
2,0.046503,0.047940,0.034029,0.002000
2,0.033882,0.021735,0.035243,0.002000
2,0.029104,0.004288,0.034094,0.002000
2,0.009390,0.030755,0.035022,0.002000
2,0.008068,0.027053,0.034901,0.002000
2,0.000516,0.018023,0.034580,0.002000
2,0.032988,0.046673,0.033593,0.002000
2,0.023783,0.047953,0.035473,0.002000
2,0.026529,0.020923,0.034386,0.002000
2,0.049585,0.030856,0.034727,0.002000
2,0.012736,0.016749,0.037279,0.002000
2,0.043101,0.019973,0.034765,0.002000
2,0.016101,0.009260,0.033611,0.002000
2,0.023597,0.039969,0.035634,0.002000
2,0.003847,0.025049,0.034395,0.002000
2,0.007824,0.034075,0.036344,0.002000
2,0.023008,0.026899,0.033897,0.002000
2,0.034452,0.005384,0.034207,0.002000
2,0.020032,0.043701,0.035468,0.002000
2,0.024136,0.014246,0.035895,0.002000
2,0.039569,0.031964,0.035403,0.002000
2,0.020104,0.017908,0.035999,0.002000
2,0.046503,0.016160,0.034486,0.002000
2,0.015136,0.003462,0.033457,0.002000
2,0.001790,0.034814,0.033850,0.002000
2,0.008130,0.047162,0.035916,0.002000
2,0.048405,0.005147,0.034745,0.002000
2,0.027618,0.044544,0.035376,0.002000
2,0.040804,0.001192,0.033479,0.002000
2,0.029236,0.002062,0.037396,0.002000
2,0.010424,0.020434,0.035053,0.002000
2,0.027194,0.034104,0.035640,0.002000
2,0.016121,0.040961,0.036314,0.002000
2,0.022268,0.036439,0.036823,0.002000
2,0.024945,0.029435,0.036215,0.002000
2,0.042878,0.009125,0.033927,0.002000
2,0.019065,0.048345,0.036501,0.002000
2,0.041516,0.028728,0.036704,0.002000
2,0.018610,0.033461,0.034627,0.002000
2,0.009021,0.016864,0.035867,0.002000
2,0.048640,0.026754,0.036267,0.002000
2,0.001531,0.002794,0.034397,0.002000
2,0.009070,0.023525,0.037180,0.002000
2,0.009187,0.037603,0.037385,0.002000
2,0.037650,0.014061,0.035939,0.002000
2,0.002400,0.027830,0.036786,0.002000
2,0.008014,0.008110,0.034592,0.002000
2,0.049674,0.036826,0.037368,0.002000
2,0.023159,0.002670,0.036145,0.002000
2,0.005325,0.036569,0.034357,0.002000
2,0.011047,0.000236,0.036426,0.002000
2,0.035197,0.035288,0.035574,0.002000
2,0.043940,0.043331,0.034672,0.002000
2,0.015608,0.025295,0.035532,0.002000
2,0.014340,0.011897,0.035910,0.002000
2,0.005079,0.000076,0.035054,0.002000
2,0.008621,0.043080,0.037117,0.002000
2,0.010269,0.012605,0.036820,0.002000
2,0.034174,0.016320,0.036220,0.002000
2,0.045446,0.002351,0.034087,0.002000
2,0.013157,0.029707,0.035671,0.002000
2,0.017730,0.006126,0.037040,0.002000
2,0.031628,0.005378,0.036946,0.002000
2,0.048335,0.048616,0.037430,0.002000
2,0.044125,0.023988,0.036481,0.002000
2,0.016632,0.045285,0.037304,0.002000
2,0.030462,0.022808,0.036785,0.002000
2,0.039799,0.031225,0.039221,0.002000
2,0.038816,0.008024,0.036532,0.002000
2,0.013550,0.021261,0.037225,0.002000
2,0.038574,0.034791,0.037959,0.002000
2,0.026482,0.014424,0.039055,0.002000
2,0.015728,0.032320,0.037230,0.002000
2,0.019942,0.039640,0.037196,0.002000
2,0.020596,0.014339,0.037695,0.002000
2,0.048527,0.013675,0.036741,0.002000
2,0.024727,0.027714,0.039666,0.002000
2,0.031304,0.034866,0.036365,0.002000
2,0.015612,0.001512,0.036836,0.002000
2,0.011865,0.026352,0.037331,0.002000
2,0.038886,0.019597,0.038020,0.002000
2,0.001905,0.032408,0.037538,0.002000
2,0.043195,0.008935,0.037749,0.002000
2,0.015929,0.014637,0.038227,0.002000
2,0.002487,0.021460,0.036309,0.002000
2,0.030528,0.009584,0.037490,0.002000
2,0.045169,0.021652,0.039487,0.002000
2,0.020622,0.045534,0.038846,0.002000
2,0.010183,0.008838,0.037981,0.002000
2,0.037887,0.045558,0.037537,0.002000
2,0.032347,0.040788,0.037756,0.002000
2,0.028876,0.026570,0.037713,0.002000
2,0.043043,0.034515,0.036989,0.002000
2,0.045419,0.026693,0.039075,0.002000
2,0.024036,0.006753,0.037375,0.002000
2,0.019189,0.034193,0.038345,0.002000
2,0.002981,0.014886,0.036340,0.002000
2,0.015495,0.009917,0.038987,0.002000
2,0.002446,0.047931,0.036942,0.002000
2,0.044690,0.005737,0.036004,0.002000
2,0.048500,0.041251,0.038145,0.002000
2,0.006888,0.042724,0.040595,0.002000
2,0.032076,0.049218,0.038988,0.002000
2,0.024978,0.032643,0.038536,0.002000
2,0.040321,0.023289,0.037246,0.002000
2,0.042551,0.002426,0.036813,0.002000
2,0.021602,0.026273,0.037680,0.002000
2,0.027931,0.006190,0.038039,0.002000
2,0.003470,0.003093,0.037722,0.002000
2,0.002116,0.009612,0.037094,0.002000
2,0.004805,0.035825,0.038068,0.002000
2,0.035597,0.013751,0.039161,0.002000
2,0.019850,0.002244,0.038255,0.002000
2,0.012115,0.040663,0.036400,0.002000
2,0.046352,0.045195,0.037147,0.002000
2,0.001857,0.040637,0.036124,0.002000
2,0.004742,0.024281,0.037995,0.002000
2,0.045818,0.017292,0.039554,0.002000
2,0.030617,0.016688,0.037985,0.002000
2,0.017995,0.042130,0.039577,0.002000
2,0.006388,0.048515,0.039093,0.002000
2,0.022223,0.049158,0.038836,0.002000
2,0.014581,0.028582,0.039189,0.002000
2,0.010868,0.034570,0.039240,0.002000
2,0.038585,0.027341,0.038874,0.002000
2,0.041010,0.005943,0.039100,0.002000
2,0.028666,0.047876,0.040515,0.002000
2,0.006368,0.028677,0.038039,0.002000
2,0.007770,0.014789,0.038913,0.002000
2,0.026902,0.042911,0.041232,0.002000
2,0.039740,0.040969,0.037548,0.002000
2,0.044288,0.012679,0.037982,0.002000
2,0.044122,0.030466,0.039030,0.002000
2,0.032640,0.037169,0.039280,0.002000
2,0.027086,0.019536,0.040661,0.002000
2,0.034034,0.002652,0.038558,0.002000
2,0.025215,0.002763,0.039498,0.002000
2,0.034718,0.033188,0.038786,0.002000
2,0.017788,0.018849,0.039165,0.002000
2,0.037207,0.040318,0.041883,0.002000
2,0.011733,0.046608,0.042639,0.002000
2,0.031378,0.031682,0.043219,0.002000
2,0.036537,0.001203,0.042151,0.002000
2,0.035144,0.007136,0.037655,0.002000
2,0.032370,0.025340,0.039155,0.002000
2,0.015343,0.024104,0.039209,0.002000
2,0.033569,0.010393,0.039909,0.002000
2,0.023160,0.021755,0.038339,0.002000
2,0.010644,0.040816,0.040075,0.002000
2,0.028760,0.006794,0.041728,0.002000
2,0.048829,0.029610,0.039675,0.002000
2,0.014116,0.018449,0.040594,0.002000
2,0.022947,0.042350,0.041856,0.002000
2,0.011169,0.012589,0.043264,0.002000
2,0.031150,0.041366,0.041352,0.002000
2,0.004995,0.002923,0.041286,0.002000
2,0.042257,0.019026,0.040050,0.002000
2,0.030403,0.033852,0.040080,0.002000
2,0.010265,0.030654,0.039114,0.002000
2,0.034729,0.019558,0.038456,0.002000
2,0.027319,0.023228,0.039140,0.002000
2,0.039552,0.011275,0.038564,0.002000
2,0.025043,0.039208,0.039277,0.002000
2,0.017937,0.036997,0.040777,0.002000
2,0.048349,0.014389,0.040542,0.002000
2,0.031866,0.045521,0.040526,0.002000
2,0.047030,0.002358,0.037704,0.002000
2,0.010948,0.002879,0.039302,0.002000
2,0.046566,0.033575,0.038602,0.002000
2,0.042215,0.044891,0.037828,0.002000
2,0.041295,0.037552,0.038909,0.002000
2,0.008147,0.019050,0.042291,0.002000
2,0.021481,0.038755,0.041000,0.002000
2,0.032541,0.017850,0.041249,0.002000
2,0.003823,0.035254,0.041715,0.002000
2,0.001465,0.000403,0.039838,0.002000
2,0.012235,0.044066,0.038424,0.002000
2,0.035933,0.048476,0.039349,0.002000
2,0.037534,0.004165,0.039732,0.002000
2,0.027890,0.028890,0.041672,0.002000
2,0.041855,0.024578,0.040598,0.002000
2,0.012833,0.012738,0.039708,0.002000
2,0.018422,0.015427,0.041080,0.002000
2,0.018699,0.045072,0.042169,0.002000
2,0.006220,0.008828,0.038375,0.002000
2,0.010958,0.020752,0.040075,0.002000
2,0.018638,0.025871,0.040407,0.002000
2,0.047635,0.008955,0.037041,0.002000
2,0.021510,0.005330,0.039972,0.002000
2,0.039015,0.033446,0.042362,0.002000
2,0.048460,0.008604,0.040822,0.002000
2,0.039746,0.044429,0.040856,0.002000
2,0.035335,0.043243,0.039993,0.002000
2,0.028894,0.011439,0.040594,0.002000
2,0.015079,0.021872,0.042343,0.002000
2,0.023130,0.011338,0.038422,0.002000
2,0.001413,0.046407,0.040380,0.002000
2,0.031962,0.013960,0.040515,0.002000
2,0.013662,0.032150,0.040645,0.002000
2,0.028965,0.016199,0.041532,0.002000
2,0.046493,0.038138,0.039614,0.002000
2,0.044382,0.041194,0.038203,0.002000
2,0.022407,0.025075,0.041377,0.002000
2,0.039642,0.015181,0.039180,0.002000
2,0.006545,0.038792,0.040009,0.002000
2,0.005021,0.017677,0.038785,0.002000
2,0.025845,0.008914,0.040082,0.002000
2,0.036766,0.036474,0.041028,0.002000
2,0.019980,0.029819,0.040039,0.002000
2,0.003138,0.029709,0.040150,0.002000
2,0.019452,0.023094,0.043103,0.002000
2,0.009132,0.026095,0.040179,0.002000
2,0.005626,0.021303,0.040355,0.002000
2,0.000382,0.033503,0.041045,0.002000
2,0.022290,0.018142,0.039799,0.002000
2,0.003300,0.043143,0.038954,0.002000
2,0.031896,0.030202,0.039635,0.002000
2,0.034995,0.028036,0.040357,0.002000
2,0.023355,0.031010,0.041711,0.002000
2,0.012107,0.009250,0.041305,0.002000
2,0.045353,0.006327,0.039850,0.002000
2,0.044412,0.048519,0.038130,0.002000
2,0.013495,0.048186,0.039457,0.002000
2,0.014216,0.039262,0.039345,0.002000
2,0.004184,0.012133,0.039271,0.002000
2,0.006997,0.004902,0.038629,0.002000
2,0.014638,0.004290,0.039440,0.002000
2,0.009406,0.049601,0.041443,0.002000
2,0.029331,0.002422,0.041225,0.002000
2,0.006740,0.030821,0.041261,0.002000
2,0.032919,0.006296,0.040712,0.002000
2,0.026541,0.024479,0.042716,0.002000
2,0.043392,0.034809,0.040897,0.002000
2,0.038050,0.007969,0.040788,0.002000
2,0.040122,0.000028,0.038815,0.002000
2,0.010654,0.037377,0.041955,0.002000
2,0.002212,0.039274,0.039827,0.002000
2,0.036785,0.023393,0.039572,0.002000
2,0.018270,0.000202,0.041248,0.002000
2,0.029021,0.045356,0.043515,0.002000
2,0.048623,0.043144,0.041598,0.002000
2,0.045897,0.019498,0.042714,0.002000
2,0.039102,0.020823,0.041677,0.002000
2,0.014867,0.044581,0.041224,0.002000
2,0.016728,0.030158,0.042186,0.002000
2,0.041624,0.040932,0.040999,0.002000
2,0.049092,0.022871,0.041438,0.002000
2,0.007585,0.011739,0.041457,0.002000
2,0.031461,0.027381,0.042397,0.002000
2,0.017371,0.007100,0.040846,0.002000
2,0.038170,0.029271,0.042261,0.002000
2,0.024915,0.016772,0.042428,0.002000
2,0.021070,0.017013,0.043424,0.002000
2,0.001462,0.025612,0.039877,0.002000
2,0.037427,0.011762,0.041867,0.002000
2,0.022915,0.021232,0.042186,0.002000
2,0.007155,0.046046,0.042716,0.002000
2,0.042024,0.028324,0.041910,0.002000
2,0.037459,0.016770,0.041997,0.002000
2,0.049119,0.012562,0.043875,0.002000
2,0.014326,0.035884,0.041909,0.002000
2,0.043148,0.014828,0.040968,0.002000
2,0.003553,0.006377,0.039951,0.002000
2,0.033301,0.035643,0.042826,0.002000
2,0.042320,0.010408,0.041251,0.002000
2,0.010959,0.015948,0.041107,0.002000
2,0.020107,0.033275,0.042016,0.002000
2,0.010118,0.023374,0.042863,0.002000
2,0.008302,0.034238,0.042240,0.002000
2,0.047095,0.035287,0.042252,0.002000
2,0.008408,0.007241,0.041510,0.002000
2,0.042663,0.021737,0.043204,0.002000
2,0.014301,0.032854,0.044461,0.002000
2,0.024470,0.035218,0.041539,0.002000
2,0.024865,0.045296,0.043608,0.002000
2,0.031924,0.003816,0.043693,0.002000
2,0.045706,0.031208,0.042490,0.002000
2,0.016305,0.026434,0.043472,0.002000
2,0.035722,0.004974,0.043150,0.002000
2,0.035479,0.008883,0.043658,0.002000
2,0.015471,0.047775,0.043412,0.002000
2,0.035264,0.047475,0.043079,0.002000
2,0.017945,0.019440,0.043540,0.002000
2,0.049667,0.019288,0.043926,0.002000
2,0.009886,0.043101,0.043156,0.002000
2,0.002297,0.025634,0.043686,0.002000
2,0.026306,0.004129,0.043309,0.002000
2,0.005610,0.025193,0.041674,0.002000
2,0.047218,0.048828,0.041481,0.002000
2,0.041052,0.037286,0.042895,0.002000
2,0.035265,0.032180,0.042462,0.002000
2,0.001127,0.048916,0.043411,0.002000
2,0.002037,0.009132,0.042292,0.002000
2,0.040134,0.014169,0.043383,0.002000
2,0.032665,0.043805,0.044002,0.002000
2,0.029473,0.038900,0.043899,0.002000
2,0.003108,0.043856,0.042861,0.002000
2,0.019402,0.041308,0.043211,0.002000
2,0.040386,0.008336,0.043962,0.002000
2,0.027388,0.014540,0.044602,0.002000
2,0.009631,0.045844,0.045919,0.002000
2,0.037253,0.012722,0.045646,0.002000
2,0.016431,0.010948,0.043204,0.002000
2,0.023373,0.006619,0.044309,0.002000
2,0.005495,0.036561,0.044864,0.002000
2,0.036584,0.035530,0.045008,0.002000
2,0.018487,0.013856,0.045016,0.002000
2,0.021951,0.035216,0.044917,0.002000
2,0.006038,0.043510,0.045470,0.002000
2,0.008293,0.000014,0.045768,0.002000
2,0.027602,0.007310,0.045335,0.002000
2,0.002345,0.010370,0.045974,0.002000
2,0.003646,0.019327,0.043642,0.002000
2,0.046470,0.027297,0.042978,0.002000
2,0.040839,0.002374,0.041882,0.002000
2,0.007002,0.012989,0.045395,0.002000
2,0.045007,0.039931,0.043375,0.002000
2,0.019111,0.047352,0.045280,0.002000
2,0.010544,0.039081,0.045424,0.002000
2,0.022045,0.043300,0.046245,0.002000
2,0.034547,0.029094,0.044657,0.002000
2,0.046471,0.021218,0.046093,0.002000
2,0.039146,0.048878,0.044162,0.002000
2,0.001205,0.040337,0.043452,0.002000
2,0.022576,0.019811,0.045789,0.002000
2,0.029881,0.022118,0.044367,0.002000
2,0.044053,0.005587,0.043950,0.002000
2,0.045154,0.045034,0.044350,0.002000
2,0.021813,0.010252,0.044865,0.002000
2,0.012794,0.000259,0.045008,0.002000
2,0.001587,0.035362,0.044967,0.002000
2,0.017955,0.035232,0.044766,0.002000
2,0.048686,0.024595,0.044883,0.002000
2,0.014148,0.043378,0.044933,0.002000
2,0.006324,0.027864,0.044612,0.002000
2,0.023541,0.001704,0.045567,0.002000
2,0.042068,0.018320,0.045061,0.002000
2,0.008138,0.019492,0.046132,0.002000
2,0.006550,0.031938,0.045558,0.002000
2,0.047866,0.047785,0.045232,0.002000
2,0.002351,0.002617,0.044110,0.002000
2,0.025672,0.036516,0.045053,0.002000
2,0.042096,0.025402,0.044598,0.002000
2,0.006807,0.023502,0.044909,0.002000
2,0.042533,0.011519,0.045045,0.002000
2,0.045156,0.033900,0.045343,0.002000
2,0.013130,0.022354,0.045703,0.002000
2,0.018489,0.038989,0.046166,0.002000
2,0.003022,0.015390,0.045621,0.002000
2,0.023116,0.039562,0.045053,0.002000
2,0.034536,0.003632,0.046599,0.002000
2,0.039080,0.028961,0.045928,0.002000
2,0.008517,0.009172,0.044981,0.002000
2,0.015028,0.015133,0.046557,0.002000
2,0.032319,0.011749,0.046453,0.002000
2,0.017037,0.023035,0.046214,0.002000
2,0.034407,0.048642,0.046790,0.002000
2,0.031264,0.007926,0.046680,0.002000
2,0.049367,0.007805,0.045253,0.002000
2,0.041204,0.045500,0.044647,0.002000
2,0.036402,0.024054,0.045762,0.002000
2,0.027512,0.042034,0.045112,0.002000
2,0.048427,0.030355,0.045226,0.002000
2,0.026169,0.047622,0.046438,0.002000
2,0.025086,0.023671,0.046230,0.002000
2,0.046560,0.012774,0.046845,0.002000
2,0.000957,0.022147,0.047011,0.002000
2,0.037083,0.045708,0.047070,0.002000
2,0.012181,0.030197,0.046472,0.002000
2,0.013880,0.010498,0.046228,0.002000
2,0.039807,0.004540,0.044978,0.002000
2,0.037635,0.041753,0.046734,0.002000
2,0.041544,0.014860,0.046940,0.002000
2,0.016396,0.006012,0.046641,0.002000
2,0.004473,0.006004,0.043975,0.002000
2,0.032956,0.033874,0.047276,0.002000
2,0.045320,0.024900,0.046780,0.002000
2,0.041763,0.006888,0.047414,0.002000
2,0.009163,0.022864,0.047909,0.002000
2,0.022803,0.030485,0.045954,0.002000
2,0.030931,0.045614,0.046957,0.002000
2,0.027563,0.033143,0.047801,0.002000
2,0.014317,0.037873,0.045384,0.002000
2,0.010080,0.026946,0.045565,0.002000
2,0.017886,0.030370,0.045969,0.002000
2,0.031821,0.018705,0.045042,0.002000
2,0.010215,0.033479,0.045512,0.002000
2,0.048140,0.039373,0.045736,0.002000
2,0.043772,0.028883,0.045461,0.002000
2,0.018114,0.002568,0.045708,0.002000
2,0.045432,0.008437,0.046370,0.002000
2,0.023694,0.015304,0.045831,0.002000
2,0.002181,0.028542,0.046316,0.002000
2,0.004951,0.047899,0.046331,0.002000
2,0.043194,0.037208,0.046191,0.002000
2,0.009315,0.005731,0.046822,0.002000
2,0.040033,0.022666,0.046580,0.002000
2,0.033682,0.041644,0.047099,0.002000
2,0.031673,0.025120,0.046377,0.002000
2,0.040194,0.034520,0.046355,0.002000
2,0.016172,0.049366,0.046925,0.002000
2,0.015217,0.019208,0.046869,0.002000
2,0.002801,0.040665,0.046993,0.002000
2,0.014433,0.026561,0.046850,0.002000
2,0.000240,0.003825,0.047090,0.002000
2,0.044345,0.042374,0.047102,0.002000
2,0.020267,0.006251,0.047285,0.002000
2,0.032582,0.037834,0.047104,0.002000
2,0.007188,0.039056,0.047409,0.002000
2,0.018118,0.042925,0.046712,0.002000
2,0.008721,0.030232,0.048413,0.002000
2,0.040401,0.048839,0.047892,0.002000
2,0.011760,0.002946,0.048197,0.002000
2,0.028464,0.018984,0.047839,0.002000
2,0.028760,0.036906,0.047425,0.002000
2,0.044387,0.047617,0.047108,0.002000
2,0.004152,0.025220,0.047195,0.002000
2,0.035535,0.008529,0.047528,0.002000
2,0.010852,0.013910,0.046994,0.002000
2,0.013330,0.046628,0.047039,0.002000
2,0.037085,0.032167,0.047042,0.002000
2,0.039519,0.010099,0.047425,0.002000
2,0.045140,0.017734,0.047477,0.002000
2,0.049196,0.043134,0.047485,0.002000
2,0.048230,0.035048,0.047543,0.002000
2,0.037900,0.001885,0.047586,0.002000
2,0.027517,0.010459,0.047726,0.002000
2,0.006735,0.016129,0.047691,0.002000
2,0.046375,0.004677,0.047072,0.002000
2,0.022289,0.047837,0.047524,0.002000
2,0.024650,0.027362,0.047583,0.002000
2,0.004561,0.020561,0.047529,0.002000
2,0.019859,0.035913,0.048167,0.002000
2,0.027466,0.000893,0.048140,0.002000
2,0.006736,0.010408,0.048303,0.002000
2,0.004842,0.006939,0.047736,0.002000
2,0.028550,0.026860,0.048148,0.002000
2,0.033480,0.021217,0.047549,0.002000
2,0.021506,0.022903,0.048008,0.002000
2,0.015195,0.032097,0.048286,0.002000
2,0.022491,0.012367,0.048010,0.002000
2,0.001476,0.037197,0.048437,0.002000
2,0.015912,0.036003,0.048456,0.002000
2,0.023386,0.008555,0.048079,0.002000
2,0.028549,0.022945,0.047956,0.002000
2,0.025948,0.044047,0.048063,0.002000
2,0.041698,0.030407,0.048447,0.002000
2,0.026613,0.014636,0.048356,0.002000
2,0.040023,0.018525,0.048475,0.002000
2,0.024839,0.037872,0.048652,0.002000
2,0.048703,0.016419,0.048576,0.002000
2,0.011535,0.019554,0.048165,0.002000
2,0.005364,0.035388,0.048427,0.002000
2,0.013077,0.007311,0.048470,0.002000
2,0.046018,0.038112,0.048778,0.002000
2,0.009312,0.035783,0.048458,0.002000
2,0.020687,0.032171,0.048810,0.002000
2,0.027821,0.040538,0.048716,0.002000
2,0.014101,0.039586,0.048851,0.002000
2,0.009637,0.043164,0.048811,0.002000
2,0.002550,0.017188,0.049004,0.002000
2,0.007061,0.003072,0.048658,0.002000
2,0.048079,0.009820,0.048981,0.002000
2,0.005746,0.042285,0.049040,0.002000
2,0.020039,0.015331,0.048741,0.002000
2,0.017740,0.046268,0.048853,0.002000
2,0.038645,0.026358,0.048875,0.002000
2,0.024638,0.018744,0.048928,0.002000
2,0.010345,0.048332,0.048939,0.002000
2,0.032607,0.001474,0.049257,0.002000
2,0.001846,0.032577,0.048804,0.002000
2,0.047972,0.047699,0.049203,0.002000
2,0.036515,0.011825,0.049369,0.002000
2,0.012705,0.023921,0.049250,0.002000
2,0.049877,0.028389,0.049402,0.002000
2,0.037478,0.015597,0.049359,0.002000
2,0.018592,0.001719,0.049472,0.002000
2,0.013558,0.043464,0.049343,0.002000
2,0.034141,0.045175,0.049663,0.002000
2,0.034124,0.005723,0.049897,0.002000
2,0.035639,0.023865,0.049521,0.002000
2,0.041697,0.036104,0.049614,0.002000
2,0.010276,0.039381,0.049845,0.002000
2,0.003261,0.003804,0.049574,0.002000
2,0.030988,0.042634,0.049809,0.002000
2,0.006601,0.047315,0.049847,0.002000
2,0.030336,0.048012,0.049893,0.002000
2,0.013578,0.028868,0.049879,0.002000
2,0.023798,0.034309,0.050123,0.002000
2,0.002250,0.048942,0.049908,0.002000
2,0.001724,0.044984,0.049913,0.002000
2,0.031235,0.009426,0.050204,0.002000
2,0.018064,0.022927,0.049980,0.002000
2,0.035378,0.037439,0.049825,0.002000
2,0.013556,0.011120,0.050138,0.002000
2,0.012669,0.034545,0.050158,0.002000
2,0.007985,0.007210,0.050190,0.002000
2,0.024689,0.024019,0.050096,0.002000
2,0.014649,0.000668,0.050271,0.002000
2,0.008336,0.013557,0.050150,0.002000
2,0.016916,0.007363,0.050189,0.002000
2,0.038137,0.030035,0.050209,0.002000
2,0.026687,0.029672,0.050228,0.002000
2,0.038856,0.021826,0.050284,0.002000
2,0.030486,0.034864,0.050239,0.002000
2,0.011379,0.016099,0.050170,0.002000
2,0.022747,0.029269,0.050389,0.002000
2,0.031522,0.024068,0.050201,0.002000
2,0.046393,0.041703,0.050359,0.002000
2,0.015540,0.014578,0.050399,0.002000
2,0.041932,0.024849,0.050340,0.002000
2,0.042525,0.016234,0.050477,0.002000
2,0.038032,0.007907,0.050499,0.002000
2,0.045828,0.025416,0.050534,0.002000
2,0.040188,0.012899,0.050518,0.002000
2,0.036570,0.041335,0.050543,0.002000
2,0.038136,0.034631,0.050476,0.002000
2,0.006351,0.022418,0.050538,0.002000
2,0.017027,0.041867,0.050326,0.002000
2,0.031194,0.020047,0.050481,0.002000
2,0.049676,0.024409,0.050627,0.002000
2,0.025338,0.011804,0.050748,0.002000
2,0.020891,0.018717,0.050714,0.002000
2,0.023830,0.041918,0.050665,0.002000
2,0.000705,0.013198,0.050684,0.002000
2,0.037358,0.047874,0.050668,0.002000
2,0.023507,0.045825,0.050647,0.002000
2,0.029371,0.003028,0.050893,0.002000
2,0.048988,0.006368,0.050640,0.002000
2,0.034737,0.018011,0.050793,0.002000
2,0.016080,0.018519,0.050846,0.002000
2,0.045116,0.004640,0.050760,0.002000
2,0.043910,0.048066,0.050882,0.002000
2,0.048550,0.033133,0.050970,0.002000
2,0.003317,0.025881,0.050989,0.002000
2,0.005391,0.038363,0.050986,0.002000
2,0.001956,0.040323,0.051000,0.002000
2,0.006530,0.032877,0.051084,0.002000
2,0.036337,0.002657,0.051120,0.002000
2,0.030662,0.038739,0.051026,0.002000
2,0.027459,0.017100,0.051130,0.002000
2,0.020858,0.007175,0.051100,0.002000
2,0.032465,0.027807,0.051116,0.002000
2,0.046152,0.013143,0.051146,0.002000
2,0.029433,0.012757,0.051299,0.002000
2,0.041474,0.006118,0.051147,0.002000
2,0.024812,0.006885,0.051289,0.002000
2,0.045787,0.018332,0.051279,0.002000
2,0.013804,0.046902,0.051225,0.002000
2,0.040286,0.002341,0.051217,0.002000
2,0.004612,0.012713,0.051319,0.002000
2,0.043436,0.044155,0.051303,0.002000
2,0.047901,0.001836,0.051247,0.002000
2,0.031287,0.016239,0.051495,0.002000
2,0.024749,0.001650,0.051565,0.002000
2,0.041683,0.032664,0.051612,0.002000
2,0.028464,0.022422,0.052032,0.002000
2,0.022437,0.026116,0.052608,0.002000
2,0.039553,0.043537,0.052016,0.002000
2,0.004964,0.043346,0.052496,0.002000
2,0.004845,0.006479,0.052403,0.002000
2,0.041662,0.019801,0.052095,0.002000
2,0.010446,0.000098,0.052419,0.002000
2,0.022892,0.037695,0.052065,0.002000
2,0.008598,0.036102,0.052221,0.002000
2,0.034946,0.021528,0.052473,0.002000
2,0.026976,0.039255,0.052335,0.002000
2,0.019957,0.046886,0.052053,0.002000
2,0.044004,0.047973,0.021842,0.002000
2,0.007325,0.026535,0.021782,0.002000
2,0.017949,0.043119,0.021771,0.002000
2,0.000263,0.019900,0.021821,0.002000
2,0.039767,0.004626,0.021793,0.002000
2,0.012108,0.042273,0.052834,0.002000
2,0.038590,0.016440,0.053002,0.002000
2,0.018982,0.028715,0.052741,0.002000
2,0.040460,0.028208,0.052810,0.002000
2,0.014698,0.030939,0.052978,0.002000
2,0.001139,0.029028,0.052961,0.002000
2,0.027953,0.048811,0.052811,0.002000
2,0.049966,0.020811,0.053214,0.002000
2,0.021117,0.002734,0.052767,0.002000
2,0.001741,0.002204,0.052785,0.002000
2,0.022121,0.031980,0.053179,0.002000
2,0.049706,0.048811,0.052992,0.002000
2,0.024247,0.018652,0.052846,0.002000
2,0.030955,0.006463,0.052756,0.002000
2,0.044979,0.035246,0.053029,0.002000
2,0.047231,0.008894,0.053152,0.002000
2,0.009424,0.004318,0.052848,0.002000
2,0.017143,0.002807,0.052923,0.002000
2,0.016811,0.044716,0.053070,0.002000
2,0.029412,0.032248,0.053009,0.002000
2,0.027679,0.009679,0.053137,0.002000
2,0.040547,0.048097,0.052963,0.002000
2,0.006731,0.029720,0.053307,0.002000
2,0.033928,0.038531,0.053262,0.002000
2,0.001401,0.009342,0.053303,0.002000
2,0.030740,0.018141,0.057790,0.002000
2,0.011373,0.038473,0.053674,0.002000
2,0.037875,0.027925,0.055783,0.002000
2,0.018710,0.031808,0.055239,0.002000
2,0.049092,0.029473,0.080327,0.002000
2,0.022246,0.009441,0.054038,0.002000
2,0.028119,0.029663,0.057393,0.002000
2,0.015836,0.006621,0.053794,0.002000
2,0.003613,0.022009,0.054270,0.002000
2,0.032642,0.035268,0.055167,0.002000
2,0.021551,0.017316,0.055339,0.002000
2,0.024857,0.022787,0.057037,0.002000
2,0.025209,0.035894,0.054668,0.002000
2,0.018203,0.012937,0.084018,0.002000
2,0.015347,0.048155,0.054593,0.002000
2,0.022451,0.044697,0.080651,0.002000
2,0.034072,0.028676,0.054641,0.002000
2,0.007280,0.027222,0.056218,0.002000
2,0.044542,0.019850,0.054698,0.002000
2,0.019872,0.012961,0.055353,0.002000
2,0.049427,0.034619,0.054601,0.002000
2,0.035161,0.044131,0.053670,0.002000
2,0.037394,0.009938,0.056537,0.002000
2,0.042902,0.030596,0.054830,0.002000
2,0.033345,0.003331,0.054111,0.002000
2,0.013335,0.016026,0.053541,0.002000
2,0.021489,0.024042,0.055710,0.002000
2,0.035371,0.018531,0.054905,0.002000
2,0.022538,0.029164,0.055969,0.002000
2,0.017111,0.017558,0.054874,0.002000
2,0.041742,0.011428,0.055820,0.002000
2,0.029783,0.006185,0.083845,0.002000
2,0.023853,0.029636,0.070038,0.002000
2,0.015827,0.049404,0.083768,0.002000
2,0.047523,0.030458,0.053711,0.002000
2,0.033662,0.009998,0.055174,0.002000
2,0.019230,0.026597,0.080423,0.002000
2,0.015015,0.020508,0.056352,0.002000
2,0.036598,0.049954,0.054074,0.002000
2,0.043121,0.041913,0.054495,0.002000
2,0.007797,0.019676,0.053779,0.002000
2,0.023151,0.044643,0.054444,0.002000
2,0.002437,0.046066,0.053617,0.002000
2,0.046843,0.040384,0.083776,0.002000
2,0.027876,0.009728,0.058855,0.002000
2,0.029080,0.036171,0.053686,0.002000
2,0.028578,0.043803,0.055362,0.002000
2,0.020879,0.035337,0.054878,0.002000
2,0.007565,0.022484,0.056971,0.002000
2,0.039514,0.025646,0.080212,0.002000
2,0.017869,0.024900,0.054637,0.002000
2,0.045561,0.024599,0.056793,0.002000
2,0.024730,0.040698,0.055167,0.002000
2,0.029373,0.023516,0.080124,0.002000
2,0.022800,0.025835,0.083774,0.002000
2,0.036503,0.031378,0.057115,0.002000
2,0.019616,0.005900,0.054640,0.002000
2,0.038536,0.041012,0.054879,0.002000
2,0.007530,0.043452,0.059359,0.002000
2,0.035373,0.034357,0.083914,0.002000
2,0.036180,0.030699,0.080530,0.002000
2,0.003438,0.032064,0.053815,0.002000
2,0.029029,0.002567,0.054681,0.002000
2,0.043333,0.004881,0.054252,0.002000
2,0.047266,0.004478,0.054083,0.002000
2,0.018869,0.025482,0.084157,0.002000
2,0.002858,0.001718,0.080074,0.002000
2,0.041679,0.023820,0.083738,0.002000
2,0.029931,0.028457,0.054099,0.002000
2,0.028306,0.006922,0.079386,0.002000
2,0.037490,0.021821,0.055901,0.002000
2,0.020312,0.005494,0.083741,0.002000
2,0.047535,0.026492,0.053952,0.002000
2,0.036912,0.036970,0.055294,0.002000
2,0.007637,0.017614,0.056995,0.002000
2,0.014150,0.024230,0.055686,0.002000
2,0.023412,0.001561,0.055739,0.002000
2,0.029006,0.017009,0.054554,0.002000
2,0.046594,0.015914,0.054187,0.002000
2,0.014132,0.009997,0.054935,0.002000
2,0.040465,0.018605,0.055634,0.002000
2,0.017698,0.045040,0.079466,0.002000
2,0.006958,0.044212,0.055626,0.002000
2,0.006199,0.004023,0.055171,0.002000
2,0.000864,0.025955,0.079874,0.002000
2,0.027515,0.020533,0.055263,0.002000
2,0.031413,0.001092,0.080549,0.002000
2,0.047911,0.010190,0.072065,0.002000
2,0.048951,0.019586,0.078801,0.002000
2,0.022861,0.000250,0.082580,0.002000
2,0.028849,0.039446,0.055901,0.002000
2,0.038539,0.045418,0.055336,0.002000
2,0.018507,0.015949,0.080437,0.002000
2,0.039325,0.048476,0.083709,0.002000
2,0.029323,0.025979,0.083719,0.002000
2,0.044978,0.049211,0.054420,0.002000
2,0.020640,0.048116,0.080010,0.002000
2,0.048633,0.012512,0.054180,0.002000
2,0.028944,0.024188,0.055841,0.002000
2,0.032693,0.034655,0.080744,0.002000
2,0.010839,0.044878,0.055542,0.002000
2,0.016005,0.040772,0.053985,0.002000
2,0.021072,0.020872,0.083692,0.002000
2,0.025620,0.011387,0.056046,0.002000
2,0.003675,0.026465,0.054783,0.002000
2,0.040801,0.035627,0.053995,0.002000
2,0.033152,0.014876,0.054611,0.002000
2,0.016311,0.035375,0.055025,0.002000
2,0.004980,0.034960,0.055994,0.002000
2,0.008379,0.033299,0.054905,0.002000
2,0.037114,0.015324,0.056503,0.002000
2,0.025714,0.026766,0.055965,0.002000
2,0.026973,0.014944,0.057185,0.002000
2,0.002783,0.044334,0.084168,0.002000
2,0.040139,0.008092,0.054322,0.002000
2,0.037961,0.011865,0.083590,0.002000
2,0.008284,0.012460,0.084158,0.002000
2,0.025515,0.044794,0.057649,0.002000
2,0.030020,0.045227,0.077605,0.002000
2,0.024998,0.014503,0.053628,0.002000
2,0.012897,0.027697,0.054390,0.002000
2,0.012237,0.009094,0.076080,0.002000
2,0.027777,0.018526,0.080348,0.002000
2,0.032756,0.048959,0.053833,0.002000
2,0.033165,0.045135,0.083663,0.002000
2,0.042335,0.014967,0.054140,0.002000
2,0.049392,0.001614,0.077661,0.002000
2,0.043854,0.031303,0.081088,0.002000
2,0.011631,0.018451,0.056119,0.002000
2,0.036341,0.013411,0.080301,0.002000
2,0.035052,0.038734,0.081585,0.002000
2,0.033824,0.023453,0.083889,0.002000
2,0.038038,0.035348,0.081078,0.002000
2,0.028017,0.006968,0.056016,0.002000
2,0.029668,0.003307,0.058340,0.002000
2,0.002653,0.037794,0.054473,0.002000
2,0.021741,0.010574,0.057806,0.002000
2,0.028343,0.033555,0.056595,0.002000
2,0.026169,0.030219,0.054052,0.002000
2,0.010960,0.022118,0.054774,0.002000
2,0.010165,0.029982,0.055953,0.002000
2,0.031434,0.041578,0.053744,0.002000
2,0.032403,0.024134,0.053970,0.002000
2,0.001559,0.047267,0.057179,0.002000
2,0.045402,0.014020,0.083971,0.002000
2,0.031558,0.020050,0.054420,0.002000
2,0.023796,0.029010,0.080856,0.002000
2,0.043582,0.037994,0.055506,0.002000
2,0.044179,0.016673,0.057161,0.002000
2,0.012307,0.033791,0.054396,0.002000
2,0.044490,0.008237,0.055925,0.002000
2,0.045740,0.030147,0.077909,0.002000
2,0.024469,0.032565,0.056688,0.002000
2,0.014536,0.043756,0.056133,0.002000
2,0.010822,0.025750,0.057156,0.002000
2,0.018540,0.009994,0.080682,0.002000
2,0.048520,0.016528,0.071520,0.002000
2,0.044434,0.026230,0.080744,0.002000
2,0.040921,0.014368,0.084338,0.002000
2,0.015104,0.031200,0.056820,0.002000
2,0.039195,0.002816,0.054914,0.002000
2,0.033029,0.027440,0.083621,0.002000
2,0.000209,0.001889,0.056325,0.002000
2,0.030968,0.020989,0.071712,0.002000
2,0.006584,0.038328,0.054784,0.002000
2,0.012949,0.032720,0.083925,0.002000
2,0.031068,0.038869,0.081819,0.002000
2,0.010256,0.024542,0.081519,0.002000
2,0.027221,0.003309,0.081405,0.002000
2,0.026395,0.018813,0.083857,0.002000
2,0.037789,0.028859,0.083574,0.002000
2,0.016324,0.043883,0.083585,0.002000
2,0.047945,0.022503,0.081254,0.002000
2,0.019886,0.002443,0.079978,0.002000
2,0.024432,0.014287,0.079712,0.002000
2,0.039917,0.031859,0.081186,0.002000
2,0.021479,0.042249,0.083529,0.002000
2,0.003348,0.019318,0.079961,0.002000
2,0.010071,0.008301,0.073011,0.002000
2,0.016230,0.048791,0.079969,0.002000
2,0.026058,0.043067,0.077760,0.002000
2,0.023317,0.003960,0.081252,0.002000
2,0.041480,0.015755,0.080813,0.002000
2,0.037737,0.037916,0.070127,0.002000
2,0.008097,0.047914,0.054733,0.002000
2,0.018934,0.021355,0.057100,0.002000
2,0.018760,0.028130,0.056659,0.002000
2,0.049213,0.043259,0.079847,0.002000
2,0.024406,0.011001,0.081897,0.002000
2,0.007230,0.006904,0.070643,0.002000
2,0.028103,0.040829,0.080201,0.002000
2,0.005785,0.016448,0.083445,0.002000
2,0.022485,0.033096,0.082359,0.002000
2,0.028364,0.009845,0.083411,0.002000
2,0.039176,0.001352,0.077428,0.002000
2,0.014737,0.041378,0.081110,0.002000
2,0.013263,0.015524,0.079687,0.002000
2,0.001267,0.030769,0.083359,0.002000
2,0.012323,0.015006,0.083404,0.002000
2,0.035541,0.005896,0.079692,0.002000
2,0.018641,0.006026,0.070049,0.002000
2,0.035777,0.041631,0.077350,0.002000
2,0.004435,0.008910,0.080565,0.002000
2,0.002968,0.032072,0.080076,0.002000
2,0.000223,0.039981,0.081772,0.002000
2,0.010060,0.041710,0.078328,0.002000
2,0.015409,0.017291,0.082571,0.002000
2,0.018727,0.040656,0.081123,0.002000
2,0.009162,0.002304,0.083324,0.002000
2,0.006439,0.030002,0.075030,0.002000
2,0.047357,0.025801,0.083334,0.002000
2,0.047961,0.014021,0.074443,0.002000
2,0.018914,0.046919,0.083310,0.002000
2,0.042109,0.023006,0.069403,0.002000
2,0.020350,0.022528,0.074204,0.002000
2,0.010987,0.029685,0.082369,0.002000
2,0.035708,0.026133,0.081171,0.002000
2,0.032472,0.031186,0.082581,0.002000
2,0.034681,0.020630,0.080331,0.002000
2,0.019978,0.030460,0.079593,0.002000
2,0.025626,0.004429,0.054174,0.002000
2,0.028149,0.015168,0.078232,0.002000
2,0.048977,0.020420,0.071796,0.002000
2,0.013006,0.008179,0.082260,0.002000
2,0.012230,0.027297,0.079506,0.002000
2,0.026371,0.046076,0.080284,0.002000
2,0.030285,0.016896,0.083327,0.002000
2,0.020452,0.029012,0.083272,0.002000
2,0.007950,0.008217,0.082188,0.002000
2,0.010798,0.033703,0.071080,0.002000
2,0.002583,0.014086,0.083190,0.002000
2,0.038658,0.038544,0.083177,0.002000
2,0.023524,0.006720,0.056518,0.002000
2,0.018659,0.038483,0.055864,0.002000
2,0.010176,0.014786,0.055609,0.002000
2,0.031913,0.006652,0.056532,0.002000
2,0.025375,0.037415,0.079597,0.002000
2,0.015105,0.011543,0.082027,0.002000
2,0.014052,0.038437,0.056539,0.002000
2,0.012587,0.001287,0.079140,0.002000
2,0.016613,0.030036,0.083089,0.002000
2,0.040698,0.033032,0.057009,0.002000
2,0.015432,0.031948,0.079881,0.002000
2,0.044806,0.022672,0.078874,0.002000
2,0.013626,0.001722,0.054878,0.002000
2,0.009249,0.021058,0.083019,0.002000
2,0.040283,0.022610,0.072764,0.002000
2,0.035361,0.008737,0.083050,0.002000
2,0.041490,0.028362,0.082201,0.002000
2,0.011774,0.021641,0.079263,0.002000
2,0.010603,0.007622,0.079325,0.002000
2,0.013444,0.026614,0.083055,0.002000
2,0.015967,0.013571,0.055138,0.002000
2,0.039406,0.047964,0.079364,0.002000
2,0.028371,0.049004,0.082075,0.002000
2,0.001175,0.035335,0.081434,0.002000
2,0.007626,0.007721,0.054931,0.002000
2,0.013916,0.012304,0.077572,0.002000
2,0.021555,0.037888,0.082143,0.002000
2,0.041941,0.022179,0.056608,0.002000
2,0.041251,0.004944,0.057543,0.002000
2,0.001450,0.006801,0.079074,0.002000
2,0.001766,0.031267,0.073025,0.002000
2,0.012253,0.048750,0.082104,0.002000
2,0.034134,0.017299,0.071966,0.002000
2,0.007338,0.027717,0.082977,0.002000
2,0.002397,0.026952,0.084327,0.002000
2,0.004071,0.028332,0.080032,0.002000
2,0.006863,0.031770,0.082146,0.002000
2,0.031108,0.012880,0.079587,0.002000
2,0.033263,0.046664,0.079366,0.002000
2,0.021703,0.004178,0.058855,0.002000
2,0.031420,0.018251,0.074544,0.002000
2,0.026599,0.018616,0.073293,0.002000
2,0.033411,0.039575,0.057048,0.002000
2,0.047094,0.010323,0.082927,0.002000
2,0.007946,0.028756,0.079177,0.002000
2,0.024709,0.046905,0.083749,0.002000
2,0.048853,0.047332,0.070000,0.002000
2,0.025678,0.006868,0.082885,0.002000
2,0.030319,0.011956,0.056112,0.002000
2,0.026250,0.043247,0.084131,0.002000
2,0.031669,0.004994,0.078560,0.002000
2,0.028561,0.031392,0.082899,0.002000
2,0.048824,0.013762,0.082025,0.002000
2,0.013468,0.034824,0.058006,0.002000
2,0.032113,0.025840,0.075037,0.002000
2,0.018715,0.046656,0.055980,0.002000
2,0.001566,0.005575,0.082805,0.002000
2,0.037341,0.005690,0.057904,0.002000
2,0.009877,0.033811,0.078974,0.002000
2,0.033934,0.005325,0.069738,0.002000
2,0.036648,0.023237,0.078072,0.002000
2,0.008663,0.030098,0.068575,0.002000
2,0.002914,0.035925,0.059088,0.002000
2,0.008393,0.019402,0.060282,0.002000
2,0.015107,0.008927,0.079067,0.002000
2,0.018295,0.005577,0.078233,0.002000
2,0.049901,0.047280,0.078423,0.002000
2,0.032642,0.045340,0.056490,0.002000
2,0.010247,0.040888,0.082043,0.002000
2,0.026135,0.034433,0.082068,0.002000
2,0.001563,0.019038,0.074613,0.002000
2,0.019174,0.001881,0.074473,0.002000
2,0.022275,0.034657,0.059200,0.002000
2,0.004252,0.026321,0.058590,0.002000
2,0.009353,0.046024,0.082777,0.002000
2,0.038011,0.017058,0.083969,0.002000
2,0.033365,0.011806,0.074186,0.002000
2,0.031697,0.047029,0.069936,0.002000
2,0.022004,0.039921,0.078921,0.002000
2,0.019270,0.017345,0.058499,0.002000
2,0.009422,0.017275,0.081984,0.002000
2,0.048314,0.039797,0.068601,0.002000
2,0.025249,0.049886,0.079530,0.002000
2,0.014810,0.016891,0.057963,0.002000
2,0.025730,0.025378,0.071402,0.002000
2,0.037999,0.016878,0.079323,0.002000
2,0.047765,0.034728,0.078700,0.002000
2,0.009218,0.040588,0.056758,0.002000
2,0.008566,0.016814,0.076131,0.002000
2,0.047537,0.014392,0.057690,0.002000
2,0.042749,0.040145,0.082272,0.002000
2,0.047616,0.003166,0.082515,0.002000
2,0.002301,0.021895,0.082743,0.002000
2,0.033018,0.004352,0.082387,0.002000
2,0.043868,0.004439,0.082890,0.002000
2,0.022756,0.038235,0.057540,0.002000
2,0.044703,0.022272,0.059813,0.002000
2,0.019301,0.037271,0.059485,0.002000
2,0.042851,0.045693,0.055648,0.002000
2,0.043991,0.047535,0.078021,0.002000
2,0.032441,0.032073,0.057487,0.002000
2,0.044406,0.038049,0.060798,0.002000
2,0.013166,0.020533,0.082709,0.002000
2,0.030443,0.036647,0.058208,0.002000
2,0.043648,0.040795,0.058183,0.002000
2,0.037536,0.030046,0.060630,0.002000
2,0.009005,0.023763,0.060903,0.002000
2,0.034391,0.002108,0.057689,0.002000
2,0.009572,0.046185,0.078843,0.002000
2,0.010589,0.009144,0.057130,0.002000
2,0.029104,0.048483,0.056534,0.002000
2,0.029719,0.015003,0.059958,0.002000
2,0.040225,0.048746,0.056773,0.002000
2,0.004040,0.017293,0.055314,0.002000
2,0.046483,0.010623,0.058355,0.002000
2,0.015462,0.023384,0.083905,0.002000
2,0.019989,0.019892,0.079346,0.002000
2,0.018839,0.049282,0.059005,0.002000
2,0.008862,0.027862,0.059824,0.002000
2,0.018279,0.042824,0.056915,0.002000
2,0.044692,0.043566,0.082489,0.002000
2,0.004489,0.010519,0.055470,0.002000
2,0.039707,0.024609,0.058759,0.002000
2,0.022094,0.042186,0.057683,0.002000
2,0.032336,0.029449,0.079089,0.002000
2,0.034809,0.000751,0.078534,0.002000
2,0.003765,0.002449,0.083885,0.002000
2,0.027671,0.010848,0.079655,0.002000
2,0.033418,0.012165,0.082632,0.002000
2,0.039843,0.043245,0.058360,0.002000
2,0.008520,0.042471,0.062957,0.002000
2,0.048779,0.046649,0.084072,0.002000
2,0.018113,0.013550,0.058872,0.002000
2,0.016137,0.037077,0.081960,0.002000
2,0.035258,0.026223,0.060642,0.002000
2,0.026010,0.005733,0.059465,0.002000
2,0.026210,0.035118,0.059747,0.002000
2,0.042158,0.002240,0.060296,0.002000
2,0.017347,0.006360,0.059813,0.002000
2,0.000154,0.017405,0.058195,0.002000
2,0.049116,0.036516,0.058121,0.002000
2,0.000783,0.040128,0.058369,0.002000
2,0.049571,0.044426,0.059032,0.002000
2,0.015107,0.048046,0.058664,0.002000
2,0.018735,0.039962,0.076863,0.002000
2,0.035817,0.047646,0.057154,0.002000
2,0.026315,0.039056,0.059106,0.002000
2,0.034489,0.025249,0.056993,0.002000
2,0.018667,0.002545,0.056510,0.002000
2,0.023628,0.025832,0.059295,0.002000
2,0.008049,0.047322,0.058673,0.002000
2,0.029450,0.018701,0.061421,0.002000
2,0.000016,0.009903,0.056855,0.002000
2,0.041815,0.027529,0.057033,0.002000
2,0.015300,0.026983,0.058119,0.002000
2,0.021710,0.014059,0.082588,0.002000
2,0.016327,0.020929,0.060007,0.002000
2,0.042933,0.043863,0.078995,0.002000
2,0.011300,0.016805,0.059681,0.002000
2,0.009032,0.037572,0.078026,0.002000
2,0.022534,0.021685,0.059953,0.002000
2,0.028389,0.001977,0.077915,0.002000
2,0.046064,0.033192,0.056215,0.002000
2,0.015616,0.018641,0.078934,0.002000
2,0.024982,0.021799,0.079233,0.002000
2,0.005941,0.007198,0.058438,0.002000
2,0.023030,0.014557,0.057768,0.002000
2,0.012808,0.003410,0.082511,0.002000
2,0.027761,0.014253,0.081957,0.002000
2,0.031087,0.020510,0.081981,0.002000
2,0.039220,0.044934,0.081930,0.002000
2,0.027099,0.037574,0.084204,0.002000
2,0.018569,0.033273,0.081916,0.002000
2,0.004050,0.010553,0.084318,0.002000
2,0.036799,0.009612,0.079322,0.002000
2,0.022698,0.047538,0.057087,0.002000
2,0.014069,0.004947,0.079192,0.002000
2,0.015369,0.003162,0.058510,0.002000
2,0.001329,0.031757,0.057863,0.002000
2,0.049154,0.008552,0.060412,0.002000
2,0.012404,0.029485,0.059121,0.002000
2,0.011869,0.048559,0.056519,0.002000
2,0.031510,0.027676,0.057966,0.002000
2,0.013018,0.005377,0.056195,0.002000
2,0.025557,0.012690,0.060172,0.002000
2,0.013789,0.007949,0.059030,0.002000
2,0.043301,0.011856,0.060278,0.002000
2,0.024897,0.018287,0.057151,0.002000
2,0.014094,0.002877,0.068661,0.002000
2,0.044250,0.002179,0.056935,0.002000
2,0.007829,0.011931,0.056984,0.002000
2,0.028221,0.025215,0.059581,0.002000
2,0.041660,0.017416,0.060037,0.002000
2,0.026983,0.028684,0.061024,0.002000
2,0.001768,0.034820,0.077568,0.002000
2,0.004853,0.003434,0.058778,0.002000
2,0.043061,0.047910,0.081863,0.002000
2,0.047930,0.020073,0.056486,0.002000
2,0.047097,0.047103,0.057406,0.002000
2,0.017016,0.006513,0.081862,0.002000
2,0.009642,0.035925,0.057643,0.002000
2,0.003144,0.041579,0.055538,0.002000
2,0.047568,0.036994,0.081885,0.002000
2,0.010634,0.008401,0.069224,0.002000
2,0.042873,0.018414,0.078292,0.002000
2,0.034561,0.018345,0.058734,0.002000
2,0.046924,0.012360,0.078987,0.002000
2,0.012592,0.041432,0.058652,0.002000
2,0.031756,0.041984,0.079117,0.002000
2,0.008150,0.031700,0.058812,0.002000
2,0.024549,0.040485,0.081895,0.002000
2,0.039948,0.038233,0.057437,0.002000
2,0.031998,0.001335,0.060727,0.002000
2,0.035923,0.042659,0.057407,0.002000
2,0.039740,0.010305,0.059684,0.002000
2,0.034870,0.036206,0.058605,0.002000
2,0.005812,0.016515,0.061061,0.002000
2,0.032564,0.009405,0.059208,0.002000
2,0.002502,0.013819,0.056478,0.002000
2,0.034106,0.013139,0.057949,0.002000
2,0.014424,0.018250,0.073890,0.002000
2,0.021933,0.011759,0.061527,0.002000
2,0.004960,0.030389,0.056960,0.002000
2,0.039465,0.005717,0.082387,0.002000
2,0.038364,0.019365,0.058822,0.002000
2,0.010588,0.037448,0.083835,0.002000
2,0.006597,0.005179,0.084283,0.002000
2,0.008887,0.001627,0.056841,0.002000
2,0.001147,0.023170,0.057079,0.002000
2,0.027860,0.021347,0.059066,0.002000
2,0.040530,0.014015,0.058431,0.002000
2,0.002222,0.005955,0.055936,0.002000
2,0.017543,0.033754,0.058528,0.002000
2,0.004927,0.049282,0.056637,0.002000
2,0.042876,0.007928,0.059523,0.002000
2,0.047213,0.042842,0.055908,0.002000
2,0.019815,0.024658,0.059167,0.002000
2,0.011430,0.021411,0.058769,0.002000
2,0.017907,0.009561,0.057509,0.002000
2,0.020289,0.029979,0.059718,0.002000
2,0.047826,0.006604,0.057306,0.002000
2,0.038579,0.001814,0.058626,0.002000
2,0.003341,0.019928,0.058151,0.002000
2,0.032120,0.022451,0.058553,0.002000
2,0.021756,0.032479,0.062436,0.002000
2,0.005039,0.022868,0.060199,0.002000
2,0.045617,0.043953,0.059296,0.002000
2,0.026162,0.000577,0.058347,0.002000
2,0.016902,0.017337,0.061619,0.002000
2,0.044110,0.034396,0.059378,0.002000
2,0.022946,0.028673,0.062262,0.002000
2,0.013721,0.023785,0.060905,0.002000
2,0.012402,0.041971,0.062520,0.002000
2,0.048666,0.021838,0.059890,0.002000
2,0.047437,0.000762,0.058828,0.002000
2,0.030395,0.011604,0.061803,0.002000
2,0.033422,0.015608,0.061262,0.002000
2,0.029543,0.043274,0.059187,0.002000
2,0.044256,0.030237,0.058604,0.002000
2,0.021570,0.015727,0.061296,0.002000
2,0.038524,0.035786,0.060115,0.002000
2,0.027034,0.025424,0.063312,0.002000
2,0.030987,0.047643,0.059822,0.002000
2,0.029885,0.039560,0.060829,0.002000
2,0.040606,0.032516,0.060989,0.002000
2,0.014558,0.044463,0.060262,0.002000
2,0.035822,0.001548,0.061354,0.002000
2,0.049885,0.047958,0.060846,0.002000
2,0.013613,0.012372,0.058003,0.002000
2,0.040862,0.039888,0.060881,0.002000
2,0.036355,0.045328,0.060312,0.002000
2,0.019706,0.045459,0.059544,0.002000
2,0.000572,0.025873,0.059843,0.002000
2,0.008617,0.030739,0.062528,0.002000
2,0.017673,0.035007,0.062198,0.002000
2,0.037212,0.013209,0.060309,0.002000
2,0.003274,0.035063,0.062835,0.002000
2,0.022228,0.048299,0.060867,0.002000
2,0.039490,0.006611,0.061099,0.002000
2,0.009974,0.005103,0.058669,0.002000
2,0.005566,0.039864,0.058203,0.002000
2,0.043155,0.014900,0.062715,0.002000
2,0.017604,0.027162,0.061184,0.002000
2,0.024437,0.002566,0.061267,0.002000
2,0.027943,0.000750,0.061804,0.002000
2,0.002379,0.006330,0.059894,0.002000
2,0.003550,0.043205,0.059104,0.002000
2,0.036098,0.009117,0.060882,0.002000
2,0.040784,0.021542,0.061026,0.002000
2,0.025528,0.009117,0.061976,0.002000
2,0.008489,0.008807,0.060886,0.002000
2,0.035096,0.021523,0.061020,0.002000
2,0.020809,0.040531,0.061032,0.002000
2,0.006454,0.000363,0.060615,0.002000
2,0.043470,0.047211,0.059480,0.002000
2,0.041165,0.027584,0.060918,0.002000
2,0.000729,0.031596,0.061768,0.002000
2,0.047581,0.035808,0.061685,0.002000
2,0.030900,0.005686,0.061172,0.002000
2,0.033557,0.029823,0.060583,0.002000
2,0.013894,0.027908,0.062330,0.002000
2,0.046603,0.018372,0.059753,0.002000
2,0.024095,0.037548,0.062034,0.002000
2,0.009294,0.015825,0.062869,0.002000
2,0.046668,0.031975,0.061218,0.002000
2,0.036615,0.040058,0.060284,0.002000
2,0.001659,0.001419,0.059995,0.002000
2,0.010236,0.013021,0.059943,0.002000
2,0.011869,0.020846,0.062872,0.002000
2,0.029957,0.032303,0.060560,0.002000
2,0.024619,0.018505,0.060990,0.002000
2,0.033074,0.041875,0.060271,0.002000
2,0.022011,0.007839,0.060649,0.002000
2,0.029944,0.022606,0.062130,0.002000
2,0.027274,0.046854,0.060770,0.002000
2,0.045735,0.004009,0.060116,0.002000
2,0.011625,0.047132,0.060366,0.002000
2,0.046720,0.027266,0.059438,0.002000
2,0.015946,0.010752,0.060723,0.002000
2,0.013846,0.036204,0.061651,0.002000
2,0.016892,0.040428,0.059700,0.002000
2,0.005481,0.012641,0.060030,0.002000
2,0.012974,0.004725,0.061213,0.002000
2,0.039697,0.047444,0.060489,0.002000
2,0.037621,0.016853,0.061730,0.002000
2,0.026651,0.015155,0.063031,0.002000
2,0.047877,0.024266,0.062847,0.002000
2,0.013404,0.032322,0.062131,0.002000
2,0.023513,0.023603,0.063196,0.002000
2,0.002261,0.014920,0.060269,0.002000
2,0.033426,0.034013,0.061537,0.002000
2,0.003677,0.047889,0.062002,0.002000
2,0.026300,0.042393,0.061235,0.002000
2,0.007328,0.035066,0.060742,0.002000
2,0.010869,0.038684,0.060896,0.002000
2,0.004128,0.029864,0.060723,0.002000
2,0.013982,0.014380,0.061302,0.002000
2,0.037925,0.026946,0.063441,0.002000
2,0.031597,0.044700,0.062654,0.002000
2,0.030477,0.002912,0.063958,0.002000
2,0.016252,0.020536,0.063883,0.002000
2,0.047573,0.013475,0.061483,0.002000
2,0.026368,0.032350,0.062954,0.002000
2,0.020069,0.002345,0.061940,0.002000
2,0.018445,0.030359,0.063226,0.002000
2,0.034929,0.005407,0.061869,0.002000
2,0.031427,0.026727,0.061841,0.002000
2,0.002562,0.019902,0.062009,0.002000
2,0.033114,0.009200,0.063536,0.002000
2,0.019901,0.019820,0.062264,0.002000
2,0.030427,0.015822,0.063776,0.002000
2,0.007005,0.039027,0.061669,0.002000
2,0.047642,0.041179,0.061180,0.002000
2,0.016908,0.047175,0.062068,0.002000
2,0.000008,0.004247,0.062246,0.002000
2,0.012176,0.009516,0.062188,0.002000
2,0.044272,0.027339,0.063312,0.002000
2,0.029107,0.008277,0.063520,0.002000
2,0.022708,0.043992,0.061506,0.002000
2,0.043978,0.041515,0.062649,0.002000
2,0.018410,0.013839,0.062774,0.002000
2,0.041730,0.009179,0.063429,0.002000
2,0.035408,0.012858,0.063614,0.002000
2,0.008098,0.020084,0.063974,0.002000
2,0.014743,0.030349,0.065234,0.002000
2,0.039050,0.043151,0.062212,0.002000
2,0.005060,0.044383,0.063179,0.002000
2,0.037953,0.008410,0.064235,0.002000
2,0.035110,0.042902,0.063449,0.002000
2,0.015474,0.043905,0.064050,0.002000
2,0.001219,0.042546,0.062127,0.002000
2,0.043606,0.005771,0.062750,0.002000
2,0.042450,0.018680,0.063606,0.002000
2,0.025223,0.028220,0.065417,0.002000
2,0.046289,0.009817,0.062738,0.002000
2,0.001677,0.024934,0.063434,0.002000
2,0.002358,0.038774,0.061781,0.002000
2,0.009493,0.026720,0.063525,0.002000
2,0.041025,0.036487,0.063150,0.002000
2,0.034352,0.031213,0.064209,0.002000
2,0.023774,0.017434,0.064580,0.002000
2,0.005134,0.031790,0.063961,0.002000
2,0.048119,0.028241,0.062938,0.002000
2,0.010592,0.036099,0.063885,0.002000
2,0.032682,0.019547,0.063495,0.002000
2,0.023830,0.013116,0.064835,0.002000
2,0.037949,0.022971,0.063321,0.002000
2,0.015375,0.001652,0.062141,0.002000
2,0.001432,0.011419,0.061801,0.002000
2,0.034357,0.047567,0.062862,0.002000
2,0.007398,0.007102,0.064286,0.002000
2,0.046036,0.020779,0.063410,0.002000
2,0.029307,0.035431,0.062881,0.002000
2,0.045953,0.047244,0.062528,0.002000
2,0.042212,0.023960,0.063781,0.002000
2,0.001027,0.016779,0.063999,0.002000
2,0.043604,0.032576,0.063598,0.002000
2,0.021835,0.005539,0.063823,0.002000
2,0.019310,0.044337,0.063393,0.002000
2,0.007994,0.012068,0.062999,0.002000
2,0.039872,0.015910,0.064800,0.002000
2,0.008641,0.004078,0.062183,0.002000
2,0.038179,0.003773,0.063518,0.002000
2,0.031893,0.012531,0.065346,0.002000
2,0.024630,0.046681,0.063607,0.002000
2,0.016226,0.039987,0.063514,0.002000
2,0.044772,0.036845,0.064436,0.002000
2,0.027122,0.039618,0.063916,0.002000
2,0.048241,0.038797,0.064251,0.002000
2,0.037964,0.048996,0.063614,0.002000
2,0.046566,0.016824,0.063312,0.002000
2,0.020810,0.036765,0.064073,0.002000
2,0.025992,0.005464,0.063400,0.002000
2,0.033404,0.037928,0.062269,0.002000
2,0.009509,0.032757,0.065737,0.002000
2,0.016234,0.024632,0.063793,0.002000
2,0.018773,0.009136,0.062908,0.002000
2,0.003508,0.002200,0.063330,0.002000
2,0.004757,0.040433,0.064465,0.002000
2,0.027144,0.010975,0.065629,0.002000
2,0.038920,0.030673,0.064316,0.002000
2,0.011765,0.044827,0.065118,0.002000
2,0.022633,0.041414,0.064419,0.002000
2,0.001393,0.033546,0.065936,0.002000
2,0.014398,0.017081,0.064685,0.002000
2,0.015551,0.006784,0.063584,0.002000
2,0.008443,0.046448,0.062667,0.002000
2,0.012131,0.013662,0.064639,0.002000
2,0.005431,0.022911,0.064047,0.002000
2,0.029097,0.028653,0.064401,0.002000
2,0.027421,0.020477,0.064355,0.002000
2,0.015217,0.035365,0.065195,0.002000
2,0.004447,0.009527,0.063418,0.002000
2,0.045933,0.012956,0.065036,0.002000
2,0.005171,0.026601,0.062648,0.002000
2,0.022998,0.031522,0.066108,0.002000
2,0.021577,0.020649,0.065688,0.002000
2,0.041390,0.028065,0.065976,0.002000
2,0.014464,0.043767,0.067832,0.002000
2,0.000450,0.021459,0.064968,0.002000
2,0.018393,0.033116,0.065984,0.002000
2,0.002314,0.029072,0.064740,0.002000
2,0.011137,0.007677,0.065456,0.002000
2,0.041674,0.012518,0.065485,0.002000
2,0.043516,0.021038,0.066424,0.002000
2,0.012474,0.024695,0.065127,0.002000
2,0.025362,0.023043,0.066602,0.002000
2,0.030246,0.048274,0.063796,0.002000
2,0.017591,0.003575,0.064754,0.002000
2,0.047717,0.044004,0.063952,0.002000
2,0.034065,0.016195,0.065153,0.002000
2,0.025725,0.018554,0.067818,0.002000
2,0.000940,0.007734,0.063927,0.002000
2,0.019104,0.042189,0.066624,0.002000
2,0.006691,0.043167,0.066584,0.002000
2,0.036058,0.028506,0.066535,0.002000
2,0.022741,0.001818,0.064812,0.002000
2,0.009774,0.039848,0.065686,0.002000
2,0.034921,0.022017,0.065558,0.002000
2,0.033737,0.001474,0.065545,0.002000
2,0.020325,0.011519,0.065630,0.002000
2,0.034225,0.025671,0.064397,0.002000
2,0.037406,0.039713,0.064116,0.002000
2,0.008102,0.000723,0.064195,0.002000
2,0.045479,0.024423,0.065887,0.002000
2,0.020128,0.025503,0.063780,0.002000
2,0.048437,0.030337,0.066193,0.002000
2,0.028386,0.015687,0.067055,0.002000
2,0.004329,0.013489,0.063739,0.002000
2,0.043265,0.006581,0.066467,0.002000
2,0.047763,0.018411,0.066648,0.002000
2,0.005942,0.033247,0.067447,0.002000
2,0.029499,0.037508,0.066289,0.002000
2,0.038610,0.045493,0.065318,0.002000
2,0.037410,0.034964,0.063711,0.002000
2,0.041240,0.041802,0.065762,0.002000
2,0.020147,0.048442,0.064248,0.002000
2,0.039434,0.005728,0.066669,0.002000
2,0.042152,0.034735,0.066532,0.002000
2,0.026287,0.035256,0.065617,0.002000
2,0.016619,0.027222,0.066716,0.002000
2,0.023082,0.008663,0.065937,0.002000
2,0.042489,0.048723,0.063825,0.002000
2,0.044999,0.032062,0.067239,0.002000
2,0.018998,0.016363,0.065711,0.002000
2,0.006830,0.037128,0.065305,0.002000
2,0.000310,0.013046,0.065204,0.002000
2,0.030105,0.024129,0.065733,0.002000
2,0.031650,0.040880,0.064242,0.002000
2,0.003945,0.019702,0.065718,0.002000
2,0.045211,0.028157,0.067033,0.002000
2,0.010592,0.042956,0.068383,0.002000
2,0.025322,0.040808,0.067203,0.002000
2,0.000520,0.047218,0.064902,0.002000
2,0.030857,0.031730,0.066085,0.002000
2,0.012764,0.033758,0.067709,0.002000
2,0.010755,0.017930,0.065908,0.002000
2,0.026865,0.007083,0.066775,0.002000
2,0.012962,0.004209,0.065115,0.002000
2,0.018530,0.007087,0.066299,0.002000
2,0.017727,0.037991,0.066594,0.002000
2,0.039458,0.024611,0.066539,0.002000
2,0.004365,0.004847,0.066047,0.002000
2,0.029624,0.012215,0.068459,0.002000
2,0.021475,0.034938,0.067554,0.002000
2,0.008214,0.023889,0.066556,0.002000
2,0.002133,0.043147,0.065781,0.002000
2,0.012871,0.048948,0.063697,0.002000
2,0.037358,0.018941,0.065098,0.002000
2,0.037160,0.011341,0.066687,0.002000
2,0.027723,0.043405,0.064821,0.002000
2,0.046567,0.021386,0.068884,0.002000
2,0.032539,0.035239,0.065174,0.002000
2,0.015128,0.011021,0.064971,0.002000
2,0.045644,0.041425,0.066142,0.002000
2,0.032401,0.016494,0.068598,0.002000
2,0.006471,0.016645,0.065492,0.002000
2,0.046212,0.001177,0.063449,0.002000
2,0.009541,0.011275,0.066383,0.002000
2,0.020316,0.028574,0.066258,0.002000
2,0.016577,0.018942,0.067430,0.002000
2,0.003205,0.024902,0.067027,0.002000
2,0.037493,0.048635,0.067484,0.002000
2,0.040327,0.011619,0.069030,0.002000
2,0.027919,0.021891,0.069348,0.002000
2,0.015324,0.022737,0.067061,0.002000
2,0.024011,0.001457,0.068497,0.002000
2,0.046880,0.014911,0.068282,0.002000
2,0.037080,0.002579,0.067220,0.002000
2,0.039507,0.037613,0.066670,0.002000
2,0.032672,0.022542,0.068639,0.002000
2,0.026079,0.048610,0.066642,0.002000
2,0.023066,0.026328,0.068027,0.002000
2,0.047038,0.006393,0.064545,0.002000
2,0.047641,0.034903,0.066396,0.002000
2,0.030735,0.005882,0.066566,0.002000
2,0.010639,0.001654,0.067050,0.002000
2,0.003572,0.029411,0.068470,0.002000
2,0.011525,0.028417,0.066471,0.002000
2,0.013671,0.039672,0.066503,0.002000
2,0.021170,0.019789,0.069469,0.002000
2,0.002913,0.037343,0.066058,0.002000
2,0.031543,0.043045,0.067511,0.002000
2,0.016446,0.030663,0.068712,0.002000
2,0.019326,0.046191,0.067383,0.002000
2,0.047185,0.029996,0.069877,0.002000
2,0.003776,0.040591,0.068198,0.002000
2,0.024344,0.011522,0.068360,0.002000
2,0.043384,0.045130,0.065283,0.002000
2,0.017579,0.013655,0.068254,0.002000
2,0.033897,0.046770,0.066700,0.002000
2,0.008766,0.005143,0.067404,0.002000
2,0.042222,0.002819,0.065679,0.002000
2,0.030375,0.019622,0.067195,0.002000
2,0.006273,0.027362,0.066366,0.002000
2,0.029303,0.046269,0.066970,0.002000
2,0.023322,0.005298,0.067965,0.002000
2,0.021525,0.038984,0.067279,0.002000
2,0.048716,0.026181,0.067372,0.002000
2,0.027520,0.003148,0.066532,0.002000
2,0.024988,0.035158,0.069296,0.002000
2,0.027894,0.026228,0.068216,0.002000
2,0.008058,0.020141,0.067872,0.002000
2,0.002197,0.045647,0.068732,0.002000
2,0.009882,0.036487,0.067778,0.002000
2,0.000439,0.005675,0.067244,0.002000
2,0.040352,0.026517,0.069844,0.002000
2,0.013037,0.011404,0.068270,0.002000
2,0.043411,0.016239,0.066864,0.002000
2,0.031733,0.034350,0.068880,0.002000
2,0.017664,0.043495,0.070115,0.002000
2,0.003634,0.014653,0.067385,0.002000
2,0.048004,0.044195,0.067847,0.002000
2,0.020170,0.002895,0.067594,0.002000
2,0.011497,0.022122,0.067955,0.002000
2,0.020362,0.031296,0.069105,0.002000
2,0.035206,0.019293,0.068377,0.002000
2,0.027730,0.038932,0.069623,0.002000
2,0.024290,0.044651,0.066998,0.002000
2,0.004354,0.047622,0.065928,0.002000
2,0.029042,0.017012,0.070655,0.002000
2,0.035131,0.005827,0.065976,0.002000
2,0.026887,0.031357,0.067502,0.002000
2,0.001680,0.009905,0.067179,0.002000
2,0.036778,0.042416,0.066974,0.002000
2,0.035885,0.034638,0.067191,0.002000
2,0.022238,0.016262,0.067962,0.002000
2,0.014966,0.007152,0.068071,0.002000
2,0.020795,0.009937,0.069227,0.002000
2,0.016585,0.049199,0.065766,0.002000
2,0.016392,0.034668,0.069042,0.002000
2,0.012318,0.048089,0.067481,0.002000
2,0.019761,0.024150,0.067445,0.002000
2,0.029278,0.008479,0.069550,0.002000
2,0.039718,0.019228,0.068235,0.002000
2,0.032652,0.009695,0.067963,0.002000
2,0.038346,0.031400,0.068153,0.002000
2,0.047612,0.003064,0.066594,0.002000
2,0.013049,0.015391,0.068030,0.002000
2,0.033000,0.026470,0.068056,0.002000
2,0.037064,0.015072,0.067972,0.002000
2,0.000293,0.022987,0.069094,0.002000
2,0.008639,0.046574,0.067225,0.002000
2,0.044745,0.038154,0.068154,0.002000
2,0.005827,0.010206,0.067109,0.002000
2,0.000652,0.043986,0.071934,0.002000
2,0.023547,0.047698,0.069470,0.002000
2,0.019302,0.037649,0.070180,0.002000
2,0.016081,0.039923,0.069590,0.002000
2,0.015783,0.047946,0.069380,0.002000
2,0.027881,0.043207,0.069013,0.002000
2,0.048240,0.033797,0.070132,0.002000
2,0.013462,0.036986,0.070388,0.002000
2,0.033968,0.030399,0.069221,0.002000
2,0.020427,0.046122,0.071225,0.002000
2,0.020786,0.001181,0.070997,0.002000
2,0.003917,0.011898,0.070086,0.002000
2,0.009696,0.012822,0.069859,0.002000
2,0.024830,0.016021,0.070885,0.002000
2,0.021369,0.042068,0.069824,0.002000
2,0.036404,0.023532,0.069578,0.002000
2,0.041446,0.007458,0.069718,0.002000
2,0.042594,0.030308,0.070348,0.002000
2,0.046722,0.006460,0.068446,0.002000
2,0.010126,0.017392,0.069719,0.002000
2,0.029323,0.001062,0.069403,0.002000
2,0.002835,0.033116,0.069755,0.002000
2,0.001842,0.018188,0.068676,0.002000
2,0.017788,0.021754,0.069880,0.002000
2,0.039220,0.034252,0.070739,0.002000
2,0.025497,0.007803,0.070325,0.002000
2,0.026833,0.012542,0.071141,0.002000
2,0.034383,0.041999,0.070035,0.002000
2,0.017997,0.026361,0.070258,0.002000
2,0.047015,0.026392,0.077828,0.002000
2,0.021673,0.013491,0.070790,0.002000
2,0.001875,0.000211,0.067636,0.002000
2,0.020066,0.034126,0.071815,0.002000
2,0.000365,0.027735,0.070637,0.002000
2,0.015199,0.015384,0.071287,0.002000
2,0.035162,0.033767,0.070789,0.002000
2,0.044605,0.001585,0.068601,0.002000
2,0.043369,0.013939,0.070100,0.002000
2,0.044831,0.025801,0.070083,0.002000
2,0.040825,0.002535,0.069375,0.002000
2,0.041152,0.047151,0.067911,0.002000
2,0.036008,0.009567,0.070010,0.002000
2,0.033738,0.000423,0.069459,0.002000
2,0.006563,0.001162,0.067832,0.002000
2,0.047151,0.010409,0.068180,0.002000
2,0.043957,0.043373,0.069159,0.002000
2,0.010745,0.046265,0.070572,0.002000
2,0.005596,0.025121,0.070098,0.002000
2,0.006834,0.041296,0.070413,0.002000
2,0.033988,0.013015,0.069706,0.002000
2,0.036522,0.027412,0.070517,0.002000
2,0.043353,0.018890,0.069775,0.002000
2,0.006550,0.036708,0.069885,0.002000
2,0.033654,0.038343,0.067924,0.002000
2,0.013379,0.019591,0.070350,0.002000
2,0.023946,0.021143,0.071876,0.002000
2,0.043445,0.035125,0.070230,0.002000
2,0.037507,0.020139,0.071403,0.002000
2,0.022178,0.016784,0.073673,0.002000
2,0.003403,0.005802,0.069732,0.002000
2,0.021586,0.024227,0.070963,0.002000
2,0.029944,0.029727,0.069414,0.002000
2,0.000055,0.012845,0.070027,0.002000
2,0.039339,0.015962,0.071061,0.002000
2,0.009882,0.026117,0.069260,0.002000
2,0.035542,0.035028,0.078070,0.002000
2,0.043821,0.048729,0.074307,0.002000
2,0.044367,0.005578,0.071473,0.002000
2,0.001877,0.037543,0.069820,0.002000
2,0.019251,0.016620,0.070884,0.002000
2,0.030088,0.004779,0.070603,0.002000
2,0.005889,0.017201,0.069385,0.002000
2,0.044121,0.010095,0.070897,0.002000
2,0.010325,0.039448,0.070349,0.002000
2,0.033013,0.038273,0.078308,0.002000
2,0.037706,0.020821,0.075201,0.002000
2,0.014178,0.025327,0.069907,0.002000
2,0.037846,0.005206,0.070536,0.002000
2,0.006195,0.045211,0.070046,0.002000
2,0.027340,0.046928,0.070332,0.002000
2,0.014566,0.038231,0.075459,0.002000
2,0.038927,0.025777,0.074621,0.002000
2,0.012593,0.011445,0.072184,0.002000
2,0.007009,0.042748,0.076063,0.002000
2,0.044934,0.047963,0.070089,0.002000
2,0.004095,0.047523,0.074611,0.002000
2,0.006265,0.032743,0.071716,0.002000
2,0.023128,0.038800,0.071158,0.002000
2,0.048383,0.037422,0.071730,0.002000
2,0.048257,0.024293,0.072206,0.002000
2,0.021563,0.004340,0.076396,0.002000
2,0.003101,0.016401,0.072064,0.002000
2,0.041340,0.040387,0.069472,0.002000
2,0.045970,0.028027,0.073305,0.002000
2,0.045010,0.009032,0.078304,0.002000
2,0.048647,0.015742,0.077923,0.002000
2,0.007059,0.024685,0.073861,0.002000
2,0.044421,0.016803,0.072973,0.002000
2,0.003869,0.043951,0.079130,0.002000
2,0.027984,0.045111,0.074078,0.002000
2,0.014203,0.044593,0.071760,0.002000
2,0.028610,0.003656,0.074400,0.002000
2,0.022277,0.005948,0.071684,0.002000
2,0.037441,0.000983,0.070748,0.002000
2,0.005340,0.002710,0.071237,0.002000
2,0.005821,0.038718,0.073173,0.002000
2,0.047836,0.006157,0.077121,0.002000
2,0.017507,0.035878,0.074294,0.002000
2,0.028441,0.035421,0.071254,0.002000
2,0.033022,0.039878,0.074786,0.002000
2,0.021920,0.011017,0.078850,0.002000
2,0.010556,0.004178,0.070796,0.002000
2,0.047383,0.003034,0.070986,0.002000
2,0.038836,0.044596,0.069872,0.002000
2,0.027839,0.014477,0.074392,0.002000
2,0.030727,0.043428,0.071785,0.002000
2,0.031211,0.039077,0.071400,0.002000
2,0.012714,0.038791,0.078901,0.002000
2,0.018846,0.033084,0.076798,0.002000
2,0.015630,0.010365,0.074379,0.002000
2,0.011422,0.025760,0.072746,0.002000
2,0.021354,0.036735,0.074693,0.002000
2,0.008379,0.021740,0.071591,0.002000
2,0.049406,0.047166,0.073872,0.002000
2,0.005014,0.018378,0.076668,0.002000
2,0.006286,0.028767,0.071386,0.002000
2,0.041794,0.035255,0.073664,0.002000
2,0.037773,0.002761,0.074129,0.002000
2,0.045341,0.032171,0.072556,0.002000
2,0.023673,0.010487,0.072412,0.002000
2,0.045486,0.038106,0.074210,0.002000
2,0.003709,0.020922,0.070974,0.002000
2,0.042128,0.039960,0.073289,0.002000
2,0.017833,0.039668,0.073116,0.002000
2,0.004517,0.021761,0.074732,0.002000
2,0.035168,0.046463,0.071711,0.002000
2,0.026468,0.003274,0.071112,0.002000
2,0.002872,0.048681,0.071120,0.002000
2,0.034609,0.037283,0.072391,0.002000
2,0.029895,0.010951,0.076415,0.002000
2,0.027877,0.022342,0.073671,0.002000
2,0.019306,0.024089,0.077543,0.002000
2,0.030787,0.013710,0.071930,0.002000
2,0.013596,0.046839,0.077851,0.002000
2,0.031080,0.018957,0.078332,0.002000
2,0.002748,0.040175,0.078831,0.002000
2,0.002102,0.022963,0.077625,0.002000
2,0.013709,0.034796,0.073680,0.002000
2,0.036638,0.013447,0.072618,0.002000
2,0.018799,0.006121,0.073985,0.002000
2,0.039379,0.029154,0.072639,0.002000
2,0.007670,0.048403,0.071870,0.002000
2,0.007220,0.010470,0.078251,0.002000
2,0.016510,0.032375,0.072240,0.002000
2,0.042634,0.025872,0.073339,0.002000
2,0.040048,0.021160,0.078697,0.002000
2,0.018029,0.019634,0.073093,0.002000
2,0.042134,0.032954,0.078112,0.002000
2,0.047103,0.044870,0.076939,0.002000
2,0.020377,0.027537,0.073086,0.002000
2,0.032391,0.008718,0.071956,0.002000
2,0.017758,0.013605,0.073654,0.002000
2,0.049972,0.026160,0.075223,0.002000
2,0.032760,0.025033,0.078803,0.002000
2,0.047894,0.000753,0.074138,0.002000
2,0.006284,0.018643,0.072987,0.002000
2,0.010443,0.000425,0.075930,0.002000
2,0.022683,0.048678,0.073369,0.002000
2,0.015296,0.028440,0.072343,0.002000
2,0.014207,0.006403,0.071948,0.002000
2,0.024494,0.044210,0.070962,0.002000
2,0.042109,0.031242,0.074564,0.002000
2,0.012075,0.018384,0.077116,0.002000
2,0.021715,0.028825,0.076491,0.002000
2,0.036098,0.042557,0.073468,0.002000
2,0.010581,0.019051,0.073526,0.002000
2,0.018869,0.009231,0.076814,0.002000
2,0.021057,0.014652,0.077679,0.002000
2,0.035140,0.028284,0.074340,0.002000
2,0.027184,0.047815,0.076855,0.002000
2,0.042053,0.019582,0.074562,0.002000
2,0.034856,0.018699,0.076889,0.002000
2,0.039967,0.043282,0.073380,0.002000
2,0.031807,0.033973,0.072740,0.002000
2,0.009609,0.015286,0.072826,0.002000
2,0.016508,0.028031,0.077994,0.002000
2,0.017191,0.025883,0.074735,0.002000
2,0.041755,0.024166,0.076841,0.002000
2,0.007603,0.006690,0.077068,0.002000
2,0.008307,0.035654,0.073480,0.002000
2,0.035381,0.006509,0.073300,0.002000
2,0.026053,0.032327,0.071868,0.002000
2,0.022157,0.007987,0.075030,0.002000
2,0.042856,0.038279,0.078799,0.002000
2,0.007926,0.004572,0.073770,0.002000
2,0.037366,0.016949,0.074368,0.002000
2,0.040914,0.006178,0.073397,0.002000
2,0.045512,0.023898,0.075241,0.002000
2,0.037020,0.032098,0.073647,0.002000
2,0.006374,0.013057,0.072881,0.002000
2,0.039204,0.009541,0.072210,0.002000
2,0.031546,0.033180,0.077293,0.002000
2,0.013490,0.026400,0.076000,0.002000
2,0.024226,0.031551,0.077904,0.002000
2,0.020131,0.042867,0.073455,0.002000
2,0.024983,0.035956,0.073145,0.002000
2,0.027265,0.049417,0.073333,0.002000
2,0.042608,0.028024,0.076808,0.002000
2,0.015976,0.002895,0.076456,0.002000
2,0.034951,0.031334,0.076819,0.002000
2,0.030944,0.049065,0.077206,0.002000
2,0.025572,0.008932,0.076783,0.002000
2,0.031967,0.047519,0.073808,0.002000
2,0.028200,0.009514,0.073194,0.002000
2,0.048357,0.034241,0.074072,0.002000
2,0.031960,0.029993,0.072788,0.002000
2,0.017342,0.047759,0.073030,0.002000
2,0.013065,0.014604,0.074583,0.002000
2,0.002899,0.038004,0.075628,0.002000
2,0.030912,0.036561,0.075368,0.002000
2,0.038549,0.038102,0.074050,0.002000
2,0.018319,0.036526,0.078754,0.002000
2,0.001832,0.040297,0.072631,0.002000
2,0.049029,0.022014,0.075394,0.002000
2,0.006648,0.009494,0.074518,0.002000
2,0.027428,0.028693,0.072667,0.002000
2,0.042906,0.002134,0.072638,0.002000
2,0.015498,0.022932,0.072775,0.002000
2,0.017000,0.002638,0.071291,0.002000
2,0.012584,0.049646,0.071520,0.002000
2,0.003605,0.008655,0.072279,0.002000
2,0.041834,0.046358,0.071834,0.002000
2,0.046226,0.041611,0.071894,0.002000
2,0.030611,0.025772,0.071406,0.002000
2,0.010155,0.029929,0.072237,0.002000
2,0.044557,0.021674,0.072256,0.002000
2,0.001707,0.002594,0.072799,0.002000
2,0.032638,0.002575,0.072641,0.002000
2,0.026151,0.040984,0.072581,0.002000
2,0.048484,0.006335,0.072892,0.002000
2,0.004379,0.043794,0.073246,0.002000
2,0.035713,0.023808,0.073457,0.002000
2,0.001992,0.035255,0.072935,0.002000
2,0.013505,0.040427,0.072427,0.002000
2,0.041312,0.012720,0.073369,0.002000
2,0.009131,0.043367,0.072749,0.002000
2,0.001794,0.011964,0.073461,0.002000
2,0.038479,0.048049,0.073197,0.002000
2,0.045219,0.045098,0.073494,0.002000
2,0.044996,0.011372,0.074548,0.002000
2,0.012932,0.003176,0.073899,0.002000
2,0.032650,0.021936,0.075144,0.002000
2,0.022862,0.032855,0.074449,0.002000
2,0.002468,0.005921,0.074846,0.002000
2,0.004982,0.001385,0.074945,0.002000
2,0.048462,0.030454,0.075165,0.002000
2,0.025599,0.028262,0.076177,0.002000
2,0.048647,0.010449,0.076015,0.002000
2,0.041646,0.009932,0.076132,0.002000
2,0.025994,0.034871,0.076686,0.002000
2,0.010516,0.032775,0.074980,0.002000
2,0.021058,0.011904,0.074892,0.002000
2,0.010726,0.038580,0.074596,0.002000
2,0.023740,0.043716,0.074747,0.002000
2,0.048512,0.041635,0.075140,0.002000
2,0.016605,0.044399,0.074938,0.002000
2,0.011688,0.046617,0.074452,0.002000
2,0.024591,0.023957,0.075154,0.002000
2,0.024814,0.002583,0.074942,0.002000
2,0.028569,0.032473,0.074847,0.002000
2,0.009723,0.011980,0.075003,0.002000
2,0.034866,0.000082,0.074696,0.002000
2,0.004968,0.034475,0.075227,0.002000
2,0.032813,0.043769,0.075290,0.002000
2,0.015266,0.030807,0.075534,0.002000
2,0.037755,0.010344,0.075654,0.002000
2,0.014260,0.049600,0.075093,0.002000
2,0.027389,0.038329,0.075252,0.002000
2,0.030297,0.007067,0.075455,0.002000
2,0.044363,0.007335,0.074927,0.002000
2,0.045483,0.003585,0.075235,0.002000
2,0.007831,0.046548,0.075352,0.002000
2,0.009833,0.027975,0.075622,0.002000
2,0.012073,0.042762,0.075215,0.002000
2,0.001679,0.044677,0.075967,0.002000
2,0.001874,0.015220,0.075682,0.002000
2,0.011277,0.023128,0.075659,0.002000
2,0.023727,0.039798,0.075465,0.002000
2,0.035908,0.046416,0.075780,0.002000
2,0.044951,0.034611,0.075981,0.002000
2,0.019318,0.017775,0.076169,0.002000
2,0.029289,0.041758,0.075813,0.002000
2,0.014817,0.021388,0.076294,0.002000
2,0.038982,0.034341,0.076153,0.002000
2,0.040970,0.046367,0.075728,0.002000
2,0.045706,0.019999,0.076064,0.002000
2,0.024740,0.012762,0.076115,0.002000
2,0.031410,0.014670,0.076082,0.002000
2,0.015418,0.006751,0.075807,0.002000
2,0.019202,0.048494,0.076390,0.002000
2,0.003121,0.009570,0.076336,0.002000
2,0.034759,0.004051,0.076298,0.002000
2,0.040208,0.015192,0.076492,0.002000
2,0.044724,0.014775,0.076591,0.002000
2,0.022736,0.020033,0.076459,0.002000
2,0.027531,0.019947,0.076790,0.002000
2,0.033829,0.008854,0.076794,0.002000
2,0.005200,0.026664,0.076696,0.002000
2,0.035756,0.013953,0.076472,0.002000
2,0.029484,0.028944,0.076428,0.002000
2,0.016372,0.015301,0.076932,0.002000
2,0.002420,0.029525,0.076710,0.002000
2,0.038220,0.006015,0.076434,0.002000
2,0.005606,0.014193,0.076481,0.002000
2,0.039994,0.040963,0.076489,0.002000
2,0.024887,0.016718,0.076606,0.002000
2,0.028161,0.024910,0.076659,0.002000
2,0.041849,0.004142,0.076655,0.002000
2,0.044196,0.041165,0.076419,0.002000
2,0.022840,0.046945,0.076944,0.002000
2,0.008472,0.020658,0.076979,0.002000
2,0.020640,0.043638,0.077253,0.002000
2,0.010806,0.004344,0.077025,0.002000
2,0.015196,0.041587,0.077318,0.002000
2,0.004610,0.004223,0.077650,0.002000
2,0.037000,0.027162,0.077607,0.002000
2,0.038791,0.030665,0.077573,0.002000
2,0.048340,0.038558,0.077715,0.002000
2,0.012154,0.030807,0.077905,0.002000
2,0.025079,0.005165,0.077957,0.002000
2,0.006403,0.032270,0.078160,0.002000
2,0.008622,0.025031,0.077939,0.002000
2,0.038422,0.037740,0.078007,0.002000
2,0.014457,0.035063,0.077730,0.002000
2,0.005221,0.048358,0.078331,0.002000
2,0.038652,0.044294,0.078108,0.002000
2,0.007872,0.002114,0.078450,0.002000
2,0.029181,0.037374,0.078689,0.002000
2,0.009672,0.014147,0.078758,0.002000
2,0.023697,0.025730,0.078603,0.002000
2,0.005390,0.036050,0.078726,0.002000
2,0.001681,0.012736,0.078751,0.002000
2,0.022094,0.035308,0.078820,0.002000
2,0.014837,0.024313,0.079134,0.002000
2,0.042533,0.012460,0.078975,0.002000
2,0.005781,0.022549,0.079057,0.002000
2,0.045813,0.002780,0.079075,0.002000
2,0.040944,0.007162,0.079047,0.002000
2,0.028175,0.032785,0.079195,0.002000
2,0.006392,0.016211,0.079673,0.002000
2,0.027809,0.028388,0.079986,0.002000
2,0.045933,0.040786,0.079960,0.002000
2,0.041604,0.002603,0.080283,0.002000
2,0.039434,0.041143,0.080380,0.002000
2,0.046808,0.046315,0.080654,0.002000
2,0.046011,0.016476,0.080820,0.002000
2,0.035105,0.043125,0.080878,0.002000
2,0.046586,0.006678,0.081033,0.002000
2,0.037265,0.002587,0.080994,0.002000
2,0.031417,0.008620,0.081151,0.002000
2,0.005722,0.012623,0.081199,0.002000
2,0.012616,0.035521,0.081170,0.002000
2,0.005644,0.038977,0.081278,0.002000
2,0.007071,0.043175,0.081268,0.002000
2,0.022214,0.007786,0.081167,0.002000
2,0.010919,0.011466,0.081348,0.002000
2,0.018383,0.022700,0.081421,0.002000
2,0.042729,0.020661,0.081531,0.002000
2,0.033811,0.016862,0.081490,0.002000
2,0.042920,0.009506,0.081537,0.002000
2,0.023250,0.018293,0.081514,0.002000
2,0.003082,0.047290,0.081513,0.002000
2,0.029874,0.044468,0.081575,0.002000
2,0.006246,0.000373,0.081592,0.002000
2,0.012971,0.044859,0.081685,0.002000
2,0.037931,0.022359,0.081814,0.002000
2,0.035941,0.048329,0.081706,0.002000
2,0.007744,0.035634,0.081799,0.002000
2,0.026057,0.024762,0.081781,0.002000
2,0.043924,0.035431,0.081739,0.002000
2,0.000988,0.010423,0.081837,0.002000
2,0.000631,0.017248,0.081836,0.002000
2,0.004703,0.025023,0.081838,0.002000
2,0.017873,0.010026,0.053526,0.002000
2,0.007941,0.024351,0.053525,0.002000
2,0.039977,0.023710,0.053533,0.002000
2,0.006834,0.015142,0.053500,0.002000
2,0.024143,0.048324,0.053514,0.002000
2,0.036383,0.005838,0.053483,0.002000
2,0.043957,0.023536,0.053418,0.002000
2,0.017625,0.021153,0.053393,0.002000
2,0.047045,0.045902,0.053404,0.002000
2,0.037573,0.012343,0.053422,0.002000
2,0.037026,0.032149,0.053349,0.002000
2,0.016189,0.003229,0.084493,0.002000
2,0.005797,0.022423,0.084428,0.002000
2,0.003695,0.033687,0.084369,0.002000
2,0.003967,0.040558,0.084383,0.002000
2,0.030578,0.002417,0.084822,0.002000
2,0.001320,0.037600,0.084636,0.002000
2,0.024299,0.029533,0.084768,0.002000
2,0.045251,0.021232,0.084430,0.002000
2,0.018665,0.017212,0.084688,0.002000
2,0.024965,0.002895,0.084640,0.002000
2,0.018794,0.038822,0.084774,0.002000
2,0.047634,0.034219,0.084677,0.002000
2,0.034678,0.019189,0.084537,0.002000
2,0.018502,0.009017,0.084525,0.002000
2,0.029690,0.041315,0.084573,0.002000
2,0.048416,0.018926,0.084657,0.002000
2,0.033165,0.037517,0.084793,0.002000
2,0.036653,0.043296,0.084441,0.002000
2,0.036412,0.004186,0.084440,0.002000
2,0.025109,0.013842,0.084712,0.002000
2,0.045129,0.031143,0.084632,0.002000
2,0.028510,0.023816,0.114471,0.002000
2,0.004907,0.037063,0.086041,0.002000
2,0.038993,0.012032,0.087426,0.002000
2,0.047167,0.021786,0.088194,0.002000
2,0.008542,0.038256,0.086969,0.002000
2,0.000525,0.023819,0.088850,0.002000
2,0.032966,0.045207,0.087565,0.002000
2,0.028006,0.002663,0.087781,0.002000
2,0.024697,0.045308,0.091732,0.002000
2,0.045914,0.011677,0.110855,0.002000
2,0.025422,0.046626,0.088028,0.002000
2,0.015006,0.040431,0.089654,0.002000
2,0.008549,0.025180,0.090423,0.002000
2,0.003038,0.045960,0.087950,0.002000
2,0.046799,0.011303,0.086709,0.002000
2,0.031056,0.038263,0.110467,0.002000
2,0.018190,0.011307,0.087766,0.002000
2,0.007512,0.015632,0.092261,0.002000
2,0.012385,0.039878,0.086698,0.002000
2,0.014834,0.012522,0.089410,0.002000
2,0.025941,0.016814,0.087188,0.002000
2,0.022411,0.039901,0.086500,0.002000
2,0.038217,0.046592,0.086962,0.002000
2,0.024436,0.037415,0.112599,0.002000
2,0.047478,0.017413,0.088172,0.002000
2,0.011371,0.039322,0.090681,0.002000
2,0.001241,0.018487,0.088406,0.002000
2,0.007063,0.009746,0.086709,0.002000
2,0.031480,0.039330,0.114581,0.002000
2,0.002922,0.019790,0.091649,0.002000
2,0.045468,0.023123,0.113258,0.002000
2,0.046046,0.043509,0.086065,0.002000
2,0.039944,0.016462,0.087394,0.002000
2,0.039547,0.032403,0.089558,0.002000
2,0.017925,0.047150,0.087190,0.002000
2,0.018931,0.001256,0.086499,0.002000
2,0.033223,0.002399,0.114929,0.002000
2,0.029272,0.045775,0.085261,0.002000
2,0.036707,0.025621,0.085522,0.002000
2,0.005213,0.032985,0.087937,0.002000
2,0.034454,0.044969,0.111773,0.002000
2,0.038344,0.028702,0.113911,0.002000
2,0.009713,0.030535,0.086487,0.002000
2,0.048638,0.022451,0.092022,0.002000
2,0.037457,0.042628,0.091885,0.002000
2,0.017251,0.028174,0.086402,0.002000
2,0.028040,0.028988,0.085931,0.002000
2,0.038518,0.000503,0.087798,0.002000
2,0.030782,0.012123,0.086189,0.002000
2,0.001840,0.003582,0.087130,0.002000
2,0.039403,0.021234,0.089499,0.002000
2,0.003486,0.007002,0.086005,0.002000
2,0.048879,0.014624,0.085830,0.002000
2,0.023265,0.032883,0.087774,0.002000
2,0.010239,0.026468,0.085321,0.002000
2,0.012247,0.002195,0.090225,0.002000
2,0.049112,0.007824,0.086683,0.002000
2,0.015164,0.038422,0.093034,0.002000
2,0.036260,0.035142,0.087825,0.002000
2,0.040449,0.040162,0.086282,0.002000
2,0.047596,0.009292,0.090023,0.002000
2,0.013073,0.012206,0.085954,0.002000
2,0.004317,0.014381,0.086694,0.002000
2,0.017707,0.009434,0.091444,0.002000
2,0.027813,0.029282,0.092030,0.002000
2,0.033230,0.041196,0.086340,0.002000
2,0.016534,0.033532,0.085260,0.002000
2,0.027418,0.049248,0.085858,0.002000
2,0.006932,0.027556,0.087698,0.002000
2,0.039610,0.035611,0.085533,0.002000
2,0.033540,0.015092,0.085170,0.002000
2,0.032921,0.019283,0.088204,0.002000
2,0.006446,0.046691,0.085342,0.002000
2,0.026081,0.024743,0.085684,0.002000
2,0.017884,0.043569,0.089981,0.002000
2,0.038202,0.045077,0.113455,0.002000
2,0.019188,0.001369,0.090415,0.002000
2,0.048014,0.034355,0.088572,0.002000
2,0.027178,0.019930,0.089175,0.002000
2,0.029783,0.021469,0.111546,0.002000
2,0.036071,0.016950,0.087444,0.002000
2,0.048756,0.026778,0.086916,0.002000
2,0.029934,0.047293,0.088936,0.002000
2,0.041366,0.027957,0.086059,0.002000
2,0.042773,0.020959,0.087434,0.002000
2,0.049308,0.022827,0.085088,0.002000
2,0.041343,0.020205,0.092745,0.002000
2,0.019913,0.035784,0.087008,0.002000
2,0.007904,0.034586,0.085517,0.002000
2,0.009103,0.016029,0.085656,0.002000
2,0.008634,0.023255,0.086998,0.002000
2,0.015938,0.003561,0.088318,0.002000
2,0.016279,0.029821,0.089654,0.002000
2,0.021026,0.034577,0.090585,0.002000
2,0.045131,0.047296,0.085457,0.002000
2,0.030674,0.049292,0.099739,0.002000
2,0.032829,0.033273,0.088529,0.002000
2,0.002611,0.048831,0.085307,0.002000
2,0.034992,0.007160,0.086638,0.002000
2,0.011396,0.035379,0.087156,0.002000
2,0.022809,0.049190,0.086364,0.002000
2,0.047114,0.005444,0.090766,0.002000
2,0.001190,0.041280,0.087051,0.002000
2,0.001579,0.011560,0.087246,0.002000
2,0.041050,0.040342,0.112614,0.002000
2,0.044709,0.020117,0.090748,0.002000
2,0.020413,0.019520,0.087381,0.002000
2,0.012005,0.026233,0.088768,0.002000
2,0.036355,0.042740,0.088236,0.002000
2,0.038327,0.028834,0.088400,0.002000
2,0.040616,0.043276,0.088598,0.002000
2,0.023775,0.001969,0.089339,0.002000
2,0.039717,0.046152,0.090972,0.002000
2,0.033368,0.009836,0.089743,0.002000
2,0.020205,0.012063,0.114680,0.002000
2,0.003626,0.010615,0.114858,0.002000
2,0.027965,0.024068,0.091794,0.002000
2,0.032825,0.047592,0.092462,0.002000
2,0.048832,0.027255,0.090836,0.002000
2,0.044985,0.023121,0.093370,0.002000
2,0.000995,0.041440,0.112338,0.002000
2,0.012459,0.030090,0.090715,0.002000
2,0.031542,0.028626,0.112291,0.002000
2,0.012303,0.021816,0.086533,0.002000
2,0.044018,0.038538,0.085859,0.002000
2,0.006654,0.045781,0.090238,0.002000
2,0.019365,0.023987,0.111965,0.002000
2,0.043458,0.034624,0.085564,0.002000
2,0.008954,0.001617,0.092352,0.002000
2,0.034017,0.005735,0.090245,0.002000
2,0.001049,0.039989,0.090758,0.002000
2,0.029910,0.022730,0.088644,0.002000
2,0.035171,0.011667,0.086393,0.002000
2,0.047730,0.008921,0.113075,0.002000
2,0.005119,0.030071,0.085256,0.002000
2,0.025496,0.033125,0.111992,0.002000
2,0.013553,0.046547,0.085216,0.002000
2,0.012274,0.011770,0.111827,0.002000
2,0.035455,0.032884,0.091417,0.002000
2,0.022375,0.004840,0.087024,0.002000
2,0.038209,0.004496,0.087940,0.002000
2,0.002974,0.043470,0.090960,0.002000
2,0.011409,0.007599,0.091393,0.002000
2,0.041302,0.012363,0.114864,0.002000
2,0.044184,0.038940,0.114585,0.002000
2,0.015022,0.043559,0.087292,0.002000
2,0.027989,0.035744,0.110411,0.002000
2,0.047262,0.041064,0.088837,0.002000
2,0.005650,0.038992,0.089433,0.002000
2,0.039150,0.008868,0.089782,0.002000
2,0.029272,0.017113,0.090849,0.002000
2,0.023703,0.046057,0.112830,0.002000
2,0.040351,0.027101,0.091285,0.002000
2,0.004790,0.001347,0.089617,0.002000
2,0.020667,0.005028,0.090749,0.002000
2,0.034689,0.048959,0.085401,0.002000
2,0.010636,0.048634,0.089578,0.002000
2,0.035951,0.047126,0.090127,0.002000
2,0.021337,0.008734,0.093177,0.002000
2,0.005429,0.017381,0.089516,0.002000
2,0.024680,0.015380,0.114059,0.002000
2,0.034073,0.029209,0.089445,0.002000
2,0.019549,0.009275,0.109789,0.002000
2,0.006447,0.029011,0.112127,0.002000
2,0.016213,0.024559,0.087384,0.002000
2,0.014089,0.043985,0.091157,0.002000
2,0.028489,0.044067,0.091520,0.002000
2,0.034379,0.016927,0.091010,0.002000
2,0.047844,0.037844,0.086629,0.002000
2,0.021475,0.022736,0.090458,0.002000
2,0.010723,0.006399,0.087718,0.002000
2,0.018731,0.042478,0.086332,0.002000
2,0.021208,0.023546,0.086627,0.002000
2,0.008913,0.033200,0.089337,0.002000
2,0.018252,0.025625,0.090429,0.002000
2,0.039067,0.032340,0.110984,0.002000
2,0.040645,0.031827,0.085111,0.002000
2,0.025093,0.014534,0.091168,0.002000
2,0.045947,0.048948,0.090684,0.002000
2,0.017928,0.014139,0.112130,0.002000
2,0.018588,0.006175,0.087207,0.002000
2,0.006350,0.031463,0.114997,0.002000
2,0.041628,0.005340,0.089684,0.002000
2,0.048847,0.016317,0.114672,0.002000
2,0.015533,0.022010,0.090203,0.002000
2,0.005693,0.021789,0.089214,0.002000
2,0.005015,0.042525,0.087680,0.002000
2,0.023362,0.036262,0.085159,0.002000
2,0.036121,0.021635,0.087278,0.002000
2,0.039726,0.036326,0.089307,0.002000
2,0.026895,0.048743,0.090999,0.002000
2,0.025585,0.029905,0.088834,0.002000
2,0.033184,0.022898,0.112807,0.002000
2,0.008999,0.039843,0.109177,0.002000
2,0.028883,0.026554,0.088899,0.002000
2,0.004897,0.012671,0.092173,0.002000
2,0.011442,0.048284,0.093358,0.002000
2,0.007017,0.005368,0.088571,0.002000
2,0.024181,0.036483,0.088956,0.002000
2,0.021258,0.046884,0.090223,0.002000
2,0.022183,0.039580,0.090409,0.002000
2,0.030667,0.034481,0.085452,0.002000
2,0.033636,0.003438,0.087099,0.002000
2,0.038340,0.032485,0.114896,0.002000
2,0.021482,0.008313,0.088762,0.002000
2,0.022933,0.018335,0.090426,0.002000
2,0.014842,0.036470,0.089651,0.002000
2,0.027619,0.009545,0.087529,0.002000
2,0.011893,0.017666,0.112955,0.002000
2,0.031655,0.001308,0.089749,0.002000
2,0.043728,0.001381,0.085371,0.002000
2,0.002630,0.035758,0.088986,0.002000
2,0.031178,0.007850,0.087120,0.002000
2,0.003148,0.026282,0.090529,0.002000
2,0.002964,0.031360,0.100292,0.002000
2,0.028880,0.006010,0.089639,0.002000
2,0.012242,0.039932,0.114909,0.002000
2,0.006446,0.045076,0.112815,0.002000
2,0.040242,0.009621,0.112219,0.002000
2,0.017532,0.047678,0.091382,0.002000
2,0.001434,0.024845,0.097851,0.002000
2,0.030553,0.042674,0.111022,0.002000
2,0.009018,0.041769,0.088682,0.002000
2,0.012605,0.005855,0.112549,0.002000
2,0.037991,0.036057,0.113265,0.002000
2,0.015186,0.011818,0.093287,0.002000
2,0.035483,0.000595,0.110848,0.002000
2,0.021255,0.029508,0.090026,0.002000
2,0.015899,0.016252,0.090224,0.002000
2,0.019431,0.027884,0.112812,0.002000
2,0.022906,0.027037,0.087513,0.002000
2,0.013357,0.028941,0.086202,0.002000
2,0.011780,0.002851,0.086282,0.002000
2,0.045044,0.026758,0.089735,0.002000
2,0.023239,0.009517,0.085417,0.002000
2,0.048817,0.018104,0.111212,0.002000
2,0.025811,0.026803,0.107462,0.002000
2,0.021643,0.011883,0.090448,0.002000
2,0.015295,0.037265,0.085807,0.002000
2,0.001403,0.002823,0.091001,0.002000
2,0.026666,0.038938,0.090553,0.002000
2,0.017491,0.033568,0.089153,0.002000
2,0.036632,0.039170,0.086513,0.002000
2,0.048930,0.043766,0.091128,0.002000
2,0.036088,0.031237,0.086214,0.002000
2,0.007548,0.001846,0.086864,0.002000
2,0.033703,0.042667,0.114847,0.002000
2,0.007167,0.012942,0.088974,0.002000
2,0.044761,0.044200,0.113780,0.002000
2,0.043647,0.035890,0.089265,0.002000
2,0.029916,0.020009,0.085739,0.002000
2,0.019103,0.047732,0.114925,0.002000
2,0.015485,0.008463,0.088403,0.002000
2,0.030436,0.016346,0.087236,0.002000
2,0.026809,0.033800,0.086199,0.002000
2,0.045026,0.002587,0.113145,0.002000
2,0.004195,0.009449,0.089371,0.002000
2,0.048358,0.000611,0.085341,0.002000
2,0.018623,0.039129,0.088702,0.002000
2,0.026172,0.005992,0.086706,0.002000
2,0.047971,0.032823,0.113649,0.002000
2,0.021756,0.045362,0.086631,0.002000
2,0.031923,0.030190,0.086302,0.002000
2,0.044415,0.024497,0.086561,0.002000
2,0.006551,0.019013,0.086239,0.002000
2,0.010761,0.014489,0.088763,0.002000
2,0.016414,0.019600,0.087164,0.002000
2,0.015772,0.015105,0.086367,0.002000
2,0.033082,0.013770,0.089015,0.002000
2,0.039293,0.020663,0.085099,0.002000
2,0.014399,0.047468,0.089004,0.002000
2,0.042484,0.023778,0.090408,0.002000
2,0.009914,0.018843,0.088342,0.002000
2,0.035999,0.025723,0.089354,0.002000
2,0.015839,0.001465,0.112912,0.002000
2,0.022180,0.033929,0.110335,0.002000
2,0.001235,0.035165,0.092575,0.002000
2,0.042446,0.016935,0.090211,0.002000
2,0.020216,0.032198,0.085430,0.002000
2,0.003422,0.019916,0.110019,0.002000
2,0.005627,0.028051,0.105423,0.002000
2,0.008530,0.012553,0.109806,0.002000
2,0.030227,0.011488,0.107469,0.002000
2,0.042275,0.028751,0.114512,0.002000
2,0.022563,0.016967,0.085167,0.002000
2,0.048176,0.002155,0.088882,0.002000
2,0.011054,0.010245,0.088668,0.002000
2,0.045595,0.007305,0.085029,0.002000
2,0.005109,0.040920,0.112766,0.002000
2,0.012977,0.017931,0.085998,0.002000
2,0.007889,0.019575,0.091673,0.002000
2,0.032879,0.037167,0.088628,0.002000
2,0.043962,0.048698,0.110335,0.002000
2,0.002455,0.013517,0.112463,0.002000
2,0.010280,0.048773,0.085523,0.002000
2,0.047266,0.047957,0.112336,0.002000
2,0.036595,0.027024,0.093055,0.002000
2,0.025396,0.002988,0.114980,0.002000
2,0.047760,0.030550,0.087434,0.002000
2,0.000460,0.029576,0.111350,0.002000
2,0.018432,0.013479,0.091921,0.002000
2,0.016523,0.038315,0.112798,0.002000
2,0.037743,0.049330,0.114351,0.002000
2,0.028954,0.031885,0.110686,0.002000
2,0.021280,0.013615,0.086888,0.002000
2,0.043409,0.010060,0.088353,0.002000
2,0.019595,0.016649,0.114860,0.002000
2,0.005830,0.001936,0.114918,0.002000
2,0.043261,0.023046,0.110173,0.002000
2,0.026901,0.007097,0.114889,0.002000
2,0.005447,0.006697,0.114733,0.002000
2,0.021318,0.043241,0.091760,0.002000
2,0.023895,0.042776,0.088780,0.002000
2,0.019736,0.016219,0.089397,0.002000
2,0.003334,0.043754,0.114871,0.002000
2,0.017885,0.006007,0.093348,0.002000
2,0.030062,0.008726,0.112753,0.002000
2,0.011565,0.021191,0.114871,0.002000
2,0.043840,0.008895,0.113947,0.002000
2,0.043986,0.019244,0.111818,0.002000
2,0.032060,0.025456,0.086832,0.002000
2,0.048832,0.025617,0.111899,0.002000
2,0.011537,0.022930,0.111191,0.002000
2,0.046052,0.016528,0.091590,0.002000
2,0.009431,0.025893,0.112788,0.002000
2,0.010510,0.001972,0.111825,0.002000
2,0.039870,0.015333,0.112683,0.002000
2,0.005843,0.033731,0.091744,0.002000
2,0.040485,0.004024,0.111716,0.002000
2,0.004946,0.026163,0.114639,0.002000
2,0.023982,0.008480,0.112727,0.002000
2,0.037277,0.035586,0.108507,0.002000
2,0.024727,0.012111,0.088107,0.002000
2,0.044638,0.033377,0.092116,0.002000
2,0.014026,0.006347,0.085509,0.002000
2,0.043865,0.030211,0.088130,0.002000
2,0.002035,0.028863,0.087705,0.002000
2,0.011465,0.032135,0.106697,0.002000
2,0.024058,0.020734,0.086332,0.002000
2,0.035741,0.039268,0.113214,0.002000
2,0.041896,0.006312,0.085940,0.002000
2,0.009740,0.005230,0.114993,0.002000
2,0.024943,0.007606,0.090528,0.002000
2,0.047607,0.046252,0.088360,0.002000
2,0.009467,0.045487,0.087565,0.002000
2,0.037015,0.018818,0.111511,0.002000
2,0.046552,0.008683,0.108337,0.002000
2,0.001072,0.006730,0.090313,0.002000
2,0.041990,0.047289,0.087921,0.002000
2,0.019639,0.005702,0.111533,0.002000
2,0.016412,0.005321,0.113749,0.002000
2,0.040982,0.009611,0.107269,0.002000
2,0.026369,0.040324,0.086864,0.002000
2,0.020226,0.037032,0.114319,0.002000
2,0.022835,0.030622,0.113572,0.002000
2,0.018748,0.018894,0.111003,0.002000
2,0.032317,0.012710,0.111029,0.002000
2,0.022760,0.026065,0.111700,0.002000
2,0.020497,0.003161,0.114459,0.002000
2,0.044936,0.004316,0.087708,0.002000
2,0.000265,0.046225,0.110404,0.002000
2,0.012392,0.036349,0.113229,0.002000
2,0.025175,0.023299,0.089169,0.002000
2,0.047966,0.031425,0.091208,0.002000
2,0.009934,0.044761,0.092261,0.002000
2,0.043983,0.014433,0.087590,0.002000
2,0.030838,0.034891,0.112962,0.002000
2,0.047848,0.037224,0.111181,0.002000
2,0.011217,0.009595,0.108207,0.002000
2,0.035948,0.009231,0.112178,0.002000
2,0.003730,0.047835,0.111324,0.002000
2,0.027363,0.047247,0.113739,0.002000
2,0.026146,0.020362,0.114916,0.002000
2,0.047011,0.019852,0.114838,0.002000
2,0.038204,0.017667,0.090673,0.002000
2,0.040427,0.021992,0.112516,0.002000
2,0.029728,0.025794,0.110218,0.002000
2,0.028964,0.031995,0.088929,0.002000
2,0.022298,0.011713,0.111213,0.002000
2,0.009629,0.028191,0.100592,0.002000
2,0.007694,0.048456,0.114544,0.002000
2,0.030966,0.045553,0.113677,0.002000
2,0.046294,0.041616,0.111219,0.002000
2,0.022131,0.040519,0.112145,0.002000
2,0.012976,0.032302,0.114539,0.002000
2,0.037728,0.006583,0.110051,0.002000
2,0.010963,0.047669,0.112267,0.002000
2,0.033530,0.043287,0.090907,0.002000
2,0.028971,0.037241,0.087780,0.002000
2,0.007948,0.022219,0.113562,0.002000
2,0.008760,0.036881,0.111810,0.002000
2,0.017235,0.041932,0.111573,0.002000
2,0.046030,0.029542,0.112655,0.002000
2,0.009066,0.041286,0.112871,0.002000
2,0.004387,0.023135,0.112101,0.002000
2,0.028576,0.012658,0.089805,0.002000
2,0.015643,0.035220,0.114991,0.002000
2,0.033418,0.004513,0.111749,0.002000
2,0.038555,0.008277,0.085287,0.002000
2,0.028877,0.005186,0.111335,0.002000
2,0.009282,0.033237,0.113240,0.002000
2,0.042215,0.004726,0.114970,0.002000
2,0.031831,0.015861,0.114995,0.002000
2,0.027163,0.032055,0.115069,0.002000
2,0.043330,0.016640,0.114998,0.002000
2,0.046576,0.026382,0.114974,0.002000
2,0.049669,0.011988,0.114801,0.002000
2,0.018927,0.008297,0.114980,0.002000
2,0.004940,0.015528,0.114835,0.002000
2,0.027418,0.039590,0.111208,0.002000
2,0.018937,0.040205,0.092553,0.002000
2,0.046680,0.005743,0.110979,0.002000
2,0.047856,0.040447,0.114691,0.002000
2,0.032726,0.026020,0.114967,0.002000
2,0.009479,0.022275,0.094077,0.002000
2,0.019405,0.045134,0.112161,0.002000
2,0.031753,0.000030,0.111797,0.002000
2,0.004012,0.024641,0.087094,0.002000
2,0.030041,0.042591,0.088252,0.002000
2,0.013907,0.032470,0.087958,0.002000
2,0.044043,0.013172,0.106922,0.002000
2,0.024711,0.011536,0.114965,0.002000
2,0.031343,0.031521,0.114901,0.002000
2,0.022694,0.042981,0.114947,0.002000
2,0.009300,0.035860,0.106396,0.002000
2,0.000604,0.006952,0.114948,0.002000
2,0.036333,0.002542,0.090834,0.002000
2,0.003299,0.026826,0.111119,0.002000
2,0.024901,0.000944,0.111596,0.002000
2,0.016282,0.029070,0.114929,0.002000
2,0.040225,0.024900,0.114964,0.002000
2,0.016901,0.043985,0.114966,0.002000
2,0.016688,0.023462,0.114965,0.002000
2,0.005312,0.029188,0.092078,0.002000
2,0.003320,0.003658,0.112340,0.002000
2,0.034091,0.044417,0.094645,0.002000
2,0.047495,0.036483,0.114941,0.002000
2,0.004635,0.005706,0.091678,0.002000
2,0.025904,0.043209,0.111363,0.002000
2,0.024180,0.038007,0.108715,0.002000
2,0.033794,0.022407,0.090388,0.002000
2,0.041741,0.012344,0.109971,0.002000
2,0.024862,0.026866,0.114897,0.002000
2,0.042834,0.028606,0.110548,0.002000
2,0.023207,0.034494,0.114899,0.002000
2,0.012818,0.002751,0.114946,0.002000
2,0.008954,0.007323,0.110490,0.002000
2,0.015629,0.016763,0.114907,0.002000
2,0.048520,0.045063,0.114712,0.002000
2,0.023391,0.049264,0.114902,0.002000
2,0.034742,0.039496,0.091224,0.002000
2,0.049270,0.018595,0.092619,0.002000
2,0.032624,0.013324,0.104464,0.002000
2,0.030401,0.005200,0.114908,0.002000
2,0.027613,0.036976,0.114869,0.002000
2,0.025565,0.033508,0.108280,0.002000
2,0.006540,0.037888,0.114867,0.002000
2,0.027143,0.041790,0.114870,0.002000
2,0.030162,0.002706,0.108627,0.002000
2,0.002164,0.030013,0.114851,0.002000
2,0.012660,0.014933,0.092022,0.002000
2,0.013360,0.009011,0.114849,0.002000
2,0.041453,0.017495,0.109292,0.002000
2,0.002263,0.048527,0.114862,0.002000
2,0.011264,0.044380,0.114862,0.002000
2,0.009637,0.009505,0.113643,0.002000
2,0.039883,0.024626,0.087580,0.002000
2,0.015276,0.035025,0.110874,0.002000
2,0.036873,0.011488,0.115041,0.002000
2,0.048940,0.033631,0.109891,0.002000
2,0.016998,0.048100,0.111238,0.002000
2,0.025965,0.022446,0.111547,0.002000
2,0.023402,0.004571,0.112126,0.002000
2,0.043699,0.032486,0.114877,0.002000
2,0.038769,0.007268,0.114890,0.002000
2,0.009731,0.029483,0.114459,0.002000
2,0.021377,0.016066,0.110231,0.002000
2,0.002021,0.031958,0.090070,0.002000
2,0.009349,0.019262,0.110427,0.002000
2,0.022738,0.023592,0.114775,0.002000
2,0.002734,0.018536,0.113636,0.002000
2,0.023177,0.020719,0.097486,0.002000
2,0.028716,0.027736,0.114844,0.002000
2,0.037731,0.013935,0.091952,0.002000
2,0.015249,0.017112,0.110992,0.002000
2,0.011585,0.014273,0.114878,0.002000
2,0.033776,0.043902,0.107990,0.002000
2,0.034865,0.019473,0.114844,0.002000
2,0.036617,0.023028,0.114793,0.002000
2,0.014167,0.044377,0.112213,0.002000
2,0.000318,0.002835,0.114899,0.002000
2,0.014838,0.024913,0.111888,0.002000
2,0.041613,0.035894,0.114839,0.002000
2,0.002857,0.032752,0.111171,0.002000
2,0.045278,0.012480,0.114839,0.002000
2,0.043355,0.029609,0.091860,0.002000
2,0.008470,0.005519,0.092940,0.002000
2,0.008535,0.015741,0.112092,0.002000
2,0.027485,0.002589,0.091738,0.002000
2,0.043707,0.015306,0.111507,0.002000
2,0.013336,0.029085,0.112319,0.002000
2,0.006307,0.013500,0.106302,0.002000
2,0.043512,0.018760,0.101436,0.002000
2,0.035802,0.015308,0.114817,0.002000
2,0.031872,0.011506,0.114876,0.002000
2,0.043207,0.040362,0.089316,0.002000
2,0.046969,0.037871,0.091078,0.002000
2,0.043180,0.048716,0.114168,0.002000
2,0.019286,0.040867,0.114821,0.002000
2,0.025752,0.041723,0.093063,0.002000
2,0.007695,0.008990,0.091184,0.002000
2,0.023449,0.023604,0.108783,0.002000
2,0.026516,0.028921,0.111735,0.002000
2,0.016289,0.021853,0.110056,0.002000
2,0.034075,0.047822,0.114596,0.002000
2,0.033367,0.007819,0.114777,0.002000
2,0.013397,0.014164,0.095773,0.002000
2,0.049560,0.001110,0.111493,0.002000
2,0.001237,0.008156,0.111351,0.002000
2,0.001269,0.038427,0.114817,0.002000
2,0.012449,0.041142,0.093947,0.002000
2,0.003406,0.037556,0.111661,0.002000
2,0.042596,0.034105,0.111484,0.002000
2,0.037772,0.025380,0.111901,0.002000
2,0.028712,0.001823,0.113376,0.002000
2,0.025713,0.018345,0.111648,0.002000
2,0.003750,0.034481,0.114556,0.002000
2,0.038273,0.015161,0.097353,0.002000
2,0.032287,0.017223,0.111411,0.002000
2,0.008517,0.018539,0.114898,0.002000
2,0.013120,0.040067,0.111071,0.002000
2,0.015113,0.020305,0.113349,0.002000
2,0.015154,0.047472,0.114631,0.002000
2,0.005470,0.022356,0.093090,0.002000
2,0.020662,0.020333,0.114170,0.002000
2,0.047137,0.002026,0.092809,0.002000
2,0.041713,0.045826,0.111829,0.002000
2,0.031052,0.004227,0.092322,0.002000
2,0.026876,0.010996,0.111797,0.002000
2,0.040045,0.018871,0.114821,0.002000
2,0.002462,0.015765,0.091551,0.002000
2,0.036848,0.013046,0.111489,0.002000
2,0.016512,0.008992,0.112209,0.002000
2,0.005674,0.020177,0.106217,0.002000
2,0.036824,0.003823,0.114110,0.002000
2,0.038274,0.041601,0.115000,0.002000
2,0.004010,0.038464,0.092900,0.002000
2,0.028951,0.013876,0.113372,0.002000
2,0.037727,0.045623,0.109683,0.002000
2,0.006121,0.041274,0.098629,0.002000
2,0.030898,0.019661,0.114774,0.002000
2,0.015747,0.012202,0.114832,0.002000
2,0.007254,0.004210,0.112225,0.002000
2,0.024070,0.004364,0.092626,0.002000
2,0.042084,0.011944,0.091491,0.002000
2,0.040724,0.038891,0.091969,0.002000
2,0.036904,0.045385,0.105863,0.002000
2,0.039795,0.023791,0.093306,0.002000
2,0.042379,0.001442,0.089861,0.002000
2,0.028589,0.016106,0.110209,0.002000
2,0.034281,0.040401,0.109790,0.002000
2,0.034165,0.035355,0.114986,0.002000
2,0.034483,0.036080,0.111288,0.002000
2,0.012794,0.026030,0.114911,0.002000
2,0.017171,0.032254,0.112944,0.002000
2,0.034933,0.030705,0.113517,0.002000
2,0.007273,0.012351,0.114864,0.002000
2,0.000783,0.021978,0.113597,0.002000
2,0.030538,0.039505,0.090677,0.002000
2,0.023423,0.049712,0.092556,0.002000
2,0.044160,0.007918,0.091506,0.002000
2,0.015506,0.032876,0.092403,0.002000
2,0.021409,0.025983,0.092656,0.002000
2,0.014512,0.005204,0.091479,0.002000
2,0.011935,0.023235,0.091237,0.002000
2,0.029924,0.009457,0.091721,0.002000
2,0.037129,0.036497,0.092291,0.002000
2,0.014020,0.026713,0.092176,0.002000
2,0.001292,0.011133,0.091438,0.002000
2,0.042794,0.015167,0.093635,0.002000
2,0.006594,0.042081,0.091695,0.002000
2,0.031662,0.031386,0.091669,0.002000
2,0.024914,0.026702,0.091084,0.002000
2,0.044246,0.045341,0.090493,0.002000
2,0.027514,0.035137,0.091352,0.002000
2,0.011333,0.010996,0.093338,0.002000
2,0.018541,0.030365,0.092688,0.002000
2,0.008346,0.036958,0.091497,0.002000
2,0.004308,0.047610,0.092777,0.002000
2,0.028045,0.013578,0.093620,0.002000
2,0.030689,0.000600,0.093861,0.002000
2,0.036122,0.008696,0.092323,0.002000
2,0.047725,0.013289,0.089975,0.002000
2,0.025542,0.020310,0.092681,0.002000
2,0.011080,0.034237,0.092538,0.002000
2,0.031631,0.019836,0.092510,0.002000
2,0.003087,0.031934,0.093873,0.002000
2,0.018594,0.019842,0.091298,0.002000
2,0.028523,0.022059,0.094979,0.002000
2,0.032947,0.025961,0.091843,0.002000
2,0.018292,0.035988,0.093088,0.002000
2,0.031680,0.015132,0.093129,0.002000
2,0.038485,0.031835,0.093676,0.002000
2,0.028826,0.047089,0.093950,0.002000
2,0.019785,0.016792,0.093498,0.002000
2,0.046663,0.028939,0.093895,0.002000
2,0.000670,0.048938,0.092036,0.002000
2,0.012786,0.019363,0.091188,0.002000
2,0.013963,0.008150,0.094306,0.002000
2,0.041347,0.042772,0.092486,0.002000
2,0.028393,0.038089,0.093983,0.002000
2,0.040792,0.012283,0.095256,0.002000
2,0.037378,0.046552,0.093926,0.002000
2,0.033611,0.011742,0.093624,0.002000
2,0.010523,0.017649,0.093949,0.002000
2,0.012819,0.036547,0.095474,0.002000
2,0.010426,0.026112,0.093753,0.002000
2,0.027777,0.006514,0.093313,0.002000
2,0.005775,0.003051,0.094338,0.002000
2,0.000201,0.029818,0.095413,0.002000
2,0.020620,0.003318,0.094309,0.002000
2,0.015263,0.017718,0.093792,0.002000
2,0.045187,0.037253,0.094491,0.002000
2,0.007416,0.040284,0.094993,0.002000
2,0.017818,0.026126,0.094216,0.002000
2,0.048138,0.005396,0.094591,0.002000
2,0.031274,0.041760,0.093757,0.002000
2,0.036691,0.021393,0.092792,0.002000
2,0.031646,0.003785,0.096081,0.002000
2,0.006655,0.022215,0.096737,0.002000
2,0.023406,0.023109,0.094421,0.002000
2,0.037093,0.010997,0.095352,0.002000
2,0.025549,0.010516,0.093562,0.002000
2,0.000970,0.045492,0.094016,0.002000
2,0.022821,0.014440,0.094572,0.002000
2,0.001476,0.037436,0.095698,0.002000
2,0.040844,0.008750,0.093471,0.002000
2,0.038153,0.040024,0.094635,0.002000
2,0.020421,0.020502,0.094707,0.002000
2,0.017826,0.030185,0.096405,0.002000
2,0.043737,0.003933,0.092626,0.002000
2,0.044041,0.026426,0.095248,0.002000
2,0.001826,0.003273,0.094812,0.002000
2,0.026833,0.032449,0.094178,0.002000
2,0.042798,0.021391,0.096176,0.002000
2,0.049036,0.014790,0.094341,0.002000
2,0.039363,0.030635,0.097273,0.002000
2,0.021369,0.043032,0.095606,0.002000
2,0.018158,0.010547,0.095515,0.002000
2,0.016149,0.042470,0.094208,0.002000
2,0.023209,0.029575,0.093985,0.002000
2,0.015191,0.033161,0.096214,0.002000
2,0.015942,0.046393,0.094699,0.002000
2,0.046013,0.011369,0.092999,0.002000
2,0.016186,0.002116,0.093268,0.002000
2,0.011884,0.003756,0.093950,0.002000
2,0.009526,0.014042,0.095188,0.002000
2,0.030535,0.024596,0.097201,0.002000
2,0.042454,0.031282,0.095158,0.002000
2,0.032387,0.036725,0.092877,0.002000
2,0.021345,0.046765,0.094193,0.002000
2,0.042493,0.047245,0.093513,0.002000
2,0.032987,0.023056,0.094480,0.002000
2,0.004596,0.008872,0.094065,0.002000
2,0.032637,0.028926,0.094380,0.002000
2,0.025260,0.026429,0.095312,0.002000
2,0.003868,0.042014,0.094620,0.002000
2,0.039974,0.009029,0.097327,0.002000
2,0.048061,0.033738,0.094457,0.002000
2,0.046661,0.045679,0.093888,0.002000
2,0.006351,0.026041,0.094257,0.002000
2,0.001630,0.026297,0.094208,0.002000
2,0.041908,0.035060,0.094455,0.002000
2,0.012391,0.044775,0.095392,0.002000
2,0.025543,0.035910,0.095666,0.002000
2,0.030585,0.033658,0.094671,0.002000
2,0.038832,0.026274,0.096201,0.002000
2,0.022531,0.036958,0.093344,0.002000
2,0.039534,0.049342,0.095770,0.002000
2,0.010643,0.039454,0.097052,0.002000
2,0.009613,0.029990,0.093403,0.002000
2,0.039976,0.002203,0.093083,0.002000
2,0.008566,0.009924,0.095888,0.002000
2,0.008340,0.035943,0.095295,0.002000
2,0.042451,0.014279,0.103042,0.002000
2,0.035065,0.016318,0.094877,0.002000
2,0.013603,0.021238,0.094614,0.002000
2,0.039531,0.017161,0.094352,0.002000
2,0.026453,0.043856,0.096245,0.002000
2,0.022616,0.006011,0.096417,0.002000
2,0.048047,0.022338,0.096069,0.002000
2,0.031797,0.047689,0.096305,0.002000
2,0.028368,0.017728,0.094690,0.002000
2,0.045629,0.017162,0.095308,0.002000
2,0.041193,0.005278,0.095277,0.002000
2,0.014777,0.027503,0.096167,0.002000
2,0.045303,0.042021,0.093102,0.002000
2,0.021346,0.000115,0.096524,0.002000
2,0.002113,0.012436,0.095044,0.002000
2,0.016788,0.022928,0.096254,0.002000
2,0.031872,0.007566,0.094814,0.002000
2,0.004969,0.017574,0.094897,0.002000
2,0.041707,0.038747,0.095797,0.002000
2,0.002457,0.021735,0.095618,0.002000
2,0.015151,0.039534,0.096854,0.002000
2,0.048180,0.001932,0.096624,0.002000
2,0.004166,0.005872,0.096604,0.002000
2,0.013133,0.017875,0.097601,0.002000
2,0.023758,0.035591,0.105536,0.002000
2,0.001547,0.048947,0.095863,0.002000
2,0.028158,0.028935,0.095989,0.002000
2,0.036041,0.015082,0.105523,0.002000
2,0.044592,0.047939,0.096736,0.002000
2,0.034359,0.031889,0.096325,0.002000
2,0.009556,0.019559,0.097228,0.002000
2,0.013505,0.000678,0.095825,0.002000
2,0.044787,0.034644,0.097432,0.002000
2,0.043554,0.002192,0.096107,0.002000
2,0.045272,0.008269,0.095349,0.002000
2,0.023640,0.039838,0.095772,0.002000
2,0.045964,0.013293,0.096383,0.002000
2,0.032531,0.036416,0.096824,0.002000
2,0.038781,0.021113,0.096115,0.002000
2,0.007684,0.049302,0.095316,0.002000
2,0.037827,0.043457,0.096391,0.002000
2,0.035428,0.002400,0.095602,0.002000
2,0.042484,0.043941,0.096008,0.002000
2,0.008167,0.028502,0.096733,0.002000
2,0.049002,0.018522,0.096684,0.002000
2,0.042216,0.017630,0.097228,0.002000
2,0.038100,0.035198,0.096103,0.002000
2,0.011498,0.030453,0.096816,0.002000
2,0.010862,0.006709,0.096285,0.002000
2,0.032960,0.001569,0.106072,0.002000
2,0.002339,0.040527,0.097876,0.002000
2,0.021021,0.033008,0.094338,0.002000
2,0.000955,0.041682,0.105225,0.002000
2,0.021445,0.026927,0.096398,0.002000
2,0.006333,0.032617,0.096056,0.002000
2,0.006945,0.045417,0.094773,0.002000
2,0.002974,0.034215,0.097355,0.002000
2,0.038429,0.012809,0.107681,0.002000
2,0.044482,0.049841,0.104829,0.002000
2,0.030349,0.043964,0.096778,0.002000
2,0.013419,0.049169,0.109519,0.002000
2,0.038769,0.003209,0.097560,0.002000
2,0.035480,0.006512,0.096331,0.002000
2,0.047878,0.039191,0.107711,0.002000
2,0.027866,0.048520,0.105646,0.002000
2,0.048752,0.045974,0.097193,0.002000
2,0.004303,0.028907,0.097240,0.002000
2,0.034400,0.040205,0.095761,0.002000
2,0.045362,0.040541,0.096738,0.002000
2,0.018390,0.044250,0.108561,0.002000
2,0.012375,0.007007,0.105472,0.002000
2,0.007504,0.031620,0.106701,0.002000
2,0.026327,0.008029,0.096531,0.002000
2,0.018974,0.038722,0.096157,0.002000
2,0.035708,0.028126,0.105370,0.002000
2,0.021993,0.010930,0.096424,0.002000
2,0.034993,0.020080,0.096119,0.002000
2,0.034767,0.047755,0.108230,0.002000
2,0.024497,0.002486,0.096059,0.002000
2,0.044477,0.037852,0.105611,0.002000
2,0.017105,0.040874,0.107161,0.002000
2,0.005218,0.037485,0.097762,0.002000
2,0.002004,0.033684,0.107269,0.002000
2,0.036756,0.000464,0.106203,0.002000
2,0.033546,0.036728,0.107647,0.002000
2,0.001416,0.029688,0.105882,0.002000
2,0.013629,0.011982,0.106217,0.002000
2,0.020984,0.016714,0.097254,0.002000
2,0.015538,0.009719,0.103569,0.002000
2,0.044826,0.030637,0.098088,0.002000
2,0.045925,0.032747,0.105506,0.002000
2,0.011317,0.026215,0.097634,0.002000
2,0.022834,0.002106,0.106714,0.002000
2,0.032282,0.028048,0.098030,0.002000
2,0.028012,0.035011,0.105120,0.002000
2,0.008426,0.001923,0.108467,0.002000
2,0.010198,0.002949,0.105192,0.002000
2,0.042269,0.024655,0.098162,0.002000
2,0.015151,0.045624,0.098436,0.002000
2,0.048263,0.036469,0.097767,0.002000
2,0.031258,0.013276,0.096449,0.002000
2,0.020548,0.006278,0.106385,0.002000
2,0.031441,0.015268,0.107670,0.002000
2,0.026942,0.031241,0.105506,0.002000
2,0.047157,0.048911,0.108025,0.002000
2,0.011944,0.033999,0.098297,0.002000
2,0.024099,0.046926,0.096971,0.002000
2,0.031562,0.023452,0.107591,0.002000
2,0.044681,0.041575,0.107606,0.002000
2,0.048030,0.043577,0.108308,0.002000
2,0.003615,0.045213,0.096949,0.002000
2,0.017382,0.017326,0.107616,0.002000
2,0.020444,0.039464,0.108949,0.002000
2,0.008487,0.031643,0.099163,0.002000
2,0.014647,0.035382,0.107006,0.002000
2,0.032569,0.045669,0.099484,0.002000
2,0.043331,0.006316,0.098429,0.002000
2,0.014465,0.043874,0.108351,0.002000
2,0.010524,0.047466,0.107477,0.002000
2,0.006764,0.026520,0.109168,0.002000
2,0.030801,0.041372,0.107305,0.002000
2,0.019040,0.045367,0.097755,0.002000
2,0.044228,0.046340,0.107215,0.002000
2,0.016899,0.019061,0.097069,0.002000
2,0.035628,0.047410,0.097170,0.002000
2,0.001613,0.008081,0.098669,0.002000
2,0.043541,0.038018,0.099147,0.002000
2,0.045360,0.044612,0.098704,0.002000
2,0.045737,0.035400,0.108373,0.002000
2,0.028584,0.038174,0.107371,0.002000
2,0.014878,0.004224,0.106703,0.002000
2,0.015531,0.034215,0.099920,0.002000
2,0.026156,0.012507,0.096933,0.002000
2,0.027060,0.038983,0.097634,0.002000
2,0.041175,0.046811,0.098316,0.002000
2,0.030778,0.033864,0.107754,0.002000
2,0.001699,0.026152,0.107614,0.002000
2,0.032681,0.018395,0.105561,0.002000
2,0.018061,0.026804,0.098427,0.002000
2,0.004415,0.019546,0.098364,0.002000
2,0.000142,0.028421,0.099025,0.002000
2,0.004594,0.001656,0.097794,0.002000
2,0.043873,0.020138,0.107689,0.002000
2,0.039148,0.040246,0.098376,0.002000
2,0.042397,0.033982,0.104316,0.002000
2,0.048660,0.006387,0.105934,0.002000
2,0.022479,0.030458,0.097809,0.002000
2,0.030249,0.031429,0.098044,0.002000
2,0.001589,0.003989,0.098983,0.002000
2,0.025825,0.032619,0.097972,0.002000
2,0.005140,0.010326,0.097762,0.002000
2,0.010893,0.047865,0.097250,0.002000
2,0.001602,0.040040,0.108781,0.002000
2,0.027882,0.046939,0.098222,0.002000
2,0.004232,0.015060,0.097872,0.002000
2,0.029030,0.029023,0.108026,0.002000
2,0.020205,0.023199,0.098196,0.002000
2,0.010947,0.003027,0.097758,0.002000
2,0.011426,0.004709,0.108590,0.002000
2,0.044028,0.027490,0.100164,0.002000
2,0.007552,0.025317,0.098882,0.002000
2,0.047377,0.005841,0.098431,0.002000
2,0.000821,0.020680,0.099350,0.002000
2,0.025118,0.010348,0.108315,0.002000
2,0.009199,0.043156,0.097071,0.002000
2,0.010500,0.041973,0.105860,0.002000
2,0.008692,0.037208,0.099633,0.002000
2,0.014283,0.029596,0.099378,0.002000
2,0.017549,0.002515,0.096902,0.002000
2,0.041085,0.034487,0.098646,0.002000
2,0.020421,0.035327,0.097457,0.002000
2,0.036032,0.029020,0.098474,0.002000
2,0.043587,0.010313,0.098242,0.002000
2,0.028116,0.007730,0.108450,0.002000
2,0.040454,0.020582,0.099629,0.002000
2,0.041243,0.024003,0.101907,0.002000
2,0.012637,0.032188,0.101791,0.002000
2,0.012105,0.018804,0.107584,0.002000
2,0.045789,0.020090,0.098448,0.002000
2,0.027842,0.003605,0.097905,0.002000
2,0.031519,0.017260,0.097014,0.002000
2,0.028450,0.043475,0.100110,0.002000
2,0.003473,0.026991,0.100514,0.002000
2,0.047849,0.003204,0.108209,0.002000
2,0.039884,0.026354,0.108788,0.002000
2,0.035045,0.010893,0.108773,0.002000
2,0.022441,0.020333,0.110682,0.002000
2,0.036317,0.024975,0.107638,0.002000
2,0.004460,0.023153,0.100023,0.002000
2,0.040106,0.027620,0.099620,0.002000
2,0.037649,0.041872,0.108394,0.002000
2,0.044657,0.000750,0.099587,0.002000
2,0.042033,0.030866,0.100900,0.002000
2,0.019939,0.008146,0.098377,0.002000
2,0.003905,0.008013,0.108577,0.002000
2,0.042445,0.002323,0.108875,0.002000
2,0.011650,0.022061,0.099402,0.002000
2,0.048603,0.041499,0.098758,0.002000
2,0.012638,0.037334,0.100142,0.002000
2,0.025933,0.003808,0.109107,0.002000
2,0.002681,0.048305,0.099515,0.002000
2,0.036008,0.037904,0.098528,0.002000
2,0.033052,0.033046,0.100111,0.002000
2,0.028302,0.028207,0.103592,0.002000
2,0.048265,0.002568,0.100565,0.002000
2,0.007596,0.006295,0.098386,0.002000
2,0.024918,0.015809,0.103209,0.002000
2,0.041685,0.014252,0.099146,0.002000
2,0.034571,0.049038,0.100412,0.002000
2,0.016209,0.013487,0.102534,0.002000
2,0.030389,0.026444,0.100904,0.002000
2,0.039926,0.048798,0.108818,0.002000
2,0.016789,0.007704,0.106694,0.002000
2,0.034236,0.005520,0.104150,0.002000
2,0.007254,0.046917,0.098391,0.002000
2,0.048031,0.045961,0.105184,0.002000
2,0.018479,0.049078,0.099015,0.002000
2,0.004629,0.044375,0.100662,0.002000
2,0.025055,0.023320,0.104477,0.002000
2,0.026040,0.038069,0.103562,0.002000
2,0.045178,0.041253,0.100702,0.002000
2,0.023259,0.015398,0.106837,0.002000
2,0.030135,0.022499,0.100791,0.002000
2,0.018642,0.033694,0.107667,0.002000
2,0.000558,0.034535,0.100390,0.002000
2,0.041527,0.002952,0.100684,0.002000
2,0.044068,0.022493,0.104148,0.002000
2,0.046264,0.014695,0.104143,0.002000
2,0.004612,0.006121,0.100974,0.002000
2,0.046025,0.035562,0.102745,0.002000
2,0.000961,0.023011,0.109809,0.002000
2,0.045222,0.023430,0.100494,0.002000
2,0.010204,0.024279,0.102293,0.002000
2,0.048300,0.038377,0.101173,0.002000
2,0.040982,0.034194,0.107948,0.002000
2,0.024619,0.049884,0.099506,0.002000
2,0.045535,0.007413,0.101498,0.002000
2,0.040433,0.023744,0.105850,0.002000
2,0.015582,0.011685,0.109637,0.002000
2,0.013014,0.014557,0.109119,0.002000
2,0.035376,0.015994,0.109311,0.002000
2,0.032690,0.034685,0.104393,0.002000
2,0.047389,0.026577,0.108393,0.002000
2,0.028731,0.020215,0.104600,0.002000
2,0.045553,0.012429,0.100975,0.002000
2,0.004612,0.030107,0.108807,0.002000
2,0.011259,0.027325,0.108662,0.002000
2,0.041032,0.044479,0.105894,0.002000
2,0.022860,0.031745,0.106055,0.002000
2,0.044892,0.005210,0.106477,0.002000
2,0.044124,0.038452,0.110257,0.002000
2,0.043567,0.009616,0.104247,0.002000
2,0.023560,0.026092,0.099645,0.002000
2,0.009237,0.030939,0.103342,0.002000
2,0.032869,0.028488,0.107883,0.002000
2,0.043297,0.027144,0.103859,0.002000
2,0.024445,0.003057,0.103366,0.002000
2,0.033148,0.047828,0.104595,0.002000
2,0.014529,0.031433,0.109341,0.002000
2,0.032128,0.026663,0.104507,0.002000
2,0.001503,0.018870,0.106657,0.002000
2,0.004732,0.016333,0.111007,0.002000
2,0.032900,0.019870,0.099696,0.002000
2,0.038060,0.002857,0.108950,0.002000
2,0.041075,0.009407,0.101139,0.002000
2,0.037342,0.005260,0.100616,0.002000
2,0.019512,0.015192,0.101079,0.002000
2,0.028936,0.024165,0.104653,0.002000
2,0.048037,0.009574,0.103713,0.002000
2,0.001667,0.041856,0.101436,0.002000
2,0.003981,0.049352,0.104869,0.002000
2,0.007185,0.017010,0.108093,0.002000
2,0.004838,0.031596,0.103764,0.002000
2,0.039235,0.049752,0.100075,0.002000
2,0.025081,0.006612,0.106179,0.002000
2,0.017988,0.041786,0.099256,0.002000
2,0.020070,0.014244,0.104820,0.002000
2,0.019039,0.036199,0.110620,0.002000
2,0.012847,0.006446,0.099860,0.002000
2,0.036050,0.007707,0.106748,0.002000
2,0.015060,0.017032,0.100972,0.002000
2,0.007750,0.022715,0.109396,0.002000
2,0.039935,0.020596,0.103504,0.002000
2,0.018210,0.011362,0.106762,0.002000
2,0.022876,0.007218,0.109337,0.002000
2,0.026870,0.024726,0.101333,0.002000
2,0.043012,0.030146,0.106410,0.002000
2,0.013534,0.010544,0.097415,0.002000
2,0.016497,0.006750,0.096906,0.002000
2,0.046925,0.025974,0.097928,0.002000
2,0.026095,0.023320,0.097786,0.002000
2,0.025569,0.017393,0.097469,0.002000
2,0.048257,0.032374,0.098153,0.002000
2,0.047531,0.009915,0.098597,0.002000
2,0.046622,0.016228,0.098871,0.002000
2,0.031646,0.039874,0.098584,0.002000
2,0.035281,0.012819,0.098289,0.002000
2,0.001818,0.012057,0.098898,0.002000
2,0.028919,0.035143,0.097885,0.002000
2,0.033048,0.009556,0.097999,0.002000
2,0.029664,0.007593,0.098517,0.002000
2,0.017102,0.015201,0.097970,0.002000
2,0.034455,0.024730,0.097764,0.002000
2,0.009476,0.012759,0.098797,0.002000
2,0.028746,0.019814,0.098234,0.002000
2,0.036837,0.033044,0.099168,0.002000
2,0.012465,0.042893,0.099210,0.002000
2,0.008297,0.016459,0.099261,0.002000
2,0.033604,0.004548,0.099283,0.002000
2,0.013204,0.013906,0.099531,0.002000
2,0.029227,0.011476,0.099167,0.002000
2,0.036414,0.018110,0.099136,0.002000
2,0.048645,0.048259,0.100337,0.002000
2,0.007741,0.002447,0.100061,0.002000
2,0.023153,0.038156,0.099193,0.002000
2,0.015362,0.020922,0.100180,0.002000
2,0.024810,0.007619,0.100024,0.002000
2,0.037806,0.045359,0.099757,0.002000
2,0.014579,0.001922,0.099378,0.002000
2,0.023345,0.043644,0.098956,0.002000
2,0.016480,0.009437,0.099795,0.002000
2,0.026513,0.029536,0.100338,0.002000
2,0.023921,0.014143,0.099770,0.002000
2,0.018126,0.004961,0.099880,0.002000
2,0.014578,0.025610,0.099854,0.002000
2,0.023956,0.003788,0.099658,0.002000
2,0.018888,0.030307,0.100116,0.002000
2,0.032063,0.014713,0.099974,0.002000
2,0.036656,0.008985,0.099520,0.002000
2,0.008352,0.009479,0.100508,0.002000
2,0.018376,0.037677,0.099956,0.002000
2,0.034811,0.041543,0.100298,0.002000
2,0.001550,0.016952,0.100552,0.002000
2,0.023056,0.017993,0.100470,0.002000
2,0.028188,0.015494,0.099668,0.002000
2,0.011180,0.049231,0.100883,0.002000
2,0.021754,0.047248,0.100357,0.002000
2,0.008671,0.044227,0.100838,0.002000
2,0.019214,0.019901,0.100182,0.002000
2,0.049383,0.013184,0.101751,0.002000
2,0.036816,0.022628,0.100088,0.002000
2,0.022247,0.010648,0.100388,0.002000
2,0.047647,0.026984,0.101691,0.002000
2,0.038715,0.035433,0.101607,0.002000
2,0.005271,0.017533,0.101480,0.002000
2,0.039644,0.016964,0.101236,0.002000
2,0.033787,0.002212,0.102335,0.002000
2,0.011298,0.016771,0.102206,0.002000
2,0.023611,0.021867,0.101171,0.002000
2,0.041389,0.042119,0.100866,0.002000
2,0.005853,0.034058,0.100809,0.002000
2,0.025996,0.035815,0.100395,0.002000
2,0.038285,0.013109,0.100822,0.002000
2,0.033354,0.036841,0.101201,0.002000
2,0.009604,0.009451,0.104252,0.002000
2,0.046619,0.028938,0.104925,0.002000
2,0.021625,0.017828,0.104177,0.002000
2,0.012952,0.037303,0.104015,0.002000
2,0.039183,0.031978,0.103400,0.002000
2,0.001532,0.026342,0.103751,0.002000
2,0.036273,0.024289,0.103710,0.002000
2,0.022756,0.049305,0.103555,0.002000
2,0.039723,0.011593,0.104137,0.002000
2,0.035196,0.031867,0.103196,0.002000
2,0.019795,0.010294,0.103380,0.002000
2,0.038305,0.002755,0.103441,0.002000
2,0.024498,0.027195,0.103743,0.002000
2,0.029753,0.046082,0.102736,0.002000
2,0.002959,0.020690,0.102718,0.002000
2,0.034960,0.045106,0.102392,0.002000
2,0.015120,0.047214,0.102043,0.002000
2,0.026648,0.019221,0.101463,0.002000
2,0.045252,0.047258,0.102028,0.002000
2,0.034093,0.011130,0.101591,0.002000
2,0.022510,0.029937,0.101699,0.002000
2,0.005928,0.048435,0.101677,0.002000
2,0.020117,0.033930,0.101039,0.002000
2,0.034313,0.026627,0.101225,0.002000
2,0.047986,0.017514,0.102103,0.002000
2,0.026286,0.011621,0.101737,0.002000
2,0.047341,0.031311,0.101817,0.002000
2,0.020774,0.002822,0.101878,0.002000
2,0.001685,0.009975,0.102196,0.002000
2,0.029829,0.004865,0.101802,0.002000
2,0.011612,0.003087,0.101628,0.002000
2,0.014310,0.040512,0.101805,0.002000
2,0.021338,0.040887,0.101342,0.002000
2,0.019973,0.025327,0.101539,0.002000
2,0.047884,0.043947,0.101825,0.002000
2,0.006461,0.025482,0.102564,0.002000
2,0.037555,0.039160,0.101921,0.002000
2,0.037444,0.028820,0.102045,0.002000
2,0.030414,0.009135,0.102076,0.002000
2,0.025434,0.041089,0.101139,0.002000
2,0.048746,0.022764,0.102230,0.002000
2,0.005203,0.040206,0.102247,0.002000
2,0.041548,0.045879,0.102111,0.002000
2,0.016231,0.029106,0.102677,0.002000
2,0.000680,0.006117,0.102188,0.002000
2,0.009867,0.040185,0.101995,0.002000
2,0.017313,0.000576,0.102457,0.002000
2,0.029825,0.034592,0.101700,0.002000
2,0.012900,0.027050,0.103143,0.002000
2,0.026070,0.047529,0.102281,0.002000
2,0.034948,0.016180,0.102112,0.002000
2,0.016501,0.023759,0.102755,0.002000
2,0.029586,0.038566,0.101812,0.002000
2,0.041938,0.037436,0.102602,0.002000
2,0.019455,0.044372,0.101850,0.002000
2,0.002419,0.037302,0.102422,0.002000
2,0.012050,0.044212,0.102903,0.002000
2,0.012314,0.011778,0.102587,0.002000
2,0.009768,0.034942,0.102618,0.002000
2,0.016880,0.035812,0.103116,0.002000
2,0.024831,0.032919,0.102719,0.002000
2,0.044974,0.003143,0.102656,0.002000
2,0.008459,0.006028,0.102393,0.002000
2,0.004041,0.002296,0.101779,0.002000
2,0.030592,0.017578,0.102297,0.002000
2,0.005536,0.010651,0.103019,0.002000
2,0.003337,0.014401,0.103028,0.002000
2,0.001700,0.045757,0.102923,0.002000
2,0.038311,0.043152,0.102997,0.002000
2,0.022617,0.006707,0.103084,0.002000
2,0.017354,0.018898,0.103497,0.002000
2,0.029822,0.001139,0.103143,0.002000
2,0.015088,0.004479,0.102788,0.002000
2,0.021505,0.037182,0.102753,0.002000
2,0.037272,0.048193,0.103104,0.002000
2,0.029012,0.014054,0.103207,0.002000
2,0.035472,0.020027,0.102696,0.002000
2,0.008658,0.013133,0.103179,0.002000
2,0.023321,0.044009,0.102781,0.002000
2,0.042111,0.006093,0.103045,0.002000
2,0.012102,0.020408,0.103601,0.002000
2,0.007992,0.021146,0.103161,0.002000
2,0.018353,0.006595,0.103280,0.002000
2,0.009081,0.047798,0.103862,0.002000
2,0.017860,0.040021,0.103367,0.002000
2,0.044324,0.043617,0.103812,0.002000
2,0.000330,0.032891,0.103862,0.002000
2,0.038375,0.007712,0.103534,0.002000
2,0.046967,0.040564,0.104141,0.002000
2,0.019904,0.021910,0.103551,0.002000
2,0.019336,0.031867,0.104187,0.002000
2,0.032590,0.042657,0.104129,0.002000
2,0.007724,0.016833,0.104277,0.002000
2,0.032667,0.022587,0.103859,0.002000
2,0.019353,0.027803,0.104501,0.002000
2,0.041592,0.040821,0.104564,0.002000
2,0.007533,0.044233,0.104579,0.002000
2,0.005370,0.035536,0.104420,0.002000
2,0.027465,0.009234,0.104615,0.002000
2,0.049071,0.002734,0.104451,0.002000
2,0.014990,0.032049,0.104937,0.002000
2,0.028622,0.042479,0.104186,0.002000
2,0.031266,0.030745,0.104391,0.002000
2,0.036289,0.036373,0.104575,0.002000
2,0.019278,0.047583,0.104107,0.002000
2,0.046505,0.019517,0.104913,0.002000
2,0.015586,0.043233,0.104389,0.002000
2,0.023426,0.011428,0.104668,0.002000
2,0.040753,0.048491,0.104934,0.002000
2,0.032365,0.038752,0.104557,0.002000
2,0.014018,0.015743,0.104939,0.002000
2,0.009469,0.026936,0.105156,0.002000
2,0.035910,0.040737,0.105085,0.002000
2,0.039604,0.027542,0.105027,0.002000
2,0.003503,0.007042,0.104766,0.002000
2,0.007707,0.039232,0.105150,0.002000
2,0.041617,0.017463,0.105204,0.002000
2,0.014679,0.000560,0.105386,0.002000
2,0.032578,0.009114,0.105305,0.002000
2,0.041883,0.002781,0.105078,0.002000
2,0.021306,0.040208,0.105249,0.002000
2,0.035941,0.011209,0.105054,0.002000
2,0.002758,0.010788,0.105871,0.002000
2,0.015843,0.026184,0.105801,0.002000
2,0.003800,0.038960,0.105702,0.002000
2,0.027684,0.003358,0.105580,0.002000
2,0.021783,0.025075,0.105659,0.002000
2,0.001323,0.022681,0.105709,0.002000
2,0.013985,0.046699,0.105749,0.002000
2,0.047441,0.023610,0.105869,0.002000
2,0.004239,0.003205,0.105524,0.002000
2,0.003899,0.044910,0.106039,0.002000
2,0.025217,0.019103,0.106106,0.002000
2,0.025097,0.045657,0.105852,0.002000
2,0.021120,0.044558,0.105842,0.002000
2,0.018489,0.037346,0.106264,0.002000
2,0.010020,0.022709,0.106161,0.002000
2,0.005841,0.024151,0.106199,0.002000
2,0.010394,0.014841,0.106310,0.002000
2,0.007673,0.005861,0.106211,0.002000
2,0.039521,0.037942,0.106267,0.002000
2,0.026995,0.014169,0.106523,0.002000
2,0.049388,0.015213,0.106432,0.002000
2,0.025774,0.040777,0.106345,0.002000
2,0.017422,0.021459,0.106473,0.002000
2,0.035766,0.020867,0.106455,0.002000
2,0.021662,0.020713,0.106853,0.002000
2,0.000986,0.047983,0.106967,0.002000
2,0.043942,0.025147,0.107077,0.002000
2,0.039176,0.030831,0.107134,0.002000
2,0.017641,0.029952,0.107190,0.002000
2,0.040153,0.005653,0.107095,0.002000
2,0.038199,0.017840,0.107198,0.002000
2,0.035461,0.032234,0.107259,0.002000
2,0.013380,0.039620,0.107192,0.002000
2,0.007343,0.009631,0.107463,0.002000
2,0.027064,0.022285,0.107647,0.002000
2,0.017640,0.048680,0.107459,0.002000
2,0.030890,0.046935,0.107693,0.002000
2,0.003140,0.015385,0.107604,0.002000
2,0.005701,0.041645,0.108000,0.002000
2,0.013576,0.023776,0.107915,0.002000
2,0.033548,0.004925,0.107984,0.002000
2,0.048186,0.020571,0.108267,0.002000
2,0.018849,0.025438,0.108299,0.002000
2,0.007045,0.045718,0.108229,0.002000
2,0.024376,0.048782,0.108153,0.002000
2,0.027937,0.044347,0.108229,0.002000
2,0.029617,0.019349,0.108295,0.002000
2,0.004772,0.036235,0.108313,0.002000
2,0.021862,0.028261,0.108563,0.002000
2,0.023118,0.042368,0.108683,0.002000
2,0.046207,0.030902,0.108970,0.002000
2,0.046418,0.015939,0.108817,0.002000
2,0.005324,0.004336,0.108997,0.002000
2,0.002740,0.001287,0.109194,0.002000
2,0.031997,0.008355,0.109184,0.002000
2,0.038491,0.021623,0.109138,0.002000
2,0.004659,0.011782,0.109514,0.002000
2,0.021916,0.046015,0.109377,0.002000
2,0.041332,0.042652,0.109473,0.002000
2,0.014173,0.007436,0.109525,0.002000
2,0.011565,0.035367,0.109520,0.002000
2,0.017092,0.002779,0.109533,0.002000
2,0.000331,0.011715,0.109643,0.002000
2,0.036224,0.029287,0.109851,0.002000
2,0.016013,0.027787,0.109794,0.002000
2,0.025250,0.014067,0.110022,0.002000
2,0.033820,0.020445,0.109826,0.002000
2,0.007165,0.033717,0.110016,0.002000
2,0.027874,0.048057,0.109927,0.002000
2,0.042621,0.007006,0.109883,0.002000
2,0.032904,0.031650,0.110230,0.002000
2,0.020917,0.002259,0.110064,0.002000
2,0.003546,0.043996,0.110346,0.002000
2,0.019646,0.030993,0.110351,0.002000
2,0.010398,0.030847,0.110306,0.002000
2,0.040328,0.037292,0.110306,0.002000
2,0.010229,0.044188,0.110451,0.002000
2,0.007502,0.048774,0.110652,0.002000
2,0.034054,0.026041,0.110684,0.002000
2,0.010523,0.009203,0.084988,0.002000
2,0.007741,0.041612,0.084981,0.002000
2,0.041743,0.010584,0.084985,0.002000
2,0.042660,0.017905,0.084873,0.002000
2,0.011339,0.043289,0.084942,0.002000
2,0.041578,0.043800,0.084846,0.002000
2,0.040039,0.002717,0.084886,0.002000
2,0.002833,0.018607,0.084884,0.002000
