case,name,meta.mode,meta.scale,inp.r_AM_P,inp.r_AM_S,inp.r_SE,inp.variables.target_press,inp.variables.r_AM_P,inp.variables.r_AM_S,inp.variables.r_SE,inp.variables.dt,inp.variables.plate_margin,inp.variables.press_speed,inp.target_press_sim,inp.box_x,inp.box_y,inp.box_z,inp.am_se_ratio,porosity,thickness_um,plate_z_source,ps_ratio,am_se_ratio,se_se_cn,se_se_cn_std,se_se_cn_perc,se_se_cn_eff_area,se_se_cn_eff_area_perc,se_se_cn_n_perc,se_se_cn_aug,se_se_cn_aug_std,se_se_cn_aug_n_extra,se_se_cn_aug_h_spread_sim,percolation_pct,top_reachable_pct,n_components,n_large_components,tortuosity_mean,tortuosity_median,tortuosity_std,tortuosity_use_median,tortuosity_recommended,ionic_active_pct,n_AM_P,r_AM_P,n_AM_S,r_AM_S,n_SE,r_SE,area_AM_P_AM_S_total,area_AM_P_AM_S_n,area_AM_P_AM_S_mean,area_AM_P_SE_total,area_AM_P_SE_n,area_AM_P_SE_mean,area_AM_P_AM_P_total,area_AM_P_AM_P_n,area_AM_P_AM_P_mean,area_AM_S_AM_S_total,area_AM_S_AM_S_n,area_AM_S_AM_S_mean,area_AM_S_SE_total,area_AM_S_SE_n,area_AM_S_SE_mean,area_SE_SE_total,area_SE_SE_n,area_SE_SE_mean,area_AM전체_SE_total,area_AM전체_SE_n,area_AM전체_SE_mean,coverage_AM_P_mean,coverage_AM_P_std,coverage_AM_S_mean,coverage_AM_S_std,stress_cv,stress_ratio_AM_P,stress_ratio_AM_S,stress_ratio_SE,fn_AM_P_AM_S_mean,fn_AM_P_AM_S_max,fn_AM_P_SE_mean,fn_AM_P_SE_max,fn_AM_P_AM_P_mean,fn_AM_P_AM_P_max,fn_AM_S_AM_S_mean,fn_AM_S_AM_S_max,fn_AM_S_SE_mean,fn_AM_S_SE_max,fn_SE_SE_mean,fn_SE_SE_max,contact_pressure_mean,contact_pressure_max,overlap_mean,overlap_max,overlap_pct_above_5,am_vulnerable_pct,am_se_cn_mean,am_se_cn_std,am_se_cn_median,am_se_cn_max,AM_P_se_cn_mean,AM_P_se_cn_std,AM_P_se_cn_median,AM_P_se_cn_max,AM_P_n_particles,AM_P_vulnerable_pct,AM_S_se_cn_mean,AM_S_se_cn_std,AM_S_se_cn_median,AM_S_se_cn_max,AM_S_n_particles,AM_S_vulnerable_pct,am_se_cn_surface_weighted,sigma_ratio,phi_se,phi_am,am_am_cn,am_am_cn_std,am_am_n_contacts,am_am_mean_area,am_am_total_area,target_pressure_mpa,e_se_eff_gpa,n_intact_AM_AM,n_microcrack_AM_AM,n_multicrack_AM_AM,n_fragmentation_AM_AM,n_pulverization_AM_AM,n_intact_force_AM_AM,n_microcrack_force_AM_AM,n_multicrack_force_AM_AM,n_fragmentation_force_AM_AM,n_pulverization_force_AM_AM,n_total_AM_AM,n_total_AM_AM_force,frac_intact_pct,frac_microcrack_pct,frac_multicrack_pct,frac_fragmentation_pct,frac_pulverization_pct,fracture_index,frac_intact_force_pct,frac_microcrack_force_pct,frac_multicrack_force_pct,frac_fragmentation_force_pct,frac_pulverization_force_pct,fracture_index_force,n_total_AM_P-AM_P,n_intact_AM_P-AM_P,frac_intact_AM_P-AM_P_pct,n_microcrack_AM_P-AM_P,frac_microcrack_AM_P-AM_P_pct,n_multicrack_AM_P-AM_P,frac_multicrack_AM_P-AM_P_pct,n_fragmentation_AM_P-AM_P,frac_fragmentation_AM_P-AM_P_pct,n_pulverization_AM_P-AM_P,frac_pulverization_AM_P-AM_P_pct,n_total_AM_S-AM_S,n_intact_AM_S-AM_S,frac_intact_AM_S-AM_S_pct,n_microcrack_AM_S-AM_S,frac_microcrack_AM_S-AM_S_pct,n_multicrack_AM_S-AM_S,frac_multicrack_AM_S-AM_S_pct,n_fragmentation_AM_S-AM_S,frac_fragmentation_AM_S-AM_S_pct,n_pulverization_AM_S-AM_S,frac_pulverization_AM_S-AM_S_pct,n_total_AM_P-AM_S,n_intact_AM_P-AM_S,frac_intact_AM_P-AM_S_pct,n_microcrack_AM_P-AM_S,frac_microcrack_AM_P-AM_S_pct,n_multicrack_AM_P-AM_S,frac_multicrack_AM_P-AM_S_pct,n_fragmentation_AM_P-AM_S,frac_fragmentation_AM_P-AM_S_pct,n_pulverization_AM_P-AM_S,frac_pulverization_AM_P-AM_S_pct,n_total_force_AM_P-AM_P,n_intact_force_AM_P-AM_P,frac_intact_force_AM_P-AM_P_pct,n_microcrack_force_AM_P-AM_P,frac_microcrack_force_AM_P-AM_P_pct,n_multicrack_force_AM_P-AM_P,frac_multicrack_force_AM_P-AM_P_pct,n_fragmentation_force_AM_P-AM_P,frac_fragmentation_force_AM_P-AM_P_pct,n_pulverization_force_AM_P-AM_P,frac_pulverization_force_AM_P-AM_P_pct,n_total_force_AM_S-AM_S,n_intact_force_AM_S-AM_S,frac_intact_force_AM_S-AM_S_pct,n_microcrack_force_AM_S-AM_S,frac_microcrack_force_AM_S-AM_S_pct,n_multicrack_force_AM_S-AM_S,frac_multicrack_force_AM_S-AM_S_pct,n_fragmentation_force_AM_S-AM_S,frac_fragmentation_force_AM_S-AM_S_pct,n_pulverization_force_AM_S-AM_S,frac_pulverization_force_AM_S-AM_S_pct,n_total_force_AM_P-AM_S,n_intact_force_AM_P-AM_S,frac_intact_force_AM_P-AM_S_pct,n_microcrack_force_AM_P-AM_S,frac_microcrack_force_AM_P-AM_S_pct,n_multicrack_force_AM_P-AM_S,frac_multicrack_force_AM_P-AM_S_pct,n_fragmentation_force_AM_P-AM_S,frac_fragmentation_force_AM_P-AM_S_pct,n_pulverization_force_AM_P-AM_S,frac_pulverization_force_AM_P-AM_S_pct,R_min_um_median_AM_P-AM_P,P_c_mN_median_AM_P-AM_P,F_mN_median_AM_P-AM_P,F_over_Pc_median_AM_P-AM_P,R_min_um_median_AM_S-AM_S,P_c_mN_median_AM_S-AM_S,F_mN_median_AM_S-AM_S,F_over_Pc_median_AM_S-AM_S,R_min_um_median_AM_P-AM_S,P_c_mN_median_AM_P-AM_S,F_mN_median_AM_P-AM_S,F_over_Pc_median_AM_P-AM_S,gb_density_mean,path_conductance_mean,path_hop_area_mean,path_hop_area_min_mean,coverage_AM_P_mean_physics,coverage_AM_P_std_physics,coverage_AM_P_delta_pct_physics,coverage_AM_P_mean_physics_rough,coverage_AM_P_std_physics_rough,coverage_AM_P_delta_pct_rough,coverage_AM_S_mean_physics,coverage_AM_S_std_physics,coverage_AM_S_delta_pct_physics,coverage_AM_S_mean_physics_rough,coverage_AM_S_std_physics_rough,coverage_AM_S_delta_pct_rough,coverage_AM_mean_physics,coverage_AM_delta_pct_physics,coverage_AM_mean_physics_rough,coverage_AM_delta_pct_rough,area_AM전체_SE_total_physics,area_SE_SE_total_physics,area_AM전체_AM_total_physics,A_binding_share_AM_SE_pct.hertzian,A_binding_share_AM_SE_pct.liggghts,A_binding_share_AM_SE_pct.tabor,A_binding_share_AM_SE_pct.volume,A_binding_share_AM_SE_pct.geom,A_binding_share_AM_SE_pct.elastic,A_binding_share_AM_SE_pct.other,A_binding_AM_SE_n_contacts,A_binding_share_total_pct.hertzian,A_binding_share_total_pct.liggghts,A_binding_share_total_pct.tabor,A_binding_share_total_pct.volume,A_binding_share_total_pct.geom,A_binding_share_total_pct.elastic,A_binding_share_total_pct.other,A_binding_total_n_contacts,area_AM전체_SE_total_delta_pct_physics,area_SE_SE_total_delta_pct_physics,path_hop_area_mean_physics,path_hop_area_min_mean_physics,path_conductance_mean_physics,coverage_AM_P_mean_physics_v2,coverage_AM_P_std_physics_v2,coverage_AM_S_mean_physics_v2,coverage_AM_S_std_physics_v2,coverage_AM_mean_physics_v2,area_AM전체_SE_total_physics_v2,area_SE_SE_total_physics_v2,area_AM전체_AM_total_physics_v2,n_contacts_physics_v2,n_cap_branch_physics_v2,cap_conflict_n_physics_v2,cap_conflict_frac_physics_v2,cap_conflict_frac_cap_branch_physics_v2,cap_conflict_n_by_pair_physics_v2.AM_SE,cap_conflict_n_by_pair_physics_v2.SE_SE,cap_conflict_n_by_pair_physics_v2.AM_AM,cap_conflict_n_by_pair_physics_v2.other,A_binding_counts_total_physics_v2.elastic,A_binding_counts_total_physics_v2.tabor,A_binding_counts_total_physics_v2.volume,A_binding_counts_total_physics_v2.geom,A_binding_counts_total_physics_v2.none,A_binding_counts_AM_SE_physics_v2.elastic,A_binding_counts_AM_SE_physics_v2.tabor,A_binding_counts_AM_SE_physics_v2.volume,A_binding_counts_AM_SE_physics_v2.geom,A_binding_counts_AM_SE_physics_v2.none,am_denominator_physics_v2.n_am,am_denominator_physics_v2.n_free_surface_nonpositive,am_denominator_physics_v2.n_coverage_clipped_100,am_denominator_physics_v2.n_radius_invalid,n_contacts_unknown_id_physics_v2,n_contact_failures_physics_v2,coverage_status_physics_v2,rule_physics_v2,h_film_sim_physics_v2,meta.ps_ratio,meta.created,inp.r_AM,inp.variables.r_AM,cap_conflict_n_by_pair_physics_v2,A_binding_counts_total_physics_v2,A_binding_counts_AM_SE_physics_v2
lhsx_001,lhsx_001,bimodal,1000,0.0049353,0.0019317,0.000564,0.3,0.0049353,0.0019317,0.000564,1e-06,0.003,0.01,0.3,0.05,0.05,0.133,68.9:31.1,0.1797229061163197,32.4311,mesh,4:6,69:31,8.709710910230019,2.053580073537903,8.709710910230019,0.3976806791557293,0.3976806791557293,55865,8.782779915868613,2.060279435414668,2041,1e-05,100.0,100.0,1,1,1.3694923016098388,1.3697227078927408,0.12868277343045842,False,1.3694923016098388,100.0,34,4.94,723,1.93,55865,0.56,147.11700691000001,287,0.5126028115331012,4602.222297170986,10228,0.44996307168273236,62.04596499999999,27,2.297998703703703,189.2943177509999,778,0.24330889171079684,15433.852676275834,40910,0.37726357067406097,44403.00591956344,243284,0.1825151095820664,20036.07497344682,51138,0.39180403952925064,45.3732632660835,3.4812048626007064,46.20949405787253,5.1936397069318785,106.57112144932795,0.5146193011698277,0.5345781460345553,1.0063188569619126,1997.0450727760692,13454.887544345958,182.357534081022,618.0582100049235,9774.733317397246,22946.772974213607,1031.5450138285225,4219.749688322756,161.06966479063226,524.6035013136336,83.93669364326912,375.0628979811253,452.30330427882734,212210.26124590283,20.882005896628787,94.93457446808509,91.89446185290714,0.0,67.55350066050198,51.00049321417232,57.0,338,300.8235294117647,16.136313793347295,300.5,338,34,0.0,56.583679114799445,5.644087398658826,57.0,70,723,0.0,113.94789426781419,0.2760862931580581,0.5178023729192804,0.48040039801955636,2.8850726552179657,2.056982605317447,1092,0.36488762789468865,398.457289661,300.0,1.35,971,78,34,9,0,906,148,30,8,0,1092,1092,88.92,7.14,3.11,0.82,0.0,0.0082,82.97,13.55,2.75,0.73,0.0,0.0073,27,2,7.41,5,18.52,12,44.44,8,29.63,0,0.0,778,775,99.61,3,0.39,0,0.0,0,0.0,0,0.0,287,194,67.6,70,24.39,22,7.67,1,0.35,0,0.0,27,0,0.0,5,18.52,14,51.85,8,29.63,0,0.0,778,778,100.0,0,0.0,0,0.0,0,0.0,0,0.0,287,128,44.6,143,49.83,16,5.57,0,0.0,0,0.0,4.935,1.1898,10.1076,8.495,1.932,5.1742,0.8889,0.172,1.932,1.5523,1.7075,1.1,1.359,0.003051,0.2043,0.0249,100.0,0.0,120.39,98.548,3.297,-1.45,99.965,0.553,116.33,99.906,1.155,-0.06,99.967,116.51,99.845,-0.12,68231.83,181896.71,560.8,0.0,0.8,68.3,0.0,30.8,0.0,0.0,51138,0.0,1.9,89.1,0.0,9.0,0.0,0.0,295514,240.54,309.65,0.873,0.0378,0.007255,100.0,0.0,99.976,0.407,99.977,68230.14,181879.32,549.63,295514,295395,6286,0.021271,0.02128,414,5432,440,0,119,262162,6508,26725,0,13,35194,162,15769,0,757,0,754,0,0,0,ok,"physics_v2 (2026-09-29): δ/R* < DR_YIELD_ONSET → A = πR*δ (Hertz, legacy 와 같다) · 그 위 → A = U = min(A_tabor, A_volume, A_geom) = cap 은 **전체 접촉면적**의 한계 (L = max(πR*δ, A_LIGG) > U 면 cap_conflict 로 세고 U 를 낸다 — A 는 A_LIGG · πR*δ 보다 작을 수 있다) · A_volume = 정확한 전체 lens(r1, r2, δ) / (H_FILM_MIN × length_scale) · 모든 상 쌍에 AM–SE E* · SE H 를 쓴다 (L1-03 은 그대로 열려 있다) · 피복률 분모 = 4πr² − Σ A_v2(AM–AM) > 0 이고 반경 · 표면적이 유한 양수인 AM 만 — 아니면 침대 빈칸 + 사유 · 제외 수 진단 (LHSC-01 (a) · 2026-09-30)",5e-06,,,,,,,
lhsx_002,lhsx_002,bimodal,1000,0.0025075,0.0024028,0.0008783,0.3,0.0025075,0.0024028,0.0008783,1e-06,0.003,0.01,0.3,0.05,0.05,0.133,65.6:34.4,-3.1024999581673374,34.2074,mesh,6:4,66:34,8.09315765141008,2.246276904602412,8.09315765141008,0.4011055792954838,0.4011055792954838,17304,8.133263985205733,2.2494245071039187,347,1e-05,100.0,100.0,1,1,1.369482814151641,1.3600382177353831,0.11507916235035984,False,1.369482814151641,100.0,346,2.51,279,2.4,17304,0.88,233.37355353000012,546,0.42742409071428594,13246.432944291037,13926,0.9512015614168488,166.00981095000012,366,0.4535787184426232,92.8176513,224,0.4143645147321428,9863.096892879968,10455,0.943385642551886,33641.15076067515,70022,0.4804368735636678,23109.529837171005,24381,0.9478499584582669,49.45091750518344,5.563329941743863,49.72112207091772,5.599508369778981,69.90997137392522,0.6020194737132591,0.6489641946359077,1.0136176752075703,1805.4232554264777,6940.184440580019,420.43561935211005,1307.0101567065194,1915.6441810392914,7989.876377190326,1750.1640513658315,6650.382049258523,418.8208660824138,1250.3177215811986,222.96117990663362,835.7841135777827,485.9165618228515,15180.118243122917,23.270964718886066,89.48958214733007,92.15922293513643,0.0,39.0096,4.492828489938159,39.0,54,40.2485549132948,4.375650002071252,40.0,54,346,0.0,37.473118279569896,4.148475726072075,37.0,49,279,0.0,39.067806682424035,0.30618965687092115,0.5742535508176031,0.4567714487640703,3.6352,1.4304268453856703,1136,0.43327554205985913,492.20101578,300.0,1.35,694,282,152,8,0,607,352,176,1,0,1136,1136,61.09,24.82,13.38,0.7,0.0,0.007,53.43,30.99,15.49,0.09,0.0,0.0009,366,88,24.04,136,37.16,134,36.61,8,2.19,0,0.0,224,221,98.66,3,1.34,0,0.0,0,0.0,0,0.0,546,385,70.51,143,26.19,18,3.3,0,0.0,0,0.0,366,45,12.3,150,40.98,170,46.45,1,0.27,0,0.0,224,223,99.55,1,0.45,0,0.0,0,0.0,0,0.0,546,339,62.09,201,36.81,6,1.1,0,0.0,0,0.0,2.508,0.6045,1.6881,2.793,2.403,6.4361,1.622,0.252,2.403,1.9308,1.614,0.836,0.847,0.011907,0.5356,0.068,100.0,0.0,102.22,99.537,2.202,-0.46,100.0,0.0,101.12,100.0,0.0,0.0,100.0,101.73,99.744,-0.26,81366.84,142408.15,691.87,0.0,0.8,63.5,0.0,35.8,0.0,0.0,24381,0.0,1.9,83.0,0.0,15.0,0.0,0.0,95539,252.09,323.32,2.3712,0.1213,0.029025,100.0,0.0,100.0,0.0,100.0,81365.33,142402.56,680.16,95539,95508,1861,0.019479,0.019485,186,1277,398,0,31,80597,567,14344,0,4,15626,31,8720,0,625,0,625,0,0,0,ok,"physics_v2 (2026-09-29): δ/R* < DR_YIELD_ONSET → A = πR*δ (Hertz, legacy 와 같다) · 그 위 → A = U = min(A_tabor, A_volume, A_geom) = cap 은 **전체 접촉면적**의 한계 (L = max(πR*δ, A_LIGG) > U 면 cap_conflict 로 세고 U 를 낸다 — A 는 A_LIGG · πR*δ 보다 작을 수 있다) · A_volume = 정확한 전체 lens(r1, r2, δ) / (H_FILM_MIN × length_scale) · 모든 상 쌍에 AM–SE E* · SE H 를 쓴다 (L1-03 은 그대로 열려 있다) · 피복률 분모 = 4πr² − Σ A_v2(AM–AM) > 0 이고 반경 · 표면적이 유한 양수인 AM 만 — 아니면 침대 빈칸 + 사유 · 제외 수 진단 (LHSC-01 (a) · 2026-09-30)",5e-06,,,,,,,
lhsx_003,lhsx_003,standard,1000,,,0.0006559,0.3,,,0.0006559,1e-06,0.003,0.01,0.3,0.05,0.05,0.133,67.6:32.4,-0.8386981874301647,41.3344,mesh,0:10,68:32,9.043386108814989,2.043248032343915,9.043386108814989,0.42076866629135823,0.42076866629135823,47181,9.106928636527416,2.052724548050859,1499,1e-05,100.0,100.0,1,1,1.2841648817349567,1.2829100728507652,0.08571803457044203,False,1.2841648817349567,100.0,,,364,3.17,47181,0.66,,,,,,,,,,414.4314190500001,635,0.6526479040157481,21718.944827322026,38134,0.5695427919264181,53661.85273236406,213338,0.2515344323672485,21718.944827322026,38134,0.5695427919264181,,,48.19463863708062,4.1208275780992025,92.42715293975293,,0.44978566545483795,1.0042448870896004,,,,,,,2744.1696818858213,8813.698545279161,238.57636330739533,716.0386610218753,115.88426453608692,448.0899124821379,446.92801408034285,35951.718990516885,21.26832664004837,84.08964781216649,92.16086820278692,0.0,104.76373626373626,7.604163354771357,105.0,128,,,,,,,104.76373626373626,7.604163354771357,105.0,128,364,0.0,104.76373626373542,0.32724680786005167,0.539655983786904,0.4687309980873976,3.489010989010989,1.3556516254368491,635,0.652647904015748,414.43141905000004,300.0,1.35,626,9,0,0,0,634,1,0,0,0,635,635,98.58,1.42,0.0,0.0,0.0,0.0,99.84,0.16,0.0,0.0,0.0,0.0,0,0,0.0,0,0.0,0,0.0,0,0.0,0,0.0,635,626,98.58,9,1.42,0,0.0,0,0.0,0,0.0,0,0,0.0,0,0.0,0,0.0,0,0.0,0,0.0,0,0,0.0,0,0.0,0,0.0,0,0.0,0,0.0,635,634,99.84,1,0.16,0,0.0,0,0.0,0,0.0,0,0,0.0,0,0.0,0,0.0,0,0.0,0,0.0,,,,,3.167,8.4833,2.5346,0.299,,,,,1.116,0.003789,0.2839,0.0254,,,,,,,100.0,0.0,107.49,99.997,0.052,-0.0,100.0,107.49,99.997,-0.0,72818.64,221652.01,550.92,0.0,0.7,63.0,0.0,36.3,0.0,0.0,38134,0.0,1.8,88.4,0.0,9.7,0.0,0.0,252107,235.28,313.05,1.2288,0.0341,0.008332,,,100.0,0.0,100.0,72817.04,221638.04,538.51,252107,252046,4606,0.01827,0.018274,274,4076,256,0,61,223795,3716,24535,0,5,24229,51,13849,0,364,0,364,0,0,0,ok,"physics_v2 (2026-09-29): δ/R* < DR_YIELD_ONSET → A = πR*δ (Hertz, legacy 와 같다) · 그 위 → A = U = min(A_tabor, A_volume, A_geom) = cap 은 **전체 접촉면적**의 한계 (L = max(πR*δ, A_LIGG) > U 면 cap_conflict 로 세고 U 를 낸다 — A 는 A_LIGG · πR*δ 보다 작을 수 있다) · A_volume = 정확한 전체 lens(r1, r2, δ) / (H_FILM_MIN × length_scale) · 모든 상 쌍에 AM–SE E* · SE H 를 쓴다 (L1-03 은 그대로 열려 있다) · 피복률 분모 = 4πr² − Σ A_v2(AM–AM) > 0 이고 반경 · 표면적이 유한 양수인 AM 만 — 아니면 침대 빈칸 + 사유 · 제외 수 진단 (LHSC-01 (a) · 2026-09-30)",5e-06,,,0.0031671,0.0031671,,,
lhsx_004,lhsx_004,bimodal,1000,0.0043416,0.0010292,0.0008165,0.3,0.0043416,0.0010292,0.0008165,1e-06,0.003,0.01,0.3,0.05,0.05,0.133,67.5:32.5,-1.5604661375984374,26.0109,mesh,9:1,67:33,8.548646389299723,2.139122234301653,8.550167224080267,0.41043050140248843,0.4104967008643171,15548,8.598032280882258,2.1415760857761024,384,1e-05,99.98070863610057,99.98070863610057,3,1,1.512383205354838,1.5021568238762322,0.18985795672970848,False,1.512383205354838,99.87046632124353,80,4.34,692,1.03,15551,0.82,69.05450110999996,425,0.16248117908235285,8803.421592812,9469,0.9297097468383145,163.82210404999998,113,1.4497531331858404,17.264907509999993,239,0.07223810673640166,4225.305505625976,8623,0.49000411754911005,26735.616071690343,66470,0.4022207924129734,13028.727098437976,18092,0.7201374695134852,47.421685701275464,6.465316238595323,46.35461698710374,8.574282922444134,100.90790741919014,0.5182979542029984,0.8435370418860999,1.0094404559628696,594.2741200571454,2772.677229222327,391.56508564688335,1207.3197093251647,6130.838785153508,25308.99568523611,305.00904707461825,1031.4059619732668,237.06769585276598,856.726303611305,186.00998102977562,684.563489864892,473.2302239311416,6938.129031698592,21.752138000228072,90.789957134109,91.76109398985224,0.1295336787564767,23.435233160621763,32.5517475963697,13.0,141,118.3625,11.41188388260238,120.0,141,80,0.0,12.460982658959537,2.206777045905437,13.0,18,692,0.1445086705202312,83.722863496172,0.23834861266709945,0.5452806793071835,0.4703239820688009,2.0129533678756477,2.4324741840061805,777,0.3219324487387387,250.14151267,300.0,1.35,624,75,57,20,1,594,100,67,16,0,777,777,80.31,9.65,7.34,2.57,0.13,0.027,76.45,12.87,8.62,2.06,0.0,0.0206,113,22,19.47,23,20.35,47,41.59,20,17.7,1,0.88,239,239,100.0,0,0.0,0,0.0,0,0.0,0,0.0,425,363,85.41,52,12.24,10,2.35,0,0.0,0,0.0,113,11,9.73,21,18.58,65,57.52,16,14.16,0,0.0,239,239,100.0,0,0.0,0,0.0,0,0.0,0,0.0,425,344,80.94,79,18.59,2,0.47,0,0.0,0,0.0,4.342,1.0466,5.0306,4.806,1.029,2.7568,0.2706,0.098,1.029,0.827,0.5034,0.609,1.063,0.012506,0.4555,0.1038,99.957,0.381,110.78,97.715,5.408,-2.24,99.6,4.441,114.86,99.396,4.984,-0.2,99.637,114.43,99.222,-0.42,45827.64,111766.41,368.74,0.0,0.8,72.4,0.0,26.8,0.0,0.0,18092,0.0,2.1,87.2,0.0,10.7,0.0,0.0,85339,251.74,318.04,1.9841,0.2254,0.036395,100.0,0.0,99.621,4.351,99.66,45826.71,111761.15,361.28,85339,85323,1803,0.021128,0.021131,147,1320,336,0,16,75429,766,9128,0,2,13205,45,4840,0,772,0,759,0,0,0,ok,"physics_v2 (2026-09-29): δ/R* < DR_YIELD_ONSET → A = πR*δ (Hertz, legacy 와 같다) · 그 위 → A = U = min(A_tabor, A_volume, A_geom) = cap 은 **전체 접촉면적**의 한계 (L = max(πR*δ, A_LIGG) > U 면 cap_conflict 로 세고 U 를 낸다 — A 는 A_LIGG · πR*δ 보다 작을 수 있다) · A_volume = 정확한 전체 lens(r1, r2, δ) / (H_FILM_MIN × length_scale) · 모든 상 쌍에 AM–SE E* · SE H 를 쓴다 (L1-03 은 그대로 열려 있다) · 피복률 분모 = 4πr² − Σ A_v2(AM–AM) > 0 이고 반경 · 표면적이 유한 양수인 AM 만 — 아니면 침대 빈칸 + 사유 · 제외 수 진단 (LHSC-01 (a) · 2026-09-30)",5e-06,,,,,,,
lhsx_005,lhsx_005,standard,1000,,,0.0007359,0.3,,,0.0007359,1e-06,0.003,0.01,0.3,0.05,0.05,0.133,69.4:30.6,-0.9753843628889758,37.9524,mesh,0:10,69:31,7.869196882412742,2.1641474982015394,7.870263675184709,0.3761076326465643,0.3761586199213757,29506,7.919281599457811,2.1718270090951206,739,1e-05,99.98644527278888,99.98644527278888,5,1,1.325425663519319,1.3145754971181396,0.09911104128509904,False,1.325425663519319,100.0,,,879,2.33,29510,0.74,,,,,,,,,,714.3491976299996,1745,0.4093691676962748,27160.12181459297,40953,0.6632022517176512,37765.812333206624,116110,0.32525891252438743,27160.12181459297,40953,0.6632022517176512,,,46.38489510296261,5.0588983177697395,72.10786235013735,,0.622877177035054,1.01123317388635,,,,,,,1728.302016531471,6764.33310151119,288.03110783248206,904.8765133679843,150.37372937753898,533.8916379123763,479.58505358753024,46981.4431832006,22.465202439075597,87.34135072700094,91.86879754168555,0.0,46.59044368600683,4.774620013823906,47.0,60,,,,,,,46.59044368600683,4.774620013823906,47.0,60,879,0.0,46.59044368600589,0.295505352822719,0.5192003472810054,0.49055349634788437,3.970420932878271,1.4737872491671071,1745,0.40936916769627507,714.34919763,300.0,1.35,1715,30,0,0,0,1744,1,0,0,0,1745,1745,98.28,1.72,0.0,0.0,0.0,0.0,99.94,0.06,0.0,0.0,0.0,0.0,0,0,0.0,0,0.0,0,0.0,0,0.0,0,0.0,1745,1715,98.28,30,1.72,0,0.0,0,0.0,0,0.0,0,0,0.0,0,0.0,0,0.0,0,0.0,0,0.0,0,0,0.0,0,0.0,0,0.0,0,0.0,0,0.0,1745,1744,99.94,1,0.06,0,0.0,0,0.0,0,0.0,0,0,0.0,0,0.0,0,0.0,0,0.0,0,0.0,,,,,2.329,6.2397,1.5679,0.251,,,,,1.046,0.005323,0.3675,0.0433,,,,,,,99.997,0.1,115.58,99.958,0.578,-0.04,99.997,115.58,99.958,-0.04,94539.06,157876.1,1026.67,0.0,0.9,65.7,0.0,33.4,0.0,0.0,40953,0.0,2.0,84.7,0.0,13.3,0.0,0.0,158808,248.08,318.04,1.6114,0.0721,0.013242,,,99.999,0.021,99.999,94536.75,157868.26,1011.17,158808,158755,3129,0.019703,0.01971,370,2197,562,0,53,135999,1583,21173,0,7,27184,88,13674,0,879,0,878,0,0,0,ok,"physics_v2 (2026-09-29): δ/R* < DR_YIELD_ONSET → A = πR*δ (Hertz, legacy 와 같다) · 그 위 → A = U = min(A_tabor, A_volume, A_geom) = cap 은 **전체 접촉면적**의 한계 (L = max(πR*δ, A_LIGG) > U 면 cap_conflict 로 세고 U 를 낸다 — A 는 A_LIGG · πR*δ 보다 작을 수 있다) · A_volume = 정확한 전체 lens(r1, r2, δ) / (H_FILM_MIN × length_scale) · 모든 상 쌍에 AM–SE E* · SE H 를 쓴다 (L1-03 은 그대로 열려 있다) · 피복률 분모 = 4πr² − Σ A_v2(AM–AM) > 0 이고 반경 · 표면적이 유한 양수인 AM 만 — 아니면 침대 빈칸 + 사유 · 제외 수 진단 (LHSC-01 (a) · 2026-09-30)",5e-06,,,0.0023295,0.0023295,,,
lhsx_006,lhsx_006,bimodal,1000,0.006493,0.0005721,0.0007944,0.3,0.006493,0.0005721,0.0007944,1e-06,0.003,0.01,0.3,0.05,0.05,0.133,66.4:33.6,0.4342264481698055,33.96670000000001,mesh,7:3,66:34,7.528048173133517,1.8470806897919825,7.528389024721543,0.3430049581577248,0.34302048858234485,22086,7.584370896907683,1.8515872329161394,622,1e-05,99.99547244985737,100.0,2,1,1.4054969096141108,1.3971222693708851,0.12852185283175493,False,1.4054969096141108,99.98671978751659,23,6.49,15037,0.57,22087,0.79,232.55215816499978,2918,0.07969573617717607,4716.071339800006,5043,0.9351717905611752,66.54396,22,3.0247254545454547,537.4237952171605,18184,0.029554762165483972,23008.201227733454,84670,0.2717397097878051,30039.691506169016,83136,0.3613319320892155,27724.27256753346,89713,0.30903294469623643,39.89305256007172,3.0299023706079495,37.929305100669694,10.26353721827682,190.8666947555765,0.4424861512479199,1.367386138490505,0.7504612420898981,274.7823962830319,5621.99187902295,384.4537159520258,1049.0626303352913,12774.616085554835,40884.92864004534,124.78792753467148,859.0955376353668,141.0547087510549,573.5944046423396,166.14006290199373,607.5696581141951,861.3914224946784,120385.43297814131,20.234143032348992,96.49798986191226,84.22151536554057,0.2589641434262948,5.957038512616202,8.478028802244703,6.0,243,219.2608695652174,13.002399080652463,221.0,243,23,0.0,5.630777415707921,1.4244764718523206,6.0,10,15037,0.25936024472966684,40.79281515120447,0.27648414352256523,0.5461974682882943,0.44946026723000765,2.8053120849933597,5.1336272252921065,21124,0.039600450358935814,836.51991338216,300.0,1.35,20880,199,37,7,1,20871,224,22,7,0,21124,21124,98.84,0.94,0.18,0.03,0.0,0.0004,98.8,1.06,0.1,0.03,0.0,0.0003,22,4,18.18,3,13.64,10,45.45,4,18.18,1,4.55,18184,18183,99.99,1,0.01,0,0.0,0,0.0,0,0.0,2918,2693,92.29,195,6.68,27,0.93,3,0.1,0,0.0,22,1,4.55,4,18.18,12,54.55,5,22.73,0,0.0,18184,18184,100.0,0,0.0,0,0.0,0,0.0,0,0.0,2918,2686,92.05,220,7.54,10,0.34,2,0.07,0,0.0,6.493,1.5653,9.9051,6.328,0.572,1.5324,0.1161,0.076,0.572,0.4597,0.2467,0.537,0.981,0.008774,0.449,0.0629,100.0,0.0,150.67,91.725,6.699,-8.28,96.575,11.021,154.62,95.264,12.635,-1.36,96.58,154.61,95.259,-1.37,105939.52,123143.72,1271.58,0.0,1.3,80.2,0.0,18.5,0.0,0.0,89713,0.0,4.2,85.3,0.0,10.4,0.1,0.0,193973,282.12,309.94,1.9916,0.1095,0.022094,100.0,0.0,96.772,10.71,96.777,105935.55,123137.54,1248.55,193973,193824,8755,0.045135,0.04517,1180,1625,5950,0,149,165737,7836,20251,0,23,72126,984,16580,0,15060,0,12960,0,0,0,ok,"physics_v2 (2026-09-29): δ/R* < DR_YIELD_ONSET → A = πR*δ (Hertz, legacy 와 같다) · 그 위 → A = U = min(A_tabor, A_volume, A_geom) = cap 은 **전체 접촉면적**의 한계 (L = max(πR*δ, A_LIGG) > U 면 cap_conflict 로 세고 U 를 낸다 — A 는 A_LIGG · πR*δ 보다 작을 수 있다) · A_volume = 정확한 전체 lens(r1, r2, δ) / (H_FILM_MIN × length_scale) · 모든 상 쌍에 AM–SE E* · SE H 를 쓴다 (L1-03 은 그대로 열려 있다) · 피복률 분모 = 4πr² − Σ A_v2(AM–AM) > 0 이고 반경 · 표면적이 유한 양수인 AM 만 — 아니면 침대 빈칸 + 사유 · 제외 수 진단 (LHSC-01 (a) · 2026-09-30)",5e-06,,,,,,,
lhsx_007,lhsx_007,bimodal,1000,0.0050512,0.0016811,0.0009568,0.3,0.0050512,0.0016811,0.0009568,1e-06,0.003,0.01,0.3,0.05,0.05,0.133,68.7:31.3,-1.485482533338045,25.389400000000002,mesh,3:7,69:31,6.891951006124234,2.2320354965349622,6.897231038634125,0.3397204304795954,0.3399806956665668,9137,6.931321084864392,2.235502277612902,180,1e-05,99.92344706911635,99.96719160104986,8,1,1.5944186518040235,1.5883587734816267,0.20613380517987898,False,1.5944186518040235,100.0,16,5.05,1117,1.68,9144,0.96,144.06266128000001,266,0.5415889521804512,2179.4844003000007,1620,1.3453607409259265,7.454931,5,1.4909862,489.9476223563996,1928,0.2541222107657674,16664.34509328509,18294,0.9109186122928331,17868.170370931955,31510,0.5670634836855587,18843.82949358509,19914,0.9462603943750673,43.82590729438947,5.8823089445371455,43.16326369292664,7.749426569604894,85.81498513269163,0.4240027051748474,0.9488240906724945,1.0072593446452347,2069.6634151841936,13351.400765047088,572.2639118503647,1294.8634368573391,6300.7994064708055,13568.974185523384,1075.8476494281258,4482.852259660249,425.2657389476066,1294.3085657295942,263.3352552591624,922.3648702379118,597.2594764396986,16515.60200978742,22.860015628651748,80.14454431438128,89.85696436230722,0.0,17.576345984112976,10.544096706248833,17.0,124,101.25,12.482487732819928,105.0,124,16,0.0,16.377797672336616,2.969038889410904,17.0,26,1117,0.0,26.096693659707405,0.20775838244676306,0.5285619306937582,0.4862928946396222,3.881729920564872,2.186000513044859,2199,0.2917076919674398,641.4652146364,300.0,1.35,2041,122,33,3,0,2024,147,27,1,0,2199,2199,92.81,5.55,1.5,0.14,0.0,0.0014,92.04,6.68,1.23,0.05,0.0,0.0005,5,0,0.0,3,60.0,1,20.0,1,20.0,0,0.0,1928,1897,98.39,31,1.61,0,0.0,0,0.0,0,0.0,266,144,54.14,88,33.08,32,12.03,2,0.75,0,0.0,5,0,0.0,1,20.0,3,60.0,1,20.0,0,0.0,1928,1928,100.0,0,0.0,0,0.0,0,0.0,0,0.0,266,96,36.09,146,54.89,24,9.02,0,0.0,0,0.0,5.051,1.2177,4.8649,3.995,1.681,4.5029,0.9673,0.215,1.681,1.3509,1.6802,1.244,0.971,0.018445,0.6629,0.1109,100.0,0.0,128.18,95.112,6.805,-4.89,99.563,3.325,130.67,99.252,4.372,-0.31,99.569,130.63,99.194,-0.38,70419.15,75521.56,1008.36,0.0,1.0,72.2,0.0,26.7,0.1,0.0,19914,0.0,2.7,82.2,0.0,15.0,0.1,0.0,53623,273.7,322.66,2.9273,0.2135,0.046984,100.0,0.0,99.646,3.034,99.651,70417.55,75518.22,998.97,53623,53592,1447,0.026985,0.027,209,664,574,0,31,45280,270,8042,0,10,14547,38,5319,0,1133,0,1108,0,0,0,ok,"physics_v2 (2026-09-29): δ/R* < DR_YIELD_ONSET → A = πR*δ (Hertz, legacy 와 같다) · 그 위 → A = U = min(A_tabor, A_volume, A_geom) = cap 은 **전체 접촉면적**의 한계 (L = max(πR*δ, A_LIGG) > U 면 cap_conflict 로 세고 U 를 낸다 — A 는 A_LIGG · πR*δ 보다 작을 수 있다) · A_volume = 정확한 전체 lens(r1, r2, δ) / (H_FILM_MIN × length_scale) · 모든 상 쌍에 AM–SE E* · SE H 를 쓴다 (L1-03 은 그대로 열려 있다) · 피복률 분모 = 4πr² − Σ A_v2(AM–AM) > 0 이고 반경 · 표면적이 유한 양수인 AM 만 — 아니면 침대 빈칸 + 사유 · 제외 수 진단 (LHSC-01 (a) · 2026-09-30)",5e-06,,,,,,,
lhsx_008,lhsx_008,bimodal,1000,0.0059262,0.0012654,0.0005283,0.3,0.0059262,0.0012654,0.0005283,1e-06,0.003,0.01,0.3,0.05,0.05,0.133,66.1:33.9,-0.11670641890342281,29.230499999999996,mesh,1:9,66:34,7.7567041290381935,2.128236488478128,7.758427138606876,0.36531331013392326,0.36539373793930036,65206,7.829932077091734,2.1353648384278343,2388,1e-05,99.97700127259624,99.97700127259624,14,1,1.4194693623022419,1.426663170395373,0.13757705791058095,False,1.4194693623022419,100.0,4,5.93,3463,1.27,65221,0.53,38.769184560000014,152,0.25506042473684215,758.2824973999994,1780,0.42600140303370754,,,,612.550442585098,5933,0.10324463889855015,30651.189183555307,101265,0.3026829524865976,41782.46316854206,252950,0.1651807201760904,31409.471680955307,103045,0.3048131562031666,43.91818467672554,1.3169115432109346,44.76784406107818,5.204253921376494,92.22164018721895,0.27051780890112076,0.6183568299660828,1.0203086157310046,917.1117809536523,2828.1020371620257,173.74769636891335,511.45545641860156,,,431.68103932837374,1948.0555148691863,134.5036090363318,497.1607809235962,76.25671494909325,288.42282986270345,500.4323511238365,11378.821984109249,21.8502156018332,95.98220707931101,91.20967741935485,0.0,29.721661378713584,14.546310709037492,29.0,461,445.0,13.47219358530748,445.5,461,4,0.0,29.24198671671961,3.4930406091948805,29.0,41,3463,0.0,39.51457070524659,0.2735203866706238,0.5512411649040811,0.4499258992849531,3.510239400057687,1.817168586920443,6085,0.10703691489648315,651.3196271451,300.0,1.35,6052,32,1,0,0,6026,59,0,0,0,6085,6085,99.46,0.53,0.02,0.0,0.0,0.0,99.03,0.97,0.0,0.0,0.0,0.0,0,0,0.0,0,0.0,0,0.0,0,0.0,0,0.0,5933,5932,99.98,1,0.02,0,0.0,0,0.0,0,0.0,152,120,78.95,31,20.39,1,0.66,0,0.0,0,0.0,0,0,0.0,0,0.0,0,0.0,0,0.0,0,0.0,5933,5933,100.0,0,0.0,0,0.0,0,0.0,0,0.0,152,93,61.18,59,38.82,0,0.0,0,0.0,0,0.0,,,,,1.265,3.3895,0.3923,0.116,1.265,1.0168,0.8452,0.831,1.486,0.002357,0.1793,0.0172,100.0,0.0,127.7,97.996,2.629,-2.0,99.955,0.951,123.27,99.898,1.417,-0.06,99.955,123.28,99.895,-0.06,113039.64,173624.62,865.74,0.0,0.9,73.0,0.0,26.0,0.0,0.0,103045,0.0,2.4,86.0,0.0,11.6,0.0,0.0,362080,259.89,315.54,0.7662,0.0245,0.00511,100.0,0.0,99.961,0.847,99.961,113036.29,173603.61,845.08,362080,362006,9851,0.027207,0.027212,964,6479,2408,0,74,311049,9015,41942,0,12,75586,604,26843,0,3467,0,3456,0,0,0,ok,"physics_v2 (2026-09-29): δ/R* < DR_YIELD_ONSET → A = πR*δ (Hertz, legacy 와 같다) · 그 위 → A = U = min(A_tabor, A_volume, A_geom) = cap 은 **전체 접촉면적**의 한계 (L = max(πR*δ, A_LIGG) > U 면 cap_conflict 로 세고 U 를 낸다 — A 는 A_LIGG · πR*δ 보다 작을 수 있다) · A_volume = 정확한 전체 lens(r1, r2, δ) / (H_FILM_MIN × length_scale) · 모든 상 쌍에 AM–SE E* · SE H 를 쓴다 (L1-03 은 그대로 열려 있다) · 피복률 분모 = 4πr² − Σ A_v2(AM–AM) > 0 이고 반경 · 표면적이 유한 양수인 AM 만 — 아니면 침대 빈칸 + 사유 · 제외 수 진단 (LHSC-01 (a) · 2026-09-30)",5e-06,,,,,,,
lhsx_009,lhsx_009,bimodal,1000,0.0074635,0.0006831,0.0009378,0.3,0.0074635,0.0006831,0.0009378,1e-06,0.003,0.01,0.3,0.05,0.05,0.133,64.6:35.4,-1.213211994194574,34.0759,mesh,7:3,65:35,7.811849649607136,1.8762956424588542,7.811849649607136,0.3677509098069381,0.3677509098069381,14127,7.852764210377292,1.8766701027148545,289,1e-05,100.0,100.0,1,1,1.4049347122063724,1.403820232711909,0.12766520544896098,False,1.4049347122063724,99.95280235988201,15,7.46,8460,0.68,14127,0.94,188.961251102,1619,0.11671479376281656,4262.964197200007,3245,1.3137023720184922,61.002919999999996,11,5.545719999999999,408.18021288299894,9593,0.04254979806973824,19646.715744959238,50126,0.39194660944338744,28708.07195945691,55179,0.5202716968313472,23909.679942159244,53371,0.4479901059031917,41.8020015141294,4.6271049404917575,40.34447753961087,10.414840304945612,208.21753535425427,0.447272559445442,1.3860509699058323,0.7693990023504621,407.4492494013808,6542.046308667113,543.6787996494174,1348.0215198059711,23556.298478626715,57632.800469264024,180.0638469583829,730.4016413385173,203.83829260863072,786.5360745687384,239.9804668938476,910.2145591326256,806.1484550659703,10240.335279944951,20.92316173591821,93.32674571805006,85.67122807310496,0.25958702064896755,6.297463126843658,9.007614579228642,6.0,250,216.33333333333334,21.889622097138993,217.0,250,15,0.0,5.925059101654846,1.4403213897345455,6.0,10,8460,0.26004728132387706,42.680334925122914,0.2902482501374264,0.5729040546480405,0.43922806529390523,2.648495575221239,4.7183051344127644,11223,0.058642464936737054,658.144383985,300.0,1.35,10992,181,37,11,2,10939,253,26,4,1,11223,11223,97.94,1.61,0.33,0.1,0.02,0.0012,97.47,2.25,0.23,0.04,0.01,0.0004,11,0,0.0,1,9.09,6,54.55,2,18.18,2,18.18,9593,9593,100.0,0,0.0,0,0.0,0,0.0,0,0.0,1619,1399,86.41,180,11.12,31,1.91,9,0.56,0,0.0,11,0,0.0,0,0.0,7,63.64,3,27.27,1,9.09,9593,9593,100.0,0,0.0,0,0.0,0,0.0,0,0.0,1619,1346,83.14,253,15.63,19,1.17,1,0.06,0,0.0,7.463,1.7992,13.5231,7.516,0.683,1.8297,0.1683,0.092,0.683,0.5489,0.3511,0.64,0.845,0.015898,0.6446,0.1233,99.907,0.349,139.0,93.209,8.78,-6.7,97.598,9.484,141.91,96.616,10.894,-1.01,97.602,141.91,96.61,-1.02,91723.86,119199.44,1033.0,0.0,1.2,78.9,0.0,19.9,0.0,0.0,53371,0.0,3.8,84.8,0.0,11.3,0.1,0.0,119773,283.63,315.21,2.888,0.2508,0.046686,,,,,,,,,,,,,,,,,,,,,,,,,,,,8475,3,7635,0,0,0,blank: AM 3 개의 v2 자유 표면 ≤ 0 = 분모 무효 (첫 사례 id 15813: 4πr² 5.864e-06 − ΣA_v2(AM–AM) 6.002e-06 = -1.378e-07 — 이웃 AM–AM v2 면적 합이 표면적 이상) (LHSC-01),"physics_v2 (2026-09-29): δ/R* < DR_YIELD_ONSET → A = πR*δ (Hertz, legacy 와 같다) · 그 위 → A = U = min(A_tabor, A_volume, A_geom) = cap 은 **전체 접촉면적**의 한계 (L = max(πR*δ, A_LIGG) > U 면 cap_conflict 로 세고 U 를 낸다 — A 는 A_LIGG · πR*δ 보다 작을 수 있다) · A_volume = 정확한 전체 lens(r1, r2, δ) / (H_FILM_MIN × length_scale) · 모든 상 쌍에 AM–SE E* · SE H 를 쓴다 (L1-03 은 그대로 열려 있다) · 피복률 분모 = 4πr² − Σ A_v2(AM–AM) > 0 이고 반경 · 표면적이 유한 양수인 AM 만 — 아니면 침대 빈칸 + 사유 · 제외 수 진단 (LHSC-01 (a) · 2026-09-30)",5e-06,,,,,,,
lhsx_010,lhsx_010,bimodal,1000,0.00358,0.0008374,0.0006065,0.3,0.00358,0.0008374,0.0006065,1e-06,0.003,0.01,0.3,0.05,0.05,0.133,61.3:38.7,-1.608837626937154,37.1068,mesh,9:1,61:39,9.403051902088924,1.9773873282422394,9.403051902088924,0.44275898733576113,0.44275898733576113,60749,9.473933727304154,1.9844660616911256,2153,1e-05,100.0,100.0,1,1,1.297075167399841,1.2918059513817708,0.09844180601595942,False,1.297075167399841,99.95124329595319,171,3.58,1880,0.84,60749,0.61,91.7766254499999,949,0.09670877286617481,13753.50442965004,26516,0.5186869976485909,124.619871,174,0.7162061551724139,25.924688011999994,598,0.043352321090300995,7870.737953051003,28075,0.2803468549617455,62165.29480934263,285613,0.21765569077507896,21624.242382701043,54591,0.3961136887527439,50.554076347371264,3.5355462167002902,47.89585505731556,6.503450563872063,109.24794289597517,0.37026138865051816,0.7689525157093055,1.0089228558989822,349.2785162258231,2965.838233632104,216.02892836202724,685.2033752844479,2991.2563705762955,11668.2696897912,181.72372184838719,953.0988393592766,133.07379282667287,479.4789731302094,100.36930670626076,381.8203199715803,458.46462878592854,14632.410692516876,21.063209021040855,92.77312448474855,91.92308254734225,0.04875670404680643,26.6167723061921,38.904255469405896,15.0,175,155.06432748538012,10.115789406069998,157.0,175,171,0.0,14.933510638297872,2.171709889840608,15.0,20,1880,0.05319148936170213,102.43127519911155,0.36374443398857814,0.6119650870409634,0.4041232892284081,1.6782057532910775,2.1256961227847895,1721,0.14080254762463684,242.32118446200002,300.0,1.35,1536,119,61,5,0,1486,137,96,2,0,1721,1721,89.25,6.91,3.54,0.29,0.0,0.0029,86.35,7.96,5.58,0.12,0.0,0.0012,174,44,25.29,72,41.38,53,30.46,5,2.87,0,0.0,598,598,100.0,0,0.0,0,0.0,0,0.0,0,0.0,949,894,94.2,47,4.95,8,0.84,0,0.0,0,0.0,174,12,6.9,66,37.93,94,54.02,2,1.15,0,0.0,598,598,100.0,0,0.0,0,0.0,0,0.0,0,0.0,949,876,92.31,71,7.48,2,0.21,0,0.0,0,0.0,3.58,0.863,2.7638,3.202,0.837,2.243,0.1671,0.074,0.837,0.6729,0.298,0.443,1.204,0.003512,0.2434,0.031,100.0,0.0,97.81,99.848,1.191,-0.15,99.891,2.585,108.56,99.861,2.769,-0.03,99.9,107.62,99.86,-0.04,76366.58,257975.03,309.18,0.0,0.8,73.7,0.0,25.4,0.0,0.0,54591,0.0,1.9,89.6,0.0,8.5,0.0,0.0,341925,253.15,314.98,1.0566,0.047,0.008505,100.0,0.0,99.897,2.54,99.906,76364.7,257956.64,297.9,341925,341879,6770,0.0198,0.019802,464,5446,860,0,46,306805,6160,28914,0,3,40459,257,13872,0,2051,0,2045,0,0,0,ok,"physics_v2 (2026-09-29): δ/R* < DR_YIELD_ONSET → A = πR*δ (Hertz, legacy 와 같다) · 그 위 → A = U = min(A_tabor, A_volume, A_geom) = cap 은 **전체 접촉면적**의 한계 (L = max(πR*δ, A_LIGG) > U 면 cap_conflict 로 세고 U 를 낸다 — A 는 A_LIGG · πR*δ 보다 작을 수 있다) · A_volume = 정확한 전체 lens(r1, r2, δ) / (H_FILM_MIN × length_scale) · 모든 상 쌍에 AM–SE E* · SE H 를 쓴다 (L1-03 은 그대로 열려 있다) · 피복률 분모 = 4πr² − Σ A_v2(AM–AM) > 0 이고 반경 · 표면적이 유한 양수인 AM 만 — 아니면 침대 빈칸 + 사유 · 제외 수 진단 (LHSC-01 (a) · 2026-09-30)",5e-06,,,,,,,
lhsx_011,lhsx_011,bimodal,1000,0.0057763,0.0019512,0.0005118,0.3,0.0057763,0.0019512,0.0005118,1e-06,0.003,0.01,0.3,0.05,0.05,0.133,62.8:37.2,-0.9819295222258884,25.1069,mesh,5:5,63:37,9.536007237635706,1.9508821375325356,9.536007237635706,0.442146942719974,0.442146942719974,66320,9.624185765983112,1.962522832730664,2924,1e-05,100.0,100.0,1,1,1.4525603374966736,1.4447709401281732,0.19565514016669633,False,1.4525603374966736,100.0,16,5.78,425,1.95,66320,0.51,61.306081600000006,128,0.47895376250000005,3199.574579419986,8191,0.3906207519741162,20.097571,9,2.2330634444444444,74.61224950000008,350,0.21317785571428594,10005.271294691996,30854,0.3242779313765475,48260.47314166457,316214,0.15261965991911988,13204.845874111983,39045,0.33819556599083067,48.424292267916236,2.967384966532773,49.70314813543236,3.8365179506971443,127.99082417074183,0.29168245842264,0.4592538504529358,1.0036361609502824,1809.7764672446049,6679.334023358915,158.29637621932957,440.4119835631179,9396.708556706464,12666.387684466317,890.916420261299,4306.350983442943,137.60250375974127,481.9112591764173,70.27450164575683,263.7301151670017,444.08142434473405,26916.421678060968,20.780555180979622,94.4175459163736,92.02689559404745,0.0,88.5374149659864,82.48105166380357,73.0,555,511.9375,26.451532918717586,514.0,555,16,0.0,72.59764705882353,5.470390382253909,73.0,88,425,0.0,181.590369079327,0.28121113099355516,0.5933362330143558,0.4164830622079031,2.2086167800453516,1.8655531519881798,487,0.3203611952772074,156.0159021,300.0,1.35,440,33,14,0,0,419,55,13,0,0,487,487,90.35,6.78,2.87,0.0,0.0,0.0,86.04,11.29,2.67,0.0,0.0,0.0,9,1,11.11,0,0.0,8,88.89,0,0.0,0,0.0,350,349,99.71,1,0.29,0,0.0,0,0.0,0,0.0,128,90,70.31,32,25.0,6,4.69,0,0.0,0,0.0,9,0,0.0,1,11.11,8,88.89,0,0.0,0,0.0,350,350,100.0,0,0.0,0,0.0,0,0.0,0,0.0,128,69,53.91,54,42.19,5,3.91,0,0.0,0,0.0,5.776,1.3925,10.0896,7.246,1.951,5.2264,0.8299,0.159,1.951,1.5679,1.4922,0.952,1.616,0.002515,0.1701,0.0177,100.0,0.0,106.51,99.54,1.376,-0.46,100.0,0.0,101.19,100.0,0.0,0.0,100.0,101.38,99.983,-0.02,44553.71,198879.73,196.78,0.0,0.8,64.8,0.0,34.4,0.0,0.0,39045,0.0,1.9,90.1,0.0,8.1,0.0,0.0,355746,237.4,312.1,0.7345,0.0259,0.005676,100.0,0.0,100.0,0.0,100.0,44552.56,198853.54,190.58,355746,355708,8536,0.023995,0.023997,302,8002,232,0,38,316439,10620,28649,0,4,25464,130,13447,0,441,0,441,0,0,0,ok,"physics_v2 (2026-09-29): δ/R* < DR_YIELD_ONSET → A = πR*δ (Hertz, legacy 와 같다) · 그 위 → A = U = min(A_tabor, A_volume, A_geom) = cap 은 **전체 접촉면적**의 한계 (L = max(πR*δ, A_LIGG) > U 면 cap_conflict 로 세고 U 를 낸다 — A 는 A_LIGG · πR*δ 보다 작을 수 있다) · A_volume = 정확한 전체 lens(r1, r2, δ) / (H_FILM_MIN × length_scale) · 모든 상 쌍에 AM–SE E* · SE H 를 쓴다 (L1-03 은 그대로 열려 있다) · 피복률 분모 = 4πr² − Σ A_v2(AM–AM) > 0 이고 반경 · 표면적이 유한 양수인 AM 만 — 아니면 침대 빈칸 + 사유 · 제외 수 진단 (LHSC-01 (a) · 2026-09-30)",5e-06,,,,,,,
lhsx_012,lhsx_012,standard,1000,,,0.0009175,0.3,,,0.0009175,1e-06,0.003,0.01,0.3,0.05,0.05,0.133,60.0:40.0,-5.025219847047047,27.9408,mesh,0:10,60:40,7.832544802867384,2.179257455655147,7.833667909377689,0.4013373377857161,0.40139488543954255,13948,7.872831541218638,2.1814861783958275,281,1e-05,99.98566308243727,99.99283154121864,3,1,1.4740288624831457,1.4512340928383667,0.172093308841419,False,1.4740288624831457,100.0,,,1184,1.79,13950,0.92,,,,,,,,,,440.1974285199999,1974,0.22299768415400195,23480.49226799514,25725,0.9127499423904817,29612.548657074978,54632,0.5420366938255047,23480.49226799514,25725,0.9127499423904817,,,50.40376209302827,6.186085177851576,60.65580792644006,,0.7000874052920265,1.0254549471063974,,,,,,,941.8325752442051,3680.9474819129105,422.340236357945,1315.7079365759187,252.45306879008774,924.1324359819863,536.8163105192251,25267.213878081126,23.73325482028968,86.94223433242506,91.50016397225832,0.0,21.727195945945947,2.957880605741449,22.0,32,,,,,,,21.727195945945947,2.957880605741449,22.0,32,1184,0.0,21.727195945946313,0.29732261694183537,0.6461036438518624,0.4041485546186081,3.3344594594594597,1.377164774427531,1974,0.22299768415400203,440.19742852,300.0,1.35,1973,1,0,0,0,1974,0,0,0,0,1974,1974,99.95,0.05,0.0,0.0,0.0,0.0,100.0,0.0,0.0,0.0,0.0,0.0,0,0,0.0,0,0.0,0,0.0,0,0.0,0,0.0,1974,1973,99.95,1,0.05,0,0.0,0,0.0,0,0.0,0,0,0.0,0,0.0,0,0.0,0,0.0,0,0.0,0,0,0.0,0,0.0,0,0.0,0,0.0,0,0.0,1974,1974,100.0,0,0.0,0,0.0,0,0.0,0,0.0,0,0,0.0,0,0.0,0,0.0,0,0.0,0,0.0,,,,,1.785,4.7826,0.8823,0.184,,,,,0.928,0.017251,0.6272,0.1315,,,,,,,100.0,0.0,98.4,99.983,0.373,-0.02,100.0,98.4,99.983,-0.02,87715.04,126523.62,601.71,0.0,0.9,69.1,0.0,30.0,0.0,0.0,25725,0.0,2.3,81.9,0.0,15.7,0.0,0.0,82331,273.57,327.26,2.7995,0.2838,0.049481,,,100.0,0.0,100.0,87713.35,126519.14,590.74,82331,82301,1879,0.022823,0.022831,235,969,675,0,30,68946,398,12957,0,6,17964,37,7718,0,1184,0,1184,0,0,0,ok,"physics_v2 (2026-09-29): δ/R* < DR_YIELD_ONSET → A = πR*δ (Hertz, legacy 와 같다) · 그 위 → A = U = min(A_tabor, A_volume, A_geom) = cap 은 **전체 접촉면적**의 한계 (L = max(πR*δ, A_LIGG) > U 면 cap_conflict 로 세고 U 를 낸다 — A 는 A_LIGG · πR*δ 보다 작을 수 있다) · A_volume = 정확한 전체 lens(r1, r2, δ) / (H_FILM_MIN × length_scale) · 모든 상 쌍에 AM–SE E* · SE H 를 쓴다 (L1-03 은 그대로 열려 있다) · 피복률 분모 = 4πr² − Σ A_v2(AM–AM) > 0 이고 반경 · 표면적이 유한 양수인 AM 만 — 아니면 침대 빈칸 + 사유 · 제외 수 진단 (LHSC-01 (a) · 2026-09-30)",5e-06,,,0.0017855,0.0017855,,,
lhsx_013,lhsx_013,standard,1000,,,0.0008483,0.3,,,0.0008483,1e-06,0.003,0.01,0.3,0.05,0.05,0.133,62.0:38.0,-2.105056890122947,34.768,mesh,10:0,62:38,10.044394793083349,1.9180234684704334,10.045370640240941,0.4744634049894602,0.47450950072491044,20586,10.099766854478338,1.9275930242031256,570,1e-05,99.99028560326404,99.99028560326404,3,1,1.3247616812876617,1.3149062567663146,0.11633235713330127,False,1.3247616812876617,100.0,27,6.83,,,20588,0.85,,,,7945.067440909984,7475,1.0628852763759176,163.69312200000002,41,3.992515170731708,,,,,,,44166.774428528675,103397,0.4271572137347184,7945.067440909984,7475,1.0628852763759176,51.174625525486896,4.005856719405482,,,128.74930271523286,0.5569671575513285,,1.000581012567812,,,439.0318014726009,1500.6875633975246,16873.60735634108,43070.706144052245,,,,,197.05736092527766,770.1559383009716,444.77258285217164,80394.3489979434,20.971102368370452,102.10338323706236,92.14880131274062,0.0,276.85185185185185,15.373627499603685,279.0,299,276.85185185185185,15.373627499603685,279.0,299,27,0.0,,,,,,,276.85185185185185,0.3450751979421341,0.6056635701744674,0.4153869987267621,3.037037037037037,1.3738694067401043,41,3.992515170731707,163.693122,300.0,1.35,2,5,19,14,1,0,3,23,15,0,41,41,4.88,12.2,46.34,34.15,2.44,0.3659,0.0,7.32,56.1,36.59,0.0,0.3659,41,2,4.88,5,12.2,19,46.34,14,34.15,1,2.44,0,0,0.0,0,0.0,0,0.0,0,0.0,0,0.0,0,0,0.0,0,0.0,0,0.0,0,0.0,0,0.0,41,0,0.0,3,7.32,23,56.1,15,36.59,0,0.0,0,0,0.0,0,0.0,0,0.0,0,0.0,0,0.0,0,0,0.0,0,0.0,0,0.0,0,0.0,0,0.0,6.835,1.6476,14.859,9.019,,,,,,,,,0.906,0.010257,0.4762,0.0723,100.0,0.0,95.41,100.0,0.0,0.0,,,,,,,100.0,95.41,100.0,0.0,25730.65,183426.57,246.13,0.0,0.4,55.5,0.0,44.1,0.0,0.0,7475,0.0,1.8,90.1,0.0,8.0,0.0,0.0,110913,223.86,315.3,2.0505,0.1296,0.026356,100.0,0.0,,,100.0,25730.23,183418.46,243.77,110913,110877,1987,0.017915,0.017921,33,1943,11,0,36,101064,893,8920,0,0,4175,5,3295,0,27,0,27,0,0,0,ok,"physics_v2 (2026-09-29): δ/R* < DR_YIELD_ONSET → A = πR*δ (Hertz, legacy 와 같다) · 그 위 → A = U = min(A_tabor, A_volume, A_geom) = cap 은 **전체 접촉면적**의 한계 (L = max(πR*δ, A_LIGG) > U 면 cap_conflict 로 세고 U 를 낸다 — A 는 A_LIGG · πR*δ 보다 작을 수 있다) · A_volume = 정확한 전체 lens(r1, r2, δ) / (H_FILM_MIN × length_scale) · 모든 상 쌍에 AM–SE E* · SE H 를 쓴다 (L1-03 은 그대로 열려 있다) · 피복률 분모 = 4πr² − Σ A_v2(AM–AM) > 0 이고 반경 · 표면적이 유한 양수인 AM 만 — 아니면 침대 빈칸 + 사유 · 제외 수 진단 (LHSC-01 (a) · 2026-09-30)",5e-06,,,0.0068345,0.0068345,,,
lhsx_014,lhsx_014,bimodal,1000,0.0026988,0.0014896,0.0007251,0.3,0.0026988,0.0014896,0.0007251,1e-06,0.003,0.01,0.3,0.05,0.05,0.133,64.1:35.9,-3.0537868470020824,26.988000000000003,mesh,1:9,64:36,7.558568677792041,2.17069341218406,7.560388411844956,0.3784460139817047,0.3785371252923495,24922,7.614650192554557,2.1754915649131594,699,1e-05,99.97593068035944,99.98796534017971,7,1,1.5044240258759083,1.50504655405895,0.18167249548398973,False,1.5044240258759083,100.0,42,2.7,1897,1.49,24928,0.73,81.28111340000005,309,0.2630456744336572,1820.970638359998,2560,0.7113166556093742,3.512167,7,0.5017381428571428,522.5640344940991,3211,0.16274183571912149,24780.14867808785,43349,0.571642913979281,31164.994167835233,94210,0.3308034621360284,26601.11931644785,45909,0.5794314691334564,48.45934256130933,4.409813312127477,47.82395646712887,5.959705630428374,66.45063841256557,0.45774867441897793,0.740942814636361,1.0206276490817245,1063.5119365296434,3410.008971615484,308.49230482268615,828.9175234684087,2121.6760049234836,4140.142047080149,686.6733375876632,2911.7051089632273,261.8129190693845,873.8111377242797,153.74348145855825,539.8460386563933,537.9112151991657,143972.80724166485,23.33588423145516,91.58902220383396,91.18109797697117,0.0,23.676637441980404,6.410017128324701,23.0,75,60.95238095238095,5.991869018183371,60.0,75,42,0.0,22.851344227727992,3.123877052616279,23.0,33,1897,0.0,25.432728961171232,0.26062374744354244,0.5900095625724704,0.44052830589755043,3.6379577101598763,1.5538878543561438,3527,0.1722022440867876,607.3573148940999,300.0,1.35,3439,82,6,0,0,3408,116,3,0,0,3527,3527,97.5,2.32,0.17,0.0,0.0,0.0,96.63,3.29,0.09,0.0,0.0,0.0,7,1,14.29,4,57.14,2,28.57,0,0.0,0,0.0,3211,3206,99.84,5,0.16,0,0.0,0,0.0,0,0.0,309,232,75.08,73,23.62,4,1.29,0,0.0,0,0.0,7,0,0.0,4,57.14,3,42.86,0,0.0,0,0.0,3211,3211,100.0,0,0.0,0,0.0,0,0.0,0,0.0,309,197,63.75,112,36.25,0,0.0,0,0.0,0,0.0,2.699,0.6506,1.6231,2.495,1.49,3.99,0.6254,0.157,1.49,1.197,0.9473,0.791,1.173,0.006795,0.3666,0.0439,100.0,0.0,106.36,99.803,0.781,-0.2,99.998,0.066,109.1,99.961,0.547,-0.04,99.998,109.04,99.958,-0.04,97715.05,132233.86,857.08,0.0,0.9,69.1,0.0,30.0,0.0,0.0,45909,0.0,2.3,82.3,0.0,15.3,0.0,0.0,143646,267.33,324.3,1.6163,0.0666,0.016705,100.0,0.0,99.999,0.018,99.999,97712.94,132227.78,843.24,143646,143590,3355,0.023356,0.023365,424,1762,1169,0,56,120219,1412,21959,0,15,31998,131,13765,0,1939,0,1937,0,0,0,ok,"physics_v2 (2026-09-29): δ/R* < DR_YIELD_ONSET → A = πR*δ (Hertz, legacy 와 같다) · 그 위 → A = U = min(A_tabor, A_volume, A_geom) = cap 은 **전체 접촉면적**의 한계 (L = max(πR*δ, A_LIGG) > U 면 cap_conflict 로 세고 U 를 낸다 — A 는 A_LIGG · πR*δ 보다 작을 수 있다) · A_volume = 정확한 전체 lens(r1, r2, δ) / (H_FILM_MIN × length_scale) · 모든 상 쌍에 AM–SE E* · SE H 를 쓴다 (L1-03 은 그대로 열려 있다) · 피복률 분모 = 4πr² − Σ A_v2(AM–AM) > 0 이고 반경 · 표면적이 유한 양수인 AM 만 — 아니면 침대 빈칸 + 사유 · 제외 수 진단 (LHSC-01 (a) · 2026-09-30)",5e-06,,,,,,,
lhsx_015,lhsx_015,bimodal,1000,0.0041267,0.0021886,0.000759,0.3,0.0041267,0.0021886,0.000759,1e-06,0.003,0.01,0.3,0.05,0.05,0.133,61.0:39.0,-4.2966464896070145,30.041800000000006,mesh,3:7,61:39,9.015278691060999,2.114823316250699,9.015627417607922,0.4508043869176385,0.45082182480975197,25852,9.06533090937222,2.119753060642382,647,1e-05,99.99613197694657,99.99613197694657,2,1,1.3939185345323946,1.40826198753625,0.14781001270224167,False,1.3939185345323946,100.0,32,4.13,491,2.19,25853,0.76,85.67222882000004,182,0.4707265319780222,3550.4165340799973,4197,0.8459415139575882,7.7144673,7,1.1020667571428573,160.40226752239997,527,0.30436862907476275,15559.742029270968,21837,0.7125402770193237,42185.431915006004,116536,0.3619948506470619,19110.158563350968,26034,0.7340461920316113,52.61829253212061,3.668208766422849,53.36095037926127,4.830003223820425,86.19346554592308,0.38376726684539325,0.5645742086083143,1.0090323564396497,1891.5699469135943,9024.424562962451,358.7676307178316,974.6674960421118,4650.281974135998,8529.971340614224,1281.9620281856864,4506.399263576631,314.3801673163766,938.9831941080787,168.00966761338688,632.7858112325607,460.65959221081624,7507.15832355959,23.006285489289233,86.05428194993414,92.76761162988709,0.0,49.77820267686425,21.274688571753025,45.0,144,131.15625,7.81468719383572,133.5,144,32,0.0,44.4745417515275,4.289529660527124,45.0,56,491,0.0,60.78105487730108,0.32446461377410357,0.6304620125210573,0.4125044523750129,2.7380497131931167,1.5540687427473825,716,0.35445385983575417,253.7889636424,300.0,1.35,659,49,8,0,0,622,87,7,0,0,716,716,92.04,6.84,1.12,0.0,0.0,0.0,86.87,12.15,0.98,0.0,0.0,0.0,7,2,28.57,1,14.29,4,57.14,0,0.0,0,0.0,527,525,99.62,2,0.38,0,0.0,0,0.0,0,0.0,182,132,72.53,46,25.27,4,2.2,0,0.0,0,0.0,7,1,14.29,1,14.29,5,71.43,0,0.0,0,0.0,527,527,100.0,0,0.0,0,0.0,0,0.0,0,0.0,182,94,51.65,86,47.25,2,1.1,0,0.0,0,0.0,4.127,0.9948,5.0927,5.119,2.189,5.8623,1.191,0.203,2.189,1.7587,1.6694,0.949,1.017,0.00887,0.419,0.0662,100.0,0.0,90.05,100.0,0.0,0.0,100.0,0.0,87.4,100.0,0.0,0.0,100.0,87.56,100.0,0.0,66381.17,178963.3,335.83,0.0,0.7,61.7,0.0,37.6,0.0,0.0,26034,0.0,1.7,85.0,0.0,13.3,0.0,0.0,143286,247.36,324.23,1.8569,0.1223,0.023848,100.0,0.0,100.0,0.0,100.0,66379.93,178955.94,326.88,143286,143251,2489,0.017371,0.017375,188,2004,297,0,35,122937,1282,19032,0,5,16200,42,9787,0,523,0,523,0,0,0,ok,"physics_v2 (2026-09-29): δ/R* < DR_YIELD_ONSET → A = πR*δ (Hertz, legacy 와 같다) · 그 위 → A = U = min(A_tabor, A_volume, A_geom) = cap 은 **전체 접촉면적**의 한계 (L = max(πR*δ, A_LIGG) > U 면 cap_conflict 로 세고 U 를 낸다 — A 는 A_LIGG · πR*δ 보다 작을 수 있다) · A_volume = 정확한 전체 lens(r1, r2, δ) / (H_FILM_MIN × length_scale) · 모든 상 쌍에 AM–SE E* · SE H 를 쓴다 (L1-03 은 그대로 열려 있다) · 피복률 분모 = 4πr² − Σ A_v2(AM–AM) > 0 이고 반경 · 표면적이 유한 양수인 AM 만 — 아니면 침대 빈칸 + 사유 · 제외 수 진단 (LHSC-01 (a) · 2026-09-30)",5e-06,,,,,,,
lhsx_016,lhsx_016,bimodal,1000,0.0046757,0.0017198,0.000674,0.3,0.0046757,0.0017198,0.000674,1e-06,0.003,0.01,0.3,0.05,0.05,0.133,63.2:36.8,-2.541126861907528,39.657900000000005,mesh,6:4,63:37,9.279607477041315,2.0767912045678383,9.279607477041315,0.44643940271248694,0.44643940271248694,46061,9.336445148824385,2.0846645758691045,1309,1e-05,100.0,100.0,1,1,1.2909501921123436,1.295279229681931,0.08982003078423637,False,1.2909501921123436,100.0,61,4.68,773,1.72,46061,0.67,122.62713690999996,380,0.32270299186842094,8399.874804020004,12451,0.6746345517645173,66.4543456,54,1.2306360296296295,94.52994721000012,574,0.1646863191811849,14527.59975513003,28455,0.5105464682878239,58694.24793541783,213714,0.2746392278251207,22927.474559150032,40906,0.560491726376327,50.89107787203857,4.1397325591374905,51.09707418892652,5.144563433234701,109.0029363968788,0.34459850171808065,0.5206291600479034,1.008912814543283,1230.4399143249618,6268.823875333873,280.98252168579745,747.6778936447166,5173.630767080876,13871.323481589636,690.8200133060103,3198.7998546781573,225.72938048092985,756.5979063868734,126.93927692248866,462.5371150280267,454.91598214247585,28137.49823533412,21.886719201488308,89.12922848664687,92.44957516391005,0.0,49.04796163069545,43.89151769512261,37.0,231,204.11475409836066,14.112078724381428,208.0,231,61,0.0,36.8111254851229,3.937812895771714,37.0,48,773,0.0,98.44669910807404,0.3575303930449345,0.5958431340710094,0.42956813454806586,2.41726618705036,2.007417709297218,1008,0.28136054535714283,283.61142972,300.0,1.35,902,68,37,1,0,835,133,39,1,0,1008,1008,89.48,6.75,3.67,0.1,0.0,0.001,82.84,13.19,3.87,0.1,0.0,0.001,54,12,22.22,16,29.63,25,46.3,1,1.85,0,0.0,574,573,99.83,1,0.17,0,0.0,0,0.0,0,0.0,380,317,83.42,51,13.42,12,3.16,0,0.0,0,0.0,54,2,3.7,16,29.63,35,64.81,1,1.85,0,0.0,574,574,100.0,0,0.0,0,0.0,0,0.0,0,0.0,380,259,68.16,117,30.79,4,1.05,0,0.0,0,0.0,4.676,1.1272,4.2776,3.795,1.72,4.6066,0.5844,0.127,1.72,1.382,1.0214,0.739,1.089,0.004525,0.3058,0.0331,100.0,0.0,96.5,99.854,0.615,-0.15,100.0,0.0,95.71,99.988,0.334,-0.01,100.0,95.76,99.978,-0.02,79487.99,245555.96,358.59,0.0,0.8,65.7,0.0,33.5,0.0,0.0,40906,0.0,1.8,87.6,0.0,10.5,0.0,0.0,255628,246.69,318.36,1.3306,0.047,0.010806,100.0,0.0,100.0,0.0,100.0,79486.31,245542.66,343.36,255628,255580,4701,0.01839,0.018393,315,3839,547,0,48,225352,3348,26880,0,0,27118,85,13703,0,834,0,834,0,0,0,ok,"physics_v2 (2026-09-29): δ/R* < DR_YIELD_ONSET → A = πR*δ (Hertz, legacy 와 같다) · 그 위 → A = U = min(A_tabor, A_volume, A_geom) = cap 은 **전체 접촉면적**의 한계 (L = max(πR*δ, A_LIGG) > U 면 cap_conflict 로 세고 U 를 낸다 — A 는 A_LIGG · πR*δ 보다 작을 수 있다) · A_volume = 정확한 전체 lens(r1, r2, δ) / (H_FILM_MIN × length_scale) · 모든 상 쌍에 AM–SE E* · SE H 를 쓴다 (L1-03 은 그대로 열려 있다) · 피복률 분모 = 4πr² − Σ A_v2(AM–AM) > 0 이고 반경 · 표면적이 유한 양수인 AM 만 — 아니면 침대 빈칸 + 사유 · 제외 수 진단 (LHSC-01 (a) · 2026-09-30)",5e-06,,,,,,,
lhsx_017,lhsx_017,standard,1000,,,0.0007888,0.3,,,0.0007888,1e-06,0.003,0.01,0.3,0.05,0.05,0.133,60.0:40.0,-4.220662885025139,31.3179,mesh,0:10,60:40,9.220893076607947,2.1484533706228484,9.220893076607947,0.4597842217734097,0.4597842217734097,24410,9.270299057763213,2.1568044132970114,603,1e-05,100.0,100.0,1,1,1.3632714041696181,1.3658382113614431,0.13760952376883284,False,1.3632714041696181,100.0,,,341,2.8,24410,0.79,,,,,,,,,,258.6135152300001,509,0.5080815623379177,17570.750938610996,21426,0.8200667851493978,43876.85748687019,112541,0.3898744234267528,17570.750938610996,21426,0.8200667851493978,,,53.0263556901914,4.8987860875022085,80.43482488886589,,0.4937204376943323,1.0070725657823119,,,,,,,2142.675328191818,9452.626875667947,355.70445858229544,1045.9898576037915,180.87461210110905,654.1347804871715,456.8584132383657,36008.51143531673,22.841043852275984,86.93166835699797,92.75335375829144,0.0,62.83284457478006,5.582091216406001,63.0,77,,,,,,,62.83284457478006,5.582091216406001,63.0,77,341,0.0,62.83284457477983,0.3448734825699885,0.6409504441197854,0.401256184730466,2.9853372434017595,1.3963995241817162,509,0.5080815623379176,258.61351523,300.0,1.35,502,7,0,0,0,508,1,0,0,0,509,509,98.62,1.38,0.0,0.0,0.0,0.0,99.8,0.2,0.0,0.0,0.0,0.0,0,0,0.0,0,0.0,0,0.0,0,0.0,0,0.0,509,502,98.62,7,1.38,0,0.0,0,0.0,0,0.0,0,0,0.0,0,0.0,0,0.0,0,0.0,0,0.0,0,0,0.0,0,0.0,0,0.0,0,0.0,0,0.0,509,508,99.8,1,0.2,0,0.0,0,0.0,0,0.0,0,0,0.0,0,0.0,0,0.0,0,0.0,0,0.0,,,,,2.802,7.5048,1.8159,0.242,,,,,0.969,0.008383,0.4342,0.047,,,,,,,100.0,0.0,88.59,100.0,0.0,0.0,100.0,88.59,100.0,0.0,60330.89,186032.12,353.99,0.0,0.8,59.2,0.0,40.0,0.0,0.0,21426,0.0,1.7,85.4,0.0,12.8,0.0,0.0,134476,243.36,323.99,1.9255,0.0876,0.019708,,,100.0,0.0,100.0,60329.61,186024.76,345.0,134476,134433,2345,0.017438,0.017444,173,1951,221,0,43,116145,1079,17209,0,5,12818,37,8566,0,341,0,341,0,0,0,ok,"physics_v2 (2026-09-29): δ/R* < DR_YIELD_ONSET → A = πR*δ (Hertz, legacy 와 같다) · 그 위 → A = U = min(A_tabor, A_volume, A_geom) = cap 은 **전체 접촉면적**의 한계 (L = max(πR*δ, A_LIGG) > U 면 cap_conflict 로 세고 U 를 낸다 — A 는 A_LIGG · πR*δ 보다 작을 수 있다) · A_volume = 정확한 전체 lens(r1, r2, δ) / (H_FILM_MIN × length_scale) · 모든 상 쌍에 AM–SE E* · SE H 를 쓴다 (L1-03 은 그대로 열려 있다) · 피복률 분모 = 4πr² − Σ A_v2(AM–AM) > 0 이고 반경 · 표면적이 유한 양수인 AM 만 — 아니면 침대 빈칸 + 사유 · 제외 수 진단 (LHSC-01 (a) · 2026-09-30)",5e-06,,,0.0028018,0.0028018,,,
lhsx_018,lhsx_018,bimodal,1000,0.0051972,0.0009129,0.0009832,0.3,0.0051972,0.0009129,0.0009832,1e-06,0.003,0.01,0.3,0.05,0.05,0.133,55.0:45.0,-3.786461324357804,27.2471,mesh,3:7,55:45,7.443570451436388,1.9284560998454496,7.444206926036768,0.37333343343090525,0.373365355913456,11695,7.478112175102599,1.933142007971598,202,1e-05,99.99145006839946,100.0,2,1,1.5106596703908044,1.5070533288545653,0.18171160923940738,False,1.5106596703908044,100.0,11,5.2,5543,0.91,11696,0.98,86.64214036999998,507,0.17089179560157788,1670.8602326000005,1106,1.5107235376130204,5.846126,3,1.9487086666666666,649.0269317721029,8561,0.07581204669689322,24858.526655391248,41214,0.6031573410829147,26521.485888158142,43530,0.6092691451449148,26529.386887991248,42320,0.6268758716444057,45.961377935357056,2.3879285257747336,43.79460177911268,9.689301498522058,98.54470242052155,0.488888217006167,1.2449914811315677,0.8843736704600423,608.8181631971482,3271.6503133990345,650.2095658800475,1424.67921989092,8225.461453697511,16722.77286859258,320.9237967275356,1688.9577517809614,308.70367490816244,1003.9079936922706,283.1278339151875,953.834721600493,821.3045360534281,19698.148995417905,21.03735930291789,75.82363895278782,85.21612709516334,0.018005041411595247,7.619733525387108,4.480439566811551,7.0,107,100.54545454545455,6.140234469370284,103.0,107,11,0.0,7.4353238318600035,1.6937961102696741,7.0,12,5543,0.018040772145047807,13.062173529948874,0.2995165885059757,0.6835830479941313,0.35428156524944676,3.2664746128916096,2.4226461861356836,9071,0.08174569486739058,741.5151981421001,300.0,1.35,8973,91,6,1,0,8920,148,2,1,0,9071,9071,98.92,1.0,0.07,0.01,0.0,0.0001,98.34,1.63,0.02,0.01,0.0,0.0001,3,1,33.33,0,0.0,1,33.33,1,33.33,0,0.0,8561,8557,99.95,4,0.05,0,0.0,0,0.0,0,0.0,507,415,81.85,87,17.16,5,0.99,0,0.0,0,0.0,3,0,0.0,1,33.33,1,33.33,1,33.33,0,0.0,8561,8561,100.0,0,0.0,0,0.0,0,0.0,0,0.0,507,359,70.81,147,28.99,1,0.2,0,0.0,0,0.0,5.197,1.2529,5.8115,4.638,0.913,2.4453,0.3017,0.123,0.913,0.7336,0.5757,0.785,0.889,0.01775,0.702,0.0856,100.0,0.0,117.57,99.552,1.14,-0.45,99.112,5.449,126.31,98.722,6.539,-0.39,99.114,126.29,98.723,-0.39,111111.33,112734.47,1133.27,0.0,1.1,84.6,0.0,14.3,0.0,0.0,42320,0.0,3.6,86.0,0.0,10.4,0.1,0.0,94921,318.82,325.07,3.1307,0.1458,0.043444,100.0,0.0,99.192,5.194,99.194,111109.15,112730.21,1122.63,94921,94850,3375,0.035556,0.035582,453,812,2110,0,71,83949,1047,9854,0,16,36091,151,6062,0,5554,0,5337,0,0,0,ok,"physics_v2 (2026-09-29): δ/R* < DR_YIELD_ONSET → A = πR*δ (Hertz, legacy 와 같다) · 그 위 → A = U = min(A_tabor, A_volume, A_geom) = cap 은 **전체 접촉면적**의 한계 (L = max(πR*δ, A_LIGG) > U 면 cap_conflict 로 세고 U 를 낸다 — A 는 A_LIGG · πR*δ 보다 작을 수 있다) · A_volume = 정확한 전체 lens(r1, r2, δ) / (H_FILM_MIN × length_scale) · 모든 상 쌍에 AM–SE E* · SE H 를 쓴다 (L1-03 은 그대로 열려 있다) · 피복률 분모 = 4πr² − Σ A_v2(AM–AM) > 0 이고 반경 · 표면적이 유한 양수인 AM 만 — 아니면 침대 빈칸 + 사유 · 제외 수 진단 (LHSC-01 (a) · 2026-09-30)",5e-06,,,,,,,
lhsx_019,lhsx_019,bimodal,1000,0.0045971,0.0023868,0.0007226,0.3,0.0045971,0.0023868,0.0007226,1e-06,0.003,0.01,0.3,0.05,0.05,0.133,56.8:43.2,-4.507902587378121,22.476200000000002,mesh,6:4,57:43,9.73309475261121,2.025184427941747,9.73309475261121,0.48522505138291017,0.48522505138291017,24031,9.791186384253672,2.032303038338485,698,1e-05,100.0,100.0,1,1,1.558084787231043,1.5610796455309957,0.221733719886021,False,1.558084787231043,100.0,29,4.6,157,2.39,24031,0.72,46.387910699999985,86,0.5393943104651161,4160.975468949994,5320,0.782138246043232,15.570322999999998,12,1.2975269166666665,31.84690360000001,84,0.37912980476190494,6090.196668169993,9095,0.6696203043617365,38255.23207536888,116948,0.3271131791511516,10251.172137119987,14415,0.7111461766992707,54.5816115377191,3.5600823591428066,54.70631280268871,4.848182505690731,102.22762145573382,0.33417023880786245,0.48334639309715405,1.0041789221987565,2157.6329212294163,11333.460644961891,328.77893328078153,951.416925664033,5467.31556699436,10098.781212385235,1594.891475767224,4772.128499551206,291.97452044916577,934.9158614410176,151.73219590559466,538.7027998989795,448.7214283324294,31390.25040131051,22.467144000520232,93.10240797121506,92.85643696073586,0.0,77.5,46.02725349742399,59.0,211,183.44827586206895,12.203973934172797,184.0,211,29,0.0,57.92993630573248,5.090411430422386,58.0,69,157,0.0,108.96669431463735,0.2784256571424164,0.6759139780520732,0.369165047821708,1.956989247311828,1.3982629661351347,182,0.5154128423076925,93.80513730000001,300.0,1.35,150,21,11,0,0,129,42,11,0,0,182,182,82.42,11.54,6.04,0.0,0.0,0.0,70.88,23.08,6.04,0.0,0.0,0.0,12,3,25.0,2,16.67,7,58.33,0,0.0,0,0.0,84,83,98.81,1,1.19,0,0.0,0,0.0,0,0.0,86,64,74.42,18,20.93,4,4.65,0,0.0,0,0.0,12,1,8.33,3,25.0,8,66.67,0,0.0,0,0.0,84,84,100.0,0,0.0,0,0.0,0,0.0,0,0.0,86,44,51.16,39,45.35,3,3.49,0,0.0,0,0.0,4.597,1.1082,5.304,4.786,2.387,6.3932,1.4348,0.224,2.387,1.918,1.8707,0.975,1.187,0.01079,0.3765,0.0809,100.0,0.0,83.21,100.0,0.0,0.0,100.0,0.0,82.79,100.0,0.0,0.0,100.0,82.86,100.0,0.0,34671.13,162065.99,129.06,0.0,0.7,57.7,0.0,41.6,0.0,0.0,14415,0.0,1.7,87.1,0.0,11.2,0.0,0.0,131545,238.22,323.64,1.6614,0.1659,0.031994,100.0,0.0,100.0,0.0,100.0,34670.47,162058.68,125.13,131545,131521,2248,0.017089,0.017092,101,2062,85,0,24,115273,1487,14761,0,2,8388,31,5994,0,186,0,186,0,0,0,ok,"physics_v2 (2026-09-29): δ/R* < DR_YIELD_ONSET → A = πR*δ (Hertz, legacy 와 같다) · 그 위 → A = U = min(A_tabor, A_volume, A_geom) = cap 은 **전체 접촉면적**의 한계 (L = max(πR*δ, A_LIGG) > U 면 cap_conflict 로 세고 U 를 낸다 — A 는 A_LIGG · πR*δ 보다 작을 수 있다) · A_volume = 정확한 전체 lens(r1, r2, δ) / (H_FILM_MIN × length_scale) · 모든 상 쌍에 AM–SE E* · SE H 를 쓴다 (L1-03 은 그대로 열려 있다) · 피복률 분모 = 4πr² − Σ A_v2(AM–AM) > 0 이고 반경 · 표면적이 유한 양수인 AM 만 — 아니면 침대 빈칸 + 사유 · 제외 수 진단 (LHSC-01 (a) · 2026-09-30)",5e-06,,,,,,,
lhsx_020,lhsx_020,bimodal,1000,0.0062987,0.0017372,0.0006265,0.3,0.0062987,0.0017372,0.0006265,1e-06,0.003,0.01,0.3,0.05,0.05,0.133,58.5:41.5,-3.073563684135139,28.9326,mesh,5:5,59:41,9.61701287591305,1.972707708952456,9.61701287591305,0.46390257447622346,0.46390257447622346,45589,9.684441422272917,1.9814576982921592,1537,1e-05,100.0,100.0,1,1,1.3882029924528507,1.3851813807135205,0.14516223730327835,False,1.3882029924528507,100.0,13,6.3,637,1.74,45589,0.63,50.90632539999999,125,0.40725060319999995,3303.018268505009,5434,0.6078428907811941,24.456977999999996,9,2.7174419999999997,77.90168782979008,499,0.1561156068733268,12602.264314257001,27573,0.45705089450756176,52156.55135972805,219215,0.23792419022296854,15905.28258276201,33007,0.4818760439531618,51.76331851656038,2.9182018237613123,52.59333608663205,4.939087646389779,127.6676881587552,0.4667206648064498,0.48193405153341035,1.007390832010589,1503.576811417515,5590.438297073406,250.23629008670446,606.5704695754649,11446.151892282438,19632.031034470172,654.1721460203722,3756.49353702359,200.46345959484313,694.7489014442556,109.97567037119104,404.32754107718165,450.6238716243449,18230.667404147905,21.707801838273586,93.72370311252992,92.51507781139388,0.0,50.78,52.71195368736073,44.0,464,418.0,20.97250947898591,416.0,464,13,0.0,43.285714285714285,4.25003462909523,44.0,52,637,0.0,122.55180895143577,0.3368825201412906,0.6492088474394648,0.38152678940188656,1.9476923076923076,1.7716665506984959,633,0.24212478867265408,153.26499122979,300.0,1.35,596,20,15,2,0,577,45,9,2,0,633,633,94.15,3.16,2.37,0.32,0.0,0.0032,91.15,7.11,1.42,0.32,0.0,0.0032,9,1,11.11,0,0.0,6,66.67,2,22.22,0,0.0,499,498,99.8,1,0.2,0,0.0,0,0.0,0,0.0,125,97,77.6,19,15.2,9,7.2,0,0.0,0,0.0,9,0,0.0,1,11.11,6,66.67,2,22.22,0,0.0,499,499,100.0,0,0.0,0,0.0,0,0.0,0,0.0,125,78,62.4,44,35.2,3,2.4,0,0.0,0,0.0,6.299,1.5184,10.8029,7.115,1.737,4.6532,0.5832,0.125,1.737,1.396,1.1848,0.849,1.229,0.004893,0.2655,0.0354,100.0,0.0,93.19,100.0,0.0,0.0,99.974,0.651,90.09,99.949,0.997,-0.03,99.975,90.15,99.95,-0.02,55371.33,218292.64,194.7,0.0,0.7,66.4,0.0,32.9,0.0,0.0,33007,0.0,1.8,88.6,0.0,9.6,0.0,0.0,252855,248.13,318.53,1.148,0.0604,0.012429,100.0,0.0,99.98,0.497,99.981,55370.2,218278.91,187.37,252855,252818,4590,0.018153,0.018155,232,4017,341,0,37,224403,4167,24248,0,2,22055,91,10859,0,650,0,649,0,0,0,ok,"physics_v2 (2026-09-29): δ/R* < DR_YIELD_ONSET → A = πR*δ (Hertz, legacy 와 같다) · 그 위 → A = U = min(A_tabor, A_volume, A_geom) = cap 은 **전체 접촉면적**의 한계 (L = max(πR*δ, A_LIGG) > U 면 cap_conflict 로 세고 U 를 낸다 — A 는 A_LIGG · πR*δ 보다 작을 수 있다) · A_volume = 정확한 전체 lens(r1, r2, δ) / (H_FILM_MIN × length_scale) · 모든 상 쌍에 AM–SE E* · SE H 를 쓴다 (L1-03 은 그대로 열려 있다) · 피복률 분모 = 4πr² − Σ A_v2(AM–AM) > 0 이고 반경 · 표면적이 유한 양수인 AM 만 — 아니면 침대 빈칸 + 사유 · 제외 수 진단 (LHSC-01 (a) · 2026-09-30)",5e-06,,,,,,,
lhsx_021,lhsx_021,bimodal,1000,0.0043282,0.0021491,0.0005916,0.3,0.0043282,0.0021491,0.0005916,1e-06,0.003,0.01,0.3,0.05,0.05,0.133,55.9:44.1,-2.6659314602780926,35.026,mesh,2:8,56:44,9.672243076286465,1.9385415988994334,9.672243076286465,0.4632949506146852,0.4632949506146852,67666,9.744864481423463,1.9466981019010732,2457,1e-05,100.0,100.0,1,1,1.3129754963597031,1.2984230524300306,0.10724597248545939,False,1.3129754963597031,100.0,16,4.33,620,2.15,67666,0.59,36.77169130000001,85,0.4326081329411766,1956.1325433499976,3775,0.5181808061854298,,,,141.6065399719999,622,0.2276632475434082,18732.52700634609,42459,0.44119096084095455,68938.8874401842,327241,0.2106670235092308,20688.659549696087,46234,0.44747717155548056,52.43979734487064,3.183397137483627,52.50825622221087,3.9721787482564603,94.37059583777855,0.2831302837313162,0.39958103245533894,1.0056709377728545,1707.1702101134633,4668.046586166451,214.13196629778085,573.7705528049117,,,948.3947628777737,4193.607375458509,188.88582478172583,588.3956248471346,97.30155355804168,361.16906034520736,447.6223420312157,13129.385943930543,21.56814489950627,86.7662271805274,92.49910471374892,0.0,72.69496855345912,26.803818602312578,69.0,257,235.9375,12.178201581103837,238.0,257,16,0.0,68.48225806451613,5.264734291415775,69.0,81,620,0.0,84.34927065493605,0.3887763298039771,0.6702133243300582,0.3564459902727227,2.2232704402515724,1.402096138269456,707,0.2523030145289958,178.37823127200002,300.0,1.35,683,23,1,0,0,672,35,0,0,0,707,707,96.61,3.25,0.14,0.0,0.0,0.0,95.05,4.95,0.0,0.0,0.0,0.0,0,0,0.0,0,0.0,0,0.0,0,0.0,0,0.0,622,621,99.84,1,0.16,0,0.0,0,0.0,0,0.0,85,62,72.94,22,25.88,1,1.18,0,0.0,0,0.0,0,0,0.0,0,0.0,0,0.0,0,0.0,0,0.0,622,622,100.0,0,0.0,0,0.0,0,0.0,0,0.0,85,50,58.82,35,41.18,0,0.0,0,0.0,0,0.0,,,,,2.149,5.7565,0.8566,0.149,2.149,1.727,1.3518,0.783,1.228,0.002899,0.2378,0.0191,100.0,0.0,90.69,100.0,0.0,0.0,100.0,0.0,90.45,100.0,0.0,0.0,100.0,90.45,100.0,0.0,70915.64,287892.46,215.53,0.0,0.7,64.0,0.0,35.3,0.0,0.0,46234,0.0,1.7,88.8,0.0,9.5,0.0,0.0,374182,242.78,317.61,1.0372,0.028,0.006465,100.0,0.0,100.0,0.0,100.0,70914.2,287871.75,204.88,374182,374142,6993,0.018689,0.018691,315,6277,401,0,40,331791,6962,35389,0,4,29830,97,16303,0,636,0,636,0,0,0,ok,"physics_v2 (2026-09-29): δ/R* < DR_YIELD_ONSET → A = πR*δ (Hertz, legacy 와 같다) · 그 위 → A = U = min(A_tabor, A_volume, A_geom) = cap 은 **전체 접촉면적**의 한계 (L = max(πR*δ, A_LIGG) > U 면 cap_conflict 로 세고 U 를 낸다 — A 는 A_LIGG · πR*δ 보다 작을 수 있다) · A_volume = 정확한 전체 lens(r1, r2, δ) / (H_FILM_MIN × length_scale) · 모든 상 쌍에 AM–SE E* · SE H 를 쓴다 (L1-03 은 그대로 열려 있다) · 피복률 분모 = 4πr² − Σ A_v2(AM–AM) > 0 이고 반경 · 표면적이 유한 양수인 AM 만 — 아니면 침대 빈칸 + 사유 · 제외 수 진단 (LHSC-01 (a) · 2026-09-30)",5e-06,,,,,,,
lhsx_022,lhsx_022,bimodal,1000,0.0034144,0.001189,0.0008423,0.3,0.0034144,0.001189,0.0008423,1e-06,0.003,0.01,0.3,0.05,0.05,0.133,59.3:40.7,-4.605568937959026,39.880599999999994,mesh,7:3,59:41,8.696465134247633,2.121808597254608,8.696465134247633,0.4383632381353358,0.4383632381353358,25885,8.738883523276028,2.1255740510976646,549,1e-05,100.0,100.0,1,1,1.3069879656862953,1.2973966896444857,0.08970687571310866,False,1.3069879656862953,100.0,154,3.41,1963,1.19,25885,0.84,191.32828121799983,1033,0.18521614832332994,11753.921394400066,11700,1.0046086661880398,85.0455767,126,0.6749648944444443,146.09502620300015,1510,0.0967516729821193,17354.822769601917,28825,0.6020753779567013,50581.97299822197,112554,0.4494018248860278,29108.744164001982,40525,0.7182910342751877,52.935128258781056,4.166683616469108,50.424316165412925,6.703337117761005,88.19871668241795,0.41685368736068873,0.7747211760170997,1.020553481306737,705.3928412492551,4039.14122894954,434.7596015669427,1095.9575218930704,2840.4795247997763,8570.982021606394,408.0137238150498,1720.3804017027862,288.49986978955855,970.5835143721534,208.76730341903396,795.4673938923016,508.51424257468443,5018.5014480963955,22.7822567747328,81.34785705805531,91.82011968050953,0.0,19.14265470004724,16.151370035683144,15.0,87,75.97402597402598,6.094438652807315,76.5,87,154,0.0,14.684156902699948,2.2710135259135527,15.0,21,1963,0.0,38.759685600297445,0.3804453768046479,0.6498834666012436,0.3961722227783466,2.521492678318375,2.089661448842314,2669,0.15828733013150995,422.468884121,300.0,1.35,2435,168,63,3,0,2326,268,75,0,0,2669,2669,91.23,6.29,2.36,0.11,0.0,0.0011,87.15,10.04,2.81,0.0,0.0,0.0,126,28,22.22,49,38.89,46,36.51,3,2.38,0,0.0,1510,1510,100.0,0,0.0,0,0.0,0,0.0,0,0.0,1033,897,86.83,119,11.52,17,1.65,0,0.0,0,0.0,126,6,4.76,52,41.27,68,53.97,0,0.0,0,0.0,1510,1510,100.0,0,0.0,0,0.0,0,0.0,0,0.0,1033,810,78.41,216,20.91,7,0.68,0,0.0,0,0.0,3.414,0.8231,2.6254,3.19,1.189,3.1848,0.3817,0.12,1.189,0.9554,0.6381,0.668,0.846,0.009484,0.5263,0.0504,100.0,0.0,88.91,99.939,0.416,-0.06,99.966,1.019,98.25,99.94,1.292,-0.03,99.968,97.54,99.94,-0.03,108657.81,215138.8,554.39,0.0,0.9,73.9,0.0,25.2,0.0,0.0,40525,0.0,2.1,85.4,0.0,12.5,0.0,0.0,155748,273.28,325.33,2.3733,0.0717,0.021349,100.0,0.0,99.969,0.952,99.971,108655.83,215131.09,540.36,155748,155700,3278,0.021047,0.021053,357,1898,1023,0,48,135250,1032,19418,0,7,30179,110,10229,0,2117,0,2114,0,0,0,ok,"physics_v2 (2026-09-29): δ/R* < DR_YIELD_ONSET → A = πR*δ (Hertz, legacy 와 같다) · 그 위 → A = U = min(A_tabor, A_volume, A_geom) = cap 은 **전체 접촉면적**의 한계 (L = max(πR*δ, A_LIGG) > U 면 cap_conflict 로 세고 U 를 낸다 — A 는 A_LIGG · πR*δ 보다 작을 수 있다) · A_volume = 정확한 전체 lens(r1, r2, δ) / (H_FILM_MIN × length_scale) · 모든 상 쌍에 AM–SE E* · SE H 를 쓴다 (L1-03 은 그대로 열려 있다) · 피복률 분모 = 4πr² − Σ A_v2(AM–AM) > 0 이고 반경 · 표면적이 유한 양수인 AM 만 — 아니면 침대 빈칸 + 사유 · 제외 수 진단 (LHSC-01 (a) · 2026-09-30)",5e-06,,,,,,,
lhsx_023,lhsx_023,bimodal,1000,0.0073127,0.0008305,0.0005433,0.3,0.0073127,0.0008305,0.0005433,1e-06,0.003,0.01,0.3,0.05,0.05,0.133,57.0:43.0,1.5165244367653652,34.5404,mesh,8:2,58:42,9.621114776870984,1.7159782424761358,9.622283417683834,0.41591830779809114,0.41596989827775227,80616,9.724034430580707,1.7234139399371717,4149,1e-05,99.9875970530598,99.99007764244784,10,1,1.333997242652429,1.3246128531098924,0.11864129792755329,False,1.333997242652429,100.0,15,7.31,2630,0.83,80626,0.54,26.48669375999999,301,0.08799566033222589,4412.6586594400005,10560,0.4178654033560607,64.220151,13,4.940011615384615,37.10086552800005,1081,0.03432087467900097,9939.577718955656,45811,0.2169692370599999,62193.13228392059,387856,0.16035108979600826,14352.236378395657,56371,0.2546031892000436,44.45725650852832,3.756547276891056,43.786645560857686,5.974241121187404,169.64181048521232,0.765001701785589,0.5286964862614958,1.015417523076991,299.7296824896333,2290.734546766386,166.09037564747413,579.8512569303635,20707.750501420054,37986.386348064225,143.1436313314343,506.865143103173,100.00717214305337,342.2658516876172,73.33791239701354,326.6751153455065,449.60067289714544,30015.63996595627,18.829249946715485,94.65617522547394,90.74709058349903,0.0,21.312287334593574,51.702676418463795,18.0,769,704.0,44.30048908684117,705.0,769,15,0.0,17.418631178707223,1.9768707338092155,18.0,23,2630,0.0,227.93235634170037,0.3524128493003966,0.6272136008608755,0.35762115477147083,1.054820415879017,1.8406305979189006,1395,0.09161843031397851,127.80771028800001,300.0,1.35,1376,4,9,6,0,1375,7,7,6,0,1395,1395,98.64,0.29,0.65,0.43,0.0,0.0043,98.57,0.5,0.5,0.43,0.0,0.0043,13,2,15.38,0,0.0,5,38.46,6,46.15,0,0.0,1081,1081,100.0,0,0.0,0,0.0,0,0.0,0,0.0,301,293,97.34,4,1.33,4,1.33,0,0.0,0,0.0,13,1,7.69,1,7.69,5,38.46,6,46.15,0,0.0,1081,1081,100.0,0,0.0,0,0.0,0,0.0,0,0.0,301,293,97.34,6,1.99,2,0.66,0,0.0,0,0.0,7.313,1.7629,18.7257,10.622,0.83,2.2246,0.1336,0.06,0.83,0.6674,0.2591,0.388,1.397,0.002466,0.1869,0.0215,100.0,0.0,124.94,96.849,5.086,-3.15,99.93,1.184,128.22,99.8,1.812,-0.13,99.93,128.2,99.783,-0.15,51061.83,248510.17,177.25,0.0,1.3,86.4,0.0,12.2,0.0,0.0,56371,0.0,2.1,93.7,0.0,4.1,0.0,0.0,445622,255.78,299.58,0.7932,0.035,0.005844,100.0,0.0,99.932,1.147,99.932,51059.26,248478.33,171.52,445622,445496,11229,0.025198,0.025206,730,9702,797,0,126,414368,12739,18389,0,13,48846,615,6897,0,2645,0,2627,0,0,0,ok,"physics_v2 (2026-09-29): δ/R* < DR_YIELD_ONSET → A = πR*δ (Hertz, legacy 와 같다) · 그 위 → A = U = min(A_tabor, A_volume, A_geom) = cap 은 **전체 접촉면적**의 한계 (L = max(πR*δ, A_LIGG) > U 면 cap_conflict 로 세고 U 를 낸다 — A 는 A_LIGG · πR*δ 보다 작을 수 있다) · A_volume = 정확한 전체 lens(r1, r2, δ) / (H_FILM_MIN × length_scale) · 모든 상 쌍에 AM–SE E* · SE H 를 쓴다 (L1-03 은 그대로 열려 있다) · 피복률 분모 = 4πr² − Σ A_v2(AM–AM) > 0 이고 반경 · 표면적이 유한 양수인 AM 만 — 아니면 침대 빈칸 + 사유 · 제외 수 진단 (LHSC-01 (a) · 2026-09-30)",5e-06,,,,,,,
lhsx_024,lhsx_024,standard,1000,,,0.000909,0.3,,,0.000909,1e-06,0.003,0.01,0.3,0.05,0.05,0.133,57.9:42.1,-5.806989187122769,35.5879,mesh,0:10,58:42,8.625032882622191,2.144741549148814,8.625486688414185,0.44183301789176765,0.4418562649199636,19006,8.663545009733257,2.1444564945292597,366,1e-05,99.99473878044931,99.99473878044931,2,1,1.3176332766556016,1.3155204335754287,0.1127254620132479,False,1.3176332766556016,100.0,,,859,2.12,19007,0.91,,,,,,,,,,339.19650537000064,1286,0.2637608906454126,25809.76015380597,26554,0.9719725899603062,43599.28596666312,81968,0.5319061824939381,25809.76015380597,26554,0.9719725899603062,,,53.87750210535362,5.1553389616328085,66.12977652285862,,0.5429127935621249,1.020657542501717,,,,,,,1111.8903243719712,5302.121897865514,439.9815020950359,1286.211595291714,247.59250931420115,829.1751670925752,488.54790515666843,11667.720674090237,23.721645872289564,84.34026402640264,92.45683374617514,0.0,30.912689173457508,3.3045725698835353,31.0,39,,,,,,,30.912689173457508,3.3045725698835353,31.0,39,859,0.0,30.912689173457537,0.38711455895754326,0.6721271883021586,0.3859427035690691,2.994179278230501,1.302353424700919,1286,0.26376089064541214,339.19650537,300.0,1.35,1285,1,0,0,0,1286,0,0,0,0,1286,1286,99.92,0.08,0.0,0.0,0.0,0.0,100.0,0.0,0.0,0.0,0.0,0.0,0,0,0.0,0,0.0,0,0.0,0,0.0,0,0.0,1286,1285,99.92,1,0.08,0,0.0,0,0.0,0,0.0,0,0,0.0,0,0.0,0,0.0,0,0.0,0,0.0,0,0,0.0,0,0.0,0,0.0,0,0.0,0,0.0,1286,1286,100.0,0,0.0,0,0.0,0,0.0,0,0.0,0,0,0.0,0,0.0,0,0.0,0,0.0,0,0.0,,,,,2.121,5.6815,1.0379,0.183,,,,,0.851,0.014085,0.6159,0.0955,,,,,,,100.0,0.0,85.61,100.0,0.0,0.0,100.0,85.61,100.0,0.0,93619.07,186269.4,429.84,0.0,0.8,65.0,0.0,34.2,0.0,0.0,26554,0.0,2.0,82.8,0.0,15.2,0.0,0.0,109808,262.73,327.23,2.7375,0.1759,0.037719,,,100.0,0.0,100.0,93617.36,186263.05,416.7,109808,109783,2178,0.019835,0.019839,208,1404,566,0,25,92530,536,16717,0,2,17434,30,9088,0,859,0,859,0,0,0,ok,"physics_v2 (2026-09-29): δ/R* < DR_YIELD_ONSET → A = πR*δ (Hertz, legacy 와 같다) · 그 위 → A = U = min(A_tabor, A_volume, A_geom) = cap 은 **전체 접촉면적**의 한계 (L = max(πR*δ, A_LIGG) > U 면 cap_conflict 로 세고 U 를 낸다 — A 는 A_LIGG · πR*δ 보다 작을 수 있다) · A_volume = 정확한 전체 lens(r1, r2, δ) / (H_FILM_MIN × length_scale) · 모든 상 쌍에 AM–SE E* · SE H 를 쓴다 (L1-03 은 그대로 열려 있다) · 피복률 분모 = 4πr² − Σ A_v2(AM–AM) > 0 이고 반경 · 표면적이 유한 양수인 AM 만 — 아니면 침대 빈칸 + 사유 · 제외 수 진단 (LHSC-01 (a) · 2026-09-30)",5e-06,,,0.0021211,0.0021211,,,
lhsx_025,lhsx_025,standard,1000,,,0.0008358,0.3,,,0.0008358,1e-06,0.003,0.01,0.3,0.05,0.05,0.133,54.5:45.5,-4.87637755609629,32.502700000000004,mesh,10:0,54:46,10.583644879893429,1.822572659415205,10.583644879893429,0.5269388277851854,0.5269388277851854,23271,10.631773451935885,1.8265144837081104,560,1e-05,100.0,100.0,1,1,1.345811001335731,1.337089373675635,0.12659656349522969,False,1.345811001335731,100.0,22,6.75,,,23271,0.84,,,,7160.000904269973,6511,1.0996776077822106,55.173434999999984,22,2.5078834090909083,,,,,,,53822.00213392134,123146,0.43705846827279277,7160.000904269973,6511,1.0996776077822106,57.393573836717366,3.695127527196158,,,132.46846362580084,0.26091538776324674,,1.0006987177804652,,,460.1864390133489,1412.8202143016824,10555.99904239126,20201.780232397832,,,,,202.60152870968668,791.6504762241983,445.9991896271687,44546.32105440055,22.01372953019751,99.06724096673845,92.75441667502062,0.0,295.95454545454544,15.607332987259758,300.0,314,295.95454545454544,15.607332987259758,300.0,314,22,0.0,,,,,,,295.95454545454544,0.38670800270120226,0.7004083386344543,0.3483554369265086,2.0,0.8528028654224418,22,2.5078834090909092,55.173435,300.0,1.35,1,4,16,1,0,0,1,18,3,0,22,22,4.55,18.18,72.73,4.55,0.0,0.0455,0.0,4.55,81.82,13.64,0.0,0.1364,22,1,4.55,4,18.18,16,72.73,1,4.55,0,0.0,0,0,0.0,0,0.0,0,0.0,0,0.0,0,0.0,0,0,0.0,0,0.0,0,0.0,0,0.0,0,0.0,22,0,0.0,1,4.55,18,81.82,3,13.64,0,0.0,0,0,0.0,0,0.0,0,0.0,0,0.0,0,0.0,0,0,0.0,0,0.0,0,0.0,0,0.0,0,0.0,6.747,1.6266,10.1802,6.259,,,,,,,,,0.909,0.010769,0.4897,0.0675,100.0,0.0,74.24,100.0,0.0,0.0,,,,,,,100.0,74.24,100.0,0.0,23132.15,228027.36,63.97,0.0,0.4,46.8,0.0,52.7,0.0,0.0,6511,0.0,1.6,89.1,0.0,9.4,0.0,0.0,129679,223.07,323.67,2.1578,0.1108,0.026676,100.0,0.0,,,100.0,23131.86,228019.35,62.05,129679,129645,2023,0.0156,0.015604,29,1984,10,0,34,116607,909,12129,0,1,3072,4,3434,0,22,0,22,0,0,0,ok,"physics_v2 (2026-09-29): δ/R* < DR_YIELD_ONSET → A = πR*δ (Hertz, legacy 와 같다) · 그 위 → A = U = min(A_tabor, A_volume, A_geom) = cap 은 **전체 접촉면적**의 한계 (L = max(πR*δ, A_LIGG) > U 면 cap_conflict 로 세고 U 를 낸다 — A 는 A_LIGG · πR*δ 보다 작을 수 있다) · A_volume = 정확한 전체 lens(r1, r2, δ) / (H_FILM_MIN × length_scale) · 모든 상 쌍에 AM–SE E* · SE H 를 쓴다 (L1-03 은 그대로 열려 있다) · 피복률 분모 = 4πr² − Σ A_v2(AM–AM) > 0 이고 반경 · 표면적이 유한 양수인 AM 만 — 아니면 침대 빈칸 + 사유 · 제외 수 진단 (LHSC-01 (a) · 2026-09-30)",5e-06,,,0.0067472,0.0067472,,,
lhsx_026,lhsx_026,bimodal,1000,0.0027951,0.0017947,0.0009736,0.3,0.0027951,0.0017947,0.0009736,1e-06,0.003,0.01,0.3,0.05,0.05,0.133,53.2:46.8,-6.789279855438823,24.7861,mesh,1:9,53:47,8.611331152057861,2.1789170298897456,8.612072677172135,0.4475483370969788,0.44758687566040745,11613,8.646461167556398,2.1804343414025973,204,1e-05,99.9913897020837,99.9913897020837,2,1,1.5297153235385033,1.516450794684752,0.2284564500943655,False,1.5297153235385033,100.0,33,2.8,754,1.79,11614,0.97,42.19688304000001,149,0.2832005573154363,1742.7507851,1405,1.2403920178647687,3.001282,4,0.7503205,182.80416945000002,893,0.20470791651735723,16027.644621626028,16082,0.9966201107838596,30957.27807865641,50006,0.6190712730203658,17770.395406726027,17487,1.016206062030424,54.574357680639984,5.782602174306616,53.19975803463584,6.438754598635256,63.22760017374388,0.46200280353741924,0.6465431098973561,1.024475667523735,1164.9242366043227,3126.6601176093636,552.7076751540592,1229.925456459862,3168.4629574959617,3921.0926359238188,864.3296678507772,4320.564872907361,464.14069950029574,1602.929919620318,288.69182848094067,1027.8365881890177,508.8271796493602,236533.13856411554,23.725300950368982,94.80649137222679,92.0920935525759,0.0,22.219822109275732,5.257410909640045,22.0,50,42.57575757575758,5.009265977985216,43.0,50,33,0.0,21.3289124668435,2.970328445124132,22.0,29,754,0.0,23.36797608273376,0.3096030928480326,0.7245425920725173,0.343350206481871,2.6581956797966964,1.4289859378252472,1046,0.21797546318355637,228.00233448999998,300.0,1.35,1011,32,3,0,0,997,45,4,0,0,1046,1046,96.65,3.06,0.29,0.0,0.0,0.0,95.32,4.3,0.38,0.0,0.0,0.0,4,0,0.0,1,25.0,3,75.0,0,0.0,0,0.0,893,890,99.66,3,0.34,0,0.0,0,0.0,0,0.0,149,121,81.21,28,18.79,0,0.0,0,0.0,0,0.0,4,0,0.0,0,0.0,4,100.0,0,0.0,0,0.0,893,893,100.0,0,0.0,0,0.0,0,0.0,0,0.0,149,104,69.8,45,30.2,0,0.0,0,0.0,0,0.0,2.795,0.6738,3.2454,4.816,1.795,4.8072,0.7934,0.165,1.795,1.4422,1.0094,0.7,0.911,0.022973,0.701,0.1223,100.0,0.0,83.24,100.0,0.0,0.0,100.0,0.0,87.97,100.0,0.009,-0.0,100.0,87.77,100.0,-0.0,66538.7,132952.69,300.15,0.0,0.9,69.8,0.0,29.3,0.1,0.0,17487,0.0,2.1,83.0,0.0,14.9,0.0,0.0,68539,274.44,329.47,3.1486,0.2379,0.063531,100.0,0.0,100.0,0.0,100.0,66537.36,132948.39,292.82,68539,68509,1413,0.020616,0.020625,163,828,422,0,30,57963,330,10216,0,9,12334,29,5115,0,787,0,787,0,0,0,ok,"physics_v2 (2026-09-29): δ/R* < DR_YIELD_ONSET → A = πR*δ (Hertz, legacy 와 같다) · 그 위 → A = U = min(A_tabor, A_volume, A_geom) = cap 은 **전체 접촉면적**의 한계 (L = max(πR*δ, A_LIGG) > U 면 cap_conflict 로 세고 U 를 낸다 — A 는 A_LIGG · πR*δ 보다 작을 수 있다) · A_volume = 정확한 전체 lens(r1, r2, δ) / (H_FILM_MIN × length_scale) · 모든 상 쌍에 AM–SE E* · SE H 를 쓴다 (L1-03 은 그대로 열려 있다) · 피복률 분모 = 4πr² − Σ A_v2(AM–AM) > 0 이고 반경 · 표면적이 유한 양수인 AM 만 — 아니면 침대 빈칸 + 사유 · 제외 수 진단 (LHSC-01 (a) · 2026-09-30)",5e-06,,,,,,,
lhsx_027,lhsx_027,bimodal,1000,0.0032544,0.0007487,0.0006194,0.3,0.0032544,0.0007487,0.0006194,1e-06,0.003,0.01,0.3,0.05,0.05,0.133,54.2:45.8,-1.4478729634743726,36.94530000000001,mesh,4:6,54:46,8.397338795471507,1.9225091526704545,8.397472133125854,0.39952372608089415,0.3995300699426567,62978,8.461582432239318,1.9255164575432195,2023,1e-05,99.99841216913575,99.99841216913575,2,1,1.3029665881969184,1.2860236546958381,0.09809633568823882,False,1.3029665881969184,99.99062177623557,86,3.25,10577,0.75,62979,0.62,146.14077267999977,1672,0.08740476834928217,5378.664004311995,9928,0.5417671237219979,14.233777199999999,30,0.47445923999999995,459.16075189199876,11730,0.039144139121227516,33043.28438446669,120891,0.2733312189035304,60654.16191689751,264428,0.22937874172514827,38421.94838877869,130819,0.29370311949165406,47.711584945456636,3.2761076834811873,44.95054004182344,7.229955078051745,96.91039550786802,0.3173343012340165,0.9516048047521987,1.009059928392478,314.04194486723117,1534.9587523825826,227.78955265159016,647.5279425430227,1976.534430059935,4822.220640463168,163.49188574305322,1247.4632576653307,132.98153358503342,478.7805406488447,105.94597262958553,387.9583457389828,568.7442730010317,6705.683942924251,20.605759094408647,84.79011947045528,89.47902877319363,0.00937822376441902,12.268498546375316,9.51922337584528,12.0,128,115.44186046511628,6.861765741907041,115.0,128,86,0.0,11.429611421007847,1.9274406565292084,12.0,18,10577,0.009454476694714947,25.280637225910564,0.3997839109650051,0.6787326900166109,0.3357460396181329,2.5193660320735254,2.0623715102540316,13432,0.04612383128141751,619.535301772,300.0,1.35,13323,100,9,0,0,13307,116,9,0,0,13432,13432,99.19,0.74,0.07,0.0,0.0,0.0,99.07,0.86,0.07,0.0,0.0,0.0,30,9,30.0,17,56.67,4,13.33,0,0.0,0,0.0,11730,11728,99.98,2,0.02,0,0.0,0,0.0,0,0.0,1672,1586,94.86,81,4.84,5,0.3,0,0.0,0,0.0,30,2,6.67,19,63.33,9,30.0,0,0.0,0,0.0,11730,11730,100.0,0,0.0,0,0.0,0,0.0,0,0.0,1672,1575,94.2,97,5.8,0,0.0,0,0.0,0,0.0,3.254,0.7845,1.9614,2.5,0.749,2.0054,0.1528,0.076,0.749,0.6016,0.2848,0.473,1.206,0.003165,0.2666,0.0229,100.0,0.0,109.59,99.612,2.218,-0.39,99.821,2.39,122.07,99.686,2.99,-0.14,99.822,121.96,99.685,-0.14,151261.07,253018.52,831.21,0.0,1.3,86.9,0.0,11.8,0.0,0.0,130819,0.0,2.8,89.5,0.0,7.6,0.0,0.0,408679,293.68,317.15,1.1712,0.0337,0.007085,100.0,0.0,99.834,2.302,99.835,151255.57,253000.61,810.77,408679,408577,11655,0.028519,0.028526,1642,5248,4765,0,102,368269,9137,31171,0,17,114103,1282,15417,0,10663,0,10556,0,0,0,ok,"physics_v2 (2026-09-29): δ/R* < DR_YIELD_ONSET → A = πR*δ (Hertz, legacy 와 같다) · 그 위 → A = U = min(A_tabor, A_volume, A_geom) = cap 은 **전체 접촉면적**의 한계 (L = max(πR*δ, A_LIGG) > U 면 cap_conflict 로 세고 U 를 낸다 — A 는 A_LIGG · πR*δ 보다 작을 수 있다) · A_volume = 정확한 전체 lens(r1, r2, δ) / (H_FILM_MIN × length_scale) · 모든 상 쌍에 AM–SE E* · SE H 를 쓴다 (L1-03 은 그대로 열려 있다) · 피복률 분모 = 4πr² − Σ A_v2(AM–AM) > 0 이고 반경 · 표면적이 유한 양수인 AM 만 — 아니면 침대 빈칸 + 사유 · 제외 수 진단 (LHSC-01 (a) · 2026-09-30)",5e-06,,,,,,,
lhsx_028,lhsx_028,bimodal,1000,0.0058611,0.0014966,0.0009186,0.3,0.0058611,0.0014966,0.0009186,1e-06,0.003,0.01,0.3,0.05,0.05,0.133,51.5:48.5,-6.44666134458316,37.84189999999999,mesh,4:6,52:48,9.207347854538655,2.0319984526027897,9.207347854538655,0.4737021723090184,0.4737021723090184,21394,9.24707862017388,2.032685407546892,425,1e-05,100.0,100.0,1,1,1.2952313136256601,1.2848018835746873,0.09637765080442846,False,1.2952313136256601,100.0,13,5.86,1444,1.5,21394,0.92,63.72174939999999,203,0.31390024334975364,3117.580193699999,2331,1.3374432405405403,,,,184.47327729499983,1382,0.1334828345115773,21765.08811336494,27149,0.8016902321766894,53731.642720017175,98491,0.5455487579577543,24882.66830706494,29480,0.8440525205924335,56.190355178949176,3.4412697464334396,54.10303477192551,5.858786955171956,105.28506761247797,0.2590141990886969,0.6616883908688715,1.0232847891463588,1157.7180774841393,10631.370546043836,570.5667791053476,1282.8073147148796,,,562.4255918831453,1824.5313236555874,377.3160343468617,1184.9199604218,253.90546459774149,848.7782640931612,493.30168178106027,14923.29749781817,23.0857786111225,80.74265186152842,92.40096946494181,0.0,20.233356211393275,15.316085337557642,19.0,192,179.30769230769232,11.90594302396668,182.0,192,13,0.0,18.80124653739612,2.3569837520363515,19.0,25,1444,0.0,38.27472691653635,0.43767557481690367,0.7342551167149354,0.3302114967308962,2.175703500343171,1.7720122425431546,1585,0.1565899222050473,248.195026695,300.0,1.35,1555,24,5,1,0,1515,66,4,0,0,1585,1585,98.11,1.51,0.32,0.06,0.0,0.0006,95.58,4.16,0.25,0.0,0.0,0.0,0,0,0.0,0,0.0,0,0.0,0,0.0,0,0.0,1382,1382,100.0,0,0.0,0,0.0,0,0.0,0,0.0,203,173,85.22,24,11.82,5,2.46,1,0.49,0,0.0,0,0,0.0,0,0.0,0,0.0,0,0.0,0,0.0,1382,1382,100.0,0,0.0,0,0.0,0,0.0,0,0.0,203,133,65.52,66,32.51,4,1.97,0,0.0,0,0.0,,,,,1.497,4.0088,0.5271,0.131,1.497,1.2026,0.934,0.777,0.843,0.01388,0.6307,0.099,100.0,0.0,77.97,100.0,0.0,0.0,100.0,0.0,84.83,100.0,0.0,0.0,100.0,84.77,100.0,0.0,94358.2,229996.33,319.94,0.0,0.9,74.5,0.0,24.6,0.0,0.0,29480,0.0,1.9,85.6,0.0,12.5,0.0,0.0,129556,279.21,328.05,2.8352,0.1786,0.037829,100.0,0.0,100.0,0.0,100.0,94356.52,229989.21,310.22,129556,129531,2481,0.01915,0.019154,258,1549,674,0,25,112677,658,16196,0,2,22184,49,7245,0,1457,0,1457,0,0,0,ok,"physics_v2 (2026-09-29): δ/R* < DR_YIELD_ONSET → A = πR*δ (Hertz, legacy 와 같다) · 그 위 → A = U = min(A_tabor, A_volume, A_geom) = cap 은 **전체 접촉면적**의 한계 (L = max(πR*δ, A_LIGG) > U 면 cap_conflict 로 세고 U 를 낸다 — A 는 A_LIGG · πR*δ 보다 작을 수 있다) · A_volume = 정확한 전체 lens(r1, r2, δ) / (H_FILM_MIN × length_scale) · 모든 상 쌍에 AM–SE E* · SE H 를 쓴다 (L1-03 은 그대로 열려 있다) · 피복률 분모 = 4πr² − Σ A_v2(AM–AM) > 0 이고 반경 · 표면적이 유한 양수인 AM 만 — 아니면 침대 빈칸 + 사유 · 제외 수 진단 (LHSC-01 (a) · 2026-09-30)",5e-06,,,,,,,
lhsx_029,lhsx_029,bimodal,1000,0.0048758,0.001941,0.0007628,0.3,0.0048758,0.001941,0.0007628,1e-06,0.003,0.01,0.3,0.05,0.05,0.133,52.8:47.2,-5.764559349065612,27.400399999999994,mesh,5:5,53:47,9.884507893345418,2.025526587137884,9.884507893345418,0.5001002296885187,0.5001002296885187,26478,9.935493617342699,2.0322000301894287,675,1e-05,100.0,100.0,1,1,1.434280874503282,1.4376347756477847,0.16792902171389476,False,1.434280874503282,100.0,26,4.88,346,1.94,26478,0.76,38.9128812,114,0.34134106315789475,4307.810030049996,4812,0.8952223670095586,19.702573,15,1.3135048666666667,44.92208949899996,212,0.2118966485801885,9196.115727477989,13339,0.6894156778977426,48410.93481529278,130861,0.36994165423841163,13503.925757527984,18151,0.7439769576071833,56.017980504912266,4.05186980933523,56.56854830993294,4.720635762006848,106.48298807952304,0.26559546464100103,0.4614136738906542,1.0077590976188975,1319.9812490744544,5028.592595866163,378.9309710808103,941.4775983537792,5530.597261460751,11108.668064106514,891.2892050726999,2987.495312163686,308.00056043748395,988.2319383692272,171.82340291501913,604.4391866325346,452.90111858240226,5827.9569765851475,22.792846754891894,90.89119035133717,93.06542218770296,0.0,48.793010752688176,37.673293563539346,39.0,205,185.07692307692307,12.70349157613182,187.0,205,26,0.0,38.552023121387286,3.6388890128747144,39.0,47,346,0.0,85.68236216354981,0.3493337243813622,0.7186359328024201,0.339009660688236,1.8333333333333333,1.548209741933541,341,0.30362916040762467,103.537543699,300.0,1.35,315,17,9,0,0,291,39,11,0,0,341,341,92.38,4.99,2.64,0.0,0.0,0.0,85.34,11.44,3.23,0.0,0.0,0.0,15,4,26.67,3,20.0,8,53.33,0,0.0,0,0.0,212,212,100.0,0,0.0,0,0.0,0,0.0,0,0.0,114,99,86.84,14,12.28,1,0.88,0,0.0,0,0.0,15,1,6.67,4,26.67,10,66.67,0,0.0,0,0.0,212,212,100.0,0,0.0,0,0.0,0,0.0,0,0.0,114,78,68.42,35,30.7,1,0.88,0,0.0,0,0.0,4.876,1.1754,5.7422,4.885,1.941,5.1991,0.8623,0.166,1.941,1.5597,1.1825,0.758,1.067,0.008821,0.3996,0.0469,100.0,0.0,78.51,100.0,0.0,0.0,100.0,0.0,76.78,100.0,0.0,0.0,100.0,76.9,100.0,0.0,46856.9,206186.29,125.91,0.0,0.6,60.8,0.0,38.6,0.0,0.0,18151,0.0,1.5,86.6,0.0,11.8,0.0,0.0,149353,246.99,325.91,1.7437,0.0722,0.021467,100.0,0.0,100.0,0.0,100.0,46856.22,206178.7,120.46,149353,149328,2312,0.01548,0.015483,105,2039,168,0,25,130443,1258,17627,0,3,11117,24,7007,0,372,0,372,0,0,0,ok,"physics_v2 (2026-09-29): δ/R* < DR_YIELD_ONSET → A = πR*δ (Hertz, legacy 와 같다) · 그 위 → A = U = min(A_tabor, A_volume, A_geom) = cap 은 **전체 접촉면적**의 한계 (L = max(πR*δ, A_LIGG) > U 면 cap_conflict 로 세고 U 를 낸다 — A 는 A_LIGG · πR*δ 보다 작을 수 있다) · A_volume = 정확한 전체 lens(r1, r2, δ) / (H_FILM_MIN × length_scale) · 모든 상 쌍에 AM–SE E* · SE H 를 쓴다 (L1-03 은 그대로 열려 있다) · 피복률 분모 = 4πr² − Σ A_v2(AM–AM) > 0 이고 반경 · 표면적이 유한 양수인 AM 만 — 아니면 침대 빈칸 + 사유 · 제외 수 진단 (LHSC-01 (a) · 2026-09-30)",5e-06,,,,,,,
lhsx_030,lhsx_030,bimodal,1000,0.0051646,0.0023759,0.0006297,0.3,0.0051646,0.0023759,0.0006297,1e-06,0.003,0.01,0.3,0.05,0.05,0.133,51.2:48.8,-3.109760727955768,37.0685,mesh,9:1,52:48,10.577168054875061,1.7201104964486809,10.577168054875061,0.5065316401794903,0.5065316401794903,63271,10.642885366123501,1.7257109674334912,2079,1e-05,100.0,100.0,1,1,1.2784146742152351,1.2779902380732824,0.0920969415775202,False,1.2784146742152351,100.0,44,5.16,71,2.38,63271,0.63,17.193062970000003,39,0.44084776846153856,8076.716039999965,13490,0.5987187575982182,41.243853,37,1.1146987297297297,0.7715023999999999,4,0.19287559999999998,2786.7742979400064,5545,0.5025742647321924,79846.98684635224,334614,0.2386241664913968,10863.490337939971,19035,0.5707113390039386,55.129447299058285,3.547469672557907,55.53535605311909,3.3390985912313256,130.13490191682666,0.2632045597326936,0.3659850571202822,1.0012238475812967,1722.9687337781174,5754.801546510879,247.0628450396444,626.3883786663113,4651.738616557545,12100.281171134,802.1083110597494,1449.0805016509607,214.322716573848,621.0334142916628,110.16199468675157,388.0228907371445,443.5651677836807,5259.916280066503,21.085276804045577,80.68175321581705,92.4543930523084,0.0,165.52173913043478,111.70912132981698,82.0,341,306.59090909090907,18.600242156070518,308.5,341,44,0.0,78.09859154929578,4.735704744250566,79.0,85,71,0.0,248.42479291937116,0.4369239715521401,0.7140841059881312,0.31701350129142647,1.391304347826087,1.374903330507991,80,0.740105229625,59.20841837,300.0,1.35,51,14,15,0,0,37,21,22,0,0,80,80,63.75,17.5,18.75,0.0,0.0,0.0,46.25,26.25,27.5,0.0,0.0,0.0,37,13,35.14,11,29.73,13,35.14,0,0.0,0,0.0,4,4,100.0,0,0.0,0,0.0,0,0.0,0,0.0,39,34,87.18,3,7.69,2,5.13,0,0.0,0,0.0,37,2,5.41,14,37.84,21,56.76,0,0.0,0,0.0,4,4,100.0,0,0.0,0,0.0,0,0.0,0,0.0,39,31,79.49,7,17.95,1,2.56,0,0.0,0,0.0,5.165,1.245,4.5293,3.638,2.376,6.364,0.6824,0.107,2.376,1.9092,1.4658,0.768,1.135,0.00454,0.2742,0.0425,100.0,0.0,81.39,100.0,0.0,0.0,100.0,0.0,80.07,100.0,0.0,0.0,100.0,80.57,100.0,0.0,35971.77,333383.6,67.46,0.0,0.5,55.6,0.0,44.0,0.0,0.0,19035,0.0,1.7,90.8,0.0,7.5,0.0,0.0,353729,231.13,317.53,1.195,0.0745,0.012165,100.0,0.0,100.0,0.0,100.0,35971.26,333363.66,61.95,353729,353714,5985,0.01692,0.01692,89,5839,57,0,15,321140,5870,26704,0,0,10647,22,8366,0,115,0,115,0,0,0,ok,"physics_v2 (2026-09-29): δ/R* < DR_YIELD_ONSET → A = πR*δ (Hertz, legacy 와 같다) · 그 위 → A = U = min(A_tabor, A_volume, A_geom) = cap 은 **전체 접촉면적**의 한계 (L = max(πR*δ, A_LIGG) > U 면 cap_conflict 로 세고 U 를 낸다 — A 는 A_LIGG · πR*δ 보다 작을 수 있다) · A_volume = 정확한 전체 lens(r1, r2, δ) / (H_FILM_MIN × length_scale) · 모든 상 쌍에 AM–SE E* · SE H 를 쓴다 (L1-03 은 그대로 열려 있다) · 피복률 분모 = 4πr² − Σ A_v2(AM–AM) > 0 이고 반경 · 표면적이 유한 양수인 AM 만 — 아니면 침대 빈칸 + 사유 · 제외 수 진단 (LHSC-01 (a) · 2026-09-30)",5e-06,,,,,,,
lhsx_031,lhsx_031,standard,1000,,,0.000555,0.3,,,0.000555,1e-06,0.003,0.01,0.3,0.05,0.05,0.133,50.5:49.5,-3.525033867229488,23.3384,mesh,0:10,50:50,9.256460493868865,1.9835229105117322,9.256929547489147,0.45156682744594195,0.45158970974045975,59203,9.332635205891295,1.9898531673785704,2255,1e-05,99.9949329459852,99.9949329459852,4,1,1.533511720665749,1.522503073697048,0.21149680693337738,False,1.533511720665749,100.0,,,1636,1.38,59206,0.56,,,,,,,,,,181.46421490400002,1799,0.10086949133073932,20143.224777468,58052,0.34698588812561154,51743.236038181596,274019,0.18883083303778786,20143.224777468,58052,0.34698588812561154,,,51.921380820370274,4.5812960464095,67.74723217574724,,0.5025572533613066,1.013745504399907,,,,,,,421.20204548861653,1511.8133954126083,154.10743254229678,580.746404470359,87.43008369692136,319.2384342644225,461.99410905284634,7371.911058389512,22.05930951968875,101.02864864864863,92.27453799382992,0.0,35.484107579462105,3.3935602394021402,36.0,43,,,,,,,35.484107579462105,3.3935602394021402,36.0,43,1636,0.0,35.48410757946332,0.30897688184661665,0.7266448364939886,0.3086055021783063,2.1992665036674817,1.2109522409879716,1799,0.10086949133073929,181.46421490399996,300.0,1.35,1799,0,0,0,0,1799,0,0,0,0,1799,1799,100.0,0.0,0.0,0.0,0.0,0.0,100.0,0.0,0.0,0.0,0.0,0.0,0,0,0.0,0,0.0,0,0.0,0,0.0,0,0.0,1799,1799,100.0,0,0.0,0,0.0,0,0.0,0,0.0,0,0,0.0,0,0.0,0,0.0,0,0.0,0,0.0,0,0,0.0,0,0.0,0,0.0,0,0.0,0,0.0,1799,1799,100.0,0,0.0,0,0.0,0,0.0,0,0.0,0,0,0.0,0,0.0,0,0.0,0,0.0,0,0.0,,,,,1.38,3.6962,0.3887,0.105,,,,,1.587,0.00345,0.2046,0.023,,,,,,,100.0,0.0,92.6,99.996,0.128,-0.0,100.0,92.6,99.996,-0.0,72539.1,217763.04,220.28,0.0,0.9,70.6,0.0,28.5,0.0,0.0,58052,0.0,1.9,87.4,0.0,10.6,0.0,0.0,333870,260.12,320.85,0.8924,0.0362,0.008322,,,100.0,0.0,100.0,72537.16,217743.85,211.28,333870,333823,7380,0.022104,0.022108,543,5935,902,0,47,290994,7324,35505,0,8,41242,272,16530,0,1636,0,1636,0,0,0,ok,"physics_v2 (2026-09-29): δ/R* < DR_YIELD_ONSET → A = πR*δ (Hertz, legacy 와 같다) · 그 위 → A = U = min(A_tabor, A_volume, A_geom) = cap 은 **전체 접촉면적**의 한계 (L = max(πR*δ, A_LIGG) > U 면 cap_conflict 로 세고 U 를 낸다 — A 는 A_LIGG · πR*δ 보다 작을 수 있다) · A_volume = 정확한 전체 lens(r1, r2, δ) / (H_FILM_MIN × length_scale) · 모든 상 쌍에 AM–SE E* · SE H 를 쓴다 (L1-03 은 그대로 열려 있다) · 피복률 분모 = 4πr² − Σ A_v2(AM–AM) > 0 이고 반경 · 표면적이 유한 양수인 AM 만 — 아니면 침대 빈칸 + 사유 · 제외 수 진단 (LHSC-01 (a) · 2026-09-30)",5e-06,,,0.0013799,0.0013799,,,
lhsx_032,lhsx_032,bimodal,1000,0.0074969,0.0008358,0.0007325,0.3,0.0074969,0.0008358,0.0007325,1e-06,0.003,0.01,0.3,0.05,0.05,0.133,52.1:47.9,-4.815036501055436,31.0249,mesh,6:4,52:48,9.559570169531227,1.823830180605322,9.559570169531227,0.4774340162058211,0.4774340162058211,34153,9.61485081837613,1.8303580927410261,944,1e-05,100.0,100.0,1,1,1.3588382001093737,1.3374008927922638,0.13932904661033077,False,1.3588382001093737,100.0,9,7.5,3756,0.84,34153,0.73,52.39289213899999,414,0.1265528795628019,3378.3850630400034,3866,0.8738709423279885,5.44979,2,2.724895,126.78737239569979,2625,0.04829995138883802,16651.96236597998,44517,0.3740585027288448,54971.46902022861,163244,0.3367441928660692,20030.347429019985,48383,0.41399556515759633,53.68591985377124,3.2825597544744456,50.949686630957764,7.130400021047617,159.73693665214617,0.2460354775859921,0.9062736965818641,1.0105063003642503,435.90111874905136,4760.896958360367,364.2175012103393,855.2673132319509,11517.393503856125,21221.152426767498,203.32900884575866,758.0657435513097,184.0646469705396,732.5520349386111,156.19756111000228,597.6557776253819,502.3178288488771,7472.590520570874,21.624311557862185,85.75918088737201,91.6857659269197,0.02656042496679947,12.850730411686587,20.512685871699343,12.0,459,429.55555555555554,26.064497399554014,440.0,459,9,0.0,11.85223642172524,1.753969422891128,12.0,16,3756,0.026624068157614485,79.3642403752441,0.39260376554031395,0.7249197891994065,0.3232305758111479,1.6154050464807437,2.458316859456583,3041,0.06071359899200921,184.6300545347,300.0,1.35,3018,14,8,1,0,2997,40,3,1,0,3041,3041,99.24,0.46,0.26,0.03,0.0,0.0003,98.55,1.32,0.1,0.03,0.0,0.0003,2,1,50.0,0,0.0,1,50.0,0,0.0,0,0.0,2625,2625,100.0,0,0.0,0,0.0,0,0.0,0,0.0,414,392,94.69,14,3.38,7,1.69,1,0.24,0,0.0,2,0,0.0,1,50.0,0,0.0,1,50.0,0,0.0,2625,2625,100.0,0,0.0,0,0.0,0,0.0,0,0.0,414,372,89.86,39,9.42,3,0.72,0,0.0,0,0.0,7.497,1.8073,11.5174,6.373,0.836,2.2388,0.1885,0.084,0.836,0.6716,0.382,0.569,1.061,0.008953,0.3922,0.0733,100.0,0.0,86.27,100.0,0.0,0.0,99.919,2.001,96.11,99.876,2.248,-0.04,99.919,96.09,99.876,-0.04,79148.65,233185.12,249.88,0.0,1.0,86.1,0.0,12.9,0.0,0.0,48383,0.0,2.0,89.4,0.0,8.6,0.0,0.0,214668,295.14,324.19,1.7427,0.1436,0.024989,100.0,0.0,99.925,1.949,99.925,79146.85,233175.83,243.75,214668,214634,4187,0.019505,0.019508,479,2591,1117,0,34,193732,2356,18546,0,6,41912,245,6220,0,3765,0,3751,0,0,0,ok,"physics_v2 (2026-09-29): δ/R* < DR_YIELD_ONSET → A = πR*δ (Hertz, legacy 와 같다) · 그 위 → A = U = min(A_tabor, A_volume, A_geom) = cap 은 **전체 접촉면적**의 한계 (L = max(πR*δ, A_LIGG) > U 면 cap_conflict 로 세고 U 를 낸다 — A 는 A_LIGG · πR*δ 보다 작을 수 있다) · A_volume = 정확한 전체 lens(r1, r2, δ) / (H_FILM_MIN × length_scale) · 모든 상 쌍에 AM–SE E* · SE H 를 쓴다 (L1-03 은 그대로 열려 있다) · 피복률 분모 = 4πr² − Σ A_v2(AM–AM) > 0 이고 반경 · 표면적이 유한 양수인 AM 만 — 아니면 침대 빈칸 + 사유 · 제외 수 진단 (LHSC-01 (a) · 2026-09-30)",5e-06,,,,,,,
lhsx_033,lhsx_033,bimodal,1000,0.006923,0.0020926,0.000749,0.3,0.006923,0.0020926,0.000749,1e-06,0.003,0.01,0.3,0.05,0.05,0.133,46.7:53.3,-5.67192446197462,23.820600000000002,mesh,5:5,49:51,10.155370868937531,1.9186437122713855,10.155370868937531,0.5093354980833185,0.5093354980833185,25629,10.209606305357212,1.9244783185205534,695,1e-05,100.0,100.0,1,1,1.520689916063177,1.5156012469148628,0.21594777758819808,False,1.520689916063177,100.0,6,6.92,247,2.09,25629,0.75,22.417991999999995,45,0.4981775999999999,1967.4655706000028,2217,0.8874450025259372,9.46787,1,9.46787,25.448983500000008,130,0.1957614115384616,7691.650304780042,11338,0.6783956874916247,46012.84748046828,130136,0.35357508668215004,9659.115875380045,13555,0.7125869328941383,55.058556241558954,3.0782112980742165,56.88234635917414,4.578284971698179,121.97720224486241,0.5279721470306165,0.44260056254103197,1.0054824545698302,1862.9298355937742,5578.207004808983,371.38099713775193,1039.5422819404703,40261.7704225845,40261.7704225845,821.8219579281442,2324.538973155107,299.0546700661996,839.0953782040752,164.0767163313152,601.9770396883921,449.2980481835132,21729.912677224536,22.349103701772936,90.43671562082777,92.96503020150556,0.0,53.57707509881423,49.51231519401845,46.0,390,369.5,20.726392192886184,373.5,390,6,0.0,45.902834008097166,4.149858792873171,46.0,55,247,0.0,113.86792017571942,0.32756062133889047,0.7574832230313953,0.29923602158835094,1.391304347826087,1.3546302816128537,176,0.32576616761363636,57.3348455,300.0,1.35,166,7,2,0,1,151,22,2,1,0,176,176,94.32,3.98,1.14,0.0,0.57,0.0057,85.8,12.5,1.14,0.57,0.0,0.0057,1,0,0.0,0,0.0,0,0.0,0,0.0,1,100.0,130,130,100.0,0,0.0,0,0.0,0,0.0,0,0.0,45,36,80.0,7,15.56,2,4.44,0,0.0,0,0.0,1,0,0.0,0,0.0,0,0.0,1,100.0,0,0.0,130,130,100.0,0,0.0,0,0.0,0,0.0,0,0.0,45,21,46.67,22,48.89,2,4.44,0,0.0,0,0.0,6.923,1.6689,40.2618,24.124,2.093,5.6052,0.806,0.144,2.093,1.6816,1.7536,1.043,1.091,0.010233,0.4134,0.0708,100.0,0.0,81.62,100.0,0.0,0.0,100.0,0.0,75.8,100.0,0.0,0.0,100.0,75.94,100.0,0.0,33562.14,195381.59,74.64,0.0,0.7,63.2,0.0,36.1,0.0,0.0,13555,0.0,1.6,88.0,0.0,10.4,0.0,0.0,143867,247.47,324.62,1.8119,0.1483,0.029238,100.0,0.0,100.0,0.0,100.0,33561.56,195374.0,71.45,143867,143844,2288,0.015904,0.015906,95,2094,99,0,23,127626,1315,14903,0,1,8644,16,4894,0,253,0,253,0,0,0,ok,"physics_v2 (2026-09-29): δ/R* < DR_YIELD_ONSET → A = πR*δ (Hertz, legacy 와 같다) · 그 위 → A = U = min(A_tabor, A_volume, A_geom) = cap 은 **전체 접촉면적**의 한계 (L = max(πR*δ, A_LIGG) > U 면 cap_conflict 로 세고 U 를 낸다 — A 는 A_LIGG · πR*δ 보다 작을 수 있다) · A_volume = 정확한 전체 lens(r1, r2, δ) / (H_FILM_MIN × length_scale) · 모든 상 쌍에 AM–SE E* · SE H 를 쓴다 (L1-03 은 그대로 열려 있다) · 피복률 분모 = 4πr² − Σ A_v2(AM–AM) > 0 이고 반경 · 표면적이 유한 양수인 AM 만 — 아니면 침대 빈칸 + 사유 · 제외 수 진단 (LHSC-01 (a) · 2026-09-30)",5e-06,,,,,,,
lhsx_034,lhsx_034,bimodal,1000,0.0029014,0.0022674,0.0007761,0.3,0.0029014,0.0022674,0.0007761,1e-06,0.003,0.01,0.3,0.05,0.05,0.133,45.7:54.3,-6.317147441662163,35.69909999999999,mesh,1:9,46:54,10.101260176201627,1.944976221866323,10.101260176201627,0.5113056123906321,0.5113056123906321,35868,10.15077506412401,1.947342715193883,888,1e-05,100.0,100.0,1,1,1.2951548215876216,1.2831400001400841,0.10311409326658287,False,1.2951548215876216,100.0,30,2.9,442,2.27,35868,0.78,19.283966500000002,70,0.27548523571428574,1786.5085870799978,2190,0.8157573456986292,2.9077110000000004,7,0.41538728571428574,84.90127807999998,381,0.22283800020997369,16446.827854349896,21749,0.7562107616143223,69406.94933470598,181156,0.38313359388982965,18233.336441429896,23939,0.7616582330686285,56.735494372151855,3.885733341325132,57.97057943943102,3.5988527851208882,77.1766819258599,0.34382378427554977,0.3996464389902367,1.0079469599765265,1145.1521415916911,2843.781321919813,353.1199740541938,886.7296579685377,1734.1485390700475,2818.7032015494287,933.5501295639048,3759.2735328529902,333.3898148582597,1037.3146478875346,177.93743848317195,616.4099340341945,453.3217550305894,37059.2699442066,22.740040612172148,90.71227934544518,93.05726503626802,0.0,50.71822033898305,6.89318063057164,50.0,81,73.0,4.809712396114068,73.0,81,30,0.0,49.205882352941174,3.631269646291462,49.0,58,442,0.0,51.58578934418208,0.46914616579517404,0.7869579818793727,0.2762134925372489,1.9406779661016949,1.2473182954612962,458,0.23382741393013098,107.09295558,300.0,1.35,450,7,1,0,0,441,14,3,0,0,458,458,98.25,1.53,0.22,0.0,0.0,0.0,96.29,3.06,0.66,0.0,0.0,0.0,7,2,28.57,4,57.14,1,14.29,0,0.0,0,0.0,381,381,100.0,0,0.0,0,0.0,0,0.0,0,0.0,70,67,95.71,3,4.29,0,0.0,0,0.0,0,0.0,7,1,14.29,3,42.86,3,42.86,0,0.0,0,0.0,381,381,100.0,0,0.0,0,0.0,0,0.0,0,0.0,70,59,84.29,11,15.71,0,0.0,0,0.0,0,0.0,2.901,0.6994,1.7938,2.565,2.267,6.0734,0.8209,0.135,2.267,1.822,1.0765,0.591,0.934,0.007323,0.4159,0.0406,100.0,0.0,76.26,100.0,0.0,0.0,100.0,0.0,72.5,100.0,0.0,0.0,100.0,72.74,100.0,0.0,64116.67,295749.9,122.34,0.0,0.6,62.0,0.0,37.3,0.0,0.0,23939,0.0,1.6,86.9,0.0,11.4,0.0,0.0,205553,251.65,326.11,1.8281,0.0584,0.016407,100.0,0.0,100.0,0.0,100.0,64115.69,295739.07,113.63,205553,205517,3357,0.016332,0.016334,152,2907,298,0,36,180368,1672,23477,0,2,14978,28,8931,0,472,0,472,0,0,0,ok,"physics_v2 (2026-09-29): δ/R* < DR_YIELD_ONSET → A = πR*δ (Hertz, legacy 와 같다) · 그 위 → A = U = min(A_tabor, A_volume, A_geom) = cap 은 **전체 접촉면적**의 한계 (L = max(πR*δ, A_LIGG) > U 면 cap_conflict 로 세고 U 를 낸다 — A 는 A_LIGG · πR*δ 보다 작을 수 있다) · A_volume = 정확한 전체 lens(r1, r2, δ) / (H_FILM_MIN × length_scale) · 모든 상 쌍에 AM–SE E* · SE H 를 쓴다 (L1-03 은 그대로 열려 있다) · 피복률 분모 = 4πr² − Σ A_v2(AM–AM) > 0 이고 반경 · 표면적이 유한 양수인 AM 만 — 아니면 침대 빈칸 + 사유 · 제외 수 진단 (LHSC-01 (a) · 2026-09-30)",5e-06,,,,,,,
lhsx_035,lhsx_035,standard,1000,,,0.0009327,0.3,,,0.0009327,1e-06,0.003,0.01,0.3,0.05,0.05,0.133,49.0:51.0,-6.684664561797149,27.181100000000004,mesh,10:0,49:51,10.287201106646465,1.955937170869841,10.287201106646465,0.5288068880810407,0.5288068880810407,15181,10.327646400105396,1.9597808161880166,307,1e-05,100.0,100.0,1,1,1.4239399720425354,1.4016524925475247,0.17698500811521273,False,1.4239399720425354,100.0,58,4.41,,,15181,0.93,,,,8290.57224436197,6559,1.2639994274069175,58.189828399999996,56,1.0391040785714287,,,,,,,43879.46316643082,78085,0.5619448442905913,8290.57224436197,6559,1.2639994274069173,58.83586886499704,3.882167390831884,,,100.45811632215758,0.3636332141056276,,1.002431280783998,,,542.2674835781036,1528.965055073856,4381.927803013001,13157.125046851994,,,,,261.304542328539,879.908820667238,448.8313048395655,9245.804897421289,22.950162262867007,88.82245094885816,93.30814639905549,0.0,113.08620689655173,7.428473836758175,113.5,126,113.08620689655173,7.428473836758175,113.5,126,58,0.0,,,,,,,113.08620689655189,0.374476457626063,0.759290354334554,0.30755629128341744,1.9310344827586208,1.243771641163547,56,1.0391040785714287,58.189828399999996,300.0,1.35,16,16,21,3,0,5,19,30,2,0,56,56,28.57,28.57,37.5,5.36,0.0,0.0536,8.93,33.93,53.57,3.57,0.0,0.0357,56,16,28.57,16,28.57,21,37.5,3,5.36,0,0.0,0,0,0.0,0,0.0,0,0.0,0,0.0,0,0.0,0,0,0.0,0,0.0,0,0.0,0,0.0,0,0.0,56,5,8.93,19,33.93,30,53.57,2,3.57,0,0.0,0,0,0.0,0,0.0,0,0.0,0,0.0,0,0.0,0,0,0.0,0,0.0,0,0.0,0,0.0,0,0.0,4.414,1.0642,3.7858,3.557,,,,,,,,,0.89,0.016608,0.6327,0.0814,100.0,0.0,69.96,100.0,0.0,0.0,,,,,,,100.0,69.96,100.0,0.0,27508.62,187922.66,75.01,0.0,0.6,51.6,0.0,47.7,0.0,0.0,6559,0.0,1.5,87.0,0.0,11.5,0.0,0.0,84700,231.81,328.27,2.8105,0.1343,0.040925,100.0,0.0,,,100.0,27508.12,187917.06,71.79,84700,84675,1248,0.014734,0.014739,42,1175,31,0,25,74556,413,9706,0,2,3422,6,3129,0,58,0,58,0,0,0,ok,"physics_v2 (2026-09-29): δ/R* < DR_YIELD_ONSET → A = πR*δ (Hertz, legacy 와 같다) · 그 위 → A = U = min(A_tabor, A_volume, A_geom) = cap 은 **전체 접촉면적**의 한계 (L = max(πR*δ, A_LIGG) > U 면 cap_conflict 로 세고 U 를 낸다 — A 는 A_LIGG · πR*δ 보다 작을 수 있다) · A_volume = 정확한 전체 lens(r1, r2, δ) / (H_FILM_MIN × length_scale) · 모든 상 쌍에 AM–SE E* · SE H 를 쓴다 (L1-03 은 그대로 열려 있다) · 피복률 분모 = 4πr² − Σ A_v2(AM–AM) > 0 이고 반경 · 표면적이 유한 양수인 AM 만 — 아니면 침대 빈칸 + 사유 · 제외 수 진단 (LHSC-01 (a) · 2026-09-30)",5e-06,,,0.0044144,0.0044144,,,
lhsx_036,lhsx_036,bimodal,1000,0.0062731,0.0007606,0.0009873,0.3,0.0062731,0.0007606,0.0009873,1e-06,0.003,0.01,0.3,0.05,0.05,0.133,49.6:50.4,-5.1744511271836435,38.72130000000001,mesh,7:3,50:50,9.260402684563758,1.7989489396615934,9.260402684563758,0.4621477421986436,0.4621477421986436,17880,9.29821029082774,1.8033020720158353,338,1e-05,100.0,100.0,1,1,1.2939614058185982,1.2858193618695641,0.10064273609674151,False,1.2939614058185982,100.0,19,6.27,5473,0.76,17880,0.99,116.65833423000012,880,0.13256628889772742,4764.597775000006,3168,1.5039765703914159,20.477500000000003,9,2.275277777777778,197.97113117020004,4052,0.04885763355631788,19091.24346422206,40175,0.4752020775164172,50608.85275953874,82788,0.6113066236596939,23855.841239222067,43343,0.5503966324255836,51.57187824893174,4.746958011246337,48.55451475744985,9.262550408927703,169.5781697591173,0.36108973529956795,1.4370720436461828,0.86689284117191,464.67442766408357,4716.279588608483,636.1360147078228,1654.110373725103,9593.45421202245,19358.715433780722,206.56380604028507,863.7733228544396,246.52425840622837,870.3975827156289,283.4928283777403,1007.0871544846553,597.6939204685635,54554.617577749974,22.161499454336187,85.60767814882988,90.17181396484375,0.07283321194464676,7.892024763292061,9.491044679711408,7.0,183,166.73684210526315,12.98112842902568,173.0,183,19,0.0,7.340581034167733,1.3818772303490765,7.0,11,5473,0.07308605883427736,37.790659815934106,0.44470391249959906,0.744583823291352,0.30716068798048446,1.7993445010924982,2.9296459681921694,4941,0.06782168901036228,335.10696540020007,300.0,1.35,4819,96,21,5,0,4765,157,17,2,0,4941,4941,97.53,1.94,0.43,0.1,0.0,0.001,96.44,3.18,0.34,0.04,0.0,0.0004,9,2,22.22,2,22.22,3,33.33,2,22.22,0,0.0,4052,4052,100.0,0,0.0,0,0.0,0,0.0,0,0.0,880,765,86.93,94,10.68,18,2.05,3,0.34,0,0.0,9,0,0.0,2,22.22,5,55.56,2,22.22,0,0.0,4052,4052,100.0,0,0.0,0,0.0,0,0.0,0,0.0,880,713,81.02,155,17.61,12,1.36,0,0.0,0,0.0,6.273,1.5123,6.9632,4.605,0.761,2.0373,0.196,0.096,0.761,0.6112,0.4145,0.678,0.757,0.016448,0.7452,0.1226,100.0,0.0,93.9,99.712,1.22,-0.29,99.578,3.971,105.08,99.383,4.686,-0.2,99.579,105.04,99.384,-0.2,92726.76,214622.28,499.06,0.0,1.1,79.1,0.0,19.8,0.0,0.0,43343,0.0,2.5,86.3,0.0,11.2,0.0,0.0,131072,288.7,324.08,3.358,0.2577,0.048101,100.0,0.0,99.611,3.818,99.612,92724.73,214614.77,491.41,131072,131026,3273,0.024971,0.02498,460,1420,1393,0,46,115077,1308,14641,0,12,34535,195,8601,0,5492,0,5387,0,0,0,ok,"physics_v2 (2026-09-29): δ/R* < DR_YIELD_ONSET → A = πR*δ (Hertz, legacy 와 같다) · 그 위 → A = U = min(A_tabor, A_volume, A_geom) = cap 은 **전체 접촉면적**의 한계 (L = max(πR*δ, A_LIGG) > U 면 cap_conflict 로 세고 U 를 낸다 — A 는 A_LIGG · πR*δ 보다 작을 수 있다) · A_volume = 정확한 전체 lens(r1, r2, δ) / (H_FILM_MIN × length_scale) · 모든 상 쌍에 AM–SE E* · SE H 를 쓴다 (L1-03 은 그대로 열려 있다) · 피복률 분모 = 4πr² − Σ A_v2(AM–AM) > 0 이고 반경 · 표면적이 유한 양수인 AM 만 — 아니면 침대 빈칸 + 사유 · 제외 수 진단 (LHSC-01 (a) · 2026-09-30)",5e-06,,,,,,,
lhsx_037,lhsx_037,standard,1000,,,0.0008718,0.3,,,0.0008718,1e-06,0.003,0.01,0.3,0.05,0.05,0.133,45.0:55.0,-6.958842592516112,25.1825,mesh,0:10,45:55,8.778508650710299,1.9431060331235954,8.778993919292427,0.45359151075583043,0.45361658491341783,18090,8.819523519982312,1.9454125947389282,371,1e-05,99.99447238958598,100.0,2,1,1.506104153245766,1.496365373436913,0.19250038131270683,False,1.506104153245766,100.0,,,2369,1.2,18091,0.87,,,,,,,,,,287.6611468829994,2903,0.0990909910034445,21969.061106468962,33637,0.6531218927511062,39186.91629443898,79406,0.4935006963508926,21969.061106468962,33637,0.6531218927511063,,,51.95475342327586,7.081937010494089,53.90785417265004,,0.8512644441348982,1.0194767857964968,,,,,,,418.1674346706214,1471.856876186676,315.52387248675393,1017.9913448583144,229.93233105344464,801.5961175985074,546.6156780376581,18905.850302784464,22.75692473837248,79.95664143152099,91.09671743742777,0.0,14.198818066694807,2.1305390343437227,14.0,20,,,,,,,14.198818066694807,2.1305390343437227,14.0,20,2369,0.0,14.198818066695273,0.3515838411662014,0.7975591937800536,0.27202923214510755,2.4508231321232588,1.3207633182686702,2903,0.09909099100344472,287.661146883,300.0,1.35,2903,0,0,0,0,2903,0,0,0,0,2903,2903,100.0,0.0,0.0,0.0,0.0,0.0,100.0,0.0,0.0,0.0,0.0,0.0,0,0,0.0,0,0.0,0,0.0,0,0.0,0,0.0,2903,2903,100.0,0,0.0,0,0.0,0,0.0,0,0.0,0,0,0.0,0,0.0,0,0.0,0,0.0,0,0.0,0,0,0.0,0,0.0,0,0.0,0,0.0,0,0.0,2903,2903,100.0,0,0.0,0,0.0,0,0.0,0,0.0,0,0,0.0,0,0.0,0,0.0,0,0.0,0,0.0,,,,,1.2,3.2129,0.3889,0.121,,,,,1.012,0.015912,0.5494,0.1038,,,,,,,99.959,1.087,92.4,99.932,1.383,-0.03,99.959,92.4,99.932,-0.03,87945.21,167943.94,389.92,0.0,1.0,80.7,0.0,18.3,0.0,0.0,33637,0.0,2.3,85.8,0.0,11.9,0.0,0.0,115946,300.31,328.57,2.4194,0.1986,0.043561,,,99.961,1.045,99.961,87943.46,167938.37,382.48,115946,115915,2630,0.022683,0.022689,328,1304,998,0,31,101299,787,13829,0,4,27375,103,6155,0,2369,0,2364,0,0,0,ok,"physics_v2 (2026-09-29): δ/R* < DR_YIELD_ONSET → A = πR*δ (Hertz, legacy 와 같다) · 그 위 → A = U = min(A_tabor, A_volume, A_geom) = cap 은 **전체 접촉면적**의 한계 (L = max(πR*δ, A_LIGG) > U 면 cap_conflict 로 세고 U 를 낸다 — A 는 A_LIGG · πR*δ 보다 작을 수 있다) · A_volume = 정확한 전체 lens(r1, r2, δ) / (H_FILM_MIN × length_scale) · 모든 상 쌍에 AM–SE E* · SE H 를 쓴다 (L1-03 은 그대로 열려 있다) · 피복률 분모 = 4πr² − Σ A_v2(AM–AM) > 0 이고 반경 · 표면적이 유한 양수인 AM 만 — 아니면 침대 빈칸 + 사유 · 제외 수 진단 (LHSC-01 (a) · 2026-09-30)",5e-06,,,0.0011995,0.0011995,,,
lhsx_038,lhsx_038,bimodal,1000,0.00411,0.0013123,0.0006022,0.3,0.00411,0.0013123,0.0006022,1e-06,0.003,0.01,0.3,0.05,0.05,0.133,47.1:52.9,-3.497657366454421,31.1659,mesh,8:2,47:53,10.413030614469463,1.7706957792485598,10.413030614469463,0.5017176230025925,0.5017176230025925,64218,10.488834906101093,1.7788456536223975,2434,1e-05,100.0,100.0,1,1,1.3627726991756695,1.365172394104424,0.1391051981037613,False,1.3627726991756695,100.0,61,4.11,439,1.31,64218,0.6,23.647809300000002,135,0.1751689577777778,7056.827557369994,13206,0.5343652549878838,24.96683952,34,0.7343188094117646,7.638242346,99,0.07715396309090909,5117.350700200003,13723,0.3729032063105737,73413.76589112951,334352,0.2195702908645066,12174.178257569998,26929,0.45208430530543275,54.805970610972196,3.8422012471600744,54.07415733633447,4.809357679154266,118.13810872703749,0.29690938539711187,0.4734306868183493,1.004267533339212,651.1990327950763,2338.757802139631,222.06527681834436,619.0222265306473,3063.94749543446,7181.346912682884,322.13169885524985,1281.6202247223473,166.95314749013772,500.3751695653572,101.44630924511357,366.1457274638064,445.5790749912138,10780.883792585382,21.256980709541605,84.52175357024244,92.43836934965938,0.0,53.858,60.872701895020235,32.0,236,216.49180327868854,13.698896629996648,220.0,236,61,0.0,31.25968109339408,2.891506829215709,32.0,37,439,0.0,138.10189277004446,0.40597669887262516,0.7539593947497134,0.2810171789148308,1.072,1.2517252094609264,268,0.20989884763432837,56.252891166,300.0,1.35,235,24,9,0,0,224,29,15,0,0,268,268,87.69,8.96,3.36,0.0,0.0,0.0,83.58,10.82,5.6,0.0,0.0,0.0,34,9,26.47,16,47.06,9,26.47,0,0.0,0,0.0,99,99,100.0,0,0.0,0,0.0,0,0.0,0,0.0,135,127,94.07,8,5.93,0,0.0,0,0.0,0,0.0,34,3,8.82,16,47.06,15,44.12,0,0.0,0,0.0,99,99,100.0,0,0.0,0,0.0,0,0.0,0,0.0,135,122,90.37,13,9.63,0,0.0,0,0.0,0,0.0,4.11,0.9908,2.756,2.782,1.312,3.5151,0.2788,0.079,1.312,1.0545,0.6202,0.588,1.248,0.004345,0.2536,0.0308,100.0,0.0,82.46,100.0,0.0,0.0,100.0,0.0,84.93,99.998,0.042,-0.0,100.0,84.63,99.998,-0.0,42029.95,307261.6,64.81,0.0,0.7,65.6,0.0,33.7,0.0,0.0,26929,0.0,1.7,90.4,0.0,7.9,0.0,0.0,361549,245.24,318.53,1.1113,0.0468,0.010814,100.0,0.0,100.0,0.0,100.0,42029.1,307241.27,60.4,361549,361527,6437,0.017804,0.017805,179,6086,172,0,22,326381,6522,28624,0,1,17791,63,9074,0,500,0,500,0,0,0,ok,"physics_v2 (2026-09-29): δ/R* < DR_YIELD_ONSET → A = πR*δ (Hertz, legacy 와 같다) · 그 위 → A = U = min(A_tabor, A_volume, A_geom) = cap 은 **전체 접촉면적**의 한계 (L = max(πR*δ, A_LIGG) > U 면 cap_conflict 로 세고 U 를 낸다 — A 는 A_LIGG · πR*δ 보다 작을 수 있다) · A_volume = 정확한 전체 lens(r1, r2, δ) / (H_FILM_MIN × length_scale) · 모든 상 쌍에 AM–SE E* · SE H 를 쓴다 (L1-03 은 그대로 열려 있다) · 피복률 분모 = 4πr² − Σ A_v2(AM–AM) > 0 이고 반경 · 표면적이 유한 양수인 AM 만 — 아니면 침대 빈칸 + 사유 · 제외 수 진단 (LHSC-01 (a) · 2026-09-30)",5e-06,,,,,,,
lhsx_039,lhsx_039,bimodal,1000,0.0061282,0.0017042,0.0006507,0.3,0.0061282,0.0017042,0.0006507,1e-06,0.003,0.01,0.3,0.05,0.05,0.133,47.9:52.1,-4.020237103137436,35.59790000000001,mesh,5:5,48:52,10.325618186195275,1.815301887125259,10.325618186195275,0.5027172391941547,0.5027172391941547,58154,10.390308491247378,1.8218106415264168,1881,1e-05,100.0,100.0,1,1,1.3011100699091473,1.2973440985326539,0.1084113024703236,False,1.3011100699091473,100.0,14,6.13,577,1.7,58154,0.65,26.9536754,102,0.26425171960784316,3686.9715148000037,5558,0.663362992947104,15.513976000000001,9,1.7237751111111115,38.566661900000014,296,0.13029277668918926,11598.86441955199,23933,0.4846389679334806,77775.86542394273,300238,0.259047373829904,15285.835934351993,29491,0.5183220621325826,56.29306371152843,1.318394725692648,55.34331964298756,4.027071330254226,131.19943264304047,0.32906462792775565,0.4130122620616868,1.0059855731333944,965.2702724100002,3637.9744884071138,274.4360067740636,846.6060863245434,7228.213241423872,16548.867700628343,543.311163281892,2215.4278897278514,213.6979359735763,783.2081631704882,119.81381096724255,429.69406612030383,447.59528199715226,7069.436952645103,21.589123036785214,98.52266789611188,92.63818547507694,0.0,49.900169204737736,54.19534620137385,42.0,419,397.0,11.74734012447073,395.5,419,14,0.0,41.47833622183709,3.302742729439915,42.0,49,577,0.0,126.3830729618982,0.4454696882540137,0.7541300285721811,0.2860723424591932,1.377326565143824,1.541779234545601,407,0.19910150687960684,81.0343133,300.0,1.35,393,8,6,0,0,379,21,6,1,0,407,407,96.56,1.97,1.47,0.0,0.0,0.0,93.12,5.16,1.47,0.25,0.0,0.0025,9,2,22.22,2,22.22,5,55.56,0,0.0,0,0.0,296,296,100.0,0,0.0,0,0.0,0,0.0,0,0.0,102,95,93.14,6,5.88,1,0.98,0,0.0,0,0.0,9,0,0.0,2,22.22,6,66.67,1,11.11,0,0.0,296,296,100.0,0,0.0,0,0.0,0,0.0,0,0.0,102,83,81.37,19,18.63,0,0.0,0,0.0,0,0.0,6.128,1.4773,6.7041,4.538,1.704,4.5648,0.5022,0.11,1.704,1.3694,0.8539,0.624,1.135,0.005011,0.3068,0.0421,100.0,0.0,77.64,100.0,0.0,0.0,100.0,0.0,80.69,100.0,0.0,0.0,100.0,80.62,100.0,0.0,53533.38,326732.56,92.66,0.0,0.7,66.3,0.0,33.0,0.0,0.0,29491,0.0,1.6,89.7,0.0,8.7,0.0,0.0,330136,250.22,320.1,1.3633,0.0723,0.013244,100.0,0.0,100.0,0.0,100.0,53532.44,326715.29,85.75,330136,330113,5412,0.016393,0.016394,195,4959,258,0,23,296748,4633,28732,0,2,19697,59,9733,0,591,0,591,0,0,0,ok,"physics_v2 (2026-09-29): δ/R* < DR_YIELD_ONSET → A = πR*δ (Hertz, legacy 와 같다) · 그 위 → A = U = min(A_tabor, A_volume, A_geom) = cap 은 **전체 접촉면적**의 한계 (L = max(πR*δ, A_LIGG) > U 면 cap_conflict 로 세고 U 를 낸다 — A 는 A_LIGG · πR*δ 보다 작을 수 있다) · A_volume = 정확한 전체 lens(r1, r2, δ) / (H_FILM_MIN × length_scale) · 모든 상 쌍에 AM–SE E* · SE H 를 쓴다 (L1-03 은 그대로 열려 있다) · 피복률 분모 = 4πr² − Σ A_v2(AM–AM) > 0 이고 반경 · 표면적이 유한 양수인 AM 만 — 아니면 침대 빈칸 + 사유 · 제외 수 진단 (LHSC-01 (a) · 2026-09-30)",5e-06,,,,,,,
lhsx_040,lhsx_040,bimodal,1000,0.0052001,0.0009091,0.0005075,0.3,0.0052001,0.0009091,0.0005075,1e-06,0.003,0.01,0.3,0.05,0.05,0.133,48.7:51.3,1.1554407106624143,33.625099999999996,mesh,2:8,49:51,9.090553541614781,1.877403170425424,9.090721250080712,0.4050455159073572,0.4050529884514432,108409,9.192572709411406,1.8838594417488337,5530,1e-05,99.99815516875594,99.99815516875594,3,1,1.3227336058774404,1.3077576990437936,0.12374549655123636,False,1.3227336058774404,100.0,10,5.2,5670,0.91,108411,0.51,31.056258007999997,257,0.12084147084824902,1505.523510510001,4070,0.3699074964398037,,,,224.24750095440007,5248,0.0427300878342988,25971.48492241593,117383,0.22125422695293126,71060.64425582995,492758,0.14421002653600742,27477.00843292593,121453,0.22623573261200572,44.71282680716078,2.907420942369519,44.44611071618985,5.531751371519102,109.14725682912115,0.28887764667883714,0.6405108642240291,1.0188672240213905,417.9807329957771,2993.4931528342618,148.53206038320968,427.4092631502621,,,175.80227375342005,947.060672319361,100.44392851152531,367.76145457442925,66.14874220080571,247.38740204434424,471.3449125054182,4282.939895190145,19.678089551354017,80.89044334975368,90.98264366258093,0.0,21.38257042253521,16.405586016593787,21.0,428,407.0,23.026072179162473,417.0,428,10,0.0,20.70246913580247,2.441595216539456,21.0,27,5670,0.0,41.7777900506489,0.40356520904623383,0.7061004792065162,0.28234511368685966,1.9383802816901408,1.5650469719468232,5505,0.04637670462532244,255.3037589624,300.0,1.35,5487,16,2,0,0,5484,19,2,0,0,5505,5505,99.67,0.29,0.04,0.0,0.0,0.0,99.62,0.35,0.04,0.0,0.0,0.0,0,0,0.0,0,0.0,0,0.0,0,0.0,0,0.0,5248,5248,100.0,0,0.0,0,0.0,0,0.0,0,0.0,257,239,93.0,16,6.23,2,0.78,0,0.0,0,0.0,0,0,0.0,0,0.0,0,0.0,0,0.0,0,0.0,5248,5248,100.0,0,0.0,0,0.0,0,0.0,0,0.0,257,236,91.83,19,7.39,2,0.78,0,0.0,0,0.0,,,,,0.909,2.4351,0.1607,0.066,0.909,0.7305,0.3555,0.487,1.475,0.002026,0.164,0.019,100.0,0.0,123.65,98.204,3.651,-1.8,99.909,1.209,124.79,99.8,1.917,-0.11,99.909,124.78,99.797,-0.11,101244.36,288050.76,311.84,0.0,1.1,85.3,0.0,13.5,0.0,0.0,121453,0.0,2.3,92.1,0.0,5.6,0.0,0.0,619716,268.47,305.36,0.6958,0.0307,0.004892,100.0,0.0,99.914,1.162,99.914,101239.87,288006.93,297.31,619716,619566,17300,0.027916,0.027923,1356,13024,2920,0,150,564989,19586,34991,0,19,103790,1226,16418,0,5680,0,5630,0,0,0,ok,"physics_v2 (2026-09-29): δ/R* < DR_YIELD_ONSET → A = πR*δ (Hertz, legacy 와 같다) · 그 위 → A = U = min(A_tabor, A_volume, A_geom) = cap 은 **전체 접촉면적**의 한계 (L = max(πR*δ, A_LIGG) > U 면 cap_conflict 로 세고 U 를 낸다 — A 는 A_LIGG · πR*δ 보다 작을 수 있다) · A_volume = 정확한 전체 lens(r1, r2, δ) / (H_FILM_MIN × length_scale) · 모든 상 쌍에 AM–SE E* · SE H 를 쓴다 (L1-03 은 그대로 열려 있다) · 피복률 분모 = 4πr² − Σ A_v2(AM–AM) > 0 이고 반경 · 표면적이 유한 양수인 AM 만 — 아니면 침대 빈칸 + 사유 · 제외 수 진단 (LHSC-01 (a) · 2026-09-30)",5e-06,,,,,,,
lhsx_041,lhsx_041,bimodal,1000,0.0031692,0.0024585,0.000605,0.3,0.0031692,0.0024585,0.000605,1e-06,0.003,0.01,0.3,0.05,0.05,0.133,40.6:59.4,-2.5305538693089824,38.0164,mesh,9:1,41:59,10.632051689958148,1.648810245213169,10.632051689958148,0.4995834985177756,0.4995834985177756,81718,10.706600748917007,1.6546369647471733,3046,1e-05,100.0,100.0,1,1,1.260400345865509,1.252572254934419,0.08422112705753224,False,1.260400345865509,100.0,139,3.17,50,2.46,81718,0.6,13.906711999999999,45,0.3090380444444444,9490.030601562976,19107,0.49667821225535025,35.6644989,81,0.4403024555555555,1.111362,4,0.2778405,2032.0502436300008,4339,0.4683222502028119,93889.37144700506,434415,0.21612829079798132,11522.080845192977,23446,0.4914305572461391,54.34741519323351,3.3868987693450263,53.72544496378801,3.765005153431135,102.79927430927196,0.3591518168911345,0.3728605026556472,1.001473786342291,1272.1267603279216,3495.9192902153795,206.992962261636,660.0984951925054,1818.5388352662137,5451.670471630599,1163.0796928226068,1673.2960572848428,198.04026835419617,589.2404547544577,99.58786971200246,356.50920955370844,443.0163513201437,4239.090851574322,20.586748347827797,90.50115702479339,92.16949678050442,0.0,124.05291005291005,23.716298383008876,135.0,155,137.46043165467626,8.508367601257874,139.0,155,139,0.0,86.78,5.987620562460516,88.0,96,50,0.0,128.44190728902154,0.502047070987034,0.7975565113878039,0.2277490273052859,1.3756613756613756,1.1134769471293888,130,0.3898659453846154,50.6825729,300.0,1.35,74,44,12,0,0,54,56,20,0,0,130,130,56.92,33.85,9.23,0.0,0.0,0.0,41.54,43.08,15.38,0.0,0.0,0.0,81,29,35.8,40,49.38,12,14.81,0,0.0,0,0.0,4,4,100.0,0,0.0,0,0.0,0,0.0,0,0.0,45,41,91.11,4,8.89,0,0.0,0,0.0,0,0.0,81,10,12.35,51,62.96,20,24.69,0,0.0,0,0.0,4,4,100.0,0,0.0,0,0.0,0,0.0,0,0.0,45,40,88.89,5,11.11,0,0.0,0,0.0,0,0.0,3.169,0.764,1.6508,2.161,2.459,6.5853,1.2171,0.185,2.459,1.9756,1.2171,0.616,1.178,0.003491,0.2471,0.0263,100.0,0.0,84.0,99.963,0.334,-0.04,100.0,0.0,86.13,100.0,0.0,0.0,100.0,84.56,99.973,-0.03,38867.77,389229.34,57.58,0.0,0.7,61.8,0.0,37.6,0.0,0.0,23446,0.0,1.7,91.8,0.0,6.5,0.0,0.0,457991,237.33,314.56,1.0732,0.0401,0.008391,100.0,0.0,100.0,0.0,100.0,38866.96,389202.22,53.17,457991,457979,8420,0.018385,0.018385,158,8168,94,0,12,419568,8672,29739,0,2,14605,34,8805,0,189,0,189,0,0,0,ok,"physics_v2 (2026-09-29): δ/R* < DR_YIELD_ONSET → A = πR*δ (Hertz, legacy 와 같다) · 그 위 → A = U = min(A_tabor, A_volume, A_geom) = cap 은 **전체 접촉면적**의 한계 (L = max(πR*δ, A_LIGG) > U 면 cap_conflict 로 세고 U 를 낸다 — A 는 A_LIGG · πR*δ 보다 작을 수 있다) · A_volume = 정확한 전체 lens(r1, r2, δ) / (H_FILM_MIN × length_scale) · 모든 상 쌍에 AM–SE E* · SE H 를 쓴다 (L1-03 은 그대로 열려 있다) · 피복률 분모 = 4πr² − Σ A_v2(AM–AM) > 0 이고 반경 · 표면적이 유한 양수인 AM 만 — 아니면 침대 빈칸 + 사유 · 제외 수 진단 (LHSC-01 (a) · 2026-09-30)",5e-06,,,,,,,
lhsx_042,lhsx_042,bimodal,1000,0.0045466,0.0011452,0.0008532,0.3,0.0045466,0.0011452,0.0008532,1e-06,0.003,0.01,0.3,0.05,0.05,0.133,42.4:57.6,-6.789542626953149,37.653,mesh,8:2,43:57,10.385191714411635,1.7905691752479442,10.385191714411635,0.5296756453792187,0.5296756453792187,29497,10.431433705122554,1.7924059470003628,682,1e-05,100.0,100.0,1,1,1.2739843424991175,1.2680316623658108,0.10326303360195428,False,1.2739843424991175,100.0,46,4.55,902,1.15,29497,0.85,35.59971675000001,212,0.1679231922169812,7056.436642659975,6427,1.0979363066220593,21.421486,23,0.9313689565217393,21.175364479999995,275,0.07700132538181816,8268.990028508955,14333,0.5769196977959223,71461.05351930176,153166,0.4665595074579329,15325.42667116893,20760,0.738219011135305,59.43946453400604,3.303277382242737,55.90184815254885,5.842551028255662,107.88047849960157,0.3153243871200272,0.695273919912177,1.010386073242421,613.4461531372044,2760.827101171132,468.71804094711086,1105.0996130788392,3911.7975054706244,6530.950235150242,324.1501889770514,990.3270838435147,277.20219189621145,891.8271919530656,216.82490405106924,796.0675727386464,457.92246862031504,24462.36414801069,22.478551006488345,79.35478199718705,92.84837992157581,0.0,21.89873417721519,26.73759577698709,16.0,154,139.7173913043478,8.82107911045853,141.0,154,46,0.0,15.890243902439025,1.837082349579593,16.0,20,902,0.0,71.07044884422132,0.502286174044331,0.815228595482564,0.2526668307869675,1.0759493670886076,1.3933732728903208,510,0.1533266024117647,78.19656723,300.0,1.35,475,25,10,0,0,458,35,17,0,0,510,510,93.14,4.9,1.96,0.0,0.0,0.0,89.8,6.86,3.33,0.0,0.0,0.0,23,3,13.04,12,52.17,8,34.78,0,0.0,0,0.0,275,275,100.0,0,0.0,0,0.0,0,0.0,0,0.0,212,197,92.92,13,6.13,2,0.94,0,0.0,0,0.0,23,1,4.35,6,26.09,16,69.57,0,0.0,0,0.0,275,275,100.0,0,0.0,0,0.0,0,0.0,0,0.0,212,182,85.85,29,13.68,1,0.47,0,0.0,0,0.0,4.547,1.0961,3.7279,3.401,1.145,3.0675,0.3039,0.099,1.145,0.9203,0.5834,0.634,0.87,0.012168,0.5593,0.0845,100.0,0.0,68.24,100.0,0.0,0.0,100.0,0.0,78.88,100.0,0.0,0.0,100.0,78.34,100.0,0.0,56272.79,305325.27,91.64,0.0,0.9,74.4,0.0,24.6,0.0,0.0,20760,0.0,1.6,88.3,0.0,10.1,0.0,0.0,174436,267.19,327.26,2.5242,0.1544,0.033849,100.0,0.0,100.0,0.0,100.0,56271.7,305315.48,87.64,174436,174416,2780,0.015937,0.015939,197,2343,240,0,20,155642,1083,17691,0,4,15590,58,5108,0,948,0,948,0,0,0,ok,"physics_v2 (2026-09-29): δ/R* < DR_YIELD_ONSET → A = πR*δ (Hertz, legacy 와 같다) · 그 위 → A = U = min(A_tabor, A_volume, A_geom) = cap 은 **전체 접촉면적**의 한계 (L = max(πR*δ, A_LIGG) > U 면 cap_conflict 로 세고 U 를 낸다 — A 는 A_LIGG · πR*δ 보다 작을 수 있다) · A_volume = 정확한 전체 lens(r1, r2, δ) / (H_FILM_MIN × length_scale) · 모든 상 쌍에 AM–SE E* · SE H 를 쓴다 (L1-03 은 그대로 열려 있다) · 피복률 분모 = 4πr² − Σ A_v2(AM–AM) > 0 이고 반경 · 표면적이 유한 양수인 AM 만 — 아니면 침대 빈칸 + 사유 · 제외 수 진단 (LHSC-01 (a) · 2026-09-30)",5e-06,,,,,,,
lhsx_043,lhsx_043,bimodal,1000,0.0060937,0.001246,0.0008941,0.3,0.0060937,0.001246,0.0008941,1e-06,0.003,0.01,0.3,0.05,0.05,0.133,44.1:55.9,-7.298671105556442,33.3742,mesh,6:4,44:56,10.006948156066274,1.8545800424303929,10.006948156066274,0.5158068843107247,0.5158068843107247,22452,10.04738998752895,1.8557163798001461,454,1e-05,100.0,100.0,1,1,1.3465270555278477,1.3461647544776163,0.12994047276657283,False,1.3465270555278477,100.0,13,6.09,1232,1.25,22452,0.89,32.340814079999994,149,0.21705244348993288,3504.4844441299992,2730,1.2836939355787542,7.33524,6,1.22254,66.22132733299999,698,0.09487296179512894,13363.945561494955,20010,0.667863346401547,58169.35200853222,112338,0.5178065481718762,16868.430005624956,22740,0.7417955147592329,58.223266378033976,3.4387585454504777,55.96903433927855,5.832880746870124,118.21029701172556,0.23811999675094933,0.6935508080113342,1.0172568076150132,778.2617435469335,1706.3053599638677,544.9823307557448,1158.0763183089446,5151.680260652975,7920.538182065407,399.97654536453905,1199.6203601713378,320.1863385396515,980.1363750082179,240.99237514992484,847.8929732491066,471.86234520944924,4424.1584722070875,22.717722631465936,76.98009171233643,92.63744105465273,0.0,18.265060240963855,19.810599777659128,16.0,223,210.0,11.010484513897163,215.0,223,13,0.0,16.241883116883116,1.8206782200991838,16.0,21,1232,0.0,55.28834813506132,0.44434560255657507,0.8056586135330824,0.267328097522482,1.370281124497992,1.514136970139264,853,0.12414698876084411,105.89738141300002,300.0,1.35,829,23,1,0,0,808,41,4,0,0,853,853,97.19,2.7,0.12,0.0,0.0,0.0,94.72,4.81,0.47,0.0,0.0,0.0,6,1,16.67,4,66.67,1,16.67,0,0.0,0,0.0,698,698,100.0,0,0.0,0,0.0,0,0.0,0,0.0,149,130,87.25,19,12.75,0,0.0,0,0.0,0,0.0,6,0,0.0,2,33.33,4,66.67,0,0.0,0,0.0,698,698,100.0,0,0.0,0,0.0,0,0.0,0,0.0,149,110,73.83,39,26.17,0,0.0,0,0.0,0,0.0,6.094,1.469,5.4444,3.706,1.246,3.3375,0.3846,0.115,1.246,1.0013,0.7336,0.733,0.881,0.013931,0.5796,0.099,100.0,0.0,71.75,100.0,0.0,0.0,100.0,0.0,78.67,100.0,0.0,0.0,100.0,78.6,100.0,0.0,64509.16,249182.18,129.85,0.0,0.8,78.7,0.0,20.5,0.0,0.0,22740,0.0,1.7,87.4,0.0,10.9,0.0,0.0,135931,282.43,328.37,2.5616,0.1823,0.037922,100.0,0.0,100.0,0.0,100.0,64508.11,249174.37,125.04,135931,135901,2307,0.016972,0.016976,185,1757,365,0,30,120364,747,14790,0,6,18039,36,4659,0,1245,0,1245,0,0,0,ok,"physics_v2 (2026-09-29): δ/R* < DR_YIELD_ONSET → A = πR*δ (Hertz, legacy 와 같다) · 그 위 → A = U = min(A_tabor, A_volume, A_geom) = cap 은 **전체 접촉면적**의 한계 (L = max(πR*δ, A_LIGG) > U 면 cap_conflict 로 세고 U 를 낸다 — A 는 A_LIGG · πR*δ 보다 작을 수 있다) · A_volume = 정확한 전체 lens(r1, r2, δ) / (H_FILM_MIN × length_scale) · 모든 상 쌍에 AM–SE E* · SE H 를 쓴다 (L1-03 은 그대로 열려 있다) · 피복률 분모 = 4πr² − Σ A_v2(AM–AM) > 0 이고 반경 · 표면적이 유한 양수인 AM 만 — 아니면 침대 빈칸 + 사유 · 제외 수 진단 (LHSC-01 (a) · 2026-09-30)",5e-06,,,,,,,
lhsx_044,lhsx_044,bimodal,1000,0.0066201,0.0015505,0.0006673,0.3,0.0066201,0.0015505,0.0006673,1e-06,0.003,0.01,0.3,0.05,0.05,0.133,41.5:58.5,-5.785313557280203,26.517800000000005,mesh,2:8,42:58,10.14184855336625,1.8488143275475264,10.14184855336625,0.5075224077793028,0.5075224077793028,43342,10.205435835909741,1.85467592557644,1378,1e-05,100.0,100.0,1,1,1.4031852516789671,1.3857999469882887,0.1726407558045372,False,1.4031852516789671,100.0,3,6.62,803,1.55,43342,0.67,12.2112699,36,0.3392019416666666,971.0269424,1346,0.7214167476968797,,,,60.73105367799994,526,0.11545827695437251,13647.584420251871,27415,0.4978144964527402,61544.08050675106,219784,0.2800207499488182,14618.61136265187,28761,0.5082789667484395,59.2098228333447,0.26795175632762375,56.557826214891875,4.407053811147245,108.07457428490119,0.3437177499644126,0.48719029143046366,1.009546284036995,1231.3677167061874,4504.4561267371655,300.45645224914335,631.7734447836261,,,483.4464937137184,3860.0764992731683,223.3849121904433,752.3068405743185,129.9152998442081,450.50179022867377,453.2970015650238,4238.502739350609,22.28565358688465,91.47070283230929,92.89100667584613,0.0,35.68362282878412,25.427274873069766,34.0,451,448.6666666666667,2.6246692913372702,450.0,451,3,0.0,34.14072229140722,3.0600259607618883,34.0,41,803,0.0,60.57261450566774,0.4132885842612925,0.8137358171464958,0.24411731842630624,1.3945409429280398,1.2838643494070998,562,0.12979061134875444,72.942323578,300.0,1.35,552,9,1,0,0,548,13,1,0,0,562,562,98.22,1.6,0.18,0.0,0.0,0.0,97.51,2.31,0.18,0.0,0.0,0.0,0,0,0.0,0,0.0,0,0.0,0,0.0,0,0.0,526,525,99.81,1,0.19,0,0.0,0,0.0,0,0.0,36,27,75.0,8,22.22,1,2.78,0,0.0,0,0.0,0,0,0.0,0,0.0,0,0.0,0,0.0,0,0.0,526,526,100.0,0,0.0,0,0.0,0,0.0,0,0.0,36,22,61.11,13,36.11,1,2.78,0,0.0,0,0.0,,,,,1.55,4.1531,0.4453,0.107,1.55,1.2459,0.9789,0.786,1.198,0.006535,0.3185,0.043,100.0,0.0,68.89,100.0,0.0,0.0,99.988,0.332,76.79,99.973,0.644,-0.02,99.988,76.76,99.973,-0.01,52832.93,261009.47,88.08,0.0,0.8,69.1,0.0,30.1,0.0,0.0,28761,0.0,1.7,88.1,0.0,10.2,0.0,0.0,249107,261.41,324.1,1.4112,0.0842,0.016627,100.0,0.0,99.995,0.136,99.995,52831.93,260997.12,83.64,249107,249078,4130,0.016579,0.016581,226,3582,322,0,29,220422,3195,25461,0,4,20019,73,8665,0,806,0,805,0,0,0,ok,"physics_v2 (2026-09-29): δ/R* < DR_YIELD_ONSET → A = πR*δ (Hertz, legacy 와 같다) · 그 위 → A = U = min(A_tabor, A_volume, A_geom) = cap 은 **전체 접촉면적**의 한계 (L = max(πR*δ, A_LIGG) > U 면 cap_conflict 로 세고 U 를 낸다 — A 는 A_LIGG · πR*δ 보다 작을 수 있다) · A_volume = 정확한 전체 lens(r1, r2, δ) / (H_FILM_MIN × length_scale) · 모든 상 쌍에 AM–SE E* · SE H 를 쓴다 (L1-03 은 그대로 열려 있다) · 피복률 분모 = 4πr² − Σ A_v2(AM–AM) > 0 이고 반경 · 표면적이 유한 양수인 AM 만 — 아니면 침대 빈칸 + 사유 · 제외 수 진단 (LHSC-01 (a) · 2026-09-30)",5e-06,,,,,,,
lhsx_045,lhsx_045,bimodal,1000,0.0074287,0.0020612,0.0005178,0.3,0.0074287,0.0020612,0.0005178,1e-06,0.003,0.01,0.3,0.05,0.05,0.133,44.8:55.2,-1.1287578496874895,23.6537,mesh,3:7,46:54,10.240600123277071,1.6877848573976406,10.240600123277071,0.46580781094197704,0.46580781094197704,76251,10.332559572989206,1.6964072993392056,3506,1e-05,100.0,100.0,1,1,1.5030602970410527,1.5072827068257324,0.2085750482369741,False,1.5030602970410527,100.0,3,7.43,281,2.06,76251,0.52,5.868997599999999,18,0.32605542222222217,912.533629549999,2323,0.39282549700817865,12.7857,1,12.7857,22.141040500000006,130,0.1703156961538462,7651.9535418000305,23413,0.32682499217528854,59835.13441428482,390428,0.15325523378006908,8564.487171350029,25736,0.33278237377020625,44.523221794396676,5.410232283594817,51.16914227569783,3.1980256602433537,128.4234429349126,1.105681074204515,0.33402093194319654,1.0024501065546858,1198.1384360569996,4207.599070503272,157.13345607155463,436.0149078543646,54326.633418333586,54326.633418333586,706.5286881410741,3210.0393097568135,137.29880891950367,444.23994745632683,70.40937471026469,278.82757183982005,441.6073538624918,24559.022650737938,19.92859046946931,84.89339513325608,91.71488759659199,0.0,90.61971830985915,71.25047391929029,84.0,836,774.3333333333334,74.84354050654977,818.0,836,3,0.0,83.3202846975089,5.1982663333734624,84.0,93,281,0.0,167.47656094655696,0.3319161557662351,0.7498617450956688,0.26142583340120606,1.0492957746478873,1.109037552474689,149,0.2737969,40.7957381,300.0,1.35,147,1,0,0,1,143,5,0,1,0,149,149,98.66,0.67,0.0,0.0,0.67,0.0067,95.97,3.36,0.0,0.67,0.0,0.0067,1,0,0.0,0,0.0,0,0.0,0,0.0,1,100.0,130,130,100.0,0,0.0,0,0.0,0,0.0,0,0.0,18,17,94.44,1,5.56,0,0.0,0,0.0,0,0.0,1,0,0.0,0,0.0,0,0.0,1,100.0,0,0.0,130,130,100.0,0,0.0,0,0.0,0,0.0,0,0.0,18,13,72.22,5,27.78,0,0.0,0,0.0,0,0.0,7.429,1.7908,54.3266,30.336,2.061,5.5211,0.6325,0.115,2.061,1.6563,0.8961,0.541,1.65,0.002811,0.1771,0.0224,100.0,0.0,124.6,94.316,8.038,-5.68,100.0,0.0,95.43,100.0,0.0,0.0,100.0,95.7,99.94,-0.06,29081.16,244648.07,59.78,0.0,0.9,69.0,0.0,30.1,0.0,0.0,25736,0.0,1.8,92.5,0.0,5.6,0.0,0.0,416313,239.56,308.87,0.7611,0.0374,0.006922,100.0,0.0,100.0,0.0,100.0,29080.33,244616.93,56.89,416313,416297,9824,0.023598,0.023599,219,9495,110,0,16,380403,12458,23436,0,0,17900,87,7749,0,284,0,284,0,0,0,ok,"physics_v2 (2026-09-29): δ/R* < DR_YIELD_ONSET → A = πR*δ (Hertz, legacy 와 같다) · 그 위 → A = U = min(A_tabor, A_volume, A_geom) = cap 은 **전체 접촉면적**의 한계 (L = max(πR*δ, A_LIGG) > U 면 cap_conflict 로 세고 U 를 낸다 — A 는 A_LIGG · πR*δ 보다 작을 수 있다) · A_volume = 정확한 전체 lens(r1, r2, δ) / (H_FILM_MIN × length_scale) · 모든 상 쌍에 AM–SE E* · SE H 를 쓴다 (L1-03 은 그대로 열려 있다) · 피복률 분모 = 4πr² − Σ A_v2(AM–AM) > 0 이고 반경 · 표면적이 유한 양수인 AM 만 — 아니면 침대 빈칸 + 사유 · 제외 수 진단 (LHSC-01 (a) · 2026-09-30)",5e-06,,,,,,,
lhsx_046,lhsx_046,bimodal,1000,0.0043005,0.0006756,0.0007068,0.3,0.0043005,0.0006756,0.0007068,1e-06,0.003,0.01,0.3,0.05,0.05,0.133,43.7:56.3,-3.8952693844442,32.1757,mesh,4:6,44:56,9.129747725780737,1.7597411532162957,9.129747725780737,0.44821112662632495,0.44821112662632495,42652,9.189721466754197,1.7612646646273478,1279,1e-05,100.0,100.0,1,1,1.3578131203181818,1.3506931923031513,0.13007308033942114,False,1.3578131203181818,99.98940565737897,25,4.3,9414,0.68,42652,0.71,68.94536053999995,855,0.08063784858479527,2890.161505699999,3829,0.754808437111517,6.210030000000001,7,0.8871471428571429,291.94081664459924,8359,0.034925327987151485,25580.124061965176,86130,0.29699435808620894,60006.04233319943,194701,0.308195861003279,28470.285567665174,89959,0.3164806808397734,50.44734250655153,2.9135810456901803,47.912633977158364,8.058425689365231,104.86092847899545,0.3520830410086192,1.167553914223743,0.9633978565008082,282.2452760549392,1283.0173023451398,318.3206979574038,786.6973497082598,3701.106444917994,5423.61082599185,146.70546708680556,602.000665789499,149.7880357846159,520.1953503771443,142.6967391293746,513.8815234772408,570.8273242835012,4281.8271939580345,20.857108744088524,78.56508205998867,89.97859677896835,0.010594342621040365,9.530564678461701,7.574924564515182,9.0,168,153.16,8.38894510650773,155.0,168,25,0.0,9.149139579349905,1.5542251749587448,9.0,14,9414,0.010622477161674103,23.13971423051029,0.4253727039770457,0.7842411377245501,0.25471155611989194,1.953808666172264,2.0959569032888106,9221,0.03981088896915736,367.0962071846,300.0,1.35,9189,27,5,0,0,9186,31,4,0,0,9221,9221,99.65,0.29,0.05,0.0,0.0,0.0,99.62,0.34,0.04,0.0,0.0,0.0,7,2,28.57,1,14.29,4,57.14,0,0.0,0,0.0,8359,8359,100.0,0,0.0,0,0.0,0,0.0,0,0.0,855,828,96.84,26,3.04,1,0.12,0,0.0,0,0.0,7,0,0.0,3,42.86,4,57.14,0,0.0,0,0.0,8359,8359,100.0,0,0.0,0,0.0,0,0.0,0,0.0,855,827,96.73,28,3.27,0,0.0,0,0.0,0,0.0,4.3,1.0367,4.41,4.254,0.676,1.8096,0.1386,0.077,0.676,0.5429,0.2707,0.499,1.064,0.007086,0.3584,0.0523,100.0,0.0,98.23,99.967,0.163,-0.03,99.824,2.193,108.35,99.7,2.837,-0.12,99.825,108.32,99.701,-0.12,116616.46,253068.34,508.04,0.0,1.1,89.5,0.0,9.4,0.0,0.0,89959,0.0,2.4,90.2,0.0,7.4,0.0,0.0,293881,309.61,321.74,1.5796,0.0913,0.01862,100.0,0.0,99.834,2.126,99.835,116613.22,253056.97,497.15,293881,293808,7092,0.024132,0.024138,980,3274,2838,0,73,267048,5155,21605,0,19,80805,714,8421,0,9439,0,9334,0,0,0,ok,"physics_v2 (2026-09-29): δ/R* < DR_YIELD_ONSET → A = πR*δ (Hertz, legacy 와 같다) · 그 위 → A = U = min(A_tabor, A_volume, A_geom) = cap 은 **전체 접촉면적**의 한계 (L = max(πR*δ, A_LIGG) > U 면 cap_conflict 로 세고 U 를 낸다 — A 는 A_LIGG · πR*δ 보다 작을 수 있다) · A_volume = 정확한 전체 lens(r1, r2, δ) / (H_FILM_MIN × length_scale) · 모든 상 쌍에 AM–SE E* · SE H 를 쓴다 (L1-03 은 그대로 열려 있다) · 피복률 분모 = 4πr² − Σ A_v2(AM–AM) > 0 이고 반경 · 표면적이 유한 양수인 AM 만 — 아니면 침대 빈칸 + 사유 · 제외 수 진단 (LHSC-01 (a) · 2026-09-30)",5e-06,,,,,,,
lhsx_047,lhsx_047,standard,1000,,,0.0008113,0.3,,,0.0008113,1e-06,0.003,0.01,0.3,0.05,0.05,0.133,40.9:59.1,-7.2747098082668105,30.534300000000005,mesh,0:10,41:59,10.046241554054054,1.9127693551670188,10.046241554054054,0.5141084535045641,0.5141084535045641,28416,10.092483108108109,1.9116073035073842,657,1e-05,100.0,100.0,1,1,1.3498395143681938,1.3442687878627697,0.13906448060798682,False,1.3498395143681938,100.0,,,639,1.9,28416,0.81,,,,,,,,,,90.60475663999996,508,0.17835582015748025,16680.298816067047,22110,0.7544232843087765,60417.188200168,142737,0.42327629276339,16680.298816067047,22110,0.7544232843087764,,,57.96278455136541,4.596183051093072,67.33533517149897,,0.4915675595287624,1.0114332886212387,,,,,,,754.6468037711862,2056.350804616588,339.69798950926514,1103.0590699414063,196.8355015411191,650.8696496802797,460.18341363727836,362481.9799850486,22.91141228351894,90.65388882041168,93.09364700190498,0.0,34.60093896713615,2.9341333300424357,35.0,42,,,,,,,34.60093896713615,2.9341333300424357,35.0,42,639,0.0,34.60093896713598,0.4569868780762525,0.8326605795287497,0.24008651855391838,1.589984350547731,1.082349426684948,508,0.17835582015748033,90.60475664,300.0,1.35,508,0,0,0,0,508,0,0,0,0,508,508,100.0,0.0,0.0,0.0,0.0,0.0,100.0,0.0,0.0,0.0,0.0,0.0,0,0,0.0,0,0.0,0,0.0,0,0.0,0,0.0,508,508,100.0,0,0.0,0,0.0,0,0.0,0,0.0,0,0,0.0,0,0.0,0,0.0,0,0.0,0,0.0,0,0,0.0,0,0.0,0,0.0,0,0.0,0,0.0,508,508,100.0,0,0.0,0,0.0,0,0.0,0,0.0,0,0,0.0,0,0.0,0,0.0,0,0.0,0,0.0,,,,,1.899,5.0863,0.708,0.139,,,,,0.983,0.012455,0.5015,0.0801,,,,,,,100.0,0.0,72.52,100.0,0.0,0.0,100.0,72.52,100.0,0.0,60516.99,258056.84,105.76,0.0,0.7,68.4,0.0,30.9,0.0,0.0,22110,0.0,1.6,86.8,0.0,11.6,0.0,0.0,165355,262.81,327.12,2.2577,0.1445,0.035638,,,100.0,0.0,100.0,60515.9,258048.54,100.67,165355,165304,2580,0.015603,0.015608,160,2144,276,0,51,145004,1105,19195,0,2,15238,42,6828,0,639,0,639,0,0,0,ok,"physics_v2 (2026-09-29): δ/R* < DR_YIELD_ONSET → A = πR*δ (Hertz, legacy 와 같다) · 그 위 → A = U = min(A_tabor, A_volume, A_geom) = cap 은 **전체 접촉면적**의 한계 (L = max(πR*δ, A_LIGG) > U 면 cap_conflict 로 세고 U 를 낸다 — A 는 A_LIGG · πR*δ 보다 작을 수 있다) · A_volume = 정확한 전체 lens(r1, r2, δ) / (H_FILM_MIN × length_scale) · 모든 상 쌍에 AM–SE E* · SE H 를 쓴다 (L1-03 은 그대로 열려 있다) · 피복률 분모 = 4πr² − Σ A_v2(AM–AM) > 0 이고 반경 · 표면적이 유한 양수인 AM 만 — 아니면 침대 빈칸 + 사유 · 제외 수 진단 (LHSC-01 (a) · 2026-09-30)",5e-06,,,0.0018989,0.0018989,,,
lhsx_048,lhsx_048,standard,1000,,,0.0009748,0.3,,,0.0009748,1e-06,0.003,0.01,0.3,0.05,0.05,0.133,42.9:57.1,-8.396183556725711,26.348099999999995,mesh,0:10,43:57,10.075754333404666,1.9782602771332525,10.075754333404666,0.5256799046127809,0.5256799046127809,14019,10.113132177758756,1.9828527423731448,262,1e-05,100.0,100.0,1,1,1.4469226270833964,1.4297149587218012,0.18157998324688282,False,1.4469226270833964,100.0,,,202,2.72,14019,0.97,,,,,,,,,,62.126788200000014,169,0.36761413136094684,11125.946197040006,9239,1.2042370599675296,43999.65999428942,70626,0.6229952141461985,11125.946197040006,9239,1.2042370599675296,,,59.676875113600566,4.6384721155710915,76.11543080320061,,0.42725310264066485,1.0082527193998563,,,,,,,1549.2304923883391,5159.5214486713785,536.6836329691065,1663.7556221483524,290.2925577633327,993.8886355764412,455.1289831924079,30885.081116370835,23.447872388994597,92.66434140336479,93.31534098008346,0.0,45.73762376237624,3.836442026513849,46.0,54,,,,,,,45.73762376237624,3.836442026513849,46.0,54,202,0.0,45.737623762376195,0.39443212413660966,0.8257772136226733,0.2581846219445838,1.6732673267326732,1.035115250588921,169,0.3676141313609467,62.1267882,300.0,1.35,169,0,0,0,0,169,0,0,0,0,169,169,100.0,0.0,0.0,0.0,0.0,0.0,100.0,0.0,0.0,0.0,0.0,0.0,0,0,0.0,0,0.0,0,0.0,0,0.0,0,0.0,169,169,100.0,0,0.0,0,0.0,0,0.0,0,0.0,0,0,0.0,0,0.0,0,0.0,0,0.0,0,0.0,0,0,0.0,0,0.0,0,0.0,0,0.0,0,0.0,169,169,100.0,0,0.0,0,0.0,0,0.0,0,0.0,0,0,0.0,0,0.0,0,0.0,0,0.0,0,0.0,,,,,2.719,7.2828,1.4443,0.198,,,,,0.839,0.025107,0.7442,0.1532,,,,,,,100.0,0.0,67.57,100.0,0.0,0.0,100.0,67.57,100.0,0.0,39139.26,189208.55,73.69,0.0,0.7,60.9,0.0,38.5,0.0,0.0,9239,0.0,1.5,85.6,0.0,12.9,0.0,0.0,80034,251.78,330.02,3.3092,0.3605,0.077446,,,100.0,0.0,100.0,39138.64,189203.26,70.34,80034,80019,1203,0.015031,0.015034,62,1048,93,0,15,69401,324,10294,0,1,5674,11,3553,0,202,0,202,0,0,0,ok,"physics_v2 (2026-09-29): δ/R* < DR_YIELD_ONSET → A = πR*δ (Hertz, legacy 와 같다) · 그 위 → A = U = min(A_tabor, A_volume, A_geom) = cap 은 **전체 접촉면적**의 한계 (L = max(πR*δ, A_LIGG) > U 면 cap_conflict 로 세고 U 를 낸다 — A 는 A_LIGG · πR*δ 보다 작을 수 있다) · A_volume = 정확한 전체 lens(r1, r2, δ) / (H_FILM_MIN × length_scale) · 모든 상 쌍에 AM–SE E* · SE H 를 쓴다 (L1-03 은 그대로 열려 있다) · 피복률 분모 = 4πr² − Σ A_v2(AM–AM) > 0 이고 반경 · 표면적이 유한 양수인 AM 만 — 아니면 침대 빈칸 + 사유 · 제외 수 진단 (LHSC-01 (a) · 2026-09-30)",5e-06,,,0.0027189,0.0027189,,,
lhsx_049,lhsx_049,bimodal,1000,0.0062463,0.0014208,0.0005225,0.3,0.0062463,0.0014208,0.0005225,1e-06,0.003,0.01,0.3,0.05,0.05,0.133,39.0:61.0,-0.2655648753172368,27.302400000000002,mesh,8:2,40:60,10.619852458469174,1.5061479801294848,10.620561496433618,0.4743106708462131,0.47434233835514367,89867,10.725690696872253,1.5121759914885877,4756,1e-05,99.99332391263226,99.99332391263226,7,1,1.3959331668431583,1.384681201046166,0.17511067317727438,False,1.3959331668431583,100.0,12,6.25,207,1.42,89873,0.52,3.3533095,17,0.1972535,2781.7067657600073,7090,0.3923422800789855,39.637769000000006,8,4.954721125000001,1.7937971100000005,23,0.0779911786956522,2648.583857490007,9360,0.28296836084294946,73121.41586439808,477219,0.15322402474419097,5430.2906232500145,16450,0.3301088524772045,47.917623045007595,4.533004364293453,50.501141341634394,3.6837912160190434,151.52310640442337,0.9255723613425868,0.3514154261060014,1.001503790220199,705.5172561069899,2261.4639520001197,156.9834753775263,455.806066915525,20950.477502806723,47259.32039125087,320.47837081374666,709.9482532493547,121.8103527260008,388.22206224072323,70.26338331264452,268.4952660178574,441.35324253126703,257774.1671000159,19.307682169569958,80.98736842105264,91.38393047028967,0.0,75.11415525114155,124.75777711354831,46.0,651,590.8333333333334,50.313737907476344,610.0,651,12,0.0,45.21739130434783,2.8089035384695573,46.0,50,207,0.0,333.52137757090037,0.40371757117849805,0.7867484550497388,0.2159071937034336,0.4383561643835616,0.7878002673741521,48,0.9330182418749999,44.78487560999999,300.0,1.35,39,3,2,2,2,38,3,3,4,0,48,48,81.25,6.25,4.17,4.17,4.17,0.0833,79.17,6.25,6.25,8.33,0.0,0.0833,8,0,0.0,2,25.0,2,25.0,2,25.0,2,25.0,23,23,100.0,0,0.0,0,0.0,0,0.0,0,0.0,17,16,94.12,1,5.88,0,0.0,0,0.0,0,0.0,8,0,0.0,1,12.5,3,37.5,4,50.0,0,0.0,23,23,100.0,0,0.0,0,0.0,0,0.0,0,0.0,17,15,88.24,2,11.76,0,0.0,0,0.0,0,0.0,6.246,1.5058,16.9103,11.23,1.421,3.8057,0.2668,0.07,1.421,1.1417,0.6384,0.559,1.457,0.002812,0.1761,0.0219,100.0,0.0,108.69,98.201,4.092,-1.8,100.0,0.0,98.02,100.0,0.0,0.0,100.0,98.57,99.901,-0.1,18315.46,296397.42,82.18,0.0,0.8,71.8,0.0,27.4,0.0,0.0,16450,0.0,1.9,93.8,0.0,4.2,0.0,0.0,493717,237.28,305.35,0.7557,0.0357,0.006734,100.0,0.0,100.0,0.0,100.0,18314.97,296358.78,81.06,493717,493664,11910,0.024123,0.024126,127,11751,32,0,53,457618,15105,20941,0,2,11884,52,4512,0,219,0,219,0,0,0,ok,"physics_v2 (2026-09-29): δ/R* < DR_YIELD_ONSET → A = πR*δ (Hertz, legacy 와 같다) · 그 위 → A = U = min(A_tabor, A_volume, A_geom) = cap 은 **전체 접촉면적**의 한계 (L = max(πR*δ, A_LIGG) > U 면 cap_conflict 로 세고 U 를 낸다 — A 는 A_LIGG · πR*δ 보다 작을 수 있다) · A_volume = 정확한 전체 lens(r1, r2, δ) / (H_FILM_MIN × length_scale) · 모든 상 쌍에 AM–SE E* · SE H 를 쓴다 (L1-03 은 그대로 열려 있다) · 피복률 분모 = 4πr² − Σ A_v2(AM–AM) > 0 이고 반경 · 표면적이 유한 양수인 AM 만 — 아니면 침대 빈칸 + 사유 · 제외 수 진단 (LHSC-01 (a) · 2026-09-30)",5e-06,,,,,,,
lhsx_050,lhsx_050,bimodal,1000,0.0028372,0.0017351,0.0006541,0.3,0.0028372,0.0017351,0.0006541,1e-06,0.003,0.01,0.3,0.05,0.05,0.133,36.7:63.3,-6.241096617986042,23.5306,mesh,5:5,37:63,10.539191236452629,1.7889087775843227,10.539191236452629,0.5296777781519764,0.5296777781519764,42905,10.603799091015032,1.7946688506816917,1386,1e-05,100.0,100.0,1,1,1.494663473181431,1.5003007489648676,0.22198275981399096,False,1.494663473181431,100.0,69,2.84,256,1.74,42905,0.65,20.454046289000004,96,0.2130629821770834,4090.1325187500047,6749,0.6060353413468669,6.975890199999999,21,0.3321852476190476,11.539625900000004,80,0.14424532375000007,5607.9255183500245,11075,0.5063589632821692,61092.48995113575,226092,0.2702107546978033,9698.058037100029,17824,0.5441011017223983,58.886503642693064,2.916051766386247,58.15390848754369,4.055325511679064,86.49226544680208,0.35426573771380976,0.43864393859260187,1.0043878992149642,863.7744021901982,2622.2914169620813,260.3930883701216,755.7746592172829,1390.9936725361406,2687.4613438815745,604.7397541948446,1859.0112361037518,224.16807072306986,734.105169839615,125.39763765317078,430.4835991393865,448.3903852588905,4686.115479849413,22.233308900030174,91.35652040972327,92.99832454641907,0.0,54.84307692307692,22.648823839258743,45.0,110,97.81159420289855,5.2758002684910155,98.0,110,69,0.0,43.26171875,3.459285987873572,44.0,51,256,0.0,66.10900862252572,0.38270938334879995,0.8549799948671715,0.20743097131268895,1.2123076923076923,1.1345629714099938,197,0.19781503750761417,38.96956238899999,300.0,1.35,182,13,2,0,0,167,25,5,0,0,197,197,92.39,6.6,1.02,0.0,0.0,0.0,84.77,12.69,2.54,0.0,0.0,0.0,21,10,47.62,9,42.86,2,9.52,0,0.0,0,0.0,80,80,100.0,0,0.0,0,0.0,0,0.0,0,0.0,96,92,95.83,4,4.17,0,0.0,0,0.0,0,0.0,21,5,23.81,11,52.38,5,23.81,0,0.0,0,0.0,80,80,100.0,0,0.0,0,0.0,0,0.0,0,0.0,96,82,85.42,14,14.58,0,0.0,0,0.0,0,0.0,2.837,0.684,1.2135,1.774,1.735,4.6476,0.5549,0.119,1.735,1.3943,0.7628,0.547,1.254,0.006834,0.2977,0.041,100.0,0.0,69.82,100.0,0.0,0.0,100.0,0.0,71.96,100.0,0.0,0.0,100.0,71.5,100.0,0.0,33871.55,259544.02,44.56,0.0,0.7,62.1,0.0,37.2,0.0,0.0,17824,0.0,1.5,88.6,0.0,9.8,0.0,0.0,244113,249.26,324.84,1.3038,0.0654,0.01712,100.0,0.0,100.0,0.0,100.0,33870.99,259532.02,41.78,244113,244093,3779,0.015481,0.015482,118,3541,120,0,20,216858,3226,24009,0,0,11156,37,6631,0,325,0,325,0,0,0,ok,"physics_v2 (2026-09-29): δ/R* < DR_YIELD_ONSET → A = πR*δ (Hertz, legacy 와 같다) · 그 위 → A = U = min(A_tabor, A_volume, A_geom) = cap 은 **전체 접촉면적**의 한계 (L = max(πR*δ, A_LIGG) > U 면 cap_conflict 로 세고 U 를 낸다 — A 는 A_LIGG · πR*δ 보다 작을 수 있다) · A_volume = 정확한 전체 lens(r1, r2, δ) / (H_FILM_MIN × length_scale) · 모든 상 쌍에 AM–SE E* · SE H 를 쓴다 (L1-03 은 그대로 열려 있다) · 피복률 분모 = 4πr² − Σ A_v2(AM–AM) > 0 이고 반경 · 표면적이 유한 양수인 AM 만 — 아니면 침대 빈칸 + 사유 · 제외 수 진단 (LHSC-01 (a) · 2026-09-30)",5e-06,,,,,,,
lhsx_051,lhsx_051,bimodal,1000,0.0055048,0.0022136,0.0008226,0.3,0.0055048,0.0022136,0.0008226,1e-06,0.003,0.01,0.3,0.05,0.05,0.133,35.8:64.2,-6.651712426163248,38.2892,mesh,7:3,36:64,10.97346984953049,1.666496986186387,10.97346984953049,0.5535714995782307,0.5535714995782307,35356,11.016517705622809,1.669712101389025,761,1e-05,100.0,100.0,1,1,1.2685701696516127,1.2619704458467618,0.09958889588149211,False,1.2685701696516127,100.0,20,5.5,125,2.21,35356,0.82,13.672738719999998,33,0.4143254157575757,4609.555787590002,4385,1.0512099857673893,12.817255,7,1.8310364285714285,5.080356580000001,26,0.19539833000000004,4589.867462755997,5649,0.8125097296434762,83213.56465495941,193989,0.428960222770154,9199.423250345999,10034,0.9168251196278652,60.833746275579315,3.5275834056423157,59.80941852383713,3.8157270496226996,117.79326533012369,0.31593002156743966,0.4119006537903824,1.0024661674919348,1591.2483680102607,5162.974703889222,443.56879237923465,1105.503501886855,7657.675119944935,15207.732804090161,817.649413946003,2107.2436642154726,359.6755774916918,978.3418275771511,199.0874500494659,692.8945461836165,447.17331649017405,4221.298407521099,22.170887210716927,81.04777534646243,92.9775735095963,0.0,69.2,60.254700775269335,47.0,229,219.25,11.134967444945675,223.5,229,20,0.0,45.192,3.5926502752146634,46.0,51,125,0.0,131.76058237877223,0.5351463398115386,0.8611950976103144,0.20532202665131805,0.9103448275862069,1.0232958339857328,66,0.47833864090909084,31.570350299999998,300.0,1.35,57,4,4,1,0,49,11,5,1,0,66,66,86.36,6.06,6.06,1.52,0.0,0.0152,74.24,16.67,7.58,1.52,0.0,0.0152,7,1,14.29,2,28.57,3,42.86,1,14.29,0,0.0,26,26,100.0,0,0.0,0,0.0,0,0.0,0,0.0,33,30,90.91,2,6.06,1,3.03,0,0.0,0,0.0,7,0,0.0,1,14.29,5,71.43,1,14.29,0,0.0,26,26,100.0,0,0.0,0,0.0,0,0.0,0,0.0,33,23,69.7,10,30.3,0,0.0,0,0.0,0,0.0,5.505,1.3271,6.5879,4.964,2.214,5.9293,0.7544,0.127,2.214,1.7788,1.4196,0.798,0.883,0.010019,0.504,0.0802,100.0,0.0,64.38,100.0,0.0,0.0,100.0,0.0,67.2,100.0,0.0,0.0,100.0,66.8,100.0,0.0,31452.74,354340.03,38.1,0.0,0.5,57.8,0.0,41.6,0.0,0.0,10034,0.0,1.5,89.2,0.0,9.3,0.0,0.0,204089,241.9,325.82,2.2484,0.158,0.027006,100.0,0.0,100.0,0.0,100.0,31452.32,354327.9,35.89,204089,204069,3122,0.015297,0.015299,55,3025,42,0,20,183711,1452,18906,0,2,5848,10,4174,0,145,0,145,0,0,0,ok,"physics_v2 (2026-09-29): δ/R* < DR_YIELD_ONSET → A = πR*δ (Hertz, legacy 와 같다) · 그 위 → A = U = min(A_tabor, A_volume, A_geom) = cap 은 **전체 접촉면적**의 한계 (L = max(πR*δ, A_LIGG) > U 면 cap_conflict 로 세고 U 를 낸다 — A 는 A_LIGG · πR*δ 보다 작을 수 있다) · A_volume = 정확한 전체 lens(r1, r2, δ) / (H_FILM_MIN × length_scale) · 모든 상 쌍에 AM–SE E* · SE H 를 쓴다 (L1-03 은 그대로 열려 있다) · 피복률 분모 = 4πr² − Σ A_v2(AM–AM) > 0 이고 반경 · 표면적이 유한 양수인 AM 만 — 아니면 침대 빈칸 + 사유 · 제외 수 진단 (LHSC-01 (a) · 2026-09-30)",5e-06,,,,,,,
lhsx_052,lhsx_052,standard,1000,,,0.0008922,0.3,,,0.0008922,1e-06,0.003,0.01,0.3,0.05,0.05,0.133,40.0:60.0,-7.773599449563129,29.2548,mesh,0:10,40:60,9.707121847726505,1.9247758183910069,9.707121847726505,0.501254800593112,0.501254800593112,20739,9.748396740440716,1.9268799391252305,428,1e-05,100.0,100.0,1,1,1.428222452145103,1.4327598670370583,0.16066690768449918,False,1.428222452145103,100.0,,,1033,1.58,20739,0.89,,,,,,,,,,134.13413555000014,954,0.140601819234801,18189.048703702967,22795,0.7979402809257717,51993.69266395994,100658,0.5165381059027593,18189.048703702967,22795,0.7979402809257717,,,56.45198365437197,5.289881828716667,57.904336140895616,,0.6186304403257896,1.0189958414168214,,,,,,,592.2038334207841,2108.6715572902767,371.66410495574866,1210.036132384897,240.48817106624983,801.7127507935744,476.9303932422673,14162.160964601408,23.041475051740235,85.93476798924009,92.8621379825894,0.0,22.06679574056147,2.3267440229235183,22.0,29,,,,,,,22.06679574056147,2.3267440229235183,22.0,29,1033,0.0,22.06679574056107,0.41355590225412525,0.8435793411584505,0.23415665333718083,1.8470474346563408,1.1732058224849493,954,0.14060181923480083,134.13413555,300.0,1.35,954,0,0,0,0,954,0,0,0,0,954,954,100.0,0.0,0.0,0.0,0.0,0.0,100.0,0.0,0.0,0.0,0.0,0.0,0,0,0.0,0,0.0,0,0.0,0,0.0,0,0.0,954,954,100.0,0,0.0,0,0.0,0,0.0,0,0.0,0,0,0.0,0,0.0,0,0.0,0,0.0,0,0.0,0,0,0.0,0,0.0,0,0.0,0,0.0,0,0.0,954,954,100.0,0,0.0,0,0.0,0,0.0,0,0.0,0,0,0.0,0,0.0,0,0.0,0,0.0,0,0.0,,,,,1.582,4.237,0.5452,0.129,,,,,0.877,0.016499,0.6049,0.1204,,,,,,,100.0,0.0,77.14,100.0,0.0,0.0,100.0,77.14,100.0,0.0,69157.26,222724.36,165.94,0.0,0.9,74.3,0.0,24.8,0.0,0.0,22795,0.0,1.7,86.2,0.0,12.1,0.0,0.0,124407,280.21,328.37,2.7282,0.2818,0.048168,,,100.0,0.0,100.0,69156.0,222717.65,160.26,124407,124391,2134,0.017153,0.017156,194,1493,447,0,16,108717,636,15038,0,2,17080,50,5663,0,1033,0,1033,0,0,0,ok,"physics_v2 (2026-09-29): δ/R* < DR_YIELD_ONSET → A = πR*δ (Hertz, legacy 와 같다) · 그 위 → A = U = min(A_tabor, A_volume, A_geom) = cap 은 **전체 접촉면적**의 한계 (L = max(πR*δ, A_LIGG) > U 면 cap_conflict 로 세고 U 를 낸다 — A 는 A_LIGG · πR*δ 보다 작을 수 있다) · A_volume = 정확한 전체 lens(r1, r2, δ) / (H_FILM_MIN × length_scale) · 모든 상 쌍에 AM–SE E* · SE H 를 쓴다 (L1-03 은 그대로 열려 있다) · 피복률 분모 = 4πr² − Σ A_v2(AM–AM) > 0 이고 반경 · 표면적이 유한 양수인 AM 만 — 아니면 침대 빈칸 + 사유 · 제외 수 진단 (LHSC-01 (a) · 2026-09-30)",5e-06,,,0.0015818,0.0015818,,,
lhsx_053,lhsx_053,bimodal,1000,0.0043158,0.0020707,0.000733,0.3,0.0043158,0.0020707,0.000733,1e-06,0.003,0.01,0.3,0.05,0.05,0.133,37.3:62.7,-6.81716092211373,26.916800000000002,mesh,5:5,38:62,10.6703593158076,1.7607904625694666,10.6703593158076,0.5412162581403824,0.5412162581403824,34844,10.726208242452072,1.7660332539485604,973,1e-05,100.0,100.0,1,1,1.4136054028089726,1.4132578332079646,0.15342997601343325,False,1.4136054028089726,100.0,21,4.32,197,2.07,34844,0.73,11.1885539,29,0.3858122034482759,2924.424299799997,3608,0.8105388857538793,3.4505070000000004,3,1.150169,11.9813758,71,0.16875177183098589,6330.413558759991,9654,0.6557296000372894,63662.935054260284,185899,0.34245980373353424,9254.837858559988,13262,0.69784631718896,59.715148496306114,3.246642913024422,59.82895886630877,3.432287122420853,98.59690598916661,0.265741339189571,0.3725242026721841,1.0039901321303697,1520.0013498721817,5470.55191389315,342.9416849203812,923.11391824953,4812.5998476119175,6045.436515968057,708.9064962657176,1965.9197976011126,289.4207182759711,941.3889316097572,159.04593883728236,540.1715567627774,447.8045510143414,7895.421216330274,22.404108094718545,92.59795361527966,93.10562871366629,0.0,60.8348623853211,36.459482038087835,50.0,182,171.8095238095238,8.104196723620879,176.0,182,21,0.0,49.005076142131976,3.3531521073634702,50.0,55,197,0.0,87.87305865168364,0.42747301989229447,0.8542108865827197,0.2139607226384176,0.944954128440367,0.9417421138002559,103,0.2584508417475729,26.620436700000006,300.0,1.35,93,7,3,0,0,91,8,4,0,0,103,103,90.29,6.8,2.91,0.0,0.0,0.0,88.35,7.77,3.88,0.0,0.0,0.0,3,0,0.0,1,33.33,2,66.67,0,0.0,0,0.0,71,71,100.0,0,0.0,0,0.0,0,0.0,0,0.0,29,22,75.86,6,20.69,1,3.45,0,0.0,0,0.0,3,0,0.0,0,0.0,3,100.0,0,0.0,0,0.0,71,71,100.0,0,0.0,0,0.0,0,0.0,0,0.0,29,20,68.97,8,27.59,1,3.45,0,0.0,0,0.0,4.316,1.0404,5.0227,4.828,2.071,5.5465,0.6536,0.118,2.071,1.664,1.3334,0.801,1.134,0.007634,0.3917,0.0499,100.0,0.0,67.46,100.0,0.0,0.0,100.0,0.0,67.14,100.0,0.0,0.0,100.0,67.17,100.0,0.0,31943.4,271434.88,30.74,0.0,0.7,60.3,0.0,39.0,0.0,0.0,13262,0.0,1.6,88.4,0.0,10.1,0.0,0.0,199264,245.15,326.36,1.7437,0.088,0.019279,100.0,0.0,100.0,0.0,100.0,31942.81,271424.58,28.7,199264,199250,3091,0.015512,0.015513,96,2925,70,0,14,177223,1930,20097,0,0,8076,20,5166,0,218,0,218,0,0,0,ok,"physics_v2 (2026-09-29): δ/R* < DR_YIELD_ONSET → A = πR*δ (Hertz, legacy 와 같다) · 그 위 → A = U = min(A_tabor, A_volume, A_geom) = cap 은 **전체 접촉면적**의 한계 (L = max(πR*δ, A_LIGG) > U 면 cap_conflict 로 세고 U 를 낸다 — A 는 A_LIGG · πR*δ 보다 작을 수 있다) · A_volume = 정확한 전체 lens(r1, r2, δ) / (H_FILM_MIN × length_scale) · 모든 상 쌍에 AM–SE E* · SE H 를 쓴다 (L1-03 은 그대로 열려 있다) · 피복률 분모 = 4πr² − Σ A_v2(AM–AM) > 0 이고 반경 · 표면적이 유한 양수인 AM 만 — 아니면 침대 빈칸 + 사유 · 제외 수 진단 (LHSC-01 (a) · 2026-09-30)",5e-06,,,,,,,
lhsx_054,lhsx_054,standard,1000,,,0.0007928,0.3,,,0.0007928,1e-06,0.003,0.01,0.3,0.05,0.05,0.133,35.0:65.0,-4.934123157926895,36.01680000000001,mesh,10:0,37:63,11.14710154858161,1.5090200313728854,11.14710154858161,0.5448874284633703,0.5448874284633703,36485,11.20306975469371,1.5114605463175452,1021,1e-05,100.0,100.0,1,1,1.2758570436409875,1.2784438840820886,0.09996595970971783,False,1.2758570436409875,100.0,11,7.35,,,36485,0.79,,,,4228.374807950006,4382,0.9649417635668657,36.425489999999996,7,5.203641428571428,,,,,,,78510.59884134393,203351,0.38608415420304765,4228.374807950006,4382,0.9649417635668657,57.09733964899078,4.440639367352997,,,146.6932421231772,0.5524315575883871,,1.0001349390946015,,,398.3748898852564,1275.1700608644323,21922.5697392153,38019.371937374235,,,,,178.56187516542772,629.9675905004955,445.5296475031018,15364.432634403103,21.218277400046393,98.83186175580222,92.58448060075094,0.0,398.3636363636364,28.046301740555993,407.0,428,398.3636363636364,28.046301740555993,407.0,428,11,0.0,,,,,,,398.3636363636364,0.5195707815828,0.8457631352753615,0.20357809630390744,1.2727272727272727,1.052348809344566,7,5.203641428571428,36.425489999999996,300.0,1.35,0,0,4,3,0,0,0,4,3,0,7,7,0.0,0.0,57.14,42.86,0.0,0.4286,0.0,0.0,57.14,42.86,0.0,0.4286,7,0,0.0,0,0.0,4,57.14,3,42.86,0,0.0,0,0,0.0,0,0.0,0,0.0,0,0.0,0,0.0,0,0,0.0,0,0.0,0,0.0,0,0.0,0,0.0,7,0,0.0,0,0.0,4,57.14,3,42.86,0,0.0,0,0,0.0,0,0.0,0,0.0,0,0.0,0,0.0,0,0,0.0,0,0.0,0,0.0,0,0.0,0,0.0,7.355,1.773,18.4779,10.422,,,,,,,,,0.934,0.00903,0.453,0.0582,100.0,0.0,75.14,100.0,0.0,0.0,,,,,,,100.0,75.14,100.0,0.0,13657.45,330477.03,54.2,0.0,0.3,50.7,0.0,49.0,0.0,0.0,4382,0.0,1.6,91.4,0.0,7.0,0.0,0.0,207740,223.0,320.93,2.0243,0.0919,0.022185,100.0,0.0,,,100.0,13657.32,330464.44,54.1,207740,207715,3285,0.015813,0.015815,15,3269,1,0,25,191470,1758,14487,0,0,2236,1,2145,0,11,0,11,0,0,0,ok,"physics_v2 (2026-09-29): δ/R* < DR_YIELD_ONSET → A = πR*δ (Hertz, legacy 와 같다) · 그 위 → A = U = min(A_tabor, A_volume, A_geom) = cap 은 **전체 접촉면적**의 한계 (L = max(πR*δ, A_LIGG) > U 면 cap_conflict 로 세고 U 를 낸다 — A 는 A_LIGG · πR*δ 보다 작을 수 있다) · A_volume = 정확한 전체 lens(r1, r2, δ) / (H_FILM_MIN × length_scale) · 모든 상 쌍에 AM–SE E* · SE H 를 쓴다 (L1-03 은 그대로 열려 있다) · 피복률 분모 = 4πr² − Σ A_v2(AM–AM) > 0 이고 반경 · 표면적이 유한 양수인 AM 만 — 아니면 침대 빈칸 + 사유 · 제외 수 진단 (LHSC-01 (a) · 2026-09-30)",5e-06,,,0.0073547,0.0073547,,,
lhsx_055,lhsx_055,bimodal,1000,0.0036308,0.0008997,0.0009545,0.3,0.0036308,0.0008997,0.0009545,1e-06,0.003,0.01,0.3,0.05,0.05,0.133,38.1:61.9,-6.574676050022621,37.1034,mesh,2:8,38:62,9.242267086497499,1.7299168928506063,9.242267086497499,0.47090400958341166,0.47090400958341166,21596,9.280237080940916,1.7298305210374152,410,1e-05,100.0,100.0,1,1,1.3084203643245593,1.3090601569395588,0.10110570859759523,False,1.3084203643245593,100.0,23,3.63,5107,0.9,21596,0.95,48.101408919999976,368,0.13071035032608688,2066.6650937999993,1623,1.2733611175600736,2.308522,4,0.5771305,285.7538060627,4595,0.062187988261741024,25990.51352111527,47057,0.5523198147165198,58215.34036071429,99798,0.5833317337092355,28057.17861491527,48680,0.5763594620976842,54.9925908855437,2.822596511313992,50.602213000117445,8.007306435473364,72.41794429242518,0.37876801846038355,1.2132864879281142,0.950223848940847,478.6575126472086,1204.807445345724,552.9451877676204,1340.0518485580176,2428.20678283855,3990.0286172438664,262.5160848519116,854.3881897613111,280.2675204564488,913.4205813217479,271.20445836263315,922.9698746838924,578.7950208401695,4286.171430431647,21.672760278549855,75.81581980094289,90.17107106780932,0.0,9.489278752436647,4.365197965839755,9.0,79,70.56521739130434,4.28167061012528,70.0,79,23,0.0,9.214215782259643,1.477436055026536,9.0,14,5107,0.0,13.406526508349698,0.4953833657024772,0.8480784138645964,0.21766834663562984,1.9364522417153995,1.5296474533498916,4967,0.06767943164539965,336.1637369827,300.0,1.35,4936,30,1,0,0,4906,60,1,0,0,4967,4967,99.38,0.6,0.02,0.0,0.0,0.0,98.77,1.21,0.02,0.0,0.0,0.0,4,1,25.0,2,50.0,1,25.0,0,0.0,0,0.0,4595,4595,100.0,0,0.0,0,0.0,0,0.0,0,0.0,368,340,92.39,28,7.61,0,0.0,0,0.0,0,0.0,4,0,0.0,3,75.0,1,25.0,0,0.0,0,0.0,4595,4595,100.0,0,0.0,0,0.0,0,0.0,0,0.0,368,311,84.51,57,15.49,0,0.0,0,0.0,0,0.0,3.631,0.8753,2.3136,2.643,0.9,2.4099,0.2463,0.102,0.9,0.723,0.4685,0.648,0.793,0.015406,0.6765,0.1173,100.0,0.0,81.84,100.0,0.0,0.0,99.901,1.78,97.42,99.836,2.204,-0.06,99.902,97.35,99.837,-0.06,116700.09,248689.68,471.06,0.0,1.1,88.0,0.0,10.8,0.0,0.0,48680,0.0,2.3,88.6,0.0,9.0,0.0,0.0,153445,315.94,327.19,3.0295,0.2486,0.042178,100.0,0.0,99.906,1.739,99.906,116697.57,248682.16,463.6,153445,153400,3599,0.023455,0.023462,551,1540,1508,0,45,138403,1148,13849,0,10,43222,190,5258,0,5130,0,5103,0,0,0,ok,"physics_v2 (2026-09-29): δ/R* < DR_YIELD_ONSET → A = πR*δ (Hertz, legacy 와 같다) · 그 위 → A = U = min(A_tabor, A_volume, A_geom) = cap 은 **전체 접촉면적**의 한계 (L = max(πR*δ, A_LIGG) > U 면 cap_conflict 로 세고 U 를 낸다 — A 는 A_LIGG · πR*δ 보다 작을 수 있다) · A_volume = 정확한 전체 lens(r1, r2, δ) / (H_FILM_MIN × length_scale) · 모든 상 쌍에 AM–SE E* · SE H 를 쓴다 (L1-03 은 그대로 열려 있다) · 피복률 분모 = 4πr² − Σ A_v2(AM–AM) > 0 이고 반경 · 표면적이 유한 양수인 AM 만 — 아니면 침대 빈칸 + 사유 · 제외 수 진단 (LHSC-01 (a) · 2026-09-30)",5e-06,,,,,,,
lhsx_056,lhsx_056,bimodal,1000,0.0063105,0.0006108,0.0006198,0.3,0.0063105,0.0006108,0.0006198,1e-06,0.003,0.01,0.3,0.05,0.05,0.133,38.7:61.3,-2.0798018954669484,32.6725,mesh,3:7,40:60,9.233960311663015,1.6553322936993982,9.234100835476557,0.4374381502511053,0.43744480725145907,65711,9.307219381543705,1.6573203445487337,2407,1e-05,99.99847820793767,99.99847820793767,2,1,1.332360760430904,1.332916300795408,0.12318437761718314,False,1.332360760430904,100.0,5,6.31,13179,0.61,65712,0.62,26.97872837,386,0.06989307867875648,1227.7274125499987,2055,0.597434264014598,,,,307.83210557789874,11447,0.026891945975181162,28223.092433614216,125582,0.22473835767557626,69381.6069143578,303391,0.22868709656633787,29450.819846164213,127637,0.23073889112219978,49.60233001022959,2.4862379542746917,46.128525009768005,7.6987441693497205,119.46418577780997,0.2362916858582531,1.1399506151216894,0.9719900381190947,236.07343430075846,705.4502993138213,244.8105701884565,531.7748454186226,,,112.17152440116031,552.239050254652,112.239616420942,394.8952152828013,105.50926127627659,391.2481993193196,551.2394123573258,4269.928024186292,19.895706577848483,73.93933526944176,89.75931499951452,0.0,9.681204490291263,7.96561892357467,10.0,439,411.0,18.077610461562667,412.0,439,5,0.0,9.528947568100767,1.49145087594699,10.0,15,13179,0.0,25.15433024625139,0.45197598368887576,0.8023532853117186,0.21844473364295092,1.7950546116504855,1.8882669301358725,11833,0.028294670324338713,334.8108339479,300.0,1.35,11825,8,0,0,0,11824,9,0,0,0,11833,11833,99.93,0.07,0.0,0.0,0.0,0.0,99.92,0.08,0.0,0.0,0.0,0.0,0,0,0.0,0,0.0,0,0.0,0,0.0,0,0.0,11447,11447,100.0,0,0.0,0,0.0,0,0.0,0,0.0,386,378,97.93,8,2.07,0,0.0,0,0.0,0,0.0,0,0,0.0,0,0.0,0,0.0,0,0.0,0,0.0,11447,11447,100.0,0,0.0,0,0.0,0,0.0,0,0.0,386,377,97.67,9,2.33,0,0.0,0,0.0,0,0.0,,,,,0.611,1.6361,0.1042,0.064,0.611,0.4908,0.2387,0.486,1.241,0.004269,0.2594,0.0306,100.0,0.0,101.6,100.0,0.0,0.0,99.781,2.441,116.31,99.615,3.171,-0.17,99.781,116.3,99.615,-0.17,120569.13,288804.79,459.36,0.0,1.3,93.2,0.0,5.5,0.0,0.0,127637,0.0,2.4,92.2,0.0,5.3,0.0,0.0,442861,309.39,316.26,1.1299,0.045,0.009905,100.0,0.0,99.789,2.401,99.789,120563.49,288785.96,445.44,442861,442750,11214,0.025322,0.025328,1705,5469,4040,0,111,407872,11435,23443,0,26,118829,1763,7019,0,13184,0,12991,0,0,0,ok,"physics_v2 (2026-09-29): δ/R* < DR_YIELD_ONSET → A = πR*δ (Hertz, legacy 와 같다) · 그 위 → A = U = min(A_tabor, A_volume, A_geom) = cap 은 **전체 접촉면적**의 한계 (L = max(πR*δ, A_LIGG) > U 면 cap_conflict 로 세고 U 를 낸다 — A 는 A_LIGG · πR*δ 보다 작을 수 있다) · A_volume = 정확한 전체 lens(r1, r2, δ) / (H_FILM_MIN × length_scale) · 모든 상 쌍에 AM–SE E* · SE H 를 쓴다 (L1-03 은 그대로 열려 있다) · 피복률 분모 = 4πr² − Σ A_v2(AM–AM) > 0 이고 반경 · 표면적이 유한 양수인 AM 만 — 아니면 침대 빈칸 + 사유 · 제외 수 진단 (LHSC-01 (a) · 2026-09-30)",5e-06,,,,,,,
lhsx_057,lhsx_057,bimodal,1000,0.0057659,0.0010889,0.000556,0.3,0.0057659,0.0010889,0.000556,1e-06,0.003,0.01,0.3,0.05,0.05,0.133,31.5:68.5,-1.919806768395893,30.0035,mesh,5:5,32:68,10.576386702055872,1.5606494404445037,10.576386702055872,0.4899573057100695,0.4899573057100695,88916,10.664604795537361,1.5655336867007736,3922,1e-05,100.0,100.0,1,1,1.3453189261093854,1.3531800454601686,0.12816284835604164,False,1.3453189261093854,100.0,8,5.77,1111,1.09,88916,0.56,11.275966500000004,63,0.17898359523809532,1694.984397180004,3655,0.46374402111628016,2.38994,1,2.38994,16.186558769999987,317,0.05106169958990532,8554.824234489393,30004,0.28512279144412056,84618.9450158349,470205,0.1799618145613826,10249.808631669397,33659,0.30451910727203413,50.95269003971627,3.8780653276789163,51.80781338854632,4.43018662147484,124.90620663227001,0.32931878169021334,0.5398830713245367,1.0058094758817864,631.8542015089217,3953.8770770073265,188.88443982853337,549.7601713276073,9996.26762198772,9996.26762198772,211.55117752475675,703.2901070013711,128.22887044989483,517.3214171126496,82.82346586670448,332.76875928283897,444.9006950366727,4220.734556424607,20.134467564885433,92.9,91.91603288084166,0.0,30.07953529937444,36.371210975290275,27.0,484,456.875,29.851455157161098,475.0,484,8,0.0,27.006300630063006,2.21055399412154,27.0,33,1111,0.0,99.21707427418731,0.47155295336007574,0.8534556799919135,0.1657423876920454,0.6809651474530831,1.000939932544349,381,0.07835292721784777,29.852465270000003,300.0,1.35,376,2,3,0,0,371,7,3,0,0,381,381,98.69,0.52,0.79,0.0,0.0,0.0,97.38,1.84,0.79,0.0,0.0,0.0,1,0,0.0,0,0.0,1,100.0,0,0.0,0,0.0,317,317,100.0,0,0.0,0,0.0,0,0.0,0,0.0,63,59,93.65,2,3.17,2,3.17,0,0.0,0,0.0,1,0,0.0,0,0.0,1,100.0,0,0.0,0,0.0,317,317,100.0,0,0.0,0,0.0,0,0.0,0,0.0,63,54,85.71,7,11.11,2,3.17,0,0.0,0,0.0,5.766,1.39,9.9963,7.192,1.089,2.9167,0.1974,0.068,1.089,0.875,0.5058,0.578,1.365,0.003727,0.2172,0.0343,100.0,0.0,96.26,99.956,0.117,-0.04,100.0,0.0,93.02,99.994,0.112,-0.01,100.0,93.04,99.993,-0.01,37010.93,348598.13,37.28,0.0,0.9,80.8,0.0,18.3,0.0,0.0,33659,0.0,1.8,92.7,0.0,5.5,0.0,0.0,504245,261.09,311.96,0.9574,0.0594,0.010284,100.0,0.0,100.0,0.0,100.0,37009.85,348565.49,35.27,504245,504229,10572,0.020966,0.020967,319,10009,244,0,16,464601,12054,27574,0,5,27337,171,6146,0,1119,0,1119,0,0,0,ok,"physics_v2 (2026-09-29): δ/R* < DR_YIELD_ONSET → A = πR*δ (Hertz, legacy 와 같다) · 그 위 → A = U = min(A_tabor, A_volume, A_geom) = cap 은 **전체 접촉면적**의 한계 (L = max(πR*δ, A_LIGG) > U 면 cap_conflict 로 세고 U 를 낸다 — A 는 A_LIGG · πR*δ 보다 작을 수 있다) · A_volume = 정확한 전체 lens(r1, r2, δ) / (H_FILM_MIN × length_scale) · 모든 상 쌍에 AM–SE E* · SE H 를 쓴다 (L1-03 은 그대로 열려 있다) · 피복률 분모 = 4πr² − Σ A_v2(AM–AM) > 0 이고 반경 · 표면적이 유한 양수인 AM 만 — 아니면 침대 빈칸 + 사유 · 제외 수 진단 (LHSC-01 (a) · 2026-09-30)",5e-06,,,,,,,
lhsx_058,lhsx_058,bimodal,1000,0.0028892,0.0005831,0.0005631,0.3,0.0028892,0.0005831,0.0005631,1e-06,0.003,0.01,0.3,0.05,0.05,0.133,35.0:65.0,-1.1233577042115028,28.339599999999997,mesh,2:8,35:65,9.356939388133103,1.6536660069086717,9.356939388133103,0.43555183665131886,0.43555183665131886,78285,9.439586127610653,1.656338398229435,3235,1e-05,100.0,100.0,1,1,1.3957879104776705,1.3995469873891158,0.1587730265051694,False,1.3957879104776705,100.0,29,2.89,12241,0.58,78285,0.56,26.49619511000001,512,0.05175038107421877,1490.0152630000007,3425,0.4350409527007301,0.07120159999999999,1,0.07120159999999999,228.1120020590707,9792,0.02329575184426784,23501.594484497236,124168,0.18927255399537107,67931.206560025,366254,0.18547567141935653,24991.609747497238,127593,0.1958697557663605,49.4108915875329,2.936778827895797,45.32680252587741,7.326051016894219,74.95465391072207,0.2819986217342648,1.0907414535711897,0.9860772294412053,182.2767795176224,532.6651203863925,181.80548646497172,507.3084279301893,298.9942044202362,298.9942044202362,96.89102326890783,389.95067308926394,93.59691551280409,333.23396164550815,85.41488676779915,315.63661691895,524.8233933237433,4261.132901773985,19.632847971073822,80.58177943526906,90.11786127993145,0.0,10.39877750611247,5.462577597318979,10.0,128,118.10344827586206,6.598562160967509,119.0,128,29,0.0,10.143615717670125,1.5033531013055317,10.0,15,12241,0.0,16.07778145128663,0.42418094732747286,0.8263994557055052,0.1848341213366098,1.6797066014669926,1.405694755637987,10305,0.024714158056193113,254.67939876907002,300.0,1.35,10299,6,0,0,0,10301,4,0,0,0,10305,10305,99.94,0.06,0.0,0.0,0.0,0.0,99.96,0.04,0.0,0.0,0.0,0.0,1,1,100.0,0,0.0,0,0.0,0,0.0,0,0.0,9792,9792,100.0,0,0.0,0,0.0,0,0.0,0,0.0,512,506,98.83,6,1.17,0,0.0,0,0.0,0,0.0,1,1,100.0,0,0.0,0,0.0,0,0.0,0,0.0,9792,9792,100.0,0,0.0,0,0.0,0,0.0,0,0.0,512,508,99.22,4,0.78,0,0.0,0,0.0,0,0.0,2.889,0.6965,0.299,0.429,0.583,1.5619,0.0911,0.058,0.583,0.4686,0.1799,0.384,1.427,0.003638,0.2178,0.0254,100.0,0.0,102.38,99.861,0.733,-0.14,99.793,2.345,120.16,99.629,3.065,-0.16,99.794,120.12,99.63,-0.16,100684.55,280639.58,341.7,0.0,1.3,93.4,0.0,5.2,0.0,0.0,127593,0.0,2.4,92.8,0.0,4.8,0.0,0.0,504152,302.87,313.12,0.9478,0.0388,0.008839,100.0,0.0,99.8,2.303,99.801,100678.23,280614.13,328.2,504152,504050,13829,0.02743,0.027436,1971,7802,4056,0,102,464159,15603,24288,0,22,118614,2281,6676,0,12270,0,12109,0,0,0,ok,"physics_v2 (2026-09-29): δ/R* < DR_YIELD_ONSET → A = πR*δ (Hertz, legacy 와 같다) · 그 위 → A = U = min(A_tabor, A_volume, A_geom) = cap 은 **전체 접촉면적**의 한계 (L = max(πR*δ, A_LIGG) > U 면 cap_conflict 로 세고 U 를 낸다 — A 는 A_LIGG · πR*δ 보다 작을 수 있다) · A_volume = 정확한 전체 lens(r1, r2, δ) / (H_FILM_MIN × length_scale) · 모든 상 쌍에 AM–SE E* · SE H 를 쓴다 (L1-03 은 그대로 열려 있다) · 피복률 분모 = 4πr² − Σ A_v2(AM–AM) > 0 이고 반경 · 표면적이 유한 양수인 AM 만 — 아니면 침대 빈칸 + 사유 · 제외 수 진단 (LHSC-01 (a) · 2026-09-30)",5e-06,,,,,,,
lhsx_059,lhsx_059,bimodal,1000,0.0048068,0.0011842,0.0006715,0.3,0.0048068,0.0011842,0.0006715,1e-06,0.003,0.01,0.3,0.05,0.05,0.133,33.5:66.5,-5.327150378368151,31.8192,mesh,4:6,34:66,10.46441892512632,1.689598252653543,10.46441892512632,0.516166593038746,0.516166593038746,54425,10.524722094625632,1.6928772745347818,1641,1e-05,100.0,100.0,1,1,1.3386362969325967,1.3394064768575271,0.1289555078345036,False,1.3386362969325967,100.0,12,4.81,1319,1.18,54425,0.67,11.350924800000001,78,0.14552467692307694,1985.3588520999938,2864,0.6932118896997185,3.514375,3,1.1714583333333333,41.61849810899999,615,0.06767235464878046,12833.527398190916,30381,0.42241951871863714,79590.31675242705,284763,0.2794966928724134,14818.88625029091,33245,0.445747819229686,57.28476180721898,2.826787947397331,55.430120582102504,4.5179762465131414,100.72861907021962,0.3351347347183054,0.5317334410423444,1.011495121257667,526.3592334022911,1071.9815342905865,290.61527291894413,818.8606801335574,4873.111361821952,7310.235623345187,283.10122016924583,835.6230395591066,194.79928921421495,641.2600061355769,129.45273106178465,492.33303128394704,453.4922191919496,4243.586632839467,21.65894236427826,89.607148175726,92.63642753150259,0.0,24.977460555972954,20.51788766814567,23.0,259,238.66666666666666,11.967548714010828,240.0,259,12,0.0,23.03335860500379,2.073064964799433,23.0,28,1319,0.0,51.142956266975325,0.4842511264606648,0.8677524189070888,0.18551908487659274,1.0458302028549962,1.0978444687455073,696,0.08115488205316092,56.483797909,300.0,1.35,693,2,1,0,0,687,7,2,0,0,696,696,99.57,0.29,0.14,0.0,0.0,0.0,98.71,1.01,0.29,0.0,0.0,0.0,3,0,0.0,2,66.67,1,33.33,0,0.0,0,0.0,615,615,100.0,0,0.0,0,0.0,0,0.0,0,0.0,78,78,100.0,0,0.0,0,0.0,0,0.0,0,0.0,3,0,0.0,1,33.33,2,66.67,0,0.0,0,0.0,615,615,100.0,0,0.0,0,0.0,0,0.0,0,0.0,78,72,92.31,6,7.69,0,0.0,0,0.0,0,0.0,4.807,1.1588,4.4228,3.817,1.184,3.172,0.2717,0.086,1.184,0.9516,0.4925,0.518,1.127,0.006093,0.3242,0.046,100.0,0.0,74.57,100.0,0.0,0.0,100.0,0.0,80.41,100.0,0.0,0.0,100.0,80.35,100.0,0.0,55189.91,336017.17,64.54,0.0,0.9,77.7,0.0,21.3,0.0,0.0,33245,0.0,1.7,89.9,0.0,8.4,0.0,0.0,318704,272.43,322.18,1.4329,0.0767,0.015287,100.0,0.0,100.0,0.0,100.0,55188.56,336001.22,60.9,318704,318678,5341,0.016758,0.01676,313,4636,392,0,26,287886,4098,26694,0,3,26010,140,7092,0,1331,0,1331,0,0,0,ok,"physics_v2 (2026-09-29): δ/R* < DR_YIELD_ONSET → A = πR*δ (Hertz, legacy 와 같다) · 그 위 → A = U = min(A_tabor, A_volume, A_geom) = cap 은 **전체 접촉면적**의 한계 (L = max(πR*δ, A_LIGG) > U 면 cap_conflict 로 세고 U 를 낸다 — A 는 A_LIGG · πR*δ 보다 작을 수 있다) · A_volume = 정확한 전체 lens(r1, r2, δ) / (H_FILM_MIN × length_scale) · 모든 상 쌍에 AM–SE E* · SE H 를 쓴다 (L1-03 은 그대로 열려 있다) · 피복률 분모 = 4πr² − Σ A_v2(AM–AM) > 0 이고 반경 · 표면적이 유한 양수인 AM 만 — 아니면 침대 빈칸 + 사유 · 제외 수 진단 (LHSC-01 (a) · 2026-09-30)",5e-06,,,,,,,
lhsx_060,lhsx_060,standard,1000,,,0.0008675,0.3,,,0.0008675,1e-06,0.003,0.01,0.3,0.05,0.05,0.133,30.1:69.9,-8.035964314554512,32.9225,mesh,0:10,30:70,10.82687844502466,1.737585140729723,10.82687844502466,0.5553217066307452,0.5553217066307452,27576,10.872207716855236,1.7411100816969642,625,1e-05,100.0,100.0,1,1,1.329504698161075,1.3334686992609472,0.1265199091093307,False,1.329504698161075,100.0,,,231,2.41,27576,0.87,,,,,,,,,,29.471007499999995,114,0.2585176096491228,10173.984093690042,10971,0.9273524832458337,72409.36774178296,149281,0.4850541444777497,10173.984093690042,10971,0.9273524832458337,,,60.65011047761034,4.050429022871161,71.88611874427131,,0.42534441564314257,1.0048138033067318,,,,,,,1086.1335884851248,3070.6447495592847,410.29930963743885,1232.3565065422424,225.53758092124752,750.3489052648841,449.4146308691717,4236.364191964167,22.62621335231928,86.80806916426512,93.20367160121222,0.0,47.493506493506494,3.391956528286392,48.0,54,,,,,,,47.493506493506494,3.391956528286392,48.0,54,231,0.0,47.493506493506366,0.5183412388285507,0.9162110284443623,0.1641486147011828,0.987012987012987,0.9280642213583803,114,0.25851760964912285,29.471007500000002,300.0,1.35,114,0,0,0,0,114,0,0,0,0,114,114,100.0,0.0,0.0,0.0,0.0,0.0,100.0,0.0,0.0,0.0,0.0,0.0,0,0,0.0,0,0.0,0,0.0,0,0.0,0,0.0,114,114,100.0,0,0.0,0,0.0,0,0.0,0,0.0,0,0,0.0,0,0.0,0,0.0,0,0.0,0,0.0,0,0,0.0,0,0.0,0,0.0,0,0.0,0,0.0,114,114,100.0,0,0.0,0,0.0,0,0.0,0,0.0,0,0,0.0,0,0.0,0,0.0,0,0.0,0,0.0,,,,,2.408,6.45,0.983,0.152,,,,,0.849,0.014105,0.5585,0.096,,,,,,,100.0,0.0,64.88,100.0,0.0,0.0,100.0,64.88,100.0,0.0,36156.46,309737.78,34.15,0.0,0.6,64.3,0.0,35.1,0.0,0.0,10971,0.0,1.4,88.2,0.0,10.3,0.0,0.0,160366,255.38,327.76,2.4829,0.1755,0.039557,,,100.0,0.0,100.0,36156.0,309728.29,31.96,160366,160352,2323,0.014486,0.014487,61,2190,72,0,14,142885,920,16547,0,3,7105,12,3851,0,231,0,231,0,0,0,ok,"physics_v2 (2026-09-29): δ/R* < DR_YIELD_ONSET → A = πR*δ (Hertz, legacy 와 같다) · 그 위 → A = U = min(A_tabor, A_volume, A_geom) = cap 은 **전체 접촉면적**의 한계 (L = max(πR*δ, A_LIGG) > U 면 cap_conflict 로 세고 U 를 낸다 — A 는 A_LIGG · πR*δ 보다 작을 수 있다) · A_volume = 정확한 전체 lens(r1, r2, δ) / (H_FILM_MIN × length_scale) · 모든 상 쌍에 AM–SE E* · SE H 를 쓴다 (L1-03 은 그대로 열려 있다) · 피복률 분모 = 4πr² − Σ A_v2(AM–AM) > 0 이고 반경 · 표면적이 유한 양수인 AM 만 — 아니면 침대 빈칸 + 사유 · 제외 수 진단 (LHSC-01 (a) · 2026-09-30)",5e-06,,,0.002408,0.002408,,,
lhsx_061,lhsx_061,bimodal,1000,0.0068124,0.0018253,0.0008841,0.3,0.0068124,0.0018253,0.0008841,1e-06,0.003,0.01,0.3,0.05,0.05,0.133,30.8:69.2,-7.643700290608035,38.4691,mesh,5:5,32:68,10.88523164408764,1.6616975239221552,10.88523164408764,0.5565269197211211,0.5565269197211211,29895,10.926174945643083,1.664401217690077,612,1e-05,100.0,100.0,1,1,1.2676829120965798,1.2599759641333055,0.09577909437373379,False,1.2676829120965798,100.0,6,6.81,355,1.83,29895,0.88,9.4718254,28,0.33827947857142854,2159.791118129998,1705,1.2667396587272715,1.65822,1,1.65822,16.632903869999993,120,0.13860753224999997,8850.026679580002,10767,0.8219584544980034,81708.52743819152,162707,0.5021820046967341,11009.817797709999,12472,0.8827628125168376,61.94920909637045,1.8336053173696805,59.70861517256993,4.213796282021842,113.16872798543073,0.19506581830958816,0.47336254744795336,1.0064153169675902,1243.373233814272,3086.0436077782506,535.5463529660998,1271.0045917718,6975.496669134034,6975.496669134034,583.0926666362896,1969.3820082665525,373.25087042149835,1184.2591794624182,233.39904262248695,810.8290224190301,450.20277970665404,4248.927204615637,22.45803237541809,83.55242619613166,93.1990326701953,0.0,34.54847645429363,32.565272262221356,31.0,297,284.1666666666667,10.414999866645328,284.5,297,6,0.0,30.32957746478873,2.3821161361807546,31.0,35,355,0.0,78.7014572969975,0.5599097519768966,0.8997861503731474,0.176650852532933,0.8254847645429363,0.9647607315591066,149,0.186328518590604,27.762949269999996,300.0,1.35,146,3,0,0,0,139,9,1,0,0,149,149,97.99,2.01,0.0,0.0,0.0,0.0,93.29,6.04,0.67,0.0,0.0,0.0,1,0,0.0,1,100.0,0,0.0,0,0.0,0,0.0,120,120,100.0,0,0.0,0,0.0,0,0.0,0,0.0,28,26,92.86,2,7.14,0,0.0,0,0.0,0,0.0,1,0,0.0,0,0.0,1,100.0,0,0.0,0,0.0,120,120,100.0,0,0.0,0,0.0,0,0.0,0,0.0,28,19,67.86,9,32.14,0,0.0,0,0.0,0,0.0,6.812,1.6423,6.9755,4.247,1.825,4.8892,0.4938,0.101,1.825,1.4668,1.1569,0.789,0.807,0.012977,0.5929,0.0968,100.0,0.0,61.42,100.0,0.0,0.0,100.0,0.0,67.48,100.0,0.0,0.0,100.0,67.38,100.0,0.0,39770.46,349172.93,30.78,0.0,0.7,69.9,0.0,29.5,0.0,0.0,12472,0.0,1.5,88.6,0.0,9.9,0.0,0.0,175328,261.23,327.34,2.6812,0.1783,0.035706,100.0,0.0,100.0,0.0,100.0,39769.89,349162.21,28.04,175328,175314,2669,0.015223,0.015224,83,2481,105,0,14,157093,941,17280,0,0,8784,12,3676,0,361,0,361,0,0,0,ok,"physics_v2 (2026-09-29): δ/R* < DR_YIELD_ONSET → A = πR*δ (Hertz, legacy 와 같다) · 그 위 → A = U = min(A_tabor, A_volume, A_geom) = cap 은 **전체 접촉면적**의 한계 (L = max(πR*δ, A_LIGG) > U 면 cap_conflict 로 세고 U 를 낸다 — A 는 A_LIGG · πR*δ 보다 작을 수 있다) · A_volume = 정확한 전체 lens(r1, r2, δ) / (H_FILM_MIN × length_scale) · 모든 상 쌍에 AM–SE E* · SE H 를 쓴다 (L1-03 은 그대로 열려 있다) · 피복률 분모 = 4πr² − Σ A_v2(AM–AM) > 0 이고 반경 · 표면적이 유한 양수인 AM 만 — 아니면 침대 빈칸 + 사유 · 제외 수 진단 (LHSC-01 (a) · 2026-09-30)",5e-06,,,,,,,
lhsx_062,lhsx_062,standard,1000,,,0.0007209,0.3,,,0.0007209,1e-06,0.003,0.01,0.3,0.05,0.05,0.133,32.2:67.8,-7.282859240054096,22.8164,mesh,0:10,32:68,11.013737361320262,1.6779021748953946,11.013737361320262,0.560592101999273,0.560592101999273,32539,11.066228218445557,1.680660291923685,854,1e-05,100.0,100.0,1,1,1.504491664231411,1.4752327939476033,0.224020933999344,False,1.504491664231411,100.0,,,44,3.8,32539,0.72,,,,,,,,,,9.7150433,18,0.5397246277777779,4886.336709529984,6284,0.7775838175572857,59563.62162806682,179188,0.33240854090713007,4886.336709529984,6284,0.7775838175572858,,,61.277648850744185,3.2958664559175057,108.7380101240985,,0.29108230165166166,1.0009586151611087,,,,,,,2263.2165151902736,5546.94759757895,331.72719714871033,1023.4501992959695,154.42245794429982,534.2732768490391,447.3461340901792,23323.977258795032,22.301518308502434,98.63046192259675,93.11014070839398,0.0,142.8181818181818,7.0847875674598075,143.5,152,,,,,,,142.8181818181818,7.0847875674598075,143.5,152,44,0.0,142.81818181818173,0.39550427804073135,0.895222022166405,0.17760657023413595,0.8181818181818182,0.8600403603829317,18,0.5397246277777779,9.7150433,300.0,1.35,18,0,0,0,0,18,0,0,0,0,18,18,100.0,0.0,0.0,0.0,0.0,0.0,100.0,0.0,0.0,0.0,0.0,0.0,0,0,0.0,0,0.0,0,0.0,0,0.0,0,0.0,18,18,100.0,0,0.0,0,0.0,0,0.0,0,0.0,0,0,0.0,0,0.0,0,0.0,0,0.0,0,0.0,0,0,0.0,0,0.0,0,0.0,0,0.0,0,0.0,18,18,100.0,0,0.0,0,0.0,0,0.0,0,0.0,0,0,0.0,0,0.0,0,0.0,0,0.0,0,0.0,,,,,3.802,10.1845,2.0809,0.204,,,,,1.148,0.008985,0.3607,0.0563,,,,,,,100.0,0.0,63.19,100.0,0.0,0.0,100.0,63.19,100.0,0.0,16170.75,254269.33,10.54,0.0,0.4,49.6,0.0,50.0,0.0,0.0,6284,0.0,1.5,89.0,0.0,9.5,0.0,0.0,185490,230.94,326.89,1.5847,0.1086,0.023701,,,100.0,0.0,100.0,16170.59,254259.6,9.44,185490,185471,2771,0.014939,0.01494,23,2735,13,0,19,165855,1931,17685,0,0,3137,6,3141,0,44,0,44,0,0,0,ok,"physics_v2 (2026-09-29): δ/R* < DR_YIELD_ONSET → A = πR*δ (Hertz, legacy 와 같다) · 그 위 → A = U = min(A_tabor, A_volume, A_geom) = cap 은 **전체 접촉면적**의 한계 (L = max(πR*δ, A_LIGG) > U 면 cap_conflict 로 세고 U 를 낸다 — A 는 A_LIGG · πR*δ 보다 작을 수 있다) · A_volume = 정확한 전체 lens(r1, r2, δ) / (H_FILM_MIN × length_scale) · 모든 상 쌍에 AM–SE E* · SE H 를 쓴다 (L1-03 은 그대로 열려 있다) · 피복률 분모 = 4πr² − Σ A_v2(AM–AM) > 0 이고 반경 · 표면적이 유한 양수인 AM 만 — 아니면 침대 빈칸 + 사유 · 제외 수 진단 (LHSC-01 (a) · 2026-09-30)",5e-06,,,0.0038022,0.0038022,,,
lhsx_063,lhsx_063,bimodal,1000,0.0054163,0.0020469,0.000985,0.3,0.0054163,0.0020469,0.000985,1e-06,0.003,0.01,0.3,0.05,0.05,0.133,33.1:66.9,-8.334772238298038,35.4882,mesh,7:3,34:66,10.91350531107739,1.7205957914892616,10.91350531107739,0.5638028518438929,0.5638028518438929,19770,10.949013657056145,1.7234818741949194,351,1e-05,100.0,100.0,1,1,1.2862373647058587,1.286339068916206,0.10722446544693609,False,1.2862373647058587,100.0,18,5.42,139,2.05,19770,0.98,9.3246136,23,0.4054179826086956,4172.761877100006,2791,1.4950777058760323,6.934934999999999,7,0.9907049999999998,4.783790700000001,27,0.17717743333333336,4468.779240509984,4250,1.0514774683552905,67949.5002509683,107880,0.6298618859007072,8641.541117609991,7041,1.227317301180229,63.100446363538076,3.014732219323321,61.21256495158155,4.588112442094874,103.94744223770498,0.23627134417543363,0.44190503700810946,1.004619237008635,1555.2860853454913,3261.1998825501328,639.9086392502253,1644.496675435256,4175.51492337766,7932.834638635549,746.5724453188486,1620.4741856722062,478.74874598574723,1290.4661872627892,293.0941327562613,948.2192580789583,449.1497398643654,4229.938285676233,22.772623345448274,84.91167512690355,93.20478700273097,0.0,44.847133757961785,39.828480288646816,31.0,165,155.05555555555554,8.242654792279692,157.5,165,18,0.0,30.575539568345324,2.5303294558039604,31.0,35,139,0.0,89.77042270209775,0.5391849312871833,0.8920310864933524,0.191316635889628,0.7261146496815286,0.9348964653201923,57,0.3691813912280702,21.0433393,300.0,1.35,48,7,2,0,0,42,11,4,0,0,57,57,84.21,12.28,3.51,0.0,0.0,0.0,73.68,19.3,7.02,0.0,0.0,0.0,7,2,28.57,3,42.86,2,28.57,0,0.0,0,0.0,27,27,100.0,0,0.0,0,0.0,0,0.0,0,0.0,23,19,82.61,4,17.39,0,0.0,0,0.0,0,0.0,7,1,14.29,2,28.57,4,57.14,0,0.0,0,0.0,27,27,100.0,0,0.0,0,0.0,0,0.0,0,0.0,23,14,60.87,9,39.13,0,0.0,0,0.0,0,0.0,5.416,1.3057,3.9498,3.025,2.047,5.4828,0.7126,0.13,2.047,1.6448,1.4756,0.897,0.764,0.019864,0.7374,0.1297,100.0,0.0,58.48,100.0,0.0,0.0,100.0,0.0,63.37,100.0,0.0,0.0,100.0,62.79,100.0,0.0,30349.96,291575.99,23.16,0.0,0.5,61.6,0.0,37.9,0.0,0.0,7041,0.0,1.5,87.9,0.0,10.6,0.0,0.0,114978,251.21,329.11,3.324,0.2554,0.057836,100.0,0.0,100.0,0.0,100.0,30349.57,291567.51,21.29,114978,114962,1715,0.014916,0.014918,36,1642,37,0,16,102361,418,12183,0,1,4366,6,2668,0,157,0,157,0,0,0,ok,"physics_v2 (2026-09-29): δ/R* < DR_YIELD_ONSET → A = πR*δ (Hertz, legacy 와 같다) · 그 위 → A = U = min(A_tabor, A_volume, A_geom) = cap 은 **전체 접촉면적**의 한계 (L = max(πR*δ, A_LIGG) > U 면 cap_conflict 로 세고 U 를 낸다 — A 는 A_LIGG · πR*δ 보다 작을 수 있다) · A_volume = 정확한 전체 lens(r1, r2, δ) / (H_FILM_MIN × length_scale) · 모든 상 쌍에 AM–SE E* · SE H 를 쓴다 (L1-03 은 그대로 열려 있다) · 피복률 분모 = 4πr² − Σ A_v2(AM–AM) > 0 이고 반경 · 표면적이 유한 양수인 AM 만 — 아니면 침대 빈칸 + 사유 · 제외 수 진단 (LHSC-01 (a) · 2026-09-30)",5e-06,,,,,,,
lhsx_064,lhsx_064,bimodal,1000,0.003697,0.0023409,0.0007713,0.3,0.003697,0.0023409,0.0007713,1e-06,0.003,0.01,0.3,0.05,0.05,0.133,33.8:66.2,-7.635183836060011,24.1473,mesh,9:1,34:66,10.8968442239954,1.7486548937040327,10.8968442239954,0.5588548228101587,0.5588548228101587,27822,10.947236000287543,1.7520082282554643,701,1e-05,100.0,100.0,1,1,1.4899373433136092,1.4793415883675256,0.20195893584562616,False,1.4899373433136092,100.0,48,3.7,25,2.34,27822,0.77,1.7907425000000001,8,0.22384281250000002,5048.503551889995,5777,0.8738971008983892,12.9473303,23,0.5629274043478262,0.8486039999999999,3,0.282868,1045.4846716999998,1377,0.7592481275962236,58118.43089486293,151586,0.38340236496023994,6093.988223589995,7154,0.8518294972868319,61.43919297847868,3.281255253934166,60.850404550620304,4.382000233919422,99.71650743296678,0.31798623728072206,0.27921374832473966,1.001824323086134,916.1919520365433,1751.335329677615,374.8235332245167,989.2482884301595,2361.9551353229635,8448.993818206993,1191.2935692114336,1592.515660288777,334.37521058047133,918.1634411721042,178.25812432314513,593.983010965541,447.89778767059664,13228.63086732897,22.56536875231424,84.05432386879295,93.19724891984833,0.0,98.0,31.476453473790073,117.0,132,120.35416666666667,6.352458786870552,122.0,132,48,0.0,55.08,3.7408020530362203,56.0,60,25,0.0,109.07839130595146,0.39902706397545606,0.8858054811918797,0.19054635716872037,0.9315068493150684,0.8809827501815631,34,0.45843167058823536,15.586676800000001,300.0,1.35,22,8,3,1,0,17,10,7,0,0,34,34,64.71,23.53,8.82,2.94,0.0,0.0294,50.0,29.41,20.59,0.0,0.0,0.0,23,11,47.83,8,34.78,3,13.04,1,4.35,0,0.0,3,3,100.0,0,0.0,0,0.0,0,0.0,0,0.0,8,8,100.0,0,0.0,0,0.0,0,0.0,0,0.0,23,6,26.09,10,43.48,7,30.43,0,0.0,0,0.0,3,3,100.0,0,0.0,0,0.0,0,0.0,0,0.0,8,8,100.0,0,0.0,0,0.0,0,0.0,0,0.0,3.697,0.8912,1.9444,2.182,2.341,6.2703,1.2373,0.197,2.341,1.8811,0.9167,0.487,1.098,0.01156,0.4367,0.0839,100.0,0.0,62.76,100.0,0.0,0.0,100.0,0.0,64.34,100.0,0.0,0.0,100.0,63.3,100.0,0.0,20420.68,248696.14,18.63,0.0,0.7,51.9,0.0,47.4,0.0,0.0,7154,0.0,1.4,88.3,0.0,10.2,0.0,0.0,158774,235.1,327.91,1.9533,0.1702,0.033177,100.0,0.0,100.0,0.0,100.0,20420.27,248687.86,16.94,158774,158750,2301,0.014492,0.014494,51,2226,24,0,24,141245,1302,16203,0,1,3751,12,3390,0,73,0,73,0,0,0,ok,"physics_v2 (2026-09-29): δ/R* < DR_YIELD_ONSET → A = πR*δ (Hertz, legacy 와 같다) · 그 위 → A = U = min(A_tabor, A_volume, A_geom) = cap 은 **전체 접촉면적**의 한계 (L = max(πR*δ, A_LIGG) > U 면 cap_conflict 로 세고 U 를 낸다 — A 는 A_LIGG · πR*δ 보다 작을 수 있다) · A_volume = 정확한 전체 lens(r1, r2, δ) / (H_FILM_MIN × length_scale) · 모든 상 쌍에 AM–SE E* · SE H 를 쓴다 (L1-03 은 그대로 열려 있다) · 피복률 분모 = 4πr² − Σ A_v2(AM–AM) > 0 이고 반경 · 표면적이 유한 양수인 AM 만 — 아니면 침대 빈칸 + 사유 · 제외 수 진단 (LHSC-01 (a) · 2026-09-30)",5e-06,,,,,,,
