{"type":"FeatureCollection","features":[{"type":"Feature","properties":{"code":"01100","ja":"札幌市","pref":"hokkaido","kind":"designated"},"geometry":{"type":"Polygon","coordinates":[[[141.4054,43.1894],[141.4089,43.1861],[141.3994,43.1769],[141.3982,43.1734],[141.4039,43.1698],[141.4192,43.1718],[141.4254,43.1682],[141.4285,43.1701],[141.4338,43.1691],[141.4344,43.1629],[141.4388,43.1618],[141.4462,43.1664],[141.4494,43.1626],[141.447,43.1559],[141.4486,43.1532],[141.4551,43.1347],[141.4554,43.1289],[141.4538,43.1199],[141.4474,43.1052],[141.4445,43.101],[141.4573,43.0934],[141.4591,43.0994],[141.4651,43.1001],[141.4682,43.097],[141.4735,43.0961],[141.4757,43.088],[141.4708,43.0818],[141.4738,43.0737],[141.4716,43.0696],[141.4835,43.0604],[141.4908,43.057],[141.4974,43.0578],[141.4975,43.0501],[141.5012,43.0511],[141.5053,43.0209],[141.4987,43.0229],[141.4872,43.0234],[141.4856,43.0218],[141.4889,43.017],[141.4882,43.0137],[141.4828,43.0114],[141.4825,43.0071],[141.4777,42.9986],[141.4808,42.9936],[141.4804,42.9903],[141.4768,42.9867],[141.4669,42.9738],[141.467,42.9704],[141.4621,42.9587],[141.4623,42.9512],[141.4587,42.9482],[141.4546,42.9409],[141.4467,42.9343],[141.4412,42.9281],[141.4337,42.9239],[141.4278,42.9162],[141.4213,42.9142],[141.4168,42.9077],[141.4136,42.8957],[141.4179,42.8922],[141.4213,42.8915],[141.4166,42.8884],[141.4053,42.8888],[141.3947,42.8904],[141.3881,42.8902],[141.3784,42.8918],[141.3752,42.8903],[141.3702,42.8913],[141.368,42.8854],[141.3602,42.8814],[141.3577,42.8763],[141.35,42.8738],[141.3347,42.8702],[141.3276,42.8721],[141.3206,42.8726],[141.3167,42.8758],[141.3148,42.8825],[141.3089,42.8864],[141.3034,42.8868],[141.293,42.8833],[141.2902,42.8809],[141.2866,42.8736],[141.279,42.8727],[141.2686,42.868],[141.2568,42.8644],[141.255,42.8581],[141.2564,42.8483],[141.2523,42.843],[141.2429,42.8398],[141.2413,42.8376],[141.2395,42.8292],[141.2356,42.8274],[141.2356,42.8212],[141.2322,42.8208],[141.232,42.8146],[141.2225,42.8118],[141.2192,42.8073],[141.2222,42.8049],[141.2244,42.7996],[141.2304,42.7972],[141.2312,42.7917],[141.2226,42.7876],[141.2117,42.787],[141.2021,42.7841],[141.1991,42.7844],[141.1869,42.7863],[141.1788,42.7839],[141.1734,42.7852],[141.1696,42.7817],[141.1606,42.7809],[141.1556,42.7858],[141.1448,42.7873],[141.1402,42.7893],[141.1357,42.7959],[141.1361,42.7986],[141.1331,42.8039],[141.1261,42.8042],[141.1189,42.8097],[141.1136,42.8112],[141.1122,42.8134],[141.1047,42.8164],[141.0932,42.823],[141.1006,42.8279],[141.0999,42.833],[141.0944,42.8428],[141.1036,42.8474],[141.1008,42.8496],[141.0975,42.8554],[141.0984,42.8632],[141.1016,42.8695],[141.1071,42.8727],[141.1028,42.8818],[141.0993,42.8837],[141.0936,42.8808],[141.0869,42.8792],[141.0832,42.8803],[141.0794,42.8854],[141.0743,42.8856],[141.0698,42.884],[141.0626,42.8849],[141.0513,42.8847],[141.048,42.8836],[141.0395,42.8854],[141.037,42.8955],[141.0346,42.8959],[141.0339,42.9063],[141.0292,42.9092],[141.0268,42.9128],[141.0336,42.9176],[141.0365,42.9249],[141.0395,42.9284],[141.0427,42.9364],[141.048,42.9402],[141.0512,42.9461],[141.0527,42.9526],[141.0469,42.9534],[141.0405,42.9581],[141.0342,42.9589],[141.0283,42.9618],[141.0255,42.9613],[141.0196,42.9652],[141.0136,42.9655],[141.008,42.9716],[141.0063,42.9787],[141,42.9787],[141.0011,42.9828],[140.9981,42.9862],[140.9978,42.9905],[140.9929,42.9946],[140.9963,42.9997],[140.9991,43.0008],[141,43.0128],[140.9992,43.0146],[140.9932,43.0172],[140.9912,43.0236],[140.9946,43.0256],[140.9991,43.0255],[141.0109,43.0335],[141.0182,43.0323],[141.0261,43.0362],[141.033,43.043],[141.0373,43.0438],[141.0382,43.0465],[141.0449,43.0515],[141.045,43.0609],[141.0494,43.067],[141.0585,43.0686],[141.0631,43.0808],[141.0652,43.0835],[141.0603,43.0864],[141.0594,43.0893],[141.0665,43.0904],[141.0697,43.0921],[141.0681,43.0956],[141.065,43.0969],[141.0622,43.1033],[141.0629,43.1094],[141.0717,43.1089],[141.0728,43.1133],[141.076,43.1182],[141.0797,43.117],[141.0871,43.1177],[141.0918,43.1199],[141.0964,43.1187],[141.1022,43.1154],[141.1084,43.1193],[141.1119,43.1139],[141.12,43.1115],[141.1254,43.1077],[141.134,43.1059],[141.1324,43.1025],[141.135,43.0938],[141.1428,43.0947],[141.1521,43.0925],[141.1523,43.0894],[141.1577,43.0887],[141.1615,43.092],[141.1722,43.0989],[141.1735,43.1045],[141.1813,43.1098],[141.1867,43.1196],[141.1953,43.1228],[141.2005,43.1232],[141.1983,43.1278],[141.1933,43.1322],[141.1897,43.1331],[141.1877,43.1403],[141.2006,43.1469],[141.2081,43.1519],[141.2212,43.158],[141.2299,43.1572],[141.238,43.1518],[141.2475,43.1589],[141.2828,43.1336],[141.2993,43.1411],[141.3031,43.1413],[141.3068,43.1442],[141.3121,43.1463],[141.3231,43.1487],[141.3328,43.1487],[141.3352,43.1522],[141.3488,43.1595],[141.3534,43.1637],[141.351,43.167],[141.3581,43.1758],[141.3623,43.1764],[141.3722,43.1727],[141.3798,43.1716],[141.3878,43.1733],[141.391,43.176],[141.3949,43.1825],[141.4026,43.1889],[141.4054,43.1894]]]}},{"type":"Feature","properties":{"code":"01202","ja":"函館市","pref":"hokkaido","kind":"city"},"geometry":{"type":"MultiPolygon","coordinates":[[[[140.7097,41.8085],[140.7135,41.8127],[140.7196,41.8168],[140.7113,41.8239],[140.7061,41.8301],[140.7015,41.8401],[140.6951,41.8422],[140.7,41.8462],[140.7046,41.8473],[140.7173,41.8487],[140.7216,41.8507],[140.7329,41.8534],[140.7359,41.8612],[140.7422,41.8652],[140.7434,41.8683],[140.7521,41.8724],[140.7627,41.8744],[140.7672,41.8775],[140.7681,41.8821],[140.7716,41.8917],[140.7758,41.8985],[140.7751,41.9012],[140.7788,41.9065],[140.7835,41.9112],[140.7826,41.9165],[140.7857,41.9225],[140.7872,41.9315],[140.7976,41.9266],[140.8018,41.9333],[140.8128,41.9399],[140.8141,41.9432],[140.8192,41.9449],[140.8234,41.9486],[140.8264,41.9539],[140.8314,41.9509],[140.8365,41.9563],[140.8379,41.9604],[140.8425,41.9627],[140.8397,41.9699],[140.841,41.9735],[140.8393,41.9788],[140.8394,41.9869],[140.8423,41.9938],[140.8498,41.9997],[140.8553,42.0018],[140.8646,42.0093],[140.8678,42.007],[140.8754,42.007],[140.882,42.0003],[140.8861,42.0001],[140.8926,41.9963],[140.8961,41.9921],[140.9061,41.9862],[140.9086,41.9831],[140.9096,41.9751],[140.9142,41.9692],[140.9182,41.9668],[140.9226,41.9619],[140.9282,41.9589],[140.9325,41.9521],[140.9334,41.9431],[140.9367,41.9378],[140.9406,41.9348],[140.9493,41.933],[140.9541,41.9221],[140.9612,41.9153],[140.964,41.9146],[140.973,41.9092],[140.9837,41.9046],[140.9901,41.9031],[140.9961,41.8996],[141.0089,41.8957],[141.0109,41.8935],[141.0166,41.8933],[141.0199,41.8917],[141.0298,41.8934],[141.033,41.8954],[141.0463,41.8935],[141.0566,41.8897],[141.0603,41.8902],[141.0688,41.8873],[141.0704,41.8881],[141.0778,41.886],[141.0826,41.8822],[141.1028,41.8752],[141.1069,41.8751],[141.1166,41.8692],[141.1169,41.8664],[141.1234,41.8647],[141.1271,41.8609],[141.1339,41.8582],[141.1438,41.8571],[141.1502,41.8527],[141.1494,41.8498],[141.1435,41.8477],[141.144,41.8379],[141.1462,41.8322],[141.1524,41.828],[141.1581,41.8266],[141.1641,41.8218],[141.171,41.8198],[141.1779,41.8209],[141.1792,41.8182],[141.1844,41.8155],[141.183,41.8125],[141.1875,41.8089],[141.1854,41.8063],[141.186,41.8024],[141.1744,41.796],[141.1645,41.7933],[141.1623,41.7896],[141.1559,41.7846],[141.1419,41.7851],[141.1359,41.784],[141.1334,41.7879],[141.1268,41.7891],[141.1145,41.7875],[141.108,41.784],[141.1016,41.7784],[141.0954,41.7716],[141.0943,41.768],[141.0886,41.7616],[141.0799,41.7573],[141.0764,41.7494],[141.0748,41.743],[141.0657,41.7378],[141.0614,41.7385],[141.0597,41.7358],[141.0524,41.7344],[141.0512,41.7282],[141.0474,41.7251],[141.0431,41.7274],[141.0361,41.7277],[141.0301,41.7223],[141.03,41.7182],[141.0223,41.7192],[141.0217,41.7217],[141.0169,41.7225],[141.0129,41.7212],[141.0065,41.7154],[140.9976,41.7145],[140.9919,41.7172],[140.9835,41.7145],[140.9759,41.7131],[140.9683,41.7101],[140.9627,41.7106],[140.9508,41.7154],[140.9499,41.7218],[140.9412,41.7305],[140.9345,41.7335],[140.9339,41.7351],[140.9271,41.7384],[140.8948,41.7489],[140.883,41.7523],[140.8722,41.7534],[140.8647,41.7579],[140.8531,41.76],[140.847,41.7587],[140.84,41.7608],[140.836,41.7589],[140.8233,41.7638],[140.8078,41.7676],[140.8001,41.7711],[140.79,41.7732],[140.7788,41.7736],[140.7748,41.7747],[140.7633,41.7739],[140.749,41.7714],[140.7381,41.7685],[140.7326,41.7658],[140.7267,41.7614],[140.7181,41.7512],[140.7222,41.7455],[140.7113,41.7435],[140.7041,41.74],[140.6994,41.743],[140.698,41.7493],[140.6935,41.754],[140.6927,41.7645],[140.7053,41.7804],[140.706,41.774],[140.7102,41.7724],[140.7148,41.7666],[140.7242,41.7738],[140.7269,41.7848],[140.7267,41.7909],[140.7237,41.7952],[140.7197,41.794],[140.7193,41.799],[140.7144,41.7977],[140.7114,41.8018],[140.7136,41.8065],[140.7097,41.8085]]]]}},{"type":"Feature","properties":{"code":"01209","ja":"夕張市","pref":"hokkaido","kind":"city"},"geometry":{"type":"MultiPolygon","coordinates":[[[[142.3128,43.0489],[142.3204,43.0467],[142.3249,43.0395],[142.3235,43.0363],[142.3301,43.0317],[142.3232,43.0256],[142.3101,43.0203],[142.3048,43.0199],[142.3022,43.0167],[142.2958,43.0152],[142.292,43.0098],[142.2897,43.0092],[142.2912,43.0025],[142.2854,42.9884],[142.2798,42.9811],[142.272,42.9872],[142.2675,42.9839],[142.2625,42.9823],[142.2613,42.978],[142.2586,42.9761],[142.2552,42.9666],[142.2469,42.9688],[142.245,42.9716],[142.2386,42.9742],[142.2326,42.9714],[142.229,42.9717],[142.223,42.9682],[142.2237,42.963],[142.2111,42.9601],[142.206,42.9561],[142.2049,42.9534],[142.1988,42.9536],[142.1864,42.9514],[142.184,42.9528],[142.1833,42.9577],[142.1772,42.9593],[142.1623,42.9506],[142.1558,42.9545],[142.1527,42.9548],[142.15,42.9509],[142.1444,42.9488],[142.1437,42.9433],[142.1454,42.928],[142.1432,42.9259],[142.1378,42.9272],[142.1279,42.9226],[142.1271,42.9194],[142.1194,42.9194],[142.1106,42.9148],[142.1123,42.9039],[142.1068,42.901],[142.1071,42.8939],[142.1002,42.8855],[142.0955,42.8841],[142.093,42.8802],[142.089,42.8784],[142.0811,42.8711],[142.0806,42.8687],[142.0785,42.8687],[142.0709,42.8731],[142.0645,42.8741],[142.064,42.8695],[142.059,42.8639],[142.0535,42.8598],[142.0436,42.8624],[142.0367,42.8621],[142.0288,42.8668],[142.0199,42.8662],[142.0095,42.8631],[142.0101,42.8663],[142.0065,42.8698],[142.0014,42.8802],[141.9953,42.8893],[141.9939,42.8957],[141.9899,42.9037],[141.9849,42.9059],[141.9779,42.9062],[141.9691,42.9118],[141.9627,42.9134],[141.9657,42.9146],[141.9715,42.9205],[141.9724,42.9289],[141.9702,42.9333],[141.9719,42.935],[141.9694,42.9455],[141.9556,42.9496],[141.9528,42.9537],[141.9534,42.9596],[141.9523,42.9667],[141.9487,42.9676],[141.9463,42.971],[141.9512,42.9777],[141.9501,42.9817],[141.9515,42.9896],[141.9505,42.9917],[141.944,42.9943],[141.9406,42.9971],[141.9362,42.9973],[141.9289,42.9957],[141.9277,42.9936],[141.9192,42.9939],[141.9099,43.0083],[141.9077,43.0144],[141.9136,43.0212],[141.9104,43.0266],[141.9126,43.0293],[141.9098,43.0342],[141.9063,43.0352],[141.9047,43.0401],[141.9055,43.0431],[141.9121,43.0475],[141.9148,43.0559],[141.9137,43.0619],[141.9149,43.064],[141.9134,43.0703],[141.9174,43.0721],[141.9178,43.0756],[141.9137,43.083],[141.9128,43.0904],[141.9159,43.0943],[141.9196,43.0947],[141.9225,43.0978],[141.9261,43.0986],[141.9386,43.0979],[141.9376,43.1017],[141.9422,43.1018],[141.948,43.0996],[141.955,43.1018],[141.9645,43.1015],[141.9661,43.1028],[141.9767,43.1023],[141.9823,43.0994],[141.9845,43.0944],[141.9966,43.0984],[142,43.106],[142.0051,43.1048],[142.0098,43.1007],[142.0176,43.0976],[142.0256,43.098],[142.0282,43.097],[142.0355,43.0986],[142.0358,43.1002],[142.0439,43.1084],[142.0372,43.1168],[142.0389,43.1197],[142.0353,43.125],[142.0323,43.1322],[142.0327,43.1353],[142.0302,43.138],[142.0362,43.144],[142.0413,43.1435],[142.0499,43.1432],[142.0519,43.145],[142.0602,43.1479],[142.0589,43.1547],[142.0612,43.1576],[142.0702,43.1609],[142.0727,43.1646],[142.0791,43.1653],[142.0862,43.1677],[142.0877,43.1659],[142.0971,43.1651],[142.1086,43.1721],[142.117,43.1738],[142.121,43.1786],[142.1224,43.1827],[142.129,43.1904],[142.1361,43.1918],[142.14,43.1913],[142.1454,43.1937],[142.1517,43.1939],[142.1565,43.1966],[142.1556,43.2012],[142.1521,43.2045],[142.1556,43.2165],[142.161,43.2237],[142.1643,43.2205],[142.1732,43.2174],[142.1761,43.2139],[142.1822,43.2135],[142.1882,43.2066],[142.1968,43.2075],[142.1993,43.2095],[142.2055,43.2083],[142.2162,43.2115],[142.2203,43.2089],[142.2247,43.2082],[142.2299,43.211],[142.2429,43.2125],[142.2474,43.2228],[142.2565,43.2213],[142.2598,43.2233],[142.2679,43.2226],[142.2712,43.2244],[142.2787,43.2253],[142.2803,43.2243],[142.2806,43.2182],[142.2838,43.2132],[142.2816,43.202],[142.2839,43.1977],[142.2772,43.1924],[142.2705,43.1885],[142.2677,43.1814],[142.2695,43.1795],[142.266,43.1713],[142.2629,43.1667],[142.2555,43.1601],[142.2573,43.1554],[142.2533,43.1512],[142.2588,43.1431],[142.2626,43.1358],[142.2576,43.1351],[142.2548,43.1321],[142.256,43.1275],[142.2533,43.1217],[142.2451,43.1174],[142.2431,43.1129],[142.2436,43.1057],[142.251,43.0996],[142.2496,43.0927],[142.263,43.0841],[142.2624,43.0817],[142.2653,43.0751],[142.2683,43.0711],[142.2679,43.0672],[142.2943,43.0511],[142.2994,43.0517],[142.3042,43.05],[142.3128,43.0489]]]]}},{"type":"Feature","properties":{"code":"02201","ja":"青森市","pref":"aomori","kind":"city"},"geometry":{"type":"MultiPolygon","coordinates":[[[[140.6608,40.9484],[140.6625,40.9407],[140.6681,40.9274],[140.6708,40.9169],[140.6745,40.9059],[140.677,40.8894],[140.6849,40.8712],[140.6919,40.8604],[140.7022,40.8514],[140.7081,40.8504],[140.714,40.8473],[140.7183,40.8432],[140.7204,40.8434],[140.7276,40.8369],[140.7381,40.83],[140.7455,40.83],[140.7538,40.8317],[140.7567,40.8304],[140.7596,40.8347],[140.7645,40.8337],[140.7755,40.833],[140.7805,40.8319],[140.7891,40.8338],[140.8017,40.8394],[140.8097,40.8448],[140.8134,40.849],[140.8206,40.8542],[140.8224,40.8609],[140.8255,40.8609],[140.8303,40.8653],[140.8349,40.8666],[140.8349,40.8721],[140.8447,40.8727],[140.8496,40.8779],[140.8499,40.8833],[140.8575,40.8864],[140.8604,40.889],[140.8597,40.8966],[140.858,40.9007],[140.8589,40.9039],[140.8613,40.9027],[140.8676,40.903],[140.8724,40.9008],[140.8814,40.9023],[140.883,40.897],[140.8892,40.8962],[140.8882,40.8894],[140.8936,40.8871],[140.8921,40.8847],[140.8968,40.8792],[140.9031,40.876],[140.9053,40.8728],[140.9102,40.8714],[140.913,40.8649],[140.919,40.8632],[140.924,40.8585],[140.9312,40.8563],[140.9333,40.8507],[140.93,40.8455],[140.9323,40.8428],[140.9383,40.8425],[140.942,40.8388],[140.95,40.837],[140.9561,40.8304],[140.9563,40.8255],[140.9546,40.821],[140.9602,40.8152],[140.9682,40.8146],[140.9772,40.8073],[140.9806,40.8062],[140.9809,40.8025],[140.9768,40.8008],[140.9755,40.7917],[140.9702,40.7867],[140.9657,40.7851],[140.958,40.78],[140.9611,40.7727],[140.9534,40.7656],[140.9449,40.7634],[140.9395,40.7595],[140.9301,40.7612],[140.9202,40.7617],[140.9164,40.7567],[140.9105,40.7571],[140.9056,40.7511],[140.9062,40.7466],[140.9019,40.7435],[140.9012,40.7383],[140.9098,40.7292],[140.9156,40.7297],[140.9199,40.7263],[140.9262,40.7267],[140.9292,40.7217],[140.9329,40.7205],[140.9391,40.7216],[140.9532,40.7187],[140.9595,40.7134],[140.963,40.7132],[140.9636,40.7097],[140.97,40.7058],[140.9753,40.6994],[140.9789,40.6977],[140.9742,40.6936],[140.971,40.6933],[140.9676,40.682],[140.969,40.6789],[140.9682,40.6741],[140.9634,40.67],[140.9597,40.6653],[140.9611,40.6594],[140.9562,40.656],[140.9549,40.647],[140.9456,40.6453],[140.9389,40.6429],[140.9305,40.645],[140.921,40.6454],[140.9151,40.6488],[140.9114,40.6527],[140.9048,40.6543],[140.8967,40.6544],[140.8869,40.6532],[140.88,40.6571],[140.8763,40.6465],[140.8838,40.6407],[140.8836,40.6356],[140.8762,40.6238],[140.8766,40.6139],[140.8713,40.613],[140.8668,40.6099],[140.8629,40.6096],[140.8527,40.6094],[140.8442,40.6059],[140.8443,40.6105],[140.8382,40.6137],[140.8312,40.6201],[140.8278,40.6204],[140.826,40.6243],[140.8116,40.641],[140.8059,40.6453],[140.7976,40.6481],[140.7936,40.6475],[140.7844,40.6506],[140.7803,40.6552],[140.7756,40.6559],[140.7693,40.6639],[140.7665,40.6659],[140.7622,40.6641],[140.761,40.661],[140.7518,40.663],[140.7406,40.661],[140.7334,40.6623],[140.7298,40.6663],[140.7233,40.6658],[140.7163,40.6622],[140.7056,40.6618],[140.7014,40.6569],[140.6955,40.6606],[140.6906,40.6582],[140.6843,40.6592],[140.6682,40.6567],[140.6586,40.6622],[140.6569,40.6658],[140.6522,40.6702],[140.6408,40.6771],[140.636,40.6837],[140.6363,40.688],[140.6344,40.6898],[140.6229,40.6875],[140.6154,40.6874],[140.6131,40.6894],[140.6067,40.6898],[140.5985,40.6921],[140.5859,40.6896],[140.5783,40.6873],[140.5719,40.6894],[140.5678,40.6879],[140.5592,40.688],[140.5558,40.6849],[140.5562,40.6787],[140.5489,40.6741],[140.5443,40.6771],[140.5447,40.6795],[140.5415,40.6832],[140.5407,40.6877],[140.5453,40.6867],[140.545,40.6912],[140.5488,40.6955],[140.5471,40.7003],[140.5369,40.706],[140.5329,40.7115],[140.5278,40.7158],[140.5252,40.7199],[140.5211,40.722],[140.5222,40.7249],[140.5203,40.7297],[140.5273,40.731],[140.524,40.7369],[140.5299,40.7367],[140.5386,40.7393],[140.5436,40.746],[140.5459,40.743],[140.55,40.7469],[140.5557,40.7484],[140.5582,40.7575],[140.5636,40.7606],[140.5703,40.7595],[140.5735,40.7606],[140.5781,40.7671],[140.5751,40.7747],[140.5728,40.7759],[140.5721,40.78],[140.5767,40.7872],[140.5729,40.7936],[140.5771,40.7992],[140.5745,40.8015],[140.5755,40.8071],[140.5735,40.8099],[140.5775,40.815],[140.5772,40.829],[140.582,40.8329],[140.5799,40.841],[140.5851,40.8436],[140.59,40.8532],[140.5884,40.858],[140.5908,40.8601],[140.5921,40.8686],[140.5908,40.8758],[140.5878,40.8799],[140.5899,40.8833],[140.586,40.8862],[140.584,40.8944],[140.5801,40.8939],[140.5752,40.897],[140.5737,40.901],[140.5751,40.9043],[140.5795,40.907],[140.5787,40.9118],[140.5835,40.914],[140.5825,40.9182],[140.5861,40.9225],[140.5828,40.926],[140.5868,40.9306],[140.5878,40.9342],[140.5838,40.9354],[140.5799,40.9403],[140.5761,40.9395],[140.5668,40.9445],[140.5665,40.9481],[140.5622,40.9532],[140.5557,40.9554],[140.5563,40.96],[140.5528,40.9614],[140.5536,40.9693],[140.5631,40.9702],[140.5695,40.9685],[140.5762,40.9645],[140.5815,40.9628],[140.5875,40.9655],[140.6007,40.9624],[140.6053,40.9598],[140.6064,40.9537],[140.6089,40.9504],[140.6161,40.9517],[140.6342,40.9506],[140.6406,40.9491],[140.6431,40.9503],[140.6501,40.9492],[140.6519,40.9503],[140.6608,40.9484]]]]}},{"type":"Feature","properties":{"code":"02209","ja":"津軽市","pref":"aomori","kind":"city"},"geometry":{"type":"MultiPolygon","coordinates":[[[[140.3396,40.7592],[140.3328,40.7614],[140.3294,40.7571],[140.3174,40.7658],[140.3108,40.7699],[140.2979,40.7709],[140.2917,40.7728],[140.2871,40.782],[140.2844,40.7856],[140.2759,40.7914],[140.2733,40.7942],[140.2752,40.7979],[140.2703,40.8002],[140.2586,40.7999],[140.2499,40.8005],[140.2578,40.8108],[140.269,40.8296],[140.2799,40.8526],[140.2848,40.8639],[140.2898,40.8781],[140.2988,40.9058],[140.3051,40.9284],[140.3086,40.9428],[140.3132,40.965],[140.314,40.9739],[140.3155,40.9789],[140.3189,40.9998],[140.3221,41.0005],[140.326,41.0061],[140.3297,41.0084],[140.3383,41.0081],[140.3474,40.9994],[140.3595,40.9937],[140.3605,40.9963],[140.3661,40.9988],[140.365,41.0022],[140.3598,41.0051],[140.3627,41.0106],[140.367,41.012],[140.3729,41.0105],[140.379,41.0058],[140.382,41.0018],[140.3829,40.9952],[140.3904,40.9877],[140.3924,40.9806],[140.3906,40.9761],[140.3802,40.9636],[140.3766,40.9572],[140.3757,40.9513],[140.38,40.9482],[140.3804,40.9416],[140.3858,40.9384],[140.3944,40.9419],[140.4,40.9414],[140.4057,40.9369],[140.4114,40.9361],[140.4173,40.9284],[140.419,40.9218],[140.4171,40.9194],[140.4166,40.9128],[140.42,40.9103],[140.4276,40.9106],[140.4284,40.9068],[140.4263,40.9029],[140.4279,40.8994],[140.4228,40.8993],[140.4253,40.8936],[140.4193,40.8923],[140.4213,40.8872],[140.4137,40.8827],[140.4044,40.8814],[140.4064,40.8763],[140.4067,40.8714],[140.4013,40.869],[140.3996,40.8663],[140.4004,40.8617],[140.3993,40.858],[140.4004,40.8496],[140.4075,40.8464],[140.4108,40.836],[140.4172,40.8298],[140.4211,40.8237],[140.4251,40.8211],[140.4238,40.8164],[140.4187,40.8153],[140.4229,40.8065],[140.4262,40.808],[140.4372,40.8096],[140.4379,40.8035],[140.436,40.7977],[140.4379,40.7936],[140.4375,40.7897],[140.4355,40.788],[140.4239,40.7875],[140.4211,40.7831],[140.4146,40.7765],[140.4203,40.772],[140.4214,40.7658],[140.4194,40.7632],[140.4142,40.7626],[140.4074,40.7724],[140.401,40.7699],[140.4007,40.7747],[140.3975,40.7789],[140.3942,40.7782],[140.387,40.7852],[140.3842,40.7836],[140.3779,40.7898],[140.3709,40.7855],[140.3722,40.7816],[140.3671,40.7792],[140.3751,40.7772],[140.3748,40.7744],[140.3705,40.7713],[140.3611,40.7694],[140.3534,40.765],[140.35,40.7648],[140.3424,40.7619],[140.3396,40.7592]]]]}},{"type":"Feature","properties":{"code":"03201","ja":"盛岡市","pref":"iwate","kind":"city"},"geometry":{"type":"MultiPolygon","coordinates":[[[[141.4343,39.8814],[141.4425,39.884],[141.4501,39.8828],[141.4589,39.8804],[141.4639,39.876],[141.4699,39.8743],[141.4792,39.8752],[141.4812,39.88],[141.4843,39.8828],[141.4919,39.8817],[141.4987,39.8779],[141.5061,39.8792],[141.5074,39.871],[141.5067,39.8641],[141.5044,39.8611],[141.5038,39.8557],[141.5071,39.8499],[141.5116,39.8464],[141.5165,39.8357],[141.5183,39.8265],[141.5211,39.8219],[141.5203,39.8191],[141.5257,39.8155],[141.5274,39.8127],[141.5221,39.8066],[141.5164,39.8089],[141.512,39.8076],[141.5072,39.808],[141.5029,39.8101],[141.4984,39.8078],[141.5015,39.801],[141.4992,39.794],[141.4898,39.791],[141.488,39.782],[141.485,39.777],[141.4784,39.7757],[141.4778,39.7692],[141.4744,39.7649],[141.4684,39.7635],[141.4596,39.7669],[141.4521,39.7665],[141.4459,39.7647],[141.4389,39.7597],[141.4301,39.7573],[141.4222,39.7562],[141.4162,39.7588],[141.4105,39.7598],[141.4044,39.7548],[141.4019,39.7509],[141.3974,39.7475],[141.4015,39.743],[141.4011,39.7365],[141.3967,39.735],[141.3949,39.7294],[141.3978,39.7259],[141.3997,39.7198],[141.3963,39.7169],[141.3951,39.713],[141.3964,39.7074],[141.4088,39.7012],[141.4087,39.6917],[141.4019,39.6855],[141.3978,39.6847],[141.3843,39.6719],[141.3784,39.6717],[141.3652,39.6681],[141.3615,39.6658],[141.3572,39.6612],[141.3524,39.6594],[141.3453,39.6515],[141.3458,39.648],[141.3369,39.6422],[141.3405,39.6397],[141.3387,39.6373],[141.3434,39.6301],[141.3512,39.6247],[141.356,39.624],[141.3572,39.6218],[141.3689,39.6186],[141.3812,39.6132],[141.3935,39.6098],[141.4001,39.6048],[141.4061,39.6026],[141.4127,39.5966],[141.4164,39.5911],[141.4316,39.5831],[141.4331,39.5762],[141.4356,39.5699],[141.432,39.5668],[141.4227,39.5653],[141.4199,39.5637],[141.4137,39.5725],[141.4097,39.5751],[141.4034,39.577],[141.3892,39.5759],[141.3827,39.5738],[141.3755,39.5743],[141.3712,39.5758],[141.364,39.5727],[141.3619,39.5736],[141.3524,39.5675],[141.3441,39.5692],[141.3369,39.5668],[141.3249,39.5711],[141.3186,39.575],[141.3137,39.5717],[141.3051,39.5722],[141.3093,39.5796],[141.3067,39.5809],[141.3053,39.5862],[141.2982,39.5887],[141.2984,39.5918],[141.2935,39.5956],[141.2892,39.6047],[141.284,39.6077],[141.2808,39.6034],[141.2782,39.6036],[141.278,39.5959],[141.28,39.5918],[141.2731,39.5864],[141.2729,39.5819],[141.2701,39.5814],[141.2636,39.5859],[141.2616,39.5853],[141.2516,39.5912],[141.2493,39.5959],[141.2433,39.5987],[141.2399,39.6029],[141.2315,39.6057],[141.2249,39.6062],[141.213,39.6039],[141.2037,39.6012],[141.201,39.602],[141.1972,39.5972],[141.1926,39.6097],[141.1935,39.6114],[141.1858,39.614],[141.1809,39.6199],[141.1813,39.6261],[141.177,39.6317],[141.1563,39.6327],[141.1515,39.6341],[141.1463,39.641],[141.1397,39.6438],[141.1361,39.6435],[141.1326,39.6506],[141.1239,39.6494],[141.1154,39.6435],[141.1157,39.6417],[141.1083,39.6409],[141.1074,39.6371],[141.1012,39.6341],[141.0856,39.6351],[141.078,39.6367],[141.0744,39.6344],[141.0679,39.6344],[141.0644,39.6357],[141.0624,39.6402],[141.055,39.6421],[141.047,39.6466],[141.05,39.6542],[141.0462,39.656],[141.0436,39.6598],[141.0377,39.662],[141.0406,39.6563],[141.0314,39.6509],[141.0229,39.6487],[141.0187,39.6487],[141.0137,39.6515],[141.0116,39.6549],[141.0121,39.6585],[141.0086,39.6622],[141.0012,39.6629],[140.9957,39.6663],[141.0051,39.671],[141.0073,39.6758],[141.0151,39.6794],[141.0184,39.6819],[141.0124,39.6837],[141.0114,39.688],[141.0137,39.6923],[141.0236,39.6988],[141.0298,39.7018],[141.0356,39.7],[141.0389,39.695],[141.0481,39.69],[141.0532,39.6928],[141.0642,39.6973],[141.0699,39.6976],[141.0757,39.7001],[141.0785,39.7036],[141.0787,39.716],[141.0808,39.7218],[141.0762,39.7251],[141.0681,39.7268],[141.0701,39.7296],[141.0814,39.7253],[141.0808,39.7233],[141.0885,39.7219],[141.0893,39.725],[141.0988,39.7232],[141.0997,39.731],[141.1061,39.7356],[141.1067,39.7408],[141.1106,39.7427],[141.1111,39.7453],[141.1192,39.7486],[141.1163,39.752],[141.1217,39.7561],[141.1221,39.7603],[141.1288,39.7679],[141.1313,39.7679],[141.1468,39.7716],[141.1506,39.7659],[141.1637,39.7671],[141.1664,39.7717],[141.1642,39.7747],[141.1681,39.7795],[141.1623,39.7965],[141.166,39.8006],[141.1606,39.8033],[141.1622,39.8081],[141.1557,39.8083],[141.1516,39.807],[141.1491,39.8104],[141.1542,39.8116],[141.1518,39.8168],[141.1546,39.8223],[141.1505,39.8233],[141.147,39.8266],[141.1424,39.8241],[141.1324,39.8277],[141.1336,39.83],[141.1272,39.8427],[141.1116,39.8426],[141.1095,39.8603],[141.1044,39.8682],[141.0986,39.8792],[141.1079,39.879],[141.116,39.8834],[141.1209,39.8839],[141.1335,39.8825],[141.1347,39.8849],[141.1408,39.8899],[141.143,39.8901],[141.1486,39.8976],[141.1578,39.9011],[141.163,39.9047],[141.1686,39.9031],[141.169,39.9082],[141.1622,39.9137],[141.159,39.9179],[141.1558,39.9268],[141.1647,39.9302],[141.1809,39.9273],[141.1836,39.9283],[141.1883,39.9256],[141.1917,39.9189],[141.1912,39.9172],[141.196,39.913],[141.1989,39.9078],[141.206,39.9082],[141.216,39.9056],[141.2183,39.9014],[141.2249,39.9064],[141.2284,39.9064],[141.2333,39.9012],[141.2369,39.9032],[141.2457,39.9037],[141.2512,39.9015],[141.2541,39.9035],[141.2618,39.9045],[141.2692,39.9023],[141.2685,39.8957],[141.2704,39.8932],[141.2754,39.893],[141.2746,39.8857],[141.2761,39.885],[141.2773,39.8769],[141.2767,39.8733],[141.2779,39.8677],[141.2893,39.8617],[141.2926,39.8622],[141.2953,39.8589],[141.287,39.8529],[141.2864,39.8482],[141.2882,39.8412],[141.293,39.8418],[141.2954,39.8454],[141.3035,39.8462],[141.3098,39.8428],[141.3093,39.837],[141.3165,39.8341],[141.3248,39.835],[141.3315,39.8408],[141.3355,39.849],[141.3406,39.8478],[141.3582,39.8481],[141.3618,39.8523],[141.3648,39.8531],[141.3687,39.8511],[141.3717,39.852],[141.3775,39.8496],[141.389,39.8472],[141.3947,39.849],[141.4035,39.8495],[141.4079,39.8528],[141.4126,39.8536],[141.4202,39.8507],[141.4232,39.848],[141.4276,39.8502],[141.4326,39.8565],[141.431,39.8638],[141.4343,39.8775],[141.4343,39.8814]]]]}},{"type":"Feature","properties":{"code":"04100","ja":"仙台市","pref":"miyagi","kind":"designated"},"geometry":{"type":"MultiPolygon","coordinates":[[[[140.6259,38.4473],[140.6269,38.4436],[140.6329,38.4434],[140.6372,38.4393],[140.6428,38.4369],[140.6518,38.4379],[140.6592,38.4322],[140.6706,38.4327],[140.6769,38.4308],[140.6825,38.4265],[140.6959,38.4253],[140.698,38.4214],[140.6969,38.4157],[140.7027,38.417],[140.707,38.422],[140.7113,38.4248],[140.7116,38.4279],[140.7163,38.4339],[140.7218,38.4339],[140.7262,38.4325],[140.7267,38.4295],[140.7364,38.4241],[140.7381,38.4206],[140.7444,38.4156],[140.7436,38.412],[140.7546,38.4114],[140.7611,38.4078],[140.769,38.4048],[140.7748,38.4043],[140.7793,38.4001],[140.7817,38.402],[140.7864,38.3994],[140.7997,38.3939],[140.8054,38.3938],[140.8085,38.3922],[140.817,38.3812],[140.8204,38.38],[140.8254,38.3749],[140.8249,38.371],[140.8268,38.3689],[140.8227,38.3627],[140.8282,38.3628],[140.8351,38.3601],[140.8314,38.3567],[140.8338,38.3545],[140.8319,38.3515],[140.8341,38.347],[140.8417,38.3486],[140.8429,38.3541],[140.8451,38.3578],[140.853,38.3587],[140.8546,38.3616],[140.8602,38.3607],[140.8634,38.362],[140.8705,38.3603],[140.8789,38.3555],[140.8789,38.3528],[140.8824,38.3491],[140.8929,38.3439],[140.8935,38.3421],[140.9008,38.3408],[140.9034,38.3369],[140.9106,38.3342],[140.9175,38.336],[140.9189,38.3334],[140.9273,38.3331],[140.9265,38.3377],[140.9341,38.3408],[140.9395,38.3353],[140.9369,38.3317],[140.9392,38.3291],[140.9361,38.3261],[140.9364,38.3169],[140.9412,38.3148],[140.9427,38.3122],[140.9535,38.3085],[140.9575,38.3101],[140.9627,38.3096],[140.9598,38.3061],[140.9564,38.2962],[140.9596,38.2948],[140.9589,38.2914],[140.9635,38.286],[140.9708,38.286],[140.9758,38.2836],[140.9886,38.2842],[140.9957,38.283],[141.0072,38.2788],[141.0102,38.2796],[141.0129,38.2764],[141.0255,38.2831],[141.0285,38.2822],[141.0259,38.2763],[141.025,38.2711],[141.0122,38.272],[141.0034,38.2739],[140.9989,38.2731],[140.9985,38.27],[141.0267,38.2676],[141.0262,38.2641],[141.0222,38.2643],[141.0147,38.2539],[140.9953,38.2297],[140.9908,38.224],[140.9857,38.2153],[140.9812,38.2107],[140.9676,38.1909],[140.9601,38.1754],[140.9514,38.1798],[140.9482,38.183],[140.9415,38.1853],[140.9371,38.1892],[140.9358,38.1976],[140.9333,38.1976],[140.9279,38.193],[140.9297,38.1894],[140.935,38.1863],[140.9335,38.1825],[140.9176,38.1837],[140.9151,38.1853],[140.9069,38.1845],[140.8985,38.1847],[140.8999,38.1896],[140.8942,38.1903],[140.8883,38.1883],[140.8841,38.1904],[140.8798,38.1889],[140.867,38.1877],[140.8664,38.1912],[140.8634,38.194],[140.8595,38.1949],[140.8626,38.1986],[140.8633,38.2019],[140.861,38.204],[140.8551,38.2038],[140.8448,38.2073],[140.8305,38.2139],[140.8267,38.2169],[140.8203,38.2172],[140.8171,38.2187],[140.8126,38.2146],[140.808,38.2137],[140.8064,38.2107],[140.7984,38.2128],[140.7978,38.2182],[140.7953,38.2192],[140.7882,38.218],[140.784,38.2143],[140.7846,38.2093],[140.788,38.2024],[140.7939,38.2025],[140.7969,38.1996],[140.798,38.1946],[140.8033,38.1926],[140.8133,38.1873],[140.8135,38.185],[140.8063,38.1854],[140.7968,38.1802],[140.7958,38.1753],[140.7921,38.1743],[140.7866,38.1773],[140.7825,38.1771],[140.7765,38.1795],[140.7704,38.1776],[140.7669,38.1785],[140.7568,38.1767],[140.7544,38.1804],[140.7497,38.179],[140.7437,38.1829],[140.7458,38.1875],[140.7432,38.1897],[140.7419,38.1997],[140.7375,38.2062],[140.7358,38.2107],[140.7306,38.2118],[140.7284,38.214],[140.7223,38.2166],[140.7139,38.2175],[140.7024,38.22],[140.6983,38.223],[140.6919,38.2229],[140.6832,38.226],[140.6842,38.2297],[140.6799,38.2294],[140.6772,38.2328],[140.6704,38.2363],[140.6668,38.2396],[140.6624,38.2388],[140.6507,38.2404],[140.6517,38.2446],[140.6501,38.2488],[140.6362,38.2549],[140.6302,38.2582],[140.6216,38.2586],[140.6079,38.2652],[140.6047,38.2634],[140.5942,38.2646],[140.5852,38.2631],[140.5703,38.2663],[140.5663,38.2658],[140.5625,38.2675],[140.5577,38.2668],[140.5514,38.2641],[140.5483,38.2613],[140.5414,38.2638],[140.5379,38.2633],[140.5341,38.2596],[140.5241,38.26],[140.5077,38.2593],[140.5017,38.2555],[140.4955,38.2566],[140.4811,38.2552],[140.4763,38.2513],[140.4726,38.2522],[140.4695,38.2564],[140.4728,38.2614],[140.4712,38.2693],[140.473,38.2718],[140.4797,38.2736],[140.4879,38.2745],[140.492,38.2801],[140.4969,38.2832],[140.4925,38.2927],[140.4926,38.3027],[140.5007,38.3038],[140.5043,38.3081],[140.5043,38.3141],[140.5095,38.3132],[140.5117,38.3112],[140.5203,38.3095],[140.524,38.3168],[140.5298,38.3207],[140.5306,38.3252],[140.528,38.3273],[140.5251,38.3327],[140.5238,38.3427],[140.5217,38.3497],[140.5227,38.3532],[140.5263,38.3575],[140.5337,38.3621],[140.5409,38.3621],[140.5454,38.3641],[140.5526,38.3765],[140.5566,38.3776],[140.5633,38.3772],[140.5676,38.3853],[140.5715,38.3873],[140.5783,38.3929],[140.5746,38.3967],[140.5737,38.4078],[140.5713,38.4105],[140.572,38.4151],[140.5783,38.4203],[140.5817,38.4334],[140.5806,38.4374],[140.5862,38.4405],[140.5898,38.4392],[140.5924,38.4418],[140.5978,38.4366],[140.5992,38.4393],[140.6044,38.4441],[140.6096,38.4465],[140.6126,38.4527],[140.6197,38.4547],[140.6239,38.451],[140.6259,38.4473]]],[[[141.0435,38.2768],[141.0403,38.2727],[141.0296,38.2756],[141.0313,38.2807],[141.0322,38.2804],[141.0375,38.2829],[141.0398,38.2819],[141.0435,38.2768]]]]}},{"type":"Feature","properties":{"code":"05201","ja":"秋田市","pref":"akita","kind":"city"},"geometry":{"type":"MultiPolygon","coordinates":[[[[140.2159,39.8631],[140.2226,39.861],[140.2226,39.855],[140.2265,39.8535],[140.2285,39.8492],[140.2314,39.8465],[140.2337,39.8416],[140.2393,39.839],[140.2429,39.8319],[140.2457,39.8293],[140.2507,39.8275],[140.2589,39.83],[140.2638,39.8297],[140.266,39.8277],[140.2737,39.8273],[140.2817,39.835],[140.2881,39.8308],[140.2925,39.8305],[140.2964,39.8329],[140.3067,39.8299],[140.3096,39.8256],[140.3106,39.8203],[140.3087,39.8167],[140.3135,39.8131],[140.3144,39.8075],[140.3109,39.7971],[140.3205,39.7965],[140.3254,39.7999],[140.3307,39.801],[140.3362,39.8041],[140.3404,39.8045],[140.3491,39.8114],[140.3468,39.8159],[140.3478,39.819],[140.3518,39.8213],[140.3557,39.8262],[140.3635,39.8279],[140.3722,39.8358],[140.3786,39.8339],[140.3907,39.835],[140.3939,39.8333],[140.4008,39.8348],[140.404,39.8291],[140.4111,39.8281],[140.4166,39.8287],[140.4244,39.825],[140.4308,39.8241],[140.4313,39.8202],[140.4446,39.8221],[140.4523,39.8245],[140.4599,39.8225],[140.4589,39.82],[140.4608,39.8152],[140.4672,39.8103],[140.471,39.8053],[140.4715,39.801],[140.4753,39.7956],[140.4804,39.7965],[140.4835,39.7944],[140.4844,39.7899],[140.4869,39.7882],[140.4901,39.7807],[140.4977,39.7739],[140.5037,39.7717],[140.5063,39.7679],[140.5072,39.7622],[140.5102,39.7547],[140.5126,39.7534],[140.5156,39.7479],[140.5087,39.7405],[140.5101,39.7361],[140.5088,39.7326],[140.5032,39.7263],[140.4965,39.7238],[140.4922,39.7236],[140.4833,39.7176],[140.4767,39.7156],[140.4747,39.717],[140.4631,39.711],[140.4609,39.7114],[140.4471,39.7052],[140.4367,39.7062],[140.4323,39.7075],[140.4309,39.7105],[140.4253,39.7135],[140.4192,39.7151],[140.4141,39.7146],[140.407,39.7069],[140.4023,39.7052],[140.3992,39.7064],[140.3953,39.7045],[140.3924,39.7],[140.3854,39.6992],[140.3829,39.6963],[140.3792,39.6959],[140.3724,39.693],[140.364,39.6952],[140.359,39.6946],[140.3527,39.6908],[140.3477,39.6913],[140.346,39.6868],[140.3422,39.6837],[140.3435,39.6768],[140.3382,39.6764],[140.3345,39.6803],[140.332,39.6792],[140.3255,39.6806],[140.3223,39.6764],[140.3146,39.6727],[140.3112,39.6729],[140.3066,39.6674],[140.3079,39.6589],[140.3103,39.6556],[140.3104,39.6497],[140.309,39.6476],[140.2953,39.6488],[140.2922,39.6555],[140.2861,39.654],[140.2768,39.6542],[140.2708,39.6535],[140.2686,39.6494],[140.27,39.6462],[140.2672,39.6445],[140.2715,39.6398],[140.2774,39.6386],[140.278,39.6411],[140.2844,39.6406],[140.2857,39.6372],[140.285,39.6311],[140.2828,39.6266],[140.2842,39.6251],[140.2775,39.622],[140.2769,39.6157],[140.2675,39.6098],[140.2661,39.6073],[140.2681,39.6015],[140.2662,39.598],[140.262,39.5942],[140.258,39.5935],[140.2544,39.587],[140.2561,39.578],[140.2544,39.5755],[140.249,39.5736],[140.2434,39.5731],[140.2411,39.5706],[140.2394,39.5626],[140.2329,39.56],[140.2327,39.5509],[140.2273,39.548],[140.2282,39.5435],[140.2415,39.5439],[140.2467,39.5384],[140.2469,39.5296],[140.2488,39.5194],[140.2522,39.5133],[140.2556,39.5122],[140.2631,39.5121],[140.2654,39.5073],[140.2704,39.5037],[140.2685,39.4991],[140.2706,39.4945],[140.2753,39.4919],[140.266,39.4856],[140.2664,39.4823],[140.2701,39.4818],[140.2711,39.4787],[140.2764,39.4749],[140.2767,39.4719],[140.2814,39.4676],[140.2824,39.4594],[140.2817,39.4554],[140.2789,39.451],[140.2758,39.4515],[140.2689,39.4495],[140.2665,39.4521],[140.2619,39.4518],[140.2588,39.4488],[140.2512,39.4522],[140.2498,39.4542],[140.2405,39.4547],[140.2344,39.46],[140.2386,39.4643],[140.2392,39.4669],[140.2324,39.47],[140.2229,39.4676],[140.2228,39.4743],[140.2208,39.4816],[140.2223,39.4874],[140.2289,39.4905],[140.2197,39.4938],[140.2157,39.498],[140.2114,39.4957],[140.2044,39.4972],[140.1982,39.4974],[140.1959,39.501],[140.1919,39.5006],[140.187,39.5033],[140.181,39.5037],[140.1806,39.5087],[140.178,39.5124],[140.181,39.5158],[140.1795,39.5202],[140.184,39.5214],[140.1852,39.5284],[140.1886,39.5341],[140.1859,39.5384],[140.182,39.5389],[140.1789,39.5361],[140.1712,39.5349],[140.1683,39.5327],[140.1646,39.5352],[140.1608,39.5349],[140.1561,39.5378],[140.1649,39.5425],[140.1673,39.548],[140.1609,39.5518],[140.1594,39.5586],[140.1572,39.5619],[140.1486,39.5704],[140.1381,39.5686],[140.131,39.5699],[140.1227,39.5703],[140.1221,39.5761],[140.1128,39.5773],[140.1079,39.5821],[140.1091,39.5844],[140.0993,39.586],[140.0931,39.5824],[140.0899,39.5832],[140.0867,39.58],[140.0822,39.5839],[140.079,39.5828],[140.0736,39.5848],[140.0777,39.588],[140.0757,39.5948],[140.0681,39.5983],[140.0663,39.5972],[140.0597,39.5978],[140.0611,39.6108],[140.0614,39.6199],[140.0628,39.6355],[140.063,39.6545],[140.0619,39.6757],[140.0598,39.6983],[140.0593,39.7207],[140.0578,39.7296],[140.0551,39.7323],[140.0541,39.7389],[140.0486,39.7407],[140.0463,39.7496],[140.049,39.752],[140.0474,39.7572],[140.0508,39.7613],[140.0482,39.768],[140.0503,39.7706],[140.0493,39.7741],[140.0429,39.7728],[140.0461,39.7635],[140.0437,39.7626],[140.0382,39.7648],[140.0408,39.7684],[140.0367,39.7714],[140.0334,39.781],[140.0423,39.7828],[140.0385,39.7885],[140.0374,39.7963],[140.0341,39.8044],[140.0487,39.8058],[140.0557,39.807],[140.0555,39.8235],[140.055,39.8287],[140.0487,39.8446],[140.0492,39.8491],[140.0563,39.8516],[140.0595,39.8473],[140.0662,39.8504],[140.0663,39.8557],[140.0646,39.8589],[140.0726,39.8575],[140.0777,39.8538],[140.0761,39.8505],[140.0801,39.8478],[140.0809,39.8446],[140.0862,39.8454],[140.0907,39.8426],[140.0901,39.8402],[140.0935,39.8353],[140.0988,39.8411],[140.108,39.8422],[140.1139,39.846],[140.1175,39.8507],[140.1227,39.8521],[140.1246,39.8491],[140.133,39.8449],[140.139,39.8448],[140.1406,39.8465],[140.1472,39.8447],[140.1524,39.8464],[140.1552,39.8495],[140.1608,39.8468],[140.1651,39.8474],[140.1666,39.8447],[140.1751,39.8447],[140.1772,39.8463],[140.1862,39.8483],[140.1925,39.8475],[140.1931,39.8516],[140.199,39.8555],[140.1977,39.8598],[140.2004,39.8639],[140.208,39.865],[140.2159,39.8631]]]]}},{"type":"Feature","properties":{"code":"06201","ja":"山形市","pref":"yamagata","kind":"city"},"geometry":{"type":"MultiPolygon","coordinates":[[[[140.5217,38.3497],[140.5238,38.3427],[140.5251,38.3327],[140.528,38.3273],[140.5306,38.3252],[140.5298,38.3207],[140.524,38.3168],[140.5203,38.3095],[140.5117,38.3112],[140.5095,38.3132],[140.5043,38.3141],[140.5043,38.3081],[140.5007,38.3038],[140.4926,38.3027],[140.4925,38.2927],[140.4969,38.2832],[140.492,38.2801],[140.4879,38.2745],[140.4797,38.2736],[140.473,38.2718],[140.4712,38.2693],[140.4728,38.2614],[140.4695,38.2564],[140.4726,38.2522],[140.4696,38.2476],[140.4692,38.2429],[140.4711,38.2347],[140.4685,38.2333],[140.4693,38.2283],[140.4743,38.2245],[140.471,38.2145],[140.4733,38.2099],[140.4723,38.2062],[140.4773,38.2007],[140.479,38.1945],[140.4777,38.1918],[140.4801,38.1821],[140.4752,38.1758],[140.4697,38.1706],[140.4692,38.163],[140.467,38.1608],[140.4677,38.1569],[140.452,38.1511],[140.4472,38.1447],[140.4396,38.1439],[140.4359,38.1502],[140.4299,38.1501],[140.4201,38.1479],[140.4142,38.1488],[140.4106,38.1512],[140.4026,38.1516],[140.397,38.1528],[140.3889,38.1576],[140.3899,38.1615],[140.3857,38.1636],[140.3804,38.161],[140.3776,38.1621],[140.3671,38.1583],[140.364,38.1586],[140.3596,38.1625],[140.3466,38.1667],[140.3226,38.1704],[140.3193,38.1726],[140.3119,38.174],[140.3154,38.1805],[140.3144,38.1844],[140.3048,38.1892],[140.301,38.1847],[140.2961,38.1854],[140.2927,38.1834],[140.2892,38.1785],[140.2857,38.1788],[140.2817,38.1874],[140.2785,38.1864],[140.274,38.1881],[140.2711,38.1806],[140.2685,38.1783],[140.2646,38.1779],[140.2609,38.1736],[140.2557,38.1736],[140.2533,38.1774],[140.2499,38.1787],[140.2456,38.1888],[140.2494,38.1944],[140.2449,38.1967],[140.2426,38.2011],[140.2468,38.2046],[140.2449,38.2091],[140.2404,38.2105],[140.2359,38.2074],[140.231,38.2121],[140.223,38.2107],[140.2201,38.2131],[140.2168,38.2111],[140.2108,38.2106],[140.2006,38.2173],[140.1966,38.2242],[140.1907,38.2221],[140.1855,38.2225],[140.1801,38.2232],[140.1891,38.2327],[140.1979,38.2371],[140.2041,38.2374],[140.2086,38.2337],[140.213,38.235],[140.2142,38.2378],[140.2108,38.24],[140.2146,38.2484],[140.2088,38.2501],[140.207,38.2524],[140.21,38.2585],[140.2137,38.2609],[140.2134,38.2635],[140.2074,38.2669],[140.2053,38.2717],[140.2092,38.2741],[140.2133,38.2732],[140.2167,38.2749],[140.2206,38.2741],[140.2278,38.2699],[140.2334,38.2704],[140.2365,38.2722],[140.2439,38.2696],[140.2517,38.2687],[140.254,38.2722],[140.2656,38.2735],[140.2765,38.2775],[140.2768,38.2827],[140.2788,38.2846],[140.276,38.2885],[140.2768,38.2919],[140.2806,38.2926],[140.2851,38.297],[140.2883,38.3058],[140.2844,38.3082],[140.2842,38.3124],[140.2972,38.3164],[140.3002,38.3155],[140.3049,38.324],[140.3069,38.3334],[140.3057,38.3377],[140.3121,38.3415],[140.3247,38.3376],[140.3247,38.332],[140.33,38.3315],[140.3291,38.3267],[140.3318,38.3252],[140.3495,38.3234],[140.361,38.3193],[140.377,38.3165],[140.3935,38.3128],[140.4046,38.313],[140.4097,38.3183],[140.4182,38.3124],[140.4253,38.319],[140.4316,38.3198],[140.4374,38.3228],[140.4402,38.3257],[140.4395,38.33],[140.4416,38.334],[140.447,38.3387],[140.4528,38.3372],[140.4604,38.3377],[140.4704,38.3369],[140.4772,38.3401],[140.481,38.34],[140.4826,38.3429],[140.4905,38.3433],[140.4938,38.3452],[140.5052,38.3467],[140.5149,38.352],[140.5217,38.3497]]]]}},{"type":"Feature","properties":{"code":"07201","ja":"福島市","pref":"fukushima","kind":"city"},"geometry":{"type":"MultiPolygon","coordinates":[[[[140.4748,37.9468],[140.4675,37.9378],[140.4679,37.9317],[140.4694,37.9296],[140.4683,37.924],[140.4696,37.9179],[140.4766,37.9069],[140.4829,37.9037],[140.4842,37.9016],[140.4783,37.8979],[140.4684,37.8941],[140.4665,37.892],[140.4695,37.8895],[140.4709,37.8856],[140.4667,37.8824],[140.4632,37.8772],[140.4599,37.8767],[140.4588,37.8735],[140.4618,37.8709],[140.4589,37.8652],[140.4605,37.8621],[140.4649,37.8605],[140.4668,37.8577],[140.4749,37.8548],[140.4796,37.8502],[140.4844,37.8473],[140.4822,37.8448],[140.4744,37.8471],[140.4715,37.8409],[140.4736,37.8392],[140.4755,37.8336],[140.481,37.8298],[140.4818,37.8274],[140.4921,37.8272],[140.49,37.8259],[140.4891,37.8127],[140.4964,37.8107],[140.4985,37.8133],[140.5025,37.8144],[140.5086,37.8125],[140.5101,37.8091],[140.5185,37.808],[140.5203,37.806],[140.5172,37.7981],[140.5282,37.7936],[140.5236,37.7903],[140.5228,37.7842],[140.5247,37.7821],[140.522,37.7792],[140.5231,37.7749],[140.5282,37.771],[140.5274,37.763],[140.5334,37.7611],[140.5424,37.7623],[140.5448,37.7649],[140.552,37.7691],[140.5538,37.7658],[140.5643,37.7638],[140.5701,37.761],[140.5668,37.7551],[140.5597,37.7478],[140.5576,37.7431],[140.5501,37.7394],[140.5454,37.728],[140.5453,37.7195],[140.5425,37.7124],[140.546,37.7086],[140.5483,37.7044],[140.5465,37.7008],[140.5411,37.7006],[140.5397,37.6944],[140.5473,37.69],[140.5484,37.681],[140.5515,37.6779],[140.5485,37.6746],[140.557,37.6726],[140.5622,37.6745],[140.5622,37.6709],[140.5588,37.6672],[140.5611,37.664],[140.5675,37.6621],[140.5688,37.6579],[140.5618,37.6524],[140.5553,37.6508],[140.5488,37.6508],[140.5503,37.6461],[140.5497,37.6432],[140.5401,37.6435],[140.5386,37.6407],[140.5303,37.6379],[140.5287,37.6352],[140.5247,37.6358],[140.5281,37.644],[140.5232,37.6448],[140.5153,37.6421],[140.5108,37.6367],[140.5135,37.634],[140.5065,37.6255],[140.5013,37.6247],[140.4986,37.6258],[140.4982,37.6302],[140.5028,37.6331],[140.5038,37.6362],[140.5017,37.6383],[140.4909,37.639],[140.4863,37.633],[140.4826,37.637],[140.4826,37.6419],[140.4869,37.647],[140.4855,37.6508],[140.4771,37.6512],[140.4742,37.6484],[140.4561,37.647],[140.4427,37.6491],[140.4373,37.6454],[140.4267,37.6444],[140.4245,37.645],[140.415,37.6425],[140.4093,37.6448],[140.406,37.6448],[140.4026,37.648],[140.3971,37.6486],[140.3918,37.6468],[140.3826,37.6479],[140.3778,37.6512],[140.3707,37.6506],[140.3613,37.6476],[140.3468,37.647],[140.3338,37.6503],[140.3303,37.6481],[140.3119,37.6467],[140.3065,37.6446],[140.3012,37.6458],[140.2971,37.6453],[140.2942,37.6418],[140.2876,37.6399],[140.2806,37.6417],[140.2825,37.6543],[140.278,37.6619],[140.2705,37.663],[140.2601,37.6669],[140.2451,37.6761],[140.236,37.6775],[140.2306,37.6793],[140.2325,37.685],[140.2319,37.69],[140.2367,37.6955],[140.2365,37.7039],[140.2314,37.7077],[140.2292,37.7165],[140.2307,37.7215],[140.2302,37.7256],[140.2319,37.7302],[140.2433,37.7341],[140.2402,37.7397],[140.2406,37.7438],[140.2372,37.7465],[140.2404,37.7511],[140.2404,37.7535],[140.2444,37.7584],[140.2549,37.7646],[140.2554,37.7681],[140.2605,37.7709],[140.2661,37.7792],[140.2763,37.7818],[140.2785,37.7882],[140.2823,37.792],[140.2822,37.7982],[140.2864,37.8008],[140.2903,37.8013],[140.2922,37.8041],[140.2988,37.8078],[140.2931,37.8117],[140.2906,37.8151],[140.2865,37.8152],[140.2783,37.8211],[140.275,37.8209],[140.2688,37.8241],[140.2621,37.8344],[140.2622,37.8404],[140.2672,37.8477],[140.2653,37.8548],[140.2656,37.8625],[140.2699,37.8667],[140.2686,37.8711],[140.2699,37.8743],[140.2649,37.8795],[140.2649,37.8863],[140.2707,37.8908],[140.2671,37.8968],[140.2646,37.9062],[140.2645,37.9121],[140.2671,37.9176],[140.2721,37.92],[140.2767,37.9266],[140.2793,37.9337],[140.2785,37.9426],[140.2752,37.9473],[140.2781,37.9526],[140.2763,37.9566],[140.2734,37.9568],[140.2713,37.9667],[140.2772,37.9756],[140.28,37.9766],[140.2845,37.973],[140.29,37.9724],[140.2916,37.9703],[140.3023,37.9691],[140.3098,37.9642],[140.3137,37.9645],[140.3167,37.9581],[140.3199,37.9589],[140.3287,37.9582],[140.3323,37.9527],[140.3358,37.955],[140.342,37.9517],[140.3486,37.9502],[140.3558,37.9522],[140.3535,37.9548],[140.3551,37.9578],[140.3642,37.9588],[140.3666,37.957],[140.3831,37.9531],[140.3856,37.9537],[140.3856,37.9649],[140.3884,37.9691],[140.3936,37.9728],[140.3985,37.9745],[140.4076,37.9737],[140.4078,37.9667],[140.4092,37.9637],[140.4146,37.9633],[140.4206,37.9605],[140.4241,37.957],[140.4341,37.9538],[140.4382,37.954],[140.4447,37.957],[140.4478,37.9512],[140.456,37.9504],[140.4615,37.9526],[140.466,37.9491],[140.4748,37.9468]]]]}},{"type":"Feature","properties":{"code":"07202","ja":"会津若松市","pref":"fukushima","kind":"city"},"geometry":{"type":"MultiPolygon","coordinates":[[[[139.9275,37.579],[139.9285,37.5786],[139.93,37.5783],[139.9303,37.5748],[139.9358,37.5754],[139.9393,37.571],[139.9448,37.5696],[139.9515,37.5693],[139.955,37.5659],[139.9574,37.5612],[139.9574,37.5578],[139.9605,37.5565],[139.9648,37.5574],[139.9748,37.5554],[139.9812,37.5535],[139.9859,37.5563],[139.9884,37.5523],[139.9938,37.5515],[139.9957,37.5487],[140.004,37.5464],[140.011,37.5456],[140.0161,37.543],[140.0153,37.5372],[140.0168,37.5347],[140.0144,37.5306],[140.0172,37.5271],[140.0151,37.5246],[140.0196,37.5228],[140.0233,37.5252],[140.0247,37.52],[140.0218,37.5192],[140.0226,37.5156],[140.0258,37.5121],[140.0261,37.508],[140.0314,37.5034],[140.0405,37.5009],[140.0917,37.4773],[140.1134,37.4699],[140.104,37.4531],[140.079,37.433],[140.0631,37.4286],[140.0607,37.4237],[140.0581,37.4228],[140.0576,37.418],[140.0511,37.4144],[140.0495,37.4104],[140.0493,37.4028],[140.0475,37.3976],[140.0466,37.3889],[140.0535,37.3662],[140.0515,37.3612],[140.0508,37.3556],[140.0455,37.3525],[140.0451,37.3486],[140.0418,37.348],[140.0412,37.3447],[140.0375,37.3421],[140.036,37.3368],[140.0254,37.3421],[140.0215,37.3393],[140.019,37.3353],[140.0194,37.3315],[140.0157,37.3299],[140.0125,37.323],[140.0095,37.327],[139.9987,37.3309],[139.9942,37.3282],[139.9897,37.3274],[139.9814,37.3284],[139.9773,37.3313],[139.9739,37.3289],[139.9708,37.3331],[139.9661,37.333],[139.9634,37.3355],[139.9585,37.3365],[139.9514,37.3364],[139.9488,37.3328],[139.9479,37.3282],[139.9323,37.324],[139.9205,37.3254],[139.9207,37.33],[139.915,37.3307],[139.9134,37.3387],[139.9102,37.3403],[139.9117,37.344],[139.9113,37.3487],[139.9199,37.3492],[139.9179,37.355],[139.9102,37.354],[139.9079,37.3515],[139.9041,37.3518],[139.8907,37.3448],[139.8858,37.343],[139.8858,37.3481],[139.8834,37.35],[139.8841,37.3539],[139.875,37.3612],[139.8759,37.3633],[139.8847,37.3678],[139.8844,37.3715],[139.888,37.3756],[139.8946,37.3788],[139.901,37.3793],[139.9019,37.3823],[139.9126,37.3868],[139.9163,37.3901],[139.9232,37.392],[139.9261,37.3993],[139.9209,37.4087],[139.912,37.4139],[139.9134,37.4161],[139.9111,37.4306],[139.9056,37.4437],[139.9085,37.4503],[139.9046,37.4609],[139.8982,37.459],[139.8906,37.463],[139.8848,37.4613],[139.8769,37.4621],[139.8728,37.4531],[139.869,37.4568],[139.864,37.4585],[139.861,37.4641],[139.8605,37.4693],[139.8619,37.473],[139.858,37.4753],[139.8523,37.4836],[139.8513,37.4878],[139.8397,37.4978],[139.8392,37.5065],[139.8451,37.5113],[139.846,37.5189],[139.85,37.5254],[139.8459,37.5307],[139.8631,37.5307],[139.8668,37.5301],[139.8725,37.533],[139.8721,37.5428],[139.8735,37.5468],[139.8957,37.5465],[139.9027,37.5456],[139.9028,37.5499],[139.9059,37.5588],[139.8956,37.5615],[139.8982,37.5658],[139.8947,37.5707],[139.8958,37.5773],[139.904,37.5792],[139.9067,37.5831],[139.9082,37.5816],[139.9203,37.5806],[139.9275,37.579]]]]}},{"type":"Feature","properties":{"code":"08201","ja":"水戸市","pref":"ibaraki","kind":"city"},"geometry":{"type":"MultiPolygon","coordinates":[[[[140.4144,36.4609],[140.418,36.4571],[140.4163,36.4551],[140.4259,36.4483],[140.4323,36.4501],[140.4487,36.4508],[140.451,36.4485],[140.4547,36.4416],[140.4542,36.4367],[140.459,36.4351],[140.457,36.4297],[140.4605,36.4261],[140.4544,36.4231],[140.4578,36.4154],[140.4617,36.4106],[140.4694,36.4048],[140.4746,36.3991],[140.4839,36.4076],[140.4826,36.404],[140.4835,36.4001],[140.4885,36.3978],[140.4881,36.395],[140.4846,36.3901],[140.4873,36.3868],[140.4847,36.3835],[140.4892,36.3822],[140.4928,36.3747],[140.4967,36.3798],[140.5012,36.3826],[140.5044,36.3814],[140.5087,36.3763],[140.5146,36.3717],[140.5259,36.3665],[140.5441,36.3632],[140.5554,36.358],[140.5636,36.3502],[140.5769,36.3445],[140.5868,36.3367],[140.5815,36.3353],[140.5751,36.3273],[140.571,36.3274],[140.5671,36.3225],[140.5611,36.3201],[140.5592,36.3133],[140.5526,36.3143],[140.5495,36.3193],[140.5444,36.319],[140.5419,36.3157],[140.5385,36.3145],[140.5375,36.3115],[140.5337,36.3094],[140.5309,36.3052],[140.5243,36.3049],[140.5206,36.3065],[140.5145,36.3019],[140.5069,36.3007],[140.5007,36.3028],[140.4975,36.3057],[140.4953,36.3119],[140.4931,36.314],[140.4934,36.32],[140.4841,36.3225],[140.4791,36.3207],[140.4761,36.3218],[140.4753,36.3166],[140.4714,36.3152],[140.4656,36.3161],[140.465,36.3196],[140.4612,36.3219],[140.4575,36.3174],[140.4538,36.3194],[140.4512,36.3177],[140.4425,36.3206],[140.4427,36.3159],[140.4348,36.3171],[140.4251,36.3155],[140.4227,36.3201],[140.4238,36.3219],[140.419,36.3281],[140.4188,36.3309],[140.4097,36.3389],[140.4114,36.3448],[140.407,36.3456],[140.4037,36.3394],[140.4034,36.3352],[140.3999,36.3294],[140.3946,36.3327],[140.3915,36.3287],[140.3877,36.3289],[140.3856,36.3259],[140.3891,36.319],[140.3951,36.3166],[140.3956,36.3146],[140.3909,36.3125],[140.3844,36.3135],[140.3759,36.3122],[140.3694,36.3131],[140.3566,36.3173],[140.3482,36.3225],[140.3443,36.3241],[140.3418,36.33],[140.3371,36.3348],[140.339,36.3377],[140.3337,36.34],[140.333,36.3443],[140.3348,36.3509],[140.338,36.353],[140.3373,36.3561],[140.3419,36.3596],[140.3417,36.3641],[140.336,36.3748],[140.3247,36.3807],[140.322,36.3839],[140.3243,36.3939],[140.3308,36.396],[140.3383,36.3963],[140.3453,36.3943],[140.3486,36.3975],[140.3546,36.4001],[140.3555,36.4041],[140.3519,36.4096],[140.35,36.4104],[140.3476,36.4207],[140.3408,36.4224],[140.3372,36.4292],[140.3441,36.432],[140.3493,36.4324],[140.3532,36.4312],[140.3584,36.4321],[140.3602,36.4289],[140.3658,36.4318],[140.37,36.4323],[140.371,36.4276],[140.3741,36.4266],[140.3785,36.4321],[140.3819,36.4337],[140.3831,36.4369],[140.3912,36.4373],[140.3942,36.4384],[140.3983,36.4432],[140.3952,36.4474],[140.386,36.4511],[140.3853,36.4557],[140.3813,36.4643],[140.3877,36.4644],[140.3946,36.4619],[140.3969,36.4574],[140.404,36.4552],[140.4083,36.4512],[140.4117,36.4522],[140.409,36.4581],[140.4144,36.4609]]]]}},{"type":"Feature","properties":{"code":"09201","ja":"宇都宮市","pref":"tochigi","kind":"city"},"geometry":{"type":"MultiPolygon","coordinates":[[[[139.9069,36.7214],[139.909,36.7191],[139.9185,36.7132],[139.9236,36.7086],[139.9312,36.7],[139.9399,36.6922],[139.946,36.6847],[139.9504,36.6757],[139.9546,36.6694],[139.9533,36.668],[139.9521,36.66],[139.9535,36.644],[139.9554,36.6401],[139.9585,36.6303],[139.9663,36.6177],[139.9696,36.6167],[139.9707,36.6076],[139.976,36.6072],[139.9908,36.6087],[139.9897,36.6047],[139.9934,36.6017],[139.9944,36.5951],[139.9973,36.5881],[139.9984,36.5785],[140.0002,36.575],[140.0027,36.565],[140.0021,36.5604],[139.9974,36.5572],[139.9984,36.5508],[140.005,36.54],[140.0097,36.5339],[140.0061,36.5306],[140.0106,36.5246],[140.0098,36.5174],[140.0063,36.5133],[140.0079,36.5095],[140.0073,36.5041],[140.0047,36.4997],[140.0005,36.4967],[139.9971,36.5025],[139.9937,36.5021],[139.9873,36.5043],[139.9805,36.5044],[139.9724,36.503],[139.9678,36.5006],[139.9678,36.4978],[139.9625,36.4966],[139.9667,36.4905],[139.9659,36.486],[139.9633,36.4809],[139.9631,36.4718],[139.9609,36.472],[139.953,36.4764],[139.9483,36.4776],[139.9473,36.4836],[139.9416,36.4831],[139.9368,36.4852],[139.9346,36.4833],[139.9297,36.4832],[139.9191,36.4869],[139.9116,36.4908],[139.9082,36.4899],[139.9084,36.4865],[139.9051,36.4834],[139.9064,36.4796],[139.8979,36.4758],[139.893,36.4699],[139.8865,36.4671],[139.8846,36.4645],[139.8773,36.464],[139.8741,36.465],[139.8735,36.4694],[139.8673,36.4705],[139.8674,36.4748],[139.8587,36.4758],[139.8519,36.479],[139.8419,36.4873],[139.8395,36.4885],[139.8414,36.493],[139.8346,36.4963],[139.834,36.5017],[139.8311,36.5039],[139.8306,36.5099],[139.8264,36.5096],[139.8213,36.5111],[139.8175,36.5148],[139.8203,36.519],[139.828,36.5184],[139.8318,36.5256],[139.8323,36.5311],[139.8293,36.5351],[139.8206,36.5405],[139.8199,36.5466],[139.823,36.5494],[139.8265,36.5552],[139.8251,36.5595],[139.8183,36.5567],[139.8119,36.5559],[139.805,36.56],[139.8024,36.5639],[139.8039,36.5698],[139.7972,36.5703],[139.7942,36.5815],[139.8022,36.5838],[139.8061,36.5814],[139.8076,36.5864],[139.8,36.5896],[139.7982,36.5919],[139.7924,36.5907],[139.7802,36.5951],[139.7735,36.5999],[139.7687,36.598],[139.7694,36.5952],[139.7628,36.5951],[139.7567,36.6032],[139.7533,36.6021],[139.7477,36.6068],[139.7466,36.6115],[139.743,36.6164],[139.7491,36.6198],[139.7523,36.6256],[139.7564,36.6272],[139.7632,36.6267],[139.7706,36.6278],[139.7683,36.6345],[139.7705,36.6363],[139.7796,36.6378],[139.7818,36.6417],[139.786,36.6425],[139.7924,36.6412],[139.7941,36.6483],[139.7942,36.6531],[139.7927,36.6603],[139.7934,36.6629],[139.791,36.6697],[139.7835,36.6794],[139.785,36.693],[139.7845,36.6966],[139.786,36.7026],[139.7888,36.7051],[139.7922,36.7035],[139.7966,36.7039],[139.7997,36.7072],[139.8038,36.7084],[139.8081,36.7131],[139.8141,36.7155],[139.8176,36.7158],[139.8221,36.7103],[139.8235,36.7061],[139.8291,36.7076],[139.8306,36.7048],[139.838,36.704],[139.8412,36.7058],[139.8412,36.7131],[139.8423,36.7197],[139.8471,36.72],[139.8528,36.7245],[139.8604,36.7301],[139.8701,36.7266],[139.8756,36.7239],[139.8817,36.7226],[139.8878,36.7245],[139.8936,36.7227],[139.9069,36.7214]]]]}},{"type":"Feature","properties":{"code":"10201","ja":"前橋市","pref":"gunma","kind":"city"},"geometry":{"type":"MultiPolygon","coordinates":[[[[139.1935,36.5594],[139.1923,36.5536],[139.1927,36.5483],[139.1952,36.5438],[139.1902,36.538],[139.1896,36.5327],[139.1926,36.5299],[139.1887,36.5261],[139.1964,36.5139],[139.1988,36.5074],[139.2001,36.4988],[139.2026,36.4946],[139.2018,36.4918],[139.2059,36.4881],[139.2111,36.4765],[139.2107,36.4662],[139.2118,36.4592],[139.2136,36.4553],[139.2129,36.4518],[139.2173,36.4429],[139.2196,36.4349],[139.2196,36.426],[139.2246,36.4263],[139.2267,36.4205],[139.229,36.4208],[139.23,36.4147],[139.2256,36.4152],[139.2266,36.4038],[139.2175,36.4017],[139.2153,36.3988],[139.2156,36.395],[139.2071,36.3908],[139.2071,36.3866],[139.2046,36.3826],[139.203,36.3752],[139.1995,36.3762],[139.1917,36.373],[139.1902,36.3655],[139.1872,36.3653],[139.1871,36.3602],[139.1804,36.3551],[139.1753,36.3527],[139.1725,36.349],[139.1658,36.345],[139.1641,36.3425],[139.167,36.3384],[139.1616,36.3376],[139.1512,36.3423],[139.1465,36.3405],[139.1417,36.3345],[139.1362,36.3343],[139.12,36.3343],[139.1265,36.3274],[139.1088,36.3271],[139.1079,36.3213],[139.1097,36.3172],[139.1066,36.3162],[139.1003,36.3199],[139.0947,36.3211],[139.093,36.3243],[139.0917,36.3263],[139.0847,36.328],[139.0773,36.3328],[139.0751,36.3395],[139.0748,36.3441],[139.0708,36.3483],[139.0691,36.3525],[139.063,36.3528],[139.063,36.3561],[139.0565,36.3558],[139.0552,36.3514],[139.0446,36.3517],[139.0443,36.3639],[139.0381,36.367],[139.0381,36.371],[139.0345,36.3713],[139.0344,36.3756],[139.0309,36.3746],[139.0255,36.3843],[139.0266,36.3887],[139.0221,36.3944],[139.0305,36.3944],[139.03,36.3987],[139.0263,36.4029],[139.0282,36.4067],[139.0205,36.4122],[139.0143,36.4052],[139.0071,36.4068],[139.0073,36.4107],[139.0036,36.4141],[139.0024,36.4194],[139.0024,36.4271],[139.006,36.4328],[139.0126,36.4328],[139.0185,36.4238],[139.0224,36.422],[139.0234,36.4172],[139.0275,36.4172],[139.0307,36.4209],[139.0305,36.4283],[139.0366,36.4355],[139.0388,36.441],[139.0388,36.4467],[139.0412,36.4519],[139.0493,36.4557],[139.0529,36.4682],[139.0636,36.476],[139.0639,36.4779],[139.0692,36.483],[139.0707,36.4871],[139.0761,36.494],[139.0983,36.5126],[139.1011,36.5169],[139.108,36.5181],[139.1145,36.5205],[139.1179,36.5255],[139.1245,36.5282],[139.1295,36.5317],[139.1351,36.5341],[139.1369,36.5382],[139.1519,36.5544],[139.1625,36.5554],[139.1694,36.5617],[139.1741,36.5623],[139.1882,36.5583],[139.1935,36.5594]]]]}},{"type":"Feature","properties":{"code":"11100","ja":"さいたま市","pref":"saitama","kind":"designated"},"geometry":{"type":"MultiPolygon","coordinates":[[[[139.5478,35.9342],[139.5444,35.9324],[139.5411,35.9355],[139.5435,35.9378],[139.5478,35.9342]]],[[[139.5478,35.9342],[139.5566,35.9353],[139.5608,35.9319],[139.5651,35.9353],[139.5649,35.9388],[139.5749,35.9441],[139.5801,35.9431],[139.5863,35.9457],[139.5907,35.9412],[139.5972,35.9366],[139.5994,35.9412],[139.5989,35.9441],[139.5882,35.9603],[139.5924,35.9619],[139.5995,35.9608],[139.6001,35.9595],[139.6111,35.9642],[139.6136,35.966],[139.6194,35.9634],[139.6257,35.9523],[139.637,35.9551],[139.6414,35.9516],[139.6452,35.9513],[139.6479,35.955],[139.6499,35.9606],[139.6488,35.9622],[139.6578,35.9639],[139.6544,35.965],[139.6535,35.968],[139.6607,35.9732],[139.6647,35.9729],[139.666,35.9756],[139.6721,35.9742],[139.6843,35.9756],[139.6956,35.9911],[139.6919,35.999],[139.6956,36.0026],[139.6995,35.998],[139.7024,35.998],[139.7078,35.9953],[139.7187,35.9897],[139.7245,35.9857],[139.7265,35.9817],[139.7242,35.9762],[139.7247,35.9727],[139.7215,35.969],[139.7134,35.9655],[139.7205,35.9583],[139.7194,35.9522],[139.7296,35.9552],[139.7383,35.953],[139.7392,35.9516],[139.7457,35.9522],[139.7501,35.9426],[139.752,35.9405],[139.7543,35.9354],[139.7527,35.9311],[139.7482,35.927],[139.7455,35.9269],[139.7474,35.9211],[139.7451,35.9175],[139.7486,35.9145],[139.7494,35.911],[139.7545,35.9104],[139.7548,35.9019],[139.752,35.8995],[139.7535,35.8958],[139.7453,35.8937],[139.7484,35.8912],[139.7473,35.8876],[139.7523,35.8803],[139.7481,35.8819],[139.7434,35.886],[139.7417,35.8832],[139.7375,35.8812],[139.7408,35.8763],[139.7386,35.87],[139.7343,35.872],[139.7332,35.8754],[139.7224,35.8763],[139.719,35.8791],[139.7136,35.8767],[139.7202,35.8704],[139.7175,35.8676],[139.7179,35.8623],[139.7115,35.8618],[139.7134,35.8588],[139.7067,35.8589],[139.7041,35.8624],[139.7004,35.8611],[139.698,35.8574],[139.6954,35.8521],[139.6957,35.8486],[139.6881,35.8475],[139.6839,35.8494],[139.6752,35.8505],[139.6789,35.8405],[139.6756,35.8392],[139.677,35.8327],[139.6688,35.8357],[139.668,35.8329],[139.6633,35.8291],[139.6581,35.8297],[139.6537,35.8353],[139.6499,35.8328],[139.6397,35.8319],[139.6308,35.8293],[139.6243,35.8347],[139.6187,35.8292],[139.6165,35.834],[139.6128,35.8347],[139.6101,35.8319],[139.6074,35.8348],[139.6053,35.8392],[139.6052,35.8441],[139.6001,35.8451],[139.5972,35.8484],[139.5916,35.8523],[139.5888,35.8571],[139.5851,35.8605],[139.5785,35.8646],[139.5765,35.8715],[139.5714,35.8723],[139.5639,35.8719],[139.5589,35.8742],[139.5595,35.8806],[139.5514,35.8834],[139.5494,35.8873],[139.5525,35.8887],[139.558,35.8886],[139.5571,35.8916],[139.5509,35.8961],[139.5549,35.9038],[139.5521,35.9095],[139.5485,35.9126],[139.5502,35.9176],[139.5462,35.9219],[139.5463,35.9259],[139.5507,35.9286],[139.5478,35.9342]]]]}},{"type":"Feature","properties":{"code":"12100","ja":"千葉市","pref":"chiba","kind":"designated"},"geometry":{"type":"MultiPolygon","coordinates":[[[[140.0832,35.5882],[140.103,35.5874],[140.1051,35.5777],[140.1095,35.5766],[140.1118,35.5704],[140.0861,35.5694],[140.0816,35.5883],[140.0832,35.5882]]],[[[140.1156,35.5506],[140.1151,35.5528],[140.0913,35.5612],[140.0911,35.5645],[140.0968,35.5664],[140.1268,35.5676],[140.1269,35.5694],[140.1161,35.5692],[140.1142,35.5725],[140.1106,35.5895],[140.117,35.5933],[140.1125,35.5943],[140.1077,35.592],[140.1056,35.5934],[140.089,35.5945],[140.0919,35.5974],[140.0966,35.5988],[140.0957,35.6013],[140.0998,35.6047],[140.0986,35.6064],[140.0942,35.6037],[140.0832,35.6133],[140.0779,35.6104],[140.0867,35.6019],[140.0839,35.5968],[140.0697,35.6107],[140.0667,35.6122],[140.0556,35.6224],[140.0288,35.6442],[140.0197,35.6525],[140.035,35.6696],[140.0418,35.6779],[140.0481,35.6765],[140.0494,35.6792],[140.0551,35.677],[140.0576,35.6797],[140.063,35.6794],[140.066,35.6768],[140.0697,35.6813],[140.0774,35.6885],[140.0816,35.6946],[140.0903,35.6938],[140.0934,35.6925],[140.0954,35.6972],[140.1012,35.7029],[140.1056,35.7094],[140.1092,35.7098],[140.1134,35.714],[140.1177,35.7091],[140.1226,35.7067],[140.1225,35.7016],[140.124,35.6989],[140.134,35.6996],[140.1368,35.6976],[140.1436,35.6919],[140.1476,35.6921],[140.1494,35.6916],[140.1526,35.6893],[140.1543,35.6834],[140.153,35.6825],[140.1517,35.6891],[140.147,35.6918],[140.1431,35.6914],[140.1396,35.6882],[140.1367,35.6795],[140.1384,35.6754],[140.1365,35.6705],[140.1413,35.6676],[140.15,35.6682],[140.153,35.6591],[140.1566,35.6574],[140.1559,35.6541],[140.1554,35.6504],[140.1577,35.6463],[140.1635,35.6453],[140.1736,35.654],[140.1764,35.6535],[140.1859,35.6461],[140.1861,35.642],[140.1901,35.643],[140.1922,35.6401],[140.185,35.6291],[140.1893,35.6263],[140.1934,35.6268],[140.1983,35.6343],[140.2037,35.6402],[140.207,35.6463],[140.2046,35.651],[140.2132,35.6546],[140.2196,35.6519],[140.2222,35.6477],[140.223,35.6416],[140.2219,35.6373],[140.2258,35.6371],[140.2287,35.6332],[140.2413,35.6313],[140.2488,35.6286],[140.251,35.6255],[140.2577,35.6255],[140.2663,35.6264],[140.2649,35.6206],[140.2676,35.6172],[140.2674,35.6071],[140.2625,35.606],[140.2613,35.5996],[140.2647,35.5957],[140.2706,35.5923],[140.2755,35.5874],[140.2752,35.5818],[140.2811,35.5794],[140.2832,35.5738],[140.2871,35.5729],[140.2887,35.57],[140.2886,35.5664],[140.2923,35.5642],[140.2942,35.5607],[140.291,35.5556],[140.2918,35.5482],[140.2857,35.5493],[140.2814,35.5478],[140.2809,35.5419],[140.286,35.5389],[140.2897,35.5322],[140.292,35.5312],[140.2878,35.5235],[140.2995,35.5189],[140.2926,35.5153],[140.286,35.5188],[140.2822,35.5128],[140.2768,35.5114],[140.2743,35.5072],[140.274,35.4992],[140.2706,35.4964],[140.272,35.4936],[140.2697,35.494],[140.2711,35.4995],[140.267,35.5018],[140.2596,35.5017],[140.2624,35.4955],[140.2563,35.4943],[140.2536,35.4974],[140.2547,35.5005],[140.2429,35.5055],[140.2325,35.5038],[140.2286,35.5079],[140.2304,35.5099],[140.2216,35.518],[140.2206,35.5237],[140.2252,35.5248],[140.2321,35.5334],[140.2312,35.5365],[140.2273,35.5409],[140.2232,35.5431],[140.2178,35.544],[140.213,35.542],[140.2093,35.5454],[140.203,35.5423],[140.2013,35.5395],[140.1943,35.5433],[140.1921,35.5411],[140.1912,35.5365],[140.188,35.5363],[140.1791,35.5327],[140.1747,35.5334],[140.1715,35.5361],[140.1652,35.536],[140.162,35.538],[140.1589,35.5355],[140.1528,35.5407],[140.1424,35.548],[140.138,35.5511],[140.1354,35.5489],[140.1389,35.5464],[140.1354,35.5425],[140.1301,35.5471],[140.1238,35.5478],[140.121,35.5513],[140.1156,35.5506]]]]}},{"type":"Feature","properties":{"code":"12211","ja":"成田市","pref":"chiba","kind":"city"},"geometry":{"type":"MultiPolygon","coordinates":[[[[140.2894,35.8715],[140.2999,35.8667],[140.3083,35.8646],[140.317,35.8644],[140.3231,35.8661],[140.3349,35.8724],[140.3419,35.8787],[140.3484,35.8833],[140.3531,35.892],[140.3569,35.8957],[140.3637,35.8994],[140.3758,35.9024],[140.3755,35.8952],[140.3797,35.8913],[140.3838,35.8895],[140.3851,35.885],[140.3914,35.8862],[140.392,35.8832],[140.4009,35.8723],[140.4005,35.8672],[140.398,35.8607],[140.3942,35.8576],[140.3944,35.8528],[140.403,35.8535],[140.4044,35.8562],[140.4081,35.857],[140.417,35.8656],[140.4224,35.8663],[140.4227,35.8607],[140.4281,35.8637],[140.4327,35.8643],[140.4373,35.8633],[140.4405,35.8679],[140.4466,35.8652],[140.4523,35.8704],[140.456,35.8652],[140.4603,35.8628],[140.4631,35.855],[140.4659,35.8523],[140.4725,35.851],[140.4722,35.8443],[140.4639,35.8453],[140.463,35.8417],[140.4641,35.838],[140.4688,35.8377],[140.4685,35.8339],[140.4559,35.8263],[140.455,35.8181],[140.466,35.8224],[140.468,35.8207],[140.4609,35.8148],[140.4523,35.8113],[140.4519,35.8071],[140.4444,35.8034],[140.4451,35.7997],[140.4432,35.7929],[140.4431,35.7886],[140.4404,35.7867],[140.4365,35.7882],[140.4331,35.7861],[140.4362,35.7808],[140.4238,35.7753],[140.4171,35.7758],[140.4178,35.7813],[140.414,35.7854],[140.4075,35.7865],[140.4022,35.7834],[140.4029,35.7749],[140.3964,35.7725],[140.3934,35.7679],[140.3998,35.7634],[140.3969,35.7617],[140.3959,35.7567],[140.4019,35.7533],[140.3996,35.7421],[140.3916,35.7403],[140.3885,35.7421],[140.3851,35.7407],[140.3845,35.7362],[140.3868,35.7315],[140.3924,35.7296],[140.3933,35.7278],[140.387,35.7233],[140.3794,35.7288],[140.3795,35.7323],[140.3767,35.7379],[140.368,35.7394],[140.3678,35.7313],[140.3628,35.732],[140.3624,35.742],[140.3566,35.7456],[140.3552,35.7515],[140.3424,35.7618],[140.3318,35.7653],[140.3286,35.7722],[140.325,35.7772],[140.3225,35.7777],[140.3195,35.7737],[140.3172,35.768],[140.3122,35.7598],[140.314,35.7556],[140.3088,35.7507],[140.3031,35.7478],[140.3005,35.7476],[140.2988,35.7524],[140.2942,35.7548],[140.292,35.7575],[140.2887,35.7575],[140.2896,35.7522],[140.2838,35.7515],[140.2834,35.7536],[140.2794,35.7574],[140.2738,35.7546],[140.2705,35.7554],[140.2633,35.7548],[140.2615,35.7602],[140.2578,35.7642],[140.2589,35.7684],[140.2596,35.778],[140.2503,35.7849],[140.2492,35.7889],[140.2516,35.8004],[140.2572,35.8115],[140.2556,35.8136],[140.2664,35.8195],[140.268,35.8233],[140.275,35.8212],[140.2787,35.8187],[140.2814,35.8237],[140.2861,35.8286],[140.2826,35.8322],[140.2818,35.8392],[140.2799,35.8413],[140.2796,35.8467],[140.2741,35.8482],[140.275,35.8512],[140.2802,35.852],[140.2822,35.8592],[140.288,35.8701],[140.2894,35.8715]]]]}},{"type":"Feature","properties":{"code":"12227","ja":"浦安市","pref":"chiba","kind":"city"},"geometry":{"type":"MultiPolygon","coordinates":[[[[139.886,35.6711],[139.8884,35.6727],[139.8931,35.6726],[139.9009,35.6689],[139.9021,35.6661],[139.9183,35.6554],[139.9369,35.6432],[139.9395,35.6404],[139.91,35.6245],[139.9048,35.6286],[139.8995,35.629],[139.9069,35.6231],[139.9058,35.6214],[139.8976,35.6166],[139.8961,35.6174],[139.8935,35.6248],[139.8884,35.6218],[139.8726,35.6255],[139.8725,35.633],[139.875,35.6373],[139.8741,35.64],[139.8835,35.6451],[139.8874,35.6562],[139.8873,35.6688],[139.886,35.6711]]]]}},{"type":"Feature","properties":{"code":"13104","ja":"新宿区","pref":"tokyo","kind":"city"},"geometry":{"type":"MultiPolygon","coordinates":[[[[139.7458,35.7029],[139.7362,35.6922],[139.7316,35.6897],[139.73,35.6854],[139.7315,35.6815],[139.7267,35.6793],[139.7196,35.6783],[139.7195,35.6745],[139.7166,35.6734],[139.7129,35.6773],[139.7148,35.6809],[139.7073,35.6845],[139.7057,35.688],[139.7021,35.6892],[139.695,35.6866],[139.6877,35.6816],[139.6832,35.6887],[139.684,35.692],[139.6884,35.6994],[139.6874,35.7018],[139.69,35.7115],[139.6828,35.7102],[139.6815,35.714],[139.6764,35.7197],[139.6752,35.7237],[139.6773,35.7294],[139.6814,35.7271],[139.6827,35.7237],[139.6939,35.7222],[139.7046,35.723],[139.7059,35.7188],[139.7058,35.7134],[139.7225,35.7123],[139.726,35.7092],[139.7359,35.7092],[139.7428,35.7081],[139.7458,35.7029]]]]}},{"type":"Feature","properties":{"code":"14100","ja":"横浜市","pref":"kanagawa","kind":"designated"},"geometry":{"type":"MultiPolygon","coordinates":[[[[139.6947,35.4653],[139.6948,35.4638],[139.6847,35.4588],[139.6884,35.4569],[139.698,35.4609],[139.7023,35.4551],[139.6955,35.4498],[139.6771,35.4581],[139.6731,35.4606],[139.6725,35.4652],[139.6924,35.472],[139.6947,35.4653]]],[[[139.7253,35.4698],[139.7127,35.4642],[139.7059,35.4745],[139.7003,35.4787],[139.7022,35.4805],[139.7145,35.4862],[139.7253,35.4698]]],[[[139.6316,35.3252],[139.6245,35.3188],[139.614,35.3166],[139.6094,35.3126],[139.6021,35.317],[139.5962,35.3164],[139.5931,35.3205],[139.5929,35.3241],[139.5887,35.3301],[139.5878,35.3366],[139.5736,35.3369],[139.5729,35.3424],[139.5696,35.3476],[139.5611,35.3463],[139.5576,35.3472],[139.5541,35.3518],[139.5484,35.3554],[139.549,35.3596],[139.5442,35.3629],[139.5421,35.357],[139.5373,35.357],[139.5363,35.3549],[139.5304,35.3542],[139.5308,35.357],[139.5255,35.3568],[139.5215,35.3615],[139.5187,35.3615],[139.514,35.3624],[139.5026,35.3675],[139.498,35.3622],[139.4953,35.3577],[139.4858,35.3594],[139.4886,35.3658],[139.4899,35.3718],[139.4935,35.3751],[139.4915,35.3796],[139.4859,35.3823],[139.4842,35.3873],[139.4787,35.3917],[139.477,35.4],[139.4749,35.4017],[139.4763,35.4051],[139.4756,35.4102],[139.478,35.4199],[139.4728,35.4241],[139.474,35.4308],[139.4732,35.4358],[139.4807,35.4486],[139.4743,35.4569],[139.4722,35.4622],[139.4745,35.4698],[139.4719,35.4721],[139.4701,35.4781],[139.4696,35.4853],[139.4706,35.4926],[139.4663,35.4953],[139.465,35.4981],[139.4678,35.5024],[139.4763,35.5013],[139.4848,35.5041],[139.4811,35.5053],[139.477,35.5112],[139.4832,35.5191],[139.4864,35.5203],[139.4877,35.5279],[139.4857,35.5313],[139.4868,35.5355],[139.4816,35.5399],[139.4803,35.5431],[139.4824,35.5474],[139.482,35.5556],[139.4797,35.5594],[139.4705,35.5604],[139.4683,35.5633],[139.4699,35.5699],[139.4754,35.5714],[139.4828,35.5714],[139.4864,35.569],[139.491,35.5614],[139.4962,35.5646],[139.5005,35.5704],[139.5065,35.5717],[139.507,35.5758],[139.5094,35.5721],[139.5128,35.5696],[139.5127,35.5672],[139.5217,35.5711],[139.5242,35.5735],[139.5249,35.579],[139.529,35.5822],[139.5266,35.586],[139.5283,35.5877],[139.5265,35.5925],[139.5366,35.5913],[139.5558,35.5874],[139.5618,35.5828],[139.5651,35.5788],[139.5678,35.5714],[139.5717,35.5716],[139.5749,35.5691],[139.58,35.5692],[139.6006,35.5655],[139.61,35.5646],[139.6135,35.561],[139.6264,35.5625],[139.6333,35.5614],[139.6429,35.5583],[139.6483,35.5598],[139.6523,35.5568],[139.6582,35.5548],[139.6569,35.5485],[139.6545,35.5428],[139.6555,35.5388],[139.6664,35.533],[139.6749,35.5372],[139.6779,35.5397],[139.6849,35.54],[139.685,35.5346],[139.6836,35.5314],[139.6887,35.5263],[139.6882,35.5226],[139.6916,35.5194],[139.6966,35.5058],[139.6989,35.5027],[139.7034,35.5045],[139.7047,35.501],[139.7115,35.4908],[139.6962,35.484],[139.6932,35.4924],[139.6883,35.4898],[139.6928,35.4814],[139.6895,35.4789],[139.6865,35.4798],[139.6818,35.4784],[139.6818,35.4729],[139.6756,35.4712],[139.6746,35.4695],[139.6684,35.4678],[139.6679,35.4736],[139.6731,35.4751],[139.6673,35.4835],[139.6691,35.4774],[139.6539,35.4767],[139.6515,35.4815],[139.6483,35.4804],[139.6515,35.4764],[139.6447,35.476],[139.6419,35.4734],[139.6381,35.4652],[139.6335,35.4649],[139.6384,35.4638],[139.6381,35.4573],[139.6355,35.4554],[139.6385,35.4568],[139.6441,35.4538],[139.6467,35.4481],[139.6518,35.4451],[139.6571,35.4513],[139.6616,35.4493],[139.6636,35.4467],[139.657,35.4443],[139.6603,35.4413],[139.6641,35.4428],[139.6704,35.4513],[139.6743,35.4496],[139.6685,35.4402],[139.6711,35.4388],[139.6753,35.4457],[139.6815,35.4416],[139.6754,35.4316],[139.6783,35.4303],[139.6853,35.442],[139.6906,35.4392],[139.6854,35.4266],[139.6812,35.4264],[139.678,35.4162],[139.6813,35.415],[139.6794,35.4108],[139.6695,35.4028],[139.6689,35.4064],[139.6658,35.4085],[139.6632,35.4066],[139.6526,35.413],[139.6423,35.4115],[139.6338,35.4084],[139.631,35.411],[139.6277,35.4091],[139.6313,35.4048],[139.6418,35.4069],[139.6453,35.4028],[139.6321,35.4004],[139.626,35.4016],[139.6222,35.3961],[139.6246,35.3917],[139.6313,35.3945],[139.6365,35.3903],[139.6274,35.3862],[139.6292,35.384],[139.6338,35.3828],[139.6397,35.3854],[139.6456,35.3905],[139.6531,35.3873],[139.6511,35.3827],[139.6459,35.3781],[139.6504,35.3732],[139.6542,35.3747],[139.6564,35.3726],[139.6565,35.3665],[139.6509,35.3664],[139.651,35.3598],[139.6548,35.3536],[139.6569,35.3535],[139.6569,35.342],[139.6458,35.3397],[139.639,35.3407],[139.6338,35.336],[139.6349,35.3327],[139.6298,35.3296],[139.6234,35.3301],[139.6316,35.3252]]],[[[139.6457,35.4747],[139.6504,35.4744],[139.656,35.4702],[139.6523,35.467],[139.6529,35.4636],[139.642,35.4717],[139.6457,35.4747]]],[[[139.6921,35.4101],[139.6854,35.4046],[139.6892,35.3988],[139.6823,35.3931],[139.6793,35.3952],[139.6853,35.4019],[139.6822,35.4045],[139.6764,35.3997],[139.6711,35.4029],[139.6802,35.4101],[139.6842,35.409],[139.6889,35.4128],[139.6921,35.4101]]],[[[139.6343,35.3304],[139.6381,35.3271],[139.6336,35.3231],[139.6295,35.3289],[139.6343,35.3304]]],[[[139.6458,35.3387],[139.6458,35.3344],[139.6417,35.3357],[139.6458,35.3387]]]]}},{"type":"Feature","properties":{"code":"14130","ja":"川崎市","pref":"kanagawa","kind":"designated"},"geometry":{"type":"MultiPolygon","coordinates":[[[[139.7253,35.4698],[139.7145,35.4862],[139.7341,35.4946],[139.739,35.4891],[139.735,35.4874],[139.7418,35.477],[139.7253,35.4698]]],[[[139.7712,35.5062],[139.776,35.5034],[139.7787,35.4996],[139.7456,35.485],[139.7405,35.4882],[139.7362,35.4944],[139.7612,35.5057],[139.7712,35.5062]]],[[[139.7569,35.5267],[139.7589,35.5264],[139.7661,35.5135],[139.7649,35.5116],[139.7538,35.5086],[139.7518,35.5094],[139.7485,35.5183],[139.7489,35.5199],[139.7569,35.5267]]],[[[139.7765,35.5345],[139.7744,35.5322],[139.7876,35.5245],[139.7902,35.52],[139.7961,35.5186],[139.7916,35.5134],[139.7942,35.5117],[139.7907,35.5079],[139.7802,35.5133],[139.7762,35.5096],[139.7701,35.5138],[139.761,35.5302],[139.7564,35.5303],[139.7559,35.5277],[139.746,35.519],[139.749,35.5093],[139.7488,35.5069],[139.7338,35.5006],[139.7324,35.5099],[139.73,35.5112],[139.7313,35.499],[139.7115,35.4908],[139.7047,35.501],[139.7034,35.5045],[139.6989,35.5027],[139.6966,35.5058],[139.6916,35.5194],[139.6882,35.5226],[139.6887,35.5263],[139.6836,35.5314],[139.685,35.5346],[139.6849,35.54],[139.6779,35.5397],[139.6749,35.5372],[139.6664,35.533],[139.6555,35.5388],[139.6545,35.5428],[139.6569,35.5485],[139.6582,35.5548],[139.6523,35.5568],[139.6483,35.5598],[139.6429,35.5583],[139.6333,35.5614],[139.6264,35.5625],[139.6135,35.561],[139.61,35.5646],[139.6006,35.5655],[139.58,35.5692],[139.5749,35.5691],[139.5717,35.5716],[139.5678,35.5714],[139.5651,35.5788],[139.5618,35.5828],[139.5558,35.5874],[139.5366,35.5913],[139.5265,35.5925],[139.5283,35.5877],[139.5266,35.586],[139.529,35.5822],[139.5249,35.579],[139.5242,35.5735],[139.5217,35.5711],[139.5127,35.5672],[139.5128,35.5696],[139.5094,35.5721],[139.507,35.5758],[139.5054,35.5748],[139.4992,35.581],[139.4939,35.5828],[139.4944,35.5863],[139.4819,35.5953],[139.4792,35.5957],[139.4768,35.5995],[139.4712,35.6011],[139.4703,35.6035],[139.4638,35.6092],[139.4574,35.6072],[139.4529,35.6075],[139.4493,35.6118],[139.4524,35.6158],[139.4642,35.6245],[139.468,35.6205],[139.4762,35.6189],[139.4767,35.6153],[139.4812,35.61],[139.4865,35.6085],[139.489,35.6047],[139.494,35.6058],[139.4975,35.6049],[139.4999,35.6073],[139.4957,35.6123],[139.4949,35.6174],[139.5033,35.6228],[139.5145,35.6247],[139.5174,35.6307],[139.5232,35.6321],[139.5211,35.6368],[139.5254,35.6426],[139.5308,35.6419],[139.5359,35.6395],[139.5477,35.6367],[139.5494,35.6344],[139.5586,35.6338],[139.562,35.6326],[139.5711,35.6244],[139.5773,35.6218],[139.5863,35.6204],[139.5902,35.6184],[139.5966,35.6185],[139.6001,35.6184],[139.6047,35.6158],[139.6122,35.6158],[139.618,35.6139],[139.6248,35.6098],[139.6311,35.6072],[139.6433,35.5981],[139.6551,35.5901],[139.6633,35.5898],[139.6693,35.5847],[139.6712,35.5785],[139.6764,35.566],[139.6811,35.5614],[139.6896,35.5573],[139.6977,35.5561],[139.703,35.5533],[139.7035,35.5494],[139.6984,35.5454],[139.6979,35.5414],[139.7035,35.5366],[139.7107,35.5365],[139.7173,35.538],[139.7261,35.5435],[139.7346,35.5409],[139.7394,35.5451],[139.7468,35.5438],[139.7565,35.5445],[139.7679,35.5395],[139.7765,35.5345]]],[[[139.4699,35.5699],[139.4733,35.5738],[139.4733,35.5766],[139.476,35.5808],[139.4822,35.5817],[139.4849,35.5846],[139.4898,35.5836],[139.4862,35.5785],[139.4828,35.5714],[139.4754,35.5714],[139.4699,35.5699]]]]}},{"type":"Feature","properties":{"code":"14150","ja":"相模原市","pref":"kanagawa","kind":"designated"},"geometry":{"type":"Polygon","coordinates":[[[139.1617,35.6679],[139.1672,35.6619],[139.1694,35.6515],[139.1753,35.6498],[139.1792,35.6456],[139.184,35.6451],[139.1916,35.6474],[139.1926,35.6504],[139.1981,35.6529],[139.2053,35.6515],[139.2114,35.6491],[139.2158,35.6456],[139.2144,35.6414],[139.2155,35.637],[139.2214,35.6295],[139.2203,35.6255],[139.2255,35.6238],[139.2288,35.6202],[139.2299,35.6146],[139.238,35.6093],[139.2386,35.607],[139.2469,35.6052],[139.2523,35.6016],[139.2577,35.6042],[139.2648,35.6025],[139.2658,35.6074],[139.2688,35.6093],[139.2799,35.6115],[139.2829,35.6133],[139.2926,35.6118],[139.2969,35.6095],[139.2992,35.6062],[139.3048,35.6047],[139.3141,35.6044],[139.3206,35.6065],[139.3295,35.6037],[139.3379,35.6044],[139.3567,35.599],[139.3614,35.5991],[139.3728,35.595],[139.3771,35.5917],[139.3853,35.5882],[139.3886,35.5885],[139.3912,35.5853],[139.3992,35.5846],[139.4012,35.5775],[139.4033,35.5756],[139.409,35.5753],[139.4135,35.5662],[139.4183,35.5617],[139.4225,35.5594],[139.4239,35.5559],[139.4288,35.5503],[139.4361,35.5468],[139.4408,35.543],[139.4452,35.5411],[139.4487,35.5353],[139.4583,35.528],[139.4549,35.5227],[139.4558,35.5204],[139.4473,35.5168],[139.4428,35.5123],[139.4293,35.5073],[139.4277,35.5114],[139.4205,35.5154],[139.411,35.5066],[139.4098,35.5024],[139.4069,35.4993],[139.3996,35.4966],[139.3953,35.4975],[139.3877,35.4909],[139.374,35.4918],[139.3763,35.5031],[139.3766,35.5128],[139.3754,35.5173],[139.3639,35.5208],[139.3551,35.5269],[139.3546,35.5274],[139.3507,35.5301],[139.3436,35.5331],[139.3254,35.544],[139.3173,35.5381],[139.3129,35.5419],[139.3074,35.5447],[139.3036,35.5483],[139.3032,35.5515],[139.2978,35.5535],[139.2944,35.5565],[139.2866,35.5562],[139.2767,35.5458],[139.2672,35.55],[139.2623,35.5502],[139.2498,35.5469],[139.2481,35.5425],[139.241,35.5385],[139.2383,35.5342],[139.2318,35.532],[139.2298,35.5364],[139.2201,35.5346],[139.2175,35.5326],[139.2228,35.5286],[139.2174,35.5249],[139.2155,35.5211],[139.2109,35.5206],[139.2094,35.5155],[139.2045,35.5139],[139.1996,35.5069],[139.1922,35.5062],[139.1813,35.4972],[139.1756,35.4899],[139.1667,35.483],[139.1657,35.4787],[139.1629,35.4745],[139.1575,35.4784],[139.151,35.4767],[139.1484,35.4777],[139.1467,35.4832],[139.1401,35.4862],[139.1301,35.4847],[139.1266,35.4781],[139.117,35.4779],[139.1145,35.477],[139.1084,35.4789],[139.1024,35.4789],[139.0966,35.4865],[139.0911,35.4881],[139.0903,35.4906],[139.0867,35.493],[139.0743,35.4961],[139.0734,35.4998],[139.0676,35.5041],[139.066,35.5094],[139.0686,35.5109],[139.0744,35.5099],[139.0807,35.5128],[139.0858,35.5121],[139.0943,35.5218],[139.1041,35.5269],[139.1066,35.5322],[139.1139,35.5385],[139.1117,35.5445],[139.112,35.5498],[139.1153,35.5537],[139.1213,35.5561],[139.1284,35.5627],[139.1297,35.567],[139.127,35.5717],[139.1282,35.5752],[139.1278,35.581],[139.124,35.5822],[139.1215,35.5869],[139.1246,35.5926],[139.1294,35.5946],[139.133,35.6065],[139.1324,35.6089],[139.1278,35.6127],[139.1337,35.6158],[139.1298,35.6179],[139.1261,35.623],[139.1234,35.6241],[139.1244,35.6307],[139.1236,35.6341],[139.1269,35.6419],[139.1172,35.6549],[139.1201,35.6575],[139.1198,35.6604],[139.1239,35.663],[139.1275,35.6672],[139.13,35.6676],[139.1314,35.672],[139.1367,35.6724],[139.1472,35.6668],[139.1536,35.6661],[139.1617,35.6679]]]}},{"type":"Feature","properties":{"code":"14382","ja":"箱根町","pref":"kanagawa","kind":"city"},"geometry":{"type":"MultiPolygon","coordinates":[[[[139.06,35.2718],[139.0631,35.2651],[139.0649,35.2565],[139.069,35.2551],[139.0649,35.2509],[139.0589,35.2477],[139.0671,35.2413],[139.0725,35.2421],[139.0835,35.2339],[139.0867,35.2351],[139.0913,35.2401],[139.0919,35.2435],[139.0976,35.2423],[139.0998,35.2398],[139.1035,35.2404],[139.1091,35.2387],[139.1178,35.2401],[139.1203,35.2367],[139.1141,35.2322],[139.1156,35.2279],[139.1105,35.2261],[139.1007,35.2251],[139.0922,35.2207],[139.0851,35.2147],[139.0837,35.2071],[139.0817,35.2029],[139.0767,35.2002],[139.0748,35.2013],[139.0704,35.1967],[139.0641,35.1929],[139.0568,35.1898],[139.0494,35.1853],[139.0462,35.1813],[139.0408,35.1778],[139.0354,35.1761],[139.0265,35.1754],[139.0216,35.1795],[139.0216,35.1819],[139.0138,35.1824],[139.009,35.1835],[139.0016,35.1898],[138.993,35.1988],[138.9878,35.2009],[138.9864,35.2056],[138.9878,35.2127],[138.9823,35.2176],[138.9836,35.2217],[138.9806,35.2283],[138.9795,35.2332],[138.9761,35.2356],[138.9787,35.2394],[138.976,35.2419],[138.9744,35.2478],[138.9755,35.2519],[138.9744,35.2562],[138.9754,35.2638],[138.9815,35.2696],[138.9822,35.2734],[138.986,35.2783],[138.9932,35.2849],[138.9972,35.2887],[139.0046,35.2899],[139.01,35.2852],[139.0107,35.2825],[139.016,35.2816],[139.0175,35.2792],[139.0261,35.2775],[139.0307,35.2741],[139.0365,35.2782],[139.0494,35.2817],[139.0523,35.2797],[139.056,35.2742],[139.06,35.2718]]]]}},{"type":"Feature","properties":{"code":"15100","ja":"新潟市","pref":"niigata","kind":"designated"},"geometry":{"type":"Polygon","coordinates":[[[139.2331,37.9658],[139.2312,37.9634],[139.2356,37.9556],[139.2317,37.9481],[139.2348,37.9464],[139.2424,37.9468],[139.2484,37.9465],[139.2593,37.9377],[139.2567,37.9355],[139.2497,37.9333],[139.2482,37.9262],[139.2477,37.9162],[139.2531,37.9183],[139.2557,37.9145],[139.2553,37.9118],[139.2621,37.9082],[139.2654,37.9019],[139.2618,37.9002],[139.2631,37.8962],[139.2605,37.8922],[139.2594,37.8874],[139.2603,37.8836],[139.2555,37.8832],[139.2491,37.8898],[139.2452,37.8757],[139.2362,37.8749],[139.236,37.8698],[139.2331,37.8645],[139.2268,37.8636],[139.2122,37.8646],[139.2055,37.8669],[139.2033,37.8655],[139.1983,37.8661],[139.1962,37.8631],[139.192,37.8621],[139.1782,37.8648],[139.167,37.8562],[139.1653,37.8538],[139.159,37.8505],[139.158,37.8457],[139.1519,37.8449],[139.1527,37.8422],[139.1584,37.8362],[139.1667,37.8346],[139.1739,37.8321],[139.1771,37.8295],[139.1772,37.8249],[139.1749,37.8217],[139.1695,37.8208],[139.1633,37.8232],[139.1529,37.8182],[139.1509,37.8151],[139.1529,37.8096],[139.1553,37.8075],[139.1639,37.8074],[139.1752,37.8059],[139.1784,37.8048],[139.18,37.7995],[139.1749,37.7934],[139.1738,37.7871],[139.1751,37.7812],[139.177,37.7798],[139.1834,37.7807],[139.1886,37.7788],[139.1903,37.7763],[139.1878,37.7739],[139.1805,37.7774],[139.169,37.7746],[139.1708,37.7697],[139.1592,37.7653],[139.155,37.7677],[139.1528,37.7653],[139.1474,37.7632],[139.1459,37.76],[139.1475,37.7558],[139.1452,37.752],[139.1405,37.7533],[139.1333,37.7478],[139.1339,37.7446],[139.1308,37.742],[139.1313,37.738],[139.1279,37.7355],[139.1209,37.7329],[139.1113,37.7344],[139.1091,37.7306],[139.1114,37.7282],[139.1079,37.7257],[139.1032,37.7293],[139.0979,37.7301],[139.0992,37.734],[139.0929,37.7333],[139.0879,37.7315],[139.0867,37.7278],[139.0827,37.7267],[139.0775,37.7299],[139.0758,37.7277],[139.0687,37.7306],[139.0617,37.7282],[139.0594,37.7258],[139.0472,37.7195],[139.0421,37.7103],[139.0363,37.7061],[139.0325,37.7007],[139.0325,37.6935],[139.025,37.6946],[139.0238,37.6987],[139.0261,37.7035],[139.0249,37.7058],[139.0169,37.7106],[139.0135,37.71],[139.0065,37.7039],[139.0009,37.7037],[138.9927,37.6956],[138.9901,37.6854],[138.9927,37.6797],[138.9839,37.6789],[138.9683,37.6795],[138.9669,37.6807],[138.9743,37.6819],[138.9726,37.6885],[138.9702,37.69],[138.9648,37.6897],[138.9616,37.6926],[138.9653,37.6995],[138.966,37.7053],[138.9619,37.7059],[138.9559,37.7032],[138.949,37.7026],[138.9459,37.7046],[138.9467,37.708],[138.9463,37.7158],[138.9404,37.7201],[138.9306,37.7212],[138.9305,37.7255],[138.9328,37.7304],[138.9303,37.7321],[138.9229,37.7298],[138.9149,37.7302],[138.9119,37.7185],[138.9001,37.7143],[138.8927,37.7142],[138.8876,37.7114],[138.8842,37.7134],[138.8719,37.7114],[138.8652,37.7067],[138.8515,37.7091],[138.8456,37.7115],[138.8443,37.7146],[138.833,37.7144],[138.8164,37.7184],[138.8132,37.716],[138.8124,37.7121],[138.8084,37.7068],[138.7972,37.7102],[138.7914,37.7055],[138.7856,37.7072],[138.7873,37.7103],[138.7849,37.7151],[138.7861,37.7209],[138.7935,37.731],[138.7958,37.7367],[138.7969,37.745],[138.7998,37.7488],[138.8012,37.7554],[138.8035,37.7583],[138.8099,37.7698],[138.8136,37.7797],[138.8155,37.7818],[138.8161,37.7881],[138.8213,37.7943],[138.834,37.8073],[138.8353,37.8105],[138.8395,37.8135],[138.8453,37.8191],[138.8597,37.8319],[138.8696,37.8391],[138.8922,37.8531],[138.9176,37.8652],[138.9221,37.869],[138.9383,37.8759],[138.9406,37.8784],[138.9451,37.8792],[138.9556,37.8839],[138.9685,37.8917],[138.9718,37.8928],[138.9792,37.8975],[138.9864,37.9007],[138.9887,37.9029],[139.0006,37.9083],[139.0036,37.9108],[139.0231,37.9217],[139.0307,37.9269],[139.0421,37.9333],[139.0473,37.9378],[139.0534,37.9413],[139.0518,37.9431],[139.058,37.9465],[139.0662,37.9444],[139.0692,37.9485],[139.075,37.9488],[139.0762,37.9515],[139.0834,37.9536],[139.0932,37.9554],[139.0944,37.9585],[139.1092,37.9585],[139.1233,37.9622],[139.1241,37.9602],[139.132,37.9622],[139.1547,37.9687],[139.1683,37.9734],[139.1718,37.9738],[139.1924,37.9793],[139.2,37.9821],[139.2043,37.9851],[139.2048,37.9885],[139.2151,37.9931],[139.2176,37.9897],[139.2212,37.9894],[139.2284,37.9755],[139.2193,37.9695],[139.2217,37.9677],[139.2278,37.9711],[139.2303,37.9702],[139.2331,37.9658]]]}},{"type":"Feature","properties":{"code":"16201","ja":"富山市","pref":"toyama","kind":"city"},"geometry":{"type":"MultiPolygon","coordinates":[[[[137.316,36.7586],[137.3166,36.7541],[137.3205,36.7544],[137.3234,36.7507],[137.3281,36.7511],[137.3309,36.747],[137.3308,36.7445],[137.3367,36.7428],[137.3388,36.7386],[137.3351,36.7342],[137.3364,36.732],[137.341,36.7308],[137.3434,36.7261],[137.3371,36.724],[137.3319,36.7262],[137.3214,36.7269],[137.3223,36.7204],[137.3258,36.7162],[137.3191,36.7161],[137.3168,36.7121],[137.3102,36.7091],[137.3057,36.7131],[137.3001,36.7106],[137.2932,36.7039],[137.291,36.6982],[137.2857,36.6959],[137.2776,36.695],[137.2833,36.6729],[137.2835,36.6677],[137.2826,36.6516],[137.2848,36.6414],[137.2884,36.6347],[137.294,36.6272],[137.3035,36.6163],[137.3097,36.6105],[137.3177,36.5988],[137.319,36.5921],[137.3246,36.5859],[137.3314,36.583],[137.3338,36.5793],[137.3388,36.5764],[137.3455,36.5743],[137.354,36.5735],[137.36,36.5712],[137.3734,36.5722],[137.3878,36.5767],[137.3916,36.5762],[137.4054,36.5794],[137.419,36.584],[137.4253,36.5827],[137.4318,36.5832],[137.4372,36.5851],[137.4419,36.5836],[137.4425,36.5808],[137.4491,36.5793],[137.4569,36.5726],[137.4673,36.5703],[137.4743,36.5658],[137.4817,36.5669],[137.4879,36.5653],[137.4982,36.5576],[137.5015,36.5589],[137.5093,36.5529],[137.5084,36.549],[137.5109,36.5471],[137.5185,36.5462],[137.522,36.5446],[137.5296,36.5482],[137.5375,36.5489],[137.5431,36.5459],[137.5591,36.5507],[137.563,36.5534],[137.5668,36.5534],[137.5709,36.5557],[137.5795,36.555],[137.5834,36.5557],[137.5907,36.5542],[137.5997,36.5477],[137.6471,36.5248],[137.6489,36.5223],[137.6556,36.5196],[137.6621,36.5237],[137.6723,36.5265],[137.6804,36.5232],[137.6915,36.5196],[137.6972,36.5225],[137.6994,36.5267],[137.7036,36.5267],[137.7027,36.5247],[137.7054,36.5178],[137.6969,36.5145],[137.6942,36.5106],[137.6901,36.5137],[137.683,36.5126],[137.6772,36.5143],[137.6742,36.5109],[137.6687,36.5095],[137.6668,36.5001],[137.6677,36.4959],[137.6662,36.4932],[137.6576,36.4931],[137.652,36.4882],[137.6508,36.4801],[137.6566,36.4704],[137.6547,36.4636],[137.6551,36.4587],[137.6518,36.4582],[137.6494,36.4549],[137.6453,36.4546],[137.6431,36.4487],[137.6398,36.4459],[137.6378,36.4314],[137.6333,36.4251],[137.6226,36.4236],[137.6174,36.4186],[137.6138,36.4194],[137.6092,36.4179],[137.6073,36.413],[137.6038,36.4088],[137.6053,36.4026],[137.6007,36.3995],[137.5967,36.3944],[137.5938,36.3936],[137.5924,36.3897],[137.5873,36.3898],[137.5808,36.3912],[137.5776,36.393],[137.5735,36.3926],[137.5712,36.3891],[137.5682,36.3894],[137.5595,36.3875],[137.5487,36.3904],[137.5457,36.3899],[137.5399,36.3927],[137.5353,36.398],[137.5328,36.3989],[137.5299,36.4033],[137.5251,36.4037],[137.5202,36.4061],[137.5127,36.4164],[137.5117,36.4234],[137.5042,36.4258],[137.4969,36.4262],[137.4914,36.4236],[137.483,36.4237],[137.4739,36.4254],[137.4729,36.4223],[137.4683,36.4169],[137.4608,36.4123],[137.4525,36.4161],[137.4422,36.4143],[137.436,36.4204],[137.4208,36.4228],[137.4172,36.4257],[137.4102,36.4247],[137.4038,36.4273],[137.4003,36.4324],[137.3953,36.4364],[137.3948,36.4482],[137.3962,36.4503],[137.3949,36.4555],[137.3891,36.4572],[137.3798,36.455],[137.3781,36.4528],[137.3735,36.4536],[137.3666,36.4509],[137.3615,36.4501],[137.3577,36.4432],[137.3592,36.4381],[137.358,36.4363],[137.3513,36.4347],[137.3501,36.433],[137.3386,36.4339],[137.3332,36.4298],[137.3309,36.4308],[137.3246,36.4285],[137.3195,36.4245],[137.3129,36.4254],[137.3067,36.4322],[137.3051,36.4363],[137.3088,36.44],[137.3139,36.4417],[137.3121,36.4449],[137.3133,36.449],[137.3178,36.4512],[137.3168,36.4609],[137.3134,36.4611],[137.3066,36.4638],[137.3011,36.4615],[137.2984,36.4582],[137.286,36.4612],[137.2822,36.4645],[137.2778,36.4647],[137.264,36.4584],[137.2629,36.4554],[137.2564,36.4512],[137.2522,36.4581],[137.2476,36.4619],[137.2425,36.4576],[137.2401,36.4528],[137.2314,36.4443],[137.2222,36.4437],[137.2183,36.4387],[137.2132,36.438],[137.2125,36.4303],[137.2048,36.4326],[137.2049,36.4368],[137.1997,36.4415],[137.1982,36.446],[137.1947,36.4467],[137.1939,36.4536],[137.1909,36.455],[137.1759,36.4511],[137.1687,36.4554],[137.1636,36.4546],[137.1597,36.4564],[137.1548,36.4491],[137.1422,36.4432],[137.1436,36.4387],[137.137,36.4378],[137.1243,36.4221],[137.122,36.4172],[137.1171,36.4185],[137.1162,36.4161],[137.1115,36.4154],[137.1081,36.4099],[137.1091,36.4074],[137.1045,36.4047],[137.102,36.3992],[137.0961,36.3995],[137.0919,36.3964],[137.0948,36.3929],[137.0949,36.384],[137.0899,36.3828],[137.0787,36.3843],[137.0712,36.3799],[137.0655,36.3752],[137.0607,36.3743],[137.0584,36.372],[137.0507,36.3698],[137.047,36.3722],[137.0495,36.3769],[137.0486,36.3794],[137.0517,36.3867],[137.0539,36.3877],[137.0545,36.3929],[137.0583,36.3977],[137.0563,36.4073],[137.0561,36.4119],[137.0599,36.4198],[137.0622,36.427],[137.0573,36.4306],[137.0567,36.4352],[137.0547,36.4373],[137.0562,36.4415],[137.0598,36.4442],[137.0603,36.4468],[137.0642,36.4522],[137.0612,36.4616],[137.0589,36.4635],[137.0586,36.4689],[137.0599,36.4706],[137.055,36.4783],[137.0524,36.4934],[137.0534,36.4961],[137.0501,36.499],[137.0502,36.503],[137.0444,36.5063],[137.0382,36.5052],[137.0354,36.5016],[137.0314,36.5],[137.0286,36.5025],[137.0283,36.506],[137.0346,36.514],[137.0337,36.5292],[137.0326,36.5331],[137.0365,36.5395],[137.0361,36.541],[137.0375,36.5447],[137.0371,36.5507],[137.0383,36.5563],[137.0372,36.5652],[137.0408,36.5704],[137.0396,36.5799],[137.0456,36.5844],[137.0444,36.5896],[137.0492,36.5942],[137.0497,36.6007],[137.0538,36.6003],[137.0533,36.6132],[137.056,36.6187],[137.0538,36.6215],[137.0564,36.6266],[137.0565,36.6301],[137.0607,36.6355],[137.0654,36.6383],[137.064,36.6411],[137.0587,36.6448],[137.0516,36.6461],[137.0546,36.6479],[137.0569,36.6522],[137.0639,36.6568],[137.0666,36.6519],[137.0698,36.6527],[137.0731,36.6492],[137.0802,36.6637],[137.0874,36.6591],[137.0919,36.6689],[137.0914,36.6706],[137.0959,36.6754],[137.0964,36.6784],[137.0998,36.6836],[137.1077,36.6808],[137.1142,36.6858],[137.1171,36.6845],[137.1216,36.686],[137.1244,36.6907],[137.1221,36.6936],[137.125,36.6952],[137.1233,36.7023],[137.1191,36.7111],[137.1241,36.7119],[137.1245,36.7177],[137.1309,36.72],[137.1321,36.7252],[137.139,36.7242],[137.1459,36.7245],[137.1473,36.7315],[137.1502,36.7359],[137.1512,36.7406],[137.1593,36.7426],[137.1621,36.7449],[137.1667,36.7433],[137.1707,36.7441],[137.1748,36.7471],[137.179,36.7482],[137.1802,36.7579],[137.1897,36.7575],[137.1949,36.7611],[137.2046,36.7594],[137.2283,36.7616],[137.2292,36.7647],[137.2342,36.7644],[137.2428,36.7657],[137.2601,36.762],[137.2688,36.7617],[137.2952,36.757],[137.3014,36.7592],[137.3121,36.7593],[137.316,36.7586]]]]}},{"type":"Feature","properties":{"code":"17201","ja":"金沢市","pref":"ishikawa","kind":"city"},"geometry":{"type":"MultiPolygon","coordinates":[[[[136.7861,36.6296],[136.7842,36.6271],[136.7834,36.6151],[136.7858,36.6135],[136.7861,36.6088],[136.7895,36.6054],[136.7884,36.602],[136.7894,36.5973],[136.7882,36.593],[136.7942,36.5899],[136.7953,36.5834],[136.793,36.5802],[136.794,36.5766],[136.7909,36.5698],[136.7926,36.5683],[136.7995,36.5699],[136.8024,36.5688],[136.8078,36.562],[136.8118,36.5606],[136.8171,36.5528],[136.8167,36.5485],[136.8127,36.5409],[136.8128,36.5381],[136.8076,36.5305],[136.8039,36.5225],[136.8011,36.5206],[136.7994,36.5157],[136.7951,36.5108],[136.7971,36.5019],[136.7949,36.4963],[136.7989,36.4903],[136.8024,36.4903],[136.8026,36.4847],[136.7998,36.483],[136.7955,36.4748],[136.7957,36.4715],[136.7981,36.4689],[136.795,36.464],[136.7982,36.4618],[136.7891,36.4546],[136.789,36.4494],[136.7952,36.4435],[136.7863,36.4384],[136.7782,36.4309],[136.7744,36.4328],[136.7695,36.4307],[136.7686,36.4234],[136.7717,36.4203],[136.7697,36.4154],[136.7713,36.4141],[136.7788,36.4144],[136.7836,36.4095],[136.7854,36.4096],[136.7929,36.4023],[136.7951,36.4013],[136.7972,36.393],[136.7981,36.3842],[136.8005,36.3807],[136.8006,36.3694],[136.8066,36.3633],[136.8082,36.3587],[136.8059,36.3554],[136.7966,36.3521],[136.7953,36.3495],[136.7871,36.3483],[136.7845,36.3423],[136.7776,36.3382],[136.7708,36.3396],[136.7701,36.3461],[136.7592,36.35],[136.7556,36.3488],[136.748,36.3551],[136.7473,36.3572],[136.7419,36.3624],[136.7388,36.3625],[136.7359,36.3654],[136.7277,36.3687],[136.7208,36.3688],[136.716,36.3716],[136.716,36.3769],[136.711,36.3781],[136.71,36.3808],[136.7103,36.3914],[136.7056,36.3922],[136.6954,36.3899],[136.69,36.3896],[136.6844,36.394],[136.6828,36.3969],[136.6762,36.3992],[136.6734,36.4029],[136.6657,36.4035],[136.6621,36.4059],[136.6655,36.4116],[136.6655,36.4168],[136.6606,36.4182],[136.6571,36.4238],[136.6567,36.4265],[136.6582,36.4356],[136.6571,36.4404],[136.6501,36.4397],[136.6487,36.4453],[136.6502,36.4489],[136.6544,36.4517],[136.6504,36.4554],[136.648,36.461],[136.6454,36.463],[136.6466,36.4681],[136.6406,36.4699],[136.6362,36.4753],[136.6375,36.4782],[136.6435,36.4844],[136.6334,36.4852],[136.63,36.4897],[136.62,36.4961],[136.6135,36.4966],[136.613,36.5043],[136.6151,36.51],[136.6154,36.5232],[136.62,36.5257],[136.6284,36.5246],[136.6309,36.5313],[136.6296,36.5333],[136.622,36.5338],[136.6249,36.5375],[136.622,36.5445],[136.6172,36.5471],[136.612,36.546],[136.6113,36.541],[136.6052,36.5402],[136.6033,36.5445],[136.6008,36.5549],[136.5946,36.5528],[136.5946,36.5456],[136.5923,36.5452],[136.5909,36.5483],[136.5847,36.5516],[136.5801,36.5525],[136.5768,36.5629],[136.5696,36.5619],[136.5571,36.5677],[136.563,36.574],[136.5646,36.5772],[136.5851,36.5983],[136.5882,36.6063],[136.5865,36.6093],[136.5922,36.6154],[136.5944,36.6141],[136.6005,36.6205],[136.6027,36.6193],[136.6068,36.6217],[136.6085,36.6249],[136.6036,36.6281],[136.6134,36.639],[136.6183,36.639],[136.6245,36.6332],[136.6316,36.6281],[136.6329,36.6256],[136.6392,36.6302],[136.6405,36.6325],[136.6536,36.6441],[136.6667,36.652],[136.686,36.6742],[136.6967,36.6681],[136.6898,36.66],[136.7034,36.6523],[136.706,36.6488],[136.7105,36.6467],[136.7154,36.6472],[136.7264,36.6438],[136.7351,36.6424],[136.7431,36.6386],[136.7448,36.6361],[136.7488,36.6371],[136.7528,36.6354],[136.7553,36.6391],[136.7604,36.6388],[136.7614,36.6364],[136.768,36.6332],[136.7731,36.6347],[136.7784,36.6336],[136.7798,36.6298],[136.7861,36.6296]]]]}},{"type":"Feature","properties":{"code":"18201","ja":"福井市","pref":"fukui","kind":"city"},"geometry":{"type":"MultiPolygon","coordinates":[[[[136.2699,36.1041],[136.2774,36.1029],[136.2806,36.1036],[136.2813,36.0989],[136.2881,36.0984],[136.2884,36.0949],[136.2801,36.093],[136.2872,36.0828],[136.2922,36.0829],[136.2924,36.0788],[136.2887,36.0758],[136.2852,36.076],[136.2816,36.0741],[136.2845,36.0687],[136.2844,36.0632],[136.2864,36.0616],[136.2864,36.056],[136.2913,36.0529],[136.2934,36.0498],[136.2969,36.0497],[136.2972,36.0461],[136.3147,36.0414],[136.3185,36.0418],[136.3204,36.0477],[136.3289,36.0484],[136.3354,36.0526],[136.3406,36.0529],[136.3461,36.0425],[136.346,36.0396],[136.3508,36.0366],[136.3575,36.0359],[136.36,36.0339],[136.3674,36.0335],[136.3788,36.0432],[136.3843,36.047],[136.3902,36.0478],[136.4074,36.046],[136.4133,36.0425],[136.4256,36.0397],[136.432,36.0433],[136.441,36.0324],[136.4454,36.022],[136.453,36.018],[136.4578,36.0165],[136.4505,36.0123],[136.4489,36.0101],[136.4527,36.0059],[136.4547,36.0009],[136.4515,35.9969],[136.4562,35.9919],[136.4529,35.9872],[136.4488,35.9855],[136.4494,35.9818],[136.4524,35.9794],[136.4521,35.9742],[136.4563,35.9692],[136.4545,35.9588],[136.4563,35.9545],[136.4622,35.9532],[136.4654,35.9508],[136.4619,35.9447],[136.4615,35.9388],[136.4641,35.9328],[136.4548,35.9318],[136.4556,35.9286],[136.4637,35.9257],[136.4672,35.9215],[136.4606,35.9205],[136.4523,35.9214],[136.4386,35.9278],[136.4398,35.9322],[136.4361,35.9357],[136.4293,35.9383],[136.423,35.9388],[136.4174,35.943],[136.4067,35.9489],[136.4003,35.9482],[136.3893,35.9523],[136.3839,35.9512],[136.3754,35.9516],[136.3725,35.9492],[136.367,35.9478],[136.3583,35.9475],[136.3522,35.9423],[136.3505,35.9391],[136.3502,35.9343],[136.3456,35.9314],[136.3414,35.9328],[136.3386,35.9298],[136.3337,35.9287],[136.3339,35.9393],[136.3316,35.9429],[136.3349,35.9467],[136.3361,35.9514],[136.3328,35.9522],[136.3229,35.9518],[136.3231,35.9567],[136.3184,35.958],[136.3173,35.9635],[136.312,35.9661],[136.3038,35.9644],[136.3,35.9686],[136.2901,35.974],[136.2851,35.9736],[136.2825,35.9717],[136.2748,35.9721],[136.2711,35.978],[136.2673,35.978],[136.2594,35.9804],[136.2545,35.9793],[136.2389,35.9835],[136.2321,35.9906],[136.2263,35.9895],[136.2238,35.9905],[136.22,35.9879],[136.2187,35.9846],[136.2152,35.9833],[136.2151,35.9804],[136.2096,35.977],[136.2056,35.9712],[136.2038,35.9752],[136.2063,35.9857],[136.1946,35.9908],[136.1894,35.9911],[136.1798,35.9944],[136.1806,35.9992],[136.176,35.9998],[136.1682,35.9978],[136.1658,35.9962],[136.1605,35.9968],[136.1592,35.9937],[136.1552,35.9922],[136.1411,35.9922],[136.1362,35.9936],[136.135,35.9967],[136.128,36.0039],[136.1208,36.001],[136.1175,36.0025],[136.1102,36.0023],[136.0966,36.006],[136.0974,36.0092],[136.0933,36.0099],[136.0924,36.0127],[136.0868,36.0157],[136.0811,36.0143],[136.0818,36.0189],[136.0753,36.0212],[136.0719,36.0239],[136.0722,36.0281],[136.0666,36.0264],[136.0637,36.0277],[136.0573,36.0269],[136.0551,36.0151],[136.0482,36.0075],[136.0476,36.0043],[136.033,35.997],[136.0307,35.9998],[136.0271,35.9974],[136.0226,36.0055],[136.0176,36.0089],[136.0164,36.0113],[136.0118,36.0142],[136.0058,36.0099],[136.0035,36.0054],[136.0039,36.0004],[136.0025,35.9968],[136.0041,35.991],[136.0072,35.9863],[136.0023,35.9863],[135.9963,35.9827],[135.9907,35.9828],[135.9846,35.9854],[135.9856,35.9877],[135.9698,35.9919],[135.9644,35.9975],[135.9681,36.0009],[135.9718,36.0013],[135.975,36.0047],[135.9792,36.0052],[135.9826,36.0088],[135.9856,36.0089],[135.9916,36.0148],[135.9976,36.0192],[135.9984,36.0214],[136.005,36.0295],[136.0107,36.0333],[136.0095,36.0369],[136.0096,36.0431],[136.0116,36.047],[136.0166,36.0497],[136.0156,36.0529],[136.019,36.0569],[136.0213,36.0709],[136.0262,36.0728],[136.0243,36.0758],[136.0304,36.086],[136.0309,36.0931],[136.0323,36.0973],[136.0359,36.1024],[136.0414,36.1051],[136.0487,36.1099],[136.0486,36.1169],[136.0543,36.121],[136.0549,36.1279],[136.0621,36.1299],[136.0766,36.1385],[136.0851,36.1452],[136.0934,36.1532],[136.0951,36.1578],[136.0905,36.1605],[136.1001,36.1729],[136.1072,36.1695],[136.1194,36.1659],[136.126,36.1628],[136.1255,36.158],[136.1303,36.1587],[136.131,36.1639],[136.1353,36.1695],[136.1381,36.1699],[136.1382,36.1632],[136.1479,36.1634],[136.1515,36.1669],[136.1567,36.1642],[136.1619,36.1587],[136.1643,36.1488],[136.168,36.1431],[136.175,36.1394],[136.1778,36.1337],[136.1813,36.1334],[136.1884,36.1305],[136.1917,36.1304],[136.1942,36.1265],[136.1937,36.1237],[136.1979,36.1215],[136.2095,36.1205],[136.2168,36.1209],[136.2306,36.1208],[136.2339,36.1186],[136.2429,36.1207],[136.2455,36.1182],[136.254,36.1237],[136.2554,36.1132],[136.2536,36.1065],[136.2569,36.1049],[136.2641,36.1052],[136.2699,36.1041]]]]}},{"type":"Feature","properties":{"code":"19201","ja":"甲府市","pref":"yamanashi","kind":"city"},"geometry":{"type":"MultiPolygon","coordinates":[[[[138.6609,35.8739],[138.6569,35.8692],[138.6481,35.8631],[138.6419,35.8555],[138.6359,35.8525],[138.6384,35.8496],[138.639,35.8456],[138.6362,35.8345],[138.6336,35.8316],[138.6346,35.8281],[138.6312,35.8252],[138.6301,35.8188],[138.6311,35.8152],[138.6369,35.8129],[138.6352,35.8037],[138.63,35.8042],[138.6262,35.7984],[138.6225,35.7992],[138.6194,35.7953],[138.6157,35.7938],[138.613,35.7896],[138.6167,35.7806],[138.6164,35.7775],[138.6114,35.7749],[138.6113,35.7721],[138.6056,35.7595],[138.5991,35.7553],[138.5946,35.7506],[138.5959,35.7451],[138.5948,35.7375],[138.5981,35.7351],[138.5971,35.7318],[138.5937,35.7278],[138.5955,35.7256],[138.6009,35.724],[138.6124,35.7178],[138.6179,35.7198],[138.6213,35.7172],[138.6158,35.7128],[138.6169,35.7116],[138.618,35.7073],[138.6243,35.6988],[138.6196,35.6925],[138.6125,35.6928],[138.6104,35.6906],[138.6166,35.6823],[138.619,35.6811],[138.6188,35.677],[138.6225,35.6703],[138.6264,35.6686],[138.6279,35.6628],[138.6276,35.6587],[138.6234,35.6601],[138.6223,35.6576],[138.63,35.6568],[138.6321,35.6505],[138.6212,35.6461],[138.6192,35.6443],[138.6103,35.641],[138.6065,35.6376],[138.6008,35.6366],[138.5984,35.6342],[138.5974,35.628],[138.5986,35.6179],[138.604,35.6164],[138.6079,35.6172],[138.6061,35.6107],[138.6086,35.6035],[138.6051,35.6029],[138.5983,35.5985],[138.5892,35.5944],[138.5856,35.5947],[138.5849,35.5905],[138.5891,35.5888],[138.5945,35.5833],[138.605,35.5776],[138.6124,35.578],[138.6175,35.5751],[138.6178,35.5718],[138.6214,35.5643],[138.6246,35.5612],[138.6243,35.5565],[138.6169,35.5483],[138.6257,35.5443],[138.6305,35.5393],[138.6318,35.5349],[138.6361,35.5353],[138.64,35.5335],[138.642,35.5263],[138.6502,35.5208],[138.6504,35.5162],[138.6449,35.5131],[138.6367,35.5133],[138.6318,35.5096],[138.6244,35.5056],[138.621,35.5023],[138.6147,35.502],[138.6112,35.5041],[138.6024,35.5048],[138.5997,35.51],[138.5958,35.5122],[138.5947,35.5188],[138.5928,35.5252],[138.5889,35.5285],[138.5901,35.5371],[138.5944,35.5402],[138.5967,35.5456],[138.5937,35.5496],[138.5841,35.5516],[138.5842,35.5579],[138.579,35.5591],[138.5794,35.5627],[138.5756,35.5678],[138.5762,35.572],[138.5688,35.5789],[138.56,35.5828],[138.5631,35.586],[138.5626,35.5912],[138.5563,35.5925],[138.56,35.5976],[138.5594,35.6049],[138.5558,35.605],[138.5541,35.6087],[138.5537,35.617],[138.5536,35.6203],[138.548,35.6222],[138.5472,35.6271],[138.551,35.6305],[138.5478,35.6342],[138.5473,35.6389],[138.5532,35.6441],[138.5433,35.6513],[138.542,35.645],[138.5388,35.6469],[138.5325,35.6518],[138.5366,35.6552],[138.5308,35.6644],[138.534,35.672],[138.5366,35.6739],[138.5332,35.6789],[138.5364,35.68],[138.5332,35.686],[138.5265,35.6956],[138.5236,35.6973],[138.5252,35.7074],[138.5285,35.7077],[138.5353,35.714],[138.5427,35.7133],[138.5448,35.7194],[138.5486,35.7203],[138.5504,35.7233],[138.5489,35.7261],[138.5561,35.731],[138.5607,35.733],[138.5655,35.7402],[138.5614,35.747],[138.5538,35.749],[138.5533,35.7535],[138.5575,35.757],[138.5549,35.7591],[138.5477,35.7591],[138.5427,35.7604],[138.5405,35.7658],[138.5402,35.7731],[138.5444,35.7802],[138.5467,35.7884],[138.5505,35.792],[138.5475,35.7973],[138.5482,35.8005],[138.5494,35.807],[138.556,35.8121],[138.5584,35.817],[138.5557,35.8202],[138.5564,35.828],[138.5651,35.8285],[138.5667,35.8306],[138.5721,35.8288],[138.5802,35.8278],[138.5847,35.8309],[138.5903,35.8439],[138.5945,35.8479],[138.6038,35.8485],[138.6092,35.8599],[138.6154,35.859],[138.6206,35.8619],[138.6216,35.8705],[138.6284,35.8734],[138.6342,35.8701],[138.6426,35.8748],[138.6494,35.8735],[138.6573,35.8759],[138.6609,35.8739]]]]}},{"type":"Feature","properties":{"code":"20201","ja":"長野市","pref":"nagano","kind":"city"},"geometry":{"type":"MultiPolygon","coordinates":[[[[138.0035,36.8264],[138.0111,36.8234],[138.0171,36.8189],[138.0219,36.8195],[138.0243,36.8168],[138.029,36.8172],[138.0338,36.8088],[138.0388,36.8077],[138.045,36.8098],[138.0519,36.8075],[138.0523,36.8],[138.057,36.8009],[138.0648,36.8044],[138.0682,36.8039],[138.0753,36.8105],[138.0731,36.8168],[138.0776,36.8224],[138.0815,36.83],[138.0892,36.8358],[138.089,36.8302],[138.0923,36.8262],[138.0967,36.8255],[138.0965,36.821],[138.1005,36.8163],[138.1017,36.8096],[138.0992,36.8031],[138.0953,36.8009],[138.0976,36.7946],[138.0977,36.7887],[138.0962,36.7859],[138.0985,36.7797],[138.1193,36.7827],[138.1219,36.7857],[138.1249,36.7832],[138.1201,36.7743],[138.1201,36.7712],[138.1225,36.7623],[138.1246,36.7582],[138.1295,36.753],[138.1401,36.7475],[138.1338,36.7408],[138.1405,36.7396],[138.1732,36.728],[138.1788,36.7215],[138.1842,36.7184],[138.1882,36.718],[138.1946,36.7127],[138.1986,36.7128],[138.2084,36.7093],[138.2157,36.709],[138.2235,36.7142],[138.2235,36.7169],[138.2282,36.7179],[138.2314,36.721],[138.2389,36.7191],[138.2452,36.72],[138.2515,36.7192],[138.2513,36.7232],[138.2568,36.7245],[138.2607,36.7277],[138.262,36.7332],[138.2645,36.7368],[138.2623,36.7425],[138.2682,36.7459],[138.2701,36.7419],[138.2738,36.7396],[138.2759,36.7419],[138.2805,36.7416],[138.2821,36.7439],[138.2907,36.7468],[138.294,36.7459],[138.2964,36.744],[138.3049,36.7458],[138.3115,36.7428],[138.3083,36.7391],[138.3083,36.7238],[138.311,36.7209],[138.305,36.7184],[138.3015,36.7152],[138.2976,36.7162],[138.2899,36.7148],[138.2903,36.708],[138.2832,36.703],[138.2851,36.6975],[138.2812,36.6881],[138.2832,36.6877],[138.28,36.6866],[138.2763,36.6744],[138.267,36.6576],[138.2653,36.6534],[138.26,36.6461],[138.2572,36.6401],[138.2683,36.637],[138.2822,36.6274],[138.2843,36.6226],[138.2878,36.6215],[138.2893,36.6131],[138.2928,36.6118],[138.3001,36.6071],[138.3022,36.6024],[138.3054,36.5994],[138.307,36.5934],[138.3069,36.5873],[138.3082,36.5822],[138.3065,36.5781],[138.3074,36.573],[138.3106,36.5702],[138.3182,36.5667],[138.3174,36.5611],[138.3111,36.5594],[138.3081,36.5534],[138.3114,36.5504],[138.3087,36.5455],[138.3027,36.5421],[138.2982,36.5355],[138.2939,36.5323],[138.286,36.5346],[138.2821,36.5369],[138.2774,36.5349],[138.2734,36.5258],[138.2703,36.5234],[138.271,36.5192],[138.2681,36.517],[138.2665,36.5132],[138.2615,36.5151],[138.2582,36.5141],[138.2544,36.5158],[138.2498,36.5157],[138.2467,36.51],[138.2394,36.5095],[138.2363,36.5124],[138.2295,36.5141],[138.2199,36.5077],[138.2117,36.5081],[138.2045,36.5115],[138.1998,36.5112],[138.1983,36.5154],[138.1994,36.5229],[138.1934,36.5301],[138.1907,36.5357],[138.1904,36.5394],[138.1871,36.5431],[138.1807,36.5429],[138.1799,36.5444],[138.1711,36.5487],[138.1727,36.5532],[138.1675,36.5592],[138.157,36.5576],[138.1514,36.5601],[138.1484,36.5573],[138.1409,36.5569],[138.1329,36.5581],[138.1289,36.5552],[138.1284,36.5508],[138.1154,36.5419],[138.1024,36.5396],[138.0951,36.5397],[138.0886,36.541],[138.0814,36.5439],[138.0692,36.5417],[138.0663,36.5399],[138.0565,36.5426],[138.0533,36.5425],[138.0463,36.5396],[138.0443,36.5349],[138.0439,36.529],[138.0423,36.5262],[138.0439,36.5196],[138.0394,36.5164],[138.0385,36.5129],[138.0352,36.5109],[138.0315,36.5008],[138.0314,36.4958],[138.0297,36.4907],[138.0391,36.4877],[138.0334,36.4848],[138.0271,36.4851],[138.0212,36.4841],[138.0175,36.4815],[138.0094,36.4791],[138.0055,36.48],[138.0017,36.4778],[137.9954,36.4721],[137.9844,36.4668],[137.9771,36.4606],[137.9736,36.4619],[137.9684,36.4613],[137.9636,36.4634],[137.9594,36.4678],[137.9565,36.4755],[137.951,36.4797],[137.9496,36.4848],[137.9532,36.4849],[137.9566,36.4852],[137.9571,36.4902],[137.9543,36.4965],[137.9503,36.5006],[137.9561,36.5011],[137.9639,36.5056],[137.9614,36.5084],[137.966,36.5125],[137.9667,36.5169],[137.9575,36.5237],[137.9497,36.524],[137.9399,36.5167],[137.9309,36.5196],[137.9313,36.5245],[137.9259,36.5269],[137.9234,36.5311],[137.9254,36.5365],[137.9213,36.5363],[137.919,36.5383],[137.9191,36.543],[137.9174,36.5442],[137.9176,36.5496],[137.92,36.5546],[137.9264,36.5588],[137.9258,36.5645],[137.9309,36.5679],[137.9325,36.5762],[137.9358,36.5794],[137.9356,36.5837],[137.9394,36.5868],[137.9391,36.592],[137.9418,36.5948],[137.9503,36.5958],[137.9525,36.5949],[137.963,36.6038],[137.9745,36.6008],[137.9769,36.6028],[137.9809,36.6014],[137.986,36.5965],[137.9934,36.5997],[137.9992,36.5979],[138.0023,36.6005],[138.0025,36.6049],[138.0001,36.6059],[138.0034,36.6137],[137.9984,36.6228],[138.0013,36.6274],[138.0022,36.6334],[138.0005,36.6389],[138.0108,36.6546],[138.0096,36.6573],[138.0042,36.6602],[137.9997,36.6601],[137.9956,36.6624],[137.9815,36.6664],[137.9781,36.6711],[137.975,36.6726],[137.9698,36.6679],[137.9662,36.6705],[137.9594,36.6725],[137.9554,36.669],[137.9528,36.6707],[137.9448,36.6721],[137.9413,36.6695],[137.9364,36.6696],[137.9355,36.6656],[137.9321,36.6625],[137.9279,36.6615],[137.9252,36.6584],[137.9204,36.657],[137.9158,36.658],[137.9101,36.6616],[137.9174,36.6819],[137.9152,36.6846],[137.916,36.6892],[137.915,36.6939],[137.9187,36.6943],[137.9203,36.6981],[137.9235,36.7001],[137.9305,36.7179],[137.9272,36.7229],[137.9337,36.7254],[137.9372,36.7315],[137.9415,36.736],[137.9449,36.7414],[137.9533,36.7485],[137.9529,36.7555],[137.957,36.7588],[137.9578,36.7628],[137.961,36.7632],[137.9647,36.7704],[137.968,36.771],[137.9677,36.7811],[137.9699,36.7838],[137.9747,36.7855],[137.977,36.7951],[137.9808,36.8017],[137.9892,36.8116],[137.997,36.8168],[138.0035,36.8264]]]]}},{"type":"Feature","properties":{"code":"21201","ja":"岐阜市","pref":"gifu","kind":"city"},"geometry":{"type":"MultiPolygon","coordinates":[[[[136.8151,35.5317],[136.8186,35.5326],[136.8214,35.5293],[136.8262,35.5306],[136.8288,35.5258],[136.8345,35.5237],[136.8343,35.5204],[136.8402,35.5184],[136.8404,35.5124],[136.848,35.5071],[136.8573,35.5094],[136.8591,35.5068],[136.8572,35.5006],[136.8513,35.5052],[136.8436,35.4997],[136.8419,35.4913],[136.8425,35.4884],[136.8395,35.4839],[136.8402,35.476],[136.8345,35.4701],[136.8375,35.4633],[136.8479,35.4688],[136.8509,35.4692],[136.8601,35.4631],[136.8697,35.4643],[136.8756,35.4612],[136.879,35.4606],[136.882,35.4577],[136.8854,35.4573],[136.8847,35.4521],[136.8821,35.449],[136.8818,35.4446],[136.8781,35.4462],[136.869,35.4441],[136.8692,35.439],[136.8719,35.4366],[136.8602,35.4343],[136.8589,35.4253],[136.8451,35.4245],[136.8421,35.4312],[136.838,35.4293],[136.8302,35.4279],[136.8248,35.4288],[136.8227,35.4267],[136.8155,35.4274],[136.8147,35.4217],[136.8176,35.4185],[136.8155,35.4105],[136.8141,35.3986],[136.8168,35.3961],[136.8129,35.3874],[136.8083,35.3882],[136.8036,35.3871],[136.8016,35.3915],[136.7988,35.3917],[136.7911,35.398],[136.786,35.4],[136.7784,35.3983],[136.7756,35.3955],[136.7723,35.3963],[136.7689,35.3931],[136.7654,35.3851],[136.7666,35.3819],[136.7629,35.3785],[136.7603,35.3785],[136.7518,35.3697],[136.757,35.3664],[136.756,35.3648],[136.7448,35.3635],[136.7431,35.3591],[136.7334,35.3612],[136.729,35.3565],[136.7258,35.3526],[136.7222,35.3517],[136.7197,35.3548],[136.7157,35.3553],[136.7111,35.3513],[136.7066,35.3523],[136.6999,35.3567],[136.6944,35.3561],[136.6885,35.3523],[136.6885,35.3605],[136.6906,35.3667],[136.6959,35.373],[136.7024,35.3788],[136.7065,35.3851],[136.7059,35.3903],[136.7026,35.3961],[136.7006,35.4028],[136.698,35.4075],[136.6933,35.4077],[136.6933,35.4115],[136.6931,35.4213],[136.6989,35.4215],[136.6985,35.4472],[136.6981,35.4629],[136.6928,35.464],[136.689,35.4694],[136.6831,35.4754],[136.6858,35.4829],[136.6981,35.4827],[136.6988,35.4915],[136.6943,35.4913],[136.6946,35.4965],[136.6923,35.4983],[136.697,35.5043],[136.6968,35.509],[136.6945,35.511],[136.6885,35.5127],[136.6829,35.5156],[136.687,35.5204],[136.6865,35.5243],[136.6897,35.5263],[136.6855,35.532],[136.6823,35.5319],[136.6787,35.5353],[136.6832,35.5378],[136.6937,35.5383],[136.6968,35.543],[136.7012,35.5421],[136.7028,35.5384],[136.709,35.5325],[136.7109,35.5275],[136.716,35.5246],[136.7178,35.5205],[136.7293,35.5176],[136.7369,35.5079],[136.7402,35.511],[136.7474,35.5104],[136.7514,35.5083],[136.7553,35.504],[136.7599,35.5065],[136.7636,35.4996],[136.77,35.498],[136.7718,35.4922],[136.7784,35.4898],[136.7817,35.4912],[136.7866,35.4902],[136.7912,35.4908],[136.7928,35.4843],[136.7995,35.485],[136.7997,35.4922],[136.8032,35.4937],[136.8031,35.4976],[136.8053,35.501],[136.8008,35.5048],[136.8079,35.5055],[136.8147,35.5101],[136.812,35.5126],[136.8125,35.5211],[136.8104,35.5253],[136.8151,35.5317]]]]}},{"type":"Feature","properties":{"code":"22100","ja":"静岡市","pref":"shizuoka","kind":"designated"},"geometry":{"type":"Polygon","coordinates":[[[138.2186,35.6445],[138.2284,35.646],[138.2323,35.6401],[138.2283,35.6272],[138.2288,35.6252],[138.2361,35.6223],[138.2365,35.6189],[138.2341,35.615],[138.2363,35.6127],[138.2356,35.6062],[138.2406,35.6051],[138.2435,35.5915],[138.2394,35.5866],[138.2388,35.5835],[138.2412,35.58],[138.2404,35.5763],[138.2451,35.5693],[138.2444,35.5634],[138.2503,35.5585],[138.252,35.5557],[138.2594,35.553],[138.2601,35.5429],[138.2575,35.5351],[138.2573,35.5308],[138.2626,35.5271],[138.2647,35.52],[138.2689,35.5141],[138.2603,35.5058],[138.2588,35.4932],[138.2598,35.4892],[138.2586,35.4851],[138.2578,35.476],[138.2555,35.4728],[138.2535,35.466],[138.2462,35.4635],[138.2441,35.459],[138.2444,35.4541],[138.2483,35.4472],[138.2553,35.4445],[138.2552,35.4412],[138.2594,35.431],[138.2592,35.4219],[138.2576,35.4147],[138.2581,35.4073],[138.2521,35.4043],[138.2464,35.3997],[138.2474,35.3948],[138.246,35.391],[138.2401,35.3881],[138.2368,35.3842],[138.2328,35.3766],[138.232,35.3712],[138.2373,35.37],[138.2427,35.3658],[138.2467,35.3671],[138.2512,35.3635],[138.2509,35.3583],[138.2551,35.3485],[138.2539,35.3455],[138.257,35.3386],[138.2487,35.3317],[138.252,35.3293],[138.2515,35.326],[138.255,35.3242],[138.2548,35.3199],[138.2579,35.3165],[138.2619,35.3151],[138.2698,35.3144],[138.2755,35.31],[138.2763,35.3074],[138.2853,35.3043],[138.2898,35.3095],[138.294,35.312],[138.2964,35.3165],[138.3029,35.3167],[138.3113,35.3196],[138.3134,35.3227],[138.319,35.3241],[138.3244,35.3272],[138.328,35.3277],[138.3356,35.3265],[138.3433,35.318],[138.3499,35.3153],[138.3576,35.3178],[138.3594,35.3134],[138.3646,35.312],[138.3705,35.3048],[138.3724,35.2994],[138.3668,35.2904],[138.3677,35.2865],[138.3667,35.2805],[138.3692,35.2767],[138.3671,35.2702],[138.3736,35.2634],[138.3782,35.254],[138.3862,35.2463],[138.3867,35.2395],[138.3918,35.2248],[138.3907,35.22],[138.3943,35.2078],[138.3987,35.2003],[138.4075,35.203],[138.4136,35.2011],[138.419,35.1977],[138.4247,35.19],[138.4275,35.1827],[138.431,35.1804],[138.4406,35.1781],[138.4414,35.1794],[138.4568,35.1782],[138.4612,35.1795],[138.4722,35.1761],[138.4782,35.1761],[138.4842,35.1742],[138.4878,35.1697],[138.4915,35.1684],[138.4957,35.1716],[138.4963,35.1744],[138.5012,35.1766],[138.5062,35.1861],[138.5124,35.189],[138.5173,35.1986],[138.5224,35.1992],[138.5226,35.1964],[138.5198,35.194],[138.5196,35.1825],[138.5236,35.1807],[138.5261,35.1713],[138.5257,35.1661],[138.5291,35.1651],[138.5331,35.1614],[138.5362,35.1608],[138.5392,35.1534],[138.5452,35.1526],[138.5476,35.1546],[138.5521,35.1541],[138.556,35.1555],[138.5585,35.1593],[138.5587,35.1566],[138.5652,35.1511],[138.5683,35.1523],[138.5814,35.1434],[138.5998,35.1435],[138.605,35.1343],[138.6128,35.1296],[138.6166,35.1294],[138.6183,35.1318],[138.63,35.1337],[138.6319,35.1287],[138.6385,35.1165],[138.6322,35.1152],[138.6242,35.1159],[138.6179,35.1148],[138.6117,35.1154],[138.601,35.1152],[138.5923,35.1131],[138.5787,35.1118],[138.5748,35.1107],[138.5699,35.1071],[138.5588,35.1017],[138.5558,35.0991],[138.5515,35.0926],[138.5491,35.0866],[138.5469,35.077],[138.5431,35.0718],[138.5395,35.0632],[138.5345,35.0561],[138.5288,35.0535],[138.519,35.0476],[138.5237,35.0427],[138.5149,35.0382],[138.5131,35.0432],[138.5061,35.0417],[138.5085,35.0334],[138.5058,35.0313],[138.5029,35.0365],[138.4997,35.0358],[138.5025,35.0313],[138.5003,35.0297],[138.4961,35.0183],[138.4949,35.0219],[138.4909,35.0193],[138.4957,35.0167],[138.4955,35.0103],[138.4976,35.0102],[138.4977,34.9962],[138.5023,34.992],[138.5007,34.9874],[138.5056,34.9857],[138.5084,34.9868],[138.5111,34.9906],[138.5108,34.9964],[138.5012,35.0022],[138.5026,35.0115],[138.5054,35.0129],[138.5114,35.0124],[138.5186,35.0133],[138.5157,35.0209],[138.5221,35.0205],[138.5319,35.0157],[138.5334,35.0129],[138.5292,35.0053],[138.5267,34.9949],[138.5218,34.9915],[138.5076,34.9776],[138.4783,34.9633],[138.4746,34.9618],[138.4697,34.9597],[138.4276,34.9458],[138.4162,34.9432],[138.411,34.9407],[138.4022,34.9317],[138.3953,34.9286],[138.3882,34.9281],[138.3709,34.9219],[138.3575,34.9151],[138.3549,34.9123],[138.3548,34.9092],[138.3503,34.9031],[138.3483,34.8985],[138.3433,34.9008],[138.3402,34.9044],[138.3436,34.9069],[138.3401,34.9095],[138.3326,34.9123],[138.3297,34.9183],[138.3261,34.9226],[138.3225,34.9191],[138.319,34.9196],[138.3167,34.9213],[138.3153,34.9304],[138.31,34.9337],[138.3057,34.9327],[138.2989,34.9346],[138.2945,34.9372],[138.2947,34.9407],[138.2918,34.9446],[138.292,34.9496],[138.2868,34.9515],[138.2863,34.9589],[138.2832,34.963],[138.2836,34.9676],[138.272,34.973],[138.2679,34.9733],[138.2666,34.9758],[138.2677,34.9797],[138.265,34.9814],[138.2628,34.9887],[138.2586,34.9926],[138.253,34.9924],[138.2473,34.9936],[138.2405,35.0002],[138.2399,35.0026],[138.2297,35.0044],[138.2274,35.0071],[138.2219,35.0049],[138.215,35.0038],[138.2169,35.0102],[138.2152,35.0157],[138.209,35.0087],[138.2004,35.0091],[138.1946,35.0113],[138.1887,35.0154],[138.1883,35.0223],[138.1911,35.0233],[138.1916,35.0282],[138.1935,35.0306],[138.1911,35.0358],[138.197,35.0396],[138.1952,35.0462],[138.1995,35.0501],[138.2013,35.0538],[138.2002,35.0611],[138.2035,35.0675],[138.2095,35.0707],[138.2051,35.0746],[138.2035,35.0784],[138.2004,35.0808],[138.1994,35.0876],[138.1917,35.0911],[138.1886,35.0936],[138.1902,35.1059],[138.193,35.1097],[138.1905,35.1178],[138.1847,35.1249],[138.1838,35.1294],[138.185,35.1337],[138.1837,35.1364],[138.1888,35.1402],[138.1962,35.1439],[138.2008,35.1437],[138.2098,35.1447],[138.212,35.1495],[138.2173,35.1543],[138.2211,35.1592],[138.2278,35.1585],[138.2312,35.1598],[138.2382,35.1699],[138.2396,35.1748],[138.2343,35.1803],[138.2315,35.1875],[138.2247,35.1934],[138.2237,35.1995],[138.2145,35.2038],[138.2064,35.2032],[138.2057,35.1988],[138.1989,35.1967],[138.202,35.1935],[138.1988,35.1889],[138.1906,35.1908],[138.1875,35.1961],[138.1833,35.1981],[138.1818,35.2031],[138.1876,35.2045],[138.1856,35.2085],[138.185,35.2137],[138.1861,35.2169],[138.1973,35.2259],[138.2016,35.2285],[138.2021,35.231],[138.1987,35.2332],[138.1987,35.2357],[138.2026,35.2399],[138.1992,35.2425],[138.1943,35.2491],[138.1867,35.2486],[138.1784,35.2558],[138.1777,35.26],[138.1615,35.2564],[138.1529,35.2574],[138.1457,35.2563],[138.1455,35.2634],[138.1384,35.2675],[138.1358,35.2759],[138.1372,35.2838],[138.1315,35.2872],[138.1264,35.2932],[138.1204,35.2945],[138.1152,35.2981],[138.1136,35.301],[138.0982,35.3045],[138.0983,35.3095],[138.0926,35.3144],[138.083,35.3248],[138.0859,35.3301],[138.0875,35.338],[138.0963,35.34],[138.0963,35.3483],[138.0938,35.35],[138.097,35.3542],[138.1001,35.354],[138.1152,35.3648],[138.1241,35.368],[138.1293,35.3653],[138.1411,35.3695],[138.1456,35.3836],[138.1477,35.3875],[138.1511,35.39],[138.1525,35.398],[138.1497,35.3993],[138.1443,35.406],[138.1393,35.4057],[138.1348,35.4077],[138.1351,35.414],[138.139,35.4164],[138.1398,35.4226],[138.129,35.4272],[138.1216,35.4285],[138.1202,35.4314],[138.124,35.4356],[138.123,35.4399],[138.1194,35.4459],[138.1205,35.4546],[138.1219,35.4564],[138.1315,35.4533],[138.1352,35.4544],[138.1409,35.459],[138.1483,35.4602],[138.1514,35.4587],[138.1568,35.46],[138.1602,35.4678],[138.1603,35.4708],[138.1567,35.4728],[138.1564,35.4769],[138.1587,35.4829],[138.1583,35.4863],[138.1646,35.4938],[138.158,35.4943],[138.1535,35.4961],[138.1486,35.4999],[138.1401,35.4997],[138.1409,35.5044],[138.1433,35.5063],[138.1438,35.5104],[138.1462,35.5138],[138.1463,35.5187],[138.1383,35.5222],[138.1427,35.527],[138.147,35.5296],[138.1479,35.5347],[138.1515,35.5362],[138.1594,35.5449],[138.1562,35.5485],[138.156,35.5517],[138.1481,35.5543],[138.1461,35.557],[138.1509,35.5663],[138.1518,35.571],[138.1559,35.5725],[138.16,35.5761],[138.162,35.5813],[138.1674,35.5829],[138.1728,35.5816],[138.1784,35.5749],[138.1843,35.5731],[138.1895,35.5768],[138.1889,35.5805],[138.1946,35.5886],[138.1959,35.5955],[138.2004,35.5995],[138.2019,35.6038],[138.2061,35.6084],[138.205,35.6134],[138.2024,35.6182],[138.2034,35.6321],[138.2112,35.6352],[138.2186,35.6445]]]}},{"type":"Feature","properties":{"code":"22130","ja":"浜松市","pref":"shizuoka","kind":"designated"},"geometry":{"type":"Polygon","coordinates":[[[137.7986,34.6464],[137.7916,34.6477],[137.7816,34.6484],[137.7775,34.6476],[137.769,34.6497],[137.764,34.6525],[137.7519,34.6552],[137.7485,34.6577],[137.7302,34.6615],[137.7148,34.664],[137.6956,34.6667],[137.6767,34.6699],[137.6597,34.6722],[137.646,34.6738],[137.6229,34.6757],[137.6088,34.6764],[137.5995,34.676],[137.5978,34.678],[137.5985,34.6844],[137.5969,34.6867],[137.5985,34.6922],[137.5906,34.6948],[137.5875,34.6989],[137.5875,34.7014],[137.5759,34.7081],[137.5703,34.7233],[137.5696,34.7307],[137.5659,34.7406],[137.5547,34.7463],[137.5506,34.7491],[137.5481,34.7527],[137.5448,34.7651],[137.5482,34.7693],[137.5421,34.7734],[137.5338,34.7729],[137.5253,34.7678],[137.5166,34.7716],[137.512,34.7711],[137.504,34.7768],[137.5021,34.7795],[137.4966,34.7828],[137.4929,34.7869],[137.4916,34.7959],[137.4943,34.8017],[137.4874,34.8092],[137.4869,34.8117],[137.4935,34.8152],[137.4949,34.8193],[137.5016,34.8233],[137.4989,34.8268],[137.4999,34.8312],[137.5079,34.8349],[137.5178,34.8358],[137.5238,34.8409],[137.5344,34.8442],[137.5388,34.8418],[137.5423,34.842],[137.5442,34.845],[137.5509,34.8494],[137.5516,34.8519],[137.5588,34.8515],[137.5651,34.8521],[137.5741,34.8504],[137.5772,34.8513],[137.587,34.85],[137.5951,34.859],[137.5975,34.8724],[137.6092,34.8752],[137.6162,34.8753],[137.6169,34.8783],[137.6207,34.8791],[137.6335,34.8855],[137.6358,34.8895],[137.6413,34.8931],[137.642,34.8961],[137.6404,34.9046],[137.6433,34.9082],[137.6463,34.9084],[137.6478,34.9121],[137.6469,34.9188],[137.6528,34.9255],[137.6526,34.9305],[137.651,34.9334],[137.6566,34.9382],[137.6595,34.9445],[137.6634,34.9471],[137.6706,34.9483],[137.6755,34.9453],[137.6829,34.9549],[137.6895,34.9568],[137.69,34.9636],[137.6941,34.9678],[137.6961,34.9714],[137.7042,34.9699],[137.7072,34.9723],[137.7018,34.9805],[137.6999,34.9848],[137.7082,34.9945],[137.702,34.9985],[137.701,35.0035],[137.7042,35.0108],[137.7049,35.0147],[137.7109,35.0209],[137.713,35.0254],[137.7165,35.0275],[137.7173,35.0351],[137.7222,35.0363],[137.7233,35.0391],[137.7288,35.0403],[137.7313,35.0451],[137.7353,35.0481],[137.7358,35.0514],[137.7403,35.0565],[137.7547,35.0654],[137.7582,35.0684],[137.7616,35.0686],[137.7638,35.0722],[137.7685,35.0723],[137.7756,35.078],[137.774,35.0841],[137.7746,35.0927],[137.7783,35.0996],[137.7818,35.0966],[137.793,35.0955],[137.7952,35.1031],[137.8013,35.1066],[137.7983,35.1183],[137.7993,35.1236],[137.7973,35.1271],[137.792,35.1291],[137.7931,35.1352],[137.7987,35.1355],[137.8009,35.1308],[137.8058,35.1312],[137.8099,35.1371],[137.8149,35.1405],[137.8124,35.1437],[137.8136,35.151],[137.8218,35.148],[137.829,35.152],[137.8273,35.1555],[137.8213,35.1585],[137.8217,35.161],[137.8257,35.1659],[137.8255,35.1682],[137.8182,35.1747],[137.8105,35.1749],[137.805,35.1793],[137.8032,35.1832],[137.8074,35.1878],[137.8138,35.1863],[137.8167,35.1884],[137.8169,35.193],[137.8203,35.1973],[137.8217,35.2032],[137.824,35.2048],[137.8289,35.2044],[137.8278,35.2087],[137.8286,35.2116],[137.8355,35.2112],[137.8381,35.2125],[137.8368,35.2156],[137.8412,35.2163],[137.8449,35.221],[137.8541,35.2219],[137.8592,35.2234],[137.8651,35.2225],[137.8726,35.2189],[137.8804,35.2264],[137.8849,35.2363],[137.8822,35.2429],[137.8841,35.2439],[137.8824,35.2481],[137.8954,35.258],[137.9069,35.2543],[137.9128,35.2534],[137.9187,35.2544],[137.9248,35.2603],[137.9263,35.2689],[137.9283,35.2703],[137.9293,35.2755],[137.9443,35.2763],[137.9519,35.2831],[137.9604,35.283],[137.9673,35.2842],[137.9734,35.2931],[137.9824,35.2925],[137.9844,35.2956],[137.9922,35.3017],[138.0015,35.3029],[138.0057,35.3044],[138.0156,35.303],[138.0188,35.3011],[138.0183,35.2946],[138.0143,35.2921],[138.0123,35.289],[138.0137,35.2814],[138.0125,35.2774],[138.0144,35.2738],[138.0112,35.2724],[138.0076,35.2682],[138.0014,35.2645],[138.0004,35.2616],[138.0032,35.2587],[138.0076,35.2596],[138.0131,35.2588],[138.0159,35.2526],[138.0123,35.2418],[138.0201,35.2367],[138.0365,35.2274],[138.0329,35.2206],[138.0364,35.211],[138.0274,35.2011],[138.0285,35.1961],[138.0214,35.194],[138.016,35.1898],[138.0165,35.1873],[138.0081,35.1781],[138.0051,35.1728],[138.0047,35.1682],[138.0008,35.1666],[137.9991,35.1635],[138.0002,35.1605],[137.9985,35.1558],[138.0018,35.1525],[137.9993,35.1464],[138.0018,35.1438],[138.0064,35.143],[138.0066,35.1355],[138.0114,35.1278],[138.0215,35.1272],[138.028,35.1294],[138.0305,35.1271],[138.0358,35.1254],[138.0396,35.1192],[138.0491,35.1117],[138.0538,35.1103],[138.0564,35.1064],[138.0544,35.1019],[138.0498,35.0982],[138.0501,35.0965],[138.0469,35.0892],[138.0449,35.0881],[138.0445,35.0797],[138.0459,35.0776],[138.0452,35.0726],[138.0385,35.0674],[138.0404,35.0623],[138.044,35.0568],[138.0434,35.0525],[138.0471,35.0495],[138.0484,35.0426],[138.0471,35.0387],[138.0431,35.0358],[138.0398,35.0352],[138.0324,35.0313],[138.0291,35.0276],[138.0208,35.0243],[138.0179,35.0219],[138.0208,35.0188],[138.0258,35.0174],[138.026,35.013],[138.0329,35.0088],[138.0334,35.0042],[138.0358,34.9989],[138.0311,34.9953],[138.0289,34.9911],[138.0194,34.9872],[138.0115,34.9811],[138.0099,34.9756],[138.0033,34.9723],[138.0038,34.967],[138.0007,34.9648],[137.9966,34.9683],[137.9798,34.9655],[137.9847,34.9628],[137.9806,34.9577],[137.9708,34.9588],[137.9705,34.9567],[137.9648,34.955],[137.9624,34.9479],[137.9553,34.9468],[137.9479,34.9494],[137.9427,34.9461],[137.9382,34.9473],[137.9359,34.9436],[137.9285,34.9397],[137.9261,34.9348],[137.9176,34.9273],[137.9125,34.9295],[137.9076,34.9289],[137.9084,34.9254],[137.9031,34.9199],[137.9052,34.9134],[137.908,34.9106],[137.9075,34.9069],[137.9148,34.9029],[137.9191,34.9015],[137.9202,34.8932],[137.917,34.891],[137.9092,34.8911],[137.9062,34.8909],[137.9036,34.8876],[137.8982,34.8839],[137.8888,34.8805],[137.8833,34.8812],[137.8775,34.8793],[137.8671,34.878],[137.8616,34.8783],[137.8553,34.8751],[137.8557,34.8703],[137.8525,34.8675],[137.8479,34.8691],[137.844,34.8681],[137.8388,34.8621],[137.8287,34.8593],[137.8226,34.8555],[137.8243,34.855],[137.8271,34.8294],[137.827,34.8212],[137.8232,34.8018],[137.8237,34.7961],[137.8282,34.7898],[137.8266,34.7822],[137.8227,34.775],[137.8189,34.7565],[137.8131,34.7476],[137.8058,34.7302],[137.8029,34.7158],[137.8002,34.7014],[137.8004,34.6976],[137.7953,34.6984],[137.7933,34.6847],[137.7901,34.6815],[137.7901,34.671],[137.7876,34.67],[137.7872,34.6563],[137.7899,34.6503],[137.797,34.6483],[137.7986,34.6464]]]}},{"type":"Feature","properties":{"code":"23100","ja":"名古屋市","pref":"aichi","kind":"designated"},"geometry":{"type":"MultiPolygon","coordinates":[[[[136.903,35.2405],[136.9087,35.2404],[136.9108,35.2364],[136.9203,35.2384],[136.9223,35.241],[136.9267,35.2426],[136.9299,35.2437],[136.929,35.2331],[136.9255,35.2311],[136.9316,35.2231],[136.9398,35.2243],[136.9394,35.2203],[136.9365,35.2162],[136.9466,35.2162],[136.9562,35.2175],[136.9641,35.2168],[136.9736,35.2185],[136.9814,35.2252],[136.989,35.2267],[136.9904,35.2299],[136.9897,35.2379],[136.9932,35.2409],[137.0053,35.2405],[137.0108,35.2447],[137.0114,35.249],[137.0136,35.2516],[137.0201,35.2524],[137.0291,35.259],[137.0369,35.2585],[137.0503,35.2602],[137.0535,35.2578],[137.0533,35.2534],[137.0549,35.2505],[137.0593,35.2512],[137.0599,35.2463],[137.0567,35.246],[137.052,35.2431],[137.0494,35.2379],[137.0462,35.2384],[137.0438,35.2415],[137.0391,35.2381],[137.0345,35.238],[137.0307,35.2346],[137.0257,35.2342],[137.0222,35.2312],[137.0194,35.2313],[137.0109,35.2212],[137.0067,35.2193],[137.0048,35.2139],[137.0016,35.2093],[137.0085,35.2102],[137.008,35.2065],[137.0132,35.2011],[137.0119,35.195],[137.0191,35.1937],[137.0234,35.1957],[137.0198,35.1985],[137.023,35.2013],[137.0258,35.2013],[137.025,35.1957],[137.0294,35.1947],[137.0322,35.1919],[137.0287,35.1907],[137.02,35.1907],[137.0179,35.1883],[137.0258,35.1851],[137.0269,35.1794],[137.024,35.1739],[137.0274,35.1687],[137.0228,35.1632],[137.027,35.1562],[137.0221,35.1533],[137.0222,35.1511],[137.0184,35.1471],[137.0214,35.1453],[137.0233,35.1399],[137.017,35.1364],[137.0136,35.1382],[137.0099,35.1368],[137.0081,35.1312],[137.0046,35.1312],[137.0033,35.1284],[137.0145,35.117],[137.02,35.1096],[137.0211,35.1098],[137.0234,35.1027],[137.0226,35.0989],[137.02,35.0961],[137.0215,35.0913],[137.0175,35.0921],[137.013,35.0819],[137.0096,35.0753],[137.0048,35.072],[136.9981,35.0742],[136.9947,35.0719],[136.9876,35.0726],[136.9874,35.0676],[136.9842,35.0613],[136.9761,35.0623],[136.9724,35.0564],[136.9748,35.0519],[136.9739,35.049],[136.9722,35.0431],[136.9649,35.0429],[136.9618,35.0396],[136.9557,35.0479],[136.9532,35.0448],[136.9463,35.0442],[136.9436,35.0462],[136.9411,35.0521],[136.9366,35.0532],[136.9341,35.0497],[136.9313,35.0507],[136.9257,35.0586],[136.9244,35.0644],[136.9177,35.0629],[136.913,35.0685],[136.9058,35.0684],[136.9015,35.0689],[136.8902,35.0671],[136.8839,35.0673],[136.8868,35.0705],[136.8896,35.0704],[136.8905,35.0843],[136.8903,35.0899],[136.8882,35.0937],[136.8848,35.0888],[136.8753,35.0904],[136.8685,35.0882],[136.8667,35.0849],[136.8693,35.0821],[136.8625,35.0698],[136.8583,35.07],[136.8599,35.0653],[136.8581,35.0588],[136.8554,35.0566],[136.8474,35.0566],[136.8473,35.0595],[136.8425,35.0593],[136.8456,35.0642],[136.8496,35.0781],[136.8472,35.083],[136.8326,35.0817],[136.8279,35.0826],[136.8248,35.0801],[136.8165,35.087],[136.8101,35.0934],[136.7979,35.0969],[136.798,35.1019],[136.795,35.1084],[136.7919,35.1123],[136.7942,35.122],[136.7975,35.1219],[136.7974,35.1282],[136.8028,35.1293],[136.8001,35.1325],[136.8008,35.1481],[136.8089,35.1476],[136.8094,35.1536],[136.8026,35.1542],[136.8017,35.1614],[136.8078,35.1682],[136.8137,35.1675],[136.8183,35.1647],[136.8171,35.159],[136.8301,35.1573],[136.8326,35.1594],[136.8333,35.1649],[136.8355,35.1694],[136.8411,35.1741],[136.848,35.1806],[136.8563,35.1882],[136.8659,35.1917],[136.8698,35.194],[136.8717,35.1975],[136.8789,35.2072],[136.8785,35.2093],[136.8725,35.21],[136.8683,35.212],[136.8657,35.2069],[136.8601,35.208],[136.8646,35.2134],[136.8603,35.2152],[136.8564,35.2211],[136.8557,35.2306],[136.8579,35.2306],[136.8709,35.231],[136.8748,35.2251],[136.8863,35.2291],[136.8992,35.2348],[136.903,35.2405]]],[[[136.8486,35.056],[136.852,35.054],[136.8549,35.0553],[136.852,35.0438],[136.8477,35.0468],[136.844,35.0416],[136.8481,35.0367],[136.8454,35.0339],[136.8379,35.0518],[136.8406,35.056],[136.8486,35.056]]],[[[136.8781,35.0719],[136.882,35.0694],[136.875,35.052],[136.8724,35.0497],[136.8652,35.05],[136.8703,35.063],[136.8694,35.068],[136.8737,35.0719],[136.8781,35.0719]]]]}},{"type":"Feature","properties":{"code":"24201","ja":"津市","pref":"mie","kind":"city"},"geometry":{"type":"MultiPolygon","coordinates":[[[[136.488,34.8023],[136.4912,34.7989],[136.4953,34.7996],[136.4983,34.8041],[136.502,34.8061],[136.5097,34.8045],[136.5114,34.8067],[136.5202,34.8095],[136.5234,34.8124],[136.5268,34.8121],[136.5292,34.8079],[136.5396,34.8082],[136.5419,34.81],[136.5485,34.8103],[136.5517,34.8116],[136.5574,34.8104],[136.559,34.8119],[136.5704,34.8045],[136.555,34.7881],[136.5447,34.7738],[136.5388,34.7641],[136.5313,34.7468],[136.5289,34.7373],[136.5296,34.735],[136.5281,34.7258],[136.5244,34.7131],[136.5243,34.7088],[136.5211,34.6985],[136.5215,34.6896],[136.5233,34.6851],[136.5277,34.6816],[136.5297,34.6842],[136.5361,34.6803],[136.5414,34.6833],[136.5469,34.6802],[136.5423,34.6747],[136.5493,34.6708],[136.5531,34.6759],[136.5577,34.6714],[136.5543,34.6674],[136.5485,34.6663],[136.5489,34.6618],[136.5479,34.6523],[136.548,34.6454],[136.55,34.6381],[136.5496,34.6347],[136.5426,34.6368],[136.5358,34.6411],[136.5323,34.6467],[136.5269,34.6487],[136.5219,34.6477],[136.5141,34.6486],[136.5072,34.6504],[136.4997,34.6511],[136.4945,34.6491],[136.489,34.6456],[136.4858,34.645],[136.4739,34.6486],[136.4637,34.6492],[136.4629,34.643],[136.4607,34.6394],[136.4564,34.637],[136.4528,34.6378],[136.4475,34.6276],[136.4397,34.6296],[136.4368,34.635],[136.4303,34.6366],[136.4226,34.6316],[136.4181,34.6241],[136.4145,34.6214],[136.4104,34.6212],[136.4019,34.6144],[136.397,34.6157],[136.3914,34.6103],[136.3919,34.6006],[136.3905,34.595],[136.3773,34.5842],[136.3762,34.5748],[136.3711,34.5717],[136.3715,34.5693],[136.3684,34.566],[136.3688,34.563],[136.3622,34.5575],[136.3628,34.5554],[136.3599,34.5493],[136.354,34.5472],[136.3547,34.5426],[136.3436,34.5328],[136.3384,34.5322],[136.3371,34.5299],[136.3382,34.5223],[136.3411,34.521],[136.3482,34.5076],[136.3461,34.5068],[136.3436,34.4998],[136.3342,34.4905],[136.3311,34.4915],[136.3246,34.4901],[136.3243,34.4793],[136.3213,34.4764],[136.3162,34.4743],[136.3142,34.4682],[136.3098,34.4637],[136.3053,34.4613],[136.2934,34.4626],[136.2876,34.4598],[136.2862,34.4555],[136.2793,34.4535],[136.256,34.4502],[136.2522,34.4478],[136.2441,34.4474],[136.2281,34.449],[136.2199,34.4481],[136.2154,34.4499],[136.2062,34.4487],[136.2086,34.4555],[136.2074,34.4606],[136.2093,34.4671],[136.2147,34.4727],[136.2155,34.4811],[136.2192,34.4852],[136.2285,34.489],[136.229,34.4947],[136.2183,34.497],[136.2146,34.5013],[136.2157,34.5078],[136.2195,34.5106],[136.2198,34.5159],[136.2159,34.5233],[136.2166,34.5279],[136.2099,34.529],[136.1936,34.5235],[136.1897,34.524],[136.1833,34.519],[136.1821,34.5168],[136.1718,34.5182],[136.1674,34.5202],[136.1672,34.5247],[136.1698,34.5272],[136.1718,34.5348],[136.1697,34.5389],[136.1597,34.5467],[136.1616,34.5483],[136.164,34.5491],[136.1706,34.5616],[136.1739,34.5623],[136.1767,34.5668],[136.1792,34.5682],[136.1845,34.5668],[136.1896,34.5688],[136.1955,34.5667],[136.1975,34.5636],[136.2012,34.5668],[136.2048,34.5647],[136.2088,34.5667],[136.2113,34.5637],[136.2192,34.5577],[136.2184,34.5643],[136.2195,34.5681],[136.2224,34.5695],[136.226,34.5789],[136.2313,34.5796],[136.2376,34.579],[136.2389,34.5803],[136.2509,34.5836],[136.2548,34.5834],[136.2529,34.5906],[136.259,34.5945],[136.2534,34.5991],[136.2501,34.5997],[136.2492,34.6055],[136.2507,34.6078],[136.2493,34.613],[136.2503,34.6195],[136.2489,34.6242],[136.2458,34.6252],[136.2454,34.6301],[136.2515,34.6344],[136.2498,34.6361],[136.2513,34.644],[136.2583,34.6455],[136.2568,34.6476],[136.2595,34.6507],[136.2616,34.6561],[136.2681,34.6573],[136.2675,34.6606],[136.275,34.6633],[136.2727,34.6674],[136.2675,34.6708],[136.2657,34.6736],[136.2727,34.6767],[136.2733,34.6805],[136.2712,34.6848],[136.2786,34.6899],[136.2793,34.6934],[136.2831,34.6963],[136.2845,34.7021],[136.2875,34.7045],[136.2897,34.709],[136.295,34.7133],[136.2946,34.7156],[136.3001,34.7164],[136.3046,34.7229],[136.3095,34.7249],[136.3084,34.7291],[136.3051,34.7315],[136.3013,34.7314],[136.2965,34.7351],[136.3004,34.7416],[136.3041,34.7444],[136.317,34.7476],[136.3192,34.7501],[136.3188,34.7548],[136.3251,34.7608],[136.3335,34.766],[136.342,34.7696],[136.3418,34.7734],[136.3365,34.7777],[136.3319,34.7873],[136.3242,34.7856],[136.3174,34.7878],[136.3132,34.7964],[136.3129,34.7999],[136.3098,34.8024],[136.3123,34.8068],[136.3141,34.8127],[136.3222,34.8122],[136.3227,34.8191],[136.3271,34.8204],[136.3343,34.8182],[136.3372,34.8197],[136.3433,34.8183],[136.3532,34.8214],[136.3649,34.8228],[136.3711,34.8197],[136.3755,34.8205],[136.3796,34.8239],[136.3813,34.8279],[136.3885,34.8347],[136.3968,34.8356],[136.4042,34.8382],[136.4026,34.8415],[136.4076,34.8433],[136.4141,34.8423],[136.4175,34.8396],[136.4218,34.8412],[136.4224,34.8444],[136.4289,34.8413],[136.4347,34.8398],[136.4335,34.8355],[136.4343,34.8279],[136.4384,34.8204],[136.4408,34.8206],[136.4492,34.8146],[136.4502,34.8109],[136.4662,34.8122],[136.469,34.8089],[136.4751,34.8098],[136.4794,34.8058],[136.4832,34.8068],[136.488,34.8023]]]]}},{"type":"Feature","properties":{"code":"24203","ja":"伊勢市","pref":"mie","kind":"city"},"geometry":{"type":"MultiPolygon","coordinates":[[[[136.816,34.4852],[136.8129,34.4824],[136.8039,34.4804],[136.8026,34.4753],[136.8063,34.4728],[136.8059,34.47],[136.8013,34.4639],[136.8009,34.4596],[136.7942,34.4598],[136.7887,34.4578],[136.7847,34.4544],[136.7815,34.446],[136.783,34.4436],[136.7827,34.4334],[136.7845,34.4308],[136.7843,34.426],[136.7875,34.4233],[136.7807,34.4169],[136.773,34.4181],[136.7628,34.412],[136.7595,34.4117],[136.7579,34.4047],[136.7544,34.4027],[136.7579,34.3994],[136.7515,34.3861],[136.7435,34.3847],[136.7347,34.3874],[136.7252,34.3879],[136.7236,34.3905],[136.7185,34.3922],[136.714,34.3888],[136.7061,34.3871],[136.7034,34.3877],[136.6944,34.3853],[136.6949,34.3905],[136.6934,34.3933],[136.6885,34.3955],[136.6843,34.3945],[136.6804,34.3964],[136.674,34.3921],[136.6651,34.3947],[136.6466,34.3964],[136.6433,34.3985],[136.6446,34.4025],[136.6426,34.4054],[136.6433,34.4115],[136.6423,34.4149],[136.6449,34.4174],[136.6434,34.4232],[136.6327,34.4314],[136.6386,34.4347],[136.6434,34.4393],[136.6435,34.4449],[136.645,34.4468],[136.6527,34.4509],[136.6507,34.4567],[136.6508,34.4605],[136.6672,34.4739],[136.6708,34.4758],[136.6695,34.4795],[136.6666,34.4804],[136.6632,34.4776],[136.6587,34.4779],[136.6538,34.4814],[136.6573,34.4866],[136.6556,34.4893],[136.652,34.4884],[136.6463,34.4831],[136.6448,34.4843],[136.6479,34.4897],[136.648,34.4949],[136.6567,34.4989],[136.6537,34.5019],[136.6495,34.4982],[136.6461,34.5006],[136.6391,34.4998],[136.6426,34.5044],[136.6434,34.5083],[136.6498,34.5103],[136.6456,34.5123],[136.6421,34.512],[136.6432,34.5168],[136.6476,34.5151],[136.6475,34.5122],[136.6543,34.5146],[136.6527,34.5189],[136.6542,34.522],[136.6582,34.5208],[136.6603,34.5202],[136.6591,34.5238],[136.6605,34.5285],[136.6517,34.5345],[136.6455,34.5363],[136.6472,34.5456],[136.6516,34.5489],[136.6583,34.5513],[136.6559,34.5565],[136.6593,34.5604],[136.6572,34.5632],[136.6604,34.5663],[136.661,34.5639],[136.6669,34.5584],[136.6797,34.5536],[136.6884,34.5512],[136.6942,34.547],[136.7002,34.5456],[136.7161,34.5445],[136.7232,34.5411],[136.7363,34.5335],[136.7409,34.5319],[136.7472,34.5263],[136.7485,34.5223],[136.7532,34.5248],[136.7576,34.5192],[136.7654,34.5136],[136.7768,34.5089],[136.7885,34.5091],[136.7957,34.5065],[136.8088,34.5083],[136.8102,34.5038],[136.8124,34.5025],[136.8127,34.4979],[136.816,34.4966],[136.8129,34.4918],[136.8162,34.4907],[136.816,34.4852]]]]}},{"type":"Feature","properties":{"code":"24215","ja":"志摩市","pref":"mie","kind":"city"},"geometry":{"type":"MultiPolygon","coordinates":[[[[136.8179,34.2931],[136.8205,34.2913],[136.8203,34.2882],[136.8118,34.2896],[136.8179,34.2931]]],[[[136.8201,34.3114],[136.8243,34.3106],[136.8262,34.307],[136.8223,34.3049],[136.8144,34.3047],[136.811,34.3062],[136.8134,34.3092],[136.8201,34.3114]]],[[[136.8763,34.3678],[136.877,34.3617],[136.8737,34.3578],[136.8677,34.3629],[136.8665,34.3657],[136.8705,34.3675],[136.8763,34.3678]]],[[[136.7435,34.3847],[136.7515,34.3861],[136.7579,34.3994],[136.7544,34.4027],[136.7579,34.4047],[136.7595,34.4117],[136.7628,34.412],[136.773,34.4181],[136.7807,34.4169],[136.7875,34.4233],[136.7938,34.4241],[136.7955,34.4223],[136.8031,34.4218],[136.8074,34.4172],[136.8154,34.4129],[136.8182,34.4129],[136.8214,34.4085],[136.8309,34.4045],[136.8316,34.4007],[136.8354,34.3992],[136.8445,34.4031],[136.8467,34.4077],[136.8533,34.4079],[136.8552,34.4051],[136.8601,34.4044],[136.8639,34.4056],[136.8683,34.4007],[136.8629,34.3991],[136.8606,34.3971],[136.8609,34.3926],[136.8652,34.3944],[136.8701,34.3871],[136.8733,34.3815],[136.8763,34.3739],[136.8715,34.3723],[136.8708,34.37],[136.8615,34.3673],[136.8579,34.3638],[136.8553,34.3686],[136.8519,34.3711],[136.847,34.372],[136.8438,34.3676],[136.8377,34.3669],[136.8376,34.3637],[136.8325,34.3635],[136.8276,34.3652],[136.823,34.3649],[136.8227,34.3611],[136.82,34.3578],[136.823,34.3541],[136.8265,34.3527],[136.8308,34.3547],[136.8342,34.3543],[136.8411,34.359],[136.8403,34.3651],[136.8447,34.3662],[136.846,34.3695],[136.8521,34.3686],[136.8529,34.3632],[136.8509,34.357],[136.8613,34.3616],[136.8677,34.3588],[136.8685,34.3543],[136.866,34.351],[136.8654,34.345],[136.8696,34.3446],[136.8702,34.3495],[136.8747,34.354],[136.8801,34.3559],[136.8812,34.3586],[136.8921,34.3655],[136.8945,34.3617],[136.903,34.3628],[136.9012,34.3555],[136.8939,34.3527],[136.887,34.3466],[136.8819,34.3454],[136.8777,34.3354],[136.8789,34.3253],[136.8852,34.318],[136.8923,34.3128],[136.8913,34.31],[136.8875,34.3079],[136.8864,34.3028],[136.8842,34.3],[136.8852,34.2972],[136.8939,34.2927],[136.8941,34.288],[136.8979,34.2864],[136.8977,34.2813],[136.9012,34.2789],[136.8977,34.2764],[136.8876,34.276],[136.8858,34.274],[136.8782,34.2728],[136.8699,34.2734],[136.8686,34.2718],[136.8714,34.2665],[136.8701,34.2626],[136.8648,34.2631],[136.8594,34.2618],[136.853,34.2617],[136.8483,34.2569],[136.8473,34.25],[136.8405,34.2522],[136.834,34.2523],[136.8193,34.2506],[136.8061,34.2544],[136.7967,34.2563],[136.7838,34.258],[136.7811,34.2608],[136.7735,34.2594],[136.7655,34.2606],[136.7632,34.2669],[136.7592,34.2695],[136.7528,34.2694],[136.752,34.2724],[136.7618,34.2735],[136.7656,34.2781],[136.7762,34.2782],[136.7818,34.2755],[136.7849,34.2783],[136.7984,34.2762],[136.8037,34.2733],[136.8137,34.272],[136.814,34.266],[136.8214,34.2733],[136.8259,34.2707],[136.8296,34.271],[136.8305,34.2662],[136.8343,34.2646],[136.8357,34.261],[136.8416,34.2645],[136.8426,34.2674],[136.8468,34.2697],[136.8518,34.2684],[136.8536,34.2741],[136.8572,34.2772],[136.8543,34.2798],[136.8483,34.276],[136.8459,34.276],[136.839,34.2707],[136.8329,34.2714],[136.8305,34.2759],[136.8325,34.2842],[136.8391,34.2913],[136.8428,34.2907],[136.8476,34.2874],[136.8565,34.2859],[136.8627,34.2858],[136.8638,34.2918],[136.8565,34.2878],[136.8502,34.291],[136.8465,34.2952],[136.8427,34.2948],[136.8404,34.2977],[136.8327,34.2969],[136.829,34.3029],[136.8359,34.3035],[136.839,34.3051],[136.848,34.3039],[136.8504,34.3073],[136.8453,34.3107],[136.8482,34.3135],[136.8415,34.3142],[136.8386,34.3119],[136.8376,34.308],[136.8295,34.308],[136.824,34.3115],[136.8211,34.315],[136.8187,34.3125],[136.8135,34.3104],[136.8052,34.3096],[136.8091,34.3136],[136.8028,34.3189],[136.8024,34.3152],[136.7992,34.3125],[136.7976,34.3076],[136.8044,34.3057],[136.8086,34.3016],[136.8089,34.2978],[136.8037,34.2956],[136.7983,34.2907],[136.7935,34.2889],[136.787,34.2892],[136.7786,34.2917],[136.7799,34.2974],[136.7732,34.2964],[136.7734,34.3013],[136.7752,34.3056],[136.772,34.3088],[136.7758,34.3139],[136.7626,34.3132],[136.7656,34.3066],[136.7651,34.3045],[136.7584,34.306],[136.7607,34.3021],[136.7547,34.3017],[136.7548,34.299],[136.7597,34.2972],[136.7509,34.293],[136.7431,34.299],[136.7398,34.2993],[136.7357,34.3023],[136.7293,34.3021],[136.7245,34.3043],[136.7185,34.3038],[136.7158,34.3022],[136.7121,34.3063],[136.7046,34.3049],[136.7018,34.306],[136.7045,34.3128],[136.7087,34.3145],[136.7172,34.3147],[136.7208,34.3169],[136.7241,34.3163],[136.7319,34.3205],[136.7344,34.3201],[136.7416,34.3223],[136.7456,34.3253],[136.7457,34.3322],[136.7487,34.336],[136.7545,34.3385],[136.7561,34.3413],[136.7533,34.3445],[136.7537,34.3473],[136.748,34.352],[136.7553,34.364],[136.7541,34.3682],[136.7433,34.3791],[136.7435,34.3847]]]]}},{"type":"Feature","properties":{"code":"25201","ja":"大津市","pref":"shiga","kind":"city"},"geometry":{"type":"MultiPolygon","coordinates":[[[[136.0163,35.2313],[136.0109,35.2248],[135.9959,35.1902],[135.9824,35.1867],[135.9726,35.181],[135.9593,35.1472],[135.9403,35.1375],[135.9385,35.1262],[135.9352,35.1212],[135.9356,35.1156],[135.9314,35.1095],[135.9233,35.0882],[135.9147,35.0795],[135.9115,35.0698],[135.8922,35.0446],[135.888,35.0353],[135.8879,35.0324],[135.8912,35.0235],[135.8937,35.0224],[135.8982,35.0125],[135.9013,35.0025],[135.9007,34.9974],[135.9029,34.9924],[135.9088,34.9954],[135.9189,34.9963],[135.93,34.9942],[135.9303,34.9964],[135.9398,34.9924],[135.9397,34.9885],[135.9431,34.9864],[135.9466,34.981],[135.9502,34.9722],[135.955,34.9738],[135.9584,34.9725],[135.9631,34.9764],[135.9654,34.9758],[135.967,34.983],[135.9762,34.9849],[135.9792,34.9834],[135.9779,34.98],[135.9873,34.9781],[135.9894,34.9799],[135.9989,34.9768],[136.0042,34.9801],[136.0079,34.9785],[136.0103,34.9755],[136.0116,34.9699],[136.014,34.9659],[136.0141,34.9626],[136.0094,34.963],[136.0058,34.9612],[136.0011,34.9608],[136.0036,34.9568],[136.0101,34.9546],[136.0114,34.9511],[136.017,34.9438],[136.0261,34.9417],[136.0301,34.9397],[136.0411,34.9452],[136.0397,34.9422],[136.0332,34.9382],[136.0377,34.9334],[136.0424,34.9304],[136.0418,34.9234],[136.0384,34.9215],[136.0355,34.9239],[136.0235,34.9215],[136.0214,34.9175],[136.0156,34.9175],[136.0116,34.9202],[136.0029,34.9144],[135.9995,34.9093],[135.9928,34.9086],[135.9918,34.9009],[135.987,34.8976],[135.9875,34.8898],[135.9807,34.8897],[135.9748,34.8884],[135.9747,34.8917],[135.9719,34.8936],[135.9675,34.8912],[135.9664,34.8831],[135.9644,34.88],[135.9554,34.8806],[135.9496,34.8796],[135.9472,34.8776],[135.9433,34.8782],[135.9401,34.8803],[135.9412,34.8847],[135.9396,34.8885],[135.9403,34.8924],[135.9361,34.8916],[135.924,34.8849],[135.9127,34.8835],[135.9099,34.8804],[135.9095,34.8769],[135.8997,34.8713],[135.8887,34.8755],[135.8855,34.8782],[135.8887,34.8813],[135.8842,34.8845],[135.8815,34.8837],[135.8759,34.8863],[135.8667,34.8922],[135.8673,34.8968],[135.8631,34.9036],[135.8712,34.9099],[135.8712,34.9151],[135.869,34.9202],[135.8719,34.9239],[135.8707,34.926],[135.88,34.9345],[135.876,34.9432],[135.8785,34.9474],[135.8757,34.9505],[135.8754,34.9536],[135.8649,34.9571],[135.8634,34.9601],[135.8562,34.9671],[135.8557,34.9699],[135.8523,34.9713],[135.8541,34.9766],[135.8568,34.98],[135.855,34.9848],[135.8491,34.9848],[135.8493,34.9917],[135.8423,34.99],[135.8275,34.9911],[135.8325,34.9991],[135.8366,35.0012],[135.834,35.0045],[135.8327,35.0094],[135.8241,35.0088],[135.8202,35.0129],[135.8317,35.0117],[135.8355,35.0123],[135.8345,35.0221],[135.8301,35.0214],[135.8264,35.0236],[135.8281,35.0284],[135.8246,35.0356],[135.8217,35.0361],[135.8154,35.0421],[135.8159,35.0474],[135.8212,35.0494],[135.827,35.0538],[135.8316,35.0526],[135.8349,35.0556],[135.8358,35.0623],[135.8344,35.0677],[135.8319,35.0715],[135.8342,35.076],[135.8384,35.0791],[135.8399,35.0861],[135.8351,35.0913],[135.8379,35.0975],[135.843,35.1025],[135.8433,35.1099],[135.845,35.1143],[135.8474,35.1142],[135.8499,35.1205],[135.8496,35.127],[135.8523,35.1343],[135.8502,35.1353],[135.8487,35.1419],[135.8526,35.1462],[135.8546,35.1527],[135.8568,35.1536],[135.8562,35.1594],[135.8503,35.1603],[135.8468,35.1624],[135.8424,35.1739],[135.8432,35.1789],[135.8406,35.1801],[135.8419,35.1898],[135.8398,35.1915],[135.8353,35.2023],[135.8355,35.2067],[135.8311,35.2104],[135.8324,35.2143],[135.8298,35.2162],[135.8293,35.2205],[135.8308,35.2228],[135.8373,35.226],[135.8375,35.2376],[135.8353,35.2397],[135.84,35.2439],[135.8402,35.248],[135.844,35.2518],[135.8423,35.2533],[135.8461,35.2571],[135.8447,35.2613],[135.8475,35.2667],[135.8525,35.269],[135.855,35.2722],[135.8546,35.2754],[135.8585,35.2784],[135.8608,35.283],[135.8659,35.2802],[135.8697,35.2821],[135.883,35.2847],[135.8875,35.2836],[135.8971,35.2783],[135.9061,35.2751],[135.9045,35.271],[135.9104,35.2642],[135.9171,35.264],[135.919,35.2606],[135.928,35.2583],[135.9323,35.261],[135.937,35.2606],[135.9407,35.2672],[135.9441,35.2672],[135.9487,35.2742],[135.9551,35.2756],[135.9566,35.2777],[135.9653,35.2747],[135.9718,35.2747],[135.9768,35.2724],[135.9836,35.2724],[135.988,35.267],[135.9911,35.2672],[135.9937,35.2644],[136.0163,35.2313]]]]}},{"type":"Feature","properties":{"code":"26100","ja":"京都市","pref":"kyoto","kind":"designated"},"geometry":{"type":"Polygon","coordinates":[[[135.8608,35.283],[135.8585,35.2784],[135.8546,35.2754],[135.855,35.2722],[135.8525,35.269],[135.8475,35.2667],[135.8447,35.2613],[135.8461,35.2571],[135.8423,35.2533],[135.844,35.2518],[135.8402,35.248],[135.84,35.2439],[135.8353,35.2397],[135.8375,35.2376],[135.8373,35.226],[135.8308,35.2228],[135.8293,35.2205],[135.8298,35.2162],[135.8324,35.2143],[135.8311,35.2104],[135.8355,35.2067],[135.8353,35.2023],[135.8398,35.1915],[135.8419,35.1898],[135.8406,35.1801],[135.8432,35.1789],[135.8424,35.1739],[135.8468,35.1624],[135.8503,35.1603],[135.8562,35.1594],[135.8568,35.1536],[135.8546,35.1527],[135.8526,35.1462],[135.8487,35.1419],[135.8502,35.1353],[135.8523,35.1343],[135.8496,35.127],[135.8499,35.1205],[135.8474,35.1142],[135.845,35.1143],[135.8433,35.1099],[135.843,35.1025],[135.8379,35.0975],[135.8351,35.0913],[135.8399,35.0861],[135.8384,35.0791],[135.8342,35.076],[135.8319,35.0715],[135.8344,35.0677],[135.8358,35.0623],[135.8349,35.0556],[135.8316,35.0526],[135.827,35.0538],[135.8212,35.0494],[135.8159,35.0474],[135.8154,35.0421],[135.8217,35.0361],[135.8246,35.0356],[135.8281,35.0284],[135.8264,35.0236],[135.8301,35.0214],[135.8345,35.0221],[135.8355,35.0123],[135.8317,35.0117],[135.8202,35.0129],[135.8241,35.0088],[135.8327,35.0094],[135.834,35.0045],[135.8366,35.0012],[135.8325,34.9991],[135.8275,34.9911],[135.8423,34.99],[135.8493,34.9917],[135.8491,34.9848],[135.855,34.9848],[135.8568,34.98],[135.8541,34.9766],[135.8523,34.9713],[135.8557,34.9699],[135.8562,34.9671],[135.8634,34.9601],[135.8649,34.9571],[135.8754,34.9536],[135.8757,34.9505],[135.8785,34.9474],[135.8746,34.9476],[135.8627,34.9508],[135.8595,34.9539],[135.8595,34.957],[135.8519,34.9569],[135.8471,34.9484],[135.8499,34.9394],[135.8488,34.9326],[135.8447,34.9355],[135.8302,34.9353],[135.831,34.9327],[135.8294,34.9274],[135.8181,34.9266],[135.8143,34.9293],[135.8108,34.9365],[135.8075,34.9376],[135.7977,34.9345],[135.7922,34.9303],[135.7898,34.917],[135.7806,34.9171],[135.7762,34.9161],[135.7609,34.9081],[135.753,34.9041],[135.7478,34.9113],[135.7446,34.9104],[135.7403,34.9047],[135.7319,34.9044],[135.7195,34.8981],[135.7159,34.8992],[135.7201,34.8929],[135.7215,34.8893],[135.7225,34.888],[135.7287,34.8852],[135.7275,34.8831],[135.7327,34.8783],[135.7325,34.8749],[135.7238,34.8804],[135.7155,34.8828],[135.7157,34.8872],[135.7119,34.8873],[135.7119,34.8932],[135.709,34.8956],[135.7055,34.8946],[135.7031,34.8987],[135.7056,34.9003],[135.7065,34.9081],[135.7096,34.9126],[135.7142,34.916],[135.7152,34.9192],[135.7146,34.929],[135.7139,34.9356],[135.7167,34.9373],[135.7183,34.9421],[135.7171,34.9448],[135.7175,34.9505],[135.7134,34.9518],[135.7095,34.9557],[135.71,34.9625],[135.7051,34.9634],[135.6999,34.9657],[135.6998,34.9685],[135.6929,34.9684],[135.6874,34.9667],[135.6831,34.969],[135.6831,34.9642],[135.695,34.9466],[135.6914,34.9454],[135.6799,34.9445],[135.6746,34.9456],[135.6719,34.9423],[135.6662,34.9391],[135.6637,34.9361],[135.6599,34.9355],[135.6593,34.9329],[135.654,34.9341],[135.6484,34.9324],[135.6461,34.9295],[135.6431,34.9297],[135.6329,34.9346],[135.6281,34.9337],[135.6237,34.9349],[135.6191,34.932],[135.6152,34.9276],[135.6076,34.9283],[135.6054,34.9274],[135.601,34.9297],[135.6034,34.9358],[135.6076,34.9369],[135.6107,34.9397],[135.6115,34.9438],[135.6187,34.9588],[135.6156,34.9628],[135.6133,34.9712],[135.6239,34.9744],[135.6277,34.9726],[135.6303,34.9745],[135.6412,34.9756],[135.6381,34.9808],[135.6377,34.9892],[135.639,34.9979],[135.646,35.0014],[135.6467,35.0075],[135.643,35.0131],[135.6364,35.0191],[135.6398,35.0234],[135.635,35.0309],[135.6296,35.0351],[135.6262,35.0396],[135.6218,35.038],[135.6175,35.042],[135.6181,35.0488],[135.6174,35.0555],[135.6219,35.0646],[135.6188,35.0682],[135.6084,35.0665],[135.6052,35.062],[135.6025,35.0629],[135.5995,35.0707],[135.5962,35.0712],[135.59,35.0771],[135.5922,35.0791],[135.5919,35.084],[135.5942,35.0882],[135.5982,35.0924],[135.5979,35.0944],[135.6008,35.0954],[135.6051,35.0927],[135.6145,35.0974],[135.6165,35.1039],[135.612,35.1049],[135.6039,35.1123],[135.6024,35.1105],[135.5973,35.11],[135.5922,35.1168],[135.591,35.1242],[135.5951,35.1263],[135.5955,35.1289],[135.5837,35.1273],[135.5776,35.1277],[135.5753,35.1326],[135.5709,35.1309],[135.5679,35.1276],[135.5614,35.1326],[135.559,35.1369],[135.5624,35.1482],[135.5603,35.1506],[135.5616,35.1565],[135.5739,35.169],[135.5735,35.1713],[135.5786,35.1801],[135.5829,35.1853],[135.5842,35.1897],[135.5873,35.1908],[135.5912,35.1952],[135.5922,35.1988],[135.5965,35.2026],[135.5966,35.2121],[135.5943,35.2122],[135.5899,35.2164],[135.5911,35.2205],[135.5953,35.2212],[135.5991,35.2251],[135.6021,35.2252],[135.6087,35.2283],[135.6192,35.2255],[135.6202,35.2332],[135.6297,35.236],[135.6285,35.2394],[135.6288,35.2454],[135.6306,35.2488],[135.6364,35.2532],[135.64,35.2581],[135.6439,35.2571],[135.6463,35.2598],[135.6519,35.26],[135.6548,35.2632],[135.6608,35.2604],[135.6651,35.2604],[135.681,35.2568],[135.6841,35.2579],[135.6894,35.2552],[135.6992,35.258],[135.7036,35.2575],[135.7072,35.2614],[135.712,35.261],[135.7175,35.2654],[135.7251,35.2656],[135.7273,35.2678],[135.7256,35.2717],[135.7315,35.2779],[135.7292,35.2836],[135.7361,35.2877],[135.7483,35.2867],[135.7572,35.2884],[135.7628,35.2879],[135.7661,35.2896],[135.7719,35.288],[135.7748,35.2841],[135.7814,35.2901],[135.7777,35.2946],[135.7784,35.3018],[135.7775,35.3051],[135.7877,35.308],[135.7898,35.3137],[135.7946,35.3189],[135.7952,35.3213],[135.8036,35.3173],[135.8088,35.3169],[135.8113,35.3136],[135.8107,35.3084],[135.8144,35.3071],[135.8149,35.3013],[135.8196,35.2994],[135.8214,35.2969],[135.82,35.2911],[135.8296,35.2768],[135.8346,35.2741],[135.8401,35.2756],[135.8418,35.2782],[135.8497,35.2803],[135.8517,35.286],[135.8551,35.2883],[135.8585,35.2871],[135.8608,35.283]]]}},{"type":"Feature","properties":{"code":"27100","ja":"大阪市","pref":"osaka","kind":"designated"},"geometry":{"type":"MultiPolygon","coordinates":[[[[135.3494,34.6201],[135.3458,34.6173],[135.3441,34.6227],[135.3533,34.6324],[135.3586,34.6276],[135.3494,34.6201]]],[[[135.3796,34.6609],[135.3795,34.6601],[135.3998,34.657],[135.4046,34.6538],[135.3928,34.6419],[135.379,34.6432],[135.3729,34.6521],[135.3796,34.6609]]],[[[135.4027,34.6732],[135.4095,34.6688],[135.411,34.6656],[135.4098,34.659],[135.388,34.6628],[135.3881,34.6678],[135.4027,34.6732]]],[[[135.5219,34.5943],[135.5058,34.5866],[135.5027,34.5862],[135.5001,34.5872],[135.4952,34.5943],[135.4869,34.596],[135.4782,34.5982],[135.4693,34.6018],[135.4465,34.6084],[135.4375,34.6082],[135.4375,34.6108],[135.4235,34.6108],[135.4235,34.619],[135.4261,34.618],[135.4266,34.6131],[135.4329,34.613],[135.4312,34.6218],[135.4413,34.6262],[135.4429,34.6181],[135.4475,34.6179],[135.4484,34.6264],[135.4481,34.6307],[135.4535,34.6292],[135.4527,34.635],[135.4482,34.6349],[135.447,34.6413],[135.4512,34.6425],[135.4504,34.6459],[135.4441,34.6445],[135.4281,34.6512],[135.4263,34.6558],[135.4181,34.6595],[135.416,34.6523],[135.4144,34.6521],[135.4175,34.6638],[135.4167,34.6733],[135.4083,34.6719],[135.4089,34.6755],[135.4224,34.6796],[135.4222,34.6833],[135.4177,34.6881],[135.4117,34.6909],[135.4073,34.6971],[135.4129,34.7021],[135.4246,34.7059],[135.4295,34.7114],[135.4369,34.715],[135.4458,34.7181],[135.448,34.7217],[135.4455,34.7291],[135.449,34.7341],[135.4554,34.7343],[135.4603,34.7332],[135.467,34.7307],[135.4754,34.7361],[135.481,34.7381],[135.4878,34.7499],[135.4952,34.7514],[135.4994,34.748],[135.5067,34.7447],[135.5095,34.7454],[135.5158,34.7497],[135.519,34.7503],[135.5251,34.7478],[135.5316,34.7524],[135.529,34.7546],[135.5324,34.7594],[135.539,34.7611],[135.5441,34.7685],[135.5487,34.7685],[135.5511,34.7667],[135.5507,34.7572],[135.5582,34.7569],[135.5605,34.7541],[135.5568,34.7508],[135.5564,34.7461],[135.561,34.7402],[135.5603,34.7368],[135.5533,34.7331],[135.5551,34.7249],[135.5599,34.7262],[135.5655,34.7227],[135.5676,34.7178],[135.5699,34.709],[135.5742,34.709],[135.575,34.7174],[135.5829,34.7174],[135.5842,34.7224],[135.5872,34.7183],[135.587,34.7149],[135.5899,34.7137],[135.5994,34.7147],[135.597,34.7069],[135.5949,34.7035],[135.5848,34.6986],[135.5795,34.6897],[135.5764,34.6882],[135.5656,34.6878],[135.5634,34.6781],[135.5622,34.6679],[135.5574,34.6681],[135.557,34.6643],[135.5612,34.6626],[135.5618,34.6583],[135.5585,34.6559],[135.5608,34.6502],[135.5612,34.6436],[135.5684,34.6382],[135.5686,34.6344],[135.5747,34.6322],[135.5766,34.6265],[135.5752,34.6182],[135.5659,34.6213],[135.5636,34.6212],[135.5619,34.617],[135.5651,34.6167],[135.5692,34.6138],[135.5762,34.6138],[135.5826,34.612],[135.5869,34.6091],[135.5873,34.6048],[135.5814,34.6027],[135.58,34.6009],[135.5799,34.5941],[135.5768,34.5931],[135.5672,34.5955],[135.5496,34.5948],[135.5436,34.5952],[135.5435,34.5994],[135.5315,34.5983],[135.53,34.5941],[135.5263,34.5964],[135.5225,34.5946],[135.5219,34.5943]]],[[[135.3897,34.6283],[135.3996,34.6207],[135.406,34.6198],[135.4185,34.6195],[135.4205,34.6129],[135.4171,34.6121],[135.4027,34.6122],[135.3995,34.6207],[135.3897,34.6283]]],[[[135.417,34.6447],[135.4242,34.6427],[135.4323,34.6441],[135.4393,34.6412],[135.4416,34.6292],[135.4406,34.6279],[135.4318,34.6244],[135.4222,34.6219],[135.4207,34.6259],[135.4105,34.6259],[135.4075,34.6295],[135.4148,34.6348],[135.4123,34.6372],[135.4046,34.6316],[135.3985,34.6313],[135.3985,34.6382],[135.417,34.6447]]]]}},{"type":"Feature","properties":{"code":"27140","ja":"堺市","pref":"osaka","kind":"designated"},"geometry":{"type":"MultiPolygon","coordinates":[[[[135.5219,34.5943],[135.5226,34.5899],[135.5224,34.5767],[135.5317,34.5767],[135.5316,34.5737],[135.5356,34.5716],[135.5372,34.5656],[135.548,34.5659],[135.5491,34.5598],[135.5532,34.5539],[135.5571,34.5538],[135.561,34.5567],[135.5611,34.56],[135.5672,34.56],[135.5688,34.5572],[135.5674,34.5487],[135.5725,34.5484],[135.5771,34.5425],[135.5818,34.538],[135.5824,34.5348],[135.5872,34.5318],[135.5851,34.5275],[135.5844,34.5224],[135.5822,34.5188],[135.5821,34.5106],[135.5724,34.5115],[135.5665,34.5136],[135.5635,34.5174],[135.5628,34.5252],[135.555,34.5279],[135.5531,34.518],[135.5464,34.518],[135.5436,34.5159],[135.5439,34.5119],[135.5406,34.5112],[135.534,34.5151],[135.5326,34.5146],[135.5343,34.508],[135.5397,34.5011],[135.5385,34.4953],[135.5349,34.4929],[135.5336,34.4877],[135.5356,34.486],[135.5353,34.4798],[135.5386,34.4693],[135.542,34.4665],[135.5453,34.4623],[135.5363,34.4531],[135.5336,34.4486],[135.5261,34.4422],[135.522,34.4401],[135.5183,34.433],[135.5196,34.4311],[135.5113,34.4315],[135.5063,34.4339],[135.5007,34.4337],[135.4981,34.4377],[135.4992,34.4415],[135.4973,34.4516],[135.4944,34.4559],[135.4896,34.4603],[135.4844,34.461],[135.4784,34.4649],[135.4757,34.469],[135.4782,34.4709],[135.4736,34.4741],[135.4713,34.4776],[135.47,34.4833],[135.4662,34.483],[135.4665,34.496],[135.465,34.4998],[135.4611,34.499],[135.4633,34.5066],[135.4607,34.5121],[135.4546,34.5151],[135.4594,34.5199],[135.4546,34.5241],[135.446,34.5259],[135.4482,34.5295],[135.4461,34.5369],[135.4377,34.5411],[135.4421,34.5479],[135.4447,34.5572],[135.4304,34.5608],[135.4106,34.5608],[135.4021,34.5997],[135.4158,34.5938],[135.4208,34.5697],[135.4294,34.5707],[135.4261,34.5897],[135.4337,34.5867],[135.4343,34.5827],[135.4415,34.583],[135.4452,34.5674],[135.4524,34.5648],[135.4533,34.5665],[135.4494,34.5681],[135.4517,34.5772],[135.4494,34.587],[135.4517,34.5919],[135.4439,34.5894],[135.4367,34.589],[135.4256,34.5934],[135.4236,34.6049],[135.4339,34.6022],[135.4333,34.6008],[135.4438,34.5976],[135.4465,34.6018],[135.4369,34.6047],[135.4375,34.6082],[135.4465,34.6084],[135.4693,34.6018],[135.4782,34.5982],[135.4869,34.596],[135.4952,34.5943],[135.5001,34.5872],[135.5027,34.5862],[135.5058,34.5866],[135.5219,34.5943]]],[[[135.4123,34.5435],[135.4053,34.5473],[135.4095,34.5544],[135.416,34.55],[135.4123,34.5435]]],[[[135.4363,34.5426],[135.4262,34.5471],[135.4306,34.5538],[135.4349,34.5527],[135.4367,34.5556],[135.4409,34.5543],[135.4408,34.5493],[135.4363,34.5426]]]]}},{"type":"Feature","properties":{"code":"28100","ja":"神戸市","pref":"hyogo","kind":"designated"},"geometry":{"type":"MultiPolygon","coordinates":[[[[135.2803,34.6514],[135.2769,34.6513],[135.2745,34.6654],[135.2804,34.6661],[135.2829,34.6514],[135.2803,34.6514]]],[[[135.2814,34.6973],[135.2882,34.6967],[135.2891,34.6909],[135.2784,34.6925],[135.2788,34.6897],[135.2895,34.6881],[135.2905,34.6817],[135.2735,34.6801],[135.2545,34.6778],[135.2522,34.6934],[135.2642,34.6978],[135.2653,34.6958],[135.2724,34.6966],[135.2728,34.6988],[135.2814,34.6973]]],[[[135.304,34.71],[135.3041,34.7057],[135.2937,34.7045],[135.2922,34.7121],[135.2939,34.7177],[135.3033,34.7169],[135.304,34.71]]],[[[135.3035,34.7191],[135.2943,34.7195],[135.2919,34.7159],[135.2855,34.7141],[135.2868,34.7119],[135.288,34.704],[135.2719,34.7023],[135.2709,34.7069],[135.2678,34.7059],[135.2682,34.7019],[135.2544,34.7003],[135.2454,34.6994],[135.2398,34.7014],[135.235,34.6986],[135.2383,34.6933],[135.2241,34.6917],[135.2189,34.6955],[135.2163,34.6941],[135.2182,34.69],[135.2075,34.6843],[135.2039,34.6869],[135.2007,34.6838],[135.1904,34.6814],[135.1844,34.6821],[135.1895,34.6723],[135.1877,34.6702],[135.1831,34.6702],[135.1777,34.6705],[135.1782,34.6667],[135.1826,34.6682],[135.1874,34.6669],[135.186,34.6632],[135.1799,34.6625],[135.1806,34.6556],[135.1866,34.6522],[135.1832,34.6495],[135.1671,34.6479],[135.1476,34.6457],[135.1397,34.6425],[135.1228,34.6424],[135.1079,34.6405],[135.1022,34.6371],[135.0932,34.6347],[135.0853,34.6337],[135.0815,34.6319],[135.0743,34.6308],[135.0746,34.6283],[135.0601,34.6256],[135.0512,34.6268],[135.0517,34.6244],[135.0456,34.6247],[135.0364,34.6286],[135.0318,34.6313],[135.0321,34.6332],[135.0223,34.6414],[135.0188,34.6431],[135.0201,34.6474],[135.0297,34.6553],[135.0309,34.6596],[135.0264,34.6607],[135.0223,34.6573],[135.0179,34.659],[135.0139,34.6582],[135.0107,34.6615],[135.0061,34.658],[135.0025,34.6591],[134.9997,34.657],[134.9963,34.659],[134.9923,34.6576],[134.9869,34.6574],[134.9837,34.661],[134.98,34.6577],[134.9767,34.6587],[134.9743,34.666],[134.97,34.6715],[134.9721,34.6742],[134.9713,34.6775],[134.9673,34.68],[134.9652,34.6856],[134.9662,34.6918],[134.9642,34.6965],[134.9659,34.6976],[134.9632,34.7041],[134.9661,34.7077],[134.9649,34.7117],[134.9597,34.7134],[134.9516,34.7116],[134.9428,34.7127],[134.9405,34.7083],[134.9327,34.7021],[134.9306,34.6992],[134.9189,34.7088],[134.9171,34.7073],[134.9101,34.7204],[134.9124,34.7213],[134.9183,34.7261],[134.9235,34.7279],[134.9267,34.7271],[134.9358,34.7308],[134.9486,34.7326],[134.954,34.7371],[134.9664,34.7525],[134.9613,34.7631],[134.9725,34.7628],[134.9805,34.7695],[134.9901,34.774],[134.9966,34.7742],[135.0018,34.7756],[135.0006,34.7703],[135.0055,34.7702],[135.0075,34.7679],[135.0256,34.7641],[135.0339,34.766],[135.0387,34.7648],[135.0405,34.7697],[135.0475,34.7716],[135.051,34.7697],[135.0539,34.7651],[135.0619,34.7641],[135.0669,34.7678],[135.0762,34.7711],[135.0826,34.7784],[135.086,34.7793],[135.0946,34.7787],[135.0925,34.7856],[135.0941,34.7898],[135.0857,34.7936],[135.0819,34.8015],[135.0749,34.8057],[135.0773,34.812],[135.076,34.816],[135.0811,34.817],[135.0856,34.8217],[135.085,34.8242],[135.0923,34.8282],[135.0924,34.8323],[135.101,34.8345],[135.106,34.8436],[135.1114,34.8464],[135.1153,34.8456],[135.1226,34.8375],[135.1376,34.8361],[135.1401,34.8345],[135.1512,34.8419],[135.1554,34.8435],[135.1584,34.8512],[135.1565,34.8601],[135.1562,34.8713],[135.1585,34.8762],[135.1551,34.8821],[135.1626,34.8854],[135.1675,34.8891],[135.1786,34.8876],[135.1824,34.8886],[135.1862,34.8846],[135.1923,34.8804],[135.1975,34.8792],[135.2012,34.8759],[135.21,34.8783],[135.2163,34.8748],[135.2219,34.875],[135.2287,34.8725],[135.2325,34.8734],[135.2348,34.8759],[135.242,34.8783],[135.2482,34.8778],[135.263,34.8848],[135.2777,34.886],[135.2804,34.8857],[135.2857,34.8789],[135.2868,34.8707],[135.292,34.866],[135.2939,34.8613],[135.2915,34.8603],[135.2899,34.8556],[135.2859,34.8555],[135.2822,34.8519],[135.2802,34.8476],[135.2728,34.8467],[135.2656,34.8484],[135.2607,34.842],[135.2478,34.8453],[135.244,34.8481],[135.2399,34.8479],[135.2332,34.8453],[135.2327,34.8371],[135.2308,34.8316],[135.2297,34.8246],[135.2328,34.819],[135.2332,34.8127],[135.2421,34.8063],[135.2467,34.8039],[135.2506,34.8082],[135.2551,34.8058],[135.261,34.8053],[135.2698,34.8018],[135.2687,34.7968],[135.2709,34.7919],[135.2676,34.7811],[135.2669,34.7803],[135.2724,34.7697],[135.2758,34.7665],[135.2806,34.7586],[135.2802,34.752],[135.2871,34.7479],[135.2844,34.7444],[135.2907,34.7387],[135.2962,34.7284],[135.2996,34.7284],[135.3035,34.7191]]],[[[135.2366,34.6408],[135.2388,34.6324],[135.2093,34.6302],[135.2088,34.6337],[135.2135,34.64],[135.2278,34.6411],[135.2366,34.6408]]],[[[135.22,34.6828],[135.2256,34.6779],[135.2164,34.6751],[135.2178,34.6727],[135.228,34.6758],[135.2319,34.6735],[135.2196,34.6697],[135.2212,34.6674],[135.2334,34.6711],[135.2365,34.6653],[135.2258,34.662],[135.2281,34.658],[135.2389,34.6613],[135.2452,34.6508],[135.2172,34.6501],[135.2023,34.6593],[135.2015,34.6736],[135.2107,34.679],[135.2103,34.6813],[135.22,34.6828]]]]}},{"type":"Feature","properties":{"code":"29201","ja":"奈良市","pref":"nara","kind":"city"},"geometry":{"type":"MultiPolygon","coordinates":[[[[136.0556,34.7386],[136.0626,34.7307],[136.0632,34.7265],[136.0681,34.7239],[136.0711,34.7147],[136.0664,34.7098],[136.0601,34.7071],[136.0542,34.7062],[136.0549,34.703],[136.0519,34.7],[136.0452,34.6978],[136.0427,34.703],[136.0347,34.7007],[136.0351,34.694],[136.0303,34.6941],[136.0274,34.6968],[136.0214,34.6951],[136.0178,34.6854],[136.0155,34.6837],[136.0092,34.6834],[136.0021,34.6856],[135.9986,34.684],[135.9964,34.6869],[135.9897,34.6865],[135.9872,34.6924],[135.9863,34.6992],[135.9826,34.6978],[135.9795,34.6911],[135.9731,34.6889],[135.9683,34.6854],[135.9605,34.6865],[135.9529,34.6808],[135.9544,34.6736],[135.96,34.6706],[135.959,34.6682],[135.9603,34.6635],[135.9589,34.6603],[135.9607,34.6574],[135.9593,34.6534],[135.9788,34.6559],[135.9836,34.6595],[135.981,34.6648],[135.984,34.6675],[135.9883,34.6688],[135.9936,34.6674],[135.9889,34.6562],[135.9931,34.6533],[135.9943,34.6495],[135.998,34.6461],[136.0001,34.6411],[135.9993,34.6379],[135.9937,34.6354],[135.9928,34.6282],[135.996,34.623],[135.9996,34.6221],[135.9997,34.6186],[135.9943,34.6139],[135.9923,34.6096],[135.9895,34.6105],[135.9839,34.6077],[135.9837,34.6044],[135.979,34.6024],[135.9807,34.5987],[135.98,34.5955],[135.9727,34.5931],[135.9697,34.5889],[135.9719,34.5847],[135.9767,34.5848],[135.9781,34.5806],[135.9735,34.5787],[135.9754,34.5763],[135.9743,34.5725],[135.9766,34.5654],[135.9721,34.5585],[135.9667,34.5598],[135.962,34.5581],[135.9461,34.5603],[135.9429,34.5633],[135.9444,34.5669],[135.9408,34.5706],[135.9392,34.5745],[135.928,34.5894],[135.9249,34.5903],[135.9297,34.5916],[135.9324,34.5959],[135.9374,34.5945],[135.9392,34.5993],[135.936,34.6024],[135.9398,34.6042],[135.9406,34.607],[135.9338,34.6122],[135.9384,34.6132],[135.9417,34.618],[135.9463,34.6212],[135.9508,34.6219],[135.9476,34.6309],[135.9437,34.6313],[135.944,34.6351],[135.9396,34.642],[135.9307,34.6418],[135.9268,34.6448],[135.9264,34.632],[135.9152,34.629],[135.9109,34.6312],[135.9036,34.6327],[135.901,34.6348],[135.8967,34.635],[135.8946,34.633],[135.8953,34.6233],[135.892,34.6181],[135.8943,34.6141],[135.892,34.6096],[135.8789,34.6131],[135.8731,34.6097],[135.8699,34.6128],[135.8672,34.6209],[135.8617,34.6187],[135.8547,34.6198],[135.8517,34.6231],[135.8528,34.627],[135.8484,34.6297],[135.8496,34.6341],[135.8453,34.6342],[135.8456,34.6385],[135.8377,34.6362],[135.8295,34.6353],[135.8236,34.6372],[135.8166,34.6371],[135.8163,34.6476],[135.8129,34.647],[135.8096,34.6491],[135.8055,34.649],[135.8054,34.6529],[135.797,34.6529],[135.7943,34.6613],[135.7709,34.6614],[135.7646,34.6575],[135.7545,34.6572],[135.7486,34.6583],[135.7476,34.6601],[135.7423,34.6605],[135.7402,34.6632],[135.7335,34.6662],[135.7271,34.6652],[135.726,34.6672],[135.7269,34.6726],[135.7239,34.6737],[135.723,34.6778],[135.7197,34.683],[135.719,34.6885],[135.7172,34.6901],[135.7178,34.6949],[135.7157,34.6975],[135.7173,34.7022],[135.7136,34.7031],[135.7133,34.7059],[135.7193,34.7065],[135.7233,34.7087],[135.7291,34.7099],[135.7305,34.7139],[135.7338,34.7163],[135.7359,34.7209],[135.742,34.7256],[135.7537,34.7256],[135.7555,34.7276],[135.7613,34.726],[135.7734,34.7247],[135.7781,34.7232],[135.7845,34.7246],[135.792,34.7248],[135.8036,34.7219],[135.8058,34.718],[135.8124,34.7173],[135.8133,34.7151],[135.8198,34.7118],[135.8266,34.7137],[135.839,34.7118],[135.8418,34.7093],[135.8494,34.7083],[135.849,34.706],[135.8597,34.7072],[135.8633,34.7062],[135.8679,34.7105],[135.8727,34.7115],[135.8761,34.7139],[135.8851,34.7136],[135.8902,34.7095],[135.8954,34.7249],[135.8976,34.727],[135.8974,34.7309],[135.903,34.7329],[135.9086,34.7414],[135.9118,34.7439],[135.9162,34.7537],[135.9221,34.7548],[135.9245,34.7577],[135.929,34.7569],[135.9289,34.7527],[135.9232,34.7446],[135.9239,34.7415],[135.9325,34.7377],[135.9361,34.7401],[135.9411,34.7391],[135.9498,34.7444],[135.955,34.7483],[135.9579,34.7447],[135.9583,34.7409],[135.9623,34.7401],[135.966,34.7432],[135.9697,34.7406],[135.9728,34.7421],[135.9781,34.7371],[135.981,34.7371],[135.9861,34.7263],[135.9851,34.7192],[135.9862,34.7153],[135.9998,34.713],[136.0053,34.7173],[136.0094,34.7166],[136.0127,34.7141],[136.0139,34.7078],[136.0194,34.7086],[136.0269,34.7062],[136.0294,34.7138],[136.0338,34.7177],[136.0395,34.7201],[136.0416,34.7283],[136.0419,34.7343],[136.0449,34.7373],[136.0511,34.7388],[136.0556,34.7386]]]]}},{"type":"Feature","properties":{"code":"30201","ja":"和歌山市","pref":"wakayama","kind":"city"},"geometry":{"type":"MultiPolygon","coordinates":[[[[135.1838,34.1526],[135.1814,34.1508],[135.1769,34.1522],[135.1776,34.1551],[135.1826,34.1558],[135.1838,34.1526]]],[[[135.0207,34.293],[135.0204,34.2865],[135.0168,34.2806],[135.012,34.2795],[135.0116,34.2765],[135.0046,34.2772],[134.9994,34.2813],[135.005,34.2847],[135.0123,34.2837],[135.0207,34.293]]],[[[135.0553,34.2992],[135.0568,34.2973],[135.0487,34.2928],[135.0438,34.292],[135.0387,34.2934],[135.0356,34.2968],[135.0374,34.2986],[135.0422,34.2979],[135.049,34.2991],[135.0553,34.2992]]],[[[135.2081,34.3082],[135.2156,34.3051],[135.2218,34.3038],[135.225,34.3008],[135.2356,34.3036],[135.2467,34.3132],[135.2543,34.3157],[135.258,34.3156],[135.2631,34.3132],[135.271,34.3125],[135.2696,34.3051],[135.2725,34.3014],[135.2732,34.2969],[135.2713,34.292],[135.2761,34.2777],[135.2739,34.2713],[135.277,34.2712],[135.2722,34.2571],[135.2728,34.2535],[135.2817,34.2544],[135.2874,34.2537],[135.2977,34.2552],[135.3076,34.2522],[135.3075,34.249],[135.3115,34.2473],[135.3147,34.2389],[135.314,34.2372],[135.3072,34.2378],[135.2962,34.231],[135.2848,34.228],[135.282,34.2256],[135.2745,34.2219],[135.2746,34.2169],[135.281,34.2133],[135.28,34.2076],[135.2846,34.203],[135.2843,34.1971],[135.2785,34.1907],[135.2779,34.187],[135.285,34.1827],[135.2833,34.1786],[135.2766,34.1758],[135.2675,34.1758],[135.2617,34.1779],[135.255,34.1778],[135.2534,34.1806],[135.2472,34.1808],[135.2405,34.182],[135.2281,34.1789],[135.2269,34.1745],[135.2169,34.1753],[135.2139,34.1737],[135.2034,34.1735],[135.2038,34.1673],[135.1958,34.165],[135.1924,34.1627],[135.1926,34.1595],[135.1869,34.1565],[135.1845,34.1571],[135.1819,34.1667],[135.182,34.172],[135.1778,34.1791],[135.1799,34.1869],[135.1736,34.1883],[135.1722,34.1837],[135.1629,34.1879],[135.1568,34.1848],[135.1475,34.184],[135.1486,34.1878],[135.1454,34.1897],[135.1404,34.1893],[135.1407,34.1925],[135.1372,34.2011],[135.1413,34.2021],[135.1454,34.1958],[135.1497,34.1946],[135.1501,34.2003],[135.1455,34.2007],[135.1435,34.2028],[135.14,34.2121],[135.1403,34.2143],[135.1448,34.2148],[135.1435,34.2193],[135.1404,34.2214],[135.1396,34.2254],[135.1291,34.2247],[135.1215,34.225],[135.1104,34.227],[135.1071,34.2285],[135.1004,34.2357],[135.1038,34.2371],[135.1184,34.2348],[135.1232,34.2296],[135.1283,34.2274],[135.1327,34.2299],[135.1231,34.2417],[135.1163,34.2465],[135.1111,34.2452],[135.0958,34.2529],[135.0969,34.2577],[135.0891,34.2608],[135.0768,34.2612],[135.0723,34.2605],[135.0627,34.2623],[135.0611,34.2648],[135.0644,34.2684],[135.0652,34.2731],[135.0689,34.2756],[135.0721,34.2753],[135.0743,34.2809],[135.07,34.2855],[135.0718,34.2882],[135.0681,34.2907],[135.07,34.2981],[135.0741,34.3031],[135.0743,34.3053],[135.0796,34.3082],[135.0834,34.3064],[135.0875,34.3075],[135.0928,34.312],[135.097,34.308],[135.1027,34.3109],[135.1059,34.3088],[135.1065,34.3058],[135.1032,34.3018],[135.0969,34.2971],[135.0998,34.2927],[135.0987,34.289],[135.1091,34.2826],[135.1074,34.2785],[135.1103,34.2737],[135.117,34.273],[135.1209,34.2739],[135.1259,34.2774],[135.132,34.2723],[135.1367,34.2735],[135.1394,34.2794],[135.143,34.2804],[135.1464,34.2836],[135.1548,34.2809],[135.1575,34.2771],[135.1716,34.2806],[135.1807,34.2799],[135.1896,34.2827],[135.1916,34.2864],[135.1958,34.286],[135.1985,34.288],[135.2026,34.2876],[135.2044,34.2905],[135.2054,34.3005],[135.2085,34.3028],[135.2081,34.3082]]]]}},{"type":"Feature","properties":{"code":"31201","ja":"鳥取市","pref":"tottori","kind":"city"},"geometry":{"type":"MultiPolygon","coordinates":[[[[134.4345,35.4708],[134.4346,35.4636],[134.4381,35.4612],[134.4401,35.4427],[134.4408,35.4399],[134.4341,35.4365],[134.428,35.4349],[134.4231,35.4361],[134.4157,35.4339],[134.4047,35.4395],[134.3974,35.4403],[134.394,35.4382],[134.3865,35.4372],[134.3844,35.4358],[134.3797,35.4375],[134.3773,35.4316],[134.3633,35.4263],[134.3484,35.4254],[134.3444,35.4267],[134.3408,35.4303],[134.3304,35.4281],[134.3255,35.4297],[134.3146,35.4355],[134.3104,35.4386],[134.3036,35.4402],[134.301,35.4432],[134.2968,35.4451],[134.2888,35.4418],[134.2801,35.4444],[134.2781,35.4499],[134.2743,35.4493],[134.2728,35.4434],[134.2651,35.4401],[134.2622,35.4314],[134.2483,35.4289],[134.2449,35.4297],[134.2407,35.4281],[134.238,35.4248],[134.2381,35.4211],[134.232,35.4187],[134.227,35.4142],[134.2185,35.4139],[134.2155,35.4118],[134.2173,35.4064],[134.2159,35.4032],[134.2183,35.4017],[134.2197,35.3976],[134.2254,35.3931],[134.2318,35.3913],[134.2358,35.3862],[134.2323,35.3814],[134.2338,35.3789],[134.2307,35.3716],[134.2342,35.3608],[134.2413,35.3558],[134.2421,35.3528],[134.2384,35.3478],[134.2392,35.341],[134.2418,35.3346],[134.2443,35.3323],[134.245,35.3282],[134.2486,35.3265],[134.2541,35.3275],[134.2546,35.3206],[134.2574,35.3154],[134.2626,35.3127],[134.269,35.3125],[134.2706,35.3091],[134.2657,35.3051],[134.2573,35.3029],[134.2523,35.2961],[134.2444,35.2983],[134.2357,35.2963],[134.2313,35.2975],[134.2237,35.2974],[134.2197,35.3015],[134.2138,35.2943],[134.2085,35.292],[134.2078,35.2897],[134.1991,35.2872],[134.1979,35.2808],[134.1947,35.2789],[134.1867,35.2788],[134.1779,35.277],[134.1601,35.272],[134.1565,35.2717],[134.148,35.2779],[134.1488,35.2812],[134.1399,35.281],[134.1392,35.2791],[134.1356,35.2824],[134.1315,35.2804],[134.1222,35.2811],[134.1138,35.286],[134.1141,35.2885],[134.1028,35.2964],[134.0979,35.3033],[134.0977,35.3057],[134.0914,35.3053],[134.0862,35.3074],[134.0852,35.3039],[134.0816,35.3023],[134.0759,35.3028],[134.0707,35.2993],[134.0622,35.3031],[134.0547,35.2982],[134.0482,35.2985],[134.0441,35.3028],[134.0377,35.3046],[134.0339,35.3039],[134.0302,35.3054],[134.0253,35.3075],[134.0217,35.3056],[134.0122,35.3068],[134.0079,35.3085],[133.9995,35.3147],[134.0013,35.3202],[134.0042,35.3253],[134.0121,35.33],[134.0154,35.3339],[134.0108,35.3404],[134.0154,35.3453],[134.0149,35.3504],[134.0199,35.356],[134.0178,35.3611],[134.019,35.3636],[134.0243,35.3644],[134.0243,35.368],[134.0285,35.369],[134.0316,35.3664],[134.0379,35.3723],[134.0412,35.3734],[134.0415,35.3764],[134.035,35.3791],[134.0316,35.3792],[134.027,35.3823],[134.0206,35.3844],[134.0168,35.3869],[134.009,35.3885],[134.0028,35.3908],[133.9995,35.3892],[133.9914,35.3936],[133.9912,35.3964],[133.995,35.403],[134.0009,35.4063],[133.9989,35.4114],[133.9953,35.4139],[133.9939,35.4181],[133.9962,35.4226],[133.9937,35.4235],[133.9888,35.4207],[133.9831,35.4251],[133.978,35.4251],[133.9709,35.4221],[133.9659,35.4242],[133.9648,35.4266],[133.9536,35.4273],[133.9515,35.4281],[133.9499,35.4309],[133.9509,35.4368],[133.9474,35.4411],[133.9537,35.4508],[133.9522,35.4541],[133.9483,35.4566],[133.9461,35.4618],[133.9485,35.4692],[133.9517,35.4748],[133.9523,35.4798],[133.9558,35.4859],[133.9543,35.4884],[133.9573,35.4992],[133.9643,35.5031],[133.9694,35.5088],[133.9709,35.5121],[133.9707,35.5183],[133.9652,35.5228],[133.9697,35.5216],[133.973,35.5229],[133.9802,35.5222],[133.9894,35.5229],[133.9912,35.5253],[133.9957,35.5242],[134.0008,35.526],[134.0025,35.5317],[134.0063,35.5374],[134.0085,35.5377],[134.0153,35.5299],[134.0185,35.522],[134.0218,35.5197],[134.034,35.5185],[134.057,35.5189],[134.0766,35.5209],[134.0803,35.5222],[134.0826,35.5253],[134.0984,35.5244],[134.1091,35.5252],[134.1142,35.5263],[134.1249,35.527],[134.1287,35.5279],[134.1522,35.5309],[134.1695,35.5336],[134.1781,35.5361],[134.1793,35.5381],[134.1862,35.5385],[134.1871,35.5429],[134.193,35.543],[134.1972,35.5409],[134.2078,35.5416],[134.2228,35.5444],[134.2311,35.5464],[134.2419,35.5501],[134.2576,35.5546],[134.2725,35.5607],[134.2771,35.569],[134.2778,35.5727],[134.2827,35.5671],[134.2866,35.5679],[134.2916,35.5621],[134.2947,35.562],[134.2961,35.5561],[134.2993,35.5486],[134.306,35.5471],[134.3076,35.5396],[134.3092,35.5381],[134.3168,35.5384],[134.3175,35.5357],[134.3268,35.5338],[134.3288,35.5281],[134.3273,35.5226],[134.3231,35.513],[134.3266,35.5104],[134.3234,35.5024],[134.3243,35.4976],[134.3211,35.4956],[134.3189,35.4918],[134.3194,35.487],[134.3286,35.4849],[134.3293,35.483],[134.3359,35.4781],[134.3387,35.4793],[134.3452,35.4778],[134.3504,35.4779],[134.3527,35.482],[134.3567,35.4816],[134.3611,35.4839],[134.3652,35.4895],[134.3679,35.4899],[134.3738,35.4956],[134.3747,35.499],[134.3789,35.5006],[134.3856,35.5],[134.3874,35.4981],[134.3932,35.5006],[134.4003,35.4922],[134.4004,35.4901],[134.4048,35.4875],[134.4089,35.4869],[134.4136,35.4898],[134.4218,35.4868],[134.4271,35.4861],[134.4271,35.4817],[134.4308,35.4784],[134.4302,35.4756],[134.4345,35.4708]]]]}},{"type":"Feature","properties":{"code":"32201","ja":"松江市","pref":"shimane","kind":"city"},"geometry":{"type":"MultiPolygon","coordinates":[[[[133.1264,35.5962],[133.1245,35.5931],[133.1259,35.5896],[133.1236,35.5874],[133.1197,35.59],[133.1224,35.5949],[133.1264,35.5962]]],[[[133.2447,35.5491],[133.2338,35.5494],[133.2277,35.5489],[133.2185,35.5463],[133.2097,35.5403],[133.201,35.5352],[133.1982,35.5287],[133.1986,35.526],[133.2081,35.5105],[133.2161,35.4955],[133.222,35.4814],[133.2002,35.4664],[133.19,35.4635],[133.1852,35.4608],[133.1874,35.4444],[133.1913,35.4399],[133.1913,35.4325],[133.1848,35.4251],[133.182,35.4198],[133.1815,35.4113],[133.1803,35.4054],[133.1821,35.4037],[133.1782,35.399],[133.1705,35.3951],[133.1685,35.39],[133.159,35.3848],[133.1508,35.3837],[133.1426,35.3787],[133.1388,35.3775],[133.1374,35.3721],[133.1333,35.3678],[133.1307,35.3673],[133.1203,35.3603],[133.1152,35.3588],[133.1083,35.3594],[133.0998,35.3556],[133.0972,35.3528],[133.0907,35.3497],[133.0863,35.3429],[133.0829,35.3397],[133.0686,35.3313],[133.065,35.3297],[133.0534,35.3397],[133.0534,35.3428],[133.05,35.3454],[133.0497,35.3492],[133.0452,35.3532],[133.0465,35.3564],[133.0451,35.3608],[133.0497,35.3671],[133.0482,35.3745],[133.0448,35.3748],[133.0365,35.3725],[133.0349,35.3749],[133.0302,35.3767],[133.0241,35.3773],[133.0217,35.3788],[133.0175,35.375],[133.0113,35.3783],[133.009,35.3738],[133.0109,35.3689],[133.0061,35.3671],[132.9976,35.3696],[132.9957,35.3726],[132.9891,35.3705],[132.9816,35.3707],[132.9764,35.3718],[132.9732,35.3699],[132.952,35.3729],[132.9419,35.3771],[132.9369,35.3709],[132.9335,35.3759],[132.9279,35.3745],[132.9256,35.3671],[132.9228,35.3698],[132.9195,35.3695],[132.9142,35.3719],[132.914,35.3766],[132.9095,35.3809],[132.9084,35.3768],[132.9033,35.3715],[132.8953,35.3717],[132.8917,35.3744],[132.8834,35.3747],[132.8819,35.3766],[132.8848,35.3802],[132.8815,35.3862],[132.8764,35.3871],[132.8765,35.3997],[132.8878,35.4028],[132.8901,35.4045],[132.8956,35.4119],[132.9304,35.4346],[132.9344,35.4454],[132.9125,35.4649],[132.9099,35.4712],[132.9099,35.4757],[132.9077,35.4807],[132.9054,35.4892],[132.9053,35.4943],[132.9069,35.4994],[132.9026,35.5083],[132.9032,35.512],[132.9122,35.5132],[132.9178,35.5171],[132.9253,35.5159],[132.9348,35.5168],[132.9415,35.5151],[132.9492,35.5177],[132.9547,35.5183],[132.9648,35.5147],[132.9714,35.5159],[132.975,35.5206],[132.9742,35.5275],[132.9686,35.5289],[132.9694,35.5387],[132.9678,35.543],[132.9717,35.5446],[132.9793,35.5406],[132.9798,35.5456],[132.9864,35.5442],[132.9896,35.545],[132.9982,35.5437],[132.9982,35.5394],[133.0033,35.5419],[133.0097,35.5378],[133.0144,35.5398],[133.0285,35.5402],[133.0306,35.545],[133.0289,35.5502],[133.0338,35.5558],[133.0345,35.5589],[133.0388,35.5593],[133.0396,35.5552],[133.0441,35.5534],[133.049,35.5544],[133.0476,35.5586],[133.0514,35.5595],[133.0607,35.5672],[133.0604,35.5715],[133.0507,35.5745],[133.0579,35.5796],[133.0594,35.5822],[133.066,35.5783],[133.0686,35.5839],[133.0757,35.5831],[133.0849,35.58],[133.0891,35.5815],[133.0925,35.5786],[133.0959,35.5781],[133.0983,35.5805],[133.0973,35.5834],[133.0926,35.5843],[133.0916,35.5884],[133.0982,35.5889],[133.0942,35.5924],[133.0893,35.5985],[133.0853,35.5988],[133.084,35.6016],[133.0949,35.6044],[133.0973,35.6034],[133.0966,35.5991],[133.1041,35.5978],[133.1144,35.594],[133.1122,35.5889],[133.1142,35.5881],[133.119,35.5827],[133.1188,35.5801],[133.1222,35.5784],[133.1341,35.5817],[133.1328,35.5756],[133.1342,35.5718],[133.1386,35.5678],[133.139,35.5629],[133.1412,35.5609],[133.1508,35.5596],[133.1563,35.5606],[133.1582,35.5672],[133.1615,35.5719],[133.1665,35.5676],[133.1653,35.5645],[133.1684,35.5633],[133.1754,35.5645],[133.1777,35.5675],[133.1836,35.5673],[133.1886,35.5617],[133.1921,35.5622],[133.1889,35.5706],[133.189,35.5752],[133.187,35.5777],[133.1926,35.5801],[133.195,35.5747],[133.1949,35.5681],[133.1985,35.5697],[133.2048,35.5693],[133.2074,35.567],[133.211,35.5671],[133.2157,35.57],[133.216,35.5772],[133.2177,35.5801],[133.232,35.5767],[133.2257,35.5754],[133.225,35.5711],[133.2369,35.5726],[133.2367,35.57],[133.2446,35.5704],[133.2497,35.5752],[133.252,35.5755],[133.2549,35.5698],[133.2586,35.5749],[133.2626,35.5748],[133.2676,35.5787],[133.2793,35.5766],[133.2822,35.5782],[133.2872,35.5745],[133.2934,35.5767],[133.3035,35.5732],[133.3073,35.5761],[133.3159,35.5697],[133.3185,35.5703],[133.3268,35.5679],[133.3254,35.5656],[133.319,35.5626],[133.3064,35.5586],[133.3,35.5573],[133.2978,35.5589],[133.2746,35.5555],[133.2649,35.5556],[133.2629,35.5542],[133.2544,35.5539],[133.2452,35.5504],[133.2447,35.5491]]]]}},{"type":"Feature","properties":{"code":"33100","ja":"岡山市","pref":"okayama","kind":"designated"},"geometry":{"type":"MultiPolygon","coordinates":[[[[134.0343,34.5737],[134.0289,34.5785],[134.0231,34.5753],[134.019,34.5775],[134.0144,34.5777],[134.0102,34.575],[134.0054,34.5767],[133.9957,34.5775],[133.9905,34.5758],[133.9872,34.5776],[133.9823,34.5721],[133.9825,34.567],[133.9771,34.5598],[133.971,34.5576],[133.9661,34.5586],[133.9617,34.5663],[133.9581,34.5672],[133.9563,34.5704],[133.9514,34.5704],[133.9388,34.5765],[133.9313,34.5628],[133.9197,34.5449],[133.9022,34.5369],[133.8972,34.5428],[133.8933,34.5429],[133.8848,34.5379],[133.8879,34.5349],[133.8862,34.5322],[133.8866,34.5248],[133.8752,34.5241],[133.8747,34.522],[133.8665,34.5185],[133.854,34.5199],[133.8514,34.5213],[133.8499,34.5269],[133.843,34.5307],[133.8384,34.5355],[133.8331,34.5338],[133.8283,34.5345],[133.8244,34.5404],[133.8241,34.5434],[133.8207,34.5469],[133.8192,34.5507],[133.8274,34.5519],[133.8332,34.5549],[133.8318,34.5609],[133.826,34.5664],[133.8292,34.5685],[133.8331,34.5685],[133.8429,34.5796],[133.8436,34.59],[133.8383,34.5992],[133.8398,34.6004],[133.8352,34.6064],[133.8344,34.6115],[133.8359,34.6146],[133.8343,34.6177],[133.8361,34.6199],[133.8342,34.6253],[133.8303,34.6279],[133.8353,34.6302],[133.8375,34.6354],[133.8319,34.6513],[133.8367,34.6517],[133.8377,34.655],[133.835,34.6593],[133.8351,34.6618],[133.8261,34.6664],[133.825,34.6694],[133.8131,34.6678],[133.8013,34.6626],[133.7972,34.6667],[133.7954,34.6724],[133.7956,34.6769],[133.8013,34.6792],[133.8042,34.6847],[133.8025,34.6893],[133.7986,34.6905],[133.7947,34.6966],[133.7917,34.6986],[133.7872,34.6958],[133.7837,34.6993],[133.7984,34.7059],[133.7998,34.7111],[133.7988,34.7163],[133.7962,34.7233],[133.7908,34.7314],[133.7814,34.7361],[133.7787,34.7395],[133.7726,34.7422],[133.7682,34.7417],[133.7623,34.7454],[133.762,34.7486],[133.7562,34.7495],[133.7549,34.7476],[133.7494,34.7479],[133.7462,34.7534],[133.7424,34.757],[133.7398,34.7615],[133.74,34.7682],[133.7491,34.7824],[133.7483,34.7877],[133.7528,34.786],[133.7562,34.7822],[133.7584,34.7857],[133.7624,34.7865],[133.7729,34.7864],[133.7739,34.7884],[133.7742,34.7971],[133.7731,34.7998],[133.778,34.8028],[133.781,34.8089],[133.789,34.8135],[133.7994,34.8147],[133.8068,34.812],[133.8077,34.8082],[133.8149,34.8054],[133.8189,34.8066],[133.8203,34.8107],[133.8187,34.8125],[133.8182,34.8186],[133.8201,34.821],[133.8176,34.8239],[133.8161,34.8293],[133.8176,34.8345],[133.8284,34.8417],[133.8374,34.8421],[133.8435,34.8446],[133.8438,34.8499],[133.848,34.8536],[133.8449,34.8598],[133.847,34.864],[133.8432,34.8692],[133.8502,34.8794],[133.8481,34.8837],[133.8516,34.8904],[133.8566,34.8952],[133.86,34.894],[133.865,34.8964],[133.866,34.9001],[133.8719,34.9001],[133.8784,34.9031],[133.8743,34.907],[133.8673,34.9053],[133.8628,34.907],[133.8588,34.9124],[133.8503,34.916],[133.8473,34.9221],[133.8518,34.9265],[133.8524,34.9314],[133.8503,34.9344],[133.8528,34.9388],[133.8505,34.9432],[133.8541,34.9446],[133.8574,34.9428],[133.8607,34.9437],[133.8639,34.9371],[133.8749,34.9398],[133.8804,34.9447],[133.8829,34.9484],[133.8874,34.9463],[133.8881,34.944],[133.8961,34.9449],[133.9014,34.943],[133.9055,34.9491],[133.9116,34.9475],[133.9101,34.9438],[133.9064,34.9382],[133.9097,34.9327],[133.9086,34.9265],[133.9035,34.9255],[133.9005,34.9226],[133.9063,34.9182],[133.904,34.9158],[133.8983,34.9132],[133.8943,34.9135],[133.8942,34.9095],[133.8983,34.9074],[133.9026,34.9015],[133.9053,34.9053],[133.9093,34.9067],[133.913,34.9032],[133.9166,34.9032],[133.9223,34.9008],[133.9207,34.8949],[133.9264,34.8934],[133.9306,34.8878],[133.9386,34.8839],[133.9328,34.8781],[133.9278,34.8746],[133.9349,34.8731],[133.9375,34.871],[133.9468,34.8708],[133.9554,34.8727],[133.9585,34.8717],[133.9611,34.868],[133.9683,34.8531],[133.9628,34.8509],[133.9716,34.848],[133.9725,34.8457],[133.9776,34.8471],[133.9819,34.855],[133.9871,34.8543],[133.994,34.8501],[133.9929,34.8412],[133.9878,34.8357],[133.9884,34.8297],[133.9913,34.827],[133.9851,34.8199],[133.9871,34.8183],[133.9857,34.8131],[133.9856,34.807],[133.9737,34.8025],[133.9727,34.7993],[133.968,34.7951],[133.9669,34.7919],[133.9626,34.7891],[133.9617,34.786],[133.9704,34.7843],[133.9756,34.7804],[133.9807,34.7787],[133.9767,34.7693],[133.9815,34.7662],[133.986,34.7679],[133.9859,34.7614],[133.9801,34.7556],[133.9726,34.7539],[133.9715,34.7495],[133.9752,34.7456],[133.9799,34.7444],[133.9797,34.7416],[133.9841,34.7395],[133.9866,34.7335],[133.9888,34.7325],[133.994,34.7266],[133.9925,34.7211],[133.9936,34.7197],[134.0005,34.7263],[134.0092,34.7263],[134.0096,34.7293],[134.0287,34.7378],[134.0341,34.7418],[134.0355,34.7444],[134.0454,34.7492],[134.0481,34.7537],[134.047,34.7566],[134.0513,34.7615],[134.0485,34.7633],[134.0489,34.7666],[134.0525,34.7701],[134.0583,34.7679],[134.061,34.7764],[134.0646,34.7799],[134.0695,34.7813],[134.081,34.7829],[134.087,34.782],[134.0878,34.7762],[134.0929,34.7702],[134.0902,34.7627],[134.093,34.7611],[134.1008,34.761],[134.1068,34.7565],[134.1091,34.7609],[134.1146,34.7575],[134.1193,34.7572],[134.1193,34.7532],[134.1224,34.753],[134.1226,34.7504],[134.1197,34.7476],[134.1162,34.7479],[134.1112,34.746],[134.1111,34.7419],[134.1062,34.7421],[134.105,34.7349],[134.1023,34.7267],[134.1005,34.723],[134.093,34.7144],[134.0869,34.7101],[134.0834,34.7062],[134.0841,34.699],[134.0809,34.6923],[134.0776,34.682],[134.0726,34.6767],[134.0602,34.6701],[134.052,34.6592],[134.0547,34.6568],[134.0595,34.6596],[134.0583,34.6518],[134.0644,34.6499],[134.0669,34.6477],[134.0773,34.6501],[134.0749,34.6408],[134.0731,34.6379],[134.08,34.6325],[134.0863,34.6325],[134.0946,34.6356],[134.0943,34.6372],[134.1013,34.6396],[134.1047,34.6375],[134.1043,34.6332],[134.1073,34.6332],[134.1163,34.6275],[134.1179,34.6237],[134.1145,34.6228],[134.112,34.616],[134.1093,34.6168],[134.1096,34.6056],[134.1128,34.6008],[134.1122,34.5885],[134.1035,34.5896],[134.0967,34.5828],[134.0913,34.5809],[134.0844,34.5811],[134.0797,34.5865],[134.069,34.5838],[134.0601,34.5846],[134.0544,34.5865],[134.053,34.5903],[134.0533,34.596],[134.058,34.6035],[134.0616,34.6027],[134.0641,34.6076],[134.0581,34.6078],[134.0474,34.5976],[134.0422,34.6084],[134.0325,34.6091],[134.029,34.6064],[134.019,34.6098],[134.0029,34.6129],[133.9959,34.6136],[133.9917,34.6125],[133.9827,34.6075],[133.9846,34.6028],[133.9774,34.6004],[133.9729,34.6033],[133.9709,34.6018],[133.9684,34.5995],[133.9572,34.5969],[133.9524,34.6025],[133.9461,34.599],[133.9482,34.5937],[133.9588,34.5841],[133.9605,34.5876],[133.968,34.5926],[133.9739,34.5945],[133.9871,34.5952],[133.9964,34.595],[134.0029,34.5931],[134.0045,34.5949],[134.0145,34.5977],[134.0261,34.599],[134.0328,34.5978],[134.0326,34.5949],[134.0373,34.5919],[134.0408,34.5875],[134.0412,34.5765],[134.0343,34.5737]]],[[[134.1042,34.5678],[134.107,34.5634],[134.1064,34.5608],[134.1017,34.5616],[134.097,34.5595],[134.0951,34.5622],[134.1002,34.567],[134.1042,34.5678]]]]}},{"type":"Feature","properties":{"code":"33202","ja":"倉敷市","pref":"okayama","kind":"city"},"geometry":{"type":"MultiPolygon","coordinates":[[[[133.8367,34.4255],[133.8309,34.4176],[133.8274,34.4228],[133.8336,34.4237],[133.8367,34.4255]]],[[[133.7612,34.4313],[133.7644,34.4273],[133.7689,34.4257],[133.775,34.4265],[133.7745,34.4217],[133.77,34.4188],[133.764,34.4197],[133.7601,34.4269],[133.7612,34.4313]]],[[[133.7153,34.4644],[133.7144,34.4621],[133.7101,34.462],[133.7115,34.4661],[133.7153,34.4644]]],[[[133.6844,34.5043],[133.6835,34.4905],[133.6691,34.4907],[133.6692,34.502],[133.6747,34.5042],[133.6844,34.5043]]],[[[133.8013,34.6626],[133.8131,34.6678],[133.825,34.6694],[133.8261,34.6664],[133.8351,34.6618],[133.835,34.6593],[133.8377,34.655],[133.8367,34.6517],[133.8319,34.6513],[133.8375,34.6354],[133.8353,34.6302],[133.8303,34.6279],[133.8258,34.6245],[133.8182,34.6212],[133.8132,34.6167],[133.814,34.6129],[133.8093,34.6112],[133.8042,34.6115],[133.8018,34.609],[133.8051,34.6045],[133.8055,34.6005],[133.8092,34.5979],[133.815,34.5989],[133.8244,34.5963],[133.8246,34.5906],[133.8282,34.5916],[133.8383,34.5992],[133.8436,34.59],[133.8429,34.5796],[133.8331,34.5685],[133.8292,34.5685],[133.826,34.5664],[133.8318,34.5609],[133.8332,34.5549],[133.8274,34.5519],[133.8192,34.5507],[133.8207,34.5469],[133.8241,34.5434],[133.8244,34.5404],[133.8283,34.5345],[133.8331,34.5338],[133.8384,34.5355],[133.843,34.5307],[133.8499,34.5269],[133.8514,34.5213],[133.854,34.5199],[133.8665,34.5185],[133.8665,34.5107],[133.869,34.5092],[133.868,34.506],[133.8702,34.5005],[133.8692,34.4961],[133.8704,34.4931],[133.865,34.4923],[133.863,34.4894],[133.8616,34.4813],[133.8636,34.4763],[133.8671,34.4751],[133.871,34.4765],[133.8765,34.4733],[133.8763,34.4679],[133.8781,34.4645],[133.881,34.4634],[133.8821,34.4599],[133.8801,34.4568],[133.8728,34.4634],[133.8671,34.4672],[133.8627,34.468],[133.8584,34.4668],[133.8556,34.4694],[133.8437,34.4701],[133.8404,34.4689],[133.8365,34.4714],[133.8365,34.4745],[133.8298,34.4725],[133.8252,34.4696],[133.8171,34.4668],[133.8148,34.4601],[133.809,34.4611],[133.8112,34.4453],[133.8144,34.438],[133.8183,34.4361],[133.8177,34.4318],[133.8143,34.4314],[133.8071,34.4359],[133.7967,34.4367],[133.7917,34.4394],[133.7885,34.4358],[133.7852,34.436],[133.7817,34.4401],[133.7806,34.4453],[133.7773,34.448],[133.7747,34.4527],[133.7713,34.4553],[133.7754,34.459],[133.7731,34.4629],[133.7675,34.4625],[133.7666,34.4723],[133.763,34.47],[133.7596,34.4702],[133.7571,34.4817],[133.7596,34.4859],[133.7511,34.4877],[133.7483,34.4894],[133.7429,34.5012],[133.7435,34.5125],[133.7391,34.5176],[133.7366,34.5172],[133.7371,34.5086],[133.7351,34.5067],[133.735,34.4986],[133.7296,34.4986],[133.7217,34.5008],[133.719,34.4964],[133.7372,34.4906],[133.7434,34.4706],[133.7374,34.4707],[133.7333,34.4745],[133.7313,34.471],[133.72,34.4745],[133.7194,34.4731],[133.7041,34.4778],[133.7053,34.523],[133.6908,34.5228],[133.6897,34.5255],[133.6843,34.5236],[133.6907,34.5196],[133.6904,34.5124],[133.684,34.5125],[133.684,34.5071],[133.6702,34.5074],[133.6704,34.5127],[133.6769,34.5149],[133.6769,34.5184],[133.6698,34.5178],[133.6586,34.5203],[133.6571,34.517],[133.648,34.5121],[133.6507,34.5085],[133.6471,34.5037],[133.6405,34.505],[133.6381,34.5014],[133.6314,34.5022],[133.6253,34.501],[133.6235,34.496],[133.6194,34.4919],[133.6116,34.4953],[133.6038,34.4951],[133.6032,34.5011],[133.6076,34.506],[133.6138,34.5078],[133.6229,34.5128],[133.6232,34.5188],[133.6271,34.5222],[133.6293,34.5206],[133.6326,34.5272],[133.6359,34.5307],[133.6372,34.5353],[133.6408,34.5394],[133.6489,34.5452],[133.6427,34.5481],[133.6479,34.5573],[133.6397,34.5606],[133.6397,34.5645],[133.6367,34.5695],[133.6296,34.5746],[133.6278,34.5744],[133.623,34.5788],[133.6232,34.5805],[133.6245,34.5818],[133.6323,34.5838],[133.636,34.5833],[133.6368,34.5865],[133.6429,34.5924],[133.6494,34.5962],[133.6388,34.606],[133.637,34.6105],[133.637,34.6149],[133.6334,34.6235],[133.6336,34.6305],[133.632,34.6341],[133.6339,34.6377],[133.6321,34.6418],[133.6354,34.644],[133.6454,34.6466],[133.6495,34.6452],[133.6589,34.65],[133.6665,34.6494],[133.6685,34.6545],[133.6736,34.6576],[133.6755,34.6603],[133.6788,34.6604],[133.6817,34.6577],[133.6888,34.6632],[133.6931,34.6644],[133.6967,34.6594],[133.7019,34.657],[133.705,34.6583],[133.7107,34.6557],[133.7168,34.6565],[133.723,34.648],[133.7272,34.6469],[133.7278,34.6401],[133.7263,34.6309],[133.7312,34.6222],[133.7391,34.6244],[133.7459,34.6223],[133.7492,34.6261],[133.7521,34.6269],[133.7572,34.6314],[133.7551,34.6338],[133.7513,34.6342],[133.758,34.6417],[133.7626,34.6434],[133.7708,34.6403],[133.7733,34.6431],[133.7805,34.6444],[133.7883,34.6422],[133.7907,34.6426],[133.7933,34.6389],[133.7989,34.6406],[133.7983,34.6479],[133.8003,34.6491],[133.7988,34.6537],[133.8008,34.6558],[133.8013,34.6626]]]]}},{"type":"Feature","properties":{"code":"34100","ja":"広島市","pref":"hiroshima","kind":"designated"},"geometry":{"type":"MultiPolygon","coordinates":[[[[132.347,34.3565],[132.344,34.3609],[132.3423,34.3663],[132.3355,34.3676],[132.3346,34.3722],[132.3236,34.3796],[132.317,34.3812],[132.3209,34.3881],[132.317,34.3916],[132.3205,34.3935],[132.3208,34.3973],[132.3243,34.4058],[132.3166,34.4061],[132.313,34.41],[132.3144,34.4159],[132.3114,34.4193],[132.3052,34.4145],[132.2995,34.4073],[132.3004,34.3991],[132.3035,34.3926],[132.3029,34.3886],[132.3001,34.3843],[132.2932,34.3853],[132.29,34.388],[132.2844,34.3897],[132.2831,34.4002],[132.2847,34.4024],[132.2813,34.4096],[132.2784,34.4113],[132.2743,34.4106],[132.269,34.4137],[132.2653,34.4124],[132.2547,34.4141],[132.2543,34.4178],[132.2494,34.4236],[132.2451,34.4232],[132.238,34.4278],[132.2356,34.4311],[132.2289,34.4311],[132.2189,34.4199],[132.2182,34.4163],[132.208,34.4157],[132.1956,34.4158],[132.1909,34.4243],[132.1935,34.4314],[132.1914,34.4352],[132.1851,34.4394],[132.179,34.4405],[132.1785,34.4426],[132.1845,34.4454],[132.1823,34.4485],[132.1867,34.4508],[132.1904,34.4494],[132.1961,34.4531],[132.1935,34.4574],[132.1946,34.4623],[132.1935,34.4679],[132.1967,34.4776],[132.2032,34.4847],[132.1999,34.4909],[132.1888,34.4983],[132.1961,34.4964],[132.2039,34.4994],[132.2052,34.5019],[132.2038,34.5061],[132.2057,34.5098],[132.215,34.5142],[132.2207,34.5131],[132.2221,34.5111],[132.2299,34.5094],[132.2332,34.511],[132.239,34.5074],[132.2424,34.5104],[132.2396,34.517],[132.2439,34.5229],[132.2482,34.5268],[132.2492,34.5296],[132.2557,34.5313],[132.2655,34.5359],[132.2695,34.5354],[132.2729,34.5393],[132.2789,34.5423],[132.2815,34.5411],[132.286,34.5439],[132.2915,34.5447],[132.2922,34.5474],[132.305,34.5507],[132.3134,34.5516],[132.3235,34.5538],[132.3286,34.5528],[132.331,34.5553],[132.3404,34.5552],[132.3428,34.5518],[132.3526,34.5546],[132.3607,34.5506],[132.3635,34.5475],[132.3636,34.5435],[132.361,34.5429],[132.3599,34.5382],[132.367,34.54],[132.3676,34.545],[132.3748,34.548],[132.3748,34.551],[132.3787,34.5512],[132.3815,34.5537],[132.3866,34.5543],[132.3858,34.5586],[132.3897,34.5622],[132.3907,34.5711],[132.3882,34.5733],[132.3873,34.5831],[132.3918,34.5854],[132.3901,34.5917],[132.3946,34.5991],[132.4001,34.6039],[132.4047,34.6024],[132.407,34.603],[132.4153,34.5991],[132.4207,34.6032],[132.4259,34.6032],[132.4307,34.5973],[132.4325,34.5973],[132.439,34.592],[132.4442,34.595],[132.4497,34.5997],[132.4567,34.6032],[132.4645,34.6139],[132.4725,34.6148],[132.4804,34.6118],[132.4786,34.6082],[132.4813,34.6061],[132.4876,34.606],[132.4896,34.6033],[132.4959,34.6012],[132.4982,34.599],[132.4994,34.5937],[132.5118,34.5964],[132.5194,34.607],[132.5249,34.6064],[132.5282,34.6011],[132.5327,34.5909],[132.5308,34.5882],[132.5385,34.5832],[132.544,34.5837],[132.5508,34.5783],[132.558,34.5761],[132.5605,34.5768],[132.5657,34.5721],[132.5692,34.5726],[132.5732,34.5632],[132.5781,34.564],[132.5803,34.5689],[132.5837,34.5685],[132.5876,34.5713],[132.5908,34.5752],[132.5903,34.5816],[132.5962,34.5854],[132.598,34.5822],[132.6038,34.5859],[132.6083,34.5861],[132.6104,34.5923],[132.6086,34.5963],[132.6136,34.6012],[132.6196,34.5987],[132.6245,34.6001],[132.6325,34.5972],[132.6458,34.6021],[132.654,34.5995],[132.6577,34.6014],[132.6649,34.607],[132.6716,34.6067],[132.6791,34.604],[132.6834,34.5987],[132.6929,34.5899],[132.6921,34.587],[132.6942,34.5839],[132.6887,34.5747],[132.6857,34.5721],[132.6833,34.5655],[132.6899,34.5619],[132.6877,34.5567],[132.6912,34.5511],[132.6921,34.5463],[132.6869,34.5414],[132.6902,34.5382],[132.6961,34.5359],[132.6943,34.5345],[132.6931,34.5294],[132.6896,34.5293],[132.6843,34.5268],[132.6737,34.5304],[132.6654,34.5315],[132.663,34.5265],[132.656,34.5234],[132.6482,34.5162],[132.6492,34.5146],[132.6444,34.5053],[132.6362,34.5054],[132.6335,34.5071],[132.6283,34.4983],[132.6187,34.4908],[132.6092,34.4903],[132.6031,34.4872],[132.6011,34.4835],[132.6068,34.4811],[132.606,34.4717],[132.6025,34.4681],[132.6005,34.4621],[132.6005,34.4573],[132.6037,34.4558],[132.608,34.4565],[132.614,34.4512],[132.6126,34.4482],[132.6155,34.4465],[132.6205,34.4478],[132.6241,34.4463],[132.6333,34.45],[132.6357,34.4433],[132.6416,34.4419],[132.6475,34.4376],[132.6546,34.4435],[132.6573,34.4402],[132.6603,34.441],[132.6636,34.4374],[132.6661,34.4276],[132.6637,34.4273],[132.6598,34.4233],[132.6522,34.4223],[132.6504,34.4187],[132.6444,34.4131],[132.6425,34.4046],[132.6434,34.4023],[132.6404,34.399],[132.6465,34.3959],[132.6444,34.3888],[132.6494,34.3836],[132.6512,34.3794],[132.6501,34.3765],[132.6537,34.3687],[132.6511,34.3647],[132.6471,34.3642],[132.6442,34.3617],[132.6448,34.3562],[132.6428,34.3533],[132.6335,34.3531],[132.6306,34.3515],[132.6275,34.3531],[132.6314,34.3616],[132.6229,34.3731],[132.6177,34.3756],[132.6146,34.3749],[132.6014,34.3802],[132.5983,34.3784],[132.5916,34.3805],[132.5812,34.3808],[132.5788,34.3745],[132.5661,34.376],[132.5669,34.3816],[132.5606,34.3829],[132.558,34.3851],[132.5462,34.386],[132.5419,34.3827],[132.5364,34.3801],[132.5311,34.376],[132.5274,34.3685],[132.5182,34.3622],[132.5183,34.3617],[132.5178,34.3638],[132.5176,34.3651],[132.5062,34.3557],[132.4965,34.357],[132.4919,34.3534],[132.4826,34.3536],[132.4785,34.3567],[132.4692,34.3529],[132.4601,34.3531],[132.4575,34.3514],[132.4525,34.3527],[132.4495,34.3468],[132.4511,34.3451],[132.4498,34.3408],[132.444,34.3405],[132.4419,34.3448],[132.4379,34.3456],[132.4399,34.3524],[132.4367,34.3531],[132.4332,34.3534],[132.4205,34.3593],[132.4229,34.3629],[132.4205,34.3593],[132.4149,34.3597],[132.4132,34.3572],[132.4086,34.3605],[132.3993,34.3653],[132.3975,34.363],[132.3782,34.3609],[132.3752,34.3596],[132.3769,34.3524],[132.3691,34.3504],[132.3647,34.3475],[132.3603,34.3557],[132.3626,34.3586],[132.3493,34.3559],[132.347,34.3565]],[[132.5408,34.4176],[132.5354,34.4208],[132.5312,34.4214],[132.5216,34.4155],[132.5173,34.4135],[132.5143,34.4067],[132.5069,34.4032],[132.5042,34.4044],[132.4984,34.3966],[132.4959,34.3953],[132.5014,34.3907],[132.4998,34.3893],[132.4993,34.3857],[132.5014,34.376],[132.5162,34.375],[132.5149,34.378],[132.5236,34.3868],[132.5278,34.3884],[132.5284,34.3935],[132.5331,34.4027],[132.5322,34.4045],[132.5356,34.4105],[132.5388,34.412],[132.5408,34.4176]]],[[[132.4631,34.3169],[132.4653,34.3125],[132.4619,34.3109],[132.4604,34.3155],[132.4631,34.3169]]],[[[132.4409,34.3259],[132.4441,34.3252],[132.446,34.3211],[132.4456,34.3178],[132.4481,34.3161],[132.4448,34.3125],[132.4442,34.3078],[132.4383,34.3059],[132.4423,34.3024],[132.4415,34.298],[132.4369,34.3007],[132.4318,34.298],[132.424,34.3028],[132.4211,34.2993],[132.4169,34.2996],[132.4154,34.3023],[132.4207,34.3028],[132.424,34.3061],[132.4286,34.3081],[132.4293,34.3113],[132.4337,34.3147],[132.4326,34.3201],[132.4409,34.3259]]],[[[132.4815,34.3469],[132.4855,34.3441],[132.4866,34.336],[132.4823,34.3307],[132.4807,34.3312],[132.4768,34.3458],[132.4815,34.3469]]],[[[132.46,34.3517],[132.463,34.3504],[132.4649,34.3424],[132.4631,34.3399],[132.4586,34.3436],[132.4578,34.3465],[132.46,34.3517]]],[[[132.5192,34.3565],[132.5103,34.3535],[132.519,34.3578],[132.5192,34.3565]]],[[[132.5192,34.3565],[132.5282,34.3601],[132.5381,34.3581],[132.5392,34.3615],[132.544,34.3646],[132.5452,34.3598],[132.549,34.3568],[132.5523,34.3504],[132.5543,34.3441],[132.5514,34.3398],[132.5518,34.3315],[132.5567,34.3229],[132.5561,34.3138],[132.5545,34.3128],[132.5365,34.3147],[132.5336,34.3164],[132.5329,34.3238],[132.5301,34.3336],[132.5279,34.3341],[132.5229,34.3418],[132.5192,34.3565]]],[[[132.355,34.3488],[132.3528,34.3531],[132.3501,34.3534],[132.3542,34.3538],[132.355,34.3488]]]]}},{"type":"Feature","properties":{"code":"34205","ja":"尾道市","pref":"hiroshima","kind":"city"},"geometry":{"type":"MultiPolygon","coordinates":[[[[133.1334,34.3169],[133.1342,34.3155],[133.1409,34.3146],[133.1429,34.3121],[133.1491,34.301],[133.1498,34.2971],[133.1476,34.2939],[133.1464,34.2874],[133.1437,34.2849],[133.135,34.2826],[133.1341,34.28],[133.1252,34.2787],[133.1216,34.2753],[133.1188,34.2753],[133.1139,34.2721],[133.1124,34.2664],[133.1036,34.2638],[133.1018,34.2606],[133.0984,34.2608],[133.0943,34.2587],[133.0824,34.2559],[133.0726,34.2599],[133.0674,34.2662],[133.0682,34.2736],[133.0721,34.2788],[133.0742,34.2846],[133.0737,34.2864],[133.0838,34.3032],[133.0841,34.3083],[133.0891,34.3129],[133.0953,34.3131],[133.096,34.307],[133.1019,34.3074],[133.1082,34.3105],[133.1179,34.3104],[133.1257,34.3151],[133.1317,34.3154],[133.1334,34.3169]]],[[[133.0787,34.333],[133.0809,34.3322],[133.0824,34.328],[133.083,34.3218],[133.0871,34.3132],[133.0828,34.3098],[133.0818,34.3034],[133.0765,34.3014],[133.0693,34.3026],[133.0646,34.3051],[133.0628,34.3078],[133.0619,34.3146],[133.0662,34.3258],[133.0694,34.3273],[133.072,34.331],[133.0759,34.3309],[133.0787,34.333]]],[[[133.1517,34.3586],[133.1559,34.3567],[133.1628,34.3581],[133.1734,34.3576],[133.1765,34.3558],[133.175,34.3515],[133.1766,34.3437],[133.1823,34.3402],[133.186,34.3365],[133.189,34.3357],[133.1961,34.3382],[133.1982,34.3302],[133.2037,34.3231],[133.2035,34.3192],[133.2105,34.3186],[133.2109,34.3139],[133.2063,34.3104],[133.1987,34.3077],[133.1934,34.2999],[133.1946,34.2976],[133.2034,34.2959],[133.2096,34.2981],[133.2049,34.2915],[133.2008,34.2899],[133.1963,34.286],[133.1994,34.2795],[133.1961,34.2754],[133.1915,34.2749],[133.1806,34.2806],[133.1762,34.2865],[133.1741,34.2923],[133.1685,34.2948],[133.1633,34.2958],[133.1619,34.2976],[133.1559,34.2991],[133.152,34.3056],[133.1521,34.3085],[133.149,34.3146],[133.1431,34.3222],[133.1413,34.3262],[133.1346,34.3288],[133.134,34.3331],[133.1365,34.3387],[133.1411,34.3406],[133.1379,34.3437],[133.1415,34.3464],[133.1483,34.3492],[133.1493,34.3525],[133.1476,34.3579],[133.1517,34.3586]]],[[[133.1456,34.3708],[133.147,34.3685],[133.145,34.3632],[133.1388,34.3626],[133.1344,34.3645],[133.1378,34.3673],[133.1456,34.3708]]],[[[133.2416,34.3797],[133.2465,34.375],[133.2444,34.3708],[133.2397,34.3721],[133.2381,34.3749],[133.2416,34.3797]]],[[[133.261,34.3844],[133.2731,34.3784],[133.2795,34.3802],[133.2768,34.37],[133.2716,34.3652],[133.2702,34.3608],[133.264,34.3654],[133.2592,34.366],[133.2613,34.3704],[133.258,34.3753],[133.2575,34.3787],[133.261,34.3844]]],[[[133.1623,34.3915],[133.1683,34.3897],[133.1678,34.3872],[133.1723,34.3807],[133.1727,34.3739],[133.1665,34.3739],[133.163,34.3758],[133.1593,34.3737],[133.156,34.3743],[133.1546,34.381],[133.1516,34.3819],[133.1533,34.3859],[133.1604,34.3886],[133.1623,34.3915]]],[[[133.2155,34.4091],[133.2216,34.4065],[133.2352,34.4066],[133.2376,34.3995],[133.2369,34.3913],[133.2314,34.3928],[133.2303,34.3884],[133.2257,34.3838],[133.2213,34.3825],[133.2178,34.3766],[133.2178,34.3702],[133.2161,34.3658],[133.2127,34.3632],[133.2001,34.3586],[133.1942,34.3596],[133.1894,34.357],[133.1877,34.3591],[133.1837,34.3585],[133.1819,34.3638],[133.1744,34.3665],[133.1765,34.3709],[133.1742,34.3743],[133.1741,34.3807],[133.17,34.3872],[133.1723,34.3927],[133.1777,34.3957],[133.1866,34.3957],[133.19,34.3968],[133.2003,34.4047],[133.205,34.4048],[133.2089,34.4077],[133.2155,34.4091]]],[[[133.2853,34.3879],[133.2848,34.3871],[133.2846,34.3866],[133.2856,34.3898],[133.2808,34.3954],[133.2823,34.3992],[133.2773,34.3995],[133.2763,34.3947],[133.2708,34.3918],[133.2659,34.3923],[133.2628,34.3946],[133.2554,34.3888],[133.2521,34.3884],[133.2446,34.3911],[133.2452,34.3982],[133.2505,34.4008],[133.2556,34.4004],[133.2602,34.4038],[133.2671,34.4036],[133.272,34.4066],[133.273,34.4135],[133.2892,34.4119],[133.2966,34.3985],[133.2942,34.3949],[133.2853,34.3879]]],[[[133.1539,34.3947],[133.1571,34.3993],[133.1625,34.4027],[133.1566,34.4062],[133.1489,34.4013],[133.144,34.403],[133.1457,34.4103],[133.1416,34.4101],[133.1379,34.4132],[133.1413,34.4162],[133.1428,34.4216],[133.1483,34.4238],[133.1531,34.428],[133.1501,34.432],[133.1562,34.4372],[133.1505,34.4451],[133.1395,34.4462],[133.1343,34.4476],[133.1352,34.4523],[133.1336,34.4557],[133.1258,34.4585],[133.1237,34.4608],[133.1236,34.4658],[133.1209,34.4707],[133.1144,34.4709],[133.1154,34.478],[133.1139,34.4804],[133.1167,34.4858],[133.1133,34.4897],[133.109,34.4923],[133.1074,34.4953],[133.0989,34.4971],[133.0987,34.494],[133.0957,34.49],[133.0901,34.4873],[133.0861,34.4882],[133.0825,34.485],[133.0747,34.4863],[133.0732,34.4914],[133.0709,34.4944],[133.065,34.4942],[133.0603,34.4908],[133.0546,34.494],[133.0512,34.4998],[133.0537,34.504],[133.0527,34.5071],[133.0626,34.5159],[133.0642,34.5207],[133.0686,34.5232],[133.0682,34.5285],[133.0751,34.5294],[133.0801,34.529],[133.0801,34.5352],[133.0857,34.5373],[133.0861,34.5393],[133.0927,34.5374],[133.0971,34.5398],[133.1016,34.5393],[133.1104,34.5448],[133.1214,34.5484],[133.1258,34.5472],[133.1288,34.5498],[133.1293,34.5538],[133.1332,34.558],[133.1345,34.5645],[133.1397,34.5657],[133.142,34.5731],[133.1459,34.5702],[133.1502,34.5694],[133.154,34.565],[133.1608,34.5662],[133.1612,34.5616],[133.1656,34.5514],[133.1717,34.5472],[133.176,34.5471],[133.1771,34.5407],[133.1815,34.5418],[133.1822,34.538],[133.1882,34.5393],[133.1898,34.5331],[133.1967,34.5317],[133.1958,34.5374],[133.1999,34.5398],[133.2081,34.5363],[133.2152,34.5352],[133.2192,34.5362],[133.2213,34.5317],[133.2191,34.5244],[133.2114,34.5185],[133.212,34.5136],[133.214,34.5088],[133.219,34.5086],[133.2241,34.5108],[133.228,34.5144],[133.2351,34.5141],[133.2395,34.5108],[133.2391,34.505],[133.233,34.4972],[133.2353,34.4923],[133.2313,34.4898],[133.2296,34.4848],[133.2274,34.4835],[133.2283,34.4767],[133.2263,34.4748],[133.2206,34.4738],[133.2177,34.4757],[133.2133,34.4735],[133.2107,34.4704],[133.2164,34.4632],[133.2199,34.4627],[133.2229,34.4592],[133.2268,34.4589],[133.2293,34.4554],[133.2352,34.4595],[133.2368,34.4564],[133.24,34.455],[133.2397,34.4502],[133.2372,34.4471],[133.2264,34.4477],[133.2289,34.4434],[133.2352,34.4437],[133.239,34.4408],[133.2399,34.4359],[133.2446,34.4234],[133.2383,34.4213],[133.2369,34.4164],[133.2326,34.4116],[133.2205,34.409],[133.2153,34.411],[133.2096,34.4106],[133.1879,34.401],[133.1687,34.3961],[133.1542,34.3936],[133.1539,34.3947]]]]}},{"type":"Feature","properties":{"code":"34207","ja":"福山市","pref":"hiroshima","kind":"city"},"geometry":{"type":"MultiPolygon","coordinates":[[[[133.4672,34.3166],[133.4694,34.313],[133.464,34.3125],[133.4617,34.31],[133.4579,34.3144],[133.4626,34.3144],[133.4672,34.3166]]],[[[133.4363,34.3511],[133.4411,34.3497],[133.4418,34.3478],[133.4487,34.3396],[133.4463,34.3358],[133.4367,34.3389],[133.4303,34.3392],[133.4277,34.3445],[133.4307,34.3492],[133.4337,34.348],[133.4363,34.3511]]],[[[133.2866,34.3576],[133.2878,34.35],[133.2863,34.3481],[133.2851,34.3378],[133.2791,34.3351],[133.272,34.3354],[133.2688,34.3338],[133.2643,34.3356],[133.267,34.338],[133.2637,34.3475],[133.2708,34.3506],[133.2723,34.3527],[133.2827,34.3572],[133.2866,34.3576]]],[[[133.3187,34.3728],[133.3199,34.3675],[133.3235,34.3652],[133.3238,34.3614],[133.3318,34.3659],[133.3336,34.3685],[133.3425,34.3697],[133.3377,34.3589],[133.3349,34.3551],[133.3296,34.3555],[133.3213,34.3537],[133.3153,34.3488],[133.3121,34.3481],[133.302,34.3423],[133.2964,34.3447],[133.2924,34.3533],[133.2889,34.356],[133.2964,34.3645],[133.3017,34.3679],[133.308,34.3694],[133.315,34.3724],[133.3187,34.3728]]],[[[133.3993,34.3885],[133.3999,34.3843],[133.4034,34.3816],[133.398,34.3777],[133.3905,34.3846],[133.3911,34.3878],[133.3993,34.3885]]],[[[133.4494,34.5428],[133.4487,34.5397],[133.4533,34.535],[133.4538,34.5302],[133.4504,34.5268],[133.4473,34.5194],[133.4491,34.5132],[133.4452,34.5097],[133.4449,34.5059],[133.4534,34.5067],[133.4564,34.5001],[133.4554,34.4949],[133.4488,34.4886],[133.449,34.4859],[133.4458,34.4831],[133.4469,34.4803],[133.4454,34.4772],[133.4458,34.472],[133.4451,34.4465],[133.4426,34.4451],[133.4179,34.4569],[133.4144,34.4592],[133.4147,34.4769],[133.4085,34.4785],[133.4113,34.4705],[133.4087,34.4665],[133.4064,34.4603],[133.4081,34.4572],[133.4213,34.4495],[133.4351,34.4429],[133.433,34.4398],[133.4405,34.4363],[133.4313,34.4241],[133.413,34.4363],[133.4085,34.4375],[133.4046,34.4354],[133.4076,34.4316],[133.4076,34.4285],[133.3964,34.4269],[133.3914,34.4219],[133.3854,34.4204],[133.3821,34.4078],[133.3827,34.4061],[133.3805,34.3916],[133.3846,34.3842],[133.3782,34.3821],[133.3779,34.3775],[133.371,34.3742],[133.3669,34.369],[133.3585,34.3694],[133.3517,34.366],[133.346,34.3666],[133.3485,34.3712],[133.3471,34.3758],[133.3349,34.381],[133.3243,34.3795],[133.3148,34.3809],[133.3057,34.3875],[133.2971,34.385],[133.2925,34.3827],[133.2853,34.3879],[133.2942,34.3949],[133.2966,34.3985],[133.2892,34.4119],[133.273,34.4135],[133.2739,34.419],[133.2696,34.4254],[133.2718,34.4292],[133.2703,34.4327],[133.2665,34.4342],[133.2575,34.436],[133.2559,34.4411],[133.2516,34.4411],[133.2538,34.4311],[133.2556,34.4269],[133.2514,34.4227],[133.2482,34.4295],[133.2472,34.4363],[133.2421,34.4359],[133.2455,34.4241],[133.2446,34.4234],[133.2399,34.4359],[133.239,34.4408],[133.2352,34.4437],[133.2289,34.4434],[133.2264,34.4477],[133.2372,34.4471],[133.2397,34.4502],[133.24,34.455],[133.2368,34.4564],[133.2352,34.4595],[133.2293,34.4554],[133.2268,34.4589],[133.2229,34.4592],[133.2199,34.4627],[133.2164,34.4632],[133.2107,34.4704],[133.2133,34.4735],[133.2177,34.4757],[133.2206,34.4738],[133.2263,34.4748],[133.2283,34.4767],[133.2274,34.4835],[133.2296,34.4848],[133.2313,34.4898],[133.2353,34.4923],[133.233,34.4972],[133.2391,34.505],[133.2395,34.5108],[133.2351,34.5141],[133.228,34.5144],[133.2241,34.5108],[133.219,34.5086],[133.214,34.5088],[133.212,34.5136],[133.2114,34.5185],[133.2191,34.5244],[133.2213,34.5317],[133.2273,34.5272],[133.235,34.5291],[133.2356,34.5327],[133.2398,34.5362],[133.2421,34.5356],[133.2464,34.5384],[133.251,34.5458],[133.2577,34.5478],[133.2632,34.548],[133.2645,34.5515],[133.2679,34.5521],[133.27,34.556],[133.2682,34.5601],[133.2652,34.5619],[133.2628,34.5672],[133.2666,34.5699],[133.2663,34.576],[133.256,34.5842],[133.2569,34.5871],[133.2525,34.5883],[133.2471,34.5949],[133.2391,34.5994],[133.2366,34.608],[133.2345,34.6091],[133.2324,34.6143],[133.2356,34.6181],[133.236,34.6243],[133.2329,34.6293],[133.2297,34.6314],[133.2358,34.6366],[133.2359,34.6416],[133.2404,34.641],[133.2466,34.6472],[133.2514,34.6464],[133.2537,34.6479],[133.2549,34.6521],[133.2594,34.6488],[133.2622,34.6514],[133.2613,34.654],[133.2644,34.658],[133.2651,34.6633],[133.2699,34.666],[133.2761,34.666],[133.281,34.664],[133.2857,34.6635],[133.2857,34.6691],[133.2892,34.6676],[133.2919,34.657],[133.2895,34.648],[133.2903,34.6455],[133.2955,34.6441],[133.299,34.6466],[133.3051,34.6465],[133.3046,34.6443],[133.3092,34.6379],[133.3138,34.6365],[133.3185,34.6402],[133.3172,34.6453],[133.3196,34.6526],[133.3288,34.6604],[133.3337,34.6618],[133.3398,34.6694],[133.3396,34.6729],[133.3364,34.6764],[133.3385,34.6796],[133.3456,34.6782],[133.3465,34.6818],[133.3525,34.6841],[133.3567,34.6897],[133.364,34.6888],[133.3679,34.6903],[133.3688,34.6954],[133.3667,34.7003],[133.3603,34.7083],[133.3613,34.7121],[133.3653,34.7099],[133.3707,34.7118],[133.3731,34.708],[133.3725,34.7034],[133.3742,34.7018],[133.3742,34.6954],[133.3828,34.6902],[133.3865,34.6854],[133.3846,34.6822],[133.3855,34.6775],[133.4013,34.674],[133.4033,34.6719],[133.4028,34.6671],[133.3964,34.6559],[133.3965,34.6521],[133.3918,34.6493],[133.3907,34.6438],[133.3885,34.6434],[133.3872,34.6364],[133.3919,34.6312],[133.3884,34.6271],[133.3851,34.6254],[133.3835,34.6219],[133.3848,34.6167],[133.3907,34.6121],[133.3925,34.608],[133.3959,34.6053],[133.3981,34.5978],[133.397,34.5949],[133.4058,34.5893],[133.4108,34.5897],[133.4126,34.5869],[133.4165,34.5861],[133.4206,34.5872],[133.4232,34.5855],[133.4231,34.5787],[133.4275,34.5717],[133.4267,34.5692],[133.4312,34.5663],[133.435,34.5657],[133.4403,34.5594],[133.4459,34.5564],[133.4463,34.5511],[133.4494,34.5428]]]]}},{"type":"Feature","properties":{"code":"35203","ja":"山口市","pref":"yamaguchi","kind":"city"},"geometry":{"type":"MultiPolygon","coordinates":[[[[131.668,34.5041],[131.6755,34.5009],[131.6799,34.4932],[131.6821,34.4929],[131.6824,34.488],[131.6807,34.4854],[131.6834,34.4785],[131.6888,34.4792],[131.6934,34.4816],[131.6961,34.4808],[131.7,34.4747],[131.6989,34.4701],[131.6939,34.4657],[131.6965,34.4581],[131.6956,34.4546],[131.6991,34.4515],[131.6972,34.4461],[131.6939,34.4436],[131.6974,34.4353],[131.702,34.436],[131.7101,34.4318],[131.7129,34.4285],[131.7173,34.43],[131.7212,34.4287],[131.7296,34.4327],[131.7378,34.4286],[131.7412,34.4291],[131.7454,34.4353],[131.7519,34.439],[131.7614,34.4336],[131.7708,34.437],[131.7729,34.435],[131.7801,34.4357],[131.7866,34.4345],[131.7938,34.4362],[131.7949,34.4328],[131.7932,34.4223],[131.7869,34.4124],[131.7879,34.4081],[131.7854,34.4057],[131.7848,34.3999],[131.7788,34.3985],[131.7747,34.3947],[131.7727,34.3873],[131.7695,34.3866],[131.7635,34.3809],[131.7636,34.3771],[131.7673,34.3749],[131.766,34.3717],[131.7675,34.3672],[131.7661,34.3649],[131.7709,34.3562],[131.7606,34.3503],[131.756,34.3461],[131.7566,34.3403],[131.7543,34.3362],[131.7566,34.3314],[131.7456,34.3281],[131.7461,34.318],[131.7438,34.314],[131.7453,34.3102],[131.7495,34.3057],[131.75,34.301],[131.7442,34.2969],[131.7421,34.2929],[131.7437,34.2892],[131.7529,34.2818],[131.7577,34.2747],[131.7542,34.2712],[131.7552,34.267],[131.7533,34.2629],[131.75,34.2607],[131.7456,34.2606],[131.7412,34.2557],[131.7392,34.2478],[131.7414,34.2448],[131.7472,34.2337],[131.7472,34.2282],[131.7511,34.2246],[131.7513,34.2134],[131.7559,34.209],[131.7578,34.2042],[131.7598,34.2039],[131.764,34.1947],[131.7589,34.1897],[131.7536,34.1887],[131.7459,34.1907],[131.7383,34.1914],[131.7343,34.1895],[131.7356,34.1862],[131.7322,34.1816],[131.7331,34.1761],[131.738,34.1761],[131.7395,34.1723],[131.7367,34.1668],[131.7278,34.1641],[131.7238,34.1617],[131.7228,34.1584],[131.726,34.15],[131.7254,34.1412],[131.7199,34.1366],[131.7149,34.1364],[131.7134,34.1329],[131.7078,34.1331],[131.707,34.1357],[131.6985,34.142],[131.6926,34.1421],[131.6862,34.1326],[131.6811,34.1321],[131.6744,34.1351],[131.6666,34.1342],[131.6606,34.1367],[131.6536,34.1368],[131.6575,34.1425],[131.6587,34.1499],[131.6604,34.1519],[131.6559,34.1577],[131.6358,34.1598],[131.6309,34.1551],[131.6333,34.1498],[131.6282,34.1495],[131.6269,34.1427],[131.6192,34.1387],[131.619,34.1432],[131.6129,34.1434],[131.6075,34.1474],[131.5988,34.1466],[131.591,34.1504],[131.5823,34.1519],[131.5808,34.1503],[131.5841,34.1428],[131.5811,34.1404],[131.579,34.136],[131.5732,34.1352],[131.5731,34.1254],[131.5747,34.1219],[131.5698,34.1203],[131.5641,34.1224],[131.5573,34.1142],[131.5585,34.1069],[131.5536,34.1039],[131.5513,34.097],[131.5485,34.0957],[131.5328,34.0932],[131.532,34.0899],[131.5244,34.0894],[131.5235,34.0872],[131.5188,34.0863],[131.5141,34.0925],[131.5081,34.0989],[131.5001,34.0991],[131.4907,34.0939],[131.4906,34.0904],[131.4864,34.0881],[131.4806,34.075],[131.4663,34.0704],[131.4618,34.0658],[131.4552,34.062],[131.4554,34.0568],[131.4576,34.0537],[131.4571,34.0502],[131.4609,34.0445],[131.464,34.0459],[131.47,34.0441],[131.4711,34.0405],[131.4757,34.0376],[131.472,34.037],[131.4668,34.0332],[131.4664,34.0287],[131.4698,34.0186],[131.4723,34.02],[131.4783,34.0174],[131.4794,34.0134],[131.4714,34.0096],[131.4622,34.0037],[131.4569,34.0052],[131.4545,34.0023],[131.4608,33.9973],[131.4636,33.9933],[131.4612,33.988],[131.455,33.9884],[131.4546,33.9946],[131.4495,33.9954],[131.4421,33.9916],[131.4416,33.9829],[131.4364,33.9834],[131.4359,33.9879],[131.4292,33.9908],[131.4271,33.9885],[131.4237,33.9913],[131.4279,33.9966],[131.4317,34.0067],[131.4272,34.0144],[131.4191,34.0154],[131.4186,34.0111],[131.4122,34.0083],[131.4092,34.0052],[131.4057,33.9973],[131.4008,33.9943],[131.3947,33.996],[131.4013,33.9983],[131.4067,34.0138],[131.4123,34.0204],[131.415,34.0214],[131.4023,34.0259],[131.3972,34.0245],[131.3943,34.0262],[131.3945,34.0353],[131.3987,34.0429],[131.3972,34.045],[131.3987,34.0493],[131.3943,34.0509],[131.3846,34.05],[131.3863,34.0467],[131.384,34.0367],[131.3864,34.0321],[131.3809,34.0315],[131.3719,34.0285],[131.3724,34.0257],[131.3833,34.0219],[131.3782,34.0083],[131.3707,34.0002],[131.3631,33.997],[131.3572,33.9972],[131.348,34.0014],[131.3402,34.0009],[131.3337,33.9977],[131.3303,33.9977],[131.325,33.9999],[131.3198,33.9961],[131.3147,33.9967],[131.3135,33.9944],[131.301,33.9967],[131.2967,33.9961],[131.2957,33.9989],[131.2921,34.0011],[131.2955,34.0077],[131.2947,34.0101],[131.305,34.015],[131.306,34.0174],[131.3015,34.0187],[131.3024,34.0241],[131.3074,34.0255],[131.3067,34.0318],[131.3108,34.0331],[131.3169,34.0398],[131.3164,34.0436],[131.3186,34.0467],[131.3236,34.0458],[131.3296,34.0482],[131.336,34.0545],[131.3387,34.0627],[131.3393,34.0675],[131.344,34.0707],[131.347,34.0703],[131.3498,34.0771],[131.3459,34.0807],[131.346,34.0829],[131.3534,34.0876],[131.3523,34.0911],[131.3519,34.0987],[131.3476,34.1012],[131.3451,34.1073],[131.3523,34.1095],[131.3606,34.1052],[131.3638,34.1078],[131.3701,34.1078],[131.3684,34.1121],[131.3733,34.1127],[131.3759,34.1149],[131.3767,34.1187],[131.3793,34.1212],[131.3781,34.1249],[131.3754,34.1261],[131.3763,34.1319],[131.3696,34.1377],[131.374,34.1433],[131.3774,34.1447],[131.375,34.1493],[131.37,34.1528],[131.3759,34.154],[131.3787,34.1573],[131.3799,34.1624],[131.3786,34.1665],[131.3904,34.175],[131.3905,34.1791],[131.3975,34.1823],[131.3982,34.189],[131.4011,34.1938],[131.4055,34.1972],[131.4011,34.2004],[131.405,34.2031],[131.4051,34.2089],[131.4096,34.2111],[131.4155,34.2105],[131.421,34.2176],[131.424,34.2195],[131.427,34.2177],[131.4308,34.2192],[131.4328,34.2223],[131.4464,34.2223],[131.4495,34.2242],[131.456,34.2315],[131.4613,34.2312],[131.4638,34.2379],[131.4752,34.2416],[131.4815,34.2448],[131.4857,34.2435],[131.4884,34.2402],[131.4929,34.2417],[131.4992,34.2404],[131.5024,34.2433],[131.5004,34.2479],[131.507,34.251],[131.5069,34.2546],[131.504,34.2584],[131.5106,34.2662],[131.5107,34.269],[131.5162,34.2736],[131.5139,34.2778],[131.5197,34.2797],[131.5237,34.2792],[131.5264,34.2817],[131.5215,34.2878],[131.5264,34.2915],[131.5336,34.2954],[131.533,34.2992],[131.5379,34.3005],[131.5408,34.3046],[131.5443,34.3012],[131.5494,34.2989],[131.5526,34.3033],[131.5523,34.306],[131.5579,34.308],[131.5601,34.3176],[131.5665,34.326],[131.566,34.3291],[131.561,34.3309],[131.5581,34.3356],[131.5612,34.3411],[131.5603,34.3463],[131.5535,34.3618],[131.5506,34.3616],[131.539,34.3655],[131.534,34.369],[131.5332,34.3777],[131.5415,34.3857],[131.5467,34.3874],[131.5465,34.3941],[131.5403,34.3971],[131.5383,34.4004],[131.5373,34.4096],[131.5422,34.4135],[131.5428,34.409],[131.5465,34.4099],[131.5513,34.4085],[131.5625,34.4124],[131.5693,34.4134],[131.5763,34.4078],[131.5871,34.4072],[131.592,34.4103],[131.602,34.4076],[131.6066,34.4098],[131.6059,34.4161],[131.6091,34.4213],[131.6132,34.425],[131.6173,34.4321],[131.6208,34.4318],[131.6237,34.4374],[131.6263,34.4383],[131.6275,34.4434],[131.6336,34.4443],[131.6347,34.4467],[131.6344,34.4553],[131.6405,34.4598],[131.6381,34.4625],[131.6391,34.4652],[131.6463,34.4663],[131.6499,34.4699],[131.6494,34.4764],[131.6528,34.4795],[131.6495,34.4818],[131.646,34.487],[131.6506,34.4906],[131.6463,34.499],[131.6538,34.5],[131.6575,34.5045],[131.6655,34.5024],[131.668,34.5041]]]]}},{"type":"Feature","properties":{"code":"35201","ja":"下関市","pref":"yamaguchi","kind":"city"},"geometry":{"type":"MultiPolygon","coordinates":[[[[130.9122,33.9542],[130.9166,33.9515],[130.9168,33.9482],[130.9128,33.9427],[130.9147,33.9383],[130.9237,33.9355],[130.9284,33.9264],[130.9245,33.9191],[130.9235,33.9143],[130.9134,33.9114],[130.9025,33.9147],[130.901,33.9177],[130.908,33.9208],[130.9096,33.9249],[130.9021,33.9219],[130.8987,33.9233],[130.8995,33.9281],[130.8951,33.9295],[130.8934,33.9324],[130.8962,33.936],[130.8883,33.9381],[130.8774,33.9445],[130.8774,33.9489],[130.8802,33.9489],[130.8839,33.9527],[130.8953,33.9442],[130.901,33.9456],[130.9017,33.9498],[130.9057,33.9518],[130.9083,33.9505],[130.9122,33.9542]]],[[[130.8645,33.9809],[130.8687,33.9779],[130.8665,33.9744],[130.8662,33.9701],[130.8615,33.9704],[130.8597,33.9723],[130.8614,33.9796],[130.8645,33.9809]]],[[[130.8979,33.9909],[130.8959,33.9878],[130.8898,33.9882],[130.8945,33.9937],[130.8979,33.9909]]],[[[130.7787,34.1153],[130.7827,34.1129],[130.783,34.107],[130.7944,34.1057],[130.7971,34.101],[130.8001,34.1001],[130.7945,34.0937],[130.7926,34.0995],[130.7895,34.1008],[130.7827,34.0975],[130.7812,34.1018],[130.7759,34.1047],[130.7753,34.1133],[130.7787,34.1153]]],[[[130.9013,34.1766],[130.906,34.1726],[130.9005,34.1702],[130.8988,34.1723],[130.9013,34.1766]]],[[[130.9804,34.3635],[130.9816,34.3618],[130.9907,34.3583],[130.9974,34.3525],[131.001,34.3526],[131.0028,34.3454],[131.0104,34.3424],[131.0135,34.3401],[131.0148,34.3358],[131.0198,34.3312],[131.0204,34.3254],[131.0326,34.3218],[131.0351,34.3167],[131.0355,34.3115],[131.043,34.3109],[131.0498,34.3062],[131.0585,34.3036],[131.0584,34.3003],[131.0673,34.2919],[131.0744,34.2932],[131.0773,34.2892],[131.0836,34.2841],[131.0856,34.2785],[131.0842,34.2735],[131.0871,34.2674],[131.0941,34.2666],[131.0977,34.263],[131.1024,34.2618],[131.1047,34.2648],[131.108,34.2653],[131.1132,34.2638],[131.117,34.2657],[131.1224,34.2653],[131.1292,34.2671],[131.1344,34.2701],[131.1424,34.2718],[131.1446,34.2698],[131.1514,34.2696],[131.1549,34.2711],[131.1591,34.2687],[131.1615,34.2629],[131.1659,34.262],[131.1725,34.264],[131.1712,34.2611],[131.1722,34.2561],[131.1666,34.2497],[131.1655,34.2451],[131.1608,34.2418],[131.1611,34.2356],[131.16,34.2311],[131.1571,34.2307],[131.153,34.2331],[131.1463,34.2305],[131.1448,34.2254],[131.1386,34.2251],[131.1366,34.2225],[131.1318,34.222],[131.1264,34.2195],[131.1229,34.2161],[131.1216,34.2129],[131.1141,34.2102],[131.1071,34.2054],[131.1094,34.2011],[131.1091,34.198],[131.1051,34.1955],[131.1032,34.1917],[131.0995,34.1901],[131.0992,34.1858],[131.108,34.178],[131.1083,34.1739],[131.1126,34.1713],[131.1175,34.1607],[131.111,34.1572],[131.1033,34.1586],[131.1024,34.1629],[131.0981,34.1636],[131.0967,34.1666],[131.0901,34.166],[131.0891,34.1598],[131.0903,34.1535],[131.0857,34.1494],[131.0831,34.143],[131.0852,34.1414],[131.0832,34.1352],[131.0843,34.131],[131.0927,34.1249],[131.0978,34.1248],[131.1,34.1184],[131.1028,34.1158],[131.1087,34.1134],[131.1135,34.1077],[131.1128,34.1036],[131.1101,34.0991],[131.113,34.0962],[131.1113,34.0923],[131.107,34.0925],[131.1075,34.0835],[131.1099,34.0814],[131.1119,34.0752],[131.1074,34.0744],[131.1018,34.0712],[131.0976,34.0746],[131.0962,34.0711],[131.0902,34.0752],[131.0813,34.0736],[131.0739,34.0703],[131.0789,34.0675],[131.0818,34.0686],[131.0839,34.0637],[131.0798,34.0592],[131.0777,34.0599],[131.0718,34.0567],[131.0678,34.0389],[131.0476,34.0422],[131.0479,34.0503],[131.0434,34.0529],[131.0417,34.0563],[131.0369,34.0571],[131.0338,34.0533],[131.0329,34.0496],[131.0284,34.0457],[131.0318,34.0429],[131.0304,34.0391],[131.0213,34.0347],[131.0155,34.0295],[131.0146,34.0266],[131.0184,34.0242],[131.0212,34.0201],[131.0117,34.0096],[131.0044,34.0145],[131.0004,34.0089],[131.0016,34.0055],[131.0063,34.0031],[131.0035,33.9991],[130.9987,33.9998],[130.995,33.9891],[130.9903,33.9852],[130.9877,33.9853],[130.9815,33.9814],[130.9775,33.9769],[130.9665,33.97],[130.9583,33.9666],[130.9538,33.9616],[130.9429,33.9544],[130.938,33.9492],[130.9342,33.9477],[130.9246,33.9474],[130.9236,33.9426],[130.9292,33.9416],[130.9284,33.9384],[130.9172,33.9383],[130.9142,33.9408],[130.9155,33.9446],[130.9205,33.951],[130.913,33.9553],[130.9091,33.9552],[130.9103,33.9591],[130.9137,33.9635],[130.9129,33.9708],[130.9158,33.9746],[130.9169,33.9785],[130.9156,33.9829],[130.9124,33.9837],[130.9087,33.9925],[130.9097,34.0009],[130.9127,34.0028],[130.9161,34.0109],[130.9163,34.0197],[130.9147,34.0231],[130.9114,34.0245],[130.9036,34.0252],[130.9084,34.0344],[130.914,34.0426],[130.9148,34.046],[130.9117,34.0563],[130.9109,34.0617],[130.9053,34.0637],[130.8955,34.0707],[130.8914,34.0646],[130.887,34.0682],[130.8881,34.0721],[130.8821,34.0745],[130.8818,34.079],[130.8779,34.0808],[130.8814,34.0848],[130.8789,34.0877],[130.8726,34.0906],[130.8742,34.0935],[130.8728,34.0987],[130.8686,34.1022],[130.8618,34.1041],[130.8608,34.1105],[130.8652,34.1144],[130.8671,34.137],[130.8743,34.1385],[130.8775,34.1362],[130.8806,34.1418],[130.8859,34.1397],[130.8844,34.1367],[130.8917,34.1345],[130.8952,34.1355],[130.9027,34.1406],[130.9045,34.1474],[130.9002,34.1484],[130.8982,34.1531],[130.9034,34.1526],[130.9092,34.159],[130.9132,34.1581],[130.9157,34.1596],[130.9256,34.1697],[130.9287,34.1768],[130.9263,34.181],[130.9313,34.1831],[130.9335,34.1891],[130.9325,34.1903],[130.9321,34.1986],[130.9306,34.2098],[130.9287,34.2129],[130.9201,34.2131],[130.9162,34.2152],[130.9221,34.2247],[130.9229,34.2328],[130.9217,34.2395],[130.9156,34.2443],[130.912,34.2455],[130.9097,34.2485],[130.9004,34.2545],[130.8994,34.2594],[130.896,34.2663],[130.8911,34.2684],[130.8895,34.2726],[130.881,34.2759],[130.8789,34.2786],[130.8742,34.2811],[130.8668,34.2878],[130.8704,34.2937],[130.8738,34.2957],[130.8811,34.295],[130.8847,34.2988],[130.8858,34.3042],[130.8836,34.3059],[130.8867,34.3116],[130.8914,34.3125],[130.892,34.3202],[130.8956,34.3201],[130.8923,34.3257],[130.8923,34.3298],[130.8902,34.3343],[130.8917,34.3382],[130.8897,34.3443],[130.8906,34.3468],[130.8944,34.3475],[130.8992,34.3509],[130.9007,34.3546],[130.8998,34.3607],[130.9058,34.3624],[130.9116,34.3543],[130.9173,34.3516],[130.9189,34.3535],[130.9261,34.3476],[130.9252,34.3423],[130.9311,34.3426],[130.9316,34.3473],[130.9348,34.3479],[130.9348,34.3518],[130.9402,34.3512],[130.9492,34.3526],[130.9533,34.3549],[130.9583,34.3556],[130.9636,34.3583],[130.9669,34.3576],[130.9748,34.3616],[130.9804,34.3635]]],[[[130.9742,34.3638],[130.9726,34.3611],[130.9648,34.3593],[130.9669,34.3631],[130.9742,34.3638]]],[[[130.8673,34.3737],[130.871,34.3718],[130.871,34.3688],[130.8768,34.3678],[130.8805,34.3636],[130.8795,34.3567],[130.8775,34.3534],[130.8723,34.3555],[130.8658,34.352],[130.8611,34.3534],[130.8575,34.3525],[130.8521,34.3447],[130.8476,34.3413],[130.8405,34.3452],[130.8382,34.351],[130.8403,34.3551],[130.8442,34.3537],[130.8568,34.3546],[130.8599,34.3573],[130.8658,34.3594],[130.8704,34.366],[130.8673,34.3737]]]]}},{"type":"Feature","properties":{"code":"36201","ja":"徳島市","pref":"tokushima","kind":"city"},"geometry":{"type":"MultiPolygon","coordinates":[[[[134.5902,34.0509],[134.5961,34.0493],[134.5938,34.0445],[134.5907,34.0453],[134.5919,34.0488],[134.5902,34.0509]]],[[[134.6,34.0683],[134.6066,34.062],[134.6033,34.0558],[134.5996,34.0571],[134.5976,34.0534],[134.5912,34.0557],[134.5972,34.0669],[134.6,34.0683]]],[[[134.6074,34.1009],[134.605,34.0939],[134.6052,34.0907],[134.603,34.0837],[134.5974,34.0728],[134.5969,34.068],[134.5882,34.0552],[134.5856,34.0523],[134.5897,34.0505],[134.5879,34.0452],[134.591,34.0446],[134.5869,34.0352],[134.5888,34.028],[134.5935,34.0242],[134.5983,34.0231],[134.6006,34.0187],[134.5956,34.0176],[134.5885,34.0228],[134.5809,34.0231],[134.5764,34.0213],[134.5649,34.0207],[134.5636,34.0231],[134.5559,34.0204],[134.558,34.0131],[134.5573,34.0096],[134.5499,34.0024],[134.547,33.9875],[134.5509,33.9871],[134.5567,33.9905],[134.5638,33.9919],[134.5672,33.9891],[134.5675,33.9853],[134.5723,33.9791],[134.5689,33.9783],[134.5686,33.9749],[134.5722,33.9728],[134.572,33.968],[134.5703,33.9642],[134.567,33.9622],[134.5553,33.9596],[134.5529,33.9614],[134.5471,33.9583],[134.545,33.9586],[134.5379,33.9553],[134.5354,33.9553],[134.5326,33.9597],[134.5295,33.9607],[134.524,33.9602],[134.5187,33.9631],[134.5103,33.9621],[134.5028,33.9666],[134.5003,33.9696],[134.4952,33.9699],[134.4866,33.968],[134.4854,33.9756],[134.4822,33.9777],[134.4818,33.9829],[134.485,33.9843],[134.4869,33.9891],[134.4971,33.9952],[134.4948,34.0138],[134.4912,34.0166],[134.4895,34.0203],[134.4823,34.0224],[134.4759,34.0208],[134.4724,34.0165],[134.4675,34.0157],[134.4664,34.0099],[134.4612,34.0064],[134.454,34.0085],[134.4496,34.0085],[134.4533,34.0145],[134.4503,34.0208],[134.4444,34.021],[134.4419,34.0176],[134.4359,34.0179],[134.435,34.0207],[134.4268,34.0274],[134.429,34.0314],[134.4293,34.0398],[134.4237,34.0448],[134.4225,34.0481],[134.4264,34.053],[134.4378,34.0544],[134.4442,34.0533],[134.45,34.0548],[134.4611,34.06],[134.4645,34.0594],[134.4691,34.0621],[134.4673,34.0714],[134.465,34.0731],[134.4635,34.078],[134.4624,34.0867],[134.4639,34.089],[134.4547,34.0887],[134.4526,34.0921],[134.4543,34.0991],[134.4592,34.1014],[134.4587,34.1109],[134.4699,34.1135],[134.4758,34.112],[134.4801,34.1091],[134.488,34.1067],[134.4926,34.1067],[134.5051,34.109],[134.5065,34.1184],[134.5093,34.1207],[134.5135,34.1207],[134.5183,34.1233],[134.5294,34.1247],[134.5337,34.1253],[134.5362,34.1206],[134.536,34.1181],[134.5398,34.1128],[134.5524,34.1103],[134.5565,34.1083],[134.5585,34.1134],[134.5559,34.1151],[134.5577,34.122],[134.5655,34.1248],[134.5701,34.1286],[134.5747,34.1303],[134.5794,34.1302],[134.5857,34.1272],[134.5904,34.1231],[134.5962,34.1149],[134.5988,34.1074],[134.6015,34.1026],[134.6074,34.1009]]]]}},{"type":"Feature","properties":{"code":"36202","ja":"鳴門市","pref":"tokushima","kind":"city"},"geometry":{"type":"MultiPolygon","coordinates":[[[[134.6437,34.2396],[134.6432,34.2359],[134.6374,34.2294],[134.6379,34.2247],[134.6311,34.2174],[134.6311,34.2137],[134.6274,34.2079],[134.6258,34.1924],[134.6259,34.1873],[134.6231,34.1855],[134.6203,34.1904],[134.6152,34.1944],[134.6104,34.1946],[134.6029,34.1987],[134.602,34.1975],[134.5911,34.2015],[134.5878,34.2074],[134.589,34.2109],[134.5963,34.2117],[134.6008,34.211],[134.6081,34.2153],[134.6152,34.2143],[134.6149,34.2111],[134.6223,34.2115],[134.6247,34.2181],[134.6214,34.2176],[134.6147,34.2196],[134.6137,34.2247],[134.6177,34.2302],[134.6296,34.2313],[134.6364,34.2337],[134.6393,34.2381],[134.6437,34.2396]]],[[[134.6195,34.1409],[134.6008,34.1486],[134.5992,34.1471],[134.5911,34.1464],[134.5851,34.1489],[134.584,34.1522],[134.5769,34.1554],[134.5693,34.1535],[134.5685,34.1494],[134.5642,34.1512],[134.5597,34.1438],[134.5566,34.1406],[134.5525,34.1414],[134.5471,34.1399],[134.5409,34.1399],[134.5379,34.1353],[134.5315,34.1331],[134.53,34.131],[134.5213,34.1349],[134.5104,34.143],[134.5032,34.1442],[134.499,34.143],[134.4916,34.148],[134.4868,34.148],[134.4863,34.1547],[134.4842,34.1559],[134.4843,34.1636],[134.4806,34.1699],[134.4802,34.1765],[134.4785,34.1786],[134.4702,34.1774],[134.4625,34.1774],[134.4548,34.1872],[134.4547,34.1925],[134.444,34.1921],[134.4389,34.1909],[134.438,34.1939],[134.4407,34.1998],[134.4402,34.2079],[134.4532,34.2056],[134.4581,34.2074],[134.4639,34.2074],[134.4718,34.2088],[134.4787,34.2124],[134.4838,34.2188],[134.4903,34.221],[134.4966,34.2244],[134.5056,34.2257],[134.5178,34.2263],[134.5262,34.2254],[134.5302,34.2266],[134.5415,34.2264],[134.547,34.2237],[134.5594,34.2216],[134.564,34.2247],[134.5677,34.2247],[134.5723,34.2226],[134.5729,34.2269],[134.5685,34.2279],[134.566,34.2327],[134.5708,34.2374],[134.5862,34.2399],[134.5889,34.2371],[134.5863,34.2324],[134.5872,34.2281],[134.5905,34.2241],[134.5889,34.2198],[134.5824,34.2104],[134.5864,34.2014],[134.5955,34.1953],[134.6001,34.1934],[134.6112,34.1908],[134.6194,34.1852],[134.6244,34.1808],[134.6378,34.1816],[134.642,34.18],[134.6378,34.1709],[134.6298,34.1598],[134.6163,34.1445],[134.6195,34.1409]]],[[[134.6072,34.2516],[134.6137,34.2505],[134.618,34.244],[134.615,34.2411],[134.6174,34.2343],[134.6111,34.2296],[134.6054,34.2299],[134.601,34.2266],[134.5982,34.2214],[134.5911,34.214],[134.5903,34.2171],[134.5932,34.2228],[134.588,34.2304],[134.5896,34.2351],[134.5917,34.2365],[134.5933,34.2423],[134.6006,34.2463],[134.6051,34.2515],[134.6072,34.2516]]]]}},{"type":"Feature","properties":{"code":"37201","ja":"高松市","pref":"kagawa","kind":"city"},"geometry":{"type":"MultiPolygon","coordinates":[[[[133.9999,34.3583],[133.9962,34.3562],[133.993,34.358],[133.9946,34.3632],[134.0003,34.3598],[133.9999,34.3583]]],[[[134.1352,34.1515],[134.1375,34.1473],[134.1384,34.1415],[134.1377,34.138],[134.1393,34.1341],[134.1326,34.1296],[134.1311,34.1254],[134.127,34.1232],[134.1222,34.1188],[134.1192,34.1203],[134.116,34.1182],[134.106,34.1172],[134.103,34.1151],[134.0944,34.1146],[134.0815,34.1213],[134.0795,34.1212],[134.072,34.1155],[134.071,34.1127],[134.0669,34.1128],[134.0614,34.111],[134.0584,34.1152],[134.0535,34.118],[134.0499,34.1175],[134.0361,34.129],[134.0344,34.1348],[134.0297,34.1398],[134.0247,34.1397],[134.0224,34.1522],[134.0233,34.1553],[134.0209,34.1581],[134.0257,34.1611],[134.0256,34.1657],[134.0282,34.168],[134.0278,34.172],[134.0242,34.1744],[134.0233,34.1803],[134.0254,34.1878],[134.0234,34.1899],[134.0171,34.1899],[134.0153,34.2015],[134.013,34.2116],[134.0102,34.2128],[134.009,34.2169],[134.0044,34.2186],[133.994,34.2302],[133.993,34.2355],[133.9892,34.2358],[133.9851,34.242],[133.9884,34.253],[133.9901,34.254],[133.9935,34.2602],[133.9924,34.2632],[133.9878,34.2619],[133.9839,34.2661],[133.9789,34.2639],[133.9705,34.2632],[133.9659,34.2657],[133.9534,34.269],[133.9501,34.2712],[133.9451,34.2702],[133.944,34.2719],[133.944,34.2785],[133.941,34.2826],[133.9428,34.2879],[133.9419,34.2921],[133.9387,34.2946],[133.9387,34.3007],[133.935,34.3052],[133.9321,34.3063],[133.929,34.3125],[133.9254,34.3158],[133.9306,34.3207],[133.9415,34.3222],[133.9422,34.3251],[133.9493,34.3247],[133.9536,34.332],[133.9524,34.3352],[133.9465,34.3384],[133.9454,34.3438],[133.9435,34.3464],[133.9375,34.3482],[133.9378,34.3532],[133.9349,34.3553],[133.9367,34.3609],[133.9356,34.3705],[133.9324,34.3766],[133.9289,34.3773],[133.9297,34.3859],[133.9276,34.3896],[133.9319,34.3883],[133.9339,34.3845],[133.9388,34.3807],[133.9385,34.3756],[133.9433,34.3755],[133.9475,34.3808],[133.9592,34.3776],[133.9632,34.3703],[133.9605,34.3687],[133.9637,34.3649],[133.9714,34.3681],[133.9703,34.3694],[133.9757,34.3731],[133.9782,34.3725],[133.9805,34.3669],[133.991,34.3607],[133.9928,34.3566],[133.9989,34.3546],[134.0024,34.3551],[134.0032,34.3592],[134.0074,34.3577],[134.0093,34.3546],[134.0192,34.3529],[134.025,34.355],[134.0282,34.3538],[134.0379,34.3523],[134.0473,34.3555],[134.0499,34.3524],[134.0603,34.3509],[134.0602,34.3541],[134.0552,34.3562],[134.0642,34.3576],[134.0633,34.3625],[134.0694,34.3621],[134.0696,34.352],[134.0747,34.3513],[134.075,34.3617],[134.0795,34.3593],[134.0786,34.3499],[134.0853,34.3531],[134.0906,34.3626],[134.092,34.369],[134.0911,34.3722],[134.0922,34.3846],[134.0992,34.3801],[134.1078,34.372],[134.1129,34.3642],[134.1153,34.3589],[134.1206,34.3594],[134.1164,34.3723],[134.1164,34.3763],[134.12,34.3766],[134.1228,34.3791],[134.1249,34.385],[134.1287,34.386],[134.126,34.3918],[134.1223,34.3895],[134.1197,34.3948],[134.1211,34.3983],[134.1266,34.396],[134.1363,34.4003],[134.1429,34.3976],[134.1518,34.3919],[134.1595,34.3891],[134.1637,34.3825],[134.1634,34.3778],[134.1605,34.3728],[134.1608,34.3694],[134.1582,34.3679],[134.1572,34.3637],[134.1599,34.3544],[134.1557,34.3427],[134.1562,34.3371],[134.1589,34.3349],[134.16,34.3306],[134.1657,34.326],[134.1648,34.3222],[134.1605,34.3175],[134.159,34.3141],[134.1554,34.3106],[134.1493,34.3135],[134.1334,34.3143],[134.1302,34.3173],[134.125,34.31],[134.1265,34.304],[134.1254,34.2986],[134.122,34.2974],[134.1222,34.2918],[134.1191,34.2876],[134.1145,34.2684],[134.1125,34.2622],[134.1116,34.2544],[134.1095,34.2521],[134.1114,34.249],[134.1104,34.2448],[134.1122,34.2401],[134.1145,34.2383],[134.1111,34.2348],[134.1111,34.2319],[134.1143,34.2265],[134.112,34.2218],[134.1086,34.2198],[134.1056,34.2146],[134.1052,34.2017],[134.1093,34.1983],[134.1104,34.1931],[134.1096,34.1834],[134.1142,34.1808],[134.1123,34.1782],[134.1181,34.1733],[134.1222,34.1675],[134.1237,34.1619],[134.1254,34.1603],[134.1282,34.1527],[134.1309,34.1509],[134.1352,34.1515]]],[[[134.0538,34.4092],[134.057,34.3975],[134.0542,34.3904],[134.0488,34.3895],[134.0425,34.3811],[134.0382,34.3793],[134.0357,34.3832],[134.0374,34.3869],[134.0428,34.3926],[134.0441,34.3961],[134.0504,34.4047],[134.0512,34.4082],[134.0538,34.4092]]],[[[134.1053,34.4146],[134.1074,34.4097],[134.1116,34.4045],[134.1078,34.4013],[134.1009,34.4006],[134.1008,34.4037],[134.1049,34.4047],[134.106,34.4074],[134.1037,34.4134],[134.1053,34.4146]]],[[[133.9201,34.4185],[133.9211,34.4186],[133.9253,34.4188],[133.9201,34.4185]]],[[[134.0627,34.4332],[134.0658,34.4292],[134.0648,34.4223],[134.0552,34.4172],[134.0543,34.4242],[134.0577,34.4318],[134.0627,34.4332]]]]}},{"type":"Feature","properties":{"code":"37203","ja":"坂出市","pref":"kagawa","kind":"city"},"geometry":{"type":"MultiPolygon","coordinates":[[[[133.9276,34.3896],[133.9297,34.3859],[133.9289,34.3773],[133.9324,34.3766],[133.9356,34.3705],[133.9367,34.3609],[133.9349,34.3553],[133.9378,34.3532],[133.9375,34.3482],[133.9435,34.3464],[133.9454,34.3438],[133.9465,34.3384],[133.9524,34.3352],[133.9536,34.332],[133.9493,34.3247],[133.9422,34.3251],[133.9415,34.3222],[133.9306,34.3207],[133.9254,34.3158],[133.929,34.3125],[133.9321,34.3063],[133.935,34.3052],[133.9387,34.3007],[133.9387,34.2946],[133.9419,34.2921],[133.9428,34.2879],[133.941,34.2826],[133.944,34.2785],[133.9378,34.2689],[133.9328,34.2664],[133.9305,34.2698],[133.9233,34.2654],[133.9135,34.2656],[133.9054,34.2633],[133.9037,34.264],[133.9051,34.2688],[133.9038,34.2716],[133.895,34.2738],[133.8899,34.2898],[133.8868,34.2883],[133.8811,34.2878],[133.8706,34.2828],[133.8646,34.2829],[133.8572,34.2802],[133.8544,34.2803],[133.8445,34.2749],[133.8408,34.2843],[133.8364,34.2879],[133.8372,34.2903],[133.8414,34.2934],[133.8393,34.2997],[133.8434,34.3066],[133.8392,34.3111],[133.8371,34.3156],[133.8316,34.3196],[133.8293,34.3235],[133.8277,34.3261],[133.8258,34.3374],[133.8209,34.3379],[133.8222,34.3459],[133.8207,34.3513],[133.8243,34.3526],[133.8405,34.3607],[133.8407,34.356],[133.8328,34.3493],[133.8294,34.3476],[133.8289,34.3421],[133.8362,34.3458],[133.8487,34.3562],[133.8495,34.36],[133.8579,34.3574],[133.859,34.3531],[133.8576,34.3458],[133.8478,34.3388],[133.8384,34.3386],[133.8391,34.3346],[133.8304,34.3333],[133.8333,34.3296],[133.8343,34.3249],[133.8464,34.328],[133.8509,34.3263],[133.8578,34.3267],[133.857,34.3306],[133.862,34.3319],[133.8715,34.3397],[133.8784,34.3447],[133.8821,34.344],[133.8906,34.3517],[133.895,34.3545],[133.891,34.3589],[133.8927,34.3645],[133.8901,34.369],[133.888,34.3752],[133.8892,34.3777],[133.894,34.3824],[133.8988,34.3814],[133.9005,34.3777],[133.9074,34.3783],[133.9098,34.382],[133.9176,34.3768],[133.921,34.3777],[133.9254,34.3839],[133.9276,34.3896]]],[[[133.8295,34.395],[133.8314,34.3941],[133.8328,34.3891],[133.828,34.3904],[133.8295,34.395]]],[[[133.8205,34.3954],[133.8246,34.3902],[133.8223,34.3828],[133.8151,34.3845],[133.8124,34.3919],[133.8151,34.3942],[133.8205,34.3954]]],[[[133.8047,34.4273],[133.8092,34.4208],[133.8045,34.4151],[133.8,34.4179],[133.8001,34.4218],[133.7956,34.4252],[133.8047,34.4273]]]]}},{"type":"Feature","properties":{"code":"38201","ja":"松山市","pref":"ehime","kind":"city"},"geometry":{"type":"MultiPolygon","coordinates":[[[[132.534,33.8528],[132.5324,33.8445],[132.5258,33.8518],[132.5166,33.8512],[132.5182,33.8543],[132.5232,33.8525],[132.5297,33.8556],[132.534,33.8528]]],[[[132.6389,33.8947],[132.6462,33.8907],[132.6431,33.8862],[132.6404,33.8872],[132.6374,33.8925],[132.6389,33.8947]]],[[[132.6913,33.9265],[132.6956,33.9253],[132.6952,33.9176],[132.6906,33.9132],[132.6937,33.9055],[132.6834,33.9024],[132.6793,33.9033],[132.6741,33.9009],[132.6726,33.8928],[132.6774,33.8871],[132.682,33.8799],[132.6885,33.8775],[132.6897,33.8758],[132.6827,33.874],[132.6792,33.8756],[132.6702,33.8743],[132.6687,33.8703],[132.6625,33.874],[132.6623,33.8769],[132.6649,33.8808],[132.6669,33.8882],[132.6657,33.8908],[132.6689,33.8962],[132.666,33.9009],[132.6615,33.9033],[132.6573,33.8999],[132.6532,33.9006],[132.6584,33.9048],[132.6599,33.9103],[132.6738,33.9092],[132.6788,33.9104],[132.6805,33.9136],[132.6796,33.9211],[132.6879,33.9214],[132.6913,33.9265]]],[[[132.5498,33.9382],[132.5545,33.9364],[132.5529,33.9331],[132.5431,33.9324],[132.5357,33.9268],[132.5321,33.9275],[132.5269,33.9263],[132.5211,33.9294],[132.5177,33.9326],[132.5233,33.9368],[132.5259,33.9341],[132.5326,33.9347],[132.5381,33.9333],[132.5413,33.9354],[132.5477,33.9357],[132.5498,33.9382]]],[[[132.6618,33.9739],[132.6676,33.9711],[132.6725,33.9701],[132.6719,33.9659],[132.6732,33.958],[132.6751,33.9532],[132.6676,33.9572],[132.6639,33.956],[132.6619,33.9522],[132.6567,33.9508],[132.6496,33.9573],[132.6486,33.961],[132.6523,33.9674],[132.6584,33.9694],[132.6618,33.9739]]],[[[132.6897,33.9774],[132.6929,33.9761],[132.6943,33.9709],[132.6977,33.9657],[132.6864,33.9655],[132.6833,33.9699],[132.6838,33.9725],[132.6887,33.9719],[132.6897,33.9774]]],[[[132.5126,33.9904],[132.517,33.9886],[132.523,33.9895],[132.5229,33.9864],[132.5202,33.9827],[132.513,33.9815],[132.5132,33.9756],[132.5055,33.9741],[132.5053,33.9706],[132.4978,33.97],[132.5006,33.975],[132.4961,33.9793],[132.5003,33.983],[132.5036,33.9882],[132.5077,33.9874],[132.5126,33.9904]]],[[[132.5618,33.9942],[132.5631,33.9901],[132.5568,33.9854],[132.5557,33.9785],[132.5494,33.9733],[132.55,33.9704],[132.5442,33.9687],[132.5413,33.961],[132.5383,33.963],[132.5336,33.9689],[132.5375,33.9705],[132.5407,33.9739],[132.5378,33.9794],[132.5372,33.9832],[132.5342,33.9866],[132.5428,33.9901],[132.5446,33.9919],[132.5509,33.9899],[132.5536,33.9936],[132.5593,33.9955],[132.5618,33.9942]]],[[[132.6457,34.0183],[132.6482,34.0151],[132.652,34.0133],[132.6409,34.0031],[132.6421,34.0001],[132.6402,33.9982],[132.6407,33.9933],[132.6433,33.9888],[132.6449,33.9816],[132.6425,33.9789],[132.636,33.9788],[132.6314,33.977],[132.63,33.9736],[132.6345,33.9707],[132.6408,33.9704],[132.6425,33.9629],[132.6417,33.9565],[132.6361,33.9568],[132.633,33.9538],[132.6245,33.9577],[132.6217,33.9565],[132.6169,33.9576],[132.6099,33.9541],[132.6091,33.9516],[132.605,33.9506],[132.6037,33.9439],[132.6007,33.9427],[132.5904,33.9523],[132.5924,33.9555],[132.5865,33.9624],[132.578,33.9684],[132.5793,33.9701],[132.5873,33.9698],[132.5952,33.9763],[132.5963,33.9782],[132.6048,33.984],[132.6069,33.9888],[132.6048,33.9911],[132.6102,33.9933],[132.6152,33.9919],[132.6226,33.9932],[132.6333,34.0033],[132.633,34.0059],[132.6452,34.0103],[132.6441,34.0179],[132.6457,34.0183]]],[[[132.9256,33.9055],[132.92,33.9001],[132.9209,33.8974],[132.9178,33.894],[132.9145,33.8937],[132.9063,33.8892],[132.901,33.89],[132.8851,33.8813],[132.8803,33.875],[132.8816,33.8717],[132.8789,33.87],[132.8759,33.8637],[132.8797,33.8559],[132.882,33.8544],[132.8844,33.8473],[132.875,33.834],[132.8728,33.8258],[132.8685,33.8239],[132.8699,33.819],[132.8691,33.8151],[132.8663,33.8133],[132.8651,33.8065],[132.8601,33.8054],[132.8473,33.8001],[132.8475,33.7985],[132.8412,33.7967],[132.8324,33.7962],[132.8313,33.7987],[132.8237,33.7992],[132.8223,33.7966],[132.83,33.7952],[132.83,33.7918],[132.8248,33.789],[132.8248,33.7852],[132.8284,33.785],[132.8404,33.7825],[132.8364,33.7785],[132.8373,33.7751],[132.8429,33.7714],[132.8483,33.7632],[132.8472,33.758],[132.853,33.7564],[132.8555,33.7505],[132.861,33.749],[132.8623,33.7453],[132.8657,33.7415],[132.8654,33.7393],[132.871,33.7337],[132.8736,33.7325],[132.875,33.7279],[132.8731,33.7263],[132.8709,33.7173],[132.8715,33.713],[132.8651,33.7112],[132.8615,33.7065],[132.8564,33.704],[132.8524,33.6981],[132.8533,33.6918],[132.8487,33.6888],[132.8364,33.6888],[132.8319,33.6874],[132.8265,33.6935],[132.8239,33.6947],[132.8244,33.7036],[132.8214,33.7078],[132.8222,33.7123],[132.8255,33.7154],[132.823,33.7224],[132.8183,33.7251],[132.8174,33.7325],[132.8067,33.7421],[132.8072,33.7487],[132.8049,33.7533],[132.7987,33.7557],[132.7974,33.7624],[132.7945,33.7649],[132.7969,33.7697],[132.7965,33.7782],[132.8027,33.782],[132.7991,33.786],[132.7901,33.7865],[132.7706,33.7956],[132.7599,33.8018],[132.7491,33.8054],[132.7275,33.8053],[132.7195,33.8083],[132.7112,33.8075],[132.7057,33.8055],[132.6858,33.8049],[132.6834,33.8084],[132.6847,33.8134],[132.6897,33.8091],[132.6927,33.8138],[132.693,33.8168],[132.6891,33.8179],[132.6929,33.8242],[132.6902,33.8261],[132.6921,33.8298],[132.6874,33.8341],[132.6902,33.8369],[132.6943,33.834],[132.6948,33.8397],[132.7008,33.8388],[132.7,33.8461],[132.6956,33.8483],[132.6962,33.852],[132.7058,33.8525],[132.7104,33.8541],[132.7126,33.8588],[132.7099,33.8617],[132.7108,33.8656],[132.7076,33.8744],[132.7,33.8767],[132.7011,33.8807],[132.7007,33.8859],[132.7048,33.8891],[132.7096,33.8999],[132.7107,33.9067],[132.7319,33.9028],[132.7401,33.9037],[132.7472,33.9057],[132.7551,33.9113],[132.7577,33.9177],[132.7567,33.9239],[132.7612,33.9301],[132.7621,33.9367],[132.7683,33.9483],[132.7693,33.9576],[132.7715,33.9611],[132.7716,33.9648],[132.7697,33.9762],[132.7717,33.9787],[132.7709,33.9825],[132.774,33.9865],[132.7742,33.9923],[132.7706,33.9966],[132.7772,34.0037],[132.786,34.009],[132.7919,34.01],[132.7959,34.0093],[132.8006,34.0105],[132.8084,34.0186],[132.8177,34.0117],[132.8223,34.0032],[132.8278,34.002],[132.8341,33.9986],[132.8419,34.0048],[132.8461,34.0032],[132.8508,33.9989],[132.8581,33.9957],[132.8653,33.9945],[132.8695,33.9957],[132.8807,33.9961],[132.8852,33.993],[132.8898,33.9884],[132.8874,33.9802],[132.8883,33.9767],[132.885,33.9611],[132.8868,33.9578],[132.8858,33.9545],[132.8873,33.9509],[132.8914,33.9496],[132.8957,33.9467],[132.902,33.945],[132.9043,33.9426],[132.9162,33.937],[132.9204,33.9365],[132.9204,33.9334],[132.9243,33.93],[132.925,33.92],[132.9268,33.914],[132.924,33.9082],[132.9256,33.9055]]],[[[132.5959,34.0315],[132.5943,34.0265],[132.5891,34.0248],[132.5903,34.029],[132.5959,34.0315]]]]}},{"type":"Feature","properties":{"code":"38202","ja":"今治市","pref":"ehime","kind":"city"},"geometry":{"type":"MultiPolygon","coordinates":[[[[133.0989,34.0242],[133.0964,34.02],[133.091,34.0223],[133.0989,34.0242]]],[[[133.1813,34.112],[133.1847,34.1117],[133.1874,34.108],[133.1879,34.1028],[133.1826,34.1034],[133.1787,34.1068],[133.1813,34.112]]],[[[132.9936,34.122],[132.9959,34.1185],[132.9949,34.114],[132.9915,34.113],[132.9902,34.1186],[132.9936,34.122]]],[[[133.1914,34.1234],[133.1862,34.1199],[133.1861,34.1159],[133.1811,34.1158],[133.1835,34.122],[133.1914,34.1234]]],[[[132.9818,34.129],[132.9833,34.1255],[132.9775,34.1229],[132.976,34.1272],[132.9818,34.129]]],[[[132.9256,33.9055],[132.924,33.9082],[132.9268,33.914],[132.925,33.92],[132.9243,33.93],[132.9204,33.9334],[132.9204,33.9365],[132.9162,33.937],[132.9043,33.9426],[132.902,33.945],[132.8957,33.9467],[132.8914,33.9496],[132.8873,33.9509],[132.8858,33.9545],[132.8868,33.9578],[132.885,33.9611],[132.8883,33.9767],[132.8874,33.9802],[132.8898,33.9884],[132.8852,33.993],[132.8807,33.9961],[132.8695,33.9957],[132.8653,33.9945],[132.8581,33.9957],[132.8508,33.9989],[132.8461,34.0032],[132.8419,34.0048],[132.8341,33.9986],[132.8278,34.002],[132.8223,34.0032],[132.8177,34.0117],[132.8084,34.0186],[132.8157,34.0211],[132.8184,34.025],[132.8242,34.0267],[132.8284,34.0297],[132.8305,34.0336],[132.8374,34.0336],[132.8402,34.0401],[132.8436,34.0433],[132.8487,34.0443],[132.8499,34.0461],[132.8554,34.046],[132.8573,34.0547],[132.8651,34.0592],[132.8686,34.0565],[132.8752,34.057],[132.8799,34.0585],[132.8858,34.0586],[132.8923,34.0619],[132.8988,34.0667],[132.909,34.0642],[132.9117,34.0625],[132.9163,34.0636],[132.9187,34.0663],[132.9222,34.0746],[132.923,34.0807],[132.9203,34.0871],[132.9276,34.0872],[132.9303,34.0884],[132.9314,34.0943],[132.9285,34.0982],[132.9295,34.0998],[132.9262,34.1095],[132.9203,34.1119],[132.9162,34.111],[132.9134,34.1129],[132.9097,34.112],[132.9031,34.1133],[132.8992,34.1099],[132.8953,34.1116],[132.8969,34.1147],[132.8946,34.1182],[132.8966,34.1207],[132.9002,34.1212],[132.9037,34.1196],[132.9098,34.1191],[132.9162,34.1206],[132.9193,34.1167],[132.9237,34.1161],[132.9283,34.1234],[132.9353,34.1255],[132.9381,34.1317],[132.939,34.1378],[132.943,34.1397],[132.9464,34.138],[132.9492,34.1291],[132.9532,34.1269],[132.9531,34.1239],[132.9574,34.1215],[132.9609,34.1214],[132.9654,34.1188],[132.9692,34.1096],[132.9724,34.1116],[132.973,34.1152],[132.9773,34.1164],[132.9815,34.1077],[132.9847,34.0976],[132.988,34.0956],[132.9918,34.091],[132.9954,34.0816],[133.0013,34.0734],[133.0039,34.0714],[133.0068,34.0659],[133.0127,34.0672],[133.0228,34.0626],[133.0253,34.05],[133.0315,34.053],[133.0342,34.0491],[133.0299,34.0461],[133.0373,34.0381],[133.0381,34.0325],[133.0431,34.0254],[133.0519,34.0069],[133.0599,33.9964],[133.059,33.9948],[133.0618,33.9893],[133.0666,33.9827],[133.052,33.9815],[133.0504,33.9801],[133.0414,33.9776],[133.0389,33.9713],[133.0407,33.9678],[133.0376,33.9665],[133.0338,33.9605],[133.0239,33.9625],[133.0177,33.9616],[133.0156,33.9574],[133.013,33.9577],[133.0077,33.9548],[133.0055,33.9579],[132.9969,33.9555],[132.991,33.9569],[132.9868,33.9553],[132.9838,33.951],[132.9786,33.9483],[132.9773,33.9451],[132.9788,33.9406],[132.977,33.9361],[132.975,33.9354],[132.9755,33.9257],[132.9735,33.923],[132.9751,33.9196],[132.9756,33.9111],[132.9733,33.9065],[132.9705,33.9052],[132.9654,33.9068],[132.96,33.9027],[132.9575,33.9059],[132.9518,33.9061],[132.9499,33.908],[132.9415,33.9069],[132.9369,33.9019],[132.9327,33.9025],[132.9277,33.9059],[132.9256,33.9055]]],[[[132.9978,34.1587],[133.0036,34.154],[133.0109,34.1529],[133.0094,34.1481],[133.0065,34.147],[132.9964,34.1499],[132.9919,34.1495],[132.99,34.1543],[132.9978,34.1587]]],[[[132.905,34.1943],[132.9081,34.1923],[132.9071,34.189],[132.9033,34.1865],[132.8985,34.1855],[132.8959,34.1894],[132.9016,34.1935],[132.905,34.1943]]],[[[133.0884,34.1949],[133.0907,34.1919],[133.0943,34.1919],[133.0934,34.1878],[133.0854,34.1817],[133.0825,34.1856],[133.087,34.1914],[133.0884,34.1949]]],[[[133.0371,34.1953],[133.0403,34.1942],[133.0509,34.1931],[133.0546,34.1918],[133.0686,34.1917],[133.0757,34.1862],[133.0769,34.1813],[133.0761,34.177],[133.0787,34.1726],[133.0833,34.1695],[133.0905,34.1702],[133.0927,34.1736],[133.099,34.175],[133.1069,34.1744],[133.1101,34.172],[133.1079,34.1659],[133.1023,34.1627],[133.1014,34.1591],[133.0968,34.1591],[133.0869,34.1573],[133.0805,34.1505],[133.079,34.1453],[133.0737,34.1421],[133.0683,34.1368],[133.0611,34.1345],[133.0587,34.1295],[133.0537,34.1231],[133.0455,34.1205],[133.0427,34.1132],[133.0374,34.113],[133.0351,34.1078],[133.0295,34.1102],[133.0242,34.1088],[133.0127,34.1109],[133.0154,34.117],[133.02,34.1185],[133.0215,34.1206],[133.0224,34.1267],[133.0177,34.127],[133.0193,34.1354],[133.0187,34.1392],[133.0151,34.1418],[133.0206,34.1452],[133.0243,34.1492],[133.0246,34.1541],[133.0263,34.1579],[133.0311,34.1564],[133.0335,34.1511],[133.0396,34.1534],[133.0401,34.1598],[133.0358,34.1645],[133.0356,34.1695],[133.0338,34.1719],[133.0263,34.1726],[133.0208,34.1782],[133.0218,34.1831],[133.0276,34.1853],[133.0302,34.1934],[133.0371,34.1953]]],[[[132.8731,34.1974],[132.8755,34.1945],[132.8822,34.1911],[132.8905,34.1926],[132.894,34.1905],[132.892,34.1838],[132.8845,34.1848],[132.8835,34.1815],[132.8793,34.177],[132.8755,34.1788],[132.87,34.1862],[132.8638,34.1903],[132.8635,34.1945],[132.8698,34.1939],[132.8731,34.1974]]],[[[132.9239,34.2021],[132.9289,34.1954],[132.9306,34.189],[132.9342,34.185],[132.9298,34.1827],[132.9263,34.1845],[132.9218,34.1841],[132.9216,34.1913],[132.9194,34.1936],[132.9192,34.1987],[132.9239,34.2021]]],[[[132.9365,34.2056],[132.9372,34.2004],[132.9323,34.199],[132.9365,34.2056]]],[[[133.1078,34.2417],[133.1083,34.2379],[133.1109,34.2339],[133.1068,34.2319],[133.1101,34.2274],[133.1088,34.2225],[133.1135,34.2183],[133.1183,34.2165],[133.1278,34.2164],[133.1374,34.215],[133.1385,34.2119],[133.1315,34.2126],[133.1255,34.2096],[133.1244,34.2074],[133.1198,34.2064],[133.1256,34.1994],[133.1262,34.1955],[133.1236,34.1941],[133.1185,34.1953],[133.1139,34.1944],[133.111,34.1913],[133.105,34.1946],[133.1042,34.1994],[133.1012,34.2028],[133.0953,34.2045],[133.0832,34.1937],[133.0775,34.1956],[133.0752,34.202],[133.0701,34.2088],[133.0634,34.2084],[133.0598,34.2065],[133.054,34.2122],[133.0573,34.2154],[133.0659,34.2169],[133.0664,34.2209],[133.0625,34.2221],[133.0593,34.2267],[133.0615,34.2327],[133.0646,34.2353],[133.069,34.236],[133.0735,34.2313],[133.0788,34.2301],[133.0876,34.2332],[133.0934,34.2382],[133.1016,34.2355],[133.1078,34.2417]]],[[[132.9498,34.2493],[132.9551,34.2475],[132.9575,34.2442],[132.9491,34.2419],[132.9478,34.2441],[132.9498,34.2493]]],[[[133.0115,34.2996],[133.0197,34.2964],[133.026,34.2951],[133.0294,34.2928],[133.0353,34.285],[133.0342,34.2827],[133.0361,34.2769],[133.0417,34.2693],[133.0448,34.2622],[133.0482,34.259],[133.0573,34.2582],[133.0539,34.2531],[133.0548,34.248],[133.0518,34.2399],[133.0538,34.233],[133.0524,34.2272],[133.0585,34.2207],[133.0573,34.2185],[133.0502,34.2142],[133.0454,34.2148],[133.0411,34.2112],[133.0325,34.2085],[133.0202,34.2112],[133.0078,34.2106],[133.0005,34.2094],[132.9961,34.2069],[132.9928,34.2019],[132.9881,34.2002],[132.9823,34.2001],[132.9791,34.1978],[132.9692,34.1938],[132.9587,34.1922],[132.9546,34.1941],[132.9486,34.1943],[132.9513,34.1976],[132.9477,34.2054],[132.9417,34.2039],[132.9436,34.2088],[132.9466,34.2094],[132.9499,34.2158],[132.9525,34.2171],[132.9529,34.2211],[132.9568,34.2241],[132.9628,34.2228],[132.9648,34.2271],[132.9694,34.228],[132.9745,34.2262],[132.9803,34.2271],[132.9819,34.2242],[132.9894,34.2233],[132.9906,34.225],[132.9923,34.2369],[132.9914,34.2391],[132.9944,34.2429],[132.9953,34.2472],[132.992,34.2514],[132.9891,34.2526],[132.9926,34.2573],[132.9898,34.262],[132.9868,34.2633],[132.9816,34.2611],[132.9782,34.2611],[132.9716,34.258],[132.9672,34.2594],[132.9649,34.2641],[132.9704,34.2703],[132.9783,34.2713],[132.9812,34.2687],[132.9848,34.2697],[132.9864,34.2748],[132.9838,34.2819],[132.9807,34.2866],[132.9861,34.2911],[132.9952,34.2891],[132.9992,34.2905],[133.006,34.2971],[133.0115,34.2996]]]]}},{"type":"Feature","properties":{"code":"39201","ja":"高知市","pref":"kochi","kind":"city"},"geometry":{"type":"MultiPolygon","coordinates":[[[[133.5634,33.6661],[133.5684,33.6605],[133.5729,33.6584],[133.5783,33.653],[133.5813,33.6474],[133.5794,33.6447],[133.5819,33.6423],[133.5849,33.6354],[133.5782,33.6304],[133.5738,33.6304],[133.5719,33.6253],[133.5774,33.6152],[133.576,33.6096],[133.5822,33.6019],[133.5854,33.6005],[133.5862,33.5963],[133.5886,33.5939],[133.5923,33.5935],[133.5959,33.5905],[133.6025,33.5909],[133.6044,33.5892],[133.6083,33.591],[133.6101,33.5888],[133.6084,33.5805],[133.6244,33.5768],[133.6232,33.573],[133.6185,33.5744],[133.612,33.5731],[133.6145,33.568],[133.6195,33.5697],[133.6253,33.568],[133.6232,33.5581],[133.6158,33.5524],[133.6167,33.5481],[133.6094,33.5459],[133.6065,33.5419],[133.6069,33.536],[133.6026,33.5326],[133.6014,33.5196],[133.5908,33.516],[133.5924,33.5134],[133.5882,33.5089],[133.5858,33.5087],[133.5841,33.513],[133.5772,33.5101],[133.5705,33.5019],[133.5643,33.5012],[133.5625,33.5042],[133.5691,33.5118],[133.5695,33.5153],[133.5648,33.5146],[133.5654,33.5312],[133.5669,33.5356],[133.5714,33.5391],[133.5694,33.5427],[133.566,33.5434],[133.5605,33.5421],[133.559,33.5388],[133.5611,33.5354],[133.5609,33.5302],[133.5481,33.5253],[133.5462,33.5229],[133.5484,33.5205],[133.5476,33.5176],[133.5535,33.5101],[133.5596,33.5085],[133.557,33.5052],[133.563,33.4965],[133.5679,33.4992],[133.5772,33.5008],[133.5766,33.4983],[133.5727,33.4955],[133.5656,33.4931],[133.5542,33.4901],[133.5446,33.4871],[133.5143,33.4756],[133.5104,33.4736],[133.5048,33.468],[133.4986,33.4667],[133.4845,33.4613],[133.4794,33.458],[133.4707,33.468],[133.4609,33.4757],[133.4616,33.4836],[133.4567,33.4908],[133.4447,33.4965],[133.4421,33.4994],[133.4365,33.5101],[133.4416,33.5136],[133.449,33.5144],[133.458,33.5237],[133.4583,33.5269],[133.4559,33.5326],[133.4583,33.535],[133.4631,33.5356],[133.4648,33.5385],[133.4631,33.5444],[133.4657,33.5453],[133.4679,33.5539],[133.4714,33.5569],[133.4745,33.5628],[133.472,33.5662],[133.469,33.566],[133.4631,33.5733],[133.4581,33.574],[133.4524,33.5721],[133.4465,33.5673],[133.4426,33.5715],[133.4384,33.5722],[133.4334,33.5759],[133.4291,33.5747],[133.4182,33.5762],[133.4128,33.5818],[133.4131,33.5871],[133.4019,33.5921],[133.4013,33.5954],[133.406,33.5994],[133.409,33.605],[133.4157,33.6083],[133.4127,33.6148],[133.4092,33.6188],[133.4061,33.6175],[133.399,33.6197],[133.3958,33.6291],[133.395,33.6399],[133.3996,33.643],[133.4007,33.6507],[133.4126,33.6606],[133.4276,33.6649],[133.4338,33.6679],[133.4364,33.6706],[133.4494,33.6723],[133.4533,33.6705],[133.4557,33.6664],[133.4604,33.663],[133.4647,33.6617],[133.4696,33.666],[133.4734,33.6712],[133.4808,33.671],[133.4877,33.6697],[133.4946,33.671],[133.4993,33.6689],[133.5058,33.6699],[133.5154,33.6792],[133.5155,33.6819],[133.5304,33.6781],[133.5356,33.678],[133.5385,33.6735],[133.5404,33.665],[133.5502,33.6632],[133.5547,33.6663],[133.5634,33.6661]]]]}},{"type":"Feature","properties":{"code":"40100","ja":"北九州市","pref":"fukuoka","kind":"designated"},"geometry":{"type":"MultiPolygon","coordinates":[[[[130.9812,33.8106],[130.9745,33.8053],[130.9604,33.7907],[130.9577,33.7908],[130.9552,33.7868],[130.9533,33.7808],[130.9448,33.7778],[130.941,33.7782],[130.9337,33.7758],[130.9309,33.7786],[130.9268,33.7798],[130.9164,33.7749],[130.9166,33.7712],[130.9101,33.7668],[130.9118,33.7638],[130.9134,33.7567],[130.9095,33.751],[130.91,33.7488],[130.9072,33.746],[130.9022,33.7532],[130.8986,33.747],[130.897,33.7409],[130.8947,33.739],[130.8943,33.7341],[130.8918,33.7354],[130.8894,33.7425],[130.8782,33.7417],[130.8679,33.7342],[130.863,33.7363],[130.8551,33.7356],[130.8502,33.7332],[130.8474,33.7258],[130.8446,33.7244],[130.8376,33.7257],[130.8269,33.7238],[130.822,33.7212],[130.8209,33.7255],[130.8139,33.728],[130.8107,33.7335],[130.8056,33.7346],[130.804,33.742],[130.8048,33.7498],[130.8021,33.7511],[130.8022,33.7587],[130.7993,33.7651],[130.8024,33.7706],[130.7993,33.7768],[130.7948,33.7803],[130.7885,33.7798],[130.7845,33.7852],[130.7729,33.7865],[130.7682,33.7848],[130.7666,33.7824],[130.7681,33.7772],[130.7617,33.7733],[130.7574,33.7695],[130.7524,33.7698],[130.746,33.7721],[130.7381,33.7706],[130.7297,33.7744],[130.7248,33.7754],[130.7207,33.7741],[130.7144,33.7849],[130.714,33.7876],[130.7071,33.796],[130.7035,33.8012],[130.7067,33.8044],[130.7165,33.8073],[130.7217,33.8066],[130.7195,33.8018],[130.7252,33.8032],[130.731,33.8126],[130.7384,33.8137],[130.7431,33.816],[130.7428,33.82],[130.7338,33.8225],[130.7297,33.8254],[130.7288,33.8306],[130.7184,33.8344],[130.7208,33.8391],[130.7184,33.8441],[130.7131,33.8467],[130.7124,33.8493],[130.7061,33.8527],[130.7041,33.8576],[130.7006,33.8575],[130.6991,33.8623],[130.6954,33.8644],[130.6934,33.8677],[130.695,33.8721],[130.6924,33.8783],[130.6878,33.8804],[130.6824,33.8881],[130.6817,33.8888],[130.6853,33.8934],[130.6856,33.8974],[130.6795,33.9022],[130.6755,33.9068],[130.678,33.9122],[130.6767,33.9162],[130.6732,33.9187],[130.6825,33.9243],[130.6875,33.9344],[130.6923,33.9353],[130.6948,33.9376],[130.7011,33.9386],[130.7098,33.9375],[130.7127,33.9386],[130.7173,33.9376],[130.7223,33.9347],[130.7291,33.9343],[130.7324,33.9289],[130.738,33.927],[130.7395,33.9319],[130.7526,33.9319],[130.7526,33.9452],[130.7687,33.9473],[130.7688,33.9406],[130.76,33.9396],[130.7601,33.934],[130.7688,33.934],[130.7688,33.9291],[130.7578,33.9249],[130.7524,33.9259],[130.7515,33.9232],[130.757,33.9205],[130.7753,33.9272],[130.7775,33.9343],[130.8074,33.9316],[130.8065,33.9296],[130.8125,33.9264],[130.8159,33.9265],[130.8185,33.9229],[130.8174,33.917],[130.8097,33.918],[130.8102,33.9146],[130.8167,33.9142],[130.8143,33.9021],[130.8074,33.8997],[130.8003,33.8927],[130.7958,33.8903],[130.7854,33.8909],[130.7694,33.8892],[130.7756,33.8876],[130.7828,33.8885],[130.7837,33.8859],[130.7537,33.8781],[130.7503,33.8793],[130.7466,33.8863],[130.7444,33.8877],[130.7489,33.8779],[130.7498,33.874],[130.7823,33.882],[130.7822,33.8781],[130.7849,33.8826],[130.7973,33.8856],[130.8036,33.8906],[130.8047,33.8816],[130.8001,33.8754],[130.8057,33.8756],[130.8088,33.8788],[130.8069,33.8848],[130.8057,33.8917],[130.8069,33.8932],[130.816,33.8973],[130.8158,33.8997],[130.8227,33.9036],[130.8239,33.9067],[130.8216,33.9108],[130.8248,33.9205],[130.845,33.9279],[130.855,33.9295],[130.8575,33.9244],[130.8483,33.9193],[130.8504,33.9149],[130.8665,33.9205],[130.8691,33.9175],[130.852,33.91],[130.8511,33.9066],[130.8533,33.9038],[130.8569,33.9066],[130.8548,33.9087],[130.8718,33.9159],[130.8841,33.9052],[130.871,33.8993],[130.8736,33.8971],[130.8807,33.9002],[130.8878,33.9021],[130.8931,33.8962],[130.8841,33.8961],[130.8815,33.8919],[130.8881,33.8934],[130.8901,33.892],[130.8878,33.8885],[130.892,33.8881],[130.8947,33.8921],[130.9012,33.8907],[130.9055,33.8942],[130.9151,33.8958],[130.9171,33.8961],[130.9262,33.9027],[130.9318,33.9078],[130.9394,33.9226],[130.9412,33.9242],[130.9425,33.9317],[130.9462,33.9384],[130.9546,33.9421],[130.9624,33.9477],[130.9617,33.9567],[130.963,33.9622],[130.9708,33.9614],[130.9745,33.9591],[130.9923,33.9617],[131.0021,33.9699],[131.0083,33.9677],[131.0053,33.9652],[131.0065,33.9621],[131.0109,33.9655],[131.0201,33.9623],[131.024,33.9577],[131.0184,33.9511],[131.0219,33.9472],[131.021,33.9419],[131.0108,33.9419],[131.008,33.9343],[131.0106,33.9303],[131.0014,33.9246],[131.0014,33.9222],[131.0074,33.9215],[131.0146,33.9193],[131.0132,33.9158],[131.0052,33.9153],[131.0019,33.9096],[131.0044,33.904],[130.9999,33.9035],[130.9969,33.9073],[130.9938,33.9054],[130.9936,33.9023],[130.9886,33.9003],[130.9908,33.8958],[131.002,33.892],[131.004,33.8895],[130.9998,33.8736],[130.994,33.8751],[130.9936,33.8792],[130.9952,33.8851],[130.9906,33.8856],[130.9894,33.8801],[130.9866,33.8815],[130.9869,33.8722],[130.9821,33.867],[130.9843,33.8639],[130.9888,33.8687],[130.9982,33.8683],[130.9935,33.851],[130.9879,33.8508],[130.983,33.8455],[130.9774,33.8445],[130.9763,33.8344],[130.9633,33.8377],[130.9604,33.839],[130.9567,33.8296],[130.9636,33.8172],[130.9666,33.8094],[130.98,33.8119],[130.9812,33.8106]]],[[[130.8088,33.9487],[130.812,33.9479],[130.8143,33.9434],[130.8323,33.9499],[130.845,33.9392],[130.8315,33.9344],[130.8222,33.9304],[130.8145,33.9342],[130.8098,33.9326],[130.7842,33.935],[130.7841,33.9405],[130.7774,33.9405],[130.7774,33.9461],[130.7996,33.9461],[130.8088,33.9487]]],[[[130.7255,34.019],[130.727,34.0155],[130.7316,34.0162],[130.7287,34.0087],[130.7243,34.012],[130.7221,34.0166],[130.7255,34.019]]],[[[130.8132,34.0012],[130.8165,34.0005],[130.8167,33.9974],[130.8201,33.9947],[130.8226,33.9871],[130.8173,33.9892],[130.8136,33.9961],[130.8094,33.9992],[130.8132,34.0012]]],[[[131.039,33.8356],[131.0292,33.8342],[131.0246,33.8566],[131.0343,33.858],[131.039,33.8356]]]]}},{"type":"Feature","properties":{"code":"40130","ja":"福岡市","pref":"fukuoka","kind":"designated"},"geometry":{"type":"MultiPolygon","coordinates":[[[[130.3017,33.6384],[130.3078,33.635],[130.3076,33.6299],[130.3136,33.623],[130.3139,33.616],[130.3088,33.6117],[130.3077,33.6085],[130.3012,33.6071],[130.2978,33.6087],[130.2951,33.6179],[130.2976,33.6201],[130.2995,33.627],[130.298,33.6307],[130.2984,33.6359],[130.3017,33.6384]]],[[[130.1978,33.6398],[130.2012,33.6429],[130.2002,33.6451],[130.2066,33.6466],[130.2092,33.6536],[130.2074,33.6562],[130.2063,33.6637],[130.2101,33.6675],[130.2215,33.6593],[130.2309,33.6555],[130.2325,33.6514],[130.2371,33.6488],[130.2346,33.6441],[130.229,33.6421],[130.229,33.6381],[130.225,33.6367],[130.2249,33.6321],[130.2297,33.6261],[130.2293,33.6229],[130.2324,33.6189],[130.2318,33.6169],[130.2378,33.6138],[130.2466,33.6117],[130.262,33.6108],[130.2661,33.6127],[130.2735,33.6115],[130.275,33.6098],[130.2736,33.6032],[130.2708,33.5961],[130.266,33.5974],[130.2625,33.6028],[130.2507,33.5999],[130.2519,33.5967],[130.26,33.5912],[130.2644,33.594],[130.2668,33.5869],[130.2729,33.5826],[130.2799,33.5809],[130.285,33.581],[130.2865,33.5832],[130.2926,33.5801],[130.3038,33.5834],[130.3119,33.588],[130.3114,33.5904],[130.3136,33.5981],[130.3234,33.5985],[130.3237,33.5937],[130.3273,33.5937],[130.3297,33.5987],[130.3321,33.5975],[130.3431,33.5957],[130.3529,33.5952],[130.3565,33.5967],[130.3594,33.5968],[130.3691,33.6016],[130.3718,33.6007],[130.3736,33.6051],[130.3813,33.6027],[130.383,33.5969],[130.3857,33.5942],[130.3932,33.5973],[130.3883,33.6017],[130.3847,33.6075],[130.39,33.6098],[130.3945,33.6023],[130.397,33.6034],[130.402,33.6051],[130.3959,33.6103],[130.3996,33.6137],[130.4013,33.6185],[130.4045,33.6194],[130.414,33.617],[130.4124,33.6205],[130.4036,33.623],[130.4054,33.629],[130.4082,33.6295],[130.4096,33.6329],[130.4041,33.6345],[130.4073,33.6425],[130.4113,33.6438],[130.4206,33.6412],[130.4218,33.6467],[130.4169,33.6492],[130.4134,33.648],[130.4064,33.6499],[130.4051,33.6522],[130.4255,33.6606],[130.4325,33.6591],[130.4345,33.6623],[130.4334,33.6658],[130.4303,33.6673],[130.4256,33.675],[130.4319,33.6786],[130.4326,33.6826],[130.4305,33.6868],[130.4185,33.6864],[130.4149,33.6841],[130.4088,33.6836],[130.4036,33.6811],[130.4028,33.6792],[130.4051,33.6747],[130.3985,33.671],[130.3938,33.6696],[130.3848,33.6685],[130.3684,33.6651],[130.3637,33.66],[130.3603,33.6583],[130.359,33.6485],[130.3613,33.6442],[130.3545,33.6443],[130.3501,33.6485],[130.3459,33.6492],[130.3394,33.6519],[130.3338,33.6494],[130.325,33.6602],[130.3354,33.6604],[130.3462,33.6619],[130.3532,33.6658],[130.3673,33.6693],[130.3732,33.6716],[130.3869,33.6788],[130.3997,33.6873],[130.4057,33.6936],[130.4103,33.6969],[130.4163,33.7028],[130.4159,33.7067],[130.418,33.7125],[130.4306,33.7082],[130.4413,33.6988],[130.4439,33.7],[130.4479,33.6977],[130.4483,33.6922],[130.4501,33.6904],[130.4552,33.6796],[130.4603,33.6805],[130.4641,33.6829],[130.4688,33.6796],[130.4672,33.6735],[130.4706,33.67],[130.469,33.6672],[130.4796,33.6538],[130.4791,33.6488],[130.485,33.6496],[130.4873,33.6473],[130.4905,33.6494],[130.4946,33.6464],[130.4922,33.6419],[130.4943,33.6347],[130.4946,33.6319],[130.4858,33.6268],[130.4825,33.6303],[130.4752,33.6343],[130.4722,33.6372],[130.4664,33.6308],[130.4597,33.6288],[130.4571,33.6245],[130.4541,33.6249],[130.4516,33.6189],[130.4411,33.6127],[130.4448,33.6089],[130.4424,33.6067],[130.4423,33.6064],[130.4506,33.6024],[130.4555,33.5962],[130.4593,33.5969],[130.4635,33.5913],[130.4693,33.5871],[130.4775,33.5777],[130.4794,33.5726],[130.4773,33.5673],[130.4817,33.5649],[130.4857,33.5603],[130.4857,33.5602],[130.4779,33.5525],[130.4738,33.5532],[130.4667,33.5628],[130.4622,33.5607],[130.4693,33.5531],[130.4709,33.5495],[130.4684,33.5479],[130.4711,33.5441],[130.4687,33.5421],[130.469,33.5379],[130.4634,33.5358],[130.4596,33.5394],[130.4522,33.5489],[130.4461,33.5478],[130.4397,33.5429],[130.4403,33.5377],[130.443,33.5333],[130.4402,33.5302],[130.4358,33.5289],[130.4374,33.5253],[130.434,33.5229],[130.4284,33.5227],[130.4268,33.5304],[130.4208,33.5278],[130.4165,33.5235],[130.4125,33.5246],[130.4108,33.5222],[130.4064,33.5209],[130.4039,33.5185],[130.4039,33.5135],[130.3985,33.5131],[130.3961,33.5071],[130.3936,33.5063],[130.3859,33.5071],[130.3821,33.5055],[130.3772,33.5082],[130.3713,33.5048],[130.3783,33.4975],[130.3814,33.4872],[130.3813,33.4804],[130.383,33.4753],[130.388,33.4665],[130.3858,33.4621],[130.3879,33.4548],[130.3934,33.4513],[130.3993,33.4488],[130.3988,33.4453],[130.4044,33.4406],[130.4031,33.4381],[130.396,33.4403],[130.3962,33.4274],[130.3912,33.4261],[130.3874,33.4281],[130.3782,33.425],[130.3753,33.4302],[130.3706,33.4332],[130.3635,33.4349],[130.3558,33.4332],[130.3454,33.445],[130.3398,33.4446],[130.3364,33.4452],[130.335,33.4504],[130.3319,33.4513],[130.3196,33.4587],[130.3138,33.4581],[130.3111,33.462],[130.3057,33.4632],[130.3032,33.4613],[130.2959,33.4636],[130.2912,33.4695],[130.2883,33.4696],[130.2767,33.4789],[130.2721,33.4794],[130.2735,33.4837],[130.2727,33.4882],[130.276,33.4895],[130.2719,33.4951],[130.2778,33.5016],[130.2795,33.5066],[130.2856,33.5071],[130.2918,33.513],[130.2922,33.5191],[130.2882,33.5226],[130.2873,33.5263],[130.2892,33.5313],[130.2887,33.5387],[130.2838,33.5395],[130.2776,33.5441],[130.2697,33.5472],[130.2664,33.55],[130.2656,33.5565],[130.2575,33.5552],[130.2545,33.5578],[130.2497,33.5561],[130.2452,33.5577],[130.2404,33.5517],[130.2362,33.5554],[130.2393,33.559],[130.2366,33.5664],[130.2393,33.5675],[130.241,33.5731],[130.2377,33.5805],[130.2345,33.5815],[130.2298,33.5803],[130.2266,33.5814],[130.2226,33.5794],[130.2192,33.5806],[130.2159,33.5853],[130.2118,33.589],[130.2097,33.5966],[130.2074,33.5978],[130.2104,33.6018],[130.2101,33.6061],[130.2059,33.6096],[130.2074,33.6126],[130.2059,33.6152],[130.2049,33.6228],[130.2067,33.6286],[130.2039,33.6318],[130.204,33.6353],[130.1978,33.6398]]],[[[130.229,33.6946],[130.2349,33.6931],[130.2377,33.6898],[130.2374,33.6843],[130.2328,33.6828],[130.2272,33.6866],[130.2242,33.6914],[130.229,33.6946]]],[[[130.0363,33.8741],[130.0385,33.8688],[130.037,33.8625],[130.033,33.8665],[130.0363,33.8741]]],[[[130.4212,33.6754],[130.4249,33.672],[130.4282,33.6652],[130.4261,33.6619],[130.4175,33.6583],[130.4141,33.6614],[130.4017,33.6564],[130.3982,33.6555],[130.3942,33.6622],[130.3952,33.6647],[130.4018,33.6674],[130.4158,33.6752],[130.4212,33.6754]]],[[[130.2996,33.6895],[130.3033,33.6877],[130.31,33.6786],[130.3159,33.6661],[130.316,33.6617],[130.3079,33.6592],[130.2985,33.6603],[130.2977,33.6626],[130.2897,33.6712],[130.2888,33.6779],[130.286,33.6795],[130.2901,33.6849],[130.2901,33.6877],[130.2946,33.6876],[130.2996,33.6895]]]]}},{"type":"Feature","properties":{"code":"41201","ja":"佐賀市","pref":"saga","kind":"city"},"geometry":{"type":"MultiPolygon","coordinates":[[[[130.2721,33.4794],[130.2767,33.4789],[130.2883,33.4696],[130.2912,33.4695],[130.2959,33.4636],[130.3032,33.4613],[130.3057,33.4632],[130.3111,33.462],[130.3138,33.4581],[130.3196,33.4587],[130.3319,33.4513],[130.335,33.4504],[130.3364,33.4452],[130.3398,33.4446],[130.3398,33.441],[130.334,33.4403],[130.3337,33.4365],[130.3307,33.4347],[130.3287,33.4296],[130.3274,33.4225],[130.3202,33.4206],[130.32,33.4179],[130.3158,33.4162],[130.3127,33.4118],[130.3075,33.413],[130.2983,33.4093],[130.2945,33.4036],[130.2856,33.4023],[130.2786,33.4026],[130.2755,33.398],[130.2765,33.3921],[130.2738,33.3869],[130.276,33.3824],[130.2819,33.3796],[130.2874,33.3825],[130.2917,33.3821],[130.2936,33.3791],[130.2931,33.3719],[130.2888,33.369],[130.2923,33.3647],[130.3001,33.3595],[130.2978,33.3577],[130.3047,33.3518],[130.3095,33.3586],[130.3149,33.3608],[130.3158,33.3588],[130.324,33.3602],[130.3272,33.3597],[130.3311,33.3565],[130.3376,33.3334],[130.3366,33.3292],[130.3379,33.3213],[130.3399,33.318],[130.3426,33.3069],[130.3423,33.2989],[130.3356,33.2976],[130.3383,33.2906],[130.3406,33.2784],[130.3406,33.269],[130.3435,33.2599],[130.3422,33.2529],[130.3436,33.2499],[130.3499,33.2501],[130.3501,33.256],[130.3591,33.256],[130.3616,33.2572],[130.3737,33.2572],[130.3739,33.2443],[130.3701,33.2398],[130.3706,33.236],[130.3791,33.2291],[130.3788,33.2221],[130.3762,33.2199],[130.3674,33.2175],[130.3621,33.2152],[130.3581,33.2107],[130.355,33.2092],[130.3427,33.2082],[130.3397,33.205],[130.3394,33.2003],[130.3405,33.1884],[130.3428,33.1881],[130.3471,33.1819],[130.3531,33.1805],[130.3522,33.1708],[130.3536,33.1618],[130.3559,33.1538],[130.3558,33.1404],[130.3451,33.1417],[130.3408,33.1415],[130.3072,33.1461],[130.2885,33.1467],[130.2873,33.1474],[130.284,33.156],[130.2857,33.1617],[130.2788,33.1638],[130.2786,33.1688],[130.26,33.18],[130.2513,33.1902],[130.2555,33.1971],[130.2539,33.2025],[130.2464,33.2029],[130.2474,33.1923],[130.2467,33.1917],[130.2334,33.1942],[130.2312,33.1921],[130.2298,33.1929],[130.2311,33.1978],[130.2349,33.1981],[130.2345,33.2041],[130.2293,33.204],[130.2282,33.211],[130.2298,33.215],[130.225,33.225],[130.2214,33.2292],[130.2234,33.2402],[130.2186,33.2464],[130.2196,33.2519],[130.2297,33.2565],[130.2347,33.2568],[130.2356,33.2524],[130.2414,33.2515],[130.2444,33.253],[130.2437,33.2673],[130.2447,33.2727],[130.2428,33.2801],[130.2376,33.2945],[130.2347,33.2963],[130.2325,33.3089],[130.2266,33.3137],[130.2238,33.3204],[130.2255,33.3287],[130.2217,33.3349],[130.2101,33.3406],[130.2022,33.3405],[130.1947,33.3418],[130.182,33.3408],[130.1787,33.3389],[130.1731,33.3391],[130.1682,33.3378],[130.1661,33.3397],[130.1614,33.3403],[130.1524,33.339],[130.1468,33.3397],[130.1428,33.3389],[130.1408,33.3465],[130.1421,33.3496],[130.1457,33.352],[130.146,33.3562],[130.1446,33.3644],[130.1424,33.369],[130.1394,33.3722],[130.1414,33.381],[130.1486,33.3889],[130.1513,33.3892],[130.1542,33.3926],[130.1535,33.395],[130.1577,33.4006],[130.1553,33.4058],[130.1564,33.4094],[130.1648,33.4095],[130.1702,33.415],[130.1622,33.4166],[130.1595,33.4158],[130.1578,33.4221],[130.1637,33.4235],[130.1679,33.4316],[130.1665,33.4371],[130.1688,33.4382],[130.1681,33.4452],[130.17,33.449],[130.1693,33.4515],[130.1652,33.4537],[130.1658,33.4589],[130.17,33.4634],[130.1688,33.4677],[130.1748,33.4674],[130.1759,33.466],[130.1828,33.4667],[130.1886,33.4709],[130.1886,33.4747],[130.1945,33.4761],[130.1979,33.4794],[130.2056,33.4814],[130.2163,33.4799],[130.2182,33.4782],[130.2234,33.4783],[130.2267,33.4767],[130.2334,33.4788],[130.2364,33.4778],[130.2382,33.474],[130.2441,33.4744],[130.2464,33.4715],[130.2523,33.471],[130.2575,33.4761],[130.2721,33.4794]]]]}},{"type":"Feature","properties":{"code":"42201","ja":"長崎市","pref":"nagasaki","kind":"city"},"geometry":{"type":"MultiPolygon","coordinates":[[[[129.7866,32.5708],[129.7891,32.569],[129.7907,32.5641],[129.7895,32.556],[129.7847,32.5562],[129.7818,32.5549],[129.7787,32.5508],[129.7753,32.5492],[129.773,32.5537],[129.7753,32.5655],[129.7796,32.569],[129.7865,32.567],[129.7866,32.5708]]],[[[129.7809,32.7025],[129.7804,32.699],[129.7849,32.6969],[129.7857,32.6927],[129.7799,32.6903],[129.7771,32.6914],[129.7767,32.6955],[129.7717,32.7006],[129.7809,32.7025]]],[[[129.7513,32.6671],[129.7597,32.6639],[129.7554,32.6587],[129.7586,32.6549],[129.7573,32.6509],[129.7546,32.6501],[129.7496,32.658],[129.7464,32.6618],[129.7513,32.6671]]],[[[129.7613,32.7153],[129.7725,32.708],[129.7752,32.7097],[129.7801,32.7053],[129.7795,32.703],[129.7731,32.7018],[129.7685,32.7057],[129.7648,32.7065],[129.7615,32.7093],[129.7613,32.7153]]],[[[129.9655,32.7621],[129.9671,32.76],[129.9808,32.76],[129.9779,32.7526],[129.9815,32.7502],[129.9849,32.7528],[129.9893,32.7503],[129.9868,32.7475],[129.9729,32.7503],[129.9674,32.7539],[129.9643,32.761],[129.9655,32.7621]]],[[[129.6021,32.8912],[129.6028,32.887],[129.6054,32.8851],[129.5995,32.8802],[129.591,32.8805],[129.5925,32.8851],[129.5965,32.8867],[129.6021,32.8912]]],[[[129.8027,32.9164],[129.8084,32.9165],[129.8071,32.913],[129.8036,32.9127],[129.8027,32.9164]]],[[[129.8465,32.8121],[129.8511,32.8053],[129.8581,32.7992],[129.8609,32.7984],[129.8642,32.8013],[129.8668,32.8085],[129.8702,32.8057],[129.8674,32.8024],[129.8666,32.7975],[129.8692,32.7971],[129.8699,32.8027],[129.8751,32.8067],[129.8807,32.8081],[129.8821,32.8049],[129.8875,32.8064],[129.894,32.8117],[129.9037,32.8093],[129.912,32.811],[129.9175,32.8137],[129.9242,32.8208],[129.9312,32.8201],[129.9346,32.8162],[129.9389,32.8166],[129.9452,32.8193],[129.9504,32.8194],[129.9553,32.8162],[129.9573,32.8117],[129.9617,32.8104],[129.9694,32.8125],[129.9744,32.8166],[129.978,32.8175],[129.9804,32.811],[129.9864,32.8068],[129.9926,32.8066],[129.9932,32.8036],[129.9891,32.7993],[129.9896,32.7874],[129.9936,32.7819],[129.9926,32.779],[129.9884,32.7747],[129.9872,32.7716],[129.99,32.767],[129.9909,32.763],[129.9877,32.7591],[129.9823,32.7613],[129.9745,32.7622],[129.966,32.7651],[129.9584,32.7652],[129.9559,32.7631],[129.9474,32.7589],[129.947,32.7552],[129.9533,32.7488],[129.9566,32.7415],[129.9536,32.7371],[129.9458,32.736],[129.9407,32.7319],[129.9431,32.726],[129.9392,32.7238],[129.9335,32.7172],[129.9317,32.7214],[129.9282,32.7208],[129.9265,32.717],[129.9256,32.7081],[129.9204,32.7079],[129.9161,32.7094],[129.9131,32.7123],[129.9115,32.7028],[129.9141,32.7032],[129.9157,32.699],[129.9142,32.6933],[129.9104,32.6869],[129.9019,32.6798],[129.9005,32.6715],[129.8954,32.6668],[129.8961,32.6627],[129.8909,32.6582],[129.8868,32.6561],[129.8837,32.6524],[129.8784,32.6537],[129.8721,32.6505],[129.8721,32.6459],[129.8688,32.6465],[129.8659,32.6436],[129.8575,32.643],[129.8566,32.641],[129.8464,32.6379],[129.8413,32.6416],[129.8376,32.64],[129.8371,32.6355],[129.835,32.632],[129.8367,32.6292],[129.8353,32.6267],[129.8378,32.6209],[129.8328,32.6185],[129.8303,32.6129],[129.8239,32.6095],[129.8228,32.6066],[129.8163,32.6025],[129.8111,32.598],[129.8095,32.5944],[129.8045,32.5907],[129.791,32.5858],[129.7846,32.5827],[129.7792,32.5821],[129.7797,32.5777],[129.7683,32.583],[129.7636,32.5831],[129.7556,32.5809],[129.7531,32.5786],[129.7527,32.5747],[129.7447,32.5744],[129.7417,32.5713],[129.7373,32.5746],[129.7357,32.5807],[129.7423,32.5835],[129.7458,32.5866],[129.7495,32.592],[129.7549,32.5904],[129.755,32.588],[129.7515,32.5847],[129.7544,32.5834],[129.7574,32.5876],[129.7575,32.5934],[129.7672,32.5949],[129.7762,32.602],[129.7801,32.6037],[129.7824,32.6073],[129.7799,32.6112],[129.7906,32.6147],[129.7913,32.6254],[129.7941,32.6285],[129.7919,32.6306],[129.7965,32.6338],[129.799,32.6399],[129.8015,32.6402],[129.8046,32.6494],[129.8072,32.6508],[129.8098,32.6559],[129.8144,32.6535],[129.8169,32.6544],[129.8181,32.6678],[129.8166,32.6725],[129.8197,32.6855],[129.8151,32.6872],[129.8129,32.6836],[129.8062,32.6811],[129.8033,32.678],[129.8004,32.6828],[129.7953,32.6846],[129.7942,32.6933],[129.8004,32.6934],[129.805,32.6908],[129.811,32.6929],[129.8128,32.6975],[129.8155,32.6991],[129.8178,32.7063],[129.8211,32.7056],[129.8266,32.708],[129.8291,32.7071],[129.826,32.6956],[129.82,32.6951],[129.8284,32.6879],[129.8347,32.6896],[129.8333,32.6974],[129.8404,32.6977],[129.8454,32.6966],[129.8417,32.7021],[129.843,32.7056],[129.8478,32.7059],[129.8518,32.7208],[129.8564,32.7225],[129.858,32.7267],[129.865,32.7323],[129.8685,32.7378],[129.868,32.7454],[129.8654,32.7492],[129.8589,32.7418],[129.8586,32.7371],[129.8566,32.7314],[129.8475,32.7263],[129.8456,32.7201],[129.8413,32.7228],[129.8334,32.725],[129.8275,32.7177],[129.82,32.7203],[129.8195,32.7231],[129.8258,32.7318],[129.8316,32.7329],[129.8315,32.7375],[129.8261,32.7398],[129.8298,32.744],[129.8234,32.7458],[129.8164,32.7412],[129.8089,32.7423],[129.8057,32.7478],[129.813,32.7532],[129.8149,32.7559],[129.8137,32.7595],[129.8093,32.7575],[129.8074,32.7543],[129.803,32.7617],[129.7972,32.76],[129.7966,32.765],[129.8016,32.7718],[129.8012,32.7773],[129.796,32.7795],[129.7911,32.7792],[129.7898,32.7873],[129.7831,32.788],[129.7807,32.7917],[129.7746,32.7984],[129.7701,32.7969],[129.7663,32.8003],[129.7698,32.8079],[129.7755,32.817],[129.7698,32.8207],[129.7668,32.8159],[129.7635,32.8173],[129.7662,32.8218],[129.7624,32.8235],[129.7602,32.8199],[129.7575,32.819],[129.746,32.8221],[129.7394,32.8069],[129.7337,32.8079],[129.7318,32.8157],[129.723,32.8225],[129.7196,32.8225],[129.7184,32.8334],[129.7137,32.8353],[129.7099,32.8329],[129.7001,32.8336],[129.7011,32.8396],[129.6974,32.8426],[129.6929,32.8433],[129.6921,32.8467],[129.6854,32.8523],[129.6842,32.8583],[129.6794,32.8659],[129.6773,32.8669],[129.6779,32.874],[129.6799,32.8797],[129.6774,32.8842],[129.6744,32.8846],[129.6687,32.894],[129.6685,32.8955],[129.6733,32.8972],[129.6772,32.9019],[129.6829,32.9039],[129.6907,32.9026],[129.6986,32.9037],[129.7017,32.9065],[129.7059,32.9063],[129.7087,32.9096],[129.7091,32.9127],[129.7156,32.9099],[129.719,32.9114],[129.7296,32.9113],[129.7333,32.915],[129.7376,32.9131],[129.7425,32.919],[129.7396,32.9232],[129.7373,32.9303],[129.7414,32.9368],[129.7397,32.939],[129.7409,32.947],[129.7483,32.9483],[129.7635,32.9549],[129.7659,32.9543],[129.7734,32.9564],[129.7857,32.9626],[129.7867,32.9657],[129.7918,32.9686],[129.7954,32.9664],[129.8025,32.965],[129.807,32.9619],[129.8111,32.9604],[129.8153,32.9558],[129.8163,32.9503],[129.8185,32.9474],[129.8158,32.9422],[129.8178,32.9401],[129.8145,32.9285],[129.8165,32.926],[129.813,32.9207],[129.807,32.9165],[129.8021,32.9182],[129.7985,32.922],[129.7977,32.9264],[129.8012,32.9288],[129.7999,32.935],[129.8007,32.9395],[129.7957,32.9392],[129.7967,32.9474],[129.7958,32.9519],[129.7918,32.9521],[129.7851,32.947],[129.7833,32.9411],[129.785,32.937],[129.7835,32.9342],[129.7845,32.93],[129.7883,32.9255],[129.7888,32.9208],[129.7849,32.9184],[129.7932,32.9144],[129.7856,32.9106],[129.7838,32.9077],[129.7879,32.9031],[129.7926,32.9026],[129.7912,32.9068],[129.799,32.91],[129.8052,32.9077],[129.8038,32.9012],[129.8055,32.8981],[129.8054,32.8936],[129.8097,32.8919],[129.8067,32.8869],[129.8,32.8815],[129.7945,32.8843],[129.7903,32.8842],[129.79,32.8795],[129.788,32.8733],[129.7957,32.8733],[129.7971,32.871],[129.7937,32.8624],[129.7943,32.8573],[129.8002,32.8537],[129.802,32.8486],[129.8019,32.8432],[129.8081,32.8367],[129.8133,32.8357],[129.8143,32.831],[129.8206,32.8259],[129.8192,32.8199],[129.8169,32.8173],[129.8213,32.8148],[129.8279,32.8177],[129.8352,32.8159],[129.8396,32.8166],[129.8387,32.81],[129.8465,32.8121]]]]}},{"type":"Feature","properties":{"code":"43100","ja":"熊本市","pref":"kumamoto","kind":"designated"},"geometry":{"type":"MultiPolygon","coordinates":[[[[130.8278,32.8253],[130.829,32.8154],[130.8207,32.8143],[130.8156,32.8154],[130.8088,32.8123],[130.8061,32.8058],[130.7872,32.7996],[130.783,32.8051],[130.7781,32.8045],[130.7834,32.7964],[130.7823,32.7943],[130.784,32.7897],[130.7814,32.7848],[130.7846,32.7845],[130.7876,32.7787],[130.7915,32.7779],[130.7955,32.7699],[130.7783,32.7634],[130.7707,32.763],[130.7705,32.7604],[130.7646,32.7603],[130.7611,32.7644],[130.7544,32.7622],[130.7531,32.7595],[130.7465,32.7538],[130.7289,32.7503],[130.7271,32.749],[130.7258,32.7434],[130.7197,32.7454],[130.7155,32.7432],[130.7125,32.7382],[130.7067,32.7407],[130.7015,32.7396],[130.6994,32.7434],[130.6954,32.7371],[130.6995,32.7358],[130.7081,32.7363],[130.7139,32.7354],[130.7247,32.7371],[130.7382,32.7351],[130.7472,32.7349],[130.7519,32.7332],[130.757,32.7283],[130.7596,32.7233],[130.7597,32.7203],[130.7618,32.7116],[130.7595,32.7097],[130.7533,32.7087],[130.7537,32.6997],[130.7647,32.6926],[130.7642,32.6865],[130.7705,32.6831],[130.7724,32.678],[130.7753,32.6757],[130.774,32.6726],[130.7778,32.6674],[130.7769,32.6661],[130.7686,32.6665],[130.7636,32.668],[130.7591,32.6665],[130.7527,32.6661],[130.7515,32.6727],[130.7476,32.6742],[130.7461,32.6686],[130.742,32.664],[130.7342,32.661],[130.7337,32.6671],[130.7284,32.6706],[130.7252,32.6758],[130.7196,32.6781],[130.7167,32.6811],[130.716,32.6846],[130.7099,32.6884],[130.7073,32.6878],[130.6989,32.6897],[130.6971,32.6929],[130.69,32.691],[130.6837,32.6957],[130.6816,32.6941],[130.6713,32.6956],[130.6688,32.7025],[130.666,32.7035],[130.6639,32.707],[130.6594,32.7063],[130.6549,32.7107],[130.65,32.7129],[130.644,32.7173],[130.6427,32.7148],[130.637,32.7112],[130.6306,32.709],[130.6273,32.7094],[130.616,32.7142],[130.6076,32.7158],[130.6051,32.7217],[130.6063,32.7308],[130.6037,32.7312],[130.6074,32.7425],[130.6054,32.7455],[130.6043,32.7529],[130.6062,32.7543],[130.6035,32.7566],[130.5995,32.7669],[130.5999,32.7725],[130.598,32.7732],[130.5984,32.7781],[130.6032,32.7787],[130.6034,32.7845],[130.6075,32.79],[130.6144,32.7926],[130.6125,32.7958],[130.6042,32.8012],[130.6049,32.8058],[130.6003,32.8111],[130.5958,32.8106],[130.5919,32.8138],[130.5936,32.8166],[130.5924,32.8239],[130.5878,32.827],[130.5819,32.8266],[130.5784,32.8289],[130.5818,32.8323],[130.5777,32.8395],[130.579,32.8415],[130.5715,32.8488],[130.5732,32.8527],[130.5964,32.8465],[130.6005,32.8475],[130.6132,32.8431],[130.6221,32.8447],[130.6222,32.8483],[130.6253,32.8525],[130.6308,32.8538],[130.6263,32.862],[130.6321,32.8624],[130.6349,32.861],[130.6385,32.865],[130.6398,32.8734],[130.6427,32.8756],[130.6421,32.8786],[130.6449,32.8849],[130.652,32.888],[130.6494,32.8926],[130.648,32.9003],[130.6497,32.9028],[130.6466,32.908],[130.6391,32.9155],[130.6372,32.9162],[130.6419,32.9239],[130.6389,32.9255],[130.6462,32.9316],[130.6516,32.9322],[130.655,32.9352],[130.662,32.9342],[130.6671,32.937],[130.6708,32.9498],[130.6737,32.9523],[130.6916,32.9595],[130.6965,32.9549],[130.7012,32.9596],[130.7039,32.9681],[130.7093,32.9733],[130.7092,32.977],[130.7185,32.9746],[130.7246,32.977],[130.7336,32.972],[130.7282,32.9659],[130.7299,32.959],[130.7284,32.9442],[130.7307,32.939],[130.7307,32.9338],[130.7289,32.9311],[130.7297,32.9276],[130.725,32.9177],[130.7221,32.907],[130.7229,32.9005],[130.7199,32.897],[130.7242,32.8879],[130.7301,32.8881],[130.7299,32.8798],[130.7323,32.8787],[130.7309,32.8721],[130.7309,32.862],[130.7256,32.8537],[130.7264,32.8515],[130.7317,32.8516],[130.7409,32.8538],[130.7485,32.8579],[130.7521,32.8554],[130.7601,32.8573],[130.7593,32.8523],[130.765,32.8543],[130.768,32.8569],[130.7763,32.8579],[130.7796,32.8564],[130.7874,32.8583],[130.7905,32.8534],[130.7935,32.8544],[130.7976,32.8523],[130.8048,32.8522],[130.8065,32.8432],[130.8057,32.8394],[130.8076,32.8374],[130.8179,32.8389],[130.8206,32.8385],[130.828,32.8312],[130.8278,32.8253]]],[[[130.593,32.7687],[130.5934,32.7653],[130.591,32.7629],[130.5825,32.7635],[130.5732,32.7628],[130.5741,32.7684],[130.5843,32.7692],[130.593,32.7687]]]]}},{"type":"Feature","properties":{"code":"44201","ja":"大分市","pref":"oita","kind":"city"},"geometry":{"type":"MultiPolygon","coordinates":[[[[131.9565,33.2793],[131.9559,33.2749],[131.9499,33.2741],[131.9452,33.2715],[131.9396,33.2773],[131.9463,33.2784],[131.9535,33.2782],[131.9565,33.2793]]],[[[131.8491,33.1882],[131.8453,33.1989],[131.8402,33.2061],[131.8338,33.2066],[131.8266,33.205],[131.82,33.1998],[131.8139,33.1997],[131.8054,33.1968],[131.8002,33.1939],[131.7978,33.1905],[131.7949,33.1899],[131.7909,33.1924],[131.7843,33.1904],[131.7809,33.187],[131.7596,33.1815],[131.7559,33.1822],[131.7516,33.1763],[131.7433,33.1723],[131.7369,33.1766],[131.7287,33.1709],[131.7275,33.1663],[131.7216,33.1601],[131.7181,33.1549],[131.7229,33.1515],[131.7242,33.1478],[131.721,33.1423],[131.7208,33.1383],[131.7163,33.136],[131.7167,33.132],[131.7198,33.13],[131.7119,33.1132],[131.7155,33.112],[131.7102,33.1076],[131.7138,33.1021],[131.7053,33.0939],[131.704,33.0917],[131.7043,33.0847],[131.7066,33.0785],[131.704,33.0767],[131.6997,33.0777],[131.6951,33.076],[131.6925,33.0768],[131.6866,33.0828],[131.6834,33.0819],[131.6784,33.0859],[131.6757,33.0882],[131.6723,33.0868],[131.6611,33.0887],[131.6559,33.0868],[131.6542,33.0845],[131.6463,33.0823],[131.643,33.0827],[131.6412,33.0872],[131.6378,33.0888],[131.6282,33.0901],[131.6251,33.0927],[131.6157,33.0958],[131.6049,33.1025],[131.5994,33.1034],[131.5938,33.1022],[131.5878,33.0976],[131.5816,33.1012],[131.5776,33.1004],[131.5747,33.1021],[131.5682,33.1101],[131.5645,33.1117],[131.5594,33.1112],[131.5544,33.1176],[131.5508,33.1179],[131.5422,33.1167],[131.5394,33.1112],[131.5323,33.1099],[131.5309,33.1079],[131.5256,33.1066],[131.5219,33.1027],[131.5151,33.1024],[131.5077,33.1001],[131.498,33.0938],[131.4964,33.092],[131.5019,33.0872],[131.4994,33.0841],[131.4977,33.0795],[131.4948,33.0762],[131.4914,33.0762],[131.4854,33.0738],[131.4859,33.0787],[131.482,33.0784],[131.4828,33.0739],[131.4749,33.0704],[131.4655,33.0723],[131.4597,33.0755],[131.4568,33.0799],[131.4545,33.0905],[131.4565,33.0944],[131.4485,33.0945],[131.444,33.0936],[131.4406,33.0881],[131.4316,33.0828],[131.4236,33.0792],[131.4198,33.0811],[131.4217,33.0898],[131.4187,33.0921],[131.4188,33.0958],[131.4233,33.0972],[131.4241,33.0994],[131.4284,33.101],[131.4336,33.1089],[131.4308,33.1133],[131.4346,33.1197],[131.4288,33.1235],[131.4275,33.1277],[131.4298,33.1316],[131.4386,33.1354],[131.4438,33.1427],[131.4504,33.1418],[131.4531,33.143],[131.458,33.1389],[131.4596,33.1423],[131.4581,33.1451],[131.4602,33.1474],[131.4666,33.146],[131.4733,33.1534],[131.4853,33.16],[131.4897,33.1604],[131.4899,33.1659],[131.4983,33.1674],[131.5006,33.1661],[131.5041,33.1685],[131.5044,33.1725],[131.5082,33.1792],[131.5123,33.1819],[131.5202,33.1911],[131.5294,33.1951],[131.5319,33.1981],[131.5361,33.1992],[131.5323,33.2041],[131.5333,33.207],[131.5377,33.209],[131.5373,33.212],[131.5337,33.2126],[131.5325,33.2158],[131.5379,33.2265],[131.5364,33.2306],[131.5376,33.2368],[131.5427,33.2371],[131.5406,33.2435],[131.5366,33.245],[131.5286,33.2443],[131.523,33.2494],[131.521,33.2485],[131.5163,33.2542],[131.516,33.2603],[131.5178,33.2653],[131.5241,33.2654],[131.5395,33.2575],[131.5476,33.2566],[131.5514,33.2576],[131.561,33.2554],[131.5706,33.2514],[131.5841,33.2468],[131.5892,33.2456],[131.594,33.2471],[131.5933,33.2502],[131.6017,33.253],[131.6001,33.2565],[131.6143,33.262],[131.6246,33.2643],[131.6585,33.2731],[131.6608,33.2734],[131.6669,33.2579],[131.6724,33.2602],[131.667,33.2748],[131.676,33.278],[131.6796,33.2681],[131.6848,33.2662],[131.6866,33.2679],[131.6837,33.271],[131.6807,33.2791],[131.6919,33.2794],[131.7053,33.2745],[131.7153,33.2683],[131.7098,33.262],[131.7128,33.2598],[131.7185,33.2665],[131.7344,33.2567],[131.7344,33.253],[131.7416,33.2489],[131.7513,33.2483],[131.7468,33.2438],[131.7545,33.2415],[131.7546,33.2523],[131.7662,33.2523],[131.7696,33.2502],[131.7695,33.245],[131.7746,33.2464],[131.7747,33.2524],[131.7788,33.2531],[131.7787,33.2481],[131.7835,33.2448],[131.7967,33.2422],[131.8063,33.242],[131.8234,33.2471],[131.831,33.2484],[131.8331,33.2474],[131.8417,33.2488],[131.8422,33.2518],[131.8498,33.252],[131.8518,33.2542],[131.8566,33.2557],[131.8605,33.2525],[131.8709,33.2488],[131.8704,33.2529],[131.8672,33.2585],[131.8757,33.2627],[131.8818,33.2632],[131.8836,33.2652],[131.8968,33.2678],[131.9031,33.2675],[131.9032,33.2618],[131.8994,33.2599],[131.8926,33.2493],[131.8933,33.2469],[131.8892,33.244],[131.8791,33.2442],[131.8743,33.2377],[131.8716,33.236],[131.8713,33.2322],[131.8773,33.2258],[131.8758,33.2219],[131.873,33.2214],[131.8717,33.2159],[131.866,33.213],[131.8607,33.2045],[131.8635,33.2019],[131.868,33.2036],[131.8691,33.2012],[131.8647,33.1983],[131.8618,33.1949],[131.8576,33.196],[131.8493,33.1902],[131.8491,33.1882]]]]}},{"type":"Feature","properties":{"code":"45201","ja":"宮崎市","pref":"miyazaki","kind":"city"},"geometry":{"type":"MultiPolygon","coordinates":[[[[131.4331,32.0557],[131.4384,32.0555],[131.4412,32.057],[131.4491,32.0554],[131.453,32.0521],[131.4598,32.0503],[131.4675,32.0503],[131.4721,32.0492],[131.4734,32.0469],[131.4786,32.0454],[131.4868,32.0414],[131.4916,32.0434],[131.5003,32.0439],[131.5032,32.0468],[131.5076,32.0462],[131.5034,32.0439],[131.5038,32.0408],[131.4966,32.0209],[131.482,31.9776],[131.4818,31.9753],[131.4725,31.9462],[131.4692,31.9285],[131.4729,31.9253],[131.4724,31.9226],[131.467,31.9221],[131.4655,31.9189],[131.4598,31.916],[131.4579,31.9062],[131.4586,31.9013],[131.4612,31.901],[131.4641,31.9136],[131.469,31.9126],[131.4664,31.9055],[131.4645,31.8962],[131.4612,31.8966],[131.4579,31.8901],[131.4574,31.8834],[131.4589,31.8796],[131.4633,31.8792],[131.4624,31.8756],[131.4571,31.8742],[131.4541,31.8687],[131.453,31.8615],[131.4517,31.8346],[131.4551,31.8168],[131.4577,31.8123],[131.4649,31.8051],[131.4716,31.803],[131.4698,31.7979],[131.4729,31.7942],[131.4757,31.7941],[131.4802,31.7877],[131.4832,31.7857],[131.4885,31.7855],[131.4854,31.7804],[131.4806,31.7694],[131.4766,31.7629],[131.4765,31.7577],[131.4713,31.7585],[131.4684,31.7527],[131.4678,31.7488],[131.4713,31.7438],[131.4731,31.7372],[131.4684,31.7384],[131.4652,31.7372],[131.4632,31.734],[131.4641,31.7309],[131.4674,31.7283],[131.4661,31.7256],[131.4678,31.721],[131.4636,31.7214],[131.4636,31.7264],[131.4597,31.7289],[131.4565,31.7277],[131.4479,31.7283],[131.4444,31.7295],[131.4352,31.7307],[131.4316,31.7301],[131.4243,31.7345],[131.416,31.7384],[131.4147,31.7449],[131.4102,31.7493],[131.3969,31.7511],[131.3985,31.7623],[131.396,31.7678],[131.3899,31.7682],[131.3834,31.7717],[131.3799,31.7791],[131.3746,31.7776],[131.3733,31.7725],[131.3587,31.7727],[131.3579,31.7713],[131.348,31.7736],[131.3449,31.7774],[131.3386,31.7786],[131.3369,31.7819],[131.3261,31.7811],[131.3189,31.782],[131.314,31.7794],[131.3089,31.7808],[131.3102,31.7712],[131.3079,31.766],[131.3009,31.7675],[131.2876,31.7637],[131.2823,31.7656],[131.2697,31.7686],[131.2664,31.7695],[131.2653,31.7763],[131.2636,31.7807],[131.2605,31.7803],[131.254,31.7765],[131.2518,31.7793],[131.2452,31.7775],[131.2413,31.778],[131.2379,31.7826],[131.2379,31.7883],[131.2412,31.7955],[131.24,31.7977],[131.2383,31.8084],[131.2344,31.8144],[131.2304,31.8163],[131.2297,31.8213],[131.2224,31.829],[131.2262,31.8301],[131.2284,31.8356],[131.2368,31.8405],[131.2414,31.8414],[131.2425,31.851],[131.2371,31.8515],[131.2386,31.858],[131.2494,31.8567],[131.2543,31.8608],[131.2498,31.8657],[131.2502,31.8721],[131.2469,31.8792],[131.2485,31.8841],[131.2476,31.8879],[131.2434,31.8847],[131.243,31.8786],[131.2393,31.8768],[131.2291,31.88],[131.217,31.8806],[131.2143,31.875],[131.2112,31.8723],[131.2068,31.8634],[131.2009,31.8679],[131.1958,31.8699],[131.1933,31.8776],[131.1901,31.881],[131.1905,31.8879],[131.1918,31.8917],[131.1917,31.8969],[131.1893,31.9005],[131.1909,31.9099],[131.1958,31.9123],[131.1971,31.9159],[131.1999,31.9182],[131.209,31.9126],[131.2204,31.9195],[131.2144,31.931],[131.2083,31.9312],[131.2061,31.9328],[131.2076,31.9368],[131.2016,31.9398],[131.199,31.9397],[131.1949,31.9436],[131.1925,31.949],[131.193,31.9515],[131.2003,31.9637],[131.2051,31.964],[131.2064,31.9727],[131.2044,31.9753],[131.2088,31.9784],[131.2008,31.9811],[131.1974,31.9885],[131.2139,31.9958],[131.2172,31.9923],[131.2179,31.9866],[131.2214,31.983],[131.224,31.978],[131.2249,31.9725],[131.2333,31.9748],[131.2371,31.9737],[131.2429,31.9759],[131.2533,31.9809],[131.2571,31.9784],[131.2656,31.9822],[131.2697,31.9815],[131.2731,31.9809],[131.2766,31.9833],[131.2804,31.9828],[131.2832,31.9804],[131.2874,31.9822],[131.2929,31.9818],[131.2943,31.9792],[131.3038,31.9714],[131.3121,31.9664],[131.3224,31.967],[131.3267,31.9655],[131.332,31.9784],[131.3395,31.9788],[131.3481,31.9814],[131.3512,31.9772],[131.356,31.9779],[131.3604,31.9769],[131.3655,31.9713],[131.3715,31.9681],[131.3747,31.9769],[131.3746,31.9834],[131.3774,31.9869],[131.3772,31.9901],[131.3799,31.9922],[131.3765,31.9971],[131.3798,32.0015],[131.38,32.0049],[131.3858,32.0082],[131.389,32.0152],[131.3868,32.0183],[131.3873,32.0215],[131.386,32.0333],[131.3905,32.0353],[131.3923,32.0398],[131.3909,32.0416],[131.3955,32.0484],[131.3939,32.0516],[131.3976,32.0538],[131.4023,32.0612],[131.4026,32.0656],[131.4074,32.0657],[131.4107,32.0631],[131.4165,32.0615],[131.4211,32.0585],[131.4218,32.0549],[131.4253,32.0523],[131.4328,32.0534],[131.4331,32.0557]]]]}},{"type":"Feature","properties":{"code":"46201","ja":"鹿児島市","pref":"kagoshima","kind":"city"},"geometry":{"type":"MultiPolygon","coordinates":[[[[130.5563,31.5341],[130.5503,31.5364],[130.5514,31.5388],[130.5577,31.5372],[130.5563,31.5341]]],[[[130.7068,31.5573],[130.6984,31.5557],[130.6944,31.5525],[130.6885,31.5515],[130.6819,31.5445],[130.6768,31.5449],[130.6747,31.551],[130.6701,31.5512],[130.6654,31.5534],[130.6551,31.5513],[130.6448,31.5468],[130.6392,31.5451],[130.6359,31.5464],[130.633,31.5523],[130.6277,31.5571],[130.6241,31.5522],[130.6204,31.5553],[130.6206,31.5613],[130.6125,31.5623],[130.6127,31.5671],[130.6071,31.5745],[130.6023,31.5734],[130.5967,31.5791],[130.592,31.5809],[130.5926,31.5844],[130.5911,31.5889],[130.5932,31.5916],[130.5998,31.5927],[130.5986,31.5968],[130.6063,31.5974],[130.6081,31.5994],[130.6112,31.6084],[130.6187,31.6135],[130.6213,31.6173],[130.6261,31.6204],[130.6328,31.6218],[130.637,31.6204],[130.6426,31.6207],[130.6506,31.6228],[130.6534,31.625],[130.6618,31.6267],[130.6692,31.6274],[130.6752,31.6251],[130.676,31.6277],[130.6798,31.6289],[130.6844,31.6216],[130.6922,31.6246],[130.6996,31.6211],[130.7003,31.6166],[130.7039,31.613],[130.7089,31.6117],[130.7071,31.6088],[130.7099,31.6053],[130.7172,31.6025],[130.7134,31.6005],[130.7114,31.5959],[130.7177,31.5923],[130.7179,31.5875],[130.7101,31.5802],[130.7161,31.5747],[130.7147,31.5712],[130.7161,31.5649],[130.7211,31.5637],[130.7159,31.5597],[130.7104,31.5591],[130.7068,31.5573]]],[[[130.6113,31.6728],[130.6132,31.6655],[130.616,31.6608],[130.6196,31.6589],[130.6181,31.6561],[130.6114,31.6554],[130.6063,31.6501],[130.6033,31.6451],[130.6023,31.6319],[130.5935,31.6253],[130.5862,31.6222],[130.581,31.6177],[130.576,31.6153],[130.5726,31.6034],[130.5629,31.5972],[130.5636,31.591],[130.5665,31.5847],[130.5648,31.5816],[130.5695,31.5792],[130.5704,31.5753],[130.5689,31.5702],[130.5621,31.5565],[130.5609,31.5563],[130.5588,31.5465],[130.5537,31.5464],[130.5475,31.5493],[130.5448,31.5449],[130.5489,31.5438],[130.5459,31.5375],[130.5425,31.5395],[130.5407,31.5351],[130.5359,31.5292],[130.5391,31.5282],[130.5422,31.5343],[130.544,31.5334],[130.5386,31.5222],[130.5331,31.5071],[130.5293,31.5071],[130.5215,31.5092],[130.5202,31.5044],[130.5275,31.5025],[130.5304,31.5005],[130.534,31.5011],[130.5314,31.4843],[130.5257,31.4849],[130.5243,31.4906],[130.5208,31.4924],[130.5137,31.4908],[130.5148,31.4826],[130.5134,31.4778],[130.5174,31.4773],[130.5169,31.474],[130.5193,31.4716],[130.5328,31.47],[130.5322,31.4624],[130.5155,31.4642],[130.5136,31.4586],[130.5187,31.4489],[130.5178,31.4472],[130.5185,31.438],[130.5212,31.4346],[130.5225,31.4276],[130.5249,31.4248],[130.5239,31.4185],[130.5276,31.4074],[130.5305,31.4059],[130.5331,31.3981],[130.537,31.397],[130.5394,31.3939],[130.5391,31.3908],[130.5501,31.3965],[130.5583,31.3861],[130.5481,31.3797],[130.549,31.3769],[130.5461,31.3746],[130.5473,31.3697],[130.5544,31.3516],[130.5572,31.3472],[130.5589,31.3394],[130.5647,31.3225],[130.5706,31.3145],[130.5754,31.3096],[130.5842,31.3044],[130.573,31.2992],[130.5714,31.297],[130.5629,31.2975],[130.5586,31.2959],[130.5456,31.2933],[130.539,31.2948],[130.5397,31.2978],[130.5367,31.3009],[130.5322,31.3079],[130.5281,31.3111],[130.5281,31.3224],[130.5226,31.3238],[130.5217,31.3278],[130.5162,31.3317],[130.5085,31.3301],[130.501,31.3337],[130.5003,31.3387],[130.4945,31.3392],[130.4898,31.3474],[130.4904,31.3505],[130.4966,31.3606],[130.5028,31.3644],[130.5054,31.3648],[130.5074,31.3715],[130.5057,31.3783],[130.5068,31.3843],[130.5105,31.3926],[130.5103,31.3953],[130.5072,31.3981],[130.5086,31.4025],[130.5073,31.4046],[130.5025,31.4072],[130.4968,31.4126],[130.4973,31.4156],[130.4935,31.4197],[130.4907,31.4196],[130.488,31.4233],[130.4837,31.4383],[130.4863,31.4458],[130.4837,31.451],[130.4827,31.4562],[130.4839,31.4603],[130.4723,31.4581],[130.4695,31.4622],[130.4642,31.4633],[130.4579,31.4624],[130.4569,31.4657],[130.4515,31.4674],[130.4459,31.4758],[130.4452,31.4831],[130.4434,31.4837],[130.4404,31.4895],[130.4349,31.4926],[130.4328,31.4965],[130.4403,31.5022],[130.4483,31.5098],[130.4464,31.5122],[130.4494,31.517],[130.4468,31.5196],[130.4464,31.5233],[130.4483,31.5264],[130.4469,31.5301],[130.4387,31.5368],[130.4349,31.5389],[130.4284,31.5389],[130.425,31.5422],[130.4242,31.5465],[130.419,31.548],[130.42,31.5549],[130.4154,31.5598],[130.4125,31.5587],[130.4114,31.5646],[130.4036,31.5646],[130.3989,31.5678],[130.3904,31.5759],[130.3899,31.5803],[130.3878,31.5823],[130.3911,31.5868],[130.3964,31.5901],[130.4018,31.5969],[130.4141,31.5944],[130.4149,31.5997],[130.4249,31.6024],[130.4282,31.6053],[130.4276,31.61],[130.4214,31.617],[130.4227,31.6215],[130.4366,31.626],[130.4375,31.6307],[130.4527,31.6291],[130.4598,31.6307],[130.4675,31.6272],[130.4709,31.6362],[130.4658,31.6395],[130.4643,31.6455],[130.4604,31.6507],[130.4585,31.6548],[130.4515,31.6551],[130.4479,31.6572],[130.4423,31.6552],[130.4395,31.6638],[130.4423,31.6701],[130.442,31.6811],[130.4371,31.6808],[130.4372,31.6856],[130.435,31.6968],[130.4278,31.6996],[130.4229,31.7001],[130.4194,31.7038],[130.4201,31.7106],[130.414,31.7125],[130.4132,31.717],[130.4206,31.719],[130.425,31.7258],[130.4329,31.7324],[130.4371,31.733],[130.4451,31.732],[130.4483,31.7344],[130.4548,31.7364],[130.4623,31.7346],[130.4694,31.7293],[130.4738,31.7301],[130.4761,31.728],[130.4834,31.7288],[130.489,31.7235],[130.493,31.7253],[130.4983,31.723],[130.5006,31.7262],[130.5061,31.7294],[130.5018,31.7347],[130.5006,31.7405],[130.5015,31.7442],[130.5082,31.7457],[130.5203,31.746],[130.5235,31.7491],[130.5309,31.7522],[130.5381,31.7514],[130.54,31.7524],[130.5469,31.7495],[130.5564,31.7498],[130.5601,31.7484],[130.5636,31.7492],[130.5664,31.747],[130.5744,31.747],[130.5771,31.7436],[130.5828,31.7422],[130.585,31.7401],[130.5835,31.7371],[130.5861,31.7279],[130.582,31.7298],[130.5723,31.7269],[130.5727,31.7212],[130.5668,31.7184],[130.5631,31.7188],[130.5651,31.7124],[130.5653,31.7084],[130.5702,31.7039],[130.5777,31.7009],[130.5801,31.6971],[130.5847,31.6964],[130.5931,31.6915],[130.5989,31.6899],[130.6015,31.6853],[130.5989,31.6778],[130.6025,31.6771],[130.6049,31.6737],[130.6113,31.6728]]]]}},{"type":"Feature","properties":{"code":"47201","ja":"那覇市","pref":"okinawa","kind":"city"},"geometry":{"type":"MultiPolygon","coordinates":[[[[127.6851,26.2426],[127.6961,26.2398],[127.6978,26.2367],[127.701,26.2371],[127.7041,26.2335],[127.7153,26.2339],[127.7259,26.2334],[127.7329,26.2373],[127.7383,26.2364],[127.7381,26.2316],[127.7331,26.2265],[127.7363,26.2246],[127.736,26.2178],[127.7275,26.2151],[127.7225,26.2097],[127.7228,26.2032],[127.7216,26.1984],[127.7183,26.1958],[127.7132,26.1959],[127.7077,26.1903],[127.7039,26.1913],[127.6994,26.1955],[127.6898,26.1944],[127.6833,26.1984],[127.6805,26.1891],[127.6737,26.185],[127.6709,26.1822],[127.6645,26.1829],[127.6602,26.1791],[127.6533,26.1764],[127.6438,26.1774],[127.6437,26.1887],[127.6396,26.193],[127.6351,26.2004],[127.636,26.1782],[127.6311,26.1788],[127.6318,26.1819],[127.6305,26.2062],[127.6339,26.2063],[127.6349,26.2036],[127.6419,26.2039],[127.6418,26.2076],[127.6489,26.2166],[127.652,26.2178],[127.6576,26.2135],[127.6631,26.2132],[127.6617,26.2173],[127.6651,26.2215],[127.6709,26.221],[127.674,26.2235],[127.681,26.2266],[127.6794,26.2402],[127.6751,26.2402],[127.6737,26.2322],[127.6671,26.2322],[127.6671,26.2377],[127.6723,26.2386],[127.6693,26.2424],[127.6686,26.2461],[127.675,26.2461],[127.6767,26.2455],[127.6799,26.2443],[127.681,26.2439],[127.6828,26.2433],[127.6851,26.2426]]]]}}]}