{"type":"FeatureCollection","_source":"国土数値情報（行政区域データ）（国土交通省）を加工して作成 — smartnews-smri/japan-topography N03-21_210101_designated_city (1% simplified), 20 designated cities, coordinates rounded to 1e-4°","features":[{"type":"Feature","properties":{"code":"01100","ja":"札幌市","pref":"hokkaido"},"geometry":{"type":"Polygon","coordinates":[[[141.4054,43.1894],[141.4089,43.1861],[141.3994,43.1769],[141.3982,43.1734],[141.4039,43.1698],[141.4192,43.1718],[141.4254,43.1682],[141.4285,43.1701],[141.4338,43.1691],[141.4344,43.1629],[141.4388,43.1618],[141.4462,43.1664],[141.4494,43.1626],[141.447,43.1559],[141.4486,43.1532],[141.4551,43.1347],[141.4554,43.1289],[141.4538,43.1199],[141.4474,43.1052],[141.4445,43.101],[141.4573,43.0934],[141.4591,43.0994],[141.4651,43.1001],[141.4682,43.097],[141.4735,43.0961],[141.4757,43.088],[141.4708,43.0818],[141.4738,43.0737],[141.4716,43.0696],[141.4835,43.0604],[141.4908,43.057],[141.4974,43.0578],[141.4975,43.0501],[141.5012,43.0511],[141.5053,43.0209],[141.4987,43.0229],[141.4872,43.0234],[141.4856,43.0218],[141.4889,43.017],[141.4882,43.0137],[141.4828,43.0114],[141.4825,43.0071],[141.4777,42.9986],[141.4808,42.9936],[141.4804,42.9903],[141.4768,42.9867],[141.4669,42.9738],[141.467,42.9704],[141.4621,42.9587],[141.4623,42.9512],[141.4587,42.9482],[141.4546,42.9409],[141.4467,42.9343],[141.4412,42.9281],[141.4337,42.9239],[141.4278,42.9162],[141.4213,42.9142],[141.4168,42.9077],[141.4136,42.8957],[141.4179,42.8922],[141.4213,42.8915],[141.4166,42.8884],[141.4053,42.8888],[141.3947,42.8904],[141.3881,42.8902],[141.3784,42.8918],[141.3752,42.8903],[141.3702,42.8913],[141.368,42.8854],[141.3602,42.8814],[141.3577,42.8763],[141.35,42.8738],[141.3347,42.8702],[141.3276,42.8721],[141.3206,42.8726],[141.3167,42.8758],[141.3148,42.8825],[141.3089,42.8864],[141.3034,42.8868],[141.293,42.8833],[141.2902,42.8809],[141.2866,42.8736],[141.279,42.8727],[141.2686,42.868],[141.2568,42.8644],[141.255,42.8581],[141.2564,42.8483],[141.2523,42.843],[141.2429,42.8398],[141.2413,42.8376],[141.2395,42.8292],[141.2356,42.8274],[141.2356,42.8212],[141.2322,42.8208],[141.232,42.8146],[141.2225,42.8118],[141.2192,42.8073],[141.2222,42.8049],[141.2244,42.7996],[141.2304,42.7972],[141.2312,42.7917],[141.2226,42.7876],[141.2117,42.787],[141.2021,42.7841],[141.1991,42.7844],[141.1869,42.7863],[141.1788,42.7839],[141.1734,42.7852],[141.1696,42.7817],[141.1606,42.7809],[141.1556,42.7858],[141.1448,42.7873],[141.1402,42.7893],[141.1357,42.7959],[141.1361,42.7986],[141.1331,42.8039],[141.1261,42.8042],[141.1189,42.8097],[141.1136,42.8112],[141.1122,42.8134],[141.1047,42.8164],[141.0932,42.823],[141.1006,42.8279],[141.0999,42.833],[141.0944,42.8428],[141.1036,42.8474],[141.1008,42.8496],[141.0975,42.8554],[141.0984,42.8632],[141.1016,42.8695],[141.1071,42.8727],[141.1028,42.8818],[141.0993,42.8837],[141.0936,42.8808],[141.0869,42.8792],[141.0832,42.8803],[141.0794,42.8854],[141.0743,42.8856],[141.0698,42.884],[141.0626,42.8849],[141.0513,42.8847],[141.048,42.8836],[141.0395,42.8854],[141.037,42.8955],[141.0346,42.8959],[141.0339,42.9063],[141.0292,42.9092],[141.0268,42.9128],[141.0336,42.9176],[141.0365,42.9249],[141.0395,42.9284],[141.0427,42.9364],[141.048,42.9402],[141.0512,42.9461],[141.0527,42.9526],[141.0469,42.9534],[141.0405,42.9581],[141.0342,42.9589],[141.0283,42.9618],[141.0255,42.9613],[141.0196,42.9652],[141.0136,42.9655],[141.008,42.9716],[141.0063,42.9787],[141,42.9787],[141.0011,42.9828],[140.9981,42.9862],[140.9978,42.9905],[140.9929,42.9946],[140.9963,42.9997],[140.9991,43.0008],[141,43.0128],[140.9992,43.0146],[140.9932,43.0172],[140.9912,43.0236],[140.9946,43.0256],[140.9991,43.0255],[141.0109,43.0335],[141.0182,43.0323],[141.0261,43.0362],[141.033,43.043],[141.0373,43.0438],[141.0382,43.0465],[141.0449,43.0515],[141.045,43.0609],[141.0494,43.067],[141.0585,43.0686],[141.0631,43.0808],[141.0652,43.0835],[141.0603,43.0864],[141.0594,43.0893],[141.0665,43.0904],[141.0697,43.0921],[141.0681,43.0956],[141.065,43.0969],[141.0622,43.1033],[141.0629,43.1094],[141.0717,43.1089],[141.0728,43.1133],[141.076,43.1182],[141.0797,43.117],[141.0871,43.1177],[141.0918,43.1199],[141.0964,43.1187],[141.1022,43.1154],[141.1084,43.1193],[141.1119,43.1139],[141.12,43.1115],[141.1254,43.1077],[141.134,43.1059],[141.1324,43.1025],[141.135,43.0938],[141.1428,43.0947],[141.1521,43.0925],[141.1523,43.0894],[141.1577,43.0887],[141.1615,43.092],[141.1722,43.0989],[141.1735,43.1045],[141.1813,43.1098],[141.1867,43.1196],[141.1953,43.1228],[141.2005,43.1232],[141.1983,43.1278],[141.1933,43.1322],[141.1897,43.1331],[141.1877,43.1403],[141.2006,43.1469],[141.2081,43.1519],[141.2212,43.158],[141.2299,43.1572],[141.238,43.1518],[141.2475,43.1589],[141.2828,43.1336],[141.2993,43.1411],[141.3031,43.1413],[141.3068,43.1442],[141.3121,43.1463],[141.3231,43.1487],[141.3328,43.1487],[141.3352,43.1522],[141.3488,43.1595],[141.3534,43.1637],[141.351,43.167],[141.3581,43.1758],[141.3623,43.1764],[141.3722,43.1727],[141.3798,43.1716],[141.3878,43.1733],[141.391,43.176],[141.3949,43.1825],[141.4026,43.1889],[141.4054,43.1894]]]}},{"type":"Feature","properties":{"code":"04100","ja":"仙台市","pref":"miyagi"},"geometry":{"type":"MultiPolygon","coordinates":[[[[140.6259,38.4473],[140.6269,38.4436],[140.6329,38.4434],[140.6372,38.4393],[140.6428,38.4369],[140.6518,38.4379],[140.6592,38.4322],[140.6706,38.4327],[140.6769,38.4308],[140.6825,38.4265],[140.6959,38.4253],[140.698,38.4214],[140.6969,38.4157],[140.7027,38.417],[140.707,38.422],[140.7113,38.4248],[140.7116,38.4279],[140.7163,38.4339],[140.7218,38.4339],[140.7262,38.4325],[140.7267,38.4295],[140.7364,38.4241],[140.7381,38.4206],[140.7444,38.4156],[140.7436,38.412],[140.7546,38.4114],[140.7611,38.4078],[140.769,38.4048],[140.7748,38.4043],[140.7793,38.4001],[140.7817,38.402],[140.7864,38.3994],[140.7997,38.3939],[140.8054,38.3938],[140.8085,38.3922],[140.817,38.3812],[140.8204,38.38],[140.8254,38.3749],[140.8249,38.371],[140.8268,38.3689],[140.8227,38.3627],[140.8282,38.3628],[140.8351,38.3601],[140.8314,38.3567],[140.8338,38.3545],[140.8319,38.3515],[140.8341,38.347],[140.8417,38.3486],[140.8429,38.3541],[140.8451,38.3578],[140.853,38.3587],[140.8546,38.3616],[140.8602,38.3607],[140.8634,38.362],[140.8705,38.3603],[140.8789,38.3555],[140.8789,38.3528],[140.8824,38.3491],[140.8929,38.3439],[140.8935,38.3421],[140.9008,38.3408],[140.9034,38.3369],[140.9106,38.3342],[140.9175,38.336],[140.9189,38.3334],[140.9273,38.3331],[140.9265,38.3377],[140.9341,38.3408],[140.9395,38.3353],[140.9369,38.3317],[140.9392,38.3291],[140.9361,38.3261],[140.9364,38.3169],[140.9412,38.3148],[140.9427,38.3122],[140.9535,38.3085],[140.9575,38.3101],[140.9627,38.3096],[140.9598,38.3061],[140.9564,38.2962],[140.9596,38.2948],[140.9589,38.2914],[140.9635,38.286],[140.9708,38.286],[140.9758,38.2836],[140.9886,38.2842],[140.9957,38.283],[141.0072,38.2788],[141.0102,38.2796],[141.0129,38.2764],[141.0255,38.2831],[141.0285,38.2822],[141.0259,38.2763],[141.025,38.2711],[141.0122,38.272],[141.0034,38.2739],[140.9989,38.2731],[140.9985,38.27],[141.0267,38.2676],[141.0262,38.2641],[141.0222,38.2643],[141.0147,38.2539],[140.9953,38.2297],[140.9908,38.224],[140.9857,38.2153],[140.9812,38.2107],[140.9676,38.1909],[140.9601,38.1754],[140.9514,38.1798],[140.9482,38.183],[140.9415,38.1853],[140.9371,38.1892],[140.9358,38.1976],[140.9333,38.1976],[140.9279,38.193],[140.9297,38.1894],[140.935,38.1863],[140.9335,38.1825],[140.9176,38.1837],[140.9151,38.1853],[140.9069,38.1845],[140.8985,38.1847],[140.8999,38.1896],[140.8942,38.1903],[140.8883,38.1883],[140.8841,38.1904],[140.8798,38.1889],[140.867,38.1877],[140.8664,38.1912],[140.8634,38.194],[140.8595,38.1949],[140.8626,38.1986],[140.8633,38.2019],[140.861,38.204],[140.8551,38.2038],[140.8448,38.2073],[140.8305,38.2139],[140.8267,38.2169],[140.8203,38.2172],[140.8171,38.2187],[140.8126,38.2146],[140.808,38.2137],[140.8064,38.2107],[140.7984,38.2128],[140.7978,38.2182],[140.7953,38.2192],[140.7882,38.218],[140.784,38.2143],[140.7846,38.2093],[140.788,38.2024],[140.7939,38.2025],[140.7969,38.1996],[140.798,38.1946],[140.8033,38.1926],[140.8133,38.1873],[140.8135,38.185],[140.8063,38.1854],[140.7968,38.1802],[140.7958,38.1753],[140.7921,38.1743],[140.7866,38.1773],[140.7825,38.1771],[140.7765,38.1795],[140.7704,38.1776],[140.7669,38.1785],[140.7568,38.1767],[140.7544,38.1804],[140.7497,38.179],[140.7437,38.1829],[140.7458,38.1875],[140.7432,38.1897],[140.7419,38.1997],[140.7375,38.2062],[140.7358,38.2107],[140.7306,38.2118],[140.7284,38.214],[140.7223,38.2166],[140.7139,38.2175],[140.7024,38.22],[140.6983,38.223],[140.6919,38.2229],[140.6832,38.226],[140.6842,38.2297],[140.6799,38.2294],[140.6772,38.2328],[140.6704,38.2363],[140.6668,38.2396],[140.6624,38.2388],[140.6507,38.2404],[140.6517,38.2446],[140.6501,38.2488],[140.6362,38.2549],[140.6302,38.2582],[140.6216,38.2586],[140.6079,38.2652],[140.6047,38.2634],[140.5942,38.2646],[140.5852,38.2631],[140.5703,38.2663],[140.5663,38.2658],[140.5625,38.2675],[140.5577,38.2668],[140.5514,38.2641],[140.5483,38.2613],[140.5414,38.2638],[140.5379,38.2633],[140.5341,38.2596],[140.5241,38.26],[140.5077,38.2593],[140.5017,38.2555],[140.4955,38.2566],[140.4811,38.2552],[140.4763,38.2513],[140.4726,38.2522],[140.4695,38.2564],[140.4728,38.2614],[140.4712,38.2693],[140.473,38.2718],[140.4797,38.2736],[140.4879,38.2745],[140.492,38.2801],[140.4969,38.2832],[140.4925,38.2927],[140.4926,38.3027],[140.5007,38.3038],[140.5043,38.3081],[140.5043,38.3141],[140.5095,38.3132],[140.5117,38.3112],[140.5203,38.3095],[140.524,38.3168],[140.5298,38.3207],[140.5306,38.3252],[140.528,38.3273],[140.5251,38.3327],[140.5238,38.3427],[140.5217,38.3497],[140.5227,38.3532],[140.5263,38.3575],[140.5337,38.3621],[140.5409,38.3621],[140.5454,38.3641],[140.5526,38.3765],[140.5566,38.3776],[140.5633,38.3772],[140.5676,38.3853],[140.5715,38.3873],[140.5783,38.3929],[140.5746,38.3967],[140.5737,38.4078],[140.5713,38.4105],[140.572,38.4151],[140.5783,38.4203],[140.5817,38.4334],[140.5806,38.4374],[140.5862,38.4405],[140.5898,38.4392],[140.5924,38.4418],[140.5978,38.4366],[140.5992,38.4393],[140.6044,38.4441],[140.6096,38.4465],[140.6126,38.4527],[140.6197,38.4547],[140.6239,38.451],[140.6259,38.4473]]],[[[141.0435,38.2768],[141.0403,38.2727],[141.0296,38.2756],[141.0313,38.2807],[141.0322,38.2804],[141.0375,38.2829],[141.0398,38.2819],[141.0435,38.2768]]]]}},{"type":"Feature","properties":{"code":"11100","ja":"さいたま市","pref":"saitama"},"geometry":{"type":"MultiPolygon","coordinates":[[[[139.5478,35.9342],[139.5444,35.9324],[139.5411,35.9355],[139.5435,35.9378],[139.5478,35.9342]]],[[[139.5478,35.9342],[139.5566,35.9353],[139.5608,35.9319],[139.5651,35.9353],[139.5649,35.9388],[139.5749,35.9441],[139.5801,35.9431],[139.5863,35.9457],[139.5907,35.9412],[139.5972,35.9366],[139.5994,35.9412],[139.5989,35.9441],[139.5882,35.9603],[139.5924,35.9619],[139.5995,35.9608],[139.6001,35.9595],[139.6111,35.9642],[139.6136,35.966],[139.6194,35.9634],[139.6257,35.9523],[139.637,35.9551],[139.6414,35.9516],[139.6452,35.9513],[139.6479,35.955],[139.6499,35.9606],[139.6488,35.9622],[139.6578,35.9639],[139.6544,35.965],[139.6535,35.968],[139.6607,35.9732],[139.6647,35.9729],[139.666,35.9756],[139.6721,35.9742],[139.6843,35.9756],[139.6956,35.9911],[139.6919,35.999],[139.6956,36.0026],[139.6995,35.998],[139.7024,35.998],[139.7078,35.9953],[139.7187,35.9897],[139.7245,35.9857],[139.7265,35.9817],[139.7242,35.9762],[139.7247,35.9727],[139.7215,35.969],[139.7134,35.9655],[139.7205,35.9583],[139.7194,35.9522],[139.7296,35.9552],[139.7383,35.953],[139.7392,35.9516],[139.7457,35.9522],[139.7501,35.9426],[139.752,35.9405],[139.7543,35.9354],[139.7527,35.9311],[139.7482,35.927],[139.7455,35.9269],[139.7474,35.9211],[139.7451,35.9175],[139.7486,35.9145],[139.7494,35.911],[139.7545,35.9104],[139.7548,35.9019],[139.752,35.8995],[139.7535,35.8958],[139.7453,35.8937],[139.7484,35.8912],[139.7473,35.8876],[139.7523,35.8803],[139.7481,35.8819],[139.7434,35.886],[139.7417,35.8832],[139.7375,35.8812],[139.7408,35.8763],[139.7386,35.87],[139.7343,35.872],[139.7332,35.8754],[139.7224,35.8763],[139.719,35.8791],[139.7136,35.8767],[139.7202,35.8704],[139.7175,35.8676],[139.7179,35.8623],[139.7115,35.8618],[139.7134,35.8588],[139.7067,35.8589],[139.7041,35.8624],[139.7004,35.8611],[139.698,35.8574],[139.6954,35.8521],[139.6957,35.8486],[139.6881,35.8475],[139.6839,35.8494],[139.6752,35.8505],[139.6789,35.8405],[139.6756,35.8392],[139.677,35.8327],[139.6688,35.8357],[139.668,35.8329],[139.6633,35.8291],[139.6581,35.8297],[139.6537,35.8353],[139.6499,35.8328],[139.6397,35.8319],[139.6308,35.8293],[139.6243,35.8347],[139.6187,35.8292],[139.6165,35.834],[139.6128,35.8347],[139.6101,35.8319],[139.6074,35.8348],[139.6053,35.8392],[139.6052,35.8441],[139.6001,35.8451],[139.5972,35.8484],[139.5916,35.8523],[139.5888,35.8571],[139.5851,35.8605],[139.5785,35.8646],[139.5765,35.8715],[139.5714,35.8723],[139.5639,35.8719],[139.5589,35.8742],[139.5595,35.8806],[139.5514,35.8834],[139.5494,35.8873],[139.5525,35.8887],[139.558,35.8886],[139.5571,35.8916],[139.5509,35.8961],[139.5549,35.9038],[139.5521,35.9095],[139.5485,35.9126],[139.5502,35.9176],[139.5462,35.9219],[139.5463,35.9259],[139.5507,35.9286],[139.5478,35.9342]]]]}},{"type":"Feature","properties":{"code":"12100","ja":"千葉市","pref":"chiba"},"geometry":{"type":"MultiPolygon","coordinates":[[[[140.0832,35.5882],[140.103,35.5874],[140.1051,35.5777],[140.1095,35.5766],[140.1118,35.5704],[140.0861,35.5694],[140.0816,35.5883],[140.0832,35.5882]]],[[[140.1156,35.5506],[140.1151,35.5528],[140.0913,35.5612],[140.0911,35.5645],[140.0968,35.5664],[140.1268,35.5676],[140.1269,35.5694],[140.1161,35.5692],[140.1142,35.5725],[140.1106,35.5895],[140.117,35.5933],[140.1125,35.5943],[140.1077,35.592],[140.1056,35.5934],[140.089,35.5945],[140.0919,35.5974],[140.0966,35.5988],[140.0957,35.6013],[140.0998,35.6047],[140.0986,35.6064],[140.0942,35.6037],[140.0832,35.6133],[140.0779,35.6104],[140.0867,35.6019],[140.0839,35.5968],[140.0697,35.6107],[140.0667,35.6122],[140.0556,35.6224],[140.0288,35.6442],[140.0197,35.6525],[140.035,35.6696],[140.0418,35.6779],[140.0481,35.6765],[140.0494,35.6792],[140.0551,35.677],[140.0576,35.6797],[140.063,35.6794],[140.066,35.6768],[140.0697,35.6813],[140.0774,35.6885],[140.0816,35.6946],[140.0903,35.6938],[140.0934,35.6925],[140.0954,35.6972],[140.1012,35.7029],[140.1056,35.7094],[140.1092,35.7098],[140.1134,35.714],[140.1177,35.7091],[140.1226,35.7067],[140.1225,35.7016],[140.124,35.6989],[140.134,35.6996],[140.1368,35.6976],[140.1436,35.6919],[140.1476,35.6921],[140.1494,35.6916],[140.1526,35.6893],[140.1543,35.6834],[140.153,35.6825],[140.1517,35.6891],[140.147,35.6918],[140.1431,35.6914],[140.1396,35.6882],[140.1367,35.6795],[140.1384,35.6754],[140.1365,35.6705],[140.1413,35.6676],[140.15,35.6682],[140.153,35.6591],[140.1566,35.6574],[140.1559,35.6541],[140.1554,35.6504],[140.1577,35.6463],[140.1635,35.6453],[140.1736,35.654],[140.1764,35.6535],[140.1859,35.6461],[140.1861,35.642],[140.1901,35.643],[140.1922,35.6401],[140.185,35.6291],[140.1893,35.6263],[140.1934,35.6268],[140.1983,35.6343],[140.2037,35.6402],[140.207,35.6463],[140.2046,35.651],[140.2132,35.6546],[140.2196,35.6519],[140.2222,35.6477],[140.223,35.6416],[140.2219,35.6373],[140.2258,35.6371],[140.2287,35.6332],[140.2413,35.6313],[140.2488,35.6286],[140.251,35.6255],[140.2577,35.6255],[140.2663,35.6264],[140.2649,35.6206],[140.2676,35.6172],[140.2674,35.6071],[140.2625,35.606],[140.2613,35.5996],[140.2647,35.5957],[140.2706,35.5923],[140.2755,35.5874],[140.2752,35.5818],[140.2811,35.5794],[140.2832,35.5738],[140.2871,35.5729],[140.2887,35.57],[140.2886,35.5664],[140.2923,35.5642],[140.2942,35.5607],[140.291,35.5556],[140.2918,35.5482],[140.2857,35.5493],[140.2814,35.5478],[140.2809,35.5419],[140.286,35.5389],[140.2897,35.5322],[140.292,35.5312],[140.2878,35.5235],[140.2995,35.5189],[140.2926,35.5153],[140.286,35.5188],[140.2822,35.5128],[140.2768,35.5114],[140.2743,35.5072],[140.274,35.4992],[140.2706,35.4964],[140.272,35.4936],[140.2697,35.494],[140.2711,35.4995],[140.267,35.5018],[140.2596,35.5017],[140.2624,35.4955],[140.2563,35.4943],[140.2536,35.4974],[140.2547,35.5005],[140.2429,35.5055],[140.2325,35.5038],[140.2286,35.5079],[140.2304,35.5099],[140.2216,35.518],[140.2206,35.5237],[140.2252,35.5248],[140.2321,35.5334],[140.2312,35.5365],[140.2273,35.5409],[140.2232,35.5431],[140.2178,35.544],[140.213,35.542],[140.2093,35.5454],[140.203,35.5423],[140.2013,35.5395],[140.1943,35.5433],[140.1921,35.5411],[140.1912,35.5365],[140.188,35.5363],[140.1791,35.5327],[140.1747,35.5334],[140.1715,35.5361],[140.1652,35.536],[140.162,35.538],[140.1589,35.5355],[140.1528,35.5407],[140.1424,35.548],[140.138,35.5511],[140.1354,35.5489],[140.1389,35.5464],[140.1354,35.5425],[140.1301,35.5471],[140.1238,35.5478],[140.121,35.5513],[140.1156,35.5506]]]]}},{"type":"Feature","properties":{"code":"14100","ja":"横浜市","pref":"kanagawa"},"geometry":{"type":"MultiPolygon","coordinates":[[[[139.6947,35.4653],[139.6948,35.4638],[139.6847,35.4588],[139.6884,35.4569],[139.698,35.4609],[139.7023,35.4551],[139.6955,35.4498],[139.6771,35.4581],[139.6731,35.4606],[139.6725,35.4652],[139.6924,35.472],[139.6947,35.4653]]],[[[139.7253,35.4698],[139.7127,35.4642],[139.7059,35.4745],[139.7003,35.4787],[139.7022,35.4805],[139.7145,35.4862],[139.7253,35.4698]]],[[[139.6316,35.3252],[139.6245,35.3188],[139.614,35.3166],[139.6094,35.3126],[139.6021,35.317],[139.5962,35.3164],[139.5931,35.3205],[139.5929,35.3241],[139.5887,35.3301],[139.5878,35.3366],[139.5736,35.3369],[139.5729,35.3424],[139.5696,35.3476],[139.5611,35.3463],[139.5576,35.3472],[139.5541,35.3518],[139.5484,35.3554],[139.549,35.3596],[139.5442,35.3629],[139.5421,35.357],[139.5373,35.357],[139.5363,35.3549],[139.5304,35.3542],[139.5308,35.357],[139.5255,35.3568],[139.5215,35.3615],[139.5187,35.3615],[139.514,35.3624],[139.5026,35.3675],[139.498,35.3622],[139.4953,35.3577],[139.4858,35.3594],[139.4886,35.3658],[139.4899,35.3718],[139.4935,35.3751],[139.4915,35.3796],[139.4859,35.3823],[139.4842,35.3873],[139.4787,35.3917],[139.477,35.4],[139.4749,35.4017],[139.4763,35.4051],[139.4756,35.4102],[139.478,35.4199],[139.4728,35.4241],[139.474,35.4308],[139.4732,35.4358],[139.4807,35.4486],[139.4743,35.4569],[139.4722,35.4622],[139.4745,35.4698],[139.4719,35.4721],[139.4701,35.4781],[139.4696,35.4853],[139.4706,35.4926],[139.4663,35.4953],[139.465,35.4981],[139.4678,35.5024],[139.4763,35.5013],[139.4848,35.5041],[139.4811,35.5053],[139.477,35.5112],[139.4832,35.5191],[139.4864,35.5203],[139.4877,35.5279],[139.4857,35.5313],[139.4868,35.5355],[139.4816,35.5399],[139.4803,35.5431],[139.4824,35.5474],[139.482,35.5556],[139.4797,35.5594],[139.4705,35.5604],[139.4683,35.5633],[139.4699,35.5699],[139.4754,35.5714],[139.4828,35.5714],[139.4864,35.569],[139.491,35.5614],[139.4962,35.5646],[139.5005,35.5704],[139.5065,35.5717],[139.507,35.5758],[139.5094,35.5721],[139.5128,35.5696],[139.5127,35.5672],[139.5217,35.5711],[139.5242,35.5735],[139.5249,35.579],[139.529,35.5822],[139.5266,35.586],[139.5283,35.5877],[139.5265,35.5925],[139.5366,35.5913],[139.5558,35.5874],[139.5618,35.5828],[139.5651,35.5788],[139.5678,35.5714],[139.5717,35.5716],[139.5749,35.5691],[139.58,35.5692],[139.6006,35.5655],[139.61,35.5646],[139.6135,35.561],[139.6264,35.5625],[139.6333,35.5614],[139.6429,35.5583],[139.6483,35.5598],[139.6523,35.5568],[139.6582,35.5548],[139.6569,35.5485],[139.6545,35.5428],[139.6555,35.5388],[139.6664,35.533],[139.6749,35.5372],[139.6779,35.5397],[139.6849,35.54],[139.685,35.5346],[139.6836,35.5314],[139.6887,35.5263],[139.6882,35.5226],[139.6916,35.5194],[139.6966,35.5058],[139.6989,35.5027],[139.7034,35.5045],[139.7047,35.501],[139.7115,35.4908],[139.6962,35.484],[139.6932,35.4924],[139.6883,35.4898],[139.6928,35.4814],[139.6895,35.4789],[139.6865,35.4798],[139.6818,35.4784],[139.6818,35.4729],[139.6756,35.4712],[139.6746,35.4695],[139.6684,35.4678],[139.6679,35.4736],[139.6731,35.4751],[139.6673,35.4835],[139.6691,35.4774],[139.6539,35.4767],[139.6515,35.4815],[139.6483,35.4804],[139.6515,35.4764],[139.6447,35.476],[139.6419,35.4734],[139.6381,35.4652],[139.6335,35.4649],[139.6384,35.4638],[139.6381,35.4573],[139.6355,35.4554],[139.6385,35.4568],[139.6441,35.4538],[139.6467,35.4481],[139.6518,35.4451],[139.6571,35.4513],[139.6616,35.4493],[139.6636,35.4467],[139.657,35.4443],[139.6603,35.4413],[139.6641,35.4428],[139.6704,35.4513],[139.6743,35.4496],[139.6685,35.4402],[139.6711,35.4388],[139.6753,35.4457],[139.6815,35.4416],[139.6754,35.4316],[139.6783,35.4303],[139.6853,35.442],[139.6906,35.4392],[139.6854,35.4266],[139.6812,35.4264],[139.678,35.4162],[139.6813,35.415],[139.6794,35.4108],[139.6695,35.4028],[139.6689,35.4064],[139.6658,35.4085],[139.6632,35.4066],[139.6526,35.413],[139.6423,35.4115],[139.6338,35.4084],[139.631,35.411],[139.6277,35.4091],[139.6313,35.4048],[139.6418,35.4069],[139.6453,35.4028],[139.6321,35.4004],[139.626,35.4016],[139.6222,35.3961],[139.6246,35.3917],[139.6313,35.3945],[139.6365,35.3903],[139.6274,35.3862],[139.6292,35.384],[139.6338,35.3828],[139.6397,35.3854],[139.6456,35.3905],[139.6531,35.3873],[139.6511,35.3827],[139.6459,35.3781],[139.6504,35.3732],[139.6542,35.3747],[139.6564,35.3726],[139.6565,35.3665],[139.6509,35.3664],[139.651,35.3598],[139.6548,35.3536],[139.6569,35.3535],[139.6569,35.342],[139.6458,35.3397],[139.639,35.3407],[139.6338,35.336],[139.6349,35.3327],[139.6298,35.3296],[139.6234,35.3301],[139.6316,35.3252]]],[[[139.6457,35.4747],[139.6504,35.4744],[139.656,35.4702],[139.6523,35.467],[139.6529,35.4636],[139.642,35.4717],[139.6457,35.4747]]],[[[139.6921,35.4101],[139.6854,35.4046],[139.6892,35.3988],[139.6823,35.3931],[139.6793,35.3952],[139.6853,35.4019],[139.6822,35.4045],[139.6764,35.3997],[139.6711,35.4029],[139.6802,35.4101],[139.6842,35.409],[139.6889,35.4128],[139.6921,35.4101]]],[[[139.6343,35.3304],[139.6381,35.3271],[139.6336,35.3231],[139.6295,35.3289],[139.6343,35.3304]]],[[[139.6458,35.3387],[139.6458,35.3344],[139.6417,35.3357],[139.6458,35.3387]]]]}},{"type":"Feature","properties":{"code":"14130","ja":"川崎市","pref":"kanagawa"},"geometry":{"type":"MultiPolygon","coordinates":[[[[139.7253,35.4698],[139.7145,35.4862],[139.7341,35.4946],[139.739,35.4891],[139.735,35.4874],[139.7418,35.477],[139.7253,35.4698]]],[[[139.7712,35.5062],[139.776,35.5034],[139.7787,35.4996],[139.7456,35.485],[139.7405,35.4882],[139.7362,35.4944],[139.7612,35.5057],[139.7712,35.5062]]],[[[139.7569,35.5267],[139.7589,35.5264],[139.7661,35.5135],[139.7649,35.5116],[139.7538,35.5086],[139.7518,35.5094],[139.7485,35.5183],[139.7489,35.5199],[139.7569,35.5267]]],[[[139.7765,35.5345],[139.7744,35.5322],[139.7876,35.5245],[139.7902,35.52],[139.7961,35.5186],[139.7916,35.5134],[139.7942,35.5117],[139.7907,35.5079],[139.7802,35.5133],[139.7762,35.5096],[139.7701,35.5138],[139.761,35.5302],[139.7564,35.5303],[139.7559,35.5277],[139.746,35.519],[139.749,35.5093],[139.7488,35.5069],[139.7338,35.5006],[139.7324,35.5099],[139.73,35.5112],[139.7313,35.499],[139.7115,35.4908],[139.7047,35.501],[139.7034,35.5045],[139.6989,35.5027],[139.6966,35.5058],[139.6916,35.5194],[139.6882,35.5226],[139.6887,35.5263],[139.6836,35.5314],[139.685,35.5346],[139.6849,35.54],[139.6779,35.5397],[139.6749,35.5372],[139.6664,35.533],[139.6555,35.5388],[139.6545,35.5428],[139.6569,35.5485],[139.6582,35.5548],[139.6523,35.5568],[139.6483,35.5598],[139.6429,35.5583],[139.6333,35.5614],[139.6264,35.5625],[139.6135,35.561],[139.61,35.5646],[139.6006,35.5655],[139.58,35.5692],[139.5749,35.5691],[139.5717,35.5716],[139.5678,35.5714],[139.5651,35.5788],[139.5618,35.5828],[139.5558,35.5874],[139.5366,35.5913],[139.5265,35.5925],[139.5283,35.5877],[139.5266,35.586],[139.529,35.5822],[139.5249,35.579],[139.5242,35.5735],[139.5217,35.5711],[139.5127,35.5672],[139.5128,35.5696],[139.5094,35.5721],[139.507,35.5758],[139.5054,35.5748],[139.4992,35.581],[139.4939,35.5828],[139.4944,35.5863],[139.4819,35.5953],[139.4792,35.5957],[139.4768,35.5995],[139.4712,35.6011],[139.4703,35.6035],[139.4638,35.6092],[139.4574,35.6072],[139.4529,35.6075],[139.4493,35.6118],[139.4524,35.6158],[139.4642,35.6245],[139.468,35.6205],[139.4762,35.6189],[139.4767,35.6153],[139.4812,35.61],[139.4865,35.6085],[139.489,35.6047],[139.494,35.6058],[139.4975,35.6049],[139.4999,35.6073],[139.4957,35.6123],[139.4949,35.6174],[139.5033,35.6228],[139.5145,35.6247],[139.5174,35.6307],[139.5232,35.6321],[139.5211,35.6368],[139.5254,35.6426],[139.5308,35.6419],[139.5359,35.6395],[139.5477,35.6367],[139.5494,35.6344],[139.5586,35.6338],[139.562,35.6326],[139.5711,35.6244],[139.5773,35.6218],[139.5863,35.6204],[139.5902,35.6184],[139.5966,35.6185],[139.6001,35.6184],[139.6047,35.6158],[139.6122,35.6158],[139.618,35.6139],[139.6248,35.6098],[139.6311,35.6072],[139.6433,35.5981],[139.6551,35.5901],[139.6633,35.5898],[139.6693,35.5847],[139.6712,35.5785],[139.6764,35.566],[139.6811,35.5614],[139.6896,35.5573],[139.6977,35.5561],[139.703,35.5533],[139.7035,35.5494],[139.6984,35.5454],[139.6979,35.5414],[139.7035,35.5366],[139.7107,35.5365],[139.7173,35.538],[139.7261,35.5435],[139.7346,35.5409],[139.7394,35.5451],[139.7468,35.5438],[139.7565,35.5445],[139.7679,35.5395],[139.7765,35.5345]]],[[[139.4699,35.5699],[139.4733,35.5738],[139.4733,35.5766],[139.476,35.5808],[139.4822,35.5817],[139.4849,35.5846],[139.4898,35.5836],[139.4862,35.5785],[139.4828,35.5714],[139.4754,35.5714],[139.4699,35.5699]]]]}},{"type":"Feature","properties":{"code":"14150","ja":"相模原市","pref":"kanagawa"},"geometry":{"type":"Polygon","coordinates":[[[139.1617,35.6679],[139.1672,35.6619],[139.1694,35.6515],[139.1753,35.6498],[139.1792,35.6456],[139.184,35.6451],[139.1916,35.6474],[139.1926,35.6504],[139.1981,35.6529],[139.2053,35.6515],[139.2114,35.6491],[139.2158,35.6456],[139.2144,35.6414],[139.2155,35.637],[139.2214,35.6295],[139.2203,35.6255],[139.2255,35.6238],[139.2288,35.6202],[139.2299,35.6146],[139.238,35.6093],[139.2386,35.607],[139.2469,35.6052],[139.2523,35.6016],[139.2577,35.6042],[139.2648,35.6025],[139.2658,35.6074],[139.2688,35.6093],[139.2799,35.6115],[139.2829,35.6133],[139.2926,35.6118],[139.2969,35.6095],[139.2992,35.6062],[139.3048,35.6047],[139.3141,35.6044],[139.3206,35.6065],[139.3295,35.6037],[139.3379,35.6044],[139.3567,35.599],[139.3614,35.5991],[139.3728,35.595],[139.3771,35.5917],[139.3853,35.5882],[139.3886,35.5885],[139.3912,35.5853],[139.3992,35.5846],[139.4012,35.5775],[139.4033,35.5756],[139.409,35.5753],[139.4135,35.5662],[139.4183,35.5617],[139.4225,35.5594],[139.4239,35.5559],[139.4288,35.5503],[139.4361,35.5468],[139.4408,35.543],[139.4452,35.5411],[139.4487,35.5353],[139.4583,35.528],[139.4549,35.5227],[139.4558,35.5204],[139.4473,35.5168],[139.4428,35.5123],[139.4293,35.5073],[139.4277,35.5114],[139.4205,35.5154],[139.411,35.5066],[139.4098,35.5024],[139.4069,35.4993],[139.3996,35.4966],[139.3953,35.4975],[139.3877,35.4909],[139.374,35.4918],[139.3763,35.5031],[139.3766,35.5128],[139.3754,35.5173],[139.3639,35.5208],[139.3551,35.5269],[139.3546,35.5274],[139.3507,35.5301],[139.3436,35.5331],[139.3254,35.544],[139.3173,35.5381],[139.3129,35.5419],[139.3074,35.5447],[139.3036,35.5483],[139.3032,35.5515],[139.2978,35.5535],[139.2944,35.5565],[139.2866,35.5562],[139.2767,35.5458],[139.2672,35.55],[139.2623,35.5502],[139.2498,35.5469],[139.2481,35.5425],[139.241,35.5385],[139.2383,35.5342],[139.2318,35.532],[139.2298,35.5364],[139.2201,35.5346],[139.2175,35.5326],[139.2228,35.5286],[139.2174,35.5249],[139.2155,35.5211],[139.2109,35.5206],[139.2094,35.5155],[139.2045,35.5139],[139.1996,35.5069],[139.1922,35.5062],[139.1813,35.4972],[139.1756,35.4899],[139.1667,35.483],[139.1657,35.4787],[139.1629,35.4745],[139.1575,35.4784],[139.151,35.4767],[139.1484,35.4777],[139.1467,35.4832],[139.1401,35.4862],[139.1301,35.4847],[139.1266,35.4781],[139.117,35.4779],[139.1145,35.477],[139.1084,35.4789],[139.1024,35.4789],[139.0966,35.4865],[139.0911,35.4881],[139.0903,35.4906],[139.0867,35.493],[139.0743,35.4961],[139.0734,35.4998],[139.0676,35.5041],[139.066,35.5094],[139.0686,35.5109],[139.0744,35.5099],[139.0807,35.5128],[139.0858,35.5121],[139.0943,35.5218],[139.1041,35.5269],[139.1066,35.5322],[139.1139,35.5385],[139.1117,35.5445],[139.112,35.5498],[139.1153,35.5537],[139.1213,35.5561],[139.1284,35.5627],[139.1297,35.567],[139.127,35.5717],[139.1282,35.5752],[139.1278,35.581],[139.124,35.5822],[139.1215,35.5869],[139.1246,35.5926],[139.1294,35.5946],[139.133,35.6065],[139.1324,35.6089],[139.1278,35.6127],[139.1337,35.6158],[139.1298,35.6179],[139.1261,35.623],[139.1234,35.6241],[139.1244,35.6307],[139.1236,35.6341],[139.1269,35.6419],[139.1172,35.6549],[139.1201,35.6575],[139.1198,35.6604],[139.1239,35.663],[139.1275,35.6672],[139.13,35.6676],[139.1314,35.672],[139.1367,35.6724],[139.1472,35.6668],[139.1536,35.6661],[139.1617,35.6679]]]}},{"type":"Feature","properties":{"code":"15100","ja":"新潟市","pref":"niigata"},"geometry":{"type":"Polygon","coordinates":[[[139.2331,37.9658],[139.2312,37.9634],[139.2356,37.9556],[139.2317,37.9481],[139.2348,37.9464],[139.2424,37.9468],[139.2484,37.9465],[139.2593,37.9377],[139.2567,37.9355],[139.2497,37.9333],[139.2482,37.9262],[139.2477,37.9162],[139.2531,37.9183],[139.2557,37.9145],[139.2553,37.9118],[139.2621,37.9082],[139.2654,37.9019],[139.2618,37.9002],[139.2631,37.8962],[139.2605,37.8922],[139.2594,37.8874],[139.2603,37.8836],[139.2555,37.8832],[139.2491,37.8898],[139.2452,37.8757],[139.2362,37.8749],[139.236,37.8698],[139.2331,37.8645],[139.2268,37.8636],[139.2122,37.8646],[139.2055,37.8669],[139.2033,37.8655],[139.1983,37.8661],[139.1962,37.8631],[139.192,37.8621],[139.1782,37.8648],[139.167,37.8562],[139.1653,37.8538],[139.159,37.8505],[139.158,37.8457],[139.1519,37.8449],[139.1527,37.8422],[139.1584,37.8362],[139.1667,37.8346],[139.1739,37.8321],[139.1771,37.8295],[139.1772,37.8249],[139.1749,37.8217],[139.1695,37.8208],[139.1633,37.8232],[139.1529,37.8182],[139.1509,37.8151],[139.1529,37.8096],[139.1553,37.8075],[139.1639,37.8074],[139.1752,37.8059],[139.1784,37.8048],[139.18,37.7995],[139.1749,37.7934],[139.1738,37.7871],[139.1751,37.7812],[139.177,37.7798],[139.1834,37.7807],[139.1886,37.7788],[139.1903,37.7763],[139.1878,37.7739],[139.1805,37.7774],[139.169,37.7746],[139.1708,37.7697],[139.1592,37.7653],[139.155,37.7677],[139.1528,37.7653],[139.1474,37.7632],[139.1459,37.76],[139.1475,37.7558],[139.1452,37.752],[139.1405,37.7533],[139.1333,37.7478],[139.1339,37.7446],[139.1308,37.742],[139.1313,37.738],[139.1279,37.7355],[139.1209,37.7329],[139.1113,37.7344],[139.1091,37.7306],[139.1114,37.7282],[139.1079,37.7257],[139.1032,37.7293],[139.0979,37.7301],[139.0992,37.734],[139.0929,37.7333],[139.0879,37.7315],[139.0867,37.7278],[139.0827,37.7267],[139.0775,37.7299],[139.0758,37.7277],[139.0687,37.7306],[139.0617,37.7282],[139.0594,37.7258],[139.0472,37.7195],[139.0421,37.7103],[139.0363,37.7061],[139.0325,37.7007],[139.0325,37.6935],[139.025,37.6946],[139.0238,37.6987],[139.0261,37.7035],[139.0249,37.7058],[139.0169,37.7106],[139.0135,37.71],[139.0065,37.7039],[139.0009,37.7037],[138.9927,37.6956],[138.9901,37.6854],[138.9927,37.6797],[138.9839,37.6789],[138.9683,37.6795],[138.9669,37.6807],[138.9743,37.6819],[138.9726,37.6885],[138.9702,37.69],[138.9648,37.6897],[138.9616,37.6926],[138.9653,37.6995],[138.966,37.7053],[138.9619,37.7059],[138.9559,37.7032],[138.949,37.7026],[138.9459,37.7046],[138.9467,37.708],[138.9463,37.7158],[138.9404,37.7201],[138.9306,37.7212],[138.9305,37.7255],[138.9328,37.7304],[138.9303,37.7321],[138.9229,37.7298],[138.9149,37.7302],[138.9119,37.7185],[138.9001,37.7143],[138.8927,37.7142],[138.8876,37.7114],[138.8842,37.7134],[138.8719,37.7114],[138.8652,37.7067],[138.8515,37.7091],[138.8456,37.7115],[138.8443,37.7146],[138.833,37.7144],[138.8164,37.7184],[138.8132,37.716],[138.8124,37.7121],[138.8084,37.7068],[138.7972,37.7102],[138.7914,37.7055],[138.7856,37.7072],[138.7873,37.7103],[138.7849,37.7151],[138.7861,37.7209],[138.7935,37.731],[138.7958,37.7367],[138.7969,37.745],[138.7998,37.7488],[138.8012,37.7554],[138.8035,37.7583],[138.8099,37.7698],[138.8136,37.7797],[138.8155,37.7818],[138.8161,37.7881],[138.8213,37.7943],[138.834,37.8073],[138.8353,37.8105],[138.8395,37.8135],[138.8453,37.8191],[138.8597,37.8319],[138.8696,37.8391],[138.8922,37.8531],[138.9176,37.8652],[138.9221,37.869],[138.9383,37.8759],[138.9406,37.8784],[138.9451,37.8792],[138.9556,37.8839],[138.9685,37.8917],[138.9718,37.8928],[138.9792,37.8975],[138.9864,37.9007],[138.9887,37.9029],[139.0006,37.9083],[139.0036,37.9108],[139.0231,37.9217],[139.0307,37.9269],[139.0421,37.9333],[139.0473,37.9378],[139.0534,37.9413],[139.0518,37.9431],[139.058,37.9465],[139.0662,37.9444],[139.0692,37.9485],[139.075,37.9488],[139.0762,37.9515],[139.0834,37.9536],[139.0932,37.9554],[139.0944,37.9585],[139.1092,37.9585],[139.1233,37.9622],[139.1241,37.9602],[139.132,37.9622],[139.1547,37.9687],[139.1683,37.9734],[139.1718,37.9738],[139.1924,37.9793],[139.2,37.9821],[139.2043,37.9851],[139.2048,37.9885],[139.2151,37.9931],[139.2176,37.9897],[139.2212,37.9894],[139.2284,37.9755],[139.2193,37.9695],[139.2217,37.9677],[139.2278,37.9711],[139.2303,37.9702],[139.2331,37.9658]]]}},{"type":"Feature","properties":{"code":"22100","ja":"静岡市","pref":"shizuoka"},"geometry":{"type":"Polygon","coordinates":[[[138.2186,35.6445],[138.2284,35.646],[138.2323,35.6401],[138.2283,35.6272],[138.2288,35.6252],[138.2361,35.6223],[138.2365,35.6189],[138.2341,35.615],[138.2363,35.6127],[138.2356,35.6062],[138.2406,35.6051],[138.2435,35.5915],[138.2394,35.5866],[138.2388,35.5835],[138.2412,35.58],[138.2404,35.5763],[138.2451,35.5693],[138.2444,35.5634],[138.2503,35.5585],[138.252,35.5557],[138.2594,35.553],[138.2601,35.5429],[138.2575,35.5351],[138.2573,35.5308],[138.2626,35.5271],[138.2647,35.52],[138.2689,35.5141],[138.2603,35.5058],[138.2588,35.4932],[138.2598,35.4892],[138.2586,35.4851],[138.2578,35.476],[138.2555,35.4728],[138.2535,35.466],[138.2462,35.4635],[138.2441,35.459],[138.2444,35.4541],[138.2483,35.4472],[138.2553,35.4445],[138.2552,35.4412],[138.2594,35.431],[138.2592,35.4219],[138.2576,35.4147],[138.2581,35.4073],[138.2521,35.4043],[138.2464,35.3997],[138.2474,35.3948],[138.246,35.391],[138.2401,35.3881],[138.2368,35.3842],[138.2328,35.3766],[138.232,35.3712],[138.2373,35.37],[138.2427,35.3658],[138.2467,35.3671],[138.2512,35.3635],[138.2509,35.3583],[138.2551,35.3485],[138.2539,35.3455],[138.257,35.3386],[138.2487,35.3317],[138.252,35.3293],[138.2515,35.326],[138.255,35.3242],[138.2548,35.3199],[138.2579,35.3165],[138.2619,35.3151],[138.2698,35.3144],[138.2755,35.31],[138.2763,35.3074],[138.2853,35.3043],[138.2898,35.3095],[138.294,35.312],[138.2964,35.3165],[138.3029,35.3167],[138.3113,35.3196],[138.3134,35.3227],[138.319,35.3241],[138.3244,35.3272],[138.328,35.3277],[138.3356,35.3265],[138.3433,35.318],[138.3499,35.3153],[138.3576,35.3178],[138.3594,35.3134],[138.3646,35.312],[138.3705,35.3048],[138.3724,35.2994],[138.3668,35.2904],[138.3677,35.2865],[138.3667,35.2805],[138.3692,35.2767],[138.3671,35.2702],[138.3736,35.2634],[138.3782,35.254],[138.3862,35.2463],[138.3867,35.2395],[138.3918,35.2248],[138.3907,35.22],[138.3943,35.2078],[138.3987,35.2003],[138.4075,35.203],[138.4136,35.2011],[138.419,35.1977],[138.4247,35.19],[138.4275,35.1827],[138.431,35.1804],[138.4406,35.1781],[138.4414,35.1794],[138.4568,35.1782],[138.4612,35.1795],[138.4722,35.1761],[138.4782,35.1761],[138.4842,35.1742],[138.4878,35.1697],[138.4915,35.1684],[138.4957,35.1716],[138.4963,35.1744],[138.5012,35.1766],[138.5062,35.1861],[138.5124,35.189],[138.5173,35.1986],[138.5224,35.1992],[138.5226,35.1964],[138.5198,35.194],[138.5196,35.1825],[138.5236,35.1807],[138.5261,35.1713],[138.5257,35.1661],[138.5291,35.1651],[138.5331,35.1614],[138.5362,35.1608],[138.5392,35.1534],[138.5452,35.1526],[138.5476,35.1546],[138.5521,35.1541],[138.556,35.1555],[138.5585,35.1593],[138.5587,35.1566],[138.5652,35.1511],[138.5683,35.1523],[138.5814,35.1434],[138.5998,35.1435],[138.605,35.1343],[138.6128,35.1296],[138.6166,35.1294],[138.6183,35.1318],[138.63,35.1337],[138.6319,35.1287],[138.6385,35.1165],[138.6322,35.1152],[138.6242,35.1159],[138.6179,35.1148],[138.6117,35.1154],[138.601,35.1152],[138.5923,35.1131],[138.5787,35.1118],[138.5748,35.1107],[138.5699,35.1071],[138.5588,35.1017],[138.5558,35.0991],[138.5515,35.0926],[138.5491,35.0866],[138.5469,35.077],[138.5431,35.0718],[138.5395,35.0632],[138.5345,35.0561],[138.5288,35.0535],[138.519,35.0476],[138.5237,35.0427],[138.5149,35.0382],[138.5131,35.0432],[138.5061,35.0417],[138.5085,35.0334],[138.5058,35.0313],[138.5029,35.0365],[138.4997,35.0358],[138.5025,35.0313],[138.5003,35.0297],[138.4961,35.0183],[138.4949,35.0219],[138.4909,35.0193],[138.4957,35.0167],[138.4955,35.0103],[138.4976,35.0102],[138.4977,34.9962],[138.5023,34.992],[138.5007,34.9874],[138.5056,34.9857],[138.5084,34.9868],[138.5111,34.9906],[138.5108,34.9964],[138.5012,35.0022],[138.5026,35.0115],[138.5054,35.0129],[138.5114,35.0124],[138.5186,35.0133],[138.5157,35.0209],[138.5221,35.0205],[138.5319,35.0157],[138.5334,35.0129],[138.5292,35.0053],[138.5267,34.9949],[138.5218,34.9915],[138.5076,34.9776],[138.4783,34.9633],[138.4746,34.9618],[138.4697,34.9597],[138.4276,34.9458],[138.4162,34.9432],[138.411,34.9407],[138.4022,34.9317],[138.3953,34.9286],[138.3882,34.9281],[138.3709,34.9219],[138.3575,34.9151],[138.3549,34.9123],[138.3548,34.9092],[138.3503,34.9031],[138.3483,34.8985],[138.3433,34.9008],[138.3402,34.9044],[138.3436,34.9069],[138.3401,34.9095],[138.3326,34.9123],[138.3297,34.9183],[138.3261,34.9226],[138.3225,34.9191],[138.319,34.9196],[138.3167,34.9213],[138.3153,34.9304],[138.31,34.9337],[138.3057,34.9327],[138.2989,34.9346],[138.2945,34.9372],[138.2947,34.9407],[138.2918,34.9446],[138.292,34.9496],[138.2868,34.9515],[138.2863,34.9589],[138.2832,34.963],[138.2836,34.9676],[138.272,34.973],[138.2679,34.9733],[138.2666,34.9758],[138.2677,34.9797],[138.265,34.9814],[138.2628,34.9887],[138.2586,34.9926],[138.253,34.9924],[138.2473,34.9936],[138.2405,35.0002],[138.2399,35.0026],[138.2297,35.0044],[138.2274,35.0071],[138.2219,35.0049],[138.215,35.0038],[138.2169,35.0102],[138.2152,35.0157],[138.209,35.0087],[138.2004,35.0091],[138.1946,35.0113],[138.1887,35.0154],[138.1883,35.0223],[138.1911,35.0233],[138.1916,35.0282],[138.1935,35.0306],[138.1911,35.0358],[138.197,35.0396],[138.1952,35.0462],[138.1995,35.0501],[138.2013,35.0538],[138.2002,35.0611],[138.2035,35.0675],[138.2095,35.0707],[138.2051,35.0746],[138.2035,35.0784],[138.2004,35.0808],[138.1994,35.0876],[138.1917,35.0911],[138.1886,35.0936],[138.1902,35.1059],[138.193,35.1097],[138.1905,35.1178],[138.1847,35.1249],[138.1838,35.1294],[138.185,35.1337],[138.1837,35.1364],[138.1888,35.1402],[138.1962,35.1439],[138.2008,35.1437],[138.2098,35.1447],[138.212,35.1495],[138.2173,35.1543],[138.2211,35.1592],[138.2278,35.1585],[138.2312,35.1598],[138.2382,35.1699],[138.2396,35.1748],[138.2343,35.1803],[138.2315,35.1875],[138.2247,35.1934],[138.2237,35.1995],[138.2145,35.2038],[138.2064,35.2032],[138.2057,35.1988],[138.1989,35.1967],[138.202,35.1935],[138.1988,35.1889],[138.1906,35.1908],[138.1875,35.1961],[138.1833,35.1981],[138.1818,35.2031],[138.1876,35.2045],[138.1856,35.2085],[138.185,35.2137],[138.1861,35.2169],[138.1973,35.2259],[138.2016,35.2285],[138.2021,35.231],[138.1987,35.2332],[138.1987,35.2357],[138.2026,35.2399],[138.1992,35.2425],[138.1943,35.2491],[138.1867,35.2486],[138.1784,35.2558],[138.1777,35.26],[138.1615,35.2564],[138.1529,35.2574],[138.1457,35.2563],[138.1455,35.2634],[138.1384,35.2675],[138.1358,35.2759],[138.1372,35.2838],[138.1315,35.2872],[138.1264,35.2932],[138.1204,35.2945],[138.1152,35.2981],[138.1136,35.301],[138.0982,35.3045],[138.0983,35.3095],[138.0926,35.3144],[138.083,35.3248],[138.0859,35.3301],[138.0875,35.338],[138.0963,35.34],[138.0963,35.3483],[138.0938,35.35],[138.097,35.3542],[138.1001,35.354],[138.1152,35.3648],[138.1241,35.368],[138.1293,35.3653],[138.1411,35.3695],[138.1456,35.3836],[138.1477,35.3875],[138.1511,35.39],[138.1525,35.398],[138.1497,35.3993],[138.1443,35.406],[138.1393,35.4057],[138.1348,35.4077],[138.1351,35.414],[138.139,35.4164],[138.1398,35.4226],[138.129,35.4272],[138.1216,35.4285],[138.1202,35.4314],[138.124,35.4356],[138.123,35.4399],[138.1194,35.4459],[138.1205,35.4546],[138.1219,35.4564],[138.1315,35.4533],[138.1352,35.4544],[138.1409,35.459],[138.1483,35.4602],[138.1514,35.4587],[138.1568,35.46],[138.1602,35.4678],[138.1603,35.4708],[138.1567,35.4728],[138.1564,35.4769],[138.1587,35.4829],[138.1583,35.4863],[138.1646,35.4938],[138.158,35.4943],[138.1535,35.4961],[138.1486,35.4999],[138.1401,35.4997],[138.1409,35.5044],[138.1433,35.5063],[138.1438,35.5104],[138.1462,35.5138],[138.1463,35.5187],[138.1383,35.5222],[138.1427,35.527],[138.147,35.5296],[138.1479,35.5347],[138.1515,35.5362],[138.1594,35.5449],[138.1562,35.5485],[138.156,35.5517],[138.1481,35.5543],[138.1461,35.557],[138.1509,35.5663],[138.1518,35.571],[138.1559,35.5725],[138.16,35.5761],[138.162,35.5813],[138.1674,35.5829],[138.1728,35.5816],[138.1784,35.5749],[138.1843,35.5731],[138.1895,35.5768],[138.1889,35.5805],[138.1946,35.5886],[138.1959,35.5955],[138.2004,35.5995],[138.2019,35.6038],[138.2061,35.6084],[138.205,35.6134],[138.2024,35.6182],[138.2034,35.6321],[138.2112,35.6352],[138.2186,35.6445]]]}},{"type":"Feature","properties":{"code":"22130","ja":"浜松市","pref":"shizuoka"},"geometry":{"type":"Polygon","coordinates":[[[137.7986,34.6464],[137.7916,34.6477],[137.7816,34.6484],[137.7775,34.6476],[137.769,34.6497],[137.764,34.6525],[137.7519,34.6552],[137.7485,34.6577],[137.7302,34.6615],[137.7148,34.664],[137.6956,34.6667],[137.6767,34.6699],[137.6597,34.6722],[137.646,34.6738],[137.6229,34.6757],[137.6088,34.6764],[137.5995,34.676],[137.5978,34.678],[137.5985,34.6844],[137.5969,34.6867],[137.5985,34.6922],[137.5906,34.6948],[137.5875,34.6989],[137.5875,34.7014],[137.5759,34.7081],[137.5703,34.7233],[137.5696,34.7307],[137.5659,34.7406],[137.5547,34.7463],[137.5506,34.7491],[137.5481,34.7527],[137.5448,34.7651],[137.5482,34.7693],[137.5421,34.7734],[137.5338,34.7729],[137.5253,34.7678],[137.5166,34.7716],[137.512,34.7711],[137.504,34.7768],[137.5021,34.7795],[137.4966,34.7828],[137.4929,34.7869],[137.4916,34.7959],[137.4943,34.8017],[137.4874,34.8092],[137.4869,34.8117],[137.4935,34.8152],[137.4949,34.8193],[137.5016,34.8233],[137.4989,34.8268],[137.4999,34.8312],[137.5079,34.8349],[137.5178,34.8358],[137.5238,34.8409],[137.5344,34.8442],[137.5388,34.8418],[137.5423,34.842],[137.5442,34.845],[137.5509,34.8494],[137.5516,34.8519],[137.5588,34.8515],[137.5651,34.8521],[137.5741,34.8504],[137.5772,34.8513],[137.587,34.85],[137.5951,34.859],[137.5975,34.8724],[137.6092,34.8752],[137.6162,34.8753],[137.6169,34.8783],[137.6207,34.8791],[137.6335,34.8855],[137.6358,34.8895],[137.6413,34.8931],[137.642,34.8961],[137.6404,34.9046],[137.6433,34.9082],[137.6463,34.9084],[137.6478,34.9121],[137.6469,34.9188],[137.6528,34.9255],[137.6526,34.9305],[137.651,34.9334],[137.6566,34.9382],[137.6595,34.9445],[137.6634,34.9471],[137.6706,34.9483],[137.6755,34.9453],[137.6829,34.9549],[137.6895,34.9568],[137.69,34.9636],[137.6941,34.9678],[137.6961,34.9714],[137.7042,34.9699],[137.7072,34.9723],[137.7018,34.9805],[137.6999,34.9848],[137.7082,34.9945],[137.702,34.9985],[137.701,35.0035],[137.7042,35.0108],[137.7049,35.0147],[137.7109,35.0209],[137.713,35.0254],[137.7165,35.0275],[137.7173,35.0351],[137.7222,35.0363],[137.7233,35.0391],[137.7288,35.0403],[137.7313,35.0451],[137.7353,35.0481],[137.7358,35.0514],[137.7403,35.0565],[137.7547,35.0654],[137.7582,35.0684],[137.7616,35.0686],[137.7638,35.0722],[137.7685,35.0723],[137.7756,35.078],[137.774,35.0841],[137.7746,35.0927],[137.7783,35.0996],[137.7818,35.0966],[137.793,35.0955],[137.7952,35.1031],[137.8013,35.1066],[137.7983,35.1183],[137.7993,35.1236],[137.7973,35.1271],[137.792,35.1291],[137.7931,35.1352],[137.7987,35.1355],[137.8009,35.1308],[137.8058,35.1312],[137.8099,35.1371],[137.8149,35.1405],[137.8124,35.1437],[137.8136,35.151],[137.8218,35.148],[137.829,35.152],[137.8273,35.1555],[137.8213,35.1585],[137.8217,35.161],[137.8257,35.1659],[137.8255,35.1682],[137.8182,35.1747],[137.8105,35.1749],[137.805,35.1793],[137.8032,35.1832],[137.8074,35.1878],[137.8138,35.1863],[137.8167,35.1884],[137.8169,35.193],[137.8203,35.1973],[137.8217,35.2032],[137.824,35.2048],[137.8289,35.2044],[137.8278,35.2087],[137.8286,35.2116],[137.8355,35.2112],[137.8381,35.2125],[137.8368,35.2156],[137.8412,35.2163],[137.8449,35.221],[137.8541,35.2219],[137.8592,35.2234],[137.8651,35.2225],[137.8726,35.2189],[137.8804,35.2264],[137.8849,35.2363],[137.8822,35.2429],[137.8841,35.2439],[137.8824,35.2481],[137.8954,35.258],[137.9069,35.2543],[137.9128,35.2534],[137.9187,35.2544],[137.9248,35.2603],[137.9263,35.2689],[137.9283,35.2703],[137.9293,35.2755],[137.9443,35.2763],[137.9519,35.2831],[137.9604,35.283],[137.9673,35.2842],[137.9734,35.2931],[137.9824,35.2925],[137.9844,35.2956],[137.9922,35.3017],[138.0015,35.3029],[138.0057,35.3044],[138.0156,35.303],[138.0188,35.3011],[138.0183,35.2946],[138.0143,35.2921],[138.0123,35.289],[138.0137,35.2814],[138.0125,35.2774],[138.0144,35.2738],[138.0112,35.2724],[138.0076,35.2682],[138.0014,35.2645],[138.0004,35.2616],[138.0032,35.2587],[138.0076,35.2596],[138.0131,35.2588],[138.0159,35.2526],[138.0123,35.2418],[138.0201,35.2367],[138.0365,35.2274],[138.0329,35.2206],[138.0364,35.211],[138.0274,35.2011],[138.0285,35.1961],[138.0214,35.194],[138.016,35.1898],[138.0165,35.1873],[138.0081,35.1781],[138.0051,35.1728],[138.0047,35.1682],[138.0008,35.1666],[137.9991,35.1635],[138.0002,35.1605],[137.9985,35.1558],[138.0018,35.1525],[137.9993,35.1464],[138.0018,35.1438],[138.0064,35.143],[138.0066,35.1355],[138.0114,35.1278],[138.0215,35.1272],[138.028,35.1294],[138.0305,35.1271],[138.0358,35.1254],[138.0396,35.1192],[138.0491,35.1117],[138.0538,35.1103],[138.0564,35.1064],[138.0544,35.1019],[138.0498,35.0982],[138.0501,35.0965],[138.0469,35.0892],[138.0449,35.0881],[138.0445,35.0797],[138.0459,35.0776],[138.0452,35.0726],[138.0385,35.0674],[138.0404,35.0623],[138.044,35.0568],[138.0434,35.0525],[138.0471,35.0495],[138.0484,35.0426],[138.0471,35.0387],[138.0431,35.0358],[138.0398,35.0352],[138.0324,35.0313],[138.0291,35.0276],[138.0208,35.0243],[138.0179,35.0219],[138.0208,35.0188],[138.0258,35.0174],[138.026,35.013],[138.0329,35.0088],[138.0334,35.0042],[138.0358,34.9989],[138.0311,34.9953],[138.0289,34.9911],[138.0194,34.9872],[138.0115,34.9811],[138.0099,34.9756],[138.0033,34.9723],[138.0038,34.967],[138.0007,34.9648],[137.9966,34.9683],[137.9798,34.9655],[137.9847,34.9628],[137.9806,34.9577],[137.9708,34.9588],[137.9705,34.9567],[137.9648,34.955],[137.9624,34.9479],[137.9553,34.9468],[137.9479,34.9494],[137.9427,34.9461],[137.9382,34.9473],[137.9359,34.9436],[137.9285,34.9397],[137.9261,34.9348],[137.9176,34.9273],[137.9125,34.9295],[137.9076,34.9289],[137.9084,34.9254],[137.9031,34.9199],[137.9052,34.9134],[137.908,34.9106],[137.9075,34.9069],[137.9148,34.9029],[137.9191,34.9015],[137.9202,34.8932],[137.917,34.891],[137.9092,34.8911],[137.9062,34.8909],[137.9036,34.8876],[137.8982,34.8839],[137.8888,34.8805],[137.8833,34.8812],[137.8775,34.8793],[137.8671,34.878],[137.8616,34.8783],[137.8553,34.8751],[137.8557,34.8703],[137.8525,34.8675],[137.8479,34.8691],[137.844,34.8681],[137.8388,34.8621],[137.8287,34.8593],[137.8226,34.8555],[137.8243,34.855],[137.8271,34.8294],[137.827,34.8212],[137.8232,34.8018],[137.8237,34.7961],[137.8282,34.7898],[137.8266,34.7822],[137.8227,34.775],[137.8189,34.7565],[137.8131,34.7476],[137.8058,34.7302],[137.8029,34.7158],[137.8002,34.7014],[137.8004,34.6976],[137.7953,34.6984],[137.7933,34.6847],[137.7901,34.6815],[137.7901,34.671],[137.7876,34.67],[137.7872,34.6563],[137.7899,34.6503],[137.797,34.6483],[137.7986,34.6464]]]}},{"type":"Feature","properties":{"code":"23100","ja":"名古屋市","pref":"aichi"},"geometry":{"type":"MultiPolygon","coordinates":[[[[136.903,35.2405],[136.9087,35.2404],[136.9108,35.2364],[136.9203,35.2384],[136.9223,35.241],[136.9267,35.2426],[136.9299,35.2437],[136.929,35.2331],[136.9255,35.2311],[136.9316,35.2231],[136.9398,35.2243],[136.9394,35.2203],[136.9365,35.2162],[136.9466,35.2162],[136.9562,35.2175],[136.9641,35.2168],[136.9736,35.2185],[136.9814,35.2252],[136.989,35.2267],[136.9904,35.2299],[136.9897,35.2379],[136.9932,35.2409],[137.0053,35.2405],[137.0108,35.2447],[137.0114,35.249],[137.0136,35.2516],[137.0201,35.2524],[137.0291,35.259],[137.0369,35.2585],[137.0503,35.2602],[137.0535,35.2578],[137.0533,35.2534],[137.0549,35.2505],[137.0593,35.2512],[137.0599,35.2463],[137.0567,35.246],[137.052,35.2431],[137.0494,35.2379],[137.0462,35.2384],[137.0438,35.2415],[137.0391,35.2381],[137.0345,35.238],[137.0307,35.2346],[137.0257,35.2342],[137.0222,35.2312],[137.0194,35.2313],[137.0109,35.2212],[137.0067,35.2193],[137.0048,35.2139],[137.0016,35.2093],[137.0085,35.2102],[137.008,35.2065],[137.0132,35.2011],[137.0119,35.195],[137.0191,35.1937],[137.0234,35.1957],[137.0198,35.1985],[137.023,35.2013],[137.0258,35.2013],[137.025,35.1957],[137.0294,35.1947],[137.0322,35.1919],[137.0287,35.1907],[137.02,35.1907],[137.0179,35.1883],[137.0258,35.1851],[137.0269,35.1794],[137.024,35.1739],[137.0274,35.1687],[137.0228,35.1632],[137.027,35.1562],[137.0221,35.1533],[137.0222,35.1511],[137.0184,35.1471],[137.0214,35.1453],[137.0233,35.1399],[137.017,35.1364],[137.0136,35.1382],[137.0099,35.1368],[137.0081,35.1312],[137.0046,35.1312],[137.0033,35.1284],[137.0145,35.117],[137.02,35.1096],[137.0211,35.1098],[137.0234,35.1027],[137.0226,35.0989],[137.02,35.0961],[137.0215,35.0913],[137.0175,35.0921],[137.013,35.0819],[137.0096,35.0753],[137.0048,35.072],[136.9981,35.0742],[136.9947,35.0719],[136.9876,35.0726],[136.9874,35.0676],[136.9842,35.0613],[136.9761,35.0623],[136.9724,35.0564],[136.9748,35.0519],[136.9739,35.049],[136.9722,35.0431],[136.9649,35.0429],[136.9618,35.0396],[136.9557,35.0479],[136.9532,35.0448],[136.9463,35.0442],[136.9436,35.0462],[136.9411,35.0521],[136.9366,35.0532],[136.9341,35.0497],[136.9313,35.0507],[136.9257,35.0586],[136.9244,35.0644],[136.9177,35.0629],[136.913,35.0685],[136.9058,35.0684],[136.9015,35.0689],[136.8902,35.0671],[136.8839,35.0673],[136.8868,35.0705],[136.8896,35.0704],[136.8905,35.0843],[136.8903,35.0899],[136.8882,35.0937],[136.8848,35.0888],[136.8753,35.0904],[136.8685,35.0882],[136.8667,35.0849],[136.8693,35.0821],[136.8625,35.0698],[136.8583,35.07],[136.8599,35.0653],[136.8581,35.0588],[136.8554,35.0566],[136.8474,35.0566],[136.8473,35.0595],[136.8425,35.0593],[136.8456,35.0642],[136.8496,35.0781],[136.8472,35.083],[136.8326,35.0817],[136.8279,35.0826],[136.8248,35.0801],[136.8165,35.087],[136.8101,35.0934],[136.7979,35.0969],[136.798,35.1019],[136.795,35.1084],[136.7919,35.1123],[136.7942,35.122],[136.7975,35.1219],[136.7974,35.1282],[136.8028,35.1293],[136.8001,35.1325],[136.8008,35.1481],[136.8089,35.1476],[136.8094,35.1536],[136.8026,35.1542],[136.8017,35.1614],[136.8078,35.1682],[136.8137,35.1675],[136.8183,35.1647],[136.8171,35.159],[136.8301,35.1573],[136.8326,35.1594],[136.8333,35.1649],[136.8355,35.1694],[136.8411,35.1741],[136.848,35.1806],[136.8563,35.1882],[136.8659,35.1917],[136.8698,35.194],[136.8717,35.1975],[136.8789,35.2072],[136.8785,35.2093],[136.8725,35.21],[136.8683,35.212],[136.8657,35.2069],[136.8601,35.208],[136.8646,35.2134],[136.8603,35.2152],[136.8564,35.2211],[136.8557,35.2306],[136.8579,35.2306],[136.8709,35.231],[136.8748,35.2251],[136.8863,35.2291],[136.8992,35.2348],[136.903,35.2405]]],[[[136.8486,35.056],[136.852,35.054],[136.8549,35.0553],[136.852,35.0438],[136.8477,35.0468],[136.844,35.0416],[136.8481,35.0367],[136.8454,35.0339],[136.8379,35.0518],[136.8406,35.056],[136.8486,35.056]]],[[[136.8781,35.0719],[136.882,35.0694],[136.875,35.052],[136.8724,35.0497],[136.8652,35.05],[136.8703,35.063],[136.8694,35.068],[136.8737,35.0719],[136.8781,35.0719]]]]}},{"type":"Feature","properties":{"code":"26100","ja":"京都市","pref":"kyoto"},"geometry":{"type":"Polygon","coordinates":[[[135.8608,35.283],[135.8585,35.2784],[135.8546,35.2754],[135.855,35.2722],[135.8525,35.269],[135.8475,35.2667],[135.8447,35.2613],[135.8461,35.2571],[135.8423,35.2533],[135.844,35.2518],[135.8402,35.248],[135.84,35.2439],[135.8353,35.2397],[135.8375,35.2376],[135.8373,35.226],[135.8308,35.2228],[135.8293,35.2205],[135.8298,35.2162],[135.8324,35.2143],[135.8311,35.2104],[135.8355,35.2067],[135.8353,35.2023],[135.8398,35.1915],[135.8419,35.1898],[135.8406,35.1801],[135.8432,35.1789],[135.8424,35.1739],[135.8468,35.1624],[135.8503,35.1603],[135.8562,35.1594],[135.8568,35.1536],[135.8546,35.1527],[135.8526,35.1462],[135.8487,35.1419],[135.8502,35.1353],[135.8523,35.1343],[135.8496,35.127],[135.8499,35.1205],[135.8474,35.1142],[135.845,35.1143],[135.8433,35.1099],[135.843,35.1025],[135.8379,35.0975],[135.8351,35.0913],[135.8399,35.0861],[135.8384,35.0791],[135.8342,35.076],[135.8319,35.0715],[135.8344,35.0677],[135.8358,35.0623],[135.8349,35.0556],[135.8316,35.0526],[135.827,35.0538],[135.8212,35.0494],[135.8159,35.0474],[135.8154,35.0421],[135.8217,35.0361],[135.8246,35.0356],[135.8281,35.0284],[135.8264,35.0236],[135.8301,35.0214],[135.8345,35.0221],[135.8355,35.0123],[135.8317,35.0117],[135.8202,35.0129],[135.8241,35.0088],[135.8327,35.0094],[135.834,35.0045],[135.8366,35.0012],[135.8325,34.9991],[135.8275,34.9911],[135.8423,34.99],[135.8493,34.9917],[135.8491,34.9848],[135.855,34.9848],[135.8568,34.98],[135.8541,34.9766],[135.8523,34.9713],[135.8557,34.9699],[135.8562,34.9671],[135.8634,34.9601],[135.8649,34.9571],[135.8754,34.9536],[135.8757,34.9505],[135.8785,34.9474],[135.8746,34.9476],[135.8627,34.9508],[135.8595,34.9539],[135.8595,34.957],[135.8519,34.9569],[135.8471,34.9484],[135.8499,34.9394],[135.8488,34.9326],[135.8447,34.9355],[135.8302,34.9353],[135.831,34.9327],[135.8294,34.9274],[135.8181,34.9266],[135.8143,34.9293],[135.8108,34.9365],[135.8075,34.9376],[135.7977,34.9345],[135.7922,34.9303],[135.7898,34.917],[135.7806,34.9171],[135.7762,34.9161],[135.7609,34.9081],[135.753,34.9041],[135.7478,34.9113],[135.7446,34.9104],[135.7403,34.9047],[135.7319,34.9044],[135.7195,34.8981],[135.7159,34.8992],[135.7201,34.8929],[135.7215,34.8893],[135.7225,34.888],[135.7287,34.8852],[135.7275,34.8831],[135.7327,34.8783],[135.7325,34.8749],[135.7238,34.8804],[135.7155,34.8828],[135.7157,34.8872],[135.7119,34.8873],[135.7119,34.8932],[135.709,34.8956],[135.7055,34.8946],[135.7031,34.8987],[135.7056,34.9003],[135.7065,34.9081],[135.7096,34.9126],[135.7142,34.916],[135.7152,34.9192],[135.7146,34.929],[135.7139,34.9356],[135.7167,34.9373],[135.7183,34.9421],[135.7171,34.9448],[135.7175,34.9505],[135.7134,34.9518],[135.7095,34.9557],[135.71,34.9625],[135.7051,34.9634],[135.6999,34.9657],[135.6998,34.9685],[135.6929,34.9684],[135.6874,34.9667],[135.6831,34.969],[135.6831,34.9642],[135.695,34.9466],[135.6914,34.9454],[135.6799,34.9445],[135.6746,34.9456],[135.6719,34.9423],[135.6662,34.9391],[135.6637,34.9361],[135.6599,34.9355],[135.6593,34.9329],[135.654,34.9341],[135.6484,34.9324],[135.6461,34.9295],[135.6431,34.9297],[135.6329,34.9346],[135.6281,34.9337],[135.6237,34.9349],[135.6191,34.932],[135.6152,34.9276],[135.6076,34.9283],[135.6054,34.9274],[135.601,34.9297],[135.6034,34.9358],[135.6076,34.9369],[135.6107,34.9397],[135.6115,34.9438],[135.6187,34.9588],[135.6156,34.9628],[135.6133,34.9712],[135.6239,34.9744],[135.6277,34.9726],[135.6303,34.9745],[135.6412,34.9756],[135.6381,34.9808],[135.6377,34.9892],[135.639,34.9979],[135.646,35.0014],[135.6467,35.0075],[135.643,35.0131],[135.6364,35.0191],[135.6398,35.0234],[135.635,35.0309],[135.6296,35.0351],[135.6262,35.0396],[135.6218,35.038],[135.6175,35.042],[135.6181,35.0488],[135.6174,35.0555],[135.6219,35.0646],[135.6188,35.0682],[135.6084,35.0665],[135.6052,35.062],[135.6025,35.0629],[135.5995,35.0707],[135.5962,35.0712],[135.59,35.0771],[135.5922,35.0791],[135.5919,35.084],[135.5942,35.0882],[135.5982,35.0924],[135.5979,35.0944],[135.6008,35.0954],[135.6051,35.0927],[135.6145,35.0974],[135.6165,35.1039],[135.612,35.1049],[135.6039,35.1123],[135.6024,35.1105],[135.5973,35.11],[135.5922,35.1168],[135.591,35.1242],[135.5951,35.1263],[135.5955,35.1289],[135.5837,35.1273],[135.5776,35.1277],[135.5753,35.1326],[135.5709,35.1309],[135.5679,35.1276],[135.5614,35.1326],[135.559,35.1369],[135.5624,35.1482],[135.5603,35.1506],[135.5616,35.1565],[135.5739,35.169],[135.5735,35.1713],[135.5786,35.1801],[135.5829,35.1853],[135.5842,35.1897],[135.5873,35.1908],[135.5912,35.1952],[135.5922,35.1988],[135.5965,35.2026],[135.5966,35.2121],[135.5943,35.2122],[135.5899,35.2164],[135.5911,35.2205],[135.5953,35.2212],[135.5991,35.2251],[135.6021,35.2252],[135.6087,35.2283],[135.6192,35.2255],[135.6202,35.2332],[135.6297,35.236],[135.6285,35.2394],[135.6288,35.2454],[135.6306,35.2488],[135.6364,35.2532],[135.64,35.2581],[135.6439,35.2571],[135.6463,35.2598],[135.6519,35.26],[135.6548,35.2632],[135.6608,35.2604],[135.6651,35.2604],[135.681,35.2568],[135.6841,35.2579],[135.6894,35.2552],[135.6992,35.258],[135.7036,35.2575],[135.7072,35.2614],[135.712,35.261],[135.7175,35.2654],[135.7251,35.2656],[135.7273,35.2678],[135.7256,35.2717],[135.7315,35.2779],[135.7292,35.2836],[135.7361,35.2877],[135.7483,35.2867],[135.7572,35.2884],[135.7628,35.2879],[135.7661,35.2896],[135.7719,35.288],[135.7748,35.2841],[135.7814,35.2901],[135.7777,35.2946],[135.7784,35.3018],[135.7775,35.3051],[135.7877,35.308],[135.7898,35.3137],[135.7946,35.3189],[135.7952,35.3213],[135.8036,35.3173],[135.8088,35.3169],[135.8113,35.3136],[135.8107,35.3084],[135.8144,35.3071],[135.8149,35.3013],[135.8196,35.2994],[135.8214,35.2969],[135.82,35.2911],[135.8296,35.2768],[135.8346,35.2741],[135.8401,35.2756],[135.8418,35.2782],[135.8497,35.2803],[135.8517,35.286],[135.8551,35.2883],[135.8585,35.2871],[135.8608,35.283]]]}},{"type":"Feature","properties":{"code":"27100","ja":"大阪市","pref":"osaka"},"geometry":{"type":"MultiPolygon","coordinates":[[[[135.3494,34.6201],[135.3458,34.6173],[135.3441,34.6227],[135.3533,34.6324],[135.3586,34.6276],[135.3494,34.6201]]],[[[135.3796,34.6609],[135.3795,34.6601],[135.3998,34.657],[135.4046,34.6538],[135.3928,34.6419],[135.379,34.6432],[135.3729,34.6521],[135.3796,34.6609]]],[[[135.4027,34.6732],[135.4095,34.6688],[135.411,34.6656],[135.4098,34.659],[135.388,34.6628],[135.3881,34.6678],[135.4027,34.6732]]],[[[135.5219,34.5943],[135.5058,34.5866],[135.5027,34.5862],[135.5001,34.5872],[135.4952,34.5943],[135.4869,34.596],[135.4782,34.5982],[135.4693,34.6018],[135.4465,34.6084],[135.4375,34.6082],[135.4375,34.6108],[135.4235,34.6108],[135.4235,34.619],[135.4261,34.618],[135.4266,34.6131],[135.4329,34.613],[135.4312,34.6218],[135.4413,34.6262],[135.4429,34.6181],[135.4475,34.6179],[135.4484,34.6264],[135.4481,34.6307],[135.4535,34.6292],[135.4527,34.635],[135.4482,34.6349],[135.447,34.6413],[135.4512,34.6425],[135.4504,34.6459],[135.4441,34.6445],[135.4281,34.6512],[135.4263,34.6558],[135.4181,34.6595],[135.416,34.6523],[135.4144,34.6521],[135.4175,34.6638],[135.4167,34.6733],[135.4083,34.6719],[135.4089,34.6755],[135.4224,34.6796],[135.4222,34.6833],[135.4177,34.6881],[135.4117,34.6909],[135.4073,34.6971],[135.4129,34.7021],[135.4246,34.7059],[135.4295,34.7114],[135.4369,34.715],[135.4458,34.7181],[135.448,34.7217],[135.4455,34.7291],[135.449,34.7341],[135.4554,34.7343],[135.4603,34.7332],[135.467,34.7307],[135.4754,34.7361],[135.481,34.7381],[135.4878,34.7499],[135.4952,34.7514],[135.4994,34.748],[135.5067,34.7447],[135.5095,34.7454],[135.5158,34.7497],[135.519,34.7503],[135.5251,34.7478],[135.5316,34.7524],[135.529,34.7546],[135.5324,34.7594],[135.539,34.7611],[135.5441,34.7685],[135.5487,34.7685],[135.5511,34.7667],[135.5507,34.7572],[135.5582,34.7569],[135.5605,34.7541],[135.5568,34.7508],[135.5564,34.7461],[135.561,34.7402],[135.5603,34.7368],[135.5533,34.7331],[135.5551,34.7249],[135.5599,34.7262],[135.5655,34.7227],[135.5676,34.7178],[135.5699,34.709],[135.5742,34.709],[135.575,34.7174],[135.5829,34.7174],[135.5842,34.7224],[135.5872,34.7183],[135.587,34.7149],[135.5899,34.7137],[135.5994,34.7147],[135.597,34.7069],[135.5949,34.7035],[135.5848,34.6986],[135.5795,34.6897],[135.5764,34.6882],[135.5656,34.6878],[135.5634,34.6781],[135.5622,34.6679],[135.5574,34.6681],[135.557,34.6643],[135.5612,34.6626],[135.5618,34.6583],[135.5585,34.6559],[135.5608,34.6502],[135.5612,34.6436],[135.5684,34.6382],[135.5686,34.6344],[135.5747,34.6322],[135.5766,34.6265],[135.5752,34.6182],[135.5659,34.6213],[135.5636,34.6212],[135.5619,34.617],[135.5651,34.6167],[135.5692,34.6138],[135.5762,34.6138],[135.5826,34.612],[135.5869,34.6091],[135.5873,34.6048],[135.5814,34.6027],[135.58,34.6009],[135.5799,34.5941],[135.5768,34.5931],[135.5672,34.5955],[135.5496,34.5948],[135.5436,34.5952],[135.5435,34.5994],[135.5315,34.5983],[135.53,34.5941],[135.5263,34.5964],[135.5225,34.5946],[135.5219,34.5943]]],[[[135.3897,34.6283],[135.3996,34.6207],[135.406,34.6198],[135.4185,34.6195],[135.4205,34.6129],[135.4171,34.6121],[135.4027,34.6122],[135.3995,34.6207],[135.3897,34.6283]]],[[[135.417,34.6447],[135.4242,34.6427],[135.4323,34.6441],[135.4393,34.6412],[135.4416,34.6292],[135.4406,34.6279],[135.4318,34.6244],[135.4222,34.6219],[135.4207,34.6259],[135.4105,34.6259],[135.4075,34.6295],[135.4148,34.6348],[135.4123,34.6372],[135.4046,34.6316],[135.3985,34.6313],[135.3985,34.6382],[135.417,34.6447]]]]}},{"type":"Feature","properties":{"code":"27140","ja":"堺市","pref":"osaka"},"geometry":{"type":"MultiPolygon","coordinates":[[[[135.5219,34.5943],[135.5226,34.5899],[135.5224,34.5767],[135.5317,34.5767],[135.5316,34.5737],[135.5356,34.5716],[135.5372,34.5656],[135.548,34.5659],[135.5491,34.5598],[135.5532,34.5539],[135.5571,34.5538],[135.561,34.5567],[135.5611,34.56],[135.5672,34.56],[135.5688,34.5572],[135.5674,34.5487],[135.5725,34.5484],[135.5771,34.5425],[135.5818,34.538],[135.5824,34.5348],[135.5872,34.5318],[135.5851,34.5275],[135.5844,34.5224],[135.5822,34.5188],[135.5821,34.5106],[135.5724,34.5115],[135.5665,34.5136],[135.5635,34.5174],[135.5628,34.5252],[135.555,34.5279],[135.5531,34.518],[135.5464,34.518],[135.5436,34.5159],[135.5439,34.5119],[135.5406,34.5112],[135.534,34.5151],[135.5326,34.5146],[135.5343,34.508],[135.5397,34.5011],[135.5385,34.4953],[135.5349,34.4929],[135.5336,34.4877],[135.5356,34.486],[135.5353,34.4798],[135.5386,34.4693],[135.542,34.4665],[135.5453,34.4623],[135.5363,34.4531],[135.5336,34.4486],[135.5261,34.4422],[135.522,34.4401],[135.5183,34.433],[135.5196,34.4311],[135.5113,34.4315],[135.5063,34.4339],[135.5007,34.4337],[135.4981,34.4377],[135.4992,34.4415],[135.4973,34.4516],[135.4944,34.4559],[135.4896,34.4603],[135.4844,34.461],[135.4784,34.4649],[135.4757,34.469],[135.4782,34.4709],[135.4736,34.4741],[135.4713,34.4776],[135.47,34.4833],[135.4662,34.483],[135.4665,34.496],[135.465,34.4998],[135.4611,34.499],[135.4633,34.5066],[135.4607,34.5121],[135.4546,34.5151],[135.4594,34.5199],[135.4546,34.5241],[135.446,34.5259],[135.4482,34.5295],[135.4461,34.5369],[135.4377,34.5411],[135.4421,34.5479],[135.4447,34.5572],[135.4304,34.5608],[135.4106,34.5608],[135.4021,34.5997],[135.4158,34.5938],[135.4208,34.5697],[135.4294,34.5707],[135.4261,34.5897],[135.4337,34.5867],[135.4343,34.5827],[135.4415,34.583],[135.4452,34.5674],[135.4524,34.5648],[135.4533,34.5665],[135.4494,34.5681],[135.4517,34.5772],[135.4494,34.587],[135.4517,34.5919],[135.4439,34.5894],[135.4367,34.589],[135.4256,34.5934],[135.4236,34.6049],[135.4339,34.6022],[135.4333,34.6008],[135.4438,34.5976],[135.4465,34.6018],[135.4369,34.6047],[135.4375,34.6082],[135.4465,34.6084],[135.4693,34.6018],[135.4782,34.5982],[135.4869,34.596],[135.4952,34.5943],[135.5001,34.5872],[135.5027,34.5862],[135.5058,34.5866],[135.5219,34.5943]]],[[[135.4123,34.5435],[135.4053,34.5473],[135.4095,34.5544],[135.416,34.55],[135.4123,34.5435]]],[[[135.4363,34.5426],[135.4262,34.5471],[135.4306,34.5538],[135.4349,34.5527],[135.4367,34.5556],[135.4409,34.5543],[135.4408,34.5493],[135.4363,34.5426]]]]}},{"type":"Feature","properties":{"code":"28100","ja":"神戸市","pref":"hyogo"},"geometry":{"type":"MultiPolygon","coordinates":[[[[135.2803,34.6514],[135.2769,34.6513],[135.2745,34.6654],[135.2804,34.6661],[135.2829,34.6514],[135.2803,34.6514]]],[[[135.2814,34.6973],[135.2882,34.6967],[135.2891,34.6909],[135.2784,34.6925],[135.2788,34.6897],[135.2895,34.6881],[135.2905,34.6817],[135.2735,34.6801],[135.2545,34.6778],[135.2522,34.6934],[135.2642,34.6978],[135.2653,34.6958],[135.2724,34.6966],[135.2728,34.6988],[135.2814,34.6973]]],[[[135.304,34.71],[135.3041,34.7057],[135.2937,34.7045],[135.2922,34.7121],[135.2939,34.7177],[135.3033,34.7169],[135.304,34.71]]],[[[135.3035,34.7191],[135.2943,34.7195],[135.2919,34.7159],[135.2855,34.7141],[135.2868,34.7119],[135.288,34.704],[135.2719,34.7023],[135.2709,34.7069],[135.2678,34.7059],[135.2682,34.7019],[135.2544,34.7003],[135.2454,34.6994],[135.2398,34.7014],[135.235,34.6986],[135.2383,34.6933],[135.2241,34.6917],[135.2189,34.6955],[135.2163,34.6941],[135.2182,34.69],[135.2075,34.6843],[135.2039,34.6869],[135.2007,34.6838],[135.1904,34.6814],[135.1844,34.6821],[135.1895,34.6723],[135.1877,34.6702],[135.1831,34.6702],[135.1777,34.6705],[135.1782,34.6667],[135.1826,34.6682],[135.1874,34.6669],[135.186,34.6632],[135.1799,34.6625],[135.1806,34.6556],[135.1866,34.6522],[135.1832,34.6495],[135.1671,34.6479],[135.1476,34.6457],[135.1397,34.6425],[135.1228,34.6424],[135.1079,34.6405],[135.1022,34.6371],[135.0932,34.6347],[135.0853,34.6337],[135.0815,34.6319],[135.0743,34.6308],[135.0746,34.6283],[135.0601,34.6256],[135.0512,34.6268],[135.0517,34.6244],[135.0456,34.6247],[135.0364,34.6286],[135.0318,34.6313],[135.0321,34.6332],[135.0223,34.6414],[135.0188,34.6431],[135.0201,34.6474],[135.0297,34.6553],[135.0309,34.6596],[135.0264,34.6607],[135.0223,34.6573],[135.0179,34.659],[135.0139,34.6582],[135.0107,34.6615],[135.0061,34.658],[135.0025,34.6591],[134.9997,34.657],[134.9963,34.659],[134.9923,34.6576],[134.9869,34.6574],[134.9837,34.661],[134.98,34.6577],[134.9767,34.6587],[134.9743,34.666],[134.97,34.6715],[134.9721,34.6742],[134.9713,34.6775],[134.9673,34.68],[134.9652,34.6856],[134.9662,34.6918],[134.9642,34.6965],[134.9659,34.6976],[134.9632,34.7041],[134.9661,34.7077],[134.9649,34.7117],[134.9597,34.7134],[134.9516,34.7116],[134.9428,34.7127],[134.9405,34.7083],[134.9327,34.7021],[134.9306,34.6992],[134.9189,34.7088],[134.9171,34.7073],[134.9101,34.7204],[134.9124,34.7213],[134.9183,34.7261],[134.9235,34.7279],[134.9267,34.7271],[134.9358,34.7308],[134.9486,34.7326],[134.954,34.7371],[134.9664,34.7525],[134.9613,34.7631],[134.9725,34.7628],[134.9805,34.7695],[134.9901,34.774],[134.9966,34.7742],[135.0018,34.7756],[135.0006,34.7703],[135.0055,34.7702],[135.0075,34.7679],[135.0256,34.7641],[135.0339,34.766],[135.0387,34.7648],[135.0405,34.7697],[135.0475,34.7716],[135.051,34.7697],[135.0539,34.7651],[135.0619,34.7641],[135.0669,34.7678],[135.0762,34.7711],[135.0826,34.7784],[135.086,34.7793],[135.0946,34.7787],[135.0925,34.7856],[135.0941,34.7898],[135.0857,34.7936],[135.0819,34.8015],[135.0749,34.8057],[135.0773,34.812],[135.076,34.816],[135.0811,34.817],[135.0856,34.8217],[135.085,34.8242],[135.0923,34.8282],[135.0924,34.8323],[135.101,34.8345],[135.106,34.8436],[135.1114,34.8464],[135.1153,34.8456],[135.1226,34.8375],[135.1376,34.8361],[135.1401,34.8345],[135.1512,34.8419],[135.1554,34.8435],[135.1584,34.8512],[135.1565,34.8601],[135.1562,34.8713],[135.1585,34.8762],[135.1551,34.8821],[135.1626,34.8854],[135.1675,34.8891],[135.1786,34.8876],[135.1824,34.8886],[135.1862,34.8846],[135.1923,34.8804],[135.1975,34.8792],[135.2012,34.8759],[135.21,34.8783],[135.2163,34.8748],[135.2219,34.875],[135.2287,34.8725],[135.2325,34.8734],[135.2348,34.8759],[135.242,34.8783],[135.2482,34.8778],[135.263,34.8848],[135.2777,34.886],[135.2804,34.8857],[135.2857,34.8789],[135.2868,34.8707],[135.292,34.866],[135.2939,34.8613],[135.2915,34.8603],[135.2899,34.8556],[135.2859,34.8555],[135.2822,34.8519],[135.2802,34.8476],[135.2728,34.8467],[135.2656,34.8484],[135.2607,34.842],[135.2478,34.8453],[135.244,34.8481],[135.2399,34.8479],[135.2332,34.8453],[135.2327,34.8371],[135.2308,34.8316],[135.2297,34.8246],[135.2328,34.819],[135.2332,34.8127],[135.2421,34.8063],[135.2467,34.8039],[135.2506,34.8082],[135.2551,34.8058],[135.261,34.8053],[135.2698,34.8018],[135.2687,34.7968],[135.2709,34.7919],[135.2676,34.7811],[135.2669,34.7803],[135.2724,34.7697],[135.2758,34.7665],[135.2806,34.7586],[135.2802,34.752],[135.2871,34.7479],[135.2844,34.7444],[135.2907,34.7387],[135.2962,34.7284],[135.2996,34.7284],[135.3035,34.7191]]],[[[135.2366,34.6408],[135.2388,34.6324],[135.2093,34.6302],[135.2088,34.6337],[135.2135,34.64],[135.2278,34.6411],[135.2366,34.6408]]],[[[135.22,34.6828],[135.2256,34.6779],[135.2164,34.6751],[135.2178,34.6727],[135.228,34.6758],[135.2319,34.6735],[135.2196,34.6697],[135.2212,34.6674],[135.2334,34.6711],[135.2365,34.6653],[135.2258,34.662],[135.2281,34.658],[135.2389,34.6613],[135.2452,34.6508],[135.2172,34.6501],[135.2023,34.6593],[135.2015,34.6736],[135.2107,34.679],[135.2103,34.6813],[135.22,34.6828]]]]}},{"type":"Feature","properties":{"code":"33100","ja":"岡山市","pref":"okayama"},"geometry":{"type":"MultiPolygon","coordinates":[[[[134.0343,34.5737],[134.0289,34.5785],[134.0231,34.5753],[134.019,34.5775],[134.0144,34.5777],[134.0102,34.575],[134.0054,34.5767],[133.9957,34.5775],[133.9905,34.5758],[133.9872,34.5776],[133.9823,34.5721],[133.9825,34.567],[133.9771,34.5598],[133.971,34.5576],[133.9661,34.5586],[133.9617,34.5663],[133.9581,34.5672],[133.9563,34.5704],[133.9514,34.5704],[133.9388,34.5765],[133.9313,34.5628],[133.9197,34.5449],[133.9022,34.5369],[133.8972,34.5428],[133.8933,34.5429],[133.8848,34.5379],[133.8879,34.5349],[133.8862,34.5322],[133.8866,34.5248],[133.8752,34.5241],[133.8747,34.522],[133.8665,34.5185],[133.854,34.5199],[133.8514,34.5213],[133.8499,34.5269],[133.843,34.5307],[133.8384,34.5355],[133.8331,34.5338],[133.8283,34.5345],[133.8244,34.5404],[133.8241,34.5434],[133.8207,34.5469],[133.8192,34.5507],[133.8274,34.5519],[133.8332,34.5549],[133.8318,34.5609],[133.826,34.5664],[133.8292,34.5685],[133.8331,34.5685],[133.8429,34.5796],[133.8436,34.59],[133.8383,34.5992],[133.8398,34.6004],[133.8352,34.6064],[133.8344,34.6115],[133.8359,34.6146],[133.8343,34.6177],[133.8361,34.6199],[133.8342,34.6253],[133.8303,34.6279],[133.8353,34.6302],[133.8375,34.6354],[133.8319,34.6513],[133.8367,34.6517],[133.8377,34.655],[133.835,34.6593],[133.8351,34.6618],[133.8261,34.6664],[133.825,34.6694],[133.8131,34.6678],[133.8013,34.6626],[133.7972,34.6667],[133.7954,34.6724],[133.7956,34.6769],[133.8013,34.6792],[133.8042,34.6847],[133.8025,34.6893],[133.7986,34.6905],[133.7947,34.6966],[133.7917,34.6986],[133.7872,34.6958],[133.7837,34.6993],[133.7984,34.7059],[133.7998,34.7111],[133.7988,34.7163],[133.7962,34.7233],[133.7908,34.7314],[133.7814,34.7361],[133.7787,34.7395],[133.7726,34.7422],[133.7682,34.7417],[133.7623,34.7454],[133.762,34.7486],[133.7562,34.7495],[133.7549,34.7476],[133.7494,34.7479],[133.7462,34.7534],[133.7424,34.757],[133.7398,34.7615],[133.74,34.7682],[133.7491,34.7824],[133.7483,34.7877],[133.7528,34.786],[133.7562,34.7822],[133.7584,34.7857],[133.7624,34.7865],[133.7729,34.7864],[133.7739,34.7884],[133.7742,34.7971],[133.7731,34.7998],[133.778,34.8028],[133.781,34.8089],[133.789,34.8135],[133.7994,34.8147],[133.8068,34.812],[133.8077,34.8082],[133.8149,34.8054],[133.8189,34.8066],[133.8203,34.8107],[133.8187,34.8125],[133.8182,34.8186],[133.8201,34.821],[133.8176,34.8239],[133.8161,34.8293],[133.8176,34.8345],[133.8284,34.8417],[133.8374,34.8421],[133.8435,34.8446],[133.8438,34.8499],[133.848,34.8536],[133.8449,34.8598],[133.847,34.864],[133.8432,34.8692],[133.8502,34.8794],[133.8481,34.8837],[133.8516,34.8904],[133.8566,34.8952],[133.86,34.894],[133.865,34.8964],[133.866,34.9001],[133.8719,34.9001],[133.8784,34.9031],[133.8743,34.907],[133.8673,34.9053],[133.8628,34.907],[133.8588,34.9124],[133.8503,34.916],[133.8473,34.9221],[133.8518,34.9265],[133.8524,34.9314],[133.8503,34.9344],[133.8528,34.9388],[133.8505,34.9432],[133.8541,34.9446],[133.8574,34.9428],[133.8607,34.9437],[133.8639,34.9371],[133.8749,34.9398],[133.8804,34.9447],[133.8829,34.9484],[133.8874,34.9463],[133.8881,34.944],[133.8961,34.9449],[133.9014,34.943],[133.9055,34.9491],[133.9116,34.9475],[133.9101,34.9438],[133.9064,34.9382],[133.9097,34.9327],[133.9086,34.9265],[133.9035,34.9255],[133.9005,34.9226],[133.9063,34.9182],[133.904,34.9158],[133.8983,34.9132],[133.8943,34.9135],[133.8942,34.9095],[133.8983,34.9074],[133.9026,34.9015],[133.9053,34.9053],[133.9093,34.9067],[133.913,34.9032],[133.9166,34.9032],[133.9223,34.9008],[133.9207,34.8949],[133.9264,34.8934],[133.9306,34.8878],[133.9386,34.8839],[133.9328,34.8781],[133.9278,34.8746],[133.9349,34.8731],[133.9375,34.871],[133.9468,34.8708],[133.9554,34.8727],[133.9585,34.8717],[133.9611,34.868],[133.9683,34.8531],[133.9628,34.8509],[133.9716,34.848],[133.9725,34.8457],[133.9776,34.8471],[133.9819,34.855],[133.9871,34.8543],[133.994,34.8501],[133.9929,34.8412],[133.9878,34.8357],[133.9884,34.8297],[133.9913,34.827],[133.9851,34.8199],[133.9871,34.8183],[133.9857,34.8131],[133.9856,34.807],[133.9737,34.8025],[133.9727,34.7993],[133.968,34.7951],[133.9669,34.7919],[133.9626,34.7891],[133.9617,34.786],[133.9704,34.7843],[133.9756,34.7804],[133.9807,34.7787],[133.9767,34.7693],[133.9815,34.7662],[133.986,34.7679],[133.9859,34.7614],[133.9801,34.7556],[133.9726,34.7539],[133.9715,34.7495],[133.9752,34.7456],[133.9799,34.7444],[133.9797,34.7416],[133.9841,34.7395],[133.9866,34.7335],[133.9888,34.7325],[133.994,34.7266],[133.9925,34.7211],[133.9936,34.7197],[134.0005,34.7263],[134.0092,34.7263],[134.0096,34.7293],[134.0287,34.7378],[134.0341,34.7418],[134.0355,34.7444],[134.0454,34.7492],[134.0481,34.7537],[134.047,34.7566],[134.0513,34.7615],[134.0485,34.7633],[134.0489,34.7666],[134.0525,34.7701],[134.0583,34.7679],[134.061,34.7764],[134.0646,34.7799],[134.0695,34.7813],[134.081,34.7829],[134.087,34.782],[134.0878,34.7762],[134.0929,34.7702],[134.0902,34.7627],[134.093,34.7611],[134.1008,34.761],[134.1068,34.7565],[134.1091,34.7609],[134.1146,34.7575],[134.1193,34.7572],[134.1193,34.7532],[134.1224,34.753],[134.1226,34.7504],[134.1197,34.7476],[134.1162,34.7479],[134.1112,34.746],[134.1111,34.7419],[134.1062,34.7421],[134.105,34.7349],[134.1023,34.7267],[134.1005,34.723],[134.093,34.7144],[134.0869,34.7101],[134.0834,34.7062],[134.0841,34.699],[134.0809,34.6923],[134.0776,34.682],[134.0726,34.6767],[134.0602,34.6701],[134.052,34.6592],[134.0547,34.6568],[134.0595,34.6596],[134.0583,34.6518],[134.0644,34.6499],[134.0669,34.6477],[134.0773,34.6501],[134.0749,34.6408],[134.0731,34.6379],[134.08,34.6325],[134.0863,34.6325],[134.0946,34.6356],[134.0943,34.6372],[134.1013,34.6396],[134.1047,34.6375],[134.1043,34.6332],[134.1073,34.6332],[134.1163,34.6275],[134.1179,34.6237],[134.1145,34.6228],[134.112,34.616],[134.1093,34.6168],[134.1096,34.6056],[134.1128,34.6008],[134.1122,34.5885],[134.1035,34.5896],[134.0967,34.5828],[134.0913,34.5809],[134.0844,34.5811],[134.0797,34.5865],[134.069,34.5838],[134.0601,34.5846],[134.0544,34.5865],[134.053,34.5903],[134.0533,34.596],[134.058,34.6035],[134.0616,34.6027],[134.0641,34.6076],[134.0581,34.6078],[134.0474,34.5976],[134.0422,34.6084],[134.0325,34.6091],[134.029,34.6064],[134.019,34.6098],[134.0029,34.6129],[133.9959,34.6136],[133.9917,34.6125],[133.9827,34.6075],[133.9846,34.6028],[133.9774,34.6004],[133.9729,34.6033],[133.9709,34.6018],[133.9684,34.5995],[133.9572,34.5969],[133.9524,34.6025],[133.9461,34.599],[133.9482,34.5937],[133.9588,34.5841],[133.9605,34.5876],[133.968,34.5926],[133.9739,34.5945],[133.9871,34.5952],[133.9964,34.595],[134.0029,34.5931],[134.0045,34.5949],[134.0145,34.5977],[134.0261,34.599],[134.0328,34.5978],[134.0326,34.5949],[134.0373,34.5919],[134.0408,34.5875],[134.0412,34.5765],[134.0343,34.5737]]],[[[134.1042,34.5678],[134.107,34.5634],[134.1064,34.5608],[134.1017,34.5616],[134.097,34.5595],[134.0951,34.5622],[134.1002,34.567],[134.1042,34.5678]]]]}},{"type":"Feature","properties":{"code":"34100","ja":"広島市","pref":"hiroshima"},"geometry":{"type":"MultiPolygon","coordinates":[[[[132.347,34.3565],[132.344,34.3609],[132.3423,34.3663],[132.3355,34.3676],[132.3346,34.3722],[132.3236,34.3796],[132.317,34.3812],[132.3209,34.3881],[132.317,34.3916],[132.3205,34.3935],[132.3208,34.3973],[132.3243,34.4058],[132.3166,34.4061],[132.313,34.41],[132.3144,34.4159],[132.3114,34.4193],[132.3052,34.4145],[132.2995,34.4073],[132.3004,34.3991],[132.3035,34.3926],[132.3029,34.3886],[132.3001,34.3843],[132.2932,34.3853],[132.29,34.388],[132.2844,34.3897],[132.2831,34.4002],[132.2847,34.4024],[132.2813,34.4096],[132.2784,34.4113],[132.2743,34.4106],[132.269,34.4137],[132.2653,34.4124],[132.2547,34.4141],[132.2543,34.4178],[132.2494,34.4236],[132.2451,34.4232],[132.238,34.4278],[132.2356,34.4311],[132.2289,34.4311],[132.2189,34.4199],[132.2182,34.4163],[132.208,34.4157],[132.1956,34.4158],[132.1909,34.4243],[132.1935,34.4314],[132.1914,34.4352],[132.1851,34.4394],[132.179,34.4405],[132.1785,34.4426],[132.1845,34.4454],[132.1823,34.4485],[132.1867,34.4508],[132.1904,34.4494],[132.1961,34.4531],[132.1935,34.4574],[132.1946,34.4623],[132.1935,34.4679],[132.1967,34.4776],[132.2032,34.4847],[132.1999,34.4909],[132.1888,34.4983],[132.1961,34.4964],[132.2039,34.4994],[132.2052,34.5019],[132.2038,34.5061],[132.2057,34.5098],[132.215,34.5142],[132.2207,34.5131],[132.2221,34.5111],[132.2299,34.5094],[132.2332,34.511],[132.239,34.5074],[132.2424,34.5104],[132.2396,34.517],[132.2439,34.5229],[132.2482,34.5268],[132.2492,34.5296],[132.2557,34.5313],[132.2655,34.5359],[132.2695,34.5354],[132.2729,34.5393],[132.2789,34.5423],[132.2815,34.5411],[132.286,34.5439],[132.2915,34.5447],[132.2922,34.5474],[132.305,34.5507],[132.3134,34.5516],[132.3235,34.5538],[132.3286,34.5528],[132.331,34.5553],[132.3404,34.5552],[132.3428,34.5518],[132.3526,34.5546],[132.3607,34.5506],[132.3635,34.5475],[132.3636,34.5435],[132.361,34.5429],[132.3599,34.5382],[132.367,34.54],[132.3676,34.545],[132.3748,34.548],[132.3748,34.551],[132.3787,34.5512],[132.3815,34.5537],[132.3866,34.5543],[132.3858,34.5586],[132.3897,34.5622],[132.3907,34.5711],[132.3882,34.5733],[132.3873,34.5831],[132.3918,34.5854],[132.3901,34.5917],[132.3946,34.5991],[132.4001,34.6039],[132.4047,34.6024],[132.407,34.603],[132.4153,34.5991],[132.4207,34.6032],[132.4259,34.6032],[132.4307,34.5973],[132.4325,34.5973],[132.439,34.592],[132.4442,34.595],[132.4497,34.5997],[132.4567,34.6032],[132.4645,34.6139],[132.4725,34.6148],[132.4804,34.6118],[132.4786,34.6082],[132.4813,34.6061],[132.4876,34.606],[132.4896,34.6033],[132.4959,34.6012],[132.4982,34.599],[132.4994,34.5937],[132.5118,34.5964],[132.5194,34.607],[132.5249,34.6064],[132.5282,34.6011],[132.5327,34.5909],[132.5308,34.5882],[132.5385,34.5832],[132.544,34.5837],[132.5508,34.5783],[132.558,34.5761],[132.5605,34.5768],[132.5657,34.5721],[132.5692,34.5726],[132.5732,34.5632],[132.5781,34.564],[132.5803,34.5689],[132.5837,34.5685],[132.5876,34.5713],[132.5908,34.5752],[132.5903,34.5816],[132.5962,34.5854],[132.598,34.5822],[132.6038,34.5859],[132.6083,34.5861],[132.6104,34.5923],[132.6086,34.5963],[132.6136,34.6012],[132.6196,34.5987],[132.6245,34.6001],[132.6325,34.5972],[132.6458,34.6021],[132.654,34.5995],[132.6577,34.6014],[132.6649,34.607],[132.6716,34.6067],[132.6791,34.604],[132.6834,34.5987],[132.6929,34.5899],[132.6921,34.587],[132.6942,34.5839],[132.6887,34.5747],[132.6857,34.5721],[132.6833,34.5655],[132.6899,34.5619],[132.6877,34.5567],[132.6912,34.5511],[132.6921,34.5463],[132.6869,34.5414],[132.6902,34.5382],[132.6961,34.5359],[132.6943,34.5345],[132.6931,34.5294],[132.6896,34.5293],[132.6843,34.5268],[132.6737,34.5304],[132.6654,34.5315],[132.663,34.5265],[132.656,34.5234],[132.6482,34.5162],[132.6492,34.5146],[132.6444,34.5053],[132.6362,34.5054],[132.6335,34.5071],[132.6283,34.4983],[132.6187,34.4908],[132.6092,34.4903],[132.6031,34.4872],[132.6011,34.4835],[132.6068,34.4811],[132.606,34.4717],[132.6025,34.4681],[132.6005,34.4621],[132.6005,34.4573],[132.6037,34.4558],[132.608,34.4565],[132.614,34.4512],[132.6126,34.4482],[132.6155,34.4465],[132.6205,34.4478],[132.6241,34.4463],[132.6333,34.45],[132.6357,34.4433],[132.6416,34.4419],[132.6475,34.4376],[132.6546,34.4435],[132.6573,34.4402],[132.6603,34.441],[132.6636,34.4374],[132.6661,34.4276],[132.6637,34.4273],[132.6598,34.4233],[132.6522,34.4223],[132.6504,34.4187],[132.6444,34.4131],[132.6425,34.4046],[132.6434,34.4023],[132.6404,34.399],[132.6465,34.3959],[132.6444,34.3888],[132.6494,34.3836],[132.6512,34.3794],[132.6501,34.3765],[132.6537,34.3687],[132.6511,34.3647],[132.6471,34.3642],[132.6442,34.3617],[132.6448,34.3562],[132.6428,34.3533],[132.6335,34.3531],[132.6306,34.3515],[132.6275,34.3531],[132.6314,34.3616],[132.6229,34.3731],[132.6177,34.3756],[132.6146,34.3749],[132.6014,34.3802],[132.5983,34.3784],[132.5916,34.3805],[132.5812,34.3808],[132.5788,34.3745],[132.5661,34.376],[132.5669,34.3816],[132.5606,34.3829],[132.558,34.3851],[132.5462,34.386],[132.5419,34.3827],[132.5364,34.3801],[132.5311,34.376],[132.5274,34.3685],[132.5182,34.3622],[132.5183,34.3617],[132.5178,34.3638],[132.5176,34.3651],[132.5062,34.3557],[132.4965,34.357],[132.4919,34.3534],[132.4826,34.3536],[132.4785,34.3567],[132.4692,34.3529],[132.4601,34.3531],[132.4575,34.3514],[132.4525,34.3527],[132.4495,34.3468],[132.4511,34.3451],[132.4498,34.3408],[132.444,34.3405],[132.4419,34.3448],[132.4379,34.3456],[132.4399,34.3524],[132.4367,34.3531],[132.4332,34.3534],[132.4205,34.3593],[132.4229,34.3629],[132.4205,34.3593],[132.4149,34.3597],[132.4132,34.3572],[132.4086,34.3605],[132.3993,34.3653],[132.3975,34.363],[132.3782,34.3609],[132.3752,34.3596],[132.3769,34.3524],[132.3691,34.3504],[132.3647,34.3475],[132.3603,34.3557],[132.3626,34.3586],[132.3493,34.3559],[132.347,34.3565]],[[132.5408,34.4176],[132.5354,34.4208],[132.5312,34.4214],[132.5216,34.4155],[132.5173,34.4135],[132.5143,34.4067],[132.5069,34.4032],[132.5042,34.4044],[132.4984,34.3966],[132.4959,34.3953],[132.5014,34.3907],[132.4998,34.3893],[132.4993,34.3857],[132.5014,34.376],[132.5162,34.375],[132.5149,34.378],[132.5236,34.3868],[132.5278,34.3884],[132.5284,34.3935],[132.5331,34.4027],[132.5322,34.4045],[132.5356,34.4105],[132.5388,34.412],[132.5408,34.4176]]],[[[132.4631,34.3169],[132.4653,34.3125],[132.4619,34.3109],[132.4604,34.3155],[132.4631,34.3169]]],[[[132.4409,34.3259],[132.4441,34.3252],[132.446,34.3211],[132.4456,34.3178],[132.4481,34.3161],[132.4448,34.3125],[132.4442,34.3078],[132.4383,34.3059],[132.4423,34.3024],[132.4415,34.298],[132.4369,34.3007],[132.4318,34.298],[132.424,34.3028],[132.4211,34.2993],[132.4169,34.2996],[132.4154,34.3023],[132.4207,34.3028],[132.424,34.3061],[132.4286,34.3081],[132.4293,34.3113],[132.4337,34.3147],[132.4326,34.3201],[132.4409,34.3259]]],[[[132.4815,34.3469],[132.4855,34.3441],[132.4866,34.336],[132.4823,34.3307],[132.4807,34.3312],[132.4768,34.3458],[132.4815,34.3469]]],[[[132.46,34.3517],[132.463,34.3504],[132.4649,34.3424],[132.4631,34.3399],[132.4586,34.3436],[132.4578,34.3465],[132.46,34.3517]]],[[[132.5192,34.3565],[132.5103,34.3535],[132.519,34.3578],[132.5192,34.3565]]],[[[132.5192,34.3565],[132.5282,34.3601],[132.5381,34.3581],[132.5392,34.3615],[132.544,34.3646],[132.5452,34.3598],[132.549,34.3568],[132.5523,34.3504],[132.5543,34.3441],[132.5514,34.3398],[132.5518,34.3315],[132.5567,34.3229],[132.5561,34.3138],[132.5545,34.3128],[132.5365,34.3147],[132.5336,34.3164],[132.5329,34.3238],[132.5301,34.3336],[132.5279,34.3341],[132.5229,34.3418],[132.5192,34.3565]]],[[[132.355,34.3488],[132.3528,34.3531],[132.3501,34.3534],[132.3542,34.3538],[132.355,34.3488]]]]}},{"type":"Feature","properties":{"code":"40100","ja":"北九州市","pref":"fukuoka"},"geometry":{"type":"MultiPolygon","coordinates":[[[[130.9812,33.8106],[130.9745,33.8053],[130.9604,33.7907],[130.9577,33.7908],[130.9552,33.7868],[130.9533,33.7808],[130.9448,33.7778],[130.941,33.7782],[130.9337,33.7758],[130.9309,33.7786],[130.9268,33.7798],[130.9164,33.7749],[130.9166,33.7712],[130.9101,33.7668],[130.9118,33.7638],[130.9134,33.7567],[130.9095,33.751],[130.91,33.7488],[130.9072,33.746],[130.9022,33.7532],[130.8986,33.747],[130.897,33.7409],[130.8947,33.739],[130.8943,33.7341],[130.8918,33.7354],[130.8894,33.7425],[130.8782,33.7417],[130.8679,33.7342],[130.863,33.7363],[130.8551,33.7356],[130.8502,33.7332],[130.8474,33.7258],[130.8446,33.7244],[130.8376,33.7257],[130.8269,33.7238],[130.822,33.7212],[130.8209,33.7255],[130.8139,33.728],[130.8107,33.7335],[130.8056,33.7346],[130.804,33.742],[130.8048,33.7498],[130.8021,33.7511],[130.8022,33.7587],[130.7993,33.7651],[130.8024,33.7706],[130.7993,33.7768],[130.7948,33.7803],[130.7885,33.7798],[130.7845,33.7852],[130.7729,33.7865],[130.7682,33.7848],[130.7666,33.7824],[130.7681,33.7772],[130.7617,33.7733],[130.7574,33.7695],[130.7524,33.7698],[130.746,33.7721],[130.7381,33.7706],[130.7297,33.7744],[130.7248,33.7754],[130.7207,33.7741],[130.7144,33.7849],[130.714,33.7876],[130.7071,33.796],[130.7035,33.8012],[130.7067,33.8044],[130.7165,33.8073],[130.7217,33.8066],[130.7195,33.8018],[130.7252,33.8032],[130.731,33.8126],[130.7384,33.8137],[130.7431,33.816],[130.7428,33.82],[130.7338,33.8225],[130.7297,33.8254],[130.7288,33.8306],[130.7184,33.8344],[130.7208,33.8391],[130.7184,33.8441],[130.7131,33.8467],[130.7124,33.8493],[130.7061,33.8527],[130.7041,33.8576],[130.7006,33.8575],[130.6991,33.8623],[130.6954,33.8644],[130.6934,33.8677],[130.695,33.8721],[130.6924,33.8783],[130.6878,33.8804],[130.6824,33.8881],[130.6817,33.8888],[130.6853,33.8934],[130.6856,33.8974],[130.6795,33.9022],[130.6755,33.9068],[130.678,33.9122],[130.6767,33.9162],[130.6732,33.9187],[130.6825,33.9243],[130.6875,33.9344],[130.6923,33.9353],[130.6948,33.9376],[130.7011,33.9386],[130.7098,33.9375],[130.7127,33.9386],[130.7173,33.9376],[130.7223,33.9347],[130.7291,33.9343],[130.7324,33.9289],[130.738,33.927],[130.7395,33.9319],[130.7526,33.9319],[130.7526,33.9452],[130.7687,33.9473],[130.7688,33.9406],[130.76,33.9396],[130.7601,33.934],[130.7688,33.934],[130.7688,33.9291],[130.7578,33.9249],[130.7524,33.9259],[130.7515,33.9232],[130.757,33.9205],[130.7753,33.9272],[130.7775,33.9343],[130.8074,33.9316],[130.8065,33.9296],[130.8125,33.9264],[130.8159,33.9265],[130.8185,33.9229],[130.8174,33.917],[130.8097,33.918],[130.8102,33.9146],[130.8167,33.9142],[130.8143,33.9021],[130.8074,33.8997],[130.8003,33.8927],[130.7958,33.8903],[130.7854,33.8909],[130.7694,33.8892],[130.7756,33.8876],[130.7828,33.8885],[130.7837,33.8859],[130.7537,33.8781],[130.7503,33.8793],[130.7466,33.8863],[130.7444,33.8877],[130.7489,33.8779],[130.7498,33.874],[130.7823,33.882],[130.7822,33.8781],[130.7849,33.8826],[130.7973,33.8856],[130.8036,33.8906],[130.8047,33.8816],[130.8001,33.8754],[130.8057,33.8756],[130.8088,33.8788],[130.8069,33.8848],[130.8057,33.8917],[130.8069,33.8932],[130.816,33.8973],[130.8158,33.8997],[130.8227,33.9036],[130.8239,33.9067],[130.8216,33.9108],[130.8248,33.9205],[130.845,33.9279],[130.855,33.9295],[130.8575,33.9244],[130.8483,33.9193],[130.8504,33.9149],[130.8665,33.9205],[130.8691,33.9175],[130.852,33.91],[130.8511,33.9066],[130.8533,33.9038],[130.8569,33.9066],[130.8548,33.9087],[130.8718,33.9159],[130.8841,33.9052],[130.871,33.8993],[130.8736,33.8971],[130.8807,33.9002],[130.8878,33.9021],[130.8931,33.8962],[130.8841,33.8961],[130.8815,33.8919],[130.8881,33.8934],[130.8901,33.892],[130.8878,33.8885],[130.892,33.8881],[130.8947,33.8921],[130.9012,33.8907],[130.9055,33.8942],[130.9151,33.8958],[130.9171,33.8961],[130.9262,33.9027],[130.9318,33.9078],[130.9394,33.9226],[130.9412,33.9242],[130.9425,33.9317],[130.9462,33.9384],[130.9546,33.9421],[130.9624,33.9477],[130.9617,33.9567],[130.963,33.9622],[130.9708,33.9614],[130.9745,33.9591],[130.9923,33.9617],[131.0021,33.9699],[131.0083,33.9677],[131.0053,33.9652],[131.0065,33.9621],[131.0109,33.9655],[131.0201,33.9623],[131.024,33.9577],[131.0184,33.9511],[131.0219,33.9472],[131.021,33.9419],[131.0108,33.9419],[131.008,33.9343],[131.0106,33.9303],[131.0014,33.9246],[131.0014,33.9222],[131.0074,33.9215],[131.0146,33.9193],[131.0132,33.9158],[131.0052,33.9153],[131.0019,33.9096],[131.0044,33.904],[130.9999,33.9035],[130.9969,33.9073],[130.9938,33.9054],[130.9936,33.9023],[130.9886,33.9003],[130.9908,33.8958],[131.002,33.892],[131.004,33.8895],[130.9998,33.8736],[130.994,33.8751],[130.9936,33.8792],[130.9952,33.8851],[130.9906,33.8856],[130.9894,33.8801],[130.9866,33.8815],[130.9869,33.8722],[130.9821,33.867],[130.9843,33.8639],[130.9888,33.8687],[130.9982,33.8683],[130.9935,33.851],[130.9879,33.8508],[130.983,33.8455],[130.9774,33.8445],[130.9763,33.8344],[130.9633,33.8377],[130.9604,33.839],[130.9567,33.8296],[130.9636,33.8172],[130.9666,33.8094],[130.98,33.8119],[130.9812,33.8106]]],[[[130.8088,33.9487],[130.812,33.9479],[130.8143,33.9434],[130.8323,33.9499],[130.845,33.9392],[130.8315,33.9344],[130.8222,33.9304],[130.8145,33.9342],[130.8098,33.9326],[130.7842,33.935],[130.7841,33.9405],[130.7774,33.9405],[130.7774,33.9461],[130.7996,33.9461],[130.8088,33.9487]]],[[[130.7255,34.019],[130.727,34.0155],[130.7316,34.0162],[130.7287,34.0087],[130.7243,34.012],[130.7221,34.0166],[130.7255,34.019]]],[[[130.8132,34.0012],[130.8165,34.0005],[130.8167,33.9974],[130.8201,33.9947],[130.8226,33.9871],[130.8173,33.9892],[130.8136,33.9961],[130.8094,33.9992],[130.8132,34.0012]]],[[[131.039,33.8356],[131.0292,33.8342],[131.0246,33.8566],[131.0343,33.858],[131.039,33.8356]]]]}},{"type":"Feature","properties":{"code":"40130","ja":"福岡市","pref":"fukuoka"},"geometry":{"type":"MultiPolygon","coordinates":[[[[130.3017,33.6384],[130.3078,33.635],[130.3076,33.6299],[130.3136,33.623],[130.3139,33.616],[130.3088,33.6117],[130.3077,33.6085],[130.3012,33.6071],[130.2978,33.6087],[130.2951,33.6179],[130.2976,33.6201],[130.2995,33.627],[130.298,33.6307],[130.2984,33.6359],[130.3017,33.6384]]],[[[130.1978,33.6398],[130.2012,33.6429],[130.2002,33.6451],[130.2066,33.6466],[130.2092,33.6536],[130.2074,33.6562],[130.2063,33.6637],[130.2101,33.6675],[130.2215,33.6593],[130.2309,33.6555],[130.2325,33.6514],[130.2371,33.6488],[130.2346,33.6441],[130.229,33.6421],[130.229,33.6381],[130.225,33.6367],[130.2249,33.6321],[130.2297,33.6261],[130.2293,33.6229],[130.2324,33.6189],[130.2318,33.6169],[130.2378,33.6138],[130.2466,33.6117],[130.262,33.6108],[130.2661,33.6127],[130.2735,33.6115],[130.275,33.6098],[130.2736,33.6032],[130.2708,33.5961],[130.266,33.5974],[130.2625,33.6028],[130.2507,33.5999],[130.2519,33.5967],[130.26,33.5912],[130.2644,33.594],[130.2668,33.5869],[130.2729,33.5826],[130.2799,33.5809],[130.285,33.581],[130.2865,33.5832],[130.2926,33.5801],[130.3038,33.5834],[130.3119,33.588],[130.3114,33.5904],[130.3136,33.5981],[130.3234,33.5985],[130.3237,33.5937],[130.3273,33.5937],[130.3297,33.5987],[130.3321,33.5975],[130.3431,33.5957],[130.3529,33.5952],[130.3565,33.5967],[130.3594,33.5968],[130.3691,33.6016],[130.3718,33.6007],[130.3736,33.6051],[130.3813,33.6027],[130.383,33.5969],[130.3857,33.5942],[130.3932,33.5973],[130.3883,33.6017],[130.3847,33.6075],[130.39,33.6098],[130.3945,33.6023],[130.397,33.6034],[130.402,33.6051],[130.3959,33.6103],[130.3996,33.6137],[130.4013,33.6185],[130.4045,33.6194],[130.414,33.617],[130.4124,33.6205],[130.4036,33.623],[130.4054,33.629],[130.4082,33.6295],[130.4096,33.6329],[130.4041,33.6345],[130.4073,33.6425],[130.4113,33.6438],[130.4206,33.6412],[130.4218,33.6467],[130.4169,33.6492],[130.4134,33.648],[130.4064,33.6499],[130.4051,33.6522],[130.4255,33.6606],[130.4325,33.6591],[130.4345,33.6623],[130.4334,33.6658],[130.4303,33.6673],[130.4256,33.675],[130.4319,33.6786],[130.4326,33.6826],[130.4305,33.6868],[130.4185,33.6864],[130.4149,33.6841],[130.4088,33.6836],[130.4036,33.6811],[130.4028,33.6792],[130.4051,33.6747],[130.3985,33.671],[130.3938,33.6696],[130.3848,33.6685],[130.3684,33.6651],[130.3637,33.66],[130.3603,33.6583],[130.359,33.6485],[130.3613,33.6442],[130.3545,33.6443],[130.3501,33.6485],[130.3459,33.6492],[130.3394,33.6519],[130.3338,33.6494],[130.325,33.6602],[130.3354,33.6604],[130.3462,33.6619],[130.3532,33.6658],[130.3673,33.6693],[130.3732,33.6716],[130.3869,33.6788],[130.3997,33.6873],[130.4057,33.6936],[130.4103,33.6969],[130.4163,33.7028],[130.4159,33.7067],[130.418,33.7125],[130.4306,33.7082],[130.4413,33.6988],[130.4439,33.7],[130.4479,33.6977],[130.4483,33.6922],[130.4501,33.6904],[130.4552,33.6796],[130.4603,33.6805],[130.4641,33.6829],[130.4688,33.6796],[130.4672,33.6735],[130.4706,33.67],[130.469,33.6672],[130.4796,33.6538],[130.4791,33.6488],[130.485,33.6496],[130.4873,33.6473],[130.4905,33.6494],[130.4946,33.6464],[130.4922,33.6419],[130.4943,33.6347],[130.4946,33.6319],[130.4858,33.6268],[130.4825,33.6303],[130.4752,33.6343],[130.4722,33.6372],[130.4664,33.6308],[130.4597,33.6288],[130.4571,33.6245],[130.4541,33.6249],[130.4516,33.6189],[130.4411,33.6127],[130.4448,33.6089],[130.4424,33.6067],[130.4423,33.6064],[130.4506,33.6024],[130.4555,33.5962],[130.4593,33.5969],[130.4635,33.5913],[130.4693,33.5871],[130.4775,33.5777],[130.4794,33.5726],[130.4773,33.5673],[130.4817,33.5649],[130.4857,33.5603],[130.4857,33.5602],[130.4779,33.5525],[130.4738,33.5532],[130.4667,33.5628],[130.4622,33.5607],[130.4693,33.5531],[130.4709,33.5495],[130.4684,33.5479],[130.4711,33.5441],[130.4687,33.5421],[130.469,33.5379],[130.4634,33.5358],[130.4596,33.5394],[130.4522,33.5489],[130.4461,33.5478],[130.4397,33.5429],[130.4403,33.5377],[130.443,33.5333],[130.4402,33.5302],[130.4358,33.5289],[130.4374,33.5253],[130.434,33.5229],[130.4284,33.5227],[130.4268,33.5304],[130.4208,33.5278],[130.4165,33.5235],[130.4125,33.5246],[130.4108,33.5222],[130.4064,33.5209],[130.4039,33.5185],[130.4039,33.5135],[130.3985,33.5131],[130.3961,33.5071],[130.3936,33.5063],[130.3859,33.5071],[130.3821,33.5055],[130.3772,33.5082],[130.3713,33.5048],[130.3783,33.4975],[130.3814,33.4872],[130.3813,33.4804],[130.383,33.4753],[130.388,33.4665],[130.3858,33.4621],[130.3879,33.4548],[130.3934,33.4513],[130.3993,33.4488],[130.3988,33.4453],[130.4044,33.4406],[130.4031,33.4381],[130.396,33.4403],[130.3962,33.4274],[130.3912,33.4261],[130.3874,33.4281],[130.3782,33.425],[130.3753,33.4302],[130.3706,33.4332],[130.3635,33.4349],[130.3558,33.4332],[130.3454,33.445],[130.3398,33.4446],[130.3364,33.4452],[130.335,33.4504],[130.3319,33.4513],[130.3196,33.4587],[130.3138,33.4581],[130.3111,33.462],[130.3057,33.4632],[130.3032,33.4613],[130.2959,33.4636],[130.2912,33.4695],[130.2883,33.4696],[130.2767,33.4789],[130.2721,33.4794],[130.2735,33.4837],[130.2727,33.4882],[130.276,33.4895],[130.2719,33.4951],[130.2778,33.5016],[130.2795,33.5066],[130.2856,33.5071],[130.2918,33.513],[130.2922,33.5191],[130.2882,33.5226],[130.2873,33.5263],[130.2892,33.5313],[130.2887,33.5387],[130.2838,33.5395],[130.2776,33.5441],[130.2697,33.5472],[130.2664,33.55],[130.2656,33.5565],[130.2575,33.5552],[130.2545,33.5578],[130.2497,33.5561],[130.2452,33.5577],[130.2404,33.5517],[130.2362,33.5554],[130.2393,33.559],[130.2366,33.5664],[130.2393,33.5675],[130.241,33.5731],[130.2377,33.5805],[130.2345,33.5815],[130.2298,33.5803],[130.2266,33.5814],[130.2226,33.5794],[130.2192,33.5806],[130.2159,33.5853],[130.2118,33.589],[130.2097,33.5966],[130.2074,33.5978],[130.2104,33.6018],[130.2101,33.6061],[130.2059,33.6096],[130.2074,33.6126],[130.2059,33.6152],[130.2049,33.6228],[130.2067,33.6286],[130.2039,33.6318],[130.204,33.6353],[130.1978,33.6398]]],[[[130.229,33.6946],[130.2349,33.6931],[130.2377,33.6898],[130.2374,33.6843],[130.2328,33.6828],[130.2272,33.6866],[130.2242,33.6914],[130.229,33.6946]]],[[[130.0363,33.8741],[130.0385,33.8688],[130.037,33.8625],[130.033,33.8665],[130.0363,33.8741]]],[[[130.4212,33.6754],[130.4249,33.672],[130.4282,33.6652],[130.4261,33.6619],[130.4175,33.6583],[130.4141,33.6614],[130.4017,33.6564],[130.3982,33.6555],[130.3942,33.6622],[130.3952,33.6647],[130.4018,33.6674],[130.4158,33.6752],[130.4212,33.6754]]],[[[130.2996,33.6895],[130.3033,33.6877],[130.31,33.6786],[130.3159,33.6661],[130.316,33.6617],[130.3079,33.6592],[130.2985,33.6603],[130.2977,33.6626],[130.2897,33.6712],[130.2888,33.6779],[130.286,33.6795],[130.2901,33.6849],[130.2901,33.6877],[130.2946,33.6876],[130.2996,33.6895]]]]}},{"type":"Feature","properties":{"code":"43100","ja":"熊本市","pref":"kumamoto"},"geometry":{"type":"MultiPolygon","coordinates":[[[[130.8278,32.8253],[130.829,32.8154],[130.8207,32.8143],[130.8156,32.8154],[130.8088,32.8123],[130.8061,32.8058],[130.7872,32.7996],[130.783,32.8051],[130.7781,32.8045],[130.7834,32.7964],[130.7823,32.7943],[130.784,32.7897],[130.7814,32.7848],[130.7846,32.7845],[130.7876,32.7787],[130.7915,32.7779],[130.7955,32.7699],[130.7783,32.7634],[130.7707,32.763],[130.7705,32.7604],[130.7646,32.7603],[130.7611,32.7644],[130.7544,32.7622],[130.7531,32.7595],[130.7465,32.7538],[130.7289,32.7503],[130.7271,32.749],[130.7258,32.7434],[130.7197,32.7454],[130.7155,32.7432],[130.7125,32.7382],[130.7067,32.7407],[130.7015,32.7396],[130.6994,32.7434],[130.6954,32.7371],[130.6995,32.7358],[130.7081,32.7363],[130.7139,32.7354],[130.7247,32.7371],[130.7382,32.7351],[130.7472,32.7349],[130.7519,32.7332],[130.757,32.7283],[130.7596,32.7233],[130.7597,32.7203],[130.7618,32.7116],[130.7595,32.7097],[130.7533,32.7087],[130.7537,32.6997],[130.7647,32.6926],[130.7642,32.6865],[130.7705,32.6831],[130.7724,32.678],[130.7753,32.6757],[130.774,32.6726],[130.7778,32.6674],[130.7769,32.6661],[130.7686,32.6665],[130.7636,32.668],[130.7591,32.6665],[130.7527,32.6661],[130.7515,32.6727],[130.7476,32.6742],[130.7461,32.6686],[130.742,32.664],[130.7342,32.661],[130.7337,32.6671],[130.7284,32.6706],[130.7252,32.6758],[130.7196,32.6781],[130.7167,32.6811],[130.716,32.6846],[130.7099,32.6884],[130.7073,32.6878],[130.6989,32.6897],[130.6971,32.6929],[130.69,32.691],[130.6837,32.6957],[130.6816,32.6941],[130.6713,32.6956],[130.6688,32.7025],[130.666,32.7035],[130.6639,32.707],[130.6594,32.7063],[130.6549,32.7107],[130.65,32.7129],[130.644,32.7173],[130.6427,32.7148],[130.637,32.7112],[130.6306,32.709],[130.6273,32.7094],[130.616,32.7142],[130.6076,32.7158],[130.6051,32.7217],[130.6063,32.7308],[130.6037,32.7312],[130.6074,32.7425],[130.6054,32.7455],[130.6043,32.7529],[130.6062,32.7543],[130.6035,32.7566],[130.5995,32.7669],[130.5999,32.7725],[130.598,32.7732],[130.5984,32.7781],[130.6032,32.7787],[130.6034,32.7845],[130.6075,32.79],[130.6144,32.7926],[130.6125,32.7958],[130.6042,32.8012],[130.6049,32.8058],[130.6003,32.8111],[130.5958,32.8106],[130.5919,32.8138],[130.5936,32.8166],[130.5924,32.8239],[130.5878,32.827],[130.5819,32.8266],[130.5784,32.8289],[130.5818,32.8323],[130.5777,32.8395],[130.579,32.8415],[130.5715,32.8488],[130.5732,32.8527],[130.5964,32.8465],[130.6005,32.8475],[130.6132,32.8431],[130.6221,32.8447],[130.6222,32.8483],[130.6253,32.8525],[130.6308,32.8538],[130.6263,32.862],[130.6321,32.8624],[130.6349,32.861],[130.6385,32.865],[130.6398,32.8734],[130.6427,32.8756],[130.6421,32.8786],[130.6449,32.8849],[130.652,32.888],[130.6494,32.8926],[130.648,32.9003],[130.6497,32.9028],[130.6466,32.908],[130.6391,32.9155],[130.6372,32.9162],[130.6419,32.9239],[130.6389,32.9255],[130.6462,32.9316],[130.6516,32.9322],[130.655,32.9352],[130.662,32.9342],[130.6671,32.937],[130.6708,32.9498],[130.6737,32.9523],[130.6916,32.9595],[130.6965,32.9549],[130.7012,32.9596],[130.7039,32.9681],[130.7093,32.9733],[130.7092,32.977],[130.7185,32.9746],[130.7246,32.977],[130.7336,32.972],[130.7282,32.9659],[130.7299,32.959],[130.7284,32.9442],[130.7307,32.939],[130.7307,32.9338],[130.7289,32.9311],[130.7297,32.9276],[130.725,32.9177],[130.7221,32.907],[130.7229,32.9005],[130.7199,32.897],[130.7242,32.8879],[130.7301,32.8881],[130.7299,32.8798],[130.7323,32.8787],[130.7309,32.8721],[130.7309,32.862],[130.7256,32.8537],[130.7264,32.8515],[130.7317,32.8516],[130.7409,32.8538],[130.7485,32.8579],[130.7521,32.8554],[130.7601,32.8573],[130.7593,32.8523],[130.765,32.8543],[130.768,32.8569],[130.7763,32.8579],[130.7796,32.8564],[130.7874,32.8583],[130.7905,32.8534],[130.7935,32.8544],[130.7976,32.8523],[130.8048,32.8522],[130.8065,32.8432],[130.8057,32.8394],[130.8076,32.8374],[130.8179,32.8389],[130.8206,32.8385],[130.828,32.8312],[130.8278,32.8253]]],[[[130.593,32.7687],[130.5934,32.7653],[130.591,32.7629],[130.5825,32.7635],[130.5732,32.7628],[130.5741,32.7684],[130.5843,32.7692],[130.593,32.7687]]]]}}]}
