{"type":"FeatureCollection","features":[{"type":"Feature","properties":{"ja":"足立区"},"geometry":{"type":"Polygon","coordinates":[[[139.82105,35.81508],[139.82168,35.81489],[139.8226,35.81451],[139.82291,35.81437],[139.82298,35.81434],[139.82298,35.81434],[139.82319,35.81424],[139.82335,35.81417],[139.82339,35.81415],[139.8234,35.81414],[139.82341,35.81413],[139.82368,35.81388],[139.8241,35.81323],[139.8242,35.81307],[139.82423,35.81303],[139.82429,35.81293],[139.82468,35.81233],[139.82478,35.81215],[139.82492,35.81191],[139.82492,35.81179],[139.82492,35.81147],[139.82487,35.8111],[139.82485,35.811],[139.82483,35.81097],[139.82478,35.81089],[139.82476,35.81085],[139.82471,35.81076],[139.82464,35.81065],[139.82392,35.8101],[139.82369,35.80994],[139.82358,35.80986],[139.8234,35.80973],[139.82315,35.80957],[139.82301,35.80947],[139.82301,35.80947],[139.82292,35.80941],[139.82281,35.80918],[139.82281,35.80917],[139.8225,35.80844],[139.82249,35.80842],[139.82241,35.80829],[139.82205,35.80771],[139.82151,35.80684],[139.82115,35.80632],[139.82093,35.80589],[139.82086,35.80576],[139.82075,35.80554],[139.82071,35.80535],[139.82065,35.80505],[139.82052,35.80438],[139.8203,35.80319],[139.82022,35.8026],[139.82018,35.80218],[139.82018,35.80216],[139.82018,35.80215],[139.82027,35.80161],[139.82031,35.80127],[139.82031,35.80102],[139.82027,35.80092],[139.82023,35.80083],[139.82019,35.80072],[139.81988,35.8002],[139.81982,35.80003],[139.81975,35.79982],[139.81964,35.79959],[139.81962,35.79937],[139.81962,35.79934],[139.81962,35.79933],[139.81964,35.79922],[139.81967,35.79898],[139.81984,35.79861],[139.8201,35.79811],[139.82019,35.79798],[139.82022,35.79793],[139.82048,35.79754],[139.82071,35.7973],[139.82091,35.79709],[139.82106,35.79693],[139.82121,35.79675],[139.82138,35.79661],[139.82183,35.79621],[139.82209,35.79598],[139.82247,35.79565],[139.82277,35.79546],[139.82332,35.79525],[139.82352,35.79518],[139.82405,35.79505],[139.82444,35.79495],[139.82448,35.7949],[139.82464,35.79474],[139.82465,35.79472],[139.82465,35.79471],[139.8247,35.7946],[139.82488,35.79418],[139.82507,35.79394],[139.82547,35.79366],[139.82605,35.79336],[139.82641,35.79338],[139.82697,35.79351],[139.82728,35.79366],[139.82729,35.79366],[139.82744,35.79374],[139.82756,35.79379],[139.82762,35.79381],[139.82765,35.79382],[139.82788,35.79389],[139.82805,35.79394],[139.82827,35.79401],[139.8284,35.79405],[139.82884,35.79411],[139.82884,35.79411],[139.82924,35.79417],[139.82956,35.79426],[139.82977,35.79433],[139.83053,35.79454],[139.83085,35.79463],[139.83175,35.79509],[139.83178,35.79511],[139.83258,35.79558],[139.83276,35.79568],[139.83302,35.79591],[139.83361,35.79664],[139.83389,35.79706],[139.83395,35.79715],[139.83414,35.79744],[139.83456,35.79792],[139.83474,35.79807],[139.83495,35.79826],[139.83546,35.79865],[139.83559,35.79878],[139.83572,35.79892],[139.8358,35.79901],[139.8359,35.79915],[139.8361,35.79948],[139.83632,35.7998],[139.83656,35.8001],[139.83661,35.80016],[139.8367,35.80026],[139.8368,35.80036],[139.8369,35.80046],[139.83703,35.80054],[139.83721,35.80064],[139.83757,35.80074],[139.838,35.80081],[139.83836,35.8008],[139.83868,35.80079],[139.83885,35.80077],[139.83931,35.80072],[139.83943,35.80071],[139.83951,35.8007],[139.83952,35.8007],[139.84034,35.80052],[139.8411,35.80031],[139.8419,35.80018],[139.84232,35.80012],[139.84277,35.80002],[139.84282,35.8],[139.84319,35.79987],[139.84338,35.7998],[139.84387,35.79949],[139.84434,35.79906],[139.84479,35.79861],[139.84527,35.79814],[139.84553,35.79788],[139.84557,35.79784],[139.84585,35.79754],[139.84587,35.79752],[139.84631,35.79704],[139.84633,35.79702],[139.8464,35.79694],[139.84661,35.7967],[139.84674,35.79651],[139.84673,35.7965],[139.84579,35.79576],[139.84563,35.79564],[139.84513,35.79527],[139.84504,35.79517],[139.84472,35.79482],[139.84465,35.79474],[139.84444,35.79432],[139.84426,35.79385],[139.84425,35.79379],[139.84425,35.79377],[139.84422,35.79359],[139.84421,35.79345],[139.84419,35.79274],[139.84421,35.792],[139.84422,35.79195],[139.84423,35.79186],[139.84431,35.79124],[139.84432,35.79119],[139.84445,35.79062],[139.84452,35.79036],[139.8448,35.78926],[139.84511,35.78815],[139.84526,35.78771],[139.84545,35.78729],[139.84576,35.78663],[139.8464,35.78521],[139.84713,35.78368],[139.84722,35.78349],[139.8476,35.78275],[139.8476,35.78275],[139.84805,35.78187],[139.84815,35.78172],[139.84853,35.78115],[139.84899,35.78052],[139.84966,35.77968],[139.85014,35.77916],[139.85043,35.77885],[139.85059,35.77868],[139.85076,35.77851],[139.8521,35.77716],[139.85224,35.77702],[139.8536,35.77558],[139.85431,35.77482],[139.85451,35.7746],[139.85554,35.77345],[139.85628,35.77258],[139.85645,35.77238],[139.85681,35.77196],[139.85689,35.77187],[139.85721,35.77149],[139.85752,35.77112],[139.85776,35.77083],[139.85782,35.77073],[139.85802,35.77041],[139.85823,35.77002],[139.85849,35.76935],[139.85853,35.76926],[139.85864,35.76886],[139.85872,35.76847],[139.85877,35.76814],[139.8588,35.76791],[139.85877,35.76769],[139.85872,35.76743],[139.85859,35.76693],[139.85845,35.76649],[139.8584,35.7664],[139.85838,35.76635],[139.8583,35.76619],[139.85807,35.76587],[139.85753,35.76531],[139.85657,35.76443],[139.85642,35.76444],[139.85641,35.76444],[139.85596,35.76463],[139.85578,35.76471],[139.85565,35.76477],[139.85552,35.76483],[139.85546,35.76485],[139.85526,35.76495],[139.85512,35.76502],[139.85497,35.76508],[139.85493,35.7651],[139.85484,35.76514],[139.85443,35.76524],[139.85438,35.76525],[139.85433,35.76526],[139.85411,35.76532],[139.85396,35.76535],[139.85382,35.76538],[139.85338,35.76553],[139.85293,35.76563],[139.8523,35.76573],[139.85218,35.76575],[139.85214,35.76583],[139.85211,35.7659],[139.85205,35.76602],[139.85198,35.76618],[139.85194,35.76626],[139.85189,35.76638],[139.85187,35.76642],[139.85184,35.76649],[139.85169,35.76687],[139.85168,35.7669],[139.85166,35.76694],[139.85164,35.76699],[139.85162,35.76727],[139.85161,35.76731],[139.8516,35.76746],[139.85158,35.76765],[139.85158,35.7677],[139.85157,35.76772],[139.85157,35.76777],[139.85157,35.7678],[139.85156,35.76782],[139.85153,35.76813],[139.85144,35.7688],[139.85144,35.76883],[139.85143,35.76887],[139.85133,35.76959],[139.8513,35.76988],[139.85103,35.76982],[139.85097,35.76981],[139.85078,35.76978],[139.85074,35.76977],[139.85037,35.76973],[139.85006,35.76969],[139.85001,35.76969],[139.84996,35.76968],[139.84949,35.76963],[139.84936,35.76962],[139.84931,35.76962],[139.84927,35.76962],[139.84893,35.76961],[139.84874,35.7696],[139.84862,35.7696],[139.84851,35.76959],[139.84837,35.76959],[139.84792,35.76951],[139.8479,35.76951],[139.84786,35.7695],[139.84782,35.7695],[139.84711,35.76944],[139.84693,35.76945],[139.84688,35.76945],[139.84684,35.76945],[139.84628,35.76947],[139.84611,35.76949],[139.84606,35.76949],[139.84602,35.76949],[139.84579,35.76952],[139.84545,35.76942],[139.84518,35.7693],[139.8451,35.76926],[139.84509,35.76926],[139.845,35.76922],[139.8449,35.76916],[139.84458,35.76898],[139.84406,35.76871],[139.84359,35.76839],[139.84326,35.76812],[139.84272,35.76762],[139.84244,35.76729],[139.84231,35.76709],[139.84229,35.76705],[139.84214,35.7668],[139.84205,35.76661],[139.84204,35.7666],[139.84196,35.76655],[139.84196,35.76654],[139.84192,35.76652],[139.84169,35.76644],[139.84167,35.76644],[139.84156,35.76644],[139.84142,35.76643],[139.84047,35.7664],[139.84,35.76636],[139.83996,35.76636],[139.83985,35.76635],[139.83923,35.76633],[139.83872,35.76628],[139.8385,35.76625],[139.83846,35.76625],[139.8383,35.76623],[139.83808,35.76614],[139.83782,35.76597],[139.83767,35.76576],[139.83764,35.76566],[139.83762,35.76553],[139.83758,35.76509],[139.83757,35.76497],[139.83753,35.76481],[139.83746,35.76459],[139.83754,35.76445],[139.83767,35.76426],[139.83763,35.7637],[139.83757,35.76343],[139.83755,35.76339],[139.83748,35.76321],[139.83747,35.76319],[139.83626,35.76306],[139.83586,35.76301],[139.83582,35.76305],[139.83566,35.76319],[139.83549,35.76335],[139.83546,35.76337],[139.8349,35.76331],[139.83446,35.76331],[139.83407,35.76336],[139.83401,35.76337],[139.83389,35.76339],[139.83329,35.76357],[139.8332,35.7636],[139.83294,35.76368],[139.8326,35.76378],[139.83234,35.76384],[139.83211,35.76383],[139.83192,35.76379],[139.83173,35.76371],[139.83153,35.76353],[139.83128,35.7632],[139.83101,35.76275],[139.831,35.76274],[139.83093,35.76239],[139.83092,35.76236],[139.83091,35.76232],[139.8309,35.76227],[139.83091,35.76215],[139.83091,35.76208],[139.83092,35.762],[139.83094,35.76172],[139.83094,35.76169],[139.83096,35.76152],[139.83097,35.76148],[139.831,35.7612],[139.83101,35.76083],[139.83101,35.76079],[139.83101,35.76076],[139.83101,35.76062],[139.83101,35.76001],[139.83101,35.75997],[139.83101,35.75994],[139.83101,35.75986],[139.831,35.75908],[139.83093,35.75882],[139.83086,35.7587],[139.83085,35.75867],[139.83083,35.75864],[139.83083,35.75863],[139.83077,35.75854],[139.83063,35.75834],[139.8304,35.75809],[139.83018,35.75788],[139.82986,35.75766],[139.82929,35.7575],[139.82927,35.75749],[139.82905,35.75743],[139.82864,35.75732],[139.8284,35.75733],[139.82809,35.75733],[139.82792,35.75733],[139.82755,35.75735],[139.82721,35.75747],[139.82594,35.7579],[139.82586,35.75796],[139.82577,35.75803],[139.8257,35.75812],[139.82568,35.75816],[139.82562,35.75825],[139.82542,35.75913],[139.82544,35.75926],[139.82544,35.75929],[139.82545,35.75933],[139.82546,35.75937],[139.82548,35.75944],[139.82552,35.75956],[139.82555,35.75964],[139.82557,35.75969],[139.82566,35.7599],[139.82586,35.76034],[139.82593,35.76051],[139.82594,35.76055],[139.82598,35.76064],[139.82607,35.76087],[139.82607,35.76088],[139.82613,35.76104],[139.82615,35.76117],[139.82615,35.7612],[139.82619,35.76151],[139.82624,35.76169],[139.82637,35.76171],[139.82641,35.76172],[139.82645,35.76172],[139.82665,35.76176],[139.82677,35.76178],[139.82693,35.76186],[139.82699,35.76196],[139.82697,35.76209],[139.8266,35.76204],[139.82649,35.76203],[139.82638,35.76202],[139.82633,35.76201],[139.82602,35.76198],[139.82541,35.76191],[139.82533,35.7619],[139.82528,35.76189],[139.82517,35.76188],[139.82512,35.76187],[139.82441,35.76179],[139.82437,35.76179],[139.82438,35.76154],[139.82439,35.76145],[139.82439,35.76142],[139.82439,35.76136],[139.82437,35.76121],[139.82433,35.76096],[139.82432,35.76092],[139.82426,35.76048],[139.82425,35.76043],[139.82423,35.7603],[139.82421,35.76021],[139.82419,35.76008],[139.82417,35.75995],[139.82415,35.75983],[139.82406,35.75928],[139.82405,35.75924],[139.82403,35.7591],[139.82401,35.75897],[139.82399,35.75888],[139.82398,35.75882],[139.82396,35.75872],[139.82396,35.75869],[139.82392,35.75848],[139.82386,35.75808],[139.82374,35.75721],[139.82371,35.75705],[139.82369,35.75692],[139.82367,35.75677],[139.82364,35.7566],[139.82362,35.75642],[139.82354,35.75587],[139.82339,35.75582],[139.82275,35.75563],[139.82259,35.75558],[139.82134,35.75578],[139.82118,35.7558],[139.82106,35.75582],[139.82086,35.75585],[139.82086,35.75585],[139.82086,35.75585],[139.82079,35.75586],[139.82064,35.75589],[139.82059,35.7559],[139.82049,35.75591],[139.82039,35.75593],[139.82038,35.75593],[139.82033,35.75594],[139.82025,35.75598],[139.82018,35.75662],[139.81989,35.75903],[139.81984,35.75943],[139.81973,35.76045],[139.8196,35.76045],[139.81954,35.76044],[139.81931,35.76044],[139.81895,35.76043],[139.81876,35.76042],[139.81865,35.76042],[139.81834,35.7604],[139.81791,35.76034],[139.8177,35.7603],[139.81752,35.76026],[139.81725,35.76021],[139.8172,35.76048],[139.8172,35.76049],[139.81718,35.76062],[139.81717,35.76066],[139.81716,35.76073],[139.81712,35.76072],[139.81674,35.76061],[139.81598,35.76039],[139.81592,35.76037],[139.81582,35.76034],[139.81568,35.7603],[139.8155,35.76025],[139.81532,35.7602],[139.81518,35.76015],[139.81507,35.76012],[139.81494,35.76008],[139.81479,35.76003],[139.81442,35.75992],[139.81397,35.75979],[139.81354,35.75967],[139.81338,35.75957],[139.81327,35.7593],[139.81321,35.75902],[139.81321,35.75893],[139.81322,35.75866],[139.81326,35.75834],[139.81325,35.75811],[139.81322,35.75772],[139.81322,35.75751],[139.81322,35.75744],[139.81322,35.75741],[139.81326,35.75725],[139.8133,35.75719],[139.8134,35.75704],[139.81344,35.75691],[139.81346,35.75674],[139.81346,35.75647],[139.81345,35.75635],[139.81344,35.75618],[139.81331,35.75553],[139.81328,35.75526],[139.81327,35.7552],[139.81329,35.75502],[139.81332,35.75482],[139.81337,35.75464],[139.81346,35.75447],[139.81359,35.75432],[139.81397,35.75396],[139.81419,35.75382],[139.81456,35.75364],[139.81488,35.75346],[139.8148,35.75323],[139.81453,35.75234],[139.81494,35.75187],[139.81532,35.75143],[139.81608,35.75055],[139.81716,35.74914],[139.81792,35.748],[139.81825,35.74744],[139.81902,35.74603],[139.81916,35.74576],[139.8196,35.74496],[139.82022,35.74371],[139.82036,35.74343],[139.81844,35.74274],[139.81842,35.74273],[139.81831,35.74269],[139.81812,35.74262],[139.81811,35.74262],[139.81794,35.74252],[139.8178,35.74243],[139.81725,35.74209],[139.81669,35.74156],[139.81658,35.74147],[139.81602,35.74076],[139.81587,35.74054],[139.81556,35.74008],[139.81524,35.7396],[139.81449,35.73881],[139.81425,35.73964],[139.81406,35.73998],[139.81369,35.74032],[139.81303,35.74074],[139.81221,35.74096],[139.81157,35.74107],[139.8106,35.74112],[139.80993,35.74104],[139.8091,35.74086],[139.8082,35.74054],[139.80748,35.74027],[139.8042,35.73916],[139.80244,35.73863],[139.80204,35.73857],[139.80166,35.73859],[139.80143,35.7386],[139.80134,35.73862],[139.80045,35.73878],[139.79768,35.73929],[139.79761,35.7393],[139.7976,35.73931],[139.79749,35.73932],[139.79735,35.73935],[139.7973,35.73936],[139.79718,35.73938],[139.79551,35.73969],[139.7948,35.73983],[139.79411,35.74007],[139.79328,35.74037],[139.79242,35.74078],[139.79176,35.74121],[139.7911,35.74169],[139.79047,35.74228],[139.78997,35.74285],[139.78935,35.74377],[139.78909,35.74416],[139.78893,35.7444],[139.78868,35.74491],[139.78853,35.7454],[139.78851,35.74555],[139.78847,35.74579],[139.78846,35.74595],[139.78844,35.7463],[139.78847,35.74649],[139.78851,35.74667],[139.78868,35.74703],[139.78876,35.7471],[139.78905,35.74736],[139.7896,35.74774],[139.79054,35.7482],[139.7909,35.74849],[139.79112,35.74911],[139.79123,35.74965],[139.79122,35.74998],[139.79112,35.7503],[139.79087,35.75077],[139.7906,35.75113],[139.79012,35.75162],[139.78945,35.75212],[139.78879,35.75251],[139.78803,35.75277],[139.78755,35.75292],[139.78655,35.75323],[139.78638,35.75329],[139.78623,35.75335],[139.78603,35.75342],[139.78526,35.75367],[139.78486,35.7538],[139.78469,35.75385],[139.78466,35.75386],[139.78443,35.75392],[139.78398,35.75404],[139.78376,35.75406],[139.78339,35.75411],[139.78306,35.75413],[139.78298,35.75413],[139.78285,35.75414],[139.78247,35.75415],[139.78185,35.75412],[139.78071,35.75409],[139.78,35.75403],[139.77993,35.75403],[139.7798,35.75402],[139.77876,35.75392],[139.77752,35.75381],[139.77746,35.7538],[139.7761,35.75368],[139.77515,35.75365],[139.77474,35.75364],[139.77391,35.75364],[139.7735,35.75364],[139.77165,35.75361],[139.77035,35.75365],[139.77,35.75367],[139.76951,35.75369],[139.76894,35.75372],[139.7682,35.75376],[139.76738,35.7538],[139.76674,35.75384],[139.76609,35.75388],[139.76514,35.75395],[139.76441,35.754],[139.7627,35.75419],[139.76246,35.75422],[139.76156,35.75433],[139.76155,35.75433],[139.76066,35.75444],[139.75796,35.75486],[139.75786,35.75487],[139.75733,35.75497],[139.75612,35.75518],[139.75468,35.75542],[139.7537,35.75559],[139.75296,35.75569],[139.75179,35.75595],[139.75121,35.75607],[139.75055,35.75626],[139.75047,35.7563],[139.75006,35.75646],[139.74967,35.75668],[139.74928,35.75689],[139.74906,35.75704],[139.74881,35.75729],[139.74859,35.75757],[139.74853,35.75769],[139.74844,35.75784],[139.74834,35.75809],[139.7483,35.75833],[139.7483,35.75834],[139.74827,35.75862],[139.74827,35.75867],[139.74827,35.75869],[139.74828,35.75891],[139.74835,35.75912],[139.74837,35.75915],[139.74837,35.75916],[139.74849,35.75937],[139.74868,35.75961],[139.74888,35.75981],[139.74936,35.76006],[139.75026,35.76051],[139.75131,35.76104],[139.75224,35.76154],[139.75244,35.76165],[139.75367,35.76236],[139.75414,35.7626],[139.75441,35.76282],[139.75458,35.76295],[139.75503,35.76323],[139.75559,35.76352],[139.75603,35.76372],[139.75645,35.76387],[139.75645,35.76387],[139.75647,35.76388],[139.75711,35.76408],[139.75723,35.76414],[139.75743,35.76423],[139.75747,35.76425],[139.75772,35.76436],[139.75786,35.76443],[139.75805,35.76453],[139.75816,35.76459],[139.75859,35.76496],[139.75889,35.7652],[139.75905,35.76538],[139.75905,35.76539],[139.75926,35.76562],[139.75956,35.76596],[139.75983,35.76628],[139.75984,35.76628],[139.76,35.76653],[139.7601,35.76676],[139.76014,35.76699],[139.76015,35.76726],[139.76014,35.76755],[139.76007,35.76794],[139.75997,35.76822],[139.75986,35.76847],[139.7597,35.76879],[139.75952,35.76903],[139.75928,35.76931],[139.75899,35.76956],[139.75862,35.76979],[139.75827,35.77001],[139.75793,35.77018],[139.75742,35.76987],[139.75673,35.76946],[139.7566,35.76938],[139.75659,35.76938],[139.75598,35.76901],[139.75565,35.76881],[139.75546,35.76866],[139.75535,35.7686],[139.75497,35.76838],[139.75474,35.76831],[139.75448,35.76822],[139.75448,35.76822],[139.75431,35.76817],[139.75382,35.76806],[139.75338,35.76798],[139.75312,35.76794],[139.75263,35.76781],[139.75218,35.76768],[139.75169,35.76755],[139.75143,35.76747],[139.75127,35.76743],[139.75062,35.76734],[139.75015,35.76725],[139.74987,35.76724],[139.74956,35.76723],[139.74906,35.76721],[139.74809,35.76718],[139.74764,35.76715],[139.74754,35.76713],[139.74708,35.76703],[139.74676,35.76701],[139.7464,35.76701],[139.74572,35.76713],[139.74464,35.76749],[139.74301,35.76805],[139.74274,35.76817],[139.74206,35.76846],[139.74128,35.7688],[139.74042,35.76919],[139.74,35.76933],[139.73978,35.7694],[139.73917,35.76958],[139.73902,35.76962],[139.73848,35.76976],[139.73763,35.76992],[139.73744,35.76995],[139.73672,35.77022],[139.73654,35.77033],[139.73638,35.77042],[139.73618,35.77062],[139.73608,35.77077],[139.73589,35.77105],[139.73575,35.77163],[139.7357,35.77221],[139.73571,35.77235],[139.73572,35.77259],[139.73589,35.77331],[139.73591,35.77343],[139.73596,35.77358],[139.73617,35.77416],[139.73663,35.77506],[139.73697,35.77569],[139.73725,35.77622],[139.7374,35.77652],[139.73787,35.77743],[139.73818,35.77825],[139.73827,35.77875],[139.73828,35.77878],[139.7383,35.77929],[139.7383,35.77948],[139.73828,35.7797],[139.73822,35.77984],[139.73815,35.78],[139.73805,35.78022],[139.73848,35.78038],[139.73848,35.78038],[139.73881,35.78051],[139.73915,35.78063],[139.73988,35.78087],[139.74,35.78091],[139.74009,35.78094],[139.74063,35.78112],[139.74064,35.78112],[139.74105,35.78125],[139.74153,35.78139],[139.74252,35.78167],[139.74253,35.78167],[139.74261,35.7817],[139.74353,35.78208],[139.74372,35.78216],[139.74449,35.78254],[139.74506,35.78282],[139.74582,35.78328],[139.74629,35.78389],[139.74633,35.78402],[139.74641,35.7843],[139.74641,35.78432],[139.74656,35.78483],[139.74659,35.78493],[139.7466,35.78523],[139.7466,35.78524],[139.74662,35.78563],[139.7467,35.78682],[139.74676,35.78685],[139.7473,35.7868],[139.74764,35.78669],[139.74803,35.7865],[139.74808,35.78647],[139.74825,35.78637],[139.74843,35.78626],[139.74854,35.78619],[139.74867,35.78611],[139.74885,35.786],[139.74887,35.78603],[139.74902,35.78619],[139.74927,35.78605],[139.74969,35.78599],[139.74996,35.78595],[139.75003,35.78594],[139.75065,35.78618],[139.75122,35.78643],[139.75142,35.78612],[139.75171,35.78624],[139.75199,35.78624],[139.75224,35.78623],[139.75228,35.78623],[139.75245,35.78626],[139.7525,35.78627],[139.75273,35.78631],[139.75307,35.78638],[139.75349,35.78649],[139.75369,35.78685],[139.75378,35.78695],[139.75396,35.78697],[139.75422,35.78694],[139.75467,35.78696],[139.75484,35.78702],[139.755,35.7869],[139.7554,35.78719],[139.75543,35.78739],[139.75531,35.78759],[139.75582,35.78818],[139.75583,35.7883],[139.75595,35.78842],[139.75603,35.7884],[139.75626,35.78864],[139.75601,35.78882],[139.75594,35.78897],[139.75594,35.78903],[139.75593,35.7893],[139.75588,35.78968],[139.75568,35.78986],[139.75559,35.79003],[139.756,35.79038],[139.7561,35.79047],[139.75642,35.79074],[139.75659,35.7909],[139.75667,35.79097],[139.75674,35.79104],[139.75679,35.79108],[139.75687,35.79115],[139.75699,35.79126],[139.757,35.79128],[139.75705,35.79132],[139.75723,35.79148],[139.75771,35.79194],[139.75777,35.79199],[139.75785,35.79206],[139.75804,35.79224],[139.75805,35.79225],[139.75815,35.79236],[139.75822,35.79242],[139.75827,35.79247],[139.75833,35.79252],[139.75848,35.79268],[139.75859,35.79278],[139.75867,35.79286],[139.75899,35.79317],[139.75905,35.79331],[139.75912,35.79346],[139.75978,35.79411],[139.75997,35.79434],[139.76006,35.79475],[139.76016,35.79516],[139.76022,35.79542],[139.76037,35.79593],[139.7604,35.79601],[139.76042,35.79608],[139.76044,35.79616],[139.7605,35.79635],[139.76052,35.7964],[139.76055,35.7965],[139.76058,35.79661],[139.76059,35.79663],[139.76066,35.79694],[139.76069,35.79708],[139.76073,35.79727],[139.76077,35.79741],[139.76075,35.79746],[139.76072,35.79754],[139.76064,35.79775],[139.76062,35.79781],[139.7606,35.79788],[139.7606,35.79788],[139.76059,35.79789],[139.76028,35.79834],[139.75981,35.79893],[139.75975,35.79897],[139.75938,35.79919],[139.75938,35.79919],[139.75907,35.79938],[139.75906,35.79939],[139.75858,35.79975],[139.75858,35.79975],[139.75821,35.80003],[139.7572,35.80092],[139.75627,35.80174],[139.75602,35.80204],[139.75578,35.80231],[139.75557,35.8027],[139.75557,35.8027],[139.75543,35.80295],[139.75529,35.80318],[139.75509,35.80337],[139.75458,35.80367],[139.75458,35.80367],[139.75457,35.80368],[139.75395,35.80419],[139.75338,35.80468],[139.75295,35.80501],[139.7522,35.80559],[139.75142,35.80609],[139.75115,35.80626],[139.75106,35.80632],[139.75097,35.80638],[139.75095,35.80639],[139.75088,35.80645],[139.7507,35.80662],[139.75065,35.80667],[139.75053,35.80694],[139.75046,35.80727],[139.75049,35.80752],[139.75057,35.80758],[139.75057,35.80758],[139.75071,35.80769],[139.75078,35.80774],[139.75086,35.80783],[139.75087,35.80783],[139.75092,35.80789],[139.75029,35.80862],[139.7505,35.80873],[139.75064,35.8088],[139.75083,35.80891],[139.75059,35.80915],[139.75044,35.8093],[139.7508,35.80959],[139.75077,35.81017],[139.7509,35.81029],[139.75124,35.81057],[139.75142,35.81073],[139.7515,35.81061],[139.75161,35.8107],[139.7519,35.81094],[139.7522,35.81075],[139.75247,35.81057],[139.75301,35.81094],[139.75315,35.81086],[139.7532,35.81083],[139.7533,35.81077],[139.75363,35.81059],[139.75384,35.81047],[139.75407,35.81062],[139.75423,35.81072],[139.75431,35.81078],[139.75446,35.81088],[139.75477,35.81057],[139.75508,35.81069],[139.7552,35.81073],[139.75524,35.81118],[139.75533,35.81153],[139.75537,35.81167],[139.75539,35.81179],[139.75548,35.81228],[139.75554,35.8126],[139.75558,35.81266],[139.75561,35.81271],[139.75608,35.8125],[139.75614,35.81247],[139.7563,35.8124],[139.75714,35.81206],[139.75758,35.81197],[139.75839,35.81205],[139.75882,35.81213],[139.75892,35.81215],[139.75904,35.81217],[139.75927,35.81222],[139.75941,35.81225],[139.75977,35.81232],[139.76063,35.81262],[139.76127,35.81289],[139.76201,35.81335],[139.76258,35.81377],[139.76303,35.81409],[139.76333,35.81431],[139.76428,35.81492],[139.76492,35.81519],[139.76521,35.81538],[139.76578,35.81575],[139.76534,35.81622],[139.76523,35.81634],[139.76521,35.81636],[139.76514,35.81644],[139.76521,35.81649],[139.76531,35.81658],[139.76559,35.81682],[139.76588,35.81727],[139.76621,35.81748],[139.76665,35.81758],[139.76703,35.81764],[139.76716,35.81765],[139.76761,35.81768],[139.76791,35.8177],[139.76792,35.8177],[139.7681,35.81771],[139.76837,35.81769],[139.76838,35.81768],[139.76866,35.81766],[139.76955,35.81757],[139.77029,35.81749],[139.77086,35.81738],[139.77101,35.81732],[139.7713,35.8172],[139.77163,35.81696],[139.77171,35.8169],[139.77175,35.81688],[139.77178,35.81684],[139.77184,35.81677],[139.77188,35.81672],[139.77197,35.81661],[139.77232,35.81619],[139.77245,35.81603],[139.77278,35.81564],[139.77284,35.81556],[139.77372,35.81467],[139.77479,35.81351],[139.77608,35.81213],[139.77715,35.81102],[139.77745,35.81066],[139.77745,35.81061],[139.77747,35.81038],[139.77747,35.81038],[139.77748,35.81024],[139.77825,35.8094],[139.77831,35.80927],[139.77838,35.80913],[139.7785,35.80894],[139.77885,35.80861],[139.77923,35.80825],[139.7794,35.80829],[139.77941,35.80829],[139.77954,35.80833],[139.77958,35.80834],[139.77964,35.80835],[139.77985,35.80818],[139.78008,35.80798],[139.78061,35.80751],[139.78113,35.80723],[139.78149,35.80715],[139.78194,35.80715],[139.7825,35.80719],[139.78291,35.80719],[139.78313,35.80719],[139.78363,35.807],[139.78384,35.80694],[139.78395,35.8069],[139.78396,35.8069],[139.78437,35.80691],[139.78457,35.80691],[139.7849,35.80691],[139.78506,35.80691],[139.78582,35.8069],[139.7865,35.80692],[139.78665,35.80691],[139.78723,35.80688],[139.78743,35.80682],[139.78766,35.80676],[139.78792,35.80669],[139.7887,35.80642],[139.7893,35.80622],[139.78977,35.80605],[139.79014,35.80593],[139.79022,35.8059],[139.79073,35.80576],[139.79094,35.80569],[139.79151,35.8055],[139.79151,35.8055],[139.79177,35.80542],[139.79243,35.80529],[139.79269,35.80528],[139.794,35.8052],[139.79411,35.80522],[139.79425,35.80526],[139.79476,35.8053],[139.79483,35.8053],[139.79535,35.80534],[139.79587,35.80552],[139.7962,35.80563],[139.79621,35.80564],[139.79629,35.80566],[139.79645,35.80572],[139.79669,35.8058],[139.79745,35.80594],[139.7976,35.80596],[139.79785,35.80601],[139.79807,35.80605],[139.79852,35.80613],[139.79884,35.80619],[139.79896,35.80625],[139.7991,35.80632],[139.7994,35.80646],[139.79969,35.80659],[139.79987,35.80672],[139.80002,35.80682],[139.80016,35.80692],[139.80036,35.80706],[139.80056,35.80727],[139.80065,35.80743],[139.80065,35.80744],[139.80076,35.80765],[139.80079,35.80771],[139.80108,35.80786],[139.80132,35.80803],[139.80159,35.80818],[139.80185,35.80833],[139.8023,35.80855],[139.80293,35.80866],[139.80359,35.80872],[139.80369,35.80873],[139.80471,35.8088],[139.80553,35.80875],[139.80655,35.80865],[139.80706,35.80859],[139.80753,35.80854],[139.80856,35.80843],[139.80932,35.80834],[139.8096,35.80831],[139.80969,35.80831],[139.81039,35.80829],[139.81072,35.80828],[139.81111,35.80826],[139.81133,35.80825],[139.81239,35.80826],[139.81329,35.80832],[139.81406,35.80852],[139.81469,35.80871],[139.81527,35.80895],[139.81563,35.80912],[139.81572,35.80916],[139.81651,35.80956],[139.81695,35.80987],[139.81749,35.81016],[139.81777,35.81033],[139.81777,35.81033],[139.81782,35.81036],[139.81793,35.81043],[139.81797,35.81072],[139.81798,35.81075],[139.81801,35.81088],[139.81807,35.81117],[139.81809,35.81127],[139.81812,35.81142],[139.81832,35.81157],[139.81848,35.81168],[139.8186,35.81177],[139.81873,35.81176],[139.81867,35.81145],[139.8186,35.81106],[139.8191,35.81142],[139.81965,35.81178],[139.82052,35.81123],[139.82063,35.81127],[139.82072,35.81131],[139.82082,35.81134],[139.82082,35.81134],[139.82095,35.81139],[139.82109,35.81144],[139.8204,35.81239],[139.82012,35.81278],[139.82011,35.8128],[139.82011,35.813],[139.82037,35.81352],[139.82039,35.81356],[139.82061,35.81397],[139.82083,35.8146],[139.82099,35.81495],[139.82105,35.81508]]]}},{"type":"Feature","properties":{"ja":"文京区"},"geometry":{"type":"Polygon","coordinates":[[[139.76093,35.73221],[139.761,35.73215],[139.76103,35.73213],[139.76106,35.73211],[139.76139,35.73186],[139.76142,35.73184],[139.76145,35.73181],[139.76185,35.7315],[139.76223,35.73146],[139.76249,35.73113],[139.7625,35.73111],[139.76252,35.73109],[139.76279,35.73075],[139.76293,35.73054],[139.76302,35.73042],[139.76308,35.73033],[139.76315,35.73024],[139.76331,35.73001],[139.76333,35.72998],[139.76337,35.72992],[139.76377,35.72937],[139.76388,35.72921],[139.76401,35.729],[139.76404,35.72895],[139.76406,35.72892],[139.76421,35.72868],[139.76435,35.72847],[139.76436,35.72845],[139.76444,35.72809],[139.76445,35.72803],[139.76445,35.72802],[139.76458,35.72775],[139.76459,35.72772],[139.76461,35.72768],[139.76465,35.72759],[139.76476,35.72759],[139.7648,35.72758],[139.76488,35.72758],[139.76496,35.72757],[139.76496,35.72756],[139.76492,35.72722],[139.76467,35.72648],[139.76466,35.72643],[139.76465,35.7264],[139.76452,35.72602],[139.76446,35.72582],[139.76445,35.72576],[139.76444,35.72574],[139.76429,35.72523],[139.76437,35.72465],[139.76434,35.72457],[139.76433,35.72454],[139.76431,35.72449],[139.76417,35.72406],[139.76361,35.72273],[139.76359,35.72269],[139.76357,35.72264],[139.76343,35.72229],[139.76325,35.72187],[139.76352,35.72166],[139.76356,35.72162],[139.7636,35.72159],[139.7642,35.72109],[139.76444,35.72089],[139.76448,35.72086],[139.76451,35.72084],[139.76523,35.72025],[139.76536,35.72011],[139.76539,35.72008],[139.76543,35.72004],[139.76636,35.71907],[139.76653,35.71889],[139.76656,35.71886],[139.7666,35.71882],[139.76714,35.71824],[139.76727,35.71807],[139.7673,35.71802],[139.76732,35.71799],[139.76738,35.71791],[139.76753,35.71767],[139.76754,35.71764],[139.76756,35.71761],[139.76776,35.71728],[139.76778,35.71724],[139.7678,35.71721],[139.76784,35.71715],[139.76794,35.71699],[139.76796,35.71696],[139.76798,35.71693],[139.76867,35.71582],[139.76854,35.7158],[139.7685,35.7158],[139.76783,35.71572],[139.7678,35.71572],[139.76778,35.71571],[139.76759,35.71596],[139.76748,35.7161],[139.76741,35.71619],[139.76698,35.71679],[139.76695,35.71682],[139.76692,35.71686],[139.76687,35.71694],[139.76673,35.71688],[139.76669,35.71687],[139.76664,35.71685],[139.76643,35.71676],[139.76635,35.71673],[139.76628,35.71671],[139.76623,35.71669],[139.76599,35.71659],[139.76597,35.71662],[139.76503,35.71761],[139.76495,35.71756],[139.7649,35.71753],[139.76486,35.7175],[139.76451,35.71728],[139.76451,35.71719],[139.76452,35.71713],[139.76471,35.71694],[139.76479,35.71692],[139.76511,35.71686],[139.76548,35.7165],[139.76566,35.71604],[139.76601,35.71543],[139.76605,35.71514],[139.76603,35.71497],[139.76598,35.7146],[139.76597,35.71454],[139.76561,35.71407],[139.76568,35.71359],[139.76603,35.71348],[139.76609,35.71346],[139.76614,35.71345],[139.76681,35.71325],[139.76722,35.71313],[139.76738,35.71307],[139.76763,35.71297],[139.76763,35.71288],[139.76764,35.71282],[139.76766,35.7126],[139.76764,35.71137],[139.76735,35.71134],[139.76694,35.71129],[139.76691,35.71129],[139.76686,35.71119],[139.7674,35.71114],[139.76746,35.71111],[139.76753,35.71108],[139.76764,35.71102],[139.76764,35.71102],[139.76799,35.71099],[139.76805,35.71099],[139.76812,35.71098],[139.76818,35.71098],[139.76819,35.71078],[139.76822,35.71045],[139.76808,35.71045],[139.76802,35.71045],[139.76763,35.71046],[139.76668,35.71047],[139.76667,35.71047],[139.76666,35.71036],[139.76666,35.71031],[139.76666,35.71023],[139.76665,35.70982],[139.76663,35.70916],[139.76662,35.70876],[139.76662,35.70871],[139.76687,35.70871],[139.76737,35.70871],[139.76776,35.70879],[139.76823,35.70882],[139.76868,35.70885],[139.76911,35.70868],[139.76917,35.70867],[139.76922,35.70867],[139.7697,35.70865],[139.76976,35.70866],[139.76988,35.70869],[139.76988,35.70869],[139.77001,35.70872],[139.77063,35.70886],[139.77069,35.70887],[139.77073,35.70888],[139.77123,35.70899],[139.77129,35.7083],[139.7714,35.7083],[139.77145,35.70831],[139.7715,35.70831],[139.77221,35.70835],[139.77228,35.70815],[139.77233,35.70803],[139.77233,35.70803],[139.77237,35.70793],[139.7724,35.70784],[139.77237,35.70722],[139.77226,35.70723],[139.7722,35.70724],[139.77214,35.70724],[139.77164,35.70729],[139.77158,35.70729],[139.77155,35.7073],[139.77083,35.70737],[139.7708,35.70737],[139.77074,35.70737],[139.77016,35.70743],[139.77016,35.70739],[139.77016,35.70732],[139.77016,35.70727],[139.77015,35.70656],[139.77015,35.70649],[139.77015,35.70647],[139.77014,35.70589],[139.77014,35.70586],[139.77014,35.70582],[139.77014,35.70535],[139.77013,35.70526],[139.77013,35.70522],[139.77013,35.70519],[139.77011,35.70469],[139.7701,35.70465],[139.7701,35.70459],[139.7701,35.70452],[139.77009,35.70419],[139.76999,35.70376],[139.76998,35.70373],[139.76996,35.70367],[139.76989,35.70337],[139.76982,35.70337],[139.76969,35.70338],[139.76957,35.70338],[139.76933,35.7034],[139.76913,35.70341],[139.76909,35.70341],[139.76906,35.70341],[139.76879,35.70343],[139.76875,35.70343],[139.7687,35.70343],[139.76848,35.70344],[139.76844,35.70345],[139.76837,35.70345],[139.76821,35.70346],[139.76806,35.70347],[139.76806,35.70334],[139.76807,35.7033],[139.76808,35.70308],[139.76808,35.70295],[139.76809,35.70284],[139.76809,35.70274],[139.76787,35.70274],[139.76784,35.7026],[139.76677,35.70265],[139.76656,35.70216],[139.76654,35.70211],[139.76651,35.70205],[139.7664,35.70178],[139.76683,35.70149],[139.76712,35.70119],[139.76715,35.70116],[139.7672,35.70112],[139.7673,35.70102],[139.76745,35.70117],[139.76786,35.70097],[139.76769,35.70074],[139.76779,35.70067],[139.76849,35.70014],[139.76845,35.70005],[139.76838,35.69991],[139.76833,35.69981],[139.76828,35.6997],[139.76748,35.70003],[139.76733,35.70006],[139.76731,35.70007],[139.76728,35.70008],[139.76721,35.70009],[139.76711,35.70011],[139.76655,35.69987],[139.76642,35.69981],[139.76638,35.6998],[139.76622,35.69973],[139.76622,35.69973],[139.76602,35.69964],[139.76563,35.69974],[139.76456,35.70001],[139.7636,35.70028],[139.76345,35.70033],[139.76291,35.70063],[139.76225,35.70126],[139.76182,35.70146],[139.7613,35.70159],[139.76065,35.70164],[139.75848,35.70166],[139.75762,35.7017],[139.75719,35.70172],[139.75589,35.702],[139.7556,35.70206],[139.75532,35.70212],[139.75412,35.70237],[139.75283,35.70251],[139.75199,35.70257],[139.75081,35.70266],[139.75053,35.70273],[139.75032,35.70277],[139.74972,35.70303],[139.74906,35.70312],[139.74801,35.70316],[139.74677,35.70312],[139.74671,35.70317],[139.74671,35.70317],[139.74646,35.70312],[139.746,35.70301],[139.74599,35.703],[139.74598,35.70299],[139.74587,35.70291],[139.74583,35.70296],[139.74579,35.703],[139.74577,35.70304],[139.74576,35.70305],[139.74575,35.70307],[139.74571,35.70309],[139.74551,35.70319],[139.7455,35.70319],[139.74535,35.70325],[139.74523,35.70329],[139.74506,35.70342],[139.74505,35.70343],[139.74499,35.70347],[139.74487,35.70359],[139.74485,35.70362],[139.74479,35.70374],[139.74462,35.70407],[139.74453,35.70432],[139.74442,35.70463],[139.74425,35.7051],[139.74353,35.70745],[139.7434,35.70774],[139.74337,35.70777],[139.74337,35.70778],[139.74329,35.70787],[139.74325,35.70791],[139.74317,35.70797],[139.74305,35.70805],[139.7428,35.70813],[139.74237,35.7082],[139.74146,35.70834],[139.74016,35.70852],[139.73974,35.70858],[139.73872,35.70873],[139.73852,35.70876],[139.73697,35.709],[139.73645,35.70908],[139.73611,35.70914],[139.73585,35.70918],[139.7358,35.70911],[139.73576,35.70905],[139.73564,35.70886],[139.73564,35.70886],[139.73558,35.70877],[139.73548,35.70862],[139.73546,35.70852],[139.73544,35.7084],[139.73541,35.70822],[139.73538,35.70822],[139.73528,35.70821],[139.7349,35.70818],[139.73478,35.70817],[139.73475,35.70817],[139.73467,35.70816],[139.7342,35.70821],[139.73413,35.70801],[139.73412,35.70798],[139.7341,35.70793],[139.73404,35.70772],[139.73321,35.7077],[139.73287,35.70737],[139.73265,35.70738],[139.73259,35.70739],[139.73252,35.70739],[139.73244,35.70739],[139.73242,35.70742],[139.73223,35.70763],[139.73171,35.7082],[139.73168,35.70823],[139.73167,35.70827],[139.73166,35.70831],[139.73165,35.70835],[139.73165,35.70835],[139.73177,35.70891],[139.73178,35.70895],[139.73179,35.709],[139.73181,35.70913],[139.73184,35.70927],[139.73173,35.70929],[139.73158,35.70932],[139.73144,35.70935],[139.73116,35.70941],[139.73109,35.70941],[139.7307,35.70941],[139.73065,35.70941],[139.73065,35.70941],[139.73061,35.70941],[139.73005,35.70941],[139.7298,35.7094],[139.72976,35.70939],[139.72971,35.70939],[139.72911,35.70935],[139.72907,35.70935],[139.72904,35.70934],[139.72858,35.70931],[139.7285,35.70935],[139.72844,35.70937],[139.7284,35.70939],[139.72822,35.70947],[139.72816,35.70949],[139.72813,35.70957],[139.72809,35.70967],[139.72804,35.7098],[139.728,35.70989],[139.72742,35.70994],[139.72729,35.70988],[139.72702,35.70976],[139.72691,35.70971],[139.7267,35.70962],[139.72663,35.70959],[139.72645,35.70948],[139.72641,35.70946],[139.72634,35.70942],[139.72621,35.70934],[139.72598,35.70921],[139.72592,35.70923],[139.72566,35.70931],[139.72541,35.70943],[139.72536,35.70952],[139.72529,35.70967],[139.72526,35.70972],[139.72521,35.70976],[139.72519,35.70978],[139.72502,35.70992],[139.7243,35.71015],[139.72414,35.71019],[139.7241,35.71019],[139.72406,35.7102],[139.7235,35.71031],[139.72326,35.71041],[139.72325,35.71048],[139.72323,35.71066],[139.72321,35.71078],[139.7232,35.71093],[139.72316,35.71102],[139.72301,35.71105],[139.72297,35.71105],[139.72296,35.71105],[139.72293,35.71107],[139.72251,35.71125],[139.72228,35.71137],[139.72211,35.71156],[139.7221,35.71157],[139.7221,35.71165],[139.72216,35.71187],[139.72227,35.71199],[139.72244,35.71219],[139.72247,35.71222],[139.7225,35.71226],[139.72251,35.71227],[139.72255,35.71232],[139.72258,35.71236],[139.72264,35.71244],[139.7226,35.7125],[139.72239,35.71265],[139.72176,35.71299],[139.72157,35.71309],[139.72153,35.71311],[139.72131,35.71323],[139.72077,35.71357],[139.7204,35.71373],[139.72036,35.71374],[139.72032,35.71376],[139.7198,35.71399],[139.71943,35.71408],[139.71939,35.71409],[139.71935,35.7141],[139.71919,35.71414],[139.71847,35.71429],[139.71805,35.71434],[139.71788,35.7144],[139.71785,35.71441],[139.71779,35.71443],[139.71761,35.7145],[139.71747,35.71462],[139.71747,35.71479],[139.71759,35.71523],[139.71779,35.71589],[139.71781,35.71605],[139.71783,35.71647],[139.7179,35.71655],[139.71805,35.71672],[139.71813,35.7168],[139.71815,35.71682],[139.71818,35.71686],[139.71815,35.71703],[139.7181,35.71723],[139.7181,35.71724],[139.71802,35.71738],[139.71831,35.71776],[139.7189,35.71751],[139.719,35.71745],[139.71902,35.7175],[139.71904,35.71753],[139.71905,35.71757],[139.71913,35.71772],[139.71931,35.71801],[139.71936,35.7181],[139.71938,35.71813],[139.71943,35.7182],[139.71946,35.71826],[139.71948,35.71829],[139.71953,35.71838],[139.71962,35.71839],[139.71976,35.7184],[139.71981,35.7184],[139.72032,35.71841],[139.72049,35.71845],[139.72083,35.71852],[139.72089,35.71853],[139.72095,35.71854],[139.72128,35.71856],[139.7217,35.71882],[139.72174,35.71886],[139.72177,35.71888],[139.7218,35.71891],[139.72186,35.71896],[139.72197,35.71889],[139.722,35.71887],[139.72203,35.71885],[139.72221,35.71874],[139.72224,35.71874],[139.72228,35.71875],[139.72232,35.71876],[139.72246,35.71878],[139.72261,35.71887],[139.72272,35.71898],[139.7228,35.71917],[139.72283,35.71925],[139.72294,35.71937],[139.72308,35.71949],[139.72321,35.71959],[139.72354,35.71971],[139.7241,35.71987],[139.72412,35.71988],[139.72433,35.71992],[139.72444,35.71995],[139.7246,35.71998],[139.72472,35.72001],[139.72465,35.72012],[139.72435,35.72055],[139.72419,35.72083],[139.72389,35.72143],[139.72387,35.72151],[139.72388,35.7216],[139.72391,35.72172],[139.72404,35.72195],[139.72364,35.72229],[139.72345,35.7224],[139.7234,35.72252],[139.72339,35.72268],[139.72339,35.7227],[139.72337,35.7229],[139.72334,35.72302],[139.72334,35.72305],[139.72332,35.72309],[139.72329,35.72324],[139.72328,35.72332],[139.72319,35.72369],[139.72317,35.72396],[139.72314,35.72424],[139.72313,35.72428],[139.72313,35.72432],[139.72312,35.72442],[139.72302,35.72467],[139.72284,35.72498],[139.72282,35.72501],[139.72281,35.72504],[139.72275,35.72515],[139.72289,35.7252],[139.72356,35.72534],[139.72394,35.72543],[139.72398,35.72544],[139.72401,35.72544],[139.72437,35.72552],[139.72429,35.72582],[139.72481,35.72594],[139.72485,35.72595],[139.72489,35.72596],[139.72516,35.72602],[139.72534,35.72614],[139.72526,35.72632],[139.72503,35.7263],[139.725,35.72634],[139.72497,35.72639],[139.72493,35.72645],[139.72491,35.72648],[139.72481,35.72664],[139.72507,35.72666],[139.72512,35.72666],[139.72516,35.72666],[139.72524,35.72667],[139.7255,35.72665],[139.72562,35.72669],[139.72566,35.72671],[139.72571,35.72673],[139.72584,35.72678],[139.7261,35.72666],[139.7262,35.72658],[139.72648,35.72705],[139.72664,35.727],[139.72669,35.72698],[139.72674,35.72696],[139.7271,35.72684],[139.7276,35.72655],[139.72764,35.72653],[139.72766,35.72652],[139.72769,35.72651],[139.72793,35.72638],[139.72869,35.72597],[139.72916,35.72572],[139.72917,35.72573],[139.72918,35.72573],[139.72937,35.72594],[139.72939,35.72596],[139.72951,35.72602],[139.72951,35.72602],[139.72962,35.72608],[139.72972,35.72613],[139.72983,35.72624],[139.72987,35.72628],[139.72992,35.72624],[139.73002,35.72614],[139.73016,35.726],[139.73039,35.72571],[139.7304,35.72569],[139.73043,35.72565],[139.73057,35.72547],[139.73058,35.72544],[139.73059,35.72541],[139.7306,35.7254],[139.73062,35.72533],[139.73064,35.72528],[139.73065,35.72524],[139.73066,35.72519],[139.73077,35.72486],[139.7309,35.72486],[139.73099,35.7248],[139.73111,35.72453],[139.73112,35.72449],[139.73113,35.72447],[139.73115,35.72437],[139.7314,35.72425],[139.73169,35.72425],[139.73196,35.7241],[139.73218,35.72418],[139.73221,35.72418],[139.73224,35.7242],[139.73242,35.72425],[139.73241,35.72435],[139.73241,35.72438],[139.7324,35.72468],[139.73252,35.72466],[139.7326,35.72469],[139.73264,35.7247],[139.73292,35.7248],[139.73283,35.72499],[139.73288,35.72502],[139.73303,35.72492],[139.73317,35.72502],[139.73321,35.72504],[139.73355,35.72527],[139.73358,35.72529],[139.73362,35.72531],[139.7338,35.72543],[139.73397,35.7255],[139.73401,35.72552],[139.73407,35.72555],[139.73414,35.72558],[139.73433,35.72521],[139.73435,35.72518],[139.73436,35.72517],[139.73439,35.72515],[139.73449,35.72507],[139.73477,35.72518],[139.7348,35.72519],[139.73486,35.72521],[139.73503,35.72527],[139.73514,35.72532],[139.73522,35.72535],[139.7353,35.72534],[139.73532,35.72532],[139.73541,35.72524],[139.73565,35.72524],[139.73574,35.72525],[139.7358,35.72525],[139.73601,35.72529],[139.73603,35.7253],[139.73558,35.72602],[139.73555,35.72606],[139.73553,35.7261],[139.73548,35.72618],[139.73561,35.72622],[139.73565,35.72624],[139.73582,35.7263],[139.73606,35.72641],[139.73612,35.72644],[139.73632,35.72654],[139.73698,35.72677],[139.73722,35.72685],[139.73727,35.72686],[139.73739,35.7269],[139.73727,35.7271],[139.73681,35.72712],[139.73678,35.72726],[139.73725,35.72737],[139.73718,35.72747],[139.73716,35.7275],[139.73713,35.72754],[139.73703,35.72768],[139.73692,35.72783],[139.73689,35.72791],[139.73691,35.72815],[139.73686,35.72839],[139.73642,35.72886],[139.73596,35.72935],[139.73612,35.72949],[139.73617,35.72953],[139.73619,35.72954],[139.73651,35.72982],[139.7368,35.73002],[139.73683,35.73004],[139.73689,35.73008],[139.73689,35.73008],[139.73726,35.73036],[139.73727,35.73037],[139.73732,35.7304],[139.73734,35.73042],[139.73781,35.7308],[139.73781,35.7308],[139.73783,35.73082],[139.73786,35.73084],[139.73806,35.731],[139.73829,35.73118],[139.73833,35.73121],[139.73835,35.73123],[139.73877,35.73155],[139.7388,35.73157],[139.73883,35.73159],[139.73887,35.73162],[139.73908,35.73185],[139.73929,35.73171],[139.73932,35.73169],[139.73936,35.73167],[139.73951,35.73157],[139.73983,35.73129],[139.74011,35.73105],[139.74013,35.73103],[139.74017,35.731],[139.74053,35.73067],[139.74055,35.73066],[139.74059,35.73062],[139.74061,35.7306],[139.74085,35.73036],[139.74098,35.73044],[139.741,35.73046],[139.74105,35.73049],[139.74112,35.73053],[139.74145,35.73071],[139.74148,35.73073],[139.74157,35.73082],[139.74158,35.73083],[139.74171,35.73095],[139.7418,35.73103],[139.74159,35.73125],[139.74156,35.73127],[139.74153,35.7313],[139.74147,35.73137],[139.74154,35.73142],[139.74155,35.73143],[139.7425,35.73213],[139.74254,35.73216],[139.74258,35.73219],[139.74272,35.73229],[139.74341,35.73284],[139.74352,35.73289],[139.74322,35.73311],[139.74332,35.73325],[139.74312,35.73337],[139.74308,35.7334],[139.74305,35.73342],[139.74291,35.7335],[139.74262,35.73362],[139.74257,35.73367],[139.74254,35.73369],[139.74244,35.73379],[139.74256,35.73391],[139.74266,35.73403],[139.74282,35.73421],[139.74287,35.73427],[139.74302,35.73445],[139.74312,35.73456],[139.74321,35.73461],[139.74339,35.73458],[139.74365,35.73453],[139.74381,35.73453],[139.74399,35.73467],[139.74409,35.73483],[139.74414,35.73493],[139.74424,35.73512],[139.74435,35.73534],[139.74445,35.73553],[139.74456,35.73575],[139.74461,35.73583],[139.74471,35.73583],[139.74482,35.73581],[139.74496,35.73585],[139.74504,35.73586],[139.74514,35.7358],[139.74531,35.73572],[139.74549,35.73563],[139.74564,35.73555],[139.74568,35.73553],[139.74597,35.73538],[139.746,35.73537],[139.74604,35.73535],[139.74662,35.73506],[139.74665,35.73511],[139.74667,35.73516],[139.74667,35.73516],[139.74677,35.73534],[139.74688,35.73518],[139.74691,35.73514],[139.74694,35.73509],[139.7481,35.7335],[139.74827,35.73351],[139.74838,35.73352],[139.74854,35.73353],[139.74864,35.73354],[139.74885,35.73328],[139.74887,35.73326],[139.74892,35.7332],[139.74919,35.73287],[139.74937,35.73299],[139.74941,35.73301],[139.74944,35.73303],[139.75022,35.73352],[139.75025,35.73353],[139.75029,35.73356],[139.75031,35.73357],[139.75057,35.73392],[139.75019,35.7341],[139.75028,35.73417],[139.75032,35.7342],[139.75036,35.73423],[139.75064,35.73444],[139.75065,35.73445],[139.75105,35.73443],[139.75106,35.73443],[139.75143,35.73459],[139.75151,35.73462],[139.75155,35.73463],[139.75172,35.7347],[139.7524,35.73494],[139.75243,35.73495],[139.75249,35.73497],[139.75276,35.73506],[139.75342,35.73514],[139.75349,35.73514],[139.75353,35.73515],[139.75362,35.73516],[139.7538,35.73508],[139.75428,35.73474],[139.75432,35.73471],[139.75436,35.73468],[139.75446,35.73461],[139.75493,35.73437],[139.75498,35.73435],[139.75501,35.73433],[139.75591,35.73388],[139.75596,35.73385],[139.75604,35.73381],[139.75607,35.7338],[139.75639,35.73363],[139.75787,35.73282],[139.75839,35.73273],[139.75845,35.73272],[139.75847,35.73272],[139.75855,35.73271],[139.75866,35.73262],[139.75872,35.73257],[139.75879,35.73252],[139.7591,35.73228],[139.75993,35.73158],[139.76005,35.73165],[139.7601,35.73168],[139.76013,35.7317],[139.76093,35.73221]]]}},{"type":"Feature","properties":{"ja":"千代田区"},"geometry":{"type":"Polygon","coordinates":[[[139.77014,35.70535],[139.77017,35.70535],[139.7702,35.70535],[139.77033,35.70533],[139.77037,35.70533],[139.77043,35.70533],[139.77129,35.70525],[139.77134,35.70525],[139.77139,35.70524],[139.77181,35.7052],[139.77202,35.70519],[139.77218,35.70517],[139.7726,35.70513],[139.77263,35.70513],[139.77268,35.70513],[139.77289,35.70511],[139.77304,35.7051],[139.77303,35.70507],[139.77303,35.70502],[139.77302,35.70497],[139.77301,35.70486],[139.77295,35.70444],[139.77295,35.70439],[139.77294,35.70436],[139.77287,35.70377],[139.77287,35.70373],[139.77286,35.7037],[139.77279,35.70312],[139.77286,35.70311],[139.7729,35.70311],[139.77294,35.70311],[139.77329,35.70307],[139.77332,35.70307],[139.77337,35.70307],[139.77366,35.70304],[139.77361,35.70293],[139.77357,35.70283],[139.77353,35.70273],[139.77317,35.70188],[139.77326,35.70184],[139.77333,35.70182],[139.77342,35.70179],[139.77355,35.70174],[139.77375,35.70167],[139.77404,35.70156],[139.77414,35.70152],[139.77424,35.70149],[139.77448,35.7014],[139.77458,35.70137],[139.77459,35.70136],[139.77467,35.70133],[139.77471,35.70132],[139.77499,35.70122],[139.77505,35.7012],[139.7751,35.70118],[139.77536,35.70108],[139.77546,35.70105],[139.77561,35.70099],[139.77562,35.70099],[139.77575,35.70094],[139.77583,35.70091],[139.77615,35.7008],[139.7762,35.70078],[139.77626,35.70075],[139.77628,35.70075],[139.77664,35.70062],[139.77688,35.7006],[139.77694,35.70059],[139.777,35.70059],[139.77843,35.70048],[139.77872,35.70046],[139.77876,35.70046],[139.77905,35.70043],[139.77911,35.70043],[139.77915,35.70043],[139.78009,35.70035],[139.78013,35.70035],[139.78018,35.70035],[139.78039,35.70033],[139.78038,35.70028],[139.78036,35.7002],[139.78034,35.70006],[139.78025,35.69958],[139.7801,35.69875],[139.78009,35.69869],[139.77997,35.69808],[139.78007,35.69807],[139.78019,35.69806],[139.78031,35.69805],[139.78066,35.69802],[139.78071,35.69802],[139.78075,35.69801],[139.78118,35.69798],[139.78121,35.69798],[139.78126,35.69797],[139.7817,35.69794],[139.78174,35.69793],[139.78178,35.69793],[139.78226,35.69789],[139.78231,35.69789],[139.78235,35.69788],[139.78266,35.69786],[139.78265,35.69777],[139.78264,35.69772],[139.78263,35.69754],[139.78261,35.69736],[139.78261,35.69728],[139.78258,35.69697],[139.78257,35.69691],[139.78257,35.69687],[139.78256,35.69677],[139.78256,35.69676],[139.78255,35.6967],[139.78254,35.69657],[139.78253,35.69643],[139.78253,35.69639],[139.78253,35.69637],[139.78252,35.69622],[139.78207,35.69626],[139.78206,35.69618],[139.78206,35.69614],[139.78205,35.6961],[139.78202,35.69576],[139.78202,35.69572],[139.78201,35.69567],[139.78199,35.6954],[139.78197,35.69524],[139.78197,35.69524],[139.78212,35.69512],[139.78216,35.69508],[139.78252,35.69478],[139.78259,35.69472],[139.78255,35.6947],[139.78209,35.69435],[139.78206,35.69433],[139.78202,35.69429],[139.78124,35.69371],[139.7812,35.69368],[139.78109,35.6936],[139.78109,35.6936],[139.781,35.69353],[139.78033,35.69305],[139.78029,35.69302],[139.78024,35.69299],[139.78022,35.69298],[139.77999,35.69315],[139.77996,35.69314],[139.77983,35.69304],[139.77978,35.69301],[139.77974,35.69298],[139.7788,35.69231],[139.77876,35.69228],[139.77872,35.69226],[139.77864,35.6922],[139.77778,35.69181],[139.7777,35.69177],[139.77766,35.69175],[139.77762,35.69174],[139.77752,35.6917],[139.77668,35.69141],[139.77662,35.69138],[139.77655,35.69136],[139.77608,35.6912],[139.77601,35.69117],[139.77529,35.6909],[139.77524,35.69088],[139.77511,35.69083],[139.77495,35.69077],[139.7749,35.69075],[139.77453,35.69061],[139.77394,35.69042],[139.77389,35.6904],[139.77385,35.69039],[139.77324,35.69018],[139.77322,35.69017],[139.7711,35.6894],[139.77043,35.6891],[139.76995,35.68904],[139.76928,35.68885],[139.76848,35.68851],[139.76819,35.68845],[139.76828,35.68822],[139.76855,35.68785],[139.76907,35.68744],[139.76988,35.68654],[139.77007,35.68636],[139.77035,35.68595],[139.77059,35.68511],[139.77074,35.68473],[139.77099,35.68435],[139.77102,35.68401],[139.77047,35.6828],[139.77027,35.68244],[139.77,35.6818],[139.76907,35.6806],[139.7678,35.6786],[139.76712,35.67734],[139.76654,35.67641],[139.76494,35.6743],[139.76425,35.67334],[139.76408,35.67316],[139.76372,35.67296],[139.76345,35.67287],[139.76249,35.6727],[139.76187,35.67255],[139.76137,35.67235],[139.76113,35.6721],[139.76097,35.67183],[139.76079,35.67176],[139.76043,35.6717],[139.75964,35.67168],[139.75946,35.67123],[139.75894,35.67028],[139.75879,35.66991],[139.75856,35.66969],[139.75804,35.66892],[139.75802,35.6687],[139.75802,35.66868],[139.75795,35.66871],[139.75791,35.66872],[139.75696,35.66901],[139.75692,35.66902],[139.75687,35.66904],[139.75663,35.66911],[139.75565,35.66945],[139.7555,35.6695],[139.75529,35.66957],[139.75431,35.66991],[139.75286,35.67026],[139.75214,35.67039],[139.752,35.67041],[139.75184,35.67044],[139.75113,35.67056],[139.75007,35.67081],[139.74996,35.67083],[139.74981,35.67083],[139.74978,35.67083],[139.74952,35.67083],[139.74951,35.67083],[139.74924,35.67079],[139.74919,35.67078],[139.74911,35.67071],[139.74893,35.67056],[139.74886,35.6705],[139.74885,35.67049],[139.74817,35.66991],[139.74814,35.66988],[139.7478,35.66962],[139.74766,35.66961],[139.74764,35.66962],[139.74748,35.66966],[139.74721,35.66991],[139.74699,35.67006],[139.74697,35.67027],[139.74696,35.67051],[139.74677,35.67051],[139.74664,35.67047],[139.74623,35.67052],[139.74612,35.67054],[139.74598,35.67056],[139.74537,35.67067],[139.74534,35.67067],[139.7453,35.67099],[139.74521,35.671],[139.74512,35.67102],[139.745,35.67104],[139.74413,35.67119],[139.74365,35.67125],[139.74363,35.67126],[139.74345,35.67132],[139.74336,35.67136],[139.74334,35.67137],[139.7432,35.67143],[139.74317,35.67145],[139.74293,35.6716],[139.74265,35.67177],[139.74258,35.67181],[139.74257,35.67182],[139.74228,35.672],[139.74172,35.67237],[139.74161,35.67244],[139.74148,35.67251],[139.74138,35.67256],[139.74128,35.67262],[139.74091,35.67285],[139.74018,35.67329],[139.74002,35.67339],[139.7399,35.67346],[139.73945,35.67375],[139.73936,35.67381],[139.73928,35.67387],[139.73922,35.67391],[139.73907,35.67402],[139.73906,35.67403],[139.73898,35.67418],[139.7389,35.67433],[139.73876,35.6746],[139.73874,35.67466],[139.7387,35.67487],[139.73867,35.67494],[139.7386,35.67516],[139.73851,35.67535],[139.73849,35.67539],[139.73847,35.67542],[139.73845,35.67546],[139.73831,35.67577],[139.73821,35.67594],[139.73812,35.67607],[139.73787,35.67639],[139.73752,35.67687],[139.73741,35.67729],[139.73722,35.67802],[139.73718,35.67809],[139.73717,35.67811],[139.73713,35.6782],[139.73703,35.67839],[139.73702,35.67839],[139.73699,35.67845],[139.73692,35.67859],[139.73686,35.6787],[139.73684,35.67875],[139.73677,35.67887],[139.73649,35.67882],[139.73628,35.6788],[139.73589,35.67876],[139.73533,35.67871],[139.73504,35.67872],[139.73472,35.67873],[139.73443,35.67875],[139.73417,35.67878],[139.73401,35.67882],[139.73383,35.67888],[139.73358,35.67906],[139.7334,35.67923],[139.73332,35.67934],[139.73318,35.67953],[139.7331,35.6797],[139.73301,35.67991],[139.73295,35.68015],[139.73294,35.6802],[139.7328,35.68047],[139.73263,35.68062],[139.73246,35.68074],[139.73234,35.68083],[139.73199,35.68107],[139.73181,35.6812],[139.73178,35.68122],[139.73171,35.68127],[139.73162,35.68134],[139.73159,35.68137],[139.7315,35.6815],[139.7312,35.68198],[139.73102,35.68232],[139.731,35.68236],[139.73075,35.68288],[139.7306,35.68325],[139.73056,35.68336],[139.73048,35.68355],[139.73041,35.68382],[139.73032,35.68425],[139.73027,35.68451],[139.73019,35.68466],[139.73018,35.68469],[139.73017,35.6847],[139.73012,35.68491],[139.73012,35.68494],[139.73007,35.68512],[139.73005,35.68524],[139.73001,35.68538],[139.73,35.68554],[139.73004,35.6857],[139.73009,35.68579],[139.73016,35.68592],[139.73019,35.68607],[139.73025,35.68632],[139.73026,35.68645],[139.73026,35.68649],[139.73027,35.68663],[139.73028,35.68671],[139.7303,35.68677],[139.73036,35.68692],[139.73038,35.68697],[139.73066,35.68754],[139.73076,35.68788],[139.73079,35.6881],[139.73084,35.68829],[139.73095,35.68847],[139.73101,35.68863],[139.73104,35.68876],[139.73109,35.68898],[139.73117,35.68914],[139.73123,35.68923],[139.73137,35.6894],[139.73157,35.68957],[139.73165,35.68962],[139.73207,35.6898],[139.73228,35.68988],[139.73253,35.69001],[139.73254,35.69002],[139.73281,35.69016],[139.73311,35.69037],[139.73399,35.69097],[139.73407,35.69102],[139.73436,35.6912],[139.73495,35.69151],[139.73532,35.69169],[139.73543,35.69175],[139.73571,35.6919],[139.73584,35.69196],[139.73607,35.69208],[139.73614,35.69212],[139.73615,35.69212],[139.73628,35.69219],[139.73672,35.6925],[139.737,35.69273],[139.737,35.69274],[139.73757,35.69323],[139.73779,35.69344],[139.73783,35.69353],[139.73822,35.69395],[139.73886,35.69469],[139.73908,35.695],[139.73908,35.695],[139.73921,35.69519],[139.73934,35.69537],[139.73935,35.69539],[139.73998,35.69629],[139.74144,35.69816],[139.74145,35.69818],[139.7416,35.69839],[139.74205,35.69892],[139.7427,35.69969],[139.74282,35.69979],[139.74292,35.69989],[139.74303,35.70001],[139.74304,35.70002],[139.74321,35.70022],[139.74346,35.70052],[139.74354,35.70061],[139.74361,35.70069],[139.74373,35.70085],[139.74412,35.70127],[139.74372,35.7016],[139.74369,35.70163],[139.74384,35.70177],[139.74391,35.70184],[139.74402,35.70193],[139.74413,35.70203],[139.7443,35.70216],[139.74431,35.70216],[139.74446,35.70229],[139.74448,35.70231],[139.74458,35.70232],[139.74468,35.70224],[139.74474,35.70225],[139.74479,35.70228],[139.74497,35.70237],[139.74499,35.70238],[139.74509,35.70243],[139.74512,35.70245],[139.74526,35.70252],[139.74526,35.70252],[139.74539,35.70259],[139.74554,35.70268],[139.74564,35.70274],[139.74587,35.70291],[139.74598,35.70299],[139.74599,35.703],[139.746,35.70301],[139.74646,35.70312],[139.74671,35.70317],[139.74671,35.70317],[139.74677,35.70312],[139.74801,35.70316],[139.74906,35.70312],[139.74972,35.70303],[139.75032,35.70277],[139.75053,35.70273],[139.75081,35.70266],[139.75199,35.70257],[139.75283,35.70251],[139.75412,35.70237],[139.75532,35.70212],[139.7556,35.70206],[139.75589,35.702],[139.75719,35.70172],[139.75762,35.7017],[139.75848,35.70166],[139.76065,35.70164],[139.7613,35.70159],[139.76182,35.70146],[139.76225,35.70126],[139.76291,35.70063],[139.76345,35.70033],[139.7636,35.70028],[139.76456,35.70001],[139.76563,35.69974],[139.76602,35.69964],[139.76622,35.69973],[139.76622,35.69973],[139.76638,35.6998],[139.76642,35.69981],[139.76655,35.69987],[139.76711,35.70011],[139.76721,35.70009],[139.76728,35.70008],[139.76731,35.70007],[139.76733,35.70006],[139.76748,35.70003],[139.76828,35.6997],[139.76833,35.69981],[139.76838,35.69991],[139.76845,35.70005],[139.76849,35.70014],[139.76779,35.70067],[139.76769,35.70074],[139.76786,35.70097],[139.76745,35.70117],[139.7673,35.70102],[139.7672,35.70112],[139.76715,35.70116],[139.76712,35.70119],[139.76683,35.70149],[139.7664,35.70178],[139.76651,35.70205],[139.76654,35.70211],[139.76656,35.70216],[139.76677,35.70265],[139.76784,35.7026],[139.76787,35.70274],[139.76809,35.70274],[139.76809,35.70284],[139.76808,35.70295],[139.76808,35.70308],[139.76807,35.7033],[139.76806,35.70334],[139.76806,35.70347],[139.76821,35.70346],[139.76837,35.70345],[139.76844,35.70345],[139.76848,35.70344],[139.7687,35.70343],[139.76875,35.70343],[139.76879,35.70343],[139.76906,35.70341],[139.76909,35.70341],[139.76913,35.70341],[139.76933,35.7034],[139.76957,35.70338],[139.76969,35.70338],[139.76982,35.70337],[139.76989,35.70337],[139.76996,35.70367],[139.76998,35.70373],[139.76999,35.70376],[139.77009,35.70419],[139.7701,35.70452],[139.7701,35.70459],[139.7701,35.70465],[139.77011,35.70469],[139.77013,35.70519],[139.77013,35.70522],[139.77013,35.70526],[139.77014,35.70535]]]}},{"type":"Feature","properties":{"ja":"台東区"},"geometry":{"type":"Polygon","coordinates":[[[139.80971,35.72814],[139.80971,35.72794],[139.80965,35.72683],[139.80953,35.72563],[139.80934,35.72434],[139.80908,35.72297],[139.80857,35.72085],[139.80843,35.72037],[139.80786,35.7193],[139.80777,35.71912],[139.80735,35.71839],[139.80676,35.71756],[139.80664,35.71743],[139.80589,35.71661],[139.80437,35.71513],[139.80336,35.71415],[139.80269,35.7135],[139.80233,35.71316],[139.80143,35.71235],[139.80118,35.71216],[139.801,35.71203],[139.80067,35.71179],[139.79942,35.71056],[139.79898,35.71007],[139.79877,35.70983],[139.7987,35.70976],[139.79794,35.70889],[139.79741,35.70825],[139.79701,35.70777],[139.79534,35.70493],[139.79525,35.70479],[139.7952,35.70472],[139.79516,35.70466],[139.79501,35.70441],[139.795,35.7044],[139.79483,35.70414],[139.79477,35.70402],[139.79411,35.70271],[139.79348,35.70122],[139.79331,35.70096],[139.79287,35.70026],[139.79255,35.69976],[139.79201,35.69901],[139.79129,35.69817],[139.78999,35.69675],[139.78995,35.69671],[139.78982,35.69652],[139.7898,35.69648],[139.7898,35.69647],[139.7895,35.69603],[139.78915,35.6953],[139.78891,35.6947],[139.78738,35.69518],[139.78589,35.69565],[139.78548,35.69578],[139.78546,35.69578],[139.78546,35.69579],[139.78458,35.69606],[139.7834,35.69645],[139.78273,35.69654],[139.78254,35.69657],[139.78255,35.6967],[139.78256,35.69676],[139.78256,35.69677],[139.78257,35.69687],[139.78257,35.69691],[139.78258,35.69697],[139.78261,35.69728],[139.78261,35.69736],[139.78263,35.69754],[139.78264,35.69772],[139.78265,35.69777],[139.78266,35.69786],[139.78235,35.69788],[139.78231,35.69789],[139.78226,35.69789],[139.78178,35.69793],[139.78174,35.69793],[139.7817,35.69794],[139.78126,35.69797],[139.78121,35.69798],[139.78118,35.69798],[139.78075,35.69801],[139.78071,35.69802],[139.78066,35.69802],[139.78031,35.69805],[139.78019,35.69806],[139.78007,35.69807],[139.77997,35.69808],[139.78009,35.69869],[139.7801,35.69875],[139.78025,35.69958],[139.78034,35.70006],[139.78036,35.7002],[139.78038,35.70028],[139.78039,35.70033],[139.78018,35.70035],[139.78013,35.70035],[139.78009,35.70035],[139.77915,35.70043],[139.77911,35.70043],[139.77905,35.70043],[139.77876,35.70046],[139.77872,35.70046],[139.77843,35.70048],[139.777,35.70059],[139.77694,35.70059],[139.77688,35.7006],[139.77664,35.70062],[139.77628,35.70075],[139.77626,35.70075],[139.7762,35.70078],[139.77615,35.7008],[139.77583,35.70091],[139.77575,35.70094],[139.77562,35.70099],[139.77561,35.70099],[139.77546,35.70105],[139.77536,35.70108],[139.7751,35.70118],[139.77505,35.7012],[139.77499,35.70122],[139.77471,35.70132],[139.77467,35.70133],[139.77459,35.70136],[139.77458,35.70137],[139.77448,35.7014],[139.77424,35.70149],[139.77414,35.70152],[139.77404,35.70156],[139.77375,35.70167],[139.77355,35.70174],[139.77342,35.70179],[139.77333,35.70182],[139.77326,35.70184],[139.77317,35.70188],[139.77353,35.70273],[139.77357,35.70283],[139.77361,35.70293],[139.77366,35.70304],[139.77337,35.70307],[139.77332,35.70307],[139.77329,35.70307],[139.77294,35.70311],[139.7729,35.70311],[139.77286,35.70311],[139.77279,35.70312],[139.77286,35.7037],[139.77287,35.70373],[139.77287,35.70377],[139.77294,35.70436],[139.77295,35.70439],[139.77295,35.70444],[139.77301,35.70486],[139.77302,35.70497],[139.77303,35.70502],[139.77303,35.70507],[139.77304,35.7051],[139.77289,35.70511],[139.77268,35.70513],[139.77263,35.70513],[139.7726,35.70513],[139.77218,35.70517],[139.77202,35.70519],[139.77181,35.7052],[139.77139,35.70524],[139.77134,35.70525],[139.77129,35.70525],[139.77043,35.70533],[139.77037,35.70533],[139.77033,35.70533],[139.7702,35.70535],[139.77017,35.70535],[139.77014,35.70535],[139.77014,35.70582],[139.77014,35.70586],[139.77014,35.70589],[139.77015,35.70647],[139.77015,35.70649],[139.77015,35.70656],[139.77016,35.70727],[139.77016,35.70732],[139.77016,35.70739],[139.77016,35.70743],[139.77074,35.70737],[139.7708,35.70737],[139.77083,35.70737],[139.77155,35.7073],[139.77158,35.70729],[139.77164,35.70729],[139.77214,35.70724],[139.7722,35.70724],[139.77226,35.70723],[139.77237,35.70722],[139.7724,35.70784],[139.77237,35.70793],[139.77233,35.70803],[139.77233,35.70803],[139.77228,35.70815],[139.77221,35.70835],[139.7715,35.70831],[139.77145,35.70831],[139.7714,35.7083],[139.77129,35.7083],[139.77123,35.70899],[139.77073,35.70888],[139.77069,35.70887],[139.77063,35.70886],[139.77001,35.70872],[139.76988,35.70869],[139.76988,35.70869],[139.76976,35.70866],[139.7697,35.70865],[139.76922,35.70867],[139.76917,35.70867],[139.76911,35.70868],[139.76868,35.70885],[139.76823,35.70882],[139.76776,35.70879],[139.76737,35.70871],[139.76687,35.70871],[139.76662,35.70871],[139.76662,35.70876],[139.76663,35.70916],[139.76665,35.70982],[139.76666,35.71023],[139.76666,35.71031],[139.76666,35.71036],[139.76667,35.71047],[139.76668,35.71047],[139.76763,35.71046],[139.76802,35.71045],[139.76808,35.71045],[139.76822,35.71045],[139.76819,35.71078],[139.76818,35.71098],[139.76812,35.71098],[139.76805,35.71099],[139.76799,35.71099],[139.76764,35.71102],[139.76764,35.71102],[139.76753,35.71108],[139.76746,35.71111],[139.7674,35.71114],[139.76686,35.71119],[139.76691,35.71129],[139.76694,35.71129],[139.76735,35.71134],[139.76764,35.71137],[139.76766,35.7126],[139.76764,35.71282],[139.76763,35.71288],[139.76763,35.71297],[139.76738,35.71307],[139.76722,35.71313],[139.76681,35.71325],[139.76614,35.71345],[139.76609,35.71346],[139.76603,35.71348],[139.76568,35.71359],[139.76561,35.71407],[139.76597,35.71454],[139.76598,35.7146],[139.76603,35.71497],[139.76605,35.71514],[139.76601,35.71543],[139.76566,35.71604],[139.76548,35.7165],[139.76511,35.71686],[139.76479,35.71692],[139.76471,35.71694],[139.76452,35.71713],[139.76451,35.71719],[139.76451,35.71728],[139.76486,35.7175],[139.7649,35.71753],[139.76495,35.71756],[139.76503,35.71761],[139.76597,35.71662],[139.76599,35.71659],[139.76623,35.71669],[139.76628,35.71671],[139.76635,35.71673],[139.76643,35.71676],[139.76664,35.71685],[139.76669,35.71687],[139.76673,35.71688],[139.76687,35.71694],[139.76692,35.71686],[139.76695,35.71682],[139.76698,35.71679],[139.76741,35.71619],[139.76748,35.7161],[139.76759,35.71596],[139.76778,35.71571],[139.7678,35.71572],[139.76783,35.71572],[139.7685,35.7158],[139.76854,35.7158],[139.76867,35.71582],[139.76798,35.71693],[139.76796,35.71696],[139.76794,35.71699],[139.76784,35.71715],[139.7678,35.71721],[139.76778,35.71724],[139.76776,35.71728],[139.76756,35.71761],[139.76754,35.71764],[139.76753,35.71767],[139.76738,35.71791],[139.76732,35.71799],[139.7673,35.71802],[139.76727,35.71807],[139.76714,35.71824],[139.7666,35.71882],[139.76656,35.71886],[139.76653,35.71889],[139.76636,35.71907],[139.76543,35.72004],[139.76539,35.72008],[139.76536,35.72011],[139.76523,35.72025],[139.76451,35.72084],[139.76448,35.72086],[139.76444,35.72089],[139.7642,35.72109],[139.7636,35.72159],[139.76356,35.72162],[139.76352,35.72166],[139.76325,35.72187],[139.76343,35.72229],[139.76357,35.72264],[139.76359,35.72269],[139.76361,35.72273],[139.76417,35.72406],[139.76431,35.72449],[139.76433,35.72454],[139.76434,35.72457],[139.76437,35.72465],[139.76429,35.72523],[139.76444,35.72574],[139.76445,35.72576],[139.76446,35.72582],[139.76452,35.72602],[139.76465,35.7264],[139.76466,35.72643],[139.76467,35.72648],[139.76492,35.72722],[139.76496,35.72756],[139.76496,35.72757],[139.76488,35.72758],[139.7648,35.72758],[139.76476,35.72759],[139.76465,35.72759],[139.76461,35.72768],[139.76459,35.72772],[139.76458,35.72775],[139.76445,35.72802],[139.76445,35.72803],[139.76444,35.72809],[139.76436,35.72845],[139.76435,35.72847],[139.76421,35.72868],[139.76406,35.72892],[139.76404,35.72895],[139.76401,35.729],[139.76388,35.72921],[139.76377,35.72937],[139.76337,35.72992],[139.76333,35.72998],[139.76331,35.73001],[139.76315,35.73024],[139.76308,35.73033],[139.76302,35.73042],[139.76293,35.73054],[139.76279,35.73075],[139.76284,35.7308],[139.76287,35.73083],[139.76298,35.73096],[139.76321,35.73119],[139.76323,35.73119],[139.76335,35.73114],[139.76386,35.73093],[139.76398,35.73088],[139.76399,35.73087],[139.76409,35.73078],[139.76419,35.73068],[139.76424,35.73063],[139.76426,35.73061],[139.76444,35.73044],[139.76474,35.73014],[139.76478,35.73008],[139.7648,35.73004],[139.76483,35.72999],[139.7651,35.7295],[139.76513,35.72945],[139.76514,35.72943],[139.76526,35.7292],[139.76547,35.72878],[139.76552,35.7287],[139.76554,35.72866],[139.76557,35.72861],[139.76585,35.72815],[139.76588,35.72811],[139.76589,35.72809],[139.76597,35.72796],[139.76601,35.72772],[139.76602,35.72768],[139.76603,35.72763],[139.76605,35.72753],[139.76658,35.72752],[139.76658,35.72743],[139.76662,35.72743],[139.76668,35.72743],[139.76672,35.72743],[139.76723,35.72739],[139.76816,35.72748],[139.76824,35.72758],[139.76827,35.72763],[139.76828,35.72764],[139.76837,35.72778],[139.76884,35.7279],[139.76929,35.72801],[139.76977,35.72813],[139.76996,35.72805],[139.77015,35.72798],[139.77016,35.72798],[139.77045,35.72787],[139.77046,35.72786],[139.77083,35.72772],[139.77143,35.72749],[139.77207,35.72725],[139.77273,35.727],[139.77336,35.72676],[139.77351,35.7267],[139.77355,35.72669],[139.77427,35.72643],[139.77433,35.72641],[139.77439,35.72639],[139.77485,35.72624],[139.77488,35.72622],[139.77492,35.72621],[139.77517,35.72612],[139.77552,35.72583],[139.77554,35.72581],[139.77558,35.72578],[139.77582,35.72557],[139.77637,35.72519],[139.77643,35.72515],[139.7765,35.7251],[139.77674,35.72494],[139.77681,35.72494],[139.77689,35.72493],[139.77717,35.72493],[139.7774,35.72493],[139.7775,35.72493],[139.77779,35.72489],[139.77796,35.72486],[139.77818,35.72483],[139.77826,35.72482],[139.77876,35.72474],[139.77885,35.72473],[139.77894,35.72472],[139.77912,35.72469],[139.7799,35.72463],[139.77994,35.72463],[139.77999,35.72463],[139.78016,35.72461],[139.78046,35.72461],[139.78114,35.72462],[139.78117,35.72462],[139.78123,35.72462],[139.78145,35.72462],[139.78146,35.72468],[139.78146,35.72472],[139.78146,35.72475],[139.78148,35.72508],[139.7817,35.72529],[139.78183,35.72532],[139.78186,35.72532],[139.78191,35.72533],[139.78222,35.7254],[139.78222,35.72551],[139.78222,35.72559],[139.78222,35.72566],[139.78223,35.72613],[139.78229,35.72626],[139.78267,35.72652],[139.78301,35.72666],[139.78304,35.72667],[139.7831,35.7267],[139.78325,35.72676],[139.78377,35.72733],[139.78381,35.72737],[139.78385,35.72741],[139.78385,35.72742],[139.78426,35.72772],[139.78433,35.72777],[139.78439,35.72781],[139.78445,35.72786],[139.78469,35.72783],[139.78475,35.72783],[139.7848,35.72782],[139.78545,35.72775],[139.78548,35.72775],[139.78552,35.72774],[139.78599,35.72769],[139.78679,35.72793],[139.78682,35.72794],[139.78687,35.72794],[139.7869,35.72794],[139.78775,35.72798],[139.78782,35.728],[139.78786,35.72801],[139.78789,35.72802],[139.78852,35.72826],[139.78872,35.72836],[139.78875,35.72837],[139.78878,35.72839],[139.78886,35.72843],[139.78946,35.72874],[139.78953,35.72885],[139.78955,35.72887],[139.78958,35.72891],[139.78972,35.72909],[139.78988,35.72929],[139.78992,35.72934],[139.7901,35.72955],[139.79039,35.72991],[139.79042,35.72994],[139.79046,35.73],[139.79056,35.73012],[139.7906,35.73018],[139.79075,35.73045],[139.79083,35.73058],[139.79089,35.73068],[139.7912,35.73122],[139.79131,35.73119],[139.79136,35.73118],[139.7914,35.73117],[139.792,35.73101],[139.79212,35.73098],[139.79235,35.73092],[139.7922,35.73056],[139.79239,35.73038],[139.79242,35.73035],[139.79245,35.73033],[139.79268,35.73012],[139.79306,35.73027],[139.79306,35.73027],[139.79314,35.73027],[139.79317,35.73027],[139.79424,35.73024],[139.79427,35.73024],[139.79433,35.73023],[139.79443,35.73023],[139.79445,35.72989],[139.79495,35.72988],[139.79495,35.72981],[139.79496,35.72977],[139.79496,35.72974],[139.79501,35.72938],[139.79502,35.72934],[139.79502,35.72931],[139.79506,35.72897],[139.79569,35.729],[139.79574,35.729],[139.79578,35.72901],[139.79583,35.72901],[139.79771,35.7291],[139.79775,35.7291],[139.79781,35.7291],[139.79787,35.72911],[139.7992,35.72916],[139.79933,35.72917],[139.79945,35.72917],[139.80086,35.72923],[139.80089,35.72923],[139.80094,35.72923],[139.80143,35.72925],[139.80172,35.72923],[139.80176,35.72923],[139.80181,35.72922],[139.80212,35.7292],[139.8027,35.72912],[139.80273,35.72912],[139.8028,35.72911],[139.80537,35.72877],[139.80544,35.72876],[139.80552,35.72875],[139.80651,35.72862],[139.8067,35.72859],[139.8084,35.72833],[139.80847,35.72832],[139.80885,35.72826],[139.80971,35.72814]]]}},{"type":"Feature","properties":{"ja":"品川区"},"geometry":{"type":"MultiPolygon","coordinates":[[[[139.7192,35.64185],[139.71935,35.64173],[139.71953,35.64159],[139.71967,35.64148],[139.71973,35.64143],[139.71966,35.64141],[139.71964,35.6414],[139.71958,35.64137],[139.7194,35.64131],[139.71918,35.64117],[139.71917,35.64117],[139.71897,35.64109],[139.71861,35.64095],[139.71826,35.64081],[139.71815,35.64075],[139.71805,35.64067],[139.71793,35.64052],[139.71785,35.64041],[139.71776,35.64029],[139.71766,35.64021],[139.71756,35.64017],[139.71742,35.64011],[139.71719,35.64007],[139.71716,35.64006],[139.71701,35.64],[139.7169,35.63996],[139.71689,35.63995],[139.71687,35.63993],[139.71684,35.6399],[139.71679,35.6398],[139.71676,35.63965],[139.71676,35.63963],[139.71668,35.63908],[139.71668,35.63907],[139.71668,35.63904],[139.71668,35.63899],[139.71668,35.63868],[139.71668,35.63855],[139.71668,35.63826],[139.71692,35.6381],[139.71693,35.63809],[139.7172,35.63795],[139.71725,35.63792],[139.71732,35.63782],[139.71744,35.63759],[139.71753,35.63744],[139.71754,35.63737],[139.71755,35.63725],[139.71821,35.63647],[139.71814,35.63639],[139.71809,35.63633],[139.71802,35.63625],[139.71788,35.63609],[139.71784,35.63604],[139.7179,35.63588],[139.71765,35.6358],[139.71766,35.63544],[139.71774,35.63526],[139.71775,35.63524],[139.71783,35.63505],[139.71818,35.63509],[139.71865,35.63516],[139.7191,35.63476],[139.71919,35.63474],[139.71956,35.63466],[139.71961,35.63465],[139.71984,35.6346],[139.71996,35.63458],[139.7202,35.63473],[139.72049,35.63489],[139.72058,35.63494],[139.72065,35.63496],[139.72067,35.63496],[139.72073,35.63496],[139.72079,35.63496],[139.72086,35.63496],[139.72103,35.63497],[139.72119,35.63499],[139.72126,35.63502],[139.7213,35.63507],[139.72135,35.63513],[139.72139,35.63521],[139.72146,35.63536],[139.72157,35.63537],[139.72164,35.63537],[139.72168,35.63537],[139.72203,35.63539],[139.72203,35.63546],[139.72206,35.63558],[139.72209,35.6357],[139.72216,35.63587],[139.72218,35.63591],[139.72221,35.63598],[139.72246,35.63586],[139.72338,35.63559],[139.72356,35.63556],[139.72416,35.63544],[139.72419,35.63543],[139.72463,35.63537],[139.72521,35.63526],[139.72549,35.6352],[139.72563,35.63515],[139.726,35.63503],[139.72655,35.63453],[139.72676,35.63435],[139.72685,35.63427],[139.7268,35.63415],[139.72679,35.63411],[139.72661,35.63368],[139.72641,35.63317],[139.72632,35.63286],[139.72679,35.63262],[139.72674,35.63237],[139.72671,35.63221],[139.72692,35.63212],[139.72697,35.6321],[139.72708,35.63206],[139.7271,35.63205],[139.72749,35.63193],[139.72749,35.63193],[139.72753,35.63192],[139.72763,35.63189],[139.72767,35.6319],[139.72773,35.6319],[139.72779,35.63195],[139.72784,35.63201],[139.72792,35.63214],[139.72808,35.63244],[139.7283,35.63284],[139.72842,35.6328],[139.72886,35.63264],[139.72882,35.6325],[139.72873,35.6322],[139.7287,35.63208],[139.7287,35.63207],[139.72874,35.63182],[139.72883,35.63166],[139.72887,35.63162],[139.72913,35.63137],[139.72931,35.6312],[139.7294,35.63127],[139.7295,35.63137],[139.72954,35.6314],[139.72959,35.63145],[139.72962,35.63147],[139.72971,35.63141],[139.72987,35.6313],[139.72987,35.6313],[139.72999,35.63121],[139.73035,35.63096],[139.73039,35.63093],[139.73043,35.63089],[139.73065,35.6307],[139.73071,35.63061],[139.73086,35.63041],[139.73093,35.63027],[139.73093,35.63014],[139.73094,35.63009],[139.73094,35.63002],[139.73099,35.62922],[139.73101,35.62881],[139.73113,35.62879],[139.73152,35.62871],[139.73146,35.62832],[139.73139,35.62804],[139.73131,35.62762],[139.73134,35.6272],[139.73133,35.62707],[139.73133,35.62706],[139.73129,35.62696],[139.73115,35.62669],[139.73114,35.6266],[139.73115,35.62648],[139.73117,35.62644],[139.73118,35.6264],[139.73123,35.62633],[139.73131,35.62626],[139.73138,35.62624],[139.73155,35.62621],[139.73181,35.62611],[139.73184,35.6261],[139.73209,35.62603],[139.73235,35.62599],[139.73267,35.62598],[139.73287,35.62598],[139.73337,35.62604],[139.73346,35.62605],[139.73379,35.62609],[139.73395,35.62611],[139.73412,35.62579],[139.73417,35.62571],[139.73434,35.62539],[139.7347,35.62469],[139.73477,35.62462],[139.73482,35.62455],[139.73492,35.62439],[139.7354,35.6232],[139.73585,35.62316],[139.7359,35.62315],[139.73666,35.62308],[139.7375,35.62345],[139.73729,35.62377],[139.73775,35.62414],[139.73759,35.62443],[139.73778,35.62453],[139.73798,35.62456],[139.73807,35.62456],[139.73811,35.62456],[139.73825,35.62456],[139.73827,35.62456],[139.7384,35.62456],[139.73855,35.62455],[139.73882,35.62453],[139.73884,35.62453],[139.73909,35.62452],[139.73924,35.62451],[139.73997,35.62464],[139.74108,35.62481],[139.74258,35.62504],[139.74277,35.62507],[139.7429,35.62508],[139.74318,35.62512],[139.74333,35.62513],[139.74345,35.62494],[139.74351,35.62484],[139.74383,35.62432],[139.74391,35.62418],[139.74411,35.62387],[139.74411,35.62386],[139.74424,35.62369],[139.74424,35.62368],[139.7443,35.6236],[139.74437,35.62345],[139.74443,35.6234],[139.74454,35.62336],[139.74474,35.6233],[139.74504,35.62326],[139.74521,35.62323],[139.74574,35.62313],[139.74602,35.62311],[139.74621,35.62312],[139.74637,35.62315],[139.7464,35.62315],[139.74677,35.62324],[139.74749,35.62359],[139.74915,35.62441],[139.74927,35.62445],[139.74989,35.62469],[139.75031,35.62485],[139.75036,35.62487],[139.75057,35.62494],[139.75089,35.62494],[139.75158,35.6253],[139.75225,35.62529],[139.75247,35.62529],[139.75245,35.62398],[139.75312,35.624],[139.75314,35.62401],[139.75353,35.62405],[139.75361,35.62406],[139.75392,35.62405],[139.75411,35.62404],[139.75444,35.62403],[139.75465,35.62402],[139.75568,35.62404],[139.75615,35.62406],[139.75755,35.62409],[139.75754,35.62431],[139.75754,35.6244],[139.75749,35.62602],[139.75744,35.62772],[139.75743,35.62793],[139.75765,35.62794],[139.75942,35.628],[139.75979,35.61937],[139.75994,35.61834],[139.7603,35.61583],[139.75983,35.61547],[139.76006,35.61529],[139.76017,35.61539],[139.76058,35.61503],[139.76044,35.61492],[139.76061,35.61479],[139.76101,35.61508],[139.76148,35.61461],[139.762,35.61465],[139.76343,35.61045],[139.76372,35.6096],[139.76333,35.60951],[139.76352,35.60895],[139.763,35.60868],[139.76546,35.60549],[139.76673,35.60377],[139.76734,35.60296],[139.77018,35.59919],[139.77122,35.59778],[139.77127,35.59782],[139.77145,35.5976],[139.77183,35.59778],[139.77324,35.59581],[139.77271,35.59554],[139.77249,35.59544],[139.77156,35.59498],[139.76924,35.59378],[139.76901,35.59366],[139.76863,35.59347],[139.76843,35.59337],[139.76779,35.59305],[139.76762,35.59297],[139.76734,35.59283],[139.76706,35.59269],[139.76679,35.59257],[139.76625,35.59331],[139.76574,35.594],[139.76541,35.59448],[139.76482,35.59461],[139.76466,35.59462],[139.76418,35.59466],[139.76416,35.59454],[139.76314,35.59458],[139.76256,35.59461],[139.76269,35.59255],[139.7627,35.59236],[139.76272,35.59196],[139.76273,35.59188],[139.76273,35.59181],[139.76277,35.59126],[139.76287,35.58972],[139.76265,35.5897],[139.76245,35.58968],[139.76253,35.58772],[139.76257,35.58658],[139.76254,35.58599],[139.76256,35.58501],[139.76241,35.58501],[139.76203,35.58501],[139.76103,35.585],[139.75986,35.58498],[139.75722,35.58496],[139.75597,35.58493],[139.75596,35.58658],[139.75601,35.58925],[139.75581,35.58926],[139.75553,35.58926],[139.7555,35.58926],[139.75542,35.58926],[139.7553,35.58926],[139.75512,35.58927],[139.75476,35.58927],[139.75107,35.58932],[139.75058,35.58934],[139.75027,35.58935],[139.75026,35.589],[139.74957,35.58886],[139.74953,35.58886],[139.74874,35.5889],[139.74859,35.589],[139.74798,35.59057],[139.74704,35.59029],[139.74683,35.59025],[139.74677,35.59024],[139.74521,35.58975],[139.74061,35.58842],[139.73997,35.58824],[139.73879,35.58791],[139.73863,35.58786],[139.73853,35.58785],[139.73846,35.58784],[139.73807,35.58786],[139.73717,35.58781],[139.73714,35.5881],[139.73714,35.58811],[139.73713,35.58812],[139.73614,35.58806],[139.73606,35.58806],[139.73605,35.58806],[139.73594,35.58805],[139.73589,35.5875],[139.73587,35.58737],[139.73587,35.58737],[139.73549,35.58736],[139.73542,35.58736],[139.7353,35.58737],[139.73513,35.58737],[139.73492,35.58741],[139.73483,35.58743],[139.73469,35.58745],[139.73437,35.58746],[139.73373,35.58748],[139.73369,35.58748],[139.73363,35.58749],[139.73293,35.58751],[139.73283,35.58751],[139.73232,35.58748],[139.73221,35.58748],[139.73175,35.58744],[139.73095,35.58741],[139.73086,35.58741],[139.73016,35.58737],[139.73011,35.58737],[139.72983,35.58788],[139.72965,35.5882],[139.7297,35.58857],[139.72961,35.5886],[139.72951,35.58864],[139.72942,35.58867],[139.72897,35.58882],[139.72893,35.58883],[139.72897,35.58898],[139.72911,35.58948],[139.72919,35.58981],[139.72933,35.59015],[139.72983,35.59092],[139.73055,35.59216],[139.7303,35.59225],[139.72952,35.59254],[139.72933,35.59259],[139.72923,35.59262],[139.7289,35.59271],[139.72901,35.59353],[139.72901,35.5936],[139.72901,35.59362],[139.72901,35.59366],[139.72902,35.59368],[139.72901,35.59374],[139.72899,35.59378],[139.72879,35.59395],[139.72865,35.59406],[139.72824,35.59438],[139.72817,35.59437],[139.72811,35.59435],[139.72807,35.59434],[139.72778,35.59427],[139.72774,35.59426],[139.7276,35.59423],[139.72754,35.59422],[139.7275,35.5942],[139.72743,35.59417],[139.72703,35.59403],[139.72697,35.594],[139.72692,35.59399],[139.72691,35.59398],[139.72681,35.59395],[139.7268,35.59406],[139.7268,35.5941],[139.7268,35.59414],[139.72678,35.59435],[139.72671,35.59435],[139.72655,35.59434],[139.72587,35.5943],[139.72585,35.5943],[139.72573,35.59429],[139.72494,35.59424],[139.7249,35.59423],[139.72486,35.59423],[139.72437,35.5942],[139.72417,35.59421],[139.72393,35.59423],[139.72366,35.59426],[139.72362,35.59427],[139.72358,35.59427],[139.72345,35.59429],[139.72275,35.59431],[139.7221,35.59434],[139.72209,35.59434],[139.72205,35.59434],[139.72201,35.59435],[139.72184,35.59437],[139.7217,35.59435],[139.72166,35.59435],[139.72162,35.59434],[139.72156,35.59434],[139.72125,35.59431],[139.72108,35.59429],[139.72096,35.59406],[139.72069,35.59356],[139.72059,35.59339],[139.72054,35.59329],[139.72054,35.59329],[139.72052,35.59323],[139.72047,35.59308],[139.72045,35.593],[139.72045,35.59299],[139.72036,35.59268],[139.72034,35.59251],[139.72033,35.59245],[139.72033,35.59241],[139.72032,35.5924],[139.7203,35.59239],[139.71982,35.59218],[139.71978,35.59217],[139.71975,35.59215],[139.71967,35.59212],[139.71918,35.59185],[139.71911,35.59192],[139.71908,35.59195],[139.71906,35.59197],[139.71901,35.59202],[139.71898,35.59206],[139.71896,35.5921],[139.71895,35.59217],[139.71896,35.59241],[139.71896,35.59245],[139.71897,35.59248],[139.71897,35.59258],[139.71896,35.59276],[139.71894,35.59283],[139.71875,35.5931],[139.71862,35.59332],[139.71862,35.59333],[139.7186,35.59335],[139.71859,35.59338],[139.71836,35.5937],[139.71815,35.59402],[139.71812,35.59421],[139.71811,35.59426],[139.7181,35.59429],[139.71805,35.59457],[139.71787,35.59457],[139.71787,35.59467],[139.71787,35.5947],[139.71787,35.59473],[139.71787,35.5952],[139.71786,35.59524],[139.71785,35.59528],[139.71783,35.59532],[139.71779,35.5954],[139.71779,35.59542],[139.71777,35.59544],[139.71774,35.59551],[139.7177,35.59557],[139.71769,35.59559],[139.71768,35.59559],[139.71765,35.59569],[139.71762,35.59576],[139.71761,35.59587],[139.71759,35.59601],[139.71758,35.59613],[139.71757,35.59617],[139.71757,35.59618],[139.71754,35.59622],[139.71753,35.59623],[139.71747,35.59631],[139.71737,35.59638],[139.71717,35.59643],[139.71694,35.59654],[139.7168,35.59661],[139.71665,35.59665],[139.71662,35.59666],[139.71658,35.59667],[139.71642,35.59672],[139.71597,35.59678],[139.71594,35.59679],[139.7159,35.59679],[139.71571,35.59682],[139.71544,35.59689],[139.71534,35.59692],[139.71531,35.59693],[139.71528,35.59697],[139.71526,35.59701],[139.71525,35.59704],[139.71524,35.59706],[139.71524,35.59707],[139.71523,35.59713],[139.71521,35.59718],[139.7152,35.59722],[139.71517,35.59725],[139.71507,35.59728],[139.71495,35.59732],[139.7149,35.59733],[139.71486,35.59735],[139.71482,35.59737],[139.71477,35.59741],[139.71472,35.59745],[139.71468,35.59751],[139.71466,35.5976],[139.71458,35.59786],[139.71457,35.5979],[139.71455,35.59794],[139.71439,35.59847],[139.71431,35.59873],[139.7143,35.59877],[139.71429,35.59881],[139.71425,35.59891],[139.71421,35.59907],[139.71451,35.5991],[139.71455,35.59911],[139.71458,35.59912],[139.7146,35.59914],[139.71462,35.59917],[139.71464,35.59924],[139.71472,35.59961],[139.71472,35.59964],[139.7147,35.59969],[139.71466,35.59976],[139.7146,35.59983],[139.71457,35.59987],[139.71456,35.59989],[139.71454,35.5999],[139.71452,35.59993],[139.71448,35.59997],[139.71443,35.59999],[139.71343,35.6003],[139.71288,35.60049],[139.7128,35.60051],[139.71266,35.60053],[139.71266,35.60053],[139.71254,35.60055],[139.71237,35.60059],[139.71183,35.60065],[139.71179,35.60065],[139.71175,35.60066],[139.71164,35.60067],[139.71141,35.60069],[139.71137,35.6007],[139.71133,35.6007],[139.7109,35.60074],[139.71086,35.60074],[139.71083,35.60074],[139.71078,35.60075],[139.71036,35.60078],[139.71028,35.60079],[139.71003,35.60081],[139.70907,35.60089],[139.70902,35.60089],[139.70897,35.6009],[139.70878,35.60091],[139.70874,35.60091],[139.70869,35.60092],[139.70828,35.60095],[139.70803,35.60097],[139.70799,35.60097],[139.70795,35.60097],[139.70742,35.60101],[139.70686,35.60106],[139.70682,35.60106],[139.7062,35.6011],[139.70574,35.60113],[139.70481,35.60118],[139.70476,35.60118],[139.70429,35.60121],[139.70396,35.60123],[139.70392,35.60123],[139.70389,35.60123],[139.70254,35.60133],[139.7025,35.60133],[139.70246,35.60134],[139.7017,35.60139],[139.70127,35.60141],[139.70124,35.60141],[139.7012,35.60141],[139.70106,35.60141],[139.70095,35.6015],[139.70091,35.60153],[139.70086,35.60157],[139.70015,35.6021],[139.69993,35.60228],[139.69989,35.60231],[139.69987,35.60233],[139.69953,35.6026],[139.69933,35.60274],[139.69911,35.60289],[139.69892,35.60302],[139.6986,35.60324],[139.6984,35.60341],[139.69821,35.60358],[139.69812,35.60367],[139.69801,35.6038],[139.69788,35.60394],[139.69783,35.60399],[139.69773,35.6041],[139.69721,35.60468],[139.69719,35.6047],[139.69717,35.60472],[139.69679,35.60513],[139.69672,35.60524],[139.69667,35.60533],[139.69655,35.60551],[139.69651,35.60558],[139.69629,35.60597],[139.69627,35.60601],[139.69625,35.60604],[139.6961,35.6063],[139.69595,35.6065],[139.69593,35.60653],[139.69591,35.60656],[139.69583,35.60666],[139.69566,35.60699],[139.69564,35.60703],[139.69563,35.60705],[139.69539,35.60749],[139.69541,35.60761],[139.69542,35.60767],[139.69544,35.60773],[139.69555,35.60831],[139.69554,35.60841],[139.69553,35.60842],[139.69552,35.60846],[139.6955,35.60851],[139.69547,35.60857],[139.69543,35.60892],[139.69581,35.60895],[139.69577,35.60903],[139.69576,35.60906],[139.69574,35.6091],[139.69558,35.60944],[139.69559,35.60949],[139.69559,35.60952],[139.6956,35.60967],[139.6956,35.60971],[139.69562,35.60979],[139.69563,35.60983],[139.69565,35.60989],[139.69568,35.61002],[139.6957,35.6101],[139.69574,35.61033],[139.69575,35.61053],[139.69574,35.6107],[139.69574,35.61073],[139.6957,35.61124],[139.6957,35.61129],[139.69564,35.61172],[139.69561,35.61189],[139.6956,35.61198],[139.69558,35.61211],[139.69558,35.61228],[139.6956,35.61237],[139.6956,35.61242],[139.69561,35.61245],[139.69564,35.61264],[139.69565,35.61271],[139.69566,35.61277],[139.69567,35.61282],[139.69581,35.61343],[139.69582,35.61344],[139.69584,35.61347],[139.69586,35.6135],[139.69637,35.61418],[139.69644,35.61423],[139.69647,35.61425],[139.6965,35.61427],[139.6968,35.61446],[139.69727,35.61472],[139.69731,35.61474],[139.69733,35.61476],[139.69774,35.61498],[139.69815,35.61528],[139.69821,35.61536],[139.69823,35.61539],[139.69825,35.61542],[139.69854,35.61582],[139.69874,35.61604],[139.69881,35.61608],[139.69884,35.61609],[139.69888,35.61611],[139.69897,35.61616],[139.69918,35.61641],[139.69963,35.61694],[139.6997,35.61705],[139.69972,35.61708],[139.69978,35.61718],[139.69978,35.61718],[139.69988,35.61734],[139.69993,35.61742],[139.70016,35.61766],[139.70026,35.61777],[139.70029,35.61782],[139.70072,35.61831],[139.70076,35.61835],[139.70079,35.61839],[139.70084,35.61844],[139.70158,35.61928],[139.70163,35.61933],[139.70167,35.61937],[139.70169,35.61939],[139.70234,35.62009],[139.70238,35.62013],[139.70238,35.62013],[139.70252,35.62033],[139.70252,35.62033],[139.70259,35.62051],[139.70252,35.62058],[139.70249,35.62061],[139.70246,35.62064],[139.70238,35.62073],[139.7026,35.62121],[139.70264,35.62131],[139.70267,35.62139],[139.70267,35.62144],[139.70275,35.62147],[139.7028,35.62148],[139.70297,35.62154],[139.70317,35.6216],[139.70329,35.62158],[139.70372,35.62148],[139.70393,35.6218],[139.70398,35.62188],[139.70391,35.62191],[139.70387,35.62193],[139.70374,35.62198],[139.70345,35.62211],[139.70341,35.62213],[139.70333,35.62216],[139.70276,35.62237],[139.70245,35.62249],[139.70238,35.62253],[139.70227,35.62261],[139.70225,35.62262],[139.70224,35.62263],[139.70221,35.62265],[139.70194,35.62288],[139.70187,35.62293],[139.70185,35.62296],[139.70182,35.62298],[139.70164,35.62315],[139.70156,35.62319],[139.70136,35.62327],[139.7013,35.62329],[139.70081,35.62345],[139.70076,35.62347],[139.70071,35.62348],[139.70064,35.62351],[139.70013,35.62362],[139.69973,35.62373],[139.69942,35.62384],[139.69938,35.62385],[139.69934,35.62387],[139.6992,35.62392],[139.69877,35.62404],[139.69846,35.6241],[139.69842,35.62411],[139.69839,35.62412],[139.69837,35.62412],[139.69829,35.62415],[139.69771,35.62444],[139.69747,35.62448],[139.69746,35.62448],[139.69743,35.62448],[139.69738,35.62449],[139.69676,35.62459],[139.69642,35.62472],[139.69628,35.62476],[139.69615,35.62481],[139.69614,35.62482],[139.69614,35.62482],[139.69627,35.62492],[139.69634,35.62497],[139.69673,35.62507],[139.69708,35.62515],[139.69712,35.62516],[139.69716,35.62517],[139.69744,35.62524],[139.69786,35.62528],[139.6981,35.62543],[139.69836,35.62557],[139.69842,35.6256],[139.69848,35.62561],[139.69859,35.62562],[139.69873,35.62562],[139.69878,35.62562],[139.69884,35.62562],[139.69941,35.62562],[139.69951,35.62564],[139.69971,35.62569],[139.70016,35.62581],[139.70022,35.62582],[139.70042,35.62586],[139.70061,35.62589],[139.70091,35.6259],[139.70123,35.6259],[139.70133,35.6259],[139.70146,35.6259],[139.70159,35.62583],[139.70176,35.62571],[139.70191,35.62559],[139.70218,35.62552],[139.70231,35.62549],[139.70234,35.62537],[139.70241,35.62511],[139.70244,35.625],[139.70246,35.62495],[139.70251,35.62483],[139.70285,35.62488],[139.70324,35.62492],[139.70366,35.62501],[139.70377,35.62505],[139.70392,35.62484],[139.70401,35.62471],[139.7041,35.62475],[139.70457,35.62498],[139.70518,35.6252],[139.70576,35.62536],[139.70604,35.62541],[139.70638,35.62544],[139.70693,35.62547],[139.70713,35.62547],[139.7073,35.62581],[139.70731,35.62584],[139.70747,35.62616],[139.7075,35.6262],[139.70764,35.62619],[139.70769,35.62618],[139.70774,35.62618],[139.70784,35.62617],[139.70798,35.62615],[139.70816,35.62615],[139.7082,35.62615],[139.70821,35.62615],[139.70825,35.62615],[139.70839,35.62616],[139.70863,35.62623],[139.70907,35.62638],[139.70919,35.62644],[139.70922,35.62646],[139.70927,35.62648],[139.70958,35.62663],[139.71025,35.627],[139.71026,35.62701],[139.71038,35.62708],[139.71042,35.62711],[139.71082,35.62736],[139.71093,35.62741],[139.71096,35.62742],[139.711,35.62743],[139.71123,35.62749],[139.71132,35.62751],[139.71137,35.62753],[139.71145,35.62755],[139.71181,35.62767],[139.71169,35.62796],[139.71179,35.62799],[139.71184,35.62801],[139.7121,35.62811],[139.71224,35.62816],[139.71237,35.62821],[139.71248,35.62825],[139.71323,35.62854],[139.71327,35.62855],[139.71362,35.62869],[139.71383,35.62876],[139.71424,35.62891],[139.71442,35.62897],[139.71449,35.629],[139.71463,35.62905],[139.71452,35.62916],[139.71428,35.62947],[139.71433,35.62949],[139.71444,35.62955],[139.71446,35.62956],[139.7145,35.62958],[139.71463,35.62966],[139.71482,35.62979],[139.71482,35.6298],[139.71477,35.63003],[139.71462,35.6305],[139.71448,35.631],[139.71442,35.63117],[139.7144,35.63132],[139.71441,35.63158],[139.71442,35.63163],[139.71445,35.63196],[139.71447,35.63214],[139.71446,35.63221],[139.71435,35.63234],[139.71422,35.63261],[139.7142,35.63271],[139.71423,35.6329],[139.71435,35.63316],[139.71437,35.63321],[139.71443,35.63333],[139.71445,35.63345],[139.71444,35.6339],[139.71444,35.63402],[139.71444,35.63414],[139.7144,35.63428],[139.71432,35.6344],[139.71418,35.63463],[139.71415,35.63467],[139.71413,35.63471],[139.71398,35.63495],[139.71391,35.63509],[139.71388,35.63516],[139.71386,35.63519],[139.71377,35.63543],[139.71373,35.63559],[139.71368,35.63579],[139.71368,35.63581],[139.71365,35.63591],[139.71359,35.63618],[139.71356,35.63629],[139.71354,35.63636],[139.7134,35.63693],[139.71336,35.63706],[139.71328,35.63738],[139.71323,35.63755],[139.71323,35.63756],[139.71349,35.63769],[139.71353,35.63772],[139.71359,35.63775],[139.71376,35.63784],[139.71372,35.63789],[139.71365,35.63797],[139.71387,35.63805],[139.71391,35.63806],[139.714,35.63811],[139.71426,35.63825],[139.71429,35.63827],[139.71444,35.63841],[139.71453,35.63849],[139.71461,35.63857],[139.71467,35.63864],[139.71467,35.63864],[139.71468,35.63866],[139.71475,35.63881],[139.71484,35.639],[139.71493,35.63938],[139.71493,35.6394],[139.71494,35.63941],[139.71495,35.63945],[139.71506,35.63974],[139.71516,35.63999],[139.71519,35.64005],[139.71526,35.64021],[139.71534,35.64038],[139.71543,35.64042],[139.71562,35.6405],[139.71625,35.64081],[139.71629,35.64083],[139.71639,35.64086],[139.71644,35.64088],[139.71658,35.64093],[139.71704,35.64108],[139.71765,35.64127],[139.71764,35.64151],[139.71764,35.64155],[139.71764,35.64158],[139.71764,35.64166],[139.71808,35.64166],[139.71812,35.64166],[139.71819,35.64166],[139.71839,35.64166],[139.71868,35.64165],[139.71877,35.64166],[139.71884,35.64168],[139.71888,35.64169],[139.7189,35.6417],[139.7192,35.64185]]],[[[139.77135,35.62314],[139.77199,35.6223],[139.77206,35.6222],[139.77223,35.62197],[139.77231,35.62188],[139.77301,35.62101],[139.77359,35.62031],[139.7721,35.61949],[139.77227,35.61926],[139.77183,35.61902],[139.7718,35.61908],[139.77216,35.61927],[139.77205,35.61945],[139.77076,35.61877],[139.77086,35.61862],[139.77126,35.61883],[139.7713,35.61876],[139.77084,35.61852],[139.77068,35.61872],[139.77059,35.61868],[139.77037,35.61894],[139.76847,35.62115],[139.76864,35.6213],[139.76837,35.62167],[139.76821,35.62156],[139.76766,35.62213],[139.76766,35.62589],[139.76872,35.62645],[139.76886,35.62628],[139.76903,35.62608],[139.76979,35.62517],[139.77001,35.62489],[139.77104,35.62354],[139.77135,35.62314]]]]}},{"type":"Feature","properties":{"ja":"江戸川区"},"geometry":{"type":"MultiPolygon","coordinates":[[[[139.89044,35.75028],[139.89082,35.74987],[139.89139,35.74927],[139.89287,35.74808],[139.89337,35.74788],[139.89666,35.74671],[139.89766,35.74613],[139.89855,35.74541],[139.89902,35.74487],[139.89945,35.74439],[139.90023,35.7425],[139.90068,35.74135],[139.90096,35.74006],[139.90102,35.7385],[139.90098,35.7382],[139.90088,35.73746],[139.90064,35.73688],[139.90057,35.7367],[139.90037,35.73622],[139.90035,35.73617],[139.89929,35.73429],[139.8987,35.73323],[139.89847,35.73283],[139.89793,35.73187],[139.89778,35.73134],[139.89757,35.73058],[139.89748,35.73019],[139.89726,35.72928],[139.89714,35.72784],[139.89715,35.7277],[139.8972,35.72675],[139.89765,35.725],[139.89798,35.72429],[139.89865,35.72345],[139.89887,35.72328],[139.8993,35.72296],[139.89993,35.72247],[139.90084,35.72184],[139.90183,35.72117],[139.9028,35.72045],[139.90398,35.71959],[139.90478,35.71889],[139.90569,35.71784],[139.90677,35.71577],[139.90749,35.71465],[139.90812,35.71386],[139.90901,35.71312],[139.90925,35.71292],[139.91156,35.71156],[139.91186,35.71139],[139.91343,35.71051],[139.91414,35.70998],[139.91477,35.70951],[139.91529,35.70897],[139.91541,35.70884],[139.91557,35.70868],[139.91621,35.708],[139.91654,35.70529],[139.91698,35.70352],[139.91757,35.70228],[139.91759,35.70225],[139.91764,35.70213],[139.91783,35.70173],[139.91865,35.69984],[139.91876,35.69928],[139.9189,35.69861],[139.9189,35.69827],[139.91873,35.69771],[139.91662,35.69473],[139.91551,35.69315],[139.91491,35.69229],[139.91385,35.69093],[139.91297,35.69002],[139.91061,35.68758],[139.90864,35.68551],[139.90715,35.68438],[139.90593,35.68367],[139.90546,35.6835],[139.90505,35.68335],[139.90378,35.68312],[139.89947,35.68275],[139.89598,35.68236],[139.89515,35.68224],[139.89453,35.68215],[139.89355,35.682],[139.89204,35.68164],[139.89086,35.68131],[139.89051,35.68115],[139.89029,35.68106],[139.89028,35.68106],[139.89005,35.68096],[139.88908,35.68055],[139.88794,35.67999],[139.88694,35.67926],[139.88643,35.67857],[139.8862,35.67774],[139.88612,35.6773],[139.88581,35.67582],[139.88562,35.67486],[139.88553,35.67277],[139.88565,35.67207],[139.88606,35.67116],[139.88607,35.67114],[139.88667,35.66991],[139.88723,35.66879],[139.88736,35.66792],[139.88732,35.66632],[139.88722,35.66552],[139.88711,35.66451],[139.88711,35.66386],[139.88712,35.66351],[139.88714,35.66187],[139.88717,35.661],[139.88733,35.65713],[139.88739,35.65617],[139.88732,35.65555],[139.8869,35.65373],[139.88624,35.65211],[139.88602,35.65156],[139.88532,35.65001],[139.88429,35.64726],[139.884,35.64648],[139.88377,35.64563],[139.88349,35.64512],[139.88314,35.64476],[139.88262,35.64438],[139.88196,35.64402],[139.8796,35.64275],[139.87531,35.64062],[139.87503,35.64047],[139.87455,35.64023],[139.87413,35.64001],[139.87378,35.63983],[139.87184,35.64055],[139.87176,35.64041],[139.87081,35.63888],[139.86915,35.63917],[139.86762,35.63883],[139.86641,35.63861],[139.86496,35.63845],[139.86491,35.63845],[139.86315,35.6384],[139.86226,35.63844],[139.86135,35.63854],[139.86139,35.6387],[139.86089,35.63878],[139.86077,35.63837],[139.85988,35.63854],[139.85992,35.63868],[139.86066,35.63853],[139.86074,35.63881],[139.85949,35.63908],[139.85944,35.63892],[139.85785,35.63933],[139.85758,35.6394],[139.85705,35.63957],[139.85689,35.63962],[139.85644,35.63979],[139.85652,35.63992],[139.85574,35.64026],[139.85557,35.63999],[139.85599,35.63981],[139.85592,35.6397],[139.85538,35.63993],[139.85563,35.64031],[139.8553,35.64046],[139.85521,35.64032],[139.85403,35.64094],[139.85216,35.64206],[139.85209,35.64226],[139.8511,35.64231],[139.8502,35.6424],[139.84989,35.64254],[139.84958,35.64275],[139.84961,35.64335],[139.84966,35.64461],[139.84974,35.64596],[139.84976,35.64622],[139.84978,35.64637],[139.84978,35.64642],[139.8498,35.64655],[139.84983,35.64688],[139.84983,35.64691],[139.84987,35.64722],[139.84988,35.64737],[139.84999,35.64841],[139.85001,35.64892],[139.85006,35.64986],[139.85027,35.65308],[139.85037,35.6543],[139.85038,35.65454],[139.85049,35.65652],[139.84554,35.65672],[139.84566,35.65806],[139.84587,35.66091],[139.84596,35.66205],[139.84598,35.6623],[139.846,35.6626],[139.84602,35.66288],[139.84608,35.66361],[139.84622,35.66566],[139.84639,35.66791],[139.84649,35.66991],[139.84663,35.67134],[139.84673,35.67229],[139.84688,35.67385],[139.84733,35.6761],[139.8474,35.67637],[139.84778,35.67787],[139.84822,35.67914],[139.84717,35.67994],[139.8464,35.68055],[139.8458,35.68102],[139.84564,35.68114],[139.84551,35.68129],[139.84631,35.68257],[139.84644,35.6828],[139.8466,35.68307],[139.84638,35.68338],[139.84647,35.68399],[139.84663,35.68459],[139.84669,35.6848],[139.84683,35.68533],[139.84708,35.68637],[139.84745,35.68764],[139.84758,35.68809],[139.84776,35.68926],[139.84781,35.68974],[139.84784,35.69006],[139.84786,35.69024],[139.84789,35.69055],[139.84788,35.69086],[139.84787,35.691],[139.84787,35.691],[139.84784,35.69225],[139.84783,35.69256],[139.84782,35.69292],[139.84777,35.69403],[139.8477,35.69497],[139.84764,35.69506],[139.84761,35.6951],[139.84757,35.69517],[139.84704,35.69599],[139.8469,35.69621],[139.84637,35.69698],[139.84566,35.69793],[139.84549,35.69811],[139.84511,35.69856],[139.84501,35.69864],[139.84452,35.69908],[139.84381,35.69954],[139.84265,35.70007],[139.84119,35.70068],[139.84075,35.70087],[139.84053,35.70095],[139.83804,35.70184],[139.83803,35.70184],[139.83625,35.70258],[139.83567,35.70288],[139.8354,35.70302],[139.83504,35.70331],[139.8348,35.70368],[139.83448,35.70435],[139.83438,35.70473],[139.8344,35.70496],[139.83455,35.70529],[139.83489,35.70583],[139.83564,35.70669],[139.83598,35.70699],[139.83661,35.70753],[139.83742,35.7082],[139.83763,35.70834],[139.83786,35.70849],[139.83888,35.70915],[139.83924,35.70948],[139.83949,35.70982],[139.83957,35.71005],[139.8396,35.71035],[139.83954,35.71058],[139.83931,35.71087],[139.83881,35.7112],[139.83819,35.71148],[139.83597,35.7122],[139.83536,35.71254],[139.83517,35.71267],[139.83468,35.71301],[139.83416,35.71344],[139.83363,35.71402],[139.83332,35.71464],[139.83321,35.71496],[139.83316,35.7151],[139.83311,35.71547],[139.83316,35.71576],[139.83334,35.71617],[139.83375,35.71677],[139.83415,35.71716],[139.83477,35.71757],[139.835,35.71766],[139.83549,35.71787],[139.8361,35.71797],[139.83677,35.71796],[139.83752,35.71778],[139.83793,35.71768],[139.83836,35.71753],[139.83859,35.71744],[139.83904,35.71711],[139.83981,35.71757],[139.84003,35.7177],[139.84024,35.71783],[139.84092,35.71835],[139.84215,35.71931],[139.84255,35.71894],[139.84479,35.71689],[139.84612,35.71567],[139.84654,35.71529],[139.84868,35.71333],[139.84908,35.71296],[139.8495,35.71256],[139.85024,35.71188],[139.85135,35.71085],[139.8523,35.71143],[139.85316,35.71194],[139.85323,35.71199],[139.8537,35.71227],[139.85404,35.71247],[139.85419,35.71258],[139.85435,35.71269],[139.85454,35.71283],[139.85456,35.71286],[139.85458,35.71289],[139.85475,35.71317],[139.85478,35.71322],[139.8548,35.71325],[139.85494,35.71347],[139.85515,35.71356],[139.8553,35.7138],[139.85579,35.71374],[139.85618,35.71434],[139.8562,35.71436],[139.85622,35.71439],[139.85626,35.71446],[139.85705,35.71423],[139.85711,35.71421],[139.85715,35.7142],[139.85746,35.71411],[139.85756,35.71408],[139.85759,35.71408],[139.85767,35.71406],[139.85777,35.71404],[139.85794,35.714],[139.85808,35.71414],[139.85814,35.7141],[139.85819,35.71406],[139.85823,35.71404],[139.85854,35.71382],[139.85907,35.71417],[139.85934,35.71392],[139.85938,35.71388],[139.8594,35.71386],[139.85962,35.71366],[139.85971,35.71373],[139.85973,35.71374],[139.85977,35.71377],[139.86015,35.71405],[139.86019,35.71407],[139.86025,35.71412],[139.86055,35.71434],[139.86084,35.71408],[139.86088,35.71405],[139.8609,35.71403],[139.86152,35.71347],[139.86155,35.71345],[139.86158,35.71342],[139.86212,35.71294],[139.86224,35.71283],[139.86231,35.71289],[139.86234,35.71292],[139.86239,35.71296],[139.86263,35.71314],[139.86296,35.71291],[139.86336,35.71312],[139.86346,35.71317],[139.86355,35.71322],[139.86358,35.71321],[139.8646,35.71307],[139.86467,35.71306],[139.86472,35.71306],[139.86482,35.71304],[139.86483,35.71311],[139.86484,35.71321],[139.86647,35.71293],[139.8666,35.71291],[139.86657,35.71242],[139.86657,35.7123],[139.86695,35.71227],[139.86695,35.71214],[139.8672,35.71213],[139.8674,35.71212],[139.86743,35.71218],[139.86751,35.71229],[139.86757,35.71238],[139.86762,35.71244],[139.86766,35.71251],[139.8677,35.71257],[139.86772,35.71259],[139.86782,35.71275],[139.86801,35.71319],[139.86811,35.7133],[139.86815,35.71334],[139.86827,35.71347],[139.8683,35.7135],[139.86841,35.71355],[139.86846,35.71358],[139.86861,35.71421],[139.86856,35.71458],[139.86853,35.71464],[139.8685,35.7147],[139.8684,35.71487],[139.86821,35.71519],[139.86821,35.7152],[139.86804,35.71536],[139.86789,35.71551],[139.86779,35.71575],[139.86758,35.71625],[139.86756,35.71628],[139.86744,35.71652],[139.86725,35.71686],[139.86717,35.71702],[139.86681,35.71765],[139.86655,35.71784],[139.86652,35.7179],[139.86632,35.7183],[139.86627,35.71853],[139.86643,35.71907],[139.86667,35.71927],[139.86697,35.71952],[139.867,35.71954],[139.86704,35.71962],[139.86709,35.71971],[139.86727,35.72006],[139.86732,35.72039],[139.86733,35.72048],[139.86729,35.72095],[139.86736,35.72126],[139.86788,35.72225],[139.86801,35.7225],[139.86804,35.72255],[139.86808,35.72263],[139.86812,35.72268],[139.8682,35.72281],[139.86823,35.72286],[139.86826,35.72291],[139.86831,35.723],[139.86834,35.72301],[139.86848,35.72308],[139.86857,35.72313],[139.86871,35.7232],[139.86871,35.7232],[139.86898,35.72331],[139.86892,35.72342],[139.8689,35.72347],[139.86874,35.7238],[139.86952,35.72431],[139.86957,35.72435],[139.86962,35.72438],[139.8697,35.72444],[139.86979,35.72428],[139.87055,35.72471],[139.87052,35.72512],[139.87052,35.72517],[139.8705,35.72537],[139.87049,35.72558],[139.87049,35.72569],[139.87047,35.72601],[139.87046,35.72626],[139.87045,35.72629],[139.87033,35.72677],[139.86999,35.72761],[139.87001,35.72769],[139.87003,35.72777],[139.87012,35.72815],[139.87019,35.72843],[139.87023,35.72859],[139.87027,35.72876],[139.87014,35.72902],[139.87082,35.72911],[139.87084,35.72913],[139.87089,35.72916],[139.87129,35.72947],[139.87135,35.72952],[139.87143,35.72957],[139.87153,35.72966],[139.87157,35.72968],[139.87176,35.72982],[139.87195,35.72993],[139.87218,35.73004],[139.87218,35.73089],[139.87225,35.73133],[139.87232,35.73171],[139.87218,35.73197],[139.87216,35.73201],[139.87193,35.73244],[139.87202,35.73269],[139.87211,35.73297],[139.87224,35.73333],[139.87225,35.73335],[139.87232,35.73351],[139.87249,35.73391],[139.8725,35.73409],[139.87238,35.73416],[139.87233,35.73422],[139.87228,35.73429],[139.87223,35.73436],[139.87218,35.73442],[139.87217,35.73444],[139.8722,35.73445],[139.87248,35.73445],[139.87263,35.73446],[139.87263,35.73461],[139.87274,35.73468],[139.873,35.73484],[139.87336,35.73508],[139.87351,35.73517],[139.87357,35.73544],[139.87359,35.7355],[139.87365,35.73577],[139.87368,35.73586],[139.8737,35.73596],[139.87394,35.73602],[139.87364,35.7365],[139.87362,35.73655],[139.87361,35.73657],[139.87355,35.73666],[139.87316,35.73657],[139.87315,35.73656],[139.87316,35.73659],[139.87316,35.73659],[139.87326,35.73688],[139.87315,35.73704],[139.87304,35.73721],[139.87301,35.73725],[139.87293,35.73737],[139.87299,35.73746],[139.87308,35.73758],[139.87317,35.7377],[139.87318,35.73769],[139.87335,35.73745],[139.87343,35.73735],[139.87358,35.73714],[139.87363,35.73707],[139.87366,35.73702],[139.87369,35.73699],[139.87379,35.73687],[139.8742,35.73681],[139.87422,35.73681],[139.87428,35.7368],[139.87449,35.73677],[139.87466,35.73675],[139.87476,35.73706],[139.87491,35.73713],[139.87495,35.73715],[139.8751,35.73722],[139.87524,35.73728],[139.87525,35.73728],[139.87546,35.73724],[139.87552,35.73723],[139.87564,35.73721],[139.87569,35.7372],[139.87572,35.73719],[139.87585,35.73716],[139.87592,35.73715],[139.87595,35.73714],[139.87595,35.73714],[139.87654,35.73704],[139.87685,35.73752],[139.87688,35.73757],[139.87693,35.73765],[139.87686,35.73822],[139.87684,35.73837],[139.87683,35.73841],[139.87681,35.73857],[139.87707,35.73875],[139.87714,35.7388],[139.87721,35.73915],[139.87728,35.73946],[139.87729,35.73951],[139.87731,35.73963],[139.87738,35.73991],[139.8774,35.74004],[139.87742,35.74013],[139.87723,35.74025],[139.87723,35.74035],[139.87737,35.74047],[139.87749,35.74074],[139.87752,35.7408],[139.87756,35.74089],[139.87757,35.74091],[139.87757,35.74092],[139.87758,35.74092],[139.87772,35.74095],[139.87795,35.74099],[139.87859,35.74071],[139.87886,35.74059],[139.87903,35.74051],[139.8791,35.74048],[139.87917,35.74045],[139.87991,35.74013],[139.88031,35.74023],[139.88035,35.74024],[139.88038,35.74025],[139.8805,35.74028],[139.88045,35.74038],[139.88044,35.7404],[139.88042,35.74043],[139.88,35.74117],[139.87998,35.74119],[139.8799,35.74134],[139.87984,35.74143],[139.87979,35.74153],[139.88029,35.74159],[139.88069,35.74164],[139.8807,35.7417],[139.88071,35.74175],[139.88074,35.74191],[139.88101,35.74197],[139.88103,35.74219],[139.88103,35.74227],[139.88104,35.74239],[139.88105,35.74257],[139.88106,35.74265],[139.88106,35.74271],[139.88133,35.74277],[139.88155,35.74286],[139.88153,35.743],[139.88153,35.74308],[139.88152,35.74317],[139.8815,35.74331],[139.88169,35.74336],[139.88184,35.74341],[139.88194,35.74344],[139.88217,35.74351],[139.88215,35.74356],[139.88214,35.7436],[139.88211,35.74366],[139.88191,35.7442],[139.8819,35.74425],[139.88188,35.7443],[139.88186,35.74435],[139.88257,35.74467],[139.88269,35.74472],[139.88275,35.74475],[139.88278,35.74476],[139.88289,35.74481],[139.8831,35.74483],[139.88319,35.74484],[139.88331,35.74486],[139.88375,35.7449],[139.88375,35.7449],[139.88378,35.74494],[139.88383,35.74499],[139.88386,35.74502],[139.884,35.7452],[139.88457,35.74524],[139.88462,35.74553],[139.88474,35.74554],[139.88478,35.74555],[139.88504,35.74556],[139.88501,35.74573],[139.88489,35.74635],[139.88489,35.74638],[139.88487,35.74647],[139.88486,35.74655],[139.88462,35.74655],[139.88458,35.74656],[139.88428,35.74656],[139.88427,35.74678],[139.88396,35.74679],[139.88396,35.74687],[139.88392,35.74688],[139.88387,35.74691],[139.88381,35.74694],[139.88354,35.74709],[139.88349,35.74711],[139.88324,35.74724],[139.88304,35.74736],[139.88295,35.74741],[139.88293,35.74743],[139.88288,35.74746],[139.88282,35.74748],[139.88283,35.7475],[139.88293,35.74772],[139.88295,35.74777],[139.88301,35.7479],[139.88305,35.74799],[139.8831,35.74813],[139.88299,35.74834],[139.88251,35.74847],[139.88231,35.74862],[139.88213,35.74853],[139.88211,35.74851],[139.88187,35.74839],[139.88185,35.7486],[139.88137,35.74866],[139.88113,35.74861],[139.88106,35.7486],[139.88102,35.74859],[139.88044,35.74848],[139.88046,35.74858],[139.88058,35.74906],[139.88059,35.7491],[139.8807,35.74953],[139.88073,35.74965],[139.88074,35.74968],[139.88074,35.74971],[139.88075,35.74973],[139.88081,35.74973],[139.88087,35.74973],[139.8809,35.74973],[139.88195,35.74968],[139.882,35.74968],[139.88203,35.74968],[139.88216,35.74967],[139.8827,35.74954],[139.88279,35.74963],[139.88282,35.74966],[139.88284,35.74968],[139.88292,35.74976],[139.88301,35.74985],[139.88312,35.74986],[139.88321,35.74987],[139.88338,35.74988],[139.88381,35.74992],[139.88409,35.74993],[139.88413,35.74994],[139.88428,35.74994],[139.88458,35.74996],[139.88455,35.75007],[139.88454,35.7501],[139.88449,35.75028],[139.88447,35.75037],[139.88455,35.75044],[139.88515,35.75042],[139.88576,35.75041],[139.88583,35.75053],[139.88591,35.75067],[139.88616,35.75067],[139.88647,35.75068],[139.88724,35.75068],[139.88923,35.75069],[139.88931,35.7507],[139.88998,35.75077],[139.89018,35.75055],[139.89044,35.75028]]],[[[139.84967,35.63582],[139.8499,35.63853],[139.84993,35.63888],[139.84996,35.63913],[139.85003,35.63936],[139.85014,35.63953],[139.85033,35.63972],[139.85067,35.64],[139.85094,35.64013],[139.85121,35.64023],[139.85142,35.64026],[139.85176,35.64029],[139.85206,35.64029],[139.85237,35.64025],[139.85265,35.64016],[139.85414,35.63956],[139.8548,35.63931],[139.85512,35.63916],[139.85515,35.63915],[139.85535,35.63901],[139.85566,35.63866],[139.8558,35.6385],[139.85591,35.63844],[139.85602,35.63841],[139.85694,35.63839],[139.85705,35.63837],[139.85737,35.6383],[139.85837,35.63801],[139.85863,35.63791],[139.85891,35.63777],[139.85906,35.63766],[139.85919,35.63749],[139.85933,35.63724],[139.85938,35.63711],[139.8594,35.63676],[139.85937,35.63659],[139.85926,35.63641],[139.85883,35.63592],[139.85844,35.63549],[139.85814,35.63515],[139.85794,35.63499],[139.85776,35.63489],[139.85741,35.6348],[139.85738,35.63489],[139.85773,35.63498],[139.8579,35.63507],[139.85808,35.63523],[139.85875,35.636],[139.85866,35.63616],[139.85858,35.6363],[139.85847,35.63644],[139.85832,35.63661],[139.85821,35.63674],[139.85798,35.63695],[139.85769,35.63716],[139.85715,35.63745],[139.85596,35.6379],[139.85506,35.63819],[139.85434,35.63837],[139.8535,35.63852],[139.85238,35.63861],[139.8514,35.63864],[139.85036,35.63855],[139.85005,35.63852],[139.84988,35.63637],[139.84983,35.63581],[139.84967,35.63582]]],[[[139.8583,35.63415],[139.85937,35.63536],[139.86059,35.63672],[139.86084,35.63683],[139.86163,35.63704],[139.86245,35.63717],[139.86303,35.63718],[139.8639,35.63704],[139.8644,35.63692],[139.86471,35.63682],[139.86504,35.63671],[139.86561,35.63646],[139.86618,35.6362],[139.86686,35.63582],[139.86732,35.63552],[139.86754,35.63529],[139.86765,35.63505],[139.86768,35.63494],[139.86769,35.6343],[139.86766,35.63421],[139.86748,35.6339],[139.86661,35.63268],[139.86648,35.63258],[139.86614,35.63244],[139.86611,35.63253],[139.86646,35.63267],[139.86747,35.63407],[139.86758,35.63429],[139.86757,35.63493],[139.86752,35.6349],[139.86744,35.63487],[139.86731,35.63488],[139.86719,35.63493],[139.86702,35.63503],[139.86693,35.63509],[139.86681,35.63518],[139.86646,35.63546],[139.86611,35.63571],[139.86566,35.63602],[139.86539,35.63618],[139.8653,35.63627],[139.86519,35.63641],[139.86508,35.63653],[139.86499,35.63659],[139.86489,35.63662],[139.8647,35.63663],[139.86452,35.63666],[139.8644,35.63666],[139.86428,35.63664],[139.8641,35.63653],[139.8638,35.63633],[139.86355,35.63614],[139.86346,35.63602],[139.86333,35.63579],[139.86324,35.63566],[139.8632,35.63552],[139.86321,35.63543],[139.86325,35.63535],[139.86331,35.6353],[139.86339,35.63527],[139.86357,35.63527],[139.8638,35.6353],[139.86386,35.63531],[139.86389,35.63528],[139.86391,35.63522],[139.86389,35.63517],[139.86381,35.6351],[139.86369,35.63504],[139.86357,35.63502],[139.86347,35.635],[139.86326,35.63501],[139.86309,35.63504],[139.86295,35.63509],[139.86286,35.63515],[139.8628,35.63523],[139.86277,35.63533],[139.86276,35.63543],[139.86276,35.63552],[139.86279,35.6356],[139.86293,35.63575],[139.86299,35.63586],[139.86302,35.63596],[139.86302,35.63606],[139.86298,35.63617],[139.86289,35.63628],[139.86281,35.63633],[139.86272,35.63635],[139.86242,35.63632],[139.86225,35.6363],[139.86208,35.63632],[139.86156,35.63643],[139.8612,35.63657],[139.86092,35.63671],[139.86089,35.63675],[139.86076,35.6367],[139.86064,35.63663],[139.86008,35.63601],[139.86002,35.63595],[139.85838,35.63409],[139.8583,35.63415]]]]}},{"type":"Feature","properties":{"ja":"新宿区"},"geometry":{"type":"Polygon","coordinates":[[[139.72251,35.71227],[139.7225,35.71226],[139.72247,35.71222],[139.72244,35.71219],[139.72227,35.71199],[139.72216,35.71187],[139.7221,35.71165],[139.7221,35.71157],[139.72211,35.71156],[139.72228,35.71137],[139.72251,35.71125],[139.72293,35.71107],[139.72296,35.71105],[139.72297,35.71105],[139.72301,35.71105],[139.72316,35.71102],[139.7232,35.71093],[139.72321,35.71078],[139.72323,35.71066],[139.72325,35.71048],[139.72326,35.71041],[139.7235,35.71031],[139.72406,35.7102],[139.7241,35.71019],[139.72414,35.71019],[139.7243,35.71015],[139.72502,35.70992],[139.72519,35.70978],[139.72521,35.70976],[139.72526,35.70972],[139.72529,35.70967],[139.72536,35.70952],[139.72541,35.70943],[139.72566,35.70931],[139.72592,35.70923],[139.72598,35.70921],[139.72621,35.70934],[139.72634,35.70942],[139.72641,35.70946],[139.72645,35.70948],[139.72663,35.70959],[139.7267,35.70962],[139.72691,35.70971],[139.72702,35.70976],[139.72729,35.70988],[139.72742,35.70994],[139.728,35.70989],[139.72804,35.7098],[139.72809,35.70967],[139.72813,35.70957],[139.72816,35.70949],[139.72822,35.70947],[139.7284,35.70939],[139.72844,35.70937],[139.7285,35.70935],[139.72858,35.70931],[139.72904,35.70934],[139.72907,35.70935],[139.72911,35.70935],[139.72971,35.70939],[139.72976,35.70939],[139.7298,35.7094],[139.73005,35.70941],[139.73061,35.70941],[139.73065,35.70941],[139.73065,35.70941],[139.7307,35.70941],[139.73109,35.70941],[139.73116,35.70941],[139.73144,35.70935],[139.73158,35.70932],[139.73173,35.70929],[139.73184,35.70927],[139.73181,35.70913],[139.73179,35.709],[139.73178,35.70895],[139.73177,35.70891],[139.73165,35.70835],[139.73165,35.70835],[139.73166,35.70831],[139.73167,35.70827],[139.73168,35.70823],[139.73171,35.7082],[139.73223,35.70763],[139.73242,35.70742],[139.73244,35.70739],[139.73252,35.70739],[139.73259,35.70739],[139.73265,35.70738],[139.73287,35.70737],[139.73321,35.7077],[139.73404,35.70772],[139.7341,35.70793],[139.73412,35.70798],[139.73413,35.70801],[139.7342,35.70821],[139.73467,35.70816],[139.73475,35.70817],[139.73478,35.70817],[139.7349,35.70818],[139.73528,35.70821],[139.73538,35.70822],[139.73541,35.70822],[139.73544,35.7084],[139.73546,35.70852],[139.73548,35.70862],[139.73558,35.70877],[139.73564,35.70886],[139.73564,35.70886],[139.73576,35.70905],[139.7358,35.70911],[139.73585,35.70918],[139.73611,35.70914],[139.73645,35.70908],[139.73697,35.709],[139.73852,35.70876],[139.73872,35.70873],[139.73974,35.70858],[139.74016,35.70852],[139.74146,35.70834],[139.74237,35.7082],[139.7428,35.70813],[139.74305,35.70805],[139.74317,35.70797],[139.74325,35.70791],[139.74329,35.70787],[139.74337,35.70778],[139.74337,35.70777],[139.7434,35.70774],[139.74353,35.70745],[139.74425,35.7051],[139.74442,35.70463],[139.74453,35.70432],[139.74462,35.70407],[139.74479,35.70374],[139.74485,35.70362],[139.74487,35.70359],[139.74499,35.70347],[139.74505,35.70343],[139.74506,35.70342],[139.74523,35.70329],[139.74535,35.70325],[139.7455,35.70319],[139.74551,35.70319],[139.74571,35.70309],[139.74575,35.70307],[139.74576,35.70305],[139.74577,35.70304],[139.74579,35.703],[139.74583,35.70296],[139.74587,35.70291],[139.74564,35.70274],[139.74554,35.70268],[139.74539,35.70259],[139.74526,35.70252],[139.74526,35.70252],[139.74512,35.70245],[139.74509,35.70243],[139.74499,35.70238],[139.74497,35.70237],[139.74479,35.70228],[139.74474,35.70225],[139.74468,35.70224],[139.74458,35.70232],[139.74448,35.70231],[139.74446,35.70229],[139.74431,35.70216],[139.7443,35.70216],[139.74413,35.70203],[139.74402,35.70193],[139.74391,35.70184],[139.74384,35.70177],[139.74369,35.70163],[139.74372,35.7016],[139.74412,35.70127],[139.74373,35.70085],[139.74361,35.70069],[139.74354,35.70061],[139.74346,35.70052],[139.74321,35.70022],[139.74304,35.70002],[139.74303,35.70001],[139.74292,35.69989],[139.74282,35.69979],[139.7427,35.69969],[139.74205,35.69892],[139.7416,35.69839],[139.74145,35.69818],[139.74144,35.69816],[139.73998,35.69629],[139.73935,35.69539],[139.73934,35.69537],[139.73921,35.69519],[139.73908,35.695],[139.73908,35.695],[139.73886,35.69469],[139.73822,35.69395],[139.73783,35.69353],[139.73779,35.69344],[139.73757,35.69323],[139.737,35.69274],[139.737,35.69273],[139.73672,35.6925],[139.73628,35.69219],[139.73615,35.69212],[139.73614,35.69212],[139.73607,35.69208],[139.73584,35.69196],[139.73571,35.6919],[139.73543,35.69175],[139.73532,35.69169],[139.73495,35.69151],[139.73436,35.6912],[139.73407,35.69102],[139.73399,35.69097],[139.73311,35.69037],[139.73281,35.69016],[139.73254,35.69002],[139.73253,35.69001],[139.73228,35.68988],[139.73207,35.6898],[139.73165,35.68962],[139.73157,35.68957],[139.73137,35.6894],[139.73123,35.68923],[139.73117,35.68914],[139.73109,35.68898],[139.73104,35.68876],[139.73101,35.68863],[139.73095,35.68847],[139.73084,35.68829],[139.73079,35.6881],[139.73076,35.68788],[139.73066,35.68754],[139.73038,35.68697],[139.73036,35.68692],[139.7303,35.68677],[139.73028,35.68671],[139.73027,35.68663],[139.73026,35.68649],[139.73026,35.68645],[139.73025,35.68632],[139.73019,35.68607],[139.73016,35.68592],[139.73009,35.68579],[139.73004,35.6857],[139.73,35.68554],[139.73001,35.68538],[139.73005,35.68524],[139.73007,35.68512],[139.73012,35.68494],[139.73012,35.68491],[139.73017,35.6847],[139.73018,35.68469],[139.73019,35.68466],[139.73027,35.68451],[139.73032,35.68425],[139.73041,35.68382],[139.73048,35.68355],[139.73056,35.68336],[139.7306,35.68325],[139.73075,35.68288],[139.731,35.68236],[139.73102,35.68232],[139.7312,35.68198],[139.7315,35.6815],[139.73145,35.68147],[139.73108,35.68124],[139.73099,35.68119],[139.73094,35.68116],[139.73091,35.68115],[139.73071,35.68102],[139.73054,35.68127],[139.73051,35.68131],[139.73021,35.68173],[139.7299,35.68219],[139.72983,35.6823],[139.72976,35.68249],[139.72973,35.68253],[139.72956,35.68281],[139.72912,35.68282],[139.72853,35.68283],[139.72846,35.68282],[139.72845,35.68281],[139.72845,35.68281],[139.72834,35.68264],[139.72782,35.68188],[139.72778,35.68179],[139.72771,35.68164],[139.72765,35.68151],[139.72757,35.68106],[139.72751,35.68081],[139.72722,35.68025],[139.72715,35.68012],[139.72698,35.67981],[139.7269,35.67966],[139.7268,35.67942],[139.72675,35.67929],[139.72622,35.67903],[139.72604,35.67911],[139.72573,35.67913],[139.72554,35.6791],[139.72538,35.6791],[139.72514,35.67924],[139.72493,35.67935],[139.72468,35.67932],[139.72466,35.67932],[139.72421,35.67916],[139.72412,35.67913],[139.72405,35.67912],[139.72385,35.67909],[139.72367,35.67909],[139.7232,35.67911],[139.72318,35.67906],[139.72317,35.67903],[139.72321,35.67881],[139.72323,35.67875],[139.72327,35.67856],[139.72272,35.67825],[139.72267,35.67851],[139.72266,35.67856],[139.72258,35.67906],[139.72216,35.67903],[139.72155,35.67885],[139.72151,35.6789],[139.72129,35.67915],[139.72125,35.6792],[139.72121,35.67925],[139.72115,35.67932],[139.72085,35.6792],[139.72064,35.67913],[139.72047,35.67902],[139.72028,35.6789],[139.72014,35.67881],[139.72007,35.67877],[139.71993,35.67868],[139.71989,35.6786],[139.71988,35.67851],[139.71986,35.67841],[139.71975,35.67841],[139.7196,35.67849],[139.71948,35.67841],[139.71958,35.67831],[139.71977,35.67788],[139.71993,35.67755],[139.71983,35.67751],[139.71975,35.67748],[139.71967,35.67745],[139.71956,35.67741],[139.71986,35.67673],[139.71962,35.67666],[139.71973,35.67628],[139.7198,35.67583],[139.71978,35.67576],[139.71989,35.67552],[139.7199,35.67547],[139.71995,35.67532],[139.71974,35.67495],[139.7196,35.67471],[139.71947,35.6745],[139.71927,35.67441],[139.71872,35.67418],[139.71814,35.67393],[139.71726,35.67362],[139.71656,35.67343],[139.71615,35.67404],[139.716,35.67401],[139.71546,35.67389],[139.71508,35.67464],[139.71486,35.67508],[139.71472,35.67503],[139.71386,35.6747],[139.71369,35.67462],[139.71308,35.6746],[139.71289,35.67462],[139.71293,35.67524],[139.71294,35.67565],[139.71295,35.67609],[139.71296,35.67622],[139.71292,35.67657],[139.7129,35.6769],[139.71289,35.67704],[139.7129,35.67729],[139.7135,35.67835],[139.71362,35.67857],[139.71397,35.67918],[139.71421,35.67961],[139.71432,35.67981],[139.7144,35.67995],[139.71441,35.67997],[139.71448,35.68009],[139.71456,35.68023],[139.71467,35.68047],[139.71471,35.68055],[139.71472,35.68059],[139.71476,35.68077],[139.71479,35.68086],[139.71452,35.68106],[139.71445,35.68111],[139.71417,35.68133],[139.71409,35.68139],[139.71393,35.68151],[139.71357,35.68177],[139.7135,35.68184],[139.71322,35.68211],[139.71286,35.68233],[139.71263,35.68248],[139.7123,35.68271],[139.71185,35.68305],[139.71155,35.68328],[139.7114,35.68337],[139.71117,35.68337],[139.71097,35.68337],[139.71078,35.68338],[139.71058,35.68339],[139.71056,35.6834],[139.71049,35.68343],[139.71039,35.68347],[139.71028,35.68352],[139.71017,35.68364],[139.70999,35.68375],[139.70982,35.68384],[139.70965,35.6839],[139.70947,35.68398],[139.70929,35.68411],[139.70921,35.68414],[139.709,35.6842],[139.70866,35.68423],[139.70831,35.68418],[139.70805,35.68424],[139.70771,35.68437],[139.7074,35.68446],[139.70732,35.68461],[139.70732,35.68497],[139.70729,35.68536],[139.70727,35.68573],[139.70725,35.68582],[139.70723,35.68587],[139.70721,35.68593],[139.7072,35.68599],[139.70711,35.68615],[139.70689,35.68635],[139.7067,35.68654],[139.70649,35.68675],[139.70619,35.68703],[139.7061,35.68721],[139.70609,35.68755],[139.70594,35.68785],[139.70584,35.68797],[139.70578,35.68805],[139.70559,35.6881],[139.70548,35.68813],[139.70476,35.68809],[139.70472,35.68809],[139.70462,35.68806],[139.7046,35.68806],[139.70453,35.68805],[139.70445,35.68803],[139.70429,35.68801],[139.70405,35.68797],[139.70404,35.68797],[139.70306,35.68782],[139.70292,35.6878],[139.70271,35.68777],[139.70256,35.68801],[139.70246,35.688],[139.70234,35.68799],[139.70223,35.68831],[139.70218,35.68845],[139.70221,35.6885],[139.70226,35.68855],[139.7021,35.68917],[139.70149,35.68906],[139.70142,35.68905],[139.70127,35.68902],[139.70091,35.68894],[139.70083,35.68892],[139.70064,35.68888],[139.70036,35.68882],[139.7002,35.68879],[139.70016,35.68863],[139.70003,35.68859],[139.69999,35.68858],[139.69988,35.68854],[139.69959,35.68844],[139.69921,35.68831],[139.69919,35.6883],[139.69913,35.68828],[139.69912,35.68828],[139.69904,35.68825],[139.69891,35.6882],[139.69846,35.68803],[139.69839,35.688],[139.69814,35.6879],[139.69806,35.68787],[139.69689,35.68741],[139.69666,35.68734],[139.69661,35.68732],[139.6965,35.68729],[139.69647,35.68728],[139.69597,35.68707],[139.69581,35.687],[139.69546,35.68686],[139.69521,35.68675],[139.69503,35.68665],[139.69491,35.68657],[139.69446,35.68629],[139.69381,35.68583],[139.69346,35.68559],[139.69309,35.68532],[139.69306,35.6853],[139.69296,35.68524],[139.69284,35.68515],[139.69261,35.68497],[139.69245,35.68485],[139.69211,35.68461],[139.69202,35.68455],[139.69186,35.68442],[139.69139,35.68408],[139.69132,35.68405],[139.69127,35.68402],[139.69125,35.68401],[139.69103,35.68389],[139.69088,35.68381],[139.6907,35.6837],[139.69047,35.68355],[139.69042,35.68352],[139.69031,35.68345],[139.69026,35.68342],[139.69012,35.68332],[139.68909,35.68257],[139.68889,35.6824],[139.68886,35.68238],[139.6888,35.68233],[139.68864,35.68221],[139.68861,35.68219],[139.68852,35.68212],[139.68844,35.68207],[139.68839,35.68203],[139.68833,35.68199],[139.68819,35.68191],[139.68767,35.68159],[139.68763,35.68163],[139.68758,35.68167],[139.68756,35.68168],[139.68738,35.68183],[139.68737,35.68183],[139.68723,35.68195],[139.68719,35.68199],[139.68701,35.68218],[139.68663,35.68261],[139.68593,35.68341],[139.68572,35.68369],[139.68565,35.68379],[139.68563,35.68386],[139.68561,35.68393],[139.68559,35.684],[139.68546,35.68445],[139.68545,35.6845],[139.68543,35.68455],[139.68542,35.68458],[139.68524,35.68527],[139.68522,35.68533],[139.68521,35.68538],[139.68518,35.68547],[139.68493,35.68575],[139.68499,35.68588],[139.685,35.68589],[139.68515,35.68594],[139.68525,35.68598],[139.68556,35.6861],[139.6856,35.68612],[139.68562,35.68612],[139.68579,35.68619],[139.68589,35.68642],[139.68591,35.68645],[139.68592,35.68647],[139.68592,35.68648],[139.68592,35.68655],[139.68593,35.68674],[139.68594,35.68677],[139.68594,35.68682],[139.68594,35.68683],[139.68592,35.6871],[139.68592,35.68721],[139.68613,35.68729],[139.68611,35.68735],[139.68598,35.68789],[139.68586,35.68787],[139.68581,35.68786],[139.68578,35.68786],[139.68419,35.68756],[139.68395,35.68769],[139.68391,35.68772],[139.68385,35.68775],[139.68381,35.68778],[139.68367,35.688],[139.68365,35.68803],[139.68362,35.68808],[139.68361,35.68809],[139.68334,35.68842],[139.68322,35.68872],[139.68326,35.68901],[139.68328,35.6891],[139.68329,35.68915],[139.68333,35.68928],[139.68334,35.68934],[139.68335,35.68938],[139.68337,35.6894],[139.68368,35.68972],[139.68376,35.68984],[139.68378,35.68987],[139.68379,35.6899],[139.68388,35.69003],[139.68406,35.69039],[139.68429,35.69038],[139.68442,35.69037],[139.68448,35.6905],[139.68449,35.69053],[139.68474,35.69102],[139.68481,35.69124],[139.68481,35.69142],[139.68452,35.69155],[139.68449,35.69156],[139.68445,35.69158],[139.68419,35.69168],[139.68445,35.69202],[139.68399,35.69199],[139.68399,35.69206],[139.68399,35.6921],[139.68399,35.69212],[139.684,35.69221],[139.68399,35.69235],[139.68391,35.69244],[139.68389,35.69246],[139.68388,35.69247],[139.6838,35.69255],[139.68374,35.69261],[139.68403,35.69277],[139.68445,35.69307],[139.68459,35.69318],[139.68482,35.69337],[139.68507,35.69364],[139.68517,35.69375],[139.68541,35.69399],[139.68559,35.69419],[139.68561,35.69421],[139.68569,35.69435],[139.68581,35.69458],[139.68623,35.69546],[139.68645,35.69595],[139.68655,35.69615],[139.68665,35.69635],[139.68666,35.69637],[139.68707,35.69717],[139.68719,35.69735],[139.68729,35.6975],[139.68738,35.6976],[139.68747,35.6977],[139.68796,35.69826],[139.68819,35.69865],[139.68828,35.69882],[139.68837,35.69906],[139.68839,35.69921],[139.68841,35.69933],[139.68841,35.69947],[139.68841,35.69958],[139.68841,35.69971],[139.68839,35.69991],[139.68826,35.70031],[139.68789,35.70097],[139.68764,35.70138],[139.68753,35.70161],[139.68745,35.70178],[139.68742,35.70191],[139.68739,35.70222],[139.68742,35.7026],[139.68746,35.70316],[139.6875,35.70401],[139.68756,35.70437],[139.68759,35.7045],[139.68762,35.70462],[139.68775,35.70504],[139.68792,35.70538],[139.68793,35.70552],[139.68793,35.70556],[139.68797,35.7057],[139.68808,35.70614],[139.68816,35.70642],[139.68822,35.70656],[139.68824,35.70662],[139.6883,35.70677],[139.68837,35.70692],[139.68847,35.70708],[139.68859,35.70724],[139.68869,35.70734],[139.68878,35.70741],[139.68888,35.7075],[139.68898,35.70755],[139.6891,35.70762],[139.68962,35.70787],[139.69012,35.70812],[139.69042,35.70827],[139.69054,35.70835],[139.69077,35.70847],[139.69115,35.70867],[139.69147,35.7089],[139.69203,35.70932],[139.69212,35.70936],[139.69243,35.70943],[139.69307,35.70963],[139.69321,35.70972],[139.69329,35.7098],[139.69346,35.70994],[139.69375,35.71019],[139.69398,35.71043],[139.69414,35.71065],[139.6943,35.71091],[139.69433,35.71104],[139.69431,35.71104],[139.69423,35.71105],[139.69421,35.71105],[139.69404,35.71106],[139.69272,35.71116],[139.69264,35.71092],[139.69262,35.71086],[139.69247,35.71092],[139.69183,35.7112],[139.69178,35.71122],[139.69153,35.71133],[139.69148,35.71116],[139.69145,35.71107],[139.69145,35.71107],[139.69142,35.71096],[139.69134,35.71069],[139.69129,35.71054],[139.69104,35.71052],[139.69064,35.71067],[139.69016,35.71079],[139.69011,35.71081],[139.69004,35.71083],[139.69006,35.71116],[139.69006,35.71126],[139.69006,35.71128],[139.69007,35.71135],[139.69007,35.71148],[139.6898,35.71148],[139.68977,35.71148],[139.68973,35.71148],[139.68969,35.71148],[139.68896,35.71144],[139.68865,35.7114],[139.68861,35.71139],[139.68857,35.71139],[139.68798,35.71131],[139.68786,35.71129],[139.68751,35.71121],[139.68746,35.7112],[139.68705,35.71111],[139.68681,35.71105],[139.68677,35.71104],[139.68672,35.71103],[139.6861,35.71088],[139.68608,35.71088],[139.68604,35.71087],[139.68559,35.71077],[139.68541,35.71072],[139.68536,35.71071],[139.68533,35.7107],[139.68532,35.7107],[139.68487,35.71059],[139.68473,35.71055],[139.68473,35.71055],[139.68457,35.71051],[139.68448,35.71049],[139.68416,35.71042],[139.68411,35.71041],[139.68405,35.7104],[139.68307,35.7102],[139.68278,35.71012],[139.68268,35.71022],[139.68265,35.71025],[139.68263,35.71026],[139.68258,35.71031],[139.68212,35.71068],[139.68197,35.71075],[139.68194,35.71076],[139.68191,35.71078],[139.68171,35.71087],[139.68147,35.71097],[139.68145,35.71097],[139.68133,35.711],[139.68121,35.71102],[139.68099,35.71106],[139.68092,35.71108],[139.68083,35.71109],[139.68078,35.7111],[139.68068,35.71112],[139.68064,35.71113],[139.6805,35.71116],[139.6805,35.71116],[139.68039,35.71121],[139.68034,35.71126],[139.68044,35.71132],[139.68075,35.71148],[139.68121,35.71176],[139.68126,35.71182],[139.68162,35.71221],[139.68179,35.71267],[139.68184,35.71306],[139.68184,35.71309],[139.68184,35.71312],[139.68185,35.71316],[139.68164,35.71325],[139.68117,35.71329],[139.68117,35.71343],[139.68117,35.71346],[139.68117,35.71349],[139.68117,35.71359],[139.6815,35.71363],[139.68146,35.71389],[139.68146,35.71395],[139.68145,35.71396],[139.68145,35.71401],[139.68129,35.71401],[139.68099,35.71401],[139.68085,35.71404],[139.68084,35.71404],[139.6807,35.71406],[139.6807,35.71409],[139.6807,35.71443],[139.6807,35.71449],[139.68029,35.71449],[139.67993,35.71423],[139.67991,35.71422],[139.67987,35.71419],[139.67959,35.71434],[139.67941,35.71451],[139.67926,35.7147],[139.67923,35.71479],[139.67917,35.71493],[139.67913,35.71503],[139.67911,35.71512],[139.67909,35.71524],[139.67915,35.71541],[139.67921,35.71558],[139.67928,35.71571],[139.67936,35.71569],[139.67941,35.71568],[139.67944,35.71567],[139.67954,35.71565],[139.67959,35.71599],[139.67959,35.716],[139.6796,35.71603],[139.67961,35.71607],[139.67969,35.71637],[139.67947,35.71683],[139.67929,35.71711],[139.67927,35.71715],[139.67923,35.7172],[139.67913,35.71767],[139.6791,35.71828],[139.67898,35.71827],[139.67894,35.71827],[139.67847,35.71825],[139.67841,35.71825],[139.6784,35.71825],[139.6783,35.71825],[139.67829,35.71825],[139.67814,35.71841],[139.67806,35.71849],[139.67757,35.71896],[139.67721,35.71929],[139.67702,35.71943],[139.67678,35.71954],[139.67641,35.71966],[139.67638,35.71959],[139.67636,35.71954],[139.67635,35.71952],[139.67627,35.71934],[139.67574,35.71948],[139.67571,35.71971],[139.67544,35.71982],[139.67543,35.71955],[139.67543,35.71948],[139.67541,35.71925],[139.67528,35.71918],[139.67523,35.71915],[139.67523,35.71915],[139.67358,35.71862],[139.67351,35.71866],[139.67348,35.71877],[139.67347,35.71881],[139.67346,35.71886],[139.67343,35.71895],[139.67372,35.71928],[139.67361,35.71941],[139.67349,35.71955],[139.6735,35.71957],[139.67351,35.71964],[139.67367,35.72026],[139.67434,35.72019],[139.67434,35.72019],[139.67434,35.72021],[139.67436,35.72027],[139.67437,35.72033],[139.67442,35.72057],[139.67446,35.72072],[139.67457,35.72125],[139.67457,35.72126],[139.67459,35.72135],[139.67462,35.72146],[139.67462,35.72147],[139.67463,35.7215],[139.67556,35.72144],[139.67568,35.7215],[139.67572,35.72169],[139.67572,35.72173],[139.67576,35.72195],[139.6757,35.72236],[139.67554,35.72291],[139.67533,35.72336],[139.67526,35.72354],[139.67518,35.72371],[139.67523,35.72404],[139.67536,35.72453],[139.67536,35.72471],[139.67536,35.72476],[139.67536,35.72488],[139.6754,35.72504],[139.67545,35.72516],[139.67547,35.72521],[139.6755,35.72528],[139.67555,35.72539],[139.67556,35.72543],[139.67559,35.72552],[139.67562,35.72562],[139.67569,35.72584],[139.6758,35.72607],[139.67587,35.72622],[139.6759,35.72627],[139.67592,35.72631],[139.67599,35.72646],[139.6762,35.72673],[139.67637,35.72705],[139.67643,35.72717],[139.67645,35.72721],[139.67648,35.72728],[139.67656,35.72746],[139.67683,35.72823],[139.67685,35.7283],[139.67687,35.72834],[139.67689,35.72839],[139.67691,35.72845],[139.67694,35.72876],[139.67695,35.7288],[139.67696,35.72885],[139.67697,35.72901],[139.67698,35.7291],[139.67698,35.72919],[139.67699,35.72928],[139.677,35.72937],[139.67701,35.72946],[139.67701,35.72952],[139.67734,35.72937],[139.67747,35.7293],[139.6775,35.72929],[139.67756,35.72925],[139.67794,35.72905],[139.67804,35.72899],[139.67807,35.72897],[139.6781,35.72895],[139.67812,35.72894],[139.67817,35.72891],[139.67837,35.72879],[139.67881,35.72856],[139.67889,35.72852],[139.67897,35.72848],[139.67908,35.72842],[139.68005,35.72786],[139.68012,35.72782],[139.68017,35.72779],[139.68019,35.72778],[139.68064,35.72747],[139.68068,35.72744],[139.68072,35.72741],[139.68079,35.72736],[139.68123,35.72711],[139.68128,35.72708],[139.68134,35.72705],[139.68135,35.72704],[139.68145,35.72685],[139.68148,35.7268],[139.6815,35.72676],[139.68159,35.7266],[139.68177,35.72615],[139.68179,35.72608],[139.68181,35.72604],[139.68182,35.72601],[139.68209,35.72527],[139.68219,35.72495],[139.68225,35.72474],[139.68226,35.72472],[139.68228,35.72464],[139.68228,35.7246],[139.68229,35.72458],[139.68245,35.72418],[139.68246,35.72418],[139.68253,35.72413],[139.68254,35.72411],[139.6827,35.72371],[139.68272,35.72364],[139.68329,35.72368],[139.6833,35.72368],[139.68352,35.72369],[139.6839,35.72375],[139.68415,35.72379],[139.68416,35.72365],[139.68416,35.72362],[139.68417,35.72349],[139.68426,35.72321],[139.68427,35.72318],[139.68432,35.72301],[139.68433,35.72293],[139.68433,35.7228],[139.68435,35.72272],[139.68438,35.72262],[139.6844,35.72253],[139.6844,35.72252],[139.68441,35.72251],[139.68508,35.72262],[139.68513,35.72263],[139.68519,35.72264],[139.68545,35.72268],[139.68574,35.72269],[139.68578,35.72269],[139.68583,35.72269],[139.68662,35.72272],[139.68665,35.72272],[139.68667,35.72272],[139.68688,35.7227],[139.68705,35.72269],[139.68719,35.72267],[139.68769,35.72263],[139.68804,35.72261],[139.6884,35.72261],[139.68843,35.7226],[139.68848,35.7226],[139.68892,35.7226],[139.68896,35.7226],[139.68901,35.7226],[139.68939,35.7226],[139.69014,35.72253],[139.69019,35.72253],[139.69025,35.72252],[139.69085,35.72247],[139.69091,35.72246],[139.69096,35.72245],[139.691,35.72244],[139.69113,35.72242],[139.69145,35.72237],[139.69147,35.72237],[139.69149,35.72237],[139.69156,35.72236],[139.69225,35.72228],[139.69237,35.72226],[139.69239,35.72226],[139.69254,35.72226],[139.69275,35.72225],[139.6932,35.72223],[139.69324,35.72223],[139.69328,35.72223],[139.6935,35.72222],[139.69393,35.72219],[139.69422,35.72209],[139.69427,35.72207],[139.69434,35.72204],[139.6945,35.72198],[139.69493,35.72183],[139.69509,35.72181],[139.69554,35.72176],[139.69559,35.72176],[139.69565,35.72175],[139.69572,35.72174],[139.69574,35.7218],[139.69576,35.72189],[139.69578,35.72197],[139.69581,35.72208],[139.69614,35.72207],[139.6964,35.72207],[139.69714,35.72205],[139.69726,35.72206],[139.69731,35.72207],[139.69735,35.72207],[139.69767,35.7221],[139.69812,35.72219],[139.69839,35.7223],[139.69843,35.72231],[139.69848,35.72233],[139.69861,35.72239],[139.69882,35.7224],[139.69897,35.72243],[139.69912,35.72256],[139.69937,35.72282],[139.69937,35.72283],[139.69945,35.72292],[139.69951,35.72298],[139.69952,35.723],[139.69961,35.72318],[139.69962,35.72319],[139.69965,35.72325],[139.69978,35.72349],[139.6998,35.72352],[139.69981,35.72355],[139.70001,35.72354],[139.70004,35.72354],[139.70008,35.72353],[139.70048,35.72352],[139.7008,35.7235],[139.70084,35.7235],[139.7009,35.7235],[139.70102,35.7235],[139.70129,35.72349],[139.70135,35.72348],[139.70169,35.72347],[139.70176,35.72347],[139.70188,35.72346],[139.70199,35.72346],[139.7021,35.72346],[139.70265,35.72338],[139.70281,35.72336],[139.70287,35.72335],[139.70343,35.72327],[139.70372,35.72321],[139.70373,35.72321],[139.70435,35.72307],[139.7046,35.72301],[139.70453,35.7229],[139.70452,35.72287],[139.7045,35.72284],[139.70443,35.72271],[139.70438,35.72262],[139.70432,35.72251],[139.70418,35.72227],[139.70415,35.72222],[139.70426,35.72217],[139.70432,35.72214],[139.70438,35.72211],[139.70447,35.72207],[139.70478,35.72188],[139.70495,35.72176],[139.705,35.72173],[139.70503,35.72171],[139.70536,35.72148],[139.70507,35.72088],[139.70506,35.72086],[139.70504,35.72082],[139.70503,35.72079],[139.70521,35.72061],[139.7052,35.72061],[139.70516,35.72059],[139.70512,35.72057],[139.70499,35.7205],[139.70486,35.72044],[139.7049,35.72028],[139.70491,35.7202],[139.70496,35.71999],[139.70498,35.71991],[139.70501,35.71976],[139.70508,35.71961],[139.70514,35.7195],[139.7052,35.7194],[139.70539,35.71905],[139.70553,35.719],[139.70582,35.71889],[139.70593,35.71885],[139.70594,35.71885],[139.70588,35.71863],[139.70581,35.71835],[139.7058,35.71831],[139.70574,35.718],[139.70573,35.71793],[139.70566,35.71759],[139.70561,35.71739],[139.70561,35.71732],[139.70559,35.71716],[139.70558,35.71713],[139.7054,35.71657],[139.70537,35.71649],[139.70525,35.71631],[139.70492,35.7161],[139.70482,35.71604],[139.70481,35.71603],[139.70456,35.71588],[139.70465,35.71537],[139.70466,35.71535],[139.70471,35.71507],[139.70479,35.71475],[139.7048,35.71474],[139.70481,35.71467],[139.70483,35.7146],[139.70484,35.71456],[139.70492,35.71454],[139.70526,35.71446],[139.7053,35.71445],[139.70538,35.71443],[139.70548,35.71414],[139.70535,35.7137],[139.70587,35.71344],[139.70601,35.71344],[139.70604,35.71343],[139.70608,35.71343],[139.70627,35.71343],[139.70639,35.7135],[139.70649,35.71355],[139.70702,35.71364],[139.70719,35.71375],[139.70722,35.71377],[139.70727,35.71381],[139.70734,35.71385],[139.70752,35.71383],[139.70774,35.71381],[139.70806,35.71382],[139.70868,35.71382],[139.70872,35.71376],[139.70876,35.71372],[139.70877,35.71371],[139.70878,35.7137],[139.70912,35.71359],[139.70915,35.71359],[139.7096,35.71358],[139.71002,35.71354],[139.71023,35.7135],[139.71028,35.71349],[139.71032,35.71348],[139.71042,35.71346],[139.71053,35.71353],[139.71057,35.71362],[139.71057,35.71363],[139.71059,35.71366],[139.71061,35.71369],[139.71074,35.71389],[139.71091,35.71414],[139.71095,35.71426],[139.71102,35.71446],[139.71108,35.71465],[139.71128,35.71477],[139.71159,35.71481],[139.7116,35.71481],[139.71165,35.71482],[139.71191,35.71479],[139.71211,35.71476],[139.71232,35.71461],[139.7129,35.71421],[139.71328,35.71393],[139.71332,35.7139],[139.71354,35.7137],[139.71364,35.71358],[139.71376,35.71349],[139.71391,35.7134],[139.71427,35.71325],[139.71429,35.71324],[139.71441,35.71318],[139.71448,35.71319],[139.71463,35.71323],[139.71464,35.71323],[139.71484,35.71328],[139.71506,35.71339],[139.71527,35.71349],[139.71534,35.71353],[139.71547,35.71359],[139.71553,35.71362],[139.71569,35.71374],[139.71588,35.71381],[139.71588,35.71381],[139.71593,35.71381],[139.71599,35.7138],[139.71611,35.71374],[139.71613,35.71372],[139.71623,35.71363],[139.71635,35.71351],[139.71664,35.71322],[139.71678,35.71307],[139.71682,35.71303],[139.71688,35.71297],[139.71713,35.71294],[139.71728,35.71292],[139.71745,35.71288],[139.71762,35.71282],[139.71791,35.7127],[139.71865,35.71255],[139.71872,35.71256],[139.71876,35.71257],[139.71911,35.71247],[139.71923,35.71257],[139.71924,35.71258],[139.71928,35.71261],[139.71939,35.71269],[139.71959,35.71277],[139.71967,35.71277],[139.71971,35.71277],[139.71974,35.71277],[139.71989,35.71276],[139.72001,35.71272],[139.72005,35.7126],[139.7201,35.71247],[139.72011,35.71245],[139.72012,35.71242],[139.72016,35.7123],[139.72034,35.71233],[139.72039,35.71241],[139.72042,35.71246],[139.72043,35.71248],[139.72048,35.71257],[139.72055,35.71263],[139.72063,35.71265],[139.72071,35.71263],[139.7208,35.71254],[139.72082,35.71252],[139.72086,35.71249],[139.72091,35.71243],[139.72109,35.71245],[139.72168,35.71255],[139.722,35.71253],[139.72209,35.7125],[139.72223,35.71244],[139.72234,35.71239],[139.7224,35.71235],[139.72251,35.71227]]]}},{"type":"Feature","properties":{"ja":"渋谷区"},"geometry":{"type":"Polygon","coordinates":[[[139.68399,35.69199],[139.68445,35.69202],[139.68419,35.69168],[139.68445,35.69158],[139.68449,35.69156],[139.68452,35.69155],[139.68481,35.69142],[139.68481,35.69124],[139.68474,35.69102],[139.68449,35.69053],[139.68448,35.6905],[139.68442,35.69037],[139.68429,35.69038],[139.68406,35.69039],[139.68388,35.69003],[139.68379,35.6899],[139.68378,35.68987],[139.68376,35.68984],[139.68368,35.68972],[139.68337,35.6894],[139.68335,35.68938],[139.68334,35.68934],[139.68333,35.68928],[139.68329,35.68915],[139.68328,35.6891],[139.68326,35.68901],[139.68322,35.68872],[139.68334,35.68842],[139.68361,35.68809],[139.68362,35.68808],[139.68365,35.68803],[139.68367,35.688],[139.68381,35.68778],[139.68385,35.68775],[139.68391,35.68772],[139.68395,35.68769],[139.68419,35.68756],[139.68578,35.68786],[139.68581,35.68786],[139.68586,35.68787],[139.68598,35.68789],[139.68611,35.68735],[139.68613,35.68729],[139.68592,35.68721],[139.68592,35.6871],[139.68594,35.68683],[139.68594,35.68682],[139.68594,35.68677],[139.68593,35.68674],[139.68592,35.68655],[139.68592,35.68648],[139.68592,35.68647],[139.68591,35.68645],[139.68589,35.68642],[139.68579,35.68619],[139.68562,35.68612],[139.6856,35.68612],[139.68556,35.6861],[139.68525,35.68598],[139.68515,35.68594],[139.685,35.68589],[139.68499,35.68588],[139.68493,35.68575],[139.68518,35.68547],[139.68521,35.68538],[139.68522,35.68533],[139.68524,35.68527],[139.68542,35.68458],[139.68543,35.68455],[139.68545,35.6845],[139.68546,35.68445],[139.68559,35.684],[139.68561,35.68393],[139.68563,35.68386],[139.68565,35.68379],[139.68572,35.68369],[139.68593,35.68341],[139.68663,35.68261],[139.68701,35.68218],[139.68719,35.68199],[139.68723,35.68195],[139.68737,35.68183],[139.68738,35.68183],[139.68756,35.68168],[139.68758,35.68167],[139.68763,35.68163],[139.68767,35.68159],[139.68819,35.68191],[139.68833,35.68199],[139.68839,35.68203],[139.68844,35.68207],[139.68852,35.68212],[139.68861,35.68219],[139.68864,35.68221],[139.6888,35.68233],[139.68886,35.68238],[139.68889,35.6824],[139.68909,35.68257],[139.69012,35.68332],[139.69026,35.68342],[139.69031,35.68345],[139.69042,35.68352],[139.69047,35.68355],[139.6907,35.6837],[139.69088,35.68381],[139.69103,35.68389],[139.69125,35.68401],[139.69127,35.68402],[139.69132,35.68405],[139.69139,35.68408],[139.69186,35.68442],[139.69202,35.68455],[139.69211,35.68461],[139.69245,35.68485],[139.69261,35.68497],[139.69284,35.68515],[139.69296,35.68524],[139.69306,35.6853],[139.69309,35.68532],[139.69346,35.68559],[139.69381,35.68583],[139.69446,35.68629],[139.69491,35.68657],[139.69503,35.68665],[139.69521,35.68675],[139.69546,35.68686],[139.69581,35.687],[139.69597,35.68707],[139.69647,35.68728],[139.6965,35.68729],[139.69661,35.68732],[139.69666,35.68734],[139.69689,35.68741],[139.69806,35.68787],[139.69814,35.6879],[139.69839,35.688],[139.69846,35.68803],[139.69891,35.6882],[139.69904,35.68825],[139.69912,35.68828],[139.69913,35.68828],[139.69919,35.6883],[139.69921,35.68831],[139.69959,35.68844],[139.69988,35.68854],[139.69999,35.68858],[139.70003,35.68859],[139.70016,35.68863],[139.7002,35.68879],[139.70036,35.68882],[139.70064,35.68888],[139.70083,35.68892],[139.70091,35.68894],[139.70127,35.68902],[139.70142,35.68905],[139.70149,35.68906],[139.7021,35.68917],[139.70226,35.68855],[139.70221,35.6885],[139.70218,35.68845],[139.70223,35.68831],[139.70234,35.68799],[139.70246,35.688],[139.70256,35.68801],[139.70271,35.68777],[139.70292,35.6878],[139.70306,35.68782],[139.70404,35.68797],[139.70405,35.68797],[139.70429,35.68801],[139.70445,35.68803],[139.70453,35.68805],[139.7046,35.68806],[139.70462,35.68806],[139.70472,35.68809],[139.70476,35.68809],[139.70548,35.68813],[139.70559,35.6881],[139.70578,35.68805],[139.70584,35.68797],[139.70594,35.68785],[139.70609,35.68755],[139.7061,35.68721],[139.70619,35.68703],[139.70649,35.68675],[139.7067,35.68654],[139.70689,35.68635],[139.70711,35.68615],[139.7072,35.68599],[139.70721,35.68593],[139.70723,35.68587],[139.70725,35.68582],[139.70727,35.68573],[139.70729,35.68536],[139.70732,35.68497],[139.70732,35.68461],[139.7074,35.68446],[139.70771,35.68437],[139.70805,35.68424],[139.70831,35.68418],[139.70866,35.68423],[139.709,35.6842],[139.70921,35.68414],[139.70929,35.68411],[139.70947,35.68398],[139.70965,35.6839],[139.70982,35.68384],[139.70999,35.68375],[139.71017,35.68364],[139.71028,35.68352],[139.71039,35.68347],[139.71049,35.68343],[139.71056,35.6834],[139.71058,35.68339],[139.71078,35.68338],[139.71097,35.68337],[139.71117,35.68337],[139.7114,35.68337],[139.71155,35.68328],[139.71185,35.68305],[139.7123,35.68271],[139.71263,35.68248],[139.71286,35.68233],[139.71322,35.68211],[139.7135,35.68184],[139.71357,35.68177],[139.71393,35.68151],[139.71409,35.68139],[139.71417,35.68133],[139.71445,35.68111],[139.71452,35.68106],[139.71479,35.68086],[139.71476,35.68077],[139.71472,35.68059],[139.71471,35.68055],[139.71467,35.68047],[139.71456,35.68023],[139.71448,35.68009],[139.71441,35.67997],[139.7144,35.67995],[139.71432,35.67981],[139.71421,35.67961],[139.71397,35.67918],[139.71362,35.67857],[139.7135,35.67835],[139.7129,35.67729],[139.71289,35.67704],[139.7129,35.6769],[139.71292,35.67657],[139.71296,35.67622],[139.71295,35.67609],[139.71294,35.67565],[139.71293,35.67524],[139.71289,35.67462],[139.71308,35.6746],[139.71369,35.67462],[139.71386,35.6747],[139.71472,35.67503],[139.71486,35.67508],[139.71508,35.67464],[139.71546,35.67389],[139.716,35.67401],[139.71615,35.67404],[139.71656,35.67343],[139.71662,35.67331],[139.71682,35.67292],[139.71685,35.67287],[139.71689,35.67278],[139.71694,35.67269],[139.717,35.67257],[139.7168,35.67248],[139.71656,35.67237],[139.71653,35.67238],[139.7162,35.67248],[139.71613,35.67252],[139.71607,35.67254],[139.7157,35.67272],[139.71547,35.6728],[139.71535,35.67284],[139.71493,35.67299],[139.71465,35.67262],[139.71455,35.67255],[139.7145,35.67246],[139.71433,35.67219],[139.71461,35.67208],[139.71454,35.67192],[139.71452,35.67189],[139.71451,35.67185],[139.7143,35.67155],[139.71423,35.67143],[139.71423,35.67123],[139.71423,35.67113],[139.714,35.67086],[139.71389,35.67063],[139.71383,35.67052],[139.71373,35.67031],[139.71408,35.67005],[139.71409,35.67005],[139.71417,35.66999],[139.7142,35.66997],[139.71431,35.6699],[139.71461,35.66971],[139.71471,35.66959],[139.71467,35.66954],[139.71453,35.66937],[139.71446,35.66928],[139.71439,35.66919],[139.71396,35.66931],[139.71381,35.66935],[139.71347,35.66899],[139.71289,35.66835],[139.71267,35.66811],[139.71179,35.66712],[139.71176,35.66709],[139.71156,35.66686],[139.71151,35.66681],[139.71138,35.66678],[139.71102,35.66637],[139.71101,35.66637],[139.71095,35.66629],[139.71084,35.66622],[139.71072,35.66617],[139.7107,35.66617],[139.71061,35.66614],[139.71055,35.66613],[139.71044,35.66609],[139.71043,35.66608],[139.71026,35.66602],[139.71024,35.66601],[139.71016,35.66596],[139.70988,35.66566],[139.70959,35.66534],[139.70956,35.66531],[139.70954,35.66528],[139.70934,35.66507],[139.70931,35.66504],[139.70929,35.66501],[139.7087,35.66438],[139.70863,35.66423],[139.70862,35.66421],[139.7086,35.66416],[139.70856,35.66407],[139.70932,35.66355],[139.70995,35.66314],[139.71002,35.66308],[139.71003,35.66307],[139.71013,35.66298],[139.71023,35.6629],[139.71027,35.66285],[139.71027,35.66285],[139.71054,35.66253],[139.71103,35.66195],[139.71108,35.6619],[139.71155,35.66137],[139.71164,35.66126],[139.71183,35.66103],[139.71197,35.66091],[139.71201,35.66087],[139.71216,35.66073],[139.71231,35.66064],[139.71236,35.66061],[139.71239,35.66059],[139.71279,35.66034],[139.71283,35.66032],[139.71288,35.66029],[139.71326,35.66005],[139.71379,35.65976],[139.71377,35.65967],[139.71345,35.65911],[139.71337,35.65902],[139.71328,35.65891],[139.71317,35.65879],[139.71302,35.65862],[139.71287,35.65845],[139.71297,35.6584],[139.7132,35.65828],[139.71367,35.65802],[139.71369,35.658],[139.71393,35.65782],[139.71427,35.65751],[139.71446,35.65735],[139.71455,35.6573],[139.71459,35.65728],[139.71474,35.65722],[139.71498,35.65714],[139.71516,35.65711],[139.71521,35.6571],[139.71578,35.65699],[139.71618,35.65695],[139.71625,35.65694],[139.71631,35.65693],[139.71649,35.65692],[139.71673,35.6569],[139.7175,35.65668],[139.71785,35.65656],[139.71804,35.65698],[139.71814,35.65695],[139.71819,35.65693],[139.71847,35.65683],[139.72016,35.65623],[139.72153,35.65574],[139.72171,35.65568],[139.72197,35.6556],[139.72204,35.6556],[139.7221,35.6556],[139.72216,35.65562],[139.72228,35.6557],[139.72238,35.65577],[139.72252,35.65586],[139.7226,35.65591],[139.72265,35.65596],[139.72271,35.65601],[139.72279,35.65608],[139.72276,35.65593],[139.72274,35.65588],[139.72273,35.65587],[139.72269,35.65581],[139.72261,35.65566],[139.72253,35.65552],[139.72206,35.65486],[139.72163,35.65399],[139.72157,35.65383],[139.72155,35.65374],[139.72156,35.65362],[139.72166,35.65304],[139.72168,35.65294],[139.72173,35.65265],[139.7218,35.65249],[139.72182,35.65247],[139.72187,35.6524],[139.72194,35.65237],[139.72201,35.65236],[139.72203,35.65236],[139.72216,35.65235],[139.72216,35.65235],[139.72219,35.65235],[139.7224,35.65233],[139.72242,35.65221],[139.72242,35.65215],[139.72249,35.65105],[139.72251,35.65084],[139.72251,35.6508],[139.72252,35.65067],[139.72254,35.65052],[139.72254,35.65046],[139.72257,35.65028],[139.72263,35.64999],[139.72263,35.64997],[139.72265,35.64991],[139.72271,35.64969],[139.72273,35.64961],[139.72277,35.64943],[139.72295,35.64878],[139.72303,35.64847],[139.72312,35.64823],[139.72328,35.64779],[139.72325,35.64774],[139.72324,35.64771],[139.72316,35.64752],[139.72312,35.64744],[139.72311,35.64742],[139.72308,35.64735],[139.72304,35.64727],[139.72302,35.64721],[139.72301,35.6472],[139.72298,35.64712],[139.72319,35.64696],[139.72337,35.64682],[139.72356,35.6467],[139.72349,35.6466],[139.72345,35.64654],[139.72332,35.64634],[139.72298,35.64578],[139.72293,35.64571],[139.72275,35.64549],[139.72278,35.64531],[139.72281,35.64519],[139.72285,35.645],[139.72287,35.64494],[139.72276,35.64478],[139.72268,35.64468],[139.72263,35.64459],[139.72249,35.6444],[139.7224,35.6444],[139.72236,35.6444],[139.72231,35.6444],[139.72224,35.6444],[139.72222,35.6444],[139.72192,35.6444],[139.72191,35.6444],[139.72146,35.64441],[139.72144,35.64441],[139.72131,35.64441],[139.72127,35.64436],[139.72095,35.64395],[139.72065,35.64355],[139.72061,35.64349],[139.72052,35.64338],[139.7205,35.64335],[139.72017,35.64291],[139.72004,35.64274],[139.72002,35.64271],[139.71995,35.64261],[139.71969,35.64225],[139.71956,35.64211],[139.71956,35.64211],[139.71953,35.64208],[139.71944,35.642],[139.7192,35.64185],[139.7189,35.6417],[139.71888,35.64169],[139.71884,35.64168],[139.71877,35.64166],[139.71868,35.64165],[139.71839,35.64166],[139.71819,35.64166],[139.71812,35.64166],[139.71808,35.64166],[139.71764,35.64166],[139.71729,35.64165],[139.71681,35.64188],[139.71653,35.642],[139.71646,35.64206],[139.71643,35.64209],[139.7164,35.64211],[139.71633,35.64218],[139.71613,35.64238],[139.71606,35.64234],[139.71603,35.64231],[139.71593,35.64224],[139.71581,35.64235],[139.71575,35.64241],[139.71571,35.64243],[139.71565,35.64245],[139.71557,35.64248],[139.71552,35.64255],[139.71547,35.6426],[139.71541,35.64262],[139.71539,35.64262],[139.71523,35.64262],[139.71494,35.64259],[139.71452,35.64253],[139.7143,35.64251],[139.71366,35.64241],[139.71312,35.64233],[139.71303,35.64232],[139.71261,35.64224],[139.71226,35.64217],[139.71214,35.64214],[139.71194,35.64211],[139.71189,35.64209],[139.71176,35.64208],[139.71162,35.64206],[139.71159,35.64206],[139.71154,35.64205],[139.71103,35.64198],[139.71099,35.64197],[139.71095,35.64197],[139.71086,35.64196],[139.71071,35.64194],[139.71062,35.64193],[139.71055,35.64185],[139.7104,35.64159],[139.71039,35.64157],[139.71037,35.64154],[139.71033,35.64146],[139.71024,35.6415],[139.71019,35.64153],[139.7101,35.64157],[139.70998,35.6416],[139.70939,35.64175],[139.70862,35.64201],[139.70795,35.64244],[139.70753,35.64269],[139.70742,35.64281],[139.70729,35.64295],[139.70674,35.64336],[139.70644,35.64358],[139.70614,35.64375],[139.70606,35.6438],[139.70546,35.64413],[139.70519,35.64431],[139.70475,35.64459],[139.70415,35.64497],[139.70341,35.6455],[139.70309,35.64574],[139.70258,35.64611],[139.70257,35.64612],[139.70254,35.64614],[139.70252,35.64615],[139.70243,35.64621],[139.70241,35.64623],[139.70241,35.64623],[139.70215,35.6464],[139.70202,35.64648],[139.70201,35.64649],[139.7018,35.64663],[139.70178,35.64664],[139.70165,35.64678],[139.70153,35.64692],[139.70137,35.64703],[139.70131,35.64707],[139.7012,35.64715],[139.70109,35.64723],[139.70108,35.64724],[139.70026,35.64775],[139.69987,35.64798],[139.69978,35.64804],[139.69974,35.64807],[139.6997,35.64809],[139.69965,35.64813],[139.69892,35.64868],[139.69869,35.64885],[139.69854,35.64899],[139.69821,35.64928],[139.69755,35.64986],[139.69717,35.65019],[139.69687,35.65046],[139.69671,35.65048],[139.69659,35.65049],[139.69589,35.65068],[139.69594,35.65075],[139.69591,35.65086],[139.69589,35.65096],[139.69598,35.65112],[139.696,35.65117],[139.69587,35.65126],[139.69564,35.65141],[139.69528,35.65158],[139.69517,35.65173],[139.69512,35.65181],[139.69495,35.65214],[139.69441,35.65264],[139.69428,35.65277],[139.69378,35.6532],[139.69376,35.65322],[139.69344,35.6535],[139.69322,35.65366],[139.6932,35.65367],[139.69319,35.65368],[139.69313,35.65372],[139.69308,35.65375],[139.69304,35.6538],[139.69303,35.6538],[139.69303,35.6538],[139.69294,35.65388],[139.6929,35.65395],[139.69289,35.65396],[139.69239,35.65473],[139.69231,35.65485],[139.69225,35.65495],[139.69197,35.65538],[139.69183,35.65559],[139.69167,35.65584],[139.69165,35.65587],[139.69163,35.65591],[139.69147,35.65615],[139.69114,35.65665],[139.69107,35.65673],[139.69105,35.65674],[139.69089,35.65691],[139.69079,35.65702],[139.69077,35.65704],[139.69077,35.65704],[139.69074,35.65708],[139.69069,35.65716],[139.6904,35.65755],[139.69039,35.65757],[139.69033,35.65767],[139.69028,35.65777],[139.69021,35.65788],[139.69005,35.65808],[139.68987,35.65828],[139.68982,35.65834],[139.68964,35.65848],[139.68954,35.65857],[139.6895,35.65861],[139.68943,35.65869],[139.68935,35.65884],[139.6893,35.65891],[139.68927,35.65894],[139.68923,35.65895],[139.68919,35.65895],[139.68915,35.65895],[139.68913,35.65895],[139.68911,35.65894],[139.68906,35.65893],[139.689,35.65892],[139.68892,35.65891],[139.68884,35.65891],[139.68882,35.65891],[139.68879,35.65891],[139.68876,35.65893],[139.68873,35.65897],[139.68871,35.659],[139.68868,35.65904],[139.68865,35.65909],[139.6884,35.65953],[139.68814,35.66007],[139.6883,35.66019],[139.6881,35.66055],[139.68804,35.66074],[139.68801,35.66083],[139.68782,35.66104],[139.68761,35.66127],[139.68744,35.66146],[139.68733,35.66157],[139.68718,35.66169],[139.68702,35.66181],[139.68686,35.66189],[139.68659,35.66201],[139.68653,35.66202],[139.68641,35.66206],[139.68626,35.6621],[139.68593,35.66219],[139.68566,35.66235],[139.68561,35.66238],[139.68541,35.66252],[139.68527,35.66259],[139.68502,35.66267],[139.68475,35.66271],[139.68444,35.66278],[139.68431,35.66283],[139.68423,35.66288],[139.68414,35.66291],[139.68398,35.66293],[139.6838,35.66293],[139.68364,35.66293],[139.68347,35.66292],[139.68325,35.66288],[139.68299,35.66287],[139.68271,35.66289],[139.68245,35.66292],[139.68223,35.66298],[139.68204,35.66304],[139.68186,35.66311],[139.68122,35.66335],[139.68107,35.6634],[139.68044,35.66362],[139.67994,35.66377],[139.67966,35.66382],[139.67946,35.66383],[139.67935,35.66384],[139.6789,35.66387],[139.67878,35.66388],[139.67834,35.66393],[139.67788,35.66395],[139.67721,35.66391],[139.67717,35.66391],[139.67645,35.66384],[139.67585,35.66383],[139.67566,35.66382],[139.67543,35.66382],[139.67521,35.66383],[139.67503,35.66387],[139.675,35.66388],[139.67499,35.66388],[139.67483,35.66393],[139.6747,35.66402],[139.67453,35.66416],[139.67447,35.66423],[139.67444,35.66426],[139.67435,35.66434],[139.67429,35.66442],[139.67423,35.66452],[139.67418,35.6646],[139.67411,35.66476],[139.67398,35.66501],[139.67385,35.66526],[139.6737,35.66554],[139.67365,35.66562],[139.67362,35.66568],[139.67355,35.66581],[139.6735,35.66592],[139.67335,35.66619],[139.67332,35.66624],[139.67331,35.66626],[139.67329,35.66631],[139.67316,35.66657],[139.67293,35.66712],[139.67292,35.66716],[139.67291,35.66719],[139.67286,35.66731],[139.67282,35.6674],[139.6728,35.66748],[139.67277,35.66772],[139.67277,35.66773],[139.67276,35.66775],[139.67268,35.66812],[139.67267,35.66818],[139.67264,35.66834],[139.67264,35.66841],[139.67264,35.66849],[139.67264,35.66857],[139.67264,35.66868],[139.67258,35.66907],[139.67252,35.6693],[139.67251,35.66934],[139.67251,35.66937],[139.67247,35.66952],[139.67242,35.66975],[139.6724,35.66984],[139.67238,35.6699],[139.67235,35.66998],[139.67237,35.67021],[139.67239,35.67042],[139.6724,35.67046],[139.67242,35.67067],[139.67246,35.67117],[139.6725,35.67136],[139.6725,35.6714],[139.67256,35.67165],[139.6727,35.6723],[139.67239,35.67225],[139.67226,35.67222],[139.6718,35.67213],[139.67163,35.6721],[139.6716,35.67209],[139.67144,35.67206],[139.67087,35.67198],[139.67083,35.67197],[139.67078,35.67196],[139.6706,35.67194],[139.67026,35.67183],[139.67014,35.67181],[139.6701,35.67181],[139.67006,35.6718],[139.66992,35.67178],[139.66914,35.67184],[139.66871,35.67186],[139.66867,35.67187],[139.66861,35.67187],[139.66846,35.67188],[139.66826,35.67185],[139.66733,35.6717],[139.66708,35.67171],[139.66705,35.67171],[139.667,35.67171],[139.66686,35.67171],[139.66628,35.6717],[139.66611,35.67168],[139.66607,35.67168],[139.66604,35.67168],[139.66486,35.6716],[139.66431,35.67156],[139.66423,35.67156],[139.66379,35.67153],[139.6637,35.67152],[139.66316,35.67149],[139.6631,35.67148],[139.66305,35.67148],[139.6625,35.67147],[139.66206,35.67144],[139.66198,35.67148],[139.66194,35.67154],[139.66191,35.67157],[139.66185,35.67164],[139.66177,35.67189],[139.66176,35.67191],[139.66174,35.67207],[139.66173,35.67217],[139.66173,35.67219],[139.66173,35.67229],[139.66173,35.67239],[139.66175,35.67252],[139.6618,35.67281],[139.6618,35.67283],[139.66182,35.67298],[139.66185,35.67313],[139.66187,35.67321],[139.6619,35.67327],[139.66191,35.6733],[139.66191,35.6733],[139.66198,35.67335],[139.66202,35.67337],[139.66207,35.6734],[139.6621,35.67342],[139.66214,35.67367],[139.6621,35.67374],[139.66208,35.67377],[139.66208,35.67377],[139.66197,35.67421],[139.66188,35.67439],[139.66185,35.67444],[139.6618,35.67452],[139.66165,35.67446],[139.66159,35.67465],[139.66159,35.67475],[139.66165,35.67484],[139.66184,35.67504],[139.66186,35.67509],[139.66188,35.67513],[139.66189,35.67516],[139.66191,35.67521],[139.66197,35.67533],[139.66197,35.67534],[139.66197,35.67537],[139.66197,35.67541],[139.66197,35.67548],[139.66205,35.67562],[139.66218,35.6757],[139.66225,35.67572],[139.66228,35.67574],[139.66232,35.67575],[139.66247,35.67579],[139.66308,35.67598],[139.66312,35.67599],[139.66315,35.676],[139.66319,35.67602],[139.66346,35.67613],[139.66383,35.67626],[139.66386,35.67627],[139.6639,35.67629],[139.66407,35.67635],[139.66412,35.67635],[139.66439,35.67645],[139.66468,35.67659],[139.66471,35.67661],[139.66475,35.67662],[139.665,35.67675],[139.66539,35.67698],[139.66547,35.67706],[139.66551,35.67712],[139.66553,35.67715],[139.66556,35.67718],[139.66564,35.6773],[139.66598,35.67787],[139.66616,35.67813],[139.66619,35.67816],[139.66621,35.67819],[139.6663,35.67833],[139.66665,35.67873],[139.66668,35.67876],[139.66669,35.67878],[139.66716,35.67932],[139.66717,35.67932],[139.66719,35.67935],[139.66722,35.67938],[139.66761,35.67976],[139.66762,35.67978],[139.66763,35.67978],[139.66768,35.6798],[139.66777,35.67986],[139.66782,35.67992],[139.66784,35.67995],[139.66796,35.68002],[139.66813,35.68009],[139.66831,35.68016],[139.66837,35.68019],[139.66847,35.68023],[139.6689,35.68053],[139.66901,35.68061],[139.66923,35.6807],[139.66951,35.68082],[139.66969,35.6809],[139.66975,35.68093],[139.67008,35.68108],[139.67108,35.68142],[139.67112,35.68143],[139.67116,35.68144],[139.6713,35.68149],[139.67137,35.68155],[139.6714,35.68158],[139.67142,35.6816],[139.67189,35.68199],[139.67192,35.68202],[139.67194,35.68204],[139.67212,35.6822],[139.67241,35.68245],[139.67243,35.68248],[139.67246,35.6825],[139.67281,35.68281],[139.67286,35.68285],[139.67289,35.68287],[139.67292,35.68289],[139.67336,35.68323],[139.67339,35.68328],[139.67341,35.68331],[139.67343,35.68334],[139.67348,35.68341],[139.67354,35.68351],[139.67362,35.68356],[139.67399,35.68366],[139.6743,35.68394],[139.67448,35.68413],[139.67461,35.6842],[139.67464,35.68422],[139.67474,35.68427],[139.67506,35.68451],[139.67516,35.68467],[139.67519,35.68472],[139.67524,35.68481],[139.67556,35.68538],[139.67583,35.68586],[139.67592,35.68589],[139.67614,35.68612],[139.67616,35.68613],[139.67621,35.68617],[139.67624,35.6862],[139.67632,35.68626],[139.6765,35.68641],[139.67653,35.68644],[139.67657,35.68648],[139.67679,35.68667],[139.67709,35.68684],[139.67754,35.68719],[139.67792,35.68743],[139.67797,35.68746],[139.67807,35.68751],[139.67816,35.68758],[139.67818,35.6876],[139.67901,35.68825],[139.67916,35.68845],[139.67918,35.68847],[139.67923,35.68854],[139.67944,35.68874],[139.67946,35.68876],[139.67952,35.6888],[139.67955,35.68882],[139.67958,35.68884],[139.67963,35.68887],[139.67977,35.68903],[139.67982,35.6891],[139.67984,35.68913],[139.67987,35.68916],[139.67992,35.68924],[139.68005,35.68936],[139.68007,35.68941],[139.68009,35.68944],[139.6801,35.68947],[139.68014,35.68956],[139.68033,35.6898],[139.68043,35.68986],[139.68046,35.68987],[139.68053,35.68991],[139.68072,35.69002],[139.68083,35.6901],[139.68104,35.69024],[139.68156,35.69053],[139.68177,35.69067],[139.6818,35.69069],[139.68191,35.69076],[139.68197,35.6908],[139.68202,35.69083],[139.68204,35.69085],[139.68213,35.69091],[139.68256,35.69115],[139.68267,35.69122],[139.6827,35.69123],[139.68272,35.69125],[139.68293,35.69138],[139.68298,35.69142],[139.68301,35.69144],[139.68303,35.69146],[139.68322,35.6916],[139.68325,35.69163],[139.68329,35.69166],[139.68337,35.69172],[139.68347,35.69184],[139.68363,35.69197],[139.68399,35.69199]]]}},{"type":"Feature","properties":{"ja":"北区"},"geometry":{"type":"Polygon","coordinates":[[[139.69767,35.79845],[139.69828,35.7981],[139.69967,35.79723],[139.70082,35.7964],[139.70177,35.79572],[139.70198,35.79557],[139.70314,35.79475],[139.70321,35.79471],[139.70408,35.79414],[139.70474,35.79373],[139.70525,35.79341],[139.70622,35.79297],[139.7073,35.79253],[139.70855,35.79221],[139.70919,35.79202],[139.70975,35.79195],[139.71085,35.79193],[139.71248,35.7919],[139.71328,35.79192],[139.71391,35.79193],[139.71607,35.79193],[139.71719,35.79192],[139.71735,35.79192],[139.71742,35.79192],[139.71758,35.79191],[139.71774,35.7919],[139.71831,35.79188],[139.71925,35.79179],[139.71998,35.79164],[139.72073,35.79143],[139.72194,35.79092],[139.72224,35.79073],[139.72227,35.79067],[139.7225,35.79024],[139.7228,35.78932],[139.7228,35.7893],[139.72314,35.78839],[139.7232,35.78831],[139.72333,35.78813],[139.7235,35.7879],[139.72372,35.7876],[139.72414,35.78743],[139.72446,35.78727],[139.72492,35.78729],[139.72525,35.78733],[139.72658,35.78749],[139.7266,35.7875],[139.72661,35.7875],[139.72775,35.78784],[139.72848,35.7881],[139.72889,35.78824],[139.73005,35.78868],[139.73063,35.78896],[139.73186,35.78953],[139.73247,35.78973],[139.73302,35.78986],[139.73314,35.78989],[139.73387,35.79005],[139.73411,35.79001],[139.73444,35.78993],[139.73532,35.78957],[139.73638,35.78901],[139.73749,35.78828],[139.73818,35.78778],[139.73853,35.7874],[139.73856,35.7872],[139.73856,35.78717],[139.73855,35.78708],[139.73846,35.78588],[139.73845,35.78587],[139.73832,35.78468],[139.73832,35.78467],[139.73824,35.78395],[139.7382,35.78362],[139.73816,35.78329],[139.73797,35.7818],[139.73797,35.78176],[139.73791,35.78129],[139.73791,35.78127],[139.73783,35.78054],[139.73783,35.78053],[139.73788,35.78046],[139.73805,35.78022],[139.73815,35.78],[139.73822,35.77984],[139.73828,35.7797],[139.7383,35.77948],[139.7383,35.77929],[139.73828,35.77878],[139.73827,35.77875],[139.73818,35.77825],[139.73787,35.77743],[139.7374,35.77652],[139.73725,35.77622],[139.73697,35.77569],[139.73663,35.77506],[139.73617,35.77416],[139.73596,35.77358],[139.73591,35.77343],[139.73589,35.77331],[139.73572,35.77259],[139.73571,35.77235],[139.7357,35.77221],[139.73575,35.77163],[139.73589,35.77105],[139.73608,35.77077],[139.73618,35.77062],[139.73638,35.77042],[139.73654,35.77033],[139.73672,35.77022],[139.73744,35.76995],[139.73763,35.76992],[139.73848,35.76976],[139.73902,35.76962],[139.73917,35.76958],[139.73978,35.7694],[139.74,35.76933],[139.74042,35.76919],[139.74128,35.7688],[139.74206,35.76846],[139.74274,35.76817],[139.74301,35.76805],[139.74464,35.76749],[139.74572,35.76713],[139.7464,35.76701],[139.74676,35.76701],[139.74708,35.76703],[139.74754,35.76713],[139.74764,35.76715],[139.74809,35.76718],[139.74906,35.76721],[139.74956,35.76723],[139.74987,35.76724],[139.75015,35.76725],[139.75062,35.76734],[139.75127,35.76743],[139.75143,35.76747],[139.75169,35.76755],[139.75218,35.76768],[139.75263,35.76781],[139.75312,35.76794],[139.75338,35.76798],[139.75382,35.76806],[139.75431,35.76817],[139.75448,35.76822],[139.75448,35.76822],[139.75474,35.76831],[139.75497,35.76838],[139.75535,35.7686],[139.75546,35.76866],[139.75565,35.76881],[139.75598,35.76901],[139.75659,35.76938],[139.7566,35.76938],[139.75673,35.76946],[139.75742,35.76987],[139.75793,35.77018],[139.75827,35.77001],[139.75862,35.76979],[139.75899,35.76956],[139.75928,35.76931],[139.75952,35.76903],[139.7597,35.76879],[139.75986,35.76847],[139.75997,35.76822],[139.76007,35.76794],[139.76014,35.76755],[139.76015,35.76726],[139.76014,35.76699],[139.7601,35.76676],[139.76,35.76653],[139.75984,35.76628],[139.75983,35.76628],[139.75956,35.76596],[139.75926,35.76562],[139.75905,35.76539],[139.75905,35.76538],[139.75889,35.7652],[139.75859,35.76496],[139.75816,35.76459],[139.75805,35.76453],[139.75786,35.76443],[139.75772,35.76436],[139.75747,35.76425],[139.75743,35.76423],[139.75723,35.76414],[139.75711,35.76408],[139.75647,35.76388],[139.75645,35.76387],[139.75645,35.76387],[139.75603,35.76372],[139.75559,35.76352],[139.75503,35.76323],[139.75458,35.76295],[139.75441,35.76282],[139.75414,35.7626],[139.75367,35.76236],[139.75244,35.76165],[139.75224,35.76154],[139.75131,35.76104],[139.75026,35.76051],[139.74936,35.76006],[139.74888,35.75981],[139.74868,35.75961],[139.74849,35.75937],[139.74837,35.75916],[139.74837,35.75915],[139.74835,35.75912],[139.74828,35.75891],[139.74827,35.75869],[139.74827,35.75867],[139.74827,35.75862],[139.7483,35.75834],[139.7483,35.75833],[139.74834,35.75809],[139.74844,35.75784],[139.74853,35.75769],[139.74859,35.75757],[139.74881,35.75729],[139.74906,35.75704],[139.74928,35.75689],[139.74967,35.75668],[139.75006,35.75646],[139.75047,35.7563],[139.75055,35.75626],[139.75121,35.75607],[139.75179,35.75595],[139.75296,35.75569],[139.7537,35.75559],[139.75468,35.75542],[139.75612,35.75518],[139.75733,35.75497],[139.75786,35.75487],[139.75796,35.75486],[139.75787,35.75446],[139.75787,35.75446],[139.75759,35.75323],[139.75758,35.75317],[139.75726,35.7532],[139.757,35.75323],[139.75653,35.75326],[139.75631,35.75327],[139.75624,35.75328],[139.75513,35.75335],[139.75489,35.75337],[139.75484,35.75338],[139.75479,35.75338],[139.75394,35.75346],[139.7538,35.75347],[139.75375,35.75347],[139.7537,35.75347],[139.75334,35.75349],[139.75324,35.7535],[139.75288,35.75354],[139.75238,35.75359],[139.75231,35.7536],[139.75227,35.75328],[139.75185,35.75329],[139.75187,35.75364],[139.7515,35.75368],[139.75102,35.7537],[139.75098,35.7537],[139.75088,35.75371],[139.75085,35.75323],[139.75078,35.75267],[139.75062,35.75238],[139.7504,35.75215],[139.75036,35.75211],[139.75033,35.75208],[139.7503,35.75204],[139.75023,35.75197],[139.75018,35.75192],[139.75,35.75173],[139.74974,35.75135],[139.74971,35.75131],[139.74969,35.75127],[139.74963,35.75119],[139.7499,35.75116],[139.74994,35.75116],[139.74998,35.75115],[139.75012,35.75114],[139.7501,35.75108],[139.75006,35.75097],[139.75003,35.75087],[139.7499,35.75049],[139.74988,35.75043],[139.74987,35.75039],[139.74977,35.75012],[139.75088,35.74955],[139.75108,35.74974],[139.75111,35.74977],[139.75115,35.74981],[139.75122,35.74988],[139.75126,35.74985],[139.75129,35.74983],[139.75135,35.7498],[139.75173,35.74957],[139.75182,35.74952],[139.7519,35.74947],[139.75218,35.74929],[139.75234,35.74929],[139.75239,35.74929],[139.75244,35.74928],[139.75342,35.74924],[139.75346,35.74924],[139.75351,35.74924],[139.75432,35.7492],[139.75459,35.74919],[139.75465,35.74919],[139.7547,35.74919],[139.75471,35.74918],[139.75485,35.74895],[139.75516,35.74893],[139.75513,35.74865],[139.75513,35.74861],[139.75512,35.74858],[139.75507,35.74815],[139.75507,35.74811],[139.75506,35.74807],[139.75504,35.74783],[139.75525,35.74768],[139.75528,35.74765],[139.75531,35.74763],[139.75538,35.74758],[139.75658,35.74759],[139.75662,35.74759],[139.75667,35.74759],[139.75744,35.74761],[139.75748,35.74761],[139.75752,35.74761],[139.7578,35.74761],[139.7578,35.7475],[139.7578,35.74746],[139.7578,35.74743],[139.75781,35.74693],[139.75781,35.74689],[139.75781,35.74686],[139.75782,35.74617],[139.75782,35.74613],[139.75782,35.74609],[139.75751,35.74577],[139.75743,35.7457],[139.75734,35.74561],[139.7572,35.74546],[139.75833,35.74473],[139.75849,35.74462],[139.75864,35.74453],[139.75869,35.7445],[139.75872,35.74448],[139.75932,35.74409],[139.7594,35.74404],[139.75944,35.74401],[139.75948,35.74399],[139.75952,35.74397],[139.76016,35.74355],[139.76019,35.74353],[139.76023,35.74351],[139.76031,35.74345],[139.76052,35.74372],[139.76095,35.74348],[139.76098,35.74347],[139.76102,35.74344],[139.7615,35.74318],[139.76155,35.7433],[139.76158,35.7434],[139.76162,35.74349],[139.76173,35.74377],[139.76187,35.74376],[139.76193,35.74375],[139.76197,35.74375],[139.76288,35.74366],[139.76324,35.7441],[139.76335,35.74411],[139.76345,35.74412],[139.76357,35.74412],[139.76384,35.74414],[139.76385,35.74401],[139.76385,35.74399],[139.76385,35.74395],[139.76388,35.74356],[139.76388,35.74352],[139.76388,35.74349],[139.76392,35.74304],[139.76392,35.74301],[139.76392,35.74298],[139.76393,35.74285],[139.76532,35.74191],[139.76536,35.74187],[139.76541,35.74184],[139.76548,35.74179],[139.76574,35.7418],[139.76589,35.74162],[139.76621,35.7416],[139.76625,35.74159],[139.76629,35.74159],[139.76696,35.74155],[139.76701,35.74154],[139.76705,35.74154],[139.76708,35.74154],[139.7678,35.74149],[139.76785,35.74148],[139.7679,35.74148],[139.76817,35.74146],[139.76827,35.74112],[139.76828,35.74106],[139.76829,35.74102],[139.76838,35.74069],[139.76839,35.74063],[139.76841,35.74058],[139.76845,35.7404],[139.76846,35.74014],[139.76873,35.74001],[139.76883,35.73996],[139.76894,35.73991],[139.76907,35.73984],[139.76905,35.73968],[139.76905,35.73964],[139.76904,35.73959],[139.769,35.73926],[139.76952,35.73898],[139.76964,35.73914],[139.77009,35.73896],[139.77005,35.73873],[139.77067,35.73825],[139.77095,35.73803],[139.77101,35.73798],[139.77111,35.73791],[139.77112,35.7379],[139.7706,35.73771],[139.77057,35.7377],[139.77051,35.73768],[139.76998,35.73749],[139.76924,35.73722],[139.76917,35.7372],[139.76913,35.73719],[139.76893,35.73712],[139.76866,35.73702],[139.76851,35.73697],[139.76838,35.73692],[139.76789,35.73675],[139.76767,35.73667],[139.76624,35.73616],[139.76601,35.73605],[139.76593,35.736],[139.76575,35.73592],[139.76556,35.73582],[139.76549,35.73579],[139.76506,35.73558],[139.76491,35.7355],[139.76471,35.7354],[139.76446,35.73528],[139.76419,35.73515],[139.76388,35.735],[139.76376,35.73493],[139.76409,35.73467],[139.76424,35.73444],[139.76342,35.73369],[139.76335,35.73371],[139.76281,35.73382],[139.76278,35.7338],[139.7625,35.7337],[139.76244,35.73368],[139.76233,35.73363],[139.76197,35.73393],[139.76132,35.73381],[139.76133,35.73376],[139.76135,35.73372],[139.76142,35.73348],[139.76143,35.73343],[139.76146,35.73333],[139.76152,35.73312],[139.76153,35.73309],[139.76155,35.73304],[139.76156,35.73298],[139.76161,35.73283],[139.76138,35.73261],[139.76106,35.73232],[139.76104,35.7323],[139.76093,35.73221],[139.76013,35.7317],[139.7601,35.73168],[139.76005,35.73165],[139.75993,35.73158],[139.7591,35.73228],[139.75879,35.73252],[139.75872,35.73257],[139.75866,35.73262],[139.75855,35.73271],[139.75847,35.73272],[139.75845,35.73272],[139.75839,35.73273],[139.75787,35.73282],[139.75639,35.73363],[139.75607,35.7338],[139.75604,35.73381],[139.75596,35.73385],[139.75591,35.73388],[139.75501,35.73433],[139.75498,35.73435],[139.75493,35.73437],[139.75446,35.73461],[139.75436,35.73468],[139.75432,35.73471],[139.75428,35.73474],[139.7538,35.73508],[139.75362,35.73516],[139.75353,35.73515],[139.75349,35.73514],[139.75342,35.73514],[139.75276,35.73506],[139.75221,35.73535],[139.75218,35.73536],[139.75213,35.73539],[139.75204,35.73544],[139.75156,35.73573],[139.75137,35.73574],[139.75129,35.73574],[139.75121,35.73574],[139.75096,35.73575],[139.75042,35.73599],[139.75037,35.73601],[139.75008,35.73614],[139.74955,35.73654],[139.7495,35.73664],[139.74947,35.73669],[139.74945,35.73672],[139.7493,35.73699],[139.74928,35.73703],[139.74918,35.73721],[139.74909,35.73736],[139.74894,35.73763],[139.74891,35.73768],[139.74885,35.73779],[139.74878,35.73791],[139.7487,35.73806],[139.7485,35.73842],[139.74848,35.73845],[139.74845,35.73851],[139.74835,35.73869],[139.74824,35.73877],[139.7482,35.73879],[139.74817,35.73882],[139.74769,35.73914],[139.74766,35.73916],[139.74761,35.73919],[139.74737,35.73936],[139.7469,35.73966],[139.74679,35.73973],[139.74677,35.73974],[139.74677,35.73974],[139.74665,35.7398],[139.74657,35.73985],[139.74633,35.73924],[139.74632,35.73922],[139.74616,35.73884],[139.746,35.73889],[139.74598,35.73897],[139.74597,35.73908],[139.74596,35.73917],[139.74566,35.7392],[139.74514,35.73927],[139.74467,35.73931],[139.74461,35.73932],[139.74457,35.73932],[139.74441,35.73934],[139.74432,35.73892],[139.74403,35.73896],[139.74411,35.73942],[139.74388,35.7396],[139.744,35.73997],[139.74401,35.74],[139.74402,35.74003],[139.74414,35.74041],[139.74423,35.74049],[139.74427,35.74052],[139.7443,35.74054],[139.7444,35.74063],[139.74441,35.74079],[139.74429,35.74081],[139.74421,35.74099],[139.74412,35.74099],[139.74409,35.74099],[139.74405,35.74099],[139.74389,35.741],[139.74379,35.74116],[139.74376,35.74119],[139.74372,35.74125],[139.74366,35.74135],[139.74274,35.74157],[139.74272,35.74158],[139.74268,35.74161],[139.74263,35.74164],[139.7419,35.74211],[139.74126,35.74229],[139.7412,35.74231],[139.74117,35.74232],[139.74106,35.74235],[139.741,35.74232],[139.74041,35.74208],[139.7402,35.74199],[139.74017,35.74197],[139.74014,35.74196],[139.7397,35.74177],[139.73961,35.74175],[139.73956,35.74173],[139.73951,35.74172],[139.7389,35.74155],[139.73887,35.74154],[139.73882,35.74152],[139.73828,35.74138],[139.73823,35.74136],[139.73818,35.74135],[139.73788,35.74126],[139.73773,35.74121],[139.7377,35.7412],[139.73722,35.74103],[139.73712,35.741],[139.73676,35.7409],[139.73648,35.74081],[139.73641,35.7408],[139.73555,35.74055],[139.73529,35.74052],[139.73518,35.74059],[139.735,35.74059],[139.73497,35.7406],[139.73492,35.74061],[139.73479,35.74064],[139.73457,35.74069],[139.7344,35.74087],[139.73426,35.74107],[139.73407,35.74138],[139.73405,35.74141],[139.73404,35.74144],[139.73394,35.74159],[139.73294,35.7425],[139.73276,35.74262],[139.73273,35.74264],[139.7327,35.74266],[139.73236,35.7429],[139.73219,35.74302],[139.73216,35.74304],[139.73213,35.74307],[139.73197,35.74318],[139.73192,35.74321],[139.73188,35.74324],[139.73186,35.74326],[139.73178,35.74331],[139.73209,35.74374],[139.73212,35.74377],[139.73269,35.74453],[139.7327,35.74485],[139.73268,35.7449],[139.73267,35.74495],[139.73263,35.74509],[139.73241,35.7451],[139.73199,35.74512],[139.73182,35.74513],[139.73177,35.74513],[139.73156,35.74515],[139.73136,35.74516],[139.7313,35.74516],[139.73126,35.74516],[139.73114,35.74517],[139.73066,35.74504],[139.73061,35.74504],[139.73058,35.74504],[139.73052,35.74504],[139.7297,35.74504],[139.72946,35.74499],[139.72928,35.74495],[139.72909,35.74491],[139.72893,35.74488],[139.72881,35.74485],[139.72843,35.74477],[139.72827,35.74475],[139.72791,35.74471],[139.72778,35.74444],[139.72777,35.74441],[139.72773,35.74433],[139.72766,35.74417],[139.72758,35.74404],[139.72742,35.74393],[139.72712,35.74367],[139.72685,35.74339],[139.72683,35.74336],[139.7268,35.74333],[139.72676,35.74329],[139.7265,35.74296],[139.72626,35.74252],[139.72621,35.74246],[139.72616,35.7424],[139.72612,35.74234],[139.72601,35.74221],[139.726,35.74218],[139.72599,35.74212],[139.72598,35.74206],[139.72597,35.74206],[139.72594,35.74203],[139.72588,35.74198],[139.72517,35.74135],[139.72513,35.74132],[139.7251,35.74129],[139.72488,35.7411],[139.72449,35.74083],[139.72461,35.74073],[139.72468,35.74066],[139.72477,35.74058],[139.72486,35.74051],[139.72534,35.74008],[139.72535,35.73999],[139.72506,35.74016],[139.72506,35.74016],[139.72502,35.74013],[139.72495,35.74008],[139.72472,35.73986],[139.72454,35.73976],[139.72452,35.73975],[139.72432,35.73975],[139.72409,35.73979],[139.72404,35.7398],[139.72387,35.73985],[139.7238,35.73988],[139.72365,35.73992],[139.72362,35.73993],[139.72359,35.74002],[139.72354,35.74018],[139.72349,35.74022],[139.72329,35.74041],[139.72317,35.74051],[139.7231,35.74057],[139.72297,35.74065],[139.7229,35.74069],[139.72211,35.74113],[139.72195,35.74119],[139.72191,35.74121],[139.72187,35.74122],[139.72159,35.74132],[139.72141,35.74136],[139.72107,35.74145],[139.72037,35.74162],[139.72023,35.74165],[139.72022,35.74166],[139.7202,35.74167],[139.72017,35.74169],[139.72001,35.74179],[139.71998,35.74194],[139.7199,35.74232],[139.71989,35.74248],[139.71989,35.74257],[139.71989,35.7426],[139.7199,35.74269],[139.7199,35.74273],[139.7199,35.74273],[139.71991,35.74283],[139.71991,35.74284],[139.71982,35.74338],[139.71964,35.74392],[139.71963,35.74394],[139.71963,35.74397],[139.71962,35.74399],[139.71948,35.74448],[139.71946,35.74466],[139.7195,35.74483],[139.7195,35.74489],[139.71951,35.74504],[139.72,35.7459],[139.72004,35.74597],[139.72011,35.74608],[139.72017,35.74612],[139.7202,35.74614],[139.72032,35.74618],[139.72041,35.7463],[139.72051,35.7465],[139.72054,35.74657],[139.72057,35.74662],[139.72061,35.7467],[139.72121,35.74641],[139.72125,35.74639],[139.72128,35.74637],[139.72141,35.74631],[139.72148,35.74701],[139.72148,35.74704],[139.72149,35.74709],[139.72152,35.74738],[139.7222,35.74732],[139.72222,35.74757],[139.72222,35.74758],[139.72224,35.74775],[139.72218,35.74775],[139.72217,35.74775],[139.72178,35.74778],[139.72188,35.74828],[139.72195,35.74835],[139.72201,35.74841],[139.72204,35.74844],[139.72204,35.74844],[139.72216,35.74856],[139.72228,35.74868],[139.72234,35.74874],[139.72194,35.74896],[139.72205,35.74939],[139.72214,35.74993],[139.7222,35.75033],[139.72225,35.7506],[139.72225,35.7506],[139.72226,35.75065],[139.72246,35.75071],[139.7226,35.75076],[139.72261,35.7508],[139.72261,35.75081],[139.72261,35.75085],[139.72268,35.751],[139.72268,35.7511],[139.72255,35.75131],[139.72255,35.75137],[139.72256,35.75173],[139.72261,35.75187],[139.72262,35.7519],[139.72268,35.75205],[139.72271,35.75216],[139.72272,35.75226],[139.72272,35.75239],[139.72272,35.75261],[139.72272,35.75263],[139.72272,35.7527],[139.72271,35.75303],[139.7227,35.75323],[139.72266,35.75333],[139.72248,35.75352],[139.72227,35.75361],[139.72199,35.75373],[139.72188,35.75377],[139.72172,35.75386],[139.72151,35.75411],[139.72137,35.75428],[139.72127,35.7544],[139.72126,35.75441],[139.7212,35.75449],[139.72104,35.75457],[139.72098,35.7546],[139.72085,35.7547],[139.72058,35.75489],[139.72043,35.75506],[139.72042,35.75506],[139.72049,35.75517],[139.7205,35.7553],[139.72036,35.75551],[139.72022,35.75571],[139.72,35.75605],[139.71976,35.75644],[139.71959,35.7565],[139.71941,35.75666],[139.71935,35.75682],[139.7193,35.75694],[139.71926,35.75702],[139.7192,35.75717],[139.71868,35.75767],[139.71842,35.75793],[139.71834,35.758],[139.71812,35.75823],[139.71777,35.75858],[139.71762,35.75875],[139.7173,35.75916],[139.71719,35.75936],[139.71714,35.75946],[139.71703,35.75966],[139.71696,35.75978],[139.71694,35.75983],[139.71685,35.75998],[139.71669,35.76023],[139.71648,35.7604],[139.71629,35.76072],[139.71621,35.76079],[139.71612,35.76087],[139.71566,35.76126],[139.71563,35.76128],[139.7156,35.76131],[139.71529,35.76157],[139.71526,35.76159],[139.71523,35.76161],[139.71521,35.76163],[139.71508,35.76173],[139.71505,35.76175],[139.71502,35.76177],[139.71465,35.76205],[139.71462,35.76208],[139.71459,35.7621],[139.71432,35.7623],[139.71431,35.7623],[139.71429,35.76232],[139.71427,35.76234],[139.71403,35.76251],[139.71369,35.76276],[139.71367,35.76278],[139.71362,35.76281],[139.71348,35.76291],[139.71326,35.76308],[139.71319,35.76322],[139.71316,35.76327],[139.7131,35.76327],[139.71303,35.76328],[139.71292,35.76328],[139.71283,35.76329],[139.71259,35.7633],[139.71257,35.7633],[139.71247,35.76331],[139.71187,35.7634],[139.71125,35.76354],[139.71119,35.76355],[139.71109,35.76358],[139.71099,35.7636],[139.71089,35.76362],[139.71058,35.76433],[139.71028,35.76502],[139.70949,35.76485],[139.70933,35.76499],[139.70929,35.76503],[139.70921,35.76511],[139.70916,35.76515],[139.70901,35.76557],[139.70831,35.76541],[139.70821,35.7655],[139.70812,35.76556],[139.70805,35.76561],[139.70796,35.76567],[139.70786,35.76574],[139.70756,35.76597],[139.70751,35.766],[139.70746,35.76603],[139.70702,35.76635],[139.70672,35.76657],[139.70654,35.76662],[139.70645,35.76665],[139.70644,35.76666],[139.7064,35.76667],[139.70638,35.76673],[139.70636,35.76684],[139.70633,35.76696],[139.70632,35.76722],[139.70632,35.76725],[139.70632,35.76727],[139.70631,35.76735],[139.7063,35.76774],[139.7063,35.76779],[139.7063,35.76781],[139.70629,35.76784],[139.70629,35.76787],[139.70625,35.76841],[139.70625,35.76844],[139.70625,35.76844],[139.70624,35.76846],[139.70611,35.76884],[139.70603,35.76923],[139.70602,35.76927],[139.70602,35.7693],[139.70597,35.76955],[139.70596,35.76957],[139.70595,35.76959],[139.70593,35.76972],[139.70566,35.77071],[139.70565,35.77072],[139.70565,35.77073],[139.70564,35.77076],[139.70543,35.77142],[139.70542,35.77145],[139.70542,35.77147],[139.70523,35.77205],[139.70518,35.77225],[139.70517,35.77228],[139.70517,35.7723],[139.70508,35.77263],[139.70508,35.77263],[139.70507,35.77266],[139.70505,35.77271],[139.70477,35.77341],[139.70452,35.77424],[139.7045,35.7745],[139.70449,35.77456],[139.70449,35.77459],[139.70448,35.77471],[139.70447,35.77479],[139.70447,35.77485],[139.70446,35.77496],[139.70425,35.77506],[139.70414,35.77523],[139.70415,35.77556],[139.70415,35.77562],[139.70413,35.77571],[139.70404,35.77604],[139.70401,35.77617],[139.70399,35.77627],[139.70397,35.77631],[139.70387,35.77672],[139.70383,35.77683],[139.70365,35.77728],[139.70359,35.77744],[139.70357,35.77748],[139.70349,35.77768],[139.70345,35.77781],[139.70344,35.77783],[139.70331,35.77818],[139.70326,35.77835],[139.70325,35.77838],[139.70307,35.77906],[139.70304,35.77916],[139.70299,35.77953],[139.70299,35.77954],[139.70287,35.77986],[139.70284,35.77995],[139.70283,35.77998],[139.7027,35.78031],[139.70264,35.78043],[139.70253,35.78073],[139.70246,35.78089],[139.70245,35.78092],[139.70239,35.78108],[139.70231,35.78144],[139.70242,35.78169],[139.70272,35.78201],[139.70279,35.78209],[139.70293,35.78224],[139.70304,35.78253],[139.70307,35.78259],[139.70307,35.78261],[139.70307,35.78263],[139.70307,35.78276],[139.70304,35.78325],[139.70302,35.78354],[139.70302,35.78357],[139.70283,35.78381],[139.70275,35.78392],[139.70273,35.78392],[139.70248,35.78392],[139.70248,35.78392],[139.70247,35.78392],[139.70226,35.7841],[139.70225,35.7841],[139.70215,35.78408],[139.70184,35.78388],[139.70102,35.78337],[139.70037,35.78293],[139.69983,35.78261],[139.69907,35.78227],[139.69844,35.78213],[139.69774,35.78214],[139.69752,35.78217],[139.69742,35.78218],[139.69717,35.78222],[139.69683,35.78226],[139.69655,35.7823],[139.69637,35.78232],[139.69565,35.78246],[139.69498,35.78262],[139.69425,35.7829],[139.69357,35.78314],[139.69245,35.7837],[139.69127,35.78441],[139.69072,35.78491],[139.69015,35.78576],[139.69008,35.78586],[139.69008,35.78587],[139.68975,35.78637],[139.68947,35.7868],[139.68939,35.78703],[139.68943,35.78732],[139.68943,35.78735],[139.68944,35.78746],[139.68947,35.78765],[139.68947,35.78766],[139.6895,35.78769],[139.68962,35.78787],[139.68968,35.78796],[139.68969,35.78798],[139.68982,35.78838],[139.6899,35.78851],[139.68997,35.78863],[139.69014,35.78896],[139.69027,35.78921],[139.6904,35.78967],[139.69043,35.78979],[139.6905,35.79004],[139.69063,35.79057],[139.69087,35.79074],[139.69098,35.79086],[139.69101,35.7909],[139.69114,35.79104],[139.69122,35.79114],[139.69135,35.79127],[139.69144,35.79138],[139.6919,35.79185],[139.69201,35.79202],[139.69205,35.7921],[139.69235,35.79252],[139.69236,35.79254],[139.69254,35.7928],[139.69312,35.79358],[139.69398,35.79476],[139.69456,35.7955],[139.69456,35.79551],[139.69469,35.79567],[139.69481,35.79579],[139.69496,35.79594],[139.69505,35.79603],[139.69533,35.79631],[139.6957,35.79667],[139.69615,35.79724],[139.69643,35.79771],[139.69649,35.79785],[139.6966,35.79814],[139.69664,35.79825],[139.6967,35.79842],[139.69685,35.79888],[139.69686,35.7989],[139.69767,35.79845]]]}},{"type":"Feature","properties":{"ja":"豊島区"},"geometry":{"type":"Polygon","coordinates":[[[139.71951,35.74504],[139.7195,35.74489],[139.7195,35.74483],[139.71946,35.74466],[139.71948,35.74448],[139.71962,35.74399],[139.71963,35.74397],[139.71963,35.74394],[139.71964,35.74392],[139.71982,35.74338],[139.71991,35.74284],[139.71991,35.74283],[139.7199,35.74273],[139.7199,35.74273],[139.7199,35.74269],[139.71989,35.7426],[139.71989,35.74257],[139.71989,35.74248],[139.7199,35.74232],[139.71998,35.74194],[139.72001,35.74179],[139.72017,35.74169],[139.7202,35.74167],[139.72022,35.74166],[139.72023,35.74165],[139.72037,35.74162],[139.72107,35.74145],[139.72141,35.74136],[139.72159,35.74132],[139.72187,35.74122],[139.72191,35.74121],[139.72195,35.74119],[139.72211,35.74113],[139.7229,35.74069],[139.72297,35.74065],[139.7231,35.74057],[139.72317,35.74051],[139.72329,35.74041],[139.72349,35.74022],[139.72354,35.74018],[139.72359,35.74002],[139.72362,35.73993],[139.72365,35.73992],[139.7238,35.73988],[139.72387,35.73985],[139.72404,35.7398],[139.72409,35.73979],[139.72432,35.73975],[139.72452,35.73975],[139.72454,35.73976],[139.72472,35.73986],[139.72495,35.74008],[139.72502,35.74013],[139.72506,35.74016],[139.72506,35.74016],[139.72535,35.73999],[139.72534,35.74008],[139.72486,35.74051],[139.72477,35.74058],[139.72468,35.74066],[139.72461,35.74073],[139.72449,35.74083],[139.72488,35.7411],[139.7251,35.74129],[139.72513,35.74132],[139.72517,35.74135],[139.72588,35.74198],[139.72594,35.74203],[139.72597,35.74206],[139.72598,35.74206],[139.72599,35.74212],[139.726,35.74218],[139.72601,35.74221],[139.72612,35.74234],[139.72616,35.7424],[139.72621,35.74246],[139.72626,35.74252],[139.7265,35.74296],[139.72676,35.74329],[139.7268,35.74333],[139.72683,35.74336],[139.72685,35.74339],[139.72712,35.74367],[139.72742,35.74393],[139.72758,35.74404],[139.72766,35.74417],[139.72773,35.74433],[139.72777,35.74441],[139.72778,35.74444],[139.72791,35.74471],[139.72827,35.74475],[139.72843,35.74477],[139.72881,35.74485],[139.72893,35.74488],[139.72909,35.74491],[139.72928,35.74495],[139.72946,35.74499],[139.7297,35.74504],[139.73052,35.74504],[139.73058,35.74504],[139.73061,35.74504],[139.73066,35.74504],[139.73114,35.74517],[139.73126,35.74516],[139.7313,35.74516],[139.73136,35.74516],[139.73156,35.74515],[139.73177,35.74513],[139.73182,35.74513],[139.73199,35.74512],[139.73241,35.7451],[139.73263,35.74509],[139.73267,35.74495],[139.73268,35.7449],[139.7327,35.74485],[139.73269,35.74453],[139.73212,35.74377],[139.73209,35.74374],[139.73178,35.74331],[139.73186,35.74326],[139.73188,35.74324],[139.73192,35.74321],[139.73197,35.74318],[139.73213,35.74307],[139.73216,35.74304],[139.73219,35.74302],[139.73236,35.7429],[139.7327,35.74266],[139.73273,35.74264],[139.73276,35.74262],[139.73294,35.7425],[139.73394,35.74159],[139.73404,35.74144],[139.73405,35.74141],[139.73407,35.74138],[139.73426,35.74107],[139.7344,35.74087],[139.73457,35.74069],[139.73479,35.74064],[139.73492,35.74061],[139.73497,35.7406],[139.735,35.74059],[139.73518,35.74059],[139.73529,35.74052],[139.73555,35.74055],[139.73641,35.7408],[139.73648,35.74081],[139.73676,35.7409],[139.73712,35.741],[139.73722,35.74103],[139.7377,35.7412],[139.73773,35.74121],[139.73788,35.74126],[139.73818,35.74135],[139.73823,35.74136],[139.73828,35.74138],[139.73882,35.74152],[139.73887,35.74154],[139.7389,35.74155],[139.73951,35.74172],[139.73956,35.74173],[139.73961,35.74175],[139.7397,35.74177],[139.74014,35.74196],[139.74017,35.74197],[139.7402,35.74199],[139.74041,35.74208],[139.741,35.74232],[139.74106,35.74235],[139.74117,35.74232],[139.7412,35.74231],[139.74126,35.74229],[139.7419,35.74211],[139.74263,35.74164],[139.74268,35.74161],[139.74272,35.74158],[139.74274,35.74157],[139.74366,35.74135],[139.74372,35.74125],[139.74376,35.74119],[139.74379,35.74116],[139.74389,35.741],[139.74405,35.74099],[139.74409,35.74099],[139.74412,35.74099],[139.74421,35.74099],[139.74429,35.74081],[139.74441,35.74079],[139.7444,35.74063],[139.7443,35.74054],[139.74427,35.74052],[139.74423,35.74049],[139.74414,35.74041],[139.74402,35.74003],[139.74401,35.74],[139.744,35.73997],[139.74388,35.7396],[139.74411,35.73942],[139.74403,35.73896],[139.74432,35.73892],[139.74441,35.73934],[139.74457,35.73932],[139.74461,35.73932],[139.74467,35.73931],[139.74514,35.73927],[139.74566,35.7392],[139.74596,35.73917],[139.74597,35.73908],[139.74598,35.73897],[139.746,35.73889],[139.74616,35.73884],[139.74632,35.73922],[139.74633,35.73924],[139.74657,35.73985],[139.74665,35.7398],[139.74677,35.73974],[139.74677,35.73974],[139.74679,35.73973],[139.7469,35.73966],[139.74737,35.73936],[139.74761,35.73919],[139.74766,35.73916],[139.74769,35.73914],[139.74817,35.73882],[139.7482,35.73879],[139.74824,35.73877],[139.74835,35.73869],[139.74845,35.73851],[139.74848,35.73845],[139.7485,35.73842],[139.7487,35.73806],[139.74878,35.73791],[139.74885,35.73779],[139.74891,35.73768],[139.74894,35.73763],[139.74909,35.73736],[139.74918,35.73721],[139.74928,35.73703],[139.7493,35.73699],[139.74945,35.73672],[139.74947,35.73669],[139.7495,35.73664],[139.74955,35.73654],[139.75008,35.73614],[139.75037,35.73601],[139.75042,35.73599],[139.75096,35.73575],[139.75121,35.73574],[139.75129,35.73574],[139.75137,35.73574],[139.75156,35.73573],[139.75204,35.73544],[139.75213,35.73539],[139.75218,35.73536],[139.75221,35.73535],[139.75276,35.73506],[139.75249,35.73497],[139.75243,35.73495],[139.7524,35.73494],[139.75172,35.7347],[139.75155,35.73463],[139.75151,35.73462],[139.75143,35.73459],[139.75106,35.73443],[139.75105,35.73443],[139.75065,35.73445],[139.75064,35.73444],[139.75036,35.73423],[139.75032,35.7342],[139.75028,35.73417],[139.75019,35.7341],[139.75057,35.73392],[139.75031,35.73357],[139.75029,35.73356],[139.75025,35.73353],[139.75022,35.73352],[139.74944,35.73303],[139.74941,35.73301],[139.74937,35.73299],[139.74919,35.73287],[139.74892,35.7332],[139.74887,35.73326],[139.74885,35.73328],[139.74864,35.73354],[139.74854,35.73353],[139.74838,35.73352],[139.74827,35.73351],[139.7481,35.7335],[139.74694,35.73509],[139.74691,35.73514],[139.74688,35.73518],[139.74677,35.73534],[139.74667,35.73516],[139.74667,35.73516],[139.74665,35.73511],[139.74662,35.73506],[139.74604,35.73535],[139.746,35.73537],[139.74597,35.73538],[139.74568,35.73553],[139.74564,35.73555],[139.74549,35.73563],[139.74531,35.73572],[139.74514,35.7358],[139.74504,35.73586],[139.74496,35.73585],[139.74482,35.73581],[139.74471,35.73583],[139.74461,35.73583],[139.74456,35.73575],[139.74445,35.73553],[139.74435,35.73534],[139.74424,35.73512],[139.74414,35.73493],[139.74409,35.73483],[139.74399,35.73467],[139.74381,35.73453],[139.74365,35.73453],[139.74339,35.73458],[139.74321,35.73461],[139.74312,35.73456],[139.74302,35.73445],[139.74287,35.73427],[139.74282,35.73421],[139.74266,35.73403],[139.74256,35.73391],[139.74244,35.73379],[139.74254,35.73369],[139.74257,35.73367],[139.74262,35.73362],[139.74291,35.7335],[139.74305,35.73342],[139.74308,35.7334],[139.74312,35.73337],[139.74332,35.73325],[139.74322,35.73311],[139.74352,35.73289],[139.74341,35.73284],[139.74272,35.73229],[139.74258,35.73219],[139.74254,35.73216],[139.7425,35.73213],[139.74155,35.73143],[139.74154,35.73142],[139.74147,35.73137],[139.74153,35.7313],[139.74156,35.73127],[139.74159,35.73125],[139.7418,35.73103],[139.74171,35.73095],[139.74158,35.73083],[139.74157,35.73082],[139.74148,35.73073],[139.74145,35.73071],[139.74112,35.73053],[139.74105,35.73049],[139.741,35.73046],[139.74098,35.73044],[139.74085,35.73036],[139.74061,35.7306],[139.74059,35.73062],[139.74055,35.73066],[139.74053,35.73067],[139.74017,35.731],[139.74013,35.73103],[139.74011,35.73105],[139.73983,35.73129],[139.73951,35.73157],[139.73936,35.73167],[139.73932,35.73169],[139.73929,35.73171],[139.73908,35.73185],[139.73887,35.73162],[139.73883,35.73159],[139.7388,35.73157],[139.73877,35.73155],[139.73835,35.73123],[139.73833,35.73121],[139.73829,35.73118],[139.73806,35.731],[139.73786,35.73084],[139.73783,35.73082],[139.73781,35.7308],[139.73781,35.7308],[139.73734,35.73042],[139.73732,35.7304],[139.73727,35.73037],[139.73726,35.73036],[139.73689,35.73008],[139.73689,35.73008],[139.73683,35.73004],[139.7368,35.73002],[139.73651,35.72982],[139.73619,35.72954],[139.73617,35.72953],[139.73612,35.72949],[139.73596,35.72935],[139.73642,35.72886],[139.73686,35.72839],[139.73691,35.72815],[139.73689,35.72791],[139.73692,35.72783],[139.73703,35.72768],[139.73713,35.72754],[139.73716,35.7275],[139.73718,35.72747],[139.73725,35.72737],[139.73678,35.72726],[139.73681,35.72712],[139.73727,35.7271],[139.73739,35.7269],[139.73727,35.72686],[139.73722,35.72685],[139.73698,35.72677],[139.73632,35.72654],[139.73612,35.72644],[139.73606,35.72641],[139.73582,35.7263],[139.73565,35.72624],[139.73561,35.72622],[139.73548,35.72618],[139.73553,35.7261],[139.73555,35.72606],[139.73558,35.72602],[139.73603,35.7253],[139.73601,35.72529],[139.7358,35.72525],[139.73574,35.72525],[139.73565,35.72524],[139.73541,35.72524],[139.73532,35.72532],[139.7353,35.72534],[139.73522,35.72535],[139.73514,35.72532],[139.73503,35.72527],[139.73486,35.72521],[139.7348,35.72519],[139.73477,35.72518],[139.73449,35.72507],[139.73439,35.72515],[139.73436,35.72517],[139.73435,35.72518],[139.73433,35.72521],[139.73414,35.72558],[139.73407,35.72555],[139.73401,35.72552],[139.73397,35.7255],[139.7338,35.72543],[139.73362,35.72531],[139.73358,35.72529],[139.73355,35.72527],[139.73321,35.72504],[139.73317,35.72502],[139.73303,35.72492],[139.73288,35.72502],[139.73283,35.72499],[139.73292,35.7248],[139.73264,35.7247],[139.7326,35.72469],[139.73252,35.72466],[139.7324,35.72468],[139.73241,35.72438],[139.73241,35.72435],[139.73242,35.72425],[139.73224,35.7242],[139.73221,35.72418],[139.73218,35.72418],[139.73196,35.7241],[139.73169,35.72425],[139.7314,35.72425],[139.73115,35.72437],[139.73113,35.72447],[139.73112,35.72449],[139.73111,35.72453],[139.73099,35.7248],[139.7309,35.72486],[139.73077,35.72486],[139.73066,35.72519],[139.73065,35.72524],[139.73064,35.72528],[139.73062,35.72533],[139.7306,35.7254],[139.73059,35.72541],[139.73058,35.72544],[139.73057,35.72547],[139.73043,35.72565],[139.7304,35.72569],[139.73039,35.72571],[139.73016,35.726],[139.73002,35.72614],[139.72992,35.72624],[139.72987,35.72628],[139.72983,35.72624],[139.72972,35.72613],[139.72962,35.72608],[139.72951,35.72602],[139.72951,35.72602],[139.72939,35.72596],[139.72937,35.72594],[139.72918,35.72573],[139.72917,35.72573],[139.72916,35.72572],[139.72869,35.72597],[139.72793,35.72638],[139.72769,35.72651],[139.72766,35.72652],[139.72764,35.72653],[139.7276,35.72655],[139.7271,35.72684],[139.72674,35.72696],[139.72669,35.72698],[139.72664,35.727],[139.72648,35.72705],[139.7262,35.72658],[139.7261,35.72666],[139.72584,35.72678],[139.72571,35.72673],[139.72566,35.72671],[139.72562,35.72669],[139.7255,35.72665],[139.72524,35.72667],[139.72516,35.72666],[139.72512,35.72666],[139.72507,35.72666],[139.72481,35.72664],[139.72491,35.72648],[139.72493,35.72645],[139.72497,35.72639],[139.725,35.72634],[139.72503,35.7263],[139.72526,35.72632],[139.72534,35.72614],[139.72516,35.72602],[139.72489,35.72596],[139.72485,35.72595],[139.72481,35.72594],[139.72429,35.72582],[139.72437,35.72552],[139.72401,35.72544],[139.72398,35.72544],[139.72394,35.72543],[139.72356,35.72534],[139.72289,35.7252],[139.72275,35.72515],[139.72281,35.72504],[139.72282,35.72501],[139.72284,35.72498],[139.72302,35.72467],[139.72312,35.72442],[139.72313,35.72432],[139.72313,35.72428],[139.72314,35.72424],[139.72317,35.72396],[139.72319,35.72369],[139.72328,35.72332],[139.72329,35.72324],[139.72332,35.72309],[139.72334,35.72305],[139.72334,35.72302],[139.72337,35.7229],[139.72339,35.7227],[139.72339,35.72268],[139.7234,35.72252],[139.72345,35.7224],[139.72364,35.72229],[139.72404,35.72195],[139.72391,35.72172],[139.72388,35.7216],[139.72387,35.72151],[139.72389,35.72143],[139.72419,35.72083],[139.72435,35.72055],[139.72465,35.72012],[139.72472,35.72001],[139.7246,35.71998],[139.72444,35.71995],[139.72433,35.71992],[139.72412,35.71988],[139.7241,35.71987],[139.72354,35.71971],[139.72321,35.71959],[139.72308,35.71949],[139.72294,35.71937],[139.72283,35.71925],[139.7228,35.71917],[139.72272,35.71898],[139.72261,35.71887],[139.72246,35.71878],[139.72232,35.71876],[139.72228,35.71875],[139.72224,35.71874],[139.72221,35.71874],[139.72203,35.71885],[139.722,35.71887],[139.72197,35.71889],[139.72186,35.71896],[139.7218,35.71891],[139.72177,35.71888],[139.72174,35.71886],[139.7217,35.71882],[139.72128,35.71856],[139.72095,35.71854],[139.72089,35.71853],[139.72083,35.71852],[139.72049,35.71845],[139.72032,35.71841],[139.71981,35.7184],[139.71976,35.7184],[139.71962,35.71839],[139.71953,35.71838],[139.71948,35.71829],[139.71946,35.71826],[139.71943,35.7182],[139.71938,35.71813],[139.71936,35.7181],[139.71931,35.71801],[139.71913,35.71772],[139.71905,35.71757],[139.71904,35.71753],[139.71902,35.7175],[139.719,35.71745],[139.7189,35.71751],[139.71831,35.71776],[139.71802,35.71738],[139.7181,35.71724],[139.7181,35.71723],[139.71815,35.71703],[139.71818,35.71686],[139.71815,35.71682],[139.71813,35.7168],[139.71805,35.71672],[139.7179,35.71655],[139.71783,35.71647],[139.71781,35.71605],[139.71779,35.71589],[139.71759,35.71523],[139.71747,35.71479],[139.71747,35.71462],[139.71761,35.7145],[139.71779,35.71443],[139.71785,35.71441],[139.71788,35.7144],[139.71805,35.71434],[139.71847,35.71429],[139.71919,35.71414],[139.71935,35.7141],[139.71939,35.71409],[139.71943,35.71408],[139.7198,35.71399],[139.72032,35.71376],[139.72036,35.71374],[139.7204,35.71373],[139.72077,35.71357],[139.72131,35.71323],[139.72153,35.71311],[139.72157,35.71309],[139.72176,35.71299],[139.72239,35.71265],[139.7226,35.7125],[139.72264,35.71244],[139.72258,35.71236],[139.72255,35.71232],[139.72251,35.71227],[139.7224,35.71235],[139.72234,35.71239],[139.72223,35.71244],[139.72209,35.7125],[139.722,35.71253],[139.72168,35.71255],[139.72109,35.71245],[139.72091,35.71243],[139.72086,35.71249],[139.72082,35.71252],[139.7208,35.71254],[139.72071,35.71263],[139.72063,35.71265],[139.72055,35.71263],[139.72048,35.71257],[139.72043,35.71248],[139.72042,35.71246],[139.72039,35.71241],[139.72034,35.71233],[139.72016,35.7123],[139.72012,35.71242],[139.72011,35.71245],[139.7201,35.71247],[139.72005,35.7126],[139.72001,35.71272],[139.71989,35.71276],[139.71974,35.71277],[139.71971,35.71277],[139.71967,35.71277],[139.71959,35.71277],[139.71939,35.71269],[139.71928,35.71261],[139.71924,35.71258],[139.71923,35.71257],[139.71911,35.71247],[139.71876,35.71257],[139.71872,35.71256],[139.71865,35.71255],[139.71791,35.7127],[139.71762,35.71282],[139.71745,35.71288],[139.71728,35.71292],[139.71713,35.71294],[139.71688,35.71297],[139.71682,35.71303],[139.71678,35.71307],[139.71664,35.71322],[139.71635,35.71351],[139.71623,35.71363],[139.71613,35.71372],[139.71611,35.71374],[139.71599,35.7138],[139.71593,35.71381],[139.71588,35.71381],[139.71588,35.71381],[139.71569,35.71374],[139.71553,35.71362],[139.71547,35.71359],[139.71534,35.71353],[139.71527,35.71349],[139.71506,35.71339],[139.71484,35.71328],[139.71464,35.71323],[139.71463,35.71323],[139.71448,35.71319],[139.71441,35.71318],[139.71429,35.71324],[139.71427,35.71325],[139.71391,35.7134],[139.71376,35.71349],[139.71364,35.71358],[139.71354,35.7137],[139.71332,35.7139],[139.71328,35.71393],[139.7129,35.71421],[139.71232,35.71461],[139.71211,35.71476],[139.71191,35.71479],[139.71165,35.71482],[139.7116,35.71481],[139.71159,35.71481],[139.71128,35.71477],[139.71108,35.71465],[139.71102,35.71446],[139.71095,35.71426],[139.71091,35.71414],[139.71074,35.71389],[139.71061,35.71369],[139.71059,35.71366],[139.71057,35.71363],[139.71057,35.71362],[139.71053,35.71353],[139.71042,35.71346],[139.71032,35.71348],[139.71028,35.71349],[139.71023,35.7135],[139.71002,35.71354],[139.7096,35.71358],[139.70915,35.71359],[139.70912,35.71359],[139.70878,35.7137],[139.70877,35.71371],[139.70876,35.71372],[139.70872,35.71376],[139.70868,35.71382],[139.70806,35.71382],[139.70774,35.71381],[139.70752,35.71383],[139.70734,35.71385],[139.70727,35.71381],[139.70722,35.71377],[139.70719,35.71375],[139.70702,35.71364],[139.70649,35.71355],[139.70639,35.7135],[139.70627,35.71343],[139.70608,35.71343],[139.70604,35.71343],[139.70601,35.71344],[139.70587,35.71344],[139.70535,35.7137],[139.70548,35.71414],[139.70538,35.71443],[139.7053,35.71445],[139.70526,35.71446],[139.70492,35.71454],[139.70484,35.71456],[139.70483,35.7146],[139.70481,35.71467],[139.7048,35.71474],[139.70479,35.71475],[139.70471,35.71507],[139.70466,35.71535],[139.70465,35.71537],[139.70456,35.71588],[139.70481,35.71603],[139.70482,35.71604],[139.70492,35.7161],[139.70525,35.71631],[139.70537,35.71649],[139.7054,35.71657],[139.70558,35.71713],[139.70559,35.71716],[139.70561,35.71732],[139.70561,35.71739],[139.70566,35.71759],[139.70573,35.71793],[139.70574,35.718],[139.7058,35.71831],[139.70581,35.71835],[139.70588,35.71863],[139.70594,35.71885],[139.70593,35.71885],[139.70582,35.71889],[139.70553,35.719],[139.70539,35.71905],[139.7052,35.7194],[139.70514,35.7195],[139.70508,35.71961],[139.70501,35.71976],[139.70498,35.71991],[139.70496,35.71999],[139.70491,35.7202],[139.7049,35.72028],[139.70486,35.72044],[139.70499,35.7205],[139.70512,35.72057],[139.70516,35.72059],[139.7052,35.72061],[139.70521,35.72061],[139.70503,35.72079],[139.70504,35.72082],[139.70506,35.72086],[139.70507,35.72088],[139.70536,35.72148],[139.70503,35.72171],[139.705,35.72173],[139.70495,35.72176],[139.70478,35.72188],[139.70447,35.72207],[139.70438,35.72211],[139.70432,35.72214],[139.70426,35.72217],[139.70415,35.72222],[139.70418,35.72227],[139.70432,35.72251],[139.70438,35.72262],[139.70443,35.72271],[139.7045,35.72284],[139.70452,35.72287],[139.70453,35.7229],[139.7046,35.72301],[139.70435,35.72307],[139.70373,35.72321],[139.70372,35.72321],[139.70343,35.72327],[139.70287,35.72335],[139.70281,35.72336],[139.70265,35.72338],[139.7021,35.72346],[139.70199,35.72346],[139.70188,35.72346],[139.70176,35.72347],[139.70169,35.72347],[139.70135,35.72348],[139.70129,35.72349],[139.70102,35.7235],[139.7009,35.7235],[139.70084,35.7235],[139.7008,35.7235],[139.70048,35.72352],[139.70008,35.72353],[139.70004,35.72354],[139.70001,35.72354],[139.69981,35.72355],[139.6998,35.72352],[139.69978,35.72349],[139.69965,35.72325],[139.69962,35.72319],[139.69961,35.72318],[139.69952,35.723],[139.69951,35.72298],[139.69945,35.72292],[139.69937,35.72283],[139.69937,35.72282],[139.69912,35.72256],[139.69897,35.72243],[139.69882,35.7224],[139.69861,35.72239],[139.69848,35.72233],[139.69843,35.72231],[139.69839,35.7223],[139.69812,35.72219],[139.69767,35.7221],[139.69735,35.72207],[139.69731,35.72207],[139.69726,35.72206],[139.69714,35.72205],[139.6964,35.72207],[139.69614,35.72207],[139.69581,35.72208],[139.69578,35.72197],[139.69576,35.72189],[139.69574,35.7218],[139.69572,35.72174],[139.69565,35.72175],[139.69559,35.72176],[139.69554,35.72176],[139.69509,35.72181],[139.69493,35.72183],[139.6945,35.72198],[139.69434,35.72204],[139.69427,35.72207],[139.69422,35.72209],[139.69393,35.72219],[139.6935,35.72222],[139.69328,35.72223],[139.69324,35.72223],[139.6932,35.72223],[139.69275,35.72225],[139.69254,35.72226],[139.69239,35.72226],[139.69237,35.72226],[139.69225,35.72228],[139.69156,35.72236],[139.69149,35.72237],[139.69147,35.72237],[139.69145,35.72237],[139.69113,35.72242],[139.691,35.72244],[139.69096,35.72245],[139.69091,35.72246],[139.69085,35.72247],[139.69025,35.72252],[139.69019,35.72253],[139.69014,35.72253],[139.68939,35.7226],[139.68901,35.7226],[139.68896,35.7226],[139.68892,35.7226],[139.68848,35.7226],[139.68843,35.7226],[139.6884,35.72261],[139.68804,35.72261],[139.68769,35.72263],[139.68719,35.72267],[139.68705,35.72269],[139.68688,35.7227],[139.68667,35.72272],[139.68665,35.72272],[139.68662,35.72272],[139.68583,35.72269],[139.68578,35.72269],[139.68574,35.72269],[139.68545,35.72268],[139.68519,35.72264],[139.68513,35.72263],[139.68508,35.72262],[139.68441,35.72251],[139.6844,35.72252],[139.6844,35.72253],[139.68438,35.72262],[139.68435,35.72272],[139.68433,35.7228],[139.68433,35.72293],[139.68432,35.72301],[139.68427,35.72318],[139.68426,35.72321],[139.68417,35.72349],[139.68416,35.72362],[139.68416,35.72365],[139.68415,35.72379],[139.6839,35.72375],[139.68352,35.72369],[139.6833,35.72368],[139.68329,35.72368],[139.68272,35.72364],[139.6827,35.72371],[139.68254,35.72411],[139.68253,35.72413],[139.68246,35.72418],[139.68245,35.72418],[139.68229,35.72458],[139.68228,35.7246],[139.68228,35.72464],[139.68226,35.72472],[139.68225,35.72474],[139.68219,35.72495],[139.68209,35.72527],[139.68182,35.72601],[139.68181,35.72604],[139.68179,35.72608],[139.68177,35.72615],[139.68159,35.7266],[139.6815,35.72676],[139.68148,35.7268],[139.68145,35.72685],[139.68135,35.72704],[139.68134,35.72705],[139.68128,35.72708],[139.68123,35.72711],[139.68079,35.72736],[139.68072,35.72741],[139.68068,35.72744],[139.68064,35.72747],[139.68019,35.72778],[139.68017,35.72779],[139.68012,35.72782],[139.68005,35.72786],[139.67908,35.72842],[139.67897,35.72848],[139.67889,35.72852],[139.67881,35.72856],[139.67837,35.72879],[139.67817,35.72891],[139.67812,35.72894],[139.6781,35.72895],[139.67807,35.72897],[139.67804,35.72899],[139.67794,35.72905],[139.67756,35.72925],[139.6775,35.72929],[139.67747,35.7293],[139.67734,35.72937],[139.67742,35.72956],[139.67742,35.72956],[139.6775,35.72973],[139.67776,35.7302],[139.6779,35.73053],[139.67792,35.73058],[139.67796,35.73067],[139.67797,35.73068],[139.6781,35.73079],[139.67817,35.73089],[139.67829,35.73106],[139.67834,35.73112],[139.67842,35.73123],[139.67797,35.7317],[139.67819,35.73201],[139.67821,35.73204],[139.67823,35.73206],[139.67848,35.7324],[139.67883,35.73258],[139.6789,35.73268],[139.67893,35.73271],[139.67897,35.73277],[139.67902,35.73284],[139.67905,35.7329],[139.67918,35.73318],[139.6792,35.73323],[139.67923,35.73331],[139.67924,35.73337],[139.67928,35.73359],[139.67924,35.73371],[139.67909,35.7339],[139.67907,35.73392],[139.67903,35.73397],[139.67895,35.73407],[139.67884,35.73426],[139.67882,35.73429],[139.6788,35.73432],[139.67874,35.73442],[139.67879,35.73454],[139.6788,35.73457],[139.67881,35.7346],[139.67884,35.73466],[139.67896,35.73481],[139.67901,35.7349],[139.67906,35.73505],[139.67909,35.73534],[139.67916,35.73549],[139.67918,35.73554],[139.6792,35.73557],[139.67928,35.73574],[139.67938,35.73583],[139.67952,35.7359],[139.67975,35.73602],[139.67991,35.73614],[139.67993,35.73621],[139.67994,35.73627],[139.68005,35.73645],[139.6801,35.73656],[139.68012,35.7366],[139.68018,35.73672],[139.68037,35.73737],[139.68045,35.73749],[139.6805,35.73754],[139.68051,35.73754],[139.68053,35.73756],[139.68063,35.73764],[139.68065,35.73771],[139.68065,35.73778],[139.68075,35.73787],[139.68086,35.73787],[139.6813,35.7378],[139.68097,35.73826],[139.68083,35.7383],[139.68078,35.73859],[139.68078,35.73862],[139.68077,35.73865],[139.68076,35.73876],[139.6811,35.73881],[139.68116,35.73882],[139.68128,35.73883],[139.6814,35.73885],[139.68145,35.73886],[139.68148,35.73887],[139.68201,35.73897],[139.68216,35.739],[139.68224,35.73902],[139.68229,35.73903],[139.68232,35.73904],[139.68258,35.7391],[139.68321,35.73929],[139.68325,35.7393],[139.68328,35.73931],[139.68391,35.7395],[139.68426,35.73965],[139.68435,35.73968],[139.68439,35.73969],[139.68445,35.73971],[139.68473,35.73979],[139.68492,35.73984],[139.68495,35.73985],[139.68548,35.74],[139.68615,35.74021],[139.68623,35.74023],[139.68626,35.74024],[139.6863,35.74025],[139.68666,35.74036],[139.68669,35.74037],[139.68722,35.74056],[139.68723,35.74056],[139.68734,35.74059],[139.68742,35.74062],[139.68756,35.74065],[139.6882,35.74083],[139.68824,35.74084],[139.68838,35.74088],[139.68843,35.7409],[139.6886,35.74094],[139.6891,35.74113],[139.68961,35.74132],[139.68977,35.74146],[139.6899,35.74159],[139.69027,35.74185],[139.69097,35.7423],[139.69134,35.74253],[139.69136,35.74256],[139.69156,35.74272],[139.69162,35.74277],[139.69167,35.7428],[139.69177,35.74289],[139.6918,35.74292],[139.69187,35.74298],[139.69192,35.74303],[139.69197,35.74307],[139.69227,35.74336],[139.69245,35.74352],[139.69248,35.74354],[139.6925,35.74357],[139.69257,35.74363],[139.69263,35.7436],[139.69266,35.74358],[139.69269,35.74356],[139.69275,35.74352],[139.69276,35.74351],[139.69279,35.7435],[139.69283,35.74347],[139.69337,35.74312],[139.69342,35.74308],[139.69346,35.74305],[139.69358,35.74298],[139.69414,35.743],[139.69429,35.743],[139.69451,35.74306],[139.69449,35.74295],[139.69448,35.74289],[139.69447,35.74286],[139.69446,35.74281],[139.69453,35.74223],[139.69465,35.74223],[139.69469,35.74223],[139.69474,35.74223],[139.69563,35.74225],[139.69568,35.74225],[139.69571,35.74225],[139.69614,35.74226],[139.69648,35.74228],[139.69651,35.74228],[139.69658,35.74228],[139.69754,35.74233],[139.69759,35.74233],[139.69763,35.74233],[139.6986,35.74238],[139.69866,35.74238],[139.69871,35.74239],[139.69886,35.74239],[139.69887,35.74227],[139.69887,35.74223],[139.69888,35.74219],[139.6989,35.74187],[139.69892,35.74166],[139.699,35.74133],[139.69901,35.74131],[139.69901,35.74127],[139.69904,35.74115],[139.6991,35.74066],[139.69908,35.74056],[139.69908,35.74053],[139.69908,35.74052],[139.69907,35.74042],[139.69914,35.74023],[139.69917,35.74014],[139.6992,35.73992],[139.6992,35.73987],[139.6992,35.73984],[139.69922,35.73973],[139.70003,35.73979],[139.70006,35.73979],[139.7001,35.7398],[139.70032,35.73981],[139.70057,35.73984],[139.70079,35.73988],[139.70082,35.73988],[139.70086,35.73989],[139.70099,35.73991],[139.70122,35.73936],[139.70138,35.73908],[139.70139,35.73906],[139.70141,35.73903],[139.70147,35.73892],[139.70196,35.73787],[139.70198,35.73784],[139.70199,35.73781],[139.70204,35.73771],[139.7022,35.73734],[139.70225,35.73727],[139.70227,35.73725],[139.70229,35.73721],[139.70235,35.73713],[139.70199,35.73697],[139.70197,35.73691],[139.70206,35.7366],[139.7021,35.73646],[139.70211,35.73646],[139.70213,35.73639],[139.70217,35.73633],[139.70226,35.73623],[139.70232,35.73615],[139.70236,35.73614],[139.70239,35.73613],[139.70261,35.73609],[139.70266,35.73608],[139.70268,35.73607],[139.70344,35.73591],[139.70357,35.73587],[139.70361,35.73587],[139.70372,35.73587],[139.70381,35.73587],[139.70385,35.7361],[139.7039,35.73628],[139.70391,35.73631],[139.70392,35.73636],[139.70397,35.7365],[139.70399,35.73664],[139.704,35.73683],[139.70403,35.73705],[139.70405,35.73715],[139.70405,35.73715],[139.70412,35.73729],[139.70418,35.73736],[139.70422,35.73741],[139.70425,35.73745],[139.70445,35.7377],[139.70469,35.73793],[139.70474,35.73798],[139.70478,35.73801],[139.70491,35.73814],[139.70527,35.73848],[139.70528,35.73849],[139.70531,35.73852],[139.70535,35.73857],[139.70572,35.73897],[139.70579,35.73904],[139.70581,35.73906],[139.70584,35.7391],[139.70648,35.73975],[139.70651,35.73978],[139.70656,35.73982],[139.707,35.74028],[139.70725,35.74054],[139.70726,35.74054],[139.70726,35.74055],[139.70742,35.74071],[139.70742,35.74071],[139.70755,35.74085],[139.70756,35.74085],[139.70759,35.74089],[139.70769,35.74099],[139.70783,35.74114],[139.70789,35.7412],[139.70799,35.74131],[139.70801,35.74133],[139.70815,35.74147],[139.7083,35.74164],[139.70845,35.74189],[139.70848,35.74193],[139.7085,35.74197],[139.70862,35.74217],[139.70868,35.74226],[139.70869,35.7423],[139.70881,35.74268],[139.7089,35.743],[139.70903,35.74329],[139.70905,35.74336],[139.70909,35.74344],[139.70913,35.74381],[139.70915,35.74389],[139.70916,35.74394],[139.70917,35.74398],[139.70919,35.74404],[139.70945,35.74443],[139.70958,35.74467],[139.70961,35.74473],[139.70963,35.74477],[139.70963,35.74477],[139.70965,35.7448],[139.7097,35.74489],[139.70983,35.74507],[139.70989,35.74514],[139.70991,35.74517],[139.70994,35.7452],[139.71042,35.74579],[139.71068,35.74577],[139.71072,35.74577],[139.71079,35.74576],[139.71086,35.74575],[139.7115,35.74565],[139.71177,35.7456],[139.71182,35.74559],[139.71186,35.74559],[139.71211,35.74555],[139.71267,35.74545],[139.71271,35.74545],[139.71275,35.74544],[139.71287,35.74542],[139.71356,35.74532],[139.71359,35.74531],[139.71363,35.74531],[139.71378,35.74528],[139.71434,35.74529],[139.71439,35.74531],[139.71445,35.74533],[139.71448,35.74534],[139.71474,35.74544],[139.71477,35.74558],[139.71479,35.7457],[139.7148,35.74575],[139.71604,35.74549],[139.71609,35.74548],[139.71623,35.74545],[139.71691,35.74537],[139.71694,35.74537],[139.71726,35.74533],[139.71746,35.74532],[139.71749,35.74532],[139.71776,35.7453],[139.71859,35.74522],[139.71872,35.7452],[139.71891,35.74516],[139.71924,35.7451],[139.71951,35.74504]]]}},{"type":"Feature","properties":{"ja":"中央区"},"geometry":{"type":"Polygon","coordinates":[[[139.78891,35.6947],[139.78879,35.6943],[139.78872,35.69403],[139.78864,35.69339],[139.78872,35.69245],[139.78891,35.69165],[139.78915,35.69103],[139.78928,35.6908],[139.78937,35.69065],[139.78964,35.69019],[139.7904,35.68929],[139.79157,35.68806],[139.79195,35.68765],[139.79209,35.68747],[139.79236,35.68711],[139.79265,35.68647],[139.79275,35.686],[139.79274,35.68515],[139.79263,35.68438],[139.79238,35.68348],[139.79212,35.68303],[139.79185,35.68257],[139.7918,35.6825],[139.79114,35.68171],[139.79076,35.68124],[139.78982,35.68005],[139.78924,35.67935],[139.78908,35.67916],[139.78896,35.67897],[139.78869,35.67852],[139.78785,35.67698],[139.78758,35.67629],[139.78758,35.67627],[139.78757,35.67626],[139.78753,35.67616],[139.78729,35.6751],[139.78717,35.67451],[139.78712,35.67391],[139.78715,35.67292],[139.78716,35.67228],[139.78725,35.67171],[139.78729,35.67147],[139.78754,35.67062],[139.7878,35.66991],[139.78794,35.66969],[139.78859,35.66787],[139.78875,35.66741],[139.78875,35.66741],[139.78886,35.66692],[139.78894,35.66654],[139.78906,35.66564],[139.78913,35.66468],[139.78916,35.66362],[139.78909,35.66226],[139.78911,35.66101],[139.78912,35.66075],[139.78923,35.65915],[139.78928,35.65884],[139.78933,35.65849],[139.78937,35.65823],[139.7894,35.65793],[139.78974,35.65501],[139.78811,35.65391],[139.78515,35.65185],[139.78403,35.65107],[139.77799,35.64686],[139.77561,35.64521],[139.77423,35.64425],[139.77275,35.64602],[139.77194,35.64684],[139.77108,35.64769],[139.77017,35.64861],[139.76954,35.64923],[139.76889,35.64985],[139.76835,35.65036],[139.76763,35.6511],[139.76486,35.6515],[139.76543,35.65428],[139.76569,35.65556],[139.76403,35.65646],[139.76349,35.65675],[139.76316,35.65681],[139.76271,35.65706],[139.75999,35.6586],[139.75979,35.65869],[139.75948,35.65897],[139.75933,35.65924],[139.75928,35.65949],[139.75942,35.66003],[139.76047,35.66123],[139.76223,35.66296],[139.76272,35.66393],[139.76284,35.66445],[139.76285,35.66536],[139.7627,35.66602],[139.76213,35.66688],[139.76142,35.6673],[139.76013,35.66764],[139.75923,35.66785],[139.75806,35.66866],[139.75807,35.66867],[139.75802,35.66868],[139.75802,35.6687],[139.75804,35.66892],[139.75856,35.66969],[139.75879,35.66991],[139.75894,35.67028],[139.75946,35.67123],[139.75964,35.67168],[139.76043,35.6717],[139.76079,35.67176],[139.76097,35.67183],[139.76113,35.6721],[139.76137,35.67235],[139.76187,35.67255],[139.76249,35.6727],[139.76345,35.67287],[139.76372,35.67296],[139.76408,35.67316],[139.76425,35.67334],[139.76494,35.6743],[139.76654,35.67641],[139.76712,35.67734],[139.7678,35.6786],[139.76907,35.6806],[139.77,35.6818],[139.77027,35.68244],[139.77047,35.6828],[139.77102,35.68401],[139.77099,35.68435],[139.77074,35.68473],[139.77059,35.68511],[139.77035,35.68595],[139.77007,35.68636],[139.76988,35.68654],[139.76907,35.68744],[139.76855,35.68785],[139.76828,35.68822],[139.76819,35.68845],[139.76848,35.68851],[139.76928,35.68885],[139.76995,35.68904],[139.77043,35.6891],[139.7711,35.6894],[139.77322,35.69017],[139.77324,35.69018],[139.77385,35.69039],[139.77389,35.6904],[139.77394,35.69042],[139.77453,35.69061],[139.7749,35.69075],[139.77495,35.69077],[139.77511,35.69083],[139.77524,35.69088],[139.77529,35.6909],[139.77601,35.69117],[139.77608,35.6912],[139.77655,35.69136],[139.77662,35.69138],[139.77668,35.69141],[139.77752,35.6917],[139.77762,35.69174],[139.77766,35.69175],[139.7777,35.69177],[139.77778,35.69181],[139.77864,35.6922],[139.77872,35.69226],[139.77876,35.69228],[139.7788,35.69231],[139.77974,35.69298],[139.77978,35.69301],[139.77983,35.69304],[139.77996,35.69314],[139.77999,35.69315],[139.78022,35.69298],[139.78024,35.69299],[139.78029,35.69302],[139.78033,35.69305],[139.781,35.69353],[139.78109,35.6936],[139.78109,35.6936],[139.7812,35.69368],[139.78124,35.69371],[139.78202,35.69429],[139.78206,35.69433],[139.78209,35.69435],[139.78255,35.6947],[139.78259,35.69472],[139.78252,35.69478],[139.78216,35.69508],[139.78212,35.69512],[139.78197,35.69524],[139.78197,35.69524],[139.78199,35.6954],[139.78201,35.69567],[139.78202,35.69572],[139.78202,35.69576],[139.78205,35.6961],[139.78206,35.69614],[139.78206,35.69618],[139.78207,35.69626],[139.78252,35.69622],[139.78253,35.69637],[139.78253,35.69639],[139.78253,35.69643],[139.78254,35.69657],[139.78273,35.69654],[139.7834,35.69645],[139.78458,35.69606],[139.78546,35.69579],[139.78546,35.69578],[139.78548,35.69578],[139.78589,35.69565],[139.78738,35.69518],[139.78891,35.6947]]]}},{"type":"Feature","properties":{"ja":"杉並区"},"geometry":{"type":"Polygon","coordinates":[[[139.63172,35.71914],[139.63171,35.71913],[139.63146,35.71889],[139.63135,35.71851],[139.63136,35.71844],[139.63139,35.71831],[139.63148,35.71815],[139.6315,35.71811],[139.63158,35.71797],[139.63188,35.71757],[139.63203,35.71742],[139.63214,35.71713],[139.63216,35.71708],[139.63219,35.71695],[139.63234,35.71693],[139.63296,35.71687],[139.63299,35.71686],[139.63299,35.71686],[139.63387,35.71679],[139.63408,35.71675],[139.63412,35.71674],[139.63416,35.71674],[139.63428,35.71671],[139.63525,35.71663],[139.63529,35.71662],[139.63532,35.71662],[139.63585,35.71657],[139.63602,35.71656],[139.63608,35.71656],[139.63627,35.71654],[139.63661,35.71652],[139.63671,35.71651],[139.63688,35.7165],[139.63696,35.7165],[139.63703,35.71648],[139.6372,35.71643],[139.63723,35.7164],[139.6374,35.71628],[139.63794,35.71597],[139.63815,35.71586],[139.63818,35.71584],[139.63822,35.71582],[139.63822,35.71581],[139.63878,35.71569],[139.63894,35.71565],[139.63908,35.71561],[139.63912,35.7156],[139.63916,35.71558],[139.64005,35.71534],[139.64009,35.71533],[139.64013,35.71532],[139.64058,35.71519],[139.6408,35.71513],[139.64083,35.71512],[139.64088,35.7151],[139.64097,35.71508],[139.64137,35.7149],[139.64158,35.71482],[139.64162,35.71481],[139.64179,35.71476],[139.64178,35.7146],[139.64178,35.71452],[139.64178,35.71431],[139.64178,35.71424],[139.64179,35.71389],[139.64173,35.7133],[139.64166,35.71281],[139.64177,35.71273],[139.64198,35.71258],[139.64211,35.71247],[139.6423,35.71232],[139.64233,35.7123],[139.64236,35.71227],[139.64253,35.71213],[139.64262,35.71201],[139.64272,35.71181],[139.64272,35.7118],[139.64276,35.71171],[139.64279,35.71162],[139.64284,35.7115],[139.64343,35.71136],[139.6435,35.71134],[139.64354,35.71133],[139.64357,35.71132],[139.64378,35.71126],[139.64415,35.71114],[139.64419,35.71113],[139.64422,35.71112],[139.64428,35.7111],[139.64482,35.71096],[139.64485,35.71095],[139.64486,35.71095],[139.64491,35.71093],[139.64505,35.71089],[139.64553,35.71075],[139.64557,35.71074],[139.64561,35.71073],[139.64602,35.71062],[139.64606,35.71061],[139.64612,35.71059],[139.64623,35.71056],[139.64659,35.71046],[139.64737,35.71022],[139.64741,35.71021],[139.64745,35.7102],[139.64749,35.71019],[139.64796,35.71005],[139.64812,35.71001],[139.64816,35.71],[139.64823,35.70998],[139.64906,35.70975],[139.64921,35.70971],[139.64992,35.70951],[139.64997,35.70949],[139.64999,35.70949],[139.65,35.70948],[139.65013,35.70946],[139.6506,35.70934],[139.65093,35.7092],[139.65099,35.70903],[139.651,35.70903],[139.65104,35.70899],[139.6512,35.70898],[139.65156,35.70899],[139.6516,35.709],[139.65166,35.70901],[139.65171,35.70902],[139.65205,35.7091],[139.65206,35.7091],[139.65253,35.70917],[139.65403,35.70933],[139.65409,35.70933],[139.65411,35.70933],[139.65428,35.70931],[139.6545,35.7093],[139.65451,35.7093],[139.65469,35.70929],[139.65486,35.70929],[139.65542,35.70931],[139.65547,35.70931],[139.65552,35.70931],[139.65565,35.70932],[139.65591,35.70931],[139.65602,35.70931],[139.65606,35.70931],[139.65665,35.70929],[139.65678,35.70928],[139.6568,35.70928],[139.65739,35.70924],[139.65795,35.70924],[139.65822,35.70922],[139.65824,35.70908],[139.65828,35.70849],[139.65826,35.70833],[139.65827,35.70766],[139.65829,35.70727],[139.65835,35.70663],[139.65834,35.70648],[139.65834,35.7064],[139.65835,35.70592],[139.65833,35.70585],[139.65828,35.70581],[139.65825,35.70578],[139.65825,35.70577],[139.65818,35.70571],[139.65816,35.70568],[139.65816,35.70554],[139.65817,35.70537],[139.65818,35.70529],[139.65819,35.70516],[139.65819,35.70513],[139.6582,35.70504],[139.6586,35.70499],[139.65865,35.70498],[139.65869,35.70498],[139.65927,35.70491],[139.65932,35.7049],[139.66031,35.70478],[139.66031,35.70478],[139.66091,35.70468],[139.66091,35.70459],[139.66093,35.70441],[139.66097,35.7041],[139.66097,35.70392],[139.66097,35.70385],[139.66097,35.70356],[139.66097,35.70349],[139.66097,35.70344],[139.66098,35.70334],[139.66098,35.70329],[139.66098,35.70326],[139.66099,35.70312],[139.66099,35.70303],[139.661,35.703],[139.661,35.70295],[139.661,35.70295],[139.66103,35.70267],[139.66103,35.70261],[139.66099,35.70253],[139.66091,35.70244],[139.66094,35.70235],[139.66096,35.70231],[139.66097,35.70229],[139.66099,35.70224],[139.66102,35.70216],[139.66108,35.70143],[139.66146,35.70139],[139.66154,35.70136],[139.6616,35.70086],[139.66161,35.70078],[139.66163,35.70051],[139.66166,35.7004],[139.66175,35.70034],[139.66179,35.7003],[139.66186,35.70023],[139.66197,35.70012],[139.66198,35.70002],[139.66197,35.69998],[139.6619,35.69984],[139.6619,35.69974],[139.66194,35.69966],[139.66213,35.69944],[139.66253,35.69924],[139.66251,35.6992],[139.66249,35.69915],[139.66248,35.69912],[139.66239,35.69892],[139.66223,35.69856],[139.66201,35.69811],[139.66188,35.69776],[139.66181,35.69759],[139.66179,35.69752],[139.66178,35.6975],[139.66174,35.6974],[139.66171,35.69733],[139.66171,35.69727],[139.66146,35.69724],[139.66141,35.69723],[139.66135,35.69723],[139.66133,35.69723],[139.66107,35.6972],[139.66104,35.69706],[139.66103,35.69701],[139.66103,35.69697],[139.66102,35.6969],[139.66097,35.69688],[139.66092,35.69686],[139.6609,35.6968],[139.6609,35.69671],[139.66091,35.69669],[139.66091,35.69664],[139.66091,35.69658],[139.6608,35.69656],[139.66062,35.69652],[139.66061,35.69643],[139.66068,35.69623],[139.66069,35.69622],[139.66069,35.6962],[139.6608,35.69602],[139.66093,35.69582],[139.66096,35.69579],[139.66098,35.69576],[139.66103,35.69568],[139.66111,35.69548],[139.66114,35.69535],[139.66116,35.6952],[139.66144,35.69521],[139.66148,35.69522],[139.6615,35.69522],[139.66151,35.69522],[139.66152,35.69522],[139.66202,35.69526],[139.66206,35.69526],[139.66209,35.69526],[139.66232,35.69528],[139.6627,35.69533],[139.66274,35.69534],[139.66278,35.69534],[139.66289,35.69536],[139.66323,35.69539],[139.66366,35.69542],[139.66371,35.69543],[139.66374,35.69543],[139.66377,35.69543],[139.66437,35.69549],[139.66464,35.69564],[139.66471,35.69556],[139.66473,35.69553],[139.66483,35.69541],[139.66504,35.69547],[139.6651,35.69544],[139.66543,35.69477],[139.66573,35.69483],[139.66579,35.69485],[139.66581,35.69485],[139.66586,35.69488],[139.66591,35.69491],[139.66599,35.69496],[139.66605,35.69483],[139.66608,35.69476],[139.66611,35.6947],[139.66615,35.69462],[139.66618,35.69457],[139.66625,35.69446],[139.6663,35.69437],[139.66637,35.69425],[139.66643,35.69417],[139.66658,35.69392],[139.66659,35.6939],[139.66663,35.69381],[139.66667,35.69374],[139.66707,35.69391],[139.66718,35.69394],[139.66741,35.69401],[139.66746,35.69402],[139.6675,35.69403],[139.66759,35.69406],[139.66768,35.69391],[139.6677,35.69388],[139.66772,35.69386],[139.66777,35.69378],[139.66745,35.69368],[139.6674,35.6936],[139.66738,35.69358],[139.66736,35.69354],[139.66721,35.6933],[139.66727,35.69294],[139.66729,35.6928],[139.6673,35.69277],[139.6673,35.69273],[139.66731,35.69273],[139.66739,35.69248],[139.66745,35.69219],[139.66745,35.69215],[139.66746,35.69212],[139.66747,35.69206],[139.66752,35.69187],[139.66752,35.69184],[139.66752,35.69184],[139.66754,35.69175],[139.66714,35.6916],[139.667,35.69155],[139.667,35.69154],[139.66675,35.69152],[139.66678,35.69122],[139.66679,35.69117],[139.66679,35.69114],[139.6668,35.69112],[139.66685,35.69094],[139.66685,35.69093],[139.66687,35.69088],[139.66677,35.69078],[139.66657,35.69059],[139.66641,35.69042],[139.6657,35.69007],[139.66552,35.68996],[139.66518,35.68977],[139.66494,35.68964],[139.66472,35.68951],[139.66443,35.68937],[139.66411,35.6892],[139.66394,35.689],[139.66387,35.68892],[139.66383,35.68884],[139.66382,35.6888],[139.66378,35.68869],[139.66375,35.68856],[139.66365,35.68834],[139.66353,35.68813],[139.66345,35.68806],[139.66318,35.68788],[139.66308,35.68782],[139.66267,35.68759],[139.6624,35.68744],[139.66224,35.68735],[139.66201,35.68725],[139.66189,35.68718],[139.66175,35.6871],[139.66148,35.68696],[139.6614,35.68693],[139.66122,35.68686],[139.661,35.68679],[139.66093,35.68677],[139.6608,35.68676],[139.66054,35.68674],[139.65976,35.68671],[139.65922,35.68668],[139.65922,35.68668],[139.65924,35.6866],[139.65925,35.68655],[139.65939,35.68605],[139.65938,35.68593],[139.65938,35.6859],[139.65938,35.68585],[139.65937,35.68574],[139.65934,35.68538],[139.65965,35.68538],[139.65963,35.68517],[139.65966,35.68473],[139.65981,35.68483],[139.65985,35.68485],[139.65988,35.68487],[139.66018,35.68506],[139.66024,35.68502],[139.6603,35.68497],[139.66034,35.68494],[139.66049,35.68484],[139.66055,35.68469],[139.66057,35.68443],[139.66055,35.68433],[139.66055,35.68433],[139.66054,35.68429],[139.66049,35.68423],[139.66049,35.68422],[139.66047,35.6842],[139.66045,35.68418],[139.66042,35.68414],[139.66041,35.68413],[139.66028,35.68402],[139.66025,35.6839],[139.66024,35.68384],[139.66014,35.68372],[139.66008,35.6837],[139.65964,35.68372],[139.65962,35.68365],[139.65961,35.68361],[139.65952,35.68327],[139.65949,35.68302],[139.65949,35.68297],[139.65948,35.68295],[139.65947,35.68291],[139.65945,35.68281],[139.65943,35.68272],[139.65941,35.68247],[139.65938,35.68237],[139.65937,35.68232],[139.6593,35.68202],[139.65927,35.6819],[139.65979,35.68182],[139.65984,35.68157],[139.65992,35.68134],[139.65997,35.68126],[139.66008,35.68119],[139.66031,35.68112],[139.66047,35.68094],[139.66041,35.68087],[139.6602,35.68074],[139.66009,35.68067],[139.65991,35.68055],[139.65969,35.68043],[139.65968,35.6803],[139.65967,35.68027],[139.65967,35.68023],[139.65966,35.68016],[139.65966,35.68007],[139.65965,35.68002],[139.65964,35.67993],[139.65979,35.67987],[139.65991,35.67987],[139.66009,35.67993],[139.66083,35.68024],[139.66103,35.68029],[139.66137,35.68038],[139.66146,35.6804],[139.6616,35.68033],[139.66164,35.68031],[139.66173,35.68026],[139.66211,35.67995],[139.66247,35.67955],[139.66249,35.67953],[139.66258,35.67943],[139.66301,35.67944],[139.66327,35.67945],[139.6635,35.67946],[139.66381,35.67946],[139.66385,35.67946],[139.66403,35.67944],[139.66404,35.67944],[139.66409,35.67941],[139.66415,35.67937],[139.66416,35.67901],[139.66448,35.67901],[139.66453,35.67901],[139.66456,35.67901],[139.665,35.67902],[139.66497,35.67891],[139.66497,35.67888],[139.66493,35.6787],[139.66491,35.67834],[139.66491,35.67825],[139.66491,35.67771],[139.66489,35.67769],[139.66487,35.67767],[139.66482,35.67761],[139.66457,35.67764],[139.66397,35.6777],[139.66345,35.67785],[139.66341,35.67785],[139.66337,35.67787],[139.66324,35.6779],[139.66329,35.6773],[139.66344,35.67729],[139.66347,35.67728],[139.66351,35.67728],[139.66357,35.67727],[139.66358,35.67727],[139.66384,35.6773],[139.66387,35.67723],[139.66388,35.6772],[139.66389,35.67717],[139.66392,35.6771],[139.66406,35.67656],[139.66407,35.67653],[139.66408,35.6765],[139.66412,35.67635],[139.66407,35.67635],[139.6639,35.67629],[139.66386,35.67627],[139.66383,35.67626],[139.66346,35.67613],[139.66319,35.67602],[139.66315,35.676],[139.66312,35.67599],[139.66308,35.67598],[139.66247,35.67579],[139.66232,35.67575],[139.66228,35.67574],[139.66225,35.67572],[139.66218,35.6757],[139.66205,35.67562],[139.66197,35.67548],[139.66197,35.67541],[139.66197,35.67537],[139.66197,35.67534],[139.66197,35.67533],[139.66191,35.67521],[139.66189,35.67516],[139.66188,35.67513],[139.66186,35.67509],[139.66184,35.67504],[139.66165,35.67484],[139.66159,35.67475],[139.66159,35.67465],[139.66165,35.67446],[139.6618,35.67452],[139.66185,35.67444],[139.66188,35.67439],[139.66197,35.67421],[139.66208,35.67377],[139.66208,35.67377],[139.6621,35.67374],[139.66214,35.67367],[139.6621,35.67342],[139.66207,35.6734],[139.66202,35.67337],[139.66198,35.67335],[139.66191,35.6733],[139.66191,35.6733],[139.6619,35.67327],[139.66187,35.67321],[139.66185,35.67313],[139.66182,35.67298],[139.6618,35.67283],[139.6618,35.67281],[139.66175,35.67252],[139.66158,35.67246],[139.66134,35.67238],[139.66112,35.67233],[139.66096,35.67229],[139.66091,35.67227],[139.66082,35.67225],[139.66067,35.67222],[139.65992,35.67203],[139.65987,35.67202],[139.65934,35.67189],[139.65859,35.67169],[139.65853,35.67168],[139.65849,35.67167],[139.65839,35.67164],[139.65742,35.67135],[139.65716,35.67127],[139.65712,35.67126],[139.65704,35.67123],[139.65687,35.67117],[139.65661,35.67108],[139.65658,35.67107],[139.65651,35.67105],[139.65646,35.67103],[139.65605,35.67089],[139.65572,35.67077],[139.65511,35.67055],[139.65508,35.67055],[139.65497,35.67054],[139.65464,35.6705],[139.65389,35.67043],[139.65384,35.67042],[139.65378,35.67042],[139.65353,35.67039],[139.65342,35.67038],[139.65318,35.67035],[139.65308,35.67033],[139.65282,35.6703],[139.65276,35.67029],[139.65271,35.67028],[139.65266,35.67027],[139.65218,35.6702],[139.65212,35.67019],[139.65207,35.67018],[139.65155,35.67011],[139.65117,35.67005],[139.65113,35.67005],[139.65111,35.67004],[139.65106,35.67004],[139.65067,35.66997],[139.65044,35.66992],[139.65033,35.6699],[139.6502,35.66983],[139.65008,35.66975],[139.64994,35.66968],[139.64989,35.66965],[139.64984,35.66963],[139.64979,35.6696],[139.64971,35.66956],[139.64932,35.66934],[139.64928,35.66932],[139.64924,35.6693],[139.64881,35.66906],[139.64876,35.66903],[139.64873,35.66901],[139.64846,35.66886],[139.64811,35.66865],[139.64806,35.66862],[139.64802,35.6686],[139.64773,35.66843],[139.64756,35.66836],[139.64749,35.66833],[139.64745,35.66832],[139.64696,35.66812],[139.64649,35.66797],[139.64644,35.66796],[139.64601,35.66785],[139.64595,35.66784],[139.64591,35.66783],[139.64588,35.66782],[139.64579,35.6678],[139.64521,35.66768],[139.64507,35.66767],[139.64507,35.66767],[139.645,35.66766],[139.64495,35.66765],[139.64387,35.66752],[139.64361,35.66749],[139.643,35.66741],[139.64294,35.6674],[139.64289,35.66739],[139.64265,35.66736],[139.6425,35.66734],[139.64246,35.66734],[139.64203,35.66729],[139.64145,35.66722],[139.6414,35.66721],[139.64128,35.6672],[139.64131,35.66692],[139.64076,35.66664],[139.64056,35.66651],[139.64052,35.66648],[139.64027,35.66632],[139.64021,35.66628],[139.6398,35.6661],[139.63975,35.66608],[139.6393,35.66591],[139.63911,35.66584],[139.63896,35.66583],[139.6389,35.66582],[139.63884,35.66582],[139.63875,35.66581],[139.63819,35.66581],[139.63781,35.66584],[139.63774,35.66585],[139.63769,35.66585],[139.6374,35.66588],[139.63688,35.66598],[139.63684,35.66599],[139.63679,35.66599],[139.63668,35.66601],[139.63675,35.6662],[139.63677,35.66624],[139.63693,35.66668],[139.63639,35.66678],[139.63606,35.66695],[139.63599,35.66698],[139.63578,35.66709],[139.63554,35.66718],[139.6349,35.66739],[139.63481,35.66742],[139.6348,35.66743],[139.63433,35.66761],[139.63331,35.66783],[139.63313,35.66787],[139.63299,35.66792],[139.63296,35.66794],[139.63291,35.66796],[139.63285,35.66798],[139.63272,35.66803],[139.63267,35.66805],[139.63259,35.66809],[139.63201,35.66819],[139.63154,35.66826],[139.6314,35.66828],[139.63032,35.66843],[139.62992,35.6685],[139.62979,35.66852],[139.62963,35.66855],[139.6295,35.66857],[139.62931,35.6686],[139.62923,35.66862],[139.62835,35.66876],[139.62797,35.66883],[139.62792,35.66883],[139.62713,35.66896],[139.62709,35.66897],[139.62703,35.66898],[139.62692,35.669],[139.62603,35.66907],[139.6256,35.6691],[139.62556,35.6691],[139.62551,35.6691],[139.62504,35.66913],[139.62503,35.66921],[139.62503,35.66925],[139.62502,35.66929],[139.62501,35.66938],[139.62501,35.66964],[139.62501,35.66971],[139.62501,35.66976],[139.62502,35.6699],[139.62503,35.67013],[139.62495,35.67014],[139.62489,35.67015],[139.62484,35.67015],[139.62461,35.67018],[139.62443,35.67021],[139.62438,35.67022],[139.6241,35.67026],[139.62367,35.67035],[139.62366,35.67035],[139.62348,35.67039],[139.6235,35.67058],[139.62353,35.67084],[139.62353,35.67085],[139.62353,35.67099],[139.62353,35.67104],[139.62344,35.67113],[139.62312,35.6713],[139.62225,35.67205],[139.62214,35.67217],[139.62196,35.67236],[139.62178,35.67254],[139.62142,35.67277],[139.6212,35.67289],[139.62111,35.67294],[139.62102,35.67299],[139.62061,35.67317],[139.62013,35.67338],[139.61997,35.67345],[139.61962,35.67357],[139.61939,35.67366],[139.6193,35.6737],[139.61902,35.67382],[139.61844,35.67401],[139.61827,35.67406],[139.61793,35.67414],[139.61731,35.67434],[139.61718,35.67438],[139.61711,35.67441],[139.61686,35.67446],[139.61654,35.67454],[139.61628,35.67462],[139.61615,35.67466],[139.616,35.67471],[139.61589,35.67475],[139.61578,35.67478],[139.61552,35.67486],[139.61531,35.67492],[139.61483,35.6751],[139.61469,35.67515],[139.61447,35.67523],[139.61434,35.67528],[139.61433,35.67528],[139.61412,35.67536],[139.61391,35.67544],[139.6137,35.67552],[139.61336,35.67564],[139.61314,35.67572],[139.61287,35.67591],[139.61257,35.67617],[139.61192,35.67633],[139.61175,35.67637],[139.61149,35.67644],[139.61134,35.67646],[139.61099,35.67653],[139.61092,35.67654],[139.61073,35.67657],[139.61061,35.67659],[139.61053,35.67661],[139.61031,35.67664],[139.61046,35.6765],[139.61057,35.67639],[139.6106,35.67635],[139.61071,35.67624],[139.6108,35.67612],[139.61087,35.67602],[139.61105,35.67577],[139.61112,35.67567],[139.61142,35.6753],[139.61186,35.67486],[139.61191,35.67482],[139.61191,35.67481],[139.61201,35.67471],[139.61205,35.67467],[139.6121,35.67463],[139.61224,35.67459],[139.61254,35.6745],[139.61281,35.6744],[139.613,35.67429],[139.61334,35.67402],[139.61359,35.67387],[139.61382,35.67372],[139.61407,35.67356],[139.61469,35.67316],[139.61485,35.67306],[139.61511,35.6729],[139.61519,35.67285],[139.61526,35.6728],[139.61566,35.67275],[139.61611,35.6727],[139.61656,35.67264],[139.61656,35.67252],[139.61655,35.67214],[139.61647,35.6717],[139.61639,35.67155],[139.61629,35.67135],[139.61623,35.6709],[139.6162,35.67069],[139.61619,35.67061],[139.61618,35.67052],[139.61618,35.67015],[139.61618,35.67001],[139.61618,35.6699],[139.61613,35.66983],[139.61603,35.66969],[139.616,35.66966],[139.61584,35.66945],[139.61572,35.66942],[139.6157,35.66946],[139.61573,35.66955],[139.61574,35.66962],[139.61565,35.66964],[139.6153,35.66969],[139.61526,35.66969],[139.61518,35.66968],[139.61512,35.66964],[139.61507,35.66961],[139.61503,35.66957],[139.61496,35.66951],[139.61492,35.6695],[139.61488,35.6695],[139.61484,35.66952],[139.61432,35.6699],[139.61424,35.66993],[139.61364,35.67011],[139.61335,35.67014],[139.61253,35.6702],[139.61247,35.67021],[139.6124,35.67022],[139.61221,35.67024],[139.61177,35.6702],[139.61145,35.67017],[139.61132,35.67013],[139.61118,35.67009],[139.61099,35.67009],[139.61094,35.67012],[139.6109,35.67018],[139.61088,35.67025],[139.6109,35.6704],[139.61091,35.67048],[139.61092,35.67062],[139.61093,35.67064],[139.61094,35.67076],[139.61095,35.67077],[139.61067,35.67084],[139.61052,35.67086],[139.6103,35.67085],[139.6097,35.67085],[139.60959,35.67083],[139.60948,35.67081],[139.60938,35.67079],[139.60943,35.67068],[139.60955,35.6704],[139.60914,35.67037],[139.6091,35.67037],[139.60891,35.67035],[139.60891,35.6704],[139.60888,35.67064],[139.60886,35.67075],[139.60883,35.67099],[139.60878,35.6715],[139.60879,35.67163],[139.60879,35.67172],[139.6088,35.67181],[139.60881,35.67189],[139.60884,35.67253],[139.60883,35.67265],[139.60883,35.67271],[139.60884,35.67282],[139.60885,35.67305],[139.60877,35.67359],[139.60876,35.67381],[139.60876,35.67396],[139.60889,35.67397],[139.60919,35.674],[139.60921,35.67453],[139.6092,35.67468],[139.60918,35.67489],[139.60909,35.67487],[139.60898,35.67534],[139.60882,35.67576],[139.60882,35.67578],[139.60878,35.67592],[139.6084,35.67589],[139.60834,35.67589],[139.60836,35.67599],[139.60837,35.67604],[139.6084,35.67609],[139.60839,35.67614],[139.60839,35.67618],[139.60838,35.67629],[139.60837,35.67636],[139.60836,35.67636],[139.60833,35.6764],[139.60823,35.67644],[139.60805,35.67641],[139.6079,35.67638],[139.60789,35.67638],[139.60783,35.67638],[139.60778,35.67637],[139.6077,35.67636],[139.60762,35.67633],[139.60762,35.67633],[139.60757,35.67626],[139.60756,35.67624],[139.60747,35.67611],[139.6074,35.67602],[139.60736,35.67596],[139.60735,35.676],[139.60734,35.67603],[139.60734,35.67604],[139.60728,35.6763],[139.60723,35.67654],[139.60714,35.67682],[139.60702,35.67714],[139.60689,35.67758],[139.60684,35.67773],[139.60658,35.67798],[139.60643,35.67808],[139.6061,35.67829],[139.60563,35.67879],[139.60512,35.67915],[139.60488,35.67932],[139.60446,35.67963],[139.60389,35.68004],[139.60374,35.68018],[139.60358,35.68033],[139.60337,35.68052],[139.60326,35.68065],[139.60288,35.68065],[139.60249,35.68066],[139.60206,35.6808],[139.60194,35.68084],[139.60189,35.68086],[139.60182,35.68088],[139.60131,35.68105],[139.60075,35.68121],[139.60062,35.68124],[139.60045,35.68129],[139.60011,35.68138],[139.59984,35.68145],[139.59965,35.68149],[139.59939,35.68155],[139.59912,35.6816],[139.59856,35.6817],[139.59854,35.68171],[139.5983,35.68175],[139.59816,35.68178],[139.59794,35.68182],[139.59715,35.6819],[139.59661,35.68198],[139.59654,35.68198],[139.5965,35.68198],[139.59626,35.68201],[139.59604,35.68203],[139.59584,35.68205],[139.59572,35.68206],[139.5956,35.68207],[139.59549,35.68209],[139.59545,35.68209],[139.59532,35.6821],[139.59501,35.68212],[139.59459,35.68215],[139.59441,35.68215],[139.59418,35.68214],[139.59402,35.6823],[139.59387,35.68245],[139.59361,35.68262],[139.59309,35.6829],[139.5931,35.68294],[139.59313,35.68309],[139.59318,35.68332],[139.59333,35.68371],[139.59361,35.68413],[139.59352,35.68419],[139.59327,35.68437],[139.59317,35.68444],[139.59293,35.68451],[139.5925,35.68468],[139.59252,35.6848],[139.59256,35.68504],[139.59196,35.68532],[139.59167,35.68542],[139.59155,35.68559],[139.59142,35.68576],[139.59138,35.68583],[139.59133,35.6859],[139.59123,35.68604],[139.59117,35.68612],[139.59112,35.6862],[139.59107,35.68627],[139.59102,35.68635],[139.5908,35.68666],[139.59056,35.687],[139.59079,35.68725],[139.59109,35.68746],[139.59163,35.68778],[139.59184,35.6877],[139.59203,35.68782],[139.5922,35.68792],[139.59231,35.68796],[139.59241,35.68799],[139.59251,35.68798],[139.5926,35.6879],[139.59276,35.68793],[139.59301,35.68797],[139.59316,35.68799],[139.59314,35.68817],[139.59292,35.68856],[139.59298,35.68867],[139.593,35.6887],[139.59306,35.68879],[139.5931,35.68886],[139.59316,35.68887],[139.59336,35.68888],[139.59351,35.68888],[139.59353,35.68888],[139.59364,35.68889],[139.59377,35.68889],[139.59377,35.68889],[139.59388,35.6889],[139.59405,35.689],[139.59365,35.68938],[139.59361,35.68942],[139.59349,35.68953],[139.59341,35.6896],[139.59292,35.68997],[139.59265,35.69024],[139.59251,35.69036],[139.59218,35.69063],[139.59202,35.69077],[139.59189,35.69088],[139.5917,35.69095],[139.59133,35.69123],[139.59117,35.69136],[139.59071,35.69162],[139.59032,35.69184],[139.59004,35.692],[139.59004,35.692],[139.58993,35.69206],[139.58967,35.6922],[139.58963,35.69223],[139.58913,35.69251],[139.58904,35.69256],[139.58891,35.69263],[139.58887,35.69265],[139.58869,35.69276],[139.58839,35.69293],[139.58775,35.6932],[139.58769,35.69326],[139.5876,35.69337],[139.58682,35.69386],[139.58671,35.69396],[139.58682,35.69406],[139.58685,35.69408],[139.58698,35.69421],[139.58727,35.69451],[139.58741,35.69462],[139.58803,35.69524],[139.58818,35.69537],[139.58824,35.69551],[139.58828,35.69562],[139.58859,35.6955],[139.58886,35.69539],[139.58905,35.69533],[139.58931,35.69521],[139.58935,35.69519],[139.58963,35.69506],[139.59007,35.69489],[139.5901,35.69488],[139.59025,35.69482],[139.59037,35.69519],[139.59061,35.69569],[139.59078,35.69604],[139.59089,35.69628],[139.5909,35.69631],[139.59095,35.69642],[139.59104,35.69664],[139.59137,35.69735],[139.59141,35.69744],[139.59149,35.69767],[139.59152,35.69775],[139.59152,35.69776],[139.5916,35.69796],[139.59181,35.69838],[139.59201,35.69883],[139.59206,35.69895],[139.5923,35.69948],[139.59233,35.69955],[139.59237,35.69964],[139.59252,35.69999],[139.5926,35.70016],[139.59266,35.70028],[139.59282,35.7006],[139.59283,35.70077],[139.59283,35.70085],[139.59285,35.7011],[139.59289,35.70125],[139.59298,35.70134],[139.59332,35.70201],[139.59341,35.70217],[139.59346,35.70226],[139.59348,35.70229],[139.59383,35.7029],[139.59389,35.703],[139.59391,35.70303],[139.59393,35.70307],[139.59406,35.70331],[139.59416,35.70343],[139.5942,35.70347],[139.59435,35.70362],[139.5944,35.70368],[139.59457,35.70386],[139.59507,35.70471],[139.59516,35.70487],[139.5952,35.70494],[139.59524,35.705],[139.59528,35.70507],[139.59533,35.70516],[139.59547,35.70544],[139.5954,35.70555],[139.59532,35.70569],[139.59529,35.70574],[139.59525,35.70581],[139.5952,35.7059],[139.59511,35.70605],[139.59493,35.70619],[139.59463,35.70635],[139.59447,35.70644],[139.59431,35.70653],[139.59406,35.70666],[139.59391,35.70674],[139.59372,35.70684],[139.59355,35.70693],[139.59343,35.70701],[139.5932,35.70718],[139.59318,35.70719],[139.593,35.70736],[139.59297,35.70739],[139.59236,35.70794],[139.59233,35.70797],[139.5923,35.708],[139.59145,35.70877],[139.59114,35.70902],[139.59104,35.7091],[139.59075,35.70933],[139.59056,35.70947],[139.59053,35.70949],[139.59045,35.70955],[139.59018,35.70968],[139.58939,35.71018],[139.58921,35.71031],[139.58876,35.71062],[139.58853,35.71078],[139.58825,35.71099],[139.58814,35.71107],[139.58793,35.71122],[139.5877,35.7114],[139.58723,35.71165],[139.58706,35.71173],[139.58691,35.71179],[139.58679,35.71184],[139.58665,35.71191],[139.58676,35.71212],[139.58681,35.71222],[139.58687,35.71252],[139.58688,35.71277],[139.58688,35.71293],[139.58685,35.71307],[139.58681,35.71327],[139.58671,35.71349],[139.58644,35.71409],[139.58631,35.7143],[139.58622,35.71445],[139.58607,35.71471],[139.58587,35.71498],[139.58577,35.71507],[139.58572,35.71515],[139.58559,35.71533],[139.58557,35.71537],[139.58546,35.71552],[139.58543,35.7156],[139.58542,35.71572],[139.58536,35.71582],[139.58508,35.7161],[139.58499,35.71631],[139.58496,35.71645],[139.58494,35.71688],[139.58492,35.71718],[139.58493,35.71728],[139.58496,35.71744],[139.58499,35.71756],[139.58501,35.7177],[139.58501,35.71771],[139.58504,35.71781],[139.58508,35.71797],[139.58509,35.71802],[139.58521,35.71825],[139.58532,35.71836],[139.58547,35.71851],[139.58579,35.71892],[139.5859,35.71902],[139.58609,35.71916],[139.58635,35.71936],[139.5867,35.71966],[139.58681,35.71976],[139.58692,35.71978],[139.58701,35.7198],[139.58709,35.71983],[139.58741,35.71995],[139.58773,35.72005],[139.588,35.72013],[139.58813,35.72018],[139.58861,35.72026],[139.58882,35.72027],[139.58917,35.72028],[139.58945,35.72028],[139.58965,35.72024],[139.59002,35.72021],[139.5902,35.72017],[139.59049,35.72009],[139.59119,35.71978],[139.59142,35.71964],[139.59168,35.71944],[139.59215,35.71908],[139.59227,35.71899],[139.59247,35.71882],[139.59278,35.71857],[139.59282,35.71853],[139.5929,35.71846],[139.59304,35.71834],[139.59336,35.71807],[139.5936,35.71818],[139.59384,35.71829],[139.59422,35.71891],[139.59436,35.71913],[139.59469,35.71977],[139.59494,35.72027],[139.59516,35.72064],[139.59538,35.721],[139.59565,35.72155],[139.59559,35.72196],[139.59562,35.72207],[139.59565,35.72217],[139.59589,35.72218],[139.59616,35.72222],[139.59644,35.72226],[139.59652,35.7223],[139.59665,35.72238],[139.59675,35.72243],[139.59688,35.7225],[139.59695,35.72254],[139.59713,35.7227],[139.59755,35.72298],[139.59769,35.72307],[139.59791,35.72317],[139.59823,35.7233],[139.59852,35.72343],[139.59861,35.72346],[139.59865,35.72348],[139.59879,35.72354],[139.59913,35.72364],[139.59942,35.72376],[139.59955,35.72382],[139.59967,35.72387],[139.59979,35.72391],[139.59996,35.72407],[139.60012,35.72422],[139.60018,35.72428],[139.60059,35.72463],[139.60116,35.72508],[139.60162,35.72534],[139.60182,35.72544],[139.60176,35.72557],[139.60179,35.72563],[139.60185,35.72578],[139.60185,35.72579],[139.60195,35.72601],[139.60207,35.72604],[139.6027,35.72627],[139.60283,35.72631],[139.60303,35.72639],[139.60348,35.72661],[139.60354,35.72664],[139.60389,35.72682],[139.60397,35.72686],[139.60428,35.72698],[139.60453,35.72705],[139.60495,35.72717],[139.60503,35.72719],[139.60523,35.72725],[139.60543,35.72731],[139.60556,35.72734],[139.60567,35.72737],[139.60575,35.7274],[139.6059,35.72744],[139.60682,35.72767],[139.60695,35.72771],[139.6071,35.72775],[139.60721,35.72778],[139.6077,35.72791],[139.60803,35.72804],[139.60835,35.72818],[139.60864,35.7283],[139.60881,35.72837],[139.60914,35.72854],[139.60955,35.72871],[139.6098,35.72878],[139.61014,35.72887],[139.61069,35.72899],[139.61088,35.72903],[139.61145,35.72918],[139.61156,35.7292],[139.6118,35.72926],[139.61193,35.7293],[139.61295,35.72959],[139.61297,35.7296],[139.61348,35.72974],[139.61371,35.7298],[139.61382,35.72983],[139.61429,35.72995],[139.61437,35.72997],[139.61451,35.73001],[139.61465,35.73005],[139.61471,35.73006],[139.61479,35.73009],[139.61504,35.73016],[139.61517,35.73021],[139.61539,35.73029],[139.61557,35.73015],[139.61572,35.73003],[139.6159,35.72989],[139.61599,35.72983],[139.61647,35.72983],[139.61654,35.72985],[139.61659,35.72986],[139.61682,35.72991],[139.61696,35.72992],[139.61717,35.72994],[139.61823,35.73],[139.61913,35.73005],[139.6194,35.73009],[139.61979,35.73009],[139.6202,35.73018],[139.62034,35.73021],[139.62054,35.73024],[139.62064,35.73025],[139.6208,35.73027],[139.62093,35.73028],[139.62139,35.73037],[139.62163,35.73041],[139.62178,35.73045],[139.62199,35.73043],[139.62305,35.73032],[139.62318,35.7303],[139.62333,35.73027],[139.62348,35.73025],[139.62355,35.73024],[139.62368,35.73022],[139.62416,35.73018],[139.62423,35.73017],[139.62454,35.73015],[139.62434,35.72984],[139.62432,35.72956],[139.62433,35.72941],[139.62438,35.72927],[139.62465,35.72878],[139.62475,35.72869],[139.6248,35.72866],[139.62504,35.72824],[139.62529,35.72771],[139.62531,35.72761],[139.62557,35.72733],[139.62564,35.72725],[139.62568,35.72721],[139.62621,35.72617],[139.62629,35.72602],[139.6263,35.72599],[139.62657,35.72547],[139.62679,35.72516],[139.62687,35.72504],[139.62699,35.72478],[139.62707,35.72464],[139.62729,35.72427],[139.62757,35.7239],[139.62764,35.72377],[139.62771,35.72363],[139.62777,35.72351],[139.62786,35.72333],[139.62787,35.72331],[139.628,35.72296],[139.62803,35.72288],[139.62812,35.72279],[139.62818,35.72258],[139.62822,35.72239],[139.62826,35.72228],[139.62828,35.72225],[139.62832,35.72214],[139.62832,35.72198],[139.62835,35.72193],[139.62838,35.72189],[139.62849,35.7218],[139.62863,35.72157],[139.62865,35.72154],[139.62876,35.72136],[139.62891,35.72113],[139.62899,35.72101],[139.62924,35.72085],[139.62967,35.72051],[139.62979,35.72046],[139.62992,35.72041],[139.63008,35.72051],[139.6303,35.72054],[139.63054,35.72058],[139.63064,35.72056],[139.63066,35.72056],[139.63073,35.72054],[139.63079,35.72053],[139.63107,35.72047],[139.63134,35.72026],[139.63151,35.72008],[139.63154,35.72005],[139.63157,35.72002],[139.63166,35.71994],[139.63172,35.71987],[139.63175,35.71984],[139.63185,35.71974],[139.63187,35.71972],[139.63186,35.71947],[139.63186,35.71944],[139.63185,35.7194],[139.63185,35.71929],[139.63185,35.71929],[139.63172,35.71914]]]}},{"type":"Feature","properties":{"ja":"板橋区"},"geometry":{"type":"Polygon","coordinates":[[[139.69686,35.7989],[139.69685,35.79888],[139.6967,35.79842],[139.69664,35.79825],[139.6966,35.79814],[139.69649,35.79785],[139.69643,35.79771],[139.69615,35.79724],[139.6957,35.79667],[139.69533,35.79631],[139.69505,35.79603],[139.69496,35.79594],[139.69481,35.79579],[139.69469,35.79567],[139.69456,35.79551],[139.69456,35.7955],[139.69398,35.79476],[139.69312,35.79358],[139.69254,35.7928],[139.69236,35.79254],[139.69235,35.79252],[139.69205,35.7921],[139.69201,35.79202],[139.6919,35.79185],[139.69144,35.79138],[139.69135,35.79127],[139.69122,35.79114],[139.69114,35.79104],[139.69101,35.7909],[139.69098,35.79086],[139.69087,35.79074],[139.69063,35.79057],[139.6905,35.79004],[139.69043,35.78979],[139.6904,35.78967],[139.69027,35.78921],[139.69014,35.78896],[139.68997,35.78863],[139.6899,35.78851],[139.68982,35.78838],[139.68969,35.78798],[139.68968,35.78796],[139.68962,35.78787],[139.6895,35.78769],[139.68947,35.78766],[139.68947,35.78765],[139.68944,35.78746],[139.68943,35.78735],[139.68943,35.78732],[139.68939,35.78703],[139.68947,35.7868],[139.68975,35.78637],[139.69008,35.78587],[139.69008,35.78586],[139.69015,35.78576],[139.69072,35.78491],[139.69127,35.78441],[139.69245,35.7837],[139.69357,35.78314],[139.69425,35.7829],[139.69498,35.78262],[139.69565,35.78246],[139.69637,35.78232],[139.69655,35.7823],[139.69683,35.78226],[139.69717,35.78222],[139.69742,35.78218],[139.69752,35.78217],[139.69774,35.78214],[139.69844,35.78213],[139.69907,35.78227],[139.69983,35.78261],[139.70037,35.78293],[139.70102,35.78337],[139.70184,35.78388],[139.70215,35.78408],[139.70225,35.7841],[139.70226,35.7841],[139.70247,35.78392],[139.70248,35.78392],[139.70248,35.78392],[139.70273,35.78392],[139.70275,35.78392],[139.70283,35.78381],[139.70302,35.78357],[139.70302,35.78354],[139.70304,35.78325],[139.70307,35.78276],[139.70307,35.78263],[139.70307,35.78261],[139.70307,35.78259],[139.70304,35.78253],[139.70293,35.78224],[139.70279,35.78209],[139.70272,35.78201],[139.70242,35.78169],[139.70231,35.78144],[139.70239,35.78108],[139.70245,35.78092],[139.70246,35.78089],[139.70253,35.78073],[139.70264,35.78043],[139.7027,35.78031],[139.70283,35.77998],[139.70284,35.77995],[139.70287,35.77986],[139.70299,35.77954],[139.70299,35.77953],[139.70304,35.77916],[139.70307,35.77906],[139.70325,35.77838],[139.70326,35.77835],[139.70331,35.77818],[139.70344,35.77783],[139.70345,35.77781],[139.70349,35.77768],[139.70357,35.77748],[139.70359,35.77744],[139.70365,35.77728],[139.70383,35.77683],[139.70387,35.77672],[139.70397,35.77631],[139.70399,35.77627],[139.70401,35.77617],[139.70404,35.77604],[139.70413,35.77571],[139.70415,35.77562],[139.70415,35.77556],[139.70414,35.77523],[139.70425,35.77506],[139.70446,35.77496],[139.70447,35.77485],[139.70447,35.77479],[139.70448,35.77471],[139.70449,35.77459],[139.70449,35.77456],[139.7045,35.7745],[139.70452,35.77424],[139.70477,35.77341],[139.70505,35.77271],[139.70507,35.77266],[139.70508,35.77263],[139.70508,35.77263],[139.70517,35.7723],[139.70517,35.77228],[139.70518,35.77225],[139.70523,35.77205],[139.70542,35.77147],[139.70542,35.77145],[139.70543,35.77142],[139.70564,35.77076],[139.70565,35.77073],[139.70565,35.77072],[139.70566,35.77071],[139.70593,35.76972],[139.70595,35.76959],[139.70596,35.76957],[139.70597,35.76955],[139.70602,35.7693],[139.70602,35.76927],[139.70603,35.76923],[139.70611,35.76884],[139.70624,35.76846],[139.70625,35.76844],[139.70625,35.76844],[139.70625,35.76841],[139.70629,35.76787],[139.70629,35.76784],[139.7063,35.76781],[139.7063,35.76779],[139.7063,35.76774],[139.70631,35.76735],[139.70632,35.76727],[139.70632,35.76725],[139.70632,35.76722],[139.70633,35.76696],[139.70636,35.76684],[139.70638,35.76673],[139.7064,35.76667],[139.70644,35.76666],[139.70645,35.76665],[139.70654,35.76662],[139.70672,35.76657],[139.70702,35.76635],[139.70746,35.76603],[139.70751,35.766],[139.70756,35.76597],[139.70786,35.76574],[139.70796,35.76567],[139.70805,35.76561],[139.70812,35.76556],[139.70821,35.7655],[139.70831,35.76541],[139.70901,35.76557],[139.70916,35.76515],[139.70921,35.76511],[139.70929,35.76503],[139.70933,35.76499],[139.70949,35.76485],[139.71028,35.76502],[139.71058,35.76433],[139.71089,35.76362],[139.71099,35.7636],[139.71109,35.76358],[139.71119,35.76355],[139.71125,35.76354],[139.71187,35.7634],[139.71247,35.76331],[139.71257,35.7633],[139.71259,35.7633],[139.71283,35.76329],[139.71292,35.76328],[139.71303,35.76328],[139.7131,35.76327],[139.71316,35.76327],[139.71319,35.76322],[139.71326,35.76308],[139.71348,35.76291],[139.71362,35.76281],[139.71367,35.76278],[139.71369,35.76276],[139.71403,35.76251],[139.71427,35.76234],[139.71429,35.76232],[139.71431,35.7623],[139.71432,35.7623],[139.71459,35.7621],[139.71462,35.76208],[139.71465,35.76205],[139.71502,35.76177],[139.71505,35.76175],[139.71508,35.76173],[139.71521,35.76163],[139.71523,35.76161],[139.71526,35.76159],[139.71529,35.76157],[139.7156,35.76131],[139.71563,35.76128],[139.71566,35.76126],[139.71612,35.76087],[139.71621,35.76079],[139.71629,35.76072],[139.71648,35.7604],[139.71669,35.76023],[139.71685,35.75998],[139.71694,35.75983],[139.71696,35.75978],[139.71703,35.75966],[139.71714,35.75946],[139.71719,35.75936],[139.7173,35.75916],[139.71762,35.75875],[139.71777,35.75858],[139.71812,35.75823],[139.71834,35.758],[139.71842,35.75793],[139.71868,35.75767],[139.7192,35.75717],[139.71926,35.75702],[139.7193,35.75694],[139.71935,35.75682],[139.71941,35.75666],[139.71959,35.7565],[139.71976,35.75644],[139.72,35.75605],[139.72022,35.75571],[139.72036,35.75551],[139.7205,35.7553],[139.72049,35.75517],[139.72042,35.75506],[139.72043,35.75506],[139.72058,35.75489],[139.72085,35.7547],[139.72098,35.7546],[139.72104,35.75457],[139.7212,35.75449],[139.72126,35.75441],[139.72127,35.7544],[139.72137,35.75428],[139.72151,35.75411],[139.72172,35.75386],[139.72188,35.75377],[139.72199,35.75373],[139.72227,35.75361],[139.72248,35.75352],[139.72266,35.75333],[139.7227,35.75323],[139.72271,35.75303],[139.72272,35.7527],[139.72272,35.75263],[139.72272,35.75261],[139.72272,35.75239],[139.72272,35.75226],[139.72271,35.75216],[139.72268,35.75205],[139.72262,35.7519],[139.72261,35.75187],[139.72256,35.75173],[139.72255,35.75137],[139.72255,35.75131],[139.72268,35.7511],[139.72268,35.751],[139.72261,35.75085],[139.72261,35.75081],[139.72261,35.7508],[139.7226,35.75076],[139.72246,35.75071],[139.72226,35.75065],[139.72225,35.7506],[139.72225,35.7506],[139.7222,35.75033],[139.72214,35.74993],[139.72205,35.74939],[139.72194,35.74896],[139.72234,35.74874],[139.72228,35.74868],[139.72216,35.74856],[139.72204,35.74844],[139.72204,35.74844],[139.72201,35.74841],[139.72195,35.74835],[139.72188,35.74828],[139.72178,35.74778],[139.72217,35.74775],[139.72218,35.74775],[139.72224,35.74775],[139.72222,35.74758],[139.72222,35.74757],[139.7222,35.74732],[139.72152,35.74738],[139.72149,35.74709],[139.72148,35.74704],[139.72148,35.74701],[139.72141,35.74631],[139.72128,35.74637],[139.72125,35.74639],[139.72121,35.74641],[139.72061,35.7467],[139.72057,35.74662],[139.72054,35.74657],[139.72051,35.7465],[139.72041,35.7463],[139.72032,35.74618],[139.7202,35.74614],[139.72017,35.74612],[139.72011,35.74608],[139.72004,35.74597],[139.72,35.7459],[139.71951,35.74504],[139.71924,35.7451],[139.71891,35.74516],[139.71872,35.7452],[139.71859,35.74522],[139.71776,35.7453],[139.71749,35.74532],[139.71746,35.74532],[139.71726,35.74533],[139.71694,35.74537],[139.71691,35.74537],[139.71623,35.74545],[139.71609,35.74548],[139.71604,35.74549],[139.7148,35.74575],[139.71479,35.7457],[139.71477,35.74558],[139.71474,35.74544],[139.71448,35.74534],[139.71445,35.74533],[139.71439,35.74531],[139.71434,35.74529],[139.71378,35.74528],[139.71363,35.74531],[139.71359,35.74531],[139.71356,35.74532],[139.71287,35.74542],[139.71275,35.74544],[139.71271,35.74545],[139.71267,35.74545],[139.71211,35.74555],[139.71186,35.74559],[139.71182,35.74559],[139.71177,35.7456],[139.7115,35.74565],[139.71086,35.74575],[139.71079,35.74576],[139.71072,35.74577],[139.71068,35.74577],[139.71042,35.74579],[139.70994,35.7452],[139.70991,35.74517],[139.70989,35.74514],[139.70983,35.74507],[139.7097,35.74489],[139.70965,35.7448],[139.70963,35.74477],[139.70963,35.74477],[139.70961,35.74473],[139.70958,35.74467],[139.70945,35.74443],[139.70919,35.74404],[139.70917,35.74398],[139.70916,35.74394],[139.70915,35.74389],[139.70913,35.74381],[139.70909,35.74344],[139.70905,35.74336],[139.70903,35.74329],[139.7089,35.743],[139.70881,35.74268],[139.70869,35.7423],[139.70868,35.74226],[139.70862,35.74217],[139.7085,35.74197],[139.70848,35.74193],[139.70845,35.74189],[139.7083,35.74164],[139.70815,35.74147],[139.70801,35.74133],[139.70799,35.74131],[139.70789,35.7412],[139.70783,35.74114],[139.70769,35.74099],[139.70759,35.74089],[139.70756,35.74085],[139.70755,35.74085],[139.70742,35.74071],[139.70742,35.74071],[139.70726,35.74055],[139.70726,35.74054],[139.70725,35.74054],[139.707,35.74028],[139.70656,35.73982],[139.70651,35.73978],[139.70648,35.73975],[139.70584,35.7391],[139.70581,35.73906],[139.70579,35.73904],[139.70572,35.73897],[139.70535,35.73857],[139.70531,35.73852],[139.70528,35.73849],[139.70527,35.73848],[139.70491,35.73814],[139.70478,35.73801],[139.70474,35.73798],[139.70469,35.73793],[139.70445,35.7377],[139.70425,35.73745],[139.70422,35.73741],[139.70418,35.73736],[139.70412,35.73729],[139.70405,35.73715],[139.70405,35.73715],[139.70403,35.73705],[139.704,35.73683],[139.70399,35.73664],[139.70397,35.7365],[139.70392,35.73636],[139.70391,35.73631],[139.7039,35.73628],[139.70385,35.7361],[139.70381,35.73587],[139.70372,35.73587],[139.70361,35.73587],[139.70357,35.73587],[139.70344,35.73591],[139.70268,35.73607],[139.70266,35.73608],[139.70261,35.73609],[139.70239,35.73613],[139.70236,35.73614],[139.70232,35.73615],[139.70226,35.73623],[139.70217,35.73633],[139.70213,35.73639],[139.70211,35.73646],[139.7021,35.73646],[139.70206,35.7366],[139.70197,35.73691],[139.70199,35.73697],[139.70235,35.73713],[139.70229,35.73721],[139.70227,35.73725],[139.70225,35.73727],[139.7022,35.73734],[139.70204,35.73771],[139.70199,35.73781],[139.70198,35.73784],[139.70196,35.73787],[139.70147,35.73892],[139.70141,35.73903],[139.70139,35.73906],[139.70138,35.73908],[139.70122,35.73936],[139.70099,35.73991],[139.70086,35.73989],[139.70082,35.73988],[139.70079,35.73988],[139.70057,35.73984],[139.70032,35.73981],[139.7001,35.7398],[139.70006,35.73979],[139.70003,35.73979],[139.69922,35.73973],[139.6992,35.73984],[139.6992,35.73987],[139.6992,35.73992],[139.69917,35.74014],[139.69914,35.74023],[139.69907,35.74042],[139.69908,35.74052],[139.69908,35.74053],[139.69908,35.74056],[139.6991,35.74066],[139.69904,35.74115],[139.69901,35.74127],[139.69901,35.74131],[139.699,35.74133],[139.69892,35.74166],[139.6989,35.74187],[139.69888,35.74219],[139.69887,35.74223],[139.69887,35.74227],[139.69886,35.74239],[139.69871,35.74239],[139.69866,35.74238],[139.6986,35.74238],[139.69763,35.74233],[139.69759,35.74233],[139.69754,35.74233],[139.69658,35.74228],[139.69651,35.74228],[139.69648,35.74228],[139.69614,35.74226],[139.69571,35.74225],[139.69568,35.74225],[139.69563,35.74225],[139.69474,35.74223],[139.69469,35.74223],[139.69465,35.74223],[139.69453,35.74223],[139.69446,35.74281],[139.69447,35.74286],[139.69448,35.74289],[139.69449,35.74295],[139.69451,35.74306],[139.69429,35.743],[139.69414,35.743],[139.69358,35.74298],[139.69346,35.74305],[139.69342,35.74308],[139.69337,35.74312],[139.69283,35.74347],[139.69279,35.7435],[139.69276,35.74351],[139.69275,35.74352],[139.69269,35.74356],[139.69266,35.74358],[139.69263,35.7436],[139.69257,35.74363],[139.6925,35.74357],[139.69248,35.74354],[139.69245,35.74352],[139.69227,35.74336],[139.69197,35.74307],[139.69192,35.74303],[139.69187,35.74298],[139.6918,35.74292],[139.69177,35.74289],[139.69167,35.7428],[139.69162,35.74277],[139.69156,35.74272],[139.69136,35.74256],[139.69134,35.74253],[139.69097,35.7423],[139.69027,35.74185],[139.6899,35.74159],[139.68977,35.74146],[139.68961,35.74132],[139.6891,35.74113],[139.6886,35.74094],[139.68843,35.7409],[139.68838,35.74088],[139.68824,35.74084],[139.6882,35.74083],[139.68756,35.74065],[139.68742,35.74062],[139.68734,35.74059],[139.68723,35.74056],[139.68722,35.74056],[139.68669,35.74037],[139.68666,35.74036],[139.6863,35.74025],[139.68626,35.74024],[139.68623,35.74023],[139.68615,35.74021],[139.68548,35.74],[139.68495,35.73985],[139.68492,35.73984],[139.68473,35.73979],[139.68445,35.73971],[139.68439,35.73969],[139.68435,35.73968],[139.68426,35.73965],[139.68391,35.7395],[139.68328,35.73931],[139.68325,35.7393],[139.68321,35.73929],[139.68258,35.7391],[139.68232,35.73904],[139.68229,35.73903],[139.68224,35.73902],[139.68216,35.739],[139.68201,35.73897],[139.68148,35.73887],[139.68145,35.73886],[139.6814,35.73885],[139.68128,35.73883],[139.68116,35.73882],[139.6811,35.73881],[139.68076,35.73876],[139.68047,35.73872],[139.68006,35.73902],[139.67998,35.7391],[139.67992,35.73918],[139.67992,35.73918],[139.67987,35.73928],[139.67983,35.73937],[139.6798,35.73945],[139.6797,35.73957],[139.67957,35.73969],[139.67919,35.74018],[139.67916,35.74034],[139.67915,35.74038],[139.67912,35.7405],[139.67909,35.74063],[139.67923,35.74068],[139.67929,35.74073],[139.67938,35.74091],[139.67943,35.74101],[139.67952,35.74114],[139.67954,35.74126],[139.67963,35.74148],[139.67965,35.74149],[139.67972,35.74162],[139.67972,35.74162],[139.67984,35.74172],[139.6801,35.74195],[139.68031,35.74208],[139.68038,35.74214],[139.68039,35.74215],[139.68042,35.74225],[139.68051,35.74252],[139.68053,35.74261],[139.68054,35.74266],[139.68057,35.74282],[139.68059,35.74288],[139.68059,35.74289],[139.68064,35.74295],[139.6807,35.74302],[139.68073,35.74305],[139.68078,35.74314],[139.68081,35.74318],[139.68091,35.74333],[139.6809,35.74339],[139.6809,35.7434],[139.68089,35.74348],[139.68087,35.74361],[139.68085,35.74372],[139.68084,35.74382],[139.68056,35.74392],[139.68033,35.744],[139.67951,35.74426],[139.67947,35.74427],[139.67896,35.74443],[139.67841,35.74457],[139.67824,35.74464],[139.67821,35.74465],[139.67816,35.74467],[139.6781,35.74468],[139.6776,35.74486],[139.67759,35.74487],[139.67757,35.74487],[139.67733,35.74495],[139.67694,35.74506],[139.67688,35.74508],[139.67657,35.74517],[139.676,35.74535],[139.67587,35.7454],[139.67583,35.74539],[139.67573,35.74531],[139.67565,35.74522],[139.67558,35.74514],[139.67557,35.74513],[139.67548,35.74503],[139.67546,35.74501],[139.67538,35.74492],[139.67533,35.74492],[139.67525,35.74495],[139.67523,35.74496],[139.67518,35.74498],[139.67512,35.745],[139.67509,35.74502],[139.67501,35.74506],[139.67487,35.74515],[139.67474,35.74525],[139.67465,35.74532],[139.67456,35.74539],[139.67447,35.74546],[139.6744,35.74546],[139.67434,35.74542],[139.67373,35.74493],[139.67352,35.74505],[139.67349,35.74506],[139.67346,35.74508],[139.67332,35.74516],[139.67231,35.74456],[139.67228,35.74454],[139.67225,35.74452],[139.67223,35.74451],[139.67213,35.74453],[139.67211,35.74482],[139.67207,35.74522],[139.67211,35.74532],[139.67212,35.74535],[139.67223,35.74562],[139.67234,35.74582],[139.67234,35.74583],[139.67253,35.74623],[139.67263,35.74639],[139.67266,35.74645],[139.67278,35.74667],[139.67281,35.74671],[139.67292,35.74704],[139.67307,35.74729],[139.67307,35.74732],[139.67307,35.74737],[139.67307,35.7474],[139.67307,35.74742],[139.67311,35.74755],[139.67316,35.74768],[139.67325,35.74779],[139.67328,35.74786],[139.67329,35.74788],[139.6733,35.7479],[139.67334,35.74801],[139.6737,35.74858],[139.67376,35.74871],[139.67378,35.74875],[139.67379,35.74877],[139.67383,35.74884],[139.67383,35.74885],[139.67399,35.74915],[139.67407,35.74938],[139.67422,35.7497],[139.67424,35.74977],[139.67426,35.74983],[139.67438,35.75018],[139.67443,35.7504],[139.67444,35.75052],[139.67459,35.75093],[139.67462,35.75101],[139.67477,35.75132],[139.67486,35.75145],[139.67491,35.75152],[139.67496,35.75174],[139.67502,35.75189],[139.67497,35.75199],[139.67495,35.75205],[139.67492,35.75213],[139.67483,35.75226],[139.67477,35.75236],[139.67407,35.75312],[139.67405,35.75317],[139.67403,35.75322],[139.67403,35.75323],[139.674,35.75332],[139.67398,35.75337],[139.67385,35.75353],[139.67382,35.75357],[139.67374,35.75374],[139.67367,35.75405],[139.67364,35.7541],[139.67359,35.75416],[139.67356,35.75421],[139.67334,35.75451],[139.67332,35.75466],[139.67332,35.75467],[139.67329,35.75483],[139.67326,35.755],[139.67324,35.75508],[139.67321,35.75528],[139.67319,35.75539],[139.67319,35.75541],[139.67327,35.75584],[139.67335,35.75621],[139.67342,35.7565],[139.67349,35.7567],[139.67352,35.75678],[139.67359,35.75722],[139.6736,35.75732],[139.67365,35.7579],[139.67369,35.75841],[139.67366,35.75852],[139.67362,35.75863],[139.67355,35.75885],[139.67353,35.75893],[139.67353,35.75894],[139.67349,35.75901],[139.67335,35.75925],[139.67263,35.75976],[139.6726,35.75977],[139.67258,35.75979],[139.67246,35.75987],[139.67196,35.76033],[139.67194,35.76035],[139.67157,35.76069],[139.67155,35.76071],[139.67145,35.76084],[139.6714,35.76091],[139.67128,35.76103],[139.67124,35.76121],[139.67122,35.76128],[139.6712,35.76131],[139.67111,35.76144],[139.67079,35.76192],[139.67069,35.76205],[139.67059,35.76229],[139.67053,35.76243],[139.67047,35.76259],[139.67044,35.76266],[139.67043,35.76269],[139.67041,35.76276],[139.67039,35.76281],[139.67035,35.76296],[139.67024,35.76331],[139.67022,35.76335],[139.67022,35.76338],[139.67017,35.76354],[139.67014,35.76362],[139.67004,35.76394],[139.66998,35.76411],[139.66994,35.76425],[139.66989,35.76438],[139.66987,35.76445],[139.66983,35.76458],[139.66982,35.76462],[139.66977,35.76475],[139.66974,35.76486],[139.6697,35.76496],[139.66956,35.76529],[139.66946,35.76535],[139.66935,35.76542],[139.66922,35.76586],[139.66901,35.76654],[139.66886,35.76674],[139.66873,35.7669],[139.66849,35.76721],[139.66843,35.76729],[139.66824,35.76753],[139.66821,35.76757],[139.66821,35.76757],[139.66815,35.76757],[139.66772,35.76757],[139.66767,35.76754],[139.66766,35.76753],[139.66762,35.76751],[139.66745,35.76742],[139.66733,35.76734],[139.66724,35.76729],[139.66712,35.76731],[139.66707,35.76732],[139.66704,35.76733],[139.66691,35.76735],[139.66624,35.76753],[139.66613,35.76755],[139.66606,35.76758],[139.66512,35.76785],[139.66496,35.7679],[139.66493,35.76791],[139.66489,35.76792],[139.66458,35.76801],[139.66438,35.76803],[139.66434,35.76803],[139.66429,35.76803],[139.66396,35.76807],[139.66387,35.76808],[139.66286,35.76817],[139.66256,35.76822],[139.66248,35.76823],[139.66213,35.76829],[139.66212,35.7683],[139.66203,35.76832],[139.6616,35.76843],[139.66153,35.76845],[139.66135,35.76849],[139.66128,35.76855],[139.66113,35.76867],[139.66001,35.76872],[139.65936,35.76875],[139.65929,35.76876],[139.65919,35.76876],[139.65896,35.76877],[139.6581,35.76882],[139.65777,35.76885],[139.6577,35.76885],[139.65765,35.76886],[139.65706,35.7689],[139.65694,35.76891],[139.6566,35.76895],[139.65649,35.76896],[139.6564,35.76896],[139.65605,35.769],[139.65582,35.76902],[139.65463,35.76907],[139.65408,35.76911],[139.65403,35.76911],[139.65398,35.76911],[139.65352,35.76907],[139.65299,35.76894],[139.65296,35.76894],[139.65248,35.76893],[139.65226,35.76892],[139.65222,35.76892],[139.65191,35.76904],[139.65185,35.76906],[139.65176,35.7691],[139.65112,35.76917],[139.65088,35.76914],[139.65061,35.76911],[139.64935,35.76897],[139.6492,35.76895],[139.64844,35.76886],[139.64831,35.7688],[139.6483,35.7688],[139.64823,35.76877],[139.64791,35.76862],[139.64768,35.76867],[139.64751,35.76872],[139.64704,35.76883],[139.64647,35.76901],[139.6464,35.76904],[139.64593,35.76919],[139.64555,35.76937],[139.64545,35.76941],[139.64539,35.76944],[139.64538,35.76945],[139.64524,35.76955],[139.64494,35.76976],[139.64466,35.76991],[139.64457,35.76997],[139.64447,35.77002],[139.64427,35.77013],[139.64416,35.77019],[139.64406,35.77025],[139.6436,35.77054],[139.64344,35.77063],[139.64296,35.77093],[139.64292,35.77087],[139.64287,35.77081],[139.64282,35.77074],[139.64279,35.77069],[139.64262,35.77047],[139.64232,35.77015],[139.6423,35.77013],[139.64226,35.77009],[139.64214,35.7699],[139.64207,35.76977],[139.64188,35.76971],[139.64177,35.76967],[139.64152,35.76942],[139.6413,35.76934],[139.64119,35.76929],[139.64105,35.76924],[139.64084,35.76916],[139.64052,35.76911],[139.63908,35.76907],[139.63854,35.76905],[139.63782,35.76892],[139.63773,35.76892],[139.63718,35.76888],[139.63706,35.76887],[139.63685,35.76885],[139.63677,35.76885],[139.63657,35.76884],[139.63543,35.76881],[139.63483,35.7688],[139.63481,35.76951],[139.63477,35.76967],[139.63473,35.76988],[139.6341,35.76987],[139.63347,35.76986],[139.63348,35.77004],[139.63348,35.77012],[139.63348,35.77026],[139.63348,35.77034],[139.63348,35.7704],[139.63348,35.77049],[139.63342,35.77052],[139.63329,35.77057],[139.63294,35.77072],[139.63228,35.77109],[139.63189,35.77131],[139.63181,35.77135],[139.63168,35.77143],[139.63124,35.77169],[139.63112,35.77176],[139.63106,35.7718],[139.63091,35.77188],[139.63091,35.77189],[139.63072,35.772],[139.6302,35.77234],[139.62991,35.77208],[139.62987,35.77205],[139.62977,35.77196],[139.62969,35.77189],[139.62957,35.77179],[139.62935,35.77174],[139.62937,35.77191],[139.62938,35.77193],[139.62939,35.77205],[139.62939,35.77253],[139.62938,35.77269],[139.62938,35.77318],[139.62939,35.77346],[139.62939,35.77348],[139.6294,35.77398],[139.62932,35.77425],[139.62912,35.7744],[139.62903,35.77447],[139.62899,35.77459],[139.62907,35.77483],[139.62929,35.77514],[139.6293,35.77525],[139.62933,35.77551],[139.62934,35.77557],[139.62934,35.77559],[139.62935,35.77578],[139.62935,35.77604],[139.62935,35.77606],[139.62935,35.77609],[139.62936,35.77636],[139.62937,35.77662],[139.62938,35.77666],[139.62938,35.77669],[139.62939,35.77688],[139.62934,35.77693],[139.62927,35.77699],[139.62905,35.77718],[139.62899,35.77723],[139.62879,35.77741],[139.62876,35.77744],[139.62871,35.77749],[139.6287,35.7775],[139.62801,35.77757],[139.62789,35.7776],[139.62766,35.77765],[139.62752,35.77768],[139.62717,35.77772],[139.62713,35.77772],[139.62667,35.77777],[139.62663,35.77777],[139.62653,35.77778],[139.62594,35.77786],[139.62537,35.77792],[139.62519,35.77793],[139.62516,35.77801],[139.6253,35.77837],[139.62544,35.77885],[139.62545,35.77907],[139.62535,35.77929],[139.62492,35.77965],[139.62482,35.77974],[139.62471,35.77983],[139.62471,35.78011],[139.62449,35.7805],[139.62452,35.78081],[139.62455,35.78084],[139.62461,35.78089],[139.62462,35.7809],[139.62469,35.78096],[139.62514,35.78131],[139.62524,35.7814],[139.6255,35.7816],[139.62566,35.78175],[139.62571,35.78184],[139.62581,35.78204],[139.62591,35.7821],[139.62612,35.78222],[139.62624,35.78229],[139.62635,35.78235],[139.62639,35.78236],[139.62644,35.78237],[139.62651,35.78239],[139.62708,35.78254],[139.62717,35.78257],[139.62726,35.78265],[139.62729,35.78269],[139.62738,35.78277],[139.62745,35.78284],[139.62767,35.78306],[139.62773,35.78313],[139.62792,35.78374],[139.62792,35.78374],[139.62791,35.78398],[139.62791,35.78403],[139.62789,35.78424],[139.62789,35.78439],[139.62787,35.78465],[139.62787,35.78466],[139.62851,35.78519],[139.6287,35.78537],[139.62906,35.78574],[139.62923,35.78568],[139.62934,35.78565],[139.62949,35.7856],[139.62964,35.78555],[139.63034,35.78536],[139.63048,35.78546],[139.63056,35.78553],[139.63071,35.78564],[139.63114,35.78596],[139.63141,35.78614],[139.63169,35.78634],[139.63185,35.78656],[139.63185,35.78669],[139.63174,35.78688],[139.63174,35.78699],[139.63183,35.78703],[139.63204,35.78714],[139.63213,35.78744],[139.63203,35.78771],[139.63187,35.78788],[139.63176,35.78799],[139.63168,35.78808],[139.63156,35.7882],[139.63187,35.78854],[139.63199,35.78868],[139.63229,35.78895],[139.63248,35.7891],[139.63273,35.78929],[139.63301,35.78939],[139.6333,35.78942],[139.63361,35.78943],[139.63371,35.7895],[139.6338,35.78966],[139.6339,35.78976],[139.63414,35.78996],[139.63423,35.79034],[139.63447,35.79043],[139.63485,35.79057],[139.63509,35.79057],[139.63528,35.79054],[139.63581,35.79048],[139.63611,35.79045],[139.63641,35.79052],[139.63682,35.79081],[139.63686,35.79081],[139.63705,35.79081],[139.63717,35.79082],[139.63738,35.79084],[139.63754,35.79085],[139.63791,35.7912],[139.63788,35.79122],[139.63781,35.79128],[139.63768,35.7914],[139.63765,35.79155],[139.63809,35.79185],[139.63819,35.79193],[139.63833,35.79203],[139.63836,35.79205],[139.63844,35.79212],[139.63875,35.79235],[139.6389,35.79246],[139.63915,35.79266],[139.63941,35.79285],[139.63961,35.7935],[139.63996,35.795],[139.64023,35.79621],[139.64031,35.79667],[139.64038,35.79703],[139.6404,35.79717],[139.64048,35.79741],[139.6405,35.7975],[139.64056,35.79769],[139.64085,35.79794],[139.64098,35.79797],[139.64127,35.79804],[139.64139,35.79807],[139.64148,35.79807],[139.64177,35.7981],[139.64178,35.7981],[139.64256,35.79816],[139.64369,35.79822],[139.64481,35.79809],[139.64569,35.79801],[139.64613,35.79791],[139.64614,35.79791],[139.6463,35.79787],[139.64661,35.79778],[139.64686,35.79767],[139.64761,35.79748],[139.64787,35.79747],[139.64823,35.79763],[139.64878,35.79792],[139.64951,35.79832],[139.6501,35.79863],[139.65077,35.79897],[139.65108,35.79912],[139.65109,35.79913],[139.65225,35.79971],[139.65247,35.79981],[139.65336,35.80023],[139.65366,35.80025],[139.65445,35.80031],[139.65488,35.80034],[139.65634,35.80043],[139.65777,35.8005],[139.65947,35.80051],[139.66085,35.8005],[139.66212,35.80049],[139.66343,35.80044],[139.6647,35.80048],[139.66473,35.80048],[139.666,35.80051],[139.66737,35.80046],[139.6686,35.80033],[139.66976,35.80024],[139.67065,35.80007],[139.67105,35.8],[139.6718,35.79975],[139.67225,35.79962],[139.67293,35.79942],[139.67383,35.79917],[139.67454,35.79907],[139.6748,35.79903],[139.67556,35.79894],[139.67592,35.79889],[139.67707,35.79882],[139.67838,35.79882],[139.67841,35.79883],[139.67953,35.79891],[139.68077,35.7991],[139.681,35.79914],[139.68189,35.7993],[139.68224,35.79939],[139.68287,35.79955],[139.68419,35.79994],[139.68452,35.80003],[139.68498,35.80016],[139.68511,35.8002],[139.68529,35.80025],[139.68541,35.80028],[139.68562,35.80034],[139.68632,35.80055],[139.68661,35.80063],[139.68783,35.80084],[139.68842,35.80085],[139.6892,35.80088],[139.68981,35.80085],[139.69059,35.8008],[139.69171,35.80067],[139.6926,35.80051],[139.69315,35.8004],[139.69383,35.80023],[139.69439,35.80005],[139.69444,35.80003],[139.69533,35.79968],[139.69536,35.79966],[139.69616,35.79929],[139.69686,35.7989]]]}},{"type":"Feature","properties":{"ja":"世田谷区"},"geometry":{"type":"Polygon","coordinates":[[[139.59418,35.68214],[139.59441,35.68215],[139.59459,35.68215],[139.59501,35.68212],[139.59532,35.6821],[139.59545,35.68209],[139.59549,35.68209],[139.5956,35.68207],[139.59572,35.68206],[139.59584,35.68205],[139.59604,35.68203],[139.59626,35.68201],[139.5965,35.68198],[139.59654,35.68198],[139.59661,35.68198],[139.59715,35.6819],[139.59794,35.68182],[139.59816,35.68178],[139.5983,35.68175],[139.59854,35.68171],[139.59856,35.6817],[139.59912,35.6816],[139.59939,35.68155],[139.59965,35.68149],[139.59984,35.68145],[139.60011,35.68138],[139.60045,35.68129],[139.60062,35.68124],[139.60075,35.68121],[139.60131,35.68105],[139.60182,35.68088],[139.60189,35.68086],[139.60194,35.68084],[139.60206,35.6808],[139.60249,35.68066],[139.60288,35.68065],[139.60326,35.68065],[139.60337,35.68052],[139.60358,35.68033],[139.60374,35.68018],[139.60389,35.68004],[139.60446,35.67963],[139.60488,35.67932],[139.60512,35.67915],[139.60563,35.67879],[139.6061,35.67829],[139.60643,35.67808],[139.60658,35.67798],[139.60684,35.67773],[139.60689,35.67758],[139.60702,35.67714],[139.60714,35.67682],[139.60723,35.67654],[139.60728,35.6763],[139.60734,35.67604],[139.60734,35.67603],[139.60735,35.676],[139.60736,35.67596],[139.6074,35.67602],[139.60747,35.67611],[139.60756,35.67624],[139.60757,35.67626],[139.60762,35.67633],[139.60762,35.67633],[139.6077,35.67636],[139.60778,35.67637],[139.60783,35.67638],[139.60789,35.67638],[139.6079,35.67638],[139.60805,35.67641],[139.60823,35.67644],[139.60833,35.6764],[139.60836,35.67636],[139.60837,35.67636],[139.60838,35.67629],[139.60839,35.67618],[139.60839,35.67614],[139.6084,35.67609],[139.60837,35.67604],[139.60836,35.67599],[139.60834,35.67589],[139.6084,35.67589],[139.60878,35.67592],[139.60882,35.67578],[139.60882,35.67576],[139.60898,35.67534],[139.60909,35.67487],[139.60918,35.67489],[139.6092,35.67468],[139.60921,35.67453],[139.60919,35.674],[139.60889,35.67397],[139.60876,35.67396],[139.60876,35.67381],[139.60877,35.67359],[139.60885,35.67305],[139.60884,35.67282],[139.60883,35.67271],[139.60883,35.67265],[139.60884,35.67253],[139.60881,35.67189],[139.6088,35.67181],[139.60879,35.67172],[139.60879,35.67163],[139.60878,35.6715],[139.60883,35.67099],[139.60886,35.67075],[139.60888,35.67064],[139.60891,35.6704],[139.60891,35.67035],[139.6091,35.67037],[139.60914,35.67037],[139.60955,35.6704],[139.60943,35.67068],[139.60938,35.67079],[139.60948,35.67081],[139.60959,35.67083],[139.6097,35.67085],[139.6103,35.67085],[139.61052,35.67086],[139.61067,35.67084],[139.61095,35.67077],[139.61094,35.67076],[139.61093,35.67064],[139.61092,35.67062],[139.61091,35.67048],[139.6109,35.6704],[139.61088,35.67025],[139.6109,35.67018],[139.61094,35.67012],[139.61099,35.67009],[139.61118,35.67009],[139.61132,35.67013],[139.61145,35.67017],[139.61177,35.6702],[139.61221,35.67024],[139.6124,35.67022],[139.61247,35.67021],[139.61253,35.6702],[139.61335,35.67014],[139.61364,35.67011],[139.61424,35.66993],[139.61432,35.6699],[139.61484,35.66952],[139.61488,35.6695],[139.61492,35.6695],[139.61496,35.66951],[139.61503,35.66957],[139.61507,35.66961],[139.61512,35.66964],[139.61518,35.66968],[139.61526,35.66969],[139.6153,35.66969],[139.61565,35.66964],[139.61574,35.66962],[139.61573,35.66955],[139.6157,35.66946],[139.61572,35.66942],[139.61584,35.66945],[139.616,35.66966],[139.61603,35.66969],[139.61613,35.66983],[139.61618,35.6699],[139.61618,35.67001],[139.61618,35.67015],[139.61618,35.67052],[139.61619,35.67061],[139.6162,35.67069],[139.61623,35.6709],[139.61629,35.67135],[139.61639,35.67155],[139.61647,35.6717],[139.61655,35.67214],[139.61656,35.67252],[139.61656,35.67264],[139.61611,35.6727],[139.61566,35.67275],[139.61526,35.6728],[139.61519,35.67285],[139.61511,35.6729],[139.61485,35.67306],[139.61469,35.67316],[139.61407,35.67356],[139.61382,35.67372],[139.61359,35.67387],[139.61334,35.67402],[139.613,35.67429],[139.61281,35.6744],[139.61254,35.6745],[139.61224,35.67459],[139.6121,35.67463],[139.61205,35.67467],[139.61201,35.67471],[139.61191,35.67481],[139.61191,35.67482],[139.61186,35.67486],[139.61142,35.6753],[139.61112,35.67567],[139.61105,35.67577],[139.61087,35.67602],[139.6108,35.67612],[139.61071,35.67624],[139.6106,35.67635],[139.61057,35.67639],[139.61046,35.6765],[139.61031,35.67664],[139.61053,35.67661],[139.61061,35.67659],[139.61073,35.67657],[139.61092,35.67654],[139.61099,35.67653],[139.61134,35.67646],[139.61149,35.67644],[139.61175,35.67637],[139.61192,35.67633],[139.61257,35.67617],[139.61287,35.67591],[139.61314,35.67572],[139.61336,35.67564],[139.6137,35.67552],[139.61391,35.67544],[139.61412,35.67536],[139.61433,35.67528],[139.61434,35.67528],[139.61447,35.67523],[139.61469,35.67515],[139.61483,35.6751],[139.61531,35.67492],[139.61552,35.67486],[139.61578,35.67478],[139.61589,35.67475],[139.616,35.67471],[139.61615,35.67466],[139.61628,35.67462],[139.61654,35.67454],[139.61686,35.67446],[139.61711,35.67441],[139.61718,35.67438],[139.61731,35.67434],[139.61793,35.67414],[139.61827,35.67406],[139.61844,35.67401],[139.61902,35.67382],[139.6193,35.6737],[139.61939,35.67366],[139.61962,35.67357],[139.61997,35.67345],[139.62013,35.67338],[139.62061,35.67317],[139.62102,35.67299],[139.62111,35.67294],[139.6212,35.67289],[139.62142,35.67277],[139.62178,35.67254],[139.62196,35.67236],[139.62214,35.67217],[139.62225,35.67205],[139.62312,35.6713],[139.62344,35.67113],[139.62353,35.67104],[139.62353,35.67099],[139.62353,35.67085],[139.62353,35.67084],[139.6235,35.67058],[139.62348,35.67039],[139.62366,35.67035],[139.62367,35.67035],[139.6241,35.67026],[139.62438,35.67022],[139.62443,35.67021],[139.62461,35.67018],[139.62484,35.67015],[139.62489,35.67015],[139.62495,35.67014],[139.62503,35.67013],[139.62502,35.6699],[139.62501,35.66976],[139.62501,35.66971],[139.62501,35.66964],[139.62501,35.66938],[139.62502,35.66929],[139.62503,35.66925],[139.62503,35.66921],[139.62504,35.66913],[139.62551,35.6691],[139.62556,35.6691],[139.6256,35.6691],[139.62603,35.66907],[139.62692,35.669],[139.62703,35.66898],[139.62709,35.66897],[139.62713,35.66896],[139.62792,35.66883],[139.62797,35.66883],[139.62835,35.66876],[139.62923,35.66862],[139.62931,35.6686],[139.6295,35.66857],[139.62963,35.66855],[139.62979,35.66852],[139.62992,35.6685],[139.63032,35.66843],[139.6314,35.66828],[139.63154,35.66826],[139.63201,35.66819],[139.63259,35.66809],[139.63267,35.66805],[139.63272,35.66803],[139.63285,35.66798],[139.63291,35.66796],[139.63296,35.66794],[139.63299,35.66792],[139.63313,35.66787],[139.63331,35.66783],[139.63433,35.66761],[139.6348,35.66743],[139.63481,35.66742],[139.6349,35.66739],[139.63554,35.66718],[139.63578,35.66709],[139.63599,35.66698],[139.63606,35.66695],[139.63639,35.66678],[139.63693,35.66668],[139.63677,35.66624],[139.63675,35.6662],[139.63668,35.66601],[139.63679,35.66599],[139.63684,35.66599],[139.63688,35.66598],[139.6374,35.66588],[139.63769,35.66585],[139.63774,35.66585],[139.63781,35.66584],[139.63819,35.66581],[139.63875,35.66581],[139.63884,35.66582],[139.6389,35.66582],[139.63896,35.66583],[139.63911,35.66584],[139.6393,35.66591],[139.63975,35.66608],[139.6398,35.6661],[139.64021,35.66628],[139.64027,35.66632],[139.64052,35.66648],[139.64056,35.66651],[139.64076,35.66664],[139.64131,35.66692],[139.64128,35.6672],[139.6414,35.66721],[139.64145,35.66722],[139.64203,35.66729],[139.64246,35.66734],[139.6425,35.66734],[139.64265,35.66736],[139.64289,35.66739],[139.64294,35.6674],[139.643,35.66741],[139.64361,35.66749],[139.64387,35.66752],[139.64495,35.66765],[139.645,35.66766],[139.64507,35.66767],[139.64507,35.66767],[139.64521,35.66768],[139.64579,35.6678],[139.64588,35.66782],[139.64591,35.66783],[139.64595,35.66784],[139.64601,35.66785],[139.64644,35.66796],[139.64649,35.66797],[139.64696,35.66812],[139.64745,35.66832],[139.64749,35.66833],[139.64756,35.66836],[139.64773,35.66843],[139.64802,35.6686],[139.64806,35.66862],[139.64811,35.66865],[139.64846,35.66886],[139.64873,35.66901],[139.64876,35.66903],[139.64881,35.66906],[139.64924,35.6693],[139.64928,35.66932],[139.64932,35.66934],[139.64971,35.66956],[139.64979,35.6696],[139.64984,35.66963],[139.64989,35.66965],[139.64994,35.66968],[139.65008,35.66975],[139.6502,35.66983],[139.65033,35.6699],[139.65044,35.66992],[139.65067,35.66997],[139.65106,35.67004],[139.65111,35.67004],[139.65113,35.67005],[139.65117,35.67005],[139.65155,35.67011],[139.65207,35.67018],[139.65212,35.67019],[139.65218,35.6702],[139.65266,35.67027],[139.65271,35.67028],[139.65276,35.67029],[139.65282,35.6703],[139.65308,35.67033],[139.65318,35.67035],[139.65342,35.67038],[139.65353,35.67039],[139.65378,35.67042],[139.65384,35.67042],[139.65389,35.67043],[139.65464,35.6705],[139.65497,35.67054],[139.65508,35.67055],[139.65511,35.67055],[139.65572,35.67077],[139.65605,35.67089],[139.65646,35.67103],[139.65651,35.67105],[139.65658,35.67107],[139.65661,35.67108],[139.65687,35.67117],[139.65704,35.67123],[139.65712,35.67126],[139.65716,35.67127],[139.65742,35.67135],[139.65839,35.67164],[139.65849,35.67167],[139.65853,35.67168],[139.65859,35.67169],[139.65934,35.67189],[139.65987,35.67202],[139.65992,35.67203],[139.66067,35.67222],[139.66082,35.67225],[139.66091,35.67227],[139.66096,35.67229],[139.66112,35.67233],[139.66134,35.67238],[139.66158,35.67246],[139.66175,35.67252],[139.66173,35.67239],[139.66173,35.67229],[139.66173,35.67219],[139.66173,35.67217],[139.66174,35.67207],[139.66176,35.67191],[139.66177,35.67189],[139.66185,35.67164],[139.66191,35.67157],[139.66194,35.67154],[139.66198,35.67148],[139.66206,35.67144],[139.6625,35.67147],[139.66305,35.67148],[139.6631,35.67148],[139.66316,35.67149],[139.6637,35.67152],[139.66379,35.67153],[139.66423,35.67156],[139.66431,35.67156],[139.66486,35.6716],[139.66604,35.67168],[139.66607,35.67168],[139.66611,35.67168],[139.66628,35.6717],[139.66686,35.67171],[139.667,35.67171],[139.66705,35.67171],[139.66708,35.67171],[139.66733,35.6717],[139.66826,35.67185],[139.66846,35.67188],[139.66861,35.67187],[139.66867,35.67187],[139.66871,35.67186],[139.66914,35.67184],[139.66992,35.67178],[139.67006,35.6718],[139.6701,35.67181],[139.67014,35.67181],[139.67026,35.67183],[139.6706,35.67194],[139.67078,35.67196],[139.67083,35.67197],[139.67087,35.67198],[139.67144,35.67206],[139.6716,35.67209],[139.67163,35.6721],[139.6718,35.67213],[139.67226,35.67222],[139.67239,35.67225],[139.6727,35.6723],[139.67256,35.67165],[139.6725,35.6714],[139.6725,35.67136],[139.67246,35.67117],[139.67242,35.67067],[139.6724,35.67046],[139.67239,35.67042],[139.67237,35.67021],[139.67235,35.66998],[139.67238,35.6699],[139.6724,35.66984],[139.67242,35.66975],[139.67247,35.66952],[139.67251,35.66937],[139.67251,35.66934],[139.67252,35.6693],[139.67258,35.66907],[139.67264,35.66868],[139.67264,35.66857],[139.67264,35.66849],[139.67264,35.66841],[139.67264,35.66834],[139.67267,35.66818],[139.67268,35.66812],[139.67276,35.66775],[139.67277,35.66773],[139.67277,35.66772],[139.6728,35.66748],[139.67282,35.6674],[139.67286,35.66731],[139.67291,35.66719],[139.67292,35.66716],[139.67293,35.66712],[139.67316,35.66657],[139.67329,35.66631],[139.67331,35.66626],[139.67332,35.66624],[139.67335,35.66619],[139.6735,35.66592],[139.67355,35.66581],[139.67362,35.66568],[139.67365,35.66562],[139.6737,35.66554],[139.67385,35.66526],[139.67398,35.66501],[139.67411,35.66476],[139.67418,35.6646],[139.67423,35.66452],[139.67429,35.66442],[139.67435,35.66434],[139.67444,35.66426],[139.67447,35.66423],[139.67453,35.66416],[139.6747,35.66402],[139.67483,35.66393],[139.67499,35.66388],[139.675,35.66388],[139.67502,35.66386],[139.67522,35.66363],[139.67542,35.66341],[139.6757,35.66319],[139.67587,35.66302],[139.67591,35.66293],[139.67596,35.66278],[139.67599,35.66245],[139.67599,35.66243],[139.67602,35.66222],[139.67613,35.66183],[139.67623,35.66149],[139.67631,35.6614],[139.67644,35.66127],[139.67653,35.66118],[139.67665,35.66105],[139.67685,35.66083],[139.677,35.66067],[139.67705,35.66062],[139.67728,35.66032],[139.67749,35.66004],[139.67767,35.65982],[139.67768,35.6598],[139.67777,35.65968],[139.67791,35.65948],[139.67805,35.65929],[139.67809,35.65925],[139.67819,35.65911],[139.67824,35.65904],[139.6785,35.65868],[139.67898,35.65815],[139.67917,35.65783],[139.67924,35.65772],[139.6794,35.65748],[139.67949,35.65733],[139.67958,35.65726],[139.67974,35.65713],[139.68013,35.65687],[139.68047,35.65668],[139.68067,35.65663],[139.68068,35.65653],[139.68069,35.65644],[139.68069,35.65643],[139.6807,35.65628],[139.68073,35.65613],[139.68078,35.656],[139.6808,35.65597],[139.68085,35.65588],[139.68094,35.65575],[139.68096,35.65572],[139.68099,35.65568],[139.68102,35.65566],[139.6812,35.65552],[139.68159,35.65521],[139.68177,35.65505],[139.68192,35.6549],[139.68205,35.65478],[139.68235,35.6545],[139.68252,35.65435],[139.68277,35.65411],[139.68278,35.6541],[139.68284,35.65404],[139.68302,35.65386],[139.68313,35.65375],[139.68316,35.65373],[139.68348,35.65331],[139.68363,35.6531],[139.6837,35.653],[139.68377,35.65288],[139.68382,35.65282],[139.68384,35.65279],[139.68392,35.65266],[139.68409,35.65248],[139.6842,35.65227],[139.68427,35.65186],[139.68426,35.65169],[139.68426,35.65162],[139.68425,35.65148],[139.68435,35.65145],[139.68451,35.6514],[139.68455,35.65138],[139.68458,35.65135],[139.6846,35.65131],[139.6846,35.65119],[139.6846,35.65087],[139.68461,35.65066],[139.68461,35.65065],[139.68462,35.65047],[139.68462,35.65042],[139.68462,35.65036],[139.68462,35.65027],[139.68461,35.65022],[139.6846,35.6502],[139.68459,35.65015],[139.68457,35.6501],[139.68453,35.65005],[139.6845,35.65002],[139.68438,35.64993],[139.68433,35.6499],[139.6843,35.64987],[139.68422,35.64981],[139.68416,35.64975],[139.68411,35.64969],[139.68407,35.64963],[139.684,35.64952],[139.68395,35.64942],[139.68393,35.64936],[139.68392,35.64931],[139.68391,35.6492],[139.68396,35.64892],[139.68398,35.64877],[139.68402,35.64833],[139.68402,35.64823],[139.68402,35.6482],[139.68402,35.64801],[139.68402,35.64785],[139.68402,35.64772],[139.68402,35.64772],[139.68407,35.64765],[139.68415,35.64756],[139.68423,35.64746],[139.68432,35.64736],[139.68441,35.64724],[139.68453,35.6469],[139.68457,35.64673],[139.68464,35.64648],[139.68467,35.64625],[139.68469,35.64611],[139.6847,35.64603],[139.68471,35.64591],[139.68471,35.64589],[139.68471,35.64582],[139.68471,35.64578],[139.68467,35.64552],[139.6846,35.64521],[139.68449,35.64483],[139.68447,35.64464],[139.68445,35.64446],[139.68444,35.64438],[139.68441,35.64415],[139.68436,35.64399],[139.6843,35.64377],[139.68455,35.64325],[139.68458,35.64316],[139.68467,35.6429],[139.6847,35.64282],[139.68477,35.64262],[139.68481,35.64249],[139.68483,35.64244],[139.68486,35.64234],[139.68491,35.6422],[139.68509,35.64189],[139.6853,35.64157],[139.68532,35.64154],[139.68534,35.64151],[139.68568,35.64109],[139.6857,35.64107],[139.68572,35.64105],[139.68587,35.64086],[139.686,35.64066],[139.68602,35.64062],[139.68605,35.64058],[139.68608,35.64054],[139.68596,35.64034],[139.68597,35.64029],[139.68598,35.64027],[139.68606,35.63998],[139.68607,35.63995],[139.6861,35.63984],[139.68611,35.63979],[139.68613,35.6397],[139.68633,35.63968],[139.68634,35.63956],[139.68635,35.63952],[139.68637,35.63937],[139.68638,35.63931],[139.68639,35.63922],[139.68637,35.63897],[139.68622,35.63844],[139.6862,35.63841],[139.68617,35.6383],[139.68609,35.63805],[139.68591,35.63771],[139.68584,35.6376],[139.68581,35.63757],[139.68579,35.63754],[139.68538,35.63696],[139.68534,35.63689],[139.68533,35.63687],[139.68531,35.63683],[139.68503,35.63635],[139.68499,35.63629],[139.68496,35.63624],[139.68487,35.63607],[139.68466,35.63579],[139.68464,35.63577],[139.68462,35.63574],[139.68451,35.63559],[139.68431,35.63523],[139.6843,35.6352],[139.68428,35.63517],[139.68427,35.63514],[139.68416,35.63493],[139.6841,35.63477],[139.68407,35.6346],[139.68414,35.63446],[139.68417,35.6344],[139.68417,35.63439],[139.6842,35.63433],[139.68424,35.63425],[139.68412,35.63405],[139.68389,35.63375],[139.68387,35.63372],[139.68384,35.63369],[139.68375,35.63356],[139.68363,35.63342],[139.68361,35.6334],[139.68359,35.63337],[139.68343,35.63317],[139.68341,35.63315],[139.68336,35.63308],[139.68329,35.63301],[139.68329,35.633],[139.68317,35.63282],[139.68311,35.63274],[139.68308,35.63269],[139.68302,35.63261],[139.683,35.63257],[139.68278,35.63225],[139.68277,35.63223],[139.68274,35.6322],[139.68274,35.63218],[139.68253,35.63188],[139.68239,35.63167],[139.68238,35.63164],[139.68236,35.63161],[139.6821,35.63124],[139.68209,35.63121],[139.68207,35.63118],[139.68203,35.63113],[139.68167,35.6304],[139.68164,35.63034],[139.68162,35.63031],[139.6816,35.63028],[139.68135,35.62984],[139.68134,35.62983],[139.68133,35.62981],[139.68132,35.62976],[139.68121,35.62949],[139.68118,35.62943],[139.68117,35.6294],[139.68101,35.62902],[139.68097,35.6289],[139.68087,35.62866],[139.68086,35.62864],[139.68085,35.6286],[139.68063,35.62808],[139.68056,35.62791],[139.68055,35.62788],[139.68021,35.62707],[139.68005,35.62672],[139.68004,35.62669],[139.67983,35.62622],[139.67978,35.62607],[139.67977,35.62604],[139.67976,35.626],[139.67976,35.626],[139.67967,35.62567],[139.67963,35.62544],[139.67961,35.62524],[139.67961,35.62518],[139.6796,35.62515],[139.67959,35.62507],[139.67946,35.62509],[139.67942,35.62509],[139.67939,35.6251],[139.6792,35.62513],[139.67854,35.62525],[139.67839,35.62528],[139.67826,35.6253],[139.67821,35.62531],[139.6781,35.62533],[139.67797,35.62535],[139.67793,35.62541],[139.67769,35.62581],[139.67764,35.62587],[139.67761,35.62591],[139.67759,35.62594],[139.6772,35.62644],[139.67713,35.62652],[139.6771,35.62655],[139.67708,35.62658],[139.67677,35.62692],[139.67672,35.62696],[139.6764,35.62725],[139.67636,35.62727],[139.67633,35.62729],[139.67624,35.62735],[139.67615,35.62741],[139.67597,35.62753],[139.67474,35.62823],[139.67468,35.62826],[139.67421,35.62853],[139.67333,35.62893],[139.67327,35.62896],[139.67325,35.62897],[139.67282,35.62917],[139.67269,35.62923],[139.67267,35.62924],[139.67263,35.62926],[139.67241,35.62936],[139.67219,35.62954],[139.67217,35.62956],[139.67212,35.6296],[139.67199,35.62971],[139.67186,35.62975],[139.67138,35.62989],[139.67134,35.62991],[139.67096,35.63002],[139.67039,35.6302],[139.67035,35.63021],[139.67032,35.63022],[139.67013,35.63028],[139.66966,35.63043],[139.66962,35.63045],[139.66959,35.63046],[139.66922,35.63057],[139.66911,35.63061],[139.66907,35.63062],[139.6682,35.6309],[139.66814,35.63092],[139.668,35.63095],[139.66752,35.63106],[139.66711,35.63115],[139.66705,35.63116],[139.66677,35.63122],[139.66674,35.63123],[139.666,35.63138],[139.66553,35.63153],[139.66547,35.63155],[139.66544,35.63156],[139.66528,35.6316],[139.66452,35.6318],[139.66449,35.63181],[139.66415,35.6319],[139.66398,35.63192],[139.66384,35.63194],[139.66357,35.63192],[139.66336,35.63191],[139.66251,35.63183],[139.66227,35.63181],[139.66185,35.63177],[139.66163,35.63173],[139.66153,35.63172],[139.66148,35.63171],[139.66153,35.63161],[139.66154,35.63158],[139.66164,35.63136],[139.66168,35.63128],[139.66177,35.63109],[139.66193,35.6308],[139.66196,35.63074],[139.66217,35.63038],[139.6622,35.63033],[139.66222,35.63029],[139.66225,35.63023],[139.66227,35.63016],[139.66227,35.63006],[139.66227,35.62986],[139.66225,35.62967],[139.66217,35.62944],[139.66216,35.62943],[139.66201,35.62898],[139.66199,35.62888],[139.66204,35.6286],[139.66213,35.62812],[139.66213,35.62812],[139.66212,35.62799],[139.66209,35.62791],[139.66198,35.62778],[139.6619,35.62768],[139.66187,35.6276],[139.66181,35.62748],[139.66218,35.62738],[139.66262,35.62727],[139.66291,35.62718],[139.66301,35.62712],[139.66305,35.6271],[139.66315,35.62704],[139.66338,35.62687],[139.66345,35.62678],[139.66349,35.6267],[139.6635,35.6266],[139.66351,35.62651],[139.66353,35.62639],[139.66354,35.6263],[139.66359,35.62569],[139.66365,35.62531],[139.66376,35.6247],[139.66377,35.62464],[139.66379,35.62451],[139.66382,35.62432],[139.66384,35.62423],[139.66386,35.62415],[139.66393,35.62395],[139.6641,35.62363],[139.66448,35.62307],[139.66512,35.62247],[139.66531,35.62228],[139.66538,35.62217],[139.66543,35.62208],[139.66551,35.62196],[139.66559,35.62181],[139.66562,35.62176],[139.66564,35.62161],[139.66566,35.62145],[139.66567,35.62131],[139.66569,35.62123],[139.66576,35.62113],[139.66589,35.62107],[139.66606,35.62103],[139.66615,35.621],[139.66619,35.62098],[139.6662,35.62094],[139.66618,35.62091],[139.66612,35.62089],[139.66602,35.62087],[139.66588,35.62079],[139.66577,35.62073],[139.66567,35.6207],[139.66589,35.62038],[139.66599,35.62013],[139.66601,35.62007],[139.66606,35.61997],[139.66609,35.61989],[139.66615,35.61975],[139.66616,35.61973],[139.66619,35.61963],[139.66623,35.61953],[139.66626,35.61945],[139.66629,35.61936],[139.66637,35.61915],[139.66646,35.61877],[139.66648,35.61863],[139.66649,35.61853],[139.66638,35.61851],[139.66634,35.6185],[139.66597,35.61845],[139.66561,35.6184],[139.66555,35.61839],[139.6655,35.61838],[139.66477,35.61827],[139.66478,35.61814],[139.66476,35.61791],[139.66474,35.61781],[139.66474,35.61781],[139.66471,35.61775],[139.66469,35.61771],[139.66465,35.61764],[139.66453,35.61743],[139.66463,35.61725],[139.66482,35.61693],[139.66483,35.61686],[139.66484,35.61683],[139.66486,35.61673],[139.66479,35.61668],[139.66475,35.61666],[139.66432,35.61638],[139.66389,35.61609],[139.66387,35.61603],[139.66386,35.61597],[139.66386,35.61594],[139.66384,35.61583],[139.66372,35.61582],[139.66368,35.61582],[139.66364,35.61581],[139.66351,35.6158],[139.66336,35.61578],[139.66328,35.61573],[139.66322,35.61566],[139.66321,35.61563],[139.66319,35.61556],[139.66318,35.61553],[139.66312,35.61529],[139.66309,35.6152],[139.66292,35.61455],[139.66285,35.61427],[139.66285,35.61425],[139.66282,35.61413],[139.66277,35.61387],[139.66275,35.61377],[139.6627,35.61353],[139.66269,35.61352],[139.66267,35.61339],[139.66262,35.61302],[139.66263,35.61294],[139.66263,35.61291],[139.66263,35.61287],[139.66264,35.6128],[139.66279,35.61266],[139.66301,35.61268],[139.66313,35.61266],[139.66315,35.61265],[139.66317,35.61263],[139.66318,35.61261],[139.66317,35.61258],[139.66314,35.61254],[139.66276,35.61225],[139.66273,35.61213],[139.66271,35.61209],[139.6627,35.61206],[139.66267,35.61197],[139.66281,35.61189],[139.66301,35.61191],[139.66314,35.61191],[139.66319,35.61188],[139.66322,35.61185],[139.66323,35.6118],[139.66323,35.61169],[139.66322,35.61162],[139.66322,35.61158],[139.66321,35.61154],[139.66317,35.61119],[139.6635,35.61098],[139.66357,35.61093],[139.66358,35.61093],[139.66359,35.61092],[139.66358,35.6109],[139.66355,35.61085],[139.66344,35.6107],[139.66324,35.61052],[139.66323,35.61049],[139.66323,35.61046],[139.66326,35.61038],[139.66333,35.61026],[139.66367,35.60993],[139.66376,35.60984],[139.66365,35.60974],[139.66362,35.60972],[139.66358,35.60969],[139.66351,35.60963],[139.66298,35.60946],[139.66293,35.60944],[139.66289,35.60942],[139.66286,35.60938],[139.66284,35.60934],[139.66285,35.60931],[139.66288,35.60927],[139.66292,35.60925],[139.66303,35.60922],[139.66326,35.60914],[139.66334,35.60912],[139.66331,35.60904],[139.6633,35.60902],[139.66329,35.60899],[139.66318,35.60874],[139.66321,35.60867],[139.66341,35.60853],[139.66351,35.60846],[139.66355,35.60844],[139.66359,35.60842],[139.6644,35.60792],[139.66446,35.60789],[139.66449,35.60786],[139.66498,35.60757],[139.6651,35.60749],[139.66536,35.60737],[139.66539,35.60735],[139.66573,35.60719],[139.66647,35.60693],[139.66652,35.60692],[139.66656,35.6069],[139.6666,35.60689],[139.66687,35.6068],[139.66705,35.60674],[139.66724,35.60667],[139.66731,35.60665],[139.66745,35.6066],[139.66749,35.60659],[139.66791,35.60654],[139.66795,35.60653],[139.66831,35.60649],[139.66831,35.60649],[139.66839,35.60649],[139.66851,35.60652],[139.66865,35.60656],[139.66967,35.60691],[139.66982,35.60696],[139.67087,35.60735],[139.67123,35.60748],[139.6719,35.60771],[139.67257,35.60795],[139.67282,35.60802],[139.67289,35.60804],[139.67299,35.60807],[139.67325,35.60815],[139.6734,35.60818],[139.67361,35.60818],[139.67379,35.60819],[139.67385,35.60819],[139.67387,35.6082],[139.67391,35.6082],[139.67438,35.60828],[139.67496,35.60834],[139.67501,35.60834],[139.6752,35.60836],[139.67556,35.60837],[139.67574,35.60836],[139.67591,35.60836],[139.6761,35.60834],[139.67644,35.60827],[139.67672,35.6082],[139.677,35.60809],[139.67714,35.60801],[139.67717,35.608],[139.67726,35.60794],[139.67739,35.60774],[139.67761,35.60747],[139.67771,35.60739],[139.67785,35.6073],[139.67841,35.60685],[139.67854,35.60676],[139.6786,35.60671],[139.67863,35.60662],[139.67863,35.60661],[139.67871,35.60641],[139.67875,35.6063],[139.67882,35.60615],[139.67888,35.60606],[139.67905,35.60589],[139.67919,35.60576],[139.67921,35.60573],[139.67925,35.60568],[139.6793,35.60558],[139.6793,35.60556],[139.6793,35.60552],[139.67936,35.60515],[139.67937,35.60511],[139.67937,35.60508],[139.67939,35.60496],[139.67941,35.60477],[139.67941,35.60474],[139.67941,35.60471],[139.67945,35.60439],[139.67945,35.60436],[139.67945,35.60433],[139.67948,35.60403],[139.67949,35.60401],[139.67949,35.60398],[139.6795,35.60395],[139.67953,35.60381],[139.6797,35.60381],[139.67972,35.60356],[139.67972,35.60353],[139.67972,35.60348],[139.67973,35.60319],[139.67974,35.60314],[139.67974,35.60314],[139.67975,35.60311],[139.67983,35.60295],[139.67994,35.60298],[139.67998,35.603],[139.68001,35.60301],[139.68009,35.60303],[139.68022,35.60303],[139.68022,35.60302],[139.68026,35.60289],[139.68034,35.60196],[139.6804,35.60132],[139.6804,35.60125],[139.68039,35.60115],[139.68037,35.60107],[139.68037,35.60104],[139.68036,35.60101],[139.68036,35.60099],[139.68028,35.60067],[139.68027,35.60063],[139.68026,35.60058],[139.68023,35.60048],[139.68022,35.60041],[139.68021,35.60036],[139.6802,35.60032],[139.6802,35.60023],[139.68019,35.60012],[139.68019,35.6001],[139.68019,35.60003],[139.68019,35.59996],[139.6802,35.59985],[139.6802,35.59983],[139.6802,35.59978],[139.68021,35.59968],[139.68021,35.59968],[139.68022,35.59965],[139.68025,35.59954],[139.68033,35.59937],[139.68034,35.59927],[139.68035,35.59913],[139.68035,35.59906],[139.68039,35.59859],[139.68039,35.59859],[139.6804,35.59849],[139.68044,35.59813],[139.68054,35.59806],[139.68057,35.59804],[139.68063,35.598],[139.68069,35.59797],[139.68079,35.59792],[139.68082,35.59786],[139.68081,35.59783],[139.68079,35.5978],[139.68069,35.5977],[139.68052,35.5976],[139.68045,35.59754],[139.6804,35.59751],[139.68034,35.59746],[139.68033,35.59738],[139.68034,35.59732],[139.68035,35.59731],[139.68036,35.59729],[139.68038,35.59724],[139.68043,35.59714],[139.68046,35.59706],[139.68049,35.597],[139.6805,35.59697],[139.68055,35.59687],[139.68058,35.5968],[139.68059,35.59676],[139.6806,35.59674],[139.68066,35.59655],[139.68068,35.59649],[139.68068,35.59614],[139.68068,35.59598],[139.68068,35.59593],[139.68067,35.5959],[139.68067,35.59567],[139.68067,35.59547],[139.68068,35.59541],[139.68069,35.59506],[139.68069,35.59502],[139.68069,35.595],[139.68069,35.59498],[139.68069,35.59496],[139.68067,35.5949],[139.68062,35.59486],[139.68045,35.59474],[139.68042,35.59472],[139.68039,35.5947],[139.67972,35.59426],[139.67952,35.59413],[139.67949,35.59411],[139.67946,35.59409],[139.67864,35.59355],[139.67859,35.59352],[139.67852,35.59347],[139.67844,35.59343],[139.67792,35.59311],[139.67791,35.5931],[139.67784,35.59306],[139.67754,35.59288],[139.67746,35.59284],[139.67743,35.59282],[139.67711,35.59262],[139.67709,35.59261],[139.67705,35.59259],[139.67682,35.59245],[139.6767,35.59238],[139.67667,35.59236],[139.67664,35.59234],[139.67602,35.59199],[139.67592,35.59194],[139.67584,35.59189],[139.67573,35.59183],[139.67565,35.59179],[139.67539,35.59215],[139.67532,35.59225],[139.67527,35.59232],[139.67522,35.59238],[139.67518,35.59244],[139.67514,35.5925],[139.67511,35.59255],[139.67509,35.59258],[139.67453,35.59342],[139.67451,35.59345],[139.6743,35.59377],[139.67393,35.59422],[139.67378,35.59441],[139.67335,35.5949],[139.6733,35.59496],[139.67325,35.59502],[139.6732,35.59507],[139.67315,35.59513],[139.67304,35.59525],[139.67287,35.59545],[139.67285,35.59547],[139.67279,35.59555],[139.67264,35.59571],[139.67258,35.59578],[139.67252,35.59585],[139.67224,35.59618],[139.67215,35.59629],[139.67212,35.59631],[139.67184,35.59664],[139.67163,35.59689],[139.6716,35.59692],[139.67158,35.59695],[139.67123,35.59735],[139.67121,35.59738],[139.67118,35.59741],[139.67116,35.59744],[139.67071,35.59796],[139.67065,35.59803],[139.67062,35.59806],[139.66999,35.59875],[139.66976,35.59901],[139.66967,35.5991],[139.66958,35.59905],[139.66953,35.599],[139.66951,35.59898],[139.66921,35.59868],[139.66879,35.59822],[139.66873,35.59819],[139.66869,35.59819],[139.66867,35.59819],[139.66858,35.59823],[139.66846,35.59832],[139.66824,35.59844],[139.66811,35.5985],[139.66809,35.59853],[139.6681,35.59867],[139.66812,35.59878],[139.66813,35.59881],[139.66815,35.59889],[139.6681,35.5989],[139.66806,35.59891],[139.66784,35.59894],[139.66757,35.59895],[139.66741,35.59896],[139.6673,35.59895],[139.66729,35.59895],[139.66714,35.59893],[139.66697,35.59893],[139.66692,35.59893],[139.66684,35.59893],[139.66688,35.59943],[139.66688,35.59946],[139.66688,35.5995],[139.66689,35.59955],[139.66658,35.59953],[139.66628,35.5995],[139.66619,35.59948],[139.66613,35.59946],[139.66613,35.59946],[139.66608,35.59944],[139.66592,35.59938],[139.66547,35.59924],[139.66518,35.59908],[139.66507,35.59897],[139.66477,35.59915],[139.66468,35.59924],[139.66463,35.59929],[139.66458,35.59934],[139.66457,35.59935],[139.66456,35.59936],[139.6645,35.59944],[139.66439,35.59967],[139.66432,35.59963],[139.66426,35.5996],[139.66423,35.59959],[139.66412,35.59954],[139.66404,35.59948],[139.66392,35.59938],[139.66349,35.59886],[139.66341,35.59876],[139.66327,35.59866],[139.66326,35.59866],[139.66319,35.59862],[139.66312,35.59858],[139.66309,35.59856],[139.663,35.59851],[139.66296,35.59849],[139.66274,35.59842],[139.66268,35.59841],[139.66263,35.59843],[139.66261,35.59844],[139.66256,35.59847],[139.66251,35.5985],[139.66242,35.59856],[139.6619,35.59889],[139.66185,35.59893],[139.66183,35.59895],[139.66181,35.59897],[139.66179,35.59899],[139.66175,35.59904],[139.66167,35.59912],[139.66154,35.59919],[139.66141,35.59924],[139.66139,35.59924],[139.66131,35.59927],[139.66124,35.59931],[139.66117,35.59938],[139.66106,35.5995],[139.66092,35.5997],[139.66085,35.59973],[139.66073,35.59976],[139.66017,35.59991],[139.6599,35.59997],[139.65975,35.59998],[139.65969,35.59998],[139.65961,35.59996],[139.65953,35.5999],[139.6595,35.59989],[139.65938,35.59978],[139.65925,35.59973],[139.65899,35.59969],[139.65894,35.59967],[139.65893,35.59963],[139.65888,35.59935],[139.65884,35.5993],[139.6588,35.59927],[139.65875,35.59924],[139.65862,35.59923],[139.65854,35.59922],[139.65836,35.59921],[139.65829,35.5992],[139.65823,35.59917],[139.6581,35.5991],[139.6579,35.59899],[139.65777,35.59897],[139.65763,35.59898],[139.65753,35.59898],[139.65745,35.59895],[139.65744,35.59894],[139.65736,35.59886],[139.65731,35.59874],[139.65726,35.59862],[139.65723,35.59859],[139.65713,35.59855],[139.65698,35.59849],[139.65688,35.59843],[139.65699,35.59834],[139.65709,35.59825],[139.65693,35.59817],[139.6569,35.59816],[139.65677,35.59808],[139.65657,35.59795],[139.65644,35.59785],[139.65642,35.59782],[139.65642,35.59779],[139.65647,35.59774],[139.65674,35.59749],[139.65664,35.59742],[139.6566,35.59739],[139.65655,35.59734],[139.65637,35.59723],[139.65634,35.59721],[139.65626,35.59716],[139.65625,35.59716],[139.65616,35.59709],[139.6561,35.59702],[139.65609,35.59701],[139.65606,35.59695],[139.65601,35.59687],[139.65577,35.59648],[139.65513,35.59677],[139.65497,35.59685],[139.65484,35.59689],[139.65414,35.59713],[139.65401,35.59721],[139.65394,35.59725],[139.65393,35.59726],[139.6539,35.59728],[139.6538,35.59733],[139.65374,35.59721],[139.65348,35.59674],[139.65297,35.59594],[139.65336,35.59573],[139.65324,35.59564],[139.65392,35.59537],[139.65427,35.59524],[139.65433,35.59522],[139.65428,35.59512],[139.65427,35.59509],[139.65419,35.59494],[139.65414,35.59486],[139.65413,35.59482],[139.65434,35.59474],[139.65462,35.59462],[139.65464,35.59466],[139.65481,35.59487],[139.65489,35.59497],[139.655,35.59492],[139.65558,35.59468],[139.65552,35.59457],[139.65533,35.59421],[139.65569,35.59401],[139.65592,35.5944],[139.65592,35.59442],[139.65598,35.59451],[139.65613,35.59445],[139.65674,35.5942],[139.65682,35.59416],[139.65731,35.59393],[139.65738,35.5939],[139.65785,35.59368],[139.65819,35.59352],[139.6581,35.59336],[139.65809,35.59331],[139.65782,35.59332],[139.65764,35.59334],[139.65716,35.5934],[139.65705,35.59342],[139.65692,35.59316],[139.65657,35.5926],[139.65651,35.59251],[139.65608,35.59176],[139.65577,35.59115],[139.65556,35.59076],[139.6555,35.59066],[139.65542,35.59055],[139.6554,35.59052],[139.65514,35.59015],[139.6545,35.59046],[139.65429,35.59057],[139.65324,35.59116],[139.65253,35.5915],[139.6517,35.5919],[139.65105,35.59223],[139.65072,35.59242],[139.65055,35.59251],[139.65043,35.59258],[139.65035,35.59266],[139.65021,35.59281],[139.65011,35.59291],[139.6498,35.59338],[139.64975,35.59345],[139.64941,35.59405],[139.64919,35.59442],[139.64911,35.59455],[139.64892,35.59488],[139.64885,35.59497],[139.64876,35.59504],[139.64835,35.59528],[139.64778,35.59555],[139.64692,35.59597],[139.64672,35.5961],[139.64635,35.59635],[139.64626,35.5964],[139.64574,35.59669],[139.64574,35.59669],[139.64427,35.59756],[139.64375,35.59786],[139.64324,35.59816],[139.64228,35.59874],[139.64197,35.59892],[139.64085,35.59957],[139.64049,35.59978],[139.6401,35.60001],[139.64009,35.60001],[139.64009,35.60001],[139.63999,35.60007],[139.63989,35.60013],[139.63976,35.60022],[139.6396,35.60036],[139.63953,35.60044],[139.63912,35.60096],[139.63893,35.60117],[139.63869,35.60142],[139.63829,35.6018],[139.63794,35.60213],[139.63767,35.60241],[139.63729,35.60282],[139.63714,35.60294],[139.637,35.60305],[139.6369,35.60309],[139.63687,35.6031],[139.63673,35.60313],[139.63663,35.60315],[139.63653,35.60317],[139.63652,35.60317],[139.6361,35.60327],[139.636,35.60329],[139.63567,35.60334],[139.63548,35.60337],[139.63531,35.60341],[139.63517,35.60346],[139.63487,35.60363],[139.63427,35.60403],[139.63422,35.60406],[139.63382,35.60435],[139.63339,35.60467],[139.63321,35.6048],[139.63195,35.60568],[139.6318,35.60579],[139.63174,35.60587],[139.63171,35.60593],[139.63171,35.60602],[139.63175,35.60612],[139.63212,35.60656],[139.63185,35.60683],[139.63136,35.60715],[139.63116,35.60724],[139.63074,35.60742],[139.63006,35.6077],[139.62961,35.60789],[139.6294,35.60797],[139.6293,35.608],[139.6286,35.60822],[139.62853,35.608],[139.62798,35.60845],[139.62797,35.60845],[139.62769,35.60869],[139.62756,35.60878],[139.62737,35.60889],[139.62723,35.60895],[139.62686,35.60904],[139.62642,35.60912],[139.62597,35.6092],[139.62584,35.60924],[139.62574,35.60928],[139.62563,35.60932],[139.62543,35.60941],[139.62519,35.60954],[139.62496,35.60971],[139.62487,35.60976],[139.62487,35.60976],[139.62479,35.60984],[139.62476,35.60988],[139.62476,35.60988],[139.62469,35.60997],[139.62464,35.61003],[139.62454,35.61016],[139.62429,35.61051],[139.62407,35.61081],[139.62405,35.61084],[139.62397,35.61095],[139.62385,35.61106],[139.62372,35.61116],[139.6234,35.61136],[139.62293,35.61155],[139.62254,35.61168],[139.62206,35.61181],[139.62181,35.61192],[139.62178,35.61193],[139.62147,35.61207],[139.62049,35.6126],[139.61936,35.61329],[139.61871,35.61369],[139.61863,35.61373],[139.6186,35.61375],[139.61852,35.61379],[139.61845,35.61381],[139.61837,35.61383],[139.61829,35.61385],[139.61822,35.61386],[139.61813,35.61387],[139.61802,35.61388],[139.61794,35.61388],[139.61782,35.61385],[139.61757,35.61381],[139.61743,35.61379],[139.61685,35.61364],[139.61646,35.61351],[139.61579,35.61333],[139.61558,35.61333],[139.61521,35.61353],[139.61481,35.61384],[139.61457,35.61398],[139.61421,35.61421],[139.61395,35.61434],[139.61387,35.61436],[139.61347,35.61446],[139.61339,35.6145],[139.61323,35.61462],[139.61311,35.61469],[139.61307,35.61474],[139.61304,35.61478],[139.61299,35.61486],[139.61297,35.61492],[139.61287,35.61514],[139.61275,35.61532],[139.6127,35.61539],[139.61243,35.61571],[139.61219,35.61585],[139.61196,35.6159],[139.61094,35.61614],[139.60967,35.61641],[139.60899,35.61648],[139.60876,35.61644],[139.60842,35.6163],[139.60816,35.61616],[139.60814,35.61615],[139.60783,35.61598],[139.60782,35.61598],[139.60746,35.61578],[139.60719,35.61564],[139.60684,35.61553],[139.60658,35.61548],[139.60648,35.61546],[139.60607,35.61544],[139.60587,35.61545],[139.60535,35.61557],[139.60516,35.61565],[139.60473,35.61582],[139.60456,35.61591],[139.60349,35.61645],[139.60345,35.61648],[139.60312,35.61667],[139.60302,35.61672],[139.60237,35.61704],[139.60217,35.61715],[139.60181,35.61736],[139.6016,35.61749],[139.60137,35.61763],[139.60068,35.61804],[139.6005,35.61813],[139.60021,35.61828],[139.60007,35.6184],[139.59983,35.61846],[139.59955,35.61849],[139.5989,35.6185],[139.59842,35.61847],[139.59716,35.61847],[139.59662,35.6185],[139.59612,35.61843],[139.59581,35.61839],[139.59559,35.61836],[139.59541,35.61825],[139.5943,35.61789],[139.59422,35.61786],[139.59413,35.61783],[139.59391,35.61777],[139.59358,35.61768],[139.5931,35.61757],[139.59278,35.61759],[139.59233,35.61764],[139.59189,35.61771],[139.59158,35.61782],[139.59091,35.61812],[139.59023,35.61843],[139.59016,35.61885],[139.59015,35.61886],[139.5901,35.61902],[139.59003,35.61923],[139.58998,35.61941],[139.58993,35.61955],[139.58989,35.61969],[139.58983,35.61997],[139.58981,35.62006],[139.5896,35.62058],[139.5895,35.62076],[139.58943,35.62087],[139.58941,35.621],[139.58939,35.62105],[139.58935,35.62117],[139.58933,35.62122],[139.58934,35.62127],[139.58936,35.62131],[139.5894,35.62136],[139.58942,35.62139],[139.58955,35.62149],[139.58961,35.62165],[139.58972,35.62194],[139.58973,35.62218],[139.58972,35.62221],[139.58971,35.62228],[139.58968,35.62241],[139.58965,35.62249],[139.58963,35.62261],[139.58961,35.6227],[139.58959,35.6228],[139.58957,35.62291],[139.58957,35.62296],[139.58955,35.62305],[139.58953,35.62316],[139.5895,35.62329],[139.58949,35.62336],[139.5895,35.62346],[139.58953,35.62358],[139.58957,35.62381],[139.58967,35.62399],[139.58977,35.62418],[139.58994,35.62446],[139.58995,35.62447],[139.59003,35.62451],[139.59008,35.62453],[139.59021,35.62453],[139.59024,35.62451],[139.5903,35.62446],[139.59039,35.62438],[139.59047,35.62431],[139.5907,35.62415],[139.59087,35.62405],[139.59099,35.62399],[139.59128,35.6238],[139.59139,35.62373],[139.59202,35.62363],[139.59206,35.62368],[139.59209,35.62375],[139.59215,35.62387],[139.59223,35.62385],[139.59232,35.62383],[139.59236,35.62382],[139.5924,35.62382],[139.59244,35.62381],[139.59249,35.6238],[139.59249,35.62382],[139.59249,35.62384],[139.59247,35.62387],[139.59243,35.62391],[139.59239,35.62396],[139.59236,35.624],[139.59232,35.62414],[139.59229,35.62423],[139.59229,35.62423],[139.5923,35.62427],[139.59232,35.62435],[139.59236,35.62441],[139.59245,35.62456],[139.59257,35.62485],[139.59275,35.62508],[139.5928,35.62515],[139.59302,35.62556],[139.59314,35.62578],[139.59321,35.62591],[139.59335,35.62612],[139.59336,35.62624],[139.59348,35.62645],[139.59355,35.62656],[139.59363,35.62662],[139.59379,35.62661],[139.59382,35.62661],[139.59394,35.6266],[139.59411,35.62674],[139.59411,35.62683],[139.59406,35.62693],[139.59401,35.62705],[139.59391,35.62717],[139.59369,35.62732],[139.59365,35.62734],[139.59356,35.62738],[139.59335,35.6274],[139.59324,35.62742],[139.59302,35.62744],[139.59292,35.62736],[139.59283,35.62735],[139.59274,35.62733],[139.59268,35.62734],[139.59263,35.62736],[139.59243,35.62746],[139.5924,35.62749],[139.59238,35.62752],[139.5924,35.62762],[139.59242,35.62771],[139.59244,35.62781],[139.59245,35.62783],[139.59248,35.62793],[139.59249,35.62797],[139.59251,35.62806],[139.59252,35.62808],[139.59252,35.62809],[139.59255,35.62819],[139.59257,35.62824],[139.59255,35.62843],[139.59248,35.62854],[139.59235,35.6287],[139.59238,35.62881],[139.5924,35.62886],[139.59248,35.62896],[139.59265,35.6291],[139.59276,35.62923],[139.59279,35.62926],[139.59293,35.6294],[139.59295,35.62943],[139.59286,35.62949],[139.59278,35.62954],[139.59264,35.62964],[139.59259,35.62977],[139.59248,35.63018],[139.59241,35.6303],[139.59234,35.63045],[139.59222,35.63051],[139.59196,35.63064],[139.59146,35.63092],[139.59127,35.63105],[139.59126,35.63126],[139.59138,35.63155],[139.59145,35.6317],[139.59151,35.63181],[139.59154,35.63197],[139.59156,35.63202],[139.59145,35.63208],[139.5914,35.63209],[139.59138,35.63212],[139.59137,35.6322],[139.5914,35.63264],[139.5913,35.63279],[139.59135,35.63292],[139.5914,35.63306],[139.59126,35.63307],[139.5912,35.63305],[139.5911,35.63302],[139.591,35.63299],[139.59092,35.63334],[139.59092,35.63334],[139.59079,35.63347],[139.59061,35.63365],[139.59052,35.63375],[139.59043,35.63385],[139.59036,35.63395],[139.59026,35.63403],[139.59014,35.63412],[139.58999,35.63424],[139.58975,35.63442],[139.58963,35.63446],[139.58953,35.6345],[139.58948,35.63451],[139.58934,35.63456],[139.5893,35.63456],[139.58919,35.63458],[139.58897,35.63461],[139.58883,35.63463],[139.58877,35.63464],[139.5887,35.63467],[139.58858,35.63473],[139.5885,35.63477],[139.58836,35.63483],[139.58829,35.63487],[139.58825,35.63487],[139.5881,35.63489],[139.588,35.63491],[139.58799,35.63491],[139.58784,35.63495],[139.58783,35.63496],[139.58779,35.63497],[139.58775,35.635],[139.58771,35.63502],[139.58766,35.63507],[139.58764,35.63518],[139.58764,35.6352],[139.58762,35.63529],[139.58759,35.63538],[139.58734,35.63568],[139.5872,35.63581],[139.58688,35.6362],[139.58685,35.63624],[139.58678,35.63633],[139.58667,35.63647],[139.5864,35.63681],[139.58623,35.63703],[139.58618,35.6371],[139.58609,35.63725],[139.5859,35.63757],[139.58578,35.63778],[139.58571,35.63792],[139.58563,35.63808],[139.58561,35.63812],[139.58559,35.63816],[139.58547,35.63855],[139.58547,35.63863],[139.58536,35.63888],[139.58531,35.63899],[139.58515,35.63959],[139.58503,35.63995],[139.58495,35.64014],[139.58489,35.64027],[139.58455,35.64086],[139.5845,35.64094],[139.58446,35.64102],[139.58444,35.64108],[139.58443,35.64114],[139.58444,35.64117],[139.58447,35.6412],[139.58453,35.64124],[139.58459,35.64128],[139.58464,35.64132],[139.58471,35.64134],[139.58474,35.64136],[139.5847,35.64146],[139.58465,35.64174],[139.58502,35.64186],[139.58515,35.6419],[139.58517,35.64191],[139.58529,35.64195],[139.58552,35.64204],[139.58557,35.64206],[139.58563,35.64209],[139.58584,35.64216],[139.58589,35.64223],[139.58589,35.64227],[139.58587,35.64262],[139.58587,35.64265],[139.58601,35.64265],[139.58637,35.64265],[139.58658,35.64265],[139.58664,35.64268],[139.58677,35.64308],[139.58678,35.64311],[139.58679,35.64316],[139.58688,35.64314],[139.58689,35.64314],[139.58704,35.64314],[139.58706,35.64319],[139.5871,35.64333],[139.58712,35.64342],[139.58707,35.64362],[139.58704,35.6439],[139.58706,35.64417],[139.58708,35.64422],[139.58717,35.64435],[139.58718,35.64436],[139.58718,35.64436],[139.58726,35.64445],[139.58734,35.64453],[139.58734,35.64454],[139.58738,35.64457],[139.58738,35.64463],[139.58722,35.64488],[139.58703,35.64516],[139.58709,35.64537],[139.58718,35.6454],[139.5873,35.64541],[139.58742,35.64547],[139.58765,35.64557],[139.58787,35.6457],[139.58787,35.64572],[139.58786,35.64574],[139.58773,35.64585],[139.58766,35.64596],[139.58763,35.64605],[139.58764,35.64617],[139.5878,35.6461],[139.58786,35.64608],[139.58815,35.64596],[139.58835,35.64588],[139.58846,35.64583],[139.58854,35.6458],[139.58859,35.64578],[139.58887,35.64562],[139.58914,35.64543],[139.58919,35.6454],[139.58934,35.64529],[139.58945,35.64522],[139.58956,35.64514],[139.58978,35.64516],[139.59021,35.64526],[139.59063,35.64539],[139.59068,35.64541],[139.59078,35.64545],[139.59086,35.64548],[139.59139,35.64569],[139.59168,35.64577],[139.59183,35.64579],[139.59199,35.64582],[139.59206,35.64591],[139.59206,35.6461],[139.59206,35.64634],[139.59204,35.64677],[139.59205,35.64692],[139.59206,35.64734],[139.59206,35.64738],[139.59206,35.64757],[139.59206,35.64774],[139.59207,35.64811],[139.59202,35.64836],[139.592,35.6486],[139.592,35.64918],[139.59202,35.64951],[139.59203,35.64972],[139.59205,35.65052],[139.59208,35.65081],[139.59204,35.65098],[139.59199,35.65109],[139.59196,35.65136],[139.59215,35.65139],[139.59223,35.65141],[139.59253,35.65146],[139.59263,35.65147],[139.59275,35.65148],[139.593,35.6515],[139.59304,35.65151],[139.59308,35.65152],[139.59309,35.6516],[139.59309,35.65178],[139.59308,35.65185],[139.59307,35.65193],[139.59306,35.65197],[139.59305,35.65204],[139.59305,35.65209],[139.59298,35.65256],[139.59294,35.6529],[139.59292,35.65303],[139.59284,35.65362],[139.59285,35.65392],[139.59285,35.65404],[139.59286,35.65418],[139.59277,35.65445],[139.59247,35.65513],[139.59237,35.65534],[139.59233,35.65543],[139.59232,35.65544],[139.59225,35.65548],[139.59175,35.6554],[139.59161,35.65538],[139.59157,35.65538],[139.59143,35.65536],[139.59107,35.65532],[139.59106,35.65532],[139.59103,35.65532],[139.59098,35.65532],[139.59092,35.65536],[139.59083,35.65546],[139.59049,35.65605],[139.59021,35.65662],[139.59013,35.65677],[139.58993,35.65711],[139.58989,35.65725],[139.58984,35.65759],[139.58975,35.65815],[139.5897,35.65844],[139.58966,35.65866],[139.58966,35.65868],[139.58967,35.65896],[139.58967,35.65901],[139.58968,35.65914],[139.58969,35.65927],[139.58974,35.65946],[139.58978,35.65991],[139.5898,35.66002],[139.5898,35.66012],[139.58979,35.66023],[139.58978,35.66031],[139.58975,35.66081],[139.58974,35.66084],[139.58975,35.66093],[139.58979,35.66098],[139.59002,35.66115],[139.59002,35.66118],[139.58996,35.66123],[139.5897,35.6614],[139.58914,35.66173],[139.58903,35.66178],[139.58894,35.66182],[139.58903,35.66188],[139.58909,35.66191],[139.58921,35.66203],[139.58921,35.66206],[139.58912,35.66209],[139.58903,35.6621],[139.58904,35.66227],[139.58904,35.66237],[139.58899,35.66242],[139.58897,35.66245],[139.58861,35.66254],[139.58859,35.66255],[139.58832,35.66259],[139.58798,35.66265],[139.58782,35.66262],[139.5876,35.66258],[139.58743,35.66255],[139.58734,35.66259],[139.5873,35.66271],[139.5872,35.66295],[139.58714,35.66306],[139.58691,35.66348],[139.58677,35.66369],[139.5867,35.66373],[139.58656,35.66396],[139.58696,35.66423],[139.58708,35.66424],[139.58721,35.66426],[139.58723,35.66427],[139.58752,35.66433],[139.58771,35.66437],[139.58779,35.66446],[139.58785,35.66452],[139.58788,35.66455],[139.58789,35.66457],[139.58802,35.66483],[139.58815,35.665],[139.58825,35.66505],[139.58836,35.6651],[139.58848,35.66516],[139.58848,35.66517],[139.58854,35.66519],[139.58883,35.66537],[139.589,35.66547],[139.58929,35.66565],[139.58946,35.66577],[139.58962,35.66578],[139.58971,35.66578],[139.59012,35.66579],[139.59003,35.66628],[139.59001,35.66639],[139.58999,35.66649],[139.58996,35.66663],[139.5896,35.66743],[139.58959,35.66746],[139.58957,35.66749],[139.58952,35.66762],[139.58951,35.66763],[139.58937,35.66788],[139.58913,35.66831],[139.58913,35.66835],[139.58914,35.66843],[139.58914,35.66853],[139.58916,35.66869],[139.58916,35.66878],[139.58917,35.66888],[139.58907,35.66914],[139.58891,35.66935],[139.58889,35.66941],[139.58889,35.66941],[139.58888,35.66954],[139.58888,35.66955],[139.58886,35.66966],[139.58882,35.66974],[139.58876,35.66981],[139.58873,35.66984],[139.58867,35.6699],[139.58866,35.66995],[139.5886,35.67027],[139.5885,35.67051],[139.58765,35.67085],[139.58753,35.6709],[139.58748,35.67092],[139.58729,35.671],[139.58698,35.67113],[139.58686,35.67118],[139.58642,35.67136],[139.58591,35.67157],[139.58576,35.67163],[139.58554,35.67173],[139.58536,35.6718],[139.58508,35.67192],[139.58487,35.672],[139.58478,35.67205],[139.58469,35.67209],[139.58454,35.67216],[139.58445,35.67233],[139.58442,35.67239],[139.58426,35.67271],[139.58313,35.6732],[139.58303,35.67324],[139.58288,35.67331],[139.58249,35.67339],[139.58267,35.67378],[139.58269,35.67379],[139.58271,35.67381],[139.58275,35.67384],[139.58281,35.67389],[139.58284,35.6739],[139.58297,35.67395],[139.58308,35.67398],[139.58315,35.67399],[139.58328,35.67401],[139.58335,35.67402],[139.58345,35.67404],[139.58381,35.67406],[139.58392,35.67405],[139.58428,35.6739],[139.58444,35.67387],[139.58471,35.67391],[139.5849,35.67394],[139.58533,35.67397],[139.58618,35.67397],[139.58639,35.67397],[139.58663,35.67398],[139.5873,35.67376],[139.58734,35.67387],[139.5874,35.67402],[139.58724,35.67439],[139.58723,35.67441],[139.58717,35.67457],[139.58675,35.67456],[139.58672,35.67459],[139.58672,35.6746],[139.58671,35.67467],[139.5867,35.6747],[139.58668,35.67492],[139.58667,35.67508],[139.58668,35.67526],[139.58668,35.67536],[139.58668,35.67536],[139.58668,35.6754],[139.58671,35.67554],[139.58675,35.67567],[139.58677,35.67581],[139.58677,35.67593],[139.58672,35.67606],[139.58663,35.6762],[139.58659,35.67627],[139.58654,35.67641],[139.58653,35.67658],[139.5865,35.67694],[139.58657,35.67729],[139.58663,35.6776],[139.58678,35.67781],[139.58692,35.67789],[139.58714,35.67795],[139.58755,35.67817],[139.58767,35.67829],[139.58779,35.67841],[139.58793,35.67855],[139.58834,35.67893],[139.58833,35.67902],[139.58833,35.6792],[139.58833,35.67929],[139.58833,35.67936],[139.58828,35.67964],[139.58813,35.68005],[139.58806,35.68008],[139.58784,35.68019],[139.58773,35.68024],[139.58767,35.68027],[139.58758,35.68032],[139.58751,35.68035],[139.58734,35.68043],[139.5873,35.68045],[139.58722,35.68049],[139.58709,35.68056],[139.58713,35.68078],[139.58714,35.68084],[139.58715,35.68104],[139.58696,35.68112],[139.58677,35.68116],[139.58662,35.68119],[139.58615,35.68132],[139.58569,35.68152],[139.58543,35.68179],[139.58532,35.68205],[139.58548,35.68205],[139.58571,35.68201],[139.58585,35.682],[139.586,35.68198],[139.58626,35.68195],[139.58642,35.68193],[139.58669,35.6819],[139.58677,35.68189],[139.58693,35.68187],[139.58716,35.68183],[139.5873,35.68181],[139.58731,35.68181],[139.58755,35.68178],[139.58773,35.68175],[139.58802,35.68173],[139.58803,35.68173],[139.58847,35.68171],[139.58931,35.68167],[139.58954,35.68167],[139.58974,35.68166],[139.5902,35.68165],[139.59027,35.68165],[139.59063,35.68164],[139.59072,35.68164],[139.59117,35.68162],[139.59124,35.68162],[139.59135,35.68163],[139.59162,35.68164],[139.5918,35.68168],[139.59178,35.68194],[139.59173,35.68196],[139.59163,35.68202],[139.59158,35.68205],[139.59112,35.68209],[139.59105,35.6821],[139.59068,35.68213],[139.5905,35.68215],[139.5902,35.68218],[139.59006,35.6822],[139.5896,35.68224],[139.58953,35.68225],[139.58942,35.68228],[139.5893,35.68226],[139.58914,35.68224],[139.58854,35.68227],[139.58836,35.68231],[139.58752,35.68235],[139.58732,35.68239],[139.58726,35.6824],[139.58699,35.68246],[139.5869,35.68246],[139.58676,35.68245],[139.58658,35.68245],[139.58624,35.68247],[139.58596,35.68253],[139.5855,35.68262],[139.58559,35.68268],[139.58586,35.68273],[139.58605,35.68276],[139.58621,35.68278],[139.58637,35.68282],[139.58667,35.6828],[139.58667,35.6828],[139.58723,35.68272],[139.58727,35.68272],[139.58754,35.68268],[139.58765,35.68266],[139.58793,35.68262],[139.58839,35.68256],[139.58855,35.68254],[139.58865,35.68253],[139.58884,35.6825],[139.58924,35.68245],[139.58939,35.68243],[139.58986,35.68235],[139.59112,35.68219],[139.59158,35.68211],[139.59166,35.68211],[139.5917,35.68211],[139.5919,35.6821],[139.59207,35.68209],[139.59224,35.68206],[139.59234,35.68203],[139.59238,35.68202],[139.59275,35.68191],[139.59301,35.68181],[139.5933,35.68174],[139.59334,35.68176],[139.59367,35.68195],[139.59378,35.682],[139.59405,35.68211],[139.59418,35.68214]]]}},{"type":"Feature","properties":{"ja":"墨田区"},"geometry":{"type":"Polygon","coordinates":[[[139.82036,35.74343],[139.82053,35.74314],[139.82053,35.74314],[139.82053,35.74313],[139.82106,35.7422],[139.82271,35.73951],[139.82382,35.73771],[139.82467,35.73666],[139.82481,35.73648],[139.82504,35.73624],[139.82568,35.73555],[139.82648,35.73469],[139.82842,35.7326],[139.82908,35.7319],[139.82946,35.7315],[139.82962,35.73133],[139.82976,35.73118],[139.83113,35.72986],[139.83144,35.72955],[139.83249,35.72849],[139.83252,35.72846],[139.8329,35.72807],[139.83464,35.72633],[139.83711,35.72395],[139.83968,35.72158],[139.83983,35.72144],[139.84215,35.71931],[139.84092,35.71835],[139.84024,35.71783],[139.84003,35.7177],[139.83981,35.71757],[139.83904,35.71711],[139.83859,35.71744],[139.83836,35.71753],[139.83793,35.71768],[139.83752,35.71778],[139.83677,35.71796],[139.8361,35.71797],[139.83549,35.71787],[139.835,35.71766],[139.83477,35.71757],[139.83415,35.71716],[139.83375,35.71677],[139.83334,35.71617],[139.83316,35.71576],[139.83311,35.71547],[139.83316,35.7151],[139.83321,35.71496],[139.83332,35.71464],[139.83363,35.71402],[139.83416,35.71344],[139.83468,35.71301],[139.83517,35.71267],[139.83536,35.71254],[139.83597,35.7122],[139.83819,35.71148],[139.83881,35.7112],[139.83931,35.71087],[139.83954,35.71058],[139.8396,35.71035],[139.83957,35.71005],[139.83949,35.70982],[139.83924,35.70948],[139.83888,35.70915],[139.83786,35.70849],[139.83763,35.70834],[139.83742,35.7082],[139.83661,35.70753],[139.83598,35.70699],[139.83564,35.70669],[139.83489,35.70583],[139.83455,35.70529],[139.8344,35.70496],[139.83438,35.70473],[139.83448,35.70435],[139.8348,35.70368],[139.83504,35.70331],[139.8354,35.70302],[139.83466,35.70289],[139.83374,35.7029],[139.83311,35.7029],[139.83193,35.70291],[139.83183,35.70291],[139.83092,35.70295],[139.83068,35.70301],[139.82935,35.70377],[139.82886,35.70403],[139.82791,35.70438],[139.82681,35.70478],[139.82585,35.70518],[139.82525,35.70544],[139.82377,35.70602],[139.8231,35.70629],[139.82191,35.70674],[139.82035,35.70734],[139.81869,35.70801],[139.8187,35.70774],[139.81873,35.70714],[139.81875,35.70684],[139.81877,35.70634],[139.81889,35.70463],[139.81896,35.70371],[139.81908,35.70192],[139.81909,35.70176],[139.81912,35.70141],[139.81928,35.69938],[139.81935,35.69815],[139.81942,35.69697],[139.81945,35.69647],[139.81947,35.69624],[139.81962,35.69405],[139.81963,35.69384],[139.81967,35.69331],[139.81969,35.69303],[139.81954,35.69303],[139.81951,35.69302],[139.81945,35.69302],[139.81535,35.69279],[139.81534,35.69279],[139.81524,35.69278],[139.81515,35.69277],[139.8151,35.69277],[139.81338,35.69267],[139.81339,35.69261],[139.81339,35.69256],[139.8134,35.69252],[139.81343,35.69215],[139.81343,35.69212],[139.81343,35.69209],[139.81344,35.69199],[139.81334,35.69199],[139.8133,35.69199],[139.81324,35.69198],[139.81238,35.69195],[139.81231,35.69194],[139.81226,35.69194],[139.81206,35.69193],[139.81147,35.69191],[139.81148,35.69181],[139.81154,35.69127],[139.81155,35.69118],[139.81157,35.69104],[139.81158,35.69101],[139.81158,35.69096],[139.81166,35.69031],[139.81167,35.69026],[139.81167,35.69022],[139.81169,35.69004],[139.81171,35.68992],[139.81172,35.68985],[139.81173,35.68972],[139.81175,35.68958],[139.81175,35.68953],[139.81176,35.68948],[139.81184,35.68886],[139.81185,35.68877],[139.81186,35.68866],[139.81187,35.68856],[139.81179,35.68855],[139.81173,35.68855],[139.81169,35.68855],[139.81082,35.68851],[139.81074,35.68851],[139.81067,35.6885],[139.80994,35.68847],[139.80986,35.68847],[139.80982,35.68846],[139.80963,35.68845],[139.80957,35.68845],[139.80953,35.68845],[139.80937,35.68844],[139.80946,35.68699],[139.8093,35.68699],[139.80926,35.68698],[139.80922,35.68698],[139.8091,35.68697],[139.80904,35.68697],[139.80898,35.68697],[139.80861,35.68695],[139.80856,35.68695],[139.80849,35.68695],[139.80742,35.68689],[139.80737,35.68689],[139.80733,35.68689],[139.80667,35.68686],[139.80629,35.68684],[139.80618,35.68683],[139.80605,35.68683],[139.80556,35.6868],[139.805,35.68678],[139.80495,35.68725],[139.80494,35.68729],[139.80494,35.68733],[139.80489,35.68772],[139.80489,35.68775],[139.80489,35.68779],[139.80484,35.6882],[139.80483,35.68832],[139.80481,35.68845],[139.80481,35.6885],[139.80474,35.6885],[139.8047,35.6885],[139.80464,35.68849],[139.80414,35.68847],[139.8035,35.68844],[139.80338,35.68843],[139.80331,35.68843],[139.80214,35.68838],[139.80208,35.68838],[139.80203,35.68837],[139.8008,35.68832],[139.80073,35.68831],[139.80067,35.68831],[139.80048,35.6883],[139.80013,35.68888],[139.79984,35.68936],[139.79943,35.68957],[139.79935,35.68962],[139.79917,35.68972],[139.79856,35.68943],[139.79809,35.6892],[139.79795,35.68913],[139.79706,35.6887],[139.79702,35.68868],[139.79698,35.68866],[139.79673,35.68854],[139.79639,35.68975],[139.79621,35.68973],[139.79616,35.68973],[139.79614,35.68973],[139.79515,35.68963],[139.79513,35.68972],[139.79512,35.68976],[139.79512,35.68978],[139.79505,35.69017],[139.79499,35.69017],[139.79492,35.69016],[139.79488,35.69015],[139.79356,35.69001],[139.79355,35.69007],[139.79355,35.69014],[139.7935,35.69056],[139.79349,35.69064],[139.79349,35.6907],[139.79348,35.69074],[139.79348,35.69082],[139.79344,35.69081],[139.79339,35.69081],[139.79333,35.69081],[139.79249,35.69077],[139.79248,35.69071],[139.79247,35.69065],[139.79246,35.69059],[139.79244,35.69048],[139.79242,35.6904],[139.79198,35.69016],[139.79192,35.69013],[139.79189,35.69011],[139.79161,35.68996],[139.79158,35.68994],[139.79152,35.68991],[139.79124,35.68975],[139.79118,35.68972],[139.79112,35.68969],[139.7904,35.68929],[139.78964,35.69019],[139.78937,35.69065],[139.78928,35.6908],[139.78915,35.69103],[139.78891,35.69165],[139.78872,35.69245],[139.78864,35.69339],[139.78872,35.69403],[139.78879,35.6943],[139.78891,35.6947],[139.78915,35.6953],[139.7895,35.69603],[139.7898,35.69647],[139.7898,35.69648],[139.78982,35.69652],[139.78995,35.69671],[139.78999,35.69675],[139.79129,35.69817],[139.79201,35.69901],[139.79255,35.69976],[139.79287,35.70026],[139.79331,35.70096],[139.79348,35.70122],[139.79411,35.70271],[139.79477,35.70402],[139.79483,35.70414],[139.795,35.7044],[139.79501,35.70441],[139.79516,35.70466],[139.7952,35.70472],[139.79525,35.70479],[139.79534,35.70493],[139.79701,35.70777],[139.79741,35.70825],[139.79794,35.70889],[139.7987,35.70976],[139.79877,35.70983],[139.79898,35.71007],[139.79942,35.71056],[139.80067,35.71179],[139.801,35.71203],[139.80118,35.71216],[139.80143,35.71235],[139.80233,35.71316],[139.80269,35.7135],[139.80336,35.71415],[139.80437,35.71513],[139.80589,35.71661],[139.80664,35.71743],[139.80676,35.71756],[139.80735,35.71839],[139.80777,35.71912],[139.80786,35.7193],[139.80843,35.72037],[139.80857,35.72085],[139.80908,35.72297],[139.80934,35.72434],[139.80953,35.72563],[139.80965,35.72683],[139.80971,35.72794],[139.80971,35.72814],[139.80982,35.72894],[139.81003,35.72986],[139.81034,35.73073],[139.81058,35.7314],[139.81092,35.73216],[139.81139,35.73298],[139.81219,35.73396],[139.81367,35.73563],[139.81392,35.73593],[139.81414,35.73621],[139.8144,35.73668],[139.81459,35.73722],[139.81465,35.7376],[139.81466,35.73786],[139.81449,35.73881],[139.81524,35.7396],[139.81556,35.74008],[139.81587,35.74054],[139.81602,35.74076],[139.81658,35.74147],[139.81669,35.74156],[139.81725,35.74209],[139.8178,35.74243],[139.81794,35.74252],[139.81811,35.74262],[139.81812,35.74262],[139.81831,35.74269],[139.81842,35.74273],[139.81844,35.74274],[139.82036,35.74343]]]}},{"type":"Feature","properties":{"ja":"中野区"},"geometry":{"type":"Polygon","coordinates":[[[139.67734,35.72937],[139.67701,35.72952],[139.67701,35.72946],[139.677,35.72937],[139.67699,35.72928],[139.67698,35.72919],[139.67698,35.7291],[139.67697,35.72901],[139.67696,35.72885],[139.67695,35.7288],[139.67694,35.72876],[139.67691,35.72845],[139.67689,35.72839],[139.67687,35.72834],[139.67685,35.7283],[139.67683,35.72823],[139.67656,35.72746],[139.67648,35.72728],[139.67645,35.72721],[139.67643,35.72717],[139.67637,35.72705],[139.6762,35.72673],[139.67599,35.72646],[139.67592,35.72631],[139.6759,35.72627],[139.67587,35.72622],[139.6758,35.72607],[139.67569,35.72584],[139.67562,35.72562],[139.67559,35.72552],[139.67556,35.72543],[139.67555,35.72539],[139.6755,35.72528],[139.67547,35.72521],[139.67545,35.72516],[139.6754,35.72504],[139.67536,35.72488],[139.67536,35.72476],[139.67536,35.72471],[139.67536,35.72453],[139.67523,35.72404],[139.67518,35.72371],[139.67526,35.72354],[139.67533,35.72336],[139.67554,35.72291],[139.6757,35.72236],[139.67576,35.72195],[139.67572,35.72173],[139.67572,35.72169],[139.67568,35.7215],[139.67556,35.72144],[139.67463,35.7215],[139.67462,35.72147],[139.67462,35.72146],[139.67459,35.72135],[139.67457,35.72126],[139.67457,35.72125],[139.67446,35.72072],[139.67442,35.72057],[139.67437,35.72033],[139.67436,35.72027],[139.67434,35.72021],[139.67434,35.72019],[139.67434,35.72019],[139.67367,35.72026],[139.67351,35.71964],[139.6735,35.71957],[139.67349,35.71955],[139.67361,35.71941],[139.67372,35.71928],[139.67343,35.71895],[139.67346,35.71886],[139.67347,35.71881],[139.67348,35.71877],[139.67351,35.71866],[139.67358,35.71862],[139.67523,35.71915],[139.67523,35.71915],[139.67528,35.71918],[139.67541,35.71925],[139.67543,35.71948],[139.67543,35.71955],[139.67544,35.71982],[139.67571,35.71971],[139.67574,35.71948],[139.67627,35.71934],[139.67635,35.71952],[139.67636,35.71954],[139.67638,35.71959],[139.67641,35.71966],[139.67678,35.71954],[139.67702,35.71943],[139.67721,35.71929],[139.67757,35.71896],[139.67806,35.71849],[139.67814,35.71841],[139.67829,35.71825],[139.6783,35.71825],[139.6784,35.71825],[139.67841,35.71825],[139.67847,35.71825],[139.67894,35.71827],[139.67898,35.71827],[139.6791,35.71828],[139.67913,35.71767],[139.67923,35.7172],[139.67927,35.71715],[139.67929,35.71711],[139.67947,35.71683],[139.67969,35.71637],[139.67961,35.71607],[139.6796,35.71603],[139.67959,35.716],[139.67959,35.71599],[139.67954,35.71565],[139.67944,35.71567],[139.67941,35.71568],[139.67936,35.71569],[139.67928,35.71571],[139.67921,35.71558],[139.67915,35.71541],[139.67909,35.71524],[139.67911,35.71512],[139.67913,35.71503],[139.67917,35.71493],[139.67923,35.71479],[139.67926,35.7147],[139.67941,35.71451],[139.67959,35.71434],[139.67987,35.71419],[139.67991,35.71422],[139.67993,35.71423],[139.68029,35.71449],[139.6807,35.71449],[139.6807,35.71443],[139.6807,35.71409],[139.6807,35.71406],[139.68084,35.71404],[139.68085,35.71404],[139.68099,35.71401],[139.68129,35.71401],[139.68145,35.71401],[139.68145,35.71396],[139.68146,35.71395],[139.68146,35.71389],[139.6815,35.71363],[139.68117,35.71359],[139.68117,35.71349],[139.68117,35.71346],[139.68117,35.71343],[139.68117,35.71329],[139.68164,35.71325],[139.68185,35.71316],[139.68184,35.71312],[139.68184,35.71309],[139.68184,35.71306],[139.68179,35.71267],[139.68162,35.71221],[139.68126,35.71182],[139.68121,35.71176],[139.68075,35.71148],[139.68044,35.71132],[139.68034,35.71126],[139.68039,35.71121],[139.6805,35.71116],[139.6805,35.71116],[139.68064,35.71113],[139.68068,35.71112],[139.68078,35.7111],[139.68083,35.71109],[139.68092,35.71108],[139.68099,35.71106],[139.68121,35.71102],[139.68133,35.711],[139.68145,35.71097],[139.68147,35.71097],[139.68171,35.71087],[139.68191,35.71078],[139.68194,35.71076],[139.68197,35.71075],[139.68212,35.71068],[139.68258,35.71031],[139.68263,35.71026],[139.68265,35.71025],[139.68268,35.71022],[139.68278,35.71012],[139.68307,35.7102],[139.68405,35.7104],[139.68411,35.71041],[139.68416,35.71042],[139.68448,35.71049],[139.68457,35.71051],[139.68473,35.71055],[139.68473,35.71055],[139.68487,35.71059],[139.68532,35.7107],[139.68533,35.7107],[139.68536,35.71071],[139.68541,35.71072],[139.68559,35.71077],[139.68604,35.71087],[139.68608,35.71088],[139.6861,35.71088],[139.68672,35.71103],[139.68677,35.71104],[139.68681,35.71105],[139.68705,35.71111],[139.68746,35.7112],[139.68751,35.71121],[139.68786,35.71129],[139.68798,35.71131],[139.68857,35.71139],[139.68861,35.71139],[139.68865,35.7114],[139.68896,35.71144],[139.68969,35.71148],[139.68973,35.71148],[139.68977,35.71148],[139.6898,35.71148],[139.69007,35.71148],[139.69007,35.71135],[139.69006,35.71128],[139.69006,35.71126],[139.69006,35.71116],[139.69004,35.71083],[139.69011,35.71081],[139.69016,35.71079],[139.69064,35.71067],[139.69104,35.71052],[139.69129,35.71054],[139.69134,35.71069],[139.69142,35.71096],[139.69145,35.71107],[139.69145,35.71107],[139.69148,35.71116],[139.69153,35.71133],[139.69178,35.71122],[139.69183,35.7112],[139.69247,35.71092],[139.69262,35.71086],[139.69264,35.71092],[139.69272,35.71116],[139.69404,35.71106],[139.69421,35.71105],[139.69423,35.71105],[139.69431,35.71104],[139.69433,35.71104],[139.6943,35.71091],[139.69414,35.71065],[139.69398,35.71043],[139.69375,35.71019],[139.69346,35.70994],[139.69329,35.7098],[139.69321,35.70972],[139.69307,35.70963],[139.69243,35.70943],[139.69212,35.70936],[139.69203,35.70932],[139.69147,35.7089],[139.69115,35.70867],[139.69077,35.70847],[139.69054,35.70835],[139.69042,35.70827],[139.69012,35.70812],[139.68962,35.70787],[139.6891,35.70762],[139.68898,35.70755],[139.68888,35.7075],[139.68878,35.70741],[139.68869,35.70734],[139.68859,35.70724],[139.68847,35.70708],[139.68837,35.70692],[139.6883,35.70677],[139.68824,35.70662],[139.68822,35.70656],[139.68816,35.70642],[139.68808,35.70614],[139.68797,35.7057],[139.68793,35.70556],[139.68793,35.70552],[139.68792,35.70538],[139.68775,35.70504],[139.68762,35.70462],[139.68759,35.7045],[139.68756,35.70437],[139.6875,35.70401],[139.68746,35.70316],[139.68742,35.7026],[139.68739,35.70222],[139.68742,35.70191],[139.68745,35.70178],[139.68753,35.70161],[139.68764,35.70138],[139.68789,35.70097],[139.68826,35.70031],[139.68839,35.69991],[139.68841,35.69971],[139.68841,35.69958],[139.68841,35.69947],[139.68841,35.69933],[139.68839,35.69921],[139.68837,35.69906],[139.68828,35.69882],[139.68819,35.69865],[139.68796,35.69826],[139.68747,35.6977],[139.68738,35.6976],[139.68729,35.6975],[139.68719,35.69735],[139.68707,35.69717],[139.68666,35.69637],[139.68665,35.69635],[139.68655,35.69615],[139.68645,35.69595],[139.68623,35.69546],[139.68581,35.69458],[139.68569,35.69435],[139.68561,35.69421],[139.68559,35.69419],[139.68541,35.69399],[139.68517,35.69375],[139.68507,35.69364],[139.68482,35.69337],[139.68459,35.69318],[139.68445,35.69307],[139.68403,35.69277],[139.68374,35.69261],[139.6838,35.69255],[139.68388,35.69247],[139.68389,35.69246],[139.68391,35.69244],[139.68399,35.69235],[139.684,35.69221],[139.68399,35.69212],[139.68399,35.6921],[139.68399,35.69206],[139.68399,35.69199],[139.68363,35.69197],[139.68347,35.69184],[139.68337,35.69172],[139.68329,35.69166],[139.68325,35.69163],[139.68322,35.6916],[139.68303,35.69146],[139.68301,35.69144],[139.68298,35.69142],[139.68293,35.69138],[139.68272,35.69125],[139.6827,35.69123],[139.68267,35.69122],[139.68256,35.69115],[139.68213,35.69091],[139.68204,35.69085],[139.68202,35.69083],[139.68197,35.6908],[139.68191,35.69076],[139.6818,35.69069],[139.68177,35.69067],[139.68156,35.69053],[139.68104,35.69024],[139.68083,35.6901],[139.68072,35.69002],[139.68053,35.68991],[139.68046,35.68987],[139.68043,35.68986],[139.68033,35.6898],[139.68014,35.68956],[139.6801,35.68947],[139.68009,35.68944],[139.68007,35.68941],[139.68005,35.68936],[139.67992,35.68924],[139.67987,35.68916],[139.67984,35.68913],[139.67982,35.6891],[139.67977,35.68903],[139.67963,35.68887],[139.67958,35.68884],[139.67955,35.68882],[139.67952,35.6888],[139.67946,35.68876],[139.67944,35.68874],[139.67923,35.68854],[139.67918,35.68847],[139.67916,35.68845],[139.67901,35.68825],[139.67818,35.6876],[139.67816,35.68758],[139.67807,35.68751],[139.67797,35.68746],[139.67792,35.68743],[139.67754,35.68719],[139.67709,35.68684],[139.67679,35.68667],[139.67657,35.68648],[139.67653,35.68644],[139.6765,35.68641],[139.67632,35.68626],[139.67624,35.6862],[139.67621,35.68617],[139.67616,35.68613],[139.67614,35.68612],[139.67592,35.68589],[139.67583,35.68586],[139.67556,35.68538],[139.67524,35.68481],[139.67519,35.68472],[139.67516,35.68467],[139.67506,35.68451],[139.67474,35.68427],[139.67464,35.68422],[139.67461,35.6842],[139.67448,35.68413],[139.6743,35.68394],[139.67399,35.68366],[139.67362,35.68356],[139.67354,35.68351],[139.67348,35.68341],[139.67343,35.68334],[139.67341,35.68331],[139.67339,35.68328],[139.67336,35.68323],[139.67292,35.68289],[139.67289,35.68287],[139.67286,35.68285],[139.67281,35.68281],[139.67246,35.6825],[139.67243,35.68248],[139.67241,35.68245],[139.67212,35.6822],[139.67194,35.68204],[139.67192,35.68202],[139.67189,35.68199],[139.67142,35.6816],[139.6714,35.68158],[139.67137,35.68155],[139.6713,35.68149],[139.67116,35.68144],[139.67112,35.68143],[139.67108,35.68142],[139.67008,35.68108],[139.66975,35.68093],[139.66969,35.6809],[139.66951,35.68082],[139.66923,35.6807],[139.66901,35.68061],[139.6689,35.68053],[139.66847,35.68023],[139.66837,35.68019],[139.66831,35.68016],[139.66813,35.68009],[139.66796,35.68002],[139.66784,35.67995],[139.66782,35.67992],[139.66777,35.67986],[139.66768,35.6798],[139.66763,35.67978],[139.66762,35.67978],[139.66761,35.67976],[139.66722,35.67938],[139.66719,35.67935],[139.66717,35.67932],[139.66716,35.67932],[139.66669,35.67878],[139.66668,35.67876],[139.66665,35.67873],[139.6663,35.67833],[139.66621,35.67819],[139.66619,35.67816],[139.66616,35.67813],[139.66598,35.67787],[139.66564,35.6773],[139.66556,35.67718],[139.66553,35.67715],[139.66551,35.67712],[139.66547,35.67706],[139.66539,35.67698],[139.665,35.67675],[139.66475,35.67662],[139.66471,35.67661],[139.66468,35.67659],[139.66439,35.67645],[139.66412,35.67635],[139.66408,35.6765],[139.66407,35.67653],[139.66406,35.67656],[139.66392,35.6771],[139.66389,35.67717],[139.66388,35.6772],[139.66387,35.67723],[139.66384,35.6773],[139.66358,35.67727],[139.66357,35.67727],[139.66351,35.67728],[139.66347,35.67728],[139.66344,35.67729],[139.66329,35.6773],[139.66324,35.6779],[139.66337,35.67787],[139.66341,35.67785],[139.66345,35.67785],[139.66397,35.6777],[139.66457,35.67764],[139.66482,35.67761],[139.66487,35.67767],[139.66489,35.67769],[139.66491,35.67771],[139.66491,35.67825],[139.66491,35.67834],[139.66493,35.6787],[139.66497,35.67888],[139.66497,35.67891],[139.665,35.67902],[139.66456,35.67901],[139.66453,35.67901],[139.66448,35.67901],[139.66416,35.67901],[139.66415,35.67937],[139.66409,35.67941],[139.66404,35.67944],[139.66403,35.67944],[139.66385,35.67946],[139.66381,35.67946],[139.6635,35.67946],[139.66327,35.67945],[139.66301,35.67944],[139.66258,35.67943],[139.66249,35.67953],[139.66247,35.67955],[139.66211,35.67995],[139.66173,35.68026],[139.66164,35.68031],[139.6616,35.68033],[139.66146,35.6804],[139.66137,35.68038],[139.66103,35.68029],[139.66083,35.68024],[139.66009,35.67993],[139.65991,35.67987],[139.65979,35.67987],[139.65964,35.67993],[139.65965,35.68002],[139.65966,35.68007],[139.65966,35.68016],[139.65967,35.68023],[139.65967,35.68027],[139.65968,35.6803],[139.65969,35.68043],[139.65991,35.68055],[139.66009,35.68067],[139.6602,35.68074],[139.66041,35.68087],[139.66047,35.68094],[139.66031,35.68112],[139.66008,35.68119],[139.65997,35.68126],[139.65992,35.68134],[139.65984,35.68157],[139.65979,35.68182],[139.65927,35.6819],[139.6593,35.68202],[139.65937,35.68232],[139.65938,35.68237],[139.65941,35.68247],[139.65943,35.68272],[139.65945,35.68281],[139.65947,35.68291],[139.65948,35.68295],[139.65949,35.68297],[139.65949,35.68302],[139.65952,35.68327],[139.65961,35.68361],[139.65962,35.68365],[139.65964,35.68372],[139.66008,35.6837],[139.66014,35.68372],[139.66024,35.68384],[139.66025,35.6839],[139.66028,35.68402],[139.66041,35.68413],[139.66042,35.68414],[139.66045,35.68418],[139.66047,35.6842],[139.66049,35.68422],[139.66049,35.68423],[139.66054,35.68429],[139.66055,35.68433],[139.66055,35.68433],[139.66057,35.68443],[139.66055,35.68469],[139.66049,35.68484],[139.66034,35.68494],[139.6603,35.68497],[139.66024,35.68502],[139.66018,35.68506],[139.65988,35.68487],[139.65985,35.68485],[139.65981,35.68483],[139.65966,35.68473],[139.65963,35.68517],[139.65965,35.68538],[139.65934,35.68538],[139.65937,35.68574],[139.65938,35.68585],[139.65938,35.6859],[139.65938,35.68593],[139.65939,35.68605],[139.65925,35.68655],[139.65924,35.6866],[139.65922,35.68668],[139.65922,35.68668],[139.65976,35.68671],[139.66054,35.68674],[139.6608,35.68676],[139.66093,35.68677],[139.661,35.68679],[139.66122,35.68686],[139.6614,35.68693],[139.66148,35.68696],[139.66175,35.6871],[139.66189,35.68718],[139.66201,35.68725],[139.66224,35.68735],[139.6624,35.68744],[139.66267,35.68759],[139.66308,35.68782],[139.66318,35.68788],[139.66345,35.68806],[139.66353,35.68813],[139.66365,35.68834],[139.66375,35.68856],[139.66378,35.68869],[139.66382,35.6888],[139.66383,35.68884],[139.66387,35.68892],[139.66394,35.689],[139.66411,35.6892],[139.66443,35.68937],[139.66472,35.68951],[139.66494,35.68964],[139.66518,35.68977],[139.66552,35.68996],[139.6657,35.69007],[139.66641,35.69042],[139.66657,35.69059],[139.66677,35.69078],[139.66687,35.69088],[139.66685,35.69093],[139.66685,35.69094],[139.6668,35.69112],[139.66679,35.69114],[139.66679,35.69117],[139.66678,35.69122],[139.66675,35.69152],[139.667,35.69154],[139.667,35.69155],[139.66714,35.6916],[139.66754,35.69175],[139.66752,35.69184],[139.66752,35.69184],[139.66752,35.69187],[139.66747,35.69206],[139.66746,35.69212],[139.66745,35.69215],[139.66745,35.69219],[139.66739,35.69248],[139.66731,35.69273],[139.6673,35.69273],[139.6673,35.69277],[139.66729,35.6928],[139.66727,35.69294],[139.66721,35.6933],[139.66736,35.69354],[139.66738,35.69358],[139.6674,35.6936],[139.66745,35.69368],[139.66777,35.69378],[139.66772,35.69386],[139.6677,35.69388],[139.66768,35.69391],[139.66759,35.69406],[139.6675,35.69403],[139.66746,35.69402],[139.66741,35.69401],[139.66718,35.69394],[139.66707,35.69391],[139.66667,35.69374],[139.66663,35.69381],[139.66659,35.6939],[139.66658,35.69392],[139.66643,35.69417],[139.66637,35.69425],[139.6663,35.69437],[139.66625,35.69446],[139.66618,35.69457],[139.66615,35.69462],[139.66611,35.6947],[139.66608,35.69476],[139.66605,35.69483],[139.66599,35.69496],[139.66591,35.69491],[139.66586,35.69488],[139.66581,35.69485],[139.66579,35.69485],[139.66573,35.69483],[139.66543,35.69477],[139.6651,35.69544],[139.66504,35.69547],[139.66483,35.69541],[139.66473,35.69553],[139.66471,35.69556],[139.66464,35.69564],[139.66437,35.69549],[139.66377,35.69543],[139.66374,35.69543],[139.66371,35.69543],[139.66366,35.69542],[139.66323,35.69539],[139.66289,35.69536],[139.66278,35.69534],[139.66274,35.69534],[139.6627,35.69533],[139.66232,35.69528],[139.66209,35.69526],[139.66206,35.69526],[139.66202,35.69526],[139.66152,35.69522],[139.66151,35.69522],[139.6615,35.69522],[139.66148,35.69522],[139.66144,35.69521],[139.66116,35.6952],[139.66114,35.69535],[139.66111,35.69548],[139.66103,35.69568],[139.66098,35.69576],[139.66096,35.69579],[139.66093,35.69582],[139.6608,35.69602],[139.66069,35.6962],[139.66069,35.69622],[139.66068,35.69623],[139.66061,35.69643],[139.66062,35.69652],[139.6608,35.69656],[139.66091,35.69658],[139.66091,35.69664],[139.66091,35.69669],[139.6609,35.69671],[139.6609,35.6968],[139.66092,35.69686],[139.66097,35.69688],[139.66102,35.6969],[139.66103,35.69697],[139.66103,35.69701],[139.66104,35.69706],[139.66107,35.6972],[139.66133,35.69723],[139.66135,35.69723],[139.66141,35.69723],[139.66146,35.69724],[139.66171,35.69727],[139.66171,35.69733],[139.66174,35.6974],[139.66178,35.6975],[139.66179,35.69752],[139.66181,35.69759],[139.66188,35.69776],[139.66201,35.69811],[139.66223,35.69856],[139.66239,35.69892],[139.66248,35.69912],[139.66249,35.69915],[139.66251,35.6992],[139.66253,35.69924],[139.66213,35.69944],[139.66194,35.69966],[139.6619,35.69974],[139.6619,35.69984],[139.66197,35.69998],[139.66198,35.70002],[139.66197,35.70012],[139.66186,35.70023],[139.66179,35.7003],[139.66175,35.70034],[139.66166,35.7004],[139.66163,35.70051],[139.66161,35.70078],[139.6616,35.70086],[139.66154,35.70136],[139.66146,35.70139],[139.66108,35.70143],[139.66102,35.70216],[139.66099,35.70224],[139.66097,35.70229],[139.66096,35.70231],[139.66094,35.70235],[139.66091,35.70244],[139.66099,35.70253],[139.66103,35.70261],[139.66103,35.70267],[139.661,35.70295],[139.661,35.70295],[139.661,35.703],[139.66099,35.70303],[139.66099,35.70312],[139.66098,35.70326],[139.66098,35.70329],[139.66098,35.70334],[139.66097,35.70344],[139.66097,35.70349],[139.66097,35.70356],[139.66097,35.70385],[139.66097,35.70392],[139.66097,35.7041],[139.66093,35.70441],[139.66091,35.70459],[139.66091,35.70468],[139.66031,35.70478],[139.66031,35.70478],[139.65932,35.7049],[139.65927,35.70491],[139.65869,35.70498],[139.65865,35.70498],[139.6586,35.70499],[139.6582,35.70504],[139.65819,35.70513],[139.65819,35.70516],[139.65818,35.70529],[139.65817,35.70537],[139.65816,35.70554],[139.65816,35.70568],[139.65818,35.70571],[139.65825,35.70577],[139.65825,35.70578],[139.65828,35.70581],[139.65833,35.70585],[139.65835,35.70592],[139.65834,35.7064],[139.65834,35.70648],[139.65835,35.70663],[139.65829,35.70727],[139.65827,35.70766],[139.65826,35.70833],[139.65828,35.70849],[139.65824,35.70908],[139.65822,35.70922],[139.65795,35.70924],[139.65739,35.70924],[139.6568,35.70928],[139.65678,35.70928],[139.65665,35.70929],[139.65606,35.70931],[139.65602,35.70931],[139.65591,35.70931],[139.65565,35.70932],[139.65552,35.70931],[139.65547,35.70931],[139.65542,35.70931],[139.65486,35.70929],[139.65469,35.70929],[139.65451,35.7093],[139.6545,35.7093],[139.65428,35.70931],[139.65411,35.70933],[139.65409,35.70933],[139.65403,35.70933],[139.65253,35.70917],[139.65206,35.7091],[139.65205,35.7091],[139.65171,35.70902],[139.65166,35.70901],[139.6516,35.709],[139.65156,35.70899],[139.6512,35.70898],[139.65104,35.70899],[139.651,35.70903],[139.65099,35.70903],[139.65093,35.7092],[139.6506,35.70934],[139.65013,35.70946],[139.65,35.70948],[139.64999,35.70949],[139.64997,35.70949],[139.64992,35.70951],[139.64921,35.70971],[139.64906,35.70975],[139.64823,35.70998],[139.64816,35.71],[139.64812,35.71001],[139.64796,35.71005],[139.64749,35.71019],[139.64745,35.7102],[139.64741,35.71021],[139.64737,35.71022],[139.64659,35.71046],[139.64623,35.71056],[139.64612,35.71059],[139.64606,35.71061],[139.64602,35.71062],[139.64561,35.71073],[139.64557,35.71074],[139.64553,35.71075],[139.64505,35.71089],[139.64491,35.71093],[139.64486,35.71095],[139.64485,35.71095],[139.64482,35.71096],[139.64428,35.7111],[139.64422,35.71112],[139.64419,35.71113],[139.64415,35.71114],[139.64378,35.71126],[139.64357,35.71132],[139.64354,35.71133],[139.6435,35.71134],[139.64343,35.71136],[139.64284,35.7115],[139.64279,35.71162],[139.64276,35.71171],[139.64272,35.7118],[139.64272,35.71181],[139.64262,35.71201],[139.64253,35.71213],[139.64236,35.71227],[139.64233,35.7123],[139.6423,35.71232],[139.64211,35.71247],[139.64198,35.71258],[139.64177,35.71273],[139.64166,35.71281],[139.64173,35.7133],[139.64179,35.71389],[139.64178,35.71424],[139.64178,35.71431],[139.64178,35.71452],[139.64178,35.7146],[139.64179,35.71476],[139.64162,35.71481],[139.64158,35.71482],[139.64137,35.7149],[139.64097,35.71508],[139.64088,35.7151],[139.64083,35.71512],[139.6408,35.71513],[139.64058,35.71519],[139.64013,35.71532],[139.64009,35.71533],[139.64005,35.71534],[139.63916,35.71558],[139.63912,35.7156],[139.63908,35.71561],[139.63894,35.71565],[139.63878,35.71569],[139.63822,35.71581],[139.63822,35.71582],[139.63818,35.71584],[139.63815,35.71586],[139.63794,35.71597],[139.6374,35.71628],[139.63723,35.7164],[139.6372,35.71643],[139.63703,35.71648],[139.63696,35.7165],[139.63688,35.7165],[139.63671,35.71651],[139.63661,35.71652],[139.63627,35.71654],[139.63608,35.71656],[139.63602,35.71656],[139.63585,35.71657],[139.63532,35.71662],[139.63529,35.71662],[139.63525,35.71663],[139.63428,35.71671],[139.63416,35.71674],[139.63412,35.71674],[139.63408,35.71675],[139.63387,35.71679],[139.63299,35.71686],[139.63299,35.71686],[139.63296,35.71687],[139.63234,35.71693],[139.63219,35.71695],[139.63216,35.71708],[139.63214,35.71713],[139.63203,35.71742],[139.63188,35.71757],[139.63158,35.71797],[139.6315,35.71811],[139.63148,35.71815],[139.63139,35.71831],[139.63136,35.71844],[139.63135,35.71851],[139.63146,35.71889],[139.63171,35.71913],[139.63172,35.71914],[139.63185,35.71929],[139.63185,35.71929],[139.63185,35.7194],[139.63186,35.71944],[139.63186,35.71947],[139.63187,35.71972],[139.63185,35.71974],[139.63175,35.71984],[139.63172,35.71987],[139.63166,35.71994],[139.63157,35.72002],[139.63154,35.72005],[139.63151,35.72008],[139.63134,35.72026],[139.63107,35.72047],[139.63079,35.72053],[139.63073,35.72054],[139.63066,35.72056],[139.63064,35.72056],[139.63054,35.72058],[139.6303,35.72054],[139.63008,35.72051],[139.62992,35.72041],[139.62979,35.72046],[139.62967,35.72051],[139.62924,35.72085],[139.62899,35.72101],[139.62891,35.72113],[139.62876,35.72136],[139.62865,35.72154],[139.62863,35.72157],[139.62849,35.7218],[139.62838,35.72189],[139.62835,35.72193],[139.62832,35.72198],[139.62832,35.72214],[139.62828,35.72225],[139.62826,35.72228],[139.62822,35.72239],[139.62818,35.72258],[139.62812,35.72279],[139.62803,35.72288],[139.628,35.72296],[139.62787,35.72331],[139.62786,35.72333],[139.62777,35.72351],[139.62771,35.72363],[139.62764,35.72377],[139.62757,35.7239],[139.62729,35.72427],[139.62707,35.72464],[139.62699,35.72478],[139.62687,35.72504],[139.62679,35.72516],[139.62657,35.72547],[139.6263,35.72599],[139.62629,35.72602],[139.62621,35.72617],[139.62568,35.72721],[139.62564,35.72725],[139.62557,35.72733],[139.62531,35.72761],[139.62529,35.72771],[139.62504,35.72824],[139.6248,35.72866],[139.62475,35.72869],[139.62465,35.72878],[139.62438,35.72927],[139.62433,35.72941],[139.62432,35.72956],[139.62434,35.72984],[139.62454,35.73015],[139.62465,35.73028],[139.62478,35.73044],[139.62506,35.73095],[139.6251,35.73101],[139.6252,35.73114],[139.62527,35.73125],[139.62532,35.73132],[139.62549,35.73165],[139.62554,35.73176],[139.62557,35.7318],[139.62559,35.73186],[139.62566,35.73199],[139.62572,35.73211],[139.62594,35.73232],[139.62601,35.73238],[139.62601,35.73239],[139.62604,35.73244],[139.62616,35.73268],[139.62621,35.73277],[139.62633,35.73296],[139.62638,35.73306],[139.62643,35.73314],[139.62647,35.73321],[139.62657,35.73364],[139.6272,35.73382],[139.6273,35.73396],[139.6273,35.73398],[139.62718,35.73481],[139.62718,35.7349],[139.62717,35.73511],[139.62739,35.73516],[139.62743,35.73517],[139.62749,35.73518],[139.62769,35.73523],[139.62779,35.73524],[139.62784,35.73525],[139.62788,35.73525],[139.62833,35.73529],[139.62838,35.73529],[139.62842,35.73528],[139.62846,35.73528],[139.62857,35.73527],[139.62907,35.7353],[139.62911,35.7353],[139.62915,35.73531],[139.62932,35.73532],[139.62961,35.73531],[139.62965,35.73531],[139.62969,35.73531],[139.63036,35.73531],[139.63057,35.73532],[139.63062,35.73532],[139.63066,35.73532],[139.63088,35.73533],[139.63185,35.73538],[139.63198,35.73538],[139.63257,35.73533],[139.63272,35.73534],[139.63305,35.73536],[139.63319,35.73536],[139.63326,35.73537],[139.63332,35.73536],[139.63336,35.73535],[139.63342,35.73535],[139.63349,35.73531],[139.63354,35.73528],[139.63356,35.73525],[139.63373,35.73486],[139.63374,35.73486],[139.63375,35.73482],[139.63381,35.73468],[139.63388,35.73451],[139.63402,35.73429],[139.6344,35.73435],[139.63443,35.73426],[139.63447,35.7341],[139.63451,35.73392],[139.63461,35.73375],[139.63479,35.73315],[139.63482,35.73306],[139.63489,35.73284],[139.63507,35.7323],[139.63519,35.7322],[139.63522,35.73218],[139.63528,35.73214],[139.63534,35.7321],[139.6361,35.73221],[139.63616,35.73222],[139.63643,35.73228],[139.63651,35.73205],[139.63659,35.73171],[139.63662,35.73158],[139.63674,35.7311],[139.63684,35.73085],[139.63698,35.73047],[139.6374,35.72962],[139.63766,35.72948],[139.63776,35.72928],[139.63784,35.72913],[139.63801,35.72866],[139.63801,35.72857],[139.63803,35.72839],[139.63803,35.72828],[139.6381,35.72815],[139.63827,35.72803],[139.63853,35.72795],[139.63865,35.7279],[139.63865,35.7279],[139.63873,35.7279],[139.63883,35.72789],[139.63895,35.72788],[139.63906,35.72787],[139.63909,35.72787],[139.63919,35.72786],[139.63924,35.72786],[139.63924,35.72785],[139.6394,35.72767],[139.63965,35.7273],[139.63969,35.72728],[139.63974,35.72727],[139.63977,35.72725],[139.63986,35.72722],[139.63981,35.7269],[139.63981,35.72687],[139.6398,35.72682],[139.63984,35.72637],[139.63993,35.72631],[139.63999,35.7263],[139.64024,35.72625],[139.64075,35.72615],[139.64122,35.72606],[139.64127,35.72604],[139.64168,35.72594],[139.64196,35.72585],[139.64241,35.7257],[139.64245,35.72569],[139.64357,35.72531],[139.64383,35.7254],[139.64388,35.72541],[139.64395,35.72543],[139.64409,35.72548],[139.64479,35.72549],[139.645,35.72549],[139.64505,35.72549],[139.64509,35.72549],[139.64543,35.7255],[139.64625,35.72547],[139.64625,35.72547],[139.64629,35.72547],[139.64633,35.72547],[139.64739,35.72549],[139.64745,35.72559],[139.64739,35.72596],[139.64739,35.72599],[139.64737,35.72608],[139.64739,35.72655],[139.64741,35.72662],[139.64743,35.72675],[139.64759,35.72674],[139.64833,35.72674],[139.64846,35.72673],[139.64876,35.72673],[139.64888,35.72673],[139.64961,35.72673],[139.64969,35.72673],[139.64978,35.72673],[139.64983,35.72673],[139.65009,35.72673],[139.65014,35.72675],[139.65035,35.72684],[139.65047,35.72689],[139.65079,35.72665],[139.65091,35.72661],[139.65107,35.72656],[139.65112,35.72654],[139.65178,35.72633],[139.65187,35.72633],[139.65211,35.72634],[139.65224,35.72634],[139.65243,35.72635],[139.65357,35.72628],[139.65365,35.72628],[139.65372,35.72649],[139.65391,35.72648],[139.65397,35.72648],[139.65411,35.72648],[139.65454,35.72646],[139.65456,35.72646],[139.65554,35.72644],[139.65563,35.72643],[139.65568,35.72643],[139.65574,35.72642],[139.65645,35.72636],[139.65682,35.72627],[139.65687,35.72625],[139.65691,35.72624],[139.65703,35.72621],[139.65753,35.72603],[139.65805,35.72587],[139.65813,35.72586],[139.65817,35.72586],[139.65822,35.72585],[139.65835,35.72583],[139.65863,35.72581],[139.65919,35.72582],[139.65962,35.72583],[139.65962,35.72625],[139.65962,35.72664],[139.65973,35.72663],[139.65977,35.72663],[139.66045,35.72659],[139.66088,35.72659],[139.66096,35.7266],[139.66101,35.72661],[139.66108,35.72662],[139.66169,35.72669],[139.66225,35.72692],[139.66243,35.7271],[139.66247,35.72714],[139.66259,35.72725],[139.66256,35.72731],[139.66312,35.72782],[139.66315,35.72785],[139.66319,35.72789],[139.66343,35.72812],[139.66349,35.7282],[139.66358,35.72842],[139.66362,35.72861],[139.66365,35.72875],[139.66376,35.72887],[139.6639,35.72906],[139.66397,35.72919],[139.66402,35.72932],[139.66416,35.72972],[139.66439,35.73027],[139.66464,35.73085],[139.6647,35.73097],[139.6648,35.73112],[139.66498,35.73126],[139.66506,35.73129],[139.66512,35.73132],[139.66523,35.73133],[139.66533,35.73134],[139.66585,35.73136],[139.66598,35.73136],[139.66607,35.73136],[139.6662,35.73135],[139.6664,35.73129],[139.66696,35.73114],[139.66699,35.7312],[139.66701,35.73124],[139.66702,35.73127],[139.66708,35.73138],[139.66709,35.73141],[139.66715,35.73153],[139.66807,35.73141],[139.66811,35.7314],[139.66817,35.7314],[139.6683,35.73186],[139.66831,35.7319],[139.66831,35.73193],[139.66835,35.73207],[139.66843,35.73211],[139.66852,35.73212],[139.66888,35.73213],[139.66931,35.73218],[139.66935,35.73218],[139.66935,35.73218],[139.6694,35.73224],[139.66958,35.73246],[139.66959,35.73247],[139.66968,35.73257],[139.66981,35.73253],[139.66983,35.73252],[139.67016,35.73241],[139.67022,35.73239],[139.67026,35.73238],[139.67039,35.73233],[139.67048,35.73241],[139.67057,35.73249],[139.67057,35.73249],[139.67068,35.73258],[139.67111,35.73295],[139.67115,35.73305],[139.67118,35.7331],[139.6712,35.73315],[139.67121,35.73317],[139.67145,35.73354],[139.67208,35.73355],[139.67215,35.73355],[139.67219,35.73355],[139.67235,35.73355],[139.67268,35.73355],[139.67284,35.73354],[139.673,35.73355],[139.67323,35.7334],[139.67333,35.73336],[139.67369,35.7334],[139.67381,35.73332],[139.67385,35.73329],[139.67389,35.73326],[139.67422,35.73315],[139.67442,35.73311],[139.67446,35.7331],[139.6745,35.73309],[139.67468,35.73306],[139.67506,35.73279],[139.67508,35.73277],[139.6751,35.73275],[139.67513,35.73272],[139.6754,35.73244],[139.67541,35.73243],[139.67544,35.73241],[139.67547,35.73238],[139.67568,35.73219],[139.67571,35.73217],[139.67575,35.73215],[139.67579,35.73212],[139.67581,35.7321],[139.67598,35.732],[139.67656,35.73151],[139.67659,35.73149],[139.67662,35.73146],[139.67717,35.73101],[139.6772,35.73099],[139.67724,35.73095],[139.67749,35.73075],[139.67766,35.73069],[139.67766,35.73069],[139.67768,35.73069],[139.67782,35.73068],[139.67796,35.73068],[139.67797,35.73068],[139.67796,35.73067],[139.67792,35.73058],[139.6779,35.73053],[139.67776,35.7302],[139.6775,35.72973],[139.67742,35.72956],[139.67742,35.72956],[139.67734,35.72937]]]}},{"type":"Feature","properties":{"ja":"練馬区"},"geometry":{"type":"Polygon","coordinates":[[[139.5972,35.77837],[139.59714,35.77819],[139.59695,35.77765],[139.59691,35.77748],[139.597,35.77731],[139.59704,35.77724],[139.59714,35.77717],[139.59694,35.77667],[139.59694,35.77659],[139.59694,35.77641],[139.59723,35.77634],[139.59784,35.77619],[139.59818,35.77613],[139.59898,35.776],[139.60005,35.77582],[139.6003,35.77577],[139.6014,35.7756],[139.60235,35.77546],[139.60244,35.77544],[139.60277,35.77537],[139.60335,35.77525],[139.60399,35.77512],[139.60438,35.77502],[139.60438,35.77502],[139.60444,35.7748],[139.60446,35.77468],[139.60447,35.77465],[139.60418,35.7744],[139.60397,35.77422],[139.60368,35.77419],[139.60358,35.77419],[139.60338,35.77419],[139.60307,35.7742],[139.60267,35.77436],[139.60199,35.77409],[139.60191,35.77405],[139.60151,35.77386],[139.60146,35.77384],[139.60082,35.77353],[139.6006,35.77342],[139.60056,35.77339],[139.60036,35.77329],[139.60035,35.77328],[139.59986,35.77302],[139.5989,35.77239],[139.59868,35.77228],[139.59858,35.77222],[139.59844,35.77214],[139.59813,35.77176],[139.59778,35.77134],[139.59767,35.77124],[139.59742,35.77101],[139.59739,35.77098],[139.59741,35.77087],[139.59743,35.77078],[139.59743,35.77077],[139.59744,35.77076],[139.59768,35.77063],[139.59773,35.7706],[139.59785,35.77052],[139.59797,35.77041],[139.59814,35.7703],[139.59835,35.77017],[139.59804,35.77001],[139.59791,35.76998],[139.59768,35.76993],[139.59769,35.76975],[139.59769,35.76974],[139.59771,35.7697],[139.59775,35.76963],[139.59777,35.7696],[139.59788,35.76937],[139.5982,35.76914],[139.59844,35.76912],[139.59864,35.7691],[139.59927,35.76936],[139.59968,35.76956],[139.6,35.76971],[139.6003,35.76988],[139.60054,35.76999],[139.60074,35.77007],[139.60106,35.7702],[139.60128,35.77028],[139.60165,35.77042],[139.6017,35.77044],[139.60206,35.77056],[139.60227,35.77063],[139.60286,35.77096],[139.60316,35.77086],[139.60338,35.7706],[139.60383,35.77012],[139.60399,35.77003],[139.60404,35.77],[139.60429,35.76997],[139.60461,35.77022],[139.60467,35.77025],[139.60477,35.77029],[139.6049,35.77034],[139.60505,35.7704],[139.6054,35.77056],[139.60543,35.77057],[139.60559,35.77064],[139.60606,35.77083],[139.60635,35.77095],[139.60647,35.77045],[139.60666,35.77012],[139.60694,35.7697],[139.60714,35.76938],[139.6073,35.76926],[139.6077,35.76933],[139.60778,35.76907],[139.60777,35.76898],[139.60797,35.76898],[139.60816,35.769],[139.60826,35.76897],[139.6085,35.76887],[139.60861,35.76885],[139.60864,35.76885],[139.60875,35.76884],[139.60889,35.76898],[139.60896,35.76915],[139.60898,35.76918],[139.60902,35.76927],[139.60914,35.76955],[139.6092,35.76963],[139.60924,35.76968],[139.60946,35.76993],[139.6099,35.77032],[139.6102,35.77057],[139.61083,35.77088],[139.61089,35.7709],[139.61092,35.77091],[139.61104,35.77097],[139.61127,35.77107],[139.61143,35.77078],[139.61144,35.7706],[139.61144,35.77059],[139.61144,35.77048],[139.61143,35.77034],[139.61174,35.77019],[139.61153,35.76999],[139.61131,35.76971],[139.6114,35.76953],[139.61143,35.76948],[139.61144,35.76945],[139.61151,35.76943],[139.61159,35.76941],[139.61171,35.76938],[139.61191,35.76964],[139.61222,35.77009],[139.61248,35.77043],[139.6127,35.77051],[139.61286,35.77051],[139.61317,35.7705],[139.61352,35.77053],[139.61355,35.77052],[139.6137,35.77051],[139.61378,35.7705],[139.61381,35.7705],[139.6141,35.77054],[139.61427,35.77062],[139.61428,35.77063],[139.61443,35.7707],[139.61459,35.77078],[139.6146,35.77079],[139.61485,35.77087],[139.61524,35.77087],[139.6154,35.77087],[139.61542,35.77087],[139.61551,35.77086],[139.61567,35.77083],[139.61584,35.77081],[139.61614,35.77076],[139.61673,35.77061],[139.61715,35.77044],[139.61723,35.77035],[139.6172,35.77027],[139.61717,35.77017],[139.61715,35.77013],[139.6171,35.76997],[139.61703,35.76975],[139.61697,35.76954],[139.61692,35.76935],[139.61679,35.76862],[139.61681,35.76844],[139.61733,35.76812],[139.61743,35.76796],[139.61758,35.76773],[139.61758,35.76772],[139.6176,35.76751],[139.61764,35.76722],[139.61773,35.76665],[139.61806,35.76668],[139.61834,35.76673],[139.61842,35.76674],[139.61846,35.76675],[139.61861,35.76676],[139.61905,35.76678],[139.61946,35.76682],[139.61965,35.76681],[139.61973,35.76681],[139.62055,35.76676],[139.62061,35.76676],[139.62068,35.76676],[139.6207,35.76676],[139.62078,35.76676],[139.62088,35.76677],[139.6212,35.76677],[139.62137,35.76678],[139.62176,35.76678],[139.62178,35.76678],[139.62207,35.76679],[139.62241,35.7668],[139.62299,35.76687],[139.62301,35.76695],[139.62306,35.76718],[139.6231,35.76768],[139.62315,35.76793],[139.6232,35.76825],[139.62321,35.76829],[139.62322,35.76838],[139.62323,35.7684],[139.62329,35.76862],[139.62335,35.76886],[139.62361,35.76969],[139.62393,35.77058],[139.62408,35.77125],[139.62427,35.77149],[139.62437,35.77162],[139.62447,35.77174],[139.62456,35.77185],[139.62476,35.77215],[139.62493,35.77238],[139.62502,35.77251],[139.6252,35.77233],[139.62526,35.77228],[139.6253,35.77235],[139.62537,35.77248],[139.62538,35.77251],[139.62543,35.77259],[139.62547,35.77267],[139.62554,35.77279],[139.62555,35.77282],[139.62555,35.77282],[139.6256,35.77302],[139.6254,35.77318],[139.62536,35.77333],[139.62531,35.77349],[139.62526,35.77369],[139.62513,35.77375],[139.62477,35.77391],[139.62452,35.77402],[139.62428,35.77413],[139.62421,35.77433],[139.62418,35.77461],[139.62441,35.77503],[139.62443,35.77506],[139.62444,35.7751],[139.62441,35.77561],[139.62441,35.77565],[139.62441,35.77567],[139.62442,35.77592],[139.62443,35.7762],[139.62444,35.77624],[139.62444,35.77634],[139.62445,35.77648],[139.62445,35.7765],[139.62452,35.77688],[139.62457,35.77713],[139.62457,35.77718],[139.62457,35.77752],[139.62454,35.77769],[139.62449,35.77794],[139.62443,35.77819],[139.62448,35.7784],[139.62465,35.77863],[139.62472,35.77872],[139.62472,35.77876],[139.62472,35.7788],[139.62472,35.77889],[139.62472,35.77896],[139.62467,35.77934],[139.62469,35.77961],[139.62471,35.77979],[139.62471,35.77983],[139.62482,35.77974],[139.62492,35.77965],[139.62535,35.77929],[139.62545,35.77907],[139.62544,35.77885],[139.6253,35.77837],[139.62516,35.77801],[139.62519,35.77793],[139.62537,35.77792],[139.62594,35.77786],[139.62653,35.77778],[139.62663,35.77777],[139.62667,35.77777],[139.62713,35.77772],[139.62717,35.77772],[139.62752,35.77768],[139.62766,35.77765],[139.62789,35.7776],[139.62801,35.77757],[139.6287,35.7775],[139.62871,35.77749],[139.62876,35.77744],[139.62879,35.77741],[139.62899,35.77723],[139.62905,35.77718],[139.62927,35.77699],[139.62934,35.77693],[139.62939,35.77688],[139.62938,35.77669],[139.62938,35.77666],[139.62937,35.77662],[139.62936,35.77636],[139.62935,35.77609],[139.62935,35.77606],[139.62935,35.77604],[139.62935,35.77578],[139.62934,35.77559],[139.62934,35.77557],[139.62933,35.77551],[139.6293,35.77525],[139.62929,35.77514],[139.62907,35.77483],[139.62899,35.77459],[139.62903,35.77447],[139.62912,35.7744],[139.62932,35.77425],[139.6294,35.77398],[139.62939,35.77348],[139.62939,35.77346],[139.62938,35.77318],[139.62938,35.77269],[139.62939,35.77253],[139.62939,35.77205],[139.62938,35.77193],[139.62937,35.77191],[139.62935,35.77174],[139.62957,35.77179],[139.62969,35.77189],[139.62977,35.77196],[139.62987,35.77205],[139.62991,35.77208],[139.6302,35.77234],[139.63072,35.772],[139.63091,35.77189],[139.63091,35.77188],[139.63106,35.7718],[139.63112,35.77176],[139.63124,35.77169],[139.63168,35.77143],[139.63181,35.77135],[139.63189,35.77131],[139.63228,35.77109],[139.63294,35.77072],[139.63329,35.77057],[139.63342,35.77052],[139.63348,35.77049],[139.63348,35.7704],[139.63348,35.77034],[139.63348,35.77026],[139.63348,35.77012],[139.63348,35.77004],[139.63347,35.76986],[139.6341,35.76987],[139.63473,35.76988],[139.63477,35.76967],[139.63481,35.76951],[139.63483,35.7688],[139.63543,35.76881],[139.63657,35.76884],[139.63677,35.76885],[139.63685,35.76885],[139.63706,35.76887],[139.63718,35.76888],[139.63773,35.76892],[139.63782,35.76892],[139.63854,35.76905],[139.63908,35.76907],[139.64052,35.76911],[139.64084,35.76916],[139.64105,35.76924],[139.64119,35.76929],[139.6413,35.76934],[139.64152,35.76942],[139.64177,35.76967],[139.64188,35.76971],[139.64207,35.76977],[139.64214,35.7699],[139.64226,35.77009],[139.6423,35.77013],[139.64232,35.77015],[139.64262,35.77047],[139.64279,35.77069],[139.64282,35.77074],[139.64287,35.77081],[139.64292,35.77087],[139.64296,35.77093],[139.64344,35.77063],[139.6436,35.77054],[139.64406,35.77025],[139.64416,35.77019],[139.64427,35.77013],[139.64447,35.77002],[139.64457,35.76997],[139.64466,35.76991],[139.64494,35.76976],[139.64524,35.76955],[139.64538,35.76945],[139.64539,35.76944],[139.64545,35.76941],[139.64555,35.76937],[139.64593,35.76919],[139.6464,35.76904],[139.64647,35.76901],[139.64704,35.76883],[139.64751,35.76872],[139.64768,35.76867],[139.64791,35.76862],[139.64823,35.76877],[139.6483,35.7688],[139.64831,35.7688],[139.64844,35.76886],[139.6492,35.76895],[139.64935,35.76897],[139.65061,35.76911],[139.65088,35.76914],[139.65112,35.76917],[139.65176,35.7691],[139.65185,35.76906],[139.65191,35.76904],[139.65222,35.76892],[139.65226,35.76892],[139.65248,35.76893],[139.65296,35.76894],[139.65299,35.76894],[139.65352,35.76907],[139.65398,35.76911],[139.65403,35.76911],[139.65408,35.76911],[139.65463,35.76907],[139.65582,35.76902],[139.65605,35.769],[139.6564,35.76896],[139.65649,35.76896],[139.6566,35.76895],[139.65694,35.76891],[139.65706,35.7689],[139.65765,35.76886],[139.6577,35.76885],[139.65777,35.76885],[139.6581,35.76882],[139.65896,35.76877],[139.65919,35.76876],[139.65929,35.76876],[139.65936,35.76875],[139.66001,35.76872],[139.66113,35.76867],[139.66128,35.76855],[139.66135,35.76849],[139.66153,35.76845],[139.6616,35.76843],[139.66203,35.76832],[139.66212,35.7683],[139.66213,35.76829],[139.66248,35.76823],[139.66256,35.76822],[139.66286,35.76817],[139.66387,35.76808],[139.66396,35.76807],[139.66429,35.76803],[139.66434,35.76803],[139.66438,35.76803],[139.66458,35.76801],[139.66489,35.76792],[139.66493,35.76791],[139.66496,35.7679],[139.66512,35.76785],[139.66606,35.76758],[139.66613,35.76755],[139.66624,35.76753],[139.66691,35.76735],[139.66704,35.76733],[139.66707,35.76732],[139.66712,35.76731],[139.66724,35.76729],[139.66733,35.76734],[139.66745,35.76742],[139.66762,35.76751],[139.66766,35.76753],[139.66767,35.76754],[139.66772,35.76757],[139.66815,35.76757],[139.66821,35.76757],[139.66821,35.76757],[139.66824,35.76753],[139.66843,35.76729],[139.66849,35.76721],[139.66873,35.7669],[139.66886,35.76674],[139.66901,35.76654],[139.66922,35.76586],[139.66935,35.76542],[139.66946,35.76535],[139.66956,35.76529],[139.6697,35.76496],[139.66974,35.76486],[139.66977,35.76475],[139.66982,35.76462],[139.66983,35.76458],[139.66987,35.76445],[139.66989,35.76438],[139.66994,35.76425],[139.66998,35.76411],[139.67004,35.76394],[139.67014,35.76362],[139.67017,35.76354],[139.67022,35.76338],[139.67022,35.76335],[139.67024,35.76331],[139.67035,35.76296],[139.67039,35.76281],[139.67041,35.76276],[139.67043,35.76269],[139.67044,35.76266],[139.67047,35.76259],[139.67053,35.76243],[139.67059,35.76229],[139.67069,35.76205],[139.67079,35.76192],[139.67111,35.76144],[139.6712,35.76131],[139.67122,35.76128],[139.67124,35.76121],[139.67128,35.76103],[139.6714,35.76091],[139.67145,35.76084],[139.67155,35.76071],[139.67157,35.76069],[139.67194,35.76035],[139.67196,35.76033],[139.67246,35.75987],[139.67258,35.75979],[139.6726,35.75977],[139.67263,35.75976],[139.67335,35.75925],[139.67349,35.75901],[139.67353,35.75894],[139.67353,35.75893],[139.67355,35.75885],[139.67362,35.75863],[139.67366,35.75852],[139.67369,35.75841],[139.67365,35.7579],[139.6736,35.75732],[139.67359,35.75722],[139.67352,35.75678],[139.67349,35.7567],[139.67342,35.7565],[139.67335,35.75621],[139.67327,35.75584],[139.67319,35.75541],[139.67319,35.75539],[139.67321,35.75528],[139.67324,35.75508],[139.67326,35.755],[139.67329,35.75483],[139.67332,35.75467],[139.67332,35.75466],[139.67334,35.75451],[139.67356,35.75421],[139.67359,35.75416],[139.67364,35.7541],[139.67367,35.75405],[139.67374,35.75374],[139.67382,35.75357],[139.67385,35.75353],[139.67398,35.75337],[139.674,35.75332],[139.67403,35.75323],[139.67403,35.75322],[139.67405,35.75317],[139.67407,35.75312],[139.67477,35.75236],[139.67483,35.75226],[139.67492,35.75213],[139.67495,35.75205],[139.67497,35.75199],[139.67502,35.75189],[139.67496,35.75174],[139.67491,35.75152],[139.67486,35.75145],[139.67477,35.75132],[139.67462,35.75101],[139.67459,35.75093],[139.67444,35.75052],[139.67443,35.7504],[139.67438,35.75018],[139.67426,35.74983],[139.67424,35.74977],[139.67422,35.7497],[139.67407,35.74938],[139.67399,35.74915],[139.67383,35.74885],[139.67383,35.74884],[139.67379,35.74877],[139.67378,35.74875],[139.67376,35.74871],[139.6737,35.74858],[139.67334,35.74801],[139.6733,35.7479],[139.67329,35.74788],[139.67328,35.74786],[139.67325,35.74779],[139.67316,35.74768],[139.67311,35.74755],[139.67307,35.74742],[139.67307,35.7474],[139.67307,35.74737],[139.67307,35.74732],[139.67307,35.74729],[139.67292,35.74704],[139.67281,35.74671],[139.67278,35.74667],[139.67266,35.74645],[139.67263,35.74639],[139.67253,35.74623],[139.67234,35.74583],[139.67234,35.74582],[139.67223,35.74562],[139.67212,35.74535],[139.67211,35.74532],[139.67207,35.74522],[139.67211,35.74482],[139.67213,35.74453],[139.67223,35.74451],[139.67225,35.74452],[139.67228,35.74454],[139.67231,35.74456],[139.67332,35.74516],[139.67346,35.74508],[139.67349,35.74506],[139.67352,35.74505],[139.67373,35.74493],[139.67434,35.74542],[139.6744,35.74546],[139.67447,35.74546],[139.67456,35.74539],[139.67465,35.74532],[139.67474,35.74525],[139.67487,35.74515],[139.67501,35.74506],[139.67509,35.74502],[139.67512,35.745],[139.67518,35.74498],[139.67523,35.74496],[139.67525,35.74495],[139.67533,35.74492],[139.67538,35.74492],[139.67546,35.74501],[139.67548,35.74503],[139.67557,35.74513],[139.67558,35.74514],[139.67565,35.74522],[139.67573,35.74531],[139.67583,35.74539],[139.67587,35.7454],[139.676,35.74535],[139.67657,35.74517],[139.67688,35.74508],[139.67694,35.74506],[139.67733,35.74495],[139.67757,35.74487],[139.67759,35.74487],[139.6776,35.74486],[139.6781,35.74468],[139.67816,35.74467],[139.67821,35.74465],[139.67824,35.74464],[139.67841,35.74457],[139.67896,35.74443],[139.67947,35.74427],[139.67951,35.74426],[139.68033,35.744],[139.68056,35.74392],[139.68084,35.74382],[139.68085,35.74372],[139.68087,35.74361],[139.68089,35.74348],[139.6809,35.7434],[139.6809,35.74339],[139.68091,35.74333],[139.68081,35.74318],[139.68078,35.74314],[139.68073,35.74305],[139.6807,35.74302],[139.68064,35.74295],[139.68059,35.74289],[139.68059,35.74288],[139.68057,35.74282],[139.68054,35.74266],[139.68053,35.74261],[139.68051,35.74252],[139.68042,35.74225],[139.68039,35.74215],[139.68038,35.74214],[139.68031,35.74208],[139.6801,35.74195],[139.67984,35.74172],[139.67972,35.74162],[139.67972,35.74162],[139.67965,35.74149],[139.67963,35.74148],[139.67954,35.74126],[139.67952,35.74114],[139.67943,35.74101],[139.67938,35.74091],[139.67929,35.74073],[139.67923,35.74068],[139.67909,35.74063],[139.67912,35.7405],[139.67915,35.74038],[139.67916,35.74034],[139.67919,35.74018],[139.67957,35.73969],[139.6797,35.73957],[139.6798,35.73945],[139.67983,35.73937],[139.67987,35.73928],[139.67992,35.73918],[139.67992,35.73918],[139.67998,35.7391],[139.68006,35.73902],[139.68047,35.73872],[139.68076,35.73876],[139.68077,35.73865],[139.68078,35.73862],[139.68078,35.73859],[139.68083,35.7383],[139.68097,35.73826],[139.6813,35.7378],[139.68086,35.73787],[139.68075,35.73787],[139.68065,35.73778],[139.68065,35.73771],[139.68063,35.73764],[139.68053,35.73756],[139.68051,35.73754],[139.6805,35.73754],[139.68045,35.73749],[139.68037,35.73737],[139.68018,35.73672],[139.68012,35.7366],[139.6801,35.73656],[139.68005,35.73645],[139.67994,35.73627],[139.67993,35.73621],[139.67991,35.73614],[139.67975,35.73602],[139.67952,35.7359],[139.67938,35.73583],[139.67928,35.73574],[139.6792,35.73557],[139.67918,35.73554],[139.67916,35.73549],[139.67909,35.73534],[139.67906,35.73505],[139.67901,35.7349],[139.67896,35.73481],[139.67884,35.73466],[139.67881,35.7346],[139.6788,35.73457],[139.67879,35.73454],[139.67874,35.73442],[139.6788,35.73432],[139.67882,35.73429],[139.67884,35.73426],[139.67895,35.73407],[139.67903,35.73397],[139.67907,35.73392],[139.67909,35.7339],[139.67924,35.73371],[139.67928,35.73359],[139.67924,35.73337],[139.67923,35.73331],[139.6792,35.73323],[139.67918,35.73318],[139.67905,35.7329],[139.67902,35.73284],[139.67897,35.73277],[139.67893,35.73271],[139.6789,35.73268],[139.67883,35.73258],[139.67848,35.7324],[139.67823,35.73206],[139.67821,35.73204],[139.67819,35.73201],[139.67797,35.7317],[139.67842,35.73123],[139.67834,35.73112],[139.67829,35.73106],[139.67817,35.73089],[139.6781,35.73079],[139.67797,35.73068],[139.67796,35.73068],[139.67782,35.73068],[139.67768,35.73069],[139.67766,35.73069],[139.67766,35.73069],[139.67749,35.73075],[139.67724,35.73095],[139.6772,35.73099],[139.67717,35.73101],[139.67662,35.73146],[139.67659,35.73149],[139.67656,35.73151],[139.67598,35.732],[139.67581,35.7321],[139.67579,35.73212],[139.67575,35.73215],[139.67571,35.73217],[139.67568,35.73219],[139.67547,35.73238],[139.67544,35.73241],[139.67541,35.73243],[139.6754,35.73244],[139.67513,35.73272],[139.6751,35.73275],[139.67508,35.73277],[139.67506,35.73279],[139.67468,35.73306],[139.6745,35.73309],[139.67446,35.7331],[139.67442,35.73311],[139.67422,35.73315],[139.67389,35.73326],[139.67385,35.73329],[139.67381,35.73332],[139.67369,35.7334],[139.67333,35.73336],[139.67323,35.7334],[139.673,35.73355],[139.67284,35.73354],[139.67268,35.73355],[139.67235,35.73355],[139.67219,35.73355],[139.67215,35.73355],[139.67208,35.73355],[139.67145,35.73354],[139.67121,35.73317],[139.6712,35.73315],[139.67118,35.7331],[139.67115,35.73305],[139.67111,35.73295],[139.67068,35.73258],[139.67057,35.73249],[139.67057,35.73249],[139.67048,35.73241],[139.67039,35.73233],[139.67026,35.73238],[139.67022,35.73239],[139.67016,35.73241],[139.66983,35.73252],[139.66981,35.73253],[139.66968,35.73257],[139.66959,35.73247],[139.66958,35.73246],[139.6694,35.73224],[139.66935,35.73218],[139.66935,35.73218],[139.66931,35.73218],[139.66888,35.73213],[139.66852,35.73212],[139.66843,35.73211],[139.66835,35.73207],[139.66831,35.73193],[139.66831,35.7319],[139.6683,35.73186],[139.66817,35.7314],[139.66811,35.7314],[139.66807,35.73141],[139.66715,35.73153],[139.66709,35.73141],[139.66708,35.73138],[139.66702,35.73127],[139.66701,35.73124],[139.66699,35.7312],[139.66696,35.73114],[139.6664,35.73129],[139.6662,35.73135],[139.66607,35.73136],[139.66598,35.73136],[139.66585,35.73136],[139.66533,35.73134],[139.66523,35.73133],[139.66512,35.73132],[139.66506,35.73129],[139.66498,35.73126],[139.6648,35.73112],[139.6647,35.73097],[139.66464,35.73085],[139.66439,35.73027],[139.66416,35.72972],[139.66402,35.72932],[139.66397,35.72919],[139.6639,35.72906],[139.66376,35.72887],[139.66365,35.72875],[139.66362,35.72861],[139.66358,35.72842],[139.66349,35.7282],[139.66343,35.72812],[139.66319,35.72789],[139.66315,35.72785],[139.66312,35.72782],[139.66256,35.72731],[139.66259,35.72725],[139.66247,35.72714],[139.66243,35.7271],[139.66225,35.72692],[139.66169,35.72669],[139.66108,35.72662],[139.66101,35.72661],[139.66096,35.7266],[139.66088,35.72659],[139.66045,35.72659],[139.65977,35.72663],[139.65973,35.72663],[139.65962,35.72664],[139.65962,35.72625],[139.65962,35.72583],[139.65919,35.72582],[139.65863,35.72581],[139.65835,35.72583],[139.65822,35.72585],[139.65817,35.72586],[139.65813,35.72586],[139.65805,35.72587],[139.65753,35.72603],[139.65703,35.72621],[139.65691,35.72624],[139.65687,35.72625],[139.65682,35.72627],[139.65645,35.72636],[139.65574,35.72642],[139.65568,35.72643],[139.65563,35.72643],[139.65554,35.72644],[139.65456,35.72646],[139.65454,35.72646],[139.65411,35.72648],[139.65397,35.72648],[139.65391,35.72648],[139.65372,35.72649],[139.65365,35.72628],[139.65357,35.72628],[139.65243,35.72635],[139.65224,35.72634],[139.65211,35.72634],[139.65187,35.72633],[139.65178,35.72633],[139.65112,35.72654],[139.65107,35.72656],[139.65091,35.72661],[139.65079,35.72665],[139.65047,35.72689],[139.65035,35.72684],[139.65014,35.72675],[139.65009,35.72673],[139.64983,35.72673],[139.64978,35.72673],[139.64969,35.72673],[139.64961,35.72673],[139.64888,35.72673],[139.64876,35.72673],[139.64846,35.72673],[139.64833,35.72674],[139.64759,35.72674],[139.64743,35.72675],[139.64741,35.72662],[139.64739,35.72655],[139.64737,35.72608],[139.64739,35.72599],[139.64739,35.72596],[139.64745,35.72559],[139.64739,35.72549],[139.64633,35.72547],[139.64629,35.72547],[139.64625,35.72547],[139.64625,35.72547],[139.64543,35.7255],[139.64509,35.72549],[139.64505,35.72549],[139.645,35.72549],[139.64479,35.72549],[139.64409,35.72548],[139.64395,35.72543],[139.64388,35.72541],[139.64383,35.7254],[139.64357,35.72531],[139.64245,35.72569],[139.64241,35.7257],[139.64196,35.72585],[139.64168,35.72594],[139.64127,35.72604],[139.64122,35.72606],[139.64075,35.72615],[139.64024,35.72625],[139.63999,35.7263],[139.63993,35.72631],[139.63984,35.72637],[139.6398,35.72682],[139.63981,35.72687],[139.63981,35.7269],[139.63986,35.72722],[139.63977,35.72725],[139.63974,35.72727],[139.63969,35.72728],[139.63965,35.7273],[139.6394,35.72767],[139.63924,35.72785],[139.63924,35.72786],[139.63919,35.72786],[139.63909,35.72787],[139.63906,35.72787],[139.63895,35.72788],[139.63883,35.72789],[139.63873,35.7279],[139.63865,35.7279],[139.63865,35.7279],[139.63853,35.72795],[139.63827,35.72803],[139.6381,35.72815],[139.63803,35.72828],[139.63803,35.72839],[139.63801,35.72857],[139.63801,35.72866],[139.63784,35.72913],[139.63776,35.72928],[139.63766,35.72948],[139.6374,35.72962],[139.63698,35.73047],[139.63684,35.73085],[139.63674,35.7311],[139.63662,35.73158],[139.63659,35.73171],[139.63651,35.73205],[139.63643,35.73228],[139.63616,35.73222],[139.6361,35.73221],[139.63534,35.7321],[139.63528,35.73214],[139.63522,35.73218],[139.63519,35.7322],[139.63507,35.7323],[139.63489,35.73284],[139.63482,35.73306],[139.63479,35.73315],[139.63461,35.73375],[139.63451,35.73392],[139.63447,35.7341],[139.63443,35.73426],[139.6344,35.73435],[139.63402,35.73429],[139.63388,35.73451],[139.63381,35.73468],[139.63375,35.73482],[139.63374,35.73486],[139.63373,35.73486],[139.63356,35.73525],[139.63354,35.73528],[139.63349,35.73531],[139.63342,35.73535],[139.63336,35.73535],[139.63332,35.73536],[139.63326,35.73537],[139.63319,35.73536],[139.63305,35.73536],[139.63272,35.73534],[139.63257,35.73533],[139.63198,35.73538],[139.63185,35.73538],[139.63088,35.73533],[139.63066,35.73532],[139.63062,35.73532],[139.63057,35.73532],[139.63036,35.73531],[139.62969,35.73531],[139.62965,35.73531],[139.62961,35.73531],[139.62932,35.73532],[139.62915,35.73531],[139.62911,35.7353],[139.62907,35.7353],[139.62857,35.73527],[139.62846,35.73528],[139.62842,35.73528],[139.62838,35.73529],[139.62833,35.73529],[139.62788,35.73525],[139.62784,35.73525],[139.62779,35.73524],[139.62769,35.73523],[139.62749,35.73518],[139.62743,35.73517],[139.62739,35.73516],[139.62717,35.73511],[139.62718,35.7349],[139.62718,35.73481],[139.6273,35.73398],[139.6273,35.73396],[139.6272,35.73382],[139.62657,35.73364],[139.62647,35.73321],[139.62643,35.73314],[139.62638,35.73306],[139.62633,35.73296],[139.62621,35.73277],[139.62616,35.73268],[139.62604,35.73244],[139.62601,35.73239],[139.62601,35.73238],[139.62594,35.73232],[139.62572,35.73211],[139.62566,35.73199],[139.62559,35.73186],[139.62557,35.7318],[139.62554,35.73176],[139.62549,35.73165],[139.62532,35.73132],[139.62527,35.73125],[139.6252,35.73114],[139.6251,35.73101],[139.62506,35.73095],[139.62478,35.73044],[139.62465,35.73028],[139.62454,35.73015],[139.62423,35.73017],[139.62416,35.73018],[139.62368,35.73022],[139.62355,35.73024],[139.62348,35.73025],[139.62333,35.73027],[139.62318,35.7303],[139.62305,35.73032],[139.62199,35.73043],[139.62178,35.73045],[139.62163,35.73041],[139.62139,35.73037],[139.62093,35.73028],[139.6208,35.73027],[139.62064,35.73025],[139.62054,35.73024],[139.62034,35.73021],[139.6202,35.73018],[139.61979,35.73009],[139.6194,35.73009],[139.61913,35.73005],[139.61823,35.73],[139.61717,35.72994],[139.61696,35.72992],[139.61682,35.72991],[139.61659,35.72986],[139.61654,35.72985],[139.61647,35.72983],[139.61599,35.72983],[139.6159,35.72989],[139.61572,35.73003],[139.61557,35.73015],[139.61539,35.73029],[139.61517,35.73021],[139.61504,35.73016],[139.61479,35.73009],[139.61471,35.73006],[139.61465,35.73005],[139.61451,35.73001],[139.61437,35.72997],[139.61429,35.72995],[139.61382,35.72983],[139.61371,35.7298],[139.61348,35.72974],[139.61297,35.7296],[139.61295,35.72959],[139.61193,35.7293],[139.6118,35.72926],[139.61156,35.7292],[139.61145,35.72918],[139.61088,35.72903],[139.61069,35.72899],[139.61014,35.72887],[139.6098,35.72878],[139.60955,35.72871],[139.60914,35.72854],[139.60881,35.72837],[139.60864,35.7283],[139.60835,35.72818],[139.60803,35.72804],[139.6077,35.72791],[139.60721,35.72778],[139.6071,35.72775],[139.60695,35.72771],[139.60682,35.72767],[139.6059,35.72744],[139.60575,35.7274],[139.60567,35.72737],[139.60556,35.72734],[139.60543,35.72731],[139.60523,35.72725],[139.60503,35.72719],[139.60495,35.72717],[139.60453,35.72705],[139.60428,35.72698],[139.60397,35.72686],[139.60389,35.72682],[139.60354,35.72664],[139.60348,35.72661],[139.60303,35.72639],[139.60283,35.72631],[139.6027,35.72627],[139.60207,35.72604],[139.60195,35.72601],[139.60185,35.72579],[139.60185,35.72578],[139.60179,35.72563],[139.60176,35.72557],[139.60182,35.72544],[139.60162,35.72534],[139.60116,35.72508],[139.60059,35.72463],[139.60018,35.72428],[139.60012,35.72422],[139.59996,35.72407],[139.59979,35.72391],[139.59967,35.72387],[139.59955,35.72382],[139.59942,35.72376],[139.59913,35.72364],[139.59879,35.72354],[139.59865,35.72348],[139.59861,35.72346],[139.59852,35.72343],[139.59823,35.7233],[139.59791,35.72317],[139.59769,35.72307],[139.59755,35.72298],[139.59713,35.7227],[139.59695,35.72254],[139.59688,35.7225],[139.59675,35.72243],[139.59665,35.72238],[139.59652,35.7223],[139.59644,35.72226],[139.59616,35.72222],[139.59589,35.72218],[139.59565,35.72217],[139.59562,35.72207],[139.59559,35.72196],[139.59565,35.72155],[139.59538,35.721],[139.59516,35.72064],[139.59494,35.72027],[139.59469,35.71977],[139.59436,35.71913],[139.59422,35.71891],[139.59384,35.71829],[139.5936,35.71818],[139.59336,35.71807],[139.59304,35.71834],[139.5929,35.71846],[139.59282,35.71853],[139.59278,35.71857],[139.59247,35.71882],[139.59227,35.71899],[139.59215,35.71908],[139.59168,35.71944],[139.59142,35.71964],[139.59119,35.71978],[139.59049,35.72009],[139.5902,35.72017],[139.59002,35.72021],[139.58965,35.72024],[139.58945,35.72028],[139.58917,35.72028],[139.58882,35.72027],[139.58861,35.72026],[139.58813,35.72018],[139.588,35.72013],[139.58773,35.72005],[139.58741,35.71995],[139.58709,35.71983],[139.58701,35.7198],[139.58692,35.71978],[139.58681,35.71976],[139.5867,35.71966],[139.58635,35.71936],[139.58609,35.71916],[139.5859,35.71902],[139.58579,35.71892],[139.58547,35.71851],[139.58532,35.71836],[139.58521,35.71825],[139.58509,35.71802],[139.58508,35.71797],[139.58504,35.71781],[139.58501,35.71771],[139.58501,35.7177],[139.58499,35.71756],[139.58496,35.71744],[139.58493,35.71728],[139.58492,35.71718],[139.58494,35.71688],[139.58496,35.71645],[139.58499,35.71631],[139.58508,35.7161],[139.58536,35.71582],[139.58542,35.71572],[139.58543,35.7156],[139.58546,35.71552],[139.58557,35.71537],[139.58559,35.71533],[139.58572,35.71515],[139.58577,35.71507],[139.58587,35.71498],[139.58607,35.71471],[139.58622,35.71445],[139.58631,35.7143],[139.58644,35.71409],[139.58671,35.71349],[139.58681,35.71327],[139.58685,35.71307],[139.58688,35.71293],[139.58688,35.71277],[139.58687,35.71252],[139.58681,35.71222],[139.58676,35.71212],[139.58665,35.71191],[139.58639,35.71203],[139.58585,35.71227],[139.58533,35.71249],[139.58501,35.71269],[139.58482,35.71276],[139.58453,35.71287],[139.58445,35.7129],[139.58436,35.71295],[139.58392,35.71316],[139.58374,35.71324],[139.58341,35.71338],[139.58301,35.71355],[139.58286,35.71361],[139.58277,35.71364],[139.58263,35.7137],[139.58247,35.71377],[139.58233,35.71382],[139.58216,35.71389],[139.58203,35.71394],[139.58138,35.71433],[139.58126,35.7144],[139.5812,35.71444],[139.58073,35.7147],[139.58057,35.71479],[139.58015,35.71506],[139.58001,35.71515],[139.57944,35.71556],[139.5793,35.71568],[139.57926,35.71572],[139.57913,35.71583],[139.57891,35.71602],[139.57867,35.71622],[139.57859,35.71629],[139.57848,35.71637],[139.57822,35.71658],[139.57805,35.71674],[139.57797,35.71681],[139.57787,35.71691],[139.57779,35.71698],[139.57769,35.71707],[139.57769,35.71707],[139.57762,35.71714],[139.57757,35.71718],[139.57742,35.71731],[139.57733,35.71737],[139.57725,35.71744],[139.57717,35.7175],[139.57706,35.71759],[139.57698,35.71766],[139.57688,35.71774],[139.57668,35.71791],[139.57632,35.71823],[139.5762,35.71831],[139.57601,35.71845],[139.57588,35.71855],[139.57566,35.71866],[139.57542,35.71882],[139.57542,35.71882],[139.57512,35.71899],[139.57476,35.71914],[139.5746,35.71921],[139.57442,35.71927],[139.57395,35.71943],[139.57343,35.71959],[139.57311,35.71969],[139.57272,35.7198],[139.57213,35.71998],[139.57205,35.72],[139.57184,35.72007],[139.57109,35.72029],[139.57104,35.7203],[139.57088,35.72035],[139.57068,35.72041],[139.57013,35.72057],[139.56994,35.72063],[139.56976,35.72068],[139.5691,35.72088],[139.56876,35.72098],[139.56868,35.72101],[139.56859,35.72103],[139.56839,35.72109],[139.56823,35.7211],[139.56805,35.72113],[139.56802,35.72114],[139.56771,35.7212],[139.56747,35.72125],[139.567,35.72136],[139.56677,35.7214],[139.56638,35.72149],[139.56582,35.72162],[139.56564,35.72166],[139.56567,35.72231],[139.56569,35.72264],[139.56556,35.72304],[139.56546,35.72334],[139.56534,35.72385],[139.56528,35.72409],[139.56525,35.72427],[139.56543,35.72468],[139.56545,35.72472],[139.56545,35.72486],[139.56577,35.72559],[139.56592,35.72605],[139.566,35.72663],[139.566,35.72705],[139.56604,35.7272],[139.56608,35.72733],[139.56624,35.72762],[139.56629,35.72775],[139.56634,35.72792],[139.56653,35.7282],[139.56666,35.72847],[139.5668,35.72876],[139.56711,35.72939],[139.56733,35.72983],[139.56739,35.72993],[139.56753,35.7303],[139.56764,35.73058],[139.56805,35.73134],[139.56814,35.73154],[139.56815,35.73155],[139.56829,35.73183],[139.5686,35.73245],[139.56867,35.73258],[139.56875,35.73274],[139.56879,35.73284],[139.56886,35.73298],[139.56891,35.73307],[139.56897,35.73321],[139.56899,35.73324],[139.56902,35.7333],[139.56918,35.73365],[139.56927,35.73383],[139.56933,35.73395],[139.56939,35.73409],[139.56942,35.73415],[139.56942,35.73416],[139.56934,35.73425],[139.56925,35.73435],[139.5691,35.73452],[139.56879,35.73483],[139.5683,35.73536],[139.56792,35.73575],[139.56786,35.73582],[139.56777,35.73591],[139.5677,35.73597],[139.56765,35.73603],[139.56755,35.73613],[139.56733,35.73636],[139.56733,35.73645],[139.56741,35.73663],[139.56743,35.73667],[139.56743,35.73667],[139.56755,35.7369],[139.56757,35.73709],[139.56772,35.7374],[139.56779,35.73754],[139.56786,35.73767],[139.56796,35.73787],[139.56811,35.73798],[139.56825,35.73808],[139.56829,35.73839],[139.56828,35.73847],[139.56826,35.73887],[139.5682,35.73897],[139.56819,35.73939],[139.56816,35.73989],[139.56815,35.74005],[139.56819,35.74063],[139.56819,35.74075],[139.56819,35.74115],[139.56821,35.74145],[139.5682,35.74184],[139.56817,35.74202],[139.56817,35.74208],[139.56816,35.74231],[139.56816,35.74232],[139.56816,35.74242],[139.56816,35.74246],[139.56816,35.74249],[139.56816,35.74276],[139.56813,35.74296],[139.56808,35.74324],[139.56799,35.74348],[139.56797,35.74363],[139.56794,35.74374],[139.56792,35.74407],[139.56782,35.74419],[139.56774,35.74448],[139.56764,35.74475],[139.56753,35.74502],[139.56747,35.74528],[139.56732,35.7457],[139.56729,35.74575],[139.56718,35.74599],[139.56689,35.74627],[139.5669,35.74634],[139.5669,35.74637],[139.56691,35.74641],[139.56697,35.74693],[139.56695,35.74707],[139.56676,35.74743],[139.56769,35.7475],[139.56774,35.7475],[139.56805,35.74753],[139.56829,35.74755],[139.56834,35.74755],[139.56883,35.74759],[139.56883,35.74767],[139.56884,35.74777],[139.56885,35.74788],[139.56885,35.74796],[139.56879,35.7481],[139.56874,35.74817],[139.56864,35.74831],[139.56849,35.74851],[139.56846,35.74855],[139.5683,35.74878],[139.5683,35.74878],[139.56815,35.74908],[139.56813,35.74912],[139.56796,35.74958],[139.56779,35.75006],[139.56798,35.75007],[139.56817,35.75008],[139.56871,35.75005],[139.56888,35.75001],[139.56927,35.74999],[139.56922,35.75014],[139.56917,35.75034],[139.56916,35.75049],[139.56918,35.75073],[139.5692,35.75085],[139.56921,35.75099],[139.56919,35.75119],[139.56916,35.75135],[139.56913,35.75152],[139.56901,35.75192],[139.56891,35.75211],[139.56871,35.75244],[139.5685,35.7527],[139.5684,35.75282],[139.5683,35.75295],[139.56815,35.7531],[139.56811,35.75313],[139.5679,35.75318],[139.56769,35.75322],[139.56769,35.75331],[139.56769,35.75338],[139.56769,35.75346],[139.56769,35.75368],[139.56773,35.75424],[139.56775,35.75447],[139.56776,35.75479],[139.56776,35.75487],[139.56776,35.75492],[139.56777,35.755],[139.56777,35.75507],[139.56742,35.7551],[139.5671,35.75519],[139.56696,35.75546],[139.56693,35.75552],[139.5669,35.75558],[139.56685,35.7559],[139.56663,35.75595],[139.5666,35.75596],[139.56659,35.75596],[139.56654,35.75598],[139.56638,35.75603],[139.56638,35.7563],[139.56637,35.75644],[139.5663,35.75668],[139.56583,35.75682],[139.56582,35.75697],[139.56582,35.75702],[139.56581,35.75709],[139.56595,35.75725],[139.56599,35.75729],[139.56603,35.75734],[139.56606,35.75738],[139.56611,35.75742],[139.56604,35.75755],[139.56579,35.75794],[139.56571,35.75806],[139.56563,35.75818],[139.5656,35.75823],[139.56558,35.75826],[139.56553,35.75833],[139.56537,35.75847],[139.565,35.75856],[139.56486,35.75883],[139.56462,35.75925],[139.56444,35.75947],[139.56413,35.75966],[139.56407,35.7599],[139.56397,35.76025],[139.56392,35.76043],[139.5639,35.76049],[139.56387,35.76061],[139.56384,35.76078],[139.56382,35.76096],[139.56382,35.76099],[139.5638,35.76109],[139.5638,35.76114],[139.56379,35.76118],[139.56379,35.76124],[139.56379,35.76126],[139.56378,35.76133],[139.56378,35.7614],[139.56377,35.7614],[139.56368,35.76144],[139.56368,35.76145],[139.56364,35.76146],[139.56359,35.76149],[139.56352,35.76149],[139.56332,35.7615],[139.56308,35.76152],[139.56304,35.76153],[139.56295,35.76155],[139.56278,35.7616],[139.563,35.76204],[139.56339,35.7625],[139.56358,35.76284],[139.56371,35.76285],[139.56389,35.76285],[139.56412,35.76287],[139.56457,35.76287],[139.56473,35.76282],[139.56481,35.7624],[139.56499,35.76204],[139.56503,35.76196],[139.56516,35.76186],[139.56536,35.76187],[139.56555,35.76187],[139.56561,35.76188],[139.56578,35.7619],[139.56606,35.76195],[139.56624,35.76196],[139.56636,35.76197],[139.56647,35.76198],[139.56655,35.76197],[139.5666,35.76197],[139.56675,35.76196],[139.56678,35.76196],[139.56686,35.76205],[139.56686,35.76233],[139.56672,35.76274],[139.56679,35.76282],[139.56729,35.76298],[139.56742,35.763],[139.56767,35.76304],[139.56783,35.76301],[139.56793,35.76279],[139.56821,35.76279],[139.56837,35.76282],[139.56837,35.763],[139.56823,35.76351],[139.56931,35.76363],[139.5694,35.76333],[139.56945,35.76317],[139.56961,35.76321],[139.56972,35.7633],[139.56973,35.76301],[139.57017,35.76307],[139.57074,35.76324],[139.57107,35.76334],[139.57106,35.76338],[139.57104,35.76347],[139.571,35.76366],[139.57093,35.76403],[139.57087,35.76417],[139.57077,35.76425],[139.57055,35.76423],[139.57043,35.76439],[139.57041,35.76441],[139.57036,35.76449],[139.57021,35.76468],[139.57008,35.76509],[139.56999,35.76537],[139.57004,35.76559],[139.57022,35.76568],[139.57034,35.76573],[139.57059,35.76556],[139.57071,35.7654],[139.57081,35.76543],[139.57107,35.76551],[139.57148,35.76562],[139.57166,35.76567],[139.57167,35.76567],[139.57181,35.7657],[139.57188,35.76571],[139.57205,35.76575],[139.57215,35.76576],[139.57222,35.76578],[139.5723,35.76579],[139.57243,35.76582],[139.57247,35.76594],[139.57239,35.76645],[139.57272,35.76648],[139.57336,35.76652],[139.57364,35.76651],[139.57369,35.76648],[139.57384,35.76639],[139.57397,35.76632],[139.57401,35.76628],[139.57408,35.76623],[139.57419,35.76614],[139.57433,35.76615],[139.57447,35.76616],[139.57459,35.76623],[139.57448,35.76653],[139.57437,35.76682],[139.57436,35.76687],[139.57429,35.76721],[139.57424,35.76748],[139.57432,35.76803],[139.57433,35.76819],[139.57522,35.76816],[139.57604,35.7681],[139.57689,35.76807],[139.57712,35.76856],[139.57719,35.76871],[139.57738,35.76914],[139.57756,35.76926],[139.57767,35.76928],[139.57774,35.76929],[139.57788,35.76931],[139.57807,35.76947],[139.57815,35.76982],[139.57816,35.77018],[139.57817,35.77023],[139.57817,35.77041],[139.57816,35.77066],[139.57816,35.77085],[139.57851,35.77088],[139.5787,35.7709],[139.57874,35.7709],[139.57891,35.77092],[139.57957,35.771],[139.58065,35.77109],[139.58068,35.77109],[139.58068,35.77121],[139.58068,35.77164],[139.58065,35.77179],[139.5809,35.77179],[139.58098,35.77125],[139.581,35.77112],[139.58119,35.77113],[139.58125,35.77113],[139.58129,35.77113],[139.58155,35.77112],[139.58199,35.77116],[139.58207,35.77118],[139.58224,35.77121],[139.5822,35.77139],[139.58215,35.7716],[139.58208,35.77197],[139.58198,35.77208],[139.58189,35.77218],[139.58186,35.77245],[139.58201,35.77256],[139.58268,35.77265],[139.58326,35.77274],[139.58336,35.77275],[139.58368,35.77278],[139.58377,35.77285],[139.58373,35.77302],[139.58368,35.77332],[139.5836,35.77364],[139.58369,35.77374],[139.58372,35.77378],[139.58373,35.7738],[139.58388,35.77385],[139.584,35.7739],[139.58401,35.77413],[139.584,35.77445],[139.58398,35.77483],[139.58423,35.77501],[139.5848,35.77514],[139.58532,35.77521],[139.5855,35.7752],[139.58572,35.77519],[139.58581,35.77519],[139.58604,35.77518],[139.58653,35.77518],[139.58668,35.77528],[139.5869,35.77555],[139.58693,35.77558],[139.58697,35.77562],[139.58721,35.7759],[139.58756,35.77636],[139.58756,35.77636],[139.58766,35.77649],[139.58793,35.77681],[139.58809,35.77722],[139.58818,35.77743],[139.58826,35.77757],[139.5884,35.77782],[139.58845,35.77792],[139.58866,35.7783],[139.58876,35.77853],[139.58878,35.77852],[139.58925,35.77837],[139.58933,35.77835],[139.58956,35.77828],[139.58963,35.77825],[139.59051,35.778],[139.5915,35.7777],[139.59265,35.77738],[139.59341,35.77719],[139.59342,35.77719],[139.5937,35.7772],[139.59375,35.77729],[139.59382,35.77742],[139.59389,35.77816],[139.59397,35.77842],[139.59404,35.77862],[139.59414,35.7787],[139.59443,35.77866],[139.59462,35.77863],[139.59477,35.7786],[139.59554,35.77853],[139.5958,35.7785],[139.59582,35.7785],[139.59661,35.77841],[139.59701,35.77838],[139.5972,35.77837]]]}},{"type":"Feature","properties":{"ja":"江東区"},"geometry":{"type":"MultiPolygon","coordinates":[[[[139.8354,35.70302],[139.83567,35.70288],[139.83625,35.70258],[139.83803,35.70184],[139.83804,35.70184],[139.84053,35.70095],[139.84075,35.70087],[139.84119,35.70068],[139.84265,35.70007],[139.84381,35.69954],[139.84452,35.69908],[139.84501,35.69864],[139.84511,35.69856],[139.84549,35.69811],[139.84566,35.69793],[139.84637,35.69698],[139.8469,35.69621],[139.84704,35.69599],[139.84757,35.69517],[139.84761,35.6951],[139.84764,35.69506],[139.8477,35.69497],[139.84777,35.69403],[139.84782,35.69292],[139.84783,35.69256],[139.84784,35.69225],[139.84787,35.691],[139.84787,35.691],[139.84788,35.69086],[139.84789,35.69055],[139.84786,35.69024],[139.84784,35.69006],[139.84781,35.68974],[139.84776,35.68926],[139.84758,35.68809],[139.84745,35.68764],[139.84708,35.68637],[139.84683,35.68533],[139.84669,35.6848],[139.84663,35.68459],[139.84647,35.68399],[139.84638,35.68338],[139.8466,35.68307],[139.84644,35.6828],[139.84631,35.68257],[139.84551,35.68129],[139.84564,35.68114],[139.8458,35.68102],[139.8464,35.68055],[139.84717,35.67994],[139.84822,35.67914],[139.84778,35.67787],[139.8474,35.67637],[139.84733,35.6761],[139.84688,35.67385],[139.84673,35.67229],[139.84663,35.67134],[139.84649,35.66991],[139.84639,35.66791],[139.84622,35.66566],[139.84608,35.66361],[139.84602,35.66288],[139.846,35.6626],[139.84598,35.6623],[139.84596,35.66205],[139.84587,35.66091],[139.84566,35.65806],[139.84554,35.65672],[139.8429,35.65682],[139.84289,35.65682],[139.84284,35.65621],[139.8428,35.65557],[139.84275,35.65494],[139.84248,35.65463],[139.84202,35.65421],[139.84199,35.65383],[139.84182,35.65165],[139.84168,35.64984],[139.84164,35.64948],[139.84154,35.64888],[139.84139,35.64789],[139.84138,35.64776],[139.84135,35.64742],[139.84134,35.64728],[139.84133,35.64708],[139.84131,35.64673],[139.8413,35.64653],[139.84126,35.64612],[139.84123,35.64553],[139.84117,35.64484],[139.84111,35.64398],[139.84109,35.64364],[139.84104,35.64305],[139.84101,35.64257],[139.84066,35.63778],[139.84039,35.63357],[139.83948,35.63348],[139.83945,35.63354],[139.83514,35.63321],[139.83489,35.63319],[139.82386,35.63227],[139.82387,35.63218],[139.82161,35.63195],[139.82166,35.63155],[139.82148,35.63154],[139.82124,35.63341],[139.82348,35.63363],[139.82382,35.63367],[139.82401,35.63369],[139.82561,35.63385],[139.83367,35.63466],[139.83376,35.6356],[139.83411,35.63917],[139.83412,35.63967],[139.8345,35.64402],[139.8338,35.64396],[139.82513,35.64314],[139.82443,35.64307],[139.82279,35.64294],[139.82223,35.64294],[139.82169,35.64294],[139.82082,35.64205],[139.81906,35.64187],[139.80805,35.6408],[139.80718,35.64069],[139.80643,35.64059],[139.80645,35.64043],[139.80694,35.63686],[139.80135,35.63633],[139.80148,35.63272],[139.80043,35.63113],[139.80032,35.63113],[139.80032,35.631],[139.80048,35.6306],[139.80083,35.63068],[139.80099,35.6302],[139.80066,35.6301],[139.80148,35.62804],[139.80221,35.6262],[139.79884,35.62177],[139.79859,35.62181],[139.79746,35.62319],[139.7925,35.62927],[139.79204,35.62901],[139.79195,35.62912],[139.79243,35.62937],[139.79203,35.62985],[139.79193,35.6298],[139.78901,35.62826],[139.78856,35.62804],[139.78726,35.62736],[139.78707,35.62763],[139.78674,35.62803],[139.78584,35.62914],[139.78554,35.62948],[139.78526,35.62984],[139.78487,35.62964],[139.78475,35.6298],[139.78447,35.63016],[139.78419,35.6305],[139.78409,35.63061],[139.78343,35.63141],[139.78314,35.63174],[139.78278,35.63212],[139.78252,35.63241],[139.78175,35.63315],[139.7813,35.63369],[139.78088,35.63425],[139.78032,35.63489],[139.78007,35.63514],[139.77977,35.63538],[139.77999,35.63555],[139.78006,35.63548],[139.78022,35.63534],[139.78027,35.63529],[139.78007,35.63555],[139.77872,35.6372],[139.7787,35.6374],[139.77899,35.63868],[139.77921,35.63966],[139.7767,35.64216],[139.77423,35.64425],[139.77561,35.64521],[139.77799,35.64686],[139.78403,35.65107],[139.78515,35.65185],[139.78811,35.65391],[139.78974,35.65501],[139.7894,35.65793],[139.78937,35.65823],[139.78933,35.65849],[139.78928,35.65884],[139.78923,35.65915],[139.78912,35.66075],[139.78911,35.66101],[139.78909,35.66226],[139.78916,35.66362],[139.78913,35.66468],[139.78906,35.66564],[139.78894,35.66654],[139.78886,35.66692],[139.78875,35.66741],[139.78875,35.66741],[139.78859,35.66787],[139.78794,35.66969],[139.7878,35.66991],[139.78754,35.67062],[139.78729,35.67147],[139.78725,35.67171],[139.78716,35.67228],[139.78715,35.67292],[139.78712,35.67391],[139.78717,35.67451],[139.78729,35.6751],[139.78753,35.67616],[139.78757,35.67626],[139.78758,35.67627],[139.78758,35.67629],[139.78785,35.67698],[139.78869,35.67852],[139.78896,35.67897],[139.78908,35.67916],[139.78924,35.67935],[139.78982,35.68005],[139.79076,35.68124],[139.79114,35.68171],[139.7918,35.6825],[139.79185,35.68257],[139.79212,35.68303],[139.79238,35.68348],[139.79263,35.68438],[139.79274,35.68515],[139.79275,35.686],[139.79265,35.68647],[139.79236,35.68711],[139.79209,35.68747],[139.79195,35.68765],[139.79157,35.68806],[139.7904,35.68929],[139.79112,35.68969],[139.79118,35.68972],[139.79124,35.68975],[139.79152,35.68991],[139.79158,35.68994],[139.79161,35.68996],[139.79189,35.69011],[139.79192,35.69013],[139.79198,35.69016],[139.79242,35.6904],[139.79244,35.69048],[139.79246,35.69059],[139.79247,35.69065],[139.79248,35.69071],[139.79249,35.69077],[139.79333,35.69081],[139.79339,35.69081],[139.79344,35.69081],[139.79348,35.69082],[139.79348,35.69074],[139.79349,35.6907],[139.79349,35.69064],[139.7935,35.69056],[139.79355,35.69014],[139.79355,35.69007],[139.79356,35.69001],[139.79488,35.69015],[139.79492,35.69016],[139.79499,35.69017],[139.79505,35.69017],[139.79512,35.68978],[139.79512,35.68976],[139.79513,35.68972],[139.79515,35.68963],[139.79614,35.68973],[139.79616,35.68973],[139.79621,35.68973],[139.79639,35.68975],[139.79673,35.68854],[139.79698,35.68866],[139.79702,35.68868],[139.79706,35.6887],[139.79795,35.68913],[139.79809,35.6892],[139.79856,35.68943],[139.79917,35.68972],[139.79935,35.68962],[139.79943,35.68957],[139.79984,35.68936],[139.80013,35.68888],[139.80048,35.6883],[139.80067,35.68831],[139.80073,35.68831],[139.8008,35.68832],[139.80203,35.68837],[139.80208,35.68838],[139.80214,35.68838],[139.80331,35.68843],[139.80338,35.68843],[139.8035,35.68844],[139.80414,35.68847],[139.80464,35.68849],[139.8047,35.6885],[139.80474,35.6885],[139.80481,35.6885],[139.80481,35.68845],[139.80483,35.68832],[139.80484,35.6882],[139.80489,35.68779],[139.80489,35.68775],[139.80489,35.68772],[139.80494,35.68733],[139.80494,35.68729],[139.80495,35.68725],[139.805,35.68678],[139.80556,35.6868],[139.80605,35.68683],[139.80618,35.68683],[139.80629,35.68684],[139.80667,35.68686],[139.80733,35.68689],[139.80737,35.68689],[139.80742,35.68689],[139.80849,35.68695],[139.80856,35.68695],[139.80861,35.68695],[139.80898,35.68697],[139.80904,35.68697],[139.8091,35.68697],[139.80922,35.68698],[139.80926,35.68698],[139.8093,35.68699],[139.80946,35.68699],[139.80937,35.68844],[139.80953,35.68845],[139.80957,35.68845],[139.80963,35.68845],[139.80982,35.68846],[139.80986,35.68847],[139.80994,35.68847],[139.81067,35.6885],[139.81074,35.68851],[139.81082,35.68851],[139.81169,35.68855],[139.81173,35.68855],[139.81179,35.68855],[139.81187,35.68856],[139.81186,35.68866],[139.81185,35.68877],[139.81184,35.68886],[139.81176,35.68948],[139.81175,35.68953],[139.81175,35.68958],[139.81173,35.68972],[139.81172,35.68985],[139.81171,35.68992],[139.81169,35.69004],[139.81167,35.69022],[139.81167,35.69026],[139.81166,35.69031],[139.81158,35.69096],[139.81158,35.69101],[139.81157,35.69104],[139.81155,35.69118],[139.81154,35.69127],[139.81148,35.69181],[139.81147,35.69191],[139.81206,35.69193],[139.81226,35.69194],[139.81231,35.69194],[139.81238,35.69195],[139.81324,35.69198],[139.8133,35.69199],[139.81334,35.69199],[139.81344,35.69199],[139.81343,35.69209],[139.81343,35.69212],[139.81343,35.69215],[139.8134,35.69252],[139.81339,35.69256],[139.81339,35.69261],[139.81338,35.69267],[139.8151,35.69277],[139.81515,35.69277],[139.81524,35.69278],[139.81534,35.69279],[139.81535,35.69279],[139.81945,35.69302],[139.81951,35.69302],[139.81954,35.69303],[139.81969,35.69303],[139.81967,35.69331],[139.81963,35.69384],[139.81962,35.69405],[139.81947,35.69624],[139.81945,35.69647],[139.81942,35.69697],[139.81935,35.69815],[139.81928,35.69938],[139.81912,35.70141],[139.81909,35.70176],[139.81908,35.70192],[139.81896,35.70371],[139.81889,35.70463],[139.81877,35.70634],[139.81875,35.70684],[139.81873,35.70714],[139.8187,35.70774],[139.81869,35.70801],[139.82035,35.70734],[139.82191,35.70674],[139.8231,35.70629],[139.82377,35.70602],[139.82525,35.70544],[139.82585,35.70518],[139.82681,35.70478],[139.82791,35.70438],[139.82886,35.70403],[139.82935,35.70377],[139.83068,35.70301],[139.83092,35.70295],[139.83183,35.70291],[139.83193,35.70291],[139.83311,35.7029],[139.83374,35.7029],[139.83466,35.70289],[139.8354,35.70302]]],[[[139.82039,35.63909],[139.82295,35.64168],[139.82287,35.64228],[139.82286,35.64229],[139.82401,35.64242],[139.82474,35.64249],[139.82613,35.64264],[139.82481,35.63959],[139.82858,35.63994],[139.83294,35.64035],[139.83287,35.63948],[139.83286,35.6391],[139.83278,35.63819],[139.82878,35.6378],[139.82515,35.63745],[139.82556,35.63445],[139.8255,35.63445],[139.82391,35.63432],[139.82345,35.63426],[139.82186,35.6341],[139.82113,35.63403],[139.82039,35.63909]]],[[[139.82589,35.63063],[139.83168,35.63121],[139.83571,35.63161],[139.83628,35.6317],[139.8363,35.63153],[139.83698,35.63162],[139.83708,35.63101],[139.83842,35.63113],[139.83847,35.63084],[139.83895,35.63088],[139.83892,35.63118],[139.83929,35.6312],[139.83919,35.63185],[139.83954,35.63188],[139.83955,35.632],[139.84011,35.632],[139.83996,35.63021],[139.83919,35.62122],[139.83858,35.6141],[139.83667,35.61306],[139.83556,35.61245],[139.8306,35.61847],[139.83131,35.61885],[139.83293,35.61972],[139.83165,35.62121],[139.8294,35.61999],[139.82745,35.61986],[139.82714,35.62167],[139.82703,35.62227],[139.82629,35.62786],[139.82589,35.63063]]],[[[139.82061,35.63027],[139.82162,35.63037],[139.82161,35.63049],[139.82168,35.6305],[139.82177,35.6305],[139.82181,35.63026],[139.82069,35.63011],[139.82063,35.6301],[139.82061,35.63027]]],[[[139.78234,35.62949],[139.7826,35.62918],[139.78296,35.6288],[139.78331,35.62833],[139.78365,35.62793],[139.78449,35.62686],[139.78484,35.62648],[139.78489,35.62643],[139.78493,35.62637],[139.78469,35.62586],[139.78292,35.62493],[139.78107,35.62394],[139.78147,35.62344],[139.78146,35.62329],[139.78421,35.61989],[139.78663,35.61689],[139.79034,35.61238],[139.79265,35.60957],[139.79082,35.60704],[139.7902,35.6067],[139.79036,35.60651],[139.78917,35.60492],[139.78705,35.60209],[139.78578,35.60367],[139.7855,35.60351],[139.7831,35.60645],[139.77723,35.61363],[139.77759,35.61383],[139.77755,35.61383],[139.77723,35.61388],[139.77709,35.61381],[139.7751,35.61621],[139.77465,35.61678],[139.7734,35.61832],[139.77328,35.61848],[139.77304,35.61837],[139.77293,35.61853],[139.77439,35.61933],[139.77359,35.62031],[139.77301,35.62101],[139.77231,35.62188],[139.77223,35.62197],[139.77206,35.6222],[139.77199,35.6223],[139.77135,35.62314],[139.77141,35.62319],[139.77167,35.62336],[139.77294,35.62425],[139.77346,35.62459],[139.77377,35.62478],[139.7741,35.62499],[139.77501,35.62551],[139.77572,35.62592],[139.77647,35.62636],[139.77679,35.62654],[139.77727,35.62682],[139.77791,35.62717],[139.77874,35.6276],[139.7793,35.62789],[139.78031,35.62842],[139.78161,35.6291],[139.78176,35.62918],[139.78194,35.62928],[139.78214,35.62938],[139.78234,35.62949],[139.78234,35.62949]]],[[[139.7853,35.6251],[139.78593,35.62545],[139.78851,35.62691],[139.78921,35.62727],[139.78987,35.62762],[139.78997,35.62748],[139.79333,35.62331],[139.79548,35.62069],[139.79573,35.6204],[139.79559,35.62027],[139.79679,35.61918],[139.79655,35.61897],[139.79798,35.61771],[139.79736,35.61704],[139.797,35.61714],[139.79676,35.61664],[139.79617,35.61542],[139.79581,35.61553],[139.79491,35.61376],[139.79443,35.61388],[139.791,35.6181],[139.7853,35.6251]]]]}},{"type":"Feature","properties":{"ja":"目黒区"},"geometry":{"type":"Polygon","coordinates":[[[139.71764,35.64166],[139.71764,35.64158],[139.71764,35.64155],[139.71764,35.64151],[139.71765,35.64127],[139.71704,35.64108],[139.71658,35.64093],[139.71644,35.64088],[139.71639,35.64086],[139.71629,35.64083],[139.71625,35.64081],[139.71562,35.6405],[139.71543,35.64042],[139.71534,35.64038],[139.71526,35.64021],[139.71519,35.64005],[139.71516,35.63999],[139.71506,35.63974],[139.71495,35.63945],[139.71494,35.63941],[139.71493,35.6394],[139.71493,35.63938],[139.71484,35.639],[139.71475,35.63881],[139.71468,35.63866],[139.71467,35.63864],[139.71467,35.63864],[139.71461,35.63857],[139.71453,35.63849],[139.71444,35.63841],[139.71429,35.63827],[139.71426,35.63825],[139.714,35.63811],[139.71391,35.63806],[139.71387,35.63805],[139.71365,35.63797],[139.71372,35.63789],[139.71376,35.63784],[139.71359,35.63775],[139.71353,35.63772],[139.71349,35.63769],[139.71323,35.63756],[139.71323,35.63755],[139.71328,35.63738],[139.71336,35.63706],[139.7134,35.63693],[139.71354,35.63636],[139.71356,35.63629],[139.71359,35.63618],[139.71365,35.63591],[139.71368,35.63581],[139.71368,35.63579],[139.71373,35.63559],[139.71377,35.63543],[139.71386,35.63519],[139.71388,35.63516],[139.71391,35.63509],[139.71398,35.63495],[139.71413,35.63471],[139.71415,35.63467],[139.71418,35.63463],[139.71432,35.6344],[139.7144,35.63428],[139.71444,35.63414],[139.71444,35.63402],[139.71444,35.6339],[139.71445,35.63345],[139.71443,35.63333],[139.71437,35.63321],[139.71435,35.63316],[139.71423,35.6329],[139.7142,35.63271],[139.71422,35.63261],[139.71435,35.63234],[139.71446,35.63221],[139.71447,35.63214],[139.71445,35.63196],[139.71442,35.63163],[139.71441,35.63158],[139.7144,35.63132],[139.71442,35.63117],[139.71448,35.631],[139.71462,35.6305],[139.71477,35.63003],[139.71482,35.6298],[139.71482,35.62979],[139.71463,35.62966],[139.7145,35.62958],[139.71446,35.62956],[139.71444,35.62955],[139.71433,35.62949],[139.71428,35.62947],[139.71452,35.62916],[139.71463,35.62905],[139.71449,35.629],[139.71442,35.62897],[139.71424,35.62891],[139.71383,35.62876],[139.71362,35.62869],[139.71327,35.62855],[139.71323,35.62854],[139.71248,35.62825],[139.71237,35.62821],[139.71224,35.62816],[139.7121,35.62811],[139.71184,35.62801],[139.71179,35.62799],[139.71169,35.62796],[139.71181,35.62767],[139.71145,35.62755],[139.71137,35.62753],[139.71132,35.62751],[139.71123,35.62749],[139.711,35.62743],[139.71096,35.62742],[139.71093,35.62741],[139.71082,35.62736],[139.71042,35.62711],[139.71038,35.62708],[139.71026,35.62701],[139.71025,35.627],[139.70958,35.62663],[139.70927,35.62648],[139.70922,35.62646],[139.70919,35.62644],[139.70907,35.62638],[139.70863,35.62623],[139.70839,35.62616],[139.70825,35.62615],[139.70821,35.62615],[139.7082,35.62615],[139.70816,35.62615],[139.70798,35.62615],[139.70784,35.62617],[139.70774,35.62618],[139.70769,35.62618],[139.70764,35.62619],[139.7075,35.6262],[139.70747,35.62616],[139.70731,35.62584],[139.7073,35.62581],[139.70713,35.62547],[139.70693,35.62547],[139.70638,35.62544],[139.70604,35.62541],[139.70576,35.62536],[139.70518,35.6252],[139.70457,35.62498],[139.7041,35.62475],[139.70401,35.62471],[139.70392,35.62484],[139.70377,35.62505],[139.70366,35.62501],[139.70324,35.62492],[139.70285,35.62488],[139.70251,35.62483],[139.70246,35.62495],[139.70244,35.625],[139.70241,35.62511],[139.70234,35.62537],[139.70231,35.62549],[139.70218,35.62552],[139.70191,35.62559],[139.70176,35.62571],[139.70159,35.62583],[139.70146,35.6259],[139.70133,35.6259],[139.70123,35.6259],[139.70091,35.6259],[139.70061,35.62589],[139.70042,35.62586],[139.70022,35.62582],[139.70016,35.62581],[139.69971,35.62569],[139.69951,35.62564],[139.69941,35.62562],[139.69884,35.62562],[139.69878,35.62562],[139.69873,35.62562],[139.69859,35.62562],[139.69848,35.62561],[139.69842,35.6256],[139.69836,35.62557],[139.6981,35.62543],[139.69786,35.62528],[139.69744,35.62524],[139.69716,35.62517],[139.69712,35.62516],[139.69708,35.62515],[139.69673,35.62507],[139.69634,35.62497],[139.69627,35.62492],[139.69614,35.62482],[139.69614,35.62482],[139.69615,35.62481],[139.69628,35.62476],[139.69642,35.62472],[139.69676,35.62459],[139.69738,35.62449],[139.69743,35.62448],[139.69746,35.62448],[139.69747,35.62448],[139.69771,35.62444],[139.69829,35.62415],[139.69837,35.62412],[139.69839,35.62412],[139.69842,35.62411],[139.69846,35.6241],[139.69877,35.62404],[139.6992,35.62392],[139.69934,35.62387],[139.69938,35.62385],[139.69942,35.62384],[139.69973,35.62373],[139.70013,35.62362],[139.70064,35.62351],[139.70071,35.62348],[139.70076,35.62347],[139.70081,35.62345],[139.7013,35.62329],[139.70136,35.62327],[139.70156,35.62319],[139.70164,35.62315],[139.70182,35.62298],[139.70185,35.62296],[139.70187,35.62293],[139.70194,35.62288],[139.70221,35.62265],[139.70224,35.62263],[139.70225,35.62262],[139.70227,35.62261],[139.70238,35.62253],[139.70245,35.62249],[139.70276,35.62237],[139.70333,35.62216],[139.70341,35.62213],[139.70345,35.62211],[139.70374,35.62198],[139.70387,35.62193],[139.70391,35.62191],[139.70398,35.62188],[139.70393,35.6218],[139.70372,35.62148],[139.70329,35.62158],[139.70317,35.6216],[139.70297,35.62154],[139.7028,35.62148],[139.70275,35.62147],[139.70267,35.62144],[139.70267,35.62139],[139.70264,35.62131],[139.7026,35.62121],[139.70238,35.62073],[139.70246,35.62064],[139.70249,35.62061],[139.70252,35.62058],[139.70259,35.62051],[139.70252,35.62033],[139.70252,35.62033],[139.70238,35.62013],[139.70238,35.62013],[139.70234,35.62009],[139.70169,35.61939],[139.70167,35.61937],[139.70163,35.61933],[139.70158,35.61928],[139.70084,35.61844],[139.70079,35.61839],[139.70076,35.61835],[139.70072,35.61831],[139.70029,35.61782],[139.70026,35.61777],[139.70016,35.61766],[139.69993,35.61742],[139.69988,35.61734],[139.69978,35.61718],[139.69978,35.61718],[139.69972,35.61708],[139.6997,35.61705],[139.69963,35.61694],[139.69918,35.61641],[139.69897,35.61616],[139.69888,35.61611],[139.69884,35.61609],[139.69881,35.61608],[139.69874,35.61604],[139.69854,35.61582],[139.69825,35.61542],[139.69823,35.61539],[139.69821,35.61536],[139.69815,35.61528],[139.69774,35.61498],[139.69733,35.61476],[139.69731,35.61474],[139.69727,35.61472],[139.6968,35.61446],[139.6965,35.61427],[139.69647,35.61425],[139.69644,35.61423],[139.69637,35.61418],[139.69586,35.6135],[139.69584,35.61347],[139.69582,35.61344],[139.69581,35.61343],[139.69567,35.61282],[139.69566,35.61277],[139.69565,35.61271],[139.69564,35.61264],[139.69561,35.61245],[139.6956,35.61242],[139.6956,35.61237],[139.69558,35.61228],[139.69558,35.61211],[139.6956,35.61198],[139.69561,35.61189],[139.69564,35.61172],[139.6957,35.61129],[139.6957,35.61124],[139.69574,35.61073],[139.69574,35.6107],[139.69575,35.61053],[139.69574,35.61033],[139.6957,35.6101],[139.69568,35.61002],[139.69565,35.60989],[139.69563,35.60983],[139.69562,35.60979],[139.6956,35.60971],[139.6956,35.60967],[139.69559,35.60952],[139.69559,35.60949],[139.69558,35.60944],[139.69574,35.6091],[139.69576,35.60906],[139.69577,35.60903],[139.69581,35.60895],[139.69543,35.60892],[139.69547,35.60857],[139.6955,35.60851],[139.69552,35.60846],[139.69553,35.60842],[139.69554,35.60841],[139.69555,35.60831],[139.69544,35.60773],[139.69542,35.60767],[139.69541,35.60761],[139.69539,35.60749],[139.69503,35.60816],[139.69487,35.60835],[139.69485,35.60837],[139.69482,35.60841],[139.69468,35.60854],[139.6943,35.60886],[139.69426,35.6089],[139.69383,35.60927],[139.69364,35.60939],[139.69347,35.6095],[139.69325,35.60963],[139.6932,35.60967],[139.69271,35.60998],[139.6921,35.61039],[139.69208,35.61041],[139.69204,35.61043],[139.69162,35.61072],[139.69152,35.61078],[139.69149,35.6108],[139.69146,35.61082],[139.6913,35.61093],[139.69099,35.61106],[139.69096,35.61108],[139.69095,35.61108],[139.69091,35.61109],[139.69073,35.61114],[139.69056,35.61116],[139.69024,35.61117],[139.69022,35.61117],[139.69018,35.61117],[139.68998,35.61118],[139.68976,35.61119],[139.68955,35.61119],[139.68936,35.61118],[139.68931,35.61118],[139.68926,35.61118],[139.68884,35.61116],[139.68863,35.61117],[139.68857,35.61117],[139.68839,35.61118],[139.68781,35.61131],[139.68764,35.61138],[139.68714,35.61157],[139.68703,35.61162],[139.68699,35.61163],[139.68686,35.61166],[139.68686,35.61166],[139.68681,35.61167],[139.68662,35.61169],[139.68613,35.61168],[139.68594,35.61181],[139.68589,35.61185],[139.68585,35.61187],[139.68553,35.61209],[139.68514,35.61241],[139.68509,35.61245],[139.68509,35.61245],[139.68502,35.61251],[139.68469,35.61278],[139.68447,35.61308],[139.68427,35.61321],[139.68416,35.61316],[139.68412,35.61315],[139.68408,35.61313],[139.684,35.61309],[139.68401,35.61302],[139.68401,35.613],[139.68402,35.61296],[139.68423,35.6116],[139.68425,35.61146],[139.68426,35.61143],[139.68426,35.61139],[139.68443,35.61033],[139.6847,35.60935],[139.68471,35.60922],[139.6847,35.60912],[139.68469,35.60909],[139.68469,35.60906],[139.68465,35.60867],[139.6846,35.60817],[139.68456,35.60769],[139.68456,35.60766],[139.68455,35.60756],[139.68454,35.60742],[139.68454,35.60733],[139.68501,35.60732],[139.68501,35.60725],[139.68502,35.60712],[139.68502,35.60692],[139.68502,35.60674],[139.68503,35.60645],[139.68491,35.60634],[139.68475,35.60534],[139.68409,35.60539],[139.68379,35.60543],[139.68308,35.60554],[139.68279,35.60559],[139.68272,35.60561],[139.68267,35.60564],[139.68267,35.60564],[139.68265,35.60567],[139.68261,35.60572],[139.68251,35.60578],[139.68245,35.6058],[139.68238,35.60584],[139.68231,35.60585],[139.68222,35.60585],[139.68215,35.60584],[139.68209,35.60584],[139.68204,35.60582],[139.68198,35.6058],[139.68195,35.60578],[139.6819,35.60574],[139.68189,35.60569],[139.68179,35.60529],[139.68167,35.60501],[139.68145,35.6045],[139.68108,35.6045],[139.68107,35.60449],[139.6807,35.60447],[139.68069,35.60447],[139.68062,35.60446],[139.68054,35.60446],[139.68053,35.60445],[139.68045,35.60442],[139.68042,35.60441],[139.68041,35.6044],[139.68047,35.60412],[139.68047,35.60409],[139.68049,35.604],[139.68053,35.60382],[139.68055,35.60376],[139.68059,35.60362],[139.68066,35.60337],[139.68067,35.60331],[139.68073,35.60308],[139.68073,35.603],[139.68074,35.60294],[139.68071,35.60282],[139.68068,35.60265],[139.68066,35.60242],[139.68063,35.6022],[139.68059,35.60161],[139.68061,35.60112],[139.68061,35.60111],[139.68061,35.60109],[139.68062,35.60104],[139.68063,35.60103],[139.68065,35.60096],[139.68069,35.60086],[139.68074,35.60079],[139.6808,35.60073],[139.68093,35.60065],[139.68093,35.60065],[139.68092,35.60065],[139.68028,35.60067],[139.68036,35.60099],[139.68036,35.60101],[139.68037,35.60104],[139.68037,35.60107],[139.68039,35.60115],[139.6804,35.60125],[139.6804,35.60132],[139.68034,35.60196],[139.68026,35.60289],[139.68022,35.60302],[139.68022,35.60303],[139.68009,35.60303],[139.68001,35.60301],[139.67998,35.603],[139.67994,35.60298],[139.67983,35.60295],[139.67975,35.60311],[139.67974,35.60314],[139.67974,35.60314],[139.67973,35.60319],[139.67972,35.60348],[139.67972,35.60353],[139.67972,35.60356],[139.6797,35.60381],[139.67953,35.60381],[139.6795,35.60395],[139.67949,35.60398],[139.67949,35.60401],[139.67948,35.60403],[139.67945,35.60433],[139.67945,35.60436],[139.67945,35.60439],[139.67941,35.60471],[139.67941,35.60474],[139.67941,35.60477],[139.67939,35.60496],[139.67937,35.60508],[139.67937,35.60511],[139.67936,35.60515],[139.6793,35.60552],[139.6793,35.60556],[139.6793,35.60558],[139.67925,35.60568],[139.67921,35.60573],[139.67919,35.60576],[139.67905,35.60589],[139.67888,35.60606],[139.67882,35.60615],[139.67875,35.6063],[139.67871,35.60641],[139.67863,35.60661],[139.67863,35.60662],[139.6786,35.60671],[139.67854,35.60676],[139.67841,35.60685],[139.67785,35.6073],[139.67771,35.60739],[139.67761,35.60747],[139.67739,35.60774],[139.67726,35.60794],[139.67717,35.608],[139.67714,35.60801],[139.677,35.60809],[139.67672,35.6082],[139.67644,35.60827],[139.6761,35.60834],[139.67591,35.60836],[139.67574,35.60836],[139.67556,35.60837],[139.6752,35.60836],[139.67501,35.60834],[139.67496,35.60834],[139.67438,35.60828],[139.67391,35.6082],[139.67387,35.6082],[139.67385,35.60819],[139.67379,35.60819],[139.67361,35.60818],[139.6734,35.60818],[139.67325,35.60815],[139.67299,35.60807],[139.67289,35.60804],[139.67282,35.60802],[139.67257,35.60795],[139.6719,35.60771],[139.67123,35.60748],[139.67087,35.60735],[139.66982,35.60696],[139.66967,35.60691],[139.66865,35.60656],[139.66851,35.60652],[139.66839,35.60649],[139.66831,35.60649],[139.66831,35.60649],[139.66795,35.60653],[139.66791,35.60654],[139.66749,35.60659],[139.66745,35.6066],[139.66731,35.60665],[139.66724,35.60667],[139.66705,35.60674],[139.66687,35.6068],[139.6666,35.60689],[139.66656,35.6069],[139.66652,35.60692],[139.66647,35.60693],[139.66573,35.60719],[139.66539,35.60735],[139.66536,35.60737],[139.6651,35.60749],[139.66498,35.60757],[139.66449,35.60786],[139.66446,35.60789],[139.6644,35.60792],[139.66359,35.60842],[139.66355,35.60844],[139.66351,35.60846],[139.66341,35.60853],[139.66321,35.60867],[139.66318,35.60874],[139.66329,35.60899],[139.6633,35.60902],[139.66331,35.60904],[139.66334,35.60912],[139.66326,35.60914],[139.66303,35.60922],[139.66292,35.60925],[139.66288,35.60927],[139.66285,35.60931],[139.66284,35.60934],[139.66286,35.60938],[139.66289,35.60942],[139.66293,35.60944],[139.66298,35.60946],[139.66351,35.60963],[139.66358,35.60969],[139.66362,35.60972],[139.66365,35.60974],[139.66376,35.60984],[139.66367,35.60993],[139.66333,35.61026],[139.66326,35.61038],[139.66323,35.61046],[139.66323,35.61049],[139.66324,35.61052],[139.66344,35.6107],[139.66355,35.61085],[139.66358,35.6109],[139.66359,35.61092],[139.66358,35.61093],[139.66357,35.61093],[139.6635,35.61098],[139.66317,35.61119],[139.66321,35.61154],[139.66322,35.61158],[139.66322,35.61162],[139.66323,35.61169],[139.66323,35.6118],[139.66322,35.61185],[139.66319,35.61188],[139.66314,35.61191],[139.66301,35.61191],[139.66281,35.61189],[139.66267,35.61197],[139.6627,35.61206],[139.66271,35.61209],[139.66273,35.61213],[139.66276,35.61225],[139.66314,35.61254],[139.66317,35.61258],[139.66318,35.61261],[139.66317,35.61263],[139.66315,35.61265],[139.66313,35.61266],[139.66301,35.61268],[139.66279,35.61266],[139.66264,35.6128],[139.66263,35.61287],[139.66263,35.61291],[139.66263,35.61294],[139.66262,35.61302],[139.66267,35.61339],[139.66269,35.61352],[139.6627,35.61353],[139.66275,35.61377],[139.66277,35.61387],[139.66282,35.61413],[139.66285,35.61425],[139.66285,35.61427],[139.66292,35.61455],[139.66309,35.6152],[139.66312,35.61529],[139.66318,35.61553],[139.66319,35.61556],[139.66321,35.61563],[139.66322,35.61566],[139.66328,35.61573],[139.66336,35.61578],[139.66351,35.6158],[139.66364,35.61581],[139.66368,35.61582],[139.66372,35.61582],[139.66384,35.61583],[139.66386,35.61594],[139.66386,35.61597],[139.66387,35.61603],[139.66389,35.61609],[139.66432,35.61638],[139.66475,35.61666],[139.66479,35.61668],[139.66486,35.61673],[139.66484,35.61683],[139.66483,35.61686],[139.66482,35.61693],[139.66463,35.61725],[139.66453,35.61743],[139.66465,35.61764],[139.66469,35.61771],[139.66471,35.61775],[139.66474,35.61781],[139.66474,35.61781],[139.66476,35.61791],[139.66478,35.61814],[139.66477,35.61827],[139.6655,35.61838],[139.66555,35.61839],[139.66561,35.6184],[139.66597,35.61845],[139.66634,35.6185],[139.66638,35.61851],[139.66649,35.61853],[139.66648,35.61863],[139.66646,35.61877],[139.66637,35.61915],[139.66629,35.61936],[139.66626,35.61945],[139.66623,35.61953],[139.66619,35.61963],[139.66616,35.61973],[139.66615,35.61975],[139.66609,35.61989],[139.66606,35.61997],[139.66601,35.62007],[139.66599,35.62013],[139.66589,35.62038],[139.66567,35.6207],[139.66577,35.62073],[139.66588,35.62079],[139.66602,35.62087],[139.66612,35.62089],[139.66618,35.62091],[139.6662,35.62094],[139.66619,35.62098],[139.66615,35.621],[139.66606,35.62103],[139.66589,35.62107],[139.66576,35.62113],[139.66569,35.62123],[139.66567,35.62131],[139.66566,35.62145],[139.66564,35.62161],[139.66562,35.62176],[139.66559,35.62181],[139.66551,35.62196],[139.66543,35.62208],[139.66538,35.62217],[139.66531,35.62228],[139.66512,35.62247],[139.66448,35.62307],[139.6641,35.62363],[139.66393,35.62395],[139.66386,35.62415],[139.66384,35.62423],[139.66382,35.62432],[139.66379,35.62451],[139.66377,35.62464],[139.66376,35.6247],[139.66365,35.62531],[139.66359,35.62569],[139.66354,35.6263],[139.66353,35.62639],[139.66351,35.62651],[139.6635,35.6266],[139.66349,35.6267],[139.66345,35.62678],[139.66338,35.62687],[139.66315,35.62704],[139.66305,35.6271],[139.66301,35.62712],[139.66291,35.62718],[139.66262,35.62727],[139.66218,35.62738],[139.66181,35.62748],[139.66187,35.6276],[139.6619,35.62768],[139.66198,35.62778],[139.66209,35.62791],[139.66212,35.62799],[139.66213,35.62812],[139.66213,35.62812],[139.66204,35.6286],[139.66199,35.62888],[139.66201,35.62898],[139.66216,35.62943],[139.66217,35.62944],[139.66225,35.62967],[139.66227,35.62986],[139.66227,35.63006],[139.66227,35.63016],[139.66225,35.63023],[139.66222,35.63029],[139.6622,35.63033],[139.66217,35.63038],[139.66196,35.63074],[139.66193,35.6308],[139.66177,35.63109],[139.66168,35.63128],[139.66164,35.63136],[139.66154,35.63158],[139.66153,35.63161],[139.66148,35.63171],[139.66153,35.63172],[139.66163,35.63173],[139.66185,35.63177],[139.66227,35.63181],[139.66251,35.63183],[139.66336,35.63191],[139.66357,35.63192],[139.66384,35.63194],[139.66398,35.63192],[139.66415,35.6319],[139.66449,35.63181],[139.66452,35.6318],[139.66528,35.6316],[139.66544,35.63156],[139.66547,35.63155],[139.66553,35.63153],[139.666,35.63138],[139.66674,35.63123],[139.66677,35.63122],[139.66705,35.63116],[139.66711,35.63115],[139.66752,35.63106],[139.668,35.63095],[139.66814,35.63092],[139.6682,35.6309],[139.66907,35.63062],[139.66911,35.63061],[139.66922,35.63057],[139.66959,35.63046],[139.66962,35.63045],[139.66966,35.63043],[139.67013,35.63028],[139.67032,35.63022],[139.67035,35.63021],[139.67039,35.6302],[139.67096,35.63002],[139.67134,35.62991],[139.67138,35.62989],[139.67186,35.62975],[139.67199,35.62971],[139.67212,35.6296],[139.67217,35.62956],[139.67219,35.62954],[139.67241,35.62936],[139.67263,35.62926],[139.67267,35.62924],[139.67269,35.62923],[139.67282,35.62917],[139.67325,35.62897],[139.67327,35.62896],[139.67333,35.62893],[139.67421,35.62853],[139.67468,35.62826],[139.67474,35.62823],[139.67597,35.62753],[139.67615,35.62741],[139.67624,35.62735],[139.67633,35.62729],[139.67636,35.62727],[139.6764,35.62725],[139.67672,35.62696],[139.67677,35.62692],[139.67708,35.62658],[139.6771,35.62655],[139.67713,35.62652],[139.6772,35.62644],[139.67759,35.62594],[139.67761,35.62591],[139.67764,35.62587],[139.67769,35.62581],[139.67793,35.62541],[139.67797,35.62535],[139.6781,35.62533],[139.67821,35.62531],[139.67826,35.6253],[139.67839,35.62528],[139.67854,35.62525],[139.6792,35.62513],[139.67939,35.6251],[139.67942,35.62509],[139.67946,35.62509],[139.67959,35.62507],[139.6796,35.62515],[139.67961,35.62518],[139.67961,35.62524],[139.67963,35.62544],[139.67967,35.62567],[139.67976,35.626],[139.67976,35.626],[139.67977,35.62604],[139.67978,35.62607],[139.67983,35.62622],[139.68004,35.62669],[139.68005,35.62672],[139.68021,35.62707],[139.68055,35.62788],[139.68056,35.62791],[139.68063,35.62808],[139.68085,35.6286],[139.68086,35.62864],[139.68087,35.62866],[139.68097,35.6289],[139.68101,35.62902],[139.68117,35.6294],[139.68118,35.62943],[139.68121,35.62949],[139.68132,35.62976],[139.68133,35.62981],[139.68134,35.62983],[139.68135,35.62984],[139.6816,35.63028],[139.68162,35.63031],[139.68164,35.63034],[139.68167,35.6304],[139.68203,35.63113],[139.68207,35.63118],[139.68209,35.63121],[139.6821,35.63124],[139.68236,35.63161],[139.68238,35.63164],[139.68239,35.63167],[139.68253,35.63188],[139.68274,35.63218],[139.68274,35.6322],[139.68277,35.63223],[139.68278,35.63225],[139.683,35.63257],[139.68302,35.63261],[139.68308,35.63269],[139.68311,35.63274],[139.68317,35.63282],[139.68329,35.633],[139.68329,35.63301],[139.68336,35.63308],[139.68341,35.63315],[139.68343,35.63317],[139.68359,35.63337],[139.68361,35.6334],[139.68363,35.63342],[139.68375,35.63356],[139.68384,35.63369],[139.68387,35.63372],[139.68389,35.63375],[139.68412,35.63405],[139.68424,35.63425],[139.6842,35.63433],[139.68417,35.63439],[139.68417,35.6344],[139.68414,35.63446],[139.68407,35.6346],[139.6841,35.63477],[139.68416,35.63493],[139.68427,35.63514],[139.68428,35.63517],[139.6843,35.6352],[139.68431,35.63523],[139.68451,35.63559],[139.68462,35.63574],[139.68464,35.63577],[139.68466,35.63579],[139.68487,35.63607],[139.68496,35.63624],[139.68499,35.63629],[139.68503,35.63635],[139.68531,35.63683],[139.68533,35.63687],[139.68534,35.63689],[139.68538,35.63696],[139.68579,35.63754],[139.68581,35.63757],[139.68584,35.6376],[139.68591,35.63771],[139.68609,35.63805],[139.68617,35.6383],[139.6862,35.63841],[139.68622,35.63844],[139.68637,35.63897],[139.68639,35.63922],[139.68638,35.63931],[139.68637,35.63937],[139.68635,35.63952],[139.68634,35.63956],[139.68633,35.63968],[139.68613,35.6397],[139.68611,35.63979],[139.6861,35.63984],[139.68607,35.63995],[139.68606,35.63998],[139.68598,35.64027],[139.68597,35.64029],[139.68596,35.64034],[139.68608,35.64054],[139.68605,35.64058],[139.68602,35.64062],[139.686,35.64066],[139.68587,35.64086],[139.68572,35.64105],[139.6857,35.64107],[139.68568,35.64109],[139.68534,35.64151],[139.68532,35.64154],[139.6853,35.64157],[139.68509,35.64189],[139.68491,35.6422],[139.68486,35.64234],[139.68483,35.64244],[139.68481,35.64249],[139.68477,35.64262],[139.6847,35.64282],[139.68467,35.6429],[139.68458,35.64316],[139.68455,35.64325],[139.6843,35.64377],[139.68436,35.64399],[139.68441,35.64415],[139.68444,35.64438],[139.68445,35.64446],[139.68447,35.64464],[139.68449,35.64483],[139.6846,35.64521],[139.68467,35.64552],[139.68471,35.64578],[139.68471,35.64582],[139.68471,35.64589],[139.68471,35.64591],[139.6847,35.64603],[139.68469,35.64611],[139.68467,35.64625],[139.68464,35.64648],[139.68457,35.64673],[139.68453,35.6469],[139.68441,35.64724],[139.68432,35.64736],[139.68423,35.64746],[139.68415,35.64756],[139.68407,35.64765],[139.68402,35.64772],[139.68402,35.64772],[139.68402,35.64785],[139.68402,35.64801],[139.68402,35.6482],[139.68402,35.64823],[139.68402,35.64833],[139.68398,35.64877],[139.68396,35.64892],[139.68391,35.6492],[139.68392,35.64931],[139.68393,35.64936],[139.68395,35.64942],[139.684,35.64952],[139.68407,35.64963],[139.68411,35.64969],[139.68416,35.64975],[139.68422,35.64981],[139.6843,35.64987],[139.68433,35.6499],[139.68438,35.64993],[139.6845,35.65002],[139.68453,35.65005],[139.68457,35.6501],[139.68459,35.65015],[139.6846,35.6502],[139.68461,35.65022],[139.68462,35.65027],[139.68462,35.65036],[139.68462,35.65042],[139.68462,35.65047],[139.68461,35.65065],[139.68461,35.65066],[139.6846,35.65087],[139.6846,35.65119],[139.6846,35.65131],[139.68458,35.65135],[139.68455,35.65138],[139.68451,35.6514],[139.68435,35.65145],[139.68425,35.65148],[139.68426,35.65162],[139.68426,35.65169],[139.68427,35.65186],[139.6842,35.65227],[139.68409,35.65248],[139.68392,35.65266],[139.68384,35.65279],[139.68382,35.65282],[139.68377,35.65288],[139.6837,35.653],[139.68363,35.6531],[139.68348,35.65331],[139.68316,35.65373],[139.68313,35.65375],[139.68302,35.65386],[139.68284,35.65404],[139.68278,35.6541],[139.68277,35.65411],[139.68252,35.65435],[139.68235,35.6545],[139.68205,35.65478],[139.68192,35.6549],[139.68177,35.65505],[139.68159,35.65521],[139.6812,35.65552],[139.68102,35.65566],[139.68099,35.65568],[139.68096,35.65572],[139.68094,35.65575],[139.68085,35.65588],[139.6808,35.65597],[139.68078,35.656],[139.68073,35.65613],[139.6807,35.65628],[139.68069,35.65643],[139.68069,35.65644],[139.68068,35.65653],[139.68067,35.65663],[139.68047,35.65668],[139.68013,35.65687],[139.67974,35.65713],[139.67958,35.65726],[139.67949,35.65733],[139.6794,35.65748],[139.67924,35.65772],[139.67917,35.65783],[139.67898,35.65815],[139.6785,35.65868],[139.67824,35.65904],[139.67819,35.65911],[139.67809,35.65925],[139.67805,35.65929],[139.67791,35.65948],[139.67777,35.65968],[139.67768,35.6598],[139.67767,35.65982],[139.67749,35.66004],[139.67728,35.66032],[139.67705,35.66062],[139.677,35.66067],[139.67685,35.66083],[139.67665,35.66105],[139.67653,35.66118],[139.67644,35.66127],[139.67631,35.6614],[139.67623,35.66149],[139.67613,35.66183],[139.67602,35.66222],[139.67599,35.66243],[139.67599,35.66245],[139.67596,35.66278],[139.67591,35.66293],[139.67587,35.66302],[139.6757,35.66319],[139.67542,35.66341],[139.67522,35.66363],[139.67502,35.66386],[139.675,35.66388],[139.67503,35.66387],[139.67521,35.66383],[139.67543,35.66382],[139.67566,35.66382],[139.67585,35.66383],[139.67645,35.66384],[139.67717,35.66391],[139.67721,35.66391],[139.67788,35.66395],[139.67834,35.66393],[139.67878,35.66388],[139.6789,35.66387],[139.67935,35.66384],[139.67946,35.66383],[139.67966,35.66382],[139.67994,35.66377],[139.68044,35.66362],[139.68107,35.6634],[139.68122,35.66335],[139.68186,35.66311],[139.68204,35.66304],[139.68223,35.66298],[139.68245,35.66292],[139.68271,35.66289],[139.68299,35.66287],[139.68325,35.66288],[139.68347,35.66292],[139.68364,35.66293],[139.6838,35.66293],[139.68398,35.66293],[139.68414,35.66291],[139.68423,35.66288],[139.68431,35.66283],[139.68444,35.66278],[139.68475,35.66271],[139.68502,35.66267],[139.68527,35.66259],[139.68541,35.66252],[139.68561,35.66238],[139.68566,35.66235],[139.68593,35.66219],[139.68626,35.6621],[139.68641,35.66206],[139.68653,35.66202],[139.68659,35.66201],[139.68686,35.66189],[139.68702,35.66181],[139.68718,35.66169],[139.68733,35.66157],[139.68744,35.66146],[139.68761,35.66127],[139.68782,35.66104],[139.68801,35.66083],[139.68804,35.66074],[139.6881,35.66055],[139.6883,35.66019],[139.68814,35.66007],[139.6884,35.65953],[139.68865,35.65909],[139.68868,35.65904],[139.68871,35.659],[139.68873,35.65897],[139.68876,35.65893],[139.68879,35.65891],[139.68882,35.65891],[139.68884,35.65891],[139.68892,35.65891],[139.689,35.65892],[139.68906,35.65893],[139.68911,35.65894],[139.68913,35.65895],[139.68915,35.65895],[139.68919,35.65895],[139.68923,35.65895],[139.68927,35.65894],[139.6893,35.65891],[139.68935,35.65884],[139.68943,35.65869],[139.6895,35.65861],[139.68954,35.65857],[139.68964,35.65848],[139.68982,35.65834],[139.68987,35.65828],[139.69005,35.65808],[139.69021,35.65788],[139.69028,35.65777],[139.69033,35.65767],[139.69039,35.65757],[139.6904,35.65755],[139.69069,35.65716],[139.69074,35.65708],[139.69077,35.65704],[139.69077,35.65704],[139.69079,35.65702],[139.69089,35.65691],[139.69105,35.65674],[139.69107,35.65673],[139.69114,35.65665],[139.69147,35.65615],[139.69163,35.65591],[139.69165,35.65587],[139.69167,35.65584],[139.69183,35.65559],[139.69197,35.65538],[139.69225,35.65495],[139.69231,35.65485],[139.69239,35.65473],[139.69289,35.65396],[139.6929,35.65395],[139.69294,35.65388],[139.69303,35.6538],[139.69303,35.6538],[139.69304,35.6538],[139.69308,35.65375],[139.69313,35.65372],[139.69319,35.65368],[139.6932,35.65367],[139.69322,35.65366],[139.69344,35.6535],[139.69376,35.65322],[139.69378,35.6532],[139.69428,35.65277],[139.69441,35.65264],[139.69495,35.65214],[139.69512,35.65181],[139.69517,35.65173],[139.69528,35.65158],[139.69564,35.65141],[139.69587,35.65126],[139.696,35.65117],[139.69598,35.65112],[139.69589,35.65096],[139.69591,35.65086],[139.69594,35.65075],[139.69589,35.65068],[139.69659,35.65049],[139.69671,35.65048],[139.69687,35.65046],[139.69717,35.65019],[139.69755,35.64986],[139.69821,35.64928],[139.69854,35.64899],[139.69869,35.64885],[139.69892,35.64868],[139.69965,35.64813],[139.6997,35.64809],[139.69974,35.64807],[139.69978,35.64804],[139.69987,35.64798],[139.70026,35.64775],[139.70108,35.64724],[139.70109,35.64723],[139.7012,35.64715],[139.70131,35.64707],[139.70137,35.64703],[139.70153,35.64692],[139.70165,35.64678],[139.70178,35.64664],[139.7018,35.64663],[139.70201,35.64649],[139.70202,35.64648],[139.70215,35.6464],[139.70241,35.64623],[139.70241,35.64623],[139.70243,35.64621],[139.70252,35.64615],[139.70254,35.64614],[139.70257,35.64612],[139.70258,35.64611],[139.70309,35.64574],[139.70341,35.6455],[139.70415,35.64497],[139.70475,35.64459],[139.70519,35.64431],[139.70546,35.64413],[139.70606,35.6438],[139.70614,35.64375],[139.70644,35.64358],[139.70674,35.64336],[139.70729,35.64295],[139.70742,35.64281],[139.70753,35.64269],[139.70795,35.64244],[139.70862,35.64201],[139.70939,35.64175],[139.70998,35.6416],[139.7101,35.64157],[139.71019,35.64153],[139.71024,35.6415],[139.71033,35.64146],[139.71037,35.64154],[139.71039,35.64157],[139.7104,35.64159],[139.71055,35.64185],[139.71062,35.64193],[139.71071,35.64194],[139.71086,35.64196],[139.71095,35.64197],[139.71099,35.64197],[139.71103,35.64198],[139.71154,35.64205],[139.71159,35.64206],[139.71162,35.64206],[139.71176,35.64208],[139.71189,35.64209],[139.71194,35.64211],[139.71214,35.64214],[139.71226,35.64217],[139.71261,35.64224],[139.71303,35.64232],[139.71312,35.64233],[139.71366,35.64241],[139.7143,35.64251],[139.71452,35.64253],[139.71494,35.64259],[139.71523,35.64262],[139.71539,35.64262],[139.71541,35.64262],[139.71547,35.6426],[139.71552,35.64255],[139.71557,35.64248],[139.71565,35.64245],[139.71571,35.64243],[139.71575,35.64241],[139.71581,35.64235],[139.71593,35.64224],[139.71603,35.64231],[139.71606,35.64234],[139.71613,35.64238],[139.71633,35.64218],[139.7164,35.64211],[139.71643,35.64209],[139.71646,35.64206],[139.71653,35.642],[139.71681,35.64188],[139.71729,35.64165],[139.71764,35.64166]]]}},{"type":"Feature","properties":{"ja":"葛飾区"},"geometry":{"type":"Polygon","coordinates":[[[139.85879,35.79444],[139.85899,35.79485],[139.85907,35.79493],[139.85927,35.7951],[139.85951,35.79522],[139.85953,35.79523],[139.85989,35.79533],[139.86012,35.79531],[139.86078,35.79524],[139.86117,35.79512],[139.86135,35.79505],[139.86158,35.79506],[139.86204,35.79499],[139.86221,35.79496],[139.86283,35.79484],[139.86335,35.79479],[139.86337,35.79479],[139.86382,35.79483],[139.86384,35.79483],[139.86389,35.79485],[139.86428,35.79502],[139.86458,35.79518],[139.86499,35.79541],[139.86507,35.79545],[139.86548,35.79565],[139.86603,35.7959],[139.86688,35.79629],[139.86771,35.79668],[139.86831,35.79689],[139.86851,35.79695],[139.86872,35.79701],[139.86892,35.79703],[139.86956,35.79712],[139.86961,35.79713],[139.87016,35.79722],[139.87077,35.79732],[139.87113,35.79733],[139.87135,35.79735],[139.87166,35.79734],[139.87175,35.79734],[139.87189,35.79733],[139.87261,35.79727],[139.87339,35.79717],[139.87431,35.79686],[139.87474,35.79654],[139.87489,35.79638],[139.87535,35.79589],[139.87545,35.79579],[139.87569,35.79553],[139.87626,35.79479],[139.8766,35.79383],[139.87659,35.79351],[139.87658,35.79331],[139.87657,35.7932],[139.87635,35.79261],[139.87596,35.79219],[139.87595,35.79219],[139.87486,35.79148],[139.87325,35.79039],[139.87175,35.78825],[139.87155,35.78798],[139.8713,35.78739],[139.87119,35.78663],[139.87125,35.7861],[139.87134,35.78558],[139.87159,35.78501],[139.87175,35.78475],[139.87187,35.78487],[139.87203,35.78504],[139.87311,35.78333],[139.87323,35.78313],[139.87336,35.78293],[139.87341,35.78288],[139.87348,35.78281],[139.87373,35.78257],[139.87403,35.78227],[139.87433,35.78198],[139.87454,35.78178],[139.87509,35.78161],[139.87524,35.78156],[139.87629,35.78124],[139.87672,35.78121],[139.87688,35.78119],[139.87724,35.78117],[139.87746,35.78121],[139.87768,35.78126],[139.87823,35.78138],[139.8786,35.78146],[139.87947,35.78165],[139.88014,35.7818],[139.88068,35.78192],[139.88115,35.78202],[139.88135,35.78207],[139.88179,35.78219],[139.88191,35.78223],[139.88203,35.78226],[139.88209,35.78228],[139.88221,35.78231],[139.88311,35.78257],[139.88332,35.78265],[139.88366,35.78277],[139.88398,35.78289],[139.88419,35.78297],[139.88521,35.78334],[139.88647,35.78381],[139.88724,35.78402],[139.88774,35.78402],[139.88847,35.7839],[139.88876,35.78385],[139.88887,35.78382],[139.88927,35.78372],[139.88966,35.78363],[139.89004,35.78354],[139.89045,35.78344],[139.8912,35.78325],[139.89232,35.78303],[139.89377,35.78275],[139.89408,35.7822],[139.89433,35.78164],[139.89433,35.78164],[139.89454,35.78091],[139.89456,35.78056],[139.89454,35.78033],[139.89446,35.77992],[139.89423,35.77939],[139.8938,35.77871],[139.89341,35.77832],[139.892,35.77743],[139.89025,35.77658],[139.89009,35.77651],[139.88903,35.77603],[139.88875,35.77591],[139.88848,35.77579],[139.88812,35.77565],[139.88507,35.77446],[139.88284,35.77354],[139.88175,35.77286],[139.88076,35.77167],[139.88034,35.7709],[139.88028,35.7708],[139.87984,35.76973],[139.87968,35.76919],[139.87962,35.769],[139.87959,35.76892],[139.87946,35.76849],[139.87942,35.76824],[139.87939,35.76801],[139.87946,35.76753],[139.87971,35.76678],[139.88008,35.76596],[139.88079,35.76477],[139.88149,35.7639],[139.88224,35.76303],[139.88246,35.76261],[139.88247,35.76258],[139.88266,35.76201],[139.88283,35.761],[139.8832,35.75862],[139.88359,35.758],[139.88404,35.75741],[139.88635,35.7548],[139.88655,35.75458],[139.88662,35.75451],[139.88674,35.75439],[139.88791,35.75323],[139.88998,35.75077],[139.88931,35.7507],[139.88923,35.75069],[139.88724,35.75068],[139.88647,35.75068],[139.88616,35.75067],[139.88591,35.75067],[139.88583,35.75053],[139.88576,35.75041],[139.88515,35.75042],[139.88455,35.75044],[139.88447,35.75037],[139.88449,35.75028],[139.88454,35.7501],[139.88455,35.75007],[139.88458,35.74996],[139.88428,35.74994],[139.88413,35.74994],[139.88409,35.74993],[139.88381,35.74992],[139.88338,35.74988],[139.88321,35.74987],[139.88312,35.74986],[139.88301,35.74985],[139.88292,35.74976],[139.88284,35.74968],[139.88282,35.74966],[139.88279,35.74963],[139.8827,35.74954],[139.88216,35.74967],[139.88203,35.74968],[139.882,35.74968],[139.88195,35.74968],[139.8809,35.74973],[139.88087,35.74973],[139.88081,35.74973],[139.88075,35.74973],[139.88074,35.74971],[139.88074,35.74968],[139.88073,35.74965],[139.8807,35.74953],[139.88059,35.7491],[139.88058,35.74906],[139.88046,35.74858],[139.88044,35.74848],[139.88102,35.74859],[139.88106,35.7486],[139.88113,35.74861],[139.88137,35.74866],[139.88185,35.7486],[139.88187,35.74839],[139.88211,35.74851],[139.88213,35.74853],[139.88231,35.74862],[139.88251,35.74847],[139.88299,35.74834],[139.8831,35.74813],[139.88305,35.74799],[139.88301,35.7479],[139.88295,35.74777],[139.88293,35.74772],[139.88283,35.7475],[139.88282,35.74748],[139.88288,35.74746],[139.88293,35.74743],[139.88295,35.74741],[139.88304,35.74736],[139.88324,35.74724],[139.88349,35.74711],[139.88354,35.74709],[139.88381,35.74694],[139.88387,35.74691],[139.88392,35.74688],[139.88396,35.74687],[139.88396,35.74679],[139.88427,35.74678],[139.88428,35.74656],[139.88458,35.74656],[139.88462,35.74655],[139.88486,35.74655],[139.88487,35.74647],[139.88489,35.74638],[139.88489,35.74635],[139.88501,35.74573],[139.88504,35.74556],[139.88478,35.74555],[139.88474,35.74554],[139.88462,35.74553],[139.88457,35.74524],[139.884,35.7452],[139.88386,35.74502],[139.88383,35.74499],[139.88378,35.74494],[139.88375,35.7449],[139.88375,35.7449],[139.88331,35.74486],[139.88319,35.74484],[139.8831,35.74483],[139.88289,35.74481],[139.88278,35.74476],[139.88275,35.74475],[139.88269,35.74472],[139.88257,35.74467],[139.88186,35.74435],[139.88188,35.7443],[139.8819,35.74425],[139.88191,35.7442],[139.88211,35.74366],[139.88214,35.7436],[139.88215,35.74356],[139.88217,35.74351],[139.88194,35.74344],[139.88184,35.74341],[139.88169,35.74336],[139.8815,35.74331],[139.88152,35.74317],[139.88153,35.74308],[139.88153,35.743],[139.88155,35.74286],[139.88133,35.74277],[139.88106,35.74271],[139.88106,35.74265],[139.88105,35.74257],[139.88104,35.74239],[139.88103,35.74227],[139.88103,35.74219],[139.88101,35.74197],[139.88074,35.74191],[139.88071,35.74175],[139.8807,35.7417],[139.88069,35.74164],[139.88029,35.74159],[139.87979,35.74153],[139.87984,35.74143],[139.8799,35.74134],[139.87998,35.74119],[139.88,35.74117],[139.88042,35.74043],[139.88044,35.7404],[139.88045,35.74038],[139.8805,35.74028],[139.88038,35.74025],[139.88035,35.74024],[139.88031,35.74023],[139.87991,35.74013],[139.87917,35.74045],[139.8791,35.74048],[139.87903,35.74051],[139.87886,35.74059],[139.87859,35.74071],[139.87795,35.74099],[139.87772,35.74095],[139.87758,35.74092],[139.87757,35.74092],[139.87757,35.74091],[139.87756,35.74089],[139.87752,35.7408],[139.87749,35.74074],[139.87737,35.74047],[139.87723,35.74035],[139.87723,35.74025],[139.87742,35.74013],[139.8774,35.74004],[139.87738,35.73991],[139.87731,35.73963],[139.87729,35.73951],[139.87728,35.73946],[139.87721,35.73915],[139.87714,35.7388],[139.87707,35.73875],[139.87681,35.73857],[139.87683,35.73841],[139.87684,35.73837],[139.87686,35.73822],[139.87693,35.73765],[139.87688,35.73757],[139.87685,35.73752],[139.87654,35.73704],[139.87595,35.73714],[139.87595,35.73714],[139.87592,35.73715],[139.87585,35.73716],[139.87572,35.73719],[139.87569,35.7372],[139.87564,35.73721],[139.87552,35.73723],[139.87546,35.73724],[139.87525,35.73728],[139.87524,35.73728],[139.8751,35.73722],[139.87495,35.73715],[139.87491,35.73713],[139.87476,35.73706],[139.87466,35.73675],[139.87449,35.73677],[139.87428,35.7368],[139.87422,35.73681],[139.8742,35.73681],[139.87379,35.73687],[139.87369,35.73699],[139.87366,35.73702],[139.87363,35.73707],[139.87358,35.73714],[139.87343,35.73735],[139.87335,35.73745],[139.87318,35.73769],[139.87317,35.7377],[139.87308,35.73758],[139.87299,35.73746],[139.87293,35.73737],[139.87301,35.73725],[139.87304,35.73721],[139.87315,35.73704],[139.87326,35.73688],[139.87316,35.73659],[139.87316,35.73659],[139.87315,35.73656],[139.87316,35.73657],[139.87355,35.73666],[139.87361,35.73657],[139.87362,35.73655],[139.87364,35.7365],[139.87394,35.73602],[139.8737,35.73596],[139.87368,35.73586],[139.87365,35.73577],[139.87359,35.7355],[139.87357,35.73544],[139.87351,35.73517],[139.87336,35.73508],[139.873,35.73484],[139.87274,35.73468],[139.87263,35.73461],[139.87263,35.73446],[139.87248,35.73445],[139.8722,35.73445],[139.87217,35.73444],[139.87218,35.73442],[139.87223,35.73436],[139.87228,35.73429],[139.87233,35.73422],[139.87238,35.73416],[139.8725,35.73409],[139.87249,35.73391],[139.87232,35.73351],[139.87225,35.73335],[139.87224,35.73333],[139.87211,35.73297],[139.87202,35.73269],[139.87193,35.73244],[139.87216,35.73201],[139.87218,35.73197],[139.87232,35.73171],[139.87225,35.73133],[139.87218,35.73089],[139.87218,35.73004],[139.87195,35.72993],[139.87176,35.72982],[139.87157,35.72968],[139.87153,35.72966],[139.87143,35.72957],[139.87135,35.72952],[139.87129,35.72947],[139.87089,35.72916],[139.87084,35.72913],[139.87082,35.72911],[139.87014,35.72902],[139.87027,35.72876],[139.87023,35.72859],[139.87019,35.72843],[139.87012,35.72815],[139.87003,35.72777],[139.87001,35.72769],[139.86999,35.72761],[139.87033,35.72677],[139.87045,35.72629],[139.87046,35.72626],[139.87047,35.72601],[139.87049,35.72569],[139.87049,35.72558],[139.8705,35.72537],[139.87052,35.72517],[139.87052,35.72512],[139.87055,35.72471],[139.86979,35.72428],[139.8697,35.72444],[139.86962,35.72438],[139.86957,35.72435],[139.86952,35.72431],[139.86874,35.7238],[139.8689,35.72347],[139.86892,35.72342],[139.86898,35.72331],[139.86871,35.7232],[139.86871,35.7232],[139.86857,35.72313],[139.86848,35.72308],[139.86834,35.72301],[139.86831,35.723],[139.86826,35.72291],[139.86823,35.72286],[139.8682,35.72281],[139.86812,35.72268],[139.86808,35.72263],[139.86804,35.72255],[139.86801,35.7225],[139.86788,35.72225],[139.86736,35.72126],[139.86729,35.72095],[139.86733,35.72048],[139.86732,35.72039],[139.86727,35.72006],[139.86709,35.71971],[139.86704,35.71962],[139.867,35.71954],[139.86697,35.71952],[139.86667,35.71927],[139.86643,35.71907],[139.86627,35.71853],[139.86632,35.7183],[139.86652,35.7179],[139.86655,35.71784],[139.86681,35.71765],[139.86717,35.71702],[139.86725,35.71686],[139.86744,35.71652],[139.86756,35.71628],[139.86758,35.71625],[139.86779,35.71575],[139.86789,35.71551],[139.86804,35.71536],[139.86821,35.7152],[139.86821,35.71519],[139.8684,35.71487],[139.8685,35.7147],[139.86853,35.71464],[139.86856,35.71458],[139.86861,35.71421],[139.86846,35.71358],[139.86841,35.71355],[139.8683,35.7135],[139.86827,35.71347],[139.86815,35.71334],[139.86811,35.7133],[139.86801,35.71319],[139.86782,35.71275],[139.86772,35.71259],[139.8677,35.71257],[139.86766,35.71251],[139.86762,35.71244],[139.86757,35.71238],[139.86751,35.71229],[139.86743,35.71218],[139.8674,35.71212],[139.8672,35.71213],[139.86695,35.71214],[139.86695,35.71227],[139.86657,35.7123],[139.86657,35.71242],[139.8666,35.71291],[139.86647,35.71293],[139.86484,35.71321],[139.86483,35.71311],[139.86482,35.71304],[139.86472,35.71306],[139.86467,35.71306],[139.8646,35.71307],[139.86358,35.71321],[139.86355,35.71322],[139.86346,35.71317],[139.86336,35.71312],[139.86296,35.71291],[139.86263,35.71314],[139.86239,35.71296],[139.86234,35.71292],[139.86231,35.71289],[139.86224,35.71283],[139.86212,35.71294],[139.86158,35.71342],[139.86155,35.71345],[139.86152,35.71347],[139.8609,35.71403],[139.86088,35.71405],[139.86084,35.71408],[139.86055,35.71434],[139.86025,35.71412],[139.86019,35.71407],[139.86015,35.71405],[139.85977,35.71377],[139.85973,35.71374],[139.85971,35.71373],[139.85962,35.71366],[139.8594,35.71386],[139.85938,35.71388],[139.85934,35.71392],[139.85907,35.71417],[139.85854,35.71382],[139.85823,35.71404],[139.85819,35.71406],[139.85814,35.7141],[139.85808,35.71414],[139.85794,35.714],[139.85777,35.71404],[139.85767,35.71406],[139.85759,35.71408],[139.85756,35.71408],[139.85746,35.71411],[139.85715,35.7142],[139.85711,35.71421],[139.85705,35.71423],[139.85626,35.71446],[139.85622,35.71439],[139.8562,35.71436],[139.85618,35.71434],[139.85579,35.71374],[139.8553,35.7138],[139.85515,35.71356],[139.85494,35.71347],[139.8548,35.71325],[139.85478,35.71322],[139.85475,35.71317],[139.85458,35.71289],[139.85456,35.71286],[139.85454,35.71283],[139.85435,35.71269],[139.85419,35.71258],[139.85404,35.71247],[139.8537,35.71227],[139.85323,35.71199],[139.85316,35.71194],[139.8523,35.71143],[139.85135,35.71085],[139.85024,35.71188],[139.8495,35.71256],[139.84908,35.71296],[139.84868,35.71333],[139.84654,35.71529],[139.84612,35.71567],[139.84479,35.71689],[139.84255,35.71894],[139.84215,35.71931],[139.83983,35.72144],[139.83968,35.72158],[139.83711,35.72395],[139.83464,35.72633],[139.8329,35.72807],[139.83252,35.72846],[139.83249,35.72849],[139.83144,35.72955],[139.83113,35.72986],[139.82976,35.73118],[139.82962,35.73133],[139.82946,35.7315],[139.82908,35.7319],[139.82842,35.7326],[139.82648,35.73469],[139.82568,35.73555],[139.82504,35.73624],[139.82481,35.73648],[139.82467,35.73666],[139.82382,35.73771],[139.82271,35.73951],[139.82106,35.7422],[139.82053,35.74313],[139.82053,35.74314],[139.82053,35.74314],[139.82036,35.74343],[139.82022,35.74371],[139.8196,35.74496],[139.81916,35.74576],[139.81902,35.74603],[139.81825,35.74744],[139.81792,35.748],[139.81716,35.74914],[139.81608,35.75055],[139.81532,35.75143],[139.81494,35.75187],[139.81453,35.75234],[139.8148,35.75323],[139.81488,35.75346],[139.81456,35.75364],[139.81419,35.75382],[139.81397,35.75396],[139.81359,35.75432],[139.81346,35.75447],[139.81337,35.75464],[139.81332,35.75482],[139.81329,35.75502],[139.81327,35.7552],[139.81328,35.75526],[139.81331,35.75553],[139.81344,35.75618],[139.81345,35.75635],[139.81346,35.75647],[139.81346,35.75674],[139.81344,35.75691],[139.8134,35.75704],[139.8133,35.75719],[139.81326,35.75725],[139.81322,35.75741],[139.81322,35.75744],[139.81322,35.75751],[139.81322,35.75772],[139.81325,35.75811],[139.81326,35.75834],[139.81322,35.75866],[139.81321,35.75893],[139.81321,35.75902],[139.81327,35.7593],[139.81338,35.75957],[139.81354,35.75967],[139.81397,35.75979],[139.81442,35.75992],[139.81479,35.76003],[139.81494,35.76008],[139.81507,35.76012],[139.81518,35.76015],[139.81532,35.7602],[139.8155,35.76025],[139.81568,35.7603],[139.81582,35.76034],[139.81592,35.76037],[139.81598,35.76039],[139.81674,35.76061],[139.81712,35.76072],[139.81716,35.76073],[139.81717,35.76066],[139.81718,35.76062],[139.8172,35.76049],[139.8172,35.76048],[139.81725,35.76021],[139.81752,35.76026],[139.8177,35.7603],[139.81791,35.76034],[139.81834,35.7604],[139.81865,35.76042],[139.81876,35.76042],[139.81895,35.76043],[139.81931,35.76044],[139.81954,35.76044],[139.8196,35.76045],[139.81973,35.76045],[139.81984,35.75943],[139.81989,35.75903],[139.82018,35.75662],[139.82025,35.75598],[139.82033,35.75594],[139.82038,35.75593],[139.82039,35.75593],[139.82049,35.75591],[139.82059,35.7559],[139.82064,35.75589],[139.82079,35.75586],[139.82086,35.75585],[139.82086,35.75585],[139.82086,35.75585],[139.82106,35.75582],[139.82118,35.7558],[139.82134,35.75578],[139.82259,35.75558],[139.82275,35.75563],[139.82339,35.75582],[139.82354,35.75587],[139.82362,35.75642],[139.82364,35.7566],[139.82367,35.75677],[139.82369,35.75692],[139.82371,35.75705],[139.82374,35.75721],[139.82386,35.75808],[139.82392,35.75848],[139.82396,35.75869],[139.82396,35.75872],[139.82398,35.75882],[139.82399,35.75888],[139.82401,35.75897],[139.82403,35.7591],[139.82405,35.75924],[139.82406,35.75928],[139.82415,35.75983],[139.82417,35.75995],[139.82419,35.76008],[139.82421,35.76021],[139.82423,35.7603],[139.82425,35.76043],[139.82426,35.76048],[139.82432,35.76092],[139.82433,35.76096],[139.82437,35.76121],[139.82439,35.76136],[139.82439,35.76142],[139.82439,35.76145],[139.82438,35.76154],[139.82437,35.76179],[139.82441,35.76179],[139.82512,35.76187],[139.82517,35.76188],[139.82528,35.76189],[139.82533,35.7619],[139.82541,35.76191],[139.82602,35.76198],[139.82633,35.76201],[139.82638,35.76202],[139.82649,35.76203],[139.8266,35.76204],[139.82697,35.76209],[139.82699,35.76196],[139.82693,35.76186],[139.82677,35.76178],[139.82665,35.76176],[139.82645,35.76172],[139.82641,35.76172],[139.82637,35.76171],[139.82624,35.76169],[139.82619,35.76151],[139.82615,35.7612],[139.82615,35.76117],[139.82613,35.76104],[139.82607,35.76088],[139.82607,35.76087],[139.82598,35.76064],[139.82594,35.76055],[139.82593,35.76051],[139.82586,35.76034],[139.82566,35.7599],[139.82557,35.75969],[139.82555,35.75964],[139.82552,35.75956],[139.82548,35.75944],[139.82546,35.75937],[139.82545,35.75933],[139.82544,35.75929],[139.82544,35.75926],[139.82542,35.75913],[139.82562,35.75825],[139.82568,35.75816],[139.8257,35.75812],[139.82577,35.75803],[139.82586,35.75796],[139.82594,35.7579],[139.82721,35.75747],[139.82755,35.75735],[139.82792,35.75733],[139.82809,35.75733],[139.8284,35.75733],[139.82864,35.75732],[139.82905,35.75743],[139.82927,35.75749],[139.82929,35.7575],[139.82986,35.75766],[139.83018,35.75788],[139.8304,35.75809],[139.83063,35.75834],[139.83077,35.75854],[139.83083,35.75863],[139.83083,35.75864],[139.83085,35.75867],[139.83086,35.7587],[139.83093,35.75882],[139.831,35.75908],[139.83101,35.75986],[139.83101,35.75994],[139.83101,35.75997],[139.83101,35.76001],[139.83101,35.76062],[139.83101,35.76076],[139.83101,35.76079],[139.83101,35.76083],[139.831,35.7612],[139.83097,35.76148],[139.83096,35.76152],[139.83094,35.76169],[139.83094,35.76172],[139.83092,35.762],[139.83091,35.76208],[139.83091,35.76215],[139.8309,35.76227],[139.83091,35.76232],[139.83092,35.76236],[139.83093,35.76239],[139.831,35.76274],[139.83101,35.76275],[139.83128,35.7632],[139.83153,35.76353],[139.83173,35.76371],[139.83192,35.76379],[139.83211,35.76383],[139.83234,35.76384],[139.8326,35.76378],[139.83294,35.76368],[139.8332,35.7636],[139.83329,35.76357],[139.83389,35.76339],[139.83401,35.76337],[139.83407,35.76336],[139.83446,35.76331],[139.8349,35.76331],[139.83546,35.76337],[139.83549,35.76335],[139.83566,35.76319],[139.83582,35.76305],[139.83586,35.76301],[139.83626,35.76306],[139.83747,35.76319],[139.83748,35.76321],[139.83755,35.76339],[139.83757,35.76343],[139.83763,35.7637],[139.83767,35.76426],[139.83754,35.76445],[139.83746,35.76459],[139.83753,35.76481],[139.83757,35.76497],[139.83758,35.76509],[139.83762,35.76553],[139.83764,35.76566],[139.83767,35.76576],[139.83782,35.76597],[139.83808,35.76614],[139.8383,35.76623],[139.83846,35.76625],[139.8385,35.76625],[139.83872,35.76628],[139.83923,35.76633],[139.83985,35.76635],[139.83996,35.76636],[139.84,35.76636],[139.84047,35.7664],[139.84142,35.76643],[139.84156,35.76644],[139.84167,35.76644],[139.84169,35.76644],[139.84192,35.76652],[139.84196,35.76654],[139.84196,35.76655],[139.84204,35.7666],[139.84205,35.76661],[139.84214,35.7668],[139.84229,35.76705],[139.84231,35.76709],[139.84244,35.76729],[139.84272,35.76762],[139.84326,35.76812],[139.84359,35.76839],[139.84406,35.76871],[139.84458,35.76898],[139.8449,35.76916],[139.845,35.76922],[139.84509,35.76926],[139.8451,35.76926],[139.84518,35.7693],[139.84545,35.76942],[139.84579,35.76952],[139.84602,35.76949],[139.84606,35.76949],[139.84611,35.76949],[139.84628,35.76947],[139.84684,35.76945],[139.84688,35.76945],[139.84693,35.76945],[139.84711,35.76944],[139.84782,35.7695],[139.84786,35.7695],[139.8479,35.76951],[139.84792,35.76951],[139.84837,35.76959],[139.84851,35.76959],[139.84862,35.7696],[139.84874,35.7696],[139.84893,35.76961],[139.84927,35.76962],[139.84931,35.76962],[139.84936,35.76962],[139.84949,35.76963],[139.84996,35.76968],[139.85001,35.76969],[139.85006,35.76969],[139.85037,35.76973],[139.85074,35.76977],[139.85078,35.76978],[139.85097,35.76981],[139.85103,35.76982],[139.8513,35.76988],[139.85133,35.76959],[139.85143,35.76887],[139.85144,35.76883],[139.85144,35.7688],[139.85153,35.76813],[139.85156,35.76782],[139.85157,35.7678],[139.85157,35.76777],[139.85157,35.76772],[139.85158,35.7677],[139.85158,35.76765],[139.8516,35.76746],[139.85161,35.76731],[139.85162,35.76727],[139.85164,35.76699],[139.85166,35.76694],[139.85168,35.7669],[139.85169,35.76687],[139.85184,35.76649],[139.85187,35.76642],[139.85189,35.76638],[139.85194,35.76626],[139.85198,35.76618],[139.85205,35.76602],[139.85211,35.7659],[139.85214,35.76583],[139.85218,35.76575],[139.8523,35.76573],[139.85293,35.76563],[139.85338,35.76553],[139.85382,35.76538],[139.85396,35.76535],[139.85411,35.76532],[139.85433,35.76526],[139.85438,35.76525],[139.85443,35.76524],[139.85484,35.76514],[139.85493,35.7651],[139.85497,35.76508],[139.85512,35.76502],[139.85526,35.76495],[139.85546,35.76485],[139.85552,35.76483],[139.85565,35.76477],[139.85578,35.76471],[139.85596,35.76463],[139.85641,35.76444],[139.85642,35.76444],[139.85657,35.76443],[139.85753,35.76531],[139.85807,35.76587],[139.8583,35.76619],[139.85838,35.76635],[139.8584,35.7664],[139.85845,35.76649],[139.85859,35.76693],[139.85872,35.76743],[139.85877,35.76769],[139.8588,35.76791],[139.85877,35.76814],[139.85872,35.76847],[139.85864,35.76886],[139.85853,35.76926],[139.85849,35.76935],[139.85823,35.77002],[139.85802,35.77041],[139.85782,35.77073],[139.85776,35.77083],[139.85752,35.77112],[139.85721,35.77149],[139.85689,35.77187],[139.85681,35.77196],[139.85645,35.77238],[139.85628,35.77258],[139.85554,35.77345],[139.85451,35.7746],[139.85431,35.77482],[139.8536,35.77558],[139.85224,35.77702],[139.8521,35.77716],[139.85076,35.77851],[139.85059,35.77868],[139.85043,35.77885],[139.85014,35.77916],[139.84966,35.77968],[139.84899,35.78052],[139.84853,35.78115],[139.84815,35.78172],[139.84805,35.78187],[139.8476,35.78275],[139.8476,35.78275],[139.84722,35.78349],[139.84713,35.78368],[139.8464,35.78521],[139.84576,35.78663],[139.84545,35.78729],[139.84526,35.78771],[139.84511,35.78815],[139.8448,35.78926],[139.84452,35.79036],[139.84445,35.79062],[139.84432,35.79119],[139.84431,35.79124],[139.84423,35.79186],[139.84422,35.79195],[139.84421,35.792],[139.84419,35.79274],[139.84421,35.79345],[139.84422,35.79359],[139.84425,35.79377],[139.84425,35.79379],[139.84426,35.79385],[139.84444,35.79432],[139.84465,35.79474],[139.84472,35.79482],[139.84504,35.79517],[139.84513,35.79527],[139.84563,35.79564],[139.84579,35.79576],[139.84673,35.7965],[139.84674,35.79651],[139.84677,35.79645],[139.84696,35.79613],[139.8472,35.79583],[139.84743,35.79568],[139.8475,35.79571],[139.84753,35.79572],[139.84753,35.79572],[139.84753,35.79573],[139.84762,35.79568],[139.84764,35.79567],[139.84764,35.79567],[139.84787,35.79556],[139.84852,35.79529],[139.84872,35.79515],[139.84875,35.79513],[139.84919,35.79475],[139.85009,35.79406],[139.85023,35.79396],[139.8511,35.79331],[139.85186,35.79274],[139.85238,35.79235],[139.85264,35.79216],[139.85305,35.79189],[139.8534,35.79166],[139.85356,35.79156],[139.85389,35.79139],[139.85457,35.79105],[139.85528,35.79086],[139.85591,35.79082],[139.85617,35.79086],[139.85648,35.79096],[139.85655,35.79102],[139.85672,35.79117],[139.85736,35.79177],[139.85773,35.79222],[139.85783,35.79236],[139.85805,35.79269],[139.85829,35.7932],[139.85848,35.79359],[139.85865,35.79405],[139.85879,35.79444]]]}},{"type":"Feature","properties":{"ja":"港区"},"geometry":{"type":"MultiPolygon","coordinates":[[[[139.7315,35.6815],[139.73159,35.68137],[139.73162,35.68134],[139.73171,35.68127],[139.73178,35.68122],[139.73181,35.6812],[139.73199,35.68107],[139.73234,35.68083],[139.73246,35.68074],[139.73263,35.68062],[139.7328,35.68047],[139.73294,35.6802],[139.73295,35.68015],[139.73301,35.67991],[139.7331,35.6797],[139.73318,35.67953],[139.73332,35.67934],[139.7334,35.67923],[139.73358,35.67906],[139.73383,35.67888],[139.73401,35.67882],[139.73417,35.67878],[139.73443,35.67875],[139.73472,35.67873],[139.73504,35.67872],[139.73533,35.67871],[139.73589,35.67876],[139.73628,35.6788],[139.73649,35.67882],[139.73677,35.67887],[139.73684,35.67875],[139.73686,35.6787],[139.73692,35.67859],[139.73699,35.67845],[139.73702,35.67839],[139.73703,35.67839],[139.73713,35.6782],[139.73717,35.67811],[139.73718,35.67809],[139.73722,35.67802],[139.73741,35.67729],[139.73752,35.67687],[139.73787,35.67639],[139.73812,35.67607],[139.73821,35.67594],[139.73831,35.67577],[139.73845,35.67546],[139.73847,35.67542],[139.73849,35.67539],[139.73851,35.67535],[139.7386,35.67516],[139.73867,35.67494],[139.7387,35.67487],[139.73874,35.67466],[139.73876,35.6746],[139.7389,35.67433],[139.73898,35.67418],[139.73906,35.67403],[139.73907,35.67402],[139.73922,35.67391],[139.73928,35.67387],[139.73936,35.67381],[139.73945,35.67375],[139.7399,35.67346],[139.74002,35.67339],[139.74018,35.67329],[139.74091,35.67285],[139.74128,35.67262],[139.74138,35.67256],[139.74148,35.67251],[139.74161,35.67244],[139.74172,35.67237],[139.74228,35.672],[139.74257,35.67182],[139.74258,35.67181],[139.74265,35.67177],[139.74293,35.6716],[139.74317,35.67145],[139.7432,35.67143],[139.74334,35.67137],[139.74336,35.67136],[139.74345,35.67132],[139.74363,35.67126],[139.74365,35.67125],[139.74413,35.67119],[139.745,35.67104],[139.74512,35.67102],[139.74521,35.671],[139.7453,35.67099],[139.74534,35.67067],[139.74537,35.67067],[139.74598,35.67056],[139.74612,35.67054],[139.74623,35.67052],[139.74664,35.67047],[139.74677,35.67051],[139.74696,35.67051],[139.74697,35.67027],[139.74699,35.67006],[139.74721,35.66991],[139.74748,35.66966],[139.74764,35.66962],[139.74766,35.66961],[139.7478,35.66962],[139.74814,35.66988],[139.74817,35.66991],[139.74885,35.67049],[139.74886,35.6705],[139.74893,35.67056],[139.74911,35.67071],[139.74919,35.67078],[139.74924,35.67079],[139.74951,35.67083],[139.74952,35.67083],[139.74978,35.67083],[139.74981,35.67083],[139.74996,35.67083],[139.75007,35.67081],[139.75113,35.67056],[139.75184,35.67044],[139.752,35.67041],[139.75214,35.67039],[139.75286,35.67026],[139.75431,35.66991],[139.75529,35.66957],[139.7555,35.6695],[139.75565,35.66945],[139.75663,35.66911],[139.75687,35.66904],[139.75692,35.66902],[139.75696,35.66901],[139.75791,35.66872],[139.75795,35.66871],[139.75802,35.66868],[139.75807,35.66867],[139.75806,35.66866],[139.75923,35.66785],[139.76013,35.66764],[139.76142,35.6673],[139.76213,35.66688],[139.7627,35.66602],[139.76285,35.66536],[139.76284,35.66445],[139.76272,35.66393],[139.76223,35.66296],[139.76047,35.66123],[139.75942,35.66003],[139.75928,35.65949],[139.75933,35.65924],[139.75948,35.65897],[139.75979,35.65869],[139.75999,35.6586],[139.76271,35.65706],[139.76316,35.65681],[139.76349,35.65675],[139.76403,35.65646],[139.76569,35.65556],[139.76543,35.65428],[139.76486,35.6515],[139.76256,35.65184],[139.76231,35.65194],[139.76185,35.65183],[139.76098,35.65182],[139.76073,35.65087],[139.7608,35.65085],[139.75961,35.64726],[139.75928,35.64598],[139.75917,35.64574],[139.75904,35.64545],[139.75905,35.645],[139.75939,35.645],[139.76039,35.64501],[139.76046,35.6404],[139.76045,35.63776],[139.76045,35.63731],[139.76045,35.63686],[139.76038,35.63686],[139.75956,35.63686],[139.75816,35.6376],[139.75755,35.63794],[139.75688,35.63829],[139.75602,35.63877],[139.75552,35.63904],[139.75478,35.63884],[139.75306,35.63534],[139.75286,35.63493],[139.75264,35.63444],[139.75265,35.63442],[139.75412,35.63398],[139.7553,35.63359],[139.75919,35.63361],[139.75942,35.628],[139.75765,35.62794],[139.75743,35.62793],[139.75744,35.62772],[139.75749,35.62602],[139.75754,35.6244],[139.75754,35.62431],[139.75755,35.62409],[139.75615,35.62406],[139.75568,35.62404],[139.75465,35.62402],[139.75444,35.62403],[139.75411,35.62404],[139.75392,35.62405],[139.75361,35.62406],[139.75353,35.62405],[139.75314,35.62401],[139.75312,35.624],[139.75245,35.62398],[139.75247,35.62529],[139.75225,35.62529],[139.75158,35.6253],[139.75089,35.62494],[139.75057,35.62494],[139.75036,35.62487],[139.75031,35.62485],[139.74989,35.62469],[139.74927,35.62445],[139.74915,35.62441],[139.74749,35.62359],[139.74677,35.62324],[139.7464,35.62315],[139.74637,35.62315],[139.74621,35.62312],[139.74602,35.62311],[139.74574,35.62313],[139.74521,35.62323],[139.74504,35.62326],[139.74474,35.6233],[139.74454,35.62336],[139.74443,35.6234],[139.74437,35.62345],[139.7443,35.6236],[139.74424,35.62368],[139.74424,35.62369],[139.74411,35.62386],[139.74411,35.62387],[139.74391,35.62418],[139.74383,35.62432],[139.74351,35.62484],[139.74345,35.62494],[139.74333,35.62513],[139.74318,35.62512],[139.7429,35.62508],[139.74277,35.62507],[139.74258,35.62504],[139.74108,35.62481],[139.73997,35.62464],[139.73924,35.62451],[139.73909,35.62452],[139.73884,35.62453],[139.73882,35.62453],[139.73855,35.62455],[139.7384,35.62456],[139.73827,35.62456],[139.73825,35.62456],[139.73811,35.62456],[139.73807,35.62456],[139.73798,35.62456],[139.73778,35.62453],[139.73759,35.62443],[139.73775,35.62414],[139.73729,35.62377],[139.7375,35.62345],[139.73666,35.62308],[139.7359,35.62315],[139.73585,35.62316],[139.7354,35.6232],[139.73492,35.62439],[139.73482,35.62455],[139.73477,35.62462],[139.7347,35.62469],[139.73434,35.62539],[139.73417,35.62571],[139.73412,35.62579],[139.73395,35.62611],[139.73379,35.62609],[139.73346,35.62605],[139.73337,35.62604],[139.73287,35.62598],[139.73267,35.62598],[139.73235,35.62599],[139.73209,35.62603],[139.73184,35.6261],[139.73181,35.62611],[139.73155,35.62621],[139.73138,35.62624],[139.73131,35.62626],[139.73123,35.62633],[139.73118,35.6264],[139.73117,35.62644],[139.73115,35.62648],[139.73114,35.6266],[139.73115,35.62669],[139.73129,35.62696],[139.73133,35.62706],[139.73133,35.62707],[139.73134,35.6272],[139.73131,35.62762],[139.73139,35.62804],[139.73146,35.62832],[139.73152,35.62871],[139.73113,35.62879],[139.73101,35.62881],[139.73099,35.62922],[139.73094,35.63002],[139.73094,35.63009],[139.73093,35.63014],[139.73093,35.63027],[139.73086,35.63041],[139.73071,35.63061],[139.73065,35.6307],[139.73043,35.63089],[139.73039,35.63093],[139.73035,35.63096],[139.72999,35.63121],[139.72987,35.6313],[139.72987,35.6313],[139.72971,35.63141],[139.72962,35.63147],[139.72959,35.63145],[139.72954,35.6314],[139.7295,35.63137],[139.7294,35.63127],[139.72931,35.6312],[139.72913,35.63137],[139.72887,35.63162],[139.72883,35.63166],[139.72874,35.63182],[139.7287,35.63207],[139.7287,35.63208],[139.72873,35.6322],[139.72882,35.6325],[139.72886,35.63264],[139.72842,35.6328],[139.7283,35.63284],[139.72808,35.63244],[139.72792,35.63214],[139.72784,35.63201],[139.72779,35.63195],[139.72773,35.6319],[139.72767,35.6319],[139.72763,35.63189],[139.72753,35.63192],[139.72749,35.63193],[139.72749,35.63193],[139.7271,35.63205],[139.72708,35.63206],[139.72697,35.6321],[139.72692,35.63212],[139.72671,35.63221],[139.72674,35.63237],[139.72679,35.63262],[139.72632,35.63286],[139.72641,35.63317],[139.72661,35.63368],[139.72679,35.63411],[139.7268,35.63415],[139.72685,35.63427],[139.72676,35.63435],[139.72655,35.63453],[139.726,35.63503],[139.72563,35.63515],[139.72549,35.6352],[139.72521,35.63526],[139.72463,35.63537],[139.72419,35.63543],[139.72416,35.63544],[139.72356,35.63556],[139.72338,35.63559],[139.72246,35.63586],[139.72221,35.63598],[139.72218,35.63591],[139.72216,35.63587],[139.72209,35.6357],[139.72206,35.63558],[139.72203,35.63546],[139.72203,35.63539],[139.72168,35.63537],[139.72164,35.63537],[139.72157,35.63537],[139.72146,35.63536],[139.72139,35.63521],[139.72135,35.63513],[139.7213,35.63507],[139.72126,35.63502],[139.72119,35.63499],[139.72103,35.63497],[139.72086,35.63496],[139.72079,35.63496],[139.72073,35.63496],[139.72067,35.63496],[139.72065,35.63496],[139.72058,35.63494],[139.72049,35.63489],[139.7202,35.63473],[139.71996,35.63458],[139.71984,35.6346],[139.71961,35.63465],[139.71956,35.63466],[139.71919,35.63474],[139.7191,35.63476],[139.71865,35.63516],[139.71818,35.63509],[139.71783,35.63505],[139.71775,35.63524],[139.71774,35.63526],[139.71766,35.63544],[139.71765,35.6358],[139.7179,35.63588],[139.71784,35.63604],[139.71788,35.63609],[139.71802,35.63625],[139.71809,35.63633],[139.71814,35.63639],[139.71821,35.63647],[139.71755,35.63725],[139.71754,35.63737],[139.71753,35.63744],[139.71744,35.63759],[139.71732,35.63782],[139.71725,35.63792],[139.7172,35.63795],[139.71693,35.63809],[139.71692,35.6381],[139.71668,35.63826],[139.71668,35.63855],[139.71668,35.63868],[139.71668,35.63899],[139.71668,35.63904],[139.71668,35.63907],[139.71668,35.63908],[139.71676,35.63963],[139.71676,35.63965],[139.71679,35.6398],[139.71684,35.6399],[139.71687,35.63993],[139.71689,35.63995],[139.7169,35.63996],[139.71701,35.64],[139.71716,35.64006],[139.71719,35.64007],[139.71742,35.64011],[139.71756,35.64017],[139.71766,35.64021],[139.71776,35.64029],[139.71785,35.64041],[139.71793,35.64052],[139.71805,35.64067],[139.71815,35.64075],[139.71826,35.64081],[139.71861,35.64095],[139.71897,35.64109],[139.71917,35.64117],[139.71918,35.64117],[139.7194,35.64131],[139.71958,35.64137],[139.71964,35.6414],[139.71966,35.64141],[139.71973,35.64143],[139.71967,35.64148],[139.71953,35.64159],[139.71935,35.64173],[139.7192,35.64185],[139.71944,35.642],[139.71953,35.64208],[139.71956,35.64211],[139.71956,35.64211],[139.71969,35.64225],[139.71995,35.64261],[139.72002,35.64271],[139.72004,35.64274],[139.72017,35.64291],[139.7205,35.64335],[139.72052,35.64338],[139.72061,35.64349],[139.72065,35.64355],[139.72095,35.64395],[139.72127,35.64436],[139.72131,35.64441],[139.72144,35.64441],[139.72146,35.64441],[139.72191,35.6444],[139.72192,35.6444],[139.72222,35.6444],[139.72224,35.6444],[139.72231,35.6444],[139.72236,35.6444],[139.7224,35.6444],[139.72249,35.6444],[139.72263,35.64459],[139.72268,35.64468],[139.72276,35.64478],[139.72287,35.64494],[139.72285,35.645],[139.72281,35.64519],[139.72278,35.64531],[139.72275,35.64549],[139.72293,35.64571],[139.72298,35.64578],[139.72332,35.64634],[139.72345,35.64654],[139.72349,35.6466],[139.72356,35.6467],[139.72337,35.64682],[139.72319,35.64696],[139.72298,35.64712],[139.72301,35.6472],[139.72302,35.64721],[139.72304,35.64727],[139.72308,35.64735],[139.72311,35.64742],[139.72312,35.64744],[139.72316,35.64752],[139.72324,35.64771],[139.72325,35.64774],[139.72328,35.64779],[139.72312,35.64823],[139.72303,35.64847],[139.72295,35.64878],[139.72277,35.64943],[139.72273,35.64961],[139.72271,35.64969],[139.72265,35.64991],[139.72263,35.64997],[139.72263,35.64999],[139.72257,35.65028],[139.72254,35.65046],[139.72254,35.65052],[139.72252,35.65067],[139.72251,35.6508],[139.72251,35.65084],[139.72249,35.65105],[139.72242,35.65215],[139.72242,35.65221],[139.7224,35.65233],[139.72219,35.65235],[139.72216,35.65235],[139.72216,35.65235],[139.72203,35.65236],[139.72201,35.65236],[139.72194,35.65237],[139.72187,35.6524],[139.72182,35.65247],[139.7218,35.65249],[139.72173,35.65265],[139.72168,35.65294],[139.72166,35.65304],[139.72156,35.65362],[139.72155,35.65374],[139.72157,35.65383],[139.72163,35.65399],[139.72206,35.65486],[139.72253,35.65552],[139.72261,35.65566],[139.72269,35.65581],[139.72273,35.65587],[139.72274,35.65588],[139.72276,35.65593],[139.72279,35.65608],[139.72271,35.65601],[139.72265,35.65596],[139.7226,35.65591],[139.72252,35.65586],[139.72238,35.65577],[139.72228,35.6557],[139.72216,35.65562],[139.7221,35.6556],[139.72204,35.6556],[139.72197,35.6556],[139.72171,35.65568],[139.72153,35.65574],[139.72016,35.65623],[139.71847,35.65683],[139.71819,35.65693],[139.71814,35.65695],[139.71804,35.65698],[139.71785,35.65656],[139.7175,35.65668],[139.71673,35.6569],[139.71649,35.65692],[139.71631,35.65693],[139.71625,35.65694],[139.71618,35.65695],[139.71578,35.65699],[139.71521,35.6571],[139.71516,35.65711],[139.71498,35.65714],[139.71474,35.65722],[139.71459,35.65728],[139.71455,35.6573],[139.71446,35.65735],[139.71427,35.65751],[139.71393,35.65782],[139.71369,35.658],[139.71367,35.65802],[139.7132,35.65828],[139.71297,35.6584],[139.71287,35.65845],[139.71302,35.65862],[139.71317,35.65879],[139.71328,35.65891],[139.71337,35.65902],[139.71345,35.65911],[139.71377,35.65967],[139.71379,35.65976],[139.71326,35.66005],[139.71288,35.66029],[139.71283,35.66032],[139.71279,35.66034],[139.71239,35.66059],[139.71236,35.66061],[139.71231,35.66064],[139.71216,35.66073],[139.71201,35.66087],[139.71197,35.66091],[139.71183,35.66103],[139.71164,35.66126],[139.71155,35.66137],[139.71108,35.6619],[139.71103,35.66195],[139.71054,35.66253],[139.71027,35.66285],[139.71027,35.66285],[139.71023,35.6629],[139.71013,35.66298],[139.71003,35.66307],[139.71002,35.66308],[139.70995,35.66314],[139.70932,35.66355],[139.70856,35.66407],[139.7086,35.66416],[139.70862,35.66421],[139.70863,35.66423],[139.7087,35.66438],[139.70929,35.66501],[139.70931,35.66504],[139.70934,35.66507],[139.70954,35.66528],[139.70956,35.66531],[139.70959,35.66534],[139.70988,35.66566],[139.71016,35.66596],[139.71024,35.66601],[139.71026,35.66602],[139.71043,35.66608],[139.71044,35.66609],[139.71055,35.66613],[139.71061,35.66614],[139.7107,35.66617],[139.71072,35.66617],[139.71084,35.66622],[139.71095,35.66629],[139.71101,35.66637],[139.71102,35.66637],[139.71138,35.66678],[139.71151,35.66681],[139.71156,35.66686],[139.71176,35.66709],[139.71179,35.66712],[139.71267,35.66811],[139.71289,35.66835],[139.71347,35.66899],[139.71381,35.66935],[139.71396,35.66931],[139.71439,35.66919],[139.71446,35.66928],[139.71453,35.66937],[139.71467,35.66954],[139.71471,35.66959],[139.71461,35.66971],[139.71431,35.6699],[139.7142,35.66997],[139.71417,35.66999],[139.71409,35.67005],[139.71408,35.67005],[139.71373,35.67031],[139.71383,35.67052],[139.71389,35.67063],[139.714,35.67086],[139.71423,35.67113],[139.71423,35.67123],[139.71423,35.67143],[139.7143,35.67155],[139.71451,35.67185],[139.71452,35.67189],[139.71454,35.67192],[139.71461,35.67208],[139.71433,35.67219],[139.7145,35.67246],[139.71455,35.67255],[139.71465,35.67262],[139.71493,35.67299],[139.71535,35.67284],[139.71547,35.6728],[139.7157,35.67272],[139.71607,35.67254],[139.71613,35.67252],[139.7162,35.67248],[139.71653,35.67238],[139.71656,35.67237],[139.7168,35.67248],[139.717,35.67257],[139.71694,35.67269],[139.71689,35.67278],[139.71685,35.67287],[139.71682,35.67292],[139.71662,35.67331],[139.71656,35.67343],[139.71726,35.67362],[139.71814,35.67393],[139.71872,35.67418],[139.71927,35.67441],[139.71947,35.6745],[139.7196,35.67471],[139.71974,35.67495],[139.71995,35.67532],[139.7199,35.67547],[139.71989,35.67552],[139.71978,35.67576],[139.7198,35.67583],[139.71973,35.67628],[139.71962,35.67666],[139.71986,35.67673],[139.71956,35.67741],[139.71967,35.67745],[139.71975,35.67748],[139.71983,35.67751],[139.71993,35.67755],[139.71977,35.67788],[139.71958,35.67831],[139.71948,35.67841],[139.7196,35.67849],[139.71975,35.67841],[139.71986,35.67841],[139.71988,35.67851],[139.71989,35.6786],[139.71993,35.67868],[139.72007,35.67877],[139.72014,35.67881],[139.72028,35.6789],[139.72047,35.67902],[139.72064,35.67913],[139.72085,35.6792],[139.72115,35.67932],[139.72121,35.67925],[139.72125,35.6792],[139.72129,35.67915],[139.72151,35.6789],[139.72155,35.67885],[139.72216,35.67903],[139.72258,35.67906],[139.72266,35.67856],[139.72267,35.67851],[139.72272,35.67825],[139.72327,35.67856],[139.72323,35.67875],[139.72321,35.67881],[139.72317,35.67903],[139.72318,35.67906],[139.7232,35.67911],[139.72367,35.67909],[139.72385,35.67909],[139.72405,35.67912],[139.72412,35.67913],[139.72421,35.67916],[139.72466,35.67932],[139.72468,35.67932],[139.72493,35.67935],[139.72514,35.67924],[139.72538,35.6791],[139.72554,35.6791],[139.72573,35.67913],[139.72604,35.67911],[139.72622,35.67903],[139.72675,35.67929],[139.7268,35.67942],[139.7269,35.67966],[139.72698,35.67981],[139.72715,35.68012],[139.72722,35.68025],[139.72751,35.68081],[139.72757,35.68106],[139.72765,35.68151],[139.72771,35.68164],[139.72778,35.68179],[139.72782,35.68188],[139.72834,35.68264],[139.72845,35.68281],[139.72845,35.68281],[139.72846,35.68282],[139.72853,35.68283],[139.72912,35.68282],[139.72956,35.68281],[139.72973,35.68253],[139.72976,35.68249],[139.72983,35.6823],[139.7299,35.68219],[139.73021,35.68173],[139.73051,35.68131],[139.73054,35.68127],[139.73071,35.68102],[139.73091,35.68115],[139.73094,35.68116],[139.73099,35.68119],[139.73108,35.68124],[139.73145,35.68147],[139.7315,35.6815]]],[[[139.76872,35.62645],[139.76894,35.62656],[139.76955,35.6269],[139.76986,35.62712],[139.7702,35.62731],[139.77066,35.62753],[139.77094,35.62773],[139.77113,35.62791],[139.77123,35.62803],[139.77136,35.62824],[139.77142,35.62828],[139.77149,35.62829],[139.77182,35.62826],[139.77192,35.62826],[139.77209,35.62833],[139.77219,35.62841],[139.77238,35.62852],[139.77262,35.6286],[139.77269,35.62863],[139.77285,35.62871],[139.77364,35.62914],[139.77408,35.6294],[139.77408,35.6296],[139.77424,35.62963],[139.77449,35.62967],[139.77466,35.62973],[139.77488,35.62984],[139.77516,35.63012],[139.77561,35.63054],[139.77583,35.6307],[139.77598,35.63076],[139.77657,35.63093],[139.77681,35.63104],[139.77708,35.63127],[139.77742,35.63155],[139.77749,35.63164],[139.7775,35.63171],[139.77749,35.63182],[139.77714,35.63234],[139.77643,35.63328],[139.77559,35.63443],[139.77538,35.63466],[139.77523,35.63475],[139.775,35.63482],[139.7749,35.63486],[139.77368,35.63422],[139.77328,35.63401],[139.77268,35.63254],[139.77084,35.63305],[139.77139,35.63433],[139.77171,35.63445],[139.7725,35.63423],[139.7726,35.63447],[139.77315,35.63434],[139.77521,35.63546],[139.77566,35.63571],[139.77572,35.63574],[139.77692,35.636],[139.77701,35.63605],[139.77809,35.63473],[139.78071,35.63153],[139.78105,35.63112],[139.78162,35.63041],[139.78234,35.62949],[139.78234,35.62949],[139.78214,35.62938],[139.78194,35.62928],[139.78176,35.62918],[139.78161,35.6291],[139.78031,35.62842],[139.7793,35.62789],[139.77874,35.6276],[139.77791,35.62717],[139.77727,35.62682],[139.77679,35.62654],[139.77647,35.62636],[139.77572,35.62592],[139.77501,35.62551],[139.7741,35.62499],[139.77377,35.62478],[139.77346,35.62459],[139.77294,35.62425],[139.77167,35.62336],[139.77141,35.62319],[139.77135,35.62314],[139.77104,35.62354],[139.77001,35.62489],[139.76979,35.62517],[139.76903,35.62608],[139.76886,35.62628],[139.76872,35.62645]]],[[[139.76561,35.63322],[139.76612,35.63438],[139.76757,35.63396],[139.76728,35.63324],[139.76656,35.63297],[139.76561,35.63322]]],[[[139.76811,35.63013],[139.76941,35.63176],[139.76987,35.63231],[139.76993,35.63235],[139.76999,35.63236],[139.77005,35.63235],[139.77011,35.63234],[139.77015,35.6323],[139.77018,35.63223],[139.77018,35.63216],[139.77014,35.63209],[139.77034,35.63186],[139.76989,35.63176],[139.76848,35.62995],[139.76811,35.63013]]],[[[139.76608,35.62747],[139.76611,35.62759],[139.76615,35.62767],[139.76771,35.62963],[139.76797,35.6295],[139.76807,35.62943],[139.76736,35.62853],[139.76692,35.62796],[139.76653,35.62746],[139.76643,35.62734],[139.76633,35.62732],[139.7662,35.62733],[139.76612,35.62736],[139.76609,35.62743],[139.76608,35.62747]]],[[[139.77326,35.62948],[139.7734,35.62957],[139.77359,35.62933],[139.77346,35.62925],[139.77326,35.62948]]]]}},{"type":"Feature","properties":{"ja":"大田区"},"geometry":{"type":"MultiPolygon","coordinates":[[[[139.69539,35.60749],[139.69563,35.60705],[139.69564,35.60703],[139.69566,35.60699],[139.69583,35.60666],[139.69591,35.60656],[139.69593,35.60653],[139.69595,35.6065],[139.6961,35.6063],[139.69625,35.60604],[139.69627,35.60601],[139.69629,35.60597],[139.69651,35.60558],[139.69655,35.60551],[139.69667,35.60533],[139.69672,35.60524],[139.69679,35.60513],[139.69717,35.60472],[139.69719,35.6047],[139.69721,35.60468],[139.69773,35.6041],[139.69783,35.60399],[139.69788,35.60394],[139.69801,35.6038],[139.69812,35.60367],[139.69821,35.60358],[139.6984,35.60341],[139.6986,35.60324],[139.69892,35.60302],[139.69911,35.60289],[139.69933,35.60274],[139.69953,35.6026],[139.69987,35.60233],[139.69989,35.60231],[139.69993,35.60228],[139.70015,35.6021],[139.70086,35.60157],[139.70091,35.60153],[139.70095,35.6015],[139.70106,35.60141],[139.7012,35.60141],[139.70124,35.60141],[139.70127,35.60141],[139.7017,35.60139],[139.70246,35.60134],[139.7025,35.60133],[139.70254,35.60133],[139.70389,35.60123],[139.70392,35.60123],[139.70396,35.60123],[139.70429,35.60121],[139.70476,35.60118],[139.70481,35.60118],[139.70574,35.60113],[139.7062,35.6011],[139.70682,35.60106],[139.70686,35.60106],[139.70742,35.60101],[139.70795,35.60097],[139.70799,35.60097],[139.70803,35.60097],[139.70828,35.60095],[139.70869,35.60092],[139.70874,35.60091],[139.70878,35.60091],[139.70897,35.6009],[139.70902,35.60089],[139.70907,35.60089],[139.71003,35.60081],[139.71028,35.60079],[139.71036,35.60078],[139.71078,35.60075],[139.71083,35.60074],[139.71086,35.60074],[139.7109,35.60074],[139.71133,35.6007],[139.71137,35.6007],[139.71141,35.60069],[139.71164,35.60067],[139.71175,35.60066],[139.71179,35.60065],[139.71183,35.60065],[139.71237,35.60059],[139.71254,35.60055],[139.71266,35.60053],[139.71266,35.60053],[139.7128,35.60051],[139.71288,35.60049],[139.71343,35.6003],[139.71443,35.59999],[139.71448,35.59997],[139.71452,35.59993],[139.71454,35.5999],[139.71456,35.59989],[139.71457,35.59987],[139.7146,35.59983],[139.71466,35.59976],[139.7147,35.59969],[139.71472,35.59964],[139.71472,35.59961],[139.71464,35.59924],[139.71462,35.59917],[139.7146,35.59914],[139.71458,35.59912],[139.71455,35.59911],[139.71451,35.5991],[139.71421,35.59907],[139.71425,35.59891],[139.71429,35.59881],[139.7143,35.59877],[139.71431,35.59873],[139.71439,35.59847],[139.71455,35.59794],[139.71457,35.5979],[139.71458,35.59786],[139.71466,35.5976],[139.71468,35.59751],[139.71472,35.59745],[139.71477,35.59741],[139.71482,35.59737],[139.71486,35.59735],[139.7149,35.59733],[139.71495,35.59732],[139.71507,35.59728],[139.71517,35.59725],[139.7152,35.59722],[139.71521,35.59718],[139.71523,35.59713],[139.71524,35.59707],[139.71524,35.59706],[139.71525,35.59704],[139.71526,35.59701],[139.71528,35.59697],[139.71531,35.59693],[139.71534,35.59692],[139.71544,35.59689],[139.71571,35.59682],[139.7159,35.59679],[139.71594,35.59679],[139.71597,35.59678],[139.71642,35.59672],[139.71658,35.59667],[139.71662,35.59666],[139.71665,35.59665],[139.7168,35.59661],[139.71694,35.59654],[139.71717,35.59643],[139.71737,35.59638],[139.71747,35.59631],[139.71753,35.59623],[139.71754,35.59622],[139.71757,35.59618],[139.71757,35.59617],[139.71758,35.59613],[139.71759,35.59601],[139.71761,35.59587],[139.71762,35.59576],[139.71765,35.59569],[139.71768,35.59559],[139.71769,35.59559],[139.7177,35.59557],[139.71774,35.59551],[139.71777,35.59544],[139.71779,35.59542],[139.71779,35.5954],[139.71783,35.59532],[139.71785,35.59528],[139.71786,35.59524],[139.71787,35.5952],[139.71787,35.59473],[139.71787,35.5947],[139.71787,35.59467],[139.71787,35.59457],[139.71805,35.59457],[139.7181,35.59429],[139.71811,35.59426],[139.71812,35.59421],[139.71815,35.59402],[139.71836,35.5937],[139.71859,35.59338],[139.7186,35.59335],[139.71862,35.59333],[139.71862,35.59332],[139.71875,35.5931],[139.71894,35.59283],[139.71896,35.59276],[139.71897,35.59258],[139.71897,35.59248],[139.71896,35.59245],[139.71896,35.59241],[139.71895,35.59217],[139.71896,35.5921],[139.71898,35.59206],[139.71901,35.59202],[139.71906,35.59197],[139.71908,35.59195],[139.71911,35.59192],[139.71918,35.59185],[139.71967,35.59212],[139.71975,35.59215],[139.71978,35.59217],[139.71982,35.59218],[139.7203,35.59239],[139.72032,35.5924],[139.72033,35.59241],[139.72033,35.59245],[139.72034,35.59251],[139.72036,35.59268],[139.72045,35.59299],[139.72045,35.593],[139.72047,35.59308],[139.72052,35.59323],[139.72054,35.59329],[139.72054,35.59329],[139.72059,35.59339],[139.72069,35.59356],[139.72096,35.59406],[139.72108,35.59429],[139.72125,35.59431],[139.72156,35.59434],[139.72162,35.59434],[139.72166,35.59435],[139.7217,35.59435],[139.72184,35.59437],[139.72201,35.59435],[139.72205,35.59434],[139.72209,35.59434],[139.7221,35.59434],[139.72275,35.59431],[139.72345,35.59429],[139.72358,35.59427],[139.72362,35.59427],[139.72366,35.59426],[139.72393,35.59423],[139.72417,35.59421],[139.72437,35.5942],[139.72486,35.59423],[139.7249,35.59423],[139.72494,35.59424],[139.72573,35.59429],[139.72585,35.5943],[139.72587,35.5943],[139.72655,35.59434],[139.72671,35.59435],[139.72678,35.59435],[139.7268,35.59414],[139.7268,35.5941],[139.7268,35.59406],[139.72681,35.59395],[139.72691,35.59398],[139.72692,35.59399],[139.72697,35.594],[139.72703,35.59403],[139.72743,35.59417],[139.7275,35.5942],[139.72754,35.59422],[139.7276,35.59423],[139.72774,35.59426],[139.72778,35.59427],[139.72807,35.59434],[139.72811,35.59435],[139.72817,35.59437],[139.72824,35.59438],[139.72865,35.59406],[139.72879,35.59395],[139.72899,35.59378],[139.72901,35.59374],[139.72902,35.59368],[139.72901,35.59366],[139.72901,35.59362],[139.72901,35.5936],[139.72901,35.59353],[139.7289,35.59271],[139.72923,35.59262],[139.72933,35.59259],[139.72952,35.59254],[139.7303,35.59225],[139.73055,35.59216],[139.72983,35.59092],[139.72933,35.59015],[139.72919,35.58981],[139.72911,35.58948],[139.72897,35.58898],[139.72893,35.58883],[139.72897,35.58882],[139.72942,35.58867],[139.72951,35.58864],[139.72961,35.5886],[139.7297,35.58857],[139.72965,35.5882],[139.72983,35.58788],[139.73011,35.58737],[139.73016,35.58737],[139.73086,35.58741],[139.73095,35.58741],[139.73175,35.58744],[139.73221,35.58748],[139.73232,35.58748],[139.73283,35.58751],[139.73293,35.58751],[139.73363,35.58749],[139.73369,35.58748],[139.73373,35.58748],[139.73437,35.58746],[139.73469,35.58745],[139.73483,35.58743],[139.73492,35.58741],[139.73513,35.58737],[139.7353,35.58737],[139.73542,35.58736],[139.73549,35.58736],[139.73587,35.58737],[139.73587,35.58737],[139.73589,35.5875],[139.73594,35.58805],[139.73605,35.58806],[139.73606,35.58806],[139.73614,35.58806],[139.73713,35.58812],[139.73714,35.58811],[139.73714,35.5881],[139.73717,35.58781],[139.73807,35.58786],[139.73846,35.58784],[139.73853,35.58785],[139.73863,35.58786],[139.73879,35.58791],[139.73997,35.58824],[139.74061,35.58842],[139.74521,35.58975],[139.74677,35.59024],[139.74683,35.59025],[139.74704,35.59029],[139.74798,35.59057],[139.74859,35.589],[139.74874,35.5889],[139.74953,35.58886],[139.74957,35.58886],[139.75026,35.589],[139.75027,35.58935],[139.75058,35.58934],[139.75107,35.58932],[139.75476,35.58927],[139.75512,35.58927],[139.7553,35.58926],[139.75542,35.58926],[139.7555,35.58926],[139.75553,35.58926],[139.75581,35.58926],[139.75601,35.58925],[139.75596,35.58658],[139.75597,35.58493],[139.75722,35.58496],[139.75986,35.58498],[139.76103,35.585],[139.76203,35.58501],[139.76241,35.58501],[139.76256,35.58501],[139.76254,35.58599],[139.76257,35.58658],[139.76253,35.58772],[139.76245,35.58968],[139.76265,35.5897],[139.76287,35.58972],[139.76277,35.59126],[139.76273,35.59181],[139.76273,35.59188],[139.76272,35.59196],[139.7627,35.59236],[139.76269,35.59255],[139.76256,35.59461],[139.76314,35.59458],[139.76416,35.59454],[139.76418,35.59466],[139.76466,35.59462],[139.76482,35.59461],[139.76541,35.59448],[139.76574,35.594],[139.76625,35.59331],[139.76679,35.59257],[139.76706,35.59269],[139.76734,35.59283],[139.76762,35.59297],[139.76779,35.59305],[139.76843,35.59337],[139.76863,35.59347],[139.76901,35.59366],[139.76924,35.59378],[139.77156,35.59498],[139.77249,35.59544],[139.77271,35.59554],[139.77324,35.59581],[139.77338,35.59562],[139.77297,35.59544],[139.77312,35.59524],[139.77517,35.59248],[139.7769,35.59017],[139.77386,35.58739],[139.77369,35.58752],[139.77325,35.58711],[139.77342,35.58699],[139.77462,35.5871],[139.7752,35.58658],[139.77521,35.58656],[139.7729,35.58656],[139.77225,35.58598],[139.77126,35.58508],[139.76978,35.58375],[139.76972,35.58371],[139.76969,35.58366],[139.76962,35.58346],[139.7693,35.58315],[139.76921,35.58308],[139.76913,35.583],[139.76908,35.58293],[139.76905,35.58284],[139.76904,35.58277],[139.769,35.58265],[139.76957,35.58222],[139.77076,35.58135],[139.77095,35.58151],[139.77112,35.58141],[139.77157,35.58186],[139.77194,35.5822],[139.772,35.58222],[139.77208,35.58224],[139.77217,35.58224],[139.77226,35.58224],[139.7723,35.58225],[139.77242,35.58234],[139.77302,35.5829],[139.77362,35.58346],[139.77415,35.58395],[139.77477,35.58451],[139.77581,35.58545],[139.77595,35.58555],[139.77605,35.58557],[139.77613,35.58558],[139.77617,35.58561],[139.77625,35.58569],[139.7764,35.58581],[139.77648,35.58576],[139.77674,35.58558],[139.77691,35.58545],[139.77707,35.58534],[139.77718,35.58526],[139.77729,35.58518],[139.77742,35.5853],[139.77761,35.58547],[139.77781,35.58567],[139.77799,35.58583],[139.77816,35.58599],[139.77826,35.58608],[139.77835,35.58617],[139.77849,35.58629],[139.77859,35.58639],[139.77864,35.58643],[139.77882,35.5863],[139.77934,35.58593],[139.77972,35.58566],[139.77998,35.58547],[139.78036,35.5852],[139.78067,35.58498],[139.78095,35.58521],[139.78105,35.5853],[139.781,35.58533],[139.78125,35.58552],[139.78144,35.58568],[139.78164,35.58554],[139.78159,35.58549],[139.78125,35.5852],[139.78116,35.58511],[139.78101,35.58497],[139.78086,35.58484],[139.78096,35.58477],[139.78132,35.58453],[139.78164,35.58431],[139.78196,35.58407],[139.78236,35.58379],[139.78252,35.58367],[139.78253,35.58368],[139.78278,35.58388],[139.78294,35.58401],[139.78308,35.5839],[139.78335,35.58368],[139.7833,35.58364],[139.78309,35.58346],[139.78296,35.58335],[139.78314,35.58323],[139.78415,35.58248],[139.78513,35.58177],[139.78601,35.58112],[139.78677,35.58055],[139.78703,35.58036],[139.78703,35.5803],[139.78694,35.58024],[139.78737,35.57994],[139.78737,35.57989],[139.78735,35.57973],[139.78733,35.57956],[139.78718,35.57958],[139.78702,35.57958],[139.78692,35.57956],[139.78682,35.57952],[139.78671,35.57949],[139.78663,35.57945],[139.78654,35.57938],[139.78637,35.57921],[139.7863,35.57914],[139.78624,35.57906],[139.78619,35.57896],[139.7861,35.57885],[139.786,35.57874],[139.78589,35.57865],[139.78582,35.57857],[139.7858,35.5785],[139.78572,35.57837],[139.78569,35.57835],[139.78556,35.57832],[139.78548,35.57827],[139.78537,35.57817],[139.78527,35.57809],[139.78519,35.57803],[139.78515,35.57796],[139.78515,35.57791],[139.78518,35.57787],[139.78522,35.57786],[139.78528,35.57785],[139.78534,35.57783],[139.78537,35.57781],[139.78538,35.57778],[139.78537,35.57776],[139.78516,35.57768],[139.78485,35.57757],[139.78476,35.57751],[139.78459,35.57744],[139.78425,35.57741],[139.7842,35.57741],[139.78411,35.57738],[139.78406,35.57737],[139.78402,35.57734],[139.78361,35.57734],[139.78331,35.57709],[139.78321,35.57709],[139.7828,35.57708],[139.78242,35.57708],[139.7818,35.57709],[139.78119,35.57709],[139.78043,35.5771],[139.77981,35.57711],[139.7791,35.57711],[139.7785,35.57711],[139.77798,35.57711],[139.77722,35.57711],[139.77654,35.57712],[139.77589,35.57712],[139.77589,35.57711],[139.77588,35.57701],[139.77587,35.577],[139.77552,35.57701],[139.77477,35.57701],[139.77428,35.57701],[139.77413,35.577],[139.77411,35.57712],[139.77388,35.57712],[139.77317,35.57712],[139.77262,35.57711],[139.77241,35.57711],[139.77203,35.57711],[139.77148,35.57711],[139.77094,35.5771],[139.7704,35.5771],[139.76985,35.5771],[139.76922,35.5771],[139.76886,35.5771],[139.76824,35.57709],[139.7676,35.57709],[139.76705,35.57709],[139.76674,35.57709],[139.76674,35.57711],[139.76671,35.57746],[139.76671,35.57767],[139.7667,35.57784],[139.76669,35.57795],[139.76669,35.57806],[139.76668,35.57817],[139.76638,35.57849],[139.76677,35.57872],[139.76694,35.57881],[139.76701,35.57882],[139.76757,35.57881],[139.76781,35.57881],[139.76786,35.5788],[139.76793,35.57877],[139.76825,35.57907],[139.76852,35.57932],[139.76881,35.5796],[139.76902,35.57979],[139.76917,35.57994],[139.76914,35.58001],[139.76907,35.58017],[139.76905,35.58022],[139.76903,35.58025],[139.76899,35.58031],[139.76893,35.58038],[139.76888,35.58042],[139.76876,35.58053],[139.76864,35.58063],[139.76853,35.58071],[139.76844,35.58077],[139.76827,35.58089],[139.76816,35.58097],[139.76808,35.58102],[139.76801,35.58107],[139.76796,35.5811],[139.76792,35.58114],[139.76786,35.58123],[139.76782,35.58127],[139.76777,35.5813],[139.7677,35.58133],[139.76766,35.58133],[139.76761,35.58132],[139.76757,35.58131],[139.76754,35.5813],[139.76751,35.58128],[139.76736,35.58115],[139.76692,35.58076],[139.76658,35.58044],[139.76626,35.58013],[139.76587,35.57977],[139.76557,35.57951],[139.7652,35.57916],[139.76487,35.57883],[139.7647,35.57868],[139.76451,35.5785],[139.76425,35.57821],[139.76418,35.57812],[139.76406,35.57802],[139.76401,35.57799],[139.76395,35.57797],[139.76387,35.57796],[139.76381,35.57795],[139.76377,35.57794],[139.76368,35.57791],[139.76354,35.57784],[139.76343,35.57777],[139.76336,35.57772],[139.76328,35.57767],[139.76315,35.57759],[139.76307,35.57755],[139.76297,35.57751],[139.76292,35.5775],[139.7627,35.5773],[139.76247,35.57711],[139.76216,35.57711],[139.7616,35.57711],[139.76142,35.57711],[139.76125,35.57711],[139.76076,35.57712],[139.76032,35.57712],[139.75992,35.57712],[139.75949,35.57712],[139.75904,35.57712],[139.75866,35.57712],[139.75844,35.57712],[139.7573,35.57709],[139.75694,35.57712],[139.75624,35.57713],[139.75587,35.57714],[139.75565,35.57723],[139.75557,35.57729],[139.75541,35.57739],[139.75512,35.57762],[139.75493,35.57776],[139.75471,35.57792],[139.75459,35.57801],[139.75445,35.57811],[139.75413,35.57834],[139.75315,35.57789],[139.75158,35.57718],[139.75157,35.57715],[139.75129,35.57707],[139.75115,35.57703],[139.7509,35.57695],[139.75043,35.57682],[139.75,35.5767],[139.74972,35.57662],[139.74979,35.57642],[139.74987,35.57617],[139.74986,35.57616],[139.74946,35.57605],[139.74905,35.57594],[139.74884,35.57588],[139.74854,35.5758],[139.74749,35.57548],[139.74685,35.57531],[139.74677,35.57529],[139.746,35.57506],[139.74548,35.5752],[139.74508,35.5753],[139.74499,35.57541],[139.74397,35.57654],[139.74336,35.57723],[139.74241,35.57666],[139.74252,35.57648],[139.74266,35.5757],[139.74194,35.57509],[139.74168,35.57506],[139.7408,35.57492],[139.74,35.57483],[139.73966,35.57482],[139.7389,35.57473],[139.73892,35.5746],[139.7386,35.57456],[139.73822,35.57459],[139.73789,35.57446],[139.73756,35.57437],[139.73724,35.57432],[139.73684,35.57438],[139.73662,35.57444],[139.73634,35.57455],[139.73607,35.57467],[139.73578,35.57485],[139.73541,35.57499],[139.73505,35.57511],[139.73465,35.5752],[139.73419,35.57525],[139.73342,35.57524],[139.73313,35.57518],[139.73266,35.57517],[139.73247,35.57517],[139.72959,35.57516],[139.7286,35.57517],[139.72466,35.57513],[139.7215,35.57513],[139.72147,35.57504],[139.72144,35.57497],[139.72148,35.57496],[139.72304,35.57498],[139.72426,35.57499],[139.72785,35.575],[139.72814,35.57501],[139.73073,35.57503],[139.7315,35.57503],[139.73202,35.57503],[139.73298,35.57504],[139.73333,35.57508],[139.73402,35.57513],[139.73448,35.57511],[139.73461,35.57509],[139.73517,35.57494],[139.73541,35.57484],[139.73564,35.57468],[139.73633,35.57438],[139.73689,35.5742],[139.73763,35.57423],[139.73816,35.57444],[139.7387,35.57443],[139.73883,35.57433],[139.73948,35.57462],[139.73962,35.57451],[139.73975,35.5746],[139.74001,35.57462],[139.74195,35.57483],[139.74197,35.57481],[139.74199,35.57466],[139.74078,35.57385],[139.73999,35.57444],[139.73977,35.57425],[139.74134,35.57303],[139.7414,35.57298],[139.74373,35.57119],[139.74203,35.57026],[139.74219,35.5701],[139.74394,35.57096],[139.74421,35.57076],[139.74435,35.57085],[139.74615,35.56953],[139.74606,35.56943],[139.74624,35.56928],[139.74624,35.56922],[139.74604,35.56912],[139.74504,35.56862],[139.74516,35.56845],[139.74586,35.56879],[139.74594,35.56872],[139.74646,35.56895],[139.74669,35.56898],[139.74677,35.56896],[139.74726,35.56856],[139.74894,35.56716],[139.74975,35.56662],[139.74995,35.56641],[139.7502,35.56611],[139.75053,35.56573],[139.75066,35.56556],[139.75077,35.56547],[139.75102,35.56552],[139.75141,35.56517],[139.75181,35.56471],[139.75235,35.56412],[139.7525,35.56392],[139.7529,35.56344],[139.75295,35.5634],[139.75296,35.56336],[139.75294,35.56333],[139.75272,35.56318],[139.75256,35.56304],[139.75269,35.56288],[139.75298,35.56256],[139.75331,35.56271],[139.75343,35.56255],[139.75399,35.56223],[139.75485,35.56173],[139.755,35.56148],[139.7553,35.56153],[139.75544,35.5619],[139.75561,35.56235],[139.75576,35.56276],[139.75614,35.56297],[139.75662,35.56323],[139.75709,35.5635],[139.75748,35.56371],[139.75787,35.56393],[139.75821,35.56412],[139.75858,35.56433],[139.75867,35.56437],[139.75905,35.56416],[139.75949,35.56393],[139.76007,35.56362],[139.76051,35.56339],[139.76107,35.56309],[139.76113,35.56305],[139.76121,35.56295],[139.76149,35.56261],[139.76188,35.56216],[139.76235,35.56162],[139.76267,35.56124],[139.76293,35.56092],[139.76317,35.56064],[139.76326,35.56061],[139.76353,35.56053],[139.76385,35.56044],[139.76415,35.56081],[139.76522,35.56207],[139.7662,35.56321],[139.76708,35.56423],[139.76779,35.56507],[139.76787,35.56516],[139.76885,35.5663],[139.76977,35.56737],[139.77035,35.56805],[139.7711,35.56891],[139.77305,35.56914],[139.77424,35.56927],[139.77557,35.56942],[139.77636,35.56953],[139.77687,35.56967],[139.77726,35.56978],[139.77774,35.56986],[139.77797,35.5699],[139.77808,35.56989],[139.77816,35.56986],[139.77825,35.56982],[139.77834,35.56976],[139.77914,35.56984],[139.77992,35.56994],[139.77999,35.56996],[139.78015,35.57],[139.78029,35.57003],[139.78044,35.57005],[139.78054,35.57009],[139.7807,35.57018],[139.78088,35.57026],[139.78115,35.57033],[139.78129,35.57033],[139.78145,35.57032],[139.78163,35.57032],[139.78182,35.57034],[139.78214,35.57042],[139.78247,35.57052],[139.78265,35.57054],[139.78295,35.57055],[139.7832,35.57057],[139.78371,35.57065],[139.78397,35.57069],[139.78421,35.57069],[139.78463,35.57065],[139.78505,35.57062],[139.78532,35.57059],[139.78543,35.57056],[139.78552,35.57053],[139.7856,35.57048],[139.78569,35.57042],[139.78584,35.57028],[139.78617,35.5697],[139.7865,35.56919],[139.78668,35.56889],[139.78676,35.56876],[139.78686,35.56863],[139.78703,35.56837],[139.7874,35.56789],[139.78768,35.56761],[139.78808,35.56719],[139.78831,35.56691],[139.78866,35.56639],[139.78902,35.56582],[139.78947,35.56513],[139.78964,35.56489],[139.78985,35.56455],[139.79,35.56432],[139.79015,35.56412],[139.79042,35.56368],[139.79048,35.5636],[139.79077,35.56325],[139.79087,35.56315],[139.79094,35.56305],[139.79101,35.56293],[139.79111,35.56285],[139.79135,35.56253],[139.79151,35.56231],[139.79164,35.56213],[139.79184,35.56193],[139.79198,35.56181],[139.79215,35.56163],[139.79233,35.56135],[139.7924,35.56121],[139.79244,35.56114],[139.79258,35.56085],[139.7927,35.56061],[139.79283,35.56039],[139.793,35.5602],[139.79316,35.55997],[139.79329,35.55976],[139.79354,35.55938],[139.7938,35.55896],[139.79392,35.55879],[139.79402,35.55866],[139.79418,35.5584],[139.79435,35.55817],[139.7946,35.55786],[139.79488,35.55747],[139.79513,35.5571],[139.79534,35.55678],[139.79544,35.55663],[139.79557,35.55646],[139.79576,35.55623],[139.7959,35.55603],[139.79615,35.55569],[139.7964,35.55529],[139.79656,35.55508],[139.79684,35.55472],[139.79691,35.5546],[139.797,35.55446],[139.79721,35.55413],[139.79743,35.55378],[139.79759,35.55356],[139.79776,35.55334],[139.79776,35.55333],[139.79793,35.55311],[139.79806,35.55294],[139.79817,35.5528],[139.79829,35.55261],[139.79866,35.55204],[139.79906,35.55151],[139.79953,35.55086],[139.79992,35.55035],[139.80029,35.54993],[139.80043,35.54975],[139.80089,35.54914],[139.80135,35.54866],[139.8018,35.54821],[139.80199,35.54801],[139.80246,35.54757],[139.80262,35.54743],[139.80284,35.54722],[139.80305,35.54703],[139.80326,35.5468],[139.80364,35.54644],[139.80384,35.54619],[139.80393,35.54601],[139.8039,35.5459],[139.80397,35.54584],[139.80412,35.54561],[139.80428,35.54539],[139.80446,35.54513],[139.80464,35.54488],[139.80483,35.54462],[139.80501,35.54437],[139.80518,35.54411],[139.80534,35.54389],[139.80556,35.54358],[139.80586,35.54316],[139.80612,35.54278],[139.80636,35.54245],[139.8066,35.54211],[139.80685,35.54176],[139.80707,35.54145],[139.80727,35.54117],[139.80748,35.54086],[139.8077,35.54055],[139.80778,35.54055],[139.808,35.54053],[139.80813,35.5405],[139.80826,35.54046],[139.80841,35.54035],[139.80852,35.54026],[139.80858,35.54015],[139.80868,35.53997],[139.80883,35.53968],[139.80893,35.53954],[139.80918,35.53911],[139.80922,35.53893],[139.8092,35.53876],[139.80915,35.5386],[139.80903,35.53843],[139.80866,35.53787],[139.80514,35.53247],[139.80641,35.5306],[139.80681,35.53061],[139.82011,35.54231],[139.82306,35.54348],[139.82568,35.54142],[139.80208,35.52068],[139.79937,35.52265],[139.80133,35.52443],[139.80038,35.52521],[139.79823,35.52196],[139.79439,35.52415],[139.79341,35.5247],[139.79104,35.52605],[139.78786,35.5279],[139.78534,35.52935],[139.78395,35.53016],[139.78246,35.531],[139.77916,35.53291],[139.77715,35.53409],[139.77631,35.53458],[139.77343,35.53624],[139.77107,35.53762],[139.77002,35.53822],[139.76919,35.5387],[139.76808,35.53934],[139.76721,35.53972],[139.7665,35.54002],[139.76585,35.54025],[139.7619,35.54202],[139.76006,35.54297],[139.75889,35.54354],[139.75768,35.54414],[139.75759,35.54418],[139.75685,35.5445],[139.75648,35.54455],[139.75544,35.54449],[139.75398,35.54445],[139.75327,35.54448],[139.75183,35.54454],[139.75105,35.54456],[139.75008,35.54458],[139.74931,35.54449],[139.74883,35.54428],[139.74787,35.54398],[139.74677,35.54383],[139.74642,35.54386],[139.74534,35.54392],[139.74474,35.544],[139.74386,35.54421],[139.7434,35.54435],[139.74309,35.54446],[139.74293,35.54452],[139.74264,35.54462],[139.74247,35.54469],[139.74213,35.54483],[139.74184,35.54488],[139.74131,35.54493],[139.74099,35.54495],[139.7407,35.54498],[139.74037,35.54504],[139.74022,35.54507],[139.73991,35.54512],[139.73959,35.54516],[139.7394,35.54512],[139.73863,35.54481],[139.7381,35.54461],[139.73767,35.54439],[139.73747,35.54423],[139.73723,35.54397],[139.73686,35.54344],[139.73618,35.54259],[139.73607,35.54245],[139.73529,35.5416],[139.73495,35.54122],[139.73464,35.54098],[139.73429,35.5409],[139.73405,35.54089],[139.73365,35.54087],[139.73336,35.5409],[139.73302,35.54102],[139.73293,35.54108],[139.73273,35.5412],[139.73231,35.54153],[139.73215,35.54167],[139.73194,35.54183],[139.73154,35.54214],[139.73099,35.54256],[139.73099,35.54256],[139.73074,35.54277],[139.73035,35.54291],[139.72937,35.5432],[139.72871,35.54336],[139.72808,35.54347],[139.72761,35.54357],[139.72695,35.54359],[139.72656,35.54357],[139.72611,35.54347],[139.72522,35.54309],[139.72432,35.54265],[139.72366,35.54228],[139.72341,35.54213],[139.72294,35.54187],[139.72237,35.54151],[139.72111,35.54055],[139.72097,35.54042],[139.72013,35.53966],[139.71951,35.53912],[139.71866,35.53854],[139.7182,35.53831],[139.7173,35.538],[139.71683,35.53789],[139.71595,35.53767],[139.71491,35.53745],[139.71445,35.53736],[139.71435,35.53734],[139.71278,35.53698],[139.71153,35.53672],[139.71075,35.53654],[139.71051,35.53651],[139.71014,35.53646],[139.709,35.53638],[139.70824,35.53635],[139.70798,35.53634],[139.70681,35.53628],[139.70574,35.53625],[139.70479,35.53629],[139.70429,35.53637],[139.70403,35.53643],[139.70379,35.53649],[139.70347,35.53659],[139.70314,35.53671],[139.70295,35.53677],[139.70222,35.53703],[139.70182,35.53725],[139.70114,35.53757],[139.70074,35.53777],[139.7003,35.53807],[139.69993,35.53836],[139.69963,35.53868],[139.69943,35.5389],[139.69937,35.53899],[139.69921,35.53925],[139.69883,35.53975],[139.69882,35.53976],[139.69864,35.54009],[139.6984,35.5405],[139.6981,35.54112],[139.69794,35.54145],[139.69784,35.54204],[139.69779,35.5424],[139.69777,35.54329],[139.69776,35.54376],[139.69786,35.54428],[139.69793,35.54466],[139.69807,35.54495],[139.69825,35.54518],[139.69844,35.5454],[139.69895,35.54581],[139.69919,35.54601],[139.69941,35.5462],[139.69983,35.54655],[139.70018,35.54692],[139.70078,35.54745],[139.70104,35.54766],[139.70148,35.54802],[139.70178,35.54823],[139.7026,35.54874],[139.70301,35.54892],[139.7033,35.54918],[139.70353,35.54941],[139.7037,35.54968],[139.70394,35.55022],[139.70407,35.55047],[139.70414,35.55075],[139.70422,35.55117],[139.70424,35.55145],[139.70422,35.55165],[139.70418,35.55183],[139.70403,35.55213],[139.70373,35.55261],[139.70338,35.55299],[139.70307,35.55332],[139.70266,35.55368],[139.70229,35.55397],[139.70193,35.55421],[139.70142,35.55454],[139.7012,35.55468],[139.70088,35.55489],[139.70044,35.55512],[139.69986,35.5554],[139.69929,35.55562],[139.69876,35.55581],[139.69829,35.55597],[139.69778,35.55613],[139.69729,35.55622],[139.69668,35.5563],[139.69655,35.55631],[139.69624,35.55633],[139.69552,35.55637],[139.69471,35.55644],[139.69382,35.5565],[139.69309,35.55656],[139.69206,35.55665],[139.69136,35.55675],[139.69093,35.55684],[139.69065,35.55691],[139.69045,35.55696],[139.69001,35.55713],[139.68962,35.55729],[139.68924,35.55749],[139.68896,35.55766],[139.68845,35.558],[139.68801,35.55833],[139.68753,35.55861],[139.68716,35.55883],[139.68609,35.55937],[139.68574,35.55951],[139.68568,35.55953],[139.68494,35.55977],[139.68381,35.56016],[139.68284,35.56057],[139.68193,35.56101],[139.68155,35.56119],[139.68114,35.56144],[139.68081,35.56162],[139.68028,35.56197],[139.67985,35.56225],[139.67918,35.5627],[139.67879,35.56299],[139.67856,35.56321],[139.67823,35.56355],[139.67769,35.56424],[139.6771,35.56504],[139.67659,35.56578],[139.6764,35.56604],[139.67626,35.56631],[139.67599,35.56688],[139.67555,35.56797],[139.67503,35.56936],[139.67491,35.56965],[139.67466,35.57029],[139.67432,35.57125],[139.674,35.57206],[139.67339,35.57344],[139.67249,35.57552],[139.67209,35.5765],[139.67166,35.57753],[139.67139,35.57819],[139.67126,35.57852],[139.67103,35.57925],[139.67101,35.57936],[139.6709,35.57989],[139.67081,35.58045],[139.67064,35.58096],[139.67059,35.58111],[139.67053,35.58132],[139.67013,35.58261],[139.66952,35.5842],[139.66931,35.58472],[139.66917,35.58495],[139.66905,35.58511],[139.66887,35.58537],[139.66871,35.58559],[139.66853,35.58579],[139.66811,35.58622],[139.66775,35.58658],[139.66754,35.58689],[139.66748,35.58698],[139.66742,35.58704],[139.66729,35.58718],[139.66706,35.58738],[139.66701,35.58743],[139.66609,35.58826],[139.66527,35.58893],[139.66476,35.58933],[139.66464,35.58942],[139.66449,35.58952],[139.66441,35.58957],[139.66414,35.58969],[139.6638,35.58981],[139.66357,35.58985],[139.66333,35.58987],[139.66222,35.58985],[139.6609,35.58974],[139.6599,35.58967],[139.65987,35.58951],[139.65926,35.58947],[139.65879,35.58943],[139.65874,35.58949],[139.65871,35.58958],[139.6587,35.58961],[139.65864,35.58979],[139.65783,35.58974],[139.65776,35.58973],[139.65758,35.58972],[139.65728,35.5897],[139.6572,35.5897],[139.657,35.58968],[139.65697,35.58968],[139.65683,35.58969],[139.65646,35.58971],[139.65629,35.58973],[139.65609,35.58978],[139.65601,35.5898],[139.65549,35.58998],[139.65534,35.59004],[139.65523,35.59009],[139.65514,35.59015],[139.6554,35.59052],[139.65542,35.59055],[139.6555,35.59066],[139.65556,35.59076],[139.65577,35.59115],[139.65608,35.59176],[139.65651,35.59251],[139.65657,35.5926],[139.65692,35.59316],[139.65705,35.59342],[139.65716,35.5934],[139.65764,35.59334],[139.65782,35.59332],[139.65809,35.59331],[139.6581,35.59336],[139.65819,35.59352],[139.65785,35.59368],[139.65738,35.5939],[139.65731,35.59393],[139.65682,35.59416],[139.65674,35.5942],[139.65613,35.59445],[139.65598,35.59451],[139.65592,35.59442],[139.65592,35.5944],[139.65569,35.59401],[139.65533,35.59421],[139.65552,35.59457],[139.65558,35.59468],[139.655,35.59492],[139.65489,35.59497],[139.65481,35.59487],[139.65464,35.59466],[139.65462,35.59462],[139.65434,35.59474],[139.65413,35.59482],[139.65414,35.59486],[139.65419,35.59494],[139.65427,35.59509],[139.65428,35.59512],[139.65433,35.59522],[139.65427,35.59524],[139.65392,35.59537],[139.65324,35.59564],[139.65336,35.59573],[139.65297,35.59594],[139.65348,35.59674],[139.65374,35.59721],[139.6538,35.59733],[139.6539,35.59728],[139.65393,35.59726],[139.65394,35.59725],[139.65401,35.59721],[139.65414,35.59713],[139.65484,35.59689],[139.65497,35.59685],[139.65513,35.59677],[139.65577,35.59648],[139.65601,35.59687],[139.65606,35.59695],[139.65609,35.59701],[139.6561,35.59702],[139.65616,35.59709],[139.65625,35.59716],[139.65626,35.59716],[139.65634,35.59721],[139.65637,35.59723],[139.65655,35.59734],[139.6566,35.59739],[139.65664,35.59742],[139.65674,35.59749],[139.65647,35.59774],[139.65642,35.59779],[139.65642,35.59782],[139.65644,35.59785],[139.65657,35.59795],[139.65677,35.59808],[139.6569,35.59816],[139.65693,35.59817],[139.65709,35.59825],[139.65699,35.59834],[139.65688,35.59843],[139.65698,35.59849],[139.65713,35.59855],[139.65723,35.59859],[139.65726,35.59862],[139.65731,35.59874],[139.65736,35.59886],[139.65744,35.59894],[139.65745,35.59895],[139.65753,35.59898],[139.65763,35.59898],[139.65777,35.59897],[139.6579,35.59899],[139.6581,35.5991],[139.65823,35.59917],[139.65829,35.5992],[139.65836,35.59921],[139.65854,35.59922],[139.65862,35.59923],[139.65875,35.59924],[139.6588,35.59927],[139.65884,35.5993],[139.65888,35.59935],[139.65893,35.59963],[139.65894,35.59967],[139.65899,35.59969],[139.65925,35.59973],[139.65938,35.59978],[139.6595,35.59989],[139.65953,35.5999],[139.65961,35.59996],[139.65969,35.59998],[139.65975,35.59998],[139.6599,35.59997],[139.66017,35.59991],[139.66073,35.59976],[139.66085,35.59973],[139.66092,35.5997],[139.66106,35.5995],[139.66117,35.59938],[139.66124,35.59931],[139.66131,35.59927],[139.66139,35.59924],[139.66141,35.59924],[139.66154,35.59919],[139.66167,35.59912],[139.66175,35.59904],[139.66179,35.59899],[139.66181,35.59897],[139.66183,35.59895],[139.66185,35.59893],[139.6619,35.59889],[139.66242,35.59856],[139.66251,35.5985],[139.66256,35.59847],[139.66261,35.59844],[139.66263,35.59843],[139.66268,35.59841],[139.66274,35.59842],[139.66296,35.59849],[139.663,35.59851],[139.66309,35.59856],[139.66312,35.59858],[139.66319,35.59862],[139.66326,35.59866],[139.66327,35.59866],[139.66341,35.59876],[139.66349,35.59886],[139.66392,35.59938],[139.66404,35.59948],[139.66412,35.59954],[139.66423,35.59959],[139.66426,35.5996],[139.66432,35.59963],[139.66439,35.59967],[139.6645,35.59944],[139.66456,35.59936],[139.66457,35.59935],[139.66458,35.59934],[139.66463,35.59929],[139.66468,35.59924],[139.66477,35.59915],[139.66507,35.59897],[139.66518,35.59908],[139.66547,35.59924],[139.66592,35.59938],[139.66608,35.59944],[139.66613,35.59946],[139.66613,35.59946],[139.66619,35.59948],[139.66628,35.5995],[139.66658,35.59953],[139.66689,35.59955],[139.66688,35.5995],[139.66688,35.59946],[139.66688,35.59943],[139.66684,35.59893],[139.66692,35.59893],[139.66697,35.59893],[139.66714,35.59893],[139.66729,35.59895],[139.6673,35.59895],[139.66741,35.59896],[139.66757,35.59895],[139.66784,35.59894],[139.66806,35.59891],[139.6681,35.5989],[139.66815,35.59889],[139.66813,35.59881],[139.66812,35.59878],[139.6681,35.59867],[139.66809,35.59853],[139.66811,35.5985],[139.66824,35.59844],[139.66846,35.59832],[139.66858,35.59823],[139.66867,35.59819],[139.66869,35.59819],[139.66873,35.59819],[139.66879,35.59822],[139.66921,35.59868],[139.66951,35.59898],[139.66953,35.599],[139.66958,35.59905],[139.66967,35.5991],[139.66976,35.59901],[139.66999,35.59875],[139.67062,35.59806],[139.67065,35.59803],[139.67071,35.59796],[139.67116,35.59744],[139.67118,35.59741],[139.67121,35.59738],[139.67123,35.59735],[139.67158,35.59695],[139.6716,35.59692],[139.67163,35.59689],[139.67184,35.59664],[139.67212,35.59631],[139.67215,35.59629],[139.67224,35.59618],[139.67252,35.59585],[139.67258,35.59578],[139.67264,35.59571],[139.67279,35.59555],[139.67285,35.59547],[139.67287,35.59545],[139.67304,35.59525],[139.67315,35.59513],[139.6732,35.59507],[139.67325,35.59502],[139.6733,35.59496],[139.67335,35.5949],[139.67378,35.59441],[139.67393,35.59422],[139.6743,35.59377],[139.67451,35.59345],[139.67453,35.59342],[139.67509,35.59258],[139.67511,35.59255],[139.67514,35.5925],[139.67518,35.59244],[139.67522,35.59238],[139.67527,35.59232],[139.67532,35.59225],[139.67539,35.59215],[139.67565,35.59179],[139.67573,35.59183],[139.67584,35.59189],[139.67592,35.59194],[139.67602,35.59199],[139.67664,35.59234],[139.67667,35.59236],[139.6767,35.59238],[139.67682,35.59245],[139.67705,35.59259],[139.67709,35.59261],[139.67711,35.59262],[139.67743,35.59282],[139.67746,35.59284],[139.67754,35.59288],[139.67784,35.59306],[139.67791,35.5931],[139.67792,35.59311],[139.67844,35.59343],[139.67852,35.59347],[139.67859,35.59352],[139.67864,35.59355],[139.67946,35.59409],[139.67949,35.59411],[139.67952,35.59413],[139.67972,35.59426],[139.68039,35.5947],[139.68042,35.59472],[139.68045,35.59474],[139.68062,35.59486],[139.68067,35.5949],[139.68069,35.59496],[139.68069,35.59498],[139.68069,35.595],[139.68069,35.59502],[139.68069,35.59506],[139.68068,35.59541],[139.68067,35.59547],[139.68067,35.59567],[139.68067,35.5959],[139.68068,35.59593],[139.68068,35.59598],[139.68068,35.59614],[139.68068,35.59649],[139.68066,35.59655],[139.6806,35.59674],[139.68059,35.59676],[139.68058,35.5968],[139.68055,35.59687],[139.6805,35.59697],[139.68049,35.597],[139.68046,35.59706],[139.68043,35.59714],[139.68038,35.59724],[139.68036,35.59729],[139.68035,35.59731],[139.68034,35.59732],[139.68033,35.59738],[139.68034,35.59746],[139.6804,35.59751],[139.68045,35.59754],[139.68052,35.5976],[139.68069,35.5977],[139.68079,35.5978],[139.68081,35.59783],[139.68082,35.59786],[139.68079,35.59792],[139.68069,35.59797],[139.68063,35.598],[139.68057,35.59804],[139.68054,35.59806],[139.68044,35.59813],[139.6804,35.59849],[139.68039,35.59859],[139.68039,35.59859],[139.68035,35.59906],[139.68035,35.59913],[139.68034,35.59927],[139.68033,35.59937],[139.68025,35.59954],[139.68022,35.59965],[139.68021,35.59968],[139.68021,35.59968],[139.6802,35.59978],[139.6802,35.59983],[139.6802,35.59985],[139.68019,35.59996],[139.68019,35.60003],[139.68019,35.6001],[139.68019,35.60012],[139.6802,35.60023],[139.6802,35.60032],[139.68021,35.60036],[139.68022,35.60041],[139.68023,35.60048],[139.68026,35.60058],[139.68027,35.60063],[139.68028,35.60067],[139.68092,35.60065],[139.68093,35.60065],[139.68093,35.60065],[139.6808,35.60073],[139.68074,35.60079],[139.68069,35.60086],[139.68065,35.60096],[139.68063,35.60103],[139.68062,35.60104],[139.68061,35.60109],[139.68061,35.60111],[139.68061,35.60112],[139.68059,35.60161],[139.68063,35.6022],[139.68066,35.60242],[139.68068,35.60265],[139.68071,35.60282],[139.68074,35.60294],[139.68073,35.603],[139.68073,35.60308],[139.68067,35.60331],[139.68066,35.60337],[139.68059,35.60362],[139.68055,35.60376],[139.68053,35.60382],[139.68049,35.604],[139.68047,35.60409],[139.68047,35.60412],[139.68041,35.6044],[139.68042,35.60441],[139.68045,35.60442],[139.68053,35.60445],[139.68054,35.60446],[139.68062,35.60446],[139.68069,35.60447],[139.6807,35.60447],[139.68107,35.60449],[139.68108,35.6045],[139.68145,35.6045],[139.68167,35.60501],[139.68179,35.60529],[139.68189,35.60569],[139.6819,35.60574],[139.68195,35.60578],[139.68198,35.6058],[139.68204,35.60582],[139.68209,35.60584],[139.68215,35.60584],[139.68222,35.60585],[139.68231,35.60585],[139.68238,35.60584],[139.68245,35.6058],[139.68251,35.60578],[139.68261,35.60572],[139.68265,35.60567],[139.68267,35.60564],[139.68267,35.60564],[139.68272,35.60561],[139.68279,35.60559],[139.68308,35.60554],[139.68379,35.60543],[139.68409,35.60539],[139.68475,35.60534],[139.68491,35.60634],[139.68503,35.60645],[139.68502,35.60674],[139.68502,35.60692],[139.68502,35.60712],[139.68501,35.60725],[139.68501,35.60732],[139.68454,35.60733],[139.68454,35.60742],[139.68455,35.60756],[139.68456,35.60766],[139.68456,35.60769],[139.6846,35.60817],[139.68465,35.60867],[139.68469,35.60906],[139.68469,35.60909],[139.6847,35.60912],[139.68471,35.60922],[139.6847,35.60935],[139.68443,35.61033],[139.68426,35.61139],[139.68426,35.61143],[139.68425,35.61146],[139.68423,35.6116],[139.68402,35.61296],[139.68401,35.613],[139.68401,35.61302],[139.684,35.61309],[139.68408,35.61313],[139.68412,35.61315],[139.68416,35.61316],[139.68427,35.61321],[139.68447,35.61308],[139.68469,35.61278],[139.68502,35.61251],[139.68509,35.61245],[139.68509,35.61245],[139.68514,35.61241],[139.68553,35.61209],[139.68585,35.61187],[139.68589,35.61185],[139.68594,35.61181],[139.68613,35.61168],[139.68662,35.61169],[139.68681,35.61167],[139.68686,35.61166],[139.68686,35.61166],[139.68699,35.61163],[139.68703,35.61162],[139.68714,35.61157],[139.68764,35.61138],[139.68781,35.61131],[139.68839,35.61118],[139.68857,35.61117],[139.68863,35.61117],[139.68884,35.61116],[139.68926,35.61118],[139.68931,35.61118],[139.68936,35.61118],[139.68955,35.61119],[139.68976,35.61119],[139.68998,35.61118],[139.69018,35.61117],[139.69022,35.61117],[139.69024,35.61117],[139.69056,35.61116],[139.69073,35.61114],[139.69091,35.61109],[139.69095,35.61108],[139.69096,35.61108],[139.69099,35.61106],[139.6913,35.61093],[139.69146,35.61082],[139.69149,35.6108],[139.69152,35.61078],[139.69162,35.61072],[139.69204,35.61043],[139.69208,35.61041],[139.6921,35.61039],[139.69271,35.60998],[139.6932,35.60967],[139.69325,35.60963],[139.69347,35.6095],[139.69364,35.60939],[139.69383,35.60927],[139.69426,35.6089],[139.6943,35.60886],[139.69468,35.60854],[139.69482,35.60841],[139.69485,35.60837],[139.69487,35.60835],[139.69503,35.60816],[139.69539,35.60749]]],[[[139.74545,35.57114],[139.74574,35.57367],[139.74628,35.5742],[139.74677,35.57437],[139.74688,35.5744],[139.74771,35.57463],[139.74851,35.57485],[139.74917,35.57507],[139.74992,35.57528],[139.75032,35.57539],[139.75039,35.57522],[139.75049,35.57497],[139.75085,35.57508],[139.7514,35.57523],[139.75178,35.57532],[139.75223,35.57544],[139.75241,35.57543],[139.75257,35.57535],[139.75292,35.57515],[139.75306,35.57505],[139.7533,35.57488],[139.75355,35.57471],[139.75385,35.57451],[139.75402,35.57432],[139.75407,35.5742],[139.7543,35.57371],[139.75459,35.57304],[139.75474,35.57268],[139.7549,35.57234],[139.75507,35.57194],[139.75548,35.57098],[139.75577,35.57033],[139.75608,35.56963],[139.75636,35.569],[139.75612,35.56862],[139.756,35.5685],[139.75587,35.56846],[139.75539,35.56837],[139.75437,35.56816],[139.75351,35.56799],[139.75249,35.56777],[139.75154,35.56758],[139.75122,35.56751],[139.75058,35.56738],[139.75019,35.56731],[139.75017,35.56732],[139.74992,35.56753],[139.74966,35.56774],[139.74918,35.56815],[139.74903,35.56826],[139.74849,35.56868],[139.74813,35.56899],[139.74796,35.56914],[139.74773,35.56933],[139.74733,35.56966],[139.7471,35.56983],[139.74706,35.56988],[139.74692,35.56999],[139.74677,35.57014],[139.74545,35.57114]]],[[[139.75719,35.57144],[139.75725,35.57176],[139.75732,35.57218],[139.7574,35.57265],[139.75743,35.57289],[139.75746,35.5731],[139.75749,35.57331],[139.75751,35.57346],[139.75754,35.57363],[139.75756,35.5738],[139.75758,35.57396],[139.75761,35.57414],[139.75764,35.57436],[139.75766,35.57445],[139.7578,35.57446],[139.75812,35.57445],[139.75875,35.57445],[139.75915,35.57446],[139.75967,35.57446],[139.76056,35.57446],[139.7613,35.57446],[139.76136,35.57446],[139.76212,35.57445],[139.76267,35.57445],[139.76329,35.57445],[139.76377,35.57444],[139.76381,35.57457],[139.76419,35.57458],[139.76421,35.57488],[139.76437,35.57489],[139.76452,35.57489],[139.76454,35.57505],[139.76519,35.57504],[139.7652,35.57488],[139.76631,35.57488],[139.76732,35.57488],[139.76845,35.57488],[139.76948,35.57487],[139.77034,35.57487],[139.77125,35.57486],[139.77125,35.57505],[139.77139,35.57505],[139.77178,35.57506],[139.7718,35.57486],[139.77296,35.57487],[139.77354,35.57486],[139.77359,35.57464],[139.77361,35.5745],[139.77318,35.57395],[139.7725,35.57313],[139.77182,35.57231],[139.7712,35.57157],[139.77061,35.57087],[139.77007,35.57021],[139.76958,35.56961],[139.76936,35.56935],[139.769,35.56893],[139.76871,35.56858],[139.76819,35.56795],[139.76763,35.5673],[139.76731,35.56691],[139.7672,35.56676],[139.76688,35.56639],[139.76668,35.56615],[139.76642,35.56584],[139.7662,35.56558],[139.76602,35.56535],[139.76587,35.56518],[139.76577,35.56506],[139.76568,35.56495],[139.76562,35.56489],[139.76547,35.56495],[139.76514,35.56512],[139.76467,35.56537],[139.76431,35.56554],[139.7639,35.56574],[139.76343,35.56597],[139.76308,35.56615],[139.76264,35.56636],[139.76223,35.56657],[139.76168,35.56684],[139.76129,35.56704],[139.7612,35.56708],[139.76082,35.56727],[139.76038,35.56748],[139.75994,35.56771],[139.75951,35.56793],[139.75903,35.56816],[139.75866,35.56834],[139.75847,35.56844],[139.75834,35.56874],[139.75821,35.56904],[139.75804,35.56943],[139.75791,35.56974],[139.75776,35.57009],[139.75765,35.57033],[139.75751,35.57066],[139.75735,35.57102],[139.75725,35.57129],[139.75719,35.57144]]],[[[139.74383,35.57177],[139.74388,35.57189],[139.74401,35.57202],[139.74407,35.5716],[139.74395,35.57165],[139.74384,35.57171],[139.74383,35.57177]]]]}},{"type":"Feature","properties":{"ja":"荒川区"},"geometry":{"type":"Polygon","coordinates":[[[139.81449,35.73881],[139.81466,35.73786],[139.81465,35.7376],[139.81459,35.73722],[139.8144,35.73668],[139.81414,35.73621],[139.81392,35.73593],[139.81367,35.73563],[139.81219,35.73396],[139.81139,35.73298],[139.81092,35.73216],[139.81058,35.7314],[139.81034,35.73073],[139.81003,35.72986],[139.80982,35.72894],[139.80971,35.72814],[139.80885,35.72826],[139.80847,35.72832],[139.8084,35.72833],[139.8067,35.72859],[139.80651,35.72862],[139.80552,35.72875],[139.80544,35.72876],[139.80537,35.72877],[139.8028,35.72911],[139.80273,35.72912],[139.8027,35.72912],[139.80212,35.7292],[139.80181,35.72922],[139.80176,35.72923],[139.80172,35.72923],[139.80143,35.72925],[139.80094,35.72923],[139.80089,35.72923],[139.80086,35.72923],[139.79945,35.72917],[139.79933,35.72917],[139.7992,35.72916],[139.79787,35.72911],[139.79781,35.7291],[139.79775,35.7291],[139.79771,35.7291],[139.79583,35.72901],[139.79578,35.72901],[139.79574,35.729],[139.79569,35.729],[139.79506,35.72897],[139.79502,35.72931],[139.79502,35.72934],[139.79501,35.72938],[139.79496,35.72974],[139.79496,35.72977],[139.79495,35.72981],[139.79495,35.72988],[139.79445,35.72989],[139.79443,35.73023],[139.79433,35.73023],[139.79427,35.73024],[139.79424,35.73024],[139.79317,35.73027],[139.79314,35.73027],[139.79306,35.73027],[139.79306,35.73027],[139.79268,35.73012],[139.79245,35.73033],[139.79242,35.73035],[139.79239,35.73038],[139.7922,35.73056],[139.79235,35.73092],[139.79212,35.73098],[139.792,35.73101],[139.7914,35.73117],[139.79136,35.73118],[139.79131,35.73119],[139.7912,35.73122],[139.79089,35.73068],[139.79083,35.73058],[139.79075,35.73045],[139.7906,35.73018],[139.79056,35.73012],[139.79046,35.73],[139.79042,35.72994],[139.79039,35.72991],[139.7901,35.72955],[139.78992,35.72934],[139.78988,35.72929],[139.78972,35.72909],[139.78958,35.72891],[139.78955,35.72887],[139.78953,35.72885],[139.78946,35.72874],[139.78886,35.72843],[139.78878,35.72839],[139.78875,35.72837],[139.78872,35.72836],[139.78852,35.72826],[139.78789,35.72802],[139.78786,35.72801],[139.78782,35.728],[139.78775,35.72798],[139.7869,35.72794],[139.78687,35.72794],[139.78682,35.72794],[139.78679,35.72793],[139.78599,35.72769],[139.78552,35.72774],[139.78548,35.72775],[139.78545,35.72775],[139.7848,35.72782],[139.78475,35.72783],[139.78469,35.72783],[139.78445,35.72786],[139.78439,35.72781],[139.78433,35.72777],[139.78426,35.72772],[139.78385,35.72742],[139.78385,35.72741],[139.78381,35.72737],[139.78377,35.72733],[139.78325,35.72676],[139.7831,35.7267],[139.78304,35.72667],[139.78301,35.72666],[139.78267,35.72652],[139.78229,35.72626],[139.78223,35.72613],[139.78222,35.72566],[139.78222,35.72559],[139.78222,35.72551],[139.78222,35.7254],[139.78191,35.72533],[139.78186,35.72532],[139.78183,35.72532],[139.7817,35.72529],[139.78148,35.72508],[139.78146,35.72475],[139.78146,35.72472],[139.78146,35.72468],[139.78145,35.72462],[139.78123,35.72462],[139.78117,35.72462],[139.78114,35.72462],[139.78046,35.72461],[139.78016,35.72461],[139.77999,35.72463],[139.77994,35.72463],[139.7799,35.72463],[139.77912,35.72469],[139.77894,35.72472],[139.77885,35.72473],[139.77876,35.72474],[139.77826,35.72482],[139.77818,35.72483],[139.77796,35.72486],[139.77779,35.72489],[139.7775,35.72493],[139.7774,35.72493],[139.77717,35.72493],[139.77689,35.72493],[139.77681,35.72494],[139.77674,35.72494],[139.7765,35.7251],[139.77643,35.72515],[139.77637,35.72519],[139.77582,35.72557],[139.77558,35.72578],[139.77554,35.72581],[139.77552,35.72583],[139.77517,35.72612],[139.77492,35.72621],[139.77488,35.72622],[139.77485,35.72624],[139.77439,35.72639],[139.77433,35.72641],[139.77427,35.72643],[139.77355,35.72669],[139.77351,35.7267],[139.77336,35.72676],[139.77273,35.727],[139.77207,35.72725],[139.77143,35.72749],[139.77083,35.72772],[139.77046,35.72786],[139.77045,35.72787],[139.77016,35.72798],[139.77015,35.72798],[139.76996,35.72805],[139.76977,35.72813],[139.76929,35.72801],[139.76884,35.7279],[139.76837,35.72778],[139.76828,35.72764],[139.76827,35.72763],[139.76824,35.72758],[139.76816,35.72748],[139.76723,35.72739],[139.76672,35.72743],[139.76668,35.72743],[139.76662,35.72743],[139.76658,35.72743],[139.76658,35.72752],[139.76605,35.72753],[139.76603,35.72763],[139.76602,35.72768],[139.76601,35.72772],[139.76597,35.72796],[139.76589,35.72809],[139.76588,35.72811],[139.76585,35.72815],[139.76557,35.72861],[139.76554,35.72866],[139.76552,35.7287],[139.76547,35.72878],[139.76526,35.7292],[139.76514,35.72943],[139.76513,35.72945],[139.7651,35.7295],[139.76483,35.72999],[139.7648,35.73004],[139.76478,35.73008],[139.76474,35.73014],[139.76444,35.73044],[139.76426,35.73061],[139.76424,35.73063],[139.76419,35.73068],[139.76409,35.73078],[139.76399,35.73087],[139.76398,35.73088],[139.76386,35.73093],[139.76335,35.73114],[139.76323,35.73119],[139.76321,35.73119],[139.76298,35.73096],[139.76287,35.73083],[139.76284,35.7308],[139.76279,35.73075],[139.76252,35.73109],[139.7625,35.73111],[139.76249,35.73113],[139.76223,35.73146],[139.76185,35.7315],[139.76145,35.73181],[139.76142,35.73184],[139.76139,35.73186],[139.76106,35.73211],[139.76103,35.73213],[139.761,35.73215],[139.76093,35.73221],[139.76104,35.7323],[139.76106,35.73232],[139.76138,35.73261],[139.76161,35.73283],[139.76156,35.73298],[139.76155,35.73304],[139.76153,35.73309],[139.76152,35.73312],[139.76146,35.73333],[139.76143,35.73343],[139.76142,35.73348],[139.76135,35.73372],[139.76133,35.73376],[139.76132,35.73381],[139.76197,35.73393],[139.76233,35.73363],[139.76244,35.73368],[139.7625,35.7337],[139.76278,35.7338],[139.76281,35.73382],[139.76335,35.73371],[139.76342,35.73369],[139.76424,35.73444],[139.76409,35.73467],[139.76376,35.73493],[139.76388,35.735],[139.76419,35.73515],[139.76446,35.73528],[139.76471,35.7354],[139.76491,35.7355],[139.76506,35.73558],[139.76549,35.73579],[139.76556,35.73582],[139.76575,35.73592],[139.76593,35.736],[139.76601,35.73605],[139.76624,35.73616],[139.76767,35.73667],[139.76789,35.73675],[139.76838,35.73692],[139.76851,35.73697],[139.76866,35.73702],[139.76893,35.73712],[139.76913,35.73719],[139.76917,35.7372],[139.76924,35.73722],[139.76998,35.73749],[139.77051,35.73768],[139.77057,35.7377],[139.7706,35.73771],[139.77112,35.7379],[139.77111,35.73791],[139.77101,35.73798],[139.77095,35.73803],[139.77067,35.73825],[139.77005,35.73873],[139.77009,35.73896],[139.76964,35.73914],[139.76952,35.73898],[139.769,35.73926],[139.76904,35.73959],[139.76905,35.73964],[139.76905,35.73968],[139.76907,35.73984],[139.76894,35.73991],[139.76883,35.73996],[139.76873,35.74001],[139.76846,35.74014],[139.76845,35.7404],[139.76841,35.74058],[139.76839,35.74063],[139.76838,35.74069],[139.76829,35.74102],[139.76828,35.74106],[139.76827,35.74112],[139.76817,35.74146],[139.7679,35.74148],[139.76785,35.74148],[139.7678,35.74149],[139.76708,35.74154],[139.76705,35.74154],[139.76701,35.74154],[139.76696,35.74155],[139.76629,35.74159],[139.76625,35.74159],[139.76621,35.7416],[139.76589,35.74162],[139.76574,35.7418],[139.76548,35.74179],[139.76541,35.74184],[139.76536,35.74187],[139.76532,35.74191],[139.76393,35.74285],[139.76392,35.74298],[139.76392,35.74301],[139.76392,35.74304],[139.76388,35.74349],[139.76388,35.74352],[139.76388,35.74356],[139.76385,35.74395],[139.76385,35.74399],[139.76385,35.74401],[139.76384,35.74414],[139.76357,35.74412],[139.76345,35.74412],[139.76335,35.74411],[139.76324,35.7441],[139.76288,35.74366],[139.76197,35.74375],[139.76193,35.74375],[139.76187,35.74376],[139.76173,35.74377],[139.76162,35.74349],[139.76158,35.7434],[139.76155,35.7433],[139.7615,35.74318],[139.76102,35.74344],[139.76098,35.74347],[139.76095,35.74348],[139.76052,35.74372],[139.76031,35.74345],[139.76023,35.74351],[139.76019,35.74353],[139.76016,35.74355],[139.75952,35.74397],[139.75948,35.74399],[139.75944,35.74401],[139.7594,35.74404],[139.75932,35.74409],[139.75872,35.74448],[139.75869,35.7445],[139.75864,35.74453],[139.75849,35.74462],[139.75833,35.74473],[139.7572,35.74546],[139.75734,35.74561],[139.75743,35.7457],[139.75751,35.74577],[139.75782,35.74609],[139.75782,35.74613],[139.75782,35.74617],[139.75781,35.74686],[139.75781,35.74689],[139.75781,35.74693],[139.7578,35.74743],[139.7578,35.74746],[139.7578,35.7475],[139.7578,35.74761],[139.75752,35.74761],[139.75748,35.74761],[139.75744,35.74761],[139.75667,35.74759],[139.75662,35.74759],[139.75658,35.74759],[139.75538,35.74758],[139.75531,35.74763],[139.75528,35.74765],[139.75525,35.74768],[139.75504,35.74783],[139.75506,35.74807],[139.75507,35.74811],[139.75507,35.74815],[139.75512,35.74858],[139.75513,35.74861],[139.75513,35.74865],[139.75516,35.74893],[139.75485,35.74895],[139.75471,35.74918],[139.7547,35.74919],[139.75465,35.74919],[139.75459,35.74919],[139.75432,35.7492],[139.75351,35.74924],[139.75346,35.74924],[139.75342,35.74924],[139.75244,35.74928],[139.75239,35.74929],[139.75234,35.74929],[139.75218,35.74929],[139.7519,35.74947],[139.75182,35.74952],[139.75173,35.74957],[139.75135,35.7498],[139.75129,35.74983],[139.75126,35.74985],[139.75122,35.74988],[139.75115,35.74981],[139.75111,35.74977],[139.75108,35.74974],[139.75088,35.74955],[139.74977,35.75012],[139.74987,35.75039],[139.74988,35.75043],[139.7499,35.75049],[139.75003,35.75087],[139.75006,35.75097],[139.7501,35.75108],[139.75012,35.75114],[139.74998,35.75115],[139.74994,35.75116],[139.7499,35.75116],[139.74963,35.75119],[139.74969,35.75127],[139.74971,35.75131],[139.74974,35.75135],[139.75,35.75173],[139.75018,35.75192],[139.75023,35.75197],[139.7503,35.75204],[139.75033,35.75208],[139.75036,35.75211],[139.7504,35.75215],[139.75062,35.75238],[139.75078,35.75267],[139.75085,35.75323],[139.75088,35.75371],[139.75098,35.7537],[139.75102,35.7537],[139.7515,35.75368],[139.75187,35.75364],[139.75185,35.75329],[139.75227,35.75328],[139.75231,35.7536],[139.75238,35.75359],[139.75288,35.75354],[139.75324,35.7535],[139.75334,35.75349],[139.7537,35.75347],[139.75375,35.75347],[139.7538,35.75347],[139.75394,35.75346],[139.75479,35.75338],[139.75484,35.75338],[139.75489,35.75337],[139.75513,35.75335],[139.75624,35.75328],[139.75631,35.75327],[139.75653,35.75326],[139.757,35.75323],[139.75726,35.7532],[139.75758,35.75317],[139.75759,35.75323],[139.75787,35.75446],[139.75787,35.75446],[139.75796,35.75486],[139.76066,35.75444],[139.76155,35.75433],[139.76156,35.75433],[139.76246,35.75422],[139.7627,35.75419],[139.76441,35.754],[139.76514,35.75395],[139.76609,35.75388],[139.76674,35.75384],[139.76738,35.7538],[139.7682,35.75376],[139.76894,35.75372],[139.76951,35.75369],[139.77,35.75367],[139.77035,35.75365],[139.77165,35.75361],[139.7735,35.75364],[139.77391,35.75364],[139.77474,35.75364],[139.77515,35.75365],[139.7761,35.75368],[139.77746,35.7538],[139.77752,35.75381],[139.77876,35.75392],[139.7798,35.75402],[139.77993,35.75403],[139.78,35.75403],[139.78071,35.75409],[139.78185,35.75412],[139.78247,35.75415],[139.78285,35.75414],[139.78298,35.75413],[139.78306,35.75413],[139.78339,35.75411],[139.78376,35.75406],[139.78398,35.75404],[139.78443,35.75392],[139.78466,35.75386],[139.78469,35.75385],[139.78486,35.7538],[139.78526,35.75367],[139.78603,35.75342],[139.78623,35.75335],[139.78638,35.75329],[139.78655,35.75323],[139.78755,35.75292],[139.78803,35.75277],[139.78879,35.75251],[139.78945,35.75212],[139.79012,35.75162],[139.7906,35.75113],[139.79087,35.75077],[139.79112,35.7503],[139.79122,35.74998],[139.79123,35.74965],[139.79112,35.74911],[139.7909,35.74849],[139.79054,35.7482],[139.7896,35.74774],[139.78905,35.74736],[139.78876,35.7471],[139.78868,35.74703],[139.78851,35.74667],[139.78847,35.74649],[139.78844,35.7463],[139.78846,35.74595],[139.78847,35.74579],[139.78851,35.74555],[139.78853,35.7454],[139.78868,35.74491],[139.78893,35.7444],[139.78909,35.74416],[139.78935,35.74377],[139.78997,35.74285],[139.79047,35.74228],[139.7911,35.74169],[139.79176,35.74121],[139.79242,35.74078],[139.79328,35.74037],[139.79411,35.74007],[139.7948,35.73983],[139.79551,35.73969],[139.79718,35.73938],[139.7973,35.73936],[139.79735,35.73935],[139.79749,35.73932],[139.7976,35.73931],[139.79761,35.7393],[139.79768,35.73929],[139.80045,35.73878],[139.80134,35.73862],[139.80143,35.7386],[139.80166,35.73859],[139.80204,35.73857],[139.80244,35.73863],[139.8042,35.73916],[139.80748,35.74027],[139.8082,35.74054],[139.8091,35.74086],[139.80993,35.74104],[139.8106,35.74112],[139.81157,35.74107],[139.81221,35.74096],[139.81303,35.74074],[139.81369,35.74032],[139.81406,35.73998],[139.81425,35.73964],[139.81449,35.73881]]]}}]}