,model,force_softening,energy_softening,model,dataset
wbm-1-10040,grace,0.9001798876,-0.48375828959000006,grace,mptrj
wbm-1-10104,grace,0.8571922546,-0.37368599760033333,grace,mptrj
wbm-1-10131,grace,1.0001361764,-0.37955303163900006,grace,mptrj
wbm-1-10631,grace,0.9961918075,-0.42873649406333336,grace,mptrj
wbm-1-10690,grace,0.8755149216,-0.3630876649488889,grace,mptrj
wbm-1-10748,grace,1.0093559235,-0.4103510383833332,grace,mptrj
wbm-1-10973,grace,0.9116757721000001,-0.34921833756000015,grace,mptrj
wbm-1-10992,grace,0.7905034395,0.065642031049074,grace,mptrj
wbm-1-11087,grace,0.8486550794000001,-0.014326300138889062,grace,mptrj
wbm-1-11317,grace,0.8308291844,-0.0034310469833332352,grace,mptrj
wbm-1-11393,grace,1.0084180819,0.03800538507166659,grace,mptrj
wbm-1-11757,grace,1.0074998383,-0.031004627379999983,grace,mptrj
wbm-1-11840,grace,0.7903904737,-0.023976476057142752,grace,mptrj
wbm-1-12258,grace,0.9655990607,-0.04097501860416649,grace,mptrj
wbm-1-12348,grace,0.8526371423,-0.06865437057777803,grace,mptrj
wbm-1-12519,grace,0.8943893137000001,-0.12547955426296298,grace,mptrj
wbm-1-12679,grace,0.7695799327,-0.037680608535000285,grace,mptrj
wbm-1-12695,grace,1.0182102067,-0.05685669051499982,grace,mptrj
wbm-1-12778,grace,0.8268000541,-0.10358442821750007,grace,mptrj
wbm-1-12786,grace,0.828903999,-0.023360607082500005,grace,mptrj
wbm-1-13108,grace,0.9524792497000001,-0.2591034306558333,grace,mptrj
wbm-1-13152,grace,0.978961673,-0.25153637437,grace,mptrj
wbm-1-13168,grace,0.9005965520000001,-0.0395063926520001,grace,mptrj
wbm-1-13402,grace,0.9397440205,-0.012889133247500028,grace,mptrj
wbm-1-13560,grace,1.0075016908,-0.024340507251666685,grace,mptrj
wbm-1-13566,grace,0.9732454199,-0.013454667123333172,grace,mptrj
wbm-1-13665,grace,0.8648197894,-0.3692117789470001,grace,mptrj
wbm-1-13928,grace,0.9350685663,-0.013020286980000151,grace,mptrj
wbm-1-14142,grace,0.8885962205,-0.133709167755,grace,mptrj
wbm-1-14347,grace,0.8512340223,-0.052700239269999914,grace,mptrj
wbm-1-14351,grace,0.9596616655,-0.0009415321449999681,grace,mptrj
wbm-1-14495,grace,0.92674298,-0.0005697423033333315,grace,mptrj
wbm-1-14703,grace,0.7887447361000001,-0.3760999392416668,grace,mptrj
wbm-1-14724,grace,0.9615941386,-0.3367891600008333,grace,mptrj
wbm-1-1523,grace,0.9338327615,-0.039092062829999975,grace,mptrj
wbm-1-15999,grace,1.0402320923,-0.3525531654097223,grace,mptrj
wbm-1-16058,grace,1.0232264278,-0.2741797971470001,grace,mptrj
wbm-1-16080,grace,0.9121969813,-0.29322163130000006,grace,mptrj
wbm-1-1660,grace,0.8885250440000001,-0.041684174188333444,grace,mptrj
wbm-1-16938,grace,0.7903142595,-0.0023171222888890165,grace,mptrj
wbm-1-16983,grace,0.7459063349,-0.13464255137666684,grace,mptrj
wbm-1-17062,grace,0.8506571282000001,-0.10141950343222214,grace,mptrj
wbm-1-17125,grace,1.0196544258,-0.30144636699591837,grace,mptrj
wbm-1-17377,grace,0.8406248673000001,-0.015812384902000005,grace,mptrj
wbm-1-1791,grace,0.8829591724,-0.043519004007499994,grace,mptrj
wbm-1-1842,grace,1.0050445406,-0.36977591726000014,grace,mptrj
wbm-1-19025,grace,0.9669234011000001,-0.004739087779999984,grace,mptrj
wbm-1-19090,grace,0.8757527246,-0.16439626485000014,grace,mptrj
wbm-1-19173,grace,0.9663422555000001,-0.19256860758499988,grace,mptrj
wbm-1-19684,grace,1.0541154996,-0.027963052616666612,grace,mptrj
wbm-1-19969,grace,0.9171844309,-0.007994599668749913,grace,mptrj
wbm-1-20187,grace,0.8943525002,-0.0893990889216667,grace,mptrj
wbm-1-20692,grace,0.9970401398000001,-0.28083628592250004,grace,mptrj
wbm-1-2075,grace,0.836992434,-0.00985352220285703,grace,mptrj
wbm-1-21546,grace,0.65640011,0.00016448401500017694,grace,mptrj
wbm-1-21647,grace,0.7788082132,-0.06445235448000007,grace,mptrj
wbm-1-21918,grace,0.8187218638,-0.25094138749875,grace,mptrj
wbm-1-21974,grace,0.7990182743,-0.030070195760000057,grace,mptrj
wbm-1-22347,grace,1.0148403826,-0.05424641508400008,grace,mptrj
wbm-1-22912,grace,0.8673169637,-0.31023751907874997,grace,mptrj
wbm-1-23029,grace,0.7740460113000001,-0.09027003466166666,grace,mptrj
wbm-1-23533,grace,0.9728571187,-0.30727526398583316,grace,mptrj
wbm-1-23543,grace,1.0185822748,0.011838159495000023,grace,mptrj
wbm-1-23636,grace,0.8727886935,-0.0417288777375,grace,mptrj
wbm-1-24053,grace,0.9903462214000001,0.09202886838000005,grace,mptrj
wbm-1-24503,grace,0.9627773968000001,-0.07481003792749993,grace,mptrj
wbm-1-24761,grace,0.8894376757,-0.4074795480100001,grace,mptrj
wbm-1-25075,grace,1.0101335268,-0.282040750701,grace,mptrj
wbm-1-25396,grace,0.9553409373,-0.0037344656199998828,grace,mptrj
wbm-1-2557,grace,0.8475806199,-0.09732431461000006,grace,mptrj
wbm-1-25665,grace,0.93823356,-0.3602987013393751,grace,mptrj
wbm-1-25849,grace,0.9920113998000001,-0.394710772322,grace,mptrj
wbm-1-26263,grace,0.9970561055,-0.26572635194,grace,mptrj
wbm-1-26543,grace,0.604721896,0.1535937719475,grace,mptrj
wbm-1-26634,grace,1.0224611064,0.04491658286250004,grace,mptrj
wbm-1-2722,grace,0.8749214341,0.003014332346000046,grace,mptrj
wbm-1-27220,grace,1.0227762087,0.020946440750000052,grace,mptrj
wbm-1-27502,grace,1.0170808435,-0.02561478397750001,grace,mptrj
wbm-1-27566,grace,0.9665770436000001,-0.03198348488800004,grace,mptrj
wbm-1-28132,grace,1.0109790339,-0.17204902990499998,grace,mptrj
wbm-1-28162,grace,0.9558022401,-0.011888211214999878,grace,mptrj
wbm-1-28291,grace,0.9739384327,-0.009808539699999941,grace,mptrj
wbm-1-28599,grace,0.9671459562,-0.2659856223614286,grace,mptrj
wbm-1-29365,grace,0.7610029726,-0.0742519758300002,grace,mptrj
wbm-1-29807,grace,0.7307646835,-0.06978002863749974,grace,mptrj
wbm-1-30045,grace,0.9196026959,0.017628929005833172,grace,mptrj
wbm-1-30099,grace,0.9425541315,-0.10416219728666726,grace,mptrj
wbm-1-30230,grace,1.063778617,-0.22056295634499978,grace,mptrj
wbm-1-3078,grace,0.7836703217000001,-0.05127254937500005,grace,mptrj
wbm-1-30964,grace,0.7925255928,-0.2625558357850001,grace,mptrj
wbm-1-31348,grace,0.6247655267000001,-0.23858691751777789,grace,mptrj
wbm-1-31767,grace,0.8635775080000001,-0.33288820442666633,grace,mptrj
wbm-1-31797,grace,0.8180748994,-0.06199669141699985,grace,mptrj
wbm-1-31867,grace,0.6975914495000001,-0.15555974820178559,grace,mptrj
wbm-1-32076,grace,0.6861086357,-0.17142318060208325,grace,mptrj
wbm-1-32536,grace,1.0006596492,-0.2527579135662501,grace,mptrj
wbm-1-32556,grace,0.9661552976000001,-0.21124240066000005,grace,mptrj
wbm-1-32966,grace,4.7100768174,-0.32878230075999965,grace,mptrj
wbm-1-33026,grace,0.8669247297,0.003029578500000074,grace,mptrj
wbm-1-33224,grace,0.8162938433,-0.012035423730000005,grace,mptrj
wbm-1-34381,grace,0.912606487,-0.026620549499999858,grace,mptrj
wbm-1-34429,grace,1.0170719772,-0.19804422555666654,grace,mptrj
wbm-1-34519,grace,1.0071978253,-0.050315198878333335,grace,mptrj
wbm-1-34758,grace,0.9454087052000001,-0.03394416302833333,grace,mptrj
wbm-1-34857,grace,0.8675586150000001,-0.003959963762500162,grace,mptrj
wbm-1-35134,grace,0.8813854234,0.036025848896666685,grace,mptrj
wbm-1-3516,grace,0.7891443221000001,-0.001318172629166625,grace,mptrj
wbm-1-3535,grace,0.8664681428000001,-0.01956157456083325,grace,mptrj
wbm-1-35404,grace,0.9915328585000001,-0.04108868592428578,grace,mptrj
wbm-1-35738,grace,0.7263281963,-0.07670783451000016,grace,mptrj
wbm-1-36060,grace,0.8644402510000001,-0.06978316211124977,grace,mptrj
wbm-1-36191,grace,0.8245913652,-0.06853626352500006,grace,mptrj
wbm-1-36764,grace,0.9718750469,-0.3543768247987501,grace,mptrj
wbm-1-36839,grace,0.7618776639,-0.3799275379874999,grace,mptrj
wbm-1-36941,grace,0.9370910622,-0.9026439718069444,grace,mptrj
wbm-1-37204,grace,0.9781930189,-0.3480350735191666,grace,mptrj
wbm-1-37361,grace,1.0151804952,-0.3459754582575,grace,mptrj
wbm-1-37528,grace,0.842234617,-0.4515388557116668,grace,mptrj
wbm-1-37838,grace,0.9616998192,-0.4518521822133334,grace,mptrj
wbm-1-38418,grace,0.8326967593,-0.7972973292208336,grace,mptrj
wbm-1-38520,grace,0.8787266254,-0.4943858166400001,grace,mptrj
wbm-1-38808,grace,0.9482398660000001,-0.3500924952599999,grace,mptrj
wbm-1-39089,grace,1.0065466082,-0.7571816969337501,grace,mptrj
wbm-1-40024,grace,0.8623661641,-0.4442516549359998,grace,mptrj
wbm-1-40484,grace,0.9883606219000001,-0.4459516023966666,grace,mptrj
wbm-1-40953,grace,1.0715565263,-0.4067432840737501,grace,mptrj
wbm-1-41091,grace,0.9556858681,-0.840715225645,grace,mptrj
wbm-1-41383,grace,0.9226339610000001,-0.47829495807,grace,mptrj
wbm-1-41389,grace,0.8242291482,-0.45711152182545445,grace,mptrj
wbm-1-41515,grace,0.8918856220000001,-0.7708325406708334,grace,mptrj
wbm-1-41644,grace,0.9666292895,-0.3912914282301582,grace,mptrj
wbm-1-42383,grace,0.9657667073,-0.4254704403019997,grace,mptrj
wbm-1-42731,grace,0.9183973461,-0.42863636269222205,grace,mptrj
wbm-1-43066,grace,0.9917613213,-0.3934387320308333,grace,mptrj
wbm-1-43649,grace,0.9440414384,-0.4269153060024999,grace,mptrj
wbm-1-43796,grace,0.8482176837000001,-0.4099040450283333,grace,mptrj
wbm-1-44126,grace,1.0143029873,-0.33643769140299995,grace,mptrj
wbm-1-44340,grace,0.9339679641,-0.37781150416500003,grace,mptrj
wbm-1-44478,grace,1.0684640442,-0.6138542725711111,grace,mptrj
wbm-1-44580,grace,0.9736302686,-0.31332758023624996,grace,mptrj
wbm-1-44656,grace,0.8687060430000001,-0.4348208209124999,grace,mptrj
wbm-1-45122,grace,0.9526196636,-0.013861390175999943,grace,mptrj
wbm-1-45422,grace,0.7861289381000001,0.029374111162222032,grace,mptrj
wbm-1-45595,grace,1.1312931486,0.05511816051333357,grace,mptrj
wbm-1-45824,grace,0.7441424470000001,0.0022343850150003657,grace,mptrj
wbm-1-45844,grace,0.7575714237000001,0.007697389595238051,grace,mptrj
wbm-1-45939,grace,0.7335274378000001,-0.0631832966208331,grace,mptrj
wbm-1-45958,grace,0.8143257020000001,-0.023032294046666613,grace,mptrj
wbm-1-46061,grace,0.9180743211,-0.027481585456666482,grace,mptrj
wbm-1-46063,grace,0.9507805268,-0.04494618563916669,grace,mptrj
wbm-1-462,grace,0.8538254048,-0.012131020295000105,grace,mptrj
wbm-1-46216,grace,0.9130374914,-0.36989137087,grace,mptrj
wbm-1-4644,grace,0.9117987806000001,-0.033397448442727164,grace,mptrj
wbm-1-46479,grace,0.929562973,-0.04633206627916676,grace,mptrj
wbm-1-46897,grace,0.9382099475000001,-0.024548774095555437,grace,mptrj
wbm-1-47256,grace,0.8324715874,-0.06171789033999999,grace,mptrj
wbm-1-47271,grace,0.8288649827,0.02092230899249996,grace,mptrj
wbm-1-47332,grace,1.034691686,0.038269225282500006,grace,mptrj
wbm-1-47390,grace,1.0648782881,0.02133684373625,grace,mptrj
wbm-1-4748,grace,0.7877234535000001,-0.03921847559400021,grace,mptrj
wbm-1-47680,grace,0.9283003415000001,-0.018608421767999987,grace,mptrj
wbm-1-48045,grace,0.9662956964,-0.0022334777699999364,grace,mptrj
wbm-1-48387,grace,0.7590667554,-0.04949949329624985,grace,mptrj
wbm-1-48516,grace,0.7210180997000001,-0.05890631307500005,grace,mptrj
wbm-1-48844,grace,0.9431130280000001,-0.25119461942812504,grace,mptrj
wbm-1-48894,grace,1.009592542,-0.24388748067777785,grace,mptrj
wbm-1-48917,grace,0.9410633189000001,-0.25613587548750005,grace,mptrj
wbm-1-48956,grace,0.9858386413,-0.26694402997375005,grace,mptrj
wbm-1-4923,grace,0.9962749295000001,-0.20600706887000014,grace,mptrj
wbm-1-4926,grace,0.9450785268,-0.0455164569462501,grace,mptrj
wbm-1-49882,grace,0.9391626741,-0.31481275270444453,grace,mptrj
wbm-1-50042,grace,0.9534307883,-0.21073203202444427,grace,mptrj
wbm-1-5045,grace,0.7652683011,-0.11125037811333367,grace,mptrj
wbm-1-50475,grace,0.9910094102,-0.241490138576,grace,mptrj
wbm-1-5112,grace,0.9333698661000001,-0.10917572009799996,grace,mptrj
wbm-1-51210,grace,0.886789292,0.0016547950650001475,grace,mptrj
wbm-1-51562,grace,1.1199414403,-0.03043458803500023,grace,mptrj
wbm-1-51828,grace,0.8588765712,0.023753129597500068,grace,mptrj
wbm-1-51920,grace,0.9553559894,-0.030871767503333324,grace,mptrj
wbm-1-52323,grace,0.9053341808,-0.20892056624299996,grace,mptrj
wbm-1-5320,grace,0.8891417385,-0.00784243921249986,grace,mptrj
wbm-1-54021,grace,0.9244763854,0.002297897721999931,grace,mptrj
wbm-1-54211,grace,0.9799067903,-0.0012447739179999927,grace,mptrj
wbm-1-54223,grace,0.912324511,-0.015842383448000062,grace,mptrj
wbm-1-54845,grace,0.7963371602,0.07672111295714289,grace,mptrj
wbm-1-55055,grace,0.8198986999000001,-0.050590447716070894,grace,mptrj
wbm-1-55621,grace,0.8658172811,0.010322747723333235,grace,mptrj
wbm-1-55626,grace,0.9009965112,-0.021570387355000043,grace,mptrj
wbm-1-55839,grace,0.7870169314000001,0.03454400075370382,grace,mptrj
wbm-1-56095,grace,0.899251401,-0.03039788529499982,grace,mptrj
wbm-1-56442,grace,0.8931363871,-0.10748320102125,grace,mptrj
wbm-1-56596,grace,0.8176549934,-0.13313441914,grace,mptrj
wbm-1-56597,grace,1.0259297028,-0.016283967655000016,grace,mptrj
wbm-1-5673,grace,0.9318631942000001,-0.01287288046499988,grace,mptrj
wbm-1-5686,grace,0.7886699992,-0.14041638602199988,grace,mptrj
wbm-1-57622,grace,0.92888325,-0.1470518761233333,grace,mptrj
wbm-1-58300,grace,0.8846633461000001,-0.051310191216666766,grace,mptrj
wbm-1-58411,grace,1.0047836747,0.00275668137666667,grace,mptrj
wbm-1-58431,grace,0.8953067371000001,-0.042189131963333355,grace,mptrj
wbm-1-5891,grace,0.9703013742000001,-0.011844206945833028,grace,mptrj
wbm-1-59108,grace,0.7497497441000001,-0.07668489774249991,grace,mptrj
wbm-1-59510,grace,0.8828121702,-0.028372159262500318,grace,mptrj
wbm-1-59715,grace,0.9427979884000001,0.002403041107500048,grace,mptrj
wbm-1-59754,grace,0.9599281538000001,-0.2708129835290001,grace,mptrj
wbm-1-59925,grace,1.0426982433,-0.052314997159999994,grace,mptrj
wbm-1-60339,grace,0.9773104416,0.019248170384999996,grace,mptrj
wbm-1-60437,grace,0.8978545257,-0.025017116559999896,grace,mptrj
wbm-1-60536,grace,0.9274202483,-0.11655700904999998,grace,mptrj
wbm-1-61353,grace,0.9175303636000001,0.002670261152499953,grace,mptrj
wbm-1-61447,grace,0.8838355378,0.0042405030149999115,grace,mptrj
wbm-1-61492,grace,0.8592438851,-0.03028794733999991,grace,mptrj
wbm-1-61567,grace,0.8753164819,-0.03741384599250015,grace,mptrj
wbm-1-6677,grace,0.8557258435,-0.05549346047916733,grace,mptrj
wbm-1-6831,grace,1.0140291343,-0.5970563545072728,grace,mptrj
wbm-1-6877,grace,0.8075703993000001,-0.16131323472125025,grace,mptrj
wbm-1-7173,grace,0.7877480992,-0.2485449808899999,grace,mptrj
wbm-1-7275,grace,0.8246783631,-0.09225208432750005,grace,mptrj
wbm-1-7410,grace,0.6927129236,-0.26456055893333325,grace,mptrj
wbm-1-8359,grace,0.9254294452,-0.023994574924999946,grace,mptrj
wbm-1-8367,grace,0.9252518433,-0.03709314095166665,grace,mptrj
wbm-1-9075,grace,0.9418662339,-0.27936756210333347,grace,mptrj
wbm-1-9196,grace,0.9280496323,0.00431653396499998,grace,mptrj
wbm-1-9201,grace,0.8869622603,0.005754014807500018,grace,mptrj
wbm-1-987,grace,0.7396245487,-0.0323729149742856,grace,mptrj
wbm-1-9927,grace,0.9621172712,-0.372057550614,grace,mptrj
wbm-2-10245,grace,0.8936471770000001,-0.3727658871530001,grace,mptrj
wbm-2-10499,grace,0.9640687139,-0.4565103176822224,grace,mptrj
wbm-2-10810,grace,0.8333300464000001,-0.07312531803555564,grace,mptrj
wbm-2-10923,grace,0.8669519906,-0.03987579584999986,grace,mptrj
wbm-2-11068,grace,0.9728952381,-0.01707685705899998,grace,mptrj
wbm-2-11084,grace,0.8280430054,-0.05874919404599993,grace,mptrj
wbm-2-11128,grace,0.8628375762,-0.011729741473999838,grace,mptrj
wbm-2-11212,grace,0.8607224387,-0.012485415414545287,grace,mptrj
wbm-2-11382,grace,0.8530642468,-0.001623274598809843,grace,mptrj
wbm-2-1151,grace,0.8687809859000001,-0.007911060061666635,grace,mptrj
wbm-2-11618,grace,0.9378349218,-0.010380928033333308,grace,mptrj
wbm-2-11694,grace,0.9126321517,-0.029907120608750136,grace,mptrj
wbm-2-11991,grace,0.9538521044,-0.00506552152749995,grace,mptrj
wbm-2-12110,grace,0.9068139758,-0.16551188943333342,grace,mptrj
wbm-2-1217,grace,0.939763911,-0.07563899492500023,grace,mptrj
wbm-2-12245,grace,0.8877258123,-0.12265576294555558,grace,mptrj
wbm-2-12407,grace,0.7533170844,-0.10137440318000017,grace,mptrj
wbm-2-12899,grace,1.0083330471,-0.05068109653833333,grace,mptrj
wbm-2-13207,grace,0.8397248964,-0.014333407250000008,grace,mptrj
wbm-2-13474,grace,1.0058366746,-0.028770243687499964,grace,mptrj
wbm-2-13628,grace,1.0881849564,-0.05674481374166671,grace,mptrj
wbm-2-13632,grace,1.0345024834,-0.03438053596666671,grace,mptrj
wbm-2-13798,grace,0.9968740516000001,0.010175340843333202,grace,mptrj
wbm-2-13799,grace,0.8871742312,-0.03982439775208283,grace,mptrj
wbm-2-13911,grace,0.9473563481,-0.011931985780000164,grace,mptrj
wbm-2-14116,grace,0.9191314299000001,-0.026659799521666666,grace,mptrj
wbm-2-14733,grace,0.9428102455,-0.008922638299999975,grace,mptrj
wbm-2-14949,grace,0.8141782269000001,-0.039981322314166574,grace,mptrj
wbm-2-14980,grace,0.8571737149,-0.13634325972125003,grace,mptrj
wbm-2-15047,grace,1.1696155711,-0.309517979785,grace,mptrj
wbm-2-15398,grace,0.9227186220000001,-0.3402578894374999,grace,mptrj
wbm-2-15816,grace,1.0106432264,-0.2767730145340001,grace,mptrj
wbm-2-15882,grace,0.9560280326,-0.3273840143578123,grace,mptrj
wbm-2-16299,grace,0.8981378095,-0.3666015639625,grace,mptrj
wbm-2-16983,grace,0.8974622541,-0.03758888387199974,grace,mptrj
wbm-2-17344,grace,0.8436171193,-0.06780287319999986,grace,mptrj
wbm-2-1787,grace,0.8206003178,-0.03135141259285703,grace,mptrj
wbm-2-19108,grace,0.8838346654,-0.043381425896666735,grace,mptrj
wbm-2-19313,grace,0.8474196279,-0.003924248917777757,grace,mptrj
wbm-2-20028,grace,0.8510047401,-0.20279104446000012,grace,mptrj
wbm-2-20166,grace,0.9607812973000001,-0.027017050810909052,grace,mptrj
wbm-2-20256,grace,0.9877503288,-0.3036201210000002,grace,mptrj
wbm-2-20265,grace,0.3742029891,0.19349120621296292,grace,mptrj
wbm-2-20392,grace,1.0068890784,-0.06274745824749992,grace,mptrj
wbm-2-20448,grace,0.8829747673,0.01540642820374991,grace,mptrj
wbm-2-20797,grace,0.8422838236,-0.046438776366666684,grace,mptrj
wbm-2-21074,grace,0.8694254645,-0.009383398508000126,grace,mptrj
wbm-2-21198,grace,0.9320204064000001,-0.28404476119166666,grace,mptrj
wbm-2-21508,grace,0.8737050928000001,-0.14824739162874995,grace,mptrj
wbm-2-21597,grace,0.9182776252,-0.17747186660900002,grace,mptrj
wbm-2-21693,grace,0.8113750824,-0.16899609958416661,grace,mptrj
wbm-2-21990,grace,0.9208164918,-0.42886044700375,grace,mptrj
wbm-2-22192,grace,1.0348404205,-0.03162418749000011,grace,mptrj
wbm-2-2223,grace,0.9425239975,-0.006856648775000036,grace,mptrj
wbm-2-22928,grace,0.9188692317,-0.04957923980178558,grace,mptrj
wbm-2-22992,grace,0.8940948621,-0.21879861626428562,grace,mptrj
wbm-2-2316,grace,0.9007278925000001,-0.07325797529250012,grace,mptrj
wbm-2-23452,grace,0.9377992565000001,-0.25093191894750005,grace,mptrj
wbm-2-23794,grace,1.0266424911,-0.008187149838571628,grace,mptrj
wbm-2-23880,grace,1.0778340162,0.026390257787500194,grace,mptrj
wbm-2-23973,grace,0.9834032346,-0.31895235743083333,grace,mptrj
wbm-2-24003,grace,1.0212238063,-0.00867974557714294,grace,mptrj
wbm-2-24061,grace,0.9139710672,-0.24969166216666672,grace,mptrj
wbm-2-24501,grace,0.9848966225,-0.24247377927699998,grace,mptrj
wbm-2-24549,grace,1.0394575516,-0.05719161195249996,grace,mptrj
wbm-2-24887,grace,0.9263180201000001,-0.22880046421999997,grace,mptrj
wbm-2-25039,grace,0.8643957999999999,-9.293637000005183e-05,grace,mptrj
wbm-2-25087,grace,0.9670736222,-0.03414548467999987,grace,mptrj
wbm-2-25091,grace,0.8016809821,0.027937953604166548,grace,mptrj
wbm-2-25182,grace,0.9942915816000001,-0.02384877853624996,grace,mptrj
wbm-2-25748,grace,0.7490132269,-0.09586398613099988,grace,mptrj
wbm-2-25883,grace,0.9271176804000001,-0.030200739629999963,grace,mptrj
wbm-2-26027,grace,0.9207924566000001,-0.033274610553333396,grace,mptrj
wbm-2-26175,grace,0.8985620899000001,-3.0342189999998938e-05,grace,mptrj
wbm-2-26205,grace,0.6519498671,0.15062419742500027,grace,mptrj
wbm-2-26262,grace,0.8600089879,-0.0512592540419752,grace,mptrj
wbm-2-26500,grace,1.035250494,-0.008260828933333167,grace,mptrj
wbm-2-26676,grace,0.9840179919,-0.1986071285959999,grace,mptrj
wbm-2-2669,grace,0.841420248,0.012576093647222168,grace,mptrj
wbm-2-27233,grace,0.5820176516000001,0.05688792848666667,grace,mptrj
wbm-2-27460,grace,0.8503772682,-0.027574382455454582,grace,mptrj
wbm-2-27581,grace,0.7372366277,-0.02690285178000013,grace,mptrj
wbm-2-27803,grace,0.9517913018,0.011844136767777829,grace,mptrj
wbm-2-27955,grace,0.98206562,-0.007258732556944401,grace,mptrj
wbm-2-28151,grace,0.7692854102000001,-0.026340848037499764,grace,mptrj
wbm-2-28311,grace,0.7904483164,-0.06437645997685178,grace,mptrj
wbm-2-28628,grace,0.8852516574,-0.31073581454199994,grace,mptrj
wbm-2-28666,grace,0.8332147247,-0.05502006224300018,grace,mptrj
wbm-2-29064,grace,0.7376662276,-0.28858004633799983,grace,mptrj
wbm-2-29551,grace,0.6785010332,-0.004446199115000008,grace,mptrj
wbm-2-29590,grace,0.6101114259,-0.17372506501125,grace,mptrj
wbm-2-2973,grace,0.9138264978,-0.008367007788750058,grace,mptrj
wbm-2-30232,grace,0.9220204696000001,-0.03347336612875005,grace,mptrj
wbm-2-30753,grace,0.9011201383,0.06502911998333337,grace,mptrj
wbm-2-31075,grace,0.7887628342,-0.06547322045250006,grace,mptrj
wbm-2-31128,grace,0.8064443524,0.0005682796211110662,grace,mptrj
wbm-2-31420,grace,0.9950411443,-0.037077700850833395,grace,mptrj
wbm-2-31514,grace,0.8505759059,0.03017708562000001,grace,mptrj
wbm-2-31515,grace,0.9051486623,-0.03120482361444448,grace,mptrj
wbm-2-31561,grace,1.0053470983,0.001788925240000034,grace,mptrj
wbm-2-31795,grace,0.8900324951,-0.01917992560833331,grace,mptrj
wbm-2-32099,grace,0.9603966724,-0.008146297976666498,grace,mptrj
wbm-2-32354,grace,0.9063085209,-0.015093189531250006,grace,mptrj
wbm-2-32386,grace,0.894324361,-0.008306221507499956,grace,mptrj
wbm-2-32777,grace,0.9300489954000001,-0.03407960179166659,grace,mptrj
wbm-2-32910,grace,0.7744590443,0.007482187556666394,grace,mptrj
wbm-2-33373,grace,0.860935463,-0.21533678242555546,grace,mptrj
wbm-2-33421,grace,0.9582219068000001,-0.38794836204200017,grace,mptrj
wbm-2-34088,grace,1.1376051103,-0.7332329931339998,grace,mptrj
wbm-2-3424,grace,0.941029879,-0.00580706642166664,grace,mptrj
wbm-2-34474,grace,0.9092399546000001,-0.4000755735725,grace,mptrj
wbm-2-34818,grace,0.8607051912,-1.0001780095641666,grace,mptrj
wbm-2-34985,grace,0.8965745001000001,-1.1986527500191666,grace,mptrj
wbm-2-35177,grace,0.9282515133,-0.4274614701454546,grace,mptrj
wbm-2-35202,grace,0.9125141765,-0.7575359355606054,grace,mptrj
wbm-2-35598,grace,0.8525395801000001,-0.5468422777360002,grace,mptrj
wbm-2-35958,grace,0.9919859403000001,-0.40081625685699984,grace,mptrj
wbm-2-36105,grace,0.9700785761,-0.40732865080299996,grace,mptrj
wbm-2-36320,grace,1.0158085807,-0.4598361670554544,grace,mptrj
wbm-2-36499,grace,1.020046234,-0.4562063560254542,grace,mptrj
wbm-2-36606,grace,0.9637841553000001,-1.3584661081266665,grace,mptrj
wbm-2-37493,grace,0.7950245425,-0.4629979968966668,grace,mptrj
wbm-2-37746,grace,0.9262246077,-0.03504877317900011,grace,mptrj
wbm-2-38,grace,0.818910314,-0.13061305591666658,grace,mptrj
wbm-2-38123,grace,0.8908102572000001,-0.12561218568222227,grace,mptrj
wbm-2-38626,grace,1.0303822806,-0.10853519296999999,grace,mptrj
wbm-2-38768,grace,0.9036122756,-0.03209478470333344,grace,mptrj
wbm-2-38824,grace,1.0507774428,0.038841160709999954,grace,mptrj
wbm-2-39093,grace,0.7836364976,-0.20267318019500022,grace,mptrj
wbm-2-39277,grace,0.8473610245000001,-0.0653737249490739,grace,mptrj
wbm-2-39858,grace,0.9748520610000001,-0.008333599120833238,grace,mptrj
wbm-2-3987,grace,0.8608914084,-0.237184597874,grace,mptrj
wbm-2-40383,grace,0.7727705119,-0.11003672233800003,grace,mptrj
wbm-2-40651,grace,0.9152843287,-0.019654194374285693,grace,mptrj
wbm-2-40707,grace,0.913589151,0.0013209086590000396,grace,mptrj
wbm-2-4091,grace,0.7986037523,-0.013191096983333496,grace,mptrj
wbm-2-40954,grace,0.853589013,-0.021042742832500006,grace,mptrj
wbm-2-41053,grace,0.8756033204,-0.02733981436499988,grace,mptrj
wbm-2-4187,grace,0.8149693596,-0.08631207934285728,grace,mptrj
wbm-2-42127,grace,0.9039590545,-0.29038598273500005,grace,mptrj
wbm-2-42209,grace,0.9086711957,-0.35864564172749996,grace,mptrj
wbm-2-42382,grace,0.9747737449,-0.26431755748749985,grace,mptrj
wbm-2-44123,grace,0.9645800431,-0.03876787880333323,grace,mptrj
wbm-2-44195,grace,0.7687693785,-0.13798607447000003,grace,mptrj
wbm-2-44473,grace,0.9212785399000001,-0.02862556618625005,grace,mptrj
wbm-2-44832,grace,0.8061930468,-0.2520420580225,grace,mptrj
wbm-2-44888,grace,0.9369468985,-0.2806695267491667,grace,mptrj
wbm-2-45158,grace,0.9162345323000001,-0.13439394453749998,grace,mptrj
wbm-2-45183,grace,0.6366803456,-0.10042588584000024,grace,mptrj
wbm-2-45365,grace,0.6307815174,-0.07438443299999983,grace,mptrj
wbm-2-45585,grace,0.8569872022,-0.009746586980000416,grace,mptrj
wbm-2-45645,grace,0.8218011968000001,-0.008713855767142776,grace,mptrj
wbm-2-45772,grace,0.9362254104000001,0.014803281841999905,grace,mptrj
wbm-2-45812,grace,0.9055888279000001,0.04095133542125016,grace,mptrj
wbm-2-46026,grace,0.9379017463,0.012252767479000042,grace,mptrj
wbm-2-46362,grace,0.9096788607,-0.0008998926881815805,grace,mptrj
wbm-2-46431,grace,0.9594910327,-0.0029960864360002405,grace,mptrj
wbm-2-46663,grace,0.8844243393000001,-0.016592634664545417,grace,mptrj
wbm-2-46903,grace,1.0172236685,0.02566851208833339,grace,mptrj
wbm-2-46975,grace,0.9444636105,-0.03218260726166674,grace,mptrj
wbm-2-4763,grace,0.9270509764,-0.031062749877778018,grace,mptrj
wbm-2-47914,grace,0.8469380878,0.02950232499583283,grace,mptrj
wbm-2-48685,grace,0.9671906505000001,-0.058380131070833396,grace,mptrj
wbm-2-48699,grace,0.8545917813,-0.07348521059000006,grace,mptrj
wbm-2-49019,grace,0.7173947921,-0.14281936301750003,grace,mptrj
wbm-2-49081,grace,0.8749401486,-0.042649157468333476,grace,mptrj
wbm-2-49233,grace,0.9345189655,-0.01665548514500007,grace,mptrj
wbm-2-49340,grace,0.5565317543,-0.09674101493500009,grace,mptrj
wbm-2-49384,grace,1.0016515748,-0.0470243528633335,grace,mptrj
wbm-2-49468,grace,0.7914196911,-0.14200643665124998,grace,mptrj
wbm-2-50279,grace,0.8832255750000001,-0.24269156066916656,grace,mptrj
wbm-2-50333,grace,0.9055075843,-0.005813597821666861,grace,mptrj
wbm-2-50495,grace,0.8031049122,0.028484103269999988,grace,mptrj
wbm-2-50655,grace,0.9244450409,-0.021822282555714168,grace,mptrj
wbm-2-51174,grace,0.8817230236,-0.032467020103333355,grace,mptrj
wbm-2-5119,grace,1.0241649307,-0.4285972908418184,grace,mptrj
wbm-2-51568,grace,0.7209282987000001,-0.16897215460370352,grace,mptrj
wbm-2-51816,grace,0.9746968159,-0.023401180987500148,grace,mptrj
wbm-2-51830,grace,0.6799105004,-0.058972616931944444,grace,mptrj
wbm-2-51886,grace,0.9984483083000001,-0.08730097063999996,grace,mptrj
wbm-2-5191,grace,0.7691051996,-0.4001319677654546,grace,mptrj
wbm-2-52052,grace,0.7988352204,-0.0019803668675000717,grace,mptrj
wbm-2-52350,grace,0.952431396,-0.2440843702708334,grace,mptrj
wbm-2-52424,grace,0.8479265182,-0.022941723160000028,grace,mptrj
wbm-2-5247,grace,0.9502046922,-0.40114791872499983,grace,mptrj
wbm-2-52502,grace,0.7849957957,-0.038300193607500074,grace,mptrj
wbm-2-52632,grace,0.9293701740000001,-0.022810095911111085,grace,mptrj
wbm-2-5290,grace,0.7920638116000001,-0.1039879739940001,grace,mptrj
wbm-2-5804,grace,0.8623104627,-0.029569053401666778,grace,mptrj
wbm-2-6062,grace,0.8527775415000001,-0.034431190100833335,grace,mptrj
wbm-2-6092,grace,0.8527968913,-0.1121063491741665,grace,mptrj
wbm-2-6110,grace,0.6332421186,-0.13959291750199995,grace,mptrj
wbm-2-6329,grace,0.8541141921000001,-0.13567679415250006,grace,mptrj
wbm-2-6620,grace,0.9832505673,-0.020873505387500012,grace,mptrj
wbm-2-6627,grace,0.7030621816,0.01675865023800007,grace,mptrj
wbm-2-6892,grace,0.8928507512,-0.3986475260299999,grace,mptrj
wbm-2-6906,grace,0.9761444549,-0.3289697467688888,grace,mptrj
wbm-2-6947,grace,0.9168294950000001,-0.38244600036,grace,mptrj
wbm-2-7202,grace,1.0258153212,-0.35625854247727257,grace,mptrj
wbm-2-7809,grace,0.8976638479,-0.3414272556579999,grace,mptrj
wbm-2-828,grace,0.8562418519,-0.03061131996874984,grace,mptrj
wbm-2-9248,grace,0.7854511564000001,-0.06665514548999996,grace,mptrj
wbm-2-9267,grace,0.8933982111000001,-0.06527355993374995,grace,mptrj
wbm-2-9731,grace,0.8793187466,-0.04099918750499994,grace,mptrj
wbm-3-10689,grace,0.8940507673,-0.3827901405763636,grace,mptrj
wbm-3-11165,grace,0.9022991168000001,-0.08815649042187512,grace,mptrj
wbm-3-11718,grace,0.9120262625000001,0.003860194374285746,grace,mptrj
wbm-3-12323,grace,0.8571387301000001,-0.00063116012800009,grace,mptrj
wbm-3-12716,grace,0.9583244548000001,-0.03968054864777781,grace,mptrj
wbm-3-12746,grace,0.8950276485,-0.016221008962500005,grace,mptrj
wbm-3-12774,grace,0.8760313908,-0.034781243610999935,grace,mptrj
wbm-3-12889,grace,0.9434027469,-0.07390686203833324,grace,mptrj
wbm-3-13114,grace,0.9107582901,0.015377653243333239,grace,mptrj
wbm-3-13317,grace,0.9450135926000001,-0.04636530914916665,grace,mptrj
wbm-3-13400,grace,0.7673414639,-0.0008400278638889505,grace,mptrj
wbm-3-13486,grace,0.7804058157,-0.09392532621750008,grace,mptrj
wbm-3-13949,grace,0.8451002753,-0.04750974187000016,grace,mptrj
wbm-3-13976,grace,0.9035763844,-0.150174888631,grace,mptrj
wbm-3-14196,grace,0.8367072435,-0.04188604137499996,grace,mptrj
wbm-3-14217,grace,0.7668663229,-0.15102964456111118,grace,mptrj
wbm-3-1457,grace,0.8810797837000001,-0.031964716681999905,grace,mptrj
wbm-3-14648,grace,0.9445222134000001,-0.42270398374374996,grace,mptrj
wbm-3-148,grace,0.8195065181000001,-0.03134367184916667,grace,mptrj
wbm-3-14897,grace,0.8813599644000001,-0.39126172869666664,grace,mptrj
wbm-3-15167,grace,0.9198501429,-0.4143360935499999,grace,mptrj
wbm-3-15223,grace,0.9260965888,-0.19882951732999993,grace,mptrj
wbm-3-15280,grace,0.7574471142,-0.24533171844999999,grace,mptrj
wbm-3-15327,grace,0.7889835171,-0.21619736822999977,grace,mptrj
wbm-3-1552,grace,0.7458102527,0.08849157972777777,grace,mptrj
wbm-3-15643,grace,0.9943854004,-0.015840355566,grace,mptrj
wbm-3-16336,grace,0.8643281599,-0.022414502251666708,grace,mptrj
wbm-3-16734,grace,0.7699070634,-0.026494905538571395,grace,mptrj
wbm-3-16816,grace,0.9531129278,-0.022345132296666747,grace,mptrj
wbm-3-1719,grace,0.9037238548000001,-0.04389266281458326,grace,mptrj
wbm-3-17250,grace,0.9239635973,-0.01206901886749998,grace,mptrj
wbm-3-17617,grace,0.8574903167,-0.02847929870624995,grace,mptrj
wbm-3-17661,grace,0.8780325966,-0.21456731252777791,grace,mptrj
wbm-3-1822,grace,0.7563896862,-0.01686687725666663,grace,mptrj
wbm-3-18479,grace,0.7394558106,-0.030075254183333382,grace,mptrj
wbm-3-18841,grace,0.9098741367000001,-0.01941208503650795,grace,mptrj
wbm-3-19096,grace,0.9662731276000001,-0.03065798810666662,grace,mptrj
wbm-3-19145,grace,0.7492971069000001,-0.054704275290000125,grace,mptrj
wbm-3-19453,grace,0.9090025258000001,-0.02857912315333344,grace,mptrj
wbm-3-20198,grace,0.9507086138,-0.026686158893333218,grace,mptrj
wbm-3-20284,grace,0.9239495802000001,-0.007395610275555558,grace,mptrj
wbm-3-20301,grace,0.1868759397,-0.0661309366920633,grace,mptrj
wbm-3-20382,grace,0.8978447471000001,-0.1480882491166666,grace,mptrj
wbm-3-20528,grace,0.7761327098,-0.11288280241555558,grace,mptrj
wbm-3-20949,grace,0.7649357714,-0.08487725769333339,grace,mptrj
wbm-3-21531,grace,0.9165415662,-0.22937335694249997,grace,mptrj
wbm-3-21627,grace,1.1262521999,0.0037686161516665706,grace,mptrj
wbm-3-21642,grace,0.8892719611000001,-0.021446233216071357,grace,mptrj
wbm-3-22305,grace,1.0213581141,-0.4831787072729166,grace,mptrj
wbm-3-22379,grace,1.0025732328,-0.45355497688125,grace,mptrj
wbm-3-2248,grace,0.9127036428,-0.053447908347777684,grace,mptrj
wbm-3-22519,grace,0.9106906661,-0.5921023414888891,grace,mptrj
wbm-3-22524,grace,0.9884769595,-0.55548353914875,grace,mptrj
wbm-3-22718,grace,0.9958997148000001,-0.5594140121140622,grace,mptrj
wbm-3-22742,grace,0.8856155093,-0.45351991800000013,grace,mptrj
wbm-3-22772,grace,0.8571071872,-0.4424451781337499,grace,mptrj
wbm-3-23060,grace,0.8546371927,-0.5466005129674999,grace,mptrj
wbm-3-23205,grace,0.7636181014000001,-0.782347761407143,grace,mptrj
wbm-3-23657,grace,0.9345760797,-0.36212828862375,grace,mptrj
wbm-3-23961,grace,0.9455915061000001,-0.33694047624727275,grace,mptrj
wbm-3-24482,grace,0.8064167223,0.01816117657125007,grace,mptrj
wbm-3-24541,grace,0.8840545885000001,-0.01483072265555553,grace,mptrj
wbm-3-25261,grace,0.8917959415000001,0.010360498469999726,grace,mptrj
wbm-3-25538,grace,0.8585688092,-0.023505328215714324,grace,mptrj
wbm-3-25577,grace,0.9207461406,-0.032995078769999964,grace,mptrj
wbm-3-26237,grace,0.9433773251,-0.00024589739555551664,grace,mptrj
wbm-3-26853,grace,0.904177581,-0.11770286534583324,grace,mptrj
wbm-3-26855,grace,0.9268105717,-0.0750804444712501,grace,mptrj
wbm-3-27894,grace,0.8554799633,-0.08705150986916681,grace,mptrj
wbm-3-28259,grace,0.8399901717,-0.0604578740858333,grace,mptrj
wbm-3-28421,grace,0.9589271718000001,-0.06667685646571425,grace,mptrj
wbm-3-2876,grace,0.8964601315,-0.02865708543000015,grace,mptrj
wbm-3-29262,grace,0.9826503808,-0.02973574963111124,grace,mptrj
wbm-3-29413,grace,0.8451280638,0.009423677511111114,grace,mptrj
wbm-3-2947,grace,0.9567920037000001,-0.03661808098285719,grace,mptrj
wbm-3-29478,grace,0.8988328955,-0.053469932255000144,grace,mptrj
wbm-3-29820,grace,0.8937417572,-0.04616328579124964,grace,mptrj
wbm-3-29926,grace,0.9704438756,-0.01904100914200008,grace,mptrj
wbm-3-30118,grace,0.8784711728,0.037109253594000226,grace,mptrj
wbm-3-30211,grace,0.9430724975,0.037431989566000114,grace,mptrj
wbm-3-30339,grace,0.8494769144000001,-0.11207286871875,grace,mptrj
wbm-3-30439,grace,0.9580593696,-0.083332859259,grace,mptrj
wbm-3-30449,grace,0.9670705729,-0.030571361334000076,grace,mptrj
wbm-3-306,grace,0.8433937739,-0.03600456153416687,grace,mptrj
wbm-3-31547,grace,0.7757821919,-0.05586906169199999,grace,mptrj
wbm-3-32182,grace,0.9476180832000001,-0.2109344175900006,grace,mptrj
wbm-3-32371,grace,0.8161012393,-0.1833834135849999,grace,mptrj
wbm-3-3260,grace,0.9394178461,-0.02703986933999989,grace,mptrj
wbm-3-32953,grace,0.8587354112000001,-0.2517643453875,grace,mptrj
wbm-3-33052,grace,0.8780425994000001,-0.24740493210000003,grace,mptrj
wbm-3-33057,grace,0.8149097913000001,-0.2407355836366667,grace,mptrj
wbm-3-33496,grace,0.9734183556,-0.002450591760000087,grace,mptrj
wbm-3-33667,grace,0.7610154277000001,-0.37667922748249993,grace,mptrj
wbm-3-33669,grace,0.8059853397000001,-0.24517121385285737,grace,mptrj
wbm-3-33766,grace,0.7413867933,-0.11043541681875002,grace,mptrj
wbm-3-33958,grace,0.9334486077,-0.232844800234,grace,mptrj
wbm-3-34051,grace,0.9881922191,-0.042287849137142834,grace,mptrj
wbm-3-34079,grace,0.8786552407,-0.0273124237242858,grace,mptrj
wbm-3-34526,grace,0.8364732109,-0.07450035927499989,grace,mptrj
wbm-3-34928,grace,0.8369801254,-0.25427257038333284,grace,mptrj
wbm-3-35085,grace,0.9727061763,-0.0099240449908334,grace,mptrj
wbm-3-35166,grace,0.9514007497,-0.003538747349999996,grace,mptrj
wbm-3-35187,grace,0.7877729560000001,-0.08658946330600002,grace,mptrj
wbm-3-35781,grace,0.9312724309,-0.28195236920916666,grace,mptrj
wbm-3-35839,grace,0.9181935524,-0.3563022667758333,grace,mptrj
wbm-3-36237,grace,1.0020071254,0.005300056397499997,grace,mptrj
wbm-3-36320,grace,0.9269531146000001,-0.3917413470700001,grace,mptrj
wbm-3-36651,grace,0.8758013577,-0.07455556015727273,grace,mptrj
wbm-3-36996,grace,0.7887541119,-0.9427823059666665,grace,mptrj
wbm-3-37033,grace,0.9950439967,-0.321031765077,grace,mptrj
wbm-3-37063,grace,0.8397355199000001,-0.054092631575000015,grace,mptrj
wbm-3-37150,grace,0.9141285521,0.023483481816666794,grace,mptrj
wbm-3-37539,grace,1.0488180913,-0.340822052001,grace,mptrj
wbm-3-3762,grace,0.7320471678,-0.13274252807571432,grace,mptrj
wbm-3-37637,grace,0.9701641277,-0.0042083663425000134,grace,mptrj
wbm-3-37700,grace,0.8439613913,-0.018683303493750004,grace,mptrj
wbm-3-37760,grace,0.9024402216,-0.02234689668888892,grace,mptrj
wbm-3-37854,grace,0.8861262706,-0.011835145107499967,grace,mptrj
wbm-3-38201,grace,0.8811075173,-0.0032479330949999772,grace,mptrj
wbm-3-38304,grace,0.9359702993000001,-0.035000788553703664,grace,mptrj
wbm-3-38309,grace,0.9463554203000001,-0.017264289785555557,grace,mptrj
wbm-3-38620,grace,0.6274730603,-0.029241000939999928,grace,mptrj
wbm-3-38776,grace,0.9571554925,-0.24843246192000004,grace,mptrj
wbm-3-38878,grace,0.9222154096,-0.024887239344999895,grace,mptrj
wbm-3-39280,grace,0.7493648335,-0.04335558988749995,grace,mptrj
wbm-3-40020,grace,0.9757550476,-0.03954758538416663,grace,mptrj
wbm-3-40352,grace,0.8119499117000001,0.010106883635999963,grace,mptrj
wbm-3-40869,grace,0.6715324664,-0.04735025188750015,grace,mptrj
wbm-3-41021,grace,0.8200011081,-0.04901204328472216,grace,mptrj
wbm-3-41155,grace,0.7634192899000001,-0.07136078031718762,grace,mptrj
wbm-3-41162,grace,0.8422381228,-0.08431037536249976,grace,mptrj
wbm-3-41194,grace,0.6764082064,0.015052659704999865,grace,mptrj
wbm-3-41559,grace,0.9312292357,-0.00418548532999985,grace,mptrj
wbm-3-41591,grace,0.7996568066,0.011174630066666495,grace,mptrj
wbm-3-4193,grace,0.8293323238,-0.09311684073749982,grace,mptrj
wbm-3-42072,grace,0.8499821407,-0.059791133892000095,grace,mptrj
wbm-3-42429,grace,0.8977091533,0.06081299723249996,grace,mptrj
wbm-3-42516,grace,0.7227477406,0.023261621805000042,grace,mptrj
wbm-3-42538,grace,0.6680537909,-0.09289523604500012,grace,mptrj
wbm-3-42640,grace,0.7198734583,-0.014841623987499908,grace,mptrj
wbm-3-42658,grace,0.9658467913000001,-0.04100993688000006,grace,mptrj
wbm-3-42727,grace,0.8375991688000001,-0.225372010855,grace,mptrj
wbm-3-42969,grace,0.8484078482,-0.2628087204566666,grace,mptrj
wbm-3-43100,grace,0.8747858457000001,0.0017078458822222193,grace,mptrj
wbm-3-43237,grace,0.7714939355,-0.10982719944250033,grace,mptrj
wbm-3-43314,grace,1.0673261148,-0.2015482751425001,grace,mptrj
wbm-3-43330,grace,0.708781675,-0.25437288519750023,grace,mptrj
wbm-3-43872,grace,0.7157185381000001,-0.2521453827874998,grace,mptrj
wbm-3-44030,grace,0.7314704586,-0.3462672152619997,grace,mptrj
wbm-3-44054,grace,0.7525586508000001,-0.29607038416200027,grace,mptrj
wbm-3-44492,grace,0.8435713717000001,-0.3438815070689998,grace,mptrj
wbm-3-44546,grace,0.5518719303,-0.30159179726400026,grace,mptrj
wbm-3-44704,grace,1.0155284776,-0.23607453834805192,grace,mptrj
wbm-3-44894,grace,0.9464238246000001,-0.140234348145,grace,mptrj
wbm-3-44975,grace,0.8740117526000001,-0.078321646064,grace,mptrj
wbm-3-45183,grace,0.6991777189,-0.3057863926033331,grace,mptrj
wbm-3-45466,grace,0.9502032032000001,-0.07264038951299995,grace,mptrj
wbm-3-45678,grace,0.8428147601,-0.10546855652299995,grace,mptrj
wbm-3-45688,grace,0.6501374728,-0.17844744924000022,grace,mptrj
wbm-3-45998,grace,0.7135535913000001,-0.165747530989091,grace,mptrj
wbm-3-46394,grace,0.9976084746,-0.056352189764444525,grace,mptrj
wbm-3-46540,grace,0.9289718242,-0.030656355763333153,grace,mptrj
wbm-3-46685,grace,0.9005436592,-0.22173525851999992,grace,mptrj
wbm-3-46735,grace,0.87699912,-0.22534393064444438,grace,mptrj
wbm-3-47098,grace,0.9439324895000001,-0.10375568890277778,grace,mptrj
wbm-3-47103,grace,0.7624838158,-0.10304565163500001,grace,mptrj
wbm-3-47175,grace,0.8054357134,-0.10838872872833333,grace,mptrj
wbm-3-47241,grace,0.9480701345,-0.15077614544666673,grace,mptrj
wbm-3-47298,grace,0.7816674042,-0.009803863942500036,grace,mptrj
wbm-3-49919,grace,0.8864207953000001,-0.22469175609,grace,mptrj
wbm-3-4997,grace,0.7832193533,-0.09038488396166688,grace,mptrj
wbm-3-50064,grace,0.8785991001000001,0.016056204783750118,grace,mptrj
wbm-3-50205,grace,0.9684111924000001,-0.40263122668300017,grace,mptrj
wbm-3-50520,grace,0.9448166897,-0.48141967869333335,grace,mptrj
wbm-3-50670,grace,0.9247951594,-0.3350682879340002,grace,mptrj
wbm-3-51459,grace,0.850031061,-0.3409070186055556,grace,mptrj
wbm-3-51587,grace,0.9184651772,-0.37253338614400006,grace,mptrj
wbm-3-5184,grace,0.8655051307,-0.1332332816566667,grace,mptrj
wbm-3-52355,grace,1.0090680815,-0.4538272893666669,grace,mptrj
wbm-3-52431,grace,1.0033755291,-0.35624844786625004,grace,mptrj
wbm-3-52542,grace,0.8966185188,-0.45030736563125,grace,mptrj
wbm-3-52633,grace,0.9665446031,-0.40230580058499993,grace,mptrj
wbm-3-5266,grace,0.9053463797,-0.004251541870000016,grace,mptrj
wbm-3-52816,grace,0.8945061777000001,-0.4242679691481817,grace,mptrj
wbm-3-52847,grace,0.9928690595,-0.37589712650555573,grace,mptrj
wbm-3-53364,grace,0.9869264062,-0.4516831419439997,grace,mptrj
wbm-3-53557,grace,0.9765315761000001,-0.7314089246666668,grace,mptrj
wbm-3-53750,grace,0.9501818116,-0.42757342207600024,grace,mptrj
wbm-3-54048,grace,0.9642227967,-0.41970117170200016,grace,mptrj
wbm-3-54295,grace,0.909626963,-0.8640391408314814,grace,mptrj
wbm-3-54341,grace,1.0516482328,-0.42695806459299995,grace,mptrj
wbm-3-54781,grace,0.9667004323,-0.425351017633,grace,mptrj
wbm-3-54884,grace,1.0271632807,-0.4077001577459998,grace,mptrj
wbm-3-54941,grace,0.9243836765000001,-0.4237366135470003,grace,mptrj
wbm-3-54994,grace,0.8330698776000001,-0.40950636218500025,grace,mptrj
wbm-3-5506,grace,0.8943268835,-0.07642451058249998,grace,mptrj
wbm-3-55447,grace,0.9789724590000001,-0.7216873409411112,grace,mptrj
wbm-3-55539,grace,0.9818062293,-0.43673009806599977,grace,mptrj
wbm-3-55627,grace,1.0401945057,-0.4647357935753247,grace,mptrj
wbm-3-56074,grace,0.8950899935000001,-0.7782049732848487,grace,mptrj
wbm-3-56128,grace,1.0036227436,-0.45443367358916636,grace,mptrj
wbm-3-56146,grace,1.0592078339,-0.47924857644500013,grace,mptrj
wbm-3-56178,grace,0.8432480833,-0.12754145905916658,grace,mptrj
wbm-3-56716,grace,0.9378285434,-0.4016681580616666,grace,mptrj
wbm-3-56851,grace,1.0261689347,-0.4469990544450001,grace,mptrj
wbm-3-56962,grace,0.7700012623,-0.015277944084285722,grace,mptrj
wbm-3-57010,grace,0.9282087723,-0.14018747027916667,grace,mptrj
wbm-3-57180,grace,1.0139735194,-0.16296999804400003,grace,mptrj
wbm-3-57785,grace,0.6726687266,-0.060176076383333665,grace,mptrj
wbm-3-58210,grace,0.8032820561,-0.04998229474888889,grace,mptrj
wbm-3-58328,grace,0.8705681557,-0.36239981337999994,grace,mptrj
wbm-3-58361,grace,0.8069904027,-0.21922806861500002,grace,mptrj
wbm-3-59267,grace,0.8575976371,-0.05327642603777779,grace,mptrj
wbm-3-59295,grace,0.8325738866,-0.22179663087400003,grace,mptrj
wbm-3-59449,grace,0.8984702462,-0.18744682917916666,grace,mptrj
wbm-3-59466,grace,0.9334040751,-0.13004311714166655,grace,mptrj
wbm-3-595,grace,0.8743633673000001,-0.41736112891363625,grace,mptrj
wbm-3-59933,grace,0.8975857752,0.03328922378500009,grace,mptrj
wbm-3-60022,grace,0.8492814754,-0.016307170696666696,grace,mptrj
wbm-3-60241,grace,0.8306244899,0.016470772657500056,grace,mptrj
wbm-3-603,grace,0.8630361141,-0.0842629353177778,grace,mptrj
wbm-3-60446,grace,0.9135860874,-0.09203682611444447,grace,mptrj
wbm-3-61162,grace,0.9426872517,-0.04197922592166658,grace,mptrj
wbm-3-61232,grace,0.8485871115,-0.030500750339999973,grace,mptrj
wbm-3-61906,grace,0.9263070368,-0.018996173136666825,grace,mptrj
wbm-3-62045,grace,0.47250513660000004,-0.10319181371111104,grace,mptrj
wbm-3-6216,grace,0.8113239781,-0.06886041153625007,grace,mptrj
wbm-3-62502,grace,0.6506752835,0.04941328724285705,grace,mptrj
wbm-3-62783,grace,0.7878645024,-0.04048001305374989,grace,mptrj
wbm-3-62830,grace,0.8138356652000001,-0.16338128937272722,grace,mptrj
wbm-3-63055,grace,0.7576745315000001,-0.07224824672999984,grace,mptrj
wbm-3-63253,grace,0.8923575727,-0.03664020205777787,grace,mptrj
wbm-3-63360,grace,0.8230364163,-0.05616441152962958,grace,mptrj
wbm-3-63525,grace,0.6992582890000001,-0.14472891789099976,grace,mptrj
wbm-3-64157,grace,0.9491932011,-0.26441057803666657,grace,mptrj
wbm-3-64616,grace,0.7834987281,-0.3908390006287501,grace,mptrj
wbm-3-65153,grace,0.8619237768,-0.2937116567524999,grace,mptrj
wbm-3-65435,grace,0.8400463809000001,-0.35465797108055536,grace,mptrj
wbm-3-65475,grace,1.0617288685,-0.21050745703333332,grace,mptrj
wbm-3-65984,grace,0.9021218462,-0.0697575946383336,grace,mptrj
wbm-3-66716,grace,0.9360291711000001,-0.05912681263124995,grace,mptrj
wbm-3-6686,grace,0.9765453273,-0.03041285652666671,grace,mptrj
wbm-3-66915,grace,0.8557443128000001,-0.029256601735999865,grace,mptrj
wbm-3-67124,grace,0.7798969462,-0.005031279905000119,grace,mptrj
wbm-3-67497,grace,0.810446019,-0.27446109811249997,grace,mptrj
wbm-3-67713,grace,1.0718611988,-0.251892338915,grace,mptrj
wbm-3-67920,grace,0.8490707943,-0.30896785565416657,grace,mptrj
wbm-3-68136,grace,0.8681257422,-0.27327001124750006,grace,mptrj
wbm-3-68514,grace,0.8706006785,0.03370371331000004,grace,mptrj
wbm-3-68711,grace,0.8959489171,-0.07647585883142857,grace,mptrj
wbm-3-69146,grace,0.9498172664000001,0.06607830508399985,grace,mptrj
wbm-3-69202,grace,0.9387434126,-0.016917356427500075,grace,mptrj
wbm-3-69261,grace,0.7934873294,-0.018347200535714186,grace,mptrj
wbm-3-69323,grace,1.0174973467,-0.0010839226350000785,grace,mptrj
wbm-3-69961,grace,0.8958798624000001,-0.009564273782727251,grace,mptrj
wbm-3-70170,grace,0.8775834067,-0.041734871779090875,grace,mptrj
wbm-3-70189,grace,0.9204464491000001,-0.043710164204545585,grace,mptrj
wbm-3-70249,grace,0.8905426242000001,-0.026685125959999764,grace,mptrj
wbm-3-70474,grace,0.8477907602,-0.19072965438333256,grace,mptrj
wbm-3-712,grace,0.9755177552000001,-0.03970386564749999,grace,mptrj
wbm-3-71225,grace,0.8990578972000001,-0.018209118716999838,grace,mptrj
wbm-3-71404,grace,0.9311721077,0.016685852930000068,grace,mptrj
wbm-3-71848,grace,0.854205257,-0.0019446016099999852,grace,mptrj
wbm-3-71989,grace,0.8982687927,-0.03305786424999987,grace,mptrj
wbm-3-72169,grace,0.8013548351,-0.059310472815000015,grace,mptrj
wbm-3-72274,grace,0.9972790205000001,-0.03517738360249991,grace,mptrj
wbm-3-73083,grace,0.9011533525000001,0.02064416238518505,grace,mptrj
wbm-3-73636,grace,0.8912892042,-0.0371007353660001,grace,mptrj
wbm-3-73935,grace,0.9307464429000001,-0.06484160610249994,grace,mptrj
wbm-3-75010,grace,0.8894499892000001,-0.046844474573333385,grace,mptrj
wbm-3-75403,grace,0.8319819958,-0.05158754954750009,grace,mptrj
wbm-3-75540,grace,0.8227642716,-0.07607284673703694,grace,mptrj
wbm-3-75956,grace,0.8558890436000001,-0.3852987295685187,grace,mptrj
wbm-3-75983,grace,0.9238814280000001,-0.06273181877166654,grace,mptrj
wbm-3-76051,grace,0.8553176148,-0.021623118985000113,grace,mptrj
wbm-3-76585,grace,0.7726783892,-0.044185069461111226,grace,mptrj
wbm-3-76650,grace,1.0007218059,0.00925625054800001,grace,mptrj
wbm-3-76809,grace,0.9917809110000001,-0.024257385020000015,grace,mptrj
wbm-3-76971,grace,0.8717019583000001,-0.02665881687249989,grace,mptrj
wbm-3-7741,grace,0.8300482123,-0.04857607796874971,grace,mptrj
wbm-3-77528,grace,0.9290001027,-0.04026297132857144,grace,mptrj
wbm-3-77731,grace,0.9836757087,-0.04465580089375001,grace,mptrj
wbm-3-78067,grace,0.8550692534000001,-0.029325148441999925,grace,mptrj
wbm-3-78151,grace,0.8388977909,-0.04511976949499994,grace,mptrj
wbm-3-78206,grace,0.8740848309,-0.01780844003499992,grace,mptrj
wbm-3-78592,grace,0.7927590128,-0.0045227712133333025,grace,mptrj
wbm-3-79099,grace,0.8545365048,-0.06262609759333321,grace,mptrj
wbm-3-7917,grace,1.0048054192,-0.3736594023681816,grace,mptrj
wbm-3-8541,grace,0.8729870617000001,-0.07990410819363634,grace,mptrj
wbm-3-8554,grace,0.7912452647,-0.06049889383909084,grace,mptrj
wbm-3-9136,grace,0.9499013079,-0.06521014850250015,grace,mptrj
wbm-3-9227,grace,0.9325145763,-0.05793318989999996,grace,mptrj
wbm-3-924,grace,0.7588694306,-0.1271839679944447,grace,mptrj
wbm-3-9240,grace,0.742421498,0.006826032990000049,grace,mptrj
wbm-3-9643,grace,0.8129035208000001,-0.12080747425583323,grace,mptrj
wbm-3-9769,grace,0.7193632229,-0.13852470146200005,grace,mptrj
wbm-4-10054,grace,0.7668495567,-0.07456913934249995,grace,mptrj
wbm-4-10294,grace,0.9155608304,-0.48075119283333323,grace,mptrj
wbm-4-10665,grace,1.0281194783,-0.2800691169387502,grace,mptrj
wbm-4-10830,grace,0.9363872328,-0.5514660981075,grace,mptrj
wbm-4-11797,grace,0.9795024521000001,-0.04327281601874988,grace,mptrj
wbm-4-12086,grace,0.8401426177,0.0002719975466667061,grace,mptrj
wbm-4-12502,grace,0.8407791349,-0.03794712484111105,grace,mptrj
wbm-4-12573,grace,0.8259526825,0.00865159789666655,grace,mptrj
wbm-4-12645,grace,0.9199868403,0.07659247441000021,grace,mptrj
wbm-4-12995,grace,0.8513025992000001,-0.01776250548400004,grace,mptrj
wbm-4-13409,grace,0.9354763864000001,-0.03656955070142861,grace,mptrj
wbm-4-13566,grace,0.9538586035000001,-0.03492063491749997,grace,mptrj
wbm-4-14124,grace,0.9379996960000001,-0.14934793240500008,grace,mptrj
wbm-4-14376,grace,0.9229443237,-0.027981430142222208,grace,mptrj
wbm-4-14665,grace,1.0628034431,-0.16111477440749997,grace,mptrj
wbm-4-14933,grace,0.9999135880000001,-0.06512899004249997,grace,mptrj
wbm-4-15235,grace,0.9357340079,-0.03861432016000019,grace,mptrj
wbm-4-15858,grace,0.6935081641,-0.2515817631499999,grace,mptrj
wbm-4-16373,grace,0.8910903915,-0.17534926310499993,grace,mptrj
wbm-4-16740,grace,0.6867510266,-0.021159788470000093,grace,mptrj
wbm-4-16765,grace,0.8211288235,-0.09325437774250007,grace,mptrj
wbm-4-16869,grace,0.9584939871,0.0011818417283334288,grace,mptrj
wbm-4-1702,grace,0.9202214329,-0.038439169970833,grace,mptrj
wbm-4-1741,grace,0.9604050501,-0.06856370314375004,grace,mptrj
wbm-4-17711,grace,0.8583898272,-0.2815857907683333,grace,mptrj
wbm-4-17768,grace,0.9094114425000001,-0.2649802589908334,grace,mptrj
wbm-4-18135,grace,0.8679619876,-0.010428197293333242,grace,mptrj
wbm-4-18169,grace,0.8953597337,-0.0021632183583333744,grace,mptrj
wbm-4-18357,grace,0.9390531891,-0.032985872414444416,grace,mptrj
wbm-4-18483,grace,0.9756121552,-0.27495330164399995,grace,mptrj
wbm-4-18752,grace,0.6953050204,0.02045520578249995,grace,mptrj
wbm-4-18898,grace,0.9468303969,-0.03171569140300008,grace,mptrj
wbm-4-19359,grace,1.0006773397,-0.04646771420666672,grace,mptrj
wbm-4-19479,grace,1.0535072965,-0.02889218076285707,grace,mptrj
wbm-4-19743,grace,0.9669551617000001,-0.027239533111666724,grace,mptrj
wbm-4-19788,grace,0.9714459689,-0.36962814432,grace,mptrj
wbm-4-19793,grace,0.9760735135,-0.17751593191399997,grace,mptrj
wbm-4-20225,grace,0.8578011359000001,-0.0977259183911111,grace,mptrj
wbm-4-20419,grace,0.9239501515,-0.2592825371266666,grace,mptrj
wbm-4-20511,grace,0.9152197593,0.061328968529166396,grace,mptrj
wbm-4-2067,grace,0.8598110949000001,-0.03634877633833327,grace,mptrj
wbm-4-20703,grace,0.9457998386,0.10499505938200002,grace,mptrj
wbm-4-20837,grace,0.8475422649000001,-0.009340370143749999,grace,mptrj
wbm-4-21132,grace,0.8729098404000001,-0.012318086064999978,grace,mptrj
wbm-4-21175,grace,0.7063449142,0.08751157689166685,grace,mptrj
wbm-4-21368,grace,0.672942291,-0.016248010485000106,grace,mptrj
wbm-4-21376,grace,0.9570097246,0.03574403088999994,grace,mptrj
wbm-4-21871,grace,0.8060355584000001,-0.07206923092444452,grace,mptrj
wbm-4-21957,grace,0.7878052103000001,-0.2656496704012502,grace,mptrj
wbm-4-22087,grace,0.9776831135,-0.02261610613599984,grace,mptrj
wbm-4-22178,grace,0.9215839209000001,-0.3723592751710001,grace,mptrj
wbm-4-22240,grace,0.7240777286000001,-0.3779433372199999,grace,mptrj
wbm-4-22865,grace,0.8983949160000001,-0.05568653817200001,grace,mptrj
wbm-4-23032,grace,0.9553006111000001,-0.08237409182999993,grace,mptrj
wbm-4-23297,grace,0.9310492625000001,-0.06694681431333323,grace,mptrj
wbm-4-23326,grace,1.0538669469,-0.01706976168333334,grace,mptrj
wbm-4-23428,grace,0.7222931831,-0.062226792240000134,grace,mptrj
wbm-4-23579,grace,0.6645246449000001,0.03897246854333313,grace,mptrj
wbm-4-24423,grace,0.8208192967,0.007059645900000078,grace,mptrj
wbm-4-24471,grace,0.9319902473,-0.015970734251666664,grace,mptrj
wbm-4-245,grace,0.9031473596,-0.011382089014999996,grace,mptrj
wbm-4-2486,grace,0.9038871738,-0.036037049407499924,grace,mptrj
wbm-4-24976,grace,0.8912167705,-0.726452063447143,grace,mptrj
wbm-4-25275,grace,0.9739519113,-0.4602827590075,grace,mptrj
wbm-4-25460,grace,0.9825155474,-0.7542610238175,grace,mptrj
wbm-4-2551,grace,0.9277596468,-0.08303703891249983,grace,mptrj
wbm-4-25775,grace,0.9653932894,-0.31672715749272734,grace,mptrj
wbm-4-26367,grace,0.9758757845,-0.4431948041949999,grace,mptrj
wbm-4-26686,grace,0.9157623005000001,-1.1047696929933333,grace,mptrj
wbm-4-26775,grace,1.005987844,-0.44059713000999984,grace,mptrj
wbm-4-26883,grace,0.9509147427,-0.7136145430259996,grace,mptrj
wbm-4-26915,grace,0.7791287990000001,-0.35425176287666665,grace,mptrj
wbm-4-27182,grace,0.9954480083,-0.653623378978,grace,mptrj
wbm-4-27263,grace,0.854332465,-0.7008574695489997,grace,mptrj
wbm-4-27275,grace,0.9672775610000001,-0.6796408558822221,grace,mptrj
wbm-4-27736,grace,0.9810231014,-0.5634141728170002,grace,mptrj
wbm-4-27942,grace,0.8344677543,-0.540733995244,grace,mptrj
wbm-4-27954,grace,0.9774483124000001,-0.4461940852329998,grace,mptrj
wbm-4-28454,grace,0.9247192941000001,-0.10596534934800003,grace,mptrj
wbm-4-28465,grace,0.8197142885,0.0734888158909996,grace,mptrj
wbm-4-28726,grace,0.7889797337000001,-0.06805830104,grace,mptrj
wbm-4-28844,grace,0.9184510523,-0.020422406820000134,grace,mptrj
wbm-4-29036,grace,0.8418874935,-0.009510849465000071,grace,mptrj
wbm-4-29107,grace,0.9667232919000001,-0.0025509420183335387,grace,mptrj
wbm-4-29225,grace,0.7848187482000001,-0.07169255513333338,grace,mptrj
wbm-4-29341,grace,0.8529490703,-0.052141369396666686,grace,mptrj
wbm-4-29856,grace,0.9223012929000001,0.013242218424999886,grace,mptrj
wbm-4-30094,grace,0.9971991186,-0.014853994952500126,grace,mptrj
wbm-4-3031,grace,0.7399458284,-0.03335424571583339,grace,mptrj
wbm-4-3082,grace,0.9567172768000001,-0.07144051611875017,grace,mptrj
wbm-4-30986,grace,0.8419687726,0.04448492690400016,grace,mptrj
wbm-4-31067,grace,0.8594720039,-0.028761267314999995,grace,mptrj
wbm-4-31477,grace,0.8359519523000001,-0.010698089809999978,grace,mptrj
wbm-4-31779,grace,0.8170791030000001,0.013704850955000047,grace,mptrj
wbm-4-32151,grace,0.7325150091,-0.010879729525555682,grace,mptrj
wbm-4-3228,grace,0.8925385708,-0.025134349181818227,grace,mptrj
wbm-4-32502,grace,0.9931980294,-0.25553780391999975,grace,mptrj
wbm-4-32615,grace,0.8444213974,-0.23861394300166672,grace,mptrj
wbm-4-32624,grace,0.8975882536,-0.39417411599749996,grace,mptrj
wbm-4-33071,grace,0.9338004395,-0.35168423512525243,grace,mptrj
wbm-4-33100,grace,0.9019721207,-0.34056913854000015,grace,mptrj
wbm-4-33257,grace,0.8828273249,0.04499137172200009,grace,mptrj
wbm-4-33273,grace,0.2100123127,-0.11552249954074065,grace,mptrj
wbm-4-33725,grace,0.8164638919,-0.06994530512666658,grace,mptrj
wbm-4-33762,grace,0.9205676843,-0.12750506725166671,grace,mptrj
wbm-4-33836,grace,0.7675189371000001,0.013160286647500019,grace,mptrj
wbm-4-34209,grace,0.8508924254,-0.025376993069999985,grace,mptrj
wbm-4-34327,grace,0.9851699927,-0.26881441574750004,grace,mptrj
wbm-4-34644,grace,0.8511465764,-0.0005961644259997456,grace,mptrj
wbm-4-35087,grace,0.9311260697,0.023659315178888897,grace,mptrj
wbm-4-35344,grace,0.9456327418,-0.07777875310599988,grace,mptrj
wbm-4-35488,grace,0.9070745936,-0.20235120940000004,grace,mptrj
wbm-4-35828,grace,0.7608933242,-0.20471840976500016,grace,mptrj
wbm-4-36211,grace,1.0637278329,-0.43639060711249994,grace,mptrj
wbm-4-36238,grace,0.8293030905000001,-0.25244106021199997,grace,mptrj
wbm-4-36284,grace,0.9218186062,-0.110177213435,grace,mptrj
wbm-4-3650,grace,0.6927226844000001,-0.09868766516666672,grace,mptrj
wbm-4-36563,grace,0.8815616237,-0.07294545943249994,grace,mptrj
wbm-4-36886,grace,0.9057766456,-0.03800521734500002,grace,mptrj
wbm-4-38132,grace,0.8057147156000001,-0.013122290968333297,grace,mptrj
wbm-4-38261,grace,0.8719341181,-0.08089822940624991,grace,mptrj
wbm-4-38287,grace,0.9308865867,-0.04898001238148176,grace,mptrj
wbm-4-38623,grace,1.0409626698,-0.09797718980333343,grace,mptrj
wbm-4-3874,grace,1.0065351525,-0.4275710595949997,grace,mptrj
wbm-4-38916,grace,0.6415015978,-0.0008398382750005595,grace,mptrj
wbm-4-390,grace,0.8958130282000001,-0.06621158442750001,grace,mptrj
wbm-4-39018,grace,0.813057951,0.0013560383912499586,grace,mptrj
wbm-4-39340,grace,0.9616563363,-0.015497499217000055,grace,mptrj
wbm-4-39520,grace,0.9107519928000001,-0.03395641980111108,grace,mptrj
wbm-4-39553,grace,0.6979579633,0.024353757329629678,grace,mptrj
wbm-4-39788,grace,0.9190038014,0.0035915830966665395,grace,mptrj
wbm-4-39799,grace,0.9023902633,-0.03254094288000013,grace,mptrj
wbm-4-39958,grace,0.9551448852000001,-0.2287714451216665,grace,mptrj
wbm-4-4154,grace,0.8223448535000001,-0.0236585106583334,grace,mptrj
wbm-4-419,grace,0.7655123187,0.026384081639999835,grace,mptrj
wbm-4-4316,grace,0.9391191065000001,-0.0976028436183332,grace,mptrj
wbm-4-4524,grace,0.7803532698000001,-0.052367348131249734,grace,mptrj
wbm-4-4590,grace,0.8043208978,-0.1334862387849999,grace,mptrj
wbm-4-4672,grace,0.9263661332,-0.07724178018750019,grace,mptrj
wbm-4-5750,grace,0.9341886581000001,-0.033015004113333295,grace,mptrj
wbm-4-6051,grace,0.8835749168,-0.13078577584250017,grace,mptrj
wbm-4-6066,grace,0.8146463133,-0.0680582716625,grace,mptrj
wbm-4-6167,grace,0.7832423194,-0.05267190251124996,grace,mptrj
wbm-4-6225,grace,0.7969340603,-0.028956584354166717,grace,mptrj
wbm-4-631,grace,0.9151966711,-0.007442322247499966,grace,mptrj
wbm-4-6515,grace,0.8966712121,-0.2838939603039999,grace,mptrj
wbm-4-671,grace,0.9778027349,-0.035276835998333374,grace,mptrj
wbm-4-6758,grace,0.8722363254000001,-0.13799983517000017,grace,mptrj
wbm-4-7429,grace,0.9054046403,-0.006929873811666809,grace,mptrj
wbm-4-7784,grace,0.9863864231,-0.05908148626111098,grace,mptrj
wbm-4-7967,grace,0.5239837772,-0.11262369676111117,grace,mptrj
wbm-4-8012,grace,0.9362324913000001,-0.05209185588374989,grace,mptrj
wbm-4-8174,grace,0.7619272184,-0.07478318521333331,grace,mptrj
wbm-4-8734,grace,0.5506666976,-0.08502421269799981,grace,mptrj
wbm-4-9164,grace,0.7840087148,0.047669409111999954,grace,mptrj
wbm-4-9438,grace,0.9459525238000001,-0.024718056268333243,grace,mptrj
wbm-4-9479,grace,0.9031837555000001,-0.025077913246666722,grace,mptrj
wbm-4-9486,grace,0.907153003,-0.006399061936666565,grace,mptrj
wbm-4-9845,grace,0.9297010547000001,-0.14312596182833334,grace,mptrj
wbm-5-10161,grace,0.9919220486,-0.19153427650000016,grace,mptrj
wbm-5-10176,grace,0.7919985164000001,-0.0306668358099999,grace,mptrj
wbm-5-10611,grace,0.92451512,-0.23648688398,grace,mptrj
wbm-5-10798,grace,0.7585589327000001,-0.007908266467999922,grace,mptrj
wbm-5-10867,grace,0.6772866498,-0.09557031161999996,grace,mptrj
wbm-5-10869,grace,0.7579260084,-0.029474808755000127,grace,mptrj
wbm-5-1132,grace,0.9617354809,-0.03035157205125021,grace,mptrj
wbm-5-1146,grace,0.8744113011,-0.10884693444857153,grace,mptrj
wbm-5-11469,grace,0.9493791895,-0.040821110266666474,grace,mptrj
wbm-5-11500,grace,0.8912377183,-0.10024241535833328,grace,mptrj
wbm-5-11734,grace,1.0155409988,-0.00922616494500006,grace,mptrj
wbm-5-1206,grace,0.8668144445,-0.27017347552166676,grace,mptrj
wbm-5-12443,grace,0.7246926650000001,-0.010034460182500027,grace,mptrj
wbm-5-12452,grace,0.8833096325,-0.029578401185000124,grace,mptrj
wbm-5-12772,grace,0.1470260901,0.25709905311071424,grace,mptrj
wbm-5-12958,grace,0.7564916017000001,0.057081520468000024,grace,mptrj
wbm-5-12975,grace,0.7498274778,-0.08595770492812482,grace,mptrj
wbm-5-13145,grace,0.9265128499,-0.02286539963999985,grace,mptrj
wbm-5-13166,grace,0.9518542321000001,-0.03239090654875003,grace,mptrj
wbm-5-13349,grace,0.8247774152,-0.058395573870000016,grace,mptrj
wbm-5-13801,grace,0.8806908071,-0.38293563167400013,grace,mptrj
wbm-5-13950,grace,0.7685276929,-0.13485148805624947,grace,mptrj
wbm-5-14458,grace,0.8228167745,-0.02525197044250005,grace,mptrj
wbm-5-14813,grace,0.8907191240000001,-0.0064712423024999135,grace,mptrj
wbm-5-15005,grace,0.8514820894,-0.030187581890000103,grace,mptrj
wbm-5-15388,grace,0.8827452471,-0.677291939264815,grace,mptrj
wbm-5-15524,grace,1.0372198736,-0.7066776394011113,grace,mptrj
wbm-5-16875,grace,0.816551859,0.05898792471999999,grace,mptrj
wbm-5-16887,grace,0.9150071256000001,-0.023140664313749948,grace,mptrj
wbm-5-17752,grace,1.0293219596,0.020973457109999493,grace,mptrj
wbm-5-17774,grace,0.8511493472,-0.05150609317500029,grace,mptrj
wbm-5-1781,grace,0.9462280439,-0.013741170835000104,grace,mptrj
wbm-5-18074,grace,0.670026719,-0.02021053252200005,grace,mptrj
wbm-5-18353,grace,0.7934882185000001,-0.030728028780000114,grace,mptrj
wbm-5-18394,grace,0.8263004515,-0.08569490070888892,grace,mptrj
wbm-5-18629,grace,0.9004190179,-0.319796391854,grace,mptrj
wbm-5-1864,grace,0.8683344329,-0.08503231085875029,grace,mptrj
wbm-5-18736,grace,0.9056806174,-0.32801094002,grace,mptrj
wbm-5-19472,grace,0.8681948509,-0.20152615345874994,grace,mptrj
wbm-5-19507,grace,0.8511947154,-0.23530739851875007,grace,mptrj
wbm-5-19558,grace,0.9488646208,-0.19964430732749996,grace,mptrj
wbm-5-20261,grace,0.9612598335,-0.002395998091666603,grace,mptrj
wbm-5-20528,grace,0.9429320298,-0.052834767009999985,grace,mptrj
wbm-5-20727,grace,0.8945830072000001,0.06692354339833316,grace,mptrj
wbm-5-21007,grace,0.9855138082,-0.02334245281111112,grace,mptrj
wbm-5-21081,grace,0.9613328442,-0.0997572608675,grace,mptrj
wbm-5-21165,grace,0.9000992665,-0.07592538698750007,grace,mptrj
wbm-5-21710,grace,0.8631886147000001,0.020749940099999975,grace,mptrj
wbm-5-21754,grace,0.8460712752,-0.09948895037000001,grace,mptrj
wbm-5-21768,grace,1.1480764822,-0.09685989482000013,grace,mptrj
wbm-5-21918,grace,0.814714432,-0.001331325088888945,grace,mptrj
wbm-5-22235,grace,0.8043736761,-0.05222686145888902,grace,mptrj
wbm-5-22562,grace,0.8220136787000001,-0.06226622635250001,grace,mptrj
wbm-5-22642,grace,0.8055776652000001,0.08049200710833333,grace,mptrj
wbm-5-22788,grace,0.8979851599,-0.09046255722999996,grace,mptrj
wbm-5-22853,grace,0.9543570394,-0.02836768002666672,grace,mptrj
wbm-5-22992,grace,0.2518314562,-0.011762068786111178,grace,mptrj
wbm-5-23199,grace,0.9284100018,-0.01697177810000028,grace,mptrj
wbm-5-2663,grace,0.8388738119,-0.19255495571750023,grace,mptrj
wbm-5-2813,grace,0.6311394483,-0.11526191307999996,grace,mptrj
wbm-5-2829,grace,0.6254132757,-0.18573624867750027,grace,mptrj
wbm-5-2847,grace,0.8045466075000001,-0.07338359857874988,grace,mptrj
wbm-5-3057,grace,0.9829161669,-0.39602794046562495,grace,mptrj
wbm-5-3160,grace,0.9548543372,-0.09617657725250002,grace,mptrj
wbm-5-3442,grace,0.9385719957,-0.0853461697485715,grace,mptrj
wbm-5-3649,grace,0.87345689,0.02173263021666667,grace,mptrj
wbm-5-4145,grace,0.9755045392,-0.4421301070787501,grace,mptrj
wbm-5-4303,grace,1.0579491304,-0.09701563182500007,grace,mptrj
wbm-5-4413,grace,0.9169404693000001,-0.07940330061527787,grace,mptrj
wbm-5-451,grace,0.8413363936,-0.07285768255666672,grace,mptrj
wbm-5-4759,grace,0.8294980402000001,0.30526101528999977,grace,mptrj
wbm-5-5360,grace,0.8406410691,-0.05827124542098779,grace,mptrj
wbm-5-5480,grace,0.9629596198,-0.06108218825249993,grace,mptrj
wbm-5-5723,grace,0.9810632543000001,-0.011202724198888939,grace,mptrj
wbm-5-6005,grace,0.8112193274,-0.05584096065333329,grace,mptrj
wbm-5-6149,grace,0.9942401927000001,-0.8984651004237503,grace,mptrj
wbm-5-6668,grace,0.9981540966,-0.3382493348374999,grace,mptrj
wbm-5-6682,grace,0.9864423151,-0.4200821281122223,grace,mptrj
wbm-5-6789,grace,0.6185151523,-0.630071399545,grace,mptrj
wbm-5-6846,grace,1.0554776169,-0.4699020960347219,grace,mptrj
wbm-5-695,grace,0.8486899964,-0.03245908072333334,grace,mptrj
wbm-5-722,grace,0.812326458,-0.02965351904111115,grace,mptrj
wbm-5-7334,grace,0.7896672917,-0.030456179339999778,grace,mptrj
wbm-5-7532,grace,0.8354624429,-0.026323173297499825,grace,mptrj
wbm-5-7573,grace,0.9806762215,-0.10443741377999993,grace,mptrj
wbm-5-760,grace,0.9178217207,-0.047993889741111045,grace,mptrj
wbm-5-7725,grace,0.9667882358000001,-0.030235595354444436,grace,mptrj
wbm-5-8226,grace,0.8396891715,-0.05996772182555551,grace,mptrj
wbm-5-8567,grace,0.9781098979,-0.13287821750111112,grace,mptrj
wbm-5-8771,grace,0.8205195449,-0.031019318270000085,grace,mptrj
wbm-5-9104,grace,0.8338620727,0.1213538601535714,grace,mptrj
wbm-5-9173,grace,0.9485077694,-0.05856558773000007,grace,mptrj
wbm-5-9195,grace,0.5803892032,-0.08006631614250033,grace,mptrj
wbm-5-9807,grace,0.9428537844,-0.23651279521199992,grace,mptrj
wbm-5-9851,grace,0.6678765604,-0.07604755995714298,grace,mptrj
wbm-1-10040,eSEN,0.999718077,-0.020453401493999976,eSEN,mptrj
wbm-1-10104,eSEN,0.9865864279000001,0.008147460248333214,eSEN,mptrj
wbm-1-10131,eSEN,1.0097896703,0.0035188206369999382,eSEN,mptrj
wbm-1-10631,eSEN,0.9670789505,0.030077464868888903,eSEN,mptrj
wbm-1-10690,eSEN,1.0095220544,0.03957406512333333,eSEN,mptrj
wbm-1-10748,eSEN,1.0081562099,0.0018885744366667406,eSEN,mptrj
wbm-1-10973,eSEN,1.0019543185,0.017661530838333186,eSEN,mptrj
wbm-1-10992,eSEN,0.9624641859,0.03378699470277762,eSEN,mptrj
wbm-1-11087,eSEN,1.0514519604,0.021531260813888724,eSEN,mptrj
wbm-1-11317,eSEN,1.0008818593,-0.033566710438888786,eSEN,mptrj
wbm-1-11393,eSEN,0.9719590377,0.01627268398333316,eSEN,mptrj
wbm-1-11757,eSEN,1.0064705241,0.023626327620000033,eSEN,mptrj
wbm-1-11840,eSEN,1.0132433957,0.032593546288571466,eSEN,mptrj
wbm-1-12258,eSEN,1.0638571942,-0.05969009727916674,eSEN,mptrj
wbm-1-12348,eSEN,1.031426379,-0.012754244155555615,eSEN,mptrj
wbm-1-12519,eSEN,0.9539971606000001,-0.019159629685185194,eSEN,mptrj
wbm-1-12679,eSEN,0.9387112431,-0.010316022485000076,eSEN,mptrj
wbm-1-12695,eSEN,0.9419936819,-0.004709233727499829,eSEN,mptrj
wbm-1-12778,eSEN,0.9280788893,-0.08370918253500044,eSEN,mptrj
wbm-1-12786,eSEN,0.9209058966,0.004124831177499999,eSEN,mptrj
wbm-1-13108,eSEN,1.0115947139,-0.023122298908333328,eSEN,mptrj
wbm-1-13152,eSEN,1.0146196692,-0.001685208697500018,eSEN,mptrj
wbm-1-13168,eSEN,1.0024028091,-0.008128821442000032,eSEN,mptrj
wbm-1-13402,eSEN,1.031534036,-0.004281778426249971,eSEN,mptrj
wbm-1-13560,eSEN,0.9635319848,0.0005956806800000436,eSEN,mptrj
wbm-1-13566,eSEN,0.9666553085,-0.0030685670183332905,eSEN,mptrj
wbm-1-13665,eSEN,0.9862612339000001,-0.0032502846479999905,eSEN,mptrj
wbm-1-13928,eSEN,0.9608109928,-0.007504231207500034,eSEN,mptrj
wbm-1-14142,eSEN,0.9767736893000001,-0.0002004347799999214,eSEN,mptrj
wbm-1-14347,eSEN,0.9814982106000001,-0.017772663665000098,eSEN,mptrj
wbm-1-14351,eSEN,1.0972775769,0.00889038492499985,eSEN,mptrj
wbm-1-14495,eSEN,1.064002052,-0.02243612660000016,eSEN,mptrj
wbm-1-14703,eSEN,0.9676008255,0.014299770671666502,eSEN,mptrj
wbm-1-14724,eSEN,0.9917649634000001,0.004651852456666698,eSEN,mptrj
wbm-1-1523,eSEN,1.0281326152,-0.014691331025714353,eSEN,mptrj
wbm-1-15999,eSEN,1.0143119265,0.004797654190277593,eSEN,mptrj
wbm-1-16058,eSEN,1.0069725586,0.0018273541379998904,eSEN,mptrj
wbm-1-16080,eSEN,1.0084550791,-0.0015751962760000282,eSEN,mptrj
wbm-1-1660,eSEN,1.0371406026,0.015144289964999835,eSEN,mptrj
wbm-1-16938,eSEN,0.8674079444,-0.008618853477777874,eSEN,mptrj
wbm-1-16983,eSEN,0.9654672204,0.03574064933499995,eSEN,mptrj
wbm-1-17062,eSEN,0.9557616527,0.008230294525555435,eSEN,mptrj
wbm-1-17125,eSEN,1.0523268074,-0.011798996165306096,eSEN,mptrj
wbm-1-17377,eSEN,0.9259658097000001,0.046164057441999876,eSEN,mptrj
wbm-1-1791,eSEN,0.9913764077,-0.029369891736249997,eSEN,mptrj
wbm-1-1842,eSEN,1.0036747302,0.0028615899389999554,eSEN,mptrj
wbm-1-19025,eSEN,0.9418964674,-0.012074789139999976,eSEN,mptrj
wbm-1-19090,eSEN,0.9875230731,-0.04543856095249983,eSEN,mptrj
wbm-1-19173,eSEN,0.9876318231000001,-0.04427943774999976,eSEN,mptrj
wbm-1-19684,eSEN,1.0440639398,-0.011642818253333508,eSEN,mptrj
wbm-1-19969,eSEN,0.9918750223,-0.012846881382500008,eSEN,mptrj
wbm-1-20187,eSEN,1.0652737857,-0.07118242170333329,eSEN,mptrj
wbm-1-20692,eSEN,1.0053196092,0.005702982122499971,eSEN,mptrj
wbm-1-2075,eSEN,0.8932034104000001,0.018421044415714505,eSEN,mptrj
wbm-1-21546,eSEN,0.8292755716,-0.0017690046499998502,eSEN,mptrj
wbm-1-21647,eSEN,0.9547210268,-0.012823957953333397,eSEN,mptrj
wbm-1-21918,eSEN,0.9764404498,0.005461001170000079,eSEN,mptrj
wbm-1-21974,eSEN,0.9570664494000001,0.004700864086666753,eSEN,mptrj
wbm-1-22347,eSEN,1.061968008,-0.006901857531000104,eSEN,mptrj
wbm-1-22912,eSEN,0.9933025138,-0.003419850400000035,eSEN,mptrj
wbm-1-23029,eSEN,1.0616571786,-0.00971303101666668,eSEN,mptrj
wbm-1-23533,eSEN,1.0020349545,0.0075647659958332746,eSEN,mptrj
wbm-1-23543,eSEN,1.0305248852,0.02413729259250008,eSEN,mptrj
wbm-1-23636,eSEN,0.7867333198,-0.05606630580500001,eSEN,mptrj
wbm-1-24053,eSEN,1.002523862,0.034403707055000066,eSEN,mptrj
wbm-1-24503,eSEN,0.9533320768,-0.018633585692499954,eSEN,mptrj
wbm-1-24761,eSEN,1.0091319209,0.016968245581000047,eSEN,mptrj
wbm-1-25075,eSEN,1.0008858,-0.0015242268739999788,eSEN,mptrj
wbm-1-25396,eSEN,0.992393795,0.0035737961700000207,eSEN,mptrj
wbm-1-2557,eSEN,1.041917514,-0.007884143924999965,eSEN,mptrj
wbm-1-25665,eSEN,1.0126594501,0.017633508818125067,eSEN,mptrj
wbm-1-25849,eSEN,1.0236136368,0.004599581332000042,eSEN,mptrj
wbm-1-26263,eSEN,1.0040127218,0.004889494055000032,eSEN,mptrj
wbm-1-26543,eSEN,0.8616470007,-0.04935210328000004,eSEN,mptrj
wbm-1-26634,eSEN,1.0540881932,-0.042094086247499975,eSEN,mptrj
wbm-1-2722,eSEN,0.9491614848000001,-0.011052491323999974,eSEN,mptrj
wbm-1-27220,eSEN,1.007178423,0.009279173125000017,eSEN,mptrj
wbm-1-27502,eSEN,1.038368113,-0.023563502582500017,eSEN,mptrj
wbm-1-27566,eSEN,1.003959816,-0.006957616240000028,eSEN,mptrj
wbm-1-28132,eSEN,1.2545875377,-0.09944350134499987,eSEN,mptrj
wbm-1-28162,eSEN,0.9701745532,-0.013988488104999863,eSEN,mptrj
wbm-1-28291,eSEN,1.0010052916,-0.007439161881428648,eSEN,mptrj
wbm-1-28599,eSEN,1.0099040603,0.007268873157142863,eSEN,mptrj
wbm-1-29365,eSEN,1.1098362243,-0.04278406638249983,eSEN,mptrj
wbm-1-29807,eSEN,1.0481168023,-0.03049706561250014,eSEN,mptrj
wbm-1-30045,eSEN,0.9501886278,0.016625198482500044,eSEN,mptrj
wbm-1-30099,eSEN,1.0394926237,0.009396482312222076,eSEN,mptrj
wbm-1-30230,eSEN,1.0100847718,0.002170204845000079,eSEN,mptrj
wbm-1-3078,eSEN,0.8778581428000001,-0.03315145156999986,eSEN,mptrj
wbm-1-30964,eSEN,0.9907784114,-0.015716374795999997,eSEN,mptrj
wbm-1-31348,eSEN,0.957339754,-0.0022403089666667595,eSEN,mptrj
wbm-1-31767,eSEN,0.9845404512,-0.0032615904966663816,eSEN,mptrj
wbm-1-31797,eSEN,0.9037405390000001,0.12411841206700018,eSEN,mptrj
wbm-1-31867,eSEN,0.9192229001000001,-0.002436435219642874,eSEN,mptrj
wbm-1-32076,eSEN,1.0265895528,-0.0034703924062499483,eSEN,mptrj
wbm-1-32536,eSEN,1.0106708447,0.002666204706249964,eSEN,mptrj
wbm-1-32556,eSEN,1.0274789548,-0.002042261353999919,eSEN,mptrj
wbm-1-32966,eSEN,0.2606810268,-0.0010909703999999465,eSEN,mptrj
wbm-1-33026,eSEN,0.9084017679,0.00018019239999977898,eSEN,mptrj
wbm-1-33224,eSEN,0.8890241148,-0.010571400245000029,eSEN,mptrj
wbm-1-34381,eSEN,0.9633385533000001,-0.011996677947499989,eSEN,mptrj
wbm-1-34429,eSEN,1.003551684,-0.011640943351666641,eSEN,mptrj
wbm-1-34519,eSEN,1.0092521137,-0.016510173364999995,eSEN,mptrj
wbm-1-34758,eSEN,0.9855679533,0.02323709471166673,eSEN,mptrj
wbm-1-34857,eSEN,0.9620306884000001,-0.009951439107500093,eSEN,mptrj
wbm-1-35134,eSEN,1.0718655937000001,0.04387034046000018,eSEN,mptrj
wbm-1-3516,eSEN,0.9525179181000001,0.017705128439999978,eSEN,mptrj
wbm-1-3535,eSEN,0.9897667407,-0.0077060142625002236,eSEN,mptrj
wbm-1-35404,eSEN,1.0235185063,-0.00397487007571437,eSEN,mptrj
wbm-1-35738,eSEN,0.9718500172000001,-0.03385287541249991,eSEN,mptrj
wbm-1-36060,eSEN,1.0028396107,0.009450920422500042,eSEN,mptrj
wbm-1-36191,eSEN,0.9551090662,-0.027315135599999964,eSEN,mptrj
wbm-1-36764,eSEN,1.0037143236,-0.0021159040050001466,eSEN,mptrj
wbm-1-36839,eSEN,0.9656840221,0.02614726389250004,eSEN,mptrj
wbm-1-36941,eSEN,0.9361316040000001,0.030851235290277914,eSEN,mptrj
wbm-1-37204,eSEN,0.9748838836,0.020603124844166605,eSEN,mptrj
wbm-1-37361,eSEN,0.9982704126,0.002055364667500026,eSEN,mptrj
wbm-1-37528,eSEN,1.0428135042,0.00941245456166661,eSEN,mptrj
wbm-1-37838,eSEN,0.9929680973,0.0023552668841670507,eSEN,mptrj
wbm-1-38418,eSEN,0.9815816216000001,0.013252046568333143,eSEN,mptrj
wbm-1-38520,eSEN,0.9960805418,-0.033957607561666596,eSEN,mptrj
wbm-1-38808,eSEN,0.9940143360000001,0.0025566181475001077,eSEN,mptrj
wbm-1-39089,eSEN,1.0027502988,0.0144572471837499,eSEN,mptrj
wbm-1-40024,eSEN,0.9727210644000001,-0.005413783016000053,eSEN,mptrj
wbm-1-40484,eSEN,0.9995039559000001,0.0032682225949999476,eSEN,mptrj
wbm-1-40953,eSEN,0.9870772937000001,-0.004697992631249992,eSEN,mptrj
wbm-1-41091,eSEN,1.0074716964,0.0034302790475000695,eSEN,mptrj
wbm-1-41383,eSEN,0.9930167795,0.0016629487375002582,eSEN,mptrj
wbm-1-41389,eSEN,1.0041223314,-0.019723707593636227,eSEN,mptrj
wbm-1-41515,eSEN,1.0035081207,0.006319712406666866,eSEN,mptrj
wbm-1-41644,eSEN,0.9770295022000001,0.00718303581746069,eSEN,mptrj
wbm-1-42383,eSEN,0.9914968636,-0.0010018525829997315,eSEN,mptrj
wbm-1-42731,eSEN,0.9810651548,0.0010046376111112131,eSEN,mptrj
wbm-1-43066,eSEN,1.0072476431,0.005075430845000165,eSEN,mptrj
wbm-1-43649,eSEN,0.9870240403,0.02612296164833351,eSEN,mptrj
wbm-1-43796,eSEN,0.9683489511000001,-0.011453001028333293,eSEN,mptrj
wbm-1-44126,eSEN,1.0294802385,0.018275882651999992,eSEN,mptrj
wbm-1-44340,eSEN,1.0024387421,0.00017851149083322564,eSEN,mptrj
wbm-1-44478,eSEN,1.0577024388,-0.39306730998444456,eSEN,mptrj
wbm-1-44580,eSEN,1.0181554665,0.005093458709999865,eSEN,mptrj
wbm-1-44656,eSEN,0.9838839364,0.020375969360000214,eSEN,mptrj
wbm-1-45122,eSEN,0.9678749118000001,-0.004954419508,eSEN,mptrj
wbm-1-45422,eSEN,1.0006025146,-0.02042838612333324,eSEN,mptrj
wbm-1-45595,eSEN,1.1572209820000001,-0.10467354102999997,eSEN,mptrj
wbm-1-45824,eSEN,0.9476000571000001,-0.0063244430833333835,eSEN,mptrj
wbm-1-45844,eSEN,0.9047141513,-0.04083626378571432,eSEN,mptrj
wbm-1-45939,eSEN,0.9516613189,-0.0031370980658332807,eSEN,mptrj
wbm-1-45958,eSEN,0.9350005476000001,-0.000761907450000147,eSEN,mptrj
wbm-1-46061,eSEN,0.93436074,-0.04143659655999971,eSEN,mptrj
wbm-1-46063,eSEN,1.022003412,-0.016216623664999947,eSEN,mptrj
wbm-1-462,eSEN,0.9759271028000001,-0.018280629830000006,eSEN,mptrj
wbm-1-46216,eSEN,1.0261570458,0.03660397132416667,eSEN,mptrj
wbm-1-4644,eSEN,0.9580239934,-0.0034501514409090426,eSEN,mptrj
wbm-1-46479,eSEN,0.9607234078,0.002695337119999882,eSEN,mptrj
wbm-1-46897,eSEN,0.9858381034,-0.011520128891111151,eSEN,mptrj
wbm-1-47256,eSEN,0.9566067312000001,-0.012160138834999955,eSEN,mptrj
wbm-1-47271,eSEN,0.9737441907000001,0.02540558234249999,eSEN,mptrj
wbm-1-47332,eSEN,0.9839303643,0.011862152405000015,eSEN,mptrj
wbm-1-47390,eSEN,1.1288124131,-0.0015570743924999686,eSEN,mptrj
wbm-1-4748,eSEN,0.9458592865000001,0.006139843909999883,eSEN,mptrj
wbm-1-47680,eSEN,1.0278117175,-0.009257148386000153,eSEN,mptrj
wbm-1-48045,eSEN,1.0077993877,0.04101586386749982,eSEN,mptrj
wbm-1-48387,eSEN,0.9979814868,0.015924517562500018,eSEN,mptrj
wbm-1-48516,eSEN,1.1604701386,0.029867876064999875,eSEN,mptrj
wbm-1-48844,eSEN,0.9862624090000001,-0.0009417472068752097,eSEN,mptrj
wbm-1-48894,eSEN,0.9202913518,0.07033097791777784,eSEN,mptrj
wbm-1-48917,eSEN,0.9991819873000001,0.005420994098749965,eSEN,mptrj
wbm-1-48956,eSEN,1.0023550987,-0.002205173283750028,eSEN,mptrj
wbm-1-4923,eSEN,0.9668393849,-0.19651086555,eSEN,mptrj
wbm-1-4926,eSEN,0.9951026449,-0.00033935405125005145,eSEN,mptrj
wbm-1-49882,eSEN,1.0113455873,-0.00022233665611111065,eSEN,mptrj
wbm-1-50042,eSEN,1.0128959225,0.007162035305555669,eSEN,mptrj
wbm-1-5045,eSEN,0.8495321716,0.017035468826666525,eSEN,mptrj
wbm-1-50475,eSEN,1.0164700316,0.004416676912000028,eSEN,mptrj
wbm-1-5112,eSEN,1.0454608433,-0.04367098665300005,eSEN,mptrj
wbm-1-51210,eSEN,0.9288711435,-0.009771171947499813,eSEN,mptrj
wbm-1-51562,eSEN,0.8107619655,-0.025696946592500325,eSEN,mptrj
wbm-1-51828,eSEN,1.1154014103,0.00934094017999989,eSEN,mptrj
wbm-1-51920,eSEN,0.9790879763,-0.007097260955000036,eSEN,mptrj
wbm-1-52323,eSEN,0.9814920638,0.002629061344999961,eSEN,mptrj
wbm-1-5320,eSEN,1.0261350026,-0.013679451426666725,eSEN,mptrj
wbm-1-54021,eSEN,0.9939728178,0.005550438961999902,eSEN,mptrj
wbm-1-54211,eSEN,0.9858796001000001,0.00697944320000019,eSEN,mptrj
wbm-1-54223,eSEN,0.9902568486000001,0.004848073040000074,eSEN,mptrj
wbm-1-54845,eSEN,0.9453931454000001,0.01872718901714267,eSEN,mptrj
wbm-1-55055,eSEN,0.8956387675,-0.015505679926785578,eSEN,mptrj
wbm-1-55621,eSEN,0.8855114505,0.008759601064999956,eSEN,mptrj
wbm-1-55626,eSEN,0.923300424,-0.043947010303333534,eSEN,mptrj
wbm-1-55839,eSEN,0.8444086633000001,-0.0207565904648148,eSEN,mptrj
wbm-1-56095,eSEN,1.0149324171,-0.005316047526666405,eSEN,mptrj
wbm-1-56442,eSEN,0.9545456291000001,0.019261335467500106,eSEN,mptrj
wbm-1-56596,eSEN,0.9887581582,-0.006107300495555555,eSEN,mptrj
wbm-1-56597,eSEN,0.9570626032,-0.026093706945000027,eSEN,mptrj
wbm-1-5673,eSEN,1.0638872329,0.00571430766750014,eSEN,mptrj
wbm-1-5686,eSEN,0.9925921480000001,-0.01011042795599991,eSEN,mptrj
wbm-1-57622,eSEN,0.9504750070000001,0.0016964310524999247,eSEN,mptrj
wbm-1-58300,eSEN,0.9615705116000001,0.02033566551249999,eSEN,mptrj
wbm-1-58411,eSEN,0.9930921058000001,-0.02293242595499999,eSEN,mptrj
wbm-1-58431,eSEN,0.9707878267000001,-0.019146837514999977,eSEN,mptrj
wbm-1-5891,eSEN,0.9729271409,0.01983224220625009,eSEN,mptrj
wbm-1-59108,eSEN,1.0198912682,-0.041822115777499926,eSEN,mptrj
wbm-1-59510,eSEN,1.2008086127,0.03747072164749987,eSEN,mptrj
wbm-1-59715,eSEN,0.992766977,0.0033336285075000307,eSEN,mptrj
wbm-1-59754,eSEN,0.9874817453,0.0018731860479999796,eSEN,mptrj
wbm-1-59925,eSEN,1.0791891445,-0.05549778259999994,eSEN,mptrj
wbm-1-60339,eSEN,0.9422254554,0.021761209522500026,eSEN,mptrj
wbm-1-60437,eSEN,1.020391436,-0.0016596696587499516,eSEN,mptrj
wbm-1-60536,eSEN,0.9617021364,-0.05849339696666662,eSEN,mptrj
wbm-1-61353,eSEN,0.9946163370000001,-0.014698168237500031,eSEN,mptrj
wbm-1-61447,eSEN,1.0182425571,-0.007096718315833428,eSEN,mptrj
wbm-1-61492,eSEN,1.0189395447,0.002588042952500125,eSEN,mptrj
wbm-1-61567,eSEN,0.9072020284000001,-0.019903514809999835,eSEN,mptrj
wbm-1-6677,eSEN,1.0010000742,-0.02331053284166688,eSEN,mptrj
wbm-1-6831,eSEN,1.0050225141,0.014508874571818224,eSEN,mptrj
wbm-1-6877,eSEN,0.9464465357,-0.05639834806875008,eSEN,mptrj
wbm-1-7173,eSEN,0.9446727898,-0.02233862690400002,eSEN,mptrj
wbm-1-7275,eSEN,0.9967256166,-0.029533389213749928,eSEN,mptrj
wbm-1-7410,eSEN,0.9484898276,-0.004713617655000017,eSEN,mptrj
wbm-1-8359,eSEN,1.0105608656,-0.0011772904224998549,eSEN,mptrj
wbm-1-8367,eSEN,0.9849911945000001,-0.014513190258333294,eSEN,mptrj
wbm-1-9075,eSEN,0.9968814214,0.0007466741491665966,eSEN,mptrj
wbm-1-9196,eSEN,0.9344073952,0.007416462212499963,eSEN,mptrj
wbm-1-9201,eSEN,0.9454855213000001,0.004205036004999973,eSEN,mptrj
wbm-1-987,eSEN,0.9506657135000001,-0.008437021968571403,eSEN,mptrj
wbm-1-9927,eSEN,1.0041256506,0.0023622361069999087,eSEN,mptrj
wbm-2-10245,eSEN,1.0078638281,0.01202412770199995,eSEN,mptrj
wbm-2-10499,eSEN,1.0177857144,0.009238057673333265,eSEN,mptrj
wbm-2-10810,eSEN,0.8876790753,-0.02049203758333336,eSEN,mptrj
wbm-2-10923,eSEN,1.1022403778,0.05190927693541658,eSEN,mptrj
wbm-2-11068,eSEN,1.0295810639,-0.019237675608000018,eSEN,mptrj
wbm-2-11084,eSEN,0.8534159155000001,-0.004076726328000007,eSEN,mptrj
wbm-2-11128,eSEN,0.9562273713,-0.0024838761639996675,eSEN,mptrj
wbm-2-11212,eSEN,1.0801393655,-2.5500806363577442e-05,eSEN,mptrj
wbm-2-11382,eSEN,1.0020499576,0.01673397408571409,eSEN,mptrj
wbm-2-1151,eSEN,0.9949546067,-0.002898811628333379,eSEN,mptrj
wbm-2-11618,eSEN,1.0142071158,-0.024609139053333312,eSEN,mptrj
wbm-2-11694,eSEN,0.9949930233000001,0.004520663356249788,eSEN,mptrj
wbm-2-11991,eSEN,0.9852444473,-0.019470999900000053,eSEN,mptrj
wbm-2-12110,eSEN,0.9287586491,-0.049982065896666934,eSEN,mptrj
wbm-2-1217,eSEN,1.0205296496,0.005631937515000018,eSEN,mptrj
wbm-2-12245,eSEN,0.9481032819,0.008780896943333102,eSEN,mptrj
wbm-2-12407,eSEN,1.0239447201,-0.04334160779250018,eSEN,mptrj
wbm-2-12899,eSEN,1.1859563965,-0.02083484895333333,eSEN,mptrj
wbm-2-13207,eSEN,0.9539617164,-0.006723234559999961,eSEN,mptrj
wbm-2-13474,eSEN,1.0052803415,0.004267059429999965,eSEN,mptrj
wbm-2-13628,eSEN,1.0335767298,-0.03272613093166677,eSEN,mptrj
wbm-2-13632,eSEN,1.0744039961,-0.015456474008333327,eSEN,mptrj
wbm-2-13798,eSEN,0.9358153897,0.017263974729999867,eSEN,mptrj
wbm-2-13799,eSEN,0.9628287326,-0.004584010249999733,eSEN,mptrj
wbm-2-13911,eSEN,0.9956498648000001,-0.004664244862500144,eSEN,mptrj
wbm-2-14116,eSEN,0.9774864400000001,-0.02152505682749997,eSEN,mptrj
wbm-2-14733,eSEN,1.0112448175,-0.01087085156250005,eSEN,mptrj
wbm-2-14949,eSEN,0.9867113756,0.006403144962500207,eSEN,mptrj
wbm-2-14980,eSEN,0.9524427063,-0.02478244838625008,eSEN,mptrj
wbm-2-15047,eSEN,1.0419969105,0.007390836439999937,eSEN,mptrj
wbm-2-15398,eSEN,1.0843194011,0.020995898546250037,eSEN,mptrj
wbm-2-15816,eSEN,1.0092233916,0.0014985634009999417,eSEN,mptrj
wbm-2-15882,eSEN,1.0013512259,0.02349054058437494,eSEN,mptrj
wbm-2-16299,eSEN,1.0190629428,0.004009890253749937,eSEN,mptrj
wbm-2-16983,eSEN,1.0299419736,0.029274017272000064,eSEN,mptrj
wbm-2-17344,eSEN,0.9829556528000001,-0.0034803702524998314,eSEN,mptrj
wbm-2-1787,eSEN,0.9368808471000001,-0.0038337790542857623,eSEN,mptrj
wbm-2-19108,eSEN,0.9715115993000001,-0.018353196988333487,eSEN,mptrj
wbm-2-19313,eSEN,0.9859349224,0.011899290810000056,eSEN,mptrj
wbm-2-20028,eSEN,0.9241055088000001,0.04646030950000011,eSEN,mptrj
wbm-2-20166,eSEN,0.9986326317,-0.009866360244545546,eSEN,mptrj
wbm-2-20256,eSEN,0.9848522399,0.0027063455172727205,eSEN,mptrj
wbm-2-20265,eSEN,0.7745646522,0.07807916294444439,eSEN,mptrj
wbm-2-20392,eSEN,0.9443010198,-0.05320875102499993,eSEN,mptrj
wbm-2-20448,eSEN,0.9689164097,-0.0029883899550000592,eSEN,mptrj
wbm-2-20797,eSEN,0.9710752271,0.002963354346666828,eSEN,mptrj
wbm-2-21074,eSEN,1.1166338007,0.037537024843999914,eSEN,mptrj
wbm-2-21198,eSEN,1.0066315567,-0.056331092474999934,eSEN,mptrj
wbm-2-21508,eSEN,1.007541632,-0.03543434649499999,eSEN,mptrj
wbm-2-21597,eSEN,0.9141227103,0.029396028417999993,eSEN,mptrj
wbm-2-21693,eSEN,1.0327536553,0.03519203200916667,eSEN,mptrj
wbm-2-21990,eSEN,0.9743598531000001,-0.0023654073524997264,eSEN,mptrj
wbm-2-22192,eSEN,1.0211400347,-0.009806680002500113,eSEN,mptrj
wbm-2-2223,eSEN,1.009923196,0.01569407540166665,eSEN,mptrj
wbm-2-22928,eSEN,1.0829261627,-0.010454170807142773,eSEN,mptrj
wbm-2-22992,eSEN,0.9609810991000001,0.004191766289285816,eSEN,mptrj
wbm-2-2316,eSEN,1.0463706631,-0.027567604615833418,eSEN,mptrj
wbm-2-23452,eSEN,1.0036557372,-0.0006859085100000328,eSEN,mptrj
wbm-2-23794,eSEN,1.0284181954,-0.014899238037142938,eSEN,mptrj
wbm-2-23880,eSEN,0.9930113703000001,0.0008714562500001577,eSEN,mptrj
wbm-2-23973,eSEN,1.0000228675,-0.004622811398333345,eSEN,mptrj
wbm-2-24003,eSEN,0.997476796,-0.0022949162685715102,eSEN,mptrj
wbm-2-24061,eSEN,0.9988042367000001,0.001653105642499971,eSEN,mptrj
wbm-2-24501,eSEN,1.0178770843,0.0045784444510000456,eSEN,mptrj
wbm-2-24549,eSEN,1.1765597155,-0.02644590933499984,eSEN,mptrj
wbm-2-24887,eSEN,0.9834135182,-0.007384425107499926,eSEN,mptrj
wbm-2-25039,eSEN,0.9903210524,-0.004039275553333329,eSEN,mptrj
wbm-2-25087,eSEN,0.9850703326,-0.012930580754999888,eSEN,mptrj
wbm-2-25091,eSEN,0.8595294459,0.01877943325666666,eSEN,mptrj
wbm-2-25182,eSEN,1.0038796688,0.0020557345812500126,eSEN,mptrj
wbm-2-25748,eSEN,1.0818860183,0.009333044108000052,eSEN,mptrj
wbm-2-25883,eSEN,0.9239736428,-0.018217614385000046,eSEN,mptrj
wbm-2-26027,eSEN,0.9471295221,-0.016911853240000004,eSEN,mptrj
wbm-2-26175,eSEN,0.8819918678,-0.03667687458249995,eSEN,mptrj
wbm-2-26205,eSEN,0.9347848704,0.04128014331000003,eSEN,mptrj
wbm-2-26262,eSEN,1.0292499754,0.019517361037037096,eSEN,mptrj
wbm-2-26500,eSEN,0.9744698161,-0.05808884170000006,eSEN,mptrj
wbm-2-26676,eSEN,0.9955200286,0.0005125536650000129,eSEN,mptrj
wbm-2-2669,eSEN,0.9576134841,-0.010254736958333332,eSEN,mptrj
wbm-2-27233,eSEN,1.0917497768,0.02038722848999986,eSEN,mptrj
wbm-2-27460,eSEN,1.0137533475,0.03990700940636355,eSEN,mptrj
wbm-2-27581,eSEN,0.9845982616000001,0.02635210545499997,eSEN,mptrj
wbm-2-27803,eSEN,1.0511333541,0.011681054655555557,eSEN,mptrj
wbm-2-27955,eSEN,1.0580730941,-0.003733621424999889,eSEN,mptrj
wbm-2-28151,eSEN,0.9232138489,-0.0003366133124998782,eSEN,mptrj
wbm-2-28311,eSEN,1.0400785498,0.026658055399074163,eSEN,mptrj
wbm-2-28628,eSEN,1.0033228111,0.021924499190999997,eSEN,mptrj
wbm-2-28666,eSEN,0.9753454386,0.038101286674000076,eSEN,mptrj
wbm-2-29064,eSEN,0.9587842423,-0.017983950688999925,eSEN,mptrj
wbm-2-29551,eSEN,0.8888674923000001,0.08515150900666661,eSEN,mptrj
wbm-2-29590,eSEN,0.9636201158000001,-0.038093308894999914,eSEN,mptrj
wbm-2-2973,eSEN,0.9808799192000001,0.006961668175000035,eSEN,mptrj
wbm-2-30232,eSEN,1.0088439047,0.008604623654999966,eSEN,mptrj
wbm-2-30753,eSEN,0.9873794473,0.006192945996666665,eSEN,mptrj
wbm-2-31075,eSEN,0.8942764443000001,-0.037001472230000235,eSEN,mptrj
wbm-2-31128,eSEN,0.9601470196,0.01560331478555573,eSEN,mptrj
wbm-2-31420,eSEN,1.0001890695,-0.005144485454166651,eSEN,mptrj
wbm-2-31514,eSEN,1.0170788179,-0.0069745146962501,eSEN,mptrj
wbm-2-31515,eSEN,0.9810517847,-0.013878549561111144,eSEN,mptrj
wbm-2-31561,eSEN,1.028970219,0.005105587697143018,eSEN,mptrj
wbm-2-31795,eSEN,0.9449775311,-0.003221657811666627,eSEN,mptrj
wbm-2-32099,eSEN,0.9953450284,0.003602543508333156,eSEN,mptrj
wbm-2-32354,eSEN,0.9877209414,0.003241164772500049,eSEN,mptrj
wbm-2-32386,eSEN,1.0012316423,0.005824588298750122,eSEN,mptrj
wbm-2-32777,eSEN,0.9804509640000001,-0.008367745806666703,eSEN,mptrj
wbm-2-32910,eSEN,0.9191746922,0.0012057111283332014,eSEN,mptrj
wbm-2-33373,eSEN,0.9920340782,0.004146370026666841,eSEN,mptrj
wbm-2-33421,eSEN,0.9946188451,0.003225827500999969,eSEN,mptrj
wbm-2-34088,eSEN,0.9965937482,0.02112697365999992,eSEN,mptrj
wbm-2-3424,eSEN,0.9750620922000001,-0.019845425610000036,eSEN,mptrj
wbm-2-34474,eSEN,0.9986940852,0.0026788705537501125,eSEN,mptrj
wbm-2-34818,eSEN,1.0022761957,0.0038160801433332857,eSEN,mptrj
wbm-2-34985,eSEN,0.9652691576,0.008886497494166671,eSEN,mptrj
wbm-2-35177,eSEN,1.0240948163,0.0038968033136366344,eSEN,mptrj
wbm-2-35202,eSEN,1.0331009686,0.017881256866667257,eSEN,mptrj
wbm-2-35598,eSEN,0.9958609339000001,0.0029932516449999013,eSEN,mptrj
wbm-2-35958,eSEN,0.9562347368,0.009183869619000121,eSEN,mptrj
wbm-2-36105,eSEN,1.0040289311,-0.0019454957379999628,eSEN,mptrj
wbm-2-36320,eSEN,1.0031719304,-0.003504138699999777,eSEN,mptrj
wbm-2-36499,eSEN,1.0025263627,0.0017827865118183633,eSEN,mptrj
wbm-2-36606,eSEN,1.0008024747,0.010319003095000076,eSEN,mptrj
wbm-2-37493,eSEN,0.9895821236000001,-0.00123839209500017,eSEN,mptrj
wbm-2-37746,eSEN,0.9604531588,0.009882881086999973,eSEN,mptrj
wbm-2-38,eSEN,0.8793844011,-0.21046184653333336,eSEN,mptrj
wbm-2-38123,eSEN,0.9985860712000001,-0.04296982083666671,eSEN,mptrj
wbm-2-38626,eSEN,1.0568371262,-0.024204362375999936,eSEN,mptrj
wbm-2-38768,eSEN,1.0039555451,0.00028936584166660374,eSEN,mptrj
wbm-2-38824,eSEN,1.0906373745,0.01600901197666656,eSEN,mptrj
wbm-2-39093,eSEN,0.9999765128,0.014714139983333159,eSEN,mptrj
wbm-2-39277,eSEN,0.9746172793000001,-0.006288743887962872,eSEN,mptrj
wbm-2-39858,eSEN,1.0623955132,-0.009371107404166542,eSEN,mptrj
wbm-2-3987,eSEN,1.0172592087,0.015617687668000002,eSEN,mptrj
wbm-2-40383,eSEN,1.011310004,-0.03491291153900008,eSEN,mptrj
wbm-2-40651,eSEN,0.9882498030000001,-0.014570575028571398,eSEN,mptrj
wbm-2-40707,eSEN,1.0410625457,0.009964514196000137,eSEN,mptrj
wbm-2-4091,eSEN,0.8982731909,0.010324460270000202,eSEN,mptrj
wbm-2-40954,eSEN,1.0015633326,0.010974504591250068,eSEN,mptrj
wbm-2-41053,eSEN,0.9993581502000001,-0.0007252958899998773,eSEN,mptrj
wbm-2-4187,eSEN,0.9767683960000001,-0.024425973882142807,eSEN,mptrj
wbm-2-42127,eSEN,0.973796034,-0.018548165824999963,eSEN,mptrj
wbm-2-42209,eSEN,0.9845915067000001,-0.03047269821249987,eSEN,mptrj
wbm-2-42382,eSEN,0.9957000862000001,-0.004180805660833305,eSEN,mptrj
wbm-2-44123,eSEN,0.9748669503,-0.030811645555555562,eSEN,mptrj
wbm-2-44195,eSEN,0.9953179389000001,-0.03657700537999986,eSEN,mptrj
wbm-2-44473,eSEN,0.9878683867,0.004864865558749987,eSEN,mptrj
wbm-2-44832,eSEN,0.9629860253,0.004141329682499873,eSEN,mptrj
wbm-2-44888,eSEN,1.0144272525,0.004515470692500045,eSEN,mptrj
wbm-2-45158,eSEN,0.9712128784,-0.017352959455000018,eSEN,mptrj
wbm-2-45183,eSEN,0.9568653438,0.03806467240333333,eSEN,mptrj
wbm-2-45365,eSEN,0.9791763207,-0.022073825861110938,eSEN,mptrj
wbm-2-45585,eSEN,0.9129063579000001,0.008368409179999503,eSEN,mptrj
wbm-2-45645,eSEN,0.9850905311,0.005708572408571604,eSEN,mptrj
wbm-2-45772,eSEN,0.9909281317,0.004362794147999978,eSEN,mptrj
wbm-2-45812,eSEN,1.0247040467,-0.00898228763374993,eSEN,mptrj
wbm-2-46026,eSEN,1.0024416859,-0.004335829527000001,eSEN,mptrj
wbm-2-46362,eSEN,0.9696081609,-0.007736090226363631,eSEN,mptrj
wbm-2-46431,eSEN,0.9875590336000001,-0.012068863914000047,eSEN,mptrj
wbm-2-46663,eSEN,0.9957205468,-0.016177654389999997,eSEN,mptrj
wbm-2-46903,eSEN,0.9987182336,0.002868669345000067,eSEN,mptrj
wbm-2-46975,eSEN,1.0129142243,-0.031139865063333317,eSEN,mptrj
wbm-2-4763,eSEN,1.0090529773,-0.0001138121638892326,eSEN,mptrj
wbm-2-47914,eSEN,0.9465367303000001,-0.003651298635416763,eSEN,mptrj
wbm-2-48685,eSEN,0.9941577836000001,-0.04086603270416692,eSEN,mptrj
wbm-2-48699,eSEN,0.9874490256,-0.0030922277279999836,eSEN,mptrj
wbm-2-49019,eSEN,1.02371071,-0.12115698249999998,eSEN,mptrj
wbm-2-49081,eSEN,0.9838540990000001,0.0046780391716665076,eSEN,mptrj
wbm-2-49233,eSEN,0.98065955,-0.0010414974516666693,eSEN,mptrj
wbm-2-49340,eSEN,0.698371053,-0.08285258013500005,eSEN,mptrj
wbm-2-49384,eSEN,1.1052363953,-0.04739658295666676,eSEN,mptrj
wbm-2-49468,eSEN,0.9115908502000001,5.336174625001355e-05,eSEN,mptrj
wbm-2-50279,eSEN,1.0111017135,-0.0062089226724998765,eSEN,mptrj
wbm-2-50333,eSEN,1.010869574,-0.0006281447366668876,eSEN,mptrj
wbm-2-50495,eSEN,0.9708184990000001,0.003454147253333536,eSEN,mptrj
wbm-2-50655,eSEN,1.0034923105,-0.011437593790000021,eSEN,mptrj
wbm-2-51174,eSEN,0.97162886,0.0031693242855554775,eSEN,mptrj
wbm-2-5119,eSEN,1.009377881,0.009151640530909074,eSEN,mptrj
wbm-2-51568,eSEN,0.6801610991,-0.008277979638888634,eSEN,mptrj
wbm-2-51816,eSEN,1.079704461,-0.012614575152499974,eSEN,mptrj
wbm-2-51830,eSEN,0.8645189007,0.0392769460486109,eSEN,mptrj
wbm-2-51886,eSEN,0.9763691022000001,-0.055098514343333294,eSEN,mptrj
wbm-2-5191,eSEN,0.8954961463000001,0.032441336263636475,eSEN,mptrj
wbm-2-52052,eSEN,0.9134468513,0.011251080617499997,eSEN,mptrj
wbm-2-52350,eSEN,0.9869056549,0.00031681509000005544,eSEN,mptrj
wbm-2-52424,eSEN,1.009395205,-0.011737237967499991,eSEN,mptrj
wbm-2-5247,eSEN,1.0106548431,-0.003912295375000028,eSEN,mptrj
wbm-2-52502,eSEN,0.9637038136,-0.0045267952950000636,eSEN,mptrj
wbm-2-52632,eSEN,1.014831482,-0.0030656795100000526,eSEN,mptrj
wbm-2-5290,eSEN,0.9500268292,-0.06702018968399998,eSEN,mptrj
wbm-2-5804,eSEN,1.0242413234,-0.02954604700500016,eSEN,mptrj
wbm-2-6062,eSEN,1.0262029484,0.005845937446666601,eSEN,mptrj
wbm-2-6092,eSEN,0.9848977385000001,-0.00804689488666656,eSEN,mptrj
wbm-2-6110,eSEN,0.9811265757000001,-0.06556171438399985,eSEN,mptrj
wbm-2-6329,eSEN,1.0123646117,-0.027408616423750143,eSEN,mptrj
wbm-2-6620,eSEN,0.9741084012000001,-0.010458310650000002,eSEN,mptrj
wbm-2-6627,eSEN,0.9714852056000001,-0.0014492515279998486,eSEN,mptrj
wbm-2-6892,eSEN,1.0036039105,-0.003844424309999894,eSEN,mptrj
wbm-2-6906,eSEN,1.0073581437,0.022653254675555463,eSEN,mptrj
wbm-2-6947,eSEN,1.0113175097,-0.0009019628860000139,eSEN,mptrj
wbm-2-7202,eSEN,1.0101887512,-0.038578842434545374,eSEN,mptrj
wbm-2-7809,eSEN,0.9822491149,0.024781130021000096,eSEN,mptrj
wbm-2-828,eSEN,1.0173320832,-0.00047119156750001777,eSEN,mptrj
wbm-2-9248,eSEN,1.0127931338,-0.028648213050000048,eSEN,mptrj
wbm-2-9267,eSEN,0.9917615558,-0.019726265638750018,eSEN,mptrj
wbm-2-9731,eSEN,0.9694920436000001,-0.017337536360999994,eSEN,mptrj
wbm-3-10689,eSEN,0.9569495788000001,-0.04631582142999997,eSEN,mptrj
wbm-3-11165,eSEN,0.9841059541,-0.00678799580781253,eSEN,mptrj
wbm-3-11718,eSEN,0.9717249873,-0.0158153768528573,eSEN,mptrj
wbm-3-12323,eSEN,0.9200957049,0.02222295333399998,eSEN,mptrj
wbm-3-12716,eSEN,1.0031077242,-0.057169493471111145,eSEN,mptrj
wbm-3-12746,eSEN,0.942475507,-0.009966660900000025,eSEN,mptrj
wbm-3-12774,eSEN,0.9597728911000001,-0.015620419425999826,eSEN,mptrj
wbm-3-12889,eSEN,0.9957366750000001,0.015613679812500081,eSEN,mptrj
wbm-3-13114,eSEN,1.0294525333,0.021494730816666596,eSEN,mptrj
wbm-3-13317,eSEN,0.9998868366,-0.019088023879166607,eSEN,mptrj
wbm-3-13400,eSEN,0.9623559359,0.032901362528703626,eSEN,mptrj
wbm-3-13486,eSEN,0.9519451771,-0.012761670424999894,eSEN,mptrj
wbm-3-13949,eSEN,0.9776285033000001,-0.008073798673749976,eSEN,mptrj
wbm-3-13976,eSEN,0.9673113529,-0.03495016486100006,eSEN,mptrj
wbm-3-14196,eSEN,1.0102083915,-0.0018443663799999842,eSEN,mptrj
wbm-3-14217,eSEN,0.9923973605,-0.025224106887777726,eSEN,mptrj
wbm-3-1457,eSEN,0.9880065533000001,-0.023377400579999943,eSEN,mptrj
wbm-3-14648,eSEN,0.9947398696,0.012088904981250082,eSEN,mptrj
wbm-3-148,eSEN,0.9549803059,-0.0070898797374999495,eSEN,mptrj
wbm-3-14897,eSEN,1.0705210739,-0.010844629276666613,eSEN,mptrj
wbm-3-15167,eSEN,1.0254868095,-0.008527947016999953,eSEN,mptrj
wbm-3-15223,eSEN,1.044407698,-0.038594184524999964,eSEN,mptrj
wbm-3-15280,eSEN,0.9850454771,-0.061054620545000014,eSEN,mptrj
wbm-3-15327,eSEN,0.9366705593,0.08053170388833343,eSEN,mptrj
wbm-3-1552,eSEN,0.9740269734,0.017116136540740737,eSEN,mptrj
wbm-3-15643,eSEN,0.9819141339,-0.0007811488689999635,eSEN,mptrj
wbm-3-16336,eSEN,1.0022899951,-0.004672155096666704,eSEN,mptrj
wbm-3-16734,eSEN,0.9856188554,-0.004419367672857228,eSEN,mptrj
wbm-3-16816,eSEN,0.9484983286,-0.007559334021666627,eSEN,mptrj
wbm-3-1719,eSEN,0.9991415443,-0.003984228836458363,eSEN,mptrj
wbm-3-17250,eSEN,1.020383143,-0.001755380263749906,eSEN,mptrj
wbm-3-17617,eSEN,1.0229327461,-0.002562648316666749,eSEN,mptrj
wbm-3-17661,eSEN,1.0524496034,0.022918542307777696,eSEN,mptrj
wbm-3-1822,eSEN,0.954918417,-0.0167876548888889,eSEN,mptrj
wbm-3-18479,eSEN,0.9954903539000001,-0.03412900286444448,eSEN,mptrj
wbm-3-18841,eSEN,1.0106194835,-0.0008471808079366473,eSEN,mptrj
wbm-3-19096,eSEN,1.0318103,-0.007910041635555526,eSEN,mptrj
wbm-3-19145,eSEN,0.9766572352,0.03193900690833331,eSEN,mptrj
wbm-3-19453,eSEN,1.0037039935,0.007167458983333278,eSEN,mptrj
wbm-3-20198,eSEN,1.0047319702,-0.003435504296666577,eSEN,mptrj
wbm-3-20284,eSEN,1.0228002046,0.018518943295555583,eSEN,mptrj
wbm-3-20301,eSEN,0.45634218130000004,0.07585722717142912,eSEN,mptrj
wbm-3-20382,eSEN,0.9505615948,-0.017834762215833303,eSEN,mptrj
wbm-3-20528,eSEN,1.0029079468,-0.18878850264000024,eSEN,mptrj
wbm-3-20949,eSEN,0.9802432712,-0.013591430766666869,eSEN,mptrj
wbm-3-21531,eSEN,0.9932601279000001,0.004150070446666791,eSEN,mptrj
wbm-3-21627,eSEN,1.0373708168,-0.01364863205500016,eSEN,mptrj
wbm-3-21642,eSEN,0.9995266322,-0.003062234771428418,eSEN,mptrj
wbm-3-22305,eSEN,1.044494603,0.013756479868750096,eSEN,mptrj
wbm-3-22379,eSEN,1.0061131117,0.015920565653749996,eSEN,mptrj
wbm-3-2248,eSEN,0.9937444677,-0.007716353709999959,eSEN,mptrj
wbm-3-22519,eSEN,1.0194875296,0.020921881018055564,eSEN,mptrj
wbm-3-22524,eSEN,1.0130822731,0.027935907897500112,eSEN,mptrj
wbm-3-22718,eSEN,0.970254927,0.05064074247968775,eSEN,mptrj
wbm-3-22742,eSEN,0.9966211012,-0.004132844691250082,eSEN,mptrj
wbm-3-22772,eSEN,1.0322733038,-0.013831083366249785,eSEN,mptrj
wbm-3-23060,eSEN,1.0172761373,0.014996280391250139,eSEN,mptrj
wbm-3-23205,eSEN,0.9327342361000001,-0.004897826578571391,eSEN,mptrj
wbm-3-23657,eSEN,1.0164238235,0.009594679100000026,eSEN,mptrj
wbm-3-23961,eSEN,1.0135820153,-0.0016861128290907408,eSEN,mptrj
wbm-3-24482,eSEN,0.9850843244,0.025007185969999936,eSEN,mptrj
wbm-3-24541,eSEN,1.0209618556,-0.003981568477777736,eSEN,mptrj
wbm-3-25261,eSEN,1.0423896539,0.028194738728000036,eSEN,mptrj
wbm-3-25538,eSEN,0.9931390184000001,0.00011671656857136067,eSEN,mptrj
wbm-3-25577,eSEN,0.9427735015,0.018460171728571496,eSEN,mptrj
wbm-3-26237,eSEN,0.9759716189000001,0.003495500111111088,eSEN,mptrj
wbm-3-26853,eSEN,0.9843267437000001,0.017382419843055393,eSEN,mptrj
wbm-3-26855,eSEN,0.9946481487000001,0.027025346268749927,eSEN,mptrj
wbm-3-27894,eSEN,0.9652199801,0.0004950770041667478,eSEN,mptrj
wbm-3-28259,eSEN,0.9780206680000001,-0.009277318234166642,eSEN,mptrj
wbm-3-28421,eSEN,1.0141714206,-0.007530130960000036,eSEN,mptrj
wbm-3-2876,eSEN,1.0174631739,-0.0053677382614286066,eSEN,mptrj
wbm-3-29262,eSEN,1.0005401433,0.00041549325555531407,eSEN,mptrj
wbm-3-29413,eSEN,0.9802064342000001,-0.012077837564444454,eSEN,mptrj
wbm-3-2947,eSEN,0.9822414355,0.005220521325714245,eSEN,mptrj
wbm-3-29478,eSEN,0.9943464564000001,0.003940526987000084,eSEN,mptrj
wbm-3-29820,eSEN,0.9887679046000001,0.0096908146425001,eSEN,mptrj
wbm-3-29926,eSEN,0.9942169387,0.0001165354909998939,eSEN,mptrj
wbm-3-30118,eSEN,0.9551290232,0.013389340800000154,eSEN,mptrj
wbm-3-30211,eSEN,0.9873379909000001,0.025395102703000133,eSEN,mptrj
wbm-3-30339,eSEN,0.9968405418,-0.02374401015624992,eSEN,mptrj
wbm-3-30439,eSEN,1.0137796954,0.0012187349609997966,eSEN,mptrj
wbm-3-30449,eSEN,0.957512074,-0.005012924744000032,eSEN,mptrj
wbm-3-306,eSEN,0.9693175318,0.0036095139466665316,eSEN,mptrj
wbm-3-31547,eSEN,0.9653384388,-0.011612683175999975,eSEN,mptrj
wbm-3-32182,eSEN,1.2031684596,-0.015432085540000173,eSEN,mptrj
wbm-3-32371,eSEN,1.0289721457,-0.03344750410249985,eSEN,mptrj
wbm-3-3260,eSEN,1.0202348935,0.0018113875612502106,eSEN,mptrj
wbm-3-32953,eSEN,0.9412440024000001,-7.448390166651108e-05,eSEN,mptrj
wbm-3-33052,eSEN,1.0097014428,-0.027885184424999977,eSEN,mptrj
wbm-3-33057,eSEN,1.0281173995,-0.026123137275000017,eSEN,mptrj
wbm-3-33496,eSEN,0.9858412881,0.007335369199999893,eSEN,mptrj
wbm-3-33667,eSEN,1.0110600532,0.02087678818124994,eSEN,mptrj
wbm-3-33669,eSEN,0.9763495803000001,-0.0027870916614287262,eSEN,mptrj
wbm-3-33766,eSEN,0.8817507835,-0.07157246501874992,eSEN,mptrj
wbm-3-33958,eSEN,0.973139484,-0.014635787336000091,eSEN,mptrj
wbm-3-34051,eSEN,0.9908434500000001,-0.012483705752857078,eSEN,mptrj
wbm-3-34079,eSEN,0.9836479048000001,-0.019877696254285735,eSEN,mptrj
wbm-3-34526,eSEN,1.030706729,-0.00821198443166639,eSEN,mptrj
wbm-3-34928,eSEN,0.9075260098000001,0.02103141077500048,eSEN,mptrj
wbm-3-35085,eSEN,1.0444464704,-0.022982702054166814,eSEN,mptrj
wbm-3-35166,eSEN,0.9519429874,0.01259550229222227,eSEN,mptrj
wbm-3-35187,eSEN,1.04603268,-0.01106440722399988,eSEN,mptrj
wbm-3-35781,eSEN,1.0059034769,0.006923199866666667,eSEN,mptrj
wbm-3-35839,eSEN,0.9744401603,-0.027302636699166646,eSEN,mptrj
wbm-3-36237,eSEN,0.9785128739000001,0.003965507815000091,eSEN,mptrj
wbm-3-36320,eSEN,1.0049550017,0.005457606502499957,eSEN,mptrj
wbm-3-36651,eSEN,0.9769390483,-0.020178843155454537,eSEN,mptrj
wbm-3-36996,eSEN,1.0080351464,-0.93822976445,eSEN,mptrj
wbm-3-37033,eSEN,1.0055418649,0.0016103850980000091,eSEN,mptrj
wbm-3-37063,eSEN,1.0123012063,-0.008337992679999972,eSEN,mptrj
wbm-3-37150,eSEN,0.9650992776,0.011479432908333228,eSEN,mptrj
wbm-3-37539,eSEN,0.9598633830000001,0.015961109062000108,eSEN,mptrj
wbm-3-3762,eSEN,0.9640655254,0.016040678745714233,eSEN,mptrj
wbm-3-37637,eSEN,0.9176631821000001,-0.007374796343333282,eSEN,mptrj
wbm-3-37700,eSEN,0.9626847952,-0.007354323933749951,eSEN,mptrj
wbm-3-37760,eSEN,0.9789757169000001,0.014246530533333393,eSEN,mptrj
wbm-3-37854,eSEN,0.9729912499000001,-0.008131933137500002,eSEN,mptrj
wbm-3-38201,eSEN,0.9700851321,0.025513088376250038,eSEN,mptrj
wbm-3-38304,eSEN,1.0425331209,-0.007153554864814808,eSEN,mptrj
wbm-3-38309,eSEN,1.0145294738,-0.0013012308477777642,eSEN,mptrj
wbm-3-38620,eSEN,0.8592345223000001,-0.09278146545500006,eSEN,mptrj
wbm-3-38776,eSEN,1.0023376239,0.0024322897383333006,eSEN,mptrj
wbm-3-38878,eSEN,0.9226572838,0.02438691946333359,eSEN,mptrj
wbm-3-39280,eSEN,0.9507700847,-0.023894507377499964,eSEN,mptrj
wbm-3-40020,eSEN,0.9862288658,-0.002875249420000022,eSEN,mptrj
wbm-3-40352,eSEN,0.9726573538000001,0.007939318202000152,eSEN,mptrj
wbm-3-40869,eSEN,1.0495075924,0.04869062174249992,eSEN,mptrj
wbm-3-41021,eSEN,0.9063059848,0.02435502015833328,eSEN,mptrj
wbm-3-41155,eSEN,0.9855140359000001,-0.0027443477718753773,eSEN,mptrj
wbm-3-41162,eSEN,1.0738107634,-0.04119981864464276,eSEN,mptrj
wbm-3-41194,eSEN,1.0093193876,0.11801960864333327,eSEN,mptrj
wbm-3-41559,eSEN,0.9578133971,0.003396914255000283,eSEN,mptrj
wbm-3-41591,eSEN,1.0359779173,0.04335590998333343,eSEN,mptrj
wbm-3-4193,eSEN,0.9489382989,-0.02842686456499983,eSEN,mptrj
wbm-3-42072,eSEN,1.0201025923,0.016285791126000076,eSEN,mptrj
wbm-3-42429,eSEN,0.9840018567000001,0.010958515247500022,eSEN,mptrj
wbm-3-42516,eSEN,0.9428734152,0.015028916035000162,eSEN,mptrj
wbm-3-42538,eSEN,0.9620284439000001,-0.0372758009,eSEN,mptrj
wbm-3-42640,eSEN,1.0054302276,0.0199328052724999,eSEN,mptrj
wbm-3-42658,eSEN,1.0273205328,-0.003096592870000039,eSEN,mptrj
wbm-3-42727,eSEN,0.9502435417,0.03418832510833312,eSEN,mptrj
wbm-3-42969,eSEN,0.9924322267000001,0.07661287903249997,eSEN,mptrj
wbm-3-43100,eSEN,1.0136220772,0.010482456038888917,eSEN,mptrj
wbm-3-43237,eSEN,0.9820319917,0.02672273343249998,eSEN,mptrj
wbm-3-43314,eSEN,1.0459261789,0.008820353547500126,eSEN,mptrj
wbm-3-43330,eSEN,0.9333808209000001,-0.008317994760000147,eSEN,mptrj
wbm-3-43872,eSEN,0.9307089279,0.0012675285149997607,eSEN,mptrj
wbm-3-44030,eSEN,0.9408413075000001,-0.0021698813909996773,eSEN,mptrj
wbm-3-44054,eSEN,0.9268640007000001,-0.01305122285700037,eSEN,mptrj
wbm-3-44492,eSEN,0.9590231816,-0.01743628153999964,eSEN,mptrj
wbm-3-44546,eSEN,0.9102317416000001,0.009431473468000036,eSEN,mptrj
wbm-3-44704,eSEN,1.007091629,-0.01805605374805194,eSEN,mptrj
wbm-3-44894,eSEN,0.9826796313,-0.038426656128333174,eSEN,mptrj
wbm-3-44975,eSEN,0.9121412186000001,-0.02691401197700003,eSEN,mptrj
wbm-3-45183,eSEN,1.0169036072,-0.020394629849999884,eSEN,mptrj
wbm-3-45466,eSEN,0.9786938329,-0.045193604414999984,eSEN,mptrj
wbm-3-45678,eSEN,1.0251222518,-0.006342003623999943,eSEN,mptrj
wbm-3-45688,eSEN,0.8717000328000001,0.021404304845000038,eSEN,mptrj
wbm-3-45998,eSEN,0.9691822338,0.006321506941818067,eSEN,mptrj
wbm-3-46394,eSEN,1.023438343,-0.016580265512222307,eSEN,mptrj
wbm-3-46540,eSEN,1.0289619604,-0.018142075893333203,eSEN,mptrj
wbm-3-46685,eSEN,1.0059826668,0.0007086323020000051,eSEN,mptrj
wbm-3-46735,eSEN,0.9892731947000001,-0.01359515597962968,eSEN,mptrj
wbm-3-47098,eSEN,1.0473669963,-0.1095366223111111,eSEN,mptrj
wbm-3-47103,eSEN,0.8963872554000001,0.027172607139999982,eSEN,mptrj
wbm-3-47175,eSEN,0.9648397751000001,0.008143833265000093,eSEN,mptrj
wbm-3-47241,eSEN,1.0079779096,-0.0832292434266666,eSEN,mptrj
wbm-3-47298,eSEN,0.9575833618,-0.024660262568750157,eSEN,mptrj
wbm-3-49919,eSEN,1.0131394182,-0.02941711609000001,eSEN,mptrj
wbm-3-4997,eSEN,1.0333546748,-0.03665510848333326,eSEN,mptrj
wbm-3-50064,eSEN,1.0164109067,0.007983216371250056,eSEN,mptrj
wbm-3-50205,eSEN,0.9977478603000001,0.002348055853999966,eSEN,mptrj
wbm-3-50520,eSEN,0.9212505183,0.0058536563955555385,eSEN,mptrj
wbm-3-50670,eSEN,1.0016638474,-0.00014096064600011005,eSEN,mptrj
wbm-3-51459,eSEN,1.0065320679,0.013801122638888805,eSEN,mptrj
wbm-3-51587,eSEN,0.9876655112,0.011963743619999719,eSEN,mptrj
wbm-3-5184,eSEN,0.9742253749,-0.010751736265000034,eSEN,mptrj
wbm-3-52355,eSEN,1.0005331199,0.0002560811691666961,eSEN,mptrj
wbm-3-52431,eSEN,1.0113250167,0.009602442873749872,eSEN,mptrj
wbm-3-52542,eSEN,1.0018281334,0.017939105415624972,eSEN,mptrj
wbm-3-52633,eSEN,1.0251545039,0.006541275136249869,eSEN,mptrj
wbm-3-5266,eSEN,0.9695000949,-0.01663782599666662,eSEN,mptrj
wbm-3-52816,eSEN,0.970490453,0.010528605054545505,eSEN,mptrj
wbm-3-52847,eSEN,1.0039291744,0.0018975428466666876,eSEN,mptrj
wbm-3-53364,eSEN,0.9998101037,-0.0022890873149997047,eSEN,mptrj
wbm-3-53557,eSEN,1.0883813226,-0.11041411212666645,eSEN,mptrj
wbm-3-53750,eSEN,1.010080015,0.007147758025999877,eSEN,mptrj
wbm-3-54048,eSEN,1.008160645,-0.004472845833999912,eSEN,mptrj
wbm-3-54295,eSEN,0.9960572973,0.004880448220370049,eSEN,mptrj
wbm-3-54341,eSEN,0.9965568111,-0.000526621343999949,eSEN,mptrj
wbm-3-54781,eSEN,1.0227903144,0.0009605081219999789,eSEN,mptrj
wbm-3-54884,eSEN,1.0103811697,-0.001027750506999894,eSEN,mptrj
wbm-3-54941,eSEN,0.9919873802,0.0036232326569999884,eSEN,mptrj
wbm-3-54994,eSEN,0.9183350375,-0.02793443074750037,eSEN,mptrj
wbm-3-5506,eSEN,0.9868864644,0.001593003699999921,eSEN,mptrj
wbm-3-55447,eSEN,0.9984420167,0.004608509565555292,eSEN,mptrj
wbm-3-55539,eSEN,1.0074916128,-0.0006719815959998242,eSEN,mptrj
wbm-3-55627,eSEN,1.0118885435,-0.0017927238506494157,eSEN,mptrj
wbm-3-56074,eSEN,1.0217871362,-0.0019077792272728438,eSEN,mptrj
wbm-3-56128,eSEN,0.9998156432,0.0056706242383332515,eSEN,mptrj
wbm-3-56146,eSEN,1.0132347239,-0.000783687508333486,eSEN,mptrj
wbm-3-56178,eSEN,0.9647406641,0.01585136197833338,eSEN,mptrj
wbm-3-56716,eSEN,0.9900036661,0.00026307115333329043,eSEN,mptrj
wbm-3-56851,eSEN,1.0205431648,0.00802430481699993,eSEN,mptrj
wbm-3-56962,eSEN,1.0290482016,0.02902702737857114,eSEN,mptrj
wbm-3-57010,eSEN,1.0201265803,0.001676044745833395,eSEN,mptrj
wbm-3-57180,eSEN,0.9585919186,-0.019563787447999987,eSEN,mptrj
wbm-3-57785,eSEN,1.0659682847,0.011772245499999556,eSEN,mptrj
wbm-3-58210,eSEN,0.9817737833,-0.013518653057777759,eSEN,mptrj
wbm-3-58328,eSEN,0.9314746187,-0.005039197395999864,eSEN,mptrj
wbm-3-58361,eSEN,1.0229514293,-0.04105825423500011,eSEN,mptrj
wbm-3-59267,eSEN,0.9641617207000001,-0.001039009525555675,eSEN,mptrj
wbm-3-59295,eSEN,0.9309314562000001,0.0318752922760001,eSEN,mptrj
wbm-3-59449,eSEN,0.9622800521,-0.019143180539999884,eSEN,mptrj
wbm-3-59466,eSEN,1.0228472962,-0.02490228074259251,eSEN,mptrj
wbm-3-595,eSEN,0.9538580257,0.0019511550881818158,eSEN,mptrj
wbm-3-59933,eSEN,0.9865248104000001,0.011540478953333278,eSEN,mptrj
wbm-3-60022,eSEN,0.9473126833000001,0.00016818510666656293,eSEN,mptrj
wbm-3-60241,eSEN,0.945969983,-0.0029014356537500063,eSEN,mptrj
wbm-3-603,eSEN,1.011002523,0.01315219725222221,eSEN,mptrj
wbm-3-60446,eSEN,1.0980485973,-0.00038700087666675305,eSEN,mptrj
wbm-3-61162,eSEN,1.0405798245,-0.01300958545499995,eSEN,mptrj
wbm-3-61232,eSEN,0.9521196412,-0.013542585125000084,eSEN,mptrj
wbm-3-61906,eSEN,0.9750884424,-0.006788680659166602,eSEN,mptrj
wbm-3-62045,eSEN,0.5716040764,-0.030860027974999663,eSEN,mptrj
wbm-3-6216,eSEN,0.9728989794,-0.008403457103749989,eSEN,mptrj
wbm-3-62502,eSEN,0.9549624514,0.06093003956785711,eSEN,mptrj
wbm-3-62783,eSEN,0.9556785396,-0.0068526708862499675,eSEN,mptrj
wbm-3-62830,eSEN,0.9557500011000001,-0.04231962096090895,eSEN,mptrj
wbm-3-63055,eSEN,0.9147004759,-0.030662213119999865,eSEN,mptrj
wbm-3-63253,eSEN,1.0406132895,-0.003765377955555651,eSEN,mptrj
wbm-3-63360,eSEN,0.9715779564,0.013072426474073863,eSEN,mptrj
wbm-3-63525,eSEN,0.8911178504,0.02165493970400007,eSEN,mptrj
wbm-3-64157,eSEN,0.9944325247,0.0013104490616666336,eSEN,mptrj
wbm-3-64616,eSEN,1.001503712,-0.009569552153750039,eSEN,mptrj
wbm-3-65153,eSEN,0.9068768880000001,-0.02745451162874999,eSEN,mptrj
wbm-3-65435,eSEN,0.9816729043,0.08984054738055548,eSEN,mptrj
wbm-3-65475,eSEN,0.9221647420000001,0.04604243156944429,eSEN,mptrj
wbm-3-65984,eSEN,0.9375922643000001,-0.007354703195000075,eSEN,mptrj
wbm-3-66716,eSEN,1.017419595,-0.030035189933749873,eSEN,mptrj
wbm-3-6686,eSEN,1.0378391531,-0.05590551151333306,eSEN,mptrj
wbm-3-66915,eSEN,0.9633745637000001,0.0032006909900000836,eSEN,mptrj
wbm-3-67124,eSEN,1.0838777058,-0.01396631564333326,eSEN,mptrj
wbm-3-67497,eSEN,0.9864147471,0.014100497068750162,eSEN,mptrj
wbm-3-67713,eSEN,1.018090524,-0.045144901480000055,eSEN,mptrj
wbm-3-67920,eSEN,0.9729879302000001,-0.022597664923333247,eSEN,mptrj
wbm-3-68136,eSEN,0.9813022379,-0.023374363981250035,eSEN,mptrj
wbm-3-68514,eSEN,0.9814835791000001,-0.00992382568666667,eSEN,mptrj
wbm-3-68711,eSEN,0.9954015112000001,-0.040949869402857074,eSEN,mptrj
wbm-3-69146,eSEN,1.013228732,-0.003034655294000075,eSEN,mptrj
wbm-3-69202,eSEN,1.0039150172,-0.037745491817499935,eSEN,mptrj
wbm-3-69261,eSEN,0.9692587734,-0.041771686489999994,eSEN,mptrj
wbm-3-69323,eSEN,0.9784549881000001,-0.008544409703333323,eSEN,mptrj
wbm-3-69961,eSEN,0.9737251575,-0.016324968385454754,eSEN,mptrj
wbm-3-70170,eSEN,0.9566632368,-0.0016171922954545048,eSEN,mptrj
wbm-3-70189,eSEN,1.00040806,-0.002718641118181996,eSEN,mptrj
wbm-3-70249,eSEN,1.0045309188,-0.0027640573927269233,eSEN,mptrj
wbm-3-70474,eSEN,1.1027238857,0.0021224798833342127,eSEN,mptrj
wbm-3-712,eSEN,0.9754911605000001,-0.013737986943749902,eSEN,mptrj
wbm-3-71225,eSEN,0.9834266855,-0.0005501798099999178,eSEN,mptrj
wbm-3-71404,eSEN,0.9972026739000001,-0.04811776748249992,eSEN,mptrj
wbm-3-71848,eSEN,1.0014244077,-0.012909067521249895,eSEN,mptrj
wbm-3-71989,eSEN,1.0082506584,-0.018138702213999876,eSEN,mptrj
wbm-3-72169,eSEN,0.9985867462,0.00837439077500024,eSEN,mptrj
wbm-3-72274,eSEN,0.9411683731,-0.04563279317999989,eSEN,mptrj
wbm-3-73083,eSEN,0.8579771148,0.004836026433333247,eSEN,mptrj
wbm-3-73636,eSEN,0.9832712075000001,-0.015256888466000157,eSEN,mptrj
wbm-3-73935,eSEN,1.0118671735,0.005613283102499977,eSEN,mptrj
wbm-3-75010,eSEN,1.0063719877,0.027691141553333173,eSEN,mptrj
wbm-3-75403,eSEN,1.0548052893,0.004739744676250002,eSEN,mptrj
wbm-3-75540,eSEN,1.2271377949,0.0012502213925925365,eSEN,mptrj
wbm-3-75956,eSEN,0.9940668298,-0.01734693776296291,eSEN,mptrj
wbm-3-75983,eSEN,0.9967860164000001,-0.009136996106666474,eSEN,mptrj
wbm-3-76051,eSEN,0.9598458844000001,-0.01431657278499987,eSEN,mptrj
wbm-3-76585,eSEN,0.9398927089,-0.06796559811944429,eSEN,mptrj
wbm-3-76650,eSEN,0.9859972039,0.013029095659999984,eSEN,mptrj
wbm-3-76809,eSEN,0.9992410576,-0.006618873642000053,eSEN,mptrj
wbm-3-76971,eSEN,1.0142016309,-0.01399028847499988,eSEN,mptrj
wbm-3-7741,eSEN,0.671858994,0.08847911282291705,eSEN,mptrj
wbm-3-77528,eSEN,0.9965047225,-0.016162508164285782,eSEN,mptrj
wbm-3-77731,eSEN,1.0133934233,-0.0003982973374999421,eSEN,mptrj
wbm-3-78067,eSEN,0.9756246314,-0.00515520505299996,eSEN,mptrj
wbm-3-78151,eSEN,0.9734300897,-0.02722087865750007,eSEN,mptrj
wbm-3-78206,eSEN,0.9850082808,0.006679019813333476,eSEN,mptrj
wbm-3-78592,eSEN,1.0127589358,0.01273822970999987,eSEN,mptrj
wbm-3-79099,eSEN,0.9862927387,0.00882805794500013,eSEN,mptrj
wbm-3-7917,eSEN,1.004064375,0.0019621972436364775,eSEN,mptrj
wbm-3-8541,eSEN,0.9941036926000001,-0.0450801853809092,eSEN,mptrj
wbm-3-8554,eSEN,0.9710594457,-0.004789696014545086,eSEN,mptrj
wbm-3-9136,eSEN,1.027752208,-0.04029795319250003,eSEN,mptrj
wbm-3-9227,eSEN,1.0271996252,-0.014206490155000041,eSEN,mptrj
wbm-3-924,eSEN,0.9711977204000001,-0.048360804420833486,eSEN,mptrj
wbm-3-9240,eSEN,0.9429973929000001,0.04559980209666676,eSEN,mptrj
wbm-3-9643,eSEN,0.9897883057,-0.05464082945166654,eSEN,mptrj
wbm-3-9769,eSEN,0.8748561681,-0.013180468731999895,eSEN,mptrj
wbm-4-10054,eSEN,0.8813168246,-0.04017177644500003,eSEN,mptrj
wbm-4-10294,eSEN,1.0322678623,-0.06001622648166655,eSEN,mptrj
wbm-4-10665,eSEN,0.9993234835,0.0006585580862500606,eSEN,mptrj
wbm-4-10830,eSEN,1.004918081,0.008245307361249931,eSEN,mptrj
wbm-4-11797,eSEN,1.0495491794,-0.013696410828749884,eSEN,mptrj
wbm-4-12086,eSEN,0.8794597424,0.05474157806249996,eSEN,mptrj
wbm-4-12502,eSEN,0.9912209620000001,-0.021667190499999992,eSEN,mptrj
wbm-4-12573,eSEN,0.9470437837000001,0.01697181857555555,eSEN,mptrj
wbm-4-12645,eSEN,0.7454201787,0.2748389208375002,eSEN,mptrj
wbm-4-12995,eSEN,0.97280527,0.007059580491999959,eSEN,mptrj
wbm-4-13409,eSEN,1.0051247054,0.011793499595714301,eSEN,mptrj
wbm-4-13566,eSEN,1.0237170716,0.0039193464812502295,eSEN,mptrj
wbm-4-14124,eSEN,1.0129685772,-0.053740557620000205,eSEN,mptrj
wbm-4-14376,eSEN,0.9823708310000001,-0.0006059505022222645,eSEN,mptrj
wbm-4-14665,eSEN,1.1425255113000001,-0.05219290944499999,eSEN,mptrj
wbm-4-14933,eSEN,1.008856083,-0.05116398086499992,eSEN,mptrj
wbm-4-15235,eSEN,0.9665509596,-0.031189928913333397,eSEN,mptrj
wbm-4-15858,eSEN,1.0016761977,-0.03071422910583319,eSEN,mptrj
wbm-4-16373,eSEN,1.0251064733,-0.01837332005750003,eSEN,mptrj
wbm-4-16740,eSEN,0.9670778402,0.04054237651166659,eSEN,mptrj
wbm-4-16765,eSEN,0.9611960867,-0.08324717939,eSEN,mptrj
wbm-4-16869,eSEN,1.0019680086,-0.023080763303333047,eSEN,mptrj
wbm-4-1702,eSEN,1.0350779104,0.005860325900000222,eSEN,mptrj
wbm-4-1741,eSEN,1.1037020748,-0.06982090885625007,eSEN,mptrj
wbm-4-17711,eSEN,0.9598591071,-0.019415808225000043,eSEN,mptrj
wbm-4-17768,eSEN,0.9672831296000001,-0.0016153694416665588,eSEN,mptrj
wbm-4-18135,eSEN,0.9384369830000001,0.0032532796183334747,eSEN,mptrj
wbm-4-18169,eSEN,0.9778067474000001,0.01924000017333339,eSEN,mptrj
wbm-4-18357,eSEN,1.0378971514,-0.02760656418666664,eSEN,mptrj
wbm-4-18483,eSEN,1.0074040647,-0.0015672146139999656,eSEN,mptrj
wbm-4-18752,eSEN,0.9749330505,-0.07019181345250018,eSEN,mptrj
wbm-4-18898,eSEN,0.8882166409000001,0.02479741828400009,eSEN,mptrj
wbm-4-19359,eSEN,0.9861873126,-0.02002121870333345,eSEN,mptrj
wbm-4-19479,eSEN,1.0640335175,-0.01833592261714284,eSEN,mptrj
wbm-4-19743,eSEN,1.0053452936,-0.0027151333083333287,eSEN,mptrj
wbm-4-19788,eSEN,1.0428942879,0.021683958562222234,eSEN,mptrj
wbm-4-19793,eSEN,1.0016573049,0.003667185977999985,eSEN,mptrj
wbm-4-20225,eSEN,0.9615358427,0.007529436853333256,eSEN,mptrj
wbm-4-20419,eSEN,1.0220240562,0.017031941564166608,eSEN,mptrj
wbm-4-20511,eSEN,1.0436053928,-0.021824059762500347,eSEN,mptrj
wbm-4-2067,eSEN,1.010264265,0.004024440375833412,eSEN,mptrj
wbm-4-20703,eSEN,1.1529195981,0.011139133169999909,eSEN,mptrj
wbm-4-20837,eSEN,1.0989985598,0.006669695318749946,eSEN,mptrj
wbm-4-21132,eSEN,1.020618044,-0.01778562412750002,eSEN,mptrj
wbm-4-21175,eSEN,1.010344716,0.05008246478125026,eSEN,mptrj
wbm-4-21368,eSEN,1.0149777274,-0.01281125256666679,eSEN,mptrj
wbm-4-21376,eSEN,1.0149011446,-0.01878842478666686,eSEN,mptrj
wbm-4-21871,eSEN,1.0000675367,0.007472284972222257,eSEN,mptrj
wbm-4-21957,eSEN,0.9124205631000001,-0.02383177634624989,eSEN,mptrj
wbm-4-22087,eSEN,0.9632499459,0.04947313523600016,eSEN,mptrj
wbm-4-22178,eSEN,0.9951671165,-0.0006196117709998816,eSEN,mptrj
wbm-4-22240,eSEN,0.9408489983,-0.002240386397499794,eSEN,mptrj
wbm-4-22865,eSEN,1.0122817265,0.016454349725000268,eSEN,mptrj
wbm-4-23032,eSEN,1.0132439531,-0.0014265804416663623,eSEN,mptrj
wbm-4-23297,eSEN,1.0092202095,-0.011175209871666661,eSEN,mptrj
wbm-4-23326,eSEN,1.0074380629,-0.02416243318666673,eSEN,mptrj
wbm-4-23428,eSEN,0.9276181341,0.031635514863333235,eSEN,mptrj
wbm-4-23579,eSEN,0.912613015,0.01289510551166669,eSEN,mptrj
wbm-4-24423,eSEN,0.9746192019000001,0.013088645365000007,eSEN,mptrj
wbm-4-24471,eSEN,1.0045923596,0.005136053596666557,eSEN,mptrj
wbm-4-245,eSEN,0.9786232221000001,-0.025560499002500014,eSEN,mptrj
wbm-4-2486,eSEN,0.9603143921,0.006617197104999839,eSEN,mptrj
wbm-4-24976,eSEN,0.9877182947,-0.024445764024285666,eSEN,mptrj
wbm-4-25275,eSEN,0.9955597213,-0.002412169163333407,eSEN,mptrj
wbm-4-25460,eSEN,0.9677682631000001,0.009365963233333356,eSEN,mptrj
wbm-4-2551,eSEN,0.9688529155000001,-0.023757844722499755,eSEN,mptrj
wbm-4-25775,eSEN,1.001650359,0.011115111295454613,eSEN,mptrj
wbm-4-26367,eSEN,0.9907353866,-0.0026932342150000465,eSEN,mptrj
wbm-4-26686,eSEN,1.0055522013,0.0147823539344442,eSEN,mptrj
wbm-4-26775,eSEN,1.0035789185,0.00028631099666682753,eSEN,mptrj
wbm-4-26883,eSEN,0.9975191338,0.009742037077000276,eSEN,mptrj
wbm-4-26915,eSEN,0.9911711731,0.0447713892311111,eSEN,mptrj
wbm-4-27182,eSEN,0.9958426489000001,0.0009992015759998196,eSEN,mptrj
wbm-4-27263,eSEN,0.9878680306000001,0.005766163302999985,eSEN,mptrj
wbm-4-27275,eSEN,0.9735896558,0.002062838070000023,eSEN,mptrj
wbm-4-27736,eSEN,0.9808467213000001,0.014868317804999975,eSEN,mptrj
wbm-4-27942,eSEN,0.9788398225,0.006213162928999907,eSEN,mptrj
wbm-4-27954,eSEN,1.0128396107,-0.001131743352000001,eSEN,mptrj
wbm-4-28454,eSEN,0.9246116479,-0.01929857340200009,eSEN,mptrj
wbm-4-28465,eSEN,0.9771105375,0.08530716904299979,eSEN,mptrj
wbm-4-28726,eSEN,0.9830039464,-0.036252910124999836,eSEN,mptrj
wbm-4-28844,eSEN,0.9851270324,-0.006254072418000049,eSEN,mptrj
wbm-4-29036,eSEN,0.9667032134,0.038074957859999925,eSEN,mptrj
wbm-4-29107,eSEN,0.9951569845,0.04114234427666664,eSEN,mptrj
wbm-4-29225,eSEN,0.9753705183,0.008424742305833276,eSEN,mptrj
wbm-4-29341,eSEN,1.0425216562,-0.010725169803333282,eSEN,mptrj
wbm-4-29856,eSEN,1.0084716974,0.025239189614999935,eSEN,mptrj
wbm-4-30094,eSEN,1.0081932466,-0.004984937451250104,eSEN,mptrj
wbm-4-3031,eSEN,0.9575897744,0.011217115717500073,eSEN,mptrj
wbm-4-3082,eSEN,0.9910262578000001,-0.02100304379500013,eSEN,mptrj
wbm-4-30986,eSEN,1.0905556427,0.02525473199000004,eSEN,mptrj
wbm-4-31067,eSEN,1.0153922289,0.02375646851875022,eSEN,mptrj
wbm-4-31477,eSEN,0.9633301406,0.004896177030000182,eSEN,mptrj
wbm-4-31779,eSEN,0.8788334157000001,-0.010497605629999907,eSEN,mptrj
wbm-4-32151,eSEN,0.990060028,-0.004133372063333319,eSEN,mptrj
wbm-4-3228,eSEN,0.9927155874,0.01001182122727277,eSEN,mptrj
wbm-4-32502,eSEN,0.9944471621000001,0.002425872973333417,eSEN,mptrj
wbm-4-32615,eSEN,0.9567338844000001,0.0021967017600000344,eSEN,mptrj
wbm-4-32624,eSEN,0.9768644360000001,-0.002208756764999986,eSEN,mptrj
wbm-4-33071,eSEN,1.0133639126,0.02749419860404041,eSEN,mptrj
wbm-4-33100,eSEN,0.9906068789,0.005370052501999822,eSEN,mptrj
wbm-4-33257,eSEN,1.0059921429,-0.015825912971999898,eSEN,mptrj
wbm-4-33273,eSEN,0.5948814009,0.09728401798888842,eSEN,mptrj
wbm-4-33725,eSEN,0.9447021301,-0.012598424397777879,eSEN,mptrj
wbm-4-33762,eSEN,1.0262867872,0.01461623138333342,eSEN,mptrj
wbm-4-33836,eSEN,0.9476919302000001,0.030624551532499922,eSEN,mptrj
wbm-4-34209,eSEN,0.9121662336,-0.0017506546249999033,eSEN,mptrj
wbm-4-34327,eSEN,1.0184771707,0.006178056057499948,eSEN,mptrj
wbm-4-34644,eSEN,0.9614775645,-0.0066861923299995855,eSEN,mptrj
wbm-4-35087,eSEN,1.0235216897,-0.013727434241111069,eSEN,mptrj
wbm-4-35344,eSEN,1.0459890335,-0.06402179079600004,eSEN,mptrj
wbm-4-35488,eSEN,0.9834293657000001,0.023649540913333388,eSEN,mptrj
wbm-4-35828,eSEN,0.9362971572000001,-0.07013008954750015,eSEN,mptrj
wbm-4-36211,eSEN,1.0158218015,0.011288324742500012,eSEN,mptrj
wbm-4-36238,eSEN,1.0325170396,-0.01147495821999989,eSEN,mptrj
wbm-4-36284,eSEN,0.9788462670000001,-0.04529818356625004,eSEN,mptrj
wbm-4-3650,eSEN,0.9343725223,-0.007918038606666518,eSEN,mptrj
wbm-4-36563,eSEN,1.0131653201,-0.027096178789999925,eSEN,mptrj
wbm-4-36886,eSEN,0.9615648187,0.006998590733999918,eSEN,mptrj
wbm-4-38132,eSEN,0.9520341756,-0.019230016243333262,eSEN,mptrj
wbm-4-38261,eSEN,0.9736370479,-0.03488773646124983,eSEN,mptrj
wbm-4-38287,eSEN,0.9888150846,-0.004783340672222241,eSEN,mptrj
wbm-4-38623,eSEN,1.0313502515,-0.09570846351666684,eSEN,mptrj
wbm-4-3874,eSEN,0.9949657999,2.2606519000163416e-05,eSEN,mptrj
wbm-4-38916,eSEN,0.7353932205,5.552743333285074e-05,eSEN,mptrj
wbm-4-390,eSEN,1.0127258384,-0.014862047357500014,eSEN,mptrj
wbm-4-39018,eSEN,0.9888451105,-0.0066227375049999985,eSEN,mptrj
wbm-4-39340,eSEN,0.9963624986,-0.019311494303000033,eSEN,mptrj
wbm-4-39520,eSEN,0.9385984217000001,-0.024008002185555613,eSEN,mptrj
wbm-4-39553,eSEN,0.9838324503,-0.024902778537037124,eSEN,mptrj
wbm-4-39788,eSEN,1.021734835,-0.003429247123333508,eSEN,mptrj
wbm-4-39799,eSEN,0.9355369179,-0.024701215392500232,eSEN,mptrj
wbm-4-39958,eSEN,0.9890071791,-0.00028103002416652125,eSEN,mptrj
wbm-4-4154,eSEN,0.9584859255,0.012971694096666535,eSEN,mptrj
wbm-4-419,eSEN,0.40495422270000003,0.17145168575000014,eSEN,mptrj
wbm-4-4316,eSEN,1.0512611836,-0.03425858984166652,eSEN,mptrj
wbm-4-4524,eSEN,0.9680400664000001,0.008816853050000203,eSEN,mptrj
wbm-4-4590,eSEN,0.9758034350000001,-0.016345168004999935,eSEN,mptrj
wbm-4-4672,eSEN,1.0189647402,-0.04321237130250015,eSEN,mptrj
wbm-4-5750,eSEN,1.0132214682,-0.010035631526666637,eSEN,mptrj
wbm-4-6051,eSEN,1.0016484907,-0.04772934418500019,eSEN,mptrj
wbm-4-6066,eSEN,0.9517669102,-0.027048414592499938,eSEN,mptrj
wbm-4-6167,eSEN,0.9305001013,-0.0018994727900000009,eSEN,mptrj
wbm-4-6225,eSEN,0.9305012823000001,-0.0029390505430556425,eSEN,mptrj
wbm-4-631,eSEN,0.9720067067,0.0261813797424999,eSEN,mptrj
wbm-4-6515,eSEN,0.9914896870000001,-0.0002536169599999738,eSEN,mptrj
wbm-4-671,eSEN,1.0067562935,0.0016624673283334463,eSEN,mptrj
wbm-4-6758,eSEN,0.9713527681,0.07486993614999969,eSEN,mptrj
wbm-4-7429,eSEN,0.9722172652000001,0.028545526455000095,eSEN,mptrj
wbm-4-7784,eSEN,0.9862976231,-0.01876634876999977,eSEN,mptrj
wbm-4-7967,eSEN,0.9241268405,-0.04114510936388912,eSEN,mptrj
wbm-4-8012,eSEN,0.9626820608000001,-0.03120714836124989,eSEN,mptrj
wbm-4-8174,eSEN,1.0104147124,0.00048039492999987966,eSEN,mptrj
wbm-4-8734,eSEN,0.7332923546,0.04249907845600006,eSEN,mptrj
wbm-4-9164,eSEN,1.0484286451,-0.021448074053999948,eSEN,mptrj
wbm-4-9438,eSEN,1.020803633,-0.008526643708333262,eSEN,mptrj
wbm-4-9479,eSEN,0.9641421978,-0.0003269108000000761,eSEN,mptrj
wbm-4-9486,eSEN,0.9776769701,0.003807867389166712,eSEN,mptrj
wbm-4-9845,eSEN,1.0262522588,0.00410110108749991,eSEN,mptrj
wbm-5-10161,eSEN,0.8743230461,-0.0003978848416667328,eSEN,mptrj
wbm-5-10176,eSEN,0.8928799398,-0.023452321638333256,eSEN,mptrj
wbm-5-10611,eSEN,0.9942503213,-0.00525123158111115,eSEN,mptrj
wbm-5-10798,eSEN,1.1409297805,0.10418322412599998,eSEN,mptrj
wbm-5-10867,eSEN,0.9121301048,-0.013998898755000067,eSEN,mptrj
wbm-5-10869,eSEN,0.9743302501000001,-0.023577975682499995,eSEN,mptrj
wbm-5-1132,eSEN,0.9937073431000001,-0.010034644871250187,eSEN,mptrj
wbm-5-1146,eSEN,0.9942283116,-0.02410119253857153,eSEN,mptrj
wbm-5-11469,eSEN,0.9690823325000001,-0.0060553305216666095,eSEN,mptrj
wbm-5-11500,eSEN,0.9584860115,0.0011024864349999794,eSEN,mptrj
wbm-5-11734,eSEN,0.9960173447,-0.00024236530375003617,eSEN,mptrj
wbm-5-1206,eSEN,0.9726233453,0.015940538228333287,eSEN,mptrj
wbm-5-12443,eSEN,0.9315365120000001,0.03882647987250003,eSEN,mptrj
wbm-5-12452,eSEN,1.0394923825,0.00393256356249978,eSEN,mptrj
wbm-5-12772,eSEN,0.6395723185000001,0.0015464830535713808,eSEN,mptrj
wbm-5-12958,eSEN,1.0282137601,-0.0027960535920000494,eSEN,mptrj
wbm-5-12975,eSEN,1.0085804737,0.016167211628125067,eSEN,mptrj
wbm-5-13145,eSEN,1.0688561693,0.030679199517499887,eSEN,mptrj
wbm-5-13166,eSEN,1.2479121143,0.06398789065499999,eSEN,mptrj
wbm-5-13349,eSEN,1.0611621115,0.020291710667777667,eSEN,mptrj
wbm-5-13801,eSEN,1.0665596154,-0.015666434448000074,eSEN,mptrj
wbm-5-13950,eSEN,0.9686203031,-0.006915392426249678,eSEN,mptrj
wbm-5-14458,eSEN,0.9751520111,-0.023082672832500074,eSEN,mptrj
wbm-5-14813,eSEN,0.9889219775,0.006913455828749982,eSEN,mptrj
wbm-5-15005,eSEN,1.0059452007,-0.004919583125000138,eSEN,mptrj
wbm-5-15388,eSEN,0.9785957819000001,0.04431136330370374,eSEN,mptrj
wbm-5-15524,eSEN,0.9915115238000001,0.010972425537777516,eSEN,mptrj
wbm-5-16875,eSEN,0.9446619236,0.00906858154750001,eSEN,mptrj
wbm-5-16887,eSEN,0.9874614154,-0.009731047665000058,eSEN,mptrj
wbm-5-17752,eSEN,1.2137502618,0.021183929872499972,eSEN,mptrj
wbm-5-17774,eSEN,0.9061811137,-0.05505917405000001,eSEN,mptrj
wbm-5-1781,eSEN,0.9540549142,0.002053039929999967,eSEN,mptrj
wbm-5-18074,eSEN,0.8794804447000001,-0.009309937452000056,eSEN,mptrj
wbm-5-18353,eSEN,0.9619591594,0.0003109930066663935,eSEN,mptrj
wbm-5-18394,eSEN,0.9507155988,-0.006813599800000247,eSEN,mptrj
wbm-5-18629,eSEN,0.9431290624,0.011740952179999908,eSEN,mptrj
wbm-5-1864,eSEN,0.9633922379000001,-0.050277314803750084,eSEN,mptrj
wbm-5-18736,eSEN,1.0134144258,0.006823605446249959,eSEN,mptrj
wbm-5-19472,eSEN,1.0319397789,0.003059497930000088,eSEN,mptrj
wbm-5-19507,eSEN,0.9920000747000001,-0.016087172497499934,eSEN,mptrj
wbm-5-19558,eSEN,1.0196477812,-0.024486694807500077,eSEN,mptrj
wbm-5-20261,eSEN,1.006659544,-0.011675068184999957,eSEN,mptrj
wbm-5-20528,eSEN,0.9762557740000001,-0.021405698640000165,eSEN,mptrj
wbm-5-20727,eSEN,0.9554557456,0.0034959173183332602,eSEN,mptrj
wbm-5-21007,eSEN,0.9902081054,-0.020248903814444455,eSEN,mptrj
wbm-5-21081,eSEN,0.9787026914,0.005269603842499926,eSEN,mptrj
wbm-5-21165,eSEN,0.9569378644000001,-0.002887337712499871,eSEN,mptrj
wbm-5-21710,eSEN,0.9764219877,0.0009185753174999256,eSEN,mptrj
wbm-5-21754,eSEN,0.9799259254,-0.02451914967833334,eSEN,mptrj
wbm-5-21768,eSEN,1.2113312316,-0.05223162458500026,eSEN,mptrj
wbm-5-21918,eSEN,0.959139457,0.011084175901111158,eSEN,mptrj
wbm-5-22235,eSEN,0.9539831578,-0.007327125165555674,eSEN,mptrj
wbm-5-22562,eSEN,0.9371637405000001,0.00785692507500002,eSEN,mptrj
wbm-5-22642,eSEN,1.0988723088,-0.03672961213125022,eSEN,mptrj
wbm-5-22788,eSEN,0.9966659408,-0.006402448747499978,eSEN,mptrj
wbm-5-22853,eSEN,0.9919809288,0.007164862033333226,eSEN,mptrj
wbm-5-22992,eSEN,0.5283513377,-0.020525100905555545,eSEN,mptrj
wbm-5-23199,eSEN,1.0000609794,-0.009555056866666689,eSEN,mptrj
wbm-5-2663,eSEN,0.9610844137000001,-0.08334118953624996,eSEN,mptrj
wbm-5-2813,eSEN,0.9815891283,0.024438380732222244,eSEN,mptrj
wbm-5-2829,eSEN,0.98643242,-0.04954358593750019,eSEN,mptrj
wbm-5-2847,eSEN,0.9723171194,0.00657479829500005,eSEN,mptrj
wbm-5-3057,eSEN,0.9990754064,-0.0014969937015624213,eSEN,mptrj
wbm-5-3160,eSEN,0.9781036803000001,-0.0033863812999999966,eSEN,mptrj
wbm-5-3442,eSEN,0.9959606327,-0.024612639502857088,eSEN,mptrj
wbm-5-3649,eSEN,1.0169526171,0.01229298921833332,eSEN,mptrj
wbm-5-4145,eSEN,1.0033643164,0.003488110541249956,eSEN,mptrj
wbm-5-4303,eSEN,0.9783033210000001,0.0031932114416665966,eSEN,mptrj
wbm-5-4413,eSEN,1.0328686325,-0.0051170018638886615,eSEN,mptrj
wbm-5-451,eSEN,0.9430397492,0.019015957273333346,eSEN,mptrj
wbm-5-4759,eSEN,1.0338798626,0.008199728653333337,eSEN,mptrj
wbm-5-5360,eSEN,0.9932906944000001,-0.002413398585185144,eSEN,mptrj
wbm-5-5480,eSEN,1.0272210312,-0.03176356265250009,eSEN,mptrj
wbm-5-5723,eSEN,0.9703530962,-0.0031140866622222695,eSEN,mptrj
wbm-5-6005,eSEN,1.0208583368,-0.026539962687777714,eSEN,mptrj
wbm-5-6149,eSEN,1.0077200192,0.00959630320875,eSEN,mptrj
wbm-5-6668,eSEN,1.002677715,0.0012044144500000797,eSEN,mptrj
wbm-5-6682,eSEN,1.0121503936,1.5730492222113905e-05,eSEN,mptrj
wbm-5-6789,eSEN,0.9251546437,-0.021981423758750118,eSEN,mptrj
wbm-5-6846,eSEN,1.0086873575,0.004816317744444514,eSEN,mptrj
wbm-5-695,eSEN,0.9945635484,-0.0012797881788888471,eSEN,mptrj
wbm-5-722,eSEN,0.9675249891000001,-0.013336303997777795,eSEN,mptrj
wbm-5-7334,eSEN,1.0216160868,0.012047759678333374,eSEN,mptrj
wbm-5-7532,eSEN,0.9797557096,0.002394416067500149,eSEN,mptrj
wbm-5-7573,eSEN,1.3281086192,0.0038430803275002036,eSEN,mptrj
wbm-5-760,eSEN,1.032002342,-0.008255340084444325,eSEN,mptrj
wbm-5-7725,eSEN,1.0660169778,-0.03716489173444444,eSEN,mptrj
wbm-5-8226,eSEN,0.9971931488,-0.01628150968333336,eSEN,mptrj
wbm-5-8567,eSEN,1.0205707193,-0.03932370062888882,eSEN,mptrj
wbm-5-8771,eSEN,1.0527766986,-0.022851275304999953,eSEN,mptrj
wbm-5-9104,eSEN,1.0167396781,-0.06646999504999991,eSEN,mptrj
wbm-5-9173,eSEN,1.0681726071,-0.03024085708000026,eSEN,mptrj
wbm-5-9195,eSEN,0.9958932213,-0.05305815505750031,eSEN,mptrj
wbm-5-9807,eSEN,0.9990268250000001,-0.054845581884000086,eSEN,mptrj
wbm-5-9851,eSEN,1.0709814172,0.056958131916071304,eSEN,mptrj
wbm-1-10040,eqV2 S,0.9686946239,0.0033989659059999863,eqV2 S,mptrj
wbm-1-10104,eqV2 S,0.9474598995,-0.05238507148933337,eqV2 S,mptrj
wbm-1-10131,eqV2 S,1.0151657744,-0.006005283163666775,eqV2 S,mptrj
wbm-1-10631,eqV2 S,1.0036797079,-0.10835959432222218,eqV2 S,mptrj
wbm-1-10690,eqV2 S,0.9616296901,-0.01862365572222219,eqV2 S,mptrj
wbm-1-10748,eqV2 S,1.0292998727,-0.06139678695888873,eqV2 S,mptrj
wbm-1-10973,eqV2 S,0.9827953552,-0.11236140820666662,eqV2 S,mptrj
wbm-1-10992,eqV2 S,0.8787213801,-0.07125231928518518,eqV2 S,mptrj
wbm-1-11087,eqV2 S,0.9981600854,-0.15974972300416695,eqV2 S,mptrj
wbm-1-11317,eqV2 S,0.8841858632,-0.2184843723166667,eqV2 S,mptrj
wbm-1-11393,eqV2 S,0.9194967449,-0.11634978051333332,eqV2 S,mptrj
wbm-1-11757,eqV2 S,0.9532111634,-0.08267021168999995,eqV2 S,mptrj
wbm-1-11840,eqV2 S,1.0129417013,-0.14479706999142844,eqV2 S,mptrj
wbm-1-12258,eqV2 S,0.9104557192,-0.18608770699583324,eqV2 S,mptrj
wbm-1-12348,eqV2 S,0.9290892852,-0.10885120132777808,eqV2 S,mptrj
wbm-1-12519,eqV2 S,1.0210202093,-0.12704880509814817,eqV2 S,mptrj
wbm-1-12679,eqV2 S,0.8775461489,-0.2117439590374998,eqV2 S,mptrj
wbm-1-12695,eqV2 S,0.9207607182,-0.21631525942250002,eqV2 S,mptrj
wbm-1-12778,eqV2 S,0.8680424237000001,-0.2666243932575002,eqV2 S,mptrj
wbm-1-12786,eqV2 S,0.7563385192000001,-0.23499136068500012,eqV2 S,mptrj
wbm-1-13108,eqV2 S,0.9804258283,-0.09024269202666667,eqV2 S,mptrj
wbm-1-13152,eqV2 S,0.9719819712000001,-0.04788910808124998,eqV2 S,mptrj
wbm-1-13168,eqV2 S,0.9649713790000001,-0.1872132940959998,eqV2 S,mptrj
wbm-1-13402,eqV2 S,0.9708148346000001,-0.15207864770374996,eqV2 S,mptrj
wbm-1-13560,eqV2 S,0.9721080519,-0.17085328121666662,eqV2 S,mptrj
wbm-1-13566,eqV2 S,0.9717667017,-0.1538511521633333,eqV2 S,mptrj
wbm-1-13665,eqV2 S,1.006619726,-0.007774191353000041,eqV2 S,mptrj
wbm-1-13928,eqV2 S,0.8459141429,-0.08533459352750014,eqV2 S,mptrj
wbm-1-14142,eqV2 S,0.9187891227,-0.17279297933666662,eqV2 S,mptrj
wbm-1-14347,eqV2 S,0.8606996135,-0.18039745195000007,eqV2 S,mptrj
wbm-1-14351,eqV2 S,0.9609761969,-0.1703822190625,eqV2 S,mptrj
wbm-1-14495,eqV2 S,0.9774446454000001,-0.17505788855000007,eqV2 S,mptrj
wbm-1-14703,eqV2 S,0.9422959015000001,-0.09430377038500008,eqV2 S,mptrj
wbm-1-14724,eqV2 S,1.0185119339,0.012640845784166644,eqV2 S,mptrj
wbm-1-1523,eqV2 S,0.9771351275000001,-0.21210938042999986,eqV2 S,mptrj
wbm-1-15999,eqV2 S,1.0495412201,-0.13084731150972237,eqV2 S,mptrj
wbm-1-16058,eqV2 S,1.0221521039,-0.12937652617100012,eqV2 S,mptrj
wbm-1-16080,eqV2 S,0.904326892,-0.144803078661,eqV2 S,mptrj
wbm-1-1660,eqV2 S,1.0103338685,-0.19112179534250007,eqV2 S,mptrj
wbm-1-16938,eqV2 S,0.7741531067,-0.18832007579166682,eqV2 S,mptrj
wbm-1-16983,eqV2 S,0.9716168653,-0.1809237920866669,eqV2 S,mptrj
wbm-1-17062,eqV2 S,0.9082433975,-0.12663925977999996,eqV2 S,mptrj
wbm-1-17125,eqV2 S,0.9456338986,-0.14662880928571437,eqV2 S,mptrj
wbm-1-17377,eqV2 S,0.9305951836,-0.12697353105899994,eqV2 S,mptrj
wbm-1-1791,eqV2 S,1.051916991,-0.12536838159375,eqV2 S,mptrj
wbm-1-1842,eqV2 S,0.983261233,-0.15388397738200013,eqV2 S,mptrj
wbm-1-19025,eqV2 S,0.9153777135000001,-0.14498418245499983,eqV2 S,mptrj
wbm-1-19090,eqV2 S,0.8880344250000001,-0.12874432514750006,eqV2 S,mptrj
wbm-1-19173,eqV2 S,0.8997141097,-0.09993229457999986,eqV2 S,mptrj
wbm-1-19684,eqV2 S,1.0632964902,-0.14174453079666668,eqV2 S,mptrj
wbm-1-19969,eqV2 S,0.9303924792,-0.12951534413249996,eqV2 S,mptrj
wbm-1-20187,eqV2 S,1.0570550641,-0.1806703367449998,eqV2 S,mptrj
wbm-1-20692,eqV2 S,1.0114721164,0.006314891352499963,eqV2 S,mptrj
wbm-1-2075,eqV2 S,0.8515308224,-0.11609542635571403,eqV2 S,mptrj
wbm-1-21546,eqV2 S,0.7997297267,-0.09449480611500008,eqV2 S,mptrj
wbm-1-21647,eqV2 S,0.8963654458,-0.1384616163833335,eqV2 S,mptrj
wbm-1-21918,eqV2 S,0.9607573865000001,0.04744195915625009,eqV2 S,mptrj
wbm-1-21974,eqV2 S,0.9399416066,-0.16460872021666675,eqV2 S,mptrj
wbm-1-22347,eqV2 S,1.0557145911,-0.13402641502499996,eqV2 S,mptrj
wbm-1-22912,eqV2 S,0.956224387,-0.04980664067624994,eqV2 S,mptrj
wbm-1-23029,eqV2 S,0.8823046703,-0.16132105307,eqV2 S,mptrj
wbm-1-23533,eqV2 S,0.9870538562000001,-0.08544003289249968,eqV2 S,mptrj
wbm-1-23543,eqV2 S,0.8813388035,-0.07504569462249999,eqV2 S,mptrj
wbm-1-23636,eqV2 S,0.6969420702,-0.1695968462675,eqV2 S,mptrj
wbm-1-24053,eqV2 S,1.0075669255,-0.062435339420000034,eqV2 S,mptrj
wbm-1-24503,eqV2 S,0.9878906356,-0.1650476748975,eqV2 S,mptrj
wbm-1-24761,eqV2 S,1.0009669048,0.026523547247999952,eqV2 S,mptrj
wbm-1-25075,eqV2 S,0.990881431,-0.12460192462700008,eqV2 S,mptrj
wbm-1-25396,eqV2 S,0.8271494832,-0.16009247598999993,eqV2 S,mptrj
wbm-1-2557,eqV2 S,0.9968724668000001,-0.13778731737250008,eqV2 S,mptrj
wbm-1-25665,eqV2 S,0.9841549914000001,-0.04981329522750002,eqV2 S,mptrj
wbm-1-25849,eqV2 S,0.9630399838,-0.10761835995199989,eqV2 S,mptrj
wbm-1-26263,eqV2 S,1.0380697166,-0.1473020972025,eqV2 S,mptrj
wbm-1-26543,eqV2 S,0.6490819630000001,-0.18415597061749994,eqV2 S,mptrj
wbm-1-26634,eqV2 S,0.8880988507,-0.18228454454499987,eqV2 S,mptrj
wbm-1-2722,eqV2 S,0.913436534,-0.15887109483599998,eqV2 S,mptrj
wbm-1-27220,eqV2 S,1.0482193281,-0.12521258045,eqV2 S,mptrj
wbm-1-27502,eqV2 S,0.9548193646,-0.17370471790249997,eqV2 S,mptrj
wbm-1-27566,eqV2 S,0.9762263040000001,-0.17833542767200009,eqV2 S,mptrj
wbm-1-28132,eqV2 S,1.0345412609,-0.2582421482799998,eqV2 S,mptrj
wbm-1-28162,eqV2 S,0.8702913901,-0.1251042775100001,eqV2 S,mptrj
wbm-1-28291,eqV2 S,1.0452361307,-0.19833418795428584,eqV2 S,mptrj
wbm-1-28599,eqV2 S,0.9889761304,-0.08522726309999996,eqV2 S,mptrj
wbm-1-29365,eqV2 S,1.1150283902,-0.1830534412299997,eqV2 S,mptrj
wbm-1-29807,eqV2 S,0.9865220197000001,-0.08179368122249989,eqV2 S,mptrj
wbm-1-30045,eqV2 S,0.9895685337000001,-0.06521938566583346,eqV2 S,mptrj
wbm-1-30099,eqV2 S,1.0771182241,-0.13653815242666714,eqV2 S,mptrj
wbm-1-30230,eqV2 S,1.0840889559,-0.1238706353024999,eqV2 S,mptrj
wbm-1-3078,eqV2 S,0.8025611895,-0.2100116886875001,eqV2 S,mptrj
wbm-1-30964,eqV2 S,0.9822859511,-0.19347562161899987,eqV2 S,mptrj
wbm-1-31348,eqV2 S,0.9585611273,-0.12243785942111111,eqV2 S,mptrj
wbm-1-31767,eqV2 S,1.027180869,-0.17991112917166618,eqV2 S,mptrj
wbm-1-31797,eqV2 S,0.9543358829,-0.15700722880299992,eqV2 S,mptrj
wbm-1-31867,eqV2 S,0.9248221061,-0.14094025918035705,eqV2 S,mptrj
wbm-1-32076,eqV2 S,0.9881894591,-0.10141349969583342,eqV2 S,mptrj
wbm-1-32536,eqV2 S,0.9661507624000001,-0.08794129536750002,eqV2 S,mptrj
wbm-1-32556,eqV2 S,0.9392735522000001,-0.1307450354010001,eqV2 S,mptrj
wbm-1-32966,eqV2 S,0.8904981078,-0.007730069529999639,eqV2 S,mptrj
wbm-1-33026,eqV2 S,0.8038779142,-0.06635003525000016,eqV2 S,mptrj
wbm-1-33224,eqV2 S,0.9691519718,-0.144358603075,eqV2 S,mptrj
wbm-1-34381,eqV2 S,0.9463863014,-0.125666264125,eqV2 S,mptrj
wbm-1-34429,eqV2 S,0.9718442702000001,-0.01798929896499993,eqV2 S,mptrj
wbm-1-34519,eqV2 S,1.0535872057,-0.14871667691333337,eqV2 S,mptrj
wbm-1-34758,eqV2 S,0.9551626566,-0.14398524618999994,eqV2 S,mptrj
wbm-1-34857,eqV2 S,0.9360047949,-0.1455395605225001,eqV2 S,mptrj
wbm-1-35134,eqV2 S,0.8690393732,-0.10506465964333322,eqV2 S,mptrj
wbm-1-3516,eqV2 S,0.9541361712,-0.16474669193416686,eqV2 S,mptrj
wbm-1-3535,eqV2 S,0.9436841521,-0.11394272640083353,eqV2 S,mptrj
wbm-1-35404,eqV2 S,0.9603591285,-0.09454591936000004,eqV2 S,mptrj
wbm-1-35738,eqV2 S,0.9362839422,-0.1150866629424998,eqV2 S,mptrj
wbm-1-36060,eqV2 S,0.9805339296000001,-0.09671925703874984,eqV2 S,mptrj
wbm-1-36191,eqV2 S,0.8371812659000001,-0.19327411234499997,eqV2 S,mptrj
wbm-1-36764,eqV2 S,0.9680461498,-0.14914764037749997,eqV2 S,mptrj
wbm-1-36839,eqV2 S,0.9185841582000001,-0.1381288591499999,eqV2 S,mptrj
wbm-1-36941,eqV2 S,0.9062864235,-0.13149337937500002,eqV2 S,mptrj
wbm-1-37204,eqV2 S,0.9817249782,-0.07620982274583336,eqV2 S,mptrj
wbm-1-37361,eqV2 S,1.0207874328,-0.11830062287999983,eqV2 S,mptrj
wbm-1-37528,eqV2 S,0.8866690525,-0.10811919470999994,eqV2 S,mptrj
wbm-1-37838,eqV2 S,0.9853581038,-0.11224288018999977,eqV2 S,mptrj
wbm-1-38418,eqV2 S,0.9514368356,-0.04747780674333342,eqV2 S,mptrj
wbm-1-38520,eqV2 S,0.9776559206000001,-0.1421615590783335,eqV2 S,mptrj
wbm-1-38808,eqV2 S,0.9845371493,-0.052962422277499976,eqV2 S,mptrj
wbm-1-39089,eqV2 S,0.9735300058,-0.1575005794300001,eqV2 S,mptrj
wbm-1-40024,eqV2 S,0.9531799328,0.03214915948800012,eqV2 S,mptrj
wbm-1-40484,eqV2 S,0.9900100527000001,-0.02971104325250007,eqV2 S,mptrj
wbm-1-40953,eqV2 S,1.0002620073,-0.04663243515,eqV2 S,mptrj
wbm-1-41091,eqV2 S,0.9998540576,0.0035235483949999018,eqV2 S,mptrj
wbm-1-41383,eqV2 S,1.0043369618,-0.021956512320833,eqV2 S,mptrj
wbm-1-41389,eqV2 S,1.0255126755,-0.1440688281090906,eqV2 S,mptrj
wbm-1-41515,eqV2 S,1.021251501,-0.10109669486000013,eqV2 S,mptrj
wbm-1-41644,eqV2 S,1.0126492202,-0.1150327195857144,eqV2 S,mptrj
wbm-1-42383,eqV2 S,0.9892259981,-0.08727992875399977,eqV2 S,mptrj
wbm-1-42731,eqV2 S,0.9801734774,-0.11525843408444432,eqV2 S,mptrj
wbm-1-43066,eqV2 S,1.0061024479,-0.042135008200833234,eqV2 S,mptrj
wbm-1-43649,eqV2 S,0.9986843208,-0.024032042219166525,eqV2 S,mptrj
wbm-1-43796,eqV2 S,0.9709303730000001,-0.06405169996166661,eqV2 S,mptrj
wbm-1-44126,eqV2 S,0.9831113592,-0.09330534751099998,eqV2 S,mptrj
wbm-1-44340,eqV2 S,0.9818408023,-0.08719210669416673,eqV2 S,mptrj
wbm-1-44478,eqV2 S,1.0823747156,-0.5667104009733335,eqV2 S,mptrj
wbm-1-44580,eqV2 S,1.0223852219,-0.07719809669250007,eqV2 S,mptrj
wbm-1-44656,eqV2 S,0.9687757306,0.042061442482500176,eqV2 S,mptrj
wbm-1-45122,eqV2 S,0.9620338513000001,-0.13947590388399994,eqV2 S,mptrj
wbm-1-45422,eqV2 S,0.9723815725,-0.25495597401555536,eqV2 S,mptrj
wbm-1-45595,eqV2 S,1.0383061268,-0.2686158780666666,eqV2 S,mptrj
wbm-1-45824,eqV2 S,1.0546033433,-0.16003035789666645,eqV2 S,mptrj
wbm-1-45844,eqV2 S,0.8634184541000001,-0.08760953852380948,eqV2 S,mptrj
wbm-1-45939,eqV2 S,0.9355812253,-0.15555860431166657,eqV2 S,mptrj
wbm-1-45958,eqV2 S,0.9837500592,-0.10580760752499997,eqV2 S,mptrj
wbm-1-46061,eqV2 S,0.9585462254,-0.20291737303333313,eqV2 S,mptrj
wbm-1-46063,eqV2 S,1.0845795007,-0.17919530459416677,eqV2 S,mptrj
wbm-1-462,eqV2 S,0.9229238623,-0.17238359899500005,eqV2 S,mptrj
wbm-1-46216,eqV2 S,0.9803865757,0.13721406857333343,eqV2 S,mptrj
wbm-1-4644,eqV2 S,0.9335809536,-0.11931152395454529,eqV2 S,mptrj
wbm-1-46479,eqV2 S,0.9524565357,-0.1547370918766667,eqV2 S,mptrj
wbm-1-46897,eqV2 S,1.0204580853,-0.14743702952777765,eqV2 S,mptrj
wbm-1-47256,eqV2 S,0.8820966458,-0.16250489210750002,eqV2 S,mptrj
wbm-1-47271,eqV2 S,0.8814488376,-0.16354610069500009,eqV2 S,mptrj
wbm-1-47332,eqV2 S,0.9245941346000001,-0.07653357427499999,eqV2 S,mptrj
wbm-1-47390,eqV2 S,0.9939670946,0.01802698532250001,eqV2 S,mptrj
wbm-1-4748,eqV2 S,0.9404722808,-0.23651220992200012,eqV2 S,mptrj
wbm-1-47680,eqV2 S,1.0312149975,-0.12302439081700008,eqV2 S,mptrj
wbm-1-48045,eqV2 S,0.9378012414,-0.12500257447500013,eqV2 S,mptrj
wbm-1-48387,eqV2 S,0.9824637345,-0.11288679415749998,eqV2 S,mptrj
wbm-1-48516,eqV2 S,1.3139906959,-0.11323100279500001,eqV2 S,mptrj
wbm-1-48844,eqV2 S,0.9459924514,-0.05226263381750007,eqV2 S,mptrj
wbm-1-48894,eqV2 S,0.9172244308,-0.10639428250000005,eqV2 S,mptrj
wbm-1-48917,eqV2 S,1.0289961787,-0.13208384579750007,eqV2 S,mptrj
wbm-1-48956,eqV2 S,0.9399927229,-0.08867363145750007,eqV2 S,mptrj
wbm-1-4923,eqV2 S,0.9791604298000001,-0.2731503270600001,eqV2 S,mptrj
wbm-1-4926,eqV2 S,0.9235902438,-0.15726345874000014,eqV2 S,mptrj
wbm-1-49882,eqV2 S,0.9389585377,-0.09913747913888879,eqV2 S,mptrj
wbm-1-50042,eqV2 S,0.9948688426000001,0.011923540432222443,eqV2 S,mptrj
wbm-1-5045,eqV2 S,0.9507385309,-0.1601226325733336,eqV2 S,mptrj
wbm-1-50475,eqV2 S,0.9817421769,-0.018731745338000004,eqV2 S,mptrj
wbm-1-5112,eqV2 S,0.8780533549,-0.10839396333699966,eqV2 S,mptrj
wbm-1-51210,eqV2 S,0.8859152724,-0.14712034835499993,eqV2 S,mptrj
wbm-1-51562,eqV2 S,0.8941334823,-0.14896049639750011,eqV2 S,mptrj
wbm-1-51828,eqV2 S,1.0921515695,-0.16871363097000006,eqV2 S,mptrj
wbm-1-51920,eqV2 S,0.9481188020000001,-0.15223237753249982,eqV2 S,mptrj
wbm-1-52323,eqV2 S,0.9430972925000001,-0.09496451317699997,eqV2 S,mptrj
wbm-1-5320,eqV2 S,1.0248994694,-0.15547282961999992,eqV2 S,mptrj
wbm-1-54021,eqV2 S,0.9591868689,-0.21929888049400031,eqV2 S,mptrj
wbm-1-54211,eqV2 S,0.9817367719000001,-0.2096250947620001,eqV2 S,mptrj
wbm-1-54223,eqV2 S,0.9630451846,-0.19728159614799984,eqV2 S,mptrj
wbm-1-54845,eqV2 S,0.8355234969,-0.1016692343228572,eqV2 S,mptrj
wbm-1-55055,eqV2 S,1.015976287,-0.14502309892500012,eqV2 S,mptrj
wbm-1-55621,eqV2 S,0.9193597131000001,-0.00951521480999998,eqV2 S,mptrj
wbm-1-55626,eqV2 S,0.8546232695,-0.03431286520500005,eqV2 S,mptrj
wbm-1-55839,eqV2 S,0.7915308996,-0.045722583146296146,eqV2 S,mptrj
wbm-1-56095,eqV2 S,1.0301745393,-0.08589866623999982,eqV2 S,mptrj
wbm-1-56442,eqV2 S,0.985157896,0.006623744103750084,eqV2 S,mptrj
wbm-1-56596,eqV2 S,0.9809518878000001,-0.13158837620888886,eqV2 S,mptrj
wbm-1-56597,eqV2 S,1.0139772774,-0.10109487042700005,eqV2 S,mptrj
wbm-1-5673,eqV2 S,1.0365618623,-0.14547101413999997,eqV2 S,mptrj
wbm-1-5686,eqV2 S,1.030767095,-0.1404649659239999,eqV2 S,mptrj
wbm-1-57622,eqV2 S,0.9985978757,0.023445991089999948,eqV2 S,mptrj
wbm-1-58300,eqV2 S,0.9229727816000001,-0.10403983675520845,eqV2 S,mptrj
wbm-1-58411,eqV2 S,1.050452156,-0.04185272039666674,eqV2 S,mptrj
wbm-1-58431,eqV2 S,0.9185803001,-0.1766978082283334,eqV2 S,mptrj
wbm-1-5891,eqV2 S,0.8888447039,-0.13640981050624967,eqV2 S,mptrj
wbm-1-59108,eqV2 S,0.9281535166,-0.20352031409499993,eqV2 S,mptrj
wbm-1-59510,eqV2 S,1.0765609638,-0.1267256742275002,eqV2 S,mptrj
wbm-1-59715,eqV2 S,0.8883598995,-0.12429054942999995,eqV2 S,mptrj
wbm-1-59754,eqV2 S,0.9594791358,-0.156688139026,eqV2 S,mptrj
wbm-1-59925,eqV2 S,0.9872854225000001,-0.1722446214933334,eqV2 S,mptrj
wbm-1-60339,eqV2 S,0.8492477474000001,-0.12331241889999997,eqV2 S,mptrj
wbm-1-60437,eqV2 S,0.9893475191000001,-0.026938214082499946,eqV2 S,mptrj
wbm-1-60536,eqV2 S,0.9359698843,-0.15907545165238093,eqV2 S,mptrj
wbm-1-61353,eqV2 S,1.0264018536,-0.07843924423250007,eqV2 S,mptrj
wbm-1-61447,eqV2 S,1.0196415941,-0.049014074170833415,eqV2 S,mptrj
wbm-1-61492,eqV2 S,0.9883734585,-0.09388474490499998,eqV2 S,mptrj
wbm-1-61567,eqV2 S,0.8727199671,-0.10837735933749996,eqV2 S,mptrj
wbm-1-6677,eqV2 S,0.9780173601000001,-0.24998302328333347,eqV2 S,mptrj
wbm-1-6831,eqV2 S,0.9785812690000001,-0.04729150995090909,eqV2 S,mptrj
wbm-1-6877,eqV2 S,0.8988362058,-0.23201337263749994,eqV2 S,mptrj
wbm-1-7173,eqV2 S,0.8906897039,-0.249581668898,eqV2 S,mptrj
wbm-1-7275,eqV2 S,1.0316133288,-0.12271724045625003,eqV2 S,mptrj
wbm-1-7410,eqV2 S,0.912792943,-0.14019157379333327,eqV2 S,mptrj
wbm-1-8359,eqV2 S,0.9518323499,-0.162733009805,eqV2 S,mptrj
wbm-1-8367,eqV2 S,1.0366466981,-0.16471645004166677,eqV2 S,mptrj
wbm-1-9075,eqV2 S,0.9681961395,-0.04062651514166671,eqV2 S,mptrj
wbm-1-9196,eqV2 S,0.9805531220000001,-0.017416692465000015,eqV2 S,mptrj
wbm-1-9201,eqV2 S,0.8430093394,-0.03438291565750005,eqV2 S,mptrj
wbm-1-987,eqV2 S,0.9639601859,-0.13512946690428568,eqV2 S,mptrj
wbm-1-9927,eqV2 S,1.004200512,-0.09241910544500005,eqV2 S,mptrj
wbm-2-10245,eqV2 S,0.9841936708000001,-0.05022995783799995,eqV2 S,mptrj
wbm-2-10499,eqV2 S,1.0475246605,-0.11239089435555563,eqV2 S,mptrj
wbm-2-10810,eqV2 S,0.7739012833000001,-0.18758578080222219,eqV2 S,mptrj
wbm-2-10923,eqV2 S,1.0257975014,-0.17365250081458314,eqV2 S,mptrj
wbm-2-11068,eqV2 S,1.0204981441,-0.14259296888099998,eqV2 S,mptrj
wbm-2-11084,eqV2 S,0.8113639237,-0.16716197718000003,eqV2 S,mptrj
wbm-2-11128,eqV2 S,0.9067970538000001,-0.08859586041599975,eqV2 S,mptrj
wbm-2-11212,eqV2 S,1.0408946942,-0.15799315494727265,eqV2 S,mptrj
wbm-2-11382,eqV2 S,0.9510454059000001,-0.15472731291428604,eqV2 S,mptrj
wbm-2-1151,eqV2 S,1.026095341,-0.17489763034333325,eqV2 S,mptrj
wbm-2-11618,eqV2 S,1.0638931015,-0.1232613005455555,eqV2 S,mptrj
wbm-2-11694,eqV2 S,0.9674728016,-0.14326943483500001,eqV2 S,mptrj
wbm-2-11991,eqV2 S,0.8879599807,-0.19931266135499995,eqV2 S,mptrj
wbm-2-12110,eqV2 S,0.9155732162,-0.17182076269333327,eqV2 S,mptrj
wbm-2-1217,eqV2 S,1.0140003455,-0.17549815383333325,eqV2 S,mptrj
wbm-2-12245,eqV2 S,1.096703723,-0.15146461697111127,eqV2 S,mptrj
wbm-2-12407,eqV2 S,0.7380108405,-0.17431733105750008,eqV2 S,mptrj
wbm-2-12899,eqV2 S,1.1162145957,0.01446502439833329,eqV2 S,mptrj
wbm-2-13207,eqV2 S,0.9498562468,-0.15548962504333327,eqV2 S,mptrj
wbm-2-13474,eqV2 S,1.0177072974,-0.14488388432625002,eqV2 S,mptrj
wbm-2-13628,eqV2 S,1.0433101729,-0.2019117693616667,eqV2 S,mptrj
wbm-2-13632,eqV2 S,1.0323294521,-0.14535270152666666,eqV2 S,mptrj
wbm-2-13798,eqV2 S,0.9636493052,-0.09246680936999994,eqV2 S,mptrj
wbm-2-13799,eqV2 S,0.9624671511,-0.028509155716666196,eqV2 S,mptrj
wbm-2-13911,eqV2 S,1.0159582635,-0.14361220858250015,eqV2 S,mptrj
wbm-2-14116,eqV2 S,1.0064004712,-0.07599070039249997,eqV2 S,mptrj
wbm-2-14733,eqV2 S,0.9693630695000001,-0.10021525769000013,eqV2 S,mptrj
wbm-2-14949,eqV2 S,0.9614375892,-0.09624559008500005,eqV2 S,mptrj
wbm-2-14980,eqV2 S,0.9491980497,-0.20593441066625004,eqV2 S,mptrj
wbm-2-15047,eqV2 S,1.0621305676,-0.055523964202500144,eqV2 S,mptrj
wbm-2-15398,eqV2 S,0.9618803525,-0.10712576359624996,eqV2 S,mptrj
wbm-2-15816,eqV2 S,1.0111930682,-0.11685203779600002,eqV2 S,mptrj
wbm-2-15882,eqV2 S,1.0158940582,0.0013881846281250665,eqV2 S,mptrj
wbm-2-16299,eqV2 S,0.9946742915000001,-0.08573629886249998,eqV2 S,mptrj
wbm-2-16983,eqV2 S,0.962871738,-0.14096569830199984,eqV2 S,mptrj
wbm-2-17344,eqV2 S,0.9325996278,-0.13347457191749984,eqV2 S,mptrj
wbm-2-1787,eqV2 S,0.8423719748,-0.1283197758442857,eqV2 S,mptrj
wbm-2-19108,eqV2 S,0.9360299963000001,-0.07175117036666663,eqV2 S,mptrj
wbm-2-19313,eqV2 S,0.9935336466,-0.14951983590999993,eqV2 S,mptrj
wbm-2-20028,eqV2 S,0.8957914836,-0.21047252131333352,eqV2 S,mptrj
wbm-2-20166,eqV2 S,0.9684170446,-0.15166129321727276,eqV2 S,mptrj
wbm-2-20256,eqV2 S,1.0007516941,0.005593239048181754,eqV2 S,mptrj
wbm-2-20265,eqV2 S,0.7855400644,-0.1820664482870371,eqV2 S,mptrj
wbm-2-20392,eqV2 S,0.9161574014,-0.19030205660999985,eqV2 S,mptrj
wbm-2-20448,eqV2 S,0.9920864457,-0.10945806883500006,eqV2 S,mptrj
wbm-2-20797,eqV2 S,1.0263867512,-0.15231898411333292,eqV2 S,mptrj
wbm-2-21074,eqV2 S,1.0795995792,-0.05036630309800003,eqV2 S,mptrj
wbm-2-21198,eqV2 S,0.9641571337,-0.17667404647499996,eqV2 S,mptrj
wbm-2-21508,eqV2 S,1.0157533319,-0.19662457018875004,eqV2 S,mptrj
wbm-2-21597,eqV2 S,0.9256691329000001,-0.03536648760400006,eqV2 S,mptrj
wbm-2-21693,eqV2 S,0.9642684293,-0.06752524043166659,eqV2 S,mptrj
wbm-2-21990,eqV2 S,0.9626926790000001,-0.0418492883499999,eqV2 S,mptrj
wbm-2-22192,eqV2 S,0.8195387916,-0.2824935906275002,eqV2 S,mptrj
wbm-2-2223,eqV2 S,1.0063091312,-0.162345284645,eqV2 S,mptrj
wbm-2-22928,eqV2 S,0.98277708,-0.04441308270178564,eqV2 S,mptrj
wbm-2-22992,eqV2 S,0.8909573985,-0.036283624917857166,eqV2 S,mptrj
wbm-2-2316,eqV2 S,1.0071684229,-0.10929959161833343,eqV2 S,mptrj
wbm-2-23452,eqV2 S,0.8865837059,-0.12136328430625003,eqV2 S,mptrj
wbm-2-23794,eqV2 S,0.9850586093,-0.11791715403428579,eqV2 S,mptrj
wbm-2-23880,eqV2 S,0.9302163713,-0.1826231593074999,eqV2 S,mptrj
wbm-2-23973,eqV2 S,0.9738101562,-0.15590111645333332,eqV2 S,mptrj
wbm-2-24003,eqV2 S,1.0026583321,-0.10472831165428567,eqV2 S,mptrj
wbm-2-24061,eqV2 S,1.0260001186,-0.019293683145833403,eqV2 S,mptrj
wbm-2-24501,eqV2 S,1.0074392001,-0.028726876288000015,eqV2 S,mptrj
wbm-2-24549,eqV2 S,1.1183200911,-0.13791074355249994,eqV2 S,mptrj
wbm-2-24887,eqV2 S,0.9974021139,-0.1540247735425,eqV2 S,mptrj
wbm-2-25039,eqV2 S,1.0267411764,-0.19987841041,eqV2 S,mptrj
wbm-2-25087,eqV2 S,0.9905791467,-0.15622696556750001,eqV2 S,mptrj
wbm-2-25091,eqV2 S,0.9118906553,-0.13299160352749992,eqV2 S,mptrj
wbm-2-25182,eqV2 S,0.9953072505,-0.14942408185499995,eqV2 S,mptrj
wbm-2-25748,eqV2 S,1.1894786881,-0.158179239217,eqV2 S,mptrj
wbm-2-25883,eqV2 S,0.8804643228,-0.15488562890999996,eqV2 S,mptrj
wbm-2-26027,eqV2 S,0.9391895405,-0.13830702790000013,eqV2 S,mptrj
wbm-2-26175,eqV2 S,0.8938316265,-0.14427882713249995,eqV2 S,mptrj
wbm-2-26205,eqV2 S,0.8725966264,-0.2131120991249995,eqV2 S,mptrj
wbm-2-26262,eqV2 S,1.0227321139,-0.13390547733827154,eqV2 S,mptrj
wbm-2-26500,eqV2 S,1.1523209099,-0.22073036696666706,eqV2 S,mptrj
wbm-2-26676,eqV2 S,0.9826587272,-0.12856608250599996,eqV2 S,mptrj
wbm-2-2669,eqV2 S,0.8732098693,-0.17031652021666666,eqV2 S,mptrj
wbm-2-27233,eqV2 S,1.190784495,-0.09570113006999996,eqV2 S,mptrj
wbm-2-27460,eqV2 S,0.9482078086,-0.07327290836272721,eqV2 S,mptrj
wbm-2-27581,eqV2 S,0.9737661794,-0.21748607763333314,eqV2 S,mptrj
wbm-2-27803,eqV2 S,1.0156859507,-0.12114161787111116,eqV2 S,mptrj
wbm-2-27955,eqV2 S,1.0701054961,-0.030380129536111095,eqV2 S,mptrj
wbm-2-28151,eqV2 S,0.9672708743,-0.19413544143499983,eqV2 S,mptrj
wbm-2-28311,eqV2 S,0.9646031796000001,-0.04829788484629619,eqV2 S,mptrj
wbm-2-28628,eqV2 S,0.9964847071,-0.02556954987999987,eqV2 S,mptrj
wbm-2-28666,eqV2 S,0.9795378757000001,-0.23017523310300034,eqV2 S,mptrj
wbm-2-29064,eqV2 S,0.9412462787,-0.16892038257199987,eqV2 S,mptrj
wbm-2-29551,eqV2 S,0.8978033593,-0.1541899089400001,eqV2 S,mptrj
wbm-2-29590,eqV2 S,0.995817312,-0.2849107069650003,eqV2 S,mptrj
wbm-2-2973,eqV2 S,1.012500562,-0.08925839598749992,eqV2 S,mptrj
wbm-2-30232,eqV2 S,0.9946825191,-0.06711774887750002,eqV2 S,mptrj
wbm-2-30753,eqV2 S,0.9447860473,-0.2152279142933334,eqV2 S,mptrj
wbm-2-31075,eqV2 S,0.8599413297,-0.21848350119499999,eqV2 S,mptrj
wbm-2-31128,eqV2 S,0.9897032747000001,-0.09393809078666651,eqV2 S,mptrj
wbm-2-31420,eqV2 S,1.0316718266,-0.1749600257666669,eqV2 S,mptrj
wbm-2-31514,eqV2 S,0.9670505134,-0.1378290736437499,eqV2 S,mptrj
wbm-2-31515,eqV2 S,0.953628609,-0.14248000525000004,eqV2 S,mptrj
wbm-2-31561,eqV2 S,1.106980496,-0.10651387118571418,eqV2 S,mptrj
wbm-2-31795,eqV2 S,0.9416130955,-0.14852449391166653,eqV2 S,mptrj
wbm-2-32099,eqV2 S,0.9852932438,-0.1323584804550001,eqV2 S,mptrj
wbm-2-32354,eqV2 S,0.9827836676,-0.1373917984075,eqV2 S,mptrj
wbm-2-32386,eqV2 S,0.944610825,-0.1037336602199999,eqV2 S,mptrj
wbm-2-32777,eqV2 S,0.8918642652000001,-0.14171929431499997,eqV2 S,mptrj
wbm-2-32910,eqV2 S,0.8957473928,-0.11304911319000026,eqV2 S,mptrj
wbm-2-33373,eqV2 S,0.9820396916,0.019731040198888886,eqV2 S,mptrj
wbm-2-33421,eqV2 S,1.007420153,-0.039013437940999936,eqV2 S,mptrj
wbm-2-34088,eqV2 S,0.9952453944,-0.09026775595799989,eqV2 S,mptrj
wbm-2-3424,eqV2 S,0.9444891956,-0.15962279987999997,eqV2 S,mptrj
wbm-2-34474,eqV2 S,0.9766492335,-0.12519941390125,eqV2 S,mptrj
wbm-2-34818,eqV2 S,1.0039550375,-0.15795861874999986,eqV2 S,mptrj
wbm-2-34985,eqV2 S,0.9973053233,-0.08142601522166662,eqV2 S,mptrj
wbm-2-35177,eqV2 S,1.0114058076,-0.17017199440606093,eqV2 S,mptrj
wbm-2-35202,eqV2 S,0.8747676534000001,-0.11991554969999942,eqV2 S,mptrj
wbm-2-35598,eqV2 S,1.0139261591,-0.0022782785080001132,eqV2 S,mptrj
wbm-2-35958,eqV2 S,0.9324797810000001,-0.11003358338299989,eqV2 S,mptrj
wbm-2-36105,eqV2 S,0.9999627338,-0.08512706769800005,eqV2 S,mptrj
wbm-2-36320,eqV2 S,1.0030584113,-0.05939507164999986,eqV2 S,mptrj
wbm-2-36499,eqV2 S,1.0095582259,-0.051920937742726964,eqV2 S,mptrj
wbm-2-36606,eqV2 S,0.9671142383,-0.05384776529749982,eqV2 S,mptrj
wbm-2-37493,eqV2 S,0.9695683293,-0.06845157772333331,eqV2 S,mptrj
wbm-2-37746,eqV2 S,1.018115416,-0.17685269172599996,eqV2 S,mptrj
wbm-2-38,eqV2 S,0.7798358642000001,-0.24196806704999987,eqV2 S,mptrj
wbm-2-38123,eqV2 S,1.0086472165,-0.18032460802888903,eqV2 S,mptrj
wbm-2-38626,eqV2 S,0.9628359616000001,-0.06712069843799995,eqV2 S,mptrj
wbm-2-38768,eqV2 S,1.0024809914,-0.16215786417500008,eqV2 S,mptrj
wbm-2-38824,eqV2 S,1.0545018937,-0.11594066707666666,eqV2 S,mptrj
wbm-2-39093,eqV2 S,1.0024071941,-0.2563176847650002,eqV2 S,mptrj
wbm-2-39277,eqV2 S,0.9614719688000001,-0.1735274738601852,eqV2 S,mptrj
wbm-2-39858,eqV2 S,0.94474386,-0.1587235784333334,eqV2 S,mptrj
wbm-2-3987,eqV2 S,0.9500219867,-0.15943094972600008,eqV2 S,mptrj
wbm-2-40383,eqV2 S,0.9594138495000001,-0.14737381089200013,eqV2 S,mptrj
wbm-2-40651,eqV2 S,1.0021750379,-0.16757268728285707,eqV2 S,mptrj
wbm-2-40707,eqV2 S,0.9666706487000001,-0.150136460842,eqV2 S,mptrj
wbm-2-4091,eqV2 S,0.9329647643000001,-0.15032134254500018,eqV2 S,mptrj
wbm-2-40954,eqV2 S,1.0200608623,-0.08777770793624988,eqV2 S,mptrj
wbm-2-41053,eqV2 S,1.0733359673,-0.16979120050875,eqV2 S,mptrj
wbm-2-4187,eqV2 S,0.9733946446,-0.1283402347464289,eqV2 S,mptrj
wbm-2-42127,eqV2 S,0.8662838564,-0.14573169853999984,eqV2 S,mptrj
wbm-2-42209,eqV2 S,0.9534475759000001,-0.174548616415,eqV2 S,mptrj
wbm-2-42382,eqV2 S,0.9345842103,-0.16759537933,eqV2 S,mptrj
wbm-2-44123,eqV2 S,1.0097277398,-0.19376182221777766,eqV2 S,mptrj
wbm-2-44195,eqV2 S,0.9538055198000001,-0.17334591864,eqV2 S,mptrj
wbm-2-44473,eqV2 S,0.9924638508,-0.13682519791874997,eqV2 S,mptrj
wbm-2-44832,eqV2 S,0.8615917366,-0.1563795576975001,eqV2 S,mptrj
wbm-2-44888,eqV2 S,0.9506856836,-0.09559769866083324,eqV2 S,mptrj
wbm-2-45158,eqV2 S,0.9137542511000001,-0.12324762039750001,eqV2 S,mptrj
wbm-2-45183,eqV2 S,0.8471366879000001,-0.06970535730333344,eqV2 S,mptrj
wbm-2-45365,eqV2 S,0.8809084089,-0.13885707391944427,eqV2 S,mptrj
wbm-2-45585,eqV2 S,0.9423374454000001,-0.04359844872000025,eqV2 S,mptrj
wbm-2-45645,eqV2 S,0.9231303427,-0.13530078558571412,eqV2 S,mptrj
wbm-2-45772,eqV2 S,0.9774764872,-0.09643478275600018,eqV2 S,mptrj
wbm-2-45812,eqV2 S,0.929569857,-0.14127145885249998,eqV2 S,mptrj
wbm-2-46026,eqV2 S,1.0095935459,-0.11515881231400023,eqV2 S,mptrj
wbm-2-46362,eqV2 S,0.9343429761000001,-0.056870431379090675,eqV2 S,mptrj
wbm-2-46431,eqV2 S,0.9640601129,-0.14349029641000016,eqV2 S,mptrj
wbm-2-46663,eqV2 S,0.9343595372,-0.15605497372727267,eqV2 S,mptrj
wbm-2-46903,eqV2 S,1.0181410948,-0.049480802698333305,eqV2 S,mptrj
wbm-2-46975,eqV2 S,0.9838551226000001,-0.11401909047500004,eqV2 S,mptrj
wbm-2-4763,eqV2 S,0.9275717294,-0.18759050012777798,eqV2 S,mptrj
wbm-2-47914,eqV2 S,1.0158453132,-0.1594831124458335,eqV2 S,mptrj
wbm-2-48685,eqV2 S,0.9532995747,-0.14648458904375028,eqV2 S,mptrj
wbm-2-48699,eqV2 S,0.995633792,-0.12845920160800006,eqV2 S,mptrj
wbm-2-49019,eqV2 S,0.8858676971,-0.22119617852249998,eqV2 S,mptrj
wbm-2-49081,eqV2 S,0.9656243303000001,-0.15267504412083344,eqV2 S,mptrj
wbm-2-49233,eqV2 S,1.0276361425,-0.13764490054333336,eqV2 S,mptrj
wbm-2-49340,eqV2 S,0.6909960094,-0.3308909197525002,eqV2 S,mptrj
wbm-2-49384,eqV2 S,1.0610548237,-0.1337749030133334,eqV2 S,mptrj
wbm-2-49468,eqV2 S,0.9195441240000001,-0.17122437587125003,eqV2 S,mptrj
wbm-2-50279,eqV2 S,0.9715202243000001,-0.17906458596999997,eqV2 S,mptrj
wbm-2-50333,eqV2 S,0.8824083094,-0.10938325643499998,eqV2 S,mptrj
wbm-2-50495,eqV2 S,0.8920297423,-0.11702302050833341,eqV2 S,mptrj
wbm-2-50655,eqV2 S,0.9569384718,-0.16593910005000004,eqV2 S,mptrj
wbm-2-51174,eqV2 S,0.9898746039,-0.14264254078111113,eqV2 S,mptrj
wbm-2-5119,eqV2 S,1.0171538772,-0.05252493972363652,eqV2 S,mptrj
wbm-2-51568,eqV2 S,0.5773069073,-0.13395371087222185,eqV2 S,mptrj
wbm-2-51816,eqV2 S,1.0213500204,-0.11042217326499992,eqV2 S,mptrj
wbm-2-51830,eqV2 S,0.8474559525,-0.06605426292361116,eqV2 S,mptrj
wbm-2-51886,eqV2 S,0.8666408272,-0.18995906172666666,eqV2 S,mptrj
wbm-2-5191,eqV2 S,0.9212345373,0.06714606482454545,eqV2 S,mptrj
wbm-2-52052,eqV2 S,0.7981885167,-0.1655376547724999,eqV2 S,mptrj
wbm-2-52350,eqV2 S,0.9548462150000001,-0.15751882740583334,eqV2 S,mptrj
wbm-2-52424,eqV2 S,1.0726285816,-0.1504480944075,eqV2 S,mptrj
wbm-2-5247,eqV2 S,0.9986150373,-0.09076372054600007,eqV2 S,mptrj
wbm-2-52502,eqV2 S,1.0200969588,-0.1250346316375001,eqV2 S,mptrj
wbm-2-52632,eqV2 S,0.9569776297,-0.16778261202000017,eqV2 S,mptrj
wbm-2-5290,eqV2 S,0.9670918298000001,-0.174216158316,eqV2 S,mptrj
wbm-2-5804,eqV2 S,1.0564137005,-0.22539247746666657,eqV2 S,mptrj
wbm-2-6062,eqV2 S,0.8941738503000001,-0.07204426793666675,eqV2 S,mptrj
wbm-2-6092,eqV2 S,0.9393620105,-0.0901338076774999,eqV2 S,mptrj
wbm-2-6110,eqV2 S,0.8925627294,-0.11565784475199989,eqV2 S,mptrj
wbm-2-6329,eqV2 S,0.9680018650000001,-0.2086046861412499,eqV2 S,mptrj
wbm-2-6620,eqV2 S,0.9826037671000001,-0.09986878256250001,eqV2 S,mptrj
wbm-2-6627,eqV2 S,0.9196554716,-0.16470898663399994,eqV2 S,mptrj
wbm-2-6892,eqV2 S,0.9601032732,-0.025960284292999913,eqV2 S,mptrj
wbm-2-6906,eqV2 S,0.9454905458,0.034030377344444356,eqV2 S,mptrj
wbm-2-6947,eqV2 S,1.0062128683,0.007599910129999969,eqV2 S,mptrj
wbm-2-7202,eqV2 S,0.9632554544,-0.14688059469636364,eqV2 S,mptrj
wbm-2-7809,eqV2 S,0.9747367290000001,-0.12593271427800007,eqV2 S,mptrj
wbm-2-828,eqV2 S,1.0032105627,-0.14303901688374987,eqV2 S,mptrj
wbm-2-9248,eqV2 S,0.8723901601,-0.16782734742,eqV2 S,mptrj
wbm-2-9267,eqV2 S,0.8825804016000001,-0.0997179400637501,eqV2 S,mptrj
wbm-2-9731,eqV2 S,0.9814163369000001,-0.07524696781700001,eqV2 S,mptrj
wbm-3-10689,eqV2 S,0.9032337368000001,-0.1448874600563637,eqV2 S,mptrj
wbm-3-11165,eqV2 S,1.0015001042,-0.04084221552656253,eqV2 S,mptrj
wbm-3-11718,eqV2 S,0.9675426172,-0.13004893877857152,eqV2 S,mptrj
wbm-3-12323,eqV2 S,0.8723354099,-0.21593439529799996,eqV2 S,mptrj
wbm-3-12716,eqV2 S,1.0420089188,-0.13620586703111115,eqV2 S,mptrj
wbm-3-12746,eqV2 S,0.9032263285000001,-0.14285385744000004,eqV2 S,mptrj
wbm-3-12774,eqV2 S,0.98420551,-0.1572147721489999,eqV2 S,mptrj
wbm-3-12889,eqV2 S,1.015964331,-0.20261310266833324,eqV2 S,mptrj
wbm-3-13114,eqV2 S,0.9752336792,-0.12709758231833343,eqV2 S,mptrj
wbm-3-13317,eqV2 S,0.9746515495,-0.06673947371833329,eqV2 S,mptrj
wbm-3-13400,eqV2 S,1.0402869541,-0.08966719182222228,eqV2 S,mptrj
wbm-3-13486,eqV2 S,0.976183177,-0.059561568569999945,eqV2 S,mptrj
wbm-3-13949,eqV2 S,1.0090038468,-0.12640031959499992,eqV2 S,mptrj
wbm-3-13976,eqV2 S,0.9587395688,-0.05250269324000001,eqV2 S,mptrj
wbm-3-14196,eqV2 S,0.9223025158,-0.19015181858124994,eqV2 S,mptrj
wbm-3-14217,eqV2 S,0.9495285599000001,-0.1689761837744444,eqV2 S,mptrj
wbm-3-1457,eqV2 S,0.9754314033,-0.13846330756599995,eqV2 S,mptrj
wbm-3-14648,eqV2 S,1.020131757,0.03123267711000004,eqV2 S,mptrj
wbm-3-148,eqV2 S,0.9743192115,-0.047156296794999976,eqV2 S,mptrj
wbm-3-14897,eqV2 S,1.0480016403,-0.1742663237144444,eqV2 S,mptrj
wbm-3-15167,eqV2 S,1.037182209,-0.005564232416999921,eqV2 S,mptrj
wbm-3-15223,eqV2 S,0.9540070496,-0.2680906158774999,eqV2 S,mptrj
wbm-3-15280,eqV2 S,0.9533827837000001,-0.16392182330300004,eqV2 S,mptrj
wbm-3-15327,eqV2 S,0.8466257643,-0.20883381023166644,eqV2 S,mptrj
wbm-3-1552,eqV2 S,0.9260440409,-0.10425792306666655,eqV2 S,mptrj
wbm-3-15643,eqV2 S,0.9543141268,-0.160082601506,eqV2 S,mptrj
wbm-3-16336,eqV2 S,1.0080991524,-0.1590784483266667,eqV2 S,mptrj
wbm-3-16734,eqV2 S,0.9553953603,-0.12837247850000008,eqV2 S,mptrj
wbm-3-16816,eqV2 S,0.9653260195000001,-0.15627686459166673,eqV2 S,mptrj
wbm-3-1719,eqV2 S,0.9271443977,-0.17776228593645835,eqV2 S,mptrj
wbm-3-17250,eqV2 S,1.0127688003,-0.17110443078750004,eqV2 S,mptrj
wbm-3-17617,eqV2 S,0.9862397334,-0.14473426964062508,eqV2 S,mptrj
wbm-3-17661,eqV2 S,0.9617860327000001,-0.055067433169999846,eqV2 S,mptrj
wbm-3-1822,eqV2 S,0.9752147099,-0.22666348225666658,eqV2 S,mptrj
wbm-3-18479,eqV2 S,1.1843474010000001,-0.18269959341333344,eqV2 S,mptrj
wbm-3-18841,eqV2 S,0.9472925025000001,-0.14519369046984112,eqV2 S,mptrj
wbm-3-19096,eqV2 S,1.0156093911,-0.05526442192777792,eqV2 S,mptrj
wbm-3-19145,eqV2 S,0.9661288686,-0.07046638224333333,eqV2 S,mptrj
wbm-3-19453,eqV2 S,0.9514452474,-0.12446922416500007,eqV2 S,mptrj
wbm-3-20198,eqV2 S,0.9684569749,-0.12386053786499983,eqV2 S,mptrj
wbm-3-20284,eqV2 S,1.0454814883,-0.07853178709222222,eqV2 S,mptrj
wbm-3-20301,eqV2 S,0.5438460340000001,-0.0109072749746027,eqV2 S,mptrj
wbm-3-20382,eqV2 S,0.9889883515000001,-0.009409462888333308,eqV2 S,mptrj
wbm-3-20528,eqV2 S,1.002943782,-0.36423253340222206,eqV2 S,mptrj
wbm-3-20949,eqV2 S,0.8560144937,-0.18120080449333353,eqV2 S,mptrj
wbm-3-21531,eqV2 S,0.9443160378000001,-0.12970489094916668,eqV2 S,mptrj
wbm-3-21627,eqV2 S,1.0340577251,-0.024086406711666796,eqV2 S,mptrj
wbm-3-21642,eqV2 S,0.9571892980000001,-0.13329773647142856,eqV2 S,mptrj
wbm-3-22305,eqV2 S,0.9440058819,-0.11032672122291665,eqV2 S,mptrj
wbm-3-22379,eqV2 S,1.0388543233,-0.09011385626374997,eqV2 S,mptrj
wbm-3-2248,eqV2 S,1.002292979,-0.14622216222444445,eqV2 S,mptrj
wbm-3-22519,eqV2 S,0.9662101141,-0.13025118077638886,eqV2 S,mptrj
wbm-3-22524,eqV2 S,1.0420452033,-0.06523535484375005,eqV2 S,mptrj
wbm-3-22718,eqV2 S,0.9886712515,-0.06221105605468713,eqV2 S,mptrj
wbm-3-22742,eqV2 S,1.0127265266,0.008257625815000048,eqV2 S,mptrj
wbm-3-22772,eqV2 S,0.9672435719,-0.14756750304124971,eqV2 S,mptrj
wbm-3-23060,eqV2 S,0.9216390613000001,-0.09254485157999985,eqV2 S,mptrj
wbm-3-23205,eqV2 S,0.9111238856,-0.08954234856249998,eqV2 S,mptrj
wbm-3-23657,eqV2 S,1.0875819914,-0.14292111374499986,eqV2 S,mptrj
wbm-3-23961,eqV2 S,1.0194951438,-0.07109036809090928,eqV2 S,mptrj
wbm-3-24482,eqV2 S,0.9637684229000001,-0.13414985176624983,eqV2 S,mptrj
wbm-3-24541,eqV2 S,0.9548250883,-0.15922806762469122,eqV2 S,mptrj
wbm-3-25261,eqV2 S,0.8859191069000001,-0.10157981266299998,eqV2 S,mptrj
wbm-3-25538,eqV2 S,0.8296893882,-0.0962880402485714,eqV2 S,mptrj
wbm-3-25577,eqV2 S,0.8655270576,-0.05637301700999992,eqV2 S,mptrj
wbm-3-26237,eqV2 S,0.9862785987,-0.1482103901222222,eqV2 S,mptrj
wbm-3-26853,eqV2 S,0.9521357338,-0.14147434294027772,eqV2 S,mptrj
wbm-3-26855,eqV2 S,0.9633315511,-0.11616775561500008,eqV2 S,mptrj
wbm-3-27894,eqV2 S,0.9546251956,-0.16150999781583325,eqV2 S,mptrj
wbm-3-28259,eqV2 S,0.9779149506,-0.18185934058416664,eqV2 S,mptrj
wbm-3-28421,eqV2 S,1.0071685457,-0.11048562216142856,eqV2 S,mptrj
wbm-3-2876,eqV2 S,0.9605600675,-0.14464342534285726,eqV2 S,mptrj
wbm-3-29262,eqV2 S,1.0251218038,-0.12683093958000013,eqV2 S,mptrj
wbm-3-29413,eqV2 S,0.9753378766,-0.16149268419555562,eqV2 S,mptrj
wbm-3-2947,eqV2 S,0.9440464855,-0.13515216369857147,eqV2 S,mptrj
wbm-3-29478,eqV2 S,1.0153814903,-0.08365827367199984,eqV2 S,mptrj
wbm-3-29820,eqV2 S,0.9577195432000001,-0.19143490252124984,eqV2 S,mptrj
wbm-3-29926,eqV2 S,0.9677678096000001,-0.11642589920100002,eqV2 S,mptrj
wbm-3-30118,eqV2 S,0.9783422524000001,-0.19110826356999994,eqV2 S,mptrj
wbm-3-30211,eqV2 S,1.0206797575,-0.20052126387400007,eqV2 S,mptrj
wbm-3-30339,eqV2 S,0.9794902693,-0.09446234626124994,eqV2 S,mptrj
wbm-3-30439,eqV2 S,1.0012369365,-0.00805193306800021,eqV2 S,mptrj
wbm-3-30449,eqV2 S,0.9827069119,-0.1650582433439999,eqV2 S,mptrj
wbm-3-306,eqV2 S,0.9586600285,-0.14913034468083344,eqV2 S,mptrj
wbm-3-31547,eqV2 S,0.9855515565,-0.24545122229900002,eqV2 S,mptrj
wbm-3-32182,eqV2 S,1.153218936,-0.15776301814999982,eqV2 S,mptrj
wbm-3-32371,eqV2 S,0.9581512195,-0.15389974918000002,eqV2 S,mptrj
wbm-3-3260,eqV2 S,1.0064193841,-0.18777253387124992,eqV2 S,mptrj
wbm-3-32953,eqV2 S,0.9437624927,-0.047278851220833334,eqV2 S,mptrj
wbm-3-33052,eqV2 S,0.965368753,-0.1664045986916667,eqV2 S,mptrj
wbm-3-33057,eqV2 S,0.9396719777,-0.1629675497616668,eqV2 S,mptrj
wbm-3-33496,eqV2 S,0.9760186615,-0.14215966025166663,eqV2 S,mptrj
wbm-3-33667,eqV2 S,1.0804403162,0.024809192698750017,eqV2 S,mptrj
wbm-3-33669,eqV2 S,0.9503832170000001,-0.0641944806214287,eqV2 S,mptrj
wbm-3-33766,eqV2 S,0.9414172054000001,-0.08417193325624983,eqV2 S,mptrj
wbm-3-33958,eqV2 S,0.9727052723,-0.06846614393600003,eqV2 S,mptrj
wbm-3-34051,eqV2 S,1.0054814743,-0.12612721575142846,eqV2 S,mptrj
wbm-3-34079,eqV2 S,0.9913474536,-0.18245159238857148,eqV2 S,mptrj
wbm-3-34526,eqV2 S,0.9654426351000001,-0.10860121070999966,eqV2 S,mptrj
wbm-3-34928,eqV2 S,0.9331857642,-0.12456922602499976,eqV2 S,mptrj
wbm-3-35085,eqV2 S,0.9982221491000001,-0.1314003719866668,eqV2 S,mptrj
wbm-3-35166,eqV2 S,0.9740623778,-0.02693999897888892,eqV2 S,mptrj
wbm-3-35187,eqV2 S,0.9225664116000001,-0.14906523882599998,eqV2 S,mptrj
wbm-3-35781,eqV2 S,0.9961776238000001,-0.05577980560500002,eqV2 S,mptrj
wbm-3-35839,eqV2 S,0.8719517753,-0.09459033608000005,eqV2 S,mptrj
wbm-3-36237,eqV2 S,1.0051501526,-0.1107603918837499,eqV2 S,mptrj
wbm-3-36320,eqV2 S,0.9671592825,-0.10973413925749984,eqV2 S,mptrj
wbm-3-36651,eqV2 S,0.9710086155000001,-0.14171013893181825,eqV2 S,mptrj
wbm-3-36996,eqV2 S,1.0610236302,-0.9382669577500001,eqV2 S,mptrj
wbm-3-37033,eqV2 S,0.9952118755,-0.05531165012000002,eqV2 S,mptrj
wbm-3-37063,eqV2 S,0.9097979029000001,-0.11308416748499997,eqV2 S,mptrj
wbm-3-37150,eqV2 S,0.9485225282,-0.13672390825500003,eqV2 S,mptrj
wbm-3-37539,eqV2 S,0.9370047323,-0.05534416590100001,eqV2 S,mptrj
wbm-3-3762,eqV2 S,0.8175622720000001,-0.17817122659714288,eqV2 S,mptrj
wbm-3-37637,eqV2 S,0.9582606419,-0.10916783121583318,eqV2 S,mptrj
wbm-3-37700,eqV2 S,0.940756798,-0.11602732426999998,eqV2 S,mptrj
wbm-3-37760,eqV2 S,0.9957659001,-0.012455396649999962,eqV2 S,mptrj
wbm-3-37854,eqV2 S,0.9590631374,-0.08764884464125,eqV2 S,mptrj
wbm-3-38201,eqV2 S,0.9304484188000001,-0.11827639373749999,eqV2 S,mptrj
wbm-3-38304,eqV2 S,1.0241615706,-0.08850119698888878,eqV2 S,mptrj
wbm-3-38309,eqV2 S,0.9896328708000001,-0.07648677348444441,eqV2 S,mptrj
wbm-3-38620,eqV2 S,0.9729401710000001,-0.16459585945500005,eqV2 S,mptrj
wbm-3-38776,eqV2 S,0.9865718987000001,-0.008893991491666675,eqV2 S,mptrj
wbm-3-38878,eqV2 S,1.0087589329,-0.12935135670166661,eqV2 S,mptrj
wbm-3-39280,eqV2 S,0.9400446196000001,-0.13286405274000002,eqV2 S,mptrj
wbm-3-40020,eqV2 S,0.9578546751,-0.12903612537666673,eqV2 S,mptrj
wbm-3-40352,eqV2 S,0.9694409773,-0.18211744448600015,eqV2 S,mptrj
wbm-3-40869,eqV2 S,0.9787311323000001,-0.06891072522750008,eqV2 S,mptrj
wbm-3-41021,eqV2 S,0.9493887780000001,-0.07793500089305555,eqV2 S,mptrj
wbm-3-41155,eqV2 S,1.1121328451,-0.1964094945999999,eqV2 S,mptrj
wbm-3-41162,eqV2 S,1.1671225223,-0.27030154463392847,eqV2 S,mptrj
wbm-3-41194,eqV2 S,0.9323618448000001,0.0684735576216666,eqV2 S,mptrj
wbm-3-41559,eqV2 S,0.8099825006,-0.17932813381249996,eqV2 S,mptrj
wbm-3-41591,eqV2 S,0.9461558161,-0.09898019366666681,eqV2 S,mptrj
wbm-3-4193,eqV2 S,0.8015683009,-0.15509054940749972,eqV2 S,mptrj
wbm-3-42072,eqV2 S,0.9737430233000001,-0.15297759082999995,eqV2 S,mptrj
wbm-3-42429,eqV2 S,0.9365510583000001,-0.12819777862499993,eqV2 S,mptrj
wbm-3-42516,eqV2 S,0.7893847426,0.28227907243500017,eqV2 S,mptrj
wbm-3-42538,eqV2 S,0.8942005065,-0.22338992138750013,eqV2 S,mptrj
wbm-3-42640,eqV2 S,0.9637624799000001,-0.1776808154874999,eqV2 S,mptrj
wbm-3-42658,eqV2 S,1.1537281833,-0.07653612737444439,eqV2 S,mptrj
wbm-3-42727,eqV2 S,0.8905298627,-0.09512864063000019,eqV2 S,mptrj
wbm-3-42969,eqV2 S,0.9325867584,0.06212399124666673,eqV2 S,mptrj
wbm-3-43100,eqV2 S,0.926849184,-0.10015732803222224,eqV2 S,mptrj
wbm-3-43237,eqV2 S,0.970698139,-0.12025507265250006,eqV2 S,mptrj
wbm-3-43314,eqV2 S,1.0991894668,-0.11208237548500008,eqV2 S,mptrj
wbm-3-43330,eqV2 S,0.9715150269,-0.18442063300500014,eqV2 S,mptrj
wbm-3-43872,eqV2 S,1.0070729412,-0.2074611664024996,eqV2 S,mptrj
wbm-3-44030,eqV2 S,1.0104034641,-0.11304375223999982,eqV2 S,mptrj
wbm-3-44054,eqV2 S,0.9463558338,-0.04349281221200016,eqV2 S,mptrj
wbm-3-44492,eqV2 S,0.9930527161,-0.17585882792899993,eqV2 S,mptrj
wbm-3-44546,eqV2 S,0.968707431,-0.06010008171100025,eqV2 S,mptrj
wbm-3-44704,eqV2 S,0.9990580137,-0.06066572679090881,eqV2 S,mptrj
wbm-3-44894,eqV2 S,1.0223243048,-0.1935349172383333,eqV2 S,mptrj
wbm-3-44975,eqV2 S,0.9269079699,-0.16718821241699983,eqV2 S,mptrj
wbm-3-45183,eqV2 S,1.017962279,-0.09872130017999985,eqV2 S,mptrj
wbm-3-45466,eqV2 S,0.9894203014,-0.17685719389399993,eqV2 S,mptrj
wbm-3-45678,eqV2 S,0.9986410944,-0.22261321334,eqV2 S,mptrj
wbm-3-45688,eqV2 S,0.9135193920000001,-0.1158723446333332,eqV2 S,mptrj
wbm-3-45998,eqV2 S,1.1290963617,-0.27171755833272737,eqV2 S,mptrj
wbm-3-46394,eqV2 S,1.0263936944,-0.1928345379733335,eqV2 S,mptrj
wbm-3-46540,eqV2 S,0.9732118604000001,-0.10517299528833318,eqV2 S,mptrj
wbm-3-46685,eqV2 S,0.9570782261,-0.05864553944599994,eqV2 S,mptrj
wbm-3-46735,eqV2 S,0.9568349896,-0.13111425207222216,eqV2 S,mptrj
wbm-3-47098,eqV2 S,0.9310503577,-0.12500066328611106,eqV2 S,mptrj
wbm-3-47103,eqV2 S,0.9406867785,-0.20204024914999988,eqV2 S,mptrj
wbm-3-47175,eqV2 S,0.9292874929,-0.13636522790833336,eqV2 S,mptrj
wbm-3-47241,eqV2 S,0.9846209114000001,-0.21191551255000007,eqV2 S,mptrj
wbm-3-47298,eqV2 S,0.9166584991000001,-0.11778891991125015,eqV2 S,mptrj
wbm-3-49919,eqV2 S,0.967919187,-0.1698398099775,eqV2 S,mptrj
wbm-3-4997,eqV2 S,0.9439376988,-0.24662914311166684,eqV2 S,mptrj
wbm-3-50064,eqV2 S,1.0326339028,-0.12120191183999988,eqV2 S,mptrj
wbm-3-50205,eqV2 S,0.9685951385,0.0012498426579998778,eqV2 S,mptrj
wbm-3-50520,eqV2 S,0.9477932029,-0.12112301376222227,eqV2 S,mptrj
wbm-3-50670,eqV2 S,1.0245009985,-0.13666828913700016,eqV2 S,mptrj
wbm-3-51459,eqV2 S,0.9918291001,0.024474645589999965,eqV2 S,mptrj
wbm-3-51587,eqV2 S,0.9914703534,0.031731504849999655,eqV2 S,mptrj
wbm-3-5184,eqV2 S,0.9360406219,-0.11166783581166673,eqV2 S,mptrj
wbm-3-52355,eqV2 S,0.9995347277000001,-0.017765565965833476,eqV2 S,mptrj
wbm-3-52431,eqV2 S,0.9759057306000001,0.029004899159999997,eqV2 S,mptrj
wbm-3-52542,eqV2 S,1.0163021195,-0.14757512531249972,eqV2 S,mptrj
wbm-3-52633,eqV2 S,0.997244301,0.02307059680624999,eqV2 S,mptrj
wbm-3-5266,eqV2 S,0.8818361106,-0.13608833157166664,eqV2 S,mptrj
wbm-3-52816,eqV2 S,0.9378309423000001,-0.08475497260454562,eqV2 S,mptrj
wbm-3-52847,eqV2 S,1.0024242673,-0.10786019844666662,eqV2 S,mptrj
wbm-3-53364,eqV2 S,1.0012604467,-0.09261425210899986,eqV2 S,mptrj
wbm-3-53557,eqV2 S,1.0284434816,-0.23903909178333388,eqV2 S,mptrj
wbm-3-53750,eqV2 S,1.0125340988,-0.03595191238400005,eqV2 S,mptrj
wbm-3-54048,eqV2 S,0.9689688473,-0.10138927344600006,eqV2 S,mptrj
wbm-3-54295,eqV2 S,1.0352023468,-0.005180603888888676,eqV2 S,mptrj
wbm-3-54341,eqV2 S,0.9732883307,-0.09918369531900005,eqV2 S,mptrj
wbm-3-54781,eqV2 S,0.9068820517,-0.12635165618499983,eqV2 S,mptrj
wbm-3-54884,eqV2 S,0.9831955202,-0.08657981349299995,eqV2 S,mptrj
wbm-3-54941,eqV2 S,0.9742525555,-0.13333935279300008,eqV2 S,mptrj
wbm-3-54994,eqV2 S,0.8845309975000001,-0.14711091389750025,eqV2 S,mptrj
wbm-3-5506,eqV2 S,0.971167816,-0.16949168639416676,eqV2 S,mptrj
wbm-3-55447,eqV2 S,0.9796869207000001,-0.10510252287888891,eqV2 S,mptrj
wbm-3-55539,eqV2 S,1.0246764806,-0.11901693703899993,eqV2 S,mptrj
wbm-3-55627,eqV2 S,0.9936453125,-0.07596272499220791,eqV2 S,mptrj
wbm-3-56074,eqV2 S,0.9777606138,-0.0731838948757576,eqV2 S,mptrj
wbm-3-56128,eqV2 S,1.0052441946,-0.01015986078833322,eqV2 S,mptrj
wbm-3-56146,eqV2 S,1.0228658194,-0.029181374784166773,eqV2 S,mptrj
wbm-3-56178,eqV2 S,0.9790298543,0.002555171079999911,eqV2 S,mptrj
wbm-3-56716,eqV2 S,0.9567497823000001,-0.14170247704,eqV2 S,mptrj
wbm-3-56851,eqV2 S,0.9816166539000001,-0.10162336974399999,eqV2 S,mptrj
wbm-3-56962,eqV2 S,0.9127859803,-0.11280085566,eqV2 S,mptrj
wbm-3-57010,eqV2 S,0.9678584538,-0.13891960327916653,eqV2 S,mptrj
wbm-3-57180,eqV2 S,0.9368076814,-0.22380702780599995,eqV2 S,mptrj
wbm-3-57785,eqV2 S,0.6975892463000001,-0.11572495070000006,eqV2 S,mptrj
wbm-3-58210,eqV2 S,0.9334900137000001,-0.14544762678444445,eqV2 S,mptrj
wbm-3-58328,eqV2 S,0.9266292531,-0.131416322182,eqV2 S,mptrj
wbm-3-58361,eqV2 S,0.9527812968,-0.2743157386725,eqV2 S,mptrj
wbm-3-59267,eqV2 S,0.9622822605,-0.15200383123555572,eqV2 S,mptrj
wbm-3-59295,eqV2 S,0.7998005446,-0.10241448738799988,eqV2 S,mptrj
wbm-3-59449,eqV2 S,0.9291549757,-0.18811500518583332,eqV2 S,mptrj
wbm-3-59466,eqV2 S,0.9931275917000001,-0.1299042248249999,eqV2 S,mptrj
wbm-3-595,eqV2 S,0.9516208586,0.00756919846818191,eqV2 S,mptrj
wbm-3-59933,eqV2 S,0.9206101767,-0.13907677085499995,eqV2 S,mptrj
wbm-3-60022,eqV2 S,0.9765607973,-0.12482606105666676,eqV2 S,mptrj
wbm-3-60241,eqV2 S,0.9899971219,-0.12275173739499996,eqV2 S,mptrj
wbm-3-603,eqV2 S,1.0081468712,-0.17837404616999997,eqV2 S,mptrj
wbm-3-60446,eqV2 S,0.9682590002,-0.07735517273666691,eqV2 S,mptrj
wbm-3-61162,eqV2 S,0.9896743745000001,-0.10245495390499991,eqV2 S,mptrj
wbm-3-61232,eqV2 S,0.8762492527,-0.17028544401250006,eqV2 S,mptrj
wbm-3-61906,eqV2 S,0.9826644632,-0.12300139835333325,eqV2 S,mptrj
wbm-3-62045,eqV2 S,1.0190136896,-0.03403745886944441,eqV2 S,mptrj
wbm-3-6216,eqV2 S,0.9893073061000001,-0.003659451902499988,eqV2 S,mptrj
wbm-3-62502,eqV2 S,0.9683948631,-0.2404984828142856,eqV2 S,mptrj
wbm-3-62783,eqV2 S,1.0582117909,-0.24937710402374993,eqV2 S,mptrj
wbm-3-62830,eqV2 S,0.9385946115,-0.0901444805809092,eqV2 S,mptrj
wbm-3-63055,eqV2 S,0.9070974962,-0.15830783283499994,eqV2 S,mptrj
wbm-3-63253,eqV2 S,1.0890191465,-0.19708838617666666,eqV2 S,mptrj
wbm-3-63360,eqV2 S,0.9519385432,-0.14169782419629623,eqV2 S,mptrj
wbm-3-63525,eqV2 S,0.9102145730000001,-0.044238004632000026,eqV2 S,mptrj
wbm-3-64157,eqV2 S,0.9700941367,-0.17754754502,eqV2 S,mptrj
wbm-3-64616,eqV2 S,1.0172115262,-0.12291589042750015,eqV2 S,mptrj
wbm-3-65153,eqV2 S,0.9884047393000001,-0.08887323568875001,eqV2 S,mptrj
wbm-3-65435,eqV2 S,0.9784776263,-0.05212764991388871,eqV2 S,mptrj
wbm-3-65475,eqV2 S,0.9261288679,-0.018186844874999924,eqV2 S,mptrj
wbm-3-65984,eqV2 S,0.9668376521000001,-0.14987300102833354,eqV2 S,mptrj
wbm-3-66716,eqV2 S,0.9074541468,-0.16330659801374986,eqV2 S,mptrj
wbm-3-6686,eqV2 S,1.035822351,-0.17727964176333325,eqV2 S,mptrj
wbm-3-66915,eqV2 S,0.9730073388,-0.11004405235800001,eqV2 S,mptrj
wbm-3-67124,eqV2 S,0.9545638223,-0.08622094160166671,eqV2 S,mptrj
wbm-3-67497,eqV2 S,0.9066973074,-0.09555917470625008,eqV2 S,mptrj
wbm-3-67713,eqV2 S,0.8876992412,-0.15929790517000003,eqV2 S,mptrj
wbm-3-67920,eqV2 S,0.9038916097,-0.1325666768658333,eqV2 S,mptrj
wbm-3-68136,eqV2 S,0.9380425038,-0.04479281624624996,eqV2 S,mptrj
wbm-3-68514,eqV2 S,0.9462435117,-0.17351457479111126,eqV2 S,mptrj
wbm-3-68711,eqV2 S,0.9712526869,-0.23406472230571415,eqV2 S,mptrj
wbm-3-69146,eqV2 S,0.9850544535,-0.04719397231599999,eqV2 S,mptrj
wbm-3-69202,eqV2 S,0.9777876838,-0.16209913904875,eqV2 S,mptrj
wbm-3-69261,eqV2 S,0.9515401163,-0.16927761561857133,eqV2 S,mptrj
wbm-3-69323,eqV2 S,0.9780321417000001,-0.14066489183,eqV2 S,mptrj
wbm-3-69961,eqV2 S,0.9342947363,-0.14410068083181835,eqV2 S,mptrj
wbm-3-70170,eqV2 S,0.9546872831000001,-0.22268632015727238,eqV2 S,mptrj
wbm-3-70189,eqV2 S,0.9783138848,-0.19999120193272726,eqV2 S,mptrj
wbm-3-70249,eqV2 S,1.0013449538,-0.13546107610363614,eqV2 S,mptrj
wbm-3-70474,eqV2 S,0.9676995976,-0.03595328509999973,eqV2 S,mptrj
wbm-3-712,eqV2 S,0.9751534366000001,-0.17900140132874992,eqV2 S,mptrj
wbm-3-71225,eqV2 S,1.0500607062,-0.15431520971900015,eqV2 S,mptrj
wbm-3-71404,eqV2 S,0.9626421177000001,-0.10752957931499996,eqV2 S,mptrj
wbm-3-71848,eqV2 S,0.9405918502,-0.0962224372712499,eqV2 S,mptrj
wbm-3-71989,eqV2 S,1.0655460634,-0.1389600828289999,eqV2 S,mptrj
wbm-3-72169,eqV2 S,0.9516377166000001,-0.14216653329750004,eqV2 S,mptrj
wbm-3-72274,eqV2 S,0.8464977485,-0.1849172131925,eqV2 S,mptrj
wbm-3-73083,eqV2 S,0.9878619611,-0.06399269762222216,eqV2 S,mptrj
wbm-3-73636,eqV2 S,0.9801352592,-0.054103037907999973,eqV2 S,mptrj
wbm-3-73935,eqV2 S,0.9937085977000001,-0.07516960721624995,eqV2 S,mptrj
wbm-3-75010,eqV2 S,0.9875161617,-0.13122812928166674,eqV2 S,mptrj
wbm-3-75403,eqV2 S,0.9598968834,-0.10726658581249993,eqV2 S,mptrj
wbm-3-75540,eqV2 S,1.2367679413000001,-0.22762674021296295,eqV2 S,mptrj
wbm-3-75956,eqV2 S,0.9257847167000001,-0.2424537069027779,eqV2 S,mptrj
wbm-3-75983,eqV2 S,0.9911984326000001,-0.14711790227999988,eqV2 S,mptrj
wbm-3-76051,eqV2 S,0.9313555686,-0.19997202360750013,eqV2 S,mptrj
wbm-3-76585,eqV2 S,0.9605177096,-0.14346205977222207,eqV2 S,mptrj
wbm-3-76650,eqV2 S,0.9848944987,-0.096346400252,eqV2 S,mptrj
wbm-3-76809,eqV2 S,0.9876110236000001,-0.08625798420800006,eqV2 S,mptrj
wbm-3-76971,eqV2 S,0.9777250249,-0.11650736878374998,eqV2 S,mptrj
wbm-3-7741,eqV2 S,1.0126022805,-0.1714006352041665,eqV2 S,mptrj
wbm-3-77528,eqV2 S,0.9993221232,-0.13172181363000007,eqV2 S,mptrj
wbm-3-77731,eqV2 S,0.9986290784,-0.12240602496375001,eqV2 S,mptrj
wbm-3-78067,eqV2 S,0.9696429018,-0.12703157834299994,eqV2 S,mptrj
wbm-3-78151,eqV2 S,0.9535391965000001,-0.14168969160500006,eqV2 S,mptrj
wbm-3-78206,eqV2 S,0.9334656276000001,-0.08283580791666657,eqV2 S,mptrj
wbm-3-78592,eqV2 S,0.8704096656,-0.10577153972666681,eqV2 S,mptrj
wbm-3-79099,eqV2 S,0.9112758004,-0.10813876181833315,eqV2 S,mptrj
wbm-3-7917,eqV2 S,0.963097576,-0.13257406041363645,eqV2 S,mptrj
wbm-3-8541,eqV2 S,0.9808942523,-0.11564937982545458,eqV2 S,mptrj
wbm-3-8554,eqV2 S,0.9682660597,-0.20150662883181794,eqV2 S,mptrj
wbm-3-9136,eqV2 S,0.9857218703,-0.21621386200625006,eqV2 S,mptrj
wbm-3-9227,eqV2 S,1.0341711249,-0.1895742905483335,eqV2 S,mptrj
wbm-3-924,eqV2 S,0.9074963736,-0.15856168637777804,eqV2 S,mptrj
wbm-3-9240,eqV2 S,0.8989570116000001,-0.15187702997333355,eqV2 S,mptrj
wbm-3-9643,eqV2 S,0.9768190401000001,-0.20085932005166662,eqV2 S,mptrj
wbm-3-9769,eqV2 S,0.9033503831,-0.12202926939400016,eqV2 S,mptrj
wbm-4-10054,eqV2 S,0.8774321968000001,-0.23355928483999996,eqV2 S,mptrj
wbm-4-10294,eqV2 S,1.0470807464,-0.09921586484666652,eqV2 S,mptrj
wbm-4-10665,eqV2 S,1.0445757721,-0.09987793140124986,eqV2 S,mptrj
wbm-4-10830,eqV2 S,0.9649155273000001,-0.09620000704499994,eqV2 S,mptrj
wbm-4-11797,eqV2 S,1.0486958389,-0.10546667831499992,eqV2 S,mptrj
wbm-4-12086,eqV2 S,0.8863172727,-0.15852072560750016,eqV2 S,mptrj
wbm-4-12502,eqV2 S,0.9810398855,-0.09186355416222228,eqV2 S,mptrj
wbm-4-12573,eqV2 S,0.9729030230000001,-0.09149723320777786,eqV2 S,mptrj
wbm-4-12645,eqV2 S,0.8707285738,0.17000116944750027,eqV2 S,mptrj
wbm-4-12995,eqV2 S,1.0021884698,-0.13917609531800004,eqV2 S,mptrj
wbm-4-13409,eqV2 S,1.0287332199,-0.17798940597999996,eqV2 S,mptrj
wbm-4-13566,eqV2 S,1.0264011045,-0.17523516878624984,eqV2 S,mptrj
wbm-4-14124,eqV2 S,0.975324838,-0.19006348510000012,eqV2 S,mptrj
wbm-4-14376,eqV2 S,0.98460758,-0.2206225995366667,eqV2 S,mptrj
wbm-4-14665,eqV2 S,0.9550498916000001,-0.24571469517999986,eqV2 S,mptrj
wbm-4-14933,eqV2 S,0.9125445449,-0.252300712965,eqV2 S,mptrj
wbm-4-15235,eqV2 S,0.9870719529,-0.07771047995833366,eqV2 S,mptrj
wbm-4-15858,eqV2 S,0.9567408979,-0.17542683617083324,eqV2 S,mptrj
wbm-4-16373,eqV2 S,0.9454354688000001,-0.21572930570249998,eqV2 S,mptrj
wbm-4-16740,eqV2 S,0.9448740496,-0.06906029733833331,eqV2 S,mptrj
wbm-4-16765,eqV2 S,0.86744033,-0.23306140363750005,eqV2 S,mptrj
wbm-4-16869,eqV2 S,0.9282166242000001,-0.11799748846499986,eqV2 S,mptrj
wbm-4-1702,eqV2 S,1.0039992648,-0.2573266057083332,eqV2 S,mptrj
wbm-4-1741,eqV2 S,1.1212275387,-0.22761457378875,eqV2 S,mptrj
wbm-4-17711,eqV2 S,0.907667992,-0.0714746639141667,eqV2 S,mptrj
wbm-4-17768,eqV2 S,0.9524198504,-0.0267526349674999,eqV2 S,mptrj
wbm-4-18135,eqV2 S,0.9712894802,-0.14649336090666681,eqV2 S,mptrj
wbm-4-18169,eqV2 S,0.9679651595000001,-0.13528709180666668,eqV2 S,mptrj
wbm-4-18357,eqV2 S,0.9637131276,-0.14525507034999993,eqV2 S,mptrj
wbm-4-18483,eqV2 S,0.9945141779000001,-0.12548960078599997,eqV2 S,mptrj
wbm-4-18752,eqV2 S,0.7858456122,-0.11860599611499997,eqV2 S,mptrj
wbm-4-18898,eqV2 S,0.8096971042000001,-0.124662535023,eqV2 S,mptrj
wbm-4-19359,eqV2 S,1.0013146186,-0.11900405086777775,eqV2 S,mptrj
wbm-4-19479,eqV2 S,1.0248673478,-0.14613779051285708,eqV2 S,mptrj
wbm-4-19743,eqV2 S,1.0170619916,-0.11778900492083337,eqV2 S,mptrj
wbm-4-19788,eqV2 S,1.0242407203,0.0433807910066667,eqV2 S,mptrj
wbm-4-19793,eqV2 S,0.9321055675000001,-0.08988837890299994,eqV2 S,mptrj
wbm-4-20225,eqV2 S,0.9299332009,-0.13082611497,eqV2 S,mptrj
wbm-4-20419,eqV2 S,0.95711979,-0.07930633053249997,eqV2 S,mptrj
wbm-4-20511,eqV2 S,1.0504936799,-0.16688904948750002,eqV2 S,mptrj
wbm-4-2067,eqV2 S,1.0862177875,-0.14350490736166666,eqV2 S,mptrj
wbm-4-20703,eqV2 S,1.1424370026,-0.09671899060999997,eqV2 S,mptrj
wbm-4-20837,eqV2 S,1.2049017913,-0.23374510294374984,eqV2 S,mptrj
wbm-4-21132,eqV2 S,0.9291323131,-0.13061473714000016,eqV2 S,mptrj
wbm-4-21175,eqV2 S,1.133141742,-0.14071033421041657,eqV2 S,mptrj
wbm-4-21368,eqV2 S,0.9682739253,-0.19419877240666683,eqV2 S,mptrj
wbm-4-21376,eqV2 S,0.8615416787,-0.11409310465666683,eqV2 S,mptrj
wbm-4-21871,eqV2 S,0.8643643753,-0.0933661007144444,eqV2 S,mptrj
wbm-4-21957,eqV2 S,0.9546784624,-0.20383112784875,eqV2 S,mptrj
wbm-4-22087,eqV2 S,0.9929965253,-0.18134824537599983,eqV2 S,mptrj
wbm-4-22178,eqV2 S,0.9483733888,-0.16574259760899993,eqV2 S,mptrj
wbm-4-22240,eqV2 S,0.9551657849,0.007343468277500076,eqV2 S,mptrj
wbm-4-22865,eqV2 S,1.026775682,-0.21756161096899973,eqV2 S,mptrj
wbm-4-23032,eqV2 S,0.9351032187,-0.10606674640666665,eqV2 S,mptrj
wbm-4-23297,eqV2 S,0.9574118531,-0.1102535472216667,eqV2 S,mptrj
wbm-4-23326,eqV2 S,0.9775144474,-0.1540017581366667,eqV2 S,mptrj
wbm-4-23428,eqV2 S,0.8369367225000001,-0.2251622756633336,eqV2 S,mptrj
wbm-4-23579,eqV2 S,0.8566534577,-0.12478615618833343,eqV2 S,mptrj
wbm-4-24423,eqV2 S,0.9162988019,-0.12781895218249995,eqV2 S,mptrj
wbm-4-24471,eqV2 S,1.0213795164,-0.1794555894183333,eqV2 S,mptrj
wbm-4-245,eqV2 S,0.9793831273,-0.17388179378749996,eqV2 S,mptrj
wbm-4-2486,eqV2 S,1.0323102914,-0.13327542871000003,eqV2 S,mptrj
wbm-4-24976,eqV2 S,0.9835815626000001,-0.08065892494714291,eqV2 S,mptrj
wbm-4-25275,eqV2 S,0.9794689252000001,-0.11775405504916658,eqV2 S,mptrj
wbm-4-25460,eqV2 S,1.0017516312,-0.07494863739333356,eqV2 S,mptrj
wbm-4-2551,eqV2 S,1.036568639,-0.1319952066299998,eqV2 S,mptrj
wbm-4-25775,eqV2 S,0.959928545,-0.13481564709454533,eqV2 S,mptrj
wbm-4-26367,eqV2 S,0.9872020011,-0.08920557094700002,eqV2 S,mptrj
wbm-4-26686,eqV2 S,1.0057859176,-0.07281691296555581,eqV2 S,mptrj
wbm-4-26775,eqV2 S,0.9762434350000001,-0.08265525292777767,eqV2 S,mptrj
wbm-4-26883,eqV2 S,1.0118391337,-0.057222379427999924,eqV2 S,mptrj
wbm-4-26915,eqV2 S,1.0802847131,0.019398142294444497,eqV2 S,mptrj
wbm-4-27182,eqV2 S,1.0054845039,-0.06879373665700014,eqV2 S,mptrj
wbm-4-27263,eqV2 S,0.9659550589,-0.1207858081329998,eqV2 S,mptrj
wbm-4-27275,eqV2 S,1.02126005,-0.0822734215599999,eqV2 S,mptrj
wbm-4-27736,eqV2 S,0.954519235,-0.10381942633600019,eqV2 S,mptrj
wbm-4-27942,eqV2 S,0.9697662542000001,-0.012436052770000287,eqV2 S,mptrj
wbm-4-27954,eqV2 S,0.9557913725,-0.15307083026900017,eqV2 S,mptrj
wbm-4-28454,eqV2 S,0.8765147407,-0.21942098704200014,eqV2 S,mptrj
wbm-4-28465,eqV2 S,1.0328378509,-0.17023558608300035,eqV2 S,mptrj
wbm-4-28726,eqV2 S,0.9274586131,-0.1522884987083332,eqV2 S,mptrj
wbm-4-28844,eqV2 S,0.9601336015,-0.15746443771199997,eqV2 S,mptrj
wbm-4-29036,eqV2 S,0.9224592858,-0.06892064856250002,eqV2 S,mptrj
wbm-4-29107,eqV2 S,0.9950471685000001,-0.13133029162833326,eqV2 S,mptrj
wbm-4-29225,eqV2 S,0.9502462565,-0.1084275093816668,eqV2 S,mptrj
wbm-4-29341,eqV2 S,0.923400192,-0.0815954421233334,eqV2 S,mptrj
wbm-4-29856,eqV2 S,0.9508313163000001,-0.060142866622500034,eqV2 S,mptrj
wbm-4-30094,eqV2 S,0.9839041741000001,-0.15417698457000012,eqV2 S,mptrj
wbm-4-3031,eqV2 S,0.9551780144,-0.058769227665833534,eqV2 S,mptrj
wbm-4-3082,eqV2 S,0.9619119594000001,-0.17444552197625018,eqV2 S,mptrj
wbm-4-30986,eqV2 S,1.1446756836,-0.11407914557599994,eqV2 S,mptrj
wbm-4-31067,eqV2 S,0.9576836028000001,-0.033576237933749996,eqV2 S,mptrj
wbm-4-31477,eqV2 S,0.8319233317,-0.15066689135999994,eqV2 S,mptrj
wbm-4-31779,eqV2 S,0.8140481409,-0.11928490383499986,eqV2 S,mptrj
wbm-4-32151,eqV2 S,1.093800763,-0.23638829048000012,eqV2 S,mptrj
wbm-4-3228,eqV2 S,1.0160595737,-0.16615575356818174,eqV2 S,mptrj
wbm-4-32502,eqV2 S,0.9383957756,-0.1427031400883332,eqV2 S,mptrj
wbm-4-32615,eqV2 S,0.975468795,-0.1338341311666665,eqV2 S,mptrj
wbm-4-32624,eqV2 S,0.9614169448000001,0.012725878398750012,eqV2 S,mptrj
wbm-4-33071,eqV2 S,0.9739017393,-0.10369362568585866,eqV2 S,mptrj
wbm-4-33100,eqV2 S,0.9675045841000001,-0.09305390531800015,eqV2 S,mptrj
wbm-4-33257,eqV2 S,0.9526292592000001,-0.2113972783279999,eqV2 S,mptrj
wbm-4-33273,eqV2 S,0.6495226755,-0.10328372199259267,eqV2 S,mptrj
wbm-4-33725,eqV2 S,1.0036065912,-0.14227159809111112,eqV2 S,mptrj
wbm-4-33762,eqV2 S,1.0088260597,-0.22879852030333336,eqV2 S,mptrj
wbm-4-33836,eqV2 S,0.8810126298000001,-0.08762009645000016,eqV2 S,mptrj
wbm-4-34209,eqV2 S,0.8932849216000001,-0.13917827073749994,eqV2 S,mptrj
wbm-4-34327,eqV2 S,0.9270128981,-0.14208902234499998,eqV2 S,mptrj
wbm-4-34644,eqV2 S,0.9257622892,-0.21920259552599988,eqV2 S,mptrj
wbm-4-35087,eqV2 S,0.9890973736,-0.13000576472777767,eqV2 S,mptrj
wbm-4-35344,eqV2 S,1.0020186113,-0.22065543489999997,eqV2 S,mptrj
wbm-4-35488,eqV2 S,0.9309918446000001,-0.09113915029111115,eqV2 S,mptrj
wbm-4-35828,eqV2 S,0.8861375463000001,-0.22555306317750015,eqV2 S,mptrj
wbm-4-36211,eqV2 S,0.9744578460000001,-0.136997159575,eqV2 S,mptrj
wbm-4-36238,eqV2 S,0.8692943719,-0.19268230990599988,eqV2 S,mptrj
wbm-4-36284,eqV2 S,1.0095840679,-0.11922653973749994,eqV2 S,mptrj
wbm-4-3650,eqV2 S,0.8743248413,-0.20258127713333304,eqV2 S,mptrj
wbm-4-36563,eqV2 S,0.9209309689,-0.2181223418950001,eqV2 S,mptrj
wbm-4-36886,eqV2 S,0.9700668483,-0.14214104244499998,eqV2 S,mptrj
wbm-4-38132,eqV2 S,0.97517259,-0.08343356467499992,eqV2 S,mptrj
wbm-4-38261,eqV2 S,0.9570191055,-0.09253110232249986,eqV2 S,mptrj
wbm-4-38287,eqV2 S,0.9992426592,-0.13081429793148133,eqV2 S,mptrj
wbm-4-38623,eqV2 S,0.9606084098000001,-0.18445723645666678,eqV2 S,mptrj
wbm-4-3874,eqV2 S,0.9973074626,-0.09190068754900012,eqV2 S,mptrj
wbm-4-38916,eqV2 S,1.0758397285,-0.32671906973333326,eqV2 S,mptrj
wbm-4-390,eqV2 S,0.9713980319000001,-0.12113868665999998,eqV2 S,mptrj
wbm-4-39018,eqV2 S,0.9555489652,-0.15457929954375005,eqV2 S,mptrj
wbm-4-39340,eqV2 S,1.0025447179,-0.13045535035,eqV2 S,mptrj
wbm-4-39520,eqV2 S,0.9633369457000001,-0.13162631290333338,eqV2 S,mptrj
wbm-4-39553,eqV2 S,0.9510033199000001,-0.1943321337370368,eqV2 S,mptrj
wbm-4-39788,eqV2 S,0.9378880153,-0.16450026153166666,eqV2 S,mptrj
wbm-4-39799,eqV2 S,0.9294618554,-0.16085677302500026,eqV2 S,mptrj
wbm-4-39958,eqV2 S,0.9138203587,-0.11137245305999989,eqV2 S,mptrj
wbm-4-4154,eqV2 S,0.9170382325,-0.1602870237583333,eqV2 S,mptrj
wbm-4-419,eqV2 S,0.774469979,0.3222173908550003,eqV2 S,mptrj
wbm-4-4316,eqV2 S,0.9645599848,-0.16211865911499976,eqV2 S,mptrj
wbm-4-4524,eqV2 S,0.8865558717,-0.19440462700416639,eqV2 S,mptrj
wbm-4-4590,eqV2 S,0.9100552336000001,-0.18187521383249994,eqV2 S,mptrj
wbm-4-4672,eqV2 S,0.8590233876000001,-0.06545720620500015,eqV2 S,mptrj
wbm-4-5750,eqV2 S,0.9867700420000001,-0.19810704138833324,eqV2 S,mptrj
wbm-4-6051,eqV2 S,0.8970318234,-0.20953568917499993,eqV2 S,mptrj
wbm-4-6066,eqV2 S,0.9393155709000001,-0.14184028471,eqV2 S,mptrj
wbm-4-6167,eqV2 S,0.9826978198,-0.18637169988375,eqV2 S,mptrj
wbm-4-6225,eqV2 S,0.8492048011000001,-0.0972408041166668,eqV2 S,mptrj
wbm-4-631,eqV2 S,0.9118198705,-0.12269409518249992,eqV2 S,mptrj
wbm-4-6515,eqV2 S,0.9796331619,-0.07132321992400001,eqV2 S,mptrj
wbm-4-671,eqV2 S,0.9811692764000001,-0.10440786042999993,eqV2 S,mptrj
wbm-4-6758,eqV2 S,0.952984762,-0.10312911526000028,eqV2 S,mptrj
wbm-4-7429,eqV2 S,0.9329244080000001,-0.1203200461550002,eqV2 S,mptrj
wbm-4-7784,eqV2 S,1.0341003500000001,-0.21273794029555537,eqV2 S,mptrj
wbm-4-7967,eqV2 S,0.9199800333,-0.12276204085000024,eqV2 S,mptrj
wbm-4-8012,eqV2 S,0.9335006871,-0.0972081821462499,eqV2 S,mptrj
wbm-4-8174,eqV2 S,1.0589199602,-0.13334471645749987,eqV2 S,mptrj
wbm-4-8734,eqV2 S,0.8946930486,-0.03174957876999983,eqV2 S,mptrj
wbm-4-9164,eqV2 S,0.943029447,-0.08355462617700013,eqV2 S,mptrj
wbm-4-9438,eqV2 S,1.043593987,-0.16583121677166665,eqV2 S,mptrj
wbm-4-9479,eqV2 S,1.0017193338,-0.21114577371333332,eqV2 S,mptrj
wbm-4-9486,eqV2 S,0.9479198488,-0.16569076694833337,eqV2 S,mptrj
wbm-4-9845,eqV2 S,0.9987384479,-0.10376137144833326,eqV2 S,mptrj
wbm-5-10161,eqV2 S,0.7735667863,-0.19276427294722215,eqV2 S,mptrj
wbm-5-10176,eqV2 S,0.8206595453000001,-0.09575335974333328,eqV2 S,mptrj
wbm-5-10611,eqV2 S,0.9823355642,-0.08078961252111101,eqV2 S,mptrj
wbm-5-10798,eqV2 S,1.3009201526,-0.07568223150000009,eqV2 S,mptrj
wbm-5-10867,eqV2 S,0.8780103648,-0.1636494724874999,eqV2 S,mptrj
wbm-5-10869,eqV2 S,0.9640169356,-0.2364943022024999,eqV2 S,mptrj
wbm-5-1132,eqV2 S,1.0195747381,-0.14138263490500017,eqV2 S,mptrj
wbm-5-1146,eqV2 S,0.9777053880000001,-0.2050690139328571,eqV2 S,mptrj
wbm-5-11469,eqV2 S,0.967068055,-0.10962099163499985,eqV2 S,mptrj
wbm-5-11500,eqV2 S,0.9212199894,-0.16255400262333333,eqV2 S,mptrj
wbm-5-11734,eqV2 S,0.962114224,-0.09379781574250004,eqV2 S,mptrj
wbm-5-1206,eqV2 S,0.9595039051,-0.009672515411666657,eqV2 S,mptrj
wbm-5-12443,eqV2 S,0.8989523334,-0.10908368591500003,eqV2 S,mptrj
wbm-5-12452,eqV2 S,0.9677437675,-0.19121242354749998,eqV2 S,mptrj
wbm-5-12772,eqV2 S,0.5891916623,-0.09849204539285747,eqV2 S,mptrj
wbm-5-12958,eqV2 S,1.0128208214,-0.1573580500519998,eqV2 S,mptrj
wbm-5-12975,eqV2 S,0.8101735008000001,-0.037771952062499836,eqV2 S,mptrj
wbm-5-13145,eqV2 S,0.8718935646,-0.11676275985999993,eqV2 S,mptrj
wbm-5-13166,eqV2 S,1.0408233364,-0.15471490246875003,eqV2 S,mptrj
wbm-5-13349,eqV2 S,1.0353138595,-0.08304174134333348,eqV2 S,mptrj
wbm-5-13801,eqV2 S,1.0664983934,-0.14179642407400012,eqV2 S,mptrj
wbm-5-13950,eqV2 S,0.9390616860000001,-0.1907519479037499,eqV2 S,mptrj
wbm-5-14458,eqV2 S,0.9102574803000001,-0.15890544581249993,eqV2 S,mptrj
wbm-5-14813,eqV2 S,0.9683034777,-0.17329498876499985,eqV2 S,mptrj
wbm-5-15005,eqV2 S,0.8851026985,-0.1595424716950001,eqV2 S,mptrj
wbm-5-15388,eqV2 S,0.9956961420000001,-0.056210642696296276,eqV2 S,mptrj
wbm-5-15524,eqV2 S,0.9713006493,-0.14774059733111136,eqV2 S,mptrj
wbm-5-16875,eqV2 S,0.9097994039,-0.1499915151949999,eqV2 S,mptrj
wbm-5-16887,eqV2 S,0.9730399616000001,-0.11859125427124999,eqV2 S,mptrj
wbm-5-17752,eqV2 S,1.4129668952,-0.23552802996500014,eqV2 S,mptrj
wbm-5-17774,eqV2 S,1.1216666522,-0.1958164168916666,eqV2 S,mptrj
wbm-5-1781,eqV2 S,0.9882124685,-0.15064445171999985,eqV2 S,mptrj
wbm-5-18074,eqV2 S,0.8139838419000001,-0.18481706330599992,eqV2 S,mptrj
wbm-5-18353,eqV2 S,0.9137321212,-0.19893388766666695,eqV2 S,mptrj
wbm-5-18394,eqV2 S,1.007729388,-0.1916165240633333,eqV2 S,mptrj
wbm-5-18629,eqV2 S,0.8182420782000001,-0.12610042507399996,eqV2 S,mptrj
wbm-5-1864,eqV2 S,1.0496269662,-0.18509062351875008,eqV2 S,mptrj
wbm-5-18736,eqV2 S,1.0087056704,-0.05269160852000008,eqV2 S,mptrj
wbm-5-19472,eqV2 S,0.9334937272,-0.16530426397375003,eqV2 S,mptrj
wbm-5-19507,eqV2 S,0.9005489707000001,-0.11735107707125003,eqV2 S,mptrj
wbm-5-19558,eqV2 S,0.9679225961000001,-0.09312697457750004,eqV2 S,mptrj
wbm-5-20261,eqV2 S,0.9434591865,-0.14925854647500003,eqV2 S,mptrj
wbm-5-20528,eqV2 S,0.9883989085,-0.1179323532033333,eqV2 S,mptrj
wbm-5-20727,eqV2 S,0.9475562145,-0.07784716129666691,eqV2 S,mptrj
wbm-5-21007,eqV2 S,1.0343544996,-0.16555279955111113,eqV2 S,mptrj
wbm-5-21081,eqV2 S,0.9052165702,-0.15717260349499992,eqV2 S,mptrj
wbm-5-21165,eqV2 S,0.9196325469000001,-0.23158845236499986,eqV2 S,mptrj
wbm-5-21710,eqV2 S,0.8961853156,-0.08518734356625002,eqV2 S,mptrj
wbm-5-21754,eqV2 S,0.9681534595,-0.17362879933999995,eqV2 S,mptrj
wbm-5-21768,eqV2 S,0.9519474636,-0.1953857688775001,eqV2 S,mptrj
wbm-5-21918,eqV2 S,0.9584611749,-0.0767506167677778,eqV2 S,mptrj
wbm-5-22235,eqV2 S,1.0065361955,-0.1853625221655556,eqV2 S,mptrj
wbm-5-22562,eqV2 S,0.9629972248,-0.20728551572125004,eqV2 S,mptrj
wbm-5-22642,eqV2 S,1.019542431,-0.16192765849583335,eqV2 S,mptrj
wbm-5-22788,eqV2 S,0.9368148915000001,-0.17836733255249992,eqV2 S,mptrj
wbm-5-22853,eqV2 S,0.9863195717000001,-0.19328595041333346,eqV2 S,mptrj
wbm-5-22992,eqV2 S,0.5212923334,-0.14801604524166675,eqV2 S,mptrj
wbm-5-23199,eqV2 S,0.9807002666,-0.12933616954000005,eqV2 S,mptrj
wbm-5-2663,eqV2 S,0.9632830025,-0.23352992168375009,eqV2 S,mptrj
wbm-5-2813,eqV2 S,1.0545769058,-0.20948907050777782,eqV2 S,mptrj
wbm-5-2829,eqV2 S,0.9695562242,-0.1200721408525001,eqV2 S,mptrj
wbm-5-2847,eqV2 S,1.0303680254,-0.28130190305749975,eqV2 S,mptrj
wbm-5-3057,eqV2 S,1.0138462533,-0.017112993398437526,eqV2 S,mptrj
wbm-5-3160,eqV2 S,0.9369257365,-0.12072084251624986,eqV2 S,mptrj
wbm-5-3442,eqV2 S,1.0152965205,-0.1620949829042857,eqV2 S,mptrj
wbm-5-3649,eqV2 S,0.9696530307000001,-0.13079236336166666,eqV2 S,mptrj
wbm-5-4145,eqV2 S,0.9947374329,-0.07554288006000007,eqV2 S,mptrj
wbm-5-4303,eqV2 S,0.9987546382,-0.13703855684444438,eqV2 S,mptrj
wbm-5-4413,eqV2 S,1.0576823036,-0.1636022555152779,eqV2 S,mptrj
wbm-5-451,eqV2 S,0.9240984264000001,-0.14211109079666664,eqV2 S,mptrj
wbm-5-4759,eqV2 S,0.8707591389,-0.11973472722000018,eqV2 S,mptrj
wbm-5-5360,eqV2 S,0.9428858341,-0.1355022522074075,eqV2 S,mptrj
wbm-5-5480,eqV2 S,0.9848648444,-0.11210156390124988,eqV2 S,mptrj
wbm-5-5723,eqV2 S,1.0090472359,-0.1605261494122222,eqV2 S,mptrj
wbm-5-6005,eqV2 S,1.0309319613,-0.09014669113777782,eqV2 S,mptrj
wbm-5-6149,eqV2 S,0.9594492804,-0.10509547878625006,eqV2 S,mptrj
wbm-5-6668,eqV2 S,1.0544467839,-0.0775704192287499,eqV2 S,mptrj
wbm-5-6682,eqV2 S,1.0570142413,-0.020979346004444625,eqV2 S,mptrj
wbm-5-6789,eqV2 S,0.8603198495000001,-0.15868529643999985,eqV2 S,mptrj
wbm-5-6846,eqV2 S,0.971544947,-0.04991224322916654,eqV2 S,mptrj
wbm-5-695,eqV2 S,0.9810842077,-0.17205526527000012,eqV2 S,mptrj
wbm-5-722,eqV2 S,0.9829414314,-0.18804244515333335,eqV2 S,mptrj
wbm-5-7334,eqV2 S,1.0251259565,-0.1457347313699998,eqV2 S,mptrj
wbm-5-7532,eqV2 S,0.8861629656000001,-0.17847335125750002,eqV2 S,mptrj
wbm-5-7573,eqV2 S,1.4318153914,-0.09403432674749972,eqV2 S,mptrj
wbm-5-760,eqV2 S,1.0002669716,-0.20381901670777777,eqV2 S,mptrj
wbm-5-7725,eqV2 S,0.9887198213,-0.1222010635411112,eqV2 S,mptrj
wbm-5-8226,eqV2 S,1.0844579971,-0.07609261435222218,eqV2 S,mptrj
wbm-5-8567,eqV2 S,0.987916231,-0.18305810275555545,eqV2 S,mptrj
wbm-5-8771,eqV2 S,1.0033821533,-0.157895754675,eqV2 S,mptrj
wbm-5-9104,eqV2 S,0.8836983334,-0.18728513590714282,eqV2 S,mptrj
wbm-5-9173,eqV2 S,0.9229521436,-0.16703017897500017,eqV2 S,mptrj
wbm-5-9195,eqV2 S,0.8981217691000001,-0.1602230625075002,eqV2 S,mptrj
wbm-5-9807,eqV2 S,0.9526843057000001,-0.2182490547859998,eqV2 S,mptrj
wbm-5-9851,eqV2 S,1.1005236699,-0.18436649718571438,eqV2 S,mptrj
wbm-1-10040,sevenn,1.0203474562,-0.1057908877640001,sevenn,mptrj
wbm-1-10104,sevenn,0.9290876134,-0.0010853278373333336,sevenn,mptrj
wbm-1-10131,sevenn,1.0178148346,-0.0037200506190000248,sevenn,mptrj
wbm-1-10631,sevenn,0.8628071182,0.0007935174555555985,sevenn,mptrj
wbm-1-10690,sevenn,0.9131907935,0.07256901361666673,sevenn,mptrj
wbm-1-10748,sevenn,0.9813558634,-0.003327557833333354,sevenn,mptrj
wbm-1-10973,sevenn,0.9467642817,-0.012421426110000232,sevenn,mptrj
wbm-1-10992,sevenn,0.9594344213,-0.01861536034907407,sevenn,mptrj
wbm-1-11087,sevenn,0.8356124442,-0.0392780335708334,sevenn,mptrj
wbm-1-11317,sevenn,1.0267213962,-0.032356656676388776,sevenn,mptrj
wbm-1-11393,sevenn,0.9729615327000001,-0.04992611006333345,sevenn,mptrj
wbm-1-11757,sevenn,0.9393523945000001,-0.02039914120749997,sevenn,mptrj
wbm-1-11840,sevenn,0.9830467059,-0.0008519754800001269,sevenn,mptrj
wbm-1-12258,sevenn,0.8710524394,-0.03535852760833332,sevenn,mptrj
wbm-1-12348,sevenn,0.6877511874000001,-0.03742968406111092,sevenn,mptrj
wbm-1-12519,sevenn,0.7805515355,-0.10628675008981503,sevenn,mptrj
wbm-1-12679,sevenn,0.8154479569,-0.03822434768250016,sevenn,mptrj
wbm-1-12695,sevenn,0.7597650762,-0.0023558516150000487,sevenn,mptrj
wbm-1-12778,sevenn,0.8828824874000001,-0.13003944376250018,sevenn,mptrj
wbm-1-12786,sevenn,0.7471154998,-0.06891365148749999,sevenn,mptrj
wbm-1-13108,sevenn,0.8780891649,-0.07130039949333344,sevenn,mptrj
wbm-1-13152,sevenn,0.9770072596,-0.01996774138999995,sevenn,mptrj
wbm-1-13168,sevenn,0.9630347558000001,-0.04015625673999992,sevenn,mptrj
wbm-1-13402,sevenn,0.9738237877,-0.02213232049874998,sevenn,mptrj
wbm-1-13560,sevenn,0.9917499182,-0.056338644218333365,sevenn,mptrj
wbm-1-13566,sevenn,1.0385266499,-0.034862956104999836,sevenn,mptrj
wbm-1-13665,sevenn,0.9756817199000001,-0.04178290412299994,sevenn,mptrj
wbm-1-13928,sevenn,0.9066531939,-0.026541096442499957,sevenn,mptrj
wbm-1-14142,sevenn,0.7877521007,-0.05233561620666662,sevenn,mptrj
wbm-1-14347,sevenn,0.876008706,-0.03230470521250002,sevenn,mptrj
wbm-1-14351,sevenn,0.8611377168000001,0.0017353956824999628,sevenn,mptrj
wbm-1-14495,sevenn,0.8614546125,-0.06470050863666674,sevenn,mptrj
wbm-1-14703,sevenn,0.7110527619,-0.05930147521000002,sevenn,mptrj
wbm-1-14724,sevenn,0.9553597081,-0.04284472067333336,sevenn,mptrj
wbm-1-1523,sevenn,1.0253062501,0.0016208049428569334,sevenn,mptrj
wbm-1-15999,sevenn,0.9557973598,-0.01342006838611128,sevenn,mptrj
wbm-1-16058,sevenn,0.987161154,-0.002275963121999851,sevenn,mptrj
wbm-1-16080,sevenn,0.8845364492000001,-0.008652222641999927,sevenn,mptrj
wbm-1-1660,sevenn,0.874718156,0.006379450791666544,sevenn,mptrj
wbm-1-16938,sevenn,0.7668654413,-0.08169573742777786,sevenn,mptrj
wbm-1-16983,sevenn,1.0099688661,-0.04744804339333347,sevenn,mptrj
wbm-1-17062,sevenn,1.0316922997,-0.01899125800444447,sevenn,mptrj
wbm-1-17125,sevenn,0.9985042869,-0.04194374602040825,sevenn,mptrj
wbm-1-17377,sevenn,0.8622647699,0.06338733930199986,sevenn,mptrj
wbm-1-1791,sevenn,0.9933838322,-0.022715331171249974,sevenn,mptrj
wbm-1-1842,sevenn,0.9901853122000001,-0.008092885464000048,sevenn,mptrj
wbm-1-19025,sevenn,0.9597666269,-0.03936098489750002,sevenn,mptrj
wbm-1-19090,sevenn,1.0174745092,-0.031909760939999955,sevenn,mptrj
wbm-1-19173,sevenn,1.0164543006,-0.03561401912499988,sevenn,mptrj
wbm-1-19684,sevenn,0.9437485451000001,-0.01793045660000008,sevenn,mptrj
wbm-1-19969,sevenn,0.9590570393000001,-0.015473538867500025,sevenn,mptrj
wbm-1-20187,sevenn,0.9755732495,-0.09849450971833325,sevenn,mptrj
wbm-1-20692,sevenn,1.010833502,0.005442629034999946,sevenn,mptrj
wbm-1-2075,sevenn,0.9676996287,-0.03816453995142837,sevenn,mptrj
wbm-1-21546,sevenn,0.6300004494,-0.034483657667500014,sevenn,mptrj
wbm-1-21647,sevenn,0.919987693,-0.006273518749999892,sevenn,mptrj
wbm-1-21918,sevenn,0.9177532887000001,-0.01019405149124999,sevenn,mptrj
wbm-1-21974,sevenn,0.8689885217000001,-0.033171895423333396,sevenn,mptrj
wbm-1-22347,sevenn,0.9876035014000001,-0.047872202073000025,sevenn,mptrj
wbm-1-22912,sevenn,0.9156118401000001,-0.06727990918375001,sevenn,mptrj
wbm-1-23029,sevenn,0.8110180834,-0.020722787741666634,sevenn,mptrj
wbm-1-23533,sevenn,0.9460522743,0.007882021653333382,sevenn,mptrj
wbm-1-23543,sevenn,0.8206235621,-0.036762060437500035,sevenn,mptrj
wbm-1-23636,sevenn,0.8507706552000001,-0.04016414420749999,sevenn,mptrj
wbm-1-24053,sevenn,0.8972516819,-0.0012001261425000464,sevenn,mptrj
wbm-1-24503,sevenn,0.9393833905000001,-0.024966793777499996,sevenn,mptrj
wbm-1-24761,sevenn,0.9390609744,-0.022857232020000035,sevenn,mptrj
wbm-1-25075,sevenn,0.9817135393,-0.00509291431100003,sevenn,mptrj
wbm-1-25396,sevenn,0.9295388503,-0.007099941354999961,sevenn,mptrj
wbm-1-2557,sevenn,1.0137250956,-0.015047191714999996,sevenn,mptrj
wbm-1-25665,sevenn,0.9867124646000001,0.004758285658125061,sevenn,mptrj
wbm-1-25849,sevenn,1.0051573589,-0.003969754606000038,sevenn,mptrj
wbm-1-26263,sevenn,0.9456578632,-0.010405391577500023,sevenn,mptrj
wbm-1-26543,sevenn,1.0145873732,-0.055998831800000023,sevenn,mptrj
wbm-1-26634,sevenn,1.0026332953,-0.029889057717499945,sevenn,mptrj
wbm-1-2722,sevenn,0.9250250904,-0.03439683641399981,sevenn,mptrj
wbm-1-27220,sevenn,0.9467197167,-0.01282149005749993,sevenn,mptrj
wbm-1-27502,sevenn,1.1278506735,-0.03615534141750012,sevenn,mptrj
wbm-1-27566,sevenn,0.9813055631000001,-0.03004872265400003,sevenn,mptrj
wbm-1-28132,sevenn,1.0506757485,-0.21140815627,sevenn,mptrj
wbm-1-28162,sevenn,0.8236354367000001,-0.03953909198000014,sevenn,mptrj
wbm-1-28291,sevenn,0.9894414564,-0.03145366209142862,sevenn,mptrj
wbm-1-28599,sevenn,1.028090075,0.0025000656114285797,sevenn,mptrj
wbm-1-29365,sevenn,1.162798165,0.007244925317500162,sevenn,mptrj
wbm-1-29807,sevenn,0.9657469081000001,-0.08564743144499998,sevenn,mptrj
wbm-1-30045,sevenn,0.820121143,-0.03772508228000018,sevenn,mptrj
wbm-1-30099,sevenn,0.7674786078,-0.04946989138555596,sevenn,mptrj
wbm-1-30230,sevenn,0.816523753,0.016953968733750102,sevenn,mptrj
wbm-1-3078,sevenn,0.8042957478,-0.057480350952499926,sevenn,mptrj
wbm-1-30964,sevenn,0.8511913461,-0.052249196449000126,sevenn,mptrj
wbm-1-31348,sevenn,0.6895521807,-0.046409162724444286,sevenn,mptrj
wbm-1-31767,sevenn,0.9918427949,-0.022192852194999568,sevenn,mptrj
wbm-1-31797,sevenn,0.7941764370000001,-0.0042508811460001536,sevenn,mptrj
wbm-1-31867,sevenn,0.7761333527000001,-0.01783650431964277,sevenn,mptrj
wbm-1-32076,sevenn,0.8602070948,-0.061707746366666726,sevenn,mptrj
wbm-1-32536,sevenn,0.9963890390000001,3.914190749987334e-05,sevenn,mptrj
wbm-1-32556,sevenn,0.9378706866000001,-0.027149950257000056,sevenn,mptrj
wbm-1-32966,sevenn,7.6091933204,-0.000865903269999535,sevenn,mptrj
wbm-1-33026,sevenn,0.7145590376000001,-0.01680999237500025,sevenn,mptrj
wbm-1-33224,sevenn,0.8875528947,-0.029997340765000012,sevenn,mptrj
wbm-1-34381,sevenn,0.999440054,-0.004280737470000062,sevenn,mptrj
wbm-1-34429,sevenn,0.9243400714000001,-0.055573031569999876,sevenn,mptrj
wbm-1-34519,sevenn,1.0050531851,-0.05026852754999999,sevenn,mptrj
wbm-1-34758,sevenn,0.916565265,0.0048639232216668654,sevenn,mptrj
wbm-1-34857,sevenn,0.9221392254,-0.011778154577500023,sevenn,mptrj
wbm-1-35134,sevenn,1.1938079253,-0.019139175941666527,sevenn,mptrj
wbm-1-3516,sevenn,0.9040955978,-0.033948606403333415,sevenn,mptrj
wbm-1-3535,sevenn,0.8922402921,-0.07578952307166655,sevenn,mptrj
wbm-1-35404,sevenn,0.9690311628,-0.050600198141428625,sevenn,mptrj
wbm-1-35738,sevenn,0.7249035152000001,-0.08768950717749995,sevenn,mptrj
wbm-1-36060,sevenn,0.8531469272000001,-0.05267924467749983,sevenn,mptrj
wbm-1-36191,sevenn,0.9121427855,-0.03558010637749991,sevenn,mptrj
wbm-1-36764,sevenn,0.9599379488,-0.011871038586250026,sevenn,mptrj
wbm-1-36839,sevenn,0.892103155,-0.0024943891699998667,sevenn,mptrj
wbm-1-36941,sevenn,0.8877613042,0.027631895711111316,sevenn,mptrj
wbm-1-37204,sevenn,0.7497706995000001,0.03521939173250009,sevenn,mptrj
wbm-1-37361,sevenn,0.9866992939,-0.0035942019824998896,sevenn,mptrj
wbm-1-37528,sevenn,0.8987954066,0.025450427331666605,sevenn,mptrj
wbm-1-37838,sevenn,0.9908349029,0.0035511108991666874,sevenn,mptrj
wbm-1-38418,sevenn,0.8740651562,-0.028033913310833353,sevenn,mptrj
wbm-1-38520,sevenn,0.8969841944,-0.0746075938283333,sevenn,mptrj
wbm-1-38808,sevenn,0.9888846061000001,-0.005935406590833203,sevenn,mptrj
wbm-1-39089,sevenn,0.926682714,-0.018373849465,sevenn,mptrj
wbm-1-40024,sevenn,0.8723461206,-0.08967434209800004,sevenn,mptrj
wbm-1-40484,sevenn,0.9759250301000001,0.0019443001208333162,sevenn,mptrj
wbm-1-40953,sevenn,0.9657765288000001,-0.021857406919999888,sevenn,mptrj
wbm-1-41091,sevenn,0.9914334221000001,-0.00689725086000017,sevenn,mptrj
wbm-1-41383,sevenn,0.9438963165,-0.018006329724999878,sevenn,mptrj
wbm-1-41389,sevenn,0.8864075126000001,-0.051332497211818276,sevenn,mptrj
wbm-1-41515,sevenn,0.926771801,-0.017039204828333137,sevenn,mptrj
wbm-1-41644,sevenn,0.8811881078,-0.018378705604761753,sevenn,mptrj
wbm-1-42383,sevenn,0.9900674483,-0.009998816084999902,sevenn,mptrj
wbm-1-42731,sevenn,0.9129981259000001,-0.014148781035555499,sevenn,mptrj
wbm-1-43066,sevenn,0.9735552598,-0.006020124778333388,sevenn,mptrj
wbm-1-43649,sevenn,0.9921791754,0.014758279133333356,sevenn,mptrj
wbm-1-43796,sevenn,0.8939153918,-0.02965193621666658,sevenn,mptrj
wbm-1-44126,sevenn,0.9516770834,-0.00876829917000009,sevenn,mptrj
wbm-1-44340,sevenn,0.8908944335000001,-0.027828169314999998,sevenn,mptrj
wbm-1-44478,sevenn,0.9825935506000001,-0.43921226169555555,sevenn,mptrj
wbm-1-44580,sevenn,1.0170023253,0.009796122133750095,sevenn,mptrj
wbm-1-44656,sevenn,0.8796972445000001,-0.1297698792333332,sevenn,mptrj
wbm-1-45122,sevenn,0.9238209755000001,-0.05976666010999991,sevenn,mptrj
wbm-1-45422,sevenn,0.8323733520000001,-0.09692459516333322,sevenn,mptrj
wbm-1-45595,sevenn,0.9506303612,-0.050438718436666606,sevenn,mptrj
wbm-1-45824,sevenn,0.7562570375000001,-0.06324271446666631,sevenn,mptrj
wbm-1-45844,sevenn,0.779240938,-0.11194149420714278,sevenn,mptrj
wbm-1-45939,sevenn,0.8800753722,-0.061105555605833216,sevenn,mptrj
wbm-1-45958,sevenn,0.8332593785,-0.02131371612499997,sevenn,mptrj
wbm-1-46061,sevenn,0.8726414644,-0.10769420052999977,sevenn,mptrj
wbm-1-46063,sevenn,0.9413618578,-0.05597155479750018,sevenn,mptrj
wbm-1-462,sevenn,1.0078262152,-0.033544950205000076,sevenn,mptrj
wbm-1-46216,sevenn,0.8888052664,-0.020637722808333276,sevenn,mptrj
wbm-1-4644,sevenn,0.917661841,-0.06412069199090899,sevenn,mptrj
wbm-1-46479,sevenn,0.8593972479,0.006274158937499882,sevenn,mptrj
wbm-1-46897,sevenn,0.9583027442000001,-0.025758995062222092,sevenn,mptrj
wbm-1-47256,sevenn,1.0591143427,0.001889522322500059,sevenn,mptrj
wbm-1-47271,sevenn,0.9058320977000001,-0.007211509782500025,sevenn,mptrj
wbm-1-47332,sevenn,1.1044029705,-0.008799487759999947,sevenn,mptrj
wbm-1-47390,sevenn,0.8359370479,-0.021543745603749987,sevenn,mptrj
wbm-1-4748,sevenn,0.811141718,-0.033678805381000244,sevenn,mptrj
wbm-1-47680,sevenn,0.9200730720000001,-0.045371345165000035,sevenn,mptrj
wbm-1-48045,sevenn,0.8975487787,-0.018142222912500026,sevenn,mptrj
wbm-1-48387,sevenn,0.8789073313,-0.08328560168375017,sevenn,mptrj
wbm-1-48516,sevenn,0.7122265704,-0.05532761763750003,sevenn,mptrj
wbm-1-48844,sevenn,1.0047942575,-0.006623500365625023,sevenn,mptrj
wbm-1-48894,sevenn,0.9897037719,0.012900752968888993,sevenn,mptrj
wbm-1-48917,sevenn,0.9267968817000001,-0.01193313664625002,sevenn,mptrj
wbm-1-48956,sevenn,0.9799358037,-0.008180562763749944,sevenn,mptrj
wbm-1-4923,sevenn,0.9686798578,-0.18113372549999998,sevenn,mptrj
wbm-1-4926,sevenn,0.9726731473,0.005539762004999904,sevenn,mptrj
wbm-1-49882,sevenn,0.9629351797000001,-0.0298074756127776,sevenn,mptrj
wbm-1-50042,sevenn,0.9706894205000001,-0.011660740639999763,sevenn,mptrj
wbm-1-5045,sevenn,0.8910518334,-0.1589082872800006,sevenn,mptrj
wbm-1-50475,sevenn,0.9928166887000001,-0.0006388269359999655,sevenn,mptrj
wbm-1-5112,sevenn,1.0301215677,-0.06817843294200003,sevenn,mptrj
wbm-1-51210,sevenn,1.0012313458,-0.007528320689999912,sevenn,mptrj
wbm-1-51562,sevenn,0.6486776222,0.044372080354999885,sevenn,mptrj
wbm-1-51828,sevenn,0.9192043964000001,-0.055578388519999945,sevenn,mptrj
wbm-1-51920,sevenn,0.9107669693,-0.04280575196416662,sevenn,mptrj
wbm-1-52323,sevenn,0.9419599386,-0.017048596735000105,sevenn,mptrj
wbm-1-5320,sevenn,0.9835202225,-0.004618846057499937,sevenn,mptrj
wbm-1-54021,sevenn,0.8900362959,-0.056091788212000185,sevenn,mptrj
wbm-1-54211,sevenn,0.9716262772,-0.028310702676000048,sevenn,mptrj
wbm-1-54223,sevenn,0.9873818814,-0.047703692401999905,sevenn,mptrj
wbm-1-54845,sevenn,0.8771753138,0.07388520467999982,sevenn,mptrj
wbm-1-55055,sevenn,0.8635667375,-0.06098191218214234,sevenn,mptrj
wbm-1-55621,sevenn,0.8915673222,-0.029520504521666758,sevenn,mptrj
wbm-1-55626,sevenn,0.947911601,-0.06985675202666665,sevenn,mptrj
wbm-1-55839,sevenn,0.9675331890000001,-0.0009319619870370896,sevenn,mptrj
wbm-1-56095,sevenn,0.8328849596000001,-0.033953234213333044,sevenn,mptrj
wbm-1-56442,sevenn,0.9216538901,-0.04569540109624985,sevenn,mptrj
wbm-1-56596,sevenn,0.9158882214,-0.046431405654444466,sevenn,mptrj
wbm-1-56597,sevenn,1.0110939439,-0.023826937535000016,sevenn,mptrj
wbm-1-5673,sevenn,0.7964386394,-0.03089410221249995,sevenn,mptrj
wbm-1-5686,sevenn,0.9011777292,-0.09421809397599994,sevenn,mptrj
wbm-1-57622,sevenn,0.9954604206000001,-0.004325545419166647,sevenn,mptrj
wbm-1-58300,sevenn,0.9631308730000001,-0.07517346623854178,sevenn,mptrj
wbm-1-58411,sevenn,0.7359803018000001,-0.004984911103333486,sevenn,mptrj
wbm-1-58431,sevenn,0.8924886515,-0.020934754333333316,sevenn,mptrj
wbm-1-5891,sevenn,0.8161032484,-0.046374769331249656,sevenn,mptrj
wbm-1-59108,sevenn,0.7530287021000001,-0.06411868750749994,sevenn,mptrj
wbm-1-59510,sevenn,0.876112124,-0.058089829043750284,sevenn,mptrj
wbm-1-59715,sevenn,0.9359976426000001,-0.020299470099999974,sevenn,mptrj
wbm-1-59754,sevenn,0.9373946492,-0.018334676804000055,sevenn,mptrj
wbm-1-59925,sevenn,1.0950595727,-0.03908396679000023,sevenn,mptrj
wbm-1-60339,sevenn,0.9237577196000001,-0.01030661388749996,sevenn,mptrj
wbm-1-60437,sevenn,1.021345943,-0.014475002069999876,sevenn,mptrj
wbm-1-60536,sevenn,0.9175026513000001,-0.061233280569047595,sevenn,mptrj
wbm-1-61353,sevenn,1.0675926987,-0.0167097653925,sevenn,mptrj
wbm-1-61447,sevenn,0.8459984784,-0.0454112833383333,sevenn,mptrj
wbm-1-61492,sevenn,0.7486024138,-0.05025056864749988,sevenn,mptrj
wbm-1-61567,sevenn,0.8350540659,-0.05725202364500008,sevenn,mptrj
wbm-1-6677,sevenn,1.0368698179,-0.07380854157083346,sevenn,mptrj
wbm-1-6831,sevenn,1.00832146,0.0015721264145457522,sevenn,mptrj
wbm-1-6877,sevenn,0.8973900337,0.08587183549500015,sevenn,mptrj
wbm-1-7173,sevenn,0.7972847445,-0.11705221943399977,sevenn,mptrj
wbm-1-7275,sevenn,0.9135550750000001,-0.05802231133125,sevenn,mptrj
wbm-1-7410,sevenn,0.8374872903,-0.08905943522333325,sevenn,mptrj
wbm-1-8359,sevenn,0.9675148599000001,-0.021949318397500008,sevenn,mptrj
wbm-1-8367,sevenn,0.9592303495000001,-0.02538634903333339,sevenn,mptrj
wbm-1-9075,sevenn,0.9634231489,-0.035191938472500024,sevenn,mptrj
wbm-1-9196,sevenn,0.9347385438,-0.009140587542500089,sevenn,mptrj
wbm-1-9201,sevenn,0.7859980225000001,-0.00975012794500012,sevenn,mptrj
wbm-1-987,sevenn,0.9175432716,-0.009281486952857116,sevenn,mptrj
wbm-1-9927,sevenn,0.987657505,-0.0011185797820000686,sevenn,mptrj
wbm-2-10245,sevenn,0.9879674511000001,-0.001803787488999973,sevenn,mptrj
wbm-2-10499,sevenn,0.9394564858000001,-0.022105063325555622,sevenn,mptrj
wbm-2-10810,sevenn,0.8381805102000001,-0.049696215437777705,sevenn,mptrj
wbm-2-10923,sevenn,0.9022276259,-0.02735981435000016,sevenn,mptrj
wbm-2-11068,sevenn,0.8761390993,-0.039221730174999934,sevenn,mptrj
wbm-2-11084,sevenn,0.7726843299,-0.04961032617899995,sevenn,mptrj
wbm-2-11128,sevenn,0.9410023397,-0.01355054181599975,sevenn,mptrj
wbm-2-11212,sevenn,1.0821140571,-0.03500027525272716,sevenn,mptrj
wbm-2-11382,sevenn,0.9023282728,0.007959171286904518,sevenn,mptrj
wbm-2-1151,sevenn,0.9961496179,-0.03034969104249997,sevenn,mptrj
wbm-2-11618,sevenn,0.8650658760000001,-0.05654561501999993,sevenn,mptrj
wbm-2-11694,sevenn,0.9147054686,-0.03211192217125021,sevenn,mptrj
wbm-2-11991,sevenn,0.9296905194,-0.03377191847750005,sevenn,mptrj
wbm-2-12110,sevenn,0.9106747804,-0.07256818904666686,sevenn,mptrj
wbm-2-1217,sevenn,1.0658779457,-0.035438873439999935,sevenn,mptrj
wbm-2-12245,sevenn,0.8067640663000001,-0.038501936578888916,sevenn,mptrj
wbm-2-12407,sevenn,0.6397579764,-0.08443295453250003,sevenn,mptrj
wbm-2-12899,sevenn,1.1005067722,-0.07115248607833334,sevenn,mptrj
wbm-2-13207,sevenn,0.9448460740000001,-0.05566910654999996,sevenn,mptrj
wbm-2-13474,sevenn,0.9536206805,-0.027020324602499902,sevenn,mptrj
wbm-2-13628,sevenn,1.0894698696,-0.05809498037000011,sevenn,mptrj
wbm-2-13632,sevenn,0.9950309203000001,-0.027767010709999932,sevenn,mptrj
wbm-2-13798,sevenn,0.8281928704,0.05775774914666674,sevenn,mptrj
wbm-2-13799,sevenn,0.9064023207,-0.06780498803333283,sevenn,mptrj
wbm-2-13911,sevenn,0.9955845033,-0.04048830530250012,sevenn,mptrj
wbm-2-14116,sevenn,1.0370440312,-0.028806900649166776,sevenn,mptrj
wbm-2-14733,sevenn,0.9347663197,-0.04329754261249992,sevenn,mptrj
wbm-2-14949,sevenn,0.9099011344,-0.03237083676666638,sevenn,mptrj
wbm-2-14980,sevenn,0.9436212541000001,-0.03260968265625008,sevenn,mptrj
wbm-2-15047,sevenn,0.8638379615,0.02366776820749994,sevenn,mptrj
wbm-2-15398,sevenn,0.9055959961000001,0.016061826051249995,sevenn,mptrj
wbm-2-15816,sevenn,1.0208121525,-0.0033761619420000243,sevenn,mptrj
wbm-2-15882,sevenn,0.9648288232000001,0.0038338824124999338,sevenn,mptrj
wbm-2-16299,sevenn,0.9756447276,-0.00966680080125002,sevenn,mptrj
wbm-2-16983,sevenn,0.8570520942000001,-0.04091305548199998,sevenn,mptrj
wbm-2-17344,sevenn,0.9147571927,-0.00374625465499987,sevenn,mptrj
wbm-2-1787,sevenn,0.8631932495,-0.02811198383571433,sevenn,mptrj
wbm-2-19108,sevenn,0.9498628647,-0.04160616100500002,sevenn,mptrj
wbm-2-19313,sevenn,0.9175866299000001,-0.014463954834444416,sevenn,mptrj
wbm-2-20028,sevenn,1.1127810075,-0.1186204603533336,sevenn,mptrj
wbm-2-20166,sevenn,0.9815608781,-0.03234727288727273,sevenn,mptrj
wbm-2-20256,sevenn,0.9605632002000001,-0.07059972082363647,sevenn,mptrj
wbm-2-20265,sevenn,0.526175379,0.08745448790370353,sevenn,mptrj
wbm-2-20392,sevenn,0.9386563744,-0.03763129168499999,sevenn,mptrj
wbm-2-20448,sevenn,0.9120806636000001,-0.0021494426587500117,sevenn,mptrj
wbm-2-20797,sevenn,0.9938827258,0.00013488348333332568,sevenn,mptrj
wbm-2-21074,sevenn,0.5817807526000001,0.07305158935599991,sevenn,mptrj
wbm-2-21198,sevenn,0.9243583540000001,-0.13884544209500002,sevenn,mptrj
wbm-2-21508,sevenn,0.937373514,-0.10524724036124997,sevenn,mptrj
wbm-2-21597,sevenn,0.9796091210000001,-0.08756066332300001,sevenn,mptrj
wbm-2-21693,sevenn,0.7382017135000001,-0.11011016830916666,sevenn,mptrj
wbm-2-21990,sevenn,0.9486669667000001,-0.00871630609249996,sevenn,mptrj
wbm-2-22192,sevenn,0.9710537494,-0.06466507844500002,sevenn,mptrj
wbm-2-2223,sevenn,1.0082822917,0.00038912850249979886,sevenn,mptrj
wbm-2-22928,sevenn,1.1073613911,0.08510321231964284,sevenn,mptrj
wbm-2-22992,sevenn,0.9221290954,-0.011376421970238075,sevenn,mptrj
wbm-2-2316,sevenn,0.9519220393000001,-0.030728430982500044,sevenn,mptrj
wbm-2-23452,sevenn,0.9724524363,-0.022877719119999983,sevenn,mptrj
wbm-2-23794,sevenn,0.9348132257,-0.03759603281857155,sevenn,mptrj
wbm-2-23880,sevenn,1.0121274438,0.03164905368000008,sevenn,mptrj
wbm-2-23973,sevenn,0.9645945564,0.011882557150833388,sevenn,mptrj
wbm-2-24003,sevenn,0.9146657895,-0.018187571780000005,sevenn,mptrj
wbm-2-24061,sevenn,0.9217224071000001,-0.028536408516666733,sevenn,mptrj
wbm-2-24501,sevenn,0.9706422779,-0.002186253578000006,sevenn,mptrj
wbm-2-24549,sevenn,0.8661665595,-0.0728173692975,sevenn,mptrj
wbm-2-24887,sevenn,0.9514479076000001,0.010670870835000023,sevenn,mptrj
wbm-2-25039,sevenn,0.9568925579,-0.008333194163333378,sevenn,mptrj
wbm-2-25087,sevenn,0.9557612247,-0.04976081528499989,sevenn,mptrj
wbm-2-25091,sevenn,0.7424909039,0.020347210252500147,sevenn,mptrj
wbm-2-25182,sevenn,0.8987844013,-0.02990511041375008,sevenn,mptrj
wbm-2-25748,sevenn,0.6903853672,-0.01193946260699974,sevenn,mptrj
wbm-2-25883,sevenn,1.0364910028,-0.016801145765000046,sevenn,mptrj
wbm-2-26027,sevenn,0.7474920615,0.041365340473333255,sevenn,mptrj
wbm-2-26175,sevenn,0.8213042877000001,-0.009272041742499936,sevenn,mptrj
wbm-2-26205,sevenn,0.857823285,0.16899115328500008,sevenn,mptrj
wbm-2-26262,sevenn,0.8393841008,-0.0066924348790122525,sevenn,mptrj
wbm-2-26500,sevenn,1.0244660063,-0.044289492233333526,sevenn,mptrj
wbm-2-26676,sevenn,0.9949748072000001,-0.002634304548000088,sevenn,mptrj
wbm-2-2669,sevenn,0.9737002224,0.024068425547222105,sevenn,mptrj
wbm-2-27233,sevenn,0.624848136,0.04539250548666669,sevenn,mptrj
wbm-2-27460,sevenn,0.8521682468,-0.058882309717272686,sevenn,mptrj
wbm-2-27581,sevenn,0.8817007703,-0.10005125809500004,sevenn,mptrj
wbm-2-27803,sevenn,0.8912782451,-0.03323687849111118,sevenn,mptrj
wbm-2-27955,sevenn,0.9259693710000001,-0.008861475241666718,sevenn,mptrj
wbm-2-28151,sevenn,0.8157968499,-0.07832771743749989,sevenn,mptrj
wbm-2-28311,sevenn,0.7749921894,-0.08283530617962952,sevenn,mptrj
wbm-2-28628,sevenn,0.7961671611000001,0.010454772629000075,sevenn,mptrj
wbm-2-28666,sevenn,0.7062693946,0.025753721976999773,sevenn,mptrj
wbm-2-29064,sevenn,0.8571983512,-0.05004556567799995,sevenn,mptrj
wbm-2-29551,sevenn,1.0058091245,0.11310465689166661,sevenn,mptrj
wbm-2-29590,sevenn,0.717348987,-0.14814632364875005,sevenn,mptrj
wbm-2-2973,sevenn,0.9325238842,-0.0012693041124999915,sevenn,mptrj
wbm-2-30232,sevenn,0.9902459367,-0.011032829901250008,sevenn,mptrj
wbm-2-30753,sevenn,0.9931976506,0.03836190656999996,sevenn,mptrj
wbm-2-31075,sevenn,0.80232658,-0.07690463614750005,sevenn,mptrj
wbm-2-31128,sevenn,0.7878246863,-0.061089478317777765,sevenn,mptrj
wbm-2-31420,sevenn,0.9188019769,-0.04767708839916682,sevenn,mptrj
wbm-2-31514,sevenn,0.9423610752,-0.0024970137824999127,sevenn,mptrj
wbm-2-31515,sevenn,0.9534946339,-0.019217472695555435,sevenn,mptrj
wbm-2-31561,sevenn,1.1123159526,-0.013287574619999682,sevenn,mptrj
wbm-2-31795,sevenn,0.9756724506000001,-0.00038822783833332154,sevenn,mptrj
wbm-2-32099,sevenn,0.9231189919,-0.01975281334166657,sevenn,mptrj
wbm-2-32354,sevenn,0.888284245,-0.0007853435599999514,sevenn,mptrj
wbm-2-32386,sevenn,0.9224808859,-0.019289089679999805,sevenn,mptrj
wbm-2-32777,sevenn,0.9272386494,-0.04109829339166667,sevenn,mptrj
wbm-2-32910,sevenn,0.8022169463000001,-0.013111419911666762,sevenn,mptrj
wbm-2-33373,sevenn,0.9567102655,-0.01359199345111107,sevenn,mptrj
wbm-2-33421,sevenn,0.976674141,-0.024447779372000013,sevenn,mptrj
wbm-2-34088,sevenn,1.0744196323,0.015466725856000068,sevenn,mptrj
wbm-2-3424,sevenn,0.9118445233,-0.012665624946666653,sevenn,mptrj
wbm-2-34474,sevenn,0.9471299961,-0.0040132051787500345,sevenn,mptrj
wbm-2-34818,sevenn,0.8793203592000001,-0.009600782344999932,sevenn,mptrj
wbm-2-34985,sevenn,0.898483397,-0.007239817304999837,sevenn,mptrj
wbm-2-35177,sevenn,0.8974580729,-0.02377570423333342,sevenn,mptrj
wbm-2-35202,sevenn,0.9436499537,-0.019220026351515106,sevenn,mptrj
wbm-2-35598,sevenn,0.9028448383000001,-0.0659036141990002,sevenn,mptrj
wbm-2-35958,sevenn,0.8259583419000001,0.021535096425999854,sevenn,mptrj
wbm-2-36105,sevenn,0.9743950976,-0.0008200837490000623,sevenn,mptrj
wbm-2-36320,sevenn,0.9675134602000001,-0.007027462452727077,sevenn,mptrj
wbm-2-36499,sevenn,0.9823934368,-0.004430245604545488,sevenn,mptrj
wbm-2-36606,sevenn,0.9723760369000001,-0.00030982431749985534,sevenn,mptrj
wbm-2-37493,sevenn,0.8940326747,-0.053570125800833306,sevenn,mptrj
wbm-2-37746,sevenn,0.922062457,-0.01110935981899992,sevenn,mptrj
wbm-2-38,sevenn,0.9210090121000001,-0.03182752088333333,sevenn,mptrj
wbm-2-38123,sevenn,0.9677330997,-0.11795134074777779,sevenn,mptrj
wbm-2-38626,sevenn,0.8606335066,-0.08377772663199992,sevenn,mptrj
wbm-2-38768,sevenn,0.9729065041,0.004093127643333361,sevenn,mptrj
wbm-2-38824,sevenn,0.9810490843,0.013122176243333191,sevenn,mptrj
wbm-2-39093,sevenn,0.7805678826,-0.09434150627833364,sevenn,mptrj
wbm-2-39277,sevenn,0.9385959122,-0.04438351170648134,sevenn,mptrj
wbm-2-39858,sevenn,0.9196717717,-0.02008969145833343,sevenn,mptrj
wbm-2-3987,sevenn,0.8910695179,-0.07434866670200002,sevenn,mptrj
wbm-2-40383,sevenn,0.854467603,-0.04522739518200005,sevenn,mptrj
wbm-2-40651,sevenn,0.9129427225000001,-0.03638595675999993,sevenn,mptrj
wbm-2-40707,sevenn,0.8920353980000001,-0.03771244961100002,sevenn,mptrj
wbm-2-4091,sevenn,0.9525346756,-0.07082019050666671,sevenn,mptrj
wbm-2-40954,sevenn,0.959203011,-0.017593500973749877,sevenn,mptrj
wbm-2-41053,sevenn,0.9043719878,-0.03684656892999989,sevenn,mptrj
wbm-2-4187,sevenn,0.8708646001,-0.03628913742261916,sevenn,mptrj
wbm-2-42127,sevenn,0.9791032181,-0.024399720692500005,sevenn,mptrj
wbm-2-42209,sevenn,0.926895145,-0.08348416328249994,sevenn,mptrj
wbm-2-42382,sevenn,0.9801746982,-0.012781294957499868,sevenn,mptrj
wbm-2-44123,sevenn,1.0087459701000001,-0.05076887008222219,sevenn,mptrj
wbm-2-44195,sevenn,0.9770559746,-0.017251113243333314,sevenn,mptrj
wbm-2-44473,sevenn,0.9062587114,-0.031948679668749945,sevenn,mptrj
wbm-2-44832,sevenn,0.8995921137,-0.01984224423250014,sevenn,mptrj
wbm-2-44888,sevenn,0.9095998337000001,-0.015301659077499962,sevenn,mptrj
wbm-2-45158,sevenn,1.0326772316,-0.03828358346000007,sevenn,mptrj
wbm-2-45183,sevenn,0.8994680129,0.006088989829999746,sevenn,mptrj
wbm-2-45365,sevenn,0.8941539047,-0.007658031916666413,sevenn,mptrj
wbm-2-45585,sevenn,0.8168957750000001,-0.02934063622000025,sevenn,mptrj
wbm-2-45645,sevenn,0.9459750702,-0.025247041952857024,sevenn,mptrj
wbm-2-45772,sevenn,0.9012732362,-0.018843916668000275,sevenn,mptrj
wbm-2-45812,sevenn,0.8722082751,-0.01909891246499997,sevenn,mptrj
wbm-2-46026,sevenn,0.9096242837,-0.024736983089999994,sevenn,mptrj
wbm-2-46362,sevenn,0.8251196008,-0.018756473193635968,sevenn,mptrj
wbm-2-46431,sevenn,0.9268756140000001,-0.05028343300500012,sevenn,mptrj
wbm-2-46663,sevenn,0.8769699439,-0.03286896631454539,sevenn,mptrj
wbm-2-46903,sevenn,0.9455655282000001,-0.007762065415000012,sevenn,mptrj
wbm-2-46975,sevenn,0.9110881492,-0.05150310053833334,sevenn,mptrj
wbm-2-4763,sevenn,0.8684876107,-0.02361457256111146,sevenn,mptrj
wbm-2-47914,sevenn,0.896994842,-0.0026626562604169144,sevenn,mptrj
wbm-2-48685,sevenn,0.9992229329000001,-0.060861722095833404,sevenn,mptrj
wbm-2-48699,sevenn,1.0621269467,-0.06507979944400007,sevenn,mptrj
wbm-2-49019,sevenn,0.9756849189000001,-0.11169355305249992,sevenn,mptrj
wbm-2-49081,sevenn,0.8779658679000001,-0.04680721320916679,sevenn,mptrj
wbm-2-49233,sevenn,0.9201308863000001,-0.02184323237666669,sevenn,mptrj
wbm-2-49340,sevenn,0.6635187186,0.005476925782500075,sevenn,mptrj
wbm-2-49384,sevenn,1.1087414055,-0.0742863521900001,sevenn,mptrj
wbm-2-49468,sevenn,0.8516953249,-0.04331192603375,sevenn,mptrj
wbm-2-50279,sevenn,0.8967982853,-0.04209915221416658,sevenn,mptrj
wbm-2-50333,sevenn,0.9718062258000001,0.008779598080000046,sevenn,mptrj
wbm-2-50495,sevenn,0.8735405812,0.012298713603333294,sevenn,mptrj
wbm-2-50655,sevenn,0.9430220674,-0.028096540235714278,sevenn,mptrj
wbm-2-51174,sevenn,0.913166196,-0.01819480298000001,sevenn,mptrj
wbm-2-5119,sevenn,0.92553577,-0.04636302455181839,sevenn,mptrj
wbm-2-51568,sevenn,0.6774792118,0.02449023455000035,sevenn,mptrj
wbm-2-51816,sevenn,1.0101139384,-0.037202349430000045,sevenn,mptrj
wbm-2-51830,sevenn,0.8477704312000001,-0.10718994492222222,sevenn,mptrj
wbm-2-51886,sevenn,0.8889891155,-0.08477577823999999,sevenn,mptrj
wbm-2-5191,sevenn,0.8463227168,-0.12760969744818154,sevenn,mptrj
wbm-2-52052,sevenn,1.0139084618,0.01048439799250005,sevenn,mptrj
wbm-2-52350,sevenn,0.9604780303,-0.01244350620833335,sevenn,mptrj
wbm-2-52424,sevenn,0.9579496141,-0.02846981147750003,sevenn,mptrj
wbm-2-5247,sevenn,1.0015347384,0.005724316562000098,sevenn,mptrj
wbm-2-52502,sevenn,0.9257670652000001,-0.010473598387500083,sevenn,mptrj
wbm-2-52632,sevenn,0.8789598609,-0.04447532035333318,sevenn,mptrj
wbm-2-5290,sevenn,0.8413524439000001,-0.07167362444000006,sevenn,mptrj
wbm-2-5804,sevenn,0.9183032221,-0.05780367131666667,sevenn,mptrj
wbm-2-6062,sevenn,0.9081382979,-0.017217404330833474,sevenn,mptrj
wbm-2-6092,sevenn,0.8864331937000001,-0.044008046011666545,sevenn,mptrj
wbm-2-6110,sevenn,1.0135746678,-0.009823036403999766,sevenn,mptrj
wbm-2-6329,sevenn,0.7295741545000001,-0.08048660027875006,sevenn,mptrj
wbm-2-6620,sevenn,1.0398343275,-0.019558318655000018,sevenn,mptrj
wbm-2-6627,sevenn,0.8462882029000001,-0.06596470868399991,sevenn,mptrj
wbm-2-6892,sevenn,0.8795353592,-0.07311257464000001,sevenn,mptrj
wbm-2-6906,sevenn,0.9375405158000001,-0.020152946833333452,sevenn,mptrj
wbm-2-6947,sevenn,0.9569007585,-0.07880368865500002,sevenn,mptrj
wbm-2-7202,sevenn,0.9875265808,-0.10503388587909081,sevenn,mptrj
wbm-2-7809,sevenn,0.9683568305,-0.026815358931999995,sevenn,mptrj
wbm-2-828,sevenn,0.9579029870000001,-0.02656600968124998,sevenn,mptrj
wbm-2-9248,sevenn,1.0036933177,-0.031250265742500186,sevenn,mptrj
wbm-2-9267,sevenn,0.9451559498000001,-0.0013157260112500956,sevenn,mptrj
wbm-2-9731,sevenn,0.9698851439,-0.033404182935999956,sevenn,mptrj
wbm-3-10689,sevenn,0.9476384003,-0.09752671037818175,sevenn,mptrj
wbm-3-11165,sevenn,0.9143715087000001,-0.07661489676562483,sevenn,mptrj
wbm-3-11718,sevenn,0.9091385434,-0.056697378457142886,sevenn,mptrj
wbm-3-12323,sevenn,0.8660036091000001,-0.04458471726200003,sevenn,mptrj
wbm-3-12716,sevenn,0.9397893780000001,-0.0810727680044445,sevenn,mptrj
wbm-3-12746,sevenn,1.0032305222,-0.008223880687500107,sevenn,mptrj
wbm-3-12774,sevenn,0.9217282406,-0.037448613090999956,sevenn,mptrj
wbm-3-12889,sevenn,0.8554402419,-0.017869443967499996,sevenn,mptrj
wbm-3-13114,sevenn,0.9072634743,-0.0021961286600000445,sevenn,mptrj
wbm-3-13317,sevenn,0.9486250191000001,-0.0455443481375001,sevenn,mptrj
wbm-3-13400,sevenn,0.8128772399,0.01451826576203701,sevenn,mptrj
wbm-3-13486,sevenn,0.9376230413000001,-0.05916906006125,sevenn,mptrj
wbm-3-13949,sevenn,0.9188070502000001,-0.02986611511249988,sevenn,mptrj
wbm-3-13976,sevenn,1.0516706093,-0.0578070488640001,sevenn,mptrj
wbm-3-14196,sevenn,0.9131679629,-0.050482066457499905,sevenn,mptrj
wbm-3-14217,sevenn,1.0102882475,-0.09826475121333339,sevenn,mptrj
wbm-3-1457,sevenn,0.8719172083000001,-0.051648389041999886,sevenn,mptrj
wbm-3-14648,sevenn,0.9815373412,0.007772455818750012,sevenn,mptrj
wbm-3-148,sevenn,0.9035251878,-0.023974063621666628,sevenn,mptrj
wbm-3-14897,sevenn,1.0262935997,-0.036532949012222184,sevenn,mptrj
wbm-3-15167,sevenn,0.9532193923000001,-0.02630270058999994,sevenn,mptrj
wbm-3-15223,sevenn,0.9475992626,-0.14031818927000012,sevenn,mptrj
wbm-3-15280,sevenn,1.0258695894,-0.14770684222299998,sevenn,mptrj
wbm-3-15327,sevenn,0.6535233159,0.08406862761499999,sevenn,mptrj
wbm-3-1552,sevenn,0.9369265410000001,0.07297051005000002,sevenn,mptrj
wbm-3-15643,sevenn,0.9530798081,-0.03168397327000008,sevenn,mptrj
wbm-3-16336,sevenn,0.8634819142,-0.006367342981666724,sevenn,mptrj
wbm-3-16734,sevenn,0.8095460221,-0.03418280739428563,sevenn,mptrj
wbm-3-16816,sevenn,1.0312278838,-0.001411917590000063,sevenn,mptrj
wbm-3-1719,sevenn,0.9313636559,-0.03022131926458312,sevenn,mptrj
wbm-3-17250,sevenn,0.9424472491,-0.04239344560249982,sevenn,mptrj
wbm-3-17617,sevenn,0.9890973317,-0.10871403044479178,sevenn,mptrj
wbm-3-17661,sevenn,0.9584142566,-0.032101344981111016,sevenn,mptrj
wbm-3-1822,sevenn,0.8532896275,-0.05857634948333315,sevenn,mptrj
wbm-3-18479,sevenn,0.8197256863,-0.06780366683111107,sevenn,mptrj
wbm-3-18841,sevenn,0.9017966704,-0.033524543644444425,sevenn,mptrj
wbm-3-19096,sevenn,0.8976434409,-0.007384545895555227,sevenn,mptrj
wbm-3-19145,sevenn,0.8450457920000001,-0.11348790222166667,sevenn,mptrj
wbm-3-19453,sevenn,0.9371278871000001,-0.04720278536166666,sevenn,mptrj
wbm-3-20198,sevenn,0.9820548233,-0.01385245706333335,sevenn,mptrj
wbm-3-20284,sevenn,1.0295269358,-0.0548938035588889,sevenn,mptrj
wbm-3-20301,sevenn,0.33861744930000004,-0.03195435245714298,sevenn,mptrj
wbm-3-20382,sevenn,0.9805525531,-0.06428925542166676,sevenn,mptrj
wbm-3-20528,sevenn,1.0012759504,-0.055301225079999954,sevenn,mptrj
wbm-3-20949,sevenn,0.9500863791,-0.06446849325000012,sevenn,mptrj
wbm-3-21531,sevenn,0.9028938686,-0.025653110249166566,sevenn,mptrj
wbm-3-21627,sevenn,0.9611784064000001,-0.013979048411666818,sevenn,mptrj
wbm-3-21642,sevenn,0.9646801146,-0.02628972206428561,sevenn,mptrj
wbm-3-22305,sevenn,0.9506570404,-0.016956601489583445,sevenn,mptrj
wbm-3-22379,sevenn,0.8558563155000001,-0.00997588819874995,sevenn,mptrj
wbm-3-2248,sevenn,0.9230778878,-0.06423155993999999,sevenn,mptrj
wbm-3-22519,sevenn,0.8396026052000001,0.0005374633791667015,sevenn,mptrj
wbm-3-22524,sevenn,0.9863394935,0.02748715644874995,sevenn,mptrj
wbm-3-22718,sevenn,0.9203496631,0.026808659732812656,sevenn,mptrj
wbm-3-22742,sevenn,0.9690232671000001,-0.05176730323000003,sevenn,mptrj
wbm-3-22772,sevenn,0.9804100635,-0.023502580708749932,sevenn,mptrj
wbm-3-23060,sevenn,0.9098873293,-0.0025744059449999135,sevenn,mptrj
wbm-3-23205,sevenn,0.6873233408,-0.08339322686964287,sevenn,mptrj
wbm-3-23657,sevenn,0.9480724226,0.01367740653375007,sevenn,mptrj
wbm-3-23961,sevenn,1.0081768218,-0.009593147963636414,sevenn,mptrj
wbm-3-24482,sevenn,0.7148979654000001,0.026567730936250023,sevenn,mptrj
wbm-3-24541,sevenn,0.8898884151,-0.029736285141975176,sevenn,mptrj
wbm-3-25261,sevenn,0.9386940866000001,-0.03087134708800008,sevenn,mptrj
wbm-3-25538,sevenn,0.9949118706000001,-0.04184026672428566,sevenn,mptrj
wbm-3-25577,sevenn,0.8572500622,-0.05749933362285701,sevenn,mptrj
wbm-3-26237,sevenn,0.8983703978,-0.02259457082555561,sevenn,mptrj
wbm-3-26853,sevenn,0.9004583024,-0.022859351431944397,sevenn,mptrj
wbm-3-26855,sevenn,0.9597057632,-0.004128952515000161,sevenn,mptrj
wbm-3-27894,sevenn,0.9100550939000001,-0.033978564711666694,sevenn,mptrj
wbm-3-28259,sevenn,0.8854365088,-0.06279396048749995,sevenn,mptrj
wbm-3-28421,sevenn,1.0086973482,-0.04391152548142852,sevenn,mptrj
wbm-3-2876,sevenn,0.9779142251,-0.0013086823914287646,sevenn,mptrj
wbm-3-29262,sevenn,0.9172781860000001,-0.020837372008889014,sevenn,mptrj
wbm-3-29413,sevenn,0.8861396864000001,-0.028255566006666653,sevenn,mptrj
wbm-3-2947,sevenn,1.0196680489,-0.0055643090357142865,sevenn,mptrj
wbm-3-29478,sevenn,0.9638555141,-0.01572629735299998,sevenn,mptrj
wbm-3-29820,sevenn,0.8654421053,-0.06622404512999988,sevenn,mptrj
wbm-3-29926,sevenn,0.9445943832,-0.013221477203000093,sevenn,mptrj
wbm-3-30118,sevenn,0.8943220368,-0.030247973041999925,sevenn,mptrj
wbm-3-30211,sevenn,0.9115727308,-0.03536371687699983,sevenn,mptrj
wbm-3-30339,sevenn,0.9129029065,-0.11424026412249985,sevenn,mptrj
wbm-3-30439,sevenn,0.9926609491,-0.06831243874200019,sevenn,mptrj
wbm-3-30449,sevenn,0.9833425944,-0.025535423827999965,sevenn,mptrj
wbm-3-306,sevenn,0.8852747714,-0.050220601055000126,sevenn,mptrj
wbm-3-31547,sevenn,0.9399034168,-0.09056551062799997,sevenn,mptrj
wbm-3-32182,sevenn,0.8335730691000001,-0.06745234921000076,sevenn,mptrj
wbm-3-32371,sevenn,0.7896477878,-0.11436756458000001,sevenn,mptrj
wbm-3-3260,sevenn,0.9337564723,-0.022797629808749997,sevenn,mptrj
wbm-3-32953,sevenn,0.8598651187,-0.04674050206916652,sevenn,mptrj
wbm-3-33052,sevenn,1.0151736422,-0.09711405608833334,sevenn,mptrj
wbm-3-33057,sevenn,1.0097031088,-0.09995714326916681,sevenn,mptrj
wbm-3-33496,sevenn,1.0516516967,-0.004168931236666691,sevenn,mptrj
wbm-3-33667,sevenn,0.9182769005,-0.05761416049374999,sevenn,mptrj
wbm-3-33669,sevenn,0.8253938132,-0.05346117591571442,sevenn,mptrj
wbm-3-33766,sevenn,0.8121666998,-0.11077181728124996,sevenn,mptrj
wbm-3-33958,sevenn,1.0365610874,-0.054523902262000025,sevenn,mptrj
wbm-3-34051,sevenn,0.8846291259,-0.04880300245571421,sevenn,mptrj
wbm-3-34079,sevenn,0.8968030184,-0.04955522354428581,sevenn,mptrj
wbm-3-34526,sevenn,0.9598965277,-0.06588245053833326,sevenn,mptrj
wbm-3-34928,sevenn,0.7889200712000001,0.011871368966667184,sevenn,mptrj
wbm-3-35085,sevenn,0.8875562555000001,-0.045815318225833346,sevenn,mptrj
wbm-3-35166,sevenn,0.9763712299,-0.00548410705000002,sevenn,mptrj
wbm-3-35187,sevenn,0.8589812454,0.03191033185400002,sevenn,mptrj
wbm-3-35781,sevenn,0.9800620612000001,-0.04574098470250002,sevenn,mptrj
wbm-3-35839,sevenn,0.9203398565,-0.09832215904833337,sevenn,mptrj
wbm-3-36237,sevenn,0.9450985532,-0.005123342206249948,sevenn,mptrj
wbm-3-36320,sevenn,0.9660374302,-0.010694298557499949,sevenn,mptrj
wbm-3-36651,sevenn,0.9066667371,-0.052391256597272735,sevenn,mptrj
wbm-3-36996,sevenn,0.7909760282,-0.9031593451333334,sevenn,mptrj
wbm-3-37033,sevenn,0.9966156549,-0.006069020114999972,sevenn,mptrj
wbm-3-37063,sevenn,0.8410910183,0.003964572900000007,sevenn,mptrj
wbm-3-37150,sevenn,0.951620063,-0.013344709548333118,sevenn,mptrj
wbm-3-37539,sevenn,0.9849097134,-0.0585841027299999,sevenn,mptrj
wbm-3-3762,sevenn,0.8584644332,-0.04023844919285717,sevenn,mptrj
wbm-3-37637,sevenn,0.9199855399,-0.022066403499166515,sevenn,mptrj
wbm-3-37700,sevenn,0.8841760859000001,-0.02841636426000007,sevenn,mptrj
wbm-3-37760,sevenn,0.8973103545000001,-0.026388790338888808,sevenn,mptrj
wbm-3-37854,sevenn,0.8728007181,-0.0037629603575000115,sevenn,mptrj
wbm-3-38201,sevenn,0.8698301183,0.004927694469999943,sevenn,mptrj
wbm-3-38304,sevenn,0.9072102750000001,-0.04098924850740736,sevenn,mptrj
wbm-3-38309,sevenn,0.9381477379000001,-0.00842721249666667,sevenn,mptrj
wbm-3-38620,sevenn,0.7532720993,-0.09439145843500008,sevenn,mptrj
wbm-3-38776,sevenn,0.9486509554,-0.01912793415916685,sevenn,mptrj
wbm-3-38878,sevenn,0.9212185770000001,-0.003980440968333335,sevenn,mptrj
wbm-3-39280,sevenn,0.7285975663,-0.040174633947500024,sevenn,mptrj
wbm-3-40020,sevenn,0.8953640197,-0.05257585926499988,sevenn,mptrj
wbm-3-40352,sevenn,0.8666426099000001,0.03164491513199991,sevenn,mptrj
wbm-3-40869,sevenn,0.9744282364,-0.0029220415250001074,sevenn,mptrj
wbm-3-41021,sevenn,0.8780695094000001,-0.011416455743055585,sevenn,mptrj
wbm-3-41155,sevenn,1.0215731027,-0.052908808907812244,sevenn,mptrj
wbm-3-41162,sevenn,1.0594678876999999,-0.05852671858035663,sevenn,mptrj
wbm-3-41194,sevenn,0.7964978774,-0.06398646435333326,sevenn,mptrj
wbm-3-41559,sevenn,0.9037264142,-0.028983857387499867,sevenn,mptrj
wbm-3-41591,sevenn,0.637912822,-0.0031230679240742366,sevenn,mptrj
wbm-3-4193,sevenn,0.8545788422,-0.07451617997749986,sevenn,mptrj
wbm-3-42072,sevenn,0.9721356627000001,-0.043098707467999944,sevenn,mptrj
wbm-3-42429,sevenn,0.9396800138,-0.030575932422499986,sevenn,mptrj
wbm-3-42516,sevenn,0.9806540987000001,0.04539967599750021,sevenn,mptrj
wbm-3-42538,sevenn,0.6260612159,-0.07680026074500015,sevenn,mptrj
wbm-3-42640,sevenn,0.8354759229000001,-0.05706986311249986,sevenn,mptrj
wbm-3-42658,sevenn,0.9266009615,-0.042143961236666645,sevenn,mptrj
wbm-3-42727,sevenn,0.9163791322,-0.013247816860000108,sevenn,mptrj
wbm-3-42969,sevenn,0.7322679828,0.04237279215999982,sevenn,mptrj
wbm-3-43100,sevenn,0.892075574,-0.04801092503555546,sevenn,mptrj
wbm-3-43237,sevenn,0.9459891292,0.019151989875000018,sevenn,mptrj
wbm-3-43314,sevenn,0.9566282271000001,0.04887505630499991,sevenn,mptrj
wbm-3-43330,sevenn,0.8345802777,-0.04060263602499994,sevenn,mptrj
wbm-3-43872,sevenn,0.8633536928000001,-0.10810327531499979,sevenn,mptrj
wbm-3-44030,sevenn,0.8117629841,-0.0354509025099999,sevenn,mptrj
wbm-3-44054,sevenn,0.7433577162,-0.06125381379900006,sevenn,mptrj
wbm-3-44492,sevenn,0.8952714220000001,-0.11159910807900005,sevenn,mptrj
wbm-3-44546,sevenn,0.7694318369,-0.08527334525900017,sevenn,mptrj
wbm-3-44704,sevenn,1.0048736421,-0.021123763931168743,sevenn,mptrj
wbm-3-44894,sevenn,0.8802067715,-0.08483848830333329,sevenn,mptrj
wbm-3-44975,sevenn,0.7425893979,-0.11523691847100004,sevenn,mptrj
wbm-3-45183,sevenn,0.8062201305000001,-0.150115762765,sevenn,mptrj
wbm-3-45466,sevenn,0.8958246034,-0.07629807371599995,sevenn,mptrj
wbm-3-45678,sevenn,0.7652949606,-0.0880836418079997,sevenn,mptrj
wbm-3-45688,sevenn,0.9717269474,-0.009951807321666568,sevenn,mptrj
wbm-3-45998,sevenn,0.9856893943,-0.017110721840909157,sevenn,mptrj
wbm-3-46394,sevenn,0.9867649898,-0.0902459691822223,sevenn,mptrj
wbm-3-46540,sevenn,1.0236393945,-0.020476988508333172,sevenn,mptrj
wbm-3-46685,sevenn,0.9547917758000001,-0.017742161913999938,sevenn,mptrj
wbm-3-46735,sevenn,0.8740843236,-0.02471047738518516,sevenn,mptrj
wbm-3-47098,sevenn,0.9880821126,-0.1593272696083332,sevenn,mptrj
wbm-3-47103,sevenn,0.9017297214000001,-0.03042798642249984,sevenn,mptrj
wbm-3-47175,sevenn,0.7538076397,-0.004394568014999933,sevenn,mptrj
wbm-3-47241,sevenn,0.9624961038000001,-0.12614064581333342,sevenn,mptrj
wbm-3-47298,sevenn,0.8877944646,-0.016833052142500148,sevenn,mptrj
wbm-3-49919,sevenn,0.9251382918000001,-0.04617231552333336,sevenn,mptrj
wbm-3-4997,sevenn,1.0130376962,-0.10822753941666684,sevenn,mptrj
wbm-3-50064,sevenn,0.8457136879,-0.06792267886249989,sevenn,mptrj
wbm-3-50205,sevenn,0.8997099397,-0.04034946917099994,sevenn,mptrj
wbm-3-50520,sevenn,0.790634198,-0.024398461184444446,sevenn,mptrj
wbm-3-50670,sevenn,0.9681240076000001,-0.029924667312000042,sevenn,mptrj
wbm-3-51459,sevenn,0.9024009390000001,0.004475289847777711,sevenn,mptrj
wbm-3-51587,sevenn,0.9177138757000001,0.006619505337999669,sevenn,mptrj
wbm-3-5184,sevenn,0.9638096347,-0.03978396664166682,sevenn,mptrj
wbm-3-52355,sevenn,1.0103949542,-0.004358621689166616,sevenn,mptrj
wbm-3-52431,sevenn,0.8670300343,-0.026308974133750062,sevenn,mptrj
wbm-3-52542,sevenn,0.917783419,-0.025144244450000148,sevenn,mptrj
wbm-3-52633,sevenn,0.9722771034000001,-0.024213863262500013,sevenn,mptrj
wbm-3-5266,sevenn,0.8611532762,-0.029121391010000035,sevenn,mptrj
wbm-3-52816,sevenn,0.9112914815000001,-0.03621468385363626,sevenn,mptrj
wbm-3-52847,sevenn,0.9903545002,-0.0004075515544447702,sevenn,mptrj
wbm-3-53364,sevenn,0.974212673,-0.012012445468999999,sevenn,mptrj
wbm-3-53557,sevenn,0.9502566175,-0.11992567828666648,sevenn,mptrj
wbm-3-53750,sevenn,0.960883428,-0.007613747102000019,sevenn,mptrj
wbm-3-54048,sevenn,0.9373227289,-0.004933813851000082,sevenn,mptrj
wbm-3-54295,sevenn,0.9026035716,-0.037208943416666675,sevenn,mptrj
wbm-3-54341,sevenn,0.9376966441000001,-0.006497347357999957,sevenn,mptrj
wbm-3-54781,sevenn,0.9661734117,-0.0015141622889998274,sevenn,mptrj
wbm-3-54884,sevenn,0.9848501346,-0.0018119378230000648,sevenn,mptrj
wbm-3-54941,sevenn,0.9073496926,-0.016910596081000193,sevenn,mptrj
wbm-3-54994,sevenn,1.0504448654,-0.04098965993249983,sevenn,mptrj
wbm-3-5506,sevenn,0.8806953256000001,-0.048301074872499856,sevenn,mptrj
wbm-3-55447,sevenn,0.9235752873,-0.002723931978888869,sevenn,mptrj
wbm-3-55539,sevenn,0.9634567114,-0.003082565091999925,sevenn,mptrj
wbm-3-55627,sevenn,0.9735073149000001,-0.009426180785714432,sevenn,mptrj
wbm-3-56074,sevenn,0.9014605487,-0.029261817350000028,sevenn,mptrj
wbm-3-56128,sevenn,1.0039747805,-0.0005274323008330602,sevenn,mptrj
wbm-3-56146,sevenn,0.9937720887,-0.005268309191666632,sevenn,mptrj
wbm-3-56178,sevenn,0.8750872118,0.01578190269916663,sevenn,mptrj
wbm-3-56716,sevenn,0.9686851339,-0.005603170298333282,sevenn,mptrj
wbm-3-56851,sevenn,0.9450753879,0.0006458792200000118,sevenn,mptrj
wbm-3-56962,sevenn,0.8491879634,0.002013085205714203,sevenn,mptrj
wbm-3-57010,sevenn,0.9681319962,-0.007728402597222307,sevenn,mptrj
wbm-3-57180,sevenn,0.774449414,-0.07402210043800003,sevenn,mptrj
wbm-3-57785,sevenn,0.7396678062,-0.10985556211666687,sevenn,mptrj
wbm-3-58210,sevenn,0.9498098593000001,-0.04033258399111107,sevenn,mptrj
wbm-3-58328,sevenn,0.8982596206000001,-0.07621105331799996,sevenn,mptrj
wbm-3-58361,sevenn,0.8562222613,-0.10817270278250009,sevenn,mptrj
wbm-3-59267,sevenn,0.8778432364000001,-0.04108998235888903,sevenn,mptrj
wbm-3-59295,sevenn,0.8143203529,-0.09946412422799995,sevenn,mptrj
wbm-3-59449,sevenn,0.8474636666,-0.012773081154166732,sevenn,mptrj
wbm-3-59466,sevenn,0.9325830299000001,-0.009000150050000223,sevenn,mptrj
wbm-3-595,sevenn,0.8985540765000001,-0.05635351021545454,sevenn,mptrj
wbm-3-59933,sevenn,1.0153212842,0.0030648574133333405,sevenn,mptrj
wbm-3-60022,sevenn,0.9097513527000001,-0.003583092816666718,sevenn,mptrj
wbm-3-60241,sevenn,0.893598161,-0.01041500643749993,sevenn,mptrj
wbm-3-603,sevenn,1.1548100485,-0.04276918777111105,sevenn,mptrj
wbm-3-60446,sevenn,0.9523549764,-0.03354939338666677,sevenn,mptrj
wbm-3-61162,sevenn,0.9263137545000001,-0.05050729663333323,sevenn,mptrj
wbm-3-61232,sevenn,0.8742967119,-0.040434102767499966,sevenn,mptrj
wbm-3-61906,sevenn,0.8959619432,-0.028853430060833435,sevenn,mptrj
wbm-3-62045,sevenn,0.6073124295,0.0013401495333332668,sevenn,mptrj
wbm-3-6216,sevenn,1.0327180929,-0.06226230948999998,sevenn,mptrj
wbm-3-62502,sevenn,0.9636602414000001,0.009158194428571116,sevenn,mptrj
wbm-3-62783,sevenn,0.7080279628,-0.10007376311125,sevenn,mptrj
wbm-3-62830,sevenn,1.003378139,-0.11126860944272736,sevenn,mptrj
wbm-3-63055,sevenn,0.6423295164,0.05994886323500026,sevenn,mptrj
wbm-3-63253,sevenn,0.9148760862,-0.06016360013777779,sevenn,mptrj
wbm-3-63360,sevenn,0.748258914,-0.05947400262777797,sevenn,mptrj
wbm-3-63525,sevenn,0.905628568,-0.01737879747899996,sevenn,mptrj
wbm-3-64157,sevenn,0.9581054211000001,-0.015958367570833274,sevenn,mptrj
wbm-3-64616,sevenn,0.8605373431000001,-0.054649737090000094,sevenn,mptrj
wbm-3-65153,sevenn,1.0115856589,-0.046151916490000035,sevenn,mptrj
wbm-3-65435,sevenn,1.0074597018,0.008602224586111262,sevenn,mptrj
wbm-3-65475,sevenn,0.7094135897,0.08950078736666682,sevenn,mptrj
wbm-3-65984,sevenn,0.9101794547000001,-0.06733007296666654,sevenn,mptrj
wbm-3-66716,sevenn,0.9192636861000001,-0.054952363319999885,sevenn,mptrj
wbm-3-6686,sevenn,0.9587014168,-0.010876634253333487,sevenn,mptrj
wbm-3-66915,sevenn,0.9796526212000001,-0.054629280327999796,sevenn,mptrj
wbm-3-67124,sevenn,0.7487792025000001,-0.08725675906666659,sevenn,mptrj
wbm-3-67497,sevenn,0.7961433318000001,-0.0336587974375,sevenn,mptrj
wbm-3-67713,sevenn,0.9655054939000001,-0.02855392476250005,sevenn,mptrj
wbm-3-67920,sevenn,0.8831896705000001,-0.054834431738333224,sevenn,mptrj
wbm-3-68136,sevenn,1.0021264078,-0.060800788009999975,sevenn,mptrj
wbm-3-68514,sevenn,0.8629421220000001,-0.030914663631111238,sevenn,mptrj
wbm-3-68711,sevenn,0.9918481983,-0.0695803712828572,sevenn,mptrj
wbm-3-69146,sevenn,1.0265640836,0.007649548803999906,sevenn,mptrj
wbm-3-69202,sevenn,0.9235174385,-0.07961932833499992,sevenn,mptrj
wbm-3-69261,sevenn,0.9731720587,-0.04326437753142847,sevenn,mptrj
wbm-3-69323,sevenn,1.0743598622,-0.013130883803333228,sevenn,mptrj
wbm-3-69961,sevenn,0.9809194532000001,-0.011823903042727192,sevenn,mptrj
wbm-3-70170,sevenn,0.8953530516,-0.044265785158181616,sevenn,mptrj
wbm-3-70189,sevenn,0.9248282168,-0.03345462800272711,sevenn,mptrj
wbm-3-70249,sevenn,0.8381788452000001,-0.07351975585636371,sevenn,mptrj
wbm-3-70474,sevenn,0.8480271115,0.037710426450000036,sevenn,mptrj
wbm-3-712,sevenn,1.047625591,-0.04528300609374982,sevenn,mptrj
wbm-3-71225,sevenn,0.9460371175000001,-0.026239953369999895,sevenn,mptrj
wbm-3-71404,sevenn,0.9756451452,-0.013926492845000115,sevenn,mptrj
wbm-3-71848,sevenn,0.983241837,-0.01611079061749985,sevenn,mptrj
wbm-3-71989,sevenn,0.9807036242,-0.02342510968299983,sevenn,mptrj
wbm-3-72169,sevenn,0.8818958703,-0.033389391727499974,sevenn,mptrj
wbm-3-72274,sevenn,1.0334967433,-0.04355664419250003,sevenn,mptrj
wbm-3-73083,sevenn,0.9630825922,-0.031549403800000236,sevenn,mptrj
wbm-3-73636,sevenn,1.0233498935,-0.02955073077800009,sevenn,mptrj
wbm-3-73935,sevenn,1.0441537814,-0.06019816022125002,sevenn,mptrj
wbm-3-75010,sevenn,0.8859197006,-0.014624405116666732,sevenn,mptrj
wbm-3-75403,sevenn,0.9955313811000001,-0.04813391445750002,sevenn,mptrj
wbm-3-75540,sevenn,0.6829031084,-0.13557159607777752,sevenn,mptrj
wbm-3-75956,sevenn,0.8570486073,-0.04413494288703706,sevenn,mptrj
wbm-3-75983,sevenn,0.9947415335,-0.0841762239166665,sevenn,mptrj
wbm-3-76051,sevenn,0.8417711631,-0.06112796270749996,sevenn,mptrj
wbm-3-76585,sevenn,1.1462757778000001,-0.06464946058888879,sevenn,mptrj
wbm-3-76650,sevenn,0.9760408333,-0.014036849014000003,sevenn,mptrj
wbm-3-76809,sevenn,1.0382956934,-0.021777813004000064,sevenn,mptrj
wbm-3-76971,sevenn,0.8886497001,-0.04541838715500015,sevenn,mptrj
wbm-3-7741,sevenn,1.1339866421,-0.0901755578937496,sevenn,mptrj
wbm-3-77528,sevenn,0.9931429469,-0.02759719946000005,sevenn,mptrj
wbm-3-77731,sevenn,1.0654015823,-0.08762936118124998,sevenn,mptrj
wbm-3-78067,sevenn,0.9132859999999999,-0.017144684116999827,sevenn,mptrj
wbm-3-78151,sevenn,1.0452924262,-0.03693848615749991,sevenn,mptrj
wbm-3-78206,sevenn,0.9919079092,-0.015233777483333278,sevenn,mptrj
wbm-3-78592,sevenn,1.0214932176,-0.0549339593600001,sevenn,mptrj
wbm-3-79099,sevenn,0.8307369703,-0.05766052593833327,sevenn,mptrj
wbm-3-7917,sevenn,1.0069289548,0.005056887739999897,sevenn,mptrj
wbm-3-8541,sevenn,1.0834655441,-0.08903822509818188,sevenn,mptrj
wbm-3-8554,sevenn,0.8666151888,-0.05740539925000005,sevenn,mptrj
wbm-3-9136,sevenn,1.0093177596,-0.10249358803750015,sevenn,mptrj
wbm-3-9227,sevenn,1.0063347881,-0.07624211433999999,sevenn,mptrj
wbm-3-924,sevenn,0.9888911571000001,-0.05792446239583349,sevenn,mptrj
wbm-3-9240,sevenn,0.8195663365,-0.03834356491166666,sevenn,mptrj
wbm-3-9643,sevenn,0.8923421194000001,-0.05247573444083322,sevenn,mptrj
wbm-3-9769,sevenn,0.8927412499,-0.11131477659200015,sevenn,mptrj
wbm-4-10054,sevenn,0.9929359186000001,-0.07564538541500002,sevenn,mptrj
wbm-4-10294,sevenn,0.9702185631,-0.01922392021583323,sevenn,mptrj
wbm-4-10665,sevenn,1.0103799444,0.009794138147500053,sevenn,mptrj
wbm-4-10830,sevenn,0.9307933411,-0.008710497462500032,sevenn,mptrj
wbm-4-11797,sevenn,0.9424827143000001,-0.006478288344999772,sevenn,mptrj
wbm-4-12086,sevenn,0.8258813963,0.04818271474083341,sevenn,mptrj
wbm-4-12502,sevenn,0.8295510153000001,-0.03972189834555514,sevenn,mptrj
wbm-4-12573,sevenn,0.8216120032,0.048653260834444406,sevenn,mptrj
wbm-4-12645,sevenn,0.9504575081000001,0.02210940957000025,sevenn,mptrj
wbm-4-12995,sevenn,0.9258643316,-0.007965768170000017,sevenn,mptrj
wbm-4-13409,sevenn,0.9731298399,-0.06746926111142852,sevenn,mptrj
wbm-4-13566,sevenn,0.9112041944,-0.059016411156249934,sevenn,mptrj
wbm-4-14124,sevenn,0.9708890584000001,-0.10417281050500007,sevenn,mptrj
wbm-4-14376,sevenn,0.9204291495,-0.056512712520000084,sevenn,mptrj
wbm-4-14665,sevenn,1.1394762936,-0.10812915060000013,sevenn,mptrj
wbm-4-14933,sevenn,0.9629896116000001,-0.08068473090499992,sevenn,mptrj
wbm-4-15235,sevenn,0.8012557003,-0.028637769286666642,sevenn,mptrj
wbm-4-15858,sevenn,0.8774487511,-0.12025439278166665,sevenn,mptrj
wbm-4-16373,sevenn,0.9713847632,-0.15039126630499985,sevenn,mptrj
wbm-4-16740,sevenn,0.9781723891,-0.004733979230000074,sevenn,mptrj
wbm-4-16765,sevenn,0.8218124689,-0.12402967870750006,sevenn,mptrj
wbm-4-16869,sevenn,0.8739066144000001,0.0031349171333334407,sevenn,mptrj
wbm-4-1702,sevenn,1.056127728,-0.018672151162499873,sevenn,mptrj
wbm-4-1741,sevenn,0.9980272579,-0.058475045513749976,sevenn,mptrj
wbm-4-17711,sevenn,0.9116537512,-0.03170269380249995,sevenn,mptrj
wbm-4-17768,sevenn,0.9537006848,-0.04067806017749991,sevenn,mptrj
wbm-4-18135,sevenn,0.9501785970000001,-0.010085445153333221,sevenn,mptrj
wbm-4-18169,sevenn,0.8127220603,-0.025024920378333346,sevenn,mptrj
wbm-4-18357,sevenn,0.8758570602,-0.060778641789999935,sevenn,mptrj
wbm-4-18483,sevenn,0.9931067442,0.002305885664000158,sevenn,mptrj
wbm-4-18752,sevenn,0.9525058603000001,-0.06411309335500012,sevenn,mptrj
wbm-4-18898,sevenn,1.1909408029,-0.01291044456700007,sevenn,mptrj
wbm-4-19359,sevenn,0.9309039909000001,-0.011423102992222232,sevenn,mptrj
wbm-4-19479,sevenn,0.9981301254,-0.046008472272857044,sevenn,mptrj
wbm-4-19743,sevenn,0.8726420001,-0.05185291635666663,sevenn,mptrj
wbm-4-19788,sevenn,0.9846729224,-0.017576121564444394,sevenn,mptrj
wbm-4-19793,sevenn,0.9712671794000001,-0.0015342681840000338,sevenn,mptrj
wbm-4-20225,sevenn,0.852479909,-0.038854696378888956,sevenn,mptrj
wbm-4-20419,sevenn,0.974692419,-0.03197452053416671,sevenn,mptrj
wbm-4-20511,sevenn,0.9731965067,-0.005439299220833564,sevenn,mptrj
wbm-4-2067,sevenn,0.9491246296,-0.02190405694083329,sevenn,mptrj
wbm-4-20703,sevenn,0.6502996896000001,0.04423178453600002,sevenn,mptrj
wbm-4-20837,sevenn,0.8730155027000001,-0.08845997339687495,sevenn,mptrj
wbm-4-21132,sevenn,0.7656468310000001,-0.0407265459125,sevenn,mptrj
wbm-4-21175,sevenn,0.8481012187,0.024431486697916654,sevenn,mptrj
wbm-4-21368,sevenn,0.6120970421,-0.2262080243183334,sevenn,mptrj
wbm-4-21376,sevenn,0.8234902810000001,-0.006502683615000156,sevenn,mptrj
wbm-4-21871,sevenn,0.7963179867,-0.01731019251222234,sevenn,mptrj
wbm-4-21957,sevenn,0.7448494910000001,-0.0700952803762501,sevenn,mptrj
wbm-4-22087,sevenn,0.8987737463000001,0.08202944016800018,sevenn,mptrj
wbm-4-22178,sevenn,0.9591646008,-0.07638987544100004,sevenn,mptrj
wbm-4-22240,sevenn,0.8675207055,-0.16989337482999992,sevenn,mptrj
wbm-4-22865,sevenn,0.8581130479,-0.06457279565999997,sevenn,mptrj
wbm-4-23032,sevenn,0.9439760473000001,-0.011205238989999818,sevenn,mptrj
wbm-4-23297,sevenn,0.9057419217,-0.01173005758833317,sevenn,mptrj
wbm-4-23326,sevenn,0.9583686952,-0.048055249095000065,sevenn,mptrj
wbm-4-23428,sevenn,0.7720296842000001,-0.04846816860999989,sevenn,mptrj
wbm-4-23579,sevenn,0.7871341284000001,-0.015039032473333573,sevenn,mptrj
wbm-4-24423,sevenn,0.8259047727000001,-0.007960591892500002,sevenn,mptrj
wbm-4-24471,sevenn,0.9651823568000001,-0.019246633018333268,sevenn,mptrj
wbm-4-245,sevenn,0.9521590240000001,-0.032229901126249995,sevenn,mptrj
wbm-4-2486,sevenn,1.0060716021,-0.009324518137499993,sevenn,mptrj
wbm-4-24976,sevenn,0.8605935218,-0.023922714532857117,sevenn,mptrj
wbm-4-25275,sevenn,0.9901535305,-0.0034380048383333417,sevenn,mptrj
wbm-4-25460,sevenn,0.9389040838,-0.008741578169166668,sevenn,mptrj
wbm-4-2551,sevenn,1.0444307915,-0.07602544382249983,sevenn,mptrj
wbm-4-25775,sevenn,0.9621283059,0.013243157503636383,sevenn,mptrj
wbm-4-26367,sevenn,0.94488301,-0.013515034444000023,sevenn,mptrj
wbm-4-26686,sevenn,0.8779194104,-0.01542097790777793,sevenn,mptrj
wbm-4-26775,sevenn,0.992498117,-0.001849029374444358,sevenn,mptrj
wbm-4-26883,sevenn,0.9075659815,-0.021260770539999925,sevenn,mptrj
wbm-4-26915,sevenn,0.9170097466,-0.002572055595555551,sevenn,mptrj
wbm-4-27182,sevenn,0.9816308587,-0.007642232139999976,sevenn,mptrj
wbm-4-27263,sevenn,0.8094386531000001,-0.015597438381999923,sevenn,mptrj
wbm-4-27275,sevenn,0.9680444283,-0.015861534285555555,sevenn,mptrj
wbm-4-27736,sevenn,0.94116756,-0.000876158514000167,sevenn,mptrj
wbm-4-27942,sevenn,0.8527209746000001,-0.08052771231600048,sevenn,mptrj
wbm-4-27954,sevenn,0.8991918978000001,-0.024752959176000216,sevenn,mptrj
wbm-4-28454,sevenn,0.6801247532,-0.06714040842399996,sevenn,mptrj
wbm-4-28465,sevenn,0.8960833946000001,0.016444177710999812,sevenn,mptrj
wbm-4-28726,sevenn,0.8986596064,-0.05687271578333336,sevenn,mptrj
wbm-4-28844,sevenn,1.0089312089,-0.020181989898000054,sevenn,mptrj
wbm-4-29036,sevenn,0.8337530915,-0.012108457554999985,sevenn,mptrj
wbm-4-29107,sevenn,0.7849704444000001,0.005454897683333234,sevenn,mptrj
wbm-4-29225,sevenn,0.937672394,-0.07019381594166679,sevenn,mptrj
wbm-4-29341,sevenn,0.9738242380000001,-0.027682103143333355,sevenn,mptrj
wbm-4-29856,sevenn,0.9391669818,-0.011838976395000067,sevenn,mptrj
wbm-4-30094,sevenn,0.9945425685,-0.013342748427500073,sevenn,mptrj
wbm-4-3031,sevenn,0.8428792554000001,-0.05611349900916688,sevenn,mptrj
wbm-4-3082,sevenn,0.9992294994,-0.05363677754500014,sevenn,mptrj
wbm-4-30986,sevenn,1.0226837974,0.004037996154000325,sevenn,mptrj
wbm-4-31067,sevenn,0.9123428664000001,-0.027664172427499967,sevenn,mptrj
wbm-4-31477,sevenn,0.7997354046,-0.06484655024749993,sevenn,mptrj
wbm-4-31779,sevenn,0.8389594702000001,-0.029862773249999818,sevenn,mptrj
wbm-4-32151,sevenn,0.8010610737,-0.06023587043555562,sevenn,mptrj
wbm-4-3228,sevenn,0.8977895179000001,-0.03932005188727278,sevenn,mptrj
wbm-4-32502,sevenn,0.933843937,-0.016259849376666462,sevenn,mptrj
wbm-4-32615,sevenn,0.9058153994,-0.032093611961666824,sevenn,mptrj
wbm-4-32624,sevenn,0.9419024775,-0.04216945107500005,sevenn,mptrj
wbm-4-33071,sevenn,0.8978520855000001,-0.05101369681919197,sevenn,mptrj
wbm-4-33100,sevenn,0.9459852561000001,-0.01131047422800023,sevenn,mptrj
wbm-4-33257,sevenn,0.9481472588000001,-0.05835685016800006,sevenn,mptrj
wbm-4-33273,sevenn,0.3537829126,-0.17706674879444478,sevenn,mptrj
wbm-4-33725,sevenn,0.8826125658,-0.06485702187777775,sevenn,mptrj
wbm-4-33762,sevenn,0.8957253998,-0.05784635915166642,sevenn,mptrj
wbm-4-33836,sevenn,0.8757184017,0.037849254367499974,sevenn,mptrj
wbm-4-34209,sevenn,0.919481105,-0.026642794054999898,sevenn,mptrj
wbm-4-34327,sevenn,0.9879423455,-0.03466185445250014,sevenn,mptrj
wbm-4-34644,sevenn,0.8727510687000001,-0.04138551788599997,sevenn,mptrj
wbm-4-35087,sevenn,0.849467156,-0.042125651335555465,sevenn,mptrj
wbm-4-35344,sevenn,1.1241696415,-0.09849623995400009,sevenn,mptrj
wbm-4-35488,sevenn,0.9229508788,-0.02276197336888891,sevenn,mptrj
wbm-4-35828,sevenn,0.9068335743,-0.0796284473200001,sevenn,mptrj
wbm-4-36211,sevenn,1.2239680374,-0.0028457723525000312,sevenn,mptrj
wbm-4-36238,sevenn,0.9655133164,-0.02949802951399988,sevenn,mptrj
wbm-4-36284,sevenn,0.9663374520000001,-0.0776735669449999,sevenn,mptrj
wbm-4-3650,sevenn,0.7887297453000001,0.0044462853283332516,sevenn,mptrj
wbm-4-36563,sevenn,0.9592418524,-0.0725803878549999,sevenn,mptrj
wbm-4-36886,sevenn,0.8451506838,-0.05091705868000013,sevenn,mptrj
wbm-4-38132,sevenn,0.8592191276000001,-0.06250282940499995,sevenn,mptrj
wbm-4-38261,sevenn,0.9706893783,-0.09265846552749987,sevenn,mptrj
wbm-4-38287,sevenn,0.8941874763000001,-0.055868565531481514,sevenn,mptrj
wbm-4-38623,sevenn,1.1562260221,-0.046605807470000114,sevenn,mptrj
wbm-4-3874,sevenn,0.9826574818,-0.011971869797999801,sevenn,mptrj
wbm-4-38916,sevenn,0.6516130906000001,0.07870759144166654,sevenn,mptrj
wbm-4-390,sevenn,0.9585978958,-0.06578164371166668,sevenn,mptrj
wbm-4-39018,sevenn,0.9775456963,-0.0019391714100000178,sevenn,mptrj
wbm-4-39340,sevenn,0.9557030366,-0.028393849802000055,sevenn,mptrj
wbm-4-39520,sevenn,1.0065233159,-0.04192116357000002,sevenn,mptrj
wbm-4-39553,sevenn,0.81527036,0.025048421596296402,sevenn,mptrj
wbm-4-39788,sevenn,0.9439112268000001,-0.016584516750000115,sevenn,mptrj
wbm-4-39799,sevenn,1.0321517632,-0.02543182528750032,sevenn,mptrj
wbm-4-39958,sevenn,0.9761848133000001,-0.011956673945833175,sevenn,mptrj
wbm-4-4154,sevenn,0.8812601996,-0.016019623655000006,sevenn,mptrj
wbm-4-419,sevenn,0.7453901766000001,0.23458177836500002,sevenn,mptrj
wbm-4-4316,sevenn,0.9325679384000001,-0.038208327386666595,sevenn,mptrj
wbm-4-4524,sevenn,0.9445548367000001,-0.06379106155624974,sevenn,mptrj
wbm-4-4590,sevenn,0.9284957459000001,-0.09063461706166655,sevenn,mptrj
wbm-4-4672,sevenn,0.8182457334000001,-0.005108170942499957,sevenn,mptrj
wbm-4-5750,sevenn,0.9205117049,-0.04220093634499988,sevenn,mptrj
wbm-4-6051,sevenn,1.020189795,-0.09176220398750012,sevenn,mptrj
wbm-4-6066,sevenn,1.0394425539,-0.056344431282500065,sevenn,mptrj
wbm-4-6167,sevenn,0.9698915475000001,-0.017326966838750124,sevenn,mptrj
wbm-4-6225,sevenn,0.8001752209,-0.07537246924027781,sevenn,mptrj
wbm-4-631,sevenn,0.9684766566,0.05810271877750006,sevenn,mptrj
wbm-4-6515,sevenn,0.9359071355,0.0033092339959999604,sevenn,mptrj
wbm-4-671,sevenn,1.0026457668,-0.01622429847333328,sevenn,mptrj
wbm-4-6758,sevenn,0.7295672040000001,-0.045877884388333595,sevenn,mptrj
wbm-4-7429,sevenn,0.9254427442000001,-0.022935911226666644,sevenn,mptrj
wbm-4-7784,sevenn,0.9308942155000001,-0.08119353043888877,sevenn,mptrj
wbm-4-7967,sevenn,0.9622956975,-0.03706189979444455,sevenn,mptrj
wbm-4-8012,sevenn,0.9955769021,-0.04489313774249988,sevenn,mptrj
wbm-4-8174,sevenn,0.8170372063,-0.1171626434999999,sevenn,mptrj
wbm-4-8734,sevenn,0.6075695188,0.046937707606000176,sevenn,mptrj
wbm-4-9164,sevenn,0.962654297,-0.11970769472000001,sevenn,mptrj
wbm-4-9438,sevenn,0.9625957206,-0.02197821994333324,sevenn,mptrj
wbm-4-9479,sevenn,0.8964073935,-0.03555389164416667,sevenn,mptrj
wbm-4-9486,sevenn,0.9262466960000001,-0.002119154910000039,sevenn,mptrj
wbm-4-9845,sevenn,0.9154225192000001,-0.003563674762499976,sevenn,mptrj
wbm-5-10161,sevenn,0.8251462323000001,-0.0006378398888889297,sevenn,mptrj
wbm-5-10176,sevenn,0.7052339985,0.030478978208333393,sevenn,mptrj
wbm-5-10611,sevenn,0.9214555091000001,-0.04295298668111103,sevenn,mptrj
wbm-5-10798,sevenn,0.5375490775,0.008538616581999961,sevenn,mptrj
wbm-5-10867,sevenn,0.8897957526,-0.05406599927749989,sevenn,mptrj
wbm-5-10869,sevenn,0.91791079,-0.029487418582499904,sevenn,mptrj
wbm-5-1132,sevenn,1.1142270499,-0.0304449441700001,sevenn,mptrj
wbm-5-1146,sevenn,0.9719541228,-0.04786239684714307,sevenn,mptrj
wbm-5-11469,sevenn,1.0213715512,-0.03399010428166657,sevenn,mptrj
wbm-5-11500,sevenn,0.9380097504,-0.03198165179999996,sevenn,mptrj
wbm-5-11734,sevenn,1.034521025,-0.010364998285000038,sevenn,mptrj
wbm-5-1206,sevenn,0.8940506089,-0.03722670954333326,sevenn,mptrj
wbm-5-12443,sevenn,0.7971719747,0.009629692985000026,sevenn,mptrj
wbm-5-12452,sevenn,0.9176984642,-0.01977306197000015,sevenn,mptrj
wbm-5-12772,sevenn,0.6072045065,-0.07380727562500031,sevenn,mptrj
wbm-5-12958,sevenn,0.6877803714,0.018527913390000067,sevenn,mptrj
wbm-5-12975,sevenn,0.7965158777,-0.02558947792812505,sevenn,mptrj
wbm-5-13145,sevenn,0.8660211497,-0.02638232964249996,sevenn,mptrj
wbm-5-13166,sevenn,0.8099694803,-0.06999290806749991,sevenn,mptrj
wbm-5-13349,sevenn,0.7705755302,-0.07525636807999976,sevenn,mptrj
wbm-5-13801,sevenn,1.0610621385,-0.0689579841279999,sevenn,mptrj
wbm-5-13950,sevenn,0.8182994361,-0.10680729343874988,sevenn,mptrj
wbm-5-14458,sevenn,0.8745266447000001,-0.03205164599249995,sevenn,mptrj
wbm-5-14813,sevenn,1.0505165646,-0.00926858533874988,sevenn,mptrj
wbm-5-15005,sevenn,0.9616273667,-0.0010181968675001762,sevenn,mptrj
wbm-5-15388,sevenn,0.8842916855,-0.022962659681481493,sevenn,mptrj
wbm-5-15524,sevenn,0.94236215,-0.022145377401111374,sevenn,mptrj
wbm-5-16875,sevenn,0.9547933263,0.0022433251950000786,sevenn,mptrj
wbm-5-16887,sevenn,1.0014072169,-0.03224319747750011,sevenn,mptrj
wbm-5-17752,sevenn,0.8999959927000001,-0.03926805452750006,sevenn,mptrj
wbm-5-17774,sevenn,0.8614712511,-0.0669413202583334,sevenn,mptrj
wbm-5-1781,sevenn,1.0263170984,-0.04652617608249989,sevenn,mptrj
wbm-5-18074,sevenn,0.8149893687,-0.03680494020400005,sevenn,mptrj
wbm-5-18353,sevenn,0.8231427370000001,-0.023461246676666884,sevenn,mptrj
wbm-5-18394,sevenn,0.9218404471,-0.053664524822222226,sevenn,mptrj
wbm-5-18629,sevenn,0.8457732148,-0.0016588967580000967,sevenn,mptrj
wbm-5-1864,sevenn,0.9277553476,-0.08123634876875023,sevenn,mptrj
wbm-5-18736,sevenn,0.9958559673,-0.03886066064249993,sevenn,mptrj
wbm-5-19472,sevenn,0.8971142056,-0.037463554286250124,sevenn,mptrj
wbm-5-19507,sevenn,0.9892446346,-0.08908188151500011,sevenn,mptrj
wbm-5-19558,sevenn,0.9052245487,-0.0183735947549998,sevenn,mptrj
wbm-5-20261,sevenn,0.8542842824,-0.036510146108333315,sevenn,mptrj
wbm-5-20528,sevenn,0.9724163165,-0.011255774681666726,sevenn,mptrj
wbm-5-20727,sevenn,0.8328700739,0.02521127223666646,sevenn,mptrj
wbm-5-21007,sevenn,0.9898643628,-0.03457315562444438,sevenn,mptrj
wbm-5-21081,sevenn,0.8942816122,-0.0516062449275001,sevenn,mptrj
wbm-5-21165,sevenn,0.8045558847000001,-0.03059763243499978,sevenn,mptrj
wbm-5-21710,sevenn,0.9913997941,-0.018574480027499972,sevenn,mptrj
wbm-5-21754,sevenn,0.9776099501000001,-0.042661563776666724,sevenn,mptrj
wbm-5-21768,sevenn,1.0885070917,-0.10428126143250012,sevenn,mptrj
wbm-5-21918,sevenn,0.8097713709000001,-0.00199742768111112,sevenn,mptrj
wbm-5-22235,sevenn,0.8958146941,-0.03453062146333347,sevenn,mptrj
wbm-5-22562,sevenn,0.9176246776,-0.08948256200249985,sevenn,mptrj
wbm-5-22642,sevenn,0.8077171444,-0.027559318322916877,sevenn,mptrj
wbm-5-22788,sevenn,0.9206419158,-0.06516380700625009,sevenn,mptrj
wbm-5-22853,sevenn,0.9870726264,-0.04415811736222229,sevenn,mptrj
wbm-5-22992,sevenn,0.1817143235,-0.08871058929166677,sevenn,mptrj
wbm-5-23199,sevenn,0.8314301441,-0.024414319970000046,sevenn,mptrj
wbm-5-2663,sevenn,0.8476553314,-0.059435483131250154,sevenn,mptrj
wbm-5-2813,sevenn,0.866939114,-0.06779633674444452,sevenn,mptrj
wbm-5-2829,sevenn,0.8871368973,-0.06668664471375027,sevenn,mptrj
wbm-5-2847,sevenn,0.8144021611000001,-0.13822777204875009,sevenn,mptrj
wbm-5-3057,sevenn,1.0098200299,-0.008007668654687494,sevenn,mptrj
wbm-5-3160,sevenn,0.9187429513,-0.08908140960875004,sevenn,mptrj
wbm-5-3442,sevenn,0.9586499420000001,-0.027035299244285788,sevenn,mptrj
wbm-5-3649,sevenn,1.009945049,0.02520923626999991,sevenn,mptrj
wbm-5-4145,sevenn,0.9682460225,-0.004257012370000179,sevenn,mptrj
wbm-5-4303,sevenn,1.0724488462,-0.01847914335555561,sevenn,mptrj
wbm-5-4413,sevenn,0.8466597491000001,-0.07194308049027764,sevenn,mptrj
wbm-5-451,sevenn,0.9579193637000001,-0.05072082014000006,sevenn,mptrj
wbm-5-4759,sevenn,0.8241108589,0.13412466558333305,sevenn,mptrj
wbm-5-5360,sevenn,0.8227628901,-0.061526229980246844,sevenn,mptrj
wbm-5-5480,sevenn,0.9763320205,-0.03129578539874993,sevenn,mptrj
wbm-5-5723,sevenn,1.0450622297,0.0036680000288889006,sevenn,mptrj
wbm-5-6005,sevenn,0.9738084394000001,-0.08850870251777765,sevenn,mptrj
wbm-5-6149,sevenn,1.0008568366,0.0074710399949998955,sevenn,mptrj
wbm-5-6668,sevenn,0.9767436843,0.006037588201249999,sevenn,mptrj
wbm-5-6682,sevenn,0.9508454224,0.0032769575722221746,sevenn,mptrj
wbm-5-6789,sevenn,0.820923854,0.01775565777125001,sevenn,mptrj
wbm-5-6846,sevenn,0.9921492702,-0.027225178955555367,sevenn,mptrj
wbm-5-695,sevenn,0.9926583940000001,-0.07751341888888892,sevenn,mptrj
wbm-5-722,sevenn,0.8670240425,-0.03939149164777768,sevenn,mptrj
wbm-5-7334,sevenn,1.0135568438,-0.02090245089666662,sevenn,mptrj
wbm-5-7532,sevenn,0.8962770369,-0.0119637229624999,sevenn,mptrj
wbm-5-7573,sevenn,0.9013130798000001,-0.006540954784999808,sevenn,mptrj
wbm-5-760,sevenn,0.8989408203,-0.025323821529999832,sevenn,mptrj
wbm-5-7725,sevenn,0.9942126684,-0.016864259680000118,sevenn,mptrj
wbm-5-8226,sevenn,0.8493237356000001,-0.04187931513111114,sevenn,mptrj
wbm-5-8567,sevenn,1.0675909581,-0.09946108906999993,sevenn,mptrj
wbm-5-8771,sevenn,1.0550570342,-0.019866131647500042,sevenn,mptrj
wbm-5-9104,sevenn,1.4278755115,0.11389263824642867,sevenn,mptrj
wbm-5-9173,sevenn,1.0310276457,-0.08336337752500018,sevenn,mptrj
wbm-5-9195,sevenn,0.9765208843000001,-0.08975301551500019,sevenn,mptrj
wbm-5-9807,sevenn,0.9472903176,-0.144790306918,sevenn,mptrj
wbm-5-9851,sevenn,0.5602480832,-0.031853061275000094,sevenn,mptrj
wbm-1-10040,eqV2 S,0.9881866712,-0.002774778299999987,eqV2 S,OAM
wbm-1-10104,eqV2 S,0.9904926188000001,-0.0024248969289998473,eqV2 S,OAM
wbm-1-10131,eqV2 S,1.0082182056,-0.002705112265000101,eqV2 S,OAM
wbm-1-10631,eqV2 S,0.9880699815,-0.0005822319222222206,eqV2 S,OAM
wbm-1-10690,eqV2 S,0.9842734116,0.00315529867888888,eqV2 S,OAM
wbm-1-10748,eqV2 S,1.0014137034,-0.001311236014444322,eqV2 S,OAM
wbm-1-10973,eqV2 S,1.0036741647,-0.008599798810000081,eqV2 S,OAM
wbm-1-10992,eqV2 S,1.0075176448,-0.011746150213889148,eqV2 S,OAM
wbm-1-11087,eqV2 S,0.9993568876000001,-0.003686431244444578,eqV2 S,OAM
wbm-1-11317,eqV2 S,1.0293454485,-0.04896240474583339,eqV2 S,OAM
wbm-1-11393,eqV2 S,0.9838033656,-0.018443667841666667,eqV2 S,OAM
wbm-1-11757,eqV2 S,1.0047837867,0.0018215180475000814,eqV2 S,OAM
wbm-1-11840,eqV2 S,1.0210034005,-0.016339482882857123,eqV2 S,OAM
wbm-1-12258,eqV2 S,1.0541358316,-0.01955677997083353,eqV2 S,OAM
wbm-1-12348,eqV2 S,0.9734466751,-0.010992560442592834,eqV2 S,OAM
wbm-1-12519,eqV2 S,0.9758433559,-0.007920401259259344,eqV2 S,OAM
wbm-1-12679,eqV2 S,1.0051493452,-0.01241906508749988,eqV2 S,OAM
wbm-1-12695,eqV2 S,0.9939775314,-0.0010432142874995166,eqV2 S,OAM
wbm-1-12778,eqV2 S,0.9866725914000001,-0.011005344187499943,eqV2 S,OAM
wbm-1-12786,eqV2 S,0.9351143259,0.01588034532,eqV2 S,OAM
wbm-1-13108,eqV2 S,1.0124325747,-0.007447135640000072,eqV2 S,OAM
wbm-1-13152,eqV2 S,1.0109679781,-0.008509392161249973,eqV2 S,OAM
wbm-1-13168,eqV2 S,1.0055641103,-0.0168102713279999,eqV2 S,OAM
wbm-1-13402,eqV2 S,1.0030953147,-0.020016355606249946,eqV2 S,OAM
wbm-1-13560,eqV2 S,1.0240857469,-0.01678128261999999,eqV2 S,OAM
wbm-1-13566,eqV2 S,1.0143222796,-0.0107329613949999,eqV2 S,OAM
wbm-1-13665,eqV2 S,0.9913974197000001,-0.009632540201999973,eqV2 S,OAM
wbm-1-13928,eqV2 S,1.024284869,-0.01211329149750009,eqV2 S,OAM
wbm-1-14142,eqV2 S,1.0169784819,-0.017496876176666672,eqV2 S,OAM
wbm-1-14347,eqV2 S,1.0090841584,-0.01634119851750011,eqV2 S,OAM
wbm-1-14351,eqV2 S,1.0039020071,-0.014406638840000064,eqV2 S,OAM
wbm-1-14495,eqV2 S,0.9992646606000001,-0.015881777336666906,eqV2 S,OAM
wbm-1-14703,eqV2 S,1.0091178684,0.007649100300000041,eqV2 S,OAM
wbm-1-14724,eqV2 S,1.0031596086,0.002552465605833317,eqV2 S,OAM
wbm-1-1523,eqV2 S,1.0149190973,-0.005460417591428727,eqV2 S,OAM
wbm-1-15999,eqV2 S,1.0037623619,-0.0013011990277778354,eqV2 S,OAM
wbm-1-16058,eqV2 S,1.0070590009,-0.003817024523000114,eqV2 S,OAM
wbm-1-16080,eqV2 S,0.9962018101000001,0.00018490504300011423,eqV2 S,OAM
wbm-1-1660,eqV2 S,0.9858516212,0.009812392229166633,eqV2 S,OAM
wbm-1-16938,eqV2 S,1.0123050981,-0.007182725922222331,eqV2 S,OAM
wbm-1-16983,eqV2 S,1.0261972991,0.0033800638049998593,eqV2 S,OAM
wbm-1-17062,eqV2 S,0.9872360134,0.009470155910000007,eqV2 S,OAM
wbm-1-17125,eqV2 S,1.0108614694,0.005859977059183859,eqV2 S,OAM
wbm-1-17377,eqV2 S,0.996047564,-0.0011059544609999961,eqV2 S,OAM
wbm-1-1791,eqV2 S,1.0040039447,-0.0036487589837500335,eqV2 S,OAM
wbm-1-1842,eqV2 S,1.0031470686,-0.004158254117000127,eqV2 S,OAM
wbm-1-19025,eqV2 S,1.0465548032,-0.014416917897499992,eqV2 S,OAM
wbm-1-19090,eqV2 S,1.0106482026,-0.013511809814999953,eqV2 S,OAM
wbm-1-19173,eqV2 S,1.012442832,-0.011206012454999924,eqV2 S,OAM
wbm-1-19684,eqV2 S,1.0028923318,-0.008191248373333397,eqV2 S,OAM
wbm-1-19969,eqV2 S,0.9963428247,-0.00212505482625005,eqV2 S,OAM
wbm-1-20187,eqV2 S,0.9705775061,-0.0028256534149999624,eqV2 S,OAM
wbm-1-20692,eqV2 S,1.0034885134,0.004130373175000024,eqV2 S,OAM
wbm-1-2075,eqV2 S,0.9695809637,0.016355276854285807,eqV2 S,OAM
wbm-1-21546,eqV2 S,0.9320433087000001,-0.0016001566125001254,eqV2 S,OAM
wbm-1-21647,eqV2 S,0.9859735447,-0.008923429993333442,eqV2 S,OAM
wbm-1-21918,eqV2 S,0.9973206396000001,-0.0032342555399999862,eqV2 S,OAM
wbm-1-21974,eqV2 S,1.0128382043,-0.00705670046333342,eqV2 S,OAM
wbm-1-22347,eqV2 S,1.0051630541,-0.005670206224000154,eqV2 S,OAM
wbm-1-22912,eqV2 S,0.9941380987,-0.006029961637500048,eqV2 S,OAM
wbm-1-23029,eqV2 S,1.0195173921,-0.008478467826666681,eqV2 S,OAM
wbm-1-23533,eqV2 S,0.9990490656000001,0.0067197469725001,eqV2 S,OAM
wbm-1-23543,eqV2 S,1.022631245,0.01830688545000001,eqV2 S,OAM
wbm-1-23636,eqV2 S,0.9818485464000001,-0.0019746734374999964,eqV2 S,OAM
wbm-1-24053,eqV2 S,0.9974662471000001,0.015005184677500028,eqV2 S,OAM
wbm-1-24503,eqV2 S,1.0169470836,-0.0046720798074999514,eqV2 S,OAM
wbm-1-24761,eqV2 S,1.0064424838,-0.005971207545000077,eqV2 S,OAM
wbm-1-25075,eqV2 S,1.0019240097,-0.0009189107100000626,eqV2 S,OAM
wbm-1-25396,eqV2 S,1.0137090381,-0.007302716357499994,eqV2 S,OAM
wbm-1-2557,eqV2 S,0.9655895355,-0.010272144415000106,eqV2 S,OAM
wbm-1-25665,eqV2 S,1.0118062313,0.002929042953125016,eqV2 S,OAM
wbm-1-25849,eqV2 S,1.0038336769,0.0006321435869999448,eqV2 S,OAM
wbm-1-26263,eqV2 S,1.0101224327,-0.004158157232500059,eqV2 S,OAM
wbm-1-26543,eqV2 S,0.9948708015000001,0.0030972184624999954,eqV2 S,OAM
wbm-1-26634,eqV2 S,1.0228590453,-0.006610773645000023,eqV2 S,OAM
wbm-1-2722,eqV2 S,0.9939273552000001,0.00039930616200010147,eqV2 S,OAM
wbm-1-27220,eqV2 S,1.0088145582,-0.004574400672499923,eqV2 S,OAM
wbm-1-27502,eqV2 S,1.0314612895,-0.017333958897500112,eqV2 S,OAM
wbm-1-27566,eqV2 S,0.9893129378000001,-0.011780805020000073,eqV2 S,OAM
wbm-1-28132,eqV2 S,0.8745400271,-0.027445143574999963,eqV2 S,OAM
wbm-1-28162,eqV2 S,1.0355141003,-0.008390562914999932,eqV2 S,OAM
wbm-1-28291,eqV2 S,1.0125634843,-4.965731571426245e-05,eqV2 S,OAM
wbm-1-28599,eqV2 S,1.0041643027,-0.0011438422099999963,eqV2 S,OAM
wbm-1-29365,eqV2 S,0.9865491783,-0.015047021097499957,eqV2 S,OAM
wbm-1-29807,eqV2 S,1.0333471174,-0.017318669389999996,eqV2 S,OAM
wbm-1-30045,eqV2 S,1.0062747081,-0.010426027815833313,eqV2 S,OAM
wbm-1-30099,eqV2 S,1.0008637248,0.0027179646522221723,eqV2 S,OAM
wbm-1-30230,eqV2 S,1.0166726068,0.003316616742500056,eqV2 S,OAM
wbm-1-3078,eqV2 S,1.0071929148,-0.005499187922499882,eqV2 S,OAM
wbm-1-30964,eqV2 S,1.0087640502,-0.007997029701000144,eqV2 S,OAM
wbm-1-31348,eqV2 S,1.0190578166,-0.012603993725555224,eqV2 S,OAM
wbm-1-31767,eqV2 S,1.001426834,0.0015321488233333014,eqV2 S,OAM
wbm-1-31797,eqV2 S,0.9863197306,-0.006775371503999708,eqV2 S,OAM
wbm-1-31867,eqV2 S,0.9774980762000001,-0.00762367418571408,eqV2 S,OAM
wbm-1-32076,eqV2 S,1.0104953573,-0.0053216729395833,eqV2 S,OAM
wbm-1-32536,eqV2 S,1.0009115103,-0.008165342078750016,eqV2 S,OAM
wbm-1-32556,eqV2 S,0.986600624,-0.010057131045000034,eqV2 S,OAM
wbm-1-32966,eqV2 S,0.0429413476,0.0013908716400003128,eqV2 S,OAM
wbm-1-33026,eqV2 S,1.0399641924,-0.021235994875000053,eqV2 S,OAM
wbm-1-33224,eqV2 S,0.9909776637000001,-0.008023605670000034,eqV2 S,OAM
wbm-1-34381,eqV2 S,1.022076384,-0.021298388074999952,eqV2 S,OAM
wbm-1-34429,eqV2 S,1.0016763374,-0.0019463352999998425,eqV2 S,OAM
wbm-1-34519,eqV2 S,1.0027338304,-0.01385781435499999,eqV2 S,OAM
wbm-1-34758,eqV2 S,0.9776673058,-5.474743000005351e-05,eqV2 S,OAM
wbm-1-34857,eqV2 S,0.9904300098000001,-0.0075855161800000735,eqV2 S,OAM
wbm-1-35134,eqV2 S,1.0129268226,-0.007533849606666543,eqV2 S,OAM
wbm-1-3516,eqV2 S,1.0118599076,-0.01820725813749995,eqV2 S,OAM
wbm-1-3535,eqV2 S,1.0000114656,-0.0005409319658332616,eqV2 S,OAM
wbm-1-35404,eqV2 S,1.0059095757,-0.0034037009028572082,eqV2 S,OAM
wbm-1-35738,eqV2 S,1.0586969951,-0.011508858377499997,eqV2 S,OAM
wbm-1-36060,eqV2 S,1.0040976167,-0.009982506433749849,eqV2 S,OAM
wbm-1-36191,eqV2 S,1.0246726368,-0.01826791346249994,eqV2 S,OAM
wbm-1-36764,eqV2 S,0.9943242080000001,-0.0019298898275000198,eqV2 S,OAM
wbm-1-36839,eqV2 S,0.9722949553,-0.0034367147574998038,eqV2 S,OAM
wbm-1-36941,eqV2 S,0.9987986329,0.04760480288194439,eqV2 S,OAM
wbm-1-37204,eqV2 S,0.9801530197,0.0003185992925001102,eqV2 S,OAM
wbm-1-37361,eqV2 S,1.0014065636,-0.009985488833749834,eqV2 S,OAM
wbm-1-37528,eqV2 S,1.003803042,0.0038913796316666807,eqV2 S,OAM
wbm-1-37838,eqV2 S,0.9989682563000001,-0.004537382448333105,eqV2 S,OAM
wbm-1-38418,eqV2 S,0.9358078357,0.018190045022499865,eqV2 S,OAM
wbm-1-38520,eqV2 S,0.9791185999,-0.004699706051666652,eqV2 S,OAM
wbm-1-38808,eqV2 S,0.9950490012000001,-0.005014570461666542,eqV2 S,OAM
wbm-1-39089,eqV2 S,0.99389573,0.010024092123750083,eqV2 S,OAM
wbm-1-40024,eqV2 S,0.9871016042,0.003913838444000106,eqV2 S,OAM
wbm-1-40484,eqV2 S,1.0001088241,0.0027555272833333553,eqV2 S,OAM
wbm-1-40953,eqV2 S,1.0009512247,-0.00699634773124993,eqV2 S,OAM
wbm-1-41091,eqV2 S,0.9997153949,0.004225134799999826,eqV2 S,OAM
wbm-1-41383,eqV2 S,1.0072622052,-0.005547655609999798,eqV2 S,OAM
wbm-1-41389,eqV2 S,1.0127934678,-0.015816764014545532,eqV2 S,OAM
wbm-1-41515,eqV2 S,1.0027536431,-0.010003631505833254,eqV2 S,OAM
wbm-1-41644,eqV2 S,0.9835876503000001,-0.0029061723936507633,eqV2 S,OAM
wbm-1-42383,eqV2 S,1.002161909,-0.005954092574999947,eqV2 S,OAM
wbm-1-42731,eqV2 S,0.9907894883,-0.009762642119999991,eqV2 S,OAM
wbm-1-43066,eqV2 S,0.9984441383,-0.0014401992425002654,eqV2 S,OAM
wbm-1-43649,eqV2 S,0.9999468728,0.01554111859083361,eqV2 S,OAM
wbm-1-43796,eqV2 S,0.9981544710000001,0.0052140471083334345,eqV2 S,OAM
wbm-1-44126,eqV2 S,1.0077787635,-0.0023493080839999438,eqV2 S,OAM
wbm-1-44340,eqV2 S,1.0020142481,-0.000880448469166654,eqV2 S,OAM
wbm-1-44478,eqV2 S,0.9954961069,0.051053139508888914,eqV2 S,OAM
wbm-1-44580,eqV2 S,1.0033353436,-0.005318423689999996,eqV2 S,OAM
wbm-1-44656,eqV2 S,0.9853399837000001,0.01548616324750031,eqV2 S,OAM
wbm-1-45122,eqV2 S,0.9991507891,-0.017377858533999913,eqV2 S,OAM
wbm-1-45422,eqV2 S,0.9887662563,-0.017643063725555585,eqV2 S,OAM
wbm-1-45595,eqV2 S,1.0334897537,-0.003083384473333102,eqV2 S,OAM
wbm-1-45824,eqV2 S,0.992598297,-0.00312963412333301,eqV2 S,OAM
wbm-1-45844,eqV2 S,0.9368542449,0.011665505507142794,eqV2 S,OAM
wbm-1-45939,eqV2 S,0.9906840396000001,0.007859402583333263,eqV2 S,OAM
wbm-1-45958,eqV2 S,0.9890872369,-0.007386002095000066,eqV2 S,OAM
wbm-1-46061,eqV2 S,0.9820423691000001,-0.008711008083333145,eqV2 S,OAM
wbm-1-46063,eqV2 S,1.0013859805,-0.003755724312500182,eqV2 S,OAM
wbm-1-462,eqV2 S,0.9939810972,-0.032391028120000075,eqV2 S,OAM
wbm-1-46216,eqV2 S,0.9973331337,0.020691947145833348,eqV2 S,OAM
wbm-1-4644,eqV2 S,0.9901268807,0.0077588856463635955,eqV2 S,OAM
wbm-1-46479,eqV2 S,0.9923526089,-0.015072251177499989,eqV2 S,OAM
wbm-1-46897,eqV2 S,1.0070780631,-0.021283973698888858,eqV2 S,OAM
wbm-1-47256,eqV2 S,1.001682527,-0.006065921532499963,eqV2 S,OAM
wbm-1-47271,eqV2 S,0.9927355756,-0.009109560092500014,eqV2 S,OAM
wbm-1-47332,eqV2 S,0.9954611969,-0.010456449199999973,eqV2 S,OAM
wbm-1-47390,eqV2 S,1.0085371982,-0.009846804941249987,eqV2 S,OAM
wbm-1-4748,eqV2 S,0.9796461763000001,0.005752346962999866,eqV2 S,OAM
wbm-1-47680,eqV2 S,1.0039249282,-0.013227790476999957,eqV2 S,OAM
wbm-1-48045,eqV2 S,1.0215321252,-0.013298844842500124,eqV2 S,OAM
wbm-1-48387,eqV2 S,0.9915853255,-0.0032013254837499616,eqV2 S,OAM
wbm-1-48516,eqV2 S,0.9425053674,-0.001641523350000007,eqV2 S,OAM
wbm-1-48844,eqV2 S,1.0009928572,-0.005690139311250064,eqV2 S,OAM
wbm-1-48894,eqV2 S,0.9728851056000001,0.012524793355555553,eqV2 S,OAM
wbm-1-48917,eqV2 S,1.0066095619,-0.00016319817875007914,eqV2 S,OAM
wbm-1-48956,eqV2 S,1.0083868535,-0.005370036868750106,eqV2 S,OAM
wbm-1-4923,eqV2 S,0.9563069741,-0.00016124473500003233,eqV2 S,OAM
wbm-1-4926,eqV2 S,0.9943433332,-0.009060848728750149,eqV2 S,OAM
wbm-1-49882,eqV2 S,1.0028386956,-0.002697693710555487,eqV2 S,OAM
wbm-1-50042,eqV2 S,1.0048130265,-0.008123922875555441,eqV2 S,OAM
wbm-1-5045,eqV2 S,1.1596749962,-0.30678400952666657,eqV2 S,OAM
wbm-1-50475,eqV2 S,1.0102817349,-0.006635511965999967,eqV2 S,OAM
wbm-1-5112,eqV2 S,1.0087728138,0.0004531588540002929,eqV2 S,OAM
wbm-1-51210,eqV2 S,1.0171272139,-0.016019693749999765,eqV2 S,OAM
wbm-1-51562,eqV2 S,0.9278503522,-0.0028099074050000894,eqV2 S,OAM
wbm-1-51828,eqV2 S,1.0615017797,-0.0019543307374999762,eqV2 S,OAM
wbm-1-51920,eqV2 S,1.0005268131,-0.015346416635833235,eqV2 S,OAM
wbm-1-52323,eqV2 S,0.9962233169,-0.006949109429000018,eqV2 S,OAM
wbm-1-5320,eqV2 S,0.9944599441,-0.008720344979999696,eqV2 S,OAM
wbm-1-54021,eqV2 S,0.9857186446,-0.010651572146000206,eqV2 S,OAM
wbm-1-54211,eqV2 S,0.9980826003000001,0.011007763514000075,eqV2 S,OAM
wbm-1-54223,eqV2 S,1.0020925455,0.004250081096000145,eqV2 S,OAM
wbm-1-54845,eqV2 S,0.9699541109,0.019769146324285558,eqV2 S,OAM
wbm-1-55055,eqV2 S,0.9607160021000001,-0.013566451323214324,eqV2 S,OAM
wbm-1-55621,eqV2 S,1.0053074046,-0.0023077257950001,eqV2 S,OAM
wbm-1-55626,eqV2 S,0.9729228532,-0.011193956003333365,eqV2 S,OAM
wbm-1-55839,eqV2 S,0.9726330116,0.010379392472221995,eqV2 S,OAM
wbm-1-56095,eqV2 S,0.9983167832000001,-0.0039725747266665225,eqV2 S,OAM
wbm-1-56442,eqV2 S,1.0007412028,-0.004431868457499944,eqV2 S,OAM
wbm-1-56596,eqV2 S,1.0073151542,-0.008991889798888921,eqV2 S,OAM
wbm-1-56597,eqV2 S,0.9994341226000001,-0.012292256214999995,eqV2 S,OAM
wbm-1-5673,eqV2 S,1.0344342794,0.0011910780675001397,eqV2 S,OAM
wbm-1-5686,eqV2 S,0.9986346060000001,0.0016198042799999968,eqV2 S,OAM
wbm-1-57622,eqV2 S,1.0040228874,-0.005366894194166724,eqV2 S,OAM
wbm-1-58300,eqV2 S,0.9945238014000001,-0.003701139321875028,eqV2 S,OAM
wbm-1-58411,eqV2 S,1.0354752767,-0.0031680343733333657,eqV2 S,OAM
wbm-1-58431,eqV2 S,1.0016562513,-0.009028416596666785,eqV2 S,OAM
wbm-1-5891,eqV2 S,0.9949943675,-0.001920512641666446,eqV2 S,OAM
wbm-1-59108,eqV2 S,1.0250394097,-0.037425104972499845,eqV2 S,OAM
wbm-1-59510,eqV2 S,0.9879487747000001,-0.022828198030000378,eqV2 S,OAM
wbm-1-59715,eqV2 S,1.0210851354,-0.0006755706350000778,eqV2 S,OAM
wbm-1-59754,eqV2 S,1.0045753857,-0.006224615160000084,eqV2 S,OAM
wbm-1-59925,eqV2 S,1.0051178038,-0.01473500845000011,eqV2 S,OAM
wbm-1-60339,eqV2 S,1.0027827758,-0.002621214832499996,eqV2 S,OAM
wbm-1-60437,eqV2 S,1.0077173505,-0.005358257076249951,eqV2 S,OAM
wbm-1-60536,eqV2 S,0.9984114548,0.000697057966666663,eqV2 S,OAM
wbm-1-61353,eqV2 S,1.0278292014,-0.0028200115750000474,eqV2 S,OAM
wbm-1-61447,eqV2 S,0.9978683043000001,0.0027636383324999513,eqV2 S,OAM
wbm-1-61492,eqV2 S,0.9728579226,-0.0060408022649999,eqV2 S,OAM
wbm-1-61567,eqV2 S,0.9909175530000001,-0.015497062627499858,eqV2 S,OAM
wbm-1-6677,eqV2 S,0.9957449225,-0.0021097170041670665,eqV2 S,OAM
wbm-1-6831,eqV2 S,1.0017971901,0.02437534629454541,eqV2 S,OAM
wbm-1-6877,eqV2 S,1.0115999155,-0.010649446699999742,eqV2 S,OAM
wbm-1-7173,eqV2 S,0.9954208151,-0.011282108350000045,eqV2 S,OAM
wbm-1-7275,eqV2 S,0.9786690248000001,-0.004881003502500025,eqV2 S,OAM
wbm-1-7410,eqV2 S,0.9895226103,-0.009240010273333373,eqV2 S,OAM
wbm-1-8359,eqV2 S,1.0167148217,-0.018843105779999904,eqV2 S,OAM
wbm-1-8367,eqV2 S,1.0171524527,-0.020101912486666745,eqV2 S,OAM
wbm-1-9075,eqV2 S,1.0006313531,-0.004337681524166648,eqV2 S,OAM
wbm-1-9196,eqV2 S,1.0252379836,-0.002093172760000117,eqV2 S,OAM
wbm-1-9201,eqV2 S,0.989379658,-0.000729608695000028,eqV2 S,OAM
wbm-1-987,eqV2 S,1.0034775459,-0.006922995869999988,eqV2 S,OAM
wbm-1-9927,eqV2 S,1.0030911299,-0.004259048378000009,eqV2 S,OAM
wbm-2-10245,eqV2 S,1.0168000847,-0.003131664533999974,eqV2 S,OAM
wbm-2-10499,eqV2 S,1.0080247409,-0.0004908614633333821,eqV2 S,OAM
wbm-2-10810,eqV2 S,0.9938116336,-0.03314971173666671,eqV2 S,OAM
wbm-2-10923,eqV2 S,1.003219164,-0.007071267470833457,eqV2 S,OAM
wbm-2-11068,eqV2 S,0.9945485432000001,-0.003165097178000096,eqV2 S,OAM
wbm-2-11084,eqV2 S,0.9883769171000001,0.0002804590390000072,eqV2 S,OAM
wbm-2-11128,eqV2 S,0.9834906079000001,-0.007945759709999792,eqV2 S,OAM
wbm-2-11212,eqV2 S,1.0066974618,-0.007003483759999795,eqV2 S,OAM
wbm-2-11382,eqV2 S,0.9920818555,-0.006874823985714363,eqV2 S,OAM
wbm-2-1151,eqV2 S,1.0132826042,-0.006016341179999962,eqV2 S,OAM
wbm-2-11618,eqV2 S,1.0143172647,-0.006995664525555552,eqV2 S,OAM
wbm-2-11694,eqV2 S,1.0055105478,-0.005497733021250095,eqV2 S,OAM
wbm-2-11991,eqV2 S,0.9881003101,-0.019143698872500003,eqV2 S,OAM
wbm-2-12110,eqV2 S,1.0043550745,-0.004240984660000061,eqV2 S,OAM
wbm-2-1217,eqV2 S,1.0104247354,0.0029056369566667684,eqV2 S,OAM
wbm-2-12245,eqV2 S,0.9897258651,-0.002071365765555792,eqV2 S,OAM
wbm-2-12407,eqV2 S,0.8950750977,-0.0024013707475000422,eqV2 S,OAM
wbm-2-12899,eqV2 S,1.0114782951,-0.007035992220000006,eqV2 S,OAM
wbm-2-13207,eqV2 S,0.9831033212,-0.014867740381666888,eqV2 S,OAM
wbm-2-13474,eqV2 S,1.0089615331,-0.019328416719999807,eqV2 S,OAM
wbm-2-13628,eqV2 S,1.029216728,-0.015071743778333336,eqV2 S,OAM
wbm-2-13632,eqV2 S,1.0522029613,-0.028910593373333227,eqV2 S,OAM
wbm-2-13798,eqV2 S,0.9967153384,0.003285016600000053,eqV2 S,OAM
wbm-2-13799,eqV2 S,0.9890100711,-0.024166281824999913,eqV2 S,OAM
wbm-2-13911,eqV2 S,0.9979424320000001,-0.009370103090000104,eqV2 S,OAM
wbm-2-14116,eqV2 S,0.9907743216,-0.007476448684166689,eqV2 S,OAM
wbm-2-14733,eqV2 S,1.0024503836,-0.010023321197500046,eqV2 S,OAM
wbm-2-14949,eqV2 S,0.9910495054,-0.011418230566666902,eqV2 S,OAM
wbm-2-14980,eqV2 S,1.0092432157,-0.0019562536225000036,eqV2 S,OAM
wbm-2-15047,eqV2 S,1.0373186211,0.009820274082499924,eqV2 S,OAM
wbm-2-15398,eqV2 S,0.994361645,0.010434098541250058,eqV2 S,OAM
wbm-2-15816,eqV2 S,1.0027804044,-0.00428566206499994,eqV2 S,OAM
wbm-2-15882,eqV2 S,0.9937276415,-0.006469614903124921,eqV2 S,OAM
wbm-2-16299,eqV2 S,1.0143720709,0.006894516642500115,eqV2 S,OAM
wbm-2-16983,eqV2 S,0.9957646886,-0.00873417669799977,eqV2 S,OAM
wbm-2-17344,eqV2 S,0.9888317419,0.006889788892500004,eqV2 S,OAM
wbm-2-1787,eqV2 S,0.9897137901,0.0024635776857143657,eqV2 S,OAM
wbm-2-19108,eqV2 S,0.9882272793,-0.00932406287333342,eqV2 S,OAM
wbm-2-19313,eqV2 S,1.0244776516,0.0014300660922222461,eqV2 S,OAM
wbm-2-20028,eqV2 S,0.9975171374,-0.350039069973333,eqV2 S,OAM
wbm-2-20166,eqV2 S,0.9995801973,-0.005720408539090985,eqV2 S,OAM
wbm-2-20256,eqV2 S,0.997924754,0.0006533794854545698,eqV2 S,OAM
wbm-2-20265,eqV2 S,1.0064500561,0.013924008188888752,eqV2 S,OAM
wbm-2-20392,eqV2 S,1.0339005859000001,-0.009573239622499941,eqV2 S,OAM
wbm-2-20448,eqV2 S,0.9991888694000001,-0.0064070739625000424,eqV2 S,OAM
wbm-2-20797,eqV2 S,1.0266310144,0.028650190590000336,eqV2 S,OAM
wbm-2-21074,eqV2 S,1.025459055,0.0008844979879999926,eqV2 S,OAM
wbm-2-21198,eqV2 S,1.0013244687,0.0048069970233333,eqV2 S,OAM
wbm-2-21508,eqV2 S,1.0053050262,-0.004176717098749982,eqV2 S,OAM
wbm-2-21597,eqV2 S,0.9834567219,0.01302559842499999,eqV2 S,OAM
wbm-2-21693,eqV2 S,1.0030495781,0.007071482489999959,eqV2 S,OAM
wbm-2-21990,eqV2 S,0.9837208469000001,0.006952038402500272,eqV2 S,OAM
wbm-2-22192,eqV2 S,0.9953489678,-0.00899786881749991,eqV2 S,OAM
wbm-2-2223,eqV2 S,1.0094682796,-0.004089548612500001,eqV2 S,OAM
wbm-2-22928,eqV2 S,1.0073774669,-0.002210848435714206,eqV2 S,OAM
wbm-2-22992,eqV2 S,0.9992376241,0.012515072417857353,eqV2 S,OAM
wbm-2-2316,eqV2 S,1.0148412487,-0.003927385248333397,eqV2 S,OAM
wbm-2-23452,eqV2 S,0.9959822388,-0.00126688690749992,eqV2 S,OAM
wbm-2-23794,eqV2 S,1.0156327674,-0.009640677857142928,eqV2 S,OAM
wbm-2-23880,eqV2 S,1.0316647496,-0.009758197677499858,eqV2 S,OAM
wbm-2-23973,eqV2 S,1.000949442,-0.0019182546166666963,eqV2 S,OAM
wbm-2-24003,eqV2 S,1.0186415246,-0.0027100643214285672,eqV2 S,OAM
wbm-2-24061,eqV2 S,1.0165033726,0.001232376322499936,eqV2 S,OAM
wbm-2-24501,eqV2 S,1.0109694821,-0.0025968675889999912,eqV2 S,OAM
wbm-2-24549,eqV2 S,1.0631811194,-0.00451092322749993,eqV2 S,OAM
wbm-2-24887,eqV2 S,1.0112000833,-0.00045884222249998886,eqV2 S,OAM
wbm-2-25039,eqV2 S,1.0071652592,-0.011747435633333358,eqV2 S,OAM
wbm-2-25087,eqV2 S,1.056747982,-0.023354765557499935,eqV2 S,OAM
wbm-2-25091,eqV2 S,0.9699653767,-0.0021150623908333444,eqV2 S,OAM
wbm-2-25182,eqV2 S,1.012726306,-0.011966758783749976,eqV2 S,OAM
wbm-2-25748,eqV2 S,0.9957160353000001,0.001153036173000146,eqV2 S,OAM
wbm-2-25883,eqV2 S,1.024113827,-0.017086151330000066,eqV2 S,OAM
wbm-2-26027,eqV2 S,0.9976756758,-0.010026038566666765,eqV2 S,OAM
wbm-2-26175,eqV2 S,0.9934092248,-0.010076418347500126,eqV2 S,OAM
wbm-2-26205,eqV2 S,0.9695910040000001,0.011353843259999686,eqV2 S,OAM
wbm-2-26262,eqV2 S,0.9879673277000001,-0.00016369824567883274,eqV2 S,OAM
wbm-2-26500,eqV2 S,1.04336017,-0.02876081334166673,eqV2 S,OAM
wbm-2-26676,eqV2 S,1.0040457303,-0.0073129925990000535,eqV2 S,OAM
wbm-2-2669,eqV2 S,1.0289600628,-0.008623000199999866,eqV2 S,OAM
wbm-2-27233,eqV2 S,0.980060896,-0.00219501637999997,eqV2 S,OAM
wbm-2-27460,eqV2 S,1.0149143167,0.0024163033990909355,eqV2 S,OAM
wbm-2-27581,eqV2 S,1.0073242469,-0.005302506770000193,eqV2 S,OAM
wbm-2-27803,eqV2 S,0.9848810813000001,-0.0038803246711110895,eqV2 S,OAM
wbm-2-27955,eqV2 S,1.0692171945,-0.00956920754999994,eqV2 S,OAM
wbm-2-28151,eqV2 S,1.0181505996,-0.007336630482499907,eqV2 S,OAM
wbm-2-28311,eqV2 S,1.0062607973,-0.003810037624999849,eqV2 S,OAM
wbm-2-28628,eqV2 S,1.0024246664,0.0011771999970001446,eqV2 S,OAM
wbm-2-28666,eqV2 S,0.9969083589000001,-0.012817750192999994,eqV2 S,OAM
wbm-2-29064,eqV2 S,0.9927059042,-0.0071508970999997245,eqV2 S,OAM
wbm-2-29551,eqV2 S,0.9700383122,0.023503140168333422,eqV2 S,OAM
wbm-2-29590,eqV2 S,0.9653837189000001,-0.016086463420000106,eqV2 S,OAM
wbm-2-2973,eqV2 S,0.9952185931,-0.012851535635000032,eqV2 S,OAM
wbm-2-30232,eqV2 S,1.0094923862,0.0029769199887500044,eqV2 S,OAM
wbm-2-30753,eqV2 S,1.0103565048,-0.001476598220000073,eqV2 S,OAM
wbm-2-31075,eqV2 S,0.9817463462,-0.011902957677499871,eqV2 S,OAM
wbm-2-31128,eqV2 S,0.9990749013,-0.003259176398888839,eqV2 S,OAM
wbm-2-31420,eqV2 S,0.9975981543,-0.003977347036666737,eqV2 S,OAM
wbm-2-31514,eqV2 S,0.9958748583,-0.011093147967500184,eqV2 S,OAM
wbm-2-31515,eqV2 S,0.9775458905000001,-0.011061734713333335,eqV2 S,OAM
wbm-2-31561,eqV2 S,1.02263936,-0.008794842165714047,eqV2 S,OAM
wbm-2-31795,eqV2 S,0.989875519,-0.011107209263333336,eqV2 S,OAM
wbm-2-32099,eqV2 S,1.0087314464,-0.013515783313333191,eqV2 S,OAM
wbm-2-32354,eqV2 S,1.0103565275,-0.014162771611249925,eqV2 S,OAM
wbm-2-32386,eqV2 S,0.9972540544,-0.008423592089999854,eqV2 S,OAM
wbm-2-32777,eqV2 S,0.9956776070000001,-0.014401516044999951,eqV2 S,OAM
wbm-2-32910,eqV2 S,1.0136371177,-0.01669876122333361,eqV2 S,OAM
wbm-2-33373,eqV2 S,1.0000143844,0.004284801151111139,eqV2 S,OAM
wbm-2-33421,eqV2 S,1.0016300697,-0.0020897242579999186,eqV2 S,OAM
wbm-2-34088,eqV2 S,1.007855018,0.02148051980199995,eqV2 S,OAM
wbm-2-3424,eqV2 S,1.0147422425,-0.008483699488333466,eqV2 S,OAM
wbm-2-34474,eqV2 S,0.999507286,0.002004813543750039,eqV2 S,OAM
wbm-2-34818,eqV2 S,1.0040317411,-0.004181369097499991,eqV2 S,OAM
wbm-2-34985,eqV2 S,0.9981189521,0.0017661107350002443,eqV2 S,OAM
wbm-2-35177,eqV2 S,1.012011513,-0.004783829306060566,eqV2 S,OAM
wbm-2-35202,eqV2 S,0.9987789559,0.002187592318182138,eqV2 S,OAM
wbm-2-35598,eqV2 S,1.0023990665,-0.012848804631000094,eqV2 S,OAM
wbm-2-35958,eqV2 S,0.9968590861000001,-0.002191557627999998,eqV2 S,OAM
wbm-2-36105,eqV2 S,1.0074660579,-0.005305442941999914,eqV2 S,OAM
wbm-2-36320,eqV2 S,0.9990346462,-0.008268695584545262,eqV2 S,OAM
wbm-2-36499,eqV2 S,1.0072198793,-0.00934967919909065,eqV2 S,OAM
wbm-2-36606,eqV2 S,1.0000517348,0.01314613881750025,eqV2 S,OAM
wbm-2-37493,eqV2 S,0.9952040218,0.0010943588599998813,eqV2 S,OAM
wbm-2-37746,eqV2 S,0.9617376667,0.0015079421240000103,eqV2 S,OAM
wbm-2-38,eqV2 S,1.0782243829,-0.24398445244999975,eqV2 S,OAM
wbm-2-38123,eqV2 S,1.0245495508,-0.015546301280000167,eqV2 S,OAM
wbm-2-38626,eqV2 S,1.0367745085,-0.0012611708480000062,eqV2 S,OAM
wbm-2-38768,eqV2 S,0.9920289517,-0.00461989522333326,eqV2 S,OAM
wbm-2-38824,eqV2 S,1.050493115,0.0001015654299999132,eqV2 S,OAM
wbm-2-39093,eqV2 S,0.9809292164000001,0.012088865324999767,eqV2 S,OAM
wbm-2-39277,eqV2 S,0.9867162368000001,0.0033523383111114433,eqV2 S,OAM
wbm-2-39858,eqV2 S,1.0054421617,-0.01001142023750005,eqV2 S,OAM
wbm-2-3987,eqV2 S,1.0015841435,-0.005311152971999959,eqV2 S,OAM
wbm-2-40383,eqV2 S,0.9764855438000001,0.008806799762999943,eqV2 S,OAM
wbm-2-40651,eqV2 S,1.0007336983,-0.0057591148071428015,eqV2 S,OAM
wbm-2-40707,eqV2 S,1.0071779971,-0.008348168910999973,eqV2 S,OAM
wbm-2-4091,eqV2 S,0.9908723770000001,0.0005963464600000634,eqV2 S,OAM
wbm-2-40954,eqV2 S,0.9968092664,-0.007898733974999938,eqV2 S,OAM
wbm-2-41053,eqV2 S,1.0081178894,-0.011056068290000009,eqV2 S,OAM
wbm-2-4187,eqV2 S,0.9860006343000001,-0.005415611708333385,eqV2 S,OAM
wbm-2-42127,eqV2 S,1.0001941492,0.002106512520000159,eqV2 S,OAM
wbm-2-42209,eqV2 S,1.0093483054,-0.007618799204999948,eqV2 S,OAM
wbm-2-42382,eqV2 S,0.9992500147000001,-0.008274102982499917,eqV2 S,OAM
wbm-2-44123,eqV2 S,1.0016206317,-0.015058747234444345,eqV2 S,OAM
wbm-2-44195,eqV2 S,0.9644917081000001,-0.007298059450000002,eqV2 S,OAM
wbm-2-44473,eqV2 S,0.9951091160000001,-0.013016909342499794,eqV2 S,OAM
wbm-2-44832,eqV2 S,1.0005898275,-0.0015114317800001054,eqV2 S,OAM
wbm-2-44888,eqV2 S,1.0018907317,-0.0029002690025000887,eqV2 S,OAM
wbm-2-45158,eqV2 S,1.0095830346,-0.015138241584999967,eqV2 S,OAM
wbm-2-45183,eqV2 S,1.0134767383,0.0032751419666666947,eqV2 S,OAM
wbm-2-45365,eqV2 S,1.0049849919,0.010636408461111222,eqV2 S,OAM
wbm-2-45585,eqV2 S,1.0450353441,0.0007504587399992602,eqV2 S,OAM
wbm-2-45645,eqV2 S,0.9841392047,0.00207962365142867,eqV2 S,OAM
wbm-2-45772,eqV2 S,1.000775934,-0.0034721362680001275,eqV2 S,OAM
wbm-2-45812,eqV2 S,1.0203239965,-0.0033902752249998615,eqV2 S,OAM
wbm-2-46026,eqV2 S,0.9950437748000001,-0.008715254576000078,eqV2 S,OAM
wbm-2-46362,eqV2 S,0.9879815954000001,0.009550453186363939,eqV2 S,OAM
wbm-2-46431,eqV2 S,0.9925598701,-0.009270554585999947,eqV2 S,OAM
wbm-2-46663,eqV2 S,0.995637902,-0.001453616526363791,eqV2 S,OAM
wbm-2-46903,eqV2 S,0.9942581153000001,-0.0039887894033332925,eqV2 S,OAM
wbm-2-46975,eqV2 S,1.0023121279,0.006395357308333338,eqV2 S,OAM
wbm-2-4763,eqV2 S,1.0012870755,-0.004171696377778034,eqV2 S,OAM
wbm-2-47914,eqV2 S,0.9965018429,-0.009189444335416871,eqV2 S,OAM
wbm-2-48685,eqV2 S,1.0005765813,-0.00663381364583356,eqV2 S,OAM
wbm-2-48699,eqV2 S,0.9884697981,-0.006616855418000042,eqV2 S,OAM
wbm-2-49019,eqV2 S,1.0183273855,-0.015714863857499983,eqV2 S,OAM
wbm-2-49081,eqV2 S,1.015123835,0.0012966597266665049,eqV2 S,OAM
wbm-2-49233,eqV2 S,1.0063313443,-0.013053987088333349,eqV2 S,OAM
wbm-2-49340,eqV2 S,0.9888703027,0.010068676882500061,eqV2 S,OAM
wbm-2-49384,eqV2 S,1.0419474125,-0.017085411736666778,eqV2 S,OAM
wbm-2-49468,eqV2 S,0.9971305031000001,-0.006135960726249978,eqV2 S,OAM
wbm-2-50279,eqV2 S,1.0110767696,-0.005922470697499745,eqV2 S,OAM
wbm-2-50333,eqV2 S,1.0280352117,-0.004413977460000022,eqV2 S,OAM
wbm-2-50495,eqV2 S,1.0039042415,-0.0084178264183335,eqV2 S,OAM
wbm-2-50655,eqV2 S,1.0126049263,-0.018345084111428534,eqV2 S,OAM
wbm-2-51174,eqV2 S,0.9934140327000001,-0.012927871661111192,eqV2 S,OAM
wbm-2-5119,eqV2 S,0.9973682936,0.01703668913818177,eqV2 S,OAM
wbm-2-51568,eqV2 S,1.0035884143,0.0030045526629634413,eqV2 S,OAM
wbm-2-51816,eqV2 S,1.0343132249,-0.02586759639500009,eqV2 S,OAM
wbm-2-51830,eqV2 S,0.9850818359000001,0.012139613556944559,eqV2 S,OAM
wbm-2-51886,eqV2 S,1.0311673826,-0.0035733983833333483,eqV2 S,OAM
wbm-2-5191,eqV2 S,0.9833766892,0.009274541054545503,eqV2 S,OAM
wbm-2-52052,eqV2 S,0.9790084119,-0.004337775125000043,eqV2 S,OAM
wbm-2-52350,eqV2 S,1.0042958859,-0.0031110082941667727,eqV2 S,OAM
wbm-2-52424,eqV2 S,1.0134459243,-0.013664470709999987,eqV2 S,OAM
wbm-2-5247,eqV2 S,1.007899451,-0.0025130262720001895,eqV2 S,OAM
wbm-2-52502,eqV2 S,1.0346997843,-0.003147472295000098,eqV2 S,OAM
wbm-2-52632,eqV2 S,0.9770202565,-0.0009418256144445852,eqV2 S,OAM
wbm-2-5290,eqV2 S,0.9803037838,-0.007665216846000149,eqV2 S,OAM
wbm-2-5804,eqV2 S,0.9890400880000001,-0.006060036769999755,eqV2 S,OAM
wbm-2-6062,eqV2 S,1.00028759,0.0016202701283334637,eqV2 S,OAM
wbm-2-6092,eqV2 S,0.9853470205,0.010311812540833524,eqV2 S,OAM
wbm-2-6110,eqV2 S,0.9285206218000001,0.020384025363999997,eqV2 S,OAM
wbm-2-6329,eqV2 S,0.9994221195,-0.01966583001499993,eqV2 S,OAM
wbm-2-6620,eqV2 S,1.0516315598000001,-0.02062311987250003,eqV2 S,OAM
wbm-2-6627,eqV2 S,1.0060810409,0.006456212642000025,eqV2 S,OAM
wbm-2-6892,eqV2 S,1.0197395342,-0.0018086348219999594,eqV2 S,OAM
wbm-2-6906,eqV2 S,0.9704290327,0.019673425101110968,eqV2 S,OAM
wbm-2-6947,eqV2 S,0.9992199392000001,-0.0020712438920000055,eqV2 S,OAM
wbm-2-7202,eqV2 S,0.9873248918,-0.006511040697272624,eqV2 S,OAM
wbm-2-7809,eqV2 S,1.0063616953,-0.0005041330420000633,eqV2 S,OAM
wbm-2-828,eqV2 S,0.9938541054000001,-0.0028802682562499627,eqV2 S,OAM
wbm-2-9248,eqV2 S,0.9902599418,0.011097499230000007,eqV2 S,OAM
wbm-2-9267,eqV2 S,0.9976758201,-0.007467640606250203,eqV2 S,OAM
wbm-2-9731,eqV2 S,1.0025889049,-0.021516193892999934,eqV2 S,OAM
wbm-3-10689,eqV2 S,0.9832166718,0.0072073289281817665,eqV2 S,OAM
wbm-3-11165,eqV2 S,0.9840105194000001,-0.0031742257968749854,eqV2 S,OAM
wbm-3-11718,eqV2 S,0.9913978709000001,0.003676908740000024,eqV2 S,OAM
wbm-3-12323,eqV2 S,0.9971608806000001,0.0027845149199999496,eqV2 S,OAM
wbm-3-12716,eqV2 S,1.0180575738,-0.009823886983333334,eqV2 S,OAM
wbm-3-12746,eqV2 S,1.021467658,-0.02040114537750002,eqV2 S,OAM
wbm-3-12774,eqV2 S,1.0005352427,-0.008494069023999842,eqV2 S,OAM
wbm-3-12889,eqV2 S,1.0023710768,-0.00863040613500002,eqV2 S,OAM
wbm-3-13114,eqV2 S,0.9963460175000001,0.006837074466666593,eqV2 S,OAM
wbm-3-13317,eqV2 S,1.0041806769,-0.013687652327500051,eqV2 S,OAM
wbm-3-13400,eqV2 S,0.9948699749000001,-0.011755391012037096,eqV2 S,OAM
wbm-3-13486,eqV2 S,0.9934706225000001,-0.008211618732499959,eqV2 S,OAM
wbm-3-13949,eqV2 S,1.0099356337,-0.01136202003500002,eqV2 S,OAM
wbm-3-13976,eqV2 S,0.9964477849000001,-0.00588419348700004,eqV2 S,OAM
wbm-3-14196,eqV2 S,1.0033941521,-0.008255799598750002,eqV2 S,OAM
wbm-3-14217,eqV2 S,0.9994483439,-0.012892674118888831,eqV2 S,OAM
wbm-3-1457,eqV2 S,0.9888266516,-0.004937192149999845,eqV2 S,OAM
wbm-3-14648,eqV2 S,1.001672339,0.006766448622499999,eqV2 S,OAM
wbm-3-148,eqV2 S,1.0109558602,-0.0033573891966666974,eqV2 S,OAM
wbm-3-14897,eqV2 S,1.0106937634,-0.006639222241111003,eqV2 S,OAM
wbm-3-15167,eqV2 S,1.0094730253,-0.004763527462999946,eqV2 S,OAM
wbm-3-15223,eqV2 S,1.0148530698,-0.0010457378674999518,eqV2 S,OAM
wbm-3-15280,eqV2 S,0.9896454581,-0.0003934572149999127,eqV2 S,OAM
wbm-3-15327,eqV2 S,0.9706373713,0.0031077180916666927,eqV2 S,OAM
wbm-3-1552,eqV2 S,1.0076168736,-0.0035162894037038994,eqV2 S,OAM
wbm-3-15643,eqV2 S,1.0102458721,-0.007280172306000025,eqV2 S,OAM
wbm-3-16336,eqV2 S,1.0197832678,-0.006956395821666561,eqV2 S,OAM
wbm-3-16734,eqV2 S,0.9943658719,-0.00957844599714279,eqV2 S,OAM
wbm-3-16816,eqV2 S,1.003134048,-0.012865768655000012,eqV2 S,OAM
wbm-3-1719,eqV2 S,0.9991950828,-0.00127468115624992,eqV2 S,OAM
wbm-3-17250,eqV2 S,0.9984622979000001,-0.005518340697499902,eqV2 S,OAM
wbm-3-17617,eqV2 S,1.0046506628,-0.007815287769791754,eqV2 S,OAM
wbm-3-17661,eqV2 S,1.0242130109,0.002083386397777787,eqV2 S,OAM
wbm-3-1822,eqV2 S,1.0010788003,-0.005029783049999913,eqV2 S,OAM
wbm-3-18479,eqV2 S,0.9941845317,-0.011493013144444496,eqV2 S,OAM
wbm-3-18841,eqV2 S,1.000996228,-0.013897320704761983,eqV2 S,OAM
wbm-3-19096,eqV2 S,0.9612872602,0.00046220160888879033,eqV2 S,OAM
wbm-3-19145,eqV2 S,0.9771285903,-0.014040620065000078,eqV2 S,OAM
wbm-3-19453,eqV2 S,0.9941677968,-0.016290767538333504,eqV2 S,OAM
wbm-3-20198,eqV2 S,1.0159064851,-0.020837072391666628,eqV2 S,OAM
wbm-3-20284,eqV2 S,0.9796099055,0.0036259837000000533,eqV2 S,OAM
wbm-3-20301,eqV2 S,0.9918593189,-0.00916535099047595,eqV2 S,OAM
wbm-3-20382,eqV2 S,0.9917963968000001,-0.005060835163333444,eqV2 S,OAM
wbm-3-20528,eqV2 S,1.0131161371,-0.18529169681333332,eqV2 S,OAM
wbm-3-20949,eqV2 S,0.9995519251,-0.01726705053333344,eqV2 S,OAM
wbm-3-21531,eqV2 S,1.008158456,-0.005711907448333342,eqV2 S,OAM
wbm-3-21627,eqV2 S,1.0091772204,-0.010263088231666788,eqV2 S,OAM
wbm-3-21642,eqV2 S,1.01103734,-0.011691352466071336,eqV2 S,OAM
wbm-3-22305,eqV2 S,1.0133369131,-0.006537789058333132,eqV2 S,OAM
wbm-3-22379,eqV2 S,0.9921715886,-0.00626542753499999,eqV2 S,OAM
wbm-3-2248,eqV2 S,0.9755957394,0.008509206795555398,eqV2 S,OAM
wbm-3-22519,eqV2 S,0.9864541095,0.016878619806944408,eqV2 S,OAM
wbm-3-22524,eqV2 S,0.9978350946000001,0.010662720258750013,eqV2 S,OAM
wbm-3-22718,eqV2 S,0.9940322843,0.019445340332812533,eqV2 S,OAM
wbm-3-22742,eqV2 S,0.9988773543,0.002613161322499824,eqV2 S,OAM
wbm-3-22772,eqV2 S,1.0023995786,0.0019185618687500572,eqV2 S,OAM
wbm-3-23060,eqV2 S,0.9930184639,0.013533677777500142,eqV2 S,OAM
wbm-3-23205,eqV2 S,0.927567633,0.0022120879285714473,eqV2 S,OAM
wbm-3-23657,eqV2 S,0.995004297,-0.0005473134674999436,eqV2 S,OAM
wbm-3-23961,eqV2 S,1.0021274813,-0.0022234302790907507,eqV2 S,OAM
wbm-3-24482,eqV2 S,0.96242602,0.010223660503750143,eqV2 S,OAM
wbm-3-24541,eqV2 S,0.9860791681000001,-0.018869484195061712,eqV2 S,OAM
wbm-3-25261,eqV2 S,0.9870102394,4.5629840999765745e-05,eqV2 S,OAM
wbm-3-25538,eqV2 S,0.9755606603,0.01166821934428575,eqV2 S,OAM
wbm-3-25577,eqV2 S,0.9719236381,0.009827566312857122,eqV2 S,OAM
wbm-3-26237,eqV2 S,1.0051933721,-0.008446960692222266,eqV2 S,OAM
wbm-3-26853,eqV2 S,1.0045107227,-0.0027894343875000237,eqV2 S,OAM
wbm-3-26855,eqV2 S,0.9980440562,0.0007538599862499495,eqV2 S,OAM
wbm-3-27894,eqV2 S,0.9895261356,-0.004865272015833474,eqV2 S,OAM
wbm-3-28259,eqV2 S,1.0097774285,-0.0036530557424999444,eqV2 S,OAM
wbm-3-28421,eqV2 S,1.006128442,0.001573071858571546,eqV2 S,OAM
wbm-3-2876,eqV2 S,1.0025722065,0.0036119501099998426,eqV2 S,OAM
wbm-3-29262,eqV2 S,0.9875639867,-0.003298241691111217,eqV2 S,OAM
wbm-3-29413,eqV2 S,0.9924895882,-0.008590738022222252,eqV2 S,OAM
wbm-3-2947,eqV2 S,0.9993723066,0.0017585200699998995,eqV2 S,OAM
wbm-3-29478,eqV2 S,0.9878794357,-0.0017808322659999478,eqV2 S,OAM
wbm-3-29820,eqV2 S,0.9910655347,0.007669406561250369,eqV2 S,OAM
wbm-3-29926,eqV2 S,0.9953430154,-0.006305431061000207,eqV2 S,OAM
wbm-3-30118,eqV2 S,0.9849272576,0.0008638586230000555,eqV2 S,OAM
wbm-3-30211,eqV2 S,0.9906957727000001,0.005711569989000083,eqV2 S,OAM
wbm-3-30339,eqV2 S,1.0041353271,-0.007374691193749916,eqV2 S,OAM
wbm-3-30439,eqV2 S,0.9924311560000001,0.00261586783599995,eqV2 S,OAM
wbm-3-30449,eqV2 S,0.9959427452,-0.009883415771999892,eqV2 S,OAM
wbm-3-306,eqV2 S,0.9953630039,-0.005287138910833396,eqV2 S,OAM
wbm-3-31547,eqV2 S,1.0208838159,-0.0013611420379998408,eqV2 S,OAM
wbm-3-32182,eqV2 S,1.0165100093,0.0033995489799991674,eqV2 S,OAM
wbm-3-32371,eqV2 S,1.0104098306,0.0005658625958333848,eqV2 S,OAM
wbm-3-3260,eqV2 S,1.0128553769,-0.004091284252499961,eqV2 S,OAM
wbm-3-32953,eqV2 S,1.0054525147,0.011723675379166743,eqV2 S,OAM
wbm-3-33052,eqV2 S,1.0000078426,0.0017045639566666418,eqV2 S,OAM
wbm-3-33057,eqV2 S,0.9967681747,0.0007206966466666151,eqV2 S,OAM
wbm-3-33496,eqV2 S,1.0064892561,-0.0158583398583333,eqV2 S,OAM
wbm-3-33667,eqV2 S,1.0379900678,0.004051875157500051,eqV2 S,OAM
wbm-3-33669,eqV2 S,1.0107213645,-0.0024959757657144724,eqV2 S,OAM
wbm-3-33766,eqV2 S,0.9898001452,0.0021713551750000004,eqV2 S,OAM
wbm-3-33958,eqV2 S,1.0064944824,-0.0038655618079999955,eqV2 S,OAM
wbm-3-34051,eqV2 S,1.0014899567,-0.012159238502857102,eqV2 S,OAM
wbm-3-34079,eqV2 S,1.0017537358,-0.0019343957342857923,eqV2 S,OAM
wbm-3-34526,eqV2 S,1.0095528385,-0.01423952400249983,eqV2 S,OAM
wbm-3-34928,eqV2 S,0.9885982034,0.019612661283333683,eqV2 S,OAM
wbm-3-35085,eqV2 S,1.0010441711,0.0023164655791665825,eqV2 S,OAM
wbm-3-35166,eqV2 S,0.9969218017,-0.007985764323333318,eqV2 S,OAM
wbm-3-35187,eqV2 S,0.9863707145,0.003348358280000028,eqV2 S,OAM
wbm-3-35781,eqV2 S,1.0041283277,-0.002377063854166709,eqV2 S,OAM
wbm-3-35839,eqV2 S,1.0083861242,-0.010958757000000041,eqV2 S,OAM
wbm-3-36237,eqV2 S,1.0137505299,-2.709739624995322e-05,eqV2 S,OAM
wbm-3-36320,eqV2 S,1.0045517459,0.003329529948750043,eqV2 S,OAM
wbm-3-36651,eqV2 S,1.010623983,-0.006373869900000012,eqV2 S,OAM
wbm-3-36996,eqV2 S,1.0574982144,-0.9319472759333335,eqV2 S,OAM
wbm-3-37033,eqV2 S,1.0026324668,-0.0027102173189999237,eqV2 S,OAM
wbm-3-37063,eqV2 S,1.0114445475,-0.010236090667500041,eqV2 S,OAM
wbm-3-37150,eqV2 S,1.0129565844,-0.01442382382666653,eqV2 S,OAM
wbm-3-37539,eqV2 S,1.0102412825,0.0006759222939999888,eqV2 S,OAM
wbm-3-3762,eqV2 S,0.9579595710000001,-0.0040368903957143125,eqV2 S,OAM
wbm-3-37637,eqV2 S,0.9885961536000001,-0.008721575213333091,eqV2 S,OAM
wbm-3-37700,eqV2 S,0.9890404969000001,-0.0017483401987499648,eqV2 S,OAM
wbm-3-37760,eqV2 S,1.012782408,0.004561014177777878,eqV2 S,OAM
wbm-3-37854,eqV2 S,0.9492286321000001,0.007623410301250022,eqV2 S,OAM
wbm-3-38201,eqV2 S,1.0219306024,-0.006677568284999991,eqV2 S,OAM
wbm-3-38304,eqV2 S,0.9941505452,0.0034758871351852232,eqV2 S,OAM
wbm-3-38309,eqV2 S,1.008573127,-0.002179077461111155,eqV2 S,OAM
wbm-3-38620,eqV2 S,0.9847183657,0.017835361554999984,eqV2 S,OAM
wbm-3-38776,eqV2 S,0.9961871106,-0.005532798153333355,eqV2 S,OAM
wbm-3-38878,eqV2 S,0.9958139974,0.005149337571666616,eqV2 S,OAM
wbm-3-39280,eqV2 S,1.0102838349,0.0008816891025000828,eqV2 S,OAM
wbm-3-40020,eqV2 S,0.9942743699000001,0.0034516803083334342,eqV2 S,OAM
wbm-3-40352,eqV2 S,0.9876773762000001,0.0013817010200000367,eqV2 S,OAM
wbm-3-40869,eqV2 S,1.0454862043,0.0005079912074998916,eqV2 S,OAM
wbm-3-41021,eqV2 S,1.0090990691,-0.0019815173125000327,eqV2 S,OAM
wbm-3-41155,eqV2 S,0.9934555174,-0.021726877409374845,eqV2 S,OAM
wbm-3-41162,eqV2 S,0.9966899168000001,-0.01858234231785692,eqV2 S,OAM
wbm-3-41194,eqV2 S,1.0329326475,0.008756252120000004,eqV2 S,OAM
wbm-3-41559,eqV2 S,0.9733451136000001,0.015713665732500194,eqV2 S,OAM
wbm-3-41591,eqV2 S,0.9489557773,0.010066883655555508,eqV2 S,OAM
wbm-3-4193,eqV2 S,0.9617405615,0.0009759636525003224,eqV2 S,OAM
wbm-3-42072,eqV2 S,0.9778284228,0.003264970509999969,eqV2 S,OAM
wbm-3-42429,eqV2 S,1.0222323003,-0.0043693675224999225,eqV2 S,OAM
wbm-3-42516,eqV2 S,1.0148640988,0.0031843287075000505,eqV2 S,OAM
wbm-3-42538,eqV2 S,0.95812682,0.0004681489899997615,eqV2 S,OAM
wbm-3-42640,eqV2 S,1.015463203,-0.009632242949999892,eqV2 S,OAM
wbm-3-42658,eqV2 S,0.9914645266000001,-0.003950873129999858,eqV2 S,OAM
wbm-3-42727,eqV2 S,0.9910213240000001,0.004815601211666494,eqV2 S,OAM
wbm-3-42969,eqV2 S,0.9632298530000001,0.0015009494566665894,eqV2 S,OAM
wbm-3-43100,eqV2 S,1.0041841387,-0.006016618262222077,eqV2 S,OAM
wbm-3-43237,eqV2 S,0.9893590777000001,-0.0004883604675001152,eqV2 S,OAM
wbm-3-43314,eqV2 S,1.0097381972,0.011635504762499948,eqV2 S,OAM
wbm-3-43330,eqV2 S,0.990903587,-0.002150201482500158,eqV2 S,OAM
wbm-3-43872,eqV2 S,1.0182562503,-0.01545648576249974,eqV2 S,OAM
wbm-3-44030,eqV2 S,0.9928429575000001,0.0006076759850000712,eqV2 S,OAM
wbm-3-44054,eqV2 S,0.9833558246,8.842557999997781e-05,eqV2 S,OAM
wbm-3-44492,eqV2 S,1.0091694534,-0.020625368454999633,eqV2 S,OAM
wbm-3-44546,eqV2 S,0.9744519262,-0.004012053756,eqV2 S,OAM
wbm-3-44704,eqV2 S,0.9910609133,-0.005170997215584196,eqV2 S,OAM
wbm-3-44894,eqV2 S,1.0122515215,-0.020763781273333257,eqV2 S,OAM
wbm-3-44975,eqV2 S,0.9919664773,-0.003691355727999905,eqV2 S,OAM
wbm-3-45183,eqV2 S,0.9636225809000001,-0.007099583356666627,eqV2 S,OAM
wbm-3-45466,eqV2 S,1.0052713903,-0.006023987716000078,eqV2 S,OAM
wbm-3-45678,eqV2 S,1.005394454,-0.00966361312099977,eqV2 S,OAM
wbm-3-45688,eqV2 S,0.9709812517,-0.00020907050166651213,eqV2 S,OAM
wbm-3-45998,eqV2 S,0.9837524123,0.005578403913636266,eqV2 S,OAM
wbm-3-46394,eqV2 S,1.0122214308,0.0005982911399998316,eqV2 S,OAM
wbm-3-46540,eqV2 S,1.0238279015,-0.012580533381666826,eqV2 S,OAM
wbm-3-46685,eqV2 S,1.0054156709,-0.006883416339999897,eqV2 S,OAM
wbm-3-46735,eqV2 S,0.9967531424,-0.0013415006518518642,eqV2 S,OAM
wbm-3-47098,eqV2 S,1.0506419944,-0.005958213755555559,eqV2 S,OAM
wbm-3-47103,eqV2 S,0.9473295291,0.009143966395000014,eqV2 S,OAM
wbm-3-47175,eqV2 S,1.001505807,-0.0014376690100000643,eqV2 S,OAM
wbm-3-47241,eqV2 S,0.9971844492,-0.01760774023000001,eqV2 S,OAM
wbm-3-47298,eqV2 S,0.9936826454000001,-0.011518415911250158,eqV2 S,OAM
wbm-3-49919,eqV2 S,0.999587501,-0.008494073793333416,eqV2 S,OAM
wbm-3-4997,eqV2 S,0.9976368443,-0.000847626085000286,eqV2 S,OAM
wbm-3-50064,eqV2 S,1.0090988257,0.0013049212362501895,eqV2 S,OAM
wbm-3-50205,eqV2 S,0.9903507521,-0.0024297761770000646,eqV2 S,OAM
wbm-3-50520,eqV2 S,1.0046660896,0.007643872632222207,eqV2 S,OAM
wbm-3-50670,eqV2 S,0.9961443253000001,-0.00434677882199999,eqV2 S,OAM
wbm-3-51459,eqV2 S,1.0003066247,0.002598374022222237,eqV2 S,OAM
wbm-3-51587,eqV2 S,0.9908284243000001,0.003315596035999846,eqV2 S,OAM
wbm-3-5184,eqV2 S,1.0063470681,0.0007762470849999777,eqV2 S,OAM
wbm-3-52355,eqV2 S,1.0049737782,0.004043185458333554,eqV2 S,OAM
wbm-3-52431,eqV2 S,0.9992569064000001,0.01491541017624982,eqV2 S,OAM
wbm-3-52542,eqV2 S,0.9818052184,0.0060819136937501446,eqV2 S,OAM
wbm-3-52633,eqV2 S,1.0102447598,0.00625407611499984,eqV2 S,OAM
wbm-3-5266,eqV2 S,1.0126986914,-0.005411998461666734,eqV2 S,OAM
wbm-3-52816,eqV2 S,1.0021888791,-0.0036209394018181292,eqV2 S,OAM
wbm-3-52847,eqV2 S,1.0000034648,-0.002936695844444633,eqV2 S,OAM
wbm-3-53364,eqV2 S,1.0063310695,-0.008009759920999785,eqV2 S,OAM
wbm-3-53557,eqV2 S,1.100194612,-0.09868773273333366,eqV2 S,OAM
wbm-3-53750,eqV2 S,1.0007135983,-0.0018494343559997618,eqV2 S,OAM
wbm-3-54048,eqV2 S,1.0079228865,-0.005446966927999881,eqV2 S,OAM
wbm-3-54295,eqV2 S,1.0028520406,0.008396468818518422,eqV2 S,OAM
wbm-3-54341,eqV2 S,1.003063948,-0.007430040837999882,eqV2 S,OAM
wbm-3-54781,eqV2 S,1.006281418,-0.005933908685999967,eqV2 S,OAM
wbm-3-54884,eqV2 S,1.006369268,-0.0034651513240000044,eqV2 S,OAM
wbm-3-54941,eqV2 S,1.0035348771,-0.005305371470000183,eqV2 S,OAM
wbm-3-54994,eqV2 S,0.9919445309,-0.03421246877250006,eqV2 S,OAM
wbm-3-5506,eqV2 S,0.9899854905000001,-0.004291421144166622,eqV2 S,OAM
wbm-3-55447,eqV2 S,1.0007079099,-0.0031921224877775795,eqV2 S,OAM
wbm-3-55539,eqV2 S,1.0031258354,-0.007409652493999772,eqV2 S,OAM
wbm-3-55627,eqV2 S,1.010857628,-0.007449374937662626,eqV2 S,OAM
wbm-3-56074,eqV2 S,0.9992625625,-0.00831554585909089,eqV2 S,OAM
wbm-3-56128,eqV2 S,1.0007343519,0.005764147899166735,eqV2 S,OAM
wbm-3-56146,eqV2 S,1.0092669999,-0.0022283769408333615,eqV2 S,OAM
wbm-3-56178,eqV2 S,1.0067003509,0.010903127420833296,eqV2 S,OAM
wbm-3-56716,eqV2 S,0.9928080486,-0.005720980866666755,eqV2 S,OAM
wbm-3-56851,eqV2 S,0.9992177838,-0.002949167778999993,eqV2 S,OAM
wbm-3-56962,eqV2 S,1.0118840819,-0.0004839066342856516,eqV2 S,OAM
wbm-3-57010,eqV2 S,1.0039432142,-0.002861060816666693,eqV2 S,OAM
wbm-3-57180,eqV2 S,1.0221462859,-0.010586851112000133,eqV2 S,OAM
wbm-3-57785,eqV2 S,0.6943997742,-0.15308863885000049,eqV2 S,OAM
wbm-3-58210,eqV2 S,0.998545926,-0.005776407066666738,eqV2 S,OAM
wbm-3-58328,eqV2 S,1.0036333829,-0.006532155461999914,eqV2 S,OAM
wbm-3-58361,eqV2 S,1.0191684339,-0.002191686622500022,eqV2 S,OAM
wbm-3-59267,eqV2 S,1.0123453013,-0.004113316437777886,eqV2 S,OAM
wbm-3-59295,eqV2 S,0.9796155325,-0.005830625085999798,eqV2 S,OAM
wbm-3-59449,eqV2 S,0.9991344855000001,-0.014090391489166562,eqV2 S,OAM
wbm-3-59466,eqV2 S,0.9952586592,-0.001768614314814672,eqV2 S,OAM
wbm-3-595,eqV2 S,0.9946911739000001,0.0007482423254545138,eqV2 S,OAM
wbm-3-59933,eqV2 S,0.9913832679000001,-0.0146021818233334,eqV2 S,OAM
wbm-3-60022,eqV2 S,1.0093908118,-0.014316887983333379,eqV2 S,OAM
wbm-3-60241,eqV2 S,0.9929175375,-0.018215704718749892,eqV2 S,OAM
wbm-3-603,eqV2 S,1.0160441306,0.00854760334111112,eqV2 S,OAM
wbm-3-60446,eqV2 S,1.0036714788,-0.016454463374444592,eqV2 S,OAM
wbm-3-61162,eqV2 S,1.0037183827,-0.008789671971666557,eqV2 S,OAM
wbm-3-61232,eqV2 S,0.9606447504000001,-0.01327841733749997,eqV2 S,OAM
wbm-3-61906,eqV2 S,1.0005632968,-0.017812519975833337,eqV2 S,OAM
wbm-3-62045,eqV2 S,1.0021280753,-0.22998404632777772,eqV2 S,OAM
wbm-3-6216,eqV2 S,0.9847646319000001,0.005349003378750083,eqV2 S,OAM
wbm-3-62502,eqV2 S,1.1255505908,-0.3130406733642858,eqV2 S,OAM
wbm-3-62783,eqV2 S,1.0018344567,-0.0009046041750000455,eqV2 S,OAM
wbm-3-62830,eqV2 S,0.9922051258000001,-0.009096867608181729,eqV2 S,OAM
wbm-3-63055,eqV2 S,1.0176608221,-0.021157131944999935,eqV2 S,OAM
wbm-3-63253,eqV2 S,0.9990339903000001,-0.006894574122222252,eqV2 S,OAM
wbm-3-63360,eqV2 S,0.9956260553,-0.005567738501851869,eqV2 S,OAM
wbm-3-63525,eqV2 S,0.9786695355,0.001518144660000118,eqV2 S,OAM
wbm-3-64157,eqV2 S,1.0040116862,-0.0077058740283333675,eqV2 S,OAM
wbm-3-64616,eqV2 S,0.9853967258,0.007079932478750006,eqV2 S,OAM
wbm-3-65153,eqV2 S,0.9812170767,-0.002053086266250048,eqV2 S,OAM
wbm-3-65435,eqV2 S,0.9698902851000001,0.03808866884722227,eqV2 S,OAM
wbm-3-65475,eqV2 S,0.9782767637,0.01594378137777773,eqV2 S,OAM
wbm-3-65984,eqV2 S,0.9926859670000001,-0.0005436883833335552,eqV2 S,OAM
wbm-3-66716,eqV2 S,1.0126414533,-0.006045417137499865,eqV2 S,OAM
wbm-3-6686,eqV2 S,1.0090099639,-0.008269225099999862,eqV2 S,OAM
wbm-3-66915,eqV2 S,1.0092473176,-0.003281967399999956,eqV2 S,OAM
wbm-3-67124,eqV2 S,1.0027367554,-0.005755815561666704,eqV2 S,OAM
wbm-3-67497,eqV2 S,0.9720649216,0.003602688618749461,eqV2 S,OAM
wbm-3-67713,eqV2 S,1.0089519533,-0.0053965189150001255,eqV2 S,OAM
wbm-3-67920,eqV2 S,0.9879630680000001,-0.0033250513966665454,eqV2 S,OAM
wbm-3-68136,eqV2 S,0.9804809451000001,-0.0017682762962500042,eqV2 S,OAM
wbm-3-68514,eqV2 S,0.9998485872,-0.0032218264455555834,eqV2 S,OAM
wbm-3-68711,eqV2 S,0.9887124097000001,-0.0038046907428571737,eqV2 S,OAM
wbm-3-69146,eqV2 S,1.0115500985,-0.0010777155960000329,eqV2 S,OAM
wbm-3-69202,eqV2 S,1.0081351498,0.0017628509249999701,eqV2 S,OAM
wbm-3-69261,eqV2 S,0.9963352515,-0.008388780258571314,eqV2 S,OAM
wbm-3-69323,eqV2 S,1.0018047694,0.008368495671666724,eqV2 S,OAM
wbm-3-69961,eqV2 S,0.9790963344,0.0013132901145451374,eqV2 S,OAM
wbm-3-70170,eqV2 S,1.0011480415,-0.0006905676509090726,eqV2 S,OAM
wbm-3-70189,eqV2 S,0.9978038324,-0.0009366226327270768,eqV2 S,OAM
wbm-3-70249,eqV2 S,1.0104569139,-0.0012600956563634793,eqV2 S,OAM
wbm-3-70474,eqV2 S,1.0379974621,-0.001109840266665903,eqV2 S,OAM
wbm-3-712,eqV2 S,1.0057862332,-0.012882398031249843,eqV2 S,OAM
wbm-3-71225,eqV2 S,1.0060191009,-0.008510613770999953,eqV2 S,OAM
wbm-3-71404,eqV2 S,1.0115235356,0.017805589525000352,eqV2 S,OAM
wbm-3-71848,eqV2 S,0.9860692217,-0.007831037886249882,eqV2 S,OAM
wbm-3-71989,eqV2 S,1.0155071032,-0.014260909854999896,eqV2 S,OAM
wbm-3-72169,eqV2 S,1.0337799208,0.006447301085000401,eqV2 S,OAM
wbm-3-72274,eqV2 S,1.0171341064,-0.012698556655000104,eqV2 S,OAM
wbm-3-73083,eqV2 S,0.9731244007000001,0.01490089324074025,eqV2 S,OAM
wbm-3-73636,eqV2 S,1.0013120779,-0.012045313906000103,eqV2 S,OAM
wbm-3-73935,eqV2 S,1.00816349,-0.0027878008400001432,eqV2 S,OAM
wbm-3-75010,eqV2 S,0.9930016831,-0.0093579612300001,eqV2 S,OAM
wbm-3-75403,eqV2 S,1.000897223,-0.02313658474499993,eqV2 S,OAM
wbm-3-75540,eqV2 S,1.0102481145,-0.024532469716666557,eqV2 S,OAM
wbm-3-75956,eqV2 S,0.9825470674000001,-0.010168666506481723,eqV2 S,OAM
wbm-3-75983,eqV2 S,1.0100714067,-0.03637584193333332,eqV2 S,OAM
wbm-3-76051,eqV2 S,1.0105525198,-0.01956664526250007,eqV2 S,OAM
wbm-3-76585,eqV2 S,1.0075404997,-0.0022353972416667826,eqV2 S,OAM
wbm-3-76650,eqV2 S,1.0076137654,-0.006733582487999996,eqV2 S,OAM
wbm-3-76809,eqV2 S,1.0117547579,-0.008221656846000087,eqV2 S,OAM
wbm-3-76971,eqV2 S,1.0115379387,-0.011329107977499975,eqV2 S,OAM
wbm-3-7741,eqV2 S,1.0254656234,-0.10538459694374976,eqV2 S,OAM
wbm-3-77528,eqV2 S,1.0050757122,-0.003318504218571456,eqV2 S,OAM
wbm-3-77731,eqV2 S,0.9937015071,0.0016332673725000912,eqV2 S,OAM
wbm-3-78067,eqV2 S,1.0139180242,-0.006661667149999814,eqV2 S,OAM
wbm-3-78151,eqV2 S,1.0115846047,-0.022695694027499956,eqV2 S,OAM
wbm-3-78206,eqV2 S,1.0205149838,-0.003814290479999845,eqV2 S,OAM
wbm-3-78592,eqV2 S,1.0192052718,-0.006440160786666738,eqV2 S,OAM
wbm-3-79099,eqV2 S,0.9812741155,-0.009323861101666608,eqV2 S,OAM
wbm-3-7917,eqV2 S,1.0015124311,-0.0035458788163636387,eqV2 S,OAM
wbm-3-8541,eqV2 S,1.0109023028,-0.0006602898609091054,eqV2 S,OAM
wbm-3-8554,eqV2 S,1.0182663383,-0.0009360194790907238,eqV2 S,OAM
wbm-3-9136,eqV2 S,1.0140382654,-0.013508526390000154,eqV2 S,OAM
wbm-3-9227,eqV2 S,1.0011932096,-0.008998856183333478,eqV2 S,OAM
wbm-3-924,eqV2 S,0.9857878879,0.011945055886110821,eqV2 S,OAM
wbm-3-9240,eqV2 S,0.9772947992000001,-0.0035860143500000183,eqV2 S,OAM
wbm-3-9643,eqV2 S,1.0059670648,0.006694225580833428,eqV2 S,OAM
wbm-3-9769,eqV2 S,0.9818185565,0.022476956195999948,eqV2 S,OAM
wbm-4-10054,eqV2 S,1.0157337209,-0.005637179049999918,eqV2 S,OAM
wbm-4-10294,eqV2 S,0.9949190561000001,-0.00446867119249994,eqV2 S,OAM
wbm-4-10665,eqV2 S,1.003927991,-0.005655242727499931,eqV2 S,OAM
wbm-4-10830,eqV2 S,0.9926899024,0.012139636433749957,eqV2 S,OAM
wbm-4-11797,eqV2 S,1.0360043038,-0.0004113938124999272,eqV2 S,OAM
wbm-4-12086,eqV2 S,0.9933865634000001,0.011944425859999915,eqV2 S,OAM
wbm-4-12502,eqV2 S,0.9994743898,-0.0015310142844441542,eqV2 S,OAM
wbm-4-12573,eqV2 S,0.9965585674,0.0036023642966666125,eqV2 S,OAM
wbm-4-12645,eqV2 S,1.0089850227,-0.005016187424999874,eqV2 S,OAM
wbm-4-12995,eqV2 S,1.0014749551,-0.002573331187999983,eqV2 S,OAM
wbm-4-13409,eqV2 S,1.0119445103,-0.0021170119671427502,eqV2 S,OAM
wbm-4-13566,eqV2 S,1.010854381,-0.002824156136249778,eqV2 S,OAM
wbm-4-14124,eqV2 S,1.0186410404,-0.0005002107175000603,eqV2 S,OAM
wbm-4-14376,eqV2 S,1.0006291033,-0.012476271141111302,eqV2 S,OAM
wbm-4-14665,eqV2 S,1.0503727405,0.01080815103500008,eqV2 S,OAM
wbm-4-14933,eqV2 S,1.0132269228,-0.0042578434000000165,eqV2 S,OAM
wbm-4-15235,eqV2 S,1.0043552628,-0.008665285968333337,eqV2 S,OAM
wbm-4-15858,eqV2 S,1.0048914153,-0.00032584206249985925,eqV2 S,OAM
wbm-4-16373,eqV2 S,1.0025243497,-0.005021498159999904,eqV2 S,OAM
wbm-4-16740,eqV2 S,0.9953538708,-0.009303032883333392,eqV2 S,OAM
wbm-4-16765,eqV2 S,1.0131941201,-0.0020776218199999976,eqV2 S,OAM
wbm-4-16869,eqV2 S,1.001692503,-0.012468084776666543,eqV2 S,OAM
wbm-4-1702,eqV2 S,0.9981581077,-0.0021316238166665022,eqV2 S,OAM
wbm-4-1741,eqV2 S,1.0509067513,-0.016434172940000026,eqV2 S,OAM
wbm-4-17711,eqV2 S,0.9974587793,-0.0030210023141666654,eqV2 S,OAM
wbm-4-17768,eqV2 S,0.9884354428000001,-0.00046228182666651447,eqV2 S,OAM
wbm-4-18135,eqV2 S,1.0118926525,-0.009224213669999889,eqV2 S,OAM
wbm-4-18169,eqV2 S,1.0030373677,-0.010092192566666706,eqV2 S,OAM
wbm-4-18357,eqV2 S,1.0094636004,-0.0034515408222221804,eqV2 S,OAM
wbm-4-18483,eqV2 S,1.0046613866,-0.00319773066799975,eqV2 S,OAM
wbm-4-18752,eqV2 S,0.9929440700000001,-0.014867688162500147,eqV2 S,OAM
wbm-4-18898,eqV2 S,0.9972291015,-0.008584272693999893,eqV2 S,OAM
wbm-4-19359,eqV2 S,1.0041600675,-0.008735860696666799,eqV2 S,OAM
wbm-4-19479,eqV2 S,1.0138564164,-0.009522064585714267,eqV2 S,OAM
wbm-4-19743,eqV2 S,1.0080946973,-0.013070415138333341,eqV2 S,OAM
wbm-4-19788,eqV2 S,1.006225579,0.00011262965777779262,eqV2 S,OAM
wbm-4-19793,eqV2 S,1.0007670463,-0.006831795495000073,eqV2 S,OAM
wbm-4-20225,eqV2 S,1.0049816949,-0.0035847683999999766,eqV2 S,OAM
wbm-4-20419,eqV2 S,1.0040689454,-0.00399422471749998,eqV2 S,OAM
wbm-4-20511,eqV2 S,1.0048416745,0.00971967192916671,eqV2 S,OAM
wbm-4-2067,eqV2 S,1.0190400613,0.0005612674616666406,eqV2 S,OAM
wbm-4-20703,eqV2 S,0.9690518761,-0.0015947077760001351,eqV2 S,OAM
wbm-4-20837,eqV2 S,1.1712138522,-0.05715966707812503,eqV2 S,OAM
wbm-4-21132,eqV2 S,0.9871522225,0.00047318591499978524,eqV2 S,OAM
wbm-4-21175,eqV2 S,1.0077767654,-0.0031994782208334036,eqV2 S,OAM
wbm-4-21368,eqV2 S,0.9846869815,0.007396533991666488,eqV2 S,OAM
wbm-4-21376,eqV2 S,1.0033136849,-0.006165718689999859,eqV2 S,OAM
wbm-4-21871,eqV2 S,1.00158934,-0.0041650000477777855,eqV2 S,OAM
wbm-4-21957,eqV2 S,0.9712436776000001,-0.01755288001499995,eqV2 S,OAM
wbm-4-22087,eqV2 S,0.9994710273,0.0025612852599999772,eqV2 S,OAM
wbm-4-22178,eqV2 S,0.9999883767000001,0.0010907458980000228,eqV2 S,OAM
wbm-4-22240,eqV2 S,0.9993104970000001,0.049386868095000036,eqV2 S,OAM
wbm-4-22865,eqV2 S,1.0207292234,-0.0022631490540000244,eqV2 S,OAM
wbm-4-23032,eqV2 S,1.0176305359,-0.017604552594999785,eqV2 S,OAM
wbm-4-23297,eqV2 S,1.014562333,-0.01776157080333327,eqV2 S,OAM
wbm-4-23326,eqV2 S,0.9988645887000001,-0.007678426938333397,eqV2 S,OAM
wbm-4-23428,eqV2 S,0.9745126376000001,-0.007430672670000149,eqV2 S,OAM
wbm-4-23579,eqV2 S,0.9960962464,0.0016099594316663966,eqV2 S,OAM
wbm-4-24423,eqV2 S,1.0098595693,-0.014288101770000016,eqV2 S,OAM
wbm-4-24471,eqV2 S,0.9939478083000001,0.0034939535808333013,eqV2 S,OAM
wbm-4-245,eqV2 S,1.0022610847,-0.008705926704999988,eqV2 S,OAM
wbm-4-2486,eqV2 S,0.9983661179000001,-0.008789936000000064,eqV2 S,OAM
wbm-4-24976,eqV2 S,1.0018999512,0.025341212381428592,eqV2 S,OAM
wbm-4-25275,eqV2 S,1.0106492496,-0.004418827083333454,eqV2 S,OAM
wbm-4-25460,eqV2 S,0.9886353142000001,0.0049480351733333094,eqV2 S,OAM
wbm-4-2551,eqV2 S,1.0187240722,-0.013739114554999788,eqV2 S,OAM
wbm-4-25775,eqV2 S,0.9978400806000001,6.060412545462089e-05,eqV2 S,OAM
wbm-4-26367,eqV2 S,1.0083971768,-0.017332402000999992,eqV2 S,OAM
wbm-4-26686,eqV2 S,1.0062385355,0.01406917508888878,eqV2 S,OAM
wbm-4-26775,eqV2 S,0.9986877524000001,-0.007922663203333256,eqV2 S,OAM
wbm-4-26883,eqV2 S,0.9983824769,-0.0005278909019997968,eqV2 S,OAM
wbm-4-26915,eqV2 S,0.9744440039000001,-0.00017261101444461248,eqV2 S,OAM
wbm-4-27182,eqV2 S,0.9993711045,0.019159067908000083,eqV2 S,OAM
wbm-4-27263,eqV2 S,1.0071442822,0.011498890353000064,eqV2 S,OAM
wbm-4-27275,eqV2 S,1.0063969768,0.017594250828889026,eqV2 S,OAM
wbm-4-27736,eqV2 S,0.9982526447000001,0.00589645501199982,eqV2 S,OAM
wbm-4-27942,eqV2 S,0.993852638,-0.008567644567000059,eqV2 S,OAM
wbm-4-27954,eqV2 S,0.9980172458000001,-0.007964323921000301,eqV2 S,OAM
wbm-4-28454,eqV2 S,0.9928577281000001,-0.005146923928000006,eqV2 S,OAM
wbm-4-28465,eqV2 S,0.9887438702,-0.004525518333000491,eqV2 S,OAM
wbm-4-28726,eqV2 S,0.9624180158000001,-0.01854953590000008,eqV2 S,OAM
wbm-4-28844,eqV2 S,0.999975355,-0.013700170748000177,eqV2 S,OAM
wbm-4-29036,eqV2 S,0.9912958071,-0.0027959470649999486,eqV2 S,OAM
wbm-4-29107,eqV2 S,1.005734056,-0.006775593956666745,eqV2 S,OAM
wbm-4-29225,eqV2 S,0.9861696207,0.0042760047158333,eqV2 S,OAM
wbm-4-29341,eqV2 S,1.0209178229,0.002839957251666725,eqV2 S,OAM
wbm-4-29856,eqV2 S,0.9970654186000001,-0.0005785145875000453,eqV2 S,OAM
wbm-4-30094,eqV2 S,1.0078186322,-0.016339908382500122,eqV2 S,OAM
wbm-4-3031,eqV2 S,0.9955228587,-0.0027755117450000218,eqV2 S,OAM
wbm-4-3082,eqV2 S,1.0183981629,-0.006240928316250205,eqV2 S,OAM
wbm-4-30986,eqV2 S,0.9919023965,0.002652650690000087,eqV2 S,OAM
wbm-4-31067,eqV2 S,1.00747778,0.02002617142875005,eqV2 S,OAM
wbm-4-31477,eqV2 S,1.0062906428,-0.016065632124999764,eqV2 S,OAM
wbm-4-31779,eqV2 S,1.0007585526,0.0024280668975000808,eqV2 S,OAM
wbm-4-32151,eqV2 S,1.0168405161,-0.012729538038888993,eqV2 S,OAM
wbm-4-3228,eqV2 S,1.0123007739,0.002695370587272547,eqV2 S,OAM
wbm-4-32502,eqV2 S,0.9942217851,-0.006111864555833198,eqV2 S,OAM
wbm-4-32615,eqV2 S,1.024907159,-0.028547723696666572,eqV2 S,OAM
wbm-4-32624,eqV2 S,0.9819053199000001,0.0013013607674999595,eqV2 S,OAM
wbm-4-33071,eqV2 S,0.9588240069,0.015336604288888918,eqV2 S,OAM
wbm-4-33100,eqV2 S,1.014575901,-0.004086658312000182,eqV2 S,OAM
wbm-4-33257,eqV2 S,1.0014063744,-0.009395554085999933,eqV2 S,OAM
wbm-4-33273,eqV2 S,1.0053130064,0.007450723085185018,eqV2 S,OAM
wbm-4-33725,eqV2 S,1.0171578361,-0.011729224432222117,eqV2 S,OAM
wbm-4-33762,eqV2 S,1.0007428479,-0.002998196818333317,eqV2 S,OAM
wbm-4-33836,eqV2 S,0.9838944481,0.0032596299600000656,eqV2 S,OAM
wbm-4-34209,eqV2 S,1.0237826509,0.0035535865574999547,eqV2 S,OAM
wbm-4-34327,eqV2 S,1.0224364174,-0.0037722956575000134,eqV2 S,OAM
wbm-4-34644,eqV2 S,0.9838732598000001,0.000986079402000115,eqV2 S,OAM
wbm-4-35087,eqV2 S,1.0126641178,-0.006160304046666691,eqV2 S,OAM
wbm-4-35344,eqV2 S,0.9935970985,-0.013239358241999923,eqV2 S,OAM
wbm-4-35488,eqV2 S,1.0014928943,-0.0018940534444445863,eqV2 S,OAM
wbm-4-35828,eqV2 S,1.0165461097,-0.0007257259125001525,eqV2 S,OAM
wbm-4-36211,eqV2 S,1.0032568309,0.008192125709999987,eqV2 S,OAM
wbm-4-36238,eqV2 S,1.0066168197,-0.00562981204799982,eqV2 S,OAM
wbm-4-36284,eqV2 S,0.9878665942,-0.008254278308749984,eqV2 S,OAM
wbm-4-3650,eqV2 S,1.0007486865,-0.007797430596666525,eqV2 S,OAM
wbm-4-36563,eqV2 S,1.0049213823,0.007436177467500205,eqV2 S,OAM
wbm-4-36886,eqV2 S,0.9988559340000001,-0.0038507897610000437,eqV2 S,OAM
wbm-4-38132,eqV2 S,1.0012363922,-0.005176639726666525,eqV2 S,OAM
wbm-4-38261,eqV2 S,1.0072414383,-0.008976548337499946,eqV2 S,OAM
wbm-4-38287,eqV2 S,0.994742691,-0.04540499221851859,eqV2 S,OAM
wbm-4-38623,eqV2 S,1.0042291525,-0.019827077710000116,eqV2 S,OAM
wbm-4-3874,eqV2 S,1.0097318839,-0.00675550017200024,eqV2 S,OAM
wbm-4-38916,eqV2 S,1.0941261395,-0.3213031533000006,eqV2 S,OAM
wbm-4-390,eqV2 S,1.0075444539,-0.0017846929266667052,eqV2 S,OAM
wbm-4-39018,eqV2 S,1.0047165022,-0.006350821114999983,eqV2 S,OAM
wbm-4-39340,eqV2 S,1.0063945186,-0.007725648355000096,eqV2 S,OAM
wbm-4-39520,eqV2 S,1.0092221626,-0.010853082244444402,eqV2 S,OAM
wbm-4-39553,eqV2 S,0.9994965158,-0.013313021820370167,eqV2 S,OAM
wbm-4-39788,eqV2 S,1.0076568805,-0.011556109968333375,eqV2 S,OAM
wbm-4-39799,eqV2 S,1.0149693804,-0.007882501250000118,eqV2 S,OAM
wbm-4-39958,eqV2 S,1.0014833742,-0.0031344235799998896,eqV2 S,OAM
wbm-4-4154,eqV2 S,0.9885145276,0.009956748108333358,eqV2 S,OAM
wbm-4-419,eqV2 S,1.0640432098,-0.004473950539999905,eqV2 S,OAM
wbm-4-4316,eqV2 S,1.0118077294,0.0003124220233335251,eqV2 S,OAM
wbm-4-4524,eqV2 S,0.9757359006,0.0017027605395836254,eqV2 S,OAM
wbm-4-4590,eqV2 S,1.004306633,0.0017351618908334032,eqV2 S,OAM
wbm-4-4672,eqV2 S,1.0665541466,0.006339592502499958,eqV2 S,OAM
wbm-4-5750,eqV2 S,0.9982435369,-0.004372935959999858,eqV2 S,OAM
wbm-4-6051,eqV2 S,1.0233006133,-0.005772251899999992,eqV2 S,OAM
wbm-4-6066,eqV2 S,1.0000051245,-0.0067503150750000355,eqV2 S,OAM
wbm-4-6167,eqV2 S,1.0022296794,-0.0003578582587500545,eqV2 S,OAM
wbm-4-6225,eqV2 S,0.9929673394,0.0005447217347221113,eqV2 S,OAM
wbm-4-631,eqV2 S,0.9918332899000001,0.009210077712499931,eqV2 S,OAM
wbm-4-6515,eqV2 S,1.0014707739,-0.0023609701680000227,eqV2 S,OAM
wbm-4-671,eqV2 S,1.0194416572,0.0055537128533334965,eqV2 S,OAM
wbm-4-6758,eqV2 S,0.9447538558,-0.011884989893333517,eqV2 S,OAM
wbm-4-7429,eqV2 S,0.9957854632,-0.006687780431666586,eqV2 S,OAM
wbm-4-7784,eqV2 S,0.9860918624,-0.004320768393333275,eqV2 S,OAM
wbm-4-7967,eqV2 S,0.9927878451000001,-0.007715910566666946,eqV2 S,OAM
wbm-4-8012,eqV2 S,0.9975400198000001,-0.005083290863749923,eqV2 S,OAM
wbm-4-8174,eqV2 S,0.9947821804,-0.006875167913333276,eqV2 S,OAM
wbm-4-8734,eqV2 S,1.0030514161,-0.008933950721999793,eqV2 S,OAM
wbm-4-9164,eqV2 S,0.9924369213,-0.001205459306000023,eqV2 S,OAM
wbm-4-9438,eqV2 S,1.0250148939,-0.014768378534999965,eqV2 S,OAM
wbm-4-9479,eqV2 S,0.9988032737,-0.009643704875833414,eqV2 S,OAM
wbm-4-9486,eqV2 S,1.0132506916,-0.0029597552399999692,eqV2 S,OAM
wbm-4-9845,eqV2 S,1.0040060477,-0.017966064289166656,eqV2 S,OAM
wbm-5-10161,eqV2 S,0.9254873613000001,0.05063063171944451,eqV2 S,OAM
wbm-5-10176,eqV2 S,1.0038367555,-0.006804474141666479,eqV2 S,OAM
wbm-5-10611,eqV2 S,1.0009654128,-0.0041620507411110445,eqV2 S,OAM
wbm-5-10798,eqV2 S,0.9946309396,0.005135944768000087,eqV2 S,OAM
wbm-5-10867,eqV2 S,1.0025791633,0.004388275854999879,eqV2 S,OAM
wbm-5-10869,eqV2 S,0.9847105237,-0.013854646137499937,eqV2 S,OAM
wbm-5-1132,eqV2 S,0.9948670566000001,-0.0014294507775000297,eqV2 S,OAM
wbm-5-1146,eqV2 S,1.0019633034,-0.004842638895714455,eqV2 S,OAM
wbm-5-11469,eqV2 S,1.0115136462,-0.009855150466666511,eqV2 S,OAM
wbm-5-11500,eqV2 S,1.0074126102,-0.008854731736666644,eqV2 S,OAM
wbm-5-11734,eqV2 S,1.0026840081,-0.010824073258750034,eqV2 S,OAM
wbm-5-1206,eqV2 S,0.9991278616,0.00513521748999987,eqV2 S,OAM
wbm-5-12443,eqV2 S,0.9891214549,-0.008609519050000004,eqV2 S,OAM
wbm-5-12452,eqV2 S,1.0227170063,-0.007868202430000082,eqV2 S,OAM
wbm-5-12772,eqV2 S,0.7958527576000001,-0.15279657702499985,eqV2 S,OAM
wbm-5-12958,eqV2 S,0.9736203637,0.00022381335400005752,eqV2 S,OAM
wbm-5-12975,eqV2 S,0.989339972,0.04198627481250017,eqV2 S,OAM
wbm-5-13145,eqV2 S,1.0429448661,-0.007692458807500024,eqV2 S,OAM
wbm-5-13166,eqV2 S,0.9856566290000001,0.00521136896875003,eqV2 S,OAM
wbm-5-13349,eqV2 S,1.0367282134,-0.009516079453333109,eqV2 S,OAM
wbm-5-13801,eqV2 S,1.0008194659,-0.0022378608399999675,eqV2 S,OAM
wbm-5-13950,eqV2 S,0.9935566411000001,-0.014096226238749843,eqV2 S,OAM
wbm-5-14458,eqV2 S,0.9930788459000001,-0.00957785772999995,eqV2 S,OAM
wbm-5-14813,eqV2 S,1.0058942759,-0.0049789582599998996,eqV2 S,OAM
wbm-5-15005,eqV2 S,1.0301341716,-0.009215599820000175,eqV2 S,OAM
wbm-5-15388,eqV2 S,0.977048511,0.03847763154814828,eqV2 S,OAM
wbm-5-15524,eqV2 S,0.9958891321000001,-0.004170735813333455,eqV2 S,OAM
wbm-5-16875,eqV2 S,0.9824390303,-0.012182477034999995,eqV2 S,OAM
wbm-5-16887,eqV2 S,1.0283857189,-0.01524280837999994,eqV2 S,OAM
wbm-5-17752,eqV2 S,0.9542844367000001,-0.007873668237500376,eqV2 S,OAM
wbm-5-17774,eqV2 S,1.0165254119,-0.028558233733333438,eqV2 S,OAM
wbm-5-1781,eqV2 S,1.0107833039,-0.018086105927499974,eqV2 S,OAM
wbm-5-18074,eqV2 S,1.0197845073,-0.005383126233999959,eqV2 S,OAM
wbm-5-18353,eqV2 S,1.000265336,-0.013702806024999958,eqV2 S,OAM
wbm-5-18394,eqV2 S,0.9888362367,-0.008260980713333449,eqV2 S,OAM
wbm-5-18629,eqV2 S,1.003281262,-0.004689597436000028,eqV2 S,OAM
wbm-5-1864,eqV2 S,1.00710432,0.003825153687499938,eqV2 S,OAM
wbm-5-18736,eqV2 S,0.9874974961,-0.000971585364999994,eqV2 S,OAM
wbm-5-19472,eqV2 S,1.0161143427,-0.003935274027499869,eqV2 S,OAM
wbm-5-19507,eqV2 S,0.9942223376,0.0017516870599998847,eqV2 S,OAM
wbm-5-19558,eqV2 S,0.9958260665,-0.009581718917499949,eqV2 S,OAM
wbm-5-20261,eqV2 S,1.0054463487,-0.008237040486666618,eqV2 S,OAM
wbm-5-20528,eqV2 S,1.0025861761,-0.006323847955000103,eqV2 S,OAM
wbm-5-20727,eqV2 S,0.9923889423000001,-0.0020100895583335427,eqV2 S,OAM
wbm-5-21007,eqV2 S,1.0123891904,-0.0217837260655555,eqV2 S,OAM
wbm-5-21081,eqV2 S,1.0091935225,-0.006130523569999902,eqV2 S,OAM
wbm-5-21165,eqV2 S,0.9745394819000001,-0.005864518194999846,eqV2 S,OAM
wbm-5-21710,eqV2 S,1.0055023286,-0.003647092789999995,eqV2 S,OAM
wbm-5-21754,eqV2 S,1.0114711769,-0.00027589025333328484,eqV2 S,OAM
wbm-5-21768,eqV2 S,1.0340213419,0.012831756609999712,eqV2 S,OAM
wbm-5-21918,eqV2 S,0.9909632454,-0.0109267862677778,eqV2 S,OAM
wbm-5-22235,eqV2 S,0.9972856151,-0.006597966975555557,eqV2 S,OAM
wbm-5-22562,eqV2 S,1.0125592925,-0.014991251880000079,eqV2 S,OAM
wbm-5-22642,eqV2 S,1.0169765844,0.003975909770833397,eqV2 S,OAM
wbm-5-22788,eqV2 S,0.9917221894,0.005156656172500007,eqV2 S,OAM
wbm-5-22853,eqV2 S,0.9967989104,-0.0025410417600001426,eqV2 S,OAM
wbm-5-22992,eqV2 S,1.0439350538,-0.020575274775000096,eqV2 S,OAM
wbm-5-23199,eqV2 S,0.9889508759000001,-0.01198355672499988,eqV2 S,OAM
wbm-5-2663,eqV2 S,1.0208243976,-0.014863749655000102,eqV2 S,OAM
wbm-5-2813,eqV2 S,1.0049683451,0.002895132235555467,eqV2 S,OAM
wbm-5-2829,eqV2 S,1.0075529941,-0.009834494750000112,eqV2 S,OAM
wbm-5-2847,eqV2 S,1.0062927526,-0.008463978101249835,eqV2 S,OAM
wbm-5-3057,eqV2 S,1.0004272498,-0.0009042255078124395,eqV2 S,OAM
wbm-5-3160,eqV2 S,0.9859776982,0.0047677248374998985,eqV2 S,OAM
wbm-5-3442,eqV2 S,1.0049654160000001,-0.0065856608771428325,eqV2 S,OAM
wbm-5-3649,eqV2 S,1.0189095537,-0.012651983771666703,eqV2 S,OAM
wbm-5-4145,eqV2 S,0.9984076509,-0.00039754009500017065,eqV2 S,OAM
wbm-5-4303,eqV2 S,1.0244023365,0.0020041915027777277,eqV2 S,OAM
wbm-5-4413,eqV2 S,1.0141683284,-0.00391918691944425,eqV2 S,OAM
wbm-5-451,eqV2 S,0.9481926364000001,0.01707245378666668,eqV2 S,OAM
wbm-5-4759,eqV2 S,1.0325361414,-0.000781848900000289,eqV2 S,OAM
wbm-5-5360,eqV2 S,1.0138683955,-0.007697837481481411,eqV2 S,OAM
wbm-5-5480,eqV2 S,1.0128807218,-0.01689778277374998,eqV2 S,OAM
wbm-5-5723,eqV2 S,1.0087099775,-0.019470512476666632,eqV2 S,OAM
wbm-5-6005,eqV2 S,1.0093060963,-0.01481201502888878,eqV2 S,OAM
wbm-5-6149,eqV2 S,0.9881799582,0.019164136156250056,eqV2 S,OAM
wbm-5-6668,eqV2 S,0.9992912416,0.006508989417500022,eqV2 S,OAM
wbm-5-6682,eqV2 S,1.029050798,-0.006811051732222417,eqV2 S,OAM
wbm-5-6789,eqV2 S,0.9893363458000001,0.00966044101874992,eqV2 S,OAM
wbm-5-6846,eqV2 S,1.0013395306,-0.012248836433333151,eqV2 S,OAM
wbm-5-695,eqV2 S,0.9971011141,0.012937927615555447,eqV2 S,OAM
wbm-5-722,eqV2 S,1.0030765267,-0.00569101489666666,eqV2 S,OAM
wbm-5-7334,eqV2 S,0.9769483526,0.010251418733333514,eqV2 S,OAM
wbm-5-7532,eqV2 S,1.030991461,-0.0038906791425000085,eqV2 S,OAM
wbm-5-7573,eqV2 S,1.0445352994,-0.010531986432499885,eqV2 S,OAM
wbm-5-760,eqV2 S,0.9990474206000001,0.007520128529999997,eqV2 S,OAM
wbm-5-7725,eqV2 S,1.014525047,-0.0048725045122222045,eqV2 S,OAM
wbm-5-8226,eqV2 S,0.9956506487000001,-0.0012958953311111385,eqV2 S,OAM
wbm-5-8567,eqV2 S,1.0083801585,0.005906952923333443,eqV2 S,OAM
wbm-5-8771,eqV2 S,1.0081193345,-0.011414526802500102,eqV2 S,OAM
wbm-5-9104,eqV2 S,0.9958965981000001,0.014617457974999961,eqV2 S,OAM
wbm-5-9173,eqV2 S,0.9809284049,0.007632029574999954,eqV2 S,OAM
wbm-5-9195,eqV2 S,1.0212909859,0.000290863044999945,eqV2 S,OAM
wbm-5-9807,eqV2 S,0.9904973906000001,-0.007217102880000041,eqV2 S,OAM
wbm-5-9851,eqV2 S,1.0154000904,-0.01089797552321427,eqV2 S,OAM
wbm-1-10040,grace,0.976008198,-0.064589104374,grace,OAM
wbm-1-10104,grace,0.9477971169,-0.003381525334333351,grace,OAM
wbm-1-10131,grace,1.0120810921,0.002356029529666633,grace,OAM
wbm-1-10631,grace,0.8607617516,0.004096948427777747,grace,OAM
wbm-1-10690,grace,0.902683011,-0.015036936131111074,grace,OAM
wbm-1-10748,grace,1.0067946854,0.003721279862222262,grace,OAM
wbm-1-10973,grace,1.0025163218,-0.005565137911666736,grace,OAM
wbm-1-10992,grace,0.9676798096,-0.023186704641666788,grace,OAM
wbm-1-11087,grace,0.9569519847,-0.01847232395555566,grace,OAM
wbm-1-11317,grace,1.0064350069,-0.045151516573611064,grace,OAM
wbm-1-11393,grace,0.9752831094000001,-0.013978343238333461,grace,OAM
wbm-1-11757,grace,0.9909094713000001,0.0026605187199999934,grace,OAM
wbm-1-11840,grace,0.9434413163,-0.012531321531428472,grace,OAM
wbm-1-12258,grace,0.9176174015,-0.04975798210416663,grace,OAM
wbm-1-12348,grace,0.858730887,0.013073409168518528,grace,OAM
wbm-1-12519,grace,0.8491372872,-0.03409384083981487,grace,OAM
wbm-1-12679,grace,0.9783034125000001,-0.010949596152500084,grace,OAM
wbm-1-12695,grace,0.8987137515,0.008584310312500242,grace,OAM
wbm-1-12778,grace,0.9391884920000001,-0.0225244334100001,grace,OAM
wbm-1-12786,grace,0.8385039579,-0.03187004939250002,grace,OAM
wbm-1-13108,grace,0.9593008093000001,-0.03280967670749995,grace,OAM
wbm-1-13152,grace,0.9856486655000001,-0.009281367388749961,grace,OAM
wbm-1-13168,grace,0.9744963437,-0.02852367715199996,grace,OAM
wbm-1-13402,grace,0.9677952453,-0.012377272549999896,grace,OAM
wbm-1-13560,grace,0.9769809391000001,-0.008991496610000026,grace,OAM
wbm-1-13566,grace,0.9670285244000001,-0.006548253029999944,grace,OAM
wbm-1-13665,grace,0.9463160156,-0.020099091779999974,grace,OAM
wbm-1-13928,grace,0.9957065227,-0.005856557200000001,grace,OAM
wbm-1-14142,grace,0.9235873031,-0.01210784619666671,grace,OAM
wbm-1-14347,grace,0.9697630013,-0.011175924827499895,grace,OAM
wbm-1-14351,grace,0.9697876669000001,-0.012085836980000052,grace,OAM
wbm-1-14495,grace,0.9997221138000001,-0.026085431713333454,grace,OAM
wbm-1-14703,grace,0.9573410510000001,-0.00627932120333341,grace,OAM
wbm-1-14724,grace,0.9756989492,0.00026200886166662937,grace,OAM
wbm-1-1523,grace,0.983321455,0.000565178379999866,grace,OAM
wbm-1-15999,grace,0.9450588437,-0.015773122627778018,grace,OAM
wbm-1-16058,grace,1.0004610787,-0.002529240857000019,grace,OAM
wbm-1-16080,grace,0.943424043,-0.010181800282999944,grace,OAM
wbm-1-1660,grace,0.9102476611,-0.00609955868666674,grace,OAM
wbm-1-16938,grace,0.9302886114000001,-0.0031451455166668176,grace,OAM
wbm-1-16983,grace,0.9754570915,-0.036079639808333515,grace,OAM
wbm-1-17062,grace,0.9690250805,0.006639636477777817,grace,OAM
wbm-1-17125,grace,0.9477185168000001,-0.0006720321632651772,grace,OAM
wbm-1-17377,grace,0.9326581227,0.015467720754999876,grace,OAM
wbm-1-1791,grace,0.9891331276,-0.009638374012499984,grace,OAM
wbm-1-1842,grace,1.0211827127,-0.001026067789000038,grace,OAM
wbm-1-19025,grace,0.9703655523,-0.006592560529999947,grace,OAM
wbm-1-19090,grace,1.01968346,-0.012726145569999936,grace,OAM
wbm-1-19173,grace,1.0153373888,-0.01658507476249982,grace,OAM
wbm-1-19684,grace,0.8962578175,-0.030607084236666717,grace,OAM
wbm-1-19969,grace,0.9970087263,0.0024395521312499113,grace,OAM
wbm-1-20187,grace,0.9258119684,-0.04275103802666654,grace,OAM
wbm-1-20692,grace,0.9925117277000001,0.0035691004241667087,grace,OAM
wbm-1-2075,grace,0.9210477930000001,0.0037300753957144445,grace,OAM
wbm-1-21546,grace,0.899986222,-0.016063039074999886,grace,OAM
wbm-1-21647,grace,0.9537223401,-0.0036420582033333203,grace,OAM
wbm-1-21918,grace,0.9455426276000001,-0.005117940704999979,grace,OAM
wbm-1-21974,grace,0.962094588,-0.015613696776666686,grace,OAM
wbm-1-22347,grace,0.9535980310000001,-0.01733992657700007,grace,OAM
wbm-1-22912,grace,0.9592173788,-0.03000633507249999,grace,OAM
wbm-1-23029,grace,0.9465913840000001,-0.012667989111666717,grace,OAM
wbm-1-23533,grace,0.9724231023000001,0.008741096420000241,grace,OAM
wbm-1-23543,grace,0.9568609756,0.01213748043000007,grace,OAM
wbm-1-23636,grace,0.9401798881000001,-0.0031987407024999916,grace,OAM
wbm-1-24053,grace,0.9548110396,0.002958158575000036,grace,OAM
wbm-1-24503,grace,0.9662000456000001,-0.010566268549999914,grace,OAM
wbm-1-24761,grace,0.9597757440000001,-0.006852805834000079,grace,OAM
wbm-1-25075,grace,0.9900600268,-0.0024697804270000746,grace,OAM
wbm-1-25396,grace,1.0018048132,0.0023742417275000706,grace,OAM
wbm-1-2557,grace,0.938009022,-0.018276479689999993,grace,OAM
wbm-1-25665,grace,0.9602067902,-0.0019949666593750415,grace,OAM
wbm-1-25849,grace,0.9707142665,0.000786817627000005,grace,OAM
wbm-1-26263,grace,1.0165259087,-0.001777351462500043,grace,OAM
wbm-1-26543,grace,0.9154545919,0.019819223789999896,grace,OAM
wbm-1-26634,grace,0.9791485706,-0.004308508157500057,grace,OAM
wbm-1-2722,grace,0.9512106485,-0.017026515648,grace,OAM
wbm-1-27220,grace,0.9843124123,-0.002472781264999968,grace,OAM
wbm-1-27502,grace,1.0320675671,-0.006642594035000071,grace,OAM
wbm-1-27566,grace,0.9914972138,-0.004238966464000064,grace,OAM
wbm-1-28132,grace,0.8224146067,-0.08189216361250003,grace,OAM
wbm-1-28162,grace,0.9672552633,-0.004515505285000021,grace,OAM
wbm-1-28291,grace,0.9846633973000001,-0.0165070613828572,grace,OAM
wbm-1-28599,grace,0.9806517231,0.001084751831428475,grace,OAM
wbm-1-29365,grace,0.8687181342,-0.06692854639250001,grace,OAM
wbm-1-29807,grace,1.0075832926,-0.021597571669999916,grace,OAM
wbm-1-30045,grace,0.9511231669,-0.022751345912500064,grace,OAM
wbm-1-30099,grace,0.9295608424,-0.014822069387778136,grace,OAM
wbm-1-30230,grace,0.9698885340000001,-0.00453664229249986,grace,OAM
wbm-1-3078,grace,0.9368857404,-0.005633065317499941,grace,OAM
wbm-1-30964,grace,0.9280131959000001,-0.018891571677000056,grace,OAM
wbm-1-31348,grace,0.839848017,-0.043047883993333536,grace,OAM
wbm-1-31767,grace,1.0258364917,-0.006619190296666251,grace,OAM
wbm-1-31797,grace,0.90721549,-0.018288735472999917,grace,OAM
wbm-1-31867,grace,0.9587704859,-0.023063912044642722,grace,OAM
wbm-1-32076,grace,1.0023810798,-0.02873430086666673,grace,OAM
wbm-1-32536,grace,0.9943227236000001,-0.0008409629050000422,grace,OAM
wbm-1-32556,grace,0.9679296983000001,-0.013381382823000009,grace,OAM
wbm-1-32966,grace,-0.02007923,0.000692973440000344,grace,OAM
wbm-1-33026,grace,0.9781330349,-0.012834336625000109,grace,OAM
wbm-1-33224,grace,0.9895931377,0.009252719744999981,grace,OAM
wbm-1-34381,grace,1.0015506986,-0.009146486739999826,grace,OAM
wbm-1-34429,grace,0.9313747665000001,-0.01856965882166654,grace,OAM
wbm-1-34519,grace,0.958958092,-0.014298941421666692,grace,OAM
wbm-1-34758,grace,0.9675197037000001,-0.011163697138333007,grace,OAM
wbm-1-34857,grace,0.9537655615,0.003753632296249876,grace,OAM
wbm-1-35134,grace,0.9881555048,0.014531668766666722,grace,OAM
wbm-1-3516,grace,0.9102285944,-0.013092839454166831,grace,OAM
wbm-1-3535,grace,0.9226582845,-0.02030699915083337,grace,OAM
wbm-1-35404,grace,0.9752418315,-0.0048828266299999765,grace,OAM
wbm-1-35738,grace,0.9024349330000001,-0.015023619665000076,grace,OAM
wbm-1-36060,grace,0.9540798819,-0.003389950868749869,grace,OAM
wbm-1-36191,grace,1.0072798516,0.0010627495350001403,grace,OAM
wbm-1-36764,grace,0.9559448621000001,-0.006620747981250031,grace,OAM
wbm-1-36839,grace,0.8420691418,-0.03547640898249984,grace,OAM
wbm-1-36941,grace,0.8977313154000001,0.02076244171805561,grace,OAM
wbm-1-37204,grace,0.9607003214000001,0.0014608250041665844,grace,OAM
wbm-1-37361,grace,0.9902450924,-0.004014644157499969,grace,OAM
wbm-1-37528,grace,0.8826932645000001,-0.005504976159166653,grace,OAM
wbm-1-37838,grace,0.9747407020000001,0.005021171383333467,grace,OAM
wbm-1-38418,grace,0.8450597408,-0.023043914923333374,grace,OAM
wbm-1-38520,grace,0.8238718648000001,-0.03297650191333356,grace,OAM
wbm-1-38808,grace,0.9928754902,-0.0010103996358332998,grace,OAM
wbm-1-39089,grace,0.9148233683,-0.011708409562500055,grace,OAM
wbm-1-40024,grace,0.9082299082,-0.09501069492800014,grace,OAM
wbm-1-40484,grace,0.9925789252,0.0055038195133333195,grace,OAM
wbm-1-40953,grace,0.9793905795000001,-0.019903904844999952,grace,OAM
wbm-1-41091,grace,0.9581216113000001,-0.007591048491666777,grace,OAM
wbm-1-41383,grace,0.9314137707000001,-0.015743323344999758,grace,OAM
wbm-1-41389,grace,0.9436154489,-0.01683356796818187,grace,OAM
wbm-1-41515,grace,0.9195441963000001,-0.004753586643333326,grace,OAM
wbm-1-41644,grace,0.9498567412000001,-0.0027038924206347504,grace,OAM
wbm-1-42383,grace,0.9313513218,-0.012397475082999846,grace,OAM
wbm-1-42731,grace,0.9588816296,-0.0217711561022221,grace,OAM
wbm-1-43066,grace,0.9828933715,0.0008536769099998528,grace,OAM
wbm-1-43649,grace,0.9761320391,0.012494112136666876,grace,OAM
wbm-1-43796,grace,0.9723210378,-0.017226507586666526,grace,OAM
wbm-1-44126,grace,0.9870520553000001,-0.01227087588499998,grace,OAM
wbm-1-44340,grace,0.9816068885,-0.003183855389999953,grace,OAM
wbm-1-44478,grace,0.9199939524,0.04220665807111115,grace,OAM
wbm-1-44580,grace,0.9819042773000001,-0.01354724444874984,grace,OAM
wbm-1-44656,grace,0.9294376352,-0.040620920811666635,grace,OAM
wbm-1-45122,grace,0.9827879539000001,-0.016406667893999936,grace,OAM
wbm-1-45422,grace,0.8536346442,-0.01695863029888866,grace,OAM
wbm-1-45595,grace,0.8938057874,-0.03346492660333323,grace,OAM
wbm-1-45824,grace,0.9419297234,-0.020919402084999917,grace,OAM
wbm-1-45844,grace,0.8935545058000001,-0.02301597614047635,grace,OAM
wbm-1-45939,grace,0.8611959782,-0.004958373868333273,grace,OAM
wbm-1-45958,grace,0.9904072847000001,-0.006952520173333335,grace,OAM
wbm-1-46061,grace,0.9336873594,-0.023171468083333008,grace,OAM
wbm-1-46063,grace,0.9705064666000001,-0.03069704113000012,grace,OAM
wbm-1-462,grace,0.9788458836,-0.014175852070000116,grace,OAM
wbm-1-46216,grace,0.8854639337,-0.010850689709166694,grace,OAM
wbm-1-4644,grace,0.9428621708,0.0017871786636365268,grace,OAM
wbm-1-46479,grace,0.9301209802,-0.02367599060166666,grace,OAM
wbm-1-46897,grace,0.9519501812000001,-0.020513141150000063,grace,OAM
wbm-1-47256,grace,0.9763988001,0.0058882865999999815,grace,OAM
wbm-1-47271,grace,0.9968693583,0.01112144868749998,grace,OAM
wbm-1-47332,grace,0.9805506286000001,-0.012346113232499989,grace,OAM
wbm-1-47390,grace,1.0357434273,0.00038833347250003534,grace,OAM
wbm-1-4748,grace,0.9466919568000001,-0.021551916178000424,grace,OAM
wbm-1-47680,grace,0.9498181207,-0.016378734441000093,grace,OAM
wbm-1-48045,grace,0.9616079334000001,-0.006424175237499963,grace,OAM
wbm-1-48387,grace,0.9029349286,-0.013622373086250139,grace,OAM
wbm-1-48516,grace,0.8823364238,-0.014317810425000044,grace,OAM
wbm-1-48844,grace,0.9726835969000001,-0.0012010481975001318,grace,OAM
wbm-1-48894,grace,0.8831142346,0.006486725348888929,grace,OAM
wbm-1-48917,grace,0.9832978078000001,-0.005624544742500026,grace,OAM
wbm-1-48956,grace,0.9970747212000001,-0.004035789270000034,grace,OAM
wbm-1-4923,grace,0.7065258893,-0.07528769053000017,grace,OAM
wbm-1-4926,grace,0.9505255818,-0.00544107627999999,grace,OAM
wbm-1-49882,grace,0.9726843165000001,-0.0121166532083333,grace,OAM
wbm-1-50042,grace,0.9700524799,0.006157694416666793,grace,OAM
wbm-1-5045,grace,1.1227277763,-0.25660665736666693,grace,OAM
wbm-1-50475,grace,1.0125951629,0.00217113758,grace,OAM
wbm-1-5112,grace,0.9744749667,-0.008841566422999705,grace,OAM
wbm-1-51210,grace,0.9502302094,-0.011701194357499833,grace,OAM
wbm-1-51562,grace,0.8435532173,-0.010798768390000112,grace,OAM
wbm-1-51828,grace,0.9048706612,-0.0036011214474999777,grace,OAM
wbm-1-51920,grace,0.9589376819000001,-0.00823146809583329,grace,OAM
wbm-1-52323,grace,0.9699433599,-0.003320292766000001,grace,OAM
wbm-1-5320,grace,0.9693154254,-0.01038753585250009,grace,OAM
wbm-1-54021,grace,0.9551322216,-0.02295319230400011,grace,OAM
wbm-1-54211,grace,0.9692558268,0.01156346336199995,grace,OAM
wbm-1-54223,grace,0.9982768350000001,0.00046632640200023446,grace,OAM
wbm-1-54845,grace,0.9467447268,0.01074946447000004,grace,OAM
wbm-1-55055,grace,0.8617265904,-0.05824414788392802,grace,OAM
wbm-1-55621,grace,0.9769302941,-0.002854370506666844,grace,OAM
wbm-1-55626,grace,0.9063534550000001,-0.014492104723333553,grace,OAM
wbm-1-55839,grace,0.8267552857,0.008321580927777855,grace,OAM
wbm-1-56095,grace,0.9658767944000001,-0.00456521355333308,grace,OAM
wbm-1-56442,grace,0.9658344157000001,-0.013758209446249925,grace,OAM
wbm-1-56596,grace,0.9607891736,-0.014944983982222246,grace,OAM
wbm-1-56597,grace,0.9596889969,-0.010981357427000038,grace,OAM
wbm-1-5673,grace,0.9672878587,-0.0030803068800000057,grace,OAM
wbm-1-5686,grace,0.880082299,-0.045350872531999896,grace,OAM
wbm-1-57622,grace,0.9764942226000001,-0.010422050592499942,grace,OAM
wbm-1-58300,grace,0.9180239745000001,-0.004951368823958635,grace,OAM
wbm-1-58411,grace,0.8764716922,-0.008186699491666734,grace,OAM
wbm-1-58431,grace,0.9348085514000001,-0.014669711103333385,grace,OAM
wbm-1-5891,grace,0.9601817147,0.0016675397020837757,grace,OAM
wbm-1-59108,grace,0.9013947802000001,-0.05782387088999998,grace,OAM
wbm-1-59510,grace,0.9292694593,-0.024660493811250107,grace,OAM
wbm-1-59715,grace,0.9932280393,0.00426426270500011,grace,OAM
wbm-1-59754,grace,0.9732355067,-0.0018076991979999947,grace,OAM
wbm-1-59925,grace,0.9385424571000001,-0.021348792943333448,grace,OAM
wbm-1-60339,grace,0.9751305438000001,-0.007011396047500007,grace,OAM
wbm-1-60437,grace,0.9808432893000001,-0.0013610487987499643,grace,OAM
wbm-1-60536,grace,0.9486679608,-0.009404027778571368,grace,OAM
wbm-1-61353,grace,0.9790351424,-0.0205484751375,grace,OAM
wbm-1-61447,grace,0.9259480936000001,-0.009517482668333225,grace,OAM
wbm-1-61492,grace,0.8985240210000001,-0.0068133242900001,grace,OAM
wbm-1-61567,grace,0.9230441074,-0.004827089840000021,grace,OAM
wbm-1-6677,grace,0.9452106840000001,-0.015559294012499928,grace,OAM
wbm-1-6831,grace,1.001538695,0.014214085765454661,grace,OAM
wbm-1-6877,grace,0.9194271798,-0.03707991271750011,grace,OAM
wbm-1-7173,grace,0.9084134762,-0.021899838221999916,grace,OAM
wbm-1-7275,grace,0.936809238,-0.015871048224999917,grace,OAM
wbm-1-7410,grace,0.9215902220000001,-0.02936093307333323,grace,OAM
wbm-1-8359,grace,1.0025473905,-0.007735544410000017,grace,OAM
wbm-1-8367,grace,1.0087651668,-0.014274686400000056,grace,OAM
wbm-1-9075,grace,0.9742074781000001,-0.008914217921666771,grace,OAM
wbm-1-9196,grace,1.014230123,-0.0035532595399999866,grace,OAM
wbm-1-9201,grace,0.9542235853000001,-0.005687924062500116,grace,OAM
wbm-1-987,grace,0.9364235049,-0.01335075009999999,grace,OAM
wbm-1-9927,grace,0.9939724758,0.0002482692989999791,grace,OAM
wbm-2-10245,grace,0.9846899965,0.00020812122800005993,grace,OAM
wbm-2-10499,grace,0.9303848421,-0.01951522598444448,grace,OAM
wbm-2-10810,grace,0.9439641157,-0.03958455524000005,grace,OAM
wbm-2-10923,grace,0.9666009809,-0.025459205420833204,grace,OAM
wbm-2-11068,grace,0.9552198658000001,-0.009111412525999967,grace,OAM
wbm-2-11084,grace,0.9863591948,-0.012984626090999924,grace,OAM
wbm-2-11128,grace,0.9522846029,-0.006627740673999867,grace,OAM
wbm-2-11212,grace,0.9345539860000001,-0.01006971572727273,grace,OAM
wbm-2-11382,grace,0.9713245322,0.0024871853107142562,grace,OAM
wbm-2-1151,grace,0.963666651,-0.014225635129166747,grace,OAM
wbm-2-11618,grace,0.950970124,-0.020404941351111025,grace,OAM
wbm-2-11694,grace,0.9526307162000001,-0.010284839143750179,grace,OAM
wbm-2-11991,grace,0.9800138889000001,-0.010978046964999955,grace,OAM
wbm-2-12110,grace,0.9441859113000001,-0.01769099671333336,grace,OAM
wbm-2-1217,grace,0.9420482563,0.002593972171666792,grace,OAM
wbm-2-12245,grace,0.9130422136,-0.015543637880000146,grace,OAM
wbm-2-12407,grace,0.7512630081,-0.039441524347500055,grace,OAM
wbm-2-12899,grace,1.0022439198,-0.005710455926666716,grace,OAM
wbm-2-13207,grace,0.9551424645000001,-0.01752784297166675,grace,OAM
wbm-2-13474,grace,0.9892532476,-0.00985889894500005,grace,OAM
wbm-2-13628,grace,0.9686140272,-0.02698020558166672,grace,OAM
wbm-2-13632,grace,1.0344155507,-0.023418885628333302,grace,OAM
wbm-2-13798,grace,1.0115139528,0.009921446653333277,grace,OAM
wbm-2-13799,grace,0.956654686,-0.02356461933124976,grace,OAM
wbm-2-13911,grace,0.9695885593,-0.00430476124250001,grace,OAM
wbm-2-14116,grace,0.9744053248000001,-0.0040195855708332695,grace,OAM
wbm-2-14733,grace,0.983252094,-0.006330256505000076,grace,OAM
wbm-2-14949,grace,0.9728276567,-0.01009881714833334,grace,OAM
wbm-2-14980,grace,1.0071498256,-0.010944725685000023,grace,OAM
wbm-2-15047,grace,1.068555367,0.027201922369999833,grace,OAM
wbm-2-15398,grace,0.9378362902,-0.0035103177137500554,grace,OAM
wbm-2-15816,grace,0.9941861866,-0.00048774702700015387,grace,OAM
wbm-2-15882,grace,0.9758918231,0.009705313796875115,grace,OAM
wbm-2-16299,grace,0.9972377377,-0.010333205189999983,grace,OAM
wbm-2-16983,grace,0.9303093351,-0.021316531947999807,grace,OAM
wbm-2-17344,grace,0.9615014425,0.011280758365000133,grace,OAM
wbm-2-1787,grace,0.8976582194,-0.0002386799299999203,grace,OAM
wbm-2-19108,grace,0.9655084468,-0.014865755291666715,grace,OAM
wbm-2-19313,grace,0.9500290717000001,-0.007586199594444468,grace,OAM
wbm-2-20028,grace,0.9343231979000001,-0.34349431397333396,grace,OAM
wbm-2-20166,grace,0.9756099557000001,-0.006109466210000134,grace,OAM
wbm-2-20256,grace,0.9939580764,-0.027420207346363735,grace,OAM
wbm-2-20265,grace,1.0337270914,0.011526338744444435,grace,OAM
wbm-2-20392,grace,0.9841091340000001,0.0027823362625001733,grace,OAM
wbm-2-20448,grace,0.9590891480000001,0.0014536062062500577,grace,OAM
wbm-2-20797,grace,0.9909601256,0.01984817538500003,grace,OAM
wbm-2-21074,grace,0.9720169026000001,-0.0007461994000001226,grace,OAM
wbm-2-21198,grace,0.9570928268000001,-0.027739153883333322,grace,OAM
wbm-2-21508,grace,0.9616440085,-0.02932758417000003,grace,OAM
wbm-2-21597,grace,0.9629024251,-0.00953556396899998,grace,OAM
wbm-2-21693,grace,0.9699942798000001,-0.018030570200833294,grace,OAM
wbm-2-21990,grace,0.9428675735000001,-0.048796910285000016,grace,OAM
wbm-2-22192,grace,0.9972206827000001,-0.01806386914750009,grace,OAM
wbm-2-2223,grace,0.9646357024000001,-0.008348049421666797,grace,OAM
wbm-2-22928,grace,0.9210913620000001,0.011264540044642881,grace,OAM
wbm-2-22992,grace,0.9668266670000001,0.006941820725000185,grace,OAM
wbm-2-2316,grace,0.9926686628,-0.006048671700833334,grace,OAM
wbm-2-23452,grace,1.0184366203,-0.0017957151700000117,grace,OAM
wbm-2-23794,grace,0.9705256008,-0.013278136140000132,grace,OAM
wbm-2-23880,grace,0.9344362573,-0.019626936437499954,grace,OAM
wbm-2-23973,grace,0.9974301415000001,0.0025436817508332154,grace,OAM
wbm-2-24003,grace,0.995984627,-0.005874945717142767,grace,OAM
wbm-2-24061,grace,0.9545381089,-0.00890987092250004,grace,OAM
wbm-2-24501,grace,1.013479731,-0.002956242457999956,grace,OAM
wbm-2-24549,grace,1.0269242697,-0.014065992527499915,grace,OAM
wbm-2-24887,grace,0.9446299918000001,-0.002898323274999992,grace,OAM
wbm-2-25039,grace,0.9869152702,-0.004057618990000019,grace,OAM
wbm-2-25087,grace,0.9851721184000001,-0.03167567691749999,grace,OAM
wbm-2-25091,grace,0.8902668044000001,-0.025575804680000046,grace,OAM
wbm-2-25182,grace,0.9796551307,-0.01709717791250003,grace,OAM
wbm-2-25748,grace,0.9879975414000001,-0.01615902113299981,grace,OAM
wbm-2-25883,grace,0.9588143489000001,-0.018018998860000003,grace,OAM
wbm-2-26027,grace,0.9201673877000001,0.01449010783000002,grace,OAM
wbm-2-26175,grace,0.9558865137,-0.018076020432500027,grace,OAM
wbm-2-26205,grace,0.9997835649000001,0.03330844977000034,grace,OAM
wbm-2-26262,grace,0.9603426663,-0.003658899562962876,grace,OAM
wbm-2-26500,grace,1.0123234439,-0.02930539622500028,grace,OAM
wbm-2-26676,grace,0.9893751627,-0.004234787422000039,grace,OAM
wbm-2-2669,grace,0.9904152396,0.0014983007999998953,grace,OAM
wbm-2-27233,grace,1.0244238644,-0.032125624796666585,grace,OAM
wbm-2-27460,grace,0.9376264223,-0.025746428578181803,grace,OAM
wbm-2-27581,grace,0.9150163751,-0.018489378624999966,grace,OAM
wbm-2-27803,grace,0.961247143,-0.0027780270888888322,grace,OAM
wbm-2-27955,grace,0.9763051774,-0.01940123291249998,grace,OAM
wbm-2-28151,grace,0.9258046104000001,-0.010575628759999756,grace,OAM
wbm-2-28311,grace,0.9778673374,-0.014607396638888723,grace,OAM
wbm-2-28628,grace,0.9308507962,-0.0009353521690000832,grace,OAM
wbm-2-28666,grace,0.9020381233,-0.032504212266000254,grace,OAM
wbm-2-29064,grace,0.9200871526000001,-0.03105658910599985,grace,OAM
wbm-2-29551,grace,0.9297763119,0.013081464846666791,grace,OAM
wbm-2-29590,grace,0.9290746078000001,-0.062342299527500165,grace,OAM
wbm-2-2973,grace,0.9481191694000001,-0.002199836160000057,grace,OAM
wbm-2-30232,grace,1.0011530395,0.005305170564999994,grace,OAM
wbm-2-30753,grace,1.0387448018,0.02082304718000003,grace,OAM
wbm-2-31075,grace,1.0152789111,0.0033376194400000616,grace,OAM
wbm-2-31128,grace,0.8629133449,0.015021944613333775,grace,OAM
wbm-2-31420,grace,0.9677390403,-0.0160536157833335,grace,OAM
wbm-2-31514,grace,0.9533464066,-0.0005694563637500316,grace,OAM
wbm-2-31515,grace,0.9476424026,-0.0014059393988888917,grace,OAM
wbm-2-31561,grace,0.9906848084000001,-0.013786650091428296,grace,OAM
wbm-2-31795,grace,0.9560005527000001,-0.006191028978333553,grace,OAM
wbm-2-32099,grace,0.9858099363,-0.006796305283333363,grace,OAM
wbm-2-32354,grace,0.9955743249000001,-0.0034116718349999076,grace,OAM
wbm-2-32386,grace,0.9709935265,-0.0011669267449998522,grace,OAM
wbm-2-32777,grace,0.9469499344000001,-0.01214163752666663,grace,OAM
wbm-2-32910,grace,0.9926064153,-0.007990866190000171,grace,OAM
wbm-2-33373,grace,0.954566078,-0.0018611945099999377,grace,OAM
wbm-2-33421,grace,0.9481809739,-0.0014117559339999984,grace,OAM
wbm-2-34088,grace,0.9585099675000001,0.004660149495999946,grace,OAM
wbm-2-3424,grace,0.9708041977,-0.019021598355000082,grace,OAM
wbm-2-34474,grace,0.9957397179,-0.007862884962499895,grace,OAM
wbm-2-34818,grace,0.8738841355,9.556797666678089e-05,grace,OAM
wbm-2-34985,grace,0.8270234108000001,-0.015513230545833423,grace,OAM
wbm-2-35177,grace,0.9430352711000001,-0.010687318434848346,grace,OAM
wbm-2-35202,grace,0.893938215,-0.024922578209090794,grace,OAM
wbm-2-35598,grace,0.8937435401,-0.04730757142499996,grace,OAM
wbm-2-35958,grace,0.9249476797,-0.00902758292200005,grace,OAM
wbm-2-36105,grace,0.9427325394,-0.008801793607999927,grace,OAM
wbm-2-36320,grace,0.9546247886,-0.021300293434545252,grace,OAM
wbm-2-36499,grace,0.9573627651000001,-0.013703088199999835,grace,OAM
wbm-2-36606,grace,0.9803697570000001,0.005536015870833566,grace,OAM
wbm-2-37493,grace,0.9521029594,-0.028458981353333357,grace,OAM
wbm-2-37746,grace,0.7995897907,0.02753396185299991,grace,OAM
wbm-2-38,grace,1.0258782514,-0.21345445148333356,grace,OAM
wbm-2-38123,grace,0.9747665722000001,-0.0242778108122222,grace,OAM
wbm-2-38626,grace,0.9906103414,-0.02516716621599997,grace,OAM
wbm-2-38768,grace,0.9370548246,-0.01650306704333353,grace,OAM
wbm-2-38824,grace,0.9909003469000001,-0.010637996280000075,grace,OAM
wbm-2-39093,grace,0.9088075332000001,-0.009110973325833644,grace,OAM
wbm-2-39277,grace,0.9481003829,-0.02257425165277777,grace,OAM
wbm-2-39858,grace,0.9326724894,-0.017385648583333396,grace,OAM
wbm-2-3987,grace,0.9805862761,-0.01891337961800005,grace,OAM
wbm-2-40383,grace,0.9659419522,-0.018499566208000078,grace,OAM
wbm-2-40651,grace,0.95730918,-0.008558666508571377,grace,OAM
wbm-2-40707,grace,0.9458939369,-0.0016211221089999128,grace,OAM
wbm-2-4091,grace,0.8942462866,0.0028753605499999206,grace,OAM
wbm-2-40954,grace,0.9683118508,-0.004790831638749893,grace,OAM
wbm-2-41053,grace,0.9388004205,-0.01214150491249999,grace,OAM
wbm-2-4187,grace,0.8738970417,-0.027804840882143064,grace,OAM
wbm-2-42127,grace,1.0036210941,-0.0197076921449999,grace,OAM
wbm-2-42209,grace,0.969634345,-0.01125467589250002,grace,OAM
wbm-2-42382,grace,0.9944833534,-0.000882456957499933,grace,OAM
wbm-2-44123,grace,0.9928686182,-0.020258731316666632,grace,OAM
wbm-2-44195,grace,0.9813236185,0.0016960104366668578,grace,OAM
wbm-2-44473,grace,0.9600407449,-0.0027057956212498623,grace,OAM
wbm-2-44832,grace,0.9736794659,-0.0032690121250000814,grace,OAM
wbm-2-44888,grace,0.984713567,-0.003502443350833436,grace,OAM
wbm-2-45158,grace,0.9552154714000001,-0.01749746630499991,grace,OAM
wbm-2-45183,grace,0.9732237188,-0.011632887083333543,grace,OAM
wbm-2-45365,grace,1.0173961574,-0.0017322464388886713,grace,OAM
wbm-2-45585,grace,0.9451463785,-0.005534429600000124,grace,OAM
wbm-2-45645,grace,0.9478247850000001,-0.0055019464557141415,grace,OAM
wbm-2-45772,grace,0.9406334076,-0.012924371922000261,grace,OAM
wbm-2-45812,grace,0.9297213302,-0.011370593651249993,grace,OAM
wbm-2-46026,grace,0.9646329410000001,-0.010431177712000092,grace,OAM
wbm-2-46362,grace,0.9453874192,0.005323256937272706,grace,OAM
wbm-2-46431,grace,0.9605947903000001,-0.027106811249999797,grace,OAM
wbm-2-46663,grace,0.9387736313,-0.018384030786363584,grace,OAM
wbm-2-46903,grace,0.9744688469,-0.0010990985099999999,grace,OAM
wbm-2-46975,grace,0.9281615998,-0.00604383166999991,grace,OAM
wbm-2-4763,grace,0.9724766529000001,-0.016252192638889242,grace,OAM
wbm-2-47914,grace,1.0180503974,-0.018705478814583582,grace,OAM
wbm-2-48685,grace,0.9856878366,-0.012588441004166858,grace,OAM
wbm-2-48699,grace,0.9528797259,-0.01143159259400001,grace,OAM
wbm-2-49019,grace,1.0110542598,-0.02827140494249991,grace,OAM
wbm-2-49081,grace,0.962531443,-0.00796343305166687,grace,OAM
wbm-2-49233,grace,0.9842552579,-0.01132178210000004,grace,OAM
wbm-2-49340,grace,0.9972309485,-0.021060618417500086,grace,OAM
wbm-2-49384,grace,0.9576557148,-0.010313639520000055,grace,OAM
wbm-2-49468,grace,0.9529476716,-0.011601314858749889,grace,OAM
wbm-2-50279,grace,0.9637963175,-0.02546100975083322,grace,OAM
wbm-2-50333,grace,0.9525276570000001,0.005845965543333283,grace,OAM
wbm-2-50495,grace,0.89878901,0.013850455593333304,grace,OAM
wbm-2-50655,grace,0.9415577970000001,-0.027407075545714372,grace,OAM
wbm-2-51174,grace,0.9725286899000001,0.00023598461999989854,grace,OAM
wbm-2-5119,grace,0.9889622138,-0.03710827786090931,grace,OAM
wbm-2-51568,grace,1.0007807014,-0.005369916818518148,grace,OAM
wbm-2-51816,grace,1.0144578779,-0.024610613152500082,grace,OAM
wbm-2-51830,grace,0.9012472416,-0.02161828066388871,grace,OAM
wbm-2-51886,grace,0.9724487973,-0.01266551748333331,grace,OAM
wbm-2-5191,grace,0.8874437162000001,-0.04001628699000009,grace,OAM
wbm-2-52052,grace,0.964653983,0.006003222682499887,grace,OAM
wbm-2-52350,grace,0.974303542,-0.0009692939491666645,grace,OAM
wbm-2-52424,grace,0.9981042066,-0.007972588202499997,grace,OAM
wbm-2-5247,grace,0.9769880105000001,-0.004294409465999962,grace,OAM
wbm-2-52502,grace,0.9802670459,-0.0033259523274999925,grace,OAM
wbm-2-52632,grace,0.8948735608,-0.019451175024444625,grace,OAM
wbm-2-5290,grace,0.9206991546000001,-0.04314249977199999,grace,OAM
wbm-2-5804,grace,0.983598112,-0.012222255866666741,grace,OAM
wbm-2-6062,grace,0.9529607309,-0.005295482634166741,grace,OAM
wbm-2-6092,grace,0.9194579814,-0.027774542999999832,grace,OAM
wbm-2-6110,grace,0.9036313139000001,0.00174895408000026,grace,OAM
wbm-2-6329,grace,0.9653132854,-0.03992498446374988,grace,OAM
wbm-2-6620,grace,0.9707949658,-0.025134559700000003,grace,OAM
wbm-2-6627,grace,0.9639371811,0.004693491510000029,grace,OAM
wbm-2-6892,grace,0.9517266993000001,-0.01706002388999998,grace,OAM
wbm-2-6906,grace,0.9577674702000001,0.02232826229555545,grace,OAM
wbm-2-6947,grace,0.9715971423,-0.03249924813599996,grace,OAM
wbm-2-7202,grace,0.9744960109,-0.06299727579363629,grace,OAM
wbm-2-7809,grace,0.9938541153,-0.0031114354280000357,grace,OAM
wbm-2-828,grace,0.9579222378000001,-0.007043467801250003,grace,OAM
wbm-2-9248,grace,0.9897884619,-0.0025533177074999356,grace,OAM
wbm-2-9267,grace,0.9607563183000001,-0.006990840233750006,grace,OAM
wbm-2-9731,grace,0.9781148087,-0.01397919788899996,grace,OAM
wbm-3-10689,grace,0.9368583588,-0.09612245924909088,grace,OAM
wbm-3-11165,grace,0.9909140993000001,-0.022023262565625035,grace,OAM
wbm-3-11718,grace,0.9643624004,-0.004813605578571359,grace,OAM
wbm-3-12323,grace,0.9539738252000001,-0.01913443255200015,grace,OAM
wbm-3-12716,grace,0.9924570167000001,-0.03419926118666668,grace,OAM
wbm-3-12746,grace,0.9944238247,-0.012372409610000034,grace,OAM
wbm-3-12774,grace,0.9547400784000001,-0.012359287749999979,grace,OAM
wbm-3-12889,grace,0.9895074859,-0.01699122686499995,grace,OAM
wbm-3-13114,grace,0.9309216786000001,0.006815435516666628,grace,OAM
wbm-3-13317,grace,0.9857540671,-0.012738952965833286,grace,OAM
wbm-3-13400,grace,0.9870693937,-0.008063684468518602,grace,OAM
wbm-3-13486,grace,0.9740596456,-0.016914556423749928,grace,OAM
wbm-3-13949,grace,0.9766592069000001,-0.006342676583750029,grace,OAM
wbm-3-13976,grace,0.9626415299000001,-0.009113210716000105,grace,OAM
wbm-3-14196,grace,0.9748047504,-0.005990989638749955,grace,OAM
wbm-3-14217,grace,0.9763390058,-0.026261991857777722,grace,OAM
wbm-3-1457,grace,0.9368637133000001,-0.019081033820000072,grace,OAM
wbm-3-14648,grace,0.9861824677000001,0.008892523766250049,grace,OAM
wbm-3-148,grace,0.9652218765,-0.00991705342916666,grace,OAM
wbm-3-14897,grace,0.9567576604,-0.01375731271222216,grace,OAM
wbm-3-15167,grace,0.9685504578,-0.016372207914999954,grace,OAM
wbm-3-15223,grace,0.9518050925,-0.019030477487500086,grace,OAM
wbm-3-15280,grace,0.9536665362000001,-0.003880045392000042,grace,OAM
wbm-3-15327,grace,0.8908196995000001,-0.03032966801333323,grace,OAM
wbm-3-1552,grace,0.9534503348000001,0.01052036740925933,grace,OAM
wbm-3-15643,grace,0.9884918317,-0.00913317367299996,grace,OAM
wbm-3-16336,grace,0.9703235238000001,0.011909704959999939,grace,OAM
wbm-3-16734,grace,0.9786430864000001,-0.006034732438571412,grace,OAM
wbm-3-16816,grace,0.9843784251000001,-0.003260726803333351,grace,OAM
wbm-3-1719,grace,0.9201759224,-0.023280738795833294,grace,OAM
wbm-3-17250,grace,0.9450574675000001,-0.010670495056249951,grace,OAM
wbm-3-17617,grace,0.9696120226,-0.010329814200000046,grace,OAM
wbm-3-17661,grace,0.9651671793000001,-0.0031342693155555898,grace,OAM
wbm-3-1822,grace,0.9097356197,0.004903462542222315,grace,OAM
wbm-3-18479,grace,0.9227761512,-0.024368302521111062,grace,OAM
wbm-3-18841,grace,0.9444716643000001,-0.013554041344444535,grace,OAM
wbm-3-19096,grace,0.9044574532,-0.01204967539999981,grace,OAM
wbm-3-19145,grace,0.9192130202000001,-0.006309149675000055,grace,OAM
wbm-3-19453,grace,0.9711793012000001,-0.014178804006666705,grace,OAM
wbm-3-20198,grace,0.9718117310000001,-0.013678744453333102,grace,OAM
wbm-3-20284,grace,0.936890891,-0.001573251526666692,grace,OAM
wbm-3-20301,grace,1.020291228,-0.03338616577777776,grace,OAM
wbm-3-20382,grace,0.9457184615,-0.02631869827666661,grace,OAM
wbm-3-20528,grace,0.9818123004,-0.1890150301733333,grace,OAM
wbm-3-20949,grace,0.943499831,-0.007480257306666734,grace,OAM
wbm-3-21531,grace,0.9883795811,-0.0022112850399998627,grace,OAM
wbm-3-21627,grace,0.9723509512,-0.008508021730000278,grace,OAM
wbm-3-21642,grace,0.9903466660000001,-0.012170641691071436,grace,OAM
wbm-3-22305,grace,0.9400786661,-0.04950699109583331,grace,OAM
wbm-3-22379,grace,0.86212069,-0.0025149610949998904,grace,OAM
wbm-3-2248,grace,0.9711782296,-0.028294481606666724,grace,OAM
wbm-3-22519,grace,0.9021849248,0.0036149373430555995,grace,OAM
wbm-3-22524,grace,0.9890369927,0.0365489825837499,grace,OAM
wbm-3-22718,grace,0.9738671033,0.037083889753125376,grace,OAM
wbm-3-22742,grace,0.9569862766,-0.008781271082500198,grace,OAM
wbm-3-22772,grace,1.0163183975,-0.010796526312499832,grace,OAM
wbm-3-23060,grace,0.9209729612,0.02880215887250017,grace,OAM
wbm-3-23205,grace,0.8688941528,-0.07896442744107146,grace,OAM
wbm-3-23657,grace,0.9838810068,0.011343128770000188,grace,OAM
wbm-3-23961,grace,0.9782051022,-0.005757302491818192,grace,OAM
wbm-3-24482,grace,0.9039829853,0.010834132360000037,grace,OAM
wbm-3-24541,grace,0.9526336987,-0.019381767185185188,grace,OAM
wbm-3-25261,grace,0.9448810454000001,-0.003734621269000229,grace,OAM
wbm-3-25538,grace,1.0360314954,0.012346090818571298,grace,OAM
wbm-3-25577,grace,0.9171610440000001,-0.01706160691285703,grace,OAM
wbm-3-26237,grace,0.9564563747,-0.010276959024444369,grace,OAM
wbm-3-26853,grace,0.9772561339,-0.006639650229166744,grace,OAM
wbm-3-26855,grace,1.0109262059,0.008968478771249799,grace,OAM
wbm-3-27894,grace,0.9246587135000001,-0.013698909750833307,grace,OAM
wbm-3-28259,grace,0.9586458129000001,-0.016189582717500053,grace,OAM
wbm-3-28421,grace,1.0014842184,-0.009384239261428512,grace,OAM
wbm-3-2876,grace,0.9659436690000001,-0.00776430261714296,grace,OAM
wbm-3-29262,grace,0.9531459313,-0.012523975827777888,grace,OAM
wbm-3-29413,grace,0.9809098736,0.003048942485555549,grace,OAM
wbm-3-2947,grace,0.9674462787,-0.012304556448571497,grace,OAM
wbm-3-29478,grace,0.9499968704,-0.018310828577999986,grace,OAM
wbm-3-29820,grace,0.9008980908,-0.020145793486249453,grace,OAM
wbm-3-29926,grace,0.9633227453000001,-0.009245105944000116,grace,OAM
wbm-3-30118,grace,0.9075577033000001,-0.01747640565499978,grace,OAM
wbm-3-30211,grace,0.9170947503,-0.012707283334999745,grace,OAM
wbm-3-30339,grace,0.9477311648000001,-0.02695694947624987,grace,OAM
wbm-3-30439,grace,0.9323097587,-0.011870122743000025,grace,OAM
wbm-3-30449,grace,0.9531539432,-0.010836606755999938,grace,OAM
wbm-3-306,grace,0.9737229161000001,-0.006376320938333417,grace,OAM
wbm-3-31547,grace,0.9637678046,-0.004449853501999925,grace,OAM
wbm-3-32182,grace,0.9958645778,-0.02631437634999969,grace,OAM
wbm-3-32371,grace,1.0055115772,-0.017426390932500032,grace,OAM
wbm-3-3260,grace,0.9910703983,-0.007529807667499888,grace,OAM
wbm-3-32953,grace,0.9567998203,-0.01694790628999995,grace,OAM
wbm-3-33052,grace,0.9680686419000001,-0.014384469112500043,grace,OAM
wbm-3-33057,grace,0.9760016213,-0.017886993582500035,grace,OAM
wbm-3-33496,grace,0.9930955098,-0.008399233503333351,grace,OAM
wbm-3-33667,grace,1.0391234561,-0.01300939507624994,grace,OAM
wbm-3-33669,grace,0.9090640941,-0.013265593558571506,grace,OAM
wbm-3-33766,grace,1.0083216274,0.01721627312500007,grace,OAM
wbm-3-33958,grace,0.9610065873,-0.02026281199400007,grace,OAM
wbm-3-34051,grace,0.9861898294,-0.01867256163571415,grace,OAM
wbm-3-34079,grace,0.9548639554,-0.01533185168142889,grace,OAM
wbm-3-34526,grace,0.9498901951000001,-0.023121838697500036,grace,OAM
wbm-3-34928,grace,0.9774908481000001,0.01973711219583348,grace,OAM
wbm-3-35085,grace,0.9748187031000001,-0.016268762211666756,grace,OAM
wbm-3-35166,grace,0.9944412336,0.0005740239766666772,grace,OAM
wbm-3-35187,grace,0.930731686,0.021216742866000046,grace,OAM
wbm-3-35781,grace,1.0062482407,-0.014677436611666768,grace,OAM
wbm-3-35839,grace,0.9493066184000001,-0.023292118931666706,grace,OAM
wbm-3-36237,grace,0.9705330486,-0.0045010909874999335,grace,OAM
wbm-3-36320,grace,0.9618599502,-0.03342534316375003,grace,OAM
wbm-3-36651,grace,0.9732981218000001,-0.012152955050000002,grace,OAM
wbm-3-36996,grace,1.0472331771,-0.9313283878333335,grace,OAM
wbm-3-37033,grace,1.0093688693,0.003710976742000014,grace,OAM
wbm-3-37063,grace,1.0128626847,0.0028393190925000145,grace,OAM
wbm-3-37150,grace,0.9461749783000001,-0.008927284951666436,grace,OAM
wbm-3-37539,grace,0.9742438509,-0.00511451663199999,grace,OAM
wbm-3-3762,grace,0.8775278545,0.021107625735714258,grace,OAM
wbm-3-37637,grace,0.9161570625000001,-0.0019212767499998526,grace,OAM
wbm-3-37700,grace,0.9529307199,0.00788652500875,grace,OAM
wbm-3-37760,grace,0.9949900815,-0.0035546225611111895,grace,OAM
wbm-3-37854,grace,0.9391550873000001,0.01131110639124997,grace,OAM
wbm-3-38201,grace,0.9676473756,0.011520240806250026,grace,OAM
wbm-3-38304,grace,0.9720686483000001,-0.00989710629999994,grace,OAM
wbm-3-38309,grace,0.9811109049000001,-0.00437086199000001,grace,OAM
wbm-3-38620,grace,0.9025849609000001,-0.026049637197499996,grace,OAM
wbm-3-38776,grace,0.9614902193,-0.01008987092416677,grace,OAM
wbm-3-38878,grace,0.9463461550000001,0.0024634705133334952,grace,OAM
wbm-3-39280,grace,0.972851514,-0.016598402082499897,grace,OAM
wbm-3-40020,grace,0.9673103051,-0.0021191084641665487,grace,OAM
wbm-3-40352,grace,0.9054289417,-0.02808607074799994,grace,OAM
wbm-3-40869,grace,0.8784799192,-0.005848237810000078,grace,OAM
wbm-3-41021,grace,0.8756162951,-0.029469821052777758,grace,OAM
wbm-3-41155,grace,0.9279320702,-0.046277832200000146,grace,OAM
wbm-3-41162,grace,0.9136869058,-0.05681631816785731,grace,OAM
wbm-3-41194,grace,0.9726982945,-0.010379717528333407,grace,OAM
wbm-3-41559,grace,0.9196099647,0.011085589667499996,grace,OAM
wbm-3-41591,grace,0.9022051041,-0.007353508224074151,grace,OAM
wbm-3-4193,grace,0.973271828,-0.0002706241099997619,grace,OAM
wbm-3-42072,grace,0.9324181722,0.0010075775680000731,grace,OAM
wbm-3-42429,grace,0.9609139752,-0.017093934114999952,grace,OAM
wbm-3-42516,grace,1.0040684991,0.010999284357500106,grace,OAM
wbm-3-42538,grace,0.9319769396,-0.008611639415000205,grace,OAM
wbm-3-42640,grace,0.9734457959,-0.010760119015000047,grace,OAM
wbm-3-42658,grace,0.9461206053000001,-0.01788545668000007,grace,OAM
wbm-3-42727,grace,0.9075127145,-0.002202535316666854,grace,OAM
wbm-3-42969,grace,0.8393844651,-0.01984607610333337,grace,OAM
wbm-3-43100,grace,0.9483517952,-0.00667587008444441,grace,OAM
wbm-3-43237,grace,0.9670332906,0.004758126974999932,grace,OAM
wbm-3-43314,grace,0.9241062315,-0.027818537592500192,grace,OAM
wbm-3-43330,grace,0.9368711209,-0.014504288322500258,grace,OAM
wbm-3-43872,grace,0.8845474146000001,-0.038661157330000154,grace,OAM
wbm-3-44030,grace,0.926621054,-0.01459530245399961,grace,OAM
wbm-3-44054,grace,0.9203213267,-0.02541885244199989,grace,OAM
wbm-3-44492,grace,0.9302966610000001,-0.062025452337999665,grace,OAM
wbm-3-44546,grace,0.8657207022000001,-0.054140415575000135,grace,OAM
wbm-3-44704,grace,1.0517226359,-0.044632901450649035,grace,OAM
wbm-3-44894,grace,0.9550265137,-0.008752980733333261,grace,OAM
wbm-3-44975,grace,0.9466405927,-0.017793317829999964,grace,OAM
wbm-3-45183,grace,0.8683023108,-0.01532168250333328,grace,OAM
wbm-3-45466,grace,0.9755872172000001,-0.019912639127999936,grace,OAM
wbm-3-45678,grace,0.956106608,-0.023351228119999946,grace,OAM
wbm-3-45688,grace,0.9138032802,-0.025205154898333266,grace,OAM
wbm-3-45998,grace,0.8779401773000001,-0.013479297719091028,grace,OAM
wbm-3-46394,grace,0.9529797159000001,-0.012017406732222468,grace,OAM
wbm-3-46540,grace,0.9845263317,-0.010640546415000075,grace,OAM
wbm-3-46685,grace,0.9923988092,0.0009281617620000304,grace,OAM
wbm-3-46735,grace,0.946844521,-0.006331991095370197,grace,OAM
wbm-3-47098,grace,1.0330805819,-0.029195186536110935,grace,OAM
wbm-3-47103,grace,0.8047189118,-0.029398373197499696,grace,OAM
wbm-3-47175,grace,0.9159655361000001,-0.017151586316666467,grace,OAM
wbm-3-47241,grace,0.9817759117,-0.025554820440000136,grace,OAM
wbm-3-47298,grace,0.9434241127,-0.013916205797500103,grace,OAM
wbm-3-49919,grace,0.9567559935000001,-0.023025159286666746,grace,OAM
wbm-3-4997,grace,0.9122324872,-0.029233161238333593,grace,OAM
wbm-3-50064,grace,0.9577829940000001,-0.006616700572499923,grace,OAM
wbm-3-50205,grace,0.9532241856,-0.02630079173700011,grace,OAM
wbm-3-50520,grace,0.9597601602,-0.020865463173333272,grace,OAM
wbm-3-50670,grace,0.973415761,-0.012511640153000273,grace,OAM
wbm-3-51459,grace,0.9357885336,-0.01781980417333339,grace,OAM
wbm-3-51587,grace,0.9413504671,-0.006358273364000126,grace,OAM
wbm-3-5184,grace,0.9576527533,-0.01890404326833336,grace,OAM
wbm-3-52355,grace,0.9960459047,-0.004097435141666613,grace,OAM
wbm-3-52431,grace,0.9283693161000001,-0.002729148438750073,grace,OAM
wbm-3-52542,grace,0.9297455374,0.013330108653124858,grace,OAM
wbm-3-52633,grace,0.9839692350000001,-0.01553021235250025,grace,OAM
wbm-3-5266,grace,0.9861226542,-0.004735785703333425,grace,OAM
wbm-3-52816,grace,0.942869547,-0.02684281714909092,grace,OAM
wbm-3-52847,grace,0.975687394,0.00011078552777787664,grace,OAM
wbm-3-53364,grace,0.9423614462000001,-0.029174286083999735,grace,OAM
wbm-3-53557,grace,1.0534511576,-0.11507661035333286,grace,OAM
wbm-3-53750,grace,0.971807375,0.0013609753899999077,grace,OAM
wbm-3-54048,grace,0.9239214076000001,-0.015271585580000108,grace,OAM
wbm-3-54295,grace,0.8874339812,-0.005821048185185137,grace,OAM
wbm-3-54341,grace,0.9374587265000001,-0.01924941616400005,grace,OAM
wbm-3-54781,grace,0.9550023150000001,-0.012799160864999876,grace,OAM
wbm-3-54884,grace,0.9890809802,0.0007621809260000134,grace,OAM
wbm-3-54941,grace,0.901821745,-0.016484521210000054,grace,OAM
wbm-3-54994,grace,0.9561802332,-0.03879805938000018,grace,OAM
wbm-3-5506,grace,0.9375340571,-0.013430331414999941,grace,OAM
wbm-3-55447,grace,0.9216291231,0.0013152280266668173,grace,OAM
wbm-3-55539,grace,0.9700336204000001,-0.01390258303299973,grace,OAM
wbm-3-55627,grace,0.9691616231,-0.02793787798311684,grace,OAM
wbm-3-56074,grace,0.8957373240000001,-0.022098739145454602,grace,OAM
wbm-3-56128,grace,0.9954174215,0.007645118532500088,grace,OAM
wbm-3-56146,grace,0.9711994505,0.0027727803966665003,grace,OAM
wbm-3-56178,grace,0.9765448456,-0.011091037732500019,grace,OAM
wbm-3-56716,grace,1.0022519584,-0.0014852505849998938,grace,OAM
wbm-3-56851,grace,1.0155197965,0.010804006221999955,grace,OAM
wbm-3-56962,grace,1.0417920685,-0.009534715810000146,grace,OAM
wbm-3-57010,grace,0.9822447337,0.017898268415277703,grace,OAM
wbm-3-57180,grace,0.9511819469,-0.01569776932600007,grace,OAM
wbm-3-57785,grace,0.650239203,-0.08809617324583385,grace,OAM
wbm-3-58210,grace,0.9666341230000001,-0.007591163857777753,grace,OAM
wbm-3-58328,grace,0.9508224719,-0.03631081829199985,grace,OAM
wbm-3-58361,grace,0.9646761848000001,-0.026864774277499937,grace,OAM
wbm-3-59267,grace,0.963381923,-0.015007640248888917,grace,OAM
wbm-3-59295,grace,0.8272016639,-0.04060245092000002,grace,OAM
wbm-3-59449,grace,0.935695209,-0.001428635698333262,grace,OAM
wbm-3-59466,grace,0.9933658165,-0.010249941645370289,grace,OAM
wbm-3-595,grace,0.9079385203,-0.017170133792727235,grace,OAM
wbm-3-59933,grace,0.9752736483000001,-0.00861054304833336,grace,OAM
wbm-3-60022,grace,0.9804623585000001,-0.004616892076666683,grace,OAM
wbm-3-60241,grace,0.9745372698,-0.002191719577499951,grace,OAM
wbm-3-603,grace,0.9530833094000001,-0.011594416115555598,grace,OAM
wbm-3-60446,grace,0.9452019006000001,-0.01959886663000003,grace,OAM
wbm-3-61162,grace,0.9890536050000001,-0.02091643636833318,grace,OAM
wbm-3-61232,grace,0.9108738548,-0.017800488485000175,grace,OAM
wbm-3-61906,grace,0.9438066054,-0.01269155266416669,grace,OAM
wbm-3-62045,grace,1.0266054181,-0.32006721377222214,grace,OAM
wbm-3-6216,grace,0.91622127,-0.030623773658750065,grace,OAM
wbm-3-62502,grace,1.0974861919,-0.3226855037214286,grace,OAM
wbm-3-62783,grace,0.9785507291000001,-0.015945478173749982,grace,OAM
wbm-3-62830,grace,0.9312554820000001,-0.03022539380999996,grace,OAM
wbm-3-63055,grace,0.9805503712,-0.022075072569999913,grace,OAM
wbm-3-63253,grace,0.9498101374000001,-0.027758717649999987,grace,OAM
wbm-3-63360,grace,0.9225451960000001,-0.01716294340185198,grace,OAM
wbm-3-63525,grace,0.9086678871,-0.01245647964699998,grace,OAM
wbm-3-64157,grace,0.9911538824,-0.004316969473333466,grace,OAM
wbm-3-64616,grace,0.9559405853,-0.026821247034999905,grace,OAM
wbm-3-65153,grace,0.9255552596000001,-0.014269973692500004,grace,OAM
wbm-3-65435,grace,0.959168656,0.03482272338055579,grace,OAM
wbm-3-65475,grace,0.8952052869,-0.001186260869444548,grace,OAM
wbm-3-65984,grace,0.9281183862,-0.006121802578333242,grace,OAM
wbm-3-66716,grace,0.9794035608,-0.02849218400999991,grace,OAM
wbm-3-6686,grace,0.9632418751,-0.059525996133333335,grace,OAM
wbm-3-66915,grace,0.9664062735000001,-0.02258442628999994,grace,OAM
wbm-3-67124,grace,0.9141259771,-0.03146964793166672,grace,OAM
wbm-3-67497,grace,0.9506407788000001,0.0053958595000001,grace,OAM
wbm-3-67713,grace,0.9857226117000001,-0.014573460145000005,grace,OAM
wbm-3-67920,grace,0.925935562,-0.0017418476058332763,grace,OAM
wbm-3-68136,grace,0.9845280676,-0.03252129124999996,grace,OAM
wbm-3-68514,grace,0.9205476926,-0.026566327098888898,grace,OAM
wbm-3-68711,grace,0.9862942994,-0.03837175486285714,grace,OAM
wbm-3-69146,grace,0.9531887723,-0.015012269180000145,grace,OAM
wbm-3-69202,grace,0.9258608217000001,-0.047379522673749896,grace,OAM
wbm-3-69261,grace,0.9214757574,-0.014545864951428606,grace,OAM
wbm-3-69323,grace,0.9614766328000001,-0.012688878343333284,grace,OAM
wbm-3-69961,grace,0.916528034,-0.010878425290909181,grace,OAM
wbm-3-70170,grace,0.9314802761000001,-0.031700996447272506,grace,OAM
wbm-3-70189,grace,0.9567850248,-0.014113312379091074,grace,OAM
wbm-3-70249,grace,0.9588133181,-0.021200637578181806,grace,OAM
wbm-3-70474,grace,0.9326413139,-0.0020951320666663755,grace,OAM
wbm-3-712,grace,0.9705625124,-0.011049204597499872,grace,OAM
wbm-3-71225,grace,0.9722197021000001,-0.014596351359999957,grace,OAM
wbm-3-71404,grace,0.8920169020000001,0.001802985552500047,grace,OAM
wbm-3-71848,grace,0.9650072850000001,0.00453840783625008,grace,OAM
wbm-3-71989,grace,0.9807381610000001,-0.018879282244000067,grace,OAM
wbm-3-72169,grace,0.9185498039000001,-0.005140864789999889,grace,OAM
wbm-3-72274,grace,0.9728665305,-0.009709000854999861,grace,OAM
wbm-3-73083,grace,1.0155097397,-0.01804614730740763,grace,OAM
wbm-3-73636,grace,1.0036567551,-0.009686361248000068,grace,OAM
wbm-3-73935,grace,1.0001747655,-0.013618273668749969,grace,OAM
wbm-3-75010,grace,0.9736219638,0.0030979044933334404,grace,OAM
wbm-3-75403,grace,0.9212661996,-0.03543330487624985,grace,OAM
wbm-3-75540,grace,0.9660084573000001,-0.03565840699444454,grace,OAM
wbm-3-75956,grace,0.8386922934000001,-0.04330566371481481,grace,OAM
wbm-3-75983,grace,0.9530142993,-0.040746794801666535,grace,OAM
wbm-3-76051,grace,0.9956882031000001,-0.012608092740000031,grace,OAM
wbm-3-76585,grace,0.9633757773,-0.03829040727500003,grace,OAM
wbm-3-76650,grace,0.9475470694,-0.005287986694000004,grace,OAM
wbm-3-76809,grace,1.0082889775,-0.009206572682000137,grace,OAM
wbm-3-76971,grace,0.9727759882,-0.007310139701249829,grace,OAM
wbm-3-7741,grace,0.9684275753,-0.10867738951666646,grace,OAM
wbm-3-77528,grace,0.9817301565000001,-0.00789762685571428,grace,OAM
wbm-3-77731,grace,0.9463909842,-0.0059271291887499356,grace,OAM
wbm-3-78067,grace,0.9741425922,-0.01081793600199987,grace,OAM
wbm-3-78151,grace,0.989664889,-0.015977046104999993,grace,OAM
wbm-3-78206,grace,1.00471318,-0.005052062726666525,grace,OAM
wbm-3-78592,grace,0.9775140865,0.0016221444599999301,grace,OAM
wbm-3-79099,grace,0.9264889439,-0.01997245243833324,grace,OAM
wbm-3-7917,grace,1.0061989283,0.002487097727272798,grace,OAM
wbm-3-8541,grace,0.9182124414,-0.01869229510272729,grace,OAM
wbm-3-8554,grace,0.9427365393,-0.0277517017072725,grace,OAM
wbm-3-9136,grace,0.9574688478000001,-0.008041263380000174,grace,OAM
wbm-3-9227,grace,0.9925070049,-0.03307978115166665,grace,OAM
wbm-3-924,grace,0.9708752468,0.007232790893055372,grace,OAM
wbm-3-9240,grace,0.9344732745000001,-0.010826121856666877,grace,OAM
wbm-3-9643,grace,0.8853557322000001,-0.03397673947250001,grace,OAM
wbm-3-9769,grace,0.9766160324000001,-0.024030500239999954,grace,OAM
wbm-4-10054,grace,0.9764199870000001,-0.006428437684999988,grace,OAM
wbm-4-10294,grace,0.8914764345,-0.01253529228666655,grace,OAM
wbm-4-10665,grace,0.9986323272000001,0.024015004065000057,grace,OAM
wbm-4-10830,grace,0.9268507385,0.02316402620374989,grace,OAM
wbm-4-11797,grace,0.9060943032000001,-0.011560848209999985,grace,OAM
wbm-4-12086,grace,0.947868718,-0.008248196072499782,grace,OAM
wbm-4-12502,grace,0.9338994643,-0.023254232422222285,grace,OAM
wbm-4-12573,grace,0.9967192468,0.007746555944444348,grace,OAM
wbm-4-12645,grace,0.9898051587000001,-0.007955692362499711,grace,OAM
wbm-4-12995,grace,0.9970672121,0.008362918060000054,grace,OAM
wbm-4-13409,grace,0.9709781284000001,-0.01477365301857146,grace,OAM
wbm-4-13566,grace,0.9986982855000001,-0.0004353025087498796,grace,OAM
wbm-4-14124,grace,0.9703267773,0.0006968186900000006,grace,OAM
wbm-4-14376,grace,0.9383682473,-0.0073540881133333695,grace,OAM
wbm-4-14665,grace,0.9860838378000001,0.03337204428249994,grace,OAM
wbm-4-14933,grace,0.9957152952,0.0038470081924999455,grace,OAM
wbm-4-15235,grace,0.9445639863,-0.03701453054500021,grace,OAM
wbm-4-15858,grace,0.9632288261,-0.009787922949166491,grace,OAM
wbm-4-16373,grace,0.9915016921,-0.041854316932499816,grace,OAM
wbm-4-16740,grace,0.9707395591,0.0009575256283332815,grace,OAM
wbm-4-16765,grace,0.9586731722,-0.0016127436724999277,grace,OAM
wbm-4-16869,grace,0.9749748888,-0.016415262708333243,grace,OAM
wbm-4-1702,grace,0.9716024124,0.0020824368833336493,grace,OAM
wbm-4-1741,grace,1.0172976978,-0.05347894149000014,grace,OAM
wbm-4-17711,grace,0.9402467547000001,-0.009900969819999913,grace,OAM
wbm-4-17768,grace,0.9298474365,-0.010281264227500071,grace,OAM
wbm-4-18135,grace,0.9455832068000001,-0.013096018773333168,grace,OAM
wbm-4-18169,grace,0.9405837659,-0.004774538580000077,grace,OAM
wbm-4-18357,grace,1.0104870368,-0.02451662602777773,grace,OAM
wbm-4-18483,grace,0.9905830642000001,0.00237543583099999,grace,OAM
wbm-4-18752,grace,0.9973164968,-0.001494621842499999,grace,OAM
wbm-4-18898,grace,0.9537914975,-0.005138418265000055,grace,OAM
wbm-4-19359,grace,0.9691261360000001,0.007081358688888962,grace,OAM
wbm-4-19479,grace,0.9940410675,-0.016401537518571273,grace,OAM
wbm-4-19743,grace,0.9658619620000001,-0.012568841960000063,grace,OAM
wbm-4-19788,grace,1.011073284,-0.0026559236655554486,grace,OAM
wbm-4-19793,grace,0.9902020948,-0.0008946039210000834,grace,OAM
wbm-4-20225,grace,0.9381977691000001,-0.016483963959999987,grace,OAM
wbm-4-20419,grace,0.957745774,-0.022488117579166675,grace,OAM
wbm-4-20511,grace,0.9682650991,-0.029670416470833533,grace,OAM
wbm-4-2067,grace,0.9773712527,-0.004902809658333259,grace,OAM
wbm-4-20703,grace,0.9341943355000001,-0.04083237754600006,grace,OAM
wbm-4-20837,grace,1.1179384127,-0.07422880246562513,grace,OAM
wbm-4-21132,grace,1.0065780245,0.011615768087499844,grace,OAM
wbm-4-21175,grace,0.9511809343000001,-0.009150250618749745,grace,OAM
wbm-4-21368,grace,0.9546479182000001,0.03821771998666653,grace,OAM
wbm-4-21376,grace,0.9129671681,-0.016143218428333366,grace,OAM
wbm-4-21871,grace,0.9672141740000001,-0.007896239948888942,grace,OAM
wbm-4-21957,grace,0.9058325641,-0.04651518797999987,grace,OAM
wbm-4-22087,grace,0.9255156575000001,0.020913840404000298,grace,OAM
wbm-4-22178,grace,0.9692533975000001,-0.00701397139000008,grace,OAM
wbm-4-22240,grace,0.9293670294,-0.032415695367499976,grace,OAM
wbm-4-22865,grace,0.9850177099,-0.009231275913000018,grace,OAM
wbm-4-23032,grace,1.0008231585,-0.0064563527883332,grace,OAM
wbm-4-23297,grace,0.9564216696000001,-0.012885558909999812,grace,OAM
wbm-4-23326,grace,1.0002777523,-0.012565932481666783,grace,OAM
wbm-4-23428,grace,1.0224377085,0.012981186966666058,grace,OAM
wbm-4-23579,grace,0.9367275091,-0.002401900763333605,grace,OAM
wbm-4-24423,grace,0.9945649268000001,0.0036532950525000273,grace,OAM
wbm-4-24471,grace,0.980358974,0.0012047875191666909,grace,OAM
wbm-4-245,grace,0.9729057355,-0.0060825944512500115,grace,OAM
wbm-4-2486,grace,0.9703244337,-0.002045159995000034,grace,OAM
wbm-4-24976,grace,0.9514841086,0.0061493981257142545,grace,OAM
wbm-4-25275,grace,0.9837035658000001,-0.008314063074999822,grace,OAM
wbm-4-25460,grace,0.9137019242000001,-0.004153130266666831,grace,OAM
wbm-4-2551,grace,0.9975572733,-0.014213420127499798,grace,OAM
wbm-4-25775,grace,0.9600226442,0.013539908134545314,grace,OAM
wbm-4-26367,grace,0.9873958727000001,-0.00929144231500004,grace,OAM
wbm-4-26686,grace,0.877595568,0.0012299852088885487,grace,OAM
wbm-4-26775,grace,0.9871520540000001,0.0018672331711112773,grace,OAM
wbm-4-26883,grace,0.941440382,-0.011246010466999792,grace,OAM
wbm-4-26915,grace,0.8517541021,-0.01363697536222222,grace,OAM
wbm-4-27182,grace,0.9847362025,0.007639451886999922,grace,OAM
wbm-4-27263,grace,0.8469789947,0.00031114432400002555,grace,OAM
wbm-4-27275,grace,0.9443941483,-0.003031303905555502,grace,OAM
wbm-4-27736,grace,0.9475674359,0.013099291248999806,grace,OAM
wbm-4-27942,grace,0.8912259365,-0.08980132748500011,grace,OAM
wbm-4-27954,grace,0.8865352929,-0.02412779991299999,grace,OAM
wbm-4-28454,grace,0.932266409,-0.020721520707999944,grace,OAM
wbm-4-28465,grace,0.9039935725,-0.010537955262000338,grace,OAM
wbm-4-28726,grace,0.8847488996,-0.0368033581849998,grace,OAM
wbm-4-28844,grace,0.9335842835,-0.021987794876000066,grace,OAM
wbm-4-29036,grace,0.9315937257,0.003291297234999968,grace,OAM
wbm-4-29107,grace,0.9395365187,-0.01812796953499998,grace,OAM
wbm-4-29225,grace,0.9195161472000001,-0.0018433282541667022,grace,OAM
wbm-4-29341,grace,0.9911301570000001,0.0005462226599999435,grace,OAM
wbm-4-29856,grace,0.9050739082,-0.01382796845250014,grace,OAM
wbm-4-30094,grace,0.9893745467,-0.01844391253875024,grace,OAM
wbm-4-3031,grace,0.9556130643,-0.009750369095833496,grace,OAM
wbm-4-3082,grace,0.9770245396,-0.011675154990000092,grace,OAM
wbm-4-30986,grace,0.9407275543,0.009904954176000017,grace,OAM
wbm-4-31067,grace,0.9364297116,0.02200573379375026,grace,OAM
wbm-4-31477,grace,0.969057754,-0.00449661404999997,grace,OAM
wbm-4-31779,grace,0.8889491202,0.004749148477500053,grace,OAM
wbm-4-32151,grace,0.9695904644000001,-0.03139068232111121,grace,OAM
wbm-4-3228,grace,0.9449172891000001,-0.009837187630000053,grace,OAM
wbm-4-32502,grace,0.9762341569,-0.003127879099999831,grace,OAM
wbm-4-32615,grace,0.9720745590000001,-0.039263066241666894,grace,OAM
wbm-4-32624,grace,0.9338594953,-0.030854620703750068,grace,OAM
wbm-4-33071,grace,0.9413488503,-0.005888272222222285,grace,OAM
wbm-4-33100,grace,0.9910889595000001,-0.00040805504800019317,grace,OAM
wbm-4-33257,grace,0.9245640937,-0.014373676065999916,grace,OAM
wbm-4-33273,grace,1.0019007583,-0.03645851196851879,grace,OAM
wbm-4-33725,grace,0.9615894530000001,-0.014887436942222285,grace,OAM
wbm-4-33762,grace,0.9660264577000001,-0.01355986684666662,grace,OAM
wbm-4-33836,grace,0.9563788164,0.0019719913249999443,grace,OAM
wbm-4-34209,grace,0.9705684842000001,0.011125668757499962,grace,OAM
wbm-4-34327,grace,0.9834522323,-0.0108090404975,grace,OAM
wbm-4-34644,grace,0.9270005156000001,-0.013185096879999775,grace,OAM
wbm-4-35087,grace,0.9956608147,-0.032747653291111095,grace,OAM
wbm-4-35344,grace,0.9649992472000001,-0.059006457079999984,grace,OAM
wbm-4-35488,grace,0.9726575476,-0.0012027277888891931,grace,OAM
wbm-4-35828,grace,1.0063417433,-0.014569650385000087,grace,OAM
wbm-4-36211,grace,0.9833695115000001,-0.006476664617500072,grace,OAM
wbm-4-36238,grace,0.9782027426000001,-0.008886825087999881,grace,OAM
wbm-4-36284,grace,0.9449019806000001,-0.021714253692499862,grace,OAM
wbm-4-3650,grace,0.8957348301,-0.03545925498833332,grace,OAM
wbm-4-36563,grace,0.9534223862000001,-0.007225459607500007,grace,OAM
wbm-4-36886,grace,0.9825423529,-0.019834033578000072,grace,OAM
wbm-4-38132,grace,0.9313844641000001,-0.01683444851666671,grace,OAM
wbm-4-38261,grace,0.9368636586,-0.04884374194999994,grace,OAM
wbm-4-38287,grace,0.9014175807,-0.035677735375925945,grace,OAM
wbm-4-38623,grace,0.9637926994,-0.017300549880000144,grace,OAM
wbm-4-3874,grace,0.9497634005000001,-0.017932782504000218,grace,OAM
wbm-4-38916,grace,1.0426895018,-0.3365648037916665,grace,OAM
wbm-4-390,grace,0.9564146552,-0.015543318842500042,grace,OAM
wbm-4-39018,grace,0.9693361193000001,-0.007522063970000037,grace,OAM
wbm-4-39340,grace,0.9649650062,-0.010216635015999991,grace,OAM
wbm-4-39520,grace,0.9740380241000001,-0.013460538205555591,grace,OAM
wbm-4-39553,grace,0.9978258161,-0.0026488768018517904,grace,OAM
wbm-4-39788,grace,1.0063373431,-0.003932970428333367,grace,OAM
wbm-4-39799,grace,0.9948963847000001,-0.007021417472500157,grace,OAM
wbm-4-39958,grace,0.9902701273000001,-0.0020969855616664052,grace,OAM
wbm-4-4154,grace,0.9457429175000001,-0.029096025343333307,grace,OAM
wbm-4-419,grace,1.0184211105,-0.0016176339999999455,grace,OAM
wbm-4-4316,grace,0.9293402033,-0.01886568010666648,grace,OAM
wbm-4-4524,grace,0.9694413547,-0.01297127477499993,grace,OAM
wbm-4-4590,grace,0.9758334196,-0.01882890976249995,grace,OAM
wbm-4-4672,grace,0.9940892379,-0.006642571575000034,grace,OAM
wbm-4-5750,grace,0.972053079,-0.015168316386666625,grace,OAM
wbm-4-6051,grace,0.9763109137,-0.01325300194249981,grace,OAM
wbm-4-6066,grace,1.00575129,-0.016329467562499998,grace,OAM
wbm-4-6167,grace,0.9657541860000001,0.00479896123375001,grace,OAM
wbm-4-6225,grace,0.9701722047,-0.017444578147222285,grace,OAM
wbm-4-631,grace,0.9511284887,0.024559162644999955,grace,OAM
wbm-4-6515,grace,0.9543948788000001,-0.005246668371999874,grace,OAM
wbm-4-671,grace,0.9790802900000001,-0.004273219063333281,grace,OAM
wbm-4-6758,grace,0.8542116874000001,0.0083174605516664,grace,OAM
wbm-4-7429,grace,0.9545201305000001,-0.005893324091666941,grace,OAM
wbm-4-7784,grace,0.9634448054,-0.019328004266666532,grace,OAM
wbm-4-7967,grace,1.0110433901,-0.00035300445833355256,grace,OAM
wbm-4-8012,grace,0.9696815703,-0.018594151167499896,grace,OAM
wbm-4-8174,grace,0.945097964,-0.018588821162499988,grace,OAM
wbm-4-8734,grace,1.0018225286,-0.07649889121599969,grace,OAM
wbm-4-9164,grace,0.9205660799000001,0.004558219211999983,grace,OAM
wbm-4-9438,grace,1.0069687853,-0.015143750106666569,grace,OAM
wbm-4-9479,grace,0.962790252,-0.011739313575000071,grace,OAM
wbm-4-9486,grace,0.9621279448000001,0.00031144448250000064,grace,OAM
wbm-4-9845,grace,0.9802278646,-0.010340424561666771,grace,OAM
wbm-5-10161,grace,0.9507088998000001,0.05254080298333324,grace,OAM
wbm-5-10176,grace,0.9450876706,-0.009244711271666617,grace,OAM
wbm-5-10611,grace,0.9935903835000001,-0.012587959247777726,grace,OAM
wbm-5-10798,grace,0.9940826117,-0.0037943053100001124,grace,OAM
wbm-5-10867,grace,0.9614666959,-0.004235062797500078,grace,OAM
wbm-5-10869,grace,0.9846418814000001,-0.010065256272499833,grace,OAM
wbm-5-1132,grace,0.9629157720000001,-0.01053250116875013,grace,OAM
wbm-5-1146,grace,0.9784508473,-0.014557232378571733,grace,OAM
wbm-5-11469,grace,0.9642926827,-0.012796581571666603,grace,OAM
wbm-5-11500,grace,0.9490674603,0.0015681832066665772,grace,OAM
wbm-5-11734,grace,0.9886203041,-0.005055198998749999,grace,OAM
wbm-5-1206,grace,0.956514788,-0.006226854801666744,grace,OAM
wbm-5-12443,grace,0.9457134375,0.003230746582499844,grace,OAM
wbm-5-12452,grace,1.0184510062,0.0014875895724997257,grace,OAM
wbm-5-12772,grace,0.6757848631000001,-0.16084368447142897,grace,OAM
wbm-5-12958,grace,0.9125567115000001,-0.03940889321399993,grace,OAM
wbm-5-12975,grace,0.9463973466000001,-0.020298796162499966,grace,OAM
wbm-5-13145,grace,1.0088102817,-0.01652866281000005,grace,OAM
wbm-5-13166,grace,0.9521209747,-0.009660261478750164,grace,OAM
wbm-5-13349,grace,0.9914505588,-0.03443381837666663,grace,OAM
wbm-5-13801,grace,1.0298712103,-0.022741133873999786,grace,OAM
wbm-5-13950,grace,0.9461554144000001,-0.02041997326249998,grace,OAM
wbm-5-14458,grace,0.9580583473000001,0.0014559855212499695,grace,OAM
wbm-5-14813,grace,0.9528364699,-0.009710107232499965,grace,OAM
wbm-5-15005,grace,0.9901708876,-0.0006826666075000709,grace,OAM
wbm-5-15388,grace,0.9191685341,0.009700341014814767,grace,OAM
wbm-5-15524,grace,0.9222869642,-0.017318404894444542,grace,OAM
wbm-5-16875,grace,0.9721038174000001,0.0014231113300001042,grace,OAM
wbm-5-16887,grace,0.9960749228,-0.012574034925,grace,OAM
wbm-5-17752,grace,1.0056488872,-0.01308172089000017,grace,OAM
wbm-5-17774,grace,1.0252400381,-0.04756381787916686,grace,OAM
wbm-5-1781,grace,0.9791554977,-0.011069170014999985,grace,OAM
wbm-5-18074,grace,0.9217505343,-0.006051903176000053,grace,OAM
wbm-5-18353,grace,0.9661432401000001,-0.005360963954999912,grace,OAM
wbm-5-18394,grace,0.9236042861,-0.015958786137777913,grace,OAM
wbm-5-18629,grace,0.9997626977,-0.005245687434000175,grace,OAM
wbm-5-1864,grace,0.9413503015,-0.026888970148750156,grace,OAM
wbm-5-18736,grace,0.9544861703,-0.026656445417500053,grace,OAM
wbm-5-19472,grace,0.9624712035,-0.013208225533750095,grace,OAM
wbm-5-19507,grace,0.9229193007000001,-0.021338685523750022,grace,OAM
wbm-5-19558,grace,0.9529554586000001,-0.019857286567499965,grace,OAM
wbm-5-20261,grace,0.9483052314,-0.005398471828333248,grace,OAM
wbm-5-20528,grace,0.9626476439,0.00454801425833331,grace,OAM
wbm-5-20727,grace,0.9305264794,0.00941572786666652,grace,OAM
wbm-5-21007,grace,0.9932143188,-0.016786222057777737,grace,OAM
wbm-5-21081,grace,0.9866691639,0.0011480477525000587,grace,OAM
wbm-5-21165,grace,0.9847716053000001,-0.009264610024999875,grace,OAM
wbm-5-21710,grace,0.9555814188,0.008851260550000007,grace,OAM
wbm-5-21754,grace,0.9669668250000001,-0.006320168176666681,grace,OAM
wbm-5-21768,grace,1.0655279209,0.019603560239999672,grace,OAM
wbm-5-21918,grace,0.9630045554000001,0.0013915301799999706,grace,OAM
wbm-5-22235,grace,0.956186635,-0.016545057742222327,grace,OAM
wbm-5-22562,grace,0.9411900971,-0.015651537777500123,grace,OAM
wbm-5-22642,grace,0.9743644841,-0.014357402677083483,grace,OAM
wbm-5-22788,grace,0.9719473199,-0.03732246480499999,grace,OAM
wbm-5-22853,grace,0.9840226056,-0.009437046015555556,grace,OAM
wbm-5-22992,grace,0.9942553461,-0.014517630980555474,grace,OAM
wbm-5-23199,grace,0.9358942679000001,-0.028911417071666532,grace,OAM
wbm-5-2663,grace,0.9626591243,-0.056601777522500105,grace,OAM
wbm-5-2813,grace,0.9363350732,-0.00649068078888896,grace,OAM
wbm-5-2829,grace,0.9755028106,-0.03317784837375024,grace,OAM
wbm-5-2847,grace,0.9504531284000001,-0.05836705783624989,grace,OAM
wbm-5-3057,grace,0.9944302303,0.005230363099999802,grace,OAM
wbm-5-3160,grace,0.9438053378000001,-0.032566361956249956,grace,OAM
wbm-5-3442,grace,0.9612069419,-0.028954701767142817,grace,OAM
wbm-5-3649,grace,0.9613252594,0.010620823535000016,grace,OAM
wbm-5-4145,grace,0.9984806177000001,0.00584038057124987,grace,OAM
wbm-5-4303,grace,0.9308491862,-0.010575595213888967,grace,OAM
wbm-5-4413,grace,0.9187255314,-0.009804193580555558,grace,OAM
wbm-5-451,grace,0.8886380094,0.005922910563333359,grace,OAM
wbm-5-4759,grace,0.9400891128000001,0.02216916285333319,grace,OAM
wbm-5-5360,grace,0.9701313796000001,-0.014087353786419796,grace,OAM
wbm-5-5480,grace,1.0084131098,-0.01262674061374991,grace,OAM
wbm-5-5723,grace,0.9708039614,-0.007357256416666757,grace,OAM
wbm-5-6005,grace,0.9503081512,-0.02169523603333319,grace,OAM
wbm-5-6149,grace,0.9963466941,0.015372901157499896,grace,OAM
wbm-5-6668,grace,0.9877237457,0.006675785048749994,grace,OAM
wbm-5-6682,grace,1.0181955982,-0.03438774856777782,grace,OAM
wbm-5-6789,grace,0.8732983211,0.02355477476999992,grace,OAM
wbm-5-6846,grace,0.9879007081000001,-0.03437481535694441,grace,OAM
wbm-5-695,grace,0.9243499287,0.004353246306666689,grace,OAM
wbm-5-722,grace,0.9292896583,-0.004578574396666508,grace,OAM
wbm-5-7334,grace,0.9556679054,-0.003892156621666487,grace,OAM
wbm-5-7532,grace,0.9865584357,-0.0050068764924999344,grace,OAM
wbm-5-7573,grace,0.9873345760000001,-0.02265079701249979,grace,OAM
wbm-5-760,grace,0.9592519095,-0.0027949898900000705,grace,OAM
wbm-5-7725,grace,0.9740469563,-0.018207079373333337,grace,OAM
wbm-5-8226,grace,0.9512374131,-0.01645777545333331,grace,OAM
wbm-5-8567,grace,0.9782938428000001,-0.019923769107777805,grace,OAM
wbm-5-8771,grace,0.9687742038,-0.03633631963750013,grace,OAM
wbm-5-9104,grace,1.0022086402,0.009258334814285745,grace,OAM
wbm-5-9173,grace,0.9712337591,0.005469715097499783,grace,OAM
wbm-5-9195,grace,0.9842296977,-0.013284316570000065,grace,OAM
wbm-5-9807,grace,0.9347897904,-0.03872807676199998,grace,OAM
wbm-5-9851,grace,0.9080178996,-0.028095070641071702,grace,OAM
wbm-1-10040,eSEN,0.9915672012000001,0.0013806858739999583,eSEN,OAM
wbm-1-10104,eSEN,0.9888325501,0.006244638389666762,eSEN,OAM
wbm-1-10131,eSEN,1.0041963226,0.0044087640776666135,eSEN,OAM
wbm-1-10631,eSEN,0.9985155584000001,0.006083082645555551,eSEN,OAM
wbm-1-10690,eSEN,0.980129427,0.011773123657777794,eSEN,OAM
wbm-1-10748,eSEN,0.9937387729,0.004478669108889003,eSEN,OAM
wbm-1-10973,eSEN,0.9982943147000001,0.0018870582866664877,eSEN,OAM
wbm-1-10992,eSEN,0.9961997605,-0.011365810765740983,eSEN,OAM
wbm-1-11087,eSEN,0.992683932,-0.004310346175000134,eSEN,OAM
wbm-1-11317,eSEN,1.0271042506,-0.04309365194861117,eSEN,OAM
wbm-1-11393,eSEN,0.9970525977,-0.017767385596666685,eSEN,OAM
wbm-1-11757,eSEN,0.9984141718,0.0010949374249999977,eSEN,OAM
wbm-1-11840,eSEN,0.9905975441,-0.007165898899999945,eSEN,OAM
wbm-1-12258,eSEN,0.9967444979000001,-0.004305143462500105,eSEN,OAM
wbm-1-12348,eSEN,0.9881171274,-0.008715327462963161,eSEN,OAM
wbm-1-12519,eSEN,0.9779178265,0.0032459947046294298,eSEN,OAM
wbm-1-12679,eSEN,1.0152628201,0.0024981178362500243,eSEN,OAM
wbm-1-12695,eSEN,1.0109656711,-0.000283231222499758,eSEN,OAM
wbm-1-12778,eSEN,1.0023788834,0.002825317592499843,eSEN,OAM
wbm-1-12786,eSEN,0.9760491785000001,0.01323094270749996,eSEN,OAM
wbm-1-13108,eSEN,0.9994995560000001,-0.00779932756583328,eSEN,OAM
wbm-1-13152,eSEN,1.0014254618,-0.006218690293749951,eSEN,OAM
wbm-1-13168,eSEN,1.0015461609,-0.006474539821999983,eSEN,OAM
wbm-1-13402,eSEN,0.9935650517000001,-0.0078034831012499415,eSEN,OAM
wbm-1-13560,eSEN,1.004697186,-0.007204453343333306,eSEN,OAM
wbm-1-13566,eSEN,0.9996940446,-0.005493315756666561,eSEN,OAM
wbm-1-13665,eSEN,0.9945410678000001,-0.0009898476349999897,eSEN,OAM
wbm-1-13928,eSEN,1.0192617424,-0.0011329715149999587,eSEN,OAM
wbm-1-14142,eSEN,1.0020092369,-0.009625884151666616,eSEN,OAM
wbm-1-14347,eSEN,1.0106154057,-0.004550875260000175,eSEN,OAM
wbm-1-14351,eSEN,1.0074055802,-0.003640418757500008,eSEN,OAM
wbm-1-14495,eSEN,0.9907720385000001,-0.008461237483333436,eSEN,OAM
wbm-1-14703,eSEN,1.0056754138,0.0006915375333332346,eSEN,OAM
wbm-1-14724,eSEN,1.0011722378,0.002523028858333317,eSEN,OAM
wbm-1-1523,eSEN,1.0107608232,-0.002032803105714314,eSEN,OAM
wbm-1-15999,eSEN,0.998434566,0.0005150737083333073,eSEN,OAM
wbm-1-16058,eSEN,1.0051599931,0.002210807507000041,eSEN,OAM
wbm-1-16080,eSEN,0.9965384827,0.006143805492999945,eSEN,OAM
wbm-1-1660,eSEN,0.9926361947000001,0.001013634039166611,eSEN,OAM
wbm-1-16938,eSEN,1.0050648022,0.009369351477777756,eSEN,OAM
wbm-1-16983,eSEN,1.016181907,-0.00414449012500017,eSEN,OAM
wbm-1-17062,eSEN,0.9899732787000001,0.004093594426666572,eSEN,OAM
wbm-1-17125,eSEN,0.9922435803,-0.005234953159183718,eSEN,OAM
wbm-1-17377,eSEN,0.9943404330000001,0.0032044627159999806,eSEN,OAM
wbm-1-1791,eSEN,1.0040396937,-0.005580462073750003,eSEN,OAM
wbm-1-1842,eSEN,0.9931009123000001,0.0014556451139999638,eSEN,OAM
wbm-1-19025,eSEN,1.0188247299,5.241956749992838e-05,eSEN,OAM
wbm-1-19090,eSEN,1.0208802397,-0.010814508902499843,eSEN,OAM
wbm-1-19173,eSEN,1.015106054,-0.011376577109999887,eSEN,OAM
wbm-1-19684,eSEN,0.9922689848,-0.0005669719000000721,eSEN,OAM
wbm-1-19969,eSEN,0.9982348995,0.0017642197699999861,eSEN,OAM
wbm-1-20187,eSEN,0.9861937629,-0.0035006005183331485,eSEN,OAM
wbm-1-20692,eSEN,0.9971066501,0.004277334389166694,eSEN,OAM
wbm-1-2075,eSEN,0.9771978212,0.01161006593142864,eSEN,OAM
wbm-1-21546,eSEN,0.9486437054,0.00020390909499994335,eSEN,OAM
wbm-1-21647,eSEN,0.9746988864,-0.0011635410233333586,eSEN,OAM
wbm-1-21918,eSEN,0.9932692648,0.00021157242250007257,eSEN,OAM
wbm-1-21974,eSEN,0.9977437165,-0.009923477243333423,eSEN,OAM
wbm-1-22347,eSEN,1.0166770255,-0.003957674179999913,eSEN,OAM
wbm-1-22912,eSEN,1.001671539,-0.004099104930000053,eSEN,OAM
wbm-1-23029,eSEN,1.0032913866,-0.004190048741666767,eSEN,OAM
wbm-1-23533,eSEN,0.9932384883,0.013511052517500252,eSEN,OAM
wbm-1-23543,eSEN,1.0172380673,0.0007175786149999919,eSEN,OAM
wbm-1-23636,eSEN,1.0124695741,0.0018233464500000186,eSEN,OAM
wbm-1-24053,eSEN,0.9915234123000001,0.0012520804675001163,eSEN,OAM
wbm-1-24503,eSEN,1.0265510586,-0.005085044622499968,eSEN,OAM
wbm-1-24761,eSEN,0.9988826074,-0.0001816987240000145,eSEN,OAM
wbm-1-25075,eSEN,1.0021511657,0.004501125605999974,eSEN,OAM
wbm-1-25396,eSEN,1.0090743508,-0.0007900982899998965,eSEN,OAM
wbm-1-2557,eSEN,0.986949182,-0.0025453797349999975,eSEN,OAM
wbm-1-25665,eSEN,0.9972154820000001,0.0031725636887498963,eSEN,OAM
wbm-1-25849,eSEN,0.9975366121,0.0014287286689999234,eSEN,OAM
wbm-1-26263,eSEN,1.0029126623,0.0025422154574999745,eSEN,OAM
wbm-1-26543,eSEN,0.9919596074,0.009884423210000114,eSEN,OAM
wbm-1-26634,eSEN,0.9951465325000001,-0.004022167759999995,eSEN,OAM
wbm-1-2722,eSEN,0.9953073681000001,-0.0033968898179999483,eSEN,OAM
wbm-1-27220,eSEN,1.0151511438,1.0425999999785772e-06,eSEN,OAM
wbm-1-27502,eSEN,1.0179175473,-0.012195251732500089,eSEN,OAM
wbm-1-27566,eSEN,0.9861174292,-0.004782819184000075,eSEN,OAM
wbm-1-28132,eSEN,0.9518677253000001,-0.0178905667025,eSEN,OAM
wbm-1-28162,eSEN,1.0418423339,-0.00714692392000007,eSEN,OAM
wbm-1-28291,eSEN,1.0019622929,0.008054939504285789,eSEN,OAM
wbm-1-28599,eSEN,0.9961869679,-0.0018428309857142723,eSEN,OAM
wbm-1-29365,eSEN,0.9540162288,-0.018406052772499848,eSEN,OAM
wbm-1-29807,eSEN,1.0100415221,-0.004998580049999824,eSEN,OAM
wbm-1-30045,eSEN,0.9901189756000001,-0.009302853785833539,eSEN,OAM
wbm-1-30099,eSEN,0.9923077153000001,0.001973250975555314,eSEN,OAM
wbm-1-30230,eSEN,0.9879517242,-0.00029213455374996753,eSEN,OAM
wbm-1-3078,eSEN,0.9924927884,0.00725830413500006,eSEN,OAM
wbm-1-30964,eSEN,1.002743279,-0.004112065711000099,eSEN,OAM
wbm-1-31348,eSEN,1.0212339038,-0.005228827573333521,eSEN,OAM
wbm-1-31767,eSEN,1.0009017695,-0.0029889032183331686,eSEN,OAM
wbm-1-31797,eSEN,0.9844020438000001,-0.0056360740159998104,eSEN,OAM
wbm-1-31867,eSEN,0.9746936558,-0.0052696653749999866,eSEN,OAM
wbm-1-32076,eSEN,1.0120768879,-0.006962231179166611,eSEN,OAM
wbm-1-32536,eSEN,0.9962127887000001,0.0006438429512500843,eSEN,OAM
wbm-1-32556,eSEN,0.9811127065,-0.0019997656270000874,eSEN,OAM
wbm-1-32966,eSEN,-0.5197855852000001,0.007495531670000588,eSEN,OAM
wbm-1-33026,eSEN,1.0258185756,-0.010516218725000304,eSEN,OAM
wbm-1-33224,eSEN,0.9967275983,0.008964606210000003,eSEN,OAM
wbm-1-34381,eSEN,0.9986632653,-0.0016800676075001241,eSEN,OAM
wbm-1-34429,eSEN,0.9954957654000001,-0.009161771598333245,eSEN,OAM
wbm-1-34519,eSEN,1.013973895,-0.007883744125000014,eSEN,OAM
wbm-1-34758,eSEN,0.9984975721,-0.0014649138549999682,eSEN,OAM
wbm-1-34857,eSEN,0.9835574555000001,0.0022389028412498567,eSEN,OAM
wbm-1-35134,eSEN,1.0019139157,-0.0020241233949998736,eSEN,OAM
wbm-1-3516,eSEN,0.9978226177,-0.009662526997500009,eSEN,OAM
wbm-1-3535,eSEN,0.9937652616,0.0011981249383334594,eSEN,OAM
wbm-1-35404,eSEN,1.0010836034,-0.0001768757371429278,eSEN,OAM
wbm-1-35738,eSEN,1.0095996046,-0.0016454817624996566,eSEN,OAM
wbm-1-36060,eSEN,1.0012085156,-0.0013788382199999116,eSEN,OAM
wbm-1-36191,eSEN,1.0286428478,-0.00037545740499993484,eSEN,OAM
wbm-1-36764,eSEN,0.9972531573000001,0.0006061209124998967,eSEN,OAM
wbm-1-36839,eSEN,0.9951144841,-0.001238257044999891,eSEN,OAM
wbm-1-36941,eSEN,0.9889394241,0.025830987727777907,eSEN,OAM
wbm-1-37204,eSEN,0.9792237792,0.009276462146666612,eSEN,OAM
wbm-1-37361,eSEN,0.9983527002,-0.001053089083749903,eSEN,OAM
wbm-1-37528,eSEN,0.9884252595,-0.006320088110833369,eSEN,OAM
wbm-1-37838,eSEN,1.0018947059,0.0006361099825001067,eSEN,OAM
wbm-1-38418,eSEN,0.9366187783000001,-0.001036410667500102,eSEN,OAM
wbm-1-38520,eSEN,0.971230421,-0.005974323565833591,eSEN,OAM
wbm-1-38808,eSEN,0.9967411655,-0.001616597082499934,eSEN,OAM
wbm-1-39089,eSEN,0.9880757012,0.006202814503749998,eSEN,OAM
wbm-1-40024,eSEN,0.9973846493,-0.00038662236999996934,eSEN,OAM
wbm-1-40484,eSEN,0.9955274656,0.003363907919166742,eSEN,OAM
wbm-1-40953,eSEN,1.0047088871,-0.008180763551249814,eSEN,OAM
wbm-1-41091,eSEN,0.9968413993,0.0024162689341666282,eSEN,OAM
wbm-1-41383,eSEN,0.9943369211,0.0028322806066668703,eSEN,OAM
wbm-1-41389,eSEN,0.9971281811,-0.006595600350000036,eSEN,OAM
wbm-1-41515,eSEN,0.9932395057000001,-0.00699752290333322,eSEN,OAM
wbm-1-41644,eSEN,0.9712645634,0.005537387526984395,eSEN,OAM
wbm-1-42383,eSEN,0.9964951794,-0.0005155549779999547,eSEN,OAM
wbm-1-42731,eSEN,0.9927602213000001,0.005470630857777792,eSEN,OAM
wbm-1-43066,eSEN,0.9939477907000001,0.0017598867149998178,eSEN,OAM
wbm-1-43649,eSEN,0.9938797131,0.015350574461666612,eSEN,OAM
wbm-1-43796,eSEN,0.9919272197000001,-0.0074175281583332975,eSEN,OAM
wbm-1-44126,eSEN,0.9967674750000001,0.006614620140000085,eSEN,OAM
wbm-1-44340,eSEN,0.9924728412,-0.001238457809166782,eSEN,OAM
wbm-1-44478,eSEN,1.0072097703,0.037481485082222224,eSEN,OAM
wbm-1-44580,eSEN,0.9930131027,-0.005033036649999989,eSEN,OAM
wbm-1-44656,eSEN,0.9805055330000001,-0.003107307006666697,eSEN,OAM
wbm-1-45122,eSEN,1.0097096725,-0.00336788691600006,eSEN,OAM
wbm-1-45422,eSEN,0.9948695478,-0.01875381879666678,eSEN,OAM
wbm-1-45595,eSEN,1.0112384912,0.0018680290000002485,eSEN,OAM
wbm-1-45824,eSEN,0.9974131554000001,0.000539850333333547,eSEN,OAM
wbm-1-45844,eSEN,0.9778322959,0.008174603380952323,eSEN,OAM
wbm-1-45939,eSEN,0.9789680011,0.00872228710583336,eSEN,OAM
wbm-1-45958,eSEN,0.9925015049,0.003867736306666695,eSEN,OAM
wbm-1-46061,eSEN,0.9919241649,-0.000580870959999776,eSEN,OAM
wbm-1-46063,eSEN,0.9880935411,-0.005421984079166602,eSEN,OAM
wbm-1-462,eSEN,0.9863445858000001,-0.013582305630000135,eSEN,OAM
wbm-1-46216,eSEN,0.9841803991,0.003247272970000085,eSEN,OAM
wbm-1-4644,eSEN,0.9832594935000001,0.004443012066363653,eSEN,OAM
wbm-1-46479,eSEN,0.9942787117,-0.01729914428416658,eSEN,OAM
wbm-1-46897,eSEN,1.0057750825,-0.011978443576666505,eSEN,OAM
wbm-1-47256,eSEN,1.0000163354,0.005922968632500014,eSEN,OAM
wbm-1-47271,eSEN,0.99417904,0.006000884929999994,eSEN,OAM
wbm-1-47332,eSEN,0.9905200706,-0.0039902869999999925,eSEN,OAM
wbm-1-47390,eSEN,1.0238833464,-0.0040678127650000005,eSEN,OAM
wbm-1-4748,eSEN,0.9832519357,0.008786786049999763,eSEN,OAM
wbm-1-47680,eSEN,0.9988315729,-0.0075508343000000614,eSEN,OAM
wbm-1-48045,eSEN,1.0004623924,0.007853508437500078,eSEN,OAM
wbm-1-48387,eSEN,0.9912684126,-0.007480843610000054,eSEN,OAM
wbm-1-48516,eSEN,0.9743739512,0.0030758743399999845,eSEN,OAM
wbm-1-48844,eSEN,0.9946713896,-0.0007123408500000928,eSEN,OAM
wbm-1-48894,eSEN,0.9470147473,0.010021631399999916,eSEN,OAM
wbm-1-48917,eSEN,1.002410826,0.001578902537499971,eSEN,OAM
wbm-1-48956,eSEN,0.9982194682000001,-0.00011905840125017164,eSEN,OAM
wbm-1-4923,eSEN,0.9642890597,-0.023653342585000025,eSEN,OAM
wbm-1-4926,eSEN,0.9806120383,0.0018573393674998328,eSEN,OAM
wbm-1-49882,eSEN,0.9946410566,-0.0019431889783333308,eSEN,OAM
wbm-1-50042,eSEN,0.9959046272000001,-0.0030747895755554723,eSEN,OAM
wbm-1-5045,eSEN,1.1489446393,-0.2927886482000005,eSEN,OAM
wbm-1-50475,eSEN,1.0043444824,0.0016355718680000208,eSEN,OAM
wbm-1-5112,eSEN,1.005588496,-0.008084133624999764,eSEN,OAM
wbm-1-51210,eSEN,0.9871330804,0.0029872261049999514,eSEN,OAM
wbm-1-51562,eSEN,0.899311838,-0.00253334185500016,eSEN,OAM
wbm-1-51828,eSEN,1.0385179099,-0.006728805837500041,eSEN,OAM
wbm-1-51920,eSEN,1.0028552797,-0.0059369572033332344,eSEN,OAM
wbm-1-52323,eSEN,0.9997302174,-0.0008374303520000482,eSEN,OAM
wbm-1-5320,eSEN,0.9958453052,-0.0005529509791668848,eSEN,OAM
wbm-1-54021,eSEN,0.9832224613,0.0008305140339997764,eSEN,OAM
wbm-1-54211,eSEN,0.9971872897,0.005062863004000064,eSEN,OAM
wbm-1-54223,eSEN,0.9968667789000001,0.004078343428000224,eSEN,OAM
wbm-1-54845,eSEN,0.9873615061000001,0.013590535661428454,eSEN,OAM
wbm-1-55055,eSEN,0.9498988558,-0.009441673669642674,eSEN,OAM
wbm-1-55621,eSEN,0.9884412015,-1.7763025000168872e-05,eSEN,OAM
wbm-1-55626,eSEN,0.9832600197,0.001277815235000072,eSEN,OAM
wbm-1-55839,eSEN,0.9465815049,0.013827808157407267,eSEN,OAM
wbm-1-56095,eSEN,0.9883941432000001,-0.0034302519349996177,eSEN,OAM
wbm-1-56442,eSEN,1.0009303818,-0.004620481397499976,eSEN,OAM
wbm-1-56596,eSEN,0.9956217924,-0.0039191901466667485,eSEN,OAM
wbm-1-56597,eSEN,0.9890304365,-0.004789080480999993,eSEN,OAM
wbm-1-5673,eSEN,1.0101915985,0.004166971090000171,eSEN,OAM
wbm-1-5686,eSEN,1.014429989,-0.00771647654599981,eSEN,OAM
wbm-1-57622,eSEN,0.9955125109,-0.00618295330750005,eSEN,OAM
wbm-1-58300,eSEN,0.9905228561,0.005456518302083158,eSEN,OAM
wbm-1-58411,eSEN,0.9930697452,-0.015479397595000026,eSEN,OAM
wbm-1-58431,eSEN,0.9982416631000001,-0.0022741454083333797,eSEN,OAM
wbm-1-5891,eSEN,0.9978819702,0.00395483640416705,eSEN,OAM
wbm-1-59108,eSEN,0.9976471192,-0.034188334339999925,eSEN,OAM
wbm-1-59510,eSEN,0.9896465503,-0.010786629275000337,eSEN,OAM
wbm-1-59715,eSEN,1.004012577,0.010790312615000098,eSEN,OAM
wbm-1-59754,eSEN,0.9968214376000001,-4.965025600007777e-05,eSEN,OAM
wbm-1-59925,eSEN,0.9748885122000001,0.0004066058300001174,eSEN,OAM
wbm-1-60339,eSEN,1.0012171914,-0.0026433877575000597,eSEN,OAM
wbm-1-60437,eSEN,0.9916067391000001,-0.0025617025074998966,eSEN,OAM
wbm-1-60536,eSEN,0.9927377128,0.001953955302380966,eSEN,OAM
wbm-1-61353,eSEN,1.0394924748,-0.0025356735775000196,eSEN,OAM
wbm-1-61447,eSEN,0.9733845482000001,0.005952280200000122,eSEN,OAM
wbm-1-61492,eSEN,0.9749522363,-0.007168808244999969,eSEN,OAM
wbm-1-61567,eSEN,0.9869748713000001,-0.0018831233474998932,eSEN,OAM
wbm-1-6677,eSEN,0.9922417130000001,0.002452025141666425,eSEN,OAM
wbm-1-6831,eSEN,0.9948056153,0.023819163431818165,eSEN,OAM
wbm-1-6877,eSEN,0.9904018907000001,-0.010019640181250011,eSEN,OAM
wbm-1-7173,eSEN,0.9923436154,-0.0027757149159999984,eSEN,OAM
wbm-1-7275,eSEN,0.9743822637,-0.0028470069187499724,eSEN,OAM
wbm-1-7410,eSEN,0.9920272438000001,-0.0028326540149996287,eSEN,OAM
wbm-1-8359,eSEN,1.0195851247,-0.005487922179999982,eSEN,OAM
wbm-1-8367,eSEN,1.0136266891,-0.010298045146666605,eSEN,OAM
wbm-1-9075,eSEN,0.9936313240000001,-0.00022022445166675433,eSEN,OAM
wbm-1-9196,eSEN,1.0029563874,-0.0045940167600000414,eSEN,OAM
wbm-1-9201,eSEN,0.9869155159,-0.005269360700000103,eSEN,OAM
wbm-1-987,eSEN,0.9899619403000001,-0.006209429501428535,eSEN,OAM
wbm-1-9927,eSEN,1.0003050015,0.003638519369999997,eSEN,OAM
wbm-2-10245,eSEN,0.9995755826,0.002788802842999978,eSEN,OAM
wbm-2-10499,eSEN,1.0015196297,0.0030050118811110514,eSEN,OAM
wbm-2-10810,eSEN,1.0148969428,-0.010684408526666703,eSEN,OAM
wbm-2-10923,eSEN,0.9864853866000001,-0.003974210131249952,eSEN,OAM
wbm-2-11068,eSEN,0.9921939223,-0.0033321427710000504,eSEN,OAM
wbm-2-11084,eSEN,0.9855419098,-0.005109708199000025,eSEN,OAM
wbm-2-11128,eSEN,0.9753448567,-0.003194325381999761,eSEN,OAM
wbm-2-11212,eSEN,0.9889334409,-0.0050005596218180804,eSEN,OAM
wbm-2-11382,eSEN,0.9930929376000001,0.002989438186904722,eSEN,OAM
wbm-2-1151,eSEN,0.999502501,-0.005904856651666593,eSEN,OAM
wbm-2-11618,eSEN,1.0050082651,-0.02066086380666662,eSEN,OAM
wbm-2-11694,eSEN,0.9984934896000001,0.001417073344999764,eSEN,OAM
wbm-2-11991,eSEN,0.9739406893,-0.005052302547500087,eSEN,OAM
wbm-2-12110,eSEN,0.9968769464,-0.008891418513333468,eSEN,OAM
wbm-2-1217,eSEN,1.0005692498,0.008924211991666672,eSEN,OAM
wbm-2-12245,eSEN,0.9740878901000001,-0.0023979038522223086,eSEN,OAM
wbm-2-12407,eSEN,0.8935950972000001,-0.011239356737500117,eSEN,OAM
wbm-2-12899,eSEN,0.9965990213,0.00039793086500002534,eSEN,OAM
wbm-2-13207,eSEN,0.9963310864,-0.007134967555000198,eSEN,OAM
wbm-2-13474,eSEN,1.0148139768,-0.008593477146249829,eSEN,OAM
wbm-2-13628,eSEN,0.9937010524000001,-0.0019676864616666734,eSEN,OAM
wbm-2-13632,eSEN,1.0374312202,-0.013842221278333374,eSEN,OAM
wbm-2-13798,eSEN,0.9921213815000001,0.004938687863333276,eSEN,OAM
wbm-2-13799,eSEN,0.9890232027,-0.007106319868749544,eSEN,OAM
wbm-2-13911,eSEN,0.9889055590000001,-0.001952471947500012,eSEN,OAM
wbm-2-14116,eSEN,0.9860485013,-0.0014409618275000944,eSEN,OAM
wbm-2-14733,eSEN,1.0003065346,-0.0040740147025000615,eSEN,OAM
wbm-2-14949,eSEN,0.9903796853000001,-0.0052370858516667335,eSEN,OAM
wbm-2-14980,eSEN,0.9941270892,0.0026491827012499413,eSEN,OAM
wbm-2-15047,eSEN,0.99251691,-0.0068216765250001645,eSEN,OAM
wbm-2-15398,eSEN,0.9975808864000001,0.017725987733749893,eSEN,OAM
wbm-2-15816,eSEN,0.9944375520000001,0.0027540184189999905,eSEN,OAM
wbm-2-15882,eSEN,0.9741655868,-0.003202565115624889,eSEN,OAM
wbm-2-16299,eSEN,1.0062973162,0.005488991434999946,eSEN,OAM
wbm-2-16983,eSEN,1.0036069213,0.00224826043600018,eSEN,OAM
wbm-2-17344,eSEN,0.9789324994,0.010642783432500025,eSEN,OAM
wbm-2-1787,eSEN,0.9862658273,0.003478069177142982,eSEN,OAM
wbm-2-19108,eSEN,0.9978602104000001,0.0009194483283331796,eSEN,OAM
wbm-2-19313,eSEN,1.0273308757,0.003900591201111089,eSEN,OAM
wbm-2-20028,eSEN,0.9895938506,-0.35077403498000026,eSEN,OAM
wbm-2-20166,eSEN,0.9975167202,0.002322776606363742,eSEN,OAM
wbm-2-20256,eSEN,0.9958549259,-0.0029588267145455077,eSEN,OAM
wbm-2-20265,eSEN,1.020964483,0.011561297731481459,eSEN,OAM
wbm-2-20392,eSEN,0.9782822665,0.0025734717275000206,eSEN,OAM
wbm-2-20448,eSEN,0.9997368368,0.0006482563162499844,eSEN,OAM
wbm-2-20797,eSEN,1.051444825,0.019036072651666795,eSEN,OAM
wbm-2-21074,eSEN,0.9994067028,-0.0023119894360000615,eSEN,OAM
wbm-2-21198,eSEN,0.9938132309000001,0.007447594049999988,eSEN,OAM
wbm-2-21508,eSEN,1.00253862,-0.0037040999512500507,eSEN,OAM
wbm-2-21597,eSEN,0.9830601515,0.010484075446,eSEN,OAM
wbm-2-21693,eSEN,0.9964604933000001,0.0006568783025000377,eSEN,OAM
wbm-2-21990,eSEN,0.9860843339,-0.0009093850887499144,eSEN,OAM
wbm-2-22192,eSEN,0.99837029,0.003909922322499959,eSEN,OAM
wbm-2-2223,eSEN,0.9969266350000001,0.0005139644699998651,eSEN,OAM
wbm-2-22928,eSEN,0.9807422877,0.0027112350107143207,eSEN,OAM
wbm-2-22992,eSEN,0.9941637316,0.014677642464285748,eSEN,OAM
wbm-2-2316,eSEN,1.0063401633,-0.0030391647766666806,eSEN,OAM
wbm-2-23452,eSEN,0.994295829,-0.0011007568400000166,eSEN,OAM
wbm-2-23794,eSEN,1.010126945,-0.008660082675714368,eSEN,OAM
wbm-2-23880,eSEN,0.9868038537,-0.00044418515249979864,eSEN,OAM
wbm-2-23973,eSEN,1.0000617802,0.0045833246666664,eSEN,OAM
wbm-2-24003,eSEN,1.0034940056,-0.0010204531557142563,eSEN,OAM
wbm-2-24061,eSEN,1.0058675596,0.0025731788333333227,eSEN,OAM
wbm-2-24501,eSEN,1.0055137704,0.0026118726450000194,eSEN,OAM
wbm-2-24549,eSEN,1.0402929909,0.0066933194849999825,eSEN,OAM
wbm-2-24887,eSEN,1.0013536404,0.0024721804200000365,eSEN,OAM
wbm-2-25039,eSEN,0.9947597617,-0.004063157143333355,eSEN,OAM
wbm-2-25087,eSEN,1.041627882,-0.014887043619999929,eSEN,OAM
wbm-2-25091,eSEN,0.9892639751000001,0.0005346263299999284,eSEN,OAM
wbm-2-25182,eSEN,0.9998573939000001,-0.00377817731624992,eSEN,OAM
wbm-2-25748,eSEN,0.9976340960000001,0.0012683163260003027,eSEN,OAM
wbm-2-25883,eSEN,1.0095649543,-0.0033134252700000475,eSEN,OAM
wbm-2-26027,eSEN,0.9787611652,0.0017503451499999657,eSEN,OAM
wbm-2-26175,eSEN,0.9875905238,-0.009749999467500015,eSEN,OAM
wbm-2-26205,eSEN,0.9950993022000001,0.019082706020000194,eSEN,OAM
wbm-2-26262,eSEN,0.9907434723,0.0033181313629629334,eSEN,OAM
wbm-2-26500,eSEN,1.0388086088,-0.02254794305833367,eSEN,OAM
wbm-2-26676,eSEN,0.9965964913,0.0002848543850000595,eSEN,OAM
wbm-2-2669,eSEN,0.9964708631,0.0007131534638888937,eSEN,OAM
wbm-2-27233,eSEN,1.0024543649,-0.023426858423333266,eSEN,OAM
wbm-2-27460,eSEN,0.9954739858,-0.0020697805863637017,eSEN,OAM
wbm-2-27581,eSEN,0.9947344897,-0.0012874743199999964,eSEN,OAM
wbm-2-27803,eSEN,0.9808362523,-0.0029433078666666604,eSEN,OAM
wbm-2-27955,eSEN,1.0348835425,-0.006056242240277775,eSEN,OAM
wbm-2-28151,eSEN,1.0035755411,-0.0044874807724998075,eSEN,OAM
wbm-2-28311,eSEN,1.0062486092,-0.00293336367685172,eSEN,OAM
wbm-2-28628,eSEN,1.0005458157,-0.0006591952670001432,eSEN,OAM
wbm-2-28666,eSEN,1.001580276,-0.0018201305629999352,eSEN,OAM
wbm-2-29064,eSEN,0.9915409109000001,-0.0005248442439999224,eSEN,OAM
wbm-2-29551,eSEN,0.9942537697,0.005327951468333344,eSEN,OAM
wbm-2-29590,eSEN,0.9743163608000001,0.01778204014999991,eSEN,OAM
wbm-2-2973,eSEN,0.9954700037,0.001113880318750038,eSEN,OAM
wbm-2-30232,eSEN,0.9989060275,0.0017320650612499878,eSEN,OAM
wbm-2-30753,eSEN,1.0041750692,0.002280497113333328,eSEN,OAM
wbm-2-31075,eSEN,0.9926126081000001,0.005523628467499897,eSEN,OAM
wbm-2-31128,eSEN,0.9815512655,0.00504491092222218,eSEN,OAM
wbm-2-31420,eSEN,0.9918197345,-0.007093318920000039,eSEN,OAM
wbm-2-31514,eSEN,0.9943033345000001,0.0002646363062499546,eSEN,OAM
wbm-2-31515,eSEN,0.9953208912,-0.0034623491355555793,eSEN,OAM
wbm-2-31561,eSEN,1.0143513665,-0.0064964870628569675,eSEN,OAM
wbm-2-31795,eSEN,0.9935067263,-0.0028582443183334284,eSEN,OAM
wbm-2-32099,eSEN,0.9979523855,-0.0004425614733334508,eSEN,OAM
wbm-2-32354,eSEN,1.0050981678,-0.007805626304999968,eSEN,OAM
wbm-2-32386,eSEN,1.0009270967,-0.003916050431249918,eSEN,OAM
wbm-2-32777,eSEN,0.9994597031,-0.0061970876899999664,eSEN,OAM
wbm-2-32910,eSEN,1.0120735935,-0.008607279698333414,eSEN,OAM
wbm-2-33373,eSEN,0.9909496345000001,0.005416473480000208,eSEN,OAM
wbm-2-33421,eSEN,0.9978096511000001,0.0034608509969999797,eSEN,OAM
wbm-2-34088,eSEN,0.9985406538,0.016123235254000008,eSEN,OAM
wbm-2-3424,eSEN,1.006281237,-0.007637631425000062,eSEN,OAM
wbm-2-34474,eSEN,1.0010445445,-0.00021762908124980384,eSEN,OAM
wbm-2-34818,eSEN,1.0067882471,0.001709858625833386,eSEN,OAM
wbm-2-34985,eSEN,1.0101797168,0.008579350784166806,eSEN,OAM
wbm-2-35177,eSEN,1.0050273805,-0.002346584545454727,eSEN,OAM
wbm-2-35202,eSEN,0.9973111717,-0.00019763384848443601,eSEN,OAM
wbm-2-35598,eSEN,0.9972806824,-0.0024721414210002023,eSEN,OAM
wbm-2-35958,eSEN,0.9916561039,0.0011534741110000367,eSEN,OAM
wbm-2-36105,eSEN,1.004087633,-0.003203773628999969,eSEN,OAM
wbm-2-36320,eSEN,0.9937813636,-0.0005313798009090285,eSEN,OAM
wbm-2-36499,eSEN,0.9987907919000001,-0.0014301596009089353,eSEN,OAM
wbm-2-36606,eSEN,0.9982295665,0.009605463973333528,eSEN,OAM
wbm-2-37493,eSEN,0.9856930361,0.006271030205833365,eSEN,OAM
wbm-2-37746,eSEN,0.9719726385,0.0008968657689999304,eSEN,OAM
wbm-2-38,eSEN,1.059290575,-0.21759151573333332,eSEN,OAM
wbm-2-38123,eSEN,1.0104132436,-0.011517684266666744,eSEN,OAM
wbm-2-38626,eSEN,1.0048014654,-0.006895173531999958,eSEN,OAM
wbm-2-38768,eSEN,0.9978110428,-0.0016766019699999172,eSEN,OAM
wbm-2-38824,eSEN,1.0407392023,0.009724139289999911,eSEN,OAM
wbm-2-39093,eSEN,0.9771687514,0.0030408484583330634,eSEN,OAM
wbm-2-39277,eSEN,0.9726014634000001,-0.0008553434166667589,eSEN,OAM
wbm-2-39858,eSEN,0.9753671289,0.002427353879166668,eSEN,OAM
wbm-2-3987,eSEN,1.0019365956,0.001760303939999943,eSEN,OAM
wbm-2-40383,eSEN,0.9791639476,0.005147971029999922,eSEN,OAM
wbm-2-40651,eSEN,0.9900918941,-0.0026072484385714742,eSEN,OAM
wbm-2-40707,eSEN,0.9920626456,0.0046690277440000465,eSEN,OAM
wbm-2-4091,eSEN,0.9673731188,0.013192031782499924,eSEN,OAM
wbm-2-40954,eSEN,0.987835051,0.008254816176250079,eSEN,OAM
wbm-2-41053,eSEN,0.9966199664000001,-0.001513173928749989,eSEN,OAM
wbm-2-4187,eSEN,0.9868696546000001,-0.0017521399440479765,eSEN,OAM
wbm-2-42127,eSEN,0.9983121833,-0.006420384912499966,eSEN,OAM
wbm-2-42209,eSEN,1.0178355539,-0.0011012458749998899,eSEN,OAM
wbm-2-42382,eSEN,0.9951162547000001,0.0003394516550000522,eSEN,OAM
wbm-2-44123,eSEN,1.0003415185,-0.0028324093744443485,eSEN,OAM
wbm-2-44195,eSEN,0.9695128248,0.02621488254000018,eSEN,OAM
wbm-2-44473,eSEN,0.9969241666,-0.004539459924999889,eSEN,OAM
wbm-2-44832,eSEN,0.9997089397000001,0.00037426844250010305,eSEN,OAM
wbm-2-44888,eSEN,1.0030370976,-0.00025722421333327364,eSEN,OAM
wbm-2-45158,eSEN,0.9951156477,-0.002607366377500053,eSEN,OAM
wbm-2-45183,eSEN,1.003809954,0.006966497353333049,eSEN,OAM
wbm-2-45365,eSEN,1.007441703,-0.00109691156944426,eSEN,OAM
wbm-2-45585,eSEN,1.0115523911,-0.0027407522000004294,eSEN,OAM
wbm-2-45645,eSEN,0.9889423962,0.005670834152857296,eSEN,OAM
wbm-2-45772,eSEN,0.9747609316,0.0005418407799997738,eSEN,OAM
wbm-2-45812,eSEN,1.0085475107,-0.0066282856337499755,eSEN,OAM
wbm-2-46026,eSEN,0.9871894194,-0.0034851520360000875,eSEN,OAM
wbm-2-46362,eSEN,0.9819951366,0.00547143207909112,eSEN,OAM
wbm-2-46431,eSEN,0.9928852201,-0.008892594381999856,eSEN,OAM
wbm-2-46663,eSEN,0.9921448755000001,-0.001100999784545629,eSEN,OAM
wbm-2-46903,eSEN,0.9928487741,-0.004610076428333324,eSEN,OAM
wbm-2-46975,eSEN,0.9884696615,-0.0006208882166666522,eSEN,OAM
wbm-2-4763,eSEN,1.0010161852,-0.005021844055555786,eSEN,OAM
wbm-2-47914,eSEN,0.9909325298,0.004300278868749767,eSEN,OAM
wbm-2-48685,eSEN,0.9909753152,-0.000791604781250251,eSEN,OAM
wbm-2-48699,eSEN,0.9958695292,-0.004638019356000171,eSEN,OAM
wbm-2-49019,eSEN,1.0308724633,-0.011099223219999965,eSEN,OAM
wbm-2-49081,eSEN,0.999285025,-0.004271526715000106,eSEN,OAM
wbm-2-49233,eSEN,1.0092436264,-0.0032569703083333845,eSEN,OAM
wbm-2-49340,eSEN,0.9881113596000001,-0.0006013174700002288,eSEN,OAM
wbm-2-49384,eSEN,1.014072193,-0.0017773812933334317,eSEN,OAM
wbm-2-49468,eSEN,0.9948308135,-0.0035019361050000254,eSEN,OAM
wbm-2-50279,eSEN,0.9980890009000001,-0.005210489240833205,eSEN,OAM
wbm-2-50333,eSEN,0.9976419618000001,0.0030071346000000907,eSEN,OAM
wbm-2-50495,eSEN,0.9996655307000001,0.0020846709366666733,eSEN,OAM
wbm-2-50655,eSEN,1.010638362,-0.015018504609999995,eSEN,OAM
wbm-2-51174,eSEN,1.0011700438,0.00012097850555549251,eSEN,OAM
wbm-2-5119,eSEN,0.9897336130000001,0.00957285246727237,eSEN,OAM
wbm-2-51568,eSEN,1.0484815296,-0.0022582107481477097,eSEN,OAM
wbm-2-51816,eSEN,1.0204579037000001,-0.013317957637500034,eSEN,OAM
wbm-2-51830,eSEN,0.9767441753,0.007367003420833345,eSEN,OAM
wbm-2-51886,eSEN,1.0406396677,0.0013345593366666483,eSEN,OAM
wbm-2-5191,eSEN,0.9806765713000001,0.002272768259091022,eSEN,OAM
wbm-2-52052,eSEN,0.9847876763000001,0.010388815985000032,eSEN,OAM
wbm-2-52350,eSEN,0.9969639486,0.0009428704883333695,eSEN,OAM
wbm-2-52424,eSEN,1.0093773933,-0.00671664337250002,eSEN,OAM
wbm-2-5247,eSEN,0.997245432,-0.0006663694729997615,eSEN,OAM
wbm-2-52502,eSEN,1.0340382206,-0.0025913609550000773,eSEN,OAM
wbm-2-52632,eSEN,0.9596358406000001,-0.0038701567777778226,eSEN,OAM
wbm-2-5290,eSEN,0.9944975928,-0.011876108570000028,eSEN,OAM
wbm-2-5804,eSEN,1.0065994226,-0.003813943021666688,eSEN,OAM
wbm-2-6062,eSEN,0.9971823108000001,0.001428136541666684,eSEN,OAM
wbm-2-6092,eSEN,0.9885916862,-0.012667542316666433,eSEN,OAM
wbm-2-6110,eSEN,0.9636118062000001,0.0011307905020001385,eSEN,OAM
wbm-2-6329,eSEN,0.9886022413000001,-0.0045721219775000325,eSEN,OAM
wbm-2-6620,eSEN,1.0159580105,-0.021475549737499988,eSEN,OAM
wbm-2-6627,eSEN,0.9940650633,0.005631971004000036,eSEN,OAM
wbm-2-6892,eSEN,1.0095728923,-0.0016921339650000534,eSEN,OAM
wbm-2-6906,eSEN,0.9754843027000001,0.022852297102222092,eSEN,OAM
wbm-2-6947,eSEN,0.9927676292000001,-0.000686413418999976,eSEN,OAM
wbm-2-7202,eSEN,0.9824429828000001,-0.0004346787809088875,eSEN,OAM
wbm-2-7809,eSEN,0.9780246833,0.006147249406000057,eSEN,OAM
wbm-2-828,eSEN,1.0029309797,-0.0002457906412497657,eSEN,OAM
wbm-2-9248,eSEN,1.0092610471,0.0061022008425000605,eSEN,OAM
wbm-2-9267,eSEN,0.9897482655000001,-0.0024969470200001177,eSEN,OAM
wbm-2-9731,eSEN,0.9981251190000001,-0.012185101059000036,eSEN,OAM
wbm-3-10689,eSEN,0.9690461232,-0.00932865545818173,eSEN,OAM
wbm-3-11165,eSEN,0.9852590863,-0.0008098883546874269,eSEN,OAM
wbm-3-11718,eSEN,0.9932282303000001,0.0036515682514284722,eSEN,OAM
wbm-3-12323,eSEN,1.0111567478,-0.00858801315800008,eSEN,OAM
wbm-3-12716,eSEN,1.0037168441,-0.021208427117777814,eSEN,OAM
wbm-3-12746,eSEN,1.0208012039,-0.00405538217000001,eSEN,OAM
wbm-3-12774,eSEN,0.9981423522,-0.003324505728999867,eSEN,OAM
wbm-3-12889,eSEN,1.0097288275,-0.009903084509166505,eSEN,OAM
wbm-3-13114,eSEN,0.9841803104000001,0.006785893943333221,eSEN,OAM
wbm-3-13317,eSEN,0.9992999360000001,-0.009310922997499974,eSEN,OAM
wbm-3-13400,eSEN,0.9749042906000001,-0.007936101982407549,eSEN,OAM
wbm-3-13486,eSEN,0.9925260451000001,-0.010149890254999993,eSEN,OAM
wbm-3-13949,eSEN,1.0038388219,-0.0013429560850001022,eSEN,OAM
wbm-3-13976,eSEN,0.98579631,-0.00042810828100005695,eSEN,OAM
wbm-3-14196,eSEN,1.0062447103,-0.0036620457824999343,eSEN,OAM
wbm-3-14217,eSEN,0.9915903831,-0.001978401387777732,eSEN,OAM
wbm-3-1457,eSEN,0.9872723083,-0.00033048743400001965,eSEN,OAM
wbm-3-14648,eSEN,0.9948411392000001,0.005317650445000055,eSEN,OAM
wbm-3-148,eSEN,0.9904828761000001,-0.00337657394583335,eSEN,OAM
wbm-3-14897,eSEN,0.997296096,0.0021246208722222964,eSEN,OAM
wbm-3-15167,eSEN,1.0021129143,0.002104224614000074,eSEN,OAM
wbm-3-15223,eSEN,1.0010707192,-0.002273593547499875,eSEN,OAM
wbm-3-15280,eSEN,0.994514251,-0.0009543321529999815,eSEN,OAM
wbm-3-15327,eSEN,0.9848873307,-0.005215951343333222,eSEN,OAM
wbm-3-1552,eSEN,0.9985827113,0.005439630779629357,eSEN,OAM
wbm-3-15643,eSEN,1.0098618816,-0.00212087054899996,eSEN,OAM
wbm-3-16336,eSEN,1.0094008896,-0.0015433403999999486,eSEN,OAM
wbm-3-16734,eSEN,0.9908210981000001,-0.0048325538800000345,eSEN,OAM
wbm-3-16816,eSEN,1.0034549191,-0.003265796883333335,eSEN,OAM
wbm-3-1719,eSEN,0.9820120145000001,0.0003264585458335745,eSEN,OAM
wbm-3-17250,eSEN,0.9963826392,-0.004200076689999932,eSEN,OAM
wbm-3-17617,eSEN,1.0050563579,-0.006984359284375019,eSEN,OAM
wbm-3-17661,eSEN,1.0123970326,0.01024989030333327,eSEN,OAM
wbm-3-1822,eSEN,0.9966890315,0.001934073966666716,eSEN,OAM
wbm-3-18479,eSEN,0.9828396020000001,-0.013361028012222123,eSEN,OAM
wbm-3-18841,eSEN,1.0005292138,-0.008487050619047564,eSEN,OAM
wbm-3-19096,eSEN,0.9824902865,-0.0017267564522222124,eSEN,OAM
wbm-3-19145,eSEN,0.9892740623,-0.003959710340000022,eSEN,OAM
wbm-3-19453,eSEN,0.9892868032000001,-0.0115495756733333,eSEN,OAM
wbm-3-20198,eSEN,0.9933962928000001,-0.008631694178333168,eSEN,OAM
wbm-3-20284,eSEN,0.9634557648000001,0.0008300225322222508,eSEN,OAM
wbm-3-20301,eSEN,1.003941697,-0.00839671976825391,eSEN,OAM
wbm-3-20382,eSEN,0.9943161806,-0.007697013497500057,eSEN,OAM
wbm-3-20528,eSEN,1.0155522351,-0.1889302398377778,eSEN,OAM
wbm-3-20949,eSEN,0.9664468439,-0.004246376146666838,eSEN,OAM
wbm-3-21531,eSEN,0.9948998503,0.00019839375833340017,eSEN,OAM
wbm-3-21627,eSEN,1.0010320676,-0.010518355055000109,eSEN,OAM
wbm-3-21642,eSEN,0.9993048013,-0.0057387898624999345,eSEN,OAM
wbm-3-22305,eSEN,1.0110354471,-0.003633294456250121,eSEN,OAM
wbm-3-22379,eSEN,1.0070145547,-0.008589198059999869,eSEN,OAM
wbm-3-2248,eSEN,0.9840036258,0.006142568611111127,eSEN,OAM
wbm-3-22519,eSEN,0.9985333958,0.016126011826388818,eSEN,OAM
wbm-3-22524,eSEN,0.9988980912000001,0.02324979072624993,eSEN,OAM
wbm-3-22718,eSEN,1.0048653834,0.02254496067812528,eSEN,OAM
wbm-3-22742,eSEN,0.9943837227000001,0.00570802521624989,eSEN,OAM
wbm-3-22772,eSEN,0.9984047974,0.005998046806250113,eSEN,OAM
wbm-3-23060,eSEN,0.9935682165,0.007975949962500017,eSEN,OAM
wbm-3-23205,eSEN,0.8969561904000001,-0.012642309164285643,eSEN,OAM
wbm-3-23657,eSEN,0.9965665463000001,0.006160354837500037,eSEN,OAM
wbm-3-23961,eSEN,1.0030879431,0.004608415089999793,eSEN,OAM
wbm-3-24482,eSEN,0.9563663305000001,0.017760500940000055,eSEN,OAM
wbm-3-24541,eSEN,0.9884582658000001,-0.012346257681481421,eSEN,OAM
wbm-3-25261,eSEN,0.9827860038,0.004166876178999956,eSEN,OAM
wbm-3-25538,eSEN,0.9900180777,0.004794025878571416,eSEN,OAM
wbm-3-25577,eSEN,0.9483407577,0.0054439886928574115,eSEN,OAM
wbm-3-26237,eSEN,1.0007406256,-0.0077551441488889206,eSEN,OAM
wbm-3-26853,eSEN,0.9969498048000001,-0.0008686813333333,eSEN,OAM
wbm-3-26855,eSEN,0.9925644071,0.004185132496249988,eSEN,OAM
wbm-3-27894,eSEN,0.9764015328000001,0.0010166414883334104,eSEN,OAM
wbm-3-28259,eSEN,0.9982667493,0.0006477293224999533,eSEN,OAM
wbm-3-28421,eSEN,1.0006732744,0.0021789002800000038,eSEN,OAM
wbm-3-2876,eSEN,0.9946536408000001,0.0038867173028569774,eSEN,OAM
wbm-3-29262,eSEN,0.9847869864000001,0.0010471647366664173,eSEN,OAM
wbm-3-29413,eSEN,0.9916427245,-0.005371006375555491,eSEN,OAM
wbm-3-2947,eSEN,1.0022403856,-0.00089427490285726,eSEN,OAM
wbm-3-29478,eSEN,0.9820026027000001,0.0011413021340001706,eSEN,OAM
wbm-3-29820,eSEN,0.9789532309000001,0.002412944462500377,eSEN,OAM
wbm-3-29926,eSEN,0.9909987377,-0.0011916767890000558,eSEN,OAM
wbm-3-30118,eSEN,0.9821006623,0.0045104803270001525,eSEN,OAM
wbm-3-30211,eSEN,0.9870561733000001,0.005642447672000088,eSEN,OAM
wbm-3-30339,eSEN,0.9987870272,-0.004224728767499952,eSEN,OAM
wbm-3-30439,eSEN,0.9932374395,-0.0017231977150000688,eSEN,OAM
wbm-3-30449,eSEN,0.9868235944,-0.003945801330000194,eSEN,OAM
wbm-3-306,eSEN,0.9872019287,0.0003637469883332578,eSEN,OAM
wbm-3-31547,eSEN,1.0302839436,0.006620806814000133,eSEN,OAM
wbm-3-32182,eSEN,1.0057850012,0.0024771551900002464,eSEN,OAM
wbm-3-32371,eSEN,1.0021282664,0.001214456498333405,eSEN,OAM
wbm-3-3260,eSEN,1.0003656955,-0.003914282299999794,eSEN,OAM
wbm-3-32953,eSEN,1.0083084961,0.004767861017500093,eSEN,OAM
wbm-3-33052,eSEN,0.99949404,0.0005326253775000586,eSEN,OAM
wbm-3-33057,eSEN,0.9999966787000001,0.0016647070649999781,eSEN,OAM
wbm-3-33496,eSEN,1.0013897308,-0.006955090753333278,eSEN,OAM
wbm-3-33667,eSEN,1.0035918059,0.0069711199237500136,eSEN,OAM
wbm-3-33669,eSEN,0.9807874631000001,-0.0026601439871429635,eSEN,OAM
wbm-3-33766,eSEN,1.0162047499,-0.00011889369374973313,eSEN,OAM
wbm-3-33958,eSEN,0.996505536,-0.0033706811320000085,eSEN,OAM
wbm-3-34051,eSEN,1.0013609707,-0.008237348244285616,eSEN,OAM
wbm-3-34079,eSEN,0.9971399354,-0.001397613331428614,eSEN,OAM
wbm-3-34526,eSEN,1.0056770344,-0.0016900600958331088,eSEN,OAM
wbm-3-34928,eSEN,0.9872772379,0.023736984808333972,eSEN,OAM
wbm-3-35085,eSEN,0.9858614899,0.00238395393249989,eSEN,OAM
wbm-3-35166,eSEN,0.9917546982000001,-0.003333846972222195,eSEN,OAM
wbm-3-35187,eSEN,0.9726154472,0.0013358384459998974,eSEN,OAM
wbm-3-35781,eSEN,0.9982869660000001,-0.0017730383316666356,eSEN,OAM
wbm-3-35839,eSEN,0.999473912,-0.0015203058658333527,eSEN,OAM
wbm-3-36237,eSEN,0.9907884443,-0.004546345403749941,eSEN,OAM
wbm-3-36320,eSEN,0.9959444377000001,0.004032435601250039,eSEN,OAM
wbm-3-36651,eSEN,1.0023795595,-0.0016060185027272538,eSEN,OAM
wbm-3-36996,eSEN,1.0761512517,-0.9280690003833332,eSEN,OAM
wbm-3-37033,eSEN,0.9994320404,0.003184481776999988,eSEN,OAM
wbm-3-37063,eSEN,0.9940597390000001,-0.0002997579650000137,eSEN,OAM
wbm-3-37150,eSEN,0.9922198674,0.004223942288333168,eSEN,OAM
wbm-3-37539,eSEN,1.0039576071,0.0014346655810000186,eSEN,OAM
wbm-3-3762,eSEN,0.9700697091,0.010896559482857119,eSEN,OAM
wbm-3-37637,eSEN,0.9915953057,0.006946022240833472,eSEN,OAM
wbm-3-37700,eSEN,0.9888804592,0.0010635685224999135,eSEN,OAM
wbm-3-37760,eSEN,0.9805787693,8.923531111114535e-05,eSEN,OAM
wbm-3-37854,eSEN,0.9711926597,0.009463572578750013,eSEN,OAM
wbm-3-38201,eSEN,1.0028406968,0.0037445184312499434,eSEN,OAM
wbm-3-38304,eSEN,0.9848411050000001,-0.0015426296870370045,eSEN,OAM
wbm-3-38309,eSEN,0.9967793087000001,2.4779115555517704e-05,eSEN,OAM
wbm-3-38620,eSEN,0.9821964516,0.0003629513499999959,eSEN,OAM
wbm-3-38776,eSEN,0.9897837024,-0.004238598526666711,eSEN,OAM
wbm-3-38878,eSEN,0.9929963704,0.004910601105000131,eSEN,OAM
wbm-3-39280,eSEN,1.0148448169,-0.00286126800999984,eSEN,OAM
wbm-3-40020,eSEN,0.9962440548,0.0054110041925001205,eSEN,OAM
wbm-3-40352,eSEN,1.0113063392,-0.005133420442000016,eSEN,OAM
wbm-3-40869,eSEN,0.9957765405000001,0.049393050559999985,eSEN,OAM
wbm-3-41021,eSEN,0.9512179536,-8.553329722222397e-05,eSEN,OAM
wbm-3-41155,eSEN,1.0113418707,-0.01428249569687523,eSEN,OAM
wbm-3-41162,eSEN,1.0120008023,-0.009442463908928491,eSEN,OAM
wbm-3-41194,eSEN,1.0065460002,0.0080879807383333,eSEN,OAM
wbm-3-41559,eSEN,0.9979350933000001,0.013268778572500218,eSEN,OAM
wbm-3-41591,eSEN,0.9695116672,-0.007795860148148235,eSEN,OAM
wbm-3-4193,eSEN,0.9786018315,0.012203952852500154,eSEN,OAM
wbm-3-42072,eSEN,1.0028946951,0.0027362916159999174,eSEN,OAM
wbm-3-42429,eSEN,1.0301925104,-0.007453407212500008,eSEN,OAM
wbm-3-42516,eSEN,1.020705199,0.008710442220000125,eSEN,OAM
wbm-3-42538,eSEN,0.9821718326000001,-0.0010093786250001458,eSEN,OAM
wbm-3-42640,eSEN,1.0206852262,-0.0048924815949999536,eSEN,OAM
wbm-3-42658,eSEN,0.9928793328000001,-0.010979028985555632,eSEN,OAM
wbm-3-42727,eSEN,0.9774796643,0.008087657790833447,eSEN,OAM
wbm-3-42969,eSEN,0.9597080130000001,-0.0024861403366667647,eSEN,OAM
wbm-3-43100,eSEN,0.9868749195000001,-0.002516506365555513,eSEN,OAM
wbm-3-43237,eSEN,0.9892439449,0.010318295417500067,eSEN,OAM
wbm-3-43314,eSEN,0.9716490780000001,0.025693522489999766,eSEN,OAM
wbm-3-43330,eSEN,0.9930470183000001,0.003005075767499932,eSEN,OAM
wbm-3-43872,eSEN,0.9891710754,-0.012934589402499697,eSEN,OAM
wbm-3-44030,eSEN,0.9772067388000001,0.00238395161800014,eSEN,OAM
wbm-3-44054,eSEN,0.9625832804000001,0.0014984902780001618,eSEN,OAM
wbm-3-44492,eSEN,0.9948750322000001,-0.0057684958979999125,eSEN,OAM
wbm-3-44546,eSEN,0.9611184068,-0.01004316642500001,eSEN,OAM
wbm-3-44704,eSEN,0.9957567807000001,-0.0035649601233766867,eSEN,OAM
wbm-3-44894,eSEN,1.0146236259,-0.01562163293499997,eSEN,OAM
wbm-3-44975,eSEN,0.9912983205,-0.003390757583999928,eSEN,OAM
wbm-3-45183,eSEN,0.9652392684000001,0.0002274328366664709,eSEN,OAM
wbm-3-45466,eSEN,0.9930229267,-0.003884934369999939,eSEN,OAM
wbm-3-45678,eSEN,1.0023822773,-0.0076623466409999706,eSEN,OAM
wbm-3-45688,eSEN,0.9515803220000001,0.008261591931666838,eSEN,OAM
wbm-3-45998,eSEN,0.9589517057,-0.0021774998499999756,eSEN,OAM
wbm-3-46394,eSEN,1.0057145185,-0.0011947437300000906,eSEN,OAM
wbm-3-46540,eSEN,1.015148371,-0.00807458118333333,eSEN,OAM
wbm-3-46685,eSEN,0.9963814393,-0.003110680741999907,eSEN,OAM
wbm-3-46735,eSEN,0.9926537167,0.0023055618648149963,eSEN,OAM
wbm-3-47098,eSEN,1.0612395584,-0.0007382773833332203,eSEN,OAM
wbm-3-47103,eSEN,0.9614078224,0.0035383641324997937,eSEN,OAM
wbm-3-47175,eSEN,0.9941884295000001,-0.001431311181666454,eSEN,OAM
wbm-3-47241,eSEN,1.0077722396,-0.01168275244333318,eSEN,OAM
wbm-3-47298,eSEN,0.9858310734000001,-0.007121881946249964,eSEN,OAM
wbm-3-49919,eSEN,0.9988404819000001,-0.003957635804166711,eSEN,OAM
wbm-3-4997,eSEN,0.9916211465,-0.0023988091483333326,eSEN,OAM
wbm-3-50064,eSEN,1.0039564914,0.00036495598750008185,eSEN,OAM
wbm-3-50205,eSEN,0.9875630688,-0.0019366502619998726,eSEN,OAM
wbm-3-50520,eSEN,0.9983015785,0.011126987934444521,eSEN,OAM
wbm-3-50670,eSEN,0.9935376662000001,-0.0005249099259999922,eSEN,OAM
wbm-3-51459,eSEN,0.9926094695000001,-0.00024984849999998775,eSEN,OAM
wbm-3-51587,eSEN,0.9960335537,0.006071638517999816,eSEN,OAM
wbm-3-5184,eSEN,0.9973056089000001,-0.0029159348233333657,eSEN,OAM
wbm-3-52355,eSEN,0.9972401861,0.000519168124166569,eSEN,OAM
wbm-3-52431,eSEN,0.9989117426,0.0004145060912498444,eSEN,OAM
wbm-3-52542,eSEN,0.9837775276,0.014568820381250033,eSEN,OAM
wbm-3-52633,eSEN,1.0096153819,0.0007643452812498453,eSEN,OAM
wbm-3-5266,eSEN,0.9977315773000001,-0.00032630764833339046,eSEN,OAM
wbm-3-52816,eSEN,0.9985386811,0.002223038093636505,eSEN,OAM
wbm-3-52847,eSEN,0.9936442498,0.00037997150111108465,eSEN,OAM
wbm-3-53364,eSEN,0.9969495848000001,-0.004445230502999777,eSEN,OAM
wbm-3-53557,eSEN,1.0966158486,-0.11034722777000024,eSEN,OAM
wbm-3-53750,eSEN,0.9925566433,-0.0010749745190001647,eSEN,OAM
wbm-3-54048,eSEN,1.0030601912,0.0005518734049999807,eSEN,OAM
wbm-3-54295,eSEN,1.0079029823,-0.0005766881462960782,eSEN,OAM
wbm-3-54341,eSEN,0.9942835432,-0.0023638176939999767,eSEN,OAM
wbm-3-54781,eSEN,0.9993962019,0.0014403207450000366,eSEN,OAM
wbm-3-54884,eSEN,0.9977852338000001,0.0007186179029999806,eSEN,OAM
wbm-3-54941,eSEN,0.9953013648000001,0.004092440418999956,eSEN,OAM
wbm-3-54994,eSEN,0.9903604448000001,-0.02595231404499998,eSEN,OAM
wbm-3-5506,eSEN,0.979818154,-0.0013067702150001044,eSEN,OAM
wbm-3-55447,eSEN,0.9989282095,0.004418368098888929,eSEN,OAM
wbm-3-55539,eSEN,1.0008084289,0.002392059540999867,eSEN,OAM
wbm-3-55627,eSEN,0.9946663280000001,-7.204767402579482e-05,eSEN,OAM
wbm-3-56074,eSEN,0.9985646667,-0.011007566156060453,eSEN,OAM
wbm-3-56128,eSEN,0.9971724505,0.0001427464308334218,eSEN,OAM
wbm-3-56146,eSEN,1.0020260844,0.002964252555833132,eSEN,OAM
wbm-3-56178,eSEN,0.9967292853,0.013097627389166712,eSEN,OAM
wbm-3-56716,eSEN,0.9948090455,0.0035234929083332624,eSEN,OAM
wbm-3-56851,eSEN,1.002868037,0.005402921149999926,eSEN,OAM
wbm-3-56962,eSEN,1.004771755,0.0056760120157143485,eSEN,OAM
wbm-3-57010,eSEN,0.9938946094000001,0.0027583591291666406,eSEN,OAM
wbm-3-57180,eSEN,0.9888806734000001,-0.009038503633999965,eSEN,OAM
wbm-3-57785,eSEN,0.5724121677,-0.09003042148333347,eSEN,OAM
wbm-3-58210,eSEN,0.9946848397,-0.003654354554444457,eSEN,OAM
wbm-3-58328,eSEN,0.9931320704000001,-0.0034239019819998972,eSEN,OAM
wbm-3-58361,eSEN,1.0114112545,0.004064083107499972,eSEN,OAM
wbm-3-59267,eSEN,1.0057931352,-0.005476604467777848,eSEN,OAM
wbm-3-59295,eSEN,0.9733802008,-0.01565987923599977,eSEN,OAM
wbm-3-59449,eSEN,0.9970728346000001,0.0009083623766665974,eSEN,OAM
wbm-3-59466,eSEN,0.990257162,0.004973439246296159,eSEN,OAM
wbm-3-595,eSEN,0.9905065310000001,-0.001567625706363626,eSEN,OAM
wbm-3-59933,eSEN,0.9919890659,-0.0015898044016667019,eSEN,OAM
wbm-3-60022,eSEN,1.0042271139,0.0026728517599998725,eSEN,OAM
wbm-3-60241,eSEN,0.9997669932000001,-0.006379485882499969,eSEN,OAM
wbm-3-603,eSEN,0.9947903473,-0.0021960252666667025,eSEN,OAM
wbm-3-60446,eSEN,0.9929687535,-0.005093701517777858,eSEN,OAM
wbm-3-61162,eSEN,0.9919409262000001,-0.004771873866666768,eSEN,OAM
wbm-3-61232,eSEN,0.971366131,-0.002985267392500113,eSEN,OAM
wbm-3-61906,eSEN,0.9930945712,-0.005847149796666547,eSEN,OAM
wbm-3-62045,eSEN,1.0914107046,-0.2787825014611109,eSEN,OAM
wbm-3-6216,eSEN,0.9844849699,-0.0013902792312499024,eSEN,OAM
wbm-3-62502,eSEN,1.1178051685,-0.31273944852142826,eSEN,OAM
wbm-3-62783,eSEN,1.0058258723,0.0068357980475001415,eSEN,OAM
wbm-3-62830,eSEN,0.9882127051,-0.005477344126363578,eSEN,OAM
wbm-3-63055,eSEN,1.014023228,-0.007502041614999773,eSEN,OAM
wbm-3-63253,eSEN,0.984893019,-0.0063151216088888715,eSEN,OAM
wbm-3-63360,eSEN,0.9985953378,-0.008090524961111014,eSEN,OAM
wbm-3-63525,eSEN,0.9797846763,-0.004379758781999925,eSEN,OAM
wbm-3-64157,eSEN,0.9948852162,0.0005842578575001885,eSEN,OAM
wbm-3-64616,eSEN,0.9881349104,0.00019354560999991223,eSEN,OAM
wbm-3-65153,eSEN,0.9720505054,-0.003412262902499963,eSEN,OAM
wbm-3-65435,eSEN,0.970795276,0.04021493871666672,eSEN,OAM
wbm-3-65475,eSEN,0.9751960092,0.0003267286694443625,eSEN,OAM
wbm-3-65984,eSEN,0.9857558532,0.0013406766983333539,eSEN,OAM
wbm-3-66716,eSEN,0.9861234506000001,-0.0006555836887500277,eSEN,OAM
wbm-3-6686,eSEN,0.9823692110000001,0.00045486039333309707,eSEN,OAM
wbm-3-66915,eSEN,0.9909043993000001,0.005768401868000197,eSEN,OAM
wbm-3-67124,eSEN,1.0109640277,-0.005661465383333327,eSEN,OAM
wbm-3-67497,eSEN,0.9679726966000001,0.012341921637499809,eSEN,OAM
wbm-3-67713,eSEN,1.0085499455,-0.00415154477750006,eSEN,OAM
wbm-3-67920,eSEN,0.9890182871000001,0.0012474354791667253,eSEN,OAM
wbm-3-68136,eSEN,0.9905669685,-0.003346583448750007,eSEN,OAM
wbm-3-68514,eSEN,0.9899224992000001,-0.004534082303333283,eSEN,OAM
wbm-3-68711,eSEN,0.9979601211,-0.009001398329999993,eSEN,OAM
wbm-3-69146,eSEN,1.0055800936,-0.004068590846000149,eSEN,OAM
wbm-3-69202,eSEN,1.0163467211,-0.005275647001249962,eSEN,OAM
wbm-3-69261,eSEN,0.9904329319,-0.0073028994314284995,eSEN,OAM
wbm-3-69323,eSEN,0.9890230308000001,0.0038780247866666783,eSEN,OAM
wbm-3-69961,eSEN,0.9830701345,0.0016124317418180051,eSEN,OAM
wbm-3-70170,eSEN,0.9765169272,0.007235263536363784,eSEN,OAM
wbm-3-70189,eSEN,1.0017954998,0.004190399850909124,eSEN,OAM
wbm-3-70249,eSEN,1.0003096637,0.000277366056363736,eSEN,OAM
wbm-3-70474,eSEN,0.9973248984,0.00021322390000004057,eSEN,OAM
wbm-3-712,eSEN,0.99601751,-0.00546281185124986,eSEN,OAM
wbm-3-71225,eSEN,0.9978725702000001,0.001588911680000109,eSEN,OAM
wbm-3-71404,eSEN,0.9803021833000001,0.013827241747500097,eSEN,OAM
wbm-3-71848,eSEN,0.9898683284,-0.00014070356749993352,eSEN,OAM
wbm-3-71989,eSEN,1.0052895385,-0.003893516361999829,eSEN,OAM
wbm-3-72169,eSEN,1.0277488672,0.006663212952500252,eSEN,OAM
wbm-3-72274,eSEN,0.9910204993,-0.004035140744999932,eSEN,OAM
wbm-3-73083,eSEN,0.9822636720000001,-0.004775880396296531,eSEN,OAM
wbm-3-73636,eSEN,1.0013317074,-0.00530268390400007,eSEN,OAM
wbm-3-73935,eSEN,1.0086844455,-0.0017341099312500052,eSEN,OAM
wbm-3-75010,eSEN,1.0001512369,-0.0008279802516666972,eSEN,OAM
wbm-3-75403,eSEN,0.9911417847,-0.021047704205000083,eSEN,OAM
wbm-3-75540,eSEN,1.0213728908,-0.01737736921481472,eSEN,OAM
wbm-3-75956,eSEN,0.9756772090000001,-0.01620217537222225,eSEN,OAM
wbm-3-75983,eSEN,1.0124010147,-0.027695943356666437,eSEN,OAM
wbm-3-76051,eSEN,1.0038158045,-0.00010286772499981111,eSEN,OAM
wbm-3-76585,eSEN,1.0180813967,-0.010966391574999986,eSEN,OAM
wbm-3-76650,eSEN,1.0203381874,-0.0033807496939999918,eSEN,OAM
wbm-3-76809,eSEN,1.0084555357,-0.00839127736200002,eSEN,OAM
wbm-3-76971,eSEN,1.0035893302,-0.006609230736249883,eSEN,OAM
wbm-3-7741,eSEN,1.0272987198,-0.08970666801874987,eSEN,OAM
wbm-3-77528,eSEN,0.9944202830000001,0.007846569724285653,eSEN,OAM
wbm-3-77731,eSEN,0.9906530445,0.002889590235000039,eSEN,OAM
wbm-3-78067,eSEN,1.0086727773,-0.0028533404289999,eSEN,OAM
wbm-3-78151,eSEN,1.0055936675,-0.006813726480000071,eSEN,OAM
wbm-3-78206,eSEN,1.0155519356,0.003975416701666745,eSEN,OAM
wbm-3-78592,eSEN,1.0003318218,0.006105106953333224,eSEN,OAM
wbm-3-79099,eSEN,0.9908609304,-0.0005560973283331567,eSEN,OAM
wbm-3-7917,eSEN,0.9954675982000001,0.0016263651690908627,eSEN,OAM
wbm-3-8541,eSEN,1.0069934299,-0.006664207208181821,eSEN,OAM
wbm-3-8554,eSEN,1.0151384221,-0.012040741937272514,eSEN,OAM
wbm-3-9136,eSEN,1.0034969864,-0.011235729758750156,eSEN,OAM
wbm-3-9227,eSEN,1.0056111341,-0.004452563558333366,eSEN,OAM
wbm-3-924,eSEN,0.9960216677,0.010304895008333167,eSEN,OAM
wbm-3-9240,eSEN,0.9946135993,-0.00024968012166688426,eSEN,OAM
wbm-3-9643,eSEN,1.0026880424,-0.0074764210849997655,eSEN,OAM
wbm-3-9769,eSEN,1.0015848461,-0.0017743713239997305,eSEN,OAM
wbm-4-10054,eSEN,1.0254581464,0.004630245534999977,eSEN,OAM
wbm-4-10294,eSEN,0.9837886762,0.0016578279825000188,eSEN,OAM
wbm-4-10665,eSEN,1.0005068401,0.0011579973262499266,eSEN,OAM
wbm-4-10830,eSEN,0.9958716694,0.008067351733750084,eSEN,OAM
wbm-4-11797,eSEN,0.9921138255,-0.005690410309999816,eSEN,OAM
wbm-4-12086,eSEN,0.9894538093,0.006363650918333383,eSEN,OAM
wbm-4-12502,eSEN,0.9980709186000001,-0.004483335655555404,eSEN,OAM
wbm-4-12573,eSEN,0.9898679902,0.005296683281110938,eSEN,OAM
wbm-4-12645,eSEN,1.0026604478,-0.0018035924374996347,eSEN,OAM
wbm-4-12995,eSEN,0.9922969086000001,0.00034031550800001754,eSEN,OAM
wbm-4-13409,eSEN,1.0118334388,-0.006296694015714266,eSEN,OAM
wbm-4-13566,eSEN,1.0016671755,-6.455645124998632e-05,eSEN,OAM
wbm-4-14124,eSEN,1.0265386429,0.007823029564999917,eSEN,OAM
wbm-4-14376,eSEN,1.0061194628,-0.006946613140000105,eSEN,OAM
wbm-4-14665,eSEN,1.0359033191,0.0028773000574999763,eSEN,OAM
wbm-4-14933,eSEN,1.0293912144,0.0008850837700000724,eSEN,OAM
wbm-4-15235,eSEN,0.9877415083000001,-0.005025619730000012,eSEN,OAM
wbm-4-15858,eSEN,0.996103948,0.0012214309391668009,eSEN,OAM
wbm-4-16373,eSEN,1.0043672123,-0.006370375107499893,eSEN,OAM
wbm-4-16740,eSEN,0.9981939881,-0.007377723381666652,eSEN,OAM
wbm-4-16765,eSEN,1.0214587652,0.0063483768650000275,eSEN,OAM
wbm-4-16869,eSEN,1.0122919969,-0.009796397968333181,eSEN,OAM
wbm-4-1702,eSEN,0.9960023145,-0.00044981915833316083,eSEN,OAM
wbm-4-1741,eSEN,1.0344463664,-0.01920316631750003,eSEN,OAM
wbm-4-17711,eSEN,0.9963695738,0.00036473224333336186,eSEN,OAM
wbm-4-17768,eSEN,0.9845109867,-0.005803652728333297,eSEN,OAM
wbm-4-18135,eSEN,1.0140477078,-0.0010148579949999478,eSEN,OAM
wbm-4-18169,eSEN,0.993338943,-0.0010184264949999763,eSEN,OAM
wbm-4-18357,eSEN,0.9951315488,-0.0027551890299999434,eSEN,OAM
wbm-4-18483,eSEN,1.0080677011,0.0017142642649999827,eSEN,OAM
wbm-4-18752,eSEN,0.9578294147,-0.011469317414999925,eSEN,OAM
wbm-4-18898,eSEN,0.9927370853,-0.00955652458400003,eSEN,OAM
wbm-4-19359,eSEN,1.004854283,0.0009260045366665459,eSEN,OAM
wbm-4-19479,eSEN,1.0095479109,-0.007381419967142884,eSEN,OAM
wbm-4-19743,eSEN,1.0008508646,-0.004146058041666597,eSEN,OAM
wbm-4-19788,eSEN,0.9967026795,0.005654494687777816,eSEN,OAM
wbm-4-19793,eSEN,0.9983379938,0.0013732177789999513,eSEN,OAM
wbm-4-20225,eSEN,1.0005419917,-0.003234706347777758,eSEN,OAM
wbm-4-20419,eSEN,0.9963501653000001,-8.13625749999621e-05,eSEN,OAM
wbm-4-20511,eSEN,0.9860208712,-0.011739271754166817,eSEN,OAM
wbm-4-2067,eSEN,1.0101444334,-0.002438801200833396,eSEN,OAM
wbm-4-20703,eSEN,0.9454027030000001,-0.024755565926000145,eSEN,OAM
wbm-4-20837,eSEN,1.2140817221,-0.1081877995124999,eSEN,OAM
wbm-4-21132,eSEN,0.9815872720000001,0.0018210615049999213,eSEN,OAM
wbm-4-21175,eSEN,1.0095381573,0.003196735950000177,eSEN,OAM
wbm-4-21368,eSEN,1.0111478868,-0.009051804835000137,eSEN,OAM
wbm-4-21376,eSEN,1.0098205011,-0.01760733093500022,eSEN,OAM
wbm-4-21871,eSEN,0.9969801233000001,0.005472620667777603,eSEN,OAM
wbm-4-21957,eSEN,0.9897120188,-0.015500000682500214,eSEN,OAM
wbm-4-22087,eSEN,1.002457737,0.0003966734440002995,eSEN,OAM
wbm-4-22178,eSEN,0.9891510391,0.0017212390630001553,eSEN,OAM
wbm-4-22240,eSEN,1.0001142338,-0.008683696177499822,eSEN,OAM
wbm-4-22865,eSEN,1.0066406426,0.0018932687879998865,eSEN,OAM
wbm-4-23032,eSEN,1.0044410221,-0.010595237104999928,eSEN,OAM
wbm-4-23297,eSEN,0.9965303235,-0.009109869191666557,eSEN,OAM
wbm-4-23326,eSEN,1.0020447638,-0.007452660443333414,eSEN,OAM
wbm-4-23428,eSEN,0.9906833752,0.01695096490000007,eSEN,OAM
wbm-4-23579,eSEN,0.9948854985000001,-0.0011144973533334954,eSEN,OAM
wbm-4-24423,eSEN,1.0125186705,-5.751666999991301e-05,eSEN,OAM
wbm-4-24471,eSEN,0.9888410469000001,0.005617118712499962,eSEN,OAM
wbm-4-245,eSEN,1.0026143416,-0.005015159417499993,eSEN,OAM
wbm-4-2486,eSEN,0.9910940748,0.002903255525000059,eSEN,OAM
wbm-4-24976,eSEN,0.9953280175,0.013890908077142989,eSEN,OAM
wbm-4-25275,eSEN,0.9994453655000001,0.0007008781183333923,eSEN,OAM
wbm-4-25460,eSEN,0.9894639941000001,0.004825138344166646,eSEN,OAM
wbm-4-2551,eSEN,0.9961323103,0.0010607664275001482,eSEN,OAM
wbm-4-25775,eSEN,0.9929405351,0.00014674692545471854,eSEN,OAM
wbm-4-26367,eSEN,1.0003088407,-0.0021715362169999965,eSEN,OAM
wbm-4-26686,eSEN,0.9894493343,0.018395296098888833,eSEN,OAM
wbm-4-26775,eSEN,0.9954810637,0.0008315583933333907,eSEN,OAM
wbm-4-26883,eSEN,0.9868590703000001,0.00340231539600012,eSEN,OAM
wbm-4-26915,eSEN,0.9799481104000001,0.00604771911777754,eSEN,OAM
wbm-4-27182,eSEN,0.9951050577,0.02317739371400009,eSEN,OAM
wbm-4-27263,eSEN,0.9840458792000001,0.004708805514999881,eSEN,OAM
wbm-4-27275,eSEN,0.9938498839000001,0.014335185413333404,eSEN,OAM
wbm-4-27736,eSEN,0.9975894272,0.011418839653999983,eSEN,OAM
wbm-4-27942,eSEN,0.9962240683,-0.009405886142999975,eSEN,OAM
wbm-4-27954,eSEN,1.0095994504,0.0015280924619999327,eSEN,OAM
wbm-4-28454,eSEN,0.9880916979000001,-0.012883854774000055,eSEN,OAM
wbm-4-28465,eSEN,0.9985989691,-0.012265539085000228,eSEN,OAM
wbm-4-28726,eSEN,0.9777044068,-0.009542145558333342,eSEN,OAM
wbm-4-28844,eSEN,0.9853099668,-0.003566351166000033,eSEN,OAM
wbm-4-29036,eSEN,0.9985618823,0.007120024687500015,eSEN,OAM
wbm-4-29107,eSEN,1.0037257871,-0.007240224083333521,eSEN,OAM
wbm-4-29225,eSEN,0.9907260567,0.001944970374166388,eSEN,OAM
wbm-4-29341,eSEN,1.0253481589,-0.006069141055000019,eSEN,OAM
wbm-4-29856,eSEN,0.9996113668000001,0.0011730513474998983,eSEN,OAM
wbm-4-30094,eSEN,1.0005144917,-0.006384216090000195,eSEN,OAM
wbm-4-3031,eSEN,0.9898591592,0.0013784392649998976,eSEN,OAM
wbm-4-3082,eSEN,1.001983648,-0.002977979326250146,eSEN,OAM
wbm-4-30986,eSEN,0.9686689948,0.005980897763999878,eSEN,OAM
wbm-4-31067,eSEN,1.0081292107,0.005252659545000071,eSEN,OAM
wbm-4-31477,eSEN,0.9917980913000001,0.000858844497500133,eSEN,OAM
wbm-4-31779,eSEN,1.0026218153,0.005355084112500208,eSEN,OAM
wbm-4-32151,eSEN,1.0082040514,-0.00876907695222226,eSEN,OAM
wbm-4-3228,eSEN,0.9994553234,0.00356623129454541,eSEN,OAM
wbm-4-32502,eSEN,0.9958818872,0.0005260265800002865,eSEN,OAM
wbm-4-32615,eSEN,1.0154581156,-0.01443753998166694,eSEN,OAM
wbm-4-32624,eSEN,0.9860127882,-0.0006247514050000014,eSEN,OAM
wbm-4-33071,eSEN,0.9606781854,0.008318678755555503,eSEN,OAM
wbm-4-33100,eSEN,0.9933973471,0.0029732782139998905,eSEN,OAM
wbm-4-33257,eSEN,0.9954628693,-0.00618380786799996,eSEN,OAM
wbm-4-33273,eSEN,1.00289646,-0.004729746568518717,eSEN,OAM
wbm-4-33725,eSEN,1.0016109267,-0.0038275029022222565,eSEN,OAM
wbm-4-33762,eSEN,1.0086739133,-0.0016675032566664545,eSEN,OAM
wbm-4-33836,eSEN,0.9898804747000001,-0.0010552694800001206,eSEN,OAM
wbm-4-34209,eSEN,1.007809151,0.0021219783574998987,eSEN,OAM
wbm-4-34327,eSEN,1.0130667298,7.716304000000562e-05,eSEN,OAM
wbm-4-34644,eSEN,0.9893944092,0.00034643096800039073,eSEN,OAM
wbm-4-35087,eSEN,1.0184421307,-0.007948422197777758,eSEN,OAM
wbm-4-35344,eSEN,0.9884576424,-0.01785380678999992,eSEN,OAM
wbm-4-35488,eSEN,0.9910476155000001,0.002754960495555518,eSEN,OAM
wbm-4-35828,eSEN,0.9979136712000001,0.0015081608074998698,eSEN,OAM
wbm-4-36211,eSEN,1.0102434667,-0.008213218300000057,eSEN,OAM
wbm-4-36238,eSEN,1.0039503929,-0.004300428193999934,eSEN,OAM
wbm-4-36284,eSEN,0.9900526933,-0.006339395649999968,eSEN,OAM
wbm-4-3650,eSEN,0.9838087747,0.002563922960000061,eSEN,OAM
wbm-4-36563,eSEN,1.0023837387,0.004602381925000021,eSEN,OAM
wbm-4-36886,eSEN,0.9885718624000001,0.0022114508399998555,eSEN,OAM
wbm-4-38132,eSEN,0.9812990106,-0.012196382056666621,eSEN,OAM
wbm-4-38261,eSEN,0.9928110304000001,-0.01296920122999996,eSEN,OAM
wbm-4-38287,eSEN,0.9772284370000001,-0.03201964336666663,eSEN,OAM
wbm-4-38623,eSEN,0.9624047199,-0.008500446806666772,eSEN,OAM
wbm-4-3874,eSEN,0.9954434319000001,-0.0007236245609999514,eSEN,OAM
wbm-4-38916,eSEN,1.1302333401,-0.3212449791583338,eSEN,OAM
wbm-4-390,eSEN,1.0041581114,-0.0017270592091666852,eSEN,OAM
wbm-4-39018,eSEN,1.0069000629,-0.0019288002012499473,eSEN,OAM
wbm-4-39340,eSEN,0.9919834842,-0.005632066204000026,eSEN,OAM
wbm-4-39520,eSEN,0.9961011341,-0.006548535465555558,eSEN,OAM
wbm-4-39553,eSEN,0.9989526109,-0.014694648653703426,eSEN,OAM
wbm-4-39788,eSEN,1.006258296,0.0010558831866666434,eSEN,OAM
wbm-4-39799,eSEN,1.0018589357,0.0014552100849999582,eSEN,OAM
wbm-4-39958,eSEN,0.9952422022,0.001018955225000203,eSEN,OAM
wbm-4-4154,eSEN,1.0030144053,-0.005243231038333226,eSEN,OAM
wbm-4-419,eSEN,1.0322902375,0.004035876125000115,eSEN,OAM
wbm-4-4316,eSEN,0.9993900505000001,0.001257131796666755,eSEN,OAM
wbm-4-4524,eSEN,0.9933147425000001,-0.001325870670833229,eSEN,OAM
wbm-4-4590,eSEN,1.0003897407,-0.006577444921666557,eSEN,OAM
wbm-4-4672,eSEN,1.0454737662,0.006667704152499976,eSEN,OAM
wbm-4-5750,eSEN,0.9993039916,-0.003419865637499934,eSEN,OAM
wbm-4-6051,eSEN,1.0198903601,-0.0013069580174999817,eSEN,OAM
wbm-4-6066,eSEN,0.9965541083,-0.0026752647200000367,eSEN,OAM
wbm-4-6167,eSEN,0.9972305713,0.006287821216249911,eSEN,OAM
wbm-4-6225,eSEN,0.9923610393000001,-0.004212523645833441,eSEN,OAM
wbm-4-631,eSEN,0.9926419172000001,0.005423847622499966,eSEN,OAM
wbm-4-6515,eSEN,0.9903188099,-0.0007780233920000512,eSEN,OAM
wbm-4-671,eSEN,1.0137586548,0.0037555599283332817,eSEN,OAM
wbm-4-6758,eSEN,0.9595604208,-0.010852987128333541,eSEN,OAM
wbm-4-7429,eSEN,0.9922177149,-0.004822774938333178,eSEN,OAM
wbm-4-7784,eSEN,0.9773814188000001,0.00704482540888907,eSEN,OAM
wbm-4-7967,eSEN,1.0056366216,-0.002920041369444447,eSEN,OAM
wbm-4-8012,eSEN,1.0019361762,0.0004892188987501101,eSEN,OAM
wbm-4-8174,eSEN,0.9913674078,-0.008596550057499997,eSEN,OAM
wbm-4-8734,eSEN,1.0142872164,-0.008436971959999795,eSEN,OAM
wbm-4-9164,eSEN,0.9954184398,-0.006354919145000153,eSEN,OAM
wbm-4-9438,eSEN,1.0087038426,-0.007513714428333173,eSEN,OAM
wbm-4-9479,eSEN,0.9897501306,-0.00012539941666673825,eSEN,OAM
wbm-4-9486,eSEN,0.9938583022,0.003386184395833425,eSEN,OAM
wbm-4-9845,eSEN,0.9948281092000001,-0.0054547155650000794,eSEN,OAM
wbm-5-10161,eSEN,0.9461070177,0.04652029541666655,eSEN,OAM
wbm-5-10176,eSEN,0.9993974961000001,-0.004268145511666551,eSEN,OAM
wbm-5-10611,eSEN,0.9996101312000001,-0.0014650173888888672,eSEN,OAM
wbm-5-10798,eSEN,1.0105044326,0.0003670772760000318,eSEN,OAM
wbm-5-10867,eSEN,0.9950486150000001,0.0016047866250000985,eSEN,OAM
wbm-5-10869,eSEN,1.0047361878,-0.0036286348624999577,eSEN,OAM
wbm-5-1132,eSEN,0.9959341486000001,4.0399764999943245e-05,eSEN,OAM
wbm-5-1146,eSEN,0.9940579969000001,0.0037595579342855957,eSEN,OAM
wbm-5-11469,eSEN,1.0018760048,-0.0009510748433336621,eSEN,OAM
wbm-5-11500,eSEN,1.0048276084,-0.004582366165000036,eSEN,OAM
wbm-5-11734,eSEN,0.9978067438,-0.0011910805137500535,eSEN,OAM
wbm-5-1206,eSEN,0.9908358391000001,-0.002359963278333351,eSEN,OAM
wbm-5-12443,eSEN,0.9801111872,0.005835308985000065,eSEN,OAM
wbm-5-12452,eSEN,1.0062620825,0.0016732137400000014,eSEN,OAM
wbm-5-12772,eSEN,0.7676441719,-0.17702671662857153,eSEN,OAM
wbm-5-12958,eSEN,0.9550607965000001,-0.015848726931999978,eSEN,OAM
wbm-5-12975,eSEN,0.9777175644,-0.009235870743749985,eSEN,OAM
wbm-5-13145,eSEN,1.020030047,-0.003683498079999925,eSEN,OAM
wbm-5-13166,eSEN,0.9528870333,-0.008092053957500057,eSEN,OAM
wbm-5-13349,eSEN,1.0031116095,-0.002682430769999813,eSEN,OAM
wbm-5-13801,eSEN,1.0282211395,0.00037932665799999654,eSEN,OAM
wbm-5-13950,eSEN,0.9828482268000001,-0.021900095487499806,eSEN,OAM
wbm-5-14458,eSEN,0.9879873100000001,-0.007740723368749957,eSEN,OAM
wbm-5-14813,eSEN,0.9969204650000001,0.0020024622550001148,eSEN,OAM
wbm-5-15005,eSEN,0.9980462845,-0.0030347412125000693,eSEN,OAM
wbm-5-15388,eSEN,0.9568864687,0.02407255760370364,eSEN,OAM
wbm-5-15524,eSEN,0.9901083256000001,0.0008575014222222264,eSEN,OAM
wbm-5-16875,eSEN,0.9885743025,-0.007505419767499966,eSEN,OAM
wbm-5-16887,eSEN,1.0135511482,-0.00886959365749993,eSEN,OAM
wbm-5-17752,eSEN,0.9804974033,0.007416592077500006,eSEN,OAM
wbm-5-17774,eSEN,1.0425312074,-0.05054376458750006,eSEN,OAM
wbm-5-1781,eSEN,1.0024482346,-0.008984381304999988,eSEN,OAM
wbm-5-18074,eSEN,1.0249019905,0.002366393113999976,eSEN,OAM
wbm-5-18353,eSEN,0.9988176624,0.002069759179999882,eSEN,OAM
wbm-5-18394,eSEN,0.9824506145,0.002302170328888546,eSEN,OAM
wbm-5-18629,eSEN,0.9965166428000001,-0.0005081551779999671,eSEN,OAM
wbm-5-1864,eSEN,0.9901786338,0.008134283401249932,eSEN,OAM
wbm-5-18736,eSEN,1.002049639,-0.004736715407500025,eSEN,OAM
wbm-5-19472,eSEN,1.0131934571,0.000741497135000202,eSEN,OAM
wbm-5-19507,eSEN,0.9871156950000001,-0.003973505966250013,eSEN,OAM
wbm-5-19558,eSEN,0.9909410618000001,-0.007875547879999978,eSEN,OAM
wbm-5-20261,eSEN,1.010664052,-0.003854684478333148,eSEN,OAM
wbm-5-20528,eSEN,0.9971616891,-0.00022630868666671705,eSEN,OAM
wbm-5-20727,eSEN,0.9860231490000001,-0.00493608952000019,eSEN,OAM
wbm-5-21007,eSEN,1.0059278024,-0.014981167167777719,eSEN,OAM
wbm-5-21081,eSEN,1.0017380441,0.00042121898499987155,eSEN,OAM
wbm-5-21165,eSEN,0.9904303058,0.0027648038549999755,eSEN,OAM
wbm-5-21710,eSEN,0.9876972492,0.011140247376250034,eSEN,OAM
wbm-5-21754,eSEN,1.0071155561,-0.0020952147466667035,eSEN,OAM
wbm-5-21768,eSEN,0.9993813039,-0.008577564225000157,eSEN,OAM
wbm-5-21918,eSEN,0.99417467,-0.00442450762222229,eSEN,OAM
wbm-5-22235,eSEN,0.9864377988,0.0015575590777778025,eSEN,OAM
wbm-5-22562,eSEN,1.0016281611,-0.007344595843749779,eSEN,OAM
wbm-5-22642,eSEN,1.0268667204,-0.0003300887166666951,eSEN,OAM
wbm-5-22788,eSEN,0.9886260624000001,0.003256317044999868,eSEN,OAM
wbm-5-22853,eSEN,0.9932725773000001,0.0037811831755555484,eSEN,OAM
wbm-5-22992,eSEN,1.0223516998,-0.011262062272222274,eSEN,OAM
wbm-5-23199,eSEN,0.9971075673,-0.0021214198833336678,eSEN,OAM
wbm-5-2663,eSEN,0.9958552319,-0.00416128269125009,eSEN,OAM
wbm-5-2813,eSEN,0.9892176069,-0.005641482075555773,eSEN,OAM
wbm-5-2829,eSEN,0.9929061549,-0.012483468217500081,eSEN,OAM
wbm-5-2847,eSEN,1.0002885868,-0.016028045942499958,eSEN,OAM
wbm-5-3057,eSEN,0.9979503808,0.006281710465624979,eSEN,OAM
wbm-5-3160,eSEN,0.9867812582000001,-0.002792051467500034,eSEN,OAM
wbm-5-3442,eSEN,1.0016712929,-0.004866186084285675,eSEN,OAM
wbm-5-3649,eSEN,1.0020427096,0.0048682531983333275,eSEN,OAM
wbm-5-4145,eSEN,0.9996200298000001,0.005468701358749861,eSEN,OAM
wbm-5-4303,eSEN,1.0163605952,-0.00016568247500003963,eSEN,OAM
wbm-5-4413,eSEN,0.9810341338,-0.004364181951388879,eSEN,OAM
wbm-5-451,eSEN,0.9395850542,0.025888643023333362,eSEN,OAM
wbm-5-4759,eSEN,1.017529063,0.0038915367133332286,eSEN,OAM
wbm-5-5360,eSEN,0.9939652228,0.0006788609530862587,eSEN,OAM
wbm-5-5480,eSEN,1.0173042758,-0.011422118638749802,eSEN,OAM
wbm-5-5723,eSEN,1.0015875136,-0.0015174239277779044,eSEN,OAM
wbm-5-6005,eSEN,1.0164403155,-0.013483864599999942,eSEN,OAM
wbm-5-6149,eSEN,0.9986609248,0.004422095524999925,eSEN,OAM
wbm-5-6668,eSEN,0.9998493882,0.0023647976762500634,eSEN,OAM
wbm-5-6682,eSEN,1.0269327071,0.00380173275666667,eSEN,OAM
wbm-5-6789,eSEN,0.991445934,0.018551451302499977,eSEN,OAM
wbm-5-6846,eSEN,0.9983333710000001,-0.010144713001388675,eSEN,OAM
wbm-5-695,eSEN,1.0032628166,0.0044176741166664455,eSEN,OAM
wbm-5-722,eSEN,1.0037674366,-0.003268003963333241,eSEN,OAM
wbm-5-7334,eSEN,0.9752886845000001,0.006589563673333268,eSEN,OAM
wbm-5-7532,eSEN,1.0219183891,0.004242446162500002,eSEN,OAM
wbm-5-7573,eSEN,1.0385456555,-0.012652052117499757,eSEN,OAM
wbm-5-760,eSEN,1.0097454172,0.004157684815555739,eSEN,OAM
wbm-5-7725,eSEN,0.997407459,0.0011017352599999699,eSEN,OAM
wbm-5-8226,eSEN,0.9854302969000001,-0.0015783948555555267,eSEN,OAM
wbm-5-8567,eSEN,1.0090996159,0.0036340291344445397,eSEN,OAM
wbm-5-8771,eSEN,1.0056055933,0.0016575824200000255,eSEN,OAM
wbm-5-9104,eSEN,1.0024750342,0.012732043853571564,eSEN,OAM
wbm-5-9173,eSEN,1.015733446,0.008983052299999805,eSEN,OAM
wbm-5-9195,eSEN,1.0457083446,0.0005683822649998227,eSEN,OAM
wbm-5-9807,eSEN,0.9832443546,-0.008078423374000039,eSEN,OAM
wbm-5-9851,eSEN,0.9820759122,-0.004429815710714229,eSEN,OAM
wbm-1-10040,sevenn,0.9707431014000001,-0.005732465676000054,sevenn,OAM
wbm-1-10104,sevenn,0.9545055878,0.0019378960396664979,sevenn,OAM
wbm-1-10131,sevenn,0.9996562974000001,0.002051815224999984,sevenn,OAM
wbm-1-10631,sevenn,0.9646760326,0.00366715009777781,sevenn,OAM
wbm-1-10690,sevenn,0.9741252268,-0.0006530619522222262,sevenn,OAM
wbm-1-10748,sevenn,0.9954976166,0.0021321640511110396,sevenn,OAM
wbm-1-10973,sevenn,0.9851306303,-0.002770400973333409,sevenn,OAM
wbm-1-10992,sevenn,0.9834690669,-0.011994317462036982,sevenn,OAM
wbm-1-11087,sevenn,0.9870255373000001,-0.00876331646805569,sevenn,OAM
wbm-1-11317,sevenn,1.0184812608,-0.04350404979583347,sevenn,OAM
wbm-1-11393,sevenn,0.9770306386000001,-0.019982580298333257,sevenn,OAM
wbm-1-11757,sevenn,0.9955884591,0.003219819172500049,sevenn,OAM
wbm-1-11840,sevenn,0.9765549606,-0.0016242336857141635,sevenn,OAM
wbm-1-12258,sevenn,1.0029101857,-0.015937983299999885,sevenn,OAM
wbm-1-12348,sevenn,0.9690595223,-0.01190264831111118,sevenn,OAM
wbm-1-12519,sevenn,0.9766876477,-0.028337720663889097,sevenn,OAM
wbm-1-12679,sevenn,1.0038749083,-0.005967172233749984,sevenn,OAM
wbm-1-12695,sevenn,0.9462139549,0.0028340440100002697,sevenn,OAM
wbm-1-12778,sevenn,0.9608294903000001,-0.026601829320000193,sevenn,OAM
wbm-1-12786,sevenn,0.8878510344,-0.00013361075000002388,sevenn,OAM
wbm-1-13108,sevenn,0.9712282516,-0.02226586758333339,sevenn,OAM
wbm-1-13152,sevenn,1.0052755031,-0.007517499346249989,sevenn,OAM
wbm-1-13168,sevenn,0.9902991103000001,-0.01729099947999991,sevenn,OAM
wbm-1-13402,sevenn,0.9827261264,-0.012744445892499946,sevenn,OAM
wbm-1-13560,sevenn,0.9960444329,-0.007825168166666667,sevenn,OAM
wbm-1-13566,sevenn,0.9852814461,-0.002864544291666604,sevenn,OAM
wbm-1-13665,sevenn,0.9872209988,-0.007568197701000053,sevenn,OAM
wbm-1-13928,sevenn,0.9799666949,-0.006395966279999943,sevenn,OAM
wbm-1-14142,sevenn,0.9602467424000001,-0.012526166689999958,sevenn,OAM
wbm-1-14347,sevenn,0.9923914676000001,-0.013874615260000046,sevenn,OAM
wbm-1-14351,sevenn,0.9679371264000001,-0.01046100209749996,sevenn,OAM
wbm-1-14495,sevenn,0.9944393021000001,-0.016373014966666766,sevenn,OAM
wbm-1-14703,sevenn,0.9601902977000001,0.007940638538333348,sevenn,OAM
wbm-1-14724,sevenn,0.9937935354,0.0026918610016666736,sevenn,OAM
wbm-1-1523,sevenn,0.9820118683000001,-0.012360496501428639,sevenn,OAM
wbm-1-15999,sevenn,0.9842130964,-0.00417769269305563,sevenn,OAM
wbm-1-16058,sevenn,1.003674287,-0.0011656573350000343,sevenn,OAM
wbm-1-16080,sevenn,0.9768305652,-0.0022930460069999726,sevenn,OAM
wbm-1-1660,sevenn,0.9718451808,0.0020248467066665537,sevenn,OAM
wbm-1-16938,sevenn,0.9249045054,-0.010464319244444612,sevenn,OAM
wbm-1-16983,sevenn,0.9874762621000001,-0.011165186135000246,sevenn,OAM
wbm-1-17062,sevenn,0.9581319376,0.013957426688888969,sevenn,OAM
wbm-1-17125,sevenn,0.9797848504000001,-0.004487622826530633,sevenn,OAM
wbm-1-17377,sevenn,0.9802481801,0.0016284968349999217,sevenn,OAM
wbm-1-1791,sevenn,0.9953751496000001,-0.008097089382500023,sevenn,OAM
wbm-1-1842,sevenn,0.9934540727000001,-0.0009442953760001417,sevenn,OAM
wbm-1-19025,sevenn,0.9752921462,-0.008791765307499765,sevenn,OAM
wbm-1-19090,sevenn,0.9727248955000001,-0.0005764098075001112,sevenn,OAM
wbm-1-19173,sevenn,0.9596788565000001,-0.008781152452500062,sevenn,OAM
wbm-1-19684,sevenn,1.0005363217,-0.010936082006666818,sevenn,OAM
wbm-1-19969,sevenn,0.9909561553,0.00024163104125003444,sevenn,OAM
wbm-1-20187,sevenn,0.9938169514,-0.028585032486666623,sevenn,OAM
wbm-1-20692,sevenn,1.0093283425,0.001900746202499981,sevenn,OAM
wbm-1-2075,sevenn,0.9885480065000001,-0.018137161325714145,sevenn,OAM
wbm-1-21546,sevenn,0.93183531,2.8385332500047156e-05,sevenn,OAM
wbm-1-21647,sevenn,0.9571238657000001,-0.00447202796000011,sevenn,OAM
wbm-1-21918,sevenn,0.9610319988,-0.000996518359999876,sevenn,OAM
wbm-1-21974,sevenn,1.0194706517,0.005049400260000011,sevenn,OAM
wbm-1-22347,sevenn,1.0161090008,-0.0015554448700000733,sevenn,OAM
wbm-1-22912,sevenn,0.9915224161,-0.012202880910000057,sevenn,OAM
wbm-1-23029,sevenn,0.9754054226000001,-0.00377984162666678,sevenn,OAM
wbm-1-23533,sevenn,0.9930903130000001,0.007334803329167035,sevenn,OAM
wbm-1-23543,sevenn,1.0419905508,0.003663192474999999,sevenn,OAM
wbm-1-23636,sevenn,1.0351419471,-0.011992163822499968,sevenn,OAM
wbm-1-24053,sevenn,0.9670962025000001,0.004468752409999999,sevenn,OAM
wbm-1-24503,sevenn,0.9916983135,0.004903263329999996,sevenn,OAM
wbm-1-24761,sevenn,0.9854696562,0.0007468367370000095,sevenn,OAM
wbm-1-25075,sevenn,1.0035213596,-0.0007864262750000249,sevenn,OAM
wbm-1-25396,sevenn,1.0066689579,-0.005128887279999983,sevenn,OAM
wbm-1-2557,sevenn,0.9395054615,-0.018972276782500064,sevenn,OAM
wbm-1-25665,sevenn,0.9955365335,0.003959917205625008,sevenn,OAM
wbm-1-25849,sevenn,0.9929668454,0.0012832361149999372,sevenn,OAM
wbm-1-26263,sevenn,0.9806321417,-0.0024285258125000377,sevenn,OAM
wbm-1-26543,sevenn,0.9735720245,0.009578389119999909,sevenn,OAM
wbm-1-26634,sevenn,1.0224640677,-0.0013981328799999027,sevenn,OAM
wbm-1-2722,sevenn,0.9680802310000001,-0.010444886343999968,sevenn,OAM
wbm-1-27220,sevenn,0.99653455,-0.003103811035000037,sevenn,OAM
wbm-1-27502,sevenn,1.013405824,-0.007068179397500129,sevenn,OAM
wbm-1-27566,sevenn,0.9875556757,-0.00679100933600008,sevenn,OAM
wbm-1-28132,sevenn,0.9896497434,-0.011475771779999987,sevenn,OAM
wbm-1-28162,sevenn,1.0183424151,0.0016466685250000168,sevenn,OAM
wbm-1-28291,sevenn,0.9854955208,-0.0021920185442857484,sevenn,OAM
wbm-1-28599,sevenn,0.9911343219000001,0.0008650591128571251,sevenn,OAM
wbm-1-29365,sevenn,0.9616760676,-0.050532193367500255,sevenn,OAM
wbm-1-29807,sevenn,1.0167690659,-0.018113223149999857,sevenn,OAM
wbm-1-30045,sevenn,0.9633198192,-0.005252090335833397,sevenn,OAM
wbm-1-30099,sevenn,0.9451248197000001,-0.006840734213333456,sevenn,OAM
wbm-1-30230,sevenn,1.0395363303,-0.0017518284637498382,sevenn,OAM
wbm-1-3078,sevenn,0.9449877589000001,-0.008357635954999854,sevenn,OAM
wbm-1-30964,sevenn,0.9850787387000001,-0.02049588529199994,sevenn,OAM
wbm-1-31348,sevenn,0.916773711,-0.026282226554444475,sevenn,OAM
wbm-1-31767,sevenn,0.9779503112000001,-0.0038734679399996235,sevenn,OAM
wbm-1-31797,sevenn,0.9311193229,-0.02534798807899975,sevenn,OAM
wbm-1-31867,sevenn,0.9501565212,-0.027466503208928676,sevenn,OAM
wbm-1-32076,sevenn,1.0224109374,-0.02071286378541674,sevenn,OAM
wbm-1-32536,sevenn,0.9967615288,0.0005652840287499572,sevenn,OAM
wbm-1-32556,sevenn,0.9758477713,0.00018021941799993614,sevenn,OAM
wbm-1-32966,sevenn,-2.1531112655,0.0003082605500004831,sevenn,OAM
wbm-1-33026,sevenn,0.9745968165000001,-0.00881867844999995,sevenn,OAM
wbm-1-33224,sevenn,0.97563484,0.006157990374999966,sevenn,OAM
wbm-1-34381,sevenn,1.0083356744,-0.0037003312825000913,sevenn,OAM
wbm-1-34429,sevenn,0.9884108744000001,-0.013375136516666566,sevenn,OAM
wbm-1-34519,sevenn,0.9884974521000001,-0.011204755988333363,sevenn,OAM
wbm-1-34758,sevenn,0.9488690751000001,0.00413550678000026,sevenn,OAM
wbm-1-34857,sevenn,0.9878852894000001,0.0022058580274999075,sevenn,OAM
wbm-1-35134,sevenn,1.0128044676,0.0011792050516667985,sevenn,OAM
wbm-1-3516,sevenn,0.968567516,-0.0046493154283333855,sevenn,OAM
wbm-1-3535,sevenn,0.9719477871000001,-0.015181676493333402,sevenn,OAM
wbm-1-35404,sevenn,0.9798937374000001,-0.011149280214285793,sevenn,OAM
wbm-1-35738,sevenn,0.9556801303,-0.002162850079999856,sevenn,OAM
wbm-1-36060,sevenn,0.978505583,-0.0036790053049998495,sevenn,OAM
wbm-1-36191,sevenn,0.9899492113,-0.007174344657500065,sevenn,OAM
wbm-1-36764,sevenn,0.9706240914,-0.009772859723750037,sevenn,OAM
wbm-1-36839,sevenn,0.9022693816,-0.014080578437499902,sevenn,OAM
wbm-1-36941,sevenn,0.9531328277000001,0.0695802671708334,sevenn,OAM
wbm-1-37204,sevenn,0.9146794719,0.03659045750833343,sevenn,OAM
wbm-1-37361,sevenn,1.0042004317,-0.0015061797499999585,sevenn,OAM
wbm-1-37528,sevenn,0.8962021722,0.031034635500000064,sevenn,OAM
wbm-1-37838,sevenn,1.0036927513,0.0006245387341667907,sevenn,OAM
wbm-1-38418,sevenn,0.8866544845000001,-0.0023161780208333484,sevenn,OAM
wbm-1-38520,sevenn,0.9069756652000001,-0.03743464054166677,sevenn,OAM
wbm-1-38808,sevenn,0.9958570964000001,-0.00015232553583324204,sevenn,OAM
wbm-1-39089,sevenn,0.9605702955000001,-0.002945306372500145,sevenn,OAM
wbm-1-40024,sevenn,0.9105311354000001,0.0011770220420000044,sevenn,OAM
wbm-1-40484,sevenn,0.9968547457,0.002158272847500046,sevenn,OAM
wbm-1-40953,sevenn,0.9765389659,0.0012112118525000604,sevenn,OAM
wbm-1-41091,sevenn,0.9860564485000001,-0.007623632799166794,sevenn,OAM
wbm-1-41383,sevenn,0.9810281159,-0.008488723626666328,sevenn,OAM
wbm-1-41389,sevenn,0.9846135551,-0.008303197562727214,sevenn,OAM
wbm-1-41515,sevenn,0.9851226248,-0.004918703628333413,sevenn,OAM
wbm-1-41644,sevenn,0.9396042550000001,-0.002107023593650874,sevenn,OAM
wbm-1-42383,sevenn,0.9822240911000001,-0.00591678483499976,sevenn,OAM
wbm-1-42731,sevenn,0.9772404558000001,0.002438539926666768,sevenn,OAM
wbm-1-43066,sevenn,0.9810987202,-0.004624644940833633,sevenn,OAM
wbm-1-43649,sevenn,0.9845105650000001,0.014249462095833228,sevenn,OAM
wbm-1-43796,sevenn,0.9847744142,0.002217983876666807,sevenn,OAM
wbm-1-44126,sevenn,0.9992211048,0.016951991967000028,sevenn,OAM
wbm-1-44340,sevenn,0.9725452418,0.00289037977750007,sevenn,OAM
wbm-1-44478,sevenn,1.1129088128,0.11098419521111111,sevenn,OAM
wbm-1-44580,sevenn,0.9988953962,-0.0020139421824998394,sevenn,OAM
wbm-1-44656,sevenn,0.9403946881,-0.03557050789416643,sevenn,OAM
wbm-1-45122,sevenn,0.9875735001,-0.008350301164000058,sevenn,OAM
wbm-1-45422,sevenn,0.9299934079000001,-0.041377177628888734,sevenn,OAM
wbm-1-45595,sevenn,1.0322078192,-0.034025411243333185,sevenn,OAM
wbm-1-45824,sevenn,0.9542311438000001,-0.008096942166666447,sevenn,OAM
wbm-1-45844,sevenn,0.8796026358,-0.016204627304761892,sevenn,OAM
wbm-1-45939,sevenn,0.9096931698,0.006174514380833548,sevenn,OAM
wbm-1-45958,sevenn,0.9528615604,0.0013324249283333718,sevenn,OAM
wbm-1-46061,sevenn,0.945470287,-0.0024441598366665928,sevenn,OAM
wbm-1-46063,sevenn,0.9818459478,-0.016639991485000276,sevenn,OAM
wbm-1-462,sevenn,0.9541396794,-0.02366950961500005,sevenn,OAM
wbm-1-46216,sevenn,0.9524090453,0.004449856285000091,sevenn,OAM
wbm-1-4644,sevenn,0.9460557204000001,0.0001871970790909152,sevenn,OAM
wbm-1-46479,sevenn,0.9303858414,-0.01683171671333324,sevenn,OAM
wbm-1-46897,sevenn,0.9824049688000001,-0.015069111301110953,sevenn,OAM
wbm-1-47256,sevenn,0.9652139737000001,-0.002827005137500005,sevenn,OAM
wbm-1-47271,sevenn,0.9750286454,0.0072009886849998764,sevenn,OAM
wbm-1-47332,sevenn,0.9877698103,-0.004282361674999935,sevenn,OAM
wbm-1-47390,sevenn,1.0103372226,-0.008062098823749975,sevenn,OAM
wbm-1-4748,sevenn,0.9512156672000001,-0.005017001182000058,sevenn,OAM
wbm-1-47680,sevenn,0.979798782,-0.009852851511000012,sevenn,OAM
wbm-1-48045,sevenn,0.9791125185,-0.00236496880999999,sevenn,OAM
wbm-1-48387,sevenn,0.9551553306,-0.003604920456250138,sevenn,OAM
wbm-1-48516,sevenn,0.9474617283000001,-0.0015456790774999618,sevenn,OAM
wbm-1-48844,sevenn,0.9800885062,-0.005325454253124917,sevenn,OAM
wbm-1-48894,sevenn,0.9516464511,0.00788476515111114,sevenn,OAM
wbm-1-48917,sevenn,0.9712133824,0.0014839642587500367,sevenn,OAM
wbm-1-48956,sevenn,1.0063512506,-0.0019508283462499776,sevenn,OAM
wbm-1-4923,sevenn,1.0830355251000001,-0.06977088675499994,sevenn,OAM
wbm-1-4926,sevenn,0.9881258502,-0.007096375001250177,sevenn,OAM
wbm-1-49882,sevenn,0.9930088557000001,-0.008503493407777778,sevenn,OAM
wbm-1-50042,sevenn,0.9929399142,-0.0017212078288886957,sevenn,OAM
wbm-1-5045,sevenn,1.1391554003,-0.27559504468,sevenn,OAM
wbm-1-50475,sevenn,0.9847343621,0.0001170171760000116,sevenn,OAM
wbm-1-5112,sevenn,0.8825270030000001,0.004708606242999878,sevenn,OAM
wbm-1-51210,sevenn,0.9728131277000001,-0.002487436672499932,sevenn,OAM
wbm-1-51562,sevenn,0.8133008386,-0.007434941737500189,sevenn,OAM
wbm-1-51828,sevenn,0.9569275817,0.002376399695000053,sevenn,OAM
wbm-1-51920,sevenn,0.9813727917,-0.009348727070833245,sevenn,OAM
wbm-1-52323,sevenn,0.9895625589,6.239951199997762e-05,sevenn,OAM
wbm-1-5320,sevenn,0.9732032411,-0.002959389169166589,sevenn,OAM
wbm-1-54021,sevenn,0.9708465462,-0.01242151538400023,sevenn,OAM
wbm-1-54211,sevenn,0.9919905186,0.009154316551999955,sevenn,OAM
wbm-1-54223,sevenn,0.9778846178,0.0020849352240001904,sevenn,OAM
wbm-1-54845,sevenn,0.9321808988,0.019468493687142742,sevenn,OAM
wbm-1-55055,sevenn,0.8944027408,-0.048482239160714515,sevenn,OAM
wbm-1-55621,sevenn,0.9788294447,-0.0009454974033332064,sevenn,OAM
wbm-1-55626,sevenn,0.9232047633,0.0015614379783331835,sevenn,OAM
wbm-1-55839,sevenn,0.8969767609,-0.0036714797666668104,sevenn,OAM
wbm-1-56095,sevenn,0.9791613585000001,-0.014945614993333104,sevenn,OAM
wbm-1-56442,sevenn,0.9779740180000001,-0.007817889116249966,sevenn,OAM
wbm-1-56596,sevenn,0.9984005095,-0.004521891121111092,sevenn,OAM
wbm-1-56597,sevenn,0.9542966005,-0.010558705189000008,sevenn,OAM
wbm-1-5673,sevenn,0.9823725471,0.0053614004875001346,sevenn,OAM
wbm-1-5686,sevenn,1.0366073507,-0.033518859965999966,sevenn,OAM
wbm-1-57622,sevenn,0.9716177182,-0.004167235483333383,sevenn,OAM
wbm-1-58300,sevenn,0.9271532961000001,0.00220989303645854,sevenn,OAM
wbm-1-58411,sevenn,0.9142376666,-0.022106416839999986,sevenn,OAM
wbm-1-58431,sevenn,0.9563889549000001,-0.022129040680000087,sevenn,OAM
wbm-1-5891,sevenn,1.0089695352,0.011722434237500115,sevenn,OAM
wbm-1-59108,sevenn,0.9316037149,-0.05599185644999993,sevenn,OAM
wbm-1-59510,sevenn,0.9343257701000001,-0.02363853509500018,sevenn,OAM
wbm-1-59715,sevenn,0.9662059951,0.00489465031000007,sevenn,OAM
wbm-1-59754,sevenn,0.9892611603,-0.0018919582990000092,sevenn,OAM
wbm-1-59925,sevenn,0.926975081,0.006378196503333437,sevenn,OAM
wbm-1-60339,sevenn,0.9982476644,-0.0012381009725000336,sevenn,OAM
wbm-1-60437,sevenn,0.9906522438,0.005778823118750065,sevenn,OAM
wbm-1-60536,sevenn,0.9905695098,0.0040274022119047475,sevenn,OAM
wbm-1-61353,sevenn,1.058958997,-0.007322796780000029,sevenn,OAM
wbm-1-61447,sevenn,0.9293936285000001,-0.005155927503333401,sevenn,OAM
wbm-1-61492,sevenn,0.9436845152000001,-0.007153740190000058,sevenn,OAM
wbm-1-61567,sevenn,0.9307328064,0.00502944188499983,sevenn,OAM
wbm-1-6677,sevenn,1.0132413163,0.023272642816666078,sevenn,OAM
wbm-1-6831,sevenn,1.0028020088,0.017634152003636737,sevenn,OAM
wbm-1-6877,sevenn,0.9588434845,-0.027459100938750147,sevenn,OAM
wbm-1-7173,sevenn,0.9849515816000001,-0.0034334450199997946,sevenn,OAM
wbm-1-7275,sevenn,0.924166755,-0.009715035559999929,sevenn,OAM
wbm-1-7410,sevenn,0.9798512175,-0.010789667461666616,sevenn,OAM
wbm-1-8359,sevenn,1.0000394727,-0.00794806812749993,sevenn,OAM
wbm-1-8367,sevenn,0.9894399194000001,-0.016630601553333336,sevenn,OAM
wbm-1-9075,sevenn,0.983082019,0.004322984624166537,sevenn,OAM
wbm-1-9196,sevenn,0.9887386302000001,-0.0035611636325000974,sevenn,OAM
wbm-1-9201,sevenn,0.9758600296000001,-0.0006714345625000728,sevenn,OAM
wbm-1-987,sevenn,0.9514186567,-0.008205142869999906,sevenn,OAM
wbm-1-9927,sevenn,0.9987254636,0.001922477803999989,sevenn,OAM
wbm-2-10245,sevenn,1.0095242251,0.005526057940999962,sevenn,OAM
wbm-2-10499,sevenn,0.9860666849,-0.0030985673233333935,sevenn,OAM
wbm-2-10810,sevenn,0.9870526485000001,-0.022469915730000088,sevenn,OAM
wbm-2-10923,sevenn,0.9744191481000001,-0.013802380275000026,sevenn,OAM
wbm-2-11068,sevenn,0.9744362106000001,0.0016740751860000104,sevenn,OAM
wbm-2-11084,sevenn,0.9771986963,-0.004777104744000056,sevenn,OAM
wbm-2-11128,sevenn,0.9553000586,-0.008322003299999778,sevenn,OAM
wbm-2-11212,sevenn,0.9853187335,-0.014056442855454323,sevenn,OAM
wbm-2-11382,sevenn,0.9759790042,0.0053160402142854385,sevenn,OAM
wbm-2-1151,sevenn,0.9808539019,-0.006002957949166662,sevenn,OAM
wbm-2-11618,sevenn,0.9449719103,-0.022820893746666668,sevenn,OAM
wbm-2-11694,sevenn,0.9749779682,-0.006619206336250194,sevenn,OAM
wbm-2-11991,sevenn,0.9736295791,-0.006717227159999961,sevenn,OAM
wbm-2-12110,sevenn,0.9672950383000001,-0.004439666806666646,sevenn,OAM
wbm-2-1217,sevenn,0.9885049064,-0.00819684869833317,sevenn,OAM
wbm-2-12245,sevenn,0.9536865258,-0.004885128854444472,sevenn,OAM
wbm-2-12407,sevenn,0.8821879269,-0.015426130035000263,sevenn,OAM
wbm-2-12899,sevenn,0.9766014302,0.0026291790866666887,sevenn,OAM
wbm-2-13207,sevenn,0.9740653739,-0.012027253215000163,sevenn,OAM
wbm-2-13474,sevenn,0.9901489931,-0.007838453190000028,sevenn,OAM
wbm-2-13628,sevenn,1.0121742859,-0.023050246686666637,sevenn,OAM
wbm-2-13632,sevenn,1.0071896313,-0.023280100208333227,sevenn,OAM
wbm-2-13798,sevenn,0.9889821497000001,-0.0014214297300002936,sevenn,OAM
wbm-2-13799,sevenn,0.9711958947,-0.00853587767083308,sevenn,OAM
wbm-2-13911,sevenn,0.9945254976000001,-0.004132571432500143,sevenn,OAM
wbm-2-14116,sevenn,0.9710557441000001,0.0006436748624998619,sevenn,OAM
wbm-2-14733,sevenn,0.9875719529,-0.00572296527750007,sevenn,OAM
wbm-2-14949,sevenn,0.9807476646000001,-0.004877232744166804,sevenn,OAM
wbm-2-14980,sevenn,1.0058017304,-0.0010763937000000112,sevenn,OAM
wbm-2-15047,sevenn,1.0409805573,0.018242124287499717,sevenn,OAM
wbm-2-15398,sevenn,0.9656892306,0.014084573091250085,sevenn,OAM
wbm-2-15816,sevenn,0.9991228508000001,0.0016192985679998628,sevenn,OAM
wbm-2-15882,sevenn,0.9763373192,-0.005208976667187337,sevenn,OAM
wbm-2-16299,sevenn,0.9730793301,0.010887074168749945,sevenn,OAM
wbm-2-16983,sevenn,0.9787552708,-0.005879943907999916,sevenn,OAM
wbm-2-17344,sevenn,0.9772676347,0.0030450032025000516,sevenn,OAM
wbm-2-1787,sevenn,0.9294849466,-0.00288762514142858,sevenn,OAM
wbm-2-19108,sevenn,0.9453470173,0.0017321060033332596,sevenn,OAM
wbm-2-19313,sevenn,1.0298882066,0.0008920666211110983,sevenn,OAM
wbm-2-20028,sevenn,0.9742965117000001,-0.3449296644600002,sevenn,OAM
wbm-2-20166,sevenn,0.9729133912000001,-0.00670418428545464,sevenn,OAM
wbm-2-20256,sevenn,1.008050235,-0.013451949161818274,sevenn,OAM
wbm-2-20265,sevenn,1.0836063863,0.003427232881481501,sevenn,OAM
wbm-2-20392,sevenn,0.9870365616000001,-0.0035618489374998675,sevenn,OAM
wbm-2-20448,sevenn,0.9677438635000001,-0.001822761521249916,sevenn,OAM
wbm-2-20797,sevenn,1.0295073763,0.03260743037833364,sevenn,OAM
wbm-2-21074,sevenn,0.9702463426000001,0.01126495681999998,sevenn,OAM
wbm-2-21198,sevenn,0.9706668183,-0.0004919035816666787,sevenn,OAM
wbm-2-21508,sevenn,0.9687862021,-0.01581104308250003,sevenn,OAM
wbm-2-21597,sevenn,0.9714278416000001,0.003897199530000002,sevenn,OAM
wbm-2-21693,sevenn,0.9937911502000001,-0.006948610792499998,sevenn,OAM
wbm-2-21990,sevenn,0.9382024427000001,-0.01972442567749999,sevenn,OAM
wbm-2-22192,sevenn,0.9858443530000001,-0.002496432585000008,sevenn,OAM
wbm-2-2223,sevenn,0.9852676386,-0.003633914814166772,sevenn,OAM
wbm-2-22928,sevenn,1.0116289141,-0.028320782291071378,sevenn,OAM
wbm-2-22992,sevenn,0.9795993716,0.010726660595238207,sevenn,OAM
wbm-2-2316,sevenn,1.0065212348,-0.009626701908333443,sevenn,OAM
wbm-2-23452,sevenn,0.9938321895000001,0.0005681255275000296,sevenn,OAM
wbm-2-23794,sevenn,0.9966090692,-0.01446828623714289,sevenn,OAM
wbm-2-23880,sevenn,0.9882868958000001,-0.006048929109999879,sevenn,OAM
wbm-2-23973,sevenn,0.979814587,-0.0011218094049999887,sevenn,OAM
wbm-2-24003,sevenn,1.0183446385,-0.0017066082028570405,sevenn,OAM
wbm-2-24061,sevenn,0.9874225772,0.0008046851808332533,sevenn,OAM
wbm-2-24501,sevenn,1.0035081352,0.00149344155200005,sevenn,OAM
wbm-2-24549,sevenn,1.0366312712,0.0014092485149999946,sevenn,OAM
wbm-2-24887,sevenn,0.9739904855,0.009339589170000018,sevenn,OAM
wbm-2-25039,sevenn,0.9901406938,-0.0004951833733333632,sevenn,OAM
wbm-2-25087,sevenn,1.0332617211,-0.021509977960000003,sevenn,OAM
wbm-2-25091,sevenn,0.9628274957,-0.013528191560833491,sevenn,OAM
wbm-2-25182,sevenn,0.9871817833000001,-0.013418060355000039,sevenn,OAM
wbm-2-25748,sevenn,0.9495829530000001,0.007300878580000045,sevenn,OAM
wbm-2-25883,sevenn,0.972890412,-0.008957269877500007,sevenn,OAM
wbm-2-26027,sevenn,0.9965689768,-0.006420259556666727,sevenn,OAM
wbm-2-26175,sevenn,0.9946098447,-0.011590948522499955,sevenn,OAM
wbm-2-26205,sevenn,1.0110869677,0.0146549869050002,sevenn,OAM
wbm-2-26262,sevenn,0.9737117289,-0.0025757642950616504,sevenn,OAM
wbm-2-26500,sevenn,1.0234399362,-0.039533518416667114,sevenn,OAM
wbm-2-26676,sevenn,0.9922451079000001,-0.001353405500000022,sevenn,OAM
wbm-2-2669,sevenn,1.0060052448,0.0018926896472221738,sevenn,OAM
wbm-2-27233,sevenn,1.0883169449,-0.02503640635666666,sevenn,OAM
wbm-2-27460,sevenn,0.9908007925000001,-0.00860484251090903,sevenn,OAM
wbm-2-27581,sevenn,0.9865997151,-0.012284229283333304,sevenn,OAM
wbm-2-27803,sevenn,0.9661600185,-0.0022640374388888376,sevenn,OAM
wbm-2-27955,sevenn,1.0211171691,0.0020477112277777426,sevenn,OAM
wbm-2-28151,sevenn,0.9792766203000001,-0.024861302032499744,sevenn,OAM
wbm-2-28311,sevenn,1.010855758,-0.012004289922222092,sevenn,OAM
wbm-2-28628,sevenn,0.9893547311,0.008141921678000017,sevenn,OAM
wbm-2-28666,sevenn,0.9846053394000001,-0.023432450509000093,sevenn,OAM
wbm-2-29064,sevenn,0.9712875571,-0.029934100223999706,sevenn,OAM
wbm-2-29551,sevenn,0.8910841119,-0.0002773011116668537,sevenn,OAM
wbm-2-29590,sevenn,1.0313149063,-0.005863265482500157,sevenn,OAM
wbm-2-2973,sevenn,0.9765371114,0.0013587361987500656,sevenn,OAM
wbm-2-30232,sevenn,0.9962597931,0.01131148515,sevenn,OAM
wbm-2-30753,sevenn,1.0096829239,0.002266827786666603,sevenn,OAM
wbm-2-31075,sevenn,0.9586470061000001,-0.005032020329999831,sevenn,OAM
wbm-2-31128,sevenn,0.9299751886000001,0.0022354287722219763,sevenn,OAM
wbm-2-31420,sevenn,0.9698745916,-0.012680070221666699,sevenn,OAM
wbm-2-31514,sevenn,0.9757272457,0.004041949537499789,sevenn,OAM
wbm-2-31515,sevenn,0.9752555705,-0.004162473239999937,sevenn,OAM
wbm-2-31561,sevenn,0.9916114269,-0.00971151391999996,sevenn,OAM
wbm-2-31795,sevenn,0.9735975996,-0.00880294137833341,sevenn,OAM
wbm-2-32099,sevenn,0.9913430086,-0.002505994798333333,sevenn,OAM
wbm-2-32354,sevenn,0.9815275502,-0.0014074253149999993,sevenn,OAM
wbm-2-32386,sevenn,0.9931441899000001,-0.0035799279199998147,sevenn,OAM
wbm-2-32777,sevenn,0.9839968169000001,-0.010298395878333307,sevenn,OAM
wbm-2-32910,sevenn,1.0060472734,-0.0038703793633333796,sevenn,OAM
wbm-2-33373,sevenn,1.006991559,0.010190736651111207,sevenn,OAM
wbm-2-33421,sevenn,0.9871580057,6.149797099993748e-05,sevenn,OAM
wbm-2-34088,sevenn,0.9972425722,0.020656774071999846,sevenn,OAM
wbm-2-3424,sevenn,0.9854325769000001,-0.009371792803333239,sevenn,OAM
wbm-2-34474,sevenn,0.9946241887,-0.0013876444162499446,sevenn,OAM
wbm-2-34818,sevenn,0.933419799,-0.004019943823333231,sevenn,OAM
wbm-2-34985,sevenn,0.9178394354,-0.0006995824224998634,sevenn,OAM
wbm-2-35177,sevenn,0.932241827,-0.015304648768181533,sevenn,OAM
wbm-2-35202,sevenn,0.8936159646,-0.004094636093939106,sevenn,OAM
wbm-2-35598,sevenn,0.9421103647,-0.021900089420000057,sevenn,OAM
wbm-2-35958,sevenn,0.9688704233000001,-0.00593919251499969,sevenn,OAM
wbm-2-36105,sevenn,0.9894625031000001,-0.0029058839199999653,sevenn,OAM
wbm-2-36320,sevenn,0.982211869,-0.004528558309999653,sevenn,OAM
wbm-2-36499,sevenn,0.9848199541,-0.0068039583181815876,sevenn,OAM
wbm-2-36606,sevenn,0.9795723978,0.006528147686666585,sevenn,OAM
wbm-2-37493,sevenn,0.9537528739000001,0.008384054599999994,sevenn,OAM
wbm-2-37746,sevenn,0.9661948734,-0.003092506485000115,sevenn,OAM
wbm-2-38,sevenn,1.0068199785,-0.23529107526666712,sevenn,OAM
wbm-2-38123,sevenn,1.0006352245,-0.01232716302777798,sevenn,OAM
wbm-2-38626,sevenn,0.9992306082,0.009255339162000028,sevenn,OAM
wbm-2-38768,sevenn,0.9717103587,-0.014161851806666686,sevenn,OAM
wbm-2-38824,sevenn,1.0191093292,0.0006561270533332812,sevenn,OAM
wbm-2-39093,sevenn,0.9639231895,0.01393479733083313,sevenn,OAM
wbm-2-39277,sevenn,0.9415702024,-0.009558928440740631,sevenn,OAM
wbm-2-39858,sevenn,0.9889356224,0.0021991078208333605,sevenn,OAM
wbm-2-3987,sevenn,0.9988685005000001,-0.007552974260000056,sevenn,OAM
wbm-2-40383,sevenn,0.9567537973,0.01809776198199984,sevenn,OAM
wbm-2-40651,sevenn,0.9726277258,-0.007130280491428413,sevenn,OAM
wbm-2-40707,sevenn,0.9453734618,0.01492957156700001,sevenn,OAM
wbm-2-4091,sevenn,0.9503904815,0.013011723758333224,sevenn,OAM
wbm-2-40954,sevenn,0.9666006765,0.00176539623875005,sevenn,OAM
wbm-2-41053,sevenn,0.9744895974000001,-0.006821754326249962,sevenn,OAM
wbm-2-4187,sevenn,0.9059492139,0.008034284239285634,sevenn,OAM
wbm-2-42127,sevenn,0.9797499433,-0.019572745822499994,sevenn,OAM
wbm-2-42209,sevenn,0.9715506142,-0.0019215965249999912,sevenn,OAM
wbm-2-42382,sevenn,0.9976195776000001,-0.0020720410116666105,sevenn,OAM
wbm-2-44123,sevenn,0.9798677060000001,-0.015215616061110993,sevenn,OAM
wbm-2-44195,sevenn,0.9924949439,-0.022964131026666598,sevenn,OAM
wbm-2-44473,sevenn,0.9598599707000001,-0.0012363135649999357,sevenn,OAM
wbm-2-44832,sevenn,0.9831113657,-0.004215289202500028,sevenn,OAM
wbm-2-44888,sevenn,0.9562306678,0.00402378800416668,sevenn,OAM
wbm-2-45158,sevenn,0.9851857868,-0.009969279105000072,sevenn,OAM
wbm-2-45183,sevenn,0.9983348142,-0.004474542683333264,sevenn,OAM
wbm-2-45365,sevenn,1.0153382304,-0.003792948858333133,sevenn,OAM
wbm-2-45585,sevenn,1.0052934228,-0.004784666980000907,sevenn,OAM
wbm-2-45645,sevenn,0.9505521666000001,-0.0012474190628569916,sevenn,OAM
wbm-2-45772,sevenn,0.9411629213,-0.011501005900000224,sevenn,OAM
wbm-2-45812,sevenn,0.9980467284000001,-0.01713181613749981,sevenn,OAM
wbm-2-46026,sevenn,0.9659334726000001,-0.010884711057000018,sevenn,OAM
wbm-2-46362,sevenn,0.9303329803,0.012138898675454935,sevenn,OAM
wbm-2-46431,sevenn,0.9772333158000001,-0.00021537880699995073,sevenn,OAM
wbm-2-46663,sevenn,0.9659671737000001,-0.0074535111018181254,sevenn,OAM
wbm-2-46903,sevenn,1.0119392928,0.001086919620000041,sevenn,OAM
wbm-2-46975,sevenn,0.9691579149,-0.0033899451716666936,sevenn,OAM
wbm-2-4763,sevenn,1.0020974148,-0.005135119366667082,sevenn,OAM
wbm-2-47914,sevenn,0.9580843691,-0.0036466892125002204,sevenn,OAM
wbm-2-48685,sevenn,0.9751592447,-0.01563141292916666,sevenn,OAM
wbm-2-48699,sevenn,0.99344034,-0.012469783574000104,sevenn,OAM
wbm-2-49019,sevenn,1.0043775272,-0.017319087109999964,sevenn,OAM
wbm-2-49081,sevenn,0.9986080537,-0.005621389131666869,sevenn,OAM
wbm-2-49233,sevenn,0.9840977692,-0.010280916753333343,sevenn,OAM
wbm-2-49340,sevenn,1.0029024329,-0.009574915950000129,sevenn,OAM
wbm-2-49384,sevenn,1.0138515307,0.017036101623333206,sevenn,OAM
wbm-2-49468,sevenn,0.9844875451,0.0026495970237500723,sevenn,OAM
wbm-2-50279,sevenn,0.9829079878,-0.010811386712499883,sevenn,OAM
wbm-2-50333,sevenn,0.9431123361,-0.003208978175000136,sevenn,OAM
wbm-2-50495,sevenn,0.9553226912,-0.0019425049649997323,sevenn,OAM
wbm-2-50655,sevenn,0.9761651728,-0.03018356111000011,sevenn,OAM
wbm-2-51174,sevenn,0.9710510731,-0.0037661768122223154,sevenn,OAM
wbm-2-5119,sevenn,0.9992603542,-0.0036166367227273423,sevenn,OAM
wbm-2-51568,sevenn,1.0251001657,-0.0018217811240738907,sevenn,OAM
wbm-2-51816,sevenn,1.0095344733,-0.013946238284999968,sevenn,OAM
wbm-2-51830,sevenn,0.9163515287,-0.0061796223527777906,sevenn,OAM
wbm-2-51886,sevenn,1.0094607117,-0.00824637073666666,sevenn,OAM
wbm-2-5191,sevenn,0.8657800661,0.002147438115454489,sevenn,OAM
wbm-2-52052,sevenn,0.9794488307,0.009634245022499988,sevenn,OAM
wbm-2-52350,sevenn,0.9915301666,-0.001114840794166542,sevenn,OAM
wbm-2-52424,sevenn,0.9920705007,-0.011640320814999994,sevenn,OAM
wbm-2-5247,sevenn,1.0046967006,-0.00022928145899982154,sevenn,OAM
wbm-2-52502,sevenn,1.0457577463,0.0007244931174999359,sevenn,OAM
wbm-2-52632,sevenn,0.9295238267,-0.015177597644444537,sevenn,OAM
wbm-2-5290,sevenn,0.9708379976,-0.02939914934600004,sevenn,OAM
wbm-2-5804,sevenn,1.0168702911,-0.015722283473333102,sevenn,OAM
wbm-2-6062,sevenn,0.9920932313,0.0036112877874998617,sevenn,OAM
wbm-2-6092,sevenn,0.9704633599,-0.0008204277533333009,sevenn,OAM
wbm-2-6110,sevenn,0.9401557024,-0.01514873525599995,sevenn,OAM
wbm-2-6329,sevenn,0.985339516,-0.031199662565000175,sevenn,OAM
wbm-2-6620,sevenn,1.0698991099,-0.020663257640000033,sevenn,OAM
wbm-2-6627,sevenn,0.9893320935000001,0.006202001218000106,sevenn,OAM
wbm-2-6892,sevenn,0.976343159,-0.002973643365000029,sevenn,OAM
wbm-2-6906,sevenn,0.9446974553,0.02294969903999997,sevenn,OAM
wbm-2-6947,sevenn,0.9682395967,-0.01049201644500002,sevenn,OAM
wbm-2-7202,sevenn,0.9736298761000001,-0.03735505287090894,sevenn,OAM
wbm-2-7809,sevenn,0.9731034892,0.010495775408000015,sevenn,OAM
wbm-2-828,sevenn,0.9860093505,-0.01011126534249982,sevenn,OAM
wbm-2-9248,sevenn,0.9532540724,0.007960292192499985,sevenn,OAM
wbm-2-9267,sevenn,0.9847880980000001,-0.0012979876700001114,sevenn,OAM
wbm-2-9731,sevenn,0.9794928034,-0.016236099744000042,sevenn,OAM
wbm-3-10689,sevenn,1.0374385344000001,-0.022695632108181808,sevenn,OAM
wbm-3-11165,sevenn,0.9710876428,-0.015353481284375192,sevenn,OAM
wbm-3-11718,sevenn,0.9762100595000001,-0.007018793951428596,sevenn,OAM
wbm-3-12323,sevenn,0.9893640546,-0.011022972572,sevenn,OAM
wbm-3-12716,sevenn,0.9877502798000001,-0.025857419867777884,sevenn,OAM
wbm-3-12746,sevenn,1.0001732945,-0.009809996045000014,sevenn,OAM
wbm-3-12774,sevenn,0.9835365264,-0.002251049916999861,sevenn,OAM
wbm-3-12889,sevenn,0.9935890472000001,-0.0065194162483334026,sevenn,OAM
wbm-3-13114,sevenn,0.9633128138,0.005547516054999945,sevenn,OAM
wbm-3-13317,sevenn,0.9896064125,-0.01132714944833329,sevenn,OAM
wbm-3-13400,sevenn,0.9668197269000001,-0.005230068770370438,sevenn,OAM
wbm-3-13486,sevenn,0.9741054778,-0.012803632089999928,sevenn,OAM
wbm-3-13949,sevenn,0.9871286643,-0.0012735047524999655,sevenn,OAM
wbm-3-13976,sevenn,0.9830458641,-0.010075058048999993,sevenn,OAM
wbm-3-14196,sevenn,0.9886046887000001,-0.0023925383749999972,sevenn,OAM
wbm-3-14217,sevenn,0.9924380741000001,-0.02000042999333339,sevenn,OAM
wbm-3-1457,sevenn,0.9139406405,0.00039388543000015377,sevenn,OAM
wbm-3-14648,sevenn,0.9934768398,0.010177121763750074,sevenn,OAM
wbm-3-148,sevenn,1.0207067761,-0.0033310359958333238,sevenn,OAM
wbm-3-14897,sevenn,0.981161296,-0.008600400487777706,sevenn,OAM
wbm-3-15167,sevenn,0.9812822079,-0.0048385816299999366,sevenn,OAM
wbm-3-15223,sevenn,0.9879475112,-0.004874692569999795,sevenn,OAM
wbm-3-15280,sevenn,1.0072624092,-0.009657907289000036,sevenn,OAM
wbm-3-15327,sevenn,0.9641312111,-0.01871584707666661,sevenn,OAM
wbm-3-1552,sevenn,0.9819800424,0.0023518452722223484,sevenn,OAM
wbm-3-15643,sevenn,0.9924793040000001,-0.008100789981000034,sevenn,OAM
wbm-3-16336,sevenn,0.9946080913,-0.003243932438333156,sevenn,OAM
wbm-3-16734,sevenn,0.9834117149,-0.011451108130000012,sevenn,OAM
wbm-3-16816,sevenn,0.99444708,-0.003794641081666761,sevenn,OAM
wbm-3-1719,sevenn,0.9896886008,-0.02226258920312511,sevenn,OAM
wbm-3-17250,sevenn,0.9836773671000001,-0.008520602812499866,sevenn,OAM
wbm-3-17617,sevenn,0.9762306542,-0.00444742665729166,sevenn,OAM
wbm-3-17661,sevenn,1.0219759249,0.007585239491111019,sevenn,OAM
wbm-3-1822,sevenn,0.9615664511,-0.008125070798888837,sevenn,OAM
wbm-3-18479,sevenn,1.0003139585,-0.011786236208888962,sevenn,OAM
wbm-3-18841,sevenn,0.9836537154,-0.01205191548888883,sevenn,OAM
wbm-3-19096,sevenn,0.9317688268000001,-0.008985447178888724,sevenn,OAM
wbm-3-19145,sevenn,0.9048676493000001,0.0065771510816665215,sevenn,OAM
wbm-3-19453,sevenn,0.9884686141000001,-0.008800927348333392,sevenn,OAM
wbm-3-20198,sevenn,0.9833449625,-0.007015375154999978,sevenn,OAM
wbm-3-20284,sevenn,0.9595492674,-0.005533273975555472,sevenn,OAM
wbm-3-20301,sevenn,1.0147849412,-0.011242120623809198,sevenn,OAM
wbm-3-20382,sevenn,0.9783732912,-0.010868616382499969,sevenn,OAM
wbm-3-20528,sevenn,1.0015716859,-0.1861741634488889,sevenn,OAM
wbm-3-20949,sevenn,0.9458703363000001,-0.0035366517166668388,sevenn,OAM
wbm-3-21531,sevenn,0.9910008772000001,-0.0018652303058332839,sevenn,OAM
wbm-3-21627,sevenn,1.0289904092,-0.004083596553333457,sevenn,OAM
wbm-3-21642,sevenn,0.9981893566000001,-0.008641433882142875,sevenn,OAM
wbm-3-22305,sevenn,1.015409026,-0.008176042587499932,sevenn,OAM
wbm-3-22379,sevenn,0.9830579036,0.005455277496250055,sevenn,OAM
wbm-3-2248,sevenn,0.9764995159000001,-0.01624508431555556,sevenn,OAM
wbm-3-22519,sevenn,0.9650139805000001,0.006075450134722043,sevenn,OAM
wbm-3-22524,sevenn,0.9662188201,0.030844900663749987,sevenn,OAM
wbm-3-22718,sevenn,0.9779942042,0.021730999646875082,sevenn,OAM
wbm-3-22742,sevenn,0.9794558473,0.01219439339374997,sevenn,OAM
wbm-3-22772,sevenn,0.9956394004,0.003952558450000243,sevenn,OAM
wbm-3-23060,sevenn,0.9336296891,0.016608657557500094,sevenn,OAM
wbm-3-23205,sevenn,0.8459159975,-0.04535129462678565,sevenn,OAM
wbm-3-23657,sevenn,0.9715518190000001,-0.0006854531924997964,sevenn,OAM
wbm-3-23961,sevenn,0.9958508173,0.001245863488181633,sevenn,OAM
wbm-3-24482,sevenn,0.9293133440000001,0.018111214671250053,sevenn,OAM
wbm-3-24541,sevenn,0.9728896854,-0.018637070232098693,sevenn,OAM
wbm-3-25261,sevenn,0.9671388912000001,0.003506704671000023,sevenn,OAM
wbm-3-25538,sevenn,1.0126639972,0.0021425932971429313,sevenn,OAM
wbm-3-25577,sevenn,0.9394027412,0.0049560344185716225,sevenn,OAM
wbm-3-26237,sevenn,0.9729729241,-0.009095162528888937,sevenn,OAM
wbm-3-26853,sevenn,0.9784761342,-0.00220451414027778,sevenn,OAM
wbm-3-26855,sevenn,0.9893513787,0.0062929911512497935,sevenn,OAM
wbm-3-27894,sevenn,0.9623950654000001,-0.009841830702500035,sevenn,OAM
wbm-3-28259,sevenn,0.9712945865,-0.008268330808333306,sevenn,OAM
wbm-3-28421,sevenn,0.9989125475,-0.00698803522999987,sevenn,OAM
wbm-3-2876,sevenn,0.9824413564000001,-0.013075061608571609,sevenn,OAM
wbm-3-29262,sevenn,0.9582059477,0.003731058576666473,sevenn,OAM
wbm-3-29413,sevenn,1.0035493767,-0.0028882106611110856,sevenn,OAM
wbm-3-2947,sevenn,0.971445105,-0.009921047537142869,sevenn,OAM
wbm-3-29478,sevenn,0.9280635246000001,-0.0014964847310001517,sevenn,OAM
wbm-3-29820,sevenn,0.9745427585,-0.008481830926249856,sevenn,OAM
wbm-3-29926,sevenn,0.9635638310000001,-0.005579761201000082,sevenn,OAM
wbm-3-30118,sevenn,0.9820021747000001,-0.0002211175740001181,sevenn,OAM
wbm-3-30211,sevenn,0.9818635431,0.00334973832500026,sevenn,OAM
wbm-3-30339,sevenn,1.0060858096,-0.02137608451125006,sevenn,OAM
wbm-3-30439,sevenn,0.9616366586,0.0005505144439998588,sevenn,OAM
wbm-3-30449,sevenn,0.9817242706,-0.014155952999999926,sevenn,OAM
wbm-3-306,sevenn,0.9789012279,-0.003040139170833308,sevenn,OAM
wbm-3-31547,sevenn,0.9899901985,-0.00770254218399998,sevenn,OAM
wbm-3-32182,sevenn,0.9626589537,-0.008854784510000968,sevenn,OAM
wbm-3-32371,sevenn,0.9746586391000001,-0.006484619834166594,sevenn,OAM
wbm-3-3260,sevenn,1.001613455,-0.00316550490749985,sevenn,OAM
wbm-3-32953,sevenn,0.9790871090000001,-0.006531590174999913,sevenn,OAM
wbm-3-33052,sevenn,0.9801475204000001,-0.004061509905000035,sevenn,OAM
wbm-3-33057,sevenn,0.9819150270000001,-0.012629281482500095,sevenn,OAM
wbm-3-33496,sevenn,0.9869002575,-0.009956621716666744,sevenn,OAM
wbm-3-33667,sevenn,1.0935506781,-5.1332432499995306e-05,sevenn,OAM
wbm-3-33669,sevenn,0.9770836846000001,-0.004475830892857248,sevenn,OAM
wbm-3-33766,sevenn,0.9988556850000001,-0.009579819762499886,sevenn,OAM
wbm-3-33958,sevenn,0.9956902705,-0.013989444104000057,sevenn,OAM
wbm-3-34051,sevenn,0.9837587417,-0.014440699944285689,sevenn,OAM
wbm-3-34079,sevenn,0.9727927126,-0.004912093924285747,sevenn,OAM
wbm-3-34526,sevenn,0.9851766944,-0.01522854784666663,sevenn,OAM
wbm-3-34928,sevenn,0.9764449445000001,0.023703129370833704,sevenn,OAM
wbm-3-35085,sevenn,0.9753721128,-0.003124023874166741,sevenn,OAM
wbm-3-35166,sevenn,0.9804717229000001,-0.004390284994444432,sevenn,OAM
wbm-3-35187,sevenn,0.9617317935,-0.011758872859999912,sevenn,OAM
wbm-3-35781,sevenn,1.0102749955,-0.009432155712500053,sevenn,OAM
wbm-3-35839,sevenn,0.9570864265000001,-0.0069206456291667,sevenn,OAM
wbm-3-36237,sevenn,0.9911961135,0.005185996363750034,sevenn,OAM
wbm-3-36320,sevenn,1.0072580453,0.00040093917375001454,sevenn,OAM
wbm-3-36651,sevenn,0.987726422,-0.008570303226363568,sevenn,OAM
wbm-3-36996,sevenn,1.1633607239,-0.9258768210333331,sevenn,OAM
wbm-3-37033,sevenn,0.9949565311,0.00010209194600001581,sevenn,OAM
wbm-3-37063,sevenn,1.0066922662,-0.0009531679225000644,sevenn,OAM
wbm-3-37150,sevenn,0.9531249770000001,-0.0026898786150000593,sevenn,OAM
wbm-3-37539,sevenn,0.9771052250000001,-0.003312114814999987,sevenn,OAM
wbm-3-3762,sevenn,0.9381287437,0.023674105955714304,sevenn,OAM
wbm-3-37637,sevenn,0.9452072377,-0.001249981991666497,sevenn,OAM
wbm-3-37700,sevenn,0.9543690931000001,0.004730994631250018,sevenn,OAM
wbm-3-37760,sevenn,0.9781922425,-0.0033829869166667314,sevenn,OAM
wbm-3-37854,sevenn,0.9624316216000001,0.016001105384999947,sevenn,OAM
wbm-3-38201,sevenn,0.9562778001000001,0.002974545628750036,sevenn,OAM
wbm-3-38304,sevenn,0.9825937592,-0.009114097331481434,sevenn,OAM
wbm-3-38309,sevenn,0.9967355735000001,-0.00338288995333329,sevenn,OAM
wbm-3-38620,sevenn,0.9868990241000001,0.009653408122499929,sevenn,OAM
wbm-3-38776,sevenn,0.9927541795,-0.0035674979116667063,sevenn,OAM
wbm-3-38878,sevenn,0.9544727808000001,0.001889170135000029,sevenn,OAM
wbm-3-39280,sevenn,0.9811701869,-0.010386735884999965,sevenn,OAM
wbm-3-40020,sevenn,0.9791233948,-8.591098999997845e-05,sevenn,OAM
wbm-3-40352,sevenn,0.9599394776,0.004172609832000092,sevenn,OAM
wbm-3-40869,sevenn,1.0013557389,0.03678066004499989,sevenn,OAM
wbm-3-41021,sevenn,0.9542761592000001,-0.012624575663888896,sevenn,OAM
wbm-3-41155,sevenn,0.9408610938,-0.03170541020156259,sevenn,OAM
wbm-3-41162,sevenn,0.9525749252000001,-0.033956525971428064,sevenn,OAM
wbm-3-41194,sevenn,1.005084731,0.00045337278499980963,sevenn,OAM
wbm-3-41559,sevenn,0.9266207819000001,-0.0012843868624997866,sevenn,OAM
wbm-3-41591,sevenn,0.9366719764,-0.017333451022222352,sevenn,OAM
wbm-3-4193,sevenn,0.9536518656,0.0011670799875002301,sevenn,OAM
wbm-3-42072,sevenn,0.9670166127000001,0.00046193095600003173,sevenn,OAM
wbm-3-42429,sevenn,1.0064592576,-0.020721520347499967,sevenn,OAM
wbm-3-42516,sevenn,0.9778393211,0.012751494082499981,sevenn,OAM
wbm-3-42538,sevenn,0.9270468197,-0.014567718702500176,sevenn,OAM
wbm-3-42640,sevenn,0.9990407728,-0.018341482907499974,sevenn,OAM
wbm-3-42658,sevenn,0.9897883613,-0.014336683133333297,sevenn,OAM
wbm-3-42727,sevenn,0.96894314,-0.0007275989641667498,sevenn,OAM
wbm-3-42969,sevenn,0.9249023511000001,-0.0023951915958334053,sevenn,OAM
wbm-3-43100,sevenn,0.9822840455,-0.0062737288555555415,sevenn,OAM
wbm-3-43237,sevenn,0.9745303477,0.005087391784999973,sevenn,OAM
wbm-3-43314,sevenn,0.9663009694,0.025074397124999946,sevenn,OAM
wbm-3-43330,sevenn,0.9745647445000001,-0.002720975562499994,sevenn,OAM
wbm-3-43872,sevenn,0.9567854312,-0.023705196397500038,sevenn,OAM
wbm-3-44030,sevenn,0.946897521,-0.011917272136999913,sevenn,OAM
wbm-3-44054,sevenn,0.9867905260000001,-0.03602088838600011,sevenn,OAM
wbm-3-44492,sevenn,0.9843796974000001,-0.03933661112999957,sevenn,OAM
wbm-3-44546,sevenn,0.9393259079,-0.03456678703299999,sevenn,OAM
wbm-3-44704,sevenn,0.9757082199,-0.012235717466233658,sevenn,OAM
wbm-3-44894,sevenn,0.9569218095,-0.025071273844999926,sevenn,OAM
wbm-3-44975,sevenn,0.9614848446,-0.008760478041999916,sevenn,OAM
wbm-3-45183,sevenn,0.9479413721000001,-0.018441695581666553,sevenn,OAM
wbm-3-45466,sevenn,0.9772973869,-0.004168442673999876,sevenn,OAM
wbm-3-45678,sevenn,0.9541965304000001,-0.02109168318899961,sevenn,OAM
wbm-3-45688,sevenn,0.9813388188000001,-0.02399345364166668,sevenn,OAM
wbm-3-45998,sevenn,0.9208287016000001,0.009644420371818153,sevenn,OAM
wbm-3-46394,sevenn,0.9943677230000001,-0.016018869232222403,sevenn,OAM
wbm-3-46540,sevenn,1.0341804895,-0.007290692686666489,sevenn,OAM
wbm-3-46685,sevenn,1.0017493395,-0.0004955341039999439,sevenn,OAM
wbm-3-46735,sevenn,0.9768618544000001,-0.006621465521296198,sevenn,OAM
wbm-3-47098,sevenn,1.0544475031,-0.012821436933333312,sevenn,OAM
wbm-3-47103,sevenn,0.9178638583000001,-0.003875500007499788,sevenn,OAM
wbm-3-47175,sevenn,0.960908685,-0.0057052979999999325,sevenn,OAM
wbm-3-47241,sevenn,0.9835135254,-0.009793396459999925,sevenn,OAM
wbm-3-47298,sevenn,0.9567058325000001,-0.013425907598749998,sevenn,OAM
wbm-3-49919,sevenn,0.9954954429,-0.009516158346666673,sevenn,OAM
wbm-3-4997,sevenn,0.9725424099000001,-0.04825471277500005,sevenn,OAM
wbm-3-50064,sevenn,1.0133930546,0.0012773123650000162,sevenn,OAM
wbm-3-50205,sevenn,0.9553496559,-0.008765645012000079,sevenn,OAM
wbm-3-50520,sevenn,0.9797857175,-0.0015190301988888895,sevenn,OAM
wbm-3-50670,sevenn,0.9870132456,-0.0014287642950001355,sevenn,OAM
wbm-3-51459,sevenn,0.9606506151,0.0005938353788888801,sevenn,OAM
wbm-3-51587,sevenn,1.0004283611,0.0019691604879996305,sevenn,OAM
wbm-3-5184,sevenn,0.9995951828,-0.012770601210000088,sevenn,OAM
wbm-3-52355,sevenn,1.0009440163,-0.00039432471250009374,sevenn,OAM
wbm-3-52431,sevenn,0.9725012693,-0.0076536263087501055,sevenn,OAM
wbm-3-52542,sevenn,0.960211888,0.013770118140625046,sevenn,OAM
wbm-3-52633,sevenn,1.0008969374,0.002132772559999907,sevenn,OAM
wbm-3-5266,sevenn,1.0082458914,-0.008002368640000057,sevenn,OAM
wbm-3-52816,sevenn,0.9636652823,-0.010237843920909158,sevenn,OAM
wbm-3-52847,sevenn,0.9860641261,-0.0017048029399999917,sevenn,OAM
wbm-3-53364,sevenn,0.9960571832,-0.003636438390999928,sevenn,OAM
wbm-3-53557,sevenn,0.9913042776000001,-0.11193007282333364,sevenn,OAM
wbm-3-53750,sevenn,1.0004815113,0.00245072128299995,sevenn,OAM
wbm-3-54048,sevenn,0.9906426388,0.00027027245299990457,sevenn,OAM
wbm-3-54295,sevenn,0.9403866630000001,-0.002598901553704096,sevenn,OAM
wbm-3-54341,sevenn,0.9835123487,-0.007095530035999928,sevenn,OAM
wbm-3-54781,sevenn,0.9918163259,-0.0012202398619999854,sevenn,OAM
wbm-3-54884,sevenn,1.0067878507,0.0007058386659999627,sevenn,OAM
wbm-3-54941,sevenn,0.9568398046000001,-0.0029021121930003346,sevenn,OAM
wbm-3-54994,sevenn,0.9669024506,-0.01974770894250035,sevenn,OAM
wbm-3-5506,sevenn,0.9783895851000001,-0.018651276797500078,sevenn,OAM
wbm-3-55447,sevenn,0.9668650037000001,-0.0015907973488890233,sevenn,OAM
wbm-3-55539,sevenn,0.9867845688,0.0007009279500002208,sevenn,OAM
wbm-3-55627,sevenn,0.9926192724,-0.0022366158961037766,sevenn,OAM
wbm-3-56074,sevenn,0.9414022559,-0.012465242901515221,sevenn,OAM
wbm-3-56128,sevenn,1.0006877567,0.006446279348333543,sevenn,OAM
wbm-3-56146,sevenn,0.9910987772000001,-0.0019427832733333854,sevenn,OAM
wbm-3-56178,sevenn,1.0216192648,-0.001049527101666688,sevenn,OAM
wbm-3-56716,sevenn,0.9902999691000001,0.0017961344116666092,sevenn,OAM
wbm-3-56851,sevenn,1.0372409372,0.0031264624099999598,sevenn,OAM
wbm-3-56962,sevenn,1.0311346411,-0.0005694103485714055,sevenn,OAM
wbm-3-57010,sevenn,1.0020440888,-0.002337652563888959,sevenn,OAM
wbm-3-57180,sevenn,1.0118516523,-0.0060427455800000016,sevenn,OAM
wbm-3-57785,sevenn,0.625280352,-0.06636658277916692,sevenn,OAM
wbm-3-58210,sevenn,0.9900153941000001,0.0004973076366666934,sevenn,OAM
wbm-3-58328,sevenn,0.9689071948,-0.009667912909999892,sevenn,OAM
wbm-3-58361,sevenn,1.0011783147,-0.0009426116874999835,sevenn,OAM
wbm-3-59267,sevenn,0.971524111,-0.0005350032455556825,sevenn,OAM
wbm-3-59295,sevenn,0.9301299528,0.002981096717999918,sevenn,OAM
wbm-3-59449,sevenn,0.9917480077,-0.01052720992999999,sevenn,OAM
wbm-3-59466,sevenn,0.9389441460000001,-0.001109448755555557,sevenn,OAM
wbm-3-595,sevenn,0.9481386233,-0.007368080973636315,sevenn,OAM
wbm-3-59933,sevenn,0.9566071107,-0.006977619241666607,sevenn,OAM
wbm-3-60022,sevenn,0.9745679321,-0.003740735176666791,sevenn,OAM
wbm-3-60241,sevenn,0.9777222849,-0.008109880247499878,sevenn,OAM
wbm-3-603,sevenn,1.0128924743,-0.017764313435555498,sevenn,OAM
wbm-3-60446,sevenn,0.9826130625,-0.016162427106666717,sevenn,OAM
wbm-3-61162,sevenn,0.991180688,-0.003313070053333433,sevenn,OAM
wbm-3-61232,sevenn,0.9288088792,-0.012272577039999977,sevenn,OAM
wbm-3-61906,sevenn,0.9732621136,-0.01372405460249979,sevenn,OAM
wbm-3-62045,sevenn,1.0848458268,-0.2984213047361109,sevenn,OAM
wbm-3-6216,sevenn,0.9486315603000001,-0.009733832773750173,sevenn,OAM
wbm-3-62502,sevenn,1.1108980274,-0.32152374265000006,sevenn,OAM
wbm-3-62783,sevenn,0.9543934298000001,-0.008239790180000383,sevenn,OAM
wbm-3-62830,sevenn,0.9646003139,-0.015548977207272557,sevenn,OAM
wbm-3-63055,sevenn,0.9471744413000001,-0.008772272224999848,sevenn,OAM
wbm-3-63253,sevenn,0.9602175651,-0.01471767050333344,sevenn,OAM
wbm-3-63360,sevenn,1.0037017482,-0.046833367455555476,sevenn,OAM
wbm-3-63525,sevenn,0.9537892909000001,-0.017477903314999994,sevenn,OAM
wbm-3-64157,sevenn,0.9907670314,-0.005181212011666799,sevenn,OAM
wbm-3-64616,sevenn,0.9589084834,-0.01905660888625018,sevenn,OAM
wbm-3-65153,sevenn,0.9498185795,-0.00601739119124991,sevenn,OAM
wbm-3-65435,sevenn,0.9606811953000001,0.049633532233333194,sevenn,OAM
wbm-3-65475,sevenn,0.9333183828,0.0018317856833332475,sevenn,OAM
wbm-3-65984,sevenn,0.9502128978000001,-0.0038861579200001255,sevenn,OAM
wbm-3-66716,sevenn,0.9813158526,0.0001394469074999627,sevenn,OAM
wbm-3-6686,sevenn,0.9745702362,-0.007939063050000071,sevenn,OAM
wbm-3-66915,sevenn,0.9705526788000001,-0.013729622123999832,sevenn,OAM
wbm-3-67124,sevenn,0.9618829541,-0.020824759860000222,sevenn,OAM
wbm-3-67497,sevenn,0.9508260537000001,0.006567423649999959,sevenn,OAM
wbm-3-67713,sevenn,0.997565985,0.0040317437974999315,sevenn,OAM
wbm-3-67920,sevenn,0.968293837,-0.00028251243583330424,sevenn,OAM
wbm-3-68136,sevenn,0.9964569706,-0.02243222912624998,sevenn,OAM
wbm-3-68514,sevenn,0.9819942152000001,-0.0030572010655554828,sevenn,OAM
wbm-3-68711,sevenn,0.9650748111,-0.023509345978571516,sevenn,OAM
wbm-3-69146,sevenn,0.9762342433000001,-0.005365893088000106,sevenn,OAM
wbm-3-69202,sevenn,0.9456394808,-0.009366385295000067,sevenn,OAM
wbm-3-69261,sevenn,0.9617903438000001,-0.007422462942856965,sevenn,OAM
wbm-3-69323,sevenn,0.9904397819,-0.010208921065000058,sevenn,OAM
wbm-3-69961,sevenn,0.9681391678000001,-0.0034076405027275575,sevenn,OAM
wbm-3-70170,sevenn,1.00198011,-0.008838691651818144,sevenn,OAM
wbm-3-70189,sevenn,0.9764823170000001,-0.005273031768181821,sevenn,OAM
wbm-3-70249,sevenn,0.9984698696000001,-0.016840429019090792,sevenn,OAM
wbm-3-70474,sevenn,1.0893128358,0.01519799053333415,sevenn,OAM
wbm-3-712,sevenn,0.9827871814,-0.012094424627499923,sevenn,OAM
wbm-3-71225,sevenn,0.976008179,-0.013267121643999786,sevenn,OAM
wbm-3-71404,sevenn,0.8768458492000001,-0.006662307892499974,sevenn,OAM
wbm-3-71848,sevenn,0.9776255979,-0.012209690461249955,sevenn,OAM
wbm-3-71989,sevenn,0.9845850823000001,-0.010672118961999785,sevenn,OAM
wbm-3-72169,sevenn,1.0137083195,-0.006814637009999824,sevenn,OAM
wbm-3-72274,sevenn,0.9838698819,-0.008794357054999934,sevenn,OAM
wbm-3-73083,sevenn,0.9727235215000001,0.002694003274073859,sevenn,OAM
wbm-3-73636,sevenn,0.9781143757,-0.01126417834400005,sevenn,OAM
wbm-3-73935,sevenn,0.9972038471,-0.006989880612500032,sevenn,OAM
wbm-3-75010,sevenn,0.9626949589,0.0025367098933331295,sevenn,OAM
wbm-3-75403,sevenn,0.9571704818000001,-0.019783036693749968,sevenn,OAM
wbm-3-75540,sevenn,0.9549770318,-0.035336681372222185,sevenn,OAM
wbm-3-75956,sevenn,0.9372390984000001,-0.02196957378333343,sevenn,OAM
wbm-3-75983,sevenn,0.9729422939000001,-0.03974466466833337,sevenn,OAM
wbm-3-76051,sevenn,0.9883553835000001,-0.0074276109924999115,sevenn,OAM
wbm-3-76585,sevenn,0.9867015082,-0.01092040327777788,sevenn,OAM
wbm-3-76650,sevenn,1.0451175799,0.007049586306000002,sevenn,OAM
wbm-3-76809,sevenn,1.0080815904,-0.008729316760000003,sevenn,OAM
wbm-3-76971,sevenn,0.9763072155,-0.0006225640562499635,sevenn,OAM
wbm-3-7741,sevenn,1.0107010102,-0.08652934308958304,sevenn,OAM
wbm-3-77528,sevenn,0.9845461253000001,-0.0017576118385714981,sevenn,OAM
wbm-3-77731,sevenn,0.9791589810000001,0.007554845780000008,sevenn,OAM
wbm-3-78067,sevenn,0.9927205888,-0.004383415500999917,sevenn,OAM
wbm-3-78151,sevenn,0.9739132894,-0.011539087352500043,sevenn,OAM
wbm-3-78206,sevenn,1.0133030673,0.0022829308933334977,sevenn,OAM
wbm-3-78592,sevenn,0.9963321118,0.005045670153333267,sevenn,OAM
wbm-3-79099,sevenn,0.9461175041000001,-0.006030315059999936,sevenn,OAM
wbm-3-7917,sevenn,0.9905871059,0.0012312318900001174,sevenn,OAM
wbm-3-8541,sevenn,0.9724305749000001,-0.025432829866363638,sevenn,OAM
wbm-3-8554,sevenn,0.9800151255,-0.017849762932727165,sevenn,OAM
wbm-3-9136,sevenn,1.0187695387,-0.031879488535,sevenn,OAM
wbm-3-9227,sevenn,0.9897630088,-0.018875234558333533,sevenn,OAM
wbm-3-924,sevenn,1.005608788,0.00617267717499982,sevenn,OAM
wbm-3-9240,sevenn,0.9570198148,-0.004040090481666662,sevenn,OAM
wbm-3-9643,sevenn,0.9515847108000001,0.0022419016675002015,sevenn,OAM
wbm-3-9769,sevenn,0.9677037133,-0.014798815902000087,sevenn,OAM
wbm-4-10054,sevenn,0.9977606065000001,-0.010621462497499979,sevenn,OAM
wbm-4-10294,sevenn,0.9139366484,-0.0032910423591666553,sevenn,OAM
wbm-4-10665,sevenn,0.9893474973,0.005549286081250049,sevenn,OAM
wbm-4-10830,sevenn,0.9789558273000001,0.010983497057500013,sevenn,OAM
wbm-4-11797,sevenn,1.0113378686,-0.019035508803749844,sevenn,OAM
wbm-4-12086,sevenn,0.9494644869000001,-0.007993343710833163,sevenn,OAM
wbm-4-12502,sevenn,0.9766907220000001,-0.006121027577777561,sevenn,OAM
wbm-4-12573,sevenn,0.9806906999999999,0.002221910126666573,sevenn,OAM
wbm-4-12645,sevenn,0.9971344188000001,-0.01343012213249981,sevenn,OAM
wbm-4-12995,sevenn,1.0071004104,0.0012535158839999737,sevenn,OAM
wbm-4-13409,sevenn,1.016896806,-0.0043651493042857125,sevenn,OAM
wbm-4-13566,sevenn,0.9835494037,-0.0036988423774999557,sevenn,OAM
wbm-4-14124,sevenn,1.0399206931,0.0025401506924999317,sevenn,OAM
wbm-4-14376,sevenn,0.973378103,-0.0031955789333333465,sevenn,OAM
wbm-4-14665,sevenn,1.0373291789,-0.010803730215000052,sevenn,OAM
wbm-4-14933,sevenn,1.0478165651,0.0025711322799998547,sevenn,OAM
wbm-4-15235,sevenn,0.9284857376000001,-0.017256810730000183,sevenn,OAM
wbm-4-15858,sevenn,0.9831992449,1.300019166805555e-06,sevenn,OAM
wbm-4-16373,sevenn,1.0027365549,-0.02748067136749981,sevenn,OAM
wbm-4-16740,sevenn,1.019715478,-0.01141936334666666,sevenn,OAM
wbm-4-16765,sevenn,1.0318476369,0.001344924562499905,sevenn,OAM
wbm-4-16869,sevenn,1.0053577509,-0.0025797536816663563,sevenn,OAM
wbm-4-1702,sevenn,0.9917218486,-0.0002902376583329887,sevenn,OAM
wbm-4-1741,sevenn,1.0396452621,-0.04628060276624994,sevenn,OAM
wbm-4-17711,sevenn,0.9847415840000001,-0.0020615105849998965,sevenn,OAM
wbm-4-17768,sevenn,0.9672109445,-0.003199104591666687,sevenn,OAM
wbm-4-18135,sevenn,0.9704239178,-0.0014635935500001789,sevenn,OAM
wbm-4-18169,sevenn,0.9717432618,7.054241833343392e-05,sevenn,OAM
wbm-4-18357,sevenn,0.9802986572000001,-0.011652779666666686,sevenn,OAM
wbm-4-18483,sevenn,1.0051746187,-0.0005408703149998929,sevenn,OAM
wbm-4-18752,sevenn,0.9968276154000001,-0.0156824121325001,sevenn,OAM
wbm-4-18898,sevenn,0.9573652838000001,0.0018864609480000638,sevenn,OAM
wbm-4-19359,sevenn,0.9540058961000001,0.0009391440511110084,sevenn,OAM
wbm-4-19479,sevenn,0.9973035218,-0.009654843298571438,sevenn,OAM
wbm-4-19743,sevenn,0.9794262643,-0.01176340448750004,sevenn,OAM
wbm-4-19788,sevenn,1.0261276953,2.2200140000055373e-05,sevenn,OAM
wbm-4-19793,sevenn,0.9909237383,0.0003351432850000435,sevenn,OAM
wbm-4-20225,sevenn,0.9957166933,-0.018154072124444476,sevenn,OAM
wbm-4-20419,sevenn,0.9799021837,-0.0029002966983333895,sevenn,OAM
wbm-4-20511,sevenn,0.9696188022000001,-0.018469828245833615,sevenn,OAM
wbm-4-2067,sevenn,0.9963410239,-0.0011184709008333017,sevenn,OAM
wbm-4-20703,sevenn,0.9507222433,-0.02997212629000018,sevenn,OAM
wbm-4-20837,sevenn,1.1682672462,-0.07095617539062504,sevenn,OAM
wbm-4-21132,sevenn,0.9566583914000001,0.0013629163624999663,sevenn,OAM
wbm-4-21175,sevenn,1.0180702563,-0.011431674389583257,sevenn,OAM
wbm-4-21368,sevenn,0.9492808853,0.01371043016999991,sevenn,OAM
wbm-4-21376,sevenn,0.9462925266000001,-0.004443827924999985,sevenn,OAM
wbm-4-21871,sevenn,0.9748210888000001,-0.0016973571555557183,sevenn,OAM
wbm-4-21957,sevenn,0.9660342756,-0.027833298411249707,sevenn,OAM
wbm-4-22087,sevenn,0.9645620459,0.01276361680400015,sevenn,OAM
wbm-4-22178,sevenn,0.9863253908,-0.00156474116399977,sevenn,OAM
wbm-4-22240,sevenn,0.9783718709,0.005129847145,sevenn,OAM
wbm-4-22865,sevenn,0.9788498642000001,-0.004124339851999679,sevenn,OAM
wbm-4-23032,sevenn,1.0002943435,-0.005208312364999894,sevenn,OAM
wbm-4-23297,sevenn,0.9770872418000001,-0.009814411988333245,sevenn,OAM
wbm-4-23326,sevenn,0.9832207766000001,-0.009539903840000126,sevenn,OAM
wbm-4-23428,sevenn,0.9451461219,0.00020380811666621907,sevenn,OAM
wbm-4-23579,sevenn,0.9855152214,0.015098856121666534,sevenn,OAM
wbm-4-24423,sevenn,0.9873477424,-0.006066666219999917,sevenn,OAM
wbm-4-24471,sevenn,0.9863404343000001,0.005639720794166673,sevenn,OAM
wbm-4-245,sevenn,0.9804646704000001,-0.0035219200137500016,sevenn,OAM
wbm-4-2486,sevenn,0.9725568980000001,-0.0011325511299999924,sevenn,OAM
wbm-4-24976,sevenn,1.0106875209,0.002379623114285628,sevenn,OAM
wbm-4-25275,sevenn,1.0013774753,-0.008550970738333183,sevenn,OAM
wbm-4-25460,sevenn,0.9593526003,-0.003593580631666645,sevenn,OAM
wbm-4-2551,sevenn,0.9777323511,-0.0016167695799998328,sevenn,OAM
wbm-4-25775,sevenn,0.9952856606,0.006780644186363557,sevenn,OAM
wbm-4-26367,sevenn,0.9844941594000001,-0.0013437469110001387,sevenn,OAM
wbm-4-26686,sevenn,0.9336928824,-0.00020482868222239224,sevenn,OAM
wbm-4-26775,sevenn,0.9978725199,0.0007131332355557321,sevenn,OAM
wbm-4-26883,sevenn,0.9538818714,-0.0020990884099997232,sevenn,OAM
wbm-4-26915,sevenn,0.9260774308,-0.01754253831555559,sevenn,OAM
wbm-4-27182,sevenn,1.0004259869,0.017408350745999994,sevenn,OAM
wbm-4-27263,sevenn,0.9406959424,-0.004274653958999864,sevenn,OAM
wbm-4-27275,sevenn,0.9637058678,-0.0031437150733332766,sevenn,OAM
wbm-4-27736,sevenn,0.9839945995,0.00809959527000018,sevenn,OAM
wbm-4-27942,sevenn,0.9642534053,-0.008258882969000184,sevenn,OAM
wbm-4-27954,sevenn,0.9596775337000001,-0.010927199286000047,sevenn,OAM
wbm-4-28454,sevenn,0.9622540787,-0.012286091711999987,sevenn,OAM
wbm-4-28465,sevenn,0.9406891232000001,-0.012352971947000383,sevenn,OAM
wbm-4-28726,sevenn,0.9584985043,-0.02112270815,sevenn,OAM
wbm-4-28844,sevenn,0.9458587061,-0.014043722382000112,sevenn,OAM
wbm-4-29036,sevenn,0.972849685,-0.005124772060000016,sevenn,OAM
wbm-4-29107,sevenn,0.9691340843,2.7855039999854134e-05,sevenn,OAM
wbm-4-29225,sevenn,0.9680872747,0.01350903439916659,sevenn,OAM
wbm-4-29341,sevenn,1.0242667269,-0.007488208438333348,sevenn,OAM
wbm-4-29856,sevenn,0.9560721623,-0.005185500632500162,sevenn,OAM
wbm-4-30094,sevenn,0.9913342254,-0.014690767073750255,sevenn,OAM
wbm-4-3031,sevenn,0.9673718758000001,-0.00933380286166674,sevenn,OAM
wbm-4-3082,sevenn,1.0002904485,-0.013674390458750097,sevenn,OAM
wbm-4-30986,sevenn,0.9614242757,-0.001953367373999839,sevenn,OAM
wbm-4-31067,sevenn,1.0179666535,-0.0015271542237499602,sevenn,OAM
wbm-4-31477,sevenn,1.0048046081,-0.007241855882499948,sevenn,OAM
wbm-4-31779,sevenn,0.9665862063,-0.0032186864099998935,sevenn,OAM
wbm-4-32151,sevenn,1.0042018668,-0.003582741704444538,sevenn,OAM
wbm-4-3228,sevenn,0.9690027847,-0.002358617781817946,sevenn,OAM
wbm-4-32502,sevenn,0.9920213555,-0.0029816511341665595,sevenn,OAM
wbm-4-32615,sevenn,0.9737231501,-0.017308099673333053,sevenn,OAM
wbm-4-32624,sevenn,0.9486620021000001,-0.00946087773500004,sevenn,OAM
wbm-4-33071,sevenn,0.9382868358,-0.004261730439393912,sevenn,OAM
wbm-4-33100,sevenn,0.9998588781000001,0.0029119760279998986,sevenn,OAM
wbm-4-33257,sevenn,0.9628646803,-0.006215012094000017,sevenn,OAM
wbm-4-33273,sevenn,1.000791132,-0.021992947116667213,sevenn,OAM
wbm-4-33725,sevenn,0.9784017431,-0.006370041014444578,sevenn,OAM
wbm-4-33762,sevenn,0.9953740486,-0.009937925873333302,sevenn,OAM
wbm-4-33836,sevenn,0.996028982,0.0015044877500000275,sevenn,OAM
wbm-4-34209,sevenn,1.0043773817,0.01086960371249992,sevenn,OAM
wbm-4-34327,sevenn,1.0029463902,-0.00761097783500011,sevenn,OAM
wbm-4-34644,sevenn,0.9526552476000001,-0.005559483339999929,sevenn,OAM
wbm-4-35087,sevenn,1.0056755722,-0.022069541379999908,sevenn,OAM
wbm-4-35344,sevenn,1.0050776969,-0.033013642604,sevenn,OAM
wbm-4-35488,sevenn,0.9797549794,-9.126757777898497e-06,sevenn,OAM
wbm-4-35828,sevenn,1.0171030113,-0.0033257282000001,sevenn,OAM
wbm-4-36211,sevenn,0.9819908538000001,-0.026086791607500093,sevenn,OAM
wbm-4-36238,sevenn,0.9893883901,0.0024789754960001177,sevenn,OAM
wbm-4-36284,sevenn,0.9894087506,-0.011426056032500131,sevenn,OAM
wbm-4-3650,sevenn,0.9573639081,-0.029136529208333307,sevenn,OAM
wbm-4-36563,sevenn,0.9966014812,-0.0021852996574999394,sevenn,OAM
wbm-4-36886,sevenn,0.9933410008,-0.013390241357999955,sevenn,OAM
wbm-4-38132,sevenn,0.9362183342,-0.014616426003333356,sevenn,OAM
wbm-4-38261,sevenn,0.9665874299,-0.01899794878874994,sevenn,OAM
wbm-4-38287,sevenn,0.9671307277000001,-0.03625099034444453,sevenn,OAM
wbm-4-38623,sevenn,0.9433001234,-0.008606622536666938,sevenn,OAM
wbm-4-3874,sevenn,0.9786566314,-0.01356259855899978,sevenn,OAM
wbm-4-38916,sevenn,1.1036088228,-0.2995832207416669,sevenn,OAM
wbm-4-390,sevenn,0.985839902,-0.008478246850833374,sevenn,OAM
wbm-4-39018,sevenn,0.9849507135000001,-0.00556821213125005,sevenn,OAM
wbm-4-39340,sevenn,0.965107691,-0.005335797741000015,sevenn,OAM
wbm-4-39520,sevenn,1.003238057,-0.008952515297777729,sevenn,OAM
wbm-4-39553,sevenn,1.0108433454,-0.018734554344444508,sevenn,OAM
wbm-4-39788,sevenn,0.9831208442,-0.003535867915000068,sevenn,OAM
wbm-4-39799,sevenn,0.9588316649,-0.005108882552500216,sevenn,OAM
wbm-4-39958,sevenn,0.994418372,-0.0011100591083331205,sevenn,OAM
wbm-4-4154,sevenn,0.9506064639,-0.007167809381666856,sevenn,OAM
wbm-4-419,sevenn,1.0434256974,-0.013202168625000076,sevenn,OAM
wbm-4-4316,sevenn,0.9667280207000001,-0.010449284009999954,sevenn,OAM
wbm-4-4524,sevenn,0.9743723563000001,-0.004248167191666467,sevenn,OAM
wbm-4-4590,sevenn,0.9962437954000001,-0.01209772512333321,sevenn,OAM
wbm-4-4672,sevenn,1.01503658,0.04107961134499991,sevenn,OAM
wbm-4-5750,sevenn,0.9809415863000001,-0.010807885198333207,sevenn,OAM
wbm-4-6051,sevenn,0.9980922062,-0.0109072158925001,sevenn,OAM
wbm-4-6066,sevenn,1.0015183797,-0.010514896750000035,sevenn,OAM
wbm-4-6167,sevenn,1.0011059006,0.0005208334162499995,sevenn,OAM
wbm-4-6225,sevenn,0.9759839378,-0.014469502847222296,sevenn,OAM
wbm-4-631,sevenn,0.9502860962,0.014851919599999963,sevenn,OAM
wbm-4-6515,sevenn,0.9940474216,0.00293211301999996,sevenn,OAM
wbm-4-671,sevenn,0.9879212031000001,0.0034311517166666287,sevenn,OAM
wbm-4-6758,sevenn,0.915372497,-0.0037828272166668363,sevenn,OAM
wbm-4-7429,sevenn,0.9580187524,-0.002210152356666484,sevenn,OAM
wbm-4-7784,sevenn,0.9721771998000001,-0.01454119007888887,sevenn,OAM
wbm-4-7967,sevenn,1.0072066066,-0.004266046705555699,sevenn,OAM
wbm-4-8012,sevenn,0.9904762207000001,-0.00568353347999988,sevenn,OAM
wbm-4-8174,sevenn,0.9902066166000001,-0.006160738695833483,sevenn,OAM
wbm-4-8734,sevenn,1.0542933939,-0.10455185538199999,sevenn,OAM
wbm-4-9164,sevenn,0.9407311185,-0.0022125775319999973,sevenn,OAM
wbm-4-9438,sevenn,0.9906312004000001,-0.01718902647166658,sevenn,OAM
wbm-4-9479,sevenn,0.9720773290000001,-0.007232434735000008,sevenn,OAM
wbm-4-9486,sevenn,1.001464616,0.006395694438333463,sevenn,OAM
wbm-4-9845,sevenn,0.9823688153000001,-0.005141083870000074,sevenn,OAM
wbm-5-10161,sevenn,0.9249659895000001,0.04979939858888866,sevenn,OAM
wbm-5-10176,sevenn,0.9748493676000001,0.0011167447266667333,sevenn,OAM
wbm-5-10611,sevenn,0.9850997185,-0.004235632013333341,sevenn,OAM
wbm-5-10798,sevenn,0.9067400482,0.0023920330260001066,sevenn,OAM
wbm-5-10867,sevenn,0.9868793933000001,-0.0021566002475000624,sevenn,OAM
wbm-5-10869,sevenn,0.9745777917,-0.017738961629999928,sevenn,OAM
wbm-5-1132,sevenn,0.9809122938,-0.004866254595000186,sevenn,OAM
wbm-5-1146,sevenn,0.9545955319,-0.0020943130028572097,sevenn,OAM
wbm-5-11469,sevenn,0.9632047233000001,-0.005372181818333506,sevenn,OAM
wbm-5-11500,sevenn,1.0013637102,0.0004535428516665737,sevenn,OAM
wbm-5-11734,sevenn,0.9743171545,-0.005304206315000037,sevenn,OAM
wbm-5-1206,sevenn,0.9851854762000001,0.0062396995033333034,sevenn,OAM
wbm-5-12443,sevenn,0.9641798561,0.009175219494999975,sevenn,OAM
wbm-5-12452,sevenn,0.9896825297,-0.0010705549525001246,sevenn,OAM
wbm-5-12772,sevenn,0.7270359045,-0.17261842522142853,sevenn,OAM
wbm-5-12958,sevenn,0.9575698381000001,-0.015389208498,sevenn,OAM
wbm-5-12975,sevenn,0.9469911248,-0.010302376653124834,sevenn,OAM
wbm-5-13145,sevenn,0.9937164235,0.0006026957650000497,sevenn,OAM
wbm-5-13166,sevenn,0.9976875657000001,0.005570618084999967,sevenn,OAM
wbm-5-13349,sevenn,0.9400754492000001,-0.0200536296355556,sevenn,OAM
wbm-5-13801,sevenn,0.9584787433,-0.00754418103000006,sevenn,OAM
wbm-5-13950,sevenn,0.9583298212,-0.036404337431250065,sevenn,OAM
wbm-5-14458,sevenn,0.9851418819000001,-0.011422573800000002,sevenn,OAM
wbm-5-14813,sevenn,0.9877642013000001,-0.004119411599999978,sevenn,OAM
wbm-5-15005,sevenn,0.9941769251,-0.008136088172500066,sevenn,OAM
wbm-5-15388,sevenn,0.9594275612000001,0.01929447267222219,sevenn,OAM
wbm-5-15524,sevenn,0.9326728122,0.0017351784933330647,sevenn,OAM
wbm-5-16875,sevenn,0.9592134002,-0.011341956174999801,sevenn,OAM
wbm-5-16887,sevenn,0.9907617644000001,-0.008825438535000086,sevenn,OAM
wbm-5-17752,sevenn,0.9840601662,-0.010635509060000103,sevenn,OAM
wbm-5-17774,sevenn,1.06740371,-0.05014679765000022,sevenn,OAM
wbm-5-1781,sevenn,0.9897326478,-0.012327510459999936,sevenn,OAM
wbm-5-18074,sevenn,0.9652769932,0.016144087813999945,sevenn,OAM
wbm-5-18353,sevenn,0.9836598221,-0.005015468788333403,sevenn,OAM
wbm-5-18394,sevenn,0.957933892,0.0002879254011107138,sevenn,OAM
wbm-5-18629,sevenn,0.9823743416,0.001995239904000101,sevenn,OAM
wbm-5-1864,sevenn,0.9347434457,0.0050730365299998855,sevenn,OAM
wbm-5-18736,sevenn,1.0094580793,-0.01747353658249997,sevenn,OAM
wbm-5-19472,sevenn,0.9992152542,-0.003946908853750042,sevenn,OAM
wbm-5-19507,sevenn,0.9225352804,-0.009489462842500008,sevenn,OAM
wbm-5-19558,sevenn,0.9844111276,-0.0059748272850001175,sevenn,OAM
wbm-5-20261,sevenn,0.9850531746000001,-0.004599345171666573,sevenn,OAM
wbm-5-20528,sevenn,0.9734258767,-0.00042702534166683863,sevenn,OAM
wbm-5-20727,sevenn,0.9673439920000001,-0.00016453901833332434,sevenn,OAM
wbm-5-21007,sevenn,0.9849591382,-0.018919227503333264,sevenn,OAM
wbm-5-21081,sevenn,1.0102452198,0.0006534386825000737,sevenn,OAM
wbm-5-21165,sevenn,0.9664659692,-0.005545895607500029,sevenn,OAM
wbm-5-21710,sevenn,0.9836939803,0.014975257905000117,sevenn,OAM
wbm-5-21754,sevenn,1.0037504026,-0.016475065771666724,sevenn,OAM
wbm-5-21768,sevenn,1.1815739813000001,0.027200099959999946,sevenn,OAM
wbm-5-21918,sevenn,0.9838102592,-0.0015667271666666989,sevenn,OAM
wbm-5-22235,sevenn,0.9727528991000001,-0.005131894045555738,sevenn,OAM
wbm-5-22562,sevenn,0.96980437,0.00023501688500005002,sevenn,OAM
wbm-5-22642,sevenn,1.0534280569,-0.002521075981250102,sevenn,OAM
wbm-5-22788,sevenn,0.9830165657000001,-0.01489205751,sevenn,OAM
wbm-5-22853,sevenn,0.9938503561,-0.009390330704444476,sevenn,OAM
wbm-5-22992,sevenn,1.0254304532,-0.006457186152777794,sevenn,OAM
wbm-5-23199,sevenn,0.9461667393000001,-0.009115858054999985,sevenn,OAM
wbm-5-2663,sevenn,0.9632068647,-0.004911490592500112,sevenn,OAM
wbm-5-2813,sevenn,0.8992624850000001,0.002699395881111065,sevenn,OAM
wbm-5-2829,sevenn,0.9800365118000001,-0.014211573758750174,sevenn,OAM
wbm-5-2847,sevenn,0.9793205871,-0.0428950541499999,sevenn,OAM
wbm-5-3057,sevenn,0.9968363934000001,0.0012696154906249868,sevenn,OAM
wbm-5-3160,sevenn,0.97490796,0.012135907972499993,sevenn,OAM
wbm-5-3442,sevenn,0.9902189802,-0.012590484829999938,sevenn,OAM
wbm-5-3649,sevenn,0.9843215048,0.0022288005800000714,sevenn,OAM
wbm-5-4145,sevenn,1.0034708709,0.0012123098324998693,sevenn,OAM
wbm-5-4303,sevenn,0.9972861018,0.011295575455555311,sevenn,OAM
wbm-5-4413,sevenn,1.0003210067,-0.015145205187499991,sevenn,OAM
wbm-5-451,sevenn,0.8789395488,0.024401801183333384,sevenn,OAM
wbm-5-4759,sevenn,1.0224218526,0.017251814526666583,sevenn,OAM
wbm-5-5360,sevenn,1.0029693754,-0.007611606486419755,sevenn,OAM
wbm-5-5480,sevenn,1.0081933952,-0.008318337890000027,sevenn,OAM
wbm-5-5723,sevenn,0.9802814978000001,-0.005287425656666637,sevenn,OAM
wbm-5-6005,sevenn,0.9660402962,-0.018775400719999877,sevenn,OAM
wbm-5-6149,sevenn,1.0140668713,0.0013242275562499906,sevenn,OAM
wbm-5-6668,sevenn,0.9934389775,0.0063138676500001266,sevenn,OAM
wbm-5-6682,sevenn,1.0528193036,0.004794316985555488,sevenn,OAM
wbm-5-6789,sevenn,0.9463208979000001,0.019860989191250143,sevenn,OAM
wbm-5-6846,sevenn,0.9498925995,-0.010416775090277596,sevenn,OAM
wbm-5-695,sevenn,0.97613885,0.0010085639411112229,sevenn,OAM
wbm-5-722,sevenn,0.9799484115,-0.007431661256666821,sevenn,OAM
wbm-5-7334,sevenn,0.9648408265,-0.0018339872499997985,sevenn,OAM
wbm-5-7532,sevenn,1.0000558531,-0.014199469349999915,sevenn,OAM
wbm-5-7573,sevenn,0.9841434329000001,-0.019691360664999814,sevenn,OAM
wbm-5-760,sevenn,0.9673923022,-0.009675000866666592,sevenn,OAM
wbm-5-7725,sevenn,1.0308306297,-0.011224399313333402,sevenn,OAM
wbm-5-8226,sevenn,0.952116253,-0.0010760416122221747,sevenn,OAM
wbm-5-8567,sevenn,0.9772215455000001,-0.0037121029311110634,sevenn,OAM
wbm-5-8771,sevenn,0.9932671247,-0.012439059119999919,sevenn,OAM
wbm-5-9104,sevenn,1.0037679238,0.007695349189285621,sevenn,OAM
wbm-5-9173,sevenn,1.000804874,-0.00032309241500012577,sevenn,OAM
wbm-5-9195,sevenn,1.0132318664,-0.008597667687500098,sevenn,OAM
wbm-5-9807,sevenn,0.9797628403,-0.023994751803999962,sevenn,OAM
wbm-5-9851,sevenn,1.0184335003,-0.01662819577142865,sevenn,OAM
wbm-1-10040,mace,0.9913668581,-0.16297091095600008,mace,mptrj
wbm-1-10104,mace,0.8518504409000001,-0.017062144649999975,mace,mptrj
wbm-1-10131,mace,1.054190381,-0.00493299719366675,mace,mptrj
wbm-1-10631,mace,0.9066665581000001,0.03751131378000004,mace,mptrj
wbm-1-10690,mace,0.86714321,0.036721964327777815,mace,mptrj
wbm-1-10748,mace,0.9347895230000001,-0.0018482182333332592,mace,mptrj
wbm-1-10973,mace,0.8522601466,-0.03528668973000002,mace,mptrj
wbm-1-10992,mace,0.8250364418,0.08934862551666639,mace,mptrj
wbm-1-11087,mace,0.9048590713,-0.03602499749305564,mace,mptrj
wbm-1-11317,mace,0.8730576526,-0.018424905423611096,mace,mptrj
wbm-1-11393,mace,0.9145297226,-0.07894991631666683,mace,mptrj
wbm-1-11757,mace,0.960701589,-0.01854703416249994,mace,mptrj
wbm-1-11840,mace,0.8816352947,-0.004542640582857059,mace,mptrj
wbm-1-12258,mace,0.9556356986000001,0.06348917950000003,mace,mptrj
wbm-1-12348,mace,0.7602155673000001,0.031497515692592515,mace,mptrj
wbm-1-12519,mace,0.681965432,-0.19871721805000006,mace,mptrj
wbm-1-12679,mace,0.8396657976,-0.040390618891250264,mace,mptrj
wbm-1-12695,mace,0.9810438910000001,-0.014415158714999344,mace,mptrj
wbm-1-12778,mace,0.7568636104,-0.03621038416000015,mace,mptrj
wbm-1-12786,mace,0.7315270875000001,-0.04297976591249997,mace,mptrj
wbm-1-13108,mace,0.8983990730000001,-0.06433050254250011,mace,mptrj
wbm-1-13152,mace,0.9599585540000001,-0.03353828849374998,mace,mptrj
wbm-1-13168,mace,0.9178198661,-0.05713864047199998,mace,mptrj
wbm-1-13402,mace,1.0304072753,-0.03445925244999994,mace,mptrj
wbm-1-13560,mace,1.0011609322,-0.029620313834999953,mace,mptrj
wbm-1-13566,mace,0.9853160346000001,0.010436446766666663,mace,mptrj
wbm-1-13665,mace,0.8730292423,-0.04944752738200002,mace,mptrj
wbm-1-13928,mace,0.8988754339,-0.019171768900000073,mace,mptrj
wbm-1-14142,mace,0.9065576620000001,-0.07107805038833319,mace,mptrj
wbm-1-14347,mace,0.7604870998000001,-0.06324619156750008,mace,mptrj
wbm-1-14351,mace,0.8757453008,-0.08753281186499998,mace,mptrj
wbm-1-14495,mace,1.05103582,-0.05032002183333345,mace,mptrj
wbm-1-14703,mace,0.7485652126,-0.08504454644666672,mace,mptrj
wbm-1-14724,mace,0.9439888528,-0.04169474839333323,mace,mptrj
wbm-1-1523,mace,0.9133743204,-0.020979369004285885,mace,mptrj
wbm-1-15999,mace,1.0262761812,-0.06164472946944471,mace,mptrj
wbm-1-16058,mace,1.0089848516,-0.005672264392000059,mace,mptrj
wbm-1-16080,mace,0.9153207467000001,-0.009964592943000028,mace,mptrj
wbm-1-1660,mace,0.8202090021,-0.05908479150833343,mace,mptrj
wbm-1-16938,mace,0.7758857961000001,-0.033897686652777814,mace,mptrj
wbm-1-16983,mace,0.7952856673,-0.02904931343000013,mace,mptrj
wbm-1-17062,mace,0.9875249566000001,0.006982295125555598,mace,mptrj
wbm-1-17125,mace,0.9548013487,-0.04309730269183681,mace,mptrj
wbm-1-17377,mace,0.8013420951,-0.082856786065,mace,mptrj
wbm-1-1791,mace,1.0581617476,-0.010633886907500001,mace,mptrj
wbm-1-1842,mace,0.9943704853,-0.0055698828400000625,mace,mptrj
wbm-1-19025,mace,0.8522037185,-0.022266992667499964,mace,mptrj
wbm-1-19090,mace,0.9819408242000001,0.04026960421500005,mace,mptrj
wbm-1-19173,mace,0.9756616398,0.019579262052500025,mace,mptrj
wbm-1-19684,mace,0.9116095697000001,-0.03561005254333332,mace,mptrj
wbm-1-19969,mace,0.8804837716,-0.026286536684999983,mace,mptrj
wbm-1-20187,mace,0.9219847215,-0.07622017449333345,mace,mptrj
wbm-1-20692,mace,0.9960786289,0.005325454250833299,mace,mptrj
wbm-1-2075,mace,0.8123661265000001,-0.024316480432856984,mace,mptrj
wbm-1-21546,mace,0.7787029944,-0.0039963586974998576,mace,mptrj
wbm-1-21647,mace,0.7336865955,-0.014834557716666788,mace,mptrj
wbm-1-21918,mace,0.8798107244000001,-0.013770532833749894,mace,mptrj
wbm-1-21974,mace,0.7618447759,-0.04311573036000003,mace,mptrj
wbm-1-22347,mace,0.9135493330000001,-0.05536285606500009,mace,mptrj
wbm-1-22912,mace,0.8033374259,-0.14362723641625,mace,mptrj
wbm-1-23029,mace,1.0162619257,0.015130629971666684,mace,mptrj
wbm-1-23533,mace,0.9797649232000001,9.291846166673186e-05,mace,mptrj
wbm-1-23543,mace,1.0680485156,-0.008957232744999866,mace,mptrj
wbm-1-23636,mace,0.9427132506,-0.035858113932499956,mace,mptrj
wbm-1-24053,mace,1.0364656686,0.10972070839749999,mace,mptrj
wbm-1-24503,mace,1.0239456924,-0.09701617312499997,mace,mptrj
wbm-1-24761,mace,0.8411855701000001,-0.052083668634000026,mace,mptrj
wbm-1-25075,mace,1.0088209187,-0.004532344549000058,mace,mptrj
wbm-1-25396,mace,0.9060993196,-0.013470724207499885,mace,mptrj
wbm-1-2557,mace,0.8115590290000001,-0.04798591051250023,mace,mptrj
wbm-1-25665,mace,0.9278611920000001,-0.01413095079187503,mace,mptrj
wbm-1-25849,mace,0.9607496906,0.004515276521999993,mace,mptrj
wbm-1-26263,mace,0.9765918333,-0.020205015069999988,mace,mptrj
wbm-1-26543,mace,0.7135332653,-0.030275136042499984,mace,mptrj
wbm-1-26634,mace,0.8845367075,-0.07196016176750009,mace,mptrj
wbm-1-2722,mace,0.8696054350000001,-0.023828866141999895,mace,mptrj
wbm-1-27220,mace,1.0109013594,0.0167587454225,mace,mptrj
wbm-1-27502,mace,0.9431387987000001,-0.013831852227500097,mace,mptrj
wbm-1-27566,mace,0.9231334894000001,-0.041169824034000053,mace,mptrj
wbm-1-28132,mace,0.7491407271,-0.004466360922499924,mace,mptrj
wbm-1-28162,mace,0.9781978927,0.019960839364999837,mace,mptrj
wbm-1-28291,mace,0.9274080059,-0.043349659277142905,mace,mptrj
wbm-1-28599,mace,0.9496951996,-0.011772269988571388,mace,mptrj
wbm-1-29365,mace,0.8459871411000001,-0.13632473487250002,mace,mptrj
wbm-1-29807,mace,0.9209572764,-0.06436719043249983,mace,mptrj
wbm-1-30045,mace,0.9932982363,-0.043375666184166904,mace,mptrj
wbm-1-30099,mace,0.8939448046,-0.030403610597777866,mace,mptrj
wbm-1-30230,mace,0.9888848402,-0.0671537163587499,mace,mptrj
wbm-1-3078,mace,0.7642643444,-0.06261197707999999,mace,mptrj
wbm-1-30964,mace,0.7649264530000001,-0.008819325842999888,mace,mptrj
wbm-1-31348,mace,0.6047355630000001,-0.045851793067777966,mace,mptrj
wbm-1-31767,mace,0.9575150988000001,-0.045970114564999776,mace,mptrj
wbm-1-31797,mace,0.7786706915,0.0401914864059998,mace,mptrj
wbm-1-31867,mace,0.5134603952,-0.2054358908071427,mace,mptrj
wbm-1-32076,mace,0.835510128,-0.0947755688229166,mace,mptrj
wbm-1-32536,mace,0.9435843077,0.003142445820000006,mace,mptrj
wbm-1-32556,mace,0.9688375396000001,-0.045428072208000145,mace,mptrj
wbm-1-32966,mace,5.0709485684,0.009929690000000591,mace,mptrj
wbm-1-33026,mace,0.9710764171,0.0007843450750000258,mace,mptrj
wbm-1-33224,mace,0.9896121005,0.013723286069999974,mace,mptrj
wbm-1-34381,mace,1.0142407367,-0.01986735207999999,mace,mptrj
wbm-1-34429,mace,0.9431692715000001,-0.040076714019999925,mace,mptrj
wbm-1-34519,mace,0.9848976749,-0.05123418637166672,mace,mptrj
wbm-1-34758,mace,0.9070179151000001,-0.024121100274999918,mace,mptrj
wbm-1-34857,mace,0.8357690116000001,-0.0007715131900000394,mace,mptrj
wbm-1-35134,mace,0.9747487846,-0.05253468883666663,mace,mptrj
wbm-1-3516,mace,0.7708431285,-0.0594754796741667,mace,mptrj
wbm-1-3535,mace,0.829158947,-0.07313404872750008,mace,mptrj
wbm-1-35404,mace,0.9045104351000001,-0.0440183739757143,mace,mptrj
wbm-1-35738,mace,0.8255999994000001,-0.06875792759749988,mace,mptrj
wbm-1-36060,mace,0.9276553689,-0.051116100946249965,mace,mptrj
wbm-1-36191,mace,0.9209761132000001,-0.06398047983500002,mace,mptrj
wbm-1-36764,mace,0.8792265834,-0.0493022786687499,mace,mptrj
wbm-1-36839,mace,0.7675633660000001,0.07703770960500007,mace,mptrj
wbm-1-36941,mace,0.7786753729,-0.042843311726388715,mace,mptrj
wbm-1-37204,mace,0.8629780704000001,0.030682826587500028,mace,mptrj
wbm-1-37361,mace,1.0046548869,-0.00020102876249996626,mace,mptrj
wbm-1-37528,mace,0.8463083484,0.009578457470833197,mace,mptrj
wbm-1-37838,mace,0.9460164853,0.015180660560833323,mace,mptrj
wbm-1-38418,mace,0.6553815656,-0.08557385319250012,mace,mptrj
wbm-1-38520,mace,0.8877957860000001,-0.14494749607083351,mace,mptrj
wbm-1-38808,mace,0.9711868187,-0.015532104080833225,mace,mptrj
wbm-1-39089,mace,0.9246785628,-0.029964425637500014,mace,mptrj
wbm-1-40024,mace,0.7968449092000001,-0.13264118474799985,mace,mptrj
wbm-1-40484,mace,0.9798912383,-0.012089653229999974,mace,mptrj
wbm-1-40953,mace,0.9881474833,-0.05752659065374992,mace,mptrj
wbm-1-41091,mace,0.9355291868000001,-0.00615497435166669,mace,mptrj
wbm-1-41383,mace,0.9487537556000001,-0.019228558728333314,mace,mptrj
wbm-1-41389,mace,0.8342662062,-0.0544907891145455,mace,mptrj
wbm-1-41515,mace,0.8686014585,-0.047299990250833444,mace,mptrj
wbm-1-41644,mace,0.9178372101000001,-0.02673652566031724,mace,mptrj
wbm-1-42383,mace,0.9039923723000001,0.028501626422000326,mace,mptrj
wbm-1-42731,mace,0.9334314552,-0.024688196182222396,mace,mptrj
wbm-1-43066,mace,0.9592997350000001,0.014007163020833128,mace,mptrj
wbm-1-43649,mace,0.9492341932,0.02082288484583354,mace,mptrj
wbm-1-43796,mace,0.9537267076,-0.0574474735316666,mace,mptrj
wbm-1-44126,mace,1.0119079019,-0.04754633719700003,mace,mptrj
wbm-1-44340,mace,0.8837744452,-0.039227788099166716,mace,mptrj
wbm-1-44478,mace,0.8688439007000001,-0.25270891493111114,mace,mptrj
wbm-1-44580,mace,1.0314841379,0.022446564258750003,mace,mptrj
wbm-1-44656,mace,0.7951913702000001,-0.1308058874324999,mace,mptrj
wbm-1-45122,mace,0.8241166208,0.04130118809799995,mace,mptrj
wbm-1-45422,mace,0.746941151,-0.02053536718999993,mace,mptrj
wbm-1-45595,mace,0.9210618479,0.05749871289333323,mace,mptrj
wbm-1-45824,mace,0.6694403412000001,-0.039786204556666385,mace,mptrj
wbm-1-45844,mace,0.7651295714,-0.15725941652619038,mace,mptrj
wbm-1-45939,mace,0.8389016880000001,0.01054647533916686,mace,mptrj
wbm-1-45958,mace,0.8967292416,-0.0055412780783334155,mace,mptrj
wbm-1-46061,mace,0.8766055639,-0.057608910259999806,mace,mptrj
wbm-1-46063,mace,0.9015266165,-0.06571181206083333,mace,mptrj
wbm-1-462,mace,0.8097322154000001,-0.019104056080000032,mace,mptrj
wbm-1-46216,mace,0.8711354312,-0.08385765154916669,mace,mptrj
wbm-1-4644,mace,0.8785425443,-0.0594191122909091,mace,mptrj
wbm-1-46479,mace,0.9284839197,0.08296070017666644,mace,mptrj
wbm-1-46897,mace,0.9201177467,-0.06918364376888869,mace,mptrj
wbm-1-47256,mace,0.9153488806000001,-0.017671828017499957,mace,mptrj
wbm-1-47271,mace,0.8571483343,-0.024642602052499997,mace,mptrj
wbm-1-47332,mace,0.9810390896000001,0.023374586885000027,mace,mptrj
wbm-1-47390,mace,1.1489545778,0.04491636911750002,mace,mptrj
wbm-1-4748,mace,0.7479455288,0.0033524446199997724,mace,mptrj
wbm-1-47680,mace,0.9462490519000001,-0.03536306727100005,mace,mptrj
wbm-1-48045,mace,0.9103375103,-0.03444938615250006,mace,mptrj
wbm-1-48387,mace,0.9456075849000001,-0.1372438269350001,mace,mptrj
wbm-1-48516,mace,0.7675301754,-0.07695156286999998,mace,mptrj
wbm-1-48844,mace,0.9448766889,-0.008992570419375224,mace,mptrj
wbm-1-48894,mace,0.8580086621,-0.009386742962222252,mace,mptrj
wbm-1-48917,mace,0.9219079615,-0.008360696500000042,mace,mptrj
wbm-1-48956,mace,0.9603678506000001,-0.019411412984999998,mace,mptrj
wbm-1-4923,mace,1.0955952572,-0.21600406395,mace,mptrj
wbm-1-4926,mace,0.9167696033,-0.040568483845,mace,mptrj
wbm-1-49882,mace,0.9613826786,-0.035416140232222185,mace,mptrj
wbm-1-50042,mace,0.9217998465,-0.004433923825555534,mace,mptrj
wbm-1-5045,mace,0.8341373052000001,-0.12361623405999989,mace,mptrj
wbm-1-50475,mace,1.0095228703,-0.0010128389319999796,mace,mptrj
wbm-1-5112,mace,0.9283452901,-0.2187754330639997,mace,mptrj
wbm-1-51210,mace,0.878986794,0.008266242605000062,mace,mptrj
wbm-1-51562,mace,0.6903184913,0.019646547825000128,mace,mptrj
wbm-1-51828,mace,0.8930177019000001,-0.019031156837499986,mace,mptrj
wbm-1-51920,mace,0.9218672590000001,-0.039641524159999914,mace,mptrj
wbm-1-52323,mace,0.8798879136000001,-0.03538285195400004,mace,mptrj
wbm-1-5320,mace,0.9768369989000001,0.013822672089166826,mace,mptrj
wbm-1-54021,mace,0.8511708826000001,-0.03266298572200001,mace,mptrj
wbm-1-54211,mace,0.8227392679000001,-0.08232158981800011,mace,mptrj
wbm-1-54223,mace,0.9223236703000001,-0.044649607625999864,mace,mptrj
wbm-1-54845,mace,0.8316167528,0.02338079270571417,mace,mptrj
wbm-1-55055,mace,0.7714089091,-0.1114544441839284,mace,mptrj
wbm-1-55621,mace,0.8174559899,-0.01762532477333328,mace,mptrj
wbm-1-55626,mace,0.9010838613000001,-0.072093626925,mace,mptrj
wbm-1-55839,mace,0.7202700438,-0.05794091720185172,mace,mptrj
wbm-1-56095,mace,0.7974553118000001,-0.04580689733999973,mace,mptrj
wbm-1-56442,mace,0.8240780302,-0.05806911077624992,mace,mptrj
wbm-1-56596,mace,0.7991537203,-0.08888239527333334,mace,mptrj
wbm-1-56597,mace,0.9529087900000001,-0.046994805196,mace,mptrj
wbm-1-5673,mace,0.9265344858000001,-0.022619785424999962,mace,mptrj
wbm-1-5686,mace,0.8609722033,-0.27513129435199996,mace,mptrj
wbm-1-57622,mace,0.9663136551,0.023906266104166584,mace,mptrj
wbm-1-58300,mace,0.8430273561,-0.07752220713333353,mace,mptrj
wbm-1-58411,mace,0.9744722742,0.02595921375500006,mace,mptrj
wbm-1-58431,mace,0.8766322539,-0.0033514159166667078,mace,mptrj
wbm-1-5891,mace,0.8880192663,0.022977857466666734,mace,mptrj
wbm-1-59108,mace,0.6885066201000001,-0.08995396315749993,mace,mptrj
wbm-1-59510,mace,0.7828245213,-0.02761592920000009,mace,mptrj
wbm-1-59715,mace,0.8961588197,0.007101977202500098,mace,mptrj
wbm-1-59754,mace,0.8861072502,-0.020107061447000023,mace,mptrj
wbm-1-59925,mace,1.0856774332,-0.03246540344999999,mace,mptrj
wbm-1-60339,mace,0.9211151778000001,0.011342842134999965,mace,mptrj
wbm-1-60437,mace,0.9617677061000001,-0.04320165135499998,mace,mptrj
wbm-1-60536,mace,0.9342904974,-0.1210263214380952,mace,mptrj
wbm-1-61353,mace,1.0972804062,-0.01807893176750004,mace,mptrj
wbm-1-61447,mace,0.7469732825000001,-0.025379545056666803,mace,mptrj
wbm-1-61492,mace,0.8755113589,-0.020323267239999866,mace,mptrj
wbm-1-61567,mace,0.7789848256,-0.010896919197499955,mace,mptrj
wbm-1-6677,mace,0.9054522063,-0.11991646953333361,mace,mptrj
wbm-1-6831,mace,0.9569497678000001,0.0105330583645458,mace,mptrj
wbm-1-6877,mace,0.7337566273,-0.018123773787499964,mace,mptrj
wbm-1-7173,mace,0.7299862055,-0.07457487873399998,mace,mptrj
wbm-1-7275,mace,0.7466066266,-0.057086756829999884,mace,mptrj
wbm-1-7410,mace,0.7205173795,-0.12791009236666648,mace,mptrj
wbm-1-8359,mace,0.9434033399,-0.02868635987250001,mace,mptrj
wbm-1-8367,mace,0.9379638507,-0.02945672638000006,mace,mptrj
wbm-1-9075,mace,0.8722611912,-0.07518827636083346,mace,mptrj
wbm-1-9196,mace,0.9813679504,-0.010372234079999964,mace,mptrj
wbm-1-9201,mace,0.9184964549,-0.0030790092150000613,mace,mptrj
wbm-1-987,mace,0.9927488458,-0.005149216139999981,mace,mptrj
wbm-1-9927,mace,0.9812926465,-0.004951492226000021,mace,mptrj
wbm-2-10245,mace,0.8893545675000001,-0.010871380111000022,mace,mptrj
wbm-2-10499,mace,0.9497860293,-0.03493331802666672,mace,mptrj
wbm-2-10810,mace,0.8361626227000001,-0.04345931256777781,mace,mptrj
wbm-2-10923,mace,0.8685803588000001,-0.04951088717083326,mace,mptrj
wbm-2-11068,mace,0.9050225649,-0.05982517713300013,mace,mptrj
wbm-2-11084,mace,0.9075480491000001,-0.04234966028499983,mace,mptrj
wbm-2-11128,mace,0.8519001791,0.0166094084420002,mace,mptrj
wbm-2-11212,mace,0.8736401071000001,-0.06475345740363636,mace,mptrj
wbm-2-11382,mace,0.8472019672000001,-0.0028928249999999878,mace,mptrj
wbm-2-1151,mace,0.9537987415,-0.03537228040666663,mace,mptrj
wbm-2-11618,mace,0.9165943782,-0.04825322610333329,mace,mptrj
wbm-2-11694,mace,0.9563619804000001,-0.020368615058750095,mace,mptrj
wbm-2-11991,mace,0.8145497147,-0.02910749739499998,mace,mptrj
wbm-2-12110,mace,0.9272920929,-0.042764404360000084,mace,mptrj
wbm-2-1217,mace,0.9399613131000001,-0.10452017989500012,mace,mptrj
wbm-2-12245,mace,0.8166246843,0.013306187538888676,mace,mptrj
wbm-2-12407,mace,0.8227343902,-0.04401108716000017,mace,mptrj
wbm-2-12899,mace,0.8880224846,-0.08505287733833333,mace,mptrj
wbm-2-13207,mace,0.9644288331,0.013115480036666584,mace,mptrj
wbm-2-13474,mace,1.003610771,-0.0010972155499999303,mace,mptrj
wbm-2-13628,mace,1.0786791299,-0.06991930211500007,mace,mptrj
wbm-2-13632,mace,1.0185752942,-0.012751472176666686,mace,mptrj
wbm-2-13798,mace,0.9391002664,-0.042692893756666926,mace,mptrj
wbm-2-13799,mace,0.8427287299,-0.07489221871458322,mace,mptrj
wbm-2-13911,mace,0.9073478723,-0.027497735235000143,mace,mptrj
wbm-2-14116,mace,0.9032613429,-0.041432435978333376,mace,mptrj
wbm-2-14733,mace,0.8929740322,-0.015941871690000033,mace,mptrj
wbm-2-14949,mace,0.8277466841000001,-0.03634365323583341,mace,mptrj
wbm-2-14980,mace,0.9365742019000001,-0.054685431098750036,mace,mptrj
wbm-2-15047,mace,1.0794669192,0.06341743823499994,mace,mptrj
wbm-2-15398,mace,0.8508757246,0.04002675563125004,mace,mptrj
wbm-2-15816,mace,1.0006773042,-0.003523599991000026,mace,mptrj
wbm-2-15882,mace,0.9026957371000001,-0.028013296523437536,mace,mptrj
wbm-2-16299,mace,0.9753385836,-0.044249129598749895,mace,mptrj
wbm-2-16983,mace,0.8248042195,-0.0605892639779998,mace,mptrj
wbm-2-17344,mace,0.9906329724,-0.00210512420749982,mace,mptrj
wbm-2-1787,mace,0.8720884739,-0.014375531459999888,mace,mptrj
wbm-2-19108,mace,0.8569061582,-0.052169757096666734,mace,mptrj
wbm-2-19313,mace,0.9386297409000001,-0.02864331172666673,mace,mptrj
wbm-2-20028,mace,0.7746220763,-0.25599126928000027,mace,mptrj
wbm-2-20166,mace,0.9603268808000001,-0.04463864362636397,mace,mptrj
wbm-2-20256,mace,0.9105518563,-0.08207037678363639,mace,mptrj
wbm-2-20265,mace,0.7983865573000001,0.20383065830555555,mace,mptrj
wbm-2-20392,mace,0.9179595584,-0.08184201174999997,mace,mptrj
wbm-2-20448,mace,0.8981598021,0.005256029142500118,mace,mptrj
wbm-2-20797,mace,0.7842810276000001,0.017714216466667074,mace,mptrj
wbm-2-21074,mace,1.0620964085,0.004291289675999899,mace,mptrj
wbm-2-21198,mace,1.051502677,-0.17417007918666663,mace,mptrj
wbm-2-21508,mace,0.8433796036000001,-0.13700168639250004,mace,mptrj
wbm-2-21597,mace,0.9247475385,-0.07797450075600001,mace,mptrj
wbm-2-21693,mace,0.7615161871,-0.11039251948250008,mace,mptrj
wbm-2-21990,mace,0.910981004,-0.13330584466874998,mace,mptrj
wbm-2-22192,mace,0.8460440311,-0.1031978600425,mace,mptrj
wbm-2-2223,mace,0.9153024780000001,-0.0233590150133334,mace,mptrj
wbm-2-22928,mace,0.8813468328,-0.0458638256982142,mace,mptrj
wbm-2-22992,mace,0.8668670138000001,-0.006441339034523792,mace,mptrj
wbm-2-2316,mace,0.9117615197000001,-0.08572075708333345,mace,mptrj
wbm-2-23452,mace,0.934905116,-0.025673892214999938,mace,mptrj
wbm-2-23794,mace,0.9061590916000001,-0.04053027070857149,mace,mptrj
wbm-2-23880,mace,0.7945625202000001,-0.08024903477999992,mace,mptrj
wbm-2-23973,mace,0.9726549798,0.007157482383333402,mace,mptrj
wbm-2-24003,mace,0.9454156397000001,0.0036515700699999245,mace,mptrj
wbm-2-24061,mace,0.8292263209,-0.04639233884583346,mace,mptrj
wbm-2-24501,mace,1.0094425817,-0.01714835455900001,mace,mptrj
wbm-2-24549,mace,0.9346010465000001,-0.20979952414499997,mace,mptrj
wbm-2-24887,mace,0.9096370942,-0.012203818264999899,mace,mptrj
wbm-2-25039,mace,0.9382093268,-0.006729503383333357,mace,mptrj
wbm-2-25087,mace,0.9326134373,-0.03951630272749984,mace,mptrj
wbm-2-25091,mace,0.6986959447000001,0.038523034738333455,mace,mptrj
wbm-2-25182,mace,0.9825233154,-0.03898065667625006,mace,mptrj
wbm-2-25748,mace,0.9682099158,0.03471146207700031,mace,mptrj
wbm-2-25883,mace,0.9138497588000001,-0.00730402776500001,mace,mptrj
wbm-2-26027,mace,1.0431026032,-0.06954189626333337,mace,mptrj
wbm-2-26175,mace,0.8360124681000001,0.011599239885000001,mace,mptrj
wbm-2-26205,mace,0.7053334561,0.14547907595500006,mace,mptrj
wbm-2-26262,mace,0.7954894163,-0.02605433115925901,mace,mptrj
wbm-2-26500,mace,0.9815110124,-0.06511169936666701,mace,mptrj
wbm-2-26676,mace,0.9280330333000001,0.01539631983999996,mace,mptrj
wbm-2-2669,mace,0.8223431573000001,-0.009878141566666542,mace,mptrj
wbm-2-27233,mace,0.9323679888,0.00311898406333313,mace,mptrj
wbm-2-27460,mace,0.7466923010000001,-0.042666655867272786,mace,mptrj
wbm-2-27581,mace,0.7742808448,-0.07181143570666654,mace,mptrj
wbm-2-27803,mace,0.8625819831,-0.013097650518888868,mace,mptrj
wbm-2-27955,mace,0.8819452793,0.005302230794444461,mace,mptrj
wbm-2-28151,mace,0.7408093611000001,0.029712806090000134,mace,mptrj
wbm-2-28311,mace,0.8040505136,-0.04033477494814803,mace,mptrj
wbm-2-28628,mace,0.8528972208000001,-0.010781723341999908,mace,mptrj
wbm-2-28666,mace,0.7493141986,0.12861619451099984,mace,mptrj
wbm-2-29064,mace,0.7614117704000001,-0.040314425541999835,mace,mptrj
wbm-2-29551,mace,0.6949521139,-0.026118187551666828,mace,mptrj
wbm-2-29590,mace,0.5992708433,-0.03121941515624993,mace,mptrj
wbm-2-2973,mace,0.9290294075000001,0.023269642037500038,mace,mptrj
wbm-2-30232,mace,0.9963676179000001,-0.03510554852000001,mace,mptrj
wbm-2-30753,mace,0.9633870356,0.21029727415666669,mace,mptrj
wbm-2-31075,mace,0.7388977207,-0.08832746100750004,mace,mptrj
wbm-2-31128,mace,0.839029542,-0.05288008025999981,mace,mptrj
wbm-2-31420,mace,0.8716869447000001,-0.05332926176000008,mace,mptrj
wbm-2-31514,mace,0.8012609297000001,0.042273131634999926,mace,mptrj
wbm-2-31515,mace,0.9451362529,-0.029438996405555584,mace,mptrj
wbm-2-31561,mace,0.8938948576,0.041203795440000086,mace,mptrj
wbm-2-31795,mace,0.9122497547,-0.039993749995000154,mace,mptrj
wbm-2-32099,mace,0.9484443077,-0.011111506784999866,mace,mptrj
wbm-2-32354,mace,0.9305675945,-0.011229078680000004,mace,mptrj
wbm-2-32386,mace,0.8956852222,-0.028783155917499935,mace,mptrj
wbm-2-32777,mace,0.906291194,-0.04035054914833331,mace,mptrj
wbm-2-32910,mace,0.7420428108,-0.0089796577266668,mace,mptrj
wbm-2-33373,mace,0.8264117228000001,-0.008574649294444313,mace,mptrj
wbm-2-33421,mace,0.9008724410000001,-0.005039629652000102,mace,mptrj
wbm-2-34088,mace,0.9861370256,-0.007924387425999982,mace,mptrj
wbm-2-3424,mace,0.9352618981,-0.029565560348333325,mace,mptrj
wbm-2-34474,mace,0.9692307341,0.010284995430000166,mace,mptrj
wbm-2-34818,mace,0.8524940209,-0.036465342789999626,mace,mptrj
wbm-2-34985,mace,0.8400185877,-0.059210108443333215,mace,mptrj
wbm-2-35177,mace,0.8332339823,-0.038374319475757736,mace,mptrj
wbm-2-35202,mace,1.0300811301,-0.029899097948483985,mace,mptrj
wbm-2-35598,mace,0.8525009917,-0.1179970437670002,mace,mptrj
wbm-2-35958,mace,0.9915408374,0.03643980528800014,mace,mptrj
wbm-2-36105,mace,0.9702374325,-0.008971061835999947,mace,mptrj
wbm-2-36320,mace,0.9792264738,-0.044893742749090776,mace,mptrj
wbm-2-36499,mace,0.9723965157000001,-0.018107807971818022,mace,mptrj
wbm-2-36606,mace,0.9357024048,-0.013670102128333165,mace,mptrj
wbm-2-37493,mace,0.9062881533,-0.10905909369416673,mace,mptrj
wbm-2-37746,mace,0.9535144511,-0.1477838211830001,mace,mptrj
wbm-2-38,mace,0.6192407375,-0.1760583634666665,mace,mptrj
wbm-2-38123,mace,0.9256515740000001,-0.11592251519888903,mace,mptrj
wbm-2-38626,mace,0.8393437380000001,-0.07352645252399988,mace,mptrj
wbm-2-38768,mace,0.9695972403,-0.00253192067499981,mace,mptrj
wbm-2-38824,mace,0.9747275654,0.005530388269999875,mace,mptrj
wbm-2-39093,mace,0.7090182813,-0.09387522311666707,mace,mptrj
wbm-2-39277,mace,0.9123717838000001,-0.0026540438203702544,mace,mptrj
wbm-2-39858,mace,0.9880303553,-0.01795965988333344,mace,mptrj
wbm-2-3987,mace,0.7849804503000001,-0.07910101655800006,mace,mptrj
wbm-2-40383,mace,1.0203182441,-0.1303776942550001,mace,mptrj
wbm-2-40651,mace,0.8875318517,-0.027522616655714264,mace,mptrj
wbm-2-40707,mace,0.9432321908,-0.06196854549699985,mace,mptrj
wbm-2-4091,mace,0.8294831018000001,-0.0017160594441670916,mace,mptrj
wbm-2-40954,mace,0.8583101369,-0.0013612965362499007,mace,mptrj
wbm-2-41053,mace,0.8528381713000001,-0.03913276468624991,mace,mptrj
wbm-2-4187,mace,0.7687098877,-0.07469478288214303,mace,mptrj
wbm-2-42127,mace,0.9210651268000001,-0.022710238959999886,mace,mptrj
wbm-2-42209,mace,0.9526717348,-0.11725505828249991,mace,mptrj
wbm-2-42382,mace,0.9456976799000001,-0.01699469166750003,mace,mptrj
wbm-2-44123,mace,0.9512106130000001,-0.03879769308888881,mace,mptrj
wbm-2-44195,mace,0.9369749358,-0.07174902279000007,mace,mptrj
wbm-2-44473,mace,0.9117584161000001,-0.028855103237499867,mace,mptrj
wbm-2-44832,mace,0.7146859839,-0.04110064610750008,mace,mptrj
wbm-2-44888,mace,0.8633901764,-0.06910688317999997,mace,mptrj
wbm-2-45158,mace,0.9324170209,-0.009068557554999935,mace,mptrj
wbm-2-45183,mace,0.8066000998,0.01388038183333317,mace,mptrj
wbm-2-45365,mace,0.8802616167,-0.17405872941388878,mace,mptrj
wbm-2-45585,mace,0.8277775725000001,-0.04685925194000049,mace,mptrj
wbm-2-45645,mace,0.7628493214000001,-0.05239242769571426,mace,mptrj
wbm-2-45772,mace,0.9239944599000001,-0.009285277140000261,mace,mptrj
wbm-2-45812,mace,0.8785621621,-0.009811698182500005,mace,mptrj
wbm-2-46026,mace,0.9191979952,-0.02160637548499999,mace,mptrj
wbm-2-46362,mace,0.8515480213000001,-0.05679809084818172,mace,mptrj
wbm-2-46431,mace,0.9310513293,-0.0556884775600001,mace,mptrj
wbm-2-46663,mace,0.8184768078,-0.07103050417727262,mace,mptrj
wbm-2-46903,mace,1.0112918881,0.005659946915000032,mace,mptrj
wbm-2-46975,mace,0.8257848461,-0.07317264729833327,mace,mptrj
wbm-2-4763,mace,0.9225758541,-0.024844494538889112,mace,mptrj
wbm-2-47914,mace,0.7473927439,0.05622911696458299,mace,mptrj
wbm-2-48685,mace,0.9750814324,-0.06518981403750024,mace,mptrj
wbm-2-48699,mace,0.9394719378,-0.05528300837000018,mace,mptrj
wbm-2-49019,mace,0.8923967527000001,-0.24370868595500003,mace,mptrj
wbm-2-49081,mace,0.8766591156,-0.041324507775000185,mace,mptrj
wbm-2-49233,mace,0.8365772304,-0.04101170466666672,mace,mptrj
wbm-2-49340,mace,0.6624422061,-0.08267843920250009,mace,mptrj
wbm-2-49384,mace,1.12585083,-0.1061167583766668,mace,mptrj
wbm-2-49468,mace,0.7781165797,-0.09628402819875,mace,mptrj
wbm-2-50279,mace,0.9106593389000001,-0.05961239557249982,mace,mptrj
wbm-2-50333,mace,0.8957190149,0.016220228675000097,mace,mptrj
wbm-2-50495,mace,0.8359237141,-0.018026858096666605,mace,mptrj
wbm-2-50655,mace,0.9027755326,-0.05695418009285709,mace,mptrj
wbm-2-51174,mace,0.9139339059,-0.025881481549999998,mace,mptrj
wbm-2-5119,mace,1.0272537916,-0.0890664103372727,mace,mptrj
wbm-2-51568,mace,0.36024250480000003,-0.111675384346296,mace,mptrj
wbm-2-51816,mace,0.9914053642,-0.01504625392500003,mace,mptrj
wbm-2-51830,mace,0.5558971477,-0.053210177227777516,mace,mptrj
wbm-2-51886,mace,1.1028607942,-0.2972256467599999,mace,mptrj
wbm-2-5191,mace,0.7416757361,0.004460601178181956,mace,mptrj
wbm-2-52052,mace,0.9146560341000001,-0.002743446242500047,mace,mptrj
wbm-2-52350,mace,0.9287805856,-0.014738682397499937,mace,mptrj
wbm-2-52424,mace,0.9359176065,-0.0229522095125001,mace,mptrj
wbm-2-5247,mace,0.980478253,0.015249997106000066,mace,mptrj
wbm-2-52502,mace,1.068196018,-0.005691517737500007,mace,mptrj
wbm-2-52632,mace,0.8027892242,-0.04449634357444441,mace,mptrj
wbm-2-5290,mace,0.7703115571,-0.1020147728199999,mace,mptrj
wbm-2-5804,mace,0.9265118567,-0.049319721014999963,mace,mptrj
wbm-2-6062,mace,0.8216906686000001,-0.03106265732083327,mace,mptrj
wbm-2-6092,mace,0.7831671091,-0.2826253708391668,mace,mptrj
wbm-2-6110,mace,0.9640383251,-0.07994937917799987,mace,mptrj
wbm-2-6329,mace,0.8577388938,-0.09797317254625018,mace,mptrj
wbm-2-6620,mace,0.9964331755,0.020147613484999983,mace,mptrj
wbm-2-6627,mace,0.9105708132,-0.004128008241999979,mace,mptrj
wbm-2-6892,mace,0.9231764249000001,-0.11638211351699994,mace,mptrj
wbm-2-6906,mace,0.8846959670000001,-0.06182177516111109,mace,mptrj
wbm-2-6947,mace,0.8522767505000001,-0.11525922454400003,mace,mptrj
wbm-2-7202,mace,1.0434440353,-0.09759931833999992,mace,mptrj
wbm-2-7809,mace,0.9875152557,0.01841230219999986,mace,mptrj
wbm-2-828,mace,0.8793417007000001,0.0071137617400002465,mace,mptrj
wbm-2-9248,mace,0.9097499655,-0.06915762772250007,mace,mptrj
wbm-2-9267,mace,0.9958457417000001,-0.0857814681225002,mace,mptrj
wbm-2-9731,mace,0.9149420092,-0.04406097843799994,mace,mptrj
wbm-3-10689,mace,0.9339984758000001,-0.11136223589090898,mace,mptrj
wbm-3-11165,mace,0.8770699304,-0.07999465893906255,mace,mptrj
wbm-3-11718,mace,0.9350598777,-0.0827435864314285,mace,mptrj
wbm-3-12323,mace,1.0220629909,-0.0011119313100000738,mace,mptrj
wbm-3-12716,mace,0.9413534779,-0.07506305154555555,mace,mptrj
wbm-3-12746,mace,0.9364939447,-0.009024156487499945,mace,mptrj
wbm-3-12774,mace,0.8396899622,-0.03997581187999977,mace,mptrj
wbm-3-12889,mace,0.9478824351,-0.12421118743416659,mace,mptrj
wbm-3-13114,mace,0.8106213809,0.0024099275533332686,mace,mptrj
wbm-3-13317,mace,0.9318451630000001,-0.062288103477499905,mace,mptrj
wbm-3-13400,mace,0.9823229665000001,-0.049066485792592686,mace,mptrj
wbm-3-13486,mace,0.8018556526,-0.10585187084749999,mace,mptrj
wbm-3-13949,mace,0.8665590716,0.0022389015975000427,mace,mptrj
wbm-3-13976,mace,0.8640748571,-0.16235525519099994,mace,mptrj
wbm-3-14196,mace,0.793291662,-0.11604915458625001,mace,mptrj
wbm-3-14217,mace,0.8955845315000001,-0.0689398593811113,mace,mptrj
wbm-3-1457,mace,0.8958327156,-0.010335637278000007,mace,mptrj
wbm-3-14648,mace,0.9332445972000001,0.011387549051250102,mace,mptrj
wbm-3-148,mace,0.7878857404,-0.044392596310833365,mace,mptrj
wbm-3-14897,mace,0.952371853,-0.045837970509999965,mace,mptrj
wbm-3-15167,mace,0.9645023764,-0.049046001978999984,mace,mptrj
wbm-3-15223,mace,0.9376395305,-0.08363445818999997,mace,mptrj
wbm-3-15280,mace,0.7995591445,-0.10840783099300004,mace,mptrj
wbm-3-15327,mace,0.7472036195,-0.06895318482333307,mace,mptrj
wbm-3-1552,mace,0.7579915432000001,0.04092182546851864,mace,mptrj
wbm-3-15643,mace,0.9212847333,-0.048116697268999996,mace,mptrj
wbm-3-16336,mace,0.848941618,-0.02109690637833322,mace,mptrj
wbm-3-16734,mace,0.8071271076000001,0.0014954839271429218,mace,mptrj
wbm-3-16816,mace,0.8903525966,-0.044332856718333424,mace,mptrj
wbm-3-1719,mace,0.8166461685,-0.0636801084552084,mace,mptrj
wbm-3-17250,mace,0.8832566525000001,-0.04114198647999991,mace,mptrj
wbm-3-17617,mace,0.8908990457,-0.041233108699999965,mace,mptrj
wbm-3-17661,mace,0.9561833824,-0.02946178639888891,mace,mptrj
wbm-3-1822,mace,0.7844943142,-0.028457534378888736,mace,mptrj
wbm-3-18479,mace,0.8149843683,-0.0031147935422222556,mace,mptrj
wbm-3-18841,mace,0.9873911031,-0.009123620655555574,mace,mptrj
wbm-3-19096,mace,0.8477904234,0.00038472086888895597,mace,mptrj
wbm-3-19145,mace,0.7749935826000001,-0.027802045088333394,mace,mptrj
wbm-3-19453,mace,0.9470394489,-0.042082380798333395,mace,mptrj
wbm-3-20198,mace,0.9957198832,-0.012131583549999903,mace,mptrj
wbm-3-20284,mace,0.9060030126,-0.06737523869555559,mace,mptrj
wbm-3-20301,mace,0.5988055025,-0.020867510085714178,mace,mptrj
wbm-3-20382,mace,0.8666700742000001,-0.08769289998166674,mace,mptrj
wbm-3-20528,mace,0.7810111881,0.005896522044444276,mace,mptrj
wbm-3-20949,mace,1.0910656739,-0.043722166806666844,mace,mptrj
wbm-3-21531,mace,0.9415785673,-0.025703813933333267,mace,mptrj
wbm-3-21627,mace,1.0752106292999999,-0.019025257115000114,mace,mptrj
wbm-3-21642,mace,0.8603634802000001,-0.030903632467857163,mace,mptrj
wbm-3-22305,mace,0.9725173495,-0.026833409022916754,mace,mptrj
wbm-3-22379,mace,0.9522403352000001,-0.05086686796749999,mace,mptrj
wbm-3-2248,mace,0.9723340878000001,-0.048316219094444474,mace,mptrj
wbm-3-22519,mace,0.9286550614,-0.030533404795833538,mace,mptrj
wbm-3-22524,mace,0.9932782499,0.06812622314374997,mace,mptrj
wbm-3-22718,mace,0.9460281332,0.051959495246875265,mace,mptrj
wbm-3-22742,mace,0.8879010448,-0.10270514655375011,mace,mptrj
wbm-3-22772,mace,0.8905485725000001,-0.05976223189499992,mace,mptrj
wbm-3-23060,mace,0.8759501107000001,0.018616141996249967,mace,mptrj
wbm-3-23205,mace,0.7336488013,-0.11008721812321427,mace,mptrj
wbm-3-23657,mace,0.8722173824,0.04194121382875009,mace,mptrj
wbm-3-23961,mace,0.9986893052,-0.00897495893363653,mace,mptrj
wbm-3-24482,mace,0.7350273382,0.0908722257962502,mace,mptrj
wbm-3-24541,mace,0.9302359656,-0.036837226360493726,mace,mptrj
wbm-3-25261,mace,0.7296104978,-0.039232095378000195,mace,mptrj
wbm-3-25538,mace,0.8842608298,-0.10892531485428582,mace,mptrj
wbm-3-25577,mace,0.7869313134,-0.09398800288428534,mace,mptrj
wbm-3-26237,mace,0.8456806951,-0.007526601397777928,mace,mptrj
wbm-3-26853,mace,0.8939606898,0.02488402201666684,mace,mptrj
wbm-3-26855,mace,0.8882787742,0.015451077927499756,mace,mptrj
wbm-3-27894,mace,0.8502250250000001,-0.027911988070833494,mace,mptrj
wbm-3-28259,mace,0.8536458017,-0.061153036670000084,mace,mptrj
wbm-3-28421,mace,0.9029373934,-0.07319019892571414,mace,mptrj
wbm-3-2876,mace,0.8496919244000001,-0.03838394309571436,mace,mptrj
wbm-3-29262,mace,0.8497270092,-0.05586655020555572,mace,mptrj
wbm-3-29413,mace,0.9088539547000001,-0.012754035042222257,mace,mptrj
wbm-3-2947,mace,0.9308280189,-0.03686607993000009,mace,mptrj
wbm-3-29478,mace,0.8741800645000001,-0.06740857884899995,mace,mptrj
wbm-3-29820,mace,0.8043446804000001,0.009439426092500192,mace,mptrj
wbm-3-29926,mace,0.9250703963,-0.013616183928000042,mace,mptrj
wbm-3-30118,mace,0.7950291863000001,0.035784055156999985,mace,mptrj
wbm-3-30211,mace,0.8004258448,0.032106833660000264,mace,mptrj
wbm-3-30339,mace,0.8468842190000001,-0.15081529540124997,mace,mptrj
wbm-3-30439,mace,1.0115304691,-0.09020750405100017,mace,mptrj
wbm-3-30449,mace,0.9346112797,-0.07062991388000014,mace,mptrj
wbm-3-306,mace,0.8466375034,-0.05220878948000012,mace,mptrj
wbm-3-31547,mace,0.7627547178,-0.05269403540999988,mace,mptrj
wbm-3-32182,mace,0.9528682276,-0.09931956723000042,mace,mptrj
wbm-3-32371,mace,0.7998016379,-0.16981587415916663,mace,mptrj
wbm-3-3260,mace,0.9217231325,-0.027787992931249984,mace,mptrj
wbm-3-32953,mace,0.793594393,-0.1367109635983332,mace,mptrj
wbm-3-33052,mace,0.888831578,-0.1464430826291668,mace,mptrj
wbm-3-33057,mace,0.8610547429000001,-0.1390038440633334,mace,mptrj
wbm-3-33496,mace,0.9165729650000001,-0.022694468089999965,mace,mptrj
wbm-3-33667,mace,0.7728495739,-0.12528336139375,mace,mptrj
wbm-3-33669,mace,0.9664983775,-0.05065045247714295,mace,mptrj
wbm-3-33766,mace,0.9056500783,-0.06952325733749998,mace,mptrj
wbm-3-33958,mace,0.9084828422000001,-0.142396483744,mace,mptrj
wbm-3-34051,mace,0.9196806259,-0.04392563952142849,mace,mptrj
wbm-3-34079,mace,0.8574717431000001,-0.05424174262142866,mace,mptrj
wbm-3-34526,mace,0.8950764646,-0.05611027697333324,mace,mptrj
wbm-3-34928,mace,0.7313661502000001,-0.01849457494166599,mace,mptrj
wbm-3-35085,mace,0.9779284725,-0.03292472501500008,mace,mptrj
wbm-3-35166,mace,0.9780611182000001,-0.046033003840000024,mace,mptrj
wbm-3-35187,mace,0.9121097714,-0.031371185174000046,mace,mptrj
wbm-3-35781,mace,0.8818536638000001,-0.10389620346333335,mace,mptrj
wbm-3-35839,mace,0.9226262443000001,-0.16115842461166677,mace,mptrj
wbm-3-36237,mace,0.9660353621000001,0.034598599740000055,mace,mptrj
wbm-3-36320,mace,0.8364366911000001,-0.06631382446374996,mace,mptrj
wbm-3-36651,mace,0.8283918269,-0.02986040609909085,mace,mptrj
wbm-3-36996,mace,0.8395134253000001,-0.9238327790666663,mace,mptrj
wbm-3-37033,mace,1.0100815313,0.0023550140049999157,mace,mptrj
wbm-3-37063,mace,0.8717097938,-0.07446693802750008,mace,mptrj
wbm-3-37150,mace,0.8895426767,0.0115790600849999,mace,mptrj
wbm-3-37539,mace,0.975317359,-0.08074531946399986,mace,mptrj
wbm-3-3762,mace,0.5845508884,0.08255521164999995,mace,mptrj
wbm-3-37637,mace,0.8866907455,-0.03850285318749999,mace,mptrj
wbm-3-37700,mace,0.8555276178000001,0.0029208969375000395,mace,mptrj
wbm-3-37760,mace,0.89943337,-0.0030485651222223156,mace,mptrj
wbm-3-37854,mace,0.8895479796,0.009300398905000007,mace,mptrj
wbm-3-38201,mace,0.9164423379000001,0.10055128303374997,mace,mptrj
wbm-3-38304,mace,0.9080696687,-0.03185297791296292,mace,mptrj
wbm-3-38309,mace,0.9559364301000001,-0.04744868330999997,mace,mptrj
wbm-3-38620,mace,0.7235615518,-0.048302143025,mace,mptrj
wbm-3-38776,mace,0.9100454170000001,-0.04084195393583343,mace,mptrj
wbm-3-38878,mace,0.877871497,0.0015351662316666886,mace,mptrj
wbm-3-39280,mace,0.7234076921,-0.0692312307074999,mace,mptrj
wbm-3-40020,mace,0.8382421662,-0.05220173282750001,mace,mptrj
wbm-3-40352,mace,0.8172759239,0.04912477352599993,mace,mptrj
wbm-3-40869,mace,0.8942039145,0.05158793200000007,mace,mptrj
wbm-3-41021,mace,0.7530845472000001,-0.0877635419055556,mace,mptrj
wbm-3-41155,mace,0.8368207568,-0.06470862122500054,mace,mptrj
wbm-3-41162,mace,1.0477865393,-0.03930800127857178,mace,mptrj
wbm-3-41194,mace,0.7633190932,0.006604890016666687,mace,mptrj
wbm-3-41559,mace,0.7886730984,-0.021396949039999846,mace,mptrj
wbm-3-41591,mace,0.6821922668,-0.028160550857407558,mace,mptrj
wbm-3-4193,mace,0.7419356531,-0.06514289658749987,mace,mptrj
wbm-3-42072,mace,0.8666918045,-0.06179293659599999,mace,mptrj
wbm-3-42429,mace,0.9531663480000001,0.10278197391749999,mace,mptrj
wbm-3-42516,mace,0.80665155,0.019692860277500123,mace,mptrj
wbm-3-42538,mace,0.7138966037000001,-0.032096824842500114,mace,mptrj
wbm-3-42640,mace,0.5908176083000001,0.013177977769999938,mace,mptrj
wbm-3-42658,mace,0.9613344414,-0.009667705606666585,mace,mptrj
wbm-3-42727,mace,0.8631765378,-0.03433921446250032,mace,mptrj
wbm-3-42969,mace,0.7687530479,-0.030564791764166738,mace,mptrj
wbm-3-43100,mace,0.8348045730000001,-0.02951964628222225,mace,mptrj
wbm-3-43237,mace,0.8146307589,0.0667675179799998,mace,mptrj
wbm-3-43314,mace,0.9955511958000001,0.01968623260499989,mace,mptrj
wbm-3-43330,mace,0.6936495265,-0.05341448753000009,mace,mptrj
wbm-3-43872,mace,0.6435550916,-0.1507346153424997,mace,mptrj
wbm-3-44030,mace,0.7454069862,-0.08947708658999971,mace,mptrj
wbm-3-44054,mace,0.7392448431,-0.04386909394900016,mace,mptrj
wbm-3-44492,mace,0.7610446184,-0.13840506205799982,mace,mptrj
wbm-3-44546,mace,0.5933295798,-0.13622579887200004,mace,mptrj
wbm-3-44704,mace,0.9666214519,-0.10566964255324683,mace,mptrj
wbm-3-44894,mace,0.9397527144000001,-0.14204356134333337,mace,mptrj
wbm-3-44975,mace,0.8282227016,-0.12566893293599982,mace,mptrj
wbm-3-45183,mace,0.8508365958,-0.02214583020833333,mace,mptrj
wbm-3-45466,mace,0.9356666864000001,-0.051872796004000035,mace,mptrj
wbm-3-45678,mace,0.8277128963,-0.07590323714399971,mace,mptrj
wbm-3-45688,mace,0.6171293205,-0.09563009864166656,mace,mptrj
wbm-3-45998,mace,1.0300894884,-0.07332514111909096,mace,mptrj
wbm-3-46394,mace,0.9572343455000001,-0.01337473301444471,mace,mptrj
wbm-3-46540,mace,0.9419032532,-0.026526653330000136,mace,mptrj
wbm-3-46685,mace,0.9472217865,-0.02769953266999991,mace,mptrj
wbm-3-46735,mace,0.8714137029000001,-0.01894950744537014,mace,mptrj
wbm-3-47098,mace,0.8935158443000001,-0.056447003630555576,mace,mptrj
wbm-3-47103,mace,0.7205022825,-0.0668429911525001,mace,mptrj
wbm-3-47175,mace,0.8735858213000001,0.06630830266833326,mace,mptrj
wbm-3-47241,mace,0.8653333195,-0.11903799740000014,mace,mptrj
wbm-3-47298,mace,0.7473859239,-0.0328078598812501,mace,mptrj
wbm-3-49919,mace,0.95551945,-0.02297746205833337,mace,mptrj
wbm-3-4997,mace,0.7861472079,-0.25324166651166685,mace,mptrj
wbm-3-50064,mace,0.9499951768,0.017065342990000065,mace,mptrj
wbm-3-50205,mace,0.9147698460000001,-0.035225567803000145,mace,mptrj
wbm-3-50520,mace,0.8647810130000001,-0.05654044336999991,mace,mptrj
wbm-3-50670,mace,0.9097719972,-0.029447181653999975,mace,mptrj
wbm-3-51459,mace,0.9241468095,-0.010590517917777792,mace,mptrj
wbm-3-51587,mace,0.8929884498,-0.005282350132000459,mace,mptrj
wbm-3-5184,mace,0.8956662958,-0.08590562750833335,mace,mptrj
wbm-3-52355,mace,0.9680892302,0.006437607354166511,mace,mptrj
wbm-3-52431,mace,0.8996432749000001,-0.04699183355125003,mace,mptrj
wbm-3-52542,mace,0.8690663593,-0.02079429747500002,mace,mptrj
wbm-3-52633,mace,0.9929118786000001,-0.07346217716500023,mace,mptrj
wbm-3-5266,mace,0.9177129222,-0.0033126434000000297,mace,mptrj
wbm-3-52816,mace,0.9098909039,-0.03880423907363631,mace,mptrj
wbm-3-52847,mace,0.9932514990000001,-0.008211659222222067,mace,mptrj
wbm-3-53364,mace,1.0458551621,-0.09022182657200005,mace,mptrj
wbm-3-53557,mace,0.9982100665,-0.12758126707666645,mace,mptrj
wbm-3-53750,mace,0.9506962911,-0.028219292146000184,mace,mptrj
wbm-3-54048,mace,0.9573265735,-0.022377966685000104,mace,mptrj
wbm-3-54295,mace,0.8412973501000001,-0.04782651747222204,mace,mptrj
wbm-3-54341,mace,0.9725031037,-0.033954927923999845,mace,mptrj
wbm-3-54781,mace,0.8869958326,-0.04071437285899997,mace,mptrj
wbm-3-54884,mace,0.9767541643000001,0.0004512076229999451,mace,mptrj
wbm-3-54941,mace,0.9235553215000001,-0.008705029672000108,mace,mptrj
wbm-3-54994,mace,0.7980339506,0.00479452738249968,mace,mptrj
wbm-3-5506,mace,0.8890311798,-0.03373983499249995,mace,mptrj
wbm-3-55447,mace,0.9553733516,0.009875250151110985,mace,mptrj
wbm-3-55539,mace,1.0073565469,-0.02275350930499968,mace,mptrj
wbm-3-55627,mace,1.0023283312,-0.0420700810727272,mace,mptrj
wbm-3-56074,mace,0.8669983851,-0.052773530551515256,mace,mptrj
wbm-3-56128,mace,0.9891036989,-0.004184836882499828,mace,mptrj
wbm-3-56146,mace,1.0222231002,-0.034708616808333544,mace,mptrj
wbm-3-56178,mace,0.9154965605000001,0.0508583301575,mace,mptrj
wbm-3-56716,mace,0.9630531505000001,0.022447443104999937,mace,mptrj
wbm-3-56851,mace,0.9270418729000001,0.006220029305000025,mace,mptrj
wbm-3-56962,mace,0.8506315885,0.057169901961428495,mace,mptrj
wbm-3-57010,mace,0.8896529202000001,0.03370530262499995,mace,mptrj
wbm-3-57180,mace,0.8856049460000001,-0.14461108969799993,mace,mptrj
wbm-3-57785,mace,0.6664217023,-0.10509338942083346,mace,mptrj
wbm-3-58210,mace,0.9260274762,-0.09885063344333334,mace,mptrj
wbm-3-58328,mace,0.8648893496000001,-0.13099838394399987,mace,mptrj
wbm-3-58361,mace,0.9398996501,-0.024701690667500033,mace,mptrj
wbm-3-59267,mace,0.8537087649,-0.05151559236888895,mace,mptrj
wbm-3-59295,mace,0.9465826814,0.0009106316320000474,mace,mptrj
wbm-3-59449,mace,0.8453792622,-0.17313999781333334,mace,mptrj
wbm-3-59466,mace,0.9372504806,-0.107314576612963,mace,mptrj
wbm-3-595,mace,0.8543466196,-0.08186877178090911,mace,mptrj
wbm-3-59933,mace,1.005136948,-0.0034832611816665825,mace,mptrj
wbm-3-60022,mace,0.9261802014,-0.042948352620000206,mace,mptrj
wbm-3-60241,mace,0.932091231,0.00022025033250008263,mace,mptrj
wbm-3-603,mace,0.8361215562000001,-0.10578836806888879,mace,mptrj
wbm-3-60446,mace,0.7899111852,-0.09815315654333337,mace,mptrj
wbm-3-61162,mace,0.9646370467000001,-0.06324806761166665,mace,mptrj
wbm-3-61232,mace,0.8100512279000001,-0.03881018613750005,mace,mptrj
wbm-3-61906,mace,0.8744062408000001,-0.022567858007499747,mace,mptrj
wbm-3-62045,mace,0.36355639160000003,0.05917096008333327,mace,mptrj
wbm-3-6216,mace,0.8056354691000001,-0.13301478713500012,mace,mptrj
wbm-3-62502,mace,0.750588161,-0.0008374023178571324,mace,mptrj
wbm-3-62783,mace,0.7327625089,-0.09527392027749962,mace,mptrj
wbm-3-62830,mace,0.9159223379,-0.143572436900909,mace,mptrj
wbm-3-63055,mace,0.775465519,-0.058573844384999886,mace,mptrj
wbm-3-63253,mace,0.9490329291,-0.056602325924444426,mace,mptrj
wbm-3-63360,mace,0.9154606724000001,-0.035748210414815074,mace,mptrj
wbm-3-63525,mace,0.8236313861000001,-0.019165029474999925,mace,mptrj
wbm-3-64157,mace,0.943650744,-0.009240526740833428,mace,mptrj
wbm-3-64616,mace,0.8302605975,0.030561969072499993,mace,mptrj
wbm-3-65153,mace,0.7683714908,-0.09321374129,mace,mptrj
wbm-3-65435,mace,0.8123871958000001,0.06351595733055564,mace,mptrj
wbm-3-65475,mace,0.8069036989,-0.034060541944444384,mace,mptrj
wbm-3-65984,mace,0.8202162043000001,-0.04649362429999992,mace,mptrj
wbm-3-66716,mace,0.9611094623,-0.08634307796750003,mace,mptrj
wbm-3-6686,mace,0.9380723002,-0.0749038483066665,mace,mptrj
wbm-3-66915,mace,0.8471356276,-0.0826740190919999,mace,mptrj
wbm-3-67124,mace,0.8362473621000001,-0.055432774281666757,mace,mptrj
wbm-3-67497,mace,0.8899738096,-0.03262811391875031,mace,mptrj
wbm-3-67713,mace,0.9988600978000001,0.0031995675924999744,mace,mptrj
wbm-3-67920,mace,0.8330536381,-0.08648942543166675,mace,mptrj
wbm-3-68136,mace,0.9313675127000001,-0.16906454285375,mace,mptrj
wbm-3-68514,mace,0.9379253732,0.0029426395655557753,mace,mptrj
wbm-3-68711,mace,0.8681028649,-0.11902042822142858,mace,mptrj
wbm-3-69146,mace,0.8704485861,-0.018120066370000104,mace,mptrj
wbm-3-69202,mace,0.8283183895,-0.14963208849499984,mace,mptrj
wbm-3-69261,mace,0.7190858339,-0.12547742509999987,mace,mptrj
wbm-3-69323,mace,0.8534536397,-0.11176210684833325,mace,mptrj
wbm-3-69961,mace,0.8756220057,-0.05561926326272726,mace,mptrj
wbm-3-70170,mace,0.8481249447,-0.032830224409999754,mace,mptrj
wbm-3-70189,mace,0.9186222167,-0.08054644152272745,mace,mptrj
wbm-3-70249,mace,0.8584889051,-0.03907442671090913,mace,mptrj
wbm-3-70474,mace,0.9427343128000001,0.003688413100000787,mace,mptrj
wbm-3-712,mace,0.9625680954,-0.048631308936249965,mace,mptrj
wbm-3-71225,mace,0.9547084025,-0.042871842712999854,mace,mptrj
wbm-3-71404,mace,0.8497556079,-0.0865851747099998,mace,mptrj
wbm-3-71848,mace,0.9305477175,-0.04670604551499995,mace,mptrj
wbm-3-71989,mace,0.9140152506,-0.057976539431999895,mace,mptrj
wbm-3-72169,mace,0.8872701915000001,-0.056135096374999985,mace,mptrj
wbm-3-72274,mace,0.9357774212000001,-0.06140113043000008,mace,mptrj
wbm-3-73083,mace,0.9506831164,-0.014685757470370535,mace,mptrj
wbm-3-73636,mace,0.9134568376000001,-0.03491862017800013,mace,mptrj
wbm-3-73935,mace,0.8990199021,-0.11230711560624998,mace,mptrj
wbm-3-75010,mace,0.7555618306,0.024140929963333235,mace,mptrj
wbm-3-75403,mace,0.8304168299,-0.12305623768374989,mace,mptrj
wbm-3-75540,mace,0.8913527765,-0.12485222612037039,mace,mptrj
wbm-3-75956,mace,0.7925462352,-0.09308358406481483,mace,mptrj
wbm-3-75983,mace,0.9104177649,-0.014575800734999806,mace,mptrj
wbm-3-76051,mace,0.8707734021,-0.023611845612500026,mace,mptrj
wbm-3-76585,mace,0.9482878422000001,0.015442015847222183,mace,mptrj
wbm-3-76650,mace,1.0317071003,0.009204432496000017,mace,mptrj
wbm-3-76809,mace,1.0482599596,-0.026593372394000024,mace,mptrj
wbm-3-76971,mace,0.8963864203,-0.02484219620374999,mace,mptrj
wbm-3-7741,mace,0.8520596293,-0.11408735191875004,mace,mptrj
wbm-3-77528,mace,0.9575984059,-0.04844868893428576,mace,mptrj
wbm-3-77731,mace,0.8633118957,-0.09953598502499998,mace,mptrj
wbm-3-78067,mace,0.9089364664,-0.02263243130899987,mace,mptrj
wbm-3-78151,mace,0.9619491153,-0.020751581247499828,mace,mptrj
wbm-3-78206,mace,1.0068684046,0.003717352431666813,mace,mptrj
wbm-3-78592,mace,0.9740579637000001,-0.08326949885666668,mace,mptrj
wbm-3-79099,mace,0.8121964932,-0.017523171404999854,mace,mptrj
wbm-3-7917,mace,0.9827664666,0.0012801293727274685,mace,mptrj
wbm-3-8541,mace,0.7449816027,-0.14262091941000005,mace,mptrj
wbm-3-8554,mace,0.9196409182,-0.09544035852454519,mace,mptrj
wbm-3-9136,mace,0.9417067162,-0.08166262299375004,mace,mptrj
wbm-3-9227,mace,0.9945662649,-0.05462161822666675,mace,mptrj
wbm-3-924,mace,0.9490940061,-0.07019427720416685,mace,mptrj
wbm-3-9240,mace,0.7311555851,-0.015176272629999944,mace,mptrj
wbm-3-9643,mace,0.8457031154,-0.1372200607133331,mace,mptrj
wbm-3-9769,mace,0.8888548868,-0.22240494077800008,mace,mptrj
wbm-4-10054,mace,0.6816512894,-0.1059908014825,mace,mptrj
wbm-4-10294,mace,0.9092979089000001,-0.0921499328908333,mace,mptrj
wbm-4-10665,mace,0.9566259312000001,0.08592014141500001,mace,mptrj
wbm-4-10830,mace,0.9153159102,0.00477283612499999,mace,mptrj
wbm-4-11797,mace,1.0542946965,-0.0926429535675,mace,mptrj
wbm-4-12086,mace,0.8733023389000001,-0.0074070247416666265,mace,mptrj
wbm-4-12502,mace,0.7917480785000001,-0.010632797187777814,mace,mptrj
wbm-4-12573,mace,0.8741956814,0.027770505981111013,mace,mptrj
wbm-4-12645,mace,0.8329442211,0.09378103852750028,mace,mptrj
wbm-4-12995,mace,0.8510113537,0.0012203852399999705,mace,mptrj
wbm-4-13409,mace,0.8792178490000001,-0.0617248719857143,mace,mptrj
wbm-4-13566,mace,0.973463575,-0.047391836496249964,mace,mptrj
wbm-4-14124,mace,0.9476448597,-0.14335695167000004,mace,mptrj
wbm-4-14376,mace,0.8597838931,-0.019189333002222184,mace,mptrj
wbm-4-14665,mace,1.0442615395,-0.13054865094999996,mace,mptrj
wbm-4-14933,mace,0.9078836762,-0.16204950561250014,mace,mptrj
wbm-4-15235,mace,0.9011669765,-0.053792010211666984,mace,mptrj
wbm-4-15858,mace,0.8220157565,-0.2084136042574999,mace,mptrj
wbm-4-16373,mace,0.9839081949,-0.1122028564949999,mace,mptrj
wbm-4-16740,mace,0.8641028689,-0.0017184928316667106,mace,mptrj
wbm-4-16765,mace,0.8186451919000001,-0.057783169152499966,mace,mptrj
wbm-4-16869,mace,0.9592940701,-0.029922867899999993,mace,mptrj
wbm-4-1702,mace,0.9605890655,-0.01293897906249993,mace,mptrj
wbm-4-1741,mace,0.9048243841,-0.11057532246000017,mace,mptrj
wbm-4-17711,mace,0.8596627786000001,-0.11113747010916668,mace,mptrj
wbm-4-17768,mace,0.9037220185,-0.08747272900999992,mace,mptrj
wbm-4-18135,mace,0.8999808162,-0.015930769353333454,mace,mptrj
wbm-4-18169,mace,0.8231655641000001,0.03843285473833339,mace,mptrj
wbm-4-18357,mace,0.9324487394000001,-0.08669936135777781,mace,mptrj
wbm-4-18483,mace,0.9505129102000001,-0.003971847185999948,mace,mptrj
wbm-4-18752,mace,1.0198693273,-0.18490071390000012,mace,mptrj
wbm-4-18898,mace,0.8216094823000001,-0.02569620353999994,mace,mptrj
wbm-4-19359,mace,0.9958223291,-0.05431462656666663,mace,mptrj
wbm-4-19479,mace,1.0012882258,-0.04854878817285712,mace,mptrj
wbm-4-19743,mace,0.9199705837000001,-0.022512680966666743,mace,mptrj
wbm-4-19788,mace,1.0004583162,-0.04596666688111111,mace,mptrj
wbm-4-19793,mace,0.8977322737000001,-0.0016613357490000524,mace,mptrj
wbm-4-20225,mace,0.8946751243000001,-0.10358099608888884,mace,mptrj
wbm-4-20419,mace,0.8831067824000001,-0.03879475419833334,mace,mptrj
wbm-4-20511,mace,0.8656855925,-0.050641395529166765,mace,mptrj
wbm-4-2067,mace,0.855189952,-0.03517240054583332,mace,mptrj
wbm-4-20703,mace,0.9574354769000001,0.01627825518199991,mace,mptrj
wbm-4-20837,mace,1.1824988762,-0.04337931162499986,mace,mptrj
wbm-4-21132,mace,0.9154562267,-0.0487387453150002,mace,mptrj
wbm-4-21175,mace,0.8293640075000001,0.04375594831458329,mace,mptrj
wbm-4-21368,mace,0.7466160297000001,0.04231055071333323,mace,mptrj
wbm-4-21376,mace,0.8810445393,0.022709314369999706,mace,mptrj
wbm-4-21871,mace,0.7793582938,-0.06915235220666674,mace,mptrj
wbm-4-21957,mace,0.8038919945,-0.15112383719874992,mace,mptrj
wbm-4-22087,mace,0.9121348529000001,0.06958208299400027,mace,mptrj
wbm-4-22178,mace,0.8706408284,-0.12312052729599983,mace,mptrj
wbm-4-22240,mace,0.7605109733000001,-0.19894076862999982,mace,mptrj
wbm-4-22865,mace,0.8145231165,-0.07762539270800005,mace,mptrj
wbm-4-23032,mace,0.9903597889,-0.0016574649933331761,mace,mptrj
wbm-4-23297,mace,0.9210130535000001,-0.02007582047500005,mace,mptrj
wbm-4-23326,mace,0.9891880942000001,-0.12566768093666672,mace,mptrj
wbm-4-23428,mace,0.5979365782,-0.030660525993333465,mace,mptrj
wbm-4-23579,mace,0.8080554731,0.04179862163999992,mace,mptrj
wbm-4-24423,mace,0.9146970943,-0.0016936880099999384,mace,mptrj
wbm-4-24471,mace,0.892177906,-0.048839814627500054,mace,mptrj
wbm-4-245,mace,0.9260962816,-0.020552707483749842,mace,mptrj
wbm-4-2486,mace,0.8794928561,-0.019822660380000114,mace,mptrj
wbm-4-24976,mace,0.8982562371,-0.11728394238571431,mace,mptrj
wbm-4-25275,mace,0.9733619936000001,-0.026875441259166643,mace,mptrj
wbm-4-25460,mace,0.9525917272000001,-0.03577601979833342,mace,mptrj
wbm-4-2551,mace,1.0208081252,-0.12680244997499993,mace,mptrj
wbm-4-25775,mace,0.9275521162,0.02099774346272741,mace,mptrj
wbm-4-26367,mace,0.9992945774,-0.03326788021000006,mace,mptrj
wbm-4-26686,mace,0.8338629605000001,-0.01666779051333328,mace,mptrj
wbm-4-26775,mace,0.9649748519,-0.001306664193333281,mace,mptrj
wbm-4-26883,mace,0.8732613517000001,-0.012394193391999835,mace,mptrj
wbm-4-26915,mace,0.7820661052000001,0.04425742235111112,mace,mptrj
wbm-4-27182,mace,0.9337229770000001,0.007590769570000049,mace,mptrj
wbm-4-27263,mace,0.7870330146000001,-0.056950435207999986,mace,mptrj
wbm-4-27275,mace,0.8249556909,-0.024304222275555374,mace,mptrj
wbm-4-27736,mace,0.8842815887000001,0.007946549616000168,mace,mptrj
wbm-4-27942,mace,0.9062369286,-0.04383917471600014,mace,mptrj
wbm-4-27954,mace,0.9212466467,-0.04582031146800006,mace,mptrj
wbm-4-28454,mace,0.7817993708000001,-0.09059831705800007,mace,mptrj
wbm-4-28465,mace,0.7510469246,0.0008980656499997508,mace,mptrj
wbm-4-28726,mace,0.8301579918,-0.09457073035666656,mace,mptrj
wbm-4-28844,mace,0.7984457648000001,-0.04116484664800019,mace,mptrj
wbm-4-29036,mace,0.9262440942,0.009039866455000035,mace,mptrj
wbm-4-29107,mace,0.9418104011,0.00017872631666679222,mace,mptrj
wbm-4-29225,mace,0.8174713236000001,-0.06343722414583344,mace,mptrj
wbm-4-29341,mace,1.0309921209,-0.15255739433000007,mace,mptrj
wbm-4-29856,mace,0.8417717449000001,-0.060482446205000026,mace,mptrj
wbm-4-30094,mace,1.0196094328,-0.0352780683275002,mace,mptrj
wbm-4-3031,mace,0.8329951847,-0.0742742554383336,mace,mptrj
wbm-4-3082,mace,0.9946145293,-0.06579536214000008,mace,mptrj
wbm-4-30986,mace,0.9704317814000001,0.02710432610800012,mace,mptrj
wbm-4-31067,mace,0.9937563616,-0.05760749556374982,mace,mptrj
wbm-4-31477,mace,0.9182843132,-0.04627379061749988,mace,mptrj
wbm-4-31779,mace,0.8604361357,-0.02834318858999989,mace,mptrj
wbm-4-32151,mace,0.8691106706,-0.037259482564444425,mace,mptrj
wbm-4-3228,mace,0.9197536014000001,-0.01981536605272732,mace,mptrj
wbm-4-32502,mace,0.9667586699,-0.0064343336291666255,mace,mptrj
wbm-4-32615,mace,0.8292525868,-0.04713877797666679,mace,mptrj
wbm-4-32624,mace,0.8922344591,-0.08589460786000007,mace,mptrj
wbm-4-33071,mace,0.8807303967000001,-0.02731964879494945,mace,mptrj
wbm-4-33100,mace,0.8962650997,-0.025826923204000207,mace,mptrj
wbm-4-33257,mace,0.8926615662,0.0055688929380001894,mace,mptrj
wbm-4-33273,mace,0.45382675110000004,-0.023495090131481367,mace,mptrj
wbm-4-33725,mace,0.8513273969,-0.0690809937744444,mace,mptrj
wbm-4-33762,mace,0.8884446222,-0.003725150961666538,mace,mptrj
wbm-4-33836,mace,0.7955790380000001,-0.027417974712500025,mace,mptrj
wbm-4-34209,mace,0.9252115081000001,-0.03246831361750004,mace,mptrj
wbm-4-34327,mace,0.8764415749000001,-0.061855972950000115,mace,mptrj
wbm-4-34644,mace,0.7687310573,-0.008217335517999799,mace,mptrj
wbm-4-35087,mace,0.8671045405000001,-0.036454171371111004,mace,mptrj
wbm-4-35344,mace,0.9363405897,-0.16608931856999987,mace,mptrj
wbm-4-35488,mace,0.7878150152000001,-0.0366116556466667,mace,mptrj
wbm-4-35828,mace,0.7411397685000001,-0.060345820215000144,mace,mptrj
wbm-4-36211,mace,0.9916840322,-0.1402983508999999,mace,mptrj
wbm-4-36238,mace,0.8042008801,-0.05484139040999991,mace,mptrj
wbm-4-36284,mace,0.9319532087,-0.06348422826124996,mace,mptrj
wbm-4-3650,mace,0.7896771683,-0.04292754991833334,mace,mptrj
wbm-4-36563,mace,0.9084958456000001,-0.05054822232999987,mace,mptrj
wbm-4-36886,mace,0.8877787024,-0.03663937160799996,mace,mptrj
wbm-4-38132,mace,0.8845173770000001,-0.0217767399266665,mace,mptrj
wbm-4-38261,mace,0.8838295140000001,-0.11457948031124979,mace,mptrj
wbm-4-38287,mace,0.8169540113,-0.06745994702777756,mace,mptrj
wbm-4-38623,mace,1.0307215083,-0.07847649050000012,mace,mptrj
wbm-4-3874,mace,0.9490696392,-0.018794150686000106,mace,mptrj
wbm-4-38916,mace,0.6042904145,-0.19355339235000044,mace,mptrj
wbm-4-390,mace,0.9282724265000001,-0.08805165561500002,mace,mptrj
wbm-4-39018,mace,0.9093993995,-0.008902233696249961,mace,mptrj
wbm-4-39340,mace,0.9510378174,-0.03299788422700004,mace,mptrj
wbm-4-39520,mace,0.9909877762,-0.0691976689344444,mace,mptrj
wbm-4-39553,mace,0.6915767086,0.008904975979629704,mace,mptrj
wbm-4-39788,mace,0.9680151793,0.011255271053333201,mace,mptrj
wbm-4-39799,mace,0.9164368228,-0.04495783007000007,mace,mptrj
wbm-4-39958,mace,0.9448766589,0.006281393680833484,mace,mptrj
wbm-4-4154,mace,0.8455704927000001,0.012859414838333312,mace,mptrj
wbm-4-419,mace,0.7629998549,-0.023152806434999996,mace,mptrj
wbm-4-4316,mace,0.8158545759,-0.054345959121666475,mace,mptrj
wbm-4-4524,mace,0.7562168128000001,-0.0202114831583331,mace,mptrj
wbm-4-4590,mace,0.7658486946,-0.08456632380666651,mace,mptrj
wbm-4-4672,mace,0.9580906104,-0.09787669701750001,mace,mptrj
wbm-4-5750,mace,0.8658492886,-0.0795966043758332,mace,mptrj
wbm-4-6051,mace,0.8493408103000001,-0.11609229546749993,mace,mptrj
wbm-4-6066,mace,0.8010941106,-0.06157991254500006,mace,mptrj
wbm-4-6167,mace,0.8017813841,-0.06319650800750001,mace,mptrj
wbm-4-6225,mace,0.7921107461,-0.01211509288750011,mace,mptrj
wbm-4-631,mace,0.883548285,-0.041267140919999966,mace,mptrj
wbm-4-6515,mace,0.8327009478,-0.028672272354000085,mace,mptrj
wbm-4-671,mace,0.9100256680000001,-0.05652469952000002,mace,mptrj
wbm-4-6758,mace,0.7437109912000001,-0.048288645900000184,mace,mptrj
wbm-4-7429,mace,0.8279600109,-0.03408728858500005,mace,mptrj
wbm-4-7784,mace,0.9232874332000001,-0.0925405169988888,mace,mptrj
wbm-4-7967,mace,0.9730909383,-0.024795051969444672,mace,mptrj
wbm-4-8012,mace,0.8733417624,-0.05491043739250001,mace,mptrj
wbm-4-8174,mace,0.9297640993,-0.03493697109749985,mace,mptrj
wbm-4-8734,mace,0.5470125574,-0.13958206778600002,mace,mptrj
wbm-4-9164,mace,0.8936567087,-0.10289403505099996,mace,mptrj
wbm-4-9438,mace,1.0353349528,-0.011124198234999896,mace,mptrj
wbm-4-9479,mace,0.8394558539,-0.04446909346833324,mace,mptrj
wbm-4-9486,mace,0.9046272649,-0.01786679742416659,mace,mptrj
wbm-4-9845,mace,1.008168382,0.008660490836666668,mace,mptrj
wbm-5-10161,mace,0.6399888987,0.14206537538888883,mace,mptrj
wbm-5-10176,mace,0.7648579113,0.0013303041950000723,mace,mptrj
wbm-5-10611,mace,0.9830142519,-0.06331723940666668,mace,mptrj
wbm-5-10798,mace,0.8031577535000001,-0.05297265203200006,mace,mptrj
wbm-5-10867,mace,0.7316779931,-0.08371773648999996,mace,mptrj
wbm-5-10869,mace,0.8682267369000001,-0.04541792815249997,mace,mptrj
wbm-5-1132,mace,0.9730654813,-0.04378379609875003,mace,mptrj
wbm-5-1146,mace,0.8895111415,-0.0629434755142859,mace,mptrj
wbm-5-11469,mace,0.9698341176,-0.044375045386666895,mace,mptrj
wbm-5-11500,mace,0.7868849087,-0.15091192803500017,mace,mptrj
wbm-5-11734,mace,0.9591945220000001,-0.03217760414249997,mace,mptrj
wbm-5-1206,mace,0.8273360361000001,-0.03173573893166667,mace,mptrj
wbm-5-12443,mace,0.8166763365,-0.0031627989299999547,mace,mptrj
wbm-5-12452,mace,0.9541785335,-0.02510977576500011,mace,mptrj
wbm-5-12772,mace,0.4909832706,0.0789559548321428,mace,mptrj
wbm-5-12958,mace,0.8802570684000001,-0.03891532391399991,mace,mptrj
wbm-5-12975,mace,0.8567981584000001,-0.050075960068749925,mace,mptrj
wbm-5-13145,mace,0.89648143,-0.0499109532224999,mace,mptrj
wbm-5-13166,mace,1.0712095999,-0.11906178814999988,mace,mptrj
wbm-5-13349,mace,0.9263521408000001,-0.04513594232555549,mace,mptrj
wbm-5-13801,mace,1.0385456132,-0.09195694653200007,mace,mptrj
wbm-5-13950,mace,0.6511430911,-0.11642118885499989,mace,mptrj
wbm-5-14458,mace,0.8920475891,-0.04935976194875007,mace,mptrj
wbm-5-14813,mace,0.8865662882,-0.05791389097124995,mace,mptrj
wbm-5-15005,mace,0.9311656540000001,-0.01283298186750006,mace,mptrj
wbm-5-15388,mace,0.8295903242,-0.04215482547777782,mace,mptrj
wbm-5-15524,mace,0.8870665855000001,-0.015941704781111177,mace,mptrj
wbm-5-16875,mace,0.8672053199,0.045379969565000254,mace,mptrj
wbm-5-16887,mace,0.883024287,-0.029893010176249922,mace,mptrj
wbm-5-17752,mace,0.9324655754000001,-0.04013074831500028,mace,mptrj
wbm-5-17774,mace,1.0185847736,-0.01535977855,mace,mptrj
wbm-5-1781,mace,0.8883136025,-0.06360784207249992,mace,mptrj
wbm-5-18074,mace,0.7608411311000001,-0.029243676163999838,mace,mptrj
wbm-5-18353,mace,0.7262424804000001,-0.042023754308333494,mace,mptrj
wbm-5-18394,mace,0.8828074077,-0.09360406610777766,mace,mptrj
wbm-5-18629,mace,0.8720326538000001,0.005955544163999989,mace,mptrj
wbm-5-1864,mace,0.9067813436000001,-0.15299037518250022,mace,mptrj
wbm-5-18736,mace,0.8678350599,-0.07334466561875005,mace,mptrj
wbm-5-19472,mace,0.9230909962,0.02407986269000002,mace,mptrj
wbm-5-19507,mace,0.8870729361,-0.06915828989875009,mace,mptrj
wbm-5-19558,mace,0.9238985352,-0.10944839524750005,mace,mptrj
wbm-5-20261,mace,0.8948028163,-0.04627796455833325,mace,mptrj
wbm-5-20528,mace,0.8994252413,-0.07179775415333338,mace,mptrj
wbm-5-20727,mace,0.9502442451,0.006491916971666474,mace,mptrj
wbm-5-21007,mace,0.9522987959,-0.008047107175555486,mace,mptrj
wbm-5-21081,mace,0.8719891321000001,-0.026721830252500123,mace,mptrj
wbm-5-21165,mace,0.8659317922,-0.09396857550749997,mace,mptrj
wbm-5-21710,mace,0.9793729807,0.05273489573624994,mace,mptrj
wbm-5-21754,mace,0.9025334451,-0.03674627167333332,mace,mptrj
wbm-5-21768,mace,1.1962023157,-0.17531345175250027,mace,mptrj
wbm-5-21918,mace,0.9860929876000001,0.01402565717222224,mace,mptrj
wbm-5-22235,mace,0.8291391952,-0.029132443364444465,mace,mptrj
wbm-5-22562,mace,0.7972142246,-0.09504200642749998,mace,mptrj
wbm-5-22642,mace,1.0504677789,-0.02882404941041698,mace,mptrj
wbm-5-22788,mace,0.8624987114,-0.13292227182124988,mace,mptrj
wbm-5-22853,mace,0.9432410699,-0.02425124684000003,mace,mptrj
wbm-5-22992,mace,0.3979507446,0.13351634832500014,mace,mptrj
wbm-5-23199,mace,0.8447122627,-0.007413676556666597,mace,mptrj
wbm-5-2663,mace,0.8036482214,-0.22312681308750024,mace,mptrj
wbm-5-2813,mace,0.8416379458000001,-0.16895413974888898,mace,mptrj
wbm-5-2829,mace,0.6908502950000001,-0.11646830098000001,mace,mptrj
wbm-5-2847,mace,0.7604947459,-0.05964758329499986,mace,mptrj
wbm-5-3057,mace,0.9265035377,0.008272744018749778,mace,mptrj
wbm-5-3160,mace,0.8933549923,-0.09771240059124997,mace,mptrj
wbm-5-3442,mace,0.9198050928,-0.10212557132857145,mace,mptrj
wbm-5-3649,mace,1.0243161297,0.003770542270000021,mace,mptrj
wbm-5-4145,mace,0.9386690768,-0.008466816906250063,mace,mptrj
wbm-5-4303,mace,0.9426242613,0.00314457405277767,mace,mptrj
wbm-5-4413,mace,0.9944677312,0.017236382370833345,mace,mptrj
wbm-5-451,mace,0.7875632768,-0.0571426086733333,mace,mptrj
wbm-5-4759,mace,0.8093477641,0.20424490483999969,mace,mptrj
wbm-5-5360,mace,0.8091898572,-0.03940013812962979,mace,mptrj
wbm-5-5480,mace,1.0861161552,-0.06474281260500003,mace,mptrj
wbm-5-5723,mace,0.9620821966,0.006649291905555504,mace,mptrj
wbm-5-6005,mace,0.8699137071,-0.062153043878888946,mace,mptrj
wbm-5-6149,mace,0.9999781376,0.01363520930499984,mace,mptrj
wbm-5-6668,mace,0.9881900173,0.04828907974875003,mace,mptrj
wbm-5-6682,mace,1.0978557786,-0.11177816904444454,mace,mptrj
wbm-5-6789,mace,0.7037761182000001,-0.07970361079999995,mace,mptrj
wbm-5-6846,mace,1.1066311416,-0.10135444251388896,mace,mptrj
wbm-5-695,mace,0.9119185106000001,-0.028056886092222302,mace,mptrj
wbm-5-722,mace,0.8582013251,-0.02098396669333324,mace,mptrj
wbm-5-7334,mace,0.7871332071,-0.07547290326666657,mace,mptrj
wbm-5-7532,mace,0.8308082085,0.010244395472499956,mace,mptrj
wbm-5-7573,mace,0.9449789873000001,-0.04725445575999983,mace,mptrj
wbm-5-760,mace,0.8574338664000001,-0.035664957191111075,mace,mptrj
wbm-5-7725,mace,0.8645193734000001,-0.009096645951111053,mace,mptrj
wbm-5-8226,mace,0.8233835586,-0.03886027894333337,mace,mptrj
wbm-5-8567,mace,0.9042166162,-0.15817945251555554,mace,mptrj
wbm-5-8771,mace,1.0122326542,-0.09070138822250007,mace,mptrj
wbm-5-9104,mace,0.9368070318,-0.009935227892857184,mace,mptrj
wbm-5-9173,mace,0.9737810551,-0.08919557280500001,mace,mptrj
wbm-5-9195,mace,0.8915521617000001,-0.12860728072750013,mace,mptrj
wbm-5-9807,mace,0.8825867724,-0.1722652443559999,mace,mptrj
wbm-5-9851,mace,0.6852297331,0.01797158526249985,mace,mptrj
wbm-1-10040,mace,0.9987607285000001,-0.07027126877600004,mace,mpa
wbm-1-10104,mace,0.904499382,0.005925017621333286,mace,mpa
wbm-1-10131,mace,0.9961227433000001,0.0038184523916666535,mace,mpa
wbm-1-10631,mace,0.9850302464,0.001665747985555615,mace,mpa
wbm-1-10690,mace,0.9534073638,-0.0030899753355555504,mace,mpa
wbm-1-10748,mace,0.9928017091,-0.0003366232488888146,mace,mpa
wbm-1-10973,mace,0.9935899218,0.0020728976199999136,mace,mpa
wbm-1-10992,mace,0.9776803736,-0.01721755637222226,mace,mpa
wbm-1-11087,mace,0.9920363698,-0.02874613125694471,mace,mpa
wbm-1-11317,mace,1.032478519,-0.042997383823611145,mace,mpa
wbm-1-11393,mace,1.0265309332,-0.019398740881666637,mace,mpa
wbm-1-11757,mace,1.0135959026,0.003942942722500042,mace,mpa
wbm-1-11840,mace,0.9208123795000001,-0.013160259694285716,mace,mpa
wbm-1-12258,mace,0.8898659147,-0.029804884700000017,mace,mpa
wbm-1-12348,mace,0.9817129477000001,-0.028278295959259323,mace,mpa
wbm-1-12519,mace,0.8630547148000001,-0.04646523271018521,mace,mpa
wbm-1-12679,mace,0.9620709223,-0.0008723579350002452,mace,mpa
wbm-1-12695,mace,1.0493750023,0.02069932035000015,mace,mpa
wbm-1-12778,mace,0.9656238927,-0.01363214472250025,mace,mpa
wbm-1-12786,mace,0.8636876437000001,-0.0009909162775000092,mace,mpa
wbm-1-13108,mace,0.9608354018,-0.0393643897691667,mace,mpa
wbm-1-13152,mace,0.9852568634000001,-0.00946330489624989,mace,mpa
wbm-1-13168,mace,0.9818375329000001,-0.02539974886799996,mace,mpa
wbm-1-13402,mace,0.9806978276,-0.012646288964999952,mace,mpa
wbm-1-13560,mace,0.9688281305,-0.021194315150000045,mace,mpa
wbm-1-13566,mace,0.9498380485000001,-0.01695269813499992,mace,mpa
wbm-1-13665,mace,0.9526917817,-0.01140011832399999,mace,mpa
wbm-1-13928,mace,0.9858022854,-0.015456396809999972,mace,mpa
wbm-1-14142,mace,0.958375089,-0.014117944491666633,mace,mpa
wbm-1-14347,mace,1.0410164209,-0.011579121182499996,mace,mpa
wbm-1-14351,mace,1.097727689,0.012595648065000109,mace,mpa
wbm-1-14495,mace,1.0290831722,-0.023507754530000143,mace,mpa
wbm-1-14703,mace,0.9482527137000001,-0.005889959656666654,mace,mpa
wbm-1-14724,mace,1.0114065292,0.008344097940833291,mace,mpa
wbm-1-1523,mace,1.0336760206,-0.0072331619071430205,mace,mpa
wbm-1-15999,mace,0.9690086719000001,-0.018928809126388932,mace,mpa
wbm-1-16058,mace,1.0126305767,0.0005241772589999982,mace,mpa
wbm-1-16080,mace,0.9250282542,-0.003295968066000086,mace,mpa
wbm-1-1660,mace,0.9113160298,0.008485958411666593,mace,mpa
wbm-1-16938,mace,0.9629821025,0.0331871556,mace,mpa
wbm-1-16983,mace,0.9504601643,-0.05240250862000018,mace,mpa
wbm-1-17062,mace,0.9705825818,-0.006421745742222226,mace,mpa
wbm-1-17125,mace,0.9628437602000001,-0.03241825232244896,mace,mpa
wbm-1-17377,mace,0.9619787631000001,-0.014419667532000063,mace,mpa
wbm-1-1791,mace,1.0307738875,-0.0036966215137500314,mace,mpa
wbm-1-1842,mace,1.0388926025,0.004378618747999852,mace,mpa
wbm-1-19025,mace,1.0267178953,0.0003745230675000322,mace,mpa
wbm-1-19090,mace,0.9677818578,0.007850256452499992,mace,mpa
wbm-1-19173,mace,0.9646571311000001,0.005500263482500056,mace,mpa
wbm-1-19684,mace,0.9464550268,-0.015355567733333271,mace,mpa
wbm-1-19969,mace,0.9826580399,0.011426704893750106,mace,mpa
wbm-1-20187,mace,1.0524541146,-0.06582601454166633,mace,mpa
wbm-1-20692,mace,0.9980396225,0.005209964291666699,mace,mpa
wbm-1-2075,mace,0.9618658641000001,0.023359823971428995,mace,mpa
wbm-1-21546,mace,0.97145342,0.01683865945749998,mace,mpa
wbm-1-21647,mace,0.9072047452,-0.006331502143333386,mace,mpa
wbm-1-21918,mace,0.9596071482,-0.004965353238749914,mace,mpa
wbm-1-21974,mace,1.0201310187,0.0025510278666666625,mace,mpa
wbm-1-22347,mace,0.9980118998,-0.0029045507069999843,mace,mpa
wbm-1-22912,mace,0.9959887603,-0.03451499753375002,mace,mpa
wbm-1-23029,mace,0.99534028,-0.018395027683333374,mace,mpa
wbm-1-23533,mace,0.976197394,0.010257052170000237,mace,mpa
wbm-1-23543,mace,1.0257522731,0.01497865745500011,mace,mpa
wbm-1-23636,mace,0.9176283485000001,-0.013778169327500023,mace,mpa
wbm-1-24053,mace,1.0853099071,0.03823619034750001,mace,mpa
wbm-1-24503,mace,1.0472991697,0.005933875317500004,mace,mpa
wbm-1-24761,mace,0.9641153037,0.0029956579970000165,mace,mpa
wbm-1-25075,mace,1.0068279899,-0.005980174748000024,mace,mpa
wbm-1-25396,mace,1.0580586242,0.019348499200000056,mace,mpa
wbm-1-2557,mace,0.9830697521,-0.013680528730000141,mace,mpa
wbm-1-25665,mace,0.9456025394,-0.01015722833249999,mace,mpa
wbm-1-25849,mace,0.9700809029,0.005864992708999921,mace,mpa
wbm-1-26263,mace,1.0747086299,-0.016163724787500035,mace,mpa
wbm-1-26543,mace,0.9166392532000001,-0.05086033920499995,mace,mpa
wbm-1-26634,mace,0.9953835872000001,0.03336806432250006,mace,mpa
wbm-1-2722,mace,0.9983118919,-0.017567765369999933,mace,mpa
wbm-1-27220,mace,1.0198729757,0.0039707596175000415,mace,mpa
wbm-1-27502,mace,1.0293162742,-0.003928349765000005,mace,mpa
wbm-1-27566,mace,0.9957891731,-0.0014410490100000572,mace,mpa
wbm-1-28132,mace,0.9694391618,-0.06575185667999986,mace,mpa
wbm-1-28162,mace,1.070168943,-0.007495777985000096,mace,mpa
wbm-1-28291,mace,1.0149249602,-0.0031356111657142804,mace,mpa
wbm-1-28599,mace,0.9941549419000001,0.00865208238428577,mace,mpa
wbm-1-29365,mace,0.9805513312,-0.07234730262250011,mace,mpa
wbm-1-29807,mace,0.9890471505,-0.029621449542500056,mace,mpa
wbm-1-30045,mace,0.9820512162,-0.013997029505000097,mace,mpa
wbm-1-30099,mace,0.9656824165000001,-0.002607776586666609,mace,mpa
wbm-1-30230,mace,0.9518355739000001,0.022138714518750113,mace,mpa
wbm-1-3078,mace,0.930702384,-0.01960279128999991,mace,mpa
wbm-1-30964,mace,0.9200589325,-0.0007725271370001963,mace,mpa
wbm-1-31348,mace,0.8171906574000001,-0.04155644394777782,mace,mpa
wbm-1-31767,mace,0.9804876645,-0.012024140848333314,mace,mpa
wbm-1-31797,mace,0.9495450472,-0.029149105021999733,mace,mpa
wbm-1-31867,mace,0.9035625017000001,-0.03604643855357142,mace,mpa
wbm-1-32076,mace,1.0435617969,-0.03843940434791674,mace,mpa
wbm-1-32536,mace,1.0186402043,-0.0005447690337499811,mace,mpa
wbm-1-32556,mace,0.9873194465,-0.023494287722000066,mace,mpa
wbm-1-32966,mace,1.8344364135000002,0.005162462820000257,mace,mpa
wbm-1-33026,mace,1.0574771643,-0.005378536775000331,mace,mpa
wbm-1-33224,mace,1.0035012087,0.01060260144499997,mace,mpa
wbm-1-34381,mace,0.9892028626,-0.006904533932500012,mace,mpa
wbm-1-34429,mace,1.0035151805,-0.0250858438649999,mace,mpa
wbm-1-34519,mace,0.9647964535,-0.025292687299999922,mace,mpa
wbm-1-34758,mace,1.005709175,-0.00031421042166677185,mace,mpa
wbm-1-34857,mace,0.9766795291,-0.00022400876375012758,mace,mpa
wbm-1-35134,mace,0.9627824417,-0.007881368521666647,mace,mpa
wbm-1-3516,mace,0.8832609679000001,-0.009846649719166578,mace,mpa
wbm-1-3535,mace,0.9753608971000001,-0.02313271358416659,mace,mpa
wbm-1-35404,mace,1.024729423,0.001013800272857119,mace,mpa
wbm-1-35738,mace,0.8992122311,-0.04467717426499966,mace,mpa
wbm-1-36060,mace,0.9623516168,0.009617646533750124,mace,mpa
wbm-1-36191,mace,0.9972019804000001,-0.0036381679824999402,mace,mpa
wbm-1-36764,mace,0.9634772014,-0.019013630063749964,mace,mpa
wbm-1-36839,mace,0.7384624387000001,-0.04372907315499983,mace,mpa
wbm-1-36941,mace,0.9419871551000001,0.04601025942500008,mace,mpa
wbm-1-37204,mace,0.9392106003,0.012272652535833236,mace,mpa
wbm-1-37361,mace,0.9911129605000001,-0.012928956926249846,mace,mpa
wbm-1-37528,mace,0.7598973658,0.007538198429166639,mace,mpa
wbm-1-37838,mace,0.9977817471,0.009261649127500013,mace,mpa
wbm-1-38418,mace,0.9121669135,-0.003917397197499994,mace,mpa
wbm-1-38520,mace,0.8128184864,-0.05251757206000001,mace,mpa
wbm-1-38808,mace,1.0116069743,0.004748829298333431,mace,mpa
wbm-1-39089,mace,0.9779826608000001,-6.511457124984688e-05,mace,mpa
wbm-1-40024,mace,0.9249827359,-0.05301334661199988,mace,mpa
wbm-1-40484,mace,1.0021345219,0.015785929149166655,mace,mpa
wbm-1-40953,mace,0.8926550128,-0.0017799876387499581,mace,mpa
wbm-1-41091,mace,0.9917284481,-0.0008693298191667272,mace,mpa
wbm-1-41383,mace,0.9495418013,-0.0049776126833331585,mace,mpa
wbm-1-41389,mace,0.9404904368,-0.017957918908181693,mace,mpa
wbm-1-41515,mace,0.9319273087000001,0.005325157251666705,mace,mpa
wbm-1-41644,mace,0.9125187342000001,-0.01151588357142832,mace,mpa
wbm-1-42383,mace,0.9705213988,-0.011633566449999933,mace,mpa
wbm-1-42731,mace,0.9803711254,-0.021570571265555494,mace,mpa
wbm-1-43066,mace,1.0020876367,0.0030479192483331492,mace,mpa
wbm-1-43649,mace,0.9852737952,0.017086261715833353,mace,mpa
wbm-1-43796,mace,0.9335319701,-0.01239755185999994,mace,mpa
wbm-1-44126,mace,0.9788735610000001,-0.03181734854900008,mace,mpa
wbm-1-44340,mace,0.9453095176,0.006948168626666688,mace,mpa
wbm-1-44478,mace,0.9154832293,-0.33646809563999996,mace,mpa
wbm-1-44580,mace,1.0048633902,0.00011256080500006149,mace,mpa
wbm-1-44656,mace,0.9119289655,-0.06648347939250006,mace,mpa
wbm-1-45122,mace,1.0173615327,-0.03800148524400001,mace,mpa
wbm-1-45422,mace,0.8849390982,-0.023601112227777953,mace,mpa
wbm-1-45595,mace,0.8876910571000001,0.011341766080000088,mace,mpa
wbm-1-45824,mace,0.9860405753,-0.01727052615166637,mace,mpa
wbm-1-45844,mace,0.9122716197,-0.027117794983333336,mace,mpa
wbm-1-45939,mace,0.9213399414000001,0.0316599346091665,mace,mpa
wbm-1-45958,mace,0.9797126179000001,-0.01796561991500004,mace,mpa
wbm-1-46061,mace,0.9805858106,-0.01672832553666659,mace,mpa
wbm-1-46063,mace,1.0204191689,-0.02099109876500004,mace,mpa
wbm-1-462,mace,0.9606947073000001,-0.019684509950000085,mace,mpa
wbm-1-46216,mace,0.9583925978000001,-0.013928592203333244,mace,mpa
wbm-1-4644,mace,0.9691265830000001,-0.04056784941545456,mace,mpa
wbm-1-46479,mace,0.9323448187000001,-0.007525571998333073,mace,mpa
wbm-1-46897,mace,0.9880076991000001,-0.02499698808888877,mace,mpa
wbm-1-47256,mace,1.0091671607,0.007097764262500017,mace,mpa
wbm-1-47271,mace,0.9550546693,0.0013921584274999344,mace,mpa
wbm-1-47332,mace,0.9991472855,-0.011956888847499968,mace,mpa
wbm-1-47390,mace,1.0230477944,-0.001270817124999979,mace,mpa
wbm-1-4748,mace,0.8884256687000001,-0.1010072965930003,mace,mpa
wbm-1-47680,mace,0.95627405,-0.02223509180700006,mace,mpa
wbm-1-48045,mace,1.0014190808,0.013772583449999942,mace,mpa
wbm-1-48387,mace,0.9522896933,-0.039494832106250134,mace,mpa
wbm-1-48516,mace,0.9384081135000001,-0.002330219257500055,mace,mpa
wbm-1-48844,mace,0.9894393606,-0.006220000762500089,mace,mpa
wbm-1-48894,mace,1.0170344627,-0.02092081922888893,mace,mpa
wbm-1-48917,mace,0.9649259416,-0.007609677976250051,mace,mpa
wbm-1-48956,mace,1.0422342727,-0.0039333741924999725,mace,mpa
wbm-1-4923,mace,0.7502394638000001,-0.08763635383500006,mace,mpa
wbm-1-4926,mace,0.9094633497,-0.03562630511749996,mace,mpa
wbm-1-49882,mace,0.9732856936000001,-0.016898794378888797,mace,mpa
wbm-1-50042,mace,0.9785669915,0.0029025019555555943,mace,mpa
wbm-1-5045,mace,1.1312004532,-0.302094983646667,mace,mpa
wbm-1-50475,mace,1.0160631639,-0.002219885439999949,mace,mpa
wbm-1-5112,mace,0.8976769646,-0.029720715047000114,mace,mpa
wbm-1-51210,mace,1.0379275738,0.003045686342499998,mace,mpa
wbm-1-51562,mace,0.8000430056000001,0.01050796368500002,mace,mpa
wbm-1-51828,mace,1.0421318444,-0.00960618430000002,mace,mpa
wbm-1-51920,mace,1.0015505147,-0.0025203871758332497,mace,mpa
wbm-1-52323,mace,0.9525693967000001,-0.00031672417600002944,mace,mpa
wbm-1-5320,mace,0.9678491277000001,-0.008269702076666855,mace,mpa
wbm-1-54021,mace,0.9823815477000001,0.0023369379839998316,mace,mpa
wbm-1-54211,mace,0.9941918241000001,-0.0038716157599998267,mace,mpa
wbm-1-54223,mace,1.0048690863,0.0015661745439999209,mace,mpa
wbm-1-54845,mace,0.9536535038,0.01693286441428563,mace,mpa
wbm-1-55055,mace,0.8392161047000001,-0.08786026911964255,mace,mpa
wbm-1-55621,mace,0.9749698823,-0.012700614178333444,mace,mpa
wbm-1-55626,mace,0.9583658729000001,0.0036605387266665916,mace,mpa
wbm-1-55839,mace,0.9093665308000001,-0.003258220890740949,mace,mpa
wbm-1-56095,mace,0.9934670071,-0.006594734051666388,mace,mpa
wbm-1-56442,mace,0.9707030757,-0.022287917996249896,mace,mpa
wbm-1-56596,mace,0.983409415,-0.01087124279444451,mace,mpa
wbm-1-56597,mace,0.9721229686,-0.01826099858500001,mace,mpa
wbm-1-5673,mace,1.0373473519,-0.008903898362499874,mace,mpa
wbm-1-5686,mace,0.9415081289,-0.016040527443999864,mace,mpa
wbm-1-57622,mace,0.9954890767000001,-0.004442338732499943,mace,mpa
wbm-1-58300,mace,0.9413218231,0.008231710562499828,mace,mpa
wbm-1-58411,mace,1.0038038961,-0.02275745850333338,mace,mpa
wbm-1-58431,mace,0.9199675812,-0.022826780599999985,mace,mpa
wbm-1-5891,mace,1.0455337204,0.010016708250000228,mace,mpa
wbm-1-59108,mace,0.9135859730000001,-0.08950225531999996,mace,mpa
wbm-1-59510,mace,0.9533133828,-0.01948194558999994,mace,mpa
wbm-1-59715,mace,1.0220440814,0.004955542414999936,mace,mpa
wbm-1-59754,mace,0.9939017878,0.0009444217039999359,mace,mpa
wbm-1-59925,mace,0.9566637274,-0.013937991040000123,mace,mpa
wbm-1-60339,mace,1.003286478,-0.0024575404750000196,mace,mpa
wbm-1-60437,mace,1.0149449884,-0.001148142594999868,mace,mpa
wbm-1-60536,mace,0.9819077580000001,-0.01086837753095239,mace,mpa
wbm-1-61353,mace,1.122547201,-0.01873752733000005,mace,mpa
wbm-1-61447,mace,0.9470068635000001,-0.0027992711108334825,mace,mpa
wbm-1-61492,mace,0.9634569387,-0.011732044479999981,mace,mpa
wbm-1-61567,mace,0.9130262021000001,0.020749189430000037,mace,mpa
wbm-1-6677,mace,0.9405405882000001,-0.03948103455416726,mace,mpa
wbm-1-6831,mace,0.9878456867000001,0.04021577265363667,mace,mpa
wbm-1-6877,mace,0.7720184763,-0.023206094957500055,mace,mpa
wbm-1-7173,mace,0.8636641755000001,-0.04793989948599986,mace,mpa
wbm-1-7275,mace,0.9290945199,-0.01668606102750001,mace,mpa
wbm-1-7410,mace,0.8727994088000001,-0.06279975860833319,mace,mpa
wbm-1-8359,mace,1.0192568004,-0.005961135372499982,mace,mpa
wbm-1-8367,mace,1.003259521,-0.01603461868000006,mace,mpa
wbm-1-9075,mace,0.9529104136000001,-0.007377804510000156,mace,mpa
wbm-1-9196,mace,1.0562513401,0.006380080494999963,mace,mpa
wbm-1-9201,mace,0.9967189084,-0.004232144517500025,mace,mpa
wbm-1-987,mace,0.9896689423,-0.0085469124985713,mace,mpa
wbm-1-9927,mace,0.9865792892,0.007647384726000013,mace,mpa
wbm-2-10245,mace,1.0287718289,0.007774020892000025,mace,mpa
wbm-2-10499,mace,0.9444143302,-0.009181653124444526,mace,mpa
wbm-2-10810,mace,0.9877607217000001,-0.020902414241111066,mace,mpa
wbm-2-10923,mace,0.9809114604,-0.02643371712083331,mace,mpa
wbm-2-11068,mace,0.9919078551,-0.017509961072000025,mace,mpa
wbm-2-11084,mace,0.9003006921000001,-0.012521474251000059,mace,mpa
wbm-2-11128,mace,0.9715066840000001,-0.013204739509999754,mace,mpa
wbm-2-11212,mace,1.0188633427,-0.006539963364545414,mace,mpa
wbm-2-11382,mace,0.9852678257,-0.004223791038095369,mace,mpa
wbm-2-1151,mace,0.9883197771000001,-0.016735068290833332,mace,mpa
wbm-2-11618,mace,1.0231197982,-0.01668115968999994,mace,mpa
wbm-2-11694,mace,1.0098051542,-0.011349621678750133,mace,mpa
wbm-2-11991,mace,0.9679968852,-0.012829039757500027,mace,mpa
wbm-2-12110,mace,0.9401562348,-0.028376637836666774,mace,mpa
wbm-2-1217,mace,1.0610761581,-0.0104547680099999,mace,mpa
wbm-2-12245,mace,0.9385281257,-0.0004338857688889814,mace,mpa
wbm-2-12407,mace,0.82203344,-0.03779994939,mace,mpa
wbm-2-12899,mace,0.9872618975,-0.014711910161666649,mace,mpa
wbm-2-13207,mace,0.9265207024000001,-0.015731960046666653,mace,mpa
wbm-2-13474,mace,0.9938553518000001,-0.022614206212500054,mace,mpa
wbm-2-13628,mace,0.9690408016000001,-0.04145508016166672,mace,mpa
wbm-2-13632,mace,1.0056926109,-0.027540735585000083,mace,mpa
wbm-2-13798,mace,0.9613019895,0.0024208605133331676,mace,mpa
wbm-2-13799,mace,0.9741224338000001,-0.03161972344374971,mace,mpa
wbm-2-13911,mace,1.0235058906,-0.0015134479725001705,mace,mpa
wbm-2-14116,mace,0.9746433211000001,-0.0007522818149999703,mace,mpa
wbm-2-14733,mace,1.0446379215,-0.007094396635000067,mace,mpa
wbm-2-14949,mace,0.9508015158,-0.01605868263333363,mace,mpa
wbm-2-14980,mace,0.9682495014,0.01239039363875003,mace,mpa
wbm-2-15047,mace,1.0823191143,-0.004780384342500099,mace,mpa
wbm-2-15398,mace,0.892113616,0.006657786666249876,mace,mpa
wbm-2-15816,mace,1.0057185977,0.007429044357000052,mace,mpa
wbm-2-15882,mace,0.9571054841000001,-0.0524618105078124,mace,mpa
wbm-2-16299,mace,0.9345019476,-0.014605593985000099,mace,mpa
wbm-2-16983,mace,0.9749227911,-0.02894299322399988,mace,mpa
wbm-2-17344,mace,0.9637462520000001,-0.01327088615499985,mace,mpa
wbm-2-1787,mace,0.8957620420000001,0.014293989324285711,mace,mpa
wbm-2-19108,mace,0.9721623319,0.0002699643316665501,mace,mpa
wbm-2-19313,mace,1.0643510333,0.008448515663333387,mace,mpa
wbm-2-20028,mace,0.9573289054,-0.3332541476933334,mace,mpa
wbm-2-20166,mace,0.9744180203,-0.014762212074545549,mace,mpa
wbm-2-20256,mace,1.0189826152,-0.025901803231818187,mace,mpa
wbm-2-20265,mace,1.0264338894,-0.008611598479629721,mace,mpa
wbm-2-20392,mace,1.04378871,0.00856431072500019,mace,mpa
wbm-2-20448,mace,0.9784381153,-0.008495429978749858,mace,mpa
wbm-2-20797,mace,1.2310478773,0.011907802183333397,mace,mpa
wbm-2-21074,mace,0.9651613107,-0.0015305487060001256,mace,mpa
wbm-2-21198,mace,1.0597033877,-0.04594052469666673,mace,mpa
wbm-2-21508,mace,0.9844336222000001,-0.018704753220000026,mace,mpa
wbm-2-21597,mace,0.9688255199,-0.0015775967639999424,mace,mpa
wbm-2-21693,mace,1.0224412876,-0.001464347690833338,mace,mpa
wbm-2-21990,mace,0.9133302298,-0.013684996964999741,mace,mpa
wbm-2-22192,mace,1.0776688473,0.001875830372499987,mace,mpa
wbm-2-2223,mace,1.0280002963,-0.009884200915000049,mace,mpa
wbm-2-22928,mace,0.8996965891,-0.01686160200178564,mace,mpa
wbm-2-22992,mace,0.9702127881,0.013318066191666861,mace,mpa
wbm-2-2316,mace,1.0079472326,0.004947794043333253,mace,mpa
wbm-2-23452,mace,1.0404167968,0.005449221413750038,mace,mpa
wbm-2-23794,mace,0.9909429689,-0.008782316475714374,mace,mpa
wbm-2-23880,mace,0.9898280766,-0.018359767809999816,mace,mpa
wbm-2-23973,mace,0.9966595991,0.004065733828333269,mace,mpa
wbm-2-24003,mace,1.0192330484,-0.0007932061942857465,mace,mpa
wbm-2-24061,mace,0.9358587157,0.003778368856666544,mace,mpa
wbm-2-24501,mace,1.0079847231,0.0009391469679999532,mace,mpa
wbm-2-24549,mace,1.1093010604,-0.0055920084275000725,mace,mpa
wbm-2-24887,mace,0.9608235559,0.03681947618499999,mace,mpa
wbm-2-25039,mace,1.0270280341,0.004466402616666664,mace,mpa
wbm-2-25087,mace,1.0407055612,-0.022132107402499913,mace,mpa
wbm-2-25091,mace,0.9939548965,-0.0013676360400000458,mace,mpa
wbm-2-25182,mace,1.0241572803,-0.01007245164624999,mace,mpa
wbm-2-25748,mace,0.9758320937,-0.011696771565000005,mace,mpa
wbm-2-25883,mace,0.9931219263000001,-0.017886951655000028,mace,mpa
wbm-2-26027,mace,0.9545935036000001,-0.012198731176666713,mace,mpa
wbm-2-26175,mace,0.9622498479,-0.005190601767499947,mace,mpa
wbm-2-26205,mace,1.0750670613,0.042860572385000316,mace,mpa
wbm-2-26262,mace,1.0092912701,0.0020206162456791205,mace,mpa
wbm-2-26500,mace,0.9836415063,-0.042625966341666675,mace,mpa
wbm-2-26676,mace,0.9932128344000001,-0.001467388657000015,mace,mpa
wbm-2-2669,mace,0.9784841731,0.005499644861111245,mace,mpa
wbm-2-27233,mace,1.0563935086,-0.03753602488999992,mace,mpa
wbm-2-27460,mace,1.0312586713,-0.0023550159063635656,mace,mpa
wbm-2-27581,mace,0.9680429316,0.0060113131166667465,mace,mpa
wbm-2-27803,mace,1.0010562421,0.01844345327111101,mace,mpa
wbm-2-27955,mace,1.0452339635,-0.01078291706249996,mace,mpa
wbm-2-28151,mace,0.9433516122000001,-0.020656361239999744,mace,mpa
wbm-2-28311,mace,1.0341688299,-0.003385652555555481,mace,mpa
wbm-2-28628,mace,0.9212903552,0.010019820847999909,mace,mpa
wbm-2-28666,mace,0.9749810262,-0.017399735664999978,mace,mpa
wbm-2-29064,mace,0.9000224143000001,-0.05205324085100003,mace,mpa
wbm-2-29551,mace,0.8578051303,-0.04564155384000005,mace,mpa
wbm-2-29590,mace,0.8974104384,0.061813707860000025,mace,mpa
wbm-2-2973,mace,0.9957851571,4.433457250021533e-05,mace,mpa
wbm-2-30232,mace,1.0204812761,0.007816411831249991,mace,mpa
wbm-2-30753,mace,1.0842238849,0.10790425098333323,mace,mpa
wbm-2-31075,mace,0.9862372582000001,-0.001164775612499902,mace,mpa
wbm-2-31128,mace,0.90895706,-0.03542800981222203,mace,mpa
wbm-2-31420,mace,0.9833376111000001,-0.03204706571416676,mace,mpa
wbm-2-31514,mace,0.9978277323,-0.007138737413750107,mace,mpa
wbm-2-31515,mace,0.9828243462,-0.00742963429000009,mace,mpa
wbm-2-31561,mace,1.0011614723,-0.012937603397142741,mace,mpa
wbm-2-31795,mace,0.9860681221,0.0021175832150001146,mace,mpa
wbm-2-32099,mace,0.9634987953,-0.009851893748333278,mace,mpa
wbm-2-32354,mace,1.0274361139,0.006072075457500059,mace,mpa
wbm-2-32386,mace,0.9788566798,-0.00899155282874986,mace,mpa
wbm-2-32777,mace,1.003800503,0.004408692591666667,mace,mpa
wbm-2-32910,mace,0.9491149355,-0.01114615145833362,mace,mpa
wbm-2-33373,mace,0.922934291,-0.004171768095555469,mace,mpa
wbm-2-33421,mace,0.9853381863,0.0003024342519999834,mace,mpa
wbm-2-34088,mace,0.9498569707000001,0.040467031031999876,mace,mpa
wbm-2-3424,mace,1.0072056197,-0.00020437591166668767,mace,mpa
wbm-2-34474,mace,1.0105007014,0.024286174172500008,mace,mpa
wbm-2-34818,mace,0.9226587235,0.00988583569583324,mace,mpa
wbm-2-34985,mace,0.8996361248,-0.02474698893583328,mace,mpa
wbm-2-35177,mace,0.9005385391,-0.053737145736363345,mace,mpa
wbm-2-35202,mace,0.9228795482000001,-0.03360235981818185,mace,mpa
wbm-2-35598,mace,0.8929017443,-0.04201819244700019,mace,mpa
wbm-2-35958,mace,0.9435605112000001,-0.016635298470999944,mace,mpa
wbm-2-36105,mace,1.0057687923,-0.003138084542000001,mace,mpa
wbm-2-36320,mace,0.9658703161000001,-0.01763051754090903,mace,mpa
wbm-2-36499,mace,0.9741747266,-0.008369718149090488,mace,mpa
wbm-2-36606,mace,1.0142933821,0.029378820091666803,mace,mpa
wbm-2-37493,mace,0.9146392718,-0.04042041927749989,mace,mpa
wbm-2-37746,mace,1.0108841739,-0.008881691054000029,mace,mpa
wbm-2-38,mace,1.0587420831,-0.21199026858333347,mace,mpa
wbm-2-38123,mace,0.9447729236,-0.031008752787777878,mace,mpa
wbm-2-38626,mace,0.9669334772,-0.021197083931999927,mace,mpa
wbm-2-38768,mace,1.0410211887,-0.00158562143999994,mace,mpa
wbm-2-38824,mace,1.1502934863,0.010127702466666536,mace,mpa
wbm-2-39093,mace,0.8777600307000001,-0.02751557600000029,mace,mpa
wbm-2-39277,mace,1.0065791774,-0.02608596305833333,mace,mpa
wbm-2-39858,mace,1.0334430776,-0.025902256945833074,mace,mpa
wbm-2-3987,mace,0.9557557632,-0.015035693682000115,mace,mpa
wbm-2-40383,mace,0.9713724575,-0.007553216105999993,mace,mpa
wbm-2-40651,mace,1.0030381822,-0.009758279931428656,mace,mpa
wbm-2-40707,mace,0.9998010942000001,0.0032971100199999624,mace,mpa
wbm-2-4091,mace,0.9616487161,0.000653821231666522,mace,mpa
wbm-2-40954,mace,0.9899955589,-0.007789395211249994,mace,mpa
wbm-2-41053,mace,0.9900617649000001,-0.01337459360500004,mace,mpa
wbm-2-4187,mace,0.8678802948000001,-0.004106807244047688,mace,mpa
wbm-2-42127,mace,0.9507037322,-0.015957461859999977,mace,mpa
wbm-2-42209,mace,0.9980152360000001,-0.012438240044999915,mace,mpa
wbm-2-42382,mace,1.003156749,0.0008563113433333788,mace,mpa
wbm-2-44123,mace,0.9853308776,-0.028572248718888898,mace,mpa
wbm-2-44195,mace,1.0390662198,-0.017263320279999897,mace,mpa
wbm-2-44473,mace,0.9761200995,-0.00017921326749981148,mace,mpa
wbm-2-44832,mace,0.9199303732,-0.011016989797500099,mace,mpa
wbm-2-44888,mace,0.9562942604,-0.01678214308749997,mace,mpa
wbm-2-45158,mace,0.9229252045,-0.033244344532500046,mace,mpa
wbm-2-45183,mace,1.0225333678,0.006108444783333056,mace,mpa
wbm-2-45365,mace,1.0802103819,0.016130473213889038,mace,mpa
wbm-2-45585,mace,0.9193940864000001,-0.007385527579999973,mace,mpa
wbm-2-45645,mace,0.9434909782,-0.009170763265714145,mace,mpa
wbm-2-45772,mace,0.9978046239,-0.015129851116000168,mace,mpa
wbm-2-45812,mace,0.9835663097,-0.017203818544999906,mace,mpa
wbm-2-46026,mace,1.010655716,-0.01150826147300009,mace,mpa
wbm-2-46362,mace,0.9463501312,-0.02053231880999998,mace,mpa
wbm-2-46431,mace,0.9755287729000001,-0.012507248922999708,mace,mpa
wbm-2-46663,mace,0.9611137244,-0.01713944360818183,mace,mpa
wbm-2-46903,mace,1.0276232936,0.004517953708333285,mace,mpa
wbm-2-46975,mace,0.9817032032,0.004767244513333383,mace,mpa
wbm-2-4763,mace,0.9598337579,-0.019101679730555828,mace,mpa
wbm-2-47914,mace,0.9889213225000001,-0.016835051331250146,mace,mpa
wbm-2-48685,mace,1.0021812532,-0.015500044291666773,mace,mpa
wbm-2-48699,mace,0.9904290743,-0.026470790658,mace,mpa
wbm-2-49019,mace,1.0472460434,-0.05092015656249997,mace,mpa
wbm-2-49081,mace,0.9802577353,-0.010781434756666701,mace,mpa
wbm-2-49233,mace,1.0132456326,-0.007233148481666695,mace,mpa
wbm-2-49340,mace,0.8415457512000001,-0.07248585421500006,mace,mpa
wbm-2-49384,mace,0.9770247266000001,-0.014158744210000051,mace,mpa
wbm-2-49468,mace,0.9886397193,-0.004557415154999989,mace,mpa
wbm-2-50279,mace,0.9829198881000001,-0.029871044762499882,mace,mpa
wbm-2-50333,mace,0.9878755476000001,-0.036000878806666727,mace,mpa
wbm-2-50495,mace,0.9965160552000001,0.002872596656666815,mace,mpa
wbm-2-50655,mace,0.9598862689000001,-0.03615225443428562,mace,mpa
wbm-2-51174,mace,0.9751191294,-0.0015941941555556443,mace,mpa
wbm-2-5119,mace,0.9911430787000001,-0.028512183375454726,mace,mpa
wbm-2-51568,mace,0.9828940769000001,-0.008880525199999522,mace,mpa
wbm-2-51816,mace,1.0303474975,-0.020273390532500102,mace,mpa
wbm-2-51830,mace,0.8623510744,-0.025596219505555438,mace,mpa
wbm-2-51886,mace,1.003663457,-0.020181032606666587,mace,mpa
wbm-2-5191,mace,0.8236531892000001,-0.0510446311981817,mace,mpa
wbm-2-52052,mace,1.006412506,0.01858190355999998,mace,mpa
wbm-2-52350,mace,0.9785233475,0.0015341803558333329,mace,mpa
wbm-2-52424,mace,1.0360489297,-0.007181726489999996,mace,mpa
wbm-2-5247,mace,0.9906313416,0.008305035555999965,mace,mpa
wbm-2-52502,mace,1.0358200983,0.0012685166299999384,mace,mpa
wbm-2-52632,mace,0.9584544328000001,0.0014921207811108654,mace,mpa
wbm-2-5290,mace,0.832633347,-0.06756057970400008,mace,mpa
wbm-2-5804,mace,1.0297907383,-0.046611158798333226,mace,mpa
wbm-2-6062,mace,0.9977018013000001,0.0004311018341666066,mace,mpa
wbm-2-6092,mace,0.8754448757000001,-0.006615016479166513,mace,mpa
wbm-2-6110,mace,0.9714384850000001,-0.04360439321599997,mace,mpa
wbm-2-6329,mace,0.8553996753,-0.04243151414625013,mace,mpa
wbm-2-6620,mace,1.0726572671,-0.018477328820000017,mace,mpa
wbm-2-6627,mace,0.9812652815,0.017077283506000143,mace,mpa
wbm-2-6892,mace,0.9462687629000001,-0.03193326097999986,mace,mpa
wbm-2-6906,mace,0.943822877,0.005665687202222042,mace,mpa
wbm-2-6947,mace,0.9665342847,-0.035047680507000044,mace,mpa
wbm-2-7202,mace,0.9565634820000001,-0.058132356393636224,mace,mpa
wbm-2-7809,mace,1.1120534176,-0.05926336460799995,mace,mpa
wbm-2-828,mace,0.9888008237,0.008658666451250064,mace,mpa
wbm-2-9248,mace,1.0120909843,0.00594250807749992,mace,mpa
wbm-2-9267,mace,0.9723975224,-0.007472885817500075,mace,mpa
wbm-2-9731,mace,0.9834592704,-0.014837393307999918,mace,mpa
wbm-3-10689,mace,0.9480285555,-0.1276180481027273,mace,mpa
wbm-3-11165,mace,0.9296942064,-0.038008431903125084,mace,mpa
wbm-3-11718,mace,1.0049647558,-0.030556783972857254,mace,mpa
wbm-3-12323,mace,0.9721494804,-0.021551384433999985,mace,mpa
wbm-3-12716,mace,1.0308277162,-0.029191952710000007,mace,mpa
wbm-3-12746,mace,1.0223342164,-0.0031074537425000103,mace,mpa
wbm-3-12774,mace,0.9904430787,-0.015533635063999967,mace,mpa
wbm-3-12889,mace,1.0033832796,-0.011653903398333179,mace,mpa
wbm-3-13114,mace,1.0053337488,-0.009793479735000095,mace,mpa
wbm-3-13317,mace,1.027544754,-0.006383428948333325,mace,mpa
wbm-3-13400,mace,0.8581502747,-0.02445723794907412,mace,mpa
wbm-3-13486,mace,1.0249391746,-0.013594371153749974,mace,mpa
wbm-3-13949,mace,1.0191228867,-0.007961908834999986,mace,mpa
wbm-3-13976,mace,0.9553605922,-0.012914947573999988,mace,mpa
wbm-3-14196,mace,1.0038587745,0.004712025336250081,mace,mpa
wbm-3-14217,mace,0.9836378108,-0.007509542879999979,mace,mpa
wbm-3-1457,mace,0.9876163911,-0.01962919348999989,mace,mpa
wbm-3-14648,mace,0.9791673245,0.013135347967500044,mace,mpa
wbm-3-148,mace,0.988756068,-0.010208426540833345,mace,mpa
wbm-3-14897,mace,0.9908956195,-0.010553885764444399,mace,mpa
wbm-3-15167,mace,0.9805110344,-0.009891167232999935,mace,mpa
wbm-3-15223,mace,0.9831770299,-0.01004227221750007,mace,mpa
wbm-3-15280,mace,0.9527384674,-0.008844117922000053,mace,mpa
wbm-3-15327,mace,0.7645520421,-0.0388432071033332,mace,mpa
wbm-3-1552,mace,0.9920850473,-0.02366439007962963,mace,mpa
wbm-3-15643,mace,1.0020594403,-0.009408544497999927,mace,mpa
wbm-3-16336,mace,1.0433818802000001,0.009255686090000263,mace,mpa
wbm-3-16734,mace,0.9894886775,-0.015465123327142852,mace,mpa
wbm-3-16816,mace,0.9888029853,-0.007242523416666736,mace,mpa
wbm-3-1719,mace,0.9548035982,-0.008086061543749837,mace,mpa
wbm-3-17250,mace,1.0065514201,-0.009451055161249933,mace,mpa
wbm-3-17617,mace,0.9938765025,0.0003628271218748906,mace,mpa
wbm-3-17661,mace,0.9998414812,0.0035756535833332886,mace,mpa
wbm-3-1822,mace,0.9014991428,-0.016443102954444396,mace,mpa
wbm-3-18479,mace,0.9939246351000001,-0.013819385081111099,mace,mpa
wbm-3-18841,mace,0.978669176,-0.010924339419047451,mace,mpa
wbm-3-19096,mace,0.9112251161,-0.021458829071111216,mace,mpa
wbm-3-19145,mace,0.8844160425,-0.0025102843199999707,mace,mpa
wbm-3-19453,mace,0.9855212857000001,-0.0035059050166667068,mace,mpa
wbm-3-20198,mace,0.9505287929,-0.023652986546666574,mace,mpa
wbm-3-20284,mace,0.9970878320000001,-0.005278197885555534,mace,mpa
wbm-3-20301,mace,0.9988883618000001,-0.00609022059047598,mace,mpa
wbm-3-20382,mace,0.9648175754,-0.032316719968333275,mace,mpa
wbm-3-20528,mace,0.9892741321,-0.18693608564444447,mace,mpa
wbm-3-20949,mace,0.9850216410000001,-0.04894067266333337,mace,mpa
wbm-3-21531,mace,0.9935965674,-0.005093322498333327,mace,mpa
wbm-3-21627,mace,0.9836070492000001,-0.012616692865000384,mace,mpa
wbm-3-21642,mace,1.019666921,-0.01750406554464279,mace,mpa
wbm-3-22305,mace,0.8713400159,-0.045771314652083284,mace,mpa
wbm-3-22379,mace,0.8641054766,-0.026537444062500005,mace,mpa
wbm-3-2248,mace,0.969953767,-0.013491551057777683,mace,mpa
wbm-3-22519,mace,0.9866627283,0.013953276824999842,mace,mpa
wbm-3-22524,mace,0.9511711372,0.037435457762500055,mace,mpa
wbm-3-22718,mace,0.9657799432,0.04335985630625028,mace,mpa
wbm-3-22742,mace,0.9407117746,-0.008212901833750319,mace,mpa
wbm-3-22772,mace,0.9515410389000001,-0.028355257099999864,mace,mpa
wbm-3-23060,mace,0.9407447652,0.007722415646249825,mace,mpa
wbm-3-23205,mace,0.7832206826,-0.047205986816071466,mace,mpa
wbm-3-23657,mace,0.9418028982000001,8.316061999993351e-05,mace,mpa
wbm-3-23961,mace,1.0330332405,0.006065282656363732,mace,mpa
wbm-3-24482,mace,0.9599759065000001,0.017877326044999985,mace,mpa
wbm-3-24541,mace,0.9904602707000001,-0.024232948551851805,mace,mpa
wbm-3-25261,mace,0.8922344894,0.00010635982099984175,mace,mpa
wbm-3-25538,mace,1.0062259316,0.03307030587285707,mace,mpa
wbm-3-25577,mace,0.9173025014,-0.00559236645999986,mace,mpa
wbm-3-26237,mace,1.0185785377,0.004678395346666598,mace,mpa
wbm-3-26853,mace,0.9769230568,-0.016735967590277845,mace,mpa
wbm-3-26855,mace,1.0147652018,0.00481269787624985,mace,mpa
wbm-3-27894,mace,0.9639725760000001,-0.0035893511483332456,mace,mpa
wbm-3-28259,mace,0.9685800825,-0.00360902777666657,mace,mpa
wbm-3-28421,mace,1.0325715068,-0.009956305667142827,mace,mpa
wbm-3-2876,mace,1.0204140956,-0.003154941368571481,mace,mpa
wbm-3-29262,mace,0.9751134713,-0.00871498465111126,mace,mpa
wbm-3-29413,mace,1.0415816652,0.0037778244622221364,mace,mpa
wbm-3-2947,mace,1.0118488146,-0.005874798148571512,mace,mpa
wbm-3-29478,mace,0.9596557226,-0.02803762242599987,mace,mpa
wbm-3-29820,mace,0.964203048,-0.0029995387512496306,mace,mpa
wbm-3-29926,mace,0.9993077681,-0.007973865205000123,mace,mpa
wbm-3-30118,mace,0.9318349402,-0.024344729021999995,mace,mpa
wbm-3-30211,mace,0.9617134576,0.005691275799000124,mace,mpa
wbm-3-30339,mace,0.9892629433000001,-0.0385196201249999,mace,mpa
wbm-3-30439,mace,0.9575717761,-0.015013450401000128,mace,mpa
wbm-3-30449,mace,0.974389268,-0.020403091980000027,mace,mpa
wbm-3-306,mace,0.9885911510000001,-0.0045017404266668075,mace,mpa
wbm-3-31547,mace,1.0676520417,0.024680689931999993,mace,mpa
wbm-3-32182,mace,0.9732879602000001,-0.015160479090000933,mace,mpa
wbm-3-32371,mace,0.9921356243,-0.01449666029083326,mace,mpa
wbm-3-3260,mace,1.027275143,0.005115082287500172,mace,mpa
wbm-3-32953,mace,0.9647995767,-0.010593098353333196,mace,mpa
wbm-3-33052,mace,0.9596398099000001,-0.000979838509166697,mace,mpa
wbm-3-33057,mace,0.9758185875000001,-0.010993316771666766,mace,mpa
wbm-3-33496,mace,0.9702962468,-0.013058383851666732,mace,mpa
wbm-3-33667,mace,1.0500350756,-0.025711346583749916,mace,mpa
wbm-3-33669,mace,0.8993136679,-0.01427796799571439,mace,mpa
wbm-3-33766,mace,1.0236893168,0.0018313702750001326,mace,mpa
wbm-3-33958,mace,1.0093910702,-0.012627044050000044,mace,mpa
wbm-3-34051,mace,1.0051304347,-0.019657543685714176,mace,mpa
wbm-3-34079,mace,0.9757886479000001,-0.020326577132857033,mace,mpa
wbm-3-34526,mace,1.0182052915,0.004112285180833434,mace,mpa
wbm-3-34928,mace,0.9930501747,0.021336109716667256,mace,mpa
wbm-3-35085,mace,0.9714023488,-0.01147220273583341,mace,mpa
wbm-3-35166,mace,1.0051909794,-0.0031256280799999794,mace,mpa
wbm-3-35187,mace,0.9039580855,0.04161724866200004,mace,mpa
wbm-3-35781,mace,0.9740579384,-0.024261060183333193,mace,mpa
wbm-3-35839,mace,0.9429872405,-0.03734231590916668,mace,mpa
wbm-3-36237,mace,1.0729403247,0.0184695113375001,mace,mpa
wbm-3-36320,mace,0.9360588305,-0.017236885837499917,mace,mpa
wbm-3-36651,mace,0.9816819025,-0.009121804413636428,mace,mpa
wbm-3-36996,mace,1.1691796103,-0.9013476818166666,mace,mpa
wbm-3-37033,mace,1.0245927119,0.0011618529930000677,mace,mpa
wbm-3-37063,mace,1.0498168761,0.016848283762499916,mace,mpa
wbm-3-37150,mace,0.9528510957,-0.007308904798333416,mace,mpa
wbm-3-37539,mace,0.9746283720000001,-0.010186122993000027,mace,mpa
wbm-3-3762,mace,0.8305637570000001,0.036666883101428585,mace,mpa
wbm-3-37637,mace,0.9875511782,-0.0027598391699998597,mace,mpa
wbm-3-37700,mace,0.9963305929,0.013796074322499985,mace,mpa
wbm-3-37760,mace,0.9923846842,-0.00892129156666657,mace,mpa
wbm-3-37854,mace,0.9499155331,-4.508487499998992e-05,mace,mpa
wbm-3-38201,mace,1.0741081299,0.04996534553375005,mace,mpa
wbm-3-38304,mace,0.9998795097000001,-0.007829144814814745,mace,mpa
wbm-3-38309,mace,1.0232978756,-0.008238257824444437,mace,mpa
wbm-3-38620,mace,0.9480435262,-0.012504928520000024,mace,mpa
wbm-3-38776,mace,0.9767938305,-0.008805585883333399,mace,mpa
wbm-3-38878,mace,0.9265241905,0.005972867136666812,mace,mpa
wbm-3-39280,mace,0.9666098850000001,-0.03180745312500002,mace,mpa
wbm-3-40020,mace,0.9720290738,0.007475963399166711,mace,mpa
wbm-3-40352,mace,0.8935393307,-0.0066104712260001,mace,mpa
wbm-3-40869,mace,1.0699581259,0.051407115349999886,mace,mpa
wbm-3-41021,mace,0.9342866953000001,-0.016578191488888824,mace,mpa
wbm-3-41155,mace,1.0860855769,-0.01789143772968771,mace,mpa
wbm-3-41162,mace,1.034124324,-0.0733894603267858,mace,mpa
wbm-3-41194,mace,0.9872806674000001,-0.011848644426666747,mace,mpa
wbm-3-41559,mace,0.9561915705,0.0024375655750001,mace,mpa
wbm-3-41591,mace,0.9447537685,-0.002378707459259454,mace,mpa
wbm-3-4193,mace,0.9437226571,-0.010085275587499786,mace,mpa
wbm-3-42072,mace,0.9710908006000001,0.010220536912000071,mace,mpa
wbm-3-42429,mace,0.9989319753,-0.023055852809999954,mace,mpa
wbm-3-42516,mace,1.0114114139,0.026046572362500166,mace,mpa
wbm-3-42538,mace,0.9525472468,-0.02140484830000009,mace,mpa
wbm-3-42640,mace,0.976109643,0.018878518315000026,mace,mpa
wbm-3-42658,mace,0.973239621,-0.021482840293333378,mace,mpa
wbm-3-42727,mace,0.8935529768,-0.0039035887500000165,mace,mpa
wbm-3-42969,mace,0.8999077092000001,-0.02121471445333339,mace,mpa
wbm-3-43100,mace,1.0115739643,-0.003522442032222194,mace,mpa
wbm-3-43237,mace,0.9675584481,0.004546467714999736,mace,mpa
wbm-3-43314,mace,0.9086505394000001,-0.007434834442499927,mace,mpa
wbm-3-43330,mace,0.9018488022000001,-0.02100338904250023,mace,mpa
wbm-3-43872,mace,0.8930086509,-0.07495288850749997,mace,mpa
wbm-3-44030,mace,0.8514693265000001,-0.056213079021,mace,mpa
wbm-3-44054,mace,0.9340186460000001,-0.025078658159999916,mace,mpa
wbm-3-44492,mace,0.9332367131,-0.054095064499999665,mace,mpa
wbm-3-44546,mace,0.7441095179,-0.10744657829000019,mace,mpa
wbm-3-44704,mace,1.0128012052,-0.03749753450909098,mace,mpa
wbm-3-44894,mace,0.9756352997000001,-0.08554687758333325,mace,mpa
wbm-3-44975,mace,0.9095598152000001,-0.018302180312000045,mace,mpa
wbm-3-45183,mace,0.8694844970000001,-0.0033775196583334835,mace,mpa
wbm-3-45466,mace,0.9733860190000001,-0.018844460432999883,mace,mpa
wbm-3-45678,mace,0.9816241644,-0.02044104842400003,mace,mpa
wbm-3-45688,mace,0.7402426007,-0.12716187761333314,mace,mpa
wbm-3-45998,mace,0.7991222272,-0.03149365641181832,mace,mpa
wbm-3-46394,mace,0.981475156,-0.023349572967777968,mace,mpa
wbm-3-46540,mace,1.021045612,0.0026474520000001316,mace,mpa
wbm-3-46685,mace,0.9822376103,0.0005664203880000685,mace,mpa
wbm-3-46735,mace,0.9250030881,-0.02721214172314798,mace,mpa
wbm-3-47098,mace,1.0343534304,-0.025455555333333102,mace,mpa
wbm-3-47103,mace,0.9109003935000001,-0.017738872809999685,mace,mpa
wbm-3-47175,mace,0.9662542173,-0.024430629621666592,mace,mpa
wbm-3-47241,mace,0.9986354724000001,-0.023122711646666853,mace,mpa
wbm-3-47298,mace,0.946331923,-0.017161402208750155,mace,mpa
wbm-3-49919,mace,1.0003510419,-0.035252331340833304,mace,mpa
wbm-3-4997,mace,0.9161087511,-0.05684604679833333,mace,mpa
wbm-3-50064,mace,1.0233388775,-0.010338059337499894,mace,mpa
wbm-3-50205,mace,0.9443448184000001,-0.04374897478399994,mace,mpa
wbm-3-50520,mace,0.9124964647,-0.061586842804444486,mace,mpa
wbm-3-50670,mace,0.933238851,-0.020362823439000123,mace,mpa
wbm-3-51459,mace,0.9267005402,-0.006884030899999989,mace,mpa
wbm-3-51587,mace,0.9061054024,-0.006886430332000373,mace,mpa
wbm-3-5184,mace,0.9694331458000001,-0.025175774196666723,mace,mpa
wbm-3-52355,mace,1.0052138086,-0.007924727849999987,mace,mpa
wbm-3-52431,mace,0.9702513952,-0.031647929057500065,mace,mpa
wbm-3-52542,mace,0.9286573055,-0.0029117119479164324,mace,mpa
wbm-3-52633,mace,1.0010154021,-0.03443491543250001,mace,mpa
wbm-3-5266,mace,0.970523487,-0.00239428682500004,mace,mpa
wbm-3-52816,mace,0.9692423545000001,-0.03856862949818197,mace,mpa
wbm-3-52847,mace,0.9850974723,-0.0016355449899999523,mace,mpa
wbm-3-53364,mace,0.9538002558,-0.026017648714999664,mace,mpa
wbm-3-53557,mace,1.106393471,-0.1227821236033331,mace,mpa
wbm-3-53750,mace,0.9829306883000001,0.000279624479999967,mace,mpa
wbm-3-54048,mace,0.929356512,-0.017498282235000176,mace,mpa
wbm-3-54295,mace,0.9210109769,-0.007598698101851917,mace,mpa
wbm-3-54341,mace,0.9115533492000001,-0.017034838200000024,mace,mpa
wbm-3-54781,mace,0.9416465537,-0.034499391778000044,mace,mpa
wbm-3-54884,mace,0.9939456524,0.0015479330890000398,mace,mpa
wbm-3-54941,mace,0.9253507948,-0.01586880225700014,mace,mpa
wbm-3-54994,mace,0.9056740229,-0.04466969838249994,mace,mpa
wbm-3-5506,mace,1.0180947529,-0.007190908958333253,mace,mpa
wbm-3-55447,mace,0.9681044648,0.003175794042222277,mace,mpa
wbm-3-55539,mace,0.9531625621,-0.011084197782999895,mace,mpa
wbm-3-55627,mace,0.9707875607,-0.016628824638961044,mace,mpa
wbm-3-56074,mace,0.9600803735000001,-0.020812147309090857,mace,mpa
wbm-3-56128,mace,1.0025175903,0.005501251680000152,mace,mpa
wbm-3-56146,mace,0.9666083945,0.006088616771666604,mace,mpa
wbm-3-56178,mace,0.9315454195,0.002219795612499986,mace,mpa
wbm-3-56716,mace,0.9764336295,-0.014353195730000106,mace,mpa
wbm-3-56851,mace,0.9586897758,0.00592355103300001,mace,mpa
wbm-3-56962,mace,0.990536642,0.015203436420000063,mace,mpa
wbm-3-57010,mace,0.9162006070000001,-0.004751720147222471,mace,mpa
wbm-3-57180,mace,1.0575112956,-0.013437841403999898,mace,mpa
wbm-3-57785,mace,0.6532124094,-0.11393140720000024,mace,mpa
wbm-3-58210,mace,0.9841344709000001,-0.01119228112222225,mace,mpa
wbm-3-58328,mace,0.9546732079,-0.025160199591999905,mace,mpa
wbm-3-58361,mace,0.9528021428000001,0.00241408349250003,mace,mpa
wbm-3-59267,mace,0.9946718378,-0.019307594730000075,mace,mpa
wbm-3-59295,mace,0.9876472674000001,-0.0891010413459999,mace,mpa
wbm-3-59449,mace,0.9588883650000001,0.012036183981666683,mace,mpa
wbm-3-59466,mace,1.0313501133,-0.03274861852037037,mace,mpa
wbm-3-595,mace,0.9345354570000001,-0.019318660529999997,mace,mpa
wbm-3-59933,mace,0.9390641522000001,-0.013280039539999974,mace,mpa
wbm-3-60022,mace,0.9648544716,-6.8071806666777e-05,mace,mpa
wbm-3-60241,mace,0.9835612125000001,-0.011669874944999981,mace,mpa
wbm-3-603,mace,1.0690451457,-0.030444451916666695,mace,mpa
wbm-3-60446,mace,0.9858506849,0.0016466142366666425,mace,mpa
wbm-3-61162,mace,0.9841205156,-0.02734995435833329,mace,mpa
wbm-3-61232,mace,0.9059289634000001,-0.008632306805000134,mace,mpa
wbm-3-61906,mace,1.0071853201,-0.003325221644999725,mace,mpa
wbm-3-62045,mace,1.006916199,-0.3079673727111112,mace,mpa
wbm-3-6216,mace,0.8918837522,-0.03960186332125,mace,mpa
wbm-3-62502,mace,1.1260710339,-0.28213222501428553,mace,mpa
wbm-3-62783,mace,0.9611681620000001,-0.020835539081250153,mace,mpa
wbm-3-62830,mace,0.9751368736,-0.051315023904545336,mace,mpa
wbm-3-63055,mace,0.9416506142000001,-0.001480923449999949,mace,mpa
wbm-3-63253,mace,0.9865286578,-0.025101700316666607,mace,mpa
wbm-3-63360,mace,0.9749309805,-0.016101247929629636,mace,mpa
wbm-3-63525,mace,0.8352860751000001,-0.005523519463999946,mace,mpa
wbm-3-64157,mace,1.0084641481,-0.006557173316666779,mace,mpa
wbm-3-64616,mace,0.9217797515,-0.030546333998750175,mace,mpa
wbm-3-65153,mace,0.8826461612000001,-0.0013017577987500585,mace,mpa
wbm-3-65435,mace,0.9456767261000001,0.02732412298055584,mace,mpa
wbm-3-65475,mace,0.8791795607,0.04803312073888893,mace,mpa
wbm-3-65984,mace,0.9687471109,-0.012676142306666568,mace,mpa
wbm-3-66716,mace,0.9922866067,-0.025198821373749868,mace,mpa
wbm-3-6686,mace,0.974837308,-0.05503207300333344,mace,mpa
wbm-3-66915,mace,0.9815812880000001,-0.010206138843999924,mace,mpa
wbm-3-67124,mace,0.9708200962,-0.02001947726666676,mace,mpa
wbm-3-67497,mace,0.9518928466000001,0.00881761819999971,mace,mpa
wbm-3-67713,mace,1.0244225346,-0.004778108800000069,mace,mpa
wbm-3-67920,mace,0.9399969609000001,-0.020726651282499908,mace,mpa
wbm-3-68136,mace,0.9581379957,-0.04237327298000002,mace,mpa
wbm-3-68514,mace,1.0204065256,-0.02515752251777804,mace,mpa
wbm-3-68711,mace,1.0056163546,-0.0380038332,mace,mpa
wbm-3-69146,mace,0.9814833901000001,-0.007740389548000123,mace,mpa
wbm-3-69202,mace,0.9822789406,-0.043307272746249834,mace,mpa
wbm-3-69261,mace,0.9175756875000001,-0.02122054992857118,mace,mpa
wbm-3-69323,mace,1.0183991942,-0.010364115664999988,mace,mpa
wbm-3-69961,mace,1.0081037735,-0.019673925792727556,mace,mpa
wbm-3-70170,mace,0.8849775736000001,-0.03658999003636348,mace,mpa
wbm-3-70189,mace,1.0028487406,-0.011169721442727171,mace,mpa
wbm-3-70249,mace,0.9476816942,-0.012089605044545237,mace,mpa
wbm-3-70474,mace,1.0457543364,0.01996254743333381,mace,mpa
wbm-3-712,mace,0.9806828718,-0.0038770421949997137,mace,mpa
wbm-3-71225,mace,0.993303456,-0.006447778076999882,mace,mpa
wbm-3-71404,mace,0.8713828843,-0.03549588790749984,mace,mpa
wbm-3-71848,mace,0.9630118345,-0.005711592084999851,mace,mpa
wbm-3-71989,mace,0.9793221272,-0.015681350529999704,mace,mpa
wbm-3-72169,mace,0.9705658734,-0.027008356869999604,mace,mpa
wbm-3-72274,mace,1.0138976729,-0.019341947307500006,mace,mpa
wbm-3-73083,mace,0.9591179443000001,-0.007909018422222613,mace,mpa
wbm-3-73636,mace,1.0067298825,-0.010648905826000074,mace,mpa
wbm-3-73935,mace,1.0150226301,-0.015683313420000067,mace,mpa
wbm-3-75010,mace,0.9243351863,0.007884025363332962,mace,mpa
wbm-3-75403,mace,0.8975343763,-0.055683057293749894,mace,mpa
wbm-3-75540,mace,0.9849713937000001,-0.02543909610185185,mace,mpa
wbm-3-75956,mace,0.8901174248,-0.06492405398888881,mace,mpa
wbm-3-75983,mace,0.9514267740000001,-0.012534111179999858,mace,mpa
wbm-3-76051,mace,0.9920374768,-0.01129809820749994,mace,mpa
wbm-3-76585,mace,1.0331371046,-0.058396218097222174,mace,mpa
wbm-3-76650,mace,1.0487006372,-0.006436846726000009,mace,mpa
wbm-3-76809,mace,1.0340780398,-0.004456512498000116,mace,mpa
wbm-3-76971,mace,1.015269343,-0.006146746376249857,mace,mpa
wbm-3-7741,mace,0.9850632796000001,-0.08892942345208314,mace,mpa
wbm-3-77528,mace,0.9813358085,-0.010921849814285674,mace,mpa
wbm-3-77731,mace,0.9847737763000001,-0.002085704833750057,mace,mpa
wbm-3-78067,mace,0.9939958314,-0.009647697726999952,mace,mpa
wbm-3-78151,mace,0.9765914198000001,-0.01737643247499996,mace,mpa
wbm-3-78206,mace,1.001401944,0.0020498211016667157,mace,mpa
wbm-3-78592,mace,1.0281175792,-0.0018546403566667518,mace,mpa
wbm-3-79099,mace,0.9606599625000001,-0.0017992435900000695,mace,mpa
wbm-3-7917,mace,0.9880237392000001,0.010091663907272681,mace,mpa
wbm-3-8541,mace,0.799081966,-0.0428097122454546,mace,mpa
wbm-3-8554,mace,0.9709029189,-0.025220104839090915,mace,mpa
wbm-3-9136,mace,0.9575770199,-0.0703533330612501,mace,mpa
wbm-3-9227,mace,1.0112810706,-0.049874291060000076,mace,mpa
wbm-3-924,mace,0.9795199027,0.006137179301388684,mace,mpa
wbm-3-9240,mace,0.8861151493,-0.025567253671666634,mace,mpa
wbm-3-9643,mace,0.9006011732,-0.09732811837083316,mace,mpa
wbm-3-9769,mace,1.0832244101,0.030026776139999923,mace,mpa
wbm-4-10054,mace,0.9953809441,-0.011366758967499946,mace,mpa
wbm-4-10294,mace,0.9381291028000001,-4.8772205833280684e-05,mace,mpa
wbm-4-10665,mace,0.9940120519000001,0.021969316676250017,mace,mpa
wbm-4-10830,mace,0.9748548763,0.006468612108749916,mace,mpa
wbm-4-11797,mace,0.9964542932,-0.04414923446875001,mace,mpa
wbm-4-12086,mace,0.974471996,-0.010591788330833296,mace,mpa
wbm-4-12502,mace,0.9662588747,-0.006884475655555239,mace,mpa
wbm-4-12573,mace,1.0223492586,0.010990797116666645,mace,mpa
wbm-4-12645,mace,1.0162151991,-0.009536222212499635,mace,mpa
wbm-4-12995,mace,1.0174483312,-0.004295476270000051,mace,mpa
wbm-4-13409,mace,1.0348797336,-0.02161507409857144,mace,mpa
wbm-4-13566,mace,1.0093976455,0.010833270697500019,mace,mpa
wbm-4-14124,mace,0.9684174737000001,-0.0007696237074999779,mace,mpa
wbm-4-14376,mace,1.0021204718,-0.0093213893444444,mace,mpa
wbm-4-14665,mace,1.0918505182,-0.00943830701749997,mace,mpa
wbm-4-14933,mace,0.9911520251,0.0017653728499999132,mace,mpa
wbm-4-15235,mace,0.9612275866000001,-0.02637552665333362,mace,mpa
wbm-4-15858,mace,0.9617476158,-0.00015586550749997484,mace,mpa
wbm-4-16373,mace,1.0044937813,-0.030751345112499884,mace,mpa
wbm-4-16740,mace,1.0113690488,0.0009924535683333365,mace,mpa
wbm-4-16765,mace,0.9721490607000001,-0.010278601052500136,mace,mpa
wbm-4-16869,mace,0.9443932907,-0.03783480434166637,mace,mpa
wbm-4-1702,mace,0.9881078565,0.004122731295833404,mace,mpa
wbm-4-1741,mace,1.1129742728,-0.054777268720000015,mace,mpa
wbm-4-17711,mace,0.9594548491,-0.013386488460000005,mace,mpa
wbm-4-17768,mace,0.9667090616,0.001177529371666767,mace,mpa
wbm-4-18135,mace,0.9815619897000001,-0.0220758015999999,mace,mpa
wbm-4-18169,mace,0.9658587098,0.0018495264916665495,mace,mpa
wbm-4-18357,mace,1.009173107,-0.02434296351666667,mace,mpa
wbm-4-18483,mace,1.0052674272,0.00035634648100000275,mace,mpa
wbm-4-18752,mace,1.0157475284,-0.0018762597875000785,mace,mpa
wbm-4-18898,mace,0.9771810365,-0.01305284721700005,mace,mpa
wbm-4-19359,mace,0.9749353189000001,-0.006000722760000027,mace,mpa
wbm-4-19479,mace,1.0354527517,-0.014497928451428572,mace,mpa
wbm-4-19743,mace,1.0052998772,-0.013448229113333335,mace,mpa
wbm-4-19788,mace,1.0124005709,-0.004979418987777764,mace,mpa
wbm-4-19793,mace,0.9888683368000001,0.0009667045639999473,mace,mpa
wbm-4-20225,mace,1.0150130542,-0.010951584603333231,mace,mpa
wbm-4-20419,mace,0.9150386498,-0.03156898642666673,mace,mpa
wbm-4-20511,mace,0.8325593405,-0.06544146724166684,mace,mpa
wbm-4-2067,mace,1.0322096531,-0.02170079715333344,mace,mpa
wbm-4-20703,mace,0.9475865381,-0.03203599195200013,mace,mpa
wbm-4-20837,mace,1.0720254291,-0.086537365971875,mace,mpa
wbm-4-21132,mace,0.9518153919000001,-0.012612417802500175,mace,mpa
wbm-4-21175,mace,1.0132548949,-0.0006378295312499856,mace,mpa
wbm-4-21368,mace,0.9326821162000001,0.0062940864799998055,mace,mpa
wbm-4-21376,mace,0.9562995705,-0.011276586510000186,mace,mpa
wbm-4-21871,mace,0.9969913799000001,-0.02427294750111118,mace,mpa
wbm-4-21957,mace,0.9156690414,-0.03460610267499984,mace,mpa
wbm-4-22087,mace,0.9323912774,0.005503866438000103,mace,mpa
wbm-4-22178,mace,0.9691334542000001,-0.06766528132299995,mace,mpa
wbm-4-22240,mace,1.0721180557,-0.07501932659499992,mace,mpa
wbm-4-22865,mace,1.0620914786,-0.0020925557929999173,mace,mpa
wbm-4-23032,mace,0.9955948274,-0.0016584504566665122,mace,mpa
wbm-4-23297,mace,0.9791877653000001,-0.009575357626666598,mace,mpa
wbm-4-23326,mace,0.9989142073,-0.009954688586666786,mace,mpa
wbm-4-23428,mace,0.9929572297,0.021059266700000023,mace,mpa
wbm-4-23579,mace,0.9230331125000001,0.007006484493333194,mace,mpa
wbm-4-24423,mace,0.9995616435,-0.012689409822499886,mace,mpa
wbm-4-24471,mace,0.9783544269000001,-0.0005439352641666654,mace,mpa
wbm-4-245,mace,0.9976724424000001,0.010862135120000005,mace,mpa
wbm-4-2486,mace,1.0047414707,0.00397532850750002,mace,mpa
wbm-4-24976,mace,0.9621988851000001,0.005809362928571561,mace,mpa
wbm-4-25275,mace,0.9888071619000001,-0.013497552261666476,mace,mpa
wbm-4-25460,mace,0.9565167743,-0.0024245666541670373,mace,mpa
wbm-4-2551,mace,0.9858484080000001,-0.030021529944999868,mace,mpa
wbm-4-25775,mace,1.0046987993,0.014960118064545403,mace,mpa
wbm-4-26367,mace,0.9733106440000001,-0.01170579982700005,mace,mpa
wbm-4-26686,mace,0.9595034869,-0.00043320189333321147,mace,mpa
wbm-4-26775,mace,0.9926441235000001,0.0021409744222223043,mace,mpa
wbm-4-26883,mace,0.9580885595,-0.007841504792999957,mace,mpa
wbm-4-26915,mace,0.8078315650000001,-0.04367626634222212,mace,mpa
wbm-4-27182,mace,1.023944701,0.018792246620000126,mace,mpa
wbm-4-27263,mace,0.8599100385,-0.026213359402999858,mace,mpa
wbm-4-27275,mace,1.020382606,0.0010315558544445953,mace,mpa
wbm-4-27736,mace,0.9741807731000001,0.011842576228999917,mace,mpa
wbm-4-27942,mace,0.8337466452000001,-0.08889166495100013,mace,mpa
wbm-4-27954,mace,0.9209182742,-0.02568977252900012,mace,mpa
wbm-4-28454,mace,1.0047814633,-0.03955217447599999,mace,mpa
wbm-4-28465,mace,0.7492911311,-0.08765135756600018,mace,mpa
wbm-4-28726,mace,0.9233566418,0.013816898836666642,mace,mpa
wbm-4-28844,mace,0.9695144372000001,-0.018362913362000126,mace,mpa
wbm-4-29036,mace,0.9343177488000001,-0.0041137342349999,mace,mpa
wbm-4-29107,mace,0.9519974027,0.002158427041666518,mace,mpa
wbm-4-29225,mace,0.9189049303,0.031428956274999705,mace,mpa
wbm-4-29341,mace,0.9451042788,-0.02348952832333341,mace,mpa
wbm-4-29856,mace,0.9700646949,-0.009607044705000067,mace,mpa
wbm-4-30094,mace,0.9955267485,-0.013854966905000144,mace,mpa
wbm-4-3031,mace,0.9583496508,-0.005559159917500149,mace,mpa
wbm-4-3082,mace,0.9962780753,-0.03709586873250013,mace,mpa
wbm-4-30986,mace,0.9338459795,0.01436041436599993,mace,mpa
wbm-4-31067,mace,0.9498064690000001,0.035640156491249984,mace,mpa
wbm-4-31477,mace,1.029290231,-0.001178632994999873,mace,mpa
wbm-4-31779,mace,0.9688339648000001,-0.017859351470000017,mace,mpa
wbm-4-32151,mace,1.0001405996,-0.006247731601111263,mace,mpa
wbm-4-3228,mace,0.9649538237,-0.007184279181818325,mace,mpa
wbm-4-32502,mace,0.9956853781,-0.003038426544999832,mace,mpa
wbm-4-32615,mace,1.0169472607,-0.03599146962833331,mace,mpa
wbm-4-32624,mace,0.9440474131000001,-0.015203737577499998,mace,mpa
wbm-4-33071,mace,0.8875212023,-0.018084228181818155,mace,mpa
wbm-4-33100,mace,0.9766294122,0.003977993179999899,mace,mpa
wbm-4-33257,mace,0.9253433981,-0.009528763313999917,mace,mpa
wbm-4-33273,mace,1.0036776813,-0.04473687864074094,mace,mpa
wbm-4-33725,mace,1.0154440498,-0.005109453110000098,mace,mpa
wbm-4-33762,mace,0.9780613434000001,-0.01297041946499995,mace,mpa
wbm-4-33836,mace,0.9534264546000001,0.014216918699999947,mace,mpa
wbm-4-34209,mace,0.9842807963,0.0018404537024998113,mace,mpa
wbm-4-34327,mace,1.0116707048,-0.012805021947500083,mace,mpa
wbm-4-34644,mace,0.8983802740000001,-0.003730259709999899,mace,mpa
wbm-4-35087,mace,1.0370950344,-0.0076826649544444415,mace,mpa
wbm-4-35344,mace,0.9529783641,-0.10371318178800011,mace,mpa
wbm-4-35488,mace,1.0114678043,0.001222003208888762,mace,mpa
wbm-4-35828,mace,0.9710110511000001,-0.022350958612500006,mace,mpa
wbm-4-36211,mace,1.0992665082,-0.029088314627500056,mace,mpa
wbm-4-36238,mace,1.0279822908,0.005201448637999988,mace,mpa
wbm-4-36284,mace,0.9681428769,-0.023077715047499937,mace,mpa
wbm-4-3650,mace,0.8638975634,-0.04244829678500004,mace,mpa
wbm-4-36563,mace,0.9707592594000001,0.004866645072499942,mace,mpa
wbm-4-36886,mace,0.9691616264,-0.009332013820000071,mace,mpa
wbm-4-38132,mace,1.0154523282,0.013761552005000037,mace,mpa
wbm-4-38261,mace,0.8980493406000001,-0.0806930953474998,mace,mpa
wbm-4-38287,mace,0.97715068,-0.040540546779629656,mace,mpa
wbm-4-38623,mace,0.9865105930000001,-0.011439003473333405,mace,mpa
wbm-4-3874,mace,0.9726999771,-0.02607984099100008,mace,mpa
wbm-4-38916,mace,1.1126430869,-0.33075501944166713,mace,mpa
wbm-4-390,mace,0.9818784288,-0.011765403274166591,mace,mpa
wbm-4-39018,mace,1.0278766875,0.004050094031250007,mace,mpa
wbm-4-39340,mace,1.0403020585,-0.01459303803600008,mace,mpa
wbm-4-39520,mace,1.0233534818,-0.008924456076666587,mace,mpa
wbm-4-39553,mace,0.9989090482,-0.022120168809259155,mace,mpa
wbm-4-39788,mace,1.0247965589,0.0018754391033332614,mace,mpa
wbm-4-39799,mace,0.9852988869,-0.018405963545000147,mace,mpa
wbm-4-39958,mace,0.9735953918,-0.0012387415633331974,mace,mpa
wbm-4-4154,mace,1.0125382596,-0.012532545303333364,mace,mpa
wbm-4-419,mace,0.9983536975,-0.01293409077500005,mace,mpa
wbm-4-4316,mace,0.9984057305,-0.02125320602833322,mace,mpa
wbm-4-4524,mace,0.945551762,-0.016001646833333272,mace,mpa
wbm-4-4590,mace,0.9858452152,0.019515910893333436,mace,mpa
wbm-4-4672,mace,1.1035862274000001,0.0170592732874999,mace,mpa
wbm-4-5750,mace,0.9834291951,-0.018244701095833152,mace,mpa
wbm-4-6051,mace,1.0762412025,-0.014677471932499974,mace,mpa
wbm-4-6066,mace,1.0516952383,-0.0017542060675000304,mace,mpa
wbm-4-6167,mace,0.9628830244000001,0.008639367501249984,mace,mpa
wbm-4-6225,mace,0.9681866710000001,-0.015916703623611344,mace,mpa
wbm-4-631,mace,0.9655140095,0.010891310162500023,mace,mpa
wbm-4-6515,mace,0.9528672554000001,-0.007250267654000027,mace,mpa
wbm-4-671,mace,1.053129861,0.007507473635000039,mace,mpa
wbm-4-6758,mace,0.9043431721,-0.040085075853333645,mace,mpa
wbm-4-7429,mace,1.0359660794,-0.004062696503333522,mace,mpa
wbm-4-7784,mace,1.0221477355,-0.019853452718888793,mace,mpa
wbm-4-7967,mace,0.9372206745,-0.026261591141666745,mace,mpa
wbm-4-8012,mace,0.9901128606,-0.015188996123749998,mace,mpa
wbm-4-8174,mace,0.9668871195000001,-0.017733004320833246,mace,mpa
wbm-4-8734,mace,0.95203028,-0.07151405936399968,mace,mpa
wbm-4-9164,mace,0.9411962637,-0.02469312257800013,mace,mpa
wbm-4-9438,mace,0.9900696511,-0.02664089262333332,mace,mpa
wbm-4-9479,mace,0.9901542291000001,-0.009813331748333277,mace,mpa
wbm-4-9486,mace,1.0598882454,0.018943696044166694,mace,mpa
wbm-4-9845,mace,0.96660811,-0.0031824911375000656,mace,mpa
wbm-5-10161,mace,0.9032433623,0.05225913658055534,mace,mpa
wbm-5-10176,mace,0.9075365234,-0.01704699988333343,mace,mpa
wbm-5-10611,mace,0.9964319325000001,-0.01932892679111112,mace,mpa
wbm-5-10798,mace,1.0044566001,0.027000111027999978,mace,mpa
wbm-5-10867,mace,0.9753073462,0.006257239092500111,mace,mpa
wbm-5-10869,mace,0.9510109675,-0.026985835482499977,mace,mpa
wbm-5-1132,mace,0.9965923198000001,-0.008159578110000166,mace,mpa
wbm-5-1146,mace,1.0333447126,-0.0387415101828573,mace,mpa
wbm-5-11469,mace,0.9656353574000001,-0.02527892518833331,mace,mpa
wbm-5-11500,mace,0.9393230359,-0.004184525031666672,mace,mpa
wbm-5-11734,mace,0.9938984783,-0.0017031082525000851,mace,mpa
wbm-5-1206,mace,0.8813776259,-0.004608600158333391,mace,mpa
wbm-5-12443,mace,0.8932955456,0.0028152131575000182,mace,mpa
wbm-5-12452,mace,1.0075064435,0.0044589441024999845,mace,mpa
wbm-5-12772,mace,0.724371985,-0.19568930556428552,mace,mpa
wbm-5-12958,mace,0.8538431841,-0.06633067578799988,mace,mpa
wbm-5-12975,mace,1.0096531511,-0.033870291615624826,mace,mpa
wbm-5-13145,mace,1.0387023986,-0.004129960712499959,mace,mpa
wbm-5-13166,mace,1.0923810904,-0.07528947217000007,mace,mpa
wbm-5-13349,mace,0.8162319212,-0.04880991964777763,mace,mpa
wbm-5-13801,mace,0.9575552498000001,-0.05739418713199982,mace,mpa
wbm-5-13950,mace,0.9556969883,-0.034604277158749676,mace,mpa
wbm-5-14458,mace,0.9669017941,-0.006019698853749977,mace,mpa
wbm-5-14813,mace,1.0153320743,-0.0022856389437499124,mace,mpa
wbm-5-15005,mace,0.982986534,-0.009913927837500136,mace,mpa
wbm-5-15388,mace,0.9135404419,-0.00730587053703706,mace,mpa
wbm-5-15524,mace,0.9137182791,0.017671457789999876,mace,mpa
wbm-5-16875,mace,0.9664715722,-0.002271273644999905,mace,mpa
wbm-5-16887,mace,1.0147603141,-0.011126130142499946,mace,mpa
wbm-5-17752,mace,1.0040743357,-0.006419505647500046,mace,mpa
wbm-5-17774,mace,1.0720130017,-0.09045495524999995,mace,mpa
wbm-5-1781,mace,1.0226807208,-0.013034159285000024,mace,mpa
wbm-5-18074,mace,0.9466039182,0.04914442350999991,mace,mpa
wbm-5-18353,mace,0.9439223129000001,-0.005571460911666648,mace,mpa
wbm-5-18394,mace,0.9340557135,0.008197488253333222,mace,mpa
wbm-5-18629,mace,0.9739102723,0.010077019381999933,mace,mpa
wbm-5-1864,mace,0.9504165122,-0.03695057454000024,mace,mpa
wbm-5-18736,mace,0.9936048092,-0.03485100850374998,mace,mpa
wbm-5-19472,mace,0.9921842181,-0.006166442773750003,mace,mpa
wbm-5-19507,mace,0.9168099842,-0.035972140302500136,mace,mpa
wbm-5-19558,mace,0.9719768527,-0.037583647242500004,mace,mpa
wbm-5-20261,mace,0.9550869070000001,-0.006317675553333224,mace,mpa
wbm-5-20528,mace,0.9628166494,-0.005631766503333443,mace,mpa
wbm-5-20727,mace,0.8947711597,-0.012350907326666771,mace,mpa
wbm-5-21007,mace,0.9884196242000001,-0.018089848737777733,mace,mpa
wbm-5-21081,mace,1.0608149558,0.004152994265000131,mace,mpa
wbm-5-21165,mace,0.9702659103000001,0.010372311562500246,mace,mpa
wbm-5-21710,mace,0.9775934721,0.003110691103749996,mace,mpa
wbm-5-21754,mace,0.971384377,-0.018987870435000016,mace,mpa
wbm-5-21768,mace,1.1773298481,0.0288171024475,mace,mpa
wbm-5-21918,mace,0.9979209141000001,-0.0026563742488888388,mace,mpa
wbm-5-22235,mace,0.9434996953,-0.006613692006666759,mace,mpa
wbm-5-22562,mace,0.9619549873000001,-0.010649840289999801,mace,mpa
wbm-5-22642,mace,0.9429976834,-0.02255705811666653,mace,mpa
wbm-5-22788,mace,0.9609279020000001,-0.036784700484999974,mace,mpa
wbm-5-22853,mace,1.0023551291,-0.007446191435555643,mace,mpa
wbm-5-22992,mace,1.0395018799,0.009895361380555516,mace,mpa
wbm-5-23199,mace,0.9637119736,-0.022134338993333575,mace,mpa
wbm-5-2663,mace,0.9443709922,-0.09128434291750027,mace,mpa
wbm-5-2813,mace,1.0152382652,-0.007819631828888953,mace,mpa
wbm-5-2829,mace,0.9588600165000001,-0.12074939266750002,mace,mpa
wbm-5-2847,mace,0.9153284977,-0.11252767973125,mace,mpa
wbm-5-3057,mace,1.0208920533,0.01120928605312499,mace,mpa
wbm-5-3160,mace,0.9715501684000001,-0.03984229866250004,mace,mpa
wbm-5-3442,mace,0.9450755983,-0.03291611829142858,mace,mpa
wbm-5-3649,mace,0.9893789407,0.008445580925000052,mace,mpa
wbm-5-4145,mace,1.0354352784,0.007173251148749849,mace,mpa
wbm-5-4303,mace,1.0407719183,0.004443796366666734,mace,mpa
wbm-5-4413,mace,0.9628252148,-0.02240796492777787,mace,mpa
wbm-5-451,mace,0.8926983375,-0.001399624324444362,mace,mpa
wbm-5-4759,mace,0.887397163,0.08920863978666667,mace,mpa
wbm-5-5360,mace,1.0416926484,-0.007766454938271643,mace,mpa
wbm-5-5480,mace,1.0125212275,-0.013396653622499954,mace,mpa
wbm-5-5723,mace,0.9817125809,-0.007151880137777846,mace,mpa
wbm-5-6005,mace,0.9720066626,-0.03428057683888899,mace,mpa
wbm-5-6149,mace,1.0439236789,0.006236556276249772,mace,mpa
wbm-5-6668,mace,0.9575447242,0.01911165245749995,mace,mpa
wbm-5-6682,mace,1.0074356834,-0.03218256086111116,mace,mpa
wbm-5-6789,mace,0.9664764184,0.008290392495000187,mace,mpa
wbm-5-6846,mace,0.9699806493,-0.03321261122083335,mace,mpa
wbm-5-695,mace,0.9872875168,0.006265725398888833,mace,mpa
wbm-5-722,mace,0.9775178434,-0.027045181562222118,mace,mpa
wbm-5-7334,mace,0.9879427884,0.010165270154999935,mace,mpa
wbm-5-7532,mace,1.0435720393,-0.017375538607499852,mace,mpa
wbm-5-7573,mace,0.9682478017,0.006991397662500098,mace,mpa
wbm-5-760,mace,0.994058105,-0.004930280407777745,mace,mpa
wbm-5-7725,mace,1.0033926812,0.004808773292222352,mace,mpa
wbm-5-8226,mace,0.9608105814000001,-0.004196082505555488,mace,mpa
wbm-5-8567,mace,1.0142014897,-0.029215642972222136,mace,mpa
wbm-5-8771,mace,0.9648027667,0.0038502227224999075,mace,mpa
wbm-5-9104,mace,1.0306724025,0.02207158078928576,mace,mpa
wbm-5-9173,mace,1.0159782249,0.007306922007499939,mace,mpa
wbm-5-9195,mace,1.0177542361,0.013906328204999863,mace,mpa
wbm-5-9807,mace,0.9545350627,-0.05430919729999999,mace,mpa
wbm-5-9851,mace,1.0086220764,-0.013302597194642931,mace,mpa
