_dir,name,dopant,cation_site,anion_site,concentration,charge_compensation,n_fu_actual,screen_de_per_atom,screen_dV_over_V0,screen_converged,tier2_li_li_disorder_std,tier2_li_li_disorder_mean,tier2_dopant_blocking_fraction,tier2_lattice_angle_dev_deg,tier2_lattice_aspect_ratio,bvs_li_mean,bvs_li_std,bvs_li_proxy_score,migration_volume_fraction,li_mobility_score,anneal_delta_E_meV,anneal_E_post_per_atom,anneal_dV_pct,anneal_converged,eos_B0_GPa,eos_V0_per_atom,eos_Bp,eos_r2,eos_fit_quality_ok,eos_fit_quality_reason,elastic_B_hill_GPa,elastic_G_hill_GPa,elastic_E_young_GPa,elastic_pugh_GoverB,elastic_poisson_nu,sigma_300K_S_cm_NE,sigma_md_Ea_eV,sigma_md_D_300K_cm2s,sigma_md_fit_R2,sigma_md_n_T_points,wad_J_m2_mean,wad_J_m2_std,wad_n_seeds,wad_n_lbfgs_ok,wad_ncm_nx,wad_area_mismatch_pct,sigma_md_sanity_warnings_count,wad_lbfgs_ok_fraction,wad_area_mismatch_severity,rerank_de_pre_anneal,rerank_de_post_anneal,rerank_delta_E_anneal_meV,combined_score,rank_combined,composition_Ag,composition_Cl,composition_Li,composition_O,composition_P,composition_S,composition_Al,composition_F,composition_B,composition_Ba,composition_Ca,composition_Co,composition_Cr,composition_Cu,composition_Fe,composition_Ga,composition_Gd,composition_Ge,composition_Hf,composition_In,composition_La,composition_Mg,composition_Mn,composition_Mo,composition_Na,composition_Nb,composition_Nd,composition_Ni,composition_Sb,composition_Sc,composition_Si,composition_Sm,composition_Sn,composition_Sr,composition_Ta,composition_Ti,composition_V,composition_W,composition_Y,composition_Zn,composition_Zr
Ag2O_x002,Ag2O_x020_cLi24gaS16e_s00,Ag2O,Li_24g,S_16e,0.25,compound_set,4,-0.4394525130650675,-0.16839123893836364,True,0.1671971944393922,2.996143622606858,0.6363636363636364,1.0654463223204473,1.0253014186490306,0.9946222840614442,0.07572438332535363,0.9193051249592367,0.1216,,-801.7044395414251,-4.196411058754916,-7.970443970930654,True,26.462276514687904,18.97191390339381,3.039501281216916,0.9992674991956622,True,OK,30.07619434452657,19.61968063199342,48.34639867551058,0.6523325526909263,0.23208933882117017,,,,,,,,,,,,0,,,-0.4394525130650675,-0.5066297773077486,-801.704439541425,0.85,1,2,4,22,1,4,19,,,,,,,,,,,,,,,,,,,,,,,,,,,,,,,,,,,
Ag2O_x002,Ag2O_x020_cLi24gaS16e_s01,Ag2O,Li_24g,S_16e,0.25,compound_set,4,-0.4273759351336692,-0.07482500616569157,True,0.19515667846046061,3.0510953431885426,0.45454545454545453,0.6083479871499363,1.057263546529341,,,,,,,,,,,,,,,,,,,,,,,,,,,,,,,,0,,,,,,0.34712906908380425,10,2,4,22,1,4,19,,,,,,,,,,,,,,,,,,,,,,,,,,,,,,,,,,,
Ag2O_x002,Ag2O_x020_cLi24gaS16e_s02,Ag2O,Li_24g,S_16e,0.25,compound_set,4,-0.4232568938182646,-0.0442613776244965,True,0.3025953593259647,3.037050060506198,0.5454545454545454,2.152595251209819,1.05345820156434,,,,,,,,,,,,,,,,,,,,,,,,,,,,,,,,0,,,,,,0.33658530586406077,11,2,4,22,1,4,19,,,,,,,,,,,,,,,,,,,,,,,,,,,,,,,,,,,
Ag2O_x002,Ag2O_x020_cLi24gaS16e_s03,Ag2O,Li_24g,S_16e,0.25,compound_set,4,-0.43528281964980975,-0.10495381306731122,True,0.20243962593504675,2.9859576256409683,0.5,1.1396020079956588,1.1027503601673956,,,,,,,,,,,,,,,,,,,,,,,,,,,,,,,,0,,,,,,0.36736880735306016,5,2,4,22,1,4,19,,,,,,,,,,,,,,,,,,,,,,,,,,,,,,,,,,,
Ag2O_x002,Ag2O_x020_cLi24gaS16e_s04,Ag2O,Li_24g,S_16e,0.25,compound_set,4,-0.4323430479245167,-0.1338819499967968,True,0.16935023104604538,2.968407085004995,0.4090909090909091,0.7786138853456686,1.046210913544947,,,,,,,,,,,,,,,,,,,,,,,,,,,,,,,,0,,,,,,0.3598436929834459,7,2,4,22,1,4,19,,,,,,,,,,,,,,,,,,,,,,,,,,,,,,,,,,,
Ag2O_x002,Ag2O_x020_cLi24gaS4a_s00,Ag2O,Li_24g,S_4a,0.25,compound_set,4,-0.36221996922592803,-0.12357719254843659,True,0.20981278978554227,3.0847340919044695,0.6363636363636364,1.2677856545297292,1.0375514540767603,,,,,,,,,,,,,,,,,,,,,,,,,,,,,,,,0,,,,,,0.18034533853085807,17,2,4,22,1,4,19,,,,,,,,,,,,,,,,,,,,,,,,,,,,,,,,,,,
Ag2O_x002,Ag2O_x020_cLi24gaS4a_s01,Ag2O,Li_24g,S_4a,0.25,compound_set,4,-0.4114860485431886,-0.050963190867762714,True,0.33467448352916834,3.174453859948618,0.45454545454545453,1.1746136494477686,1.1429177741151189,,,,,,,,,,,,,,,,,,,,,,,,,,,,,,,,0,,,,,,0.3064547497532282,13,2,4,22,1,4,19,,,,,,,,,,,,,,,,,,,,,,,,,,,,,,,,,,,
Ag2O_x002,Ag2O_x020_cLi24gaS4a_s02,Ag2O,Li_24g,S_4a,0.25,compound_set,4,-0.3503652167496498,-0.10974607673350566,True,0.25912668398163063,3.0318691401384537,0.5454545454545454,1.5957631865822846,1.1076802589961985,,,,,,,,,,,,,,,,,,,,,,,,,,,,,,,,0,,,,,,0.15,20,2,4,22,1,4,19,,,,,,,,,,,,,,,,,,,,,,,,,,,,,,,,,,,
Ag2O_x002,Ag2O_x020_cLi24gaS4a_s03,Ag2O,Li_24g,S_4a,0.25,compound_set,4,-0.41153563451268793,-0.05088863748455131,True,0.3349286471130356,3.1750243038252166,0.45454545454545453,1.171474151995566,1.1430374048185366,0.9934602191712714,0.09413124680004165,0.8999445700944368,0.147584,,-768.5831715497096,-4.130199722070123,-4.182855853718996,True,21.76846541227827,19.772230767856335,6.619148673636386,0.998735370344362,True,OK,27.678530750091383,17.110392289311296,42.56101422067169,0.6181828234959619,0.2437182473969097,,,,,,,,,,,,0,,,-0.41153563451268793,-0.44041844062295565,-768.5831715497092,0.38051477200378847,4,2,4,22,1,4,19,,,,,,,,,,,,,,,,,,,,,,,,,,,,,,,,,,,
Ag2O_x002,Ag2O_x020_cLi24gaS4a_s04,Ag2O,Li_24g,S_4a,0.25,compound_set,4,-0.3960893587684553,-0.16305826019081535,True,0.17657861966476615,2.9554819272302635,0.22727272727272727,2.120158879623699,1.0744727956141427,,,,,,,,,,,,,,,,,,,,,,,,,,,,,,,,0,,,,,,0.26704289662480535,16,2,4,22,1,4,19,,,,,,,,,,,,,,,,,,,,,,,,,,,,,,,,,,,
Ag2O_x002,Ag2O_x020_cLi48haS16e_s00,Ag2O,Li_48h,S_16e,0.25,compound_set,4,-0.439452254637025,-0.16839124667627142,True,0.16719477791699175,2.99614295049405,0.6363636363636364,1.0654471003947747,1.0253006902815764,0.9792716669663178,0.10821578199511009,0.8732990177399028,0.148288,,-748.3339642348055,-4.143040587118281,-0.28284403204327235,True,21.275662399004883,20.705186637759855,3.2862623098934,0.9999276629513386,True,OK,23.22078798325792,17.915960345323835,42.752638628261366,0.7715483366990457,0.1931439287713103,,,,,,,,,,,,0,,,-0.439452254637025,-0.45325930567111383,-748.3339642348054,0.4233209703533545,2,2,4,22,1,4,19,,,,,,,,,,,,,,,,,,,,,,,,,,,,,,,,,,,
Ag2O_x002,Ag2O_x020_cLi48haS16e_s01,Ag2O,Li_48h,S_16e,0.25,compound_set,4,-0.4273803703603165,-0.07482691531172507,True,0.19514663372396954,3.0511160275378684,0.45454545454545453,0.6083069238154514,1.0572804870864836,,,,,,,,,,,,,,,,,,,,,,,,,,,,,,,,0,,,,,,0.34714042220605135,9,2,4,22,1,4,19,,,,,,,,,,,,,,,,,,,,,,,,,,,,,,,,,,,
Ag2O_x002,Ag2O_x020_cLi48haS16e_s02,Ag2O,Li_48h,S_16e,0.25,compound_set,4,-0.4232528988877555,-0.04428729421175234,True,0.3025928670120317,3.037036527983881,0.5454545454545454,2.151782723090526,1.0534695097900222,,,,,,,,,,,,,,,,,,,,,,,,,,,,,,,,0,,,,,,0.3365750797949001,12,2,4,22,1,4,19,,,,,,,,,,,,,,,,,,,,,,,,,,,,,,,,,,,
Ag2O_x002,Ag2O_x020_cLi48haS16e_s03,Ag2O,Li_48h,S_16e,0.25,compound_set,4,-0.43528217383456935,-0.1049520636317949,True,0.20243521209637913,2.985963356708264,0.5,1.1396546963485505,1.102750957184985,,,,,,,,,,,,,,,,,,,,,,,,,,,,,,,,0,,,,,,0.36736715422009614,6,2,4,22,1,4,19,,,,,,,,,,,,,,,,,,,,,,,,,,,,,,,,,,,
Ag2O_x002,Ag2O_x020_cLi48haS16e_s04,Ag2O,Li_48h,S_16e,0.25,compound_set,4,-0.43230247105215325,-0.1334876475533964,True,0.16945713991247371,2.968919477007081,0.4090909090909091,0.768616979699062,1.0460264499701943,,,,,,,,,,,,,,,,,,,,,,,,,,,,,,,,0,,,,,,0.3597398258693195,8,2,4,22,1,4,19,,,,,,,,,,,,,,,,,,,,,,,,,,,,,,,,,,,
Ag2O_x002,Ag2O_x020_cLi48haS4a_s00,Ag2O,Li_48h,S_4a,0.25,compound_set,4,-0.36221992059863917,-0.12357566163772571,True,0.20981295676883174,3.0847317402012053,0.6363636363636364,1.2678001123259377,1.0375518507038284,,,,,,,,,,,,,,,,,,,,,,,,,,,,,,,,0,,,,,,0.18034521405659806,18,2,4,22,1,4,19,,,,,,,,,,,,,,,,,,,,,,,,,,,,,,,,,,,
Ag2O_x002,Ag2O_x020_cLi48haS4a_s01,Ag2O,Li_48h,S_4a,0.25,compound_set,4,-0.4113910832214196,-0.05092109403470101,True,0.33499748012984043,3.1773986028132244,0.45454545454545453,1.1676143113126312,1.1419251898518232,,,,,,,,,,,,,,,,,,,,,,,,,,,,,,,,0,,,,,,0.3062116611823332,14,2,4,22,1,4,19,,,,,,,,,,,,,,,,,,,,,,,,,,,,,,,,,,,
Ag2O_x002,Ag2O_x020_cLi48haS4a_s02,Ag2O,Li_48h,S_4a,0.25,compound_set,4,-0.3509945976499247,-0.11167886923296423,True,0.256293182852953,3.029981867379042,0.5454545454545454,1.6327375869645722,1.1095545208043756,,,,,,,,,,,,,,,,,,,,,,,,,,,,,,,,0,,,,,,0.1516110649734707,19,2,4,22,1,4,19,,,,,,,,,,,,,,,,,,,,,,,,,,,,,,,,,,,
Ag2O_x002,Ag2O_x020_cLi48haS4a_s03,Ag2O,Li_48h,S_4a,0.25,compound_set,4,-0.41145138656366376,-0.05087277319699234,True,0.3342311839506452,3.1739713317577736,0.45454545454545453,1.1688664301700824,1.1422926797476676,0.9635347905919701,0.09128087998677173,0.8755824870088653,0.147712,,-762.0705850645274,-4.123687166575918,-3.0665629242296335,True,21.13682178478603,20.057531383075077,2.9561895839248016,0.9998258077709753,True,OK,21.894172212663598,18.558563379847172,43.41016809314062,0.8476485522989031,0.1695454870251412,,,,,,,,,,,,0,,,-0.41145138656366376,-0.4339058851287505,-762.0705850645279,0.40787689443320874,3,2,4,22,1,4,19,,,,,,,,,,,,,,,,,,,,,,,,,,,,,,,,,,,
Ag2O_x002,Ag2O_x020_cLi48haS4a_s04,Ag2O,Li_48h,S_4a,0.25,compound_set,4,-0.39609052765836283,-0.163058228178956,True,0.17656878387244962,2.9554734079330287,0.22727272727272727,2.1202056877633986,1.0744735876441123,,,,,,,,,,,,,,,,,,,,,,,,,,,,,,,,0,,,,,,0.26704588870414403,15,2,4,22,1,4,19,,,,,,,,,,,,,,,,,,,,,,,,,,,,,,,,,,,
Ag2O_x005,Ag2O_x050_cLi24gaS16e_s00,Ag2O,Li_24g,S_16e,0.25,compound_set,4,-0.4394533178110054,-0.16839287718772894,True,0.16720473494598645,2.996141575952824,0.6363636363636364,1.0655195467632834,1.025301478921441,0.9814017190263801,0.12247712742898373,0.8612024556261624,0.139648,,-794.0631157817846,-4.188769728470859,-3.691172923575033,True,18.452982305709142,19.60671146330303,6.025314372397666,0.9998920048844976,True,OK,25.582795038892442,15.47732662252001,38.6397611403928,0.6049896658668642,0.24826987511430756,,,,,,,,,,,,0,,,-0.4394533178110054,-0.49898840685775614,-794.0631157817845,0.55,3,2,4,22,1,4,19,,,,,,,,,,,,,,,,,,,,,,,,,,,,,,,,,,,
Ag2O_x005,Ag2O_x050_cLi24gaS16e_s01,Ag2O,Li_24g,S_16e,0.25,compound_set,4,-0.42737434348199344,-0.07482426850399847,True,0.19516046294247286,3.051087581264666,0.45454545454545453,0.6083580181895835,1.0572575013119212,,,,,,,,,,,,,,,,,,,,,,,,,,,,,,,,0,,,,,,0.3564316428831785,10,2,4,22,1,4,19,,,,,,,,,,,,,,,,,,,,,,,,,,,,,,,,,,,
Ag2O_x005,Ag2O_x050_cLi24gaS16e_s02,Ag2O,Li_24g,S_16e,0.25,compound_set,4,-0.42325876902717763,-0.04425103796092606,True,0.3025890103657179,3.037070165884323,0.5454545454545454,2.152823103039326,1.0534608240674372,,,,,,,,,,,,,,,,,,,,,,,,,,,,,,,,0,,,,,,0.3453075012235911,11,2,4,22,1,4,19,,,,,,,,,,,,,,,,,,,,,,,,,,,,,,,,,,,
Ag2O_x005,Ag2O_x050_cLi24gaS16e_s03,Ag2O,Li_24g,S_16e,0.25,compound_set,4,-0.43528260566935284,-0.10495338629783596,True,0.2024387202444169,2.985958348829577,0.5,1.139639946842995,1.1027509816964127,,,,,,,,,,,,,,,,,,,,,,,,,,,,,,,,0,,,,,,0.3778071834836903,5,2,4,22,1,4,19,,,,,,,,,,,,,,,,,,,,,,,,,,,,,,,,,,,
Ag2O_x005,Ag2O_x050_cLi24gaS16e_s04,Ag2O,Li_24g,S_16e,0.25,compound_set,4,-0.4323428828771805,-0.13388009475170237,True,0.16935101647090686,2.9684094044318643,0.4090909090909091,0.7785909904320095,1.0462104923560602,,,,,,,,,,,,,,,,,,,,,,,,,,,,,,,,0,,,,,,0.36986129570081294,7,2,4,22,1,4,19,,,,,,,,,,,,,,,,,,,,,,,,,,,,,,,,,,,
Ag2O_x005,Ag2O_x050_cLi24gaS4a_s00,Ag2O,Li_24g,S_4a,0.25,compound_set,4,-0.3622199067342562,-0.12357502883116137,True,0.20981216929732108,3.0847301866411097,0.6363636363636364,1.2678269074491468,1.037552950956718,,,,,,,,,,,,,,,,,,,,,,,,,,,,,,,,0,,,,,,0.18032325459139287,17,2,4,22,1,4,19,,,,,,,,,,,,,,,,,,,,,,,,,,,,,,,,,,,
Ag2O_x005,Ag2O_x050_cLi24gaS4a_s01,Ag2O,Li_24g,S_4a,0.25,compound_set,4,-0.4115124849671661,-0.05109850624248771,True,0.33522647511574133,3.1776356482662322,0.45454545454545453,1.1728274497069886,1.1432140179418535,,,,,,,,,,,,,,,,,,,,,,,,,,,,,,,,0,,,,,,0.3135580263223601,14,2,4,22,1,4,19,,,,,,,,,,,,,,,,,,,,,,,,,,,,,,,,,,,
Ag2O_x005,Ag2O_x050_cLi24gaS4a_s02,Ag2O,Li_24g,S_4a,0.25,compound_set,4,-0.3510012782951213,-0.1116933278787981,True,0.25627928331572153,3.029808719062257,0.5454545454545454,1.6327965103444555,1.1095640952403285,,,,,,,,,,,,,,,,,,,,,,,,,,,,,,,,0,,,,,,0.15,20,2,4,22,1,4,19,,,,,,,,,,,,,,,,,,,,,,,,,,,,,,,,,,,
Ag2O_x005,Ag2O_x050_cLi24gaS4a_s03,Ag2O,Li_24g,S_4a,0.25,compound_set,4,-0.4116884365396709,-0.05132684718066831,True,0.3354739088982816,3.178129395731557,0.45454545454545453,1.174141157554244,1.1452358373621552,0.9635376771700883,0.11755551613866298,0.8502685082113102,0.147776,,-782.3781913567738,-4.143994732702229,-1.9240388490420262,True,16.146602766056994,20.117048302878857,3.045721198126969,0.9985718064903559,True,OK,22.051890437237034,17.771021468312007,42.02431251088864,0.8058729259013409,0.18238314510573678,,,,,,,,,,,,0,,,-0.4116884365396709,-0.4542134110891256,-782.3781913567735,0.5292805218531291,4,2,4,22,1,4,19,,,,,,,,,,,,,,,,,,,,,,,,,,,,,,,,,,,
Ag2O_x005,Ag2O_x050_cLi24gaS4a_s04,Ag2O,Li_24g,S_4a,0.25,compound_set,4,-0.3960907408232659,-0.1630586655298344,True,0.17656730012091798,2.9554713819741965,0.22727272727272727,2.120229745920636,1.074473455141,,,,,,,,,,,,,,,,,,,,,,,,,,,,,,,,0,,,,,,0.2718740115200241,16,2,4,22,1,4,19,,,,,,,,,,,,,,,,,,,,,,,,,,,,,,,,,,,
Ag2O_x005,Ag2O_x050_cLi48haS16e_s00,Ag2O,Li_48h,S_16e,0.25,compound_set,4,-0.4394520202167973,-0.1683903683259038,True,0.16719341888961334,2.9961446336250592,0.6363636363636364,1.0654095162501838,1.0253012597002389,0.9857234530538611,0.10885595423662905,0.878421585958258,0.146112,,-732.0241971695422,-4.126730791508697,-3.1730765222762636,True,17.04243429098928,19.957147748188735,0.5535036887683774,0.9959923799121183,True,OK,26.407310180867068,20.449977088699885,48.762586259861884,0.774405910660168,0.19224060859233896,,,,,,,,,,,,0,,,-0.4394520202167973,-0.4369494698955938,-732.0241971695425,0.6823126137665286,2,2,4,22,1,4,19,,,,,,,,,,,,,,,,,,,,,,,,,,,,,,,,,,,
Ag2O_x005,Ag2O_x050_cLi48haS16e_s01,Ag2O,Li_48h,S_16e,0.25,compound_set,4,-0.4273796855005232,-0.07482666946998466,True,0.1951480533982046,3.0511132066820497,0.45454545454545453,0.6083093066624699,1.0572784145018037,,,,,,,,,,,,,,,,,,,,,,,,,,,,,,,,0,,,,,,0.3564460820268571,9,2,4,22,1,4,19,,,,,,,,,,,,,,,,,,,,,,,,,,,,,,,,,,,
Ag2O_x005,Ag2O_x050_cLi48haS16e_s02,Ag2O,Li_48h,S_16e,0.25,compound_set,4,-0.42325797901214823,-0.044255814095112214,True,0.30258769323615275,3.0370690645909146,0.5454545454545454,2.1526484977934355,1.0534631231437754,,,,,,,,,,,,,,,,,,,,,,,,,,,,,,,,0,,,,,,0.34530536586212535,12,2,4,22,1,4,19,,,,,,,,,,,,,,,,,,,,,,,,,,,,,,,,,,,
Ag2O_x005,Ag2O_x050_cLi48haS16e_s03,Ag2O,Li_48h,S_16e,0.25,compound_set,4,-0.4352815164486836,-0.10495101845340957,True,0.20243060418216047,2.985968334081623,0.5,1.139682843825835,1.1027527599364875,,,,,,,,,,,,,,,,,,,,,,,,,,,,,,,,0,,,,,,0.37780423938799823,6,2,4,22,1,4,19,,,,,,,,,,,,,,,,,,,,,,,,,,,,,,,,,,,
Ag2O_x005,Ag2O_x050_cLi48haS16e_s04,Ag2O,Li_48h,S_16e,0.25,compound_set,4,-0.4322979457579823,-0.13340661422740047,True,0.1695236453384304,2.9689964916036775,0.4090909090909091,0.7688350483293515,1.0460723785232156,,,,,,,,,,,,,,,,,,,,,,,,,,,,,,,,0,,,,,,0.3697398334638342,8,2,4,22,1,4,19,,,,,,,,,,,,,,,,,,,,,,,,,,,,,,,,,,,
Ag2O_x005,Ag2O_x050_cLi48haS4a_s00,Ag2O,Li_48h,S_4a,0.25,compound_set,4,-0.36221977690857,-0.12357370574326812,True,0.20981221246977205,3.0847287521953692,0.6363636363636364,1.2678364777642872,1.0375531934019155,,,,,,,,,,,,,,,,,,,,,,,,,,,,,,,,0,,,,,,0.18032290368064147,18,2,4,22,1,4,19,,,,,,,,,,,,,,,,,,,,,,,,,,,,,,,,,,,
Ag2O_x005,Ag2O_x050_cLi48haS4a_s01,Ag2O,Li_48h,S_4a,0.25,compound_set,4,-0.4115326694714403,-0.05088687410534372,True,0.3349150906751,3.175008153673036,0.45454545454545453,1.1714410157451156,1.143004903409316,0.9695507491831029,0.10333265271902353,0.8693644983242963,0.149888,,-805.4593734348599,-4.167075961470667,-3.8264808758477487,True,20.24241157470466,19.690783597604703,4.343545205353299,0.9999828094845205,True,OK,19.45497084605698,21.356530318855278,46.90602601413882,1.0977415740092817,0.09816588448186193,,,,,,,,,,,,0,,,-0.4115326694714403,-0.47729463985756393,-805.4593734348598,0.7363420865489988,1,2,4,22,1,4,19,,,,,,,,,,,,,,,,,,,,,,,,,,,,,,,,,,,
Ag2O_x005,Ag2O_x050_cLi48haS4a_s02,Ag2O,Li_48h,S_4a,0.25,compound_set,4,-0.35142846769597735,-0.1091917565760325,True,0.2510180215003514,3.023828878588553,0.5454545454545454,1.5656447657361654,1.105557604707285,,,,,,,,,,,,,,,,,,,,,,,,,,,,,,,,0,,,,,,0.15115466636863695,19,2,4,22,1,4,19,,,,,,,,,,,,,,,,,,,,,,,,,,,,,,,,,,,
Ag2O_x005,Ag2O_x050_cLi48haS4a_s03,Ag2O,Li_48h,S_4a,0.25,compound_set,4,-0.41151735330289974,-0.051051824456066146,True,0.33523636066151274,3.1772186294041713,0.45454545454545453,1.1745096684427547,1.1431642451481172,,,,,,,,,,,,,,,,,,,,,,,,,,,,,,,,0,,,,,,0.31357118513091575,13,2,4,22,1,4,19,,,,,,,,,,,,,,,,,,,,,,,,,,,,,,,,,,,
Ag2O_x005,Ag2O_x050_cLi48haS4a_s04,Ag2O,Li_48h,S_4a,0.25,compound_set,4,-0.39609105893951835,-0.1630586673546789,True,0.17656467762577432,2.9554696602745953,0.22727272727272727,2.1202360676206693,1.0744738739921968,,,,,,,,,,,,,,,,,,,,,,,,,,,,,,,,0,,,,,,0.27187487136845967,15,2,4,22,1,4,19,,,,,,,,,,,,,,,,,,,,,,,,,,,,,,,,,,,
Ag2O_x010,Ag2O_x100_cLi24gaS16e_s00,Ag2O,Li_24g,S_16e,0.25,compound_set,4,-0.4394528067147596,-0.16839142286443143,True,0.16719896079253552,2.996143756559316,0.6363636363636364,1.0654534425069901,1.0253015065107975,0.9804599098368592,0.11882556366971576,0.8639562083949357,0.141696,,-716.5877612131302,-4.111294390824908,-2.850076263133877,True,18.033140547138718,19.542900976600894,8.692704611687873,0.9689032769651259,True,OK,24.16798837304432,16.53483900637001,40.39277264590817,0.6841628169935767,0.22144438873420336,,,,,,,,,,,,0,,,-0.4394528067147596,-0.42151319460292536,-716.58776121313,0.4743239273882549,3,2,4,22,1,4,19,,,,,,,,,,,,,,,,,,,,,,,,,,,,,,,,,,,
Ag2O_x010,Ag2O_x100_cLi24gaS16e_s01,Ag2O,Li_24g,S_16e,0.25,compound_set,4,-0.42737798864263743,-0.0748257828362096,True,0.1951524744879081,3.0511042220016615,0.45454545454545453,0.6083311440039656,1.0572708852075534,,,,,,,,,,,,,,,,,,,,,,,,,,,,,,,,0,,,,,,0.34687244916066107,9,2,4,22,1,4,19,,,,,,,,,,,,,,,,,,,,,,,,,,,,,,,,,,,
Ag2O_x010,Ag2O_x100_cLi24gaS16e_s02,Ag2O,Li_24g,S_16e,0.25,compound_set,4,-0.423260423833161,-0.0442412772811332,True,0.30258605275199135,3.0370830596434173,0.5454545454545454,2.1530526773153746,1.0534601425134504,,,,,,,,,,,,,,,,,,,,,,,,,,,,,,,,0,,,,,,0.33620083824831437,11,2,4,22,1,4,19,,,,,,,,,,,,,,,,,,,,,,,,,,,,,,,,,,,
Ag2O_x010,Ag2O_x100_cLi24gaS16e_s03,Ag2O,Li_24g,S_16e,0.25,compound_set,4,-0.4352834029224071,-0.10495412050190735,True,0.20244373103477872,2.9859517831342384,0.5,1.1396512050689418,1.1027489066320784,,,,,,,,,,,,,,,,,,,,,,,,,,,,,,,,0,,,,,,0.3673611382762403,5,2,4,22,1,4,19,,,,,,,,,,,,,,,,,,,,,,,,,,,,,,,,,,,
Ag2O_x010,Ag2O_x100_cLi24gaS16e_s04,Ag2O,Li_24g,S_16e,0.25,compound_set,4,-0.4323423503217234,-0.13387420306726353,True,0.16935367017672445,2.968417889363113,0.4090909090909091,0.7784998078714815,1.0462078810646087,,,,,,,,,,,,,,,,,,,,,,,,,,,,,,,,0,,,,,,0.3597387278274701,8,2,4,22,1,4,19,,,,,,,,,,,,,,,,,,,,,,,,,,,,,,,,,,,
Ag2O_x010,Ag2O_x100_cLi24gaS4a_s00,Ag2O,Li_24g,S_4a,0.25,compound_set,4,-0.3622201520115209,-0.12357633185182211,True,0.20981269025603022,3.0847311140889104,0.6363636363636364,1.2677884910214687,1.0375518498834622,,,,,,,,,,,,,,,,,,,,,,,,,,,,,,,,0,,,,,,0.17800101359339832,17,2,4,22,1,4,19,,,,,,,,,,,,,,,,,,,,,,,,,,,,,,,,,,,
Ag2O_x010,Ag2O_x100_cLi24gaS4a_s01,Ag2O,Li_24g,S_4a,0.25,compound_set,4,-0.4118147961279788,-0.051401467183071495,True,0.33656024794225287,3.1785555306964013,0.45454545454545453,1.1782503961551472,1.1467085227456202,0.9749603477373914,0.12206994751057318,0.8559469892641978,0.137472,,-758.3943011202009,-4.120010869990535,-4.002924683609305,True,21.817430468044606,19.539254457485956,6.3473789384770525,0.9999931673352058,True,OK,19.61795751923868,16.662639896924688,38.95813722426964,0.849356508218768,0.16902656077503916,,,,,,,,,,,,0,,,-0.4118147961279788,-0.43022967376855226,-758.3943011202012,0.4629785216879343,4,2,4,22,1,4,19,,,,,,,,,,,,,,,,,,,,,,,,,,,,,,,,,,,
Ag2O_x010,Ag2O_x100_cLi24gaS4a_s02,Ag2O,Li_24g,S_4a,0.25,compound_set,4,-0.3516771943377708,-0.10626306286492032,True,0.25038421081155376,3.0299765301730783,0.5454545454545454,1.4961484714302395,1.100865279039644,,,,,,,,,,,,,,,,,,,,,,,,,,,,,,,,0,,,,,,0.15067652755236186,19,2,4,22,1,4,19,,,,,,,,,,,,,,,,,,,,,,,,,,,,,,,,,,,
Ag2O_x010,Ag2O_x100_cLi24gaS4a_s03,Ag2O,Li_24g,S_4a,0.25,compound_set,4,-0.41139474821017297,-0.050925648943519454,True,0.334987767569022,3.1773838752324224,0.45454545454545453,1.1675429489529434,1.1419407229364833,,,,,,,,,,,,,,,,,,,,,,,,,,,,,,,,0,,,,,,0.305448226129321,14,2,4,22,1,4,19,,,,,,,,,,,,,,,,,,,,,,,,,,,,,,,,,,,
Ag2O_x010,Ag2O_x100_cLi24gaS4a_s04,Ag2O,Li_24g,S_4a,0.25,compound_set,4,-0.3960888918649341,-0.1630592633061838,True,0.1765870357261606,2.955492323737987,0.22727272727272727,2.120092152190686,1.0744756902705703,,,,,,,,,,,,,,,,,,,,,,,,,,,,,,,,0,,,,,,0.2657795988813066,16,2,4,22,1,4,19,,,,,,,,,,,,,,,,,,,,,,,,,,,,,,,,,,,
Ag2O_x010,Ag2O_x100_cLi48haS16e_s00,Ag2O,Li_48h,S_16e,0.25,compound_set,4,-0.43945337994587375,-0.16839231323030282,True,0.16720455926832747,2.996143311515055,0.6363636363636364,1.0654943354750808,1.0253021168296768,0.9782651747075254,0.10240953756763108,0.87808149054721,0.128576,,-800.8278856768926,-4.1955344987737435,-5.499689241245129,True,22.00926887403198,19.343562472130984,5.872280435703899,0.999678081244562,True,OK,25.371145637754616,13.483116650029519,34.36224858173473,0.5314350736281058,0.2742694984271127,,,,,,,,,,,,0,,,-0.43945337994587375,-0.5057533025517604,-800.8278856768927,0.55,2,2,4,22,1,4,19,,,,,,,,,,,,,,,,,,,,,,,,,,,,,,,,,,,
Ag2O_x010,Ag2O_x100_cLi48haS16e_s01,Ag2O,Li_48h,S_16e,0.25,compound_set,4,-0.4273766712203231,-0.07482521786957799,True,0.19515550576347768,3.0510985659427003,0.45454545454545453,0.6083342275541599,1.057266194531262,,,,,,,,,,,,,,,,,,,,,,,,,,,,,,,,0,,,,,,0.3468690347594321,10,2,4,22,1,4,19,,,,,,,,,,,,,,,,,,,,,,,,,,,,,,,,,,,
Ag2O_x010,Ag2O_x100_cLi48haS16e_s02,Ag2O,Li_48h,S_16e,0.25,compound_set,4,-0.4232585618769682,-0.044253499245871575,True,0.30258223525299466,3.037081556066063,0.5454545454545454,2.152653499234353,1.0534680565498402,,,,,,,,,,,,,,,,,,,,,,,,,,,,,,,,0,,,,,,0.3361960125630016,12,2,4,22,1,4,19,,,,,,,,,,,,,,,,,,,,,,,,,,,,,,,,,,,
Ag2O_x010,Ag2O_x100_cLi48haS16e_s03,Ag2O,Li_48h,S_16e,0.25,compound_set,4,-0.43528288122398573,-0.1049537121804224,True,0.20244004738699778,2.9859564521135593,0.5,1.1396179608965318,1.10274964179391,,,,,,,,,,,,,,,,,,,,,,,,,,,,,,,,0,,,,,,0.36735978617546616,6,2,4,22,1,4,19,,,,,,,,,,,,,,,,,,,,,,,,,,,,,,,,,,,
Ag2O_x010,Ag2O_x100_cLi48haS16e_s04,Ag2O,Li_48h,S_16e,0.25,compound_set,4,-0.4323427035576839,-0.1338783907332498,True,0.16935273327300523,2.968412697374016,0.4090909090909091,0.7785772745775728,1.0462098522784877,,,,,,,,,,,,,,,,,,,,,,,,,,,,,,,,0,,,,,,0.35973964331924857,7,2,4,22,1,4,19,,,,,,,,,,,,,,,,,,,,,,,,,,,,,,,,,,,
Ag2O_x010,Ag2O_x100_cLi48haS4a_s00,Ag2O,Li_48h,S_4a,0.25,compound_set,4,-0.36222011775833574,-0.12357614303340606,True,0.20981300402773068,3.084730717409691,0.6363636363636364,1.267786837946235,1.0375514977236384,,,,,,,,,,,,,,,,,,,,,,,,,,,,,,,,0,,,,,,0.17800092481843502,18,2,4,22,1,4,19,,,,,,,,,,,,,,,,,,,,,,,,,,,,,,,,,,,
Ag2O_x010,Ag2O_x100_cLi48haS4a_s01,Ag2O,Li_48h,S_4a,0.25,compound_set,4,-0.41147574730585257,-0.050884271052275,True,0.3345717803733411,3.174342135296234,0.45454545454545453,1.172574400180357,1.1425457963008991,,,,,,,,,,,,,,,,,,,,,,,,,,,,,,,,0,,,,,,0.30565815381069117,13,2,4,22,1,4,19,,,,,,,,,,,,,,,,,,,,,,,,,,,,,,,,,,,
Ag2O_x010,Ag2O_x100_cLi48haS4a_s02,Ag2O,Li_48h,S_4a,0.25,compound_set,4,-0.35141616101626694,-0.10916519930372595,True,0.2510862886134401,3.0238300502974242,0.5454545454545454,1.5651621249701135,1.1055385756934732,,,,,,,,,,,,,,,,,,,,,,,,,,,,,,,,0,,,,,,0.15,20,2,4,22,1,4,19,,,,,,,,,,,,,,,,,,,,,,,,,,,,,,,,,,,
Ag2O_x010,Ag2O_x100_cLi48haS4a_s03,Ag2O,Li_48h,S_4a,0.25,compound_set,4,-0.4114849583540505,-0.05096124817507339,True,0.3346730799885096,3.174453615563848,0.45454545454545453,1.17461496821551,1.1429142928724614,0.9958022212734723,0.10440456481044809,0.8918359237241379,0.1408,,-764.9018394404342,-4.126518423194592,-0.1661126057099808,True,20.942224979887488,20.446465961470594,11.525320731338024,0.997061670195443,True,OK,24.30394550604191,19.97839747491939,47.04461129986566,0.8220228057190468,0.1773870091163424,,,,,,,,,,,,0,,,-0.4114849583540505,-0.4367372269726091,-764.9018394404341,0.6711290557994961,1,2,4,22,1,4,19,,,,,,,,,,,,,,,,,,,,,,,,,,,,,,,,,,,
Ag2O_x010,Ag2O_x100_cLi48haS4a_s04,Ag2O,Li_48h,S_4a,0.25,compound_set,4,-0.39608996834260557,-0.16305903000747665,True,0.17657772100502966,2.9554828481161253,0.22727272727272727,2.1201548241417436,1.0744750391464892,,,,,,,,,,,,,,,,,,,,,,,,,,,,,,,,0,,,,,,0.26578238881938815,15,2,4,22,1,4,19,,,,,,,,,,,,,,,,,,,,,,,,,,,,,,,,,,,
Al2O3_x002,Al2O3_x020_cLi24gaS16e_s00,Al2O3,Li_24g,S_16e,0.25,compound_set,4,-0.7802868894499504,-0.12972362283034827,True,0.23264670015890815,3.09504307618559,0.7777777777777778,1.1321174945860495,1.0598285192106471,0.9559157602409171,0.07510766282735347,0.884119161629389,0.149632,,-947.7871407454508,-4.4811603550961925,-4.3649944109666174,True,17.514801287402364,21.294495110632095,3.130997755503261,0.9996106642804792,True,OK,21.814998582551354,12.597491503066438,31.692074672120853,0.577469279009832,0.2578724369215283,,,,,,,,,,,,0,,,-0.7802868894499504,-0.7913790756879049,-947.7871407454512,0.6131660112638153,3,,4,18,3,4,17,2,,,,,,,,,,,,,,,,,,,,,,,,,,,,,,,,,,
Al2O3_x002,Al2O3_x020_cLi24gaS16e_s01,Al2O3,Li_24g,S_16e,0.25,compound_set,4,-0.7413695931789483,-0.0594022011806078,True,0.31923247380805675,3.0769426716412287,0.6666666666666666,2.5582434915481267,1.0716255925060698,,,,,,,,,,,,,,,,,,,,,,,,,,,,,,,,0,,,,,,0.43520221641569135,10,,4,18,3,4,17,2,,,,,,,,,,,,,,,,,,,,,,,,,,,,,,,,,,
Al2O3_x002,Al2O3_x020_cLi24gaS16e_s02,Al2O3,Li_24g,S_16e,0.25,compound_set,4,-0.7633580712915524,-0.12380321727099683,True,0.29430855705725373,3.1256008452218342,0.7222222222222222,1.3765643633427715,1.119427268585244,,,,,,,,,,,,,,,,,,,,,,,,,,,,,,,,0,,,,,,0.48567721485757587,5,,4,18,3,4,17,2,,,,,,,,,,,,,,,,,,,,,,,,,,,,,,,,,,
Al2O3_x002,Al2O3_x020_cLi24gaS16e_s03,Al2O3,Li_24g,S_16e,0.25,compound_set,4,-0.7515415047950009,-0.11681998748895236,True,0.3081204029562291,3.1676776790137056,0.8888888888888888,0.05951071238557725,1.0765016359295692,,,,,,,,,,,,,,,,,,,,,,,,,,,,,,,,0,,,,,,0.4585520462830407,8,,4,18,3,4,17,2,,,,,,,,,,,,,,,,,,,,,,,,,,,,,,,,,,
Al2O3_x002,Al2O3_x020_cLi24gaS16e_s04,Al2O3,Li_24g,S_16e,0.25,compound_set,4,-0.6964419415412992,-0.1174813184749196,True,0.32800673241326667,3.2168254703066106,0.7777777777777778,0.947312083678215,1.0228470070541302,,,,,,,,,,,,,,,,,,,,,,,,,,,,,,,,0,,,,,,0.33206987888897643,13,,4,18,3,4,17,2,,,,,,,,,,,,,,,,,,,,,,,,,,,,,,,,,,
Al2O3_x002,Al2O3_x020_cLi24gaS4a_s00,Al2O3,Li_24g,S_4a,0.25,compound_set,4,-0.6582564412540481,-0.12225561286069794,True,0.3040628008172882,3.0780027100830916,0.7222222222222222,1.2721566134873952,1.0513331013710563,,,,,,,,,,,,,,,,,,,,,,,,,,,,,,,,0,,,,,,0.24441428682702462,17,,4,18,3,4,17,2,,,,,,,,,,,,,,,,,,,,,,,,,,,,,,,,,,
Al2O3_x002,Al2O3_x020_cLi24gaS4a_s01,Al2O3,Li_24g,S_4a,0.25,compound_set,4,-0.6171266434630995,-0.11268083034488123,True,0.3685716477359774,3.0966352157647927,0.7222222222222222,1.48505633754961,1.0386569311307117,,,,,,,,,,,,,,,,,,,,,,,,,,,,,,,,0,,,,,,0.15,20,,4,18,3,4,17,2,,,,,,,,,,,,,,,,,,,,,,,,,,,,,,,,,,
Al2O3_x002,Al2O3_x020_cLi24gaS4a_s02,Al2O3,Li_24g,S_4a,0.25,compound_set,4,-0.6617830351139435,-0.08802636089498954,True,0.2475154052122497,2.9168225853446925,0.8888888888888888,1.0920925158359351,1.0342663579222666,,,,,,,,,,,,,,,,,,,,,,,,,,,,,,,,0,,,,,,0.2525096547134153,16,,4,18,3,4,17,2,,,,,,,,,,,,,,,,,,,,,,,,,,,,,,,,,,
Al2O3_x002,Al2O3_x020_cLi24gaS4a_s03,Al2O3,Li_24g,S_4a,0.25,compound_set,4,-0.6648112555776855,-0.11972819868752772,True,0.3656148945860008,2.936791903900977,0.6666666666666666,1.3038825761972062,1.0117799576639162,,,,,,,,,,,,,,,,,,,,,,,,,,,,,,,,0,,,,,,0.2594609963390753,15,,4,18,3,4,17,2,,,,,,,,,,,,,,,,,,,,,,,,,,,,,,,,,,
Al2O3_x002,Al2O3_x020_cLi24gaS4a_s04,Al2O3,Li_24g,S_4a,0.25,compound_set,4,-0.7101521370759283,-0.09489913426152548,True,0.33341958956984863,2.9789499878832277,0.5555555555555556,3.235233467902818,1.1151459579525702,0.9938496479280303,0.0895804999280772,0.9048200996132939,0.137472,,-970.9103308834717,-4.393779649237401,-2.3800571444518317,True,15.528453798865762,21.79699442209153,3.1613556776243814,0.9998013586001304,True,OK,23.438694208207387,18.98983638265026,44.85562386973775,0.8101917373878577,0.1810429264867002,,,,,,,,,,,,0,,,-0.7101521370759283,-0.7039983698291135,-970.9103308834713,0.6494158136144454,2,,4,18,3,4,17,2,,,,,,,,,,,,,,,,,,,,,,,,,,,,,,,,,,
Al2O3_x002,Al2O3_x020_chain_Cl_x200_cLi24gaS16e_s00,Al2O3+Clrich,Li_24g,S_16e,0.25,compound_set_chain,4,-0.7756164221201285,-0.1916777269979886,True,0.31037445778492034,3.109061115441501,0.7647058823529411,0.4998523973652548,1.168852782473721,0.9848209723235631,0.08326221566016563,0.9028225961393046,0.13056,,-937.0542305498789,-4.458857194888321,-2.3110048879433176,True,11.48474437710057,22.24012806230918,4.93754019012284,0.9991109133665687,True,OK,22.93270136164718,16.434192308683812,39.79622704695789,0.7166269707836722,0.21077526353180104,,,,,,,,,,,,0,,,-0.7756164221201285,-0.7690759154800331,-937.0542305498794,0.7077757383342013,1,,5,17,3,4,16,2,,,,,,,,,,,,,,,,,,,,,,,,,,,,,,,,,,
Al2O3_x002,Al2O3_x020_chain_Cl_x200_cLi24gaS16e_s01,Al2O3+Clrich,Li_24g,S_16e,0.25,compound_set_chain,4,-0.7580845824098033,-0.12458150161064019,True,0.26154128377267016,3.081949005287083,0.7647058823529411,2.2915018223820978,1.0971946788012696,,,,,,,,,,,,,,,,,,,,,,,,,,,,,,,,0,,,,,,0.473571813941402,6,,5,17,3,4,16,2,,,,,,,,,,,,,,,,,,,,,,,,,,,,,,,,,,
Al2O3_x002,Al2O3_x020_chain_Cl_x200_cLi24gaS16e_s02,Al2O3+Clrich,Li_24g,S_16e,0.25,compound_set_chain,4,-0.7718761673439234,-0.06628017368433052,True,0.22054943267917926,3.1175385836753398,0.7647058823529411,0.5856596877678716,1.0619338234496498,,,,,,,,,,,,,,,,,,,,,,,,,,,,,,,,0,,,,,,0.505230677483295,4,,5,17,3,4,16,2,,,,,,,,,,,,,,,,,,,,,,,,,,,,,,,,,,
Al2O3_x002,Al2O3_x020_chain_Cl_x200_cLi24gaS16e_s03,Al2O3+Clrich,Li_24g,S_16e,0.25,compound_set_chain,4,-0.755488596073242,-0.1778737535013932,True,0.22143679595866936,3.094394980156687,0.6470588235294118,0.8468935948614212,1.1886170146245612,,,,,,,,,,,,,,,,,,,,,,,,,,,,,,,,0,,,,,,0.4676126745402094,7,,5,17,3,4,16,2,,,,,,,,,,,,,,,,,,,,,,,,,,,,,,,,,,
Al2O3_x002,Al2O3_x020_chain_Cl_x200_cLi24gaS16e_s04,Al2O3+Clrich,Li_24g,S_16e,0.25,compound_set_chain,4,-0.7413705954040415,-0.10242857388346213,True,0.19337379053608658,3.0501949418898064,0.7647058823529411,1.1350490884621922,1.126232617730513,,,,,,,,,,,,,,,,,,,,,,,,,,,,,,,,0,,,,,,0.43520451704376373,9,,5,17,3,4,16,2,,,,,,,,,,,,,,,,,,,,,,,,,,,,,,,,,,
Al2O3_x002,Al2O3_x020_chain_Cl_x200_cLi24gaS4a_s00,Al2O3+Clrich,Li_24g,S_4a,0.25,compound_set_chain,4,-0.6221320416001328,-0.05541662353717747,True,0.23823596411282918,3.190841483226988,0.6470588235294118,0.7380860437052215,1.0165486007269886,,,,,,,,,,,,,,,,,,,,,,,,,,,,,,,,0,,,,,,0.16148999316250748,18,,5,17,3,4,16,2,,,,,,,,,,,,,,,,,,,,,,,,,,,,,,,,,,
Al2O3_x002,Al2O3_x020_chain_Cl_x200_cLi24gaS4a_s01,Al2O3+Clrich,Li_24g,S_4a,0.25,compound_set_chain,4,-0.6191379745144063,-0.0410915014776075,True,0.18473555556104512,3.100670020047897,0.4117647058823529,0.570797566257579,1.014016096091987,,,,,,,,,,,,,,,,,,,,,,,,,,,,,,,,0,,,,,,0.15461705131027828,19,,5,17,3,4,16,2,,,,,,,,,,,,,,,,,,,,,,,,,,,,,,,,,,
Al2O3_x002,Al2O3_x020_chain_Cl_x200_cLi24gaS4a_s02,Al2O3+Clrich,Li_24g,S_4a,0.25,compound_set_chain,4,-0.7153876011356521,-0.21598636442037095,True,0.20542734161595025,2.970867821567665,0.6470588235294118,2.472465849657535,1.0363762644397334,0.9525199412966969,0.1363244868882101,0.8226681490486367,0.138112,,-977.5544092577055,-4.420339794931561,-0.2135212572906978,True,,,,0.9122729778820458,False,"r2=0.9123 / V0 / B0'=23.89 unphysical (need r2>=0.95, 0<B0'<15)",12.345032597778989,12.586144984041571,28.181223458046713,1.0195311259288178,0.11953356225352212,,,,,,,,,,,,0,,,-0.7153876011356521,-0.7305585155232732,-977.554409257706,0.41038516791279844,11,,5,17,3,4,16,2,,,,,,,,,,,,,,,,,,,,,,,,,,,,,,,,,,
Al2O3_x002,Al2O3_x020_chain_Cl_x200_cLi24gaS4a_s03,Al2O3+Clrich,Li_24g,S_4a,0.25,compound_set_chain,4,-0.6840901941747806,-0.10124060368363096,True,0.19145631757982642,3.0525987600306106,0.6470588235294118,0.5930367996627931,1.1181700520575417,,,,,,,,,,,,,,,,,,,,,,,,,,,,,,,,0,,,,,,0.3037161917494282,14,,5,17,3,4,16,2,,,,,,,,,,,,,,,,,,,,,,,,,,,,,,,,,,
Al2O3_x002,Al2O3_x020_chain_Cl_x200_cLi24gaS4a_s04,Al2O3+Clrich,Li_24g,S_4a,0.25,compound_set_chain,4,-0.6993170834838596,-0.10619257388119767,True,0.33752041499000945,3.0214019349930967,0.6470588235294118,3.9068807606962825,1.0283034833847646,,,,,,,,,,,,,,,,,,,,,,,,,,,,,,,,0,,,,,,0.3386698256578137,12,,5,17,3,4,16,2,,,,,,,,,,,,,,,,,,,,,,,,,,,,,,,,,,
Al2O3_x005,Al2O3_x050_cLi24gaS16e_s00,Al2O3,Li_24g,S_16e,0.25,compound_set,4,-0.7616313623946125,-0.09845194772028003,True,0.18949670698436838,3.0806140340740438,0.8333333333333334,0.3808348264756832,1.0504281407284657,,,,,,,,,,,,,,,,,,,,,,,,,,,,,,,,0,,,,,,0.45168447750006,6,,4,18,3,4,17,2,,,,,,,,,,,,,,,,,,,,,,,,,,,,,,,,,,
Al2O3_x005,Al2O3_x050_cLi24gaS16e_s01,Al2O3,Li_24g,S_16e,0.25,compound_set,4,-0.7413703554099911,-0.05940629604593715,True,0.319222734369198,3.0769390156301584,0.6666666666666666,2.5582236310029005,1.071626861737577,,,,,,,,,,,,,,,,,,,,,,,,,,,,,,,,0,,,,,,0.4093853132845586,11,,4,18,3,4,17,2,,,,,,,,,,,,,,,,,,,,,,,,,,,,,,,,,,
Al2O3_x005,Al2O3_x050_cLi24gaS16e_s02,Al2O3,Li_24g,S_16e,0.25,compound_set,4,-0.7634869197916565,-0.12461877875634113,True,0.29363622037284837,3.125270196545044,0.7222222222222222,1.3944167775971275,1.1198574934225953,0.9912149619907333,0.11668584748648071,0.8755542041095649,0.14528,,-980.7329038365502,-4.498505094576962,-4.961716431672433,True,16.19894530627985,20.997793884701537,4.913092091810143,0.9994603621663208,True,OK,25.01629529528581,19.809296898630404,47.01752507114749,0.7918557350241768,0.18675401029499028,,,,,,,,,,,,0,,,-0.7634869197916565,-0.8087238174114422,-980.7329038365507,0.85,1,,4,18,3,4,17,2,,,,,,,,,,,,,,,,,,,,,,,,,,,,,,,,,,
Al2O3_x005,Al2O3_x050_cLi24gaS16e_s03,Al2O3,Li_24g,S_16e,0.25,compound_set,4,-0.7515729823582848,-0.11691300270972005,True,0.3082967211932376,3.1672627447097246,0.8888888888888888,0.062273832414738314,1.0764707345647688,,,,,,,,,,,,,,,,,,,,,,,,,,,,,,,,0,,,,,,0.43068546845665556,9,,4,18,3,4,17,2,,,,,,,,,,,,,,,,,,,,,,,,,,,,,,,,,,
Al2O3_x005,Al2O3_x050_cLi24gaS16e_s04,Al2O3,Li_24g,S_16e,0.25,compound_set,4,-0.6964349048227003,-0.11746736845857382,True,0.328006095126855,3.2167876183745285,0.7777777777777778,0.9477503632556018,1.022851125290867,,,,,,,,,,,,,,,,,,,,,,,,,,,,,,,,0,,,,,,0.31557299660493554,13,,4,18,3,4,17,2,,,,,,,,,,,,,,,,,,,,,,,,,,,,,,,,,,
Al2O3_x005,Al2O3_x050_cLi24gaS4a_s00,Al2O3,Li_24g,S_4a,0.25,compound_set,4,-0.6582557972058352,-0.12225508160563503,True,0.30406059789558193,3.078006121110175,0.7222222222222222,1.2719904875886068,1.0513297820603729,,,,,,,,,,,,,,,,,,,,,,,,,,,,,,,,0,,,,,,0.23586598382354423,17,,4,18,3,4,17,2,,,,,,,,,,,,,,,,,,,,,,,,,,,,,,,,,,
Al2O3_x005,Al2O3_x050_cLi24gaS4a_s01,Al2O3,Li_24g,S_4a,0.25,compound_set,4,-0.617126585074673,-0.11268028073905684,True,0.36857235063614524,3.0966380190130356,0.7222222222222222,1.485037119232689,1.0386567631730164,,,,,,,,,,,,,,,,,,,,,,,,,,,,,,,,0,,,,,,0.15,20,,4,18,3,4,17,2,,,,,,,,,,,,,,,,,,,,,,,,,,,,,,,,,,
Al2O3_x005,Al2O3_x050_cLi24gaS4a_s02,Al2O3,Li_24g,S_4a,0.25,compound_set,4,-0.6617841938221929,-0.0880316903186365,True,0.24750504917481816,2.9168150448166483,0.8888888888888888,1.0921114959788514,1.0342652053155093,,,,,,,,,,,,,,,,,,,,,,,,,,,,,,,,0,,,,,,0.2432322627062285,16,,4,18,3,4,17,2,,,,,,,,,,,,,,,,,,,,,,,,,,,,,,,,,,
Al2O3_x005,Al2O3_x050_cLi24gaS4a_s03,Al2O3,Li_24g,S_4a,0.25,compound_set,4,-0.6648115181259637,-0.11972964513167844,True,0.3656195995102945,2.9367934212371156,0.6666666666666666,1.3039328629512226,1.0117809557791886,,,,,,,,,,,,,,,,,,,,,,,,,,,,,,,,0,,,,,,0.24955244649353858,15,,4,18,3,4,17,2,,,,,,,,,,,,,,,,,,,,,,,,,,,,,,,,,,
Al2O3_x005,Al2O3_x050_cLi24gaS4a_s04,Al2O3,Li_24g,S_4a,0.25,compound_set,4,-0.7098993143072141,-0.09316710580051335,True,0.33493892838911327,2.979806077004358,0.5555555555555556,3.20548976644326,1.1144168837073034,0.9887691375298968,0.10587061308791504,0.8840875427371977,0.12576,,-991.7837038177506,-4.414652988156365,-4.048567051372078,True,16.981986411161362,21.38595257366481,1.8669564940016743,0.9998878245150138,True,OK,24.970344101592094,17.99815589458433,43.53478263374445,0.7207812524072016,0.20942342339761952,,,,,,,,,,,,0,,,-0.7098993143072141,-0.7248717109908451,-991.7837038177502,0.615892450955491,2,,4,18,3,4,17,2,,,,,,,,,,,,,,,,,,,,,,,,,,,,,,,,,,
Al2O3_x005,Al2O3_x050_chain_Cl_x200_cLi24gaS16e_s00,Al2O3+Clrich,Li_24g,S_16e,0.25,compound_set_chain,4,-0.7755067318247661,-0.19163506690783125,True,0.3096413515109025,3.1084112584250296,0.7647058823529411,0.5111584150468819,1.169257459449211,0.9371930438794993,0.10624886821181849,0.8376173436713134,0.146624,,-932.0377563168564,-4.453840731370263,-4.514138085813842,True,18.08066316483181,20.963237737569894,14.050648986580464,0.9974419256998922,True,OK,15.877038255167484,12.298092080841169,29.32318978296314,0.774583513826234,0.19218451082525478,,,,,,,,,,,,0,,,-0.7755067318247661,-0.7640594542047427,-932.0377563168569,0.4567536359226877,5,,5,17,3,4,16,2,,,,,,,,,,,,,,,,,,,,,,,,,,,,,,,,,,
Al2O3_x005,Al2O3_x050_chain_Cl_x200_cLi24gaS16e_s01,Al2O3+Clrich,Li_24g,S_16e,0.25,compound_set_chain,4,-0.7580213036475447,-0.12436200354297818,True,0.26163379573382956,3.0831253804539065,0.7647058823529411,2.297509633492458,1.0970115391021638,,,,,,,,,,,,,,,,,,,,,,,,,,,,,,,,0,,,,,,0.44414771153942767,7,,5,17,3,4,16,2,,,,,,,,,,,,,,,,,,,,,,,,,,,,,,,,,,
Al2O3_x005,Al2O3_x050_chain_Cl_x200_cLi24gaS16e_s02,Al2O3+Clrich,Li_24g,S_16e,0.25,compound_set_chain,4,-0.771948728567236,-0.06703100513388308,True,0.22136905636623178,3.117794147018691,0.7647058823529411,0.5896931086148016,1.0615864516196194,,,,,,,,,,,,,,,,,,,,,,,,,,,,,,,,0,,,,,,0.47322417522280935,4,,5,17,3,4,16,2,,,,,,,,,,,,,,,,,,,,,,,,,,,,,,,,,,
Al2O3_x005,Al2O3_x050_chain_Cl_x200_cLi24gaS16e_s03,Al2O3+Clrich,Li_24g,S_16e,0.25,compound_set_chain,4,-0.7554995367163633,-0.17860692792099933,True,0.2197763088480791,3.093872104095971,0.6470588235294118,0.8343663220136281,1.1893290886148655,,,,,,,,,,,,,,,,,,,,,,,,,,,,,,,,0,,,,,,0.43888298636479894,8,,5,17,3,4,16,2,,,,,,,,,,,,,,,,,,,,,,,,,,,,,,,,,,
Al2O3_x005,Al2O3_x050_chain_Cl_x200_cLi24gaS16e_s04,Al2O3+Clrich,Li_24g,S_16e,0.25,compound_set_chain,4,-0.7413704030292063,-0.10243021909901137,True,0.19337657757886959,3.050191520336238,0.7647058823529411,1.135031057835444,1.126232064187978,,,,,,,,,,,,,,,,,,,,,,,,,,,,,,,,0,,,,,,0.4093854126998051,10,,5,17,3,4,16,2,,,,,,,,,,,,,,,,,,,,,,,,,,,,,,,,,,
Al2O3_x005,Al2O3_x050_chain_Cl_x200_cLi24gaS4a_s00,Al2O3+Clrich,Li_24g,S_4a,0.25,compound_set_chain,4,-0.6221321371194923,-0.05541700076575425,True,0.2382359301556837,3.190842297724823,0.6470588235294118,0.73809408478568,1.016548975960456,,,,,,,,,,,,,,,,,,,,,,,,,,,,,,,,0,,,,,,0.1604501552214932,18,,5,17,3,4,16,2,,,,,,,,,,,,,,,,,,,,,,,,,,,,,,,,,,
Al2O3_x005,Al2O3_x050_chain_Cl_x200_cLi24gaS4a_s01,Al2O3+Clrich,Li_24g,S_4a,0.25,compound_set_chain,4,-0.619138080635941,-0.04109363798096077,True,0.18474349799749085,3.1006801053194426,0.4117647058823529,0.5708426047285686,1.0140153871604067,,,,,,,,,,,,,,,,,,,,,,,,,,,,,,,,0,,,,,,0.15419942508925683,19,,5,17,3,4,16,2,,,,,,,,,,,,,,,,,,,,,,,,,,,,,,,,,,
Al2O3_x005,Al2O3_x050_chain_Cl_x200_cLi24gaS4a_s02,Al2O3+Clrich,Li_24g,S_4a,0.25,compound_set_chain,4,-0.7153896118140421,-0.21599254756417605,True,0.20542644178975505,2.9708756017432933,0.6470588235294118,2.472672966713494,1.0363568443356022,0.9614274382037574,0.11500534030812071,0.8508581484915696,0.148928,,-1011.3766607133225,-4.454162056312619,-4.142625459993973,True,14.593859653668149,21.931565997403425,2.5612796348791007,0.9995757560891428,True,OK,16.867869685000343,16.027924421865954,36.51743157114015,0.95020442540641,0.13918154996168966,,,,,,,,,,,,0,,,-0.7153896118140421,-0.7643807791470989,-1011.3766607133225,0.579399808635362,3,,5,17,3,4,16,2,,,,,,,,,,,,,,,,,,,,,,,,,,,,,,,,,,
Al2O3_x005,Al2O3_x050_chain_Cl_x200_cLi24gaS4a_s03,Al2O3+Clrich,Li_24g,S_4a,0.25,compound_set_chain,4,-0.6842878694779886,-0.10116653817147604,True,0.193048970690672,3.0548783825023786,0.6470588235294118,0.6062259696670566,1.119063910371935,,,,,,,,,,,,,,,,,,,,,,,,,,,,,,,,0,,,,,,0.29021347507831774,14,,5,17,3,4,16,2,,,,,,,,,,,,,,,,,,,,,,,,,,,,,,,,,,
Al2O3_x005,Al2O3_x050_chain_Cl_x200_cLi24gaS4a_s04,Al2O3+Clrich,Li_24g,S_4a,0.25,compound_set_chain,4,-0.6989258955459592,-0.10521142989449672,True,0.3404073577812638,3.0247961646359003,0.5882352941176471,3.9080193996103048,1.0287128781997397,,,,,,,,,,,,,,,,,,,,,,,,,,,,,,,,0,,,,,,0.32077346989544836,12,,5,17,3,4,16,2,,,,,,,,,,,,,,,,,,,,,,,,,,,,,,,,,,
Al2O3_x010,Al2O3_x100_cLi24gaS16e_s00,Al2O3,Li_24g,S_16e,0.25,compound_set,4,-0.7803128398686487,-0.1297053554978824,True,0.2326419903594466,3.095070517493557,0.7777777777777778,1.1346649714300534,1.059911063265916,0.9524844004510453,0.12576766383223073,0.8326926625696744,0.139008,,-946.8904439825388,-4.480263662529975,-4.867023099518838,True,17.55282267090059,21.092164858746617,4.772470481184879,0.9999013528210451,True,OK,23.615020512398665,15.903408638939958,38.963613815525896,0.6734446252371512,0.225008257667553,,,,,,,,,,,,0,,,-0.7803128398686487,-0.7904823474412872,-946.890443982539,0.7396249068970796,2,,4,18,3,4,17,2,,,,,,,,,,,,,,,,,,,,,,,,,,,,,,,,,,
Al2O3_x010,Al2O3_x100_cLi24gaS16e_s01,Al2O3,Li_24g,S_16e,0.25,compound_set,4,-0.7413696906331655,-0.05940411152007476,True,0.31923042105475996,3.0769441874166987,0.6666666666666666,2.5582673013357624,1.0716252423366632,,,,,,,,,,,,,,,,,,,,,,,,,,,,,,,,0,,,,,,0.39775263258338134,10,,4,18,3,4,17,2,,,,,,,,,,,,,,,,,,,,,,,,,,,,,,,,,,
Al2O3_x010,Al2O3_x100_cLi24gaS16e_s02,Al2O3,Li_24g,S_16e,0.25,compound_set,4,-0.7634626086282346,-0.12442921655850232,True,0.29376980921791634,3.1253455251482847,0.7222222222222222,1.3909869849602354,1.1197701376334306,,,,,,,,,,,,,,,,,,,,,,,,,,,,,,,,0,,,,,,0.4418079845666504,5,,4,18,3,4,17,2,,,,,,,,,,,,,,,,,,,,,,,,,,,,,,,,,,
Al2O3_x010,Al2O3_x100_cLi24gaS16e_s03,Al2O3,Li_24g,S_16e,0.25,compound_set,4,-0.7515775281092196,-0.11684904305852759,True,0.3083375204996937,3.167372882055211,0.8888888888888888,0.061781703487499735,1.0764553852761247,,,,,,,,,,,,,,,,,,,,,,,,,,,,,,,,0,,,,,,0.418108018553489,8,,4,18,3,4,17,2,,,,,,,,,,,,,,,,,,,,,,,,,,,,,,,,,,
Al2O3_x010,Al2O3_x100_cLi24gaS16e_s04,Al2O3,Li_24g,S_16e,0.25,compound_set,4,-0.6964485205143456,-0.11749367418547937,True,0.32801068172955,3.2168562643390817,0.7777777777777778,0.9469433887952924,1.0228444374935612,,,,,,,,,,,,,,,,,,,,,,,,,,,,,,,,0,,,,,,0.30817560335045635,13,,4,18,3,4,17,2,,,,,,,,,,,,,,,,,,,,,,,,,,,,,,,,,,
Al2O3_x010,Al2O3_x100_cLi24gaS4a_s00,Al2O3,Li_24g,S_4a,0.25,compound_set,4,-0.6582564034200802,-0.12225725484876189,True,0.30406490557310906,3.0780024645972657,0.7222222222222222,1.2720881009023555,1.0513400707138292,,,,,,,,,,,,,,,,,,,,,,,,,,,,,,,,0,,,,,,0.23201693739471346,17,,4,18,3,4,17,2,,,,,,,,,,,,,,,,,,,,,,,,,,,,,,,,,,
Al2O3_x010,Al2O3_x100_cLi24gaS4a_s01,Al2O3,Li_24g,S_4a,0.25,compound_set,4,-0.6171264750346195,-0.11267921656271906,True,0.36858115371929434,3.0966447877965395,0.7222222222222222,1.4849574763436826,1.0386566974631484,,,,,,,,,,,,,,,,,,,,,,,,,,,,,,,,0,,,,,,0.15,20,,4,18,3,4,17,2,,,,,,,,,,,,,,,,,,,,,,,,,,,,,,,,,,
Al2O3_x010,Al2O3_x100_cLi24gaS4a_s02,Al2O3,Li_24g,S_4a,0.25,compound_set,4,-0.6617827033456898,-0.08802435793600141,True,0.2475196067753486,2.9168256387684637,0.8888888888888888,1.092048139877541,1.0342680825064818,,,,,,,,,,,,,,,,,,,,,,,,,,,,,,,,0,,,,,,0.23904871040251527,16,,4,18,3,4,17,2,,,,,,,,,,,,,,,,,,,,,,,,,,,,,,,,,,
Al2O3_x010,Al2O3_x100_cLi24gaS4a_s03,Al2O3,Li_24g,S_4a,0.25,compound_set,4,-0.664782370879343,-0.1195747084864684,True,0.36551179633808106,2.936684989671592,0.7222222222222222,1.2922480406627983,1.011656094458591,,,,,,,,,,,,,,,,,,,,,,,,,,,,,,,,0,,,,,,0.2450303289943813,15,,4,18,3,4,17,2,,,,,,,,,,,,,,,,,,,,,,,,,,,,,,,,,,
Al2O3_x010,Al2O3_x100_cLi24gaS4a_s04,Al2O3,Li_24g,S_4a,0.25,compound_set,4,-0.7097709293124979,-0.09200734353524533,True,0.3383370291185913,2.9800674548049564,0.5555555555555556,3.1883663302366716,1.114079663207926,0.9916606860730371,0.12891242545618992,0.8638233018018125,0.123328,,-1028.2277844339649,-4.451097090860446,-4.343354584030371,True,14.522099137323377,21.369564187767054,4.086493359105665,0.9997619321510531,True,OK,20.167367775869362,13.403790160130352,32.91851809021133,0.6646276454663678,0.2279555893126274,,,,,,,,,,,,0,,,-0.7097709293124979,-0.7613157757717586,-1028.2277844339646,0.4999811292978231,3,,4,18,3,4,17,2,,,,,,,,,,,,,,,,,,,,,,,,,,,,,,,,,,
Al2O3_x010,Al2O3_x100_chain_Cl_x200_cLi24gaS16e_s00,Al2O3+Clrich,Li_24g,S_16e,0.25,compound_set_chain,4,-0.775580857307185,-0.19165235291142105,True,0.3100890290039603,3.108823389095589,0.7647058823529411,0.5038364355045947,1.1689841105402337,0.9683257219912053,0.08790652698798122,0.883203570777829,0.140544,,-985.6971531697308,-4.507500154051843,-5.724170133464383,True,16.48700520204591,21.342941176646224,3.155846484762572,0.9998785718738693,True,OK,21.570258146820102,17.23539567669187,40.83104068556263,0.7990352066895741,0.18451126540657592,,,,,,,,,,,,0,,,-0.775580857307185,-0.8177188389631551,-985.6971531697308,0.85,1,,5,17,3,4,16,2,,,,,,,,,,,,,,,,,,,,,,,,,,,,,,,,,,
Al2O3_x010,Al2O3_x100_chain_Cl_x200_cLi24gaS16e_s01,Al2O3+Clrich,Li_24g,S_16e,0.25,compound_set_chain,4,-0.7583638727868749,-0.12542895464733772,True,0.2620890427155104,3.0818701471181957,0.7647058823529411,2.2597446896595916,1.0980383773390772,,,,,,,,,,,,,,,,,,,,,,,,,,,,,,,,0,,,,,,0.43164062676398507,6,,5,17,3,4,16,2,,,,,,,,,,,,,,,,,,,,,,,,,,,,,,,,,,
Al2O3_x010,Al2O3_x100_chain_Cl_x200_cLi24gaS16e_s02,Al2O3+Clrich,Li_24g,S_16e,0.25,compound_set_chain,4,-0.7718910639825376,-0.0664470782598676,True,0.22068448140988475,3.1176958294942643,0.7647058823529411,0.5857478318822461,1.0618735595364044,,,,,,,,,,,,,,,,,,,,,,,,,,,,,,,,0,,,,,,0.45861511558447077,4,,5,17,3,4,16,2,,,,,,,,,,,,,,,,,,,,,,,,,,,,,,,,,,
Al2O3_x010,Al2O3_x100_chain_Cl_x200_cLi24gaS16e_s03,Al2O3+Clrich,Li_24g,S_16e,0.25,compound_set_chain,4,-0.7554047771479535,-0.17870769006900006,True,0.21788098599756225,3.0940111960004875,0.6470588235294118,0.8216534627856668,1.1889230143555143,,,,,,,,,,,,,,,,,,,,,,,,,,,,,,,,0,,,,,,0.4257399123380349,7,,5,17,3,4,16,2,,,,,,,,,,,,,,,,,,,,,,,,,,,,,,,,,,
Al2O3_x010,Al2O3_x100_chain_Cl_x200_cLi24gaS16e_s04,Al2O3+Clrich,Li_24g,S_16e,0.25,compound_set_chain,4,-0.741370619783841,-0.10242912576978919,True,0.19337332685455347,3.050195171127124,0.7647058823529411,1.135058761852103,1.1262328030588256,,,,,,,,,,,,,,,,,,,,,,,,,,,,,,,,0,,,,,,0.3977544853970325,9,,5,17,3,4,16,2,,,,,,,,,,,,,,,,,,,,,,,,,,,,,,,,,,
Al2O3_x010,Al2O3_x100_chain_Cl_x200_cLi24gaS4a_s00,Al2O3+Clrich,Li_24g,S_4a,0.25,compound_set_chain,4,-0.6221319173802842,-0.05541671681524365,True,0.23823642465866357,3.1908403566382155,0.6470588235294118,0.7380841892614346,1.0165485386859099,,,,,,,,,,,,,,,,,,,,,,,,,,,,,,,,0,,,,,,0.15998132181631392,18,,5,17,3,4,16,2,,,,,,,,,,,,,,,,,,,,,,,,,,,,,,,,,,
Al2O3_x010,Al2O3_x100_chain_Cl_x200_cLi24gaS4a_s01,Al2O3+Clrich,Li_24g,S_4a,0.25,compound_set_chain,4,-0.6191375964062784,-0.04109050389060484,True,0.18474105839409122,3.1006772860001925,0.4117647058823529,0.5708017965360246,1.014016623819643,,,,,,,,,,,,,,,,,,,,,,,,,,,,,,,,0,,,,,,0.1540103647661791,19,,5,17,3,4,16,2,,,,,,,,,,,,,,,,,,,,,,,,,,,,,,,,,,
Al2O3_x010,Al2O3_x100_chain_Cl_x200_cLi24gaS4a_s02,Al2O3+Clrich,Li_24g,S_4a,0.25,compound_set_chain,4,-0.7153861831119608,-0.21598022672495065,True,0.2054430480699861,2.9708637863554634,0.6470588235294118,2.4728200958001154,1.0363922769917826,0.9340127533817377,0.07794903856427082,0.8612073572488639,0.142144,,-944.704821450779,-4.3874902251708905,-1.4839145619995946,True,12.842774968289975,22.231976540830015,5.339664171507951,0.9995036056662422,True,OK,15.051362879713377,13.309281290456344,30.83820524729696,0.8842575517460245,0.15852255934398357,,,,,,,,,,,,0,,,-0.7153861831119608,-0.6977089100822029,-944.7048214507787,0.3106889384409315,12,,5,17,3,4,16,2,,,,,,,,,,,,,,,,,,,,,,,,,,,,,,,,,,
Al2O3_x010,Al2O3_x100_chain_Cl_x200_cLi24gaS4a_s03,Al2O3+Clrich,Li_24g,S_4a,0.25,compound_set_chain,4,-0.684302272790065,-0.10118666614168673,True,0.1931331727617902,3.055053998984096,0.6470588235294118,0.6069165008036844,1.119141054995958,,,,,,,,,,,,,,,,,,,,,,,,,,,,,,,,0,,,,,,0.28395484541849847,14,,5,17,3,4,16,2,,,,,,,,,,,,,,,,,,,,,,,,,,,,,,,,,,
Al2O3_x010,Al2O3_x100_chain_Cl_x200_cLi24gaS4a_s04,Al2O3+Clrich,Li_24g,S_4a,0.25,compound_set_chain,4,-0.6995151989205279,-0.10679831496525174,True,0.33344867575377113,3.017979176050024,0.6470588235294118,3.9174054368588767,1.0280007089899021,,,,,,,,,,,,,,,,,,,,,,,,,,,,,,,,0,,,,,,0.31429084791136075,11,,5,17,3,4,16,2,,,,,,,,,,,,,,,,,,,,,,,,,,,,,,,,,,
AlF3_x002,AlF3_x020_s00,AlF3,Li_24g,Cl_4d,0.25,compound_set,4,-0.5991382130711513,-0.17257101628507132,True,0.28731046933195536,3.073927238212464,0.6666666666666666,1.4228021874429158,1.0381114597121235,,,,,,,,,,,,,,,,,,,,,,,,,,,,,,,,0,,,,,,0.35897831617468734,3,,1,21,,4,20,1,3,,,,,,,,,,,,,,,,,,,,,,,,,,,,,,,,,
AlF3_x002,AlF3_x020_s01,AlF3,Li_24g,Cl_4d,0.25,compound_set,4,-0.5955549581609518,-0.15480132973560493,True,0.2686581406246175,2.946499643625688,0.8095238095238095,0.21171558458237208,1.0427971852309663,,,,,,,,,,,,,,,,,,,,,,,,,,,,,,,,0,,,,,,0.3250038458618755,4,,1,21,,4,20,1,3,,,,,,,,,,,,,,,,,,,,,,,,,,,,,,,,,
AlF3_x002,AlF3_x020_s02,AlF3,Li_24g,Cl_4d,0.25,compound_set,4,-0.5929178264372337,-0.2014825394447969,True,0.22329813813612015,2.9173825953828363,0.7142857142857143,0.5284382187688546,1.008072386028271,,,,,,,,,,,,,,,,,,,,,,,,,,,,,,,,0,,,,,,0.3,5,,1,21,,4,20,1,3,,,,,,,,,,,,,,,,,,,,,,,,,,,,,,,,,
AlF3_x002,AlF3_x020_s03,AlF3,Li_24g,Cl_4d,0.25,compound_set,4,-0.6283169314417081,-0.16289786994133543,True,0.2791923848375988,2.9149097374160475,0.8095238095238095,3.0458216982205775,1.274855399768096,0.9483677980309828,0.11484904265335141,0.8394486643438576,0.139584,,-660.5219238554827,-4.324886758991507,-6.986773437788331,True,17.543457629181734,19.924926077925388,0.9866530424469132,0.9996531003873315,True,OK,22.81647152050117,18.540079774600883,43.76589206019636,0.8125743613749461,0.18030484745145917,,,,,,,,,,,,0,,,-0.6283169314417081,-0.6351054441067077,-660.5219238554829,0.7000000000000001,1,,1,21,,4,20,1,3,,,,,,,,,,,,,,,,,,,,,,,,,,,,,,,,,
AlF3_x002,AlF3_x020_s04,AlF3,Li_24g,Cl_4d,0.25,compound_set,4,-0.6260763805795704,-0.21182663514347896,True,0.29517095257871456,3.013860298120825,0.6190476190476191,1.59615415761185,1.0842948599804476,,,,,,,,,,,,,,,,,,,,,,,,,,,,,,,,0,,,,,,0.614391340152203,2,,1,21,,4,20,1,3,,,,,,,,,,,,,,,,,,,,,,,,,,,,,,,,,
AlF3_x005,AlF3_x050_s00,AlF3,Li_24g,Cl_4d,0.25,compound_set,4,-0.5991392132722817,-0.17257520389294143,True,0.28729382058742714,3.0739142561404114,0.6666666666666666,1.422993119464469,1.038116947591774,,,,,,,,,,,,,,,,,,,,,,,,,,,,,,,,0,,,,,,0.3422669541364631,3,,1,21,,4,20,1,3,,,,,,,,,,,,,,,,,,,,,,,,,,,,,,,,,
AlF3_x005,AlF3_x050_s01,AlF3,Li_24g,Cl_4d,0.25,compound_set,4,-0.5955565383011114,-0.15480541255161512,True,0.2686549978024927,2.94648817541479,0.8095238095238095,0.211680782284057,1.0428037221628317,,,,,,,,,,,,,,,,,,,,,,,,,,,,,,,,0,,,,,,0.31262569928046186,4,,1,21,,4,20,1,3,,,,,,,,,,,,,,,,,,,,,,,,,,,,,,,,,
AlF3_x005,AlF3_x050_s02,AlF3,Li_24g,Cl_4d,0.25,compound_set,4,-0.5940304970783163,-0.20457342852759342,True,0.22152735864056589,2.9133661562511786,0.7142857142857143,0.633781123183833,1.0121510450931392,,,,,,,,,,,,,,,,,,,,,,,,,,,,,,,,0,,,,,,0.3,5,,1,21,,4,20,1,3,,,,,,,,,,,,,,,,,,,,,,,,,,,,,,,,,
AlF3_x005,AlF3_x050_s03,AlF3,Li_24g,Cl_4d,0.25,compound_set,4,-0.6283175194832458,-0.16289830727641835,True,0.2791902026818469,2.914914278324734,0.8095238095238095,3.0458318470240044,1.2748545194904555,0.9682165525252691,0.1296356733087436,0.8427011478299853,0.132416,,-667.7940749240423,-4.332158904440913,-4.918612954560483,True,15.429491213075627,20.39714541977985,1.711725423402804,0.9972996984845438,True,OK,22.840269906149643,20.39396995520893,47.148899423701884,0.8928953133657122,0.15595196833315264,,,,,,,,,,,,0,,,-0.6283175194832458,-0.6423776401203378,-667.7940749240423,0.7000000000000001,1,,1,21,,4,20,1,3,,,,,,,,,,,,,,,,,,,,,,,,,,,,,,,,,
AlF3_x005,AlF3_x050_s04,AlF3,Li_24g,Cl_4d,0.25,compound_set,4,-0.6257458288428746,-0.21044305926122459,True,0.2890029018312935,3.0185458396474294,0.5714285714285714,1.526351171186977,1.0778672338121753,,,,,,,,,,,,,,,,,,,,,,,,,,,,,,,,0,,,,,,0.5623967396542332,2,,1,21,,4,20,1,3,,,,,,,,,,,,,,,,,,,,,,,,,,,,,,,,,
AlF3_x010,AlF3_x100_s00,AlF3,Li_24g,Cl_4d,0.25,compound_set,4,-0.5991391443010494,-0.17257485814854157,True,0.28729100870740204,3.0739137658118225,0.6666666666666666,1.4229286798164793,1.038116799192209,,,,,,,,,,,,,,,,,,,,,,,,,,,,,,,,0,,,,,,0.3480162759044372,3,,1,21,,4,20,1,3,,,,,,,,,,,,,,,,,,,,,,,,,,,,,,,,,
AlF3_x010,AlF3_x100_s01,AlF3,Li_24g,Cl_4d,0.25,compound_set,4,-0.5955563929942116,-0.15480482907008328,True,0.2686587892467734,2.946487674114481,0.8095238095238095,0.21169604463382727,1.0428025546228639,,,,,,,,,,,,,,,,,,,,,,,,,,,,,,,,0,,,,,,0.32035049227132845,4,,1,21,,4,20,1,3,,,,,,,,,,,,,,,,,,,,,,,,,,,,,,,,,
AlF3_x010,AlF3_x100_s02,AlF3,Li_24g,Cl_4d,0.25,compound_set,4,-0.5929209804663467,-0.20149178319753228,True,0.2232910906581831,2.917374040002219,0.7142857142857143,0.5286484734829954,1.0080815159586962,,,,,,,,,,,,,,,,,,,,,,,,,,,,,,,,0,,,,,,0.3,5,,1,21,,4,20,1,3,,,,,,,,,,,,,,,,,,,,,,,,,,,,,,,,,
AlF3_x010,AlF3_x100_s03,AlF3,Li_24g,Cl_4d,0.25,compound_set,4,-0.6283182711204383,-0.16289671648840184,True,0.2791916740588235,2.9149171782328223,0.8095238095238095,3.045894311673041,1.2748619387845666,0.9745213291750667,0.09033947434449012,0.8864835845598974,0.128128,,-670.1377697447907,-4.334502620625046,-6.42795871994142,True,19.692884847434474,19.99192655391083,4.562145240123728,0.9999516643498942,True,OK,27.205980364278744,22.01816914341788,52.020795493661694,0.8093135718177454,0.18131519371157193,,,,,,,,,,,,0,,,-0.6283182711204383,-0.6447214478501833,-670.1377697447906,0.7000000000000001,1,,1,21,,4,20,1,3,,,,,,,,,,,,,,,,,,,,,,,,,,,,,,,,,
AlF3_x010,AlF3_x100_s04,AlF3,Li_24g,Cl_4d,0.25,compound_set,4,-0.6206939731220666,-0.2126429489756906,True,0.2743417486123069,3.0107088413411227,0.6666666666666666,1.523627609369138,1.08736591361153,,,,,,,,,,,,,,,,,,,,,,,,,,,,,,,,0,,,,,,0.5144613286974784,2,,1,21,,4,20,1,3,,,,,,,,,,,,,,,,,,,,,,,,,,,,,,,,,
B2O3_x002,B2O3_x020_cP4baS16e_s00,B2O3,P_4b,S_16e,0.25,compound_set,4,-0.6158175367331831,-0.32496175804700567,True,0.12501977336724263,2.8482274029241106,0.8214285714285714,0.6614492105744648,1.1114562410410553,,,,,,,,,,,,,,,,,,,,,,,,,,,,,,,,0,,,,,,0.3016819794108672,12,,4,28,3,2,17,,,2,,,,,,,,,,,,,,,,,,,,,,,,,,,,,,,,
B2O3_x002,B2O3_x020_cP4baS16e_s01,B2O3,P_4b,S_16e,0.25,compound_set,4,-0.5105777328663308,-0.3018651458384493,True,0.17999493029234254,2.8237902896580995,0.8571428571428571,0.5198939102077416,1.055641531812137,,,,,,,,,,,,,,,,,,,,,,,,,,,,,,,,0,,,,,,0.1646374488189645,19,,4,28,3,2,17,,,2,,,,,,,,,,,,,,,,,,,,,,,,,,,,,,,,
B2O3_x002,B2O3_x020_cP4baS16e_s02,B2O3,P_4b,S_16e,0.25,compound_set,4,-0.6191695680367051,-0.3196636236093387,True,0.14903908680601607,2.8342968245443885,0.8571428571428571,1.5176553687476597,1.0208389016730117,,,,,,,,,,,,,,,,,,,,,,,,,,,,,,,,0,,,,,,0.3060470346432177,11,,4,28,3,2,17,,,2,,,,,,,,,,,,,,,,,,,,,,,,,,,,,,,,
B2O3_x002,B2O3_x020_cP4baS16e_s03,B2O3,P_4b,S_16e,0.25,compound_set,4,-0.6026434223696899,-0.28076615690758755,True,0.16585664124222754,2.8336451133430587,0.8214285714285714,0.32611045870365973,1.0909252080807437,,,,,,,,,,,,,,,,,,,,,,,,,,,,,,,,0,,,,,,0.2845264902083866,14,,4,28,3,2,17,,,2,,,,,,,,,,,,,,,,,,,,,,,,,,,,,,,,
B2O3_x002,B2O3_x020_cP4baS16e_s04,B2O3,P_4b,S_16e,0.25,compound_set,4,-0.5115378388538314,-0.2954697771980747,True,0.20475246163113817,2.859406451364754,0.8214285714285714,0.39999448516042035,1.0536132147975552,,,,,,,,,,,,,,,,,,,,,,,,,,,,,,,,0,,,,,,0.16588771031262864,18,,4,28,3,2,17,,,2,,,,,,,,,,,,,,,,,,,,,,,,,,,,,,,,
B2O3_x002,B2O3_x020_cP4baS4a_s00,B2O3,P_4b,S_4a,0.25,compound_set,4,-0.4993372825093143,-0.2616924856465273,True,0.2048529393543605,2.8683954892312653,0.6428571428571429,0.5366534469109093,1.0309539183405132,,,,,,,,,,,,,,,,,,,,,,,,,,,,,,,,0,,,,,,0.15,20,,4,28,3,2,17,,,2,,,,,,,,,,,,,,,,,,,,,,,,,,,,,,,,
B2O3_x002,B2O3_x020_cP4baS4a_s01,B2O3,P_4b,S_4a,0.25,compound_set,4,-0.5986098621761888,-0.2852441746051871,True,0.11869885700956892,2.8671646087147606,0.75,0.9007511328088874,1.054157121747837,,,,,,,,,,,,,,,,,,,,,,,,,,,,,,,,0,,,,,,0.2792739399087689,15,,4,28,3,2,17,,,2,,,,,,,,,,,,,,,,,,,,,,,,,,,,,,,,
B2O3_x002,B2O3_x020_cP4baS4a_s02,B2O3,P_4b,S_4a,0.25,compound_set,4,-0.5976545699552513,-0.33081038968389953,True,0.21505776537284202,2.7063496769402597,0.8571428571428571,1.8025021443733575,1.1137810139537478,,,,,,,,,,,,,,,,,,,,,,,,,,,,,,,,0,,,,,,0.27802994695946515,16,,4,28,3,2,17,,,2,,,,,,,,,,,,,,,,,,,,,,,,,,,,,,,,
B2O3_x002,B2O3_x020_cP4baS4a_s03,B2O3,P_4b,S_4a,0.25,compound_set,4,-0.5824203181801382,-0.2729797092296914,True,0.22653516408444796,2.8217757066752855,0.6785714285714286,1.1513810130112898,1.1220987779971945,,,,,,,,,,,,,,,,,,,,,,,,,,,,,,,,0,,,,,,0.25819172219347586,17,,4,28,3,2,17,,,2,,,,,,,,,,,,,,,,,,,,,,,,,,,,,,,,
B2O3_x002,B2O3_x020_cP4baS4a_s04,B2O3,P_4b,S_4a,0.25,compound_set,4,-0.6043914949535134,-0.2875092882294186,True,0.1868882865256864,2.82609645183615,0.75,0.8598299971786127,1.090430969838721,,,,,,,,,,,,,,,,,,,,,,,,,,,,,,,,0,,,,,,0.28680285122283466,13,,4,28,3,2,17,,,2,,,,,,,,,,,,,,,,,,,,,,,,,,,,,,,,
B2O3_x002,B2O3_x020_chain_Cl_x200_cLi24gaS16e_s00,B2O3+Clrich,Li_24g,S_16e,0.25,compound_set_chain,4,-0.8162968666327366,-0.16437161112085455,True,0.20060861600536303,3.0243213526780344,0.8823529411764706,1.4706011229149658,1.1155757142882217,0.9518961815395725,0.10676188614925693,0.8502699497801322,0.138944,,-1023.0963388013017,-4.4903732830684335,-3.744300275467336,True,12.252783462767553,21.834429725773294,4.436577059039407,0.9999844029521116,True,OK,18.10883360476538,14.874806633871845,35.03241013095612,0.8214116358083663,0.17757531217860748,,,,,,,,,,,,0,,,-0.8162968666327366,-0.8005919459598418,-1023.0963388013015,0.5422974238286561,3,,5,17,3,4,16,,,2,,,,,,,,,,,,,,,,,,,,,,,,,,,,,,,,
B2O3_x002,B2O3_x020_chain_Cl_x200_cLi24gaS16e_s01,B2O3+Clrich,Li_24g,S_16e,0.25,compound_set_chain,4,-0.6974263625760333,-0.07766993704630573,True,0.2669091008033068,2.9675864461863815,0.7058823529411765,0.6812378957380746,1.005187774583906,,,,,,,,,,,,,,,,,,,,,,,,,,,,,,,,0,,,,,,0.40795396794421357,8,,5,17,3,4,16,,,2,,,,,,,,,,,,,,,,,,,,,,,,,,,,,,,,
B2O3_x002,B2O3_x020_chain_Cl_x200_cLi24gaS16e_s02,B2O3+Clrich,Li_24g,S_16e,0.25,compound_set_chain,4,-0.779619234592043,-0.08688828939372116,True,0.3667067365694426,3.1045539547524013,0.7647058823529411,1.1605948870025413,1.0173793180694062,,,,,,,,,,,,,,,,,,,,,,,,,,,,,,,,0,,,,,,0.5149865083857136,5,,5,17,3,4,16,,,2,,,,,,,,,,,,,,,,,,,,,,,,,,,,,,,,
B2O3_x002,B2O3_x020_chain_Cl_x200_cLi24gaS16e_s03,B2O3+Clrich,Li_24g,S_16e,0.25,compound_set_chain,4,-0.8065069401740628,-0.11892083340113792,True,0.29533657094616533,3.1077817505679772,0.7058823529411765,0.3912533018475934,1.0816025700850185,,,,,,,,,,,,,,,,,,,,,,,,,,,,,,,,0,,,,,,0.55,2,,5,17,3,4,16,,,2,,,,,,,,,,,,,,,,,,,,,,,,,,,,,,,,
B2O3_x002,B2O3_x020_chain_Cl_x200_cLi24gaS16e_s04,B2O3+Clrich,Li_24g,S_16e,0.25,compound_set_chain,4,-0.7955837290737122,-0.09438969277557445,True,0.21055317673823684,3.031783140339178,0.7647058823529411,0.48211963433042504,1.093774521350883,,,,,,,,,,,,,,,,,,,,,,,,,,,,,,,,0,,,,,,0.5357756639332231,4,,5,17,3,4,16,,,2,,,,,,,,,,,,,,,,,,,,,,,,,,,,,,,,
B2O3_x002,B2O3_x020_chain_Cl_x200_cLi24gaS4a_s00,B2O3+Clrich,Li_24g,S_4a,0.25,compound_set_chain,4,-0.6819628692981201,-0.14962673423879186,True,0.22556829992749425,3.1083446026526507,0.7058823529411765,0.26419020319081365,1.0435928605828608,,,,,,,,,,,,,,,,,,,,,,,,,,,,,,,,0,,,,,,0.3878172221530126,9,,5,17,3,4,16,,,2,,,,,,,,,,,,,,,,,,,,,,,,,,,,,,,,
B2O3_x002,B2O3_x020_chain_Cl_x200_cLi24gaS4a_s01,B2O3+Clrich,Li_24g,S_4a,0.25,compound_set_chain,4,-0.7850484879686395,-0.0649773776687904,True,0.19562558101315955,3.168075266638407,0.5882352941176471,2.2103120185893745,1.0060095879043105,0.9408040797623843,0.10135596070680819,0.8454479784211832,0.146624,,-1023.5902139329033,-4.420947698612715,-5.911851802245715,True,11.473984294127618,20.914415793000476,1.0356223329770264,0.9939131905726615,True,OK,21.62096995718702,16.575334527912496,39.60514267600956,0.7666323278157413,0.19470115699068946,,,,,,,,,,,,0,,,-0.7850484879686395,-0.7311663615041235,-1023.5902139329038,0.7518905978634549,1,,5,17,3,4,16,,,2,,,,,,,,,,,,,,,,,,,,,,,,,,,,,,,,
B2O3_x002,B2O3_x020_chain_Cl_x200_cLi24gaS4a_s02,B2O3+Clrich,Li_24g,S_4a,0.25,compound_set_chain,4,-0.7088064088089645,-0.1742912971929562,True,0.34561019850635033,2.9855044314365635,0.7647058823529411,3.545529250850154,1.077708221400359,,,,,,,,,,,,,,,,,,,,,,,,,,,,,,,,0,,,,,,0.42277320018147013,6,,5,17,3,4,16,,,2,,,,,,,,,,,,,,,,,,,,,,,,,,,,,,,,
B2O3_x002,B2O3_x020_chain_Cl_x200_cLi24gaS4a_s03,B2O3+Clrich,Li_24g,S_4a,0.25,compound_set_chain,4,-0.7027094517033916,-0.16344855209247888,True,0.20533592543292745,2.9447079542334405,0.6470588235294118,2.097932482745573,1.0772713358863244,,,,,,,,,,,,,,,,,,,,,,,,,,,,,,,,0,,,,,,0.4148336697578926,7,,5,17,3,4,16,,,2,,,,,,,,,,,,,,,,,,,,,,,,,,,,,,,,
B2O3_x002,B2O3_x020_chain_Cl_x200_cLi24gaS4a_s04,B2O3+Clrich,Li_24g,S_4a,0.25,compound_set_chain,4,-0.670542416311334,0.021785916860518156,True,0.31062818036372003,3.124458209429689,0.6470588235294118,1.8936943612170067,1.0117634222621703,,,,,,,,,,,,,,,,,,,,,,,,,,,,,,,,0,,,,,,0.37294537175787945,10,,5,17,3,4,16,,,2,,,,,,,,,,,,,,,,,,,,,,,,,,,,,,,,
B2O3_x005,B2O3_x050_cP4baS16e_s00,B2O3,P_4b,S_16e,0.25,compound_set,4,-0.615818127884594,-0.3249605839054185,True,0.12502836035525983,2.848230834298772,0.8214285714285714,0.6614251412055907,1.111460404412479,,,,,,,,,,,,,,,,,,,,,,,,,,,,,,,,0,,,,,,0.290305751283258,12,,4,28,3,2,17,,,2,,,,,,,,,,,,,,,,,,,,,,,,,,,,,,,,
B2O3_x005,B2O3_x050_cP4baS16e_s01,B2O3,P_4b,S_16e,0.25,compound_set,4,-0.5104793208980118,-0.30147458587160225,True,0.1810551132928249,2.824881534795805,0.8571428571428571,0.5016488252018796,1.0551109035061812,,,,,,,,,,,,,,,,,,,,,,,,,,,,,,,,0,,,,,,0.16341956335678634,19,,4,28,3,2,17,,,2,,,,,,,,,,,,,,,,,,,,,,,,,,,,,,,,
B2O3_x005,B2O3_x050_cP4baS16e_s02,B2O3,P_4b,S_16e,0.25,compound_set,4,-0.6191827065794562,-0.3197227116376112,True,0.14913344404708792,2.8341722762210693,0.8571428571428571,1.5180699337751202,1.0208609128180388,,,,,,,,,,,,,,,,,,,,,,,,,,,,,,,,0,,,,,,0.29435856502571917,11,,4,28,3,2,17,,,2,,,,,,,,,,,,,,,,,,,,,,,,,,,,,,,,
B2O3_x005,B2O3_x050_cP4baS16e_s03,B2O3,P_4b,S_16e,0.25,compound_set,4,-0.6025996881896929,-0.28053372881139005,True,0.16584872363265155,2.8336946320808845,0.8214285714285714,0.3219022695685404,1.0910090800230274,,,,,,,,,,,,,,,,,,,,,,,,,,,,,,,,0,,,,,,0.2743834385933526,14,,4,28,3,2,17,,,2,,,,,,,,,,,,,,,,,,,,,,,,,,,,,,,,
B2O3_x005,B2O3_x050_cP4baS16e_s04,B2O3,P_4b,S_16e,0.25,compound_set,4,-0.5114300367653963,-0.29525792196744277,True,0.20473052462176797,2.859836416134915,0.8214285714285714,0.394895115321948,1.0532600885474865,,,,,,,,,,,,,,,,,,,,,,,,,,,,,,,,0,,,,,,0.1645647511148838,18,,4,28,3,2,17,,,2,,,,,,,,,,,,,,,,,,,,,,,,,,,,,,,,
B2O3_x005,B2O3_x050_cP4baS4a_s00,B2O3,P_4b,S_4a,0.25,compound_set,4,-0.4993386221554199,-0.2616959688523813,True,0.20485155607807162,2.868395253468564,0.6428571428571429,0.536686356498437,1.0309570793299836,,,,,,,,,,,,,,,,,,,,,,,,,,,,,,,,0,,,,,,0.15,20,,4,28,3,2,17,,,2,,,,,,,,,,,,,,,,,,,,,,,,,,,,,,,,
B2O3_x005,B2O3_x050_cP4baS4a_s01,B2O3,P_4b,S_4a,0.25,compound_set,4,-0.5984702731547675,-0.2842424661840982,True,0.11813047310069376,2.867751228887601,0.75,0.9270497580214339,1.0541142908267687,,,,,,,,,,,,,,,,,,,,,,,,,,,,,,,,0,,,,,,0.2694093388561619,15,,4,28,3,2,17,,,2,,,,,,,,,,,,,,,,,,,,,,,,,,,,,,,,
B2O3_x005,B2O3_x050_cP4baS4a_s02,B2O3,P_4b,S_4a,0.25,compound_set,4,-0.5976553890061171,-0.3308098821503595,True,0.21505841071071924,2.706343726164415,0.8571428571428571,1.8026614088712418,1.113788994643967,,,,,,,,,,,,,,,,,,,,,,,,,,,,,,,,0,,,,,,0.26842776761777565,16,,4,28,3,2,17,,,2,,,,,,,,,,,,,,,,,,,,,,,,,,,,,,,,
B2O3_x005,B2O3_x050_cP4baS4a_s03,B2O3,P_4b,S_4a,0.25,compound_set,4,-0.5824257731271332,-0.2729874038673403,True,0.22652540215841893,2.8217539431322094,0.6785714285714286,1.1514436227785412,1.1221121714678304,,,,,,,,,,,,,,,,,,,,,,,,,,,,,,,,0,,,,,,0.2500828863935665,17,,4,28,3,2,17,,,2,,,,,,,,,,,,,,,,,,,,,,,,,,,,,,,,
B2O3_x005,B2O3_x050_cP4baS4a_s04,B2O3,P_4b,S_4a,0.25,compound_set,4,-0.6043919338879697,-0.2875098477551179,True,0.18688863104422695,2.8260976646714937,0.75,0.8598370044327829,1.090431627669544,,,,,,,,,,,,,,,,,,,,,,,,,,,,,,,,0,,,,,,0.2765422937293419,13,,4,28,3,2,17,,,2,,,,,,,,,,,,,,,,,,,,,,,,,,,,,,,,
B2O3_x005,B2O3_x050_chain_Cl_x200_cLi24gaS16e_s00,B2O3+Clrich,Li_24g,S_16e,0.25,compound_set_chain,4,-0.8162537302914017,-0.16395895552491996,True,0.20466286303740674,3.020335959854283,0.8823529411764706,1.4485081529348118,1.1146765769550262,0.9883595474090415,0.09371038467835384,0.8957399940208166,0.141248,,-1053.916314492799,-4.521193253458843,-1.8360250003550367,True,,,,0.9394462476255071,False,"r2=0.9394 / V0 / B0'=-20.93 unphysical (need r2>=0.95, 0<B0'<15)",9.736195949331742,5.512608415916725,13.912150891695136,0.566197357222981,0.2618482796207826,,,,,,,,,,,,0,,,-0.8162537302914017,-0.8314119824099628,-1053.916314492799,0.55,2,,5,17,3,4,16,,,2,,,,,,,,,,,,,,,,,,,,,,,,,,,,,,,,
B2O3_x005,B2O3_x050_chain_Cl_x200_cLi24gaS16e_s01,B2O3+Clrich,Li_24g,S_16e,0.25,compound_set_chain,4,-0.697427969955283,-0.07767090254086899,True,0.26691212690836047,2.9675843292164643,0.7058823529411765,0.6812117279095681,1.005188533889219,,,,,,,,,,,,,,,,,,,,,,,,,,,,,,,,0,,,,,,0.3886091406405168,8,,5,17,3,4,16,,,2,,,,,,,,,,,,,,,,,,,,,,,,,,,,,,,,
B2O3_x005,B2O3_x050_chain_Cl_x200_cLi24gaS16e_s02,B2O3+Clrich,Li_24g,S_16e,0.25,compound_set_chain,4,-0.7796942169810239,-0.08709111895056283,True,0.3660056425489004,3.104077517395522,0.7647058823529411,1.1640856346452662,1.0170610853704392,,,,,,,,,,,,,,,,,,,,,,,,,,,,,,,,0,,,,,,0.4877032046300903,5,,5,17,3,4,16,,,2,,,,,,,,,,,,,,,,,,,,,,,,,,,,,,,,
B2O3_x005,B2O3_x050_chain_Cl_x200_cLi24gaS16e_s03,B2O3+Clrich,Li_24g,S_16e,0.25,compound_set_chain,4,-0.8065059385156963,-0.11891509976376279,True,0.29533329999647545,3.107789006366101,0.7058823529411765,0.3910835751175167,1.0815951399104113,,,,,,,,,,,,,,,,,,,,,,,,,,,,,,,,0,,,,,,0.5199993472825699,3,,5,17,3,4,16,,,2,,,,,,,,,,,,,,,,,,,,,,,,,,,,,,,,
B2O3_x005,B2O3_x050_chain_Cl_x200_cLi24gaS16e_s04,B2O3+Clrich,Li_24g,S_16e,0.25,compound_set_chain,4,-0.7955864404891311,-0.09440188918480227,True,0.21055817691218506,3.031801476613804,0.7647058823529411,0.4822932651065983,1.0938050224645846,,,,,,,,,,,,,,,,,,,,,,,,,,,,,,,,0,,,,,,0.5068462319369785,4,,5,17,3,4,16,,,2,,,,,,,,,,,,,,,,,,,,,,,,,,,,,,,,
B2O3_x005,B2O3_x050_chain_Cl_x200_cLi24gaS4a_s00,B2O3+Clrich,Li_24g,S_4a,0.25,compound_set_chain,4,-0.6819629503587836,-0.14962745711393946,True,0.22556751984481105,3.108344674030832,0.7058823529411765,0.2641779193043379,1.043593033948882,,,,,,,,,,,,,,,,,,,,,,,,,,,,,,,,0,,,,,,0.3699807031354486,9,,5,17,3,4,16,,,2,,,,,,,,,,,,,,,,,,,,,,,,,,,,,,,,
B2O3_x005,B2O3_x050_chain_Cl_x200_cLi24gaS4a_s01,B2O3+Clrich,Li_24g,S_4a,0.25,compound_set_chain,4,-0.7850484255615595,-0.06492295121852676,True,0.19543691642596542,3.168404324347316,0.5882352941176471,2.2096985085079828,1.0061593048198614,0.9693506875687646,0.1541497824526745,0.8199254899596891,0.126592,,-1037.1598057682488,-4.434517250295139,-4.779221557139912,True,14.09148685043494,21.29021949424363,9.106621087329343,0.9999461942247228,True,OK,22.16759731612541,17.091742024013236,40.79149113626363,0.7710236603576411,0.19330993525859322,,,,,,,,,,,,0,,,-0.7850484255615595,-0.7447359792462591,-1037.159805768249,0.7455941505247343,1,,5,17,3,4,16,,,2,,,,,,,,,,,,,,,,,,,,,,,,,,,,,,,,
B2O3_x005,B2O3_x050_chain_Cl_x200_cLi24gaS4a_s02,B2O3+Clrich,Li_24g,S_4a,0.25,compound_set_chain,4,-0.7087528027060146,-0.17395715832910244,True,0.34581090561315203,2.9857436355782636,0.7647058823529411,3.5410193421622083,1.077499175957131,,,,,,,,,,,,,,,,,,,,,,,,,,,,,,,,0,,,,,,0.40225050319010625,6,,5,17,3,4,16,,,2,,,,,,,,,,,,,,,,,,,,,,,,,,,,,,,,
B2O3_x005,B2O3_x050_chain_Cl_x200_cLi24gaS4a_s03,B2O3+Clrich,Li_24g,S_4a,0.25,compound_set_chain,4,-0.7030256595384583,-0.1649248563683751,True,0.20448044067985235,2.9428485276451215,0.6470588235294118,2.1197770527834012,1.0785213175734132,,,,,,,,,,,,,,,,,,,,,,,,,,,,,,,,0,,,,,,0.3953518550562526,7,,5,17,3,4,16,,,2,,,,,,,,,,,,,,,,,,,,,,,,,,,,,,,,
B2O3_x005,B2O3_x050_chain_Cl_x200_cLi24gaS4a_s04,B2O3+Clrich,Li_24g,S_4a,0.25,compound_set_chain,4,-0.6705519140217224,0.021827596279352213,True,0.3106304292904798,3.124536536128369,0.6470588235294118,1.8955562642016066,1.011820515549084,,,,,,,,,,,,,,,,,,,,,,,,,,,,,,,,0,,,,,,0.3562355037875523,10,,5,17,3,4,16,,,2,,,,,,,,,,,,,,,,,,,,,,,,,,,,,,,,
B2O3_x010,B2O3_x100_cP4baS16e_s00,B2O3,P_4b,S_16e,0.25,compound_set,4,-0.6158175493778786,-0.32496227296860947,True,0.12502179955532297,2.84822529559303,0.8214285714285714,0.6614096061136466,1.1114567126520556,,,,,,,,,,,,,,,,,,,,,,,,,,,,,,,,0,,,,,,0.2908384777309051,12,,4,28,3,2,17,,,2,,,,,,,,,,,,,,,,,,,,,,,,,,,,,,,,
B2O3_x010,B2O3_x100_cP4baS16e_s01,B2O3,P_4b,S_16e,0.25,compound_set,4,-0.5104766421664899,-0.3014653711717617,True,0.18108286194518705,2.8249116287820075,0.8571428571428571,0.5012282738423783,1.055098383575668,,,,,,,,,,,,,,,,,,,,,,,,,,,,,,,,0,,,,,,0.16317848016773362,19,,4,28,3,2,17,,,2,,,,,,,,,,,,,,,,,,,,,,,,,,,,,,,,
B2O3_x010,B2O3_x100_cP4baS16e_s02,B2O3,P_4b,S_16e,0.25,compound_set,4,-0.6192848338604571,-0.32021498138588594,True,0.1498666209490247,2.8331796792757413,0.8571428571428571,1.5248204198601554,1.0213148500007214,,,,,,,,,,,,,,,,,,,,,,,,,,,,,,,,0,,,,,,0.2950403926404526,11,,4,28,3,2,17,,,2,,,,,,,,,,,,,,,,,,,,,,,,,,,,,,,,
B2O3_x010,B2O3_x100_cP4baS16e_s03,B2O3,P_4b,S_16e,0.25,compound_set,4,-0.6051513501713717,-0.28688630347523586,True,0.18612947239638006,2.837541939347292,0.8214285714285714,0.5072930847075627,1.0904934717724941,,,,,,,,,,,,,,,,,,,,,,,,,,,,,,,,0,,,,,,0.277912379021896,13,,4,28,3,2,17,,,2,,,,,,,,,,,,,,,,,,,,,,,,,,,,,,,,
B2O3_x010,B2O3_x100_cP4baS16e_s04,B2O3,P_4b,S_16e,0.25,compound_set,4,-0.5113905966450925,-0.2951342092159923,True,0.2052140266266607,2.860045129100796,0.8214285714285714,0.38239669762292194,1.0529785694872222,,,,,,,,,,,,,,,,,,,,,,,,,,,,,,,,0,,,,,,0.1642860786268689,18,,4,28,3,2,17,,,2,,,,,,,,,,,,,,,,,,,,,,,,,,,,,,,,
B2O3_x010,B2O3_x100_cP4baS4a_s00,B2O3,P_4b,S_4a,0.25,compound_set,4,-0.499602185930899,-0.26173950767558823,True,0.20535722230645576,2.868104697072898,0.6428571428571429,0.5470519951972984,1.0308270009614962,,,,,,,,,,,,,,,,,,,,,,,,,,,,,,,,0,,,,,,0.15,20,,4,28,3,2,17,,,2,,,,,,,,,,,,,,,,,,,,,,,,,,,,,,,,
B2O3_x010,B2O3_x100_cP4baS4a_s01,B2O3,P_4b,S_4a,0.25,compound_set,4,-0.5984617042044955,-0.2842503093597185,True,0.11824356729412308,2.867837630489454,0.75,0.9324952677786535,1.0540748954792698,,,,,,,,,,,,,,,,,,,,,,,,,,,,,,,,0,,,,,,0.2698053652279465,15,,4,28,3,2,17,,,2,,,,,,,,,,,,,,,,,,,,,,,,,,,,,,,,
B2O3_x010,B2O3_x100_cP4baS4a_s02,B2O3,P_4b,S_4a,0.25,compound_set,4,-0.5976554365957614,-0.33080991812810384,True,0.21505847202980993,2.7063433354721016,0.8571428571428571,1.8026656606074594,1.1137892477769267,,,,,,,,,,,,,,,,,,,,,,,,,,,,,,,,0,,,,,,0.2688282697795494,16,,4,28,3,2,17,,,2,,,,,,,,,,,,,,,,,,,,,,,,,,,,,,,,
B2O3_x010,B2O3_x100_cP4baS4a_s03,B2O3,P_4b,S_4a,0.25,compound_set,4,-0.5824275519006625,-0.27298394416621125,True,0.22654190839498883,2.8217491611073924,0.6785714285714286,1.1511361504469062,1.1221093225020633,,,,,,,,,,,,,,,,,,,,,,,,,,,,,,,,0,,,,,,0.2503739790910561,17,,4,28,3,2,17,,,2,,,,,,,,,,,,,,,,,,,,,,,,,,,,,,,,
B2O3_x010,B2O3_x100_cP4baS4a_s04,B2O3,P_4b,S_4a,0.25,compound_set,4,-0.6043920295187246,-0.2875099130525464,True,0.18688753307020103,2.826098245413373,0.75,0.8598349711749682,1.090432010563013,,,,,,,,,,,,,,,,,,,,,,,,,,,,,,,,0,,,,,,0.2769921774095056,14,,4,28,3,2,17,,,2,,,,,,,,,,,,,,,,,,,,,,,,,,,,,,,,
B2O3_x010,B2O3_x100_chain_Cl_x200_cLi24gaS16e_s00,B2O3+Clrich,Li_24g,S_16e,0.25,compound_set_chain,4,-0.8163385710426172,-0.16392481450076427,True,0.205592309233273,3.019176426299243,0.8823529411764706,1.454692747018273,1.115456070195992,0.9953138462004719,0.10995837532848138,0.885870752730326,0.111488,,-1052.1735862636942,-4.519450540005112,-5.6580948792707115,True,16.200338178124948,21.45341546971425,3.876962157422967,0.9999214092200231,True,OK,25.60090671919562,17.651117063549915,43.05766216125512,0.6894723400681377,0.2196866069788433,,,,,,,,,,,,0,,,-0.8163385710426172,-0.8296692679367923,-1052.1735862636947,0.85,1,,5,17,3,4,16,,,2,,,,,,,,,,,,,,,,,,,,,,,,,,,,,,,,
B2O3_x010,B2O3_x100_chain_Cl_x200_cLi24gaS16e_s01,B2O3+Clrich,Li_24g,S_16e,0.25,compound_set_chain,4,-0.6974400648907975,-0.07767843732987693,True,0.2668483141460978,2.967577694766989,0.7058823529411765,0.6807363114594391,1.005189984916975,,,,,,,,,,,,,,,,,,,,,,,,,,,,,,,,0,,,,,,0.3897547525885857,8,,5,17,3,4,16,,,2,,,,,,,,,,,,,,,,,,,,,,,,,,,,,,,,
B2O3_x010,B2O3_x100_chain_Cl_x200_cLi24gaS16e_s02,B2O3+Clrich,Li_24g,S_16e,0.25,compound_set_chain,4,-0.7796187619102493,-0.08688851752578143,True,0.36671511484874186,3.104557077695262,0.7647058823529411,1.160621155158228,1.0173805922102162,,,,,,,,,,,,,,,,,,,,,,,,,,,,,,,,0,,,,,,0.48934504983365856,4,,5,17,3,4,16,,,2,,,,,,,,,,,,,,,,,,,,,,,,,,,,,,,,
B2O3_x010,B2O3_x100_chain_Cl_x200_cLi24gaS16e_s03,B2O3+Clrich,Li_24g,S_16e,0.25,compound_set_chain,4,-0.8065071406740523,-0.11892189496487769,True,0.29533724542126605,3.10778016480241,0.7058823529411765,0.39129482282575384,1.081604646805736,,,,,,,,,,,,,,,,,,,,,,,,,,,,,,,,0,,,,,,0.5219304001817103,2,,5,17,3,4,16,,,2,,,,,,,,,,,,,,,,,,,,,,,,,,,,,,,,
B2O3_x010,B2O3_x100_chain_Cl_x200_cLi24gaS16e_s04,B2O3+Clrich,Li_24g,S_16e,0.25,compound_set_chain,4,-0.79558676667089,-0.09440335816408886,True,0.21055451075093534,3.031796574469166,0.7647058823529411,0.4821965011278524,1.0938112768085617,,,,,,,,,,,,,,,,,,,,,,,,,,,,,,,,0,,,,,,0.5086962734256624,3,,5,17,3,4,16,,,2,,,,,,,,,,,,,,,,,,,,,,,,,,,,,,,,
B2O3_x010,B2O3_x100_chain_Cl_x200_cLi24gaS4a_s00,B2O3+Clrich,Li_24g,S_4a,0.25,compound_set_chain,4,-0.6819628593900311,-0.14962629107379427,True,0.2255673996155974,3.1083447905556865,0.7058823529411765,0.2641982712474211,1.0435914217670208,,,,,,,,,,,,,,,,,,,,,,,,,,,,,,,,0,,,,,,0.37099831628271984,9,,5,17,3,4,16,,,2,,,,,,,,,,,,,,,,,,,,,,,,,,,,,,,,
B2O3_x010,B2O3_x100_chain_Cl_x200_cLi24gaS4a_s01,B2O3+Clrich,Li_24g,S_4a,0.25,compound_set_chain,4,-0.7851076224686957,-0.06539790275004531,True,0.1955938762917253,3.16855975492591,0.5882352941176471,2.225013298792879,1.0061403701835563,0.9813697522396121,0.1358784934832308,0.8480227087552822,0.149056,,-1043.254012285877,-4.440611483430996,-2.993877535533744,True,,,,0.9180845389233255,False,"r2=0.9181 / V0 / B0'=0.92 unphysical (need r2>=0.95, 0<B0'<15)",10.391965642424573,7.754333504236909,18.62935046015969,0.7461854447035804,0.20122190063019307,,,,,,,,,,,,0,,,-0.7851076224686957,-0.7508302113626768,-1043.2540122858773,0.4544569290642466,5,,5,17,3,4,16,,,2,,,,,,,,,,,,,,,,,,,,,,,,,,,,,,,,
B2O3_x010,B2O3_x100_chain_Cl_x200_cLi24gaS4a_s02,B2O3+Clrich,Li_24g,S_4a,0.25,compound_set_chain,4,-0.7087784283867093,-0.1740598310044712,True,0.34582256673921136,2.9855499084571138,0.7647058823529411,3.543175264802886,1.0774539966488097,,,,,,,,,,,,,,,,,,,,,,,,,,,,,,,,0,,,,,,0.40349543030416535,6,,5,17,3,4,16,,,2,,,,,,,,,,,,,,,,,,,,,,,,,,,,,,,,
B2O3_x010,B2O3_x100_chain_Cl_x200_cLi24gaS4a_s03,B2O3+Clrich,Li_24g,S_4a,0.25,compound_set_chain,4,-0.7027019209612759,-0.16343391304968896,True,0.20549912059068845,2.944796247296548,0.6470588235294118,2.1014113923041373,1.0773986783070322,,,,,,,,,,,,,,,,,,,,,,,,,,,,,,,,0,,,,,,0.39613146369652286,7,,5,17,3,4,16,,,2,,,,,,,,,,,,,,,,,,,,,,,,,,,,,,,,
B2O3_x010,B2O3_x100_chain_Cl_x200_cLi24gaS4a_s04,B2O3+Clrich,Li_24g,S_4a,0.25,compound_set_chain,4,-0.6704951361502762,0.021550922802082883,True,0.3105488047362105,3.1239750794463523,0.6470588235294118,1.884739196561827,1.011426886874866,,,,,,,,,,,,,,,,,,,,,,,,,,,,,,,,0,,,,,,0.35710087074520924,10,,5,17,3,4,16,,,2,,,,,,,,,,,,,,,,,,,,,,,,,,,,,,,,
BaO_x002,BaO_x020_cLi24gaS16e_s00,BaO,Li_24g,S_16e,0.25,compound_set,4,-0.5243514828791085,-0.15537322848594892,True,0.1384503794395801,3.0120285298603005,0.3181818181818182,0.6265296419581173,1.11353745331961,,,,,,,,,,,,,,,,,,,,,,,,,,,,,,,,0,,,,,,0.2806724056950382,4,,4,22,1,4,19,,,,1,,,,,,,,,,,,,,,,,,,,,,,,,,,,,,,
BaO_x002,BaO_x020_cLi24gaS16e_s01,BaO,Li_24g,S_16e,0.25,compound_set,4,-0.553447869052845,-0.17697167274165482,True,0.16044068646991963,2.9625515580246016,0.22727272727272727,1.2867261730658703,1.1568863585933364,0.9956950569627702,0.12995785281807903,0.8662966652983136,0.13728,,-868.0096182120582,-4.267221505665644,-4.789361550489421,True,23.157374967871174,19.922032619022968,3.2761397202964844,0.9999648785990228,True,OK,26.246269396877246,21.335688159264414,50.360882708230484,0.8129036487678097,0.180202914766607,,,,,,,,,,,,0,,,-0.553447869052845,-0.5774402095385405,-868.0096182120583,0.85,1,,4,22,1,4,19,,,,1,,,,,,,,,,,,,,,,,,,,,,,,,,,,,,,
BaO_x002,BaO_x020_cLi24gaS16e_s02,BaO,Li_24g,S_16e,0.25,compound_set,4,-0.5189956825965849,-0.1486841090870944,True,0.20321503507085645,2.908084082408091,0.3181818181818182,1.0159741868536298,1.0907887021220541,,,,,,,,,,,,,,,,,,,,,,,,,,,,,,,,0,,,,,,0.25350157496625797,8,,4,22,1,4,19,,,,1,,,,,,,,,,,,,,,,,,,,,,,,,,,,,,,
BaO_x002,BaO_x020_cLi24gaS16e_s03,BaO,Li_24g,S_16e,0.25,compound_set,4,-0.5316404579524869,-0.15843434095619494,True,0.13455371070562377,3.0306026436177773,0.36363636363636365,0.9952180082638813,1.1693035305563617,,,,,,,,,,,,,,,,,,,,,,,,,,,,,,,,0,,,,,,0.3176505410731086,3,,4,22,1,4,19,,,,1,,,,,,,,,,,,,,,,,,,,,,,,,,,,,,,
BaO_x002,BaO_x020_cLi24gaS16e_s04,BaO,Li_24g,S_16e,0.25,compound_set,4,-0.5213583596457996,-0.12150583486803686,True,0.15024890069344304,2.864240093351808,0.36363636363636365,0.9290447122570241,1.1354292377968245,,,,,,,,,,,,,,,,,,,,,,,,,,,,,,,,0,,,,,,0.26548781320976794,6,,4,22,1,4,19,,,,1,,,,,,,,,,,,,,,,,,,,,,,,,,,,,,,
BaO_x002,BaO_x020_cLi24gaS4a_s00,BaO,Li_24g,S_4a,0.25,compound_set,4,-0.5335549102359671,-0.2003653991508931,True,0.2610031064447133,2.8689766409414332,0.6363636363636364,1.0933104608531994,1.114051891521875,1.042929607425525,0.10024917819061228,0.8611248722483172,0.13632,,-854.439577389817,-4.222629593003032,-2.7235982205114926,True,20.890280722618154,20.588161160864217,3.601672599230405,0.9996764589351746,True,OK,25.614683884281785,19.826724269513306,47.28106739611333,0.7740374372404335,0.19235701151136125,,,,,,,,,,,,0,,,-0.5335549102359671,-0.5328482968759287,-854.439577389817,0.3237781009531058,2,,4,22,1,4,19,,,,1,,,,,,,,,,,,,,,,,,,,,,,,,,,,,,,
BaO_x002,BaO_x020_cLi24gaS4a_s01,BaO,Li_24g,S_4a,0.25,compound_set,4,-0.5228676976381514,-0.17064654357879858,True,0.23032899426094194,2.7722039066634547,0.2727272727272727,0.5500052669848617,1.2147861040193904,,,,,,,,,,,,,,,,,,,,,,,,,,,,,,,,0,,,,,,0.27314492604807306,5,,4,22,1,4,19,,,,1,,,,,,,,,,,,,,,,,,,,,,,,,,,,,,,
BaO_x002,BaO_x020_cLi24gaS4a_s02,BaO,Li_24g,S_4a,0.25,compound_set,4,-0.5137593689937887,-0.1758175342076895,True,0.2614681950699073,2.8897371839612913,0.22727272727272727,0.95978270701467,1.1521414913041312,,,,,,,,,,,,,,,,,,,,,,,,,,,,,,,,0,,,,,,0.22693691925856846,9,,4,22,1,4,19,,,,1,,,,,,,,,,,,,,,,,,,,,,,,,,,,,,,
BaO_x002,BaO_x020_cLi24gaS4a_s03,BaO,Li_24g,S_4a,0.25,compound_set,4,-0.5192019689276366,-0.19491313932204044,True,0.19043207556595007,2.868818276264189,0.2727272727272727,1.4627254923000776,1.1708035948380842,,,,,,,,,,,,,,,,,,,,,,,,,,,,,,,,0,,,,,,0.2545480984897276,7,,4,22,1,4,19,,,,1,,,,,,,,,,,,,,,,,,,,,,,,,,,,,,,
BaO_x002,BaO_x020_cLi24gaS4a_s04,BaO,Li_24g,S_4a,0.25,compound_set,4,-0.4985938859058878,-0.13460432141619433,True,0.2658580101623988,2.808188193306995,0.3181818181818182,0.7026382849970609,1.0866353934563087,,,,,,,,,,,,,,,,,,,,,,,,,,,,,,,,0,,,,,,0.15,10,,4,22,1,4,19,,,,1,,,,,,,,,,,,,,,,,,,,,,,,,,,,,,,
BaO_x005,BaO_x050_cLi24gaS16e_s00,BaO,Li_24g,S_16e,0.25,compound_set,4,-0.5243516941510524,-0.15537369103634607,True,0.13845069450594458,3.012029698062331,0.3181818181818182,0.6265774671059599,1.1135386992528558,,,,,,,,,,,,,,,,,,,,,,,,,,,,,,,,0,,,,,,0.29165319338376816,4,,4,22,1,4,19,,,,1,,,,,,,,,,,,,,,,,,,,,,,,,,,,,,,
BaO_x005,BaO_x050_cLi24gaS16e_s01,BaO,Li_24g,S_16e,0.25,compound_set,4,-0.5533954635441729,-0.17675999948156024,True,0.1602784452018921,2.961964856201236,0.22727272727272727,1.273191438338802,1.156907617837815,1.0037410583059199,0.11238544236205213,0.884293939824641,0.139776,,-861.8969999398403,-4.261108890303827,-3.7103165755415355,True,19.974633153625597,20.09162454261066,6.726698391703886,0.9890151828654987,True,OK,21.839942308255303,14.815378054614161,36.24940047937071,0.6783615929706042,0.22337075522959932,,,,,,,,,,,,0,,,-0.5533954635441729,-0.5713276520809156,-861.8969999398405,0.55,2,,4,22,1,4,19,,,,1,,,,,,,,,,,,,,,,,,,,,,,,,,,,,,,
BaO_x005,BaO_x050_cLi24gaS16e_s02,BaO,Li_24g,S_16e,0.25,compound_set,4,-0.5189957680976169,-0.14868380578273938,True,0.20320983129994877,2.9080932470487544,0.3181818181818182,1.0159167321457185,1.090789292772888,,,,,,,,,,,,,,,,,,,,,,,,,,,,,,,,0,,,,,,0.2621979900552138,8,,4,22,1,4,19,,,,1,,,,,,,,,,,,,,,,,,,,,,,,,,,,,,,
BaO_x005,BaO_x050_cLi24gaS16e_s03,BaO,Li_24g,S_16e,0.25,compound_set,4,-0.5316417897289165,-0.15844465127006108,True,0.13455718955560972,3.03059890978396,0.36363636363636365,0.9954112700463333,1.1693216299579448,,,,,,,,,,,,,,,,,,,,,,,,,,,,,,,,0,,,,,,0.3317454660156588,3,,4,22,1,4,19,,,,1,,,,,,,,,,,,,,,,,,,,,,,,,,,,,,,
BaO_x005,BaO_x050_cLi24gaS16e_s04,BaO,Li_24g,S_16e,0.25,compound_set,4,-0.5213850454867659,-0.12157158099700278,True,0.1500197021305573,2.8640654921587423,0.36363636363636365,0.9288270511809428,1.1354936882530509,,,,,,,,,,,,,,,,,,,,,,,,,,,,,,,,0,,,,,,0.2753379495325404,6,,4,22,1,4,19,,,,1,,,,,,,,,,,,,,,,,,,,,,,,,,,,,,,
BaO_x005,BaO_x050_cLi24gaS4a_s00,BaO,Li_24g,S_4a,0.25,compound_set,4,-0.5335621939908632,-0.20038454279358256,True,0.26098475097715684,2.8689750952162245,0.6363636363636364,1.0930156115770662,1.1140836670715133,0.9980079322310117,0.10892125047131973,0.8893036602721138,0.131008,,-856.5714787444463,-4.224761571483294,-3.757662133641701,True,19.916681475597997,20.122585228974103,5.0476463907331,0.9997086644186414,True,OK,22.355134846163033,19.59362979908191,45.49051529009878,0.8764711075963337,0.1608496168543083,,,,,,,,,,,,0,,,-0.5335621939908632,-0.534980333260382,-856.571478744446,0.6501059656863867,1,,4,22,1,4,19,,,,1,,,,,,,,,,,,,,,,,,,,,,,,,,,,,,,
BaO_x005,BaO_x050_cLi24gaS4a_s01,BaO,Li_24g,S_4a,0.25,compound_set,4,-0.5227439277392758,-0.17075978796256308,True,0.2307196713959686,2.7719708807632197,0.2727272727272727,0.5655902302497691,1.2138962467492795,,,,,,,,,,,,,,,,,,,,,,,,,,,,,,,,0,,,,,,0.2828111955497383,5,,4,22,1,4,19,,,,1,,,,,,,,,,,,,,,,,,,,,,,,,,,,,,,
BaO_x005,BaO_x050_cLi24gaS4a_s02,BaO,Li_24g,S_4a,0.25,compound_set,4,-0.5137679559328214,-0.17580737533242624,True,0.26147273211532723,2.889789472438242,0.22727272727272727,0.9607412543712394,1.1521665495025746,,,,,,,,,,,,,,,,,,,,,,,,,,,,,,,,0,,,,,,0.23344735594614704,9,,4,22,1,4,19,,,,1,,,,,,,,,,,,,,,,,,,,,,,,,,,,,,,
BaO_x005,BaO_x050_cLi24gaS4a_s03,BaO,Li_24g,S_4a,0.25,compound_set,4,-0.519199834468135,-0.19490550205426632,True,0.19044205752217472,2.868814752377753,0.2727272727272727,1.4627668270187533,1.1708108401938924,,,,,,,,,,,,,,,,,,,,,,,,,,,,,,,,0,,,,,,0.2633202640328902,7,,4,22,1,4,19,,,,1,,,,,,,,,,,,,,,,,,,,,,,,,,,,,,,
BaO_x005,BaO_x050_cLi24gaS4a_s04,BaO,Li_24g,S_4a,0.25,compound_set,4,-0.49859447833645376,-0.1346044479424881,True,0.2658616282896917,2.808192182069614,0.3181818181818182,0.7026328594719803,1.0866340816636335,,,,,,,,,,,,,,,,,,,,,,,,,,,,,,,,0,,,,,,0.15,10,,4,22,1,4,19,,,,1,,,,,,,,,,,,,,,,,,,,,,,,,,,,,,,
BaO_x010,BaO_x100_cLi24gaS16e_s00,BaO,Li_24g,S_16e,0.25,compound_set,4,-0.5243515921470849,-0.15537409143741965,True,0.13845007736387388,3.0120239791073242,0.3181818181818182,0.6264723621524496,1.1135369121967902,,,,,,,,,,,,,,,,,,,,,,,,,,,,,,,,0,,,,,,0.2969243857637605,3,,4,22,1,4,19,,,,1,,,,,,,,,,,,,,,,,,,,,,,,,,,,,,,
BaO_x010,BaO_x100_cLi24gaS16e_s01,BaO,Li_24g,S_16e,0.25,compound_set,4,-0.5533713460523626,-0.17659533675480132,True,0.1603791424684705,2.961646179525138,0.22727272727272727,1.2704919575121705,1.1566164244412513,1.0056919272499572,0.12232804321409424,0.8726763118585528,0.134208,,-869.5548086579853,-4.268766683014765,-4.173791045983124,True,21.8433742651893,20.093322618026463,6.294985067642852,0.9998875287415199,True,OK,24.4410091083344,20.86871359321144,48.735395761332896,0.8538400972198482,0.16766650573963618,,,,,,,,,,,,0,,,-0.5533713460523626,-0.5789853936159655,-869.5548086579854,0.85,1,,4,22,1,4,19,,,,1,,,,,,,,,,,,,,,,,,,,,,,,,,,,,,,
BaO_x010,BaO_x100_cLi24gaS16e_s02,BaO,Li_24g,S_16e,0.25,compound_set,4,-0.5189983371144087,-0.14868757030483717,True,0.20324204095850287,2.9080763363834508,0.3181818181818182,1.0160642792662866,1.0907927409995362,,,,,,,,,,,,,,,,,,,,,,,,,,,,,,,,0,,,,,,0.27212694774675805,7,,4,22,1,4,19,,,,1,,,,,,,,,,,,,,,,,,,,,,,,,,,,,,,
BaO_x010,BaO_x100_cLi24gaS16e_s03,BaO,Li_24g,S_16e,0.25,compound_set,4,-0.5316713128553103,-0.1586675871644619,True,0.1345860495610953,3.030561473822405,0.36363636363636365,1.0000427713891675,1.16968415445802,,,,,,,,,,,,,,,,,,,,,,,,,,,,,,,,0,,,,,,0.33083091916372936,2,,4,22,1,4,19,,,,1,,,,,,,,,,,,,,,,,,,,,,,,,,,,,,,
BaO_x010,BaO_x100_cLi24gaS16e_s04,BaO,Li_24g,S_16e,0.25,compound_set,4,-0.5213742233835501,-0.1215461430110806,True,0.15012134629750223,2.8641376134619922,0.36363636363636365,0.9288579498803349,1.1354630910726322,,,,,,,,,,,,,,,,,,,,,,,,,,,,,,,,0,,,,,,0.28313256809080284,5,,4,22,1,4,19,,,,1,,,,,,,,,,,,,,,,,,,,,,,,,,,,,,,
BaO_x010,BaO_x100_cLi24gaS4a_s00,BaO,Li_24g,S_4a,0.25,compound_set,4,-0.5335565755291891,-0.20035573969795725,True,0.2610564306660135,2.8690086270806905,0.6363636363636364,1.0940221808088293,1.1140823811731064,1.015033440394466,0.08493712619759791,0.9013063306319048,0.145472,,-814.224870442068,-4.182414939274048,-2.055292267244361,True,18.24038977430164,20.660394433051362,5.706500651251996,0.9999961975798738,True,OK,23.52063770157175,19.253794618633854,45.379075127954124,0.8185915221740452,0.17844497738737117,,,,,,,,,,,,0,,,-0.5335565755291891,-0.4926336498752488,-814.2248704420681,0.15,10,,4,22,1,4,19,,,,1,,,,,,,,,,,,,,,,,,,,,,,,,,,,,,,
BaO_x010,BaO_x100_cLi24gaS4a_s01,BaO,Li_24g,S_4a,0.25,compound_set,4,-0.5228641074223241,-0.17063617438411013,True,0.23032654745468825,2.7721814773222486,0.2727272727272727,0.5503057326806475,1.2147951921237878,,,,,,,,,,,,,,,,,,,,,,,,,,,,,,,,0,,,,,,0.29003403399864885,4,,4,22,1,4,19,,,,1,,,,,,,,,,,,,,,,,,,,,,,,,,,,,,,
BaO_x010,BaO_x100_cLi24gaS4a_s02,BaO,Li_24g,S_4a,0.25,compound_set,4,-0.513765738067137,-0.17581134139072913,True,0.2614602943410352,2.8897676839057542,0.22727272727272727,0.960503044672153,1.1521624831999002,,,,,,,,,,,,,,,,,,,,,,,,,,,,,,,,0,,,,,,0.2478884144150708,8,,4,22,1,4,19,,,,1,,,,,,,,,,,,,,,,,,,,,,,,,,,,,,,
BaO_x010,BaO_x100_cLi24gaS4a_s03,BaO,Li_24g,S_4a,0.25,compound_set,4,-0.519397215247174,-0.19560111939001576,True,0.18915563889633388,2.8692446052789666,0.2727272727272727,1.4586128452056544,1.1701684658314697,,,,,,,,,,,,,,,,,,,,,,,,,,,,,,,,0,,,,,,0.2739746377434441,6,,4,22,1,4,19,,,,1,,,,,,,,,,,,,,,,,,,,,,,,,,,,,,,
BaO_x010,BaO_x100_cLi24gaS4a_s04,BaO,Li_24g,S_4a,0.25,compound_set,4,-0.49876364890788816,-0.13473019581150197,True,0.2652553343336377,2.809783252429779,0.2727272727272727,0.7046459284603314,1.0864745508537221,,,,,,,,,,,,,,,,,,,,,,,,,,,,,,,,0,,,,,,0.1783954846403358,9,,4,22,1,4,19,,,,1,,,,,,,,,,,,,,,,,,,,,,,,,,,,,,,
CaF2_x002,CaF2_x020_s00,CaF2,Li_24g,Cl_4d,0.25,compound_set,4,-0.5311937274417402,-0.18546336279988415,True,0.20009146095973213,2.8798356073331464,0.5454545454545454,1.7036410212082465,1.057839220644452,,,,,,,,,,,,,,,,,,,,,,,,,,,,,,,,0,,,,,,0.35406668964791554,4,,2,22,,4,20,,2,,,1,,,,,,,,,,,,,,,,,,,,,,,,,,,,,,
CaF2_x002,CaF2_x020_s01,CaF2,Li_24g,Cl_4d,0.25,compound_set,4,-0.5469113777818211,-0.22276099282964648,True,0.17582376219324677,3.0004742936410866,0.5454545454545454,0.30162572570603496,1.009949426020704,0.9715779264729015,0.13652208195365484,0.8389360851706061,0.1376,,-706.5273432842553,-4.273986702903815,-5.540516651866167,True,20.712386889788373,19.81950802842634,3.8046741811330103,0.9993159765584966,True,OK,17.418356383522163,20.127129631519537,43.591293234840236,1.155512563203718,0.08289890393946908,,,,,,,,,,,,0,,,-0.5469113777818211,-0.584205456525384,-706.5273432842556,0.7000000000000001,1,,2,22,,4,20,,2,,,1,,,,,,,,,,,,,,,,,,,,,,,,,,,,,,
CaF2_x002,CaF2_x020_s02,CaF2,Li_24g,Cl_4d,0.25,compound_set,4,-0.5429343646096947,-0.19455338280440607,True,0.21608032032715319,2.9467209158270817,0.7272727272727273,2.2345909266631723,1.0562024626305324,,,,,,,,,,,,,,,,,,,,,,,,,,,,,,,,0,,,,,,0.4306813851381319,3,,2,22,,4,20,,2,,,1,,,,,,,,,,,,,,,,,,,,,,,,,,,,,,
CaF2_x002,CaF2_x020_s03,CaF2,Li_24g,Cl_4d,0.25,compound_set,4,-0.543343627521907,-0.16613755125806637,True,0.3081420838483962,2.9598401079761745,0.6363636363636364,1.092689311882132,1.0863373248364236,,,,,,,,,,,,,,,,,,,,,,,,,,,,,,,,0,,,,,,0.43335207097451645,2,,2,22,,4,20,,2,,,1,,,,,,,,,,,,,,,,,,,,,,,,,,,,,,
CaF2_x002,CaF2_x020_s04,CaF2,Li_24g,Cl_4d,0.25,compound_set,4,-0.5229084059121436,-0.1647165900179505,True,0.26137800336339057,2.8196496807186047,0.5909090909090909,1.4919805902527554,1.1459859713938128,,,,,,,,,,,,,,,,,,,,,,,,,,,,,,,,0,,,,,,0.3,5,,2,22,,4,20,,2,,,1,,,,,,,,,,,,,,,,,,,,,,,,,,,,,,
CaF2_x005,CaF2_x050_s00,CaF2,Li_24g,Cl_4d,0.25,compound_set,4,-0.5311935427152137,-0.1854616556657917,True,0.2000863470725896,2.8798352010956347,0.5454545454545454,1.7036618243144963,1.0578409276726826,,,,,,,,,,,,,,,,,,,,,,,,,,,,,,,,0,,,,,,0.3,5,,2,22,,4,20,,2,,,1,,,,,,,,,,,,,,,,,,,,,,,,,,,,,,
CaF2_x005,CaF2_x050_s01,CaF2,Li_24g,Cl_4d,0.25,compound_set,4,-0.5549708886894238,-0.23521271116016318,True,0.3687845550194098,2.998342743150289,0.5,1.361831328315991,1.0647708423948241,,,,,,,,,,,,,,,,,,,,,,,,,,,,,,,,0,,,,,,0.4672754945885862,2,,2,22,,4,20,,2,,,1,,,,,,,,,,,,,,,,,,,,,,,,,,,,,,
CaF2_x005,CaF2_x050_s02,CaF2,Li_24g,Cl_4d,0.25,compound_set,4,-0.542934407622067,-0.1945534987133914,True,0.21607926617700046,2.946719843950932,0.7272727272727273,2.2345965960181102,1.056202153735801,,,,,,,,,,,,,,,,,,,,,,,,,,,,,,,,0,,,,,,0.38259790585214415,4,,2,22,,4,20,,2,,,1,,,,,,,,,,,,,,,,,,,,,,,,,,,,,,
CaF2_x005,CaF2_x050_s03,CaF2,Li_24g,Cl_4d,0.25,compound_set,4,-0.5432349323821843,-0.16561830556586973,True,0.30684677943190997,2.9591834966125514,0.6363636363636364,1.1033860751286841,1.0863126697759817,,,,,,,,,,,,,,,,,,,,,,,,,,,,,,,,0,,,,,,0.38471212111987285,3,,2,22,,4,20,,2,,,1,,,,,,,,,,,,,,,,,,,,,,,,,,,,,,
CaF2_x005,CaF2_x050_s04,CaF2,Li_24g,Cl_4d,0.25,compound_set,4,-0.5567857303069084,-0.17064138324192818,True,0.290099804013538,2.899234397798225,0.5454545454545454,2.19960308547561,1.2250460981683453,0.9874059651689273,0.11142323454106796,0.8773859987246604,0.135808,,-710.0666677070134,-4.277832752696578,-4.771771030370447,True,20.28107436859701,20.055724926379323,5.30572378385186,0.9999169979109257,True,OK,21.77098682962974,20.1254116893244,46.15432802531738,0.9244143063801887,0.14666792256975572,,,,,,,,,,,,0,,,-0.5567857303069084,-0.5880514728805148,-710.0666677070135,0.7000000000000001,1,,2,22,,4,20,,2,,,1,,,,,,,,,,,,,,,,,,,,,,,,,,,,,,
CaF2_x010,CaF2_x100_s00,CaF2,Li_24g,Cl_4d,0.25,compound_set,4,-0.531192922867707,-0.18545802981975937,True,0.20007373882150647,2.879833278283466,0.5454545454545454,1.7036427243735606,1.0578410977328288,,,,,,,,,,,,,,,,,,,,,,,,,,,,,,,,0,,,,,,0.35218592435874546,4,,2,22,,4,20,,2,,,1,,,,,,,,,,,,,,,,,,,,,,,,,,,,,,
CaF2_x010,CaF2_x100_s01,CaF2,Li_24g,Cl_4d,0.25,compound_set,4,-0.5459865437265008,-0.21395350761919393,True,0.17697768497512475,2.99018892741302,0.5,0.5520346962953244,1.013549364349358,0.9589971606376086,0.06929389835258934,0.8925445088679643,0.150464,,-707.9406495206513,-4.275399997966348,-4.7240394960524315,True,17.462069880974248,19.858060564965488,5.717472205348883,0.9994477555476102,True,OK,22.256686171604734,21.99680210966209,49.63770556945699,0.9883233263056832,0.1282936792810813,,,,,,,,,,,,0,,,-0.5459865437265008,-0.5856187703456128,-707.9406495206513,0.7000000000000001,1,,2,22,,4,20,,2,,,1,,,,,,,,,,,,,,,,,,,,,,,,,,,,,,
CaF2_x010,CaF2_x100_s02,CaF2,Li_24g,Cl_4d,0.25,compound_set,4,-0.5429342697058277,-0.19455292608813707,True,0.21607687144809087,2.946718436944664,0.7272727272727273,2.234552061296292,1.0562021201108274,,,,,,,,,,,,,,,,,,,,,,,,,,,,,,,,0,,,,,,0.42722023041970547,3,,2,22,,4,20,,2,,,1,,,,,,,,,,,,,,,,,,,,,,,,,,,,,,
CaF2_x010,CaF2_x100_s03,CaF2,Li_24g,Cl_4d,0.25,compound_set,4,-0.5430857078100382,-0.16540121645541384,True,0.3061681655786082,2.957069118341563,0.6363636363636364,1.1139401545641128,1.0864276833751347,,,,,,,,,,,,,,,,,,,,,,,,,,,,,,,,0,,,,,,0.42818801147730334,2,,2,22,,4,20,,2,,,1,,,,,,,,,,,,,,,,,,,,,,,,,,,,,,
CaF2_x010,CaF2_x100_s04,CaF2,Li_24g,Cl_4d,0.25,compound_set,4,-0.523026884289751,-0.165290580720164,True,0.2617451333052692,2.812031993717282,0.5909090909090909,1.4782677639449837,1.143304058636772,,,,,,,,,,,,,,,,,,,,,,,,,,,,,,,,0,,,,,,0.3,5,,2,22,,4,20,,2,,,1,,,,,,,,,,,,,,,,,,,,,,,,,,,,,,
CaO_x002,CaO_x020_cLi24gaS16e_s00,CaO,Li_24g,S_16e,0.25,compound_set,4,-0.5022083076815327,-0.09150914774296459,True,0.24017988248823538,3.0435261665924576,0.3181818181818182,1.88667740989929,1.1106036798494592,,,,,,,,,,,,,,,,,,,,,,,,,,,,,,,,0,,,,,,0.28154093071766895,7,,4,22,1,4,19,,,,,1,,,,,,,,,,,,,,,,,,,,,,,,,,,,,,
CaO_x002,CaO_x020_cLi24gaS16e_s01,CaO,Li_24g,S_16e,0.25,compound_set,4,-0.5115962641450946,-0.11200188796397506,True,0.24746085933198086,3.0810453833658347,0.45454545454545453,2.606474812251205,1.0965596153517279,,,,,,,,,,,,,,,,,,,,,,,,,,,,,,,,0,,,,,,0.3138929879564397,4,,4,22,1,4,19,,,,,1,,,,,,,,,,,,,,,,,,,,,,,,,,,,,,
CaO_x002,CaO_x020_cLi24gaS16e_s02,CaO,Li_24g,S_16e,0.25,compound_set,4,-0.5334227044363602,-0.1797725929529871,True,0.2589425077228176,3.057109659794574,0.5,0.23570549694740955,1.037168781121764,,,,,,,,,,,,,,,,,,,,,,,,,,,,,,,,0,,,,,,0.3891095964230836,3,,4,22,1,4,19,,,,,1,,,,,,,,,,,,,,,,,,,,,,,,,,,,,,
CaO_x002,CaO_x020_cLi24gaS16e_s03,CaO,Li_24g,S_16e,0.25,compound_set,4,-0.5370039915962015,-0.20114520785687326,True,0.15124457757664048,2.980969173437185,0.5454545454545454,1.3010624968875275,1.129601093729745,1.0140671909148569,0.12200621936252863,0.8656428745031871,0.125312,,-830.2517643248742,-4.26989133978899,-5.3977539178289415,True,23.45568389447135,19.73084045907374,4.906208960193334,0.9999589402457124,True,OK,25.166751220036637,20.886077071865742,49.08073909179343,0.8299075589556901,0.17496308480798567,,,,,,,,,,,,0,,,-0.5370039915962015,-0.5801100632351353,-830.2517643248741,0.85,1,,4,22,1,4,19,,,,,1,,,,,,,,,,,,,,,,,,,,,,,,,,,,,,
CaO_x002,CaO_x020_cLi24gaS16e_s04,CaO,Li_24g,S_16e,0.25,compound_set,4,-0.5356271171391467,-0.21882045478988227,True,0.17277353778283666,3.0676193078294385,0.3181818181818182,0.7158744349700552,1.0448455045874154,,,,,,,,,,,,,,,,,,,,,,,,,,,,,,,,0,,,,,,0.39670627480726983,2,,4,22,1,4,19,,,,,1,,,,,,,,,,,,,,,,,,,,,,,,,,,,,,
CaO_x002,CaO_x020_cLi24gaS4a_s00,CaO,Li_24g,S_4a,0.25,compound_set,4,-0.5157843101489292,-0.1891368963535863,True,0.27603886091597746,2.919517710327814,0.5,0.8490581834176212,1.0508183346597717,0.955431126526666,0.10900854785524862,0.8512809668482898,0.131008,,-786.6900184883167,-4.194292839622035,-3.65120767543472,True,18.62714207012638,19.941552613941035,1.9763990334230332,0.9999309144090023,True,OK,25.680262719986274,20.24038813430166,48.08747737013367,0.7881690446472379,0.18790897316438243,,,,,,,,,,,,0,,,-0.5157843101489292,-0.50451156306818,-786.6900184883164,0.28947823319596033,6,,4,22,1,4,19,,,,,1,,,,,,,,,,,,,,,,,,,,,,,,,,,,,,
CaO_x002,CaO_x020_cLi24gaS4a_s01,CaO,Li_24g,S_4a,0.25,compound_set,4,-0.4998604337646806,-0.17635540278320438,True,0.307913103158281,2.8617741403821086,0.4090909090909091,0.6534700649643983,1.0904721483008981,,,,,,,,,,,,,,,,,,,,,,,,,,,,,,,,0,,,,,,0.27344986727460346,8,,4,22,1,4,19,,,,,1,,,,,,,,,,,,,,,,,,,,,,,,,,,,,,
CaO_x002,CaO_x020_cLi24gaS4a_s02,CaO,Li_24g,S_4a,0.25,compound_set,4,-0.5064594652689931,-0.1134422074383357,True,0.19903193204012623,2.952606194108756,0.2727272727272727,1.1011602413000827,1.171702623305935,,,,,,,,,,,,,,,,,,,,,,,,,,,,,,,,0,,,,,,0.29619094471532353,5,,4,22,1,4,19,,,,,1,,,,,,,,,,,,,,,,,,,,,,,,,,,,,,
CaO_x002,CaO_x020_cLi24gaS4a_s03,CaO,Li_24g,S_4a,0.25,compound_set,4,-0.48389397862573924,-0.11522352708238498,True,0.31947378309606855,2.9687502043944676,0.36363636363636365,1.4170986588514902,1.0110517147279034,,,,,,,,,,,,,,,,,,,,,,,,,,,,,,,,0,,,,,,0.21842749125909833,9,,4,22,1,4,19,,,,,1,,,,,,,,,,,,,,,,,,,,,,,,,,,,,,
CaO_x002,CaO_x020_cLi24gaS4a_s04,CaO,Li_24g,S_4a,0.25,compound_set,4,-0.46403761202407123,-0.0997741761400565,True,0.23231423611676283,2.9087282263391807,0.36363636363636365,0.9211436187685421,1.033861035340817,,,,,,,,,,,,,,,,,,,,,,,,,,,,,,,,0,,,,,,0.15,10,,4,22,1,4,19,,,,,1,,,,,,,,,,,,,,,,,,,,,,,,,,,,,,
CaO_x005,CaO_x050_cLi24gaS16e_s00,CaO,Li_24g,S_16e,0.25,compound_set,4,-0.5022050943946512,-0.09150462372340964,True,0.2402414516376675,3.0435394611655924,0.3181818181818182,1.8867811330059197,1.1105818415644575,,,,,,,,,,,,,,,,,,,,,,,,,,,,,,,,0,,,,,,0.292110391614926,7,,4,22,1,4,19,,,,,1,,,,,,,,,,,,,,,,,,,,,,,,,,,,,,
CaO_x005,CaO_x050_cLi24gaS16e_s01,CaO,Li_24g,S_16e,0.25,compound_set,4,-0.5111897192918011,-0.11095439406395696,True,0.24988385328509802,3.0812097947854102,0.45454545454545453,2.57689598459701,1.0943256410321036,,,,,,,,,,,,,,,,,,,,,,,,,,,,,,,,0,,,,,,0.3263983386561349,5,,4,22,1,4,19,,,,,1,,,,,,,,,,,,,,,,,,,,,,,,,,,,,,
CaO_x005,CaO_x050_cLi24gaS16e_s02,CaO,Li_24g,S_16e,0.25,compound_set,4,-0.5334227687810138,-0.17977343550191424,True,0.2589420591138452,3.0571100103739925,0.5,0.23573655244735542,1.0371681915567612,,,,,,,,,,,,,,,,,,,,,,,,,,,,,,,,0,,,,,,0.41124613499457996,3,,4,22,1,4,19,,,,,1,,,,,,,,,,,,,,,,,,,,,,,,,,,,,,
CaO_x005,CaO_x050_cLi24gaS16e_s03,CaO,Li_24g,S_16e,0.25,compound_set,4,-0.5369534972816741,-0.20101474793228022,True,0.15100081356086759,2.98098323496434,0.5454545454545454,1.2900699460315732,1.1291991536029033,0.9864050772803921,0.06112127676945458,0.926114739545142,0.14944,,-819.9227444250967,-4.259562286211712,-2.1106132762263723,True,16.22437730183249,20.528516201975588,3.8976333117829207,0.9997566525294879,True,OK,21.792497142396044,16.49818182636281,39.52125331209217,0.7570578864166305,0.19774571913555622,,,,,,,,,,,,0,,,-0.5369534972816741,-0.5697810677659367,-819.9227444250968,0.85,1,,4,22,1,4,19,,,,,1,,,,,,,,,,,,,,,,,,,,,,,,,,,,,,
CaO_x005,CaO_x050_cLi24gaS16e_s04,CaO,Li_24g,S_16e,0.25,compound_set,4,-0.5357394413253651,-0.2189551664968342,True,0.17307263077704857,3.0657044761609225,0.3181818181818182,0.7249969803257127,1.0453530091837866,,,,,,,,,,,,,,,,,,,,,,,,,,,,,,,,0,,,,,,0.4200872325831658,2,,4,22,1,4,19,,,,,1,,,,,,,,,,,,,,,,,,,,,,,,,,,,,,
CaO_x005,CaO_x050_cLi24gaS4a_s00,CaO,Li_24g,S_4a,0.25,compound_set,4,-0.5157930636524659,-0.18913459807130462,True,0.2761762061992405,2.919498563234597,0.5,0.8497323047368018,1.0508306930019817,0.9592314712168304,0.12485621655406894,0.8394654589211036,0.140096,,-805.7626623635681,-4.213365497009863,-5.2383554998005755,True,21.531548863946394,19.281294604415116,9.356552092778156,0.9950721555021482,True,OK,-37.934428549381764,-6.046055437554327,-17.22314785642029,0.15938174552132175,0.42432930315531275,,,,,,,,,,,,0,,,-0.5157930636524659,-0.5235842785640878,-805.7626623635676,0.37369958904691114,4,,4,22,1,4,19,,,,,1,,,,,,,,,,,,,,,,,,,,,,,,,,,,,,
CaO_x005,CaO_x050_cLi24gaS4a_s01,CaO,Li_24g,S_4a,0.25,compound_set,4,-0.49970138236659434,-0.17644511877149371,True,0.30780418874787285,2.8622085757548543,0.4090909090909091,0.6578944495200315,1.0900841068693787,,,,,,,,,,,,,,,,,,,,,,,,,,,,,,,,0,,,,,,0.2825554968466776,8,,4,22,1,4,19,,,,,1,,,,,,,,,,,,,,,,,,,,,,,,,,,,,,
CaO_x005,CaO_x050_cLi24gaS4a_s02,CaO,Li_24g,S_4a,0.25,compound_set,4,-0.5064966170128438,-0.11360676655221882,True,0.19736435717032633,2.9544431614852456,0.2727272727272727,1.101775065813976,1.1717155864465132,,,,,,,,,,,,,,,,,,,,,,,,,,,,,,,,0,,,,,,0.3084880926256175,6,,4,22,1,4,19,,,,,1,,,,,,,,,,,,,,,,,,,,,,,,,,,,,,
CaO_x005,CaO_x050_cLi24gaS4a_s03,CaO,Li_24g,S_4a,0.25,compound_set,4,-0.48388650991644067,-0.11519455081159401,True,0.3195041770659753,2.9687048943140426,0.36363636363636365,1.4177466281722713,1.0110512899951543,,,,,,,,,,,,,,,,,,,,,,,,,,,,,,,,0,,,,,,0.22220133457036972,9,,4,22,1,4,19,,,,,1,,,,,,,,,,,,,,,,,,,,,,,,,,,,,,
CaO_x005,CaO_x050_cLi24gaS4a_s04,CaO,Li_24g,S_4a,0.25,compound_set,4,-0.4649672696537106,-0.10345838259524706,True,0.23725272939027614,2.9085091138155437,0.36363636363636365,0.9852980034595482,1.0336382122401682,,,,,,,,,,,,,,,,,,,,,,,,,,,,,,,,0,,,,,,0.15,10,,4,22,1,4,19,,,,,1,,,,,,,,,,,,,,,,,,,,,,,,,,,,,,
CaO_x010,CaO_x100_cLi24gaS16e_s00,CaO,Li_24g,S_16e,0.25,compound_set,4,-0.5022041578930891,-0.0915024148404836,True,0.24025443773482585,3.043542379194348,0.3181818181818182,1.8867108567434652,1.1105744868810008,,,,,,,,,,,,,,,,,,,,,,,,,,,,,,,,0,,,,,,0.2855983842042382,7,,4,22,1,4,19,,,,,1,,,,,,,,,,,,,,,,,,,,,,,,,,,,,,
CaO_x010,CaO_x100_cLi24gaS16e_s01,CaO,Li_24g,S_16e,0.25,compound_set,4,-0.5112246094140036,-0.11120197217844238,True,0.24968619041064471,3.0809989164541833,0.45454545454545453,2.596477504751218,1.0946519591814774,,,,,,,,,,,,,,,,,,,,,,,,,,,,,,,,0,,,,,,0.3176530045621547,5,,4,22,1,4,19,,,,,1,,,,,,,,,,,,,,,,,,,,,,,,,,,,,,
CaO_x010,CaO_x100_cLi24gaS16e_s02,CaO,Li_24g,S_16e,0.25,compound_set,4,-0.5333209241461812,-0.1790863349957751,True,0.2590245442301576,3.0568722491460676,0.5,0.24603184402620712,1.0369238148648707,,,,,,,,,,,,,,,,,,,,,,,,,,,,,,,,0,,,,,,0.39617335117748487,4,,4,22,1,4,19,,,,,1,,,,,,,,,,,,,,,,,,,,,,,,,,,,,,
CaO_x010,CaO_x100_cLi24gaS16e_s03,CaO,Li_24g,S_16e,0.25,compound_set,4,-0.5369491773347028,-0.20100867447834742,True,0.1510061663263877,2.980951218517772,0.5454545454545454,1.289619458706807,1.1291850451497858,0.9917440971014028,0.08758083154442428,0.9048863243979877,0.155008,,-826.7507466554971,-4.2663903235748135,-3.776231481667021,True,21.158093448779724,20.213506104074597,5.00352342991784,0.9999819170121531,True,OK,21.582818261257728,19.181493798617378,44.3931673335583,0.8887390685696107,0.1571874380492257,,,,,,,,,,,,0,,,-0.5369491773347028,-0.5766090933035346,-826.7507466554966,0.55,2,,4,22,1,4,19,,,,,1,,,,,,,,,,,,,,,,,,,,,,,,,,,,,,
CaO_x010,CaO_x100_cLi24gaS16e_s04,CaO,Li_24g,S_16e,0.25,compound_set,4,-0.5356285521508668,-0.21883795140866236,True,0.17290965899698543,3.067650051655541,0.3181818181818182,0.7147490132893717,1.0448110658276204,,,,,,,,,,,,,,,,,,,,,,,,,,,,,,,,0,,,,,,0.40437362135752974,3,,4,22,1,4,19,,,,,1,,,,,,,,,,,,,,,,,,,,,,,,,,,,,,
CaO_x010,CaO_x100_cLi24gaS4a_s00,CaO,Li_24g,S_4a,0.25,compound_set,4,-0.5157796253663691,-0.1891082223319885,True,0.27599345363981503,2.9195767751374997,0.5,0.8489148496710213,1.0508259466047243,0.9824297324604991,0.10599982292922787,0.8782923547792776,0.12256,,-827.1228314263593,-4.234725675635402,-5.513622616065064,True,20.76308034601901,19.783837383551376,2.1338515659126505,0.9983290612459902,True,OK,22.779693173847612,20.25477261514302,46.87207350352405,0.8891591497991138,0.15706244632144656,,,,,,,,,,,,0,,,-0.5157796253663691,-0.544944445364123,-827.1228314263594,0.7374781083727812,1,,4,22,1,4,19,,,,,1,,,,,,,,,,,,,,,,,,,,,,,,,,,,,,
CaO_x010,CaO_x100_cLi24gaS4a_s01,CaO,Li_24g,S_4a,0.25,compound_set,4,-0.49986359163000627,-0.17633980511894506,True,0.30786234951493907,2.8618143021081632,0.4090909090909091,0.6537605622745815,1.0905325355563233,,,,,,,,,,,,,,,,,,,,,,,,,,,,,,,,0,,,,,,0.27728106629485016,8,,4,22,1,4,19,,,,,1,,,,,,,,,,,,,,,,,,,,,,,,,,,,,,
CaO_x010,CaO_x100_cLi24gaS4a_s02,CaO,Li_24g,S_4a,0.25,compound_set,4,-0.5064589431917796,-0.11344236975515788,True,0.19902627520051666,2.9526028924783394,0.2727272727272727,1.1011934223395,1.1716955080359646,,,,,,,,,,,,,,,,,,,,,,,,,,,,,,,,0,,,,,,0.3007179740759592,6,,4,22,1,4,19,,,,,1,,,,,,,,,,,,,,,,,,,,,,,,,,,,,,
CaO_x010,CaO_x100_cLi24gaS4a_s03,CaO,Li_24g,S_4a,0.25,compound_set,4,-0.4838891296133929,-0.11520320762760523,True,0.31947884056081216,2.9687225614960138,0.36363636363636365,1.4176111527734945,1.011050498353638,,,,,,,,,,,,,,,,,,,,,,,,,,,,,,,,0,,,,,,0.22051502590571165,9,,4,22,1,4,19,,,,,1,,,,,,,,,,,,,,,,,,,,,,,,,,,,,,
CaO_x010,CaO_x100_cLi24gaS4a_s04,CaO,Li_24g,S_4a,0.25,compound_set,4,-0.4640455823937981,-0.09983890745311554,True,0.2323942864654235,2.9087920666922615,0.36363636363636365,0.9191128602237557,1.0338280850778154,,,,,,,,,,,,,,,,,,,,,,,,,,,,,,,,0,,,,,,0.15,10,,4,22,1,4,19,,,,,1,,,,,,,,,,,,,,,,,,,,,,,,,,,,,,
CoO_x002,CoO_x020_cLi24gaS16e_s00,CoO,Li_24g,S_16e,0.25,compound_set,4,-0.552663346339044,-0.18312315543381993,True,0.20218342782419407,2.989741669932643,0.4090909090909091,0.7649103130057566,1.008157811353951,,,,,,,,,,,,,,,,,,,,,,,,,,,,,,,,0,,,,,,0.4122487025774735,3,,4,22,1,4,19,,,,,,1,,,,,,,,,,,,,,,,,,,,,,,,,,,,,
CoO_x002,CoO_x020_cLi24gaS16e_s01,CoO,Li_24g,S_16e,0.25,compound_set,4,-0.5153279562165953,-0.09442672953123586,True,0.2271664254168286,2.926420093076843,0.5909090909090909,0.5964455032522837,1.08948779656805,,,,,,,,,,,,,,,,,,,,,,,,,,,,,,,,0,,,,,,0.24467980288924904,8,,4,22,1,4,19,,,,,,1,,,,,,,,,,,,,,,,,,,,,,,,,,,,,
CoO_x002,CoO_x020_cLi24gaS16e_s02,CoO,Li_24g,S_16e,0.25,compound_set,4,-0.5303017902129343,-0.15236911611848616,True,0.24499516180966602,2.9925552513723916,0.45454545454545453,0.8261273611124672,1.0086130207947455,,,,,,,,,,,,,,,,,,,,,,,,,,,,,,,,0,,,,,,0.31188544554227643,6,,4,22,1,4,19,,,,,,1,,,,,,,,,,,,,,,,,,,,,,,,,,,,,
CoO_x002,CoO_x020_cLi24gaS16e_s03,CoO,Li_24g,S_16e,0.25,compound_set,4,-0.5607632807132794,-0.17854490653009966,True,0.26944788097025413,2.992736305414775,0.5,1.3129505071766714,1.075083633944842,0.9898305950991293,0.10442456179100622,0.8864679689585718,0.127744,,-801.2247784362601,-4.273136448969594,-5.316758389285365,True,22.335822747839963,19.829734876561314,3.682767605809787,0.9999076290293044,True,OK,25.980245234590914,20.698993108036127,49.06627696368478,0.7967204666904698,0.1852334243407089,,,,,,,,,,,,0,,,-0.5607632807132794,-0.5833551897462184,-801.2247784362598,0.85,1,,4,22,1,4,19,,,,,,1,,,,,,,,,,,,,,,,,,,,,,,,,,,,,
CoO_x002,CoO_x020_cLi24gaS16e_s04,CoO,Li_24g,S_16e,0.25,compound_set,4,-0.5375867475813139,-0.1543108405016942,True,0.21722413945484442,2.9188212940506046,0.36363636363636365,1.3876306476808193,1.0444772142460392,,,,,,,,,,,,,,,,,,,,,,,,,,,,,,,,0,,,,,,0.344581830567084,5,,4,22,1,4,19,,,,,,1,,,,,,,,,,,,,,,,,,,,,,,,,,,,,
CoO_x002,CoO_x020_cLi24gaS4a_s00,CoO,Li_24g,S_4a,0.25,compound_set,4,-0.5297983430778817,-0.16027817231863878,True,0.27969921008357007,2.9629230014374204,0.6363636363636364,0.28521252231826993,1.0878099385751903,0.9671403737311376,0.12947548564062894,0.8419194041596392,0.128064,,-808.9629077847785,-4.24906186896361,-6.765851183831023,True,19.69577245555682,19.563015050627147,3.2677425268800184,0.99847501624861,True,OK,24.57347027736848,18.66265568439399,44.67762424922107,0.7594635789631148,0.1969792778897276,,,,,,,,,,,,0,,,-0.5297983430778817,-0.5592806097402341,-808.9629077847782,0.4419483399308771,2,,4,22,1,4,19,,,,,,1,,,,,,,,,,,,,,,,,,,,,,,,,,,,,
CoO_x002,CoO_x020_cLi24gaS4a_s01,CoO,Li_24g,S_4a,0.25,compound_set,4,-0.5119830220676165,-0.11591700566331399,True,0.27202087062183455,2.9709326532727647,0.36363636363636365,1.035413448068474,1.1483086485650293,,,,,,,,,,,,,,,,,,,,,,,,,,,,,,,,0,,,,,,0.22966705136755175,9,,4,22,1,4,19,,,,,,1,,,,,,,,,,,,,,,,,,,,,,,,,,,,,
CoO_x002,CoO_x020_cLi24gaS4a_s02,CoO,Li_24g,S_4a,0.25,compound_set,4,-0.49423270892331095,-0.1255610256679448,True,0.20183293335879085,2.9485392302033575,0.36363636363636365,0.3415359945330858,1.135092974654909,,,,,,,,,,,,,,,,,,,,,,,,,,,,,,,,0,,,,,,0.15,10,,4,22,1,4,19,,,,,,1,,,,,,,,,,,,,,,,,,,,,,,,,,,,,
CoO_x002,CoO_x020_cLi24gaS4a_s03,CoO,Li_24g,S_4a,0.25,compound_set,4,-0.5286883450885811,-0.17205223351561558,True,0.343026872940146,2.9871931602599773,0.45454545454545453,1.8374329894812078,1.0934291301919823,,,,,,,,,,,,,,,,,,,,,,,,,,,,,,,,0,,,,,,0.30464397241695235,7,,4,22,1,4,19,,,,,,1,,,,,,,,,,,,,,,,,,,,,,,,,,,,,
CoO_x002,CoO_x020_cLi24gaS4a_s04,CoO,Li_24g,S_4a,0.25,compound_set,4,-0.5520834931672582,-0.2667992224322735,True,0.23533639425494118,2.916679491980696,0.45454545454545453,2.9946938507984426,1.0210918569314762,,,,,,,,,,,,,,,,,,,,,,,,,,,,,,,,0,,,,,,0.40964620243864547,4,,4,22,1,4,19,,,,,,1,,,,,,,,,,,,,,,,,,,,,,,,,,,,,
CoO_x005,CoO_x050_cLi24gaS16e_s00,CoO,Li_24g,S_16e,0.25,compound_set,4,-0.5527842650761148,-0.18360095356904776,True,0.20181803063678552,2.989966650197005,0.4090909090909091,0.7625848866470837,1.0082201541898559,,,,,,,,,,,,,,,,,,,,,,,,,,,,,,,,0,,,,,,0.466376062165223,3,,4,22,1,4,19,,,,,,1,,,,,,,,,,,,,,,,,,,,,,,,,,,,,
CoO_x005,CoO_x050_cLi24gaS16e_s01,CoO,Li_24g,S_16e,0.25,compound_set,4,-0.5153286652990836,-0.0944259211726379,True,0.22716897518533619,2.926423647939676,0.5909090909090909,0.5964179970671819,1.0894880643164886,,,,,,,,,,,,,,,,,,,,,,,,,,,,,,,,0,,,,,,0.2640334704635189,8,,4,22,1,4,19,,,,,,1,,,,,,,,,,,,,,,,,,,,,,,,,,,,,
CoO_x005,CoO_x050_cLi24gaS16e_s02,CoO,Li_24g,S_16e,0.25,compound_set,4,-0.53030122277264,-0.15236747681186028,True,0.24499452527047236,2.9925607733178285,0.45454545454545453,0.8260965625048772,1.00861459064183,,,,,,,,,,,,,,,,,,,,,,,,,,,,,,,,0,,,,,,0.3449182006944296,6,,4,22,1,4,19,,,,,,1,,,,,,,,,,,,,,,,,,,,,,,,,,,,,
CoO_x005,CoO_x050_cLi24gaS16e_s03,CoO,Li_24g,S_16e,0.25,compound_set,4,-0.5607630046249392,-0.17854649795730457,True,0.26944966994327224,2.992736771857217,0.5,1.3130155494865596,1.0750835019373417,0.9714050927228168,0.1210005395489283,0.8538645523827793,0.13216,,-784.2847437148312,-4.25619639221227,-4.8412582468009315,True,19.280134435451224,19.736243521266875,6.5148619997937764,0.999726742858787,True,OK,23.41282005666901,17.966757037562473,42.92118046477849,0.7673897033366873,0.19446098077256443,,,,,,,,,,,,0,,,-0.5607630046249392,-0.566415022481598,-784.284743714831,0.5400121218385756,2,,4,22,1,4,19,,,,,,1,,,,,,,,,,,,,,,,,,,,,,,,,,,,,
CoO_x005,CoO_x050_cLi24gaS16e_s04,CoO,Li_24g,S_16e,0.25,compound_set,4,-0.5375858118713177,-0.15430360429725498,True,0.21722763449582458,2.918831211230021,0.36363636363636365,1.3875845088931704,1.0444761614563536,,,,,,,,,,,,,,,,,,,,,,,,,,,,,,,,0,,,,,,0.3842709983130199,5,,4,22,1,4,19,,,,,,1,,,,,,,,,,,,,,,,,,,,,,,,,,,,,
CoO_x005,CoO_x050_cLi24gaS4a_s00,CoO,Li_24g,S_4a,0.25,compound_set,4,-0.5297989160471399,-0.1602773834479871,True,0.279685072424233,2.962919372801922,0.6363636363636364,0.2850393629066967,1.0878175019967387,0.988894109004879,0.07806186214458906,0.9116991933921438,0.121152,,-817.9462487272274,-4.25804524649396,-2.6566689512775272,True,19.88062682817768,20.465217634514953,4.772817119221416,0.9999812908550875,True,OK,23.365935459674866,19.397759436734543,45.58014822708726,0.8301726019149271,0.17488177889168416,,,,,,,,,,,,0,,,-0.5297989160471399,-0.5682638767632886,-817.9462487272277,0.85,1,,4,22,1,4,19,,,,,,1,,,,,,,,,,,,,,,,,,,,,,,,,,,,,
CoO_x005,CoO_x050_cLi24gaS4a_s01,CoO,Li_24g,S_4a,0.25,compound_set,4,-0.5119822495479758,-0.11591248397372868,True,0.27202313137831663,2.970937456758897,0.36363636363636365,1.035528181459434,1.1482985890906492,,,,,,,,,,,,,,,,,,,,,,,,,,,,,,,,0,,,,,,0.2459554677076854,9,,4,22,1,4,19,,,,,,1,,,,,,,,,,,,,,,,,,,,,,,,,,,,,
CoO_x005,CoO_x050_cLi24gaS4a_s02,CoO,Li_24g,S_4a,0.25,compound_set,4,-0.4942199506436733,-0.12547952269746732,True,0.20177130411007474,2.9486098385190744,0.36363636363636365,0.3399210410777506,1.1348734317953761,,,,,,,,,,,,,,,,,,,,,,,,,,,,,,,,0,,,,,,0.15,10,,4,22,1,4,19,,,,,,1,,,,,,,,,,,,,,,,,,,,,,,,,,,,,
CoO_x005,CoO_x050_cLi24gaS4a_s03,CoO,Li_24g,S_4a,0.25,compound_set,4,-0.5286916865250673,-0.1720451699245669,True,0.3430101587302825,2.9871911632575827,0.45454545454545453,1.8381304744928293,1.093481183431548,,,,,,,,,,,,,,,,,,,,,,,,,,,,,,,,0,,,,,,0.336223166101193,7,,4,22,1,4,19,,,,,,1,,,,,,,,,,,,,,,,,,,,,,,,,,,,,
CoO_x005,CoO_x050_cLi24gaS4a_s04,CoO,Li_24g,S_4a,0.25,compound_set,4,-0.5518612348499179,-0.26872751842708165,True,0.23561888999778788,2.9107434846432585,0.45454545454545453,3.1184699855682654,1.020619006017081,,,,,,,,,,,,,,,,,,,,,,,,,,,,,,,,0,,,,,,0.4613896694949815,4,,4,22,1,4,19,,,,,,1,,,,,,,,,,,,,,,,,,,,,,,,,,,,,
CoO_x010,CoO_x100_cLi24gaS16e_s00,CoO,Li_24g,S_16e,0.25,compound_set,4,-0.5527929395510642,-0.1836412878024938,True,0.20178578911269854,2.989931466074729,0.4090909090909091,0.7619499623642767,1.0081951932861084,,,,,,,,,,,,,,,,,,,,,,,,,,,,,,,,0,,,,,,0.47495075347642557,3,,4,22,1,4,19,,,,,,1,,,,,,,,,,,,,,,,,,,,,,,,,,,,,
CoO_x010,CoO_x100_cLi24gaS16e_s01,CoO,Li_24g,S_16e,0.25,compound_set,4,-0.5153302208286026,-0.0944257061503283,True,0.22716873710259747,2.9264273504633525,0.5909090909090909,0.5963771998338736,1.0894881533718033,,,,,,,,,,,,,,,,,,,,,,,,,,,,,,,,0,,,,,,0.2683880252711108,8,,4,22,1,4,19,,,,,,1,,,,,,,,,,,,,,,,,,,,,,,,,,,,,
CoO_x010,CoO_x100_cLi24gaS16e_s02,CoO,Li_24g,S_16e,0.25,compound_set,4,-0.5303009163729517,-0.15236696083742832,True,0.2449939996529335,2.9925587044666857,0.45454545454545453,0.826060417899744,1.0086152225641862,,,,,,,,,,,,,,,,,,,,,,,,,,,,,,,,0,,,,,,0.3509337619455235,6,,4,22,1,4,19,,,,,,1,,,,,,,,,,,,,,,,,,,,,,,,,,,,,
CoO_x010,CoO_x100_cLi24gaS16e_s03,CoO,Li_24g,S_16e,0.25,compound_set,4,-0.5607635335104137,-0.1785465510520586,True,0.2694476884396134,2.992733731654499,0.5,1.3130124598413686,1.0750858522577933,1.0063477785161883,0.1262697860139278,0.8681839681047868,0.141888,,-784.2736905305528,-4.256185344848794,-3.2578001997091364,True,,,,0.9986942979430607,False,"r2=0.9987 / V0 / B0'=-10.13 unphysical (need r2>=0.95, 0<B0'<15)",22.223073800612127,20.875477487585265,47.69284199309903,0.9393604896821365,0.14231739181683803,,,,,,,,,,,,0,,,-0.5607635335104137,-0.5664040534111154,-784.2736905305534,0.55,2,,4,22,1,4,19,,,,,,1,,,,,,,,,,,,,,,,,,,,,,,,,,,,,
CoO_x010,CoO_x100_cLi24gaS16e_s04,CoO,Li_24g,S_16e,0.25,compound_set,4,-0.5375848081706693,-0.15429581317953786,True,0.21723195114843663,2.91883899257171,0.36363636363636365,1.387527392791819,1.0444770092089277,,,,,,,,,,,,,,,,,,,,,,,,,,,,,,,,0,,,,,,0.3910958380840809,5,,4,22,1,4,19,,,,,,1,,,,,,,,,,,,,,,,,,,,,,,,,,,,,
CoO_x010,CoO_x100_cLi24gaS4a_s00,CoO,Li_24g,S_4a,0.25,compound_set,4,-0.5300303714483499,-0.16109465338627724,True,0.27685813514668717,2.96218516052336,0.6818181818181818,0.2568221802254462,1.0888947996821063,1.0167525103108548,0.1015969164875075,0.8833525765926458,0.116736,,-811.5326955362011,-4.251631683116529,-7.828377571681693,True,22.862983459301734,19.38045225255597,4.447573161991799,0.9999997124825577,True,OK,25.134237851383133,20.862631769978886,49.02384265201803,0.8300483147067386,0.17491990446197772,,,,,,,,,,,,0,,,-0.5300303714483499,-0.5618503916788504,-811.5326955362008,0.8248919239495336,1,,4,22,1,4,19,,,,,,1,,,,,,,,,,,,,,,,,,,,,,,,,,,,,
CoO_x010,CoO_x100_cLi24gaS4a_s01,CoO,Li_24g,S_4a,0.25,compound_set,4,-0.5119823602191826,-0.11591108817200192,True,0.27202257857070516,2.970938314399923,0.36363636363636365,1.035576914856055,1.1483007361622706,,,,,,,,,,,,,,,,,,,,,,,,,,,,,,,,0,,,,,,0.24992852087005243,9,,4,22,1,4,19,,,,,,1,,,,,,,,,,,,,,,,,,,,,,,,,,,,,
CoO_x010,CoO_x100_cLi24gaS4a_s02,CoO,Li_24g,S_4a,0.25,compound_set,4,-0.49385908066031936,-0.12400668356594731,True,0.20027136652682156,2.9470216784636376,0.36363636363636365,0.29863895035236687,1.1311204711032254,,,,,,,,,,,,,,,,,,,,,,,,,,,,,,,,0,,,,,,0.15,10,,4,22,1,4,19,,,,,,1,,,,,,,,,,,,,,,,,,,,,,,,,,,,,
CoO_x010,CoO_x100_cLi24gaS4a_s03,CoO,Li_24g,S_4a,0.25,compound_set,4,-0.5286946175310114,-0.17210668565147952,True,0.34319428503751387,2.986866203813905,0.45454545454545453,1.8358464962520433,1.0935273294609404,,,,,,,,,,,,,,,,,,,,,,,,,,,,,,,,0,,,,,,0.34207691753008374,7,,4,22,1,4,19,,,,,,1,,,,,,,,,,,,,,,,,,,,,,,,,,,,,
CoO_x010,CoO_x100_cLi24gaS4a_s04,CoO,Li_24g,S_4a,0.25,compound_set,4,-0.5512627985821781,-0.26749111937371095,True,0.2340446350122139,2.9046084247602213,0.45454545454545453,3.059006977106413,1.0172844001113366,,,,,,,,,,,,,,,,,,,,,,,,,,,,,,,,0,,,,,,0.4665138299468383,4,,4,22,1,4,19,,,,,,1,,,,,,,,,,,,,,,,,,,,,,,,,,,,,
Cr2O3_x002,Cr2O3_x020_cLi24gaS16e_s00,Cr2O3,Li_24g,S_16e,0.25,compound_set,4,-0.8635878307704399,-0.1885521325524139,True,0.3277770764433646,3.0564563478835325,0.8333333333333334,0.770293411391282,1.1277268834656886,,,,,,,,,,,,,,,,,,,,,,,,,,,,,,,,0,,,,,,0.32603533423916364,4,,4,18,3,4,17,,,,,,,2,,,,,,,,,,,,,,,,,,,,,,,,,,,,
Cr2O3_x002,Cr2O3_x020_cLi24gaS16e_s01,Cr2O3,Li_24g,S_16e,0.25,compound_set,4,-0.8458170916050314,-0.16350824646605586,True,0.31964247594197187,3.0970024219136807,0.8333333333333334,1.3393927787820634,1.0820829686757714,,,,,,,,,,,,,,,,,,,,,,,,,,,,,,,,0,,,,,,0.27761399591861907,6,,4,18,3,4,17,,,,,,,2,,,,,,,,,,,,,,,,,,,,,,,,,,,,
Cr2O3_x002,Cr2O3_x020_cLi24gaS16e_s02,Cr2O3,Li_24g,S_16e,0.25,compound_set,4,-0.8624710171508436,-0.10989373984771045,True,0.31501737648925227,3.016566094634749,0.7777777777777778,1.8231405602804143,1.118404292127474,,,,,,,,,,,,,,,,,,,,,,,,,,,,,,,,0,,,,,,0.32299226385182,5,,4,18,3,4,17,,,,,,,2,,,,,,,,,,,,,,,,,,,,,,,,,,,,
Cr2O3_x002,Cr2O3_x020_cLi24gaS16e_s03,Cr2O3,Li_24g,S_16e,0.25,compound_set,4,-0.8992237902824733,-0.2334832721743503,True,0.3321859379940221,3.131479339837865,0.8888888888888888,3.127416475069069,1.0093666236887682,,,,,,,,,,,,,,,,,,,,,,,,,,,,,,,,0,,,,,,0.4231354512263197,3,,4,18,3,4,17,,,,,,,2,,,,,,,,,,,,,,,,,,,,,,,,,,,,
Cr2O3_x002,Cr2O3_x020_cLi24gaS16e_s04,Cr2O3,Li_24g,S_16e,0.25,compound_set,4,-0.9319401300703429,-0.17402012016345617,True,0.22258636358782466,3.151581667673638,0.8888888888888888,1.2511073888636293,1.1234073505600521,0.9875236568064606,0.10356181624147129,0.8852539133261641,0.122688,,-934.9569051136039,-4.635564606784144,-1.7845275165419914,True,13.44797053263745,21.79431737801762,6.518579946435014,0.9975346735834052,True,OK,21.481555746131512,13.67439366139011,33.84225587372081,0.6365644007814775,0.23743168113095292,,,,,,,,,,,,0,,,-0.9319401300703429,-0.9457833626484806,-934.9569051136042,0.55,1,,4,18,3,4,17,,,,,,,2,,,,,,,,,,,,,,,,,,,,,,,,,,,,
Cr2O3_x002,Cr2O3_x020_cLi24gaS4a_s00,Cr2O3,Li_24g,S_4a,0.25,compound_set,4,-0.8337269991274283,-0.1150262292161631,True,0.35189463808639226,2.8395767377911127,0.7777777777777778,1.6544951041383624,1.0712049402069035,,,,,,,,,,,,,,,,,,,,,,,,,,,,,,,,0,,,,,,0.2446711648559567,7,,4,18,3,4,17,,,,,,,2,,,,,,,,,,,,,,,,,,,,,,,,,,,,
Cr2O3_x002,Cr2O3_x020_cLi24gaS4a_s01,Cr2O3,Li_24g,S_4a,0.25,compound_set,4,-0.8026144501204744,-0.03595932499228207,True,0.37852995727047495,3.033644854007896,0.7777777777777778,2.1702894083954223,1.052332196324845,,,,,,,,,,,,,,,,,,,,,,,,,,,,,,,,0,,,,,,0.15989634218494886,10,,4,18,3,4,17,,,,,,,2,,,,,,,,,,,,,,,,,,,,,,,,,,,,
Cr2O3_x002,Cr2O3_x020_cLi24gaS4a_s02,Cr2O3,Li_24g,S_4a,0.25,compound_set,4,-0.8354250105631715,-0.11339547971146685,True,0.2895551625507195,2.8553742846647,0.8888888888888888,1.6926078622066094,1.1119641635841677,1.014043023560173,0.10425109612549763,0.8831698809133937,0.132288,,-907.3532811088801,-4.488763714600885,-2.1269866764720575,True,14.944063937552952,21.917085883704814,5.61008797996708,0.9999376829712526,True,OK,23.522099896351705,17.966094215409793,42.960572940605935,0.7637963572374908,0.19560134844884638,,,,,,,,,,,,0,,,-0.8354250105631715,-0.7989824704652211,-907.3532811088802,0.44999999999999996,2,,4,18,3,4,17,,,,,,,2,,,,,,,,,,,,,,,,,,,,,,,,,,,,
Cr2O3_x002,Cr2O3_x020_cLi24gaS4a_s03,Cr2O3,Li_24g,S_4a,0.25,compound_set,4,-0.8185010775230364,-0.22996221899366803,True,0.3609243184125231,2.9514087526926898,0.8333333333333334,1.422867384505564,1.042706447128087,,,,,,,,,,,,,,,,,,,,,,,,,,,,,,,,0,,,,,,0.20318389218901783,8,,4,18,3,4,17,,,,,,,2,,,,,,,,,,,,,,,,,,,,,,,,,,,,
Cr2O3_x002,Cr2O3_x020_cLi24gaS4a_s04,Cr2O3,Li_24g,S_4a,0.25,compound_set,4,-0.8098843095971571,-0.16190304456294513,True,0.42325648668755694,2.8579390713955624,0.7777777777777778,1.713859217705999,1.1200384416688283,,,,,,,,,,,,,,,,,,,,,,,,,,,,,,,,0,,,,,,0.17970510320421385,9,,4,18,3,4,17,,,,,,,2,,,,,,,,,,,,,,,,,,,,,,,,,,,,
Cr2O3_x005,Cr2O3_x050_cLi24gaS16e_s00,Cr2O3,Li_24g,S_16e,0.25,compound_set,4,-0.8635682358677874,-0.18847108249546887,True,0.3278857341603019,3.056653121235575,0.8333333333333334,0.7750334068058056,1.1273608783482432,,,,,,,,,,,,,,,,,,,,,,,,,,,,,,,,0,,,,,,0.38874887568782834,4,,4,18,3,4,17,,,,,,,2,,,,,,,,,,,,,,,,,,,,,,,,,,,,
Cr2O3_x005,Cr2O3_x050_cLi24gaS16e_s01,Cr2O3,Li_24g,S_16e,0.25,compound_set,4,-0.8458192024490057,-0.16350893587191917,True,0.31968367737281633,3.096939175963424,0.8333333333333334,1.3392700992769588,1.0820794179584967,,,,,,,,,,,,,,,,,,,,,,,,,,,,,,,,0,,,,,,0.3192481996985691,6,,4,18,3,4,17,,,,,,,2,,,,,,,,,,,,,,,,,,,,,,,,,,,,
Cr2O3_x005,Cr2O3_x050_cLi24gaS16e_s02,Cr2O3,Li_24g,S_16e,0.25,compound_set,4,-0.8624329203466319,-0.10991846170408347,True,0.31447277563228376,3.0163806299314095,0.7777777777777778,1.8197453436347664,1.1178764054430488,,,,,,,,,,,,,,,,,,,,,,,,,,,,,,,,0,,,,,,0.3843032704360002,5,,4,18,3,4,17,,,,,,,2,,,,,,,,,,,,,,,,,,,,,,,,,,,,
Cr2O3_x005,Cr2O3_x050_cLi24gaS16e_s03,Cr2O3,Li_24g,S_16e,0.25,compound_set,4,-0.8990922778157362,-0.23306492946161872,True,0.3318498157534876,3.130943198063566,0.8888888888888888,3.0622917040929085,1.0099015186647657,,,,,,,,,,,,,,,,,,,,,,,,,,,,,,,,0,,,,,,0.5278519395561198,3,,4,18,3,4,17,,,,,,,2,,,,,,,,,,,,,,,,,,,,,,,,,,,,
Cr2O3_x005,Cr2O3_x050_cLi24gaS16e_s04,Cr2O3,Li_24g,S_16e,0.25,compound_set,4,-0.9321848379734554,-0.17573466004715932,True,0.22084217609458903,3.1472630985732306,0.8888888888888888,1.2179244577613602,1.1240203018213712,0.9560806302364413,0.09395922280498996,0.8662480372805204,0.147904,,-893.9218803950298,-4.594529641040174,-4.497661107883112,True,,,,0.998118829795071,False,"r2=0.9981 / V0 / B0'=-3.36 unphysical (need r2>=0.95, 0<B0'<15)",20.880715314886483,15.885209422651558,38.0154254155405,0.7607598294933181,0.1965667056718904,,,,,,,,,,,,0,,,-0.9321848379734554,-0.9047484338082388,-893.9218803950295,0.55,2,,4,18,3,4,17,,,,,,,2,,,,,,,,,,,,,,,,,,,,,,,,,,,,
Cr2O3_x005,Cr2O3_x050_cLi24gaS4a_s00,Cr2O3,Li_24g,S_4a,0.25,compound_set,4,-0.8333049495986442,-0.11521172152891003,True,0.3503575081897244,2.840623593773585,0.7777777777777778,1.6921756366098837,1.070783961742447,,,,,,,,,,,,,,,,,,,,,,,,,,,,,,,,0,,,,,,0.27024558574888335,7,,4,18,3,4,17,,,,,,,2,,,,,,,,,,,,,,,,,,,,,,,,,,,,
Cr2O3_x005,Cr2O3_x050_cLi24gaS4a_s01,Cr2O3,Li_24g,S_4a,0.25,compound_set,4,-0.8025967170593269,-0.03572374615388717,True,0.3790539068889053,3.0339675987845585,0.7777777777777778,2.1693705747213845,1.0522160442632134,,,,,,,,,,,,,,,,,,,,,,,,,,,,,,,,0,,,,,,0.15,10,,4,18,3,4,17,,,,,,,2,,,,,,,,,,,,,,,,,,,,,,,,,,,,
Cr2O3_x005,Cr2O3_x050_cLi24gaS4a_s02,Cr2O3,Li_24g,S_4a,0.25,compound_set,4,-0.8348339576548618,-0.11511594978619262,True,0.2859119595495157,2.8547039889972914,0.8888888888888888,1.608348245766532,1.1117063153553857,0.9831673385660655,0.0810018954532203,0.9035289205945162,0.142272,,-975.1027351027576,-4.556513167490369,-3.466255759360476,True,15.840509384414503,21.446422156194703,5.4892157948716225,0.9997389265855942,True,OK,23.987655111326625,16.9897836902666,41.234314671979725,0.708271967869184,0.21350322710708622,,,,,,,,,,,,0,,,-0.8348339576548618,-0.8667319602584334,-975.1027351027575,0.701137211356909,1,,4,18,3,4,17,,,,,,,2,,,,,,,,,,,,,,,,,,,,,,,,,,,,
Cr2O3_x005,Cr2O3_x050_cLi24gaS4a_s03,Cr2O3,Li_24g,S_4a,0.25,compound_set,4,-0.8185003266077784,-0.22996348396480862,True,0.36089858229605665,2.95139721816224,0.8333333333333334,1.4229415149554419,1.0427360748571002,,,,,,,,,,,,,,,,,,,,,,,,,,,,,,,,0,,,,,,0.2122744680348053,8,,4,18,3,4,17,,,,,,,2,,,,,,,,,,,,,,,,,,,,,,,,,,,,
Cr2O3_x005,Cr2O3_x050_cLi24gaS4a_s04,Cr2O3,Li_24g,S_4a,0.25,compound_set,4,-0.809461358331216,-0.15870357752186512,True,0.43195186409728137,2.863514974435605,0.8333333333333334,1.7142140628441007,1.1186140999379348,,,,,,,,,,,,,,,,,,,,,,,,,,,,,,,,0,,,,,,0.17688017975757514,9,,4,18,3,4,17,,,,,,,2,,,,,,,,,,,,,,,,,,,,,,,,,,,,
Cr2O3_x010,Cr2O3_x100_cLi24gaS16e_s00,Cr2O3,Li_24g,S_16e,0.25,compound_set,4,-0.8635439994335647,-0.1883857943835804,True,0.32808542724580914,3.0568716818315225,0.8333333333333334,0.7801215091656555,1.1268938174614855,,,,,,,,,,,,,,,,,,,,,,,,,,,,,,,,0,,,,,,0.3511879298050168,3,,4,18,3,4,17,,,,,,,2,,,,,,,,,,,,,,,,,,,,,,,,,,,,
Cr2O3_x010,Cr2O3_x100_cLi24gaS16e_s01,Cr2O3,Li_24g,S_16e,0.25,compound_set,4,-0.8458230464854046,-0.16350105884759422,True,0.319778378757875,3.0967601420833284,0.8333333333333334,1.3388636833932557,1.0820916581331692,,,,,,,,,,,,,,,,,,,,,,,,,,,,,,,,0,,,,,,0.29271382459942413,6,,4,18,3,4,17,,,,,,,2,,,,,,,,,,,,,,,,,,,,,,,,,,,,
Cr2O3_x010,Cr2O3_x100_cLi24gaS16e_s02,Cr2O3,Li_24g,S_16e,0.25,compound_set,4,-0.8624404381474631,-0.11003409369595425,True,0.31454275598104553,3.0164510725375715,0.7777777777777778,1.8228766440954784,1.1179054996987905,,,,,,,,,,,,,,,,,,,,,,,,,,,,,,,,0,,,,,,0.34754649139405214,4,,4,18,3,4,17,,,,,,,2,,,,,,,,,,,,,,,,,,,,,,,,,,,,
Cr2O3_x010,Cr2O3_x100_cLi24gaS16e_s03,Cr2O3,Li_24g,S_16e,0.25,compound_set,4,-0.8990971047622041,-0.23312234287924513,True,0.3318796563309595,3.1308464043192816,0.8888888888888888,3.0627180643921306,1.0098575311942135,,,,,,,,,,,,,,,,,,,,,,,,,,,,,,,,0,,,,,,0.46850306671971753,2,,4,18,3,4,17,,,,,,,2,,,,,,,,,,,,,,,,,,,,,,,,,,,,
Cr2O3_x010,Cr2O3_x100_cLi24gaS16e_s04,Cr2O3,Li_24g,S_16e,0.25,compound_set,4,-0.9320022898468125,-0.1746067331244905,True,0.22140967858627275,3.1502199110089872,0.8888888888888888,1.249474754820163,1.1233269470005138,1.0247610883589453,0.13093848276226952,0.847542608220048,0.130688,,-912.9687344088862,-4.613576463247502,-2.4915526030243673,True,18.046540880489978,21.792690292918646,5.753962231379185,0.9999622852803192,True,OK,21.06103719270544,15.537399175675471,37.41215153522677,0.7377319090940545,0.20393867442748262,,,,,,,,,,,,0,,,-0.9320022898468125,-0.9237952735499344,-912.9687344088859,0.85,1,,4,18,3,4,17,,,,,,,2,,,,,,,,,,,,,,,,,,,,,,,,,,,,
Cr2O3_x010,Cr2O3_x100_cLi24gaS4a_s00,Cr2O3,Li_24g,S_4a,0.25,compound_set,4,-0.8329846091868869,-0.11490418850584816,True,0.3499498669017431,2.8406528770036,0.7777777777777778,1.6912575720983705,1.0703988934499906,,,,,,,,,,,,,,,,,,,,,,,,,,,,,,,,0,,,,,,0.2503506325371781,7,,4,18,3,4,17,,,,,,,2,,,,,,,,,,,,,,,,,,,,,,,,,,,,
Cr2O3_x010,Cr2O3_x100_cLi24gaS4a_s01,Cr2O3,Li_24g,S_4a,0.25,compound_set,4,-0.8025727058109058,-0.03552876530410004,True,0.37931835056304936,3.034519348048599,0.7777777777777778,2.1653962482573075,1.052190512778138,,,,,,,,,,,,,,,,,,,,,,,,,,,,,,,,0,,,,,,0.15,10,,4,18,3,4,17,,,,,,,2,,,,,,,,,,,,,,,,,,,,,,,,,,,,
Cr2O3_x010,Cr2O3_x100_cLi24gaS4a_s02,Cr2O3,Li_24g,S_4a,0.25,compound_set,4,-0.8346860384991266,-0.1155753962787368,True,0.28456404338112823,2.8545687547052663,0.8888888888888888,1.5786828206555152,1.1115217914103948,0.9875430424374431,0.1353676620680252,0.8538616495911419,0.139328,,-964.2073348048482,-4.545617828596729,-2.8114566381903168,True,15.620439150070544,21.342266722471717,2.8141476719372847,0.9994617442090004,True,OK,20.193390321177674,12.032326250278603,30.11549289585248,0.595854686058328,0.2514410044007563,,,,,,,,,,,,0,,,-0.8346860384991266,-0.8558366388991616,-964.2073348048483,0.3257558318775228,5,,4,18,3,4,17,,,,,,,2,,,,,,,,,,,,,,,,,,,,,,,,,,,,
Cr2O3_x010,Cr2O3_x100_cLi24gaS4a_s03,Cr2O3,Li_24g,S_4a,0.25,compound_set,4,-0.8185021544084834,-0.2299631081266051,True,0.36091659658214664,2.951402727908446,0.8333333333333334,1.4228803806355683,1.042726083935814,,,,,,,,,,,,,,,,,,,,,,,,,,,,,,,,0,,,,,,0.20256265032059367,8,,4,18,3,4,17,,,,,,,2,,,,,,,,,,,,,,,,,,,,,,,,,,,,
Cr2O3_x010,Cr2O3_x100_cLi24gaS4a_s04,Cr2O3,Li_24g,S_4a,0.25,compound_set,4,-0.8094614919373222,-0.15885745579145796,True,0.43184031537374035,2.862381614917586,0.8333333333333334,1.717478811909804,1.1186854186160207,,,,,,,,,,,,,,,,,,,,,,,,,,,,,,,,0,,,,,,0.1727310351691173,9,,4,18,3,4,17,,,,,,,2,,,,,,,,,,,,,,,,,,,,,,,,,,,,
CrO3_x002,CrO3_x020_cLi24gaS16e_s00,CrO3,Li_24g,S_16e,0.25,compound_set,4,-0.7676275198045062,-0.15094312934855422,True,0.15511106504401453,2.9748200139649112,0.5,1.5693987370479479,1.0143786452311834,,,,,,,,,,,,,,,,,,,,,,,,,,,,,,,,0,,,,,,0.4290528585604668,2,,4,18,3,4,17,,,,,,,1,,,,,,,,,,,,,,,,,,,,,,,,,,,,
CrO3_x002,CrO3_x020_cLi24gaS16e_s01,CrO3,Li_24g,S_16e,0.25,compound_set,4,-0.8002088773515119,-0.100641438573278,True,0.31487472178891024,3.207622492593041,0.6666666666666666,1.3062185626413878,1.0340496547545723,0.9849198554747596,0.10537246756004236,0.8811364199545039,0.140032,,-946.7157374747046,-4.492930866160583,-4.040736027435443,True,16.59330263417255,21.71931496927747,4.897768978268816,0.9999601999007307,True,OK,23.015556853474394,17.217789721669476,41.34371388181761,0.7480935539072262,0.2006103730545743,,,,,,,,,,,,0,,,-0.8002088773515119,-0.8031496108110794,-946.7157374747046,0.85,1,,4,18,3,4,17,,,,,,,1,,,,,,,,,,,,,,,,,,,,,,,,,,,,
CrO3_x002,CrO3_x020_cLi24gaS16e_s02,CrO3,Li_24g,S_16e,0.25,compound_set,4,-0.736036265470652,-0.061200139006507656,True,0.3423690658541474,3.1093427978109904,0.5555555555555556,0.38754823156547336,1.0405726267477566,,,,,,,,,,,,,,,,,,,,,,,,,,,,,,,,0,,,,,,0.3214895986875646,6,,4,18,3,4,17,,,,,,,1,,,,,,,,,,,,,,,,,,,,,,,,,,,,
CrO3_x002,CrO3_x020_cLi24gaS16e_s03,CrO3,Li_24g,S_16e,0.25,compound_set,4,-0.7617384017799242,-0.1738348309008423,True,0.16923780840368755,2.9578743508421703,0.6666666666666666,1.7589422917585726,1.2488366250128917,,,,,,,,,,,,,,,,,,,,,,,,,,,,,,,,0,,,,,,0.40900133652193005,3,,4,18,3,4,17,,,,,,,1,,,,,,,,,,,,,,,,,,,,,,,,,,,,
CrO3_x002,CrO3_x020_cLi24gaS16e_s04,CrO3,Li_24g,S_16e,0.25,compound_set,4,-0.7397639681163604,-0.08752361194616774,True,0.23340079456457619,3.022465757164248,0.7222222222222222,1.8163090169318676,1.0688024985299824,,,,,,,,,,,,,,,,,,,,,,,,,,,,,,,,0,,,,,,0.33418184079266977,5,,4,18,3,4,17,,,,,,,1,,,,,,,,,,,,,,,,,,,,,,,,,,,,
CrO3_x002,CrO3_x020_cLi24gaS4a_s00,CrO3,Li_24g,S_4a,0.25,compound_set,4,-0.7002492637567501,-0.09820599683633505,True,0.325584622996485,3.067726568878337,0.6666666666666666,1.3939907318129534,1.0697398034696948,,,,,,,,,,,,,,,,,,,,,,,,,,,,,,,,0,,,,,,0.19964047789151768,9,,4,18,3,4,17,,,,,,,1,,,,,,,,,,,,,,,,,,,,,,,,,,,,
CrO3_x002,CrO3_x020_cLi24gaS4a_s01,CrO3,Li_24g,S_4a,0.25,compound_set,4,-0.7085970193524416,-0.13234482430320674,True,0.34923837296315985,3.0006185187578978,0.7222222222222222,1.7979742235603362,1.007907321931651,,,,,,,,,,,,,,,,,,,,,,,,,,,,,,,,0,,,,,,0.22806327475186916,8,,4,18,3,4,17,,,,,,,1,,,,,,,,,,,,,,,,,,,,,,,,,,,,
CrO3_x002,CrO3_x020_cLi24gaS4a_s02,CrO3,Li_24g,S_4a,0.25,compound_set,4,-0.6856698900544469,-0.07483783103148962,True,0.34107656528644775,2.9976678695366656,0.6666666666666666,0.605616259779249,1.0702327735985513,,,,,,,,,,,,,,,,,,,,,,,,,,,,,,,,0,,,,,,0.15,10,,4,18,3,4,17,,,,,,,1,,,,,,,,,,,,,,,,,,,,,,,,,,,,
CrO3_x002,CrO3_x020_cLi24gaS4a_s03,CrO3,Li_24g,S_4a,0.25,compound_set,4,-0.7332337926764616,-0.15178990082309465,True,0.3053590277525641,3.0735310912848726,0.8888888888888888,1.176617141680758,1.1768273472682698,0.984610346655129,0.10081334842488415,0.8853484807150396,0.130304,,-922.8843123781496,-4.436048063507057,-4.5553099034331535,True,,,,0.9790786593993822,False,"r2=0.9791 / V0 / B0'=-10.13 unphysical (need r2>=0.95, 0<B0'<15)",22.694695046372296,12.883277371308935,32.49998985601547,0.5676779240692332,0.26132461947892877,,,,,,,,,,,,0,,,-0.7332337926764616,-0.7462668081575536,-922.8843123781498,0.3563229899180218,4,,4,18,3,4,17,,,,,,,1,,,,,,,,,,,,,,,,,,,,,,,,,,,,
CrO3_x002,CrO3_x020_cLi24gaS4a_s04,CrO3,Li_24g,S_4a,0.25,compound_set,4,-0.7218403736594947,-0.15614107784304404,True,0.234309859685118,2.9771654467844595,0.6111111111111112,1.3192000630143506,1.0428581776852344,,,,,,,,,,,,,,,,,,,,,,,,,,,,,,,,0,,,,,,0.273154816412877,7,,4,18,3,4,17,,,,,,,1,,,,,,,,,,,,,,,,,,,,,,,,,,,,
CrO3_x005,CrO3_x050_cLi24gaS16e_s00,CrO3,Li_24g,S_16e,0.25,compound_set,4,-0.7676262964244467,-0.15093291193879546,True,0.15510222459481776,2.9748249791881656,0.5,1.5695119322146913,1.014374778129906,,,,,,,,,,,,,,,,,,,,,,,,,,,,,,,,0,,,,,,0.3894474828050023,3,,4,18,3,4,17,,,,,,,1,,,,,,,,,,,,,,,,,,,,,,,,,,,,
CrO3_x005,CrO3_x050_cLi24gaS16e_s01,CrO3,Li_24g,S_16e,0.25,compound_set,4,-0.8002110904863491,-0.1006425128717494,True,0.3148691009793417,3.207625420858606,0.6666666666666666,1.306346164534188,1.0340517824005204,0.9714141595921666,0.10153557058411272,0.8727810686244896,0.140672,,-966.0775785795603,-4.512292722491968,-3.391125124888887,True,14.31757304814726,21.881590922153325,2.189160389970716,0.9999354754775708,True,OK,20.466341482522424,15.707707233394396,37.52349033916606,0.7674897463627418,0.19442926270587665,,,,,,,,,,,,0,,,-0.8002110904863491,-0.8225114004710887,-966.0775785795605,0.55,2,,4,18,3,4,17,,,,,,,1,,,,,,,,,,,,,,,,,,,,,,,,,,,,
CrO3_x005,CrO3_x050_cLi24gaS16e_s02,CrO3,Li_24g,S_16e,0.25,compound_set,4,-0.7360375586975358,-0.06121168464583936,True,0.3423429010886823,3.109330642734722,0.5555555555555556,0.3873729831621408,1.0405718046685555,,,,,,,,,,,,,,,,,,,,,,,,,,,,,,,,0,,,,,,0.29704260455683185,6,,4,18,3,4,17,,,,,,,1,,,,,,,,,,,,,,,,,,,,,,,,,,,,
CrO3_x005,CrO3_x050_cLi24gaS16e_s03,CrO3,Li_24g,S_16e,0.25,compound_set,4,-0.7617894075950913,-0.17404842506372362,True,0.16852620293540463,2.9580849571718417,0.6666666666666666,1.756886068195024,1.249901736715356,,,,,,,,,,,,,,,,,,,,,,,,,,,,,,,,0,,,,,,0.37237313794553023,4,,4,18,3,4,17,,,,,,,1,,,,,,,,,,,,,,,,,,,,,,,,,,,,
CrO3_x005,CrO3_x050_cLi24gaS16e_s04,CrO3,Li_24g,S_16e,0.25,compound_set,4,-0.7397502693023981,-0.08743481249687396,True,0.23373731123936586,3.022547249423911,0.7222222222222222,1.8151147429556225,1.068677484045468,,,,,,,,,,,,,,,,,,,,,,,,,,,,,,,,0,,,,,,0.3079032022286634,5,,4,18,3,4,17,,,,,,,1,,,,,,,,,,,,,,,,,,,,,,,,,,,,
CrO3_x005,CrO3_x050_cLi24gaS4a_s00,CrO3,Li_24g,S_4a,0.25,compound_set,4,-0.7001989598021661,-0.09816331652396067,True,0.3252189363987582,3.067609636944956,0.6666666666666666,1.3902786619492342,1.0696752185645442,,,,,,,,,,,,,,,,,,,,,,,,,,,,,,,,0,,,,,,0.19220583025640087,9,,4,18,3,4,17,,,,,,,1,,,,,,,,,,,,,,,,,,,,,,,,,,,,
CrO3_x005,CrO3_x050_cLi24gaS4a_s01,CrO3,Li_24g,S_4a,0.25,compound_set,4,-0.709343000851419,-0.13445787863078185,True,0.34606555197663275,2.992071446545913,0.7222222222222222,1.794745162836846,1.0075578686196713,,,,,,,,,,,,,,,,,,,,,,,,,,,,,,,,0,,,,,,0.21895441410793803,8,,4,18,3,4,17,,,,,,,1,,,,,,,,,,,,,,,,,,,,,,,,,,,,
CrO3_x005,CrO3_x050_cLi24gaS4a_s02,CrO3,Li_24g,S_4a,0.25,compound_set,4,-0.6857708373069951,-0.07551331571722979,True,0.34173746514705394,2.9976587993104156,0.6666666666666666,0.6025577716532179,1.0702183348542482,,,,,,,,,,,,,,,,,,,,,,,,,,,,,,,,0,,,,,,0.15,10,,4,18,3,4,17,,,,,,,1,,,,,,,,,,,,,,,,,,,,,,,,,,,,
CrO3_x005,CrO3_x050_cLi24gaS4a_s03,CrO3,Li_24g,S_4a,0.25,compound_set,4,-0.7334383366106882,-0.15260947005372846,True,0.3047619269164185,3.07137184370418,0.8888888888888888,1.239888844086058,1.1751155470059391,0.988698411295721,0.1232972831991084,0.866794583279684,0.121024,,-906.999660346377,-4.420163419370522,-7.796908355917441,True,14.070598753784328,20.81147350984188,6.60812291821469,0.9995699628293145,True,OK,24.905898829578888,19.56602672042157,46.51688741896118,0.7855980968325644,0.18871572863616462,,,,,,,,,,,,0,,,-0.7334383366106882,-0.7303820973496427,-906.999660346377,0.5804989799964841,1,,4,18,3,4,17,,,,,,,1,,,,,,,,,,,,,,,,,,,,,,,,,,,,
CrO3_x005,CrO3_x050_cLi24gaS4a_s04,CrO3,Li_24g,S_4a,0.25,compound_set,4,-0.7218414279990499,-0.15614376617495562,True,0.2342662427017628,2.9771771535621125,0.6111111111111112,1.3190355940097276,1.0428840121305856,,,,,,,,,,,,,,,,,,,,,,,,,,,,,,,,0,,,,,,0.25551540773974685,7,,4,18,3,4,17,,,,,,,1,,,,,,,,,,,,,,,,,,,,,,,,,,,,
CrO3_x010,CrO3_x100_cLi24gaS16e_s00,CrO3,Li_24g,S_16e,0.25,compound_set,4,-0.7676174725769132,-0.1508540397451145,True,0.15504515116572143,2.9748703214155627,0.5,1.5701957567467086,1.0143395422482455,,,,,,,,,,,,,,,,,,,,,,,,,,,,,,,,0,,,,,,0.39611051866134006,3,,4,18,3,4,17,,,,,,,1,,,,,,,,,,,,,,,,,,,,,,,,,,,,
CrO3_x010,CrO3_x100_cLi24gaS16e_s01,CrO3,Li_24g,S_16e,0.25,compound_set,4,-0.800212512175686,-0.1006433282235437,True,0.3148770164588218,3.207618318841294,0.6666666666666666,1.3062929167870398,1.034047910470604,0.9978471267216129,0.10121065762475304,0.8968543628171483,0.13504,,-962.4245203849798,-4.508639694412079,-1.0827966851095006,True,14.96786915449737,22.6448256506952,4.068180115284669,0.9999444762356692,True,OK,21.367773430578765,10.900403101337307,27.94869373292696,0.5101328473343917,0.2820027604987422,,,,,,,,,,,,0,,,-0.800212512175686,-0.8188584372275836,-962.4245203849795,0.55,2,,4,18,3,4,17,,,,,,,1,,,,,,,,,,,,,,,,,,,,,,,,,,,,
CrO3_x010,CrO3_x100_cLi24gaS16e_s02,CrO3,Li_24g,S_16e,0.25,compound_set,4,-0.7360372987576866,-0.06120881115302026,True,0.34235451905811387,3.109334758943947,0.5555555555555556,0.38744438142923054,1.0405725688130203,,,,,,,,,,,,,,,,,,,,,,,,,,,,,,,,0,,,,,,0.3012673282031386,6,,4,18,3,4,17,,,,,,,1,,,,,,,,,,,,,,,,,,,,,,,,,,,,
CrO3_x010,CrO3_x100_cLi24gaS16e_s03,CrO3,Li_24g,S_16e,0.25,compound_set,4,-0.761738745192388,-0.173835757120725,True,0.16923245397023254,2.9578747605941755,0.6666666666666666,1.7589270989771482,1.248841838671784,,,,,,,,,,,,,,,,,,,,,,,,,,,,,,,,0,,,,,,0.37845522441964374,4,,4,18,3,4,17,,,,,,,1,,,,,,,,,,,,,,,,,,,,,,,,,,,,
CrO3_x010,CrO3_x100_cLi24gaS16e_s04,CrO3,Li_24g,S_16e,0.25,compound_set,4,-0.7397736196754297,-0.08750092347357515,True,0.2335186391383378,3.022525473750657,0.7222222222222222,1.8157398704597982,1.068798706492116,,,,,,,,,,,,,,,,,,,,,,,,,,,,,,,,0,,,,,,0.312488437955192,5,,4,18,3,4,17,,,,,,,1,,,,,,,,,,,,,,,,,,,,,,,,,,,,
CrO3_x010,CrO3_x100_cLi24gaS4a_s00,CrO3,Li_24g,S_4a,0.25,compound_set,4,-0.7005035834802023,-0.09919017929570462,True,0.3255767421046463,3.0682794772328266,0.6666666666666666,1.4086929035177207,1.0692372714448797,,,,,,,,,,,,,,,,,,,,,,,,,,,,,,,,0,,,,,,0.1945506601745997,9,,4,18,3,4,17,,,,,,,1,,,,,,,,,,,,,,,,,,,,,,,,,,,,
CrO3_x010,CrO3_x100_cLi24gaS4a_s01,CrO3,Li_24g,S_4a,0.25,compound_set,4,-0.7093238662749108,-0.13440946898814873,True,0.3459557252525646,2.9923177439084956,0.7222222222222222,1.7937219576605652,1.0075669669730538,,,,,,,,,,,,,,,,,,,,,,,,,,,,,,,,0,,,,,,0.2210401838163107,8,,4,18,3,4,17,,,,,,,1,,,,,,,,,,,,,,,,,,,,,,,,,,,,
CrO3_x010,CrO3_x100_cLi24gaS4a_s02,CrO3,Li_24g,S_4a,0.25,compound_set,4,-0.685669438980443,-0.07483315627991861,True,0.3410730947130024,2.9976646504841638,0.6666666666666666,0.6056112166615072,1.0702283816419778,,,,,,,,,,,,,,,,,,,,,,,,,,,,,,,,0,,,,,,0.15,10,,4,18,3,4,17,,,,,,,1,,,,,,,,,,,,,,,,,,,,,,,,,,,,
CrO3_x010,CrO3_x100_cLi24gaS4a_s03,CrO3,Li_24g,S_4a,0.25,compound_set,4,-0.7334385125443426,-0.1526112040362602,True,0.30475883916473157,3.0713643879804597,0.8888888888888888,1.2399267034378594,1.1751079728597962,0.9640590332938621,0.1058080563770928,0.8620538207482595,0.142976,,-926.7027526194854,-4.4398664850254015,-6.021276382032807,True,12.411552044518114,21.268329941257832,2.8655319102178822,0.9997093160280454,True,OK,24.506630678632785,17.40035346612483,42.21080028388729,0.7100263473304029,0.21292939152252455,,,,,,,,,,,,0,,,-0.7334385125443426,-0.7500852278409065,-926.702752619486,0.6434567860956082,1,,4,18,3,4,17,,,,,,,1,,,,,,,,,,,,,,,,,,,,,,,,,,,,
CrO3_x010,CrO3_x100_cLi24gaS4a_s04,CrO3,Li_24g,S_4a,0.25,compound_set,4,-0.7218396741674837,-0.15613375812427682,True,0.23430996251953293,2.9771678481011836,0.6111111111111112,1.3191201811479156,1.042868137126698,,,,,,,,,,,,,,,,,,,,,,,,,,,,,,,,0,,,,,,0.25862829712083163,7,,4,18,3,4,17,,,,,,,1,,,,,,,,,,,,,,,,,,,,,,,,,,,,
Cu2O_x002,Cu2O_x020_cLi24gaS16e_s00,Cu2O,Li_24g,S_16e,0.25,compound_set,4,-0.46877962796864736,-0.1520770637856265,True,0.20800220078188245,2.9670845527545278,0.5,0.2869785756621507,1.078544659970951,,,,,,,,,,,,,,,,,,,,,,,,,,,,,,,,0,,,,,,0.3714197720792656,9,,4,22,1,4,19,,,,,,,,2,,,,,,,,,,,,,,,,,,,,,,,,,,,
Cu2O_x002,Cu2O_x020_cLi24gaS16e_s01,Cu2O,Li_24g,S_16e,0.25,compound_set,4,-0.47598551954334933,-0.1300028765882861,True,0.22817541093812876,3.002112659313047,0.6363636363636364,2.1760879625241882,1.1122043909418906,,,,,,,,,,,,,,,,,,,,,,,,,,,,,,,,0,,,,,,0.3888778260840119,5,,4,22,1,4,19,,,,,,,,2,,,,,,,,,,,,,,,,,,,,,,,,,,,
Cu2O_x002,Cu2O_x020_cLi24gaS16e_s02,Cu2O,Li_24g,S_16e,0.25,compound_set,4,-0.4701255402168236,-0.11584299265138248,True,0.1433630882506326,2.8516990947096224,0.4090909090909091,1.7037825171750791,1.1412274479441673,,,,,,,,,,,,,,,,,,,,,,,,,,,,,,,,0,,,,,,0.3746805772788334,8,,4,22,1,4,19,,,,,,,,2,,,,,,,,,,,,,,,,,,,,,,,,,,,
Cu2O_x002,Cu2O_x020_cLi24gaS16e_s03,Cu2O,Li_24g,S_16e,0.25,compound_set,4,-0.4903912985989134,-0.22232485117481518,True,0.15694407246998884,2.99289798607991,0.6363636363636364,0.9183298540189914,1.1485298248535416,0.9734638661812518,0.08319214449116934,0.8924793195689689,0.141504,,-765.4172987869534,-4.1910348346370485,-1.0256360964732103,True,19.377820580331168,20.51338999160579,1.0254166838254093,0.9995135373179389,True,OK,22.7330255101453,16.990417448384882,40.80541129172088,0.7473891867495769,0.20083604230689078,,,,,,,,,,,,0,,,-0.4903912985989134,-0.5012535415682651,-765.4172987869537,0.450095856987057,4,,4,22,1,4,19,,,,,,,,2,,,,,,,,,,,,,,,,,,,,,,,,,,,
Cu2O_x002,Cu2O_x020_cLi24gaS16e_s04,Cu2O,Li_24g,S_16e,0.25,compound_set,4,-0.4578366322003209,-0.10632027991775259,True,0.21449432416363035,2.963889506781635,0.5,0.45724094329790865,1.0679472786810478,,,,,,,,,,,,,,,,,,,,,,,,,,,,,,,,0,,,,,,0.3449076591621273,11,,4,22,1,4,19,,,,,,,,2,,,,,,,,,,,,,,,,,,,,,,,,,,,
Cu2O_x002,Cu2O_x020_cLi24gaS4a_s00,Cu2O,Li_24g,S_4a,0.25,compound_set,4,-0.3773876051426992,-0.1650815757814937,True,0.23417843641340516,2.9427677625395416,0.6363636363636364,1.3124242074335581,1.0598699395095148,,,,,,,,,,,,,,,,,,,,,,,,,,,,,,,,0,,,,,,0.15,20,,4,22,1,4,19,,,,,,,,2,,,,,,,,,,,,,,,,,,,,,,,,,,,
Cu2O_x002,Cu2O_x020_cLi24gaS4a_s01,Cu2O,Li_24g,S_4a,0.25,compound_set,4,-0.44200202698674573,-0.11240217458157054,True,0.31083689993686076,3.022900211980227,0.5454545454545454,1.1863638245376038,1.0627872865219106,0.9994590789186838,0.1255708173542783,0.8739561854667105,0.147264,,-771.4667821723467,-4.16421214239662,-3.9038588403365972,True,18.34685390130996,20.010873506193924,3.8328532997459144,0.9994769290341224,True,OK,25.460414027758574,20.093965192229483,47.726314244994995,0.7892238189968849,0.18757830493931546,,,,,,,,,,,,0,,,-0.44200202698674573,-0.4744308493278364,-771.4667821723467,0.6533646041113886,3,,4,22,1,4,19,,,,,,,,2,,,,,,,,,,,,,,,,,,,,,,,,,,,
Cu2O_x002,Cu2O_x020_cLi24gaS4a_s02,Cu2O,Li_24g,S_4a,0.25,compound_set,4,-0.42853422871375724,-0.1711428683058223,True,0.2526187552362921,3.0409864258266293,0.5909090909090909,0.20408865396534612,1.0538570835339893,,,,,,,,,,,,,,,,,,,,,,,,,,,,,,,,0,,,,,,0.2739153416627549,18,,4,22,1,4,19,,,,,,,,2,,,,,,,,,,,,,,,,,,,,,,,,,,,
Cu2O_x002,Cu2O_x020_cLi24gaS4a_s03,Cu2O,Li_24g,S_4a,0.25,compound_set,4,-0.4419990603143935,-0.11239394736069364,True,0.31076394519711487,3.0229247996139956,0.5454545454545454,1.1863250551855136,1.0627887345896463,,,,,,,,,,,,,,,,,,,,,,,,,,,,,,,,0,,,,,,0.30653722541049155,13,,4,22,1,4,19,,,,,,,,2,,,,,,,,,,,,,,,,,,,,,,,,,,,
Cu2O_x002,Cu2O_x020_cLi24gaS4a_s04,Cu2O,Li_24g,S_4a,0.25,compound_set,4,-0.44067085497448133,-0.13585761343797412,True,0.32574325889283834,2.9805789468186137,0.45454545454545453,0.7060907644127247,1.064144339292049,,,,,,,,,,,,,,,,,,,,,,,,,,,,,,,,0,,,,,,0.30331931957424696,16,,4,22,1,4,19,,,,,,,,2,,,,,,,,,,,,,,,,,,,,,,,,,,,
Cu2O_x002,Cu2O_x020_cLi48haS16e_s00,Cu2O,Li_48h,S_16e,0.25,compound_set,4,-0.46877921927514965,-0.15207267811564346,True,0.2080007575076204,2.96707807480679,0.5,0.28698037515659164,1.07854508150579,,,,,,,,,,,,,,,,,,,,,,,,,,,,,,,,0,,,,,,0.3714187819182174,10,,4,22,1,4,19,,,,,,,,2,,,,,,,,,,,,,,,,,,,,,,,,,,,
Cu2O_x002,Cu2O_x020_cLi48haS16e_s01,Cu2O,Li_48h,S_16e,0.25,compound_set,4,-0.4758616266940132,-0.129755628084444,True,0.22712969156527762,3.002855707569344,0.6363636363636364,2.1749514452969576,1.112322892934075,,,,,,,,,,,,,,,,,,,,,,,,,,,,,,,,0,,,,,,0.3885776650238447,6,,4,22,1,4,19,,,,,,,,2,,,,,,,,,,,,,,,,,,,,,,,,,,,
Cu2O_x002,Cu2O_x020_cLi48haS16e_s02,Cu2O,Li_48h,S_16e,0.25,compound_set,4,-0.4701294469148003,-0.1158480359208654,True,0.14335466421581733,2.851691851007449,0.4090909090909091,1.7033516788858796,1.1412555745229034,,,,,,,,,,,,,,,,,,,,,,,,,,,,,,,,0,,,,,,0.3746900422206175,7,,4,22,1,4,19,,,,,,,,2,,,,,,,,,,,,,,,,,,,,,,,,,,,
Cu2O_x002,Cu2O_x020_cLi48haS16e_s03,Cu2O,Li_48h,S_16e,0.25,compound_set,4,-0.49039144320647754,-0.22232541231897,True,0.15694322810817612,2.9928977417767784,0.6363636363636364,0.9183283885456242,1.1485300747041665,0.9667420763608198,0.06326674716146644,0.9055794498453488,0.13472,,-806.65316958626,-4.232270726232931,-6.170059907286878,True,20.15467621657315,18.859286239974246,6.668304407655577,0.9998877629860015,True,OK,26.062173929831623,18.947263472953217,45.75402753151249,0.7270024182927256,0.20740463647495325,,,,,,,,,,,,0,,,-0.49039144320647754,-0.5424894331641479,-806.65316958626,0.7418077595063667,2,,4,22,1,4,19,,,,,,,,2,,,,,,,,,,,,,,,,,,,,,,,,,,,
Cu2O_x002,Cu2O_x020_cLi48haS16e_s04,Cu2O,Li_48h,S_16e,0.25,compound_set,4,-0.4578364871849807,-0.10632024091133141,True,0.21449591580154442,2.9638911607105616,0.5,0.45724673506438657,1.0679463839519667,,,,,,,,,,,,,,,,,,,,,,,,,,,,,,,,0,,,,,,0.3449073078266105,12,,4,22,1,4,19,,,,,,,,2,,,,,,,,,,,,,,,,,,,,,,,,,,,
Cu2O_x002,Cu2O_x020_cLi48haS4a_s00,Cu2O,Li_48h,S_4a,0.25,compound_set,4,-0.37738768761539543,-0.16508289220653694,True,0.23417717329345447,2.9427669704783437,0.6363636363636364,1.3124527445465572,1.0598695502078375,,,,,,,,,,,,,,,,,,,,,,,,,,,,,,,,0,,,,,,0.15000019981049809,19,,4,22,1,4,19,,,,,,,,2,,,,,,,,,,,,,,,,,,,,,,,,,,,
Cu2O_x002,Cu2O_x020_cLi48haS4a_s01,Cu2O,Li_48h,S_4a,0.25,compound_set,4,-0.4419961298321633,-0.11240101624429513,True,0.31081444147243165,3.0229380448807577,0.5454545454545454,1.1860517663242698,1.0627742972199288,,,,,,,,,,,,,,,,,,,,,,,,,,,,,,,,0,,,,,,0.30653012559272375,14,,4,22,1,4,19,,,,,,,,2,,,,,,,,,,,,,,,,,,,,,,,,,,,
Cu2O_x002,Cu2O_x020_cLi48haS4a_s02,Cu2O,Li_48h,S_4a,0.25,compound_set,4,-0.42857244435918673,-0.17217321932702637,True,0.2522391747923535,3.0396117672138137,0.5909090909090909,0.20987440221123743,1.054203279318869,,,,,,,,,,,,,,,,,,,,,,,,,,,,,,,,0,,,,,,0.2740079285126704,17,,4,22,1,4,19,,,,,,,,2,,,,,,,,,,,,,,,,,,,,,,,,,,,
Cu2O_x002,Cu2O_x020_cLi48haS4a_s03,Cu2O,Li_48h,S_4a,0.25,compound_set,4,-0.4421466165070118,-0.11246587397210556,True,0.31132708770581946,3.0221183034742425,0.5454545454545454,1.2011541747075813,1.0632563071261922,1.0070306732894831,0.1106118299963565,0.8831351723528166,0.14912,,-809.2755145570185,-4.2020209063839316,-3.7062637127928295,True,,,,0.9745318330632752,False,"r2=0.9745 / V0 / B0'=15.68 unphysical (need r2>=0.95, 0<B0'<15)",23.33463537122267,21.04689866841135,48.54537382378,0.9019596121209308,0.15326667811253977,,,,,,,,,,,,0,,,-0.4421466165070118,-0.5122396133151481,-809.2755145570183,0.7767123321128342,1,,4,22,1,4,19,,,,,,,,2,,,,,,,,,,,,,,,,,,,,,,,,,,,
Cu2O_x002,Cu2O_x020_cLi48haS4a_s04,Cu2O,Li_48h,S_4a,0.25,compound_set,4,-0.44067261524153345,-0.13586851292393123,True,0.3256735146069776,2.9804915167620716,0.45454545454545453,0.7064204535488608,1.06414715512382,,,,,,,,,,,,,,,,,,,,,,,,,,,,,,,,0,,,,,,0.3033235842564088,15,,4,22,1,4,19,,,,,,,,2,,,,,,,,,,,,,,,,,,,,,,,,,,,
Cu2O_x005,Cu2O_x050_cLi24gaS16e_s00,Cu2O,Li_24g,S_16e,0.25,compound_set,4,-0.46877954595469884,-0.15207584669055563,True,0.2080017125860624,2.9670824501393125,0.5,0.2869859171672648,1.0785451697939281,,,,,,,,,,,,,,,,,,,,,,,,,,,,,,,,0,,,,,,0.35126364804645205,9,,4,22,1,4,19,,,,,,,,2,,,,,,,,,,,,,,,,,,,,,,,,,,,
Cu2O_x005,Cu2O_x050_cLi24gaS16e_s01,Cu2O,Li_24g,S_16e,0.25,compound_set,4,-0.4753125635466908,-0.12865562517364215,True,0.22267507811325377,3.005150467939943,0.6363636363636364,2.164167172174693,1.1125483378103607,,,,,,,,,,,,,,,,,,,,,,,,,,,,,,,,0,,,,,,0.3656506921020245,5,,4,22,1,4,19,,,,,,,,2,,,,,,,,,,,,,,,,,,,,,,,,,,,
Cu2O_x005,Cu2O_x050_cLi24gaS16e_s02,Cu2O,Li_24g,S_16e,0.25,compound_set,4,-0.4700868835106773,-0.11580189399824573,True,0.14342440739572931,2.8518393555118036,0.4090909090909091,1.7066247823039389,1.1409969211147082,,,,,,,,,,,,,,,,,,,,,,,,,,,,,,,,0,,,,,,0.354142673358801,7,,4,22,1,4,19,,,,,,,,2,,,,,,,,,,,,,,,,,,,,,,,,,,,
Cu2O_x005,Cu2O_x050_cLi24gaS16e_s03,Cu2O,Li_24g,S_16e,0.25,compound_set,4,-0.49039130007710163,-0.2223248246643951,True,0.15694450767229115,2.9928986354026246,0.6363636363636364,0.9183393384028853,1.1485300957943527,1.0064604926784428,0.08350576098336884,0.9105732346956292,0.106496,,-823.1874943077966,-4.248805045449492,-8.551149680903492,True,26.090653509577283,18.80081837521322,4.54585354291184,0.9999134523315387,True,OK,29.49802571980684,22.969981915531886,54.70931263906442,0.7786955687718581,0.19088715089651387,,,,,,,,,,,,0,,,-0.49039130007710163,-0.5590238017216054,-823.1874943077968,0.85,1,,4,22,1,4,19,,,,,,,,2,,,,,,,,,,,,,,,,,,,,,,,,,,,
Cu2O_x005,Cu2O_x050_cLi24gaS16e_s04,Cu2O,Li_24g,S_16e,0.25,compound_set,4,-0.45783677859190686,-0.10631970192046096,True,0.2144944939366888,2.963886372323421,0.5,0.4572054962860935,1.067948085898913,,,,,,,,,,,,,,,,,,,,,,,,,,,,,,,,0,,,,,,0.32716543096353023,11,,4,22,1,4,19,,,,,,,,2,,,,,,,,,,,,,,,,,,,,,,,,,,,
Cu2O_x005,Cu2O_x050_cLi24gaS4a_s00,Cu2O,Li_24g,S_4a,0.25,compound_set,4,-0.3773876694693641,-0.1650863803920226,True,0.23417105761929272,2.9427662645910915,0.6363636363636364,1.312515907029138,1.0598632521525033,,,,,,,,,,,,,,,,,,,,,,,,,,,,,,,,0,,,,,,0.15,20,,4,22,1,4,19,,,,,,,,2,,,,,,,,,,,,,,,,,,,,,,,,,,,
Cu2O_x005,Cu2O_x050_cLi24gaS4a_s01,Cu2O,Li_24g,S_4a,0.25,compound_set,4,-0.441997529829119,-0.11239713436172231,True,0.3107976875988133,3.0229321085858443,0.5454545454545454,1.1860229889705671,1.0627776405671205,,,,,,,,,,,,,,,,,,,,,,,,,,,,,,,,0,,,,,,0.29228415802210556,14,,4,22,1,4,19,,,,,,,,2,,,,,,,,,,,,,,,,,,,,,,,,,,,
Cu2O_x005,Cu2O_x050_cLi24gaS4a_s02,Cu2O,Li_24g,S_4a,0.25,compound_set,4,-0.42853636051571886,-0.17117542940228872,True,0.2526210408962948,3.0409652678553005,0.5909090909090909,0.20434390899100557,1.0538588934497441,,,,,,,,,,,,,,,,,,,,,,,,,,,,,,,,0,,,,,,0.2626399035525017,18,,4,22,1,4,19,,,,,,,,2,,,,,,,,,,,,,,,,,,,,,,,,,,,
Cu2O_x005,Cu2O_x050_cLi24gaS4a_s03,Cu2O,Li_24g,S_4a,0.25,compound_set,4,-0.4419997961461881,-0.11239557912189438,True,0.3107731164154588,3.0229184119766317,0.5454545454545454,1.1863729603684554,1.0627892174936455,0.9663006658878114,0.11836919514114834,0.8519204338023155,0.136448,,-769.8339199911468,-4.162579294079804,-4.977837503308597,True,,,,0.9974458168722937,False,"r2=0.9974 / V0 / B0'=-2.71 unphysical (need r2>=0.95, 0<B0'<15)",21.389744272450947,16.121762799857994,38.65394155014576,0.7537146117554158,0.1988125005314631,,,,,,,,,,,,0,,,-0.4419997961461881,-0.47279805035191735,-769.833919991147,0.3601132185529148,6,,4,22,1,4,19,,,,,,,,2,,,,,,,,,,,,,,,,,,,,,,,,,,,
Cu2O_x005,Cu2O_x050_cLi24gaS4a_s04,Cu2O,Li_24g,S_4a,0.25,compound_set,4,-0.44066917977969755,-0.13585288467904788,True,0.32578922566705387,2.980628900205436,0.45454545454545453,0.7059032151182135,1.0641396376305252,,,,,,,,,,,,,,,,,,,,,,,,,,,,,,,,0,,,,,,0.289358858891475,16,,4,22,1,4,19,,,,,,,,2,,,,,,,,,,,,,,,,,,,,,,,,,,,
Cu2O_x005,Cu2O_x050_cLi48haS16e_s00,Cu2O,Li_48h,S_16e,0.25,compound_set,4,-0.46877915943402293,-0.15207164955114152,True,0.20800016334380386,2.9670768364086215,0.5,0.28697837141292226,1.0785450601239837,,,,,,,,,,,,,,,,,,,,,,,,,,,,,,,,0,,,,,,0.351262796848684,10,,4,22,1,4,19,,,,,,,,2,,,,,,,,,,,,,,,,,,,,,,,,,,,
Cu2O_x005,Cu2O_x050_cLi48haS16e_s01,Cu2O,Li_48h,S_16e,0.25,compound_set,4,-0.4759865610032561,-0.13000865054607957,True,0.22817765362507555,3.0021149563351797,0.6363636363636364,2.1761953662111235,1.1122115124985235,,,,,,,,,,,,,,,,,,,,,,,,,,,,,,,,0,,,,,,0.36713497267595635,4,,4,22,1,4,19,,,,,,,,2,,,,,,,,,,,,,,,,,,,,,,,,,,,
Cu2O_x005,Cu2O_x050_cLi48haS16e_s02,Cu2O,Li_48h,S_16e,0.25,compound_set,4,-0.47007979208213246,-0.11579669663104637,True,0.14344159751933658,2.851868341175905,0.4090909090909091,1.7070370841758638,1.140958408403206,,,,,,,,,,,,,,,,,,,,,,,,,,,,,,,,0,,,,,,0.35412705657934884,8,,4,22,1,4,19,,,,,,,,2,,,,,,,,,,,,,,,,,,,,,,,,,,,
Cu2O_x005,Cu2O_x050_cLi48haS16e_s03,Cu2O,Li_48h,S_16e,0.25,compound_set,4,-0.49039153775953803,-0.22232563893189114,True,0.15694350525492343,2.992897723859768,0.6363636363636364,0.9183358657706049,1.1485309765476448,0.9897350013074415,0.08415285370546281,0.9064459765352404,0.108608,,-813.6194616674545,-4.23923698528427,-8.915621645660417,True,28.048875632774322,18.70011146796532,6.653826655726421,0.9997320918692427,True,OK,31.479917515976496,21.474907858640464,52.48908922424729,0.6821780218369902,0.22210278083051757,,,,,,,,,,,,0,,,-0.49039153775953803,-0.5494557415563834,-813.619461667455,0.7874435499608993,2,,4,22,1,4,19,,,,,,,,2,,,,,,,,,,,,,,,,,,,,,,,,,,,
Cu2O_x005,Cu2O_x050_cLi48haS16e_s04,Cu2O,Li_48h,S_16e,0.25,compound_set,4,-0.457835761802448,-0.10631877778961896,True,0.21450011987990375,2.9638862871218947,0.5,0.4571401480227658,1.0679469356585998,,,,,,,,,,,,,,,,,,,,,,,,,,,,,,,,0,,,,,,0.32716319178469233,12,,4,22,1,4,19,,,,,,,,2,,,,,,,,,,,,,,,,,,,,,,,,,,,
Cu2O_x005,Cu2O_x050_cLi48haS4a_s00,Cu2O,Li_48h,S_4a,0.25,compound_set,4,-0.37738777192308426,-0.16508559325873473,True,0.23417333070646207,2.942765571391992,0.6363636363636364,1.312465250195068,1.0598657938910228,,,,,,,,,,,,,,,,,,,,,,,,,,,,,,,,0,,,,,,0.15000022562409562,19,,4,22,1,4,19,,,,,,,,2,,,,,,,,,,,,,,,,,,,,,,,,,,,
Cu2O_x005,Cu2O_x050_cLi48haS4a_s01,Cu2O,Li_48h,S_4a,0.25,compound_set,4,-0.4419992789842757,-0.11239193208689628,True,0.31075619509726815,3.022926616935979,0.5454545454545454,1.1862344331396781,1.06278759751116,1.000296844905874,0.10227268498930824,0.897460829230367,0.136512,,-801.6671284960817,-4.194412460991587,-4.32646813585673,True,22.17309247246997,19.522167039537216,11.915468803122312,0.9979246961267488,True,OK,23.291307812497777,18.64895083653759,44.16063216298237,0.8006828550233163,0.18399776346832117,,,,,,,,,,,,0,,,-0.4419992789842757,-0.5046312172637002,-801.6671284960814,0.53311074131496,3,,4,22,1,4,19,,,,,,,,2,,,,,,,,,,,,,,,,,,,,,,,,,,,
Cu2O_x005,Cu2O_x050_cLi48haS4a_s02,Cu2O,Li_48h,S_4a,0.25,compound_set,4,-0.42862152621560323,-0.17258255901816089,True,0.2535238453494204,3.041236432867954,0.5909090909090909,0.21115506055224784,1.0545299075578927,,,,,,,,,,,,,,,,,,,,,,,,,,,,,,,,0,,,,,,0.2628274558832596,17,,4,22,1,4,19,,,,,,,,2,,,,,,,,,,,,,,,,,,,,,,,,,,,
Cu2O_x005,Cu2O_x050_cLi48haS4a_s03,Cu2O,Li_48h,S_4a,0.25,compound_set,4,-0.4419989048497941,-0.1123877734334983,True,0.31072573644731266,3.022933665392141,0.5454545454545454,1.186181350149613,1.0627879923186923,,,,,,,,,,,,,,,,,,,,,,,,,,,,,,,,0,,,,,,0.29228718609952176,13,,4,22,1,4,19,,,,,,,,2,,,,,,,,,,,,,,,,,,,,,,,,,,,
Cu2O_x005,Cu2O_x050_cLi48haS4a_s04,Cu2O,Li_48h,S_4a,0.25,compound_set,4,-0.4406729273430905,-0.13586354250400667,True,0.32570368654408866,2.980531981094157,0.45454545454545453,0.7063066460862855,1.0641486234613675,,,,,,,,,,,,,,,,,,,,,,,,,,,,,,,,0,,,,,,0.2893671117943451,15,,4,22,1,4,19,,,,,,,,2,,,,,,,,,,,,,,,,,,,,,,,,,,,
Cu2O_x010,Cu2O_x100_cLi24gaS16e_s00,Cu2O,Li_24g,S_16e,0.25,compound_set,4,-0.4687792368859762,-0.15207353072067414,True,0.20800227320578527,2.9670809860711413,0.5,0.286987851862411,1.078543752371279,,,,,,,,,,,,,,,,,,,,,,,,,,,,,,,,0,,,,,,0.3743498853148186,10,,4,22,1,4,19,,,,,,,,2,,,,,,,,,,,,,,,,,,,,,,,,,,,
Cu2O_x010,Cu2O_x100_cLi24gaS16e_s01,Cu2O,Li_24g,S_16e,0.25,compound_set,4,-0.47586212978765463,-0.1297546299473991,True,0.2271312916692147,3.0028519610944007,0.6363636363636364,2.174972865464316,1.1123212583739497,,,,,,,,,,,,,,,,,,,,,,,,,,,,,,,,0,,,,,,0.39173711700616753,6,,4,22,1,4,19,,,,,,,,2,,,,,,,,,,,,,,,,,,,,,,,,,,,
Cu2O_x010,Cu2O_x100_cLi24gaS16e_s02,Cu2O,Li_24g,S_16e,0.25,compound_set,4,-0.4700816959373082,-0.11580046243905143,True,0.14343778935141915,2.8518697031211504,0.4090909090909091,1.7067390370225113,1.1409769423152667,,,,,,,,,,,,,,,,,,,,,,,,,,,,,,,,0,,,,,,0.377547188677776,8,,4,22,1,4,19,,,,,,,,2,,,,,,,,,,,,,,,,,,,,,,,,,,,
Cu2O_x010,Cu2O_x100_cLi24gaS16e_s03,Cu2O,Li_24g,S_16e,0.25,compound_set,4,-0.49039141573256906,-0.2223253432854035,True,0.15694458518390292,2.9928978063362006,0.6363636363636364,0.9183107963649874,1.1485296691376174,0.9889118039455284,0.10024975380159201,0.8897736390685008,0.143424,,-751.8797130155455,-4.177497274963304,-3.5192587752586637,True,18.914964147969904,19.825424070204406,4.928937218651774,0.9991155252976978,True,OK,26.177819126980154,18.14906479469867,44.22646744679753,0.6932993427245949,0.21842276577567943,,,,,,,,,,,,0,,,-0.49039141573256906,-0.48771601961380107,-751.879713015545,0.6008038246202666,3,,4,22,1,4,19,,,,,,,,2,,,,,,,,,,,,,,,,,,,,,,,,,,,
Cu2O_x010,Cu2O_x100_cLi24gaS16e_s04,Cu2O,Li_24g,S_16e,0.25,compound_set,4,-0.4578376095374521,-0.10632100495818154,True,0.21448804441403274,2.9638861698270644,0.5,0.4572339899580435,1.0679494475570444,,,,,,,,,,,,,,,,,,,,,,,,,,,,,,,,0,,,,,,0.34749015265613226,11,,4,22,1,4,19,,,,,,,,2,,,,,,,,,,,,,,,,,,,,,,,,,,,
Cu2O_x010,Cu2O_x100_cLi24gaS4a_s00,Cu2O,Li_24g,S_4a,0.25,compound_set,4,-0.377387857505072,-0.16508300555505798,True,0.23417794763224367,2.942766719945507,0.6363636363636364,1.3125022327483422,1.0598711981231828,,,,,,,,,,,,,,,,,,,,,,,,,,,,,,,,0,,,,,,0.1500004408228363,19,,4,22,1,4,19,,,,,,,,2,,,,,,,,,,,,,,,,,,,,,,,,,,,
Cu2O_x010,Cu2O_x100_cLi24gaS4a_s01,Cu2O,Li_24g,S_4a,0.25,compound_set,4,-0.4420021684850184,-0.11239820507816696,True,0.3108207678527973,3.022908754356246,0.5454545454545454,1.1862215416090711,1.062785197766355,0.978229563935449,0.06780650234978174,0.911899238709834,0.143936,,-803.1864440735592,-4.195931785947912,-3.535684580121172,True,17.499844027730354,19.790965785643582,7.530950819224432,0.9985045839537382,True,OK,25.794131416553554,20.659468880269287,48.918261490898374,0.800936792429108,0.18391866156872705,,,,,,,,,,,,0,,,-0.4420021684850184,-0.5061505305984086,-803.186444073559,0.7477511230654411,2,,4,22,1,4,19,,,,,,,,2,,,,,,,,,,,,,,,,,,,,,,,,,,,
Cu2O_x010,Cu2O_x100_cLi24gaS4a_s02,Cu2O,Li_24g,S_4a,0.25,compound_set,4,-0.428571541033401,-0.17215609697009404,True,0.25224482122750463,3.0395976428297216,0.5909090909090909,0.20968377655729423,1.054207636617103,,,,,,,,,,,,,,,,,,,,,,,,,,,,,,,,0,,,,,,0.275647203618424,18,,4,22,1,4,19,,,,,,,,2,,,,,,,,,,,,,,,,,,,,,,,,,,,
Cu2O_x010,Cu2O_x100_cLi24gaS4a_s03,Cu2O,Li_24g,S_4a,0.25,compound_set,4,-0.4419951302712404,-0.11239627659064916,True,0.31077619866574674,3.0229467720173018,0.5454545454545454,1.1860060474634762,1.0627755199240043,,,,,,,,,,,,,,,,,,,,,,,,,,,,,,,,0,,,,,,0.3085997075525868,14,,4,22,1,4,19,,,,,,,,2,,,,,,,,,,,,,,,,,,,,,,,,,,,
Cu2O_x010,Cu2O_x100_cLi24gaS4a_s04,Cu2O,Li_24g,S_4a,0.25,compound_set,4,-0.4406700875400471,-0.1358566844985998,True,0.3257613466287848,2.980598121380464,0.45454545454545453,0.706022804144916,1.0641412038906917,,,,,,,,,,,,,,,,,,,,,,,,,,,,,,,,0,,,,,,0.30534696530616157,16,,4,22,1,4,19,,,,,,,,2,,,,,,,,,,,,,,,,,,,,,,,,,,,
Cu2O_x010,Cu2O_x100_cLi48haS16e_s00,Cu2O,Li_48h,S_16e,0.25,compound_set,4,-0.46877925103070694,-0.15207278995635767,True,0.20800116440995428,2.9670786491116585,0.5,0.2869900824498238,1.0785449260776365,,,,,,,,,,,,,,,,,,,,,,,,,,,,,,,,0,,,,,,0.3743499200375955,9,,4,22,1,4,19,,,,,,,,2,,,,,,,,,,,,,,,,,,,,,,,,,,,
Cu2O_x010,Cu2O_x100_cLi48haS16e_s01,Cu2O,Li_48h,S_16e,0.25,compound_set,4,-0.47598579836019006,-0.1300034495247211,True,0.2281780313937079,3.0021094445301584,0.6363636363636364,2.176046633253397,1.1122017766903667,,,,,,,,,,,,,,,,,,,,,,,,,,,,,,,,0,,,,,,0.3920407011706411,5,,4,22,1,4,19,,,,,,,,2,,,,,,,,,,,,,,,,,,,,,,,,,,,
Cu2O_x010,Cu2O_x100_cLi48haS16e_s02,Cu2O,Li_48h,S_16e,0.25,compound_set,4,-0.47008870045859386,-0.11579919309609805,True,0.14341822812093094,2.851820109627136,0.4090909090909091,1.706890433572235,1.1409917877363753,,,,,,,,,,,,,,,,,,,,,,,,,,,,,,,,0,,,,,,0.3775643835212067,7,,4,22,1,4,19,,,,,,,,2,,,,,,,,,,,,,,,,,,,,,,,,,,,
Cu2O_x010,Cu2O_x100_cLi48haS16e_s03,Cu2O,Li_48h,S_16e,0.25,compound_set,4,-0.49039152924721385,-0.22232558769911054,True,0.1569426931431881,2.9928974416742906,0.6363636363636364,0.9183515452540041,1.1485310274391896,0.9756652234391684,0.08037635505389752,0.8972448090262816,0.149504,,-804.4960842386704,-4.230113628040398,-5.254870234590328,True,,,,0.9753548928516849,False,"r2=0.9754 / V0 / B0'=-303.19 unphysical (need r2>=0.95, 0<B0'<15)",22.280140975667088,22.063791270327982,49.7643386153264,0.9902895719746393,0.1277377039514265,,,,,,,,,,,,0,,,-0.49039152924721385,-0.5403323726908944,-804.4960842386702,0.85,1,,4,22,1,4,19,,,,,,,,2,,,,,,,,,,,,,,,,,,,,,,,,,,,
Cu2O_x010,Cu2O_x100_cLi48haS16e_s04,Cu2O,Li_48h,S_16e,0.25,compound_set,4,-0.4578363143389286,-0.10631924941562063,True,0.21449613144307872,2.963883164143041,0.5,0.45710333083226706,1.0679492561312784,,,,,,,,,,,,,,,,,,,,,,,,,,,,,,,,0,,,,,,0.3474869731760628,12,,4,22,1,4,19,,,,,,,,2,,,,,,,,,,,,,,,,,,,,,,,,,,,
Cu2O_x010,Cu2O_x100_cLi48haS4a_s00,Cu2O,Li_48h,S_4a,0.25,compound_set,4,-0.3773876779307157,-0.16508384913997198,True,0.23417499724491872,2.9427677805091084,0.6363636363636364,1.3124882268156008,1.0598663685082859,,,,,,,,,,,,,,,,,,,,,,,,,,,,,,,,0,,,,,,0.15,20,,4,22,1,4,19,,,,,,,,2,,,,,,,,,,,,,,,,,,,,,,,,,,,
Cu2O_x010,Cu2O_x100_cLi48haS4a_s01,Cu2O,Li_48h,S_4a,0.25,compound_set,4,-0.4419967928759405,-0.1123983868249007,True,0.3107951411971532,3.0229344809698215,0.5454545454545454,1.1860939351538027,1.062777931173803,,,,,,,,,,,,,,,,,,,,,,,,,,,,,,,,0,,,,,,0.30860378894892215,13,,4,22,1,4,19,,,,,,,,2,,,,,,,,,,,,,,,,,,,,,,,,,,,
Cu2O_x010,Cu2O_x100_cLi48haS4a_s02,Cu2O,Li_48h,S_4a,0.25,compound_set,4,-0.42857189121104167,-0.17216302417637258,True,0.25224275982894584,3.0396007636702667,0.5909090909090909,0.20980996779737163,1.054205329812988,,,,,,,,,,,,,,,,,,,,,,,,,,,,,,,,0,,,,,,0.27564806324172425,17,,4,22,1,4,19,,,,,,,,2,,,,,,,,,,,,,,,,,,,,,,,,,,,
Cu2O_x010,Cu2O_x100_cLi48haS4a_s03,Cu2O,Li_48h,S_4a,0.25,compound_set,4,-0.4419978551324224,-0.1123941199916858,True,0.31077035322395735,3.0229328342806636,0.5454545454545454,1.186105836973929,1.0627814692762545,1.00094557172342,0.11758548612194084,0.8815801276654007,0.143296,,-800.2551915535074,-4.193000549331124,-0.8191565434768766,True,18.207912654969807,20.524101799646687,8.496485855289531,0.9997364459321089,True,OK,16.98205062522573,15.653752528696263,35.923405335947706,0.921782231966947,0.1474375000528908,,,,,,,,,,,,0,,,-0.4419978551324224,-0.5032192939816209,-800.2551915535076,0.45889404834223946,4,,4,22,1,4,19,,,,,,,,2,,,,,,,,,,,,,,,,,,,,,,,,,,,
Cu2O_x010,Cu2O_x100_cLi48haS4a_s04,Cu2O,Li_48h,S_4a,0.25,compound_set,4,-0.4406743631223895,-0.13587090051032608,True,0.32565258989008866,2.980469321318753,0.45454545454545453,0.7065291295839266,1.0641518477260434,,,,,,,,,,,,,,,,,,,,,,,,,,,,,,,,0,,,,,,0.3053574610939469,15,,4,22,1,4,19,,,,,,,,2,,,,,,,,,,,,,,,,,,,,,,,,,,,
Fe2O3_x002,Fe2O3_x020_cLi24gaS16e_s00,Fe2O3,Li_24g,S_16e,0.25,compound_set,4,-0.7607896509648873,-0.11942493182955949,True,0.21896426549061318,3.1438732796996636,0.7777777777777778,1.769822445068329,1.0440170476486157,,,,,,,,,,,,,,,,,,,,,,,,,,,,,,,,0,,,,,,0.34501949863688275,5,,4,18,3,4,17,,,,,,,,,2,,,,,,,,,,,,,,,,,,,,,,,,,,
Fe2O3_x002,Fe2O3_x020_cLi24gaS16e_s01,Fe2O3,Li_24g,S_16e,0.25,compound_set,4,-0.7849139279953663,-0.05730338924499145,True,0.239825753976332,2.9107249367177137,0.7222222222222222,1.3353465151205193,1.1042373090657003,,,,,,,,,,,,,,,,,,,,,,,,,,,,,,,,0,,,,,,0.41232275825940556,4,,4,18,3,4,17,,,,,,,,,2,,,,,,,,,,,,,,,,,,,,,,,,,,
Fe2O3_x002,Fe2O3_x020_cLi24gaS16e_s02,Fe2O3,Li_24g,S_16e,0.25,compound_set,4,-0.7860847696965747,-0.11277661955876897,True,0.15404623396948672,3.082886704831837,0.8888888888888888,2.3809022336352395,1.0890179105734408,,,,,,,,,,,,,,,,,,,,,,,,,,,,,,,,0,,,,,,0.4155892380338563,3,,4,18,3,4,17,,,,,,,,,2,,,,,,,,,,,,,,,,,,,,,,,,,,
Fe2O3_x002,Fe2O3_x020_cLi24gaS16e_s03,Fe2O3,Li_24g,S_16e,0.25,compound_set,4,-0.7545906153530844,-0.11188160414651543,True,0.2408542064007433,3.140607375590943,0.8333333333333334,2.8425904414702097,1.1449784932247267,,,,,,,,,,,,,,,,,,,,,,,,,,,,,,,,0,,,,,,0.327725081786035,6,,4,18,3,4,17,,,,,,,,,2,,,,,,,,,,,,,,,,,,,,,,,,,,
Fe2O3_x002,Fe2O3_x020_cLi24gaS16e_s04,Fe2O3,Li_24g,S_16e,0.25,compound_set,4,-0.8141810539050649,-0.12392946174523416,True,0.32846205518501753,2.9284398723836755,0.7777777777777778,0.8522601816900507,1.0050917997608386,0.9601374360572046,0.07096901327469575,0.8919974296121285,0.143104,,-924.9023444007504,-4.524044367139283,-2.5239262598016583,True,,,,0.9751845920379741,False,"r2=0.9752 / V0 / B0'=-5.65 unphysical (need r2>=0.95, 0<B0'<15)",20.5136151404212,9.767556424341201,25.288899954118182,0.4761499305451358,0.2945356471705184,,,,,,,,,,,,0,,,-0.8141810539050649,-0.8342631562373644,-924.90234440075,0.55,2,,4,18,3,4,17,,,,,,,,,2,,,,,,,,,,,,,,,,,,,,,,,,,,
Fe2O3_x002,Fe2O3_x020_cLi24gaS4a_s00,Fe2O3,Li_24g,S_4a,0.25,compound_set,4,-0.7284164176379591,-0.13582638665641733,True,0.25346397272083315,3.0939980998634677,0.7777777777777778,1.3470997378659009,1.0652701614195605,,,,,,,,,,,,,,,,,,,,,,,,,,,,,,,,0,,,,,,0.25470283859065657,8,,4,18,3,4,17,,,,,,,,,2,,,,,,,,,,,,,,,,,,,,,,,,,,
Fe2O3_x002,Fe2O3_x020_cLi24gaS4a_s01,Fe2O3,Li_24g,S_4a,0.25,compound_set,4,-0.7537717657854994,-0.1359059981574823,True,0.31892784987543144,3.00968982780851,0.9444444444444444,0.8163990783444339,1.1361171688559262,1.0105871549236298,0.08320838417876066,0.907085400951855,0.139968,,-991.6456524419583,-4.457145696246303,-5.929837240690165,True,16.992209556492103,20.946650324388997,2.51141115958497,0.9998992133459953,True,OK,26.374115925854007,19.04434593672152,46.049224193711375,0.7220847132947018,0.208999887597052,,,,,,,,,,,,0,,,-0.7537717657854994,-0.767364485344384,-991.6456524419578,0.6633623399439729,1,,4,18,3,4,17,,,,,,,,,2,,,,,,,,,,,,,,,,,,,,,,,,,,
Fe2O3_x002,Fe2O3_x020_cLi24gaS4a_s02,Fe2O3,Li_24g,S_4a,0.25,compound_set,4,-0.690886581814179,-0.051952016824355046,True,0.33848424716177516,3.1842844210161396,0.8333333333333334,1.28727015253454,1.0925010318080448,,,,,,,,,,,,,,,,,,,,,,,,,,,,,,,,0,,,,,,0.15,10,,4,18,3,4,17,,,,,,,,,2,,,,,,,,,,,,,,,,,,,,,,,,,,
Fe2O3_x002,Fe2O3_x020_cLi24gaS4a_s03,Fe2O3,Li_24g,S_4a,0.25,compound_set,4,-0.7368819207291963,-0.15858300041333315,True,0.32571907935567584,2.9047517320128247,0.7777777777777778,0.5802292038014446,1.0482089488391455,,,,,,,,,,,,,,,,,,,,,,,,,,,,,,,,0,,,,,,0.27832037339449645,7,,4,18,3,4,17,,,,,,,,,2,,,,,,,,,,,,,,,,,,,,,,,,,,
Fe2O3_x002,Fe2O3_x020_cLi24gaS4a_s04,Fe2O3,Li_24g,S_4a,0.25,compound_set,4,-0.6994742852549738,-0.16972443586786776,True,0.33662366187506276,3.003432511159561,0.6666666666666666,1.2333769028304293,1.0613967309159023,,,,,,,,,,,,,,,,,,,,,,,,,,,,,,,,0,,,,,,0.1739584561853115,9,,4,18,3,4,17,,,,,,,,,2,,,,,,,,,,,,,,,,,,,,,,,,,,
Fe2O3_x005,Fe2O3_x050_cLi24gaS16e_s00,Fe2O3,Li_24g,S_16e,0.25,compound_set,4,-0.7610008667468491,-0.12005630042317843,True,0.21994038132503926,3.1428943725988994,0.7777777777777778,1.7948219611738128,1.0426350404426585,,,,,,,,,,,,,,,,,,,,,,,,,,,,,,,,0,,,,,,0.3560114759839744,5,,4,18,3,4,17,,,,,,,,,2,,,,,,,,,,,,,,,,,,,,,,,,,,
Fe2O3_x005,Fe2O3_x050_cLi24gaS16e_s01,Fe2O3,Li_24g,S_16e,0.25,compound_set,4,-0.7849142439113268,-0.057300832597931575,True,0.23980034086098168,2.910737079366493,0.7222222222222222,1.3354234220275862,1.1042177716069776,,,,,,,,,,,,,,,,,,,,,,,,,,,,,,,,0,,,,,,0.42627170866366837,4,,4,18,3,4,17,,,,,,,,,2,,,,,,,,,,,,,,,,,,,,,,,,,,
Fe2O3_x005,Fe2O3_x050_cLi24gaS16e_s02,Fe2O3,Li_24g,S_16e,0.25,compound_set,4,-0.7861191078849639,-0.11289075840437957,True,0.15408681230129173,3.0830828162267325,0.8888888888888888,2.3853464771846595,1.0889769453755875,,,,,,,,,,,,,,,,,,,,,,,,,,,,,,,,0,,,,,,0.4298117365966896,3,,4,18,3,4,17,,,,,,,,,2,,,,,,,,,,,,,,,,,,,,,,,,,,
Fe2O3_x005,Fe2O3_x050_cLi24gaS16e_s03,Fe2O3,Li_24g,S_16e,0.25,compound_set,4,-0.7546378694215385,-0.11215951901997612,True,0.24093261683232772,3.1406211695965007,0.8333333333333334,2.846510386929041,1.1455933998430743,,,,,,,,,,,,,,,,,,,,,,,,,,,,,,,,0,,,,,,0.3373162632776451,6,,4,18,3,4,17,,,,,,,,,2,,,,,,,,,,,,,,,,,,,,,,,,,,
Fe2O3_x005,Fe2O3_x050_cLi24gaS16e_s04,Fe2O3,Li_24g,S_16e,0.25,compound_set,4,-0.8142138785223865,-0.12428602010773417,True,0.32845609351696103,2.928069272381532,0.7777777777777778,0.8507789308270375,1.0049958717202996,0.962252158636944,0.11128560012058143,0.8551673496957068,0.144256,,-917.665022339655,-4.516807059214423,-2.084051326102118,True,9.114296291625463,21.39172032624711,1.9713632143772772,0.9998558281802709,True,OK,22.552521114369853,16.22816975362351,39.26621545224157,0.7195723117307432,0.2098165119166935,,,,,,,,,,,,0,,,-0.8142138785223865,-0.8270257084453347,-917.6650223396546,0.55,2,,4,18,3,4,17,,,,,,,,,2,,,,,,,,,,,,,,,,,,,,,,,,,,
Fe2O3_x005,Fe2O3_x050_cLi24gaS4a_s00,Fe2O3,Li_24g,S_4a,0.25,compound_set,4,-0.7284359579495985,-0.1359284145311107,True,0.2534151946005718,3.0943590481998395,0.7777777777777778,1.3480004321376693,1.0653818650904174,,,,,,,,,,,,,,,,,,,,,,,,,,,,,,,,0,,,,,,0.2603320554842805,8,,4,18,3,4,17,,,,,,,,,2,,,,,,,,,,,,,,,,,,,,,,,,,,
Fe2O3_x005,Fe2O3_x050_cLi24gaS4a_s01,Fe2O3,Li_24g,S_4a,0.25,compound_set,4,-0.7538781190888861,-0.13596291655568588,True,0.320856904325226,3.0060153158923923,0.9444444444444444,0.8096628524408855,1.1352171910833306,0.9506431329669979,0.07147133530227782,0.8826993988579057,0.145792,,-1022.1374960595153,-4.487637532353986,-5.815276064787461,True,14.841304422851843,20.733871199922675,1.99324198033338,0.9998177368161232,True,OK,20.612049253521022,19.330447645709185,44.180259535890244,0.9378226981680189,0.14276348757233814,,,,,,,,,,,,0,,,-0.7538781190888861,-0.7978561815848981,-1022.1374960595156,0.7642965993354031,1,,4,18,3,4,17,,,,,,,,,2,,,,,,,,,,,,,,,,,,,,,,,,,,
Fe2O3_x005,Fe2O3_x050_cLi24gaS4a_s02,Fe2O3,Li_24g,S_4a,0.25,compound_set,4,-0.6908839608169415,-0.051947211396556774,True,0.3384823523801398,3.1842973397195085,0.8333333333333334,1.2872111370840278,1.0924994143499431,,,,,,,,,,,,,,,,,,,,,,,,,,,,,,,,0,,,,,,0.15,10,,4,18,3,4,17,,,,,,,,,2,,,,,,,,,,,,,,,,,,,,,,,,,,
Fe2O3_x005,Fe2O3_x050_cLi24gaS4a_s03,Fe2O3,Li_24g,S_4a,0.25,compound_set,4,-0.7368818107358677,-0.15858173858150215,True,0.3257208724344106,2.9047571514711716,0.7777777777777778,0.5802126941408583,1.0482076328767282,,,,,,,,,,,,,,,,,,,,,,,,,,,,,,,,0,,,,,,0.2851469353676287,7,,4,18,3,4,17,,,,,,,,,2,,,,,,,,,,,,,,,,,,,,,,,,,,
Fe2O3_x005,Fe2O3_x050_cLi24gaS4a_s04,Fe2O3,Li_24g,S_4a,0.25,compound_set,4,-0.6995975211431902,-0.17051102260795975,True,0.33556991833456895,3.00353123627262,0.6666666666666666,1.22414952486737,1.0617888544866607,,,,,,,,,,,,,,,,,,,,,,,,,,,,,,,,0,,,,,,0.17560143520423396,9,,4,18,3,4,17,,,,,,,,,2,,,,,,,,,,,,,,,,,,,,,,,,,,
Fe2O3_x010,Fe2O3_x100_cLi24gaS16e_s00,Fe2O3,Li_24g,S_16e,0.25,compound_set,4,-0.7607924355610063,-0.11942902707380136,True,0.21914201195556088,3.143857632087075,0.7777777777777778,1.7701664522431342,1.0439975916349065,,,,,,,,,,,,,,,,,,,,,,,,,,,,,,,,0,,,,,,0.3412342930848154,5,,4,18,3,4,17,,,,,,,,,2,,,,,,,,,,,,,,,,,,,,,,,,,,
Fe2O3_x010,Fe2O3_x100_cLi24gaS16e_s01,Fe2O3,Li_24g,S_16e,0.25,compound_set,4,-0.7849196677823933,-0.057308433299752895,True,0.23986792153632397,2.9107032493084124,0.7222222222222222,1.3349497941095207,1.1042643177173042,,,,,,,,,,,,,,,,,,,,,,,,,,,,,,,,0,,,,,,0.4072363143501184,3,,4,18,3,4,17,,,,,,,,,2,,,,,,,,,,,,,,,,,,,,,,,,,,
Fe2O3_x010,Fe2O3_x100_cLi24gaS16e_s02,Fe2O3,Li_24g,S_16e,0.25,compound_set,4,-0.7860836849954209,-0.11276709433222387,True,0.15405650085664063,3.0828905568299505,0.8888888888888888,2.3808457858674204,1.088980582812429,,,,,,,,,,,,,,,,,,,,,,,,,,,,,,,,0,,,,,,0.41042057884189576,2,,4,18,3,4,17,,,,,,,,,2,,,,,,,,,,,,,,,,,,,,,,,,,,
Fe2O3_x010,Fe2O3_x100_cLi24gaS16e_s03,Fe2O3,Li_24g,S_16e,0.25,compound_set,4,-0.7546200484634245,-0.11208618592871118,True,0.24097028250608252,3.1406177875395804,0.8333333333333334,2.845535239855354,1.1453740490502613,,,,,,,,,,,,,,,,,,,,,,,,,,,,,,,,0,,,,,,0.3243492222762724,6,,4,18,3,4,17,,,,,,,,,2,,,,,,,,,,,,,,,,,,,,,,,,,,
Fe2O3_x010,Fe2O3_x100_cLi24gaS16e_s04,Fe2O3,Li_24g,S_16e,0.25,compound_set,4,-0.8142137720333835,-0.12420474669668244,True,0.32852050305254005,2.9284225924914744,0.7777777777777778,0.8495814517855959,1.0049912737565154,1.0215150669071145,0.11205793665717614,0.8688379304403617,0.131584,,-927.7466025876713,-4.526888618258087,-7.457934400752636,True,19.20633180152627,20.62948749212065,5.781281801326195,0.9998552661733977,True,OK,28.492066320627153,19.473719164198656,47.58096595579551,0.6834786549019239,0.22167125741626342,,,,,,,,,,,,0,,,-0.8142137720333835,-0.8371073512869671,-927.7466025876718,0.85,1,,4,18,3,4,17,,,,,,,,,2,,,,,,,,,,,,,,,,,,,,,,,,,,
Fe2O3_x010,Fe2O3_x100_cLi24gaS4a_s00,Fe2O3,Li_24g,S_4a,0.25,compound_set,4,-0.7284608394089966,-0.1359387263737717,True,0.25339995312994945,3.0943073517344857,0.7777777777777778,1.3485326306455714,1.0654781019773665,,,,,,,,,,,,,,,,,,,,,,,,,,,,,,,,0,,,,,,0.2527885618386701,8,,4,18,3,4,17,,,,,,,,,2,,,,,,,,,,,,,,,,,,,,,,,,,,
Fe2O3_x010,Fe2O3_x100_cLi24gaS4a_s01,Fe2O3,Li_24g,S_4a,0.25,compound_set,4,-0.7537073164614698,-0.13518303464194847,True,0.3205033096920418,3.006045330529232,0.9444444444444444,0.8226640440909779,1.1338606039963919,0.9888823096705495,0.10924605985675044,0.880850813676999,0.127936,,-1007.2332947808704,-4.472733406394966,-5.576108658388511,True,15.874499972499747,21.103182430681514,6.917790902563494,0.9997962083932025,True,OK,23.891659088364705,19.88233603362641,46.69422676933386,0.8321873319927436,0.1742640977992046,,,,,,,,,,,,0,,,-0.7537073164614698,-0.7829521394238466,-1007.2332947808702,0.4018539792621436,4,,4,18,3,4,17,,,,,,,,,2,,,,,,,,,,,,,,,,,,,,,,,,,,
Fe2O3_x010,Fe2O3_x100_cLi24gaS4a_s02,Fe2O3,Li_24g,S_4a,0.25,compound_set,4,-0.6908861795176682,-0.05195280063840436,True,0.3384842547019099,3.184279070613386,0.8333333333333334,1.2872032276194068,1.0925034078721751,,,,,,,,,,,,,,,,,,,,,,,,,,,,,,,,0,,,,,,0.15,10,,4,18,3,4,17,,,,,,,,,2,,,,,,,,,,,,,,,,,,,,,,,,,,
Fe2O3_x010,Fe2O3_x100_cLi24gaS4a_s03,Fe2O3,Li_24g,S_4a,0.25,compound_set,4,-0.7368825780428718,-0.1585839003485026,True,0.32571886878239076,2.904750998601452,0.7777777777777778,0.5802436318056284,1.048208781701961,,,,,,,,,,,,,,,,,,,,,,,,,,,,,,,,0,,,,,,0.27582691813679255,7,,4,18,3,4,17,,,,,,,,,2,,,,,,,,,,,,,,,,,,,,,,,,,,
Fe2O3_x010,Fe2O3_x100_cLi24gaS4a_s04,Fe2O3,Li_24g,S_4a,0.25,compound_set,4,-0.6995989962558831,-0.17054570214746173,True,0.3355930757645473,3.0035432587553554,0.6666666666666666,1.2241459806129777,1.0618109794219424,,,,,,,,,,,,,,,,,,,,,,,,,,,,,,,,0,,,,,,0.17383462430997768,9,,4,18,3,4,17,,,,,,,,,2,,,,,,,,,,,,,,,,,,,,,,,,,,
Ga2O3_x002,Ga2O3_x020_cLi24gaS16e_s00,Ga2O3,Li_24g,S_16e,0.25,compound_set,4,-0.6510369105976648,-0.1783234282599025,True,0.28253193105640645,3.0983665471825477,0.7222222222222222,2.584087997137063,1.0865627501176889,,,,,,,,,,,,,,,,,,,,,,,,,,,,,,,,0,,,,,,0.4194054607680948,4,,4,18,3,4,17,,,,,,,,,,2,,,,,,,,,,,,,,,,,,,,,,,,,
Ga2O3_x002,Ga2O3_x020_cLi24gaS16e_s01,Ga2O3,Li_24g,S_16e,0.25,compound_set,4,-0.6264915669314814,-0.11537737994187067,True,0.24674183861792054,3.008303905375839,0.8333333333333334,1.4121455436514088,1.103911186494576,,,,,,,,,,,,,,,,,,,,,,,,,,,,,,,,0,,,,,,0.351897988715806,6,,4,18,3,4,17,,,,,,,,,,2,,,,,,,,,,,,,,,,,,,,,,,,,
Ga2O3_x002,Ga2O3_x020_cLi24gaS16e_s02,Ga2O3,Li_24g,S_16e,0.25,compound_set,4,-0.6672191048008442,-0.08332191046584878,True,0.22991125685749447,3.1958477018680793,0.7777777777777778,2.3577286832004862,1.035313064571861,,,,,,,,,,,,,,,,,,,,,,,,,,,,,,,,0,,,,,,0.46391162200880687,3,,4,18,3,4,17,,,,,,,,,,2,,,,,,,,,,,,,,,,,,,,,,,,,
Ga2O3_x002,Ga2O3_x020_cLi24gaS16e_s03,Ga2O3,Li_24g,S_16e,0.25,compound_set,4,-0.6674046820872639,-0.09019625324425086,True,0.21161997477535124,3.011189875052627,0.7777777777777778,2.857300603980065,1.0376721087535086,0.9548765749004882,0.09914595341899515,0.8602044264845148,0.139392,,-913.5237695334387,-4.388301644600886,-1.509875151792323,True,15.464216555658767,21.955499819359456,3.599567763303094,0.9998100211173099,True,OK,19.20623154429214,9.930937442940152,25.412765444853836,0.517068505606531,0.27947465135427013,,,,,,,,,,,,0,,,-0.6674046820872639,-0.6985203631537185,-913.5237695334384,0.55,2,,4,18,3,4,17,,,,,,,,,,2,,,,,,,,,,,,,,,,,,,,,,,,,
Ga2O3_x002,Ga2O3_x020_cLi24gaS16e_s04,Ga2O3,Li_24g,S_16e,0.25,compound_set,4,-0.6410138006877975,-0.09200541720355475,True,0.14831228572020844,3.071324379590805,0.6666666666666666,1.7664918486891381,1.08528643079274,,,,,,,,,,,,,,,,,,,,,,,,,,,,,,,,0,,,,,,0.39183873278417974,5,,4,18,3,4,17,,,,,,,,,,2,,,,,,,,,,,,,,,,,,,,,,,,,
Ga2O3_x002,Ga2O3_x020_cLi24gaS4a_s00,Ga2O3,Li_24g,S_4a,0.25,compound_set,4,-0.5586741501178545,-0.16457154415284977,True,0.2343819201445106,3.076579924353271,0.6666666666666666,2.436232988602189,1.0350710105588368,,,,,,,,,,,,,,,,,,,,,,,,,,,,,,,,0,,,,,,0.16537860514279012,8,,4,18,3,4,17,,,,,,,,,,2,,,,,,,,,,,,,,,,,,,,,,,,,
Ga2O3_x002,Ga2O3_x020_cLi24gaS4a_s01,Ga2O3,Li_24g,S_4a,0.25,compound_set,4,-0.5561678635150593,-0.0817734853626425,True,0.22326196663129388,3.14966282224833,0.7222222222222222,3.8653238614456087,1.1517593528271222,,,,,,,,,,,,,,,,,,,,,,,,,,,,,,,,0,,,,,,0.15848552289084664,9,,4,18,3,4,17,,,,,,,,,,2,,,,,,,,,,,,,,,,,,,,,,,,,
Ga2O3_x002,Ga2O3_x020_cLi24gaS4a_s02,Ga2O3,Li_24g,S_4a,0.25,compound_set,4,-0.5716487311183349,-0.09085188301510187,True,0.20791268255124437,2.9454406604366614,0.7222222222222222,1.5084280336990508,1.2218601112262917,,,,,,,,,,,,,,,,,,,,,,,,,,,,,,,,0,,,,,,0.20106281377282903,7,,4,18,3,4,17,,,,,,,,,,2,,,,,,,,,,,,,,,,,,,,,,,,,
Ga2O3_x002,Ga2O3_x020_cLi24gaS4a_s03,Ga2O3,Li_24g,S_4a,0.25,compound_set,4,-0.553082574298752,-0.10573844852922336,True,0.32450938632820653,2.977856841699175,0.7222222222222222,0.3963428308848275,1.0611585396110566,,,,,,,,,,,,,,,,,,,,,,,,,,,,,,,,0,,,,,,0.15,10,,4,18,3,4,17,,,,,,,,,,2,,,,,,,,,,,,,,,,,,,,,,,,,
Ga2O3_x002,Ga2O3_x020_cLi24gaS4a_s04,Ga2O3,Li_24g,S_4a,0.25,compound_set,4,-0.5909476631872397,-0.1153771760991812,True,0.26719794844869993,2.8887481832184907,0.6111111111111112,1.836930931336271,1.039617382919577,0.9691880786960445,0.09812926483497764,0.8740823650467772,0.1424,,-891.0496569257144,-4.279705590521751,-2.4205528070060307,True,14.149128211432544,21.46851202720178,8.438563611305293,0.9970077541473628,True,OK,21.825346195303,17.273878992463253,41.00397440399824,0.7914595643931064,0.1868780145411649,,,,,,,,,,,,0,,,-0.5909476631872397,-0.589924309074584,-891.0496569257149,0.5513264436042036,1,,4,18,3,4,17,,,,,,,,,,2,,,,,,,,,,,,,,,,,,,,,,,,,
Ga2O3_x005,Ga2O3_x050_cLi24gaS16e_s00,Ga2O3,Li_24g,S_16e,0.25,compound_set,4,-0.6510391007540703,-0.17833429580780086,True,0.2825460856465137,3.098393457890074,0.7222222222222222,2.584325249463733,1.086565918863358,,,,,,,,,,,,,,,,,,,,,,,,,,,,,,,,0,,,,,,0.42119789218674397,4,,4,18,3,4,17,,,,,,,,,,2,,,,,,,,,,,,,,,,,,,,,,,,,
Ga2O3_x005,Ga2O3_x050_cLi24gaS16e_s01,Ga2O3,Li_24g,S_16e,0.25,compound_set,4,-0.6264860612333645,-0.11533436470491995,True,0.24669600846176937,3.008306687467509,0.8333333333333334,1.4118650934429844,1.103868570782258,,,,,,,,,,,,,,,,,,,,,,,,,,,,,,,,0,,,,,,0.35322172070602054,6,,4,18,3,4,17,,,,,,,,,,2,,,,,,,,,,,,,,,,,,,,,,,,,
Ga2O3_x005,Ga2O3_x050_cLi24gaS16e_s02,Ga2O3,Li_24g,S_16e,0.25,compound_set,4,-0.6672564068793636,-0.08338812434367561,True,0.2300004109834363,3.195987381689614,0.7777777777777778,2.355796707624168,1.0355534249815046,,,,,,,,,,,,,,,,,,,,,,,,,,,,,,,,0,,,,,,0.46609621857108696,3,,4,18,3,4,17,,,,,,,,,,2,,,,,,,,,,,,,,,,,,,,,,,,,
Ga2O3_x005,Ga2O3_x050_cLi24gaS16e_s03,Ga2O3,Li_24g,S_16e,0.25,compound_set,4,-0.6675547760228517,-0.08931676080323062,True,0.21832008659343208,3.0094169019323638,0.7777777777777778,2.96258557185094,1.0292032623977396,0.9786224084623796,0.12084520626180273,0.8603605816593212,0.128704,,-912.5660035739814,-4.387343839545904,-1.8614625054866563,True,13.019123757419045,22.162893937818264,3.20115111180162,0.9998988765812606,True,OK,16.300935210209765,9.33453494082788,23.515064907721026,0.5726380002407089,0.2595734579593033,,,,,,,,,,,,0,,,-0.6675547760228517,-0.6975625099811684,-912.5660035739816,0.55,2,,4,18,3,4,17,,,,,,,,,,2,,,,,,,,,,,,,,,,,,,,,,,,,
Ga2O3_x005,Ga2O3_x050_cLi24gaS16e_s04,Ga2O3,Li_24g,S_16e,0.25,compound_set,4,-0.6410980466616532,-0.09277124665002488,True,0.14833675941477634,3.0708934825965994,0.6666666666666666,1.7553885586735,1.0860877477529325,,,,,,,,,,,,,,,,,,,,,,,,,,,,,,,,0,,,,,,0.3936756460259203,5,,4,18,3,4,17,,,,,,,,,,2,,,,,,,,,,,,,,,,,,,,,,,,,
Ga2O3_x005,Ga2O3_x050_cLi24gaS4a_s00,Ga2O3,Li_24g,S_4a,0.25,compound_set,4,-0.5586683421472816,-0.16453787675102532,True,0.23451244834411009,3.0765896863815807,0.6666666666666666,2.4343122107853725,1.0350811089925724,,,,,,,,,,,,,,,,,,,,,,,,,,,,,,,,0,,,,,,0.1654653780283879,8,,4,18,3,4,17,,,,,,,,,,2,,,,,,,,,,,,,,,,,,,,,,,,,
Ga2O3_x005,Ga2O3_x050_cLi24gaS4a_s01,Ga2O3,Li_24g,S_4a,0.25,compound_set,4,-0.5561697759165409,-0.08177984287120663,True,0.22325696946308937,3.149646319502554,0.7222222222222222,3.866361412103677,1.1517562288473304,,,,,,,,,,,,,,,,,,,,,,,,,,,,,,,,0,,,,,,0.15854798735610312,9,,4,18,3,4,17,,,,,,,,,,2,,,,,,,,,,,,,,,,,,,,,,,,,
Ga2O3_x005,Ga2O3_x050_cLi24gaS4a_s02,Ga2O3,Li_24g,S_4a,0.25,compound_set,4,-0.5724063888804749,-0.09130549808003104,True,0.2041185255183887,2.949381116072783,0.7222222222222222,1.6118984559488987,1.2304259014364956,,,,,,,,,,,,,,,,,,,,,,,,,,,,,,,,0,,,,,,0.203499765573694,7,,4,18,3,4,17,,,,,,,,,,2,,,,,,,,,,,,,,,,,,,,,,,,,
Ga2O3_x005,Ga2O3_x050_cLi24gaS4a_s03,Ga2O3,Li_24g,S_4a,0.25,compound_set,4,-0.5530822370510076,-0.10573754805683237,True,0.32450866987654514,2.977856678061029,0.7222222222222222,0.39637715165280224,1.0611562929250002,,,,,,,,,,,,,,,,,,,,,,,,,,,,,,,,0,,,,,,0.15,10,,4,18,3,4,17,,,,,,,,,,2,,,,,,,,,,,,,,,,,,,,,,,,,
Ga2O3_x005,Ga2O3_x050_cLi24gaS4a_s04,Ga2O3,Li_24g,S_4a,0.25,compound_set,4,-0.5909495772453108,-0.11538512817443933,True,0.2671958554931813,2.8887596090663945,0.6111111111111112,1.8370386121763644,1.039621681434891,0.9624628140298042,0.11145321735545391,0.8551932368211986,0.15296,,-893.4250840173418,-4.282080995304633,-2.3606835416925294,True,16.40493460281543,21.523274092893175,11.70618872066049,0.988581522799417,True,OK,13.77851929120332,16.766797991266202,35.785035137038946,1.2168795236198349,0.06713980676809328,,,,,,,,,,,,0,,,-0.5909495772453108,-0.5922996657398971,-893.4250840173421,0.5585751788629207,1,,4,18,3,4,17,,,,,,,,,,2,,,,,,,,,,,,,,,,,,,,,,,,,
Ga2O3_x010,Ga2O3_x100_cLi24gaS16e_s00,Ga2O3,Li_24g,S_16e,0.25,compound_set,4,-0.6511851664447001,-0.1790722970299624,True,0.28347856230262675,3.10017888421061,0.7222222222222222,2.5989214542057013,1.086737908827274,,,,,,,,,,,,,,,,,,,,,,,,,,,,,,,,0,,,,,,0.4046861605550116,4,,4,18,3,4,17,,,,,,,,,,2,,,,,,,,,,,,,,,,,,,,,,,,,
Ga2O3_x010,Ga2O3_x100_cLi24gaS16e_s01,Ga2O3,Li_24g,S_16e,0.25,compound_set,4,-0.6264895358841742,-0.11535917363257843,True,0.2467255884775909,3.008306778029165,0.8333333333333334,1.4120968253773658,1.1038943580552185,,,,,,,,,,,,,,,,,,,,,,,,,,,,,,,,0,,,,,,0.3405732842242506,6,,4,18,3,4,17,,,,,,,,,,2,,,,,,,,,,,,,,,,,,,,,,,,,
Ga2O3_x010,Ga2O3_x100_cLi24gaS16e_s02,Ga2O3,Li_24g,S_16e,0.25,compound_set,4,-0.6672195227457594,-0.08332330270666669,True,0.22991290452239743,3.1958484794235544,0.7777777777777778,2.3577064314574123,1.0353149074730121,,,,,,,,,,,,,,,,,,,,,,,,,,,,,,,,0,,,,,,0.44631330994298324,3,,4,18,3,4,17,,,,,,,,,,2,,,,,,,,,,,,,,,,,,,,,,,,,
Ga2O3_x010,Ga2O3_x100_cLi24gaS16e_s03,Ga2O3,Li_24g,S_16e,0.25,compound_set,4,-0.6674693213881837,-0.08913507768190802,True,0.21843125722948883,3.009777624331229,0.7777777777777778,2.960909880741875,1.0292142751626232,0.9864028284633122,0.14231584372671366,0.8460220776761391,0.14176,,-922.1620372365861,-4.396939852887672,-3.2376549893574293,True,16.248991804291222,21.502147108249435,9.3756927746632,0.9923376649563832,True,OK,18.9329573734208,12.294627049987023,30.320694043494814,0.6493769994563525,0.23308718191361558,,,,,,,,,,,,0,,,-0.6674693213881837,-0.7071585855087767,-922.1620372365865,0.55,2,,4,18,3,4,17,,,,,,,,,,2,,,,,,,,,,,,,,,,,,,,,,,,,
Ga2O3_x010,Ga2O3_x100_cLi24gaS16e_s04,Ga2O3,Li_24g,S_16e,0.25,compound_set,4,-0.6410138267387366,-0.09202207130220724,True,0.14831793971714644,3.0713431809899094,0.6666666666666666,1.766408900804281,1.0852845022405901,,,,,,,,,,,,,,,,,,,,,,,,,,,,,,,,0,,,,,,0.3782801190859207,5,,4,18,3,4,17,,,,,,,,,,2,,,,,,,,,,,,,,,,,,,,,,,,,
Ga2O3_x010,Ga2O3_x100_cLi24gaS4a_s00,Ga2O3,Li_24g,S_4a,0.25,compound_set,4,-0.5586707541508225,-0.16455232325413618,True,0.2344550671550951,3.0765799376892673,0.6666666666666666,2.4350967614679835,1.0350764960568861,,,,,,,,,,,,,,,,,,,,,,,,,,,,,,,,0,,,,,,0.16450743502405632,8,,4,18,3,4,17,,,,,,,,,,2,,,,,,,,,,,,,,,,,,,,,,,,,
Ga2O3_x010,Ga2O3_x100_cLi24gaS4a_s01,Ga2O3,Li_24g,S_4a,0.25,compound_set,4,-0.556169520644517,-0.08177865196609056,True,0.2232577335704111,3.1496495126657424,0.7222222222222222,3.866171980788501,1.1517566936643118,,,,,,,,,,,,,,,,,,,,,,,,,,,,,,,,0,,,,,,0.15801392702995617,9,,4,18,3,4,17,,,,,,,,,,2,,,,,,,,,,,,,,,,,,,,,,,,,
Ga2O3_x010,Ga2O3_x100_cLi24gaS4a_s02,Ga2O3,Li_24g,S_4a,0.25,compound_set,4,-0.5713997360197589,-0.09055739188765445,True,0.2098964204780948,2.944610809217542,0.7222222222222222,1.478830185433172,1.2193339890951556,,,,,,,,,,,,,,,,,,,,,,,,,,,,,,,,0,,,,,,0.19755342825672492,7,,4,18,3,4,17,,,,,,,,,,2,,,,,,,,,,,,,,,,,,,,,,,,,
Ga2O3_x010,Ga2O3_x100_cLi24gaS4a_s03,Ga2O3,Li_24g,S_4a,0.25,compound_set,4,-0.5530826371259896,-0.10573865507920029,True,0.32451033766186027,2.9778572192179973,0.7222222222222222,0.3963286727814446,1.061158846222623,,,,,,,,,,,,,,,,,,,,,,,,,,,,,,,,0,,,,,,0.15,10,,4,18,3,4,17,,,,,,,,,,2,,,,,,,,,,,,,,,,,,,,,,,,,
Ga2O3_x010,Ga2O3_x100_cLi24gaS4a_s04,Ga2O3,Li_24g,S_4a,0.25,compound_set,4,-0.5909474869685396,-0.11537355954583639,True,0.2671975030054587,2.8887491375981997,0.6111111111111112,1.8368954127132018,1.039618169582564,0.9532829502018595,0.09968040762237573,0.8582593171462772,0.152576,,-898.2882427993252,-4.286944147902013,-3.0519170835930787,True,13.424753457341685,21.355432725208164,3.495211854176636,0.9999296355012217,True,OK,25.922875812651654,19.861721346342524,47.463278383021205,0.7661851057685898,0.19484302380874505,,,,,,,,,,,,0,,,-0.5909474869685396,-0.597162880523118,-898.2882427993251,0.5644377013019972,1,,4,18,3,4,17,,,,,,,,,,2,,,,,,,,,,,,,,,,,,,,,,,,,
Gd2O3_x002,Gd2O3_x020_cLi24gaS16e_s00,Gd2O3,Li_24g,S_16e,0.25,compound_set,4,-1.3064936106739093,-0.21263902298489315,True,0.22612967428408168,3.021738172856066,0.7777777777777778,0.8341445667669192,1.0719338867723447,0.9777200344356441,0.1256319173455976,0.8548871918822906,0.151552,,-939.8956698902973,-4.977426782858754,-4.146006751736795,True,18.644196466556586,21.223962717685,4.478769429414945,0.9997726898670568,True,OK,25.921384085652278,18.752688881232693,45.32743517681836,0.7234447365645292,0.20855828899772166,,,,,,,,,,,,0,,,-1.3064936106739093,-1.287645585617331,-939.895669890297,0.7907429372810378,1,,4,18,3,4,17,,,,,,,,,,,2,,,,,,,,,,,,,,,,,,,,,,,,
Gd2O3_x002,Gd2O3_x020_cLi24gaS16e_s01,Gd2O3,Li_24g,S_16e,0.25,compound_set,4,-1.301965716111007,-0.23632910140289504,True,0.34213075071350896,3.1071071938251036,0.6666666666666666,2.7616130403255434,1.037299144835628,,,,,,,,,,,,,,,,,,,,,,,,,,,,,,,,0,,,,,,0.55,2,,4,18,3,4,17,,,,,,,,,,,2,,,,,,,,,,,,,,,,,,,,,,,,
Gd2O3_x002,Gd2O3_x020_cLi24gaS16e_s02,Gd2O3,Li_24g,S_16e,0.25,compound_set,4,-1.2988130103078932,-0.11315663606985654,True,0.28880119995541964,3.025482546827286,0.7222222222222222,0.3401696780015128,1.0611640386455197,,,,,,,,,,,,,,,,,,,,,,,,,,,,,,,,0,,,,,,0.5369540235270864,3,,4,18,3,4,17,,,,,,,,,,,2,,,,,,,,,,,,,,,,,,,,,,,,
Gd2O3_x002,Gd2O3_x020_cLi24gaS16e_s03,Gd2O3,Li_24g,S_16e,0.25,compound_set,4,-1.2691382592233422,-0.07922509722552755,True,0.20541699852128506,3.1712569149552245,0.5,1.4600887734915629,1.0670791952436143,,,,,,,,,,,,,,,,,,,,,,,,,,,,,,,,0,,,,,,0.4141591518627964,4,,4,18,3,4,17,,,,,,,,,,,2,,,,,,,,,,,,,,,,,,,,,,,,
Gd2O3_x002,Gd2O3_x020_cLi24gaS16e_s04,Gd2O3,Li_24g,S_16e,0.25,compound_set,4,-1.2588543602455466,-0.1338366000574639,True,0.22849120317680346,3.056803406547598,0.6111111111111112,1.4753858310178336,1.0367781329694077,,,,,,,,,,,,,,,,,,,,,,,,,,,,,,,,0,,,,,,0.37160411739632815,5,,4,18,3,4,17,,,,,,,,,,,2,,,,,,,,,,,,,,,,,,,,,,,,
Gd2O3_x002,Gd2O3_x020_cLi24gaS4a_s00,Gd2O3,Li_24g,S_4a,0.25,compound_set,4,-1.2494432051196958,-0.17309965166578037,True,0.362971820747541,2.817996173079785,0.6666666666666666,0.20665245696021992,1.0337973443682364,0.9734601061527258,0.0974484662555338,0.8785979118471935,0.143808,,-984.8263782126025,-4.895082449495408,0.32436223529355174,True,16.56683643896856,22.440104475252266,4.245350992320498,0.9998141171564936,True,OK,23.777890274810478,18.093359826154007,43.29784063802232,0.7609320935138439,0.19651189867553392,,,,,,,,,,,,0,,,-1.2494432051196958,-1.2053012522539852,-984.8263782126025,0.15,10,,4,18,3,4,17,,,,,,,,,,,2,,,,,,,,,,,,,,,,,,,,,,,,
Gd2O3_x002,Gd2O3_x020_cLi24gaS4a_s01,Gd2O3,Li_24g,S_4a,0.25,compound_set,4,-1.218061903982325,-0.05509853997318421,True,0.3576542748644329,3.0515983549871812,0.6666666666666666,1.573863127388436,1.0418341469509262,,,,,,,,,,,,,,,,,,,,,,,,,,,,,,,,0,,,,,,0.20280390008561727,9,,4,18,3,4,17,,,,,,,,,,,2,,,,,,,,,,,,,,,,,,,,,,,,
Gd2O3_x002,Gd2O3_x020_cLi24gaS4a_s02,Gd2O3,Li_24g,S_4a,0.25,compound_set,4,-1.2364166561177132,-0.15784052307659469,True,0.22567203979599293,3.061930602809717,0.7222222222222222,1.0942899629622358,1.1025655475453016,,,,,,,,,,,,,,,,,,,,,,,,,,,,,,,,0,,,,,,0.27875632935698647,7,,4,18,3,4,17,,,,,,,,,,,2,,,,,,,,,,,,,,,,,,,,,,,,
Gd2O3_x002,Gd2O3_x020_cLi24gaS4a_s03,Gd2O3,Li_24g,S_4a,0.25,compound_set,4,-1.242795842413618,-0.1700761372932214,True,0.32131964969600696,2.949561357919557,0.7222222222222222,1.8945984952713781,1.1379849685625607,,,,,,,,,,,,,,,,,,,,,,,,,,,,,,,,0,,,,,,0.30515356383744835,6,,4,18,3,4,17,,,,,,,,,,,2,,,,,,,,,,,,,,,,,,,,,,,,
Gd2O3_x002,Gd2O3_x020_cLi24gaS4a_s04,Gd2O3,Li_24g,S_4a,0.25,compound_set,4,-1.2209842850211468,-0.08990099482204525,True,0.22921031549852053,3.143555885852419,0.5,0.7027505951943366,1.1478026955976437,,,,,,,,,,,,,,,,,,,,,,,,,,,,,,,,0,,,,,,0.21489678684964772,8,,4,18,3,4,17,,,,,,,,,,,2,,,,,,,,,,,,,,,,,,,,,,,,
Gd2O3_x005,Gd2O3_x050_cLi24gaS16e_s00,Gd2O3,Li_24g,S_16e,0.25,compound_set,4,-1.3064897698317557,-0.21264546081416724,True,0.22616943766910919,3.021764915960077,0.7777777777777778,0.8343149170017552,1.071930720769974,1.0020051266800658,0.08812032214961929,0.9100512435793131,0.127552,,-948.0326976339496,-4.985563804970001,-0.44772695188676204,True,14.521338522622619,22.558335190438104,0.13250109825378997,0.9999266422709036,True,OK,26.815179134875173,15.372685899829532,38.71906415864832,0.5732829835858224,0.2593461029174377,,,,,,,,,,,,0,,,-1.3064897698317557,-1.295782533309458,-948.0326976339493,0.5205340887978779,4,,4,18,3,4,17,,,,,,,,,,,2,,,,,,,,,,,,,,,,,,,,,,,,
Gd2O3_x005,Gd2O3_x050_cLi24gaS16e_s01,Gd2O3,Li_24g,S_16e,0.25,compound_set,4,-1.3019657362279569,-0.23632933599386483,True,0.3421297445207633,3.1070780200094483,0.6666666666666666,2.761523569713898,1.0372992649561652,,,,,,,,,,,,,,,,,,,,,,,,,,,,,,,,0,,,,,,0.55,2,,4,18,3,4,17,,,,,,,,,,,2,,,,,,,,,,,,,,,,,,,,,,,,
Gd2O3_x005,Gd2O3_x050_cLi24gaS16e_s02,Gd2O3,Li_24g,S_16e,0.25,compound_set,4,-1.2985996953715366,-0.11163370634924989,True,0.28587298554092594,3.024591146244133,0.7222222222222222,0.3328575135526074,1.0610794641591719,,,,,,,,,,,,,,,,,,,,,,,,,,,,,,,,0,,,,,,0.5339592097679253,3,,4,18,3,4,17,,,,,,,,,,,2,,,,,,,,,,,,,,,,,,,,,,,,
Gd2O3_x005,Gd2O3_x050_cLi24gaS16e_s03,Gd2O3,Li_24g,S_16e,0.25,compound_set,4,-1.2691501676375774,-0.07913946204794756,True,0.20536423348855917,3.17129926639157,0.5,1.4602737015432345,1.0670643818494738,,,,,,,,,,,,,,,,,,,,,,,,,,,,,,,,0,,,,,,0.3936181631305723,5,,4,18,3,4,17,,,,,,,,,,,2,,,,,,,,,,,,,,,,,,,,,,,,
Gd2O3_x005,Gd2O3_x050_cLi24gaS16e_s04,Gd2O3,Li_24g,S_16e,0.25,compound_set,4,-1.2588542895813637,-0.13383691676867018,True,0.22848890555882712,3.056801810691674,0.6111111111111112,1.4753555073744506,1.0367792832609486,,,,,,,,,,,,,,,,,,,,,,,,,,,,,,,,0,,,,,,0.34455339321260237,6,,4,18,3,4,17,,,,,,,,,,,2,,,,,,,,,,,,,,,,,,,,,,,,
Gd2O3_x005,Gd2O3_x050_cLi24gaS4a_s00,Gd2O3,Li_24g,S_4a,0.25,compound_set,4,-1.2494409801154331,-0.1730826323792836,True,0.36298443413415454,2.818005104171886,0.6666666666666666,0.20624544445557755,1.033793276496512,0.9496518721951008,0.09896142451302227,0.8556729701312151,0.159104,,-1033.2007087591783,-4.943456798485353,-4.363162418687392,True,17.403924361573477,21.147519325304426,5.95633196742394,0.9971774377734101,True,OK,24.244677693508486,19.189493582549375,45.55077394323908,0.7914930371578981,0.18686753632368489,,,,,,,,,,,,0,,,-1.2494409801154331,-1.2536755268248099,-1033.2007087591787,0.6198741184851093,1,,4,18,3,4,17,,,,,,,,,,,2,,,,,,,,,,,,,,,,,,,,,,,,
Gd2O3_x005,Gd2O3_x050_cLi24gaS4a_s01,Gd2O3,Li_24g,S_4a,0.25,compound_set,4,-1.2180287030089927,-0.05501605771306187,True,0.35738980365590095,3.0512381264287862,0.6666666666666666,1.5720018527864488,1.0416512179746338,,,,,,,,,,,,,,,,,,,,,,,,,,,,,,,,0,,,,,,0.15,10,,4,18,3,4,17,,,,,,,,,,,2,,,,,,,,,,,,,,,,,,,,,,,,
Gd2O3_x005,Gd2O3_x050_cLi24gaS4a_s02,Gd2O3,Li_24g,S_4a,0.25,compound_set,4,-1.236489499158166,-0.15806496441230355,True,0.22609319528135016,3.0636441967877035,0.7222222222222222,1.0939758781071953,1.1023578999728503,,,,,,,,,,,,,,,,,,,,,,,,,,,,,,,,0,,,,,,0.23797449917494812,8,,4,18,3,4,17,,,,,,,,,,,2,,,,,,,,,,,,,,,,,,,,,,,,
Gd2O3_x005,Gd2O3_x050_cLi24gaS4a_s03,Gd2O3,Li_24g,S_4a,0.25,compound_set,4,-1.2427337287540654,-0.169807479381214,True,0.32085751026078574,2.9496269598370275,0.7222222222222222,1.8819443610049207,1.1377665035378541,,,,,,,,,,,,,,,,,,,,,,,,,,,,,,,,0,,,,,,0.2677312316036971,7,,4,18,3,4,17,,,,,,,,,,,2,,,,,,,,,,,,,,,,,,,,,,,,
Gd2O3_x005,Gd2O3_x050_cLi24gaS4a_s04,Gd2O3,Li_24g,S_4a,0.25,compound_set,4,-1.2209810436989157,-0.08989153043182557,True,0.229173979539954,3.143545860233837,0.5,0.7026129239668545,1.1477622680987878,,,,,,,,,,,,,,,,,,,,,,,,,,,,,,,,0,,,,,,0.16406931160991273,9,,4,18,3,4,17,,,,,,,,,,,2,,,,,,,,,,,,,,,,,,,,,,,,
Gd2O3_x010,Gd2O3_x100_cLi24gaS16e_s00,Gd2O3,Li_24g,S_16e,0.25,compound_set,4,-1.3064953158657153,-0.21263597223848418,True,0.2261107035671431,3.0217253490805636,0.7777777777777778,0.8340598648967176,1.0719352954972592,0.9946327977582433,0.06167615561016146,0.9332876705487356,0.142528,,-953.0926348461032,-4.9906237548826775,-4.437876115045645,True,19.72972979810107,21.28490663861786,2.5231548813527276,0.999727973577429,True,OK,23.037244701702953,12.567007258121713,31.900381284937392,0.5455082593793319,0.2692115405726792,,,,,,,,,,,,0,,,-1.3064953158657153,-1.300842373326502,-953.0926348461027,0.5453674988527245,3,,4,18,3,4,17,,,,,,,,,,,2,,,,,,,,,,,,,,,,,,,,,,,,
Gd2O3_x010,Gd2O3_x100_cLi24gaS16e_s01,Gd2O3,Li_24g,S_16e,0.25,compound_set,4,-1.3018126922623758,-0.23576472079738728,True,0.3413100436386943,3.1091121985879395,0.6666666666666666,2.7338989448003304,1.0373901724675505,,,,,,,,,,,,,,,,,,,,,,,,,,,,,,,,0,,,,,,0.55,2,,4,18,3,4,17,,,,,,,,,,,2,,,,,,,,,,,,,,,,,,,,,,,,
Gd2O3_x010,Gd2O3_x100_cLi24gaS16e_s02,Gd2O3,Li_24g,S_16e,0.25,compound_set,4,-1.2985887563470482,-0.11154836205776106,True,0.2857773504086938,3.024585430074948,0.7222222222222222,0.3325674960759023,1.0610975222744896,,,,,,,,,,,,,,,,,,,,,,,,,,,,,,,,0,,,,,,0.5346082702559566,4,,4,18,3,4,17,,,,,,,,,,,2,,,,,,,,,,,,,,,,,,,,,,,,
Gd2O3_x010,Gd2O3_x100_cLi24gaS16e_s03,Gd2O3,Li_24g,S_16e,0.25,compound_set,4,-1.2691727025542243,-0.07885361303080964,True,0.20535877248748682,3.171699362542316,0.5,1.4606286708289813,1.0671156134273423,,,,,,,,,,,,,,,,,,,,,,,,,,,,,,,,0,,,,,,0.39417001031325816,5,,4,18,3,4,17,,,,,,,,,,,2,,,,,,,,,,,,,,,,,,,,,,,,
Gd2O3_x010,Gd2O3_x100_cLi24gaS16e_s04,Gd2O3,Li_24g,S_16e,0.25,compound_set,4,-1.258853448577343,-0.13383264868237615,True,0.2285005271540546,3.0568051793219535,0.6111111111111112,1.4753379931937378,1.0367794941885051,,,,,,,,,,,,,,,,,,,,,,,,,,,,,,,,0,,,,,,0.34490378029386926,6,,4,18,3,4,17,,,,,,,,,,,2,,,,,,,,,,,,,,,,,,,,,,,,
Gd2O3_x010,Gd2O3_x100_cLi24gaS4a_s00,Gd2O3,Li_24g,S_4a,0.25,compound_set,4,-1.2486368230017573,-0.18021727790186057,True,0.3617662560575478,2.8148456985277566,0.6666666666666666,0.10874011092721111,1.0379707196894796,0.9800142374679948,0.11003997370880879,0.8721734965427583,0.15648,,-1046.5436492786212,-4.956799718463079,-4.685673573282877,True,25.91870147613069,20.754567246914302,8.404328200335955,0.9660010368523844,True,OK,18.221695797281797,14.279185809961886,33.96538554701176,0.7836364940354218,0.18933201090904578,,,,,,,,,,,,0,,,-1.2486368230017573,-1.267018336906904,-1046.5436492786214,0.6838846278849797,1,,4,18,3,4,17,,,,,,,,,,,2,,,,,,,,,,,,,,,,,,,,,,,,
Gd2O3_x010,Gd2O3_x100_cLi24gaS4a_s01,Gd2O3,Li_24g,S_4a,0.25,compound_set,4,-1.2180291027908852,-0.055018490502332734,True,0.35739083609553357,3.051240298721552,0.6666666666666666,1.5720231493845265,1.041654482423431,,,,,,,,,,,,,,,,,,,,,,,,,,,,,,,,0,,,,,,0.15,10,,4,18,3,4,17,,,,,,,,,,,2,,,,,,,,,,,,,,,,,,,,,,,,
Gd2O3_x010,Gd2O3_x100_cLi24gaS4a_s02,Gd2O3,Li_24g,S_4a,0.25,compound_set,4,-1.236486465712494,-0.15804923183563632,True,0.22608923396882064,3.0636441075055303,0.7222222222222222,1.0939430093389042,1.1023647982962723,,,,,,,,,,,,,,,,,,,,,,,,,,,,,,,,0,,,,,,0.23811922734768715,8,,4,18,3,4,17,,,,,,,,,,,2,,,,,,,,,,,,,,,,,,,,,,,,
Gd2O3_x010,Gd2O3_x100_cLi24gaS4a_s03,Gd2O3,Li_24g,S_4a,0.25,compound_set,4,-1.2427334022316807,-0.16980621357615286,True,0.32086305549899174,2.949638258534471,0.7222222222222222,1.8821350336506366,1.1377651205661496,,,,,,,,,,,,,,,,,,,,,,,,,,,,,,,,0,,,,,,0.267943380543283,7,,4,18,3,4,17,,,,,,,,,,,2,,,,,,,,,,,,,,,,,,,,,,,,
Gd2O3_x010,Gd2O3_x100_cLi24gaS4a_s04,Gd2O3,Li_24g,S_4a,0.25,compound_set,4,-1.220985351597506,-0.08990433471600744,True,0.2292257021647264,3.1435610180250513,0.5,0.7027840244100172,1.1478177929841964,,,,,,,,,,,,,,,,,,,,,,,,,,,,,,,,0,,,,,,0.164113736712733,9,,4,18,3,4,17,,,,,,,,,,,2,,,,,,,,,,,,,,,,,,,,,,,,
GeO2_x002,GeO2_x020_cP4baS16e_s00,GeO2,P_4b,S_16e,0.25,compound_set,4,-0.5380116308969023,-0.2242856014331923,True,0.17937307982551262,2.9182714618341397,0.52,5.466286783768024,1.036352134775951,0.9766848544070293,0.09231294556294593,0.8865241986099995,0.13472,,-853.1100990144146,-4.252964223116761,-1.5533947506367927,True,17.83877109367244,19.934273528257968,0.2553317836475107,0.9999118588875421,True,OK,22.348624981873108,15.291854862697278,37.35550365055386,0.6842414186600048,0.22141832975665712,,,,,,,,,,,,0,,,-0.5380116308969023,-0.5631829414657052,-853.1100990144145,0.55,2,,4,25,2,3,18,,,,,,,,,,,,1,,,,,,,,,,,,,,,,,,,,,,,
GeO2_x002,GeO2_x020_cP4baS16e_s01,GeO2,P_4b,S_16e,0.25,compound_set,4,-0.5080259263558102,-0.15121063220917927,True,0.23626047982032,2.950368007457137,0.52,0.4945404939600117,1.0184172878950617,,,,,,,,,,,,,,,,,,,,,,,,,,,,,,,,0,,,,,,0.34447784129440406,4,,4,25,2,3,18,,,,,,,,,,,,1,,,,,,,,,,,,,,,,,,,,,,,
GeO2_x002,GeO2_x020_cP4baS16e_s02,GeO2,P_4b,S_16e,0.25,compound_set,4,-0.5099856803822669,-0.18556544618255266,True,0.15386031531735933,2.8480647118835254,0.6,0.7326273406423449,1.162067406260725,,,,,,,,,,,,,,,,,,,,,,,,,,,,,,,,0,,,,,,0.35178013778827466,3,,4,25,2,3,18,,,,,,,,,,,,1,,,,,,,,,,,,,,,,,,,,,,,
GeO2_x002,GeO2_x020_cP4baS16e_s03,GeO2,P_4b,S_16e,0.25,compound_set,4,-0.5041432668658152,-0.16351873357604715,True,0.17146282112722627,3.0036723771371885,0.44,0.6480067955113401,1.0532388109707218,,,,,,,,,,,,,,,,,,,,,,,,,,,,,,,,0,,,,,,0.3300105508090023,6,,4,25,2,3,18,,,,,,,,,,,,1,,,,,,,,,,,,,,,,,,,,,,,
GeO2_x002,GeO2_x020_cP4baS16e_s04,GeO2,P_4b,S_16e,0.25,compound_set,4,-0.5063957862804185,-0.12583473212789037,True,0.18476095721309455,2.9076340588578904,0.48,1.3541433679245372,1.0211030083993597,,,,,,,,,,,,,,,,,,,,,,,,,,,,,,,,0,,,,,,0.33840372893318393,5,,4,25,2,3,18,,,,,,,,,,,,1,,,,,,,,,,,,,,,,,,,,,,,
GeO2_x002,GeO2_x020_cP4baS4a_s00,GeO2,P_4b,S_4a,0.25,compound_set,4,-0.4558329302410651,-0.14782866455811447,True,0.2243326148635705,2.9468717946399074,0.48,0.4875514438523696,1.088081314493248,,,,,,,,,,,,,,,,,,,,,,,,,,,,,,,,0,,,,,,0.15,10,,4,25,2,3,18,,,,,,,,,,,,1,,,,,,,,,,,,,,,,,,,,,,,
GeO2_x002,GeO2_x020_cP4baS4a_s01,GeO2,P_4b,S_4a,0.25,compound_set,4,-0.49079772903308205,-0.20586976647377353,True,0.18678009775062124,2.867256708543456,0.52,1.0765433618661937,1.0704460724223743,,,,,,,,,,,,,,,,,,,,,,,,,,,,,,,,0,,,,,,0.28028335402350274,8,,4,25,2,3,18,,,,,,,,,,,,1,,,,,,,,,,,,,,,,,,,,,,,
GeO2_x002,GeO2_x020_cP4baS4a_s02,GeO2,P_4b,S_4a,0.25,compound_set,4,-0.4732883540005042,-0.19620500218275128,True,0.320398658992653,2.8591879625806302,0.52,0.6422812260491753,1.0699691574292631,,,,,,,,,,,,,,,,,,,,,,,,,,,,,,,,0,,,,,,0.2150411623075174,9,,4,25,2,3,18,,,,,,,,,,,,1,,,,,,,,,,,,,,,,,,,,,,,
GeO2_x002,GeO2_x020_cP4baS4a_s03,GeO2,P_4b,S_4a,0.25,compound_set,4,-0.5095277531957625,-0.23542179725094114,True,0.2716917658683188,2.8891035726407375,0.56,3.1208434817144544,1.0714287821646225,0.982876062796627,0.1334423092457366,0.8517188112746874,0.141568,,-821.8562642230363,-4.205085444566431,-7.257538788578676,True,22.388697662119785,18.732352772909334,4.2778349354840275,0.9999343892897707,True,OK,30.6697537312496,23.146627250719796,55.48228843267945,0.7547053508661061,0.19849617466307315,,,,,,,,,,,,0,,,-0.5095277531957625,-0.5153041629153754,-821.8562642230363,0.6715974902875831,1,,4,25,2,3,18,,,,,,,,,,,,1,,,,,,,,,,,,,,,,,,,,,,,
GeO2_x002,GeO2_x020_cP4baS4a_s04,GeO2,P_4b,S_4a,0.25,compound_set,4,-0.5010953007910834,-0.1906015478983716,True,0.3173147583388589,2.9152817850278865,0.4,1.325966210214992,1.1180725897988166,,,,,,,,,,,,,,,,,,,,,,,,,,,,,,,,0,,,,,,0.318653435742275,7,,4,25,2,3,18,,,,,,,,,,,,1,,,,,,,,,,,,,,,,,,,,,,,
GeO2_x005,GeO2_x050_cP4baS16e_s00,GeO2,P_4b,S_16e,0.25,compound_set,4,-0.537802450696752,-0.22382875337086974,True,0.17938308519842108,2.9181092062681846,0.52,5.407059968526315,1.0369115937724263,0.9774030739169196,0.10290535880288305,0.8768230599004582,0.13984,,-852.6211026511687,-4.252475213950888,-3.2711342160325394,True,20.08457601485399,19.427829443144866,10.079541009849589,0.9995733615287211,True,OK,22.976209265897843,15.97999093893148,38.917563282595395,0.695501627531291,0.2176966630119275,,,,,,,,,,,,0,,,-0.537802450696752,-0.5626940943907925,-852.6211026511689,0.55,2,,4,25,2,3,18,,,,,,,,,,,,1,,,,,,,,,,,,,,,,,,,,,,,
GeO2_x005,GeO2_x050_cP4baS16e_s01,GeO2,P_4b,S_16e,0.25,compound_set,4,-0.5083291967577308,-0.15237230580674782,True,0.2372418504165322,2.9493790237962285,0.52,0.5162675999824865,1.0186210215537328,,,,,,,,,,,,,,,,,,,,,,,,,,,,,,,,0,,,,,,0.3465019646502835,4,,4,25,2,3,18,,,,,,,,,,,,1,,,,,,,,,,,,,,,,,,,,,,,
GeO2_x005,GeO2_x050_cP4baS16e_s02,GeO2,P_4b,S_16e,0.25,compound_set,4,-0.5099858973844977,-0.18556544601006228,True,0.15386025488257266,2.8480649776978435,0.6,0.7326223510464351,1.1620678337891976,,,,,,,,,,,,,,,,,,,,,,,,,,,,,,,,0,,,,,,0.35270330664462,3,,4,25,2,3,18,,,,,,,,,,,,1,,,,,,,,,,,,,,,,,,,,,,,
GeO2_x005,GeO2_x050_cP4baS16e_s03,GeO2,P_4b,S_16e,0.25,compound_set,4,-0.504302891585418,-0.1635488250033815,True,0.17103722503481464,3.004105285300718,0.44,0.6576853267960447,1.0533151131748537,,,,,,,,,,,,,,,,,,,,,,,,,,,,,,,,0,,,,,,0.331430747229545,6,,4,25,2,3,18,,,,,,,,,,,,1,,,,,,,,,,,,,,,,,,,,,,,
GeO2_x005,GeO2_x050_cP4baS16e_s04,GeO2,P_4b,S_16e,0.25,compound_set,4,-0.5063959423201378,-0.1258348762437538,True,0.18476089235940954,2.9076334899305856,0.48,1.354146620381726,1.021102790845688,,,,,,,,,,,,,,,,,,,,,,,,,,,,,,,,0,,,,,,0.33926542973511364,5,,4,25,2,3,18,,,,,,,,,,,,1,,,,,,,,,,,,,,,,,,,,,,,
GeO2_x005,GeO2_x050_cP4baS4a_s00,GeO2,P_4b,S_4a,0.25,compound_set,4,-0.4558333130773331,-0.14782971483898327,True,0.22433557338061533,2.9468740105025906,0.48,0.4875663481850478,1.0880822855055798,,,,,,,,,,,,,,,,,,,,,,,,,,,,,,,,0,,,,,,0.15,10,,4,25,2,3,18,,,,,,,,,,,,1,,,,,,,,,,,,,,,,,,,,,,,
GeO2_x005,GeO2_x050_cP4baS4a_s01,GeO2,P_4b,S_4a,0.25,compound_set,4,-0.49079818748486925,-0.2058737040226968,True,0.18678186626037335,2.8672440482308548,0.52,1.0766444154480803,1.0704460709080736,,,,,,,,,,,,,,,,,,,,,,,,,,,,,,,,0,,,,,,0.28088010017434606,8,,4,25,2,3,18,,,,,,,,,,,,1,,,,,,,,,,,,,,,,,,,,,,,
GeO2_x005,GeO2_x050_cP4baS4a_s02,GeO2,P_4b,S_4a,0.25,compound_set,4,-0.473300589269404,-0.19623528415333247,True,0.3204627402158018,2.8591689990959908,0.52,0.6430087541118915,1.0699405929468226,,,,,,,,,,,,,,,,,,,,,,,,,,,,,,,,0,,,,,,0.21538329956930918,9,,4,25,2,3,18,,,,,,,,,,,,1,,,,,,,,,,,,,,,,,,,,,,,
GeO2_x005,GeO2_x050_cP4baS4a_s03,GeO2,P_4b,S_4a,0.25,compound_set,4,-0.5096857659845275,-0.23550814834807685,True,0.27063041759425416,2.888125098595036,0.56,3.1108481888130215,1.0712517783734323,0.972557822070973,0.14690170959085844,0.8296874153327851,0.132288,,-827.2510237114814,-4.210480215257176,-6.969061927903704,True,23.57407802240002,18.757226137875445,2.7624668494514117,0.9994958857946963,True,OK,34.087281632570196,24.204364248927625,58.715674946851784,0.7100702399747975,0.2129150417461014,,,,,,,,,,,,0,,,-0.5096857659845275,-0.520699095697081,-827.2510237114816,0.6928048225830361,1,,4,25,2,3,18,,,,,,,,,,,,1,,,,,,,,,,,,,,,,,,,,,,,
GeO2_x005,GeO2_x050_cP4baS4a_s04,GeO2,P_4b,S_4a,0.25,compound_set,4,-0.5010955572014026,-0.19060181382203603,True,0.3173142183166958,2.9152818019947246,0.4,1.3259636399492034,1.1180744129803442,,,,,,,,,,,,,,,,,,,,,,,,,,,,,,,,0,,,,,,0.31942509147972564,7,,4,25,2,3,18,,,,,,,,,,,,1,,,,,,,,,,,,,,,,,,,,,,,
GeO2_x010,GeO2_x100_cP4baS16e_s00,GeO2,P_4b,S_16e,0.25,compound_set,4,-0.5382209273939984,-0.22472898914510625,True,0.1798047115161025,2.9181767103501746,0.52,5.5239139045615255,1.035809703345867,0.9824885924912669,0.12130728260305246,0.8633055711476535,0.144192,,-855.8200081052019,-4.255674114603935,-2.3858421066910847,True,18.30309734743698,19.508269433961413,9.783838009414902,0.9697145588813894,True,OK,22.977229065780804,14.922400203573925,36.800575438201335,0.6494429837842084,0.23306488688688196,,,,,,,,,,,,0,,,-0.5382209273939984,-0.5658929185858397,-855.8200081052019,0.55,2,,4,25,2,3,18,,,,,,,,,,,,1,,,,,,,,,,,,,,,,,,,,,,,
GeO2_x010,GeO2_x100_cP4baS16e_s01,GeO2,P_4b,S_16e,0.25,compound_set,4,-0.5082305172621147,-0.1520437364217087,True,0.23728544630915457,2.949906861700805,0.52,0.509008546621156,1.0185965440386047,,,,,,,,,,,,,,,,,,,,,,,,,,,,,,,,0,,,,,,0.34043296280290036,4,,4,25,2,3,18,,,,,,,,,,,,1,,,,,,,,,,,,,,,,,,,,,,,
GeO2_x010,GeO2_x100_cP4baS16e_s02,GeO2,P_4b,S_16e,0.25,compound_set,4,-0.5099858507326149,-0.18556552011155034,True,0.15386023939059296,2.8480652026835305,0.6,0.7326069843734625,1.1620685785691052,,,,,,,,,,,,,,,,,,,,,,,,,,,,,,,,0,,,,,,0.34681251041557126,3,,4,25,2,3,18,,,,,,,,,,,,1,,,,,,,,,,,,,,,,,,,,,,,
GeO2_x010,GeO2_x100_cP4baS16e_s03,GeO2,P_4b,S_16e,0.25,compound_set,4,-0.5041426438533301,-0.16351706725491816,True,0.17146117948983816,3.003669245509517,0.44,0.6479919935421985,1.0532371850945788,,,,,,,,,,,,,,,,,,,,,,,,,,,,,,,,0,,,,,,0.3255760803448451,6,,4,25,2,3,18,,,,,,,,,,,,1,,,,,,,,,,,,,,,,,,,,,,,
GeO2_x010,GeO2_x100_cP4baS16e_s04,GeO2,P_4b,S_16e,0.25,compound_set,4,-0.5063958630615617,-0.12583499702319884,True,0.18476053724657804,2.9076324608716235,0.48,1.3541289168273065,1.0211027222862537,,,,,,,,,,,,,,,,,,,,,,,,,,,,,,,,0,,,,,,0.3337651335716383,5,,4,25,2,3,18,,,,,,,,,,,,1,,,,,,,,,,,,,,,,,,,,,,,
GeO2_x010,GeO2_x100_cP4baS4a_s00,GeO2,P_4b,S_4a,0.25,compound_set,4,-0.45583285934189854,-0.14782884404643268,True,0.22433060939375846,2.946875621676219,0.48,0.4875051079502027,1.0880817976178467,,,,,,,,,,,,,,,,,,,,,,,,,,,,,,,,0,,,,,,0.15,10,,4,25,2,3,18,,,,,,,,,,,,1,,,,,,,,,,,,,,,,,,,,,,,
GeO2_x010,GeO2_x100_cP4baS4a_s01,GeO2,P_4b,S_4a,0.25,compound_set,4,-0.49078417496658533,-0.20557869007036944,True,0.18797576109054182,2.8676968435471952,0.52,1.0770921941153422,1.070328147729646,,,,,,,,,,,,,,,,,,,,,,,,,,,,,,,,0,,,,,,0.2770263376733949,8,,4,25,2,3,18,,,,,,,,,,,,1,,,,,,,,,,,,,,,,,,,,,,,
GeO2_x010,GeO2_x100_cP4baS4a_s02,GeO2,P_4b,S_4a,0.25,compound_set,4,-0.4732578778858696,-0.19613691503209726,True,0.32024968721131203,2.859246031535264,0.52,0.640608162911903,1.0700452082191745,,,,,,,,,,,,,,,,,,,,,,,,,,,,,,,,0,,,,,,0.21332912652845154,9,,4,25,2,3,18,,,,,,,,,,,,1,,,,,,,,,,,,,,,,,,,,,,,
GeO2_x010,GeO2_x100_cP4baS4a_s03,GeO2,P_4b,S_4a,0.25,compound_set,4,-0.5098516381363738,-0.23568571715009462,True,0.26957398850634184,2.887099889736769,0.56,3.1071670212556026,1.0708951199651184,0.9987511417521178,0.11720764424007689,0.8816898732452649,0.131136,,-840.6772123472539,-4.223906409894179,-3.2390478313150686,True,23.908089492517263,19.58262797437016,6.195049215456526,0.9998615520540659,True,OK,28.871138160188117,22.945964188632686,54.42057990107061,0.7947717218947068,0.18584208215644052,,,,,,,,,,,,0,,,-0.5098516381363738,-0.5341252138760839,-840.6772123472534,0.7345441119040481,1,,4,25,2,3,18,,,,,,,,,,,,1,,,,,,,,,,,,,,,,,,,,,,,
GeO2_x010,GeO2_x100_cP4baS4a_s04,GeO2,P_4b,S_4a,0.25,compound_set,4,-0.5010956833849929,-0.19060368551356194,True,0.31731099396117357,2.915280442280759,0.4,1.3260508289153496,1.1180767858573744,,,,,,,,,,,,,,,,,,,,,,,,,,,,,,,,0,,,,,,0.31450227032050626,7,,4,25,2,3,18,,,,,,,,,,,,1,,,,,,,,,,,,,,,,,,,,,,,
HfO2_x002,HfO2_x020_cLi24gaS16e_s00,HfO2,Li_24g,S_16e,0.25,compound_set,4,-0.7742306557024685,-0.11144471239332719,True,0.22082158298816507,3.0775793695159956,0.45,1.2227459522075015,1.0866621274911272,,,,,,,,,,,,,,,,,,,,,,,,,,,,,,,,0,,,,,,0.4514683814253031,6,,4,20,2,4,18,,,,,,,,,,,,,1,,,,,,,,,,,,,,,,,,,,,,
HfO2_x002,HfO2_x020_cLi24gaS16e_s01,HfO2,Li_24g,S_16e,0.25,compound_set,4,-0.7838941447059433,-0.15575277744642785,True,0.21225963067575518,3.005323936026111,0.45,1.1491888092354106,1.0424098392468943,0.9844469575722694,0.05680863566330035,0.9285218690297019,0.140224,,-909.1513794506127,-4.50876501711464,-4.378984398915502,True,19.70482175576937,20.877627581888728,5.788690629976455,0.9995918207268798,True,OK,21.40342058305172,16.12392949293381,38.66305431691854,0.7533342360099923,0.19893399229580894,,,,,,,,,,,,0,,,-0.7838941447059433,-0.8189837821539365,-909.1513794506127,0.55,3,,4,20,2,4,18,,,,,,,,,,,,,1,,,,,,,,,,,,,,,,,,,,,,
HfO2_x002,HfO2_x020_cLi24gaS16e_s02,HfO2,Li_24g,S_16e,0.25,compound_set,4,-0.7766680674639739,-0.16037994171228698,True,0.3191684168750291,3.183624259151687,0.7,1.3499853888442033,1.0398179927780973,,,,,,,,,,,,,,,,,,,,,,,,,,,,,,,,0,,,,,,0.45683475792314543,5,,4,20,2,4,18,,,,,,,,,,,,,1,,,,,,,,,,,,,,,,,,,,,,
HfO2_x002,HfO2_x020_cLi24gaS16e_s03,HfO2,Li_24g,S_16e,0.25,compound_set,4,-0.7719512213402817,-0.09252647065938407,True,0.3165090872144466,3.1978298697957457,0.45,0.061641785136499594,1.0271163153950635,,,,,,,,,,,,,,,,,,,,,,,,,,,,,,,,0,,,,,,0.44644981903760916,7,,4,20,2,4,18,,,,,,,,,,,,,1,,,,,,,,,,,,,,,,,,,,,,
HfO2_x002,HfO2_x020_cLi24gaS16e_s04,HfO2,Li_24g,S_16e,0.25,compound_set,4,-0.7631804067267689,-0.11108073975606364,True,0.2390200884245919,3.077684958226242,0.55,1.3559655354673807,1.0751150329719181,,,,,,,,,,,,,,,,,,,,,,,,,,,,,,,,0,,,,,,0.42713937910610633,9,,4,20,2,4,18,,,,,,,,,,,,,1,,,,,,,,,,,,,,,,,,,,,,
HfO2_x002,HfO2_x020_cLi24gaS4a_s00,HfO2,Li_24g,S_4a,0.25,compound_set,4,-0.7257847346519597,-0.12036224354797952,True,0.2860842381462509,3.0711327559713455,0.65,0.5873384940145089,1.016558833501981,,,,,,,,,,,,,,,,,,,,,,,,,,,,,,,,0,,,,,,0.34480644754622247,12,,4,20,2,4,18,,,,,,,,,,,,,1,,,,,,,,,,,,,,,,,,,,,,
HfO2_x002,HfO2_x020_cLi24gaS4a_s01,HfO2,Li_24g,S_4a,0.25,compound_set,4,-0.782433819696208,-0.17915262782349287,True,0.2632836275074617,3.069914560299213,0.45,3.2805772530928023,1.0503509707256722,0.9837339391010334,0.1277723789785485,0.8580399134201557,0.132224,,-919.7600204779983,-4.45872430765872,-3.867304178575823,True,18.782109558719565,21.180194048836615,0.3643277227937384,0.999959797399588,True,OK,25.530744986657716,19.688331562072335,46.986843911854734,0.7711616551871633,0.19326626950884832,,,,,,,,,,,,0,,,-0.782433819696208,-0.7689430726980166,-919.7600204779981,0.6019468023820107,1,,4,20,2,4,18,,,,,,,,,,,,,1,,,,,,,,,,,,,,,,,,,,,,
HfO2_x002,HfO2_x020_cLi24gaS4a_s02,HfO2,Li_24g,S_4a,0.25,compound_set,4,-0.7790270041904304,-0.16035711443598288,True,0.3065628255009889,2.963443586208778,0.6,2.299570704427529,1.1004113169813126,,,,,,,,,,,,,,,,,,,,,,,,,,,,,,,,0,,,,,,0.46202835828590694,4,,4,20,2,4,18,,,,,,,,,,,,,1,,,,,,,,,,,,,,,,,,,,,,
HfO2_x002,HfO2_x020_cLi24gaS4a_s03,HfO2,Li_24g,S_4a,0.25,compound_set,4,-0.7613512414793169,-0.14233698450803411,True,0.45330289992505063,2.9739346648787714,0.55,0.8311492431789492,1.0924154561089017,,,,,,,,,,,,,,,,,,,,,,,,,,,,,,,,0,,,,,,0.4231121607470162,10,,4,20,2,4,18,,,,,,,,,,,,,1,,,,,,,,,,,,,,,,,,,,,,
HfO2_x002,HfO2_x020_cLi24gaS4a_s04,HfO2,Li_24g,S_4a,0.25,compound_set,4,-0.7397172104416345,-0.12747066280915867,True,0.3461845942019447,3.0172313099230834,0.4,1.806585576702534,1.1095900897750206,,,,,,,,,,,,,,,,,,,,,,,,,,,,,,,,0,,,,,,0.37548116234627427,11,,4,20,2,4,18,,,,,,,,,,,,,1,,,,,,,,,,,,,,,,,,,,,,
HfO2_x002,HfO2_x020_cP4baS16e_s00,HfO2,P_4b,S_16e,0.25,compound_set,4,-0.6552735294076255,-0.1076802192750292,True,0.20581923226231058,2.8776801683749973,0.44,1.2612158102296511,1.207873792864892,,,,,,,,,,,,,,,,,,,,,,,,,,,,,,,,0,,,,,,0.1895640381044792,17,,4,25,2,3,18,,,,,,,,,,,,,1,,,,,,,,,,,,,,,,,,,,,,
HfO2_x002,HfO2_x020_cP4baS16e_s01,HfO2,P_4b,S_16e,0.25,compound_set,4,-0.6556972149162537,-0.1143478281021531,True,0.1858752760624031,2.954604190437558,0.52,0.4701812134430365,1.0299336136180746,,,,,,,,,,,,,,,,,,,,,,,,,,,,,,,,0,,,,,,0.190496853803446,16,,4,25,2,3,18,,,,,,,,,,,,,1,,,,,,,,,,,,,,,,,,,,,,
HfO2_x002,HfO2_x020_cP4baS16e_s02,HfO2,P_4b,S_16e,0.25,compound_set,4,-0.6684671506604918,-0.1657795550357748,True,0.23570444611561614,2.978892486759084,0.6,2.0825941769894563,1.0066264304993577,,,,,,,,,,,,,,,,,,,,,,,,,,,,,,,,0,,,,,,0.21861203899255552,13,,4,25,2,3,18,,,,,,,,,,,,,1,,,,,,,,,,,,,,,,,,,,,,
HfO2_x002,HfO2_x020_cP4baS16e_s03,HfO2,P_4b,S_16e,0.25,compound_set,4,-0.6588851258137272,-0.1799899566096946,True,0.1688263394614353,2.8887212399639566,0.44,1.0816778622294008,1.0465830802427976,,,,,,,,,,,,,,,,,,,,,,,,,,,,,,,,0,,,,,,0.1975155817785878,15,,4,25,2,3,18,,,,,,,,,,,,,1,,,,,,,,,,,,,,,,,,,,,,
HfO2_x002,HfO2_x020_cP4baS16e_s04,HfO2,P_4b,S_16e,0.25,compound_set,4,-0.6748049998118066,-0.182913210779095,True,0.20077512378839288,2.909133375530229,0.44,2.4293564418810263,1.0488545136218979,1.0167908435698478,0.10873724810518884,0.8762976984481133,0.142656,,-923.3148191655226,-4.387911874554681,-3.8212973680966584,True,21.518440465179253,19.47795352668707,4.950674700595888,0.9998405641550313,True,OK,27.72676291682065,23.006710067446733,54.066076108527184,0.829765455724712,0.17500668174690048,,,,,,,,,,,,0,,,-0.6748049998118066,-0.6981306395939777,-923.314819165523,0.5839212544360523,2,,4,25,2,3,18,,,,,,,,,,,,,1,,,,,,,,,,,,,,,,,,,,,,
HfO2_x002,HfO2_x020_cP4baS4a_s00,HfO2,P_4b,S_4a,0.25,compound_set,4,-0.6403265613920164,-0.09845956414069686,True,0.23920601393630067,2.8498433506134977,0.44,0.5856988414688375,1.0314438099755356,,,,,,,,,,,,,,,,,,,,,,,,,,,,,,,,0,,,,,,0.1566557461450493,18,,4,25,2,3,18,,,,,,,,,,,,,1,,,,,,,,,,,,,,,,,,,,,,
HfO2_x002,HfO2_x020_cP4baS4a_s01,HfO2,P_4b,S_4a,0.25,compound_set,4,-0.6741507120235983,-0.21094377993837024,True,0.24608263217971954,2.893436183888399,0.52,1.8079404359127504,1.085655045960812,0.9697059232117514,0.10596406090953107,0.8669519457002084,0.137664,,-871.34520394822,-4.345199426109187,-4.411235137907616,True,20.113502065675966,19.09866075335968,6.012682391163886,0.9998073018313657,True,OK,26.967563187899884,21.860250146576014,51.63008287947259,0.8106127347978004,0.18091244458059053,,,,,,,,,,,,0,,,-0.6741507120235983,-0.6554181911484838,-871.3452039482199,0.44243743166446003,8,,4,25,2,3,18,,,,,,,,,,,,,1,,,,,,,,,,,,,,,,,,,,,,
HfO2_x002,HfO2_x020_cP4baS4a_s02,HfO2,P_4b,S_4a,0.25,compound_set,4,-0.6373035170823114,-0.2274742364811234,True,0.1993478822235695,2.796055966536377,0.48,0.5005893232967227,1.0550504935483218,,,,,,,,,,,,,,,,,,,,,,,,,,,,,,,,0,,,,,,0.15,20,,4,25,2,3,18,,,,,,,,,,,,,1,,,,,,,,,,,,,,,,,,,,,,
HfO2_x002,HfO2_x020_cP4baS4a_s03,HfO2,P_4b,S_4a,0.25,compound_set,4,-0.637802887724809,-0.18042699568154802,True,0.18518603309082105,2.835248170013136,0.48,1.2329862074965832,1.0571568124571744,,,,,,,,,,,,,,,,,,,,,,,,,,,,,,,,0,,,,,,0.15109944939215217,19,,4,25,2,3,18,,,,,,,,,,,,,1,,,,,,,,,,,,,,,,,,,,,,
HfO2_x002,HfO2_x020_cP4baS4a_s04,HfO2,P_4b,S_4a,0.25,compound_set,4,-0.6673010000658506,-0.15159873342665584,True,0.1580922489757971,2.8954579835492695,0.32,1.7058532558872337,1.1739500564832424,,,,,,,,,,,,,,,,,,,,,,,,,,,,,,,,0,,,,,,0.21604456014353146,14,,4,25,2,3,18,,,,,,,,,,,,,1,,,,,,,,,,,,,,,,,,,,,,
HfO2_x005,HfO2_x050_cLi24gaS16e_s00,HfO2,Li_24g,S_16e,0.25,compound_set,4,-0.7742309599408146,-0.1114466437847079,True,0.2208169747193699,3.0775756644052117,0.45,1.2228515091480705,1.0866662991144698,,,,,,,,,,,,,,,,,,,,,,,,,,,,,,,,0,,,,,,0.4305087251726408,5,,4,20,2,4,18,,,,,,,,,,,,,1,,,,,,,,,,,,,,,,,,,,,,
HfO2_x005,HfO2_x050_cLi24gaS16e_s01,HfO2,Li_24g,S_16e,0.25,compound_set,4,-0.7838918449200345,-0.15572965697748234,True,0.21221101934247097,3.005319283798112,0.45,1.148805656678689,1.0424154715558216,1.0156306119352398,0.12664179457309485,0.8597070822374197,0.128064,,-922.7272304944131,-4.522340849766911,-2.594848240001752,True,17.59027095398498,21.274054701919518,5.05157978646724,0.9997582192348796,True,OK,22.231663451359246,20.252834159089602,46.605970412013875,0.9109904980075317,0.1506036647986082,,,,,,,,,,,,0,,,-0.7838918449200345,-0.83255954731928,-922.7272304944134,0.6843544270290425,1,,4,20,2,4,18,,,,,,,,,,,,,1,,,,,,,,,,,,,,,,,,,,,,
HfO2_x005,HfO2_x050_cLi24gaS16e_s02,HfO2,Li_24g,S_16e,0.25,compound_set,4,-0.7766914559932778,-0.1606384108997057,True,0.31930231098222667,3.1841858709546127,0.7,1.3483735812704092,1.0398957083055138,,,,,,,,,,,,,,,,,,,,,,,,,,,,,,,,0,,,,,,0.43554926915339665,4,,4,20,2,4,18,,,,,,,,,,,,,1,,,,,,,,,,,,,,,,,,,,,,
HfO2_x005,HfO2_x050_cLi24gaS16e_s03,HfO2,Li_24g,S_16e,0.25,compound_set,4,-0.7719525201276505,-0.09253676816723434,True,0.31649034798979103,3.197805090294559,0.45,0.06164634237170632,1.0271164096996008,,,,,,,,,,,,,,,,,,,,,,,,,,,,,,,,0,,,,,,0.42584113951475633,7,,4,20,2,4,18,,,,,,,,,,,,,1,,,,,,,,,,,,,,,,,,,,,,
HfO2_x005,HfO2_x050_cLi24gaS16e_s04,HfO2,Li_24g,S_16e,0.25,compound_set,4,-0.7631802618872308,-0.11108024369971221,True,0.23901638546297058,3.0776800610656627,0.55,1.355942341121354,1.0751142119675867,,,,,,,,,,,,,,,,,,,,,,,,,,,,,,,,0,,,,,,0.407870391938422,8,,4,20,2,4,18,,,,,,,,,,,,,1,,,,,,,,,,,,,,,,,,,,,,
HfO2_x005,HfO2_x050_cLi24gaS4a_s00,HfO2,Li_24g,S_4a,0.25,compound_set,4,-0.725785206956433,-0.12037509708764685,True,0.28609371855478616,3.0711483451944583,0.65,0.5863838052333098,1.0165594716973558,,,,,,,,,,,,,,,,,,,,,,,,,,,,,,,,0,,,,,,0.33126331148699567,12,,4,20,2,4,18,,,,,,,,,,,,,1,,,,,,,,,,,,,,,,,,,,,,
HfO2_x005,HfO2_x050_cLi24gaS4a_s01,HfO2,Li_24g,S_4a,0.25,compound_set,4,-0.7823614406086228,-0.17872981891838527,True,0.26242113679343887,3.069807643221517,0.45,3.265385683641261,1.0501972432668822,0.9950742783880717,0.1081468614979774,0.8874601182230372,0.136448,,-910.9418895429211,-4.449906167203322,-3.062052120102747,True,18.870226383448475,21.262656360651473,4.121559181843571,0.9994169524941936,True,OK,21.710704807166756,17.59535638956498,41.55896781624812,0.8104461161369901,0.18096408211699783,,,,,,,,,,,,0,,,-0.7823614406086228,-0.7601248647556909,-910.9418895429209,0.401611140433107,10,,4,20,2,4,18,,,,,,,,,,,,,1,,,,,,,,,,,,,,,,,,,,,,
HfO2_x005,HfO2_x050_cLi24gaS4a_s02,HfO2,Li_24g,S_4a,0.25,compound_set,4,-0.7790267634444734,-0.1603566505686619,True,0.3065627436466011,2.9634505223928267,0.6,2.299534949012919,1.100411017890582,,,,,,,,,,,,,,,,,,,,,,,,,,,,,,,,0,,,,,,0.4403333532020397,3,,4,20,2,4,18,,,,,,,,,,,,,1,,,,,,,,,,,,,,,,,,,,,,
HfO2_x005,HfO2_x050_cLi24gaS4a_s03,HfO2,Li_24g,S_4a,0.25,compound_set,4,-0.7613551216801775,-0.1423533322128888,True,0.45329952843643134,2.973959717876781,0.55,0.8312998194165224,1.0924260762768028,,,,,,,,,,,,,,,,,,,,,,,,,,,,,,,,0,,,,,,0.404131430652348,9,,4,20,2,4,18,,,,,,,,,,,,,1,,,,,,,,,,,,,,,,,,,,,,
HfO2_x005,HfO2_x050_cLi24gaS4a_s04,HfO2,Li_24g,S_4a,0.25,compound_set,4,-0.7400319943156473,-0.12888120733165023,True,0.3457430690730843,3.017529931120065,0.4,1.830027975588668,1.112773888453209,,,,,,,,,,,,,,,,,,,,,,,,,,,,,,,,0,,,,,,0.3604491166000357,11,,4,20,2,4,18,,,,,,,,,,,,,1,,,,,,,,,,,,,,,,,,,,,,
HfO2_x005,HfO2_x050_cP4baS16e_s00,HfO2,P_4b,S_16e,0.25,compound_set,4,-0.6552727291202953,-0.10767866752371018,True,0.20582894667867518,2.8776873592945633,0.44,1.2615275589241606,1.2078751158909031,,,,,,,,,,,,,,,,,,,,,,,,,,,,,,,,0,,,,,,0.1868122584689227,17,,4,25,2,3,18,,,,,,,,,,,,,1,,,,,,,,,,,,,,,,,,,,,,
HfO2_x005,HfO2_x050_cP4baS16e_s01,HfO2,P_4b,S_16e,0.25,compound_set,4,-0.6560688834756729,-0.11490630411701992,True,0.18893066425322091,2.9560893750988435,0.52,0.45330969660684367,1.0304309271154433,,,,,,,,,,,,,,,,,,,,,,,,,,,,,,,,0,,,,,,0.18844325114608376,16,,4,25,2,3,18,,,,,,,,,,,,,1,,,,,,,,,,,,,,,,,,,,,,
HfO2_x005,HfO2_x050_cP4baS16e_s02,HfO2,P_4b,S_16e,0.25,compound_set,4,-0.6684669672997816,-0.16578005731076828,True,0.2357150516389812,2.978905480628035,0.6,2.082637291302273,1.0066237980597141,,,,,,,,,,,,,,,,,,,,,,,,,,,,,,,,0,,,,,,0.21384182340957308,13,,4,25,2,3,18,,,,,,,,,,,,,1,,,,,,,,,,,,,,,,,,,,,,
HfO2_x005,HfO2_x050_cP4baS16e_s03,HfO2,P_4b,S_16e,0.25,compound_set,4,-0.6588850228195118,-0.17998983831802817,True,0.16882663729659783,2.8887215059293125,0.44,1.0816789946801835,1.0465831423927745,,,,,,,,,,,,,,,,,,,,,,,,,,,,,,,,0,,,,,,0.1942123618928155,15,,4,25,2,3,18,,,,,,,,,,,,,1,,,,,,,,,,,,,,,,,,,,,,
HfO2_x005,HfO2_x050_cP4baS16e_s04,HfO2,P_4b,S_16e,0.25,compound_set,4,-0.6750967435171833,-0.18387367937568194,True,0.200841646279553,2.9071836023242295,0.44,2.3908457842464097,1.0509099590662923,1.0113784545465085,0.1245397242413363,0.8654988908036699,0.142592,,-912.9576259706187,-4.377554693562281,-5.073085591830362,True,25.2846751586632,19.2609701270049,3.1420019063831983,0.9997241518711663,True,OK,30.65354212858632,21.78013558753976,52.828419908083056,0.7105258992965919,0.21276609357532567,,,,,,,,,,,,0,,,-0.6750967435171833,-0.6877733911146504,-912.9576259706184,0.553392741710188,2,,4,25,2,3,18,,,,,,,,,,,,,1,,,,,,,,,,,,,,,,,,,,,,
HfO2_x005,HfO2_x050_cP4baS4a_s00,HfO2,P_4b,S_4a,0.25,compound_set,4,-0.6402409425462428,-0.09869869207658025,True,0.23996637244719235,2.850717502115069,0.44,0.5725044849266205,1.0314431981656256,,,,,,,,,,,,,,,,,,,,,,,,,,,,,,,,0,,,,,,0.15601831297163365,18,,4,25,2,3,18,,,,,,,,,,,,,1,,,,,,,,,,,,,,,,,,,,,,
HfO2_x005,HfO2_x050_cP4baS4a_s01,HfO2,P_4b,S_4a,0.25,compound_set,4,-0.6735356945722866,-0.20927474922185973,True,0.2457388462791343,2.8938178805985832,0.56,1.8347174314874237,1.0835308402239285,1.011430196207512,0.07566496604163006,0.9137697031587484,0.143872,,-891.2406990660492,-4.365094877217984,-2.6784951405186384,True,19.206540603868802,19.889946573495397,4.649489942549237,0.9996953998634608,True,OK,28.714834674107315,20.17652717885366,49.04289133802237,0.7026516923340395,0.21534521038443566,,,,,,,,,,,,0,,,-0.6735356945722866,-0.6753135747703527,-891.2406990660488,0.4270945207554663,6,,4,25,2,3,18,,,,,,,,,,,,,1,,,,,,,,,,,,,,,,,,,,,,
HfO2_x005,HfO2_x050_cP4baS4a_s02,HfO2,P_4b,S_4a,0.25,compound_set,4,-0.6373031573854093,-0.2274732131600117,True,0.19934268861230983,2.7960572656511804,0.48,0.5006059033683253,1.0550494153255787,,,,,,,,,,,,,,,,,,,,,,,,,,,,,,,,0,,,,,,0.15,20,,4,25,2,3,18,,,,,,,,,,,,,1,,,,,,,,,,,,,,,,,,,,,,
HfO2_x005,HfO2_x050_cP4baS4a_s03,HfO2,P_4b,S_4a,0.25,compound_set,4,-0.6377909173949017,-0.18040997090507213,True,0.1852361699722497,2.835252370172384,0.48,1.2328148752593737,1.0571512799956255,,,,,,,,,,,,,,,,,,,,,,,,,,,,,,,,0,,,,,,0.150999219558771,19,,4,25,2,3,18,,,,,,,,,,,,,1,,,,,,,,,,,,,,,,,,,,,,
HfO2_x005,HfO2_x050_cP4baS4a_s04,HfO2,P_4b,S_4a,0.25,compound_set,4,-0.6673033588769051,-0.15160472845351555,True,0.15807812192108694,2.8954437768356347,0.32,1.705830014599177,1.1739970906795543,,,,,,,,,,,,,,,,,,,,,,,,,,,,,,,,0,,,,,,0.2114580685459896,14,,4,25,2,3,18,,,,,,,,,,,,,1,,,,,,,,,,,,,,,,,,,,,,
HfO2_x010,HfO2_x100_cLi24gaS16e_s00,HfO2,Li_24g,S_16e,0.25,compound_set,4,-0.7742293770708852,-0.11143804708083398,True,0.22083993121031295,3.0775904589921677,0.45,1.2223702173059678,1.0866509164204539,,,,,,,,,,,,,,,,,,,,,,,,,,,,,,,,0,,,,,,0.43778779230264564,5,,4,20,2,4,18,,,,,,,,,,,,,1,,,,,,,,,,,,,,,,,,,,,,
HfO2_x010,HfO2_x100_cLi24gaS16e_s01,HfO2,Li_24g,S_16e,0.25,compound_set,4,-0.78389347191299,-0.15574622508321978,True,0.21224947002157585,3.005322717418234,0.45,1.149094924185049,1.0424109999164919,0.9987067584869431,0.09515156929586985,0.9036782431505191,0.130176,,-917.7862214270554,-4.517399848705278,-6.576383014990922,True,20.164373203244086,20.321464978025794,5.512408917075969,0.9993871124909246,True,OK,26.468133130559444,19.62055548143551,47.19896390957573,0.7412897382921997,0.20279377294476308,,,,,,,,,,,,0,,,-0.78389347191299,-0.827618597637422,-917.7862214270554,0.55,1,,4,20,2,4,18,,,,,,,,,,,,,1,,,,,,,,,,,,,,,,,,,,,,
HfO2_x010,HfO2_x100_cLi24gaS16e_s02,HfO2,Li_24g,S_16e,0.25,compound_set,4,-0.7766847648218422,-0.16051508874165613,True,0.31948661117867216,3.184038288018368,0.7,1.3487940382436412,1.0398447498919237,,,,,,,,,,,,,,,,,,,,,,,,,,,,,,,,0,,,,,,0.4429484685096443,4,,4,20,2,4,18,,,,,,,,,,,,,1,,,,,,,,,,,,,,,,,,,,,,
HfO2_x010,HfO2_x100_cLi24gaS16e_s03,HfO2,Li_24g,S_16e,0.25,compound_set,4,-0.7719525472738797,-0.09253694372653805,True,0.31648939873046167,3.1978044145263085,0.45,0.06165151858136389,1.0271161064032055,,,,,,,,,,,,,,,,,,,,,,,,,,,,,,,,0,,,,,,0.43300240500232534,6,,4,20,2,4,18,,,,,,,,,,,,,1,,,,,,,,,,,,,,,,,,,,,,
HfO2_x010,HfO2_x100_cLi24gaS16e_s04,HfO2,Li_24g,S_16e,0.25,compound_set,4,-0.7631805315311895,-0.11108159847864171,True,0.23902684596745236,3.077694916080387,0.55,1.356002193603355,1.0751165780448626,,,,,,,,,,,,,,,,,,,,,,,,,,,,,,,,0,,,,,,0.4145655886937505,8,,4,20,2,4,18,,,,,,,,,,,,,1,,,,,,,,,,,,,,,,,,,,,,
HfO2_x010,HfO2_x100_cLi24gaS4a_s00,HfO2,Li_24g,S_4a,0.25,compound_set,4,-0.725800496962814,-0.12043138746687947,True,0.2860160020458775,3.071118617161478,0.65,0.5839610272671593,1.0165767233706593,,,,,,,,,,,,,,,,,,,,,,,,,,,,,,,,0,,,,,,0.33600111147885264,11,,4,20,2,4,18,,,,,,,,,,,,,1,,,,,,,,,,,,,,,,,,,,,,
HfO2_x010,HfO2_x100_cLi24gaS4a_s01,HfO2,Li_24g,S_4a,0.25,compound_set,4,-0.7826792389875252,-0.18046097224533794,True,0.265337531397337,3.0698717697801188,0.45,3.355571057589263,1.0502653037528693,1.0072254985948896,0.10186509488905819,0.8916454326160415,0.127424,,-896.2131011347741,-4.435177379444288,-2.8432842852079263,True,,,,0.9641513280382842,False,"r2=0.9642 / V0 / B0'=21.24 unphysical (need r2>=0.95, 0<B0'<15)",15.948230979324201,24.522299333553732,48.637998274604094,1.5376187719719654,-0.008290421444024691,,,,,,,,,,,,0,,,-0.7826792389875252,-0.7453961283764321,-896.2131011347742,0.4209343998831868,7,,4,20,2,4,18,,,,,,,,,,,,,1,,,,,,,,,,,,,,,,,,,,,,
HfO2_x010,HfO2_x100_cLi24gaS4a_s02,HfO2,Li_24g,S_4a,0.25,compound_set,4,-0.7790266185758061,-0.16035579645538758,True,0.30656448236239814,2.963472050872283,0.6,2.2993959501799073,1.1004105544897818,,,,,,,,,,,,,,,,,,,,,,,,,,,,,,,,0,,,,,,0.44787052163287966,3,,4,20,2,4,18,,,,,,,,,,,,,1,,,,,,,,,,,,,,,,,,,,,,
HfO2_x010,HfO2_x100_cLi24gaS4a_s03,HfO2,Li_24g,S_4a,0.25,compound_set,4,-0.7613463411227674,-0.14231730570470838,True,0.4533046754341318,2.9738989433180625,0.55,0.8309998301240366,1.0924021016672005,,,,,,,,,,,,,,,,,,,,,,,,,,,,,,,,0,,,,,,0.41071053044636807,9,,4,20,2,4,18,,,,,,,,,,,,,1,,,,,,,,,,,,,,,,,,,,,,
HfO2_x010,HfO2_x100_cLi24gaS4a_s04,HfO2,Li_24g,S_4a,0.25,compound_set,4,-0.7400520954380494,-0.12885775163605304,True,0.3459529926353998,3.0177833830121132,0.4,1.8317951709808622,1.1129835036074718,,,,,,,,,,,,,,,,,,,,,,,,,,,,,,,,0,,,,,,0.3659547858564246,10,,4,20,2,4,18,,,,,,,,,,,,,1,,,,,,,,,,,,,,,,,,,,,,
HfO2_x010,HfO2_x100_cP4baS16e_s00,HfO2,P_4b,S_16e,0.25,compound_set,4,-0.6552761361387929,-0.1076823192240708,True,0.20581915983736784,2.877682835520868,0.44,1.2610393337392958,1.2078666715225206,,,,,,,,,,,,,,,,,,,,,,,,,,,,,,,,0,,,,,,0.18777466912714766,17,,4,25,2,3,18,,,,,,,,,,,,,1,,,,,,,,,,,,,,,,,,,,,,
HfO2_x010,HfO2_x100_cP4baS16e_s01,HfO2,P_4b,S_16e,0.25,compound_set,4,-0.655739928529091,-0.11440420369886652,True,0.1860942642403272,2.954753072204326,0.52,0.4685129045480782,1.0299895510792667,,,,,,,,,,,,,,,,,,,,,,,,,,,,,,,,0,,,,,,0.18874945706142227,16,,4,25,2,3,18,,,,,,,,,,,,,1,,,,,,,,,,,,,,,,,,,,,,
HfO2_x010,HfO2_x100_cP4baS16e_s02,HfO2,P_4b,S_16e,0.25,compound_set,4,-0.66846686039707,-0.16577936816812713,True,0.23571712191841235,2.9789075355679477,0.6,2.082623902516316,1.0066221730796967,,,,,,,,,,,,,,,,,,,,,,,,,,,,,,,,0,,,,,,0.2154986230347284,13,,4,25,2,3,18,,,,,,,,,,,,,1,,,,,,,,,,,,,,,,,,,,,,
HfO2_x010,HfO2_x100_cP4baS16e_s03,HfO2,P_4b,S_16e,0.25,compound_set,4,-0.6588863721656861,-0.17999216183140965,True,0.16882159843754235,2.888720530711881,0.44,1.08162684534028,1.0465846828610368,,,,,,,,,,,,,,,,,,,,,,,,,,,,,,,,0,,,,,,0.1953625782703677,15,,4,25,2,3,18,,,,,,,,,,,,,1,,,,,,,,,,,,,,,,,,,,,,
HfO2_x010,HfO2_x100_cP4baS16e_s04,HfO2,P_4b,S_16e,0.25,compound_set,4,-0.6748717742129622,-0.18324272606901934,True,0.2007290054689975,2.908518591548002,0.44,2.4174822261044433,1.049358804896508,1.007823196200662,0.16857750377056724,0.8249181149157857,0.136832,,-893.7153949308898,-4.35831243371664,-5.399894010248891,True,21.829514224969245,19.141317950266867,5.51101838734587,0.9997850019215279,True,OK,30.542942536107834,24.00611963173406,57.06715789080138,0.7859792684792584,0.18859604897085122,,,,,,,,,,,,0,,,-0.6748717742129622,-0.6685311826487843,-893.7153949308896,0.5156338140300704,2,,4,25,2,3,18,,,,,,,,,,,,,1,,,,,,,,,,,,,,,,,,,,,,
HfO2_x010,HfO2_x100_cP4baS4a_s00,HfO2,P_4b,S_4a,0.25,compound_set,4,-0.640395149565435,-0.09870565941762698,True,0.23897241916106848,2.849495710063771,0.44,0.5966105894691119,1.0315337226346861,,,,,,,,,,,,,,,,,,,,,,,,,,,,,,,,0,,,,,,0.15649816165256966,18,,4,25,2,3,18,,,,,,,,,,,,,1,,,,,,,,,,,,,,,,,,,,,,
HfO2_x010,HfO2_x100_cP4baS4a_s01,HfO2,P_4b,S_4a,0.25,compound_set,4,-0.6739140271417559,-0.21007707067048248,True,0.24543577020273225,2.8947013429235033,0.56,1.8241497450083088,1.0844545705778768,1.0171245619404083,0.11766749796184865,0.8672229444549636,0.137856,,-878.5724763477319,-4.352426696108206,-6.088003388742081,True,,,,0.9746982097894479,False,"r2=0.9747 / V0 / B0'=-18.71 unphysical (need r2>=0.95, 0<B0'<15)",23.36526866254627,21.910031001882324,50.07729941523209,0.9377179144960296,0.14279389679845422,,,,,,,,,,,,0,,,-0.6739140271417559,-0.6626454450403503,-878.5724763477316,0.2907667220154926,12,,4,25,2,3,18,,,,,,,,,,,,,1,,,,,,,,,,,,,,,,,,,,,,
HfO2_x010,HfO2_x100_cP4baS4a_s02,HfO2,P_4b,S_4a,0.25,compound_set,4,-0.6373034023049073,-0.2274738550213591,True,0.19934947467026679,2.796056835049732,0.48,0.5005751785245843,1.0550505460660105,,,,,,,,,,,,,,,,,,,,,,,,,,,,,,,,0,,,,,,0.15,20,,4,25,2,3,18,,,,,,,,,,,,,1,,,,,,,,,,,,,,,,,,,,,,
HfO2_x010,HfO2_x100_cP4baS4a_s03,HfO2,P_4b,S_4a,0.25,compound_set,4,-0.6377879934640149,-0.18040517553577198,True,0.18524314621468108,2.835228716082877,0.48,1.2332292447346196,1.0571713744601396,,,,,,,,,,,,,,,,,,,,,,,,,,,,,,,,0,,,,,,0.15101850229722524,19,,4,25,2,3,18,,,,,,,,,,,,,1,,,,,,,,,,,,,,,,,,,,,,
HfO2_x010,HfO2_x100_cP4baS4a_s04,HfO2,P_4b,S_4a,0.25,compound_set,4,-0.667304730727698,-0.15160676861248004,True,0.1580715836628968,2.8954414857491493,0.32,1.705653457057729,1.1740172978226644,,,,,,,,,,,,,,,,,,,,,,,,,,,,,,,,0,,,,,,0.21305608623709316,14,,4,25,2,3,18,,,,,,,,,,,,,1,,,,,,,,,,,,,,,,,,,,,,
In2O3_x002,In2O3_x020_cLi24gaS16e_s00,In2O3,Li_24g,S_16e,0.25,compound_set,4,-0.6308494110714244,-0.13344347093210404,True,0.3132087103758589,3.0863218827290932,0.8333333333333334,0.9073719872274243,1.0178125453998632,,,,,,,,,,,,,,,,,,,,,,,,,,,,,,,,0,,,,,,0.4272120897494661,4,,4,18,3,4,17,,,,,,,,,,,,,,2,,,,,,,,,,,,,,,,,,,,,
In2O3_x002,In2O3_x020_cLi24gaS16e_s01,In2O3,Li_24g,S_16e,0.25,compound_set,4,-0.6499597432397897,-0.11483446327788967,True,0.2512511702312695,3.061711223566902,0.7777777777777778,1.8280341141561103,1.1307713814903428,,,,,,,,,,,,,,,,,,,,,,,,,,,,,,,,0,,,,,,0.4905796529402201,3,,4,18,3,4,17,,,,,,,,,,,,,,2,,,,,,,,,,,,,,,,,,,,,
In2O3_x002,In2O3_x020_cLi24gaS16e_s02,In2O3,Li_24g,S_16e,0.25,compound_set,4,-0.6616643697530717,-0.09526666961541931,True,0.3459194371196366,3.2166019607630054,0.8333333333333334,2.2444884373922935,1.100533352960252,0.9881118436170335,0.09159470801604062,0.8976060278137398,0.154304,,-884.1513115571177,-4.357660854608018,-3.8912870483510504,True,14.276391851813075,21.377590628721098,5.7054270496768735,0.9999602522448591,True,OK,25.52991450466243,18.851849809384262,45.3845632094466,0.7384219718378384,0.20371644343502607,,,,,,,,,,,,0,,,-0.6616643697530717,-0.6678796775515075,-884.1513115571175,0.55,1,,4,18,3,4,17,,,,,,,,,,,,,,2,,,,,,,,,,,,,,,,,,,,,
In2O3_x002,In2O3_x020_cLi24gaS16e_s03,In2O3,Li_24g,S_16e,0.25,compound_set,4,-0.6215926408018291,-0.09664135312271217,True,0.1744290967314408,3.1344736272506335,0.8333333333333334,0.653512028606464,1.0642570833121032,,,,,,,,,,,,,,,,,,,,,,,,,,,,,,,,0,,,,,,0.39651775278907114,6,,4,18,3,4,17,,,,,,,,,,,,,,2,,,,,,,,,,,,,,,,,,,,,
In2O3_x002,In2O3_x020_cLi24gaS16e_s04,In2O3,Li_24g,S_16e,0.25,compound_set,4,-0.624757117560435,-0.016725269779271135,True,0.4374883739162507,3.1694069581484383,0.8888888888888888,0.4703349225214996,1.0220653241040634,,,,,,,,,,,,,,,,,,,,,,,,,,,,,,,,0,,,,,,0.40701077714887657,5,,4,18,3,4,17,,,,,,,,,,,,,,2,,,,,,,,,,,,,,,,,,,,,
In2O3_x002,In2O3_x020_cLi24gaS4a_s00,In2O3,Li_24g,S_4a,0.25,compound_set,4,-0.5570381338339176,-0.06444271919283456,True,0.3715065758734493,3.045700910705367,0.6111111111111112,0.7559419777071298,1.096635891351684,,,,,,,,,,,,,,,,,,,,,,,,,,,,,,,,0,,,,,,0.18246277124831697,7,,4,18,3,4,17,,,,,,,,,,,,,,2,,,,,,,,,,,,,,,,,,,,,
In2O3_x002,In2O3_x020_cLi24gaS4a_s01,In2O3,Li_24g,S_4a,0.25,compound_set,4,-0.5472480407575357,-0.11036598041041502,True,0.41026172042027403,3.0910223812678073,0.6666666666666666,1.2536803264594505,1.1020943949111586,,,,,,,,,,,,,,,,,,,,,,,,,,,,,,,,0,,,,,,0.15,10,,4,18,3,4,17,,,,,,,,,,,,,,2,,,,,,,,,,,,,,,,,,,,,
In2O3_x002,In2O3_x020_cLi24gaS4a_s02,In2O3,Li_24g,S_4a,0.25,compound_set,4,-0.5473108950402494,-0.09472988320986259,True,0.27011235612848816,2.9604121953662528,0.6111111111111112,1.5754350897960143,1.1654645055037942,,,,,,,,,,,,,,,,,,,,,,,,,,,,,,,,0,,,,,,0.150208417242389,9,,4,18,3,4,17,,,,,,,,,,,,,,2,,,,,,,,,,,,,,,,,,,,,
In2O3_x002,In2O3_x020_cLi24gaS4a_s03,In2O3,Li_24g,S_4a,0.25,compound_set,4,-0.5650283228201012,-0.1542157901692913,True,0.2413922813253768,2.9539021141023047,0.7222222222222222,2.353820166457786,1.0757414615281256,0.9980857002405151,0.11738868591770356,0.88092173145603,0.14368,,-887.3400082689998,-4.265022768041238,-4.500448718411526,True,11.206698201888269,21.169212615576438,13.394345573211677,0.9900843261227907,True,OK,24.69980030950083,19.295225709320682,45.92656078765904,0.7811895427307861,0.19010167280587764,,,,,,,,,,,,0,,,-0.5650283228201012,-0.575241590984727,-887.3400082689998,0.5428232459450146,2,,4,18,3,4,17,,,,,,,,,,,,,,2,,,,,,,,,,,,,,,,,,,,,
In2O3_x002,In2O3_x020_cLi24gaS4a_s04,In2O3,Li_24g,S_4a,0.25,compound_set,4,-0.5493309414986198,-0.14372113047348964,True,0.24855052453714033,3.054926867618899,0.6111111111111112,0.3422522554669255,1.1140010419945554,,,,,,,,,,,,,,,,,,,,,,,,,,,,,,,,0,,,,,,0.15690664836005333,8,,4,18,3,4,17,,,,,,,,,,,,,,2,,,,,,,,,,,,,,,,,,,,,
In2O3_x005,In2O3_x050_cLi24gaS16e_s00,In2O3,Li_24g,S_16e,0.25,compound_set,4,-0.6309290906549365,-0.1336617866945446,True,0.31279041312754197,3.0857604886158256,0.8333333333333334,0.9004142759199347,1.018591074422938,,,,,,,,,,,,,,,,,,,,,,,,,,,,,,,,0,,,,,,0.3612104372624053,3,,4,18,3,4,17,,,,,,,,,,,,,,2,,,,,,,,,,,,,,,,,,,,,
In2O3_x005,In2O3_x050_cLi24gaS16e_s01,In2O3,Li_24g,S_16e,0.25,compound_set,4,-0.6497648121071147,-0.11490940363767506,True,0.25408478285469954,3.0613379776053686,0.7777777777777778,1.8296044083166783,1.1294950675783468,,,,,,,,,,,,,,,,,,,,,,,,,,,,,,,,0,,,,,,0.4087813807776929,2,,4,18,3,4,17,,,,,,,,,,,,,,2,,,,,,,,,,,,,,,,,,,,,
In2O3_x005,In2O3_x050_cLi24gaS16e_s02,In2O3,Li_24g,S_16e,0.25,compound_set,4,-0.6617073880610591,-0.09539166231370584,True,0.3466730644501317,3.216565232838146,0.8333333333333334,2.236874078518829,1.1007345497724748,1.0115940996430874,0.10298731033371775,0.8866126351611775,0.14016,,-921.9521192314813,-4.395461634727768,-5.663859832788753,True,17.36330912424644,21.028020942171523,2.1995904573081724,0.9998122367175429,True,OK,22.452866095515546,15.264448117363333,37.33311249903222,0.6798440810374788,0.22287789941667582,,,,,,,,,,,,0,,,-0.6617073880610591,-0.7056803432900893,-921.9521192314812,0.85,1,,4,18,3,4,17,,,,,,,,,,,,,,2,,,,,,,,,,,,,,,,,,,,,
In2O3_x005,In2O3_x050_cLi24gaS16e_s03,In2O3,Li_24g,S_16e,0.25,compound_set,4,-0.6215927322795785,-0.09664331868633091,True,0.17443017041975586,3.1344687104030826,0.8333333333333334,0.6535480523044445,1.0642582106744491,,,,,,,,,,,,,,,,,,,,,,,,,,,,,,,,0,,,,,,0.3376308054420759,5,,4,18,3,4,17,,,,,,,,,,,,,,2,,,,,,,,,,,,,,,,,,,,,
In2O3_x005,In2O3_x050_cLi24gaS16e_s04,In2O3,Li_24g,S_16e,0.25,compound_set,4,-0.6249623708629497,-0.018617997013559696,True,0.436166313436384,3.168551769070744,0.8888888888888888,0.4796176597846069,1.0222804082561612,,,,,,,,,,,,,,,,,,,,,,,,,,,,,,,,0,,,,,,0.3461410654352205,4,,4,18,3,4,17,,,,,,,,,,,,,,2,,,,,,,,,,,,,,,,,,,,,
In2O3_x005,In2O3_x050_cLi24gaS4a_s00,In2O3,Li_24g,S_4a,0.25,compound_set,4,-0.557039010204011,-0.06444435935412703,True,0.37151931957739637,3.0457120887826665,0.6111111111111112,0.7562362911908229,1.0966355155826528,,,,,,,,,,,,,,,,,,,,,,,,,,,,,,,,0,,,,,,0.17459582563761109,7,,4,18,3,4,17,,,,,,,,,,,,,,2,,,,,,,,,,,,,,,,,,,,,
In2O3_x005,In2O3_x050_cLi24gaS4a_s01,In2O3,Li_24g,S_4a,0.25,compound_set,4,-0.5473002897506842,-0.11070835588301445,True,0.4107701971479481,3.090632159712582,0.6666666666666666,1.2641744692444723,1.1023695771822934,,,,,,,,,,,,,,,,,,,,,,,,,,,,,,,,0,,,,,,0.15,10,,4,18,3,4,17,,,,,,,,,,,,,,2,,,,,,,,,,,,,,,,,,,,,
In2O3_x005,In2O3_x050_cLi24gaS4a_s02,In2O3,Li_24g,S_4a,0.25,compound_set,4,-0.5473144197455633,-0.09474143688095013,True,0.27008737397347227,2.960406863059669,0.6111111111111112,1.5759079665438023,1.1654794745996175,,,,,,,,,,,,,,,,,,,,,,,,,,,,,,,,0,,,,,,0.1500356862990339,9,,4,18,3,4,17,,,,,,,,,,,,,,2,,,,,,,,,,,,,,,,,,,,,
In2O3_x005,In2O3_x050_cLi24gaS4a_s03,In2O3,Li_24g,S_4a,0.25,compound_set,4,-0.5647995037644473,-0.15412156086426682,True,0.23979949589491226,2.9548010347655533,0.7222222222222222,2.2975579050611756,1.07601422222781,0.9709673431931234,0.1116604127982502,0.8625487288385589,0.138944,,-915.0194156340034,-4.292702179161179,-1.170879211806437,True,15.17541466822159,22.17773777211242,2.4491717221423133,0.9979840543394525,True,OK,20.408307456698992,11.766889542231397,29.609906092998735,0.5765735138593737,0.258187475404129,,,,,,,,,,,,0,,,-0.5647995037644473,-0.6029208877234997,-915.0194156340033,0.29047374459051317,6,,4,18,3,4,17,,,,,,,,,,,,,,2,,,,,,,,,,,,,,,,,,,,,
In2O3_x005,In2O3_x050_cLi24gaS4a_s04,In2O3,Li_24g,S_4a,0.25,compound_set,4,-0.5493300843024937,-0.1437195756881255,True,0.24855163217581894,3.054931920417119,0.6111111111111112,0.3424784577568165,1.1139994063620615,,,,,,,,,,,,,,,,,,,,,,,,,,,,,,,,0,,,,,,0.15512638935635792,8,,4,18,3,4,17,,,,,,,,,,,,,,2,,,,,,,,,,,,,,,,,,,,,
In2O3_x010,In2O3_x100_cLi24gaS16e_s00,In2O3,Li_24g,S_16e,0.25,compound_set,4,-0.6308503836681587,-0.1334361997267659,True,0.3131989773942813,3.086356793877109,0.8333333333333334,0.9071259052803805,1.0178200758477052,,,,,,,,,,,,,,,,,,,,,,,,,,,,,,,,0,,,,,,0.44350302117043316,4,,4,18,3,4,17,,,,,,,,,,,,,,2,,,,,,,,,,,,,,,,,,,,,
In2O3_x010,In2O3_x100_cLi24gaS16e_s01,In2O3,Li_24g,S_16e,0.25,compound_set,4,-0.6498432340074944,-0.11491683964918267,True,0.2528804236906404,3.0610081659607933,0.7777777777777778,1.8301944806619372,1.1300492629834187,,,,,,,,,,,,,,,,,,,,,,,,,,,,,,,,0,,,,,,0.5100585894245265,3,,4,18,3,4,17,,,,,,,,,,,,,,2,,,,,,,,,,,,,,,,,,,,,
In2O3_x010,In2O3_x100_cLi24gaS16e_s02,In2O3,Li_24g,S_16e,0.25,compound_set,4,-0.6616685194685554,-0.09525799774650143,True,0.34616504385319813,3.216568635008187,0.8333333333333334,2.2382427391498516,1.1006115413084323,0.9819512427394845,0.10972904608098565,0.8742026695756425,0.13184,,-877.5129631855473,-4.351022480559303,-2.579117961481667,True,13.884430062576936,21.525746168467773,2.2725112570675323,0.9988736916346094,True,OK,15.573149486846008,14.240403171921564,32.741407544385204,0.9144202451758291,0.14959552581147753,,,,,,,,,,,,0,,,-0.6616685194685554,-0.6612412470258158,-877.5129631855472,0.55,2,,4,18,3,4,17,,,,,,,,,,,,,,2,,,,,,,,,,,,,,,,,,,,,
In2O3_x010,In2O3_x100_cLi24gaS16e_s03,In2O3,Li_24g,S_16e,0.25,compound_set,4,-0.6215157581963839,-0.09617953247849179,True,0.1735183279880583,3.1365195918078994,0.8333333333333334,0.6416532873816043,1.0640706544373055,,,,,,,,,,,,,,,,,,,,,,,,,,,,,,,,0,,,,,,0.41079222254815373,6,,4,18,3,4,17,,,,,,,,,,,,,,2,,,,,,,,,,,,,,,,,,,,,
In2O3_x010,In2O3_x100_cLi24gaS16e_s04,In2O3,Li_24g,S_16e,0.25,compound_set,4,-0.6249053733777354,-0.018016817058018896,True,0.4365606136115088,3.168816723704061,0.8888888888888888,0.48096346456674705,1.0222531266290718,,,,,,,,,,,,,,,,,,,,,,,,,,,,,,,,0,,,,,,0.4226702587842588,5,,4,18,3,4,17,,,,,,,,,,,,,,2,,,,,,,,,,,,,,,,,,,,,
In2O3_x010,In2O3_x100_cLi24gaS4a_s00,In2O3,Li_24g,S_4a,0.25,compound_set,4,-0.5570387134875028,-0.06444203683718229,True,0.3715130856159467,3.0456987240888598,0.6111111111111112,0.7560191365240347,1.0966354499024527,,,,,,,,,,,,,,,,,,,,,,,,,,,,,,,,0,,,,,,0.18484897162617261,7,,4,18,3,4,17,,,,,,,,,,,,,,2,,,,,,,,,,,,,,,,,,,,,
In2O3_x010,In2O3_x100_cLi24gaS4a_s01,In2O3,Li_24g,S_4a,0.25,compound_set,4,-0.5470939211893024,-0.10966646684675538,True,0.410063332280511,3.091930115347468,0.6666666666666666,1.2298933948743098,1.1012331720490263,,,,,,,,,,,,,,,,,,,,,,,,,,,,,,,,0,,,,,,0.15,10,,4,18,3,4,17,,,,,,,,,,,,,,2,,,,,,,,,,,,,,,,,,,,,
In2O3_x010,In2O3_x100_cLi24gaS4a_s02,In2O3,Li_24g,S_4a,0.25,compound_set,4,-0.5470974408356448,-0.09414720892152563,True,0.27384173982236854,2.96107396540072,0.6111111111111112,1.552098015228159,1.164665458277331,,,,,,,,,,,,,,,,,,,,,,,,,,,,,,,,0,,,,,,0.1500123336970589,9,,4,18,3,4,17,,,,,,,,,,,,,,2,,,,,,,,,,,,,,,,,,,,,
In2O3_x010,In2O3_x100_cLi24gaS4a_s03,In2O3,Li_24g,S_4a,0.25,compound_set,4,-0.5648148793281123,-0.15412696874337192,True,0.23990296008492373,2.954727682617184,0.7222222222222222,2.301167546588749,1.0759937651004694,0.975362033178009,0.16757380955925377,0.8119169015789107,0.135296,,-932.1949886163511,-4.309877793226959,-2.8925984752453413,True,16.730605554995105,21.514317107269775,1.7337018568776015,0.9997347284081028,True,OK,24.34903516823028,17.819675885014846,42.97530047365169,0.7318432028988688,0.20583844372251026,,,,,,,,,,,,0,,,-0.5648148793281123,-0.6200965596934718,-932.1949886163515,0.7058190057250288,1,,4,18,3,4,17,,,,,,,,,,,,,,2,,,,,,,,,,,,,,,,,,,,,
In2O3_x010,In2O3_x100_cLi24gaS4a_s04,In2O3,Li_24g,S_4a,0.25,compound_set,4,-0.549330800645992,-0.14372114809206632,True,0.24855028606049154,3.0549266680780556,0.6111111111111112,0.3422440258652525,1.1140023421415,,,,,,,,,,,,,,,,,,,,,,,,,,,,,,,,0,,,,,,0.15783856981421834,8,,4,18,3,4,17,,,,,,,,,,,,,,2,,,,,,,,,,,,,,,,,,,,,
La2O3_x002,La2O3_x020_cLi24gaS16e_s00,La2O3,Li_24g,S_16e,0.25,compound_set,4,-0.9165329392087473,-0.1449289859581451,True,0.32857980858977864,2.9987663622339453,0.7777777777777778,1.0747950991245454,1.0906770282602176,,,,,,,,,,,,,,,,,,,,,,,,,,,,,,,,0,,,,,,0.4465326839362098,6,,4,18,3,4,17,,,,,,,,,,,,,,,2,,,,,,,,,,,,,,,,,,,,
La2O3_x002,La2O3_x020_cLi24gaS16e_s01,La2O3,Li_24g,S_16e,0.25,compound_set,4,-0.917149332825681,-0.16709634960215003,True,0.22271100907117766,2.9856321807927944,0.6666666666666666,0.0782056900163489,1.048318950910758,1.0002692767571726,0.1282546731031369,0.8715105861421559,0.147456,,-938.7852281232724,-4.5955152370904875,-3.742112545811965,True,20.638757401042074,21.464277791867048,3.5870823703274692,0.9998722299793106,True,OK,29.190581620547924,20.133905558814618,49.11054992329458,0.6897397873237955,0.21959819916295348,,,,,,,,,,,,0,,,-0.917149332825681,-0.9057339860226321,-938.7852281232729,0.6427493916350989,3,,4,18,3,4,17,,,,,,,,,,,,,,,2,,,,,,,,,,,,,,,,,,,,
La2O3_x002,La2O3_x020_cLi24gaS16e_s02,La2O3,Li_24g,S_16e,0.25,compound_set,4,-0.9084069569446065,-0.0833748813079604,True,0.26128403180968696,2.985822320178091,0.7222222222222222,0.2846188257093311,1.094367537063519,,,,,,,,,,,,,,,,,,,,,,,,,,,,,,,,0,,,,,,0.4141564179811136,10,,4,18,3,4,17,,,,,,,,,,,,,,,2,,,,,,,,,,,,,,,,,,,,
La2O3_x002,La2O3_x020_cLi24gaS16e_s03,La2O3,Li_24g,S_16e,0.25,compound_set,4,-0.9127659926378504,-0.10029419121236541,True,0.2737604390204746,3.1125021921528293,0.6666666666666666,2.2672615603488615,1.129378968880794,,,,,,,,,,,,,,,,,,,,,,,,,,,,,,,,0,,,,,,0.4315240782004832,7,,4,18,3,4,17,,,,,,,,,,,,,,,2,,,,,,,,,,,,,,,,,,,,
La2O3_x002,La2O3_x020_cLi24gaS16e_s04,La2O3,Li_24g,S_16e,0.25,compound_set,4,-0.9095795930088872,-0.11108647337542657,True,0.273437780475978,3.057630464270317,0.7777777777777778,2.0041103096498882,1.0530291490842163,,,,,,,,,,,,,,,,,,,,,,,,,,,,,,,,0,,,,,,0.41882853955996924,9,,4,18,3,4,17,,,,,,,,,,,,,,,2,,,,,,,,,,,,,,,,,,,,
La2O3_x002,La2O3_x020_cLi24gaS4a_s00,La2O3,Li_24g,S_4a,0.25,compound_set,4,-0.8709375283992262,-0.15172626588242488,True,0.3287134419497115,2.956015521833169,0.6111111111111112,1.4713709773019736,1.0716533963444042,,,,,,,,,,,,,,,,,,,,,,,,,,,,,,,,0,,,,,,0.2648673665978626,14,,4,18,3,4,17,,,,,,,,,,,,,,,2,,,,,,,,,,,,,,,,,,,,
La2O3_x002,La2O3_x020_cLi24gaS4a_s01,La2O3,Li_24g,S_4a,0.25,compound_set,4,-0.8497742571840075,-0.060030144567715306,True,0.2959499175867149,3.0365495713432122,0.6111111111111112,1.806029529608757,1.032883465001346,,,,,,,,,,,,,,,,,,,,,,,,,,,,,,,,0,,,,,,0.1805467669372624,19,,4,18,3,4,17,,,,,,,,,,,,,,,2,,,,,,,,,,,,,,,,,,,,
La2O3_x002,La2O3_x020_cLi24gaS4a_s02,La2O3,Li_24g,S_4a,0.25,compound_set,4,-0.8782367825746018,-0.1784336254970192,True,0.2023872865123414,3.0101430395601345,0.5,1.7889794767420506,1.1347719897922215,,,,,,,,,,,,,,,,,,,,,,,,,,,,,,,,0,,,,,,0.2939497084949985,12,,4,18,3,4,17,,,,,,,,,,,,,,,2,,,,,,,,,,,,,,,,,,,,
La2O3_x002,La2O3_x020_cLi24gaS4a_s03,La2O3,Li_24g,S_4a,0.25,compound_set,4,-0.869074829773993,-0.1929349363503714,True,0.28269884941716933,2.877921393898517,0.6666666666666666,1.9854672213006295,1.0394314277145895,,,,,,,,,,,,,,,,,,,,,,,,,,,,,,,,0,,,,,,0.2574458359909261,16,,4,18,3,4,17,,,,,,,,,,,,,,,2,,,,,,,,,,,,,,,,,,,,
La2O3_x002,La2O3_x020_cLi24gaS4a_s04,La2O3,Li_24g,S_4a,0.25,compound_set,4,-0.886661567898372,-0.14087730336488147,True,0.18761303799836046,3.038816358835582,0.4444444444444444,1.1131606359452666,1.1729842771792938,1.0191730780736872,0.10599295933045777,0.876866173880359,0.129984,,-1094.9690200258583,-4.617811890255009,-5.300213023216597,True,22.315428199348126,21.143435835688212,1.559568350285002,0.9993854230098164,True,OK,27.851449115673347,20.78709726621458,49.937558898737414,0.7463560398556311,0.20116720144234107,,,,,,,,,,,,0,,,-0.886661567898372,-0.9280306391871536,-1094.9690200258585,0.7923428494365087,1,,4,18,3,4,17,,,,,,,,,,,,,,,2,,,,,,,,,,,,,,,,,,,,
La2O3_x002,La2O3_x020_chain_Cl_x200_cLi24gaS16e_s00,La2O3+Clrich,Li_24g,S_16e,0.25,compound_set_chain,4,-0.9173788472097044,-0.13797232886694571,True,0.29240015128728447,3.1076723559977393,0.6470588235294118,1.6233356468037543,1.1206392286920839,,,,,,,,,,,,,,,,,,,,,,,,,,,,,,,,0,,,,,,0.4499030263172642,5,,5,17,3,4,16,,,,,,,,,,,,,,,2,,,,,,,,,,,,,,,,,,,,
La2O3_x002,La2O3_x020_chain_Cl_x200_cLi24gaS16e_s01,La2O3+Clrich,Li_24g,S_16e,0.25,compound_set_chain,4,-0.9326486791101232,-0.19465857991452873,True,0.23546005491573202,3.1159715278518085,0.6470588235294118,1.805761966519986,1.0739422851743905,1.0020823343329435,0.08306116425170523,0.915029462529407,0.126848,,-973.1718803536951,-4.632283014983526,-5.967583623173158,True,,,,0.9881135424806734,False,"r2=0.9881 / V0 / B0'=16.94 unphysical (need r2>=0.95, 0<B0'<15)",27.288071198276096,19.812147870051227,47.854955123460805,0.7260369458176599,0.20771749326079156,,,,,,,,,,,,0,,,-0.9326486791101232,-0.9425017639156703,-973.1718803536946,0.6969991919871193,2,,5,17,3,4,16,,,,,,,,,,,,,,,2,,,,,,,,,,,,,,,,,,,,
La2O3_x002,La2O3_x020_chain_Cl_x200_cLi24gaS16e_s02,La2O3+Clrich,Li_24g,S_16e,0.25,compound_set_chain,4,-0.9096455918190642,-0.07038060916970278,True,0.2546195297415103,2.9969054560761497,0.6470588235294118,1.615045979009896,1.0872957691594354,,,,,,,,,,,,,,,,,,,,,,,,,,,,,,,,0,,,,,,0.4190914979275304,8,,5,17,3,4,16,,,,,,,,,,,,,,,2,,,,,,,,,,,,,,,,,,,,
La2O3_x002,La2O3_x020_chain_Cl_x200_cLi24gaS16e_s03,La2O3+Clrich,Li_24g,S_16e,0.25,compound_set_chain,4,-0.9038799078806345,-0.14229119256270972,True,0.08210595915225691,3.1812285970551306,0.7647058823529411,0.43363494098333977,1.1201190500887457,,,,,,,,,,,,,,,,,,,,,,,,,,,,,,,,0,,,,,,0.3961193438499381,11,,5,17,3,4,16,,,,,,,,,,,,,,,2,,,,,,,,,,,,,,,,,,,,
La2O3_x002,La2O3_x020_chain_Cl_x200_cLi24gaS16e_s04,La2O3+Clrich,Li_24g,S_16e,0.25,compound_set_chain,4,-0.9313107756856356,-0.14319689283513692,True,0.23450612188774045,3.0595526921836647,0.7058823529411765,1.3791928545362366,1.0767031699819918,,,,,,,,,,,,,,,,,,,,,,,,,,,,,,,,0,,,,,,0.5054118629036579,4,,5,17,3,4,16,,,,,,,,,,,,,,,2,,,,,,,,,,,,,,,,,,,,
La2O3_x002,La2O3_x020_chain_Cl_x200_cLi24gaS4a_s00,La2O3+Clrich,Li_24g,S_4a,0.25,compound_set_chain,4,-0.8574700344111585,-0.11047332314265663,True,0.38809491497799653,3.0674845732083873,0.47058823529411764,3.7540779544714598,1.0444484542100974,,,,,,,,,,,,,,,,,,,,,,,,,,,,,,,,0,,,,,,0.21120897147306827,18,,5,17,3,4,16,,,,,,,,,,,,,,,2,,,,,,,,,,,,,,,,,,,,
La2O3_x002,La2O3_x020_chain_Cl_x200_cLi24gaS4a_s01,La2O3+Clrich,Li_24g,S_4a,0.25,compound_set_chain,4,-0.9017445373111146,-0.15541706627366167,True,0.2796744191317704,2.9585464337144636,0.47058823529411764,0.7000474908935085,1.1496037253478109,0.9684323831856536,0.15887280611356489,0.8145748129377016,0.13504,,-1038.8249008040818,-4.558566894392998,-3.0689156956049164,True,10.941305578745645,22.066273389641815,6.358710204327441,0.9994241302436528,True,OK,22.456326435457346,19.7701305452539,45.85404365004419,0.8803813304939277,0.15967983987470688,,,,,,,,,,,,0,,,-0.9017445373111146,-0.8687856433251424,-1038.824900804082,0.25629363345414324,17,,5,17,3,4,16,,,,,,,,,,,,,,,2,,,,,,,,,,,,,,,,,,,,
La2O3_x002,La2O3_x020_chain_Cl_x200_cLi24gaS4a_s02,La2O3+Clrich,Li_24g,S_4a,0.25,compound_set_chain,4,-0.8421074531522112,-0.06647440578875768,True,0.2418950045550576,3.1250463143814833,0.47058823529411764,0.8131536970695813,1.0748716802359437,,,,,,,,,,,,,,,,,,,,,,,,,,,,,,,,0,,,,,,0.15,20,,5,17,3,4,16,,,,,,,,,,,,,,,2,,,,,,,,,,,,,,,,,,,,
La2O3_x002,La2O3_x020_chain_Cl_x200_cLi24gaS4a_s03,La2O3+Clrich,Li_24g,S_4a,0.25,compound_set_chain,4,-0.8719470323738641,-0.12615297709982068,True,0.29003163860108677,2.929705214431493,0.5882352941176471,1.7296261526537127,1.078417553164684,,,,,,,,,,,,,,,,,,,,,,,,,,,,,,,,0,,,,,,0.26888952270197225,13,,5,17,3,4,16,,,,,,,,,,,,,,,2,,,,,,,,,,,,,,,,,,,,
La2O3_x002,La2O3_x020_chain_Cl_x200_cLi24gaS4a_s04,La2O3+Clrich,Li_24g,S_4a,0.25,compound_set_chain,4,-0.8694921103015059,-0.13702811279511953,True,0.3248293980173018,3.0780952334135816,0.4117647058823529,0.8122881063504794,1.0285421995491897,,,,,,,,,,,,,,,,,,,,,,,,,,,,,,,,0,,,,,,0.2591084024225879,15,,5,17,3,4,16,,,,,,,,,,,,,,,2,,,,,,,,,,,,,,,,,,,,
La2O3_x005,La2O3_x050_cLi24gaS16e_s00,La2O3,Li_24g,S_16e,0.25,compound_set,4,-0.916444652943547,-0.14483141665070742,True,0.327859865950835,2.997805262510241,0.7777777777777778,1.070844482890751,1.090527745013253,,,,,,,,,,,,,,,,,,,,,,,,,,,,,,,,0,,,,,,0.4863226943878677,6,,4,18,3,4,17,,,,,,,,,,,,,,,2,,,,,,,,,,,,,,,,,,,,
La2O3_x005,La2O3_x050_cLi24gaS16e_s01,La2O3,Li_24g,S_16e,0.25,compound_set,4,-0.9171568344598922,-0.16712281568310047,True,0.2225482254229034,2.9856005391846128,0.6666666666666666,0.07889997879336952,1.0483286623712647,0.9688430652189484,0.11822762285714687,0.8542990526964804,0.153472,,-926.6725530107328,-4.583402526085164,-3.498082519243377,True,17.052029393584547,21.411457099596515,5.115834115094581,0.9999182912132657,True,OK,25.452014003299126,16.184239022951886,40.061400968603245,0.6358726276377996,0.23766711897265164,,,,,,,,,,,,0,,,-0.9171568344598922,-0.8936213394459167,-926.6725530107327,0.5586713845055611,2,,4,18,3,4,17,,,,,,,,,,,,,,,2,,,,,,,,,,,,,,,,,,,,
La2O3_x005,La2O3_x050_cLi24gaS16e_s02,La2O3,Li_24g,S_16e,0.25,compound_set,4,-0.9086544958750813,-0.08347872745072296,True,0.26087679702121525,2.983661336793981,0.7222222222222222,0.3133244680829887,1.0943236428932128,,,,,,,,,,,,,,,,,,,,,,,,,,,,,,,,0,,,,,,0.45295394721402027,10,,4,18,3,4,17,,,,,,,,,,,,,,,2,,,,,,,,,,,,,,,,,,,,
La2O3_x005,La2O3_x050_cLi24gaS16e_s03,La2O3,Li_24g,S_16e,0.25,compound_set,4,-0.9127760101353011,-0.10034352696571483,True,0.2738388980114788,3.112485062565085,0.6666666666666666,2.2660728547351803,1.129420021298392,,,,,,,,,,,,,,,,,,,,,,,,,,,,,,,,0,,,,,,0.4706082468788365,7,,4,18,3,4,17,,,,,,,,,,,,,,,2,,,,,,,,,,,,,,,,,,,,
La2O3_x005,La2O3_x050_cLi24gaS16e_s04,La2O3,Li_24g,S_16e,0.25,compound_set,4,-0.9095795799090829,-0.1110861849319565,True,0.273437658087426,3.057630647338397,0.7777777777777778,2.0040604036188023,1.053029060199866,,,,,,,,,,,,,,,,,,,,,,,,,,,,,,,,0,,,,,,0.45691649828633674,9,,4,18,3,4,17,,,,,,,,,,,,,,,2,,,,,,,,,,,,,,,,,,,,
La2O3_x005,La2O3_x050_cLi24gaS4a_s00,La2O3,Li_24g,S_4a,0.25,compound_set,4,-0.8707881826561414,-0.15127890417722756,True,0.3309403857641935,2.955995594748307,0.6111111111111112,1.446412069577304,1.0704733235315247,,,,,,,,,,,,,,,,,,,,,,,,,,,,,,,,0,,,,,,0.2907554933056485,15,,4,18,3,4,17,,,,,,,,,,,,,,,2,,,,,,,,,,,,,,,,,,,,
La2O3_x005,La2O3_x050_cLi24gaS4a_s01,La2O3,Li_24g,S_4a,0.25,compound_set,4,-0.8497744471269173,-0.06003291298903172,True,0.2959497630056739,3.0365496187293797,0.6111111111111112,1.8060235600305052,1.0328837850088888,,,,,,,,,,,,,,,,,,,,,,,,,,,,,,,,0,,,,,,0.20074421087705502,19,,4,18,3,4,17,,,,,,,,,,,,,,,2,,,,,,,,,,,,,,,,,,,,
La2O3_x005,La2O3_x050_cLi24gaS4a_s02,La2O3,Li_24g,S_4a,0.25,compound_set,4,-0.8782352586094935,-0.17842220513647183,True,0.20240630471199722,3.010140928841916,0.5,1.7888828129416194,1.1347676353798826,,,,,,,,,,,,,,,,,,,,,,,,,,,,,,,,0,,,,,,0.3226546697263344,13,,4,18,3,4,17,,,,,,,,,,,,,,,2,,,,,,,,,,,,,,,,,,,,
La2O3_x005,La2O3_x050_cLi24gaS4a_s03,La2O3,Li_24g,S_4a,0.25,compound_set,4,-0.8685189482848634,-0.19435313281511896,True,0.2820250588833207,2.8730812136920867,0.6666666666666666,1.9012953631926377,1.039669503799751,,,,,,,,,,,,,,,,,,,,,,,,,,,,,,,,0,,,,,,0.28103534166456046,17,,4,18,3,4,17,,,,,,,,,,,,,,,2,,,,,,,,,,,,,,,,,,,,
La2O3_x005,La2O3_x050_cLi24gaS4a_s04,La2O3,Li_24g,S_4a,0.25,compound_set,4,-0.8866608173951369,-0.14087624713614635,True,0.18761318111614408,3.038821189868598,0.4444444444444444,1.1132946593278834,1.1729727007603683,0.9765127777307211,0.10630772885345906,0.8727019221337855,0.143104,,-1047.8539414011,-4.57069686331586,-2.7920888551783665,True,16.92361472323166,21.62034348593818,12.553860002466031,0.9993986150178665,True,OK,25.52746182862686,19.668794978648155,46.9485121687217,0.7704955201065579,0.19347708437877303,,,,,,,,,,,,0,,,-0.8866608173951369,-0.880915676676612,-1047.8539414010997,0.6067051779948152,1,,4,18,3,4,17,,,,,,,,,,,,,,,2,,,,,,,,,,,,,,,,,,,,
La2O3_x005,La2O3_x050_chain_Cl_x200_cLi24gaS16e_s00,La2O3+Clrich,Li_24g,S_16e,0.25,compound_set_chain,4,-0.9174477228624212,-0.1382921307918683,True,0.2931753451790951,3.1072029089890085,0.6470588235294118,1.6372315238686228,1.1212857121665243,,,,,,,,,,,,,,,,,,,,,,,,,,,,,,,,0,,,,,,0.49061929408751837,5,,5,17,3,4,16,,,,,,,,,,,,,,,2,,,,,,,,,,,,,,,,,,,,
La2O3_x005,La2O3_x050_chain_Cl_x200_cLi24gaS16e_s01,La2O3+Clrich,Li_24g,S_16e,0.25,compound_set_chain,4,-0.9327520298811822,-0.19482753878244463,True,0.23587052869296396,3.1157271033440237,0.6470588235294118,1.7717335271836034,1.075090418386143,0.9803887516674452,0.11910560243511596,0.8636189587794829,0.147968,,-957.2993739040843,-4.616410529625479,-5.4582960062919925,True,14.888806424631992,21.425221908129974,2.967097237397865,0.9998125048903431,True,OK,18.03909543792149,11.584951309158665,28.626702055122493,0.6422135383132888,0.23551240273626367,,,,,,,,,,,,0,,,-0.9327520298811822,-0.9266293429862311,-957.299373904085,0.5299483034855361,4,,5,17,3,4,16,,,,,,,,,,,,,,,2,,,,,,,,,,,,,,,,,,,,
La2O3_x005,La2O3_x050_chain_Cl_x200_cLi24gaS16e_s02,La2O3+Clrich,Li_24g,S_16e,0.25,compound_set_chain,4,-0.9098155353652939,-0.07048851053484471,True,0.25123695783878636,2.995664819745844,0.6470588235294118,1.6180334513946302,1.0876862972482009,,,,,,,,,,,,,,,,,,,,,,,,,,,,,,,,0,,,,,,0.45792720165128775,8,,5,17,3,4,16,,,,,,,,,,,,,,,2,,,,,,,,,,,,,,,,,,,,
La2O3_x005,La2O3_x050_chain_Cl_x200_cLi24gaS16e_s03,La2O3+Clrich,Li_24g,S_16e,0.25,compound_set_chain,4,-0.9038815109782354,-0.14229764657384408,True,0.0821053355835255,3.181240091921937,0.7647058823529411,0.4336738520964505,1.1201097234850836,,,,,,,,,,,,,,,,,,,,,,,,,,,,,,,,0,,,,,,0.4325091057445005,12,,5,17,3,4,16,,,,,,,,,,,,,,,2,,,,,,,,,,,,,,,,,,,,
La2O3_x005,La2O3_x050_chain_Cl_x200_cLi24gaS16e_s04,La2O3+Clrich,Li_24g,S_16e,0.25,compound_set_chain,4,-0.9313105455654909,-0.14319762145839135,True,0.23450871042761798,3.0595495065286524,0.7058823529411765,1.3791943168599006,1.0767055135538879,,,,,,,,,,,,,,,,,,,,,,,,,,,,,,,,0,,,,,,0.55,3,,5,17,3,4,16,,,,,,,,,,,,,,,2,,,,,,,,,,,,,,,,,,,,
La2O3_x005,La2O3_x050_chain_Cl_x200_cLi24gaS4a_s00,La2O3+Clrich,Li_24g,S_4a,0.25,compound_set_chain,4,-0.8576388596533948,-0.11169397050744342,True,0.38541502405259936,3.0654809871075375,0.47058823529411764,3.7801772984575335,1.0450895546251717,,,,,,,,,,,,,,,,,,,,,,,,,,,,,,,,0,,,,,,0.23443102758183687,18,,5,17,3,4,16,,,,,,,,,,,,,,,2,,,,,,,,,,,,,,,,,,,,
La2O3_x005,La2O3_x050_chain_Cl_x200_cLi24gaS4a_s01,La2O3+Clrich,Li_24g,S_4a,0.25,compound_set_chain,4,-0.9017803961522435,-0.15589215050950586,True,0.27955867954513564,2.958556686781593,0.47058823529411764,0.699690766524065,1.1495637184671594,0.9791838883310011,0.08819378894108924,0.8928259511490217,0.138496,,-1007.9670374470322,-4.52770905855649,-1.443541502334607,True,16.382192577837714,22.449599232483113,2.799646479622186,0.9996637538418389,True,OK,29.887233835705523,19.86809051636939,48.7923906861735,0.6647684635382175,0.22790840533903547,,,,,,,,,,,,0,,,-0.9017803961522435,-0.8379278719172425,-1007.9670374470329,0.44999999999999996,11,,5,17,3,4,16,,,,,,,,,,,,,,,2,,,,,,,,,,,,,,,,,,,,
La2O3_x005,La2O3_x050_chain_Cl_x200_cLi24gaS4a_s02,La2O3+Clrich,Li_24g,S_4a,0.25,compound_set_chain,4,-0.8415890258319263,-0.06801694488536057,True,0.2432814786399775,3.1236752860132575,0.47058823529411764,0.7853602331348637,1.0741448669469178,,,,,,,,,,,,,,,,,,,,,,,,,,,,,,,,0,,,,,,0.16568236920898002,20,,5,17,3,4,16,,,,,,,,,,,,,,,2,,,,,,,,,,,,,,,,,,,,
La2O3_x005,La2O3_x050_chain_Cl_x200_cLi24gaS4a_s03,La2O3+Clrich,Li_24g,S_4a,0.25,compound_set_chain,4,-0.8719482643389092,-0.1261577381326042,True,0.29002949961429747,2.9297088830920948,0.5882352941176471,1.729844735328217,1.0784191570383839,,,,,,,,,,,,,,,,,,,,,,,,,,,,,,,,0,,,,,,0.29572464502275386,14,,5,17,3,4,16,,,,,,,,,,,,,,,2,,,,,,,,,,,,,,,,,,,,
La2O3_x005,La2O3_x050_chain_Cl_x200_cLi24gaS4a_s04,La2O3+Clrich,Li_24g,S_4a,0.25,compound_set_chain,4,-0.8694921970059624,-0.13702831808605176,True,0.32482999846141525,3.0780951428488272,0.4117647058823529,0.8122699779654232,1.0285420885980658,,,,,,,,,,,,,,,,,,,,,,,,,,,,,,,,0,,,,,,0.28520420375889266,16,,5,17,3,4,16,,,,,,,,,,,,,,,2,,,,,,,,,,,,,,,,,,,,
La2O3_x010,La2O3_x100_cLi24gaS16e_s00,La2O3,Li_24g,S_16e,0.25,compound_set,4,-0.9164132413720121,-0.14482972683605236,True,0.32790297073042063,2.997928702479266,0.7777777777777778,1.0721587052040733,1.0905135649900268,,,,,,,,,,,,,,,,,,,,,,,,,,,,,,,,0,,,,,,0.4835826640048151,6,,4,18,3,4,17,,,,,,,,,,,,,,,2,,,,,,,,,,,,,,,,,,,,
La2O3_x010,La2O3_x100_cLi24gaS16e_s01,La2O3,Li_24g,S_16e,0.25,compound_set,4,-0.9171524519213023,-0.16710640889569234,True,0.2226445389682778,2.98561733886742,0.6666666666666666,0.07855009665701078,1.048326609548176,0.9770441423200238,0.06008670166829113,0.9183367824236892,0.136896,,-917.8515637614547,-4.574581536615007,-8.127786139119149,True,17.040465872963054,20.363777620347076,3.738326781354564,0.9998368316020125,True,OK,28.138741959982518,22.525421388082478,53.34248466843539,0.8005127386333398,0.18405076090290778,,,,,,,,,,,,0,,,-0.9171524519213023,-0.8848003218392155,-917.8515637614546,0.6426454549855298,1,,4,18,3,4,17,,,,,,,,,,,,,,,2,,,,,,,,,,,,,,,,,,,,
La2O3_x010,La2O3_x100_cLi24gaS16e_s02,La2O3,Li_24g,S_16e,0.25,compound_set,4,-0.908601631242115,-0.08368581478751282,True,0.26094307305044084,2.9842875697955393,0.7222222222222222,0.3157881062342839,1.0945679039393172,,,,,,,,,,,,,,,,,,,,,,,,,,,,,,,,0,,,,,,0.44875682235762704,10,,4,18,3,4,17,,,,,,,,,,,,,,,2,,,,,,,,,,,,,,,,,,,,
La2O3_x010,La2O3_x100_cLi24gaS16e_s03,La2O3,Li_24g,S_16e,0.25,compound_set,4,-0.9128294287277163,-0.10055481146999369,True,0.27399721384619674,3.1125310699559665,0.6666666666666666,2.262049394445973,1.1295406782075335,,,,,,,,,,,,,,,,,,,,,,,,,,,,,,,,0,,,,,,0.4676052547936518,7,,4,18,3,4,17,,,,,,,,,,,,,,,2,,,,,,,,,,,,,,,,,,,,
La2O3_x010,La2O3_x100_cLi24gaS16e_s04,La2O3,Li_24g,S_16e,0.25,compound_set,4,-0.9095170535462365,-0.1110477688112723,True,0.27370062881980034,3.0579400952482945,0.7777777777777778,1.9844695837794728,1.0527844915959983,,,,,,,,,,,,,,,,,,,,,,,,,,,,,,,,0,,,,,,0.4528379722964372,8,,4,18,3,4,17,,,,,,,,,,,,,,,2,,,,,,,,,,,,,,,,,,,,
La2O3_x010,La2O3_x100_cLi24gaS4a_s00,La2O3,Li_24g,S_4a,0.25,compound_set,4,-0.8707885807602049,-0.15127990700019694,True,0.33093603156037343,2.9559923541473414,0.6111111111111112,1.446467011385797,1.0704763209586345,,,,,,,,,,,,,,,,,,,,,,,,,,,,,,,,0,,,,,,0.28017809321187553,14,,4,18,3,4,17,,,,,,,,,,,,,,,2,,,,,,,,,,,,,,,,,,,,
La2O3_x010,La2O3_x100_cLi24gaS4a_s01,La2O3,Li_24g,S_4a,0.25,compound_set,4,-0.8497752603172164,-0.06002560670569344,True,0.2959270434691797,3.0365329802102825,0.6111111111111112,1.8061068567144738,1.0328848143364602,,,,,,,,,,,,,,,,,,,,,,,,,,,,,,,,0,,,,,,0.18649618153680064,18,,4,18,3,4,17,,,,,,,,,,,,,,,2,,,,,,,,,,,,,,,,,,,,
La2O3_x010,La2O3_x100_cLi24gaS4a_s02,La2O3,Li_24g,S_4a,0.25,compound_set,4,-0.8782360488836312,-0.17842802434952187,True,0.20239667346784002,3.0101408067506914,0.5,1.7889236116132599,1.1347695195904342,,,,,,,,,,,,,,,,,,,,,,,,,,,,,,,,0,,,,,,0.3133805113082764,12,,4,18,3,4,17,,,,,,,,,,,,,,,2,,,,,,,,,,,,,,,,,,,,
La2O3_x010,La2O3_x100_cLi24gaS4a_s03,La2O3,Li_24g,S_4a,0.25,compound_set,4,-0.8690728940613153,-0.1929384558708734,True,0.28270447410719957,2.877909745028982,0.6666666666666666,1.9851160509243357,1.0394306938903397,,,,,,,,,,,,,,,,,,,,,,,,,,,,,,,,0,,,,,,0.27252919211489957,16,,4,18,3,4,17,,,,,,,,,,,,,,,2,,,,,,,,,,,,,,,,,,,,
La2O3_x010,La2O3_x100_cLi24gaS4a_s04,La2O3,Li_24g,S_4a,0.25,compound_set,4,-0.8866611834717939,-0.14087682223997725,True,0.1876134967494927,3.0388188480274003,0.4444444444444444,1.1132266400236284,1.1729784055836818,1.0071163655471929,0.09091364904203647,0.902616960170583,0.128128,,-1073.2250211347357,-4.596067918311084,-3.4202807557730988,True,16.616087655705368,21.61068353230013,10.596564388185666,0.9994038225957489,True,OK,25.402878174222483,20.003616479750818,47.533914284947585,0.7874547262935523,0.18813301417433786,,,,,,,,,,,,0,,,-0.8866611834717939,-0.9062867035352924,-1073.2250211347357,0.5636935579605828,2,,4,18,3,4,17,,,,,,,,,,,,,,,2,,,,,,,,,,,,,,,,,,,,
La2O3_x010,La2O3_x100_chain_Cl_x200_cLi24gaS16e_s00,La2O3+Clrich,Li_24g,S_16e,0.25,compound_set_chain,4,-0.9173785170499609,-0.1379695703579826,True,0.2923951887557382,3.1076778418838003,0.6470588235294118,1.6232896778498405,1.1206363235979635,,,,,,,,,,,,,,,,,,,,,,,,,,,,,,,,0,,,,,,0.48788607102937553,5,,5,17,3,4,16,,,,,,,,,,,,,,,2,,,,,,,,,,,,,,,,,,,,
La2O3_x010,La2O3_x100_chain_Cl_x200_cLi24gaS16e_s01,La2O3+Clrich,Li_24g,S_16e,0.25,compound_set_chain,4,-0.9325671339134494,-0.1945166618001491,True,0.23534188293985622,3.116272736614217,0.6470588235294118,1.8313094290571166,1.0730819660471864,0.9742807589164739,0.11430233318151602,0.8629181949984628,0.140928,,-959.7694182323121,-4.618880556133027,-3.1105689751455916,True,,,,0.9936150952486646,False,"r2=0.9936 / V0 / B0'=-15.35 unphysical (need r2>=0.95, 0<B0'<15)",23.568623592640847,18.48154212259925,43.95531230022672,0.784158737567093,0.18916787378035174,,,,,,,,,,,,0,,,-0.9325671339134494,-0.9290993413572353,-959.7694182323115,0.5577399160528066,3,,5,17,3,4,16,,,,,,,,,,,,,,,2,,,,,,,,,,,,,,,,,,,,
La2O3_x010,La2O3_x100_chain_Cl_x200_cLi24gaS16e_s02,La2O3+Clrich,Li_24g,S_16e,0.25,compound_set_chain,4,-0.9094674664382496,-0.07025580353205772,True,0.25790452794748575,2.996997311128164,0.6470588235294118,1.6104620555007425,1.0869311460794684,,,,,,,,,,,,,,,,,,,,,,,,,,,,,,,,0,,,,,,0.45261690228119367,9,,5,17,3,4,16,,,,,,,,,,,,,,,2,,,,,,,,,,,,,,,,,,,,
La2O3_x010,La2O3_x100_chain_Cl_x200_cLi24gaS16e_s03,La2O3+Clrich,Li_24g,S_16e,0.25,compound_set_chain,4,-0.9038799106743336,-0.14227716732360787,True,0.08209451610735687,3.1812381622324213,0.7647058823529411,0.43428032800723515,1.120139856733238,,,,,,,,,,,,,,,,,,,,,,,,,,,,,,,,0,,,,,,0.42770637436272785,11,,5,17,3,4,16,,,,,,,,,,,,,,,2,,,,,,,,,,,,,,,,,,,,
La2O3_x010,La2O3_x100_chain_Cl_x200_cLi24gaS16e_s04,La2O3+Clrich,Li_24g,S_16e,0.25,compound_set_chain,4,-0.9313109813869374,-0.14319718555762115,True,0.2345097244810102,3.059551119304065,0.7058823529411765,1.3791608740024226,1.0767046870439765,,,,,,,,,,,,,,,,,,,,,,,,,,,,,,,,0,,,,,,0.55,4,,5,17,3,4,16,,,,,,,,,,,,,,,2,,,,,,,,,,,,,,,,,,,,
La2O3_x010,La2O3_x100_chain_Cl_x200_cLi24gaS4a_s00,La2O3+Clrich,Li_24g,S_4a,0.25,compound_set_chain,4,-0.8576420721734634,-0.11171416103992263,True,0.3853660761762394,3.0654493831981178,0.47058823529411764,3.78114513668456,1.0450976023708596,,,,,,,,,,,,,,,,,,,,,,,,,,,,,,,,0,,,,,,0.22156812437805082,17,,5,17,3,4,16,,,,,,,,,,,,,,,2,,,,,,,,,,,,,,,,,,,,
La2O3_x010,La2O3_x100_chain_Cl_x200_cLi24gaS4a_s01,La2O3+Clrich,Li_24g,S_4a,0.25,compound_set_chain,4,-0.901779867570434,-0.1559029381162027,True,0.279546389885106,2.9585655005879206,0.47058823529411764,0.6997863501943838,1.1495630953453424,0.9269306450188274,0.1561213162863013,0.7822170126123777,0.139264,,-1017.9802148285995,-4.537722141871941,-2.894600250856617,True,15.301364226644283,22.068094882620496,2.8659781213599644,0.9995519653794603,True,OK,23.223956564422025,18.241918002954808,43.370280158401556,0.7854784757434717,0.1887532920435363,,,,,,,,,,,,0,,,-0.901779867570434,-0.84794092709615,-1017.9802148285991,0.17831832867128944,19,,5,17,3,4,16,,,,,,,,,,,,,,,2,,,,,,,,,,,,,,,,,,,,
La2O3_x010,La2O3_x100_chain_Cl_x200_cLi24gaS4a_s02,La2O3+Clrich,Li_24g,S_4a,0.25,compound_set_chain,4,-0.8415889846118465,-0.06801603073285391,True,0.24328504816344926,3.1236816926050737,0.47058823529411764,0.7853494625583827,1.0741436916035647,,,,,,,,,,,,,,,,,,,,,,,,,,,,,,,,0,,,,,,0.15,20,,5,17,3,4,16,,,,,,,,,,,,,,,2,,,,,,,,,,,,,,,,,,,,
La2O3_x010,La2O3_x100_chain_Cl_x200_cLi24gaS4a_s03,La2O3+Clrich,Li_24g,S_4a,0.25,compound_set_chain,4,-0.8719501931497606,-0.12616373682107077,True,0.29003205214424016,2.929716537630324,0.5882352941176471,1.7301307016571144,1.0784224810335514,,,,,,,,,,,,,,,,,,,,,,,,,,,,,,,,0,,,,,,0.28535681161453236,13,,5,17,3,4,16,,,,,,,,,,,,,,,2,,,,,,,,,,,,,,,,,,,,
La2O3_x010,La2O3_x100_chain_Cl_x200_cLi24gaS4a_s04,La2O3+Clrich,Li_24g,S_4a,0.25,compound_set_chain,4,-0.86949127292915,-0.1370254903304177,True,0.3248245243882367,3.0780929207485848,0.4117647058823529,0.8123208655605223,1.0285384993324018,,,,,,,,,,,,,,,,,,,,,,,,,,,,,,,,0,,,,,,0.27439441528367703,15,,5,17,3,4,16,,,,,,,,,,,,,,,2,,,,,,,,,,,,,,,,,,,,
LaF3_x002,LaF3_x020_s00,LaF3,Li_24g,Cl_4d,0.25,compound_set,4,-0.7093181434266906,-0.19664455904221706,True,0.30144613513203466,2.9481056074402736,0.5714285714285714,2.9373602378103407,1.072237135644395,0.972569406128026,0.07484847232773857,0.8997740718466473,0.148672,,-705.9536838205503,-4.415756350871335,-5.882476564964327,True,19.60490391789872,20.0711421838362,8.683798931791598,0.9984334433310675,True,OK,25.181377478802254,18.124449662996895,43.852350328909566,0.7197560847596245,0.20975674142644646,,,,,,,,,,,,0,,,-0.7093181434266906,-0.7259751348722157,-705.95368382055,0.7000000000000001,1,,1,21,,4,20,,3,,,,,,,,,,,,,1,,,,,,,,,,,,,,,,,,,,
LaF3_x002,LaF3_x020_s01,LaF3,Li_24g,Cl_4d,0.25,compound_set,4,-0.6899294260526165,-0.18517382013698896,True,0.2985872971600891,2.920182983869369,0.8571428571428571,2.6631170094420877,1.0443240558248224,,,,,,,,,,,,,,,,,,,,,,,,,,,,,,,,0,,,,,,0.4103659299007737,3,,1,21,,4,20,,3,,,,,,,,,,,,,1,,,,,,,,,,,,,,,,,,,,
LaF3_x002,LaF3_x020_s02,LaF3,Li_24g,Cl_4d,0.25,compound_set,4,-0.7007404919288636,-0.20474939686933122,True,0.2210531827502501,2.899536268853072,0.6666666666666666,1.508998498678072,1.098361785461718,,,,,,,,,,,,,,,,,,,,,,,,,,,,,,,,0,,,,,,0.497234883637251,2,,1,21,,4,20,,3,,,,,,,,,,,,,1,,,,,,,,,,,,,,,,,,,,
LaF3_x002,LaF3_x020_s03,LaF3,Li_24g,Cl_4d,0.25,compound_set,4,-0.6795604269706326,-0.25095462318545614,True,0.20899170837720668,2.853409660318051,0.6666666666666666,0.6653327936471867,1.0385788580249016,,,,,,,,,,,,,,,,,,,,,,,,,,,,,,,,0,,,,,,0.32704906624855384,4,,1,21,,4,20,,3,,,,,,,,,,,,,1,,,,,,,,,,,,,,,,,,,,
LaF3_x002,LaF3_x020_s04,LaF3,Li_24g,Cl_4d,0.25,compound_set,4,-0.6761941007456018,-0.15247735248847644,True,0.22672683508559116,2.898803472204057,0.9047619047619048,1.3684362012438591,1.0237983738548657,,,,,,,,,,,,,,,,,,,,,,,,,,,,,,,,0,,,,,,0.3,5,,1,21,,4,20,,3,,,,,,,,,,,,,1,,,,,,,,,,,,,,,,,,,,
LaF3_x005,LaF3_x050_s00,LaF3,Li_24g,Cl_4d,0.25,compound_set,4,-0.7093254112101999,-0.1966558161374134,True,0.3013585654144985,2.948074351099201,0.5714285714285714,2.9379072196153624,1.072226482571045,0.97534562580181,0.09938167957817423,0.8784141393404007,0.148864,,-712.1150722604801,-4.421917738145026,-6.916493177869361,True,21.712433369384243,20.09657120772801,1.8087525465423917,0.999851030662574,True,OK,26.224245000873807,14.573918623151801,36.88829550035716,0.5557421623641096,0.26555857948037515,,,,,,,,,,,,0,,,-0.7093254112101999,-0.7321363951236819,-712.1150722604806,0.7000000000000001,1,,1,21,,4,20,,3,,,,,,,,,,,,,1,,,,,,,,,,,,,,,,,,,,
LaF3_x005,LaF3_x050_s01,LaF3,Li_24g,Cl_4d,0.25,compound_set,4,-0.6897914957631892,-0.18459549988566104,True,0.2988677503051095,2.921455937399952,0.8571428571428571,2.646921889515857,1.0442708085246102,,,,,,,,,,,,,,,,,,,,,,,,,,,,,,,,0,,,,,,0.3959214628733404,3,,1,21,,4,20,,3,,,,,,,,,,,,,1,,,,,,,,,,,,,,,,,,,,
LaF3_x005,LaF3_x050_s02,LaF3,Li_24g,Cl_4d,0.25,compound_set,4,-0.7007554358998602,-0.20477486006732157,True,0.22105348285856233,2.89950121907663,0.6666666666666666,1.5087251786207625,1.0984576406689925,,,,,,,,,,,,,,,,,,,,,,,,,,,,,,,,0,,,,,,0.4746534690477058,2,,1,21,,4,20,,3,,,,,,,,,,,,,1,,,,,,,,,,,,,,,,,,,,
LaF3_x005,LaF3_x050_s03,LaF3,Li_24g,Cl_4d,0.25,compound_set,4,-0.6795301140689576,-0.25083823965191393,True,0.20903492259521778,2.8532011189208206,0.6666666666666666,0.6681724435768466,1.0385664494262263,,,,,,,,,,,,,,,,,,,,,,,,,,,,,,,,0,,,,,,0.3222345258017314,4,,1,21,,4,20,,3,,,,,,,,,,,,,1,,,,,,,,,,,,,,,,,,,,
LaF3_x005,LaF3_x050_s04,LaF3,Li_24g,Cl_4d,0.25,compound_set,4,-0.6764338128097522,-0.1538264471460207,True,0.22361753840547685,2.895438238048474,0.9047619047619048,1.3534176665983355,1.022331107026477,,,,,,,,,,,,,,,,,,,,,,,,,,,,,,,,0,,,,,,0.3,5,,1,21,,4,20,,3,,,,,,,,,,,,,1,,,,,,,,,,,,,,,,,,,,
LaF3_x010,LaF3_x100_s00,LaF3,Li_24g,Cl_4d,0.25,compound_set,4,-0.7093153879456073,-0.19664095629206127,True,0.30148022844272215,2.948120102475127,0.5714285714285714,2.9372121508757347,1.0722372200697685,0.9627507288798645,0.10353432459143996,0.8630729824153711,0.147072,,-703.7107988893598,-4.413513455762056,-8.007783908230255,True,,,,0.9983350908278988,False,"r2=0.9983 / V0 / B0'=-1.67 unphysical (need r2>=0.95, 0<B0'<15)",25.846887229815916,16.46063605139013,40.73460607234141,0.6368517765807331,0.23733390207911495,,,,,,,,,,,,0,,,-0.7093153879456073,-0.7237321516833202,-703.7107988893596,0.7000000000000001,1,,1,21,,4,20,,3,,,,,,,,,,,,,1,,,,,,,,,,,,,,,,,,,,
LaF3_x010,LaF3_x100_s01,LaF3,Li_24g,Cl_4d,0.25,compound_set,4,-0.6897937879862681,-0.18460398910165685,True,0.29886374295692386,2.921437335247904,0.8571428571428571,2.6471494474369264,1.044271936720699,,,,,,,,,,,,,,,,,,,,,,,,,,,,,,,,0,,,,,,0.4169661914673024,3,,1,21,,4,20,,3,,,,,,,,,,,,,1,,,,,,,,,,,,,,,,,,,,
LaF3_x010,LaF3_x100_s02,LaF3,Li_24g,Cl_4d,0.25,compound_set,4,-0.7007601187015897,-0.20478115769052888,True,0.22104636594131294,2.8994922839717847,0.6666666666666666,1.5085429186615433,1.098487698211036,,,,,,,,,,,,,,,,,,,,,,,,,,,,,,,,0,,,,,,0.5084214653777586,2,,1,21,,4,20,,3,,,,,,,,,,,,,1,,,,,,,,,,,,,,,,,,,,
LaF3_x010,LaF3_x100_s03,LaF3,Li_24g,Cl_4d,0.25,compound_set,4,-0.6797587986385567,-0.2516828354034584,True,0.2084912009145369,2.8542251585938296,0.6666666666666666,0.64915117595244,1.0386967664934343,,,,,,,,,,,,,,,,,,,,,,,,,,,,,,,,0,,,,,,0.3332779712861239,4,,1,21,,4,20,,3,,,,,,,,,,,,,1,,,,,,,,,,,,,,,,,,,,
LaF3_x010,LaF3_x100_s04,LaF3,Li_24g,Cl_4d,0.25,compound_set,4,-0.6757684630017522,-0.15159220390126393,True,0.22558649081386487,2.8988243983177733,0.9047619047619048,1.3465578780154608,1.0225544386589966,,,,,,,,,,,,,,,,,,,,,,,,,,,,,,,,0,,,,,,0.3,5,,1,21,,4,20,,3,,,,,,,,,,,,,1,,,,,,,,,,,,,,,,,,,,
Li2O_x002,Li2O_x020_cLi24gaS16e_s00,Li2O,Li_24g,S_16e,0.25,compound_set,4,-0.47071516981160944,-0.14995685145660673,True,0.1571968130366097,2.9832333391686867,0.125,0.010826045114463922,1.0001327004633873,,,,,,,,,,,,,,,,,,,,,,,,,,,,,,,,0,,,,,,0.48379685397519323,7,,4,24,1,4,19,,,,,,,,,,,,,,,,,,,,,,,,,,,,,,,,,,,
Li2O_x002,Li2O_x020_cLi24gaS16e_s01,Li2O,Li_24g,S_16e,0.25,compound_set,4,-0.47076961749047896,-0.1506077917739329,True,0.15750855806172898,2.982926739949503,0.125,0.010055381559957664,1.000129085654191,0.9906307484550987,0.08770097103339562,0.9037514698800471,0.12544,,-814.7343543859881,-4.241509293881942,-7.132703593868274,True,23.08819459113953,18.949587342256322,6.493131364218099,0.9998969300936652,True,OK,22.786340921164886,15.31425133232765,37.53410871314522,0.6720803215097667,0.22546339023157214,,,,,,,,,,,,0,,,-0.47076961749047896,-0.5517279437245186,-814.7343543859881,0.548705247603982,4,,4,24,1,4,19,,,,,,,,,,,,,,,,,,,,,,,,,,,,,,,,,,,
Li2O_x002,Li2O_x020_cLi24gaS16e_s02,Li2O,Li_24g,S_16e,0.25,compound_set,4,-0.4706527623452006,-0.14940745772613953,True,0.15840070660060618,2.9844555075933137,0.125,0.0034023413260815707,1.000039878760143,,,,,,,,,,,,,,,,,,,,,,,,,,,,,,,,0,,,,,,0.48374685237421866,12,,4,24,1,4,19,,,,,,,,,,,,,,,,,,,,,,,,,,,,,,,,,,,
Li2O_x002,Li2O_x020_cLi24gaS16e_s03,Li2O,Li_24g,S_16e,0.25,compound_set,4,-0.47065470544881727,-0.14941158573007535,True,0.15795686692374533,2.984166922360957,0.125,0.005053289457767741,1.00006713915073,,,,,,,,,,,,,,,,,,,,,,,,,,,,,,,,0,,,,,,0.48374840921184215,11,,4,24,1,4,19,,,,,,,,,,,,,,,,,,,,,,,,,,,,,,,,,,,
Li2O_x002,Li2O_x020_cLi24gaS16e_s04,Li2O,Li_24g,S_16e,0.25,compound_set,4,-0.4706966497980005,-0.14983759747596323,True,0.1575581902797459,2.9836309832102046,0.125,0.007840430564696013,1.0000817230597994,,,,,,,,,,,,,,,,,,,,,,,,,,,,,,,,0,,,,,,0.48378201552101774,8,,4,24,1,4,19,,,,,,,,,,,,,,,,,,,,,,,,,,,,,,,,,,,
Li2O_x002,Li2O_x020_cLi24gaS4a_s00,Li2O,Li_24g,S_4a,0.25,compound_set,4,-0.05410028212081652,-0.014226985150269548,True,1.9005195945906797e-05,2.9890785807464666,0.0,4.526163360111984e-06,1.0000000750001075,,,,,,,,,,,,,,,,,,,,,,,,,,,,,,,,0,,,,,,0.15000007334750823,17,,4,24,1,4,19,,,,,,,,,,,,,,,,,,,,,,,,,,,,,,,,,,,
Li2O_x002,Li2O_x020_cLi24gaS4a_s01,Li2O,Li_24g,S_4a,0.25,compound_set,4,-0.054100312907905845,-0.01422690079336495,True,1.1001483174359204e-05,2.989075393481368,0.0,4.584826165059582e-06,1.000000022986543,,,,,,,,,,,,,,,,,,,,,,,,,,,,,,,,0,,,,,,0.15000009801448874,14,,4,24,1,4,19,,,,,,,,,,,,,,,,,,,,,,,,,,,,,,,,,,,
Li2O_x002,Li2O_x020_cLi24gaS4a_s02,Li2O,Li_24g,S_4a,0.25,compound_set,4,-0.05410029374243308,-0.014226934109029839,True,1.2267426955996355e-05,2.989077191481517,0.0,1.9962571536636653e-06,1.0000000429725604,,,,,,,,,,,,,,,,,,,,,,,,,,,,,,,,0,,,,,,0.150000082658885,16,,4,24,1,4,19,,,,,,,,,,,,,,,,,,,,,,,,,,,,,,,,,,,
Li2O_x002,Li2O_x020_cLi24gaS4a_s03,Li2O,Li_24g,S_4a,0.25,compound_set,4,-0.05410033982112106,-0.014226909503785025,True,7.164719592535168e-06,2.9890765409543687,0.0,3.002806930723085e-06,1.000000126054729,,,,,,,,,,,,,,,,,,,,,,,,,,,,,,,,0,,,,,,0.1500001195776754,13,,4,24,1,4,19,,,,,,,,,,,,,,,,,,,,,,,,,,,,,,,,,,,
Li2O_x002,Li2O_x020_cLi24gaS4a_s04,Li2O,Li_24g,S_4a,0.25,compound_set,4,-0.054100574088434605,-0.014226859295707515,True,1.1492133741751082e-05,2.9890746884583805,0.0,5.592250460975172e-06,1.0000000190611216,0.9966692860965721,0.12008941324455812,0.8769798563303621,0.127168,,-762.1260289911377,-4.156688529167751,-4.31598126190002,True,23.645553519652225,19.819214611713146,4.7790617928180605,0.9999993037599167,True,OK,27.032346304903925,21.606225731293467,51.18243129768632,0.7992730445071982,0.18443711396470397,,,,,,,,,,,,0,,,-0.054100574088434605,-0.4669071790103283,-762.1260289911378,0.7807458466596052,1,,4,24,1,4,19,,,,,,,,,,,,,,,,,,,,,,,,,,,,,,,,,,,
Li2O_x002,Li2O_x020_cLi48haS16e_s00,Li2O,Li_48h,S_16e,0.25,compound_set,4,-0.47073918741029175,-0.15018007673384332,True,0.15675037716777776,2.9827611777425567,0.125,0.012462479792563437,1.0001574992329942,,,,,,,,,,,,,,,,,,,,,,,,,,,,,,,,0,,,,,,0.4838160971596195,6,,4,24,1,4,19,,,,,,,,,,,,,,,,,,,,,,,,,,,,,,,,,,,
Li2O_x002,Li2O_x020_cLi48haS16e_s01,Li2O,Li_48h,S_16e,0.25,compound_set,4,-0.4707699279099593,-0.15054474541777857,True,0.15708264497152954,2.982554936961679,0.125,0.013022967113345042,1.0001566292946424,1.0116669192936014,0.08726176239022408,0.9020893942553987,0.115584,,-816.3503751125156,-4.243125286471924,-7.769238945402361,True,24.138458321150104,19.039417255862567,2.727565579008906,0.999898201886167,True,OK,28.161400555219466,19.082319980543083,46.69910345136962,0.6776055027208633,0.22362227179361438,,,,,,,,,,,,0,,,-0.4707699279099593,-0.5533439363145014,-816.3503751125152,0.7514532118827236,2,,4,24,1,4,19,,,,,,,,,,,,,,,,,,,,,,,,,,,,,,,,,,,
Li2O_x002,Li2O_x020_cLi48haS16e_s02,Li2O,Li_48h,S_16e,0.25,compound_set,4,-0.47069066726531705,-0.14977873875832698,True,0.15764224652401768,2.983707532760093,0.125,0.007981423420789089,1.000094383443921,,,,,,,,,,,,,,,,,,,,,,,,,,,,,,,,0,,,,,,0.4837772222450002,9,,4,24,1,4,19,,,,,,,,,,,,,,,,,,,,,,,,,,,,,,,,,,,
Li2O_x002,Li2O_x020_cLi48haS16e_s03,Li2O,Li_48h,S_16e,0.25,compound_set,4,-0.470746483440446,-0.15018695727228412,True,0.15636932220618804,2.9825514084168834,0.125,0.014818847250928358,1.0001660781805541,,,,,,,,,,,,,,,,,,,,,,,,,,,,,,,,0,,,,,,0.4838219428253622,5,,4,24,1,4,19,,,,,,,,,,,,,,,,,,,,,,,,,,,,,,,,,,,
Li2O_x002,Li2O_x020_cLi48haS16e_s04,Li2O,Li_48h,S_16e,0.25,compound_set,4,-0.47066361290778325,-0.14950755152577216,True,0.15802184658276916,2.9841335062537127,0.125,0.005133322117984019,1.0000545662876483,,,,,,,,,,,,,,,,,,,,,,,,,,,,,,,,0,,,,,,0.4837555459734276,10,,4,24,1,4,19,,,,,,,,,,,,,,,,,,,,,,,,,,,,,,,,,,,
Li2O_x002,Li2O_x020_cLi48haS4a_s00,Li2O,Li_48h,S_4a,0.25,compound_set,4,-0.054100332685040886,-0.014226939818855727,True,1.6015169763242822e-05,2.989078367911898,0.0,4.118797649982622e-06,1.0000000021667534,1.0059288523862213,0.10364733174306115,0.8910383256008478,0.13568,,-776.9072025554624,-4.171469748606876,-1.4960775397482224,True,,,,0.9867927213428831,False,"r2=0.9868 / V0 / B0'=-22.15 unphysical (need r2>=0.95, 0<B0'<15)",23.804114989389547,18.98471408116373,44.992933354598755,0.7975391687372533,0.1849779028076034,,,,,,,,,,,,0,,,-0.054100332685040886,-0.4816883984494531,-776.9072025554626,0.6565390940428342,3,,4,24,1,4,19,,,,,,,,,,,,,,,,,,,,,,,,,,,,,,,,,,,
Li2O_x002,Li2O_x020_cLi48haS4a_s01,Li2O,Li_48h,S_4a,0.25,compound_set,4,-0.05410026662532896,-0.014226966973286728,True,1.4190811763963659e-05,2.989078313287744,0.0,5.255338726929036e-06,1.0000000160182765,,,,,,,,,,,,,,,,,,,,,,,,,,,,,,,,0,,,,,,0.15000006093234014,18,,4,24,1,4,19,,,,,,,,,,,,,,,,,,,,,,,,,,,,,,,,,,,
Li2O_x002,Li2O_x020_cLi48haS4a_s02,Li2O,Li_48h,S_4a,0.25,compound_set,4,-0.054100300266848755,-0.014226979994257722,True,1.5081899834863568e-05,2.989077787522168,0.0,8.588685751586541e-07,1.000000021106523,,,,,,,,,,,,,,,,,,,,,,,,,,,,,,,,0,,,,,,0.15000008788632413,15,,4,24,1,4,19,,,,,,,,,,,,,,,,,,,,,,,,,,,,,,,,,,,
Li2O_x002,Li2O_x020_cLi48haS4a_s03,Li2O,Li_48h,S_4a,0.25,compound_set,4,-0.054100227071057105,-0.014227017909814288,True,1.5177361629378771e-05,2.9890790784368093,0.0,1.967810664759531e-06,1.0000000180748587,,,,,,,,,,,,,,,,,,,,,,,,,,,,,,,,0,,,,,,0.15000002924098924,19,,4,24,1,4,19,,,,,,,,,,,,,,,,,,,,,,,,,,,,,,,,,,,
Li2O_x002,Li2O_x020_cLi48haS4a_s04,Li2O,Li_48h,S_4a,0.25,compound_set,4,-0.05410019057510462,-0.014226855441799122,True,2.2020051593565164e-05,2.9890764651478876,0.0,5.266919019471428e-06,1.0000000052150637,,,,,,,,,,,,,,,,,,,,,,,,,,,,,,,,0,,,,,,0.15,20,,4,24,1,4,19,,,,,,,,,,,,,,,,,,,,,,,,,,,,,,,,,,,
Li2O_x005,Li2O_x050_cLi24gaS16e_s00,Li2O,Li_24g,S_16e,0.25,compound_set,4,-0.4707919350710146,-0.15060196153440766,True,0.1558678003771792,2.981914468321159,0.125,0.018754978694451974,1.0002294492284716,,,,,,,,,,,,,,,,,,,,,,,,,,,,,,,,0,,,,,,0.4996983675109691,5,,4,24,1,4,19,,,,,,,,,,,,,,,,,,,,,,,,,,,,,,,,,,,
Li2O_x005,Li2O_x050_cLi24gaS16e_s01,Li2O,Li_24g,S_16e,0.25,compound_set,4,-0.47077752176951115,-0.15059844700416428,True,0.1566733802674091,2.982241684876827,0.125,0.014543602494050638,1.0001579742786375,,,,,,,,,,,,,,,,,,,,,,,,,,,,,,,,0,,,,,,0.4996862715024435,6,,4,24,1,4,19,,,,,,,,,,,,,,,,,,,,,,,,,,,,,,,,,,,
Li2O_x005,Li2O_x050_cLi24gaS16e_s02,Li2O,Li_24g,S_16e,0.25,compound_set,4,-0.4706635486320918,-0.14951055461569165,True,0.15817172809431906,2.984213002136148,0.125,0.004594018766733732,1.000067913932635,,,,,,,,,,,,,,,,,,,,,,,,,,,,,,,,0,,,,,,0.4995906223521379,10,,4,24,1,4,19,,,,,,,,,,,,,,,,,,,,,,,,,,,,,,,,,,,
Li2O_x005,Li2O_x050_cLi24gaS16e_s03,Li2O,Li_24g,S_16e,0.25,compound_set,4,-0.4708934080390099,-0.15192523418740025,True,0.1573254684063351,2.981679559407528,0.125,0.01290877841106526,1.0001615097301282,1.0181997337226572,0.1165239052348123,0.8673970650901283,0.122368,,-779.7434314927515,-4.206518347745472,-5.724625023078438,True,23.84837261166142,19.340663191287227,5.031472876655322,0.9999878626189166,True,OK,22.411807451653722,12.871404846775588,32.40975974476823,0.5743135565724233,0.2589829987706117,,,,,,,,,,,,0,,,-0.4708934080390099,-0.5167370983087212,-779.7434314927516,0.5382567148886289,4,,4,24,1,4,19,,,,,,,,,,,,,,,,,,,,,,,,,,,,,,,,,,,
Li2O_x005,Li2O_x050_cLi24gaS16e_s04,Li2O,Li_24g,S_16e,0.25,compound_set,4,-0.4706450027247051,-0.14933202886943683,True,0.1586591245123639,2.9846961974880712,0.125,0.0018704530828176978,1.0000159492151477,,,,,,,,,,,,,,,,,,,,,,,,,,,,,,,,0,,,,,,0.4995750581558427,12,,4,24,1,4,19,,,,,,,,,,,,,,,,,,,,,,,,,,,,,,,,,,,
Li2O_x005,Li2O_x050_cLi24gaS4a_s00,Li2O,Li_24g,S_4a,0.25,compound_set,4,-0.0541000986216158,-0.01422686397372982,True,1.4086536992913805e-05,2.989076251684008,0.0,3.7267129371130053e-06,1.000000016954276,,,,,,,,,,,,,,,,,,,,,,,,,,,,,,,,0,,,,,,0.15,20,,4,24,1,4,19,,,,,,,,,,,,,,,,,,,,,,,,,,,,,,,,,,,
Li2O_x005,Li2O_x050_cLi24gaS4a_s01,Li2O,Li_24g,S_4a,0.25,compound_set,4,-0.05410019934228849,-0.014226932297106174,True,1.0102967914645959e-05,2.9890785318204913,0.0,4.030020331787232e-06,1.0000000505395783,,,,,,,,,,,,,,,,,,,,,,,,,,,,,,,,0,,,,,,0.15000008452734548,18,,4,24,1,4,19,,,,,,,,,,,,,,,,,,,,,,,,,,,,,,,,,,,
Li2O_x005,Li2O_x050_cLi24gaS4a_s02,Li2O,Li_24g,S_4a,0.25,compound_set,4,-0.05410011860264019,-0.014226931203432996,True,1.5264665596399243e-05,2.98907724961688,0.0,2.624014646193512e-06,1.000000060763105,,,,,,,,,,,,,,,,,,,,,,,,,,,,,,,,0,,,,,,0.1500000167685829,19,,4,24,1,4,19,,,,,,,,,,,,,,,,,,,,,,,,,,,,,,,,,,,
Li2O_x005,Li2O_x050_cLi24gaS4a_s03,Li2O,Li_24g,S_4a,0.25,compound_set,4,-0.05410043442515322,-0.014226945986196055,True,1.1117620530150417e-05,2.989076505346036,0.0,3.6915856512551328e-06,1.0000000556435633,,,,,,,,,,,,,,,,,,,,,,,,,,,,,,,,0,,,,,,0.1500002818148535,13,,4,24,1,4,19,,,,,,,,,,,,,,,,,,,,,,,,,,,,,,,,,,,
Li2O_x005,Li2O_x050_cLi24gaS4a_s04,Li2O,Li_24g,S_4a,0.25,compound_set,4,-0.05410047520275407,-0.014226902022980012,True,9.96691040568611e-06,2.989076331037849,0.0,5.255388177064235e-06,1.0000000667733557,0.9674435678697563,0.10341820350685514,0.8673922920864038,0.116992,,-816.4640306943734,-4.211026589998507,-7.48335266865644,True,20.886311359278864,18.75433494767709,4.241639754530325,0.9993666961265755,True,OK,19.129205610619593,16.390108503928907,38.24687989668094,0.8568107237464124,0.16676713541928992,,,,,,,,,,,,0,,,-0.05410047520275407,-0.5212453405617561,-816.4640306943736,0.663554058478859,3,,4,24,1,4,19,,,,,,,,,,,,,,,,,,,,,,,,,,,,,,,,,,,
Li2O_x005,Li2O_x050_cLi48haS16e_s00,Li2O,Li_48h,S_16e,0.25,compound_set,4,-0.47089147599631875,-0.15193013309950623,True,0.15766584275174794,2.9818622100625096,0.125,0.012235049434130587,1.0001513586582633,0.9793900058455999,0.09859469461824258,0.8828273473070942,0.1456,,-793.7364255798344,-4.220511352842508,-5.472431330058883,True,18.4833300603476,18.959913582526262,11.017637356373116,0.9862582675873179,True,OK,21.533434286972742,20.578524528976445,46.820751978105754,0.9556545535064048,0.137611977772698,,,,,,,,,,,,0,,,-0.47089147599631875,-0.530730103405757,-793.7364255798349,0.85,1,,4,24,1,4,19,,,,,,,,,,,,,,,,,,,,,,,,,,,,,,,,,,,
Li2O_x005,Li2O_x050_cLi48haS16e_s01,Li2O,Li_48h,S_16e,0.25,compound_set,4,-0.4707612097100311,-0.15059742144720575,True,0.15858635182772554,2.9836380711686488,0.125,0.004406601465953825,1.0000553418821945,,,,,,,,,,,,,,,,,,,,,,,,,,,,,,,,0,,,,,,0.4996725820080211,7,,4,24,1,4,19,,,,,,,,,,,,,,,,,,,,,,,,,,,,,,,,,,,
Li2O_x005,Li2O_x050_cLi48haS16e_s02,Li2O,Li_48h,S_16e,0.25,compound_set,4,-0.470716133335328,-0.14995674734156889,True,0.15693606995959553,2.9830497812132077,0.125,0.011925877312685082,1.0001242407631756,,,,,,,,,,,,,,,,,,,,,,,,,,,,,,,,0,,,,,,0.4996347527700373,8,,4,24,1,4,19,,,,,,,,,,,,,,,,,,,,,,,,,,,,,,,,,,,
Li2O_x005,Li2O_x050_cLi48haS16e_s03,Li2O,Li_48h,S_16e,0.25,compound_set,4,-0.4706659914651974,-0.14950675548566075,True,0.15764362716772143,2.9838854821760727,0.125,0.007160117971178915,1.0000897864241445,,,,,,,,,,,,,,,,,,,,,,,,,,,,,,,,0,,,,,,0.4995926724396952,9,,4,24,1,4,19,,,,,,,,,,,,,,,,,,,,,,,,,,,,,,,,,,,
Li2O_x005,Li2O_x050_cLi48haS16e_s04,Li2O,Li_48h,S_16e,0.25,compound_set,4,-0.47064547936387857,-0.1493352029817307,True,0.15858426288948543,2.984638280277386,0.125,0.0023327920300970214,1.0000301071751108,,,,,,,,,,,,,,,,,,,,,,,,,,,,,,,,0,,,,,,0.4995754581635373,11,,4,24,1,4,19,,,,,,,,,,,,,,,,,,,,,,,,,,,,,,,,,,,
Li2O_x005,Li2O_x050_cLi48haS4a_s00,Li2O,Li_48h,S_4a,0.25,compound_set,4,-0.05410031617011235,-0.014226900228543693,True,1.437622216023782e-05,2.989074953651619,0.0,1.9823843665242097e-06,1.0000000318102864,,,,,,,,,,,,,,,,,,,,,,,,,,,,,,,,0,,,,,,0.1500001825722211,16,,4,24,1,4,19,,,,,,,,,,,,,,,,,,,,,,,,,,,,,,,,,,,
Li2O_x005,Li2O_x050_cLi48haS4a_s01,Li2O,Li_48h,S_4a,0.25,compound_set,4,-0.05410040588083298,-0.014226951374081535,True,9.861304192791071e-06,2.9890765785201174,0.0,1.5974077190746815e-06,1.0000000320746252,,,,,,,,,,,,,,,,,,,,,,,,,,,,,,,,0,,,,,,0.15000025785973528,14,,4,24,1,4,19,,,,,,,,,,,,,,,,,,,,,,,,,,,,,,,,,,,
Li2O_x005,Li2O_x050_cLi48haS4a_s02,Li2O,Li_48h,S_4a,0.25,compound_set,4,-0.05410029537353678,-0.014226902978370223,True,2.431273033977118e-05,2.9890769395047356,0.0,3.336462372341134e-06,1.000000009521207,,,,,,,,,,,,,,,,,,,,,,,,,,,,,,,,0,,,,,,0.1500001651192069,17,,4,24,1,4,19,,,,,,,,,,,,,,,,,,,,,,,,,,,,,,,,,,,
Li2O_x005,Li2O_x050_cLi48haS4a_s03,Li2O,Li_48h,S_4a,0.25,compound_set,4,-0.05410035103496069,-0.01422697093515429,True,1.114818392611582e-05,2.9890775410369983,0.0,8.57120539949658e-06,1.0000000448373783,,,,,,,,,,,,,,,,,,,,,,,,,,,,,,,,0,,,,,,0.15000021183168694,15,,4,24,1,4,19,,,,,,,,,,,,,,,,,,,,,,,,,,,,,,,,,,,
Li2O_x005,Li2O_x050_cLi48haS4a_s04,Li2O,Li_48h,S_4a,0.25,compound_set,4,-0.054100625468210595,-0.014226941261954333,True,1.8503461924734535e-05,2.9890772512618446,0.0,9.21654966775124e-06,1.0000000244708245,0.9907324820766515,0.08692975871265318,0.9046083464609402,0.141248,,-797.03016257337,-4.191592712294768,-4.435994057082163,True,16.57117941878749,19.574898466644566,3.4937260023629775,0.983712826681148,True,OK,21.275814059868296,18.29702608718897,42.66155017935081,0.8599918214975336,0.1658055788973581,,,,,,,,,,,,0,,,-0.054100625468210595,-0.5018114628580168,-797.0301625733703,0.7391467990474766,2,,4,24,1,4,19,,,,,,,,,,,,,,,,,,,,,,,,,,,,,,,,,,,
Li2O_x010,Li2O_x100_cLi24gaS16e_s00,Li2O,Li_24g,S_16e,0.25,compound_set,4,-0.47066248087063256,-0.1495058866137523,True,0.1583069466048433,2.984319076872436,0.125,0.003660942638588707,1.0000482838677742,,,,,,,,,,,,,,,,,,,,,,,,,,,,,,,,0,,,,,,0.48595591968141405,11,,4,24,1,4,19,,,,,,,,,,,,,,,,,,,,,,,,,,,,,,,,,,,
Li2O_x010,Li2O_x100_cLi24gaS16e_s01,Li2O,Li_24g,S_16e,0.25,compound_set,4,-0.4707918391926822,-0.15061785663089367,True,0.1558164523779675,2.9816843309281214,0.125,0.01870815581246184,1.0002115344149893,0.9715714666530094,0.10027622751580272,0.8741459452150502,0.130688,,-811.5342193151616,-4.2383091074313395,-6.938559630778873,True,21.22371452165437,19.03691067512602,1.4948922787008592,0.9997558805203781,True,OK,27.488612051630483,15.993520404616579,40.186704828704016,0.5818234974751272,0.2563433131677502,,,,,,,,,,,,0,,,-0.4707918391926822,-0.5485278657423325,-811.534219315162,0.5487540530106466,4,,4,24,1,4,19,,,,,,,,,,,,,,,,,,,,,,,,,,,,,,,,,,,
Li2O_x010,Li2O_x100_cLi24gaS16e_s02,Li2O,Li_24g,S_16e,0.25,compound_set,4,-0.47071039699740647,-0.1499511508261814,True,0.1575108812513773,2.983426077510567,0.125,0.008706782415367754,1.0001072024363356,,,,,,,,,,,,,,,,,,,,,,,,,,,,,,,,0,,,,,,0.4859945638533105,8,,4,24,1,4,19,,,,,,,,,,,,,,,,,,,,,,,,,,,,,,,,,,,
Li2O_x010,Li2O_x100_cLi24gaS16e_s03,Li2O,Li_24g,S_16e,0.25,compound_set,4,-0.47065430409528775,-0.14941029454127394,True,0.15809230159657878,2.9842525267172477,0.125,0.004700939889303684,1.000070200619704,,,,,,,,,,,,,,,,,,,,,,,,,,,,,,,,0,,,,,,0.4859493251435567,12,,4,24,1,4,19,,,,,,,,,,,,,,,,,,,,,,,,,,,,,,,,,,,
Li2O_x010,Li2O_x100_cLi24gaS16e_s04,Li2O,Li_24g,S_16e,0.25,compound_set,4,-0.47066590618904014,-0.149514264550549,True,0.15783980645083992,2.984006578833706,0.125,0.006213934909127991,1.0000807121188648,,,,,,,,,,,,,,,,,,,,,,,,,,,,,,,,0,,,,,,0.4859586821875316,10,,4,24,1,4,19,,,,,,,,,,,,,,,,,,,,,,,,,,,,,,,,,,,
Li2O_x010,Li2O_x100_cLi24gaS4a_s00,Li2O,Li_24g,S_4a,0.25,compound_set,4,-0.05410031229624046,-0.01422696863953492,True,9.086351328411908e-06,2.9890754804718838,0.0,4.249961492856425e-06,1.0000000247304157,,,,,,,,,,,,,,,,,,,,,,,,,,,,,,,,0,,,,,,0.15000013335669315,18,,4,24,1,4,19,,,,,,,,,,,,,,,,,,,,,,,,,,,,,,,,,,,
Li2O_x010,Li2O_x100_cLi24gaS4a_s01,Li2O,Li_24g,S_4a,0.25,compound_set,4,-0.054100297004640474,-0.014226918634165135,True,1.1655431353221646e-05,2.989075442980217,0.0,1.691926678286905e-06,1.000000042640896,,,,,,,,,,,,,,,,,,,,,,,,,,,,,,,,0,,,,,,0.1500001210240766,19,,4,24,1,4,19,,,,,,,,,,,,,,,,,,,,,,,,,,,,,,,,,,,
Li2O_x010,Li2O_x100_cLi24gaS4a_s02,Li2O,Li_24g,S_4a,0.25,compound_set,4,-0.054100465008353193,-0.014226951167344968,True,7.297777921572578e-06,2.9890750340927537,0.0,7.092303899278458e-06,1.0000000211272047,,,,,,,,,,,,,,,,,,,,,,,,,,,,,,,,0,,,,,,0.15000025651842455,15,,4,24,1,4,19,,,,,,,,,,,,,,,,,,,,,,,,,,,,,,,,,,,
Li2O_x010,Li2O_x100_cLi24gaS4a_s03,Li2O,Li_24g,S_4a,0.25,compound_set,4,-0.05410049396044947,-0.014226884174574671,True,1.3839529614926558e-05,2.989074945774012,0.0,8.056738925480652e-06,1.0000000408039245,0.9897310936390887,0.12720395435026907,0.8638333847847802,0.140672,,-805.8107896953239,-4.200373324736784,-5.648104824286856,True,,,,0.9776303485991992,False,"r2=0.9776 / V0 / B0'=20.04 unphysical (need r2>=0.95, 0<B0'<15)",22.918781190793307,20.73333256515071,47.78924895400516,0.9046437675961359,0.15247389207297407,,,,,,,,,,,,0,,,-0.05410049396044947,-0.510592083047777,-805.8107896953235,0.8181589902169953,1,,4,24,1,4,19,,,,,,,,,,,,,,,,,,,,,,,,,,,,,,,,,,,
Li2O_x010,Li2O_x100_cLi24gaS4a_s04,Li2O,Li_24g,S_4a,0.25,compound_set,4,-0.05410046052281814,-0.014226872561865963,True,2.1790848222453152e-05,2.9890755418903634,0.0,6.164677272624646e-06,1.0000000235703803,,,,,,,,,,,,,,,,,,,,,,,,,,,,,,,,0,,,,,,0.15000025290085775,16,,4,24,1,4,19,,,,,,,,,,,,,,,,,,,,,,,,,,,,,,,,,,,
Li2O_x010,Li2O_x100_cLi48haS16e_s00,Li2O,Li_48h,S_16e,0.25,compound_set,4,-0.4707781585117359,-0.15046545617989174,True,0.15599064846356253,2.9820676857412245,0.125,0.016948630271793188,1.000196844602331,1.0127438841546244,0.07920724316389549,0.909058280612568,0.103168,,-813.0790890932371,-4.239853996374887,-9.69424971424139,True,26.389355574916674,18.59594908603574,5.490232484125154,0.9999905121217739,True,OK,26.971523165691963,17.78924239969364,43.74934045979182,0.659556462214256,0.22965721296105487,,,,,,,,,,,,0,,,-0.4707781585117359,-0.5500727546858797,-813.0790890932374,0.6905832931333371,3,,4,24,1,4,19,,,,,,,,,,,,,,,,,,,,,,,,,,,,,,,,,,,
Li2O_x010,Li2O_x100_cLi48haS16e_s01,Li2O,Li_48h,S_16e,0.25,compound_set,4,-0.4707225965339714,-0.15003696012586284,True,0.15690546855423979,2.983060463396539,0.125,0.011514106793798167,1.0001348546415603,,,,,,,,,,,,,,,,,,,,,,,,,,,,,,,,0,,,,,,0.48600440273261514,7,,4,24,1,4,19,,,,,,,,,,,,,,,,,,,,,,,,,,,,,,,,,,,
Li2O_x010,Li2O_x100_cLi48haS16e_s02,Li2O,Li_48h,S_16e,0.25,compound_set,4,-0.47076670408386834,-0.150610898655689,True,0.15773866063002515,2.983070253615279,0.125,0.008247230729585713,1.0001016824396851,,,,,,,,,,,,,,,,,,,,,,,,,,,,,,,,0,,,,,,0.486039975301913,5,,4,24,1,4,19,,,,,,,,,,,,,,,,,,,,,,,,,,,,,,,,,,,
Li2O_x010,Li2O_x100_cLi48haS16e_s03,Li2O,Li_48h,S_16e,0.25,compound_set,4,-0.4707618154612798,-0.15033112335274915,True,0.15603515019011016,2.9822574903861323,0.125,0.01611416746742888,1.000193463194666,,,,,,,,,,,,,,,,,,,,,,,,,,,,,,,,0,,,,,,0.4860360326466032,6,,4,24,1,4,19,,,,,,,,,,,,,,,,,,,,,,,,,,,,,,,,,,,
Li2O_x010,Li2O_x100_cLi48haS16e_s04,Li2O,Li_48h,S_16e,0.25,compound_set,4,-0.4706898679733835,-0.1497699824432698,True,0.1579589855430506,2.983863408942279,0.125,0.006082754377308068,1.0000778752909039,,,,,,,,,,,,,,,,,,,,,,,,,,,,,,,,0,,,,,,0.48597800727441687,9,,4,24,1,4,19,,,,,,,,,,,,,,,,,,,,,,,,,,,,,,,,,,,
Li2O_x010,Li2O_x100_cLi48haS4a_s00,Li2O,Li_48h,S_4a,0.25,compound_set,4,-0.05410058000118623,-0.014226933676852398,True,1.2181347748777147e-05,2.9890774811993475,0.0,7.241899208391438e-06,1.0000000740818589,,,,,,,,,,,,,,,,,,,,,,,,,,,,,,,,0,,,,,,0.15000034925970196,14,,4,24,1,4,19,,,,,,,,,,,,,,,,,,,,,,,,,,,,,,,,,,,
Li2O_x010,Li2O_x100_cLi48haS4a_s01,Li2O,Li_48h,S_4a,0.25,compound_set,4,-0.05410031331568188,-0.014226982295191705,True,1.1533001838010753e-05,2.9890777751607325,0.0,4.205792980106469e-06,1.0000000099576767,,,,,,,,,,,,,,,,,,,,,,,,,,,,,,,,0,,,,,,0.15000013417886873,17,,4,24,1,4,19,,,,,,,,,,,,,,,,,,,,,,,,,,,,,,,,,,,
Li2O_x010,Li2O_x100_cLi48haS4a_s02,Li2O,Li_48h,S_4a,0.25,compound_set,4,-0.0541001469430733,-0.014226994504736063,True,1.4130224638793512e-05,2.989076525096318,0.0,8.941548829875143e-06,1.0000000354227438,,,,,,,,,,,,,,,,,,,,,,,,,,,,,,,,0,,,,,,0.15,20,,4,24,1,4,19,,,,,,,,,,,,,,,,,,,,,,,,,,,,,,,,,,,
Li2O_x010,Li2O_x100_cLi48haS4a_s03,Li2O,Li_48h,S_4a,0.25,compound_set,4,-0.054100606302738274,-0.014226858477985074,True,2.088969709618187e-05,2.989074702387162,0.0,2.8997987023280265e-06,1.0000000192270493,,,,,,,,,,,,,,,,,,,,,,,,,,,,,,,,0,,,,,,0.1500003704718025,13,,4,24,1,4,19,,,,,,,,,,,,,,,,,,,,,,,,,,,,,,,,,,,
Li2O_x010,Li2O_x100_cLi48haS4a_s04,Li2O,Li_48h,S_4a,0.25,compound_set,4,-0.05410065054643498,-0.01422683614673405,True,1.858252379649078e-05,2.9890742632668594,0.0,5.527836544179947e-06,1.000000013013105,0.978616758696118,0.09674654871436984,0.8839389647782253,0.138752,,-794.6944458003715,-4.189256987162361,-2.887723330346934,True,18.789875444619987,19.707121064954755,11.328960172968916,0.9990383392817981,True,OK,21.492291914641626,19.727844947954104,45.31776117609027,0.9179032662642418,0.1485735338970717,,,,,,,,,,,,0,,,-0.05410065054643498,-0.49947574547335405,-794.6944458003711,0.7116676258355317,2,,4,24,1,4,19,,,,,,,,,,,,,,,,,,,,,,,,,,,,,,,,,,,
LiF_x002,LiF_x020_cLi24gaCl4d_s00,LiF,Li_24g,Cl_4d,0.25,compound_set,4,-0.15806952103030047,0.09574465860825611,True,0.07515898497303687,3.185295898622133,0.25,0.001223104293300274,1.0000019900315287,,,,,,,,,,,,,,,,,,,,,,,,,,,,,,,,0,,,,,,0.15000711633068745,3,,3,24,,4,20,,1,,,,,,,,,,,,,,,,,,,,,,,,,,,,,,,,,
LiF_x002,LiF_x020_cLi24gaCl4d_s01,LiF,Li_24g,Cl_4d,0.25,compound_set,4,-0.15806537537558718,0.09575670701495227,True,0.07474988572890487,3.1868267454441717,0.25,0.00018421007612810667,1.0000004470150954,,,,,,,,,,,,,,,,,,,,,,,,,,,,,,,,0,,,,,,0.15000255098490656,9,,3,24,,4,20,,1,,,,,,,,,,,,,,,,,,,,,,,,,,,,,,,,,
LiF_x002,LiF_x020_cLi24gaCl4d_s02,LiF,Li_24g,Cl_4d,0.25,compound_set,4,-0.15806563013364272,0.09574537663638598,True,0.07548395385308909,3.1854191559223906,0.25,0.0013093197342898134,1.000002146678282,,,,,,,,,,,,,,,,,,,,,,,,,,,,,,,,0,,,,,,0.15000283153374488,7,,3,24,,4,20,,1,,,,,,,,,,,,,,,,,,,,,,,,,,,,,,,,,
LiF_x002,LiF_x020_cLi24gaCl4d_s03,LiF,Li_24g,Cl_4d,0.25,compound_set,4,-0.1580713775324898,0.09572312197224178,True,0.07487779188616438,3.184648008864123,0.25,0.000671874651824873,1.0000010120149443,1.0107748704596522,0.08852075019540959,0.901658178961285,0.113984,,-738.83750851592,-4.211072438176301,-7.700297481621761,True,23.67295432444696,19.026505879246535,2.8093053522547695,0.9989205730833879,True,OK,36.28678219819988,25.60702459859742,62.19180642093455,0.7056846335597026,0.21435050334471487,,,,,,,,,,,,0,,,-0.1580713775324898,-0.5212911614185582,-738.8375085159203,0.85,1,,3,24,,4,20,,1,,,,,,,,,,,,,,,,,,,,,,,,,,,,,,,,,
LiF_x002,LiF_x020_cLi24gaCl4d_s04,LiF,Li_24g,Cl_4d,0.25,compound_set,4,-0.1580630589020693,0.09575017006765507,True,0.07527105097008424,3.186346216945065,0.25,0.001015400698257369,1.000000717141554,,,,,,,,,,,,,,,,,,,,,,,,,,,,,,,,0,,,,,,0.15,10,,3,24,,4,20,,1,,,,,,,,,,,,,,,,,,,,,,,,,,,,,,,,,
LiF_x002,LiF_x020_cLi48haCl4d_s00,LiF,Li_48h,Cl_4d,0.25,compound_set,4,-0.15806541064821156,0.09575578499869407,True,0.07505441316034243,3.1857137890550313,0.25,0.0010675563545562078,1.0000027652258243,,,,,,,,,,,,,,,,,,,,,,,,,,,,,,,,0,,,,,,0.15000258982840367,8,,3,24,,4,20,,1,,,,,,,,,,,,,,,,,,,,,,,,,,,,,,,,,
LiF_x002,LiF_x020_cLi48haCl4d_s01,LiF,Li_48h,Cl_4d,0.25,compound_set,4,-0.15806932957946795,0.09574571044837567,True,0.07513032673513795,3.185771956971299,0.25,0.0010015575304618556,1.0000022834606461,0.9897797166874267,0.09161494716257501,0.8991011002405196,0.1488,,-715.166060787819,-4.187400981884905,-2.1630870603457257,True,21.702736717149392,19.79948029645035,14.70287754409237,0.9862449059900601,True,OK,25.680810422578396,17.447809691096456,42.67811147241603,0.6794104003725855,0.22302203623284855,,,,,,,,,,,,0,,,-0.15806932957946795,-0.49761970512716225,-715.1660607878192,0.523932131211878,2,,3,24,,4,20,,1,,,,,,,,,,,,,,,,,,,,,,,,,,,,,,,,,
LiF_x002,LiF_x020_cLi48haCl4d_s02,LiF,Li_48h,Cl_4d,0.25,compound_set,4,-0.15806725889293594,0.0957632263465485,True,0.07473462620433285,3.185227796748071,0.25,0.0008722340613192914,1.0000031315957845,,,,,,,,,,,,,,,,,,,,,,,,,,,,,,,,0,,,,,,0.15000462518272956,4,,3,24,,4,20,,1,,,,,,,,,,,,,,,,,,,,,,,,,,,,,,,,,
LiF_x002,LiF_x020_cLi48haCl4d_s03,LiF,Li_48h,Cl_4d,0.25,compound_set,4,-0.15806629572602038,0.09575070784230526,True,0.07523450893862736,3.185038015416731,0.25,0.0014531071290032635,1.0000008606608994,,,,,,,,,,,,,,,,,,,,,,,,,,,,,,,,0,,,,,,0.1500035645082841,5,,3,24,,4,20,,1,,,,,,,,,,,,,,,,,,,,,,,,,,,,,,,,,
LiF_x002,LiF_x020_cLi48haCl4d_s04,LiF,Li_48h,Cl_4d,0.25,compound_set,4,-0.1580656631634998,0.09573267919971483,True,0.07507861690193501,3.1854940073484563,0.25,0.0012371882724728372,1.0000018730255469,,,,,,,,,,,,,,,,,,,,,,,,,,,,,,,,0,,,,,,0.15000286790742504,6,,3,24,,4,20,,1,,,,,,,,,,,,,,,,,,,,,,,,,,,,,,,,,
LiF_x005,LiF_x050_cLi24gaCl4d_s00,LiF,Li_24g,Cl_4d,0.25,compound_set,4,-0.15807507279860955,0.09573692794903323,True,0.07538342117244992,3.1847482802433227,0.25,0.0010685182716503225,1.0000023941314267,0.9968409950642236,0.09274968836922742,0.9043843034183464,0.117248,,-725.9465491545067,-4.198181460057191,-5.711883313590813,True,20.837469601773,19.236174886224724,8.341374868885397,0.9998293101012653,True,OK,19.111966135360248,22.711894412172292,48.803601877540046,1.1883599129108748,0.07440623384071547,,,,,,,,,,,,0,,,-0.15807507279860955,-0.5084001657650803,-725.9465491545063,0.5424520199110708,2,,3,24,,4,20,,1,,,,,,,,,,,,,,,,,,,,,,,,,,,,,,,,,
LiF_x005,LiF_x050_cLi24gaCl4d_s01,LiF,Li_24g,Cl_4d,0.25,compound_set,4,-0.15807237240398786,0.09575642791869785,True,0.07469510092911558,3.18498276586236,0.25,0.00022016321969981674,1.0000020833585013,,,,,,,,,,,,,,,,,,,,,,,,,,,,,,,,0,,,,,,0.15000861429491866,3,,3,24,,4,20,,1,,,,,,,,,,,,,,,,,,,,,,,,,,,,,,,,,
LiF_x005,LiF_x050_cLi24gaCl4d_s02,LiF,Li_24g,Cl_4d,0.25,compound_set,4,-0.15806659401416479,0.09574487784126985,True,0.07452175530673373,3.1849982673028276,0.25,0.0006620727538890184,1.0000017128560021,,,,,,,,,,,,,,,,,,,,,,,,,,,,,,,,0,,,,,,0.15000214124018502,8,,3,24,,4,20,,1,,,,,,,,,,,,,,,,,,,,,,,,,,,,,,,,,
LiF_x005,LiF_x050_cLi24gaCl4d_s03,LiF,Li_24g,Cl_4d,0.25,compound_set,4,-0.15806644344287735,0.09575343263054996,True,0.07491390403933536,3.1860596983795966,0.25,0.0007827214784764528,1.0000001577083428,,,,,,,,,,,,,,,,,,,,,,,,,,,,,,,,0,,,,,,0.15000197256755915,9,,3,24,,4,20,,1,,,,,,,,,,,,,,,,,,,,,,,,,,,,,,,,,
LiF_x005,LiF_x050_cLi24gaCl4d_s04,LiF,Li_24g,Cl_4d,0.25,compound_set,4,-0.15807002606087828,0.09573495173908118,True,0.0751468144210546,3.184719838625993,0.25,0.0016634279503426337,1.0000019037598562,,,,,,,,,,,,,,,,,,,,,,,,,,,,,,,,0,,,,,,0.15000598587976546,4,,3,24,,4,20,,1,,,,,,,,,,,,,,,,,,,,,,,,,,,,,,,,,
LiF_x005,LiF_x050_cLi48haCl4d_s00,LiF,Li_48h,Cl_4d,0.25,compound_set,4,-0.15806468256416117,0.09574538661927909,True,0.07509917996264541,3.18527812142614,0.25,0.001244485703022383,1.0000015899715131,,,,,,,,,,,,,,,,,,,,,,,,,,,,,,,,0,,,,,,0.15,10,,3,24,,4,20,,1,,,,,,,,,,,,,,,,,,,,,,,,,,,,,,,,,
LiF_x005,LiF_x050_cLi48haCl4d_s01,LiF,Li_48h,Cl_4d,0.25,compound_set,4,-0.1580774836722716,0.09576015009773615,True,0.07492842615025529,3.1845092717450822,0.25,0.0016224906317266758,1.0000014414211227,0.9954336482197,0.10706351050211,0.8888590273693765,0.122624,,-732.6844625653844,-4.204919418119543,-6.776563954024674,True,17.978498765377104,18.826405288629836,8.143475620206306,0.996622404771222,True,OK,35.503939669137935,24.608117554247386,59.96926398340427,0.6931094910472196,0.21848540123406368,,,,,,,,,,,,0,,,-0.1580774836722716,-0.5151381238274317,-732.684462565385,0.85,1,,3,24,,4,20,,1,,,,,,,,,,,,,,,,,,,,,,,,,,,,,,,,,
LiF_x005,LiF_x050_cLi48haCl4d_s02,LiF,Li_48h,Cl_4d,0.25,compound_set,4,-0.15806946475721295,0.09573679449667513,True,0.07468076574907852,3.1844364270022063,0.25,0.0007708205532870558,1.0000021805907053,,,,,,,,,,,,,,,,,,,,,,,,,,,,,,,,0,,,,,,0.15000535709744736,5,,3,24,,4,20,,1,,,,,,,,,,,,,,,,,,,,,,,,,,,,,,,,,
LiF_x005,LiF_x050_cLi48haCl4d_s03,LiF,Li_48h,Cl_4d,0.25,compound_set,4,-0.158069192260899,0.09575267872858693,True,0.07464209851495451,3.18503762066266,0.25,0.0007794362451324627,1.000002093372835,,,,,,,,,,,,,,,,,,,,,,,,,,,,,,,,0,,,,,,0.15000505184224497,6,,3,24,,4,20,,1,,,,,,,,,,,,,,,,,,,,,,,,,,,,,,,,,
LiF_x005,LiF_x050_cLi48haCl4d_s04,LiF,Li_48h,Cl_4d,0.25,compound_set,4,-0.1580685550089549,0.09572073327299713,True,0.07538327719057304,3.1837969623241875,0.25,0.0023045643849898814,1.0000019666197133,,,,,,,,,,,,,,,,,,,,,,,,,,,,,,,,0,,,,,,0.15000433798131838,7,,3,24,,4,20,,1,,,,,,,,,,,,,,,,,,,,,,,,,,,,,,,,,
LiF_x010,LiF_x100_cLi24gaCl4d_s00,LiF,Li_24g,Cl_4d,0.25,compound_set,4,-0.15807225129451474,0.09575284807331533,True,0.07471407721015683,3.184985842642613,0.25,0.0007358559944483305,1.0000020184346639,,,,,,,,,,,,,,,,,,,,,,,,,,,,,,,,0,,,,,,0.1500091062735263,4,,3,24,,4,20,,1,,,,,,,,,,,,,,,,,,,,,,,,,,,,,,,,,
LiF_x010,LiF_x100_cLi24gaCl4d_s01,LiF,Li_24g,Cl_4d,0.25,compound_set,4,-0.1580798453069825,0.09574861448251047,True,0.07524623897828717,3.1853417790490646,0.25,0.0010127223750535457,1.0000017955057965,0.9963004350161094,0.08924814761816613,0.9073824667197485,0.118336,,-737.4749639511879,-4.209709922971441,-6.9043979151447115,True,24.287891673303413,18.91234581821271,7.65863387683008,0.9994713915357716,True,OK,28.298288006154138,22.034462645458994,52.48174944238062,0.7786500243642681,0.19090150476613513,,,,,,,,,,,,0,,,-0.1580798453069825,-0.5199285952416974,-737.4749639511875,0.85,1,,3,24,,4,20,,1,,,,,,,,,,,,,,,,,,,,,,,,,,,,,,,,,
LiF_x010,LiF_x100_cLi24gaCl4d_s02,LiF,Li_24g,Cl_4d,0.25,compound_set,4,-0.15806714869146976,0.09575183835417231,True,0.07442714920800096,3.185174374399176,0.25,0.0004237158569332916,1.000001035555425,,,,,,,,,,,,,,,,,,,,,,,,,,,,,,,,0,,,,,,0.15000346592816152,8,,3,24,,4,20,,1,,,,,,,,,,,,,,,,,,,,,,,,,,,,,,,,,
LiF_x010,LiF_x100_cLi24gaCl4d_s03,LiF,Li_24g,Cl_4d,0.25,compound_set,4,-0.15807309202668618,0.09574816330051004,True,0.07443757840377696,3.1834403367893542,0.25,0.0012779012310493868,1.0000032431058181,,,,,,,,,,,,,,,,,,,,,,,,,,,,,,,,0,,,,,,0.1500100356069987,3,,3,24,,4,20,,1,,,,,,,,,,,,,,,,,,,,,,,,,,,,,,,,,
LiF_x010,LiF_x100_cLi24gaCl4d_s04,LiF,Li_24g,Cl_4d,0.25,compound_set,4,-0.15806401319985586,0.09574313830542845,True,0.07500890771018116,3.1866797409289696,0.25,0.0008235923996473196,1.0000011530095534,,,,,,,,,,,,,,,,,,,,,,,,,,,,,,,,0,,,,,,0.15,10,,3,24,,4,20,,1,,,,,,,,,,,,,,,,,,,,,,,,,,,,,,,,,
LiF_x010,LiF_x100_cLi48haCl4d_s00,LiF,Li_48h,Cl_4d,0.25,compound_set,4,-0.15806807373132958,0.09575312204203254,True,0.0746015778317717,3.1853825161556863,0.25,0.0004976623886099832,1.0000047614150744,,,,,,,,,,,,,,,,,,,,,,,,,,,,,,,,0,,,,,,0.1500044884541624,6,,3,24,,4,20,,1,,,,,,,,,,,,,,,,,,,,,,,,,,,,,,,,,
LiF_x010,LiF_x100_cLi48haCl4d_s01,LiF,Li_48h,Cl_4d,0.25,compound_set,4,-0.15807286071574778,0.09576272262539731,True,0.07513220295076332,3.184801130331627,0.25,0.001351829982001041,1.0000020268349017,0.9800724333694273,0.10472613348266736,0.8774332368896981,0.14304,,-711.9740955601438,-4.184209019715549,-3.1194813220643653,True,13.226621412330644,20.09193189999373,8.319497327202596,0.9915907649638773,True,OK,20.05705499955436,15.14558915477091,36.29980158905181,0.755125274129598,0.19836215079217479,,,,,,,,,,,,0,,,-0.15807286071574778,-0.49442769198580594,-711.974095560144,0.5218116615757186,2,,3,24,,4,20,,1,,,,,,,,,,,,,,,,,,,,,,,,,,,,,,,,,
LiF_x010,LiF_x100_cLi48haCl4d_s02,LiF,Li_48h,Cl_4d,0.25,compound_set,4,-0.15806939380418905,0.09572827913391085,True,0.07511397192222745,3.18535561210939,0.25,0.0010011672615371384,1.0000057093371748,,,,,,,,,,,,,,,,,,,,,,,,,,,,,,,,0,,,,,,0.15000594764406378,5,,3,24,,4,20,,1,,,,,,,,,,,,,,,,,,,,,,,,,,,,,,,,,
LiF_x010,LiF_x100_cLi48haCl4d_s03,LiF,Li_48h,Cl_4d,0.25,compound_set,4,-0.1580657842729707,0.09573808087571939,True,0.07506115789192919,3.1852527724633237,0.25,0.0009526569883357601,1.000003313663237,,,,,,,,,,,,,,,,,,,,,,,,,,,,,,,,0,,,,,,0.1500019577192162,9,,3,24,,4,20,,1,,,,,,,,,,,,,,,,,,,,,,,,,,,,,,,,,
LiF_x010,LiF_x100_cLi48haCl4d_s04,LiF,Li_48h,Cl_4d,0.25,compound_set,4,-0.1580676404693282,0.09574419572846153,True,0.07477005931765637,3.1845432617101594,0.25,0.0009953519175893632,1.0000038458656562,,,,,,,,,,,,,,,,,,,,,,,,,,,,,,,,0,,,,,,0.15000400953246307,7,,3,24,,4,20,,1,,,,,,,,,,,,,,,,,,,,,,,,,,,,,,,,,
MgF2_x002,MgF2_x020_s00,MgF2,Li_24g,Cl_4d,0.25,compound_set,4,-0.5024208469829525,-0.15673059195979067,True,0.27874924715547394,3.000602453253551,0.6818181818181818,0.6228433736984903,1.0646267348250964,,,,,,,,,,,,,,,,,,,,,,,,,,,,,,,,0,,,,,,0.3938722857840506,4,,2,22,,4,20,,2,,,,,,,,,,,,,,1,,,,,,,,,,,,,,,,,,,
MgF2_x002,MgF2_x020_s01,MgF2,Li_24g,Cl_4d,0.25,compound_set,4,-0.5176027559078347,-0.2490822221273082,True,0.1653922182198171,2.866023598551338,0.6363636363636364,0.1943704985124338,1.0320348104582764,,,,,,,,,,,,,,,,,,,,,,,,,,,,,,,,0,,,,,,0.48726540299785304,2,,2,22,,4,20,,2,,,,,,,,,,,,,,1,,,,,,,,,,,,,,,,,,,
MgF2_x002,MgF2_x020_s02,MgF2,Li_24g,Cl_4d,0.25,compound_set,4,-0.4871610448062955,-0.1572279686002096,True,0.33842657151837385,3.0440627123990343,0.7272727272727273,1.4140112649181453,1.0742907149471217,,,,,,,,,,,,,,,,,,,,,,,,,,,,,,,,0,,,,,,0.3,5,,2,22,,4,20,,2,,,,,,,,,,,,,,1,,,,,,,,,,,,,,,,,,,
MgF2_x002,MgF2_x020_s03,MgF2,Li_24g,Cl_4d,0.25,compound_set,4,-0.5055850048837143,-0.13852675097305658,True,0.20861943365977972,3.0057683339037267,0.6818181818181818,0.5510686521266113,1.0599371922244247,,,,,,,,,,,,,,,,,,,,,,,,,,,,,,,,0,,,,,,0.41333693750676637,3,,2,22,,4,20,,2,,,,,,,,,,,,,,1,,,,,,,,,,,,,,,,,,,
MgF2_x002,MgF2_x020_s04,MgF2,Li_24g,Cl_4d,0.25,compound_set,4,-0.5301311542957863,-0.2398791022664147,True,0.22394046478848928,3.0208770248413472,0.45454545454545453,4.243169221101229,1.06225588001104,0.9688960883324002,0.091290322296538,0.8804452521566803,0.142144,,-694.800228620135,-4.241966053473394,-4.924584524484836,True,16.801153396590816,19.34874251226084,10.602509287308756,0.9943680417870413,True,OK,20.93635555222569,13.705663293520011,33.75192933192022,0.654634626324112,0.23131323924607197,,,,,,,,,,,,0,,,-0.5301311542957863,-0.5521847184036832,-694.8002286201352,0.7000000000000001,1,,2,22,,4,20,,2,,,,,,,,,,,,,,1,,,,,,,,,,,,,,,,,,,
MgF2_x005,MgF2_x050_s00,MgF2,Li_24g,Cl_4d,0.25,compound_set,4,-0.5024203878591584,-0.1567268576584171,True,0.2787402728043467,3.0006017704435375,0.6818181818181818,0.6228543923376527,1.0646227783051958,,,,,,,,,,,,,,,,,,,,,,,,,,,,,,,,0,,,,,,0.40736473428801123,4,,2,22,,4,20,,2,,,,,,,,,,,,,,1,,,,,,,,,,,,,,,,,,,
MgF2_x005,MgF2_x050_s01,MgF2,Li_24g,Cl_4d,0.25,compound_set,4,-0.5182722174680516,-0.2503363792361121,True,0.1580106430451191,2.869303791266677,0.6363636363636364,0.41270000425035885,1.0240534350266426,,,,,,,,,,,,,,,,,,,,,,,,,,,,,,,,0,,,,,,0.5189042326445199,2,,2,22,,4,20,,2,,,,,,,,,,,,,,1,,,,,,,,,,,,,,,,,,,
MgF2_x005,MgF2_x050_s02,MgF2,Li_24g,Cl_4d,0.25,compound_set,4,-0.48716186958522956,-0.1572308684394465,True,0.33842717833492897,3.0440686929008063,0.7272727272727273,1.4140704548998955,1.0742919588225568,,,,,,,,,,,,,,,,,,,,,,,,,,,,,,,,0,,,,,,0.3,5,,2,22,,4,20,,2,,,,,,,,,,,,,,1,,,,,,,,,,,,,,,,,,,
MgF2_x005,MgF2_x050_s03,MgF2,Li_24g,Cl_4d,0.25,compound_set,4,-0.5055561146216774,-0.13856401492340362,True,0.2091709203109222,3.005865111188428,0.6818181818181818,0.5491216289791434,1.0598923744048914,,,,,,,,,,,,,,,,,,,,,,,,,,,,,,,,0,,,,,,0.42942889966853115,3,,2,22,,4,20,,2,,,,,,,,,,,,,,1,,,,,,,,,,,,,,,,,,,
MgF2_x005,MgF2_x050_s04,MgF2,Li_24g,Cl_4d,0.25,compound_set,4,-0.5213063849989594,-0.2289324169486368,True,0.16576560056030912,3.0605934787840656,0.5,3.9649337473650847,1.0452307416792859,0.9751951495764328,0.10800140446805816,0.86987270379174,0.132352,,-686.6246879978293,-4.233790521062578,-3.4943515928961784,True,18.25143470671079,20.267363152417634,5.1793122416544914,0.9999986801815007,True,OK,19.511890516071727,19.841078089469775,44.45492453731193,1.0168711265126718,0.12027492500282581,,,,,,,,,,,,0,,,-0.5213063849989594,-0.5440092818202271,-686.6246879978295,0.7000000000000001,1,,2,22,,4,20,,2,,,,,,,,,,,,,,1,,,,,,,,,,,,,,,,,,,
MgF2_x010,MgF2_x100_s00,MgF2,Li_24g,Cl_4d,0.25,compound_set,4,-0.5024215556256819,-0.1567353495473817,True,0.2787606436864318,3.000602659216717,0.6818181818181818,0.622835353064776,1.0646315181287598,,,,,,,,,,,,,,,,,,,,,,,,,,,,,,,,0,,,,,,0.41166860814187867,3,,2,22,,4,20,,2,,,,,,,,,,,,,,1,,,,,,,,,,,,,,,,,,,
MgF2_x010,MgF2_x100_s01,MgF2,Li_24g,Cl_4d,0.25,compound_set,4,-0.4881079947489444,-0.20445927773109268,True,0.2410129600455957,2.9346256969203184,0.5909090909090909,0.10973544049965103,1.043365716061173,,,,,,,,,,,,,,,,,,,,,,,,,,,,,,,,0,,,,,,0.30692895003539145,4,,2,22,,4,20,,2,,,,,,,,,,,,,,1,,,,,,,,,,,,,,,,,,,
MgF2_x010,MgF2_x100_s02,MgF2,Li_24g,Cl_4d,0.25,compound_set,4,-0.4871610950746814,-0.1572282742583222,True,0.3384276981387034,3.0440652998606823,0.7272727272727273,1.4140237701360738,1.074290605886411,,,,,,,,,,,,,,,,,,,,,,,,,,,,,,,,0,,,,,,0.3,5,,2,22,,4,20,,2,,,,,,,,,,,,,,1,,,,,,,,,,,,,,,,,,,
MgF2_x010,MgF2_x100_s03,MgF2,Li_24g,Cl_4d,0.25,compound_set,4,-0.5055420398372186,-0.13852342020470818,True,0.20851536643273078,3.0056049320874596,0.6818181818181818,0.5474461326731868,1.0599235421036381,,,,,,,,,,,,,,,,,,,,,,,,,,,,,,,,0,,,,,,0.4345027898146041,2,,2,22,,4,20,,2,,,,,,,,,,,,,,1,,,,,,,,,,,,,,,,,,,
MgF2_x010,MgF2_x100_s04,MgF2,Li_24g,Cl_4d,0.25,compound_set,4,-0.5210341006618484,-0.2279099840052564,True,0.16780612055085434,3.0689803927534385,0.5,3.98186169370749,1.0439726861035852,0.959841766857138,0.14585180181744883,0.8198471157013807,0.146048,,-684.4399230501633,-4.231605776903492,-4.797497006603189,True,17.829353488669422,19.815033121144182,3.3951060472547097,0.9999712693848781,True,OK,26.095230317899187,21.450205270792907,50.51072495331899,0.8219971622967369,0.17739490871202887,,,,,,,,,,,,0,,,-0.5210341006618484,-0.5418244809802766,-684.4399230501632,0.7000000000000001,1,,2,22,,4,20,,2,,,,,,,,,,,,,,1,,,,,,,,,,,,,,,,,,,
MgO_x002,MgO_x020_cLi24gaS16e_s00,MgO,Li_24g,S_16e,0.25,compound_set,4,-0.5009746337924241,-0.14472007624988764,True,0.229138024081141,2.9914420154377876,0.45454545454545453,1.4546406659972184,1.092165018427558,0.9749006418215863,0.1274868137363832,0.8506136652861973,0.127936,,-798.6903550225431,-4.213880699294294,-6.50036122029568,True,23.127034077301236,19.59936201321192,5.345692939333068,0.999917819515322,True,OK,24.57090853711656,21.046363466197597,49.115652030940154,0.856556176358118,0.16684414649173052,,,,,,,,,,,,0,,,-0.5009746337924241,-0.5240994172354627,-798.6903550225435,0.49890417851368074,2,,4,22,1,4,19,,,,,,,,,,,,,,,,1,,,,,,,,,,,,,,,,,,,
MgO_x002,MgO_x020_cLi24gaS16e_s01,MgO,Li_24g,S_16e,0.25,compound_set,4,-0.48909697482910897,-0.13709051300963673,True,0.23228148642932542,3.0641146463650486,0.45454545454545453,0.5843355328773764,1.0729727663893363,,,,,,,,,,,,,,,,,,,,,,,,,,,,,,,,0,,,,,,0.3575904257850049,12,,4,22,1,4,19,,,,,,,,,,,,,,,,1,,,,,,,,,,,,,,,,,,,
MgO_x002,MgO_x020_cLi24gaS16e_s02,MgO,Li_24g,S_16e,0.25,compound_set,4,-0.48562672716918964,-0.18194165926765832,True,0.2832002603280353,3.1567703079836478,0.45454545454545453,0.4758007951480874,1.0169307132681416,,,,,,,,,,,,,,,,,,,,,,,,,,,,,,,,0,,,,,,0.3454254533091836,16,,4,22,1,4,19,,,,,,,,,,,,,,,,1,,,,,,,,,,,,,,,,,,,
MgO_x002,MgO_x020_cLi24gaS16e_s03,MgO,Li_24g,S_16e,0.25,compound_set,4,-0.4578919709785838,-0.09875781494811701,True,0.22625323934459748,2.9737523928996725,0.5909090909090909,0.5338740914167173,1.026671341024094,,,,,,,,,,,,,,,,,,,,,,,,,,,,,,,,0,,,,,,0.2482011112026677,40,,4,22,1,4,19,,,,,,,,,,,,,,,,1,,,,,,,,,,,,,,,,,,,
MgO_x002,MgO_x020_cLi24gaS16e_s04,MgO,Li_24g,S_16e,0.25,compound_set,4,-0.4938282261800664,-0.16110325731408437,True,0.19808900851681024,3.077701598387772,0.36363636363636365,1.6803545859147673,1.16638453457078,,,,,,,,,,,,,,,,,,,,,,,,,,,,,,,,0,,,,,,0.37417585371435536,10,,4,22,1,4,19,,,,,,,,,,,,,,,,1,,,,,,,,,,,,,,,,,,,
MgO_x002,MgO_x020_cLi24gaS4a_s00,MgO,Li_24g,S_4a,0.25,compound_set,4,-0.47717453565240486,-0.17120205508751696,True,0.2472671791596136,3.0538075720923943,0.5454545454545454,1.7117476521377264,1.0590918610979387,,,,,,,,,,,,,,,,,,,,,,,,,,,,,,,,0,,,,,,0.3157962489300221,25,,4,22,1,4,19,,,,,,,,,,,,,,,,1,,,,,,,,,,,,,,,,,,,
MgO_x002,MgO_x020_cLi24gaS4a_s01,MgO,Li_24g,S_4a,0.25,compound_set,4,-0.45465962351962563,-0.10647318031660094,True,0.2560403874122227,3.008460771558913,0.3181818181818182,1.1847018789710155,1.0390906192919738,,,,,,,,,,,,,,,,,,,,,,,,,,,,,,,,0,,,,,,0.23687009920468505,42,,4,22,1,4,19,,,,,,,,,,,,,,,,1,,,,,,,,,,,,,,,,,,,
MgO_x002,MgO_x020_cLi24gaS4a_s02,MgO,Li_24g,S_4a,0.25,compound_set,4,-0.49078531008690884,-0.19095975404427795,True,0.24493776843699103,2.9921394980981195,0.3181818181818182,0.8427653794311775,1.183563736744353,0.9921330373582983,0.12399815073602502,0.8691103754417536,0.140672,,-754.8180909394798,-4.138528029859911,-3.225403782843681,True,22.763324822315283,20.27928242351626,4.607599791876944,0.9999849705536581,True,OK,30.60172295239184,21.350948134450828,51.966984663032555,0.6977041184140919,0.21697135733239922,,,,,,,,,,,,0,,,-0.49078531008690884,-0.4487467478010796,-754.8180909394797,0.31871413605513854,24,,4,22,1,4,19,,,,,,,,,,,,,,,,1,,,,,,,,,,,,,,,,,,,
MgO_x002,MgO_x020_cLi24gaS4a_s03,MgO,Li_24g,S_4a,0.25,compound_set,4,-0.4849479406753332,-0.24124229332847263,True,0.2225208263439479,2.8932696964638636,0.5,2.0232471259851645,1.070351914539583,,,,,,,,,,,,,,,,,,,,,,,,,,,,,,,,0,,,,,,0.34304596347907884,20,,4,22,1,4,19,,,,,,,,,,,,,,,,1,,,,,,,,,,,,,,,,,,,
MgO_x002,MgO_x020_cLi24gaS4a_s04,MgO,Li_24g,S_4a,0.25,compound_set,4,-0.4509036442534322,-0.09526784234480866,True,0.39808525778982606,2.9993235617920493,0.5454545454545454,2.3543031010752515,1.1155433699778707,,,,,,,,,,,,,,,,,,,,,,,,,,,,,,,,0,,,,,,0.22370349299362852,43,,4,22,1,4,19,,,,,,,,,,,,,,,,1,,,,,,,,,,,,,,,,,,,
MgO_x002,MgO_x020_chain_Cl_x200_cLi24gaS16e_s00,MgO+Clrich,Li_24g,S_16e,0.25,compound_set_chain,4,-0.49625382308725463,-0.14262522652872522,True,0.24523780045266963,2.9657381062134256,0.3333333333333333,2.491738924203111,1.1655057410127667,,,,,,,,,,,,,,,,,,,,,,,,,,,,,,,,0,,,,,,0.38267879716539077,9,,5,21,1,4,18,,,,,,,,,,,,,,,,1,,,,,,,,,,,,,,,,,,,
MgO_x002,MgO_x020_chain_Cl_x200_cLi24gaS16e_s01,MgO+Clrich,Li_24g,S_16e,0.25,compound_set_chain,4,-0.478582401020601,-0.1399412782129157,True,0.12929943783326847,2.960993608279862,0.5714285714285714,1.4688396573568185,1.067302757066703,,,,,,,,,,,,,,,,,,,,,,,,,,,,,,,,0,,,,,,0.3207315288097775,22,,5,21,1,4,18,,,,,,,,,,,,,,,,1,,,,,,,,,,,,,,,,,,,
MgO_x002,MgO_x020_chain_Cl_x200_cLi24gaS16e_s02,MgO+Clrich,Li_24g,S_16e,0.25,compound_set_chain,4,-0.5002390582292167,-0.17761524399615855,True,0.22541099280423407,3.037003048297464,0.47619047619047616,1.1296660164984953,1.0108883374003508,0.9920975390831535,0.10119706124715032,0.8917001836574084,0.123904,,-824.5301119134621,-4.233766081417982,-7.65337484563924,True,22.86220255078565,19.58902004201618,4.152855763119521,0.9999330423300012,True,OK,27.582270309111593,25.61029442203855,58.671838367248974,0.9285056717603983,0.14547371850516128,,,,,,,,,,,,0,,,-0.5002390582292167,-0.5439847993591505,-824.5301119134618,0.85,1,,5,21,1,4,18,,,,,,,,,,,,,,,,1,,,,,,,,,,,,,,,,,,,
MgO_x002,MgO_x020_chain_Cl_x200_cLi24gaS16e_s03,MgO+Clrich,Li_24g,S_16e,0.25,compound_set_chain,4,-0.47627742486960223,-0.14746440071755768,True,0.18811441713537733,3.0626824248081768,0.38095238095238093,0.7024204292527296,1.0402643823864424,,,,,,,,,,,,,,,,,,,,,,,,,,,,,,,,0,,,,,,0.3126514220905422,26,,5,21,1,4,18,,,,,,,,,,,,,,,,1,,,,,,,,,,,,,,,,,,,
MgO_x002,MgO_x020_chain_Cl_x200_cLi24gaS16e_s04,MgO+Clrich,Li_24g,S_16e,0.25,compound_set_chain,4,-0.4732442545856079,-0.15894685068438574,True,0.26719674355637824,3.076013304506083,0.47619047619047616,1.3851294310228548,1.0580198434834553,,,,,,,,,,,,,,,,,,,,,,,,,,,,,,,,0,,,,,,0.3020186267873599,29,,5,21,1,4,18,,,,,,,,,,,,,,,,1,,,,,,,,,,,,,,,,,,,
MgO_x002,MgO_x020_chain_Cl_x200_cLi24gaS4a_s00,MgO+Clrich,Li_24g,S_4a,0.25,compound_set_chain,4,-0.4836953026886075,-0.18719862212969607,True,0.3306744766136773,3.149084238828958,0.38095238095238093,0.32435186159228085,1.1218680863645556,0.9862371377049011,0.09762061964336072,0.8899600572068542,0.140928,,-814.5957892199112,-4.1973372023232365,-4.642055519769812,True,,,,0.999801324920794,False,"r2=0.9998 / V0 / B0'=-8.80 unphysical (need r2>=0.95, 0<B0'<15)",23.246487216686543,21.03599410688163,48.48355401979592,0.9049106607290671,0.1523951226991264,,,,,,,,,,,,0,,,-0.4836953026886075,-0.5075559202644051,-814.5957892199109,0.4222983616901569,3,,5,21,1,4,18,,,,,,,,,,,,,,,,1,,,,,,,,,,,,,,,,,,,
MgO_x002,MgO_x020_chain_Cl_x200_cLi24gaS4a_s01,MgO+Clrich,Li_24g,S_4a,0.25,compound_set_chain,4,-0.4422594153997865,-0.10209345952594248,True,0.2706158207299508,3.1165098259346267,0.2857142857142857,0.4740291048586758,1.0543715253022041,,,,,,,,,,,,,,,,,,,,,,,,,,,,,,,,0,,,,,,0.1934011006618535,47,,5,21,1,4,18,,,,,,,,,,,,,,,,1,,,,,,,,,,,,,,,,,,,
MgO_x002,MgO_x020_chain_Cl_x200_cLi24gaS4a_s02,MgO+Clrich,Li_24g,S_4a,0.25,compound_set_chain,4,-0.47420842696956633,-0.15015734303496814,True,0.24673779272176116,3.0042862658015332,0.2857142857142857,1.7044307473380471,1.079703100858205,,,,,,,,,,,,,,,,,,,,,,,,,,,,,,,,0,,,,,,0.30539853844273546,28,,5,21,1,4,18,,,,,,,,,,,,,,,,1,,,,,,,,,,,,,,,,,,,
MgO_x002,MgO_x020_chain_Cl_x200_cLi24gaS4a_s03,MgO+Clrich,Li_24g,S_4a,0.25,compound_set_chain,4,-0.44652299190746003,-0.13348563980719824,True,0.26000016743847715,3.005863126929939,0.38095238095238093,2.270441608294668,1.0399622970918179,,,,,,,,,,,,,,,,,,,,,,,,,,,,,,,,0,,,,,,0.20834709182653363,46,,5,21,1,4,18,,,,,,,,,,,,,,,,1,,,,,,,,,,,,,,,,,,,
MgO_x002,MgO_x020_chain_Cl_x200_cLi24gaS4a_s04,MgO+Clrich,Li_24g,S_4a,0.25,compound_set_chain,4,-0.4695938105582904,-0.16061290432512546,True,0.23524396208540302,3.0568465260885906,0.42857142857142855,1.790830305344838,1.083778449460467,,,,,,,,,,,,,,,,,,,,,,,,,,,,,,,,0,,,,,,0.2892219749432446,33,,5,21,1,4,18,,,,,,,,,,,,,,,,1,,,,,,,,,,,,,,,,,,,
MgO_x002,MgO_x020_chain_Cl_x400_cLi24gaS16e_s00,MgO+Clrich,Li_24g,S_16e,0.25,compound_set_chain,4,-0.4850999251260184,-0.1444503996240814,True,0.29339522908882965,3.040012073965368,0.4,0.9633684159744214,1.0451294245050837,,,,,,,,,,,,,,,,,,,,,,,,,,,,,,,,0,,,,,,0.3435787458164009,17,,6,20,1,4,17,,,,,,,,,,,,,,,,1,,,,,,,,,,,,,,,,,,,
MgO_x002,MgO_x020_chain_Cl_x400_cLi24gaS16e_s01,MgO+Clrich,Li_24g,S_16e,0.25,compound_set_chain,4,-0.4997248600811801,-0.13256053069306636,True,0.254760199804429,3.2019361707675933,0.55,0.9278308750994397,1.0831590504099309,,,,,,,,,,,,,,,,,,,,,,,,,,,,,,,,0,,,,,,0.3948465366559615,5,,6,20,1,4,17,,,,,,,,,,,,,,,,1,,,,,,,,,,,,,,,,,,,
MgO_x002,MgO_x020_chain_Cl_x400_cLi24gaS16e_s02,MgO+Clrich,Li_24g,S_16e,0.25,compound_set_chain,4,-0.48505244311840645,-0.0760651869298742,True,0.23861972846162427,3.055981175272199,0.55,0.894030229728388,1.0640153044311624,,,,,,,,,,,,,,,,,,,,,,,,,,,,,,,,0,,,,,,0.34341229737458867,19,,6,20,1,4,17,,,,,,,,,,,,,,,,1,,,,,,,,,,,,,,,,,,,
MgO_x002,MgO_x020_chain_Cl_x400_cLi24gaS16e_s03,MgO+Clrich,Li_24g,S_16e,0.25,compound_set_chain,4,-0.49701617844742163,-0.16255549702866195,True,0.3298795628597218,3.1290055157491583,0.5,1.1896074849271863,1.1167853267642376,,,,,,,,,,,,,,,,,,,,,,,,,,,,,,,,0,,,,,,0.38535123812121636,6,,6,20,1,4,17,,,,,,,,,,,,,,,,1,,,,,,,,,,,,,,,,,,,
MgO_x002,MgO_x020_chain_Cl_x400_cLi24gaS16e_s04,MgO+Clrich,Li_24g,S_16e,0.25,compound_set_chain,4,-0.48716665003202664,-0.12805138111207987,True,0.21830062974026532,3.097419643068952,0.45,1.1550805727869224,1.144861505324331,,,,,,,,,,,,,,,,,,,,,,,,,,,,,,,,0,,,,,,0.35082366147099975,14,,6,20,1,4,17,,,,,,,,,,,,,,,,1,,,,,,,,,,,,,,,,,,,
MgO_x002,MgO_x020_chain_Cl_x400_cLi24gaS4a_s00,MgO+Clrich,Li_24g,S_4a,0.25,compound_set_chain,4,-0.43817487621928297,-0.08186890425119756,True,0.31975213861808166,3.0123265482754915,0.5,1.4077559395163977,1.0520307824509563,,,,,,,,,,,,,,,,,,,,,,,,,,,,,,,,0,,,,,,0.17908272584349993,48,,6,20,1,4,17,,,,,,,,,,,,,,,,1,,,,,,,,,,,,,,,,,,,
MgO_x002,MgO_x020_chain_Cl_x400_cLi24gaS4a_s01,MgO+Clrich,Li_24g,S_4a,0.25,compound_set_chain,4,-0.4728121680947277,-0.14916411001416818,True,0.3989338193764505,3.0496013261124126,0.35,0.8272344574587035,1.0209455522529232,,,,,,,,,,,,,,,,,,,,,,,,,,,,,,,,0,,,,,,0.30050394519000834,31,,6,20,1,4,17,,,,,,,,,,,,,,,,1,,,,,,,,,,,,,,,,,,,
MgO_x002,MgO_x020_chain_Cl_x400_cLi24gaS4a_s02,MgO+Clrich,Li_24g,S_4a,0.25,compound_set_chain,4,-0.46674272394093386,-0.1616207988775808,True,0.2964252979688223,3.0306705322485437,0.45,1.2264201474710594,1.0368265775114276,,,,,,,,,,,,,,,,,,,,,,,,,,,,,,,,0,,,,,,0.27922747494633915,35,,6,20,1,4,17,,,,,,,,,,,,,,,,1,,,,,,,,,,,,,,,,,,,
MgO_x002,MgO_x020_chain_Cl_x400_cLi24gaS4a_s03,MgO+Clrich,Li_24g,S_4a,0.25,compound_set_chain,4,-0.4640355801095337,-0.09097758422248141,True,0.32476748564381236,3.139074844664897,0.2,0.9276746280342423,1.1150038119231123,,,,,,,,,,,,,,,,,,,,,,,,,,,,,,,,0,,,,,,0.2697375671863156,38,,6,20,1,4,17,,,,,,,,,,,,,,,,1,,,,,,,,,,,,,,,,,,,
MgO_x002,MgO_x020_chain_Cl_x400_cLi24gaS4a_s04,MgO+Clrich,Li_24g,S_4a,0.25,compound_set_chain,4,-0.4485463691797307,-0.13671214632535583,True,0.27797919348130457,2.983055135668091,0.35,1.0008764565235062,1.103446630841928,,,,,,,,,,,,,,,,,,,,,,,,,,,,,,,,0,,,,,,0.2154400521099351,44,,6,20,1,4,17,,,,,,,,,,,,,,,,1,,,,,,,,,,,,,,,,,,,
MgO_x002,MgO_x020_chain_Cl_x600_cLi24gaS16e_s00,MgO+Clrich,Li_24g,S_16e,0.25,compound_set_chain,4,-0.4848936785616118,-0.14325772754026553,True,0.2938496695249436,3.0404420427516383,0.4,0.9595543638326867,1.0452335377670725,,,,,,,,,,,,,,,,,,,,,,,,,,,,,,,,0,,,,,,0.3428557473375842,21,,6,20,1,4,17,,,,,,,,,,,,,,,,1,,,,,,,,,,,,,,,,,,,
MgO_x002,MgO_x020_chain_Cl_x600_cLi24gaS16e_s01,MgO+Clrich,Li_24g,S_16e,0.25,compound_set_chain,4,-0.4997596163401816,-0.13274193569454873,True,0.2548170604536689,3.202044750439208,0.55,0.9273466883824913,1.083213493752051,,,,,,,,,,,,,,,,,,,,,,,,,,,,,,,,0,,,,,,0.3949683749152302,4,,6,20,1,4,17,,,,,,,,,,,,,,,,1,,,,,,,,,,,,,,,,,,,
MgO_x002,MgO_x020_chain_Cl_x600_cLi24gaS16e_s02,MgO+Clrich,Li_24g,S_16e,0.25,compound_set_chain,4,-0.48505256374520567,-0.07606516741202723,True,0.23861945216621247,3.0559817013466555,0.55,0.8940265510700207,1.0640143897599785,,,,,,,,,,,,,,,,,,,,,,,,,,,,,,,,0,,,,,,0.34341272023250435,18,,6,20,1,4,17,,,,,,,,,,,,,,,,1,,,,,,,,,,,,,,,,,,,
MgO_x002,MgO_x020_chain_Cl_x600_cLi24gaS16e_s03,MgO+Clrich,Li_24g,S_16e,0.25,compound_set_chain,4,-0.4970130489122484,-0.1625537774843403,True,0.32989527195506574,3.129010154242243,0.5,1.1893609016710962,1.116780228788448,,,,,,,,,,,,,,,,,,,,,,,,,,,,,,,,0,,,,,,0.3853402675182579,7,,6,20,1,4,17,,,,,,,,,,,,,,,,1,,,,,,,,,,,,,,,,,,,
MgO_x002,MgO_x020_chain_Cl_x600_cLi24gaS16e_s04,MgO+Clrich,Li_24g,S_16e,0.25,compound_set_chain,4,-0.48724470027682987,-0.12881381505948994,True,0.2189185452687911,3.0979259076659766,0.45,1.1601645601424524,1.1452084746492783,,,,,,,,,,,,,,,,,,,,,,,,,,,,,,,,0,,,,,,0.3510972670383282,13,,6,20,1,4,17,,,,,,,,,,,,,,,,1,,,,,,,,,,,,,,,,,,,
MgO_x002,MgO_x020_chain_Cl_x600_cLi24gaS4a_s00,MgO+Clrich,Li_24g,S_4a,0.25,compound_set_chain,4,-0.43817328940890654,-0.08182113061876838,True,0.3197781718353114,3.0123865410991097,0.5,1.407660719631174,1.0520388159812577,,,,,,,,,,,,,,,,,,,,,,,,,,,,,,,,0,,,,,,0.17907716327089843,49,,6,20,1,4,17,,,,,,,,,,,,,,,,1,,,,,,,,,,,,,,,,,,,
MgO_x002,MgO_x020_chain_Cl_x600_cLi24gaS4a_s01,MgO+Clrich,Li_24g,S_4a,0.25,compound_set_chain,4,-0.4728267132524735,-0.14929341259233628,True,0.39880609124435745,3.049688572681752,0.35,0.8275499305586861,1.0209216892939006,,,,,,,,,,,,,,,,,,,,,,,,,,,,,,,,0,,,,,,0.3005549333213967,30,,6,20,1,4,17,,,,,,,,,,,,,,,,1,,,,,,,,,,,,,,,,,,,
MgO_x002,MgO_x020_chain_Cl_x600_cLi24gaS4a_s02,MgO+Clrich,Li_24g,S_4a,0.25,compound_set_chain,4,-0.4667449925902325,-0.16160865232475444,True,0.2964472777809333,3.0307093834250973,0.45,1.2259681635060142,1.0368329989901583,,,,,,,,,,,,,,,,,,,,,,,,,,,,,,,,0,,,,,,0.27923542770907533,34,,6,20,1,4,17,,,,,,,,,,,,,,,,1,,,,,,,,,,,,,,,,,,,
MgO_x002,MgO_x020_chain_Cl_x600_cLi24gaS4a_s03,MgO+Clrich,Li_24g,S_4a,0.25,compound_set_chain,4,-0.4640426049707269,-0.0909815808832194,True,0.32468678874687773,3.139051297906446,0.2,0.9284743176580724,1.115042946695237,,,,,,,,,,,,,,,,,,,,,,,,,,,,,,,,0,,,,,,0.26976219287630554,37,,6,20,1,4,17,,,,,,,,,,,,,,,,1,,,,,,,,,,,,,,,,,,,
MgO_x002,MgO_x020_chain_Cl_x600_cLi24gaS4a_s04,MgO+Clrich,Li_24g,S_4a,0.25,compound_set_chain,4,-0.4485459542884538,-0.13669847773005422,True,0.27800227256762006,2.983027975551476,0.35,1.0007802405057717,1.1034604242036805,,,,,,,,,,,,,,,,,,,,,,,,,,,,,,,,0,,,,,,0.21543859770625606,45,,6,20,1,4,17,,,,,,,,,,,,,,,,1,,,,,,,,,,,,,,,,,,,
MgO_x002,MgO_x020_chain_Cl_x800_cLi24gaS16e_s00,MgO+Clrich,Li_24g,S_16e,0.25,compound_set_chain,4,-0.47621229527629794,-0.007301187723271462,True,0.25384370003352624,3.0574758653859857,0.3157894736842105,0.5154100340213551,1.0539210794437468,,,,,,,,,,,,,,,,,,,,,,,,,,,,,,,,0,,,,,,0.3124231099389171,27,,7,19,1,4,16,,,,,,,,,,,,,,,,1,,,,,,,,,,,,,,,,,,,
MgO_x002,MgO_x020_chain_Cl_x800_cLi24gaS16e_s01,MgO+Clrich,Li_24g,S_16e,0.25,compound_set_chain,4,-0.4724670928296959,-0.10220421931170394,True,0.2840251193512915,3.286640298431103,0.47368421052631576,1.0756346230934546,1.0064271059047143,,,,,,,,,,,,,,,,,,,,,,,,,,,,,,,,0,,,,,,0.29929428192888646,32,,7,19,1,4,16,,,,,,,,,,,,,,,,1,,,,,,,,,,,,,,,,,,,
MgO_x002,MgO_x020_chain_Cl_x800_cLi24gaS16e_s02,MgO+Clrich,Li_24g,S_16e,0.25,compound_set_chain,4,-0.49691909676039714,-0.13427447807878357,True,0.19050346981202762,3.126181890732837,0.47368421052631576,1.2130470235126716,1.072722244036506,,,,,,,,,,,,,,,,,,,,,,,,,,,,,,,,0,,,,,,0.38501091772731494,8,,7,19,1,4,16,,,,,,,,,,,,,,,,1,,,,,,,,,,,,,,,,,,,
MgO_x002,MgO_x020_chain_Cl_x800_cLi24gaS16e_s03,MgO+Clrich,Li_24g,S_16e,0.25,compound_set_chain,4,-0.4923956449510074,-0.12324083204416293,True,0.2736555152282532,3.247448194415774,0.42105263157894735,0.5057015679432503,1.009057064480212,,,,,,,,,,,,,,,,,,,,,,,,,,,,,,,,0,,,,,,0.3691539322468581,11,,7,19,1,4,16,,,,,,,,,,,,,,,,1,,,,,,,,,,,,,,,,,,,
MgO_x002,MgO_x020_chain_Cl_x800_cLi24gaS16e_s04,MgO+Clrich,Li_24g,S_16e,0.25,compound_set_chain,4,-0.48586437866773924,-0.08606371954880174,True,0.30306767993827943,3.126635407469316,0.3684210526315789,2.07673787538002,1.0878079314529696,,,,,,,,,,,,,,,,,,,,,,,,,,,,,,,,0,,,,,,0.34625854195933503,15,,7,19,1,4,16,,,,,,,,,,,,,,,,1,,,,,,,,,,,,,,,,,,,
MgO_x002,MgO_x020_chain_Cl_x800_cLi24gaS4a_s00,MgO+Clrich,Li_24g,S_4a,0.25,compound_set_chain,4,-0.4630237524792937,-0.1360793135937637,True,0.42809486485893683,3.0513290696320854,0.5263157894736842,4.682666780538187,1.0754838430309779,,,,,,,,,,,,,,,,,,,,,,,,,,,,,,,,0,,,,,,0.26619059980000775,39,,7,19,1,4,16,,,,,,,,,,,,,,,,1,,,,,,,,,,,,,,,,,,,
MgO_x002,MgO_x020_chain_Cl_x800_cLi24gaS4a_s01,MgO+Clrich,Li_24g,S_4a,0.25,compound_set_chain,4,-0.47824873799989387,-0.07820967973766883,True,0.22986314219395798,3.1805052467793153,0.2631578947368421,0.5937246071388261,1.0653850161299774,,,,,,,,,,,,,,,,,,,,,,,,,,,,,,,,0,,,,,,0.31956187123461866,23,,7,19,1,4,16,,,,,,,,,,,,,,,,1,,,,,,,,,,,,,,,,,,,
MgO_x002,MgO_x020_chain_Cl_x800_cLi24gaS4a_s02,MgO+Clrich,Li_24g,S_4a,0.25,compound_set_chain,4,-0.4645648208420585,-0.06441797878973851,True,0.32453805518194967,3.2065643902844143,0.3157894736842105,0.33617736596697145,1.050622890589411,,,,,,,,,,,,,,,,,,,,,,,,,,,,,,,,0,,,,,,0.2715928235181929,36,,7,19,1,4,16,,,,,,,,,,,,,,,,1,,,,,,,,,,,,,,,,,,,
MgO_x002,MgO_x020_chain_Cl_x800_cLi24gaS4a_s03,MgO+Clrich,Li_24g,S_4a,0.25,compound_set_chain,4,-0.42987857620684355,-0.007331194527049959,True,0.20920937682114743,3.137337147202687,0.15789473684210525,1.6244524031741505,1.1605334964886111,,,,,,,,,,,,,,,,,,,,,,,,,,,,,,,,0,,,,,,0.15,50,,7,19,1,4,16,,,,,,,,,,,,,,,,1,,,,,,,,,,,,,,,,,,,
MgO_x002,MgO_x020_chain_Cl_x800_cLi24gaS4a_s04,MgO+Clrich,Li_24g,S_4a,0.25,compound_set_chain,4,-0.456512279022955,-0.09645887182116761,True,0.3149977984027149,3.1355488016990862,0.3157894736842105,0.9313520981409411,1.0152852525762437,,,,,,,,,,,,,,,,,,,,,,,,,,,,,,,,0,,,,,,0.24336459337738753,41,,7,19,1,4,16,,,,,,,,,,,,,,,,1,,,,,,,,,,,,,,,,,,,
MgO_x005,MgO_x050_cLi24gaS16e_s00,MgO,Li_24g,S_16e,0.25,compound_set,4,-0.5009736036582959,-0.14470864194679317,True,0.22914999084803683,2.9914507366949126,0.45454545454545453,1.4550058492894444,1.0921710055197562,0.9936134950443257,0.09785785032017343,0.8963806143701737,0.134016,,-801.2967530232711,-4.21648714199047,-4.16109560788307,True,14.869304089089743,19.952181231629577,1.8829880827553775,0.9662289868631706,True,OK,28.176870924091297,16.5364718159325,41.492384035444694,0.5868810578889998,0.2545718487382465,,,,,,,,,,,,0,,,-0.5009736036582959,-0.5267058391350625,-801.2967530232715,0.5002958812168136,2,,4,22,1,4,19,,,,,,,,,,,,,,,,1,,,,,,,,,,,,,,,,,,,
MgO_x005,MgO_x050_cLi24gaS16e_s01,MgO,Li_24g,S_16e,0.25,compound_set,4,-0.4890974082630155,-0.13709383752192789,True,0.23227902902890377,3.064112535109409,0.45454545454545453,0.5843082488455653,1.0729682831234562,,,,,,,,,,,,,,,,,,,,,,,,,,,,,,,,0,,,,,,0.33693160921342025,12,,4,22,1,4,19,,,,,,,,,,,,,,,,1,,,,,,,,,,,,,,,,,,,
MgO_x005,MgO_x050_cLi24gaS16e_s02,MgO,Li_24g,S_16e,0.25,compound_set,4,-0.4856262241295193,-0.18193989220548484,True,0.2831935834577861,3.1567689680038398,0.45454545454545453,0.4756755760636817,1.016933986504918,,,,,,,,,,,,,,,,,,,,,,,,,,,,,,,,0,,,,,,0.32570121771028193,17,,4,22,1,4,19,,,,,,,,,,,,,,,,1,,,,,,,,,,,,,,,,,,,
MgO_x005,MgO_x050_cLi24gaS16e_s03,MgO,Li_24g,S_16e,0.25,compound_set,4,-0.4578963707696966,-0.09879075560394926,True,0.22626079341276814,2.9737302564581523,0.5909090909090909,0.534388863056886,1.0266719119774415,,,,,,,,,,,,,,,,,,,,,,,,,,,,,,,,0,,,,,,0.2359862681199359,40,,4,22,1,4,19,,,,,,,,,,,,,,,,1,,,,,,,,,,,,,,,,,,,
MgO_x005,MgO_x050_cLi24gaS16e_s04,MgO,Li_24g,S_16e,0.25,compound_set,4,-0.4939580207134959,-0.16204065815710683,True,0.19655536546865185,3.076996344468061,0.36363636363636365,1.6717409199496582,1.167746733671157,,,,,,,,,,,,,,,,,,,,,,,,,,,,,,,,0,,,,,,0.35265724596002035,9,,4,22,1,4,19,,,,,,,,,,,,,,,,1,,,,,,,,,,,,,,,,,,,
MgO_x005,MgO_x050_cLi24gaS4a_s00,MgO,Li_24g,S_4a,0.25,compound_set,4,-0.4771475095543476,-0.17104932046603435,True,0.2469878852365587,3.0536587762462286,0.5454545454545454,1.7073520276206942,1.059127988570267,,,,,,,,,,,,,,,,,,,,,,,,,,,,,,,,0,,,,,,0.2982698627430545,25,,4,22,1,4,19,,,,,,,,,,,,,,,,1,,,,,,,,,,,,,,,,,,,
MgO_x005,MgO_x050_cLi24gaS4a_s01,MgO,Li_24g,S_4a,0.25,compound_set,4,-0.4546609738858436,-0.10647705967073325,True,0.2560420221481139,3.0084577735550595,0.3181818181818182,1.1848264659064653,1.0390905401511068,,,,,,,,,,,,,,,,,,,,,,,,,,,,,,,,0,,,,,,0.2255187238248697,42,,4,22,1,4,19,,,,,,,,,,,,,,,,1,,,,,,,,,,,,,,,,,,,
MgO_x005,MgO_x050_cLi24gaS4a_s02,MgO,Li_24g,S_4a,0.25,compound_set,4,-0.4907903630552184,-0.1909742776661972,True,0.24495143421675958,2.9921069871809105,0.3181818181818182,0.8432389709734247,1.1835934166893731,0.9906201736388092,0.08323481201643056,0.9081660897062991,0.135424,,-767.4303903750132,-4.151140320408327,-1.1753767320174968,True,17.673333239352978,20.983994812417986,0.13505326009655153,0.9998405209547961,True,OK,23.40520710199524,18.23495402811085,43.42691797312665,0.779098170276663,0.19076028122089264,,,,,,,,,,,,0,,,-0.4907903630552184,-0.46135901755291986,-767.4303903750138,0.3339712464433328,13,,4,22,1,4,19,,,,,,,,,,,,,,,,1,,,,,,,,,,,,,,,,,,,
MgO_x005,MgO_x050_cLi24gaS4a_s03,MgO,Li_24g,S_4a,0.25,compound_set,4,-0.4849384555396954,-0.24127388375326467,True,0.2225381931894073,2.893325222099117,0.5,2.0240337819624057,1.0704329620567885,,,,,,,,,,,,,,,,,,,,,,,,,,,,,,,,0,,,,,,0.32347606622587943,21,,4,22,1,4,19,,,,,,,,,,,,,,,,1,,,,,,,,,,,,,,,,,,,
MgO_x005,MgO_x050_cLi24gaS4a_s04,MgO,Li_24g,S_4a,0.25,compound_set,4,-0.45093743665463304,-0.09524304361959836,True,0.39838074374992855,2.9996866947996894,0.5454545454545454,2.354538076088974,1.1155491288749202,,,,,,,,,,,,,,,,,,,,,,,,,,,,,,,,0,,,,,,0.21347188929382815,43,,4,22,1,4,19,,,,,,,,,,,,,,,,1,,,,,,,,,,,,,,,,,,,
MgO_x005,MgO_x050_chain_Cl_x200_cLi24gaS16e_s00,MgO+Clrich,Li_24g,S_16e,0.25,compound_set_chain,4,-0.49207313925244023,-0.14174020232671497,True,0.2873568136088829,3.0220506256518016,0.38095238095238093,2.0641287352705113,1.166485721016142,,,,,,,,,,,,,,,,,,,,,,,,,,,,,,,,0,,,,,,0.34655905124300823,11,,5,21,1,4,18,,,,,,,,,,,,,,,,1,,,,,,,,,,,,,,,,,,,
MgO_x005,MgO_x050_chain_Cl_x200_cLi24gaS16e_s01,MgO+Clrich,Li_24g,S_16e,0.25,compound_set_chain,4,-0.4786513821012006,-0.1400356244671966,True,0.13046653265167768,2.9615247890634,0.5714285714285714,1.4767810244483672,1.06759909009475,,,,,,,,,,,,,,,,,,,,,,,,,,,,,,,,0,,,,,,0.3031353716940217,23,,5,21,1,4,18,,,,,,,,,,,,,,,,1,,,,,,,,,,,,,,,,,,,
MgO_x005,MgO_x050_chain_Cl_x200_cLi24gaS16e_s02,MgO+Clrich,Li_24g,S_16e,0.25,compound_set_chain,4,-0.5002520775790442,-0.17764839900579282,True,0.22550684480506406,3.0371908730428276,0.47619047619047616,1.130543361632216,1.0112391998831756,0.9898114118171771,0.07944736900038969,0.9111734993417412,0.118656,,-835.4996912945501,-4.244735686562358,-8.642377816679524,True,24.27112888414609,19.4688075869216,5.4926990795729616,0.9998988255895932,True,OK,25.685481806527807,22.68355763190374,52.574120727140986,0.8831275894594608,0.1588596811021626,,,,,,,,,,,,0,,,-0.5002520775790442,-0.5549543837069502,-835.4996912945496,0.85,1,,5,21,1,4,18,,,,,,,,,,,,,,,,1,,,,,,,,,,,,,,,,,,,
MgO_x005,MgO_x050_chain_Cl_x200_cLi24gaS16e_s03,MgO+Clrich,Li_24g,S_16e,0.25,compound_set_chain,4,-0.47627755817565465,-0.14746512607011197,True,0.18811485138836317,3.0626840528310075,0.38095238095238093,0.7024184591548824,1.04026447068289,,,,,,,,,,,,,,,,,,,,,,,,,,,,,,,,0,,,,,,0.29545529163542034,26,,5,21,1,4,18,,,,,,,,,,,,,,,,1,,,,,,,,,,,,,,,,,,,
MgO_x005,MgO_x050_chain_Cl_x200_cLi24gaS16e_s04,MgO+Clrich,Li_24g,S_16e,0.25,compound_set_chain,4,-0.47324403902705825,-0.15894282301837023,True,0.2672038509196369,3.0760261088291347,0.47619047619047616,1.385141543788984,1.0580125470387725,,,,,,,,,,,,,,,,,,,,,,,,,,,,,,,,0,,,,,,0.28564088641782936,29,,5,21,1,4,18,,,,,,,,,,,,,,,,1,,,,,,,,,,,,,,,,,,,
MgO_x005,MgO_x050_chain_Cl_x200_cLi24gaS4a_s00,MgO+Clrich,Li_24g,S_4a,0.25,compound_set_chain,4,-0.48369574409389404,-0.1871995625825865,True,0.3306748781247579,3.1490768495428383,0.38095238095238093,0.324437197576886,1.1218705749827038,0.9695455087951137,0.103359010125688,0.8693342447342441,0.137472,,-812.1941360135901,-4.1949355573866125,-0.6868032762840323,True,14.519605470773406,21.063659694760748,6.2903999400977195,0.9997679868004012,True,OK,19.368579309065083,17.138157203675615,39.703896347995574,0.8848432778781269,0.15834788641920897,,,,,,,,,,,,0,,,-0.48369574409389404,-0.5051542545312051,-812.1941360135901,0.38888064532400196,3,,5,21,1,4,18,,,,,,,,,,,,,,,,1,,,,,,,,,,,,,,,,,,,
MgO_x005,MgO_x050_chain_Cl_x200_cLi24gaS4a_s01,MgO+Clrich,Li_24g,S_4a,0.25,compound_set_chain,4,-0.4422594022367763,-0.10209351867961038,True,0.2706024838459853,3.1165162955060146,0.2857142857142857,0.47407989800062383,1.054370907685451,,,,,,,,,,,,,,,,,,,,,,,,,,,,,,,,0,,,,,,0.18539567085015857,47,,5,21,1,4,18,,,,,,,,,,,,,,,,1,,,,,,,,,,,,,,,,,,,
MgO_x005,MgO_x050_chain_Cl_x200_cLi24gaS4a_s02,MgO+Clrich,Li_24g,S_4a,0.25,compound_set_chain,4,-0.4742059910503036,-0.15016819207656049,True,0.24675689115835642,3.0042422607679193,0.2857142857142857,1.7047401461105338,1.0796943498612706,,,,,,,,,,,,,,,,,,,,,,,,,,,,,,,,0,,,,,,0.2887531090521845,28,,5,21,1,4,18,,,,,,,,,,,,,,,,1,,,,,,,,,,,,,,,,,,,
MgO_x005,MgO_x050_chain_Cl_x200_cLi24gaS4a_s03,MgO+Clrich,Li_24g,S_4a,0.25,compound_set_chain,4,-0.4465247124122751,-0.13347358229362907,True,0.2600281703980915,3.005851972819202,0.38095238095238093,2.270220226319362,1.039954095826125,,,,,,,,,,,,,,,,,,,,,,,,,,,,,,,,0,,,,,,0.19919531423148626,46,,5,21,1,4,18,,,,,,,,,,,,,,,,1,,,,,,,,,,,,,,,,,,,
MgO_x005,MgO_x050_chain_Cl_x200_cLi24gaS4a_s04,MgO+Clrich,Li_24g,S_4a,0.25,compound_set_chain,4,-0.4695949222331466,-0.16062021809611507,True,0.2352571479488585,3.0568465222719627,0.42857142857142855,1.791033657715716,1.0837801118449266,,,,,,,,,,,,,,,,,,,,,,,,,,,,,,,,0,,,,,,0.2738348258171121,33,,5,21,1,4,18,,,,,,,,,,,,,,,,1,,,,,,,,,,,,,,,,,,,
MgO_x005,MgO_x050_chain_Cl_x400_cLi24gaS16e_s00,MgO+Clrich,Li_24g,S_16e,0.25,compound_set_chain,4,-0.48481941700108155,-0.14266047669003423,True,0.2941145071186816,3.0408885492492788,0.4,0.957085802497698,1.0453547086108097,,,,,,,,,,,,,,,,,,,,,,,,,,,,,,,,0,,,,,,0.3230909384593359,22,,6,20,1,4,17,,,,,,,,,,,,,,,,1,,,,,,,,,,,,,,,,,,,
MgO_x005,MgO_x050_chain_Cl_x400_cLi24gaS16e_s01,MgO+Clrich,Li_24g,S_16e,0.25,compound_set_chain,4,-0.49960408471890183,-0.1318720404135986,True,0.25428366572403066,3.201608722995515,0.55,0.9290536846982955,1.0829693617437557,,,,,,,,,,,,,,,,,,,,,,,,,,,,,,,,0,,,,,,0.37092406984314874,5,,6,20,1,4,17,,,,,,,,,,,,,,,,1,,,,,,,,,,,,,,,,,,,
MgO_x005,MgO_x050_chain_Cl_x400_cLi24gaS16e_s02,MgO+Clrich,Li_24g,S_16e,0.25,compound_set_chain,4,-0.4850524747376914,-0.07606520325911988,True,0.23862037789215204,3.055980588600294,0.55,0.8940205988351351,1.0640149659967102,,,,,,,,,,,,,,,,,,,,,,,,,,,,,,,,0,,,,,,0.3238449548192597,18,,6,20,1,4,17,,,,,,,,,,,,,,,,1,,,,,,,,,,,,,,,,,,,
MgO_x005,MgO_x050_chain_Cl_x400_cLi24gaS16e_s03,MgO+Clrich,Li_24g,S_16e,0.25,compound_set_chain,4,-0.4970175266838712,-0.1625560703822451,True,0.3298725845539146,3.1290027460750207,0.5,1.1897048165477069,1.1167865887703137,,,,,,,,,,,,,,,,,,,,,,,,,,,,,,,,0,,,,,,0.36255572686224086,7,,6,20,1,4,17,,,,,,,,,,,,,,,,1,,,,,,,,,,,,,,,,,,,
MgO_x005,MgO_x050_chain_Cl_x400_cLi24gaS16e_s04,MgO+Clrich,Li_24g,S_16e,0.25,compound_set_chain,4,-0.4871891523142855,-0.12819989284990804,True,0.21859904777745928,3.0974681064962093,0.45,1.1560598051831226,1.144969872495999,,,,,,,,,,,,,,,,,,,,,,,,,,,,,,,,0,,,,,,0.3307577905485931,14,,6,20,1,4,17,,,,,,,,,,,,,,,,1,,,,,,,,,,,,,,,,,,,
MgO_x005,MgO_x050_chain_Cl_x400_cLi24gaS4a_s00,MgO+Clrich,Li_24g,S_4a,0.25,compound_set_chain,4,-0.4379209799889141,-0.08044183025681395,True,0.32383769873676244,3.011703119200079,0.5,1.3740921111933324,1.0522964498841796,,,,,,,,,,,,,,,,,,,,,,,,,,,,,,,,0,,,,,,0.17135948651776944,49,,6,20,1,4,17,,,,,,,,,,,,,,,,1,,,,,,,,,,,,,,,,,,,
MgO_x005,MgO_x050_chain_Cl_x400_cLi24gaS4a_s01,MgO+Clrich,Li_24g,S_4a,0.25,compound_set_chain,4,-0.4728304905772731,-0.14916791309503094,True,0.3990087176067703,3.049803410083467,0.35,0.8249634372190414,1.0210250975468624,,,,,,,,,,,,,,,,,,,,,,,,,,,,,,,,0,,,,,,0.28430292484103303,30,,6,20,1,4,17,,,,,,,,,,,,,,,,1,,,,,,,,,,,,,,,,,,,
MgO_x005,MgO_x050_chain_Cl_x400_cLi24gaS4a_s02,MgO+Clrich,Li_24g,S_4a,0.25,compound_set_chain,4,-0.4667417632830899,-0.16162246624808685,True,0.2964267160618212,3.030664422358488,0.45,1.2264517973615965,1.0368235901130312,,,,,,,,,,,,,,,,,,,,,,,,,,,,,,,,0,,,,,,0.26460394355978106,34,,6,20,1,4,17,,,,,,,,,,,,,,,,1,,,,,,,,,,,,,,,,,,,
MgO_x005,MgO_x050_chain_Cl_x400_cLi24gaS4a_s03,MgO+Clrich,Li_24g,S_4a,0.25,compound_set_chain,4,-0.46404342033964685,-0.09098181302149869,True,0.3246789713422087,3.139059756280905,0.2,0.9286611123264127,1.1150438693884897,,,,,,,,,,,,,,,,,,,,,,,,,,,,,,,,0,,,,,,0.25587394062730223,37,,6,20,1,4,17,,,,,,,,,,,,,,,,1,,,,,,,,,,,,,,,,,,,
MgO_x005,MgO_x050_chain_Cl_x400_cLi24gaS4a_s04,MgO+Clrich,Li_24g,S_4a,0.25,compound_set_chain,4,-0.4485443484665623,-0.13666692832375513,True,0.2780495436673216,2.982984311790755,0.35,1.0007551850510377,1.1034781505715512,,,,,,,,,,,,,,,,,,,,,,,,,,,,,,,,0,,,,,,0.20572948318110465,45,,6,20,1,4,17,,,,,,,,,,,,,,,,1,,,,,,,,,,,,,,,,,,,
MgO_x005,MgO_x050_chain_Cl_x600_cLi24gaS16e_s00,MgO+Clrich,Li_24g,S_16e,0.25,compound_set_chain,4,-0.48494571444932166,-0.14373208125819228,True,0.2935983684234011,3.0401381050178533,0.4,0.9566697663430395,1.0451818720487231,,,,,,,,,,,,,,,,,,,,,,,,,,,,,,,,0,,,,,,0.323499551121481,20,,6,20,1,4,17,,,,,,,,,,,,,,,,1,,,,,,,,,,,,,,,,,,,
MgO_x005,MgO_x050_chain_Cl_x600_cLi24gaS16e_s01,MgO+Clrich,Li_24g,S_16e,0.25,compound_set_chain,4,-0.49975186363627344,-0.13269968459698644,True,0.25479994852493104,3.2020195200463526,0.55,0.9274525401671794,1.0832008231545052,,,,,,,,,,,,,,,,,,,,,,,,,,,,,,,,0,,,,,,0.3714021819323283,4,,6,20,1,4,17,,,,,,,,,,,,,,,,1,,,,,,,,,,,,,,,,,,,
MgO_x005,MgO_x050_chain_Cl_x600_cLi24gaS16e_s02,MgO+Clrich,Li_24g,S_16e,0.25,compound_set_chain,4,-0.48505214969444754,-0.07606606458011717,True,0.23861829994800138,3.0559805394200965,0.55,0.8940083337270449,1.0640150947758404,,,,,,,,,,,,,,,,,,,,,,,,,,,,,,,,0,,,,,,0.32384390320034695,19,,6,20,1,4,17,,,,,,,,,,,,,,,,1,,,,,,,,,,,,,,,,,,,
MgO_x005,MgO_x050_chain_Cl_x600_cLi24gaS16e_s03,MgO+Clrich,Li_24g,S_16e,0.25,compound_set_chain,4,-0.49701932304950347,-0.16255680823963423,True,0.3298626936446491,3.1289996799860833,0.5,1.1898226923100956,1.1167882527118456,,,,,,,,,,,,,,,,,,,,,,,,,,,,,,,,0,,,,,,0.3625615386799253,6,,6,20,1,4,17,,,,,,,,,,,,,,,,1,,,,,,,,,,,,,,,,,,,
MgO_x005,MgO_x050_chain_Cl_x600_cLi24gaS16e_s04,MgO+Clrich,Li_24g,S_16e,0.25,compound_set_chain,4,-0.48712074485676293,-0.1277322967329391,True,0.2177710465783853,3.097157191774676,0.45,1.1527881798215167,1.144702094905494,,,,,,,,,,,,,,,,,,,,,,,,,,,,,,,,0,,,,,,0.33053647053208945,15,,6,20,1,4,17,,,,,,,,,,,,,,,,1,,,,,,,,,,,,,,,,,,,
MgO_x005,MgO_x050_chain_Cl_x600_cLi24gaS4a_s00,MgO+Clrich,Li_24g,S_4a,0.25,compound_set_chain,4,-0.4381724263884488,-0.08182298363352392,True,0.31978649506579837,3.0124262083644604,0.5,1.4074877752844421,1.052043059225143,,,,,,,,,,,,,,,,,,,,,,,,,,,,,,,,0,,,,,,0.17217299608690445,48,,6,20,1,4,17,,,,,,,,,,,,,,,,1,,,,,,,,,,,,,,,,,,,
MgO_x005,MgO_x050_chain_Cl_x600_cLi24gaS4a_s01,MgO+Clrich,Li_24g,S_4a,0.25,compound_set_chain,4,-0.4728248805115589,-0.14919613026751988,True,0.39896977432253583,3.049751528839397,0.35,0.8260663807849608,1.020980095240073,,,,,,,,,,,,,,,,,,,,,,,,,,,,,,,,0,,,,,,0.284284774483142,31,,6,20,1,4,17,,,,,,,,,,,,,,,,1,,,,,,,,,,,,,,,,,,,
MgO_x005,MgO_x050_chain_Cl_x600_cLi24gaS4a_s02,MgO+Clrich,Li_24g,S_4a,0.25,compound_set_chain,4,-0.46674009360264446,-0.16162550622154545,True,0.29642303268516834,3.0306518486591636,0.45,1.2267825824771301,1.0368237653313428,,,,,,,,,,,,,,,,,,,,,,,,,,,,,,,,0,,,,,,0.2645985416092171,35,,6,20,1,4,17,,,,,,,,,,,,,,,,1,,,,,,,,,,,,,,,,,,,
MgO_x005,MgO_x050_chain_Cl_x600_cLi24gaS4a_s03,MgO+Clrich,Li_24g,S_4a,0.25,compound_set_chain,4,-0.46403950061780286,-0.09097454318253627,True,0.324722513592047,3.139069253774079,0.2,0.9280732936474089,1.115023301486502,,,,,,,,,,,,,,,,,,,,,,,,,,,,,,,,0,,,,,,0.2558612590727668,38,,6,20,1,4,17,,,,,,,,,,,,,,,,1,,,,,,,,,,,,,,,,,,,
MgO_x005,MgO_x050_chain_Cl_x600_cLi24gaS4a_s04,MgO+Clrich,Li_24g,S_4a,0.25,compound_set_chain,4,-0.44854675678330214,-0.1367314020843796,True,0.27795554588638294,2.98306999050062,0.35,1.000747646078886,1.1034423709772319,,,,,,,,,,,,,,,,,,,,,,,,,,,,,,,,0,,,,,,0.2057372748564556,44,,6,20,1,4,17,,,,,,,,,,,,,,,,1,,,,,,,,,,,,,,,,,,,
MgO_x005,MgO_x050_chain_Cl_x800_cLi24gaS16e_s00,MgO+Clrich,Li_24g,S_16e,0.25,compound_set_chain,4,-0.47621231909721473,-0.007302094820044693,True,0.2538456660956137,3.0574787155680063,0.3157894736842105,0.5154350646714783,1.053922594899503,,,,,,,,,,,,,,,,,,,,,,,,,,,,,,,,0,,,,,,0.29524422233917813,27,,7,19,1,4,16,,,,,,,,,,,,,,,,1,,,,,,,,,,,,,,,,,,,
MgO_x005,MgO_x050_chain_Cl_x800_cLi24gaS16e_s01,MgO+Clrich,Li_24g,S_16e,0.25,compound_set_chain,4,-0.47244766894660106,-0.10217695725846158,True,0.2846628706468875,3.2875678720909356,0.47368421052631576,1.075854674918358,1.006449183319596,,,,,,,,,,,,,,,,,,,,,,,,,,,,,,,,0,,,,,,0.2830643743571132,32,,7,19,1,4,16,,,,,,,,,,,,,,,,1,,,,,,,,,,,,,,,,,,,
MgO_x005,MgO_x050_chain_Cl_x800_cLi24gaS16e_s02,MgO+Clrich,Li_24g,S_16e,0.25,compound_set_chain,4,-0.4969206206787806,-0.134282587226484,True,0.1904948182885748,3.1261771687800692,0.47368421052631576,1.2129994406363287,1.0727220258822145,,,,,,,,,,,,,,,,,,,,,,,,,,,,,,,,0,,,,,,0.3622422049243895,8,,7,19,1,4,16,,,,,,,,,,,,,,,,1,,,,,,,,,,,,,,,,,,,
MgO_x005,MgO_x050_chain_Cl_x800_cLi24gaS16e_s03,MgO+Clrich,Li_24g,S_16e,0.25,compound_set_chain,4,-0.49237713357290325,-0.12320853544637608,True,0.2737064364361793,3.2474512243793137,0.42105263157894735,0.5077755420157994,1.009018447851299,,,,,,,,,,,,,,,,,,,,,,,,,,,,,,,,0,,,,,,0.34754257015247375,10,,7,19,1,4,16,,,,,,,,,,,,,,,,1,,,,,,,,,,,,,,,,,,,
MgO_x005,MgO_x050_chain_Cl_x800_cLi24gaS16e_s04,MgO+Clrich,Li_24g,S_16e,0.25,compound_set_chain,4,-0.4860119948289148,-0.08624992478495878,True,0.30550981234258817,3.127125149029521,0.3684210526315789,2.1051199139311674,1.0880396117375801,,,,,,,,,,,,,,,,,,,,,,,,,,,,,,,,0,,,,,,0.32694930937526867,16,,7,19,1,4,16,,,,,,,,,,,,,,,,1,,,,,,,,,,,,,,,,,,,
MgO_x005,MgO_x050_chain_Cl_x800_cLi24gaS4a_s00,MgO+Clrich,Li_24g,S_4a,0.25,compound_set_chain,4,-0.4629607598373333,-0.13595436078750242,True,0.4276471820555759,3.05018853569344,0.5263157894736842,4.676115298851348,1.0754380339291163,,,,,,,,,,,,,,,,,,,,,,,,,,,,,,,,0,,,,,,0.2523711874346276,39,,7,19,1,4,16,,,,,,,,,,,,,,,,1,,,,,,,,,,,,,,,,,,,
MgO_x005,MgO_x050_chain_Cl_x800_cLi24gaS4a_s01,MgO+Clrich,Li_24g,S_4a,0.25,compound_set_chain,4,-0.4782445099892936,-0.07827013280337487,True,0.22988404161076045,3.180544434163257,0.2631578947368421,0.5920309156896335,1.0653900506414362,,,,,,,,,,,,,,,,,,,,,,,,,,,,,,,,0,,,,,,0.3018190102067898,24,,7,19,1,4,16,,,,,,,,,,,,,,,,1,,,,,,,,,,,,,,,,,,,
MgO_x005,MgO_x050_chain_Cl_x800_cLi24gaS4a_s02,MgO+Clrich,Li_24g,S_4a,0.25,compound_set_chain,4,-0.4645682870017822,-0.06444341742444232,True,0.3245382003680737,3.206541194765645,0.3157894736842105,0.3353728423027657,1.0506171193819374,,,,,,,,,,,,,,,,,,,,,,,,,,,,,,,,0,,,,,,0.2575720522445585,36,,7,19,1,4,16,,,,,,,,,,,,,,,,1,,,,,,,,,,,,,,,,,,,
MgO_x005,MgO_x050_chain_Cl_x800_cLi24gaS4a_s03,MgO+Clrich,Li_24g,S_4a,0.25,compound_set_chain,4,-0.43131900972996196,-0.01005153245968698,True,0.21328621940895057,3.1361581483301517,0.15789473684210525,1.5472431183407707,1.163837643830922,,,,,,,,,,,,,,,,,,,,,,,,,,,,,,,,0,,,,,,0.15,50,,7,19,1,4,16,,,,,,,,,,,,,,,,1,,,,,,,,,,,,,,,,,,,
MgO_x005,MgO_x050_chain_Cl_x800_cLi24gaS4a_s04,MgO+Clrich,Li_24g,S_4a,0.25,compound_set_chain,4,-0.4565125038986757,-0.09645583977776892,True,0.3149971317729013,3.1355468835510423,0.3157894736842105,0.9313678041582516,1.0152845436091522,,,,,,,,,,,,,,,,,,,,,,,,,,,,,,,,0,,,,,,0.231509015933912,41,,7,19,1,4,16,,,,,,,,,,,,,,,,1,,,,,,,,,,,,,,,,,,,
MgO_x010,MgO_x100_cLi24gaS16e_s00,MgO,Li_24g,S_16e,0.25,compound_set,4,-0.5010068614971415,-0.14498659028232438,True,0.22922216115739308,2.991531014466893,0.45454545454545453,1.4512643835535137,1.092188095059517,0.9879371291789307,0.11706849760901118,0.8722808137337937,0.14272,,-784.8409307508679,-4.200031310675034,-1.7999701506572323,True,17.537016334080356,20.584002525733943,3.818733588996357,0.999369214360441,True,OK,22.23829106682843,13.727461204430115,34.154621707329824,0.617289393469023,0.24402543189513717,,,,,,,,,,,,0,,,-0.5010068614971415,-0.510250025965659,-784.8409307508679,0.5064377213197102,3,,4,22,1,4,19,,,,,,,,,,,,,,,,1,,,,,,,,,,,,,,,,,,,
MgO_x010,MgO_x100_cLi24gaS16e_s01,MgO,Li_24g,S_16e,0.25,compound_set,4,-0.4890627971035748,-0.13682767935950524,True,0.23237443704556904,3.0642439798700494,0.45454545454545453,0.587010917208057,1.0733064212691246,,,,,,,,,,,,,,,,,,,,,,,,,,,,,,,,0,,,,,,0.3823859560447689,13,,4,22,1,4,19,,,,,,,,,,,,,,,,1,,,,,,,,,,,,,,,,,,,
MgO_x010,MgO_x100_cLi24gaS16e_s02,MgO,Li_24g,S_16e,0.25,compound_set,4,-0.48562657702366785,-0.18194137066341487,True,0.28319808534042584,3.1567692926581397,0.45454545454545453,0.4757263049755989,1.0169327470655003,,,,,,,,,,,,,,,,,,,,,,,,,,,,,,,,0,,,,,,0.3685558721018132,17,,4,22,1,4,19,,,,,,,,,,,,,,,,1,,,,,,,,,,,,,,,,,,,
MgO_x010,MgO_x100_cLi24gaS16e_s03,MgO,Li_24g,S_16e,0.25,compound_set,4,-0.4578910322182628,-0.09876221303010632,True,0.2262502472584169,2.9737257325715247,0.5909090909090909,0.5339076235692487,1.026671006149854,,,,,,,,,,,,,,,,,,,,,,,,,,,,,,,,0,,,,,,0.25692596949302926,40,,4,22,1,4,19,,,,,,,,,,,,,,,,1,,,,,,,,,,,,,,,,,,,
MgO_x010,MgO_x100_cLi24gaS16e_s04,MgO,Li_24g,S_16e,0.25,compound_set,4,-0.4939587349131731,-0.1620459878761539,True,0.1965501825323007,3.0769959440017716,0.36363636363636365,1.6716311766551237,1.167752533981702,,,,,,,,,,,,,,,,,,,,,,,,,,,,,,,,0,,,,,,0.4020911056893366,10,,4,22,1,4,19,,,,,,,,,,,,,,,,1,,,,,,,,,,,,,,,,,,,
MgO_x010,MgO_x100_cLi24gaS4a_s00,MgO,Li_24g,S_4a,0.25,compound_set,4,-0.47717822967920753,-0.1712239907781877,True,0.24730431821242585,3.0538290347808554,0.5454545454545454,1.7123629714398854,1.0590860199969412,,,,,,,,,,,,,,,,,,,,,,,,,,,,,,,,0,,,,,,0.3345529996908304,25,,4,22,1,4,19,,,,,,,,,,,,,,,,1,,,,,,,,,,,,,,,,,,,
MgO_x010,MgO_x100_cLi24gaS4a_s01,MgO,Li_24g,S_4a,0.25,compound_set,4,-0.4550763926165491,-0.10691924539961044,True,0.2588112763367887,3.008422826292879,0.3181818181818182,1.2248601960562902,1.0399024026004073,,,,,,,,,,,,,,,,,,,,,,,,,,,,,,,,0,,,,,,0.2455976200114321,42,,4,22,1,4,19,,,,,,,,,,,,,,,,1,,,,,,,,,,,,,,,,,,,
MgO_x010,MgO_x100_cLi24gaS4a_s02,MgO,Li_24g,S_4a,0.25,compound_set,4,-0.4907893578833784,-0.1909699858856459,True,0.24494339639538773,2.9921087840446123,0.3181818181818182,0.8431025272212219,1.1835860414907855,0.9997050309098213,0.11591000979765315,0.8838292109823008,0.117568,,-836.7794864247792,-4.220489435947386,-9.122499655793872,True,20.458882611556408,18.833480321352692,10.406453055663954,0.9972600059044113,True,OK,36.42550544503301,25.663449091815103,62.347999831428034,0.704546135414425,0.21472370312283562,,,,,,,,,,,,0,,,-0.4907893578833784,-0.5307081512380112,-836.7794864247791,0.85,1,,4,22,1,4,19,,,,,,,,,,,,,,,,1,,,,,,,,,,,,,,,,,,,
MgO_x010,MgO_x100_cLi24gaS4a_s03,MgO,Li_24g,S_4a,0.25,compound_set,4,-0.4849489597055605,-0.241230525211415,True,0.22251947884191825,2.893264010658629,0.5,2.0231371269516765,1.0703740190455218,,,,,,,,,,,,,,,,,,,,,,,,,,,,,,,,0,,,,,,0.365828600805826,20,,4,22,1,4,19,,,,,,,,,,,,,,,,1,,,,,,,,,,,,,,,,,,,
MgO_x010,MgO_x100_cLi24gaS4a_s04,MgO,Li_24g,S_4a,0.25,compound_set,4,-0.45089225990706705,-0.09528477699601359,True,0.39797253993165027,2.999211650203924,0.5454545454545454,2.3537174936372627,1.1155503054971518,,,,,,,,,,,,,,,,,,,,,,,,,,,,,,,,0,,,,,,0.2287573405022773,43,,4,22,1,4,19,,,,,,,,,,,,,,,,1,,,,,,,,,,,,,,,,,,,
MgO_x010,MgO_x100_chain_Cl_x200_cLi24gaS16e_s00,MgO+Clrich,Li_24g,S_16e,0.25,compound_set_chain,4,-0.49214330924067173,-0.1418653311658987,True,0.287653613087517,3.0210017859197476,0.38095238095238093,2.0690944568043426,1.1664316236672803,,,,,,,,,,,,,,,,,,,,,,,,,,,,,,,,0,,,,,,0.3947843881744414,12,,5,21,1,4,18,,,,,,,,,,,,,,,,1,,,,,,,,,,,,,,,,,,,
MgO_x010,MgO_x100_chain_Cl_x200_cLi24gaS16e_s01,MgO+Clrich,Li_24g,S_16e,0.25,compound_set_chain,4,-0.4785196373577776,-0.13984428322610057,True,0.12818840904359718,2.960433304656153,0.5714285714285714,1.4603973760230846,1.0669941371927352,,,,,,,,,,,,,,,,,,,,,,,,,,,,,,,,0,,,,,,0.3399518916025649,23,,5,21,1,4,18,,,,,,,,,,,,,,,,1,,,,,,,,,,,,,,,,,,,
MgO_x010,MgO_x100_chain_Cl_x200_cLi24gaS16e_s02,MgO+Clrich,Li_24g,S_16e,0.25,compound_set_chain,4,-0.5002870850263976,-0.17745888647840358,True,0.22492116722979336,3.0375473086684326,0.47619047619047616,1.144682706245044,1.011806432905952,0.9817889910582908,0.08414593116102728,0.8991754422020454,0.135744,,-790.5094260833403,-4.199745406720146,-4.565754202027086,True,17.20695946600729,20.229969997294226,6.693887262123069,0.9998645747932814,True,OK,23.125297522599347,18.83120934311415,44.432883339566395,0.8143120893779303,0.17976712302372128,,,,,,,,,,,,0,,,-0.5002870850263976,-0.5099641220107705,-790.5094260833403,0.6005190676148789,2,,5,21,1,4,18,,,,,,,,,,,,,,,,1,,,,,,,,,,,,,,,,,,,
MgO_x010,MgO_x100_chain_Cl_x200_cLi24gaS16e_s03,MgO+Clrich,Li_24g,S_16e,0.25,compound_set_chain,4,-0.47627778592670733,-0.14746375916234605,True,0.18811620936352577,3.0626831518645523,0.38095238095238093,0.7023940687025484,1.0402660402915163,,,,,,,,,,,,,,,,,,,,,,,,,,,,,,,,0,,,,,,0.3309288975107032,26,,5,21,1,4,18,,,,,,,,,,,,,,,,1,,,,,,,,,,,,,,,,,,,
MgO_x010,MgO_x100_chain_Cl_x200_cLi24gaS16e_s04,MgO+Clrich,Li_24g,S_16e,0.25,compound_set_chain,4,-0.47324378066833983,-0.15893958717321485,True,0.26720924560446563,3.0760361637931974,0.47619047619047616,1.38513935037331,1.0580075902773385,,,,,,,,,,,,,,,,,,,,,,,,,,,,,,,,0,,,,,,0.31871764606847086,29,,5,21,1,4,18,,,,,,,,,,,,,,,,1,,,,,,,,,,,,,,,,,,,
MgO_x010,MgO_x100_chain_Cl_x200_cLi24gaS4a_s00,MgO+Clrich,Li_24g,S_4a,0.25,compound_set_chain,4,-0.483694247294995,-0.1871977598969253,True,0.33067754769082125,3.14910356889306,0.38095238095238093,0.3241565983800535,1.121865730186054,0.9739202020249299,0.1166390973415275,0.860323028778064,0.140032,,-813.9708622428117,-4.1967122583826555,-3.6047455419922527,True,15.329341965513388,20.406595917763205,7.002817478526715,0.9991853542056306,True,OK,13.189343429956951,13.363783904331235,29.96942090670606,1.0132258649037889,0.12129248427134838,,,,,,,,,,,,0,,,-0.483694247294995,-0.5069309736732803,-813.9708622428117,0.4543017170030347,4,,5,21,1,4,18,,,,,,,,,,,,,,,,1,,,,,,,,,,,,,,,,,,,
MgO_x010,MgO_x100_chain_Cl_x200_cLi24gaS4a_s01,MgO+Clrich,Li_24g,S_4a,0.25,compound_set_chain,4,-0.4422591430298839,-0.10209297312308159,True,0.2706026784684452,3.116516721067242,0.2857142857142857,0.4741089606779708,1.0543664078261021,,,,,,,,,,,,,,,,,,,,,,,,,,,,,,,,0,,,,,,0.19401080846291402,47,,5,21,1,4,18,,,,,,,,,,,,,,,,1,,,,,,,,,,,,,,,,,,,
MgO_x010,MgO_x100_chain_Cl_x200_cLi24gaS4a_s02,MgO+Clrich,Li_24g,S_4a,0.25,compound_set_chain,4,-0.47420744584419694,-0.15016237479689426,True,0.24674525163734712,3.00426781687152,0.2857142857142857,1.704574573861439,1.079699050756589,,,,,,,,,,,,,,,,,,,,,,,,,,,,,,,,0,,,,,,0.32259620156406876,28,,5,21,1,4,18,,,,,,,,,,,,,,,,1,,,,,,,,,,,,,,,,,,,
MgO_x010,MgO_x100_chain_Cl_x200_cLi24gaS4a_s03,MgO+Clrich,Li_24g,S_4a,0.25,compound_set_chain,4,-0.4465292369072049,-0.1334483177712016,True,0.26003410505286784,3.0057656996945403,0.38095238095238093,2.269820144403197,1.0399130917478812,,,,,,,,,,,,,,,,,,,,,,,,,,,,,,,,0,,,,,,0.21119706411428368,46,,5,21,1,4,18,,,,,,,,,,,,,,,,1,,,,,,,,,,,,,,,,,,,
MgO_x010,MgO_x100_chain_Cl_x200_cLi24gaS4a_s04,MgO+Clrich,Li_24g,S_4a,0.25,compound_set_chain,4,-0.46959341419594036,-0.16060806396833407,True,0.23523893506147825,3.0568460024986077,0.42857142857142855,1.790711370273362,1.0837776044144138,,,,,,,,,,,,,,,,,,,,,,,,,,,,,,,,0,,,,,,0.3040256666370479,33,,5,21,1,4,18,,,,,,,,,,,,,,,,1,,,,,,,,,,,,,,,,,,,
MgO_x010,MgO_x100_chain_Cl_x400_cLi24gaS16e_s00,MgO+Clrich,Li_24g,S_16e,0.25,compound_set_chain,4,-0.48481058070735017,-0.14283295336950258,True,0.293988183938839,3.040649632733651,0.4,0.9589142416535905,1.0452078701393752,,,,,,,,,,,,,,,,,,,,,,,,,,,,,,,,0,,,,,,0.3652716536031768,22,,6,20,1,4,17,,,,,,,,,,,,,,,,1,,,,,,,,,,,,,,,,,,,
MgO_x010,MgO_x100_chain_Cl_x400_cLi24gaS16e_s01,MgO+Clrich,Li_24g,S_16e,0.25,compound_set_chain,4,-0.49972578009041335,-0.13256529787146906,True,0.2547595331877495,3.201939783797382,0.55,0.9278117376322667,1.0831599203604108,,,,,,,,,,,,,,,,,,,,,,,,,,,,,,,,0,,,,,,0.425302284557196,6,,6,20,1,4,17,,,,,,,,,,,,,,,,1,,,,,,,,,,,,,,,,,,,
MgO_x010,MgO_x100_chain_Cl_x400_cLi24gaS16e_s02,MgO+Clrich,Li_24g,S_16e,0.25,compound_set_chain,4,-0.48505203076948966,-0.07606660564347247,True,0.23861844471590943,3.0559809452741247,0.55,0.8940004779032765,1.0640165132448676,,,,,,,,,,,,,,,,,,,,,,,,,,,,,,,,0,,,,,,0.36624344078495463,19,,6,20,1,4,17,,,,,,,,,,,,,,,,1,,,,,,,,,,,,,,,,,,,
MgO_x010,MgO_x100_chain_Cl_x400_cLi24gaS16e_s03,MgO+Clrich,Li_24g,S_16e,0.25,compound_set_chain,4,-0.49701012741773454,-0.16255250226948587,True,0.3299118677544369,3.1290155463100957,0.5,1.1891528190558072,1.1167772761122894,,,,,,,,,,,,,,,,,,,,,,,,,,,,,,,,0,,,,,,0.4143723372459991,8,,6,20,1,4,17,,,,,,,,,,,,,,,,1,,,,,,,,,,,,,,,,,,,
MgO_x010,MgO_x100_chain_Cl_x400_cLi24gaS16e_s04,MgO+Clrich,Li_24g,S_16e,0.25,compound_set_chain,4,-0.4871666111934436,-0.12804828840786986,True,0.2183015037325095,3.097420490103044,0.45,1.1550417986165302,1.1448628251031248,,,,,,,,,,,,,,,,,,,,,,,,,,,,,,,,0,,,,,,0.3747541950694142,15,,6,20,1,4,17,,,,,,,,,,,,,,,,1,,,,,,,,,,,,,,,,,,,
MgO_x010,MgO_x100_chain_Cl_x400_cLi24gaS4a_s00,MgO+Clrich,Li_24g,S_4a,0.25,compound_set_chain,4,-0.43787506204360405,-0.08013778706883677,True,0.32528065654885424,3.009694842609522,0.5,1.3651361590422069,1.052356330104083,,,,,,,,,,,,,,,,,,,,,,,,,,,,,,,,0,,,,,,0.17636577798087108,49,,6,20,1,4,17,,,,,,,,,,,,,,,,1,,,,,,,,,,,,,,,,,,,
MgO_x010,MgO_x100_chain_Cl_x400_cLi24gaS4a_s01,MgO+Clrich,Li_24g,S_4a,0.25,compound_set_chain,4,-0.4728298473855297,-0.14926694655994716,True,0.398876644468978,3.0497521241085055,0.35,0.8265594483029813,1.02094927543546,,,,,,,,,,,,,,,,,,,,,,,,,,,,,,,,0,,,,,,0.3170516491547335,31,,6,20,1,4,17,,,,,,,,,,,,,,,,1,,,,,,,,,,,,,,,,,,,
MgO_x010,MgO_x100_chain_Cl_x400_cLi24gaS4a_s02,MgO+Clrich,Li_24g,S_4a,0.25,compound_set_chain,4,-0.4667436504412965,-0.1616286145582094,True,0.2964276715771413,3.0306573444474934,0.45,1.2261397546677124,1.0368183144503322,,,,,,,,,,,,,,,,,,,,,,,,,,,,,,,,0,,,,,,0.292555949614329,34,,6,20,1,4,17,,,,,,,,,,,,,,,,1,,,,,,,,,,,,,,,,,,,
MgO_x010,MgO_x100_chain_Cl_x400_cLi24gaS4a_s03,MgO+Clrich,Li_24g,S_4a,0.25,compound_set_chain,4,-0.4640388509349309,-0.09097851542872074,True,0.3247301964733443,3.1390662464387438,0.2,0.9280509766399594,1.115021239033879,,,,,,,,,,,,,,,,,,,,,,,,,,,,,,,,0,,,,,,0.28166968408068654,37,,6,20,1,4,17,,,,,,,,,,,,,,,,1,,,,,,,,,,,,,,,,,,,
MgO_x010,MgO_x100_chain_Cl_x400_cLi24gaS4a_s04,MgO+Clrich,Li_24g,S_4a,0.25,compound_set_chain,4,-0.44854785764951544,-0.13681958261323943,True,0.27783460014466677,2.98318637191557,0.35,1.000811862408209,1.1033937332959167,,,,,,,,,,,,,,,,,,,,,,,,,,,,,,,,0,,,,,,0.21932160028075126,45,,6,20,1,4,17,,,,,,,,,,,,,,,,1,,,,,,,,,,,,,,,,,,,
MgO_x010,MgO_x100_chain_Cl_x600_cLi24gaS16e_s00,MgO+Clrich,Li_24g,S_16e,0.25,compound_set_chain,4,-0.484820324918509,-0.14266290787587596,True,0.2941128492079881,3.0408889435977184,0.4,0.9569567215996487,1.0453567411188402,,,,,,,,,,,,,,,,,,,,,,,,,,,,,,,,0,,,,,,0.3653108720627489,21,,6,20,1,4,17,,,,,,,,,,,,,,,,1,,,,,,,,,,,,,,,,,,,
MgO_x010,MgO_x100_chain_Cl_x600_cLi24gaS16e_s01,MgO+Clrich,Li_24g,S_16e,0.25,compound_set_chain,4,-0.49972737744887485,-0.1325739280526326,True,0.2547604327184529,3.2019445415018426,0.55,0.9278047157036331,1.0831630473234142,,,,,,,,,,,,,,,,,,,,,,,,,,,,,,,,0,,,,,,0.4253087135987288,5,,6,20,1,4,17,,,,,,,,,,,,,,,,1,,,,,,,,,,,,,,,,,,,
MgO_x010,MgO_x100_chain_Cl_x600_cLi24gaS16e_s02,MgO+Clrich,Li_24g,S_16e,0.25,compound_set_chain,4,-0.4850521651358424,-0.07606576924962379,True,0.23861808676846033,3.0559801106209186,0.55,0.8940193688686703,1.0640144479539202,,,,,,,,,,,,,,,,,,,,,,,,,,,,,,,,0,,,,,,0.3662439815820787,18,,6,20,1,4,17,,,,,,,,,,,,,,,,1,,,,,,,,,,,,,,,,,,,
MgO_x010,MgO_x100_chain_Cl_x600_cLi24gaS16e_s03,MgO+Clrich,Li_24g,S_16e,0.25,compound_set_chain,4,-0.4970137012165372,-0.16255420048872704,True,0.3298930386606272,3.129009535042236,0.5,1.1894168468311612,1.1167824254519596,,,,,,,,,,,,,,,,,,,,,,,,,,,,,,,,0,,,,,,0.41438672105619945,7,,6,20,1,4,17,,,,,,,,,,,,,,,,1,,,,,,,,,,,,,,,,,,,
MgO_x010,MgO_x100_chain_Cl_x600_cLi24gaS16e_s04,MgO+Clrich,Li_24g,S_16e,0.25,compound_set_chain,4,-0.4871890621125692,-0.12820095568468276,True,0.2185974658323417,3.0974664980374476,0.45,1.1560814293433723,1.1449690528834278,,,,,,,,,,,,,,,,,,,,,,,,,,,,,,,,0,,,,,,0.3748445554330936,14,,6,20,1,4,17,,,,,,,,,,,,,,,,1,,,,,,,,,,,,,,,,,,,
MgO_x010,MgO_x100_chain_Cl_x600_cLi24gaS4a_s00,MgO+Clrich,Li_24g,S_4a,0.25,compound_set_chain,4,-0.43798607418320845,-0.08051331115561795,True,0.32322565859994395,3.010667820520455,0.5,1.3826051093791238,1.052336298237369,,,,,,,,,,,,,,,,,,,,,,,,,,,,,,,,0,,,,,,0.17681257916755685,48,,6,20,1,4,17,,,,,,,,,,,,,,,,1,,,,,,,,,,,,,,,,,,,
MgO_x010,MgO_x100_chain_Cl_x600_cLi24gaS4a_s01,MgO+Clrich,Li_24g,S_4a,0.25,compound_set_chain,4,-0.47283466461402934,-0.1492236009849716,True,0.39893318623006957,3.0498082548937298,0.35,0.8253873665853476,1.0210069352012676,,,,,,,,,,,,,,,,,,,,,,,,,,,,,,,,0,,,,,,0.3170710375154826,30,,6,20,1,4,17,,,,,,,,,,,,,,,,1,,,,,,,,,,,,,,,,,,,
MgO_x010,MgO_x100_chain_Cl_x600_cLi24gaS4a_s02,MgO+Clrich,Li_24g,S_4a,0.25,compound_set_chain,4,-0.4667395459927626,-0.1616124365186663,True,0.2964245237727902,3.030675554108283,0.45,1.2266516386259598,1.036830067000371,,,,,,,,,,,,,,,,,,,,,,,,,,,,,,,,0,,,,,,0.2925394300473502,35,,6,20,1,4,17,,,,,,,,,,,,,,,,1,,,,,,,,,,,,,,,,,,,
MgO_x010,MgO_x100_chain_Cl_x600_cLi24gaS4a_s03,MgO+Clrich,Li_24g,S_4a,0.25,compound_set_chain,4,-0.46403818829892884,-0.0909792705526112,True,0.3247375930990717,3.1390636637791376,0.2,0.9279325565518932,1.1150185130762271,,,,,,,,,,,,,,,,,,,,,,,,,,,,,,,,0,,,,,,0.2816670171061275,38,,6,20,1,4,17,,,,,,,,,,,,,,,,1,,,,,,,,,,,,,,,,,,,
MgO_x010,MgO_x100_chain_Cl_x600_cLi24gaS4a_s04,MgO+Clrich,Li_24g,S_4a,0.25,compound_set_chain,4,-0.4485496005174303,-0.13674170867326874,True,0.27792941202707283,2.983087396789208,0.35,1.0008455503197213,1.1034363874487443,,,,,,,,,,,,,,,,,,,,,,,,,,,,,,,,0,,,,,,0.21932861496811226,44,,6,20,1,4,17,,,,,,,,,,,,,,,,1,,,,,,,,,,,,,,,,,,,
MgO_x010,MgO_x100_chain_Cl_x800_cLi24gaS16e_s00,MgO+Clrich,Li_24g,S_16e,0.25,compound_set_chain,4,-0.47621239688048433,-0.007301846909169326,True,0.25384647028430984,3.0574798304576154,0.3157894736842105,0.515449195054905,1.0539228056992855,,,,,,,,,,,,,,,,,,,,,,,,,,,,,,,,0,,,,,,0.3306657199559529,27,,7,19,1,4,16,,,,,,,,,,,,,,,,1,,,,,,,,,,,,,,,,,,,
MgO_x010,MgO_x100_chain_Cl_x800_cLi24gaS16e_s01,MgO+Clrich,Li_24g,S_16e,0.25,compound_set_chain,4,-0.47244787699306734,-0.10217833972789914,True,0.2846616151491612,3.2875656980157406,0.47368421052631576,1.0758674710419653,1.0064499782855698,,,,,,,,,,,,,,,,,,,,,,,,,,,,,,,,0,,,,,,0.31551429634593986,32,,7,19,1,4,16,,,,,,,,,,,,,,,,1,,,,,,,,,,,,,,,,,,,
MgO_x010,MgO_x100_chain_Cl_x800_cLi24gaS16e_s02,MgO+Clrich,Li_24g,S_16e,0.25,compound_set_chain,4,-0.49691802317963507,-0.13426884167645012,True,0.19050741247885575,3.126190294735624,0.47368421052631576,1.2129297782842425,1.0727231836434055,,,,,,,,,,,,,,,,,,,,,,,,,,,,,,,,0,,,,,,0.4140016365007627,9,,7,19,1,4,16,,,,,,,,,,,,,,,,1,,,,,,,,,,,,,,,,,,,
MgO_x010,MgO_x100_chain_Cl_x800_cLi24gaS16e_s03,MgO+Clrich,Li_24g,S_16e,0.25,compound_set_chain,4,-0.4923946910312633,-0.12325934440580333,True,0.2737754940992026,3.247541612581273,0.42105263157894735,0.504982671606855,1.009090238101966,,,,,,,,,,,,,,,,,,,,,,,,,,,,,,,,0,,,,,,0.39579614853459455,11,,7,19,1,4,16,,,,,,,,,,,,,,,,1,,,,,,,,,,,,,,,,,,,
MgO_x010,MgO_x100_chain_Cl_x800_cLi24gaS16e_s04,MgO+Clrich,Li_24g,S_16e,0.25,compound_set_chain,4,-0.48586560741576523,-0.08606526829430163,True,0.3030912049787656,3.1266401006943894,0.3684210526315789,2.0769353924976555,1.087812059954818,,,,,,,,,,,,,,,,,,,,,,,,,,,,,,,,0,,,,,,0.3695179206059107,16,,7,19,1,4,16,,,,,,,,,,,,,,,,1,,,,,,,,,,,,,,,,,,,
MgO_x010,MgO_x100_chain_Cl_x800_cLi24gaS4a_s00,MgO+Clrich,Li_24g,S_4a,0.25,compound_set_chain,4,-0.4630235651741845,-0.13607885062319225,True,0.42809227595059646,3.0513227515471444,0.5263157894736842,4.682718713188253,1.0754814859446535,,,,,,,,,,,,,,,,,,,,,,,,,,,,,,,,0,,,,,,0.2775833662748752,39,,7,19,1,4,16,,,,,,,,,,,,,,,,1,,,,,,,,,,,,,,,,,,,
MgO_x010,MgO_x100_chain_Cl_x800_cLi24gaS4a_s01,MgO+Clrich,Li_24g,S_4a,0.25,compound_set_chain,4,-0.47825688140981626,-0.07816630188805204,True,0.22980814838548527,3.1804289633745215,0.2631578947368421,0.595367904470908,1.0653847957882878,,,,,,,,,,,,,,,,,,,,,,,,,,,,,,,,0,,,,,,0.33889435258227185,24,,7,19,1,4,16,,,,,,,,,,,,,,,,1,,,,,,,,,,,,,,,,,,,
MgO_x010,MgO_x100_chain_Cl_x800_cLi24gaS4a_s02,MgO+Clrich,Li_24g,S_4a,0.25,compound_set_chain,4,-0.4645631560243242,-0.06440700375478454,True,0.32453148950295646,3.2065715667538477,0.3157894736842105,0.33643428157503824,1.0506248619382652,,,,,,,,,,,,,,,,,,,,,,,,,,,,,,,,0,,,,,,0.28377990497149286,36,,7,19,1,4,16,,,,,,,,,,,,,,,,1,,,,,,,,,,,,,,,,,,,
MgO_x010,MgO_x100_chain_Cl_x800_cLi24gaS4a_s03,MgO+Clrich,Li_24g,S_4a,0.25,compound_set_chain,4,-0.4313242257584502,-0.010022365373841451,True,0.2133483041373169,3.1361663220405527,0.15789473684210525,1.5474425564227252,1.1638423583451372,,,,,,,,,,,,,,,,,,,,,,,,,,,,,,,,0,,,,,,0.15,50,,7,19,1,4,16,,,,,,,,,,,,,,,,1,,,,,,,,,,,,,,,,,,,
MgO_x010,MgO_x100_chain_Cl_x800_cLi24gaS4a_s04,MgO+Clrich,Li_24g,S_4a,0.25,compound_set_chain,4,-0.456510748775548,-0.0964151565944074,True,0.31524524456914843,3.1359398866860366,0.3157894736842105,0.9292283250016314,1.0154110835951065,,,,,,,,,,,,,,,,,,,,,,,,,,,,,,,,0,,,,,,0.2513706105713346,41,,7,19,1,4,16,,,,,,,,,,,,,,,,1,,,,,,,,,,,,,,,,,,,
MnO_x002,MnO_x020_cLi24gaS16e_s00,MnO,Li_24g,S_16e,0.25,compound_set,4,-0.6094967380923255,-0.1701101812245443,True,0.1724498584426596,2.9393615731327176,0.5,0.9489617747256,1.0801963899354912,,,,,,,,,,,,,,,,,,,,,,,,,,,,,,,,0,,,,,,0.34607687359102524,2,,4,22,1,4,19,,,,,,,,,,,,,,,,,1,,,,,,,,,,,,,,,,,,
MnO_x002,MnO_x020_cLi24gaS16e_s01,MnO,Li_24g,S_16e,0.25,compound_set,4,-0.6082789213259008,-0.14699932483156672,True,0.20742740537301851,3.0572889095776263,0.5,0.8682460014741519,1.1039933488509865,,,,,,,,,,,,,,,,,,,,,,,,,,,,,,,,0,,,,,,0.34018257409134406,3,,4,22,1,4,19,,,,,,,,,,,,,,,,,1,,,,,,,,,,,,,,,,,,
MnO_x002,MnO_x020_cLi24gaS16e_s02,MnO,Li_24g,S_16e,0.25,compound_set,4,-0.5990583019429452,-0.15852786966723428,True,0.2690456042449841,3.093350035198573,0.5,0.26439439913354584,1.0340316770565714,,,,,,,,,,,,,,,,,,,,,,,,,,,,,,,,0,,,,,,0.2955542739117828,6,,4,22,1,4,19,,,,,,,,,,,,,,,,,1,,,,,,,,,,,,,,,,,,
MnO_x002,MnO_x020_cLi24gaS16e_s03,MnO,Li_24g,S_16e,0.25,compound_set,4,-0.6379014456820715,-0.20744147448717115,True,0.22645458345468839,3.0974210741180754,0.5454545454545454,1.3028358314949657,1.0573488451902344,0.9670719747392824,0.08840936074575442,0.8815737596574481,0.136832,,-805.730711406827,-4.341410440562959,-5.898316341218533,True,,,,0.9883998253450021,False,"r2=0.9884 / V0 / B0'=-101.73 unphysical (need r2>=0.95, 0<B0'<15)",25.520373744097505,15.03012869416408,37.691051471013786,0.5889462609316344,0.2538499249726493,,,,,,,,,,,,0,,,-0.6379014456820715,-0.6516291411736472,-805.7307114068273,0.85,1,,4,22,1,4,19,,,,,,,,,,,,,,,,,1,,,,,,,,,,,,,,,,,,
MnO_x002,MnO_x020_cLi24gaS16e_s04,MnO,Li_24g,S_16e,0.25,compound_set,4,-0.6013319053559774,-0.15119486819388284,True,0.2579636643806956,3.065549263409777,0.36363636363636365,1.9272462096300418,1.0766200832551698,,,,,,,,,,,,,,,,,,,,,,,,,,,,,,,,0,,,,,,0.30655863830335905,5,,4,22,1,4,19,,,,,,,,,,,,,,,,,1,,,,,,,,,,,,,,,,,,
MnO_x002,MnO_x020_cLi24gaS4a_s00,MnO,Li_24g,S_4a,0.25,compound_set,4,-0.5785416628193478,-0.13995874918451737,True,0.24370964366489564,2.914627686611538,0.5,1.6544408593612179,1.042631178935221,,,,,,,,,,,,,,,,,,,,,,,,,,,,,,,,0,,,,,,0.19625262274763527,8,,4,22,1,4,19,,,,,,,,,,,,,,,,,1,,,,,,,,,,,,,,,,,,
MnO_x002,MnO_x020_cLi24gaS4a_s01,MnO,Li_24g,S_4a,0.25,compound_set,4,-0.5764982309067972,-0.18640975896681453,True,0.305208116294566,3.040998819615431,0.5,1.6429424112734172,1.1000293181490897,,,,,,,,,,,,,,,,,,,,,,,,,,,,,,,,0,,,,,,0.1863623009587998,9,,4,22,1,4,19,,,,,,,,,,,,,,,,,1,,,,,,,,,,,,,,,,,,
MnO_x002,MnO_x020_cLi24gaS4a_s02,MnO,Li_24g,S_4a,0.25,compound_set,4,-0.568985443377795,-0.07686870949468112,True,0.26818869292487557,2.9377975634713773,0.36363636363636365,1.927032904030089,1.0726524791417436,,,,,,,,,,,,,,,,,,,,,,,,,,,,,,,,0,,,,,,0.15,10,,4,22,1,4,19,,,,,,,,,,,,,,,,,1,,,,,,,,,,,,,,,,,,
MnO_x002,MnO_x020_cLi24gaS4a_s03,MnO,Li_24g,S_4a,0.25,compound_set,4,-0.5835993962795638,-0.1825771623494797,True,0.20853341080192342,2.8064181488730218,0.45454545454545453,1.392717180455466,1.061922596466673,,,,,,,,,,,,,,,,,,,,,,,,,,,,,,,,0,,,,,,0.22073232825505182,7,,4,22,1,4,19,,,,,,,,,,,,,,,,,1,,,,,,,,,,,,,,,,,,
MnO_x002,MnO_x020_cLi24gaS4a_s04,MnO,Li_24g,S_4a,0.25,compound_set,4,-0.5960079791644177,-0.1468290356751914,True,0.28755907671476477,2.9475663624592183,0.6818181818181818,1.6031969971030828,1.187421599609123,0.9754510666992015,0.12179213649488838,0.8566487972396878,0.145024,,-791.7429116394055,-4.295051927483068,-1.9330372974376453,True,21.598252629870696,20.46185348974601,5.342079574732804,0.9940777912658999,True,OK,18.857604346984687,13.558268254178742,32.811245496481014,0.7189814784902249,0.21000871502776106,,,,,,,,,,,,0,,,-0.5960079791644177,-0.6052706280937561,-791.7429116394059,0.3256222709472334,4,,4,22,1,4,19,,,,,,,,,,,,,,,,,1,,,,,,,,,,,,,,,,,,
MnO_x005,MnO_x050_cLi24gaS16e_s00,MnO,Li_24g,S_16e,0.25,compound_set,4,-0.6094968102087108,-0.17011143013015623,True,0.17245023081169114,2.9393572912819064,0.5,0.948877261719995,1.0801953958745167,,,,,,,,,,,,,,,,,,,,,,,,,,,,,,,,0,,,,,,0.3364106755950461,3,,4,22,1,4,19,,,,,,,,,,,,,,,,,1,,,,,,,,,,,,,,,,,,
MnO_x005,MnO_x050_cLi24gaS16e_s01,MnO,Li_24g,S_16e,0.25,compound_set,4,-0.6084500096079006,-0.14787765190767568,True,0.20608453850075148,3.057570101397829,0.5,0.8984336071748293,1.1033780695541147,,,,,,,,,,,,,,,,,,,,,,,,,,,,,,,,0,,,,,,0.3321793578191756,4,,4,22,1,4,19,,,,,,,,,,,,,,,,,1,,,,,,,,,,,,,,,,,,
MnO_x005,MnO_x050_cLi24gaS16e_s02,MnO,Li_24g,S_16e,0.25,compound_set,4,-0.5990924647586695,-0.15858658850623897,True,0.26868393094626686,3.093079966451899,0.5,0.2636496403632694,1.034408338296561,,,,,,,,,,,,,,,,,,,,,,,,,,,,,,,,0,,,,,,0.2943548229188212,6,,4,22,1,4,19,,,,,,,,,,,,,,,,,1,,,,,,,,,,,,,,,,,,
MnO_x005,MnO_x050_cLi24gaS16e_s03,MnO,Li_24g,S_16e,0.25,compound_set,4,-0.6379075105225409,-0.20746954458928787,True,0.2264135595115351,3.097345005528324,0.5454545454545454,1.303542785394619,1.0573666466246334,0.9822608034588864,0.13110321910990827,0.8534832501199415,0.141184,,-816.4389249404347,-4.352118657214853,-2.4399282170724157,True,18.15004464447743,20.458929059969314,0.5408048402022887,0.996945820874687,True,OK,21.273958702616067,13.078291290631816,32.56226018837842,0.6147558841046153,0.24489734418529396,,,,,,,,,,,,0,,,-0.6379075105225409,-0.6623374251085812,-816.4389249404343,0.55,1,,4,22,1,4,19,,,,,,,,,,,,,,,,,1,,,,,,,,,,,,,,,,,,
MnO_x005,MnO_x050_cLi24gaS16e_s04,MnO,Li_24g,S_16e,0.25,compound_set,4,-0.6013550213539265,-0.15130342158976243,True,0.25820659971068327,3.0656598266357165,0.36363636363636365,1.9299674249022163,1.0767351001478211,,,,,,,,,,,,,,,,,,,,,,,,,,,,,,,,0,,,,,,0.30350040034112524,5,,4,22,1,4,19,,,,,,,,,,,,,,,,,1,,,,,,,,,,,,,,,,,,
MnO_x005,MnO_x050_cLi24gaS4a_s00,MnO,Li_24g,S_4a,0.25,compound_set,4,-0.577948443713721,-0.13777566082286719,True,0.24085769252849237,2.9121701119936514,0.5,1.649998182749202,1.0418917399967407,,,,,,,,,,,,,,,,,,,,,,,,,,,,,,,,0,,,,,,0.20888766515102325,8,,4,22,1,4,19,,,,,,,,,,,,,,,,,1,,,,,,,,,,,,,,,,,,
MnO_x005,MnO_x050_cLi24gaS4a_s01,MnO,Li_24g,S_4a,0.25,compound_set,4,-0.5765015123122588,-0.18641991746222034,True,0.3052619192722629,3.040900818734498,0.5,1.6427117220054266,1.100091571395772,,,,,,,,,,,,,,,,,,,,,,,,,,,,,,,,0,,,,,,0.2030389614392239,9,,4,22,1,4,19,,,,,,,,,,,,,,,,,1,,,,,,,,,,,,,,,,,,
MnO_x005,MnO_x050_cLi24gaS4a_s02,MnO,Li_24g,S_4a,0.25,compound_set,4,-0.5689870752093995,-0.07687854204786267,True,0.26819635998665464,2.9378009617729317,0.36363636363636365,1.927666584809649,1.072662629664889,,,,,,,,,,,,,,,,,,,,,,,,,,,,,,,,0,,,,,,0.17266453171079227,10,,4,22,1,4,19,,,,,,,,,,,,,,,,,1,,,,,,,,,,,,,,,,,,
MnO_x005,MnO_x050_cLi24gaS4a_s03,MnO,Li_24g,S_4a,0.25,compound_set,4,-0.583595758154055,-0.18253158499019403,True,0.20852435491367233,2.8064683776486983,0.45454545454545453,1.3927945256326104,1.0619557663976333,,,,,,,,,,,,,,,,,,,,,,,,,,,,,,,,0,,,,,,0.23171491798104715,7,,4,22,1,4,19,,,,,,,,,,,,,,,,,1,,,,,,,,,,,,,,,,,,
MnO_x005,MnO_x050_cLi24gaS4a_s04,MnO,Li_24g,S_4a,0.25,compound_set,4,-0.5958092387042777,-0.14596196926517072,True,0.2843317614339669,2.9468245447422756,0.6818181818181818,1.6187149054241814,1.1866465921006637,0.9818320151258095,0.13772364184567462,0.8466105343220055,0.140224,,-749.852245863251,-4.253161249025879,-2.8998362337385486,True,17.741854580915007,20.319424249370712,2.748352165824861,0.9991437169389178,True,OK,24.008219437437823,18.168838821515493,43.526566203862046,0.756775772933142,0.19783566334239266,,,,,,,,,,,,0,,,-0.5958092387042777,-0.5633800169196075,-749.8522458632508,0.44999999999999996,2,,4,22,1,4,19,,,,,,,,,,,,,,,,,1,,,,,,,,,,,,,,,,,,
MnO_x010,MnO_x100_cLi24gaS16e_s00,MnO,Li_24g,S_16e,0.25,compound_set,4,-0.6094975339471485,-0.17011179506564483,True,0.17244634483485374,2.939361115838212,0.5,0.9488329469114425,1.080194972508202,,,,,,,,,,,,,,,,,,,,,,,,,,,,,,,,0,,,,,,0.3802615024128537,3,,4,22,1,4,19,,,,,,,,,,,,,,,,,1,,,,,,,,,,,,,,,,,,
MnO_x010,MnO_x100_cLi24gaS16e_s01,MnO,Li_24g,S_16e,0.25,compound_set,4,-0.6083043059136712,-0.14708732612945183,True,0.20722063619011155,3.0573651906590755,0.5,0.8706665248183154,1.1039049496987952,,,,,,,,,,,,,,,,,,,,,,,,,,,,,,,,0,,,,,,0.37349649151528014,4,,4,22,1,4,19,,,,,,,,,,,,,,,,,1,,,,,,,,,,,,,,,,,,
MnO_x010,MnO_x100_cLi24gaS16e_s02,MnO,Li_24g,S_16e,0.25,compound_set,4,-0.5990858646802173,-0.15857395110811404,True,0.26885937190381815,3.0931895939299126,0.5,0.26471363579587964,1.0343545667793899,,,,,,,,,,,,,,,,,,,,,,,,,,,,,,,,0,,,,,,0.32123250369961964,6,,4,22,1,4,19,,,,,,,,,,,,,,,,,1,,,,,,,,,,,,,,,,,,
MnO_x010,MnO_x100_cLi24gaS16e_s03,MnO,Li_24g,S_16e,0.25,compound_set,4,-0.6379082658596213,-0.20747238372697582,True,0.22640776235200916,3.0973337242336316,0.5454545454545454,1.303648408751076,1.0573681818063803,0.9818806781359345,0.1378708197453665,0.8465079841491968,0.145152,,-793.537861443836,-4.329217580413563,-0.45527866906224973,True,18.015366859482622,20.988660699135743,2.0504809998834186,0.9998238428397235,True,OK,19.362517531979773,15.050498504344965,35.86012794902786,0.7773007037688702,0.191326916469754,,,,,,,,,,,,0,,,-0.6379082658596213,-0.6394363968326364,-793.5378614438359,0.85,1,,4,22,1,4,19,,,,,,,,,,,,,,,,,1,,,,,,,,,,,,,,,,,,
MnO_x010,MnO_x100_cLi24gaS16e_s04,MnO,Li_24g,S_16e,0.25,compound_set,4,-0.6013260280245061,-0.15116188378947518,True,0.25789790345328795,3.065527286301625,0.36363636363636365,1.9265416749354403,1.0765883663708953,,,,,,,,,,,,,,,,,,,,,,,,,,,,,,,,0,,,,,,0.3339331183443291,5,,4,22,1,4,19,,,,,,,,,,,,,,,,,1,,,,,,,,,,,,,,,,,,
MnO_x010,MnO_x100_cLi24gaS4a_s00,MnO,Li_24g,S_4a,0.25,compound_set,4,-0.5779369329048252,-0.1377342402571688,True,0.2408068145833132,2.912127870214935,0.5,1.649810294405267,1.04187729138681,,,,,,,,,,,,,,,,,,,,,,,,,,,,,,,,0,,,,,,0.20132855414553802,8,,4,22,1,4,19,,,,,,,,,,,,,,,,,1,,,,,,,,,,,,,,,,,,
MnO_x010,MnO_x100_cLi24gaS4a_s01,MnO,Li_24g,S_4a,0.25,compound_set,4,-0.5764950524527825,-0.1864017649163564,True,0.30512671757346427,3.041137707045722,0.5,1.644270126372918,1.0999308085040096,,,,,,,,,,,,,,,,,,,,,,,,,,,,,,,,0,,,,,,0.1931538074102963,9,,4,22,1,4,19,,,,,,,,,,,,,,,,,1,,,,,,,,,,,,,,,,,,
MnO_x010,MnO_x100_cLi24gaS4a_s02,MnO,Li_24g,S_4a,0.25,compound_set,4,-0.5688834855931177,-0.07693954924926026,True,0.2671453230794228,2.9373654497756774,0.36363636363636365,1.9075103060089589,1.0718638133783152,,,,,,,,,,,,,,,,,,,,,,,,,,,,,,,,0,,,,,,0.15,10,,4,22,1,4,19,,,,,,,,,,,,,,,,,1,,,,,,,,,,,,,,,,,,
MnO_x010,MnO_x100_cLi24gaS4a_s03,MnO,Li_24g,S_4a,0.25,compound_set,4,-0.5835982339540524,-0.1825590537914869,True,0.20852930564973784,2.806440278414476,0.45454545454545453,1.3927297285174036,1.0619329535588584,,,,,,,,,,,,,,,,,,,,,,,,,,,,,,,,0,,,,,,0.2334253220875882,7,,4,22,1,4,19,,,,,,,,,,,,,,,,,1,,,,,,,,,,,,,,,,,,
MnO_x010,MnO_x100_cLi24gaS4a_s04,MnO,Li_24g,S_4a,0.25,compound_set,4,-0.5957088887803725,-0.14528909239250737,True,0.2848124344466713,2.9464869974665757,0.6818181818181818,1.6135318501943738,1.1865512299750436,0.9675340311291275,0.09472541924021587,0.8758839644012448,0.135104,,-818.3074570167452,-4.321616455605885,-2.371637076508165,True,15.36359463098048,20.461713079772796,6.902571246997702,0.9995975119410618,True,OK,22.193784671473015,12.408341495869783,31.377415972974593,0.5590908301376357,0.2643678441401221,,,,,,,,,,,,0,,,-0.5957088887803725,-0.6318352720249583,-818.3074570167453,0.5069053938433624,2,,4,22,1,4,19,,,,,,,,,,,,,,,,,1,,,,,,,,,,,,,,,,,,
MoO3_x002,MoO3_x020_cP4baS16e_s00,MoO3,P_4b,S_16e,0.25,compound_set,4,-0.7471782436611765,-0.1646334246745864,True,0.22541521210670007,2.965409833955912,0.6086956521739131,0.9588888490144324,1.068656232271096,,,,,,,,,,,,,,,,,,,,,,,,,,,,,,,,0,,,,,,0.3876268714262019,6,,4,23,3,3,17,,,,,,,,,,,,,,,,,,1,,,,,,,,,,,,,,,,,
MoO3_x002,MoO3_x020_cP4baS16e_s01,MoO3,P_4b,S_16e,0.25,compound_set,4,-0.7370382464237073,-0.17990603156905421,True,0.21122535699678224,2.995404457766185,0.6956521739130435,0.511046160289169,1.05812552655391,,,,,,,,,,,,,,,,,,,,,,,,,,,,,,,,0,,,,,,0.3739293594972833,8,,4,23,3,3,17,,,,,,,,,,,,,,,,,,1,,,,,,,,,,,,,,,,,
MoO3_x002,MoO3_x020_cP4baS16e_s02,MoO3,P_4b,S_16e,0.25,compound_set,4,-0.742694042085148,-0.1556259761266547,True,0.23931885167632794,2.9683387309721545,0.7391304347826086,2.64866092520468,1.1111263305357437,,,,,,,,,,,,,,,,,,,,,,,,,,,,,,,,0,,,,,,0.381569433426874,7,,4,23,3,3,17,,,,,,,,,,,,,,,,,,1,,,,,,,,,,,,,,,,,
MoO3_x002,MoO3_x020_cP4baS16e_s03,MoO3,P_4b,S_16e,0.25,compound_set,4,-0.7487377824372974,-0.1898365034901995,True,0.2028591883030547,2.9363016491037404,0.782608695652174,0.9093359057329871,1.0704467576171313,0.96468003083876,0.09124749613033357,0.8766553934577902,0.15008,,-890.6508684729362,-4.446415304079731,-5.256885112644755,True,22.38567643125686,19.61831849029276,12.856109230027386,0.9923502120339431,True,OK,28.26926243548263,19.52708886730376,47.617323950656946,0.6907533902544982,0.21926325716649947,,,,,,,,,,,,0,,,-0.7487377824372974,-0.7566340000009957,-890.6508684729357,0.7004000835118048,1,,4,23,3,3,17,,,,,,,,,,,,,,,,,,1,,,,,,,,,,,,,,,,,
MoO3_x002,MoO3_x020_cP4baS16e_s04,MoO3,P_4b,S_16e,0.25,compound_set,4,-0.7110298440625877,-0.1132603579669173,True,0.15833366250398262,3.022719997304114,0.7391304347826086,0.7319252638837583,1.1336860147626624,,,,,,,,,,,,,,,,,,,,,,,,,,,,,,,,0,,,,,,0.33879617422607433,13,,4,23,3,3,17,,,,,,,,,,,,,,,,,,1,,,,,,,,,,,,,,,,,
MoO3_x002,MoO3_x020_cP4baS4a_s00,MoO3,P_4b,S_4a,0.25,compound_set,4,-0.5740815355552016,-0.14755213406449522,True,0.417744450845908,2.9929077717966392,0.6086956521739131,0.2738512679915045,1.0548366743952988,,,,,,,,,,,,,,,,,,,,,,,,,,,,,,,,0,,,,,,0.15380094735426247,19,,4,23,3,3,17,,,,,,,,,,,,,,,,,,1,,,,,,,,,,,,,,,,,
MoO3_x002,MoO3_x020_cP4baS4a_s01,MoO3,P_4b,S_4a,0.25,compound_set,4,-0.5712677693856962,-0.12959281390395894,True,0.14301970644848747,2.8658152959002288,0.6086956521739131,0.5511015757326662,1.0549597412631482,,,,,,,,,,,,,,,,,,,,,,,,,,,,,,,,0,,,,,,0.15,20,,4,23,3,3,17,,,,,,,,,,,,,,,,,,1,,,,,,,,,,,,,,,,,
MoO3_x002,MoO3_x020_cP4baS4a_s02,MoO3,P_4b,S_4a,0.25,compound_set,4,-0.6637105649614785,-0.14209399226774083,True,0.2429072686785315,2.810835214248621,0.6956521739130435,1.4250593738757267,1.2162358362053005,1.0164868132754712,0.1178403948878784,0.8676156044234747,0.136704,,-1021.84618181639,-4.365375207495677,-3.8205783996412825,True,13.854209935305622,20.05517948249772,3.3707888093676006,0.9994567386100455,True,OK,27.365956690278303,19.189140184040625,46.66109307509859,0.7012047998620682,0.21582031887770714,,,,,,,,,,,,0,,,-0.6637105649614785,-0.6755939034169414,-1021.84618181639,0.5805744568402815,3,,4,23,3,3,17,,,,,,,,,,,,,,,,,,1,,,,,,,,,,,,,,,,,
MoO3_x002,MoO3_x020_cP4baS4a_s03,MoO3,P_4b,S_4a,0.25,compound_set,4,-0.5864916028486427,-0.16709333014686273,True,0.21374383747674502,2.9688452172199873,0.4782608695652174,1.3884820543532055,1.0280793633833134,,,,,,,,,,,,,,,,,,,,,,,,,,,,,,,,0,,,,,,0.1705649602834237,18,,4,23,3,3,17,,,,,,,,,,,,,,,,,,1,,,,,,,,,,,,,,,,,
MoO3_x002,MoO3_x020_cP4baS4a_s04,MoO3,P_4b,S_4a,0.25,compound_set,4,-0.5942435397644035,-0.18641884356380584,True,0.21083704855142163,2.90274227879338,0.4782608695652174,1.2055417268635318,1.2202306151086308,,,,,,,,,,,,,,,,,,,,,,,,,,,,,,,,0,,,,,,0.1810365852640988,17,,4,23,3,3,17,,,,,,,,,,,,,,,,,,1,,,,,,,,,,,,,,,,,
MoO3_x002,MoO3_x020_chain_Cl_x200_cLi24gaS16e_s00,MoO3+Clrich,Li_24g,S_16e,0.25,compound_set_chain,4,-0.7331456683033846,-0.13506588443393097,True,0.28167824363620636,3.1570403261213436,0.5294117647058824,0.17653336524885946,1.1234122978712733,,,,,,,,,,,,,,,,,,,,,,,,,,,,,,,,0,,,,,,0.36867111001370884,9,,5,17,3,4,16,,,,,,,,,,,,,,,,,,1,,,,,,,,,,,,,,,,,
MoO3_x002,MoO3_x020_chain_Cl_x200_cLi24gaS16e_s01,MoO3+Clrich,Li_24g,S_16e,0.25,compound_set_chain,4,-0.8011223085461543,-0.14889844258461976,True,0.2942150944331483,2.9603548957198766,0.8235294117647058,1.32327007900422,1.0310276605935953,,,,,,,,,,,,,,,,,,,,,,,,,,,,,,,,0,,,,,,0.460496661718252,5,,5,17,3,4,16,,,,,,,,,,,,,,,,,,1,,,,,,,,,,,,,,,,,
MoO3_x002,MoO3_x020_chain_Cl_x200_cLi24gaS16e_s02,MoO3+Clrich,Li_24g,S_16e,0.25,compound_set_chain,4,-0.7153055608912746,-0.049979163238959,True,0.29972886191613246,3.2661873241708115,0.47058823529411764,1.081080558246103,1.0484516198895746,,,,,,,,,,,,,,,,,,,,,,,,,,,,,,,,0,,,,,,0.34457198272917744,12,,5,17,3,4,16,,,,,,,,,,,,,,,,,,1,,,,,,,,,,,,,,,,,
MoO3_x002,MoO3_x020_chain_Cl_x200_cLi24gaS16e_s03,MoO3+Clrich,Li_24g,S_16e,0.25,compound_set_chain,4,-0.7188420874343553,-0.14911912440051314,True,0.2631925834580063,3.020010514292907,0.5882352941176471,0.9491419287596434,1.1078270969376722,,,,,,,,,,,,,,,,,,,,,,,,,,,,,,,,0,,,,,,0.34934926356824747,10,,5,17,3,4,16,,,,,,,,,,,,,,,,,,1,,,,,,,,,,,,,,,,,
MoO3_x002,MoO3_x020_chain_Cl_x200_cLi24gaS16e_s04,MoO3+Clrich,Li_24g,S_16e,0.25,compound_set_chain,4,-0.8137418990667324,-0.09988381150144982,True,0.13951539828835072,2.943184346452816,0.5882352941176471,0.5774954597561346,1.1219386166529426,0.981824595485939,0.10275516281626487,0.880937049319768,0.14016,,-1027.7535947501804,-4.557161164188332,-0.6649849031053832,True,13.408107425173839,22.881013038791945,13.695140038286022,0.9962729311880122,True,OK,13.688084981966213,7.9158820206403036,19.909691002250266,0.5783045642300823,0.25757881120111764,,,,,,,,,,,,0,,,-0.8137418990667324,-0.8673798601095966,-1027.7535947501804,0.55,4,,5,17,3,4,16,,,,,,,,,,,,,,,,,,1,,,,,,,,,,,,,,,,,
MoO3_x002,MoO3_x020_chain_Cl_x200_cLi24gaS4a_s00,MoO3+Clrich,Li_24g,S_4a,0.25,compound_set_chain,4,-0.6711878964704336,0.03707479093761693,True,0.3821693196199316,3.0909660332966857,0.6470588235294118,0.399212107484041,1.0858053379004937,,,,,,,,,,,,,,,,,,,,,,,,,,,,,,,,0,,,,,,0.2849760853607353,15,,5,17,3,4,16,,,,,,,,,,,,,,,,,,1,,,,,,,,,,,,,,,,,
MoO3_x002,MoO3_x020_chain_Cl_x200_cLi24gaS4a_s01,MoO3+Clrich,Li_24g,S_4a,0.25,compound_set_chain,4,-0.657237541097496,-0.03198071393010911,True,0.32316591205334744,3.239659953141352,0.6470588235294118,2.293223627135506,1.0782238275985485,,,,,,,,,,,,,,,,,,,,,,,,,,,,,,,,0,,,,,,0.2661313899768576,16,,5,17,3,4,16,,,,,,,,,,,,,,,,,,1,,,,,,,,,,,,,,,,,
MoO3_x002,MoO3_x020_chain_Cl_x200_cLi24gaS4a_s02,MoO3+Clrich,Li_24g,S_4a,0.25,compound_set_chain,4,-0.7157243755969436,-0.005643769135485893,True,0.4773526468560598,2.951522301529477,0.47058823529411764,0.27108238901085935,1.011520005559579,,,,,,,,,,,,,,,,,,,,,,,,,,,,,,,,0,,,,,,0.3451377343060821,11,,5,17,3,4,16,,,,,,,,,,,,,,,,,,1,,,,,,,,,,,,,,,,,
MoO3_x002,MoO3_x020_chain_Cl_x200_cLi24gaS4a_s03,MoO3+Clrich,Li_24g,S_4a,0.25,compound_set_chain,4,-0.7268186117497866,0.02651178380435258,True,0.5661125146982184,3.0645122108128526,0.5882352941176471,1.6474190680280265,1.0431331207619239,0.9565069052666177,0.12249460084481396,0.839339973700675,0.137856,,-930.3457301098947,-4.439289608253039,-3.905410180490361,True,12.352378259961862,22.446175481834366,5.521399769750979,0.9998212079664583,True,OK,19.335801839250664,16.853136397848616,39.17711623213331,0.871602664216264,0.16230935617225684,,,,,,,,,,,,0,,,-0.7268186117497866,-0.7495083041743031,-930.3457301098947,0.5993893998703157,2,,5,17,3,4,16,,,,,,,,,,,,,,,,,,1,,,,,,,,,,,,,,,,,
MoO3_x002,MoO3_x020_chain_Cl_x200_cLi24gaS4a_s04,MoO3+Clrich,Li_24g,S_4a,0.25,compound_set_chain,4,-0.6985319735568298,0.032305040852229086,True,0.5093636411374977,3.1160284926548236,0.47058823529411764,0.9380012962636066,1.042314842552958,,,,,,,,,,,,,,,,,,,,,,,,,,,,,,,,0,,,,,,0.3219135532223799,14,,5,17,3,4,16,,,,,,,,,,,,,,,,,,1,,,,,,,,,,,,,,,,,
MoO3_x005,MoO3_x050_cP4baS16e_s00,MoO3,P_4b,S_16e,0.25,compound_set,4,-0.7470997484280795,-0.16454968889559418,True,0.22597543734166567,2.965935273017613,0.6086956521739131,0.956472782062269,1.068500967808312,,,,,,,,,,,,,,,,,,,,,,,,,,,,,,,,0,,,,,,0.3827157529057167,6,,4,23,3,3,17,,,,,,,,,,,,,,,,,,1,,,,,,,,,,,,,,,,,
MoO3_x005,MoO3_x050_cP4baS16e_s01,MoO3,P_4b,S_16e,0.25,compound_set,4,-0.7370508054328089,-0.17997701856183632,True,0.21136822235674257,2.9955641182688577,0.6956521739130435,0.5125895378990457,1.0581201054895193,,,,,,,,,,,,,,,,,,,,,,,,,,,,,,,,0,,,,,,0.3694172804693948,8,,4,23,3,3,17,,,,,,,,,,,,,,,,,,1,,,,,,,,,,,,,,,,,
MoO3_x005,MoO3_x050_cP4baS16e_s02,MoO3,P_4b,S_16e,0.25,compound_set,4,-0.739882116176751,-0.15194765252199652,True,0.24498091973533703,2.9577842234239835,0.7391304347826086,2.3448440543416242,1.1005355081719437,,,,,,,,,,,,,,,,,,,,,,,,,,,,,,,,0,,,,,,0.3731641529419222,7,,4,23,3,3,17,,,,,,,,,,,,,,,,,,1,,,,,,,,,,,,,,,,,
MoO3_x005,MoO3_x050_cP4baS16e_s03,MoO3,P_4b,S_16e,0.25,compound_set,4,-0.7487790842054625,-0.18998874555354406,True,0.2021007975060366,2.936292379497555,0.782608695652174,0.912491513722879,1.0705300201632986,0.9765033159118306,0.10272192987985498,0.8761950107672897,0.143552,,-923.0689324028232,-4.47883334763681,-1.9950380723657808,True,14.008229585739253,20.801890125470766,1.4249783070205138,0.9980924788573657,True,OK,26.74686270571737,19.181500031831277,46.44244168007002,0.7171495305029202,0.21060505182075961,,,,,,,,,,,,0,,,-0.7487790842054625,-0.7890520937145227,-923.0689324028236,0.7382342395458928,2,,4,23,3,3,17,,,,,,,,,,,,,,,,,,1,,,,,,,,,,,,,,,,,
MoO3_x005,MoO3_x050_cP4baS16e_s04,MoO3,P_4b,S_16e,0.25,compound_set,4,-0.7110652060655771,-0.11325446083088593,True,0.15827254972350274,3.0229100212223567,0.7391304347826086,0.7304082801553357,1.1341704535383272,,,,,,,,,,,,,,,,,,,,,,,,,,,,,,,,0,,,,,,0.3350287107373272,13,,4,23,3,3,17,,,,,,,,,,,,,,,,,,1,,,,,,,,,,,,,,,,,
MoO3_x005,MoO3_x050_cP4baS4a_s00,MoO3,P_4b,S_4a,0.25,compound_set,4,-0.5743662344927398,-0.14773359832025235,True,0.4180343427367873,2.993885198077288,0.6086956521739131,0.26927319637420016,1.0555434902552137,,,,,,,,,,,,,,,,,,,,,,,,,,,,,,,,0,,,,,,0.15412535539035307,19,,4,23,3,3,17,,,,,,,,,,,,,,,,,,1,,,,,,,,,,,,,,,,,
MoO3_x005,MoO3_x050_cP4baS4a_s01,MoO3,P_4b,S_4a,0.25,compound_set,4,-0.57124892448955,-0.12954583009189785,True,0.143003784518784,2.8656837077374995,0.6086956521739131,0.5516423831852133,1.054948167462229,,,,,,,,,,,,,,,,,,,,,,,,,,,,,,,,0,,,,,,0.15,20,,4,23,3,3,17,,,,,,,,,,,,,,,,,,1,,,,,,,,,,,,,,,,,
MoO3_x005,MoO3_x050_cP4baS4a_s02,MoO3,P_4b,S_4a,0.25,compound_set,4,-0.6636899071452045,-0.14201120478484602,True,0.24261024708245557,2.810509404243779,0.6956521739130435,1.4246025073405224,1.2158866089384384,0.9347244186310413,0.09784801252849222,0.8432634920061436,0.147392,,-1032.3868938577068,-4.375915940741345,-4.638241946646894,True,13.285435986999113,19.755698170521892,10.604020799732412,0.9998143991168946,True,OK,15.988937243503248,17.005128192962825,37.66311041870313,1.063555878291566,0.10740448385120464,,,,,,,,,,,,0,,,-0.6636899071452045,-0.6861346868190581,-1032.3868938577064,0.4928853867723758,4,,4,23,3,3,17,,,,,,,,,,,,,,,,,,1,,,,,,,,,,,,,,,,,
MoO3_x005,MoO3_x050_cP4baS4a_s03,MoO3,P_4b,S_4a,0.25,compound_set,4,-0.5865838616891321,-0.16747542900630075,True,0.21323125776351798,2.9692347197124325,0.4782608695652174,1.3822393804146305,1.028040812626211,,,,,,,,,,,,,,,,,,,,,,,,,,,,,,,,0,,,,,,0.1702938000302467,18,,4,23,3,3,17,,,,,,,,,,,,,,,,,,1,,,,,,,,,,,,,,,,,
MoO3_x005,MoO3_x050_cP4baS4a_s04,MoO3,P_4b,S_4a,0.25,compound_set,4,-0.594138699631054,-0.1859123407080174,True,0.2113704025570673,2.9028983184447923,0.4782608695652174,1.2103026683685807,1.2195280314433756,,,,,,,,,,,,,,,,,,,,,,,,,,,,,,,,0,,,,,,0.1802916479809029,17,,4,23,3,3,17,,,,,,,,,,,,,,,,,,1,,,,,,,,,,,,,,,,,
MoO3_x005,MoO3_x050_chain_Cl_x200_cLi24gaS16e_s00,MoO3+Clrich,Li_24g,S_16e,0.25,compound_set_chain,4,-0.7330580705011074,-0.13487505521462417,True,0.28004062791442386,3.1568887926671105,0.5294117647058824,0.18461658955849855,1.1232703739272631,,,,,,,,,,,,,,,,,,,,,,,,,,,,,,,,0,,,,,,0.36413341375229213,9,,5,17,3,4,16,,,,,,,,,,,,,,,,,,1,,,,,,,,,,,,,,,,,
MoO3_x005,MoO3_x050_chain_Cl_x200_cLi24gaS16e_s01,MoO3+Clrich,Li_24g,S_16e,0.25,compound_set_chain,4,-0.8011628841375695,-0.14895964732199504,True,0.29382841879003413,2.960376959361457,0.8235294117647058,1.3293684111085653,1.030954887616113,,,,,,,,,,,,,,,,,,,,,,,,,,,,,,,,0,,,,,,0.45426129957586403,5,,5,17,3,4,16,,,,,,,,,,,,,,,,,,1,,,,,,,,,,,,,,,,,
MoO3_x005,MoO3_x050_chain_Cl_x200_cLi24gaS16e_s02,MoO3+Clrich,Li_24g,S_16e,0.25,compound_set_chain,4,-0.7153034574230968,-0.049978720341740814,True,0.29976518010003683,3.2662099417052253,0.47058823529411764,1.0809744098910152,1.0484511394244456,,,,,,,,,,,,,,,,,,,,,,,,,,,,,,,,0,,,,,,0.3406374865939228,12,,5,17,3,4,16,,,,,,,,,,,,,,,,,,1,,,,,,,,,,,,,,,,,
MoO3_x005,MoO3_x050_chain_Cl_x200_cLi24gaS16e_s03,MoO3+Clrich,Li_24g,S_16e,0.25,compound_set_chain,4,-0.7189150096886201,-0.14912701213554536,True,0.2631018713157411,3.0202893142202827,0.5882352941176471,0.943018350398402,1.108042042752952,,,,,,,,,,,,,,,,,,,,,,,,,,,,,,,,0,,,,,,0.34541690750197274,10,,5,17,3,4,16,,,,,,,,,,,,,,,,,,1,,,,,,,,,,,,,,,,,
MoO3_x005,MoO3_x050_chain_Cl_x200_cLi24gaS16e_s04,MoO3+Clrich,Li_24g,S_16e,0.25,compound_set_chain,4,-0.8137655495517735,-0.09984260739208885,True,0.13952826012679997,2.943713155182016,0.5882352941176471,0.5894109467800762,1.1219529461904074,0.9468702110607727,0.11084957779091942,0.8419100479418873,0.13536,,-1021.9480652278359,-4.551355636048879,-4.333553060076944,True,,,,0.9354392466623894,False,"r2=0.9354 / V0 / B0'=26.95 unphysical (need r2>=0.95, 0<B0'<15)",19.244490894156677,19.942768552083756,44.46785523276733,1.0362845482256484,0.11488670985255513,,,,,,,,,,,,0,,,-0.8137655495517735,-0.8615743821265922,-1021.9480652278356,0.8096585888372848,1,,5,17,3,4,16,,,,,,,,,,,,,,,,,,1,,,,,,,,,,,,,,,,,
MoO3_x005,MoO3_x050_chain_Cl_x200_cLi24gaS4a_s00,MoO3+Clrich,Li_24g,S_4a,0.25,compound_set_chain,4,-0.6709685960175009,0.037840039755504006,True,0.3835686435939945,3.0917982692745265,0.6470588235294118,0.38238679380288365,1.0852995166655874,,,,,,,,,,,,,,,,,,,,,,,,,,,,,,,,0,,,,,,0.2819660489464063,15,,5,17,3,4,16,,,,,,,,,,,,,,,,,,1,,,,,,,,,,,,,,,,,
MoO3_x005,MoO3_x050_chain_Cl_x200_cLi24gaS4a_s01,MoO3+Clrich,Li_24g,S_4a,0.25,compound_set_chain,4,-0.6572363586357413,-0.031975305649324645,True,0.32315708606911725,3.239665664940058,0.6470588235294118,2.2926835987154472,1.0782210286778897,,,,,,,,,,,,,,,,,,,,,,,,,,,,,,,,0,,,,,,0.2637932142118172,16,,5,17,3,4,16,,,,,,,,,,,,,,,,,,1,,,,,,,,,,,,,,,,,
MoO3_x005,MoO3_x050_chain_Cl_x200_cLi24gaS4a_s02,MoO3+Clrich,Li_24g,S_4a,0.25,compound_set_chain,4,-0.7160751219966754,-0.00763810341990549,True,0.48064338995784056,2.9519198000913556,0.5294117647058824,0.30976172508729105,1.0108510291285637,,,,,,,,,,,,,,,,,,,,,,,,,,,,,,,,0,,,,,,0.34165868455142456,11,,5,17,3,4,16,,,,,,,,,,,,,,,,,,1,,,,,,,,,,,,,,,,,
MoO3_x005,MoO3_x050_chain_Cl_x200_cLi24gaS4a_s03,MoO3+Clrich,Li_24g,S_4a,0.25,compound_set_chain,4,-0.7280766783144181,0.02611729435241139,True,0.5654525031429444,3.067898036225793,0.5882352941176471,1.6052051493881099,1.0435843432250558,1.0076647889370105,0.10979140739629727,0.8833853316314823,0.137344,,-1054.344847963623,-4.5632887436234055,-3.2120617414821937,True,13.022377932413699,22.46056544939329,10.644967729551281,0.9989262554977788,True,OK,17.206699284623056,8.689529803871595,22.312575762804872,0.5050085237229132,0.28387704895514415,,,,,,,,,,,,0,,,-0.7280766783144181,-0.8735074897011184,-1054.344847963623,0.55,3,,5,17,3,4,16,,,,,,,,,,,,,,,,,,1,,,,,,,,,,,,,,,,,
MoO3_x005,MoO3_x050_chain_Cl_x200_cLi24gaS4a_s04,MoO3+Clrich,Li_24g,S_4a,0.25,compound_set_chain,4,-0.6985346974207345,0.03232260345641438,True,0.5095482644419165,3.1160612993004126,0.47058823529411764,0.9388670493395213,1.0423378153459315,,,,,,,,,,,,,,,,,,,,,,,,,,,,,,,,0,,,,,,0.3184462080895405,14,,5,17,3,4,16,,,,,,,,,,,,,,,,,,1,,,,,,,,,,,,,,,,,
MoO3_x010,MoO3_x100_cP4baS16e_s00,MoO3,P_4b,S_16e,0.25,compound_set,4,-0.7470945493640229,-0.16454480686912532,True,0.22602211116445114,2.965964063208433,0.6086956521739131,0.9563077454814629,1.068488672311141,,,,,,,,,,,,,,,,,,,,,,,,,,,,,,,,0,,,,,,0.3948193524837216,6,,4,23,3,3,17,,,,,,,,,,,,,,,,,,1,,,,,,,,,,,,,,,,,
MoO3_x010,MoO3_x100_cP4baS16e_s01,MoO3,P_4b,S_16e,0.25,compound_set,4,-0.7370339225109155,-0.1798883516285536,True,0.21141571801073333,2.9956888708831553,0.6956521739130435,0.5109958500351034,1.058086182424978,,,,,,,,,,,,,,,,,,,,,,,,,,,,,,,,0,,,,,,0.38081053757330463,8,,4,23,3,3,17,,,,,,,,,,,,,,,,,,1,,,,,,,,,,,,,,,,,
MoO3_x010,MoO3_x100_cP4baS16e_s02,MoO3,P_4b,S_16e,0.25,compound_set,4,-0.7399410954103529,-0.1520857503528723,True,0.24404658879342372,2.9576627562293543,0.7391304347826086,2.3532605755303426,1.1008412796782132,,,,,,,,,,,,,,,,,,,,,,,,,,,,,,,,0,,,,,,0.38485860014986467,7,,4,23,3,3,17,,,,,,,,,,,,,,,,,,1,,,,,,,,,,,,,,,,,
MoO3_x010,MoO3_x100_cP4baS16e_s03,MoO3,P_4b,S_16e,0.25,compound_set,4,-0.7488756140598034,-0.19038323961840956,True,0.20244205912895163,2.937001670128625,0.782608695652174,0.918023053771311,1.070848831480779,0.9690423437224372,0.1301286541849768,0.8429421676855808,0.149184,,-888.7634634838711,-4.444527875391684,-3.81989062814187,True,,,,0.989609823220561,False,"r2=0.9896 / V0 / B0'=18.73 unphysical (need r2>=0.95, 0<B0'<15)",23.626744036221226,16.03465789395023,39.2294211016787,0.6786655778455182,0.2232696625376619,,,,,,,,,,,,0,,,-0.7488756140598034,-0.7547465868084369,-888.7634634838709,0.5976526452121598,3,,4,23,3,3,17,,,,,,,,,,,,,,,,,,1,,,,,,,,,,,,,,,,,
MoO3_x010,MoO3_x100_cP4baS16e_s04,MoO3,P_4b,S_16e,0.25,compound_set,4,-0.7110649391961732,-0.11325582468716301,True,0.15827341875776776,3.0229032122981025,0.7391304347826086,0.7305116243839822,1.1341716596486933,,,,,,,,,,,,,,,,,,,,,,,,,,,,,,,,0,,,,,,0.3446502976618553,13,,4,23,3,3,17,,,,,,,,,,,,,,,,,,1,,,,,,,,,,,,,,,,,
MoO3_x010,MoO3_x100_cP4baS4a_s00,MoO3,P_4b,S_4a,0.25,compound_set,4,-0.574318584627703,-0.14751266587826797,True,0.4172607512388812,2.9940112684520046,0.6086956521739131,0.28274012534886417,1.0555242431128828,,,,,,,,,,,,,,,,,,,,,,,,,,,,,,,,0,,,,,,0.15423926276373878,19,,4,23,3,3,17,,,,,,,,,,,,,,,,,,1,,,,,,,,,,,,,,,,,
MoO3_x010,MoO3_x100_cP4baS4a_s01,MoO3,P_4b,S_4a,0.25,compound_set,4,-0.5712740986329217,-0.129608600139712,True,0.14302648204076684,2.865858326520184,0.6086956521739131,0.5508302694411878,1.0549635951036107,,,,,,,,,,,,,,,,,,,,,,,,,,,,,,,,0,,,,,,0.15,20,,4,23,3,3,17,,,,,,,,,,,,,,,,,,1,,,,,,,,,,,,,,,,,
MoO3_x010,MoO3_x100_cP4baS4a_s02,MoO3,P_4b,S_4a,0.25,compound_set,4,-0.6637245770963491,-0.14219159999026032,True,0.24279683098376073,2.8107045857680406,0.6956521739130435,1.4261311186512025,1.2165321929171033,0.9673276754628308,0.1203932730094369,0.8508679305412502,0.13792,,-1060.0402973688635,-4.403569394768754,-7.211143333216781,True,18.48406890967331,19.560371205461667,5.254685770085158,0.9999666744302179,True,OK,25.90431967372256,18.845058030529625,45.501303792122535,0.7274870858564227,0.20724764334524465,,,,,,,,,,,,0,,,-0.6637245770963491,-0.7137881061855063,-1060.040297368864,0.648442143128417,2,,4,23,3,3,17,,,,,,,,,,,,,,,,,,1,,,,,,,,,,,,,,,,,
MoO3_x010,MoO3_x100_cP4baS4a_s03,MoO3,P_4b,S_4a,0.25,compound_set,4,-0.586980660240251,-0.16984766745799454,True,0.2117103538500268,2.971383922513186,0.4782608695652174,1.360886506085045,1.0281786414698084,,,,,,,,,,,,,,,,,,,,,,,,,,,,,,,,0,,,,,,0.171870437861253,18,,4,23,3,3,17,,,,,,,,,,,,,,,,,,1,,,,,,,,,,,,,,,,,
MoO3_x010,MoO3_x100_cP4baS4a_s04,MoO3,P_4b,S_4a,0.25,compound_set,4,-0.5942436300468095,-0.18641794900080363,True,0.2108347947768817,2.902742458884313,0.4782608695652174,1.2054592285855246,1.220240688784897,,,,,,,,,,,,,,,,,,,,,,,,,,,,,,,,0,,,,,,0.181983684402009,17,,4,23,3,3,17,,,,,,,,,,,,,,,,,,1,,,,,,,,,,,,,,,,,
MoO3_x010,MoO3_x100_chain_Cl_x200_cLi24gaS16e_s00,MoO3+Clrich,Li_24g,S_16e,0.25,compound_set_chain,4,-0.7328980009483996,-0.1339902411857915,True,0.27813149042616697,3.1563658771833825,0.5294117647058824,0.21011208097973277,1.1231594380013277,,,,,,,,,,,,,,,,,,,,,,,,,,,,,,,,0,,,,,,0.3750515167389923,9,,5,17,3,4,16,,,,,,,,,,,,,,,,,,1,,,,,,,,,,,,,,,,,
MoO3_x010,MoO3_x100_chain_Cl_x200_cLi24gaS16e_s01,MoO3+Clrich,Li_24g,S_16e,0.25,compound_set_chain,4,-0.8011770425635585,-0.14904804129692362,True,0.2935281927327976,2.9602500071204685,0.8235294117647058,1.331296085464145,1.0309589332630709,,,,,,,,,,,,,,,,,,,,,,,,,,,,,,,,0,,,,,,0.4701259559576567,4,,5,17,3,4,16,,,,,,,,,,,,,,,,,,1,,,,,,,,,,,,,,,,,
MoO3_x010,MoO3_x100_chain_Cl_x200_cLi24gaS16e_s02,MoO3+Clrich,Li_24g,S_16e,0.25,compound_set_chain,4,-0.7153006973114517,-0.04998319361728846,True,0.2997292637024081,3.2661986755257537,0.47058823529411764,1.0808289618113875,1.0484489032719084,,,,,,,,,,,,,,,,,,,,,,,,,,,,,,,,0,,,,,,0.35054833486257964,11,,5,17,3,4,16,,,,,,,,,,,,,,,,,,1,,,,,,,,,,,,,,,,,
MoO3_x010,MoO3_x100_chain_Cl_x200_cLi24gaS16e_s03,MoO3+Clrich,Li_24g,S_16e,0.25,compound_set_chain,4,-0.7126261080306899,-0.14311400562438553,True,0.23223798122608913,2.998365705416004,0.5882352941176471,1.1114837506056852,1.1020954514404218,,,,,,,,,,,,,,,,,,,,,,,,,,,,,,,,0,,,,,,0.34682413091956144,12,,5,17,3,4,16,,,,,,,,,,,,,,,,,,1,,,,,,,,,,,,,,,,,
MoO3_x010,MoO3_x100_chain_Cl_x200_cLi24gaS16e_s04,MoO3+Clrich,Li_24g,S_16e,0.25,compound_set_chain,4,-0.8136565027407081,-0.10036016641628556,True,0.14097457847172695,2.942890329958241,0.5882352941176471,0.5505561969737996,1.1223808712244494,0.9808392368683286,0.0886545946488417,0.8938833319080877,0.126592,,-1018.9134393019506,-4.548320995833105,-5.018577558740481,True,10.829477788696003,21.93690838687507,3.3192087784938793,0.9991665260330176,True,OK,19.30383102541271,15.223173202673264,36.16328894547226,0.7886089130511231,0.18777105351208295,,,,,,,,,,,,0,,,-0.8136565027407081,-0.8585397072498577,-1018.9134393019508,0.6894675490088477,1,,5,17,3,4,16,,,,,,,,,,,,,,,,,,1,,,,,,,,,,,,,,,,,
MoO3_x010,MoO3_x100_chain_Cl_x200_cLi24gaS4a_s00,MoO3+Clrich,Li_24g,S_4a,0.25,compound_set_chain,4,-0.6708646814663202,0.03835420031710832,True,0.3847326357904105,3.0925012628486397,0.6470588235294118,0.37268998600019543,1.0849668090347808,,,,,,,,,,,,,,,,,,,,,,,,,,,,,,,,0,,,,,,0.28867386814994744,15,,5,17,3,4,16,,,,,,,,,,,,,,,,,,1,,,,,,,,,,,,,,,,,
MoO3_x010,MoO3_x100_chain_Cl_x200_cLi24gaS4a_s01,MoO3+Clrich,Li_24g,S_4a,0.25,compound_set_chain,4,-0.6572441731575114,-0.031984607034391606,True,0.323107707099696,3.239531288674658,0.6470588235294118,2.2936199961534847,1.0782133411776829,,,,,,,,,,,,,,,,,,,,,,,,,,,,,,,,0,,,,,,0.26970813344277406,16,,5,17,3,4,16,,,,,,,,,,,,,,,,,,1,,,,,,,,,,,,,,,,,
MoO3_x010,MoO3_x100_chain_Cl_x200_cLi24gaS4a_s02,MoO3+Clrich,Li_24g,S_4a,0.25,compound_set_chain,4,-0.7161902132536739,-0.00834186774463868,True,0.4793196584877059,2.951100609848497,0.5294117647058824,0.3241924385992841,1.0106141547216414,,,,,,,,,,,,,,,,,,,,,,,,,,,,,,,,0,,,,,,0.3517869320570086,10,,5,17,3,4,16,,,,,,,,,,,,,,,,,,1,,,,,,,,,,,,,,,,,
MoO3_x010,MoO3_x100_chain_Cl_x200_cLi24gaS4a_s03,MoO3+Clrich,Li_24g,S_4a,0.25,compound_set_chain,4,-0.7269880533601589,0.026261007287968256,True,0.563514440541801,3.0654163979774616,0.5882352941176471,1.63580902450363,1.0429901601483698,1.0047067990063017,0.096641726417465,0.8991063477581023,0.137472,,-979.154305820982,-4.488098213811558,0.005152897081214613,True,11.260342884852943,23.406587905882954,1.8067963027727745,0.9992161844885853,True,OK,15.769303343514734,11.653453150684626,28.05059873717087,0.7389960670315352,0.20353162167743097,,,,,,,,,,,,0,,,-0.7269880533601589,-0.7983169252283102,-979.1543058209817,0.46614341541057414,5,,5,17,3,4,16,,,,,,,,,,,,,,,,,,1,,,,,,,,,,,,,,,,,
MoO3_x010,MoO3_x100_chain_Cl_x200_cLi24gaS4a_s04,MoO3+Clrich,Li_24g,S_4a,0.25,compound_set_chain,4,-0.6984447495078503,0.0321896922278666,True,0.5089246317766318,3.1151760825762778,0.47058823529411764,0.9378265202199121,1.0416135427753825,,,,,,,,,,,,,,,,,,,,,,,,,,,,,,,,0,,,,,,0.3270774461825795,14,,5,17,3,4,16,,,,,,,,,,,,,,,,,,1,,,,,,,,,,,,,,,,,
Na2O_x002,Na2O_x020_cLi24gaS16e_s00,Na2O,Li_24g,S_16e,0.25,compound_set,4,-0.4605784055340192,-0.14865325093160053,True,0.15077454990014544,2.921922272078533,0.45454545454545453,1.512736657814539,1.166497528015636,0.9928869100732605,0.1246766597706174,0.869097086595357,0.147072,,-797.5135359123354,-4.189736727241946,-2.79916461219417,True,21.329973175798898,20.016917484146823,1.6050454323103385,0.9973510522658675,True,OK,20.965558193722146,15.53076994300698,37.36576356759341,0.7407754088635455,0.20295914834595974,,,,,,,,,,,,0,,,-0.4605784055340192,-0.49995550084453866,-797.5135359123353,0.55,2,,4,22,1,4,19,,,,,,,,,,,,,,,,,,,2,,,,,,,,,,,,,,,,
Na2O_x002,Na2O_x020_cLi24gaS16e_s01,Na2O,Li_24g,S_16e,0.25,compound_set,4,-0.4509416961261121,-0.14869909403730178,True,0.20936413916644966,2.951173495908108,0.5454545454545454,1.6438020913031648,1.195926971409363,,,,,,,,,,,,,,,,,,,,,,,,,,,,,,,,0,,,,,,0.32524338901722866,10,,4,22,1,4,19,,,,,,,,,,,,,,,,,,,2,,,,,,,,,,,,,,,,
Na2O_x002,Na2O_x020_cLi24gaS16e_s02,Na2O,Li_24g,S_16e,0.25,compound_set,4,-0.4498720517108379,-0.14860209275307398,True,0.1948736265161806,2.951924671625917,0.36363636363636365,0.6072944721182832,1.0354587266900985,,,,,,,,,,,,,,,,,,,,,,,,,,,,,,,,0,,,,,,0.32033845141618367,11,,4,22,1,4,19,,,,,,,,,,,,,,,,,,,2,,,,,,,,,,,,,,,,
Na2O_x002,Na2O_x020_cLi24gaS16e_s03,Na2O,Li_24g,S_16e,0.25,compound_set,4,-0.4539919913567716,-0.16715432064535465,True,0.1502348572902572,2.9499028232588156,0.4090909090909091,1.2983744429037285,1.1247264012597,,,,,,,,,,,,,,,,,,,,,,,,,,,,,,,,0,,,,,,0.33923075487218324,7,,4,22,1,4,19,,,,,,,,,,,,,,,,,,,2,,,,,,,,,,,,,,,,
Na2O_x002,Na2O_x020_cLi24gaS16e_s04,Na2O,Li_24g,S_16e,0.25,compound_set,4,-0.45417345407289966,-0.17966858402704308,True,0.12575829033896357,3.0353253394821653,0.5,1.148768483741963,1.0399046721937177,,,,,,,,,,,,,,,,,,,,,,,,,,,,,,,,0,,,,,,0.3400628662606171,5,,4,22,1,4,19,,,,,,,,,,,,,,,,,,,2,,,,,,,,,,,,,,,,
Na2O_x002,Na2O_x020_cLi24gaS4a_s00,Na2O,Li_24g,S_4a,0.25,compound_set,4,-0.4325821631696676,-0.15330872253373332,True,0.23897953077050646,2.9773120677825657,0.5,1.3643732819982384,1.1151429023974533,,,,,,,,,,,,,,,,,,,,,,,,,,,,,,,,0,,,,,,0.24105432370751875,14,,4,22,1,4,19,,,,,,,,,,,,,,,,,,,2,,,,,,,,,,,,,,,,
Na2O_x002,Na2O_x020_cLi24gaS4a_s01,Na2O,Li_24g,S_4a,0.25,compound_set,4,-0.41273985274168146,-0.15828013878522257,True,0.14749802108021373,2.950882766305469,0.13636363636363635,0.7746066036767073,1.1023740136490008,,,,,,,,,,,,,,,,,,,,,,,,,,,,,,,,0,,,,,,0.15006586705776062,18,,4,22,1,4,19,,,,,,,,,,,,,,,,,,,2,,,,,,,,,,,,,,,,
Na2O_x002,Na2O_x020_cLi24gaS4a_s02,Na2O,Li_24g,S_4a,0.25,compound_set,4,-0.4552466372192847,-0.2049451793351535,True,0.17449582418296253,2.8853171780547537,0.36363636363636365,3.1018311059638664,1.1047655373698004,0.9840330746876552,0.09366503558846882,0.8918635817268056,0.138432,,-784.731668456695,-4.138274916524097,-2.333510398419586,True,18.050086195070932,20.100331212652545,7.3178681060075155,0.9999323315482272,True,OK,24.13151364846578,16.979366044341326,41.26081487514319,0.7036179450525611,0.2150281337769403,,,,,,,,,,,,0,,,-0.4552466372192847,-0.4484936901266896,-784.7316684566952,0.415644311681003,4,,4,22,1,4,19,,,,,,,,,,,,,,,,,,,2,,,,,,,,,,,,,,,,
Na2O_x002,Na2O_x020_cLi24gaS4a_s03,Na2O,Li_24g,S_4a,0.25,compound_set,4,-0.41272548878107385,-0.1582883424377827,True,0.14781549382501316,2.950993861315873,0.13636363636363635,0.7737211626636062,1.1023562727554066,,,,,,,,,,,,,,,,,,,,,,,,,,,,,,,,0,,,,,,0.15,20,,4,22,1,4,19,,,,,,,,,,,,,,,,,,,2,,,,,,,,,,,,,,,,
Na2O_x002,Na2O_x020_cLi24gaS4a_s04,Na2O,Li_24g,S_4a,0.25,compound_set,4,-0.4157994388936639,-0.19272314888128217,True,0.16933187299340788,2.8175698912279796,0.4090909090909091,1.6703562681410618,1.0341694634742895,,,,,,,,,,,,,,,,,,,,,,,,,,,,,,,,0,,,,,,0.1640958371545498,15,,4,22,1,4,19,,,,,,,,,,,,,,,,,,,2,,,,,,,,,,,,,,,,
Na2O_x002,Na2O_x020_cLi48haS16e_s00,Na2O,Li_48h,S_16e,0.25,compound_set,4,-0.46057901745288055,-0.14865195564880226,True,0.15076769509943616,2.921919682513375,0.45454545454545453,1.5127398779378747,1.1665006234895317,0.9899445599175539,0.08615181712679401,0.9046590372258723,0.138112,,-759.3013383816321,-4.151524559886665,-1.481537398442912,True,17.118049603610896,20.149413229936044,6.639934697016606,0.9968920445408578,True,OK,21.01037021454485,17.45915878894065,41.01626856743251,0.8309781603398019,0.1746347307813566,,,,,,,,,,,,0,,,-0.46057901745288055,-0.4617433334892582,-759.3013383816318,0.4700210819073035,3,,4,22,1,4,19,,,,,,,,,,,,,,,,,,,2,,,,,,,,,,,,,,,,
Na2O_x002,Na2O_x020_cLi48haS16e_s01,Na2O,Li_48h,S_16e,0.25,compound_set,4,-0.45113742305064486,-0.14907733204995624,True,0.20772458216237777,2.9493626463647953,0.5454545454545454,1.635411333877247,1.1965168623358784,,,,,,,,,,,,,,,,,,,,,,,,,,,,,,,,0,,,,,,0.32614091004194357,9,,4,22,1,4,19,,,,,,,,,,,,,,,,,,,2,,,,,,,,,,,,,,,,
Na2O_x002,Na2O_x020_cLi48haS16e_s02,Na2O,Li_48h,S_16e,0.25,compound_set,4,-0.44987192988775737,-0.1486008435842525,True,0.19487491141528618,2.951925784423662,0.36363636363636365,0.6073269174367444,1.0354582092521158,,,,,,,,,,,,,,,,,,,,,,,,,,,,,,,,0,,,,,,0.32033789278697966,12,,4,22,1,4,19,,,,,,,,,,,,,,,,,,,2,,,,,,,,,,,,,,,,
Na2O_x002,Na2O_x020_cLi48haS16e_s03,Na2O,Li_48h,S_16e,0.25,compound_set,4,-0.4538955477960269,-0.16703813841672077,True,0.15043563492348427,2.9503961442074544,0.4090909090909091,1.2928710887468833,1.1236945072413491,,,,,,,,,,,,,,,,,,,,,,,,,,,,,,,,0,,,,,,0.33878850542861105,8,,4,22,1,4,19,,,,,,,,,,,,,,,,,,,2,,,,,,,,,,,,,,,,
Na2O_x002,Na2O_x020_cLi48haS16e_s04,Na2O,Li_48h,S_16e,0.25,compound_set,4,-0.4540404674109664,-0.1791614716136918,True,0.12783598510588817,3.0356374169424694,0.5,1.1371690852751184,1.0393411545785145,,,,,,,,,,,,,,,,,,,,,,,,,,,,,,,,0,,,,,,0.3394530455863449,6,,4,22,1,4,19,,,,,,,,,,,,,,,,,,,2,,,,,,,,,,,,,,,,
Na2O_x002,Na2O_x020_cLi48haS4a_s00,Na2O,Li_48h,S_4a,0.25,compound_set,4,-0.43267780035337156,-0.15377193026982194,True,0.23737615801262518,2.9764120221103707,0.5,1.3547552240798852,1.1156436751510947,,,,,,,,,,,,,,,,,,,,,,,,,,,,,,,,0,,,,,,0.24149287544649778,13,,4,22,1,4,19,,,,,,,,,,,,,,,,,,,2,,,,,,,,,,,,,,,,
Na2O_x002,Na2O_x020_cLi48haS4a_s01,Na2O,Li_48h,S_4a,0.25,compound_set,4,-0.4127407939906358,-0.15828959971828896,True,0.14755135257241359,2.9508899179794295,0.13636363636363635,0.7742591288454626,1.1024152582329052,,,,,,,,,,,,,,,,,,,,,,,,,,,,,,,,0,,,,,,0.1500701832279964,17,,4,22,1,4,19,,,,,,,,,,,,,,,,,,,2,,,,,,,,,,,,,,,,
Na2O_x002,Na2O_x020_cLi48haS4a_s02,Na2O,Li_48h,S_4a,0.25,compound_set,4,-0.4552482579759727,-0.20496199635980986,True,0.17448444028874807,2.885311642740352,0.36363636363636365,3.1018863812017066,1.1047642596184657,1.0029964918547591,0.11097407461543851,0.8863619664404769,0.142528,,-814.9709248174162,-4.168514140670515,-3.4377322564283843,True,17.890810146852505,19.965877721705308,4.0299946165720195,0.9907428831374391,True,OK,22.847296686555815,21.365060178221302,48.863906582720205,0.9351242062170657,0.14354713197883118,,,,,,,,,,,,0,,,-0.4552482579759727,-0.47873291427310827,-814.9709248174166,0.7526821798167825,1,,4,22,1,4,19,,,,,,,,,,,,,,,,,,,2,,,,,,,,,,,,,,,,
Na2O_x002,Na2O_x020_cLi48haS4a_s03,Na2O,Li_48h,S_4a,0.25,compound_set,4,-0.41273958656589693,-0.15826892454750216,True,0.1474026955175337,2.9508318739261368,0.13636363636363635,0.7753581096979792,1.1023562138693777,,,,,,,,,,,,,,,,,,,,,,,,,,,,,,,,0,,,,,,0.15006464648801301,19,,4,22,1,4,19,,,,,,,,,,,,,,,,,,,2,,,,,,,,,,,,,,,,
Na2O_x002,Na2O_x020_cLi48haS4a_s04,Na2O,Li_48h,S_4a,0.25,compound_set,4,-0.4157941742506295,-0.19271947217359092,True,0.16938894829526183,2.8176063257676693,0.4090909090909091,1.670587158408761,1.0341885614533979,,,,,,,,,,,,,,,,,,,,,,,,,,,,,,,,0,,,,,,0.16407169572473745,16,,4,22,1,4,19,,,,,,,,,,,,,,,,,,,2,,,,,,,,,,,,,,,,
Na2O_x005,Na2O_x050_cLi24gaS16e_s00,Na2O,Li_24g,S_16e,0.25,compound_set,4,-0.46057898763426053,-0.14865204827768305,True,0.15076776448975182,2.9219197411837943,0.45454545454545453,1.5127391044166356,1.1665011823840474,1.0211719328842876,0.11894856175631525,0.8623978763255843,0.151296,,-778.7348360381374,-4.170958030018291,-3.048029152082597,True,19.399214393471212,19.976341543221473,4.322272114995765,0.9999405865967465,True,OK,25.76519656231059,20.356454401627257,48.33890047857988,0.7900756492347023,0.1873113933513825,,,,,,,,,,,,0,,,-0.46057898763426053,-0.4811767707949155,-778.7348360381375,0.8259403867074652,1,,4,22,1,4,19,,,,,,,,,,,,,,,,,,,2,,,,,,,,,,,,,,,,
Na2O_x005,Na2O_x050_cLi24gaS16e_s01,Na2O,Li_24g,S_16e,0.25,compound_set,4,-0.45113980838733436,-0.14908356085794522,True,0.20775794422315216,2.9493806711478423,0.5454545454545454,1.6356813989700003,1.1964713970032645,,,,,,,,,,,,,,,,,,,,,,,,,,,,,,,,0,,,,,,0.36095933872672475,9,,4,22,1,4,19,,,,,,,,,,,,,,,,,,,2,,,,,,,,,,,,,,,,
Na2O_x005,Na2O_x050_cLi24gaS16e_s02,Na2O,Li_24g,S_16e,0.25,compound_set,4,-0.44987296599560356,-0.14860256053918383,True,0.19486318328969152,2.9519190438537155,0.36363636363636365,0.6072368032484591,1.0354575939436865,,,,,,,,,,,,,,,,,,,,,,,,,,,,,,,,0,,,,,,0.3540010790139708,11,,4,22,1,4,19,,,,,,,,,,,,,,,,,,,2,,,,,,,,,,,,,,,,
Na2O_x005,Na2O_x050_cLi24gaS16e_s03,Na2O,Li_24g,S_16e,0.25,compound_set,4,-0.45393295492359087,-0.16712268772265076,True,0.15038384371541835,2.950198409658592,0.4090909090909091,1.2955011455238343,1.1240810676250537,,,,,,,,,,,,,,,,,,,,,,,,,,,,,,,,0,,,,,,0.3763009780197535,7,,4,22,1,4,19,,,,,,,,,,,,,,,,,,,2,,,,,,,,,,,,,,,,
Na2O_x005,Na2O_x050_cLi24gaS16e_s04,Na2O,Li_24g,S_16e,0.25,compound_set,4,-0.4539802922123304,-0.1789912566357009,True,0.12860821835390948,3.0361104502091525,0.5,1.1325902045185339,1.0390602063415368,,,,,,,,,,,,,,,,,,,,,,,,,,,,,,,,0,,,,,,0.37656098285642237,6,,4,22,1,4,19,,,,,,,,,,,,,,,,,,,2,,,,,,,,,,,,,,,,
Na2O_x005,Na2O_x050_cLi24gaS4a_s00,Na2O,Li_24g,S_4a,0.25,compound_set,4,-0.43267291825519827,-0.15375059534726077,True,0.23729429744860922,2.9763948445406867,0.5,1.3550171331898018,1.1156495906628328,,,,,,,,,,,,,,,,,,,,,,,,,,,,,,,,0,,,,,,0.2595280806120213,13,,4,22,1,4,19,,,,,,,,,,,,,,,,,,,2,,,,,,,,,,,,,,,,
Na2O_x005,Na2O_x050_cLi24gaS4a_s01,Na2O,Li_24g,S_4a,0.25,compound_set,4,-0.4127332321924726,-0.1582765527517695,True,0.14759315783514435,2.9509011469660593,0.13636363636363635,0.7745986125146236,1.1023609537355021,,,,,,,,,,,,,,,,,,,,,,,,,,,,,,,,0,,,,,,0.15000734218325285,19,,4,22,1,4,19,,,,,,,,,,,,,,,,,,,2,,,,,,,,,,,,,,,,
Na2O_x005,Na2O_x050_cLi24gaS4a_s02,Na2O,Li_24g,S_4a,0.25,compound_set,4,-0.4552559084144425,-0.20506085501008078,True,0.1743807224149972,2.8852253795689227,0.36363636363636365,3.1023606019680976,1.1047571210755578,0.9988163751166307,0.08577536984686183,0.9131425311318998,0.13216,,-813.8689092572175,-4.167412132450283,-0.6867526912074414,True,15.513575359776297,20.514069038169815,6.876415116729192,0.9999925229734579,True,OK,20.57103410966809,15.958824161798901,38.03955662143757,0.7757910504994244,0.19180323800089105,,,,,,,,,,,,0,,,-0.4552559084144425,-0.4776308732269081,-813.8689092572173,0.5710812026388754,2,,4,22,1,4,19,,,,,,,,,,,,,,,,,,,2,,,,,,,,,,,,,,,,
Na2O_x005,Na2O_x050_cLi24gaS4a_s03,Na2O,Li_24g,S_4a,0.25,compound_set,4,-0.41273807448151256,-0.15826653003635086,True,0.14740799166617546,2.950843652332148,0.13636363636363635,0.7754577043571619,1.1023405865094984,,,,,,,,,,,,,,,,,,,,,,,,,,,,,,,,0,,,,,,0.15003393894458972,18,,4,22,1,4,19,,,,,,,,,,,,,,,,,,,2,,,,,,,,,,,,,,,,
Na2O_x005,Na2O_x050_cLi24gaS4a_s04,Na2O,Li_24g,S_4a,0.25,compound_set,4,-0.41579706089694124,-0.19272091792881582,True,0.16935729738123126,2.8175827061114216,0.4090909090909091,1.6702904549668351,1.0341845819091182,,,,,,,,,,,,,,,,,,,,,,,,,,,,,,,,0,,,,,,0.16683573060808013,15,,4,22,1,4,19,,,,,,,,,,,,,,,,,,,2,,,,,,,,,,,,,,,,
Na2O_x005,Na2O_x050_cLi48haS16e_s00,Na2O,Li_48h,S_16e,0.25,compound_set,4,-0.4605785291411193,-0.14865259377766854,True,0.15077593451876348,2.921923730469336,0.45454545454545453,1.512744654912844,1.166496003276696,0.9857443274054911,0.14617829801346002,0.8416498993489335,0.14272,,-783.1151665035142,-4.175338397999061,-3.4071466149669987,True,19.21205285368884,19.99353984671615,11.072898711547646,0.9994594446463233,True,OK,20.090784462726848,14.575899237948335,35.21219476726094,0.7255017475793477,0.2078909915755332,,,,,,,,,,,,0,,,-0.4605785291411193,-0.48555713877568607,-783.1151665035145,0.55,4,,4,22,1,4,19,,,,,,,,,,,,,,,,,,,2,,,,,,,,,,,,,,,,
Na2O_x005,Na2O_x050_cLi48haS16e_s01,Na2O,Li_48h,S_16e,0.25,compound_set,4,-0.4509484812129365,-0.14871247642968613,True,0.20932800681885258,2.9511284943690894,0.5454545454545454,1.6436041284687228,1.195924445111535,,,,,,,,,,,,,,,,,,,,,,,,,,,,,,,,0,,,,,,0.35990845490861323,10,,4,22,1,4,19,,,,,,,,,,,,,,,,,,,2,,,,,,,,,,,,,,,,
Na2O_x005,Na2O_x050_cLi48haS16e_s02,Na2O,Li_48h,S_16e,0.25,compound_set,4,-0.4498722422441741,-0.14860153107796142,True,0.19487134877977805,2.9519235795489194,0.36363636363636365,0.6072989740005059,1.0354582701095731,,,,,,,,,,,,,,,,,,,,,,,,,,,,,,,,0,,,,,,0.3539971037361885,12,,4,22,1,4,19,,,,,,,,,,,,,,,,,,,2,,,,,,,,,,,,,,,,
Na2O_x005,Na2O_x050_cLi48haS16e_s03,Na2O,Li_48h,S_16e,0.25,compound_set,4,-0.45392288321316965,-0.1670380798616338,True,0.15051982615721743,2.9503447512968677,0.4090909090909091,1.294024355383161,1.123997356887758,,,,,,,,,,,,,,,,,,,,,,,,,,,,,,,,0,,,,,,0.37624565813361766,8,,4,22,1,4,19,,,,,,,,,,,,,,,,,,,2,,,,,,,,,,,,,,,,
Na2O_x005,Na2O_x050_cLi48haS16e_s04,Na2O,Li_48h,S_16e,0.25,compound_set,4,-0.4542174267508834,-0.17982554137843004,True,0.1250605824978337,3.035709317695307,0.5,1.1529816583821226,1.0400680560591433,,,,,,,,,,,,,,,,,,,,,,,,,,,,,,,,0,,,,,,0.3778634682459912,5,,4,22,1,4,19,,,,,,,,,,,,,,,,,,,2,,,,,,,,,,,,,,,,
Na2O_x005,Na2O_x050_cLi48haS4a_s00,Na2O,Li_48h,S_4a,0.25,compound_set,4,-0.43241313125006897,-0.1527487174881333,True,0.23854440151039513,2.977475567509448,0.5,1.3729714360437395,1.1148648781929278,,,,,,,,,,,,,,,,,,,,,,,,,,,,,,,,0,,,,,,0.2581011742632225,14,,4,22,1,4,19,,,,,,,,,,,,,,,,,,,2,,,,,,,,,,,,,,,,
Na2O_x005,Na2O_x050_cLi48haS4a_s01,Na2O,Li_48h,S_4a,0.25,compound_set,4,-0.4127318954517678,-0.158287631616555,True,0.1477030001215492,2.9509446977966594,0.13636363636363635,0.7739761219468011,1.1023785053632515,,,,,,,,,,,,,,,,,,,,,,,,,,,,,,,,0,,,,,,0.15,20,,4,22,1,4,19,,,,,,,,,,,,,,,,,,,2,,,,,,,,,,,,,,,,
Na2O_x005,Na2O_x050_cLi48haS4a_s02,Na2O,Li_48h,S_4a,0.25,compound_set,4,-0.4552452720362048,-0.20492789320662064,True,0.1745151562058463,2.885332290111467,0.36363636363636365,3.101710512789031,1.1047682330069584,0.9921180787395794,0.09931971195083827,0.8935811969379454,0.130944,,-790.0735744905888,-4.143616798906984,-3.0251195951367698,True,14.624821386408138,20.18262893797793,1.3346497565216189,0.9901897361261263,True,OK,21.141983868849664,18.63411865516619,43.20810490231815,0.8813798539796196,0.15938150072740306,,,,,,,,,,,,0,,,-0.4552452720362048,-0.4538355396836087,-790.0735744905893,0.5585058265224293,3,,4,22,1,4,19,,,,,,,,,,,,,,,,,,,2,,,,,,,,,,,,,,,,
Na2O_x005,Na2O_x050_cLi48haS4a_s03,Na2O,Li_48h,S_4a,0.25,compound_set,4,-0.41274359780744607,-0.15827041654328433,True,0.14738816064227825,2.95083866010828,0.13636363636363635,0.7752800053171149,1.1023827533508228,,,,,,,,,,,,,,,,,,,,,,,,,,,,,,,,0,,,,,,0.15006427636980882,17,,4,22,1,4,19,,,,,,,,,,,,,,,,,,,2,,,,,,,,,,,,,,,,
Na2O_x005,Na2O_x050_cLi48haS4a_s04,Na2O,Li_48h,S_4a,0.25,compound_set,4,-0.4157069372525486,-0.19258161100307808,True,0.1694587037855769,2.8184564365639235,0.4090909090909091,1.6799478527799816,1.0339455483686426,,,,,,,,,,,,,,,,,,,,,,,,,,,,,,,,0,,,,,,0.1663407173940945,16,,4,22,1,4,19,,,,,,,,,,,,,,,,,,,2,,,,,,,,,,,,,,,,
Na2O_x010,Na2O_x100_cLi24gaS16e_s00,Na2O,Li_24g,S_16e,0.25,compound_set,4,-0.46057833595723796,-0.1486528489220403,True,0.15077500949301487,2.921922671604715,0.45454545454545453,1.5127534310518493,1.1664962137045667,0.981117535587591,0.08973073000034894,0.8930811429031731,0.14336,,-780.4805652133814,-4.1727038081266565,-4.902071225254308,True,21.65965283842479,19.33174957712319,13.089272323390981,0.9931040838304652,True,OK,22.447132610026227,16.18305082066398,39.14264437622329,0.7209406698758337,0.2093716076774111,,,,,,,,,,,,0,,,-0.46057833595723796,-0.4829224844746731,-780.4805652133817,0.55,3,,4,22,1,4,19,,,,,,,,,,,,,,,,,,,2,,,,,,,,,,,,,,,,
Na2O_x010,Na2O_x100_cLi24gaS16e_s01,Na2O,Li_24g,S_16e,0.25,compound_set,4,-0.4509429635958675,-0.14870232961279764,True,0.20938572278118578,2.9511859916570753,0.5454545454545454,1.643987317766782,1.1958957766935279,,,,,,,,,,,,,,,,,,,,,,,,,,,,,,,,0,,,,,,0.3677555328752016,10,,4,22,1,4,19,,,,,,,,,,,,,,,,,,,2,,,,,,,,,,,,,,,,
Na2O_x010,Na2O_x100_cLi24gaS16e_s02,Na2O,Li_24g,S_16e,0.25,compound_set,4,-0.44987287735529513,-0.14860252619238898,True,0.19486375160354277,2.951919335017182,0.36363636363636365,0.6072426173707501,1.0354580158426543,,,,,,,,,,,,,,,,,,,,,,,,,,,,,,,,0,,,,,,0.3616573396774437,11,,4,22,1,4,19,,,,,,,,,,,,,,,,,,,2,,,,,,,,,,,,,,,,
Na2O_x010,Na2O_x100_cLi24gaS16e_s03,Na2O,Li_24g,S_16e,0.25,compound_set,4,-0.4539134887677143,-0.16705298781328246,True,0.15053224768222018,2.950355255138339,0.4090909090909091,1.293365714402423,1.1238871296984434,,,,,,,,,,,,,,,,,,,,,,,,,,,,,,,,0,,,,,,0.38468392211141467,8,,4,22,1,4,19,,,,,,,,,,,,,,,,,,,2,,,,,,,,,,,,,,,,
Na2O_x010,Na2O_x100_cLi24gaS16e_s04,Na2O,Li_24g,S_16e,0.25,compound_set,4,-0.45404105608659506,-0.17916617021685718,True,0.12783893657623346,3.0356323409090753,0.5,1.1372975994762533,1.0393426413602662,,,,,,,,,,,,,,,,,,,,,,,,,,,,,,,,0,,,,,,0.3854109010470925,7,,4,22,1,4,19,,,,,,,,,,,,,,,,,,,2,,,,,,,,,,,,,,,,
Na2O_x010,Na2O_x100_cLi24gaS4a_s00,Na2O,Li_24g,S_4a,0.25,compound_set,4,-0.43256566113754324,-0.15324721960635906,True,0.23876269196518532,2.977296385390637,0.5,1.365107462316506,1.1151265898312834,,,,,,,,,,,,,,,,,,,,,,,,,,,,,,,,0,,,,,,0.26302720669417357,14,,4,22,1,4,19,,,,,,,,,,,,,,,,,,,2,,,,,,,,,,,,,,,,
Na2O_x010,Na2O_x100_cLi24gaS4a_s01,Na2O,Li_24g,S_4a,0.25,compound_set,4,-0.4127321047428012,-0.15828539031511774,True,0.14767513629162657,2.950940137836734,0.13636363636363635,0.7740837213089939,1.1023717156911184,,,,,,,,,,,,,,,,,,,,,,,,,,,,,,,,0,,,,,,0.15,20,,4,22,1,4,19,,,,,,,,,,,,,,,,,,,2,,,,,,,,,,,,,,,,
Na2O_x010,Na2O_x100_cLi24gaS4a_s02,Na2O,Li_24g,S_4a,0.25,compound_set,4,-0.4552574819200874,-0.20508227120536252,True,0.17435885978388366,2.885206135126157,0.36363636363636365,3.1024693002156662,1.1047535996859967,0.9945375184977568,0.12751254851579116,0.867721504919537,0.14336,,-772.4786008413881,-4.126021803441765,-0.5271970277071709,True,17.681881729401447,20.672273154549302,1.0615072866031998,0.9990611047603621,True,OK,23.26976926014499,19.01488106719793,44.832912139689995,0.8171495322802977,0.17889015401285038,,,,,,,,,,,,0,,,-0.4552574819200874,-0.43624047978978187,-772.4786008413878,0.4206952564366193,4,,4,22,1,4,19,,,,,,,,,,,,,,,,,,,2,,,,,,,,,,,,,,,,
Na2O_x010,Na2O_x100_cLi24gaS4a_s03,Na2O,Li_24g,S_4a,0.25,compound_set,4,-0.41273822566446494,-0.15827611045045897,True,0.147492388252639,2.9508654788529243,0.13636363636363635,0.7748541808797762,1.1023744522132461,,,,,,,,,,,,,,,,,,,,,,,,,,,,,,,,0,,,,,,0.15003488182675245,19,,4,22,1,4,19,,,,,,,,,,,,,,,,,,,2,,,,,,,,,,,,,,,,
Na2O_x010,Na2O_x100_cLi24gaS4a_s04,Na2O,Li_24g,S_4a,0.25,compound_set,4,-0.4157933783228476,-0.19271762015892788,True,0.16939636374026498,2.8175994893913274,0.4090909090909091,1.6704935342668106,1.0341953497525018,,,,,,,,,,,,,,,,,,,,,,,,,,,,,,,,0,,,,,,0.1674455450546954,16,,4,22,1,4,19,,,,,,,,,,,,,,,,,,,2,,,,,,,,,,,,,,,,
Na2O_x010,Na2O_x100_cLi48haS16e_s00,Na2O,Li_48h,S_16e,0.25,compound_set,4,-0.4605789368151747,-0.1486519790261679,True,0.1507675965033773,2.921919287136589,0.45454545454545453,1.512741576796568,1.1665003190531567,1.0168499561576692,0.13625531643997443,0.8491906235106192,0.140864,,-766.3738158941785,-4.15859705187526,-2.566773017444444,True,18.50597558973869,20.18744544598815,7.024298716161888,0.9993506143026286,True,OK,23.610176462844446,19.104143296508138,45.137983254076076,0.8091486874980586,0.18136632858921276,,,,,,,,,,,,0,,,-0.4605789368151747,-0.46881572822327655,-766.3738158941782,0.6136649120037688,2,,4,22,1,4,19,,,,,,,,,,,,,,,,,,,2,,,,,,,,,,,,,,,,
Na2O_x010,Na2O_x100_cLi48haS16e_s01,Na2O,Li_48h,S_16e,0.25,compound_set,4,-0.4511462764283172,-0.1490980704758787,True,0.20772797206509058,2.9493401341259995,0.5454545454545454,1.6355176460121323,1.1964683162914762,,,,,,,,,,,,,,,,,,,,,,,,,,,,,,,,0,,,,,,0.3689141693335102,9,,4,22,1,4,19,,,,,,,,,,,,,,,,,,,2,,,,,,,,,,,,,,,,
Na2O_x010,Na2O_x100_cLi48haS16e_s02,Na2O,Li_48h,S_16e,0.25,compound_set,4,-0.4498716888921397,-0.1485998420429211,True,0.19487385042233443,2.9519256496901103,0.36363636363636365,0.6073569794302784,1.0354573940527818,,,,,,,,,,,,,,,,,,,,,,,,,,,,,,,,0,,,,,,0.36165056687946207,12,,4,22,1,4,19,,,,,,,,,,,,,,,,,,,2,,,,,,,,,,,,,,,,
Na2O_x010,Na2O_x100_cLi48haS16e_s03,Na2O,Li_48h,S_16e,0.25,compound_set,4,-0.45411829681281635,-0.1667906335647454,True,0.14991274762728868,2.9499080111918996,0.4090909090909091,1.3092831832492025,1.1263628712546365,,,,,,,,,,,,,,,,,,,,,,,,,,,,,,,,0,,,,,,0.3858510794676472,5,,4,22,1,4,19,,,,,,,,,,,,,,,,,,,2,,,,,,,,,,,,,,,,
Na2O_x010,Na2O_x100_cLi48haS16e_s04,Na2O,Li_48h,S_16e,0.25,compound_set,4,-0.4540437204440133,-0.1792232120087529,True,0.1276682984080538,3.035702985560875,0.5,1.1378135691680236,1.0393462939185747,,,,,,,,,,,,,,,,,,,,,,,,,,,,,,,,0,,,,,,0.3854260846516174,6,,4,22,1,4,19,,,,,,,,,,,,,,,,,,,2,,,,,,,,,,,,,,,,
Na2O_x010,Na2O_x100_cLi48haS4a_s00,Na2O,Li_48h,S_4a,0.25,compound_set,4,-0.4326691995929295,-0.15373626075657237,True,0.23722095156983003,2.976370939863644,0.5,1.355059286043256,1.115677220485927,,,,,,,,,,,,,,,,,,,,,,,,,,,,,,,,0,,,,,,0.26361725026300314,13,,4,22,1,4,19,,,,,,,,,,,,,,,,,,,2,,,,,,,,,,,,,,,,
Na2O_x010,Na2O_x100_cLi48haS4a_s01,Na2O,Li_48h,S_4a,0.25,compound_set,4,-0.41274650117257217,-0.15827025854045215,True,0.14733862210527182,2.950813523382392,0.13636363636363635,0.775312701958295,1.1023962877117168,,,,,,,,,,,,,,,,,,,,,,,,,,,,,,,,0,,,,,,0.15008204218199678,17,,4,22,1,4,19,,,,,,,,,,,,,,,,,,,2,,,,,,,,,,,,,,,,
Na2O_x010,Na2O_x100_cLi48haS4a_s02,Na2O,Li_48h,S_4a,0.25,compound_set,4,-0.4552467413041086,-0.20495202210208383,True,0.17449578646812874,2.885314677070092,0.36363636363636365,3.1018481918383616,1.104765728903445,1.0029445839102877,0.11283801861791981,0.8845496584858835,0.14112,,-791.2165358075159,-4.144759775311622,-2.2709435408175613,True,17.256453948112988,19.828299391550676,8.881805729457142,0.9929081100968511,True,OK,28.819569171046375,21.486094208082335,51.62805170184871,0.7455383555722399,0.20142942690877724,,,,,,,,,,,,0,,,-0.4552467413041086,-0.45497845165963824,-791.216535807516,0.6907529184382167,1,,4,22,1,4,19,,,,,,,,,,,,,,,,,,,2,,,,,,,,,,,,,,,,
Na2O_x010,Na2O_x100_cLi48haS4a_s03,Na2O,Li_48h,S_4a,0.25,compound_set,4,-0.41274607519956774,-0.15825627552044602,True,0.14717986449488957,2.950753686704836,0.13636363636363635,0.7761865555692071,1.1023360014722101,,,,,,,,,,,,,,,,,,,,,,,,,,,,,,,,0,,,,,,0.1500796146527197,18,,4,22,1,4,19,,,,,,,,,,,,,,,,,,,2,,,,,,,,,,,,,,,,
Na2O_x010,Na2O_x100_cLi48haS4a_s04,Na2O,Li_48h,S_4a,0.25,compound_set,4,-0.4157986011688415,-0.19271918621934586,True,0.16933379868495185,2.817553158111574,0.4090909090909091,1.6700469072367328,1.0341829640373685,,,,,,,,,,,,,,,,,,,,,,,,,,,,,,,,0,,,,,,0.1674753089397968,15,,4,22,1,4,19,,,,,,,,,,,,,,,,,,,2,,,,,,,,,,,,,,,,
Nb2O5_x002,Nb2O5_x020_cP4baS16e_s00,Nb2O5,P_4b,S_16e,0.25,compound_set,4,-0.997020596471911,-0.2163221287855802,True,0.23139785285317574,2.9395837556985724,0.8333333333333334,1.3942422541656239,1.0351812987729079,,,,,,,,,,,,,,,,,,,,,,,,,,,,,,,,0,,,,,,0.47106986282392116,3,,4,24,5,2,15,,,,,,,,,,,,,,,,,,,,2,,,,,,,,,,,,,,,
Nb2O5_x002,Nb2O5_x020_cP4baS16e_s01,Nb2O5,P_4b,S_16e,0.25,compound_set,4,-0.9831556175946741,-0.1941154266690498,True,0.1982114555695272,2.8106240614668194,0.7083333333333334,0.6542972827301524,1.0521223133652178,,,,,,,,,,,,,,,,,,,,,,,,,,,,,,,,0,,,,,,0.42104351984284627,5,,4,24,5,2,15,,,,,,,,,,,,,,,,,,,,2,,,,,,,,,,,,,,,
Nb2O5_x002,Nb2O5_x020_cP4baS16e_s02,Nb2O5,P_4b,S_16e,0.25,compound_set,4,-1.0028426376955473,-0.16491121724165475,True,0.17933808238610424,2.9998985591758824,0.75,0.5053140383521809,1.1590168208119027,0.9759612573310346,0.10244095509664716,0.8759828539927187,0.162688,,-1095.9225543705709,-4.70867758498818,-3.580839877543841,True,18.726096339579573,19.870435141424327,4.2492628619141675,0.9997913994127067,True,OK,26.498952298590822,19.08234203173297,46.1655064223572,0.7201168490253006,0.20963942333667146,,,,,,,,,,,,0,,,-1.0028426376955473,-1.0188963647074134,-1095.922554370571,0.85,1,,4,24,5,2,15,,,,,,,,,,,,,,,,,,,,2,,,,,,,,,,,,,,,
Nb2O5_x002,Nb2O5_x020_cP4baS16e_s03,Nb2O5,P_4b,S_16e,0.25,compound_set,4,-0.9970201279372874,-0.21632168432770935,True,0.2314052987901341,2.939607513971699,0.8333333333333334,1.3942442636507488,1.035187535411432,,,,,,,,,,,,,,,,,,,,,,,,,,,,,,,,0,,,,,,0.4710681723003377,4,,4,24,5,2,15,,,,,,,,,,,,,,,,,,,,2,,,,,,,,,,,,,,,
Nb2O5_x002,Nb2O5_x020_cP4baS16e_s04,Nb2O5,P_4b,S_16e,0.25,compound_set,4,-1.0171709675494114,-0.2544135848212651,True,0.23508185997679526,2.9920057599516734,0.8333333333333334,2.324705146963831,1.070551697424748,,,,,,,,,,,,,,,,,,,,,,,,,,,,,,,,0,,,,,,0.5437745804902386,2,,4,24,5,2,15,,,,,,,,,,,,,,,,,,,,2,,,,,,,,,,,,,,,
Nb2O5_x002,Nb2O5_x020_cP4baS4a_s00,Nb2O5,P_4b,S_4a,0.25,compound_set,4,-0.9380343091880654,-0.15525022568595642,True,0.2722348274607366,2.8634487155704966,0.6666666666666666,0.6341389815432578,1.0300906114777544,,,,,,,,,,,,,,,,,,,,,,,,,,,,,,,,0,,,,,,0.2582409602363727,8,,4,24,5,2,15,,,,,,,,,,,,,,,,,,,,2,,,,,,,,,,,,,,,
Nb2O5_x002,Nb2O5_x020_cP4baS4a_s01,Nb2O5,P_4b,S_4a,0.25,compound_set,4,-0.9295235288032444,-0.2153526493831239,True,0.2405923607412125,2.778707485513215,0.625,0.8262227400274789,1.039573390164926,,,,,,,,,,,,,,,,,,,,,,,,,,,,,,,,0,,,,,,0.22753314435454225,9,,4,24,5,2,15,,,,,,,,,,,,,,,,,,,,2,,,,,,,,,,,,,,,
Nb2O5_x002,Nb2O5_x020_cP4baS4a_s02,Nb2O5,P_4b,S_4a,0.25,compound_set,4,-0.9512576658823955,-0.1843300051154078,True,0.2731064756658473,2.9602262369295027,0.875,2.3682605281987272,1.0372987572663503,0.9625411001326082,0.09716118557783084,0.8690194656763344,0.155072,,-995.6536885028796,-4.656565697157873,-2.83848661960081,True,16.57464853399592,19.963130924050006,3.458356968165625,0.9999264669790003,True,OK,24.54866661473022,17.621522536995478,42.65771477592418,0.7178199457245402,0.21038674967973098,,,,,,,,,,,,0,,,-0.9512576658823955,-0.9667844768771063,-995.6536885028795,0.36197467395566846,6,,4,24,5,2,15,,,,,,,,,,,,,,,,,,,,2,,,,,,,,,,,,,,,
Nb2O5_x002,Nb2O5_x020_cP4baS4a_s03,Nb2O5,P_4b,S_4a,0.25,compound_set,4,-0.9618441652148961,-0.25865907951258016,True,0.17346219781628883,2.833126038269144,0.625,1.388635697213759,1.042970109355299,,,,,,,,,,,,,,,,,,,,,,,,,,,,,,,,0,,,,,,0.34414949529254857,7,,4,24,5,2,15,,,,,,,,,,,,,,,,,,,,2,,,,,,,,,,,,,,,
Nb2O5_x002,Nb2O5_x020_cP4baS4a_s04,Nb2O5,P_4b,S_4a,0.25,compound_set,4,-0.9080349420966733,-0.21924286154016057,True,0.17239896429502757,2.779167490916444,0.75,0.4690263152067126,1.1649957837173588,,,,,,,,,,,,,,,,,,,,,,,,,,,,,,,,0,,,,,,0.15,10,,4,24,5,2,15,,,,,,,,,,,,,,,,,,,,2,,,,,,,,,,,,,,,
Nb2O5_x005,Nb2O5_x050_cP4baS16e_s00,Nb2O5,P_4b,S_16e,0.25,compound_set,4,-0.9970200653436705,-0.21631913301201974,True,0.23139914811672066,2.939593198153908,0.8333333333333334,1.3942377319235175,1.035182501904826,,,,,,,,,,,,,,,,,,,,,,,,,,,,,,,,0,,,,,,0.45797535325061334,4,,4,24,5,2,15,,,,,,,,,,,,,,,,,,,,2,,,,,,,,,,,,,,,
Nb2O5_x005,Nb2O5_x050_cP4baS16e_s01,Nb2O5,P_4b,S_16e,0.25,compound_set,4,-0.9831720593269222,-0.1942057863080826,True,0.19820914104157053,2.8105405742175136,0.7083333333333334,0.653443675773338,1.0521339253475583,,,,,,,,,,,,,,,,,,,,,,,,,,,,,,,,0,,,,,,0.39478908107003263,5,,4,24,5,2,15,,,,,,,,,,,,,,,,,,,,2,,,,,,,,,,,,,,,
Nb2O5_x005,Nb2O5_x050_cP4baS16e_s02,Nb2O5,P_4b,S_16e,0.25,compound_set,4,-1.0028689719716364,-0.16484855577016522,True,0.17917541911891458,3.0000320669235108,0.75,0.5036794231587545,1.1595358194294303,0.9745533240533454,0.055646240085729645,0.9203230958067271,0.15232,,-1062.6178050186045,-4.67537285847167,-4.184733639163314,True,18.168770425612564,19.659901430193127,8.215849257571943,0.9998961349663702,True,OK,28.40818741488541,19.484936552359883,47.57720762064504,0.6858915800502676,0.22087150483645793,,,,,,,,,,,,0,,,-1.0028689719716364,-0.9855915845683589,-1062.617805018604,0.7058289939837263,1,,4,24,5,2,15,,,,,,,,,,,,,,,,,,,,2,,,,,,,,,,,,,,,
Nb2O5_x005,Nb2O5_x050_cP4baS16e_s03,Nb2O5,P_4b,S_16e,0.25,compound_set,4,-0.997033933193801,-0.21650716860721875,True,0.231463332789661,2.9395168387213633,0.8333333333333334,1.394627399779581,1.0352252195828122,,,,,,,,,,,,,,,,,,,,,,,,,,,,,,,,0,,,,,,0.4580386300683619,3,,4,24,5,2,15,,,,,,,,,,,,,,,,,,,,2,,,,,,,,,,,,,,,
Nb2O5_x005,Nb2O5_x050_cP4baS16e_s04,Nb2O5,P_4b,S_16e,0.25,compound_set,4,-1.0171883363603977,-0.2543996458456829,True,0.23504615498127004,2.9919664714105223,0.8333333333333334,2.3225351155629888,1.0706391468877068,,,,,,,,,,,,,,,,,,,,,,,,,,,,,,,,0,,,,,,0.55,2,,4,24,5,2,15,,,,,,,,,,,,,,,,,,,,2,,,,,,,,,,,,,,,
Nb2O5_x005,Nb2O5_x050_cP4baS4a_s00,Nb2O5,P_4b,S_4a,0.25,compound_set,4,-0.9380336552173056,-0.15525058117743057,True,0.27223818314243053,2.8634509186958117,0.6666666666666666,0.6340331314257664,1.0300859403843454,,,,,,,,,,,,,,,,,,,,,,,,,,,,,,,,0,,,,,,0.1888296465913213,9,,4,24,5,2,15,,,,,,,,,,,,,,,,,,,,2,,,,,,,,,,,,,,,
Nb2O5_x005,Nb2O5_x050_cP4baS4a_s01,Nb2O5,P_4b,S_4a,0.25,compound_set,4,-0.9295236868164465,-0.21534520662845058,True,0.24060704273612502,2.778718172593343,0.625,0.8259855321170214,1.0395687706451258,,,,,,,,,,,,,,,,,,,,,,,,,,,,,,,,0,,,,,,0.15,10,,4,24,5,2,15,,,,,,,,,,,,,,,,,,,,2,,,,,,,,,,,,,,,
Nb2O5_x005,Nb2O5_x050_cP4baS4a_s02,Nb2O5,P_4b,S_4a,0.25,compound_set,4,-0.9512699836740031,-0.1843790375913106,True,0.27238641534965996,2.959803825840476,0.875,2.375423021783911,1.037380705464651,0.9880381734885874,0.12142623797300008,0.8680644151081538,0.14752,,-1004.654946296269,-4.665566969019533,-6.927239487351508,True,21.14280304289396,19.118370075017822,0.09056600494226215,0.9997919628178364,True,OK,26.610328606505433,19.549674000684302,47.11187521037868,0.7346648848186335,0.20492738673620872,,,,,,,,,,,,0,,,-0.9512699836740031,-0.975785695116222,-1004.6549462962688,0.36108626357574974,6,,4,24,5,2,15,,,,,,,,,,,,,,,,,,,,2,,,,,,,,,,,,,,,
Nb2O5_x005,Nb2O5_x050_cP4baS4a_s03,Nb2O5,P_4b,S_4a,0.25,compound_set,4,-0.9615650111434584,-0.2599876221018668,True,0.1494576299264983,2.8074666627878666,0.625,0.8656724428433725,1.0342452613010247,,,,,,,,,,,,,,,,,,,,,,,,,,,,,,,,0,,,,,,0.2961995205305544,7,,4,24,5,2,15,,,,,,,,,,,,,,,,,,,,2,,,,,,,,,,,,,,,
Nb2O5_x005,Nb2O5_x050_cP4baS4a_s04,Nb2O5,P_4b,S_4a,0.25,compound_set,4,-0.9383873763296671,-0.25235428572942914,True,0.2196074366905021,2.7758899734682045,0.7916666666666666,2.0789239770918924,1.2064157064960261,,,,,,,,,,,,,,,,,,,,,,,,,,,,,,,,0,,,,,,0.1904436203615995,8,,4,24,5,2,15,,,,,,,,,,,,,,,,,,,,2,,,,,,,,,,,,,,,
Nb2O5_x010,Nb2O5_x100_cP4baS16e_s00,Nb2O5,P_4b,S_16e,0.25,compound_set,4,-0.9970204416189743,-0.21631889492505646,True,0.2313934928132322,2.9395757396967546,0.8333333333333334,1.39424127012371,1.0351783126833913,,,,,,,,,,,,,,,,,,,,,,,,,,,,,,,,0,,,,,,0.4762455516180666,4,,4,24,5,2,15,,,,,,,,,,,,,,,,,,,,2,,,,,,,,,,,,,,,
Nb2O5_x010,Nb2O5_x100_cP4baS16e_s01,Nb2O5,P_4b,S_16e,0.25,compound_set,4,-0.9789811648727929,-0.19484384679536523,True,0.1923498751226082,2.813659676295595,0.7083333333333334,0.56579502677024,1.0444184929148335,,,,,,,,,,,,,,,,,,,,,,,,,,,,,,,,0,,,,,,0.41019498035176194,5,,4,24,5,2,15,,,,,,,,,,,,,,,,,,,,2,,,,,,,,,,,,,,,
Nb2O5_x010,Nb2O5_x100_cP4baS16e_s02,Nb2O5,P_4b,S_16e,0.25,compound_set,4,-1.0028535314314153,-0.1648512124504767,True,0.17921524578476178,2.9999608478670043,0.75,0.5028654804174532,1.1592662186905245,0.9805311216334983,0.12010322321897175,0.8627661734588016,0.144192,,-1042.610445521163,-4.655365559732853,-5.2363860345740205,True,20.087320215126052,19.536981476754423,1.9895367721408825,0.9997593015330845,True,OK,25.566389933869207,16.41188990550565,40.557319439406065,0.6419322379091118,0.23560783288585233,,,,,,,,,,,,0,,,-1.0028535314314153,-0.9655843384326452,-1042.610445521163,0.36114267897750696,6,,4,24,5,2,15,,,,,,,,,,,,,,,,,,,,2,,,,,,,,,,,,,,,
Nb2O5_x010,Nb2O5_x100_cP4baS16e_s03,Nb2O5,P_4b,S_16e,0.25,compound_set,4,-0.9970206732357427,-0.21632272417022017,True,0.2313981986812063,2.9395837412020813,0.8333333333333334,1.3942505661791156,1.035182193913156,,,,,,,,,,,,,,,,,,,,,,,,,,,,,,,,0,,,,,,0.4762463996797758,3,,4,24,5,2,15,,,,,,,,,,,,,,,,,,,,2,,,,,,,,,,,,,,,
Nb2O5_x010,Nb2O5_x100_cP4baS16e_s04,Nb2O5,P_4b,S_16e,0.25,compound_set,4,-1.0171637481811446,-0.2544109405172461,True,0.23516126640158072,2.9920237209529286,0.8333333333333334,2.3248548920187586,1.0705653103343902,,,,,,,,,,,,,,,,,,,,,,,,,,,,,,,,0,,,,,,0.55,2,,4,24,5,2,15,,,,,,,,,,,,,,,,,,,,2,,,,,,,,,,,,,,,
Nb2O5_x010,Nb2O5_x100_cP4baS4a_s00,Nb2O5,P_4b,S_4a,0.25,compound_set,4,-0.9380350474665162,-0.1552536623280042,True,0.2722314720782296,2.863444966830702,0.6666666666666666,0.6343957617852118,1.0301009683846603,,,,,,,,,,,,,,,,,,,,,,,,,,,,,,,,0,,,,,,0.2602713174535674,8,,4,24,5,2,15,,,,,,,,,,,,,,,,,,,,2,,,,,,,,,,,,,,,
Nb2O5_x010,Nb2O5_x100_cP4baS4a_s01,Nb2O5,P_4b,S_4a,0.25,compound_set,4,-0.929528646595946,-0.21538508973317994,True,0.24059358726876937,2.7786964320302254,0.625,0.8270970345333577,1.0395954407002501,,,,,,,,,,,,,,,,,,,,,,,,,,,,,,,,0,,,,,,0.22912524409226784,9,,4,24,5,2,15,,,,,,,,,,,,,,,,,,,,2,,,,,,,,,,,,,,,
Nb2O5_x010,Nb2O5_x100_cP4baS4a_s02,Nb2O5,P_4b,S_4a,0.25,compound_set,4,-0.9513500802084733,-0.18442051062353404,True,0.2711583975574226,2.959197905129878,0.875,2.3669793045696395,1.0370966039551799,0.975136603076275,0.09406936286458534,0.8834061241189538,0.163776,,-985.0825730297381,-4.645994595345228,-6.6850265018564405,True,22.392258755594252,19.184257888053217,1.286472625134628,0.9995064592262981,True,OK,28.849562231675115,17.783194239153282,44.25623576015827,0.6164112334303772,0.24432751408403497,,,,,,,,,,,,0,,,-0.9513500802084733,-0.9562133740450207,-985.0825730297381,0.6268310178268005,1,,4,24,5,2,15,,,,,,,,,,,,,,,,,,,,2,,,,,,,,,,,,,,,
Nb2O5_x010,Nb2O5_x100_cP4baS4a_s03,Nb2O5,P_4b,S_4a,0.25,compound_set,4,-0.957185721118547,-0.25723860013121924,True,0.14141733434079135,2.803017299071232,0.5833333333333334,0.8910418648754687,1.030486585059443,,,,,,,,,,,,,,,,,,,,,,,,,,,,,,,,0,,,,,,0.33039125367101907,7,,4,24,5,2,15,,,,,,,,,,,,,,,,,,,,2,,,,,,,,,,,,,,,
Nb2O5_x010,Nb2O5_x100_cP4baS4a_s04,Nb2O5,P_4b,S_4a,0.25,compound_set,4,-0.9079185053295715,-0.21917613838143032,True,0.1714250712206426,2.7786960580897677,0.75,0.47940222648421726,1.1640286103691089,,,,,,,,,,,,,,,,,,,,,,,,,,,,,,,,0,,,,,,0.15,10,,4,24,5,2,15,,,,,,,,,,,,,,,,,,,,2,,,,,,,,,,,,,,,
Nd2O3_x002,Nd2O3_x020_cLi24gaS16e_s00,Nd2O3,Li_24g,S_16e,0.25,compound_set,4,-0.9056276252914257,-0.13788559061414915,True,0.2900248736903004,3.026339279317823,0.6666666666666666,1.1549146884266033,1.061578252991415,,,,,,,,,,,,,,,,,,,,,,,,,,,,,,,,0,,,,,,0.55,2,,4,18,3,4,17,,,,,,,,,,,,,,,,,,,,,2,,,,,,,,,,,,,,
Nd2O3_x002,Nd2O3_x020_cLi24gaS16e_s01,Nd2O3,Li_24g,S_16e,0.25,compound_set,4,-0.9057520772228971,-0.16352879444804422,True,0.2771815638111392,2.957890396162739,0.8333333333333334,2.329300843668601,1.0484230097687484,0.9761260413799006,0.1440639217439838,0.8355014957422818,0.125632,,-929.9296302239242,-4.568912049755252,-4.406456886474136,True,15.0601394423457,21.36226294524565,5.288143103900093,0.9984197993880534,True,OK,18.22556550086071,15.498806107599354,36.22732233518596,0.8503882146684236,0.16871332164814393,,,,,,,,,,,,0,,,-0.9057520772228971,-0.8791308247850598,-929.9296302239242,0.44657185933232113,8,,4,18,3,4,17,,,,,,,,,,,,,,,,,,,,,2,,,,,,,,,,,,,,
Nd2O3_x002,Nd2O3_x020_cLi24gaS16e_s02,Nd2O3,Li_24g,S_16e,0.25,compound_set,4,-0.884391663624684,-0.08857812908979604,True,0.24900394165954648,2.985519741161231,0.7777777777777778,0.412420740985169,1.0631671851255757,,,,,,,,,,,,,,,,,,,,,,,,,,,,,,,,0,,,,,,0.4671071228032416,7,,4,18,3,4,17,,,,,,,,,,,,,,,,,,,,,2,,,,,,,,,,,,,,
Nd2O3_x002,Nd2O3_x020_cLi24gaS16e_s03,Nd2O3,Li_24g,S_16e,0.25,compound_set,4,-0.8745196094325784,-0.09825069516839638,True,0.2598192118760628,3.210739008332613,0.6666666666666666,1.7554222513482927,1.0888310160024177,,,,,,,,,,,,,,,,,,,,,,,,,,,,,,,,0,,,,,,0.42857234916463816,9,,4,18,3,4,17,,,,,,,,,,,,,,,,,,,,,2,,,,,,,,,,,,,,
Nd2O3_x002,Nd2O3_x020_cLi24gaS16e_s04,Nd2O3,Li_24g,S_16e,0.25,compound_set,4,-0.8728955110117811,-0.11940151024717449,True,0.20893312506413952,3.019806735526404,0.7777777777777778,2.1523627521745943,1.0763717726245183,,,,,,,,,,,,,,,,,,,,,,,,,,,,,,,,0,,,,,,0.4222328109292943,10,,4,18,3,4,17,,,,,,,,,,,,,,,,,,,,,2,,,,,,,,,,,,,,
Nd2O3_x002,Nd2O3_x020_cLi24gaS4a_s00,Nd2O3,Li_24g,S_4a,0.25,compound_set,4,-0.8461047142625615,-0.15205471277396435,True,0.3224286189280299,2.9535669541597716,0.6666666666666666,1.5486590960696232,1.0731477184300273,1.0112242651775456,0.14866337560791043,0.8417809963645562,0.145664,,-1062.3022760026058,-4.5697530883519875,-5.308603508030385,True,19.738047476476908,21.274304062671767,2.1383326804720095,0.999720589491144,True,OK,27.58952279755888,18.849713097954655,46.05954002108072,0.6832199757953942,0.22175705756706035,,,,,,,,,,,,0,,,-0.8461047142625615,-0.8799718633817957,-1062.302276002606,0.4893567215183291,6,,4,18,3,4,17,,,,,,,,,,,,,,,,,,,,,2,,,,,,,,,,,,,,
Nd2O3_x002,Nd2O3_x020_cLi24gaS4a_s01,Nd2O3,Li_24g,S_4a,0.25,compound_set,4,-0.844140130382308,-0.10034183454133828,True,0.45623573512406657,3.0917358755526894,0.6666666666666666,1.1687297559422132,1.054736622438619,,,,,,,,,,,,,,,,,,,,,,,,,,,,,,,,0,,,,,,0.30998848346857855,12,,4,18,3,4,17,,,,,,,,,,,,,,,,,,,,,2,,,,,,,,,,,,,,
Nd2O3_x002,Nd2O3_x020_cLi24gaS4a_s02,Nd2O3,Li_24g,S_4a,0.25,compound_set,4,-0.8262173496072052,-0.10766166524032465,True,0.22016755204238295,3.0545894702059866,0.6666666666666666,0.3196232462276522,1.0980649816558419,,,,,,,,,,,,,,,,,,,,,,,,,,,,,,,,0,,,,,,0.24002834278223642,17,,4,18,3,4,17,,,,,,,,,,,,,,,,,,,,,2,,,,,,,,,,,,,,
Nd2O3_x002,Nd2O3_x020_cLi24gaS4a_s03,Nd2O3,Li_24g,S_4a,0.25,compound_set,4,-0.8341378436983513,-0.13100225454517891,True,0.33502113986326143,3.0128958913379775,0.5555555555555556,1.0664847686590015,1.0341493441973604,,,,,,,,,,,,,,,,,,,,,,,,,,,,,,,,0,,,,,,0.2709453577184272,13,,4,18,3,4,17,,,,,,,,,,,,,,,,,,,,,2,,,,,,,,,,,,,,
Nd2O3_x002,Nd2O3_x020_cLi24gaS4a_s04,Nd2O3,Li_24g,S_4a,0.25,compound_set,4,-0.8318652044824173,-0.13564993248873344,True,0.22105882728036555,3.08606442115796,0.5,0.8209467823806464,1.093812892728994,,,,,,,,,,,,,,,,,,,,,,,,,,,,,,,,0,,,,,,0.26207429238146196,14,,4,18,3,4,17,,,,,,,,,,,,,,,,,,,,,2,,,,,,,,,,,,,,
Nd2O3_x002,Nd2O3_x020_chain_Cl_x200_cLi24gaS16e_s00,Nd2O3+Clrich,Li_24g,S_16e,0.25,compound_set_chain,4,-0.8659377574387657,-0.06991796993950727,True,0.3019971427637344,3.0569792618461684,0.5294117647058824,0.8303456062505947,1.0816503325878375,,,,,,,,,,,,,,,,,,,,,,,,,,,,,,,,0,,,,,,0.3950737765731278,11,,5,17,3,4,16,,,,,,,,,,,,,,,,,,,,,2,,,,,,,,,,,,,,
Nd2O3_x002,Nd2O3_x020_chain_Cl_x200_cLi24gaS16e_s01,Nd2O3+Clrich,Li_24g,S_16e,0.25,compound_set_chain,4,-0.8927351474255998,-0.1087350952251971,True,0.24820449430619834,2.9667358057012145,0.6470588235294118,2.3904648907626944,1.0237719762307016,,,,,,,,,,,,,,,,,,,,,,,,,,,,,,,,0,,,,,,0.49967524422651655,5,,5,17,3,4,16,,,,,,,,,,,,,,,,,,,,,2,,,,,,,,,,,,,,
Nd2O3_x002,Nd2O3_x020_chain_Cl_x200_cLi24gaS16e_s02,Nd2O3+Clrich,Li_24g,S_16e,0.25,compound_set_chain,4,-0.8991526024474066,-0.07609295189347588,True,0.2212282224187837,3.106912334515815,0.8235294117647058,1.3900705066054024,1.0847310911902337,,,,,,,,,,,,,,,,,,,,,,,,,,,,,,,,0,,,,,,0.5247252664193646,3,,5,17,3,4,16,,,,,,,,,,,,,,,,,,,,,2,,,,,,,,,,,,,,
Nd2O3_x002,Nd2O3_x020_chain_Cl_x200_cLi24gaS16e_s03,Nd2O3+Clrich,Li_24g,S_16e,0.25,compound_set_chain,4,-0.8941821701939796,-0.17348293160247394,True,0.21358149506345164,3.170019937400479,0.7058823529411765,0.38329577066713,1.0444035131219318,,,,,,,,,,,,,,,,,,,,,,,,,,,,,,,,0,,,,,,0.5053235818211391,4,,5,17,3,4,16,,,,,,,,,,,,,,,,,,,,,2,,,,,,,,,,,,,,
Nd2O3_x002,Nd2O3_x020_chain_Cl_x200_cLi24gaS16e_s04,Nd2O3+Clrich,Li_24g,S_16e,0.25,compound_set_chain,4,-0.9065183722619512,-0.13732698525607526,True,0.3452627401643071,3.123885434168939,0.7647058823529411,2.323537427697871,1.0310695077128975,0.9616577184859006,0.14077022916124673,0.8262849410799588,0.157952,,-942.6900930422606,-4.571037300710889,-5.3960599009381465,True,18.13062024768623,21.381880762279053,4.494064929635545,0.999971877171111,True,OK,30.59100845724295,61.89935091277116,110.89873481153953,2.023449177861785,-0.10420114931561615,,,,,,,,,,,,0,,,-0.9065183722619512,-0.8812560757406969,-942.6900930422609,0.7548676063883079,1,,5,17,3,4,16,,,,,,,,,,,,,,,,,,,,,2,,,,,,,,,,,,,,
Nd2O3_x002,Nd2O3_x020_chain_Cl_x200_cLi24gaS4a_s00,Nd2O3+Clrich,Li_24g,S_4a,0.25,compound_set_chain,4,-0.8219825894301689,-0.06788187942690284,True,0.4441129340853429,3.105771494040904,0.5882352941176471,3.3975529960868016,1.008226488978679,,,,,,,,,,,,,,,,,,,,,,,,,,,,,,,,0,,,,,,0.22349829527030515,18,,5,17,3,4,16,,,,,,,,,,,,,,,,,,,,,2,,,,,,,,,,,,,,
Nd2O3_x002,Nd2O3_x020_chain_Cl_x200_cLi24gaS4a_s01,Nd2O3+Clrich,Li_24g,S_4a,0.25,compound_set_chain,4,-0.8031533843921261,-0.006607714820677398,True,0.2996216995781427,2.9333659043661817,0.6470588235294118,0.3033550453385693,1.0422128678709852,,,,,,,,,,,,,,,,,,,,,,,,,,,,,,,,0,,,,,,0.15,20,,5,17,3,4,16,,,,,,,,,,,,,,,,,,,,,2,,,,,,,,,,,,,,
Nd2O3_x002,Nd2O3_x020_chain_Cl_x200_cLi24gaS4a_s02,Nd2O3+Clrich,Li_24g,S_4a,0.25,compound_set_chain,4,-0.8730723541927503,-0.186962859068126,True,0.29508378031666355,3.058381404456568,0.47058823529411764,0.4598894842709364,1.141325276981472,0.9663913096554744,0.10379928286592574,0.8660805847453733,0.147584,,-998.5660484885925,-4.510568993093588,-5.937027193026699,True,9.441914988389176,20.16209964373064,11.585634046945545,0.982011397506182,True,OK,23.978266682794043,18.689799737861485,44.50602850413199,0.7794474882236848,0.19065022441017432,,,,,,,,,,,,0,,,-0.8730723541927503,-0.8207877681233962,-998.566048488593,0.2520949505773959,15,,5,17,3,4,16,,,,,,,,,,,,,,,,,,,,,2,,,,,,,,,,,,,,
Nd2O3_x002,Nd2O3_x020_chain_Cl_x200_cLi24gaS4a_s03,Nd2O3+Clrich,Li_24g,S_4a,0.25,compound_set_chain,4,-0.8290629071597033,-0.15794279928224747,True,0.35304843179399514,2.9079431517509824,0.7058823529411765,0.8988924270267874,1.0594491084990225,,,,,,,,,,,,,,,,,,,,,,,,,,,,,,,,0,,,,,,0.25113574900462343,16,,5,17,3,4,16,,,,,,,,,,,,,,,,,,,,,2,,,,,,,,,,,,,,
Nd2O3_x002,Nd2O3_x020_chain_Cl_x200_cLi24gaS4a_s04,Nd2O3+Clrich,Li_24g,S_4a,0.25,compound_set_chain,4,-0.8093862417126525,-0.12130157583136504,True,0.25532013030983947,3.0174577833713556,0.47058823529411764,1.491945821484682,1.0708553375653977,,,,,,,,,,,,,,,,,,,,,,,,,,,,,,,,0,,,,,,0.17432945983625808,19,,5,17,3,4,16,,,,,,,,,,,,,,,,,,,,,2,,,,,,,,,,,,,,
Nd2O3_x005,Nd2O3_x050_cLi24gaS16e_s00,Nd2O3,Li_24g,S_16e,0.25,compound_set,4,-0.9056200661353127,-0.13789207076422202,True,0.2899620308015932,3.026191337496228,0.7222222222222222,1.155328261139066,1.0615482190749321,,,,,,,,,,,,,,,,,,,,,,,,,,,,,,,,0,,,,,,0.48249713653819726,3,,4,18,3,4,17,,,,,,,,,,,,,,,,,,,,,2,,,,,,,,,,,,,,
Nd2O3_x005,Nd2O3_x050_cLi24gaS16e_s01,Nd2O3,Li_24g,S_16e,0.25,compound_set,4,-0.9057500133071454,-0.16351804904730843,True,0.2771908385370459,2.9578953041614606,0.8333333333333334,2.3290666848858153,1.0484151133078328,0.9789240219896741,0.06134319102283795,0.9188736987119167,0.156672,,-977.2214886482247,-4.616203924524574,-6.571792033894644,True,20.301236089806338,20.715016373505886,8.528245281965608,0.9999180134337524,True,OK,25.798883105484016,18.52088967869789,44.83397359361021,0.7178950190584391,0.21036230903034744,,,,,,,,,,,,0,,,-0.9057500133071454,-0.9264227117876627,-977.2214886482251,0.7441164599258839,1,,4,18,3,4,17,,,,,,,,,,,,,,,,,,,,,2,,,,,,,,,,,,,,
Nd2O3_x005,Nd2O3_x050_cLi24gaS16e_s02,Nd2O3,Li_24g,S_16e,0.25,compound_set,4,-0.8843920803420242,-0.0885807880845819,True,0.24900378973080892,2.9855174258140846,0.7777777777777778,0.4123596436152887,1.0631679606660918,,,,,,,,,,,,,,,,,,,,,,,,,,,,,,,,0,,,,,,0.4136140795212855,9,,4,18,3,4,17,,,,,,,,,,,,,,,,,,,,,2,,,,,,,,,,,,,,
Nd2O3_x005,Nd2O3_x050_cLi24gaS16e_s03,Nd2O3,Li_24g,S_16e,0.25,compound_set,4,-0.8745651207938354,-0.09862034970024422,True,0.2597803193434619,3.2101105145025226,0.6666666666666666,1.7587538500047135,1.088912603279533,,,,,,,,,,,,,,,,,,,,,,,,,,,,,,,,0,,,,,,0.38172640909167793,10,,4,18,3,4,17,,,,,,,,,,,,,,,,,,,,,2,,,,,,,,,,,,,,
Nd2O3_x005,Nd2O3_x050_cLi24gaS16e_s04,Nd2O3,Li_24g,S_16e,0.25,compound_set,4,-0.8728766750057528,-0.11935449552862151,True,0.20878586485662207,3.0196149110574004,0.7777777777777778,2.150417299482512,1.0763263070429683,,,,,,,,,,,,,,,,,,,,,,,,,,,,,,,,0,,,,,,0.37624754224943474,11,,4,18,3,4,17,,,,,,,,,,,,,,,,,,,,,2,,,,,,,,,,,,,,
Nd2O3_x005,Nd2O3_x050_cLi24gaS4a_s00,Nd2O3,Li_24g,S_4a,0.25,compound_set,4,-0.8460930656483634,-0.15195084692295838,True,0.32222353244476365,2.9533639690222877,0.6666666666666666,1.546612746972291,1.0730705769030788,0.9821357500376524,0.11570318425275344,0.8684995163898298,0.134528,,-1007.2473255460081,-4.514698078920786,-2.093339954777694,True,,,,0.9891065351008137,False,"r2=0.9891 / V0 / B0'=-0.28 unphysical (need r2>=0.95, 0<B0'<15)",25.590605000508113,19.068153600805285,45.82316069204418,0.7451232044114111,0.20156260672530438,,,,,,,,,,,,0,,,-0.8460930656483634,-0.8249168661838744,-1007.2473255460079,0.42523515832581704,8,,4,18,3,4,17,,,,,,,,,,,,,,,,,,,,,2,,,,,,,,,,,,,,
Nd2O3_x005,Nd2O3_x050_cLi24gaS4a_s01,Nd2O3,Li_24g,S_4a,0.25,compound_set,4,-0.8441374424291017,-0.10033493681536276,True,0.4562357338859898,3.091731352189771,0.6666666666666666,1.1685697581667902,1.0547110564392632,,,,,,,,,,,,,,,,,,,,,,,,,,,,,,,,0,,,,,,0.28299111107047464,13,,4,18,3,4,17,,,,,,,,,,,,,,,,,,,,,2,,,,,,,,,,,,,,
Nd2O3_x005,Nd2O3_x050_cLi24gaS4a_s02,Nd2O3,Li_24g,S_4a,0.25,compound_set,4,-0.826217224895712,-0.10766121025723238,True,0.22016529921231903,3.054591715285459,0.6666666666666666,0.31951222102958604,1.0980644878074561,,,,,,,,,,,,,,,,,,,,,,,,,,,,,,,,0,,,,,,0.22484148829758688,17,,4,18,3,4,17,,,,,,,,,,,,,,,,,,,,,2,,,,,,,,,,,,,,
Nd2O3_x005,Nd2O3_x050_cLi24gaS4a_s03,Nd2O3,Li_24g,S_4a,0.25,compound_set,4,-0.8341366662791301,-0.13100616393356668,True,0.3350288064759073,3.012919316507313,0.5555555555555556,1.0664350865993788,1.0341449110798662,,,,,,,,,,,,,,,,,,,,,,,,,,,,,,,,0,,,,,,0.2505394201535875,14,,4,18,3,4,17,,,,,,,,,,,,,,,,,,,,,2,,,,,,,,,,,,,,
Nd2O3_x005,Nd2O3_x050_cLi24gaS4a_s04,Nd2O3,Li_24g,S_4a,0.25,compound_set,4,-0.8318627195719253,-0.13564669703345975,True,0.22103342727448227,3.0860402774933067,0.5,0.8208592411127458,1.093803178429621,,,,,,,,,,,,,,,,,,,,,,,,,,,,,,,,0,,,,,,0.2431606512863438,15,,4,18,3,4,17,,,,,,,,,,,,,,,,,,,,,2,,,,,,,,,,,,,,
Nd2O3_x005,Nd2O3_x050_chain_Cl_x200_cLi24gaS16e_s00,Nd2O3+Clrich,Li_24g,S_16e,0.25,compound_set_chain,4,-0.8662162361637358,-0.07010776099077923,True,0.302551987035249,3.059915312143103,0.5294117647058824,0.8406720912110459,1.0820699028657454,,,,,,,,,,,,,,,,,,,,,,,,,,,,,,,,0,,,,,,0.3546349694420152,12,,5,17,3,4,16,,,,,,,,,,,,,,,,,,,,,2,,,,,,,,,,,,,,
Nd2O3_x005,Nd2O3_x050_chain_Cl_x200_cLi24gaS16e_s01,Nd2O3+Clrich,Li_24g,S_16e,0.25,compound_set_chain,4,-0.8927349764893715,-0.10873429775581403,True,0.2482039855611251,2.966736448933266,0.6470588235294118,2.3904418404862264,1.0237719899709306,,,,,,,,,,,,,,,,,,,,,,,,,,,,,,,,0,,,,,,0.440686087040039,6,,5,17,3,4,16,,,,,,,,,,,,,,,,,,,,,2,,,,,,,,,,,,,,
Nd2O3_x005,Nd2O3_x050_chain_Cl_x200_cLi24gaS16e_s02,Nd2O3+Clrich,Li_24g,S_16e,0.25,compound_set_chain,4,-0.8991521293491593,-0.0760920837120766,True,0.22122616612379092,3.1069111759566175,0.8235294117647058,1.3900574460335458,1.0847305371959115,,,,,,,,,,,,,,,,,,,,,,,,,,,,,,,,0,,,,,,0.46150921697009384,4,,5,17,3,4,16,,,,,,,,,,,,,,,,,,,,,2,,,,,,,,,,,,,,
Nd2O3_x005,Nd2O3_x050_chain_Cl_x200_cLi24gaS16e_s03,Nd2O3+Clrich,Li_24g,S_16e,0.25,compound_set_chain,4,-0.8941812180803974,-0.17347790064739008,True,0.2135942653763824,3.1700300823207277,0.7058823529411765,0.38312888997168876,1.0444015808363316,,,,,,,,,,,,,,,,,,,,,,,,,,,,,,,,0,,,,,,0.4453790213082711,5,,5,17,3,4,16,,,,,,,,,,,,,,,,,,,,,2,,,,,,,,,,,,,,
Nd2O3_x005,Nd2O3_x050_chain_Cl_x200_cLi24gaS16e_s04,Nd2O3+Clrich,Li_24g,S_16e,0.25,compound_set_chain,4,-0.906701493605881,-0.13837931167698167,True,0.3437536053108891,3.1189134904056024,0.7647058823529411,2.339440361914882,1.0320077176196603,0.9868921355241584,0.14367183213220036,0.8451035342965428,0.145472,,-951.9910804154024,-4.580338290339812,-4.991092468779669,True,19.749240120710525,21.37748924022898,4.518670596324751,0.9999478471379952,True,OK,13.821981660521775,11.246485853355265,26.540959480220376,0.8136666745461963,0.1799667836821301,,,,,,,,,,,,0,,,-0.906701493605881,-0.8905570776029008,-951.9910804154019,0.4336189854019147,7,,5,17,3,4,16,,,,,,,,,,,,,,,,,,,,,2,,,,,,,,,,,,,,
Nd2O3_x005,Nd2O3_x050_chain_Cl_x200_cLi24gaS4a_s00,Nd2O3+Clrich,Li_24g,S_4a,0.25,compound_set_chain,4,-0.8219814769304787,-0.06787060543052459,True,0.44411133076086423,3.105797380596394,0.5882352941176471,3.397337167170217,1.0082290113843815,,,,,,,,,,,,,,,,,,,,,,,,,,,,,,,,0,,,,,,0.2110968367117223,18,,5,17,3,4,16,,,,,,,,,,,,,,,,,,,,,2,,,,,,,,,,,,,,
Nd2O3_x005,Nd2O3_x050_chain_Cl_x200_cLi24gaS4a_s01,Nd2O3+Clrich,Li_24g,S_4a,0.25,compound_set_chain,4,-0.8031530038937365,-0.006612714747273376,True,0.2996151521810654,2.933361524489975,0.6470588235294118,0.3034313473476216,1.042219925238585,,,,,,,,,,,,,,,,,,,,,,,,,,,,,,,,0,,,,,,0.15,20,,5,17,3,4,16,,,,,,,,,,,,,,,,,,,,,2,,,,,,,,,,,,,,
Nd2O3_x005,Nd2O3_x050_chain_Cl_x200_cLi24gaS4a_s02,Nd2O3+Clrich,Li_24g,S_4a,0.25,compound_set_chain,4,-0.8730664934972476,-0.1869562860464762,True,0.2950468964926303,3.058357611284047,0.47058823529411764,0.46033809032333195,1.1413406701594708,1.0309233318144073,0.11205365829400248,0.8604880823480339,0.137408,,-1039.922585763629,-4.551925608869842,-8.516503941314369,True,21.496468226731707,20.781812774317956,5.676032163431937,0.9998889310886088,True,OK,30.968065926489494,22.743498103023438,54.812154185256205,0.7344177759441245,0.2050071175719817,,,,,,,,,,,,0,,,-0.8730664934972476,-0.8621443961329311,-1039.9225857636293,0.6414221855379324,2,,5,17,3,4,16,,,,,,,,,,,,,,,,,,,,,2,,,,,,,,,,,,,,
Nd2O3_x005,Nd2O3_x050_chain_Cl_x200_cLi24gaS4a_s03,Nd2O3+Clrich,Li_24g,S_4a,0.25,compound_set_chain,4,-0.829063703051697,-0.15794298710706986,True,0.3530546321340089,2.907934599914939,0.7058823529411765,0.8991320204204275,1.0594536369764658,,,,,,,,,,,,,,,,,,,,,,,,,,,,,,,,0,,,,,,0.2340780743319574,16,,5,17,3,4,16,,,,,,,,,,,,,,,,,,,,,2,,,,,,,,,,,,,,
Nd2O3_x005,Nd2O3_x050_chain_Cl_x200_cLi24gaS4a_s04,Nd2O3+Clrich,Li_24g,S_4a,0.25,compound_set_chain,4,-0.8093859950385389,-0.12129967634453376,True,0.2553315498889092,3.017451843780921,0.47058823529411764,1.4919681873851391,1.0708534549136777,,,,,,,,,,,,,,,,,,,,,,,,,,,,,,,,0,,,,,,0.17022554040662113,19,,5,17,3,4,16,,,,,,,,,,,,,,,,,,,,,2,,,,,,,,,,,,,,
Nd2O3_x010,Nd2O3_x100_cLi24gaS16e_s00,Nd2O3,Li_24g,S_16e,0.25,compound_set,4,-0.9056144389241951,-0.13788347908361734,True,0.2899504281199289,3.0261849184640823,0.7222222222222222,1.1557054409771694,1.0615331159942079,,,,,,,,,,,,,,,,,,,,,,,,,,,,,,,,0,,,,,,0.5125158603443934,4,,4,18,3,4,17,,,,,,,,,,,,,,,,,,,,,2,,,,,,,,,,,,,,
Nd2O3_x010,Nd2O3_x100_cLi24gaS16e_s01,Nd2O3,Li_24g,S_16e,0.25,compound_set,4,-0.9057005095979602,-0.16325106771029807,True,0.2775728624591161,2.9578121320532995,0.8333333333333334,2.3225160599739225,1.0482435183971428,0.9880244837463946,0.11772788215951992,0.8717064537531786,0.134848,,-963.3578262843012,-4.60234024228157,-8.422792848677165,True,22.970378399165323,20.25537020023744,6.054220314291558,0.9988473857222331,True,OK,25.590917367796596,20.894518025158174,49.27330262903684,0.8164817901937219,0.17909641585675776,,,,,,,,,,,,0,,,-0.9057005095979602,-0.9125589824465306,-963.3578262843013,0.835491361027887,1,,4,18,3,4,17,,,,,,,,,,,,,,,,,,,,,2,,,,,,,,,,,,,,
Nd2O3_x010,Nd2O3_x100_cLi24gaS16e_s02,Nd2O3,Li_24g,S_16e,0.25,compound_set,4,-0.8843916738743043,-0.0885790624062368,True,0.2490029064185591,2.985522049844207,0.7777777777777778,0.4124000570856536,1.0631674604207497,,,,,,,,,,,,,,,,,,,,,,,,,,,,,,,,0,,,,,,0.4423019360826863,8,,4,18,3,4,17,,,,,,,,,,,,,,,,,,,,,2,,,,,,,,,,,,,,
Nd2O3_x010,Nd2O3_x100_cLi24gaS16e_s03,Nd2O3,Li_24g,S_16e,0.25,compound_set,4,-0.8747306478787054,-0.09964147140004975,True,0.2590465897965506,3.2104001059219005,0.6666666666666666,1.7738867627832486,1.0889921673577265,,,,,,,,,,,,,,,,,,,,,,,,,,,,,,,,0,,,,,,0.41033915715398794,9,,4,18,3,4,17,,,,,,,,,,,,,,,,,,,,,2,,,,,,,,,,,,,,
Nd2O3_x010,Nd2O3_x100_cLi24gaS16e_s04,Nd2O3,Li_24g,S_16e,0.25,compound_set,4,-0.8727725244785893,-0.11913341647040564,True,0.20810235628708065,3.018755047759481,0.7777777777777778,2.1424769953629847,1.076133985168333,,,,,,,,,,,,,,,,,,,,,,,,,,,,,,,,0,,,,,,0.4038608529468022,10,,4,18,3,4,17,,,,,,,,,,,,,,,,,,,,,2,,,,,,,,,,,,,,
Nd2O3_x010,Nd2O3_x100_cLi24gaS4a_s00,Nd2O3,Li_24g,S_4a,0.25,compound_set,4,-0.8460909432847186,-0.15194835468057863,True,0.3221748351391514,2.9533312083043057,0.6666666666666666,1.5464804213840269,1.073063233575405,0.9702991134197076,0.14567813957588593,0.8289477437445931,0.144128,,-978.3713612883828,-4.485822148899353,-2.7684360642316754,True,24.98674355764795,21.68186722589748,2.970304418537005,0.9855583546380956,True,OK,23.94946051058,13.879501626651168,34.897154517378155,0.5795329552630093,0.2571472469288549,,,,,,,,,,,,0,,,-0.8460909432847186,-0.7960408890643138,-978.3713612883824,0.17179010650959983,20,,4,18,3,4,17,,,,,,,,,,,,,,,,,,,,,2,,,,,,,,,,,,,,
Nd2O3_x010,Nd2O3_x100_cLi24gaS4a_s01,Nd2O3,Li_24g,S_4a,0.25,compound_set,4,-0.8437940612545671,-0.099869735060389,True,0.4563250378965687,3.0919573851991577,0.6666666666666666,1.1443913582331413,1.052071952418143,,,,,,,,,,,,,,,,,,,,,,,,,,,,,,,,0,,,,,,0.3079877837567615,12,,4,18,3,4,17,,,,,,,,,,,,,,,,,,,,,2,,,,,,,,,,,,,,
Nd2O3_x010,Nd2O3_x100_cLi24gaS4a_s02,Nd2O3,Li_24g,S_4a,0.25,compound_set,4,-0.8262172898935076,-0.10766160147640512,True,0.2201671317049429,3.054592424890183,0.6666666666666666,0.319545511369543,1.0980650065110578,,,,,,,,,,,,,,,,,,,,,,,,,,,,,,,,0,,,,,,0.2498363557873356,16,,4,18,3,4,17,,,,,,,,,,,,,,,,,,,,,2,,,,,,,,,,,,,,
Nd2O3_x010,Nd2O3_x100_cLi24gaS4a_s03,Nd2O3,Li_24g,S_4a,0.25,compound_set,4,-0.8341362815679596,-0.131007618323103,True,0.3350328161419523,3.0129490307420332,0.5555555555555556,1.066388160468066,1.0341447205518068,,,,,,,,,,,,,,,,,,,,,,,,,,,,,,,,0,,,,,,0.2760357449975516,13,,4,18,3,4,17,,,,,,,,,,,,,,,,,,,,,2,,,,,,,,,,,,,,
Nd2O3_x010,Nd2O3_x100_cLi24gaS4a_s04,Nd2O3,Li_24g,S_4a,0.25,compound_set,4,-0.8318681061442308,-0.13565404846362988,True,0.22108963494831452,3.0860941071299393,0.5,0.8210355361483144,1.093824426999435,,,,,,,,,,,,,,,,,,,,,,,,,,,,,,,,0,,,,,,0.2685316569562632,14,,4,18,3,4,17,,,,,,,,,,,,,,,,,,,,,2,,,,,,,,,,,,,,
Nd2O3_x010,Nd2O3_x100_chain_Cl_x200_cLi24gaS16e_s00,Nd2O3+Clrich,Li_24g,S_16e,0.25,compound_set_chain,4,-0.8658326650477304,-0.06969606614108663,True,0.3030250480153364,3.0567225015335944,0.5294117647058824,0.825400873979628,1.0812034358398608,,,,,,,,,,,,,,,,,,,,,,,,,,,,,,,,0,,,,,,0.38090084922816647,11,,5,17,3,4,16,,,,,,,,,,,,,,,,,,,,,2,,,,,,,,,,,,,,
Nd2O3_x010,Nd2O3_x100_chain_Cl_x200_cLi24gaS16e_s01,Nd2O3+Clrich,Li_24g,S_16e,0.25,compound_set_chain,4,-0.8927351490480286,-0.10873698866963527,True,0.2481957910224353,2.9667354961242154,0.6470588235294118,2.390445703504397,1.0237727715180798,,,,,,,,,,,,,,,,,,,,,,,,,,,,,,,,0,,,,,,0.4699056970700102,7,,5,17,3,4,16,,,,,,,,,,,,,,,,,,,,,2,,,,,,,,,,,,,,
Nd2O3_x010,Nd2O3_x100_chain_Cl_x200_cLi24gaS16e_s02,Nd2O3+Clrich,Li_24g,S_16e,0.25,compound_set_chain,4,-0.8991524143021619,-0.07609123756079102,True,0.22122493638210575,3.1069101983042877,0.8235294117647058,1.3900464182476908,1.0847305966478937,,,,,,,,,,,,,,,,,,,,,,,,,,,,,,,,0,,,,,,0.4911367372036478,5,,5,17,3,4,16,,,,,,,,,,,,,,,,,,,,,2,,,,,,,,,,,,,,
Nd2O3_x010,Nd2O3_x100_chain_Cl_x200_cLi24gaS16e_s03,Nd2O3+Clrich,Li_24g,S_16e,0.25,compound_set_chain,4,-0.894182195107359,-0.17348429074308727,True,0.21358009760541058,3.1700184176554496,0.7058823529411765,0.3832883953205463,1.0444025372506471,,,,,,,,,,,,,,,,,,,,,,,,,,,,,,,,0,,,,,,0.4746931402789497,6,,5,17,3,4,16,,,,,,,,,,,,,,,,,,,,,2,,,,,,,,,,,,,,
Nd2O3_x010,Nd2O3_x100_chain_Cl_x200_cLi24gaS16e_s04,Nd2O3+Clrich,Li_24g,S_16e,0.25,compound_set_chain,4,-0.9065134155060677,-0.13735291587871745,True,0.3454067037409045,3.1239910018456554,0.7647058823529411,2.3239041890719987,1.0310474737085178,0.9936893390543503,0.13194418686206774,0.8625778072193185,0.13216,,-978.3784181608953,-4.606725603722858,-2.266418313686527,True,14.222475436433815,22.310287923381676,3.9387001862474156,0.9999006731597342,True,OK,23.274137596374114,13.420819614739235,33.771178030270825,0.5766408984722197,0.25816377090643844,,,,,,,,,,,,0,,,-0.9065134155060677,-0.9169443438878191,-978.3784181608954,0.55,3,,5,17,3,4,16,,,,,,,,,,,,,,,,,,,,,2,,,,,,,,,,,,,,
Nd2O3_x010,Nd2O3_x100_chain_Cl_x200_cLi24gaS4a_s00,Nd2O3+Clrich,Li_24g,S_4a,0.25,compound_set_chain,4,-0.8219883955183938,-0.06795184463498374,True,0.4440730158012271,3.105618411587738,0.5882352941176471,3.3987946663547777,1.008216666525546,,,,,,,,,,,,,,,,,,,,,,,,,,,,,,,,0,,,,,,0.23584537635242295,17,,5,17,3,4,16,,,,,,,,,,,,,,,,,,,,,2,,,,,,,,,,,,,,
Nd2O3_x010,Nd2O3_x100_chain_Cl_x200_cLi24gaS4a_s01,Nd2O3+Clrich,Li_24g,S_4a,0.25,compound_set_chain,4,-0.8031525290993167,-0.006610152750016903,True,0.29961159594212805,2.9333655891466908,0.6470588235294118,0.3033090866827142,1.042215872230739,,,,,,,,,,,,,,,,,,,,,,,,,,,,,,,,0,,,,,,0.17352832694610565,19,,5,17,3,4,16,,,,,,,,,,,,,,,,,,,,,2,,,,,,,,,,,,,,
Nd2O3_x010,Nd2O3_x100_chain_Cl_x200_cLi24gaS4a_s02,Nd2O3+Clrich,Li_24g,S_4a,0.25,compound_set_chain,4,-0.8730721677393443,-0.18696275692965658,True,0.2950835942540571,3.058380251599712,0.47058823529411764,0.45992185680981473,1.1413249991225565,0.9783386237506718,0.16206129295752203,0.8197878014353552,0.133824,,-1079.385561486069,-4.591388559101944,-4.511257598137602,True,16.833174298388965,21.72972002913319,4.278656538119193,0.9999635859776966,True,OK,22.478145435928298,19.212228549315313,44.856861065896375,0.8547070132666348,0.1674038998327185,,,,,,,,,,,,0,,,-0.8730721677393443,-0.9016072992669044,-1079.385561486069,0.7137907407606364,2,,5,17,3,4,16,,,,,,,,,,,,,,,,,,,,,2,,,,,,,,,,,,,,
Nd2O3_x010,Nd2O3_x100_chain_Cl_x200_cLi24gaS4a_s03,Nd2O3+Clrich,Li_24g,S_4a,0.25,compound_set_chain,4,-0.8290640583287074,-0.15794064031793859,True,0.35305949748991,2.9079408861529905,0.7058823529411765,0.8992587191567529,1.0594589478222092,,,,,,,,,,,,,,,,,,,,,,,,,,,,,,,,0,,,,,,0.2592546753526632,15,,5,17,3,4,16,,,,,,,,,,,,,,,,,,,,,2,,,,,,,,,,,,,,
Nd2O3_x010,Nd2O3_x100_chain_Cl_x200_cLi24gaS4a_s04,Nd2O3+Clrich,Li_24g,S_4a,0.25,compound_set_chain,4,-0.8093857641505617,-0.12130349422828293,True,0.2553134803435556,3.017460180663636,0.47058823529411764,1.4918445843833252,1.0708541941471388,,,,,,,,,,,,,,,,,,,,,,,,,,,,,,,,0,,,,,,0.19415051697481686,18,,5,17,3,4,16,,,,,,,,,,,,,,,,,,,,,2,,,,,,,,,,,,,,
NdF3_x002,NdF3_x020_s00,NdF3,Li_24g,Cl_4d,0.25,compound_set,4,-0.6421940604437948,-0.12405081111787601,True,0.2408648955277866,2.97033657734577,0.7142857142857143,0.6598443121341432,1.0128403446109313,,,,,,,,,,,,,,,,,,,,,,,,,,,,,,,,0,,,,,,0.3,5,,1,21,,4,20,,3,,,,,,,,,,,,,,,,,,,1,,,,,,,,,,,,,,
NdF3_x002,NdF3_x020_s01,NdF3,Li_24g,Cl_4d,0.25,compound_set,4,-0.6873852580950484,-0.19469160174054018,True,0.29208860202409753,2.9081989747839754,0.7142857142857143,0.5595185626490228,1.0185590638916737,0.983247585947413,0.08304430888453837,0.9015944697100193,0.13632,,-709.5266506441868,-4.399946826840884,-9.693732596539444,True,23.063752752550837,19.36363358882339,0.0009741618278493111,0.9998966005247454,True,OK,27.52144895500069,22.547287341423683,53.13214089887219,0.8192623643577024,0.17823798699851284,,,,,,,,,,,,0,,,-0.6873852580950484,-0.7101655539570126,-709.5266506441873,0.7000000000000001,1,,1,21,,4,20,,3,,,,,,,,,,,,,,,,,,,1,,,,,,,,,,,,,,
NdF3_x002,NdF3_x020_s02,NdF3,Li_24g,Cl_4d,0.25,compound_set,4,-0.6834091558795574,-0.2240474413266193,True,0.24374154443812926,2.9862372610317918,0.8095238095238095,1.1440396271587723,1.04036029370255,,,,,,,,,,,,,,,,,,,,,,,,,,,,,,,,0,,,,,,0.5425434152200753,3,,1,21,,4,20,,3,,,,,,,,,,,,,,,,,,,1,,,,,,,,,,,,,,
NdF3_x002,NdF3_x020_s03,NdF3,Li_24g,Cl_4d,0.25,compound_set,4,-0.6571276154304675,-0.1404700178360327,True,0.2689680688967056,3.014762909666294,0.5714285714285714,0.9157477214579545,1.1915039817519848,,,,,,,,,,,,,,,,,,,,,,,,,,,,,,,,0,,,,,,0.3878812820775739,4,,1,21,,4,20,,3,,,,,,,,,,,,,,,,,,,1,,,,,,,,,,,,,,
NdF3_x002,NdF3_x020_s04,NdF3,Li_24g,Cl_4d,0.25,compound_set,4,-0.685066155763745,-0.2492465203705394,True,0.22489450380795242,2.9147063334712193,0.7142857142857143,2.118506639212822,1.192682761756168,,,,,,,,,,,,,,,,,,,,,,,,,,,,,,,,0,,,,,,0.552294561169901,2,,1,21,,4,20,,3,,,,,,,,,,,,,,,,,,,1,,,,,,,,,,,,,,
NdF3_x005,NdF3_x050_s00,NdF3,Li_24g,Cl_4d,0.25,compound_set,4,-0.642193720729686,-0.12405021357837204,True,0.24086575189310824,2.970336139788475,0.7142857142857143,0.6598442093146925,1.012839604599316,,,,,,,,,,,,,,,,,,,,,,,,,,,,,,,,0,,,,,,0.3,5,,1,21,,4,20,,3,,,,,,,,,,,,,,,,,,,1,,,,,,,,,,,,,,
NdF3_x005,NdF3_x050_s01,NdF3,Li_24g,Cl_4d,0.25,compound_set,4,-0.6873849698545045,-0.1946895723997878,True,0.2920874851296255,2.908198265495032,0.7142857142857143,0.5595421872855817,1.0185623663409868,0.9629242228291307,0.09713529536584209,0.8693902940296991,0.163968,,-680.2331921319808,-4.3706533693888945,-3.5364338158662765,True,,,,0.9751653233897861,False,"r2=0.9752 / V0 / B0'=-394.25 unphysical (need r2>=0.95, 0<B0'<15)",21.678817495102678,15.684006684157865,37.90980004283724,0.7234715033557959,0.20854960107640252,,,,,,,,,,,,0,,,-0.6873849698545045,-0.6808720691840313,-680.2331921319809,0.6753557359059041,2,,1,21,,4,20,,3,,,,,,,,,,,,,,,,,,,1,,,,,,,,,,,,,,
NdF3_x005,NdF3_x050_s02,NdF3,Li_24g,Cl_4d,0.25,compound_set,4,-0.6834115253394883,-0.22406668412659875,True,0.24372691326372098,2.986208894764901,0.8095238095238095,1.1442158518411198,1.0403698221604716,,,,,,,,,,,,,,,,,,,,,,,,,,,,,,,,0,,,,,,0.7000000000000001,1,,1,21,,4,20,,3,,,,,,,,,,,,,,,,,,,1,,,,,,,,,,,,,,
NdF3_x005,NdF3_x050_s03,NdF3,Li_24g,Cl_4d,0.25,compound_set,4,-0.6571264817724072,-0.14046756844901925,True,0.2689789508404643,3.014759759380392,0.5714285714285714,0.9155935485484806,1.191495770790971,,,,,,,,,,,,,,,,,,,,,,,,,,,,,,,,0,,,,,,0.44491563715326976,4,,1,21,,4,20,,3,,,,,,,,,,,,,,,,,,,1,,,,,,,,,,,,,,
NdF3_x005,NdF3_x050_s04,NdF3,Li_24g,Cl_4d,0.25,compound_set,4,-0.6801165425352198,-0.2509279630757596,True,0.1812154771498664,2.888416408623113,0.7619047619047619,2.2328519365357096,1.1384183854530379,,,,,,,,,,,,,,,,,,,,,,,,,,,,,,,,0,,,,,,0.6680236942703647,3,,1,21,,4,20,,3,,,,,,,,,,,,,,,,,,,1,,,,,,,,,,,,,,
NdF3_x010,NdF3_x100_s00,NdF3,Li_24g,Cl_4d,0.25,compound_set,4,-0.6421939868198372,-0.12405062576534329,True,0.24086755220236009,2.970340870987966,0.7142857142857143,0.6598570362541186,1.0128407191578392,,,,,,,,,,,,,,,,,,,,,,,,,,,,,,,,0,,,,,,0.3,5,,1,21,,4,20,,3,,,,,,,,,,,,,,,,,,,1,,,,,,,,,,,,,,
NdF3_x010,NdF3_x100_s01,NdF3,Li_24g,Cl_4d,0.25,compound_set,4,-0.6874262002082991,-0.19487340793812524,True,0.2922820386512021,2.9080771210404928,0.7142857142857143,0.5643228378557643,1.018427367296256,0.9953094823168688,0.09504950340951537,0.9007058102838686,0.13056,,-691.2899791818614,-4.381710145465523,-4.596512795610156,True,21.328116344102405,20.50678972314695,4.090390374959617,0.9998340058204469,True,OK,25.35129467445253,13.926970118487782,35.31418478819457,0.5493593245366882,0.26783444237148424,,,,,,,,,,,,0,,,-0.6874262002082991,-0.6919288564745001,-691.2899791818612,0.7000000000000001,1,,1,21,,4,20,,3,,,,,,,,,,,,,,,,,,,1,,,,,,,,,,,,,,
NdF3_x010,NdF3_x100_s02,NdF3,Li_24g,Cl_4d,0.25,compound_set,4,-0.6834101537115096,-0.22405566081002784,True,0.2437353054949728,2.98622437364927,0.8095238095238095,1.144099548471997,1.040364284410235,,,,,,,,,,,,,,,,,,,,,,,,,,,,,,,,0,,,,,,0.6314870808176185,2,,1,21,,4,20,,3,,,,,,,,,,,,,,,,,,,1,,,,,,,,,,,,,,
NdF3_x010,NdF3_x100_s03,NdF3,Li_24g,Cl_4d,0.25,compound_set,4,-0.6571884246433068,-0.14061955563517434,True,0.2685397607545482,3.0149766869108574,0.5714285714285714,0.9238892373554227,1.1919587415489674,,,,,,,,,,,,,,,,,,,,,,,,,,,,,,,,0,,,,,,0.42059497031024273,4,,1,21,,4,20,,3,,,,,,,,,,,,,,,,,,,1,,,,,,,,,,,,,,
NdF3_x010,NdF3_x100_s04,NdF3,Li_24g,Cl_4d,0.25,compound_set,4,-0.6693427788535367,-0.22105980111135573,True,0.1878579636076664,2.9013556330532935,0.7142857142857143,1.6474031361799288,1.158201878739414,,,,,,,,,,,,,,,,,,,,,,,,,,,,,,,,0,,,,,,0.5183481506814737,3,,1,21,,4,20,,3,,,,,,,,,,,,,,,,,,,1,,,,,,,,,,,,,,
NiO_x002,NiO_x020_cLi24gaS16e_s00,NiO,Li_24g,S_16e,0.25,compound_set,4,-0.5125395316992001,-0.14152750029190878,True,0.21630132165330682,3.0789422639820385,0.45454545454545453,0.42245958339822126,1.0464430636035607,,,,,,,,,,,,,,,,,,,,,,,,,,,,,,,,0,,,,,,0.46321918069810897,3,,4,22,1,4,19,,,,,,,,,,,,,,,,,,,,,,1,,,,,,,,,,,,,
NiO_x002,NiO_x020_cLi24gaS16e_s01,NiO,Li_24g,S_16e,0.25,compound_set,4,-0.5081232998941014,-0.16909707950723374,True,0.17719551414900203,2.8997684797972267,0.5454545454545454,1.0115136741897552,1.062217917755892,,,,,,,,,,,,,,,,,,,,,,,,,,,,,,,,0,,,,,,0.44394486580112624,4,,4,22,1,4,19,,,,,,,,,,,,,,,,,,,,,,1,,,,,,,,,,,,,
NiO_x002,NiO_x020_cLi24gaS16e_s02,NiO,Li_24g,S_16e,0.25,compound_set,4,-0.533636387820724,-0.20195601597900872,True,0.18940217711841514,2.9859654167361787,0.5454545454545454,2.03136801395958,1.0602361972811543,0.9501509817898603,0.1147369104468694,0.8411335936812321,0.138688,,-777.2662614906603,-4.22220440664379,-3.1078054026973794,True,18.943892928441855,20.238627516592082,2.6176690368240796,0.9997297777224986,True,OK,18.950312778950256,16.120756009194295,37.678175655727784,0.8506854845742181,0.1686230978943684,,,,,,,,,,,,0,,,-0.533636387820724,-0.5324232067518229,-777.2662614906602,0.55,2,,4,22,1,4,19,,,,,,,,,,,,,,,,,,,,,,1,,,,,,,,,,,,,
NiO_x002,NiO_x020_cLi24gaS16e_s03,NiO,Li_24g,S_16e,0.25,compound_set,4,-0.5024944215984477,-0.15546503345812046,True,0.24461984810618337,3.0061630707621436,0.45454545454545453,0.8265637457087607,1.0203807269111584,,,,,,,,,,,,,,,,,,,,,,,,,,,,,,,,0,,,,,,0.41937804558531167,6,,4,22,1,4,19,,,,,,,,,,,,,,,,,,,,,,1,,,,,,,,,,,,,
NiO_x002,NiO_x020_cLi24gaS16e_s04,NiO,Li_24g,S_16e,0.25,compound_set,4,-0.5058185937763677,-0.14223270601079394,True,0.1486874988266381,2.907705376672428,0.36363636363636365,0.5529984693090395,1.0692610982308843,,,,,,,,,,,,,,,,,,,,,,,,,,,,,,,,0,,,,,,0.4338861475502147,5,,4,22,1,4,19,,,,,,,,,,,,,,,,,,,,,,1,,,,,,,,,,,,,
NiO_x002,NiO_x020_cLi24gaS4a_s00,NiO,Li_24g,S_4a,0.25,compound_set,4,-0.46188067441897607,-0.1502274913651495,True,0.23706272736659567,3.1083881866402066,0.5454545454545454,0.9710029764813789,1.004825341938198,,,,,,,,,,,,,,,,,,,,,,,,,,,,,,,,0,,,,,,0.2421223699706816,9,,4,22,1,4,19,,,,,,,,,,,,,,,,,,,,,,1,,,,,,,,,,,,,
NiO_x002,NiO_x020_cLi24gaS4a_s01,NiO,Li_24g,S_4a,0.25,compound_set,4,-0.495303958774445,-0.17832398081360645,True,0.23000577947184386,2.9442624197528744,0.36363636363636365,0.6421967815005336,1.0999466149542974,1.0266852983851449,0.10167466355631416,0.8743532567937504,0.13248,,-813.8566794762658,-4.213310795347165,-3.447797396732394,True,21.35227388118624,20.213940835662836,3.297909193807699,0.9992137629756161,True,OK,21.82534955077528,20.229551716072702,46.363986951243895,0.9268832862910142,0.1459469691166454,,,,,,,,,,,,0,,,-0.495303958774445,-0.5235295954551975,-813.8566794762659,0.8111844956814512,1,,4,22,1,4,19,,,,,,,,,,,,,,,,,,,,,,1,,,,,,,,,,,,,
NiO_x002,NiO_x020_cLi24gaS4a_s02,NiO,Li_24g,S_4a,0.25,compound_set,4,-0.48757391789877724,-0.13567291630904826,True,0.264319430937331,2.952911784524957,0.3181818181818182,2.81578278854714,1.0608446278687933,,,,,,,,,,,,,,,,,,,,,,,,,,,,,,,,0,,,,,,0.35425861811390436,7,,4,22,1,4,19,,,,,,,,,,,,,,,,,,,,,,1,,,,,,,,,,,,,
NiO_x002,NiO_x020_cLi24gaS4a_s03,NiO,Li_24g,S_4a,0.25,compound_set,4,-0.4407731153487817,-0.09635979967541627,True,0.20145537185790485,2.9706537178951176,0.4090909090909091,2.141591456705818,1.0762103593014878,,,,,,,,,,,,,,,,,,,,,,,,,,,,,,,,0,,,,,,0.15,10,,4,22,1,4,19,,,,,,,,,,,,,,,,,,,,,,1,,,,,,,,,,,,,
NiO_x002,NiO_x020_cLi24gaS4a_s04,NiO,Li_24g,S_4a,0.25,compound_set,4,-0.4677806284236614,-0.15197738728448779,True,0.18485248788931824,2.988145502992906,0.45454545454545453,1.0136756200506103,1.0147010134434264,,,,,,,,,,,,,,,,,,,,,,,,,,,,,,,,0,,,,,,0.26787227993526486,8,,4,22,1,4,19,,,,,,,,,,,,,,,,,,,,,,1,,,,,,,,,,,,,
NiO_x005,NiO_x050_cLi24gaS16e_s00,NiO,Li_24g,S_16e,0.25,compound_set,4,-0.5127473331339769,-0.14207377699686316,True,0.21480990891556528,3.079999637550667,0.45454545454545453,0.4290162819653582,1.047011918997214,,,,,,,,,,,,,,,,,,,,,,,,,,,,,,,,0,,,,,,0.37376717498967604,3,,4,22,1,4,19,,,,,,,,,,,,,,,,,,,,,,1,,,,,,,,,,,,,
NiO_x005,NiO_x050_cLi24gaS16e_s01,NiO,Li_24g,S_16e,0.25,compound_set,4,-0.5081222534289442,-0.16909529826123973,True,0.17719020669978933,2.8997742485924607,0.5454545454545454,1.0114524122886412,1.0622187078739513,,,,,,,,,,,,,,,,,,,,,,,,,,,,,,,,0,,,,,,0.3593878580398207,4,,4,22,1,4,19,,,,,,,,,,,,,,,,,,,,,,1,,,,,,,,,,,,,
NiO_x005,NiO_x050_cLi24gaS16e_s02,NiO,Li_24g,S_16e,0.25,compound_set,4,-0.5335622243840894,-0.20191459055332744,True,0.18916072905076922,2.9851013319719524,0.5454545454545454,2.0341049958736077,1.0599455637315074,0.9981641310423057,0.08678036003124043,0.9115430883801842,0.116096,,-814.2753910581462,-4.259213537666477,-5.849137563403877,True,20.87840740327629,19.807691966426997,4.995856646593964,0.9998703103299064,True,OK,25.473359007556077,21.123753077069118,49.647799420225766,0.8292488270119088,0.17516520949397296,,,,,,,,,,,,0,,,-0.5335622243840894,-0.5694322831325249,-814.2753910581462,0.85,1,,4,22,1,4,19,,,,,,,,,,,,,,,,,,,,,,1,,,,,,,,,,,,,
NiO_x005,NiO_x050_cLi24gaS16e_s03,NiO,Li_24g,S_16e,0.25,compound_set,4,-0.5024944531251294,-0.15546613807940185,True,0.24461926685916405,3.0061637050714536,0.45454545454545453,0.8265709085876999,1.0203802593941924,,,,,,,,,,,,,,,,,,,,,,,,,,,,,,,,0,,,,,,0.3418910948573419,6,,4,22,1,4,19,,,,,,,,,,,,,,,,,,,,,,1,,,,,,,,,,,,,
NiO_x005,NiO_x050_cLi24gaS16e_s04,NiO,Li_24g,S_16e,0.25,compound_set,4,-0.5058926446028607,-0.14257447945886967,True,0.1481653002252205,2.9075848517365213,0.36363636363636365,0.5562642147484029,1.0693276694987546,,,,,,,,,,,,,,,,,,,,,,,,,,,,,,,,0,,,,,,0.3524560311245861,5,,4,22,1,4,19,,,,,,,,,,,,,,,,,,,,,,1,,,,,,,,,,,,,
NiO_x005,NiO_x050_cLi24gaS4a_s00,NiO,Li_24g,S_4a,0.25,compound_set,4,-0.4618822482504412,-0.15023662646379773,True,0.23706743038191275,3.1083794590945697,0.5454545454545454,0.9712220150521692,1.0048303155190008,,,,,,,,,,,,,,,,,,,,,,,,,,,,,,,,0,,,,,,0.21562824034044312,9,,4,22,1,4,19,,,,,,,,,,,,,,,,,,,,,,1,,,,,,,,,,,,,
NiO_x005,NiO_x050_cLi24gaS4a_s01,NiO,Li_24g,S_4a,0.25,compound_set,4,-0.49512079041625734,-0.17849813772829484,True,0.22850762640413944,2.942309760755269,0.36363636363636365,0.6246990512122859,1.0987841519848012,0.9682159371920772,0.08004097781303228,0.8907189868450619,0.143488,,-809.9204686746336,-4.209374677054715,-3.5547675179679077,True,17.79426972376541,20.403530091253728,0.7364335994517495,0.9979348648207491,True,OK,26.254374355810583,16.221855602105947,40.35429687096006,0.6178724879237409,0.24382493164719105,,,,,,,,,,,,0,,,-0.49512079041625734,-0.5195934225207632,-809.9204686746333,0.3950515842188887,2,,4,22,1,4,19,,,,,,,,,,,,,,,,,,,,,,1,,,,,,,,,,,,,
NiO_x005,NiO_x050_cLi24gaS4a_s02,NiO,Li_24g,S_4a,0.25,compound_set,4,-0.4875738381026111,-0.13567263487425602,True,0.26431855734478826,2.9529118475546112,0.3181818181818182,2.815780262249322,1.060845219302411,,,,,,,,,,,,,,,,,,,,,,,,,,,,,,,,0,,,,,,0.2955030829357078,7,,4,22,1,4,19,,,,,,,,,,,,,,,,,,,,,,1,,,,,,,,,,,,,
NiO_x005,NiO_x050_cLi24gaS4a_s03,NiO,Li_24g,S_4a,0.25,compound_set,4,-0.44077305067630723,-0.09636047576562266,True,0.2014557375660202,2.9706535488290218,0.4090909090909091,2.141584047876019,1.0762113468364705,,,,,,,,,,,,,,,,,,,,,,,,,,,,,,,,0,,,,,,0.15,10,,4,22,1,4,19,,,,,,,,,,,,,,,,,,,,,,1,,,,,,,,,,,,,
NiO_x005,NiO_x050_cLi24gaS4a_s04,NiO,Li_24g,S_4a,0.25,compound_set,4,-0.467766042979719,-0.15194657387016652,True,0.1846882754508196,2.987755576911101,0.45454545454545453,1.0107284803800984,1.0144887882845275,,,,,,,,,,,,,,,,,,,,,,,,,,,,,,,,0,,,,,,0.23392088710026285,8,,4,22,1,4,19,,,,,,,,,,,,,,,,,,,,,,1,,,,,,,,,,,,,
NiO_x010,NiO_x100_cLi24gaS16e_s00,NiO,Li_24g,S_16e,0.25,compound_set,4,-0.5128253838032806,-0.14230905029794352,True,0.21397358757040033,3.080445036455379,0.45454545454545453,0.43337914500359026,1.0472881812070476,,,,,,,,,,,,,,,,,,,,,,,,,,,,,,,,0,,,,,,0.41127869070414413,3,,4,22,1,4,19,,,,,,,,,,,,,,,,,,,,,,1,,,,,,,,,,,,,
NiO_x010,NiO_x100_cLi24gaS16e_s01,NiO,Li_24g,S_16e,0.25,compound_set,4,-0.5081238246778272,-0.16909803150306668,True,0.17719742120712037,2.899766609378969,0.5454545454545454,1.0115276617245674,1.0622172490237785,,,,,,,,,,,,,,,,,,,,,,,,,,,,,,,,0,,,,,,0.39422992576365373,4,,4,22,1,4,19,,,,,,,,,,,,,,,,,,,,,,1,,,,,,,,,,,,,
NiO_x010,NiO_x100_cLi24gaS16e_s02,NiO,Li_24g,S_16e,0.25,compound_set,4,-0.5335849485332891,-0.20194796343171298,True,0.18906149206087172,2.98508783848896,0.5454545454545454,2.0339232412004895,1.0600799731322692,0.969340255342312,0.10076592331386319,0.8716637895074482,0.136896,,-795.9237202548741,-4.240861882870412,-3.753820413901654,True,19.204331795786658,20.116474086817057,4.242610129700124,0.9999985055411854,True,OK,18.578955872189447,14.178532417038756,33.909567160275614,0.7631501207375374,0.19580666612312767,,,,,,,,,,,,0,,,-0.5335849485332891,-0.5510807319115645,-795.9237202548745,0.55,2,,4,22,1,4,19,,,,,,,,,,,,,,,,,,,,,,1,,,,,,,,,,,,,
NiO_x010,NiO_x100_cLi24gaS16e_s03,NiO,Li_24g,S_16e,0.25,compound_set,4,-0.5024945074312979,-0.1554664591265778,True,0.24461989095689868,3.0061639844716312,0.45454545454545453,0.8265541113353483,1.0203801859315969,,,,,,,,,,,,,,,,,,,,,,,,,,,,,,,,0,,,,,,0.37381692999977,6,,4,22,1,4,19,,,,,,,,,,,,,,,,,,,,,,1,,,,,,,,,,,,,
NiO_x010,NiO_x100_cLi24gaS16e_s04,NiO,Li_24g,S_16e,0.25,compound_set,4,-0.5058944916642356,-0.14257544371752395,True,0.1481221931806341,2.907517838214549,0.36363636363636365,0.5564830726688089,1.069330540230854,,,,,,,,,,,,,,,,,,,,,,,,,,,,,,,,0,,,,,,0.386145932026973,5,,4,22,1,4,19,,,,,,,,,,,,,,,,,,,,,,1,,,,,,,,,,,,,
NiO_x010,NiO_x100_cLi24gaS4a_s00,NiO,Li_24g,S_4a,0.25,compound_set,4,-0.46188619230789607,-0.15025577229411702,True,0.23708784179677103,3.108360431625344,0.5454545454545454,0.9714268351955238,1.0048359859367477,,,,,,,,,,,,,,,,,,,,,,,,,,,,,,,,0,,,,,,0.22656330610718886,9,,4,22,1,4,19,,,,,,,,,,,,,,,,,,,,,,1,,,,,,,,,,,,,
NiO_x010,NiO_x100_cLi24gaS4a_s01,NiO,Li_24g,S_4a,0.25,compound_set,4,-0.4954092816506148,-0.1776484779282854,True,0.22853445875880646,2.9458900057958646,0.36363636363636365,0.6606453736909497,1.1010677645179618,0.9535718005470095,0.12183176923860588,0.8373964609903244,0.142016,,-799.5662909025473,-4.19902034960485,-4.228581088257231,True,15.439311171660128,19.979823327766983,2.9244825871665503,0.9998191145538304,True,OK,21.919530943758335,17.613330073763464,41.67690130079031,0.8035450265316432,0.18310680394480217,,,,,,,,,,,,0,,,-0.4954092816506148,-0.5092391986460023,-799.5662909025474,0.6982744880241198,1,,4,22,1,4,19,,,,,,,,,,,,,,,,,,,,,,1,,,,,,,,,,,,,
NiO_x010,NiO_x100_cLi24gaS4a_s02,NiO,Li_24g,S_4a,0.25,compound_set,4,-0.4875731116936408,-0.13567265905002845,True,0.26431574658336315,2.9529058440596185,0.3181818181818182,2.8157579085699744,1.0608402893855513,,,,,,,,,,,,,,,,,,,,,,,,,,,,,,,,0,,,,,,0.31970905605256716,7,,4,22,1,4,19,,,,,,,,,,,,,,,,,,,,,,1,,,,,,,,,,,,,
NiO_x010,NiO_x100_cLi24gaS4a_s03,NiO,Li_24g,S_4a,0.25,compound_set,4,-0.4407722340968694,-0.09635723573352287,True,0.20145202454129335,2.970651871521831,0.4090909090909091,2.1414591464458,1.0762098533990707,,,,,,,,,,,,,,,,,,,,,,,,,,,,,,,,0,,,,,,0.15,10,,4,22,1,4,19,,,,,,,,,,,,,,,,,,,,,,1,,,,,,,,,,,,,
NiO_x010,NiO_x100_cLi24gaS4a_s04,NiO,Li_24g,S_4a,0.25,compound_set,4,-0.46779664859947934,-0.15215558274883104,True,0.18494028411846294,2.988023593054375,0.45454545454545453,1.0176715088272594,1.0147300504869525,,,,,,,,,,,,,,,,,,,,,,,,,,,,,,,,0,,,,,,0.24799576655647218,8,,4,22,1,4,19,,,,,,,,,,,,,,,,,,,,,,1,,,,,,,,,,,,,
Sb2O5_x002,Sb2O5_x020_cP4baS16e_s00,Sb2O5,P_4b,S_16e,0.25,compound_set,4,-0.6541279413278751,-0.1596041991187734,True,0.17989689240924217,2.8558511198008696,0.75,1.773032742961273,1.029426989666476,,,,,,,,,,,,,,,,,,,,,,,,,,,,,,,,0,,,,,,0.37660754168791266,4,,4,24,5,2,15,,,,,,,,,,,,,,,,,,,,,,,2,,,,,,,,,,,,
Sb2O5_x002,Sb2O5_x020_cP4baS16e_s01,Sb2O5,P_4b,S_16e,0.25,compound_set,4,-0.6864954135147556,-0.2410327171572033,True,0.19113069256762077,2.9351223473131682,0.8333333333333334,2.3222549482400288,1.065948534579825,1.0094709103037989,0.10207250702352731,0.8894233022311775,0.146496,,-1140.1047777371903,-4.416557150209899,-4.119923030755668,True,19.389865700537197,19.66133312924479,1.8394640288342452,0.9999591430552298,True,OK,29.853369127638732,20.09576964171299,49.23892825142216,0.673149136226236,0.2251068043001554,,,,,,,,,,,,0,,,-0.6864954135147556,-0.7267758671316278,-1140.1047777371903,0.85,1,,4,24,5,2,15,,,,,,,,,,,,,,,,,,,,,,,2,,,,,,,,,,,,
Sb2O5_x002,Sb2O5_x020_cP4baS16e_s02,Sb2O5,P_4b,S_16e,0.25,compound_set,4,-0.6694244976787749,-0.20051112635731347,True,0.22193302280666094,2.9502537423681687,0.7916666666666666,2.433868123581264,1.1273980639441417,,,,,,,,,,,,,,,,,,,,,,,,,,,,,,,,0,,,,,,0.4131166020643464,2,,4,24,5,2,15,,,,,,,,,,,,,,,,,,,,,,,2,,,,,,,,,,,,
Sb2O5_x002,Sb2O5_x020_cP4baS16e_s03,Sb2O5,P_4b,S_16e,0.25,compound_set,4,-0.6541253929827286,-0.1595973490494126,True,0.17988961091924147,2.8558541280993937,0.75,1.7729873295417424,1.029431868285897,,,,,,,,,,,,,,,,,,,,,,,,,,,,,,,,0,,,,,,0.37660145942438367,5,,4,24,5,2,15,,,,,,,,,,,,,,,,,,,,,,,2,,,,,,,,,,,,
Sb2O5_x002,Sb2O5_x020_cP4baS16e_s04,Sb2O5,P_4b,S_16e,0.25,compound_set,4,-0.6667792766272775,-0.16303346277880448,True,0.18641832717922616,2.9408726616980907,0.875,1.9166600896807275,1.1153326707680586,,,,,,,,,,,,,,,,,,,,,,,,,,,,,,,,0,,,,,,0.40680311994047935,3,,4,24,5,2,15,,,,,,,,,,,,,,,,,,,,,,,2,,,,,,,,,,,,
Sb2O5_x002,Sb2O5_x020_cP4baS4a_s00,Sb2O5,P_4b,S_4a,0.25,compound_set,4,-0.5883430586199179,-0.22164746895278992,True,0.1849907063477544,2.784314107838103,0.7083333333333334,1.1389529546425339,1.0177889170758465,0.9921172252390994,0.10182481342406025,0.8910950738843317,0.149184,,-886.5701261341856,-4.2831836311326805,-4.152739821087625,True,18.57962465652437,19.486473350324232,4.602984663773006,0.9999626506669876,True,OK,25.835275534111062,19.78306996245358,47.2809306399326,0.7657386868714995,0.19498466945897147,,,,,,,,,,,,0,,,-0.5883430586199179,-0.5934023480544095,-886.570126134186,0.2316707140544628,6,,4,24,5,2,15,,,,,,,,,,,,,,,,,,,,,,,2,,,,,,,,,,,,
Sb2O5_x002,Sb2O5_x020_cP4baS4a_s01,Sb2O5,P_4b,S_4a,0.25,compound_set,4,-0.5704405020307926,-0.17553368665529273,True,0.23059834304536672,2.873309467233804,0.5416666666666666,0.7529752147229039,1.0787938008265539,,,,,,,,,,,,,,,,,,,,,,,,,,,,,,,,0,,,,,,0.1768665212936984,9,,4,24,5,2,15,,,,,,,,,,,,,,,,,,,,,,,2,,,,,,,,,,,,
Sb2O5_x002,Sb2O5_x020_cP4baS4a_s02,Sb2O5,P_4b,S_4a,0.25,compound_set,4,-0.5851216282120202,-0.19603438383154195,True,0.21581952510967065,2.8178772273572155,0.7916666666666666,2.5753051555826167,1.1439358731741458,,,,,,,,,,,,,,,,,,,,,,,,,,,,,,,,0,,,,,,0.21190670353137922,7,,4,24,5,2,15,,,,,,,,,,,,,,,,,,,,,,,2,,,,,,,,,,,,
Sb2O5_x002,Sb2O5_x020_cP4baS4a_s03,Sb2O5,P_4b,S_4a,0.25,compound_set,4,-0.5712783385324967,-0.2260805334220861,True,0.1827885331133165,2.7719573909907886,0.625,1.6095358418553523,1.1718375633955387,,,,,,,,,,,,,,,,,,,,,,,,,,,,,,,,0,,,,,,0.1788662278109431,8,,4,24,5,2,15,,,,,,,,,,,,,,,,,,,,,,,2,,,,,,,,,,,,
Sb2O5_x002,Sb2O5_x020_cP4baS4a_s04,Sb2O5,P_4b,S_4a,0.25,compound_set,4,-0.5591839741255447,-0.20536389646003356,True,0.26794519340864487,2.877104013036796,0.6666666666666666,1.1762523244295486,1.0638787021057834,,,,,,,,,,,,,,,,,,,,,,,,,,,,,,,,0,,,,,,0.15,10,,4,24,5,2,15,,,,,,,,,,,,,,,,,,,,,,,2,,,,,,,,,,,,
Sb2O5_x005,Sb2O5_x050_cP4baS16e_s00,Sb2O5,P_4b,S_16e,0.25,compound_set,4,-0.654128631131953,-0.15960565321090053,True,0.17990239999443208,2.8558458918625007,0.75,1.773050929250053,1.0294252638262043,,,,,,,,,,,,,,,,,,,,,,,,,,,,,,,,0,,,,,,0.3866955267371037,5,,4,24,5,2,15,,,,,,,,,,,,,,,,,,,,,,,2,,,,,,,,,,,,
Sb2O5_x005,Sb2O5_x050_cP4baS16e_s01,Sb2O5,P_4b,S_16e,0.25,compound_set,4,-0.6866471679142201,-0.24140411895519273,True,0.19025693090373963,2.936041149339187,0.8333333333333334,2.3454907269247123,1.0653111362606007,0.9993100945208514,0.0742442085384768,0.9251171074686404,0.141248,,-1132.9636853880595,-4.409416087628416,-6.577335558821297,True,22.041714605199246,19.247180652787886,6.019095532443404,0.9996043223500872,True,OK,29.537752185289794,23.12451301852384,55.01644822458294,0.7828799183317735,0.1895698772231903,,,,,,,,,,,,0,,,-0.6866471679142201,-0.7196348510366084,-1132.9636853880593,0.85,1,,4,24,5,2,15,,,,,,,,,,,,,,,,,,,,,,,2,,,,,,,,,,,,
Sb2O5_x005,Sb2O5_x050_cP4baS16e_s02,Sb2O5,P_4b,S_16e,0.25,compound_set,4,-0.6693559808103764,-0.20051143381640357,True,0.22184159402479223,2.949578868361075,0.7916666666666666,2.4319055138872043,1.1269714227609469,,,,,,,,,,,,,,,,,,,,,,,,,,,,,,,,0,,,,,,0.42465672068241556,2,,4,24,5,2,15,,,,,,,,,,,,,,,,,,,,,,,2,,,,,,,,,,,,
Sb2O5_x005,Sb2O5_x050_cP4baS16e_s03,Sb2O5,P_4b,S_16e,0.25,compound_set,4,-0.6541300256239317,-0.15961118103774305,True,0.17988636773070885,2.855869383570944,0.75,1.7730793759832233,1.0294260409814209,,,,,,,,,,,,,,,,,,,,,,,,,,,,,,,,0,,,,,,0.3866990031516853,4,,4,24,5,2,15,,,,,,,,,,,,,,,,,,,,,,,2,,,,,,,,,,,,
Sb2O5_x005,Sb2O5_x050_cP4baS16e_s04,Sb2O5,P_4b,S_16e,0.25,compound_set,4,-0.6667819963912596,-0.16303482418322243,True,0.18639923359657415,2.9408692658295443,0.875,1.9168526935015153,1.1153477584697082,,,,,,,,,,,,,,,,,,,,,,,,,,,,,,,,0,,,,,,0.41823987705500754,3,,4,24,5,2,15,,,,,,,,,,,,,,,,,,,,,,,2,,,,,,,,,,,,
Sb2O5_x005,Sb2O5_x050_cP4baS4a_s00,Sb2O5,P_4b,S_4a,0.25,compound_set,4,-0.5883344970059738,-0.2216421974570319,True,0.18511124257002184,2.7844768647730582,0.7083333333333334,1.138544144522867,1.0178506370703557,0.9897436620926179,0.0940896094262193,0.8966190674942475,0.164288,,-907.9155929961697,-4.304529082906952,-5.35722680040111,True,15.409273692154594,19.24610525308719,0.47334637436926863,0.9999607667442105,True,OK,28.15134191393014,20.77401057231291,50.018480390454606,0.7379403310800363,0.20387154460001106,,,,,,,,,,,,0,,,-0.5883344970059738,-0.6147478463151446,-907.9155929961695,0.2885207529438854,6,,4,24,5,2,15,,,,,,,,,,,,,,,,,,,,,,,2,,,,,,,,,,,,
Sb2O5_x005,Sb2O5_x050_cP4baS4a_s01,Sb2O5,P_4b,S_4a,0.25,compound_set,4,-0.572398859681229,-0.18271619736848935,True,0.2161977604328822,2.886702564534255,0.5833333333333334,0.6735277237881949,1.083093428675703,,,,,,,,,,,,,,,,,,,,,,,,,,,,,,,,0,,,,,,0.18294636679345647,8,,4,24,5,2,15,,,,,,,,,,,,,,,,,,,,,,,2,,,,,,,,,,,,
Sb2O5_x005,Sb2O5_x050_cP4baS4a_s02,Sb2O5,P_4b,S_4a,0.25,compound_set,4,-0.5850701593878087,-0.19637601839574162,True,0.2160110497104249,2.8183474672940503,0.7916666666666666,2.5743018925414356,1.1430757222889276,,,,,,,,,,,,,,,,,,,,,,,,,,,,,,,,0,,,,,,0.2145354269949324,7,,4,24,5,2,15,,,,,,,,,,,,,,,,,,,,,,,2,,,,,,,,,,,,
Sb2O5_x005,Sb2O5_x050_cP4baS4a_s03,Sb2O5,P_4b,S_4a,0.25,compound_set,4,-0.5709830078851565,-0.2262113852938705,True,0.18262887841043202,2.772216152518196,0.625,1.6299744473028186,1.1712838953010891,,,,,,,,,,,,,,,,,,,,,,,,,,,,,,,,0,,,,,,0.17941670301324625,9,,4,24,5,2,15,,,,,,,,,,,,,,,,,,,,,,,2,,,,,,,,,,,,
Sb2O5_x005,Sb2O5_x050_cP4baS4a_s04,Sb2O5,P_4b,S_4a,0.25,compound_set,4,-0.5591831044412778,-0.20536427585336062,True,0.267937781667704,2.877098343648686,0.6666666666666666,1.1760341910080279,1.0638676446039013,,,,,,,,,,,,,,,,,,,,,,,,,,,,,,,,0,,,,,,0.15,10,,4,24,5,2,15,,,,,,,,,,,,,,,,,,,,,,,2,,,,,,,,,,,,
Sb2O5_x010,Sb2O5_x100_cP4baS16e_s00,Sb2O5,P_4b,S_16e,0.25,compound_set,4,-0.6541277993708547,-0.15960356346015397,True,0.17989632696432076,2.8558510857665973,0.75,1.7730201744317862,1.029426990351178,,,,,,,,,,,,,,,,,,,,,,,,,,,,,,,,0,,,,,,0.3898998410254344,4,,4,24,5,2,15,,,,,,,,,,,,,,,,,,,,,,,2,,,,,,,,,,,,
Sb2O5_x010,Sb2O5_x100_cP4baS16e_s01,Sb2O5,P_4b,S_16e,0.25,compound_set,4,-0.686566945020159,-0.2411550342712467,True,0.190661168811934,2.935533936377245,0.8333333333333334,2.326126283267209,1.0658265491815624,1.0091600481585798,0.10222311320818706,0.8895532072731401,0.157248,,-1130.8188681343765,-4.407271326647821,-6.179346593019611,True,,,,0.9992013932507077,False,"r2=0.9992 / V0 / B0'=-9.36 unphysical (need r2>=0.95, 0<B0'<15)",32.32820327316328,20.263256974363628,50.28383351620355,0.6267981181368292,0.24076385103887585,,,,,,,,,,,,0,,,-0.686566945020159,-0.717490049278414,-1130.818868134377,0.85,1,,4,24,5,2,15,,,,,,,,,,,,,,,,,,,,,,,2,,,,,,,,,,,,
Sb2O5_x010,Sb2O5_x100_cP4baS16e_s02,Sb2O5,P_4b,S_16e,0.25,compound_set,4,-0.6694113102538743,-0.20049328946048176,True,0.2217614844491153,2.950212275372467,0.7916666666666666,2.4324242190858953,1.1272826084233896,,,,,,,,,,,,,,,,,,,,,,,,,,,,,,,,0,,,,,,0.42851735422344706,2,,4,24,5,2,15,,,,,,,,,,,,,,,,,,,,,,,2,,,,,,,,,,,,
Sb2O5_x010,Sb2O5_x100_cP4baS16e_s03,Sb2O5,P_4b,S_16e,0.25,compound_set,4,-0.6541133081331623,-0.15955862890584127,True,0.1798556131591901,2.8558361944091692,0.75,1.772728467308207,1.0294505870451285,,,,,,,,,,,,,,,,,,,,,,,,,,,,,,,,0,,,,,,0.3898632253834443,5,,4,24,5,2,15,,,,,,,,,,,,,,,,,,,,,,,2,,,,,,,,,,,,
Sb2O5_x010,Sb2O5_x100_cP4baS16e_s04,Sb2O5,P_4b,S_16e,0.25,compound_set,4,-0.6667776505185294,-0.1630300691916295,True,0.18643117645939583,2.9408770570920773,0.875,1.9166055518475613,1.1153237019077955,,,,,,,,,,,,,,,,,,,,,,,,,,,,,,,,0,,,,,,0.42186277136174644,3,,4,24,5,2,15,,,,,,,,,,,,,,,,,,,,,,,2,,,,,,,,,,,,
Sb2O5_x010,Sb2O5_x100_cP4baS4a_s00,Sb2O5,P_4b,S_4a,0.25,compound_set,4,-0.5883353194901675,-0.22164169084782478,True,0.1850959171113204,2.784455565064724,0.7083333333333334,1.1385783622531744,1.0178422723306177,0.987608629272764,0.11286852554852604,0.8761386994677464,0.140032,,-933.3387936175774,-4.329952296577191,-3.972077339736984,True,17.105220622882214,19.667936846465064,5.078947761949524,0.9999209515840555,True,OK,24.023933462710637,19.521895647623516,46.08324242415835,0.8126019695286338,0.1802963005226459,,,,,,,,,,,,0,,,-0.5883353194901675,-0.6401710192077834,-933.3387936175778,0.3546346361733226,6,,4,24,5,2,15,,,,,,,,,,,,,,,,,,,,,,,2,,,,,,,,,,,,
Sb2O5_x010,Sb2O5_x100_cP4baS4a_s01,Sb2O5,P_4b,S_4a,0.25,compound_set,4,-0.5704321172387141,-0.17539680685642672,True,0.23070754104411165,2.873503622677333,0.5416666666666666,0.7480511763865432,1.0788621310148612,,,,,,,,,,,,,,,,,,,,,,,,,,,,,,,,0,,,,,,0.17842231245929976,9,,4,24,5,2,15,,,,,,,,,,,,,,,,,,,,,,,2,,,,,,,,,,,,
Sb2O5_x010,Sb2O5_x100_cP4baS4a_s02,Sb2O5,P_4b,S_4a,0.25,compound_set,4,-0.5851083651956435,-0.1960986597446687,True,0.21579287675800654,2.817914956321463,0.7916666666666666,2.5735087367783454,1.1438068214609505,,,,,,,,,,,,,,,,,,,,,,,,,,,,,,,,0,,,,,,0.21550542794971433,7,,4,24,5,2,15,,,,,,,,,,,,,,,,,,,,,,,2,,,,,,,,,,,,
Sb2O5_x010,Sb2O5_x100_cP4baS4a_s03,Sb2O5,P_4b,S_4a,0.25,compound_set,4,-0.5709719316695292,-0.22536628096078587,True,0.18396280395792708,2.7691184707606773,0.625,1.5371157371488986,1.169295247719344,,,,,,,,,,,,,,,,,,,,,,,,,,,,,,,,0,,,,,,0.1797862851136222,8,,4,24,5,2,15,,,,,,,,,,,,,,,,,,,,,,,2,,,,,,,,,,,,
Sb2O5_x010,Sb2O5_x100_cP4baS4a_s04,Sb2O5,P_4b,S_4a,0.25,compound_set,4,-0.5591835233801472,-0.2053632520838111,True,0.26794226507165814,2.8771025182217542,0.6666666666666666,1.1761894032787568,1.0638743434716456,,,,,,,,,,,,,,,,,,,,,,,,,,,,,,,,0,,,,,,0.15,10,,4,24,5,2,15,,,,,,,,,,,,,,,,,,,,,,,2,,,,,,,,,,,,
Sc2O3_x002,Sc2O3_x020_cLi24gaS16e_s00,Sc2O3,Li_24g,S_16e,0.25,compound_set,4,-0.9305861507818349,-0.1468830451382957,True,0.1485394458412584,2.985809283664759,0.7777777777777778,1.6019853515543971,1.0573827253818275,,,,,,,,,,,,,,,,,,,,,,,,,,,,,,,,0,,,,,,0.38236926004399074,8,,4,18,3,4,17,,,,,,,,,,,,,,,,,,,,,,,,2,,,,,,,,,,,
Sc2O3_x002,Sc2O3_x020_cLi24gaS16e_s01,Sc2O3,Li_24g,S_16e,0.25,compound_set,4,-0.930350704835206,-0.12016027287092657,True,0.23151844657049883,3.081590238570547,0.7222222222222222,2.449285600294265,1.1554029467251516,,,,,,,,,,,,,,,,,,,,,,,,,,,,,,,,0,,,,,,0.3814631226533387,9,,4,18,3,4,17,,,,,,,,,,,,,,,,,,,,,,,,2,,,,,,,,,,,
Sc2O3_x002,Sc2O3_x020_cLi24gaS16e_s02,Sc2O3,Li_24g,S_16e,0.25,compound_set,4,-0.9472158690748929,-0.14600463408347308,True,0.3340487556463844,3.0548585812431694,0.7777777777777778,0.7398944923539289,1.0447789481455931,0.9863719872659716,0.09408840171820258,0.8935658234845092,0.13184,,-939.745395530819,-4.623558805888386,-8.633510839126862,True,23.21997982674532,20.388411690984107,4.830760020515882,0.999972902092007,True,OK,33.78475030909114,16.280753378366096,42.082462773800316,0.4818965133504364,0.2923991229336966,,,,,,,,,,,,0,,,-0.9472158690748929,-0.9337775152662582,-939.745395530819,0.6512259579370479,1,,4,18,3,4,17,,,,,,,,,,,,,,,,,,,,,,,,2,,,,,,,,,,,
Sc2O3_x002,Sc2O3_x020_cLi24gaS16e_s03,Sc2O3,Li_24g,S_16e,0.25,compound_set,4,-0.9179567407951961,-0.11369590628714732,True,0.406996711555036,3.2304138652617165,0.5555555555555556,0.30230730602600386,1.1001535491637902,,,,,,,,,,,,,,,,,,,,,,,,,,,,,,,,0,,,,,,0.3337637063081135,12,,4,18,3,4,17,,,,,,,,,,,,,,,,,,,,,,,,2,,,,,,,,,,,
Sc2O3_x002,Sc2O3_x020_cLi24gaS16e_s04,Sc2O3,Li_24g,S_16e,0.25,compound_set,4,-0.8921798745911751,-0.05250930314837589,True,0.30832553946226177,2.9813354965906558,0.6666666666666666,0.059912066625087926,1.0336273008744772,,,,,,,,,,,,,,,,,,,,,,,,,,,,,,,,0,,,,,,0.2345588458476843,16,,4,18,3,4,17,,,,,,,,,,,,,,,,,,,,,,,,2,,,,,,,,,,,
Sc2O3_x002,Sc2O3_x020_cLi24gaS4a_s00,Sc2O3,Li_24g,S_4a,0.25,compound_set,4,-0.8863817928453983,-0.10743428201723142,True,0.3523441437211889,3.0293161252860377,0.7222222222222222,3.595583592784399,1.0695220462193675,,,,,,,,,,,,,,,,,,,,,,,,,,,,,,,,0,,,,,,0.21224434547454654,18,,4,18,3,4,17,,,,,,,,,,,,,,,,,,,,,,,,2,,,,,,,,,,,
Sc2O3_x002,Sc2O3_x020_cLi24gaS4a_s01,Sc2O3,Li_24g,S_4a,0.25,compound_set,4,-0.8965760161887006,-0.14674601510438817,True,0.46479813509025575,3.0379557901700287,0.8333333333333334,1.3656210144067813,1.0908443043841471,,,,,,,,,,,,,,,,,,,,,,,,,,,,,,,,0,,,,,,0.2514778386490194,14,,4,18,3,4,17,,,,,,,,,,,,,,,,,,,,,,,,2,,,,,,,,,,,
Sc2O3_x002,Sc2O3_x020_cLi24gaS4a_s02,Sc2O3,Li_24g,S_4a,0.25,compound_set,4,-0.9050207732511204,-0.12841866507858446,True,0.3003441836599309,3.085237028684018,0.5,0.3470607761851076,1.0658075958113504,,,,,,,,,,,,,,,,,,,,,,,,,,,,,,,,0,,,,,,0.28397833499984787,13,,4,18,3,4,17,,,,,,,,,,,,,,,,,,,,,,,,2,,,,,,,,,,,
Sc2O3_x002,Sc2O3_x020_cLi24gaS4a_s03,Sc2O3,Li_24g,S_4a,0.25,compound_set,4,-0.8955435881042977,-0.17839338887072365,True,0.2470789356283876,2.950733668245236,0.6666666666666666,1.3827334524152182,1.0489922699201137,,,,,,,,,,,,,,,,,,,,,,,,,,,,,,,,0,,,,,,0.24750443539518843,15,,4,18,3,4,17,,,,,,,,,,,,,,,,,,,,,,,,2,,,,,,,,,,,
Sc2O3_x002,Sc2O3_x020_cLi24gaS4a_s04,Sc2O3,Li_24g,S_4a,0.25,compound_set,4,-0.9249736854179993,-0.11746304630935142,True,0.2265500696197306,3.055672915293494,0.3888888888888889,0.4035460788021684,1.0803338908095,0.9798161452170459,0.13816930198322103,0.8444356323605162,0.132288,,-1026.4334933676764,-4.612303944831258,-6.182425584388131,True,19.217220488847847,20.80090212137659,6.811742065685108,0.9993998592809905,True,OK,24.589678831999116,18.452141880269565,44.28039475621893,0.7504019066836028,0.19987140364357645,,,,,,,,,,,,0,,,-0.9249736854179993,-0.9225226542091303,-1026.433493367676,0.6320201380592486,2,,4,18,3,4,17,,,,,,,,,,,,,,,,,,,,,,,,2,,,,,,,,,,,
Sc2O3_x002,Sc2O3_x020_chain_Cl_x200_cLi24gaS16e_s00,Sc2O3+Clrich,Li_24g,S_16e,0.25,compound_set_chain,4,-0.9327056326134455,-0.20952192695043764,True,0.23787083090583042,3.165349455484795,0.7647058823529411,1.0941690286309165,1.0856514599724538,,,,,,,,,,,,,,,,,,,,,,,,,,,,,,,,0,,,,,,0.3905262989054697,7,,5,17,3,4,16,,,,,,,,,,,,,,,,,,,,,,,,2,,,,,,,,,,,
Sc2O3_x002,Sc2O3_x020_chain_Cl_x200_cLi24gaS16e_s01,Sc2O3+Clrich,Li_24g,S_16e,0.25,compound_set_chain,4,-0.9380356808086274,-0.1247273262755161,True,0.24024709205430725,3.13787794804823,0.8235294117647058,4.412909604015209,1.1308490737434072,,,,,,,,,,,,,,,,,,,,,,,,,,,,,,,,0,,,,,,0.41103952511633857,6,,5,17,3,4,16,,,,,,,,,,,,,,,,,,,,,,,,2,,,,,,,,,,,
Sc2O3_x002,Sc2O3_x020_chain_Cl_x200_cLi24gaS16e_s02,Sc2O3+Clrich,Li_24g,S_16e,0.25,compound_set_chain,4,-0.9267693669376547,-0.07297622360015697,True,0.25337826609735936,3.1392711226991357,0.8235294117647058,0.6851874305778224,1.070384771685323,,,,,,,,,,,,,,,,,,,,,,,,,,,,,,,,0,,,,,,0.3676799837885839,10,,5,17,3,4,16,,,,,,,,,,,,,,,,,,,,,,,,2,,,,,,,,,,,
Sc2O3_x002,Sc2O3_x020_chain_Cl_x200_cLi24gaS16e_s03,Sc2O3+Clrich,Li_24g,S_16e,0.25,compound_set_chain,4,-0.9461480127734845,-0.11911276930822141,True,0.30763746384450974,3.1636474375574477,0.5882352941176471,2.0969571828130427,1.1929559559537497,0.9537882645498587,0.13179993807105134,0.8280790303492918,0.13344,,-1001.4826272586572,-4.663923726201628,-3.5434032533244375,True,17.768192448413092,21.91440357225441,5.910244651068279,0.999916901006377,True,OK,15.186889789041153,7.2177788900382485,18.692109095652324,0.47526379596476637,0.29486573227191726,,,,,,,,,,,,0,,,-0.9461480127734845,-0.9741424355795001,-1001.4826272586567,0.55,3,,5,17,3,4,16,,,,,,,,,,,,,,,,,,,,,,,,2,,,,,,,,,,,
Sc2O3_x002,Sc2O3_x020_chain_Cl_x200_cLi24gaS16e_s04,Sc2O3+Clrich,Li_24g,S_16e,0.25,compound_set_chain,4,-0.9426104199454857,-0.159758449626289,True,0.2749169811871122,3.139185022557114,0.7647058823529411,0.588533251962672,1.0557815325965827,,,,,,,,,,,,,,,,,,,,,,,,,,,,,,,,0,,,,,,0.4286458684989214,5,,5,17,3,4,16,,,,,,,,,,,,,,,,,,,,,,,,2,,,,,,,,,,,
Sc2O3_x002,Sc2O3_x020_chain_Cl_x200_cLi24gaS4a_s00,Sc2O3+Clrich,Li_24g,S_4a,0.25,compound_set_chain,4,-0.8702085513549349,0.001243618455222927,True,0.51530920128436,3.1620046747722053,0.5882352941176471,3.1279494284141887,1.0142640143079626,,,,,,,,,,,,,,,,,,,,,,,,,,,,,,,,0,,,,,,0.15,20,,5,17,3,4,16,,,,,,,,,,,,,,,,,,,,,,,,2,,,,,,,,,,,
Sc2O3_x002,Sc2O3_x020_chain_Cl_x200_cLi24gaS4a_s01,Sc2O3+Clrich,Li_24g,S_4a,0.25,compound_set_chain,4,-0.873947566353281,-0.09903066739997946,True,0.4109793892476659,3.019493017507891,0.5882352941176471,4.599391043767577,1.0437544066682338,,,,,,,,,,,,,,,,,,,,,,,,,,,,,,,,0,,,,,,0.16438997503554215,19,,5,17,3,4,16,,,,,,,,,,,,,,,,,,,,,,,,2,,,,,,,,,,,
Sc2O3_x002,Sc2O3_x020_chain_Cl_x200_cLi24gaS4a_s02,Sc2O3+Clrich,Li_24g,S_4a,0.25,compound_set_chain,4,-0.921227118163122,-0.15005961794467512,True,0.3756158307846421,3.1318116093090813,0.5882352941176471,1.1797120503814311,1.0872344109506369,,,,,,,,,,,,,,,,,,,,,,,,,,,,,,,,0,,,,,,0.3463500823194622,11,,5,17,3,4,16,,,,,,,,,,,,,,,,,,,,,,,,2,,,,,,,,,,,
Sc2O3_x002,Sc2O3_x020_chain_Cl_x200_cLi24gaS4a_s03,Sc2O3+Clrich,Li_24g,S_4a,0.25,compound_set_chain,4,-0.8871905158038347,-0.13556171680546994,True,0.28408710374566176,3.0476670204939587,0.7647058823529411,2.114360219380716,1.0633992868062485,,,,,,,,,,,,,,,,,,,,,,,,,,,,,,,,0,,,,,,0.21535679706613337,17,,5,17,3,4,16,,,,,,,,,,,,,,,,,,,,,,,,2,,,,,,,,,,,
Sc2O3_x002,Sc2O3_x020_chain_Cl_x200_cLi24gaS4a_s04,Sc2O3+Clrich,Li_24g,S_4a,0.25,compound_set_chain,4,-0.928127176398788,-0.11806982382295923,True,0.30621224970415983,3.0867504530307466,0.35294117647058826,1.4078522781171003,1.0644280228736314,1.0037015044863082,0.07456741049666757,0.9220070966215099,0.122368,,-982.1398196539175,-4.582884097198086,-1.5750121642163633,True,11.81808751728073,22.136015409328497,2.02366567916895,0.9997694967375849,True,OK,24.017997394907045,19.500632182617124,46.0413138689479,0.8119174909541869,0.1805082378300834,,,,,,,,,,,,0,,,-0.928127176398788,-0.8931028065759579,-982.1398196539172,0.538110842356498,4,,5,17,3,4,16,,,,,,,,,,,,,,,,,,,,,,,,2,,,,,,,,,,,
Sc2O3_x005,Sc2O3_x050_cLi24gaS16e_s00,Sc2O3,Li_24g,S_16e,0.25,compound_set,4,-0.9305856535627153,-0.14687889959773395,True,0.14853779004932505,2.985812747618569,0.7777777777777778,1.6018902028846782,1.057378699031255,,,,,,,,,,,,,,,,,,,,,,,,,,,,,,,,0,,,,,,0.37970693634334773,8,,4,18,3,4,17,,,,,,,,,,,,,,,,,,,,,,,,2,,,,,,,,,,,
Sc2O3_x005,Sc2O3_x050_cLi24gaS16e_s01,Sc2O3,Li_24g,S_16e,0.25,compound_set,4,-0.9305056240861576,-0.12092948699370838,True,0.23182450041627148,3.0814817266647703,0.7222222222222222,2.44404399850222,1.1571066706156978,,,,,,,,,,,,,,,,,,,,,,,,,,,,,,,,0,,,,,,0.3794035547464696,9,,4,18,3,4,17,,,,,,,,,,,,,,,,,,,,,,,,2,,,,,,,,,,,
Sc2O3_x005,Sc2O3_x050_cLi24gaS16e_s02,Sc2O3,Li_24g,S_16e,0.25,compound_set,4,-0.9472152858787539,-0.14599718286329644,True,0.3340572611775013,3.054872513024127,0.7777777777777778,0.7399014481344229,1.044777777105241,0.9729599910841392,0.11038686143418118,0.8655579913673321,0.13984,,-951.3990807418645,-4.635212503468637,-5.933933051090879,True,17.878539578636136,20.9405589773131,0.8117032595122625,0.9999278355653003,True,OK,25.58673038815062,18.478038772135022,44.678837146731276,0.7221727235884864,0.20897130095070468,,,,,,,,,,,,0,,,-0.9472152858787539,-0.9454312256914528,-951.3990807418646,0.7359846176766599,1,,4,18,3,4,17,,,,,,,,,,,,,,,,,,,,,,,,2,,,,,,,,,,,
Sc2O3_x005,Sc2O3_x050_cLi24gaS16e_s03,Sc2O3,Li_24g,S_16e,0.25,compound_set,4,-0.9179572502858231,-0.11369439650234525,True,0.4069924197089366,3.230415363143004,0.5555555555555556,0.3023983033694149,1.1001499957097285,,,,,,,,,,,,,,,,,,,,,,,,,,,,,,,,0,,,,,,0.33183426096226554,12,,4,18,3,4,17,,,,,,,,,,,,,,,,,,,,,,,,2,,,,,,,,,,,
Sc2O3_x005,Sc2O3_x050_cLi24gaS16e_s04,Sc2O3,Li_24g,S_16e,0.25,compound_set,4,-0.8921740353662702,-0.05247314140981598,True,0.30829970092514963,2.9813457935283436,0.6666666666666666,0.06058356369083634,1.0336373409063617,,,,,,,,,,,,,,,,,,,,,,,,,,,,,,,,0,,,,,,0.23409336284072593,16,,4,18,3,4,17,,,,,,,,,,,,,,,,,,,,,,,,2,,,,,,,,,,,
Sc2O3_x005,Sc2O3_x050_cLi24gaS4a_s00,Sc2O3,Li_24g,S_4a,0.25,compound_set,4,-0.886383460955074,-0.10744706661811776,True,0.35230928524367966,3.029297292238482,0.7222222222222222,3.595787534805562,1.06951846601605,,,,,,,,,,,,,,,,,,,,,,,,,,,,,,,,0,,,,,,0.21214202956611938,18,,4,18,3,4,17,,,,,,,,,,,,,,,,,,,,,,,,2,,,,,,,,,,,
Sc2O3_x005,Sc2O3_x050_cLi24gaS4a_s01,Sc2O3,Li_24g,S_4a,0.25,compound_set,4,-0.8967668292722473,-0.14686566648391808,True,0.46457945609415263,3.0388444071788836,0.8333333333333334,1.2988099531853534,1.0911052518980544,,,,,,,,,,,,,,,,,,,,,,,,,,,,,,,,0,,,,,,0.2515040621137986,14,,4,18,3,4,17,,,,,,,,,,,,,,,,,,,,,,,,2,,,,,,,,,,,
Sc2O3_x005,Sc2O3_x050_cLi24gaS4a_s02,Sc2O3,Li_24g,S_4a,0.25,compound_set,4,-0.9051247075762974,-0.12890482031266517,True,0.2959786901057691,3.084197946401721,0.5,0.3552890768904619,1.065885484023564,,,,,,,,,,,,,,,,,,,,,,,,,,,,,,,,0,,,,,,0.28318771887953725,13,,4,18,3,4,17,,,,,,,,,,,,,,,,,,,,,,,,2,,,,,,,,,,,
Sc2O3_x005,Sc2O3_x050_cLi24gaS4a_s03,Sc2O3,Li_24g,S_4a,0.25,compound_set,4,-0.895677031929853,-0.1787707429421329,True,0.24739366235130086,2.9506098961538103,0.6666666666666666,1.4085423292571748,1.0497823137970348,,,,,,,,,,,,,,,,,,,,,,,,,,,,,,,,0,,,,,,0.24737277858889958,15,,4,18,3,4,17,,,,,,,,,,,,,,,,,,,,,,,,2,,,,,,,,,,,
Sc2O3_x005,Sc2O3_x050_cLi24gaS4a_s04,Sc2O3,Li_24g,S_4a,0.25,compound_set,4,-0.9248950444739434,-0.1168272718460969,True,0.22679484482490248,3.0564412822490565,0.3888888888888889,0.40010084334507806,1.0805982975761008,0.9882200582708209,0.10729504180068929,0.8821889458103737,0.13376,,-1026.6743103104166,-4.612544725549897,-6.909607649290221,True,16.97519994180456,20.733840814973664,2.592402136520477,0.9990513828331518,True,OK,22.554876871426103,18.727056090817154,44.00282184107218,0.8302885534499075,0.17484621255150326,,,,,,,,,,,,0,,,-0.9248950444739434,-0.9227634477727134,-1026.6743103104168,0.593626969602062,2,,4,18,3,4,17,,,,,,,,,,,,,,,,,,,,,,,,2,,,,,,,,,,,
Sc2O3_x005,Sc2O3_x050_chain_Cl_x200_cLi24gaS16e_s00,Sc2O3+Clrich,Li_24g,S_16e,0.25,compound_set_chain,4,-0.9324977251128481,-0.20935244288082533,True,0.23868020703009254,3.167665678923238,0.7647058823529411,1.0701492439208573,1.084959189508282,,,,,,,,,,,,,,,,,,,,,,,,,,,,,,,,0,,,,,,0.38695535711499096,7,,5,17,3,4,16,,,,,,,,,,,,,,,,,,,,,,,,2,,,,,,,,,,,
Sc2O3_x005,Sc2O3_x050_chain_Cl_x200_cLi24gaS16e_s01,Sc2O3+Clrich,Li_24g,S_16e,0.25,compound_set_chain,4,-0.9380473981175368,-0.12472689107546242,True,0.2402372249333759,3.1379251556681966,0.8235294117647058,4.414487964462511,1.1309145867692763,,,,,,,,,,,,,,,,,,,,,,,,,,,,,,,,0,,,,,,0.40799346370687983,6,,5,17,3,4,16,,,,,,,,,,,,,,,,,,,,,,,,2,,,,,,,,,,,
Sc2O3_x005,Sc2O3_x050_chain_Cl_x200_cLi24gaS16e_s02,Sc2O3+Clrich,Li_24g,S_16e,0.25,compound_set_chain,4,-0.9267558347132012,-0.07296201192419266,True,0.25345395722789793,3.139220049687832,0.8235294117647058,0.6850688882485985,1.070356277586212,,,,,,,,,,,,,,,,,,,,,,,,,,,,,,,,0,,,,,,0.3651885787544178,10,,5,17,3,4,16,,,,,,,,,,,,,,,,,,,,,,,,2,,,,,,,,,,,
Sc2O3_x005,Sc2O3_x050_chain_Cl_x200_cLi24gaS16e_s03,Sc2O3+Clrich,Li_24g,S_16e,0.25,compound_set_chain,4,-0.9461049443528817,-0.1192285883868853,True,0.30841356037794665,3.163826596995033,0.5882352941176471,2.0890298124462565,1.1924738301102245,1.0095557193557894,0.10804552985866114,0.8834312035465265,0.132992,,-1002.8476928941783,-4.665288788453477,-7.691783374381278,True,16.510199691539647,20.892161152208804,5.269526432560495,0.9995773448462819,True,OK,23.35711557657086,17.021664489834173,41.0847301413428,0.7287571290227431,0.20683644557439682,,,,,,,,,,,,0,,,-0.9461049443528817,-0.9755075106762932,-1002.8476928941785,0.55,4,,5,17,3,4,16,,,,,,,,,,,,,,,,,,,,,,,,2,,,,,,,,,,,
Sc2O3_x005,Sc2O3_x050_chain_Cl_x200_cLi24gaS16e_s04,Sc2O3+Clrich,Li_24g,S_16e,0.25,compound_set_chain,4,-0.9425602331787828,-0.15991745952484115,True,0.2759854453225318,3.138641279470598,0.7647058823529411,0.5941226796186225,1.0560096705702033,,,,,,,,,,,,,,,,,,,,,,,,,,,,,,,,0,,,,,,0.42510104913937197,5,,5,17,3,4,16,,,,,,,,,,,,,,,,,,,,,,,,2,,,,,,,,,,,
Sc2O3_x005,Sc2O3_x050_chain_Cl_x200_cLi24gaS4a_s00,Sc2O3+Clrich,Li_24g,S_4a,0.25,compound_set_chain,4,-0.869990923801915,0.0015261896648491335,True,0.5157613555261127,3.162258822325203,0.5882352941176471,3.095701999868091,1.0145937729218781,,,,,,,,,,,,,,,,,,,,,,,,,,,,,,,,0,,,,,,0.15,20,,5,17,3,4,16,,,,,,,,,,,,,,,,,,,,,,,,2,,,,,,,,,,,
Sc2O3_x005,Sc2O3_x050_chain_Cl_x200_cLi24gaS4a_s01,Sc2O3+Clrich,Li_24g,S_4a,0.25,compound_set_chain,4,-0.8739438139594777,-0.09901073829414993,True,0.41094074200749864,3.019462669996528,0.5882352941176471,4.598880727983758,1.0437333929201658,,,,,,,,,,,,,,,,,,,,,,,,,,,,,,,,0,,,,,,0.16498490531074061,19,,5,17,3,4,16,,,,,,,,,,,,,,,,,,,,,,,,2,,,,,,,,,,,
Sc2O3_x005,Sc2O3_x050_chain_Cl_x200_cLi24gaS4a_s02,Sc2O3+Clrich,Li_24g,S_4a,0.25,compound_set_chain,4,-0.9216964463116928,-0.1525339974827237,True,0.376400422313504,3.1290310621774555,0.5882352941176471,1.1767570240877634,1.08640159633578,,,,,,,,,,,,,,,,,,,,,,,,,,,,,,,,0,,,,,,0.34600907891888255,11,,5,17,3,4,16,,,,,,,,,,,,,,,,,,,,,,,,2,,,,,,,,,,,
Sc2O3_x005,Sc2O3_x050_chain_Cl_x200_cLi24gaS4a_s03,Sc2O3+Clrich,Li_24g,S_4a,0.25,compound_set_chain,4,-0.8871909566834391,-0.13556699268041295,True,0.28408231192517647,3.047662225847913,0.7647058823529411,2.1143933430270514,1.0634051956622226,,,,,,,,,,,,,,,,,,,,,,,,,,,,,,,,0,,,,,,0.21520314347165687,17,,5,17,3,4,16,,,,,,,,,,,,,,,,,,,,,,,,2,,,,,,,,,,,
Sc2O3_x005,Sc2O3_x050_chain_Cl_x200_cLi24gaS4a_s04,Sc2O3+Clrich,Li_24g,S_4a,0.25,compound_set_chain,4,-0.9281310678919268,-0.11837470184689025,True,0.30594744472147484,3.08580348457242,0.35294117647058826,1.4156585948207272,1.0644709917176436,0.9521543766481064,0.09570290335099031,0.8610304383645303,0.13728,,-1009.8969978489731,-4.610641238398315,-1.3530020193357621,True,14.519692745111556,22.52708732622426,4.661953289710081,0.9999638024922933,True,OK,23.58937377781488,18.49955484016996,43.99729435090266,0.7842325537937024,0.18914467756183193,,,,,,,,,,,,0,,,-0.9281310678919268,-0.9208599606211307,-1009.8969978489731,0.5859497117641104,3,,5,17,3,4,16,,,,,,,,,,,,,,,,,,,,,,,,2,,,,,,,,,,,
Sc2O3_x010,Sc2O3_x100_cLi24gaS16e_s00,Sc2O3,Li_24g,S_16e,0.25,compound_set,4,-0.9305782917701872,-0.14687805971834575,True,0.1485105046771751,2.9859530975017146,0.7777777777777778,1.6003197860612912,1.0572373565368363,,,,,,,,,,,,,,,,,,,,,,,,,,,,,,,,0,,,,,,0.4373867976780761,8,,4,18,3,4,17,,,,,,,,,,,,,,,,,,,,,,,,2,,,,,,,,,,,
Sc2O3_x010,Sc2O3_x100_cLi24gaS16e_s01,Sc2O3,Li_24g,S_16e,0.25,compound_set,4,-0.9303400772751242,-0.12011161508148302,True,0.23179524465764537,3.0818236113038187,0.7222222222222222,2.445633143500675,1.1552477324744528,,,,,,,,,,,,,,,,,,,,,,,,,,,,,,,,0,,,,,,0.43626000617745864,9,,4,18,3,4,17,,,,,,,,,,,,,,,,,,,,,,,,2,,,,,,,,,,,
Sc2O3_x010,Sc2O3_x100_cLi24gaS16e_s02,Sc2O3,Li_24g,S_16e,0.25,compound_set,4,-0.9472164091402249,-0.14601077174676494,True,0.33403874334745776,3.054844092245118,0.7777777777777778,0.7398584134278204,1.0447808475963718,0.9612148097084733,0.1162603729925625,0.8494636174057911,0.141248,,-939.7506360428581,-4.62356405214327,-5.4519934590996515,True,15.531883655080016,20.80529064791416,4.450267304699096,0.999833226375164,True,OK,25.310640316887643,15.841545976056114,39.32113682979904,0.6258848364846146,0.24107637250907887,,,,,,,,,,,,0,,,-0.9472164091402249,-0.9337827851721503,-939.750636042858,0.45254454837734304,6,,4,18,3,4,17,,,,,,,,,,,,,,,,,,,,,,,,2,,,,,,,,,,,
Sc2O3_x010,Sc2O3_x100_cLi24gaS16e_s03,Sc2O3,Li_24g,S_16e,0.25,compound_set,4,-0.9179567790241965,-0.11369603544414839,True,0.4070018452827869,3.2304172766576342,0.5555555555555556,0.3022644539761403,1.1001559731588748,,,,,,,,,,,,,,,,,,,,,,,,,,,,,,,,0,,,,,,0.37768508522201333,12,,4,18,3,4,17,,,,,,,,,,,,,,,,,,,,,,,,2,,,,,,,,,,,
Sc2O3_x010,Sc2O3_x100_cLi24gaS16e_s04,Sc2O3,Li_24g,S_16e,0.25,compound_set,4,-0.892263942243738,-0.053054366861112374,True,0.30876193612144887,2.981111306172082,0.6666666666666666,0.050032249584049664,1.0334815835080944,,,,,,,,,,,,,,,,,,,,,,,,,,,,,,,,0,,,,,,0.25615398316495336,16,,4,18,3,4,17,,,,,,,,,,,,,,,,,,,,,,,,2,,,,,,,,,,,
Sc2O3_x010,Sc2O3_x100_cLi24gaS4a_s00,Sc2O3,Li_24g,S_4a,0.25,compound_set,4,-0.8863914349892879,-0.10749350701196032,True,0.35211134877074085,3.0292108646817875,0.7222222222222222,3.596284884084313,1.0694785001899227,,,,,,,,,,,,,,,,,,,,,,,,,,,,,,,,0,,,,,,0.2283761132251801,18,,4,18,3,4,17,,,,,,,,,,,,,,,,,,,,,,,,2,,,,,,,,,,,
Sc2O3_x010,Sc2O3_x100_cLi24gaS4a_s01,Sc2O3,Li_24g,S_4a,0.25,compound_set,4,-0.8963516694673093,-0.14792909929586875,True,0.46428143307202674,3.0308740674894348,0.8333333333333334,1.3455168431274531,1.091701017662625,,,,,,,,,,,,,,,,,,,,,,,,,,,,,,,,0,,,,,,0.27548956679996534,14,,4,18,3,4,17,,,,,,,,,,,,,,,,,,,,,,,,2,,,,,,,,,,,
Sc2O3_x010,Sc2O3_x100_cLi24gaS4a_s02,Sc2O3,Li_24g,S_4a,0.25,compound_set,4,-0.9050886122301476,-0.12877771842536556,True,0.29531061991420793,3.0840203644820576,0.5,0.35434154002341434,1.0658983877678039,,,,,,,,,,,,,,,,,,,,,,,,,,,,,,,,0,,,,,,0.3168166608709785,13,,4,18,3,4,17,,,,,,,,,,,,,,,,,,,,,,,,2,,,,,,,,,,,
Sc2O3_x010,Sc2O3_x100_cLi24gaS4a_s03,Sc2O3,Li_24g,S_4a,0.25,compound_set,4,-0.8956760843986,-0.17876686345937282,True,0.24739252369253126,2.950617023835871,0.6666666666666666,1.4082513342108174,1.049777497808867,,,,,,,,,,,,,,,,,,,,,,,,,,,,,,,,0,,,,,,0.2722939446646947,15,,4,18,3,4,17,,,,,,,,,,,,,,,,,,,,,,,,2,,,,,,,,,,,
Sc2O3_x010,Sc2O3_x100_cLi24gaS4a_s04,Sc2O3,Li_24g,S_4a,0.25,compound_set,4,-0.9251211726922257,-0.118018220181541,True,0.2253414361236647,3.054441736401924,0.3888888888888889,0.409922442140274,1.0805573443407384,0.9705183253054075,0.14245392149058272,0.8322641839871792,0.144832,,-1041.9587203097863,-4.627829174644791,-7.883941021716994,True,19.358296231806662,20.34412895250855,3.9841856789086556,0.9997400345258631,True,OK,24.619703765115666,20.44850930499747,48.044115045022046,0.8305749533010841,0.17475837305363878,,,,,,,,,,,,0,,,-0.9251211726922257,-0.9380479076736714,-1041.9587203097863,0.7572468809620196,2,,4,18,3,4,17,,,,,,,,,,,,,,,,,,,,,,,,2,,,,,,,,,,,
Sc2O3_x010,Sc2O3_x100_chain_Cl_x200_cLi24gaS16e_s00,Sc2O3+Clrich,Li_24g,S_16e,0.25,compound_set_chain,4,-0.9327016040338245,-0.20951643105887952,True,0.2378816967957269,3.165381367035462,0.7647058823529411,1.09366177217436,1.0856383115027741,,,,,,,,,,,,,,,,,,,,,,,,,,,,,,,,0,,,,,,0.44743039393862505,7,,5,17,3,4,16,,,,,,,,,,,,,,,,,,,,,,,,2,,,,,,,,,,,
Sc2O3_x010,Sc2O3_x100_chain_Cl_x200_cLi24gaS16e_s01,Sc2O3+Clrich,Li_24g,S_16e,0.25,compound_set_chain,4,-0.9380347874278039,-0.1246303836569588,True,0.24048999723471964,3.1380407141546383,0.8235294117647058,4.410560377863011,1.1311140612345576,,,,,,,,,,,,,,,,,,,,,,,,,,,,,,,,0,,,,,,0.4726571783875767,5,,5,17,3,4,16,,,,,,,,,,,,,,,,,,,,,,,,2,,,,,,,,,,,
Sc2O3_x010,Sc2O3_x100_chain_Cl_x200_cLi24gaS16e_s02,Sc2O3+Clrich,Li_24g,S_16e,0.25,compound_set_chain,4,-0.9271484512032222,-0.07368737033430167,True,0.2507668261687695,3.139672217557756,0.8235294117647058,0.6816517327333499,1.070032946799714,,,,,,,,,,,,,,,,,,,,,,,,,,,,,,,,0,,,,,,0.4211631199446656,10,,5,17,3,4,16,,,,,,,,,,,,,,,,,,,,,,,,2,,,,,,,,,,,
Sc2O3_x010,Sc2O3_x100_chain_Cl_x200_cLi24gaS16e_s03,Sc2O3+Clrich,Li_24g,S_16e,0.25,compound_set_chain,4,-0.9461047145797812,-0.11922933276309128,True,0.3084196761847789,3.163828785581893,0.5882352941176471,2.088964269052904,1.1924697615641726,0.9953518492356437,0.08901973215614514,0.906745894215563,0.12064,,-981.7259430723361,-4.6441670662649654,-5.303542075998266,True,16.208492552416516,21.48912498228573,3.957009917445627,0.99972040702893,True,OK,26.639041613408036,19.462103255402262,46.95212567012579,0.7305857146755063,0.2062449020532474,,,,,,,,,,,,0,,,-0.9461047145797812,-0.9543857992938456,-981.7259430723358,0.7989089397673287,1,,5,17,3,4,16,,,,,,,,,,,,,,,,,,,,,,,,2,,,,,,,,,,,
Sc2O3_x010,Sc2O3_x100_chain_Cl_x200_cLi24gaS16e_s04,Sc2O3+Clrich,Li_24g,S_16e,0.25,compound_set_chain,4,-0.9425682330628504,-0.15990413960005795,True,0.27584207907847175,3.138646603478972,0.7647058823529411,0.5941939282762806,1.0560345394183224,,,,,,,,,,,,,,,,,,,,,,,,,,,,,,,,0,,,,,,0.49410107922463875,4,,5,17,3,4,16,,,,,,,,,,,,,,,,,,,,,,,,2,,,,,,,,,,,
Sc2O3_x010,Sc2O3_x100_chain_Cl_x200_cLi24gaS4a_s00,Sc2O3+Clrich,Li_24g,S_4a,0.25,compound_set_chain,4,-0.8698219753983114,0.0021502181037589044,True,0.5189361490704328,3.1666363776491666,0.5882352941176471,3.057060366403899,1.014579259214827,,,,,,,,,,,,,,,,,,,,,,,,,,,,,,,,0,,,,,,0.15,20,,5,17,3,4,16,,,,,,,,,,,,,,,,,,,,,,,,2,,,,,,,,,,,
Sc2O3_x010,Sc2O3_x100_chain_Cl_x200_cLi24gaS4a_s01,Sc2O3+Clrich,Li_24g,S_4a,0.25,compound_set_chain,4,-0.8739440054536907,-0.09901117153857664,True,0.41094200546449594,3.0194632116724356,0.5882352941176471,4.598882589128953,1.0437340624049518,,,,,,,,,,,,,,,,,,,,,,,,,,,,,,,,0,,,,,,0.16949784134866652,19,,5,17,3,4,16,,,,,,,,,,,,,,,,,,,,,,,,2,,,,,,,,,,,
Sc2O3_x010,Sc2O3_x100_chain_Cl_x200_cLi24gaS4a_s02,Sc2O3+Clrich,Li_24g,S_4a,0.25,compound_set_chain,4,-0.9209250060772511,-0.14876156566626003,True,0.375818537809588,3.1351697323376184,0.5882352941176471,1.1801339896195695,1.0874459440890263,,,,,,,,,,,,,,,,,,,,,,,,,,,,,,,,0,,,,,,0.39172525945406533,11,,5,17,3,4,16,,,,,,,,,,,,,,,,,,,,,,,,2,,,,,,,,,,,
Sc2O3_x010,Sc2O3_x100_chain_Cl_x200_cLi24gaS4a_s03,Sc2O3+Clrich,Li_24g,S_4a,0.25,compound_set_chain,4,-0.887190913632705,-0.13556412580647076,True,0.2840864069697529,3.047665192678509,0.7647058823529411,2.1143987329137057,1.0634025963847034,,,,,,,,,,,,,,,,,,,,,,,,,,,,,,,,0,,,,,,0.23215777118050035,17,,5,17,3,4,16,,,,,,,,,,,,,,,,,,,,,,,,2,,,,,,,,,,,
Sc2O3_x010,Sc2O3_x100_chain_Cl_x200_cLi24gaS4a_s04,Sc2O3+Clrich,Li_24g,S_4a,0.25,compound_set_chain,4,-0.928198308562429,-0.11800138147058545,True,0.3063660392403146,3.0867111808789782,0.35294117647058826,1.4069748601663148,1.065298618464046,0.9712600955348009,0.1600307911772539,0.8158285740074714,0.141184,,-972.3295677523048,-4.573073821159605,-5.037321738126814,True,15.22415375692309,21.402545107785475,12.777968058622172,0.9995237121470936,True,OK,28.380124081943556,19.965331054739934,48.51846278457583,0.7034969613625681,0.21506782561106444,,,,,,,,,,,,0,,,-0.928198308562429,-0.8832925541884853,-972.3295677523054,0.5137179265063261,3,,5,17,3,4,16,,,,,,,,,,,,,,,,,,,,,,,,2,,,,,,,,,,,
ScF3_x002,ScF3_x020_s00,ScF3,Li_24g,Cl_4d,0.25,compound_set,4,-0.6762262283390386,-0.14420481244638317,True,0.21226502618220738,2.9038817058100377,0.7619047619047619,0.18738623425922088,1.0538439134966684,,,,,,,,,,,,,,,,,,,,,,,,,,,,,,,,0,,,,,,0.325275401702647,4,,1,21,,4,20,,3,,,,,,,,,,,,,,,,,,,,,,1,,,,,,,,,,,
ScF3_x002,ScF3_x020_s01,ScF3,Li_24g,Cl_4d,0.25,compound_set,4,-0.6824486990957079,-0.15313714139222295,True,0.26664811064928445,2.9685216237670913,0.8571428571428571,1.8688787227551324,1.04585630880004,0.9566443503136681,0.1135830105620804,0.8479858049678362,0.156864,,-708.0485463121204,-4.43164037715068,-5.930468370659896,True,18.59434607415898,20.033737948499308,2.9947060978480606,0.9999168621336939,True,OK,21.5310312767492,19.931687970684354,45.69486121778205,0.9257191499325935,0.14628678928223052,,,,,,,,,,,,0,,,-0.6824486990957079,-0.741859029032137,-708.0485463121203,0.7000000000000001,1,,1,21,,4,20,,3,,,,,,,,,,,,,,,,,,,,,,1,,,,,,,,,,,
ScF3_x002,ScF3_x020_s02,ScF3,Li_24g,Cl_4d,0.25,compound_set,4,-0.6801968670411802,-0.14570223983164107,True,0.2728931356284826,2.9368570442927253,0.8095238095238095,0.9643580508344777,1.059450939151331,,,,,,,,,,,,,,,,,,,,,,,,,,,,,,,,0,,,,,,0.3479454078113519,2,,1,21,,4,20,,3,,,,,,,,,,,,,,,,,,,,,,1,,,,,,,,,,,
ScF3_x002,ScF3_x020_s03,ScF3,Li_24g,Cl_4d,0.25,compound_set,4,-0.6717992560774753,-0.17649711322318393,True,0.3751875484340981,2.854384304292629,0.5714285714285714,0.5005894963064007,1.1076045497228872,,,,,,,,,,,,,,,,,,,,,,,,,,,,,,,,0,,,,,,0.3,5,,1,21,,4,20,,3,,,,,,,,,,,,,,,,,,,,,,1,,,,,,,,,,,
ScF3_x002,ScF3_x020_s04,ScF3,Li_24g,Cl_4d,0.25,compound_set,4,-0.6774014042230605,-0.20814000288025655,True,0.40270695966588715,3.0606641398207883,0.8571428571428571,1.0139124481384683,1.079540939079362,,,,,,,,,,,,,,,,,,,,,,,,,,,,,,,,0,,,,,,0.3319849631782883,3,,1,21,,4,20,,3,,,,,,,,,,,,,,,,,,,,,,1,,,,,,,,,,,
ScF3_x005,ScF3_x050_s00,ScF3,Li_24g,Cl_4d,0.25,compound_set,4,-0.6762264131961335,-0.1442056201530424,True,0.21226286132273603,2.903881832447646,0.7619047619047619,0.1873930157682446,1.0538450009534892,,,,,,,,,,,,,,,,,,,,,,,,,,,,,,,,0,,,,,,0.3368878767780763,4,,1,21,,4,20,,3,,,,,,,,,,,,,,,,,,,,,,1,,,,,,,,,,,
ScF3_x005,ScF3_x050_s01,ScF3,Li_24g,Cl_4d,0.25,compound_set,4,-0.6822029977032877,-0.15284426781831903,True,0.2630568524072504,2.9678472393950885,0.8571428571428571,1.849063422201687,1.0453635248751956,0.9641756582225249,0.07356813166342631,0.8932430564517394,0.135488,,-686.0009080992575,-4.4095927340608165,-4.801323084096389,True,20.916203475283375,20.511646384358613,4.620629977185639,0.9967222862653864,True,OK,23.578784837159148,20.493439399982314,47.66966357383827,0.8691473942153939,0.16304693037224904,,,,,,,,,,,,0,,,-0.6822029977032877,-0.7198115076634095,-686.0009080992575,0.7000000000000001,1,,1,21,,4,20,,3,,,,,,,,,,,,,,,,,,,,,,1,,,,,,,,,,,
ScF3_x005,ScF3_x050_s02,ScF3,Li_24g,Cl_4d,0.25,compound_set,4,-0.6802009653204784,-0.14571999731505578,True,0.2728911452093928,2.9368128620070544,0.8095238095238095,0.965005328630628,1.0594642108216497,,,,,,,,,,,,,,,,,,,,,,,,,,,,,,,,0,,,,,,0.3700002992327444,2,,1,21,,4,20,,3,,,,,,,,,,,,,,,,,,,,,,1,,,,,,,,,,,
ScF3_x005,ScF3_x050_s03,ScF3,Li_24g,Cl_4d,0.25,compound_set,4,-0.6717986855295277,-0.17650864005635566,True,0.3751919036913193,2.854383835419291,0.5714285714285714,0.5008345586445191,1.1075949058445267,,,,,,,,,,,,,,,,,,,,,,,,,,,,,,,,0,,,,,,0.3,5,,1,21,,4,20,,3,,,,,,,,,,,,,,,,,,,,,,1,,,,,,,,,,,
ScF3_x005,ScF3_x050_s04,ScF3,Li_24g,Cl_4d,0.25,compound_set,4,-0.6775241226163469,-0.2081174137207045,True,0.4026890558372125,3.0595921786519233,0.8571428571428571,1.0084780242558633,1.079528328908225,,,,,,,,,,,,,,,,,,,,,,,,,,,,,,,,0,,,,,,0.34769923393258584,3,,1,21,,4,20,,3,,,,,,,,,,,,,,,,,,,,,,1,,,,,,,,,,,
ScF3_x010,ScF3_x100_s00,ScF3,Li_24g,Cl_4d,0.25,compound_set,4,-0.6762264777796974,-0.1442042836441402,True,0.21226704044734396,2.9038808101667817,0.7619047619047619,0.18738190955853368,1.0538442211516246,,,,,,,,,,,,,,,,,,,,,,,,,,,,,,,,0,,,,,,0.3414410884998668,4,,1,21,,4,20,,3,,,,,,,,,,,,,,,,,,,,,,1,,,,,,,,,,,
ScF3_x010,ScF3_x100_s01,ScF3,Li_24g,Cl_4d,0.25,compound_set,4,-0.6826908130624485,-0.1536141739057193,True,0.271266465957448,2.9694105987558777,0.8571428571428571,1.902930367733686,1.0469188980033755,0.9920929582673969,0.09667799971201661,0.8961793955337277,0.135936,,-680.7255897353082,-4.404317428949587,-0.3754972541820088,True,17.3740240696041,21.576307555491113,3.643068255880121,0.9999819359179333,True,OK,23.55967351131397,19.71455518357104,46.244617703529634,0.8367923763503596,0.17285470742112394,,,,,,,,,,,,0,,,-0.6826908130624485,-0.7145362551552843,-680.725589735308,0.7000000000000001,1,,1,21,,4,20,,3,,,,,,,,,,,,,,,,,,,,,,1,,,,,,,,,,,
ScF3_x010,ScF3_x100_s02,ScF3,Li_24g,Cl_4d,0.25,compound_set,4,-0.680200838004656,-0.14572064037666416,True,0.2728904991935534,2.936807562752532,0.8095238095238095,0.965042311431092,1.0594670457447684,,,,,,,,,,,,,,,,,,,,,,,,,,,,,,,,0,,,,,,0.3786389626143408,2,,1,21,,4,20,,3,,,,,,,,,,,,,,,,,,,,,,1,,,,,,,,,,,
ScF3_x010,ScF3_x100_s03,ScF3,Li_24g,Cl_4d,0.25,compound_set,4,-0.6717987566334296,-0.1765098758527919,True,0.3751943637845799,2.854387507840989,0.5714285714285714,0.5008561599381689,1.1075939008378202,,,,,,,,,,,,,,,,,,,,,,,,,,,,,,,,0,,,,,,0.3,5,,1,21,,4,20,,3,,,,,,,,,,,,,,,,,,,,,,1,,,,,,,,,,,
ScF3_x010,ScF3_x100_s04,ScF3,Li_24g,Cl_4d,0.25,compound_set,4,-0.6773799394000104,-0.2081531555069646,True,0.4025431661305184,3.060811158785371,0.8571428571428571,1.0167071441060014,1.079543013328805,,,,,,,,,,,,,,,,,,,,,,,,,,,,,,,,0,,,,,,0.35223686888203587,3,,1,21,,4,20,,3,,,,,,,,,,,,,,,,,,,,,,1,,,,,,,,,,,
SiO2_x002,SiO2_x020_cP4baS16e_s00,SiO2,P_4b,S_16e,0.25,compound_set,4,-0.5821199894089393,-0.2529345628362063,True,0.1195103423379011,2.8951163382374125,0.56,3.5911119024285103,1.0817411798390577,,,,,,,,,,,,,,,,,,,,,,,,,,,,,,,,0,,,,,,0.5253507282318867,3,,4,25,2,3,18,,,,,,,,,,,,,,,,,,,,,,,,,1,,,,,,,,,,
SiO2_x002,SiO2_x020_cP4baS16e_s01,SiO2,P_4b,S_16e,0.25,compound_set,4,-0.5638860164574657,-0.17742673440200749,True,0.14053200466177163,2.8968512468067233,0.68,0.7313714202889742,1.0937896859697862,,,,,,,,,,,,,,,,,,,,,,,,,,,,,,,,0,,,,,,0.4492973266659007,4,,4,25,2,3,18,,,,,,,,,,,,,,,,,,,,,,,,,1,,,,,,,,,,
SiO2_x002,SiO2_x020_cP4baS16e_s02,SiO2,P_4b,S_16e,0.25,compound_set,4,-0.5471803358778198,-0.19343426457326685,True,0.16716246437133755,2.867515715733377,0.6,1.0474146637412223,1.1699690434297112,,,,,,,,,,,,,,,,,,,,,,,,,,,,,,,,0,,,,,,0.37961839070728237,5,,4,25,2,3,18,,,,,,,,,,,,,,,,,,,,,,,,,1,,,,,,,,,,
SiO2_x002,SiO2_x020_cP4baS16e_s03,SiO2,P_4b,S_16e,0.25,compound_set,4,-0.5448892222420092,-0.18640068037634347,True,0.14250166670590797,3.0286640263621205,0.52,0.9690263749308924,1.0339692644280898,,,,,,,,,,,,,,,,,,,,,,,,,,,,,,,,0,,,,,,0.37006221850930143,8,,4,25,2,3,18,,,,,,,,,,,,,,,,,,,,,,,,,1,,,,,,,,,,
SiO2_x002,SiO2_x020_cP4baS16e_s04,SiO2,P_4b,S_16e,0.25,compound_set,4,-0.5716529644718022,-0.22732118868972592,True,0.16047860088445642,2.864333227861774,0.52,0.6319639489063132,1.0782496452756138,0.9887749822670412,0.09392845023620178,0.8959008805503701,0.157696,,-826.8919536147363,-4.27363624808324,-4.237606495209611,True,,,,0.9986514031736815,False,"r2=0.9987 / V0 / B0'=-51.63 unphysical (need r2>=0.95, 0<B0'<15)",23.467266652044238,18.465921421117308,43.8866019882436,0.7868799419598677,0.18831335267287694,,,,,,,,,,,,0,,,-0.5716529644718022,-0.5838549038385681,-826.8919536147363,0.5325870087808562,2,,4,25,2,3,18,,,,,,,,,,,,,,,,,,,,,,,,,1,,,,,,,,,,
SiO2_x002,SiO2_x020_cP4baS4a_s00,SiO2,P_4b,S_4a,0.25,compound_set,4,-0.5458416978312783,-0.24352834130312837,True,0.19159366710916395,2.8791781787783095,0.48,1.6251914617927128,1.1324703317483438,,,,,,,,,,,,,,,,,,,,,,,,,,,,,,,,0,,,,,,0.37403496809411585,7,,4,25,2,3,18,,,,,,,,,,,,,,,,,,,,,,,,,1,,,,,,,,,,
SiO2_x002,SiO2_x020_cP4baS4a_s01,SiO2,P_4b,S_4a,0.25,compound_set,4,-0.49212881366964023,-0.1287116703767056,True,0.14646464515371957,2.963258216824104,0.4,0.9516973909001089,1.0515184096580283,,,,,,,,,,,,,,,,,,,,,,,,,,,,,,,,0,,,,,,0.15,10,,4,25,2,3,18,,,,,,,,,,,,,,,,,,,,,,,,,1,,,,,,,,,,
SiO2_x002,SiO2_x020_cP4baS4a_s02,SiO2,P_4b,S_4a,0.25,compound_set,4,-0.5214743442442904,-0.22486495286628536,True,0.24423597110509754,2.8313768425357595,0.64,2.0652734938830344,1.1287658193744585,,,,,,,,,,,,,,,,,,,,,,,,,,,,,,,,0,,,,,,0.2723994039532907,9,,4,25,2,3,18,,,,,,,,,,,,,,,,,,,,,,,,,1,,,,,,,,,,
SiO2_x002,SiO2_x020_cP4baS4a_s03,SiO2,P_4b,S_4a,0.25,compound_set,4,-0.5469677777516804,-0.23112992189994708,True,0.23889555322906986,2.8896488339506536,0.48,2.1271186239908144,1.0487556187798721,,,,,,,,,,,,,,,,,,,,,,,,,,,,,,,,0,,,,,,0.37873181658729127,6,,4,25,2,3,18,,,,,,,,,,,,,,,,,,,,,,,,,1,,,,,,,,,,
SiO2_x002,SiO2_x020_cP4baS4a_s04,SiO2,P_4b,S_4a,0.25,compound_set,4,-0.5499949885665334,-0.20403359436663931,True,0.24522379948358347,2.8670559262551545,0.48,1.6943998541327603,1.1098828021556415,1.0032876891816622,0.11081065793400335,0.8862659638856369,0.131776,,-858.500320321428,-4.277811051633856,-6.393281434730165,True,21.472550053390215,18.84443408033466,7.368677334798797,0.9993315341314031,True,OK,26.786326060906696,21.636263466790098,51.139680511509006,0.8077353877345331,0.18180481093706977,,,,,,,,,,,,0,,,-0.5499949885665334,-0.5880297073891843,-858.5003203214279,0.85,1,,4,25,2,3,18,,,,,,,,,,,,,,,,,,,,,,,,,1,,,,,,,,,,
SiO2_x005,SiO2_x050_cP4baS16e_s00,SiO2,P_4b,S_16e,0.25,compound_set,4,-0.5821828399585969,-0.25374858507799275,True,0.12427395494100905,2.890798646003751,0.56,3.5635939928350986,1.0816489662361066,,,,,,,,,,,,,,,,,,,,,,,,,,,,,,,,0,,,,,,0.47988450081421785,3,,4,25,2,3,18,,,,,,,,,,,,,,,,,,,,,,,,,1,,,,,,,,,,
SiO2_x005,SiO2_x050_cP4baS16e_s01,SiO2,P_4b,S_16e,0.25,compound_set,4,-0.5638930142437162,-0.1774466035019514,True,0.1405780302688287,2.8969071972744422,0.68,0.7317866924779526,1.093838539570648,,,,,,,,,,,,,,,,,,,,,,,,,,,,,,,,0,,,,,,0.4128845677960291,4,,4,25,2,3,18,,,,,,,,,,,,,,,,,,,,,,,,,1,,,,,,,,,,
SiO2_x005,SiO2_x050_cP4baS16e_s02,SiO2,P_4b,S_16e,0.25,compound_set,4,-0.5471802250050648,-0.19343431286134136,True,0.16716011411198559,2.8675124659304627,0.6,1.0474243622679957,1.1699669850639256,,,,,,,,,,,,,,,,,,,,,,,,,,,,,,,,0,,,,,,0.35166169027972183,5,,4,25,2,3,18,,,,,,,,,,,,,,,,,,,,,,,,,1,,,,,,,,,,
SiO2_x005,SiO2_x050_cP4baS16e_s03,SiO2,P_4b,S_16e,0.25,compound_set,4,-0.5448754252602712,-0.18638885058129273,True,0.14255233064594955,3.028750026025545,0.52,0.9686105741682539,1.0339653503556265,,,,,,,,,,,,,,,,,,,,,,,,,,,,,,,,0,,,,,,0.3432186667687941,8,,4,25,2,3,18,,,,,,,,,,,,,,,,,,,,,,,,,1,,,,,,,,,,
SiO2_x005,SiO2_x050_cP4baS16e_s04,SiO2,P_4b,S_16e,0.25,compound_set,4,-0.5718231509014333,-0.22761867098935062,True,0.16218694365757508,2.8636080588838677,0.52,0.6461141073217147,1.0783779542161858,0.9942332527644325,0.09139382585641471,0.9033664720006231,0.157056,,-829.2596954279693,-4.276004008300251,-4.904198525170436,True,19.0294319067285,19.051810380077484,3.342484834868961,0.9999692160218308,True,OK,21.267119036189076,15.17899462480838,36.78536884245771,0.7137306467782085,0.2117195424239794,,,,,,,,,,,,0,,,-0.5718231509014333,-0.5862227886311477,-829.2596954279694,0.4946837829220624,2,,4,25,2,3,18,,,,,,,,,,,,,,,,,,,,,,,,,1,,,,,,,,,,
SiO2_x005,SiO2_x050_cP4baS4a_s00,SiO2,P_4b,S_4a,0.25,compound_set,4,-0.5458037918513292,-0.24337660904486297,True,0.19156000956801486,2.8789820888338706,0.48,1.6212920313402108,1.1323485843390422,,,,,,,,,,,,,,,,,,,,,,,,,,,,,,,,0,,,,,,0.3466194919262806,7,,4,25,2,3,18,,,,,,,,,,,,,,,,,,,,,,,,,1,,,,,,,,,,
SiO2_x005,SiO2_x050_cP4baS4a_s01,SiO2,P_4b,S_4a,0.25,compound_set,4,-0.492130062976051,-0.12871851563698508,True,0.14646000592430888,2.9632596549433634,0.4,0.9517104618152344,1.0515260121610661,,,,,,,,,,,,,,,,,,,,,,,,,,,,,,,,0,,,,,,0.15,10,,4,25,2,3,18,,,,,,,,,,,,,,,,,,,,,,,,,1,,,,,,,,,,
SiO2_x005,SiO2_x050_cP4baS4a_s02,SiO2,P_4b,S_4a,0.25,compound_set,4,-0.5238312156264402,-0.23185569708902168,True,0.24888852775886602,2.8287197922081826,0.64,2.1500649231470153,1.1350755987949377,,,,,,,,,,,,,,,,,,,,,,,,,,,,,,,,0,,,,,,0.2661287776759609,9,,4,25,2,3,18,,,,,,,,,,,,,,,,,,,,,,,,,1,,,,,,,,,,
SiO2_x005,SiO2_x050_cP4baS4a_s03,SiO2,P_4b,S_4a,0.25,compound_set,4,-0.5469866697791441,-0.23117813492357547,True,0.23951436777769544,2.8899134463109863,0.48,2.1250440376952593,1.0486855276358151,,,,,,,,,,,,,,,,,,,,,,,,,,,,,,,,0,,,,,,0.35095265196660896,6,,4,25,2,3,18,,,,,,,,,,,,,,,,,,,,,,,,,1,,,,,,,,,,
SiO2_x005,SiO2_x050_cP4baS4a_s04,SiO2,P_4b,S_4a,0.25,compound_set,4,-0.5500241180951755,-0.20422177155840046,True,0.2451911306220533,2.867120760178907,0.48,1.6958248834414025,1.1101661579802011,0.9739079186538411,0.10830639698690227,0.8684274609874305,0.130368,,-871.7936268340312,-4.291104381151181,-6.9845285638283485,True,13.365225254478203,16.787964010416058,9.807251454122007,0.952862313725863,True,OK,32.16281251315959,24.152093239381703,57.950617216219136,0.7509322522556056,0.19970175342248475,,,,,,,,,,,,0,,,-0.5500241180951755,-0.6013231614820778,-871.7936268340308,0.85,1,,4,25,2,3,18,,,,,,,,,,,,,,,,,,,,,,,,,1,,,,,,,,,,
SiO2_x010,SiO2_x100_cP4baS16e_s00,SiO2,P_4b,S_16e,0.25,compound_set,4,-0.5820943245991002,-0.25288505765804775,True,0.11992356512135352,2.895063425383004,0.56,3.59608492136261,1.0818675768279382,,,,,,,,,,,,,,,,,,,,,,,,,,,,,,,,0,,,,,,0.55,2,,4,25,2,3,18,,,,,,,,,,,,,,,,,,,,,,,,,1,,,,,,,,,,
SiO2_x010,SiO2_x100_cP4baS16e_s01,SiO2,P_4b,S_16e,0.25,compound_set,4,-0.5638458481708852,-0.17730551607269115,True,0.14043265439060681,2.8967618735163088,0.68,0.7251195749028734,1.0929957932215368,,,,,,,,,,,,,,,,,,,,,,,,,,,,,,,,0,,,,,,0.46886484395578976,4,,4,25,2,3,18,,,,,,,,,,,,,,,,,,,,,,,,,1,,,,,,,,,,
SiO2_x010,SiO2_x100_cP4baS16e_s02,SiO2,P_4b,S_16e,0.25,compound_set,4,-0.5471802295636916,-0.19343482894635503,True,0.1671592491152025,2.8675126615666047,0.6,1.0473511905168233,1.169970156429262,,,,,,,,,,,,,,,,,,,,,,,,,,,,,,,,0,,,,,,0.39476728454653986,5,,4,25,2,3,18,,,,,,,,,,,,,,,,,,,,,,,,,1,,,,,,,,,,
SiO2_x010,SiO2_x100_cP4baS16e_s03,SiO2,P_4b,S_16e,0.25,compound_set,4,-0.5448686014674253,-0.18638211598316937,True,0.14257984658945125,3.028792931975502,0.52,0.9683734525845461,1.033958232101074,,,,,,,,,,,,,,,,,,,,,,,,,,,,,,,,0,,,,,,0.38448947822969265,8,,4,25,2,3,18,,,,,,,,,,,,,,,,,,,,,,,,,1,,,,,,,,,,
SiO2_x010,SiO2_x100_cP4baS16e_s04,SiO2,P_4b,S_16e,0.25,compound_set,4,-0.5716120525325916,-0.22724968467487897,True,0.1603451685771908,2.8646939775617972,0.52,0.62819999835835,1.0782061624425483,1.0136146651137015,0.14925160853988972,0.8391657370143607,0.140992,,-823.5202903033036,-4.270264602175379,-6.240129742746451,True,23.148301359823783,18.88015311914952,4.325290014248416,0.999984889869148,True,OK,27.586876077306165,21.550929942687496,51.29542302646991,0.7812022601724002,0.19009767009787698,,,,,,,,,,,,0,,,-0.5716120525325916,-0.5804832238814113,-823.520290303303,0.8428368316858214,1,,4,25,2,3,18,,,,,,,,,,,,,,,,,,,,,,,,,1,,,,,,,,,,
SiO2_x010,SiO2_x100_cP4baS4a_s00,SiO2,P_4b,S_4a,0.25,compound_set,4,-0.5458178249892294,-0.24338868848846495,True,0.1913329349346905,2.8792764019583585,0.48,1.6186910799700271,1.1324126166470605,,,,,,,,,,,,,,,,,,,,,,,,,,,,,,,,0,,,,,,0.3887098523998523,7,,4,25,2,3,18,,,,,,,,,,,,,,,,,,,,,,,,,1,,,,,,,,,,
SiO2_x010,SiO2_x100_cP4baS4a_s01,SiO2,P_4b,S_4a,0.25,compound_set,4,-0.49212850796458785,-0.128710245954221,True,0.14646774454403969,2.9632575297028536,0.4,0.9517340562666401,1.0515191869192277,,,,,,,,,,,,,,,,,,,,,,,,,,,,,,,,0,,,,,,0.15,10,,4,25,2,3,18,,,,,,,,,,,,,,,,,,,,,,,,,1,,,,,,,,,,
SiO2_x010,SiO2_x100_cP4baS4a_s02,SiO2,P_4b,S_4a,0.25,compound_set,4,-0.5237946520296974,-0.23156727289984005,True,0.2487553540179325,2.828894610910932,0.64,2.147242734969415,1.135028843146111,,,,,,,,,,,,,,,,,,,,,,,,,,,,,,,,0,,,,,,0.2907918929642082,9,,4,25,2,3,18,,,,,,,,,,,,,,,,,,,,,,,,,1,,,,,,,,,,
SiO2_x010,SiO2_x100_cP4baS4a_s03,SiO2,P_4b,S_4a,0.25,compound_set,4,-0.5469467752987596,-0.23104314252925534,True,0.2396683480732671,2.8896684981128264,0.48,2.120491265285913,1.0486173648901602,,,,,,,,,,,,,,,,,,,,,,,,,,,,,,,,0,,,,,,0.3937293157994526,6,,4,25,2,3,18,,,,,,,,,,,,,,,,,,,,,,,,,1,,,,,,,,,,
SiO2_x010,SiO2_x100_cP4baS4a_s04,SiO2,P_4b,S_4a,0.25,compound_set,4,-0.5499539289970228,-0.20382473051878205,True,0.24532823101846454,2.867120927325278,0.48,1.6947638167207895,1.1097212444739333,0.9856517302300634,0.10955864905357726,0.8776650582287366,0.130688,,-850.9241350098654,-4.2702349085309566,-4.449670554441827,True,21.19881262887239,19.15982689910818,3.137890464281628,0.9999236528400853,True,OK,25.4638968003657,18.752635185807428,45.16965649234977,0.7364401188406525,0.2043549091845919,,,,,,,,,,,,0,,,-0.5499539289970228,-0.5804535302369889,-850.9241350098655,0.5427048097889133,3,,4,25,2,3,18,,,,,,,,,,,,,,,,,,,,,,,,,1,,,,,,,,,,
Sm2O3_x002,Sm2O3_x020_cLi24gaS16e_s00,Sm2O3,Li_24g,S_16e,0.25,compound_set,4,-0.8938336481652001,-0.1731035478997375,True,0.22959118466687065,3.034752345742334,0.7777777777777778,2.059804759021799,1.0898307008869537,,,,,,,,,,,,,,,,,,,,,,,,,,,,,,,,0,,,,,,0.43957611320199086,7,,4,18,3,4,17,,,,,,,,,,,,,,,,,,,,,,,,,,2,,,,,,,,,
Sm2O3_x002,Sm2O3_x020_cLi24gaS16e_s01,Sm2O3,Li_24g,S_16e,0.25,compound_set,4,-0.9002803137774529,-0.21661292208143496,True,0.3282716900610463,3.1748414975689663,0.7222222222222222,1.2473449649984534,1.0417457577842295,,,,,,,,,,,,,,,,,,,,,,,,,,,,,,,,0,,,,,,0.464156763194397,6,,4,18,3,4,17,,,,,,,,,,,,,,,,,,,,,,,,,,2,,,,,,,,,
Sm2O3_x002,Sm2O3_x020_cLi24gaS16e_s02,Sm2O3,Li_24g,S_16e,0.25,compound_set,4,-0.8838804879339128,-0.08085658042880225,True,0.22545959806154725,2.9573612870447303,0.7222222222222222,0.34678789652398323,1.056442361789279,,,,,,,,,,,,,,,,,,,,,,,,,,,,,,,,0,,,,,,0.40162546356714635,9,,4,18,3,4,17,,,,,,,,,,,,,,,,,,,,,,,,,,2,,,,,,,,,
Sm2O3_x002,Sm2O3_x020_cLi24gaS16e_s03,Sm2O3,Li_24g,S_16e,0.25,compound_set,4,-0.9227940651603546,-0.18368130138147173,True,0.26718992461281244,3.1733936173168056,0.6111111111111112,1.394511958331107,1.1186332133489099,,,,,,,,,,,,,,,,,,,,,,,,,,,,,,,,0,,,,,,0.55,4,,4,18,3,4,17,,,,,,,,,,,,,,,,,,,,,,,,,,2,,,,,,,,,
Sm2O3_x002,Sm2O3_x020_cLi24gaS16e_s04,Sm2O3,Li_24g,S_16e,0.25,compound_set,4,-0.9229835830878552,-0.20777063872083656,True,0.11324009987404589,2.9769787874786897,0.8333333333333334,1.0996593359283944,1.1491108125492173,0.9876007936369745,0.09836530355262178,0.8904551417820634,0.138304,,-923.4929897973997,-4.552651789651475,-4.16325518587205,True,,,,0.9305740652683965,False,"r2=0.9306 / V0 / B0'=6.09 unphysical (need r2>=0.95, 0<B0'<15)",25.589303619920763,18.44031443342073,44.6061590884057,0.7206258797549033,0.20947392869729703,,,,,,,,,,,,0,,,-0.9229835830878552,-0.8628705616229637,-923.4929897974,0.603061870572477,3,,4,18,3,4,17,,,,,,,,,,,,,,,,,,,,,,,,,,2,,,,,,,,,
Sm2O3_x002,Sm2O3_x020_cLi24gaS4a_s00,Sm2O3,Li_24g,S_4a,0.25,compound_set,4,-0.8376716275992124,-0.15576776907713633,True,0.32463024002320673,2.917600886968465,0.6111111111111112,0.8337806339597884,1.0619687125736195,,,,,,,,,,,,,,,,,,,,,,,,,,,,,,,,0,,,,,,0.22543456260333414,14,,4,18,3,4,17,,,,,,,,,,,,,,,,,,,,,,,,,,2,,,,,,,,,
Sm2O3_x002,Sm2O3_x020_cLi24gaS4a_s01,Sm2O3,Li_24g,S_4a,0.25,compound_set,4,-0.8225459360403291,-0.05617554553679079,True,0.38401467694957303,3.0380695102680484,0.6111111111111112,1.6004458154333623,1.0115124446328743,,,,,,,,,,,,,,,,,,,,,,,,,,,,,,,,0,,,,,,0.1677614409518334,19,,4,18,3,4,17,,,,,,,,,,,,,,,,,,,,,,,,,,2,,,,,,,,,
Sm2O3_x002,Sm2O3_x020_cLi24gaS4a_s02,Sm2O3,Li_24g,S_4a,0.25,compound_set,4,-0.831933944517568,-0.12793975459018989,True,0.24853281585668233,3.068027264439913,0.6666666666666666,1.134528667167898,1.1165852916899037,,,,,,,,,,,,,,,,,,,,,,,,,,,,,,,,0,,,,,,0.2035572095529148,16,,4,18,3,4,17,,,,,,,,,,,,,,,,,,,,,,,,,,2,,,,,,,,,
Sm2O3_x002,Sm2O3_x020_cLi24gaS4a_s03,Sm2O3,Li_24g,S_4a,0.25,compound_set,4,-0.8506355375095231,-0.13636418639665177,True,0.31697365254286197,2.9837461457770793,0.6111111111111112,3.0944259652661437,1.1632823056445762,0.963469120015455,0.08694368986587951,0.8797015596494795,0.15168,,-1042.6887904028515,-4.556519223978063,-3.7024888716528515,True,15.915023677417967,21.406414698924632,7.670937630043196,0.9994924705574009,True,OK,23.498459309834708,19.270048854778956,45.39997498153153,0.8200558428404685,0.17799325065728544,,,,,,,,,,,,0,,,-0.8506355375095231,-0.8667379959495523,-1042.6887904028517,0.636262433931436,2,,4,18,3,4,17,,,,,,,,,,,,,,,,,,,,,,,,,,2,,,,,,,,,
Sm2O3_x002,Sm2O3_x020_cLi24gaS4a_s04,Sm2O3,Li_24g,S_4a,0.25,compound_set,4,-0.8251665831804877,-0.112264627323853,True,0.21288976682874258,3.11778587853499,0.5,1.03633432893635,1.0825321238611687,,,,,,,,,,,,,,,,,,,,,,,,,,,,,,,,0,,,,,,0.17775377093764896,18,,4,18,3,4,17,,,,,,,,,,,,,,,,,,,,,,,,,,2,,,,,,,,,
Sm2O3_x002,Sm2O3_x020_chain_Cl_x200_cLi24gaS16e_s00,Sm2O3+Clrich,Li_24g,S_16e,0.25,compound_set_chain,4,-0.8636330357810649,-0.07129783747488716,True,0.30392903528756665,3.0536143269782006,0.5294117647058824,0.8060433938237219,1.0815273061200954,,,,,,,,,,,,,,,,,,,,,,,,,,,,,,,,0,,,,,,0.32442345487893337,10,,5,17,3,4,16,,,,,,,,,,,,,,,,,,,,,,,,,,2,,,,,,,,,
Sm2O3_x002,Sm2O3_x020_chain_Cl_x200_cLi24gaS16e_s01,Sm2O3+Clrich,Li_24g,S_16e,0.25,compound_set_chain,4,-0.9050246806957518,-0.1814806837045654,True,0.25094582223724987,3.0554765624777818,0.5882352941176471,2.131299685916753,1.0612572139101497,0.9694746462111794,0.13973012024587073,0.8340098373207683,0.13952,,-962.9585081164463,-4.604427629912056,-5.224628683426597,True,16.162835777702536,21.404840691918785,6.871411796648236,0.999872127179051,True,OK,23.433445687443637,18.26119606366675,43.487331117359346,0.7792791682126227,0.1907032531095701,,,,,,,,,,,,0,,,-0.9050246806957518,-0.914646401883545,-962.9585081164466,0.7744691622056672,1,,5,17,3,4,16,,,,,,,,,,,,,,,,,,,,,,,,,,2,,,,,,,,,
Sm2O3_x002,Sm2O3_x020_chain_Cl_x200_cLi24gaS16e_s02,Sm2O3+Clrich,Li_24g,S_16e,0.25,compound_set_chain,4,-0.9041492276095204,-0.16805074418212526,True,0.2718989514413167,3.0574985196125732,0.8235294117647058,1.4969834176929167,1.1360924333146605,,,,,,,,,,,,,,,,,,,,,,,,,,,,,,,,0,,,,,,0.47890863997486466,5,,5,17,3,4,16,,,,,,,,,,,,,,,,,,,,,,,,,,2,,,,,,,,,
Sm2O3_x002,Sm2O3_x020_chain_Cl_x200_cLi24gaS16e_s03,Sm2O3+Clrich,Li_24g,S_16e,0.25,compound_set_chain,4,-0.8606937497441032,-0.015336561261496693,True,0.31206868697590195,3.2171136552054618,0.7058823529411765,2.209954579778467,1.0622537492250563,,,,,,,,,,,,,,,,,,,,,,,,,,,,,,,,0,,,,,,0.3132161788004593,11,,5,17,3,4,16,,,,,,,,,,,,,,,,,,,,,,,,,,2,,,,,,,,,
Sm2O3_x002,Sm2O3_x020_chain_Cl_x200_cLi24gaS16e_s04,Sm2O3+Clrich,Li_24g,S_16e,0.25,compound_set_chain,4,-0.8841169833939992,-0.09601174014441162,True,0.256671665483841,3.114743417829899,0.7058823529411765,0.876195188598734,1.0225129952849699,,,,,,,,,,,,,,,,,,,,,,,,,,,,,,,,0,,,,,,0.4025272029280538,8,,5,17,3,4,16,,,,,,,,,,,,,,,,,,,,,,,,,,2,,,,,,,,,
Sm2O3_x002,Sm2O3_x020_chain_Cl_x200_cLi24gaS4a_s00,Sm2O3+Clrich,Li_24g,S_4a,0.25,compound_set_chain,4,-0.8178877162355795,-0.039821073942418815,True,0.3614216324773704,3.105200970613165,0.5882352941176471,1.8187801722627803,1.023421504557582,,,,,,,,,,,,,,,,,,,,,,,,,,,,,,,,0,,,,,,0.15,20,,5,17,3,4,16,,,,,,,,,,,,,,,,,,,,,,,,,,2,,,,,,,,,
Sm2O3_x002,Sm2O3_x020_chain_Cl_x200_cLi24gaS4a_s01,Sm2O3+Clrich,Li_24g,S_4a,0.25,compound_set_chain,4,-0.852166665728618,-0.13651531590909852,True,0.31223462687380665,2.951719736772114,0.7058823529411765,3.9437509871971663,1.0374292096499844,0.9960012710138839,0.11112906151305285,0.8853165845003031,0.138304,,-1026.7069382134155,-4.535233887356299,-2.247384521278668,True,13.02377976383374,22.521531591874066,8.539850763764218,0.9989335069608137,True,OK,22.186332979691677,12.937209851427152,32.495426506878005,0.583116185233011,0.2558900597601927,,,,,,,,,,,,0,,,-0.852166665728618,-0.8454526593277882,-1026.7069382134152,0.2551030500050083,12,,5,17,3,4,16,,,,,,,,,,,,,,,,,,,,,,,,,,2,,,,,,,,,
Sm2O3_x002,Sm2O3_x020_chain_Cl_x200_cLi24gaS4a_s02,Sm2O3+Clrich,Li_24g,S_4a,0.25,compound_set_chain,4,-0.8445821170228647,-0.14259937184383148,True,0.2188142865704883,2.9250459045557387,0.5882352941176471,1.7405266894420377,1.0614420780736857,,,,,,,,,,,,,,,,,,,,,,,,,,,,,,,,0,,,,,,0.2517837378228722,13,,5,17,3,4,16,,,,,,,,,,,,,,,,,,,,,,,,,,2,,,,,,,,,
Sm2O3_x002,Sm2O3_x020_chain_Cl_x200_cLi24gaS4a_s03,Sm2O3+Clrich,Li_24g,S_4a,0.25,compound_set_chain,4,-0.8355784631084133,-0.18251409611558073,True,0.42645944534140245,2.9633299088856084,0.7058823529411765,0.6665927063556756,1.0533183345289552,,,,,,,,,,,,,,,,,,,,,,,,,,,,,,,,0,,,,,,0.21745348419481933,15,,5,17,3,4,16,,,,,,,,,,,,,,,,,,,,,,,,,,2,,,,,,,,,
Sm2O3_x002,Sm2O3_x020_chain_Cl_x200_cLi24gaS4a_s04,Sm2O3+Clrich,Li_24g,S_4a,0.25,compound_set_chain,4,-0.8303717817770759,-0.13162393913544476,True,0.3789533651415255,3.016615392846941,0.5294117647058824,1.046679775979535,1.104461589615795,,,,,,,,,,,,,,,,,,,,,,,,,,,,,,,,0,,,,,,0.19760080078832337,17,,5,17,3,4,16,,,,,,,,,,,,,,,,,,,,,,,,,,2,,,,,,,,,
Sm2O3_x005,Sm2O3_x050_cLi24gaS16e_s00,Sm2O3,Li_24g,S_16e,0.25,compound_set,4,-0.8941189836535686,-0.1739415965994942,True,0.22971763063554593,3.034535474798416,0.7777777777777778,2.113946815776255,1.0916839968967842,,,,,,,,,,,,,,,,,,,,,,,,,,,,,,,,0,,,,,,0.4444213326821683,6,,4,18,3,4,17,,,,,,,,,,,,,,,,,,,,,,,,,,2,,,,,,,,,
Sm2O3_x005,Sm2O3_x050_cLi24gaS16e_s01,Sm2O3,Li_24g,S_16e,0.25,compound_set,4,-0.9002456904474472,-0.21641394010321133,True,0.32813846323975643,3.1753482495804515,0.7222222222222222,1.241670088866066,1.0416141223677202,,,,,,,,,,,,,,,,,,,,,,,,,,,,,,,,0,,,,,,0.4669792210139243,4,,4,18,3,4,17,,,,,,,,,,,,,,,,,,,,,,,,,,2,,,,,,,,,
Sm2O3_x005,Sm2O3_x050_cLi24gaS16e_s02,Sm2O3,Li_24g,S_16e,0.25,compound_set,4,-0.8838393479101483,-0.08087450302251004,True,0.2252673474169199,2.9582457957029304,0.7222222222222222,0.3457533077367579,1.0563731560408134,,,,,,,,,,,,,,,,,,,,,,,,,,,,,,,,0,,,,,,0.40657279789951994,8,,4,18,3,4,17,,,,,,,,,,,,,,,,,,,,,,,,,,2,,,,,,,,,
Sm2O3_x005,Sm2O3_x050_cLi24gaS16e_s03,Sm2O3,Li_24g,S_16e,0.25,compound_set,4,-0.9227940763232225,-0.18368215869500215,True,0.2671918504285044,3.173390538126017,0.6111111111111112,1.394577496467258,1.1186343890158463,,,,,,,,,,,,,,,,,,,,,,,,,,,,,,,,0,,,,,,0.55,2,,4,18,3,4,17,,,,,,,,,,,,,,,,,,,,,,,,,,2,,,,,,,,,
Sm2O3_x005,Sm2O3_x050_cLi24gaS16e_s04,Sm2O3,Li_24g,S_16e,0.25,compound_set,4,-0.9228580317413129,-0.2075168632094969,True,0.11332607679053062,2.9769384925963833,0.8333333333333334,1.0929647106333806,1.1487754820841645,0.9604533117538734,0.08804594370180382,0.8758892935389808,0.136768,,-948.2127790725899,-4.577371574509091,-8.073333044265484,True,17.8657170164584,20.37339901682493,14.020987526525358,0.9952820923858562,True,OK,28.583503585685776,19.727797200790896,48.11421567614164,0.690181213847777,0.21945230849728908,,,,,,,,,,,,0,,,-0.9228580317413129,-0.8875904669783883,-948.2127790725898,0.6156077249425513,1,,4,18,3,4,17,,,,,,,,,,,,,,,,,,,,,,,,,,2,,,,,,,,,
Sm2O3_x005,Sm2O3_x050_cLi24gaS4a_s00,Sm2O3,Li_24g,S_4a,0.25,compound_set,4,-0.8376658127559149,-0.1557233722117512,True,0.3246358495644759,2.9175361496746066,0.6111111111111112,0.8339656813292906,1.0619335763479982,,,,,,,,,,,,,,,,,,,,,,,,,,,,,,,,0,,,,,,0.23656671062727114,14,,4,18,3,4,17,,,,,,,,,,,,,,,,,,,,,,,,,,2,,,,,,,,,
Sm2O3_x005,Sm2O3_x050_cLi24gaS4a_s01,Sm2O3,Li_24g,S_4a,0.25,compound_set,4,-0.8226327461139289,-0.05672960145747757,True,0.3846637331234468,3.037527387148904,0.6111111111111112,1.610286869122833,1.011743204740053,,,,,,,,,,,,,,,,,,,,,,,,,,,,,,,,0,,,,,,0.18121654454251795,19,,4,18,3,4,17,,,,,,,,,,,,,,,,,,,,,,,,,,2,,,,,,,,,
Sm2O3_x005,Sm2O3_x050_cLi24gaS4a_s02,Sm2O3,Li_24g,S_4a,0.25,compound_set,4,-0.8319345072144677,-0.12794269876710404,True,0.24853836495425344,3.068033388122824,0.6666666666666666,1.1345570209459193,1.1165868909823993,,,,,,,,,,,,,,,,,,,,,,,,,,,,,,,,0,,,,,,0.21546464801048099,16,,4,18,3,4,17,,,,,,,,,,,,,,,,,,,,,,,,,,2,,,,,,,,,
Sm2O3_x005,Sm2O3_x050_cLi24gaS4a_s03,Sm2O3,Li_24g,S_4a,0.25,compound_set,4,-0.8506358679525046,-0.13637826392496255,True,0.31684974177670056,2.9838652911371435,0.6111111111111112,3.0961736962264266,1.1632394430237267,0.9864590297944429,0.1148636451373097,0.8731507498536392,0.135936,,-990.1050446112147,-4.503935461841405,-8.141889095186446,True,23.317772676998395,20.513682495499445,5.596070098357113,0.9999566722171083,True,OK,31.408974662002723,22.36967639618438,54.23380588625093,0.7122065153959416,0.21221704162653057,,,,,,,,,,,,0,,,-0.8506358679525046,-0.8141543543107024,-990.1050446112149,0.44999999999999996,5,,4,18,3,4,17,,,,,,,,,,,,,,,,,,,,,,,,,,2,,,,,,,,,
Sm2O3_x005,Sm2O3_x050_cLi24gaS4a_s04,Sm2O3,Li_24g,S_4a,0.25,compound_set,4,-0.8251666199100609,-0.11226466641776717,True,0.21288999762930966,3.1177858820451947,0.5,1.036336455517263,1.082532784775392,,,,,,,,,,,,,,,,,,,,,,,,,,,,,,,,0,,,,,,0.19054600065375507,18,,4,18,3,4,17,,,,,,,,,,,,,,,,,,,,,,,,,,2,,,,,,,,,
Sm2O3_x005,Sm2O3_x050_chain_Cl_x200_cLi24gaS16e_s00,Sm2O3+Clrich,Li_24g,S_16e,0.25,compound_set_chain,4,-0.8636337682161712,-0.0712985252487663,True,0.30392850356321177,3.0536171800112775,0.5294117647058824,0.8060770263859469,1.0815291628084143,,,,,,,,,,,,,,,,,,,,,,,,,,,,,,,,0,,,,,,0.3321779842174729,11,,5,17,3,4,16,,,,,,,,,,,,,,,,,,,,,,,,,,2,,,,,,,,,
Sm2O3_x005,Sm2O3_x050_chain_Cl_x200_cLi24gaS16e_s01,Sm2O3+Clrich,Li_24g,S_16e,0.25,compound_set_chain,4,-0.9050959801993863,-0.18215020010077485,True,0.2508922331849953,3.0544234489508315,0.5882352941176471,2.127936018215071,1.0613725471263926,0.9785081613551204,0.17835484666710133,0.8039864882741207,0.14144,,-917.4626855189716,-4.558931840925735,-5.6225648579157435,True,15.295312548607122,21.081682729097988,9.009524471256489,0.9859383700046055,True,OK,17.571344167447673,15.937011839398608,36.711932126346916,0.9069887703254486,0.15178216896312044,,,,,,,,,,,,0,,,-0.9050959801993863,-0.8691507333950317,-917.4626855189714,0.35249086822218223,10,,5,17,3,4,16,,,,,,,,,,,,,,,,,,,,,,,,,,2,,,,,,,,,
Sm2O3_x005,Sm2O3_x050_chain_Cl_x200_cLi24gaS16e_s02,Sm2O3+Clrich,Li_24g,S_16e,0.25,compound_set_chain,4,-0.9046343484280732,-0.16876065524019954,True,0.27152008199716043,3.060111776594723,0.8235294117647058,1.5027874262162295,1.138624054431288,,,,,,,,,,,,,,,,,,,,,,,,,,,,,,,,0,,,,,,0.48313779689879366,3,,5,17,3,4,16,,,,,,,,,,,,,,,,,,,,,,,,,,2,,,,,,,,,
Sm2O3_x005,Sm2O3_x050_chain_Cl_x200_cLi24gaS16e_s03,Sm2O3+Clrich,Li_24g,S_16e,0.25,compound_set_chain,4,-0.8610068918758151,-0.014363542874986389,True,0.31167197189047996,3.2190902156659984,0.7058823529411765,2.2526037993477805,1.0627167573552896,,,,,,,,,,,,,,,,,,,,,,,,,,,,,,,,0,,,,,,0.3225061025458561,12,,5,17,3,4,16,,,,,,,,,,,,,,,,,,,,,,,,,,2,,,,,,,,,
Sm2O3_x005,Sm2O3_x050_chain_Cl_x200_cLi24gaS16e_s04,Sm2O3+Clrich,Li_24g,S_16e,0.25,compound_set_chain,4,-0.8841178398971228,-0.09601416080081052,True,0.2566804662064457,3.1147411907717255,0.7058823529411765,0.8762575981575348,1.0225127459004129,,,,,,,,,,,,,,,,,,,,,,,,,,,,,,,,0,,,,,,0.40759817602757664,7,,5,17,3,4,16,,,,,,,,,,,,,,,,,,,,,,,,,,2,,,,,,,,,
Sm2O3_x005,Sm2O3_x050_chain_Cl_x200_cLi24gaS4a_s00,Sm2O3+Clrich,Li_24g,S_4a,0.25,compound_set_chain,4,-0.8178883452430745,-0.03980018601307634,True,0.3614258539396961,3.1052301619084965,0.5882352941176471,1.8186023392085777,1.0234212981312951,,,,,,,,,,,,,,,,,,,,,,,,,,,,,,,,0,,,,,,0.1637481608501974,20,,5,17,3,4,16,,,,,,,,,,,,,,,,,,,,,,,,,,2,,,,,,,,,
Sm2O3_x005,Sm2O3_x050_chain_Cl_x200_cLi24gaS4a_s01,Sm2O3+Clrich,Li_24g,S_4a,0.25,compound_set_chain,4,-0.8521198230981946,-0.13641389773709997,True,0.31200542284792115,2.951576792113087,0.7058823529411765,3.932163949999367,1.0372321358562582,0.9819580400710239,0.10972787768826478,0.8742098683551024,0.146432,,-1020.1143289838652,-4.528641298879944,-3.233233342837964,True,16.10668438009399,21.78910024106648,11.903354762731935,0.9991760420921862,True,OK,22.254580844447013,18.851441424481425,44.10173721987698,0.8470813966907518,0.16971790715706894,,,,,,,,,,,,0,,,-0.8521198230981946,-0.8388601913492413,-1020.114328983865,0.3674885133707632,9,,5,17,3,4,16,,,,,,,,,,,,,,,,,,,,,,,,,,2,,,,,,,,,
Sm2O3_x005,Sm2O3_x050_chain_Cl_x200_cLi24gaS4a_s02,Sm2O3+Clrich,Li_24g,S_4a,0.25,compound_set_chain,4,-0.8445819858881758,-0.1425994141455135,True,0.21880778106273777,2.9250447314746544,0.5882352941176471,1.7405632509784807,1.0614434876902423,,,,,,,,,,,,,,,,,,,,,,,,,,,,,,,,0,,,,,,0.262031330764881,13,,5,17,3,4,16,,,,,,,,,,,,,,,,,,,,,,,,,,2,,,,,,,,,
Sm2O3_x005,Sm2O3_x050_chain_Cl_x200_cLi24gaS4a_s03,Sm2O3+Clrich,Li_24g,S_4a,0.25,compound_set_chain,4,-0.8355997369775969,-0.18249075688488306,True,0.4269320076521616,2.963564656915502,0.7058823529411765,0.6673779981810907,1.0533101392963145,,,,,,,,,,,,,,,,,,,,,,,,,,,,,,,,0,,,,,,0.22895963748663894,15,,5,17,3,4,16,,,,,,,,,,,,,,,,,,,,,,,,,,2,,,,,,,,,
Sm2O3_x005,Sm2O3_x050_chain_Cl_x200_cLi24gaS4a_s04,Sm2O3+Clrich,Li_24g,S_4a,0.25,compound_set_chain,4,-0.8303727198831177,-0.1316339448203136,True,0.3788965280720637,3.016729358041525,0.5294117647058824,1.0468139999388553,1.104458095397644,,,,,,,,,,,,,,,,,,,,,,,,,,,,,,,,0,,,,,,0.20971431175255112,17,,5,17,3,4,16,,,,,,,,,,,,,,,,,,,,,,,,,,2,,,,,,,,,
Sm2O3_x010,Sm2O3_x100_cLi24gaS16e_s00,Sm2O3,Li_24g,S_16e,0.25,compound_set,4,-0.8937970419649224,-0.17303540532571823,True,0.2290161764456889,3.033622605423409,0.7777777777777778,2.052557675294058,1.0896948479423083,,,,,,,,,,,,,,,,,,,,,,,,,,,,,,,,0,,,,,,0.43954126409951155,6,,4,18,3,4,17,,,,,,,,,,,,,,,,,,,,,,,,,,2,,,,,,,,,
Sm2O3_x010,Sm2O3_x100_cLi24gaS16e_s01,Sm2O3,Li_24g,S_16e,0.25,compound_set,4,-0.8813640954906949,-0.17076390799499985,True,0.3487584895407788,3.211044410117589,0.6666666666666666,0.6683944118146585,1.0254286251264102,,,,,,,,,,,,,,,,,,,,,,,,,,,,,,,,0,,,,,,0.3921180694237746,9,,4,18,3,4,17,,,,,,,,,,,,,,,,,,,,,,,,,,2,,,,,,,,,
Sm2O3_x010,Sm2O3_x100_cLi24gaS16e_s02,Sm2O3,Li_24g,S_16e,0.25,compound_set,4,-0.8838106551213851,-0.0808864836797214,True,0.2252066883413007,2.95876274449565,0.7222222222222222,0.34514887027346547,1.0563280354467317,,,,,,,,,,,,,,,,,,,,,,,,,,,,,,,,0,,,,,,0.4014500225446642,8,,4,18,3,4,17,,,,,,,,,,,,,,,,,,,,,,,,,,2,,,,,,,,,
Sm2O3_x010,Sm2O3_x100_cLi24gaS16e_s03,Sm2O3,Li_24g,S_16e,0.25,compound_set,4,-0.9227560262858212,-0.18354554697871608,True,0.26732348323798544,3.173640457370973,0.6111111111111112,1.388925002504997,1.1184336632301082,,,,,,,,,,,,,,,,,,,,,,,,,,,,,,,,0,,,,,,0.55,2,,4,18,3,4,17,,,,,,,,,,,,,,,,,,,,,,,,,,2,,,,,,,,,
Sm2O3_x010,Sm2O3_x100_cLi24gaS16e_s04,Sm2O3,Li_24g,S_16e,0.25,compound_set,4,-0.9228450111775022,-0.20751109144956933,True,0.1134860451787823,2.977102413635556,0.8333333333333334,1.0940846300035973,1.1486921561788561,0.971025329235048,0.0956841226302488,0.8781136225554439,0.13152,,-949.1277096455785,-4.578286531366642,-4.814647844780881,True,17.628654068920774,21.256977652152404,6.561633204031617,0.9997477798908537,True,OK,28.868307804373927,16.46529535313517,41.50497573697406,0.5703588677490982,0.260377504527153,,,,,,,,,,,,0,,,-0.9228450111775022,-0.8885052984448185,-949.1277096455785,0.5998458224349968,1,,4,18,3,4,17,,,,,,,,,,,,,,,,,,,,,,,,,,2,,,,,,,,,
Sm2O3_x010,Sm2O3_x100_cLi24gaS4a_s00,Sm2O3,Li_24g,S_4a,0.25,compound_set,4,-0.8376661486698911,-0.15571057728847731,True,0.3246097788143571,2.9175082356440343,0.6111111111111112,0.8341056073649696,1.061939936355727,,,,,,,,,,,,,,,,,,,,,,,,,,,,,,,,0,,,,,,0.22544026353852495,14,,4,18,3,4,17,,,,,,,,,,,,,,,,,,,,,,,,,,2,,,,,,,,,
Sm2O3_x010,Sm2O3_x100_cLi24gaS4a_s01,Sm2O3,Li_24g,S_4a,0.25,compound_set,4,-0.822475991021439,-0.055492002676611335,True,0.38359413728409847,3.0377014319974456,0.6111111111111112,1.5927799941672713,1.0116499092652325,,,,,,,,,,,,,,,,,,,,,,,,,,,,,,,,0,,,,,,0.1675001923887824,19,,4,18,3,4,17,,,,,,,,,,,,,,,,,,,,,,,,,,2,,,,,,,,,
Sm2O3_x010,Sm2O3_x100_cLi24gaS4a_s02,Sm2O3,Li_24g,S_4a,0.25,compound_set,4,-0.831933828743165,-0.12793936571041475,True,0.24853295492520572,3.0680254858485387,0.6666666666666666,1.1345146723714303,1.1165848374064642,,,,,,,,,,,,,,,,,,,,,,,,,,,,,,,,0,,,,,,0.20357538023091556,16,,4,18,3,4,17,,,,,,,,,,,,,,,,,,,,,,,,,,2,,,,,,,,,
Sm2O3_x010,Sm2O3_x100_cLi24gaS4a_s03,Sm2O3,Li_24g,S_4a,0.25,compound_set,4,-0.8506147322512412,-0.13637265019236006,True,0.3170120417962549,2.983944809637178,0.6111111111111112,3.0900776066414855,1.1629777575326845,1.004320608692952,0.11642417050274008,0.8797582440874518,0.1456,,-994.0792122034707,-4.507909652625921,-3.2393352183036046,True,17.433296524458438,21.579657883502605,3.2593275697365716,0.9998443025251317,True,OK,26.986521925523313,20.32812272892096,48.744995965537655,0.7532694574358998,0.19895468498396596,,,,,,,,,,,,0,,,-0.8506147322512412,-0.8181284197040979,-994.0792122034705,0.45091717875027737,4,,4,18,3,4,17,,,,,,,,,,,,,,,,,,,,,,,,,,2,,,,,,,,,
Sm2O3_x010,Sm2O3_x100_cLi24gaS4a_s04,Sm2O3,Li_24g,S_4a,0.25,compound_set,4,-0.8251664470300275,-0.11226512208025562,True,0.21289306509201975,3.1177868583222423,0.5,1.0363321225332227,1.0825337206263943,,,,,,,,,,,,,,,,,,,,,,,,,,,,,,,,0,,,,,,0.1777624435234016,18,,4,18,3,4,17,,,,,,,,,,,,,,,,,,,,,,,,,,2,,,,,,,,,
Sm2O3_x010,Sm2O3_x100_chain_Cl_x200_cLi24gaS16e_s00,Sm2O3+Clrich,Li_24g,S_16e,0.25,compound_set_chain,4,-0.8636335806782531,-0.0712984797402992,True,0.30392813674761415,3.0536170790534247,0.5294117647058824,0.80606037383256,1.081528983466916,,,,,,,,,,,,,,,,,,,,,,,,,,,,,,,,0,,,,,,0.3244882716606733,10,,5,17,3,4,16,,,,,,,,,,,,,,,,,,,,,,,,,,2,,,,,,,,,
Sm2O3_x010,Sm2O3_x100_chain_Cl_x200_cLi24gaS16e_s01,Sm2O3+Clrich,Li_24g,S_16e,0.25,compound_set_chain,4,-0.9056217745093562,-0.18506393566059348,True,0.24966002409272312,3.051519951310526,0.5882352941176471,2.1275053506623403,1.0615163958436125,0.9666163321282978,0.12109514003372202,0.8495637920303388,0.139968,,-943.3586880307555,-4.584827838474798,-0.9268916327214337,True,13.466910760427048,22.666849678642656,0.8424822671475656,0.9997196254549069,True,OK,19.74603910588813,12.307460100082793,30.570894453791727,0.6232875380264387,0.2419660191945727,,,,,,,,,,,,0,,,-0.9056217745093562,-0.8950466055529747,-943.3586880307549,0.44430749529167124,5,,5,17,3,4,16,,,,,,,,,,,,,,,,,,,,,,,,,,2,,,,,,,,,
Sm2O3_x010,Sm2O3_x100_chain_Cl_x200_cLi24gaS16e_s02,Sm2O3+Clrich,Li_24g,S_16e,0.25,compound_set_chain,4,-0.9040162812978894,-0.16793341242623852,True,0.27214318762210543,3.0568691275904203,0.8235294117647058,1.4942698692661576,1.135467684507333,,,,,,,,,,,,,,,,,,,,,,,,,,,,,,,,0,,,,,,0.47852067878048354,3,,5,17,3,4,16,,,,,,,,,,,,,,,,,,,,,,,,,,2,,,,,,,,,
Sm2O3_x010,Sm2O3_x100_chain_Cl_x200_cLi24gaS16e_s03,Sm2O3+Clrich,Li_24g,S_16e,0.25,compound_set_chain,4,-0.8606924548817787,-0.015340804689509867,True,0.3120971187593747,3.2171058848836545,0.7058823529411765,2.2098863424766275,1.0622488919165758,,,,,,,,,,,,,,,,,,,,,,,,,,,,,,,,0,,,,,,0.3132698865818696,11,,5,17,3,4,16,,,,,,,,,,,,,,,,,,,,,,,,,,2,,,,,,,,,
Sm2O3_x010,Sm2O3_x100_chain_Cl_x200_cLi24gaS16e_s04,Sm2O3+Clrich,Li_24g,S_16e,0.25,compound_set_chain,4,-0.8844150231510897,-0.09708516938064948,True,0.2607402027999775,3.1135442300046945,0.7058823529411765,0.9059650138757147,1.022650236900763,,,,,,,,,,,,,,,,,,,,,,,,,,,,,,,,0,,,,,,0.4037552735797171,7,,5,17,3,4,16,,,,,,,,,,,,,,,,,,,,,,,,,,2,,,,,,,,,
Sm2O3_x010,Sm2O3_x100_chain_Cl_x200_cLi24gaS4a_s00,Sm2O3+Clrich,Li_24g,S_4a,0.25,compound_set_chain,4,-0.8178879628055808,-0.03982054222652005,True,0.36142239132869575,3.1052052799837853,0.5882352941176471,1.818784240299632,1.0234216145171176,,,,,,,,,,,,,,,,,,,,,,,,,,,,,,,,0,,,,,,0.15,20,,5,17,3,4,16,,,,,,,,,,,,,,,,,,,,,,,,,,2,,,,,,,,,
Sm2O3_x010,Sm2O3_x100_chain_Cl_x200_cLi24gaS4a_s01,Sm2O3+Clrich,Li_24g,S_4a,0.25,compound_set_chain,4,-0.8521292281046149,-0.13642226714597652,True,0.31171855145599764,2.951341742323609,0.7058823529411765,3.9338469534819125,1.0372900940279774,0.9750003802592982,0.11590226349563768,0.8619956292781381,0.147264,,-1024.9986211512305,-4.533525610672614,-3.2404652969716987,True,14.335486712012933,22.236013592779287,0.4341651197166827,0.9991135171144748,True,OK,19.23428134071716,12.764274496875123,31.35653716918658,0.6636210769078414,0.22829296631246498,,,,,,,,,,,,0,,,-0.8521292281046149,-0.8437443777507907,-1024.99862115123,0.26159316279055805,12,,5,17,3,4,16,,,,,,,,,,,,,,,,,,,,,,,,,,2,,,,,,,,,
Sm2O3_x010,Sm2O3_x100_chain_Cl_x200_cLi24gaS4a_s02,Sm2O3+Clrich,Li_24g,S_4a,0.25,compound_set_chain,4,-0.8445813019654,-0.1425993974516577,True,0.21879555630420797,2.92504069881117,0.5882352941176471,1.740606517166843,1.0614451532395324,,,,,,,,,,,,,,,,,,,,,,,,,,,,,,,,0,,,,,,0.2518168478522495,13,,5,17,3,4,16,,,,,,,,,,,,,,,,,,,,,,,,,,2,,,,,,,,,
Sm2O3_x010,Sm2O3_x100_chain_Cl_x200_cLi24gaS4a_s03,Sm2O3+Clrich,Li_24g,S_4a,0.25,compound_set_chain,4,-0.8345228445510458,-0.18178921150174307,True,0.420839833361585,2.9517611432896014,0.7058823529411765,0.5775883600252635,1.0520845280289775,,,,,,,,,,,,,,,,,,,,,,,,,,,,,,,,0,,,,,,0.21345070631956242,15,,5,17,3,4,16,,,,,,,,,,,,,,,,,,,,,,,,,,2,,,,,,,,,
Sm2O3_x010,Sm2O3_x100_chain_Cl_x200_cLi24gaS4a_s04,Sm2O3+Clrich,Li_24g,S_4a,0.25,compound_set_chain,4,-0.8303722510491678,-0.1316330025297975,True,0.3789025148986096,3.0167304395152477,0.5294117647058824,1.0468710114082072,1.1044577178978547,,,,,,,,,,,,,,,,,,,,,,,,,,,,,,,,0,,,,,,0.19761902844115845,17,,5,17,3,4,16,,,,,,,,,,,,,,,,,,,,,,,,,,2,,,,,,,,,
SnO2_x002,SnO2_x020_cP4baS16e_s00,SnO2,P_4b,S_16e,0.25,compound_set,4,-0.492117624946502,-0.15573508586146095,True,0.1740108783027789,2.866946423229,0.48,1.870927683289938,1.1101239547120159,,,,,,,,,,,,,,,,,,,,,,,,,,,,,,,,0,,,,,,0.40796964206025543,6,,4,25,2,3,18,,,,,,,,,,,,,,,,,,,,,,,,,,,1,,,,,,,,
SnO2_x002,SnO2_x020_cP4baS16e_s01,SnO2,P_4b,S_16e,0.25,compound_set,4,-0.517477680278911,-0.19422066825740222,True,0.22549358053797944,2.9087210368800407,0.52,1.6863158850017672,1.043941993297762,0.993069304610988,0.14560247985075825,0.8484759511959601,0.1344,,-891.2743245174494,-4.203070652676626,0.7797603794156964,True,,,,0.9943088526052021,False,"r2=0.9943 / V0 / B0'=-6.03 unphysical (need r2>=0.95, 0<B0'<15)",26.38001716798219,19.465208490489424,46.86801502960337,0.7378770213278948,0.20389193500040786,,,,,,,,,,,,0,,,-0.517477680278911,-0.5132892878392656,-891.2743245174495,0.55,2,,4,25,2,3,18,,,,,,,,,,,,,,,,,,,,,,,,,,,1,,,,,,,,
SnO2_x002,SnO2_x020_cP4baS16e_s02,SnO2,P_4b,S_16e,0.25,compound_set,4,-0.5036204852319432,-0.2189659180556111,True,0.17605018846464687,2.8703716958182617,0.56,1.753164622025264,1.0632353391501213,,,,,,,,,,,,,,,,,,,,,,,,,,,,,,,,0,,,,,,0.4851367201469985,5,,4,25,2,3,18,,,,,,,,,,,,,,,,,,,,,,,,,,,1,,,,,,,,
SnO2_x002,SnO2_x020_cP4baS16e_s03,SnO2,P_4b,S_16e,0.25,compound_set,4,-0.5056821621774024,-0.19348674012852465,True,0.19527487539978977,2.9408960367461274,0.56,1.739511012873604,1.08640594885379,,,,,,,,,,,,,,,,,,,,,,,,,,,,,,,,0,,,,,,0.4989675050032868,4,,4,25,2,3,18,,,,,,,,,,,,,,,,,,,,,,,,,,,1,,,,,,,,
SnO2_x002,SnO2_x020_cP4baS16e_s04,SnO2,P_4b,S_16e,0.25,compound_set,4,-0.5069845905921575,-0.19990635169372803,True,0.14004727546175177,2.8813237962932225,0.56,1.6901426159585549,1.0810656888583265,,,,,,,,,,,,,,,,,,,,,,,,,,,,,,,,0,,,,,,0.5077048618597383,3,,4,25,2,3,18,,,,,,,,,,,,,,,,,,,,,,,,,,,1,,,,,,,,
SnO2_x002,SnO2_x020_cP4baS4a_s00,SnO2,P_4b,S_4a,0.25,compound_set,4,-0.45366354810341125,-0.10813517194590003,True,0.30349490536530854,2.8851243719860147,0.44,0.24644735676025142,1.0652610174363484,,,,,,,,,,,,,,,,,,,,,,,,,,,,,,,,0,,,,,,0.15,10,,4,25,2,3,18,,,,,,,,,,,,,,,,,,,,,,,,,,,1,,,,,,,,
SnO2_x002,SnO2_x020_cP4baS4a_s01,SnO2,P_4b,S_4a,0.25,compound_set,4,-0.4572665899537469,-0.13437398735101497,True,0.1855174382502646,3.0458818997579273,0.36,0.3427778945301706,1.0543009248968889,,,,,,,,,,,,,,,,,,,,,,,,,,,,,,,,0,,,,,,0.1741710500619186,8,,4,25,2,3,18,,,,,,,,,,,,,,,,,,,,,,,,,,,1,,,,,,,,
SnO2_x002,SnO2_x020_cP4baS4a_s02,SnO2,P_4b,S_4a,0.25,compound_set,4,-0.46262223451411444,-0.2472432149177539,True,0.23919801262222967,2.8410926912762817,0.48,2.4033105915935775,1.1247199485670023,,,,,,,,,,,,,,,,,,,,,,,,,,,,,,,,0,,,,,,0.21009945671376626,7,,4,25,2,3,18,,,,,,,,,,,,,,,,,,,,,,,,,,,1,,,,,,,,
SnO2_x002,SnO2_x020_cP4baS4a_s03,SnO2,P_4b,S_4a,0.25,compound_set,4,-0.4570278748090537,-0.167093952711262,True,0.20705113602375871,2.8501559417971505,0.4,0.8080244611621622,1.0995650178058591,,,,,,,,,,,,,,,,,,,,,,,,,,,,,,,,0,,,,,,0.17256962661123626,9,,4,25,2,3,18,,,,,,,,,,,,,,,,,,,,,,,,,,,1,,,,,,,,
SnO2_x002,SnO2_x020_cP4baS4a_s04,SnO2,P_4b,S_4a,0.25,compound_set,4,-0.4671883303248592,-0.18318098734813634,True,0.16652726110367994,2.8144305264413174,0.4,1.0345075679561317,1.0538762400676958,0.9904392731863723,0.09718087594163827,0.8941875170511211,0.15296,,-859.2753313372757,-4.17111993340435,-2.3599555214640544,True,19.306664580003126,19.901057507777267,6.205040777910799,0.9992155002003016,True,OK,27.938662653497616,20.725762820543473,49.85042647727929,0.7418308842334239,0.202619824151112,,,,,,,,,,,,0,,,-0.4671883303248592,-0.48133856856699,-859.2753313372756,0.6356582112770809,1,,4,25,2,3,18,,,,,,,,,,,,,,,,,,,,,,,,,,,1,,,,,,,,
SnO2_x005,SnO2_x050_cP4baS16e_s00,SnO2,P_4b,S_16e,0.25,compound_set,4,-0.49211731439814965,-0.15573371606363265,True,0.174012932219707,2.866942658392499,0.48,1.8708789425206862,1.1101246520731762,,,,,,,,,,,,,,,,,,,,,,,,,,,,,,,,0,,,,,,0.37273529246455867,6,,4,25,2,3,18,,,,,,,,,,,,,,,,,,,,,,,,,,,1,,,,,,,,
SnO2_x005,SnO2_x050_cP4baS16e_s01,SnO2,P_4b,S_16e,0.25,compound_set,4,-0.5174767627559804,-0.1942163488003005,True,0.22549233260254598,2.9087171988634544,0.52,1.6862910144328351,1.0439405195867726,0.9933546578694396,0.08609445844666423,0.9078323265546988,0.143232,,-900.7052991621667,-4.212501693734974,-3.163807085108679,True,20.09008573490114,19.15396507679255,6.98603174835396,0.9811160142612141,True,OK,22.01132292256429,19.59086888051801,45.32549874499377,0.8900359578312751,0.15680164625233556,,,,,,,,,,,,0,,,-0.5174767627559804,-0.5227203164604459,-900.7052991621669,0.85,1,,4,25,2,3,18,,,,,,,,,,,,,,,,,,,,,,,,,,,1,,,,,,,,
SnO2_x005,SnO2_x050_cP4baS16e_s02,SnO2,P_4b,S_16e,0.25,compound_set,4,-0.5036502214504894,-0.21925611438928808,True,0.1757098341768267,2.8700148232997513,0.56,1.7546417256517812,1.0633988773379852,,,,,,,,,,,,,,,,,,,,,,,,,,,,,,,,0,,,,,,0.4395384574450678,5,,4,25,2,3,18,,,,,,,,,,,,,,,,,,,,,,,,,,,1,,,,,,,,
SnO2_x005,SnO2_x050_cP4baS16e_s03,SnO2,P_4b,S_16e,0.25,compound_set,4,-0.5056764306164228,-0.19346926028902445,True,0.19530331770050446,2.9409040803252986,0.56,1.7390531705240035,1.086387850402666,,,,,,,,,,,,,,,,,,,,,,,,,,,,,,,,0,,,,,,0.4512750633660704,4,,4,25,2,3,18,,,,,,,,,,,,,,,,,,,,,,,,,,,1,,,,,,,,
SnO2_x005,SnO2_x050_cP4baS16e_s04,SnO2,P_4b,S_16e,0.25,compound_set,4,-0.5069848301067008,-0.19990735022287334,True,0.14004572649240504,2.8813233597041106,0.56,1.6901236536069553,1.0810676658264295,,,,,,,,,,,,,,,,,,,,,,,,,,,,,,,,0,,,,,,0.4588538313742394,3,,4,25,2,3,18,,,,,,,,,,,,,,,,,,,,,,,,,,,1,,,,,,,,
SnO2_x005,SnO2_x050_cP4baS4a_s00,SnO2,P_4b,S_4a,0.25,compound_set,4,-0.45366426466586596,-0.10814023180636197,True,0.3034969060225419,2.8851247864671183,0.44,0.2466211881146641,1.0652681822819288,,,,,,,,,,,,,,,,,,,,,,,,,,,,,,,,0,,,,,,0.15,10,,4,25,2,3,18,,,,,,,,,,,,,,,,,,,,,,,,,,,1,,,,,,,,
SnO2_x005,SnO2_x050_cP4baS4a_s01,SnO2,P_4b,S_4a,0.25,compound_set,4,-0.45726676555517276,-0.13437449867855922,True,0.18552189905043148,3.0458828036066086,0.36,0.3427072685964719,1.054301682304914,,,,,,,,,,,,,,,,,,,,,,,,,,,,,,,,0,,,,,,0.1708671118356034,8,,4,25,2,3,18,,,,,,,,,,,,,,,,,,,,,,,,,,,1,,,,,,,,
SnO2_x005,SnO2_x050_cP4baS4a_s02,SnO2,P_4b,S_4a,0.25,compound_set,4,-0.4622124950331994,-0.24601655137227366,True,0.2424570118999106,2.842499941281668,0.48,2.308591988716049,1.1213568308211792,,,,,,,,,,,,,,,,,,,,,,,,,,,,,,,,0,,,,,,0.19951473561078603,7,,4,25,2,3,18,,,,,,,,,,,,,,,,,,,,,,,,,,,1,,,,,,,,
SnO2_x005,SnO2_x050_cP4baS4a_s03,SnO2,P_4b,S_4a,0.25,compound_set,4,-0.45702461910622727,-0.16709292161716938,True,0.20704839072273598,2.8501725381875262,0.4,0.8085086743611003,1.0995525321124728,,,,,,,,,,,,,,,,,,,,,,,,,,,,,,,,0,,,,,,0.16946450370697302,9,,4,25,2,3,18,,,,,,,,,,,,,,,,,,,,,,,,,,,1,,,,,,,,
SnO2_x005,SnO2_x050_cP4baS4a_s04,SnO2,P_4b,S_4a,0.25,compound_set,4,-0.4671762434594964,-0.1831866379033648,True,0.16639180728857525,2.814683844226435,0.4,1.0380899440312603,1.0537752596503531,0.9875049054610366,0.1017390032981049,0.8870371406274414,0.142208,,-887.2413822829236,-4.199085970347124,-5.734782098427804,True,23.9895587290842,19.084313091701055,3.1156236852607675,0.9999753480833781,True,OK,27.99259685465018,17.2053587548683,42.8391888517321,0.6146396079008337,0.2449373902072994,,,,,,,,,,,,0,,,-0.4671762434594964,-0.5093045930725957,-887.2413822829235,0.4722908171596152,2,,4,25,2,3,18,,,,,,,,,,,,,,,,,,,,,,,,,,,1,,,,,,,,
SnO2_x010,SnO2_x100_cP4baS16e_s00,SnO2,P_4b,S_16e,0.25,compound_set,4,-0.49211774173201084,-0.15573501197427939,True,0.17400939285956626,2.866942291908887,0.48,1.870935545769341,1.110123387329984,,,,,,,,,,,,,,,,,,,,,,,,,,,,,,,,0,,,,,,0.3680864030815102,6,,4,25,2,3,18,,,,,,,,,,,,,,,,,,,,,,,,,,,1,,,,,,,,
SnO2_x010,SnO2_x100_cP4baS16e_s01,SnO2,P_4b,S_16e,0.25,compound_set,4,-0.517477610126051,-0.1942192110341833,True,0.22549446483103727,2.908720159300504,0.52,1.6863744296714982,1.0439399016317552,0.985653561602356,0.07892350542051357,0.907862327390484,0.146112,,-902.1792557819429,-4.213975627550069,-2.2406783047957526,True,15.493440590307042,19.699631716123676,3.39309581069239,0.9999676891969163,True,OK,20.146737397745056,14.093311557176595,34.285353683539796,0.6995331938338564,0.21636967807190113,,,,,,,,,,,,0,,,-0.517477610126051,-0.5241944091042936,-902.1792557819426,0.55,2,,4,25,2,3,18,,,,,,,,,,,,,,,,,,,,,,,,,,,1,,,,,,,,
SnO2_x010,SnO2_x100_cP4baS16e_s02,SnO2,P_4b,S_16e,0.25,compound_set,4,-0.5036195341482785,-0.21895846986200931,True,0.17605467358200672,2.8703828535888998,0.56,1.7531517734466604,1.0632336635486273,,,,,,,,,,,,,,,,,,,,,,,,,,,,,,,,0,,,,,,0.43331551199015683,5,,4,25,2,3,18,,,,,,,,,,,,,,,,,,,,,,,,,,,1,,,,,,,,
SnO2_x010,SnO2_x100_cP4baS16e_s03,SnO2,P_4b,S_16e,0.25,compound_set,4,-0.5056829475001243,-0.1935368680927345,True,0.194962623207553,2.9407274369487153,0.56,1.740737427608683,1.0864427488845827,,,,,,,,,,,,,,,,,,,,,,,,,,,,,,,,0,,,,,,0.4450175675811393,4,,4,25,2,3,18,,,,,,,,,,,,,,,,,,,,,,,,,,,1,,,,,,,,
SnO2_x010,SnO2_x100_cP4baS16e_s04,SnO2,P_4b,S_16e,0.25,compound_set,4,-0.5068279821608592,-0.1991444544373968,True,0.14092947943047243,2.8812581357055267,0.56,1.70609878902161,1.0794854132549134,,,,,,,,,,,,,,,,,,,,,,,,,,,,,,,,0,,,,,,0.4515113024605494,3,,4,25,2,3,18,,,,,,,,,,,,,,,,,,,,,,,,,,,1,,,,,,,,
SnO2_x010,SnO2_x100_cP4baS4a_s00,SnO2,P_4b,S_4a,0.25,compound_set,4,-0.4536627547021097,-0.10812517896510532,True,0.3034890655163156,2.8851199553841775,0.44,0.246230448820355,1.0652540489475522,,,,,,,,,,,,,,,,,,,,,,,,,,,,,,,,0,,,,,,0.15,10,,4,25,2,3,18,,,,,,,,,,,,,,,,,,,,,,,,,,,1,,,,,,,,
SnO2_x010,SnO2_x100_cP4baS4a_s01,SnO2,P_4b,S_4a,0.25,compound_set,4,-0.45726681006046066,-0.1343734371369763,True,0.1855174733623246,3.0458827480319774,0.36,0.3427386947872177,1.0543004903408866,,,,,,,,,,,,,,,,,,,,,,,,,,,,,,,,0,,,,,,0.17043936379430433,8,,4,25,2,3,18,,,,,,,,,,,,,,,,,,,,,,,,,,,1,,,,,,,,
SnO2_x010,SnO2_x100_cP4baS4a_s02,SnO2,P_4b,S_4a,0.25,compound_set,4,-0.46267115976723483,-0.24731163180961874,True,0.23903544510726013,2.8412353101917063,0.48,2.4093316452316,1.1248485515041926,,,,,,,,,,,,,,,,,,,,,,,,,,,,,,,,0,,,,,,0.20108857939873417,7,,4,25,2,3,18,,,,,,,,,,,,,,,,,,,,,,,,,,,1,,,,,,,,
SnO2_x010,SnO2_x100_cP4baS4a_s03,SnO2,P_4b,S_4a,0.25,compound_set,4,-0.45702624638636946,-0.16709655601480178,True,0.20706242909909225,2.8501730431504857,0.4,0.8087394424392813,1.099557908223578,,,,,,,,,,,,,,,,,,,,,,,,,,,,,,,,0,,,,,,0.16907507607906394,9,,4,25,2,3,18,,,,,,,,,,,,,,,,,,,,,,,,,,,1,,,,,,,,
SnO2_x010,SnO2_x100_cP4baS4a_s04,SnO2,P_4b,S_4a,0.25,compound_set,4,-0.4672176037445728,-0.18333350008487906,True,0.1664212242342945,2.814217703419894,0.4,1.030485804637471,1.054106009980531,0.9886803489811967,0.1407325468607329,0.8495408454379147,0.143488,,-872.6242616162853,-4.184468860682744,-1.041812167984042,True,21.203113569241246,20.019593679600106,4.570288335284424,0.9999983180765224,True,OK,26.319243630348083,20.580693733651223,48.976208439091685,0.781963722920978,0.18985805514931034,,,,,,,,,,,,0,,,-0.4672176037445728,-0.49468764223696793,-872.6242616162851,0.6826608549456509,1,,4,25,2,3,18,,,,,,,,,,,,,,,,,,,,,,,,,,,1,,,,,,,,
SrO_x002,SrO_x020_cLi24gaS16e_s00,SrO,Li_24g,S_16e,0.25,compound_set,4,-0.5246145372175564,-0.12771042166739738,True,0.3191129095472247,3.0022327990693687,0.36363636363636365,0.45316627153723177,1.034248120621867,,,,,,,,,,,,,,,,,,,,,,,,,,,,,,,,0,,,,,,0.43790389941018715,3,,4,22,1,4,19,,,,,,,,,,,,,,,,,,,,,,,,,,,,1,,,,,,,
SrO_x002,SrO_x020_cLi24gaS16e_s01,SrO,Li_24g,S_16e,0.25,compound_set,4,-0.5190148212984642,-0.11980120810091027,True,0.18775677420718065,2.9306365850780107,0.36363636363636365,2.0416427632423586,1.0972409432147012,,,,,,,,,,,,,,,,,,,,,,,,,,,,,,,,0,,,,,,0.3911646093719965,4,,4,22,1,4,19,,,,,,,,,,,,,,,,,,,,,,,,,,,,1,,,,,,,
SrO_x002,SrO_x020_cLi24gaS16e_s02,SrO,Li_24g,S_16e,0.25,compound_set,4,-0.5413898379264666,-0.16597011931790143,True,0.15888955238979743,2.992891429768847,0.3181818181818182,1.4630865094065229,1.0798452477546,0.9883038843301147,0.09564759304603497,0.8937749965958923,0.142848,,-778.8968485666184,-4.1969964912213955,-3.775990594542196,True,16.393901554212928,20.312213412047047,3.0721377668769296,0.9986886461311112,True,OK,22.81760367319715,17.775143623138188,42.33285663525939,0.7790100957892383,0.19078803335670486,,,,,,,,,,,,0,,,-0.5413898379264666,-0.50721523301746,-778.8968485666184,0.2926766883835855,9,,4,22,1,4,19,,,,,,,,,,,,,,,,,,,,,,,,,,,,1,,,,,,,
SrO_x002,SrO_x020_cLi24gaS16e_s03,SrO,Li_24g,S_16e,0.25,compound_set,4,-0.5380444870184204,-0.19054516728737342,True,0.2079104061534993,2.9830851369629774,0.36363636363636365,1.1948609428276904,1.0374107020341454,,,,,,,,,,,,,,,,,,,,,,,,,,,,,,,,0,,,,,,0.55,1,,4,22,1,4,19,,,,,,,,,,,,,,,,,,,,,,,,,,,,1,,,,,,,
SrO_x002,SrO_x020_cLi24gaS16e_s04,SrO,Li_24g,S_16e,0.25,compound_set,4,-0.5178034487321188,-0.17099711501877218,True,0.20582892154101073,3.0620899687954544,0.36363636363636365,0.7054990266655302,1.053446789941208,,,,,,,,,,,,,,,,,,,,,,,,,,,,,,,,0,,,,,,0.3810536154321638,5,,4,22,1,4,19,,,,,,,,,,,,,,,,,,,,,,,,,,,,1,,,,,,,
SrO_x002,SrO_x020_cLi24gaS4a_s00,SrO,Li_24g,S_4a,0.25,compound_set,4,-0.5145123500423132,-0.20124383520922573,True,0.25924117247980244,2.9290139869869862,0.5,1.7967347474498854,1.0675112503961919,,,,,,,,,,,,,,,,,,,,,,,,,,,,,,,,0,,,,,,0.35358371902497754,6,,4,22,1,4,19,,,,,,,,,,,,,,,,,,,,,,,,,,,,1,,,,,,,
SrO_x002,SrO_x020_cLi24gaS4a_s01,SrO,Li_24g,S_4a,0.25,compound_set,4,-0.5400441536160789,-0.21905395832681587,True,0.13364243360778846,2.8982558318850122,0.18181818181818182,1.7347964270895964,1.0517090171459424,0.9847724253104121,0.12317655672272403,0.8634715488051896,0.127616,,-795.5646002822061,-4.179902758677061,-1.6974848567868845,True,19.124080743872447,20.759439653069208,7.777290297604137,0.9998795131511045,True,OK,27.65575171392983,20.207052226176554,48.74828919568368,0.730663640431749,0.2062197061215671,,,,,,,,,,,,0,,,-0.5400441536160789,-0.4901215004731254,-795.5646002822064,0.44999999999999996,2,,4,22,1,4,19,,,,,,,,,,,,,,,,,,,,,,,,,,,,1,,,,,,,
SrO_x002,SrO_x020_cLi24gaS4a_s02,SrO,Li_24g,S_4a,0.25,compound_set,4,-0.5129563273427449,-0.18462994711248823,True,0.23278846587302826,2.897294324399525,0.22727272727272727,2.5732104683894557,1.0532446533622253,,,,,,,,,,,,,,,,,,,,,,,,,,,,,,,,0,,,,,,0.3405960251290836,8,,4,22,1,4,19,,,,,,,,,,,,,,,,,,,,,,,,,,,,1,,,,,,,
SrO_x002,SrO_x020_cLi24gaS4a_s03,SrO,Li_24g,S_4a,0.25,compound_set,4,-0.5143602576175317,-0.1882076208618579,True,0.19778986289875078,2.952421043284843,0.3181818181818182,2.270802160036634,1.0608995957495364,,,,,,,,,,,,,,,,,,,,,,,,,,,,,,,,0,,,,,,0.3523142453486006,7,,4,22,1,4,19,,,,,,,,,,,,,,,,,,,,,,,,,,,,1,,,,,,,
SrO_x002,SrO_x020_cLi24gaS4a_s04,SrO,Li_24g,S_4a,0.25,compound_set,4,-0.5015129570525225,-0.17137603834605664,True,0.21184400953456511,3.0389347890248897,0.5,2.147389938172598,1.0781540031602848,,,,,,,,,,,,,,,,,,,,,,,,,,,,,,,,0,,,,,,0.2450813578250623,10,,4,22,1,4,19,,,,,,,,,,,,,,,,,,,,,,,,,,,,1,,,,,,,
SrO_x005,SrO_x050_cLi24gaS16e_s00,SrO,Li_24g,S_16e,0.25,compound_set,4,-0.5247826913113616,-0.1281735921226277,True,0.31960323674934277,3.0020579470665627,0.36363636363636365,0.4711084050217115,1.0341873368633532,,,,,,,,,,,,,,,,,,,,,,,,,,,,,,,,0,,,,,,0.3605020433249688,4,,4,22,1,4,19,,,,,,,,,,,,,,,,,,,,,,,,,,,,1,,,,,,,
SrO_x005,SrO_x050_cLi24gaS16e_s01,SrO,Li_24g,S_16e,0.25,compound_set,4,-0.5190147147529918,-0.1198049133196679,True,0.18775481984901518,2.9306392904785072,0.36363636363636365,2.0416239649086987,1.0972408346284501,,,,,,,,,,,,,,,,,,,,,,,,,,,,,,,,0,,,,,,0.30835118268109607,5,,4,22,1,4,19,,,,,,,,,,,,,,,,,,,,,,,,,,,,1,,,,,,,
SrO_x005,SrO_x050_cLi24gaS16e_s02,SrO,Li_24g,S_16e,0.25,compound_set,4,-0.541391852647743,-0.16597408000055275,True,0.1588850222487381,2.9928907433380156,0.3181818181818182,1.4634832956861938,1.0798543184231812,0.9896012006270071,0.1351056126953531,0.8559005240922382,0.13984,,-783.1287305145484,-4.201228392918477,-1.8354954040335814,True,19.227612818135615,20.609797405697552,4.76889266778056,0.9997464569856227,True,OK,24.523293516912748,19.68931104569369,46.59723841569638,0.8028820040878583,0.1833130754945286,,,,,,,,,,,,0,,,-0.541391852647743,-0.5114470447999335,-783.1287305145485,0.5399284876290368,2,,4,22,1,4,19,,,,,,,,,,,,,,,,,,,,,,,,,,,,1,,,,,,,
SrO_x005,SrO_x050_cLi24gaS16e_s03,SrO,Li_24g,S_16e,0.25,compound_set,4,-0.5380419147394222,-0.19052998400781654,True,0.20791784731416693,2.983111735724567,0.36363636363636365,1.1951266043551194,1.0374059623987393,,,,,,,,,,,,,,,,,,,,,,,,,,,,,,,,0,,,,,,0.4803846236796634,3,,4,22,1,4,19,,,,,,,,,,,,,,,,,,,,,,,,,,,,1,,,,,,,
SrO_x005,SrO_x050_cLi24gaS16e_s04,SrO,Li_24g,S_16e,0.25,compound_set,4,-0.517799905002756,-0.17097540670756017,True,0.2058246146184904,3.0620567384817265,0.36363636363636365,0.7051948119947721,1.0534488068722863,,,,,,,,,,,,,,,,,,,,,,,,,,,,,,,,0,,,,,,0.29736754338363147,6,,4,22,1,4,19,,,,,,,,,,,,,,,,,,,,,,,,,,,,1,,,,,,,
SrO_x005,SrO_x050_cLi24gaS4a_s00,SrO,Li_24g,S_4a,0.25,compound_set,4,-0.5145100071652995,-0.20122915718664036,True,0.2592337795080774,2.9290141329454795,0.5,1.796101546115044,1.0674933897870953,,,,,,,,,,,,,,,,,,,,,,,,,,,,,,,,0,,,,,,0.2676221028608527,7,,4,22,1,4,19,,,,,,,,,,,,,,,,,,,,,,,,,,,,1,,,,,,,
SrO_x005,SrO_x050_cLi24gaS4a_s01,SrO,Li_24g,S_4a,0.25,compound_set,4,-0.5400538520565452,-0.21906709657432244,True,0.13370118675707185,2.898288822928473,0.18181818181818182,1.7354725026472788,1.051717186730372,1.0112635032625186,0.11632810858614069,0.8737186501819233,0.14752,,-851.1847041007195,-4.235522845448938,-1.2015324294013152,True,17.648928928365034,20.867317153122663,4.214568812806149,0.9999916631547944,True,OK,23.700593234061344,19.78443671384358,46.43306926719322,0.8347654642420657,0.17347463409719027,,,,,,,,,,,,0,,,-0.5400538520565452,-0.5457414973303947,-851.184704100719,0.55,1,,4,22,1,4,19,,,,,,,,,,,,,,,,,,,,,,,,,,,,1,,,,,,,
SrO_x005,SrO_x050_cLi24gaS4a_s02,SrO,Li_24g,S_4a,0.25,compound_set,4,-0.5129605884780237,-0.1846271874157199,True,0.23284374765514454,2.8973436090410494,0.22727272727272727,2.5727612089922665,1.0532105697798564,,,,,,,,,,,,,,,,,,,,,,,,,,,,,,,,0,,,,,,0.25361311422828314,9,,4,22,1,4,19,,,,,,,,,,,,,,,,,,,,,,,,,,,,1,,,,,,,
SrO_x005,SrO_x050_cLi24gaS4a_s03,SrO,Li_24g,S_4a,0.25,compound_set,4,-0.5141038989721411,-0.18695402952285045,True,0.19814240896227997,2.952051601707016,0.3181818181818182,2.203896478834267,1.0606452230165135,,,,,,,,,,,,,,,,,,,,,,,,,,,,,,,,0,,,,,,0.2639502967129926,8,,4,22,1,4,19,,,,,,,,,,,,,,,,,,,,,,,,,,,,1,,,,,,,
SrO_x005,SrO_x050_cLi24gaS4a_s04,SrO,Li_24g,S_4a,0.25,compound_set,4,-0.5015007965085378,-0.1713889013912928,True,0.211694631644921,3.038854112761563,0.5,2.1469528848270247,1.0781835184028168,,,,,,,,,,,,,,,,,,,,,,,,,,,,,,,,0,,,,,,0.15,10,,4,22,1,4,19,,,,,,,,,,,,,,,,,,,,,,,,,,,,1,,,,,,,
SrO_x010,SrO_x100_cLi24gaS16e_s00,SrO,Li_24g,S_16e,0.25,compound_set,4,-0.524793793964466,-0.12819642182273178,True,0.31962260166257705,3.0020707932187607,0.36363636363636365,0.4722805380887785,1.0341913483720555,,,,,,,,,,,,,,,,,,,,,,,,,,,,,,,,0,,,,,,0.40711775468927525,3,,4,22,1,4,19,,,,,,,,,,,,,,,,,,,,,,,,,,,,1,,,,,,,
SrO_x010,SrO_x100_cLi24gaS16e_s01,SrO,Li_24g,S_16e,0.25,compound_set,4,-0.5190152439183113,-0.11980395463708102,True,0.18775292074487446,2.9306367613196866,0.36363636363636365,2.041576657863213,1.0972408746114692,,,,,,,,,,,,,,,,,,,,,,,,,,,,,,,,0,,,,,,0.3448031507945025,5,,4,22,1,4,19,,,,,,,,,,,,,,,,,,,,,,,,,,,,1,,,,,,,
SrO_x010,SrO_x100_cLi24gaS16e_s02,SrO,Li_24g,S_16e,0.25,compound_set,4,-0.5413931549403688,-0.16597958873855417,True,0.15888591456320053,2.992892514608591,0.3181818181818182,1.4636042064540018,1.0798551856766943,0.996341598957401,0.08690976569159399,0.9097497840432252,0.13856,,-794.0658225249188,-4.212165467778268,-2.654587613525901,True,17.891115066359855,20.43927721825634,3.7829302367789777,0.9993406103652896,True,OK,27.407074555876648,17.206107432338566,42.6856637503778,0.6277980306602705,0.24042186526601814,,,,,,,,,,,,0,,,-0.5413931549403688,-0.5223842419925249,-794.0658225249186,0.3811336798787961,4,,4,22,1,4,19,,,,,,,,,,,,,,,,,,,,,,,,,,,,1,,,,,,,
SrO_x010,SrO_x100_cLi24gaS16e_s03,SrO,Li_24g,S_16e,0.25,compound_set,4,-0.538043532446784,-0.19053878673669677,True,0.20791609843812306,2.9830906766044625,0.36363636363636365,1.1949402114316225,1.0374097793141286,,,,,,,,,,,,,,,,,,,,,,,,,,,,,,,,0,,,,,,0.55,1,,4,22,1,4,19,,,,,,,,,,,,,,,,,,,,,,,,,,,,1,,,,,,,
SrO_x010,SrO_x100_cLi24gaS16e_s04,SrO,Li_24g,S_16e,0.25,compound_set,4,-0.5177990555733634,-0.1709703766935094,True,0.20582612774346437,3.062041003838769,0.36363636363636365,0.7049975472822947,1.053453996915063,,,,,,,,,,,,,,,,,,,,,,,,,,,,,,,,0,,,,,,0.3316880450376002,6,,4,22,1,4,19,,,,,,,,,,,,,,,,,,,,,,,,,,,,1,,,,,,,
SrO_x010,SrO_x100_cLi24gaS4a_s00,SrO,Li_24g,S_4a,0.25,compound_set,4,-0.5145107215568703,-0.20123322570463884,True,0.2592357458257014,2.9290139229294283,0.5,1.7962881187115198,1.0674980296880432,,,,,,,,,,,,,,,,,,,,,,,,,,,,,,,,0,,,,,,0.2962273792867115,7,,4,22,1,4,19,,,,,,,,,,,,,,,,,,,,,,,,,,,,1,,,,,,,
SrO_x010,SrO_x100_cLi24gaS4a_s01,SrO,Li_24g,S_4a,0.25,compound_set,4,-0.5400491550247124,-0.2190576228456556,True,0.1336760076766623,2.8982692813539974,0.18181818181818182,1.7352834132628847,1.051717329148863,0.9904514550924387,0.12524670375174524,0.866400675115991,0.149056,,-806.3938878595724,-4.190732008315268,-4.490519111509235,True,20.564797682283892,20.11153217537041,6.532865874044606,0.9999650282196597,True,OK,32.23175011978063,19.325292030084753,48.318959193731644,0.599573152505449,0.25014822851087704,,,,,,,,,,,,0,,,-0.5400491550247124,-0.5009507825295247,-806.393887859572,0.44999999999999996,2,,4,22,1,4,19,,,,,,,,,,,,,,,,,,,,,,,,,,,,1,,,,,,,
SrO_x010,SrO_x100_cLi24gaS4a_s02,SrO,Li_24g,S_4a,0.25,compound_set,4,-0.5129563997269826,-0.184630557196868,True,0.23278647943837358,2.8972923485600037,0.22727272727272727,2.573230387597318,1.0532510268178088,,,,,,,,,,,,,,,,,,,,,,,,,,,,,,,,0,,,,,,0.2794659169162502,9,,4,22,1,4,19,,,,,,,,,,,,,,,,,,,,,,,,,,,,1,,,,,,,
SrO_x010,SrO_x100_cLi24gaS4a_s03,SrO,Li_24g,S_4a,0.25,compound_set,4,-0.5142323088821699,-0.1872882302925519,True,0.19754458649161552,2.9521941075467852,0.3181818181818182,2.2370518061153257,1.0606280492839177,,,,,,,,,,,,,,,,,,,,,,,,,,,,,,,,0,,,,,,0.2932250386641214,8,,4,22,1,4,19,,,,,,,,,,,,,,,,,,,,,,,,,,,,1,,,,,,,
SrO_x010,SrO_x100_cLi24gaS4a_s04,SrO,Li_24g,S_4a,0.25,compound_set,4,-0.5015207790557503,-0.1713689412017439,True,0.21180993485396682,3.0389372037242386,0.5,2.1477819902087876,1.0781332987227976,,,,,,,,,,,,,,,,,,,,,,,,,,,,,,,,0,,,,,,0.15614671629897528,10,,4,22,1,4,19,,,,,,,,,,,,,,,,,,,,,,,,,,,,1,,,,,,,
Ta2O5_x002,Ta2O5_x020_cP4baS16e_s00,Ta2O5,P_4b,S_16e,0.25,compound_set,4,-1.0819240698755683,-0.22789256360292867,True,0.21061337810253467,2.911680964046694,0.7083333333333334,1.110010222384229,1.0316396532467245,,,,,,,,,,,,,,,,,,,,,,,,,,,,,,,,0,,,,,,0.5451023455662954,4,,4,24,5,2,15,,,,,,,,,,,,,,,,,,,,,,,,,,,,,2,,,,,,
Ta2O5_x002,Ta2O5_x020_cP4baS16e_s01,Ta2O5,P_4b,S_16e,0.25,compound_set,4,-1.0581672001093922,-0.19621219251595345,True,0.19363451949687466,2.818652905515954,0.7083333333333334,0.6287495918433226,1.0453252955696328,,,,,,,,,,,,,,,,,,,,,,,,,,,,,,,,0,,,,,,0.44266575321774504,5,,4,24,5,2,15,,,,,,,,,,,,,,,,,,,,,,,,,,,,,2,,,,,,
Ta2O5_x002,Ta2O5_x020_cP4baS16e_s02,Ta2O5,P_4b,S_16e,0.25,compound_set,4,-1.0830599231470766,-0.17295856063622703,True,0.16918972514904937,2.9804230059222223,0.8333333333333334,0.5101782826563486,1.179460123133538,,,,,,,,,,,,,,,,,,,,,,,,,,,,,,,,0,,,,,,0.55,2,,4,24,5,2,15,,,,,,,,,,,,,,,,,,,,,,,,,,,,,2,,,,,,
Ta2O5_x002,Ta2O5_x020_cP4baS16e_s03,Ta2O5,P_4b,S_16e,0.25,compound_set,4,-1.081925650211459,-0.22790416397089958,True,0.2106048704753595,2.911683396859831,0.7083333333333334,1.1099793281005563,1.031641251948995,,,,,,,,,,,,,,,,,,,,,,,,,,,,,,,,0,,,,,,0.5451091597730908,3,,4,24,5,2,15,,,,,,,,,,,,,,,,,,,,,,,,,,,,,2,,,,,,
Ta2O5_x002,Ta2O5_x020_cP4baS16e_s04,Ta2O5,P_4b,S_16e,0.25,compound_set,4,-1.0987897293167315,-0.2451349703972528,True,0.21750946573893898,2.98630300373935,0.875,1.7239591012472466,1.0824898341720546,0.9890379202482763,0.09911056188681121,0.8910138162451064,0.150848,,-1072.0921078474876,-4.754370346444815,-4.601279241071469,True,20.551318867314034,19.71834861030139,5.219017437933895,0.9998913527747192,True,OK,28.50445801781728,19.139971386595768,46.918429382421024,0.6714729104700726,0.22566613174979078,,,,,,,,,,,,0,,,-1.0987897293167315,-1.0645890019962554,-1072.0921078474873,0.7703557438815966,1,,4,24,5,2,15,,,,,,,,,,,,,,,,,,,,,,,,,,,,,2,,,,,,
Ta2O5_x002,Ta2O5_x020_cP4baS4a_s00,Ta2O5,P_4b,S_4a,0.25,compound_set,4,-1.0296233204884526,-0.16017905439452737,True,0.2582068146319722,2.84980155161436,0.7083333333333334,0.7261751070494963,1.0348776541785283,,,,,,,,,,,,,,,,,,,,,,,,,,,,,,,,0,,,,,,0.3195881849372953,8,,4,24,5,2,15,,,,,,,,,,,,,,,,,,,,,,,,,,,,,2,,,,,,
Ta2O5_x002,Ta2O5_x020_cP4baS4a_s01,Ta2O5,P_4b,S_4a,0.25,compound_set,4,-1.0154828010977832,-0.19488357505709183,True,0.22030980404902817,2.76936194494861,0.6666666666666666,0.7253043068587127,1.0315471118779527,,,,,,,,,,,,,,,,,,,,,,,,,,,,,,,,0,,,,,,0.2586160688851591,9,,4,24,5,2,15,,,,,,,,,,,,,,,,,,,,,,,,,,,,,2,,,,,,
Ta2O5_x002,Ta2O5_x020_cP4baS4a_s02,Ta2O5,P_4b,S_4a,0.25,compound_set,4,-1.0305939001588476,-0.16761713602041717,True,0.2600300266761616,2.9225285358081323,0.75,1.2706062849511373,1.1104744121600671,0.9409790937221011,0.12400782789756451,0.8242903202126046,0.151424,,-998.2668578509794,-4.734078933600202,-5.504852843351307,True,,,,0.996231981088498,False,"r2=0.9962 / V0 / B0'=16.24 unphysical (need r2>=0.95, 0<B0'<15)",25.610022520059395,19.33044667876547,46.33376400029186,0.7548000656237079,0.1984659426207044,,,,,,,,,,,,0,,,-1.0305939001588476,-1.0442975891516424,-998.2668578509792,0.38286175977519077,6,,4,24,5,2,15,,,,,,,,,,,,,,,,,,,,,,,,,,,,,2,,,,,,
Ta2O5_x002,Ta2O5_x020_cP4baS4a_s03,Ta2O5,P_4b,S_4a,0.25,compound_set,4,-1.03555587950859,-0.2617254473218846,True,0.1600063046323357,2.8070947085872695,0.7083333333333334,0.7538169154184698,1.0237761073915301,,,,,,,,,,,,,,,,,,,,,,,,,,,,,,,,0,,,,,,0.34516862276057936,7,,4,24,5,2,15,,,,,,,,,,,,,,,,,,,,,,,,,,,,,2,,,,,,
Ta2O5_x002,Ta2O5_x020_cP4baS4a_s04,Ta2O5,P_4b,S_4a,0.25,compound_set,4,-0.9902928006901286,-0.18657877346382465,True,0.1655799515465182,2.8492550262198884,0.7083333333333334,1.5660310287578034,1.1083398546909162,,,,,,,,,,,,,,,,,,,,,,,,,,,,,,,,0,,,,,,0.15,10,,4,24,5,2,15,,,,,,,,,,,,,,,,,,,,,,,,,,,,,2,,,,,,
Ta2O5_x005,Ta2O5_x050_cP4baS16e_s00,Ta2O5,P_4b,S_16e,0.25,compound_set,4,-1.0817767972911576,-0.22678366194951763,True,0.21146162960455292,2.911627117222121,0.7083333333333334,1.1171138605412327,1.0313990184796866,,,,,,,,,,,,,,,,,,,,,,,,,,,,,,,,0,,,,,,0.5443283744224318,4,,4,24,5,2,15,,,,,,,,,,,,,,,,,,,,,,,,,,,,,2,,,,,,
Ta2O5_x005,Ta2O5_x050_cP4baS16e_s01,Ta2O5,P_4b,S_16e,0.25,compound_set,4,-1.0582181712939662,-0.19636394353348377,True,0.19382505016103493,2.8187912845005623,0.7083333333333334,0.6330432165990904,1.0455432300518634,,,,,,,,,,,,,,,,,,,,,,,,,,,,,,,,0,,,,,,0.44278298350688716,6,,4,24,5,2,15,,,,,,,,,,,,,,,,,,,,,,,,,,,,,2,,,,,,
Ta2O5_x005,Ta2O5_x050_cP4baS16e_s02,Ta2O5,P_4b,S_16e,0.25,compound_set,4,-1.0830926197482218,-0.17279024501790416,True,0.16891534770276828,2.9806688495186733,0.8333333333333334,0.5069395836092129,1.1800003649568742,,,,,,,,,,,,,,,,,,,,,,,,,,,,,,,,0,,,,,,0.55,2,,4,24,5,2,15,,,,,,,,,,,,,,,,,,,,,,,,,,,,,2,,,,,,
Ta2O5_x005,Ta2O5_x050_cP4baS16e_s03,Ta2O5,P_4b,S_16e,0.25,compound_set,4,-1.0817803590106378,-0.22681065357575356,True,0.21144461103949397,2.9116246568574495,0.7083333333333334,1.1168795209785978,1.0314044239789357,,,,,,,,,,,,,,,,,,,,,,,,,,,,,,,,0,,,,,,0.5443437265994643,3,,4,24,5,2,15,,,,,,,,,,,,,,,,,,,,,,,,,,,,,2,,,,,,
Ta2O5_x005,Ta2O5_x050_cP4baS16e_s04,Ta2O5,P_4b,S_16e,0.25,compound_set,4,-1.0987761746385698,-0.2451151441197495,True,0.21750748202741557,2.98624288947515,0.875,1.7238005765959297,1.0824804199496538,0.9608461633126746,0.13966324282779854,0.826651272285778,0.155776,,-1068.0160706910935,-4.7502942950162605,-9.041744928178261,True,18.58433156829655,18.466479534045504,1.1112639541975422,0.9998344781884453,True,OK,22.918884346360826,15.053552981819628,37.049136442342686,0.6568187506129592,0.23057780734845165,,,,,,,,,,,,0,,,-1.0987761746385698,-1.0605131675045336,-1068.0160706910935,0.45267516853412704,5,,4,24,5,2,15,,,,,,,,,,,,,,,,,,,,,,,,,,,,,2,,,,,,
Ta2O5_x005,Ta2O5_x050_cP4baS4a_s00,Ta2O5,P_4b,S_4a,0.25,compound_set,4,-1.029581117303453,-0.1600463452900902,True,0.2582152005522131,2.8495466353565746,0.7083333333333334,0.7317853442750919,1.0346164935402984,,,,,,,,,,,,,,,,,,,,,,,,,,,,,,,,0,,,,,,0.3193479053116266,8,,4,24,5,2,15,,,,,,,,,,,,,,,,,,,,,,,,,,,,,2,,,,,,
Ta2O5_x005,Ta2O5_x050_cP4baS4a_s01,Ta2O5,P_4b,S_4a,0.25,compound_set,4,-1.0154464481731238,-0.1948227050324132,True,0.220361239786284,2.76940449424227,0.6666666666666666,0.7215391037635916,1.0314352209160365,,,,,,,,,,,,,,,,,,,,,,,,,,,,,,,,0,,,,,,0.25842285380513047,9,,4,24,5,2,15,,,,,,,,,,,,,,,,,,,,,,,,,,,,,2,,,,,,
Ta2O5_x005,Ta2O5_x050_cP4baS4a_s02,Ta2O5,P_4b,S_4a,0.25,compound_set,4,-1.0308074528328608,-0.16758792324074268,True,0.2624078795640639,2.923429973404032,0.75,1.2845662394567257,1.1105216288893116,1.0150689530018173,0.10995651135056844,0.8766314651493997,0.149376,,-995.1991493107784,-4.731011201612881,-2.9565798806720935,True,21.499135028459573,20.032419323009492,4.369792339547864,0.9996989318456431,True,OK,32.48586870752074,19.864295856847622,49.50294929224191,0.6114749781109865,0.24602829239419632,,,,,,,,,,,,0,,,-1.0308074528328608,-1.0412300741011538,-995.1991493107784,0.6695587228661747,1,,4,24,5,2,15,,,,,,,,,,,,,,,,,,,,,,,,,,,,,2,,,,,,
Ta2O5_x005,Ta2O5_x050_cP4baS4a_s03,Ta2O5,P_4b,S_4a,0.25,compound_set,4,-1.034545958883918,-0.25931310897316734,True,0.14893135925529857,2.8136793352359266,0.6666666666666666,0.5585169934789942,1.0259961020651809,,,,,,,,,,,,,,,,,,,,,,,,,,,,,,,,0,,,,,,0.3407479979648305,7,,4,24,5,2,15,,,,,,,,,,,,,,,,,,,,,,,,,,,,,2,,,,,,
Ta2O5_x005,Ta2O5_x050_cP4baS4a_s04,Ta2O5,P_4b,S_4a,0.25,compound_set,4,-0.9902922443307491,-0.18657719273864237,True,0.16558281652368828,2.8492554145940474,0.7083333333333334,1.5661106996426746,1.1083366069561411,,,,,,,,,,,,,,,,,,,,,,,,,,,,,,,,0,,,,,,0.15,10,,4,24,5,2,15,,,,,,,,,,,,,,,,,,,,,,,,,,,,,2,,,,,,
Ta2O5_x010,Ta2O5_x100_cP4baS16e_s00,Ta2O5,P_4b,S_16e,0.25,compound_set,4,-1.0820131487468738,-0.22862682205652657,True,0.2101588684780863,2.9117095737957785,0.7083333333333334,1.104694169390984,1.031808302080887,,,,,,,,,,,,,,,,,,,,,,,,,,,,,,,,0,,,,,,0.5455097326222139,3,,4,24,5,2,15,,,,,,,,,,,,,,,,,,,,,,,,,,,,,2,,,,,,
Ta2O5_x010,Ta2O5_x100_cP4baS16e_s01,Ta2O5,P_4b,S_16e,0.25,compound_set,4,-1.058191822643773,-0.1962633717921842,True,0.1937672013441069,2.81875239680366,0.7083333333333334,0.6310332877900057,1.045499675084944,,,,,,,,,,,,,,,,,,,,,,,,,,,,,,,,0,,,,,,0.4427876346009437,5,,4,24,5,2,15,,,,,,,,,,,,,,,,,,,,,,,,,,,,,2,,,,,,
Ta2O5_x010,Ta2O5_x100_cP4baS16e_s02,Ta2O5,P_4b,S_16e,0.25,compound_set,4,-1.0830544448803914,-0.17288235364226598,True,0.16913474400475037,2.9806181664933713,0.8333333333333334,0.5098426996894364,1.1793633378406723,,,,,,,,,,,,,,,,,,,,,,,,,,,,,,,,0,,,,,,0.55,2,,4,24,5,2,15,,,,,,,,,,,,,,,,,,,,,,,,,,,,,2,,,,,,
Ta2O5_x010,Ta2O5_x100_cP4baS16e_s03,Ta2O5,P_4b,S_16e,0.25,compound_set,4,-1.0817546440443517,-0.22664102325535385,True,0.21134881983379766,2.9115078721614194,0.7083333333333334,1.120146372975786,1.0312449109190436,,,,,,,,,,,,,,,,,,,,,,,,,,,,,,,,0,,,,,,0.5443950110791518,4,,4,24,5,2,15,,,,,,,,,,,,,,,,,,,,,,,,,,,,,2,,,,,,
Ta2O5_x010,Ta2O5_x100_cP4baS16e_s04,Ta2O5,P_4b,S_16e,0.25,compound_set,4,-1.0988027815129162,-0.24511812729382743,True,0.2175115924726151,2.986601485922589,0.875,1.7228329275812218,1.082499566221725,1.0002928117098657,0.12296095001194707,0.8767822426842069,0.151488,,-1059.024867532506,-4.741303080847721,-5.09383137047315,True,19.47395699352905,19.494109024947036,3.9303873251426253,0.9990883887510724,True,OK,29.641624444899428,20.307676244925453,49.59668738169567,0.6851067249257957,0.22113152641206427,,,,,,,,,,,,0,,,-1.0988027815129162,-1.051521883198522,-1059.0248675325058,0.41402558455697835,6,,4,24,5,2,15,,,,,,,,,,,,,,,,,,,,,,,,,,,,,2,,,,,,
Ta2O5_x010,Ta2O5_x100_cP4baS4a_s00,Ta2O5,P_4b,S_4a,0.25,compound_set,4,-1.0296452832019214,-0.16026254509979773,True,0.2582594329774967,2.849839600395152,0.7083333333333334,0.7258039481264393,1.0350792124788384,,,,,,,,,,,,,,,,,,,,,,,,,,,,,,,,0,,,,,,0.3196895161325422,7,,4,24,5,2,15,,,,,,,,,,,,,,,,,,,,,,,,,,,,,2,,,,,,
Ta2O5_x010,Ta2O5_x100_cP4baS4a_s01,Ta2O5,P_4b,S_4a,0.25,compound_set,4,-1.0153950510665193,-0.1948579869483349,True,0.22048580126280462,2.7691129400980725,0.6666666666666666,0.7181897884573402,1.0313688615676966,,,,,,,,,,,,,,,,,,,,,,,,,,,,,,,,0,,,,,,0.25823979935761915,9,,4,24,5,2,15,,,,,,,,,,,,,,,,,,,,,,,,,,,,,2,,,,,,
Ta2O5_x010,Ta2O5_x100_cP4baS4a_s02,Ta2O5,P_4b,S_4a,0.25,compound_set,4,-1.030262201652056,-0.16893137044658868,True,0.2610813459992899,2.9224556179022563,0.75,1.2290813997294487,1.1116792760025977,0.9999973740924646,0.09727504970882118,0.9027225798189294,0.150592,,-972.4486785137861,-4.708260720009824,-6.3536738600677145,True,20.616985172754237,19.181495983104387,2.248298355179834,0.9998546143003285,True,OK,33.33743931255216,20.57819231555871,51.199867422180304,0.6172697345656851,0.24403219284400468,,,,,,,,,,,,0,,,-1.030262201652056,-1.0184795223606256,-972.4486785137856,0.5715406274158746,1,,4,24,5,2,15,,,,,,,,,,,,,,,,,,,,,,,,,,,,,2,,,,,,
Ta2O5_x010,Ta2O5_x100_cP4baS4a_s03,Ta2O5,P_4b,S_4a,0.25,compound_set,4,-1.0284406885303512,-0.24457765915151167,True,0.137078066036466,2.829679865121585,0.6666666666666666,0.2759293373383776,1.03096544078097,,,,,,,,,,,,,,,,,,,,,,,,,,,,,,,,0,,,,,,0.31449507433726254,8,,4,24,5,2,15,,,,,,,,,,,,,,,,,,,,,,,,,,,,,2,,,,,,
Ta2O5_x010,Ta2O5_x100_cP4baS4a_s04,Ta2O5,P_4b,S_4a,0.25,compound_set,4,-0.9902941661790421,-0.1865812248215951,True,0.165576133517461,2.849261346401779,0.7083333333333334,1.5658759993209466,1.108340930774473,,,,,,,,,,,,,,,,,,,,,,,,,,,,,,,,0,,,,,,0.15,10,,4,24,5,2,15,,,,,,,,,,,,,,,,,,,,,,,,,,,,,2,,,,,,
TiF4_x002,TiF4_x020_s00,TiF4,P_4b,Cl_4d,0.25,compound_set,4,-0.6638059289978533,-0.226830155799248,True,0.22931213827330305,2.834524159687203,0.76,2.171118446974006,1.0985494542577579,,,,,,,,,,,,,,,,,,,,,,,,,,,,,,,,0,,,,,,0.39648854702005043,4,,,25,,3,20,,4,,,,,,,,,,,,,,,,,,,,,,,,,,,,1,,,,,
TiF4_x002,TiF4_x020_s01,TiF4,P_4b,Cl_4d,0.25,compound_set,4,-0.6735350544860448,-0.2503948405436215,True,0.16519459323534932,2.8445060451417477,0.92,4.386861293618607,1.0696794178468465,,,,,,,,,,,,,,,,,,,,,,,,,,,,,,,,0,,,,,,0.46624957063216765,2,,,25,,3,20,,4,,,,,,,,,,,,,,,,,,,,,,,,,,,,1,,,,,
TiF4_x002,TiF4_x020_s02,TiF4,P_4b,Cl_4d,0.25,compound_set,4,-0.672413145721745,-0.24885810529773156,True,0.1676506930273902,2.844157358530643,0.92,4.411077273513692,1.0698074300061635,,,,,,,,,,,,,,,,,,,,,,,,,,,,,,,,0,,,,,,0.4582051164937203,3,,,25,,3,20,,4,,,,,,,,,,,,,,,,,,,,,,,,,,,,1,,,,,
TiF4_x002,TiF4_x020_s03,TiF4,P_4b,Cl_4d,0.25,compound_set,4,-0.6503492861115485,-0.2593512333695879,True,0.13766352983402427,2.8409684470562464,0.84,0.9666930840816822,1.0182641703235138,,,,,,,,,,,,,,,,,,,,,,,,,,,,,,,,0,,,,,,0.3,5,,,25,,3,20,,4,,,,,,,,,,,,,,,,,,,,,,,,,,,,1,,,,,
TiF4_x002,TiF4_x020_s04,TiF4,P_4b,Cl_4d,0.25,compound_set,4,-0.6726864928744267,-0.24921163583637548,True,0.16714820963610566,2.8440961811726306,0.92,4.407472568545908,1.06978494091587,0.9692732796408619,0.09245777047969819,0.8796564332197228,0.15264,,-673.5307215935538,-4.395915924600838,-3.2674134849434417,True,,,,0.9991178950776006,False,"r2=0.9991 / V0 / B0'=-0.07 unphysical (need r2>=0.95, 0<B0'<15)",16.35774289501753,18.439989045590544,40.2103393884042,1.1272942216989639,0.09030269185597703,,,,,,,,,,,,0,,,-0.6726864928744267,-0.7061347375538154,-673.5307215935542,0.7000000000000001,1,,,25,,3,20,,4,,,,,,,,,,,,,,,,,,,,,,,,,,,,1,,,,,
TiF4_x005,TiF4_x050_s00,TiF4,P_4b,Cl_4d,0.25,compound_set,4,-0.662644955434994,-0.2228496998864981,True,0.21863744987427905,2.827351167753966,0.76,2.2347634833066823,1.097117525228106,,,,,,,,,,,,,,,,,,,,,,,,,,,,,,,,0,,,,,,0.3933706315769183,4,,,25,,3,20,,4,,,,,,,,,,,,,,,,,,,,,,,,,,,,1,,,,,
TiF4_x005,TiF4_x050_s01,TiF4,P_4b,Cl_4d,0.25,compound_set,4,-0.6735261786835767,-0.25034304656897655,True,0.1653141373891245,2.84453175530372,0.92,4.386060094000024,1.0696841405945774,,,,,,,,,,,,,,,,,,,,,,,,,,,,,,,,0,,,,,,0.4759993557855011,2,,,25,,3,20,,4,,,,,,,,,,,,,,,,,,,,,,,,,,,,1,,,,,
TiF4_x005,TiF4_x050_s02,TiF4,P_4b,Cl_4d,0.25,compound_set,4,-0.673234820184184,-0.24981560071645156,True,0.1663237084950591,2.8445974192915604,0.92,4.394314345942142,1.0697331226749018,0.9697546771470554,0.09990888253002683,0.8728675710250262,0.160896,,-670.4204153239149,-4.392805622732102,-5.220235515728593,True,15.364399995981787,19.023164600926474,6.603496236314808,0.9992347985789085,True,OK,26.221918555414675,22.500732981881935,52.4888385487197,0.8580887372650184,0.1663806372660131,,,,,,,,,,,,0,,,-0.673234820184184,-0.703024407548535,-670.4204153239152,0.7000000000000001,1,,,25,,3,20,,4,,,,,,,,,,,,,,,,,,,,,,,,,,,,1,,,,,
TiF4_x005,TiF4_x050_s03,TiF4,P_4b,Cl_4d,0.25,compound_set,4,-0.6503491503529149,-0.25935200683075604,True,0.13766370604425382,2.8409661016949044,0.84,0.9668297435730088,1.018264228640713,,,,,,,,,,,,,,,,,,,,,,,,,,,,,,,,0,,,,,,0.3,5,,,25,,3,20,,4,,,,,,,,,,,,,,,,,,,,,,,,,,,,1,,,,,
TiF4_x005,TiF4_x050_s04,TiF4,P_4b,Cl_4d,0.25,compound_set,4,-0.672486153125258,-0.2489939103669913,True,0.1674897824405732,2.8440512766491137,0.92,4.411401437058198,1.069802736898256,,,,,,,,,,,,,,,,,,,,,,,,,,,,,,,,0,,,,,,0.4681017156888889,3,,,25,,3,20,,4,,,,,,,,,,,,,,,,,,,,,,,,,,,,1,,,,,
TiF4_x010,TiF4_x100_s00,TiF4,P_4b,Cl_4d,0.25,compound_set,4,-0.6640149041116787,-0.22781792745729343,True,0.2308695167327777,2.835539820951027,0.76,2.1514723335638193,1.0989375705587943,,,,,,,,,,,,,,,,,,,,,,,,,,,,,,,,0,,,,,,0.39746658012706326,4,,,25,,3,20,,4,,,,,,,,,,,,,,,,,,,,,,,,,,,,1,,,,,
TiF4_x010,TiF4_x100_s01,TiF4,P_4b,Cl_4d,0.25,compound_set,4,-0.6734791478846631,-0.25029505894502324,True,0.16531940091053632,2.844715024967513,0.92,4.3884970503636564,1.0696857430216906,,,,,,,,,,,,,,,,,,,,,,,,,,,,,,,,0,,,,,,0.46497027974857685,2,,,25,,3,20,,4,,,,,,,,,,,,,,,,,,,,,,,,,,,,1,,,,,
TiF4_x010,TiF4_x100_s02,TiF4,P_4b,Cl_4d,0.25,compound_set,4,-0.6731819920454081,-0.2497508765943425,True,0.16661689866015358,2.844614140385033,0.92,4.395863058612166,1.0697460225606055,0.9597639563858169,0.08952630384864568,0.8738398368034419,0.149376,,-673.8271169267216,-4.3962123133326525,-3.3426902948943322,True,20.922032420729387,19.402574982450023,2.546966491187117,0.9997112500937467,True,OK,22.443856667768713,19.85331988568004,45.99725477830411,0.8845770216573828,0.15842728176362497,,,,,,,,,,,,0,,,-0.6731819920454081,-0.7064310983529731,-673.8271169267218,0.7000000000000001,1,,,25,,3,20,,4,,,,,,,,,,,,,,,,,,,,,,,,,,,,1,,,,,
TiF4_x010,TiF4_x100_s03,TiF4,P_4b,Cl_4d,0.25,compound_set,4,-0.6503497645828276,-0.25935140436413456,True,0.13766463976407425,2.840968212225359,0.84,0.9666478619244155,1.0182639190313574,,,,,,,,,,,,,,,,,,,,,,,,,,,,,,,,0,,,,,,0.3,5,,,25,,3,20,,4,,,,,,,,,,,,,,,,,,,,,,,,,,,,1,,,,,
TiF4_x010,TiF4_x100_s04,TiF4,P_4b,Cl_4d,0.25,compound_set,4,-0.6730723304881021,-0.24973868977094663,True,0.16612161942894943,2.8444183567709707,0.92,4.400303859711996,1.0697471892851371,,,,,,,,,,,,,,,,,,,,,,,,,,,,,,,,0,,,,,,0.46206865548815257,3,,,25,,3,20,,4,,,,,,,,,,,,,,,,,,,,,,,,,,,,1,,,,,
TiO2_x002,TiO2_x020_cP4baS16e_s00,TiO2,P_4b,S_16e,0.25,compound_set,4,-0.652375120157143,-0.2459513712205604,True,0.1536858529139139,2.987024959306019,0.56,1.6363835548224959,1.0756219656073922,0.979204262037423,0.11864848347523298,0.8630231613341981,0.1408,,-870.588446878873,-4.344180767388056,-5.106735790516143,True,17.14227802337144,19.110719470667625,3.771995485682662,0.9986223720524066,True,OK,23.070454402924717,15.89705893495103,38.78313422519383,0.6890657053090253,0.2198210494120338,,,,,,,,,,,,0,,,-0.652375120157143,-0.6543995444567443,-870.5884468788731,0.5240724749183299,3,,4,25,2,3,18,,,,,,,,,,,,,,,,,,,,,,,,,,,,,,1,,,,,
TiO2_x002,TiO2_x020_cP4baS16e_s01,TiO2,P_4b,S_16e,0.25,compound_set,4,-0.6397280971399226,-0.21314899865404027,True,0.19241617070106118,2.9396115619182384,0.52,1.2725033327840407,1.1075710852533058,,,,,,,,,,,,,,,,,,,,,,,,,,,,,,,,0,,,,,,0.463578389160901,5,,4,25,2,3,18,,,,,,,,,,,,,,,,,,,,,,,,,,,,,,1,,,,,
TiO2_x002,TiO2_x020_cP4baS16e_s02,TiO2,P_4b,S_16e,0.25,compound_set,4,-0.6442167803122407,-0.25311511148650667,True,0.15807586745435906,2.9207179464463753,0.6,1.3723957712009933,1.148986913438441,,,,,,,,,,,,,,,,,,,,,,,,,,,,,,,,0,,,,,,0.48208636447515674,4,,4,25,2,3,18,,,,,,,,,,,,,,,,,,,,,,,,,,,,,,1,,,,,
TiO2_x002,TiO2_x020_cP4baS16e_s03,TiO2,P_4b,S_16e,0.25,compound_set,4,-0.6606876685523231,-0.2860029808972613,True,0.17893095772025078,2.8702955758353834,0.64,1.4768491477005747,1.0150237537398243,,,,,,,,,,,,,,,,,,,,,,,,,,,,,,,,0,,,,,,0.55,2,,4,25,2,3,18,,,,,,,,,,,,,,,,,,,,,,,,,,,,,,1,,,,,
TiO2_x002,TiO2_x020_cP4baS16e_s04,TiO2,P_4b,S_16e,0.25,compound_set,4,-0.6310020114689721,-0.15688990516012147,True,0.17684125120530914,2.9215845171926618,0.44,2.6101332216521924,1.0268127884175349,,,,,,,,,,,,,,,,,,,,,,,,,,,,,,,,0,,,,,,0.4275985322656707,6,,4,25,2,3,18,,,,,,,,,,,,,,,,,,,,,,,,,,,,,,1,,,,,
TiO2_x002,TiO2_x020_cP4baS4a_s00,TiO2,P_4b,S_4a,0.25,compound_set,4,-0.563676880584377,-0.12967628263855374,True,0.18973643374895902,2.9356473472561855,0.44,1.023995416400186,1.0485672550473135,,,,,,,,,,,,,,,,,,,,,,,,,,,,,,,,0,,,,,,0.15,10,,4,25,2,3,18,,,,,,,,,,,,,,,,,,,,,,,,,,,,,,1,,,,,
TiO2_x002,TiO2_x020_cP4baS4a_s01,TiO2,P_4b,S_4a,0.25,compound_set,4,-0.6428570001764262,-0.2378606219642478,True,0.33816969792669727,2.85902276844356,0.6,2.881600869814756,1.071736870003143,1.0011059339501773,0.12390798020150105,0.8751231198903243,0.140672,,-836.753186567104,-4.303145510524961,-2.9434271771992906,True,20.96830930458789,19.535412196473953,5.562116323902315,0.999908070153061,True,OK,22.50175397174069,18.613859062420662,43.77193184268371,0.8272181397857818,0.17578874149354737,,,,,,,,,,,,0,,,-0.6428570001764262,-0.6133642875936491,-836.7531865671043,0.6548737384781974,1,,4,25,2,3,18,,,,,,,,,,,,,,,,,,,,,,,,,,,,,,1,,,,,
TiO2_x002,TiO2_x020_cP4baS4a_s02,TiO2,P_4b,S_4a,0.25,compound_set,4,-0.6114484644837184,-0.26728983150304236,True,0.23907454068285863,2.7718327186118046,0.6,1.3694326789706501,1.0963527667062918,,,,,,,,,,,,,,,,,,,,,,,,,,,,,,,,0,,,,,,0.3469743155374672,8,,4,25,2,3,18,,,,,,,,,,,,,,,,,,,,,,,,,,,,,,1,,,,,
TiO2_x002,TiO2_x020_cP4baS4a_s03,TiO2,P_4b,S_4a,0.25,compound_set,4,-0.5908499366231021,-0.17975170438113175,True,0.1819863282537652,2.928470956129991,0.44,0.8647750837458862,1.0996088732529359,,,,,,,,,,,,,,,,,,,,,,,,,,,,,,,,0,,,,,,0.2620413785225764,9,,4,25,2,3,18,,,,,,,,,,,,,,,,,,,,,,,,,,,,,,1,,,,,
TiO2_x002,TiO2_x020_cP4baS4a_s04,TiO2,P_4b,S_4a,0.25,compound_set,4,-0.6198198636076189,-0.2625335752528193,True,0.23188516240656398,2.8753858917511645,0.4,1.4552599594901836,1.0350504509374225,,,,,,,,,,,,,,,,,,,,,,,,,,,,,,,,0,,,,,,0.3814917101458547,7,,4,25,2,3,18,,,,,,,,,,,,,,,,,,,,,,,,,,,,,,1,,,,,
TiO2_x005,TiO2_x050_cP4baS16e_s00,TiO2,P_4b,S_16e,0.25,compound_set,4,-0.6522672938726708,-0.2453631394015476,True,0.1530674555831294,2.9866462684484634,0.56,1.6167776171773551,1.0761057261783151,1.0005016531838131,0.09191511103506628,0.9076293452892119,0.139584,,-877.5540846796264,-4.351146390385771,-2.25481405431064,True,17.750318713927904,19.41973793549046,13.549292951013516,0.978347059512343,True,OK,25.44480627194021,17.301570109504702,42.314028422238714,0.6799647018175324,0.22283781629140426,,,,,,,,,,,,0,,,-0.6522672938726708,-0.6613651354440431,-877.5540846796259,0.523787951239816,2,,4,25,2,3,18,,,,,,,,,,,,,,,,,,,,,,,,,,,,,,1,,,,,
TiO2_x005,TiO2_x050_cP4baS16e_s01,TiO2,P_4b,S_16e,0.25,compound_set,4,-0.6397303161915224,-0.2131598491889648,True,0.19240663658276588,2.9396277738338275,0.52,1.2721836075898876,1.1075793952341346,,,,,,,,,,,,,,,,,,,,,,,,,,,,,,,,0,,,,,,0.4409983735883861,5,,4,25,2,3,18,,,,,,,,,,,,,,,,,,,,,,,,,,,,,,1,,,,,
TiO2_x005,TiO2_x050_cP4baS16e_s02,TiO2,P_4b,S_16e,0.25,compound_set,4,-0.6443811467935192,-0.25301167413234243,True,0.15806708726978685,2.9212693203794964,0.6,1.3729007926490862,1.1505852084874393,,,,,,,,,,,,,,,,,,,,,,,,,,,,,,,,0,,,,,,0.4587956242505472,4,,4,25,2,3,18,,,,,,,,,,,,,,,,,,,,,,,,,,,,,,1,,,,,
TiO2_x005,TiO2_x050_cP4baS16e_s03,TiO2,P_4b,S_16e,0.25,compound_set,4,-0.6606969729581444,-0.28598781205833784,True,0.17907276892078172,2.870278150932386,0.64,1.4780136278015283,1.0149064014391378,,,,,,,,,,,,,,,,,,,,,,,,,,,,,,,,0,,,,,,0.5212311057508651,3,,4,25,2,3,18,,,,,,,,,,,,,,,,,,,,,,,,,,,,,,1,,,,,
TiO2_x005,TiO2_x050_cP4baS16e_s04,TiO2,P_4b,S_16e,0.25,compound_set,4,-0.6310020860804388,-0.15688909894835684,True,0.17683964306735173,2.9215802402853392,0.44,2.6101517567043655,1.0268115589017408,,,,,,,,,,,,,,,,,,,,,,,,,,,,,,,,0,,,,,,0.4075982108180447,6,,4,25,2,3,18,,,,,,,,,,,,,,,,,,,,,,,,,,,,,,1,,,,,
TiO2_x005,TiO2_x050_cP4baS4a_s00,TiO2,P_4b,S_4a,0.25,compound_set,4,-0.5636857536516691,-0.12967657863575785,True,0.18984898956471616,2.935346996021902,0.44,1.023797327022703,1.0485565179666119,,,,,,,,,,,,,,,,,,,,,,,,,,,,,,,,0,,,,,,0.15,10,,4,25,2,3,18,,,,,,,,,,,,,,,,,,,,,,,,,,,,,,1,,,,,
TiO2_x005,TiO2_x050_cP4baS4a_s01,TiO2,P_4b,S_4a,0.25,compound_set,4,-0.6026917936315166,-0.21701568714619474,True,0.2939552226541317,2.8903037750109855,0.56,2.7247758441005896,1.049153117112394,0.9753749211476517,0.11403837129414955,0.8641447537388139,0.138496,,-891.6038559515804,-4.357996201113789,-8.036114533452379,True,23.342135237330314,18.36539365382779,4.321688163702926,0.9998223725268289,True,OK,30.59514513520208,24.700369030411157,58.38825092324578,0.8073296897680499,0.18193074061683087,,,,,,,,,,,,0,,,-0.6026917936315166,-0.668214946172061,-891.6038559515802,0.85,1,,4,25,2,3,18,,,,,,,,,,,,,,,,,,,,,,,,,,,,,,1,,,,,
TiO2_x005,TiO2_x050_cP4baS4a_s02,TiO2,P_4b,S_4a,0.25,compound_set,4,-0.6118588014488009,-0.2692789111593507,True,0.24006769396576974,2.7726006822096902,0.6,1.2984673890478928,1.0959602891585742,,,,,,,,,,,,,,,,,,,,,,,,,,,,,,,,0,,,,,,0.33434294434154,8,,4,25,2,3,18,,,,,,,,,,,,,,,,,,,,,,,,,,,,,,1,,,,,
TiO2_x005,TiO2_x050_cP4baS4a_s03,TiO2,P_4b,S_4a,0.25,compound_set,4,-0.5908534010303028,-0.1797367253399752,True,0.18193577660755822,2.9284913521086837,0.44,0.8644147612801374,1.0996207237423246,,,,,,,,,,,,,,,,,,,,,,,,,,,,,,,,0,,,,,,0.25396195253621145,9,,4,25,2,3,18,,,,,,,,,,,,,,,,,,,,,,,,,,,,,,1,,,,,
TiO2_x005,TiO2_x050_cP4baS4a_s04,TiO2,P_4b,S_4a,0.25,compound_set,4,-0.6199316091888085,-0.2632773954308827,True,0.23123558426182722,2.8751017774544603,0.4,1.469438402122566,1.035777765750649,,,,,,,,,,,,,,,,,,,,,,,,,,,,,,,,0,,,,,,0.36523501399349967,7,,4,25,2,3,18,,,,,,,,,,,,,,,,,,,,,,,,,,,,,,1,,,,,
TiO2_x010,TiO2_x100_cP4baS16e_s00,TiO2,P_4b,S_16e,0.25,compound_set,4,-0.6523772502135547,-0.24596738014259495,True,0.15391283121353905,2.986473492508121,0.56,1.6306125101347444,1.075583164850553,0.9996197643504633,0.11627367546054267,0.8833903002864334,0.151936,,-883.44171087568,-4.357033999578335,-4.803613140587508,True,23.52964431322754,19.104642019377074,6.066363374951019,0.9998931555975884,True,OK,26.02730044261672,17.099563540805,42.08276585104752,0.6569856746574618,0.23052163731035144,,,,,,,,,,,,0,,,-0.6523772502135547,-0.6672526981501439,-883.4417108756804,0.55,2,,4,25,2,3,18,,,,,,,,,,,,,,,,,,,,,,,,,,,,,,1,,,,,
TiO2_x010,TiO2_x100_cP4baS16e_s01,TiO2,P_4b,S_16e,0.25,compound_set,4,-0.6397542491266752,-0.21328090597972546,True,0.19229014158998703,2.9401014003152626,0.52,1.2681525299044287,1.1076876630382924,,,,,,,,,,,,,,,,,,,,,,,,,,,,,,,,0,,,,,,0.44380642771820167,5,,4,25,2,3,18,,,,,,,,,,,,,,,,,,,,,,,,,,,,,,1,,,,,
TiO2_x010,TiO2_x100_cP4baS16e_s02,TiO2,P_4b,S_16e,0.25,compound_set,4,-0.6443636745805414,-0.25301897547883645,True,0.15804010394372195,2.921130899163007,0.6,1.3731525051122175,1.150472530884551,,,,,,,,,,,,,,,,,,,,,,,,,,,,,,,,0,,,,,,0.46160711730236503,4,,4,25,2,3,18,,,,,,,,,,,,,,,,,,,,,,,,,,,,,,1,,,,,
TiO2_x010,TiO2_x100_cP4baS16e_s03,TiO2,P_4b,S_16e,0.25,compound_set,4,-0.6607121348430973,-0.286024596364057,True,0.17925670338293548,2.870309534966862,0.64,1.4828268001499487,1.0149686241117368,,,,,,,,,,,,,,,,,,,,,,,,,,,,,,,,0,,,,,,0.5247416379113693,3,,4,25,2,3,18,,,,,,,,,,,,,,,,,,,,,,,,,,,,,,1,,,,,
TiO2_x010,TiO2_x100_cP4baS16e_s04,TiO2,P_4b,S_16e,0.25,compound_set,4,-0.6310016187576015,-0.15688825956110763,True,0.17684043632730448,2.921583412439277,0.44,2.6101064057258894,1.0268116455198686,,,,,,,,,,,,,,,,,,,,,,,,,,,,,,,,0,,,,,,0.4100055000745797,6,,4,25,2,3,18,,,,,,,,,,,,,,,,,,,,,,,,,,,,,,1,,,,,
TiO2_x010,TiO2_x100_cP4baS4a_s00,TiO2,P_4b,S_4a,0.25,compound_set,4,-0.563674116386276,-0.12967923648589413,True,0.18968735705497317,2.9358303608209804,0.44,1.0239532757173448,1.0485722365120675,,,,,,,,,,,,,,,,,,,,,,,,,,,,,,,,0,,,,,,0.15,10,,4,25,2,3,18,,,,,,,,,,,,,,,,,,,,,,,,,,,,,,1,,,,,
TiO2_x010,TiO2_x100_cP4baS4a_s01,TiO2,P_4b,S_4a,0.25,compound_set,4,-0.6020717097865158,-0.2144433586017793,True,0.29814990655947077,2.889642228198149,0.52,2.719109986401843,1.0478743431027615,0.9843867282870287,0.11638864599557223,0.8698152898456901,0.14176,,-837.8345711140787,-4.304226925278134,-4.026213708127709,True,23.598662381917205,19.50120818556956,4.181689323240114,0.9999954806097189,True,OK,31.603087506766286,22.33627796559872,54.232180736451106,0.7067751833050007,0.21399323602564738,,,,,,,,,,,,0,,,-0.6020717097865158,-0.6144456238499427,-837.8345711140782,0.6460695217063795,1,,4,25,2,3,18,,,,,,,,,,,,,,,,,,,,,,,,,,,,,,1,,,,,
TiO2_x010,TiO2_x100_cP4baS4a_s02,TiO2,P_4b,S_4a,0.25,compound_set,4,-0.6116149527735621,-0.26813976833224257,True,0.2391136957693733,2.772181921553279,0.6,1.3401767024994184,1.0962626602868473,,,,,,,,,,,,,,,,,,,,,,,,,,,,,,,,0,,,,,,0.3351380297775413,8,,4,25,2,3,18,,,,,,,,,,,,,,,,,,,,,,,,,,,,,,1,,,,,
TiO2_x010,TiO2_x100_cP4baS4a_s03,TiO2,P_4b,S_4a,0.25,compound_set,4,-0.590847492540703,-0.17977401881887156,True,0.18207922414269398,2.928422629219694,0.44,0.8656727557301038,1.0995995167194397,,,,,,,,,,,,,,,,,,,,,,,,,,,,,,,,0,,,,,,0.25493820514505694,9,,4,25,2,3,18,,,,,,,,,,,,,,,,,,,,,,,,,,,,,,1,,,,,
TiO2_x010,TiO2_x100_cP4baS4a_s04,TiO2,P_4b,S_4a,0.25,compound_set,4,-0.6201011878167697,-0.26739459533227056,True,0.23173381161485185,2.8754155854029557,0.4,1.5528520273073039,1.0400650746997762,,,,,,,,,,,,,,,,,,,,,,,,,,,,,,,,0,,,,,,0.36791019135262043,7,,4,25,2,3,18,,,,,,,,,,,,,,,,,,,,,,,,,,,,,,1,,,,,
V2O5_x002,V2O5_x020_cP4baS16e_s00,V2O5,P_4b,S_16e,0.25,compound_set,4,-0.9543279680664476,-0.23363599833555043,True,0.19168457068121786,2.8632693508523386,1.0,0.4886202121575546,1.0773456500907246,,,,,,,,,,,,,,,,,,,,,,,,,,,,,,,,0,,,,,,0.5036855125328064,2,,4,24,5,2,15,,,,,,,,,,,,,,,,,,,,,,,,,,,,,,,2,,,,
V2O5_x002,V2O5_x020_cP4baS16e_s01,V2O5,P_4b,S_16e,0.25,compound_set,4,-0.9282177822718749,-0.19790901772602634,True,0.1487190046926834,2.8623102287985467,0.9166666666666666,0.8009299210978964,1.1093583582680053,,,,,,,,,,,,,,,,,,,,,,,,,,,,,,,,0,,,,,,0.46027518237458676,3,,4,24,5,2,15,,,,,,,,,,,,,,,,,,,,,,,,,,,,,,,2,,,,
V2O5_x002,V2O5_x020_cP4baS16e_s02,V2O5,P_4b,S_16e,0.25,compound_set,4,-0.9203939431733303,-0.14361939353755473,True,0.2609169943271006,2.9431214660062275,0.9166666666666666,1.4725930038143726,1.1251837882184468,,,,,,,,,,,,,,,,,,,,,,,,,,,,,,,,0,,,,,,0.44726740674844756,5,,4,24,5,2,15,,,,,,,,,,,,,,,,,,,,,,,,,,,,,,,2,,,,
V2O5_x002,V2O5_x020_cP4baS16e_s03,V2O5,P_4b,S_16e,0.25,compound_set,4,-0.9543289527435466,-0.23363659092330638,True,0.1917307484364633,2.8632751295675605,1.0,0.48941978439472167,1.0773086036537112,0.9883800691115526,0.11121084211139026,0.8784614892995428,0.156288,,-1014.0299956309566,-4.671966139119048,-5.750866667721928,True,13.141503003214211,19.165615144196575,0.8716360289566708,0.9988964926890246,True,OK,31.879555963819534,23.63582774190723,56.85622230664805,0.7414101930632847,0.20275504897676527,,,,,,,,,,,,0,,,-0.9543289527435466,-0.9821849290326812,-1014.029995630957,0.85,1,,4,24,5,2,15,,,,,,,,,,,,,,,,,,,,,,,,,,,,,,,2,,,,
V2O5_x002,V2O5_x020_cP4baS16e_s04,V2O5,P_4b,S_16e,0.25,compound_set,4,-0.925212282101449,-0.16706217887265737,True,0.16408715724297365,2.85805589318151,0.8333333333333334,1.2970485461303356,1.1040011073393332,,,,,,,,,,,,,,,,,,,,,,,,,,,,,,,,0,,,,,,0.4552782912871287,4,,4,24,5,2,15,,,,,,,,,,,,,,,,,,,,,,,,,,,,,,,2,,,,
V2O5_x002,V2O5_x020_cP4baS4a_s00,V2O5,P_4b,S_4a,0.25,compound_set,4,-0.7415953209886261,-0.19109253135626342,True,0.2310386082792746,2.7814505661088966,0.7083333333333334,1.0610516970407906,1.0274820853869018,,,,,,,,,,,,,,,,,,,,,,,,,,,,,,,,0,,,,,,0.15,10,,4,24,5,2,15,,,,,,,,,,,,,,,,,,,,,,,,,,,,,,,2,,,,
V2O5_x002,V2O5_x020_cP4baS4a_s01,V2O5,P_4b,S_4a,0.25,compound_set,4,-0.7554934263138868,-0.2721968654305373,True,0.2569326602817208,2.8375188577305672,0.7916666666666666,0.793227501049232,1.0287906166186416,,,,,,,,,,,,,,,,,,,,,,,,,,,,,,,,0,,,,,,0.17310674253680278,8,,4,24,5,2,15,,,,,,,,,,,,,,,,,,,,,,,,,,,,,,,2,,,,
V2O5_x002,V2O5_x020_cP4baS4a_s02,V2O5,P_4b,S_4a,0.25,compound_set,4,-0.7574204402110354,-0.21552822891108595,True,0.21428620417831365,2.819660114419038,0.7083333333333334,2.1595655331562695,1.2179284220150388,,,,,,,,,,,,,,,,,,,,,,,,,,,,,,,,0,,,,,,0.176310561542644,7,,4,24,5,2,15,,,,,,,,,,,,,,,,,,,,,,,,,,,,,,,2,,,,
V2O5_x002,V2O5_x020_cP4baS4a_s03,V2O5,P_4b,S_4a,0.25,compound_set,4,-0.7768904426377858,-0.2444254053981613,True,0.17160015520559946,2.846703789688062,0.75,0.540392837244393,1.257517854812861,0.9895050958583052,0.13637350911287033,0.8545628136510409,0.141824,,-920.234653958095,-4.489067112562318,-4.151821998591373,True,14.446828677312745,19.43226672187172,6.975024741592943,0.996337879045666,True,OK,22.01131191947998,15.629405185817546,37.914361305180414,0.7100624098641547,0.2129176016111193,,,,,,,,,,,,0,,,-0.7768904426377858,-0.7992859024759511,-920.234653958095,0.24591533392707648,6,,4,24,5,2,15,,,,,,,,,,,,,,,,,,,,,,,,,,,,,,,2,,,,
V2O5_x002,V2O5_x020_cP4baS4a_s04,V2O5,P_4b,S_4a,0.25,compound_set,4,-0.747002447837505,-0.20771256869449506,True,0.2670165443424726,2.8414729362428304,0.8333333333333334,1.4807862071734166,1.0761472000849723,,,,,,,,,,,,,,,,,,,,,,,,,,,,,,,,0,,,,,,0.15898979285570602,9,,4,24,5,2,15,,,,,,,,,,,,,,,,,,,,,,,,,,,,,,,2,,,,
V2O5_x005,V2O5_x050_cP4baS16e_s00,V2O5,P_4b,S_16e,0.25,compound_set,4,-0.9543098283549307,-0.23361443826836772,True,0.19180873882800067,2.863180640133443,1.0,0.4838273604049224,1.0773273603649454,,,,,,,,,,,,,,,,,,,,,,,,,,,,,,,,0,,,,,,0.510521632821402,3,,4,24,5,2,15,,,,,,,,,,,,,,,,,,,,,,,,,,,,,,,2,,,,
V2O5_x005,V2O5_x050_cP4baS16e_s01,V2O5,P_4b,S_16e,0.25,compound_set,4,-0.9281171692015198,-0.1973555608742073,True,0.14908246088693722,2.8627545480142538,0.9166666666666666,0.8160301864592204,1.1087924830387905,,,,,,,,,,,,,,,,,,,,,,,,,,,,,,,,0,,,,,,0.4661293834481006,4,,4,24,5,2,15,,,,,,,,,,,,,,,,,,,,,,,,,,,,,,,2,,,,
V2O5_x005,V2O5_x050_cP4baS16e_s02,V2O5,P_4b,S_16e,0.25,compound_set,4,-0.9202550334630377,-0.14398590990891674,True,0.2605481964794023,2.9435525166993037,0.9166666666666666,1.4390297788196869,1.1246022704086676,,,,,,,,,,,,,,,,,,,,,,,,,,,,,,,,0,,,,,,0.45280435645235984,6,,4,24,5,2,15,,,,,,,,,,,,,,,,,,,,,,,,,,,,,,,2,,,,
V2O5_x005,V2O5_x050_cP4baS16e_s03,V2O5,P_4b,S_16e,0.25,compound_set,4,-0.9543741724515131,-0.23376230739905757,True,0.19060277083505478,2.862975737287197,1.0,0.4891580648994524,1.077616889217181,0.9812753889124194,0.12167876700309606,0.8618750094990726,0.168256,,-1009.4483185780332,-4.667384438007341,-1.9551468147545694,True,19.40016842145877,20.112635459465317,5.0461839319225,0.9999636492383441,True,OK,23.8053454468508,18.1483755011868,43.4129477656238,0.7623655595213233,0.19605602613812045,,,,,,,,,,,,0,,,-0.9543741724515131,-0.9776031606379334,-1009.4483185780332,0.55,2,,4,24,5,2,15,,,,,,,,,,,,,,,,,,,,,,,,,,,,,,,2,,,,
V2O5_x005,V2O5_x050_cP4baS16e_s04,V2O5,P_4b,S_16e,0.25,compound_set,4,-0.9252009228892772,-0.16701233912015728,True,0.16402496090141877,2.85806449608706,0.8333333333333334,1.2974976365695594,1.1038157360834548,,,,,,,,,,,,,,,,,,,,,,,,,,,,,,,,0,,,,,,0.46118682558221935,5,,4,24,5,2,15,,,,,,,,,,,,,,,,,,,,,,,,,,,,,,,2,,,,
V2O5_x005,V2O5_x050_cP4baS4a_s00,V2O5,P_4b,S_4a,0.25,compound_set,4,-0.7415920593922829,-0.19108849870220368,True,0.23100106902701603,2.7814166896712096,0.7083333333333334,1.061031379458264,1.0274849858181097,,,,,,,,,,,,,,,,,,,,,,,,,,,,,,,,0,,,,,,0.15,10,,4,24,5,2,15,,,,,,,,,,,,,,,,,,,,,,,,,,,,,,,2,,,,
V2O5_x005,V2O5_x050_cP4baS4a_s01,V2O5,P_4b,S_4a,0.25,compound_set,4,-0.755560631112032,-0.2725010246928863,True,0.2574170348463372,2.837922240648837,0.7916666666666666,0.8063969922530236,1.028916366553177,,,,,,,,,,,,,,,,,,,,,,,,,,,,,,,,0,,,,,,0.1736744316619412,8,,4,24,5,2,15,,,,,,,,,,,,,,,,,,,,,,,,,,,,,,,2,,,,
V2O5_x005,V2O5_x050_cP4baS4a_s02,V2O5,P_4b,S_4a,0.25,compound_set,4,-0.7574192900788237,-0.21553754659518498,True,0.2142004284150534,2.819640252734331,0.7083333333333334,2.1583296701346333,1.2179396535940261,,,,,,,,,,,,,,,,,,,,,,,,,,,,,,,,0,,,,,,0.17682455291807164,7,,4,24,5,2,15,,,,,,,,,,,,,,,,,,,,,,,,,,,,,,,2,,,,
V2O5_x005,V2O5_x050_cP4baS4a_s03,V2O5,P_4b,S_4a,0.25,compound_set,4,-0.7771434172350986,-0.2446679150407232,True,0.1731006047002399,2.847983310903949,0.75,0.46289651444641716,1.2596972759442577,0.9714779564512322,0.10512801830296675,0.8693484040644983,0.146112,,-939.4146647486854,-4.508247123760684,-6.10577156864627,True,,,,0.9932714388634655,False,"r2=0.9933 / V0 / B0'=-17.62 unphysical (need r2>=0.95, 0<B0'<15)",26.424161652334305,19.700001486185975,47.33643038349929,0.7455298580663081,0.2014321525988848,,,,,,,,,,,,0,,,-0.7771434172350986,-0.8184658463912768,-939.4146647486847,0.5802884255753383,1,,4,24,5,2,15,,,,,,,,,,,,,,,,,,,,,,,,,,,,,,,2,,,,
V2O5_x005,V2O5_x050_cP4baS4a_s04,V2O5,P_4b,S_4a,0.25,compound_set,4,-0.7469637640652262,-0.20762165339582078,True,0.2674361490404907,2.8416975665973054,0.8333333333333334,1.4779891388155804,1.0760625337054257,,,,,,,,,,,,,,,,,,,,,,,,,,,,,,,,0,,,,,,0.15910415593943142,9,,4,24,5,2,15,,,,,,,,,,,,,,,,,,,,,,,,,,,,,,,2,,,,
V2O5_x010,V2O5_x100_cP4baS16e_s00,V2O5,P_4b,S_16e,0.25,compound_set,4,-0.9543074305301014,-0.23361009383072642,True,0.19194163458443156,2.8631995818993263,1.0,0.48689449820591524,1.0771945217023347,,,,,,,,,,,,,,,,,,,,,,,,,,,,,,,,0,,,,,,0.5084365771727525,2,,4,24,5,2,15,,,,,,,,,,,,,,,,,,,,,,,,,,,,,,,2,,,,
V2O5_x010,V2O5_x100_cP4baS16e_s01,V2O5,P_4b,S_16e,0.25,compound_set,4,-0.9280660982647433,-0.19764087010746692,True,0.1496218481209743,2.8627023296581307,0.9166666666666666,0.8003982777327877,1.1089555910867273,,,,,,,,,,,,,,,,,,,,,,,,,,,,,,,,0,,,,,,0.4642191353320818,3,,4,24,5,2,15,,,,,,,,,,,,,,,,,,,,,,,,,,,,,,,2,,,,
V2O5_x010,V2O5_x100_cP4baS16e_s02,V2O5,P_4b,S_16e,0.25,compound_set,4,-0.9202347289706756,-0.14404730634708682,True,0.2605123468573206,2.943637195488637,0.9166666666666666,1.4342839187673015,1.1245250313118706,,,,,,,,,,,,,,,,,,,,,,,,,,,,,,,,0,,,,,,0.4510230402256459,5,,4,24,5,2,15,,,,,,,,,,,,,,,,,,,,,,,,,,,,,,,2,,,,
V2O5_x010,V2O5_x100_cP4baS16e_s03,V2O5,P_4b,S_16e,0.25,compound_set,4,-0.9543237365239143,-0.23363325569706134,True,0.19169513072515854,2.8632701597322487,1.0,0.4884384556627503,1.0773172296698892,0.9825181576547347,0.10335616949704816,0.8809688444182444,0.155712,,-1010.8188561130783,-4.668754981659026,-6.582677807707165,True,,,,0.99891518458557,False,"r2=0.9989 / V0 / B0'=-1.09 unphysical (need r2>=0.95, 0<B0'<15)",28.17744631442819,22.557576175231937,53.418046121523965,0.8005543129606243,0.18403780855180277,,,,,,,,,,,,0,,,-0.9543237365239143,-0.9789737057168351,-1010.8188561130786,0.85,1,,4,24,5,2,15,,,,,,,,,,,,,,,,,,,,,,,,,,,,,,,2,,,,
V2O5_x010,V2O5_x100_cP4baS16e_s04,V2O5,P_4b,S_16e,0.25,compound_set,4,-0.9252475398417115,-0.16726184041730904,True,0.164296190957986,2.8580100423412005,0.8333333333333334,1.2998513838453691,1.1045592335264933,,,,,,,,,,,,,,,,,,,,,,,,,,,,,,,,0,,,,,,0.459469778787046,4,,4,24,5,2,15,,,,,,,,,,,,,,,,,,,,,,,,,,,,,,,2,,,,
V2O5_x010,V2O5_x100_cP4baS4a_s00,V2O5,P_4b,S_4a,0.25,compound_set,4,-0.7415892603668404,-0.19108419593441384,True,0.23096884228066428,2.781387983386471,0.7083333333333334,1.0609958107898492,1.0274874790171202,,,,,,,,,,,,,,,,,,,,,,,,,,,,,,,,0,,,,,,0.15,10,,4,24,5,2,15,,,,,,,,,,,,,,,,,,,,,,,,,,,,,,,2,,,,
V2O5_x010,V2O5_x100_cP4baS4a_s01,V2O5,P_4b,S_4a,0.25,compound_set,4,-0.7557215452308901,-0.2728865608353552,True,0.25622147134684464,2.8373489202379996,0.7916666666666666,0.8126897935764067,1.0295433237682072,,,,,,,,,,,,,,,,,,,,,,,,,,,,,,,,0,,,,,,0.17381332920649178,8,,4,24,5,2,15,,,,,,,,,,,,,,,,,,,,,,,,,,,,,,,2,,,,
V2O5_x010,V2O5_x100_cP4baS4a_s02,V2O5,P_4b,S_4a,0.25,compound_set,4,-0.757418334659655,-0.21552429566378523,True,0.21422773621448796,2.819641513055583,0.7083333333333334,2.158930835052014,1.2179255700233196,,,,,,,,,,,,,,,,,,,,,,,,,,,,,,,,0,,,,,,0.17667247092702576,7,,4,24,5,2,15,,,,,,,,,,,,,,,,,,,,,,,,,,,,,,,2,,,,
V2O5_x010,V2O5_x100_cP4baS4a_s03,V2O5,P_4b,S_4a,0.25,compound_set,4,-0.7751094304401667,-0.24399856082548732,True,0.16269846746713887,2.839485655864191,0.75,0.8819736893708364,1.2435286251770692,0.9809567750467599,0.11397922326622519,0.8691480837691891,0.1552,,-928.290546502333,-4.497122996339371,-5.584745534329667,True,20.231104060179796,19.319662295307147,4.308344240538861,0.9999976112158971,True,OK,28.172054361772524,20.261731228586473,49.03067938478827,0.7192138339786893,0.20993312051274343,,,,,,,,,,,,0,,,-0.7751094304401667,-0.8073417203971802,-928.2905465023327,0.26079489211417506,6,,4,24,5,2,15,,,,,,,,,,,,,,,,,,,,,,,,,,,,,,,2,,,,
V2O5_x010,V2O5_x100_cP4baS4a_s04,V2O5,P_4b,S_4a,0.25,compound_set,4,-0.7469609722268356,-0.20761545565385395,True,0.2674651741008535,2.841713761213359,0.8333333333333334,1.4778295156467487,1.0760567947178787,,,,,,,,,,,,,,,,,,,,,,,,,,,,,,,,0,,,,,,0.15905149762795157,9,,4,24,5,2,15,,,,,,,,,,,,,,,,,,,,,,,,,,,,,,,2,,,,
WO3_x002,WO3_x020_cP4baS16e_s00,WO3,P_4b,S_16e,0.25,compound_set,4,-0.7892805714073727,-0.16913751352837803,True,0.22276890895351717,2.95570713301668,0.6086956521739131,0.49779186642066087,1.0595335017525975,,,,,,,,,,,,,,,,,,,,,,,,,,,,,,,,0,,,,,,0.40231701979300294,6,,4,23,3,3,17,,,,,,,,,,,,,,,,,,,,,,,,,,,,,,,,1,,,
WO3_x002,WO3_x020_cP4baS16e_s01,WO3,P_4b,S_16e,0.25,compound_set,4,-0.7926734024456925,-0.18420246371444354,True,0.22306301945721435,2.9815818142706583,0.7391304347826086,0.48712467980392904,1.06003051903122,0.991027309480346,0.09814408606864139,0.8937638399223329,0.154944,,-933.0418485970415,-4.518369930286876,-4.609104945064165,True,15.592759221033988,19.970844720518198,7.384772091637117,0.9998494641490905,True,OK,23.109739583787878,12.06263934251507,30.824705859329484,0.5219721017963069,0.2776932553511343,,,,,,,,,,,,0,,,-0.7926734024456925,-0.8285887032778048,-933.0418485970417,0.5921784910715527,3,,4,23,3,3,17,,,,,,,,,,,,,,,,,,,,,,,,,,,,,,,,1,,,
WO3_x002,WO3_x020_cP4baS16e_s02,WO3,P_4b,S_16e,0.25,compound_set,4,-0.7887646143802378,-0.16787667183957186,True,0.18734915327932872,3.0163995556594942,0.6086956521739131,0.8107514399945608,1.109826493300662,,,,,,,,,,,,,,,,,,,,,,,,,,,,,,,,0,,,,,,0.40168986268893436,7,,4,23,3,3,17,,,,,,,,,,,,,,,,,,,,,,,,,,,,,,,,1,,,
WO3_x002,WO3_x020_cP4baS16e_s03,WO3,P_4b,S_16e,0.25,compound_set,4,-0.7876276144156291,-0.19149684680779425,True,0.2361791594024327,2.8919006678422963,0.7391304347826086,0.7109095607501341,1.0990721524183473,,,,,,,,,,,,,,,,,,,,,,,,,,,,,,,,0,,,,,,0.4003078142476335,8,,4,23,3,3,17,,,,,,,,,,,,,,,,,,,,,,,,,,,,,,,,1,,,
WO3_x002,WO3_x020_cP4baS16e_s04,WO3,P_4b,S_16e,0.25,compound_set,4,-0.7838481414549632,-0.19584811096384463,True,0.14457793852814835,3.0287564995183422,0.6956521739130435,2.219996350761553,1.0568073323311826,,,,,,,,,,,,,,,,,,,,,,,,,,,,,,,,0,,,,,,0.39571378181419825,9,,4,23,3,3,17,,,,,,,,,,,,,,,,,,,,,,,,,,,,,,,,1,,,
WO3_x002,WO3_x020_cP4baS4a_s00,WO3,P_4b,S_4a,0.25,compound_set,4,-0.5900088157296146,-0.10426221885716398,True,0.18476766545063641,2.7897856338972513,0.5217391304347826,0.5458879302593952,1.0233408231803325,,,,,,,,,,,,,,,,,,,,,,,,,,,,,,,,0,,,,,,0.16009782198984945,19,,4,23,3,3,17,,,,,,,,,,,,,,,,,,,,,,,,,,,,,,,,1,,,
WO3_x002,WO3_x020_cP4baS4a_s01,WO3,P_4b,S_4a,0.25,compound_set,4,-0.5817014200537605,-0.13066331280028046,True,0.2898826984660912,2.9088114518579964,0.5217391304347826,0.7712852033101273,1.060025385699595,,,,,,,,,,,,,,,,,,,,,,,,,,,,,,,,0,,,,,,0.15,20,,4,23,3,3,17,,,,,,,,,,,,,,,,,,,,,,,,,,,,,,,,1,,,
WO3_x002,WO3_x020_cP4baS4a_s02,WO3,P_4b,S_4a,0.25,compound_set,4,-0.6934272909748431,-0.0952772826026123,True,0.36568823050840105,2.848459122300835,0.6521739130434783,0.9167100670299047,1.043674758752559,0.9931059153035757,0.11868750742097062,0.8752366496111729,0.139072,,-1058.2694456349118,-4.394348415381485,-5.833507335874854,True,16.25727176061745,19.613655059263742,0.3892693619877452,0.9980951601346614,True,OK,28.692586132660573,19.758115185143183,48.20863307667988,0.688613953924936,0.2199704431556721,,,,,,,,,,,,0,,,-0.6934272909748431,-0.7045671883724136,-1058.2694456349122,0.59934604123094,2,,4,23,3,3,17,,,,,,,,,,,,,,,,,,,,,,,,,,,,,,,,1,,,
WO3_x002,WO3_x020_cP4baS4a_s03,WO3,P_4b,S_4a,0.25,compound_set,4,-0.630072908736425,-0.1980207690948007,True,0.3045872243476542,2.9069866019734976,0.4782608695652174,1.1387358142265982,1.0683047850708,,,,,,,,,,,,,,,,,,,,,,,,,,,,,,,,0,,,,,,0.2087966074038412,17,,4,23,3,3,17,,,,,,,,,,,,,,,,,,,,,,,,,,,,,,,,1,,,
WO3_x002,WO3_x020_cP4baS4a_s04,WO3,P_4b,S_4a,0.25,compound_set,4,-0.5946554284541561,-0.1900637019762561,True,0.23148613088828288,2.8609999311880414,0.5652173913043478,2.1587593563528,1.064973066352306,,,,,,,,,,,,,,,,,,,,,,,,,,,,,,,,0,,,,,,0.16574588186071448,18,,4,23,3,3,17,,,,,,,,,,,,,,,,,,,,,,,,,,,,,,,,1,,,
WO3_x002,WO3_x020_chain_Cl_x200_cLi24gaS16e_s00,WO3+Clrich,Li_24g,S_16e,0.25,compound_set_chain,4,-0.7578663788558471,-0.2068681622526964,True,0.3869316207145373,3.0896597094358986,0.6470588235294118,2.7451417692522937,1.2297104292033723,,,,,,,,,,,,,,,,,,,,,,,,,,,,,,,,0,,,,,,0.36413237845442287,10,,5,17,3,4,16,,,,,,,,,,,,,,,,,,,,,,,,,,,,,,,,1,,,
WO3_x002,WO3_x020_chain_Cl_x200_cLi24gaS16e_s01,WO3+Clrich,Li_24g,S_16e,0.25,compound_set_chain,4,-0.8504931593735137,-0.06470335106651601,True,0.32007800287566335,3.034864325430665,0.5882352941176471,2.721928755647504,1.076061777443745,0.970513800675504,0.0885480555603333,0.8845766907312193,0.143232,,-1087.1612916776821,-4.600559380013953,-4.828761663353806,True,14.01156121679833,21.785194269803586,5.60937395583809,0.9955885617471888,True,OK,20.205126425167236,15.032597366299274,36.13605933581432,0.7439991737727942,0.20192334216393287,,,,,,,,,,,,0,,,-0.8504931593735137,-0.9107781530048822,-1087.1612916776826,0.7403307734611242,1,,5,17,3,4,16,,,,,,,,,,,,,,,,,,,,,,,,,,,,,,,,1,,,
WO3_x002,WO3_x020_chain_Cl_x200_cLi24gaS16e_s02,WO3+Clrich,Li_24g,S_16e,0.25,compound_set_chain,4,-0.7373396393586615,-0.07320646389468466,True,0.31754964757746834,3.161248442277464,0.47058823529411764,1.0791956998441565,1.0453446700653717,,,,,,,,,,,,,,,,,,,,,,,,,,,,,,,,0,,,,,,0.3391816755431546,13,,5,17,3,4,16,,,,,,,,,,,,,,,,,,,,,,,,,,,,,,,,1,,,
WO3_x002,WO3_x020_chain_Cl_x200_cLi24gaS16e_s03,WO3+Clrich,Li_24g,S_16e,0.25,compound_set_chain,4,-0.7187259119053238,-0.03831373935976525,True,0.248604930648749,3.1850714302902183,0.4117647058823529,0.565851604224329,1.0948709392031968,,,,,,,,,,,,,,,,,,,,,,,,,,,,,,,,0,,,,,,0.31655628080751097,14,,5,17,3,4,16,,,,,,,,,,,,,,,,,,,,,,,,,,,,,,,,1,,,
WO3_x002,WO3_x020_chain_Cl_x200_cLi24gaS16e_s04,WO3+Clrich,Li_24g,S_16e,0.25,compound_set_chain,4,-0.847964336702768,-0.06295315822495953,True,0.21501957122739893,2.9770502028216357,0.5882352941176471,0.8808233838349884,1.0104766929779978,,,,,,,,,,,,,,,,,,,,,,,,,,,,,,,,0,,,,,,0.4736484260205124,4,,5,17,3,4,16,,,,,,,,,,,,,,,,,,,,,,,,,,,,,,,,1,,,
WO3_x002,WO3_x020_chain_Cl_x200_cLi24gaS4a_s00,WO3+Clrich,Li_24g,S_4a,0.25,compound_set_chain,4,-0.7501728159011298,0.019491597953779367,True,0.3636502606859192,3.025403243483144,0.7058823529411765,2.3659906135439255,1.1041034459461498,,,,,,,,,,,,,,,,,,,,,,,,,,,,,,,,0,,,,,,0.3547806836254117,11,,5,17,3,4,16,,,,,,,,,,,,,,,,,,,,,,,,,,,,,,,,1,,,
WO3_x002,WO3_x020_chain_Cl_x200_cLi24gaS4a_s01,WO3+Clrich,Li_24g,S_4a,0.25,compound_set_chain,4,-0.6696095432696128,0.08412707684812488,True,0.4728456968992934,3.201542499621844,0.5882352941176471,0.5637407582913514,1.0165569813070896,,,,,,,,,,,,,,,,,,,,,,,,,,,,,,,,0,,,,,,0.2568542554528271,16,,5,17,3,4,16,,,,,,,,,,,,,,,,,,,,,,,,,,,,,,,,1,,,
WO3_x002,WO3_x020_chain_Cl_x200_cLi24gaS4a_s02,WO3+Clrich,Li_24g,S_4a,0.25,compound_set_chain,4,-0.7086670018658312,-0.09156783199988368,True,0.360161494947709,3.006434317853617,0.47058823529411764,2.781917140770693,1.126130315113917,,,,,,,,,,,,,,,,,,,,,,,,,,,,,,,,0,,,,,,0.3043294546210645,15,,5,17,3,4,16,,,,,,,,,,,,,,,,,,,,,,,,,,,,,,,,1,,,
WO3_x002,WO3_x020_chain_Cl_x200_cLi24gaS4a_s03,WO3+Clrich,Li_24g,S_4a,0.25,compound_set_chain,4,-0.7465182478993073,-0.03250031097722346,True,0.479474691372867,2.9398084764439236,0.6470588235294118,0.1717595590960875,1.0142902697032057,,,,,,,,,,,,,,,,,,,,,,,,,,,,,,,,0,,,,,,0.35033847591409917,12,,5,17,3,4,16,,,,,,,,,,,,,,,,,,,,,,,,,,,,,,,,1,,,
WO3_x002,WO3_x020_chain_Cl_x200_cLi24gaS4a_s04,WO3+Clrich,Li_24g,S_4a,0.25,compound_set_chain,4,-0.7815957933785702,-0.07938517722368414,True,0.28464687277366735,2.935298300812661,0.6470588235294118,0.7123119300074477,1.2240723220105585,0.968573303557374,0.1140703037531934,0.8580878526133504,0.143872,,-974.6650583480646,-4.481110329880224,-0.2073796686320577,True,8.882464563921909,23.414651847054436,4.198568041971179,0.9919060164457987,True,OK,8.85789390045929,6.252206404046959,15.184126234044198,0.7058344200445634,0.2143014203926269,,,,,,,,,,,,0,,,-0.7815957933785702,-0.7913291028711527,-974.6650583480645,0.40480705480144474,5,,5,17,3,4,16,,,,,,,,,,,,,,,,,,,,,,,,,,,,,,,,1,,,
WO3_x005,WO3_x050_cP4baS16e_s00,WO3,P_4b,S_16e,0.25,compound_set,4,-0.7892937017266424,-0.16901069515478928,True,0.22256403105889525,2.9557835269527923,0.6086956521739131,0.4941124900439949,1.0596014907754188,,,,,,,,,,,,,,,,,,,,,,,,,,,,,,,,0,,,,,,0.44018664427904497,6,,4,23,3,3,17,,,,,,,,,,,,,,,,,,,,,,,,,,,,,,,,1,,,
WO3_x005,WO3_x050_cP4baS16e_s01,WO3,P_4b,S_16e,0.25,compound_set,4,-0.7926180006629306,-0.1840254584776006,True,0.22332778048524413,2.981661223015248,0.7391304347826086,0.48699045262755475,1.060070837451801,1.005597098056825,0.0983685755126413,0.8965849049933882,0.153408,,-904.0623212705502,-4.489390398386896,-3.9972099369089285,True,24.15555256137271,19.74558370333482,14.800624358012849,0.9808352735173597,True,OK,9.066772034940982,6.628864858995735,15.989794707741865,0.7311163039557864,0.2060733660939573,,,,,,,,,,,,0,,,-0.7926180006629306,-0.7996092645546411,-904.0623212705499,0.45460649928695684,5,,4,23,3,3,17,,,,,,,,,,,,,,,,,,,,,,,,,,,,,,,,1,,,
WO3_x005,WO3_x050_cP4baS16e_s02,WO3,P_4b,S_16e,0.25,compound_set,4,-0.7889162879071265,-0.16828218015228927,True,0.18803218147967685,3.0166318497419233,0.6086956521739131,0.8167490825519165,1.1109426796385047,,,,,,,,,,,,,,,,,,,,,,,,,,,,,,,,0,,,,,,0.4396590673890445,7,,4,23,3,3,17,,,,,,,,,,,,,,,,,,,,,,,,,,,,,,,,1,,,
WO3_x005,WO3_x050_cP4baS16e_s03,WO3,P_4b,S_16e,0.25,compound_set,4,-0.7876200099449071,-0.19147736696069304,True,0.23627332268117024,2.891958015348603,0.7391304347826086,0.7134738043070777,1.0990017307429272,,,,,,,,,,,,,,,,,,,,,,,,,,,,,,,,0,,,,,,0.4378470343883418,8,,4,23,3,3,17,,,,,,,,,,,,,,,,,,,,,,,,,,,,,,,,1,,,
WO3_x005,WO3_x050_cP4baS16e_s04,WO3,P_4b,S_16e,0.25,compound_set,4,-0.7838342645498071,-0.19584098389366575,True,0.14428186347386673,3.0286508640256944,0.6956521739130435,2.2246184266635294,1.0569864172131342,,,,,,,,,,,,,,,,,,,,,,,,,,,,,,,,0,,,,,,0.43255504008764856,9,,4,23,3,3,17,,,,,,,,,,,,,,,,,,,,,,,,,,,,,,,,1,,,
WO3_x005,WO3_x050_cP4baS4a_s00,WO3,P_4b,S_4a,0.25,compound_set,4,-0.5903336621853676,-0.10486124631126553,True,0.18528209074735755,2.789824081077575,0.5217391304347826,0.5386665859153072,1.0244462751222665,,,,,,,,,,,,,,,,,,,,,,,,,,,,,,,,0,,,,,,0.16206561778822096,19,,4,23,3,3,17,,,,,,,,,,,,,,,,,,,,,,,,,,,,,,,,1,,,
WO3_x005,WO3_x050_cP4baS4a_s01,WO3,P_4b,S_4a,0.25,compound_set,4,-0.5817022551230413,-0.13066536334782886,True,0.2898752802554055,2.90880765319488,0.5217391304347826,0.7712318641626942,1.060028472155862,,,,,,,,,,,,,,,,,,,,,,,,,,,,,,,,0,,,,,,0.15,20,,4,23,3,3,17,,,,,,,,,,,,,,,,,,,,,,,,,,,,,,,,1,,,
WO3_x005,WO3_x050_cP4baS4a_s02,WO3,P_4b,S_4a,0.25,compound_set,4,-0.6935684653331227,-0.09628821322268902,True,0.3623782443722818,2.844991314677181,0.6956521739130435,0.9225096361613323,1.0432606495425691,0.9572503337034652,0.10744271516930097,0.8544007587536455,0.144896,,-1116.1073821723455,-4.45218637312327,-2.732996141621636,True,17.26054369386219,20.263667594270203,5.100078304338472,0.9999602854742548,True,OK,17.36181736168141,9.798292376944808,24.740672654096677,0.5643586827822666,0.2624992040608524,,,,,,,,,,,,0,,,-0.6935684653331227,-0.7624052392910152,-1116.1073821723458,0.573405133592335,3,,4,23,3,3,17,,,,,,,,,,,,,,,,,,,,,,,,,,,,,,,,1,,,
WO3_x005,WO3_x050_cP4baS4a_s03,WO3,P_4b,S_4a,0.25,compound_set,4,-0.6302915239349987,-0.1994700199276014,True,0.3047483102348757,2.903726671955948,0.4782608695652174,1.1062249590915991,1.0697929370779096,,,,,,,,,,,,,,,,,,,,,,,,,,,,,,,,0,,,,,,0.217921665825849,17,,4,23,3,3,17,,,,,,,,,,,,,,,,,,,,,,,,,,,,,,,,1,,,
WO3_x005,WO3_x050_cP4baS4a_s04,WO3,P_4b,S_4a,0.25,compound_set,4,-0.5947959783234782,-0.19139189136408746,True,0.23180605062909618,2.8614591572348598,0.5652173913043478,2.202958565652033,1.065484337683761,,,,,,,,,,,,,,,,,,,,,,,,,,,,,,,,0,,,,,,0.1683033726043101,18,,4,23,3,3,17,,,,,,,,,,,,,,,,,,,,,,,,,,,,,,,,1,,,
WO3_x005,WO3_x050_chain_Cl_x200_cLi24gaS16e_s00,WO3+Clrich,Li_24g,S_16e,0.25,compound_set_chain,4,-0.757881287882213,-0.20696047058369052,True,0.3870477470057766,3.0896008109751554,0.6470588235294118,2.7431877350300553,1.2296860467781472,,,,,,,,,,,,,,,,,,,,,,,,,,,,,,,,0,,,,,,0.3962760539760366,10,,5,17,3,4,16,,,,,,,,,,,,,,,,,,,,,,,,,,,,,,,,1,,,
WO3_x005,WO3_x050_chain_Cl_x200_cLi24gaS16e_s01,WO3+Clrich,Li_24g,S_16e,0.25,compound_set_chain,4,-0.8505122409899708,-0.06464298171739409,True,0.32003674907986585,3.0345486331496327,0.5882352941176471,2.7231016575391114,1.076178139676304,0.9549815686757521,0.0910761450324547,0.8680055288237183,0.134016,,-1044.2341487143078,-4.557632253069084,-2.1861866116349304,True,15.81561647237568,22.66026605898876,3.405009809057492,0.9992540063452116,True,OK,17.597660711710574,13.034037980855999,31.359724307412584,0.7406687851517868,0.2029934373934156,,,,,,,,,,,,0,,,-0.8505122409899708,-0.8678511192368288,-1044.2341487143078,0.85,1,,5,17,3,4,16,,,,,,,,,,,,,,,,,,,,,,,,,,,,,,,,1,,,
WO3_x005,WO3_x050_chain_Cl_x200_cLi24gaS16e_s02,WO3+Clrich,Li_24g,S_16e,0.25,compound_set_chain,4,-0.7374000579951372,-0.07330696883434412,True,0.3179111825797276,3.161305345098671,0.47058823529411764,1.084953087819222,1.0452811478987878,,,,,,,,,,,,,,,,,,,,,,,,,,,,,,,,0,,,,,,0.367645879328296,13,,5,17,3,4,16,,,,,,,,,,,,,,,,,,,,,,,,,,,,,,,,1,,,
WO3_x005,WO3_x050_chain_Cl_x200_cLi24gaS16e_s03,WO3+Clrich,Li_24g,S_16e,0.25,compound_set_chain,4,-0.7184770164354002,-0.03731930312905367,True,0.24694150651753838,3.183663919313659,0.4117647058823529,0.5896244585561613,1.0946923918098652,,,,,,,,,,,,,,,,,,,,,,,,,,,,,,,,0,,,,,,0.3411938553185663,14,,5,17,3,4,16,,,,,,,,,,,,,,,,,,,,,,,,,,,,,,,,1,,,
WO3_x005,WO3_x050_chain_Cl_x200_cLi24gaS16e_s04,WO3+Clrich,Li_24g,S_16e,0.25,compound_set_chain,4,-0.8480204024545386,-0.06304256368431797,True,0.2148041827877028,2.9769379389155723,0.5882352941176471,0.8745584537162447,1.0106398345085534,,,,,,,,,,,,,,,,,,,,,,,,,,,,,,,,0,,,,,,0.5222791605778949,4,,5,17,3,4,16,,,,,,,,,,,,,,,,,,,,,,,,,,,,,,,,1,,,
WO3_x005,WO3_x050_chain_Cl_x200_cLi24gaS4a_s00,WO3+Clrich,Li_24g,S_4a,0.25,compound_set_chain,4,-0.7501282684429262,0.019554291165962773,True,0.3636445276022566,3.0255659283450895,0.7058823529411765,2.36003454083192,1.1038586912722295,,,,,,,,,,,,,,,,,,,,,,,,,,,,,,,,0,,,,,,0.38543831123217054,11,,5,17,3,4,16,,,,,,,,,,,,,,,,,,,,,,,,,,,,,,,,1,,,
WO3_x005,WO3_x050_chain_Cl_x200_cLi24gaS4a_s01,WO3+Clrich,Li_24g,S_4a,0.25,compound_set_chain,4,-0.6697432353884589,0.08413563814225246,True,0.47224720822727134,3.200230013622697,0.5882352941176471,0.5611578118354581,1.016589157798993,,,,,,,,,,,,,,,,,,,,,,,,,,,,,,,,0,,,,,,0.27307017962567626,16,,5,17,3,4,16,,,,,,,,,,,,,,,,,,,,,,,,,,,,,,,,1,,,
WO3_x005,WO3_x050_chain_Cl_x200_cLi24gaS4a_s02,WO3+Clrich,Li_24g,S_4a,0.25,compound_set_chain,4,-0.7086728651040892,-0.09165672172811302,True,0.3601201812271768,3.0063669764884873,0.47058823529411764,2.7811541222479392,1.1261347358892393,,,,,,,,,,,,,,,,,,,,,,,,,,,,,,,,0,,,,,,0.3274888890428136,15,,5,17,3,4,16,,,,,,,,,,,,,,,,,,,,,,,,,,,,,,,,1,,,
WO3_x005,WO3_x050_chain_Cl_x200_cLi24gaS4a_s03,WO3+Clrich,Li_24g,S_4a,0.25,compound_set_chain,4,-0.7465273424388106,-0.032507580764548565,True,0.4794250709185428,2.9398309299046517,0.6470588235294118,0.1726021693714637,1.0143047548664557,,,,,,,,,,,,,,,,,,,,,,,,,,,,,,,,0,,,,,,0.38040467111583764,12,,5,17,3,4,16,,,,,,,,,,,,,,,,,,,,,,,,,,,,,,,,1,,,
WO3_x005,WO3_x050_chain_Cl_x200_cLi24gaS4a_s04,WO3+Clrich,Li_24g,S_4a,0.25,compound_set_chain,4,-0.7815906747791828,-0.07927755559914341,True,0.2848914566249992,2.9366803145765483,0.6470588235294118,0.7116088722467723,1.2236632369835818,0.9709444733179349,0.08959603019944225,0.8839517029645596,0.138688,,-1037.5744098787986,-4.544019681180477,-2.7768108458752336,True,13.344828511653052,22.662306486042386,5.2121351714102655,0.9990043426333455,True,OK,18.795811615632918,12.549343615866032,30.79453281501416,0.6676670245741583,0.2269379880586301,,,,,,,,,,,,0,,,-0.7815906747791828,-0.8542385473482219,-1037.5744098787986,0.8199395776485305,2,,5,17,3,4,16,,,,,,,,,,,,,,,,,,,,,,,,,,,,,,,,1,,,
WO3_x010,WO3_x100_cP4baS16e_s00,WO3,P_4b,S_16e,0.25,compound_set,4,-0.789289831956379,-0.16901001257062503,True,0.22258472879731997,2.955796836825578,0.6086956521739131,0.4938581747914566,1.0595981719479997,,,,,,,,,,,,,,,,,,,,,,,,,,,,,,,,0,,,,,,0.4006122020616948,6,,4,23,3,3,17,,,,,,,,,,,,,,,,,,,,,,,,,,,,,,,,1,,,
WO3_x010,WO3_x100_cP4baS16e_s01,WO3,P_4b,S_16e,0.25,compound_set,4,-0.7926676483905033,-0.18413442457344492,True,0.22318641812691303,2.9816077817271047,0.7391304347826086,0.48743111270377315,1.0600289313320512,1.0039758674456012,0.11943157687730539,0.8770673997955767,0.143296,,-905.5848941567269,-4.490912984993536,-2.4657156276599723,True,18.54723367695788,20.57880174078946,5.7893095119841576,0.9999700510640336,True,OK,25.514882865333863,20.436472788475342,48.389911535483044,0.8009628300603187,0.18391055140325804,,,,,,,,,,,,0,,,-0.7926676483905033,-0.8011316246417128,-905.584894156727,0.7149082653596638,1,,4,23,3,3,17,,,,,,,,,,,,,,,,,,,,,,,,,,,,,,,,1,,,
WO3_x010,WO3_x100_cP4baS16e_s02,WO3,P_4b,S_16e,0.25,compound_set,4,-0.788812359113161,-0.16800802766969847,True,0.18751578492046433,3.016401576052626,0.6086956521739131,0.8122922807214311,1.1101484730449271,,,,,,,,,,,,,,,,,,,,,,,,,,,,,,,,0,,,,,,0.40003577058961204,7,,4,23,3,3,17,,,,,,,,,,,,,,,,,,,,,,,,,,,,,,,,1,,,
WO3_x010,WO3_x100_cP4baS16e_s03,WO3,P_4b,S_16e,0.25,compound_set,4,-0.7876078611744544,-0.1914713551016486,True,0.23641401754444444,2.892011648478446,0.7391304347826086,0.7120927636288018,1.098761755851719,,,,,,,,,,,,,,,,,,,,,,,,,,,,,,,,0,,,,,,0.39858163444387873,8,,4,23,3,3,17,,,,,,,,,,,,,,,,,,,,,,,,,,,,,,,,1,,,
WO3_x010,WO3_x100_cP4baS16e_s04,WO3,P_4b,S_16e,0.25,compound_set,4,-0.7839394976672831,-0.19605245709359748,True,0.14400996546438835,3.02779590686922,0.6956521739130435,2.2413630939764873,1.056531088916469,,,,,,,,,,,,,,,,,,,,,,,,,,,,,,,,0,,,,,,0.39415298429841295,9,,4,23,3,3,17,,,,,,,,,,,,,,,,,,,,,,,,,,,,,,,,1,,,
WO3_x010,WO3_x100_cP4baS4a_s00,WO3,P_4b,S_4a,0.25,compound_set,4,-0.5899971960725101,-0.10426539501045592,True,0.1847758454127484,2.7898117793548445,0.5217391304347826,0.5461095741139685,1.0232907553471753,,,,,,,,,,,,,,,,,,,,,,,,,,,,,,,,0,,,,,,0.16001517312168353,19,,4,23,3,3,17,,,,,,,,,,,,,,,,,,,,,,,,,,,,,,,,1,,,
WO3_x010,WO3_x100_cP4baS4a_s01,WO3,P_4b,S_4a,0.25,compound_set,4,-0.5817013735553034,-0.13066313526735926,True,0.28988268436887255,2.9088121724891822,0.5217391304347826,0.7713682179092627,1.0600230499172132,,,,,,,,,,,,,,,,,,,,,,,,,,,,,,,,0,,,,,,0.15,20,,4,23,3,3,17,,,,,,,,,,,,,,,,,,,,,,,,,,,,,,,,1,,,
WO3_x010,WO3_x100_cP4baS4a_s02,WO3,P_4b,S_4a,0.25,compound_set,4,-0.6934879948930424,-0.09567280555860166,True,0.36486474939868946,2.847677944957141,0.6521739130434783,0.91839364014118,1.0435186581082287,0.9827073749583469,0.09617747403458814,0.8881930619196923,0.15424,,-1046.4479391220038,-4.3825269227969255,-2.5535185223825483,True,15.869759011969997,20.18496813460876,4.504785117810653,0.9997005283788907,True,OK,19.63189026449383,14.216842236151175,34.35706524232831,0.724170828412978,0.2083226595482556,,,,,,,,,,,,0,,,-0.6934879948930424,-0.692745562445102,-1046.4479391220038,0.4278597223858772,5,,4,23,3,3,17,,,,,,,,,,,,,,,,,,,,,,,,,,,,,,,,1,,,
WO3_x010,WO3_x100_cP4baS4a_s03,WO3,P_4b,S_4a,0.25,compound_set,4,-0.6297403765945631,-0.19640340086091757,True,0.3052881159684768,2.907386306677094,0.4782608695652174,1.1518157244316822,1.0672653382693493,,,,,,,,,,,,,,,,,,,,,,,,,,,,,,,,0,,,,,,0.2079953260853106,17,,4,23,3,3,17,,,,,,,,,,,,,,,,,,,,,,,,,,,,,,,,1,,,
WO3_x010,WO3_x100_cP4baS4a_s04,WO3,P_4b,S_4a,0.25,compound_set,4,-0.5947793721695498,-0.19142389470950152,True,0.2320984860265953,2.8629435832852197,0.5652173913043478,2.1983451180563955,1.0658320594788817,,,,,,,,,,,,,,,,,,,,,,,,,,,,,,,,0,,,,,,0.1657884790730692,18,,4,23,3,3,17,,,,,,,,,,,,,,,,,,,,,,,,,,,,,,,,1,,,
WO3_x010,WO3_x100_chain_Cl_x200_cLi24gaS16e_s00,WO3+Clrich,Li_24g,S_16e,0.25,compound_set_chain,4,-0.7579010795386334,-0.20713862962723686,True,0.38693279301432304,3.0895600150618314,0.6470588235294118,2.7457107501867073,1.2299567019548112,,,,,,,,,,,,,,,,,,,,,,,,,,,,,,,,0,,,,,,0.36271797410716117,10,,5,17,3,4,16,,,,,,,,,,,,,,,,,,,,,,,,,,,,,,,,1,,,
WO3_x010,WO3_x100_chain_Cl_x200_cLi24gaS16e_s01,WO3+Clrich,Li_24g,S_16e,0.25,compound_set_chain,4,-0.8505194702778316,-0.06463111326689436,True,0.3199550824529752,3.0344836242190474,0.5882352941176471,2.723196007070144,1.0762595805295845,0.9576304557112847,0.07164499695888889,0.8890210246241103,0.146816,,-1089.4148549500087,-4.602812903297638,-1.6194587399776412,True,12.381589563708577,22.995669848318208,2.5467130370822866,0.9999624036398244,True,OK,19.827662621475326,15.022351040367685,35.98028024962834,0.7576460890602903,0.1975582301646074,,,,,,,,,,,,0,,,-0.8505194702778316,-0.9130315429458142,-1089.4148549500092,0.711868998541281,2,,5,17,3,4,16,,,,,,,,,,,,,,,,,,,,,,,,,,,,,,,,1,,,
WO3_x010,WO3_x100_chain_Cl_x200_cLi24gaS16e_s02,WO3+Clrich,Li_24g,S_16e,0.25,compound_set_chain,4,-0.7374140502612705,-0.07329947052420237,True,0.3180012847010113,3.161272703525147,0.47058823529411764,1.0864011124154,1.0452469180872088,,,,,,,,,,,,,,,,,,,,,,,,,,,,,,,,0,,,,,,0.3379849058024556,13,,5,17,3,4,16,,,,,,,,,,,,,,,,,,,,,,,,,,,,,,,,1,,,
WO3_x010,WO3_x100_chain_Cl_x200_cLi24gaS16e_s03,WO3+Clrich,Li_24g,S_16e,0.25,compound_set_chain,4,-0.7187366913708311,-0.03836302118263525,True,0.248593232490607,3.184976377367615,0.4117647058823529,0.5647062252723575,1.0948685187484481,,,,,,,,,,,,,,,,,,,,,,,,,,,,,,,,0,,,,,,0.31543657110079315,14,,5,17,3,4,16,,,,,,,,,,,,,,,,,,,,,,,,,,,,,,,,1,,,
WO3_x010,WO3_x100_chain_Cl_x200_cLi24gaS16e_s04,WO3+Clrich,Li_24g,S_16e,0.25,compound_set_chain,4,-0.8477656608463566,-0.06261139328948646,True,0.2157927048461183,2.9775588719618096,0.5882352941176471,0.8905803948030075,1.010131151361467,,,,,,,,,,,,,,,,,,,,,,,,,,,,,,,,0,,,,,,0.47120743822451716,3,,5,17,3,4,16,,,,,,,,,,,,,,,,,,,,,,,,,,,,,,,,1,,,
WO3_x010,WO3_x100_chain_Cl_x200_cLi24gaS4a_s00,WO3+Clrich,Li_24g,S_4a,0.25,compound_set_chain,4,-0.750066750801373,0.019632504345084283,True,0.3636009395858309,3.0257972399801645,0.7058823529411765,2.352072009568056,1.1035127815397034,,,,,,,,,,,,,,,,,,,,,,,,,,,,,,,,0,,,,,,0.3532599416537062,11,,5,17,3,4,16,,,,,,,,,,,,,,,,,,,,,,,,,,,,,,,,1,,,
WO3_x010,WO3_x100_chain_Cl_x200_cLi24gaS4a_s01,WO3+Clrich,Li_24g,S_4a,0.25,compound_set_chain,4,-0.6697486279069449,0.08411522217549297,True,0.4722573113195885,3.2002664714531015,0.5882352941176471,0.5612402076637298,1.016582015020584,,,,,,,,,,,,,,,,,,,,,,,,,,,,,,,,0,,,,,,0.25629548708299804,16,,5,17,3,4,16,,,,,,,,,,,,,,,,,,,,,,,,,,,,,,,,1,,,
WO3_x010,WO3_x100_chain_Cl_x200_cLi24gaS4a_s02,WO3+Clrich,Li_24g,S_4a,0.25,compound_set_chain,4,-0.7086389518411935,-0.09132650385555474,True,0.36002720583850456,3.006465597844055,0.47058823529411764,2.781830225614218,1.1259071312604783,,,,,,,,,,,,,,,,,,,,,,,,,,,,,,,,0,,,,,,0.3032460246761044,15,,5,17,3,4,16,,,,,,,,,,,,,,,,,,,,,,,,,,,,,,,,1,,,
WO3_x010,WO3_x100_chain_Cl_x200_cLi24gaS4a_s03,WO3+Clrich,Li_24g,S_4a,0.25,compound_set_chain,4,-0.7457138077844703,-0.02968402465608381,True,0.4888214987710191,2.945128398186148,0.6470588235294118,0.20331759929723117,1.0140914404305246,,,,,,,,,,,,,,,,,,,,,,,,,,,,,,,,0,,,,,,0.348004829479756,12,,5,17,3,4,16,,,,,,,,,,,,,,,,,,,,,,,,,,,,,,,,1,,,
WO3_x010,WO3_x100_chain_Cl_x200_cLi24gaS4a_s04,WO3+Clrich,Li_24g,S_4a,0.25,compound_set_chain,4,-0.7820866065884577,-0.08001311684898806,True,0.2810857237771115,2.93899252886322,0.6470588235294118,0.6777968436287872,1.225962301878801,0.9890263023213488,0.11814342159560376,0.8721793509170567,0.143232,,-1018.2331602422489,-4.524678374845334,-1.7323724640957678,True,11.274151971408788,22.476225895726458,0.36810867027915656,0.9998241233125317,True,OK,15.033769331954803,8.491423978949598,21.438037253524623,0.5648233514465849,0.2623346394356191,,,,,,,,,,,,0,,,-0.7820866065884577,-0.8348970144935106,-1018.2331602422496,0.4556717007134802,4,,5,17,3,4,16,,,,,,,,,,,,,,,,,,,,,,,,,,,,,,,,1,,,
Y2O3_x002,Y2O3_x020_cLi24gaS16e_s00,Y2O3,Li_24g,S_16e,0.25,compound_set,4,-0.9881159533260213,-0.2266093319864084,True,0.23445918902602106,3.028230765445318,0.7777777777777778,1.5209415723555684,1.09366728787643,,,,,,,,,,,,,,,,,,,,,,,,,,,,,,,,0,,,,,,0.5328019890629572,6,,4,18,3,4,17,,,,,,,,,,,,,,,,,,,,,,,,,,,,,,,,,2,,
Y2O3_x002,Y2O3_x020_cLi24gaS16e_s01,Y2O3,Li_24g,S_16e,0.25,compound_set,4,-0.992891165953476,-0.2311507811085921,True,0.30909485764453215,3.0828843226023226,0.8333333333333334,2.6700160745482675,1.0602913470589976,0.9570226923866935,0.12381228636607298,0.838531524738082,0.15104,,-966.183289298011,-4.684961264037766,-3.5286801715356244,True,17.683110534048417,21.57639276345176,3.707195874279009,0.9997336281518825,True,OK,23.86354032834049,19.10396903561042,45.23968870337839,0.8005504955575441,0.184038997839929,,,,,,,,,,,,0,,,-0.992891165953476,-0.9951800129699109,-966.1832892980109,0.6483085396528626,2,,4,18,3,4,17,,,,,,,,,,,,,,,,,,,,,,,,,,,,,,,,,2,,
Y2O3_x002,Y2O3_x020_cLi24gaS16e_s02,Y2O3,Li_24g,S_16e,0.25,compound_set,4,-0.9735109153048915,-0.1228221793953152,True,0.29029433322404746,3.1008310264147863,0.7222222222222222,0.6371200723799484,1.0252354918904565,,,,,,,,,,,,,,,,,,,,,,,,,,,,,,,,0,,,,,,0.5190272418595394,9,,4,18,3,4,17,,,,,,,,,,,,,,,,,,,,,,,,,,,,,,,,,2,,
Y2O3_x002,Y2O3_x020_cLi24gaS16e_s03,Y2O3,Li_24g,S_16e,0.25,compound_set,4,-0.95796906304638,-0.12374679328149782,True,0.3903271723109335,3.1114773747917823,0.5555555555555556,1.4237460882815993,1.0516439831267497,,,,,,,,,,,,,,,,,,,,,,,,,,,,,,,,0,,,,,,0.5043689379493314,11,,4,18,3,4,17,,,,,,,,,,,,,,,,,,,,,,,,,,,,,,,,,2,,
Y2O3_x002,Y2O3_x020_cLi24gaS16e_s04,Y2O3,Li_24g,S_16e,0.25,compound_set,4,-0.970870841775513,-0.18104288101091393,True,0.23596120721044028,3.0180170728535085,0.5555555555555556,0.2608018442179337,1.0610640681154928,,,,,,,,,,,,,,,,,,,,,,,,,,,,,,,,0,,,,,,0.5165372554991471,10,,4,18,3,4,17,,,,,,,,,,,,,,,,,,,,,,,,,,,,,,,,,2,,
Y2O3_x002,Y2O3_x020_cLi24gaS4a_s00,Y2O3,Li_24g,S_4a,0.25,compound_set,4,-0.932957663735797,-0.17440571709455838,True,0.3661906555231561,2.817280427785526,0.6666666666666666,0.07437002542678267,1.0248074584054991,0.9515352422665817,0.11114816512857605,0.845773846033476,0.126528,,-1007.3693250616376,-4.604665319344632,-8.435310428997148,True,23.447879714993878,20.459582296161546,4.418989109176092,0.9999883293780937,True,OK,34.89920782495838,23.442059617148995,57.46060561526253,0.6717074993428437,0.2255878227787488,,,,,,,,,,,,0,,,-0.932957663735797,-0.9148840682767769,-1007.3693250616378,0.6858256805537445,1,,4,18,3,4,17,,,,,,,,,,,,,,,,,,,,,,,,,,,,,,,,,2,,
Y2O3_x002,Y2O3_x020_cLi24gaS4a_s01,Y2O3,Li_24g,S_4a,0.25,compound_set,4,-0.8973054626288262,-0.006120862233332116,True,0.4161691292165003,3.029135972800398,0.6111111111111112,1.3400841295499308,1.0223479175329626,,,,,,,,,,,,,,,,,,,,,,,,,,,,,,,,0,,,,,,0.4471540399811087,21,,4,18,3,4,17,,,,,,,,,,,,,,,,,,,,,,,,,,,,,,,,,2,,
Y2O3_x002,Y2O3_x020_cLi24gaS4a_s02,Y2O3,Li_24g,S_4a,0.25,compound_set,4,-0.9094843048727697,-0.1202495715810775,True,0.19278172172297137,3.098030927340911,0.6111111111111112,1.4409284137797196,1.1350524210211848,,,,,,,,,,,,,,,,,,,,,,,,,,,,,,,,0,,,,,,0.45864051970803044,20,,4,18,3,4,17,,,,,,,,,,,,,,,,,,,,,,,,,,,,,,,,,2,,
Y2O3_x002,Y2O3_x020_cLi24gaS4a_s03,Y2O3,Li_24g,S_4a,0.25,compound_set,4,-0.9294169616375711,-0.14953848977700174,True,0.3176957763636593,2.977350936808792,0.6111111111111112,3.3537899018541943,1.164907868263527,,,,,,,,,,,,,,,,,,,,,,,,,,,,,,,,0,,,,,,0.47744001257004187,14,,4,18,3,4,17,,,,,,,,,,,,,,,,,,,,,,,,,,,,,,,,,2,,
Y2O3_x002,Y2O3_x020_cLi24gaS4a_s04,Y2O3,Li_24g,S_4a,0.25,compound_set,4,-0.9152020593423247,-0.062271860480310796,True,0.21282050139743117,3.1008126288173017,0.3888888888888889,1.526314559396536,1.1021453937744903,,,,,,,,,,,,,,,,,,,,,,,,,,,,,,,,0,,,,,,0.46403322202591457,18,,4,18,3,4,17,,,,,,,,,,,,,,,,,,,,,,,,,,,,,,,,,2,,
Y2O3_x002,Y2O3_x020_cP4baS16e_s00,Y2O3,P_4b,S_16e,0.25,compound_set,4,-0.735869350226042,-0.27596393424733073,True,0.12451072934795993,2.8176743787465663,0.8214285714285714,0.23447006353559632,1.1047145302490449,,,,,,,,,,,,,,,,,,,,,,,,,,,,,,,,0,,,,,,0.2948955087377327,24,,4,28,3,2,17,,,,,,,,,,,,,,,,,,,,,,,,,,,,,,,,,2,,
Y2O3_x002,Y2O3_x020_cP4baS16e_s01,Y2O3,P_4b,S_16e,0.25,compound_set,4,-0.7291051980824488,-0.2413758266302408,True,0.1883264700819972,2.8669807491734725,0.7857142857142857,2.659352942864581,1.0341503261916918,1.0008145800540444,0.13823609370023413,0.8610619306103986,0.140928,,-1197.4367794538173,-4.42275150839225,-4.535568014400798,True,22.849094435301218,18.279412643870582,4.577757515891689,0.9999661882804844,True,OK,33.33196230939399,21.40777083688336,52.8984646277787,0.6422595417027092,0.23549679765443302,,,,,,,,,,,,0,,,-0.7291051980824488,-0.7329702573243946,-1197.4367794538173,0.4719773389840133,16,,4,28,3,2,17,,,,,,,,,,,,,,,,,,,,,,,,,,,,,,,,,2,,
Y2O3_x002,Y2O3_x020_cP4baS16e_s02,Y2O3,P_4b,S_16e,0.25,compound_set,4,-0.7440954782625901,-0.259211467367807,True,0.1883979943631881,2.853371194274955,0.75,0.6882547498129303,1.0424912137309967,,,,,,,,,,,,,,,,,,,,,,,,,,,,,,,,0,,,,,,0.3026539845460437,23,,4,28,3,2,17,,,,,,,,,,,,,,,,,,,,,,,,,,,,,,,,,2,,
Y2O3_x002,Y2O3_x020_cP4baS16e_s03,Y2O3,P_4b,S_16e,0.25,compound_set,4,-0.6851270788048414,-0.1965165592784713,True,0.20235321650453972,2.906034791282031,0.7857142857142857,0.7141251857585208,1.1776337992476569,,,,,,,,,,,,,,,,,,,,,,,,,,,,,,,,0,,,,,,0.2470379160123301,27,,4,28,3,2,17,,,,,,,,,,,,,,,,,,,,,,,,,,,,,,,,,2,,
Y2O3_x002,Y2O3_x020_cP4baS16e_s04,Y2O3,P_4b,S_16e,0.25,compound_set,4,-0.7252807664736967,-0.2397379334308686,True,0.17836694777724568,2.849696091176149,0.8214285714285714,1.1402736131357571,1.0284434671389524,,,,,,,,,,,,,,,,,,,,,,,,,,,,,,,,0,,,,,,0.2849088819162373,25,,4,28,3,2,17,,,,,,,,,,,,,,,,,,,,,,,,,,,,,,,,,2,,
Y2O3_x002,Y2O3_x020_cP4baS4a_s00,Y2O3,P_4b,S_4a,0.25,compound_set,4,-0.7037780935165365,-0.2862315365447246,True,0.21476356062914073,2.8029891292664724,0.6428571428571429,1.3072688846013105,1.0492901255908962,,,,,,,,,,,,,,,,,,,,,,,,,,,,,,,,0,,,,,,0.2646286276810802,26,,4,28,3,2,17,,,,,,,,,,,,,,,,,,,,,,,,,,,,,,,,,2,,
Y2O3_x002,Y2O3_x020_cP4baS4a_s01,Y2O3,P_4b,S_4a,0.25,compound_set,4,-0.660654445019615,-0.24518656282637377,True,0.22569790013343063,2.75051990919106,0.75,0.16250617441622622,1.047807992592591,0.9896805077540788,0.1072611142107728,0.883526273779693,0.147328,,-1094.8579356161058,-4.397646657810344,-5.922309694393539,True,28.594098322529508,18.10375910056813,3.438446330001973,0.9999741792752089,True,OK,40.21765233730871,26.84021419167995,65.86781983125078,0.6673739671965161,0.22703603184487228,,,,,,,,,,,,0,,,-0.660654445019615,-0.7078654067424885,-1094.857935616106,0.5684835787155945,4,,4,28,3,2,17,,,,,,,,,,,,,,,,,,,,,,,,,,,,,,,,,2,,
Y2O3_x002,Y2O3_x020_cP4baS4a_s02,Y2O3,P_4b,S_4a,0.25,compound_set,4,-0.6603351656950185,-0.27065619826508264,True,0.22955509741004845,2.6657650895034735,0.6785714285714286,0.9060690946507884,1.0307070342630438,,,,,,,,,,,,,,,,,,,,,,,,,,,,,,,,0,,,,,,0.22365541366739672,28,,4,28,3,2,17,,,,,,,,,,,,,,,,,,,,,,,,,,,,,,,,,2,,
Y2O3_x002,Y2O3_x020_cP4baS4a_s03,Y2O3,P_4b,S_4a,0.25,compound_set,4,-0.6465560883749433,-0.25468209307332906,True,0.24641165373049545,2.712790689179298,0.5,1.5425315654543768,1.0853792827091617,,,,,,,,,,,,,,,,,,,,,,,,,,,,,,,,0,,,,,,0.2106596716155249,29,,4,28,3,2,17,,,,,,,,,,,,,,,,,,,,,,,,,,,,,,,,,2,,
Y2O3_x002,Y2O3_x020_cP4baS4a_s04,Y2O3,P_4b,S_4a,0.25,compound_set,4,-0.5822400760945747,-0.19104606588721673,True,0.1850809879026491,2.798943033176087,0.5714285714285714,0.9510910264190858,1.064458802510699,,,,,,,,,,,,,,,,,,,,,,,,,,,,,,,,0,,,,,,0.15,30,,4,28,3,2,17,,,,,,,,,,,,,,,,,,,,,,,,,,,,,,,,,2,,
Y2O3_x002,Y2O3_x020_chain_Cl_x200_cLi24gaS16e_s00,Y2O3+Clrich,Li_24g,S_16e,0.25,compound_set_chain,4,-0.9430672000392546,-0.07508627784664786,True,0.3067094633397747,3.04754519116937,0.5882352941176471,0.5611980062684153,1.085758560844709,,,,,,,,,,,,,,,,,,,,,,,,,,,,,,,,0,,,,,,0.4903142401466867,12,,5,17,3,4,16,,,,,,,,,,,,,,,,,,,,,,,,,,,,,,,,,2,,
Y2O3_x002,Y2O3_x020_chain_Cl_x200_cLi24gaS16e_s01,Y2O3+Clrich,Li_24g,S_16e,0.25,compound_set_chain,4,-0.9427753184112193,-0.06105576122044199,True,0.18821395866004703,3.1047549144988777,0.7058823529411765,3.012329237594798,1.0731096326502636,,,,,,,,,,,,,,,,,,,,,,,,,,,,,,,,0,,,,,,0.4900389518774133,13,,5,17,3,4,16,,,,,,,,,,,,,,,,,,,,,,,,,,,,,,,,,2,,
Y2O3_x002,Y2O3_x020_chain_Cl_x200_cLi24gaS16e_s02,Y2O3+Clrich,Li_24g,S_16e,0.25,compound_set_chain,4,-1.0022783064169287,-0.19960711682035964,True,0.2728380929514876,3.0836097891198744,0.8235294117647058,0.13118663817302934,1.2625464215888094,0.9522430357621531,0.09087444658272346,0.8657084768750148,0.139328,,-976.8844370578215,-4.6961318478260985,-2.350806555471813,True,16.01277195648604,21.879730233435822,11.694744396011487,0.994752387369643,True,OK,21.523110462303,13.498748680108658,33.49404171665189,0.6271746225412568,0.2406350584927802,,,,,,,,,,,,0,,,-1.0022783064169287,-1.0063505967582431,-976.8844370578216,0.55,5,,5,17,3,4,16,,,,,,,,,,,,,,,,,,,,,,,,,,,,,,,,,2,,
Y2O3_x002,Y2O3_x020_chain_Cl_x200_cLi24gaS16e_s03,Y2O3+Clrich,Li_24g,S_16e,0.25,compound_set_chain,4,-0.9849779069645574,-0.13451818016552464,True,0.24394122781090763,3.249221508840736,0.7058823529411765,0.6276690496134284,1.1300876568813139,,,,,,,,,,,,,,,,,,,,,,,,,,,,,,,,0,,,,,,0.5298423394352579,8,,5,17,3,4,16,,,,,,,,,,,,,,,,,,,,,,,,,,,,,,,,,2,,
Y2O3_x002,Y2O3_x020_chain_Cl_x200_cLi24gaS16e_s04,Y2O3+Clrich,Li_24g,S_16e,0.25,compound_set_chain,4,-0.9857991196002143,-0.17707854137124546,True,0.26544833422000574,3.073927599341907,0.7647058823529411,2.130167745408324,1.024209781758579,,,,,,,,,,,,,,,,,,,,,,,,,,,,,,,,0,,,,,,0.5306168664471055,7,,5,17,3,4,16,,,,,,,,,,,,,,,,,,,,,,,,,,,,,,,,,2,,
Y2O3_x002,Y2O3_x020_chain_Cl_x200_cLi24gaS4a_s00,Y2O3+Clrich,Li_24g,S_4a,0.25,compound_set_chain,4,-0.9141282045010843,-0.12857017572761745,True,0.3508551326712927,3.068712966642736,0.5882352941176471,1.477719490964136,1.0703465689492895,,,,,,,,,,,,,,,,,,,,,,,,,,,,,,,,0,,,,,,0.46302041542110794,19,,5,17,3,4,16,,,,,,,,,,,,,,,,,,,,,,,,,,,,,,,,,2,,
Y2O3_x002,Y2O3_x020_chain_Cl_x200_cLi24gaS4a_s01,Y2O3+Clrich,Li_24g,S_4a,0.25,compound_set_chain,4,-0.8890850873851548,-0.04322633436694764,True,0.3869768224539262,2.9966781370470508,0.5294117647058824,3.6278669913630632,1.048631634297506,,,,,,,,,,,,,,,,,,,,,,,,,,,,,,,,0,,,,,,0.4394009899216028,22,,5,17,3,4,16,,,,,,,,,,,,,,,,,,,,,,,,,,,,,,,,,2,,
Y2O3_x002,Y2O3_x020_chain_Cl_x200_cLi24gaS4a_s02,Y2O3+Clrich,Li_24g,S_4a,0.25,compound_set_chain,4,-0.9202767498213902,-0.11928369192221472,True,0.3281334466201752,3.0501680067395123,0.5882352941176471,0.18059656114337733,1.0812641377743302,,,,,,,,,,,,,,,,,,,,,,,,,,,,,,,,0,,,,,,0.4688194182948723,17,,5,17,3,4,16,,,,,,,,,,,,,,,,,,,,,,,,,,,,,,,,,2,,
Y2O3_x002,Y2O3_x020_chain_Cl_x200_cLi24gaS4a_s03,Y2O3+Clrich,Li_24g,S_4a,0.25,compound_set_chain,4,-0.9308014630220631,-0.1895768902575485,True,0.4481470591680218,3.062024949286722,0.7058823529411765,1.3553523225288382,1.0487828016565703,1.0069060295097534,0.1165536971556967,0.877345196606578,0.130432,,-1018.9318988011396,-4.619218083200009,-4.134139485179573,True,16.964873312543663,21.82053630365805,2.1619807175631927,0.9998612757056474,True,OK,26.170037531432953,19.609606690929816,47.07165207309923,0.74931519174845,0.20021917866592506,,,,,,,,,,,,0,,,-0.9308014630220631,-0.9294368321321533,-1018.9318988011391,0.6032791965264098,3,,5,17,3,4,16,,,,,,,,,,,,,,,,,,,,,,,,,,,,,,,,,2,,
Y2O3_x002,Y2O3_x020_chain_Cl_x200_cLi24gaS4a_s04,Y2O3+Clrich,Li_24g,S_4a,0.25,compound_set_chain,4,-0.9237871828633217,-0.13831171058476371,True,0.4535106711092853,3.118974986856091,0.47058823529411764,0.6849499566804271,1.0268196248672468,,,,,,,,,,,,,,,,,,,,,,,,,,,,,,,,0,,,,,,0.4721302845628802,15,,5,17,3,4,16,,,,,,,,,,,,,,,,,,,,,,,,,,,,,,,,,2,,
Y2O3_x005,Y2O3_x050_cLi24gaS16e_s00,Y2O3,Li_24g,S_16e,0.25,compound_set,4,-0.9881138376142218,-0.22662317810488872,True,0.23450843988057551,3.0284314749455685,0.7777777777777778,1.5213888859783795,1.093689712193878,,,,,,,,,,,,,,,,,,,,,,,,,,,,,,,,0,,,,,,0.5289884526183446,7,,4,18,3,4,17,,,,,,,,,,,,,,,,,,,,,,,,,,,,,,,,,2,,
Y2O3_x005,Y2O3_x050_cLi24gaS16e_s01,Y2O3,Li_24g,S_16e,0.25,compound_set,4,-0.9930594704474123,-0.23137921631014344,True,0.31119480161069124,3.0821325461470357,0.8333333333333334,2.71063129053577,1.0598102155711664,0.9835323082628477,0.0724706394947856,0.9122550929192564,0.148544,,-962.9127997799505,-4.68169075740161,-5.067623598086066,True,19.335967448230573,21.252750992978847,1.3411474538532917,0.9998529985513248,True,OK,27.876987851787288,20.294858252877816,48.99490390480874,0.7280147468147871,0.2070767702420696,,,,,,,,,,,,0,,,-0.9930594704474123,-0.9919094602550658,-962.9127997799504,0.7366470085867255,1,,4,18,3,4,17,,,,,,,,,,,,,,,,,,,,,,,,,,,,,,,,,2,,
Y2O3_x005,Y2O3_x050_cLi24gaS16e_s02,Y2O3,Li_24g,S_16e,0.25,compound_set,4,-0.9735028739706468,-0.12270903027255739,True,0.2902656694811821,3.100856081185594,0.7222222222222222,0.639455556518917,1.0253538007929164,,,,,,,,,,,,,,,,,,,,,,,,,,,,,,,,0,,,,,,0.515345340594099,9,,4,18,3,4,17,,,,,,,,,,,,,,,,,,,,,,,,,,,,,,,,,2,,
Y2O3_x005,Y2O3_x050_cLi24gaS16e_s03,Y2O3,Li_24g,S_16e,0.25,compound_set,4,-0.9579698211869188,-0.12374859639046522,True,0.3903237070910726,3.1114761060111795,0.5555555555555556,1.4237814415619316,1.0516413594474543,,,,,,,,,,,,,,,,,,,,,,,,,,,,,,,,0,,,,,,0.5008412199641012,11,,4,18,3,4,17,,,,,,,,,,,,,,,,,,,,,,,,,,,,,,,,,2,,
Y2O3_x005,Y2O3_x050_cLi24gaS16e_s04,Y2O3,Li_24g,S_16e,0.25,compound_set,4,-0.9707526554284884,-0.1805423861420577,True,0.23691600470190743,3.0181851769732706,0.5555555555555556,0.2493777443380209,1.0603778708841713,,,,,,,,,,,,,,,,,,,,,,,,,,,,,,,,0,,,,,,0.5127773005539525,10,,4,18,3,4,17,,,,,,,,,,,,,,,,,,,,,,,,,,,,,,,,,2,,
Y2O3_x005,Y2O3_x050_cLi24gaS4a_s00,Y2O3,Li_24g,S_4a,0.25,compound_set,4,-0.9329550317753315,-0.17439586573783286,True,0.36620048555046897,2.8172924061747042,0.6666666666666666,0.07427547657248379,1.0248028839923908,0.9742822537703856,0.12306251072151629,0.8543846334699844,0.141312,,-1047.7251252937024,-4.645021130178873,-2.860273447095811,True,17.78533032354603,21.749105404719177,3.547543538030366,0.9998598793296636,True,OK,23.687249214480204,16.714191275037955,40.59448376464708,0.705619767145458,0.21437176039960384,,,,,,,,,,,,0,,,-0.9329550317753315,-0.9552398330323291,-1047.725125293702,0.6121514629135248,2,,4,18,3,4,17,,,,,,,,,,,,,,,,,,,,,,,,,,,,,,,,,2,,
Y2O3_x005,Y2O3_x050_cLi24gaS4a_s01,Y2O3,Li_24g,S_4a,0.25,compound_set,4,-0.8973053781724696,-0.006121208098224686,True,0.4161724899771112,3.0291281263521825,0.6111111111111112,1.3400610636086827,1.0223495089451398,,,,,,,,,,,,,,,,,,,,,,,,,,,,,,,,0,,,,,,0.4441952784557499,21,,4,18,3,4,17,,,,,,,,,,,,,,,,,,,,,,,,,,,,,,,,,2,,
Y2O3_x005,Y2O3_x050_cLi24gaS4a_s02,Y2O3,Li_24g,S_4a,0.25,compound_set,4,-0.9094851683724334,-0.12025116526860002,True,0.19277253171296244,3.098021626481219,0.6111111111111112,1.4409369540524162,1.1350563161111349,,,,,,,,,,,,,,,,,,,,,,,,,,,,,,,,0,,,,,,0.4555682615240494,20,,4,18,3,4,17,,,,,,,,,,,,,,,,,,,,,,,,,,,,,,,,,2,,
Y2O3_x005,Y2O3_x050_cLi24gaS4a_s03,Y2O3,Li_24g,S_4a,0.25,compound_set,4,-0.9294015887881653,-0.14954651562292015,True,0.31769392181471706,2.9774707183537656,0.6111111111111112,3.352131911400471,1.1646692958777767,,,,,,,,,,,,,,,,,,,,,,,,,,,,,,,,0,,,,,,0.4741653890977182,15,,4,18,3,4,17,,,,,,,,,,,,,,,,,,,,,,,,,,,,,,,,,2,,
Y2O3_x005,Y2O3_x050_cLi24gaS4a_s04,Y2O3,Li_24g,S_4a,0.25,compound_set,4,-0.91520221315883,-0.06227289935176261,True,0.21281909798705465,3.1008096274365995,0.3888888888888889,1.5263119667492524,1.1021471177454976,,,,,,,,,,,,,,,,,,,,,,,,,,,,,,,,0,,,,,,0.4609066008951651,19,,4,18,3,4,17,,,,,,,,,,,,,,,,,,,,,,,,,,,,,,,,,2,,
Y2O3_x005,Y2O3_x050_cP4baS16e_s00,Y2O3,P_4b,S_16e,0.25,compound_set,4,-0.7358621357510877,-0.27595864128799164,True,0.12453489284222394,2.8177162372066284,0.8214285714285714,0.23414045313034218,1.1047328594977703,,,,,,,,,,,,,,,,,,,,,,,,,,,,,,,,0,,,,,,0.293446272733535,24,,4,28,3,2,17,,,,,,,,,,,,,,,,,,,,,,,,,,,,,,,,,2,,
Y2O3_x005,Y2O3_x050_cP4baS16e_s01,Y2O3,P_4b,S_16e,0.25,compound_set,4,-0.7291036888088067,-0.24135838506511154,True,0.1884401318237598,2.867010863030383,0.7857142857142857,2.6571039775736764,1.0341231605774863,0.9927368233323358,0.10783982265659207,0.8856802603595081,0.157056,,-1191.5289152281505,-4.416843694337595,-4.201552106593916,True,26.700958637711494,18.454586681705273,4.952156312104185,0.999966856909544,True,OK,31.970489010542487,21.904756145613284,53.49646865869846,0.6851554925665992,0.2211153665230789,,,,,,,,,,,,0,,,-0.7291036888088067,-0.7270623971910508,-1191.5289152281505,0.5377090721494935,6,,4,28,3,2,17,,,,,,,,,,,,,,,,,,,,,,,,,,,,,,,,,2,,
Y2O3_x005,Y2O3_x050_cP4baS16e_s02,Y2O3,P_4b,S_16e,0.25,compound_set,4,-0.7440899939775676,-0.2591911568188057,True,0.18841898116819272,2.853339817008153,0.75,0.6886148292133203,1.042440181885127,,,,,,,,,,,,,,,,,,,,,,,,,,,,,,,,0,,,,,,0.3011291055871257,23,,4,28,3,2,17,,,,,,,,,,,,,,,,,,,,,,,,,,,,,,,,,2,,
Y2O3_x005,Y2O3_x050_cP4baS16e_s03,Y2O3,P_4b,S_16e,0.25,compound_set,4,-0.6851027420522611,-0.19642760959284342,True,0.20246425959555348,2.906014763236545,0.7857142857142857,0.7155722272174603,1.1771471769493647,,,,,,,,,,,,,,,,,,,,,,,,,,,,,,,,0,,,,,,0.24604925557509408,27,,4,28,3,2,17,,,,,,,,,,,,,,,,,,,,,,,,,,,,,,,,,2,,
Y2O3_x005,Y2O3_x050_cP4baS16e_s04,Y2O3,P_4b,S_16e,0.25,compound_set,4,-0.7252419426522065,-0.23984713292641813,True,0.17842432697257415,2.8496861798661794,0.8214285714285714,1.139435532777233,1.0282488459515655,,,,,,,,,,,,,,,,,,,,,,,,,,,,,,,,0,,,,,,0.283529576771399,25,,4,28,3,2,17,,,,,,,,,,,,,,,,,,,,,,,,,,,,,,,,,2,,
Y2O3_x005,Y2O3_x050_cP4baS4a_s00,Y2O3,P_4b,S_4a,0.25,compound_set,4,-0.7037170535451507,-0.28624455457649944,True,0.21487131795377698,2.8031098132502454,0.6428571428571429,1.3113197524576905,1.049290743174035,,,,,,,,,,,,,,,,,,,,,,,,,,,,,,,,0,,,,,,0.2634305278270014,26,,4,28,3,2,17,,,,,,,,,,,,,,,,,,,,,,,,,,,,,,,,,2,,
Y2O3_x005,Y2O3_x050_cP4baS4a_s01,Y2O3,P_4b,S_4a,0.25,compound_set,4,-0.6606544478813285,-0.24518654315900304,True,0.22569781926813046,2.750519682008254,0.75,0.1625058536759877,1.047808275539267,1.0115917620801402,0.14018398482990274,0.8498492324895514,0.150464,,-1091.9797536134247,-4.394768491663597,-5.37891144329898,True,16.666883388328813,18.222980694615835,8.313100698561236,0.974319850582078,True,OK,33.16821408998611,23.954196412786914,57.91939492587685,0.7222033826662673,0.20896134288518808,,,,,,,,,,,,0,,,-0.6606544478813285,-0.7049871945170532,-1091.979753613425,0.5646165328016883,4,,4,28,3,2,17,,,,,,,,,,,,,,,,,,,,,,,,,,,,,,,,,2,,
Y2O3_x005,Y2O3_x050_cP4baS4a_s02,Y2O3,P_4b,S_4a,0.25,compound_set,4,-0.6603358925338947,-0.2706626130131484,True,0.22955296010575496,2.66575274363183,0.6785714285714286,0.9063606019863667,1.0306981631391876,,,,,,,,,,,,,,,,,,,,,,,,,,,,,,,,0,,,,,,0.22292299842262392,28,,4,28,3,2,17,,,,,,,,,,,,,,,,,,,,,,,,,,,,,,,,,2,,
Y2O3_x005,Y2O3_x050_cP4baS4a_s03,Y2O3,P_4b,S_4a,0.25,compound_set,4,-0.6465511619347728,-0.25468677779126,True,0.2463840258584566,2.7127231191782144,0.5,1.5423610047223453,1.085383589804806,,,,,,,,,,,,,,,,,,,,,,,,,,,,,,,,0,,,,,,0.21005138855652405,29,,4,28,3,2,17,,,,,,,,,,,,,,,,,,,,,,,,,,,,,,,,,2,,
Y2O3_x005,Y2O3_x050_cP4baS4a_s04,Y2O3,P_4b,S_4a,0.25,compound_set,4,-0.5822396871490865,-0.19104411578943037,True,0.18508259721822737,2.7989458745109563,0.5714285714285714,0.9510668550007153,1.064456437152623,,,,,,,,,,,,,,,,,,,,,,,,,,,,,,,,0,,,,,,0.15,30,,4,28,3,2,17,,,,,,,,,,,,,,,,,,,,,,,,,,,,,,,,,2,,
Y2O3_x005,Y2O3_x050_chain_Cl_x200_cLi24gaS16e_s00,Y2O3+Clrich,Li_24g,S_16e,0.25,compound_set_chain,4,-0.943156014971037,-0.07523825772598777,True,0.3065957241590298,3.047654059919619,0.5882352941176471,0.5602902260967997,1.0859510433172794,,,,,,,,,,,,,,,,,,,,,,,,,,,,,,,,0,,,,,,0.48700870195646007,12,,5,17,3,4,16,,,,,,,,,,,,,,,,,,,,,,,,,,,,,,,,,2,,
Y2O3_x005,Y2O3_x050_chain_Cl_x200_cLi24gaS16e_s01,Y2O3+Clrich,Li_24g,S_16e,0.25,compound_set_chain,4,-0.9427747777522981,-0.06105410820205215,True,0.18821298568122,3.1047558873226118,0.7058823529411765,3.0123368468376968,1.0731069631814525,,,,,,,,,,,,,,,,,,,,,,,,,,,,,,,,0,,,,,,0.4866527184491468,13,,5,17,3,4,16,,,,,,,,,,,,,,,,,,,,,,,,,,,,,,,,,2,,
Y2O3_x005,Y2O3_x050_chain_Cl_x200_cLi24gaS16e_s02,Y2O3+Clrich,Li_24g,S_16e,0.25,compound_set_chain,4,-1.0022226667003569,-0.19956900090636398,True,0.27361345942557663,3.0836472203842753,0.8235294117647058,0.13352952384733016,1.2619034755800815,0.9752028840039856,0.10604924935055243,0.871783350190869,0.144,,-981.1498326135447,-4.700397255563046,-3.9617407197594234,True,17.303556090720914,21.9108426280739,3.399863210983377,0.9998300682975233,True,OK,21.46418423655045,11.83713118594962,29.997097778847206,0.5514829287475398,0.2670763425538871,,,,,,,,,,,,0,,,-1.0022226667003569,-1.0106159584165022,-981.1498326135451,0.55,5,,5,17,3,4,16,,,,,,,,,,,,,,,,,,,,,,,,,,,,,,,,,2,,
Y2O3_x005,Y2O3_x050_chain_Cl_x200_cLi24gaS16e_s03,Y2O3+Clrich,Li_24g,S_16e,0.25,compound_set_chain,4,-0.9398601163970461,-0.06876925106317773,True,0.30085601002819906,3.1235046569091898,0.6470588235294118,0.9249127459320823,1.0543389764259565,,,,,,,,,,,,,,,,,,,,,,,,,,,,,,,,0,,,,,,0.48393112852855813,14,,5,17,3,4,16,,,,,,,,,,,,,,,,,,,,,,,,,,,,,,,,,2,,
Y2O3_x005,Y2O3_x050_chain_Cl_x200_cLi24gaS16e_s04,Y2O3+Clrich,Li_24g,S_16e,0.25,compound_set_chain,4,-0.9857984431432083,-0.17707640527886281,True,0.26544901343137195,3.0739257419819994,0.7647058823529411,2.1301165366958745,1.0242106886685065,,,,,,,,,,,,,,,,,,,,,,,,,,,,,,,,0,,,,,,0.5268264332663735,8,,5,17,3,4,16,,,,,,,,,,,,,,,,,,,,,,,,,,,,,,,,,2,,
Y2O3_x005,Y2O3_x050_chain_Cl_x200_cLi24gaS4a_s00,Y2O3+Clrich,Li_24g,S_4a,0.25,compound_set_chain,4,-0.9173095939865954,-0.13864175282635394,True,0.3093678753130034,3.024893690760474,0.5882352941176471,1.379044394567622,1.085721703329593,,,,,,,,,,,,,,,,,,,,,,,,,,,,,,,,0,,,,,,0.46287438573210804,18,,5,17,3,4,16,,,,,,,,,,,,,,,,,,,,,,,,,,,,,,,,,2,,
Y2O3_x005,Y2O3_x050_chain_Cl_x200_cLi24gaS4a_s01,Y2O3+Clrich,Li_24g,S_4a,0.25,compound_set_chain,4,-0.8890847905762822,-0.04320945356437074,True,0.3869713993683462,2.9966741556360934,0.5294117647058824,3.6280743414756,1.048618827672235,,,,,,,,,,,,,,,,,,,,,,,,,,,,,,,,0,,,,,,0.43651923461525843,22,,5,17,3,4,16,,,,,,,,,,,,,,,,,,,,,,,,,,,,,,,,,2,,
Y2O3_x005,Y2O3_x050_chain_Cl_x200_cLi24gaS4a_s02,Y2O3+Clrich,Li_24g,S_4a,0.25,compound_set_chain,4,-0.9202766902644042,-0.1192820759541889,True,0.3281310882606367,3.0501760767481847,0.5882352941176471,0.1806022331219988,1.0812648476974451,,,,,,,,,,,,,,,,,,,,,,,,,,,,,,,,0,,,,,,0.46564493720922895,17,,5,17,3,4,16,,,,,,,,,,,,,,,,,,,,,,,,,,,,,,,,,2,,
Y2O3_x005,Y2O3_x050_chain_Cl_x200_cLi24gaS4a_s03,Y2O3+Clrich,Li_24g,S_4a,0.25,compound_set_chain,4,-0.930798244411382,-0.18957302293534833,True,0.44812026905664837,3.062061941104294,0.7058823529411765,1.3554997296879343,1.0487912903850678,0.9915143931868295,0.11359634380608716,0.8788819832896946,0.136896,,-966.6786408648668,-4.566964811503466,-3.6598800655056904,True,14.588505871753462,21.969915038614555,0.7305220613080093,0.9976271016761278,True,OK,26.140302662208647,19.72384936654602,47.280024466818425,0.7545379111107626,0.1985496235590536,,,,,,,,,,,,0,,,-0.930798244411382,-0.877183514356922,-966.6786408648674,0.6110958382111686,3,,5,17,3,4,16,,,,,,,,,,,,,,,,,,,,,,,,,,,,,,,,,2,,
Y2O3_x005,Y2O3_x050_chain_Cl_x200_cLi24gaS4a_s04,Y2O3+Clrich,Li_24g,S_4a,0.25,compound_set_chain,4,-0.9237872629956438,-0.13831248959571357,True,0.45351064174072775,3.1189738513141343,0.47058823529411764,0.6851102933084612,1.02682137026992,,,,,,,,,,,,,,,,,,,,,,,,,,,,,,,,0,,,,,,0.46892296446396287,16,,5,17,3,4,16,,,,,,,,,,,,,,,,,,,,,,,,,,,,,,,,,2,,
Y2O3_x010,Y2O3_x100_cLi24gaS16e_s00,Y2O3,Li_24g,S_16e,0.25,compound_set,4,-0.9881168964397027,-0.2266117119998731,True,0.2344458505931258,3.028214383727582,0.7777777777777778,1.520892848333557,1.0936751545000738,,,,,,,,,,,,,,,,,,,,,,,,,,,,,,,,0,,,,,,0.5290553387282293,6,,4,18,3,4,17,,,,,,,,,,,,,,,,,,,,,,,,,,,,,,,,,2,,
Y2O3_x010,Y2O3_x100_cLi24gaS16e_s01,Y2O3,Li_24g,S_16e,0.25,compound_set,4,-0.9928926390102992,-0.231162326272365,True,0.30907223344684687,3.082637269486953,0.8333333333333334,2.667929319799511,1.0602628914915906,0.984861796538512,0.13919697452075944,0.8477720141392714,0.140224,,-933.2629499489245,-4.652040917013147,-0.7756786225466944,True,13.872154654172082,22.17429768301105,6.6875725072890875,0.9993432868615062,True,OK,20.885939988597265,11.487792274296524,29.123774086450027,0.5500251499606106,0.26759665351946305,,,,,,,,,,,,0,,,-0.9928926390102992,-0.962259554418555,-933.2629499489244,0.5049067268376467,11,,4,18,3,4,17,,,,,,,,,,,,,,,,,,,,,,,,,,,,,,,,,2,,
Y2O3_x010,Y2O3_x100_cLi24gaS16e_s02,Y2O3,Li_24g,S_16e,0.25,compound_set,4,-0.9735024478829555,-0.12273689701556963,True,0.2902420059856181,3.100819114209865,0.7222222222222222,0.6390421395089018,1.025373914726936,,,,,,,,,,,,,,,,,,,,,,,,,,,,,,,,0,,,,,,0.5154066564350867,9,,4,18,3,4,17,,,,,,,,,,,,,,,,,,,,,,,,,,,,,,,,,2,,
Y2O3_x010,Y2O3_x100_cLi24gaS16e_s03,Y2O3,Li_24g,S_16e,0.25,compound_set,4,-0.9579693720726272,-0.12375115417868846,True,0.39032248633185224,3.1114702826791345,0.5555555555555556,1.423773889303057,1.0516417517246393,,,,,,,,,,,,,,,,,,,,,,,,,,,,,,,,0,,,,,,0.5009000525117664,12,,4,18,3,4,17,,,,,,,,,,,,,,,,,,,,,,,,,,,,,,,,,2,,
Y2O3_x010,Y2O3_x100_cLi24gaS16e_s04,Y2O3,Li_24g,S_16e,0.25,compound_set,4,-0.9708144170116935,-0.1807466964843562,True,0.23638791392316424,3.0180201722232085,0.5555555555555556,0.25497006409323886,1.0607374973919623,,,,,,,,,,,,,,,,,,,,,,,,,,,,,,,,0,,,,,,0.5128962586452859,10,,4,18,3,4,17,,,,,,,,,,,,,,,,,,,,,,,,,,,,,,,,,2,,
Y2O3_x010,Y2O3_x100_cLi24gaS4a_s00,Y2O3,Li_24g,S_4a,0.25,compound_set,4,-0.9329497955576844,-0.17436785416482498,True,0.366215470049863,2.8173249385052332,0.6666666666666666,0.07488912961263469,1.024814005821704,0.9342320296544394,0.09691418946948537,0.8436916897240472,0.141824,,-1028.836569829987,-4.626132601883234,-5.180244372240418,True,,,,0.9993606723054279,False,"r2=0.9994 / V0 / B0'=-2.10 unphysical (need r2>=0.95, 0<B0'<15)",23.309297354357675,13.580518586201789,34.11597815619747,0.582622392247397,0.25606315913665895,,,,,,,,,,,,0,,,-0.9329497955576844,-0.9363512392886424,-1028.8365698299872,0.541717310723343,5,,4,18,3,4,17,,,,,,,,,,,,,,,,,,,,,,,,,,,,,,,,,2,,
Y2O3_x010,Y2O3_x100_cLi24gaS4a_s01,Y2O3,Li_24g,S_4a,0.25,compound_set,4,-0.8973060398569945,-0.006122019029441521,True,0.41616593669984725,3.029128905004109,0.6111111111111112,1.3400865195030431,1.0223513807221043,,,,,,,,,,,,,,,,,,,,,,,,,,,,,,,,0,,,,,,0.4442455338660882,21,,4,18,3,4,17,,,,,,,,,,,,,,,,,,,,,,,,,,,,,,,,,2,,
Y2O3_x010,Y2O3_x100_cLi24gaS4a_s02,Y2O3,Li_24g,S_4a,0.25,compound_set,4,-0.9094854308187665,-0.12025195589847763,True,0.19277155836959378,3.0980187419773886,0.6111111111111112,1.4409497270987002,1.1350572020367151,,,,,,,,,,,,,,,,,,,,,,,,,,,,,,,,0,,,,,,0.455620074418592,20,,4,18,3,4,17,,,,,,,,,,,,,,,,,,,,,,,,,,,,,,,,,2,,
Y2O3_x010,Y2O3_x100_cLi24gaS4a_s03,Y2O3,Li_24g,S_4a,0.25,compound_set,4,-0.9294014410628142,-0.14954659267387355,True,0.3176942684200346,2.9774708269173757,0.6111111111111112,3.3521160591268946,1.1646684505093028,,,,,,,,,,,,,,,,,,,,,,,,,,,,,,,,0,,,,,,0.4742199754215267,15,,4,18,3,4,17,,,,,,,,,,,,,,,,,,,,,,,,,,,,,,,,,2,,
Y2O3_x010,Y2O3_x100_cLi24gaS4a_s04,Y2O3,Li_24g,S_4a,0.25,compound_set,4,-0.9152030841811118,-0.062275332051809254,True,0.21281573122674818,3.100808382636275,0.3888888888888889,1.5263866970426672,1.1021469338866623,,,,,,,,,,,,,,,,,,,,,,,,,,,,,,,,0,,,,,,0.46095988822695777,19,,4,18,3,4,17,,,,,,,,,,,,,,,,,,,,,,,,,,,,,,,,,2,,
Y2O3_x010,Y2O3_x100_cP4baS16e_s00,Y2O3,P_4b,S_16e,0.25,compound_set,4,-0.7358607051782133,-0.27595820970384183,True,0.12454157838586145,2.8177247076275065,0.8214285714285714,0.23404664819443702,1.10473942565826,,,,,,,,,,,,,,,,,,,,,,,,,,,,,,,,0,,,,,,0.29346898747881767,24,,4,28,3,2,17,,,,,,,,,,,,,,,,,,,,,,,,,,,,,,,,,2,,
Y2O3_x010,Y2O3_x100_cP4baS16e_s01,Y2O3,P_4b,S_16e,0.25,compound_set,4,-0.7290916943034693,-0.24134680535152256,True,0.18810365333813336,2.866717904332243,0.7857142857142857,2.6556763439088047,1.0340191243529624,0.9949820038568029,0.11816678972530593,0.8774081746265926,0.156544,,-1180.2586302531356,-4.405573364303331,-2.979367363524897,True,22.700584233692826,17.929350950794195,10.37011951403102,0.9924197789700175,True,OK,30.29522913456772,21.13290667970843,51.43821254335945,0.6975655006878684,0.21701698027062738,,,,,,,,,,,,0,,,-0.7290916943034693,-0.7157920017087394,-1180.258630253136,0.5474181594612022,3,,4,28,3,2,17,,,,,,,,,,,,,,,,,,,,,,,,,,,,,,,,,2,,
Y2O3_x010,Y2O3_x100_cP4baS16e_s02,Y2O3,P_4b,S_16e,0.25,compound_set,4,-0.7440888522193276,-0.2591858513400351,True,0.1884431242861752,2.8533418438400733,0.75,0.6886562723930371,1.0424339561675637,,,,,,,,,,,,,,,,,,,,,,,,,,,,,,,,0,,,,,,0.3011533940706478,23,,4,28,3,2,17,,,,,,,,,,,,,,,,,,,,,,,,,,,,,,,,,2,,
Y2O3_x010,Y2O3_x100_cP4baS16e_s03,Y2O3,P_4b,S_16e,0.25,compound_set,4,-0.6851109433669818,-0.19645490073987884,True,0.2024204012050488,2.9060044562975866,0.7857142857142857,0.7152205947092488,1.1773068408433978,,,,,,,,,,,,,,,,,,,,,,,,,,,,,,,,0,,,,,,0.24607292099539402,27,,4,28,3,2,17,,,,,,,,,,,,,,,,,,,,,,,,,,,,,,,,,2,,
Y2O3_x010,Y2O3_x100_cP4baS16e_s04,Y2O3,P_4b,S_16e,0.25,compound_set,4,-0.7252212079306766,-0.2398979755849452,True,0.17860176621804671,2.849827770903922,0.8214285714285714,1.137467857423506,1.0281190414159982,,,,,,,,,,,,,,,,,,,,,,,,,,,,,,,,0,,,,,,0.2835325798800956,25,,4,28,3,2,17,,,,,,,,,,,,,,,,,,,,,,,,,,,,,,,,,2,,
Y2O3_x010,Y2O3_x100_cP4baS4a_s00,Y2O3,P_4b,S_4a,0.25,compound_set,4,-0.7038737293895299,-0.28602195165170896,True,0.21454818119913666,2.8030006808097316,0.6428571428571429,1.294468232840511,1.0489707696989368,,,,,,,,,,,,,,,,,,,,,,,,,,,,,,,,0,,,,,,0.2635958062662,26,,4,28,3,2,17,,,,,,,,,,,,,,,,,,,,,,,,,,,,,,,,,2,,
Y2O3_x010,Y2O3_x100_cP4baS4a_s01,Y2O3,P_4b,S_4a,0.25,compound_set,4,-0.6606544052468903,-0.2451864942738057,True,0.2256977799881166,2.7505195673217275,0.75,0.16250673770065227,1.04780838630011,0.9617684503894283,0.13907434429300544,0.8280111337898186,0.16032,,-1073.3218411449402,-4.376110592447831,-5.732730222964136,True,24.663368015245407,18.021172614402193,3.6595925185528557,0.999714105887724,True,OK,32.117308149102904,21.970513270053544,53.672860587645715,0.6840708183904018,0.22147489063906858,,,,,,,,,,,,0,,,-0.6606544052468903,-0.6863292298532393,-1073.32184114494,0.5472106994841541,4,,4,28,3,2,17,,,,,,,,,,,,,,,,,,,,,,,,,,,,,,,,,2,,
Y2O3_x010,Y2O3_x100_cP4baS4a_s02,Y2O3,P_4b,S_4a,0.25,compound_set,4,-0.6603357985451659,-0.270663673740979,True,0.22955390525789882,2.665755736310245,0.6785714285714286,0.9063611538898616,1.0306999082073292,,,,,,,,,,,,,,,,,,,,,,,,,,,,,,,,0,,,,,,0.22293499149182425,28,,4,28,3,2,17,,,,,,,,,,,,,,,,,,,,,,,,,,,,,,,,,2,,
Y2O3_x010,Y2O3_x100_cP4baS4a_s03,Y2O3,P_4b,S_4a,0.25,compound_set,4,-0.646550843975076,-0.254683486399095,True,0.24638456834565783,2.712725918342735,0.5,1.5421858469061396,1.085384350600332,,,,,,,,,,,,,,,,,,,,,,,,,,,,,,,,0,,,,,,0.21006098775353754,29,,4,28,3,2,17,,,,,,,,,,,,,,,,,,,,,,,,,,,,,,,,,2,,
Y2O3_x010,Y2O3_x100_cP4baS4a_s04,Y2O3,P_4b,S_4a,0.25,compound_set,4,-0.5822400045153211,-0.1910467391462355,True,0.18508015560202898,2.7989422193616877,0.5714285714285714,0.9510973307364176,1.0644597396557975,,,,,,,,,,,,,,,,,,,,,,,,,,,,,,,,0,,,,,,0.15,30,,4,28,3,2,17,,,,,,,,,,,,,,,,,,,,,,,,,,,,,,,,,2,,
Y2O3_x010,Y2O3_x100_chain_Cl_x200_cLi24gaS16e_s00,Y2O3+Clrich,Li_24g,S_16e,0.25,compound_set_chain,4,-0.9430120517708493,-0.07496285323318326,True,0.3072118072058598,3.0477756741933106,0.5882352941176471,0.5611970848983544,1.085576245862344,,,,,,,,,,,,,,,,,,,,,,,,,,,,,,,,0,,,,,,0.48693115645913443,13,,5,17,3,4,16,,,,,,,,,,,,,,,,,,,,,,,,,,,,,,,,,2,,
Y2O3_x010,Y2O3_x100_chain_Cl_x200_cLi24gaS16e_s01,Y2O3+Clrich,Li_24g,S_16e,0.25,compound_set_chain,4,-0.9427750668004125,-0.0610548871188411,True,0.1882131671084688,3.1047569573057823,0.7058823529411765,3.0123720966958243,1.0731083653882767,,,,,,,,,,,,,,,,,,,,,,,,,,,,,,,,0,,,,,,0.4867098321609795,14,,5,17,3,4,16,,,,,,,,,,,,,,,,,,,,,,,,,,,,,,,,,2,,
Y2O3_x010,Y2O3_x100_chain_Cl_x200_cLi24gaS16e_s02,Y2O3+Clrich,Li_24g,S_16e,0.25,compound_set_chain,4,-1.002235773328131,-0.19951747699732722,True,0.2732149622160624,3.0836344475807853,0.8235294117647058,0.1331607870383087,1.2618182980125432,0.9477466169699622,0.07233796693617942,0.8791885535277132,0.142464,,-981.0775558877391,-4.70032494229357,-3.7363684242170563,True,14.495560785299945,21.884597726320997,3.349974757203637,0.9996930673273142,True,OK,21.228636573582648,13.126787840245026,32.650516849252924,0.6183528459185302,0.2436598064436861,,,,,,,,,,,,0,,,-1.002235773328131,-1.010543579698978,-981.0775558877393,0.5930982565803146,2,,5,17,3,4,16,,,,,,,,,,,,,,,,,,,,,,,,,,,,,,,,,2,,
Y2O3_x010,Y2O3_x100_chain_Cl_x200_cLi24gaS16e_s03,Y2O3+Clrich,Li_24g,S_16e,0.25,compound_set_chain,4,-0.9848514506595887,-0.1337819924093727,True,0.24214982660400702,3.247265995199679,0.7058823529411765,0.6359198265430895,1.128101397042356,,,,,,,,,,,,,,,,,,,,,,,,,,,,,,,,0,,,,,,0.5260056833255502,8,,5,17,3,4,16,,,,,,,,,,,,,,,,,,,,,,,,,,,,,,,,,2,,
Y2O3_x010,Y2O3_x100_chain_Cl_x200_cLi24gaS16e_s04,Y2O3+Clrich,Li_24g,S_16e,0.25,compound_set_chain,4,-0.9858001482585568,-0.17708515958031018,True,0.26544640785065093,3.073931648978472,0.7647058823529411,2.130343600469461,1.0242082329202808,,,,,,,,,,,,,,,,,,,,,,,,,,,,,,,,0,,,,,,0.5268916881631809,7,,5,17,3,4,16,,,,,,,,,,,,,,,,,,,,,,,,,,,,,,,,,2,,
Y2O3_x010,Y2O3_x100_chain_Cl_x200_cLi24gaS4a_s00,Y2O3+Clrich,Li_24g,S_4a,0.25,compound_set_chain,4,-0.9171328162056884,-0.13794787601832664,True,0.31145486269073674,3.0281998039925906,0.5882352941176471,1.3873418702054408,1.0844247275396965,,,,,,,,,,,,,,,,,,,,,,,,,,,,,,,,0,,,,,,0.4627620978150978,18,,5,17,3,4,16,,,,,,,,,,,,,,,,,,,,,,,,,,,,,,,,,2,,
Y2O3_x010,Y2O3_x100_chain_Cl_x200_cLi24gaS4a_s01,Y2O3+Clrich,Li_24g,S_4a,0.25,compound_set_chain,4,-0.8890854901767451,-0.04323287558072913,True,0.3869796409835415,2.9966773856812745,0.5294117647058824,3.627964330791995,1.0486330916846984,,,,,,,,,,,,,,,,,,,,,,,,,,,,,,,,0,,,,,,0.43656822257890193,22,,5,17,3,4,16,,,,,,,,,,,,,,,,,,,,,,,,,,,,,,,,,2,,
Y2O3_x010,Y2O3_x100_chain_Cl_x200_cLi24gaS4a_s02,Y2O3+Clrich,Li_24g,S_4a,0.25,compound_set_chain,4,-0.9202764634715388,-0.11928196387395146,True,0.32812914469894294,3.0501771533334776,0.5882352941176471,0.18059550611677097,1.0812653009766822,,,,,,,,,,,,,,,,,,,,,,,,,,,,,,,,0,,,,,,0.4656980035118946,17,,5,17,3,4,16,,,,,,,,,,,,,,,,,,,,,,,,,,,,,,,,,2,,
Y2O3_x010,Y2O3_x100_chain_Cl_x200_cLi24gaS4a_s03,Y2O3+Clrich,Li_24g,S_4a,0.25,compound_set_chain,4,-0.9307968093088181,-0.18957155642559517,True,0.4481096576037619,3.062076773058554,0.7058823529411765,1.3556424717157218,1.0487949880437117,0.9640757836161583,0.09406142687128198,0.8733934397971732,0.13632,,-995.96231917986,-4.596248474027983,-9.40527815481574,True,20.584129487850518,20.63651212891898,5.148121061516483,0.9999813516851612,True,OK,29.68484955451853,21.88095738354133,52.69544946116267,0.7371085827251795,0.2041394838783367,,,,,,,,,,,,0,,,-0.9307968093088181,-0.9064671114333915,-995.9623191798598,0.7408568459636237,1,,5,17,3,4,16,,,,,,,,,,,,,,,,,,,,,,,,,,,,,,,,,2,,
Y2O3_x010,Y2O3_x100_chain_Cl_x200_cLi24gaS4a_s04,Y2O3+Clrich,Li_24g,S_4a,0.25,compound_set_chain,4,-0.9237868239900742,-0.13831075409833413,True,0.45351337396352165,3.118980456141192,0.47058823529411764,0.6847551578174834,1.0268161876435773,,,,,,,,,,,,,,,,,,,,,,,,,,,,,,,,0,,,,,,0.46897638895803995,16,,5,17,3,4,16,,,,,,,,,,,,,,,,,,,,,,,,,,,,,,,,,2,,
YF3_x002,YF3_x020_cLi24gaCl4d_s00,YF3,Li_24g,Cl_4d,0.25,compound_set,4,-0.7185281037277549,-0.21752502091236878,True,0.17165447656818097,2.960832379780507,0.5714285714285714,3.5118151596287808,1.0579905131535736,0.9617064182937194,0.12376202218487344,0.842683687217517,0.144704,,-693.5651675651195,-4.431770113133501,-5.180574771645422,True,15.232705773204778,20.04484835889171,6.999034085175179,0.9881192390460639,True,OK,24.202517951074892,20.521957869302874,47.99925824614566,0.8479265632934463,0.16946098788029962,,,,,,,,,,,,0,,,-0.7185281037277549,-0.7419889065132304,-693.565167565119,0.85,1,,1,21,,4,20,,3,,,,,,,,,,,,,,,,,,,,,,,,,,,,,,,1,,
YF3_x002,YF3_x020_cLi24gaCl4d_s01,YF3,Li_24g,Cl_4d,0.25,compound_set,4,-0.7182832095238507,-0.21293548202866436,True,0.2291045098189963,2.913820332987096,0.8095238095238095,0.59357176330629,1.0165333129024625,,,,,,,,,,,,,,,,,,,,,,,,,,,,,,,,0,,,,,,0.4945335652899784,2,,1,21,,4,20,,3,,,,,,,,,,,,,,,,,,,,,,,,,,,,,,,1,,
YF3_x002,YF3_x020_cLi24gaCl4d_s02,YF3,Li_24g,Cl_4d,0.25,compound_set,4,-0.7138613691395705,-0.17780871023939201,True,0.2772200443082551,3.0012505722237024,0.7619047619047619,1.2318354217083578,1.1378393809898093,,,,,,,,,,,,,,,,,,,,,,,,,,,,,,,,0,,,,,,0.48418737209082074,3,,1,21,,4,20,,3,,,,,,,,,,,,,,,,,,,,,,,,,,,,,,,1,,
YF3_x002,YF3_x020_cLi24gaCl4d_s03,YF3,Li_24g,Cl_4d,0.25,compound_set,4,-0.6794237472240945,-0.1314512235609118,True,0.3414876306171169,3.0519989992804275,0.6190476190476191,0.6973695690294672,1.06584883489084,,,,,,,,,,,,,,,,,,,,,,,,,,,,,,,,0,,,,,,0.4036104496574108,5,,1,21,,4,20,,3,,,,,,,,,,,,,,,,,,,,,,,,,,,,,,,1,,
YF3_x002,YF3_x020_cLi24gaCl4d_s04,YF3,Li_24g,Cl_4d,0.25,compound_set,4,-0.7070902139330735,-0.19558590793221875,True,0.348530089289961,3.184083489475994,0.7619047619047619,1.7949093117202886,1.1044710854302242,,,,,,,,,,,,,,,,,,,,,,,,,,,,,,,,0,,,,,,0.46834426744214275,4,,1,21,,4,20,,3,,,,,,,,,,,,,,,,,,,,,,,,,,,,,,,1,,
YF3_x002,YF3_x020_cP4baCl4d_s00,YF3,P_4b,Cl_4d,0.25,compound_set,4,-0.6071087562175994,-0.2297076038955917,True,0.17371203527387116,2.8519629697767965,0.8461538461538461,0.8941200887603238,1.0261423620261434,,,,,,,,,,,,,,,,,,,,,,,,,,,,,,,,0,,,,,,0.23440830685542755,6,,1,26,,3,20,,3,,,,,,,,,,,,,,,,,,,,,,,,,,,,,,,1,,
YF3_x002,YF3_x020_cP4baCl4d_s01,YF3,P_4b,Cl_4d,0.25,compound_set,4,-0.5710336459971148,-0.19600325546702743,True,0.22336422986061266,2.841430230281946,0.6538461538461539,1.2511769915264566,1.0576054857917205,,,,,,,,,,,,,,,,,,,,,,,,,,,,,,,,0,,,,,,0.15,10,,1,26,,3,20,,3,,,,,,,,,,,,,,,,,,,,,,,,,,,,,,,1,,
YF3_x002,YF3_x020_cP4baCl4d_s02,YF3,P_4b,Cl_4d,0.25,compound_set,4,-0.6077905357242268,-0.21754444166907702,True,0.14374639029361788,2.802070791578311,0.6923076923076923,0.8594327886600232,1.0726254686718768,0.9657114664354096,0.12797449353676366,0.8421250306156927,0.146752,,-781.7262196320627,-4.2821002079447625,-3.793012380726387,True,20.30376556863186,18.556398267956652,6.704684792983333,0.9942208439893782,True,OK,26.929403073434145,19.8749094101356,47.85243179943805,0.7380375033170415,0.20384024933051417,,,,,,,,,,,,0,,,-0.6077905357242268,-0.5923190013244919,-781.7262196320627,0.19980333512549747,9,,1,26,,3,20,,3,,,,,,,,,,,,,,,,,,,,,,,,,,,,,,,1,,
YF3_x002,YF3_x020_cP4baCl4d_s03,YF3,P_4b,Cl_4d,0.25,compound_set,4,-0.6001550450832345,-0.20367064452397066,True,0.15882742622073126,2.864781899155612,0.6153846153846154,0.5228345436100239,1.0213627782309198,,,,,,,,,,,,,,,,,,,,,,,,,,,,,,,,0,,,,,,0.21813805904118277,8,,1,26,,3,20,,3,,,,,,,,,,,,,,,,,,,,,,,,,,,,,,,1,,
YF3_x002,YF3_x020_cP4baCl4d_s04,YF3,P_4b,Cl_4d,0.25,compound_set,4,-0.6002096286194747,-0.26060480793547636,True,0.1224984610707341,2.826118593403504,0.6923076923076923,0.49810581195048204,1.0063145110188676,,,,,,,,,,,,,,,,,,,,,,,,,,,,,,,,0,,,,,,0.21826577324213903,7,,1,26,,3,20,,3,,,,,,,,,,,,,,,,,,,,,,,,,,,,,,,1,,
YF3_x005,YF3_x050_cLi24gaCl4d_s00,YF3,Li_24g,Cl_4d,0.25,compound_set,4,-0.7185176288471622,-0.21744045853889601,True,0.1716959639337926,2.960900117782113,0.5714285714285714,3.5108087047160126,1.0580174339261659,0.9670447759152543,0.09543343495759944,0.8747563711918594,0.151232,,-701.9614976269287,-4.4401664594166395,-4.197305759750733,True,25.514532841953976,20.15658328213611,9.49716778709565,0.9938347370703037,True,OK,24.93504561378236,20.285612542949277,47.87431055106821,0.8135382167392868,0.18000653048330084,,,,,,,,,,,,0,,,-0.7185176288471622,-0.7503851437162883,-701.9614976269283,0.55,2,,1,21,,4,20,,3,,,,,,,,,,,,,,,,,,,,,,,,,,,,,,,1,,
YF3_x005,YF3_x050_cLi24gaCl4d_s01,YF3,Li_24g,Cl_4d,0.25,compound_set,4,-0.7182817986025753,-0.21292757293173983,True,0.22910683740466767,2.9138155461147712,0.8095238095238095,0.5936631981351663,1.0165337833105608,,,,,,,,,,,,,,,,,,,,,,,,,,,,,,,,0,,,,,,0.4784317989941157,3,,1,21,,4,20,,3,,,,,,,,,,,,,,,,,,,,,,,,,,,,,,,1,,
YF3_x005,YF3_x050_cLi24gaCl4d_s02,YF3,Li_24g,Cl_4d,0.25,compound_set,4,-0.7138614649995523,-0.17769767185043897,True,0.2772455561259863,3.001702201608151,0.7619047619047619,1.230929380449792,1.1375558670816985,,,,,,,,,,,,,,,,,,,,,,,,,,,,,,,,0,,,,,,0.4685775198623411,4,,1,21,,4,20,,3,,,,,,,,,,,,,,,,,,,,,,,,,,,,,,,1,,
YF3_x005,YF3_x050_cLi24gaCl4d_s03,YF3,Li_24g,Cl_4d,0.25,compound_set,4,-0.6794239115741334,-0.131451835077727,True,0.3414887694671254,3.051998270726306,0.6190476190476191,0.697402124315475,1.0658488725909823,,,,,,,,,,,,,,,,,,,,,,,,,,,,,,,,0,,,,,,0.39180565272602547,6,,1,21,,4,20,,3,,,,,,,,,,,,,,,,,,,,,,,,,,,,,,,1,,
YF3_x005,YF3_x050_cLi24gaCl4d_s04,YF3,Li_24g,Cl_4d,0.25,compound_set,4,-0.70737966581245,-0.19614249999722033,True,0.34864628531430614,3.185343085336317,0.7619047619047619,1.8176056775282077,1.1035283923323331,,,,,,,,,,,,,,,,,,,,,,,,,,,,,,,,0,,,,,,0.454127601778753,5,,1,21,,4,20,,3,,,,,,,,,,,,,,,,,,,,,,,,,,,,,,,1,,
YF3_x005,YF3_x050_cP4baCl4d_s00,YF3,P_4b,Cl_4d,0.25,compound_set,4,-0.6071126966288345,-0.22972655307204667,True,0.17370645340042024,2.8519380012901903,0.8461538461538461,0.894126269845209,1.026144902925777,,,,,,,,,,,,,,,,,,,,,,,,,,,,,,,,0,,,,,,0.23060177980082433,7,,1,26,,3,20,,3,,,,,,,,,,,,,,,,,,,,,,,,,,,,,,,1,,
YF3_x005,YF3_x050_cP4baCl4d_s01,YF3,P_4b,Cl_4d,0.25,compound_set,4,-0.5709571594299518,-0.1956014278772589,True,0.2239398518797362,2.8415199227351953,0.6538461538461539,1.265561038429743,1.057384982759606,,,,,,,,,,,,,,,,,,,,,,,,,,,,,,,,0,,,,,,0.15,10,,1,26,,3,20,,3,,,,,,,,,,,,,,,,,,,,,,,,,,,,,,,1,,
YF3_x005,YF3_x050_cP4baCl4d_s02,YF3,P_4b,Cl_4d,0.25,compound_set,4,-0.6077899991212146,-0.21754265921138072,True,0.14374909461224852,2.8020724002893305,0.6923076923076923,0.8594604261666662,1.0726225144881858,0.9818722449503807,0.10134137049150409,0.8823679659995394,0.150656,,-835.9582452912583,-4.336332257262518,-6.061791245501998,True,19.805267203717875,18.60047127221348,6.536303531371674,0.9993684822632924,True,OK,31.01853623723332,23.80802703962437,56.87322067690552,0.7675419258193826,0.19441272017731268,,,,,,,,,,,,0,,,-0.6077899991212146,-0.6465509415621664,-835.9582452912582,0.6185217218103054,1,,1,26,,3,20,,3,,,,,,,,,,,,,,,,,,,,,,,,,,,,,,,1,,
YF3_x005,YF3_x050_cP4baCl4d_s03,YF3,P_4b,Cl_4d,0.25,compound_set,4,-0.600155600209848,-0.20367201462467757,True,0.1588234064101694,2.8647816163639783,0.6153846153846154,0.5228546185284565,1.0213636377445385,,,,,,,,,,,,,,,,,,,,,,,,,,,,,,,,0,,,,,,0.21509227843367057,9,,1,26,,3,20,,3,,,,,,,,,,,,,,,,,,,,,,,,,,,,,,,1,,
YF3_x005,YF3_x050_cP4baCl4d_s04,YF3,P_4b,Cl_4d,0.25,compound_set,4,-0.600208935045357,-0.2606030593942856,True,0.12249709327184935,2.8261113628984607,0.6923076923076923,0.4980946500586523,1.006316552003957,,,,,,,,,,,,,,,,,,,,,,,,,,,,,,,,0,,,,,,0.2152111781375737,8,,1,26,,3,20,,3,,,,,,,,,,,,,,,,,,,,,,,,,,,,,,,1,,
YF3_x010,YF3_x100_cLi24gaCl4d_s00,YF3,Li_24g,Cl_4d,0.25,compound_set,4,-0.7185191221962772,-0.2174530350122423,True,0.17169248516351474,2.9608892301655283,0.5714285714285714,3.51089319574543,1.058019239512263,0.9700362177657337,0.09721192794976871,0.875737126855625,0.14336,,-703.4281087230863,-4.441633068392361,-5.601881296370494,True,15.240177862588386,19.916946460331033,7.832143629151397,0.9957053944450321,True,OK,23.949602923896187,21.733347606655006,50.05810498251835,0.9074617093116868,0.15164276319746484,,,,,,,,,,,,0,,,-0.7185191221962772,-0.7518518631993056,-703.4281087230858,0.85,1,,1,21,,4,20,,3,,,,,,,,,,,,,,,,,,,,,,,,,,,,,,,1,,
YF3_x010,YF3_x100_cLi24gaCl4d_s01,YF3,Li_24g,Cl_4d,0.25,compound_set,4,-0.7182816645176708,-0.21292715653663355,True,0.2291056323104138,2.913809916110457,0.8095238095238095,0.5935646526619948,1.0165343633081534,,,,,,,,,,,,,,,,,,,,,,,,,,,,,,,,0,,,,,,0.4758770843008856,2,,1,21,,4,20,,3,,,,,,,,,,,,,,,,,,,,,,,,,,,,,,,1,,
YF3_x010,YF3_x100_cLi24gaCl4d_s02,YF3,Li_24g,Cl_4d,0.25,compound_set,4,-0.7143287880651132,-0.17979868903204005,True,0.2806224276405433,3.00264225238792,0.7619047619047619,1.2249605098517158,1.1401885103700817,,,,,,,,,,,,,,,,,,,,,,,,,,,,,,,,0,,,,,,0.46714914286566755,3,,1,21,,4,20,,3,,,,,,,,,,,,,,,,,,,,,,,,,,,,,,,1,,
YF3_x010,YF3_x100_cLi24gaCl4d_s03,YF3,Li_24g,Cl_4d,0.25,compound_set,4,-0.6794238558923209,-0.1314512499795384,True,0.34148715699603305,3.0519981433243544,0.6190476190476191,0.6973784845133398,1.0658487860163932,,,,,,,,,,,,,,,,,,,,,,,,,,,,,,,,0,,,,,,0.3900791389177136,5,,1,21,,4,20,,3,,,,,,,,,,,,,,,,,,,,,,,,,,,,,,,1,,
YF3_x010,YF3_x100_cLi24gaCl4d_s04,YF3,Li_24g,Cl_4d,0.25,compound_set,4,-0.7114494539769738,-0.19969594758959955,True,0.3533534077470815,3.2011728335589797,0.7142857142857143,1.5017445975201995,1.1026059690884453,,,,,,,,,,,,,,,,,,,,,,,,,,,,,,,,0,,,,,,0.4607915803171473,4,,1,21,,4,20,,3,,,,,,,,,,,,,,,,,,,,,,,,,,,,,,,1,,
YF3_x010,YF3_x100_cP4baCl4d_s00,YF3,P_4b,Cl_4d,0.25,compound_set,4,-0.6071032177624205,-0.22968075937399998,True,0.17371586681398418,2.8520000844865745,0.8461538461538461,0.8941238054553078,1.0261325171385294,,,,,,,,,,,,,,,,,,,,,,,,,,,,,,,,0,,,,,,0.2303953487129986,7,,1,26,,3,20,,3,,,,,,,,,,,,,,,,,,,,,,,,,,,,,,,1,,
YF3_x010,YF3_x100_cP4baCl4d_s01,YF3,P_4b,Cl_4d,0.25,compound_set,4,-0.570692240078674,-0.19459631913211362,True,0.2219076052973104,2.8401019361702,0.6538461538461539,1.261003227231599,1.0573981679003002,,,,,,,,,,,,,,,,,,,,,,,,,,,,,,,,0,,,,,,0.15,10,,1,26,,3,20,,3,,,,,,,,,,,,,,,,,,,,,,,,,,,,,,,1,,
YF3_x010,YF3_x100_cP4baCl4d_s02,YF3,P_4b,Cl_4d,0.25,compound_set,4,-0.6077903805730096,-0.2175433483243612,True,0.14374851277647027,2.8020710816569925,0.6923076923076923,0.8594390642636022,1.0726235097530845,1.000052175066665,0.14714424461545886,0.8528112575786483,0.142464,,-811.3958787393435,-4.311769863714321,-3.1845096232193693,True,21.483829688828724,19.357550583363125,0.7133552576344347,0.9997133629144922,True,OK,24.39237492796618,17.668572800190525,42.69664026817002,0.7243481970233768,0.2082651143082029,,,,,,,,,,,,0,,,-0.6077903805730096,-0.6219886585212664,-811.3958787393441,0.26326236510976797,6,,1,26,,3,20,,3,,,,,,,,,,,,,,,,,,,,,,,,,,,,,,,1,,
YF3_x010,YF3_x100_cP4baCl4d_s03,YF3,P_4b,Cl_4d,0.25,compound_set,4,-0.6001550564745304,-0.20367042377705197,True,0.15882768744311065,2.8647826457230887,0.6153846153846154,0.5228409254405475,1.0213629500882986,,,,,,,,,,,,,,,,,,,,,,,,,,,,,,,,0,,,,,,0.2150538257661035,9,,1,26,,3,20,,3,,,,,,,,,,,,,,,,,,,,,,,,,,,,,,,1,,
YF3_x010,YF3_x100_cP4baCl4d_s04,YF3,P_4b,Cl_4d,0.25,compound_set,4,-0.6002082319338098,-0.26059844834688595,True,0.12250067413844687,2.8261101962283752,0.6923076923076923,0.49802146412586407,1.006321536469213,,,,,,,,,,,,,,,,,,,,,,,,,,,,,,,,0,,,,,,0.2151712370487357,8,,1,26,,3,20,,3,,,,,,,,,,,,,,,,,,,,,,,,,,,,,,,1,,
ZnO_x002,ZnO_x020_cLi24gaS16e_s00,ZnO,Li_24g,S_16e,0.25,compound_set,4,-0.4623688309427614,-0.16112144064660994,True,0.2580380485209833,3.0489688554957186,0.5,0.7540862078172429,1.0231744316998803,,,,,,,,,,,,,,,,,,,,,,,,,,,,,,,,0,,,,,,0.4536782984790221,7,,4,22,1,4,19,,,,,,,,,,,,,,,,,,,,,,,,,,,,,,,,,,1,
ZnO_x002,ZnO_x020_cLi24gaS16e_s01,ZnO,Li_24g,S_16e,0.25,compound_set,4,-0.45697445854062657,-0.1804841506977354,True,0.1952785219235974,2.9762821471325696,0.45454545454545453,1.7782779493548795,1.2157620779318228,,,,,,,,,,,,,,,,,,,,,,,,,,,,,,,,0,,,,,,0.44130780444460993,13,,4,22,1,4,19,,,,,,,,,,,,,,,,,,,,,,,,,,,,,,,,,,1,
ZnO_x002,ZnO_x020_cLi24gaS16e_s02,ZnO,Li_24g,S_16e,0.25,compound_set,4,-0.4681957616285244,-0.18279843669628426,True,0.19717840146426419,2.882156740499885,0.6363636363636364,1.0687249364798415,1.0707722866741385,,,,,,,,,,,,,,,,,,,,,,,,,,,,,,,,0,,,,,,0.4670407447310898,5,,4,22,1,4,19,,,,,,,,,,,,,,,,,,,,,,,,,,,,,,,,,,1,
ZnO_x002,ZnO_x020_cLi24gaS16e_s03,ZnO,Li_24g,S_16e,0.25,compound_set,4,-0.47082555296685324,-0.20177022962178004,True,0.25119908968146315,2.964860110736514,0.45454545454545453,1.4239683799125502,1.1365834355882372,,,,,,,,,,,,,,,,,,,,,,,,,,,,,,,,0,,,,,,0.4730714403593099,4,,4,22,1,4,19,,,,,,,,,,,,,,,,,,,,,,,,,,,,,,,,,,1,
ZnO_x002,ZnO_x020_cLi24gaS16e_s04,ZnO,Li_24g,S_16e,0.25,compound_set,4,-0.4801406445204748,-0.22854765130683444,True,0.17539723528082804,2.9552020755837134,0.36363636363636365,1.4036170703788582,1.0750080605724568,1.0086263263791684,0.09991076996513917,0.8923247665662057,0.14592,,-805.7839424380242,-4.194152877431854,-4.354549910938994,True,19.980477747674367,20.07217879269358,5.030578976609601,0.9995507513477687,True,OK,24.61954562674022,17.779656494000307,42.99014564193664,0.722176467574168,0.20897008489572189,,,,,,,,,,,,0,,,-0.4801406445204748,-0.5043716100529592,-805.7839424380239,0.6192193786263339,3,,4,22,1,4,19,,,,,,,,,,,,,,,,,,,,,,,,,,,,,,,,,,1,
ZnO_x002,ZnO_x020_cLi24gaS4a_s00,ZnO,Li_24g,S_4a,0.25,compound_set,4,-0.39807781780924856,-0.1573801266018288,True,0.1499489619856241,2.9451621749132886,0.4090909090909091,2.1220385197632634,1.1197285061778803,,,,,,,,,,,,,,,,,,,,,,,,,,,,,,,,0,,,,,,0.3062447260175276,35,,4,22,1,4,19,,,,,,,,,,,,,,,,,,,,,,,,,,,,,,,,,,1,
ZnO_x002,ZnO_x020_cLi24gaS4a_s01,ZnO,Li_24g,S_4a,0.25,compound_set,4,-0.37092882508779024,0.012717106681675661,True,0.29283546808800986,3.1094547259987264,0.2727272727272727,1.3435107350612063,1.0494615034240762,,,,,,,,,,,,,,,,,,,,,,,,,,,,,,,,0,,,,,,0.24398605578404747,45,,4,22,1,4,19,,,,,,,,,,,,,,,,,,,,,,,,,,,,,,,,,,1,
ZnO_x002,ZnO_x020_cLi24gaS4a_s02,ZnO,Li_24g,S_4a,0.25,compound_set,4,-0.44098878612609393,-0.1916097835535671,True,0.24288980961208814,2.9747108348101174,0.18181818181818182,2.1635215272720605,1.0982289412208814,0.9911367550013782,0.11146038054927196,0.8806642751125541,0.142272,,-789.3179954513168,-4.147088532382693,-3.082052945047551,True,14.870918243522116,20.518345509741547,4.561169179974858,0.9996829288658476,True,OK,20.28114242306311,18.168739290773512,41.9725878585588,0.895843977216617,0.15507705809487315,,,,,,,,,,,,0,,,-0.44098878612609393,-0.4573072650037977,-789.3179954513165,0.44207100358259366,11,,4,22,1,4,19,,,,,,,,,,,,,,,,,,,,,,,,,,,,,,,,,,1,
ZnO_x002,ZnO_x020_cLi24gaS4a_s03,ZnO,Li_24g,S_4a,0.25,compound_set,4,-0.44022775138074355,-0.23543441468993162,True,0.13653137623035094,2.9817460058653307,0.2727272727272727,0.8598523497399347,1.1070964642190693,,,,,,,,,,,,,,,,,,,,,,,,,,,,,,,,0,,,,,,0.40290388540198074,21,,4,22,1,4,19,,,,,,,,,,,,,,,,,,,,,,,,,,,,,,,,,,1,
ZnO_x002,ZnO_x020_cLi24gaS4a_s04,ZnO,Li_24g,S_4a,0.25,compound_set,4,-0.3969257312080119,-0.19751987216422728,True,0.20425064721731892,3.007187188646741,0.5,3.703359826368769,1.112456483255719,,,,,,,,,,,,,,,,,,,,,,,,,,,,,,,,0,,,,,,0.3036027355568608,38,,4,22,1,4,19,,,,,,,,,,,,,,,,,,,,,,,,,,,,,,,,,,1,
ZnO_x002,ZnO_x020_chain_Cl_x200_cLi24gaS16e_s00,ZnO+Clrich,Li_24g,S_16e,0.25,compound_set_chain,4,-0.45742933911889416,-0.18422530605769533,True,0.18465216416612243,3.009722414311376,0.38095238095238093,3.0011217250578435,1.0144584235414387,,,,,,,,,,,,,,,,,,,,,,,,,,,,,,,,0,,,,,,0.4423509466417639,10,,5,21,1,4,18,,,,,,,,,,,,,,,,,,,,,,,,,,,,,,,,,,1,
ZnO_x002,ZnO_x020_chain_Cl_x200_cLi24gaS16e_s01,ZnO+Clrich,Li_24g,S_16e,0.25,compound_set_chain,4,-0.43883878631678197,-0.13875032077995453,True,0.17630132223642853,3.0350215019512556,0.42857142857142855,0.4657269305440406,1.0699951960159342,,,,,,,,,,,,,,,,,,,,,,,,,,,,,,,,0,,,,,,0.39971868001442834,22,,5,21,1,4,18,,,,,,,,,,,,,,,,,,,,,,,,,,,,,,,,,,1,
ZnO_x002,ZnO_x020_chain_Cl_x200_cLi24gaS16e_s02,ZnO+Clrich,Li_24g,S_16e,0.25,compound_set_chain,4,-0.4363642792506912,-0.09494939453803702,True,0.16549742132299272,3.0948224158650777,0.3333333333333333,1.6539327673371689,1.0360082706049953,,,,,,,,,,,,,,,,,,,,,,,,,,,,,,,,0,,,,,,0.39404408571184146,24,,5,21,1,4,18,,,,,,,,,,,,,,,,,,,,,,,,,,,,,,,,,,1,
ZnO_x002,ZnO_x020_chain_Cl_x200_cLi24gaS16e_s03,ZnO+Clrich,Li_24g,S_16e,0.25,compound_set_chain,4,-0.4410404209906309,-0.1835733891918859,True,0.17704087764158694,2.97120386404822,0.3333333333333333,1.3540176126200496,1.0389749360959883,,,,,,,,,,,,,,,,,,,,,,,,,,,,,,,,0,,,,,,0.4047675173153208,20,,5,21,1,4,18,,,,,,,,,,,,,,,,,,,,,,,,,,,,,,,,,,1,
ZnO_x002,ZnO_x020_chain_Cl_x200_cLi24gaS16e_s04,ZnO+Clrich,Li_24g,S_16e,0.25,compound_set_chain,4,-0.44198570671122717,-0.13049938277001116,True,0.19103753253453107,3.072258155046352,0.42857142857142855,1.1061936267273866,1.0334974685881737,,,,,,,,,,,,,,,,,,,,,,,,,,,,,,,,0,,,,,,0.4069352674251989,19,,5,21,1,4,18,,,,,,,,,,,,,,,,,,,,,,,,,,,,,,,,,,1,
ZnO_x002,ZnO_x020_chain_Cl_x200_cLi24gaS4a_s00,ZnO+Clrich,Li_24g,S_4a,0.25,compound_set_chain,4,-0.44228066057354276,-0.1558618576382166,True,0.3367602265883179,2.9609268189662368,0.42857142857142855,1.6847607512277782,1.1150094847870375,1.004502103086082,0.10577031867838638,0.8902037671136696,0.14112,,-788.3185008265275,-4.1423757410118585,-2.1991069109761847,True,18.04134409380637,20.89421381770821,1.1542873076403888,0.9998241813312622,True,OK,24.459299963556276,19.58819207635439,46.38273052483832,0.8008484341555273,0.18394618411028807,,,,,,,,,,,,0,,,-0.44228066057354276,-0.45259447363296346,-788.3185008265276,0.731263526235412,1,,5,21,1,4,18,,,,,,,,,,,,,,,,,,,,,,,,,,,,,,,,,,1,
ZnO_x002,ZnO_x020_chain_Cl_x200_cLi24gaS4a_s01,ZnO+Clrich,Li_24g,S_4a,0.25,compound_set_chain,4,-0.4317129889053346,-0.14487428986617262,True,0.26227051002894197,3.0002667089770236,0.2857142857142857,0.735345235290475,1.0960583914390076,,,,,,,,,,,,,,,,,,,,,,,,,,,,,,,,0,,,,,,0.38337764387575657,28,,5,21,1,4,18,,,,,,,,,,,,,,,,,,,,,,,,,,,,,,,,,,1,
ZnO_x002,ZnO_x020_chain_Cl_x200_cLi24gaS4a_s02,ZnO+Clrich,Li_24g,S_4a,0.25,compound_set_chain,4,-0.37614200032314127,-0.11942832598078855,True,0.2616628900834216,3.028022915379657,0.3333333333333333,1.6635851316780286,1.0439446112113229,,,,,,,,,,,,,,,,,,,,,,,,,,,,,,,,0,,,,,,0.2559410244702533,44,,5,21,1,4,18,,,,,,,,,,,,,,,,,,,,,,,,,,,,,,,,,,1,
ZnO_x002,ZnO_x020_chain_Cl_x200_cLi24gaS4a_s03,ZnO+Clrich,Li_24g,S_4a,0.25,compound_set_chain,4,-0.40881270493061006,-0.10275008529193828,True,0.19413728204068595,3.0453624868458804,0.2857142857142857,0.22982787811101163,1.0253975126672414,,,,,,,,,,,,,,,,,,,,,,,,,,,,,,,,0,,,,,,0.3308622064573904,32,,5,21,1,4,18,,,,,,,,,,,,,,,,,,,,,,,,,,,,,,,,,,1,
ZnO_x002,ZnO_x020_chain_Cl_x200_cLi24gaS4a_s04,ZnO+Clrich,Li_24g,S_4a,0.25,compound_set_chain,4,-0.3443826864385464,-0.08756520241760521,True,0.23492505057989363,3.0336475768903255,0.38095238095238093,1.874914618911177,1.0527263642795757,,,,,,,,,,,,,,,,,,,,,,,,,,,,,,,,0,,,,,,0.18310986383497338,49,,5,21,1,4,18,,,,,,,,,,,,,,,,,,,,,,,,,,,,,,,,,,1,
ZnO_x002,ZnO_x020_chain_Cl_x400_cLi24gaS16e_s00,ZnO+Clrich,Li_24g,S_16e,0.25,compound_set_chain,4,-0.4308143489709053,-0.1699446546126485,True,0.16087228864050485,2.9984677640983772,0.3,0.8438725623852593,1.0840019077917245,,,,,,,,,,,,,,,,,,,,,,,,,,,,,,,,0,,,,,,0.3813168629138151,29,,6,20,1,4,17,,,,,,,,,,,,,,,,,,,,,,,,,,,,,,,,,,1,
ZnO_x002,ZnO_x020_chain_Cl_x400_cLi24gaS16e_s01,ZnO+Clrich,Li_24g,S_16e,0.25,compound_set_chain,4,-0.4596980038721208,-0.11137174753138045,True,0.18385101337821694,3.0543978492434727,0.6,1.3289170229008396,1.1007207846814606,,,,,,,,,,,,,,,,,,,,,,,,,,,,,,,,0,,,,,,0.4475534988023757,8,,6,20,1,4,17,,,,,,,,,,,,,,,,,,,,,,,,,,,,,,,,,,1,
ZnO_x002,ZnO_x020_chain_Cl_x400_cLi24gaS16e_s02,ZnO+Clrich,Li_24g,S_16e,0.25,compound_set_chain,4,-0.46366306813943137,-0.19129478502633296,True,0.15918390462409696,3.132507961900662,0.5,2.594957901652908,1.1456118407418214,,,,,,,,,,,,,,,,,,,,,,,,,,,,,,,,0,,,,,,0.4566462718273553,6,,6,20,1,4,17,,,,,,,,,,,,,,,,,,,,,,,,,,,,,,,,,,1,
ZnO_x002,ZnO_x020_chain_Cl_x400_cLi24gaS16e_s03,ZnO+Clrich,Li_24g,S_16e,0.25,compound_set_chain,4,-0.4536416399366274,-0.1641020885003533,True,0.31672985601751824,3.1471537311888924,0.3,0.9998995220088481,1.132604458476714,,,,,,,,,,,,,,,,,,,,,,,,,,,,,,,,0,,,,,,0.4336649111504368,15,,6,20,1,4,17,,,,,,,,,,,,,,,,,,,,,,,,,,,,,,,,,,1,
ZnO_x002,ZnO_x020_chain_Cl_x400_cLi24gaS16e_s04,ZnO+Clrich,Li_24g,S_16e,0.25,compound_set_chain,4,-0.4514947710724213,-0.1333099532775866,True,0.265177730971159,3.1497623198763067,0.25,1.166896091124982,1.0187269985618104,,,,,,,,,,,,,,,,,,,,,,,,,,,,,,,,0,,,,,,0.42874166401480773,17,,6,20,1,4,17,,,,,,,,,,,,,,,,,,,,,,,,,,,,,,,,,,1,
ZnO_x002,ZnO_x020_chain_Cl_x400_cLi24gaS4a_s00,ZnO+Clrich,Li_24g,S_4a,0.25,compound_set_chain,4,-0.39756823033164057,-0.11835384742560866,True,0.27199652732042,3.127977494305104,0.45,0.3078493775486812,1.0692475056350204,,,,,,,,,,,,,,,,,,,,,,,,,,,,,,,,0,,,,,,0.30507612874951806,36,,6,20,1,4,17,,,,,,,,,,,,,,,,,,,,,,,,,,,,,,,,,,1,
ZnO_x002,ZnO_x020_chain_Cl_x400_cLi24gaS4a_s01,ZnO+Clrich,Li_24g,S_4a,0.25,compound_set_chain,4,-0.4357134290285307,-0.07132070840971791,True,0.3434231646922992,3.157320539914288,0.35,0.7375031219922312,1.0373006182588569,,,,,,,,,,,,,,,,,,,,,,,,,,,,,,,,0,,,,,,0.39255154159543115,25,,6,20,1,4,17,,,,,,,,,,,,,,,,,,,,,,,,,,,,,,,,,,1,
ZnO_x002,ZnO_x020_chain_Cl_x400_cLi24gaS4a_s02,ZnO+Clrich,Li_24g,S_4a,0.25,compound_set_chain,4,-0.3655259971645046,-0.0708964197580436,True,0.21074589811233418,2.9810101715988764,0.35,0.5912974089677789,1.073959464833328,,,,,,,,,,,,,,,,,,,,,,,,,,,,,,,,0,,,,,,0.23159617136162428,47,,6,20,1,4,17,,,,,,,,,,,,,,,,,,,,,,,,,,,,,,,,,,1,
ZnO_x002,ZnO_x020_chain_Cl_x400_cLi24gaS4a_s03,ZnO+Clrich,Li_24g,S_4a,0.25,compound_set_chain,4,-0.4053961428003632,-0.0914160919513175,True,0.30870886722188134,3.120329234756081,0.25,1.16922661277759,1.0553537282506755,,,,,,,,,,,,,,,,,,,,,,,,,,,,,,,,0,,,,,,0.3230272706576871,33,,6,20,1,4,17,,,,,,,,,,,,,,,,,,,,,,,,,,,,,,,,,,1,
ZnO_x002,ZnO_x020_chain_Cl_x400_cLi24gaS4a_s04,ZnO+Clrich,Li_24g,S_4a,0.25,compound_set_chain,4,-0.3798155035037496,-0.1439565795692562,True,0.2571812401239423,3.1044553809186852,0.4,0.6667625005716895,1.0492360428482144,,,,,,,,,,,,,,,,,,,,,,,,,,,,,,,,0,,,,,,0.2643651831662909,42,,6,20,1,4,17,,,,,,,,,,,,,,,,,,,,,,,,,,,,,,,,,,1,
ZnO_x002,ZnO_x020_chain_Cl_x600_cLi24gaS16e_s00,ZnO+Clrich,Li_24g,S_16e,0.25,compound_set_chain,4,-0.4306499598515421,-0.16884602876915422,True,0.16213912591504515,2.9988099751970747,0.3,0.831943164605858,1.0819835997393497,,,,,,,,,,,,,,,,,,,,,,,,,,,,,,,,0,,,,,,0.3809398821514932,30,,6,20,1,4,17,,,,,,,,,,,,,,,,,,,,,,,,,,,,,,,,,,1,
ZnO_x002,ZnO_x020_chain_Cl_x600_cLi24gaS16e_s01,ZnO+Clrich,Li_24g,S_16e,0.25,compound_set_chain,4,-0.4596949350830881,-0.11135354125183274,True,0.1838792012922521,3.054443665384105,0.6,1.328565293292174,1.100721070180667,,,,,,,,,,,,,,,,,,,,,,,,,,,,,,,,0,,,,,,0.44754646138753074,9,,6,20,1,4,17,,,,,,,,,,,,,,,,,,,,,,,,,,,,,,,,,,1,
ZnO_x002,ZnO_x020_chain_Cl_x600_cLi24gaS16e_s02,ZnO+Clrich,Li_24g,S_16e,0.25,compound_set_chain,4,-0.46369854123535514,-0.19153670097874972,True,0.15904086297075679,3.1324489654367715,0.5,2.595928558247216,1.146101957086394,0.9868119051022672,0.09443943732962914,0.8936179440342298,0.132928,,-806.9427786172238,-4.194143327793927,-2.8419401724949935,True,19.31902857846556,21.2329534774711,4.680369558146529,0.9994551861423078,True,OK,23.384043366219174,18.72508468761905,44.33997780892646,0.8007633408116877,0.1839726908750346,,,,,,,,,,,,0,,,-0.46369854123535514,-0.5043620604150316,-806.9427786172239,0.7110198261570478,2,,6,20,1,4,17,,,,,,,,,,,,,,,,,,,,,,,,,,,,,,,,,,1,
ZnO_x002,ZnO_x020_chain_Cl_x600_cLi24gaS16e_s03,ZnO+Clrich,Li_24g,S_16e,0.25,compound_set_chain,4,-0.4536426310237145,-0.16407763741443548,True,0.31691245603723095,3.147174225396424,0.3,0.9987309700874969,1.1327826786991573,,,,,,,,,,,,,,,,,,,,,,,,,,,,,,,,0,,,,,,0.43366718393325265,14,,6,20,1,4,17,,,,,,,,,,,,,,,,,,,,,,,,,,,,,,,,,,1,
ZnO_x002,ZnO_x020_chain_Cl_x600_cLi24gaS16e_s04,ZnO+Clrich,Li_24g,S_16e,0.25,compound_set_chain,4,-0.45150750093207925,-0.13331529460174124,True,0.2651350783360213,3.150090936194844,0.25,1.167888901526131,1.0186753711386431,,,,,,,,,,,,,,,,,,,,,,,,,,,,,,,,0,,,,,,0.42877085641036705,16,,6,20,1,4,17,,,,,,,,,,,,,,,,,,,,,,,,,,,,,,,,,,1,
ZnO_x002,ZnO_x020_chain_Cl_x600_cLi24gaS4a_s00,ZnO+Clrich,Li_24g,S_4a,0.25,compound_set_chain,4,-0.3975676685785894,-0.11835555149108025,True,0.27196942865533463,3.1279862896782205,0.45,0.30802627974754165,1.069246555747753,,,,,,,,,,,,,,,,,,,,,,,,,,,,,,,,0,,,,,,0.30507484052500355,37,,6,20,1,4,17,,,,,,,,,,,,,,,,,,,,,,,,,,,,,,,,,,1,
ZnO_x002,ZnO_x020_chain_Cl_x600_cLi24gaS4a_s01,ZnO+Clrich,Li_24g,S_4a,0.25,compound_set_chain,4,-0.4352882576445287,-0.06994722416712296,True,0.34429235742946473,3.1616050309797363,0.35,0.7277780279444134,1.0379352964399788,,,,,,,,,,,,,,,,,,,,,,,,,,,,,,,,0,,,,,,0.39157652917928476,27,,6,20,1,4,17,,,,,,,,,,,,,,,,,,,,,,,,,,,,,,,,,,1,
ZnO_x002,ZnO_x020_chain_Cl_x600_cLi24gaS4a_s02,ZnO+Clrich,Li_24g,S_4a,0.25,compound_set_chain,4,-0.365228374069142,-0.07048878920570453,True,0.21484822183847352,2.9844462146295916,0.35,0.5936061826987362,1.07305930124567,,,,,,,,,,,,,,,,,,,,,,,,,,,,,,,,0,,,,,,0.2309136555004224,48,,6,20,1,4,17,,,,,,,,,,,,,,,,,,,,,,,,,,,,,,,,,,1,
ZnO_x002,ZnO_x020_chain_Cl_x600_cLi24gaS4a_s03,ZnO+Clrich,Li_24g,S_4a,0.25,compound_set_chain,4,-0.4053857753868062,-0.0914481909823732,True,0.30866829664323353,3.1203750810432274,0.25,1.1688212580987791,1.0553679221837544,,,,,,,,,,,,,,,,,,,,,,,,,,,,,,,,0,,,,,,0.32300349587574806,34,,6,20,1,4,17,,,,,,,,,,,,,,,,,,,,,,,,,,,,,,,,,,1,
ZnO_x002,ZnO_x020_chain_Cl_x600_cLi24gaS4a_s04,ZnO+Clrich,Li_24g,S_4a,0.25,compound_set_chain,4,-0.3798157078661015,-0.14395700254253913,True,0.25718074288007453,3.1044534471515184,0.4,0.6667833806431109,1.0492362022407382,,,,,,,,,,,,,,,,,,,,,,,,,,,,,,,,0,,,,,,0.26436565181455374,41,,6,20,1,4,17,,,,,,,,,,,,,,,,,,,,,,,,,,,,,,,,,,1,
ZnO_x002,ZnO_x020_chain_Cl_x800_cLi24gaS16e_s00,ZnO+Clrich,Li_24g,S_16e,0.25,compound_set_chain,4,-0.39445503289207906,-0.07876890987656236,True,0.28089470769364233,3.2868612607350696,0.3684210526315789,0.3534680689966047,1.0987226183594117,,,,,,,,,,,,,,,,,,,,,,,,,,,,,,,,0,,,,,,0.2979368755643279,40,,7,19,1,4,16,,,,,,,,,,,,,,,,,,,,,,,,,,,,,,,,,,1,
ZnO_x002,ZnO_x020_chain_Cl_x800_cLi24gaS16e_s01,ZnO+Clrich,Li_24g,S_16e,0.25,compound_set_chain,4,-0.4423700778358448,-0.10019675162354388,True,0.23642237973595961,3.1829304721035108,0.47368421052631576,1.2823763203864937,1.1118207476075463,,,,,,,,,,,,,,,,,,,,,,,,,,,,,,,,0,,,,,,0.4078167157846413,18,,7,19,1,4,16,,,,,,,,,,,,,,,,,,,,,,,,,,,,,,,,,,1,
ZnO_x002,ZnO_x020_chain_Cl_x800_cLi24gaS16e_s02,ZnO+Clrich,Li_24g,S_16e,0.25,compound_set_chain,4,-0.4356528617542832,-0.09147279090811505,True,0.3229072217262212,3.1876789808134784,0.42105263157894735,1.7035805008217515,1.091418414259477,,,,,,,,,,,,,,,,,,,,,,,,,,,,,,,,0,,,,,,0.39241264738329584,26,,7,19,1,4,16,,,,,,,,,,,,,,,,,,,,,,,,,,,,,,,,,,1,
ZnO_x002,ZnO_x020_chain_Cl_x800_cLi24gaS16e_s03,ZnO+Clrich,Li_24g,S_16e,0.25,compound_set_chain,4,-0.4570025108306517,-0.16561308548481915,True,0.19084168438112142,3.1511688189572076,0.3684210526315789,1.872108607298061,1.1089565911873922,,,,,,,,,,,,,,,,,,,,,,,,,,,,,,,,0,,,,,,0.4413721345761875,12,,7,19,1,4,16,,,,,,,,,,,,,,,,,,,,,,,,,,,,,,,,,,1,
ZnO_x002,ZnO_x020_chain_Cl_x800_cLi24gaS16e_s04,ZnO+Clrich,Li_24g,S_16e,0.25,compound_set_chain,4,-0.43874388050799773,-0.0971760455622947,True,0.29647044785161025,3.1536272391853317,0.2631578947368421,0.7770671317724488,1.0726571242133953,,,,,,,,,,,,,,,,,,,,,,,,,,,,,,,,0,,,,,,0.39950103991584496,23,,7,19,1,4,16,,,,,,,,,,,,,,,,,,,,,,,,,,,,,,,,,,1,
ZnO_x002,ZnO_x020_chain_Cl_x800_cLi24gaS4a_s00,ZnO+Clrich,Li_24g,S_4a,0.25,compound_set_chain,4,-0.3299445455516121,0.03779611248967919,True,0.29942363754665946,3.135690873732569,0.2631578947368421,1.0486798197145173,1.0515379576645847,,,,,,,,,,,,,,,,,,,,,,,,,,,,,,,,0,,,,,,0.15,50,,7,19,1,4,16,,,,,,,,,,,,,,,,,,,,,,,,,,,,,,,,,,1,
ZnO_x002,ZnO_x020_chain_Cl_x800_cLi24gaS4a_s01,ZnO+Clrich,Li_24g,S_4a,0.25,compound_set_chain,4,-0.3954793828362053,-0.09114435728204758,True,0.36173505582073245,3.085869347786534,0.3684210526315789,1.4185426933773349,1.0253282297760309,,,,,,,,,,,,,,,,,,,,,,,,,,,,,,,,0,,,,,,0.30028593749930843,39,,7,19,1,4,16,,,,,,,,,,,,,,,,,,,,,,,,,,,,,,,,,,1,
ZnO_x002,ZnO_x020_chain_Cl_x800_cLi24gaS4a_s02,ZnO+Clrich,Li_24g,S_4a,0.25,compound_set_chain,4,-0.41588747485801036,0.059147520385001935,True,0.3108565201420394,3.202049242430753,0.21052631578947367,0.7218098090822995,1.0687839337506457,,,,,,,,,,,,,,,,,,,,,,,,,,,,,,,,0,,,,,,0.3470862252416902,31,,7,19,1,4,16,,,,,,,,,,,,,,,,,,,,,,,,,,,,,,,,,,1,
ZnO_x002,ZnO_x020_chain_Cl_x800_cLi24gaS4a_s03,ZnO+Clrich,Li_24g,S_4a,0.25,compound_set_chain,4,-0.37620509878343356,-0.10947877639125982,True,0.18430843939070216,3.230732301516254,0.3157894736842105,1.6692118204904005,1.0527857505037412,,,,,,,,,,,,,,,,,,,,,,,,,,,,,,,,0,,,,,,0.2560857232541781,43,,7,19,1,4,16,,,,,,,,,,,,,,,,,,,,,,,,,,,,,,,,,,1,
ZnO_x002,ZnO_x020_chain_Cl_x800_cLi24gaS4a_s04,ZnO+Clrich,Li_24g,S_4a,0.25,compound_set_chain,4,-0.36980119097401865,-0.06437812777598458,True,0.2594357045314853,3.345542210466531,0.3684210526315789,0.9319735592664314,1.1006539687847694,,,,,,,,,,,,,,,,,,,,,,,,,,,,,,,,0,,,,,,0.24140014030815435,46,,7,19,1,4,16,,,,,,,,,,,,,,,,,,,,,,,,,,,,,,,,,,1,
ZnO_x005,ZnO_x050_cLi24gaS16e_s00,ZnO,Li_24g,S_16e,0.25,compound_set,4,-0.4623669097221237,-0.16111429385284737,True,0.25805768199572443,3.0489759673499304,0.5,0.7539982386792847,1.0231821178260012,,,,,,,,,,,,,,,,,,,,,,,,,,,,,,,,0,,,,,,0.45979328912588324,8,,4,22,1,4,19,,,,,,,,,,,,,,,,,,,,,,,,,,,,,,,,,,1,
ZnO_x005,ZnO_x050_cLi24gaS16e_s01,ZnO,Li_24g,S_16e,0.25,compound_set,4,-0.45683842920009177,-0.18026479005031532,True,0.19554684533002767,2.974209461612884,0.45454545454545453,1.7664352383158066,1.2155954748826752,,,,,,,,,,,,,,,,,,,,,,,,,,,,,,,,0,,,,,,0.44685992858320644,13,,4,22,1,4,19,,,,,,,,,,,,,,,,,,,,,,,,,,,,,,,,,,1,
ZnO_x005,ZnO_x050_cLi24gaS16e_s02,ZnO,Li_24g,S_16e,0.25,compound_set,4,-0.4681983155136269,-0.18280949525980283,True,0.1971756415252893,2.882144775755571,0.6363636363636364,1.0684544784674395,1.0707822289510804,,,,,,,,,,,,,,,,,,,,,,,,,,,,,,,,0,,,,,,0.47343531486362533,5,,4,22,1,4,19,,,,,,,,,,,,,,,,,,,,,,,,,,,,,,,,,,1,
ZnO_x005,ZnO_x050_cLi24gaS16e_s03,ZnO,Li_24g,S_16e,0.25,compound_set,4,-0.47087530212670714,-0.20203733563008677,True,0.25173430350637027,2.964482233034873,0.45454545454545453,1.424537767357393,1.1368867733730543,,,,,,,,,,,,,,,,,,,,,,,,,,,,,,,,0,,,,,,0.47969787342685266,4,,4,22,1,4,19,,,,,,,,,,,,,,,,,,,,,,,,,,,,,,,,,,1,
ZnO_x005,ZnO_x050_cLi24gaS16e_s04,ZnO,Li_24g,S_16e,0.25,compound_set,4,-0.48014084347518526,-0.22854727931240437,True,0.17539797273031538,2.955201810358834,0.36363636363636365,1.4035972498132885,1.075006868069667,0.9927059744609995,0.07514484009545061,0.9181092427483292,0.136512,,-802.3389446918537,-4.19070790567141,-3.8296542667884155,True,20.41002523608333,20.123878873052437,5.0992554219306445,0.9997990252147969,True,OK,23.79734980411247,20.733883658702098,48.202533119429695,0.8712686004690754,0.16240965544337127,,,,,,,,,,,,0,,,-0.48014084347518526,-0.5009265742716824,-802.3389446918538,0.6709775694700705,3,,4,22,1,4,19,,,,,,,,,,,,,,,,,,,,,,,,,,,,,,,,,,1,
ZnO_x005,ZnO_x050_cLi24gaS4a_s00,ZnO,Li_24g,S_4a,0.25,compound_set,4,-0.397904959419602,-0.15717928922914626,True,0.1507130696712299,2.944015770241083,0.4090909090909091,2.114970740916106,1.1193638613654153,,,,,,,,,,,,,,,,,,,,,,,,,,,,,,,,0,,,,,,0.3089906153669437,35,,4,22,1,4,19,,,,,,,,,,,,,,,,,,,,,,,,,,,,,,,,,,1,
ZnO_x005,ZnO_x050_cLi24gaS4a_s01,ZnO,Li_24g,S_4a,0.25,compound_set,4,-0.37104408821159574,0.012330873538930264,True,0.29234967267340145,3.109362694884291,0.2727272727272727,1.3450722739903864,1.0494554499899549,,,,,,,,,,,,,,,,,,,,,,,,,,,,,,,,0,,,,,,0.24615213191039506,45,,4,22,1,4,19,,,,,,,,,,,,,,,,,,,,,,,,,,,,,,,,,,1,
ZnO_x005,ZnO_x050_cLi24gaS4a_s02,ZnO,Li_24g,S_4a,0.25,compound_set,4,-0.4409884861548736,-0.1916090602733306,True,0.24289351608583803,2.974713055360999,0.18181818181818182,2.163521931711395,1.0982276517869842,1.0055034602538382,0.1018557186911477,0.8932013799544569,0.121408,,-787.5292505704055,-4.1452997588135405,-4.827608471092099,True,19.660452960373274,19.961560053734697,2.175011352809581,0.9997684917608223,True,OK,32.128803481580434,23.304551896796667,56.301045469392335,0.7253476435920577,0.2079409576017465,,,,,,,,,,,,0,,,-0.4409884861548736,-0.4555184274138133,-787.5292505704055,0.6882712956948355,2,,4,22,1,4,19,,,,,,,,,,,,,,,,,,,,,,,,,,,,,,,,,,1,
ZnO_x005,ZnO_x050_cLi24gaS4a_s03,ZnO,Li_24g,S_4a,0.25,compound_set,4,-0.44022741409402144,-0.23543490941222497,True,0.13653758479152234,2.981746186457717,0.2727272727272727,0.859741431003843,1.10709701421692,,,,,,,,,,,,,,,,,,,,,,,,,,,,,,,,0,,,,,,0.40800002006213965,21,,4,22,1,4,19,,,,,,,,,,,,,,,,,,,,,,,,,,,,,,,,,,1,
ZnO_x005,ZnO_x050_cLi24gaS4a_s04,ZnO,Li_24g,S_4a,0.25,compound_set,4,-0.396945241818468,-0.19761014842593194,True,0.20411456142535062,3.0068265895929467,0.5,3.7059253055005756,1.1125676946199101,,,,,,,,,,,,,,,,,,,,,,,,,,,,,,,,0,,,,,,0.30674544624585276,38,,4,22,1,4,19,,,,,,,,,,,,,,,,,,,,,,,,,,,,,,,,,,1,
ZnO_x005,ZnO_x050_chain_Cl_x200_cLi24gaS16e_s00,ZnO+Clrich,Li_24g,S_16e,0.25,compound_set_chain,4,-0.457710817790824,-0.18452661373809962,True,0.18199574757329126,3.0108394019547684,0.38095238095238093,3.0137535239788478,1.014792408310202,,,,,,,,,,,,,,,,,,,,,,,,,,,,,,,,0,,,,,,0.4489007996927804,11,,5,21,1,4,18,,,,,,,,,,,,,,,,,,,,,,,,,,,,,,,,,,1,
ZnO_x005,ZnO_x050_chain_Cl_x200_cLi24gaS16e_s01,ZnO+Clrich,Li_24g,S_16e,0.25,compound_set_chain,4,-0.4388349935106408,-0.13872077921743664,True,0.1763740169783719,3.035081891969335,0.42857142857142855,0.46604257475941746,1.0699818229622202,,,,,,,,,,,,,,,,,,,,,,,,,,,,,,,,0,,,,,,0.40474258298514565,23,,5,21,1,4,18,,,,,,,,,,,,,,,,,,,,,,,,,,,,,,,,,,1,
ZnO_x005,ZnO_x050_chain_Cl_x200_cLi24gaS16e_s02,ZnO+Clrich,Li_24g,S_16e,0.25,compound_set_chain,4,-0.43636435305814736,-0.09495015337552865,True,0.16549764816968493,3.0948203859622936,0.3333333333333333,1.653975455020556,1.0360093293291834,,,,,,,,,,,,,,,,,,,,,,,,,,,,,,,,0,,,,,,0.398962751869511,24,,5,21,1,4,18,,,,,,,,,,,,,,,,,,,,,,,,,,,,,,,,,,1,
ZnO_x005,ZnO_x050_chain_Cl_x200_cLi24gaS16e_s03,ZnO+Clrich,Li_24g,S_16e,0.25,compound_set_chain,4,-0.4410398767972463,-0.18357099962704174,True,0.1770397224989982,2.9712025433229337,0.3333333333333333,1.3539779975546047,1.0389743781586591,,,,,,,,,,,,,,,,,,,,,,,,,,,,,,,,0,,,,,,0.40990070019050584,20,,5,21,1,4,18,,,,,,,,,,,,,,,,,,,,,,,,,,,,,,,,,,1,
ZnO_x005,ZnO_x050_chain_Cl_x200_cLi24gaS16e_s04,ZnO+Clrich,Li_24g,S_16e,0.25,compound_set_chain,4,-0.4419654313381498,-0.1303667359186109,True,0.19118389708694597,3.072271602542102,0.42857142857142855,1.1043803958496639,1.0334116177865305,,,,,,,,,,,,,,,,,,,,,,,,,,,,,,,,0,,,,,,0.4120659480432769,19,,5,21,1,4,18,,,,,,,,,,,,,,,,,,,,,,,,,,,,,,,,,,1,
ZnO_x005,ZnO_x050_chain_Cl_x200_cLi24gaS4a_s00,ZnO+Clrich,Li_24g,S_4a,0.25,compound_set_chain,4,-0.4436763528293879,-0.16017958687195613,True,0.3311531106359256,2.955887839120106,0.42857142857142855,1.66050316630761,1.1160474347334275,0.9829950369435029,0.1217873355964431,0.8632786904896266,0.12416,,-822.8621896145216,-4.176919444536877,-7.743853261876116,True,22.555925139907163,19.62431949311805,7.260643709632542,0.9982385239245009,True,OK,35.13455115672154,24.653109945131597,59.93985524584189,0.7016770994216969,0.21566519151630567,,,,,,,,,,,,0,,,-0.4436763528293879,-0.48713811313715016,-822.8621896145221,0.8177431911949561,1,,5,21,1,4,18,,,,,,,,,,,,,,,,,,,,,,,,,,,,,,,,,,1,
ZnO_x005,ZnO_x050_chain_Cl_x200_cLi24gaS4a_s01,ZnO+Clrich,Li_24g,S_4a,0.25,compound_set_chain,4,-0.4317772768593162,-0.1449734113191029,True,0.261975002676359,2.9996767001015043,0.2857142857142857,0.7454663088713541,1.0961242559103068,,,,,,,,,,,,,,,,,,,,,,,,,,,,,,,,0,,,,,,0.3882317182555207,28,,5,21,1,4,18,,,,,,,,,,,,,,,,,,,,,,,,,,,,,,,,,,1,
ZnO_x005,ZnO_x050_chain_Cl_x200_cLi24gaS4a_s02,ZnO+Clrich,Li_24g,S_4a,0.25,compound_set_chain,4,-0.37614178792485564,-0.11942816549911497,True,0.2616636738430253,3.028023462762095,0.3333333333333333,1.6636245574770567,1.0439433062262624,,,,,,,,,,,,,,,,,,,,,,,,,,,,,,,,0,,,,,,0.2580777212413419,44,,5,21,1,4,18,,,,,,,,,,,,,,,,,,,,,,,,,,,,,,,,,,1,
ZnO_x005,ZnO_x050_chain_Cl_x200_cLi24gaS4a_s03,ZnO+Clrich,Li_24g,S_4a,0.25,compound_set_chain,4,-0.40881623244991694,-0.10275655815196928,True,0.1941270701599824,3.045333976914162,0.2857142857142857,0.22972822772206966,1.02539174020291,,,,,,,,,,,,,,,,,,,,,,,,,,,,,,,,0,,,,,,0.3345165130377892,32,,5,21,1,4,18,,,,,,,,,,,,,,,,,,,,,,,,,,,,,,,,,,1,
ZnO_x005,ZnO_x050_chain_Cl_x200_cLi24gaS4a_s04,ZnO+Clrich,Li_24g,S_4a,0.25,compound_set_chain,4,-0.3443921480487866,-0.08757604783452033,True,0.23495203751195637,3.0335749915187042,0.38095238095238093,1.876930636620922,1.0527948449116733,,,,,,,,,,,,,,,,,,,,,,,,,,,,,,,,0,,,,,,0.18380242299602392,49,,5,21,1,4,18,,,,,,,,,,,,,,,,,,,,,,,,,,,,,,,,,,1,
ZnO_x005,ZnO_x050_chain_Cl_x400_cLi24gaS16e_s00,ZnO+Clrich,Li_24g,S_16e,0.25,compound_set_chain,4,-0.4308144108779599,-0.16994554113958693,True,0.1608700951827416,2.998467423778379,0.3,0.8439191916884402,1.0840027603231503,,,,,,,,,,,,,,,,,,,,,,,,,,,,,,,,0,,,,,,0.38597918379482543,29,,6,20,1,4,17,,,,,,,,,,,,,,,,,,,,,,,,,,,,,,,,,,1,
ZnO_x005,ZnO_x050_chain_Cl_x400_cLi24gaS16e_s01,ZnO+Clrich,Li_24g,S_16e,0.25,compound_set_chain,4,-0.45969506287509354,-0.11135509998087793,True,0.18387840435337188,3.054442206057816,0.6,1.3285933029640622,1.1007201357124745,,,,,,,,,,,,,,,,,,,,,,,,,,,,,,,,0,,,,,,0.45354275456222803,9,,6,20,1,4,17,,,,,,,,,,,,,,,,,,,,,,,,,,,,,,,,,,1,
ZnO_x005,ZnO_x050_chain_Cl_x400_cLi24gaS16e_s02,ZnO+Clrich,Li_24g,S_16e,0.25,compound_set_chain,4,-0.46365780748365726,-0.19130085532388905,True,0.15926563898682555,3.132543212488794,0.5,2.5929841059975014,1.1454154966772583,,,,,,,,,,,,,,,,,,,,,,,,,,,,,,,,0,,,,,,0.4628132231036034,7,,6,20,1,4,17,,,,,,,,,,,,,,,,,,,,,,,,,,,,,,,,,,1,
ZnO_x005,ZnO_x050_chain_Cl_x400_cLi24gaS16e_s03,ZnO+Clrich,Li_24g,S_16e,0.25,compound_set_chain,4,-0.4536518658685553,-0.1640135899967602,True,0.3170369907887747,3.147010343878965,0.3,1.000689589691516,1.1333633284970015,,,,,,,,,,,,,,,,,,,,,,,,,,,,,,,,0,,,,,,0.4394052631838089,14,,6,20,1,4,17,,,,,,,,,,,,,,,,,,,,,,,,,,,,,,,,,,1,
ZnO_x005,ZnO_x050_chain_Cl_x400_cLi24gaS16e_s04,ZnO+Clrich,Li_24g,S_16e,0.25,compound_set_chain,4,-0.4515044217822082,-0.13330036571898604,True,0.2651451147789846,3.1500860101511696,0.25,1.1673350136375023,1.018662145043842,,,,,,,,,,,,,,,,,,,,,,,,,,,,,,,,0,,,,,,0.43438151958856885,16,,6,20,1,4,17,,,,,,,,,,,,,,,,,,,,,,,,,,,,,,,,,,1,
ZnO_x005,ZnO_x050_chain_Cl_x400_cLi24gaS4a_s00,ZnO+Clrich,Li_24g,S_4a,0.25,compound_set_chain,4,-0.3975678514910914,-0.11835595760956029,True,0.27198055922697495,3.1279845318629715,0.45,0.3079030512510152,1.0692469116399346,,,,,,,,,,,,,,,,,,,,,,,,,,,,,,,,0,,,,,,0.3082019830539876,36,,6,20,1,4,17,,,,,,,,,,,,,,,,,,,,,,,,,,,,,,,,,,1,
ZnO_x005,ZnO_x050_chain_Cl_x400_cLi24gaS4a_s01,ZnO+Clrich,Li_24g,S_4a,0.25,compound_set_chain,4,-0.43528872340794145,-0.06994665632424535,True,0.3443108062792248,3.1616036573545974,0.35,0.7277564535432686,1.0379352426701303,,,,,,,,,,,,,,,,,,,,,,,,,,,,,,,,0,,,,,,0.3964464174045406,27,,6,20,1,4,17,,,,,,,,,,,,,,,,,,,,,,,,,,,,,,,,,,1,
ZnO_x005,ZnO_x050_chain_Cl_x400_cLi24gaS4a_s02,ZnO+Clrich,Li_24g,S_4a,0.25,compound_set_chain,4,-0.36506490790498614,-0.07015194121132444,True,0.2167522976492296,2.983652953309603,0.35,0.5898908791256628,1.0723462353982636,,,,,,,,,,,,,,,,,,,,,,,,,,,,,,,,0,,,,,,0.23216440158433554,48,,6,20,1,4,17,,,,,,,,,,,,,,,,,,,,,,,,,,,,,,,,,,1,
ZnO_x005,ZnO_x050_chain_Cl_x400_cLi24gaS4a_s03,ZnO+Clrich,Li_24g,S_4a,0.25,compound_set_chain,4,-0.40538805228316654,-0.0914392068506404,True,0.3086865234061146,3.120349864527599,0.25,1.168788487044838,1.0553656943070433,,,,,,,,,,,,,,,,,,,,,,,,,,,,,,,,0,,,,,,0.3264966077627063,34,,6,20,1,4,17,,,,,,,,,,,,,,,,,,,,,,,,,,,,,,,,,,1,
ZnO_x005,ZnO_x050_chain_Cl_x400_cLi24gaS4a_s04,ZnO+Clrich,Li_24g,S_4a,0.25,compound_set_chain,4,-0.37981532507678306,-0.1439562752664431,True,0.25718185669132854,3.104456229041765,0.4,0.666751146307616,1.0492356613109266,,,,,,,,,,,,,,,,,,,,,,,,,,,,,,,,0,,,,,,0.2666716161214008,41,,6,20,1,4,17,,,,,,,,,,,,,,,,,,,,,,,,,,,,,,,,,,1,
ZnO_x005,ZnO_x050_chain_Cl_x600_cLi24gaS16e_s00,ZnO+Clrich,Li_24g,S_16e,0.25,compound_set_chain,4,-0.43064999525315617,-0.16884681218231518,True,0.16213962046383829,2.9988088493268283,0.3,0.8319253155175447,1.0819856488467905,,,,,,,,,,,,,,,,,,,,,,,,,,,,,,,,0,,,,,,0.3855945488945193,30,,6,20,1,4,17,,,,,,,,,,,,,,,,,,,,,,,,,,,,,,,,,,1,
ZnO_x005,ZnO_x050_chain_Cl_x600_cLi24gaS16e_s01,ZnO+Clrich,Li_24g,S_16e,0.25,compound_set_chain,4,-0.45969448202730767,-0.11135057357166173,True,0.18388398596919694,3.054452231897104,0.6,1.3285267734587873,1.10072052579993,,,,,,,,,,,,,,,,,,,,,,,,,,,,,,,,0,,,,,,0.45354139572342866,10,,6,20,1,4,17,,,,,,,,,,,,,,,,,,,,,,,,,,,,,,,,,,1,
ZnO_x005,ZnO_x050_chain_Cl_x600_cLi24gaS16e_s02,ZnO+Clrich,Li_24g,S_16e,0.25,compound_set_chain,4,-0.4636602509606753,-0.19134315880182926,True,0.1594385108729758,3.132695642837773,0.5,2.594919761997775,1.1453987038793279,0.9871896321705812,0.08263720044921165,0.9056110446555173,0.133632,,-768.540531514903,-4.155741113796359,-3.492816967966538,True,16.157452627428068,20.76373373459248,9.282058789921283,0.9995958809825143,True,OK,24.90896985651116,16.362983870358928,40.270830378396724,0.6569113040249505,0.23054666243808283,,,,,,,,,,,,0,,,-0.4636602509606753,-0.4659597823966317,-768.540531514903,0.46819847704291795,6,,6,20,1,4,17,,,,,,,,,,,,,,,,,,,,,,,,,,,,,,,,,,1,
ZnO_x005,ZnO_x050_chain_Cl_x600_cLi24gaS16e_s03,ZnO+Clrich,Li_24g,S_16e,0.25,compound_set_chain,4,-0.45199240034880184,-0.16427595489771027,True,0.3190946020196282,3.13354381357994,0.3,1.0431027553359011,1.1229790087220333,,,,,,,,,,,,,,,,,,,,,,,,,,,,,,,,0,,,,,,0.4355230995785323,15,,6,20,1,4,17,,,,,,,,,,,,,,,,,,,,,,,,,,,,,,,,,,1,
ZnO_x005,ZnO_x050_chain_Cl_x600_cLi24gaS16e_s04,ZnO+Clrich,Li_24g,S_16e,0.25,compound_set_chain,4,-0.4514613174996276,-0.1331116208908204,True,0.26527263444545307,3.1498780733578435,0.25,1.1605820080299825,1.0184762187456422,,,,,,,,,,,,,,,,,,,,,,,,,,,,,,,,0,,,,,,0.4342806811709736,17,,6,20,1,4,17,,,,,,,,,,,,,,,,,,,,,,,,,,,,,,,,,,1,
ZnO_x005,ZnO_x050_chain_Cl_x600_cLi24gaS4a_s00,ZnO+Clrich,Li_24g,S_4a,0.25,compound_set_chain,4,-0.39756659507914094,-0.1183537234627125,True,0.2720018896964396,3.1279790330804986,0.45,0.3079585732877973,1.0692454686219997,,,,,,,,,,,,,,,,,,,,,,,,,,,,,,,,0,,,,,,0.30819904379632346,37,,6,20,1,4,17,,,,,,,,,,,,,,,,,,,,,,,,,,,,,,,,,,1,
ZnO_x005,ZnO_x050_chain_Cl_x600_cLi24gaS4a_s01,ZnO+Clrich,Li_24g,S_4a,0.25,compound_set_chain,4,-0.43595086175640496,-0.07277571020259851,True,0.3492436599053864,3.1532452146729733,0.35,0.7502916364334417,1.0375472274749933,,,,,,,,,,,,,,,,,,,,,,,,,,,,,,,,0,,,,,,0.3979954278343836,25,,6,20,1,4,17,,,,,,,,,,,,,,,,,,,,,,,,,,,,,,,,,,1,
ZnO_x005,ZnO_x050_chain_Cl_x600_cLi24gaS4a_s02,ZnO+Clrich,Li_24g,S_4a,0.25,compound_set_chain,4,-0.36506994978061424,-0.07015889786134975,True,0.21669411632835164,2.983628982071636,0.35,0.5898849595757358,1.07236134822596,,,,,,,,,,,,,,,,,,,,,,,,,,,,,,,,0,,,,,,0.2321761965784664,47,,6,20,1,4,17,,,,,,,,,,,,,,,,,,,,,,,,,,,,,,,,,,1,
ZnO_x005,ZnO_x050_chain_Cl_x600_cLi24gaS4a_s03,ZnO+Clrich,Li_24g,S_4a,0.25,compound_set_chain,4,-0.405393527008858,-0.0914212680674117,True,0.30868797970436973,3.1203594481620627,0.25,1.1692510233196949,1.055352368243652,,,,,,,,,,,,,,,,,,,,,,,,,,,,,,,,0,,,,,,0.32650941536887546,33,,6,20,1,4,17,,,,,,,,,,,,,,,,,,,,,,,,,,,,,,,,,,1,
ZnO_x005,ZnO_x050_chain_Cl_x600_cLi24gaS4a_s04,ZnO+Clrich,Li_24g,S_4a,0.25,compound_set_chain,4,-0.3798149610867698,-0.14395530462859935,True,0.2571802998682903,3.104463805667968,0.4,0.66668443482756,1.049235667865192,,,,,,,,,,,,,,,,,,,,,,,,,,,,,,,,0,,,,,,0.26667076460097733,42,,6,20,1,4,17,,,,,,,,,,,,,,,,,,,,,,,,,,,,,,,,,,1,
ZnO_x005,ZnO_x050_chain_Cl_x800_cLi24gaS16e_s00,ZnO+Clrich,Li_24g,S_16e,0.25,compound_set_chain,4,-0.3944519535461213,-0.07872832386103781,True,0.2809295528250062,3.2868835726452477,0.3684210526315789,0.3530299396023858,1.0987093698299604,,,,,,,,,,,,,,,,,,,,,,,,,,,,,,,,0,,,,,,0.3009126326844085,40,,7,19,1,4,16,,,,,,,,,,,,,,,,,,,,,,,,,,,,,,,,,,1,
ZnO_x005,ZnO_x050_chain_Cl_x800_cLi24gaS16e_s01,ZnO+Clrich,Li_24g,S_16e,0.25,compound_set_chain,4,-0.44203628934111805,-0.09914074467035665,True,0.23521410664849637,3.1822770267518163,0.47368421052631576,1.2525458707833972,1.110206603060741,,,,,,,,,,,,,,,,,,,,,,,,,,,,,,,,0,,,,,,0.41223171368106293,18,,7,19,1,4,16,,,,,,,,,,,,,,,,,,,,,,,,,,,,,,,,,,1,
ZnO_x005,ZnO_x050_chain_Cl_x800_cLi24gaS16e_s02,ZnO+Clrich,Li_24g,S_16e,0.25,compound_set_chain,4,-0.43565269662624306,-0.09147337851383557,True,0.32290871213858263,3.1876791834544904,0.42105263157894735,1.7035500119339302,1.0914207099775706,,,,,,,,,,,,,,,,,,,,,,,,,,,,,,,,0,,,,,,0.39729789853781283,26,,7,19,1,4,16,,,,,,,,,,,,,,,,,,,,,,,,,,,,,,,,,,1,
ZnO_x005,ZnO_x050_chain_Cl_x800_cLi24gaS16e_s03,ZnO+Clrich,Li_24g,S_16e,0.25,compound_set_chain,4,-0.4570029912205147,-0.16559137931225673,True,0.19294788154502787,3.149946380560299,0.3684210526315789,1.9090931817041321,1.1084285014886337,,,,,,,,,,,,,,,,,,,,,,,,,,,,,,,,0,,,,,,0.4472449059623035,12,,7,19,1,4,16,,,,,,,,,,,,,,,,,,,,,,,,,,,,,,,,,,1,
ZnO_x005,ZnO_x050_chain_Cl_x800_cLi24gaS16e_s04,ZnO+Clrich,Li_24g,S_16e,0.25,compound_set_chain,4,-0.4388456291835441,-0.09763101148300317,True,0.2958538121139177,3.153071168675292,0.2631578947368421,0.7798158529577233,1.0729600014430591,,,,,,,,,,,,,,,,,,,,,,,,,,,,,,,,0,,,,,,0.40476746414222375,22,,7,19,1,4,16,,,,,,,,,,,,,,,,,,,,,,,,,,,,,,,,,,1,
ZnO_x005,ZnO_x050_chain_Cl_x800_cLi24gaS4a_s00,ZnO+Clrich,Li_24g,S_4a,0.25,compound_set_chain,4,-0.3299430003184378,0.037796086682489224,True,0.2994064888301927,3.135686101872905,0.2631578947368421,1.0485311439444573,1.0515405818399792,,,,,,,,,,,,,,,,,,,,,,,,,,,,,,,,0,,,,,,0.15,50,,7,19,1,4,16,,,,,,,,,,,,,,,,,,,,,,,,,,,,,,,,,,1,
ZnO_x005,ZnO_x050_chain_Cl_x800_cLi24gaS4a_s01,ZnO+Clrich,Li_24g,S_4a,0.25,compound_set_chain,4,-0.3954772273152738,-0.09113393048912583,True,0.3617415849412312,3.0858294592526394,0.3684210526315789,1.4190057618576963,1.0253436757248577,,,,,,,,,,,,,,,,,,,,,,,,,,,,,,,,0,,,,,,0.3033111642987561,39,,7,19,1,4,16,,,,,,,,,,,,,,,,,,,,,,,,,,,,,,,,,,1,
ZnO_x005,ZnO_x050_chain_Cl_x800_cLi24gaS4a_s02,ZnO+Clrich,Li_24g,S_4a,0.25,compound_set_chain,4,-0.41588795983110494,0.0591493629589276,True,0.3108824443929253,3.2020736280344564,0.21052631578947367,0.7215189699956004,1.0687873591539705,,,,,,,,,,,,,,,,,,,,,,,,,,,,,,,,0,,,,,,0.35106015455301864,31,,7,19,1,4,16,,,,,,,,,,,,,,,,,,,,,,,,,,,,,,,,,,1,
ZnO_x005,ZnO_x050_chain_Cl_x800_cLi24gaS4a_s03,ZnO+Clrich,Li_24g,S_4a,0.25,compound_set_chain,4,-0.37622221851549487,-0.10995360112828234,True,0.18670732356443287,3.2307706514194137,0.3157894736842105,1.7490067361800332,1.0535349837647423,,,,,,,,,,,,,,,,,,,,,,,,,,,,,,,,0,,,,,,0.2582658810482277,43,,7,19,1,4,16,,,,,,,,,,,,,,,,,,,,,,,,,,,,,,,,,,1,
ZnO_x005,ZnO_x050_chain_Cl_x800_cLi24gaS4a_s04,ZnO+Clrich,Li_24g,S_4a,0.25,compound_set_chain,4,-0.3698013734537797,-0.06438143868226198,True,0.25943653626616553,3.345539724441169,0.3684210526315789,0.931978689215883,1.1006550884823956,,,,,,,,,,,,,,,,,,,,,,,,,,,,,,,,0,,,,,,0.2432449175410058,46,,7,19,1,4,16,,,,,,,,,,,,,,,,,,,,,,,,,,,,,,,,,,1,
ZnO_x010,ZnO_x100_cLi24gaS16e_s00,ZnO,Li_24g,S_16e,0.25,compound_set,4,-0.4623655128734381,-0.16110568997342886,True,0.2581063998049628,3.0489814519180274,0.5,0.7536997868897449,1.0232083809301624,,,,,,,,,,,,,,,,,,,,,,,,,,,,,,,,0,,,,,,0.4610004279626053,8,,4,22,1,4,19,,,,,,,,,,,,,,,,,,,,,,,,,,,,,,,,,,1,
ZnO_x010,ZnO_x100_cLi24gaS16e_s01,ZnO,Li_24g,S_16e,0.25,compound_set,4,-0.4568064559356051,-0.18020854955681176,True,0.19495074388378403,2.974273235416835,0.45454545454545453,1.7613144706257928,1.2155429345363562,,,,,,,,,,,,,,,,,,,,,,,,,,,,,,,,0,,,,,,0.4479445197351062,13,,4,22,1,4,19,,,,,,,,,,,,,,,,,,,,,,,,,,,,,,,,,,1,
ZnO_x010,ZnO_x100_cLi24gaS16e_s02,ZnO,Li_24g,S_16e,0.25,compound_set,4,-0.4681998944982606,-0.1828155623700358,True,0.19717435300903882,2.8821379292804266,0.6363636363636364,1.0683099758607517,1.070787989837207,,,,,,,,,,,,,,,,,,,,,,,,,,,,,,,,0,,,,,,0.47470295914905225,6,,4,22,1,4,19,,,,,,,,,,,,,,,,,,,,,,,,,,,,,,,,,,1,
ZnO_x010,ZnO_x100_cLi24gaS16e_s03,ZnO,Li_24g,S_16e,0.25,compound_set,4,-0.4708305650896003,-0.20178224418612312,True,0.2512199575441763,2.9648125123688662,0.45454545454545453,1.4241106846921816,1.1365963268146269,,,,,,,,,,,,,,,,,,,,,,,,,,,,,,,,0,,,,,,0.48088130813907004,4,,4,22,1,4,19,,,,,,,,,,,,,,,,,,,,,,,,,,,,,,,,,,1,
ZnO_x010,ZnO_x100_cLi24gaS16e_s04,ZnO,Li_24g,S_16e,0.25,compound_set,4,-0.48039360890239813,-0.22911748773110296,True,0.17520855227541307,2.955552764135938,0.36363636363636365,1.3886060355960828,1.0748054741943343,0.9774142040210362,0.12087756383179092,0.8592667561843843,0.136384,,-801.672745267684,-4.190041730569879,-5.205389387505822,True,20.99386906453446,19.910831214156673,3.9907186442422407,0.9997445045257218,True,OK,25.153611168937587,19.558571166038913,46.59804239375425,0.7775651390442085,0.19124352178307646,,,,,,,,,,,,0,,,-0.48039360890239813,-0.5002605164057519,-801.6727452676844,0.8338241043684033,1,,4,22,1,4,19,,,,,,,,,,,,,,,,,,,,,,,,,,,,,,,,,,1,
ZnO_x010,ZnO_x100_cLi24gaS4a_s00,ZnO,Li_24g,S_4a,0.25,compound_set,4,-0.40268732478467406,-0.16937759013691664,True,0.14816442714476738,2.950845810510223,0.4090909090909091,2.3459436941110363,1.1282772003109343,,,,,,,,,,,,,,,,,,,,,,,,,,,,,,,,0,,,,,,0.32084123269196574,35,,4,22,1,4,19,,,,,,,,,,,,,,,,,,,,,,,,,,,,,,,,,,1,
ZnO_x010,ZnO_x100_cLi24gaS4a_s01,ZnO,Li_24g,S_4a,0.25,compound_set,4,-0.37103190754666304,0.012327358137625113,True,0.29226725649264823,3.1094143253161746,0.2727272727272727,1.3446066818214157,1.0494624175871883,,,,,,,,,,,,,,,,,,,,,,,,,,,,,,,,0,,,,,,0.2464958487564354,45,,4,22,1,4,19,,,,,,,,,,,,,,,,,,,,,,,,,,,,,,,,,,1,
ZnO_x010,ZnO_x100_cLi24gaS4a_s02,ZnO,Li_24g,S_4a,0.25,compound_set,4,-0.4409869406678384,-0.1916075979135893,True,0.242918975982111,2.9747338322390875,0.18181818181818182,2.163318372766481,1.0982137439661412,0.9882169553199848,0.10901706199858142,0.8804844462338166,0.145024,,-767.3731007892565,-4.125143617139938,-2.058753166066199,True,20.010103593746052,20.58156082808482,4.416516226583862,0.9999118122850017,True,OK,24.59031458929175,19.861366495015417,46.94506885742124,0.8076906223747283,0.18181870490137184,,,,,,,,,,,,0,,,-0.4409869406678384,-0.4353624029758105,-767.3731007892566,0.6975813753025817,3,,4,22,1,4,19,,,,,,,,,,,,,,,,,,,,,,,,,,,,,,,,,,1,
ZnO_x010,ZnO_x100_cLi24gaS4a_s03,ZnO,Li_24g,S_4a,0.25,compound_set,4,-0.44022772429961865,-0.23543464130303707,True,0.1365344542716772,2.9817457617061662,0.2727272727272727,0.8598135968766747,1.107096605362586,,,,,,,,,,,,,,,,,,,,,,,,,,,,,,,,0,,,,,,0.40900798765991,21,,4,22,1,4,19,,,,,,,,,,,,,,,,,,,,,,,,,,,,,,,,,,1,
ZnO_x010,ZnO_x100_cLi24gaS4a_s04,ZnO,Li_24g,S_4a,0.25,compound_set,4,-0.39691515490977114,-0.1975413295679195,True,0.2043144693236264,3.007223172289472,0.5,3.7039184781082244,1.112185481622649,,,,,,,,,,,,,,,,,,,,,,,,,,,,,,,,0,,,,,,0.3072848109817674,38,,4,22,1,4,19,,,,,,,,,,,,,,,,,,,,,,,,,,,,,,,,,,1,
ZnO_x010,ZnO_x100_chain_Cl_x200_cLi24gaS16e_s00,ZnO+Clrich,Li_24g,S_16e,0.25,compound_set_chain,4,-0.45756320573697096,-0.1845604869610311,True,0.1834922018998557,3.0103921327936383,0.38095238095238093,3.0134549787308766,1.0148237724965912,,,,,,,,,,,,,,,,,,,,,,,,,,,,,,,,0,,,,,,0.4497218096726441,11,,5,21,1,4,18,,,,,,,,,,,,,,,,,,,,,,,,,,,,,,,,,,1,
ZnO_x010,ZnO_x100_chain_Cl_x200_cLi24gaS16e_s01,ZnO+Clrich,Li_24g,S_16e,0.25,compound_set_chain,4,-0.4388288880640765,-0.1387104665476158,True,0.1762193796999534,3.034988329740572,0.42857142857142855,0.46478710640322424,1.0700222976061131,,,,,,,,,,,,,,,,,,,,,,,,,,,,,,,,0,,,,,,0.4057227042528905,23,,5,21,1,4,18,,,,,,,,,,,,,,,,,,,,,,,,,,,,,,,,,,1,
ZnO_x010,ZnO_x100_chain_Cl_x200_cLi24gaS16e_s02,ZnO+Clrich,Li_24g,S_16e,0.25,compound_set_chain,4,-0.4363647040717291,-0.09494973803222892,True,0.16549717550865548,3.0948192134659886,0.3333333333333333,1.6539665095346743,1.0360092707816377,,,,,,,,,,,,,,,,,,,,,,,,,,,,,,,,0,,,,,,0.3999353629071296,24,,5,21,1,4,18,,,,,,,,,,,,,,,,,,,,,,,,,,,,,,,,,,1,
ZnO_x010,ZnO_x100_chain_Cl_x200_cLi24gaS16e_s03,ZnO+Clrich,Li_24g,S_16e,0.25,compound_set_chain,4,-0.4410402178447823,-0.18357795287346373,True,0.17703881726464493,2.9712067475922197,0.3333333333333333,1.3543010090534098,1.0389717893135382,,,,,,,,,,,,,,,,,,,,,,,,,,,,,,,,0,,,,,,0.4109161964226047,20,,5,21,1,4,18,,,,,,,,,,,,,,,,,,,,,,,,,,,,,,,,,,1,
ZnO_x010,ZnO_x100_chain_Cl_x200_cLi24gaS16e_s04,ZnO+Clrich,Li_24g,S_16e,0.25,compound_set_chain,4,-0.44197033195750723,-0.13071113512748472,True,0.19048423073112564,3.0734894630217617,0.38095238095238093,1.1071450470846316,1.033312882842507,,,,,,,,,,,,,,,,,,,,,,,,,,,,,,,,0,,,,,,0.41310064688473147,19,,5,21,1,4,18,,,,,,,,,,,,,,,,,,,,,,,,,,,,,,,,,,1,
ZnO_x010,ZnO_x100_chain_Cl_x200_cLi24gaS4a_s00,ZnO+Clrich,Li_24g,S_4a,0.25,compound_set_chain,4,-0.4436817550907035,-0.16018994631223188,True,0.3311690098366201,2.9559281586343102,0.42857142857142855,1.660631794636468,1.1160582386578926,0.979300518860448,0.09924169932884008,0.8821130712151223,0.116992,,-805.3549819487802,-4.159412244133627,-8.599528117748282,True,,,,0.9277078997735801,False,"r2=0.9277 / V0 / B0'=0.30 unphysical (need r2>=0.95, 0<B0'<15)",27.672727880513154,18.61480042754426,45.6161039006992,0.6726767418058777,0.22526438245346972,,,,,,,,,,,,0,,,-0.4436817550907035,-0.46963102996949946,-805.3549819487804,0.7161172438139262,2,,5,21,1,4,18,,,,,,,,,,,,,,,,,,,,,,,,,,,,,,,,,,1,
ZnO_x010,ZnO_x100_chain_Cl_x200_cLi24gaS4a_s01,ZnO+Clrich,Li_24g,S_4a,0.25,compound_set_chain,4,-0.43188245651727897,-0.14523017797464302,True,0.2616715914553706,2.9992384865230326,0.2857142857142857,0.7578930715253771,1.0963137980572908,,,,,,,,,,,,,,,,,,,,,,,,,,,,,,,,0,,,,,,0.3894084312030184,28,,5,21,1,4,18,,,,,,,,,,,,,,,,,,,,,,,,,,,,,,,,,,1,
ZnO_x010,ZnO_x100_chain_Cl_x200_cLi24gaS4a_s02,ZnO+Clrich,Li_24g,S_4a,0.25,compound_set_chain,4,-0.3761429443857498,-0.11943193368922014,True,0.26166578404750146,3.0280246763744487,0.3333333333333333,1.6635934569215622,1.043950925610124,,,,,,,,,,,,,,,,,,,,,,,,,,,,,,,,0,,,,,,0.2584995444668262,44,,5,21,1,4,18,,,,,,,,,,,,,,,,,,,,,,,,,,,,,,,,,,1,
ZnO_x010,ZnO_x100_chain_Cl_x200_cLi24gaS4a_s03,ZnO+Clrich,Li_24g,S_4a,0.25,compound_set_chain,4,-0.40881501990758906,-0.1027531343619353,True,0.19412980167107577,3.045342414091515,0.2857142857142857,0.22986491557380986,1.0253948443963299,,,,,,,,,,,,,,,,,,,,,,,,,,,,,,,,0,,,,,,0.335232635058508,32,,5,21,1,4,18,,,,,,,,,,,,,,,,,,,,,,,,,,,,,,,,,,1,
ZnO_x010,ZnO_x100_chain_Cl_x200_cLi24gaS4a_s04,ZnO+Clrich,Li_24g,S_4a,0.25,compound_set_chain,4,-0.34438307998316464,-0.08756613069501358,True,0.23492419131340603,3.0336468650553505,0.38095238095238093,1.874998749311819,1.0527302832582188,,,,,,,,,,,,,,,,,,,,,,,,,,,,,,,,0,,,,,,0.18390885766598034,49,,5,21,1,4,18,,,,,,,,,,,,,,,,,,,,,,,,,,,,,,,,,,1,
ZnO_x010,ZnO_x100_chain_Cl_x400_cLi24gaS16e_s00,ZnO+Clrich,Li_24g,S_16e,0.25,compound_set_chain,4,-0.43065008760609835,-0.16884638528817755,True,0.1621382901050538,2.9988101307597286,0.3,0.8319480314770501,1.0819839140334524,,,,,,,,,,,,,,,,,,,,,,,,,,,,,,,,0,,,,,,0.3865141101721801,30,,6,20,1,4,17,,,,,,,,,,,,,,,,,,,,,,,,,,,,,,,,,,1,
ZnO_x010,ZnO_x100_chain_Cl_x400_cLi24gaS16e_s01,ZnO+Clrich,Li_24g,S_16e,0.25,compound_set_chain,4,-0.4596976492276683,-0.11137115986903273,True,0.18385417220446465,3.0544015885267446,0.6,1.3288265302409668,1.1007213290242186,,,,,,,,,,,,,,,,,,,,,,,,,,,,,,,,0,,,,,,0.4547347279864814,9,,6,20,1,4,17,,,,,,,,,,,,,,,,,,,,,,,,,,,,,,,,,,1,
ZnO_x010,ZnO_x100_chain_Cl_x400_cLi24gaS16e_s02,ZnO+Clrich,Li_24g,S_16e,0.25,compound_set_chain,4,-0.4637287919357087,-0.19184280359314992,True,0.1591837810118245,3.1324681738631375,0.5,2.595437265860378,1.1462895984262316,1.0108991469925694,0.08915780000854383,0.900914796966714,0.1408,,-771.297651461732,-4.158498192199967,-1.3217759515759093,True,17.32560673849238,21.636448277548723,4.046193461819517,0.9996286710282861,True,OK,20.34304595730221,17.33947857962509,40.50907659639671,0.8523540976124582,0.16811691915572557,,,,,,,,,,,,0,,,-0.4637287919357087,-0.46871697803583956,-771.2976514617322,0.47591737290449276,5,,6,20,1,4,17,,,,,,,,,,,,,,,,,,,,,,,,,,,,,,,,,,1,
ZnO_x010,ZnO_x100_chain_Cl_x400_cLi24gaS16e_s03,ZnO+Clrich,Li_24g,S_16e,0.25,compound_set_chain,4,-0.45208651615249273,-0.16419581363629449,True,0.3194580503241404,3.1338389451185704,0.3,1.0446785078316678,1.1241414661161848,,,,,,,,,,,,,,,,,,,,,,,,,,,,,,,,0,,,,,,0.43685934803480353,14,,6,20,1,4,17,,,,,,,,,,,,,,,,,,,,,,,,,,,,,,,,,,1,
ZnO_x010,ZnO_x100_chain_Cl_x400_cLi24gaS16e_s04,ZnO+Clrich,Li_24g,S_16e,0.25,compound_set_chain,4,-0.4515066632935971,-0.13330947593935724,True,0.2651388236934612,3.150093249323676,0.25,1.1676962323202207,1.0186703965497632,,,,,,,,,,,,,,,,,,,,,,,,,,,,,,,,0,,,,,,0.4354975153002488,17,,6,20,1,4,17,,,,,,,,,,,,,,,,,,,,,,,,,,,,,,,,,,1,
ZnO_x010,ZnO_x100_chain_Cl_x400_cLi24gaS4a_s00,ZnO+Clrich,Li_24g,S_4a,0.25,compound_set_chain,4,-0.3975669377191666,-0.1183532006750544,True,0.2720121098876632,3.1279737667787253,0.45,0.3079363454125498,1.069245685045364,,,,,,,,,,,,,,,,,,,,,,,,,,,,,,,,0,,,,,,0.3088155771960538,37,,6,20,1,4,17,,,,,,,,,,,,,,,,,,,,,,,,,,,,,,,,,,1,
ZnO_x010,ZnO_x100_chain_Cl_x400_cLi24gaS4a_s01,ZnO+Clrich,Li_24g,S_4a,0.25,compound_set_chain,4,-0.43523695370225557,-0.0697084801216551,True,0.3464268524990765,3.1623100871713468,0.35,0.7236975656624247,1.038207535578461,,,,,,,,,,,,,,,,,,,,,,,,,,,,,,,,0,,,,,,0.3972867472350774,26,,6,20,1,4,17,,,,,,,,,,,,,,,,,,,,,,,,,,,,,,,,,,1,
ZnO_x010,ZnO_x100_chain_Cl_x400_cLi24gaS4a_s02,ZnO+Clrich,Li_24g,S_4a,0.25,compound_set_chain,4,-0.3652210161464975,-0.07048058503361786,True,0.21494489867784497,2.984642291156255,0.35,0.5936641310212828,1.0730357491156761,,,,,,,,,,,,,,,,,,,,,,,,,,,,,,,,0,,,,,,0.2328484863190757,47,,6,20,1,4,17,,,,,,,,,,,,,,,,,,,,,,,,,,,,,,,,,,1,
ZnO_x010,ZnO_x100_chain_Cl_x400_cLi24gaS4a_s03,ZnO+Clrich,Li_24g,S_4a,0.25,compound_set_chain,4,-0.4053929490446304,-0.09142489546525978,True,0.30870066449669725,3.120337607759379,0.25,1.1690491003417065,1.055357776380433,,,,,,,,,,,,,,,,,,,,,,,,,,,,,,,,0,,,,,,0.3271956166155554,33,,6,20,1,4,17,,,,,,,,,,,,,,,,,,,,,,,,,,,,,,,,,,1,
ZnO_x010,ZnO_x100_chain_Cl_x400_cLi24gaS4a_s04,ZnO+Clrich,Li_24g,S_4a,0.25,compound_set_chain,4,-0.3798152851729881,-0.14395591081341994,True,0.2571812001023084,3.1044597807256036,0.4,0.6667237122040599,1.0492353205063,,,,,,,,,,,,,,,,,,,,,,,,,,,,,,,,0,,,,,,0.26712434267171303,41,,6,20,1,4,17,,,,,,,,,,,,,,,,,,,,,,,,,,,,,,,,,,1,
ZnO_x010,ZnO_x100_chain_Cl_x600_cLi24gaS16e_s00,ZnO+Clrich,Li_24g,S_16e,0.25,compound_set_chain,4,-0.43081453482105836,-0.16994559931756195,True,0.1608717056775209,2.998467620608241,0.3,0.843893535275052,1.08400383118375,,,,,,,,,,,,,,,,,,,,,,,,,,,,,,,,0,,,,,,0.38690032815317865,29,,6,20,1,4,17,,,,,,,,,,,,,,,,,,,,,,,,,,,,,,,,,,1,
ZnO_x010,ZnO_x100_chain_Cl_x600_cLi24gaS16e_s01,ZnO+Clrich,Li_24g,S_16e,0.25,compound_set_chain,4,-0.45969349587930175,-0.11134315747602881,True,0.18389654112881884,3.0544708691063835,0.6,1.3283488149629101,1.1007195338634523,,,,,,,,,,,,,,,,,,,,,,,,,,,,,,,,0,,,,,,0.45472497350191377,10,,6,20,1,4,17,,,,,,,,,,,,,,,,,,,,,,,,,,,,,,,,,,1,
ZnO_x010,ZnO_x100_chain_Cl_x600_cLi24gaS16e_s02,ZnO+Clrich,Li_24g,S_16e,0.25,compound_set_chain,4,-0.46369805125087993,-0.19153218021539745,True,0.1590416456965214,3.132450524851017,0.5,2.5958867461571793,1.146096033319681,,,,,,,,,,,,,,,,,,,,,,,,,,,,,,,,0,,,,,,0.46413000532798543,7,,6,20,1,4,17,,,,,,,,,,,,,,,,,,,,,,,,,,,,,,,,,,1,
ZnO_x010,ZnO_x100_chain_Cl_x600_cLi24gaS16e_s03,ZnO+Clrich,Li_24g,S_16e,0.25,compound_set_chain,4,-0.4518495351239187,-0.16435964488815924,True,0.3193555824978717,3.132272030516395,0.3,1.0455274481982393,1.1219974236763461,,,,,,,,,,,,,,,,,,,,,,,,,,,,,,,,0,,,,,,0.4363027783512543,15,,6,20,1,4,17,,,,,,,,,,,,,,,,,,,,,,,,,,,,,,,,,,1,
ZnO_x010,ZnO_x100_chain_Cl_x600_cLi24gaS16e_s04,ZnO+Clrich,Li_24g,S_16e,0.25,compound_set_chain,4,-0.4516978001884766,-0.13417825731473695,True,0.26459849615294606,3.150954170419987,0.25,1.1999149481364992,1.0195204461908727,,,,,,,,,,,,,,,,,,,,,,,,,,,,,,,,0,,,,,,0.4359464162174984,16,,6,20,1,4,17,,,,,,,,,,,,,,,,,,,,,,,,,,,,,,,,,,1,
ZnO_x010,ZnO_x100_chain_Cl_x600_cLi24gaS4a_s00,ZnO+Clrich,Li_24g,S_4a,0.25,compound_set_chain,4,-0.3975686671720853,-0.11835822278186849,True,0.27197110761638643,3.127985043246177,0.45,0.3078669422974503,1.0692495563142397,,,,,,,,,,,,,,,,,,,,,,,,,,,,,,,,0,,,,,,0.30881963896027786,36,,6,20,1,4,17,,,,,,,,,,,,,,,,,,,,,,,,,,,,,,,,,,1,
ZnO_x010,ZnO_x100_chain_Cl_x600_cLi24gaS4a_s01,ZnO+Clrich,Li_24g,S_4a,0.25,compound_set_chain,4,-0.43397682985288366,-0.06784892223453139,True,0.34038888286277474,3.16924419635738,0.35,0.7417608978731267,1.0396578406892214,,,,,,,,,,,,,,,,,,,,,,,,,,,,,,,,0,,,,,,0.39432724142021236,27,,6,20,1,4,17,,,,,,,,,,,,,,,,,,,,,,,,,,,,,,,,,,1,
ZnO_x010,ZnO_x100_chain_Cl_x600_cLi24gaS4a_s02,ZnO+Clrich,Li_24g,S_4a,0.25,compound_set_chain,4,-0.3651966953497139,-0.07035345832723831,True,0.21467255604199673,2.9820313826937603,0.35,0.587960798456702,1.0727679963690517,,,,,,,,,,,,,,,,,,,,,,,,,,,,,,,,0,,,,,,0.2327913669021715,48,,6,20,1,4,17,,,,,,,,,,,,,,,,,,,,,,,,,,,,,,,,,,1,
ZnO_x010,ZnO_x100_chain_Cl_x600_cLi24gaS4a_s03,ZnO+Clrich,Li_24g,S_4a,0.25,compound_set_chain,4,-0.4053904241039543,-0.09143171036788775,True,0.30868465427046354,3.1203590576060245,0.25,1.1690065751482916,1.055359164924458,,,,,,,,,,,,,,,,,,,,,,,,,,,,,,,,0,,,,,,0.3271896865820775,34,,6,20,1,4,17,,,,,,,,,,,,,,,,,,,,,,,,,,,,,,,,,,1,
ZnO_x010,ZnO_x100_chain_Cl_x600_cLi24gaS4a_s04,ZnO+Clrich,Li_24g,S_4a,0.25,compound_set_chain,4,-0.37981432681200467,-0.14395382222316142,True,0.2571762181880992,3.1044792035705036,0.4,0.6665897854117043,1.0492333102747193,,,,,,,,,,,,,,,,,,,,,,,,,,,,,,,,0,,,,,,0.26712209188112235,42,,6,20,1,4,17,,,,,,,,,,,,,,,,,,,,,,,,,,,,,,,,,,1,
ZnO_x010,ZnO_x100_chain_Cl_x800_cLi24gaS16e_s00,ZnO+Clrich,Li_24g,S_16e,0.25,compound_set_chain,4,-0.3944603556092101,-0.07877207600090384,True,0.28089429757938744,3.286894735108297,0.3684210526315789,0.3533046304587104,1.0987302048858147,,,,,,,,,,,,,,,,,,,,,,,,,,,,,,,,0,,,,,,0.30151951036630953,40,,7,19,1,4,16,,,,,,,,,,,,,,,,,,,,,,,,,,,,,,,,,,1,
ZnO_x010,ZnO_x100_chain_Cl_x800_cLi24gaS16e_s01,ZnO+Clrich,Li_24g,S_16e,0.25,compound_set_chain,4,-0.4420362486484706,-0.09913965838409947,True,0.23521291421492005,3.182276951382023,0.47368421052631576,1.2525314230539726,1.1102059407983211,,,,,,,,,,,,,,,,,,,,,,,,,,,,,,,,0,,,,,,0.4132554577236025,18,,7,19,1,4,16,,,,,,,,,,,,,,,,,,,,,,,,,,,,,,,,,,1,
ZnO_x010,ZnO_x100_chain_Cl_x800_cLi24gaS16e_s02,ZnO+Clrich,Li_24g,S_16e,0.25,compound_set_chain,4,-0.4356529264547433,-0.09147271249271345,True,0.32290825650847127,3.187678896235213,0.42105263157894735,1.7036284954621477,1.09141683677292,,,,,,,,,,,,,,,,,,,,,,,,,,,,,,,,0,,,,,,0.39826369389030214,25,,7,19,1,4,16,,,,,,,,,,,,,,,,,,,,,,,,,,,,,,,,,,1,
ZnO_x010,ZnO_x100_chain_Cl_x800_cLi24gaS16e_s03,ZnO+Clrich,Li_24g,S_16e,0.25,compound_set_chain,4,-0.4570314973837952,-0.16570726624626067,True,0.19276481056371772,3.150251484131845,0.3684210526315789,1.9180109764448912,1.1087233430397743,,,,,,,,,,,,,,,,,,,,,,,,,,,,,,,,0,,,,,,0.4484730483196864,12,,7,19,1,4,16,,,,,,,,,,,,,,,,,,,,,,,,,,,,,,,,,,1,
ZnO_x010,ZnO_x100_chain_Cl_x800_cLi24gaS16e_s04,ZnO+Clrich,Li_24g,S_16e,0.25,compound_set_chain,4,-0.43884159080789864,-0.09762101735934503,True,0.29585229534349555,3.1530775330675436,0.2631578947368421,0.7796506288364591,1.072948782368725,,,,,,,,,,,,,,,,,,,,,,,,,,,,,,,,0,,,,,,0.4057525377047573,22,,7,19,1,4,16,,,,,,,,,,,,,,,,,,,,,,,,,,,,,,,,,,1,
ZnO_x010,ZnO_x100_chain_Cl_x800_cLi24gaS4a_s00,ZnO+Clrich,Li_24g,S_4a,0.25,compound_set_chain,4,-0.3299450748151269,0.03779612371412403,True,0.29942596306262187,3.1356853922167707,0.2631578947368421,1.0487835193982125,1.051542615107137,,,,,,,,,,,,,,,,,,,,,,,,,,,,,,,,0,,,,,,0.15,50,,7,19,1,4,16,,,,,,,,,,,,,,,,,,,,,,,,,,,,,,,,,,1,
ZnO_x010,ZnO_x100_chain_Cl_x800_cLi24gaS4a_s01,ZnO+Clrich,Li_24g,S_4a,0.25,compound_set_chain,4,-0.39547808068425194,-0.09112957451000246,True,0.361750619194976,3.0858493556124444,0.3684210526315789,1.418907347272732,1.0253361803076726,,,,,,,,,,,,,,,,,,,,,,,,,,,,,,,,0,,,,,,0.3039097224704781,39,,7,19,1,4,16,,,,,,,,,,,,,,,,,,,,,,,,,,,,,,,,,,1,
ZnO_x010,ZnO_x100_chain_Cl_x800_cLi24gaS4a_s02,ZnO+Clrich,Li_24g,S_4a,0.25,compound_set_chain,4,-0.41588703783257586,0.059138032733517684,True,0.3109123179359575,3.202003638357192,0.21052631578947367,0.721803231319278,1.0687896344504557,,,,,,,,,,,,,,,,,,,,,,,,,,,,,,,,0,,,,,,0.35184185817753744,31,,7,19,1,4,16,,,,,,,,,,,,,,,,,,,,,,,,,,,,,,,,,,1,
ZnO_x010,ZnO_x100_chain_Cl_x800_cLi24gaS4a_s03,ZnO+Clrich,Li_24g,S_4a,0.25,compound_set_chain,4,-0.3762895429449227,-0.1098976471485948,True,0.18388495215333653,3.2296361821721584,0.3157894736842105,1.7210681977806928,1.0532179311215246,,,,,,,,,,,,,,,,,,,,,,,,,,,,,,,,0,,,,,,0.2588438433931097,43,,7,19,1,4,16,,,,,,,,,,,,,,,,,,,,,,,,,,,,,,,,,,1,
ZnO_x010,ZnO_x100_chain_Cl_x800_cLi24gaS4a_s04,ZnO+Clrich,Li_24g,S_4a,0.25,compound_set_chain,4,-0.3697997757874072,-0.06438669195394406,True,0.25942973721943846,3.34556535171908,0.3684210526315789,0.9319514823501691,1.1006560859158026,,,,,,,,,,,,,,,,,,,,,,,,,,,,,,,,0,,,,,,0.24360208469664463,46,,7,19,1,4,16,,,,,,,,,,,,,,,,,,,,,,,,,,,,,,,,,,1,
ZrF4_x002,ZrF4_x020_cLi24gaCl4d_s00,ZrF4,Li_24g,Cl_4d,0.25,compound_set,4,-0.7676711184549019,-0.1981921531152665,True,0.2732717234344529,2.9716761118869917,0.85,0.4295123437155545,1.0652084659611603,,,,,,,,,,,,,,,,,,,,,,,,,,,,,,,,0,,,,,,0.3939595241855728,6,,,20,,4,20,,4,,,,,,,,,,,,,,,,,,,,,,,,,,,,,,,,,1
ZrF4_x002,ZrF4_x020_cLi24gaCl4d_s01,ZrF4,Li_24g,Cl_4d,0.25,compound_set,4,-0.7765410946257676,-0.15001080981918338,True,0.3093143844243311,2.9589535600801447,0.9,1.0109712757447715,1.0408102123620726,,,,,,,,,,,,,,,,,,,,,,,,,,,,,,,,0,,,,,,0.4174946838430026,5,,,20,,4,20,,4,,,,,,,,,,,,,,,,,,,,,,,,,,,,,,,,,1
ZrF4_x002,ZrF4_x020_cLi24gaCl4d_s02,ZrF4,Li_24g,Cl_4d,0.25,compound_set,4,-0.7793855774226248,-0.19534975149881761,True,0.35983359600456116,2.9456024924504076,1.0,1.2725109508807588,1.0543487446551054,,,,,,,,,,,,,,,,,,,,,,,,,,,,,,,,0,,,,,,0.425042094960829,4,,,20,,4,20,,4,,,,,,,,,,,,,,,,,,,,,,,,,,,,,,,,,1
ZrF4_x002,ZrF4_x020_cLi24gaCl4d_s03,ZrF4,Li_24g,Cl_4d,0.25,compound_set,4,-0.7991635992063655,-0.14414168349538675,True,0.18593343636758075,2.8444063731379976,0.85,1.3178546836890694,1.0257801601704764,,,,,,,,,,,,,,,,,,,,,,,,,,,,,,,,0,,,,,,0.47752012775615593,3,,,20,,4,20,,4,,,,,,,,,,,,,,,,,,,,,,,,,,,,,,,,,1
ZrF4_x002,ZrF4_x020_cLi24gaCl4d_s04,ZrF4,Li_24g,Cl_4d,0.25,compound_set,4,-0.8050443904577564,-0.21862752017845422,True,0.17341100797143325,2.888508701083767,0.85,1.6082678078586186,1.034329623175265,0.9518241660362436,0.08379129764947275,0.8720695840299395,0.1456,,-695.4523216253074,-4.5162611894506055,-5.168572145794021,True,17.86410805426563,20.462740126777323,6.524737233823087,0.9994358814358547,True,OK,18.51625109550197,18.18835124714738,41.10577337580378,0.9822912399133406,0.13000273684099645,,,,,,,,,,,,0,,,-0.8050443904577564,-0.8264799526549105,-695.4523216253077,0.55,2,,,20,,4,20,,4,,,,,,,,,,,,,,,,,,,,,,,,,,,,,,,,,1
ZrF4_x002,ZrF4_x020_cP4baCl4d_s00,ZrF4,P_4b,Cl_4d,0.25,compound_set,4,-0.6757271844566191,-0.18058456700080283,True,0.2863539677893869,2.857163165472628,0.8,1.394044514563432,1.0599254557240472,,,,,,,,,,,,,,,,,,,,,,,,,,,,,,,,0,,,,,,0.15,10,,,25,,3,20,,4,,,,,,,,,,,,,,,,,,,,,,,,,,,,,,,,,1
ZrF4_x002,ZrF4_x020_cP4baCl4d_s01,ZrF4,P_4b,Cl_4d,0.25,compound_set,4,-0.6760733729094923,-0.20252330925154693,True,0.2285234755206354,2.8221830111627724,0.8,1.7002889725206334,1.0864020285636047,,,,,,,,,,,,,,,,,,,,,,,,,,,,,,,,0,,,,,,0.15091855945867053,9,,,25,,3,20,,4,,,,,,,,,,,,,,,,,,,,,,,,,,,,,,,,,1
ZrF4_x002,ZrF4_x020_cP4baCl4d_s02,ZrF4,P_4b,Cl_4d,0.25,compound_set,4,-0.6760749928419729,-0.2025277564405998,True,0.22853277718956147,2.8221714484159226,0.8,1.7001442230125225,1.0863967330649835,,,,,,,,,,,,,,,,,,,,,,,,,,,,,,,,0,,,,,,0.1509228577080492,8,,,25,,3,20,,4,,,,,,,,,,,,,,,,,,,,,,,,,,,,,,,,,1
ZrF4_x002,ZrF4_x020_cP4baCl4d_s03,ZrF4,P_4b,Cl_4d,0.25,compound_set,4,-0.6801352880405123,-0.2598935696783929,True,0.10137915961058028,2.8206512621266433,0.88,0.5709153809001036,1.0475359997465699,,,,,,,,,,,,,,,,,,,,,,,,,,,,,,,,0,,,,,,0.16169624581114173,7,,,25,,3,20,,4,,,,,,,,,,,,,,,,,,,,,,,,,,,,,,,,,1
ZrF4_x002,ZrF4_x020_cP4baCl4d_s04,ZrF4,P_4b,Cl_4d,0.25,compound_set,4,-0.6762947017357606,-0.20328493941390896,True,0.2299345653425005,2.820447462229839,0.8,1.6799484447364226,1.0853161986691635,0.9680125959395903,0.09770906205368805,0.8734289931341773,0.1488,,-725.166793703356,-4.403617368359828,-8.773982227038147,True,24.927755841571418,18.139603003753187,10.631749240982883,0.9961923822406091,True,OK,23.92865168844297,17.71712739743758,42.630070705159824,0.7404147809128158,0.20307513032065766,,,,,,,,,,,,0,,,-0.6762947017357606,-0.7138361315641326,-725.1667937033561,0.5511164108307113,1,,,25,,3,20,,4,,,,,,,,,,,,,,,,,,,,,,,,,,,,,,,,,1
ZrF4_x005,ZrF4_x050_cLi24gaCl4d_s00,ZrF4,Li_24g,Cl_4d,0.25,compound_set,4,-0.7676703382837107,-0.19818948457698,True,0.2732649495310661,2.9716750936061573,0.85,0.42953373792096095,1.0652077819968064,,,,,,,,,,,,,,,,,,,,,,,,,,,,,,,,0,,,,,,0.3839797615297118,6,,,20,,4,20,,4,,,,,,,,,,,,,,,,,,,,,,,,,,,,,,,,,1
ZrF4_x005,ZrF4_x050_cLi24gaCl4d_s01,ZrF4,Li_24g,Cl_4d,0.25,compound_set,4,-0.7765405624156716,-0.15001321043837423,True,0.3093069132224074,2.9589580425590762,0.9,1.011005284297627,1.0408108863074723,,,,,,,,,,,,,,,,,,,,,,,,,,,,,,,,0,,,,,,0.40655283589509583,5,,,20,,4,20,,4,,,,,,,,,,,,,,,,,,,,,,,,,,,,,,,,,1
ZrF4_x005,ZrF4_x050_cLi24gaCl4d_s02,ZrF4,Li_24g,Cl_4d,0.25,compound_set,4,-0.7856151582037563,-0.20239642032191915,True,0.3763446214269515,2.949263580746171,0.95,0.20384491320245893,1.0580842061367093,,,,,,,,,,,,,,,,,,,,,,,,,,,,,,,,0,,,,,,0.42964599819999827,4,,,20,,4,20,,4,,,,,,,,,,,,,,,,,,,,,,,,,,,,,,,,,1
ZrF4_x005,ZrF4_x050_cLi24gaCl4d_s03,ZrF4,Li_24g,Cl_4d,0.25,compound_set,4,-0.7991631270392054,-0.1441403050350859,True,0.1859324297405653,2.844407828189135,0.85,1.31775859858643,1.0257791160096796,,,,,,,,,,,,,,,,,,,,,,,,,,,,,,,,0,,,,,,0.4641230647851121,3,,,20,,4,20,,4,,,,,,,,,,,,,,,,,,,,,,,,,,,,,,,,,1
ZrF4_x005,ZrF4_x050_cLi24gaCl4d_s04,ZrF4,Li_24g,Cl_4d,0.25,compound_set,4,-0.8050086270544479,-0.21864416014924629,True,0.17361022715674526,2.8886931611608118,0.85,1.6114062037972539,1.0344114455853617,0.9694520220383579,0.07951951494133491,0.8923616674869713,0.14656,,-701.8813488025502,-4.522690239671353,-4.972421793510793,True,11.969203490009514,20.74212139526236,14.407134531676414,0.9624736551848824,True,OK,21.40155772618271,13.618150218774886,33.70536479878825,0.6363158417255962,0.23751626532654177,,,,,,,,,,,,0,,,-0.8050086270544479,-0.8329089806518657,-701.8813488025502,0.55,1,,,20,,4,20,,4,,,,,,,,,,,,,,,,,,,,,,,,,,,,,,,,,1
ZrF4_x005,ZrF4_x050_cP4baCl4d_s00,ZrF4,P_4b,Cl_4d,0.25,compound_set,4,-0.6757265962166561,-0.18058155015612934,True,0.28636414876607746,2.8571644396194893,0.8,1.394010711666314,1.059928652965055,,,,,,,,,,,,,,,,,,,,,,,,,,,,,,,,0,,,,,,0.15,10,,,25,,3,20,,4,,,,,,,,,,,,,,,,,,,,,,,,,,,,,,,,,1
ZrF4_x005,ZrF4_x050_cP4baCl4d_s01,ZrF4,P_4b,Cl_4d,0.25,compound_set,4,-0.6760756652607527,-0.20253089172310434,True,0.22853735950250667,2.822165023474621,0.8,1.700121402679172,1.0863915873848662,0.9976655307622024,0.12541730135070814,0.8725410122433851,0.139712,,-696.2026060968088,-4.374653199007026,-8.983959183332487,True,17.863511519353644,18.458635495109306,6.708946591505075,0.9933014573120585,True,OK,31.86715249948849,23.27705570337437,56.15784698797321,0.7304404026606393,0.2062918889658423,,,,,,,,,,,,0,,,-0.6760756652607527,-0.6848719399875391,-696.2026060968083,0.4732732027923975,2,,,25,,3,20,,4,,,,,,,,,,,,,,,,,,,,,,,,,,,,,,,,,1
ZrF4_x005,ZrF4_x050_cP4baCl4d_s02,ZrF4,P_4b,Cl_4d,0.25,compound_set,4,-0.6760746287480157,-0.20252680666276912,True,0.22853191885739627,2.822173442800754,0.8,1.7001873496309887,1.086396952900965,,,,,,,,,,,,,,,,,,,,,,,,,,,,,,,,0,,,,,,0.1508856782077971,8,,,25,,3,20,,4,,,,,,,,,,,,,,,,,,,,,,,,,,,,,,,,,1
ZrF4_x005,ZrF4_x050_cP4baCl4d_s03,ZrF4,P_4b,Cl_4d,0.25,compound_set,4,-0.6803966749191974,-0.2613622138289967,True,0.10108892054401246,2.8199063291957738,0.84,0.56877278489584,1.0489537112808647,,,,,,,,,,,,,,,,,,,,,,,,,,,,,,,,0,,,,,,0.16188448366990213,7,,,25,,3,20,,4,,,,,,,,,,,,,,,,,,,,,,,,,,,,,,,,,1
ZrF4_x005,ZrF4_x050_cP4baCl4d_s04,ZrF4,P_4b,Cl_4d,0.25,compound_set,4,-0.6760739259037618,-0.2025242143472189,True,0.22852720757974848,2.822179264005469,0.8,1.7002017347016523,1.086400798781725,,,,,,,,,,,,,,,,,,,,,,,,,,,,,,,,0,,,,,,0.1508838895995979,9,,,25,,3,20,,4,,,,,,,,,,,,,,,,,,,,,,,,,,,,,,,,,1
ZrF4_x010,ZrF4_x100_cLi24gaCl4d_s00,ZrF4,Li_24g,Cl_4d,0.25,compound_set,4,-0.7676698741597239,-0.19818774406314832,True,0.27326079446082796,2.971674075161652,0.85,0.42954620397900284,1.0652072551656915,,,,,,,,,,,,,,,,,,,,,,,,,,,,,,,,0,,,,,,0.36763845490945024,6,,,20,,4,20,,4,,,,,,,,,,,,,,,,,,,,,,,,,,,,,,,,,1
ZrF4_x010,ZrF4_x100_cLi24gaCl4d_s01,ZrF4,Li_24g,Cl_4d,0.25,compound_set,4,-0.776539960787952,-0.15001771118139337,True,0.30929716331485535,2.9589599736818437,0.9,1.0110410453461602,1.0408105162809356,,,,,,,,,,,,,,,,,,,,,,,,,,,,,,,,0,,,,,,0.3886351389508358,5,,,20,,4,20,,4,,,,,,,,,,,,,,,,,,,,,,,,,,,,,,,,,1
ZrF4_x010,ZrF4_x100_cLi24gaCl4d_s02,ZrF4,Li_24g,Cl_4d,0.25,compound_set,4,-0.7900173045801218,-0.2162838116011218,True,0.34328540372424776,2.945916034789404,1.0,0.30162760292787294,1.0435076393047371,,,,,,,,,,,,,,,,,,,,,,,,,,,,,,,,0,,,,,,0.4205378182798929,4,,,20,,4,20,,4,,,,,,,,,,,,,,,,,,,,,,,,,,,,,,,,,1
ZrF4_x010,ZrF4_x100_cLi24gaCl4d_s03,ZrF4,Li_24g,Cl_4d,0.25,compound_set,4,-0.7991631533740442,-0.14414060690715894,True,0.18593252822009604,2.8444078348494406,0.85,1.3177935212119964,1.0257797175524423,,,,,,,,,,,,,,,,,,,,,,,,,,,,,,,,0,,,,,,0.44218726833206656,3,,,20,,4,20,,4,,,,,,,,,,,,,,,,,,,,,,,,,,,,,,,,,1
ZrF4_x010,ZrF4_x100_cLi24gaCl4d_s04,ZrF4,Li_24g,Cl_4d,0.25,compound_set,4,-0.8050083207189678,-0.2186444288570396,True,0.17361133806934298,2.888693814770392,0.85,1.6114213826206196,1.0344131585844092,0.9448381804417257,0.12435267505178213,0.8273450252127387,0.135552,,-713.6812476776738,-4.534490129296619,-7.553890490212847,True,15.8362638738616,20.10306174138912,1.6076875459741113,0.9995168259334422,True,OK,20.18470562311151,21.062541231808545,46.881002468964695,1.0434901367940643,0.11289995715629116,,,,,,,,,,,,0,,,-0.8050083207189678,-0.844708834188955,-713.6812476776737,0.55,2,,,20,,4,20,,4,,,,,,,,,,,,,,,,,,,,,,,,,,,,,,,,,1
ZrF4_x010,ZrF4_x100_cP4baCl4d_s00,ZrF4,P_4b,Cl_4d,0.25,compound_set,4,-0.675728120648766,-0.1805897769057722,True,0.2863382990708864,2.857158566562544,0.8,1.3940541181639947,1.0599230510180868,,,,,,,,,,,,,,,,,,,,,,,,,,,,,,,,0,,,,,,0.15,10,,,25,,3,20,,4,,,,,,,,,,,,,,,,,,,,,,,,,,,,,,,,,1
ZrF4_x010,ZrF4_x100_cP4baCl4d_s01,ZrF4,P_4b,Cl_4d,0.25,compound_set,4,-0.6760762885078986,-0.20253223311083063,True,0.2285402719328273,2.822160579796149,0.8,1.7000165156361517,1.0863907156294335,0.9675797929785525,0.11111372766043448,0.860068395371794,0.148736,,-738.0836704562588,-4.416534234210491,-5.819387888232773,True,21.148226063245335,18.96654701567512,5.799560458300861,0.9997779578597142,True,OK,26.072036384363873,21.35360916901235,50.32241489846074,0.8190234492699122,0.17831169663550273,,,,,,,,,,,,0,,,-0.6760762885078986,-0.7267529391028278,-738.083670456259,0.5707825849118017,1,,,25,,3,20,,4,,,,,,,,,,,,,,,,,,,,,,,,,,,,,,,,,1
ZrF4_x010,ZrF4_x100_cP4baCl4d_s02,ZrF4,P_4b,Cl_4d,0.25,compound_set,4,-0.676075093362603,-0.20252852525517825,True,0.22853522682315985,2.822169194037969,0.8,1.7001614214729863,1.0863954446894526,,,,,,,,,,,,,,,,,,,,,,,,,,,,,,,,0,,,,,,0.15082133092367248,8,,,25,,3,20,,4,,,,,,,,,,,,,,,,,,,,,,,,,,,,,,,,,1
ZrF4_x010,ZrF4_x100_cP4baCl4d_s03,ZrF4,P_4b,Cl_4d,0.25,compound_set,4,-0.6801337910832714,-0.2598837768901841,True,0.10137973333127544,2.820657625938007,0.88,0.5710427086983169,1.0475304652457924,,,,,,,,,,,,,,,,,,,,,,,,,,,,,,,,0,,,,,,0.1604288124773663,7,,,25,,3,20,,4,,,,,,,,,,,,,,,,,,,,,,,,,,,,,,,,,1
ZrF4_x010,ZrF4_x100_cP4baCl4d_s04,ZrF4,P_4b,Cl_4d,0.25,compound_set,4,-0.6760744484302368,-0.20252503099279184,True,0.22852986803001502,2.82217672286937,0.8,1.70018106576763,1.0864028657615616,,,,,,,,,,,,,,,,,,,,,,,,,,,,,,,,0,,,,,,0.15081980428231162,9,,,25,,3,20,,4,,,,,,,,,,,,,,,,,,,,,,,,,,,,,,,,,1
ZrO2_x002,ZrO2_x020_cLi24gaS16e_s00,ZrO2,Li_24g,S_16e,0.25,compound_set,4,-0.7460547106252129,-0.13733019000725435,True,0.2780446357514872,3.047167284598294,0.45,1.7051964944547264,1.0715394770303526,,,,,,,,,,,,,,,,,,,,,,,,,,,,,,,,0,,,,,,0.46489674263494807,7,,4,20,2,4,18,,,,,,,,,,,,,,,,,,,,,,,,,,,,,,,,,,,1
ZrO2_x002,ZrO2_x020_cLi24gaS16e_s01,ZrO2,Li_24g,S_16e,0.25,compound_set,4,-0.7674231240486913,-0.11336564107145765,True,0.19974454775987333,3.021604575972763,0.4,0.06705346882579889,1.024467752862177,0.9734494782091556,0.11192763105520645,0.8644935841612781,0.135552,,-910.1348105769727,-4.485366347988778,-6.688060999537056,True,19.466021282408217,20.211327117786393,3.629008894537826,0.9994736848418282,True,OK,21.57099058193672,13.15378237856569,32.79526764612574,0.6097903723336889,0.24660978501385955,,,,,,,,,,,,0,,,-0.7674231240486913,-0.7955850453372584,-910.1348105769729,0.55,3,,4,20,2,4,18,,,,,,,,,,,,,,,,,,,,,,,,,,,,,,,,,,,1
ZrO2_x002,ZrO2_x020_cLi24gaS16e_s02,ZrO2,Li_24g,S_16e,0.25,compound_set,4,-0.7439215015288685,-0.09887299626693664,True,0.21633630536361995,3.132920696429219,0.7,2.2530806203723692,1.0242861595302855,,,,,,,,,,,,,,,,,,,,,,,,,,,,,,,,0,,,,,,0.4612314525900675,8,,4,20,2,4,18,,,,,,,,,,,,,,,,,,,,,,,,,,,,,,,,,,,1
ZrO2_x002,ZrO2_x020_cLi24gaS16e_s03,ZrO2,Li_24g,S_16e,0.25,compound_set,4,-0.765312307505412,-0.19408166962451687,True,0.3107826590684306,3.062131933424751,0.45,1.453389108942549,1.0157915103305915,,,,,,,,,,,,,,,,,,,,,,,,,,,,,,,,0,,,,,,0.4979852374544559,5,,4,20,2,4,18,,,,,,,,,,,,,,,,,,,,,,,,,,,,,,,,,,,1
ZrO2_x002,ZrO2_x020_cLi24gaS16e_s04,ZrO2,Li_24g,S_16e,0.25,compound_set,4,-0.7490209607660478,-0.12553463602101106,True,0.1950762200977219,3.108155903067364,0.4,2.241954172689188,1.0403880708062372,,,,,,,,,,,,,,,,,,,,,,,,,,,,,,,,0,,,,,,0.46999336777613065,6,,4,20,2,4,18,,,,,,,,,,,,,,,,,,,,,,,,,,,,,,,,,,,1
ZrO2_x002,ZrO2_x020_cLi24gaS4a_s00,ZrO2,Li_24g,S_4a,0.25,compound_set,4,-0.687194579960213,-0.10378991820528598,True,0.40527361595708716,3.158588806921679,0.7,0.7398991665673538,1.0196006544492933,,,,,,,,,,,,,,,,,,,,,,,,,,,,,,,,0,,,,,,0.36376298535981577,12,,4,20,2,4,18,,,,,,,,,,,,,,,,,,,,,,,,,,,,,,,,,,,1
ZrO2_x002,ZrO2_x020_cLi24gaS4a_s01,ZrO2,Li_24g,S_4a,0.25,compound_set,4,-0.7391768620170955,-0.1333555238173056,True,0.3378978338788351,2.9852362518376703,0.5,2.3383255195401467,1.034336191905345,0.9439563642856609,0.10380143036698734,0.8459723434687884,0.140224,,-873.0072668306559,-4.3876317696401275,-7.0332356480577936,True,18.6370955636157,20.220282011629486,2.4412546391363934,0.999932444239231,True,OK,24.600874466908024,19.62364679485664,46.50544042219949,0.7976808637942312,0.18493369016376157,,,,,,,,,,,,0,,,-0.7391768620170955,-0.6978504669886076,-873.0072668306561,0.5519376226728075,2,,4,20,2,4,18,,,,,,,,,,,,,,,,,,,,,,,,,,,,,,,,,,,1
ZrO2_x002,ZrO2_x020_cLi24gaS4a_s02,ZrO2,Li_24g,S_4a,0.25,compound_set,4,-0.7190752389939066,-0.06223377287083687,True,0.2998602410664227,2.973501646583904,0.55,2.6710500924403635,1.0509498910676525,,,,,,,,,,,,,,,,,,,,,,,,,,,,,,,,0,,,,,,0.41854048578425906,11,,4,20,2,4,18,,,,,,,,,,,,,,,,,,,,,,,,,,,,,,,,,,,1
ZrO2_x002,ZrO2_x020_cLi24gaS4a_s03,ZrO2,Li_24g,S_4a,0.25,compound_set,4,-0.730410755851592,-0.1622857091247057,True,0.37838443711291164,2.993830977085093,0.5,5.65452055956681,1.1080595281586956,,,,,,,,,,,,,,,,,,,,,,,,,,,,,,,,0,,,,,,0.4380172249202633,9,,4,20,2,4,18,,,,,,,,,,,,,,,,,,,,,,,,,,,,,,,,,,,1
ZrO2_x002,ZrO2_x020_cLi24gaS4a_s04,ZrO2,Li_24g,S_4a,0.25,compound_set,4,-0.7276052392971941,-0.10482010542781593,True,0.3525717302475997,3.0985095720421185,0.45,0.8039195138128167,1.1350673394430126,,,,,,,,,,,,,,,,,,,,,,,,,,,,,,,,0,,,,,,0.4331967729940063,10,,4,20,2,4,18,,,,,,,,,,,,,,,,,,,,,,,,,,,,,,,,,,,1
ZrO2_x002,ZrO2_x020_cP4baS16e_s00,ZrO2,P_4b,S_16e,0.25,compound_set,4,-0.6350934884524833,-0.12419724242404839,True,0.16216971593868876,2.8892534298334307,0.4,1.2737263790934006,1.1726582162660006,,,,,,,,,,,,,,,,,,,,,,,,,,,,,,,,0,,,,,,0.27424264140574733,15,,4,25,2,3,18,,,,,,,,,,,,,,,,,,,,,,,,,,,,,,,,,,,1
ZrO2_x002,ZrO2_x020_cP4baS16e_s01,ZrO2,P_4b,S_16e,0.25,compound_set,4,-0.6272303436944053,-0.16277292007191407,True,0.20581474949124975,2.941850892382622,0.52,0.9228410152485607,1.012250574998073,,,,,,,,,,,,,,,,,,,,,,,,,,,,,,,,0,,,,,,0.2607321485747222,17,,4,25,2,3,18,,,,,,,,,,,,,,,,,,,,,,,,,,,,,,,,,,,1
ZrO2_x002,ZrO2_x020_cP4baS16e_s02,ZrO2,P_4b,S_16e,0.25,compound_set,4,-0.6797714192501356,-0.22189979972340282,True,0.120264783275606,2.898740304793602,0.64,1.7993956498244303,1.2790849086770508,0.9809451241394328,0.10232673587693902,0.8805682115118458,0.140096,,-911.7654728391304,-4.348866910576689,-4.725830710923234,True,20.925912669957146,19.22543337536372,3.6670798931853543,0.9994780035209238,True,OK,25.366115269494358,20.088775103899394,47.679643809629326,0.7919531583954613,0.18672352005111367,,,,,,,,,,,,0,,,-0.6797714192501356,-0.659085607925169,-911.76547283913,0.499879745757134,4,,4,25,2,3,18,,,,,,,,,,,,,,,,,,,,,,,,,,,,,,,,,,,1
ZrO2_x002,ZrO2_x020_cP4baS16e_s03,ZrO2,P_4b,S_16e,0.25,compound_set,4,-0.6608867296434031,-0.2370554528846611,True,0.170752648903979,2.905635129828665,0.56,0.9844416421403265,1.006003188850561,,,,,,,,,,,,,,,,,,,,,,,,,,,,,,,,0,,,,,,0.31856071145537046,13,,4,25,2,3,18,,,,,,,,,,,,,,,,,,,,,,,,,,,,,,,,,,,1
ZrO2_x002,ZrO2_x020_cP4baS16e_s04,ZrO2,P_4b,S_16e,0.25,compound_set,4,-0.6351247826254038,-0.15634547484599048,True,0.16603452281440226,2.909662690747675,0.52,2.521809362307072,1.0133725995511447,,,,,,,,,,,,,,,,,,,,,,,,,,,,,,,,0,,,,,,0.27429641120293463,14,,4,25,2,3,18,,,,,,,,,,,,,,,,,,,,,,,,,,,,,,,,,,,1
ZrO2_x002,ZrO2_x020_cP4baS4a_s00,ZrO2,P_4b,S_4a,0.25,compound_set,4,-0.6017655886730839,-0.054454648231699175,True,0.282531638508531,2.889253753184503,0.28,0.5889586009891464,1.0964915537608315,,,,,,,,,,,,,,,,,,,,,,,,,,,,,,,,0,,,,,,0.2169784850286029,19,,4,25,2,3,18,,,,,,,,,,,,,,,,,,,,,,,,,,,,,,,,,,,1
ZrO2_x002,ZrO2_x020_cP4baS4a_s01,ZrO2,P_4b,S_4a,0.25,compound_set,4,-0.634387731600591,-0.19435590883336643,True,0.20436732556996492,2.9514039280440705,0.44,2.069137281434699,1.0491170967965033,,,,,,,,,,,,,,,,,,,,,,,,,,,,,,,,0,,,,,,0.2730300066163215,16,,4,25,2,3,18,,,,,,,,,,,,,,,,,,,,,,,,,,,,,,,,,,,1
ZrO2_x002,ZrO2_x020_cP4baS4a_s02,ZrO2,P_4b,S_4a,0.25,compound_set,4,-0.6092644383620245,-0.23124567404596807,True,0.1973729518001657,2.7883705561945233,0.48,0.3938015915410343,1.056811637314273,,,,,,,,,,,,,,,,,,,,,,,,,,,,,,,,0,,,,,,0.22986304433412572,18,,4,25,2,3,18,,,,,,,,,,,,,,,,,,,,,,,,,,,,,,,,,,,1
ZrO2_x002,ZrO2_x020_cP4baS4a_s03,ZrO2,P_4b,S_4a,0.25,compound_set,4,-0.6345954544343186,-0.24054394260035114,True,0.21092601193814658,2.8022259932755027,0.52,0.29582366115750025,1.0198232480079743,0.984758218296424,0.11587050398787767,0.8706537872362129,0.137152,,-871.4417834705234,-4.312696131165184,-5.359838940104255,True,20.03784567817235,19.029242688806583,11.315398106896593,0.9994091867140521,True,OK,32.73887801214116,23.56164701921449,57.008827251986574,0.7196840102607271,0.20978018229149994,,,,,,,,,,,,0,,,-0.6345954544343186,-0.6229148285136645,-871.4417834705234,0.5533172098058943,1,,4,25,2,3,18,,,,,,,,,,,,,,,,,,,,,,,,,,,,,,,,,,,1
ZrO2_x002,ZrO2_x020_cP4baS4a_s04,ZrO2,P_4b,S_4a,0.25,compound_set,4,-0.5627839223457647,-0.056566469728352504,True,0.22442505239851154,2.8738180891448675,0.24,0.1504989256647625,1.0028882282010416,,,,,,,,,,,,,,,,,,,,,,,,,,,,,,,,0,,,,,,0.15,20,,4,25,2,3,18,,,,,,,,,,,,,,,,,,,,,,,,,,,,,,,,,,,1
ZrO2_x005,ZrO2_x050_cLi24gaS16e_s00,ZrO2,Li_24g,S_16e,0.25,compound_set,4,-0.746055478350915,-0.13733488464025406,True,0.27804654198607026,3.0471657651122124,0.45,1.7052797751823514,1.071542121479542,,,,,,,,,,,,,,,,,,,,,,,,,,,,,,,,0,,,,,,0.4549128947539709,7,,4,20,2,4,18,,,,,,,,,,,,,,,,,,,,,,,,,,,,,,,,,,,1
ZrO2_x005,ZrO2_x050_cLi24gaS16e_s01,ZrO2,Li_24g,S_16e,0.25,compound_set,4,-0.7674227555564985,-0.11336286897118364,True,0.19974654150781287,3.021606301946556,0.4,0.0670033675905488,1.0244685234832702,0.9997429509997293,0.0838924913713557,0.9158720241094108,0.130624,,-917.7580264545114,-4.4929895463402705,-5.753978914874231,True,13.216708819565843,20.46283789667599,6.334443499287173,0.9986219660449739,True,OK,22.947049881319977,19.570567089252425,45.71544544284177,0.8528576523112814,0.16796425045719143,,,,,,,,,,,,0,,,-0.7674227555564985,-0.8032082465431825,-917.758026454512,0.85,1,,4,20,2,4,18,,,,,,,,,,,,,,,,,,,,,,,,,,,,,,,,,,,1
ZrO2_x005,ZrO2_x050_cLi24gaS16e_s02,ZrO2,Li_24g,S_16e,0.25,compound_set,4,-0.7442845687610693,-0.09982685393955763,True,0.21546666993655378,3.1291541199403436,0.7,2.262291281778393,1.0247796616800493,,,,,,,,,,,,,,,,,,,,,,,,,,,,,,,,0,,,,,,0.4519665691099639,8,,4,20,2,4,18,,,,,,,,,,,,,,,,,,,,,,,,,,,,,,,,,,,1
ZrO2_x005,ZrO2_x050_cLi24gaS16e_s03,ZrO2,Li_24g,S_16e,0.25,compound_set,4,-0.7652140540444106,-0.1932289351283033,True,0.3104295470099387,3.0629034699561593,0.45,1.4374768924366317,1.0158724212883081,,,,,,,,,,,,,,,,,,,,,,,,,,,,,,,,0,,,,,,0.48678770258835147,4,,4,20,2,4,18,,,,,,,,,,,,,,,,,,,,,,,,,,,,,,,,,,,1
ZrO2_x005,ZrO2_x050_cLi24gaS16e_s04,ZrO2,Li_24g,S_16e,0.25,compound_set,4,-0.7490340281518875,-0.1256231519566266,True,0.19474272901448192,3.107773255468996,0.4,2.2461230238176744,1.0403146936586416,,,,,,,,,,,,,,,,,,,,,,,,,,,,,,,,0,,,,,,0.45986841462402894,6,,4,20,2,4,18,,,,,,,,,,,,,,,,,,,,,,,,,,,,,,,,,,,1
ZrO2_x005,ZrO2_x050_cLi24gaS4a_s00,ZrO2,Li_24g,S_4a,0.25,compound_set,4,-0.6873016258998308,-0.10412068588056805,True,0.40466338075727215,3.158496455334198,0.7,0.7523934904497487,1.0198389696209458,,,,,,,,,,,,,,,,,,,,,,,,,,,,,,,,0,,,,,,0.3571620083431569,12,,4,20,2,4,18,,,,,,,,,,,,,,,,,,,,,,,,,,,,,,,,,,,1
ZrO2_x005,ZrO2_x050_cLi24gaS4a_s01,ZrO2,Li_24g,S_4a,0.25,compound_set,4,-0.7391654411350443,-0.13324743538599487,True,0.3379235218636323,2.9853276906791963,0.5,2.3360948719852175,1.034314215707249,0.9741880863730674,0.11151521283008312,0.8655512945846434,0.149056,,-939.7228541472289,-4.454347338132429,-3.274356942894005,True,16.48365640334664,20.988839341577346,4.3513435665770706,0.9995721685605055,True,OK,21.503673519436795,19.10865141586215,44.2259067236362,0.8886226531755224,0.15722208127477097,,,,,,,,,,,,0,,,-0.7391654411350443,-0.764566038335341,-939.7228541472296,0.4857095756685479,5,,4,20,2,4,18,,,,,,,,,,,,,,,,,,,,,,,,,,,,,,,,,,,1
ZrO2_x005,ZrO2_x050_cLi24gaS4a_s02,ZrO2,Li_24g,S_4a,0.25,compound_set,4,-0.7190754935959265,-0.06223340376580434,True,0.2998606802076601,2.9735031115254626,0.55,2.67107878806347,1.050949258920427,,,,,,,,,,,,,,,,,,,,,,,,,,,,,,,,0,,,,,,0.4100253288305944,11,,4,20,2,4,18,,,,,,,,,,,,,,,,,,,,,,,,,,,,,,,,,,,1
ZrO2_x005,ZrO2_x050_cLi24gaS4a_s03,ZrO2,Li_24g,S_4a,0.25,compound_set,4,-0.7304127721998923,-0.16228835084041837,True,0.3783961489359557,2.9938208514495295,0.5,5.654204039231266,1.10804950324592,,,,,,,,,,,,,,,,,,,,,,,,,,,,,,,,0,,,,,,0.4288875648677406,9,,4,20,2,4,18,,,,,,,,,,,,,,,,,,,,,,,,,,,,,,,,,,,1
ZrO2_x005,ZrO2_x050_cLi24gaS4a_s04,ZrO2,Li_24g,S_4a,0.25,compound_set,4,-0.7277931807053739,-0.10546117444612815,True,0.3525929770831523,3.099488753826732,0.45,0.7946773207329783,1.136564196220457,,,,,,,,,,,,,,,,,,,,,,,,,,,,,,,,0,,,,,,0.4245292567748953,10,,4,20,2,4,18,,,,,,,,,,,,,,,,,,,,,,,,,,,,,,,,,,,1
ZrO2_x005,ZrO2_x050_cP4baS16e_s00,ZrO2,P_4b,S_16e,0.25,compound_set,4,-0.6349723780492256,-0.12407880298169878,True,0.16209830960727623,2.888757054860477,0.4,1.2731491509408623,1.1729832399709244,,,,,,,,,,,,,,,,,,,,,,,,,,,,,,,,0,,,,,,0.27009996646485546,15,,4,25,2,3,18,,,,,,,,,,,,,,,,,,,,,,,,,,,,,,,,,,,1
ZrO2_x005,ZrO2_x050_cP4baS16e_s01,ZrO2,P_4b,S_16e,0.25,compound_set,4,-0.6272365371194106,-0.16279521423695523,True,0.20577032996359793,2.941877824396321,0.52,0.9228438201613214,1.01224018216257,,,,,,,,,,,,,,,,,,,,,,,,,,,,,,,,0,,,,,,0.2572295711379783,17,,4,25,2,3,18,,,,,,,,,,,,,,,,,,,,,,,,,,,,,,,,,,,1
ZrO2_x005,ZrO2_x050_cP4baS16e_s02,ZrO2,P_4b,S_16e,0.25,compound_set,4,-0.6799158238420628,-0.22232342985250092,True,0.12131137414970687,2.897685437141307,0.6,1.7862782461440392,1.280890784222177,1.0015611821299093,0.11839651707505514,0.8802271393217366,0.141056,,-910.7763043688918,-4.3478776954968845,-3.815891159736992,True,20.94646109446878,19.39571131799,3.652343713778069,0.9994058060028177,True,OK,25.842571519329525,18.933068337883647,45.65080669283517,0.7326309738070083,0.20558395179642736,,,,,,,,,,,,0,,,-0.6799158238420628,-0.6580963956997965,-910.7763043688922,0.5955536781957628,2,,4,25,2,3,18,,,,,,,,,,,,,,,,,,,,,,,,,,,,,,,,,,,1
ZrO2_x005,ZrO2_x050_cP4baS16e_s03,ZrO2,P_4b,S_16e,0.25,compound_set,4,-0.6609655009645379,-0.23713677769553182,True,0.17050699708274686,2.906264833516172,0.56,0.9857410902053835,1.005922718560801,,,,,,,,,,,,,,,,,,,,,,,,,,,,,,,,0,,,,,,0.3133456550377437,13,,4,25,2,3,18,,,,,,,,,,,,,,,,,,,,,,,,,,,,,,,,,,,1
ZrO2_x005,ZrO2_x050_cP4baS16e_s04,ZrO2,P_4b,S_16e,0.25,compound_set,4,-0.6351597647591007,-0.15652518495745155,True,0.16554636697086417,2.9094178476541823,0.52,2.522146151237796,1.013241198701722,,,,,,,,,,,,,,,,,,,,,,,,,,,,,,,,0,,,,,,0.2704117284383729,14,,4,25,2,3,18,,,,,,,,,,,,,,,,,,,,,,,,,,,,,,,,,,,1
ZrO2_x005,ZrO2_x050_cP4baS4a_s00,ZrO2,P_4b,S_4a,0.25,compound_set,4,-0.60175466973589,-0.05436388346918447,True,0.2811434511597954,2.8873075278672773,0.28,0.5992691128680847,1.0969374701690981,,,,,,,,,,,,,,,,,,,,,,,,,,,,,,,,0,,,,,,0.21483447668496786,19,,4,25,2,3,18,,,,,,,,,,,,,,,,,,,,,,,,,,,,,,,,,,,1
ZrO2_x005,ZrO2_x050_cP4baS4a_s01,ZrO2,P_4b,S_4a,0.25,compound_set,4,-0.634275352139301,-0.19382050188045724,True,0.20392520402949077,2.952332163846007,0.44,2.034012257544724,1.0484423072798663,,,,,,,,,,,,,,,,,,,,,,,,,,,,,,,,0,,,,,,0.26894029952040854,16,,4,25,2,3,18,,,,,,,,,,,,,,,,,,,,,,,,,,,,,,,,,,,1
ZrO2_x005,ZrO2_x050_cP4baS4a_s02,ZrO2,P_4b,S_4a,0.25,compound_set,4,-0.6092640928449549,-0.2312459947876628,True,0.1973706851282148,2.788372807399637,0.48,0.3938528498304809,1.056811625879424,,,,,,,,,,,,,,,,,,,,,,,,,,,,,,,,0,,,,,,0.22732817258271484,18,,4,25,2,3,18,,,,,,,,,,,,,,,,,,,,,,,,,,,,,,,,,,,1
ZrO2_x005,ZrO2_x050_cP4baS4a_s03,ZrO2,P_4b,S_4a,0.25,compound_set,4,-0.6345953571682013,-0.24054321507347654,True,0.21092631530552117,2.8022295151189165,0.52,0.2957174426011432,1.0198228760526835,0.9867720686273951,0.1374355626738307,0.8511544941447692,0.13728,,-880.2951423634554,-4.321549509062017,-1.7923412903035907,True,20.384979074413422,19.680749907445463,6.0614271253987635,0.9998367732203494,True,OK,23.738515224367468,19.239746292161612,45.44241694563874,0.8104865072779324,0.18095156390269707,,,,,,,,,,,,0,,,-0.6345953571682013,-0.6317682092649286,-880.2951423634555,0.5097798717738843,3,,4,25,2,3,18,,,,,,,,,,,,,,,,,,,,,,,,,,,,,,,,,,,1
ZrO2_x005,ZrO2_x050_cP4baS4a_s04,ZrO2,P_4b,S_4a,0.25,compound_set,4,-0.5627854550641911,-0.05655896044970711,True,0.2244400259535188,2.8738202450252714,0.24,0.15049854921890446,1.0028892020446294,,,,,,,,,,,,,,,,,,,,,,,,,,,,,,,,0,,,,,,0.15,20,,4,25,2,3,18,,,,,,,,,,,,,,,,,,,,,,,,,,,,,,,,,,,1
ZrO2_x010,ZrO2_x100_cLi24gaS16e_s00,ZrO2,Li_24g,S_16e,0.25,compound_set,4,-0.7460547585638593,-0.1373303225398548,True,0.2780456648638251,3.047168401713448,0.45,1.7051725961877204,1.071538844962692,,,,,,,,,,,,,,,,,,,,,,,,,,,,,,,,0,,,,,,0.4507820740852805,7,,4,20,2,4,18,,,,,,,,,,,,,,,,,,,,,,,,,,,,,,,,,,,1
ZrO2_x010,ZrO2_x100_cLi24gaS16e_s01,ZrO2,Li_24g,S_16e,0.25,compound_set,4,-0.7672530211262321,-0.11229503756274092,True,0.20036044251297183,3.0222206425074383,0.4,0.050456133922854425,1.024732309881944,0.9920523201884025,0.10680189189693665,0.8860992555315356,0.150464,,-921.0588438385548,-4.496290378004796,-3.4858816510019484,True,24.015629188080183,20.88589508865567,12.363279911236274,0.99199881358016,True,OK,19.57747465010712,12.781113253381923,31.49050340006782,0.6528479020817932,0.23191551376541208,,,,,,,,,,,,0,,,-0.7672530211262321,-0.8065090539450366,-921.0588438385549,0.55,4,,4,20,2,4,18,,,,,,,,,,,,,,,,,,,,,,,,,,,,,,,,,,,1
ZrO2_x010,ZrO2_x100_cLi24gaS16e_s02,ZrO2,Li_24g,S_16e,0.25,compound_set,4,-0.7444161039256048,-0.10020238829325409,True,0.21530692489827832,3.127716500369979,0.7,2.2671252628857927,1.0250063293117635,,,,,,,,,,,,,,,,,,,,,,,,,,,,,,,,0,,,,,,0.4480927049763854,8,,4,20,2,4,18,,,,,,,,,,,,,,,,,,,,,,,,,,,,,,,,,,,1
ZrO2_x010,ZrO2_x100_cLi24gaS16e_s03,ZrO2,Li_24g,S_16e,0.25,compound_set,4,-0.7655296913977545,-0.19570517496271134,True,0.3105817651497411,3.0605386384931195,0.45,1.4932235122653659,1.015545231707938,,,,,,,,,,,,,,,,,,,,,,,,,,,,,,,,0,,,,,,0.482744442200304,5,,4,20,2,4,18,,,,,,,,,,,,,,,,,,,,,,,,,,,,,,,,,,,1
ZrO2_x010,ZrO2_x100_cLi24gaS16e_s04,ZrO2,Li_24g,S_16e,0.25,compound_set,4,-0.7489943796627307,-0.1254130939149733,True,0.1951942542038813,3.1083043624095232,0.4,2.2369745379834933,1.0403823909578092,,,,,,,,,,,,,,,,,,,,,,,,,,,,,,,,0,,,,,,0.4556065965872165,6,,4,20,2,4,18,,,,,,,,,,,,,,,,,,,,,,,,,,,,,,,,,,,1
ZrO2_x010,ZrO2_x100_cLi24gaS4a_s00,ZrO2,Li_24g,S_4a,0.25,compound_set,4,-0.6871952893989142,-0.10379212287667794,True,0.4052671250518574,3.1585963378121513,0.7,0.7400647485671247,1.0196027289474734,,,,,,,,,,,,,,,,,,,,,,,,,,,,,,,,0,,,,,,0.3541815858293951,12,,4,20,2,4,18,,,,,,,,,,,,,,,,,,,,,,,,,,,,,,,,,,,1
ZrO2_x010,ZrO2_x100_cLi24gaS4a_s01,ZrO2,Li_24g,S_4a,0.25,compound_set,4,-0.7391327072119949,-0.13308431276454097,True,0.33757931993095375,2.985302174672691,0.5,2.3360825629302124,1.0340964146102414,0.9730541312393595,0.12434627406375967,0.8520584755573966,0.128448,,-907.1145666369233,-4.421739003236887,-2.2327974418887746,True,16.106044796791302,21.148323025450686,4.048113249794908,0.9992272206979675,True,OK,25.253239996306853,19.268320732660136,46.08416333574481,0.7630039050624008,0.19585313051259717,,,,,,,,,,,,0,,,-0.7391327072119949,-0.7319576791771278,-907.1145666369231,0.7117147513503247,1,,4,20,2,4,18,,,,,,,,,,,,,,,,,,,,,,,,,,,,,,,,,,,1
ZrO2_x010,ZrO2_x100_cLi24gaS4a_s02,ZrO2,Li_24g,S_4a,0.25,compound_set,4,-0.7190752788186434,-0.06223178634899673,True,0.29986318994859473,2.9735063392837775,0.55,2.6709976548524534,1.050948388314046,,,,,,,,,,,,,,,,,,,,,,,,,,,,,,,,0,,,,,,0.40650320182814137,11,,4,20,2,4,18,,,,,,,,,,,,,,,,,,,,,,,,,,,,,,,,,,,1
ZrO2_x010,ZrO2_x100_cLi24gaS4a_s03,ZrO2,Li_24g,S_4a,0.25,compound_set,4,-0.7303927090131412,-0.16226885109927244,True,0.3782728405133868,2.9938900844065564,0.5,5.657555771005001,1.1081436723781275,,,,,,,,,,,,,,,,,,,,,,,,,,,,,,,,0,,,,,,0.4250774312274358,9,,4,20,2,4,18,,,,,,,,,,,,,,,,,,,,,,,,,,,,,,,,,,,1
ZrO2_x010,ZrO2_x100_cLi24gaS4a_s04,ZrO2,Li_24g,S_4a,0.25,compound_set,4,-0.7274648973319526,-0.10445657775650753,True,0.35223101578804744,3.0976685577324368,0.45,0.8150999582480639,1.1341035591725592,,,,,,,,,,,,,,,,,,,,,,,,,,,,,,,,0,,,,,,0.42027229040750214,10,,4,20,2,4,18,,,,,,,,,,,,,,,,,,,,,,,,,,,,,,,,,,,1
ZrO2_x010,ZrO2_x100_cP4baS16e_s00,ZrO2,P_4b,S_16e,0.25,compound_set,4,-0.6349745748424112,-0.12408078851552898,True,0.16209768326314847,2.888760317962437,0.4,1.273027344434926,1.1729710787913703,,,,,,,,,,,,,,,,,,,,,,,,,,,,,,,,0,,,,,,0.26847665857133896,15,,4,25,2,3,18,,,,,,,,,,,,,,,,,,,,,,,,,,,,,,,,,,,1
ZrO2_x010,ZrO2_x100_cP4baS16e_s01,ZrO2,P_4b,S_16e,0.25,compound_set,4,-0.6272377488104106,-0.1627974984499616,True,0.20575616163711624,2.941868921588416,0.52,0.9229852684269207,1.0122372764090348,,,,,,,,,,,,,,,,,,,,,,,,,,,,,,,,0,,,,,,0.25577893664408763,17,,4,25,2,3,18,,,,,,,,,,,,,,,,,,,,,,,,,,,,,,,,,,,1
ZrO2_x010,ZrO2_x100_cP4baS16e_s02,ZrO2,P_4b,S_16e,0.25,compound_set,4,-0.6799159660135499,-0.22232491327456902,True,0.12131251884342041,2.897683467633354,0.6,1.78623088824211,1.2808923935679144,0.9923577582988615,0.12352547914563974,0.8697762907211017,0.138112,,-930.8367140843438,-4.367938130017428,-2.8493969495948135,True,19.87819721791916,19.5027616506014,6.461189841169092,0.9998830706990494,True,OK,20.3049090083326,20.253062591517224,45.59849855507632,0.9974466067888262,0.12571860055808926,,,,,,,,,,,,0,,,-0.6799159660135499,-0.6781568059576686,-930.8367140843443,0.613962884401572,3,,4,25,2,3,18,,,,,,,,,,,,,,,,,,,,,,,,,,,,,,,,,,,1
ZrO2_x010,ZrO2_x100_cP4baS16e_s03,ZrO2,P_4b,S_16e,0.25,compound_set,4,-0.6610633516900566,-0.23745301409124184,True,0.17155134327515054,2.906028686983386,0.56,0.98755663569083,1.0060238202956122,,,,,,,,,,,,,,,,,,,,,,,,,,,,,,,,0,,,,,,0.3112937042775944,13,,4,25,2,3,18,,,,,,,,,,,,,,,,,,,,,,,,,,,,,,,,,,,1
ZrO2_x010,ZrO2_x100_cP4baS16e_s04,ZrO2,P_4b,S_16e,0.25,compound_set,4,-0.6351251072881943,-0.15634325119222042,True,0.1660272886874505,2.9096578179173633,0.52,2.521757277628743,1.013373195674695,,,,,,,,,,,,,,,,,,,,,,,,,,,,,,,,0,,,,,,0.26872371325883965,14,,4,25,2,3,18,,,,,,,,,,,,,,,,,,,,,,,,,,,,,,,,,,,1
ZrO2_x010,ZrO2_x100_cP4baS4a_s00,ZrO2,P_4b,S_4a,0.25,compound_set,4,-0.6018533380292088,-0.054620440425991415,True,0.28252545560027964,2.8887615567203695,0.28,0.5975241341867968,1.0969432229793006,,,,,,,,,,,,,,,,,,,,,,,,,,,,,,,,0,,,,,,0.21411790044479279,19,,4,25,2,3,18,,,,,,,,,,,,,,,,,,,,,,,,,,,,,,,,,,,1
ZrO2_x010,ZrO2_x100_cP4baS4a_s01,ZrO2,P_4b,S_4a,0.25,compound_set,4,-0.6343857644429991,-0.19434881976599097,True,0.20436499296103472,2.95141902367686,0.44,2.0685320229476383,1.0491067859549579,,,,,,,,,,,,,,,,,,,,,,,,,,,,,,,,0,,,,,,0.267510299668,16,,4,25,2,3,18,,,,,,,,,,,,,,,,,,,,,,,,,,,,,,,,,,,1
ZrO2_x010,ZrO2_x100_cP4baS4a_s02,ZrO2,P_4b,S_4a,0.25,compound_set,4,-0.6092646347984974,-0.2312454507055041,True,0.1973733512638795,2.78837117566717,0.48,0.3938029963520828,1.0568112122281836,,,,,,,,,,,,,,,,,,,,,,,,,,,,,,,,0,,,,,,0.22628136193501175,18,,4,25,2,3,18,,,,,,,,,,,,,,,,,,,,,,,,,,,,,,,,,,,1
ZrO2_x010,ZrO2_x100_cP4baS4a_s03,ZrO2,P_4b,S_4a,0.25,compound_set,4,-0.6345931295533069,-0.2405445518156414,True,0.21094885181601714,2.8022559869748846,0.52,0.2958316136317501,1.019825362812857,0.9982723471679437,0.1215039736557645,0.8769782901963716,0.13344,,-921.1180638461275,-4.362372469552695,-5.034411037160604,True,18.74483527957482,19.144416052056858,7.232135883712371,0.9999315809281809,True,OK,24.879949090541547,19.77665624537316,46.90260325406969,0.7948833083782928,0.18580721311376297,,,,,,,,,,,,0,,,-0.6345931295533069,-0.6725911454929361,-921.1180638461278,0.6302131836013146,2,,4,25,2,3,18,,,,,,,,,,,,,,,,,,,,,,,,,,,,,,,,,,,1
ZrO2_x010,ZrO2_x100_cP4baS4a_s04,ZrO2,P_4b,S_4a,0.25,compound_set,4,-0.5627857758223338,-0.056569605811456196,True,0.22441435994726391,2.873820482410965,0.24,0.15049905631131788,1.0028943719702392,,,,,,,,,,,,,,,,,,,,,,,,,,,,,,,,0,,,,,,0.15,20,,4,25,2,3,18,,,,,,,,,,,,,,,,,,,,,,,,,,,,,,,,,,,1
